pygame 2.2.0 (SDL 2.30.7, Python 3.8.10)
Hello from the pygame community. https://www.pygame.org/contribute.html
LEVEL:0:__________\n_bW12..Fr_\n_........_\n_w.w.w..S_\n_.s...s.1_\n_..w.www4_\n_B.3s1..._\n_1.w.w..._\n_2.....Rf_\n__________
BATCH:0:0:0
TRAINING ON LEVEL:15
of 184 levels
---LEVEL STRING---
__________
_bW12..Fr_
_........_
_w.w.w..S_
_.s...s.1_
_..w.www4_
_B.3s1..._
_1.w.w..._
_2.....Rf_
__________
---LEVEL STRING---
TRACK:0;-1;-1;6;2;6;1;0;0;5;3;1;0;18;13;2;14;20;0.9260321113235985;4;3;3;4;23;-5.513858591616108;6;4;6;0;3;10;4;15;6;2;1;2;3;6;25;2;5;7;-2.379069458019969;5;18;0;1;4;14;1;8;11;0;1;9;17;6;22;1.126340150140912;3;6;0;1;19;11;3;13;6;5;3;3;1;0;2;0;21;-5.3322436313164;18;3;22;1.3724021080378144;1;4;11;6;25;3;5;4;19
TRACK:1;-1;-1;6;5;2;4;4;1;2;6;4;2;10;23;4.193452352411374;0;2;3;23;5.242144235594161;0;19;12;5;5;14;1;1;4;2;18;10;6;1;18;22;7.975038848414016;1;0;6;14;6;16;4;1;21;4.0062670638399815;25;4;6;6;4;4;6;6;15
TRACK:2;-1;-1;2;6;2;4;4;1;2;0;1;0;22;-5.789785921095543;10;0;15;13;0;4;18;6;7;4.333652768890099;6;5;4;24;3;6;2;6;11;5;7;5.231123320582924;5;0;2;2;0;5;2;18;10;4;3;17;5;4;3;24;0;4;6;1;9;9;1;5;3;24;3;5;13;1;2;0;6;0;22;2.6306274634193283;14;3;0;20;-9.073195778695258;9;6;1;5;9;6;15;2;4;5;3;10;1;1;3;7;9.57648719297065;1;25;23;1.1975552395665456;4;1;18;17;5;4;0;4;6;4;1;3;5;12;1;3;12;0;22;9.975571745309281;7;6.7544154958973515;6;0;6;1;3;1;9;20;7.090181604672473;2;5;15;1;11;25;5;6;1;5;22;-1.9601506334102368;6;9
TRACK:3;-1;-1;6;0;1;6;2;2;1;1;1;3;15;6;12;3;3;7;-3.0335167267249297;2;1;2;7;-3.595269038911521;10;3;20;0.7609844038374796;0;0;18;21;0.626473408888323;0;21;6.086471546071881;20;1.050971095211171;5;3;6;0;14;8;0;4;5;2;4;25;1;13;7;-6.442187979743046;2;0;4;4;22;-9.647482984770173;3;0;11;20;-7.226664715796607;1;6;0;24;13;0;2;23;2.9414265023007005;18;1;21;-7.538255335100117;13;2;6;3;5;6;0;0;14;20;-3.6040919631723582;4;15;1;6;5;1;2;1;14;14;0;13;7;7.719040021490816;1;6;20;0.17764961694075154;4;10;6;2;2;3;5;7;-2.8218881273205954;2;6;13;4;23;-0.4379791843875225;0;5;3;11;0;5;8;5;9;1;5;3;6;5;0;3;3;14;2;5;25;6;14;2;3;1;5;3;2;2;25;12;4;20;5.263014705982032;1;4;5;5;12;3;4;3;13;4;4;6;4;0;6;25;6;24
TRACK:4;-1;-1;5;6;2;0;0;5;3;1;0;1;12;9;0;20;8.177736591921139;16;2;3;9;6;19;4;1;3;6;6;18;2;4;6;22;5.757959851593313;2;1;24;7;-4.408130635520466;1;13;25;3;0;0;6;1;2;9;7;2.8123728492647775;1;12;12;5;0;2;25;11;0;22;-6.290780137780773;9;2;2;2;2;20;-3.2537135034092373;7;1.9541073453552649;0;25;19;5;2;25;23;-6.291775169911531;4;3;6;11;2;3;0;1;6;0;2;17;15;4;20;0.6301601931222418;0;6;4;9;4;3;9;3;3;0;1;8;10;6;21;0.7758809961426376;1;3;3;5;5;5;19;6;3;0;4;4;21;6.41285185569393;1;1;17;22;-0.821816339386995;1;9;22;4.055142013960339
TRACK:5;-1;-1;2;0;4;3;4;5;0;5;6;3;21;3.0248832860370207;2;3;0;8;17;1;5;19;1;19;9;4;3;4;0;1;2;0;5;16;3;23;3.884453199655285;4;3;14;4;1;1;8;12;5;20;-3.713152005278557;4;2;2;6;8;6;14;0;0;25;19;0;25;18;5;2;0;3;2;3;2;6;4;7;-3.298467118319599;3;1;8;23;2.3245735257808757;4;6;6;0;14;13;1;3;2;5;5;0;12;13;0;1;2;15;21;3.5645269928177576;1;14;10;6;6;9;4;4;1;3;3;19;1;0;25;18;4;10;5;4;0;4;0;4;6;20;-1.7277405279260787;5;0;18;12;0;1;2;0;15;23;-6.127927566927822;5;14;1;0;10;8;0;15;22;9.409430612727668;1;2;3;14;2;23;1.9567356930984463;10;5;0;25;9
TRACK:6;-1;-1;4;1;1;6;3;4;3;1;5;1;20;-2.8288215989097365;22;-6.7262341851942615;3;4;23;0.207961936953577;6;1;4;5;3;3;0;23;0.3312167606232457;7;-5.197212080035472;1;4;0;1;2;22;-1.3639511298087275;22;-3.319009015518315;6;15;4;6;10;4;0;0;1;7;0.11709648364492864;15;1;10;13;1;1;18;21;5.492917680474182;5;11;5;4;1;5;3;2;1;3;20;0.6015047274601422;1;18;25;5;2;7;1.6067199731462356;12;4;5;6;5;3;15
TRACK:7;-1;-1;3;0;5;0;5;1;6;4;3;0;10;25;0;5;0;4;25;4;24;3;2;6;12;3;7;0.9233269153032495;6;2;5;3;0;3;7;-1.9760298505980227;4;24;1;6;2;6;17;6;9;2;5;1;13;13;3;4;12;4;3;2;2;2;2;1;2;10;11;6;9;4;3;24;6;3;3;8;6;2;6;4;14;5;2;17;21;6.290849341883604;6;1;3;2;0;21;-9.085222913684943;11;2;13;19;1;1;5;24;5;20;-8.496412206106028;3;1;14;15
TRACK:8;-1;-1;4;6;0;2;5;5;2;3;4;1;18;20;3.8189377180198427;6;3;3;10;2;1;1;5;0;1;21;-2.7306061201073417;25;4;13;5;5;3;19;0;3;6;1;17;16;4;6;4;12;6;0;2;4;3;16;5;2;22;-6.2578959691088665;11;1;3;6;21;-1.2492495223579354;5;2;14;19;5;6;2;0;4;4;3;12;0;2;3;8;4;15;1;2;18;24;1;11;17;0;5;2;3;12;3;12;3;2;1;16;7;3.8653710883912886;4;10
TRACK:9;-1;-1;1;1;4;0;1;5;6;2;0;0;25;11;2;14;18;3;6;11;5;5;0;6;2;9;10;4;3;18;4;6;6;2;3;6;15;5;6;10;5;6;1;2;0;4;1;6;21;-5.314513552904234;6;13;2;2;5;8;5;7;7.84088501565822;0;3;15;5;16;0;3;5;0;22;-9.133900349871327;12;2;3;3;11;6;3;9;3;2;2;3;6;21;5.182682556689793;1;2;13;13;6;11;5;0;5;10;3;25;6;2;5;4;1;5;2;5;3;15;5;3;22;0.4240704962298594;2;4;0;5;16;2;10;25;1;2;2;25;12;5;14;3;4;10;4;2;6;3;0;1;0;9;12;1;15;22;-8.081959566946999;3;0;17;24;3;6;4;6;6;10
EVAL_INSTANCE:0:0:0
EVAL_INSTANCE:0:1:1
EVAL_INSTANCE:0:2:2
EVAL_INSTANCE:0:3:3
EVAL_INSTANCE:0:4:4
EVAL_INSTANCE:0:5:5
EVAL_INSTANCE:0:6:6
EVAL_INSTANCE:0:7:7
EVAL_INSTANCE:0:8:8
EVAL_INSTANCE:0:9:9
RUN_RESULT:0:0:0:2000:----
RUN_RESULT:0:1:0:2000:----
RUN_RESULT:0:2:0:2000:----
RUN_RESULT:0:3:0:2000:----
RUN_RESULT:0:4:0:2000:----
RUN_RESULT:0:5:0:2000:----
RUN_RESULT:0:6:0:2000:----
RUN_RESULT:0:7:0:953:UUUURLDLL
RUN_RESULT:0:8:0:2000:----
RUN_RESULT:0:9:0:2000:----
=================================================
n_gen  |  n_eval  |     f_avg     |     f_min    
=================================================
     1 |       10 | -3.047000E+02 | -3.047000E+03
TRACK:10;7;4;3;0;5;0;5;1;6;4;3;0;10;25;0;5;0;4;25;4;24;3;2;6;12;3;7;0.9233269153032495;6;2;5;3;0;3;7;-1.9760298505980227;4;9;1;6;2;6;17;6;9;2;5;1;13;13;3;4;12;4;3;2;2;2;2;1;2;10;11;6;9;4;3;24;6;3;3;8;6;2;6;4;14;5;2;17;21;6.290849341883604;6;1;3;2;0;21;-9.085222913684943;11;2;13;19;1;1;5;24;5;20;-8.496412206106028;3;1;14;15
TRACK:11;7;4;5;6;2;0;0;5;3;1;0;1;12;9;0;20;8.177736591921139;16;2;5;20;-8.496412206106028;6;19;4;1;3;6;6;18;2;4;6;22;5.757959851593313;2;1;24;7;-4.408130635520466;1;13;25;3;0;0;6;1;2;9;7;2.8123728492647775;1;12;12;5;0;2;25;11;0;22;-6.290780137780773;9;2;2;2;2;20;-3.2537135034092373;7;1.9541073453552649;0;25;19;5;2;25;23;-6.291775169911531;4;3;6;11;2;3;0;1;6;0;2;17;15;4;20;0.6301601931222418;0;6;4;9;4;3;9;3;3;0;1;8;10;6;21;0.7758809961426376;1;3;3;5;5;5;19;6;3;0;4;4;21;6.41285185569393;1;1;17;22;-0.821816339386995;1;9;22;4.055142013960339
TRACK:12;8;1;4;6;0;2;5;5;2;3;4;1;18;20;3.8189377180198427;6;3;3;10;2;1;1;5;0;1;21;-2.7306061201073417;25;4;13;5;5;3;19;0;3;6;1;17;16;4;6;4;12;6;0;2;4;3;16;5;2;22;-6.2578959691088665;11;1;3;6;21;-1.2492495223579354;5;2;14;19;5;6;2;0;4;4;3;12;0;2;3;8;4;15;1;2;18;24;1;11;17;12
TRACK:13;8;1;6;5;2;4;4;1;2;6;4;2;10;23;4.193452352411374;0;2;3;23;5.242144235594161;0;19;12;5;5;14;1;1;4;2;18;10;6;1;18;22;7.975038848414016;22;-6.2578959691088665;4;6;6;4;4;6;6;15
TRACK:14;9;4;1;1;4;0;1;6;6;18;5;5;0;6;2;9;10;4;3;18;4;6;6;2;3;6;15;5;6;10;5;6;1;2;0;4;1;6;21;-5.314513552904234;6;13;2;2;5;8;5;7;7.84088501565822;0;3;15;5;16;0;3;5;0;22;-9.133900349871327;12;2;3;3;11;6;3;9;3;2;2;3;6;21;5.182682556689793;1;2;13;13;6;11;5;0;5;10;3;25;6;2;5;4;1;5;2;5;3;15;5;3;22;0.4240704962298594;2;4;0;5;16;2;10;25;1;2;2;25;12;5;14;3;4;10;4;2;6;3;0;1;0;9;12;1;15;22;-8.081959566946999;3;0;17;24;3;6;4;6;6;10
TRACK:15;9;4;5;6;2;0;0;5;3;1;0;1;12;9;0;20;8.177736591921139;16;2;3;9;6;19;4;1;3;6;6;18;2;4;6;22;5.757959851593313;2;1;24;7;-4.408130635520466;1;13;25;3;0;0;6;1;2;9;7;2.8123728492647775;1;12;12;5;0;2;25;11;0;22;-6.290780137780773;9;2;2;2;2;20;-3.2537135034092373;7;1.9541073453552649;0;25;19;5;2;25;23;-6.291775169911531;4;3;6;11;2;3;0;1;6;0;2;17;15;4;20;0.6301601931222418;0;6;4;9;4;3;9;3;0;3;15;5;16;1;3;3;5;5;5;19;6;3;0;4;4;21;6.41285185569393;1;1;17;22;-0.821816339386995;1;9;22;4.055142013960339
TRACK:16;7;2;3;0;5;0;5;1;6;4;3;0;10;25;0;5;0;4;25;4;24;3;2;6;12;3;7;0.9233269153032495;6;2;5;3;0;3;7;-1.9760298505980227;4;24;1;6;2;6;17;6;9;2;5;1;13;13;3;4;12;4;3;4;6;1;9;9
TRACK:17;7;2;2;6;2;4;4;1;2;0;1;0;22;-5.789785921095543;10;0;15;13;0;4;18;6;7;4.333652768890099;6;5;4;24;3;6;2;6;11;5;7;5.231123320582924;5;0;2;2;0;5;2;18;10;4;3;17;5;4;3;24;0;4;6;1;9;9;1;5;3;24;3;5;13;1;2;0;6;0;22;2.6306274634193283;14;3;0;20;-9.073195778695258;9;6;1;5;9;6;15;2;4;5;3;10;1;1;3;7;9.57648719297065;1;25;23;1.1975552395665456;4;1;18;17;5;4;0;4;6;4;3;0;10;25;6;0;6;1;3;1;9;20;7.090181604672473;2;5;15;1;11;25;5;6;1;5;22;-1.9601506334102368;6;9
TRACK:18;6;0;4;1;1;6;3;4;3;1;5;1;20;-2.8288215989097365;22;-6.7262341851942615;3;4;23;0.207961936953577;6;1;4;5;3;3;0;23;0.3312167606232457;7;-5.197212080035472;1;4;0;1;2;22;-1.3639511298087275;22;-3.319009015518315;6;15;4;6;10;4;0;0;1;7;0.11709648364492864;15;1;10;13;1;1;18;21;5.492917680474182;5;11;13
TRACK:19;6;0;6;2;6;1;0;0;5;3;1;0;18;13;2;14;20;0.9260321113235985;4;3;3;4;23;-5.513858591616108;6;4;6;0;3;10;4;15;6;2;1;2;3;6;25;2;5;7;-2.379069458019969;5;18;0;1;4;14;1;8;11;0;1;9;17;6;22;1.126340150140912;3;6;0;1;19;11;3;13;6;5;3;3;1;0;2;0;21;-5.3322436313164;18;3;22;1.3724021080378144;1;4;11;6;15;3;5;4;19
TRACK:20;10;-1;3;0;5;0;5;1;6;4;3;0;10;25;0;5;0;4;25;4;24;3;2;6;12;3;7;0.9783374010594066;6;2;5;3;0;3;7;-2.0632487971710693;4;9;1;6;2;6;17;6;9;2;5;1;13;13;3;3;20;-1.0236493174277577;4;3;2;2;2;2;1;2;10;11;6;9;4;3;24;6;3;3;8;6;2;6;4;14;5;2;17;21;6.132095120371639;6;1;3;2;0;21;-9.139969661975096;11;2;13;19;1;1;5;24;5;20;-8.533550472583112;3;1;14;15
TRACK:21;12;-1;4;6;0;2;5;5;2;3;4;1;18;20;3.820608072998815;6;3;3;10;2;1;1;5;0;1;21;-2.793675056459118;25;4;13;5;5;3;19;0;3;6;1;17;16;4;6;4;12;6;0;2;4;3;16;5;2;22;-6.218663379124304;11;1;3;6;21;-1.089633058211265;5;2;14;19;5;6;2;0;4;4;3;12;0;2;3;8;4;15;1;2;21;-1.097311174182586;24;1;11;17;12
TRACK:22;14;-1;1;1;1;2;4;6;5;22;-1.893686184771342;3;1;2;22;2.038595520750949;14;6;21;-0.09441505000167894;0;2;0;6;25;5;7;-7.781853464898417;5;3;25;2;4;4;20;9.995631920812357;2;5;25;3;16;5;6;1;2;0;4;1;6;21;-5.30898024839776;6;13;2;2;5;8;5;7;7.737419859573275;0;3;15;5;16;0;3;5;0;22;-9.001212203554902;12;2;3;3;11;6;3;9;3;2;2;3;6;21;5.334559133208138;1;2;13;13;6;11;5;0;5;10;3;25;6;2;5;4;1;5;2;5;3;15;5;3;22;0.290016171832342;2;4;0;5;16;2;10;25;1;2;2;25;12;5;14;3;4;10;4;2;6;3;0;1;0;9;12;1;15;22;-8.066881185203648;3;0;17;24;3;6;4;6;6;10
TRACK:23;16;-1;3;0;5;0;5;1;6;4;3;0;10;25;0;5;0;4;25;4;24;3;2;6;12;3;7;0.7073055692129655;6;2;5;3;0;3;7;-1.8695839418271463;4;24;1;6;2;6;18;6;9;2;5;1;13;13;3;4;12;4;3;4;6;1;9;9
TRACK:24;18;-1;4;1;1;6;3;4;3;1;5;1;20;-2.9405480196841;22;-6.601711985855635;3;4;23;0.13612149648089616;6;3;0;1;2;18;24;6;9;2;0;14;11;1;11;23;-1.525364042525581;13
TRACK:25;11;-1;5;6;2;0;0;5;3;1;0;1;12;9;0;20;8.143892376703661;16;2;5;20;-8.425124797297395;6;19;4;1;3;6;6;18;2;4;6;22;5.897708370694232;2;1;24;7;-4.342226932118781;1;13;25;6;5;7;-3.505684286950192;2;3;0;1;6;0;2;17;15;4;20;0.7065322092576987;0;6;4;9;4;3;9;3;3;0;1;8;10;6;21;0.8832717094961668;1;3;3;5;5;5;19;6;3;0;4;4;21;6.329058123183983;1;1;17;22;-0.6836619684164028;1;9;22;4.256588162324028
TRACK:26;13;-1;6;5;2;4;4;1;2;6;4;2;10;23;4.012517733395303;5;5;5;9;1;1;4;2;18;10;6;1;18;22;7.8583810361161515;22;-6.230555213406098;4;6;6;4;4;6;6;15
TRACK:27;15;-1;5;6;2;0;0;5;3;1;0;1;12;9;0;20;8.17650914128395;16;2;3;9;6;19;4;1;3;6;6;18;2;4;6;22;5.773468946617454;2;1;24;7;-4.503632273523992;1;13;25;3;0;0;6;1;2;9;7;2.8901041627867645;1;12;12;1;14;7;-5.360859272348206;2;2;2;2;20;-3.11485225618236;7;1.9893049395973192;0;25;19;5;2;25;23;-6.256301936753502;4;3;6;11;2;3;0;1;6;0;2;17;15;4;20;0.551508159901929;0;6;4;9;4;3;9;3;0;3;15;5;16;1;3;3;5;5;5;19;6;3;0;4;4;21;6.538117627216413;1;1;17;22;-0.851666659552328;1;9;22;4.130766675768127
TRACK:28;17;-1;2;6;2;4;4;1;2;0;1;0;22;-5.7152533567212895;10;0;15;13;0;4;18;6;7;4.187155700714919;6;5;4;24;3;6;2;6;11;5;7;5.309430412319344;5;0;2;2;0;5;2;18;10;4;6;23;-9.469546906785148;5;4;3;24;0;4;6;1;9;9;1;5;3;24;3;5;13;1;2;0;6;0;22;2.6488582346979967;14;3;0;20;-9.057302138676858;9;6;1;5;9;6;15;2;4;5;3;10;1;1;3;7;9.549659293236717;1;25;23;1.0873919350623025;4;1;18;17;5;4;0;4;6;4;3;0;10;25;6;0;6;1;3;1;9;20;7.0829738682710675;2;5;15;1;11;25;5;6;1;5;22;-2.065132259541158;6;9
TRACK:29;19;-1;6;2;6;1;0;0;5;3;1;0;18;13;2;14;20;1.0272056716485283;4;3;3;4;23;-5.590829134247521;6;4;6;0;3;10;4;15;6;2;1;6;9;0;1;4;14;1;8;11;0;1;9;17;6;22;1.0276879637848972;3;6;0;1;19;11;3;13;6;5;3;3;1;0;2;0;21;-5.480800914010533;18;3;22;1.2964427469911928;1;4;11;6;15;3;5;4;19
EVAL_INSTANCE:1:0:20
EVAL_INSTANCE:1:1:21
EVAL_INSTANCE:1:2:22
EVAL_INSTANCE:1:3:23
EVAL_INSTANCE:1:4:24
EVAL_INSTANCE:1:5:25
EVAL_INSTANCE:1:6:26
EVAL_INSTANCE:1:7:27
EVAL_INSTANCE:1:8:28
EVAL_INSTANCE:1:9:29
RUN_RESULT:1:0:0:2000:----
RUN_RESULT:1:1:0:2000:----
RUN_RESULT:1:2:0:2000:----
RUN_RESULT:1:3:0:2000:----
RUN_RESULT:1:4:0:2000:----
RUN_RESULT:1:5:0:2000:----
RUN_RESULT:1:6:0:2000:----
RUN_RESULT:1:7:0:2000:----
RUN_RESULT:1:8:0:2000:----
RUN_RESULT:1:9:0:2000:----
     2 |       20 | -3.047000E+02 | -3.047000E+03
TRACK:30;6;5;4;1;1;6;3;4;3;1;5;1;20;-2.8288215989097365;22;-6.7262341851942615;3;4;23;0.207961936953577;6;1;4;5;3;3;0;23;0.3312167606232457;7;-5.197212080035472;1;4;0;1;2;22;-1.3639511298087275;22;-3.319009015518315;6;15;4;6;10;4;3;14;5;4;1;5;3;2;1;3;20;0.6015047274601422;1;18;25;5;2;7;1.6067199731462356;12;4;5;6;5;3;15
TRACK:31;6;5;2;0;4;3;4;5;0;5;6;3;21;3.0248832860370207;2;3;0;8;17;1;5;19;22;-6.7262341851942615;4;3;4;0;1;2;0;5;16;3;23;3.884453199655285;4;3;14;4;1;1;8;12;5;20;-3.713152005278557;4;2;2;6;8;6;14;0;0;25;19;0;25;18;5;2;0;3;2;3;2;6;4;7;-3.298467118319599;3;1;8;23;2.3245735257808757;4;6;6;0;14;13;1;3;2;5;5;0;12;13;0;1;2;15;21;3.5645269928177576;1;14;10;6;6;9;4;4;1;3;3;19;1;0;25;18;4;10;5;4;0;4;0;4;6;20;-1.7277405279260787;5;0;18;12;0;1;2;0;15;23;-6.127927566927822;5;14;1;0;10;8;0;15;22;9.409430612727668;1;2;3;14;2;23;1.9567356930984463;10;5;0;25;9
TRACK:32;3;1;6;0;1;6;2;2;1;1;1;3;15;6;12;3;3;7;-3.0335167267249297;2;1;2;7;-3.595269038911521;10;3;20;0.7609844038374796;0;0;18;21;0.626473408888323;0;21;6.086471546071881;20;1.050971095211171;5;3;6;0;14;8;4;2;18;10;2;6;3;5;6;0;0;14;20;-3.6040919631723582;4;15;1;6;5;1;2;1;14;14;0;13;7;7.719040021490816;1;6;20;0.17764961694075154;4;10;6;2;2;3;5;7;-2.8218881273205954;2;6;13;4;23;-0.4379791843875225;0;5;3;11;0;5;8;5;9;1;5;3;6;5;0;3;3;14;2;5;25;6;14;2;3;1;5;3;2;2;25;12;4;20;5.263014705982032;1;4;5;5;12;3;4;3;13;4;4;6;4;0;6;25;6;24
TRACK:33;3;1;6;5;2;4;4;1;2;6;4;2;10;23;4.193452352411374;0;2;3;23;5.242144235594161;0;19;12;5;5;14;1;1;4;2;18;10;6;1;18;22;7.975038848414016;1;0;6;14;6;16;0;18;21;0.626473408888323;4;6;6;4;4;6;6;15
TRACK:34;7;8;3;0;5;0;5;1;6;4;3;0;10;25;0;5;0;4;25;4;24;3;2;6;12;3;7;0.9233269153032495;6;2;5;3;0;3;7;-1.9760298505980227;4;24;1;6;2;6;17;6;9;2;5;1;19;13;3;4;12;4;3;2;2;2;2;1;2;10;11;6;9;4;3;24;6;3;3;8;6;2;6;4;14;5;2;17;21;6.290849341883604;6;1;3;2;0;21;-9.085222913684943;11;2;13;19;1;1;5;24;5;20;-8.496412206106028;3;1;14;15
TRACK:35;7;8;4;6;0;2;5;5;2;3;4;1;18;20;3.8189377180198427;6;3;3;10;2;1;1;5;0;1;21;-2.7306061201073417;25;4;13;5;5;3;19;0;3;6;1;17;16;4;6;4;12;6;0;2;4;3;16;5;2;10;11;1;3;6;21;-1.2492495223579354;5;2;14;19;5;6;2;0;4;4;3;12;0;2;3;8;4;15;1;2;18;24;1;11;17;0;5;2;3;12;3;12;3;2;1;16;7;3.8653710883912886;4;10
TRACK:36;6;4;4;1;1;6;3;4;3;1;5;1;20;-2.8288215989097365;22;-6.7262341851942615;3;4;23;0.207961936953577;6;1;4;5;3;3;0;23;0.3312167606232457;7;-5.197212080035472;1;4;0;1;2;22;-1.3639511298087275;22;-3.319009015518315;6;15;4;6;10;4;0;0;1;7;0.11709648364492864;15;1;10;13;1;1;18;21;5.492917680474182;5;11;5;4;1;5;3;2;20;-3.2537135034092373;7;1.9541073453552649;4;5;6;5;3;15
TRACK:37;6;4;5;6;2;0;0;5;3;1;0;1;12;9;0;20;8.177736591921139;16;2;3;9;6;19;4;1;2;22;-1.3639511298087275;22;-3.319009015518315;6;15;3;0;0;6;1;2;9;7;2.8123728492647775;1;12;12;5;0;2;25;11;0;22;-6.290780137780773;9;2;2;2;2;20;-3.2537135034092373;7;1.9541073453552649;0;25;19;5;2;25;23;-6.291775169911531;4;3;6;11;2;3;0;1;6;0;2;17;15;4;20;0.6301601931222418;0;6;4;9;4;3;9;3;3;0;1;8;10;6;21;0.7758809961426376;1;3;3;5;5;5;19;6;3;0;4;4;21;6.41285185569393;1;1;17;22;-0.821816339386995;1;9;22;4.055142013960339
TRACK:38;7;1;3;0;5;0;5;1;6;4;3;0;10;25;0;5;0;4;25;4;24;3;19;6;2;5;3;0;3;7;-1.9760298505980227;4;24;1;6;2;6;17;6;9;2;5;1;13;13;3;4;12;4;3;2;2;2;2;1;2;10;11;6;9;4;3;24;6;3;3;8;6;2;6;4;14;5;2;17;21;6.290849341883604;6;1;3;2;0;21;-9.085222913684943;11;2;13;19;1;1;5;24;5;20;-8.496412206106028;3;1;14;15
TRACK:39;7;1;6;5;2;4;4;1;2;6;4;2;10;23;4.193452352411374;0;2;3;23;5.242144235594161;0;19;12;5;5;9;1;1;4;2;18;10;6;1;18;22;7.975038848414016;1;0;6;14;6;16;4;1;21;4.0062670638399815;25;4;6;6;4;4;6;6;15
TRACK:40;30;-1;4;2;5;3;6;1;20;-8.12386288424544;17;5;0;1;3;17;6;19;6;4;22;-1.8103747665786294
TRACK:41;32;-1;6;0;1;6;2;2;1;1;1;3;15;6;12;3;3;7;-3.1150274676655463;2;1;2;7;-3.504150724910452;10;3;20;0.8006338038953564;0;0;18;21;0.6107782885605574;0;21;6.037884137790564;20;1.1008297035709997;5;3;6;0;14;8;4;2;18;10;2;6;3;5;6;0;0;14;20;-3.636013053669875;4;15;1;6;5;1;2;1;14;14;0;13;7;7.528111439154499;1;6;20;0.24724911413673673;4;10;6;2;2;3;5;7;-2.8233242794610063;2;6;13;4;23;-0.5774544762464157;0;5;3;11;0;5;8;5;9;1;5;3;6;5;0;3;3;14;2;5;25;6;14;2;3;1;5;3;2;2;25;12;4;20;5.3455102572475095;1;4;5;5;12;3;4;3;13;4;4;6;4;0;6;25;3;10
TRACK:42;34;-1;3;0;5;0;5;1;6;4;3;0;10;25;0;5;0;4;25;4;24;3;3;5;12;6;2;5;3;0;3;7;-2.0465366241774112;4;24;1;6;2;6;17;6;9;2;5;1;19;13;3;4;12;4;3;2;2;2;2;1;2;10;11;6;9;4;3;24;6;3;3;8;6;2;6;4;14;5;2;17;21;6.340855983789726;6;1;3;2;0;21;-9.153858344681712;11;2;13;19;1;1;5;24;5;20;-8.390182110636477;3;1;14;15
TRACK:43;36;-1;4;1;1;6;3;4;3;1;5;1;20;-2.750009255803669;22;-6.676107320784169;3;4;23;0.2121087319494641;6;1;4;5;3;3;0;23;0.3893705765357585;7;-5.2876802048479385;1;4;0;1;2;22;-1.4000498816884641;22;-3.288282454165272;6;15;4;6;10;6;7;6.34782970621357;5;4;1;5;3;2;20;-3.4975032285884553;7;1.9082627901515838;4;5;6;5;3;15
TRACK:44;38;-1;3;0;5;0;5;1;6;4;3;0;10;25;0;5;0;4;25;4;24;3;6;1;19;14;6;2;5;3;0;3;7;-1.9236812412728086;4;24;1;6;2;6;17;6;9;2;5;1;13;13;3;4;12;4;3;2;2;2;2;1;2;10;11;6;9;4;3;24;6;3;3;8;6;2;6;4;14;5;2;17;21;6.429415615371917;6;1;3;2;0;21;-9.07793428675246;11;2;13;19;1;1;5;24;5;20;-8.505580848173366;3;1;14;15
TRACK:45;31;-1;2;0;4;3;4;5;0;5;6;3;21;3.1663964404341254;2;3;0;8;17;1;5;19;22;-6.604956796096601;4;3;4;0;1;2;0;5;16;3;23;3.9417265625318723;4;3;14;4;1;1;8;12;5;20;-3.5947499319165317;4;2;2;6;8;6;14;0;0;25;19;0;25;18;5;2;0;3;2;3;2;6;4;7;-3.242633559400138;3;1;8;23;2.2999027755122574;4;6;6;0;21;4.582468959440337;13;1;3;2;5;5;0;12;13;0;1;2;15;21;3.5615544963047494;1;14;10;6;6;9;4;4;1;3;3;19;1;0;25;18;4;10;5;4;0;4;0;4;6;20;-1.7944480138408838;5;0;18;12;0;1;2;0;15;23;-6.257220771380131;5;14;1;0;10;8;0;15;22;9.393216770627676;1;2;3;14;2;23;1.8220981933781875;10;5;0;25;9
TRACK:46;33;-1;6;5;2;4;4;1;2;6;4;2;10;23;4.287635414252131;0;2;3;23;5.216000251926475;0;19;12;5;5;14;1;1;4;2;18;10;6;1;18;22;8.006229113825176;1;0;6;14;6;16;0;3;17;21;0.6052055180344672;4;6;6;4;4;6;6;15
TRACK:47;35;-1;4;6;0;2;5;5;2;3;4;1;18;20;4.054452059778286;6;3;3;10;2;1;1;5;0;1;21;-2.782654366078183;25;4;13;5;5;3;19;0;3;6;1;17;16;4;6;4;12;6;3;0;0;1;17;10;2;7;2.8776747742248983;20;-7.403073316857665;3;5;10;5;6;2;0;4;4;3;12;0;2;3;8;4;15;1;2;18;24;1;11;17;0;5;2;3;12;3;12;3;2;1;16;7;3.6925291107858547;4;10
TRACK:48;37;-1;5;6;2;0;0;5;3;1;0;1;12;9;0;20;8.050842995648852;16;2;3;9;6;19;4;1;4;6;24;6;0;22;-0.9784339187688946;25;3;0;0;6;1;2;9;7;2.8375063193702177;1;12;12;5;0;2;25;11;0;22;-6.213776701919664;9;2;2;2;2;20;-3.31040108645812;7;1.726285209009863;0;25;19;5;2;25;23;-6.287996801092434;4;3;6;11;2;3;0;1;6;0;2;17;15;4;20;0.49442216169098885;0;6;4;9;4;3;9;3;3;0;1;8;10;6;21;0.7257811563222716;1;3;3;5;5;5;19;6;3;0;4;4;21;6.420653177781365;1;1;17;22;-0.8650917371763471;1;9;22;4.023938518832931
TRACK:49;39;-1;6;5;2;4;4;1;2;6;4;2;10;23;4.201932470786791;0;2;3;23;5.2216535481452375;0;19;12;5;5;9;1;1;4;2;18;10;6;1;18;22;7.993552762066551;1;0;6;14;6;16;4;1;21;4.0664159279098095;18;4;6;6;4;4;6;6;15
EVAL_INSTANCE:2:0:40
EVAL_INSTANCE:2:1:41
EVAL_INSTANCE:2:2:42
EVAL_INSTANCE:2:3:43
EVAL_INSTANCE:2:4:44
EVAL_INSTANCE:2:5:45
EVAL_INSTANCE:2:6:46
EVAL_INSTANCE:2:7:47
EVAL_INSTANCE:2:8:48
EVAL_INSTANCE:2:9:49
RUN_RESULT:2:0:0:2000:----
RUN_RESULT:2:1:0:2000:----
RUN_RESULT:2:2:0:1326:UUUURLDLL
RUN_RESULT:2:3:0:2000:----
RUN_RESULT:2:4:0:953:UUUURLDLL
RUN_RESULT:2:5:0:2000:----
RUN_RESULT:2:6:0:2000:----
RUN_RESULT:2:7:0:2000:----
RUN_RESULT:2:8:0:2000:----
RUN_RESULT:2:9:0:2000:----
     3 |       30 | -8.768000E+02 | -3.047000E+03
TRACK:50;1;7;6;5;2;4;4;1;2;6;4;2;10;23;4.193452352411374;0;2;3;23;5.242144235594161;0;19;12;5;5;14;1;24;1;0;6;14;6;16;4;1;21;4.0062670638399815;25;4;6;6;4;4;6;6;15
TRACK:51;1;7;3;0;5;0;5;1;6;4;3;0;10;25;0;5;0;4;25;4;24;3;2;6;12;3;7;0.9233269153032495;6;2;5;3;0;3;7;-1.9760298505980227;4;24;1;6;2;6;17;6;9;2;5;1;13;13;3;4;12;4;3;2;2;2;2;25;4;3;24;6;3;3;8;6;2;6;4;14;5;2;17;21;6.290849341883604;6;1;3;2;0;21;-9.085222913684943;11;2;13;19;1;1;5;24;5;20;-8.496412206106028;3;1;14;15
TRACK:52;42;44;3;0;5;0;5;1;6;4;3;0;10;25;0;5;0;4;25;4;24;3;3;5;12;6;2;5;3;0;3;7;-2.0465366241774112;4;24;1;6;2;6;17;6;9;2;5;1;19;13;3;4;12;4;3;2;2;2;2;1;2;10;11;6;9;4;3;24;6;3;3;8;6;2;6;4;14;5;2;17;21;6.340855983789726;6;1;3;2;0;21;-9.153858344681712;11;2;13;19;1;3;4;12;3;1;14;15
TRACK:53;42;44;3;0;5;0;5;1;6;4;3;0;10;25;0;3;0;3;7;-2.0465366241774112;4;24;3;6;1;19;14;6;2;5;3;0;3;7;-1.9236812412728086;4;24;1;6;2;6;17;6;9;2;5;1;13;13;3;4;12;4;3;2;2;2;2;1;2;10;11;6;9;4;3;24;6;3;3;8;6;2;6;4;14;5;2;17;21;6.429415615371917;6;1;3;2;0;21;-9.07793428675246;11;2;13;19;1;1;5;24;5;20;-8.505580848173366;3;1;14;15
TRACK:54;5;44;2;0;4;3;4;5;0;5;6;3;21;3.0248832860370207;2;3;0;8;17;1;5;19;1;19;9;4;3;4;0;1;2;0;5;16;3;23;3.884453199655285;4;3;14;4;1;1;8;12;5;20;-3.713152005278557;4;2;2;6;8;6;14;0;0;25;19;0;25;18;5;2;0;3;2;3;2;6;4;7;-3.298467118319599;3;1;8;23;2.3245735257808757;4;6;6;0;14;13;1;3;2;5;5;0;12;13;0;1;2;15;21;3.5645269928177576;1;14;10;6;6;9;4;4;1;3;3;19;1;0;25;18;4;10;5;4;2;2;1;2;10;11;6;9;4;3;24;6;3;3;8
TRACK:55;5;44;3;0;5;0;5;1;6;4;3;4;7;-3.298467118319599;0;5;0;4;25;4;24;3;6;1;19;14;6;2;5;3;0;3;7;-1.9236812412728086;4;24;1;6;2;6;17;6;9;2;5;1;13;13;3;4;12;4;3;2;2;2;2;1;2;10;11;6;9;4;3;24;6;3;3;8;6;2;6;4;14;5;2;17;21;6.429415615371917;6;1;3;2;0;21;-9.07793428675246;11;2;13;19;1;1;5;24;5;20;-8.505580848173366;3;1;14;15
TRACK:56;3;7;6;0;1;6;2;2;1;1;1;3;15;6;12;3;3;7;-3.0335167267249297;2;1;2;7;-3.595269038911521;10;3;20;0.7609844038374796;0;0;18;21;0.626473408888323;0;21;6.086471546071881;20;1.050971095211171;5;3;6;0;14;8;0;4;5;2;4;25;1;13;7;-6.442187979743046;2;0;4;4;22;-9.647482984770173;3;0;11;20;-7.226664715796607;1;6;0;24;13;0;2;23;2.9414265023007005;18;1;21;-7.538255335100117;13;2;6;3;5;6;0;0;14;20;-3.6040919631723582;4;15;1;6;5;1;2;1;14;14;0;13;7;7.719040021490816;1;6;20;0.17764961694075154;4;20;-8.496412206106028;6;2;2;3;5;7;-2.8218881273205954;2;6;13;4;23;-0.4379791843875225;0;5;3;11;0;5;8;5;9;1;5;3;6;5;0;3;3;14;2;5;25;6;14;2;3;1;5;3;2;2;25;12;4;20;5.263014705982032;1;4;5;5;12;3;4;3;13;4;4;6;4;0;6;25;6;24
TRACK:57;3;7;3;0;5;0;5;1;6;4;3;0;10;20;0.17764961694075154;0;5;0;4;25;4;24;3;2;6;12;3;7;0.9233269153032495;6;2;5;3;0;3;7;-1.9760298505980227;4;24;1;6;2;6;17;6;9;2;5;1;13;13;3;4;12;4;3;2;2;2;2;1;2;10;11;6;9;4;3;24;6;3;3;8;6;2;6;4;14;5;2;17;21;6.290849341883604;6;1;3;2;0;21;-9.085222913684943;11;2;13;19;1;1;5;24;5;20;-8.496412206106028;3;1;14;15
TRACK:58;0;42;6;2;6;1;0;0;5;3;1;0;18;13;2;14;20;0.9260321113235985;4;3;3;4;23;-5.513858591616108;6;4;6;0;3;10;4;15;6;2;1;2;3;6;25;2;5;7;-2.379069458019969;5;18;0;1;4;14;1;8;11;0;1;9;17;6;22;1.126340150140912;3;6;0;1;19;11;3;13;6;5;3;20;-8.390182110636477
TRACK:59;0;42;3;0;5;0;5;1;6;4;3;0;10;25;0;5;0;4;25;4;24;3;3;5;12;6;2;5;3;0;3;7;-2.0465366241774112;4;24;1;6;2;6;17;6;11;2;5;1;19;13;3;4;12;4;3;2;2;2;2;1;2;10;11;6;9;4;3;24;6;3;3;8;6;2;6;4;14;5;2;17;21;6.340855983789726;6;1;3;2;0;21;-9.153858344681712;11;2;13;19;1;1;5;24;5;20;-8.390182110636477;3;1;14;15
TRACK:60;50;-1;6;5;2;4;4;1;2;6;4;2;10;23;4.236919696953463;0;2;3;23;5.192229321069061;0;19;12;5;5;14;1;24;1;0;6;14;6;16;4;1;20;1.3830172317193181;25;4;6;6;4;4;6;6;15
TRACK:61;52;-1;3;0;5;0;5;1;6;4;3;0;10;25;0;5;0;4;25;4;24;3;3;5;12;6;2;5;3;0;3;7;-2.0473630022969145;4;24;1;6;2;6;17;6;9;2;5;1;19;13;3;6;21;4.679251060582022;4;3;2;2;2;2;1;2;10;11;6;9;4;3;24;6;3;3;8;6;2;6;4;14;5;2;17;21;6.452588668529269;6;1;3;2;0;21;-9.364032562340785;11;2;13;19;1;3;4;12;3;1;14;15
TRACK:62;54;-1;2;0;4;3;4;5;0;5;6;3;21;3.120943028124771;2;3;0;8;17;1;5;19;1;19;9;4;3;4;0;1;2;0;5;16;3;23;3.898792066377308;4;3;14;4;1;1;8;12;5;20;-3.8138023784608146;4;2;2;6;8;6;14;0;0;25;19;0;25;18;5;2;0;3;2;3;2;6;4;7;-3.3732345430406596;3;1;8;23;2.4407605127507965;4;6;6;0;14;13;1;3;2;5;5;0;12;13;0;1;2;15;21;3.604188277801931;1;14;10;6;6;9;4;4;1;3;3;19;1;0;25;18;4;10;5;4;2;2;1;2;0;19;14;11;6;9;4;3;24;6;3;3;8
TRACK:63;56;-1;6;0;1;6;2;2;1;1;1;3;13;6;12;3;3;7;-3.11887462457122;2;1;2;7;-3.812251607435919;10;3;20;1.0044327327907963;0;0;18;21;0.7218981657183001;0;21;6.130725043946065;20;0.917364324507546;5;3;6;0;14;8;0;4;5;2;4;25;1;13;7;-6.697430775275212;2;0;4;4;22;-9.716255047109868;3;0;11;20;-7.164921457268893;1;6;0;24;13;0;2;23;2.9891147668522704;18;1;21;-7.598226945735411;13;2;6;3;5;6;0;0;14;20;-3.831741724101893;4;15;1;6;5;1;2;1;14;14;0;13;7;7.764276815200704;1;6;20;0.23314319811939727;4;20;-8.381471152844549;6;2;2;3;5;7;-2.6517788804960247;2;6;13;4;23;-0.4675777652814939;0;5;3;11;0;5;8;5;9;1;5;3;6;5;0;3;3;14;2;5;25;6;14;2;3;1;5;3;2;2;25;12;4;20;5.3406414247958836;1;4;5;5;12;3;4;3;13;4;4;6;4;0;6;25;6;24
TRACK:64;58;-1;6;2;6;1;0;0;5;3;1;0;18;13;2;14;20;0.9417063449598331;4;3;3;4;23;-5.608167012964068;6;4;6;0;3;10;4;15;6;2;1;2;3;6;25;2;5;7;-2.3717141337525973;5;18;0;1;4;14;1;8;11;0;1;9;11;6;22;1.1272497060820676;3;6;0;1;19;11;3;13;6;5;3;20;-8.287583402055201
TRACK:65;51;-1;3;0;5;0;5;1;6;4;3;0;10;25;0;5;0;4;8;4;24;3;2;6;12;3;7;0.9615085145672314;6;2;5;3;0;3;7;-1.976543986040286;4;24;1;6;2;6;17;6;9;2;5;1;13;13;3;4;12;4;3;2;2;2;2;25;4;3;24;6;3;3;8;6;2;6;4;14;5;2;17;21;6.320131915372975;6;1;3;2;0;21;-9.051785111184175;11;2;13;19;1;1;5;24;5;20;-8.58126238878105;3;1;14;15
TRACK:66;53;-1;3;0;5;0;5;1;6;4;3;0;10;25;0;3;0;3;7;-2.0764122981591746;4;24;3;6;1;19;14;6;2;5;3;0;3;7;-1.8276718966907293;4;24;1;6;2;6;17;6;9;2;5;1;13;13;3;4;12;4;3;2;2;2;2;1;2;10;21;0.1124719977657822;6;9;4;3;24;6;3;3;8;6;2;6;4;14;5;2;17;21;6.507017489031035;6;1;3;2;0;21;-9.225564351324032;11;2;13;19;1;1;5;24;5;20;-8.619599365766526;3;1;14;15
TRACK:67;55;-1;3;0;5;0;5;1;6;4;3;4;7;-3.369546512534646;0;5;0;4;25;4;24;3;6;1;19;14;6;2;5;3;0;3;7;-2.101269260777771;4;7;7.897742056507916;1;6;2;6;17;6;9;2;5;1;13;13;3;4;12;4;3;2;2;2;2;1;2;10;11;6;9;4;3;24;6;3;3;8;6;2;6;4;14;5;2;17;21;6.391806781612817;6;1;3;2;0;21;-8.982830805412453;11;2;13;19;1;1;5;24;5;20;-8.730197336314246;3;1;14;15
TRACK:68;57;-1;3;0;5;0;5;1;6;4;3;0;10;20;0.3318337730218237;0;5;0;4;25;4;24;3;2;6;12;3;7;0.9568716697073097;6;6;3;1;13;14;4;3;2;2;2;2;1;2;10;11;6;9;4;3;24;6;3;3;8;6;2;6;4;14;5;2;17;21;6.270317769894687;6;1;3;2;0;21;-9.089810128356895;11;2;13;19;1;1;5;24;5;20;-8.375484706207603;3;1;14;15
TRACK:69;59;-1;3;0;5;0;5;1;6;4;3;0;10;25;0;5;0;4;25;4;24;3;3;5;12;6;2;5;3;0;3;7;-2.254476486651723;4;24;1;6;2;6;17;6;11;2;5;1;19;13;3;4;12;4;3;2;2;2;2;1;2;10;11;6;9;4;3;24;6;3;3;8;3;18;6;1;3;2;0;21;-9.237140676630391;11;2;13;19;1;1;5;24;5;20;-8.292428221619609;3;1;14;15
EVAL_INSTANCE:3:0:60
EVAL_INSTANCE:3:1:61
EVAL_INSTANCE:3:2:62
EVAL_INSTANCE:3:3:63
EVAL_INSTANCE:3:4:64
EVAL_INSTANCE:3:5:65
EVAL_INSTANCE:3:6:66
EVAL_INSTANCE:3:7:67
EVAL_INSTANCE:3:8:68
EVAL_INSTANCE:3:9:69
RUN_RESULT:3:0:0:2000:----
RUN_RESULT:3:1:0:2000:----
RUN_RESULT:3:2:0:2000:----
RUN_RESULT:3:3:0:2000:----
RUN_RESULT:3:4:0:2000:----
RUN_RESULT:3:5:0:2000:----
RUN_RESULT:3:6:0:2000:----
RUN_RESULT:3:7:0:2000:----
RUN_RESULT:3:8:0:2000:----
RUN_RESULT:3:9:0:2000:----
     4 |       40 | -8.768000E+02 | -3.047000E+03
TRACK:70;42;3;3;0;5;0;5;1;6;4;3;0;10;25;0;5;0;4;25;4;24;3;3;5;12;6;2;5;3;0;3;7;-2.0465366241774112;4;24;1;6;2;6;17;6;9;2;5;1;19;13;3;13;4;3;2;2;2;2;1;2;10;11;6;9;4;3;24;6;3;3;8;6;2;6;4;14;5;2;17;21;6.340855983789726;6;1;3;2;0;21;-9.153858344681712;11;2;13;19;1;1;5;24;5;20;-8.390182110636477;3;1;14;15
TRACK:71;42;3;6;0;1;6;2;2;1;1;1;3;15;6;12;3;3;7;-3.0335167267249297;2;1;2;7;-3.595269038911521;10;3;20;0.7609844038374796;0;0;18;21;0.626473408888323;0;21;6.086471546071881;20;1.050971095211171;5;3;6;0;14;8;0;4;5;2;4;25;1;13;7;-6.442187979743046;2;0;4;4;22;-9.647482984770173;3;0;11;20;-7.226664715796607;1;6;0;24;13;0;2;23;2.9414265023007005;18;1;21;-7.538255335100117;13;2;6;3;5;6;0;0;14;20;-3.6040919631723582;4;15;1;6;5;1;2;1;14;14;0;13;7;7.719040021490816;1;6;20;0.17764961694075154;4;10;6;2;2;3;5;7;-2.8218881273205954;2;6;13;4;23;-0.4379791843875225;0;5;3;11;0;5;8;5;9;1;5;3;6;5;0;3;3;14;2;5;25;6;14;2;3;1;5;3;2;2;25;12;4;20;5.263014705982032;1;4;5;5;12;3;4;3;13;4;3;7;-2.0465366241774112
TRACK:72;44;7;3;0;5;0;5;14;6;2;5;3;0;3;7;-1.9236812412728086;4;24;1;6;2;6;17;6;9;2;5;1;13;13;3;4;12;4;3;2;2;2;2;1;2;10;11;6;9;4;3;24;6;3;3;8;6;2;6;4;14;5;2;17;21;6.429415615371917;6;1;3;2;0;21;-9.07793428675246;11;2;13;19;1;1;5;24;5;20;-8.505580848173366;3;1;14;15
TRACK:73;44;7;3;0;5;0;5;1;6;4;3;0;10;25;0;5;0;4;25;4;24;3;2;6;12;3;7;0.9233269153032495;6;2;19;1;6;2;6;17;6;9;2;5;1;13;13;3;4;12;4;3;2;2;2;2;1;2;10;11;6;9;4;3;24;6;3;3;8;6;2;6;4;14;5;2;17;21;6.290849341883604;6;1;3;2;0;21;-9.085222913684943;11;2;13;19;1;1;5;24;5;20;-8.496412206106028;3;1;14;15
TRACK:74;4;42;5;6;2;0;0;5;3;1;0;1;12;9;0;20;8.177736591921139;16;2;3;9;6;19;4;1;3;6;6;18;2;4;6;13;2;1;24;7;-4.408130635520466;1;13;25;3;0;0;6;1;2;9;7;2.8123728492647775;1;12;12;5;0;2;25;11;0;22;-6.290780137780773;9;2;2;2;2;20;-3.2537135034092373;7;1.9541073453552649;0;25;19;5;2;25;23;-6.291775169911531;4;3;6;11;2;3;0;1;6;0;2;17;15;4;20;0.6301601931222418;0;6;4;9;4;3;9;3;3;0;1;8;10;6;21;0.7758809961426376;1;3;3;5;5;5;19;6;3;0;4;4;21;6.41285185569393;1;1;17;22;-0.821816339386995;1;9;22;4.055142013960339
TRACK:75;4;42;3;0;5;0;5;1;6;4;3;0;10;25;0;5;0;4;25;4;24;3;3;5;12;6;6;1;2;9;7;2.8123728492647775;1;12;12;4;3;2;2;2;2;1;2;10;11;6;9;4;3;24;6;3;3;8;6;2;6;4;14;5;2;17;21;6.340855983789726;6;1;3;2;0;21;-9.153858344681712;11;2;13;19;1;1;5;24;5;20;-8.390182110636477;3;1;14;15
TRACK:76;44;5;3;0;5;0;5;1;6;4;3;0;10;25;0;5;0;5;14;4;24;3;6;1;19;14;6;2;5;3;0;3;7;-1.9236812412728086;4;24;1;6;2;6;17;6;9;2;5;1;13;13;3;4;12;4;3;2;2;2;2;1;2;10;11;6;9;4;3;24;6;3;3;8;6;2;6;4;14;5;2;17;21;6.429415615371917;6;1;3;2;0;21;-9.07793428675246;11;2;13;19;1;1;5;24;5;20;-8.505580848173366;3;1;14;15
TRACK:77;44;5;2;0;4;3;4;5;0;5;6;3;21;3.0248832860370207;2;3;0;8;17;1;5;19;1;19;9;4;3;4;0;1;2;0;5;16;3;23;3.884453199655285;4;3;14;4;1;1;8;12;5;20;-3.713152005278557;4;2;2;6;8;6;14;0;0;25;19;0;25;18;5;2;0;3;2;3;2;6;4;7;-3.298467118319599;3;1;8;23;2.3245735257808757;4;6;6;0;14;13;1;3;2;5;5;0;12;13;0;1;2;15;21;3.5645269928177576;1;14;10;6;6;9;4;4;1;3;3;19;1;0;25;18;4;10;5;4;0;4;0;4;6;20;-1.7277405279260787;5;1;13;13;0;1;2;0;15;23;-6.127927566927822;5;14;1;0;10;8;0;15;22;9.409430612727668;1;2;3;14;2;23;1.9567356930984463;10;5;0;25;9
TRACK:78;6;7;4;1;1;6;3;4;3;1;2;17;21;6.290849341883604;3;4;23;0.207961936953577;6;1;4;5;3;3;0;23;0.3312167606232457;7;-5.197212080035472;1;4;0;1;2;22;-1.3639511298087275;22;-3.319009015518315;6;15;4;6;10;4;0;0;1;7;0.11709648364492864;15;1;10;13;1;1;18;21;5.492917680474182;5;11;5;4;1;5;3;2;1;3;20;0.6015047274601422;1;18;25;5;2;7;1.6067199731462356;12;4;5;6;5;3;15
TRACK:79;6;7;3;0;5;0;5;1;6;4;3;0;10;25;0;5;0;4;25;4;24;3;2;6;12;3;7;0.9233269153032495;6;2;5;3;0;3;7;-1.9760298505980227;4;24;1;6;2;6;17;6;9;2;5;1;13;13;3;4;12;4;3;2;2;2;2;1;2;10;11;6;9;4;3;24;6;3;3;8;6;2;6;11;5;2;17;21;6.290849341883604;6;1;3;2;0;21;-9.085222913684943;11;2;13;19;1;1;5;24;5;20;-8.496412206106028;3;1;14;15
TRACK:80;70;-1;3;0;5;0;5;1;6;4;3;0;10;25;0;5;0;4;25;4;24;3;3;5;12;6;2;5;3;0;3;7;-1.985885051810615;4;24;1;6;2;6;17;6;9;2;5;1;19;13;3;13;4;3;2;2;2;2;1;2;10;11;6;9;4;3;24;6;3;3;8;6;2;6;4;14;5;3;16;6;1;3;2;0;21;-9.3000427378376;11;2;13;19;1;1;5;24;5;20;-8.392364489401052;3;1;14;15
TRACK:81;44;-1;3;0;5;0;5;1;6;4;3;0;10;25;0;5;0;4;20;0.5439829361128155;4;24;3;6;1;19;14;6;2;5;3;0;3;7;-1.73109999719737;4;24;1;6;2;6;17;6;9;2;5;1;13;13;3;4;12;4;3;2;2;2;2;1;2;10;11;6;9;4;3;24;6;3;3;8;6;2;6;4;14;5;2;17;21;6.424269014427377;6;1;3;2;0;21;-8.924731620933152;11;2;13;19;1;1;5;24;5;20;-8.615834387030771;3;1;14;15
TRACK:82;74;-1;5;6;2;0;0;5;3;1;0;1;12;9;0;20;8.31185697993027;16;2;3;9;6;19;4;1;3;6;6;18;2;4;6;13;2;1;24;7;-4.3214562268302545;1;13;25;3;0;0;6;1;2;9;7;2.794002299025042;1;12;12;5;0;2;25;11;0;14;9;2;2;2;2;20;-3.3817836690735685;7;1.9918809640393718;0;25;19;5;2;25;23;-6.354081172069032;4;3;6;11;2;3;0;1;6;0;2;17;15;4;20;0.6452201190942488;0;6;4;9;4;3;9;3;3;0;1;8;10;6;21;0.9198717038911481;1;3;3;5;5;5;19;6;3;0;4;4;21;6.473256895892133;1;1;17;22;-0.794110280838143;1;9;22;4.160573510116952
TRACK:83;76;-1;3;0;5;0;5;1;6;4;3;0;10;25;0;5;0;5;14;4;24;3;6;1;19;14;6;2;5;3;0;3;7;-1.965575953781682;4;24;1;6;2;6;17;6;9;2;5;1;13;13;3;2;21;-2.2548055194948553;25;4;3;2;2;2;2;1;2;10;11;6;9;4;3;24;6;3;3;8;6;2;6;4;14;5;2;17;21;6.4119422397198065;6;1;3;2;0;21;-9.169939976890035;11;2;13;19;1;1;5;24;5;20;-8.48150960560618;3;1;14;15
TRACK:84;78;-1;4;1;1;6;3;4;3;1;2;17;21;6.212165486038197;3;4;23;-0.05282895550721062;6;1;4;5;3;3;0;23;0.3329757062373972;7;-5.234713920540158;1;4;0;1;2;22;-1.392265097977144;22;-3.4893023052977656;6;15;4;6;10;4;0;0;1;7;0.04600483352489659;15;1;10;13;1;1;18;21;5.52469271909915;5;11;5;4;1;5;3;2;1;3;20;0.6385164733844927;1;19;25;5;2;7;1.511208045286052;12;4;5;6;5;3;15
TRACK:85;71;-1;6;0;1;6;2;2;1;1;1;3;15;6;12;3;3;7;-3.1634151347878494;2;1;2;7;-3.5202623075081365;10;3;20;0.8081797171399391;0;0;18;21;0.6157487405868954;0;21;6.398116247385984;20;1.0185458236183293;5;3;6;0;14;8;0;4;5;2;4;25;1;13;7;-6.460955835692107;2;0;4;4;22;-9.62560213459133;3;0;11;20;-7.338864284671209;1;6;0;24;13;0;2;23;2.896715834470761;18;1;21;-7.585995620743213;13;2;6;3;5;6;0;0;14;20;-3.6177616111138766;4;15;1;6;5;1;2;1;14;14;0;13;7;7.847800862239649;1;6;20;0.06722893166284394;4;10;6;2;2;3;5;7;-2.6977258941683084;2;6;13;4;23;-0.3853431474992519;0;5;3;11;0;5;8;5;9;1;5;3;6;5;0;3;3;14;2;5;25;6;14;2;3;1;5;3;2;2;25;12;4;20;5.248178604645574;1;4;0;2;16;17;2;19;17;3;4;3;13;4;3;7;-1.8659905562429688
TRACK:86;7;-1;3;0;5;0;5;1;6;4;3;0;10;25;0;5;0;4;25;4;24;3;2;6;12;3;7;0.9259080431941336;6;2;5;3;0;3;7;-2.238615529952639;4;24;1;6;2;6;17;6;9;2;5;1;13;13;3;4;12;4;3;2;2;2;2;1;2;10;11;6;9;4;3;24;6;3;3;8;6;2;6;4;14;5;2;17;21;6.244130467165707;6;1;3;2;2;20;7.4990535672074685;18;2;13;19;1;1;5;24;5;20;-8.556808094301108;3;1;14;15
TRACK:87;75;-1;3;0;5;0;5;1;6;4;3;0;10;25;0;5;0;4;25;4;24;3;3;5;12;6;6;1;2;9;7;2.817173867002739;1;12;12;4;3;2;2;2;2;1;2;10;11;6;9;4;3;24;6;3;3;8;6;2;6;4;14;5;2;17;21;6.323385229125716;6;1;3;2;0;21;-9.153018426328599;11;2;13;19;3;14
TRACK:88;77;-1;2;0;4;3;4;5;0;5;6;3;21;3.155291849585987;2;3;0;8;17;1;5;19;1;19;9;4;3;4;0;1;2;0;5;16;3;23;4.150323842253279;4;3;23;1.8239231390425203;4;1;1;8;12;5;20;-3.7068088968863884;4;2;2;6;8;6;14;0;0;25;19;0;25;18;5;2;0;3;2;3;2;6;4;7;-3.20271825251672;3;1;8;23;2.408568945304881;4;6;6;0;14;13;1;3;2;5;5;0;12;13;0;1;2;15;21;3.51168817350038;1;14;10;6;6;9;4;4;1;3;3;19;1;0;25;18;4;10;5;4;0;4;0;4;6;20;-1.629165742458268;5;1;13;13;0;1;2;0;15;23;-6.0931755534653895;5;14;1;0;10;8;0;15;22;9.485598701354505;1;2;3;14;2;23;1.8928843874847197;10;5;0;25;9
TRACK:89;79;-1;3;0;5;0;5;1;6;4;3;0;10;25;0;5;0;4;25;4;24;3;2;6;12;3;7;0.9560736878018997;6;2;2;1;5;5;13;5;0;16;14;0;0;0;8;10;0;10;22;2.9612139765819414;1;3;13;3;24;1;6;2;6;17;6;9;2;5;1;13;13;3;4;12;4;3;2;2;2;2;1;2;10;11;6;9;4;3;24;6;3;3;8;6;2;6;11;5;2;17;21;6.267893958050956;6;1;3;2;0;21;-9.157164096752126;11;2;13;19;1;1;5;24;5;20;-8.573545727118299;3;1;14;15
EVAL_INSTANCE:4:0:80
EVAL_INSTANCE:4:1:81
EVAL_INSTANCE:4:2:82
EVAL_INSTANCE:4:3:83
EVAL_INSTANCE:4:4:84
EVAL_INSTANCE:4:5:85
EVAL_INSTANCE:4:6:86
EVAL_INSTANCE:4:7:87
EVAL_INSTANCE:4:8:88
EVAL_INSTANCE:4:9:89
RUN_RESULT:4:0:0:2000:----
RUN_RESULT:4:1:0:19:UUUURULULL
RUN_RESULT:4:2:0:2000:----
RUN_RESULT:4:3:0:2000:----
RUN_RESULT:4:4:0:2000:----
RUN_RESULT:4:5:0:2000:----
RUN_RESULT:4:6:0:953:UUUURLDLL
RUN_RESULT:4:7:0:1326:UUUURLDLL
RUN_RESULT:4:8:0:2000:----
RUN_RESULT:4:9:0:2000:----
     5 |       50 | -1.847000E+03 | -3.981000E+03
TRACK:90;87;86;3;0;5;0;5;1;6;4;3;0;10;25;0;5;0;4;25;4;24;3;3;5;12;6;6;1;2;9;7;2.817173867002739;1;12;12;4;3;2;2;2;2;6;12;4;3;24;6;3;3;8;6;2;6;4;14;5;2;17;21;6.323385229125716;6;1;3;2;0;21;-9.153018426328599;11;2;13;19;3;14
TRACK:91;87;86;3;0;5;0;5;1;6;4;3;0;10;25;0;5;0;4;25;4;24;3;10;6;2;5;3;0;3;7;-2.238615529952639;4;24;1;6;2;6;17;6;9;2;5;1;13;13;3;4;12;4;3;2;2;2;2;1;2;10;11;6;9;4;3;24;6;3;3;8;6;2;6;4;14;5;2;17;21;6.244130467165707;6;1;3;2;2;20;7.4990535672074685;18;2;13;19;1;1;5;24;5;20;-8.556808094301108;3;1;14;15
TRACK:92;81;7;3;0;5;0;5;1;6;4;3;0;10;25;0;5;0;4;20;0.5439829361128155;4;24;3;6;1;19;14;6;2;5;3;0;3;7;-1.73109999719737;4;24;13;4;3;2;2;2;2;1;2;10;11;6;9;4;3;24;6;3;3;8;6;2;6;4;14;5;2;17;21;6.424269014427377;6;1;3;2;0;21;-8.924731620933152;11;2;13;19;1;1;5;24;5;20;-8.615834387030771;3;1;14;15
TRACK:93;81;7;3;0;5;0;5;1;6;4;3;0;10;25;0;5;0;4;25;4;24;3;2;6;12;3;7;0.9233269153032495;6;2;5;3;0;3;7;-1.9760298505980227;4;24;1;6;2;6;17;6;9;2;5;1;13;13;3;4;12;4;3;2;2;2;2;1;2;10;11;6;9;4;3;24;6;3;3;8;6;2;6;4;14;5;2;17;21;6.290849341883604;6;1;3;2;0;21;-9.085222913684943;11;2;13;19;1;1;5;24;6;17;3;1;14;15
TRACK:94;44;86;3;0;5;0;5;1;6;4;3;0;10;25;0;5;0;4;25;4;24;3;6;1;19;14;6;2;5;3;0;3;7;-1.9236812412728086;4;24;1;6;2;6;17;6;9;2;5;1;13;13;3;4;12;4;3;2;2;2;2;1;2;10;11;6;9;4;3;24;6;3;3;8;6;2;6;4;14;5;2;17;21;6.429415615371917;6;1;3;2;0;21;-9.07793428675246;11;2;13;19;1;1;7;-2.238615529952639;5;20;-8.505580848173366;3;1;14;15
TRACK:95;44;86;3;0;4;3;0;10;25;4;3;2;2;2;2;1;2;10;11;6;9;4;3;24;6;3;3;8;6;2;6;4;14;5;2;17;21;6.244130467165707;6;1;3;2;2;20;7.4990535672074685;18;2;13;19;1;1;5;24;5;20;-8.556808094301108;3;1;14;15
TRACK:96;44;81;3;0;5;0;5;1;6;4;3;0;10;25;0;5;0;4;25;4;24;3;6;1;19;14;6;2;5;3;0;3;7;-1.9236812412728086;4;24;1;6;2;6;17;6;9;2;5;1;13;13;3;4;12;4;3;2;2;2;2;1;2;10;11;6;9;4;3;24;6;3;3;8;6;2;6;4;14;5;2;17;21;6.429415615371917;6;1;3;2;0;21;-9.07793428675246;11;2;13;8;1;1;5;24;5;20;-8.505580848173366;3;1;14;15
TRACK:97;44;81;3;0;5;0;5;1;6;4;3;0;10;25;0;5;0;4;20;0.5439829361128155;4;24;3;6;1;19;14;6;2;5;3;0;3;7;-1.73109999719737;4;24;1;6;2;6;17;6;9;2;5;1;13;13;3;4;12;5;0;4;25;4;24
TRACK:98;7;87;3;0;5;0;5;1;6;4;3;0;10;25;0;5;0;4;25;4;24;3;2;6;12;3;7;0.9233269153032495;6;2;5;3;0;3;25;4;24;1;6;2;6;17;6;9;2;5;1;13;13;3;4;12;4;3;2;2;2;2;1;2;10;11;6;9;4;3;24;6;3;3;8;6;2;6;4;14;5;2;17;21;6.290849341883604;6;1;3;2;0;21;-9.085222913684943;11;2;13;19;1;1;5;24;5;20;-8.496412206106028;3;1;14;15
TRACK:99;7;87;3;0;5;0;5;1;6;4;3;0;10;25;0;5;0;4;25;4;24;3;3;5;12;6;6;1;2;9;7;2.817173867002739;1;12;12;6;2;6;17;6;9
TRACK:100;90;-1;3;0;5;0;5;1;6;4;3;0;10;25;0;5;0;4;25;4;24;3;3;5;12;6;6;1;2;9;7;2.6572707315131443;1;12;12;4;3;2;2;2;2;6;12;4;3;24;6;3;3;8;6;2;6;4;14;5;2;17;21;6.396277605353987;6;1;3;2;0;21;-9.260125834907337;11;2;13;8;3;14
TRACK:101;92;-1;3;0;5;0;5;1;6;4;3;0;10;25;0;5;0;4;20;0.47558189297934345;4;24;3;6;1;19;14;6;2;5;3;0;3;7;-1.8022005924701445;4;24;13;4;3;2;2;2;2;1;2;10;11;6;9;4;3;24;6;3;3;8;6;2;6;4;14;5;2;17;21;6.359050022956504;6;1;3;2;0;21;-9.004576870715225;11;2;13;19;1;1;5;24;5;20;-8.767894029064937;3;5;25
TRACK:102;94;-1;3;0;5;0;5;1;6;4;3;0;10;25;0;5;0;4;25;4;24;3;6;1;19;14;6;2;5;3;0;3;7;-2.056034826610577;4;24;1;6;2;6;17;6;9;2;5;1;13;13;3;4;12;4;3;2;3;2;4;4;5;14;3;4;6;19;6;1;3;2;0;21;-9.051005310842202;11;2;13;19;1;1;7;-2.403673673359018;5;20;-8.361550818465364;3;1;14;15
TRACK:103;44;-1;3;0;5;0;5;1;6;4;3;0;10;25;0;5;0;4;25;4;24;3;6;4;12;6;2;5;3;0;3;7;-2.100216606005416;4;24;1;6;2;6;17;6;9;2;5;1;13;13;3;4;12;4;3;2;2;2;2;1;2;10;11;6;9;4;3;24;6;3;3;8;6;2;6;4;14;5;2;17;21;6.401987553250171;6;1;3;2;0;21;-8.958731153295547;11;2;13;19;1;1;5;24;5;20;-8.512426269256652;3;1;14;15
TRACK:104;98;-1;3;0;5;0;5;1;6;4;3;0;10;25;0;5;0;4;25;4;24;3;2;6;12;3;7;0.9295712806499693;6;2;5;3;0;3;25;4;24;5;2;5;6;7;0.7329751884661491;4;5;15;4;3;2;2;2;2;1;2;10;11;6;9;4;3;24;6;3;3;8;6;2;6;4;14;5;2;17;21;6.4063570982033955;6;1;3;2;0;21;-9.018040995620481;11;2;13;19;1;1;5;24;5;20;-8.601387271984366;3;1;14;15
TRACK:105;91;-1;3;0;5;0;5;1;6;4;3;0;10;25;0;5;0;4;25;4;24;3;10;6;2;5;3;0;4;10;4;24;1;6;2;6;17;6;9;2;5;1;13;13;3;4;12;4;3;2;2;2;2;1;2;10;11;6;9;4;3;24;6;3;3;8;6;2;6;4;14;5;2;17;21;6.253027510193259;6;1;3;2;2;20;7.369712038091116;18;2;13;19;1;1;5;24;5;20;-8.40401545067078;3;1;14;15
TRACK:106;93;-1;3;0;5;0;5;1;6;4;3;0;10;25;0;5;0;4;25;4;24;3;2;6;12;3;7;1.0504483105606415;6;2;5;3;0;3;7;-2.0331132896246493;4;24;1;6;2;6;17;6;9;2;5;1;13;13;3;4;12;4;3;2;2;2;2;1;2;10;11;6;9;4;3;24;6;3;3;8;6;2;6;4;14;5;2;17;21;6.33278519888824;6;5;6;2;5;11;4;10
TRACK:107;95;-1;3;0;4;3;0;10;25;4;3;2;2;2;2;1;1;10;13;6;9;4;3;24;6;3;3;8;6;2;6;4;14;5;2;17;21;6.023386732948327;6;1;3;2;2;20;7.3007771710386855;18;2;13;19;1;1;5;24;5;20;-8.638310943891941;3;1;14;15
TRACK:108;81;-1;3;0;5;0;5;1;6;4;3;0;10;25;0;5;0;4;20;0.6425989342755833;4;24;3;6;1;19;14;6;2;5;3;0;3;7;-1.6786182179249933;4;24;1;6;2;6;17;6;9;2;5;1;13;13;3;4;12;4;3;2;2;2;2;1;2;10;11;1;24;14;4;3;24;6;3;3;8;6;2;6;4;14;5;2;17;21;6.420662512080921;6;1;3;2;0;21;-8.807739182416931;11;2;13;19;1;1;5;24;5;20;-8.480077371341473;3;1;14;15
TRACK:109;99;-1;3;0;5;0;5;1;6;4;3;0;10;25;0;5;0;4;25;4;24;3;3;5;12;6;6;1;2;9;7;2.8362205182821256;1;12;12;6;2;6;17;6;5;5;15
EVAL_INSTANCE:5:0:100
EVAL_INSTANCE:5:1:101
EVAL_INSTANCE:5:2:102
EVAL_INSTANCE:5:3:103
EVAL_INSTANCE:5:4:104
EVAL_INSTANCE:5:5:105
EVAL_INSTANCE:5:6:106
EVAL_INSTANCE:5:7:107
EVAL_INSTANCE:5:8:108
EVAL_INSTANCE:5:9:109
RUN_RESULT:5:0:0:2000:----
RUN_RESULT:5:1:0:19:UUUURULULL
RUN_RESULT:5:2:0:2000:----
RUN_RESULT:5:3:0:953:UUUURLDLL
RUN_RESULT:5:4:0:1308:UUUURLDLL
RUN_RESULT:5:5:0:953:UUUURLDLL
RUN_RESULT:5:6:0:701:DLDLLDU
RUN_RESULT:5:7:0:2000:----
RUN_RESULT:5:8:0:2000:----
RUN_RESULT:5:9:0:2000:----
     6 |       60 | -3.186200E+03 | -3.981000E+03
TRACK:110;104;103;3;0;5;0;5;1;6;4;3;0;10;25;0;5;0;4;25;4;24;3;2;6;12;3;7;0.9295712806499693;6;2;5;3;0;3;25;4;24;5;2;5;6;7;0.7329751884661491;4;5;15;4;3;2;2;2;2;1;2;10;11;6;9;4;3;24;6;3;3;8;6;2;6;4;14;5;2;17;21;6.4063570982033955;6;1;3;2;0;21;-9.018040995620481;11;2;13;19;1;1;5;24;5;20;-8.601387271984366;3;1;14;15
TRACK:111;104;103;3;0;5;0;5;1;6;4;3;0;10;25;0;5;0;4;25;4;24;3;6;4;12;6;2;5;3;0;3;7;-2.100216606005416;4;24;1;6;2;6;17;6;9;2;5;1;13;13;3;4;12;4;3;2;2;2;2;1;2;10;11;6;9;4;3;24;6;3;10;6;2;6;4;14;5;2;17;21;6.401987553250171;6;1;3;2;0;21;-8.958731153295547;11;2;13;19;1;1;5;24;5;20;-8.512426269256652;3;1;14;15
TRACK:112;101;86;3;0;5;0;5;1;6;4;3;0;10;25;0;5;0;4;20;0.47558189297934345;4;24;3;6;1;19;14;6;2;5;3;0;6;9;4;24;13;4;3;2;2;2;2;1;2;10;11;6;9;4;3;24;6;3;3;8;6;2;6;4;14;5;2;17;21;6.359050022956504;6;1;3;2;0;21;-9.004576870715225;11;2;13;19;1;1;5;24;5;20;-8.767894029064937;3;5;25
TRACK:113;101;86;3;0;5;0;20;0.47558189297934345;6;2;5;3;0;3;7;-2.238615529952639;4;24;1;6;2;6;17;6;9;2;5;1;13;13;3;4;12;4;3;2;2;2;2;1;2;10;11;6;9;4;3;24;6;3;3;8;6;2;6;4;14;5;2;17;21;6.244130467165707;6;1;3;2;2;20;7.4990535672074685;18;2;13;19;1;1;5;24;5;20;-8.556808094301108;3;1;14;15
TRACK:114;81;106;3;0;5;0;5;1;6;4;3;0;10;25;0;5;0;4;20;0.5439829361128155;4;24;3;6;1;19;14;6;2;5;3;0;3;7;-1.73109999719737;4;24;1;6;2;6;17;6;9;2;5;1;13;13;3;4;12;4;3;2;2;2;2;1;2;10;11;6;9;4;3;24;6;3;3;8;6;2;6;4;14;5;2;17;21;6.424269014427377;6;1;3;2;0;21;6.33278519888824;11;2;13;19;1;1;5;24;5;20;-8.615834387030771;3;1;14;15
TRACK:115;81;106;3;0;5;0;5;1;6;4;3;0;10;25;0;5;0;4;25;4;24;3;2;6;12;3;7;1.0504483105606415;6;2;5;3;0;3;7;-2.0331132896246493;4;24;1;6;2;6;17;6;9;2;5;1;13;13;3;4;12;4;3;2;2;0;10;25;6;2;6;4;14;5;2;17;21;6.33278519888824;6;5;6;2;5;11;4;10
TRACK:116;86;7;3;0;5;0;5;1;6;4;3;0;10;25;0;5;0;4;25;4;24;3;2;6;12;3;7;0.9259080431941336;6;2;5;3;0;3;7;-2.238615529952639;4;24;1;6;2;6;17;6;9;2;5;1;13;13;5;24;4;3;2;2;2;2;1;2;10;11;6;9;4;3;24;6;3;3;8;6;2;6;4;14;5;2;17;21;6.244130467165707;6;1;3;2;2;20;7.4990535672074685;18;2;13;19;1;1;5;24;5;20;-8.556808094301108;3;1;14;15
TRACK:117;86;7;3;0;5;0;5;1;6;4;3;0;10;25;1;1;5;24;5;20;-8.556808094301108;3;1;14;15;6;2;5;3;0;3;7;-1.9760298505980227;4;24;1;6;2;6;17;6;9;2;5;1;13;13;3;4;12;4;3;2;2;2;2;1;2;10;11;6;9;4;3;24;6;3;3;8;6;2;6;4;14;5;2;17;21;6.290849341883604;6;1;3;2;0;21;-9.085222913684943;11;2;13;19;1;1;5;24;5;20;-8.496412206106028;3;1;14;15
TRACK:118;81;101;3;0;5;0;5;1;6;4;3;0;10;25;0;5;0;4;20;0.5439829361128155;4;24;3;6;1;19;14;6;2;5;3;0;3;7;-1.73109999719737;4;24;1;6;2;6;17;6;9;2;5;1;13;13;3;4;12;4;3;2;2;2;2;1;2;10;11;6;9;4;3;24;6;3;3;8;6;2;6;4;14;5;2;17;21;6.424269014427377;6;1;3;2;0;21;-8.924731620933152;11;4;14;1;1;5;24;5;20;-8.615834387030771;3;1;14;15
TRACK:119;81;101;3;0;5;0;5;1;6;4;3;0;10;25;0;2;1;2;10;11;6;9;4;3;24;3;6;1;19;14;6;2;5;3;0;3;7;-1.8022005924701445;4;24;13;4;3;2;2;2;2;1;2;10;11;6;9;4;3;24;6;3;3;8;6;2;6;4;14;5;2;17;21;6.359050022956504;6;1;3;2;0;21;-9.004576870715225;11;2;13;19;1;1;5;24;5;20;-8.767894029064937;3;5;25
TRACK:120;110;-1;3;0;5;0;0;4;2;3;0;2;16;7;-4.459172324555263;3;18;2;5;2;12;11;3;2;16;10;6;4;0;5;3;9;4;3;17;6;2;5;3;0;3;25;4;24;5;2;5;6;7;0.6894836858391973;4;5;15;4;3;2;2;2;2;1;2;10;11;6;9;4;3;24;6;3;3;8;6;2;6;4;14;5;2;17;21;6.491471707401218;6;1;3;2;0;21;-9.042407154409828;11;2;13;19;1;1;5;24;5;20;-8.597901701432836;3;1;14;15
TRACK:121;112;-1;3;0;5;0;1;4;6;5;18;6;3;6;14;6;2;5;3;0;6;9;4;24;13;4;3;2;2;2;2;1;2;10;11;6;9;4;3;24;6;3;3;8;6;2;6;4;14;5;2;17;21;6.3794665563175945;6;1;3;2;0;21;-9.033799438102116;11;2;13;19;1;1;5;24;5;20;-8.817620883092443;3;5;25
TRACK:122;114;-1;3;0;5;0;5;1;6;4;3;0;10;25;0;5;0;4;20;0.5124585032280022;4;24;3;6;1;19;14;6;2;5;3;0;3;7;-1.8037853606497314;4;24;1;6;2;6;17;6;9;2;5;1;13;13;3;4;12;4;3;2;2;2;2;1;2;10;11;6;9;4;3;24;6;3;3;8;6;2;6;4;14;5;2;17;21;6.379055085535604;6;1;5;6;8;1;1;5;24;5;20;-8.852515098304977;3;1;14;15
TRACK:123;116;-1;3;0;5;0;5;1;6;4;3;0;10;25;0;5;0;4;25;4;24;3;2;6;12;3;7;0.9039165540673119;6;2;5;3;0;3;7;-2.2226863513534654;4;24;1;6;2;6;17;6;9;2;5;1;13;13;5;24;4;3;2;2;2;2;1;2;10;11;6;9;4;3;24;6;3;3;8;6;2;6;4;14;5;2;17;21;6.130753395058087;6;1;3;2;2;20;7.563382239454154;18;2;13;19;1;1;5;24;5;20;-8.499663360511901;3;1;14;11
TRACK:124;118;-1;5;2;0;1;6;4;0;6;24;4;8;3;3;0;2;18;25;2;25;18;3;0;1;0;0;24;8;4;10;6;6;17;3;4;6;7;8.09556569822021;1;6;5;2;1;0;13;8;4;7;-6.670221761535471;6;2;7;5.443112937066289;12;5;3;0;3;6;13;0;2;9;15;0;18;23;-2.8180088690916705
TRACK:125;111;-1;5;3;6;1;6;9;4;14
TRACK:126;113;-1;3;0;5;0;20;0.4102344880629288;6;2;5;3;0;3;8;4;24;1;6;2;6;17;6;9;2;5;1;13;13;3;4;12;4;3;2;2;2;2;1;2;10;11;6;9;4;3;24;6;3;3;8;6;2;6;4;14;5;2;17;21;6.366394248862836;6;1;3;2;2;20;7.465415540844345;18;2;13;19;1;1;5;24;5;20;-8.510191722646915;3;1;14;15
TRACK:127;115;-1;3;0;5;0;5;1;6;4;3;0;10;25;0;5;0;12;12;3;2;6;12;3;7;1.0373685203892353;6;2;5;3;0;3;7;-2.139964931780888;4;24;1;6;2;6;17;6;9;2;5;1;13;13;3;4;12;4;3;2;2;0;10;25;6;2;6;4;14;5;2;17;21;6.326197884730589;6;5;6;2;5;11;4;10
TRACK:128;117;-1;3;0;5;0;5;1;6;4;3;0;10;25;1;1;5;24;5;20;-8.700269862633405;3;1;14;15;6;5;4;6;5;5;9;4;3;2;2;2;2;1;2;10;11;6;9;4;3;24;6;3;3;8;6;2;6;4;14;5;2;17;21;6.36350601331588;6;1;3;2;0;21;-9.071520949730035;11;2;13;19;1;1;5;24;5;20;-8.609871164559637;3;1;14;15
TRACK:129;119;-1;3;0;5;0;5;1;6;4;3;0;10;25;0;2;1;2;10;11;6;9;4;3;24;3;6;1;19;14;6;2;5;3;0;3;7;-1.8354590092928982;4;24;1;0;4;6;16;0;2;16;12;1;19;13;2;2;1;8;13;6;17;0;2;15;22;-0.5992256054600276;0;11;16;4;3;2;2;2;2;1;2;10;11;6;9;4;3;24;6;3;3;8;6;2;6;4;14;5;2;17;21;6.457981115004666;6;1;3;2;0;21;-9.066483315303584;11;2;13;19;1;1;5;24;5;20;-8.803832884510484;3;5;25
EVAL_INSTANCE:6:0:120
EVAL_INSTANCE:6:1:121
EVAL_INSTANCE:6:2:122
EVAL_INSTANCE:6:3:123
EVAL_INSTANCE:6:4:124
EVAL_INSTANCE:6:5:125
EVAL_INSTANCE:6:6:126
EVAL_INSTANCE:6:7:127
EVAL_INSTANCE:6:8:128
EVAL_INSTANCE:6:9:129
RUN_RESULT:6:0:0:2000:----
RUN_RESULT:6:1:0:2000:----
RUN_RESULT:6:2:0:19:UUUURULULL
RUN_RESULT:6:3:0:936:UUUURLDLL
RUN_RESULT:6:4:0:2000:----
RUN_RESULT:6:5:0:2000:----
RUN_RESULT:6:6:0:2000:----
RUN_RESULT:6:7:0:2000:----
RUN_RESULT:6:8:0:2000:----
RUN_RESULT:6:9:0:2000:----
     7 |       70 | -3.354100E+03 | -3.981000E+03
TRACK:130;122;44;3;0;5;0;5;1;6;4;3;0;10;25;0;5;0;4;20;0.5124585032280022;4;24;3;6;1;19;14;6;2;5;3;0;3;7;-1.8037853606497314;4;24;1;6;2;6;17;6;9;2;5;1;13;13;3;4;12;4;3;2;11;6;1;5;6;8;1;1;5;24;5;20;-8.852515098304977;3;1;14;15
TRACK:131;122;44;3;0;5;0;5;1;6;4;3;0;10;25;0;5;0;4;25;4;24;3;6;1;19;14;6;2;5;3;0;3;7;-1.9236812412728086;4;24;1;6;2;6;17;6;9;2;5;1;13;13;3;4;12;4;3;2;17;6;1;3;2;0;21;-9.07793428675246;11;2;13;19;1;1;5;24;5;20;-8.505580848173366;3;1;14;15
TRACK:132;101;81;3;0;5;0;5;1;6;4;3;0;10;25;0;5;0;4;20;0.47558189297934345;4;24;3;6;1;19;14;6;2;5;3;0;3;7;-1.8022005924701445;4;24;13;4;3;2;2;2;2;1;2;10;11;6;9;4;3;24;6;3;3;8;6;2;6;4;14;5;20;-8.615834387030771;6;1;3;2;0;21;-9.004576870715225;11;2;13;19;1;1;5;24;5;20;-8.767894029064937;3;5;25
TRACK:133;101;81;3;0;5;0;5;1;6;4;3;0;10;25;0;5;0;4;20;0.5439829361128155;4;24;3;6;1;19;14;6;2;5;3;0;3;7;-1.73109999719737;4;24;1;6;2;6;17;6;9;2;5;1;13;13;3;4;12;4;3;2;2;2;2;1;2;10;11;6;9;4;3;24;6;3;3;8;6;2;6;4;9;5;2;17;21;6.424269014427377;6;1;3;2;0;21;-8.924731620933152;11;2;13;19;1;1;5;24;5;20;-8.615834387030771;3;1;14;15
TRACK:134;106;123;3;0;5;0;5;1;6;4;3;0;10;25;0;5;0;4;25;4;24;3;2;6;12;3;7;1.0504483105606415;6;2;5;3;0;3;7;-2.0331132896246493;4;24;1;6;2;6;17;6;9;2;5;1;13;13;3;4;12;4;3;1;3;2;2;20;7.563382239454154;18;2;13;19;1;1;5;24;5;20;-8.499663360511901;3;1;14;11
TRACK:135;106;123;3;0;5;0;5;1;6;4;3;0;10;25;0;5;0;4;25;4;24;3;2;6;12;3;7;0.9039165540673119;6;2;5;3;0;3;7;-2.2226863513534654;4;24;1;6;2;6;17;6;9;2;5;1;13;13;5;24;4;3;2;2;2;2;1;2;10;11;6;9;4;3;24;4;24;6;2;6;4;14;5;2;17;21;6.130753395058087;6;1;3;2;2;20;7.563382239454154;18;2;13;19;1;1;5;24;5;20;-8.499663360511901;3;1;14;11
TRACK:136;101;106;3;0;5;0;5;1;6;4;3;0;10;25;0;5;0;4;20;0.47558189297934345;4;24;3;6;1;19;14;6;2;5;3;0;3;7;-1.8022005924701445;4;24;13;4;3;2;2;2;2;1;2;10;11;6;9;4;3;24;6;3;3;8;6;2;6;4;14;5;2;17;21;6.359050022956504;6;1;3;2;0;21;-9.004576870715225;11;2;13;19;1;1;5;24;5;9;3;5;25
TRACK:137;101;106;3;0;5;0;5;1;6;4;3;0;10;25;0;5;0;4;25;4;24;3;2;6;12;3;7;1.0504483105606415;6;2;5;3;0;3;7;-2.0331132896246493;4;24;1;6;2;6;17;6;9;2;5;10;3;4;12;4;3;2;2;2;2;1;2;10;11;6;9;4;3;24;6;3;3;8;6;2;6;4;14;5;2;17;21;6.33278519888824;6;5;6;2;5;11;4;10
TRACK:138;122;81;3;0;5;0;5;1;6;4;3;0;10;25;0;5;0;4;20;0.5124585032280022;4;24;3;6;1;19;14;6;2;5;3;0;3;7;-1.8037853606497314;4;24;1;6;2;6;17;6;9;2;5;1;13;13;3;4;12;4;3;2;2;2;2;1;2;10;11;6;9;4;3;24;6;3;3;8;6;2;6;4;14;5;2;17;20;0.5439829361128155;6;1;5;6;8;1;1;5;24;5;20;-8.852515098304977;3;1;14;15
TRACK:139;122;81;3;0;5;0;5;1;6;4;3;0;10;25;0;5;0;4;20;0.5439829361128155;4;24;3;6;1;19;14;6;2;5;3;0;3;7;-1.73109999719737;4;24;1;6;2;6;17;6;9;2;5;1;13;13;3;4;12;4;3;2;2;2;2;1;2;10;11;6;9;4;3;24;6;3;3;8;6;0;4;20;0.5124585032280022;4;24;6;1;3;2;0;21;-8.924731620933152;11;2;13;19;1;1;5;24;5;20;-8.615834387030771;3;1;14;15
TRACK:140;130;-1;3;0;5;0;5;1;6;4;3;0;10;25;0;5;0;4;20;0.48299095418839505;4;24;3;6;1;19;14;6;2;5;3;0;3;7;-1.8192931324550754;4;24;1;6;2;6;17;6;9;2;5;1;13;13;3;4;12;4;3;2;11;6;1;6;1;5;16;0;11;17;1;1;5;24;5;20;-8.862747573010546;3;1;14;15
TRACK:141;101;-1;3;0;5;0;5;1;6;4;3;0;10;17;0;5;0;4;20;0.5461614997804684;4;24;3;6;1;19;14;6;2;5;3;0;3;7;-1.8250688532425001;4;24;13;4;3;2;2;2;2;1;2;10;11;6;9;4;3;24;6;3;3;8;6;2;6;4;14;5;2;17;21;6.367311904107192;6;1;3;2;0;21;-9.021731714682954;11;2;13;19;1;1;5;24;5;20;-8.749330855615382;3;5;25
TRACK:142;134;-1;3;0;5;0;5;1;6;4;3;0;10;25;6;3;2;0;24;9;1;10;16;6;2;5;3;0;3;7;-1.8722950880037843;4;24;1;6;2;6;17;6;9;2;5;1;13;13;3;4;12;4;3;1;3;2;2;20;7.479457954185452;18;2;13;19;1;1;5;24;5;20;-8.44697395230294;3;1;14;11
TRACK:143;136;-1;3;0;5;0;5;1;6;4;3;0;10;25;0;5;0;4;20;0.49966329163192214;4;24;3;6;1;19;14;6;3;3;23;-4.205311147140014;4;3;2;2;2;2;1;2;10;11;6;9;4;3;24;6;3;3;8;6;2;6;4;14;5;2;17;21;6.397399146599506;6;1;3;2;0;21;-8.976349003484424;11;2;13;19;1;1;5;24;5;9;3;5;25
TRACK:144;138;-1;3;0;5;0;5;1;6;4;3;0;10;25;0;5;0;1;19;21;2.6093143941679475;4;24;3;6;1;19;14;6;2;5;3;0;3;7;-1.7831336895870797;4;24;1;6;2;6;17;6;9;2;5;1;13;13;3;4;12;4;3;2;2;2;2;1;2;10;11;6;9;4;3;24;6;3;3;8;6;2;6;4;14;5;2;17;20;0.6456212560853419;6;1;5;6;8;1;1;5;24;5;20;-8.808301557295296;3;1;14;15
TRACK:145;131;-1;3;0;5;0;5;1;6;4;3;0;10;25;0;5;0;4;25;4;24;3;6;1;19;14;6;2;3;8;1;6;2;6;17;6;9;2;5;1;13;13;3;4;12;4;3;2;17;6;1;3;2;0;21;-9.0156065653438;11;2;13;19;1;1;5;24;5;20;-8.548283997601265;3;1;14;15
TRACK:146;81;-1;3;0;5;0;5;1;6;4;3;0;10;25;0;5;0;4;20;0.29719879543533767;4;24;3;6;1;19;14;6;2;5;3;0;3;7;-1.8159856771359104;4;24;1;6;2;6;17;6;9;2;5;1;13;9;3;4;12;4;3;2;2;2;2;1;2;10;11;6;9;4;3;24;6;3;3;8;6;2;6;4;14;5;2;17;21;6.44872495714211;6;1;3;2;0;21;-8.955799565833567;11;2;13;19;1;1;5;24;5;20;-8.634081021682409;3;1;14;15
TRACK:147;135;-1;3;0;5;0;5;1;6;4;3;1;16;11;0;5;0;4;25;4;24;3;2;6;12;3;7;0.9404522494555165;6;2;5;3;0;3;7;-2.053483310207488;4;24;1;6;2;6;17;6;9;2;5;1;13;13;5;24;4;3;2;2;2;2;1;2;10;11;6;9;4;3;24;4;24;6;2;6;4;14;5;2;17;21;5.9805176548824965;6;1;3;2;2;20;7.603629695576719;18;2;13;19;1;1;5;24;5;20;-8.492129349955285;3;1;14;11
TRACK:148;137;-1;3;0;5;0;5;1;6;4;3;0;10;25;0;5;0;4;25;4;24;3;2;6;12;3;7;0.9276847043690636;6;2;5;3;0;3;7;-1.9705447304762698;4;24;1;6;2;6;17;6;9;2;5;10;3;4;12;4;3;2;2;2;2;1;2;10;11;6;9;4;0;19;11;6;3;3;8;6;2;6;4;14;5;2;17;21;6.293543299736631;6;5;6;2;5;11;4;10
TRACK:149;139;-1;3;0;5;0;5;1;6;4;3;0;10;25;0;5;0;4;20;0.5901747219367948;4;24;3;6;1;19;14;6;2;5;3;0;6;20;-6.302311959641791;4;24;1;6;2;6;17;6;9;2;5;1;13;13;3;4;12;4;3;2;2;2;2;1;2;10;11;6;9;4;3;24;6;3;3;8;6;0;4;20;0.5175139738233312;4;24;6;1;3;2;0;21;-8.824822200621846;11;2;13;19;1;1;5;24;5;20;-8.558246258274918;3;1;14;15
EVAL_INSTANCE:7:0:140
EVAL_INSTANCE:7:1:141
EVAL_INSTANCE:7:2:142
EVAL_INSTANCE:7:3:143
EVAL_INSTANCE:7:4:144
EVAL_INSTANCE:7:5:145
EVAL_INSTANCE:7:6:146
EVAL_INSTANCE:7:7:147
EVAL_INSTANCE:7:8:148
EVAL_INSTANCE:7:9:149
RUN_RESULT:7:0:0:2000:----
RUN_RESULT:7:1:0:19:UUUURULULL
RUN_RESULT:7:2:0:2000:----
RUN_RESULT:7:3:0:158:UUUURRURRRLRULURLULL
RUN_RESULT:7:4:0:953:UUUURLDLL
RUN_RESULT:7:5:0:2000:----
RUN_RESULT:7:6:0:73:UUUURRLURULRLULL
RUN_RESULT:7:7:0:940:UUUURLDLL
RUN_RESULT:7:8:0:2000:----
RUN_RESULT:7:9:0:2000:----
     8 |       80 | -3.616300E+03 | -3.981000E+03
TRACK:150;106;122;3;0;5;0;5;1;6;4;3;0;10;25;0;5;0;4;25;4;24;3;2;6;12;3;7;1.0504483105606415;6;2;21;6.379055085535604;1;6;2;6;17;6;9;2;5;1;13;13;3;4;12;4;3;2;2;2;2;1;2;10;11;6;9;4;3;24;6;3;3;8;6;2;6;4;14;5;2;17;21;6.33278519888824;6;5;6;2;5;11;4;10
TRACK:151;106;122;3;0;5;0;5;1;6;4;3;0;10;25;0;5;0;4;20;0.5124585032280022;4;24;3;6;1;19;14;6;2;5;3;0;3;7;-1.8037853606497314;4;24;1;6;2;6;17;6;9;2;5;1;13;13;3;4;12;4;3;2;2;2;24;6;3;3;8;6;2;6;4;14;5;2;17;21;6.379055085535604;6;1;5;6;8;1;1;5;24;5;20;-8.852515098304977;3;1;14;15
TRACK:152;146;81;3;0;5;0;5;1;6;4;3;0;10;25;0;5;0;4;20;0.29719879543533767;4;24;3;6;1;19;14;6;2;5;3;0;3;7;-1.8159856771359104;4;24;1;6;2;6;17;6;9;2;5;1;13;9;3;4;12;4;3;2;2;2;2;1;2;10;11;6;9;4;3;24;6;3;3;8;6;2;6;4;14;5;2;17;21;6.44872495714211;6;1;3;2;0;21;-8.955799565833567;11;2;9;19;1;1;5;24;5;20;-8.634081021682409;3;1;14;15
TRACK:153;146;81;3;0;5;0;5;1;6;4;3;0;10;25;0;5;0;4;20;0.5439829361128155;4;24;3;6;1;19;14;6;2;5;3;0;3;9;4;24;1;6;2;6;17;6;9;2;5;1;13;13;3;4;12;4;3;2;2;2;2;1;2;10;11;6;9;4;3;24;6;3;3;8;6;2;6;4;14;5;2;17;21;6.424269014427377;6;1;3;2;0;21;-8.924731620933152;11;2;13;19;1;1;5;24;5;20;-8.615834387030771;3;1;14;15
TRACK:154;101;141;3;0;5;0;5;1;6;4;3;0;10;25;0;5;0;13;4;24;3;6;1;19;14;6;2;5;3;0;3;7;-1.8022005924701445;4;24;13;4;3;2;2;2;2;1;2;10;11;6;9;4;3;24;6;3;3;8;6;2;6;4;14;5;2;17;21;6.359050022956504;6;1;3;2;0;21;-9.004576870715225;11;2;13;19;1;1;5;24;5;20;-8.767894029064937;3;5;25
TRACK:155;101;141;3;0;5;0;5;1;6;4;3;0;10;17;0;5;0;4;20;0.5461614997804684;4;24;3;6;1;19;14;6;2;5;3;0;3;7;-1.8250688532425001;4;24;13;4;3;2;2;2;2;4;14;4;3;24;6;3;3;8;6;2;6;4;14;5;2;17;21;6.367311904107192;6;1;3;2;0;21;-9.021731714682954;11;2;13;19;1;1;5;24;5;20;-8.749330855615382;3;5;25
TRACK:156;147;101;3;0;5;0;5;1;6;4;3;1;16;11;0;5;0;4;25;4;24;3;2;6;12;3;7;0.9404522494555165;6;2;5;3;0;3;7;-2.053483310207488;4;24;1;6;2;6;17;6;9;2;5;1;13;13;5;24;4;3;2;2;2;2;1;2;20;0.47558189297934345;11;6;9;4;3;24;4;24;6;2;6;4;14;5;2;17;21;5.9805176548824965;6;1;3;2;2;20;7.603629695576719;18;2;13;19;1;1;5;24;5;20;-8.492129349955285;3;1;14;11
TRACK:157;147;101;3;0;5;0;5;1;6;4;3;0;10;25;0;5;0;4;20;0.47558189297934345;4;24;3;6;1;19;14;6;2;5;3;0;3;7;-1.8022005924701445;4;24;13;4;3;2;2;2;2;1;2;10;11;6;9;4;3;24;6;3;3;8;6;2;6;4;14;5;2;17;21;6.359050022956504;6;1;3;2;0;21;-9.004576870715225;11;2;13;19;1;3;1;14;11;3;5;25
TRACK:158;143;81;3;0;5;0;5;1;6;4;3;0;10;25;0;5;0;4;20;0.49966329163192214;4;24;3;6;1;19;14;6;3;3;23;-4.205311147140014;4;3;2;2;2;2;1;2;10;11;6;9;4;3;24;6;3;3;8;6;2;6;4;14;5;2;17;21;6.397399146599506;6;1;3;2;0;21;-8.976349003484424;11;2;13;19;1;1;11;5;9;3;5;25
TRACK:159;143;81;3;0;5;0;5;1;6;4;3;0;10;25;0;5;0;4;20;0.5439829361128155;4;24;3;6;1;19;14;6;2;5;3;0;3;7;-1.73109999719737;4;24;1;6;2;6;17;6;9;2;5;1;13;13;3;4;12;4;3;2;2;2;2;1;2;10;11;2;13;19;4;3;24;6;3;3;8;6;2;6;4;14;5;2;17;21;6.424269014427377;6;1;3;2;0;21;-8.924731620933152;11;2;13;19;1;1;5;24;5;20;-8.615834387030771;3;1;14;15
TRACK:160;150;-1;3;0;5;0;5;1;6;4;3;0;10;25;0;5;0;4;25;4;24;3;2;6;12;3;7;0.973043118683068;6;2;21;6.325521398370869;1;6;2;6;17;6;9;2;3;19;3;4;12;4;3;2;2;2;2;1;2;10;11;6;9;4;3;24;6;3;3;8;6;2;6;4;14;5;2;17;21;6.3586789895847415;6;5;6;2;5;11;4;10
TRACK:161;152;-1;3;0;5;0;5;1;6;4;3;0;10;25;0;5;0;4;20;0.19606791035961085;4;24;3;6;1;19;14;6;2;5;2;2;11;18;2;8;23;8.10842403123285;1;6;2;6;17;6;9;2;5;1;13;9;3;4;12;4;3;2;2;2;2;1;2;10;11;6;9;4;3;24;6;3;3;8;6;2;6;4;14;5;2;17;21;6.516555899978785;6;1;3;2;0;21;-9.004556639928492;11;2;9;19;1;1;5;24;5;20;-8.61855089026027;3;1;14;15
TRACK:162;154;-1;3;0;5;0;5;1;6;4;3;0;10;25;0;5;0;13;4;24;3;6;1;19;14;6;2;5;3;0;3;7;-1.9096030885965802;4;24;13;4;3;2;2;2;2;1;2;21;5.312922384895238;11;6;9;4;3;24;6;3;3;8;6;2;6;4;14;5;2;17;21;6.437088472147569;6;1;3;2;0;21;-9.101372398852588;11;2;13;19;1;1;5;24;5;20;-8.750307706895466;3;5;25
TRACK:163;156;-1;3;0;5;0;5;1;6;4;3;1;16;11;0;5;0;4;25;4;24;3;2;6;12;3;7;0.887185831541812;6;2;5;3;0;3;7;-1.9053531803327444;4;24;1;6;2;6;17;6;9;2;5;1;13;13;5;24;4;3;2;2;2;2;1;2;20;0.5755162480998437;11;6;9;4;2;25;10;4;24;6;2;6;4;14;5;2;17;21;5.913242674799596;6;1;3;2;2;20;7.687209716473326;18;2;13;19;1;1;5;24;5;20;-8.484855475242048;3;1;14;11
TRACK:164;158;-1;3;0;5;0;1;0;3;1;15;7;0.07110243848110187;1;2;21;-6.740211724200938;17;2;15;16;4;1;1;9;18;0;25;14;6;3;3;23;-4.353881803948801;4;3;2;2;2;2;1;2;10;11;6;9;4;3;24;6;3;3;8;6;2;6;4;14;5;2;17;21;6.456989978766878;6;1;3;2;0;21;-9.101469655872025;11;2;13;19;1;1;11;5;9;3;5;25
TRACK:165;151;-1;3;0;5;0;5;1;6;4;3;0;10;25;0;5;0;4;20;0.5920244096648637;4;24;3;6;1;19;14;6;2;5;3;0;3;7;-1.806143522364927;4;24;1;6;2;6;17;6;9;2;5;1;13;13;3;4;20;6.602108135778863;4;3;2;2;2;24;6;3;3;8;6;2;6;4;14;5;2;17;21;6.546633686822293;6;1;5;6;8;1;1;5;24;5;20;-8.793606444120678;3;1;14;15
TRACK:166;153;-1;3;0;5;0;5;1;6;4;3;0;10;25;0;5;0;4;20;0.5292040431377425;4;19;3;6;1;19;14;6;2;5;3;0;3;9;4;24;1;6;2;6;17;6;9;2;5;1;13;13;3;4;12;4;3;2;2;2;2;1;2;10;11;6;9;4;3;24;6;3;3;8;6;2;6;4;14;5;2;17;21;6.387681093171504;6;1;3;2;0;21;-8.678450988646127;11;2;13;19;1;1;5;24;5;20;-8.727132176563362;3;1;14;15
TRACK:167;155;-1;3;0;5;0;5;1;6;4;3;0;10;17;0;5;0;4;20;0.5923139684926174;4;24;3;6;1;19;14;6;2;5;3;0;3;7;-1.7659251559210432;4;24;4;3;0;19;23;-3.3345308796282547;4;3;2;2;2;2;4;14;4;3;24;6;3;3;8;6;2;6;4;14;5;2;17;21;6.346422817001647;6;1;3;2;0;21;-9.038617574680774;11;2;13;19;1;1;5;24;5;20;-8.705698076752071;3;5;25
TRACK:168;157;-1;3;0;5;0;5;1;6;4;3;0;10;25;0;5;0;4;20;0.4398847836001618;4;24;3;6;1;19;14;6;2;5;3;0;3;7;-1.806539917300055;4;24;13;4;3;2;2;2;2;1;2;10;11;6;9;4;3;24;6;3;3;8;6;2;6;4;14;5;2;17;21;6.373938459366095;6;1;3;2;6;24;2;13;19;1;3;1;14;11;3;5;25
TRACK:169;159;-1;3;0;5;0;5;1;6;4;3;0;10;25;0;5;0;4;20;0.6114977221174221;4;24;3;6;1;19;14;6;2;5;3;0;3;7;-1.794080866719697;4;24;1;6;2;6;17;6;9;2;5;1;13;13;3;4;12;4;3;2;2;2;2;1;2;10;11;2;13;19;4;3;24;6;3;3;8;6;2;6;4;14;5;2;17;21;6.623070382146702;6;1;3;2;0;21;-8.778825674474536;11;2;13;19;1;5;8;3;1;14;15
EVAL_INSTANCE:8:0:160
EVAL_INSTANCE:8:1:161
EVAL_INSTANCE:8:2:162
EVAL_INSTANCE:8:3:163
EVAL_INSTANCE:8:4:164
EVAL_INSTANCE:8:5:165
EVAL_INSTANCE:8:6:166
EVAL_INSTANCE:8:7:167
EVAL_INSTANCE:8:8:168
EVAL_INSTANCE:8:9:169
RUN_RESULT:8:0:0:2000:----
RUN_RESULT:8:1:0:2000:----
RUN_RESULT:8:2:0:685:DLDLLDU
RUN_RESULT:8:3:0:2000:----
RUN_RESULT:8:4:0:2000:----
RUN_RESULT:8:5:0:2000:----
RUN_RESULT:8:6:0:2000:----
RUN_RESULT:8:7:0:2000:----
RUN_RESULT:8:8:0:19:UUUURULULL
RUN_RESULT:8:9:0:2000:----
     9 |       90 | -3.735200E+03 | -3.981000E+03
TRACK:170;101;168;3;0;5;0;5;1;6;4;3;0;10;25;0;5;0;4;20;0.47558189297934345;4;24;3;6;1;19;14;6;2;5;3;0;3;7;-1.8022005924701445;4;24;13;4;3;2;2;2;2;1;2;10;11;6;9;4;3;24;6;24;6;2;6;4;14;5;2;17;21;6.359050022956504;6;1;3;2;0;21;-9.004576870715225;11;2;13;19;1;1;5;24;5;20;-8.767894029064937;3;5;25
TRACK:171;101;168;3;0;5;0;5;1;6;4;3;0;10;25;0;5;0;4;20;0.4398847836001618;4;24;3;6;1;19;14;6;2;5;3;0;3;7;-1.806539917300055;4;24;13;4;3;2;2;2;2;1;2;10;11;6;9;4;3;24;6;3;3;8;6;2;6;4;14;5;2;17;21;6.373938459366095;6;1;3;2;6;24;2;13;19;1;3;3;24;3;5;25
TRACK:172;122;141;3;0;5;0;5;1;6;4;3;0;10;25;0;5;0;4;20;0.5124585032280022;4;24;3;6;1;19;14;6;2;5;3;0;3;7;-1.8037853606497314;4;24;1;6;2;6;17;6;9;2;5;1;13;13;3;4;12;4;3;2;2;2;2;1;2;10;11;6;9;4;3;24;6;3;3;8;6;2;6;4;14;5;2;17;21;6.379055085535604;6;1;5;6;8;1;24;3;1;14;15
TRACK:173;122;141;3;0;5;0;5;1;6;4;3;0;10;17;0;5;0;4;20;0.5461614997804684;4;24;3;6;1;19;14;6;2;5;3;0;3;7;-1.8250688532425001;4;24;13;4;3;2;2;2;2;1;2;10;11;7;-1.8037853606497314;4;3;24;6;3;3;8;6;2;6;4;14;5;2;17;21;6.367311904107192;6;1;3;2;0;21;-9.021731714682954;11;2;13;19;1;1;5;24;5;20;-8.749330855615382;3;5;25
TRACK:174;81;101;3;0;5;0;5;1;6;4;3;0;10;25;0;5;0;4;20;0.5439829361128155;4;24;3;6;1;19;14;6;2;5;3;0;3;7;-1.73109999719737;4;24;1;6;2;6;17;6;9;2;5;1;13;13;3;4;12;4;3;2;2;2;2;1;2;10;11;6;9;4;3;24;6;3;3;8;6;2;6;4;14;5;2;17;21;6.424269014427377;6;1;3;2;0;21;-8.924731620933152;11;2;13;19;1;20;0.47558189297934345;3;1;14;15
TRACK:175;81;101;3;0;5;0;5;1;6;4;3;0;10;25;0;5;0;4;20;0.47558189297934345;4;24;3;6;1;19;14;6;2;5;3;0;3;7;-1.8022005924701445;4;24;13;4;3;2;2;2;2;1;2;10;11;6;9;4;3;24;6;3;3;8;6;2;10;5;2;17;21;6.359050022956504;6;1;3;2;0;21;-9.004576870715225;11;2;13;19;1;1;5;24;5;20;-8.767894029064937;3;5;25
TRACK:176;81;146;3;0;5;0;5;1;6;4;3;0;10;25;0;5;0;4;20;0.5439829361128155;4;24;3;6;1;19;14;6;2;5;3;0;3;24;4;24;1;6;2;6;17;6;9;2;5;1;13;13;3;4;12;4;3;2;2;2;2;1;2;10;11;6;9;4;3;24;6;3;3;8;6;2;6;4;14;5;2;17;21;6.424269014427377;6;1;3;2;0;21;-8.924731620933152;11;2;13;19;1;1;5;24;5;20;-8.615834387030771;3;1;14;15
TRACK:177;81;146;3;0;5;0;5;1;6;4;3;0;10;25;0;5;14;3;6;1;19;14;6;2;5;3;0;3;7;-1.8159856771359104;4;24;1;6;2;6;17;6;9;2;5;1;13;9;3;4;12;4;3;2;2;2;2;1;2;10;11;6;9;4;3;24;6;3;3;8;6;2;6;4;14;5;2;17;21;6.44872495714211;6;1;3;2;0;21;-8.955799565833567;11;2;13;19;1;1;5;24;5;20;-8.634081021682409;3;1;14;15
TRACK:178;122;168;3;0;5;0;5;1;6;4;3;0;10;25;0;5;0;4;20;0.5124585032280022;4;24;3;6;1;19;14;6;2;5;3;2;17;21;6.373938459366095;1;6;2;6;17;6;9;2;5;1;13;13;3;4;12;4;3;2;2;2;2;1;2;10;11;6;9;4;3;24;6;3;3;8;6;2;6;4;14;5;2;17;21;6.379055085535604;6;1;5;6;8;1;1;5;24;5;20;-8.852515098304977;3;1;14;15
TRACK:179;122;168;3;0;5;0;5;1;6;4;3;0;10;25;0;5;0;4;20;0.4398847836001618;4;24;3;6;1;19;14;6;2;5;3;0;3;7;-1.806539917300055;4;24;13;4;3;2;2;2;2;1;2;10;11;6;9;4;3;24;6;3;3;8;6;2;6;4;14;5;2;17;21;6.373938459366095;6;1;3;2;6;24;2;13;9;1;3;1;14;11;3;5;25
TRACK:180;170;-1;3;0;5;0;5;1;6;4;4;6;11;0;5;0;4;20;0.4205937595748287;4;24;3;6;1;19;14;6;2;5;3;0;3;7;-1.8001972749738717;4;24;13;4;3;2;2;2;2;1;2;10;11;6;9;4;3;24;6;24;6;2;6;4;14;5;2;17;21;6.312726878790319;6;1;3;2;0;21;-9.041245532130462;11;2;13;19;1;1;5;24;5;20;-8.818598811607407;3;5;25
TRACK:181;172;-1;3;0;5;0;5;1;6;4;3;0;10;25;0;5;0;4;20;0.3883209372594026;4;24;3;6;1;19;14;6;2;5;3;0;3;7;-1.7722386214485901;4;24;1;6;2;6;21;-5.899535936797906;6;9;2;5;1;13;13;3;4;12;4;3;2;2;2;2;1;2;10;11;6;9;4;3;24;6;3;3;8;6;2;6;4;14;5;2;17;21;6.44394329608705;6;1;5;6;8;1;24;3;1;14;15
TRACK:182;174;-1;3;0;5;0;5;1;6;4;3;0;10;25;0;5;0;4;20;0.4314780118920081;4;24;3;6;1;19;14;6;2;5;3;0;3;7;-1.7195597281310622;4;24;1;6;2;6;17;6;9;2;5;1;13;13;3;4;12;4;3;2;2;2;2;1;2;10;11;6;9;4;3;24;6;3;3;8;6;2;6;4;14;5;2;17;8;6;1;3;2;0;21;-8.852936174048578;11;2;13;19;1;20;0.4910548285825881;3;1;14;15
TRACK:183;176;-1;3;0;5;0;5;1;6;4;3;0;10;25;0;5;0;4;20;0.47691278587452884;4;24;3;6;1;19;14;6;2;5;3;0;3;24;4;24;1;6;2;6;17;6;9;2;5;1;16;13;3;4;12;4;3;2;2;2;2;1;2;10;11;6;9;4;3;24;6;3;3;8;6;2;6;4;14;5;2;17;21;6.33672847194377;6;1;3;2;0;21;-9.047398195469619;11;2;13;19;1;1;5;24;5;20;-8.669829036183042;3;1;14;15
TRACK:184;178;-1;3;0;5;0;5;1;6;4;3;0;10;25;0;5;0;4;20;0.4799228547591658;4;24;3;6;1;19;14;6;2;5;3;2;17;21;6.201141915888467;1;6;2;6;17;6;9;2;5;1;13;13;3;4;12;4;3;2;2;2;2;1;2;10;11;6;9;4;3;24;6;3;3;8;6;2;6;4;14;5;2;17;21;6.60007719262409;6;1;5;6;8;1;1;5;24;5;20;-8.795963018235467;3;1;14;13
TRACK:185;171;-1;3;0;5;0;5;1;6;4;3;0;10;25;0;5;0;4;20;0.4457813477080604;4;24;3;6;1;19;14;6;2;5;3;0;3;7;-1.9613652268082507;4;24;13;4;3;2;2;2;2;1;2;10;11;6;9;4;3;24;6;3;1;25;7;-8.589857739099251;6;2;6;4;14;5;2;17;21;6.364760471439112;6;1;3;2;6;24;2;13;19;1;3;3;24;3;5;25
TRACK:186;173;-1;3;0;5;0;5;1;6;4;3;0;10;17;0;5;0;4;20;0.4760076919222217;4;24;3;6;1;19;14;6;2;5;3;0;3;7;-1.8115151810075545;4;24;13;4;3;2;2;2;2;1;2;10;11;7;-1.8301756894750945;4;3;24;6;3;3;8;6;2;6;4;14;5;2;17;21;6.385657216912006;6;1;3;2;0;11;11;2;13;19;1;1;5;24;5;20;-8.706562939780751;3;5;25
TRACK:187;175;-1;3;0;5;0;5;1;6;4;3;0;10;25;0;5;0;4;20;0.4791080261147243;4;24;3;6;1;19;14;6;2;5;3;0;3;7;-1.7364295669033971;4;24;13;4;3;2;2;2;2;1;2;10;11;6;9;4;3;24;6;4;18;6;2;10;5;2;17;21;6.186319742808906;6;1;3;2;0;21;-9.143752287468086;11;2;13;19;1;1;5;24;5;20;-8.772247935090553;3;5;25
TRACK:188;177;-1;3;0;5;0;5;1;6;4;3;0;17;25;0;5;14;3;6;1;19;14;6;2;5;3;0;3;7;-1.7108806293948868;4;24;1;6;2;6;17;6;9;2;5;1;13;9;3;4;12;4;3;2;2;2;2;1;2;10;11;6;9;4;3;24;6;3;3;8;6;2;6;4;14;5;2;17;21;6.518694873798337;6;1;3;2;0;21;-9.094522820606938;11;2;13;19;1;1;5;24;5;20;-8.764289323005906;3;1;14;15
TRACK:189;179;-1;3;0;5;0;5;1;6;4;3;0;10;25;0;5;0;4;20;0.48629548879760237;4;24;3;6;1;19;14;6;2;5;3;0;3;7;-1.722142252595597;4;15;13;4;3;2;2;2;2;1;2;10;11;6;9;4;3;24;6;3;3;8;6;2;6;4;14;5;2;17;21;6.3704886722965375;6;1;3;2;6;24;2;13;9;1;3;1;14;11;3;5;25
EVAL_INSTANCE:9:0:180
EVAL_INSTANCE:9:1:181
EVAL_INSTANCE:9:2:182
EVAL_INSTANCE:9:3:183
EVAL_INSTANCE:9:4:184
EVAL_INSTANCE:9:5:185
EVAL_INSTANCE:9:6:186
EVAL_INSTANCE:9:7:187
EVAL_INSTANCE:9:8:188
EVAL_INSTANCE:9:9:189
RUN_RESULT:9:0:0:940:UUUURLDLL
RUN_RESULT:9:1:0:19:UUUURULULL
RUN_RESULT:9:2:0:2000:----
RUN_RESULT:9:3:0:19:UUUURULULL
RUN_RESULT:9:4:0:2000:----
RUN_RESULT:9:5:0:2000:----
RUN_RESULT:9:6:0:1167:UUUULLRLULLL
RUN_RESULT:9:7:0:95:UUUULLRLULLL
RUN_RESULT:9:8:0:2000:----
RUN_RESULT:9:9:0:19:UUUURULULL
    10 |      100 | -3.968000E+03 | -3.981000E+03
TRACK:190;101;189;3;0;5;0;5;1;6;4;3;0;10;25;0;5;0;4;20;0.47558189297934345;4;24;3;6;1;19;14;6;2;5;3;0;3;7;-1.8022005924701445;4;24;13;4;3;2;2;2;2;1;2;10;11;6;9;4;3;24;24;6;2;6;4;14;5;2;17;21;6.359050022956504;6;1;3;2;0;21;-9.004576870715225;11;2;13;19;1;1;5;24;5;20;-8.767894029064937;3;5;25
TRACK:191;101;189;3;0;5;0;5;1;6;4;3;0;10;25;0;5;0;4;20;0.48629548879760237;4;24;3;1;2;10;11;6;9;6;2;5;3;0;3;7;-1.722142252595597;4;15;13;4;3;2;2;2;2;1;2;10;11;6;9;4;3;24;6;3;3;8;6;2;6;4;14;5;2;17;21;6.3704886722965375;6;1;3;2;6;24;2;13;9;1;3;1;14;11;3;5;25
TRACK:192;81;183;3;0;5;0;5;1;6;4;3;0;10;25;0;5;0;4;20;0.5439829361128155;4;24;3;6;1;19;14;6;2;5;3;0;3;7;-1.73109999719737;4;24;1;6;2;6;17;6;9;2;5;1;13;13;3;4;12;4;3;2;2;2;2;1;2;10;11;6;9;4;3;24;6;3;3;8;6;2;6;4;14;5;2;17;21;6.424269014427377;20;-8.669829036183042
TRACK:193;81;183;3;0;5;0;5;1;6;4;3;0;10;25;0;5;0;4;20;0.47691278587452884;4;24;3;6;1;19;14;6;2;5;3;0;3;24;4;24;1;6;2;6;17;6;9;2;5;1;16;13;3;4;12;4;3;2;12;6;1;3;2;0;21;-9.047398195469619;11;2;13;19;1;1;5;24;5;20;-8.669829036183042;3;1;14;15
TRACK:194;122;81;3;0;5;0;5;1;6;4;3;0;10;25;0;5;0;4;20;0.5124585032280022;4;24;3;6;1;19;14;6;2;5;3;0;3;7;-1.8037853606497314;4;24;1;6;2;6;17;6;9;2;5;1;13;13;3;4;12;4;3;2;2;2;2;1;2;10;11;6;9;4;3;24;6;3;3;8;6;2;13;5;2;17;21;6.379055085535604;6;1;5;6;8;1;1;5;24;5;20;-8.852515098304977;3;1;14;15
TRACK:195;122;81;3;0;5;0;5;1;6;4;3;0;10;25;0;5;0;4;20;0.5439829361128155;4;24;3;6;1;19;14;6;2;5;3;0;3;7;-1.73109999719737;4;24;1;6;2;6;17;6;9;2;5;1;13;13;3;4;12;4;3;2;2;2;2;1;2;9;11;6;9;4;3;24;6;3;3;8;6;2;6;4;14;5;2;17;21;6.424269014427377;6;1;3;2;0;21;-8.924731620933152;11;2;13;19;1;1;5;24;5;20;-8.615834387030771;3;1;14;15
TRACK:196;101;122;3;0;5;0;5;1;6;4;3;0;10;25;0;5;0;4;20;0.47558189297934345;4;24;3;6;1;19;14;6;2;5;3;0;3;7;-1.8022005924701445;4;24;13;4;3;2;2;2;2;1;2;10;11;6;9;4;3;24;6;3;3;8;6;2;6;4;14;5;2;17;21;6.359050022956504;6;1;3;2;0;21;-9.004576870715225;11;2;13;19;1;1;5;8;5;20;-8.767894029064937;3;5;25
TRACK:197;101;122;3;0;5;0;3;5;25;6;2;5;3;0;3;7;-1.8037853606497314;4;24;1;6;2;6;17;6;9;2;5;1;13;13;3;4;12;4;3;2;2;2;2;1;2;10;11;6;9;4;3;24;6;3;3;8;6;2;6;4;14;5;2;17;21;6.379055085535604;6;1;5;6;8;1;1;5;24;5;20;-8.852515098304977;3;1;14;15
TRACK:198;183;189;3;0;5;0;5;1;6;4;3;0;10;25;0;5;0;4;20;0.47691278587452884;4;24;3;6;1;19;14;6;2;5;3;0;3;24;4;24;1;6;2;6;17;6;9;2;5;1;16;13;3;4;12;4;3;2;2;2;2;1;2;10;11;6;9;4;13;6;3;3;8;6;2;6;4;14;5;2;17;21;6.33672847194377;6;1;3;2;0;21;-9.047398195469619;11;2;13;19;1;1;5;24;5;20;-8.669829036183042;3;1;14;15
TRACK:199;183;189;3;0;5;0;5;1;6;4;3;0;10;25;0;5;0;4;20;0.48629548879760237;4;24;3;6;1;19;14;6;2;5;3;0;3;7;-1.722142252595597;4;15;13;4;3;2;2;2;4;3;0;10;25;6;3;3;8;6;2;6;4;14;5;2;17;21;6.3704886722965375;6;1;3;2;6;24;2;13;9;1;3;1;14;11;3;5;25
TRACK:200;190;-1;3;0;5;0;5;1;6;4;3;0;10;19;0;5;0;4;20;0.40946348848893427;4;24;3;6;1;19;14;6;2;5;3;0;3;7;-1.9878046018596978;4;24;13;4;3;2;2;2;2;1;2;10;11;6;9;4;3;24;24;6;2;6;4;14;5;2;17;21;6.347622677338269;6;1;3;2;0;21;-8.875320420505727;11;2;13;19;1;1;5;24;5;20;-8.84977603722951;3;5;25
TRACK:201;192;-1;3;0;5;0;5;1;6;4;3;0;10;25;0;5;0;4;20;0.5849415569589091;0;24;22;-6.805869909594991;3;6;1;19;14;6;2;5;3;0;3;7;-1.654967348935117;4;24;1;6;2;6;17;6;9;2;5;1;13;13;3;4;12;4;3;2;2;2;2;1;2;10;11;6;9;4;3;24;6;3;3;8;6;2;6;4;14;5;2;17;21;6.473640539747068;20;-8.688018463250547
TRACK:202;194;-1;3;0;5;0;5;1;6;4;3;0;10;25;0;5;0;4;20;0.4870661348682065;4;24;3;6;1;19;14;6;2;5;3;0;3;7;-1.6876248347043123;4;24;1;6;2;6;17;6;9;2;5;1;13;13;3;4;12;4;3;2;2;2;2;1;5;22;2.5673193272403623;6;9;4;3;24;6;3;3;8;6;2;13;5;2;17;21;6.4122577855187055;6;1;5;6;8;1;1;5;24;5;20;-8.727578406831068;3;1;14;15
TRACK:203;196;-1;3;0;5;0;5;1;6;4;3;0;10;25;0;5;0;4;20;0.4836515745185313;4;24;3;6;1;19;14;6;2;5;3;0;3;7;-1.6899103786349776;4;24;13;4;3;2;2;2;2;1;2;10;10;6;9;4;3;24;6;3;3;8;6;2;6;4;14;5;2;17;21;6.408236647461053;6;1;3;2;0;21;-8.955274478102039;11;2;13;19;1;1;5;8;5;20;-8.73914809724719;3;5;25
TRACK:204;198;-1;3;0;5;0;5;1;6;4;3;0;10;25;0;5;0;4;20;0.5295868699481479;4;24;3;6;1;19;14;6;2;5;3;0;3;24;4;24;1;6;2;6;17;6;9;2;5;1;16;13;3;3;13;4;3;2;2;2;2;1;2;10;11;6;9;4;13;6;3;3;8;6;2;6;4;14;5;2;17;21;6.2828958065216876;6;1;3;2;0;21;-9.086495856232398;11;2;13;19;1;1;5;24;5;20;-8.630695277893532;3;1;14;15
TRACK:205;191;-1;3;0;5;0;5;1;6;4;3;0;10;25;0;5;0;4;20;0.4524787479127734;4;24;3;1;2;10;11;6;9;6;2;5;3;0;3;7;-1.7979775729473078;4;15;13;4;3;2;2;2;2;1;2;10;11;6;9;4;3;24;6;3;3;8;6;2;6;4;14;5;6;24;6;1;3;2;6;24;2;13;9;1;3;1;14;11;3;5;25
TRACK:206;193;-1;3;0;5;0;5;1;6;4;3;0;10;25;0;5;0;4;20;0.5608426185508021;4;24;3;6;1;19;14;6;2;5;3;0;3;24;4;24;1;6;2;6;17;6;9;2;5;1;8;13;3;4;12;4;3;2;12;6;1;3;2;0;21;-9.01477547248259;11;2;13;19;1;1;5;24;5;20;-8.799304576964225;3;1;14;15
TRACK:207;195;-1;3;0;5;0;5;1;6;4;3;0;10;25;0;5;0;4;20;0.5969862944705244;4;24;3;6;1;19;14;6;2;5;1;8;11;1;6;2;6;17;6;9;2;5;1;13;13;3;4;12;4;3;2;2;2;2;1;2;9;11;6;9;4;3;24;6;3;3;8;6;2;6;4;14;5;2;17;21;6.4685528340633525;6;1;3;2;0;21;-8.996773342085646;11;2;13;19;1;1;5;24;5;20;-8.774339171764295;3;1;14;15
TRACK:208;197;-1;3;0;5;0;3;5;25;6;2;5;3;0;3;7;-1.893923294087154;4;24;1;6;2;6;17;6;9;2;5;1;13;13;3;4;12;4;3;2;2;2;2;1;2;10;11;6;9;4;3;24;6;3;3;8;6;2;6;4;14;5;2;17;21;6.369381948175536;6;1;5;6;8;1;0;10;10;3;1;14;15
TRACK:209;199;-1;2;3;2;5;15;5;21;-6.272357391837147;2;6;5;24;0;1;22;-9.596506411921858;24;0;18;21;-6.178700816130982
EVAL_INSTANCE:10:0:200
EVAL_INSTANCE:10:1:201
EVAL_INSTANCE:10:2:202
EVAL_INSTANCE:10:3:203
EVAL_INSTANCE:10:4:204
EVAL_INSTANCE:10:5:205
EVAL_INSTANCE:10:6:206
EVAL_INSTANCE:10:7:207
EVAL_INSTANCE:10:8:208
EVAL_INSTANCE:10:9:209
RUN_RESULT:10:0:0:2000:----
RUN_RESULT:10:1:0:949:UUUULLRLULLL
RUN_RESULT:10:2:0:19:UUUURULULL
RUN_RESULT:10:3:0:1167:UUUULLRLULLL
RUN_RESULT:10:4:0:19:UUUURULULL
RUN_RESULT:10:5:0:2000:----
RUN_RESULT:10:6:0:2000:----
RUN_RESULT:10:7:0:2000:----
RUN_RESULT:10:8:0:953:UUUURLDLL
RUN_RESULT:10:9:0:2000:----
    11 |      110 | -3.981000E+03 | -3.981000E+03
TRACK:210;101;202;3;0;5;0;5;1;6;4;3;0;10;25;0;5;0;4;20;0.47558189297934345;4;24;3;6;1;19;14;6;2;5;3;0;3;7;-1.8022005924701445;4;24;13;4;3;2;2;2;2;1;2;10;11;6;9;4;3;24;6;3;3;8;6;2;6;6;17;5;2;17;21;6.359050022956504;6;1;3;2;0;21;-9.004576870715225;11;2;13;19;1;1;5;24;5;20;-8.767894029064937;3;5;25
TRACK:211;101;202;3;0;5;0;5;1;6;4;3;0;10;25;0;5;0;4;20;0.4870661348682065;4;24;3;6;1;19;14;6;2;5;3;0;3;7;-1.6876248347043123;4;24;1;6;2;6;17;6;9;2;5;1;13;13;3;4;12;4;24
TRACK:212;81;122;3;0;5;0;5;1;6;4;3;0;10;25;0;5;0;4;20;0.5439829361128155;4;24;3;6;1;19;14;6;2;5;3;0;3;7;-1.73109999719737;17;1;6;2;6;17;6;9;2;5;1;13;13;3;4;12;4;3;2;2;2;2;1;2;10;11;6;9;4;3;24;6;3;3;8;6;2;6;4;14;5;2;17;21;6.424269014427377;6;1;3;2;0;21;-8.924731620933152;11;2;13;19;1;1;5;24;5;20;-8.615834387030771;3;1;14;15
TRACK:213;81;122;3;0;5;0;5;1;6;4;3;0;10;25;0;5;0;4;20;0.5124585032280022;4;24;3;6;1;19;14;6;2;5;3;0;3;7;-1.8037853606497314;4;24;1;6;2;6;17;6;19;2;5;1;13;13;3;4;12;4;3;2;2;2;2;1;2;10;11;6;9;4;3;24;6;3;3;8;6;2;6;4;14;5;2;17;21;6.379055085535604;6;1;5;6;8;1;1;5;24;5;20;-8.852515098304977;3;1;14;15
TRACK:214;168;168;3;0;5;0;5;1;6;1;19;14;0;5;0;4;20;0.4398847836001618;4;24;3;6;1;19;14;6;2;5;3;0;3;7;-1.806539917300055;4;24;13;4;3;2;2;2;2;1;2;10;11;6;9;4;3;24;6;3;3;8;6;2;6;4;14;5;2;17;21;6.373938459366095;6;1;3;2;6;24;2;13;19;1;3;1;14;11;3;5;25
TRACK:215;168;168;3;0;5;0;5;1;6;4;3;0;10;25;0;5;0;4;20;0.4398847836001618;4;24;3;6;1;19;14;6;2;5;3;0;3;7;-1.806539917300055;4;24;13;4;3;2;2;2;2;1;2;10;11;6;9;4;3;24;6;3;3;8;6;2;6;4;14;5;2;17;21;6.373938459366095;6;1;3;2;6;24;2;13;19;3;0;10;25
TRACK:216;122;189;3;0;5;0;5;1;6;4;3;0;10;25;0;5;0;4;20;0.5124585032280022;4;24;3;6;1;19;14;6;2;5;3;0;3;7;-1.8037853606497314;4;24;1;6;2;6;17;6;9;2;3;1;14;11;3;4;12;4;3;2;2;2;2;1;2;10;11;6;9;4;3;24;6;3;3;8;6;2;6;4;14;5;2;17;21;6.379055085535604;6;1;5;6;8;1;1;5;24;5;20;-8.852515098304977;3;1;14;15
TRACK:217;122;189;3;0;5;0;5;1;6;4;3;0;10;25;0;5;0;4;20;0.48629548879760237;4;24;3;6;1;19;14;6;2;5;3;0;3;7;-1.722142252595597;4;15;13;4;3;2;2;2;2;1;2;10;11;6;9;4;3;24;6;3;3;8;6;2;6;4;14;5;2;17;21;6.3704886722965375;6;1;3;2;6;24;2;13;9;1;3;1;14;11;3;5;25
TRACK:218;81;204;3;0;5;0;5;1;6;4;3;0;10;25;0;5;0;4;20;0.5439829361128155;4;24;3;6;1;19;14;6;2;5;3;0;3;7;-1.73109999719737;4;24;1;6;2;6;17;6;9;2;5;1;13;13;4;14;4;3;2;2;2;2;1;2;10;11;6;9;4;3;24;6;3;3;8;6;2;6;4;14;5;2;17;21;6.424269014427377;6;1;3;2;0;21;-8.924731620933152;11;2;13;19;1;1;5;24;5;20;-8.615834387030771;3;1;14;15
TRACK:219;81;204;3;0;5;0;5;1;6;4;3;0;10;25;0;5;0;4;20;0.5295868699481479;4;24;3;6;1;19;14;6;2;5;3;0;3;20;-8.615834387030771;4;24;1;6;2;6;17;6;9;2;5;1;16;13;3;3;13;4;3;2;2;2;2;1;2;10;11;6;9;4;13;6;3;3;8;6;2;6;4;14;5;2;17;21;6.2828958065216876;6;1;3;2;0;21;-9.086495856232398;11;2;13;19;1;1;5;24;5;20;-8.630695277893532;3;1;14;15
TRACK:220;210;-1;3;0;5;0;5;1;6;4;3;0;10;25;0;5;0;4;20;0.3422962091093599;4;24;3;6;1;19;14;6;2;5;3;0;3;7;-1.7683291995939607;4;24;13;4;3;2;2;2;2;1;2;10;11;6;9;4;3;24;6;3;3;8;6;2;6;6;17;5;2;17;21;6.356316724768164;3;1;5;23;3.420466901048485;0;22;-6.691351579606819;18
TRACK:221;212;-1;3;0;5;0;5;1;6;4;3;0;10;25;0;5;0;4;20;0.5787405033342398;4;24;3;6;1;19;14;6;2;5;3;0;3;7;-1.477686872040872;17;1;6;2;6;17;6;19;2;5;1;13;13;3;4;12;4;3;2;2;2;2;1;2;10;11;6;9;4;3;24;6;3;3;8;6;2;6;4;14;5;2;17;21;6.315560777118974;6;1;3;2;0;21;-8.701597635007975;11;2;13;19;1;1;5;24;5;20;-8.881137328391384;3;1;14;15
TRACK:222;214;-1;3;0;5;0;5;1;6;1;19;14;0;5;0;4;20;0.27649451328707975;4;24;5;22;6.433446811570644;6;2;5;3;0;3;7;-1.9076074935151202;4;24;13;4;3;2;2;2;2;1;2;10;11;6;9;4;3;24;6;3;3;8;6;2;6;4;14;5;2;17;21;6.276180577910509;6;1;3;2;6;24;2;13;19;1;3;1;14;11;3;5;25
TRACK:223;216;-1;3;0;5;0;5;1;6;4;3;0;10;25;0;5;0;4;20;0.502103642944083;4;24;3;6;1;19;14;6;2;5;3;0;3;7;-1.8140410289637858;4;24;1;6;2;6;23;-0.2021676982146996;6;9;2;3;1;14;11;3;4;12;4;3;2;2;2;2;1;2;10;11;6;9;4;3;24;6;3;3;8;6;2;6;4;14;5;2;17;21;6.385234948367185;6;1;5;6;8;1;1;5;24;5;20;-8.651648267758574;3;1;14;15
TRACK:224;218;-1;3;0;5;0;5;1;6;4;3;0;10;25;0;5;0;4;20;0.7120169703508613;4;24;3;6;1;19;14;6;2;5;3;0;3;7;-1.6701551500122223;4;24;1;6;2;6;17;6;9;2;5;1;13;13;4;14;4;3;2;2;2;2;1;2;10;11;6;9;4;1;10;9;6;3;3;8;6;2;6;4;14;5;2;17;21;6.3779007591268675;6;1;3;2;0;21;-8.906792225057202;11;2;13;19;1;1;5;24;5;20;-8.736005281251675;3;1;14;15
TRACK:225;211;-1;3;0;5;0;5;1;6;4;3;0;10;25;0;5;0;4;20;0.643867920603675;4;24;3;6;1;19;14;6;2;5;3;0;3;7;-1.6941473678509218;4;25;1;6;2;6;17;6;9;2;5;1;13;13;3;4;12;4;24
TRACK:226;213;-1;3;0;5;0;5;1;6;4;3;0;10;25;0;5;0;4;20;0.3970891779781791;4;24;3;6;1;19;14;6;2;5;3;0;3;7;-1.7499283296490054;4;24;1;6;2;6;17;6;19;2;5;1;13;13;3;4;12;4;3;2;2;2;2;1;2;10;11;6;9;4;3;24;6;3;4;14;6;2;6;4;14;5;2;17;21;6.388104377776062;6;1;5;6;8;1;1;5;24;5;20;-8.716929219962683;3;1;14;15
TRACK:227;215;-1;3;0;5;0;5;1;6;4;3;0;10;25;0;5;4;16;3;6;1;19;14;6;2;5;3;0;3;7;-1.8456288394752058;4;24;13;4;3;2;2;2;2;1;2;10;11;6;9;4;3;24;6;3;3;8;6;2;6;4;14;5;2;17;21;6.47797429448462;6;1;3;2;6;24;2;13;19;3;0;10;25
TRACK:228;217;-1;3;0;5;0;5;1;6;4;3;0;10;25;0;5;0;4;20;0.6021822827530089;4;24;3;6;1;19;14;6;2;5;3;0;3;7;-1.7017780200310897;4;15;13;4;3;2;2;2;2;1;2;10;11;6;9;4;3;24;6;3;3;8;6;2;6;4;14;5;2;17;21;6.2591372193282035;6;1;3;2;6;24;2;13;9;2;5;5;7;-1.227460164017538;6;0;14;18
TRACK:229;219;-1;3;0;5;0;5;1;6;4;3;0;10;25;0;5;0;4;20;0.4034078066843326;4;24;3;6;1;19;14;6;2;5;3;0;3;20;-8.551341890562925;4;24;1;6;2;0;13;8;6;9;2;5;1;16;13;3;3;13;4;3;2;2;2;2;1;2;10;11;6;9;4;13;6;3;3;8;6;2;6;4;14;5;2;17;21;6.398921897341728;6;1;3;2;0;21;-9.130315012540944;11;2;13;19;1;1;5;24;5;20;-8.798311214199352;3;1;14;15
EVAL_INSTANCE:11:0:220
EVAL_INSTANCE:11:1:221
EVAL_INSTANCE:11:2:222
EVAL_INSTANCE:11:3:223
EVAL_INSTANCE:11:4:224
EVAL_INSTANCE:11:5:225
EVAL_INSTANCE:11:6:226
EVAL_INSTANCE:11:7:227
EVAL_INSTANCE:11:8:228
EVAL_INSTANCE:11:9:229
RUN_RESULT:11:0:0:89:UUUULLRLULLL
RUN_RESULT:11:1:0:158:UUUURRURRRLRULURLULL
RUN_RESULT:11:2:0:940:UUUURLDLL
RUN_RESULT:11:3:0:2000:----
RUN_RESULT:11:4:0:19:UUUURULULL
RUN_RESULT:11:5:0:2000:----
RUN_RESULT:11:6:0:2000:----
RUN_RESULT:11:7:0:940:UUUURLDLL
RUN_RESULT:11:8:0:2000:----
RUN_RESULT:11:9:0:2000:----
    12 |      120 | -3.981000E+03 | -3.981000E+03
TRACK:230;101;181;3;0;5;0;5;1;6;4;3;0;10;25;0;5;0;4;20;0.47558189297934345;4;24;3;6;1;19;14;6;2;5;2;10;11;13;4;3;2;2;2;2;1;2;10;11;6;9;4;3;24;6;3;3;8;6;2;6;4;14;5;2;17;21;6.359050022956504;6;1;3;2;0;21;-9.004576870715225;11;2;13;19;1;1;5;24;5;20;-8.767894029064937;3;5;25
TRACK:231;101;181;3;0;5;0;5;1;6;4;3;0;10;25;0;0;10;25;3;6;1;19;14;6;2;5;3;0;3;7;-1.7722386214485901;4;24;1;6;2;6;21;-5.899535936797906;6;9;2;5;1;13;13;3;4;12;4;3;2;2;2;2;1;2;10;11;6;9;4;3;24;6;3;3;8;6;2;6;4;14;5;2;17;21;6.44394329608705;6;1;5;6;8;1;24;3;1;14;15
TRACK:232;204;81;3;0;5;0;5;1;6;4;3;0;10;25;0;5;0;4;20;0.5295868699481479;4;24;3;6;1;19;14;6;2;5;3;0;3;24;4;24;1;3;4;12;2;5;1;16;13;3;3;13;4;3;2;2;2;2;1;2;10;11;6;9;4;13;6;3;3;8;6;2;6;4;14;5;2;17;21;6.2828958065216876;6;1;3;2;0;21;-9.086495856232398;11;2;13;19;1;1;5;24;5;20;-8.630695277893532;3;1;14;15
TRACK:233;204;81;3;0;5;0;5;1;6;4;3;0;10;25;0;5;0;4;20;0.5439829361128155;4;24;3;6;1;19;14;6;2;5;3;0;3;7;-1.73109999719737;4;24;1;6;2;6;17;6;9;2;5;1;13;13;3;4;12;4;2;2;1;2;10;11;6;9;4;13;6;3;3;8
TRACK:234;122;202;3;0;5;0;5;1;6;4;3;0;10;25;0;5;0;4;20;0.5124585032280022;4;24;3;6;1;19;14;6;2;5;3;0;3;7;-1.8037853606497314;4;24;1;6;2;6;17;6;9;2;5;1;13;13;3;4;12;4;3;2;2;2;2;1;2;10;11;25;4;3;24;6;3;3;8;6;2;6;4;14;5;2;17;21;6.379055085535604;6;1;5;6;8;1;1;5;24;5;20;-8.852515098304977;3;1;14;15
TRACK:235;122;202;3;0;5;0;5;1;6;4;3;0;10;25;0;5;0;4;20;0.4870661348682065;4;24;3;6;1;19;14;6;2;5;3;0;3;7;-1.6876248347043123;4;24;1;6;2;6;17;6;9;2;5;1;13;13;3;4;12;4;3;2;2;2;2;1;5;22;2.5673193272403623;6;9;4;3;24;6;3;3;8;6;2;13;5;2;17;21;6.4122577855187055;6;1;5;6;8;1;21;6.379055085535604;3;1;14;15
TRACK:236;189;204;3;0;5;0;5;1;6;4;3;0;10;25;0;5;0;4;20;0.48629548879760237;4;24;3;6;1;19;14;6;2;5;3;0;3;7;-1.722142252595597;4;15;13;4;3;2;2;2;2;1;2;10;11;6;9;4;3;24;6;3;3;8;6;2;6;4;14;20;0.5295868699481479;6;1;3;2;6;24;2;13;9;1;3;1;14;11;3;5;25
TRACK:237;189;204;3;0;5;0;5;1;6;4;3;0;10;25;0;5;0;4;20;0.5295868699481479;4;24;3;6;1;19;14;6;2;5;3;0;3;24;4;24;1;6;2;6;17;6;9;2;5;1;16;13;3;3;13;4;5;1;6;4;3;0;10;25;0;5;0;4;20;0.48629548879760237;4;24;3;6;1;19;14
TRACK:238;122;101;3;0;5;0;5;1;6;9;0;5;0;4;20;0.5124585032280022;4;24;3;6;1;19;14;6;2;5;3;0;3;7;-1.8037853606497314;4;24;1;6;2;6;17;6;9;2;5;1;13;13;3;4;12;4;3;2;2;2;2;1;2;10;11;6;9;4;3;24;6;3;3;8;6;2;6;4;14;5;2;17;21;6.379055085535604;6;1;5;6;8;1;1;5;24;5;20;-8.852515098304977;3;1;14;15
TRACK:239;122;101;3;0;5;0;5;1;6;4;3;0;10;25;0;5;0;4;20;0.47558189297934345;4;24;3;6;1;19;14;6;2;5;3;0;3;7;-1.8022005924701445;4;24;13;4;3;2;2;2;2;1;2;10;11;6;9;4;3;24;6;3;3;8;6;2;5;2;17;21;6.379055085535604;5;2;17;21;6.359050022956504;6;1;3;2;0;21;-9.004576870715225;11;2;13;19;1;1;5;24;5;20;-8.767894029064937;3;5;25
TRACK:240;230;-1;3;0;5;0;5;1;6;4;3;0;10;25;0;5;0;4;20;0.297151450443754;4;24;3;6;1;19;14;6;2;5;2;10;11;13;4;3;2;2;2;2;1;2;10;11;6;9;4;3;24;6;3;3;8;6;2;6;4;14;5;2;17;21;6.278393215748295;6;1;3;2;0;21;-8.946090851937957;11;2;13;19;1;1;5;15;5;20;-8.821936874053184;3;5;25
TRACK:241;232;-1;3;0;5;0;5;1;6;4;3;0;10;25;0;4;24;3;6;1;19;14;6;2;5;3;0;3;24;4;24;1;3;4;12;2;5;1;16;13;3;3;13;4;3;2;2;2;2;1;2;10;11;6;9;4;13;6;3;3;8;6;2;6;4;14;5;2;17;21;6.25439339535358;6;1;3;2;0;21;-9.006549259651928;11;2;13;19;1;1;5;24;5;20;-8.589697442606564;3;1;14;15
TRACK:242;234;-1;3;0;5;0;5;1;6;4;3;0;10;25;0;5;0;4;20;0.409722146931327;4;24;3;6;1;19;14;6;2;5;3;0;3;7;-1.7637351067546754;4;24;1;6;2;6;17;6;9;2;5;1;13;13;3;4;12;4;3;2;2;2;2;1;2;10;11;25;4;3;24;6;3;3;8;6;2;6;4;14;5;6;9;6;1;5;6;8;1;1;5;24;5;20;-8.861439282667487;3;1;14;15
TRACK:243;236;-1;3;0;5;0;5;1;6;4;3;0;10;25;0;5;0;4;20;0.16258450578581463;4;24;3;6;1;19;14;6;2;5;3;0;3;7;-1.5322786770476395;4;15;13;4;3;2;2;2;2;1;2;10;11;6;9;4;3;24;6;3;3;8;6;2;6;4;14;20;0.3688039522720791;6;1;3;2;6;24;2;13;9;1;3;4;16;3;5;25
TRACK:244;238;-1;3;0;5;0;5;1;6;9;0;5;0;4;20;0.6642894845360224;4;24;3;6;1;19;14;6;2;5;3;0;3;7;-1.8128045136988837;4;24;1;6;2;6;17;6;9;2;5;1;13;13;3;4;12;4;3;2;2;2;2;1;2;10;11;6;9;4;3;12;6;3;3;8;6;2;6;4;14;5;2;17;21;6.493484678858894;6;1;5;6;8;1;1;5;24;5;20;-8.68553337527693;3;1;14;15
TRACK:245;231;-1;3;0;5;0;5;1;6;4;3;0;10;25;0;0;10;25;3;6;1;19;14;6;2;5;3;0;3;7;-1.7909470139654853;4;24;1;6;2;6;21;-5.778379252161682;6;9;2;5;1;13;13;3;4;12;4;3;2;12;17
TRACK:246;233;-1;3;0;5;0;5;1;6;4;3;0;10;25;4;3;13;6;2;5;3;0;3;7;-1.597110253886828;4;24;1;6;2;6;17;6;9;2;5;1;13;13;3;4;12;4;2;2;1;2;10;11;6;9;4;13;6;3;3;8
TRACK:247;235;-1;3;0;5;0;5;1;6;4;3;0;10;25;5;4;16;6;2;5;3;0;3;7;-1.6824565870311263;4;24;1;6;2;6;17;6;9;2;5;1;13;13;3;4;12;4;3;2;2;2;2;1;5;22;2.5659559402295797;6;9;4;3;24;6;3;3;8;6;2;13;5;2;17;21;6.481470663068157;6;1;5;6;8;1;21;6.241782715467123;3;1;14;15
TRACK:248;237;-1;3;0;5;0;5;1;6;4;3;0;10;25;0;5;0;4;20;0.4532505884479962;4;24;3;6;1;19;14;6;2;5;3;0;3;24;4;24;1;6;2;6;17;6;9;2;5;1;16;13;3;3;13;4;5;1;6;4;3;0;10;25;0;5;0;4;20;0.4435329116647335;4;24;3;6;5;23;8.110317757541189
TRACK:249;239;-1;3;0;5;0;5;1;6;4;3;0;10;25;0;5;0;1;25;7;-8.288456071282067;4;24;3;6;1;19;14;6;2;5;3;0;3;7;-1.8826930588170807;4;24;13;4;3;2;2;2;2;1;2;10;11;6;9;4;3;24;6;3;3;8;6;2;5;2;17;21;6.348003555597793;5;2;17;21;6.158224576504582;6;1;3;2;0;21;-8.944819814592735;11;2;13;19;1;1;5;24;5;20;-8.787265176901048;3;5;25
EVAL_INSTANCE:12:0:240
EVAL_INSTANCE:12:1:241
EVAL_INSTANCE:12:2:242
EVAL_INSTANCE:12:3:243
EVAL_INSTANCE:12:4:244
EVAL_INSTANCE:12:5:245
EVAL_INSTANCE:12:6:246
EVAL_INSTANCE:12:7:247
EVAL_INSTANCE:12:8:248
EVAL_INSTANCE:12:9:249
RUN_RESULT:12:0:0:19:UUUURULULL
RUN_RESULT:12:1:0:1089:UUUURLDLL
RUN_RESULT:12:2:0:2000:----
RUN_RESULT:12:3:0:21:UUUURULULL
RUN_RESULT:12:4:0:2000:----
RUN_RESULT:12:5:0:2000:----
RUN_RESULT:12:6:0:2000:----
RUN_RESULT:12:7:0:953:UUUURLDLL
RUN_RESULT:12:8:0:1167:UUUULLRLULLL
RUN_RESULT:12:9:0:2000:----
    13 |      130 | -3.981000E+03 | -3.981000E+03
TRACK:250;101;204;3;0;5;0;5;1;6;4;3;0;10;25;0;5;0;4;20;0.47558189297934345;4;24;3;6;1;19;14;6;2;5;3;0;3;7;-1.8022005924701445;4;24;13;4;3;2;2;2;2;1;2;10;11;6;9;4;3;24;6;3;10;6;2;6;4;14;5;2;17;21;6.359050022956504;6;1;3;2;0;21;-9.004576870715225;11;2;13;19;1;1;5;24;5;20;-8.767894029064937;3;5;25
TRACK:251;101;204;3;0;5;0;5;1;6;4;3;0;10;25;0;5;0;4;20;0.5295868699481479;4;24;3;6;1;19;14;6;2;5;3;0;3;24;4;24;1;6;2;6;17;6;9;2;5;4;14;3;3;13;4;3;2;2;2;2;1;2;10;11;6;9;4;13;6;3;3;8;6;2;6;4;14;5;2;17;21;6.2828958065216876;6;1;3;2;0;21;-9.086495856232398;11;2;13;19;1;1;5;24;5;20;-8.630695277893532;3;1;14;15
TRACK:252;202;81;3;0;5;0;5;1;1;5;24;5;20;-8.615834387030771;3;1;14;15;6;2;5;3;0;3;7;-1.6876248347043123;4;24;1;6;2;6;17;6;9;2;5;1;13;13;3;4;12;4;3;2;2;2;2;1;5;22;2.5673193272403623;6;9;4;3;24;6;3;3;8;6;2;13;5;2;17;21;6.4122577855187055;6;1;5;6;8;1;1;5;24;5;20;-8.727578406831068;3;1;14;15
TRACK:253;202;81;3;0;5;0;5;1;6;4;3;0;10;25;0;5;0;4;20;0.5439829361128155;4;24;3;6;1;19;14;6;2;5;3;0;3;7;-1.73109999719737;4;24;1;6;2;6;17;6;9;2;5;1;13;13;3;4;12;4;3;2;2;2;2;1;2;10;11;6;9;4;3;24;6;3;3;8;6;2;6;4;14;5;2;17;21;6.424269014427377;6;1;3;2;0;21;-8.924731620933152;11;2;13;19;1;1;5;17;5;20;-8.615834387030771;3;1;14;15
TRACK:254;122;81;3;0;5;0;5;1;6;4;3;0;10;25;0;5;0;4;20;0.5124585032280022;4;24;3;6;1;19;14;6;2;5;3;0;3;7;-1.8037853606497314;4;24;1;6;2;6;17;6;9;2;5;1;13;13;3;4;12;4;3;2;2;2;2;1;2;10;11;6;9;4;3;24;6;3;3;8;6;2;6;4;14;5;1;14;15;6;1;5;6;8;1;1;5;24;5;20;-8.852515098304977;3;1;14;15
TRACK:255;122;81;3;0;5;0;5;1;6;4;3;0;10;25;0;6;2;6;17;6;9;3;6;1;19;14;6;2;5;3;0;3;7;-1.73109999719737;4;24;1;6;2;6;17;6;9;2;5;1;13;13;3;4;12;4;3;2;2;2;2;1;2;10;11;6;9;4;3;24;6;3;3;8;6;2;6;4;14;5;2;17;21;6.424269014427377;6;1;3;2;0;21;-8.924731620933152;11;2;13;19;1;1;5;24;5;20;-8.615834387030771;3;1;14;15
TRACK:256;101;183;3;0;5;0;5;1;6;4;3;0;10;25;0;5;0;4;20;0.47558189297934345;4;24;3;6;1;19;14;5;20;-8.669829036183042;4;3;2;2;2;2;1;2;10;11;6;9;4;3;24;6;3;3;8;6;2;6;4;14;5;2;17;21;6.359050022956504;6;1;3;2;0;21;-9.004576870715225;11;2;13;19;1;1;5;24;5;20;-8.767894029064937;3;5;25
TRACK:257;101;183;3;0;5;0;5;1;6;4;3;0;10;25;0;5;0;4;20;0.47691278587452884;4;24;3;6;1;19;14;6;2;5;3;0;3;24;4;24;1;6;2;6;17;6;9;2;5;1;16;13;3;4;12;4;3;2;6;1;3;2;0;21;-9.004576870715225;11;2;13;19;1;1;5;24;5;20;-8.767894029064937;3;5;25;6;1;3;2;0;21;-9.047398195469619;11;2;13;19;1;1;5;24;5;20;-8.669829036183042;3;1;14;15
TRACK:258;141;181;3;0;5;0;5;1;6;4;3;0;10;17;0;5;0;4;20;0.5461614997804684;4;24;3;6;1;19;14;6;2;5;3;0;3;7;-1.8250688532425001;4;24;13;4;3;2;2;2;2;1;2;10;11;6;9;4;3;24;6;3;3;8;6;2;1;2;10;11;6;9;4;3;24;6;1;3;2;0;21;-9.021731714682954;11;2;13;19;1;1;5;24;5;20;-8.749330855615382;3;5;25
TRACK:259;141;181;3;0;5;0;5;1;6;4;3;0;10;25;0;5;1;19;14;3;6;1;19;14;6;2;5;3;0;3;7;-1.7722386214485901;4;24;1;6;2;6;21;-5.899535936797906;6;9;2;5;1;13;13;3;4;12;4;3;2;2;2;2;1;2;10;11;6;9;4;3;24;6;3;3;8;6;2;6;4;14;5;2;17;21;6.44394329608705;6;1;5;6;8;1;24;3;1;14;15
TRACK:260;250;-1;3;0;5;0;5;1;6;1;21;7.320520223468531;13;0;5;0;4;20;0.34357231996910453;4;24;3;6;1;19;14;6;2;5;3;0;3;7;-1.7010911905445911;4;24;13;4;3;2;2;2;2;1;2;10;11;6;9;4;3;24;6;3;10;6;2;6;4;14;5;2;17;21;6.215478376770979;6;1;3;2;0;21;-9.072149380145326;11;2;13;19;1;1;5;24;5;20;-8.925839985957927;3;5;25
TRACK:261;252;-1;3;0;5;0;5;1;1;5;24;5;20;-8.495718225866693;3;1;14;15;4;6;2;8;18;4;3;2;2;2;2;1;5;22;2.6548690179785512;6;9;4;3;24;6;3;3;8;6;2;13;5;2;17;21;6.559144151630471;6;1;5;6;8;1;1;5;24;5;20;-8.710035709448606;3;1;14;15
TRACK:262;254;-1;3;0;5;0;5;1;6;4;3;0;10;25;0;5;0;4;20;0.3083718232090825;4;24;3;6;1;19;14;6;2;5;3;0;3;7;-1.8929840485345057;4;24;1;6;2;6;17;6;9;2;5;1;13;13;3;4;12;4;3;2;2;2;2;1;2;10;11;6;9;4;3;24;6;3;3;8;6;2;6;4;14;5;1;14;15;6;1;5;6;8;1;1;5;22;6.893162511973134;5;20;-8.923401348117242;3;1;14;15
TRACK:263;256;-1;3;0;5;0;5;1;6;4;3;0;10;25;0;5;0;4;20;0.47103954799782066;4;24;3;6;1;19;14;5;20;-8.757284422742421;0;3;1;4;15;6;19;5;6;2;21;-3.3106058668561005;22;6.07516463852264
TRACK:264;258;-1;3;0;5;0;5;1;5;3;2;24;22;-0.16989901516076777;0;5;0;4;20;0.39900280870083404;4;24;3;6;1;19;14;6;2;5;3;0;3;7;-1.868245711847237;4;24;13;4;3;2;2;2;2;1;2;10;11;6;9;4;3;24;6;3;3;8;6;2;1;2;10;11;6;9;4;3;24;6;1;3;2;0;21;-9.132979444323066;11;2;13;19;1;1;5;24;5;20;-8.770832739842243;3;5;25
TRACK:265;251;-1;3;0;5;0;5;1;6;4;3;0;10;25;0;5;0;4;20;0.60632651457429;4;24;3;6;1;19;14;6;2;5;3;0;3;24;4;24;1;6;2;6;17;6;9;2;5;4;14;3;3;22;-1.5325729380445985;4;3;2;2;2;2;1;2;10;11;6;9;4;13;6;3;3;8;6;2;6;4;14;5;2;17;21;6.279495512523402;6;1;3;2;0;21;-9.136353012523482;11;2;13;19;1;1;5;24;5;20;-8.772268819308932;3;1;14;15
TRACK:266;253;-1;3;0;5;0;5;1;6;4;3;0;10;25;0;5;0;4;20;0.530897892909069;4;24;3;6;1;19;14;6;2;5;3;0;3;7;-1.6340796042191037;4;24;1;6;2;6;17;6;9;2;5;1;13;13;3;4;12;4;3;2;2;2;2;1;2;10;11;6;9;4;3;24;6;3;3;8;6;2;6;4;14;5;2;17;18;6;1;3;2;0;21;-8.859872670001232;11;2;13;19;1;1;5;17;5;20;-8.591465873362367;3;1;14;15
TRACK:267;255;-1;3;0;5;0;5;1;6;4;3;0;10;25;0;6;2;6;17;6;9;3;6;1;19;14;6;2;5;3;0;3;7;-1.637376650739015;4;24;1;6;2;6;22;0.4400201024207391;6;9;2;5;1;13;13;3;4;12;4;3;2;2;2;2;1;2;10;11;6;9;4;3;24;6;3;3;8;6;2;6;4;14;5;2;17;21;6.390608928370745;6;1;3;2;0;21;-8.779329469812236;11;2;13;19;1;1;5;24;5;20;-8.509742529616592;3;1;14;15
TRACK:268;257;-1;3;0;5;0;5;1;6;4;3;0;10;25;0;5;0;4;20;0.49141483198168917;4;24;3;6;1;19;14;6;2;5;3;0;3;24;4;24;1;6;2;6;17;6;9;2;5;1;16;13;3;4;12;4;3;2;6;1;3;2;0;21;-9.072599418433848;11;2;13;19;1;1;5;24;5;20;-8.648286282935375;3;5;25;6;1;3;2;0;21;-9.117308788844014;11;2;13;19;1;1;5;24;5;20;-8.659286279667741;3;1;7;1.5537943324074455;15
TRACK:269;259;-1;3;0;5;0;5;1;6;4;3;0;10;25;0;5;1;19;14;3;6;1;22;9.538344100972424;14;6;2;5;3;0;3;7;-1.8129876067020965;4;24;1;6;2;6;21;-5.954462738461094;6;9;2;5;1;13;13;3;4;12;4;3;2;2;2;2;1;2;10;11;6;9;4;3;24;6;3;3;8;6;2;6;4;14;5;2;17;21;6.5031276440882495;6;1;5;6;8;1;24;3;1;14;15
EVAL_INSTANCE:13:0:260
EVAL_INSTANCE:13:1:261
EVAL_INSTANCE:13:2:262
EVAL_INSTANCE:13:3:263
EVAL_INSTANCE:13:4:264
EVAL_INSTANCE:13:5:265
EVAL_INSTANCE:13:6:266
EVAL_INSTANCE:13:7:267
EVAL_INSTANCE:13:8:268
EVAL_INSTANCE:13:9:269
RUN_RESULT:13:0:0:1683:DLDLLDLU
RUN_RESULT:13:1:0:2000:----
RUN_RESULT:13:2:0:2000:----
RUN_RESULT:13:3:0:2000:----
RUN_RESULT:13:4:0:2000:----
RUN_RESULT:13:5:0:2000:----
RUN_RESULT:13:6:0:2000:----
RUN_RESULT:13:7:0:2000:----
RUN_RESULT:13:8:0:2000:----
RUN_RESULT:13:9:0:953:UUUURLDLL
    14 |      140 | -3.981000E+03 | -3.981000E+03
TRACK:270;81;204;3;0;5;0;5;1;6;4;3;0;10;25;0;5;0;4;20;0.5439829361128155;4;24;3;6;1;19;14;6;2;5;3;0;3;7;-1.73109999719737;4;24;1;6;2;6;17;6;9;2;5;1;13;13;3;10;4;3;2;2;2;2;1;2;10;11;6;9;4;3;24;6;3;3;8;6;2;6;4;14;5;2;17;21;6.424269014427377;6;1;3;2;0;21;-8.924731620933152;11;2;13;19;1;1;5;24;5;20;-8.615834387030771;3;1;14;15
TRACK:271;81;204;3;0;5;0;5;1;6;4;3;0;10;25;0;5;0;4;20;0.5295868699481479;4;24;3;6;1;19;14;6;2;5;0;4;20;0.5439829361128155;4;24;1;6;2;6;17;6;9;2;5;1;16;13;3;3;13;4;3;2;2;2;2;1;2;10;11;6;9;4;13;6;3;3;8;6;2;6;4;14;5;2;17;21;6.2828958065216876;6;1;3;2;0;21;-9.086495856232398;11;2;13;19;1;1;5;24;5;20;-8.630695277893532;3;1;14;15
TRACK:272;189;101;3;0;5;0;5;1;6;4;3;0;10;25;0;5;0;4;20;0.48629548879760237;4;24;3;6;1;19;14;6;2;5;3;0;3;7;-1.722142252595597;4;15;13;4;3;2;2;2;2;1;2;10;11;6;9;4;3;24;6;3;3;8;6;2;0;3;7;-1.8022005924701445;4;24;5;2;17;21;6.3704886722965375;6;1;3;2;6;24;2;13;9;1;3;1;14;11;3;5;25
TRACK:273;189;101;3;3;5;25
TRACK:274;181;181;3;0;5;0;5;1;6;4;3;0;10;25;0;5;0;4;20;0.3883209372594026;4;24;3;6;1;19;14;6;2;5;3;0;4;24;4;24;1;6;2;6;21;-5.899535936797906;6;9;2;5;1;13;13;3;4;12;4;3;2;2;2;2;1;2;10;11;6;9;4;3;24;6;3;3;8;6;2;6;4;14;5;2;17;21;6.44394329608705;6;1;5;6;8;1;24;3;1;14;15
TRACK:275;181;181;3;0;5;0;5;1;6;4;3;0;10;25;0;5;0;4;20;0.3883209372594026;4;24;3;6;1;19;24;6;2;5;3;0;3;7;-1.7722386214485901;4;24;1;6;2;6;21;-5.899535936797906;6;9;2;5;1;13;13;3;4;12;4;3;2;2;2;2;1;2;10;11;6;9;4;3;24;6;3;3;8;6;2;6;4;14;5;2;17;21;6.44394329608705;6;1;5;6;8;1;24;3;1;14;15
TRACK:276;101;168;3;0;5;0;5;1;6;4;3;0;10;25;0;5;0;4;20;0.47558189297934345;4;24;3;6;1;19;14;6;2;5;3;0;3;7;-1.8022005924701445;4;24;13;4;3;2;2;2;2;1;2;10;11;6;9;4;3;24;6;3;3;8;6;2;6;1;14;11;5;2;17;21;6.359050022956504;6;1;3;2;0;21;-9.004576870715225;11;2;13;19;1;1;5;24;5;20;-8.767894029064937;3;5;25
TRACK:277;101;168;3;0;5;0;5;1;6;4;3;0;10;25;0;5;0;4;20;0.4398847836001618;4;24;3;6;1;19;14;6;2;5;3;0;3;7;-1.806539917300055;4;24;13;4;3;2;2;2;2;1;2;10;11;6;9;4;3;24;6;3;3;8;6;2;6;4;14;5;2;17;21;6.373938459366095;6;1;3;2;6;24;2;13;19;1;3;1;14;11;3;5;25
TRACK:278;122;204;3;0;5;0;5;1;6;4;3;0;10;25;0;5;0;4;20;0.5124585032280022;4;24;3;6;1;19;14;6;2;5;3;0;3;7;-1.8037853606497314;4;24;1;6;2;6;17;6;9;2;5;1;13;13;3;4;12;4;3;2;2;2;2;1;2;10;11;6;9;4;3;24;6;3;3;8;6;2;6;4;14;5;2;17;21;6.379055085535604;6;1;5;6;8;1;1;1;14;15;5;20;-8.852515098304977;3;1;14;15
TRACK:279;122;204;3;0;5;0;5;1;6;4;3;0;10;25;0;5;0;4;20;0.5295868699481479;4;24;3;6;1;19;14;6;2;5;3;0;3;24;4;24;1;6;2;6;17;6;9;2;5;1;16;13;3;3;13;4;3;2;2;2;2;1;2;10;11;6;9;4;13;6;3;3;8;6;13;6;1;3;2;0;21;-9.086495856232398;11;2;13;19;1;1;5;24;5;20;-8.630695277893532;3;1;14;15
TRACK:280;270;-1;3;0;5;0;5;1;6;4;3;0;22;-6.475797419186852;25;0;5;0;4;20;0.6520311975876938;4;24;3;6;1;19;14;6;2;5;3;0;3;7;-1.8979401730843939;4;24;1;6;2;6;17;6;9;2;5;1;13;13;3;10;4;3;2;2;2;2;1;2;10;11;6;9;4;3;24;6;3;3;8;6;2;6;4;14;5;2;17;21;6.426821939369837;6;1;3;2;0;21;-8.87085694986952;11;2;13;19;1;1;5;24;5;20;-8.59923651355595;3;1;14;15
TRACK:281;189;-1;3;0;5;0;5;1;6;4;3;0;10;25;0;5;0;0;15;8;4;24;3;6;1;19;14;6;2;5;3;0;3;7;-1.788115311437719;4;15;13;4;3;2;2;2;2;1;2;10;11;6;9;4;3;24;6;3;3;8;6;2;6;4;14;5;2;17;21;6.2983158086355635;6;1;3;2;6;24;2;13;9;1;3;1;14;11;3;5;25
TRACK:282;274;-1;3;0;5;0;5;1;6;4;3;0;10;25;0;5;0;4;20;0.40823776710275134;4;24;3;6;1;19;14;6;2;5;3;0;4;24;4;24;1;6;2;6;21;-5.934881753054249;6;11;2;5;1;13;13;3;4;12;4;3;2;2;2;2;1;2;10;11;6;9;4;3;24;6;3;3;8;6;2;6;4;14;5;2;17;21;6.530413647036961;6;1;5;6;8;1;24;3;1;14;15
TRACK:283;276;-1;3;0;5;0;5;1;6;4;3;0;10;25;0;5;0;4;20;0.5980921392038672;4;24;3;6;1;19;14;6;2;5;3;0;3;7;-1.8898035394362824;4;24;13;4;3;2;2;2;2;5;17;4;3;24;6;3;3;8;6;2;6;1;14;11;5;2;17;21;6.361756531274317;6;1;3;2;0;21;-8.93761196541845;11;2;13;19;1;1;5;24;5;20;-8.850914965328622;3;5;25
TRACK:284;278;-1;3;0;5;0;5;1;6;4;3;0;10;25;0;5;0;4;20;0.425443328798986;4;24;3;6;1;19;14;6;2;5;3;0;3;7;-1.8734142885394331;4;24;1;6;2;2;19;25;6;9;2;5;1;13;13;3;4;12;4;3;2;2;2;2;1;2;10;11;6;9;4;3;24;6;3;3;8;6;2;6;4;14;5;2;17;21;6.318138274511298;6;1;5;6;8;1;1;1;14;15;5;20;-8.838005846287993;3;1;14;15
TRACK:285;271;-1;3;0;5;0;5;1;6;4;3;0;10;25;0;5;0;4;20;0.42530710427122864;4;24;3;6;1;19;14;6;2;5;0;4;20;0.5630130096536845;4;24;1;3;1;18;24;2;5;1;16;13;3;3;13;4;3;2;2;2;2;1;2;10;11;6;9;4;13;6;3;3;8;6;2;6;4;14;5;2;17;21;6.304572753411757;6;1;3;2;0;21;-9.117319512464361;11;2;13;19;1;1;5;24;5;20;-8.745760363761473;3;1;14;15
TRACK:286;101;-1;3;0;5;0;5;1;6;4;3;0;10;25;0;5;0;4;20;0.4601375400668674;4;24;3;6;1;19;14;6;2;5;3;0;3;7;-1.669336517218497;4;24;13;4;3;2;2;2;2;1;2;10;11;6;9;4;3;24;6;3;3;8;6;2;6;4;14;5;2;17;21;6.543966029451196;6;1;3;2;0;21;-8.995410028724557;11;2;23;-5.133327647663364;19;1;1;5;24;5;20;-8.742760536529497;3;5;25
TRACK:287;275;-1;3;0;5;0;5;1;6;4;3;0;10;25;0;5;0;4;20;0.41978721075138814;4;24;3;6;1;19;24;6;2;5;3;0;3;7;-1.8332151850671567;4;24;1;6;2;6;21;-5.80072152460146;6;9;2;5;1;13;13;3;4;12;4;3;2;4;6;5;2;1;18;9;3;21;9.911966977691872;6;1;5;6;8;1;24;3;1;14;15
TRACK:288;277;-1;3;0;5;0;5;1;6;4;3;0;10;25;0;5;0;4;20;0.4177912825463572;4;24;3;6;1;19;14;6;2;5;3;0;3;7;-1.7083779664918863;4;24;13;4;3;2;2;2;2;1;2;10;11;6;9;4;3;24;6;3;3;8;6;2;6;4;14;5;2;17;21;6.412102053792425;6;1;3;2;6;24;2;13;25;1;3;1;14;11;3;5;25
TRACK:289;279;-1;3;0;5;0;5;1;6;4;3;0;10;25;0;5;0;4;20;0.5525880396851807;4;24;3;6;1;19;14;6;2;5;3;0;3;24;4;24;1;6;2;6;17;6;9;2;5;1;11;13;3;3;13;4;3;2;2;2;2;1;2;10;11;6;9;4;13;6;3;3;8;6;13;6;1;3;2;0;21;-8.916237141248367;11;2;13;19;1;1;5;24;5;20;-8.729695063108656;3;1;14;15
EVAL_INSTANCE:14:0:280
EVAL_INSTANCE:14:1:281
EVAL_INSTANCE:14:2:282
EVAL_INSTANCE:14:3:283
EVAL_INSTANCE:14:4:284
EVAL_INSTANCE:14:5:285
EVAL_INSTANCE:14:6:286
EVAL_INSTANCE:14:7:287
EVAL_INSTANCE:14:8:288
EVAL_INSTANCE:14:9:289
RUN_RESULT:14:0:0:2000:----
RUN_RESULT:14:1:0:943:UUUURLDLL
RUN_RESULT:14:2:0:2000:----
RUN_RESULT:14:3:0:1167:UUUULLRLULLL
RUN_RESULT:14:4:0:19:UUUURULULL
RUN_RESULT:14:5:0:19:UUUURULULL
RUN_RESULT:14:6:0:19:UUUURULULL
RUN_RESULT:14:7:0:2000:----
RUN_RESULT:14:8:0:19:UUUURULULL
RUN_RESULT:14:9:0:2000:----
    15 |      150 | -3.981000E+03 | -3.981000E+03
TRACK:290;189;181;3;0;5;0;5;1;6;4;3;0;10;25;0;5;0;4;20;0.48629548879760237;4;24;3;6;1;19;14;6;2;5;3;0;3;7;-1.722142252595597;4;15;13;4;3;2;2;2;2;1;2;10;11;6;19;4;3;24;6;3;3;8;6;2;6;4;14;5;2;17;21;6.3704886722965375;6;1;3;2;6;24;2;13;9;1;3;1;14;11;3;5;25
TRACK:291;189;181;3;0;5;0;5;1;6;4;3;0;10;25;0;5;0;4;20;0.3883209372594026;4;24;3;6;1;19;14;6;2;5;3;0;3;7;-1.7722386214485901;4;24;1;6;2;6;21;-5.899535936797906;6;9;2;5;1;13;13;3;4;12;4;6;1;3;2;6;24;2;13;9;1;3;1;14;11;3;5;25
TRACK:292;101;81;3;0;5;0;5;1;9;0;5;0;4;20;0.47558189297934345;4;24;3;6;1;19;14;6;2;5;3;0;3;7;-1.8022005924701445;4;24;13;4;3;2;2;2;2;1;2;10;11;6;9;4;3;24;6;3;3;8;6;2;6;4;14;5;2;17;21;6.359050022956504;6;1;3;2;0;21;-9.004576870715225;11;2;13;19;1;1;5;24;5;20;-8.767894029064937;3;5;25
TRACK:293;101;81;3;0;5;0;5;1;6;4;3;0;10;25;0;5;0;4;20;0.5439829361128155;4;19;3;6;1;19;14;6;2;5;3;0;3;7;-1.73109999719737;4;24;1;6;2;6;17;6;9;2;5;1;13;13;3;4;12;4;3;2;2;2;2;1;2;10;11;6;9;4;3;24;6;3;3;8;6;2;6;4;14;5;2;17;21;6.424269014427377;6;1;3;2;0;21;-8.924731620933152;11;2;13;19;1;1;5;24;5;20;-8.615834387030771;3;1;14;15
TRACK:294;122;204;3;0;5;0;5;1;6;4;3;0;10;25;0;5;0;4;17;4;24;3;6;1;19;14;6;2;5;3;0;3;7;-1.8037853606497314;4;24;1;6;2;6;17;6;9;2;5;1;13;13;3;4;12;4;3;2;2;2;2;1;2;10;11;6;9;4;3;24;6;3;3;8;6;2;6;4;14;5;2;17;21;6.379055085535604;6;1;5;6;8;1;1;5;24;5;20;-8.852515098304977;3;1;14;15
TRACK:295;122;204;3;0;5;0;5;1;6;4;3;0;10;25;0;5;0;4;20;0.5295868699481479;4;24;3;6;1;19;14;6;2;5;3;0;3;24;4;24;1;6;2;6;17;6;9;2;5;1;16;13;3;3;13;4;3;2;2;2;2;1;2;10;11;6;9;4;13;6;3;3;8;6;2;6;4;14;5;2;17;21;6.2828958065216876;6;1;3;2;0;21;-9.086495856232398;11;2;13;19;1;1;5;24;5;20;-8.630695277893532;3;1;14;15
TRACK:296;168;181;3;0;5;0;5;1;6;4;3;0;10;25;0;5;0;4;20;0.4398847836001618;4;24;3;6;1;19;14;6;2;3;6;1;19;14;13;4;3;2;2;2;2;1;2;10;11;6;9;4;3;24;6;3;3;8;6;2;6;4;14;5;2;17;21;6.373938459366095;6;1;3;2;6;24;2;13;19;1;3;1;14;11;3;5;25
TRACK:297;168;181;3;0;5;0;5;1;6;4;3;0;10;25;0;5;0;4;20;0.3883209372594026;4;24;3;6;1;19;14;6;2;5;3;0;3;7;-1.7722386214485901;4;24;1;6;2;6;21;-5.899535936797906;6;9;2;5;1;13;13;3;4;12;4;3;2;2;2;2;1;24;6;9;4;3;24;6;3;3;8;6;2;6;4;14;5;2;17;21;6.44394329608705;6;1;5;6;8;1;24;3;1;14;15
TRACK:298;141;189;3;0;5;0;5;1;6;4;3;0;10;17;0;5;0;4;20;0.5461614997804684;4;24;3;6;1;19;14;6;2;5;3;0;3;7;-1.8250688532425001;4;24;13;4;3;2;2;2;2;1;2;10;11;6;9;4;3;24;6;3;3;8;6;2;6;4;14;5;2;17;21;6.367311904107192;6;1;3;2;0;21;-9.021731714682954;11;2;13;19;1;1;5;19;5;20;-8.749330855615382;3;5;25
TRACK:299;141;189;3;0;5;0;5;1;6;4;3;0;10;25;0;5;0;4;20;0.48629548879760237;4;24;3;6;1;19;14;6;2;5;3;0;3;7;-1.722142252595597;4;15;13;4;3;2;2;2;2;1;2;10;11;6;9;4;3;24;6;3;3;8;6;2;6;4;14;5;2;17;21;6.3704886722965375;6;1;3;2;6;24;2;24;9;1;3;1;14;11;3;5;25
TRACK:300;290;-1;3;0;5;0;5;1;6;4;3;0;10;25;0;5;0;4;20;0.4084245627485894;4;24;1;3;16;1;7;3.5862518855749936;16;6;2;5;3;0;3;7;-1.7145362639710426;4;15;13;4;3;2;2;2;2;1;2;10;11;6;19;4;3;24;6;3;3;8;6;2;6;4;14;5;2;17;21;6.352639158457297;6;1;3;2;6;24;2;13;9;1;3;1;14;11;3;5;25
TRACK:301;292;-1;3;0;5;0;5;1;9;0;5;0;4;20;0.6519788710225829;4;24;3;6;1;19;14;6;2;5;3;0;3;7;-1.7719779401269165;4;24;13;4;3;2;2;2;2;1;2;10;11;6;9;4;3;24;6;3;3;8;6;2;6;1;20;0.700311316836439;22;-8.556224652268742;5;2;17;21;6.402378172317556;6;1;3;2;0;21;-8.795707186455456;11;2;13;19;1;1;5;24;5;20;-9.000294784914319;3;5;25
TRACK:302;294;-1;3;0;5;0;5;1;6;4;3;0;10;25;0;5;0;4;17;4;24;3;6;1;19;14;6;2;5;3;0;3;7;-1.7702760300411875;4;24;1;6;2;6;17;6;9;2;5;1;13;13;3;4;12;4;3;2;2;2;2;1;2;10;11;6;9;4;3;24;6;3;3;8;6;2;6;4;14;5;2;17;15;6;1;5;6;8;1;1;5;24;5;20;-8.673808987479346;3;1;14;15
TRACK:303;296;-1;3;0;5;0;5;1;6;4;3;0;10;25;0;5;0;4;20;0.48596359253443017;4;24;3;6;1;19;14;6;4;17;4;3;2;2;2;2;1;2;10;11;6;9;4;3;24;6;3;3;8;6;2;6;4;14;5;2;17;21;6.211417707564006;6;1;3;2;6;24;2;13;19;1;3;1;14;11;3;5;25
TRACK:304;298;-1;3;0;5;0;5;1;6;4;3;0;10;17;0;5;0;4;20;0.5826486756118353;4;24;3;6;1;19;14;6;2;5;3;0;3;7;-1.704324740009867;4;24;13;4;3;2;2;2;2;1;2;10;11;6;9;4;3;24;6;3;3;8;6;2;6;4;14;5;2;17;21;6.45831233371549;6;1;3;2;0;21;-8.994888127307739;11;2;13;19;1;1;5;20;-8.866665568560512;5;20;-8.817309627754325;3;5;25
TRACK:305;291;-1;3;0;5;0;5;1;6;4;3;0;10;25;0;5;0;4;20;0.33288874188978046;4;24;3;6;1;19;14;6;2;5;3;0;3;7;-1.7351004665485013;4;24;1;6;2;6;21;-5.842840924666197;6;9;2;5;1;13;13;3;4;12;4;6;1;4;3;4;1;6;21;-9.17825432142952;0;12;19;1;0;0;4;6;25;0;0;21;6.319525616823192;25;1;11;9;5;6;2;24;16;6;6;0;5;20;8.092365585707167;1;9;21;-5.563550503335848
TRACK:306;293;-1;3;0;5;0;5;3;4;1;3;4;8;1;2;17;24;5;23;3.1810776912887597;6;2;5;3;0;3;7;-1.9595936632981963;4;24;1;6;2;6;17;6;9;2;5;1;13;13;3;4;12;4;3;2;2;2;2;1;2;10;11;6;9;4;3;24;6;3;3;8;6;2;6;4;14;5;2;17;21;6.358893851648742;6;1;3;2;0;21;-8.904020744631755;11;2;13;19;1;1;5;24;5;20;-8.621849457889025;3;1;14;15
TRACK:307;295;-1;3;0;5;0;5;1;6;4;3;0;10;25;0;5;0;4;15;4;24;3;6;1;19;14;6;2;5;3;0;3;24;4;24;1;6;2;6;17;6;9;2;5;1;16;13;3;3;13;4;3;2;2;2;2;1;2;10;11;6;9;4;13;6;3;3;8;6;2;6;4;14;5;2;17;21;6.088063465126703;6;1;3;2;0;21;-9.114773505319205;11;2;13;19;1;1;5;24;5;20;-8.64617864245423;3;1;14;15
TRACK:308;297;-1;3;0;5;0;5;1;6;4;3;0;10;25;0;5;0;4;20;0.4210076152299873;4;24;3;6;1;19;14;6;2;5;3;0;3;10;4;24;1;6;2;6;21;-5.986624117677137;6;9;2;5;1;13;13;3;4;12;4;3;2;2;2;2;1;24;6;9;4;3;24;6;3;3;8;6;2;6;4;14;5;2;17;21;6.579979984142773;6;1;5;6;8;1;24;3;1;14;15
TRACK:309;299;-1;3;0;5;0;5;1;6;4;3;0;10;25;0;5;0;4;20;0.5727448947539309;4;24;3;6;1;19;14;6;2;5;3;0;2;15;17;4;15;13;4;3;2;2;2;2;1;2;10;11;6;9;4;3;24;6;3;3;8;6;2;6;4;14;5;2;17;21;6.223424713404992;6;1;3;2;6;24;2;24;9;1;3;1;14;11;3;5;25
EVAL_INSTANCE:15:0:300
EVAL_INSTANCE:15:1:301
EVAL_INSTANCE:15:2:302
EVAL_INSTANCE:15:3:303
EVAL_INSTANCE:15:4:304
EVAL_INSTANCE:15:5:305
EVAL_INSTANCE:15:6:306
EVAL_INSTANCE:15:7:307
EVAL_INSTANCE:15:8:308
EVAL_INSTANCE:15:9:309
RUN_RESULT:15:0:0:1167:UUUULLRLULLL
RUN_RESULT:15:1:0:2000:----
RUN_RESULT:15:2:0:2000:----
RUN_RESULT:15:3:0:158:UUUURRURRRLRULURLULL
RUN_RESULT:15:4:0:19:UUUURULULL
RUN_RESULT:15:5:0:2000:----
RUN_RESULT:15:6:0:953:UUUURLDLL
RUN_RESULT:15:7:0:940:UUUURLDLL
RUN_RESULT:15:8:0:2000:----
RUN_RESULT:15:9:0:19:UUUURULULL
    16 |      160 | -3.981000E+03 | -3.981000E+03
TRACK:310;168;202;3;0;5;0;5;1;6;4;3;0;17;25;0;5;0;4;20;0.4398847836001618;4;24;3;6;1;19;14;6;2;5;3;0;3;7;-1.806539917300055;4;24;13;4;3;2;2;2;2;1;2;10;11;6;9;4;3;24;6;3;3;8;6;2;6;4;14;5;2;17;21;6.373938459366095;6;1;3;2;6;24;2;13;19;1;3;1;14;11;3;5;25
TRACK:311;168;202;3;0;5;0;5;1;6;4;3;0;10;25;0;5;0;4;20;0.4870661348682065;4;24;3;6;1;19;14;6;2;5;3;0;3;7;-1.6876248347043123;4;24;1;6;2;6;17;6;9;4;24;4;3;2;2;2;2;1;5;22;2.5673193272403623;6;9;4;3;24;6;3;3;8;6;2;13;5;2;17;21;6.4122577855187055;6;1;5;6;8;1;1;5;24;5;20;-8.727578406831068;3;1;14;15
TRACK:312;122;101;3;0;5;0;1;2;10;11;6;9;6;2;5;3;0;3;7;-1.8037853606497314;4;24;1;6;2;6;17;6;9;2;5;1;13;13;3;4;12;4;3;2;2;2;2;1;2;10;11;6;9;4;3;24;6;3;3;8;6;2;6;4;14;5;2;17;21;6.379055085535604;6;1;5;6;8;1;1;5;24;5;20;-8.852515098304977;3;1;14;15
TRACK:313;122;101;3;0;5;0;5;1;6;4;3;0;10;25;0;5;0;4;20;0.47558189297934345;4;24;3;6;1;19;13;6;2;5;3;0;3;7;-1.8022005924701445;4;24;13;4;3;2;2;2;2;1;2;10;11;6;9;4;3;24;6;3;3;8;6;2;6;4;14;5;2;17;21;6.359050022956504;6;1;3;2;0;21;-9.004576870715225;11;2;13;19;1;1;5;24;5;20;-8.767894029064937;3;5;25
TRACK:314;189;168;3;0;5;0;5;1;6;4;3;0;10;25;0;5;0;4;20;0.48629548879760237;4;24;3;6;1;19;14;6;2;5;3;0;3;7;-1.722142252595597;4;15;13;4;3;2;2;2;2;1;2;10;11;6;9;4;3;24;6;3;3;8;6;2;6;4;14;5;2;17;21;6.3704886722965375;6;1;3;2;6;24;2;13;9;1;20;0.4398847836001618;3;5;25
TRACK:315;189;168;3;0;5;0;5;1;6;4;3;0;10;25;0;5;0;4;20;0.4398847836001618;4;24;1;2;10;11;6;9;6;2;5;3;0;3;7;-1.806539917300055;4;24;13;4;3;2;2;2;2;1;2;10;11;6;9;4;3;24;6;3;3;8;6;2;6;4;14;5;2;17;21;6.373938459366095;6;1;3;2;6;24;2;13;19;1;3;1;14;11;3;5;25
TRACK:316;101;183;3;0;5;0;5;1;6;4;3;0;10;25;0;5;0;4;20;0.47558189297934345;4;24;3;6;1;19;14;6;2;5;3;0;3;7;-1.8022005924701445;4;24;13;4;3;2;2;2;2;1;2;10;11;6;9;4;3;24;6;3;3;8;6;2;17;5;2;17;21;6.359050022956504;6;1;3;2;0;21;-9.004576870715225;11;2;13;19;1;1;5;24;5;20;-8.767894029064937;3;5;25
TRACK:317;101;183;3;0;5;0;5;1;6;4;3;0;10;25;0;5;0;4;20;0.47691278587452884;4;20;0.47558189297934345;3;6;1;19;14;6;2;5;3;0;3;24;4;24;1;6;2;6;17;6;9;2;5;1;16;13;3;4;12;4;3;2;2;2;2;1;2;10;11;6;9;4;3;24;6;3;3;8;6;2;6;4;14;5;2;17;21;6.33672847194377;6;1;3;2;0;21;-9.047398195469619;11;2;13;19;1;1;5;24;5;20;-8.669829036183042;3;1;14;15
TRACK:318;122;181;3;0;5;0;5;1;6;4;3;0;10;25;0;5;0;4;20;0.5124585032280022;4;24;3;6;1;19;14;6;2;5;9;1;6;2;6;17;6;9;2;5;1;13;13;3;4;12;4;3;2;2;2;2;1;2;10;11;6;9;4;3;24;6;3;3;8;6;2;6;4;14;5;2;17;21;6.379055085535604;6;1;5;6;8;1;1;5;24;5;20;-8.852515098304977;3;1;14;15
TRACK:319;122;181;3;0;5;0;5;1;6;4;3;0;10;25;0;5;0;4;20;0.3883209372594026;4;24;3;6;1;19;14;2;10;11;4;3;2;2;2;2;1;2;10;11;6;9;4;3;24;6;3;3;8;6;2;6;4;14;5;2;17;21;6.44394329608705;6;1;5;6;8;1;24;3;1;14;15
TRACK:320;168;-1;3;0;5;0;5;1;6;4;3;0;10;25;0;5;0;4;20;0.3919975727254264;4;24;3;6;1;13;14;6;2;5;3;0;3;7;-1.8177023493785243;4;24;13;4;3;2;2;2;2;1;2;10;11;6;9;4;3;24;6;3;3;8;6;2;6;4;14;5;2;17;21;6.196535132620826;6;1;3;2;6;24;2;13;19;1;3;1;14;11;3;5;25
TRACK:321;312;-1;3;0;5;0;1;2;10;11;6;9;6;2;5;3;0;3;7;-2.0356355507336916;4;24;1;6;2;6;17;6;9;3;15;4;3;2;2;2;2;1;2;10;11;6;9;4;3;24;6;3;3;8;6;2;6;4;14;5;2;17;21;6.274227585078594;6;1;5;6;8;1;1;5;24;5;20;-8.88625339737109;3;1;14;15
TRACK:322;314;-1;3;0;5;0;5;1;6;4;3;4;24;0;5;0;4;20;0.4551846646003041;4;24;3;6;1;19;14;6;2;5;3;0;3;7;-1.7235640317065062;4;15;13;4;3;2;2;2;2;1;2;10;11;6;9;4;3;24;6;3;3;8;6;2;6;4;14;5;2;17;21;6.285153105241712;6;1;3;2;6;24;2;13;9;1;20;0.5502125681323929;3;5;25
TRACK:323;316;-1;3;0;5;0;5;1;6;4;3;0;10;25;0;5;0;4;20;0.33605114697747673;4;24;3;6;1;19;14;6;2;5;3;0;3;7;-1.9814446940895287;4;24;13;4;3;2;2;2;2;1;2;10;18;6;9;4;3;24;6;3;3;8;6;2;17;5;2;17;21;6.352982789411931;6;1;3;2;0;21;-9.229450793899593;11;2;13;19;1;1;5;24;5;20;-8.82178339850844;3;5;25
TRACK:324;318;-1;3;0;5;0;5;1;6;4;3;0;10;25;0;3;5;2;19;19;3;6;1;19;14;6;2;5;9;1;6;2;6;17;6;9;2;5;1;13;13;3;4;12;4;3;2;2;2;2;1;2;10;11;6;9;4;3;24;6;3;3;8;6;2;6;4;14;5;2;17;21;6.341661557552805;6;1;5;6;8;1;1;5;24;5;20;-8.717086869249185;3;1;14;15
TRACK:325;202;-1;3;0;5;0;5;1;6;4;3;0;10;25;0;5;0;4;20;0.3777260589833485;4;24;3;6;1;19;14;6;2;5;3;0;3;7;-1.5104381179377124;4;24;1;6;2;6;17;6;9;2;5;1;13;13;3;4;12;4;3;2;2;2;2;1;5;22;2.611331386296482;6;9;4;3;24;6;3;3;12;6;2;13;5;2;17;21;6.353581554958585;6;1;5;6;8;1;1;5;24;5;20;-8.751404548637904;3;1;14;15
TRACK:326;313;-1;3;0;5;0;5;1;6;4;3;0;10;25;0;5;0;4;20;0.5391900951635724;4;24;3;6;1;19;13;6;2;5;3;0;3;7;-1.6879112262269238;4;24;13;4;3;2;4;0;4;5;3;13;4;0;3;22;1.7952531916445125;2;25;8;1;0;0;6;3;19;5;0;10;24;0;6;0;20;2.462022470896299;22;8.777006138393897;5;3;21;8.545599287466509;0;3;0;0;9;7;4.086208354014637;4;21;9.02438765633325;6;6;5;8
TRACK:327;315;-1;3;0;5;0;5;1;6;4;3;0;10;25;0;5;0;4;20;0.40190335177769027;4;24;1;2;10;11;6;9;6;2;5;3;0;3;7;-1.6670783127538553;4;24;13;4;3;2;2;2;2;1;2;10;11;6;9;4;3;24;6;3;2;15;14;6;2;6;4;14;5;2;17;21;6.4018234789455875;6;1;3;2;6;24;2;13;19;1;3;1;14;11;3;5;25
TRACK:328;317;-1;3;0;5;0;5;1;6;4;3;0;10;25;0;5;0;4;20;0.36315350090894516;4;20;0.35783468405201374;1;6;8;0;12;21;-6.906557704733616;6;2;5;3;0;3;24;4;24;1;6;2;6;17;6;9;2;5;1;16;13;3;4;12;4;3;2;2;2;2;1;2;10;11;6;9;4;3;24;6;3;3;8;6;2;6;4;14;5;2;17;21;6.47064730781217;6;1;3;2;0;21;-9.161641584628132;11;2;13;19;1;1;5;24;5;20;-8.523379297557186;3;1;14;15
TRACK:329;319;-1;3;0;5;4;3;6;2;8;25;4;3;2;2;2;2;1;2;10;11;6;9;4;3;24;6;3;3;8;6;2;6;4;14;5;2;17;21;6.380630345897489;6;1;5;6;8;1;24;3;1;14;15
EVAL_INSTANCE:16:0:320
EVAL_INSTANCE:16:1:321
EVAL_INSTANCE:16:2:322
EVAL_INSTANCE:16:3:323
EVAL_INSTANCE:16:4:324
EVAL_INSTANCE:16:5:325
EVAL_INSTANCE:16:6:326
EVAL_INSTANCE:16:7:327
EVAL_INSTANCE:16:8:328
EVAL_INSTANCE:16:9:329
RUN_RESULT:16:0:0:19:UUUURULULL
RUN_RESULT:16:1:0:2000:----
RUN_RESULT:16:2:0:940:UUUURLDLL
RUN_RESULT:16:3:0:19:UUUURULULL
RUN_RESULT:16:4:0:2000:----
RUN_RESULT:16:5:0:19:UUUURULULL
RUN_RESULT:16:6:0:87:UUUULLRLULLL
RUN_RESULT:16:7:0:2000:----
RUN_RESULT:16:8:0:2000:----
RUN_RESULT:16:9:0:2000:----
    17 |      170 | -3.981000E+03 | -3.981000E+03
TRACK:330;189;101;3;0;5;0;5;1;6;4;3;0;10;25;0;5;0;4;20;0.48629548879760237;4;24;3;6;1;19;14;6;2;5;3;0;0;21;-9.004576870715225;11;4;15;13;4;3;2;2;2;2;1;2;10;11;6;9;4;3;24;6;3;3;8;6;2;6;4;14;5;2;17;21;6.3704886722965375;6;1;3;2;6;24;2;13;9;1;3;1;14;11;3;5;25
TRACK:331;189;101;3;0;5;0;5;1;6;4;3;0;10;25;0;5;0;4;20;0.47558189297934345;4;24;3;6;1;9;14;6;2;5;3;0;3;7;-1.8022005924701445;4;24;13;4;3;2;2;2;2;1;2;10;11;6;9;4;3;24;6;3;3;8;6;2;6;4;14;5;2;17;21;6.359050022956504;6;1;3;2;0;21;-9.004576870715225;11;2;13;19;1;1;5;24;5;20;-8.767894029064937;3;5;25
TRACK:332;183;81;3;0;5;0;5;1;6;24;0;5;0;4;20;0.47691278587452884;4;24;3;6;1;19;14;6;2;5;3;0;3;24;4;24;1;6;2;6;17;6;9;2;5;1;16;13;3;4;12;4;3;2;2;2;2;1;2;10;11;6;9;4;3;24;6;3;3;8;6;2;6;4;14;5;2;17;21;6.33672847194377;6;1;3;2;0;21;-9.047398195469619;11;2;13;19;1;1;5;24;5;20;-8.669829036183042;3;1;14;15
TRACK:333;183;81;3;0;5;0;5;3;0;3;24;4;24;6;2;5;3;0;3;7;-1.73109999719737;4;24;1;6;2;6;17;6;9;2;5;1;13;13;3;4;12;4;3;2;2;2;2;1;2;10;11;6;9;4;3;24;6;3;3;8;6;2;6;4;14;5;2;17;21;6.424269014427377;6;1;3;2;0;21;-8.924731620933152;11;2;13;19;1;1;5;24;5;20;-8.615834387030771;3;1;14;15
TRACK:334;181;101;3;0;5;0;5;1;6;4;3;0;10;25;0;5;0;4;20;0.3883209372594026;4;24;3;6;1;19;14;6;2;5;3;0;3;7;-1.7722386214485901;4;24;1;6;2;6;21;-5.899535936797906;6;9;2;5;1;13;13;3;3;8;4;3;2;2;2;2;1;2;10;11;6;9;4;3;24;6;3;3;8;6;2;6;4;14;5;2;17;21;6.44394329608705;6;1;5;6;8;1;24;3;1;14;15
TRACK:335;181;101;3;0;5;0;5;1;6;4;3;0;10;25;0;5;0;9;4;24;3;6;1;19;14;6;2;5;3;0;3;7;-1.8022005924701445;4;24;13;4;3;2;2;2;2;1;2;10;11;6;9;4;3;24;6;3;3;8;6;2;6;4;14;5;2;17;21;6.359050022956504;6;1;3;2;0;21;-9.004576870715225;11;2;13;19;1;1;5;24;5;20;-8.767894029064937;3;5;25
TRACK:336;81;204;3;0;5;0;5;1;6;4;3;0;10;25;0;5;0;4;20;0.5439829361128155;4;24;3;6;1;19;14;6;2;5;3;0;3;7;-1.73109999719737;4;24;1;6;2;6;17;6;9;2;14;3;4;12;4;3;2;2;2;2;1;2;10;11;6;9;4;3;24;6;3;3;8;6;2;6;4;14;5;2;17;21;6.424269014427377;6;1;3;2;0;21;-8.924731620933152;11;2;13;19;1;1;5;24;5;20;-8.615834387030771;3;1;14;15
TRACK:337;81;204;3;0;5;0;5;1;6;4;3;0;10;25;0;5;0;4;20;0.5295868699481479;4;24;3;6;1;19;14;6;2;5;3;0;3;24;4;24;1;6;2;6;17;6;9;2;5;1;16;13;3;3;13;4;3;2;2;2;2;1;2;10;11;6;9;4;13;6;3;3;8;6;2;6;4;14;5;2;17;21;6.2828958065216876;6;1;3;2;24;2;13;19;1;1;5;24;5;20;-8.630695277893532;3;1;14;15
TRACK:338;183;141;3;0;5;0;5;1;6;4;3;0;10;25;0;5;0;4;20;0.47691278587452884;4;24;3;6;1;19;14;6;2;5;3;0;3;24;4;24;1;6;2;6;17;6;9;2;5;1;16;13;3;4;12;4;3;2;2;2;2;1;2;10;11;6;9;4;3;21;6.367311904107192;6;3;3;8;6;2;6;4;14;5;2;17;21;6.33672847194377;6;1;3;2;0;21;-9.047398195469619;11;2;13;19;1;1;5;24;5;20;-8.669829036183042;3;1;14;15
TRACK:339;183;141;3;0;5;0;5;1;6;4;3;0;10;17;0;5;0;4;20;0.5461614997804684;4;24;3;6;1;19;14;17;4;3;2;2;2;2;1;2;10;11;6;9;4;3;24;6;3;3;8;6;2;6;4;14;5;2;17;21;6.367311904107192;6;1;3;2;0;21;-9.021731714682954;11;2;13;19;1;1;5;24;5;20;-8.749330855615382;3;5;25
TRACK:340;330;-1;3;0;5;0;5;1;6;4;3;0;10;25;0;5;0;4;20;0.48249960743289827;4;24;3;6;1;19;14;6;5;3;5;3;1;9;20;-9.500955963519274;4;3;2;2;2;2;1;2;10;11;6;9;4;3;24;6;3;3;8;6;2;6;4;14;5;2;17;21;6.247182961323766;6;1;3;2;6;24;2;13;9;1;3;1;14;11;3;5;25
TRACK:341;332;-1;3;0;5;0;5;1;6;24;0;5;0;4;20;0.5181321413681835;4;24;3;6;1;19;14;6;2;5;3;0;3;24;4;24;1;6;2;6;17;6;9;2;5;1;16;13;3;4;12;4;3;2;2;2;2;1;2;10;11;6;9;4;3;24;6;3;3;8;6;2;6;4;17;5;2;17;21;6.377448608272394;6;1;3;2;0;21;-9.04905959817156;11;2;13;19;1;1;5;24;5;20;-8.628356027300104;3;1;14;15
TRACK:342;334;-1;3;0;5;0;5;1;4;5;0;5;15;5;21;-8.346854463932168;0;5;0;4;20;0.27661515980308066;4;24;3;6;1;19;14;6;2;5;3;0;3;7;-1.7089332052257715;4;24;1;6;2;6;21;-5.611570048376749;6;9;2;5;1;13;13;3;3;8;4;3;2;2;2;2;1;2;10;11;6;9;4;3;24;6;3;3;8;6;2;6;4;14;5;2;17;21;6.402629443520181;6;1;5;6;8;1;24;3;1;14;15
TRACK:343;336;-1;3;0;5;0;5;1;6;2;1;19;21;-1.7016957064163378;2;24;15;0;5;0;4;20;0.5678738474312659;4;24;3;6;1;19;14;6;2;5;3;0;3;7;-1.812152173561261;4;24;1;6;2;6;17;6;9;2;14;3;4;12;4;3;2;2;2;2;1;2;10;11;6;9;4;3;24;6;3;3;8;6;2;6;4;14;5;2;17;21;6.3281613932474094;6;1;3;2;0;21;-8.916303722189246;11;2;13;19;1;1;5;24;5;20;-8.504192870509529;3;1;14;15
TRACK:344;338;-1;3;0;5;0;5;1;6;4;3;0;10;25;0;5;0;4;20;0.42841750101074383;4;24;3;6;1;19;14;6;2;5;3;0;3;24;4;24;1;6;2;6;17;6;9;2;2;6;24;0;21;-9.220290979706057;7;-5.312894128330625;3;4;12;4;3;2;2;2;2;1;2;10;11;6;9;4;3;21;6.439630054738323;6;3;3;8;6;2;6;4;14;5;2;17;21;6.23485032098127;6;1;3;2;0;21;-8.972185674928904;11;2;13;19;1;1;5;24;5;20;-8.680260077212436;3;1;14;15
TRACK:345;331;-1;3;0;5;0;5;1;6;4;3;0;10;25;0;5;0;4;20;0.5844471480376194;4;24;3;6;1;9;14;6;2;5;3;0;3;7;-1.554027806812444;4;24;13;4;3;2;2;2;2;1;2;10;11;6;9;4;3;24;6;3;3;8;1;5;1;9;23;6.909241959175123;5;5;20;7.578049105861947;6;1;3;2;0;21;-8.984591428758572;11;2;13;19;1;1;5;24;5;20;-8.738048039666308;3;5;25
TRACK:346;333;-1;3;0;5;0;5;3;0;3;24;4;24;6;2;5;3;0;3;7;-1.613047017399482;4;24;1;6;2;6;17;6;9;2;5;1;13;13;3;4;12;4;3;2;2;2;2;1;2;10;11;6;9;4;3;24;6;3;3;8;6;2;6;5;14;5;2;17;21;6.329188296283513;6;1;3;2;0;21;-8.805202838241211;11;2;13;19;1;1;5;24;5;20;-8.67175154412342;3;1;14;15
TRACK:347;335;-1;0;0;0;20;3.2609451024215304;16;5;18;4;3;15
TRACK:348;337;-1;3;0;5;0;5;1;6;4;3;0;10;25;0;5;0;4;20;0.5519819793021589;4;24;3;6;1;19;14;6;2;5;3;0;3;24;4;24;1;6;2;6;17;6;9;2;5;1;16;13;3;3;13;4;3;2;2;2;2;1;2;10;11;6;9;4;13;6;3;3;8;6;2;6;4;14;5;2;16;21;6.406083905740751;6;1;3;2;24;2;13;19;1;1;5;24;5;20;-8.495659440050492;3;1;14;15
TRACK:349;339;-1;3;0;5;0;5;1;6;4;3;0;10;17;0;5;0;4;20;0.47383703248668024;4;24;3;6;3;18;17;4;3;2;2;2;2;1;2;10;11;6;9;4;3;24;6;3;3;8;6;2;6;4;14;5;2;17;21;6.3220232317906;6;1;3;2;0;21;-9.17081599660143;11;2;13;19;1;1;5;24;5;20;-8.883900121197389;3;5;25
EVAL_INSTANCE:17:0:340
EVAL_INSTANCE:17:1:341
EVAL_INSTANCE:17:2:342
EVAL_INSTANCE:17:3:343
EVAL_INSTANCE:17:4:344
EVAL_INSTANCE:17:5:345
EVAL_INSTANCE:17:6:346
EVAL_INSTANCE:17:7:347
EVAL_INSTANCE:17:8:348
EVAL_INSTANCE:17:9:349
RUN_RESULT:17:0:0:1405:DUUUUDRLUURUDLUULL
RUN_RESULT:17:1:0:953:UUUURLDLL
RUN_RESULT:17:2:0:940:UUUURLDLL
RUN_RESULT:17:3:0:2000:----
RUN_RESULT:17:4:0:1312:UUUURLDLL
RUN_RESULT:17:5:0:19:UUUURULULL
RUN_RESULT:17:6:0:2000:----
RUN_RESULT:17:7:0:2000:----
RUN_RESULT:17:8:0:19:UUUURULULL
RUN_RESULT:17:9:0:158:UUUURRURRRLRULURLULL
    18 |      180 | -3.981000E+03 | -3.981000E+03
TRACK:350;168;202;3;0;5;0;5;1;6;4;3;0;10;25;0;5;0;4;20;0.4398847836001618;4;24;3;3;8;6;2;5;3;0;3;7;-1.806539917300055;4;24;13;4;3;2;2;2;2;1;2;10;11;6;9;4;3;24;6;3;3;8;6;2;6;4;14;5;2;17;21;6.373938459366095;6;1;3;2;6;24;2;13;19;1;3;1;14;11;3;5;25
TRACK:351;168;202;3;0;5;0;5;1;6;4;3;0;10;25;0;5;0;4;20;0.4870661348682065;4;24;3;6;1;19;14;6;2;5;3;0;3;7;-1.6876248347043123;4;24;1;6;2;6;17;6;9;2;5;1;13;13;3;4;12;4;3;2;2;2;2;1;5;22;2.5673193272403623;6;9;4;3;24;6;3;3;8;6;2;13;5;2;17;21;6.4122577855187055;6;9
TRACK:352;141;183;3;0;5;0;5;14;6;2;5;3;0;3;7;-1.8250688532425001;4;24;13;4;3;2;2;2;2;1;2;10;11;6;9;4;3;24;6;3;3;8;6;2;6;4;14;5;2;17;21;6.367311904107192;6;1;3;2;0;21;-9.021731714682954;11;2;13;19;1;1;5;24;5;20;-8.749330855615382;3;5;25
TRACK:353;141;183;3;0;5;0;5;1;6;4;3;0;10;25;0;5;0;4;20;0.47691278587452884;4;24;3;6;1;19;14;6;2;5;3;0;3;24;4;24;1;6;2;6;17;6;9;2;5;1;16;13;3;4;12;4;3;2;2;2;2;1;5;25;6;9;4;3;24;6;3;3;8;6;2;6;4;14;5;2;17;21;6.33672847194377;6;1;3;2;0;21;-9.047398195469619;11;2;13;19;1;1;5;24;5;20;-8.669829036183042;3;1;14;15
TRACK:354;122;202;3;0;5;0;5;1;6;4;3;0;10;25;0;5;0;4;20;0.5124585032280022;4;24;3;6;1;19;14;6;2;5;3;0;3;7;-1.8037853606497314;4;24;1;6;2;6;17;6;9;2;5;1;13;13;3;4;12;4;3;2;2;2;2;1;2;10;11;6;9;4;3;24;6;3;3;8;6;2;6;4;14;5;2;17;21;6.379055085535604;6;1;5;6;8;1;1;5;24;5;9;3;1;14;15
TRACK:355;122;202;3;0;5;0;5;1;6;4;3;0;10;25;0;5;2;6;17;6;9;3;6;1;19;14;6;2;5;3;0;3;7;-1.6876248347043123;4;24;1;6;2;6;17;6;9;2;5;1;13;13;3;4;12;4;3;2;2;2;2;1;5;22;2.5673193272403623;6;9;4;3;24;6;3;3;8;6;2;13;5;2;17;21;6.4122577855187055;6;1;5;6;8;1;1;5;24;5;20;-8.727578406831068;3;1;14;15
TRACK:356;183;189;3;0;5;0;5;1;6;4;3;0;10;7;-1.722142252595597;0;5;0;4;20;0.47691278587452884;4;24;3;6;1;19;14;6;2;5;3;0;3;24;4;24;1;6;2;6;17;6;9;2;5;1;16;13;3;4;12;4;3;2;2;2;2;1;2;10;11;6;9;4;3;24;6;3;3;8;6;2;6;4;14;5;2;17;21;6.33672847194377;6;1;3;2;0;21;-9.047398195469619;11;2;13;19;1;1;5;24;5;20;-8.669829036183042;3;1;14;15
TRACK:357;183;189;3;0;5;0;5;1;6;4;3;0;10;25;0;5;0;4;20;0.48629548879760237;4;24;3;6;1;19;14;6;2;5;3;0;3;7;-1.722142252595597;4;15;13;4;3;2;2;4;3;0;10;25;6;2;6;4;14;5;2;17;21;6.3704886722965375;6;1;3;2;6;24;2;13;9;1;3;1;14;11;3;5;25
TRACK:358;204;168;3;0;5;0;5;1;6;4;3;0;24;25;0;5;0;4;20;0.5295868699481479;4;24;3;6;1;19;14;6;2;5;3;0;3;24;4;24;1;6;2;6;17;6;9;2;5;1;16;13;3;3;13;4;3;2;2;2;2;1;2;10;11;6;9;4;13;6;3;3;8;6;2;6;4;14;5;2;17;21;6.2828958065216876;6;1;3;2;0;21;-9.086495856232398;11;2;13;19;1;1;5;24;5;20;-8.630695277893532;3;1;14;15
TRACK:359;204;168;3;0;5;0;5;1;6;4;3;0;10;25;0;5;0;4;20;0.4398847836001618;4;24;3;6;1;19;14;6;2;5;3;0;3;7;-1.806539917300055;4;24;13;4;3;2;2;2;2;1;2;10;11;6;9;6;9;6;3;3;8;6;2;6;4;14;5;2;17;21;6.373938459366095;6;1;3;2;6;24;2;13;19;1;3;1;14;11;3;5;25
TRACK:360;350;-1;3;0;5;0;5;1;6;4;3;0;10;25;0;5;0;4;20;0.4439994206409588;4;24;3;3;8;6;2;5;3;0;3;7;-1.763486295308444;4;24;13;4;3;2;2;2;2;1;2;10;11;6;9;4;3;24;6;3;3;8;6;2;2;0;11;15;4;10;5;2;17;21;6.229243423488521;6;1;3;2;6;24;2;13;19;1;3;1;14;11;3;5;25
TRACK:361;352;-1;3;0;5;0;5;14;6;2;5;3;0;3;7;-1.5195644949162148;4;24;13;4;3;2;2;2;2;1;2;10;11;6;9;4;3;24;6;3;3;8;6;2;6;4;14;5;2;17;21;6.313909724297809;6;1;3;2;0;21;-8.924956813581039;11;2;13;19;1;1;5;24;5;20;-8.602247668917075;3;5;25
TRACK:362;354;-1;3;0;5;0;5;1;6;4;3;0;10;25;0;5;0;4;20;0.4165291518253039;4;24;3;6;1;19;14;6;2;5;3;0;3;7;-1.696143641763371;4;24;1;6;2;6;17;6;9;2;5;1;13;13;3;4;12;4;3;2;2;2;2;1;2;10;11;6;9;4;3;24;6;3;3;8;6;2;6;4;14;5;2;17;21;6.298121221164101;6;1;5;6;8;1;1;5;24;5;15;3;1;14;15
TRACK:363;356;-1;3;0;5;0;5;1;6;4;3;0;10;7;-1.7198036384661357;0;5;0;4;20;0.5935198761829904;4;24;3;6;1;19;14;6;2;5;3;0;3;24;4;24;1;6;2;6;17;6;9;2;5;1;12;13;3;4;12;4;3;2;2;2;2;1;2;10;11;6;9;4;3;24;6;3;3;8;6;2;6;4;14;5;2;17;21;6.47415068288974;6;1;3;2;0;21;-9.083214781446378;11;2;13;19;1;1;5;24;5;20;-8.573194849685501;3;1;14;15
TRACK:364;358;-1;3;0;5;0;5;1;6;0;6;24;1;11;7;-0.27993272260340696;0;5;0;4;20;0.6199627433488856;4;24;3;6;1;19;14;6;2;5;3;0;3;24;4;24;1;6;2;6;17;6;9;2;5;1;16;13;3;3;13;4;3;2;2;2;2;1;2;10;11;6;9;4;13;6;3;3;8;6;2;6;4;14;5;2;17;21;6.281702344984279;6;1;3;2;0;21;-8.992014409201234;11;2;13;19;1;1;5;24;5;20;-8.724396765762918;3;1;14;15
TRACK:365;351;-1;3;0;5;0;5;1;6;4;3;0;10;25;0;5;0;4;20;0.3537704477331428;4;24;3;6;1;19;14;6;2;5;3;0;4;14;4;24;1;6;2;6;17;6;9;2;5;1;13;13;3;4;12;4;3;2;2;2;2;1;5;22;2.597700738606726;6;9;4;3;24;6;3;3;8;6;2;13;5;2;17;21;6.646767418743503;6;9
TRACK:366;353;-1;3;0;5;0;5;1;6;4;3;1;12;11;0;5;0;4;20;0.43023691098837974;4;24;3;6;1;19;14;6;2;5;3;0;3;24;4;24;1;6;2;6;17;6;9;2;5;1;16;13;3;4;12;4;3;2;2;2;2;1;5;25;6;9;4;3;24;6;3;3;8;6;2;6;4;14;5;2;17;21;6.294363675843437;6;1;3;2;0;21;-8.97757417517121;11;2;13;19;1;1;5;24;5;20;-8.759142235383777;3;1;14;15
TRACK:367;355;-1;3;0;5;0;5;1;6;4;3;0;10;25;0;5;2;6;17;6;9;3;6;1;19;14;6;2;5;3;0;3;7;-1.719441668488895;2;12;9;1;6;2;6;17;6;9;2;5;1;13;13;3;4;12;4;3;2;2;2;2;1;5;22;2.7202075986797727;6;9;4;3;24;6;3;3;8;6;2;13;5;2;17;21;6.42615101232398;6;1;5;6;8;1;1;5;24;5;20;-8.57356581726982;3;1;14;15
TRACK:368;357;-1;3;0;5;0;5;1;6;4;3;2;23;-9.238511053871544;16;0;5;0;4;20;0.3421875549837618;4;24;3;6;1;19;14;6;2;5;3;0;3;7;-1.7452979526522228;4;15;13;4;3;2;2;4;3;0;10;25;6;2;6;4;14;5;2;17;21;6.408317360703047;6;1;3;2;6;24;2;13;9;1;3;1;14;11;3;5;25
TRACK:369;359;-1;3;0;5;0;5;1;6;4;3;0;10;25;0;5;3;4;23;-0.842889900151178;3;6;1;19;14;6;2;5;3;0;3;7;-1.8940176673981706;4;24;13;4;3;2;2;2;2;1;2;10;11;6;9;6;9;6;3;3;8;6;2;6;4;14;5;2;17;21;6.379452419755585;6;1;3;2;6;24;2;13;19;1;3;1;14;11;3;5;25
EVAL_INSTANCE:18:0:360
EVAL_INSTANCE:18:1:361
EVAL_INSTANCE:18:2:362
EVAL_INSTANCE:18:3:363
EVAL_INSTANCE:18:4:364
EVAL_INSTANCE:18:5:365
EVAL_INSTANCE:18:6:366
EVAL_INSTANCE:18:7:367
EVAL_INSTANCE:18:8:368
EVAL_INSTANCE:18:9:369
RUN_RESULT:18:0:0:2000:----
RUN_RESULT:18:1:0:940:UUUURLDLL
RUN_RESULT:18:2:0:19:UUUURULULL
RUN_RESULT:18:3:0:1326:UUUURLDLL
RUN_RESULT:18:4:0:2000:----
RUN_RESULT:18:5:0:2000:----
RUN_RESULT:18:6:0:2000:----
RUN_RESULT:18:7:0:2000:----
RUN_RESULT:18:8:0:2000:----
RUN_RESULT:18:9:0:2000:----
    19 |      190 | -3.981000E+03 | -3.981000E+03
TRACK:370;168;141;3;0;5;0;5;1;6;4;3;0;10;25;0;5;0;4;20;0.4398847836001618;4;24;3;6;1;19;14;6;2;5;3;0;3;7;-1.806539917300055;4;24;13;4;3;2;2;2;2;1;2;10;11;6;9;4;3;24;6;3;3;8;21;-9.021731714682954;6;1;3;2;6;24;2;13;19;1;3;1;14;11;3;5;25
TRACK:371;168;141;3;0;5;0;5;1;6;4;3;0;10;17;0;5;0;4;20;0.5461614997804684;4;24;3;6;1;19;14;6;2;5;3;0;3;7;-1.8250688532425001;4;24;13;4;3;2;2;2;2;1;2;10;11;6;9;4;3;24;6;3;3;8;6;2;6;4;14;5;2;17;21;6.367311904107192;6;1;3;5;2;17;21;6.373938459366095;1;1;5;24;5;20;-8.749330855615382;3;5;25
TRACK:372;101;204;3;0;5;0;5;1;6;4;3;0;10;25;0;5;0;4;20;0.47558189297934345;4;24;3;6;1;19;14;6;2;5;3;0;3;7;-1.8022005924701445;4;24;13;4;3;2;2;2;2;1;2;10;11;6;9;4;3;24;6;3;3;8;6;2;6;4;14;5;2;17;21;6.359050022956504;6;1;3;2;0;21;-9.004576870715225;11;2;13;19;1;1;5;24;5;17;3;5;25
TRACK:373;101;204;3;0;5;0;5;1;6;2;6;4;14;5;2;17;21;6.359050022956504;0;5;0;4;20;0.5295868699481479;4;24;3;6;1;19;14;6;2;5;3;0;3;24;4;24;1;6;2;6;17;6;9;2;5;1;16;13;3;3;13;4;3;2;2;2;2;1;2;10;11;6;9;4;13;6;3;3;8;6;2;6;4;14;5;2;17;21;6.2828958065216876;6;1;3;2;0;21;-9.086495856232398;11;2;13;19;1;1;5;24;5;20;-8.630695277893532;3;1;14;15
TRACK:374;189;141;3;0;5;0;5;1;6;4;3;0;10;25;0;5;0;4;20;0.48629548879760237;4;24;3;6;1;19;14;6;2;5;3;0;3;7;-1.722142252595597;4;15;13;4;3;2;2;2;2;1;19;6;9;4;3;24;6;3;3;8;6;2;6;4;14;5;2;17;21;6.3704886722965375;6;1;3;2;6;24;2;13;9;1;3;1;14;11;3;5;25
TRACK:375;189;141;3;0;5;0;5;1;6;4;3;0;10;17;0;5;0;4;20;0.5461614997804684;4;24;3;6;1;19;14;6;2;5;3;0;3;7;-1.8250688532425001;4;24;13;4;3;2;2;2;2;1;2;10;11;6;9;4;3;24;6;3;3;8;6;2;6;4;14;5;2;17;21;6.367311904107192;6;1;3;2;0;21;-9.021731714682954;11;2;13;19;1;1;5;24;5;20;-8.749330855615382;3;5;25
TRACK:376;183;202;3;0;5;0;5;1;6;4;3;0;10;25;0;5;0;4;20;0.47691278587452884;4;24;3;6;1;19;14;6;2;5;3;0;3;24;4;24;1;6;2;6;17;6;9;2;5;1;13;13;3;4;12;4;3;2;2;2;2;1;2;10;11;6;9;4;3;24;6;3;3;8;6;2;6;4;14;5;2;17;21;6.33672847194377;6;1;3;2;0;21;-9.047398195469619;11;2;13;19;1;1;5;24;5;20;-8.669829036183042;3;1;14;15
TRACK:377;183;202;3;0;5;0;5;1;6;4;3;0;10;25;0;5;0;4;20;0.4870661348682065;4;24;3;6;1;19;14;6;2;5;3;0;3;9;4;24;1;6;2;6;17;6;9;2;5;1;13;13;3;4;12;4;3;2;2;2;2;1;5;22;2.5673193272403623;6;9;4;3;24;6;3;3;8;6;2;13;5;2;17;21;6.4122577855187055;6;1;5;6;8;1;1;5;24;5;20;-8.727578406831068;3;1;14;15
TRACK:378;101;122;3;0;5;0;5;1;6;4;3;0;10;25;0;5;0;4;20;0.47558189297934345;4;24;3;6;1;19;14;6;2;5;3;0;3;7;-1.8022005924701445;4;24;13;4;3;2;2;2;2;1;2;10;11;6;9;4;3;24;6;3;3;8;6;2;6;4;14;5;2;17;21;6.379055085535604;6;1;3;2;0;21;-9.004576870715225;11;2;13;19;1;1;5;24;5;20;-8.767894029064937;3;5;25
TRACK:379;101;122;3;0;5;0;5;1;6;4;3;0;10;25;0;5;0;4;20;0.5124585032280022;4;24;3;6;1;19;14;6;2;5;3;0;3;7;-1.8037853606497314;4;24;1;6;2;6;17;6;9;2;5;1;13;13;3;4;12;4;3;2;2;2;2;1;2;10;11;6;9;4;3;24;6;3;3;21;6.359050022956504;6;2;6;4;14;5;2;17;21;6.379055085535604;6;1;5;6;8;1;1;5;24;5;20;-8.852515098304977;3;1;14;15
TRACK:380;370;-1;3;0;5;0;5;1;6;4;3;0;10;24;0;5;0;4;20;0.48606934973402055;4;24;3;6;1;19;14;6;2;5;3;0;3;7;-2.001658268541184;4;24;13;4;3;2;2;2;2;1;2;10;11;6;9;4;3;24;6;3;3;8;21;-8.908214674826354;6;1;3;2;6;24;2;13;19;1;3;1;14;11;3;5;25
TRACK:381;101;-1;3;0;5;0;5;1;6;4;3;0;10;25;0;5;0;4;20;0.5334300884931266;4;24;3;5;0;8;22;1.7958792404530506;6;2;5;3;0;3;7;-1.884791555238767;4;24;13;4;3;2;2;2;2;1;2;10;11;6;9;4;3;24;6;3;3;8;6;2;6;4;14;5;2;17;21;6.202527850922802;6;1;3;2;0;21;-8.998512119765355;11;2;13;19;1;1;5;24;5;20;-8.731021694943875;3;5;25
TRACK:382;374;-1;3;0;5;0;5;1;6;4;3;0;10;25;0;0;3;6;23;7.359375727271349;0;6;10;2;13;16;3;6;1;19;14;6;2;5;3;0;3;7;-1.5366054739688053;4;15;13;4;3;2;2;2;2;1;19;6;9;4;3;24;6;3;3;8;6;2;6;4;14;5;2;17;21;6.569276318366361;6;1;3;2;6;24;2;13;9;1;3;1;14;11;3;5;25
TRACK:383;376;-1;3;0;5;0;5;1;6;4;3;0;10;25;0;5;0;4;20;0.45869249946493984;4;24;3;6;1;19;14;6;2;5;3;0;3;24;4;24;1;6;2;6;17;6;9;2;5;1;13;13;3;4;12;4;3;2;2;2;2;1;2;10;11;6;9;4;3;24;6;3;3;8;6;2;6;4;14;5;2;17;21;6.223182103001349;6;1;3;2;0;21;-9.139492138615974;11;2;13;19;1;2;16;23;-7.450487975972305;3;1;14;15
TRACK:384;378;-1;3;0;5;0;5;1;6;4;3;0;10;25;0;5;0;4;20;0.3415485245030321;4;24;3;6;1;19;14;6;2;5;3;0;3;7;-1.7061981542715425;4;24;13;4;3;2;2;2;2;1;2;10;11;6;9;4;3;24;6;3;3;8;6;2;6;4;14;5;2;17;21;6.277654378994557;6;1;3;2;0;21;-9.067978620074783;11;2;13;19;1;2;23;5.299760889510347;23;2.2112110064475807;3;22;9.537938821739125
TRACK:385;371;-1;3;0;5;0;5;1;6;4;3;0;10;17;0;5;0;4;20;0.44494561142541206;6;25;3;6;1;19;14;6;2;5;3;0;3;7;-1.7450867853526448;4;24;13;4;3;2;2;2;2;1;2;10;11;6;9;4;3;24;6;3;3;8;6;2;6;4;14;5;2;17;21;6.3605402105215445;6;1;3;5;2;17;21;6.345422719466519;1;1;5;24;5;20;-8.745794419542156;3;5;25
TRACK:386;204;-1;3;0;5;0;5;1;6;4;3;0;10;25;0;5;0;4;20;0.33248214135548326;4;24;4;2;22;6.5954196045125855;25;6;2;5;3;0;3;24;4;24;1;6;2;6;17;6;9;2;5;1;16;13;3;3;13;4;3;2;2;2;2;1;2;10;11;6;9;4;13;6;3;3;8;6;2;6;4;14;5;2;17;21;6.343638951260883;6;1;3;2;0;21;-9.027043125479;11;2;13;19;1;1;5;24;5;20;-8.652397916565635;3;1;14;15
TRACK:387;375;-1;3;0;5;0;5;1;6;4;3;0;10;17;0;5;0;4;20;0.49792114142556104;4;24;3;6;1;19;14;6;2;5;3;0;3;7;-1.666873542826515;4;24;13;4;3;2;2;2;2;1;2;10;11;6;9;4;3;24;6;3;3;8;6;2;6;4;14;5;2;14;21;6.468574663829805;6;1;3;2;0;21;-9.240143455885548;11;2;13;19;1;1;5;24;5;20;-8.869715565122442;3;5;25
TRACK:388;377;-1;3;0;5;0;5;1;6;4;3;0;10;25;0;5;0;4;20;0.39189452113590295;4;24;3;6;1;19;14;6;2;5;3;0;3;9;4;24;1;6;2;6;17;6;9;2;5;1;13;13;3;4;12;4;2;0;2;17;17;1;23;-2.142674235452155;7;-2.995329178341959;3;2;14;7;1.8178007802907192
TRACK:389;379;-1;3;0;5;0;5;1;6;4;3;0;10;25;0;5;0;4;20;0.554196510785576;4;24;3;6;1;19;14;6;2;5;3;0;3;17;4;24;1;6;2;6;17;6;9;2;5;1;13;13;3;4;12;4;3;2;2;2;2;1;2;10;11;6;9;4;3;24;6;3;3;21;6.448046025690184;6;2;6;4;14;5;2;17;21;6.300293942310251;6;1;5;6;8;1;1;5;24;5;20;-8.967646606021606;3;1;14;15
EVAL_INSTANCE:19:0:380
EVAL_INSTANCE:19:1:381
EVAL_INSTANCE:19:2:382
EVAL_INSTANCE:19:3:383
EVAL_INSTANCE:19:4:384
EVAL_INSTANCE:19:5:385
EVAL_INSTANCE:19:6:386
EVAL_INSTANCE:19:7:387
EVAL_INSTANCE:19:8:388
EVAL_INSTANCE:19:9:389
RUN_RESULT:19:0:0:95:UUUULLRLULLL
RUN_RESULT:19:1:0:10:UUUURULULL
RUN_RESULT:19:2:0:2000:----
RUN_RESULT:19:3:0:19:UUUURULULL
RUN_RESULT:19:4:0:1578:UUUULRLULLUDRULLL
RUN_RESULT:19:5:0:19:UUUURULULL
RUN_RESULT:19:6:0:2000:----
RUN_RESULT:19:7:0:19:UUUURULULL
RUN_RESULT:19:8:0:2000:----
RUN_RESULT:19:9:0:19:UUUURULULL
    20 |      200 | -3.981900E+03 | -3.990000E+03
TRACK:390;189;181;3;0;5;0;5;1;6;4;4;14;0;5;0;4;20;0.48629548879760237;4;24;3;6;1;19;14;6;2;5;3;0;3;7;-1.722142252595597;4;15;13;4;3;2;2;2;2;1;2;10;11;6;9;4;3;24;6;3;3;8;6;2;6;4;14;5;2;17;21;6.3704886722965375;6;1;3;2;6;24;2;13;9;1;3;1;14;11;3;5;25
TRACK:391;189;181;3;0;5;0;5;1;6;4;3;0;10;25;0;5;0;4;20;0.3883209372594026;4;24;3;6;1;19;14;6;2;5;3;0;3;7;-1.7722386214485901;4;24;1;6;2;6;21;-5.899535936797906;6;9;2;5;1;13;13;3;4;12;4;3;2;2;2;3;0;10;25;6;3;3;8;6;2;6;4;14;5;2;17;21;6.44394329608705;6;1;5;6;8;1;24;3;1;14;15
TRACK:392;81;202;3;0;5;0;5;1;6;4;3;0;10;25;0;5;0;4;20;0.5439829361128155;4;24;3;6;1;19;14;6;2;5;3;0;3;7;-1.73109999719737;4;24;1;6;2;6;17;6;9;2;5;1;13;13;3;4;12;4;3;2;2;2;2;1;2;10;11;6;9;4;3;24;6;3;3;8;6;2;6;4;14;5;2;17;21;6.424269014427377;6;5;0;4;20;0.4870661348682065;4;24
TRACK:393;81;202;3;0;5;0;5;1;6;4;3;0;10;25;0;5;0;4;20;0.4870661348682065;4;24;3;6;1;19;14;6;2;5;3;0;3;7;-1.6876248347043123;4;24;1;6;2;6;17;6;9;2;5;1;13;13;3;4;12;4;3;5;0;4;20;0.5439829361128155;4;24
TRACK:394;381;101;3;0;5;0;5;1;6;4;3;0;10;25;0;5;0;4;20;0.5334300884931266;4;24;3;5;0;8;22;1.7958792404530506;6;2;5;3;0;3;7;-1.884791555238767;4;24;13;4;3;2;2;2;2;1;2;10;11;6;9;4;3;24;6;3;3;8;6;2;6;4;14;5;2;17;21;6.202527850922802;6;1;3;2;0;21;-8.998512119765355;11;2;13;19;2;1;2;10;11;6;9;4;3;24
TRACK:395;381;101;3;0;5;0;5;1;6;4;3;0;10;25;0;5;0;4;20;0.47558189297934345;4;24;3;6;1;19;14;6;2;5;3;0;3;7;-1.8022005924701445;4;24;13;4;3;2;2;2;2;1;2;10;11;6;9;4;3;24;6;3;3;8;6;2;6;4;14;5;4;24;6;1;3;2;0;21;-9.004576870715225;11;2;13;19;1;1;5;24;5;20;-8.767894029064937;3;5;25
TRACK:396;381;168;3;0;5;0;5;1;6;4;3;0;10;25;0;5;0;4;20;0.5334300884931266;4;24;3;5;0;8;22;1.7958792404530506;6;2;5;3;0;3;7;-1.884791555238767;4;24;13;4;3;2;2;2;2;1;2;10;11;6;9;4;3;24;6;3;3;8;6;2;6;4;14;5;2;17;21;6.202527850922802;6;1;3;11;1;1;5;24;5;20;-8.731021694943875;3;5;25
TRACK:397;381;168;3;0;5;0;5;1;6;4;8;0;5;0;4;20;0.4398847836001618;4;24;3;6;1;19;14;6;2;5;3;0;3;7;-1.806539917300055;4;24;13;4;3;2;2;2;2;1;2;10;11;6;9;4;3;24;6;3;3;8;6;2;6;4;14;5;2;17;21;6.373938459366095;6;1;3;2;6;24;2;13;19;1;3;1;14;11;3;5;25
TRACK:398;141;122;3;0;5;0;5;1;6;0;10;25;0;5;0;4;20;0.5461614997804684;4;24;3;6;1;19;14;6;2;5;3;0;3;7;-1.8250688532425001;4;24;13;4;3;2;2;2;2;1;2;10;11;6;9;4;3;24;6;3;3;8;6;2;6;4;14;5;2;17;21;6.367311904107192;6;1;3;2;0;21;-9.021731714682954;11;2;13;19;1;1;5;24;5;20;-8.749330855615382;3;5;25
TRACK:399;141;122;3;0;5;0;5;1;6;4;3;0;10;25;0;5;0;4;20;0.5124585032280022;4;24;3;6;1;19;14;6;2;5;3;0;3;7;-1.8037853606497314;4;24;1;6;2;6;17;6;9;2;5;1;13;13;3;4;12;4;3;2;2;2;2;1;2;10;11;6;9;4;3;24;6;3;3;21;-9.021731714682954;6;2;6;4;14;5;2;17;21;6.379055085535604;6;1;5;6;8;1;1;5;24;5;20;-8.852515098304977;3;1;14;15
TRACK:400;390;-1;3;0;5;0;5;1;6;4;4;14;0;5;0;4;20;0.5684551810874817;4;24;3;6;1;19;14;6;2;5;3;0;3;7;-1.7665974392145307;4;15;13;4;3;2;2;2;2;1;2;10;11;6;9;4;3;24;6;2;20;3.925057854757572;14;6;2;6;4;14;5;2;17;21;6.431282597280309;6;1;3;2;6;24;2;13;9;1;3;1;14;11;3;5;25
TRACK:401;392;-1;3;0;5;0;5;1;6;4;3;0;10;25;0;5;0;4;20;0.672951819753983;4;24;3;6;1;19;14;6;2;5;3;0;3;7;-1.7041171146760936;4;24;1;6;2;6;17;6;9;2;5;1;13;13;3;4;12;4;3;2;2;2;2;1;2;23;-2.0852227230544873;11;6;9;4;3;24;6;3;3;8;6;2;6;4;14;5;2;17;21;6.455458981019044;6;5;0;4;20;0.37349072438313424;4;24
TRACK:402;394;-1;3;0;5;0;5;1;6;4;3;0;10;25;0;5;6;5;23;-9.338870091370007;3;5;0;8;22;1.6499449267495194;6;2;5;3;0;3;7;-1.90981470646757;4;24;13;4;3;2;2;2;2;1;2;10;11;6;9;4;3;24;6;3;3;8;6;2;6;4;14;5;2;17;21;6.285767214670335;6;1;3;2;0;21;-9.025967643062287;11;2;13;19;2;1;2;10;11;6;9;4;3;24
TRACK:403;396;-1;3;0;5;0;5;1;6;4;3;0;10;25;0;5;0;4;20;0.3590257437701633;4;24;3;5;0;8;22;1.9087241237698154;6;2;6;3;8;13;4;3;2;2;2;2;1;2;10;11;6;9;4;3;24;6;3;3;8;6;2;6;4;14;5;2;17;21;6.265680792788316;6;1;3;11;1;1;5;24;5;20;-8.924958309112737;3;5;25
TRACK:404;398;-1;5;2;2;3;6;0;6;2;0;6;21;6.674113350313608;2;13;16;4;4;21;-8.518081693088693;0;2;3;4;17;0;5;17;3;24;5;2;3;14;1;17;14;5;5;4;4;0;0;0;12;13;1;11;14;5;0;17;25;4;2;6;0;1;4;6;2;15;15;1;1;4;9;4;21;-0.8899173567112566;0;5;9;6;12;3;1;5;5;16;4;6;11;1;3;1;2;0;3;17;0;9;10;0;3;12;1;12;9;6;0;6;9;3;9;0;0;4;4;0;12;12;3;6;4;25;4;6;4;5;20;-2.161782135698102
TRACK:405;391;-1;3;0;5;0;5;1;6;4;3;3;21;3.838498940068291;0;5;0;4;20;0.3935600463197148;4;24;3;6;1;19;14;6;2;5;3;0;3;7;-1.682924919420609;4;24;1;6;2;6;21;-5.841973701686917;6;9;2;5;1;13;13;3;4;12;4;3;2;2;2;3;0;10;25;6;3;3;8;6;2;6;4;14;5;2;17;21;6.564348079663834;6;1;5;6;8;1;24;3;1;14;15
TRACK:406;393;-1;3;0;5;0;5;1;6;4;3;0;10;25;0;5;0;4;20;0.40292368469117157;4;24;3;6;1;19;14;6;2;5;3;0;3;7;-1.8966471167521894;4;24;1;6;2;6;17;6;9;2;5;1;13;13;3;4;12;4;3;5;0;4;20;0.6069610669452239;4;1;16;21;5.548090954264788
TRACK:407;395;-1;3;0;5;0;5;1;6;1;2;10;25;6;23;-2.926099211167057;0;5;0;4;20;0.26735509131031926;4;24;3;6;1;19;14;6;2;5;3;0;3;7;-1.6210422750189277;4;24;13;4;3;2;2;2;2;1;2;10;11;6;9;4;3;24;6;3;3;8;6;2;6;4;14;5;4;24;6;1;3;2;0;21;-9.051147497279834;11;2;13;19;1;1;5;24;5;20;-8.778492836850095;3;5;25
TRACK:408;397;-1;3;0;5;0;5;1;6;4;8;0;5;0;4;20;0.4472039003317282;4;24;3;6;1;19;14;6;2;5;3;0;3;7;-1.7412736196287621;4;24;13;4;3;2;2;2;2;1;2;10;11;6;9;4;3;24;6;3;3;8;6;2;6;4;14;5;2;17;21;6.364293573654421;6;1;3;2;6;24;2;13;19;1;3;1;14;10;3;5;25
TRACK:409;399;-1;3;0;5;0;5;1;6;4;3;0;10;25;0;5;0;4;20;0.5215215833436337;4;24;3;6;1;19;14;6;2;5;3;0;3;7;-1.8536124071987379;4;24;1;6;2;6;17;6;9;2;5;1;13;13;3;4;12;4;3;2;2;2;2;1;2;10;11;6;9;4;3;24;6;3;3;21;-8.986621052681988;6;2;6;4;14;5;2;17;21;6.37929901922141;4;0;6;3;21;2.1491166337199434;4;4;9
EVAL_INSTANCE:20:0:400
EVAL_INSTANCE:20:1:401
EVAL_INSTANCE:20:2:402
EVAL_INSTANCE:20:3:403
EVAL_INSTANCE:20:4:404
EVAL_INSTANCE:20:5:405
EVAL_INSTANCE:20:6:406
EVAL_INSTANCE:20:7:407
EVAL_INSTANCE:20:8:408
EVAL_INSTANCE:20:9:409
RUN_RESULT:20:0:0:2000:----
RUN_RESULT:20:1:0:2000:----
RUN_RESULT:20:2:0:2000:----
RUN_RESULT:20:3:0:2000:----
RUN_RESULT:20:4:0:2000:----
RUN_RESULT:20:5:0:2000:----
RUN_RESULT:20:6:0:2000:----
RUN_RESULT:20:7:0:2000:----
RUN_RESULT:20:8:0:940:UUUURLDLL
RUN_RESULT:20:9:0:19:UUUURULULL
    21 |      210 | -3.981900E+03 | -3.990000E+03
TRACK:410;189;101;3;0;5;0;5;1;6;4;3;0;10;25;0;5;0;4;20;0.48629548879760237;4;24;3;6;1;19;14;6;2;0;21;-9.004576870715225;11;13;4;3;2;2;2;2;1;2;10;11;6;9;4;3;24;6;3;3;8;6;2;6;4;14;5;2;17;21;6.3704886722965375;6;1;3;2;6;24;2;13;9;1;3;1;14;11;3;5;25
TRACK:411;189;101;3;0;5;0;5;1;6;4;3;0;10;25;0;5;0;4;20;0.47558189297934345;4;24;3;6;1;19;14;6;2;5;3;0;3;7;-1.8022005924701445;4;24;13;4;3;2;2;2;2;1;2;10;11;6;9;4;3;24;6;3;3;8;6;2;6;4;14;5;2;17;21;6.359050022956504;6;1;3;2;0;21;-9.004576870715225;11;2;13;19;1;1;6;24;5;20;-8.767894029064937;3;5;25
TRACK:412;381;168;3;0;5;0;5;1;6;4;3;0;10;25;0;5;0;4;20;0.5334300884931266;4;24;3;3;7;-1.806539917300055;6;2;5;3;0;3;7;-1.884791555238767;4;24;13;4;3;2;2;2;2;1;2;10;11;6;9;4;3;24;6;3;3;8;6;2;6;4;14;5;2;17;21;6.202527850922802;6;1;3;2;0;21;-8.998512119765355;11;2;13;19;1;1;5;24;5;20;-8.731021694943875;3;5;25
TRACK:413;381;168;3;0;5;0;5;1;6;4;3;0;10;25;0;5;0;4;20;0.4398847836001618;4;24;3;6;1;19;14;6;2;5;3;0;3;7;-1.806539917300055;4;24;13;4;3;2;2;2;2;1;2;10;11;6;9;5;2;17;21;6.202527850922802;6;3;3;8;6;2;6;4;14;5;2;17;21;6.373938459366095;6;1;3;2;6;24;2;13;19;1;3;1;14;11;3;5;25
TRACK:414;183;122;3;5;24
TRACK:415;183;122;3;0;5;0;5;1;6;4;3;0;10;25;0;5;0;4;20;0.5124585032280022;4;24;3;6;1;19;14;6;2;5;2;17;21;6.33672847194377;1;6;2;6;17;6;9;2;5;1;13;13;3;4;12;4;3;2;2;2;2;1;2;10;11;6;9;4;3;24;6;3;3;8;6;2;6;4;14;5;2;17;21;6.379055085535604;6;1;5;6;8;1;1;5;24;5;20;-8.852515098304977;3;1;14;15
TRACK:416;141;181;3;0;5;0;5;1;6;4;3;0;10;17;0;5;0;4;20;0.5461614997804684;4;24;3;6;1;19;14;6;2;5;3;0;3;7;-1.8250688532425001;4;24;13;4;3;2;2;2;2;1;2;10;11;6;9;4;3;24;6;3;1;14;15;6;2;6;4;14;5;2;17;21;6.367311904107192;6;1;3;2;0;21;-9.021731714682954;11;2;13;19;1;1;5;24;5;20;-8.749330855615382;3;5;25
TRACK:417;141;181;3;0;5;0;5;1;6;4;3;0;10;25;0;5;0;4;20;0.3883209372594026;4;24;3;6;1;19;14;6;2;5;3;0;3;7;-1.7722386214485901;4;24;1;6;2;6;21;-5.899535936797906;6;9;2;5;1;13;13;3;4;12;4;3;2;2;2;3;3;8;6;3;3;8;6;2;6;4;14;5;2;17;21;6.44394329608705;6;1;5;6;8;1;24;3;1;14;15
TRACK:418;183;381;3;0;5;0;5;1;6;4;3;0;10;25;0;5;0;4;20;0.47691278587452884;4;24;3;6;1;19;14;6;2;5;3;0;3;24;4;24;1;6;2;6;17;6;9;2;5;1;16;13;3;4;12;4;3;2;2;2;2;1;25;6;9;4;3;24;6;3;3;8;6;2;6;4;14;5;2;17;21;6.33672847194377;6;1;3;2;0;21;-9.047398195469619;11;2;13;19;1;1;5;24;5;20;-8.669829036183042;3;1;14;15
TRACK:419;183;381;3;0;5;0;5;1;6;4;3;0;10;25;0;21;-9.047398195469619;11;6;2;5;3;0;3;7;-1.884791555238767;4;24;13;4;3;2;2;2;2;1;2;10;11;6;9;4;3;24;6;3;3;8;6;2;6;4;14;5;2;17;21;6.202527850922802;6;1;3;2;0;21;-8.998512119765355;11;2;13;19;1;1;5;24;5;20;-8.731021694943875;3;5;25
TRACK:420;410;-1;3;0;5;0;5;1;6;4;3;0;10;25;0;5;0;4;20;0.39070727296699576;4;24;3;6;1;19;14;6;2;0;0;5;15;1;16;20;8.542944636736156;11;13;4;3;2;2;2;2;1;2;10;11;6;9;4;3;24;6;3;3;8;6;2;6;4;14;5;2;17;21;6.355652873713229;6;1;3;2;6;24;2;13;9;1;3;1;14;11;3;5;25
TRACK:421;412;-1;3;0;5;0;5;1;6;4;3;0;10;25;0;5;0;4;20;0.6553661309625809;4;24;3;3;7;-1.786619979593283;6;2;5;3;0;3;7;-1.842594724506073;4;24;13;4;3;2;2;2;2;1;2;10;11;6;9;4;3;24;6;3;3;24;6;2;6;4;14;5;2;17;21;6.163281397598411;6;1;3;2;0;21;-8.956418488087893;11;2;13;19;1;1;5;24;5;20;-8.575805514956652;3;5;25
TRACK:422;414;-1;2;5;2;2;5;4;4;3;23;9.39334542757479;1;6;5;2;14;25;2;0;6;24;2;8;17;5;5;17;4;1;6;4;6;11;0;0;3;20;-9.640983158859065;0;17;18;1;6;7;-6.252689178417272;4;7;-0.10574605338307563;6;5;3;6;3;4;3;15
TRACK:423;416;-1;3;0;5;0;5;6;19;6;2;5;3;0;3;7;-1.762211007211133;4;24;13;4;3;2;2;2;2;1;2;10;11;6;9;4;3;24;6;3;1;14;15;6;2;6;4;14;5;2;17;21;6.380890902670673;6;1;3;2;0;21;-9.032960467872154;11;2;13;19;1;1;5;24;5;20;-8.6869984081812;3;5;25
TRACK:424;418;-1;3;0;5;0;5;1;6;4;3;0;10;25;0;5;0;4;20;0.5610934933930773;4;24;3;6;1;19;14;6;2;5;3;0;3;24;4;24;1;6;2;6;17;6;9;2;5;1;16;13;3;4;12;4;3;2;2;4;0;7;-9.520870919923887;15;6;2;6;4;14;5;2;17;21;6.116769914009251;6;1;3;2;0;21;-8.880968942547565;11;2;13;19;1;1;5;24;5;20;-8.796213966725023;3;1;14;15
TRACK:425;411;-1;3;0;4;1;13;22;2.9086606822041094;1;1;8;17;6;12
TRACK:426;413;-1;3;0;5;0;5;1;6;4;3;0;10;25;0;5;0;4;20;0.43310640839501147;4;24;3;6;1;19;14;6;5;2;21;2.200428704699309;8;4;3;2;2;2;2;1;2;10;11;6;9;5;2;17;21;6.389114706002887;6;3;3;8;6;2;6;4;14;5;2;17;21;6.347673110758736;6;1;3;2;6;24;2;13;19;1;3;1;14;11;3;5;25
TRACK:427;415;-1;3;0;5;0;5;1;6;4;3;0;10;25;0;5;0;4;20;0.48036844559929937;4;24;3;6;1;19;14;6;2;5;2;17;21;6.2299797357388496;1;6;2;6;17;6;9;2;5;1;13;13;3;4;12;4;3;2;2;2;2;1;2;10;11;6;9;4;3;22;3.025487047218679;6;3;3;8;6;2;6;4;14;5;2;17;21;6.330660598045302;6;1;5;6;8;1;1;5;24;5;20;-8.874408999096145;3;1;14;15
TRACK:428;417;-1;3;0;5;0;5;1;6;4;3;0;10;25;0;5;0;4;20;0.46062569005208076;4;24;3;6;1;19;14;6;2;5;3;0;3;7;-1.7352266395607923;4;24;1;6;2;6;23;-4.554749156223233;6;9;2;5;1;13;13;3;4;12;4;3;2;2;2;3;3;8;6;3;3;8;6;2;6;4;14;5;2;17;21;6.407136963868201;6;1;5;6;8;1;24;3;1;14;15
TRACK:429;419;-1;3;0;5;0;5;1;6;4;3;0;10;25;0;21;-9.07182292045375;11;6;2;5;3;0;3;7;-1.916446820882905;4;24;13;4;3;2;2;2;2;1;2;10;11;6;9;4;3;24;6;3;3;8;6;2;6;3;23;9.026406456274835;5;2;17;21;6.39594140034512;6;1;3;2;0;21;-9.101814684208366;11;2;13;19;1;1;5;24;5;20;-8.932852834820501;3;5;25
EVAL_INSTANCE:21:0:420
EVAL_INSTANCE:21:1:421
EVAL_INSTANCE:21:2:422
EVAL_INSTANCE:21:3:423
EVAL_INSTANCE:21:4:424
EVAL_INSTANCE:21:5:425
EVAL_INSTANCE:21:6:426
EVAL_INSTANCE:21:7:427
EVAL_INSTANCE:21:8:428
EVAL_INSTANCE:21:9:429
RUN_RESULT:21:0:0:30:UUUURULULL
RUN_RESULT:21:1:0:19:UUUURULULL
RUN_RESULT:21:2:0:2000:----
RUN_RESULT:21:3:0:940:UUUURLDLL
RUN_RESULT:21:4:0:2000:----
RUN_RESULT:21:5:0:2000:----
RUN_RESULT:21:6:0:2000:----
RUN_RESULT:21:7:0:19:UUUURULULL
RUN_RESULT:21:8:0:2000:----
RUN_RESULT:21:9:0:940:UUUURLDLL
    22 |      220 | -3.981900E+03 | -3.990000E+03
TRACK:430;183;101;3;0;5;0;5;1;6;4;3;11;0;5;0;4;20;0.47691278587452884;4;24;3;6;1;19;14;6;2;5;3;0;3;24;4;24;1;6;2;6;17;6;9;2;5;1;16;13;3;4;12;4;3;2;2;2;2;1;2;10;11;6;9;4;3;24;6;3;3;8;6;2;6;4;14;5;2;17;21;6.33672847194377;6;1;3;2;0;21;-9.047398195469619;11;2;13;19;1;1;5;24;5;20;-8.669829036183042;3;1;14;15
TRACK:431;183;101;3;0;5;0;5;1;6;4;3;0;10;25;0;5;0;4;20;0.47558189297934345;4;24;3;6;1;19;14;6;2;5;3;0;3;7;-1.8022005924701445;4;24;13;4;3;2;2;2;2;1;2;10;11;6;9;4;3;24;6;3;3;8;6;2;6;4;14;5;2;17;21;6.359050022956504;6;0;21;-9.047398195469619;11
TRACK:432;141;81;3;0;5;0;5;1;0;3;7;-1.73109999719737;4;24;0;5;0;4;20;0.5461614997804684;4;24;3;6;1;19;14;6;2;5;3;0;3;7;-1.8250688532425001;4;24;13;4;3;2;2;2;2;1;2;10;11;6;9;4;3;24;6;3;3;8;6;2;6;4;14;5;2;17;21;6.367311904107192;6;1;3;2;0;21;-9.021731714682954;11;2;13;19;1;1;5;24;5;20;-8.749330855615382;3;5;25
TRACK:433;141;81;3;0;5;0;5;1;6;4;3;0;10;25;0;24;3;6;1;19;14;6;2;5;3;0;3;7;-1.73109999719737;4;24;1;6;2;6;17;6;9;2;5;1;13;13;3;4;12;4;3;2;2;2;2;1;2;10;11;6;9;4;3;24;6;3;3;8;6;2;6;4;14;5;2;17;21;6.424269014427377;6;1;3;2;0;21;-8.924731620933152;11;2;13;19;1;1;5;24;5;20;-8.615834387030771;3;1;14;15
TRACK:434;381;381;3;0;5;0;5;1;6;4;3;0;10;25;0;5;0;4;20;0.5334300884931266;4;24;3;5;0;8;22;1.7958792404530506;6;2;5;3;0;3;7;-1.884791555238767;4;24;13;4;3;2;2;2;2;1;2;10;11;6;9;4;3;24;6;3;3;8;6;2;6;4;14;5;2;17;21;6.202527850922802;6;1;3;2;0;21;-8.998512119765355;11;2;13;19;4;24
TRACK:435;381;381;3;0;5;0;0;5;0;4;20;0.5334300884931266;4;24;3;5;0;8;22;1.7958792404530506;6;2;5;3;0;3;7;-1.884791555238767;4;24;13;4;3;2;2;2;2;1;2;10;11;6;9;4;3;24;6;3;3;8;6;2;6;4;14;5;2;17;21;6.202527850922802;6;1;3;2;0;21;-8.998512119765355;11;2;13;19;1;1;5;24;5;20;-8.731021694943875;3;5;25
TRACK:436;122;81;3;0;5;0;5;1;6;4;3;0;10;25;0;5;0;4;20;0.5124585032280022;4;24;3;6;1;19;14;6;2;5;3;0;3;7;-1.8037853606497314;4;24;1;6;2;6;17;6;9;2;5;1;13;13;3;4;12;4;3;2;2;0;21;-8.924731620933152;11;2;13;19;6;1;5;6;8;1;1;5;24;5;20;-8.852515098304977;3;1;14;15
TRACK:437;122;81;3;0;5;0;5;1;6;4;3;0;10;25;0;5;0;4;20;0.5439829361128155;4;24;3;6;1;19;14;6;2;5;3;0;3;7;-1.73109999719737;4;24;1;6;2;6;17;6;9;2;5;1;13;13;3;4;12;4;3;2;2;2;2;1;2;10;11;6;9;4;3;24;6;3;3;8;6;2;6;4;14;5;2;17;21;6.424269014427377;6;1;3;2;0;21;-8.924731620933152;11;2;13;19;1;1;5;24;5;20;-8.615834387030771;3;1;14;15
TRACK:438;181;168;3;0;5;0;5;1;6;4;3;0;10;25;0;5;0;4;20;0.3883209372594026;4;24;3;6;1;19;14;6;2;5;3;0;3;7;-1.7722386214485901;4;24;1;6;2;6;21;-5.899535936797906;6;9;2;5;1;13;13;3;4;12;4;3;2;2;2;2;1;2;10;11;6;9;4;3;24;6;3;3;8;6;2;6;4;14;5;2;17;21;6.44394329608705;6;1;5;6;8;1;24;3;1;14;15
TRACK:439;181;168;3;0;5;0;5;1;6;4;3;0;10;25;0;5;0;4;20;0.4398847836001618;4;24;3;6;1;19;14;6;3;24;4;3;2;2;2;2;1;2;10;11;6;9;4;3;24;6;3;3;8;6;2;6;4;14;5;2;17;21;6.373938459366095;6;1;3;2;6;24;2;13;19;1;3;1;14;11;3;5;25
TRACK:440;430;-1;3;0;5;0;5;1;6;4;3;11;0;5;0;4;20;0.3927082676452458;4;24;3;6;1;19;14;6;2;5;3;0;3;24;4;24;1;6;2;6;17;6;9;2;5;1;16;13;3;4;12;4;3;2;2;2;2;1;2;10;11;6;9;4;3;24;6;3;3;8;6;1;2;22;6.9668860169607;9;3;17;6;1;3;2;0;21;-8.987093257175099;11;2;13;19;1;1;5;24;5;20;-8.615263470655247;3;1;14;15
TRACK:441;432;-1;3;0;5;0;5;1;0;3;7;-2.0720422214320453;4;24;0;5;0;4;20;0.5729109092877948;4;24;3;6;1;19;14;6;2;5;3;0;3;7;-1.6868880635016281;4;24;13;4;3;2;2;2;2;1;2;10;11;6;9;4;3;24;6;3;3;8;6;6;3;4;23;3.88911023327611;6;1;3;2;0;21;-9.047055770499497;11;2;13;19;1;1;5;24;5;20;-8.705332604131197;3;5;25
TRACK:442;434;-1;3;0;5;0;5;1;6;4;3;0;10;25;0;5;0;4;20;0.6958264630701876;4;24;3;5;0;8;22;1.676724583183029;5;5;3;25;4;3;2;2;2;2;1;2;10;11;6;9;4;3;24;6;3;3;8;6;2;6;4;14;5;2;17;21;6.3016891611375705;6;1;3;2;0;21;-8.889683805733814;11;2;13;19;4;24
TRACK:443;436;-1;3;0;5;0;5;1;6;4;3;0;10;25;0;5;0;4;20;0.32339381229201747;4;24;3;6;1;19;14;6;2;5;3;0;3;7;-1.9281088891772606;4;24;1;6;2;6;17;6;9;2;5;1;13;13;1;8;15;4;3;2;2;0;21;-8.978309157193655;11;2;13;19;6;1;5;6;8;1;1;5;24;5;20;-8.832360718667763;3;1;14;15
TRACK:444;438;-1;3;0;5;0;5;1;6;4;3;0;10;25;0;5;0;4;20;0.5087690918771763;4;24;3;6;1;19;14;6;2;5;3;0;3;7;-1.782028456403378;4;24;1;6;2;6;21;-5.841074997069967;6;9;2;5;1;13;13;3;4;12;4;3;2;2;2;2;1;2;10;11;6;9;4;3;24;6;2;9;9;6;2;6;4;14;5;2;17;21;6.276067806472779;6;1;5;6;8;1;24;3;1;14;15
TRACK:445;431;-1;3;0;5;0;5;1;6;4;3;0;10;25;0;5;0;4;20;0.48835807288138267;4;24;3;6;1;19;14;6;2;5;3;0;3;7;-1.8082308403326242;4;24;13;4;3;2;2;2;2;1;2;10;11;0;13;21;-8.982845795581465;4;3;24;6;3;3;8;6;2;6;4;14;5;2;17;21;6.295581637040733;6;0;21;-9.170666320893547;11
TRACK:446;433;-1;3;0;5;0;5;1;6;4;3;0;10;25;0;24;3;6;1;19;14;6;2;5;3;0;3;7;-1.837555079326957;4;24;1;6;2;6;17;6;9;2;5;1;13;13;3;4;12;4;3;2;2;1;5;4;22;-0.7359996806280442;3;6;20;9.896635017211683;6;2;6;4;14;5;2;17;21;6.269365494544347;6;1;3;2;0;21;-8.938398925235084;11;2;13;19;1;1;5;24;5;20;-8.678701398318719;3;1;14;15
TRACK:447;435;-1;3;0;5;0;0;5;0;4;20;0.48421369645834944;4;24;3;5;0;8;22;1.967549058451859;5;5;3;1;2;4;8;3;13;5;4;9;4;3;2;2;2;2;1;2;10;11;6;9;4;3;24;6;3;3;8;6;2;6;4;14;5;2;17;21;5.994134664756195;6;1;3;2;0;21;-9.020158385614735;11;2;13;19;1;1;5;24;5;20;-8.66114193260205;3;5;25
TRACK:448;437;-1;3;0;5;0;5;1;6;4;3;0;10;25;0;5;0;4;20;0.7554317782699592;4;24;3;6;1;19;14;6;2;5;3;0;3;7;-1.7222652780280436;4;24;1;6;2;6;17;6;9;2;5;1;13;13;3;4;12;4;3;2;2;2;2;1;1;16;7;-6.903706456448894;6;9;4;3;24;6;3;3;8;6;2;6;4;14;5;2;17;21;6.569736393533226;6;1;3;2;0;21;-9.115238025842569;11;2;13;19;1;1;5;24;5;20;-8.598676276416693;3;1;14;15
TRACK:449;439;-1;3;0;5;0;5;1;6;4;3;0;10;25;0;5;0;4;20;0.5017440322013793;4;24;3;6;1;19;14;6;3;24;4;3;2;2;2;2;1;2;10;11;6;9;4;3;24;5;12;6;2;6;4;14;5;2;17;21;6.504357093723194;6;1;3;2;6;24;2;13;19;1;3;1;14;11;3;5;25
EVAL_INSTANCE:22:0:440
EVAL_INSTANCE:22:1:441
EVAL_INSTANCE:22:2:442
EVAL_INSTANCE:22:3:443
EVAL_INSTANCE:22:4:444
EVAL_INSTANCE:22:5:445
EVAL_INSTANCE:22:6:446
EVAL_INSTANCE:22:7:447
EVAL_INSTANCE:22:8:448
EVAL_INSTANCE:22:9:449
RUN_RESULT:22:0:0:2000:----
RUN_RESULT:22:1:0:2000:----
RUN_RESULT:22:2:0:2000:----
RUN_RESULT:22:3:0:2000:----
RUN_RESULT:22:4:0:19:UUUURULULL
RUN_RESULT:22:5:0:1167:UUUULLRLULLL
RUN_RESULT:22:6:0:575:DUUUUURLRDLLLLRRRLUDRLLL
RUN_RESULT:22:7:0:2000:----
RUN_RESULT:22:8:0:2000:----
RUN_RESULT:22:9:0:2000:----
    23 |      230 | -3.981900E+03 | -3.990000E+03
TRACK:450;181;101;3;0;5;0;5;1;6;4;3;0;10;25;0;5;0;4;20;0.3883209372594026;4;24;3;6;1;19;14;6;2;5;3;0;3;7;-1.7722386214485901;4;24;1;6;2;6;21;-5.899535936797906;6;9;2;5;1;13;13;3;4;12;4;3;2;2;2;2;1;2;10;11;6;9;4;3;24;6;3;3;8;6;2;6;4;14;5;2;17;21;6.44394329608705;6;1;5;6;8;1;24;3;1;7;-1.8022005924701445;15
TRACK:451;181;101;3;0;3;2;2;2;2;1;2;10;11;6;9;4;3;24;6;3;3;8;6;2;6;4;14;5;2;17;21;6.44394329608705;6;1;5;6;8;1;24;3;1;14;15;4;3;2;2;2;2;1;2;10;11;6;9;4;3;24;6;3;3;8;6;2;6;4;14;5;2;17;21;6.359050022956504;6;1;3;2;0;21;-9.004576870715225;11;2;13;19;1;1;5;24;5;20;-8.767894029064937;3;5;25
TRACK:452;122;381;3;0;5;0;5;1;6;4;3;0;10;25;0;5;0;4;20;0.5124585032280022;4;24;3;6;1;19;14;6;2;5;3;0;3;7;-1.8037853606497314;4;24;1;6;2;6;17;6;9;2;5;1;13;13;3;20;-8.731021694943875;4;3;2;2;2;2;1;2;10;11;6;9;4;3;24;6;3;3;8;6;2;6;4;14;5;2;17;21;6.379055085535604;6;1;5;6;8;1;1;5;24;5;20;-8.852515098304977;3;1;14;15
TRACK:453;122;381;3;0;5;0;5;1;6;4;3;0;10;25;0;5;0;4;20;0.5334300884931266;4;24;3;5;0;8;22;1.7958792404530506;6;2;5;3;0;3;7;-1.884791555238767;4;24;13;4;3;2;2;2;2;14;4;3;24;6;3;3;8;6;2;6;4;14;5;2;17;21;6.202527850922802;6;1;3;2;0;21;-8.998512119765355;11;2;13;19;1;1;5;24;5;20;-8.731021694943875;3;5;25
TRACK:454;81;101;3;0;5;0;5;1;6;4;3;0;10;25;0;5;0;4;20;0.5439829361128155;4;24;3;6;1;19;14;6;2;5;3;0;3;7;-1.73109999719737;4;24;1;6;2;6;17;6;9;2;5;1;13;13;3;4;12;4;3;2;2;2;2;1;2;10;11;6;9;4;3;24;6;3;3;8;6;2;6;4;14;11;6;1;3;2;0;21;-8.924731620933152;11;2;13;19;1;1;5;24;5;20;-8.615834387030771;3;1;14;15
TRACK:455;81;101;3;0;5;0;5;1;6;4;3;0;10;25;0;5;0;4;20;0.47558189297934345;4;24;3;6;1;19;14;6;2;5;3;0;3;7;-1.8022005924701445;4;24;13;4;3;2;2;2;2;1;2;10;11;6;9;4;3;24;6;3;3;8;6;2;6;4;14;5;2;17;21;6.359050022956504;6;1;3;2;0;15;11;2;13;19;1;1;5;24;5;20;-8.767894029064937;3;5;25
TRACK:456;168;381;3;0;5;0;5;1;6;4;3;0;10;25;0;5;0;4;20;0.4398847836001618;4;24;3;6;1;19;14;6;2;5;3;0;3;7;-1.806539917300055;4;24;13;4;3;2;2;2;2;1;2;10;11;6;9;4;3;24;6;3;3;8;6;2;6;4;14;5;2;17;21;6.373938459366095;6;1;3;2;6;24;2;13;19;1;3;1;14;20;0.5334300884931266;3;5;25
TRACK:457;168;381;3;0;5;0;5;1;6;4;3;0;10;25;0;5;0;4;20;0.5334300884931266;4;24;3;5;0;8;22;1.7958792404530506;6;2;5;3;0;3;7;-1.884791555238767;4;24;13;4;3;2;2;2;19;6;3;3;8;6;2;6;4;14;5;2;17;21;6.202527850922802;6;1;3;2;0;21;-8.998512119765355;11;2;13;19;1;1;5;24;5;20;-8.731021694943875;3;5;25
TRACK:458;122;141;3;0;5;0;5;1;6;4;3;0;10;25;0;5;0;4;20;0.5124585032280022;4;24;3;6;1;19;14;6;2;5;3;0;3;7;-1.8037853606497314;4;24;1;6;2;6;17;6;9;2;5;25;3;4;12;4;3;2;2;2;2;1;2;10;11;6;9;4;3;24;6;3;3;8;6;2;6;4;14;5;2;17;21;6.379055085535604;6;1;5;6;8;1;1;5;24;5;20;-8.852515098304977;3;1;14;15
TRACK:459;122;141;3;0;6;4;14;4;3;2;2;2;2;1;2;10;11;6;9;4;3;24;6;3;3;8;6;2;6;4;14;5;2;17;21;6.367311904107192;6;1;3;2;0;21;-9.021731714682954;11;2;13;19;1;1;5;24;5;20;-8.749330855615382;3;5;25
TRACK:460;450;-1;3;0;5;0;5;1;6;4;3;0;10;25;0;5;0;4;20;0.42826310145434154;4;24;3;6;1;19;14;6;2;5;3;0;3;7;-1.5733143460423948;4;24;1;6;2;6;21;-5.850614558317594;6;9;2;5;1;13;13;3;4;12;4;3;2;2;2;2;1;2;10;11;6;9;4;10;6;3;3;8;6;2;6;4;14;5;2;17;21;6.356939963052338;6;1;5;6;8;1;24;3;1;7;-1.741572866445574;15
TRACK:461;452;-1;3;0;5;0;5;1;6;4;3;0;10;25;0;5;0;4;20;0.45344379646344135;4;24;3;6;1;19;14;6;2;5;3;0;3;7;-1.7193212303746668;4;24;1;6;2;6;17;6;9;2;5;1;13;13;3;20;-8.828724767345859;4;3;2;2;2;2;1;2;10;11;6;9;4;3;24;6;3;3;8;6;2;6;4;14;5;2;17;21;6.457255555828125;6;1;5;6;8;1;1;5;18;5;20;-8.811493855878236;3;1;14;15
TRACK:462;454;-1;3;2;5;1;4;1;0;1;3;16;1;23;-3.8700705443383088;24;6;2;16;24;0;2;0;16;9;3;20;-6.560008904965093;6;1;18;12;4;6;4;4;2;20;3.445362822297211;25;5;6;1;0;2;3;0;20;-2.9640734293203845;18;5;6;18;6;3;3;10;4;3;2;3;24;5;16
TRACK:463;456;-1;3;0;5;0;5;1;6;4;3;0;10;12;0;5;0;4;20;0.4173461262968251;4;24;3;6;1;19;14;6;2;5;3;0;3;7;-1.7484837558671538;4;24;13;4;3;2;2;2;2;1;2;10;11;6;9;4;3;24;6;3;3;8;6;2;6;4;14;5;2;17;21;6.388053151192811;6;1;3;2;6;24;2;13;19;1;3;1;14;20;0.40988315880141557;3;5;25
TRACK:464;458;-1;3;0;5;0;5;1;6;4;3;0;10;25;0;5;0;4;20;0.6341169642514444;4;24;3;6;1;19;14;6;2;5;3;0;3;7;-1.6717651008343646;4;24;1;6;2;6;17;6;9;2;5;25;3;4;12;4;3;2;2;2;2;1;2;10;11;6;9;4;3;24;6;3;3;8;6;2;0;5;11;3;21;-6.30119141121936;5;2;17;21;6.414274826708312;6;1;5;6;8;1;1;5;24;5;20;-8.942975100366525;3;1;14;15
TRACK:465;451;-1;3;0;3;2;2;2;2;1;2;10;11;6;9;4;3;24;6;3;3;8;6;2;6;4;14;5;2;17;21;6.5887640891634085;6;1;6;21;-5.784851557999893;1;24;3;1;14;15;4;3;2;2;2;2;1;2;10;11;6;9;4;3;24;6;3;3;8;6;2;6;4;14;5;2;17;21;6.371352399691793;6;1;3;2;0;21;-9.004647446230907;11;2;13;19;1;1;5;24;5;20;-8.83756988579933;3;5;25
TRACK:466;453;-1;3;0;5;0;5;1;6;4;3;0;10;25;0;5;0;4;20;0.3872921747589269;4;24;3;5;0;8;22;1.9596881238435095;6;2;5;3;0;3;7;-1.7885888915948254;4;24;13;4;3;2;2;2;2;14;4;3;24;6;3;3;8;6;2;6;4;17;5;2;17;21;6.2733714845978;6;1;3;2;0;21;-8.967827045159147;11;2;13;19;1;1;5;24;5;20;-8.758471830411986;3;5;25
TRACK:467;455;-1;3;0;5;0;5;1;6;4;3;0;10;25;0;5;0;4;20;0.41835459845018763;4;24;3;6;1;9;14;6;2;5;3;0;3;7;-1.7758877278344194;4;24;13;4;3;2;2;2;2;1;2;10;11;6;9;4;3;24;6;3;3;8;6;2;6;4;14;5;2;17;21;6.337540854886765;6;1;3;2;0;15;11;2;13;19;1;1;5;24;5;20;-8.803722073707936;3;5;25
TRACK:468;457;-1;3;0;5;0;5;1;6;4;3;0;10;25;0;5;0;4;20;0.6137227455816722;4;24;3;5;0;8;22;1.9134207103110241;6;2;5;3;0;3;7;-1.8912450186181187;4;24;13;4;3;2;2;2;19;6;3;3;8;6;2;6;4;14;5;3;21;2.409203914731755;6;1;3;2;0;21;-8.868072092016035;11;2;13;19;1;1;5;24;5;20;-8.7114657988533;3;5;25
TRACK:469;459;-1;3;0;6;4;14;4;3;2;2;2;2;1;2;10;11;6;9;4;3;11;6;3;3;8;6;2;6;4;14;5;2;17;21;6.430447859866866;6;1;3;2;0;21;-9.024256650268226;11;2;13;19;1;1;5;24;5;20;-8.721039071570903;3;5;25
EVAL_INSTANCE:23:0:460
EVAL_INSTANCE:23:1:461
EVAL_INSTANCE:23:2:462
EVAL_INSTANCE:23:3:463
EVAL_INSTANCE:23:4:464
EVAL_INSTANCE:23:5:465
EVAL_INSTANCE:23:6:466
EVAL_INSTANCE:23:7:467
EVAL_INSTANCE:23:8:468
EVAL_INSTANCE:23:9:469
RUN_RESULT:23:0:0:2000:----
RUN_RESULT:23:1:0:2000:----
RUN_RESULT:23:2:0:2000:----
RUN_RESULT:23:3:0:19:UUUURULULL
RUN_RESULT:23:4:0:2000:----
RUN_RESULT:23:5:0:2000:----
RUN_RESULT:23:6:0:1150:UUUULLRLULLL
RUN_RESULT:23:7:0:19:UUUURULULL
RUN_RESULT:23:8:0:1150:UUUULLRLULLL
RUN_RESULT:23:9:0:2000:----
    24 |      240 | -3.981900E+03 | -3.990000E+03
TRACK:470;202;189;3;0;5;0;5;1;6;4;3;0;10;25;0;5;0;4;20;0.4870661348682065;4;24;3;6;1;19;14;6;2;5;3;0;3;7;-1.6876248347043123;4;24;1;6;2;6;17;6;9;2;5;1;13;13;3;4;12;4;3;2;2;2;2;1;5;22;2.5673193272403623;6;9;4;3;24;6;3;3;8;6;2;13;5;2;17;21;6.4122577855187055;4;3;24
TRACK:471;202;189;3;0;5;0;5;1;6;4;3;0;10;25;0;5;0;4;20;0.48629548879760237;4;24;3;6;1;19;14;6;2;5;3;0;3;7;-1.722142252595597;4;15;13;4;3;2;2;2;2;1;2;10;11;6;9;4;3;24;6;3;3;8;6;2;6;4;14;5;2;17;21;6.3704886722965375;6;1;3;2;6;24;2;13;7;-1.6876248347043123;1;3;1;14;11;3;5;25
TRACK:472;141;381;3;0;5;0;5;1;6;4;3;0;10;17;0;5;0;4;20;0.5461614997804684;4;24;3;6;1;19;14;6;2;5;3;0;3;7;-1.8250688532425001;4;24;13;4;3;2;2;2;2;1;2;10;11;6;9;4;3;24;6;9;6;2;6;4;14;5;2;17;21;6.367311904107192;6;1;3;2;0;21;-9.021731714682954;11;2;13;19;1;1;5;24;5;20;-8.749330855615382;3;5;25
TRACK:473;141;381;3;0;5;0;5;1;6;4;3;0;10;25;0;5;0;4;20;0.5334300884931266;4;24;3;5;0;8;22;1.7958792404530506;6;2;5;3;0;3;7;-1.884791555238767;4;24;13;4;3;2;2;6;4;14;6;2;6;4;14;5;2;17;21;6.202527850922802;6;1;3;2;0;21;-8.998512119765355;11;2;13;19;1;1;5;24;5;20;-8.731021694943875;3;5;25
TRACK:474;122;189;3;0;5;0;5;1;6;4;3;0;10;25;0;5;0;4;20;0.5124585032280022;4;24;3;6;1;19;14;6;2;5;3;0;3;7;-1.8037853606497314;4;24;1;6;2;6;17;6;9;2;1;14;11;3;4;12;4;3;2;2;2;2;1;2;10;11;6;9;4;3;24;6;3;3;8;6;2;6;4;14;5;2;17;21;6.379055085535604;6;1;5;6;8;1;1;5;24;5;20;-8.852515098304977;3;1;14;15
TRACK:475;122;189;3;0;5;0;5;1;6;4;3;5;20;-8.852515098304977;0;5;0;4;20;0.48629548879760237;4;24;3;6;1;19;14;6;2;5;3;0;3;7;-1.722142252595597;4;15;13;4;3;2;2;2;2;1;2;10;11;6;9;4;3;24;6;3;3;8;6;2;6;4;14;5;2;17;21;6.3704886722965375;6;1;3;2;6;24;2;13;9;1;3;1;14;11;3;5;25
TRACK:476;122;141;3;0;5;0;5;1;6;4;3;0;10;25;0;5;0;4;20;0.5124585032280022;4;24;3;6;1;19;14;6;2;5;3;0;3;7;-1.8037853606497314;4;24;1;6;2;6;17;6;9;2;5;1;13;13;3;4;12;4;3;2;2;2;2;1;2;10;11;6;9;4;3;24;6;3;3;8;6;2;6;4;14;5;2;17;21;6.379055085535604;6;1;5;6;8;1;1;5;24;5;20;-8.852515098304977;3;1;13;15
TRACK:477;122;141;3;0;5;0;5;1;6;4;3;0;10;17;0;5;0;4;20;0.5461614997804684;4;24;3;6;1;19;14;6;2;5;3;0;3;7;-1.8250688532425001;4;24;13;4;3;2;2;2;2;1;2;9;11;6;9;4;3;24;6;3;3;8;6;2;6;4;14;5;2;17;21;6.367311904107192;6;1;3;2;0;21;-9.021731714682954;11;2;13;19;1;1;5;24;5;20;-8.749330855615382;3;5;25
TRACK:478;81;381;3;0;5;0;5;1;6;4;3;0;10;25;0;5;0;4;20;0.5439829361128155;4;24;3;6;1;19;14;6;2;5;3;0;3;7;-1.73109999719737;4;24;1;6;2;6;17;6;9;2;5;1;13;13;3;4;12;4;3;2;2;2;2;1;2;10;11;6;10;4;3;24;6;3;3;8;6;2;6;4;14;5;2;17;21;6.424269014427377;6;1;3;2;0;21;-8.924731620933152;11;2;13;19;1;1;5;24;5;20;-8.615834387030771;3;1;14;15
TRACK:479;81;381;3;0;5;0;5;1;6;4;3;0;10;25;0;5;0;4;20;0.5334300884931266;4;24;3;5;0;8;22;1.7958792404530506;6;2;5;3;0;3;7;-1.884791555238767;4;24;13;4;3;2;2;2;2;1;2;10;11;6;9;25;6;3;3;8;6;2;6;4;14;5;2;17;21;6.202527850922802;6;1;3;2;0;21;-8.998512119765355;11;2;13;19;1;1;5;24;5;20;-8.731021694943875;3;5;25
TRACK:480;470;-1;3;0;5;0;5;1;6;4;3;0;10;25;0;5;0;4;20;0.5629753115038334;4;24;3;6;1;19;20;3.9673078344545054;6;2;5;3;0;3;7;-1.7316131281328508;4;24;1;6;2;6;17;6;9;2;5;1;13;13;3;4;12;4;3;2;2;2;2;1;5;22;2.5766890854511417;6;9;4;3;24;6;3;3;8;6;2;13;5;2;17;21;6.27217809630391;4;3;24
TRACK:481;472;-1;3;0;5;0;5;1;6;4;3;0;10;17;0;5;0;4;20;0.38066001416239015;4;24;3;6;1;19;14;6;2;5;3;0;3;7;-2.0356086923110106;4;24;13;4;3;0;3;9;1;15;17
TRACK:482;474;-1;3;0;5;0;5;1;6;4;3;0;10;25;0;5;0;4;20;0.4777753930962959;4;24;3;6;1;19;14;6;2;5;3;0;3;7;-1.6771757950851487;4;24;1;6;2;6;17;6;9;2;1;14;11;3;4;12;4;3;2;2;2;2;1;2;10;11;6;9;4;3;24;6;3;3;8;6;2;6;4;14;5;4;17;6;1;5;6;8;1;1;5;24;5;20;-8.88159593589741;3;1;14;15
TRACK:483;122;-1;3;0;5;0;5;1;6;4;3;0;10;25;0;5;0;4;20;0.5833296464020127;4;24;3;6;1;19;14;6;2;5;3;0;3;7;-1.8396790493174642;4;24;1;6;2;6;17;6;9;2;5;1;13;13;3;4;12;4;3;2;2;2;2;1;2;10;11;6;9;4;3;24;6;3;3;8;6;2;6;4;14;5;2;17;21;6.3889207909774965;6;1;5;6;8;1;1;5;10;5;20;-8.749527566900909;3;1;14;15
TRACK:484;478;-1;3;0;5;0;5;1;6;4;3;0;10;25;0;5;0;4;20;0.46015891117435004;4;24;3;6;1;19;14;6;2;5;3;0;3;7;-1.9102931697320233;4;24;1;6;2;6;17;6;9;2;5;1;13;13;3;4;12;4;3;2;2;2;2;1;2;10;11;6;10;4;3;24;6;3;3;8;6;2;6;4;14;5;2;17;21;6.528936087750716;6;1;3;2;0;21;-8.837682902968808;11;2;13;19;1;1;5;25;5;20;-8.576701142907485;3;1;14;15
TRACK:485;471;-1;3;0;5;0;5;4;3;2;2;6;17;0;25;15;4;3;19;6;2;5;3;0;3;7;-1.753488852342655;4;15;13;4;3;2;2;2;2;1;2;10;11;6;9;4;3;24;6;3;3;8;6;2;6;4;14;5;2;17;21;6.494782403522168;6;1;3;2;6;24;2;13;7;-1.7481171052780726;1;3;1;14;11;3;5;25
TRACK:486;473;-1;3;0;5;0;5;1;6;4;3;0;10;25;0;5;0;4;20;0.5514044442719349;4;24;3;5;0;8;22;1.7561929288677467;6;2;5;3;0;3;7;-1.8484744104709112;4;24;13;4;3;2;2;6;4;14;6;2;6;4;14;5;2;17;21;6.105862428672723;6;1;3;2;0;21;-8.935673473817937;11;2;13;19;1;3;11;3;5;25
TRACK:487;475;-1;3;0;5;0;5;1;6;4;3;5;20;-8.815603545398853;0;5;0;4;20;0.45730452226147517;4;24;3;6;1;19;14;6;6;6;1;1;13;24;0;18;7;9.720207236482501;4;3;2;2;2;2;1;2;10;11;6;9;4;3;24;6;3;3;8;6;2;6;4;14;5;2;17;21;6.359112656194209;6;1;3;2;6;24;2;13;9;1;3;1;14;11;3;5;25
TRACK:488;141;-1;3;0;5;0;5;1;6;4;3;0;10;17;0;5;0;4;20;0.6539029370346142;4;24;3;6;1;19;14;6;2;5;3;0;3;7;-1.829925553296458;4;24;13;4;3;2;2;2;2;1;2;10;11;6;9;4;3;24;6;3;3;8;6;2;6;4;14;5;2;8;21;6.518488939938473;6;1;3;2;0;21;-9.119215469810682;11;2;13;19;1;1;5;24;5;20;-8.763346479530588;3;5;25
TRACK:489;479;-1;3;0;5;0;5;1;6;4;3;0;10;25;0;5;0;4;20;0.5944776144782205;4;24;3;5;0;8;22;1.6521541418814543;6;2;5;3;0;3;7;-1.9347451502148856;4;24;13;4;3;2;2;2;2;1;2;10;11;6;9;25;6;3;3;8;6;2;6;4;14;5;2;17;21;6.304053572782502;6;1;3;2;0;21;-8.942458218385559;11;2;13;19;1;1;5;24;1;21;-4.903815446000335;25;3;5;25
EVAL_INSTANCE:24:0:480
EVAL_INSTANCE:24:1:481
EVAL_INSTANCE:24:2:482
EVAL_INSTANCE:24:3:483
EVAL_INSTANCE:24:4:484
EVAL_INSTANCE:24:5:485
EVAL_INSTANCE:24:6:486
EVAL_INSTANCE:24:7:487
EVAL_INSTANCE:24:8:488
EVAL_INSTANCE:24:9:489
RUN_RESULT:24:0:0:19:UUUURULULL
RUN_RESULT:24:1:0:95:UUUULLRLULLL
RUN_RESULT:24:2:0:2000:----
RUN_RESULT:24:3:0:19:UUUURULULL
RUN_RESULT:24:4:0:2000:----
RUN_RESULT:24:5:0:2000:----
RUN_RESULT:24:6:0:1150:UUUULLRLULLL
RUN_RESULT:24:7:0:158:UUUURRURRRLRULURLULL
RUN_RESULT:24:8:0:2000:----
RUN_RESULT:24:9:0:10:UUUURULULL
    25 |      250 | -3.982800E+03 | -3.990000E+03
TRACK:490;189;489;3;0;5;0;5;1;6;4;3;0;10;25;0;5;5;24;3;6;1;19;14;6;2;5;3;0;3;7;-1.722142252595597;4;15;13;4;3;2;2;2;2;1;2;10;11;6;9;4;3;24;6;3;3;8;6;2;6;4;14;5;2;17;21;6.3704886722965375;6;1;3;2;6;24;2;13;9;1;3;1;14;11;3;5;25
TRACK:491;189;489;3;0;5;0;5;1;6;3;0;3;7;-1.722142252595597;4;15;0;5;0;4;20;0.5944776144782205;4;24;3;5;0;8;22;1.6521541418814543;6;2;5;3;0;3;7;-1.9347451502148856;4;24;13;4;3;2;2;2;2;1;2;10;11;6;9;25;6;3;3;8;6;2;6;4;14;5;2;17;21;6.304053572782502;6;1;3;2;0;21;-8.942458218385559;11;2;13;19;1;1;5;24;1;21;-4.903815446000335;25;3;5;25
TRACK:492;168;381;3;0;5;0;5;1;6;4;3;0;10;25;0;5;0;4;20;0.4398847836001618;4;24;3;6;1;19;14;6;2;5;3;0;3;7;-1.806539917300055;4;24;13;4;3;2;2;2;2;1;2;10;11;6;9;4;3;24;6;3;3;8;6;2;6;4;14;5;2;17;21;6.373938459366095;6;1;3;2;6;24;2;13;19;1;3;1;14;11;3;5;7;-1.884791555238767
TRACK:493;168;381;3;0;5;0;5;1;6;4;3;0;10;25;0;5;0;4;20;0.5334300884931266;4;24;3;5;0;8;22;1.7958792404530506;6;2;5;3;0;3;7;-1.884791555238767;4;24;13;1;19;14
TRACK:494;183;189;3;0;5;0;5;1;6;4;3;0;10;25;0;5;0;4;20;0.47691278587452884;4;24;3;6;1;19;14;6;2;5;3;0;3;24;4;24;1;6;2;6;17;6;9;2;5;1;16;13;3;4;12;4;3;2;2;2;2;1;2;10;11;6;9;4;3;24;6;3;21;6.3704886722965375;6;2;6;4;14;5;2;17;21;6.33672847194377;6;1;3;2;0;21;-9.047398195469619;11;2;13;19;1;1;5;24;5;20;-8.669829036183042;3;1;14;15
TRACK:495;183;189;3;0;5;0;5;1;6;4;3;0;21;-9.047398195469619;11;0;5;0;4;20;0.48629548879760237;4;24;3;6;1;19;14;6;2;5;3;0;3;7;-1.722142252595597;4;15;13;4;3;2;2;2;2;1;2;10;11;6;9;4;3;24;6;3;3;8;6;2;6;4;14;5;2;17;21;6.3704886722965375;6;1;3;2;6;24;2;13;9;1;3;1;14;11;3;5;25
TRACK:496;381;141;3;0;5;0;5;1;6;4;3;0;10;25;0;5;0;4;20;0.5334300884931266;4;24;3;5;0;8;22;1.7958792404530506;6;2;5;3;0;3;7;-1.884791555238767;4;24;13;4;3;2;2;2;2;1;2;25;11;6;9;4;3;24;6;3;3;8;6;2;6;4;14;5;2;17;21;6.202527850922802;6;1;3;2;0;21;-8.998512119765355;11;2;13;19;1;1;5;24;5;20;-8.731021694943875;3;5;25
TRACK:497;381;141;3;0;5;0;5;1;6;4;3;0;10;17;0;5;0;4;20;0.5461614997804684;4;24;3;17;6;2;5;3;0;3;7;-1.8250688532425001;4;24;13;4;3;2;2;2;2;1;2;10;11;6;9;4;3;24;6;3;3;8;6;2;6;4;14;5;2;17;21;6.367311904107192;6;1;3;2;0;21;-9.021731714682954;11;2;13;19;1;1;5;24;5;20;-8.749330855615382;3;5;25
TRACK:498;181;489;3;0;5;0;5;1;6;4;3;0;10;25;0;5;0;4;20;0.3883209372594026;4;24;3;6;1;19;14;6;2;5;3;0;3;7;-1.7722386214485901;4;24;1;6;2;6;21;-5.899535936797906;6;9;2;5;1;13;13;3;7;-1.9347451502148856;4;3;2;2;2;2;1;2;10;11;6;9;4;3;24;6;3;3;8;6;2;6;4;14;5;2;17;21;6.44394329608705;6;1;5;6;8;1;24;3;1;14;15
TRACK:499;181;489;3;0;5;0;5;1;6;4;3;0;10;25;0;5;0;4;20;0.5944776144782205;4;24;3;5;0;8;22;1.6521541418814543;6;2;5;3;0;3;7;-1.9347451502148856;4;24;13;4;3;2;2;2;2;1;2;10;17;6;9;25;6;3;3;8;6;2;6;4;14;5;2;17;21;6.304053572782502;6;1;3;2;0;21;-8.942458218385559;11;2;13;19;1;1;5;24;1;21;-4.903815446000335;25;3;5;25
TRACK:500;490;-1;3;0;5;0;5;1;6;4;3;0;10;25;0;5;5;24;3;6;1;19;14;6;2;5;3;0;3;7;-1.865246189096231;4;15;13;4;3;2;2;2;2;1;2;10;11;6;9;4;3;24;6;3;3;8;6;4;1;22;4.330527532605558;19;6;1;3;2;6;24;2;13;9;1;3;1;14;11;3;5;25
TRACK:501;492;-1;3;0;5;0;5;1;6;4;3;0;10;25;0;5;0;4;20;0.5329424959245792;4;24;3;6;1;19;14;6;2;5;3;0;3;7;-2.007262162906253;4;24;13;4;3;6;0;4;22;7.258792677161821;1;9;9
TRACK:502;494;-1;3;0;5;0;5;1;6;4;3;0;10;25;0;5;0;4;20;0.5168367951501553;4;24;3;6;1;19;14;6;2;5;3;0;3;24;4;24;1;6;2;6;17;6;9;2;5;1;16;13;3;4;12;5;6;2;15;21;6.369056855231754
TRACK:503;496;-1;3;0;5;0;5;1;6;4;3;0;10;25;0;5;0;4;20;0.6154548612603898;4;24;3;5;0;8;22;1.7276505044385566;6;2;5;3;0;3;7;-1.9674009795074636;4;24;13;4;3;2;2;2;2;1;2;25;11;6;9;4;3;24;6;3;3;8;6;2;6;6;17;5;2;17;21;6.306903517738484;6;1;3;2;0;21;-9.092363483474081;11;2;13;19;1;1;5;24;5;20;-8.585452880727146;3;5;25
TRACK:504;498;-1;3;0;5;0;5;1;6;4;3;0;10;25;0;5;0;4;20;0.23782579089553058;4;24;3;6;1;19;14;6;2;5;3;0;3;7;-1.9681490634178052;4;24;1;6;2;6;21;-5.892738507619962;6;9;2;5;1;13;13;3;7;-2.087062610451019;4;3;2;2;2;2;1;2;10;11;6;20;-6.240208537640168;4;3;24;6;3;3;8;6;2;6;4;14;5;2;17;21;6.462764178121725;6;1;5;6;8;1;24;3;1;14;15
TRACK:505;491;-1;3;0;5;0;5;1;6;3;0;3;7;-1.6336111114542888;4;15;0;5;0;4;20;0.6188085031921419;4;24;3;5;0;8;22;1.652959775806453;6;2;5;3;0;3;7;-1.8975518508319542;4;24;13;4;3;2;2;2;2;1;2;10;11;6;9;25;6;3;3;8;6;2;6;4;14;5;2;17;21;6.420906601364358;6;1;3;2;0;21;-9.004891178017504;11;3;8;1;1;5;24;1;21;-4.64634892450881;25;3;5;25
TRACK:506;493;-1;3;0;5;0;5;1;6;4;3;0;10;25;0;5;0;4;20;0.40462041712528446;4;24;3;5;0;8;22;2.0612776716904095;6;2;5;3;0;3;7;-1.9484442618490367;4;24;13;1;5;20;3.6135304046970482;14
TRACK:507;495;-1;3;0;5;0;5;1;6;4;3;0;21;-9.218695202929704;11;0;5;0;4;20;0.3730781175709174;4;24;3;6;1;19;14;6;2;21;6.427198751197615;21;-1.7555602852198042;4;3;2;2;2;2;1;2;10;11;6;9;4;3;24;6;3;3;8;6;2;6;4;14;5;2;17;21;6.261838972121842;6;1;3;2;6;24;2;13;9;1;3;1;14;11;3;5;25
TRACK:508;497;-1;3;0;5;0;5;1;6;4;3;0;9;10;0;5;0;4;20;0.45799526932449797;4;24;3;17;6;2;5;3;0;3;7;-1.807512669236152;4;24;13;4;3;2;2;2;2;1;2;10;11;6;9;4;3;24;6;3;3;8;6;2;6;4;14;5;2;17;21;6.4891780790651135;6;1;3;2;0;21;-8.908931473576011;11;2;13;19;1;1;5;24;5;20;-8.825592280225894;3;5;25
TRACK:509;499;-1;3;0;5;0;5;1;6;4;3;0;10;25;0;5;0;4;20;0.6757035951212185;4;19;3;5;0;8;22;1.7737653774675808;6;2;5;3;0;3;7;-1.7577624029895191;4;24;13;4;3;2;2;2;2;1;2;10;17;6;9;25;6;3;3;8;6;2;6;4;14;5;2;17;21;6.378544981383671;6;1;3;2;0;21;-8.89127796906232;11;2;13;19;1;1;5;24;1;21;-4.828989826537952;25;3;5;25
EVAL_INSTANCE:25:0:500
EVAL_INSTANCE:25:1:501
EVAL_INSTANCE:25:2:502
EVAL_INSTANCE:25:3:503
EVAL_INSTANCE:25:4:504
EVAL_INSTANCE:25:5:505
EVAL_INSTANCE:25:6:506
EVAL_INSTANCE:25:7:507
EVAL_INSTANCE:25:8:508
EVAL_INSTANCE:25:9:509
RUN_RESULT:25:0:0:2000:----
RUN_RESULT:25:1:0:2000:----
RUN_RESULT:25:2:0:2000:----
RUN_RESULT:25:3:0:1150:UUUULLRLULLL
RUN_RESULT:25:4:0:2000:----
RUN_RESULT:25:5:0:2000:----
RUN_RESULT:25:6:0:1150:UUUULLRLULLL
RUN_RESULT:25:7:0:2000:----
RUN_RESULT:25:8:0:2000:----
RUN_RESULT:25:9:0:10:UUUURULULL
    26 |      260 | -3.983700E+03 | -3.990000E+03
TRACK:510;489;168;3;0;5;0;5;1;6;4;3;0;10;25;0;8;3;5;0;8;22;1.6521541418814543;6;2;5;3;0;3;7;-1.9347451502148856;4;24;13;4;3;2;2;2;2;1;2;10;11;6;9;25;6;3;3;8;6;2;6;4;14;5;2;17;21;6.304053572782502;6;1;3;2;0;21;-8.942458218385559;11;2;13;19;1;1;5;24;1;21;-4.903815446000335;25;3;5;25
TRACK:511;489;168;3;0;5;0;5;1;6;4;3;0;10;25;0;5;0;4;20;0.4398847836001618;4;24;3;6;1;19;14;6;2;5;3;0;3;7;-1.806539917300055;4;24;13;4;3;2;2;2;2;0;3;7;-1.9347451502148856;4;24;4;3;24;6;3;3;8;6;2;6;4;14;5;2;17;21;6.373938459366095;6;1;3;2;6;24;2;13;19;1;3;1;14;11;3;5;25
TRACK:512;101;381;3;0;5;0;5;1;6;4;3;0;10;25;0;5;0;4;20;0.47558189297934345;4;24;3;6;1;19;14;6;2;5;3;17;13;4;3;2;2;2;2;1;2;10;11;6;9;4;3;24;6;3;3;8;6;2;6;4;14;5;2;17;21;6.359050022956504;6;1;3;2;0;21;-9.004576870715225;11;2;13;19;1;1;5;24;5;20;-8.767894029064937;3;5;25
TRACK:513;101;381;3;0;5;0;5;1;6;4;3;0;10;25;0;5;0;4;20;0.5334300884931266;4;24;3;5;0;8;22;1.7958792404530506;6;2;5;3;0;3;7;-1.884791555238767;4;24;13;4;3;2;2;2;2;1;2;10;11;6;9;4;3;24;6;3;3;8;6;2;6;4;14;5;2;17;21;6.202527850922802;6;1;3;2;0;21;-8.998512119765355;11;2;13;19;1;1;5;24;5;8;3;5;25
TRACK:514;183;489;3;0;5;0;5;1;6;4;10;0;5;0;4;20;0.47691278587452884;4;24;3;6;1;19;14;6;2;5;3;0;3;24;4;24;1;6;2;6;17;6;9;2;5;1;16;13;3;4;12;4;3;2;2;2;2;1;2;10;11;6;9;4;3;24;6;3;3;8;6;2;6;4;14;5;2;17;21;6.33672847194377;6;1;3;2;0;21;-9.047398195469619;11;2;13;19;1;1;5;24;5;20;-8.669829036183042;3;1;14;15
TRACK:515;183;489;3;0;5;0;5;1;6;4;3;0;10;25;0;5;0;4;20;0.5944776144782205;4;24;3;5;0;8;22;1.6521541418814543;6;2;5;3;0;3;7;-1.9347451502148856;4;24;13;4;3;2;2;2;2;1;2;10;11;6;24;25;6;3;3;8;6;2;6;4;14;5;2;17;21;6.304053572782502;6;1;3;2;0;21;-8.942458218385559;11;2;13;19;1;1;5;24;1;21;-4.903815446000335;25;3;5;25
TRACK:516;181;381;3;0;5;0;5;1;6;4;3;0;10;25;0;5;0;4;20;0.3883209372594026;4;24;3;6;1;19;14;6;2;5;19;1;6;2;6;21;-5.899535936797906;6;9;2;5;1;13;13;3;4;12;4;3;2;2;2;2;1;2;10;11;6;9;4;3;24;6;3;3;8;6;2;6;4;14;5;2;17;21;6.44394329608705;6;1;5;6;8;1;24;3;1;14;15
TRACK:517;181;381;3;0;5;0;5;1;6;4;3;0;10;25;0;5;0;4;20;0.5334300884931266;4;24;3;5;0;8;22;1.7958792404530506;6;2;5;3;0;3;7;-1.884791555238767;4;24;13;4;3;2;2;2;2;1;2;10;11;6;9;4;3;24;6;3;3;8;6;2;6;4;14;5;2;17;21;6.202527850922802;6;1;3;2;0;21;-8.998512119765355;11;2;13;19;1;1;5;24;5;20;-8.731021694943875;3;5;8
TRACK:518;141;509;3;0;5;0;5;1;6;4;3;3;8;0;5;0;4;20;0.5461614997804684;4;24;3;6;1;19;14;6;2;5;3;0;3;7;-1.8250688532425001;4;24;13;4;3;2;2;2;2;1;2;10;11;6;9;4;3;24;6;3;3;8;6;2;6;4;14;5;2;17;21;6.367311904107192;6;1;3;2;0;21;-9.021731714682954;11;2;13;19;1;1;5;24;5;20;-8.749330855615382;3;5;25
TRACK:519;141;509;3;0;5;0;5;1;6;4;3;0;10;25;0;5;0;4;20;0.6757035951212185;4;19;3;5;0;8;22;1.7737653774675808;0;5;0;4;20;0.5461614997804684;4;24;3;6;1;19;14;4;3;2;2;2;2;1;2;10;17;6;9;25;6;3;3;8;6;2;6;4;14;5;2;17;21;6.378544981383671;6;1;3;2;0;21;-8.89127796906232;11;2;13;19;1;1;5;24;1;21;-4.828989826537952;25;3;5;25
TRACK:520;510;-1;3;0;5;0;5;1;6;4;3;0;10;25;0;8;3;5;0;8;22;1.631531686223027;6;2;5;3;0;3;7;-2.0968686630949116;4;24;13;4;3;2;2;2;2;1;2;10;11;6;9;25;6;3;3;8;6;2;6;4;14;5;2;17;21;6.314541024571733;6;1;3;0;6;23;-1.9371725608469053;5;25;1;1;5;24;1;21;-5.071919499483498;25;3;5;25
TRACK:521;512;-1;3;0;5;0;5;1;6;3;0;23;-1.4276278774950857;23;-0.715034590211939;0;5;0;4;20;0.41785357677642804;4;24;3;6;1;19;14;6;2;5;3;17;13;4;3;2;2;2;2;1;2;10;11;6;9;4;3;24;6;3;3;8;6;2;6;4;14;5;2;17;21;6.555410092294903;6;1;3;2;0;21;-9.144469382849529;11;2;13;19;1;1;5;24;5;20;-8.715245060527058;3;5;25
TRACK:522;514;-1;1;1;0;5;1;5;4;0;3;4;12;5;4;7;1.2264128618048549;2;6;6;1;1;16;10;5;14;4;3;4;0;9;9;1;2;5;5;0;4;2;23;-5.210095764206624;23;7.579439802960589;5;5;17;5;5;3;2;3;16;1;21;-6.039424555589045;16;6;6;0;1;6;5;19;2;1;16;10;1;16;10;4;4;6;10;4;6;4;6;1;3;4;3;21;3.6107396432228693;5;3;0;8;15;6;4;0;4;5;3;6;0;4;24;4;9;4;6;4;3;3;4;16
TRACK:523;516;-1;3;0;5;0;5;1;6;4;3;0;10;25;0;5;0;4;20;0.454002385585557;4;24;3;6;1;19;14;6;2;5;19;1;6;2;6;21;-5.966135963882982;6;9;2;5;1;17;13;3;4;12;4;3;2;2;2;2;1;2;10;11;6;9;4;3;24;6;3;3;8;6;2;6;4;14;5;2;17;21;6.439576546378789;6;1;5;6;8;1;24;3;1;14;15
TRACK:524;518;-1;3;0;5;2;5;4;4;4;0;17;25;3;0;5;0;2;16;14;1;14;15;1;3;0;13;25;4;2;22;-1.4479653933791337;16;4;3;2;2;2;2;1;2;10;11;6;9;4;3;24;6;3;3;8;6;2;6;4;14;5;2;17;21;6.343756679286831;6;1;3;2;0;21;-9.088808001175497;11;2;13;19;1;1;5;24;5;20;-8.796685765040085;3;5;25
TRACK:525;511;-1;3;0;5;0;5;1;6;4;3;0;10;25;0;5;0;4;20;0.5601940558602436;4;24;3;6;1;19;14;6;2;5;3;0;3;7;-1.5803788086660593;4;24;13;4;3;2;2;2;2;0;3;7;-1.9853883952568308;4;24;4;3;24;6;3;3;8;6;2;6;4;14;6;18;6;1;3;2;6;24;2;13;19;1;3;1;14;11;3;5;25
TRACK:526;513;-1;3;0;5;0;5;1;6;4;3;0;10;25;0;5;0;4;20;0.6317182326717258;4;24;3;5;0;8;22;1.9211733964180546;6;2;5;3;0;3;7;-1.9035107509581097;4;24;13;4;3;2;2;2;2;1;2;10;11;6;9;4;3;24;6;3;3;8;6;2;6;4;14;6;10;6;1;3;2;0;21;-8.940042557827399;11;2;13;19;1;1;5;24;5;8;3;5;25
TRACK:527;515;-1;3;0;5;0;5;1;6;4;3;0;10;25;0;5;0;4;20;0.798414825007368;4;24;3;5;0;8;22;1.9601397139787344;6;2;5;3;0;3;7;-1.771741648029512;4;24;13;4;3;2;2;2;2;1;2;10;11;6;24;25;6;3;3;8;6;2;6;4;14;5;2;17;21;6.2311425749712805;6;1;3;2;0;21;-9.028843001816934;11;2;13;19;1;1;5;24;1;21;-4.871943859540616;25;5;4;22;5.320016983626367
TRACK:528;517;-1;3;0;5;0;5;1;6;4;3;0;10;25;0;5;0;4;20;0.6901221473740501;4;24;3;5;0;8;22;1.8876964827232237;6;2;5;3;0;3;7;-1.8155405907149529;4;24;13;4;3;2;2;2;2;1;2;10;11;6;9;4;3;24;6;3;3;8;1;2;2;8;17;5;14;5;5;22;-4.800870630540075;6;1;3;2;0;21;-9.048413146866142;11;2;13;19;1;1;5;24;5;20;-8.814888554946481;3;5;8
TRACK:529;519;-1;3;0;5;2;1;6;1;3;0;1;13;15;3;23;5.986474843156573;1;5;6;13;3;0;18;10;3;5;3;6;1;13;18;6;2;0;5;5;6;9;1;4;5;23;-5.01483450169448;6;5;13;6;1;5;6;20;-7.097805517711546;1;0;25;22;0.31304023463039066;6;9;4;3;2;2;2;2;1;2;10;17;6;9;25;6;3;3;8;6;2;6;4;14;5;2;17;21;6.434611620557971;6;1;3;2;0;21;-9.009357872423694;11;2;13;19;1;1;5;24;1;21;-4.797944654624262;25;3;5;25
EVAL_INSTANCE:26:0:520
EVAL_INSTANCE:26:1:521
EVAL_INSTANCE:26:2:522
EVAL_INSTANCE:26:3:523
EVAL_INSTANCE:26:4:524
EVAL_INSTANCE:26:5:525
EVAL_INSTANCE:26:6:526
EVAL_INSTANCE:26:7:527
EVAL_INSTANCE:26:8:528
EVAL_INSTANCE:26:9:529
RUN_RESULT:26:0:0:2000:----
RUN_RESULT:26:1:0:2000:----
RUN_RESULT:26:2:0:2000:----
RUN_RESULT:26:3:0:158:UUUURRURRRLRULURLULL
RUN_RESULT:26:4:0:2000:----
RUN_RESULT:26:5:0:1167:UUUULLRLULLL
RUN_RESULT:26:6:0:10:UUUURULULL
RUN_RESULT:26:7:0:1150:UUUULLRLULLL
RUN_RESULT:26:8:0:2000:----
RUN_RESULT:26:9:0:2000:----
    27 |      270 | -3.984600E+03 | -3.990000E+03
TRACK:530;381;489;3;0;5;0;5;1;6;4;3;0;10;25;0;5;0;4;20;0.5334300884931266;4;24;3;2;13;19;6;2;5;3;0;3;7;-1.884791555238767;4;24;13;4;3;2;2;2;2;1;2;10;11;6;9;4;3;24;6;3;3;8;6;2;6;4;14;5;2;17;21;6.202527850922802;6;1;3;2;0;21;-8.998512119765355;11;2;13;19;1;1;5;24;5;20;-8.731021694943875;3;5;25
TRACK:531;381;489;3;0;5;0;5;1;6;4;3;0;10;25;0;5;0;4;20;0.5944776144782205;4;24;3;5;0;8;22;1.6521541418814543;0;21;-8.998512119765355;11;4;3;2;2;2;2;1;2;10;11;6;9;25;6;3;3;8;6;2;6;4;14;5;2;17;21;6.304053572782502;6;1;3;2;0;21;-8.942458218385559;11;2;13;19;1;1;5;24;1;21;-4.903815446000335;25;3;5;25
TRACK:532;181;526;3;0;5;0;5;1;6;4;3;0;10;25;0;5;0;4;20;0.3883209372594026;4;24;24;6;2;5;3;0;3;7;-1.7722386214485901;4;24;1;6;2;6;21;-5.899535936797906;6;9;2;5;1;13;13;3;4;12;4;3;2;2;2;2;1;2;10;11;6;9;4;3;24;6;3;3;8;6;2;6;4;14;5;2;17;21;6.44394329608705;6;1;5;6;8;1;24;3;1;14;15
TRACK:533;181;526;3;0;5;0;5;1;6;4;3;0;10;25;0;5;0;4;20;0.6317182326717258;4;24;3;5;0;8;22;1.9211733964180546;6;2;5;3;0;3;7;-1.9035107509581097;4;24;13;4;3;2;2;2;2;1;2;10;11;6;9;4;3;24;6;3;3;8;6;2;6;4;14;6;10;6;1;3;2;0;21;-8.940042557827399;11;2;13;19;25
TRACK:534;509;489;3;0;5;0;5;1;6;4;3;0;10;25;0;5;0;4;20;0.6757035951212185;4;19;3;5;0;8;22;1.7737653774675808;6;2;5;3;0;3;7;-1.7577624029895191;4;24;13;4;3;2;2;2;2;1;2;10;17;6;9;25;6;3;3;8;6;2;6;4;14;5;2;17;21;6.378544981383671;6;1;3;2;0;21;-8.89127796906232;11;2;13;19;1;1;5;9;1;21;-4.828989826537952;25;3;5;25
TRACK:535;509;489;3;0;5;0;5;1;6;4;3;0;10;25;0;5;0;4;20;0.5944776144782205;4;24;3;5;0;8;22;1.6521541418814543;6;2;5;3;0;3;7;-1.9347451502148856;4;24;13;4;3;2;2;2;2;1;2;10;17;6;9;25;6;3;3;8;6;2;6;4;14;5;2;17;21;6.378544981383671;6;1;3;2;0;21;-8.89127796906232;11;2;13;19;1;1;5;24;1;21;-4.828989826537952;25;3;5;25
TRACK:536;381;168;3;0;5;0;5;1;6;4;3;0;10;25;0;5;0;4;20;0.5334300884931266;4;24;3;5;0;8;22;1.7958792404530506;6;2;5;3;0;3;7;-1.884791555238767;4;24;13;4;3;2;2;2;2;1;2;10;11;6;9;4;3;24;6;3;3;8;6;2;6;4;14;5;2;17;14;6;1;3;2;0;21;-8.998512119765355;11;2;13;19;1;1;5;24;5;20;-8.731021694943875;3;5;25
TRACK:537;381;168;3;0;5;0;5;1;6;4;3;0;10;25;0;5;0;4;20;0.4398847836001618;4;7;-1.884791555238767;3;6;1;19;14;6;2;5;3;0;3;7;-1.806539917300055;4;24;13;4;3;2;2;2;2;1;2;10;11;6;9;4;3;24;6;3;3;8;6;2;6;4;14;5;2;17;21;6.373938459366095;6;1;3;2;6;24;2;13;19;1;3;1;14;11;3;5;25
TRACK:538;509;526;3;0;5;0;5;1;6;4;3;0;10;25;0;5;0;4;20;0.6757035951212185;4;19;3;5;0;8;22;1.7737653774675808;6;2;5;3;0;3;7;-1.7577624029895191;4;24;13;4;3;2;2;2;2;1;2;10;17;6;9;25;6;3;3;8;6;2;6;4;14;5;2;17;21;6.378544981383671;6;1;3;2;3;24;2;13;19;1;1;5;24;1;21;-4.828989826537952;25;3;5;25
TRACK:539;509;526;3;0;5;0;5;1;6;4;3;0;10;25;0;5;0;4;20;0.6317182326717258;4;24;3;5;0;8;22;1.9211733964180546;6;2;5;3;0;3;7;-1.9035107509581097;4;24;13;4;3;2;2;2;2;1;2;10;11;6;9;4;3;24;6;3;3;8;6;2;6;4;14;6;10;6;1;3;2;0;21;-8.940042557827399;8;2;13;19;1;1;5;24;5;8;3;5;25
TRACK:540;530;-1;3;0;5;0;5;1;6;4;3;0;10;25;0;5;0;4;20;0.5138436478948968;4;24;3;2;13;19;6;2;5;3;0;3;7;-1.8593064914399509;4;24;13;4;3;2;2;2;2;2;24;25;4;3;24;6;3;3;8;6;2;6;4;14;5;2;17;21;6.269487519251589;6;1;3;2;0;21;-8.902577456191215;11;2;13;19;1;1;5;24;5;20;-8.529983834350698;3;5;25
TRACK:541;532;-1;3;0;5;0;5;1;6;4;3;0;10;25;0;5;0;4;20;0.4730818075563298;4;24;24;6;2;5;3;0;3;7;-1.7936919504979079;4;24;1;6;2;6;21;-5.869099076347655;6;9;2;5;1;13;13;3;4;12;4;3;2;2;2;2;1;2;10;11;6;9;4;3;24;6;3;3;8;6;2;6;4;14;5;2;17;21;6.428877562489288;6;1;5;6;8;1;24;3;1;14;9
TRACK:542;534;-1;3;0;5;0;5;1;6;4;3;0;10;25;0;5;0;4;20;0.6812157983887053;4;19;3;5;0;8;22;1.7381989359384042;6;2;5;3;0;3;7;-1.7118801581016863;4;24;13;4;3;2;2;2;2;1;2;10;17;6;9;25;6;3;3;8;6;2;6;4;14;5;2;17;21;6.399232195658325;6;1;3;4;13;1;1;5;9;1;21;-4.703083459155892;25;3;5;25
TRACK:543;536;-1;3;0;5;0;5;1;6;4;3;0;10;25;0;5;0;4;20;0.5992125151102121;4;24;3;5;0;8;22;1.7834594173338763;6;2;5;3;0;3;7;-1.9726272413464474;4;24;13;4;3;2;2;2;2;1;2;10;11;6;9;4;3;24;6;3;3;8;6;2;6;4;14;5;2;17;14;6;1;3;2;11;24;1;1;5;24;5;20;-8.644188460421985;3;5;25
TRACK:544;538;-1;3;0;5;0;5;1;6;4;3;0;10;25;0;5;0;4;20;0.8270464827597037;4;19;3;5;0;8;22;1.7420627858803506;6;2;5;3;0;3;7;-1.8765772818168773;4;24;13;4;4;6;12
TRACK:545;531;-1;3;0;5;0;5;1;6;4;3;0;10;25;0;5;0;4;20;0.5001850694808139;3;8;3;5;0;8;22;1.6593182509608249;0;21;-9.147055764361943;11;4;3;2;2;2;2;1;2;10;11;6;9;25;6;3;3;8;6;2;6;4;14;5;2;17;21;6.519515728529677;6;1;3;2;0;21;-8.88138745906287;11;2;13;19;1;1;5;24;1;21;-4.8621364909032145;25;3;5;25
TRACK:546;533;-1;3;0;5;0;5;1;6;4;3;0;10;25;0;5;0;4;20;0.7740708790595437;4;24;3;5;0;8;22;1.7254320487521224;6;2;5;3;0;3;7;-1.8734371963112084;4;24;13;4;3;2;2;2;2;1;2;10;11;6;9;4;3;24;6;3;3;8;2;4;4;18;3;3;21;-2.787565014140694;6;1;3;2;0;21;-9.204737894508375;11;2;13;19;25
TRACK:547;535;-1;3;0;5;0;5;1;6;4;3;0;10;25;0;5;0;4;20;0.6163724510451069;4;24;3;5;0;8;22;1.781538475512475;6;1;19;24;4;3;2;2;2;2;1;2;10;17;6;9;25;6;3;3;8;6;2;6;4;14;5;2;17;21;6.413665836382024;6;1;3;2;0;21;-8.798170546052466;11;2;13;19;1;1;5;24;1;21;-4.909247867364276;25;3;5;25
TRACK:548;537;-1;3;0;5;0;5;1;6;4;3;0;10;25;0;5;0;4;20;0.3968484656971014;4;7;-1.9144847706200379;3;6;1;19;14;6;2;5;3;0;3;7;-1.7819449035671275;4;24;13;4;3;2;2;2;2;1;2;10;11;6;9;4;3;24;6;3;3;8;6;2;6;4;14;5;2;17;21;6.262316079151708;6;1;3;2;0;13;14;2;13;19;1;3;1;14;11;3;5;25
TRACK:549;539;-1;3;0;5;0;5;1;6;4;3;0;10;25;0;5;0;4;20;0.6724646658563063;4;24;3;5;0;8;22;2.066943767643372;6;2;5;3;0;3;7;-1.8810127666708276;4;24;13;4;3;2;2;2;2;2;3;16;5;24;4;3;24;6;3;3;8;6;2;6;4;14;6;10;6;1;3;2;0;21;-8.83894943627867;8;2;13;19;1;1;5;24;5;8;3;5;25
EVAL_INSTANCE:27:0:540
EVAL_INSTANCE:27:1:541
EVAL_INSTANCE:27:2:542
EVAL_INSTANCE:27:3:543
EVAL_INSTANCE:27:4:544
EVAL_INSTANCE:27:5:545
EVAL_INSTANCE:27:6:546
EVAL_INSTANCE:27:7:547
EVAL_INSTANCE:27:8:548
EVAL_INSTANCE:27:9:549
RUN_RESULT:27:0:0:1167:UUUULLRLULLL
RUN_RESULT:27:1:0:19:UUUURULULL
RUN_RESULT:27:2:0:10:UUUURULULL
RUN_RESULT:27:3:0:2000:----
RUN_RESULT:27:4:0:1150:UUUULLRLULLL
RUN_RESULT:27:5:0:2000:----
RUN_RESULT:27:6:0:2000:----
RUN_RESULT:27:7:0:10:UUUURULULL
RUN_RESULT:27:8:0:19:UUUURULULL
RUN_RESULT:27:9:0:1150:UUUULLRLULLL
    28 |      280 | -3.986400E+03 | -3.990000E+03
TRACK:550;542;101;3;0;5;0;5;1;6;4;3;0;10;25;0;5;0;4;20;0.6812157983887053;4;19;3;5;0;8;22;1.7381989359384042;6;2;5;3;0;3;7;-1.7118801581016863;4;24;13;4;3;1;5;24;5;20;-8.767894029064937
TRACK:551;542;101;3;0;5;0;5;1;6;4;3;0;10;25;0;5;0;4;20;0.47558189297934345;4;24;3;6;1;19;14;6;2;5;3;0;3;7;-1.8022005924701445;4;24;13;3;0;3;7;-1.7118801581016863;4;24
TRACK:552;489;526;3;0;5;0;5;1;6;4;3;0;10;25;0;5;0;4;20;0.5944776144782205;4;24;3;5;0;8;22;1.6521541418814543;6;2;5;3;0;3;7;-1.9347451502148856;4;24;13;4;3;2;2;2;2;1;2;10;11;6;9;25;6;3;3;8;6;2;6;4;14;5;2;17;21;6.304053572782502;6;1;3;2;0;21;-8.942458218385559;19;2;13;19;1;1;5;24;1;21;-4.903815446000335;25;3;5;25
TRACK:553;489;526;3;0;5;0;5;1;6;4;3;0;10;25;0;5;0;4;20;0.6317182326717258;4;24;3;5;0;8;22;1.9211733964180546;6;2;5;3;0;3;7;-1.9035107509581097;4;24;13;4;3;2;2;2;2;1;2;10;11;6;9;4;3;24;6;3;3;8;6;2;6;4;14;6;10;6;1;3;2;0;21;-8.940042557827399;11;2;13;19;1;1;5;25;5;8;3;5;25
TRACK:554;381;489;3;0;5;0;5;1;6;4;3;0;10;25;0;5;0;4;20;0.5334300884931266;4;24;3;5;0;8;22;1.7958792404530506;6;2;5;3;0;3;7;-1.884791555238767;4;24;13;4;3;2;2;2;2;1;2;10;11;6;9;4;3;24;6;3;3;8;6;2;6;4;14;5;2;17;21;6.202527850922802;6;1;3;2;0;21;-8.998512119765355;11;2;13;19;1;1;5;24;5;20;-8.731021694943875;9
TRACK:555;381;489;3;0;5;0;5;1;6;4;3;0;10;25;0;5;0;4;20;0.5944776144782205;4;24;3;5;0;8;22;1.6521541418814543;6;2;5;3;0;3;7;-1.9347451502148856;4;24;13;4;3;2;2;2;2;1;2;10;11;6;9;25;6;3;3;8;6;2;6;4;14;5;2;17;21;6.304053572782502;6;1;3;2;0;21;-8.942458218385559;24;2;13;19;1;1;5;24;1;21;-4.903815446000335;25;3;5;25
TRACK:556;547;381;3;0;5;0;5;1;6;4;3;0;10;25;0;5;0;4;20;0.6163724510451069;4;24;13;6;1;19;24;4;3;2;2;2;2;1;2;10;17;6;9;25;6;3;3;8;6;2;6;4;14;5;2;17;21;6.413665836382024;6;1;3;2;0;21;-8.798170546052466;11;2;13;19;1;1;5;24;1;21;-4.909247867364276;25;3;5;25
TRACK:557;547;381;3;0;5;0;5;1;6;4;3;0;10;25;0;5;0;4;20;0.5334300884931266;4;24;3;5;0;8;22;1.7958792404530506;6;2;5;3;0;3;7;-1.884791555238767;4;24;13;4;3;2;2;2;2;1;2;10;11;13;4;3;24;6;3;3;8;6;2;6;4;14;5;2;17;21;6.202527850922802;6;1;3;2;0;21;-8.998512119765355;11;2;13;19;1;1;5;24;5;20;-8.731021694943875;3;5;25
TRACK:558;141;542;3;0;5;0;5;1;6;4;3;0;10;17;0;5;0;4;20;0.5461614997804684;4;24;3;6;1;19;14;6;2;5;3;0;3;7;-1.8250688532425001;13;13;4;3;2;2;2;2;1;2;10;11;6;9;4;3;24;6;3;3;8;6;2;6;4;14;5;2;17;21;6.367311904107192;6;1;3;2;0;21;-9.021731714682954;11;2;13;19;1;1;5;24;5;20;-8.749330855615382;3;5;25
TRACK:559;141;542;3;0;5;0;5;1;6;4;3;0;10;25;0;5;0;4;20;0.6812157983887053;4;19;3;5;0;8;22;1.7381989359384042;6;2;5;3;0;3;7;-1.7118801581016863;4;24;13;4;3;2;2;2;2;1;2;10;17;6;9;25;6;3;3;8;6;2;17;21;6.367311904107192;6;1;3;4;13;1;1;5;9;1;21;-4.703083459155892;25;3;5;25
TRACK:560;550;-1;3;0;5;0;5;1;6;4;3;0;10;25;0;5;0;4;24;4;19;3;5;0;8;22;1.6568965730124166;6;2;5;3;0;3;7;-1.719480374713915;4;24;13;4;3;1;5;24;5;20;-8.849168833409465
TRACK:561;552;-1;3;0;5;0;5;1;6;4;3;0;10;25;0;5;0;4;20;0.6297388137510807;4;24;3;5;0;8;22;1.6387679997652442;6;2;5;3;0;3;7;-1.9983925114321415;4;24;13;4;3;2;2;2;2;1;2;10;11;6;9;25;6;3;3;8;6;2;6;4;14;5;2;17;21;6.171067081651891;6;1;3;2;0;21;-8.979766359132212;19;2;13;19;1;1;5;24;1;21;-4.778116458091936;25;3;0;25;24
TRACK:562;554;-1;3;0;5;0;5;1;6;4;3;0;10;25;0;5;0;4;20;0.5255298951873596;4;24;3;5;0;8;22;1.8375107250666063;6;2;5;3;0;3;7;-1.8802681222917106;4;24;13;4;3;2;2;2;2;1;2;10;11;6;9;4;3;24;6;3;3;8;6;2;6;4;14;5;2;17;21;6.266267435756003;6;1;3;2;0;21;-9.120229396103523;11;6;18;1;1;5;24;5;20;-8.792940500837526;9
TRACK:563;547;-1;3;0;5;0;5;1;6;4;3;0;10;25;0;5;0;4;20;0.645115706562894;4;24;3;5;0;8;22;1.8004489927088398;6;1;19;24;4;3;2;2;2;2;1;2;10;17;6;9;25;6;3;3;8;6;2;6;4;14;5;2;17;21;6.291213416371669;6;1;3;2;0;21;-8.615295463753146;17;2;13;19;1;1;5;24;1;21;-4.768306165220745;25;3;5;25
TRACK:564;558;-1;3;0;5;0;5;1;6;4;3;0;10;17;0;5;0;4;20;0.6627177042542829;4;24;3;6;1;19;14;1;3;3;5;6;3;21;-9.267445667806973;1;2;5;0;3;9;5;16;4;6;4;25;5;5;2;5;19;0;10;19;4;3;2;2;2;2;1;2;10;11;6;9;4;3;24;6;3;3;8;6;2;6;4;14;5;2;17;21;6.336402515349247;6;1;3;2;0;21;-9.012303407110496;11;2;13;19;1;1;5;24;5;20;-8.63127128462502;3;5;25
TRACK:565;551;-1;3;0;5;0;5;1;6;4;3;0;10;25;0;5;0;4;12;4;24;3;6;1;19;14;6;2;5;3;0;3;7;-1.825678052106578;4;24;13;3;0;3;7;-1.8829290896215714;4;24
TRACK:566;553;-1;3;0;5;0;5;1;6;4;3;0;10;25;0;5;0;4;20;0.7351769399066475;4;24;3;5;0;8;22;1.9178699543291196;6;2;5;3;0;3;7;-1.835310306323171;4;24;13;4;3;2;2;2;2;1;2;10;11;6;9;4;3;24;6;3;3;8;6;2;6;4;14;6;10;6;1;3;2;0;21;-8.826652726924944;11;2;13;9;1;1;5;25;5;8;3;5;25
TRACK:567;555;-1;3;0;5;0;5;1;6;4;3;0;10;25;0;5;0;4;20;0.554959567811991;4;24;3;5;0;8;22;1.5847910097815714;6;2;5;3;0;3;7;-1.955386870631307;4;24;13;4;3;2;2;2;2;1;2;10;11;6;9;25;6;3;3;8;6;2;6;4;14;5;2;17;21;6.262568272526572;6;1;3;2;0;21;-8.749035212796752;24;2;13;20;-4.280543820769656;1;1;5;24;1;21;-4.712273777889777;25;3;5;25
TRACK:568;381;-1;3;0;5;0;5;1;6;4;3;0;10;25;0;5;0;4;20;0.557840155067445;4;24;3;5;0;8;22;1.6470719532189064;6;2;5;3;0;3;7;-1.9460032746482974;4;24;13;4;3;2;2;2;2;1;2;10;11;6;9;4;3;24;6;3;3;8;6;0;5;12;6;11;6;1;3;2;0;21;-8.903667904590595;11;2;13;19;1;1;5;24;5;20;-8.882601155032582;3;5;25
TRACK:569;559;-1;3;0;5;0;5;1;6;4;3;0;10;25;0;5;0;4;20;0.5078353089441283;4;13;3;5;0;8;22;1.6472605147330894;6;2;5;3;0;3;7;-1.726471286902205;4;24;13;4;3;2;2;2;2;1;2;10;17;6;9;25;6;3;3;8;6;2;17;21;6.535425117022102;6;1;3;4;13;1;1;5;9;1;21;-4.697511638156862;25;3;5;25
EVAL_INSTANCE:28:0:560
EVAL_INSTANCE:28:1:561
EVAL_INSTANCE:28:2:562
EVAL_INSTANCE:28:3:563
EVAL_INSTANCE:28:4:564
EVAL_INSTANCE:28:5:565
EVAL_INSTANCE:28:6:566
EVAL_INSTANCE:28:7:567
EVAL_INSTANCE:28:8:568
EVAL_INSTANCE:28:9:569
RUN_RESULT:28:0:0:2000:----
RUN_RESULT:28:1:0:10:UUUURULULL
RUN_RESULT:28:2:0:2000:----
RUN_RESULT:28:3:0:10:UUUURULULL
RUN_RESULT:28:4:0:2000:----
RUN_RESULT:28:5:0:2000:----
RUN_RESULT:28:6:0:10:UUUURULULL
RUN_RESULT:28:7:0:10:UUUURULULL
RUN_RESULT:28:8:0:2000:----
RUN_RESULT:28:9:0:2000:----
    29 |      290 | -3.990000E+03 | -3.990000E+03
TRACK:570;489;563;3;0;5;0;5;1;6;4;3;0;10;25;0;5;0;4;20;0.5944776144782205;4;24;3;5;0;8;22;1.6521541418814543;6;2;5;3;0;3;7;-1.9347451502148856;4;24;13;4;3;2;2;2;2;1;2;10;11;6;9;25;6;3;3;8;6;2;6;4;19;5;2;17;21;6.304053572782502;6;1;3;2;0;21;-8.942458218385559;11;2;13;19;1;1;5;24;1;21;-4.903815446000335;25;3;5;25
TRACK:571;489;563;3;0;5;0;5;1;6;4;3;0;10;25;0;5;0;4;20;0.645115706562894;4;24;3;5;0;8;22;1.8004489927088398;6;1;19;24;4;3;2;2;2;2;1;2;10;17;6;9;25;6;3;3;8;6;2;6;4;14;5;2;17;21;6.291213416371669;9
TRACK:572;542;561;3;0;5;0;5;1;6;4;3;0;10;25;0;5;0;4;20;0.6812157983887053;4;19;3;5;0;8;22;1.7381989359384042;6;2;5;3;0;3;7;-1.7118801581016863;4;24;13;4;3;2;2;2;2;1;2;10;17;6;9;25;6;3;3;8;6;2;6;4;20;0.6297388137510807;5;2;17;21;6.399232195658325;6;1;3;4;13;1;1;5;9;1;21;-4.703083459155892;25;3;5;25
TRACK:573;542;561;3;0;5;0;5;1;6;4;3;0;10;25;0;5;0;4;20;0.6297388137510807;4;24;3;5;0;8;22;1.6387679997652442;6;2;5;3;0;3;7;-1.9983925114321415;4;24;13;4;3;2;2;2;2;1;2;10;9;6;9;25;6;3;3;8;6;2;6;4;14;5;2;17;21;6.171067081651891;6;1;3;2;0;21;-8.979766359132212;19;2;13;19;1;1;5;24;1;21;-4.778116458091936;25;3;0;25;24
TRACK:574;547;567;3;0;5;0;5;1;6;4;3;0;10;25;0;5;0;4;20;0.6163724510451069;4;24;3;5;20;-4.280543820769656;6;1;19;24;4;3;2;2;2;2;1;2;10;17;6;9;25;6;3;3;8;6;2;6;4;14;5;2;17;21;6.413665836382024;6;1;3;2;0;21;-8.798170546052466;11;2;13;19;1;1;5;24;1;21;-4.909247867364276;25;3;5;25
TRACK:575;547;567;3;0;5;0;5;1;6;4;3;0;10;25;0;5;0;4;20;0.554959567811991;4;24;3;5;0;8;22;1.5847910097815714;6;2;5;3;0;3;7;-1.955386870631307;4;24;13;4;3;2;2;2;2;1;2;10;11;6;9;25;6;3;3;8;6;2;19;5;2;17;21;6.262568272526572;6;1;3;2;0;21;-8.749035212796752;24;2;13;20;-4.280543820769656;1;1;5;24;1;21;-4.712273777889777;25;3;5;25
TRACK:576;547;561;3;0;5;0;5;1;6;4;3;0;10;25;0;5;0;4;20;0.6163724510451069;4;24;3;5;0;8;22;1.781538475512475;6;1;19;24;4;3;2;2;2;2;1;2;10;17;6;9;25;6;3;3;8;24;6;1;3;2;0;21;-8.798170546052466;11;2;13;19;1;1;5;24;1;21;-4.909247867364276;25;3;5;25
TRACK:577;547;561;3;0;5;0;5;1;6;4;3;0;10;25;0;5;0;4;20;0.6297388137510807;4;24;3;5;0;8;22;1.6387679997652442;6;2;5;3;0;3;7;-1.9983925114321415;4;24;13;4;3;2;2;2;2;1;2;10;11;6;9;25;6;3;3;8;6;2;6;4;20;0.6163724510451069;5;2;17;21;6.171067081651891;6;1;3;2;0;21;-8.979766359132212;19;2;13;19;1;1;5;24;1;21;-4.778116458091936;25;3;0;25;24
TRACK:578;542;509;3;0;5;0;5;1;6;4;3;0;10;25;0;5;0;4;20;0.6812157983887053;4;19;3;5;0;8;22;1.7381989359384042;6;2;5;3;0;3;7;-1.7118801581016863;4;24;13;4;3;2;2;2;2;1;2;10;17;6;9;25;13;6;2;6;4;14;5;2;17;21;6.399232195658325;6;1;3;4;13;1;1;5;9;1;21;-4.703083459155892;25;3;5;25
TRACK:579;542;509;3;0;5;0;5;1;6;4;3;0;10;25;0;5;0;4;20;0.6757035951212185;4;19;3;5;0;8;22;1.7737653774675808;6;2;5;3;0;3;7;-1.7577624029895191;4;24;13;4;3;2;2;2;0;3;7;-1.7118801581016863;4;24;6;3;3;8;6;2;6;4;14;5;2;17;21;6.378544981383671;6;1;3;2;0;21;-8.89127796906232;11;2;13;19;1;1;5;24;1;21;-4.828989826537952;25;3;5;25
TRACK:580;570;-1;3;0;5;0;5;1;6;4;3;0;10;25;0;5;0;4;20;0.5391322334988955;4;24;3;5;0;8;22;1.6316555189652486;6;2;5;3;0;3;7;-1.9212252160487686;4;24;13;1;3;4;6;0;2;11;18;6;21;-9.286362504016006;4;1;5;1;5;11;3;19;1;0;5;23;6.865668112050884;2;12;11;3;1;7;6.642972753178778;17
TRACK:581;572;-1;3;0;5;0;5;1;6;4;3;0;10;25;0;5;0;4;20;0.7200472259129206;4;19;3;5;0;8;22;1.734756883298346;6;2;5;3;0;3;20;-1.1745062567590239;4;24;13;4;3;2;2;2;2;1;2;10;17;6;9;25;6;3;3;8;6;2;6;4;20;0.5668232139788243;5;2;17;21;6.458559860454623;6;1;3;4;13;1;1;5;9;1;21;-4.739768381778551;25;3;5;25
TRACK:582;574;-1;3;0;5;0;5;1;6;4;3;0;10;25;0;5;0;4;20;0.7446285935130317;4;24;3;5;1;23;-2.0548762089910184;25;6;1;19;24;4;3;2;2;2;2;1;2;10;17;6;9;25;6;3;3;8;6;2;6;4;14;5;2;17;21;6.4904009005478684;6;1;3;2;0;21;-8.810562578952629;11;2;13;19;1;1;5;24;1;21;-4.95929652751231;25;3;5;25
TRACK:583;576;-1;3;0;5;0;5;1;6;4;3;0;10;25;0;5;0;4;20;0.6556111013562365;4;24;3;5;0;8;22;1.8737943650202875;6;1;19;24;4;3;2;2;2;2;1;2;10;17;6;9;25;6;3;3;8;24;6;3;23;9.323891860060222
TRACK:584;578;-1;3;0;5;0;5;1;6;4;3;0;10;25;0;5;0;4;20;0.7011673548457076;4;23;-3.1555744734510016;3;5;0;8;22;1.6457911798596754;6;2;5;3;0;3;7;-1.7268085978587409;4;24;13;4;3;2;2;2;2;1;2;10;17;6;9;25;13;6;2;6;4;14;5;2;17;21;6.408465714061032;6;1;3;4;13;1;1;5;9;1;21;-4.584569682081184;25;3;5;25
TRACK:585;571;-1;3;0;5;0;5;1;6;4;3;0;10;25;5;1;16;13;6;1;19;24;4;3;2;2;2;2;1;2;10;17;6;9;25;6;3;3;8;6;2;6;4;14;5;2;17;21;6.511118718076649;9
TRACK:586;573;-1;3;0;5;0;5;1;6;4;3;0;10;25;0;5;0;4;20;0.7905036392290595;4;24;3;5;0;8;22;1.7726587245996515;6;2;5;3;0;3;7;-1.8199013713531085;4;24;13;4;3;2;1;14;10;0;9;24
TRACK:587;575;-1;3;0;5;0;5;1;6;4;3;0;10;25;0;5;0;4;20;0.6258761714861987;4;24;3;5;0;8;22;1.59506371607009;6;2;5;3;0;3;7;-2.085122668664839;4;24;13;4;3;2;2;2;2;1;2;10;17;6;9;25;6;3;3;8;6;2;19;5;2;17;21;6.3532520193846205;6;1;3;2;0;21;-8.766924416204414;24;2;13;20;-4.122641728811259;1;1;5;24;1;21;-4.541802790515058;25;3;5;25
TRACK:588;577;-1;3;0;5;0;5;1;6;4;3;0;10;25;0;5;0;4;20;0.3615362986022841;4;24;3;5;0;8;22;1.4801996502045554;6;2;5;3;0;3;7;-1.95814242755466;4;24;13;4;3;2;2;2;2;1;2;10;11;6;9;25;6;3;3;13;6;2;6;4;20;0.40460784428660646;5;2;17;21;6.25945136630834;6;1;3;2;0;21;-8.871266275060002;19;2;13;19;1;1;5;24;1;21;-4.856683802010166;25;3;0;25;24
TRACK:589;579;-1;6;5;6;3;3;15
EVAL_INSTANCE:29:0:580
EVAL_INSTANCE:29:1:581
EVAL_INSTANCE:29:2:582
EVAL_INSTANCE:29:3:583
EVAL_INSTANCE:29:4:584
EVAL_INSTANCE:29:5:585
EVAL_INSTANCE:29:6:586
EVAL_INSTANCE:29:7:587
EVAL_INSTANCE:29:8:588
EVAL_INSTANCE:29:9:589
RUN_RESULT:29:0:0:1150:UUUULLRLULLL
RUN_RESULT:29:1:0:2000:----
RUN_RESULT:29:2:0:2000:----
RUN_RESULT:29:3:0:2000:----
RUN_RESULT:29:4:0:10:UUUURULULL
RUN_RESULT:29:5:0:2000:----
RUN_RESULT:29:6:0:2000:----
RUN_RESULT:29:7:0:10:UUUURULULL
RUN_RESULT:29:8:0:99:UUUULLRLULLL
RUN_RESULT:29:9:0:2000:----
    30 |      300 | -3.990000E+03 | -3.990000E+03
TRACK:590;566;561;3;0;5;0;5;1;6;4;3;0;10;25;0;5;0;4;20;0.7351769399066475;4;24;3;5;0;8;22;1.9178699543291196;6;2;5;3;0;3;7;-1.835310306323171;4;24;13;4;11
TRACK:591;566;561;3;0;5;0;5;1;6;4;3;0;10;25;0;5;0;4;20;0.6297388137510807;4;24;3;5;0;8;22;1.6387679997652442;6;2;5;3;0;3;7;-1.9983925114321415;4;24;13;4;3;2;2;2;2;1;2;10;11;6;9;25;6;3;3;8;6;2;6;4;14;5;2;17;21;6.171067081651891;6;1;3;2;0;21;-8.979766359132212;19;2;13;19;1;11;3;0;25;24
TRACK:592;489;567;3;0;5;0;5;1;6;4;3;0;10;25;0;5;0;4;20;0.5944776144782205;4;24;3;5;0;8;22;1.6521541418814543;6;2;5;3;3;7;-1.955386870631307;13;4;3;2;2;2;2;1;2;10;11;6;9;25;6;3;3;8;6;2;6;4;14;5;2;17;21;6.304053572782502;6;1;3;2;0;21;-8.942458218385559;11;2;13;19;1;1;5;24;1;21;-4.903815446000335;25;3;5;25
TRACK:593;489;567;3;0;5;0;5;1;6;4;3;0;24;25;0;5;0;4;20;0.554959567811991;4;24;3;5;0;8;22;1.5847910097815714;6;2;5;3;0;3;7;-1.955386870631307;4;24;13;4;3;2;2;2;2;1;2;10;11;6;9;25;6;3;3;8;6;2;6;4;14;5;2;17;21;6.262568272526572;6;1;3;2;0;21;-8.749035212796752;24;2;13;20;-4.280543820769656;1;1;5;24;1;21;-4.712273777889777;25;3;5;25
TRACK:594;563;566;3;0;5;0;5;1;6;4;3;0;10;25;0;4;14;3;5;0;8;22;1.8004489927088398;6;1;19;24;4;3;2;2;2;2;1;2;10;17;6;9;25;6;3;3;8;6;2;6;4;14;5;2;17;21;6.291213416371669;6;1;3;2;0;21;-8.615295463753146;17;2;13;19;1;1;5;24;1;21;-4.768306165220745;25;3;5;25
TRACK:595;563;566;3;0;5;0;5;1;6;4;3;0;10;25;0;5;0;4;20;0.7351769399066475;4;24;3;5;0;8;25;6;2;5;3;0;3;7;-1.835310306323171;4;24;13;4;3;2;2;2;2;1;2;10;11;6;9;4;3;24;6;3;3;8;6;2;6;4;14;6;10;6;1;3;2;0;21;-8.826652726924944;11;2;13;9;1;1;5;25;5;8;3;5;25
TRACK:596;381;509;3;0;5;6;4;3;0;10;25;4;3;2;2;2;2;1;2;10;11;6;9;4;3;24;6;3;3;8;6;2;6;4;14;5;2;17;21;6.202527850922802;6;1;3;2;0;21;-8.998512119765355;11;2;13;19;1;1;5;24;5;20;-8.731021694943875;3;5;25
TRACK:597;381;509;3;0;5;0;5;1;6;20;0.5334300884931266;0;5;0;4;20;0.6757035951212185;4;19;3;5;0;8;22;1.7737653774675808;6;2;5;3;0;3;7;-1.7577624029895191;4;24;13;4;3;2;2;2;2;1;2;10;17;6;9;25;6;3;3;8;6;2;6;4;14;5;2;17;21;6.378544981383671;6;1;3;2;0;21;-8.89127796906232;11;2;13;19;1;1;5;24;1;21;-4.828989826537952;25;3;5;25
TRACK:598;563;526;3;0;5;0;5;1;6;4;3;0;10;25;0;5;0;4;20;0.645115706562894;4;24;3;5;0;8;22;1.8004489927088398;6;1;19;24;4;3;2;2;2;2;1;2;10;17;6;9;25;6;3;3;8;6;2;6;4;14;5;2;17;21;6.291213416371669;6;3;24
TRACK:599;563;526;3;0;5;0;5;1;6;4;3;0;10;25;0;5;0;4;20;0.6317182326717258;4;24;3;5;0;8;22;1.9211733964180546;6;2;5;3;0;3;7;-1.9035107509581097;4;24;13;4;3;2;2;2;2;5;0;8;22;1.8004489927088398;4;3;24;6;3;3;8;6;2;6;4;14;6;10;6;1;3;2;0;21;-8.940042557827399;11;2;13;19;1;1;5;24;5;8;3;5;25
TRACK:600;590;-1;3;0;5;0;5;1;6;4;3;6;13;0;5;0;4;20;0.736227789856777;4;24;3;5;0;8;22;1.8029125334841563;6;2;5;3;0;3;7;-1.9538226396946672;4;24;13;4;11
TRACK:601;592;-1;3;0;5;0;5;1;6;4;3;0;10;25;0;5;0;4;20;0.570630274072678;4;24;3;5;0;8;22;1.6942685424843338;6;2;5;3;3;7;-1.9283219375567817;13;4;3;2;2;2;4;0;9;16;3;4;23;-6.62783369893976;6;2;6;4;14;5;2;17;21;6.306811843114889;6;1;3;2;0;21;-9.010121701820667;11;2;13;19;1;1;5;24;1;21;-4.95943820586393;25;3;5;25
TRACK:602;594;-1;3;0;5;0;5;1;6;4;3;0;10;25;0;4;14;3;2;5;18;6;18;6;1;19;24;4;3;2;2;2;2;1;2;10;17;6;9;25;6;3;3;8;6;2;6;4;14;5;2;17;21;6.468559048239361;6;1;3;2;0;21;-8.49859995231995;17;2;13;19;1;1;5;24;1;21;-4.675873215257987;25;3;5;25
TRACK:603;596;-1;3;0;5;6;4;3;0;10;25;4;3;2;2;2;2;1;2;10;11;6;9;4;3;24;6;3;3;8;6;2;6;4;23;-1.287150154647982;5;2;17;21;6.045998012663005;6;1;3;2;0;21;-8.940405860924344;11;2;13;19;1;1;5;24;5;20;-8.71987558245331;3;5;25
TRACK:604;598;-1;3;0;5;0;5;1;6;4;3;0;10;25;0;5;0;4;20;0.6301323680668975;4;24;3;5;0;8;22;1.7857811968494275;6;1;19;24;4;3;2;2;2;2;1;2;10;17;6;9;25;6;5;2;18;23;-6.397007354516413;6;2;6;4;14;5;2;17;21;6.209603292400067;6;3;24
TRACK:605;591;-1;3;0;5;0;5;1;6;4;3;0;10;25;0;5;0;4;20;0.5787263972029759;4;24;3;5;0;8;22;1.6214498860236333;6;2;5;3;0;3;7;-1.8309730258561125;4;24;13;4;3;2;2;2;2;1;2;10;11;6;9;25;6;3;3;8;6;2;0;2;21;-6.255219386354387;9;0;15;20;-0.931260973544731;5;2;17;21;6.149736118202503;6;1;3;2;0;21;-8.970161856551721;19;2;13;19;1;11;3;0;25;24
TRACK:606;593;-1;3;0;5;0;5;1;6;4;3;0;24;25;0;5;0;4;20;0.6083208234727977;4;24;3;5;0;8;22;1.4490867235943243;6;2;5;3;0;3;7;-1.868758197719258;4;24;13;4;3;2;2;2;2;1;2;10;11;6;9;25;6;3;3;8;6;2;6;4;14;5;2;17;18;6;1;3;2;0;21;-8.557619095989345;24;2;13;20;-4.36562138397281;1;1;5;24;1;21;-4.87834520638924;25;3;5;25
TRACK:607;595;-1;3;0;5;0;5;1;6;4;3;0;10;25;0;5;0;4;20;0.6173594698814959;4;24;3;5;0;8;25;6;2;5;3;0;3;7;-1.817069369902243;4;24;13;4;3;2;2;2;2;1;2;10;11;6;9;4;3;24;6;3;3;8;6;2;6;4;14;6;10;6;2;3;5;6;11;4;2;1;23;7.08276936859194;19;3;9
TRACK:608;597;-1;3;0;5;0;5;1;6;20;0.4915244367066559;0;5;0;4;20;0.459215335671961;4;19;3;5;0;8;22;1.4492109222953367;6;2;5;3;0;3;7;-1.711015688439321;4;24;13;4;3;2;2;2;2;1;2;10;17;6;9;25;6;3;3;8;6;2;6;4;14;5;2;19;21;6.4596864784822206;6;1;3;2;0;21;-8.791697387292063;11;2;13;19;1;1;5;24;1;21;-4.7799576516540565;25;3;5;25
TRACK:609;599;-1;3;0;5;0;5;1;6;6;1;11;15;0;5;0;4;20;0.6323271204144231;4;24;3;5;0;8;22;1.9396067997528903;6;2;5;3;0;3;7;-1.954011640525227;4;24;13;4;3;2;2;2;2;5;0;8;22;1.8537511033500198;4;3;24;6;3;3;8;6;2;6;4;14;6;10;6;1;3;2;0;21;-9.037438647467873;11;2;13;19;1;1;5;24;5;8;3;5;25
EVAL_INSTANCE:30:0:600
EVAL_INSTANCE:30:1:601
EVAL_INSTANCE:30:2:602
EVAL_INSTANCE:30:3:603
EVAL_INSTANCE:30:4:604
EVAL_INSTANCE:30:5:605
EVAL_INSTANCE:30:6:606
EVAL_INSTANCE:30:7:607
EVAL_INSTANCE:30:8:608
EVAL_INSTANCE:30:9:609
RUN_RESULT:30:0:0:2000:----
RUN_RESULT:30:1:0:2000:----
RUN_RESULT:30:2:0:2000:----
RUN_RESULT:30:3:0:1312:UUUURLDLL
RUN_RESULT:30:4:0:2000:----
RUN_RESULT:30:5:0:2000:----
RUN_RESULT:30:6:0:2000:----
RUN_RESULT:30:7:0:19:UUUURULULL
RUN_RESULT:30:8:0:19:UUUURULULL
RUN_RESULT:30:9:0:2000:----
    31 |      310 | -3.990000E+03 | -3.990000E+03
TRACK:610;381;547;3;0;5;0;5;1;6;4;3;0;10;25;0;5;0;4;20;0.5334300884931266;4;24;3;5;0;8;22;1.7958792404530506;6;2;5;3;0;3;7;-1.884791555238767;4;24;13;4;3;2;2;2;2;1;2;10;11;6;9;4;3;24;6;3;3;8;6;2;6;4;14;5;2;17;21;6.202527850922802;6;1;3;2;25;2;13;19;1;1;5;24;5;20;-8.731021694943875;3;5;25
TRACK:611;381;547;3;0;5;0;5;1;6;4;3;0;10;25;0;5;0;4;20;0.6163724510451069;4;24;3;5;0;8;22;1.781538475512475;6;1;19;24;4;3;2;2;2;2;1;2;10;17;6;9;25;6;3;3;8;6;2;17;5;2;17;21;6.413665836382024;6;1;3;2;0;21;-8.798170546052466;11;2;13;19;1;1;5;24;1;21;-4.909247867364276;25;3;5;25
TRACK:612;567;563;3;0;5;0;5;1;6;4;3;2;10;17;0;5;0;4;20;0.554959567811991;4;24;3;5;0;8;22;1.5847910097815714;6;2;5;3;0;3;7;-1.955386870631307;4;24;13;4;3;2;2;2;2;1;2;10;11;6;9;25;6;3;3;8;6;2;6;4;14;5;2;17;21;6.262568272526572;6;1;3;2;0;21;-8.749035212796752;24;2;13;20;-4.280543820769656;1;1;5;24;1;21;-4.712273777889777;25;3;5;25
TRACK:613;567;563;3;0;5;0;5;1;6;4;3;0;10;25;0;5;0;4;20;0.645115706562894;4;24;3;5;0;8;22;1.8004489927088398;6;1;19;24;4;3;2;2;2;2;1;2;10;17;6;9;25;6;3;3;8;6;2;6;4;14;5;2;17;21;6.291213416371669;6;1;3;2;0;21;-8.615295463753146;17;2;13;19;1;1;5;24;1;13;25;3;5;25
TRACK:614;526;509;3;0;5;0;5;1;6;4;3;0;10;25;0;5;0;4;20;0.6317182326717258;4;24;3;5;0;8;22;1.9211733964180546;6;2;5;3;0;24;4;24;13;4;3;2;2;2;2;1;2;10;11;6;9;4;3;24;6;3;3;8;6;2;6;4;14;6;10;6;1;3;2;0;21;-8.940042557827399;11;2;13;19;1;1;5;24;5;8;3;5;25
TRACK:615;526;509;3;0;5;0;5;1;6;4;3;0;10;25;0;5;0;4;20;0.6757035951212185;4;19;3;5;0;8;22;1.7737653774675808;6;2;5;3;0;3;7;-1.7577624029895191;4;24;13;4;3;2;2;2;2;1;2;10;17;6;9;25;6;3;3;8;6;2;6;4;14;5;2;17;21;6.378544981383671;6;1;3;2;0;21;-8.89127796906232;11;2;13;19;1;1;5;24;1;21;-4.828989826537952;25;3;9
TRACK:616;563;489;3;0;5;0;5;1;6;4;3;0;10;25;0;5;0;4;20;0.645115706562894;4;24;3;5;0;8;17;6;1;19;24;4;3;2;2;2;2;1;2;10;17;6;9;25;6;3;3;8;6;2;6;4;14;5;2;17;21;6.291213416371669;6;1;3;2;0;21;-8.615295463753146;17;2;13;19;1;1;5;24;1;21;-4.768306165220745;25;3;5;25
TRACK:617;563;489;3;0;5;0;5;1;6;4;3;0;10;25;4;24;6;2;5;3;0;3;7;-1.9347451502148856;4;24;13;4;3;2;2;2;2;1;2;10;11;6;9;25;6;3;3;8;6;2;6;4;14;5;2;17;21;6.304053572782502;6;1;3;2;0;21;-8.942458218385559;11;2;13;19;1;1;5;24;1;21;-4.903815446000335;25;3;5;25
TRACK:618;542;547;3;0;5;0;5;1;6;10;0;5;0;4;20;0.6812157983887053;4;19;3;5;0;8;22;1.7381989359384042;6;2;5;3;0;3;7;-1.7118801581016863;4;24;13;4;3;2;2;2;2;1;2;10;17;6;9;25;6;3;3;8;6;2;6;4;14;5;2;17;21;6.399232195658325;6;1;3;4;13;1;1;5;9;1;21;-4.703083459155892;25;3;5;25
TRACK:619;542;547;3;0;5;0;5;1;6;4;3;0;10;25;0;5;0;4;20;0.6163724510451069;4;24;3;5;0;8;22;1.781538475512475;6;1;19;24;4;3;2;2;2;2;1;2;10;17;6;9;25;6;3;3;8;6;2;6;4;14;5;2;17;21;6.413665836382024;6;1;3;2;0;21;-8.798170546052466;11;2;13;19;1;1;5;24;1;21;-4.909247867364276;25;3;3;7;-1.7118801581016863
TRACK:620;610;-1;3;0;5;0;5;1;6;4;3;0;10;25;0;5;0;4;20;0.5164247112000643;4;24;3;5;0;8;22;1.9768998622733256;6;3;11;4;3;2;2;2;2;1;2;10;11;6;9;4;3;24;6;3;3;8;6;2;6;4;14;5;2;17;21;6.174217517622962;6;1;3;2;25;2;13;19;1;1;5;24;5;20;-8.860271376214678;3;5;25
TRACK:621;612;-1;3;0;5;0;5;1;6;4;3;2;10;17;0;5;0;4;20;0.5951545987305052;4;24;3;5;0;8;22;1.462876336927531;6;2;5;3;0;3;7;-1.9372307538367837;4;24;13;4;3;2;2;2;2;1;2;10;11;6;9;25;6;3;3;8;6;2;6;4;14;5;2;17;21;6.3127816742668;6;1;3;2;0;21;-8.843853084777866;24;5;21;-3.164054862944761;1;1;5;24;1;21;-4.827262554929298;25;3;5;25
TRACK:622;614;-1;3;0;5;0;5;1;6;4;3;0;10;25;0;5;0;4;20;0.657532052354362;4;24;3;5;0;8;22;1.8577691372413423;6;2;5;3;0;24;4;24;13;4;3;2;2;2;2;1;2;10;11;6;9;4;3;17;6;3;3;8;6;2;6;4;14;6;10;6;1;3;2;0;21;-8.83429064566817;11;2;13;19;1;1;5;24;5;8;3;5;25
TRACK:623;616;-1;3;0;5;0;5;1;6;4;3;0;10;25;0;5;0;4;20;0.5402206351324559;4;24;3;5;0;8;17;6;1;19;24;4;3;2;2;2;2;1;2;10;17;6;9;25;6;3;3;8;6;2;6;4;14;5;2;17;21;6.419933436181489;6;1;3;2;0;21;-8.710495056648647;17;2;13;19;1;1;5;24;1;21;-4.607883525732792;25;2;4;8;2;10;11
TRACK:624;618;-1;3;6;1;4;1;4;0;2;4;10;2;9;19;4;0;20;5.619146897825507;16;3;5;5;1;18;14;2;6;2;3;3;5;25;5;3;0;19;24;1;5;0;0;0;13;12;6;16;0;6;8;0;12;17;4;2;3;5;12;0;5;19;6;16
TRACK:625;611;-1;3;0;5;0;5;1;6;4;3;0;10;25;0;5;0;4;20;0.5624487961390504;4;24;3;5;1;8;25;6;1;19;24;4;3;2;2;2;2;1;2;10;17;6;9;25;6;3;3;8;6;2;17;5;2;17;21;6.50641259509347;6;1;3;2;0;21;-8.616028585136766;11;2;13;19;1;1;5;24;1;21;-5.191370587555582;25;3;5;25
TRACK:626;613;-1;3;0;5;0;5;1;6;4;3;0;10;25;0;5;0;4;20;0.6836640493248773;4;24;3;5;0;8;22;1.8499749102935488;6;1;19;24;4;3;2;2;2;2;1;2;10;17;3;16;25;6;3;3;8;6;2;6;4;14;5;2;17;21;6.208104814558735;6;1;3;2;0;21;-8.575345619495659;17;2;13;19;1;1;5;24;1;13;25;3;5;25
TRACK:627;615;-1;3;0;5;0;0;0;6;22;2.022697955198087;6;16;4;0;8;22;-2.5258984610763573;6;2;5;3;0;3;7;-1.5919696180293255;4;24;13;4;3;2;2;2;2;1;2;10;17;6;9;25;6;3;3;8;6;2;6;4;14;5;2;17;21;6.391221709866521;6;1;3;2;0;21;-8.927083433425441;11;2;13;19;1;1;5;24;1;21;-4.852442121420118;25;3;9
TRACK:628;617;-1;3;0;5;0;5;1;6;4;3;0;10;25;4;24;6;2;5;3;0;3;7;-1.7553832344862086;4;24;13;4;3;2;2;2;2;1;2;10;11;6;9;25;6;3;3;8;6;2;6;4;14;5;2;17;17;6;1;3;2;0;21;-8.86370692480316;11;2;13;19;1;1;5;24;1;21;-4.861396198103824;25;3;5;25
TRACK:629;619;-1;3;0;5;0;5;1;6;4;3;0;10;25;0;5;0;4;20;0.6082648389162695;4;24;3;5;0;8;22;1.8785428741641872;6;1;19;24;4;3;2;2;2;2;1;2;10;17;6;9;25;6;3;3;8;6;2;6;4;14;5;4;16;6;1;3;2;0;21;-8.785000990864017;11;2;13;19;1;1;5;24;1;21;-4.781349433111848;25;3;3;7;-1.7004657112240273
EVAL_INSTANCE:31:0:620
EVAL_INSTANCE:31:1:621
EVAL_INSTANCE:31:2:622
EVAL_INSTANCE:31:3:623
EVAL_INSTANCE:31:4:624
EVAL_INSTANCE:31:5:625
EVAL_INSTANCE:31:6:626
EVAL_INSTANCE:31:7:627
EVAL_INSTANCE:31:8:628
EVAL_INSTANCE:31:9:629
RUN_RESULT:31:0:0:10:UUUURULULL
RUN_RESULT:31:1:0:10:UUUURULULL
RUN_RESULT:31:2:0:10:UUUURULULL
RUN_RESULT:31:3:0:2000:----
RUN_RESULT:31:4:0:2000:----
RUN_RESULT:31:5:0:2000:----
RUN_RESULT:31:6:0:2000:----
RUN_RESULT:31:7:0:2000:----
RUN_RESULT:31:8:0:2000:----
RUN_RESULT:31:9:0:2000:----
    32 |      320 | -3.990000E+03 | -3.990000E+03
TRACK:630;489;547;3;0;5;0;5;1;6;4;3;0;10;25;0;5;0;4;20;0.5944776144782205;2;17;21;6.413665836382024;3;5;0;8;22;1.6521541418814543;6;2;5;3;0;3;7;-1.9347451502148856;4;24;13;4;3;2;2;2;2;1;2;10;11;6;9;25;6;3;3;8;6;2;6;4;14;5;2;17;21;6.304053572782502;6;1;3;2;0;21;-8.942458218385559;11;2;13;19;1;1;5;24;1;21;-4.903815446000335;25;3;5;25
TRACK:631;489;547;3;0;5;0;5;1;6;4;3;0;10;25;0;5;0;4;20;0.6163724510451069;4;24;3;5;0;8;22;1.781538475512475;6;1;19;24;4;3;2;2;2;2;1;2;10;17;6;9;25;6;3;3;8;6;2;6;4;14;5;2;17;21;6.413665836382024;6;1;3;2;0;21;-8.798170546052466;11;3;8;1;1;5;24;1;21;-4.909247867364276;25;3;5;25
TRACK:632;381;563;3;0;5;0;5;1;6;4;3;0;10;25;0;5;0;4;20;0.5334300884931266;4;24;3;5;0;8;22;1.7958792404530506;6;2;5;3;0;3;7;-1.884791555238767;4;24;13;4;3;2;2;1;2;10;17;6;9;6;2;6;4;14;5;2;17;21;6.202527850922802;6;1;3;2;0;21;-8.998512119765355;11;2;13;19;1;1;5;24;5;20;-8.731021694943875;3;5;25
TRACK:633;381;563;3;0;5;0;5;1;6;4;3;0;10;25;0;5;0;4;20;0.645115706562894;4;24;3;5;0;8;22;1.8004489927088398;6;1;19;24;4;3;2;2;2;2;1;2;10;17;6;9;25;6;3;3;8;6;2;6;4;14;5;2;17;21;6.291213416371669;24
TRACK:634;567;561;3;0;5;0;5;1;6;4;3;0;10;25;0;5;0;4;20;0.554959567811991;4;24;3;5;0;8;22;1.5847910097815714;6;2;5;3;0;3;7;-1.955386870631307;4;24;13;4;3;2;2;2;2;1;2;10;11;6;9;25;6;3;3;8;6;2;6;4;14;5;2;17;21;6.262568272526572;6;1;3;2;0;21;-8.749035212796752;24;2;9;20;-4.280543820769656;1;1;5;24;1;21;-4.712273777889777;25;3;5;25
TRACK:635;567;561;3;0;5;0;5;1;6;4;3;0;10;25;0;5;0;4;25;4;24;3;5;0;8;22;1.6387679997652442;6;2;5;3;0;3;7;-1.9983925114321415;4;24;13;4;3;2;2;2;2;1;2;10;11;6;9;25;6;3;3;8;6;2;6;4;14;5;2;17;21;6.171067081651891;6;1;3;2;0;21;-8.979766359132212;19;2;13;19;1;1;5;24;1;21;-4.778116458091936;25;3;0;25;24
TRACK:636;381;542;3;0;5;0;5;1;6;4;3;0;10;25;0;5;0;4;20;0.5334300884931266;4;24;3;5;0;8;19;6;2;5;3;0;3;7;-1.884791555238767;4;24;13;4;3;2;2;2;2;1;2;10;11;6;9;4;3;24;6;3;3;8;6;2;6;4;14;5;2;17;21;6.202527850922802;6;1;3;2;0;21;-8.998512119765355;11;2;13;19;1;1;5;24;5;20;-8.731021694943875;3;5;25
TRACK:637;381;542;3;0;5;0;5;1;6;3;8;0;5;0;4;20;0.6812157983887053;4;19;3;5;0;8;22;1.7381989359384042;6;2;5;3;0;3;7;-1.7118801581016863;4;24;13;4;3;2;2;2;2;1;2;10;17;6;9;25;6;3;3;8;6;2;6;4;14;5;2;17;21;6.399232195658325;6;1;3;4;13;1;1;5;9;1;21;-4.703083459155892;25;3;5;25
TRACK:638;489;526;3;0;5;0;5;1;6;4;3;0;10;25;0;5;0;4;20;0.5944776144782205;4;24;3;5;0;8;22;1.6521541418814543;6;2;5;3;0;3;7;-1.9347451502148856;4;24;13;4;3;2;2;2;2;1;2;10;11;6;9;25;6;3;3;8;13;6;1;3;2;0;21;-8.942458218385559;11;2;13;19;1;1;5;24;1;21;-4.903815446000335;25;3;5;25
TRACK:639;489;526;3;0;5;0;5;1;6;4;3;0;10;25;0;5;0;4;20;0.6317182326717258;4;24;3;5;0;8;22;1.9211733964180546;6;2;5;3;0;3;7;-1.9035107509581097;4;24;13;4;3;2;2;2;2;1;2;10;11;6;9;4;3;24;6;3;3;8;6;2;6;4;14;6;10;6;1;3;2;0;21;-8.940042557827399;11;2;13;19;1;1;5;24;5;11;3;5;25
TRACK:640;630;-1;3;0;5;0;5;1;6;4;3;0;10;25;0;5;0;4;20;0.6233044450514283;2;17;21;6.349445005842949;3;5;0;8;22;1.6476113756115407;6;2;5;3;0;3;7;-2.1044833276971433;4;24;13;4;3;2;2;2;2;1;2;10;11;6;9;25;6;3;3;8;6;2;6;4;14;5;2;17;21;6.42538464499233;6;1;3;2;1;23;-0.9104618822027106;11;2;13;19;1;1;5;24;1;21;-4.93021744901899;25;3;5;25
TRACK:641;381;-1;3;0;5;0;5;1;6;4;3;0;10;25;0;5;0;4;20;0.5605263465157982;4;24;3;5;0;8;22;1.8746758128365366;6;2;5;3;0;3;7;-1.9675312649193515;4;15;13;4;3;2;2;2;2;1;2;10;11;6;9;4;3;24;6;3;3;8;6;2;6;4;14;5;2;17;21;6.090247617311749;6;1;3;2;0;21;-8.92339370043322;11;2;13;19;1;1;5;24;5;20;-8.673392963816115;3;5;25
TRACK:642;567;-1;3;0;5;0;5;1;6;4;3;0;10;25;2;0;4;5;20;3.3042390258053587;2;4;22;9.88374292133025;1;22;2.7608113554319402;22;-5.478110914253264;0;0;3;9;3;13;4;6;9;6;2;5;3;0;3;7;-1.8690267425788682;4;24;13;4;3;2;2;2;2;1;2;10;11;6;9;25;6;3;3;8;6;2;6;4;14;5;2;17;21;6.331340316877209;6;1;3;2;0;21;-8.746622967537732;24;2;13;20;-4.197938944301474;1;1;5;24;1;21;-4.882297574567119;25;3;5;25
TRACK:643;636;-1;3;0;5;0;5;1;6;4;3;0;10;25;0;5;0;4;20;0.47863581563511753;4;24;3;5;0;8;19;6;2;5;3;0;3;7;-1.929800557327615;4;24;13;4;3;2;2;2;2;1;2;10;11;6;9;4;3;24;6;3;3;7;-0.8416003419721783;6;2;6;4;14;5;2;17;21;6.184364857782456;6;1;3;2;0;21;-8.932847126619057;11;2;13;19;1;1;5;24;5;20;-9.126549662926937;3;5;25
TRACK:644;638;-1;6;3;1;1;3;5;16;3;4;12;0;4;1;25;18;4;4;24
TRACK:645;631;-1;3;0;5;6;1;3;4;3;25;1;0;4;16;4;24;2;6;11;0;17;21;-7.248846577236307;4;3;2;2;2;2;1;2;10;17;6;9;25;6;3;3;8;6;2;6;4;14;5;2;17;21;6.654678522371805;6;1;3;2;0;21;-8.741173573952333;11;3;8;1;1;5;24;1;21;-4.867435001395878;25;3;5;25
TRACK:646;563;-1;3;0;5;0;5;1;6;4;3;0;10;25;0;5;0;4;20;0.6561922265401794;4;24;3;5;5;16;6;1;19;24;4;3;2;2;2;2;1;2;10;17;6;9;25;6;3;3;8;6;2;6;4;14;5;2;17;21;6.2662062040198165;6;1;3;2;0;21;-8.646900291882629;17;2;13;19;1;1;5;24;1;21;-4.701057511321614;25;3;5;25
TRACK:647;561;-1;3;0;5;0;5;1;6;4;0;8;20;7.832366021408006;0;5;0;4;20;0.5314013114339073;4;24;3;5;0;8;22;1.4326432901656927;6;2;5;3;0;3;7;-1.8846420054261102;4;24;13;4;3;2;2;2;2;1;2;10;11;6;9;25;6;3;3;8;6;2;6;4;14;5;2;17;21;6.181296944373955;6;1;3;2;0;21;-8.842736339549603;19;2;13;19;1;1;5;24;1;21;-4.777915790540252;25;3;0;25;24
TRACK:648;637;-1;3;0;5;0;5;1;6;3;8;0;5;0;4;20;0.6632673502588944;4;19;3;5;0;8;22;1.9470776836539132;6;2;5;3;4;5;25;13;4;3;2;2;2;2;1;2;10;17;6;9;25;6;3;3;8;6;2;6;4;14;5;2;17;21;6.308729811506728;6;1;3;4;13;1;1;5;9;1;21;-4.7005148483907995;25;3;5;25
TRACK:649;639;-1;6;24
EVAL_INSTANCE:32:0:640
EVAL_INSTANCE:32:1:641
EVAL_INSTANCE:32:2:642
EVAL_INSTANCE:32:3:643
EVAL_INSTANCE:32:4:644
EVAL_INSTANCE:32:5:645
EVAL_INSTANCE:32:6:646
EVAL_INSTANCE:32:7:647
EVAL_INSTANCE:32:8:648
EVAL_INSTANCE:32:9:649
RUN_RESULT:32:0:0:19:UUUURULULL
RUN_RESULT:32:1:0:10:UUUURULULL
RUN_RESULT:32:2:0:940:UUUURLDLL
RUN_RESULT:32:3:0:2000:----
RUN_RESULT:32:4:0:2000:----
RUN_RESULT:32:5:0:2000:----
RUN_RESULT:32:6:0:2000:----
RUN_RESULT:32:7:0:19:UUUURULULL
RUN_RESULT:32:8:0:940:UUUURLDLL
RUN_RESULT:32:9:0:2000:----
    33 |      330 | -3.990000E+03 | -3.990000E+03
TRACK:650;542;563;3;0;5;0;5;1;6;4;3;0;10;25;0;5;0;4;20;0.6812157983887053;4;19;3;5;0;8;22;1.7381989359384042;6;2;5;3;0;3;7;-1.7118801581016863;4;24;13;4;3;2;2;2;2;1;2;10;17;6;9;25;6;3;3;8;6;2;6;4;14;5;2;17;25;6;1;3;4;13;1;1;5;9;1;21;-4.703083459155892;25;3;5;25
TRACK:651;542;563;3;0;5;0;5;1;6;4;3;0;10;25;0;5;0;4;20;0.645115706562894;4;24;3;5;0;8;22;1.8004489927088398;6;1;19;24;4;3;2;2;2;2;1;2;10;17;6;9;25;6;3;3;8;6;2;6;4;14;5;2;17;21;6.291213416371669;6;1;3;2;0;21;-8.615295463753146;17;2;13;19;1;1;5;24;1;20;0.6812157983887053;25;3;5;25
TRACK:652;509;489;3;0;5;0;5;1;6;5;2;17;21;6.304053572782502;0;5;0;4;20;0.6757035951212185;4;19;3;5;0;8;22;1.7737653774675808;6;2;5;3;0;3;7;-1.7577624029895191;4;24;13;4;3;2;2;2;2;1;2;10;17;6;9;25;6;3;3;8;6;2;6;4;14;5;2;17;21;6.378544981383671;6;1;3;2;0;21;-8.89127796906232;11;2;13;19;1;1;5;24;1;21;-4.828989826537952;25;3;5;25
TRACK:653;509;489;3;0;5;0;5;1;6;4;3;0;10;25;0;5;0;4;20;0.5944776144782205;4;24;3;5;0;10;22;1.6521541418814543;6;2;5;3;0;3;7;-1.9347451502148856;4;24;13;4;3;2;2;2;2;1;2;10;11;6;9;25;6;3;3;8;6;2;6;4;14;5;2;17;21;6.304053572782502;6;1;3;2;0;21;-8.942458218385559;11;2;13;19;1;1;5;24;1;21;-4.903815446000335;25;3;5;25
TRACK:654;566;547;3;0;5;0;5;1;6;4;3;0;10;25;0;5;0;4;20;0.7351769399066475;4;24;3;5;0;8;22;1.9178699543291196;6;2;5;3;5;24;13;4;3;2;2;2;2;1;2;10;11;6;9;4;3;24;6;3;3;8;6;2;6;4;14;6;10;6;1;3;2;0;21;-8.826652726924944;11;2;13;9;1;1;5;25;5;8;3;5;25
TRACK:655;566;547;3;0;5;0;5;1;6;4;3;0;10;25;0;5;0;4;20;0.6163724510451069;4;24;3;5;0;8;22;1.781538475512475;6;1;19;24;4;3;2;2;2;2;1;2;10;17;6;9;25;6;3;3;8;25;6;1;3;2;0;21;-8.798170546052466;11;2;13;19;1;1;5;24;1;21;-4.909247867364276;25;3;5;25
TRACK:656;526;489;3;0;5;0;5;1;6;4;3;0;10;25;0;5;0;4;20;0.6317182326717258;4;24;3;5;0;8;22;1.9211733964180546;6;2;5;3;0;3;7;-1.9035107509581097;4;24;13;2;2;1;2;10;11;6;9;25;6;3;3;8
TRACK:657;526;489;3;0;5;0;5;1;6;4;3;0;10;25;0;5;0;4;20;0.5944776144782205;4;24;3;5;0;8;22;1.6521541418814543;6;2;5;3;0;3;7;-1.9347451502148856;4;24;13;4;3;2;2;2;2;1;2;10;11;6;9;25;6;3;3;8;6;2;6;4;14;4;24;6;1;3;2;0;21;-8.942458218385559;11;2;13;19;1;1;5;24;1;21;-4.903815446000335;25;3;5;25
TRACK:658;567;509;3;0;5;0;21;-4.828989826537952;6;2;5;3;0;3;7;-1.955386870631307;4;24;13;4;3;2;2;2;2;1;2;10;11;6;9;25;6;3;3;8;6;2;6;4;14;5;2;17;21;6.262568272526572;6;1;3;2;0;21;-8.749035212796752;24;2;13;20;-4.280543820769656;1;1;5;24;1;21;-4.712273777889777;25;3;5;25
TRACK:659;567;509;3;0;5;0;5;1;6;4;3;0;10;25;0;5;0;4;20;0.6757035951212185;4;19;3;5;0;8;22;1.7737653774675808;6;2;5;3;0;3;7;-1.7577624029895191;4;24;13;4;3;2;2;2;2;1;2;10;17;6;9;25;6;3;3;8;6;2;17;21;6.262568272526572;6;1;3;2;0;21;-8.89127796906232;11;2;13;19;1;1;5;24;1;21;-4.828989826537952;25;3;5;25
TRACK:660;650;-1;3;0;5;0;5;1;6;4;3;0;10;25;0;5;0;4;20;0.6769868159648995;4;19;3;5;0;8;22;1.7048597694441787;6;2;5;3;0;3;7;-1.4209846275663578;4;24;13;4;3;2;2;2;2;1;2;10;17;6;9;25;6;3;0;12;9;6;2;6;4;14;5;2;17;25;6;1;3;4;13;1;1;5;9;1;21;-4.760303059211685;25;3;5;25
TRACK:661;652;-1;3;0;5;0;5;1;6;5;2;17;21;6.278911692958476;0;5;0;4;20;0.5559118238501967;4;19;3;5;0;8;22;1.688371237631418;6;2;5;3;0;3;7;-1.8003360329310922;4;24;13;4;6;0;0;0;17;16;6;17;1;3;12;4;17
TRACK:662;654;-1;3;0;5;0;5;1;6;4;3;0;10;25;0;5;0;4;20;0.7471772376506138;4;24;3;5;0;8;22;1.8431047166568613;6;2;5;3;5;24;13;4;3;2;2;2;2;1;2;10;11;6;9;4;3;24;2;6;6;7;2.195927558832093;4;4;24;6;2;6;4;14;6;10;6;1;3;2;0;21;-8.762364856638454;11;2;13;9;1;1;5;25;5;8;3;5;25
TRACK:663;526;-1;3;0;5;0;5;1;6;4;3;0;10;25;0;5;0;4;20;0.5784931483355209;4;24;3;5;0;8;22;1.758386079860731;6;2;5;3;0;3;7;-1.8403946975475196;4;18;13;4;3;2;2;2;2;1;2;10;11;6;9;4;3;24;6;3;3;8;6;2;6;4;14;6;10;6;1;3;2;0;21;-9.019085152029096;11;2;13;19;1;1;5;24;5;8;3;5;25
TRACK:664;658;-1;3;0;5;0;21;-4.83073452124482;6;2;5;3;0;3;7;-2.009843579533524;4;24;13;4;3;2;2;2;2;1;2;10;11;6;9;25;6;3;3;8;6;2;6;4;14;3;12;6;1;3;2;0;21;-9.063169260087582;24;2;13;20;-4.07594225990086;1;1;5;24;1;21;-4.827983896129934;25;3;5;25
TRACK:665;651;-1;3;0;5;0;5;1;6;4;3;0;10;25;0;5;0;4;20;0.43980169202819086;4;24;3;5;0;8;22;1.7695883909217462;6;1;19;24;4;3;2;2;2;2;1;2;10;17;6;9;25;6;3;3;8;6;1;2;3;15;5;9;1;0;24;8;0;7;8.697369488276998;20;-4.954789863166291;6;1;3;2;0;21;-8.544226310414745;17;2;13;19;1;1;5;24;1;20;0.6377252657786286;25;3;5;25
TRACK:666;653;-1;3;0;5;0;5;1;6;4;3;0;10;25;0;5;0;4;20;0.5802226652135667;4;24;3;5;0;10;22;1.6731211490651143;6;2;5;3;0;3;7;-1.817793229125169;4;24;13;4;5;3;0;0;1;1;3;7;-0.22647267175019437;5;17;1;4;23;6.56445418014119;2;16;18;5;5;3;13;3;3;6;3;20;-8.24236885292444
TRACK:667;655;-1;3;0;5;0;5;1;6;4;3;0;10;25;0;5;0;4;20;0.592757907374077;4;24;3;5;0;8;24;6;1;19;24;4;3;2;2;2;2;1;2;10;17;6;9;25;6;3;3;8;25;6;1;3;2;0;21;-8.739530251019083;11;2;13;19;1;1;5;24;1;21;-4.990549506931037;25;3;5;25
TRACK:668;489;-1;3;0;5;0;5;1;6;4;3;0;10;25;0;5;0;4;20;0.5517860010106149;4;24;3;5;0;8;22;1.6102487100128484;6;2;5;3;0;3;7;-1.9853821727336347;4;24;13;4;3;2;2;2;2;1;2;10;11;6;9;25;6;3;3;8;6;2;6;4;14;5;2;17;21;6.277635888487516;6;1;3;2;2;22;-6.600681020904431;16;2;13;19;1;1;5;24;1;21;-5.033360422483468;25;3;5;25
TRACK:669;659;-1;3;0;5;0;5;1;6;4;3;0;10;25;0;5;0;4;20;0.7419574863195098;4;19;3;5;0;8;22;1.6882571232805266;6;2;5;3;0;3;7;-1.7722919598558773;4;24;13;4;3;2;2;2;2;1;2;8;17;6;9;25;6;3;3;8;6;2;17;21;6.146009550616544;6;1;3;2;0;21;-9.160584321456598;11;2;13;19;1;1;5;24;1;21;-4.812761743681242;25;3;5;25
EVAL_INSTANCE:33:0:660
EVAL_INSTANCE:33:1:661
EVAL_INSTANCE:33:2:662
EVAL_INSTANCE:33:3:663
EVAL_INSTANCE:33:4:664
EVAL_INSTANCE:33:5:665
EVAL_INSTANCE:33:6:666
EVAL_INSTANCE:33:7:667
EVAL_INSTANCE:33:8:668
EVAL_INSTANCE:33:9:669
RUN_RESULT:33:0:0:2000:----
RUN_RESULT:33:1:0:2000:----
RUN_RESULT:33:2:0:2000:----
RUN_RESULT:33:3:0:10:UUUURULULL
RUN_RESULT:33:4:0:2000:----
RUN_RESULT:33:5:0:2000:----
RUN_RESULT:33:6:0:2000:----
RUN_RESULT:33:7:0:2000:----
RUN_RESULT:33:8:0:10:UUUURULULL
RUN_RESULT:33:9:0:1150:UUUULLRLULLL
    34 |      340 | -3.990000E+03 | -3.990000E+03
TRACK:670;542;489;3;0;5;0;5;1;6;4;3;20;0.5944776144782205;0;5;0;4;20;0.6812157983887053;4;19;3;5;0;8;22;1.7381989359384042;6;2;5;3;0;3;7;-1.7118801581016863;4;24;13;4;3;2;2;2;2;1;2;10;17;6;9;25;6;3;3;8;6;2;6;4;14;5;2;17;21;6.399232195658325;6;1;3;4;13;1;1;5;9;1;21;-4.703083459155892;25;3;5;25
TRACK:671;542;489;3;0;5;0;5;1;6;4;3;0;10;25;0;5;0;4;20;0.5944776144782205;2;10;17;3;5;0;8;22;1.6521541418814543;6;2;5;3;0;3;7;-1.9347451502148856;4;24;13;4;3;2;2;2;2;1;2;10;11;6;9;25;6;3;3;8;6;2;6;4;14;5;2;17;21;6.304053572782502;6;1;3;2;0;21;-8.942458218385559;11;2;13;19;1;1;5;24;1;21;-4.903815446000335;25;3;5;25
TRACK:672;566;381;3;0;5;0;5;1;6;4;3;0;10;25;0;5;0;4;20;0.7351769399066475;4;24;3;5;0;8;22;1.9178699543291196;6;2;5;3;0;3;7;-1.835310306323171;4;24;13;4;3;2;2;2;2;1;2;10;11;6;9;4;3;24;6;3;3;8;6;2;6;4;14;6;10;6;1;3;2;0;21;-8.826652726924944;11;20;-8.731021694943875;1;1;5;25;5;8;3;5;25
TRACK:673;566;381;3;0;5;0;5;1;6;4;3;0;10;25;0;5;0;4;20;0.5334300884931266;4;24;3;5;0;25;22;1.7958792404530506;6;2;5;3;0;3;7;-1.884791555238767;4;24;13;4;3;2;2;2;2;1;2;10;11;6;9;4;3;24;6;3;3;8;6;2;6;4;14;5;2;17;21;6.202527850922802;6;1;3;2;0;21;-8.998512119765355;11;2;13;19;1;1;5;24;5;20;-8.731021694943875;3;5;25
TRACK:674;509;542;3;0;5;0;5;1;6;4;3;0;10;25;0;5;0;4;20;0.6757035951212185;4;19;3;5;0;8;22;1.7737653774675808;6;2;5;3;0;3;7;-1.7577624029895191;4;24;13;4;3;2;2;2;2;14;25;6;3;3;8;6;2;6;4;14;5;2;17;21;6.378544981383671;6;1;3;2;0;21;-8.89127796906232;11;2;13;19;1;1;5;24;1;21;-4.828989826537952;25;3;5;25
TRACK:675;509;542;3;14
TRACK:676;547;526;3;0;5;0;5;1;6;4;3;0;10;25;0;5;0;4;20;0.6163724510451069;4;24;3;5;0;8;22;1.781538475512475;6;1;19;24;4;3;2;2;2;2;1;0;21;-8.940042557827399;11;6;9;25;6;3;3;8;6;2;6;4;14;5;2;17;21;6.413665836382024;6;1;3;2;0;21;-8.798170546052466;11;2;13;19;1;1;5;24;1;21;-4.909247867364276;25;3;5;25
TRACK:677;547;526;3;0;5;0;5;1;6;4;3;0;10;25;0;5;0;8;4;24;3;5;0;8;22;1.9211733964180546;6;2;5;3;0;3;7;-1.9035107509581097;4;24;13;4;3;2;2;2;2;1;2;10;11;6;9;4;3;24;6;3;3;8;6;2;6;4;14;6;10;6;1;3;2;0;21;-8.940042557827399;11;2;13;19;1;1;5;24;5;8;3;5;25
TRACK:678;381;563;3;0;5;0;5;1;6;4;3;0;10;25;0;5;0;4;20;0.5334300884931266;4;24;3;5;0;8;22;1.7958792404530506;6;2;5;3;0;3;7;-1.884791555238767;4;24;13;4;3;2;2;2;2;1;2;10;11;6;21;-8.615295463753146;4;3;24;6;3;3;8;6;2;6;4;14;5;2;17;21;6.202527850922802;6;1;3;2;0;21;-8.998512119765355;11;2;13;19;1;1;5;24;5;20;-8.731021694943875;3;5;25
TRACK:679;381;563;3;0;5;0;5;1;6;4;3;0;10;25;0;5;0;4;20;0.645115706562894;4;24;3;5;0;8;22;1.8004489927088398;6;1;19;24;4;3;2;2;2;2;1;2;10;17;6;9;25;6;3;24;6;2;6;4;14;5;2;17;21;6.291213416371669;6;1;3;2;0;21;-8.615295463753146;17;2;13;19;1;1;5;24;1;21;-4.768306165220745;25;3;5;25
TRACK:680;670;-1;3;0;2;5;4;3;5;5;6;12;0;1;1;2;2;2;13;8;4;10;2;3;16;3;7;-9.188584876326587;6;5;6;11;3;4;3;5;10;1;1;3;3;4;22;3.560697971296765;6;3;0;21;3.084227051015292;19;3;4;5;0;23;1.9543607129895193;12;4;3;2;2;2;2;1;2;10;17;6;9;25;6;3;3;8;6;2;6;4;14;5;2;17;21;6.347625839339927;6;1;3;4;13;1;1;5;9;1;21;-4.599333462711805;25;3;5;25
TRACK:681;672;-1;3;0;5;0;5;1;6;4;3;0;10;25;0;5;0;4;20;0.741010585946269;4;24;3;5;0;8;22;1.9021092589925757;6;2;5;3;0;3;7;-1.747063246873505;4;24;13;4;3;2;2;2;2;1;2;10;11;6;9;4;3;24;6;3;3;8;6;2;6;4;14;6;10;6;1;3;2;0;21;-8.743201471844626;11;5;16;1;1;5;25;5;8;3;5;25
TRACK:682;674;-1;3;0;5;0;5;1;6;4;3;0;10;25;0;5;0;4;20;0.8092982092933403;4;19;3;5;1;20;-9.641177879221756;8;6;2;5;3;0;3;7;-1.7287157937310167;4;24;13;4;3;2;2;2;2;14;25;6;3;3;8;6;2;6;4;14;5;2;17;21;6.4009305491681605;6;1;3;2;0;21;-9.023838821632538;11;2;13;19;1;1;5;24;1;21;-4.71907257513794;25;3;5;25
TRACK:683;676;-1;3;0;5;0;5;1;6;4;3;0;10;25;0;5;0;4;20;0.583790096021604;4;24;3;5;0;8;22;1.8758125015321376;6;1;19;24;4;3;2;2;2;2;1;0;21;-8.790515646609258;11;6;9;25;6;3;3;8;6;2;6;4;14;5;2;17;21;6.380712348057068;6;1;3;2;0;13;11;2;13;19;1;1;5;24;1;21;-4.721029145788052;25;3;5;25
TRACK:684;678;-1;3;0;5;0;5;1;6;4;3;0;10;25;0;5;0;4;20;0.6695818342395029;4;24;3;5;0;8;22;1.655152075505073;6;2;5;3;0;3;7;-2.0360619672292084;4;24;13;4;3;2;2;2;2;1;2;10;11;3;9;4;3;24;6;3;3;8;6;2;6;4;14;5;2;17;21;6.061961464440696;6;1;3;2;0;21;-9.049960686517723;11;2;13;19;1;1;5;24;5;20;-8.945153999362521;3;5;25
TRACK:685;671;-1;3;0;5;0;5;1;6;4;3;0;10;25;0;5;0;4;20;0.6180183203568143;2;10;17;3;5;0;8;22;1.6441307976527972;6;2;5;3;0;3;7;-1.9690977936770033;4;24;13;4;3;2;2;2;2;0;23;-1.3267154826036958;14;25;6;3;3;8;6;2;6;4;14;5;2;17;21;6.407498180491339;6;1;3;2;0;21;-9.052755829528769;11;2;13;19;1;1;5;24;1;21;-4.754968407700732;25;3;5;25
TRACK:686;673;-1;3;0;5;0;5;1;6;4;3;0;10;25;0;5;0;4;20;0.43211714834897763;4;24;3;5;0;25;22;1.780038492810508;6;2;5;3;0;3;7;-1.8607865275228805;4;24;13;4;3;2;2;2;2;1;2;10;11;6;9;4;3;24;6;3;3;8;6;2;6;4;14;5;2;17;21;6.2347726005684025;6;1;3;2;0;9;11;2;13;19;1;1;5;24;5;20;-8.834857007345393;3;5;25
TRACK:687;675;-1;3;6;3;1;6;20;1.7911413054727436;1;21;4.5460648551074065;13
TRACK:688;677;-1;3;0;5;3;6;4;2;3;1;21;0.037957219735819336;17;0;4;12;0;18;24;4;3;2;2;2;2;1;2;10;11;6;9;4;3;24;6;3;3;8;6;2;6;4;14;6;10;6;1;3;2;0;21;-8.948735419519537;11;2;13;19;1;1;5;24;5;8;3;5;25
TRACK:689;679;-1;3;0;5;0;5;1;6;4;3;0;10;25;0;5;0;4;20;0.4873231853577913;4;24;3;5;0;8;22;1.9285375454955647;6;1;19;24;4;3;2;2;2;2;1;2;10;17;6;9;25;6;3;24;6;2;6;4;14;5;2;17;21;6.392080617320475;6;1;0;18;25;1;1;5;24;1;21;-4.700876683385414;25;3;5;25
EVAL_INSTANCE:34:0:680
EVAL_INSTANCE:34:1:681
EVAL_INSTANCE:34:2:682
EVAL_INSTANCE:34:3:683
EVAL_INSTANCE:34:4:684
EVAL_INSTANCE:34:5:685
EVAL_INSTANCE:34:6:686
EVAL_INSTANCE:34:7:687
EVAL_INSTANCE:34:8:688
EVAL_INSTANCE:34:9:689
RUN_RESULT:34:0:0:2000:----
RUN_RESULT:34:1:0:10:UUUURULULL
RUN_RESULT:34:2:0:1167:UUUULLRLULLL
RUN_RESULT:34:3:0:2000:----
RUN_RESULT:34:4:0:2000:----
RUN_RESULT:34:5:0:2000:----
RUN_RESULT:34:6:0:10:UUUURULULL
RUN_RESULT:34:7:0:2000:----
RUN_RESULT:34:8:0:2000:----
RUN_RESULT:34:9:0:10:UUUURULULL
    35 |      350 | -3.990000E+03 | -3.990000E+03
TRACK:690;526;381;3;0;5;0;5;1;6;4;3;0;10;25;0;5;0;4;20;0.6317182326717258;4;24;3;5;0;8;22;1.9211733964180546;6;19;4;3;2;2;2;2;1;2;10;11;6;9;4;3;24;6;3;3;8;6;2;6;4;14;6;10;6;1;3;2;0;21;-8.940042557827399;11;2;13;19;1;1;5;24;5;8;3;5;25
TRACK:691;526;381;3;0;5;0;5;1;6;4;3;0;10;25;0;5;0;4;20;0.5334300884931266;4;24;3;5;0;8;22;1.7958792404530506;6;2;5;3;0;3;7;-1.884791555238767;4;24;25;4;3;2;2;2;2;1;2;10;11;6;9;4;3;24;6;3;3;8;6;2;6;4;14;5;2;17;21;6.202527850922802;6;1;3;2;0;21;-8.998512119765355;11;2;13;19;1;1;5;24;5;20;-8.731021694943875;3;5;25
TRACK:692;547;566;3;0;5;0;5;1;6;4;3;0;10;25;0;5;0;4;20;0.6163724510451069;4;24;3;5;0;8;22;1.781538475512475;6;1;19;24;4;3;2;2;2;2;1;2;10;17;6;9;25;25;6;2;6;4;14;5;2;17;21;6.413665836382024;6;1;3;2;0;21;-8.798170546052466;11;2;13;19;1;1;5;24;1;21;-4.909247867364276;25;3;5;25
TRACK:693;547;566;3;0;5;0;5;1;6;0;21;-8.798170546052466;11;0;5;0;4;20;0.7351769399066475;4;24;3;5;0;8;22;1.9178699543291196;6;2;5;3;0;3;7;-1.835310306323171;4;24;13;4;3;2;2;2;2;1;2;10;11;6;9;4;3;24;6;3;3;8;6;2;6;4;14;6;10;6;1;3;2;0;21;-8.826652726924944;11;2;13;9;1;1;5;25;5;8;3;5;25
TRACK:694;489;563;3;0;5;0;5;1;6;4;3;0;10;25;0;5;0;4;20;0.5944776144782205;4;24;3;5;0;8;22;1.6521541418814543;6;2;5;3;0;3;7;-1.9347451502148856;4;24;13;4;3;2;2;2;2;1;2;10;11;6;9;25;6;3;3;8;6;2;6;4;14;5;2;17;21;6.304053572782502;6;1;3;2;0;21;-8.942458218385559;11;2;13;19;1;1;21;-8.615295463753146;1;21;-4.903815446000335;25;3;5;25
TRACK:695;489;563;3;0;5;0;5;1;6;4;3;0;10;25;0;5;0;4;20;0.645115706562894;4;24;3;5;0;8;22;1.8004489927088398;6;1;19;24;4;3;2;2;2;2;1;2;10;17;6;9;25;6;3;3;8;6;2;6;4;14;5;2;17;21;6.291213416371669;6;1;3;2;0;21;-8.615295463753146;17;2;8;19;1;1;5;24;1;21;-4.768306165220745;25;3;5;25
TRACK:696;381;561;3;0;5;0;5;1;6;4;3;0;10;25;0;5;0;4;20;0.5334300884931266;4;24;3;5;0;8;22;1.7958792404530506;6;2;5;3;0;3;7;-1.884791555238767;4;24;13;4;3;2;2;2;2;1;2;10;11;6;9;4;3;24;6;3;3;8;6;2;6;4;14;5;2;17;21;6.202527850922802;6;1;0;4;20;0.6297388137510807;4;24;1;1;5;24;5;20;-8.731021694943875;3;5;25
TRACK:697;381;561;3;0;5;0;5;1;6;4;3;0;10;25;0;5;0;4;20;0.6297388137510807;4;24;3;5;0;13;22;1.6387679997652442;6;2;5;3;0;3;7;-1.9983925114321415;4;24;13;4;3;2;2;2;2;1;2;10;11;6;9;25;6;3;3;8;6;2;6;4;14;5;2;17;21;6.171067081651891;6;1;3;2;0;21;-8.979766359132212;19;2;13;19;1;1;5;24;1;21;-4.778116458091936;25;3;0;25;24
TRACK:698;509;567;3;0;5;0;5;1;6;4;3;0;10;25;0;5;0;4;20;0.6757035951212185;4;19;3;5;0;8;22;1.7737653774675808;6;2;5;3;0;3;7;-1.7577624029895191;4;24;13;4;3;2;2;2;2;1;2;10;17;6;9;25;6;3;3;8;6;2;6;24;5;2;17;21;6.378544981383671;6;1;3;2;0;21;-8.89127796906232;11;2;13;19;1;1;5;24;1;21;-4.828989826537952;25;3;5;25
TRACK:699;509;567;3;0;5;0;8;6;2;5;3;0;3;7;-1.955386870631307;4;24;13;4;3;2;2;2;2;1;2;10;11;6;9;25;6;3;3;8;6;2;6;4;14;5;2;17;21;6.262568272526572;6;1;3;2;0;21;-8.749035212796752;24;2;13;20;-4.280543820769656;1;1;5;24;1;21;-4.712273777889777;25;3;5;25
TRACK:700;690;-1;3;0;5;0;5;1;6;4;3;0;10;25;0;5;0;4;16;4;24;3;5;0;8;22;1.8564928987768916;6;19;4;3;2;2;2;2;1;2;10;11;6;9;4;3;24;6;3;3;8;6;2;6;4;14;6;10;6;1;3;2;0;21;-8.876535079864153;11;2;13;19;1;1;5;24;5;8;3;5;25
TRACK:701;692;-1;3;0;5;0;5;1;6;4;3;0;10;25;0;6;14;3;5;0;8;22;1.7112668469951398;6;1;19;24;4;3;2;2;2;2;1;2;10;17;6;9;25;25;6;2;6;4;14;5;2;17;21;6.41179347021613;6;1;3;2;0;21;-8.883496906041199;11;2;13;19;1;1;5;24;1;21;-4.742661022606164;25;3;5;25
TRACK:702;694;-1;3;0;5;0;5;1;6;4;3;0;10;25;0;5;0;4;20;0.5494147679883923;4;24;3;5;0;8;22;1.6505238141884;6;2;5;3;0;3;7;-1.8986577402741787;4;24;13;4;3;2;2;2;2;1;2;10;11;6;23;-7.886328741230548;25;6;3;3;8;6;2;6;4;14;5;2;17;21;6.223163417964439;6;1;3;2;0;21;-8.86497582821398;11;2;13;19;1;1;21;-8.592271709727752;1;21;-4.904358600055613;25;3;5;25
TRACK:703;381;-1;3;0;5;0;5;1;6;4;3;0;10;25;0;4;6;13;3;5;0;8;22;1.6725835950723824;6;2;5;3;0;3;7;-1.9100647192227942;4;24;13;4;3;2;2;2;2;1;2;10;11;6;9;4;3;24;6;3;3;8;6;2;6;4;14;5;2;17;21;6.269311786200528;6;1;3;2;0;21;-8.975425936644791;11;2;13;19;1;1;5;24;5;20;-8.781310940263241;3;5;25
TRACK:704;698;-1;3;0;5;0;5;1;6;4;3;0;10;25;0;5;0;4;20;0.674334892198274;4;19;3;5;0;8;22;1.8343720718155168;6;2;5;3;0;3;7;-1.6998258435956652;4;24;13;4;3;2;2;2;2;1;2;10;17;6;9;25;6;3;3;8;6;2;6;1;20;-5.322950248026961;10;5;2;17;21;6.26900865077251;6;1;3;2;0;21;-8.89305591438152;11;2;13;19;1;1;5;24;1;21;-4.876554080748046;25;3;5;25
TRACK:705;691;-1;3;0;5;0;5;1;6;4;3;0;10;25;0;5;0;4;20;0.45242502423263936;4;24;3;5;0;8;22;1.8566205647546783;6;2;5;3;0;3;7;-1.9348647618017967;4;24;25;4;3;2;2;2;2;1;2;10;11;6;9;4;3;24;6;3;3;8;6;2;6;4;14;5;2;17;21;6.035295431255382;6;1;3;2;0;21;-9.039068709481855;11;2;13;19;4;5;22;5.796174184824469
TRACK:706;693;-1;3;0;5;0;5;1;6;0;21;-8.906670281489093;11;0;5;0;4;20;0.9573338983935245;4;24;3;5;0;8;22;2.0273314863110925;6;2;5;3;0;3;7;-1.9174047939276306;4;24;13;4;3;2;2;2;2;1;2;10;11;2;22;-9.448385582188031;7;1.794484663732014;4;3;24;6;3;3;8;6;2;6;4;14;6;10;6;1;3;2;0;21;-8.7925979746482;11;2;13;9;1;1;5;25;5;8;3;5;25
TRACK:707;695;-1;3;0;5;0;1;17;14;6;1;19;24;4;3;2;2;2;2;1;2;10;17;6;9;25;6;3;3;8;6;2;6;4;14;5;2;17;21;6.14881928195576;6;1;3;2;0;21;-8.63258810958674;17;2;8;19;1;1;5;24;1;21;-4.763304462332339;25;3;5;25
TRACK:708;561;-1;3;0;5;0;5;1;6;4;3;0;10;25;0;5;0;4;20;0.7279826911760431;4;24;3;5;0;8;22;1.6297344539792897;6;2;5;3;0;3;7;-1.8871183819501858;4;24;1;6;2;4;25;6;23;-1.0665618784159783;6;4;3;16;4;3;2;2;2;2;1;2;10;11;6;9;25;6;3;3;8;6;2;6;4;14;5;2;17;21;6.223545899625368;6;1;3;2;0;21;-8.831613129367716;19;2;13;19;1;1;5;24;1;21;-4.979344859438621;25;3;0;25;24
TRACK:709;699;-1;3;0;5;0;8;6;2;5;3;0;3;7;-1.830824106027338;4;24;13;4;3;2;2;2;2;1;2;10;11;6;9;25;6;3;3;8;6;2;6;4;14;5;2;17;21;6.251304714618867;6;5;3;3;8
EVAL_INSTANCE:35:0:700
EVAL_INSTANCE:35:1:701
EVAL_INSTANCE:35:2:702
EVAL_INSTANCE:35:3:703
EVAL_INSTANCE:35:4:704
EVAL_INSTANCE:35:5:705
EVAL_INSTANCE:35:6:706
EVAL_INSTANCE:35:7:707
EVAL_INSTANCE:35:8:708
EVAL_INSTANCE:35:9:709
RUN_RESULT:35:0:0:2000:----
RUN_RESULT:35:1:0:2000:----
RUN_RESULT:35:2:0:1150:UUUULLRLULLL
RUN_RESULT:35:3:0:2000:----
RUN_RESULT:35:4:0:99:UUUULLRLULLL
RUN_RESULT:35:5:0:2000:----
RUN_RESULT:35:6:0:2000:----
RUN_RESULT:35:7:0:2000:----
RUN_RESULT:35:8:0:10:UUUURULULL
RUN_RESULT:35:9:0:2000:----
    36 |      360 | -3.990000E+03 | -3.990000E+03
TRACK:710;567;542;3;0;5;0;5;1;6;4;3;0;10;25;0;5;0;4;20;0.554959567811991;4;24;3;5;0;8;22;1.5847910097815714;6;2;5;3;0;3;7;-1.955386870631307;4;24;13;4;3;2;2;2;2;1;2;10;11;6;9;25;6;19;6;2;6;4;14;5;2;17;21;6.262568272526572;6;1;3;2;0;21;-8.749035212796752;24;2;13;20;-4.280543820769656;1;1;5;24;1;21;-4.712273777889777;25;3;5;25
TRACK:711;567;542;3;0;5;0;5;1;6;4;3;0;10;25;0;5;0;4;20;0.6812157983887053;4;19;3;5;0;8;7;-1.955386870631307;6;2;5;3;0;3;7;-1.7118801581016863;4;24;13;4;3;2;2;2;2;1;2;10;17;6;9;25;6;3;3;8;6;2;6;4;14;5;2;17;21;6.399232195658325;6;1;3;4;13;1;1;5;9;1;21;-4.703083459155892;25;3;5;25
TRACK:712;566;509;3;0;5;0;5;1;6;4;3;0;10;25;0;5;0;4;20;0.7351769399066475;4;24;3;5;0;8;22;1.9178699543291196;6;2;5;3;0;3;7;-1.835310306323171;4;24;13;4;3;2;2;2;2;1;2;10;11;6;9;4;3;24;6;3;3;8;6;2;6;4;14;6;10;6;1;3;2;0;21;-8.826652726924944;11;2;19;9;1;1;5;25;5;8;3;5;25
TRACK:713;566;509;3;0;5;0;5;1;6;4;3;0;10;25;0;5;0;4;20;0.6757035951212185;4;19;3;5;0;8;22;1.7737653774675808;6;2;5;3;0;3;7;-1.7577624029895191;4;24;13;4;3;2;2;2;2;1;2;10;17;6;9;25;6;3;3;8;6;2;6;4;14;5;9;6;1;3;2;0;21;-8.89127796906232;11;2;13;19;1;1;5;24;1;21;-4.828989826537952;25;3;5;25
TRACK:714;381;509;3;0;5;0;5;1;6;4;3;0;10;25;0;5;0;4;20;0.5334300884931266;4;24;3;5;0;8;22;1.7958792404530506;6;2;5;3;0;3;7;-1.884791555238767;4;24;13;4;3;2;2;2;2;1;2;10;11;6;9;4;3;24;6;3;3;8;6;2;6;4;14;5;2;17;21;6.202527850922802;6;25
TRACK:715;381;509;3;0;5;0;5;1;6;4;3;0;10;25;0;5;0;4;20;0.6757035951212185;4;19;3;5;0;8;22;1.7737653774675808;6;2;5;3;0;3;7;-1.7577624029895191;4;24;13;4;3;2;2;2;2;1;2;10;17;6;9;25;6;3;3;8;6;2;6;4;14;5;2;17;21;6.378544981383671;6;24
TRACK:716;567;526;3;0;5;0;5;1;6;4;3;0;10;25;0;5;0;4;20;0.554959567811991;0;21;-8.940042557827399;11;3;5;0;8;22;1.5847910097815714;6;2;5;3;0;3;7;-1.955386870631307;4;24;13;4;3;2;2;2;2;1;2;10;11;6;9;25;6;3;3;8;6;2;6;4;14;5;2;17;21;6.262568272526572;6;1;3;2;0;21;-8.749035212796752;24;2;13;20;-4.280543820769656;1;1;5;24;1;21;-4.712273777889777;25;3;5;25
TRACK:717;567;526;3;0;5;0;5;1;6;4;3;0;10;25;0;5;0;4;20;0.6317182326717258;4;24;3;8;6;2;5;3;0;3;7;-1.9035107509581097;4;24;13;4;3;2;2;2;2;1;2;10;11;6;9;4;3;24;6;3;3;8;6;2;6;4;14;6;10;6;1;3;2;0;21;-8.940042557827399;11;2;13;19;1;1;5;24;5;8;3;5;25
TRACK:718;563;561;3;0;5;0;5;1;6;4;3;0;10;25;0;5;0;4;20;0.645115706562894;4;24;3;5;0;8;22;1.8004489927088398;6;1;19;24;4;3;2;2;2;2;1;2;10;17;6;9;25;6;3;3;8;6;20;0.6297388137510807;6;1;3;2;0;21;-8.615295463753146;17;2;13;19;1;1;5;24;1;21;-4.768306165220745;25;3;5;25
TRACK:719;563;561;3;0;5;0;5;1;6;4;3;0;10;25;0;5;0;4;20;0.6297388137510807;4;24;3;5;0;8;22;1.6387679997652442;6;2;5;3;0;3;7;-1.9983925114321415;4;24;13;4;3;2;2;2;2;1;2;10;11;6;9;25;6;3;3;8;1;19;24;6;1;3;2;0;21;-8.979766359132212;19;2;13;19;1;1;5;24;1;21;-4.778116458091936;25;3;0;25;24
TRACK:720;710;-1;3;0;5;0;5;1;6;4;3;0;10;25;0;5;0;4;20;0.5062861312757809;4;24;3;5;0;8;22;1.5953970267552966;6;2;5;3;0;3;7;-1.9403167259000331;4;24;13;4;3;2;2;2;2;1;2;10;11;6;9;25;6;19;6;2;6;4;14;5;2;17;21;6.11490645066905;6;1;3;2;0;21;-8.697009700039871;12;2;13;20;-4.470016034641208;1;1;5;24;1;21;-4.478666981602846;25;3;5;25
TRACK:721;712;-1;3;0;5;0;5;1;6;4;3;0;10;25;0;5;0;4;20;0.6119344928181477;4;24;3;5;0;8;22;1.9184651591333373;6;2;5;3;0;3;7;-2.0165035350774274;4;24;13;4;3;2;2;2;2;1;2;10;11;6;9;4;3;24;6;3;3;8;6;2;6;4;14;6;10;6;1;3;2;0;13;11;2;19;9;1;1;5;25;5;8;3;5;25
TRACK:722;714;-1;3;0;5;0;5;1;6;4;3;0;10;25;0;5;0;4;20;0.5969414822619148;4;24;3;5;0;8;22;1.9582363533666323;6;2;5;3;0;3;7;-2.0552905709017053;4;24;13;4;3;2;2;2;2;1;2;10;11;6;9;4;3;24;6;3;3;8;6;2;6;4;14;5;2;17;23;4.812706641902746;6;25
TRACK:723;716;-1;3;0;5;0;5;1;6;4;3;0;10;25;0;5;0;4;20;0.5568159038031293;0;21;-8.914230710621021;11;3;5;0;8;22;1.5816529394768541;6;2;5;3;0;3;7;-1.803857874076051;4;24;13;4;3;2;2;2;2;1;2;10;11;6;9;25;6;3;3;8;6;2;6;4;14;5;2;17;21;6.3411194333865515;6;1;3;2;0;21;-8.764851632848112;24;2;8;20;-4.113818662343417;1;1;5;24;1;21;-4.700824391196879;25;3;5;25
TRACK:724;718;-1;3;0;5;0;5;1;6;4;3;0;10;25;0;5;0;4;20;0.566263680843159;4;24;3;5;0;8;22;1.7002564975125969;6;1;19;24;4;3;2;2;2;2;1;2;10;17;6;9;25;6;3;3;8;6;20;0.6544323100988622;6;1;0;23;-5.284448335826546;10;1;1;5;24;1;21;-4.725829623245705;25;3;5;25
TRACK:725;711;-1;3;0;5;0;5;1;6;4;3;0;10;25;0;5;0;4;20;0.6753578338739915;4;19;3;5;0;8;7;-1.8734366804111853;6;2;5;3;0;3;7;-1.656280630421874;4;24;13;4;3;2;2;2;2;2;23;0.10289031883693944;13;25;6;3;3;8;6;2;6;4;14;5;2;17;21;6.31438163867008;6;1;3;4;13;1;1;5;9;1;21;-4.849095305875276;25;3;5;25
TRACK:726;713;-1;3;0;5;0;5;1;6;4;3;0;10;25;0;5;0;4;20;0.6805479522827164;4;19;3;5;0;8;22;1.82575016589581;6;2;5;3;0;3;7;-1.6972559580883706;4;24;13;4;3;2;2;2;2;1;2;10;17;6;9;25;6;3;3;8;6;2;6;4;14;5;9;6;1;3;2;0;21;-8.871140488583451;11;2;13;19;1;1;5;24;1;21;-4.799909100464348;25;3;4;21;1.7079334362338834
TRACK:727;715;-1;3;0;5;0;5;1;6;4;3;0;10;25;0;5;0;4;20;0.6596943459227694;4;19;3;5;0;8;22;1.547981091810107;6;2;5;3;1;3;22;5.877088025350201;5;25;13;4;3;2;2;2;2;1;2;10;17;6;9;25;6;3;3;8;6;2;6;4;14;5;2;17;21;6.470217000285292;6;24
TRACK:728;717;-1;3;0;5;0;5;1;6;4;3;0;10;25;0;5;0;4;20;0.7265905575954772;4;24;3;8;6;2;5;3;0;3;7;-1.8901075051229732;4;24;13;4;3;2;2;2;2;1;2;10;11;6;9;4;3;24;6;3;3;8;6;2;6;4;14;3;5;20;-0.3233979051852067;6;1;3;2;0;21;-9.090942871167737;11;2;13;19;1;1;5;24;5;8;3;5;25
TRACK:729;719;-1;3;0;5;0;5;1;6;0;24;24;0;5;0;4;20;0.675106414530517;4;24;3;5;0;8;22;1.6729628084237438;6;2;5;3;0;3;7;-1.9820627988654678;4;24;13;4;3;2;2;2;2;1;2;10;11;6;9;25;6;3;3;8;1;19;24;6;1;3;2;0;21;-8.984629785074002;19;2;13;19;1;1;5;24;1;21;-4.6373104215123755;25;3;0;25;24
EVAL_INSTANCE:36:0:720
EVAL_INSTANCE:36:1:721
EVAL_INSTANCE:36:2:722
EVAL_INSTANCE:36:3:723
EVAL_INSTANCE:36:4:724
EVAL_INSTANCE:36:5:725
EVAL_INSTANCE:36:6:726
EVAL_INSTANCE:36:7:727
EVAL_INSTANCE:36:8:728
EVAL_INSTANCE:36:9:729
RUN_RESULT:36:0:0:10:UUUURULULL
RUN_RESULT:36:1:0:10:UUUURULULL
RUN_RESULT:36:2:0:10:UUUURULULL
RUN_RESULT:36:3:0:19:UUUURULULL
RUN_RESULT:36:4:0:2000:----
RUN_RESULT:36:5:0:2000:----
RUN_RESULT:36:6:0:10:UUUURULULL
RUN_RESULT:36:7:0:2000:----
RUN_RESULT:36:8:0:2000:----
RUN_RESULT:36:9:0:2000:----
    37 |      370 | -3.990000E+03 | -3.990000E+03
TRACK:730;542;547;3;0;3;0;10;25;4;3;2;2;2;2;1;2;10;17;6;9;25;6;3;3;8;6;2;6;4;14;5;2;17;21;6.399232195658325;6;1;3;4;13;1;1;5;9;1;21;-4.703083459155892;25;3;5;25
TRACK:731;542;547;3;0;5;0;5;1;6;4;3;0;10;25;0;5;0;4;20;0.6163724510451069;4;24;3;5;0;8;22;1.781538475512475;6;1;8;24;4;3;2;2;2;2;1;2;10;17;6;9;25;6;3;3;8;6;2;6;4;14;5;2;17;21;6.413665836382024;6;1;3;2;0;21;-8.798170546052466;11;2;13;19;1;1;5;24;1;21;-4.909247867364276;25;3;5;25
TRACK:732;563;526;3;0;5;0;5;1;6;4;3;0;10;25;0;5;0;4;20;0.645115706562894;4;24;3;5;0;8;22;1.8004489927088398;6;1;19;24;3;0;10;25
TRACK:733;563;526;3;0;5;0;5;1;6;4;3;0;10;25;0;5;0;4;20;0.6317182326717258;4;24;3;5;0;8;22;1.9211733964180546;6;2;5;3;0;3;7;-1.9035107509581097;4;24;13;4;3;2;2;2;2;1;2;10;11;6;9;4;3;24;25;6;2;6;4;14;6;10;6;1;3;2;0;21;-8.940042557827399;11;2;13;19;1;1;5;24;5;8;3;5;25
TRACK:734;567;567;3;0;5;0;5;1;6;4;3;0;10;25;0;5;0;4;20;0.554959567811991;4;24;3;5;0;8;22;1.5847910097815714;6;2;5;3;0;3;7;-1.955386870631307;2;13;20;-4.280543820769656;13;4;3;2;2;2;2;1;2;10;11;6;9;25;6;3;3;8;6;2;6;4;14;5;2;17;21;6.262568272526572;6;1;3;2;0;21;-8.749035212796752;24;2;13;20;-4.280543820769656;1;1;5;24;1;21;-4.712273777889777;25;3;5;25
TRACK:735;567;567;3;0;5;0;5;1;6;4;3;0;10;25;0;5;0;4;20;0.554959567811991;4;24;3;5;0;8;22;1.5847910097815714;6;2;5;3;0;3;7;-1.955386870631307;4;24;13;4;3;2;2;2;2;1;2;10;7;-1.955386870631307;6;9;25;6;3;3;8;6;2;6;4;14;5;2;17;21;6.262568272526572;6;1;3;2;0;21;-8.749035212796752;24;2;13;20;-4.280543820769656;1;1;5;24;1;21;-4.712273777889777;25;3;5;25
TRACK:736;566;561;3;0;5;0;5;1;6;4;3;0;10;25;0;5;0;4;20;0.7351769399066475;4;24;3;0;25;24;6;2;5;3;0;3;7;-1.835310306323171;4;24;13;4;3;2;2;2;2;1;2;10;11;6;9;4;3;24;6;3;3;8;6;2;6;4;14;6;10;6;1;3;2;0;21;-8.826652726924944;11;2;13;9;1;1;5;25;5;8;3;5;25
TRACK:737;566;561;3;0;5;0;5;1;6;4;3;0;10;25;0;5;0;4;20;0.6297388137510807;4;24;3;5;0;8;22;1.6387679997652442;6;2;5;3;0;3;7;-1.9983925114321415;4;24;3;3;8;4;3;2;2;2;2;1;2;10;11;6;9;25;6;3;3;8;6;2;6;4;14;5;2;17;21;6.171067081651891;6;1;3;2;0;21;-8.979766359132212;19;2;13;19;1;1;5;24;1;21;-4.778116458091936;25;3;0;25;24
TRACK:738;526;489;3;0;5;0;5;1;6;4;3;0;10;25;0;5;0;4;20;0.6317182326717258;4;24;3;5;0;8;22;1.9211733964180546;6;2;5;3;0;3;7;-1.9035107509581097;4;24;13;4;3;2;2;2;2;1;2;10;11;6;9;4;3;24;6;3;3;8;6;2;13;6;10;6;1;3;2;0;21;-8.940042557827399;11;2;13;19;1;1;5;24;5;8;3;5;25
TRACK:739;526;489;3;0;5;0;5;1;6;4;3;0;10;25;0;5;5;24;3;5;0;8;22;1.6521541418814543;6;2;5;3;0;3;7;-1.9347451502148856;4;24;13;4;3;2;2;2;2;1;2;10;11;6;9;25;6;3;3;8;6;2;6;4;14;5;2;17;21;6.304053572782502;6;1;3;2;0;21;-8.942458218385559;11;2;13;19;1;1;5;24;1;21;-4.903815446000335;25;3;5;25
TRACK:740;730;-1;3;0;3;0;10;25;4;3;2;2;2;2;1;2;10;17;6;9;25;6;3;3;10;6;2;6;4;14;5;2;17;21;6.492580797400037;6;1;3;4;13;1;1;5;9;1;21;-4.820073451367152;25;3;5;25
TRACK:741;732;-1;3;0;5;0;5;1;6;4;3;0;10;25;0;5;0;4;20;0.5142550874378342;4;24;3;5;0;8;24;6;1;19;24;3;0;10;25
TRACK:742;734;-1;3;0;5;0;5;1;6;4;3;0;10;25;0;5;0;4;20;0.520309520683942;4;24;3;5;0;8;19;6;2;5;3;0;3;7;-1.8869974012687434;2;13;20;-4.344095075298251;13;4;3;2;2;2;2;1;2;10;11;6;9;25;6;3;3;8;6;2;6;4;14;5;2;17;21;6.2226570708930025;6;1;3;2;0;21;-8.710627079940451;24;2;13;20;-4.214689271292583;1;1;5;24;1;21;-4.80246496738276;25;3;5;25
TRACK:743;736;-1;3;0;5;0;5;0;1;1;25;11;3;13;4;6;19;6;2;5;3;0;3;7;-1.896731844177229;4;24;13;4;3;2;2;2;2;1;2;10;11;6;9;4;3;24;6;3;3;8;6;2;6;4;14;6;10;6;1;3;2;0;21;-8.952254401864659;11;2;13;9;1;1;5;25;5;8;3;5;25
TRACK:744;526;-1;3;0;5;0;5;1;6;4;3;0;10;25;0;5;0;4;20;0.5717940114044272;4;24;3;5;0;8;22;1.8400870292641984;3;16;4;3;2;2;2;2;1;2;10;11;6;9;4;3;24;6;3;3;8;6;2;6;4;14;6;10;6;1;3;2;0;21;-8.843873179845696;11;2;13;19;1;1;5;24;5;8;3;5;25
TRACK:745;731;-1;3;0;5;0;5;1;6;4;3;0;10;25;0;5;0;4;20;0.7718318889723753;4;24;3;5;0;8;22;1.7068946728156427;6;1;8;24;4;3;2;2;2;2;1;2;22;7.741941517367966;17;6;9;25;6;3;3;8;6;2;6;4;14;5;2;17;21;6.527373785974964;6;1;3;2;0;21;-8.828676102728105;11;2;13;19;1;1;5;24;1;21;-4.96316487393979;25;3;5;25
TRACK:746;733;-1;3;0;5;0;5;1;6;4;3;0;10;25;0;5;0;4;20;0.5293402783577821;4;24;3;5;0;8;22;2.0232983569070635;6;2;5;3;0;3;7;-1.7561714200098668;4;24;13;4;3;2;2;2;2;1;2;10;11;6;9;4;3;24;25;6;2;6;4;14;6;10;0;3;6;0;24;19;0;1;5;10;4;17;0;3;25;6;12
TRACK:747;735;-1;3;0;5;0;5;1;6;4;3;0;10;25;0;5;0;4;20;0.38330852967600815;4;24;3;5;0;8;22;1.3963278824027436;6;5;6;9;4;3;2;2;2;2;1;2;10;7;-2.044435452763247;6;9;25;6;3;3;8;6;2;6;4;14;5;2;17;21;6.368301498233261;6;1;3;2;0;21;-8.710829360634342;24;2;13;20;-4.266789258300769;1;1;5;24;1;21;-4.77394380529826;25;3;5;25
TRACK:748;737;-1;3;0;5;0;5;1;6;4;3;0;10;25;0;5;0;4;20;0.6104299571827065;4;24;3;5;0;8;22;1.5923763080407658;6;2;5;3;0;3;7;-2.018544528460827;4;24;3;3;8;4;3;1;2;20;-2.9052159763061036;25;1;23;-6.055481747300369;11
TRACK:749;489;-1;3;0;5;0;5;1;6;4;3;0;10;25;0;5;0;4;20;0.7086604865335122;4;24;3;5;0;8;22;1.5802539443108161;6;2;5;3;0;3;7;-1.8444259990771685;4;24;13;4;3;2;2;2;2;1;2;10;11;6;9;25;6;3;3;8;6;2;6;4;14;5;2;17;21;6.31529201493293;6;1;3;6;14;1;1;5;24;1;21;-4.945298857322835;25;3;5;25
EVAL_INSTANCE:37:0:740
EVAL_INSTANCE:37:1:741
EVAL_INSTANCE:37:2:742
EVAL_INSTANCE:37:3:743
EVAL_INSTANCE:37:4:744
EVAL_INSTANCE:37:5:745
EVAL_INSTANCE:37:6:746
EVAL_INSTANCE:37:7:747
EVAL_INSTANCE:37:8:748
EVAL_INSTANCE:37:9:749
RUN_RESULT:37:0:0:2000:----
RUN_RESULT:37:1:0:2000:----
RUN_RESULT:37:2:0:2000:----
RUN_RESULT:37:3:0:940:UUUURLDLL
RUN_RESULT:37:4:0:10:UUUURULULL
RUN_RESULT:37:5:0:2000:----
RUN_RESULT:37:6:0:2000:----
RUN_RESULT:37:7:0:2000:----
RUN_RESULT:37:8:0:2000:----
RUN_RESULT:37:9:0:10:UUUURULULL
    38 |      380 | -3.990000E+03 | -3.990000E+03
TRACK:750;566;381;3;0;5;0;5;1;6;4;3;0;10;25;0;8;3;5;0;8;22;1.9178699543291196;6;2;5;3;0;3;7;-1.835310306323171;4;24;13;4;3;2;2;2;2;1;2;10;11;6;9;4;3;24;6;3;3;8;6;2;6;4;14;6;10;6;1;3;2;0;21;-8.826652726924944;11;2;13;9;1;1;5;25;5;8;3;5;25
TRACK:751;566;381;3;0;5;0;5;1;6;4;3;0;10;25;0;5;0;4;20;0.5334300884931266;4;24;3;5;0;8;22;1.7958792404530506;6;2;5;3;0;3;7;-1.884791555238767;4;24;13;4;3;2;2;2;2;1;2;10;11;6;9;4;3;24;6;3;3;8;6;2;6;4;14;5;2;17;21;6.202527850922802;6;1;3;2;0;21;-8.998512119765355;22;1.9178699543291196;2;13;19;1;1;5;24;5;20;-8.731021694943875;3;5;25
TRACK:752;542;563;3;0;5;0;5;1;6;4;3;0;10;25;0;5;0;4;20;0.6812157983887053;4;19;3;5;0;8;22;1.7381989359384042;6;2;3;3;8;13;4;3;2;2;2;2;1;2;10;17;6;9;25;6;3;3;8;6;2;6;4;14;5;2;17;21;6.399232195658325;6;1;3;4;13;1;1;5;9;1;21;-4.703083459155892;25;3;5;25
TRACK:753;542;563;3;0;5;0;5;1;6;4;3;0;10;25;0;5;0;4;20;0.645115706562894;4;24;3;5;0;25;22;1.8004489927088398;6;1;19;24;4;3;2;2;2;2;1;2;10;17;6;9;25;6;3;3;8;6;2;6;4;14;5;2;17;21;6.291213416371669;6;1;3;2;0;21;-8.615295463753146;17;2;13;19;1;1;5;24;1;21;-4.768306165220745;25;3;5;25
TRACK:754;561;563;3;0;5;0;5;1;6;4;3;0;10;25;0;5;0;4;20;0.6297388137510807;4;24;3;5;0;8;22;1.6387679997652442;6;2;5;3;0;3;7;-1.9983925114321415;4;24;24;4;3;2;2;2;2;1;2;10;11;6;9;25;6;3;3;8;6;2;6;4;14;5;2;17;21;6.171067081651891;6;1;3;2;0;21;-8.979766359132212;19;2;13;19;1;1;5;24;1;21;-4.778116458091936;25;3;0;25;24
TRACK:755;561;563;3;0;5;0;5;1;6;4;3;0;10;25;0;5;0;4;20;0.645115706562894;4;24;3;5;0;8;22;1.8004489927088398;6;1;19;24;4;3;2;2;2;2;1;2;10;17;6;9;25;6;3;3;8;6;2;5;24;5;2;17;21;6.291213416371669;6;1;3;2;0;21;-8.615295463753146;17;2;13;19;1;1;5;24;1;21;-4.768306165220745;25;3;5;25
TRACK:756;547;567;3;0;5;0;5;1;6;4;3;0;10;25;0;5;0;4;20;0.6163724510451069;4;24;3;5;0;8;22;1.781538475512475;6;6;1;3;2;0;21;-8.749035212796752;24;2;13;20;-4.280543820769656;1;1;5;24;1;21;-4.712273777889777;25;3;5;25;4;3;2;2;2;2;1;2;10;17;6;9;25;6;3;3;8;6;2;6;4;14;5;2;17;21;6.413665836382024;6;1;3;2;0;21;-8.798170546052466;11;2;13;19;1;1;5;24;1;21;-4.909247867364276;25;3;5;25
TRACK:757;547;567;3;0;5;0;5;1;6;4;3;0;10;25;0;5;0;4;20;0.554959567811991;4;24;3;5;0;8;22;1.5847910097815714;6;2;5;3;1;19;24;13;4;3;2;2;2;2;1;2;10;11;6;9;25;6;3;3;8;6;2;6;4;14;5;2;17;21;6.262568272526572;6;1;3;2;0;21;-8.749035212796752;24;2;13;20;-4.280543820769656;1;1;5;24;1;21;-4.712273777889777;25;3;5;25
TRACK:758;381;566;3;0;5;0;5;1;6;4;3;0;10;25;0;5;0;4;20;0.5334300884931266;4;24;3;5;0;8;22;1.7958792404530506;6;2;5;3;0;3;7;-1.884791555238767;4;24;13;4;3;2;2;2;2;1;2;10;11;6;9;4;3;24;6;3;3;8;6;2;13;9;6;1;3;2;0;21;-8.998512119765355;11;2;13;19;1;1;5;24;5;20;-8.731021694943875;3;5;25
TRACK:759;381;566;3;0;5;0;5;1;6;4;3;0;10;25;0;5;0;4;20;0.7351769399066475;4;24;3;5;0;8;22;1.9178699543291196;6;2;5;3;0;3;7;-1.835310306323171;4;24;13;4;3;2;2;7;-1.884791555238767;6;2;6;4;14;6;10;6;1;3;2;0;21;-8.826652726924944;11;2;13;9;1;1;5;25;5;8;3;5;25
TRACK:760;750;-1;3;0;5;0;5;1;6;4;3;0;10;25;0;8;3;5;0;8;22;1.6860859202441645;6;2;5;3;0;3;7;-1.8850005730588395;4;24;13;4;3;2;2;2;2;1;2;10;11;6;9;4;3;24;6;3;3;8;6;2;6;4;14;6;10;0;3;2;11;8;5;1;10;23;-8.231261713166816
TRACK:761;752;-1;3;0;5;0;5;1;6;4;3;0;10;25;0;5;0;4;20;0.6302282677296296;4;19;3;5;0;8;22;1.6297307366247877;6;2;3;3;8;13;4;3;2;2;2;25;17;6;2;6;4;14;5;2;17;21;6.407027738917174;6;1;3;4;13;1;1;5;9;1;21;-4.5920779522073065;25;3;5;25
TRACK:762;754;-1;3;0;5;0;5;1;6;4;3;0;10;25;0;5;0;4;20;0.6094746940807897;4;24;3;5;0;8;22;1.6797097285509188;6;2;5;3;0;3;7;-1.9126051974229783;4;24;24;4;3;2;2;2;2;1;2;10;11;6;9;25;6;3;3;8;6;2;6;4;14;5;2;17;21;6.358084225826764;6;1;3;2;0;21;-8.933630249392555;19;2;13;19;1;1;5;24;3;17;3;0;25;24
TRACK:763;756;-1;3;0;5;0;5;1;6;4;3;0;10;25;0;5;0;4;20;0.675438509375815;4;24;3;5;0;8;22;1.6856551858238875;6;6;1;3;2;0;21;-8.795662567818562;24;2;13;20;-4.199886149787187;1;1;5;24;0;9;8;3;5;25;4;3;2;2;2;2;1;2;10;17;6;9;25;6;3;3;8;6;2;6;4;14;5;2;17;21;6.437660785207902;6;1;3;2;0;21;-8.86106439742044;11;2;13;19;1;1;5;24;1;21;-4.837842812371949;25;3;5;25
TRACK:764;381;-1;3;0;5;0;5;1;6;4;3;0;10;25;0;5;0;4;20;0.4554024083763114;4;24;3;5;0;8;22;1.8948807649685286;6;2;5;3;0;3;7;-1.823916198205038;4;24;13;4;3;2;2;2;2;1;6;24;1;12;23;-5.1559339052577835;4;3;24;6;3;3;8;6;2;6;4;14;5;2;17;21;6.27154550028487;6;1;3;2;0;21;-9.057536987426408;11;2;13;19;1;1;5;24;5;20;-8.623316985100477;3;5;25
TRACK:765;751;-1;3;0;5;0;5;1;6;4;3;0;10;25;0;5;0;4;20;0.42219345743503234;4;24;3;5;0;8;13;6;2;5;3;0;3;7;-1.7265054772751065;4;24;13;4;3;2;2;2;2;1;2;10;11;6;9;4;3;24;6;3;3;8;6;2;6;4;14;5;2;17;21;6.2703043129752;6;1;3;2;0;21;-8.980260718853962;22;1.8316986605321164;2;13;19;1;1;5;24;5;20;-8.813642624374246;3;5;25
TRACK:766;753;-1;3;0;5;0;5;1;6;4;3;0;10;25;0;5;0;4;24;4;24;3;5;0;25;22;1.6894795482564335;6;1;19;24;4;3;2;2;2;2;1;2;10;17;6;9;25;6;3;3;8;6;2;6;4;14;5;2;17;21;6.321265867155446;6;1;3;2;0;21;-8.801645275904917;17;2;13;19;1;1;5;24;1;21;-4.676128816954808;25;3;5;25
TRACK:767;755;-1;3;0;5;0;5;1;6;4;3;0;10;25;0;5;0;4;20;0.5426795621912966;4;24;3;5;0;8;22;1.7134936133852676;6;1;19;24;4;3;2;2;2;2;1;2;10;17;6;9;25;6;3;3;8;6;2;5;24;5;2;17;21;6.287261586726372;6;1;3;2;19;7;2.8277724559410107;1;1;5;24;1;21;-4.8106095338749375;25;3;5;25
TRACK:768;757;-1;3;0;5;0;5;1;6;4;3;0;10;25;0;5;0;4;20;0.4328019371381608;5;15;3;5;0;8;22;1.5713550519681627;6;2;5;3;1;19;24;13;4;3;2;2;2;2;1;2;10;11;6;9;25;6;3;3;8;6;2;6;4;14;5;2;17;21;6.311614700196547;6;1;3;2;0;21;-8.85360814054736;24;2;13;20;-4.230308518822892;1;1;5;24;1;21;-4.658423919544045;25;3;5;25
TRACK:769;566;-1;3;0;5;0;5;1;6;4;3;0;10;25;0;0;19;7;-8.938727618518223;3;5;0;8;22;2.1030555866466876;6;2;5;3;0;3;7;-1.659226784341385;4;24;13;4;3;2;2;2;2;1;2;10;11;6;9;4;3;24;6;3;3;8;6;2;6;4;14;6;10;6;1;3;2;0;21;-8.978449629738563;11;2;13;9;1;1;5;25;5;8;3;5;25
EVAL_INSTANCE:38:0:760
EVAL_INSTANCE:38:1:761
EVAL_INSTANCE:38:2:762
EVAL_INSTANCE:38:3:763
EVAL_INSTANCE:38:4:764
EVAL_INSTANCE:38:5:765
EVAL_INSTANCE:38:6:766
EVAL_INSTANCE:38:7:767
EVAL_INSTANCE:38:8:768
EVAL_INSTANCE:38:9:769
RUN_RESULT:38:0:0:2000:----
RUN_RESULT:38:1:0:1150:UUUULLRLULLL
RUN_RESULT:38:2:0:2000:----
RUN_RESULT:38:3:0:2000:----
RUN_RESULT:38:4:0:1150:UUUULLRLULLL
RUN_RESULT:38:5:0:19:UUUURULULL
RUN_RESULT:38:6:0:2000:----
RUN_RESULT:38:7:0:10:UUUURULULL
RUN_RESULT:38:8:0:10:UUUURULULL
RUN_RESULT:38:9:0:2000:----
    39 |      390 | -3.990000E+03 | -3.990000E+03
TRACK:770;381;563;3;0;5;0;5;1;2;1;2;10;17;6;9;25;0;5;0;4;20;0.5334300884931266;4;24;3;5;0;8;22;1.7958792404530506;6;2;5;3;0;3;7;-1.884791555238767;4;24;13;4;3;2;2;2;2;1;2;10;11;6;9;4;3;24;6;3;3;8;6;2;6;4;14;5;2;17;21;6.202527850922802;6;1;3;2;0;21;-8.998512119765355;11;2;13;19;1;1;5;24;5;20;-8.731021694943875;3;5;25
TRACK:771;381;563;3;0;5;0;5;1;6;4;3;0;10;25;0;5;0;4;20;0.645115706562894;4;24;3;5;0;8;22;1.8004489927088398;6;1;19;24;4;3;2;2;2;2;1;2;10;17;6;9;25;6;3;3;8;6;2;6;4;14;5;2;17;21;6.291213416371669;6;1;3;2;0;21;-8.615295463753146;17;2;13;19;1;1;5;14;1;21;-4.768306165220745;25;3;5;25
TRACK:772;547;542;3;0;5;0;5;1;6;4;3;0;10;25;0;5;0;4;25;4;24;3;5;0;8;22;1.781538475512475;6;1;19;24;4;3;2;2;2;2;1;2;10;17;6;9;25;6;3;3;8;6;2;6;4;14;5;2;17;21;6.413665836382024;6;1;3;2;0;21;-8.798170546052466;11;2;13;19;1;1;5;24;1;21;-4.909247867364276;25;3;5;25
TRACK:773;547;542;3;0;5;0;5;1;6;4;3;0;10;25;0;5;0;4;20;0.6812157983887053;4;8;3;5;0;8;22;1.7381989359384042;6;2;5;3;0;3;7;-1.7118801581016863;4;24;13;4;3;2;2;2;2;1;2;10;17;6;9;25;6;3;3;8;6;2;6;4;14;5;2;17;21;6.399232195658325;6;1;3;4;13;1;1;5;9;1;21;-4.703083459155892;25;3;5;25
TRACK:774;561;567;3;0;5;0;5;1;6;4;3;0;10;25;0;5;0;4;20;0.6297388137510807;4;24;3;5;0;8;22;1.6387679997652442;6;2;5;3;0;3;7;-1.9983925114321415;4;24;21;-4.712273777889777;4;3;2;2;2;2;1;2;10;11;6;9;25;6;3;3;8;6;2;6;4;14;5;2;17;21;6.171067081651891;6;1;3;2;0;21;-8.979766359132212;19;2;13;19;1;1;5;24;1;21;-4.778116458091936;25;3;0;25;24
TRACK:775;561;567;3;0;5;0;5;1;6;4;3;0;10;25;0;5;0;4;20;0.554959567811991;4;24;3;5;0;8;22;1.5847910097815714;6;2;5;3;0;3;7;-1.955386870631307;4;24;13;4;3;2;2;2;2;1;2;10;11;6;9;25;6;3;3;8;6;2;6;4;14;5;2;17;21;6.262568272526572;6;1;3;2;0;21;-8.749035212796752;24;2;13;20;-4.280543820769656;1;1;5;24;1;21;-4.712273777889777;25;24
TRACK:776;381;566;3;0;5;0;5;1;6;4;3;0;10;25;0;5;0;4;20;0.5334300884931266;4;24;3;5;0;8;22;1.7958792404530506;6;2;5;3;0;3;7;-1.884791555238767;4;24;13;4;3;2;2;2;2;1;2;10;11;6;9;4;3;24;6;3;3;8;6;2;6;4;14;5;2;17;21;6.202527850922802;6;1;3;2;0;21;-8.998512119765355;8;2;13;19;1;1;5;24;5;20;-8.731021694943875;3;5;25
TRACK:777;381;566;3;0;5;0;5;1;6;4;3;0;10;25;0;5;0;4;20;0.7351769399066475;4;24;3;5;0;8;22;1.9178699543291196;6;2;5;3;0;3;7;-1.835310306323171;4;24;13;4;3;2;2;2;2;1;2;10;11;6;9;4;3;24;6;3;3;8;6;2;6;4;14;6;10;6;1;3;5;20;-8.731021694943875;1;1;5;25;5;8;3;5;25
TRACK:778;547;561;3;0;5;0;5;1;6;4;3;0;10;25;0;5;0;4;20;0.6163724510451069;4;24;3;5;0;8;22;1.781538475512475;6;6;3;3;8;4;3;2;2;2;2;1;2;10;17;6;9;25;6;3;3;8;6;2;6;4;14;5;2;17;21;6.413665836382024;6;1;3;2;0;21;-8.798170546052466;11;2;13;19;1;1;5;24;1;21;-4.909247867364276;25;3;5;25
TRACK:779;547;561;3;0;5;0;5;1;6;4;3;0;10;25;0;5;0;4;20;0.6297388137510807;4;24;3;5;0;8;22;1.6387679997652442;6;2;5;3;0;3;7;-1.9983925114321415;4;24;13;4;3;2;2;2;2;1;2;10;11;6;9;25;6;3;3;8;6;2;6;4;14;5;2;17;21;6.171067081651891;6;1;3;2;0;21;-8.979766359132212;19;2;24;19;1;1;5;24;1;21;-4.778116458091936;25;3;0;25;24
TRACK:780;770;-1;3;0;5;0;5;4;4;12;6;2;5;3;0;3;7;-1.7969206535141684;4;24;13;4;3;2;2;2;2;1;2;10;11;6;9;4;3;24;6;3;3;8;6;2;6;4;14;5;2;17;21;6.220403425386372;6;1;3;2;0;21;-8.988306957924303;11;2;13;19;1;1;5;24;5;20;-8.82983803821805;3;5;25
TRACK:781;772;-1;3;0;5;0;5;1;6;4;3;0;10;25;0;5;0;4;25;4;24;3;5;0;8;23;8.521425408013997;6;1;19;24;4;3;2;2;2;2;1;2;10;17;6;9;25;6;3;3;8;6;2;6;4;14;5;2;17;21;6.514522827648193;6;1;3;2;0;21;-8.92058982261058;11;2;13;19;1;1;5;24;1;21;-4.9422063261146665;25;3;5;25
TRACK:782;774;-1;3;0;5;0;5;1;6;4;3;0;10;25;0;5;0;4;20;0.5301428464947162;4;24;3;5;0;8;22;1.5329644706444312;6;2;5;3;0;3;7;-1.976339999659344;4;24;21;-4.636544527679076;4;3;2;2;2;2;1;2;10;11;6;9;25;6;3;3;8;6;2;6;4;14;6;4;23;-2.549797317883389;6;1;3;2;0;21;-8.941998564759166;19;2;13;19;1;1;5;24;1;21;-4.697369825780719;25;3;0;25;24
TRACK:783;776;-1;3;0;5;0;5;1;6;4;3;0;10;25;0;5;0;4;20;0.6993672770946411;4;24;3;5;0;8;22;1.9610018270996783;6;2;5;3;0;3;7;-1.8832403440142291;4;24;13;4;3;2;4;3;1;12;7;2.3448580718628875;6;1;3;2;0;21;-8.963771519860124;8;2;13;19;1;1;5;24;5;20;-8.757088462429357;3;5;25
TRACK:784;778;-1;3;0;5;0;5;1;6;4;3;0;10;25;0;5;0;4;20;0.5758160280394147;4;24;3;5;0;8;22;1.8852106066309866;6;6;3;3;8;4;3;2;2;2;2;2;5;11;6;10;25;6;3;3;8;6;2;6;4;14;5;2;17;21;6.351033508019816;6;1;3;2;0;21;-8.813841450296437;11;2;13;19;1;1;5;24;1;21;-4.883386841220694;25;3;5;25
TRACK:785;771;-1;3;0;5;0;5;1;6;4;3;0;10;25;0;5;0;4;20;0.5849856846542094;4;24;3;5;0;8;22;1.7491668298028311;6;1;19;24;4;3;2;2;2;2;1;2;10;17;6;9;25;6;3;3;8;6;2;6;4;14;5;2;17;21;6.251434436987993;6;1;3;2;0;21;-8.687083435096344;17;2;13;19;1;1;5;14;1;21;-4.758156055139056;25;3;2;18;8
TRACK:786;773;-1;3;0;5;0;5;1;6;4;3;0;25;25;0;5;0;4;20;0.7269447282958018;4;8;3;5;0;8;22;1.672390811420109;6;2;5;3;0;3;7;-1.6887462535284372;4;24;13;4;3;2;2;2;2;1;2;10;17;6;9;25;6;3;3;8;6;2;6;4;14;5;2;17;21;6.4232477736321885;6;1;3;4;13;1;1;5;9;1;21;-4.711676907876186;25;3;5;25
TRACK:787;775;-1;3;0;5;0;5;1;6;4;3;0;10;25;0;5;0;4;20;0.6352774582805353;4;24;3;5;0;8;22;1.5284984780508475;6;2;5;3;0;3;7;-1.9357418697034414;4;24;13;4;3;2;2;2;2;1;2;10;11;6;9;25;6;3;3;8;6;2;6;4;14;5;2;17;21;6.309667016557309;6;1;3;2;0;21;-8.730181054386746;24;2;13;20;-3.9963496044158653;1;1;3;16;1;21;-4.654428157281513;25;24
TRACK:788;777;-1;3;0;5;0;5;1;6;4;3;0;10;25;0;5;0;4;20;0.5695697138253187;4;24;3;5;0;8;22;1.8996078362121345;6;2;5;3;0;3;7;-1.5360883517389377;4;24;13;4;3;2;2;2;2;1;2;10;11;6;9;4;3;24;6;3;3;8;6;2;6;4;14;6;10;6;1;3;5;20;-8.612812824440663;1;1;5;25;5;8;3;6;24
TRACK:789;779;-1;3;0;5;0;5;1;6;4;3;0;10;25;0;5;0;4;20;0.6918792658892036;4;24;3;5;0;8;22;1.7567901651957238;6;2;5;3;0;3;7;-1.9484113476314477;4;24;13;4;3;2;2;2;2;1;2;10;11;6;9;25;6;3;3;8;6;2;6;4;14;5;2;17;21;6.136470984904064;6;1;3;2;0;21;-9.046766568099207;19;2;24;19;1;1;5;24;1;21;-4.925371606358723;25;3;0;25;15
EVAL_INSTANCE:39:0:780
EVAL_INSTANCE:39:1:781
EVAL_INSTANCE:39:2:782
EVAL_INSTANCE:39:3:783
EVAL_INSTANCE:39:4:784
EVAL_INSTANCE:39:5:785
EVAL_INSTANCE:39:6:786
EVAL_INSTANCE:39:7:787
EVAL_INSTANCE:39:8:788
EVAL_INSTANCE:39:9:789
RUN_RESULT:39:0:0:936:UUUURLDLL
RUN_RESULT:39:1:0:1312:UUUURLDLL
RUN_RESULT:39:2:0:2000:----
RUN_RESULT:39:3:0:1142:UUUULLRLULLL
RUN_RESULT:39:4:0:2000:----
RUN_RESULT:39:5:0:10:UUUURULULL
RUN_RESULT:39:6:0:940:UUUURLDLL
RUN_RESULT:39:7:0:10:UUUURULULL
RUN_RESULT:39:8:0:10:UUUURULULL
RUN_RESULT:39:9:0:10:UUUURULULL
    40 |      400 | -3.990000E+03 | -3.990000E+03
TRACK:790;566;542;3;0;5;0;5;1;6;4;3;0;10;25;0;5;0;4;20;0.7351769399066475;4;24;3;5;0;8;22;1.9178699543291196;6;2;5;3;0;3;7;-1.835310306323171;4;24;13;4;3;2;2;2;2;1;2;10;11;6;9;4;3;24;6;3;3;8;6;2;6;4;14;6;10;6;1;3;2;0;21;-8.826652726924944;11;25;1;1;5;25;5;8;3;5;25
TRACK:791;566;542;3;0;5;0;5;1;6;4;3;0;10;25;0;5;0;4;20;0.6812157983887053;4;19;3;5;0;8;22;1.7381989359384042;6;2;5;3;0;3;7;-1.7118801581016863;9;13;4;3;2;2;2;2;1;2;10;17;6;9;25;6;3;3;8;6;2;6;4;14;5;2;17;21;6.399232195658325;6;1;3;4;13;1;1;5;9;1;21;-4.703083459155892;25;3;5;25
TRACK:792;561;489;3;0;5;0;5;1;6;4;3;0;10;25;0;5;0;4;20;0.6297388137510807;4;24;3;5;0;8;22;1.6387679997652442;6;2;5;3;0;3;7;-1.9983925114321415;4;24;13;4;3;2;2;2;2;1;2;10;11;6;9;25;5;24;6;2;6;4;14;5;2;17;21;6.171067081651891;6;1;3;2;0;21;-8.979766359132212;19;2;13;19;1;1;5;24;1;21;-4.778116458091936;25;3;0;25;24
TRACK:793;561;489;3;0;5;0;5;1;6;4;3;0;10;25;0;5;0;4;20;0.5944776144782205;4;24;3;5;0;8;22;1.6521541418814543;6;2;5;3;0;3;7;-1.9347451502148856;4;24;13;4;3;2;2;2;2;1;2;10;11;6;9;25;8;6;2;6;4;14;5;2;17;21;6.304053572782502;6;1;3;2;0;21;-8.942458218385559;11;2;13;19;1;1;5;24;1;21;-4.903815446000335;25;3;5;25
TRACK:794;547;526;3;0;5;0;5;1;6;4;3;0;10;25;0;5;0;4;20;0.6163724510451069;4;24;3;5;0;8;22;1.781538475512475;6;1;19;24;4;3;2;2;2;2;1;2;10;17;6;9;25;6;3;3;8;6;2;6;4;14;5;2;17;21;6.413665836382024;6;1;3;2;0;21;-8.798170546052466;11;2;13;19;1;1;5;24;1;21;-4.909247867364276;10;3;5;25
TRACK:795;547;526;3;0;5;0;5;1;6;4;3;0;10;25;0;5;0;4;20;0.6163724510451069;4;24;3;5;0;8;22;1.781538475512475;6;1;19;24;4;3;2;2;2;2;1;2;10;17;6;9;25;6;3;3;8;6;2;6;4;14;5;2;17;21;6.413665836382024;6;1;3;2;0;21;-8.798170546052466;11;2;13;19;1;1;5;24;1;21;-4.909247867364276;25;3;5;25
TRACK:796;547;509;3;0;5;0;5;1;6;4;3;0;10;25;0;5;0;4;20;0.6163724510451069;4;24;3;5;0;8;22;1.781538475512475;6;1;19;24;4;3;2;2;2;2;1;2;10;17;6;9;25;6;3;3;19;6;2;6;4;14;5;2;17;21;6.413665836382024;6;1;3;2;0;21;-8.798170546052466;11;2;13;19;1;1;5;24;1;21;-4.909247867364276;25;3;5;25
TRACK:797;547;509;3;0;5;0;5;1;6;4;3;0;10;25;0;5;0;4;20;0.6757035951212185;4;19;3;5;0;8;22;1.7737653774675808;6;2;5;3;0;3;7;-1.7577624029895191;4;24;13;4;3;2;2;2;2;1;2;10;17;6;9;25;6;3;3;8;6;2;6;4;14;5;2;17;21;6.378544981383671;6;1;3;2;0;21;-8.89127796906232;11;2;13;19;1;1;5;24;0;21;-8.798170546052466;11;3;5;25
TRACK:798;567;381;3;0;5;0;5;1;6;4;3;0;10;25;0;5;0;4;20;0.554959567811991;4;24;3;8;6;2;5;3;0;3;7;-1.955386870631307;4;24;13;4;3;2;2;2;2;1;2;10;11;6;9;25;6;3;3;8;6;2;6;4;14;5;2;17;21;6.262568272526572;6;1;3;2;0;21;-8.749035212796752;24;2;13;20;-4.280543820769656;1;1;5;24;1;21;-4.712273777889777;25;3;5;25
TRACK:799;567;381;3;0;5;0;5;1;6;4;3;0;10;25;0;5;0;4;20;0.5334300884931266;4;24;3;5;0;8;22;1.7958792404530506;6;2;5;3;0;3;7;-1.884791555238767;4;24;13;4;5;25
TRACK:800;790;-1;3;0;5;0;5;1;6;4;3;0;10;25;0;5;0;4;20;0.7651557855303837;4;24;3;5;0;8;22;2.00898017791688;6;2;5;3;0;3;7;-1.8385433208617425;4;24;13;4;3;2;2;2;2;4;4;17;4;3;24;6;3;3;8;6;2;6;4;14;6;10;6;1;3;2;0;21;-8.905612760036936;11;25;1;1;5;25;5;8;3;5;25
TRACK:801;792;-1;3;0;5;0;5;1;6;4;3;0;10;25;0;5;0;4;20;0.7305428866805878;4;24;3;5;2;15;15;6;2;5;3;0;3;7;-1.9723742041186088;4;24;13;4;3;2;2;2;2;1;2;10;11;6;9;25;5;24;6;2;6;4;14;5;2;17;21;6.230388224467036;6;1;3;2;0;21;-8.876700203774707;19;2;13;19;1;1;5;24;1;21;-5.134524360305994;25;3;0;25;24
TRACK:802;794;-1;3;0;5;0;5;1;6;4;3;0;10;25;0;5;0;4;20;0.7206415811149568;4;24;3;5;0;8;22;1.8109495607474562;6;1;19;24;4;3;2;2;2;2;1;1;12;25;6;9;25;6;3;3;8;6;2;6;4;14;5;2;17;21;6.3368121947902605;6;1;3;2;0;21;-8.77573895091154;11;2;13;19;1;1;5;24;1;21;-4.82937096231942;10;3;5;25
TRACK:803;796;-1;3;0;5;0;5;1;6;4;3;0;10;25;0;5;0;4;20;0.6228981636951884;3;16;3;5;0;8;22;1.9090078658634497;6;1;19;24;4;3;2;2;2;2;1;2;10;17;6;9;25;6;3;3;19;6;2;6;4;14;5;2;17;21;6.3014528197982065;6;1;3;2;0;21;-8.808906727781922;11;2;13;19;1;1;5;24;1;21;-5.048053883307184;25;3;5;25
TRACK:804;798;-1;3;0;3;0;23;6.556293085422489;25;4;3;2;2;2;2;1;2;10;11;6;9;25;6;3;3;8;6;2;6;4;14;5;2;17;21;6.381986717160789;6;1;3;2;0;21;-8.64504250356054;24;2;13;20;-4.266930457366763;1;1;5;24;1;21;-4.6241963417203165;25;3;5;25
TRACK:805;791;-1;3;0;5;0;5;1;6;4;3;0;10;25;0;5;0;4;20;0.5898452179660796;4;19;3;6;9;6;2;5;3;0;3;7;-1.5895281927655378;9;13;4;3;2;2;2;2;1;2;10;17;6;9;25;6;3;3;8;6;2;6;4;14;5;2;17;21;6.272459054703859;6;1;3;4;13;1;1;5;9;1;21;-4.391478236568318;25;3;5;25
TRACK:806;793;-1;3;0;5;0;5;1;6;4;3;0;10;25;0;5;0;4;20;0.6775713654571452;4;24;3;5;0;8;22;1.7399005344618954;6;2;5;3;0;3;7;-1.8996104751738245;4;24;13;4;3;2;2;2;2;1;2;10;11;6;9;25;8;6;2;6;4;14;5;2;17;21;6.1868063952907;6;1;3;2;0;21;-8.77319790588294;11;2;13;19;1;1;5;24;1;21;-4.939880287899644;25;3;5;25
TRACK:807;795;-1;3;0;5;0;5;1;6;4;3;4;7;0.014231121336472086;0;5;0;4;20;0.49838193399999425;4;24;3;5;0;8;22;1.8449957288588994;6;1;19;24;4;3;2;2;2;2;1;2;10;17;6;9;25;6;3;3;8;6;2;6;4;14;5;2;17;21;6.301835752666974;6;1;3;2;0;21;-8.768651641591632;11;2;13;19;1;1;5;24;1;21;-4.999011715760292;25;3;5;25
TRACK:808;797;-1;3;0;5;0;5;1;6;4;3;0;10;25;0;5;0;4;20;0.7458786319529603;4;19;3;5;0;8;22;1.8852110133999802;6;2;5;3;0;3;7;-1.5655367213304692;4;24;13;4;3;2;2;2;2;1;2;10;17;6;9;25;6;3;3;13;6;2;6;4;14;5;2;17;21;6.411558603885179;6;1;3;2;0;21;-8.786402555235593;11;2;13;19;1;1;5;24;0;21;-8.891501931753643;11;3;5;25
TRACK:809;799;-1;3;0;5;0;5;1;6;4;3;0;10;25;0;5;0;4;20;0.5334471556454724;4;24;3;5;0;8;22;1.8361836176750905;6;2;5;3;0;3;7;-1.7490682786630598;4;13;13;4;5;25
EVAL_INSTANCE:40:0:800
EVAL_INSTANCE:40:1:801
EVAL_INSTANCE:40:2:802
EVAL_INSTANCE:40:3:803
EVAL_INSTANCE:40:4:804
EVAL_INSTANCE:40:5:805
EVAL_INSTANCE:40:6:806
EVAL_INSTANCE:40:7:807
EVAL_INSTANCE:40:8:808
EVAL_INSTANCE:40:9:809
RUN_RESULT:40:0:0:1150:UUUULLRLULLL
RUN_RESULT:40:1:0:19:UUUURULULL
RUN_RESULT:40:2:0:2000:----
RUN_RESULT:40:3:0:10:UUUURULULL
RUN_RESULT:40:4:0:2000:----
RUN_RESULT:40:5:0:19:UUUURULULL
RUN_RESULT:40:6:0:2000:----
RUN_RESULT:40:7:0:10:UUUURULULL
RUN_RESULT:40:8:0:10:UUUURULULL
RUN_RESULT:40:9:0:2000:----
    41 |      410 | -3.990000E+03 | -3.990000E+03
TRACK:810;542;561;3;0;5;0;5;1;6;3;0;25;24;0;5;0;4;20;0.6812157983887053;4;19;3;5;0;8;22;1.7381989359384042;6;2;5;3;0;3;7;-1.7118801581016863;4;24;13;4;3;2;2;2;2;1;2;10;17;6;9;25;6;3;3;8;6;2;6;4;14;5;2;17;21;6.399232195658325;6;1;3;4;13;1;1;5;9;1;21;-4.703083459155892;25;3;5;25
TRACK:811;542;561;3;0;5;0;5;1;6;4;3;0;10;25;0;5;0;4;20;0.6297388137510807;4;24;3;5;0;8;22;1.6387679997652442;6;2;5;3;0;3;7;-1.9983925114321415;4;24;13;4;3;2;2;2;2;1;2;10;11;6;9;25;6;3;3;8;6;2;6;4;14;5;2;17;21;6.171067081651891;6;1;3;2;0;21;-8.979766359132212;19;2;13;19;1;1;5;24;1;21;-4.778116458091936;25;3;0;25;8
TRACK:812;489;509;3;0;5;0;5;1;6;4;0;4;20;0.6757035951212185;4;19;0;5;0;4;20;0.5944776144782205;4;24;3;5;0;8;22;1.6521541418814543;6;2;5;3;0;3;7;-1.9347451502148856;4;24;13;4;3;2;2;2;2;1;2;10;11;6;9;25;6;3;3;8;6;2;6;4;14;5;2;17;21;6.304053572782502;6;1;3;2;0;21;-8.942458218385559;11;2;13;19;1;1;5;24;1;21;-4.903815446000335;25;3;5;25
TRACK:813;489;509;3;0;5;0;5;1;6;4;3;0;10;25;0;5;0;4;20;0.6757035951212185;4;19;3;5;0;8;22;1.7737653774675808;6;2;5;3;0;3;7;-1.7577624029895191;4;24;13;4;3;2;2;2;2;1;2;10;17;6;9;25;6;3;3;8;6;2;6;4;25;5;2;17;21;6.378544981383671;6;1;3;2;0;21;-8.89127796906232;11;2;13;19;1;1;5;24;1;21;-4.828989826537952;25;3;5;25
TRACK:814;526;509;3;0;5;0;5;1;6;4;3;0;10;25;0;5;0;4;20;0.6317182326717258;4;24;3;5;0;8;22;1.9211733964180546;6;2;5;3;0;3;7;-1.9035107509581097;4;24;13;4;3;2;2;2;2;1;2;10;11;6;9;4;3;24;6;3;3;8;6;2;6;4;14;6;10;6;1;3;2;0;21;-8.940042557827399;11;2;13;19;1;1;5;24;25;3;5;25
TRACK:815;526;509;3;0;5;0;5;1;6;4;3;0;10;25;0;5;0;4;20;0.6757035951212185;4;19;3;5;0;8;22;1.7737653774675808;6;2;5;3;0;3;7;-1.7577624029895191;4;24;13;4;3;2;2;2;2;1;2;10;17;6;10;25;6;3;3;8;6;2;6;4;14;5;2;17;21;6.378544981383671;6;1;3;2;0;21;-8.89127796906232;11;2;13;19;1;1;5;24;1;21;-4.828989826537952;25;3;5;25
TRACK:816;567;489;3;0;5;0;5;1;6;4;3;0;10;25;0;5;0;4;20;0.554959567811991;4;24;3;5;0;8;22;1.5847910097815714;6;4;3;0;10;25;4;3;2;2;2;2;1;2;10;11;6;9;25;6;3;3;8;6;2;6;4;14;5;2;17;21;6.262568272526572;6;1;3;2;0;21;-8.749035212796752;24;2;13;20;-4.280543820769656;1;1;5;24;1;21;-4.712273777889777;25;3;5;25
TRACK:817;567;489;3;0;5;0;5;1;6;3;3;8;0;5;0;4;20;0.5944776144782205;4;24;3;5;0;8;22;1.6521541418814543;6;2;5;3;0;3;7;-1.9347451502148856;4;24;13;4;3;2;2;2;2;1;2;10;11;6;9;25;6;3;3;8;6;2;6;4;14;5;2;17;21;6.304053572782502;6;1;3;2;0;21;-8.942458218385559;11;2;13;19;1;1;5;24;1;21;-4.903815446000335;25;3;5;25
TRACK:818;526;566;3;0;5;0;5;1;6;4;3;0;10;25;0;5;0;4;20;0.6317182326717258;4;24;3;5;0;8;22;1.9211733964180546;6;2;5;3;0;3;7;-1.9035107509581097;4;24;13;4;3;2;2;2;2;1;2;10;11;6;9;4;3;24;6;3;3;8;6;2;6;4;14;6;10;3;7;-1.835310306323171
TRACK:819;526;566;3;0;5;0;5;1;6;4;3;0;10;25;0;5;0;4;20;0.7351769399066475;4;24;3;5;0;8;22;1.9178699543291196;6;2;2;10;11;13;4;3;2;2;2;2;1;2;10;11;6;9;4;3;24;6;3;3;8;6;2;6;4;14;6;10;6;1;3;2;0;21;-8.826652726924944;11;2;13;9;1;1;5;25;5;8;3;5;25
TRACK:820;810;-1;3;0;5;5;0;6;2;0;2;13;13;0;16;14;5;1;18;19;6;2;1;0;8;8;0;11;7;-3.7567794819875573;1;5;15;5;14;4;3;2;2;2;2;1;2;10;17;6;9;25;6;3;3;8;6;2;6;4;14;5;2;17;21;6.249553697503669;6;1;3;4;13;1;1;5;9;1;21;-4.8454753706591225;25;3;5;25
TRACK:821;812;-1;3;0;5;0;5;1;6;4;0;4;20;0.5118520948342085;4;19;0;5;0;4;20;0.6200376431448134;4;24;3;5;0;8;22;1.7633858491476837;6;2;5;3;0;3;7;-1.8750566055940125;4;24;13;4;3;2;2;2;2;1;2;10;11;6;9;25;6;3;3;23;-1.9763822519344814;6;2;6;4;14;5;2;17;21;6.186963818210885;6;1;3;2;0;21;-9.006206270969605;11;2;13;19;1;1;5;24;1;21;-4.874332137878328;25;3;5;25
TRACK:822;814;-1;3;0;5;0;5;1;6;4;3;0;10;25;0;5;0;4;20;0.5950934419502524;4;24;3;5;0;8;22;1.8749355422415577;6;2;5;3;0;3;7;-1.7624523371999041;4;24;13;4;3;2;2;2;2;1;2;10;21;-9.043326462938104;6;9;4;3;24;6;3;3;8;6;2;6;4;14;6;10;6;1;3;2;0;21;-8.971360956008313;11;2;13;19;1;1;5;24;25;3;5;25
TRACK:823;816;-1;3;0;5;0;5;1;6;4;3;0;10;25;0;5;0;4;20;0.7898124197076145;4;24;3;5;0;8;22;1.5393511615710573;6;4;3;0;10;25;4;3;2;2;2;2;1;2;10;11;6;9;25;6;3;3;8;6;2;6;4;14;5;2;17;21;6.296817107028172;6;1;3;2;1;14;8;2;13;20;-4.148893411618377;1;1;5;24;1;21;-4.8114880465070495;25;3;5;25
TRACK:824;818;-1;3;0;5;0;5;1;6;4;3;0;10;25;0;5;0;4;20;0.7012348184834013;4;24;3;5;0;25;22;1.89903724379785;6;2;5;3;0;3;7;-1.8715163960497936;4;24;13;4;3;2;2;2;2;1;2;10;11;6;9;4;3;24;6;3;3;8;6;2;6;4;14;6;10;3;7;-2.0351300346553223
TRACK:825;811;-1;3;0;5;0;5;1;6;4;3;0;10;25;0;5;0;4;20;0.5736633162304725;4;24;3;5;0;8;22;1.781473225461684;6;2;5;3;0;3;7;-1.9813525095121265;4;24;13;4;3;2;2;2;2;1;2;10;11;6;12;25;6;3;3;8;6;2;6;4;14;5;2;17;21;6.219122900042328;6;1;3;2;0;21;-9.093528396164643;19;2;13;19;1;1;5;24;1;21;-4.732760943976622;25;3;0;25;8
TRACK:826;813;-1;3;0;5;0;5;1;6;4;3;0;10;25;0;5;0;4;20;0.8205538915490773;4;19;3;5;0;8;22;1.5713477642276559;6;2;5;3;0;3;7;-1.646037040591009;4;24;13;4;3;2;2;2;2;1;2;10;17;6;9;25;6;3;3;8;6;2;6;5;10;5;2;17;21;6.497106107625293;6;1;3;2;0;21;-9.037504681109846;11;2;13;19;1;1;5;24;1;21;-4.6784380041276314;25;3;5;25
TRACK:827;815;-1;3;6;5;2;0;0;5;5;1;21;6.377481127449901;14;4;2;3;18;2;19;22;-4.904602692880806;1;4;3;0;16;9;2;2;1;19;23;-2.3325304490168968;5;11;3;5;16;0;6;4;1;2;22;8.377921296635083;10;3;25;1;2;5;1;10;16;1;4;7;-1.2161080305086465;5;22;3.8555388193306683;1;3;2;17;25;4;3;15
TRACK:828;817;-1;3;0;5;0;5;1;6;3;3;8;0;5;0;4;20;0.5169335753769467;4;24;3;5;0;8;22;1.6480656942867844;6;2;5;3;0;3;7;-1.9298435495754174;4;24;13;4;6;4;5;6;3;20;-4.255679973485325
TRACK:829;819;-1;3;0;5;0;5;1;6;4;3;0;8;25;0;5;0;4;20;0.726379110663807;4;24;3;5;0;8;22;2.035199343924253;6;2;2;10;11;13;4;3;2;2;2;2;1;2;10;11;6;9;4;3;24;6;3;3;8;6;2;6;4;14;6;10;6;1;3;2;0;21;-8.694970668612228;11;2;13;9;1;1;5;25;5;8;3;5;25
EVAL_INSTANCE:41:0:820
EVAL_INSTANCE:41:1:821
EVAL_INSTANCE:41:2:822
EVAL_INSTANCE:41:3:823
EVAL_INSTANCE:41:4:824
EVAL_INSTANCE:41:5:825
EVAL_INSTANCE:41:6:826
EVAL_INSTANCE:41:7:827
EVAL_INSTANCE:41:8:828
EVAL_INSTANCE:41:9:829
RUN_RESULT:41:0:0:2000:----
RUN_RESULT:41:1:0:2000:----
RUN_RESULT:41:2:0:177:UUUULLRLULLL
RUN_RESULT:41:3:0:2000:----
RUN_RESULT:41:4:0:99:UUUULLRLULLL
RUN_RESULT:41:5:0:2000:----
RUN_RESULT:41:6:0:2000:----
RUN_RESULT:41:7:0:2000:----
RUN_RESULT:41:8:0:2000:----
RUN_RESULT:41:9:0:940:UUUURLDLL
    42 |      420 | -3.990000E+03 | -3.990000E+03
TRACK:830;566;509;3;0;5;0;5;1;6;4;3;0;10;25;0;5;0;4;20;0.7351769399066475;4;24;3;5;0;8;22;1.9178699543291196;6;2;5;3;0;3;7;-1.835310306323171;4;24;13;4;3;2;2;2;2;1;2;10;11;6;9;4;3;24;6;3;3;8;6;2;6;4;14;6;10;6;1;3;2;0;21;-8.826652726924944;11;2;13;9;1;1;5;13;5;8;3;5;25
TRACK:831;566;509;3;0;5;0;5;1;6;4;3;0;10;25;0;5;0;4;20;0.6757035951212185;4;19;3;5;0;8;22;1.7737653774675808;6;2;5;3;0;3;7;-1.7577624029895191;4;24;13;4;3;2;2;2;2;1;2;10;17;6;9;25;6;3;3;8;6;2;6;4;14;5;2;17;21;6.378544981383671;6;1;3;2;0;21;-8.89127796906232;11;2;13;19;1;1;5;24;1;11;25;3;5;25
TRACK:832;547;561;3;0;5;0;5;1;6;4;3;0;10;25;0;5;0;4;20;0.6163724510451069;4;24;3;5;0;8;22;1.781538475512475;6;1;19;24;4;3;2;2;2;2;1;2;10;17;6;9;25;6;3;3;8;6;2;6;4;14;5;2;17;21;6.413665836382024;6;21;6.171067081651891
TRACK:833;547;561;3;0;5;0;5;1;6;4;3;0;10;25;0;5;0;4;20;0.6297388137510807;4;24;3;5;0;8;22;1.6387679997652442;6;2;5;3;0;3;7;-1.9983925114321415;4;24;13;4;17
TRACK:834;563;547;3;0;5;0;5;1;6;4;3;0;10;25;0;5;0;4;20;0.645115706562894;4;24;3;5;0;8;22;1.8004489927088398;6;1;19;24;4;3;2;2;0;10;25;6;2;6;4;14;5;2;17;21;6.291213416371669;6;1;3;2;0;21;-8.615295463753146;17;2;13;19;1;1;5;24;1;21;-4.768306165220745;25;3;5;25
TRACK:835;563;547;3;0;5;0;5;1;6;4;3;0;10;25;0;5;0;4;20;0.6163724510451069;4;24;3;5;0;8;22;1.781538475512475;6;1;19;24;4;3;2;2;2;2;1;2;10;17;6;9;25;6;3;3;8;6;2;6;4;14;5;2;17;21;6.413665836382024;6;1;3;2;0;21;-8.798170546052466;11;2;13;19;1;1;5;24;1;21;-4.909247867364276;25;3;5;25
TRACK:836;381;542;3;0;5;0;5;1;6;4;3;0;10;25;0;5;0;4;20;0.5334300884931266;4;24;3;5;0;8;22;1.7958792404530506;6;2;5;3;0;3;7;-1.884791555238767;4;24;13;4;3;2;2;2;2;1;2;10;11;6;9;4;3;24;6;3;3;8;6;2;6;4;14;21;6.399232195658325;6;1;3;2;0;21;-8.998512119765355;11;2;13;19;1;1;5;24;5;20;-8.731021694943875;3;5;25
TRACK:837;381;542;3;0;5;0;5;1;6;4;3;0;10;25;0;5;0;4;20;0.6812157983887053;4;19;3;5;0;8;22;1.7381989359384042;6;2;5;3;0;3;7;-1.7118801581016863;4;24;13;4;3;2;2;2;2;1;2;10;17;6;9;25;6;3;3;8;6;2;6;4;14;5;2;17;21;6.399232195658325;6;1;3;24;1;1;5;9;1;21;-4.703083459155892;25;3;5;25
TRACK:838;489;509;3;0;5;0;5;1;6;4;3;0;10;25;0;5;0;4;20;0.5944776144782205;4;24;3;5;0;8;22;1.6521541418814543;6;2;5;3;0;3;7;-1.9347451502148856;4;24;13;4;3;2;2;2;2;1;2;10;11;21;6.378544981383671;25;6;3;3;8;6;2;6;4;14;5;2;17;21;6.304053572782502;6;1;3;2;0;21;-8.942458218385559;11;2;13;19;1;1;5;24;1;21;-4.903815446000335;25;3;5;25
TRACK:839;489;509;3;0;5;0;5;1;6;4;3;0;10;25;0;5;0;4;20;0.6757035951212185;4;19;3;5;0;8;22;1.7737653774675808;6;2;5;3;0;3;7;-1.7577624029895191;4;24;13;4;3;2;2;2;2;1;2;10;10;6;9;25;6;3;3;8;6;2;6;4;14;5;2;17;21;6.378544981383671;6;1;3;2;0;21;-8.89127796906232;11;2;13;19;1;1;5;24;1;21;-4.828989826537952;25;3;5;25
TRACK:840;830;-1;3;0;5;0;5;1;6;4;3;0;10;25;0;5;0;4;20;0.6443285515753945;4;24;3;5;0;8;22;1.988107843188005;6;2;5;3;0;3;7;-1.811550498124866;4;24;13;4;3;2;2;2;2;1;2;10;11;6;9;4;3;24;6;3;5;17;6;2;6;4;14;6;10;6;1;3;2;0;21;-8.8620783580168;11;2;13;9;1;1;5;13;5;8;3;5;25
TRACK:841;832;-1;3;0;5;0;5;1;6;4;3;0;10;25;1;6;0;4;9;0;8;14;0;3;0;24;12;2;5;13;1;14;7;-8.586386326626434;6;1;19;24;4;3;2;2;2;2;1;2;10;17;6;9;25;6;3;3;8;6;2;6;4;14;5;2;17;21;6.348211887259132;6;21;6.133970729304103
TRACK:842;834;-1;3;0;5;0;5;1;6;4;3;0;10;25;0;5;0;4;20;0.45430389094443724;4;24;3;5;0;8;22;1.6586214350114306;6;1;19;24;4;3;2;2;5;2;5;17;3;7;7.755885644829249;6;2;6;4;14;5;2;17;21;6.22407084362331;6;1;3;2;0;21;-8.63603603439182;17;2;13;19;1;1;5;24;1;21;-4.763727441733645;25;3;5;25
TRACK:843;381;-1;3;0;5;0;5;1;6;4;3;0;10;25;0;5;0;4;20;0.7789723580757575;4;24;3;5;0;8;22;1.8049003856065577;6;2;5;3;0;3;7;-1.9540238773961451;4;24;13;4;3;2;2;2;2;1;2;10;11;6;9;4;3;24;6;3;3;8;6;2;6;4;14;5;2;17;21;6.078604473560307;6;1;3;2;0;21;-9.12495508168763;11;2;13;19;1;1;5;7;-7.154989057188907;5;20;-8.669960396952696;3;5;25
TRACK:844;838;-1;3;0;5;0;5;1;6;4;3;0;10;25;0;5;0;4;20;0.48164593660311344;4;24;3;5;0;8;22;1.6218482048492326;6;2;5;3;0;3;7;-1.933512690323688;4;24;13;4;3;2;3;0;3;2;6;11;4;10;2;3;4;7;9.881362161533879;4;5;8;5;5;3;3;5;13
TRACK:845;831;-1;3;0;5;0;5;1;6;4;3;0;10;25;0;5;0;4;20;0.7905423011988748;4;19;3;5;0;11;22;1.7505857146370485;6;2;5;3;0;3;7;-1.7343952814603052;4;24;13;4;3;2;2;2;2;1;2;10;17;6;9;25;6;3;3;8;6;2;6;4;14;5;2;17;21;6.455769760545721;6;1;3;2;0;21;-8.904871380885924;11;2;13;19;1;1;5;24;1;11;25;3;5;25
TRACK:846;833;-1;3;0;5;0;5;1;6;4;3;0;10;25;0;5;0;4;20;0.6889492313132123;4;24;3;5;0;8;22;1.798546094345053;6;2;5;1;0;24;21;-8.847887285028486;3;18;13;4;17
TRACK:847;835;-1;3;0;5;0;5;1;6;4;3;0;10;25;0;5;0;4;20;0.6872592106941853;4;24;3;5;0;8;22;1.6596369470736785;6;1;19;24;4;3;2;2;2;2;1;2;10;17;6;9;25;6;3;3;8;6;2;6;4;14;5;2;17;21;6.400995251581991;6;5;3;24
TRACK:848;542;-1;3;0;5;0;5;1;6;4;3;0;10;25;0;5;0;4;20;0.7134289864401796;4;19;3;5;0;8;22;1.7115397259750482;6;2;5;3;0;3;7;-1.7275693881191359;4;24;13;4;5;4;4;4;12
TRACK:849;839;-1;3;0;5;0;5;1;6;4;3;0;10;14;0;5;0;4;20;0.6454702821693216;4;19;3;5;0;8;22;1.762973184765239;6;2;5;3;0;3;7;-1.6914914044667313;4;24;13;4;3;2;2;2;2;1;2;10;10;6;9;25;6;3;3;8;6;2;6;4;14;5;2;17;21;6.338157185752714;6;1;3;2;0;21;-8.76351728741294;11;2;13;19;1;1;5;24;1;21;-4.67886135155952;25;3;5;25
EVAL_INSTANCE:42:0:840
EVAL_INSTANCE:42:1:841
EVAL_INSTANCE:42:2:842
EVAL_INSTANCE:42:3:843
EVAL_INSTANCE:42:4:844
EVAL_INSTANCE:42:5:845
EVAL_INSTANCE:42:6:846
EVAL_INSTANCE:42:7:847
EVAL_INSTANCE:42:8:848
EVAL_INSTANCE:42:9:849
RUN_RESULT:42:0:0:10:UUUURULULL
RUN_RESULT:42:1:0:2000:----
RUN_RESULT:42:2:0:2000:----
RUN_RESULT:42:3:0:10:UUUURULULL
RUN_RESULT:42:4:0:1150:UUUULLRLULLL
RUN_RESULT:42:5:0:10:UUUURULULL
RUN_RESULT:42:6:0:1150:UUUULLRLULLL
RUN_RESULT:42:7:0:10:UUUURULULL
RUN_RESULT:42:8:0:1142:UUUULLRLULLL
RUN_RESULT:42:9:0:1150:UUUULLRLULLL
    43 |      430 | -3.990000E+03 | -3.990000E+03
TRACK:850;561;563;3;0;5;0;5;1;6;4;3;0;10;25;0;5;0;4;20;0.6297388137510807;4;24;3;5;0;8;22;1.6387679997652442;2;1;2;10;17;6;9;25;4;3;2;2;2;2;1;2;10;11;6;9;25;6;3;3;8;6;2;6;4;14;5;2;17;21;6.171067081651891;6;1;3;2;0;21;-8.979766359132212;19;2;13;19;1;1;5;24;1;21;-4.778116458091936;25;3;0;25;24
TRACK:851;561;563;3;0;5;0;5;1;6;4;3;0;10;25;0;5;0;4;20;0.645115706562894;4;24;3;5;0;8;22;1.8004489927088398;6;1;19;24;4;3;2;2;2;2;1;2;10;17;6;9;25;6;3;3;8;6;7;-1.9983925114321415;6;1;3;2;0;21;-8.615295463753146;17;2;13;19;1;1;5;24;1;21;-4.768306165220745;25;3;5;25
TRACK:852;381;526;3;0;5;0;5;1;6;4;3;0;10;25;0;5;0;4;20;0.5334300884931266;4;24;3;5;0;8;22;1.7958792404530506;6;2;5;3;0;3;7;-1.884791555238767;4;24;13;4;3;2;2;2;2;1;2;10;11;6;9;4;3;7;-1.9035107509581097;6;3;3;8;6;2;6;4;14;5;2;17;21;6.202527850922802;6;1;3;2;0;21;-8.998512119765355;11;2;13;19;1;1;5;24;5;20;-8.731021694943875;3;5;25
TRACK:853;381;526;3;0;5;0;5;1;6;4;3;0;10;25;0;5;2;0;21;-8.998512119765355;11;2;13;19;3;5;0;8;22;1.9211733964180546;6;2;5;3;0;3;7;-1.9035107509581097;4;24;13;4;3;2;2;2;2;1;2;10;11;6;9;4;3;24;6;3;3;8;6;2;6;4;14;6;10;6;1;3;2;0;21;-8.940042557827399;11;2;13;19;1;1;5;24;5;8;3;5;25
TRACK:854;489;526;3;0;5;0;5;1;6;4;3;0;10;25;0;5;0;4;20;0.5944776144782205;4;24;3;5;0;8;22;1.6521541418814543;6;2;5;3;0;3;7;-1.9347451502148856;4;24;13;4;25
TRACK:855;489;526;3;0;5;0;5;1;6;4;3;0;10;25;0;5;0;4;20;0.6317182326717258;4;24;3;5;0;8;22;1.9211733964180546;6;2;5;3;0;3;7;-1.9035107509581097;4;24;13;4;3;2;2;2;2;1;2;10;11;6;9;4;3;24;6;3;3;8;6;2;6;4;14;6;10;6;1;3;2;0;21;-8.940042557827399;11;24;1;1;5;24;5;8;3;5;25
TRACK:856;561;509;3;0;5;0;5;1;6;4;3;0;10;25;0;5;0;4;20;0.6297388137510807;4;24;3;5;0;8;22;1.6387679997652442;6;2;25;13;4;3;2;2;2;2;1;2;10;11;6;9;25;6;3;3;8;6;2;6;4;14;5;2;17;21;6.171067081651891;6;1;3;2;0;21;-8.979766359132212;19;2;13;19;1;1;5;24;1;21;-4.778116458091936;25;3;0;25;24
TRACK:857;561;509;3;0;5;0;5;1;6;4;3;0;10;25;0;5;0;4;20;0.6757035951212185;4;19;3;5;0;8;22;1.7737653774675808;6;2;5;3;0;3;7;-1.7577624029895191;4;24;13;4;3;2;2;2;2;1;2;10;17;7;-1.9983925114321415;25;6;3;3;8;6;2;6;4;14;5;2;17;21;6.378544981383671;6;1;3;2;0;21;-8.89127796906232;11;2;13;19;1;1;5;24;1;21;-4.828989826537952;25;3;5;25
TRACK:858;563;567;3;0;5;0;5;1;6;4;3;0;10;25;0;5;0;4;20;0.645115706562894;4;24;3;5;0;8;22;1.8004489927088398;6;1;19;24;4;3;2;2;2;2;1;2;10;17;6;9;25;6;3;3;8;6;2;6;4;14;5;4;24;6;1;3;2;0;21;-8.615295463753146;17;2;13;19;1;1;5;24;1;21;-4.768306165220745;25;3;5;25
TRACK:859;563;567;3;0;5;0;5;1;6;4;3;0;10;25;0;5;0;4;20;0.554959567811991;4;24;3;5;0;8;22;1.5847910097815714;6;2;5;3;0;3;7;-1.955386870631307;4;24;13;4;3;2;2;2;2;1;2;10;11;6;9;25;6;3;3;8;6;2;6;4;14;24;6;1;3;2;0;21;-8.749035212796752;24;2;13;20;-4.280543820769656;1;1;5;24;1;21;-4.712273777889777;25;3;5;25
TRACK:860;850;-1;3;0;5;0;5;1;6;4;3;0;10;25;0;5;0;4;20;0.5381242472253513;4;24;3;5;0;8;22;1.7442546028975296;2;1;2;10;17;6;9;25;4;3;2;2;2;2;1;2;10;11;6;9;25;6;3;3;8;6;2;6;4;14;5;2;17;21;6.221356976782651;6;1;3;3;21;7.040238726810301;1;1;5;24;1;21;-4.718175290221621;25;3;0;25;24
TRACK:861;852;-1;3;0;5;0;5;1;6;4;3;0;10;25;0;5;0;4;20;0.5749368657935786;4;24;3;5;0;8;22;1.692189904603309;6;2;5;3;0;3;7;-1.8699117460039398;4;17;13;4;3;2;2;2;2;1;2;10;11;6;9;4;3;7;-1.9341771509855517;6;3;3;8;6;2;6;4;14;5;2;17;21;6.181954539376078;6;1;3;2;0;21;-8.994527283844784;11;2;13;19;1;1;5;24;5;20;-8.754693659894022;3;5;25
TRACK:862;854;-1;4;5;25
TRACK:863;561;-1;3;0;5;0;5;1;6;4;3;0;10;25;0;5;0;4;20;0.7165277025335295;4;24;3;5;0;8;22;1.5117218894237472;6;2;5;3;0;3;7;-1.9566002884676768;4;24;13;4;3;2;2;2;2;6;5;17;25;6;3;3;8;6;2;6;4;14;5;2;17;21;6.117442805412171;6;1;3;2;0;21;-8.983062302833659;19;2;13;19;1;1;5;24;1;21;-4.8393583985827995;25;3;0;25;24
TRACK:864;858;-1;3;0;5;0;5;1;6;4;3;0;10;25;0;5;0;4;20;0.7258833493673646;4;24;3;5;0;8;22;1.6863032629349415;6;1;19;24;4;3;2;2;2;2;1;2;10;17;6;9;25;6;3;3;8;6;2;6;4;14;5;4;24;6;1;3;1;11;12;1;1;5;24;1;21;-4.842034027699974;25;3;5;25
TRACK:865;851;-1;3;0;5;0;5;1;6;4;3;0;10;25;0;5;0;4;20;0.5159197055272011;4;24;3;5;0;8;22;1.8007913630395163;6;1;5;24;24;4;3;2;2;2;2;1;2;10;17;6;9;25;6;3;3;8;6;7;-2.035542312384302;6;1;3;2;0;21;-8.647000214622597;17;2;13;19;1;1;5;24;1;21;-4.979278712219956;25;3;5;25
TRACK:866;853;-1;3;0;5;0;5;1;6;4;3;0;10;25;0;5;2;0;21;-8.915260690323892;11;2;13;19;3;5;0;8;22;1.8947231268725302;6;2;5;3;0;3;7;-1.8851715670905174;4;24;13;4;3;2;2;2;2;1;2;10;11;6;9;4;3;24;6;3;3;8;6;2;6;4;14;6;10;6;1;3;2;0;21;-9.008128074685358;11;2;13;19;1;1;5;24;5;8;3;5;13
TRACK:867;855;-1;3;0;5;0;2;6;1;0;1;25;15;6;24;4;5;17;0;4;4;3;16;1;5;3;15;4;6;11;6;2;5;3;0;3;7;-1.7996065358384803;4;24;13;4;3;2;2;2;2;1;2;10;11;6;9;4;3;24;6;3;3;8;6;2;6;4;14;6;10;6;1;3;2;0;21;-8.932795976275465;11;24;1;1;5;24;5;8;3;5;25
TRACK:868;509;-1;3;0;5;0;5;1;6;4;3;0;10;25;0;5;0;4;20;0.6196398006993987;4;19;3;5;0;8;22;1.7293467689529327;6;2;5;3;0;3;7;-1.762545672044121;4;24;13;4;3;2;2;2;2;1;2;10;17;6;9;25;6;3;3;8;6;2;6;4;14;5;2;17;10;6;1;3;2;0;21;-8.712973640117841;11;2;13;19;1;1;5;24;1;21;-4.816481631515088;25;3;5;25
TRACK:869;859;-1;3;0;5;0;5;1;3;2;6;18;3;15;0;5;0;4;20;0.604275741449574;4;24;3;5;0;8;22;1.4394614421485072;6;2;5;3;0;3;7;-2.0096349320571694;4;24;13;4;3;2;2;2;2;1;2;10;11;6;9;25;6;3;3;8;6;2;6;4;14;24;6;1;3;2;0;21;-8.663564736224808;24;2;13;20;-4.10484891250617;1;1;5;24;1;21;-4.833217444317998;25;3;5;25
EVAL_INSTANCE:43:0:860
EVAL_INSTANCE:43:1:861
EVAL_INSTANCE:43:2:862
EVAL_INSTANCE:43:3:863
EVAL_INSTANCE:43:4:864
EVAL_INSTANCE:43:5:865
EVAL_INSTANCE:43:6:866
EVAL_INSTANCE:43:7:867
EVAL_INSTANCE:43:8:868
EVAL_INSTANCE:43:9:869
RUN_RESULT:43:0:0:10:UUUURULULL
RUN_RESULT:43:1:0:10:UUUURULULL
RUN_RESULT:43:2:0:2000:----
RUN_RESULT:43:3:0:1150:UUUULLRLULLL
RUN_RESULT:43:4:0:2000:----
RUN_RESULT:43:5:0:2000:----
RUN_RESULT:43:6:0:2000:----
RUN_RESULT:43:7:0:940:UUUURLDLL
RUN_RESULT:43:8:0:10:UUUURULULL
RUN_RESULT:43:9:0:2000:----
    44 |      440 | -3.990000E+03 | -3.990000E+03
TRACK:870;489;381;3;0;5;0;5;1;6;4;3;0;10;25;0;5;0;4;20;0.5944776144782205;4;24;3;5;0;8;22;1.6521541418814543;6;2;8;13;4;3;2;2;2;2;1;2;10;11;6;9;25;6;3;3;8;6;2;6;4;14;5;2;17;21;6.304053572782502;6;1;3;2;0;21;-8.942458218385559;11;2;13;19;1;1;5;24;1;21;-4.903815446000335;25;3;5;25
TRACK:871;489;381;3;0;5;0;5;1;6;4;3;0;10;25;0;5;0;4;20;0.5334300884931266;4;24;3;5;0;8;22;1.7958792404530506;6;2;5;3;0;3;7;-1.884791555238767;4;24;13;4;3;2;2;2;2;1;2;10;11;6;9;4;3;24;6;3;3;8;6;2;6;4;14;5;2;17;21;6.202527850922802;6;1;3;2;0;21;-8.998512119765355;11;0;10;25;1;1;5;24;5;20;-8.731021694943875;3;5;25
TRACK:872;566;561;3;0;5;0;5;1;6;4;3;0;10;25;0;5;0;4;20;0.7351769399066475;4;24;3;5;0;8;22;1.9178699543291196;6;2;5;3;0;3;7;-1.835310306323171;4;24;13;4;3;2;2;2;2;24;4;3;24;6;3;3;8;6;2;6;4;14;6;10;6;1;3;2;0;21;-8.826652726924944;11;2;13;9;1;1;5;25;5;8;3;5;25
TRACK:873;566;561;3;0;5;0;5;1;6;4;3;0;10;25;0;5;0;4;20;0.6297388137510807;4;24;3;5;0;8;22;1.6387679997652442;6;2;5;3;0;3;7;-1.9983925114321415;4;24;13;4;3;2;2;2;2;1;2;10;11;6;9;25;6;3;3;8;6;2;6;4;14;5;2;17;21;6.171067081651891;6;1;3;2;0;21;-8.979766359132212;19;2;13;19;1;1;5;24;1;21;-4.778116458091936;25;3;0;25;24
TRACK:874;547;563;3;0;5;0;5;1;6;4;3;0;10;25;0;5;0;4;20;0.6163724510451069;4;24;3;5;0;8;22;1.781538475512475;6;1;19;24;4;3;2;2;2;2;1;2;10;17;6;9;25;6;3;3;8;21;-4.768306165220745;6;1;3;2;0;21;-8.798170546052466;11;2;13;19;1;1;5;24;1;21;-4.909247867364276;25;3;5;25
TRACK:875;547;563;3;0;5;0;5;1;6;4;3;0;10;25;0;5;0;4;20;0.645115706562894;4;24;3;5;0;8;22;1.8004489927088398;6;1;19;24;4;3;2;2;2;2;1;2;10;17;6;9;25;6;3;3;8;6;2;6;4;14;5;2;17;11;6;1;3;2;0;21;-8.615295463753146;17;2;13;19;1;1;5;24;1;21;-4.768306165220745;25;3;5;25
TRACK:876;526;381;3;0;5;0;5;1;6;4;3;0;10;25;0;5;0;4;20;0.6317182326717258;4;24;3;5;0;8;22;1.9211733964180546;6;2;5;3;0;3;7;-1.9035107509581097;4;24;13;4;3;2;2;2;2;1;2;10;11;6;9;4;3;13;6;3;3;8;6;2;6;4;14;6;10;6;1;3;2;0;21;-8.940042557827399;11;2;13;19;1;1;5;24;5;8;3;5;25
TRACK:877;526;381;3;0;5;0;5;1;6;4;3;0;10;25;0;5;0;4;20;0.5334300884931266;4;24;3;5;0;8;22;1.7958792404530506;6;2;5;3;0;3;7;-1.884791555238767;4;24;13;4;3;2;2;2;3;2;0;21;-8.940042557827399;11;2;13;19;6;3;3;8;6;2;6;4;14;5;2;17;21;6.202527850922802;6;1;3;2;0;21;-8.998512119765355;11;2;13;19;1;1;5;24;5;20;-8.731021694943875;3;5;25
TRACK:878;489;509;3;0;5;0;5;1;6;4;3;0;10;25;0;5;0;4;20;0.5944776144782205;4;24;3;5;0;8;22;1.6521541418814543;6;1;3;2;0;21;-8.89127796906232;11;2;13;19;1;1;5;24;1;21;-4.828989826537952;25;3;5;25;4;3;2;2;2;2;1;2;10;11;6;9;25;6;3;3;8;6;2;6;4;14;5;2;17;21;6.304053572782502;6;1;3;2;0;21;-8.942458218385559;11;2;13;19;1;1;5;24;1;21;-4.903815446000335;25;3;5;25
TRACK:879;489;509;3;0;5;0;5;1;6;4;3;0;10;25;0;5;0;4;20;0.6757035951212185;4;19;3;5;0;8;22;1.7737653774675808;6;2;5;3;0;3;7;-1.7577624029895191;4;24;13;4;3;2;2;2;2;1;2;10;17;6;9;25;6;3;3;8;6;2;6;4;14;5;2;17;21;6.378544981383671;6;1;3;2;0;21;-8.89127796906232;11;2;13;19;1;1;5;21;6.304053572782502;1;21;-4.828989826537952;25;3;5;25
TRACK:880;870;-1;3;0;5;0;5;1;6;4;3;0;10;25;0;5;0;4;20;0.6604519029888549;4;24;3;5;0;8;22;1.5852041570410447;6;2;8;13;4;3;2;2;2;2;1;2;10;11;6;9;25;6;3;3;8;5;1;1;5;22;-7.05991547245821;6;16;6;5;25;6;1;3;2;0;21;-8.854902090416736;11;2;13;19;1;1;5;24;1;21;-4.842204187184301;25;3;5;25
TRACK:881;872;-1;3;0;5;0;5;1;6;4;4;11;0;5;0;4;20;0.6543247951082729;4;24;3;5;0;8;22;1.9099122324986777;6;2;5;3;0;3;7;-1.9368653684596677;4;24;13;4;3;2;2;2;2;24;4;3;24;6;3;3;8;6;2;6;4;14;6;10;6;1;3;2;0;21;-8.985463243375868;11;2;13;9;1;1;5;25;5;8;3;5;25
TRACK:882;874;-1;3;0;5;0;5;1;6;4;3;0;10;25;0;5;0;4;20;0.7463532967772397;4;24;3;5;0;8;22;1.8778747262217352;6;1;19;24;4;3;2;2;2;2;1;2;10;17;6;9;25;6;3;3;8;21;-4.701510436799755;6;1;3;2;0;21;-8.853657189559009;11;2;13;19;1;1;5;24;1;21;-4.978256666877563;25;3;2;14;11
TRACK:883;876;-1;3;0;5;0;5;1;6;4;3;0;10;25;0;5;0;4;20;0.5145254664355707;4;24;3;5;0;8;22;2.044301758380216;4;2;6;17;4;13;4;3;2;2;2;2;1;2;10;11;6;9;4;3;13;6;3;3;8;6;2;6;4;14;6;10;6;1;3;2;0;21;-8.985458657630666;11;2;13;19;1;1;5;24;5;8;3;5;25
TRACK:884;489;-1;3;0;5;0;5;1;6;4;3;0;10;25;0;5;0;4;20;0.6305160950567137;4;24;3;5;0;8;22;1.724815334326935;6;2;5;3;0;3;7;-1.966992579839061;4;24;13;5;7;-9.855673945121469
TRACK:885;871;-1;3;0;5;0;5;1;6;4;3;0;10;25;0;5;0;4;20;0.4433102368484849;4;24;3;5;0;8;22;1.8872272337449003;6;2;5;3;0;3;7;-1.761613772113686;4;24;13;4;3;2;2;2;2;1;2;10;11;6;15;4;3;24;6;3;3;8;6;2;6;4;14;5;2;17;21;6.360540698633172;6;1;3;2;0;21;-8.881025649509931;11;0;10;25;1;1;5;24;5;20;-8.736981543496178;3;5;25
TRACK:886;873;-1;3;0;5;0;5;1;6;4;3;0;12;25;0;5;0;4;20;0.7388601888739769;4;24;3;5;0;8;22;1.640690115809545;6;2;5;3;0;3;7;-2.020356342991367;4;24;13;4;3;2;2;2;2;1;2;10;11;6;9;25;6;3;3;8;6;2;6;4;14;5;2;17;21;6.004434125727553;6;1;3;2;0;21;-8.881124266573323;19;2;13;19;1;1;5;24;1;21;-4.698980131150153;25;3;0;25;24
TRACK:887;875;-1;3;0;5;0;5;1;6;4;3;0;10;25;0;5;0;4;20;0.6529643569842386;4;24;3;5;0;8;22;1.689939751057413;6;1;19;24;4;3;2;2;2;2;1;2;10;17;6;9;25;6;3;3;8;6;2;6;4;14;5;2;17;21;3.518099737024958;6;1;3;2;0;21;-8.747706912340906;17;2;13;19;1;1;5;24;1;21;-4.829033442816687;25;3;5;25
TRACK:888;877;-1;3;0;5;0;5;1;6;4;3;0;10;25;0;5;0;4;20;0.5029678344594771;4;24;3;5;0;8;22;1.7925330533085775;6;2;5;3;0;3;7;-1.826591459851635;4;24;13;4;3;2;2;2;3;2;0;21;-8.708210111386705;11;2;13;19;6;3;3;8;6;2;6;4;14;5;2;17;21;6.2291295412938155;4;6;1;6;6;22;-9.76480888938778;5;2;11;13
TRACK:889;509;-1;3;0;5;0;5;1;6;4;3;0;10;25;0;5;0;4;20;0.6432133770377859;4;19;3;5;0;8;22;1.7751202735355458;6;2;5;3;0;3;7;-1.6542873740636463;4;24;13;4;3;2;2;2;2;1;2;10;17;6;9;25;6;3;3;8;6;2;6;4;14;5;2;17;21;6.362885146118986;6;1;3;2;0;21;-8.949104374385907;25;2;13;19;1;1;5;24;1;21;-5.119282227633544;25;3;5;25
EVAL_INSTANCE:44:0:880
EVAL_INSTANCE:44:1:881
EVAL_INSTANCE:44:2:882
EVAL_INSTANCE:44:3:883
EVAL_INSTANCE:44:4:884
EVAL_INSTANCE:44:5:885
EVAL_INSTANCE:44:6:886
EVAL_INSTANCE:44:7:887
EVAL_INSTANCE:44:8:888
EVAL_INSTANCE:44:9:889
RUN_RESULT:44:0:0:2000:----
RUN_RESULT:44:1:0:2000:----
RUN_RESULT:44:2:0:2000:----
RUN_RESULT:44:3:0:10:UUUURULULL
RUN_RESULT:44:4:0:1150:UUUULLRLULLL
RUN_RESULT:44:5:0:1150:UUUULLRLULLL
RUN_RESULT:44:6:0:953:UUUURLDLL
RUN_RESULT:44:7:0:10:UUUURULULL
RUN_RESULT:44:8:0:1150:UUUULLRLULLL
RUN_RESULT:44:9:0:10:UUUURULULL
    45 |      450 | -3.990000E+03 | -3.990000E+03
TRACK:890;509;542;3;0;5;0;5;1;6;4;3;0;10;25;0;5;0;4;20;0.6757035951212185;4;19;3;5;0;8;22;1.7737653774675808;6;2;5;3;0;3;7;-1.7577624029895191;4;24;13;4;3;2;2;2;2;1;2;10;17;6;9;25;6;3;3;8;6;2;6;4;14;5;2;17;21;6.378544981383671;6;1;3;2;0;21;-8.89127796906232;11;2;13;19;1;1;5;24;1;21;-4.828989826537952;25;3;5;25
TRACK:891;509;542;3;0;5;0;5;1;6;4;3;0;10;25;2;10;17;6;2;5;3;0;3;7;-1.7118801581016863;4;24;13;4;3;2;2;2;2;1;2;10;17;6;9;25;6;3;3;8;6;2;6;4;14;5;2;17;21;6.399232195658325;6;1;3;4;13;1;1;5;9;1;21;-4.703083459155892;25;3;5;25
TRACK:892;561;563;3;0;5;0;5;1;6;4;3;0;10;25;0;5;0;4;20;0.6297388137510807;4;24;3;5;0;8;22;1.6387679997652442;6;2;5;3;0;3;7;-1.9983925114321415;4;24;13;4;3;2;2;2;2;1;2;10;11;6;9;25;24;6;2;6;4;14;5;2;17;21;6.171067081651891;6;1;3;2;0;21;-8.979766359132212;19;2;13;19;1;1;5;24;1;21;-4.778116458091936;25;3;0;25;24
TRACK:893;561;563;3;0;5;0;5;1;6;4;3;0;10;10;0;5;0;4;20;0.645115706562894;4;24;3;5;0;8;22;1.8004489927088398;6;1;19;24;4;3;2;2;2;2;1;2;10;17;6;9;25;6;3;3;8;6;2;6;4;14;5;2;17;21;6.291213416371669;6;1;3;2;0;21;-8.615295463753146;17;2;13;19;1;1;5;24;1;21;-4.768306165220745;25;3;5;25
TRACK:894;526;563;3;0;5;0;5;1;6;4;3;0;10;25;0;5;0;4;20;0.6317182326717258;4;24;3;5;0;8;22;1.9211733964180546;6;2;5;3;0;3;7;-1.9035107509581097;4;24;13;4;3;2;2;2;2;1;2;10;11;6;9;4;3;24;6;3;3;8;6;2;6;4;14;6;10;6;1;3;2;0;21;-8.940042557827399;11;2;13;19;1;1;5;24;5;8;3;5;13
TRACK:895;526;563;3;0;5;0;5;1;6;4;3;0;10;25;0;5;0;4;20;0.645115706562894;4;24;3;5;0;8;22;1.8004489927088398;6;1;19;24;4;3;2;2;2;2;1;2;10;17;6;9;25;6;3;5;24;6;2;6;4;14;5;2;17;21;6.291213416371669;6;1;3;2;0;21;-8.615295463753146;17;2;13;19;1;1;5;24;1;21;-4.768306165220745;25;3;5;25
TRACK:896;547;567;3;0;5;0;5;1;6;4;3;0;10;25;0;5;0;4;20;0.6163724510451069;4;24;3;5;0;8;22;1.781538475512475;6;1;19;24;4;3;2;2;2;2;1;2;10;17;6;9;25;6;3;3;8;6;2;6;4;14;5;2;17;21;6.413665836382024;6;1;3;2;0;21;-8.798170546052466;21;-4.712273777889777;2;13;19;1;1;5;24;1;21;-4.909247867364276;25;3;5;25
TRACK:897;547;567;3;0;5;0;5;1;6;4;3;0;10;25;0;5;0;4;20;0.554959567811991;4;24;3;5;0;8;22;1.5847910097815714;6;2;5;3;0;3;7;-1.955386870631307;4;24;13;4;3;10
TRACK:898;566;489;3;0;5;0;5;1;6;4;3;0;10;25;0;5;0;4;20;0.7351769399066475;4;24;3;5;0;8;22;1.9178699543291196;6;2;5;3;0;3;7;-1.835310306323171;4;24;13;4;3;2;2;2;2;1;2;10;11;6;9;4;3;24;6;3;3;8;6;2;6;4;14;6;10;6;1;11;1;1;5;25;5;8;3;5;25
TRACK:899;566;489;3;0;5;0;5;1;6;4;3;0;10;25;0;5;0;4;20;0.5944776144782205;4;24;3;5;0;8;22;1.6521541418814543;6;5;25;4;3;2;2;2;2;1;2;10;11;6;9;25;6;3;3;8;6;2;6;4;14;5;2;17;21;6.304053572782502;6;1;3;2;0;21;-8.942458218385559;11;2;13;19;1;1;5;24;1;21;-4.903815446000335;25;3;5;25
TRACK:900;890;-1;3;0;5;0;5;1;6;4;3;0;10;25;0;5;0;4;20;0.6346071203875516;4;19;3;5;0;8;22;1.71727672894062;6;2;5;3;0;3;7;-1.8223105764781191;4;24;13;4;3;2;2;2;2;1;2;10;17;6;10;25;6;3;3;8;6;2;6;4;14;5;2;17;21;6.46688581147035;6;1;3;2;0;21;-8.949224212677123;11;2;13;19;1;1;5;24;1;21;-4.851111195767992;25;3;5;25
TRACK:901;892;-1;3;0;5;0;5;1;6;4;3;0;10;25;0;5;0;4;20;0.6754832296964626;4;24;3;5;0;8;22;1.6470194009618973;6;2;5;3;0;3;7;-2.0926312889183865;4;24;13;4;3;2;2;2;2;1;2;10;11;6;9;25;24;6;2;6;4;14;5;4;12;6;1;3;2;0;21;-9.00260151960077;19;2;13;19;1;1;5;24;1;21;-4.639448510033782;25;3;0;25;24
TRACK:902;526;-1;3;0;5;0;5;1;6;4;4;7;-9.65346927002998;0;5;0;4;20;0.6744587633793112;4;24;3;5;0;8;22;1.993557147634528;6;2;5;3;0;3;7;-1.8052698299139185;4;24;13;4;3;2;2;2;2;1;2;10;11;6;9;4;3;24;6;3;3;8;6;2;6;4;14;6;10;6;1;3;2;0;21;-8.929647142050651;11;2;13;19;1;1;5;24;5;8;3;5;25
TRACK:903;896;-1;3;0;1;3;11;6;21;-3.5967597021444986;1;0;11;25;4;13
TRACK:904;898;-1;3;0;5;0;5;1;6;4;3;0;10;25;0;5;0;4;20;0.6143276504973723;4;24;3;5;0;8;22;1.8762892604392112;6;2;5;3;0;3;7;-1.7883410587547623;4;24;13;4;3;2;2;2;2;1;2;10;11;6;9;4;3;24;6;3;3;8;6;2;6;19;6;10;6;1;11;1;1;5;25;5;8;3;5;25
TRACK:905;891;-1;3;0;5;0;5;1;6;4;3;0;10;9;2;10;17;6;2;5;3;0;3;7;-1.6915649713813203;4;24;13;4;3;2;2;2;2;1;2;10;17;6;9;25;6;3;3;8;6;2;6;4;14;5;2;17;21;6.339730823261517;6;1;3;4;13;1;1;5;9;1;21;-4.788429232105893;25;3;5;25
TRACK:906;893;-1;3;0;5;0;5;1;6;4;3;0;10;10;0;5;0;4;20;0.7179318816755804;4;24;3;5;0;8;22;1.881783720258088;6;1;19;24;4;3;6;1;5;1;22;7.0452388520817095;10;0;6;21;-4.3081934228075465;2;22;0.8285668296655366;20;-5.971150846943183
TRACK:907;563;-1;3;0;5;0;5;1;6;4;3;0;10;25;0;5;0;4;20;0.757543795263772;4;24;3;5;0;8;22;1.8168085037099013;6;1;19;24;4;3;2;2;2;2;1;2;10;17;6;9;25;6;3;3;8;6;2;6;4;14;5;2;17;21;6.2198548149324715;6;1;3;4;11;1;1;5;24;1;21;-4.584592927518343;25;3;5;25
TRACK:908;897;-1;3;0;5;0;5;1;6;4;3;0;10;25;1;6;9;5;22;8.748087970971262;6;2;5;3;0;3;7;-2.054769288100025;4;24;13;4;3;10
TRACK:909;899;-1;3;0;5;0;5;1;6;4;3;0;10;25;0;5;0;4;20;0.5002306627034958;4;24;3;5;0;8;22;1.7413832120207022;6;5;25;1;2;12;16;4;12
EVAL_INSTANCE:45:0:900
EVAL_INSTANCE:45:1:901
EVAL_INSTANCE:45:2:902
EVAL_INSTANCE:45:3:903
EVAL_INSTANCE:45:4:904
EVAL_INSTANCE:45:5:905
EVAL_INSTANCE:45:6:906
EVAL_INSTANCE:45:7:907
EVAL_INSTANCE:45:8:908
EVAL_INSTANCE:45:9:909
RUN_RESULT:45:0:0:1150:UUUULLRLULLL
RUN_RESULT:45:1:0:2000:----
RUN_RESULT:45:2:0:940:UUUURLDLL
RUN_RESULT:45:3:0:2000:----
RUN_RESULT:45:4:0:10:UUUURULULL
RUN_RESULT:45:5:0:2000:----
RUN_RESULT:45:6:0:2000:----
RUN_RESULT:45:7:0:10:UUUURULULL
RUN_RESULT:45:8:0:2000:----
RUN_RESULT:45:9:0:2000:----
    46 |      460 | -3.990000E+03 | -3.990000E+03
TRACK:910;489;567;3;0;5;0;5;1;6;4;3;0;10;25;0;5;0;4;20;0.5944776144782205;4;24;3;5;0;8;22;1.6521541418814543;6;2;5;3;0;3;7;-1.9347451502148856;4;24;13;4;3;2;2;2;2;1;2;10;11;6;9;25;6;3;3;8;6;2;6;4;14;5;2;17;21;6.304053572782502;6;1;3;2;0;21;-8.942458218385559;11;2;13;19;1;1;5;24;1;25;25;3;5;25
TRACK:911;489;567;3;0;5;0;5;1;6;4;3;0;10;25;0;5;0;4;20;0.554959567811991;4;24;3;5;0;8;22;1.5847910097815714;6;2;5;3;0;3;7;-1.955386870631307;4;24;13;4;3;2;2;2;2;1;2;10;11;6;13;25;6;3;3;8;6;2;6;4;14;5;2;17;21;6.262568272526572;6;1;3;2;0;21;-8.749035212796752;24;2;13;20;-4.280543820769656;1;1;5;24;1;21;-4.712273777889777;25;3;5;25
TRACK:912;381;561;3;0;5;0;5;1;6;4;3;0;10;25;0;5;0;4;20;0.5334300884931266;4;24;3;5;0;8;22;1.7958792404530506;6;2;5;3;0;3;7;-1.884791555238767;4;24;13;4;3;2;2;2;2;1;2;10;11;6;9;4;3;24;6;3;3;8;6;2;6;4;14;5;2;17;21;6.202527850922802;6;1;3;2;0;21;-8.998512119765355;11;2;13;19;1;1;5;24;5;20;-8.731021694943875;3;5;25
TRACK:913;381;561;3;0;5;0;5;1;6;4;3;0;10;25;0;5;0;4;20;0.6297388137510807;4;24;3;5;0;8;22;1.6387679997652442;6;2;5;3;0;3;7;-1.9983925114321415;4;24;13;4;3;2;2;2;2;1;2;20;0.5334300884931266;11;6;9;25;6;3;3;8;6;2;6;4;14;5;2;17;21;6.171067081651891;6;1;3;2;0;21;-8.979766359132212;19;2;13;19;1;1;5;24;1;21;-4.778116458091936;25;3;0;25;24
TRACK:914;563;567;3;0;5;0;5;1;6;4;3;0;10;25;0;5;0;4;20;0.645115706562894;4;24;3;5;0;8;22;1.8004489927088398;6;1;19;24;4;20;0.554959567811991
TRACK:915;563;567;3;0;5;0;5;1;6;4;3;0;10;25;0;5;0;4;20;0.554959567811991;4;24;3;5;0;8;22;1.5847910097815714;6;2;5;3;0;3;7;-1.955386870631307;4;24;13;4;3;2;2;2;2;1;2;10;11;6;9;25;6;3;3;8;6;2;6;4;14;5;2;17;21;6.262568272526572;6;1;3;2;0;21;-8.749035212796752;24;4;24;1;1;5;24;1;21;-4.712273777889777;25;3;5;25
TRACK:916;381;563;3;0;5;0;5;1;6;4;3;0;10;25;0;5;0;4;20;0.5334300884931266;4;24;3;5;0;8;22;1.7958792404530506;6;2;5;3;0;3;7;-1.884791555238767;4;24;13;4;3;2;2;2;2;1;2;10;11;2;13;19;4;3;24;6;3;3;8;6;2;6;4;14;5;2;17;21;6.202527850922802;6;1;3;2;0;21;-8.998512119765355;11;2;13;19;1;1;5;24;5;20;-8.731021694943875;3;5;25
TRACK:917;381;563;3;0;5;0;5;1;6;24;0;5;0;4;20;0.645115706562894;4;24;3;5;0;8;22;1.8004489927088398;6;1;19;24;4;3;2;2;2;2;1;2;10;17;6;9;25;6;3;3;8;6;2;6;4;14;5;2;17;21;6.291213416371669;6;1;3;2;0;21;-8.615295463753146;17;2;13;19;1;1;5;24;1;21;-4.768306165220745;25;3;5;25
TRACK:918;542;561;3;0;5;0;5;1;6;4;3;0;10;25;0;5;0;4;20;0.6812157983887053;4;19;3;5;0;8;22;1.7381989359384042;6;2;5;3;0;3;7;-1.7118801581016863;4;24;13;4;3;2;2;7;-1.9983925114321415;6;2;6;4;14;5;2;17;21;6.399232195658325;6;1;3;4;13;1;1;5;9;1;21;-4.703083459155892;25;3;5;25
TRACK:919;542;561;3;0;5;0;5;1;6;4;3;0;10;25;0;5;0;4;20;0.6297388137510807;4;24;3;5;0;8;22;1.6387679997652442;6;2;5;3;0;3;7;-1.9983925114321415;4;24;13;4;3;2;2;2;2;1;21;-4.703083459155892;6;9;25;6;3;3;8;6;2;6;4;14;5;2;17;21;6.171067081651891;6;1;3;2;0;21;-8.979766359132212;19;2;13;19;1;1;5;24;1;21;-4.778116458091936;25;3;0;25;24
TRACK:920;910;-1;3;0;5;0;5;1;6;2;6;1;24;24;4;2;7;-6.9465168284126255;17;0;5;0;4;20;0.5822305578283103;4;24;3;5;0;8;22;1.7185083656845903;6;2;5;3;0;3;7;-1.955216214930977;4;24;13;4;3;2;2;2;2;1;2;10;11;6;9;25;6;3;3;8;6;2;6;4;14;5;2;17;21;6.284789099237938;6;1;3;2;0;21;-8.934866563576541;11;2;13;19;1;1;5;24;1;25;25;3;5;25
TRACK:921;912;-1;3;0;5;0;5;1;6;4;3;0;10;25;0;5;0;4;20;0.5840398208266749;4;24;3;5;0;8;22;1.838220656221831;6;2;5;3;0;3;7;-1.9753682328033535;4;24;13;4;3;2;2;2;2;1;3;17;6;9;4;3;24;6;3;3;8;6;2;6;4;14;5;2;17;21;6.120644376591692;6;1;3;2;0;21;-8.93656020171319;11;2;13;19;1;1;5;24;5;20;-8.682514518318364;3;5;25
TRACK:922;914;-1;3;0;5;0;5;1;6;4;3;0;10;25;0;5;0;4;20;0.789454247862861;4;24;5;24;6;1;19;24;4;20;0.5714687990077142
TRACK:923;916;-1;3;0;5;0;5;1;6;4;3;0;10;25;0;5;0;4;20;0.6318823324374254;4;24;3;5;0;8;22;1.7360197686708145;6;2;5;3;0;3;7;-1.7995740306241255;4;24;13;4;19
TRACK:924;918;-1;3;0;5;0;1;6;2;1;1;11;12;5;11;0;1;14;8;0;22;-1.6541515705586143;15;2;1;3;6;9;5;2;14;13;4;5;4;16;6;2;5;3;0;3;7;-1.8403343310956433;4;24;13;4;3;2;2;7;-1.82141226833049;6;2;6;4;14;5;2;17;21;6.477264745240318;6;1;3;4;13;1;1;5;9;1;21;-4.628321756593402;25;3;5;25
TRACK:925;911;-1;3;0;5;0;5;1;6;4;3;0;10;25;0;5;0;4;20;0.5858971930385426;4;24;3;5;0;8;22;1.6194298843588688;6;2;5;3;0;3;7;-2.0852107636169745;4;24;13;4;3;2;2;2;2;1;2;10;11;6;13;25;6;3;3;8;6;2;6;4;14;5;2;17;21;6.155584744606894;6;1;3;2;0;21;-8.728358035639934;24;2;13;20;-4.132904706797352;1;3;1;7;9.930211110435355;13;3;5;25
TRACK:926;913;-1;3;0;5;0;5;1;6;4;3;0;10;25;0;5;0;4;20;0.5974095199790895;4;24;3;5;0;8;22;1.6531696520911825;6;2;5;3;0;3;7;-1.868956994555212;4;24;13;4;3;2;2;2;2;1;5;23;-6.693769999229127;6;9;25;6;3;3;8;6;2;6;4;14;5;2;17;21;6.3205156651130725;6;1;3;2;0;21;-8.997065923407579;19;2;13;19;1;1;5;24;1;21;-4.775553724548632;25;3;0;25;24
TRACK:927;915;-1;3;0;5;0;5;1;6;4;3;5;8;0;5;0;4;20;0.5782466387078576;4;24;3;5;0;8;22;1.6726514779189317;6;2;5;3;0;3;7;-1.9555991826287173;4;24;13;4;3;2;2;2;2;1;2;10;11;6;9;25;6;3;3;8;6;2;6;4;14;5;2;17;21;6.1313351765926605;6;1;3;2;0;21;-8.786088628726374;24;4;24;1;1;5;24;1;21;-4.73131177134616;25;3;5;25
TRACK:928;917;-1;3;0;5;0;5;1;6;24;0;5;0;4;20;0.6169824954592062;4;24;3;5;0;8;22;1.8522528735095365;6;1;19;24;4;3;2;2;2;2;1;2;10;17;6;9;25;6;3;3;8;6;2;6;4;14;5;2;17;21;6.284405693611319;6;1;3;2;0;21;-8.686866194617512;17;2;13;19;1;3;13;3;5;25
TRACK:929;919;-1;3;0;5;0;1;16;20;-1.944486589738979;6;2;5;3;0;3;7;-1.9469955800672307;4;24;13;4;3;2;2;2;2;1;21;-4.712862224396412;6;9;25;6;3;3;8;6;2;6;4;14;5;2;17;21;6.128210432689458;6;1;3;2;0;21;-9.040897829436483;19;2;13;19;1;1;5;24;1;21;-4.731764743673453;25;3;0;25;24
EVAL_INSTANCE:46:0:920
EVAL_INSTANCE:46:1:921
EVAL_INSTANCE:46:2:922
EVAL_INSTANCE:46:3:923
EVAL_INSTANCE:46:4:924
EVAL_INSTANCE:46:5:925
EVAL_INSTANCE:46:6:926
EVAL_INSTANCE:46:7:927
EVAL_INSTANCE:46:8:928
EVAL_INSTANCE:46:9:929
RUN_RESULT:46:0:0:2000:----
RUN_RESULT:46:1:0:1150:UUUULLRLULLL
RUN_RESULT:46:2:0:2000:----
RUN_RESULT:46:3:0:1150:UUUULLRLULLL
RUN_RESULT:46:4:0:2000:----
RUN_RESULT:46:5:0:1150:UUUULLRLULLL
RUN_RESULT:46:6:0:99:UUUULLRLULLL
RUN_RESULT:46:7:0:940:UUUURLDLL
RUN_RESULT:46:8:0:1312:UUUURLDLL
RUN_RESULT:46:9:0:2000:----
    47 |      470 | -3.990000E+03 | -3.990000E+03
TRACK:930;542;561;3;0;5;0;5;1;6;4;3;0;10;25;0;5;0;4;20;0.6812157983887053;4;19;3;5;0;8;22;1.7381989359384042;6;1;2;10;11;6;9;4;3;2;2;2;2;1;2;10;17;6;9;25;6;3;3;8;6;2;6;4;14;5;2;17;21;6.399232195658325;6;1;3;4;13;1;1;5;9;1;21;-4.703083459155892;25;3;5;25
TRACK:931;542;561;3;0;5;0;5;1;6;4;3;0;10;25;0;5;0;4;25;4;24;3;5;0;8;22;1.6387679997652442;6;2;5;3;0;3;7;-1.9983925114321415;4;24;13;4;3;2;2;2;2;1;2;10;11;6;9;25;6;3;3;8;6;2;6;4;14;5;2;17;21;6.171067081651891;6;1;3;2;0;21;-8.979766359132212;19;2;13;19;1;1;5;24;1;21;-4.778116458091936;25;3;0;25;24
TRACK:932;563;526;3;0;5;0;5;1;6;4;3;0;10;25;0;5;0;4;20;0.645115706562894;4;24;3;5;0;20;0.6317182326717258;22;1.8004489927088398;6;1;19;24;4;3;2;2;2;2;1;2;10;17;6;9;25;6;3;3;8;6;2;6;4;14;5;2;17;21;6.291213416371669;6;1;3;2;0;21;-8.615295463753146;17;2;13;19;1;1;5;24;1;21;-4.768306165220745;25;3;5;25
TRACK:933;563;526;3;0;5;0;5;1;6;4;3;0;10;25;0;5;0;4;20;0.6317182326717258;4;24;2;1;2;10;17;6;9;25;6;2;5;3;0;3;7;-1.9035107509581097;4;24;13;4;3;2;2;2;2;1;2;10;11;6;9;4;3;24;6;3;3;8;6;2;6;4;14;6;10;6;1;3;2;0;21;-8.940042557827399;11;2;13;19;1;1;5;24;5;8;3;5;25
TRACK:934;381;381;3;0;5;0;5;1;6;4;3;0;10;25;0;5;0;4;20;0.5334300884931266;4;24;3;5;0;8;22;1.7958792404530506;6;2;5;3;0;3;7;-1.884791555238767;4;24;13;4;3;2;2;2;2;1;2;10;11;6;9;4;3;24;6;3;3;20;-8.731021694943875;6;2;6;4;14;5;2;17;21;6.202527850922802;6;1;3;2;0;21;-8.998512119765355;11;2;13;19;1;1;5;24;5;20;-8.731021694943875;3;5;25
TRACK:935;381;381;3;0;5;0;5;1;6;4;3;0;10;25;0;5;0;4;20;0.5334300884931266;4;24;3;5;0;8;22;1.7958792404530506;6;2;5;3;0;3;7;-1.884791555238767;4;24;13;4;3;2;2;2;2;1;2;10;11;6;9;4;3;24;6;3;3;8;6;2;6;4;14;5;2;17;21;6.202527850922802;6;1;3;2;4;24;2;13;19;1;1;5;24;5;20;-8.731021694943875;3;5;25
TRACK:936;561;563;3;0;5;0;5;1;6;4;3;0;10;25;0;5;0;4;20;0.6297388137510807;4;24;3;5;2;17;21;6.291213416371669;6;2;5;3;0;3;7;-1.9983925114321415;4;24;13;4;3;2;2;2;2;1;2;10;11;6;9;25;6;3;3;8;6;2;6;4;14;5;2;17;21;6.171067081651891;6;1;3;2;0;21;-8.979766359132212;19;2;13;19;1;1;5;24;1;21;-4.778116458091936;25;3;0;25;24
TRACK:937;561;563;3;0;5;0;5;1;6;4;3;0;10;25;0;5;0;4;20;0.645115706562894;4;24;3;5;0;8;22;1.8004489927088398;6;1;19;24;21;6.171067081651891
TRACK:938;509;566;3;0;5;0;5;1;6;4;3;0;10;25;0;5;0;4;20;0.6757035951212185;4;19;3;5;0;8;22;1.7737653774675808;6;2;5;3;0;3;7;-1.7577624029895191;4;24;13;4;3;2;2;2;2;1;2;10;17;6;9;25;6;3;2;10;11;6;2;6;4;14;5;2;17;21;6.378544981383671;6;1;3;2;0;21;-8.89127796906232;11;2;13;19;1;1;5;24;1;21;-4.828989826537952;25;3;5;25
TRACK:939;509;566;3;0;5;0;5;1;6;4;3;0;10;25;0;5;0;4;20;0.7351769399066475;4;24;3;5;0;8;22;1.9178699543291196;6;2;5;3;0;3;7;-1.835310306323171;4;24;13;4;3;2;2;2;2;1;2;10;11;6;9;3;8;6;3;3;8;6;2;6;4;14;6;10;6;1;3;2;0;21;-8.826652726924944;11;2;13;9;1;1;5;25;5;8;3;5;25
TRACK:940;930;-1;3;0;5;0;5;1;6;4;3;0;10;25;0;5;0;4;20;0.5458116426549697;4;19;3;5;0;8;22;1.6029991670366812;6;1;2;10;11;6;9;4;3;2;1;6;4;3;4;15;4;2;2;3;15;0;10;15;3;5;12;6;1;3;4;13;1;1;5;9;1;21;-4.822011322435621;25;3;5;25
TRACK:941;932;-1;3;0;5;0;5;1;6;4;3;0;10;25;0;5;0;4;20;0.743001443458877;4;24;3;5;0;20;0.7415108809075409;22;1.8805647649243595;6;1;19;24;4;3;2;3;2;6;14;0;13;14;6;1;3;2;0;21;-8.601132736021;17;2;13;19;1;1;5;24;1;21;-4.997201702423544;25;3;5;25
TRACK:942;381;-1;3;0;5;0;5;1;6;4;3;0;19;25;0;5;0;4;20;0.6485363517753555;4;24;3;5;0;8;22;1.8739013519952978;6;2;5;3;0;3;7;-1.8213031769090653;4;24;13;4;3;2;2;2;2;1;2;10;11;6;9;4;3;24;6;3;3;8;6;2;6;4;14;5;2;17;21;6.247173643301248;6;1;3;2;0;21;-8.861955178224482;11;2;13;19;1;1;5;24;5;20;-8.791515007238907;3;5;25
TRACK:943;936;-1;3;0;5;0;5;1;6;1;5;23;-8.155691347369869;6;7;5.136941556411784;0;5;0;4;20;0.5235302017200874;4;24;3;5;2;17;21;6.292965383290874;6;2;5;3;0;3;7;-1.9468263016528977;4;24;13;4;3;2;2;2;2;1;2;10;11;6;9;25;6;3;3;8;6;2;6;4;14;5;2;17;21;6.348500812449595;6;1;3;2;0;21;-8.925075887970161;19;2;13;19;1;1;5;24;1;21;-4.846891169558036;25;3;0;25;24
TRACK:944;938;-1;3;0;5;0;5;1;6;4;3;0;10;25;0;5;0;4;20;0.6940308203510162;4;19;3;5;0;8;22;1.728908164320473;6;2;5;3;0;3;7;-1.6980836901446044;4;24;13;4;3;2;2;2;2;1;2;10;17;6;9;25;6;3;2;10;10;6;2;6;4;14;5;2;17;21;6.341965485857014;6;1;3;2;0;21;-8.912343346333161;11;2;13;19;1;1;5;24;1;21;-4.752146487569366;25;3;5;25
TRACK:945;931;-1;3;0;5;0;5;1;6;4;3;0;10;25;0;5;0;4;25;4;24;3;5;0;8;22;1.412173837321573;6;2;5;3;0;3;7;-2.062123369547928;4;24;13;4;3;2;2;2;2;1;2;10;11;6;9;25;6;3;3;8;6;2;6;4;14;5;2;17;21;6.086016733469439;6;1;3;2;0;21;-9.005312345675895;19;2;13;19;1;1;5;24;1;21;-4.786507033176808;25;3;0;25;17
TRACK:946;933;-1;3;0;5;0;5;1;6;4;3;0;10;25;0;5;0;4;20;0.661925303523671;4;24;2;1;2;10;17;6;9;25;6;2;5;3;0;3;7;-1.771958455855773;4;24;13;4;3;2;2;2;2;1;2;10;11;6;9;4;3;24;6;3;3;8;6;2;6;4;14;6;2;15;13;6;1;3;2;0;21;-8.983766277779775;11;2;13;19;1;1;5;24;5;8;3;5;25
TRACK:947;381;-1;3;0;5;0;5;1;6;4;3;0;10;25;0;5;0;4;20;0.5623826092760157;4;24;3;5;0;8;22;1.8717976949074617;6;2;5;3;0;3;7;-1.7793743137493268;4;24;13;4;3;2;2;2;2;1;2;10;11;6;9;4;3;24;6;3;3;8;6;2;6;4;14;5;2;17;21;6.215043578189338;6;1;3;2;0;21;-8.960146621392218;11;2;13;19;1;0;5;17;0;24;9;3;5;25
TRACK:948;937;-1;3;0;5;0;5;1;1;3;23;-9.52186920498411;6;11;0;5;0;4;20;0.5211716147332309;4;24;3;5;0;8;22;1.9307501851344047;6;1;19;24;21;6.12714794436354
TRACK:949;939;-1;3;0;5;0;5;1;6;4;0;7;9.655651800381225;10;0;5;0;4;20;0.6697085304292394;4;24;3;5;0;8;22;2.028494566519924;6;2;5;3;0;3;7;-1.7780230838589746;4;24;13;4;3;2;2;2;2;1;2;10;11;6;9;3;8;6;3;3;8;6;2;6;4;14;6;10;6;1;3;2;0;21;-8.718299864571332;11;2;13;9;1;1;5;25;5;8;3;5;25
EVAL_INSTANCE:47:0:940
EVAL_INSTANCE:47:1:941
EVAL_INSTANCE:47:2:942
EVAL_INSTANCE:47:3:943
EVAL_INSTANCE:47:4:944
EVAL_INSTANCE:47:5:945
EVAL_INSTANCE:47:6:946
EVAL_INSTANCE:47:7:947
EVAL_INSTANCE:47:8:948
EVAL_INSTANCE:47:9:949
RUN_RESULT:47:0:0:2000:----
RUN_RESULT:47:1:0:2000:----
RUN_RESULT:47:2:0:940:UUUURLDLL
RUN_RESULT:47:3:0:19:UUUURULULL
RUN_RESULT:47:4:0:10:UUUURULULL
RUN_RESULT:47:5:0:2000:----
RUN_RESULT:47:6:0:2000:----
RUN_RESULT:47:7:0:2000:----
RUN_RESULT:47:8:0:2000:----
RUN_RESULT:47:9:0:940:UUUURLDLL
    48 |      480 | -3.990000E+03 | -3.990000E+03
TRACK:950;567;547;3;3;5;25
TRACK:951;567;547;3;0;5;0;5;1;6;4;3;0;10;25;0;5;0;4;20;0.6163724510451069;4;24;3;5;0;8;22;1.781538475512475;6;1;19;24;4;3;2;2;2;2;1;2;10;14;6;9;25;6;3;3;8;6;2;6;4;14;5;2;17;21;6.413665836382024;6;1;3;2;0;21;-8.798170546052466;11;2;13;19;1;1;5;24;1;21;-4.909247867364276;25;3;5;25
TRACK:952;566;509;3;0;19;4;3;2;2;2;2;1;2;10;11;6;9;4;3;24;6;3;3;8;6;2;6;4;14;6;10;6;1;3;2;0;21;-8.826652726924944;11;2;13;9;1;1;5;25;5;8;3;5;25
TRACK:953;566;509;3;0;5;0;5;1;6;4;3;0;10;25;0;5;0;4;20;0.6757035951212185;4;19;3;7;-1.835310306323171;6;2;5;3;0;3;7;-1.7577624029895191;4;24;13;4;3;2;2;2;2;1;2;10;17;6;9;25;6;3;3;8;6;2;6;4;14;5;2;17;21;6.378544981383671;6;1;3;2;0;21;-8.89127796906232;11;2;13;19;1;1;5;24;1;21;-4.828989826537952;25;3;5;25
TRACK:954;489;561;3;0;5;0;5;1;6;4;3;0;10;25;0;1;2;10;11;6;9;3;5;0;8;22;1.6521541418814543;6;2;5;3;0;3;7;-1.9347451502148856;4;24;13;4;3;2;2;2;2;1;2;10;11;6;9;25;6;3;3;8;6;2;6;4;14;5;2;17;21;6.304053572782502;6;1;3;2;0;21;-8.942458218385559;11;2;13;19;1;1;5;24;1;21;-4.903815446000335;25;3;5;25
TRACK:955;489;561;3;0;5;0;5;1;6;4;3;0;10;25;0;5;0;4;20;0.6297388137510807;4;24;3;5;0;8;22;1.6387679997652442;6;2;5;3;0;3;7;-1.9983925114321415;4;24;13;4;3;2;2;2;2;1;2;10;11;6;9;25;0;4;20;0.5944776144782205;4;24;6;2;6;4;14;5;2;17;21;6.171067081651891;6;1;3;2;0;21;-8.979766359132212;19;2;13;19;1;1;5;24;1;21;-4.778116458091936;25;3;0;25;24
TRACK:956;566;509;3;0;5;0;5;1;6;4;3;0;10;25;0;5;0;4;25;4;24;3;5;0;8;22;1.9178699543291196;6;2;5;3;0;3;7;-1.835310306323171;4;24;13;4;3;2;2;2;2;1;2;10;11;6;9;4;3;24;6;3;3;8;6;2;6;4;14;6;10;6;1;3;2;0;21;-8.826652726924944;11;2;13;9;1;1;5;25;5;8;3;5;25
TRACK:957;566;509;3;0;5;0;5;1;6;4;3;0;10;25;0;5;0;4;20;0.6757035951212185;4;19;3;5;0;8;22;1.7737653774675808;6;2;5;3;0;3;7;-1.7577624029895191;4;24;13;4;3;2;2;2;2;1;2;10;17;6;9;25;6;3;3;8;6;2;6;4;14;5;2;17;10;6;1;3;2;0;21;-8.89127796906232;11;2;13;19;1;1;5;24;1;21;-4.828989826537952;25;3;5;25
TRACK:958;489;567;3;0;5;0;5;1;6;4;3;0;10;25;0;5;0;4;20;0.5944776144782205;4;24;3;5;0;8;22;1.6521541418814543;1;5;24;1;21;-4.712273777889777;25;4;3;2;2;2;2;1;2;10;11;6;9;25;6;3;3;8;6;2;6;4;14;5;2;17;21;6.304053572782502;6;1;3;2;0;21;-8.942458218385559;11;2;13;19;1;1;5;24;1;21;-4.903815446000335;25;3;5;25
TRACK:959;489;567;3;0;5;0;5;1;6;4;3;0;10;25;0;5;0;4;25;4;24;3;5;0;8;22;1.5847910097815714;6;2;5;3;0;3;7;-1.955386870631307;4;24;13;4;3;2;2;2;2;1;2;10;11;6;9;25;6;3;3;8;6;2;6;4;14;5;2;17;21;6.262568272526572;6;1;3;2;0;21;-8.749035212796752;24;2;13;20;-4.280543820769656;1;1;5;24;1;21;-4.712273777889777;25;3;5;25
TRACK:960;950;-1;3;4;3;6;2;6;2;7;-7.311180123560492;11;5;2;20;-9.415238533725752;13
TRACK:961;952;-1;3;0;19;4;3;2;2;2;2;1;2;10;11;6;9;4;3;24;2;0;23;-3.0921428589979127;23;2.170662652324552;6;21;-9.182495631817652;6;2;6;4;14;6;10;6;1;3;2;0;21;-8.815280000982733;11;2;13;9;1;1;5;25;5;8;3;5;25
TRACK:962;954;-1;3;0;5;0;5;1;6;4;3;0;10;25;0;1;2;10;11;6;9;3;5;0;8;22;1.547506115092022;6;2;5;3;0;3;7;-2.0458045584028586;4;24;13;5;25
TRACK:963;956;-1;3;0;5;0;5;1;6;4;3;0;10;25;0;5;0;4;25;4;24;3;5;0;8;22;1.8895014630755478;6;2;5;3;0;3;24;4;24;13;4;3;2;2;2;2;1;2;10;11;6;9;4;3;24;6;3;3;8;6;2;6;4;14;6;10;6;1;3;2;0;21;-8.826023791225545;11;2;13;9;1;1;5;25;5;8;3;5;25
TRACK:964;958;-1;3;0;5;0;5;1;6;4;3;0;10;25;0;5;0;4;20;0.6276048843411676;4;24;3;5;0;8;22;1.7491933079609756;1;5;24;1;21;-4.795946988464853;25;4;3;2;2;2;2;1;2;10;11;6;9;25;6;4;23;3.97432251355945;6;2;6;4;14;5;2;17;21;6.35917722402087;6;1;3;2;0;21;-8.699437800136431;11;2;13;19;1;1;5;24;1;21;-4.968056381387269;25;3;5;25
TRACK:965;951;-1;3;0;5;0;5;1;6;4;3;0;10;25;0;5;0;4;20;0.665106558398044;4;24;3;5;0;8;22;1.6927463204491717;6;1;19;24;4;3;2;2;2;2;1;2;10;14;6;9;25;6;3;3;8;6;2;6;4;14;5;2;17;21;6.4362559179247905;6;1;3;2;1;20;4.472531105434573;12;2;13;19;1;1;5;24;1;21;-5.144597348936639;25;3;5;25
TRACK:966;953;-1;2;2;4;6;13;4;6;7;-8.619335938158763;4;2;5;8;1;13;25
TRACK:967;955;-1;3;0;5;0;5;1;6;4;3;0;10;25;0;5;0;4;20;0.6089308033643155;4;24;3;5;0;8;22;1.5547239891691644;6;2;5;3;0;3;12;4;24;13;4;3;2;2;2;2;1;2;10;11;6;9;25;0;4;20;0.7231895921549771;4;24;6;2;6;4;14;5;2;17;21;6.103267363579963;6;1;3;2;0;21;-9.071421814658484;19;2;13;19;1;1;5;24;1;21;-4.775951865962955;25;3;0;25;24
TRACK:968;957;-1;3;0;5;0;5;1;6;4;3;0;10;25;0;5;0;4;20;0.7560885199268965;4;19;3;5;0;8;22;1.7422306624373765;6;2;5;3;0;3;7;-1.6329808230753808;4;24;13;4;3;2;2;2;2;1;2;10;17;6;9;25;6;3;3;8;0;13;23;1.0356340728916038;6;1;3;2;0;21;-8.77768101003061;11;2;13;19;1;1;5;24;1;21;-4.811423138726062;25;3;5;25
TRACK:969;959;-1;3;0;5;0;5;1;6;4;3;0;10;25;0;5;0;4;25;4;24;3;5;0;8;22;1.5323081610354392;6;2;5;3;0;3;7;-2.0221276677016187;4;24;13;4;3;2;2;2;2;1;2;10;11;6;9;25;6;3;3;8;6;2;6;4;14;5;2;17;21;6.214887400231252;6;1;3;2;0;21;-8.689910675529994;20;-8.110067332448871;2;13;20;-4.452104979563796;1;1;5;24;1;21;-4.831932932347855;25;3;5;25
EVAL_INSTANCE:48:0:960
EVAL_INSTANCE:48:1:961
EVAL_INSTANCE:48:2:962
EVAL_INSTANCE:48:3:963
EVAL_INSTANCE:48:4:964
EVAL_INSTANCE:48:5:965
EVAL_INSTANCE:48:6:966
EVAL_INSTANCE:48:7:967
EVAL_INSTANCE:48:8:968
EVAL_INSTANCE:48:9:969
RUN_RESULT:48:0:0:2000:----
RUN_RESULT:48:1:0:2000:----
RUN_RESULT:48:2:0:2000:----
RUN_RESULT:48:3:0:2000:----
RUN_RESULT:48:4:0:2000:----
RUN_RESULT:48:5:0:10:UUUURULULL
RUN_RESULT:48:6:0:2000:----
RUN_RESULT:48:7:0:2000:----
RUN_RESULT:48:8:0:2000:----
RUN_RESULT:48:9:0:2000:----
    49 |      490 | -3.990000E+03 | -3.990000E+03
TRACK:970;567;563;3;0;5;0;14;6;2;5;3;0;3;7;-1.955386870631307;4;24;13;4;3;2;2;2;2;1;2;10;11;6;9;25;6;3;3;8;6;2;6;4;14;5;2;17;21;6.262568272526572;6;1;3;2;0;21;-8.749035212796752;24;2;13;20;-4.280543820769656;1;1;5;24;1;21;-4.712273777889777;25;3;5;25
TRACK:971;567;563;3;0;5;0;5;1;6;4;3;0;10;25;0;5;0;4;20;0.645115706562894;4;24;3;5;0;8;22;1.8004489927088398;6;1;19;24;4;3;2;2;2;2;1;2;10;8;6;9;25;6;3;3;8;6;2;6;4;14;5;2;17;21;6.291213416371669;6;1;3;2;0;21;-8.615295463753146;17;2;13;19;1;1;5;24;1;21;-4.768306165220745;25;3;5;25
TRACK:972;489;561;3;0;5;0;5;1;6;4;3;0;10;25;0;5;0;4;20;0.5944776144782205;4;24;3;5;0;8;22;1.6521541418814543;6;2;5;3;0;3;7;-1.9347451502148856;4;24;13;4;3;2;2;2;2;1;2;10;11;6;9;25;6;3;3;8;6;2;6;4;14;5;2;17;21;6.304053572782502;6;1;3;2;0;21;-8.942458218385559;11;2;13;19;2;10;11
TRACK:973;489;561;3;0;5;0;5;1;6;4;3;0;10;25;0;5;0;4;20;0.6297388137510807;4;24;3;5;0;8;22;1.6387679997652442;6;2;5;3;0;3;7;-1.9983925114321415;4;24;13;4;3;2;2;2;2;1;2;10;11;6;9;25;6;3;3;8;6;2;6;4;14;5;2;17;21;6.171067081651891;6;1;3;2;10;2;13;19;1;1;5;24;1;21;-4.778116458091936;25;3;0;25;24
TRACK:974;509;509;3;0;5;0;5;1;6;4;3;0;10;25;0;5;0;4;20;0.6757035951212185;4;21;6.378544981383671;3;5;0;8;22;1.7737653774675808;6;2;5;3;0;3;7;-1.7577624029895191;4;24;13;4;3;2;2;2;2;1;2;10;17;6;9;25;6;3;3;8;6;2;6;4;14;5;2;17;21;6.378544981383671;6;1;3;2;0;21;-8.89127796906232;11;2;13;19;1;1;5;24;1;21;-4.828989826537952;25;3;5;25
TRACK:975;509;509;3;0;5;0;5;1;6;4;3;0;10;25;0;5;0;4;20;0.6757035951212185;4;19;3;5;0;8;22;1.7737653774675808;6;2;5;3;0;3;7;-1.7577624029895191;4;24;13;4;3;2;2;2;2;1;2;10;17;6;9;25;6;3;3;8;6;2;6;4;14;5;2;17;21;6.378544981383671;6;1;24;1;1;5;24;1;21;-4.828989826537952;25;3;5;25
TRACK:976;542;526;3;0;5;2;0;21;-8.940042557827399;11;2;13;19;4;3;2;2;2;2;1;2;10;17;6;9;25;6;3;3;8;6;2;6;4;14;5;2;17;21;6.399232195658325;6;1;3;4;13;1;1;5;9;1;21;-4.703083459155892;25;3;5;25
TRACK:977;542;526;3;0;5;0;5;1;6;4;3;0;10;25;0;5;0;4;20;0.6317182326717258;4;24;3;5;0;8;22;1.9211733964180546;6;2;5;3;0;3;7;-1.9035107509581097;4;24;13;4;3;2;2;2;2;1;2;10;11;6;9;4;3;24;6;3;3;8;6;2;6;4;14;6;10;6;1;3;2;0;10;11;2;13;19;1;1;5;24;5;8;3;5;25
TRACK:978;489;567;3;0;5;0;5;1;6;4;3;0;10;25;0;5;0;4;20;0.5944776144782205;4;24;3;5;0;8;22;1.6521541418814543;6;2;5;0;4;20;0.554959567811991;4;24;13;4;3;2;2;2;2;1;2;10;11;6;9;25;6;3;3;8;6;2;6;4;14;5;2;17;21;6.304053572782502;6;1;3;2;0;21;-8.942458218385559;11;2;13;19;1;1;5;24;1;21;-4.903815446000335;25;3;5;25
TRACK:979;489;567;3;0;5;0;5;1;6;4;3;0;10;25;0;5;0;4;20;0.554959567811991;4;24;3;5;0;8;22;1.5847910097815714;6;2;5;3;0;3;7;-1.955386870631307;4;24;13;4;3;2;9;6;1;3;2;0;21;-8.749035212796752;24;2;13;20;-4.280543820769656;1;1;5;24;1;21;-4.712273777889777;25;3;5;25
TRACK:980;970;-1;3;0;5;0;14;6;2;5;3;0;3;7;-2.0531331620420654;4;24;13;4;3;2;2;2;2;1;2;10;11;6;9;25;6;3;3;8;6;2;6;1;24;15;5;2;17;21;6.291043734041334;6;1;3;2;0;21;-8.657472166072406;24;2;13;20;-4.354664265358558;1;1;5;24;1;21;-4.823131842441735;25;3;5;25
TRACK:981;972;-1;3;0;5;0;5;1;6;4;3;0;10;25;0;5;0;4;20;0.6569809995172554;4;24;3;5;0;8;22;1.7838549033832436;6;2;5;3;0;3;7;-1.9034671675318466;4;24;13;4;3;2;2;2;2;1;2;10;11;6;9;25;6;3;3;8;6;2;6;4;14;5;2;7;4.633855448379267;21;6.395308845459148;6;1;3;2;0;21;-8.848142473643527;11;2;13;19;2;10;11
TRACK:982;974;-1;3;0;5;0;5;1;6;4;3;0;10;25;0;5;0;4;20;0.5460333723964801;4;21;6.4647425894824595;3;5;0;8;22;1.6879673089127916;6;2;5;3;0;3;7;-1.7379281214957767;4;21;4.330800273428107;13;4;3;2;2;2;2;1;2;10;17;6;9;25;6;3;3;8;6;2;6;4;14;5;2;17;21;6.299922790248298;6;1;3;2;0;21;-9.025717126744619;11;2;13;19;1;1;5;24;1;21;-4.787549316693714;25;3;5;25
TRACK:983;976;-1;3;0;5;2;0;21;-9.054399967328935;11;2;13;19;4;3;2;2;2;2;1;2;10;17;6;9;25;6;3;3;8;6;2;5;4;9;5;2;17;21;6.515907563188198;6;1;3;4;13;1;1;5;9;1;21;-4.619790054382602;25;3;5;25
TRACK:984;978;-1;3;0;5;0;5;1;6;4;3;0;10;25;0;5;6;8;3;5;0;8;22;1.4677058363626712;6;2;5;0;4;20;0.3584996384260535;4;24;13;4;3;2;2;2;2;1;2;10;11;6;9;25;6;3;3;8;6;2;6;4;14;5;2;17;21;6.3382897324321545;6;1;3;2;0;21;-9.067447252095532;11;2;13;19;1;1;5;24;1;21;-4.9761173655082205;25;3;5;25
TRACK:985;971;-1;3;0;5;0;5;1;6;4;3;0;10;25;0;5;0;4;20;0.7470616800906161;4;24;3;5;0;8;22;1.9438582226127112;6;1;19;24;4;3;2;2;2;2;1;2;10;8;6;9;25;6;3;3;8;6;4;5;10;6;1;3;2;0;21;-8.534248094868996;17;2;13;19;1;1;5;24;1;21;-4.623672507424856;25;3;5;25
TRACK:986;973;-1;3;0;5;0;5;1;6;4;3;0;10;25;0;5;0;4;20;0.5049153895377485;4;24;3;5;0;8;22;1.6160146537587654;6;2;5;3;0;3;7;-2.0497076395122473;4;24;13;4;3;2;6;3;4;0;9;19;3;4;2;4;18;5;23;-5.557897975326922
TRACK:987;975;-1;3;0;5;0;5;1;6;4;3;0;10;25;0;5;0;4;20;0.6987836603773965;4;19;3;5;0;8;22;1.7171690311844854;6;2;5;3;0;3;7;-1.5866699065890746;4;24;13;4;3;2;2;2;2;1;2;10;17;6;9;25;6;3;5;20;-2.3576612335233875;6;2;6;4;14;5;2;17;21;6.567197458530114;6;1;24;1;1;5;24;1;21;-4.8260600895906425;25;3;5;25
TRACK:988;977;-1;3;0;5;0;5;1;6;4;3;0;10;25;0;5;0;4;20;0.9784334292042675;4;24;0;4;2;9;17;3;6;20;-2.753908446487112;6;2;5;3;0;3;7;-2.0005926539630314;4;24;13;4;3;2;2;2;2;1;2;10;11;6;9;4;3;24;6;3;3;8;6;2;6;4;14;6;10;6;1;3;2;0;10;11;2;13;19;1;1;5;24;5;8;3;5;25
TRACK:989;979;-1;3;0;5;0;5;1;6;4;3;0;10;25;0;5;0;4;20;0.5399831398314053;4;24;3;5;0;8;22;1.5407883484955667;6;2;5;3;0;3;7;-1.9145143829166706;4;24;13;4;3;2;9;6;1;3;2;0;21;-8.771706953221065;24;2;13;20;-4.312704953834766;1;1;5;24;0;7;-4.734597472142239;19;3;5;25
EVAL_INSTANCE:49:0:980
EVAL_INSTANCE:49:1:981
EVAL_INSTANCE:49:2:982
EVAL_INSTANCE:49:3:983
EVAL_INSTANCE:49:4:984
EVAL_INSTANCE:49:5:985
EVAL_INSTANCE:49:6:986
EVAL_INSTANCE:49:7:987
EVAL_INSTANCE:49:8:988
EVAL_INSTANCE:49:9:989
RUN_RESULT:49:0:0:940:UUUURLDLL
RUN_RESULT:49:1:0:2000:----
RUN_RESULT:49:2:0:2000:----
RUN_RESULT:49:3:0:2000:----
RUN_RESULT:49:4:0:2000:----
RUN_RESULT:49:5:0:2000:----
RUN_RESULT:49:6:0:1150:UUUULLRLULLL
RUN_RESULT:49:7:0:99:UUUULLRLULLL
RUN_RESULT:49:8:0:186:UUUURUUDRULULL
RUN_RESULT:49:9:0:99:UUUULLRLULLL
    50 |      500 | -3.990000E+03 | -3.990000E+03
TRACK:990;563;381;3;0;5;0;5;1;6;4;3;0;10;25;0;5;0;4;20;0.645115706562894;4;24;3;5;0;8;22;1.8004489927088398;6;1;19;24;4;3;2;2;2;2;5;24;25;6;3;3;8;6;2;6;4;14;5;2;17;21;6.291213416371669;6;1;3;2;0;21;-8.615295463753146;17;2;13;19;1;1;5;24;1;21;-4.768306165220745;25;3;5;25
TRACK:991;563;381;3;0;5;0;5;1;6;4;3;0;10;25;0;5;0;4;20;0.5334300884931266;4;24;3;5;0;8;22;1.7958792404530506;6;2;5;3;0;3;7;-1.884791555238767;4;24;13;4;3;2;2;2;2;1;2;10;11;6;9;4;3;24;6;3;3;8;6;2;6;4;14;5;17;6;1;3;2;0;21;-8.998512119765355;11;2;13;19;1;1;5;24;5;20;-8.731021694943875;3;5;25
TRACK:992;489;566;3;0;5;0;5;1;6;4;3;0;10;25;0;5;0;4;20;0.5944776144782205;4;24;3;0;21;-8.826652726924944;11;6;2;5;3;0;3;7;-1.9347451502148856;4;24;13;4;3;2;2;2;2;1;2;10;11;6;9;25;6;3;3;8;6;2;6;4;14;5;2;17;21;6.304053572782502;6;1;3;2;0;21;-8.942458218385559;11;2;13;19;1;1;5;24;1;21;-4.903815446000335;25;3;5;25
TRACK:993;489;566;3;0;5;0;5;1;6;4;3;0;10;25;0;5;0;4;20;0.7351769399066475;4;24;3;5;0;8;22;1.9178699543291196;6;2;5;3;0;3;7;-1.835310306323171;4;24;13;4;3;2;2;2;2;1;2;10;11;6;9;4;3;24;6;3;3;8;6;2;6;4;14;6;10;6;1;3;2;0;21;-8.826652726924944;11;2;13;9;1;1;5;25;5;8;3;5;25
TRACK:994;561;567;3;0;5;0;5;1;6;4;3;0;10;25;0;5;0;4;20;0.6297388137510807;4;24;3;5;0;8;22;1.6387679997652442;6;2;5;3;0;3;7;-1.9983925114321415;4;24;13;4;3;2;2;2;2;1;2;10;11;6;9;25;6;3;3;8;6;2;6;4;14;5;2;17;21;6.171067081651891;6;25
TRACK:995;561;567;3;0;5;0;5;1;6;4;3;0;10;25;0;3;5;0;8;22;1.6387679997652442;3;5;0;8;22;1.5847910097815714;6;2;5;3;0;3;7;-1.955386870631307;4;24;13;4;3;2;2;2;2;1;2;10;11;6;9;25;6;3;3;8;6;2;6;4;14;5;2;17;21;6.262568272526572;6;1;3;2;0;21;-8.749035212796752;24;2;13;20;-4.280543820769656;1;1;5;24;1;21;-4.712273777889777;25;3;5;25
TRACK:996;547;542;3;0;5;0;5;1;0;10;25;0;5;0;4;20;0.6163724510451069;4;24;3;5;0;8;22;1.781538475512475;6;1;19;24;4;3;2;2;2;2;1;2;10;17;6;9;25;6;3;3;8;6;2;6;4;14;5;2;17;21;6.413665836382024;6;1;3;2;0;21;-8.798170546052466;11;2;13;19;1;1;5;24;1;21;-4.909247867364276;25;3;5;25
TRACK:997;547;542;3;0;5;0;5;1;0;8;22;1.781538475512475;0;5;0;4;20;0.6812157983887053;4;19;3;5;0;8;22;1.7381989359384042;6;2;5;3;0;3;7;-1.7118801581016863;4;24;13;4;3;2;2;2;2;1;2;10;17;6;9;25;6;3;3;8;6;2;6;4;14;5;2;17;21;6.399232195658325;6;1;3;4;13;1;1;5;9;1;21;-4.703083459155892;25;3;5;25
TRACK:998;509;566;3;0;5;0;5;1;6;4;3;0;10;25;0;5;0;4;20;0.6757035951212185;4;19;3;5;0;8;22;1.7737653774675808;6;2;5;3;0;3;7;-1.7577624029895191;4;24;13;4;3;2;2;2;2;1;2;10;17;6;9;25;6;3;3;8;6;2;6;4;14;5;2;17;9;6;1;3;2;0;21;-8.89127796906232;11;2;13;19;1;1;5;24;1;21;-4.828989826537952;25;3;5;25
TRACK:999;509;566;3;0;5;0;5;1;6;4;3;0;10;25;0;5;0;4;20;0.7351769399066475;4;24;0;10;25;6;2;5;3;0;3;7;-1.835310306323171;4;24;13;4;3;2;2;2;2;1;2;10;11;6;9;4;3;24;6;3;3;8;6;2;6;4;14;6;10;6;1;3;2;0;21;-8.826652726924944;11;2;13;9;1;1;5;25;5;8;3;5;25
TRACK:1000;990;-1;3;0;5;0;5;1;6;4;3;0;10;25;0;5;0;4;20;0.7490631026746875;2;15;17;3;5;0;8;22;1.6402803747751844;6;1;19;24;4;3;2;2;2;2;5;24;25;6;3;3;8;6;2;6;4;14;5;2;17;21;6.2482663930796845;6;1;3;2;0;21;-8.765310704024492;17;2;13;19;1;1;5;24;1;21;-4.764817038578255;25;3;5;25
TRACK:1001;992;-1;3;0;5;0;5;1;6;4;3;0;10;25;0;5;0;4;20;0.6645721926270123;4;24;3;0;21;-8.747764010721802;11;6;2;5;3;0;3;7;-1.8560164814713758;4;24;13;4;3;2;2;5;1;2;3;22;9.935659553147378;5;22;-0.5584940977524298;4;0;9;23;9.182633815212359;6;2;6;4;14;5;2;17;21;6.197900008778358;6;1;3;2;0;21;-8.895874124280223;11;2;13;19;1;1;5;24;1;21;-4.785384300672246;25;3;5;25
TRACK:1002;994;-1;3;0;5;0;5;1;6;4;3;0;10;25;0;5;0;4;20;0.6395311419056234;4;24;3;5;0;8;22;1.7005843689636193;6;2;5;3;0;3;7;-2.0342442159594905;4;24;13;4;3;2;2;2;2;2;3;14;6;17;25;6;3;3;8;6;2;6;4;14;5;2;17;21;6.242731826807024;6;25
TRACK:1003;996;-1;4;4;5;2;3;5;6;3;17;3;0;6;0;16;22;3.999576266557783;4;3;21;2.8830586381048917
TRACK:1004;998;-1;3;0;5;0;5;1;6;4;3;0;10;18;0;5;0;4;20;0.7592771447189528;4;19;3;5;0;8;22;1.8524376087959462;6;2;5;3;0;3;7;-1.833631765663078;4;24;13;4;3;2;2;2;2;1;2;10;17;6;9;25;6;3;3;8;6;2;6;4;14;5;2;17;9;6;1;3;2;0;21;-8.784897982213252;11;2;13;19;1;1;5;24;1;21;-4.672716562230026;25;3;5;25
TRACK:1005;991;-1;3;0;5;0;5;1;6;4;3;0;10;25;0;5;0;4;20;0.49397689134021505;4;24;3;5;0;8;22;1.7060686646444336;6;2;5;3;0;3;7;-1.87215614190342;4;24;13;4;3;2;2;2;2;1;2;10;11;6;9;4;3;24;6;3;3;8;6;2;6;4;14;5;17;6;1;3;2;0;21;-8.930573620479121;11;2;18;19;1;1;5;24;5;20;-8.707770612730327;3;5;25
TRACK:1006;993;-1;3;0;5;0;5;1;6;4;3;0;10;10;0;5;0;4;20;0.8586218043184708;4;24;3;5;0;8;22;1.9188610010084106;6;2;5;3;0;3;7;-1.9904940923789138;4;24;13;4;3;2;2;2;2;1;2;10;11;6;9;4;3;24;6;3;3;8;6;2;6;4;14;6;10;6;1;3;2;0;21;-8.723758036637726;11;2;13;9;1;1;5;25;5;8;3;5;25
TRACK:1007;995;-1;3;0;5;0;5;1;6;4;3;0;10;17;0;3;5;0;8;22;1.6214911327073342;3;5;0;8;22;1.6106805016576649;6;2;5;3;0;3;7;-2.017425598907434;4;24;13;4;3;2;2;2;2;1;2;10;11;6;9;25;6;3;3;8;6;2;6;4;14;5;2;17;21;6.3200600033906165;6;1;3;2;0;21;-8.568798171682646;24;2;13;20;-4.264791280302862;1;1;5;24;1;21;-4.687000127243013;25;3;5;25
TRACK:1008;997;-1;3;0;5;0;5;1;0;8;22;1.6945841980944991;0;5;0;4;20;0.5708130046055574;4;19;3;5;0;8;22;1.8466222003398767;6;2;5;3;0;3;7;-1.6723616395532148;4;24;13;4;3;2;2;2;2;1;2;10;17;6;9;25;6;3;3;8;6;2;6;4;14;5;2;22;8.015264618683336;18;6;1;3;4;13;1;1;5;9;1;21;-4.870790612339084;25;3;5;25
TRACK:1009;999;-1;3;0;5;0;5;1;6;4;3;0;10;25;0;5;0;4;20;0.82946737669961;4;24;0;10;25;6;2;5;3;0;3;7;-1.7835453662063268;4;24;13;4;3;2;2;2;2;1;2;10;11;6;9;4;3;24;6;3;3;8;6;2;6;4;14;6;10;6;1;3;2;0;21;-8.888583659416872;11;2;10;9;1;1;5;25;5;8;3;5;25
EVAL_INSTANCE:50:0:1000
EVAL_INSTANCE:50:1:1001
EVAL_INSTANCE:50:2:1002
EVAL_INSTANCE:50:3:1003
EVAL_INSTANCE:50:4:1004
EVAL_INSTANCE:50:5:1005
EVAL_INSTANCE:50:6:1006
EVAL_INSTANCE:50:7:1007
EVAL_INSTANCE:50:8:1008
EVAL_INSTANCE:50:9:1009
RUN_RESULT:50:0:0:2000:----
RUN_RESULT:50:1:0:2000:----
RUN_RESULT:50:2:0:1150:UUUULLRLULLL
RUN_RESULT:50:3:0:2000:----
RUN_RESULT:50:4:0:2000:----
RUN_RESULT:50:5:0:2000:----
RUN_RESULT:50:6:0:10:UUUURULULL
RUN_RESULT:50:7:0:2000:----
RUN_RESULT:50:8:0:2000:----
RUN_RESULT:50:9:0:19:UUUURULULL
    51 |      510 | -3.990000E+03 | -3.990000E+03
TRACK:1010;489;509;3;0;5;0;5;1;6;4;3;0;10;25;0;5;0;4;20;0.5944776144782205;4;24;3;5;0;8;22;1.6521541418814543;6;2;5;3;0;3;7;-1.9347451502148856;4;24;13;4;3;2;2;2;2;1;2;10;11;6;9;25;6;3;3;8;6;2;6;4;14;5;2;17;21;6.304053572782502;6;1;3;2;0;21;-8.942458218385559;11;2;13;19;1;1;5;24;4;14;3;5;25
TRACK:1011;489;509;3;0;5;0;5;1;6;4;3;0;10;25;0;5;0;4;20;0.6757035951212185;4;19;3;5;0;8;22;1.7737653774675808;6;2;5;3;0;3;7;-1.7577624029895191;4;24;13;4;3;2;2;2;2;1;2;10;17;6;9;25;6;3;3;8;6;2;6;4;14;5;2;17;21;6.378544981383671;6;1;3;2;0;21;-8.89127796906232;11;2;13;19;1;1;5;24;1;21;-4.828989826537952;22;1.6521541418814543;3;5;25
TRACK:1012;381;542;3;0;5;0;5;1;6;4;3;0;10;25;0;5;0;4;20;0.5334300884931266;4;24;3;5;0;8;22;1.7958792404530506;6;2;5;3;0;3;7;-1.884791555238767;4;24;13;4;3;2;2;2;2;1;2;10;11;6;9;4;3;24;6;3;3;8;6;2;6;4;14;5;2;17;21;6.202527850922802;6;1;3;2;0;21;-8.998512119765355;11;2;13;19;1;1;5;24;20;0.6812157983887053;3;5;25
TRACK:1013;381;542;3;0;5;0;5;1;6;4;3;0;10;25;0;5;0;4;20;0.6812157983887053;4;19;3;5;0;8;22;1.7381989359384042;6;2;5;3;0;3;7;-1.7118801581016863;4;24;13;4;3;2;2;2;2;1;2;10;17;6;9;25;6;3;3;8;6;2;13;5;2;17;21;6.399232195658325;6;1;3;4;13;1;1;5;9;1;21;-4.703083459155892;25;3;5;25
TRACK:1014;567;526;3;0;5;0;5;1;6;4;3;0;10;25;0;5;0;4;20;0.554959567811991;2;10;11;3;5;0;8;22;1.5847910097815714;6;2;5;3;0;3;7;-1.955386870631307;4;24;13;4;3;2;2;2;2;1;2;10;11;6;9;25;6;3;3;8;6;2;6;4;14;5;2;17;21;6.262568272526572;6;1;3;2;0;21;-8.749035212796752;24;2;13;20;-4.280543820769656;1;1;5;24;1;21;-4.712273777889777;25;3;5;25
TRACK:1015;567;526;3;0;5;0;5;1;6;4;3;0;10;25;0;5;0;4;20;0.6317182326717258;4;24;3;5;0;8;22;1.9211733964180546;6;2;5;3;0;3;7;-1.9035107509581097;4;24;13;4;3;2;2;2;2;1;2;10;11;6;9;4;3;24;6;3;3;8;6;2;6;4;14;6;10;6;1;3;10;1;1;5;24;5;8;3;5;25
TRACK:1016;566;547;3;0;5;0;5;1;6;4;3;0;10;25;0;5;1;21;-4.909247867364276;25;3;5;0;8;22;1.9178699543291196;6;2;5;3;0;3;7;-1.835310306323171;4;24;13;4;3;2;2;2;2;1;2;10;11;6;9;4;3;24;6;3;3;8;6;2;6;4;14;6;10;6;1;3;2;0;21;-8.826652726924944;11;2;13;9;1;1;5;25;5;8;3;5;25
TRACK:1017;566;547;3;0;5;0;5;1;6;4;3;0;10;25;3;0;10;25;6;1;19;24;4;3;2;2;2;2;1;2;10;17;6;9;25;6;3;3;8;6;2;6;4;14;5;2;17;21;6.413665836382024;6;1;3;2;0;21;-8.798170546052466;11;2;13;19;1;1;5;24;1;21;-4.909247867364276;25;3;5;25
TRACK:1018;489;509;3;0;5;0;5;1;6;4;3;0;10;25;0;5;0;4;20;0.5944776144782205;4;24;3;5;0;8;22;1.6521541418814543;6;2;5;3;0;3;7;-1.9347451502148856;4;24;13;4;3;2;2;2;2;1;2;10;11;6;9;19;6;3;3;8;6;2;6;4;14;5;2;17;21;6.304053572782502;6;1;3;2;0;21;-8.942458218385559;11;2;13;19;1;1;5;24;1;21;-4.903815446000335;25;3;5;25
TRACK:1019;489;509;3;0;5;0;5;1;6;4;3;0;10;25;0;5;0;4;20;0.6757035951212185;4;19;3;5;0;8;22;1.7737653774675808;6;2;5;3;0;3;7;-1.7577624029895191;4;24;13;4;3;2;2;2;2;1;2;10;17;6;9;25;6;3;4;24;6;2;6;4;14;5;2;17;21;6.378544981383671;6;1;3;2;0;21;-8.89127796906232;11;2;13;19;1;1;5;24;1;21;-4.828989826537952;25;3;5;25
TRACK:1020;1010;-1;3;0;5;0;5;1;6;4;3;0;10;25;0;5;0;4;20;0.5345779974539067;4;24;3;5;0;8;22;1.6019572751998532;6;2;5;3;0;3;7;-1.959439207732896;4;24;13;1;2;1;5;1;15;17;1;3;7;3.6549106521544203;4;19;3;3;6;24;4;3;1;6;12;5;11
TRACK:1021;1012;-1;3;0;5;0;5;1;6;4;3;0;10;25;0;5;0;4;20;0.6364027966523043;4;24;3;5;0;8;22;1.7719710038743446;6;2;5;3;0;3;7;-1.9062292421017542;4;14;13;4;3;2;2;2;2;1;2;10;11;6;9;4;3;24;6;3;3;8;6;2;6;4;14;5;2;17;21;6.115406789370341;6;1;3;2;0;21;-8.961744685392864;11;2;13;19;1;1;5;24;20;0.4167787620205146;3;5;25
TRACK:1022;1014;-1;3;0;5;0;5;1;6;4;3;0;10;25;0;5;0;4;20;0.30743100948392627;2;10;11;3;5;0;8;22;1.4918967013134776;6;2;5;3;0;3;7;-1.967881104576128;6;12;13;4;3;2;2;2;2;1;2;10;11;6;9;25;6;3;3;8;6;2;6;4;14;5;2;17;21;6.446098426641463;6;1;3;2;0;21;-8.863113648597707;24;2;13;20;-4.2466418624188185;1;1;5;24;1;21;-4.772504688592992;25;3;5;25
TRACK:1023;1016;-1;3;0;5;0;5;1;6;4;3;0;10;25;0;5;1;21;-4.882332686380318;25;3;5;0;8;22;1.8940933962262112;6;2;5;3;0;3;7;-1.8296316891095714;4;24;13;4;3;2;2;2;2;1;2;10;11;6;9;4;3;24;6;3;3;8;6;2;6;4;14;6;10;6;1;3;2;0;12;11;2;13;9;1;1;5;25;5;8;3;5;25
TRACK:1024;1018;-1;3;0;5;0;5;1;6;4;3;0;10;25;0;5;0;4;20;0.6116702365715557;4;24;3;5;0;8;22;1.6471050837195071;6;2;5;3;0;3;7;-1.8609970985490611;4;24;13;4;3;2;2;2;2;1;2;10;11;6;9;19;6;3;3;8;6;2;6;4;14;5;2;17;21;6.153770066078671;6;1;3;2;0;10;11;2;13;19;1;1;5;24;1;21;-5.060403902156035;25;3;5;25
TRACK:1025;1011;-1;3;0;5;0;5;1;6;4;3;0;10;25;0;5;0;4;20;0.5294346398929027;4;19;3;5;0;8;22;1.8003038625457692;6;2;5;3;0;3;7;-1.9657913403547773;4;24;13;4;3;2;2;2;2;1;2;10;17;6;9;25;6;3;3;8;6;2;6;4;14;5;2;17;21;6.279457262600399;6;1;3;2;0;21;-8.913201515579111;11;2;18;19;1;1;5;24;1;21;-4.752686342650983;22;1.5914623501584042;3;5;25
TRACK:1026;1013;-1;3;0;1;6;1;5;25;3;10;6;6;5;10;4;3;2;2;2;2;1;2;10;17;6;9;25;6;3;3;8;6;2;13;5;2;17;21;6.521030277367499;6;1;3;4;13;1;1;5;9;1;21;-4.742963966660536;25;3;5;25
TRACK:1027;1015;-1;3;0;5;0;5;1;6;4;3;0;10;25;0;5;0;4;20;0.5953910899375665;4;24;3;5;0;8;22;1.8741761485143758;6;2;5;3;0;3;7;-1.9279737097706298;4;24;13;4;3;2;2;2;2;1;2;10;11;6;9;4;3;24;6;3;3;8;6;2;6;4;14;6;10;6;5;3;21;0.0749010613881751
TRACK:1028;1017;-1;3;0;5;0;5;1;6;4;3;0;10;25;3;0;10;25;6;5;6;4;6;3;23;-9.482099124622343;4;3;2;2;2;2;1;2;10;17;6;9;25;6;3;3;8;6;2;6;4;14;5;2;17;21;6.301657462918414;6;1;3;2;0;21;-8.795369233619157;11;2;13;19;1;1;5;24;1;21;-4.824208011322818;25;3;5;25
TRACK:1029;1019;-1;3;0;5;0;5;1;6;4;3;0;10;25;0;5;0;4;22;-9.491686376822985;4;19;3;5;0;8;22;1.862087408902063;6;2;5;3;0;3;7;-1.7166122052224952;4;24;13;4;3;2;2;2;2;1;2;10;17;6;9;25;6;3;4;24;6;2;6;4;14;5;2;17;21;6.475633507746864;6;1;3;2;0;21;-8.932105578419211;11;2;13;19;1;1;5;24;1;21;-4.757582178970351;25;3;5;25
EVAL_INSTANCE:51:0:1020
EVAL_INSTANCE:51:1:1021
EVAL_INSTANCE:51:2:1022
EVAL_INSTANCE:51:3:1023
EVAL_INSTANCE:51:4:1024
EVAL_INSTANCE:51:5:1025
EVAL_INSTANCE:51:6:1026
EVAL_INSTANCE:51:7:1027
EVAL_INSTANCE:51:8:1028
EVAL_INSTANCE:51:9:1029
RUN_RESULT:51:0:0:1150:UUUULLRLULLL
RUN_RESULT:51:1:0:10:UUUURULULL
RUN_RESULT:51:2:0:10:UUUURULULL
RUN_RESULT:51:3:0:2000:----
RUN_RESULT:51:4:0:10:UUUURULULL
RUN_RESULT:51:5:0:10:UUUURULULL
RUN_RESULT:51:6:0:1477:UUUURLDLL
RUN_RESULT:51:7:0:10:UUUURULULL
RUN_RESULT:51:8:0:1312:UUUURLDLL
RUN_RESULT:51:9:0:2000:----
    52 |      520 | -3.990000E+03 | -3.990000E+03
TRACK:1030;547;489;3;0;5;0;5;1;6;4;3;0;10;25;0;5;0;4;20;0.6163724510451069;4;24;3;5;0;8;22;1.781538475512475;6;1;19;24;4;3;2;2;2;2;1;2;10;17;6;9;25;6;3;3;8;6;2;6;4;14;5;2;17;21;6.413665836382024;6;1;3;2;0;21;-8.798170546052466;11;11;1;1;5;24;1;21;-4.909247867364276;25;3;5;25
TRACK:1031;547;489;3;0;5;0;5;1;6;4;3;0;10;25;0;5;0;4;20;0.5944776144782205;4;24;3;5;0;8;22;1.6521541418814543;6;2;5;3;0;3;7;-1.9347451502148856;4;24;13;4;3;2;2;2;2;1;2;21;-8.798170546052466;11;6;9;25;6;3;3;8;6;2;6;4;14;5;2;17;21;6.304053572782502;6;1;3;2;0;21;-8.942458218385559;11;2;13;19;1;1;5;24;1;21;-4.903815446000335;25;3;5;25
TRACK:1032;563;566;3;0;5;0;5;1;6;4;3;0;10;25;0;5;0;4;20;0.645115706562894;4;24;3;5;0;8;22;1.8004489927088398;3;5;25;4;3;2;2;2;2;1;2;10;17;6;9;25;6;3;3;8;6;2;6;4;14;5;2;17;21;6.291213416371669;6;1;3;2;0;21;-8.615295463753146;17;2;13;19;1;1;5;24;1;21;-4.768306165220745;25;3;5;25
TRACK:1033;563;566;3;0;5;0;5;1;6;4;3;0;10;25;0;5;0;4;20;0.7351769399066475;4;24;3;5;0;8;22;1.9178699543291196;6;2;5;3;24;13;4;3;2;2;2;2;1;2;10;11;6;9;4;3;24;6;3;3;8;6;2;6;4;14;6;10;6;1;3;2;0;21;-8.826652726924944;11;2;13;9;1;1;5;25;5;8;3;5;25
TRACK:1034;526;542;3;0;5;0;5;1;6;4;3;0;10;25;0;5;0;4;20;0.6317182326717258;4;24;3;5;0;8;22;1.9211733964180546;6;2;5;3;0;3;7;-1.9035107509581097;4;24;13;4;3;2;2;2;2;1;2;10;11;6;7;-1.7118801581016863;4;3;24;6;3;3;8;6;2;6;4;14;6;10;6;1;3;2;0;21;-8.940042557827399;11;2;13;19;1;1;5;24;5;8;3;5;25
TRACK:1035;526;542;3;0;5;0;5;1;6;4;3;0;10;25;0;5;0;4;20;0.6812157983887053;4;19;3;5;24;6;2;5;3;0;3;7;-1.7118801581016863;4;24;13;4;3;2;2;2;2;1;2;10;17;6;9;25;6;3;3;8;6;2;6;4;14;5;2;17;21;6.399232195658325;6;1;3;4;13;1;1;5;9;1;21;-4.703083459155892;25;3;5;25
TRACK:1036;563;381;3;0;5;0;5;1;6;4;3;0;10;25;0;5;0;4;20;0.645115706562894;20;-8.731021694943875;3;5;0;8;22;1.8004489927088398;6;1;19;24;4;3;2;2;2;2;1;2;10;17;6;9;25;6;3;3;8;6;2;6;4;14;5;2;17;21;6.291213416371669;6;1;3;2;0;21;-8.615295463753146;17;2;13;19;1;1;5;24;1;21;-4.768306165220745;25;3;5;25
TRACK:1037;563;381;3;0;5;2;2;1;2;10;17;6;9;25;6;3;3;8;4;3;2;2;2;2;1;2;10;11;6;9;4;3;24;6;3;3;8;6;2;6;4;14;5;2;17;21;6.202527850922802;6;1;3;2;0;21;-8.998512119765355;11;2;13;19;1;1;5;24;5;20;-8.731021694943875;3;5;25
TRACK:1038;509;567;3;0;5;0;5;1;6;4;3;0;10;25;0;5;0;4;20;0.6757035951212185;4;19;3;5;0;8;22;1.7737653774675808;6;2;5;3;0;3;7;-1.7577624029895191;4;24;13;4;3;2;2;2;2;1;3;7;-1.955386870631307;6;9;25;6;3;3;8;6;2;6;4;14;5;2;17;21;6.378544981383671;6;1;3;2;0;21;-8.89127796906232;11;2;13;19;1;1;5;24;1;21;-4.828989826537952;25;3;5;25
TRACK:1039;509;567;3;0;5;0;5;1;6;4;3;0;10;25;0;5;0;4;20;0.554959567811991;4;24;3;5;0;8;22;1.5847910097815714;6;2;5;3;0;3;7;-1.955386870631307;4;24;13;4;3;2;2;2;2;1;2;10;11;6;9;25;6;3;3;8;6;2;6;4;14;25;6;1;3;2;0;21;-8.749035212796752;24;2;13;20;-4.280543820769656;1;1;5;24;1;21;-4.712273777889777;25;3;5;25
TRACK:1040;1030;-1;3;0;5;0;5;1;6;4;3;0;10;25;0;5;0;4;20;0.6742402319139265;4;24;3;5;0;8;22;1.6786477779727877;6;1;6;2;13;13;24;4;3;2;2;2;2;1;2;10;17;6;9;25;6;3;3;8;6;2;6;4;14;5;2;17;21;6.453301653831643;6;1;3;2;0;21;-8.81450867948603;11;11;1;1;5;24;1;21;-5.143930622629864;25;3;5;25
TRACK:1041;563;-1;3;0;5;0;5;1;6;1;25;16;0;5;0;4;20;0.5634295792005233;4;24;3;5;0;8;22;1.6028145691215772;6;1;19;24;4;3;2;2;2;2;1;2;10;17;6;9;25;6;3;3;8;6;2;6;4;14;5;2;17;21;6.179786600555383;6;1;3;2;0;21;-8.664093967572507;17;2;13;19;1;1;5;24;1;21;-4.735058303448759;25;3;5;25
TRACK:1042;1034;-1;3;0;5;0;5;1;6;4;3;0;10;25;0;5;0;4;20;0.5966299815767098;4;24;3;5;0;8;22;1.6473931240949804;6;2;5;3;0;3;7;-1.9454965123711987;4;24;13;4;3;2;2;2;2;1;2;10;11;6;15;4;3;24;6;3;3;8;6;2;6;4;14;6;10;6;1;3;2;0;21;-8.88632720794356;11;2;13;19;1;1;5;24;5;8;3;5;25
TRACK:1043;563;-1;3;0;5;0;5;1;6;3;4;19;0;5;0;4;20;0.7073296390565738;4;24;3;5;0;8;22;1.6939336581379185;6;1;19;24;4;3;2;2;2;2;1;2;10;17;6;9;25;6;3;3;8;6;2;6;4;14;5;2;17;21;6.2976443971188925;6;1;3;2;0;21;-8.463523651605282;17;2;13;19;1;1;5;24;1;21;-4.770571602132711;25;3;5;25
TRACK:1044;1038;-1;3;0;5;0;5;1;6;4;3;0;10;25;0;5;0;4;20;0.5525864758452509;4;19;3;5;0;8;22;1.6417895568513794;6;2;5;3;0;3;7;-1.6661452391285125;4;24;13;4;3;2;2;2;2;1;3;7;-1.9615030800890922;6;9;25;6;3;3;8;6;2;6;4;14;5;2;17;21;6.369867342251644;6;1;3;2;5;25;2;13;19;1;1;5;24;1;21;-4.826748710869218;25;3;5;25
TRACK:1045;1031;-1;3;0;5;0;5;1;6;4;3;0;10;25;0;5;0;4;20;0.6634090483408688;4;24;3;2;16;20;-6.8861070171308825;6;2;5;3;0;3;7;-1.8641952020155255;4;24;13;4;3;2;2;2;2;1;2;21;-8.808576828105059;11;6;9;25;6;3;3;8;6;2;6;4;14;5;2;17;21;6.12319620553659;6;1;3;2;0;21;-8.969049785031629;11;2;13;19;1;1;5;24;1;21;-4.873931635450788;25;3;5;25
TRACK:1046;566;-1;3;0;5;0;5;1;6;4;3;0;10;25;0;5;0;4;20;0.7111865250286804;4;24;3;5;0;8;22;1.7641537738096735;6;2;5;3;0;3;7;-1.5898893969065324;4;24;13;4;3;2;2;2;2;1;2;10;19;6;9;4;3;24;6;3;3;8;6;2;6;4;14;6;10;6;1;3;2;0;21;-8.8267530614588;11;2;13;9;1;1;5;25;5;8;3;5;25
TRACK:1047;1035;-1;3;0;5;0;5;1;6;4;3;0;10;25;0;5;0;4;20;0.655045574346632;4;19;3;5;24;6;2;4;1;1;3;8;6;7;4.721593627367593;5;4;16;13;4;3;2;2;2;2;1;2;10;17;6;9;25;6;3;3;8;6;2;6;4;14;5;2;17;21;6.269437060122787;6;1;3;4;13;1;1;5;9;1;21;-4.661496375297377;25;3;5;25
TRACK:1048;381;-1;3;0;5;0;5;1;6;4;3;0;10;25;0;5;0;4;20;0.5363885687540163;4;24;3;5;0;8;22;1.6924869700512475;6;2;5;3;0;3;7;-1.9875004960463551;4;24;13;4;3;2;2;5;4;3;23;-4.774182079906768;6;2;6;4;14;5;2;17;21;6.209776166332628;6;1;3;2;0;21;-9.002029910927593;11;2;13;19;1;1;5;24;5;20;-8.68166190964141;3;5;25
TRACK:1049;1039;-1;3;0;5;0;5;1;6;4;3;0;10;25;0;5;0;4;20;0.5533499924219083;4;24;3;5;0;8;22;1.7262370930531035;6;2;5;3;0;3;7;-1.9572200167415252;4;24;13;4;3;2;2;2;2;1;2;10;11;6;9;25;6;3;3;8;6;2;6;4;14;25;6;1;3;2;0;21;-8.71756129055396;24;2;13;20;-4.3253813782728345;1;23;9.746339733405886;17
EVAL_INSTANCE:52:0:1040
EVAL_INSTANCE:52:1:1041
EVAL_INSTANCE:52:2:1042
EVAL_INSTANCE:52:3:1043
EVAL_INSTANCE:52:4:1044
EVAL_INSTANCE:52:5:1045
EVAL_INSTANCE:52:6:1046
EVAL_INSTANCE:52:7:1047
EVAL_INSTANCE:52:8:1048
EVAL_INSTANCE:52:9:1049
RUN_RESULT:52:0:0:10:UUUURULULL
RUN_RESULT:52:1:0:1312:UUUURLDLL
RUN_RESULT:52:2:0:1150:UUUULLRLULLL
RUN_RESULT:52:3:0:2000:----
RUN_RESULT:52:4:0:99:UUUULLRLULLL
RUN_RESULT:52:5:0:2000:----
RUN_RESULT:52:6:0:10:UUUURULULL
RUN_RESULT:52:7:0:19:UUUURULULL
RUN_RESULT:52:8:0:1150:UUUULLRLULLL
RUN_RESULT:52:9:0:2000:----
    53 |      530 | -3.990000E+03 | -3.990000E+03
TRACK:1050;566;561;3;0;5;0;5;1;6;4;3;0;10;25;0;5;0;4;20;0.7351769399066475;4;24;3;5;0;8;22;1.9178699543291196;6;2;5;3;0;3;7;-1.835310306323171;4;24;13;4;3;2;2;2;2;1;2;10;11;6;9;4;3;24;6;3;3;8;6;2;6;4;14;6;10;1;1;5;24;1;21;-4.778116458091936;25;3;0;25;24
TRACK:1051;566;561;3;0;5;0;5;1;6;4;3;0;10;25;0;5;0;4;20;0.6297388137510807;4;24;3;5;0;8;22;1.6387679997652442;6;2;5;3;0;3;7;-1.9983925114321415;4;24;13;4;3;2;2;2;2;1;2;10;11;6;9;25;6;3;3;8;6;2;6;4;14;5;2;17;21;6.171067081651891;6;1;3;2;0;21;-8.979766359132212;19;2;13;19;1;1;5;24;1;21;-4.778116458091936;25;3;0;25;24
TRACK:1052;526;542;3;0;5;0;5;1;6;4;3;0;10;25;0;5;0;4;20;0.6317182326717258;4;24;3;5;0;8;22;1.9211733964180546;6;2;5;3;0;3;7;-1.9035107509581097;4;24;13;4;3;2;2;2;2;1;2;10;11;6;9;4;3;24;0;10;25;6;2;6;4;14;6;10;6;1;3;2;0;21;-8.940042557827399;11;2;13;19;1;1;5;24;5;8;3;5;25
TRACK:1053;526;542;3;0;5;0;5;1;6;4;3;0;10;25;0;5;3;24;3;5;0;8;22;1.7381989359384042;6;2;5;3;0;3;7;-1.7118801581016863;4;24;13;4;3;2;2;2;2;1;2;10;17;6;9;25;6;3;3;8;6;2;6;4;14;5;2;17;21;6.399232195658325;6;1;3;4;13;1;1;5;9;1;21;-4.703083459155892;25;3;5;25
TRACK:1054;563;566;3;0;5;0;5;1;6;4;3;0;10;25;0;5;0;4;20;0.645115706562894;4;24;3;5;0;8;22;1.8004489927088398;6;1;19;24;4;3;2;2;2;2;1;2;10;17;6;9;25;6;3;3;8;6;2;6;4;14;5;2;17;21;6.291213416371669;6;6;2;6;4;14;6;10
TRACK:1055;563;566;3;0;5;0;5;1;6;4;3;0;10;25;0;5;0;4;20;0.7351769399066475;4;24;3;5;0;8;22;1.9178699543291196;6;20;0.645115706562894;4;3;2;2;2;2;1;2;10;11;6;9;4;3;24;6;3;3;8;6;2;6;4;14;6;10;6;1;3;2;0;21;-8.826652726924944;11;2;13;9;1;1;5;25;5;8;3;5;25
TRACK:1056;381;489;3;0;5;0;5;1;6;4;3;0;10;25;0;5;0;4;20;0.5334300884931266;4;24;3;5;0;21;-8.942458218385559;22;1.7958792404530506;6;2;5;3;0;3;7;-1.884791555238767;4;24;13;4;3;2;2;2;2;1;2;10;11;6;9;4;3;24;6;3;3;8;6;2;6;4;14;5;2;17;21;6.202527850922802;6;1;3;2;0;21;-8.998512119765355;11;2;13;19;1;1;5;24;5;20;-8.731021694943875;3;5;25
TRACK:1057;381;489;3;0;5;0;5;1;6;4;3;0;10;25;0;5;0;4;20;0.5944776144782205;4;24;3;5;0;8;22;1.6521541418814543;6;2;5;3;0;3;7;-1.9347451502148856;4;24;13;4;3;2;2;2;2;1;2;10;11;6;9;25;6;3;3;8;6;2;6;4;14;5;2;17;21;6.304053572782502;6;1;3;2;0;21;-8.942458218385559;11;2;13;19;1;1;5;24;1;21;-4.903815446000335;25;3;5;25
TRACK:1058;542;567;3;0;5;0;5;1;6;4;3;0;10;25;0;5;0;4;20;0.6812157983887053;4;19;3;5;0;8;22;1.7381989359384042;6;2;5;3;0;3;7;-1.7118801581016863;4;24;13;4;3;2;2;2;2;1;2;10;17;6;9;25;6;3;3;8;6;2;6;4;14;5;2;17;24;6;1;3;4;13;1;1;5;9;1;21;-4.703083459155892;25;3;5;25
TRACK:1059;542;567;3;0;5;0;5;1;6;4;3;0;10;8;0;5;0;4;20;0.554959567811991;4;24;3;5;0;8;22;1.5847910097815714;6;2;5;3;0;3;7;-1.955386870631307;4;24;13;4;3;2;2;2;2;1;2;10;11;6;9;25;6;3;3;8;6;2;6;4;14;5;2;17;21;6.262568272526572;6;1;3;2;0;21;-8.749035212796752;24;2;13;20;-4.280543820769656;1;1;5;24;1;21;-4.712273777889777;25;3;5;25
TRACK:1060;1050;-1;3;0;5;0;5;1;6;4;3;0;10;25;0;5;0;4;20;0.915200880586713;4;24;3;5;0;8;22;1.8291507716475068;6;2;5;3;0;3;7;-1.7756927087636427;4;24;13;4;3;2;2;2;2;1;2;10;11;6;9;4;3;24;6;3;3;7;-8.203403669286171;6;2;6;4;14;6;10;1;1;5;24;1;21;-4.889075387601505;25;3;0;25;24
TRACK:1061;1052;-1;3;0;5;0;5;1;6;4;3;0;10;25;0;5;0;4;20;0.6656302436738155;4;24;3;5;0;8;22;1.922114919166601;6;2;5;3;0;3;7;-1.8597280968896248;4;24;13;4;3;2;2;2;2;1;2;10;11;6;9;4;3;24;0;10;25;6;2;6;4;14;6;10;6;1;3;2;0;21;-8.971190140863763;24;2;13;19;1;1;5;24;5;8;3;5;25
TRACK:1062;1054;-1;3;0;5;0;5;1;6;4;3;0;10;25;0;5;0;4;20;0.7044713179410015;2;13;19;3;5;0;8;22;1.7987273281140321;6;1;19;24;4;3;2;2;2;2;1;2;10;17;6;9;25;6;3;3;8;6;2;6;4;14;5;2;17;21;6.235038618030062;6;6;2;6;4;14;6;10
TRACK:1063;1056;-1;3;0;5;0;5;1;6;4;3;0;10;25;0;5;0;4;20;0.5007410042150029;4;24;3;5;0;21;-8.941568895661344;22;1.7581586042896975;4;0;4;19;3;11;4;3;2;2;2;2;1;2;10;11;6;9;4;3;24;6;3;3;8;6;2;6;4;14;5;2;17;21;6.262457285792913;6;1;3;2;0;21;-9.020913698967506;11;2;13;19;1;1;5;24;5;20;-8.707161300541541;3;5;25
TRACK:1064;1058;-1;3;0;5;0;5;1;6;4;3;0;10;25;0;4;10;5;7;-4.431326588283026;6;2;5;3;0;3;7;-1.622891873139902;4;24;13;4;3;2;2;2;2;1;2;10;17;6;9;25;6;3;3;8;6;2;6;4;14;5;2;17;24;6;1;3;4;13;1;1;5;9;1;21;-4.6949347213338735;25;3;5;25
TRACK:1065;1051;-1;3;0;5;0;5;1;6;4;3;0;10;25;0;5;0;4;20;0.6243476142249381;4;24;3;5;0;8;22;1.605161198087446;6;2;5;3;0;3;7;-2.191564808590212;4;24;13;4;3;2;2;2;2;1;2;10;11;6;9;25;6;3;3;8;6;2;6;4;14;5;2;17;21;6.026390503038647;6;1;3;2;0;21;-8.99234059398496;19;2;13;19;1;1;5;24;1;21;-4.776791651422887;24;3;0;25;24
TRACK:1066;1053;-1;3;0;5;0;5;1;6;4;3;5;17;0;5;3;24;3;5;0;8;22;1.7121094755627873;6;2;5;3;0;3;7;-1.7505113502652443;4;24;13;4;3;2;2;2;2;1;2;10;17;6;9;25;6;3;3;8;6;2;6;4;14;5;2;17;21;6.443902171829794;6;1;3;4;13;1;1;5;9;1;21;-4.552943761147062;25;3;5;25
TRACK:1067;1055;-1;3;0;5;0;5;1;6;4;3;0;10;25;0;5;0;4;20;0.6868336943647259;4;24;3;5;0;8;22;1.738598838159683;6;20;0.7988513832441717;4;3;2;2;2;2;1;2;10;11;6;9;4;3;24;6;3;3;8;6;2;6;4;14;6;10;6;1;3;2;0;21;-8.651506474762812;11;2;13;12;1;1;5;25;5;8;3;5;25
TRACK:1068;1057;-1;3;0;5;0;5;1;6;4;3;0;10;25;0;5;0;4;20;0.7150900575266399;4;24;3;5;3;25;6;2;5;3;0;3;7;-1.8602404543439712;4;24;13;4;3;2;2;2;2;1;2;10;11;6;9;25;6;3;3;8;6;2;6;4;14;5;2;17;21;6.309533849779869;6;1;3;2;0;21;-8.997584422644222;11;2;13;19;1;1;5;24;1;21;-5.121229155239976;25;3;5;25
TRACK:1069;1059;-1;3;0;5;0;5;1;6;4;3;0;10;8;0;5;0;4;20;0.6120325015485528;4;24;3;5;0;8;22;1.6383889611153715;6;2;5;3;0;3;7;-2.063309418096324;4;24;13;4;3;2;2;2;2;1;2;10;11;6;9;25;6;3;3;8;6;2;6;4;14;5;2;17;21;6.134269047165278;6;1;3;2;0;21;-8.783124268188015;24;2;9;20;-4.332275540719512;1;1;5;24;1;21;-4.626671049361904;25;3;5;25
EVAL_INSTANCE:53:0:1060
EVAL_INSTANCE:53:1:1061
EVAL_INSTANCE:53:2:1062
EVAL_INSTANCE:53:3:1063
EVAL_INSTANCE:53:4:1064
EVAL_INSTANCE:53:5:1065
EVAL_INSTANCE:53:6:1066
EVAL_INSTANCE:53:7:1067
EVAL_INSTANCE:53:8:1068
EVAL_INSTANCE:53:9:1069
RUN_RESULT:53:0:0:2000:----
RUN_RESULT:53:1:0:2000:----
RUN_RESULT:53:2:0:1218:RRRRRRDDRDDDRDLLLDLU
RUN_RESULT:53:3:0:2000:----
RUN_RESULT:53:4:0:2000:----
RUN_RESULT:53:5:0:10:UUUURULULL
RUN_RESULT:53:6:0:940:UUUURLDLL
RUN_RESULT:53:7:0:177:UUUURRURRRLRULURLULL
RUN_RESULT:53:8:0:19:UUUURULULL
RUN_RESULT:53:9:0:10:UUUURULULL
    54 |      540 | -3.990000E+03 | -3.990000E+03
TRACK:1070;526;563;3;0;5;0;5;1;6;4;3;0;10;25;0;5;0;4;20;0.6317182326717258;4;24;3;8;6;2;5;3;0;3;7;-1.9035107509581097;4;24;13;4;3;2;2;2;2;1;2;10;11;6;9;4;3;24;6;3;3;8;6;2;6;4;14;6;10;6;1;3;2;0;21;-8.940042557827399;11;2;13;19;1;1;5;24;5;8;3;5;25
TRACK:1071;526;563;3;0;5;0;5;1;6;4;3;0;10;25;0;5;0;4;20;0.645115706562894;4;24;3;5;0;8;22;1.8004489927088398;6;1;19;24;4;3;2;2;2;2;1;2;10;17;6;9;4;20;0.6317182326717258;6;3;3;8;6;2;6;4;14;5;2;17;21;6.291213416371669;6;1;3;2;0;21;-8.615295463753146;17;2;13;19;1;1;5;24;1;21;-4.768306165220745;25;3;5;25
TRACK:1072;567;381;3;0;5;0;5;1;6;4;3;0;10;25;0;5;0;4;20;0.554959567811991;4;24;3;5;0;8;22;1.5847910097815714;6;2;5;3;0;3;7;-1.955386870631307;4;24;2;10;11;4;3;2;2;2;2;1;2;10;11;6;9;25;6;3;3;8;6;2;6;4;14;5;2;17;21;6.262568272526572;6;1;3;2;0;21;-8.749035212796752;24;2;13;20;-4.280543820769656;1;1;5;24;1;21;-4.712273777889777;25;3;5;25
TRACK:1073;567;381;3;0;5;0;5;1;6;4;3;0;10;25;0;5;0;4;20;0.5334300884931266;4;24;3;5;0;8;22;1.7958792404530506;6;2;5;3;0;3;7;-1.884791555238767;4;24;13;4;3;2;2;2;2;1;2;10;11;6;9;4;3;24;6;3;3;8;6;2;6;4;14;5;2;17;21;6.202527850922802;6;1;3;2;0;21;-8.998512119765355;11;2;13;19;1;3;8;3;5;25
TRACK:1074;509;509;3;0;5;0;5;1;6;4;3;0;10;25;0;5;0;4;20;0.6757035951212185;4;19;3;5;0;8;22;1.7737653774675808;6;2;5;3;0;3;7;-1.7577624029895191;4;24;13;4;3;2;2;2;2;1;2;10;17;6;9;25;6;3;3;8;6;2;6;4;14;5;2;17;21;6.378544981383671;6;1;3;2;22;1.7737653774675808;2;13;19;1;1;5;24;1;21;-4.828989826537952;25;3;5;25
TRACK:1075;509;509;3;0;5;0;5;1;6;4;3;0;10;25;0;5;0;4;20;0.6757035951212185;4;19;3;5;0;8;22;1.7737653774675808;6;2;5;3;0;3;7;-1.7577624029895191;4;24;13;4;3;2;2;2;2;1;2;10;17;6;9;25;9;6;2;6;4;14;5;2;17;21;6.378544981383671;6;1;3;2;0;21;-8.89127796906232;11;2;13;19;1;1;5;24;1;21;-4.828989826537952;25;3;5;25
TRACK:1076;489;547;3;0;5;25;4;3;2;2;2;2;1;2;10;11;6;9;25;6;3;3;8;6;2;6;4;14;5;2;17;21;6.304053572782502;6;1;3;2;0;21;-8.942458218385559;11;2;13;19;1;1;5;24;1;21;-4.903815446000335;25;3;5;25
TRACK:1077;489;547;3;0;5;0;5;1;6;4;3;0;10;25;0;5;0;4;20;0.6163724510451069;4;24;3;5;0;8;22;1.781538475512475;6;1;19;24;4;3;2;2;2;2;1;2;10;17;6;9;25;6;3;3;8;6;2;6;4;14;5;2;10;11;6;1;3;2;0;21;-8.798170546052466;11;2;13;19;1;1;5;24;1;21;-4.909247867364276;25;3;5;25
TRACK:1078;561;566;3;0;5;0;5;1;6;4;3;0;10;25;0;5;21;-8.826652726924944;3;5;0;8;22;1.6387679997652442;6;2;5;3;0;3;7;-1.9983925114321415;4;24;13;4;3;2;2;2;2;1;2;10;11;6;9;25;6;3;3;8;6;2;6;4;14;5;2;17;21;6.171067081651891;6;1;3;2;0;21;-8.979766359132212;19;2;13;19;1;1;5;24;1;21;-4.778116458091936;25;3;0;25;24
TRACK:1079;561;566;3;0;5;0;5;1;6;4;3;0;10;25;0;5;0;4;20;0.7351769399066475;4;24;3;5;0;8;22;1.9178699543291196;6;2;5;3;0;3;7;-1.835310306323171;4;24;13;4;3;2;2;2;2;1;2;10;11;6;9;4;3;24;6;3;3;8;6;2;6;4;14;21;6.171067081651891;6;1;3;2;0;21;-8.826652726924944;11;2;13;9;1;1;5;25;5;8;3;5;25
TRACK:1080;1070;-1;3;0;5;0;5;1;6;5;24;0;5;0;4;20;0.6786671707596797;4;24;3;8;6;2;5;3;0;3;7;-1.9569094231840365;4;24;13;4;3;2;2;2;2;1;2;10;11;6;9;4;3;24;6;3;3;8;6;2;6;4;14;6;10;6;1;3;2;0;21;-8.894660922862345;11;2;13;19;1;1;5;24;5;8;3;5;25
TRACK:1081;1072;-1;3;0;5;0;5;1;6;4;3;0;10;25;0;5;2;6;21;5.839151639988614;4;8;3;5;0;8;22;1.6399456018133567;6;2;5;3;0;3;7;-1.9602846516126553;4;24;2;10;11;4;3;2;2;2;2;1;2;10;11;6;9;25;6;3;3;8;6;2;6;4;14;5;2;17;21;6.327697214887638;6;1;3;2;0;21;-8.750652392139743;24;2;13;20;-4.373212682650459;1;1;5;24;1;21;-4.81330423390657;25;3;5;25
TRACK:1082;509;-1;3;0;5;0;5;1;6;4;3;0;10;25;0;5;0;4;20;0.5322584138550961;4;19;3;5;0;8;22;1.5970138601693482;6;5;4;4;15;4;3;2;2;2;2;1;2;10;17;6;9;25;6;3;3;8;6;2;6;4;14;5;2;17;21;6.567032274806463;6;1;3;2;0;21;-8.966289158541201;11;2;13;19;1;1;5;24;1;21;-4.630378774044942;25;3;5;25
TRACK:1083;1076;-1;3;0;5;25;4;3;2;2;2;2;1;2;10;11;6;21;-7.141829245568676;25;6;3;3;8;6;2;6;4;14;5;2;17;21;6.3282363221592695;6;1;3;2;0;21;-8.857010856519866;11;2;13;19;1;1;5;24;1;21;-4.824793236955368;25;3;5;25
TRACK:1084;1078;-1;3;0;5;0;5;1;6;4;3;0;10;25;0;5;21;-8.803122135537883;3;5;0;8;22;1.5182527722380483;6;2;5;3;0;3;7;-1.7805144574978926;4;24;13;4;3;2;2;2;2;1;2;25;19;6;9;25;6;3;3;8;6;2;6;4;14;5;2;17;21;5.928792224980169;6;1;3;2;0;21;-8.924883286956716;19;2;13;19;1;1;5;24;1;21;-4.752646398356775;25;3;0;25;24
TRACK:1085;1071;-1;3;0;5;0;5;1;6;4;3;0;10;25;0;5;0;4;20;0.6572693512854456;4;24;3;5;0;8;22;1.7953567422402403;6;1;19;24;4;3;2;2;2;2;1;2;10;17;1;25;7;4.675096156714764;4;20;0.5899490221879109;6;3;3;8;6;2;6;4;14;5;2;17;21;6.401542909714562;6;1;3;2;0;21;-8.551626853442597;17;2;13;19;1;1;5;24;1;21;-4.798691880669628;25;3;5;25
TRACK:1086;1073;-1;3;0;5;0;5;1;6;4;3;0;10;25;0;5;0;4;20;0.6271692809042636;4;24;3;5;0;8;22;1.7551355856522184;6;2;5;3;0;3;7;-1.7531321678550165;4;24;13;4;3;2;2;2;2;1;2;10;11;6;9;4;3;22;2.7595147255403774;6;3;3;8;6;2;6;4;14;5;2;17;21;6.115272030986261;6;1;3;2;0;21;-8.963211864329097;11;2;13;19;1;3;8;3;5;25
TRACK:1087;509;-1;3;0;5;0;5;1;6;4;3;0;10;25;0;5;0;4;20;0.8181537022776365;4;19;3;5;0;8;22;1.928055202901379;6;2;5;3;0;3;7;-1.6583036521353618;4;24;13;4;3;2;2;2;2;1;2;10;17;6;9;25;6;3;3;8;6;2;6;4;14;5;2;17;21;6.41853474060926;6;1;5;11;1;1;5;24;1;21;-4.79305316739999;25;3;5;25
TRACK:1088;1077;-1;3;0;5;0;5;1;6;4;3;0;10;25;0;5;0;4;20;0.680196990960989;4;24;3;5;0;8;22;1.8618045314084233;6;1;19;24;4;3;2;2;2;2;1;2;10;17;6;9;25;6;4;3;10;6;2;6;4;14;5;2;10;11;6;1;3;2;0;21;-8.980982626516226;11;2;13;19;1;1;5;24;1;21;-4.773992715048001;25;3;5;25
TRACK:1089;1079;-1;3;0;5;0;5;1;6;4;3;0;10;25;0;5;0;4;20;0.733811362820424;4;24;3;5;0;8;22;1.9215119635619844;6;2;5;3;0;3;7;-1.7625186928591723;4;24;13;4;3;2;2;2;2;1;2;10;11;6;9;4;4;7;-5.4317054841056;6;3;3;8;6;2;6;4;14;21;6.273431375255586;6;1;3;2;0;21;-8.648658447816512;11;2;13;9;1;1;5;25;5;8;3;5;25
EVAL_INSTANCE:54:0:1080
EVAL_INSTANCE:54:1:1081
EVAL_INSTANCE:54:2:1082
EVAL_INSTANCE:54:3:1083
EVAL_INSTANCE:54:4:1084
EVAL_INSTANCE:54:5:1085
EVAL_INSTANCE:54:6:1086
EVAL_INSTANCE:54:7:1087
EVAL_INSTANCE:54:8:1088
EVAL_INSTANCE:54:9:1089
RUN_RESULT:54:0:0:940:UUUURLDLL
RUN_RESULT:54:1:0:2000:----
RUN_RESULT:54:2:0:10:UUUURULULL
RUN_RESULT:54:3:0:2000:----
RUN_RESULT:54:4:0:2000:----
RUN_RESULT:54:5:0:2000:----
RUN_RESULT:54:6:0:10:UUUURULULL
RUN_RESULT:54:7:0:10:UUUURULULL
RUN_RESULT:54:8:0:2000:----
RUN_RESULT:54:9:0:2000:----
    55 |      550 | -3.990000E+03 | -3.990000E+03
TRACK:1090;566;381;3;0;5;0;5;1;6;4;3;0;10;25;0;5;0;4;20;0.7351769399066475;4;24;3;5;0;8;22;1.9178699543291196;6;2;5;3;0;3;7;-1.835310306323171;4;24;6;3;3;8;4;3;2;2;2;2;1;2;10;11;6;9;4;3;24;6;3;3;8;6;2;6;4;14;6;10;6;1;3;2;0;21;-8.826652726924944;11;2;13;9;1;1;5;25;5;8;3;5;25
TRACK:1091;566;381;3;0;5;0;5;1;6;4;3;0;10;25;0;5;0;4;20;0.5334300884931266;4;24;3;5;0;8;22;1.7958792404530506;6;2;5;3;0;3;7;-1.884791555238767;4;24;13;4;3;2;2;2;2;1;2;10;11;6;9;4;3;24;6;3;3;8;6;8;6;1;3;2;0;21;-8.998512119765355;11;2;13;19;1;1;5;24;5;20;-8.731021694943875;3;5;25
TRACK:1092;509;526;3;0;5;0;5;1;6;4;3;0;10;7;-1.9035107509581097;0;5;0;4;20;0.6757035951212185;4;19;3;5;0;8;22;1.7737653774675808;6;2;5;3;0;3;7;-1.7577624029895191;4;24;13;4;3;2;2;2;2;1;2;10;17;6;9;25;6;3;3;8;6;2;6;4;14;5;2;17;21;6.378544981383671;6;1;3;2;0;21;-8.89127796906232;11;2;13;19;1;1;5;24;1;21;-4.828989826537952;25;3;5;25
TRACK:1093;509;526;3;0;5;0;5;1;6;4;3;0;10;25;0;5;0;4;20;0.6317182326717258;4;24;3;5;0;8;22;1.9211733964180546;6;2;5;3;0;3;7;-1.9035107509581097;4;24;13;4;3;2;2;2;2;1;2;10;11;6;9;4;3;24;6;3;3;8;6;2;6;13;6;10;6;1;3;2;0;21;-8.940042557827399;11;2;13;19;1;1;5;24;5;8;3;5;25
TRACK:1094;489;381;3;0;5;0;5;1;6;4;3;0;10;25;0;5;0;4;20;0.5944776144782205;4;24;3;5;0;8;22;1.6521541418814543;6;2;5;3;0;3;7;-1.9347451502148856;4;24;13;4;3;2;2;2;2;1;2;10;8;6;9;25;6;3;3;8;6;2;6;4;14;5;2;17;21;6.304053572782502;6;1;3;2;0;21;-8.942458218385559;11;2;13;19;1;1;5;24;1;21;-4.903815446000335;25;3;5;25
TRACK:1095;489;381;3;0;5;0;5;1;6;4;3;0;10;25;0;5;0;4;20;0.5334300884931266;4;24;3;5;0;8;22;1.7958792404530506;6;2;5;3;0;3;7;-1.884791555238767;4;24;13;4;3;2;2;2;2;1;2;10;11;6;9;4;3;8;6;3;3;8;6;2;6;4;14;5;2;17;21;6.202527850922802;6;1;3;2;0;21;-8.998512119765355;11;2;13;19;1;1;5;24;5;20;-8.731021694943875;3;5;25
TRACK:1096;561;489;3;0;5;0;5;1;6;4;3;0;10;25;0;5;0;4;20;0.6297388137510807;4;24;3;5;0;17;22;1.6387679997652442;6;2;5;3;0;3;7;-1.9983925114321415;4;24;13;4;3;2;2;2;2;1;2;10;11;6;9;25;6;3;3;8;6;2;6;4;14;5;2;17;21;6.171067081651891;6;1;3;2;0;21;-8.979766359132212;19;2;13;19;1;1;5;24;1;21;-4.778116458091936;25;3;0;25;24
TRACK:1097;561;489;3;0;5;0;5;1;6;4;3;0;10;25;0;5;0;4;20;0.5944776144782205;4;24;3;5;0;8;22;1.6521541418814543;6;2;5;3;0;3;7;-1.9347451502148856;4;24;13;4;3;1;5;24;1;21;-4.778116458091936;25
TRACK:1098;566;567;3;0;5;0;5;1;6;4;3;0;10;25;0;5;0;4;20;0.7351769399066475;4;24;3;5;0;8;22;1.9178699543291196;6;2;5;3;0;3;7;-1.835310306323171;4;24;13;0;3;7;-1.955386870631307;4;24
TRACK:1099;566;567;3;0;5;0;5;1;6;4;3;0;10;25;0;5;0;4;20;0.554959567811991;4;24;3;5;0;8;22;1.5847910097815714;6;2;5;3;0;3;7;-1.955386870631307;4;24;13;4;3;2;2;2;2;1;2;10;11;6;9;25;6;3;3;8;6;2;6;4;14;5;2;17;21;6.262568272526572;6;1;3;2;0;21;-8.749035212796752;24;2;13;20;-4.280543820769656;1;1;5;9;1;21;-4.712273777889777;25;3;5;25
TRACK:1100;1090;-1;3;0;5;0;5;1;6;4;3;0;10;11;0;5;0;4;20;0.8418754096989406;4;24;3;5;0;8;22;1.9829538530093638;6;2;5;3;0;3;7;-1.857842429006633;4;24;6;3;3;8;4;3;2;2;2;2;1;2;10;11;6;9;4;3;24;6;3;3;8;6;2;6;4;14;6;10;6;1;3;2;0;21;-8.620034670651533;11;2;13;9;1;1;5;25;5;8;3;5;25
TRACK:1101;509;-1;3;0;5;0;5;1;6;4;3;0;10;25;0;5;0;4;20;0.7662027406230696;4;19;3;5;0;8;22;1.7830772554947194;6;2;5;3;0;3;7;-1.6364139211695545;4;24;13;4;3;2;2;2;2;1;2;10;17;6;9;25;6;3;3;8;6;2;6;4;14;5;2;17;21;6.128755308480285;6;1;3;2;0;21;-8.761753250764178;11;2;13;19;1;1;5;19;1;21;-4.887397220561096;25;3;5;25
TRACK:1102;1094;-1;3;0;5;0;5;1;6;4;3;0;10;25;0;5;0;4;20;0.5158059119369409;4;24;3;5;0;8;22;1.6395571517614866;6;2;5;3;0;3;7;-1.8403320327058077;4;24;13;4;3;2;2;2;2;1;2;10;8;6;9;25;6;3;3;8;6;2;6;4;14;5;2;17;21;6.213720518192156;6;1;3;2;0;21;-9.120681003261343;11;2;13;19;1;1;5;24;4;24;3;5;25
TRACK:1103;1096;-1;3;0;5;0;5;1;6;4;3;0;10;25;0;5;0;4;20;0.4841127677804864;4;24;3;5;0;17;22;1.6484514869836302;6;2;5;3;0;3;7;-1.9376086613008774;4;24;13;4;3;2;2;2;2;1;2;10;11;6;7;-3.9306460584424023;25;6;3;3;8;6;2;6;4;14;5;2;17;21;6.244612834976685;6;1;3;2;0;21;-9.006606934799745;19;2;13;19;1;1;5;24;1;21;-4.669465281065642;25;3;0;25;24
TRACK:1104;1098;-1;3;0;5;0;5;1;6;4;3;0;10;25;0;5;0;4;20;0.6832246744580681;4;24;3;5;0;8;22;1.8900343733025962;6;2;4;2;25;9;13;0;3;7;-1.8980257310371293;4;24
TRACK:1105;1091;-1;3;0;5;0;5;1;6;4;3;0;10;25;0;5;0;4;20;0.4451655169908608;4;24;3;5;0;8;22;1.8118811993436865;6;2;5;3;0;3;7;-2.01442521293811;4;24;13;4;3;2;2;2;2;1;2;10;11;6;9;4;3;24;6;3;3;8;6;8;6;1;3;3;1;17;18;1;1;5;24;5;20;-8.70428062856624;3;5;25
TRACK:1106;526;-1;3;0;5;0;5;1;6;4;3;0;10;25;0;5;0;4;20;0.7407610572975931;4;24;3;5;0;8;22;2.1000363435872162;6;2;5;3;0;3;7;-1.862517720052241;4;24;13;4;3;2;2;2;5;2;4;9;3;17;6;3;3;8;6;2;6;4;14;6;10;6;1;3;2;0;21;-8.951661690814449;11;2;13;19;1;1;5;24;5;8;3;5;25
TRACK:1107;1095;-1;3;0;5;0;5;1;6;4;3;0;10;25;0;5;0;4;20;0.5975139579899352;4;24;3;5;0;8;22;1.7495989148491649;6;2;5;3;0;3;7;-1.7924475581199384;4;24;13;4;3;2;2;2;2;1;2;10;11;6;9;4;3;8;6;3;3;8;6;2;6;4;14;5;2;17;21;6.193727613874922;6;1;3;2;0;21;-8.934397437355106;11;2;13;19;1;1;5;21;-1.137120197238774;5;20;-8.650544702132983;3;5;25
TRACK:1108;1097;-1;3;0;5;0;5;1;6;4;3;0;10;25;0;5;0;4;20;0.6690071538006713;4;24;3;5;0;8;22;1.6059733990101743;6;2;5;3;0;3;7;-1.887607041727516;4;24;13;3;1;1;4;22;-8.495841755296139;1;14;24;6;0;11;13
TRACK:1109;1099;-1;3;0;5;0;5;1;6;4;3;0;10;25;0;5;0;4;20;0.6308036099557731;4;24;3;5;0;8;22;1.6355596210121388;6;2;5;3;1;14;8;13;4;3;2;2;2;2;1;2;10;11;6;9;25;6;3;3;8;6;2;6;4;14;5;2;17;21;6.283198112419143;6;1;3;2;0;21;-8.769838120046114;24;2;13;20;-4.0938947041981;1;1;5;9;1;21;-4.674310300199124;25;3;5;25
EVAL_INSTANCE:55:0:1100
EVAL_INSTANCE:55:1:1101
EVAL_INSTANCE:55:2:1102
EVAL_INSTANCE:55:3:1103
EVAL_INSTANCE:55:4:1104
EVAL_INSTANCE:55:5:1105
EVAL_INSTANCE:55:6:1106
EVAL_INSTANCE:55:7:1107
EVAL_INSTANCE:55:8:1108
EVAL_INSTANCE:55:9:1109
RUN_RESULT:55:0:0:10:UUUURULULL
RUN_RESULT:55:1:0:10:UUUURULULL
RUN_RESULT:55:2:0:2000:----
RUN_RESULT:55:3:0:1150:UUUULLRLULLL
RUN_RESULT:55:4:0:2000:----
RUN_RESULT:55:5:0:2000:----
RUN_RESULT:55:6:0:1150:UUUULLRLULLL
RUN_RESULT:55:7:0:10:UUUURULULL
RUN_RESULT:55:8:0:1150:UUUULLRLULLL
RUN_RESULT:55:9:0:10:UUUURULULL
    56 |      560 | -3.990000E+03 | -3.990000E+03
TRACK:1110;489;567;3;0;5;0;5;1;6;4;3;0;10;25;0;5;0;4;20;0.5944776144782205;4;24;3;5;0;8;22;1.6521541418814543;6;2;5;3;0;20;0.554959567811991;4;24;13;4;3;2;2;2;2;1;2;10;11;6;9;25;6;3;3;8;6;2;6;4;14;5;2;17;21;6.304053572782502;6;1;3;2;0;21;-8.942458218385559;11;2;13;19;1;1;5;24;1;21;-4.903815446000335;25;3;5;25
TRACK:1111;489;567;3;0;5;0;5;1;6;4;3;0;10;25;0;5;0;4;20;0.554959567811991;4;24;3;5;0;8;22;1.5847910097815714;6;2;5;3;0;3;7;-1.955386870631307;4;24;13;4;3;2;2;2;2;1;2;10;11;6;13;25;6;3;3;8;6;2;6;4;14;5;2;17;21;6.262568272526572;6;1;3;2;0;21;-8.749035212796752;24;2;13;20;-4.280543820769656;1;1;5;24;1;21;-4.712273777889777;25;3;5;25
TRACK:1112;566;381;3;0;5;0;5;1;6;4;3;0;10;25;3;2;0;21;-8.998512119765355;11;2;13;19;6;2;5;3;0;3;7;-1.835310306323171;4;24;13;4;3;2;2;2;2;1;2;10;11;6;9;4;3;24;6;3;3;8;6;2;6;4;14;6;10;6;1;3;2;0;21;-8.826652726924944;11;2;13;9;1;1;5;25;5;8;3;5;25
TRACK:1113;566;381;3;0;5;0;5;1;6;4;3;0;10;25;0;5;0;4;20;0.5334300884931266;4;24;3;5;0;8;22;1.7958792404530506;6;2;5;3;0;3;7;-1.884791555238767;4;24;13;4;3;2;2;2;2;1;2;10;11;6;9;4;3;24;6;3;3;8;6;2;6;4;14;5;2;17;21;6.202527850922802;6;1;3;2;0;21;-8.998512119765355;11;2;13;11;1;1;5;24;5;20;-8.731021694943875;3;5;25
TRACK:1114;563;567;3;0;5;0;5;1;6;4;3;0;10;25;0;5;0;4;20;0.645115706562894;4;24;3;5;0;8;22;1.8004489927088398;6;1;19;24;4;3;2;2;2;2;1;2;10;17;6;9;25;6;3;3;8;6;2;6;4;14;2;0;21;-8.749035212796752;24;2;13;20;-4.280543820769656;6;1;3;2;0;21;-8.615295463753146;17;2;13;19;1;1;5;24;1;21;-4.768306165220745;25;3;5;25
TRACK:1115;563;567;3;0;5;0;8;22;1.8004489927088398;4;3;2;2;2;2;1;2;10;11;6;9;25;6;3;3;8;6;2;6;4;14;5;2;17;21;6.262568272526572;6;1;3;2;0;21;-8.749035212796752;24;2;13;20;-4.280543820769656;1;1;5;24;1;21;-4.712273777889777;25;3;5;25
TRACK:1116;566;542;3;0;5;0;5;1;6;4;3;0;10;25;0;5;0;4;20;0.6812157983887053;4;19;3;5;0;8;22;1.7381989359384042;6;2;5;3;0;3;7;-1.7118801581016863;4;24;13;4;3;2;2;2;2;1;2;10;11;6;9;4;3;24;6;3;3;8;6;2;6;4;14;6;10;6;1;3;2;0;21;-8.826652726924944;11;2;13;9;1;1;5;25;5;8;3;5;25
TRACK:1117;566;542;3;0;5;0;5;1;6;4;3;0;10;25;0;5;0;4;20;0.6812157983887053;4;19;3;5;0;8;22;1.7381989359384042;6;2;5;3;0;3;7;-1.7118801581016863;4;24;13;4;3;2;2;2;2;1;2;10;17;6;9;25;6;3;3;8;6;2;6;4;14;5;2;17;21;6.399232195658325;6;1;3;4;13;1;6;10;3;5;25
TRACK:1118;547;526;3;0;5;0;5;1;6;4;3;0;10;25;0;5;0;4;20;0.6163724510451069;4;24;3;5;0;8;22;1.781538475512475;6;1;19;24;4;3;2;2;2;2;1;2;10;17;6;9;25;6;3;3;8;6;2;6;4;14;5;2;17;21;6.413665836382024;6;1;3;2;0;21;-8.798170546052466;11;2;13;19;1;1;5;24;1;21;-4.909247867364276;25;3;0;8;22;1.9211733964180546
TRACK:1119;547;526;3;0;5;0;5;1;6;4;3;0;10;25;0;5;0;4;20;0.6317182326717258;4;24;3;5;0;8;22;1.9211733964180546;6;2;5;3;0;3;7;-1.9035107509581097;4;24;13;4;3;2;2;2;2;1;2;22;1.781538475512475;11;6;9;4;3;24;6;3;3;8;6;2;6;4;14;6;10;6;1;3;2;0;21;-8.940042557827399;11;2;13;19;1;1;5;24;5;8;3;5;25
TRACK:1120;1110;-1;3;0;5;0;5;1;6;4;3;0;10;25;0;5;0;4;20;0.4487850022682203;4;24;3;5;0;8;22;1.6511781468014064;6;2;5;3;0;20;0.44017693326091867;4;24;13;4;3;2;2;2;2;1;2;10;11;6;9;25;6;3;3;8;6;2;6;4;14;5;5;22;-6.019461459001723;6;1;3;2;0;21;-8.970599939754964;11;2;13;19;1;1;5;24;1;21;-4.858058673865969;25;3;5;25
TRACK:1121;566;-1;3;0;5;0;5;1;6;4;3;0;10;25;0;5;0;4;20;0.7016830743477537;4;24;3;5;0;8;22;1.9109963216446344;6;2;5;6;2;6;16;6;8;13;4;3;2;2;2;2;1;2;10;11;6;9;4;3;24;6;3;3;8;6;2;6;4;14;6;10;6;1;3;2;0;21;-8.861957630064808;11;2;13;9;1;1;5;25;5;8;3;5;25
TRACK:1122;1114;-1;3;0;5;0;5;1;6;4;3;0;10;25;0;5;0;4;20;0.401187681268917;4;24;3;5;0;8;22;1.8189463938901507;6;1;19;24;4;3;2;2;2;2;1;2;10;17;6;9;25;6;3;3;8;6;2;6;4;14;6;0;9;12;6;1;3;2;0;21;-8.46158151377762;17;2;13;19;1;1;5;24;1;21;-4.786999885143457;25;3;5;25
TRACK:1123;1116;-1;3;0;5;0;5;1;6;4;3;0;10;25;0;5;0;4;20;0.7565747188915102;4;19;3;5;0;8;22;1.7394472961478027;6;2;5;3;0;3;7;-1.8206011491046592;4;24;13;4;3;2;2;2;2;1;2;10;11;6;9;4;3;24;6;3;3;8;6;2;6;4;14;6;10;6;1;3;2;0;21;-8.767864829129753;11;2;23;-9.72070345931;9;1;1;5;25;5;8;3;5;25
TRACK:1124;1118;-1;3;0;5;0;5;1;6;4;3;0;10;25;0;5;0;4;20;0.6692139312466663;4;24;3;5;0;8;22;1.790305619129795;6;1;19;24;4;3;2;2;2;2;1;2;10;17;5;9;25;6;3;3;8;6;2;6;4;14;5;2;17;21;6.39252813035427;6;1;3;2;0;21;-8.854478552448006;11;2;13;19;1;1;5;24;1;21;-4.829562789138298;25;3;0;8;22;1.920876509354459
TRACK:1125;1111;-1;3;0;5;0;5;1;6;4;3;0;10;25;0;5;0;4;20;0.2610632545734071;4;24;3;5;0;8;22;1.532370229313604;6;2;5;3;0;3;7;-1.9112360239932744;4;24;13;1;6;22;8.269518221180519;6;14
TRACK:1126;381;-1;3;0;5;0;5;1;6;4;3;0;10;25;0;5;0;4;20;0.5006015468588727;4;24;3;5;0;8;22;1.8263303553291006;6;2;5;3;0;3;7;-1.782083624754268;4;24;13;4;3;2;2;2;2;1;2;10;11;6;9;4;3;24;6;3;3;8;6;2;6;4;8;5;2;17;21;6.1955019300835374;6;1;3;2;0;21;-9.040133052370548;11;2;13;19;1;1;5;24;5;20;-8.63911516209596;3;5;25
TRACK:1127;1115;-1;3;0;5;0;8;22;1.7880964887107496;4;3;2;2;2;2;1;2;10;11;6;9;25;6;3;3;8;6;2;6;4;14;5;2;17;21;6.268992214066297;6;1;3;2;0;21;-8.801646978094524;24;2;13;20;-4.203548022404038;1;1;5;24;1;21;6.765774801732157;25;3;5;25
TRACK:1128;1117;-1;3;0;5;0;5;1;6;4;3;0;10;25;0;5;0;4;20;0.7838118126041679;4;19;3;5;0;8;22;1.8348228346344966;6;2;1;6;0;4;10;0;19;19;1;5;5;17;0;2;8;15;2;11;8;13;4;3;2;2;2;2;1;2;10;17;6;9;25;6;3;3;8;6;2;6;4;14;5;2;17;21;6.436720231872546;6;1;3;4;13;1;6;10;3;5;25
TRACK:1129;1119;-1;3;0;5;0;5;1;6;4;3;0;10;25;0;5;0;4;20;0.7866749000911496;4;24;3;5;0;8;19;6;2;5;3;0;3;7;-1.9564130606391257;4;24;13;4;3;2;2;2;2;1;2;22;1.85027325844116;11;6;9;4;3;24;6;3;3;8;6;2;6;4;14;6;10;6;1;3;2;0;21;-8.823658179199446;11;2;13;19;1;1;5;24;5;8;3;5;25
EVAL_INSTANCE:56:0:1120
EVAL_INSTANCE:56:1:1121
EVAL_INSTANCE:56:2:1122
EVAL_INSTANCE:56:3:1123
EVAL_INSTANCE:56:4:1124
EVAL_INSTANCE:56:5:1125
EVAL_INSTANCE:56:6:1126
EVAL_INSTANCE:56:7:1127
EVAL_INSTANCE:56:8:1128
EVAL_INSTANCE:56:9:1129
RUN_RESULT:56:0:0:2000:----
RUN_RESULT:56:1:0:2000:----
RUN_RESULT:56:2:0:2000:----
RUN_RESULT:56:3:0:10:UUUURULULL
RUN_RESULT:56:4:0:2000:----
RUN_RESULT:56:5:0:1150:UUUULLRLULLL
RUN_RESULT:56:6:0:2000:----
RUN_RESULT:56:7:0:2000:----
RUN_RESULT:56:8:0:10:UUUURULULL
RUN_RESULT:56:9:0:2000:----
    57 |      570 | -3.990000E+03 | -3.990000E+03
TRACK:1130;563;381;3;0;5;0;5;1;6;4;3;0;10;25;0;5;0;4;20;0.645115706562894;4;24;3;5;0;8;22;1.8004489927088398;6;1;19;24;4;3;2;2;2;2;1;3;7;-1.884791555238767;6;9;25;6;3;3;8;6;2;6;4;14;5;2;17;21;6.291213416371669;6;1;3;2;0;21;-8.615295463753146;17;2;13;19;1;1;5;24;1;21;-4.768306165220745;25;3;5;25
TRACK:1131;563;381;3;0;5;0;5;1;6;4;3;0;10;25;0;5;0;4;20;0.5334300884931266;4;24;3;5;0;8;22;1.7958792404530506;6;2;5;3;0;3;7;-1.884791555238767;4;24;13;4;3;2;2;2;2;1;2;10;11;6;9;4;3;24;6;3;3;8;6;2;6;4;14;24;6;1;3;2;0;21;-8.998512119765355;11;2;13;19;1;1;5;24;5;20;-8.731021694943875;3;5;25
TRACK:1132;547;509;3;0;5;0;5;1;6;4;3;0;10;25;0;5;0;4;20;0.6163724510451069;4;24;3;5;0;8;22;1.781538475512475;6;1;19;24;4;3;8
TRACK:1133;547;509;3;0;5;0;5;1;6;4;3;0;10;25;0;5;0;4;20;0.6757035951212185;4;19;3;5;0;8;22;1.7737653774675808;6;2;5;3;0;3;7;-1.7577624029895191;4;24;13;4;3;2;2;2;2;1;2;10;17;6;9;25;6;3;3;8;6;2;6;17;5;2;17;21;6.378544981383671;6;1;3;2;0;21;-8.89127796906232;11;2;13;19;1;1;5;24;1;21;-4.828989826537952;25;3;5;25
TRACK:1134;561;547;3;0;5;0;5;1;6;4;3;0;10;25;0;5;0;4;20;0.6297388137510807;4;24;3;5;0;8;22;1.6387679997652442;6;2;5;3;0;3;7;-1.9983925114321415;4;24;13;4;3;2;2;2;2;1;2;10;11;6;9;25;6;3;3;8;6;2;17;5;2;17;21;6.171067081651891;6;1;3;2;0;21;-8.979766359132212;19;2;13;19;1;1;5;24;1;21;-4.778116458091936;25;3;0;25;24
TRACK:1135;561;547;3;0;5;0;5;1;6;4;3;0;10;25;0;5;0;4;20;0.6163724510451069;4;24;3;5;0;8;22;1.781538475512475;6;1;24;24;4;3;2;2;2;2;1;2;10;17;6;9;25;6;3;3;8;6;2;6;4;14;5;2;17;21;6.413665836382024;6;1;3;2;0;21;-8.798170546052466;11;2;13;19;1;1;5;24;1;21;-4.909247867364276;25;3;5;25
TRACK:1136;526;542;3;0;5;0;5;1;6;4;3;0;10;25;0;5;0;4;20;0.6317182326717258;4;24;3;5;0;8;22;1.9211733964180546;6;2;5;14;13;4;3;2;2;2;2;1;2;10;11;6;9;4;3;24;6;3;3;8;6;2;6;4;14;6;10;6;1;3;2;0;21;-8.940042557827399;11;2;13;19;1;1;5;24;5;8;3;5;25
TRACK:1137;526;542;3;0;5;0;5;1;6;4;3;0;10;25;0;5;0;4;20;0.6812157983887053;4;19;3;5;0;22;1.9211733964180546;22;1.7381989359384042;6;2;5;3;0;3;7;-1.7118801581016863;4;24;13;4;3;2;2;2;2;1;2;10;17;6;9;25;6;3;3;8;6;2;6;4;14;5;2;17;21;6.399232195658325;6;1;3;4;13;1;1;5;9;1;21;-4.703083459155892;25;3;5;25
TRACK:1138;489;563;3;0;5;0;5;1;6;4;3;0;10;25;0;5;0;4;20;0.5944776144782205;4;24;3;5;0;8;22;1.6521541418814543;6;2;5;3;0;3;7;-1.9347451502148856;4;24;13;4;3;2;2;2;2;1;2;10;11;6;9;25;6;3;3;8;6;2;6;4;14;5;21;-8.615295463753146;6;1;3;2;0;21;-8.942458218385559;11;2;13;19;1;1;5;24;1;21;-4.903815446000335;25;3;5;25
TRACK:1139;489;563;3;0;5;0;5;1;2;0;21;-8.942458218385559;11;2;13;19;0;5;0;4;20;0.645115706562894;4;24;3;5;0;8;22;1.8004489927088398;6;1;19;24;4;3;2;2;2;2;1;2;10;17;6;9;25;6;3;3;8;6;2;6;4;14;5;2;17;21;6.291213416371669;6;1;3;2;0;21;-8.615295463753146;17;2;13;19;1;1;5;24;1;21;-4.768306165220745;25;3;5;25
TRACK:1140;1130;-1;3;0;5;0;5;1;6;4;1;5;10;3;18;0;5;0;4;20;0.8180101677148122;4;24;3;5;0;8;22;2.0229208599458017;6;1;19;24;4;3;2;2;2;2;1;3;7;-1.857339487553251;6;9;25;6;3;3;8;6;2;6;4;14;5;2;17;21;6.308625038612832;6;1;3;2;0;21;-8.605259941281721;17;2;13;19;1;1;5;24;1;21;-4.8247902916176715;25;3;5;25
TRACK:1141;1132;-1;5;4;6;1;0;4;5;5;5;5;21;2.8640068864684345;2;1;5;4;0;16;14;6;3;2;18;15;6;2;4;6;14;4;1;19;8;5;5;1;4;0;0;16;14;1;12;13;4;6;5;21;-0.9096449190720062
TRACK:1142;1134;-1;3;0;5;0;5;1;6;4;3;0;10;25;0;5;0;4;20;0.5651210453196257;4;24;3;5;0;8;22;1.5615485548425205;0;5;1;15;13;0;6;8;1;22;-9.015652659131433;21;1.2711196336084143;4;3;2;2;2;2;1;2;10;11;6;9;25;6;3;3;8;6;2;17;5;2;17;21;6.015948504878649;6;1;3;2;0;21;-8.949658166302694;19;2;13;19;1;1;5;24;1;21;-4.824459013457839;25;3;0;25;24
TRACK:1143;1136;-1;3;0;5;0;5;1;6;4;3;0;10;25;0;5;0;4;20;0.6526316655920164;4;24;3;5;0;8;22;2.0217156386047366;6;2;5;14;13;4;3;2;2;6;0;2;1;15;10;3;17;3;4;21;-7.075244725652703;6;2;6;4;14;6;10;6;1;3;2;0;21;-8.913193557346311;11;2;13;19;1;1;5;24;5;8;3;5;25
TRACK:1144;1138;-1;3;0;5;0;5;1;6;4;3;0;10;25;0;5;0;4;20;0.5250343465742917;4;24;3;5;0;8;22;1.5892765255759398;6;2;5;3;0;3;7;-1.7948701956206308;4;24;13;6;4;1;1;3;0;0;5;18;1;16;25;5;0;25;21;-8.77213372519207;1;1;2;2;22;-1.3013333692206182;7;-9.205051347688062;4;23;3.8463849509835306;5;1;7;-7.178338071141557;15;0;2;1;8;12;2;25;12;2;4;14;3;20;-5.52429370547284;4;0;1;1;1;14;9;4;9;5;6;15;3;6;5;17
TRACK:1145;1131;-1;3;0;5;0;5;1;6;4;3;0;10;25;0;5;0;4;20;0.5307245906525656;4;24;3;5;0;8;22;1.8605292344898052;6;2;5;3;0;3;7;-1.6959268884572347;4;24;13;4;3;2;2;2;2;1;2;10;11;6;9;4;3;24;6;3;0;23;-0.8154140202513211;14;6;2;6;4;14;24;6;1;3;2;0;21;-9.240500554726585;11;2;13;19;1;1;5;24;5;20;-8.73966914019413;3;5;25
TRACK:1146;1133;-1;3;0;5;0;5;1;6;4;3;0;10;25;0;5;0;4;20;0.6822653009416898;4;19;3;5;0;8;22;1.6574716649197634;6;2;5;3;0;3;7;-1.6612651721522451;4;24;13;4;3;2;2;2;2;1;2;10;17;6;9;1;6;9;4;11;6;3;3;8;6;2;6;17;5;2;17;21;6.434951539718103;6;1;3;2;0;21;-9.017658804747438;11;2;13;19;1;1;5;24;1;21;-4.724148172801103;25;3;5;25
TRACK:1147;1135;-1;3;0;5;0;5;1;6;4;3;0;10;25;0;5;0;4;20;0.5807249975997653;4;24;3;5;0;8;22;1.8076820356979735;6;1;24;24;4;3;2;2;2;2;1;2;10;17;6;9;25;6;3;3;8;6;2;6;4;14;5;2;17;21;6.4495179790643755;6;1;3;2;3;22;0.9897893667605793;2;13;19;1;1;5;24;1;21;-4.981803430760466;25;3;5;25
TRACK:1148;1137;-1;3;0;5;0;5;1;6;4;3;0;10;25;0;5;0;4;20;0.5938144583614553;4;19;3;5;0;22;1.8571352697744887;22;1.9680254010055522;6;2;5;3;0;3;7;-1.5077336807222341;4;24;13;4;3;2;2;2;2;1;2;10;17;6;9;25;6;3;3;8;6;2;6;4;14;5;2;17;21;6.347037506398959;6;6;5;0;17;19
TRACK:1149;1139;-1;3;0;5;0;5;1;2;0;21;-9.063340128433019;11;2;13;19;0;5;0;4;20;0.7449115865328253;4;23;4.6215040142569475;3;5;0;8;22;1.6202018879138578;6;1;19;24;4;3;2;2;2;2;1;2;10;17;6;9;25;6;3;3;8;6;2;6;4;14;5;2;17;21;6.376695972851907;6;1;3;2;0;21;-8.710258659220095;17;2;13;19;1;1;5;24;1;21;-4.889477663172241;25;3;5;25
EVAL_INSTANCE:57:0:1140
EVAL_INSTANCE:57:1:1141
EVAL_INSTANCE:57:2:1142
EVAL_INSTANCE:57:3:1143
EVAL_INSTANCE:57:4:1144
EVAL_INSTANCE:57:5:1145
EVAL_INSTANCE:57:6:1146
EVAL_INSTANCE:57:7:1147
EVAL_INSTANCE:57:8:1148
EVAL_INSTANCE:57:9:1149
RUN_RESULT:57:0:0:2000:----
RUN_RESULT:57:1:0:2000:----
RUN_RESULT:57:2:0:2000:----
RUN_RESULT:57:3:0:1150:UUUULLRLULLL
RUN_RESULT:57:4:0:1150:UUUULLRLULLL
RUN_RESULT:57:5:0:2000:----
RUN_RESULT:57:6:0:10:UUUURULULL
RUN_RESULT:57:7:0:2000:----
RUN_RESULT:57:8:0:19:UUUURULULL
RUN_RESULT:57:9:0:2000:----
    58 |      580 | -3.990000E+03 | -3.990000E+03
TRACK:1150;489;567;3;0;5;0;24;6;2;5;3;0;3;7;-1.9347451502148856;4;24;13;4;3;2;2;2;2;1;2;10;11;6;9;25;6;3;3;8;6;2;6;4;14;5;2;17;21;6.304053572782502;6;1;3;2;0;21;-8.942458218385559;11;2;13;19;1;1;5;24;1;21;-4.903815446000335;25;3;5;25
TRACK:1151;489;567;3;0;5;0;5;1;6;4;3;0;10;25;0;5;0;4;20;0.554959567811991;4;24;3;5;0;8;22;1.5847910097815714;6;2;5;3;0;3;7;-1.955386870631307;4;24;13;4;3;2;2;2;2;1;2;10;11;6;9;25;6;3;3;8;6;2;6;4;14;5;2;17;21;6.262568272526572;6;1;3;2;0;21;-8.749035212796752;24;2;24;20;-4.280543820769656;1;1;5;24;1;21;-4.712273777889777;25;3;5;25
TRACK:1152;509;381;3;0;5;0;5;1;6;4;3;0;10;25;0;5;0;4;20;0.6757035951212185;4;19;3;5;0;8;22;1.7737653774675808;6;2;5;3;0;3;7;-1.7577624029895191;4;24;13;4;3;2;5;20;-8.731021694943875;6;1;3;2;0;21;-8.89127796906232;11;2;13;19;1;1;5;24;1;21;-4.828989826537952;25;3;5;25
TRACK:1153;509;381;3;0;5;0;5;1;6;4;3;0;10;25;0;5;0;4;20;0.5334300884931266;4;24;3;5;0;8;8;6;2;5;3;0;3;7;-1.884791555238767;4;24;13;4;3;2;2;2;2;1;2;10;11;6;9;4;3;24;6;3;3;8;6;2;6;4;14;5;2;17;21;6.202527850922802;6;1;3;2;0;21;-8.998512119765355;11;2;13;19;1;1;5;24;5;20;-8.731021694943875;3;5;25
TRACK:1154;561;381;3;0;5;0;5;1;6;4;3;0;10;25;0;5;0;4;20;0.6297388137510807;4;24;3;5;0;8;22;1.6387679997652442;6;2;5;3;0;3;7;-1.9983925114321415;4;24;13;4;3;2;2;2;2;1;2;10;11;6;25;25;6;3;3;8;6;2;6;4;14;5;2;17;21;6.171067081651891;6;1;3;2;0;21;-8.979766359132212;19;2;13;19;1;1;5;24;1;21;-4.778116458091936;25;3;0;25;24
TRACK:1155;561;381;3;0;5;0;5;1;6;4;3;0;10;25;0;5;0;4;20;0.5334300884931266;4;24;3;5;0;8;22;1.7958792404530506;6;2;5;3;0;3;7;-1.884791555238767;8;13;4;3;2;2;2;2;1;2;10;11;6;9;4;3;24;6;3;3;8;6;2;6;4;14;5;2;17;21;6.202527850922802;6;1;3;2;0;21;-8.998512119765355;11;2;13;19;1;1;5;24;5;20;-8.731021694943875;3;5;25
TRACK:1156;509;489;3;0;5;0;5;1;6;4;3;0;10;25;0;5;0;4;20;0.6757035951212185;4;19;3;5;0;8;22;1.7737653774675808;2;17;21;6.304053572782502;4;3;2;2;2;2;1;2;10;17;6;9;25;6;3;3;8;6;2;6;4;14;5;2;17;21;6.378544981383671;6;1;3;2;0;21;-8.89127796906232;11;2;13;19;1;1;5;24;1;21;-4.828989826537952;25;3;5;25
TRACK:1157;509;489;3;0;5;0;5;3;5;0;8;22;1.7737653774675808;6;2;5;3;0;3;7;-1.9347451502148856;4;24;13;4;3;2;2;2;2;1;2;10;11;6;9;25;6;3;3;8;6;2;6;4;14;5;2;17;21;6.304053572782502;6;1;3;2;0;21;-8.942458218385559;11;2;13;19;1;1;5;24;1;21;-4.903815446000335;25;3;5;25
TRACK:1158;567;526;3;0;5;0;5;1;6;4;3;0;10;25;0;5;0;4;20;0.554959567811991;4;24;3;5;0;8;22;1.5847910097815714;6;2;5;3;0;3;7;-1.955386870631307;4;24;13;4;3;2;2;2;2;1;2;10;11;6;9;25;6;3;3;8;6;2;6;4;14;5;2;17;21;6.262568272526572;6;1;3;2;0;21;-8.749035212796752;24;2;13;20;-4.280543820769656;1;1;5;24;1;21;-4.712273777889777;25;24
TRACK:1159;567;526;3;0;5;0;5;1;6;4;3;0;10;25;0;5;0;4;20;0.6317182326717258;4;24;3;5;0;8;22;1.9211733964180546;6;2;5;3;0;3;7;-1.9035107509581097;4;24;2;6;4;14;5;2;17;21;6.262568272526572;4;3;2;2;2;2;1;2;10;11;6;9;4;3;24;6;3;3;8;6;2;6;4;14;6;10;6;1;3;2;0;21;-8.940042557827399;11;2;13;19;1;1;5;24;5;8;3;5;25
TRACK:1160;1150;-1;3;0;5;0;24;6;2;5;3;0;3;7;-2.0752463017564025;4;24;13;4;3;2;2;2;2;1;2;10;11;6;9;25;6;3;3;8;6;2;6;4;14;5;2;17;21;6.35880293509623;6;1;3;2;0;17;11;2;13;19;1;1;5;24;1;21;-4.873866981387283;25;3;5;25
TRACK:1161;1152;-1;3;0;5;0;5;1;6;4;3;0;10;25;0;5;0;4;20;0.6590458803568205;4;19;3;5;0;8;22;1.866323555806155;6;2;3;14;13;4;3;2;5;20;-8.681908377002873;6;1;3;2;0;21;-8.786542130929663;11;2;13;19;1;1;5;24;1;21;-4.923037079900998;25;3;5;25
TRACK:1162;1154;-1;3;0;5;0;5;1;6;4;3;0;10;25;0;5;0;4;20;0.6056329782021064;4;24;3;5;0;8;22;1.7086897172975943;6;2;5;3;0;3;7;-1.9032124631010814;4;24;13;4;3;2;2;2;2;1;2;10;11;6;25;25;6;3;3;23;-6.725354197490178;6;2;6;4;14;5;2;17;21;6.3117623657157145;6;1;3;2;0;21;-9.049847698012027;19;2;13;19;1;1;5;24;1;21;-4.692905316028046;25;3;0;25;24
TRACK:1163;1156;-1;3;0;5;0;5;1;6;4;3;0;10;25;0;5;0;2;12;20;5.752387091925668;4;19;3;5;0;8;22;1.7096227726692268;2;17;21;6.367615826948911;4;3;2;2;2;2;1;2;10;17;6;9;25;6;3;3;8;6;2;6;4;14;5;2;17;21;6.456032124913424;6;1;3;2;0;21;-8.816345000610793;11;2;13;19;1;1;5;24;1;21;-4.8738616667779056;25;3;5;25
TRACK:1164;1158;-1;3;0;5;0;5;1;6;4;3;0;10;25;0;5;0;4;20;0.4808301485478901;4;24;3;5;0;8;22;1.365752270532852;6;2;5;3;0;3;7;-1.925499489824159;4;24;13;4;3;2;5;6;0;4;8;2;11;14;6;1;3;2;0;21;-8.630103473559943;24;2;13;20;-4.2414182469329775;1;1;5;24;1;21;-4.663248478953458;25;24
TRACK:1165;1151;-1;3;0;5;0;5;1;6;4;3;0;10;25;0;5;0;4;20;0.7062478572359674;4;24;3;5;0;8;22;1.5135851952379484;6;2;5;3;0;3;7;-1.935527658330205;4;24;13;4;3;2;2;2;2;1;2;10;11;6;9;25;6;3;3;8;6;2;6;4;14;5;2;17;21;6.186002878519915;6;1;3;2;0;21;-8.604485127146583;24;2;24;20;-4.285898148815231;1;1;5;24;1;21;-4.700667797057759;25;1;0;15;20;-4.373753401066125;6;17
TRACK:1166;1153;-1;3;0;4;5;1;6;3;3;11;0;3;0;15;21;-8.71681144466039;6;4;16;4;3;2;2;2;2;1;2;10;11;6;9;4;3;24;6;3;3;8;6;2;6;4;14;5;2;17;21;6.089483979252115;6;1;3;2;0;21;-9.104280308840705;11;2;13;19;1;1;5;24;5;20;-8.438254958181277;3;5;25
TRACK:1167;1155;-1;3;0;5;0;5;1;6;4;4;24;0;5;0;4;20;0.4745153726882627;4;24;3;5;0;8;22;1.878747198607497;6;2;5;3;0;3;7;-1.9589835601975378;8;13;4;3;2;2;2;2;1;2;10;11;6;9;4;3;24;6;3;3;8;6;2;6;4;14;5;2;17;21;6.118485821542504;6;1;3;2;0;21;-8.880692218888836;11;2;13;19;1;1;5;24;5;20;-8.797894337348868;3;5;25
TRACK:1168;1157;-1;3;0;5;0;5;3;5;0;8;22;1.890095033309037;6;2;5;3;0;3;7;-2.0215638202371546;4;24;13;4;3;2;2;2;2;1;2;10;11;6;9;25;6;3;3;8;6;2;6;4;14;5;2;17;21;6.228880415334036;6;1;3;2;0;11;7;-2.0056286846391664;2;13;19;1;1;5;24;1;21;-4.929761255890781;25;3;5;25
TRACK:1169;1159;-1;3;0;5;0;5;1;6;4;3;0;10;25;0;5;0;4;20;0.6376391427524419;4;24;3;5;0;8;22;2.0026785046127493;6;2;0;7;6.0177550689536865;20;-7.904330986303139;2;6;4;14;5;2;17;21;6.2893293254532745;4;3;2;2;2;2;1;2;10;11;6;9;4;3;24;6;3;3;8;6;2;6;4;14;6;10;6;1;3;2;0;21;-8.979429128121415;11;2;13;19;1;1;5;24;5;8;3;5;25
EVAL_INSTANCE:58:0:1160
EVAL_INSTANCE:58:1:1161
EVAL_INSTANCE:58:2:1162
EVAL_INSTANCE:58:3:1163
EVAL_INSTANCE:58:4:1164
EVAL_INSTANCE:58:5:1165
EVAL_INSTANCE:58:6:1166
EVAL_INSTANCE:58:7:1167
EVAL_INSTANCE:58:8:1168
EVAL_INSTANCE:58:9:1169
RUN_RESULT:58:0:0:2000:----
RUN_RESULT:58:1:0:2000:----
RUN_RESULT:58:2:0:1150:UUUULLRLULLL
RUN_RESULT:58:3:0:2000:----
RUN_RESULT:58:4:0:1150:UUUULLRLULLL
RUN_RESULT:58:5:0:10:UUUURULULL
RUN_RESULT:58:6:0:2000:----
RUN_RESULT:58:7:0:940:UUUURLDLL
RUN_RESULT:58:8:0:2000:----
RUN_RESULT:58:9:0:176:UUUURRURRRLRULURLULL
    59 |      590 | -3.990000E+03 | -3.990000E+03
TRACK:1170;566;561;3;0;5;0;5;1;6;4;3;0;22;1.6387679997652442;25;0;5;0;4;20;0.7351769399066475;4;24;3;5;0;8;22;1.9178699543291196;6;2;5;3;0;3;7;-1.835310306323171;4;24;13;4;3;2;2;2;2;1;2;10;11;6;9;4;3;24;6;3;3;8;6;2;6;4;14;6;10;6;1;3;2;0;21;-8.826652726924944;11;2;13;9;1;1;5;25;5;8;3;5;25
TRACK:1171;566;561;3;0;5;0;5;1;6;4;3;0;10;25;0;5;0;4;20;0.6297388137510807;4;24;3;5;0;8;22;1.6387679997652442;6;2;5;3;0;3;7;-1.9983925114321415;4;24;13;4;3;2;2;2;2;1;2;10;11;6;9;25;13;6;2;6;4;14;5;2;17;21;6.171067081651891;6;1;3;2;0;21;-8.979766359132212;19;2;13;19;1;1;5;24;1;21;-4.778116458091936;25;3;0;25;24
TRACK:1172;489;542;3;0;5;0;5;1;6;4;3;0;10;25;0;5;0;4;20;0.5944776144782205;4;24;3;5;0;8;13;6;2;5;3;0;3;7;-1.9347451502148856;4;24;13;4;3;2;2;2;2;1;2;10;11;6;9;25;6;3;3;8;6;2;6;4;14;5;2;17;21;6.304053572782502;6;1;3;2;0;21;-8.942458218385559;11;2;13;19;1;1;5;24;1;21;-4.903815446000335;25;3;5;25
TRACK:1173;489;542;3;0;5;0;5;5;24;6;2;5;3;0;3;7;-1.7118801581016863;4;24;13;4;3;2;2;2;2;1;2;10;17;6;9;25;6;3;3;8;6;2;6;4;14;5;2;17;21;6.399232195658325;6;1;3;4;13;1;1;5;9;1;21;-4.703083459155892;25;3;5;25
TRACK:1174;509;566;3;0;5;0;5;1;6;4;3;0;10;25;0;5;0;4;20;0.6757035951212185;4;19;3;5;0;8;22;1.7737653774675808;6;2;5;3;0;3;7;-1.7577624029895191;4;24;13;4;3;2;2;2;2;1;9;6;9;25;6;3;3;8;6;2;6;4;14;5;2;17;21;6.378544981383671;6;1;3;2;0;21;-8.89127796906232;11;2;13;19;1;1;5;24;1;21;-4.828989826537952;25;3;5;25
TRACK:1175;509;566;3;0;5;0;5;1;6;4;3;0;10;25;0;5;0;4;20;0.7351769399066475;4;24;3;5;0;8;22;1.9178699543291196;6;2;5;3;0;3;7;-1.835310306323171;4;24;13;4;3;2;2;2;2;1;2;10;11;6;9;4;3;24;6;3;3;8;6;2;6;4;14;6;10;6;1;3;2;0;21;-8.826652726924944;11;2;24;9;1;1;5;25;5;8;3;5;25
TRACK:1176;526;542;3;0;5;0;5;1;6;4;3;0;10;25;0;25;3;5;0;8;22;1.9211733964180546;6;2;5;3;0;3;7;-1.9035107509581097;4;24;13;4;3;2;2;2;2;1;2;10;11;6;9;4;3;24;6;3;3;8;6;2;6;4;14;6;10;6;1;3;2;0;21;-8.940042557827399;11;2;13;19;1;1;5;24;5;8;3;5;25
TRACK:1177;526;542;3;0;5;0;5;1;6;4;3;0;10;25;0;5;0;4;20;0.6812157983887053;4;19;3;5;0;8;22;1.7381989359384042;6;2;5;3;0;3;7;-1.7118801581016863;4;24;13;4;3;2;2;2;2;1;2;10;17;6;9;25;6;3;3;8;6;2;6;4;14;5;2;17;21;6.399232195658325;6;1;3;4;13;1;1;5;9;1;24;25;3;5;25
TRACK:1178;509;563;3;0;5;0;5;1;6;4;3;0;10;25;0;5;0;4;20;0.6757035951212185;4;19;3;5;0;8;22;1.7737653774675808;6;2;5;3;0;3;7;-1.7577624029895191;4;24;1;3;2;0;21;-8.615295463753146;17;2;13;19;1;1;5;24;1;21;-4.768306165220745;25;3;5;25;4;3;2;2;2;2;1;2;10;17;6;9;25;6;3;3;8;6;2;6;4;14;5;2;17;21;6.378544981383671;6;1;3;2;0;21;-8.89127796906232;11;2;13;19;1;1;5;24;1;21;-4.828989826537952;25;3;5;25
TRACK:1179;509;563;3;0;5;0;5;1;6;4;3;0;21;-4.828989826537952;25;0;5;0;4;20;0.645115706562894;4;24;3;5;0;8;22;1.8004489927088398;6;1;19;24;4;3;2;2;2;2;1;2;10;17;6;9;25;6;3;3;8;6;2;6;4;14;5;2;17;21;6.291213416371669;6;1;3;2;0;21;-8.615295463753146;17;2;13;19;1;1;5;24;1;21;-4.768306165220745;25;3;5;25
TRACK:1180;566;-1;3;0;5;0;5;1;6;4;3;0;10;25;0;5;0;4;20;0.7483474467270896;4;24;3;5;0;8;22;1.8476693482197963;6;2;5;3;0;3;7;-1.8443677350388317;4;24;13;4;3;2;2;2;2;1;2;10;11;6;9;4;3;24;6;0;3;17;0;8;9;6;2;6;4;14;6;10;6;1;3;2;0;21;-8.769567725610136;11;2;13;9;1;1;5;25;5;8;3;5;25
TRACK:1181;1172;-1;3;0;5;0;5;1;6;4;3;0;10;25;0;5;0;4;20;0.6107796035086821;4;18;3;5;0;8;13;6;2;5;3;0;3;7;-1.7986670852727455;4;24;13;4;3;2;2;2;2;1;2;10;11;6;9;25;6;3;3;8;6;2;6;4;14;5;2;17;21;6.3991130355419035;6;1;3;2;0;21;-9.107392450271398;11;2;13;19;1;1;5;24;1;21;-4.980510368522256;25;3;5;25
TRACK:1182;1174;-1;3;0;5;0;5;1;6;4;3;0;10;25;0;5;0;4;20;0.6921110747681075;4;19;3;5;0;8;22;1.6785289544125765;6;2;5;3;0;3;7;-1.765187508998219;4;24;13;4;3;2;2;2;2;1;9;6;9;25;6;3;3;8;6;2;6;4;14;5;2;17;21;6.515258605612374;6;1;3;2;0;21;-9.001178624759044;11;2;13;19;1;1;5;24;1;21;-4.749414864577835;24;3;5;25
TRACK:1183;1176;-1;3;0;5;0;5;1;6;4;3;0;10;25;0;25;3;5;0;8;22;1.8105968907010037;6;2;5;3;0;3;7;-1.7240265278025713;4;24;13;4;3;2;2;2;2;1;2;10;11;6;9;4;3;24;6;3;3;8;6;0;10;20;-7.620560788021535;6;1;3;2;0;21;-8.761529540554672;11;2;13;19;1;1;5;24;5;8;3;5;25
TRACK:1184;1178;-1;3;0;5;0;5;1;6;4;3;0;10;25;0;5;0;4;20;0.7834816725382654;4;19;3;5;0;8;22;1.5252478447888091;6;2;5;3;0;3;7;-1.6486281615850846;4;24;1;3;2;0;21;-8.607118959364639;17;2;13;19;1;1;5;24;1;21;-4.855202043582097;25;3;5;25;4;3;2;2;2;2;1;2;10;17;6;9;25;6;3;3;8;6;2;6;4;14;5;2;17;21;6.408232115676459;6;1;3;2;0;20;4.9494363138588255;11;2;13;19;1;1;5;24;1;21;-4.877292934506835;25;3;5;25
TRACK:1185;561;-1;3;0;5;0;5;1;0;1;5;3;12;2;5;16;3;12;6;2;1;13;12;4;14;0;5;0;4;20;0.5634043586350044;4;24;3;5;0;8;22;1.7178044069674192;6;2;5;3;0;3;7;-2.0980448864252947;4;24;13;4;3;2;2;2;2;1;2;10;11;6;9;25;6;3;3;8;6;2;6;4;14;5;2;17;21;6.174841497983139;6;1;3;2;0;21;-8.838515152002845;19;2;13;19;1;1;5;24;1;21;-4.8527383386663665;25;3;0;25;24
TRACK:1186;1173;-1;3;0;5;0;5;5;24;6;2;5;3;0;3;7;-1.7145359084033283;4;24;13;4;3;2;2;2;2;1;2;21;-5.204837342588878;17;6;9;25;6;3;3;8;6;2;6;4;14;5;2;17;21;6.311860246249945;6;1;3;4;13;1;1;5;9;1;21;-4.620033393768729;25;3;5;25
TRACK:1187;1175;-1;3;0;5;0;5;1;6;4;3;0;13;25;0;5;0;4;20;0.7883368326342979;4;24;3;5;0;8;22;1.957012966727272;6;2;5;3;0;3;7;-2.0048127089597614;4;24;13;4;3;2;2;2;2;1;2;10;11;6;9;4;3;24;6;3;3;8;6;2;6;4;14;6;10;6;1;3;2;0;21;-9.035170685398308;11;2;24;9;1;1;5;25;5;8;3;5;25
TRACK:1188;1177;-1;3;0;5;0;5;1;6;4;3;0;10;25;0;5;0;4;20;0.6341989740845092;4;19;3;5;0;8;22;1.8355260905774575;6;2;5;3;0;3;7;-1.940532957253756;4;24;13;4;3;2;2;2;2;1;2;10;17;6;9;25;6;3;3;8;6;2;6;4;14;5;2;17;21;6.097269053985456;6;1;3;4;13;1;1;5;18;1;24;25;3;5;25
TRACK:1189;1179;-1;3;0;5;0;6;6;3;6;16;5;4;0;6;20;-1.9769292609786309;1;13;11;4;3;2;2;2;2;1;2;10;17;6;9;25;6;3;3;8;6;2;6;4;14;5;2;17;21;6.225120469684611;6;1;3;2;0;21;-8.541092477272375;17;2;13;19;1;1;5;24;1;21;-5.018757448415176;25;3;5;25
EVAL_INSTANCE:59:0:1180
EVAL_INSTANCE:59:1:1181
EVAL_INSTANCE:59:2:1182
EVAL_INSTANCE:59:3:1183
EVAL_INSTANCE:59:4:1184
EVAL_INSTANCE:59:5:1185
EVAL_INSTANCE:59:6:1186
EVAL_INSTANCE:59:7:1187
EVAL_INSTANCE:59:8:1188
EVAL_INSTANCE:59:9:1189
RUN_RESULT:59:0:0:1150:UUUULLRLULLL
RUN_RESULT:59:1:0:19:UUUURULULL
RUN_RESULT:59:2:0:2000:----
RUN_RESULT:59:3:0:2000:----
RUN_RESULT:59:4:0:2000:----
RUN_RESULT:59:5:0:936:UUUURLDLL
RUN_RESULT:59:6:0:685:DLDLLDU
RUN_RESULT:59:7:0:940:UUUURLDLL
RUN_RESULT:59:8:0:10:UUUURULULL
RUN_RESULT:59:9:0:2000:----
    60 |      600 | -3.990000E+03 | -3.990000E+03
TRACK:1190;566;542;3;0;5;0;5;1;6;4;3;0;10;25;0;5;0;4;20;0.7351769399066475;4;24;3;5;0;8;22;1.9178699543291196;6;2;5;3;0;3;7;-1.835310306323171;4;24;13;4;3;5;0;4;20;0.6812157983887053;4;19
TRACK:1191;566;542;3;0;5;0;5;1;6;4;3;0;10;25;0;5;0;4;20;0.6812157983887053;4;19;3;5;0;8;22;1.7381989359384042;6;2;5;3;0;3;7;-1.7118801581016863;4;24;13;4;3;2;2;2;2;1;2;10;17;6;9;25;6;3;24;6;2;6;4;14;5;2;17;21;6.399232195658325;6;1;3;4;13;1;1;5;9;1;21;-4.703083459155892;25;3;5;25
TRACK:1192;509;381;3;0;5;0;5;1;6;4;3;0;10;25;0;5;0;4;20;0.6757035951212185;4;19;3;5;0;8;22;1.7737653774675808;6;2;5;3;0;3;7;-1.7577624029895191;4;24;13;4;3;2;2;2;2;1;2;10;17;10;25;6;3;3;8;6;2;6;4;14;5;2;17;21;6.378544981383671;6;1;3;2;0;21;-8.89127796906232;11;2;13;19;1;1;5;24;1;21;-4.828989826537952;25;3;5;25
TRACK:1193;509;381;3;0;5;0;5;1;6;4;3;0;10;25;0;5;0;4;20;0.5334300884931266;4;24;3;5;0;8;22;1.7958792404530506;6;2;5;3;0;3;7;-1.884791555238767;4;24;13;21;-4.828989826537952
TRACK:1194;526;566;3;0;5;0;5;1;6;4;3;0;11;25;0;5;0;4;20;0.6317182326717258;4;24;3;5;0;8;22;1.9211733964180546;6;2;5;3;0;3;7;-1.9035107509581097;4;24;13;4;3;2;2;2;2;1;2;10;11;6;9;4;3;24;6;3;3;8;6;2;6;4;14;6;10;6;1;3;2;0;21;-8.940042557827399;11;2;13;19;1;1;5;24;5;8;3;5;25
TRACK:1195;526;566;3;0;5;0;5;1;6;4;3;0;10;25;0;5;0;4;20;0.7351769399066475;4;24;3;5;0;8;22;1.9178699543291196;6;2;5;3;0;3;7;-1.835310306323171;4;24;13;4;3;2;2;2;2;1;2;10;11;6;9;4;3;24;6;3;3;8;6;2;6;4;14;6;10;6;1;3;2;0;21;-8.826652726924944;11;2;13;9;1;1;5;25;5;8;3;5;10
TRACK:1196;563;381;3;0;5;0;5;3;0;3;7;-1.884791555238767;4;24;6;1;19;24;4;3;2;2;2;2;1;2;10;17;6;9;25;6;3;3;8;6;2;6;4;14;5;2;17;21;6.291213416371669;6;1;3;2;0;21;-8.615295463753146;17;2;13;19;1;1;5;24;1;21;-4.768306165220745;25;3;5;25
TRACK:1197;563;381;3;0;5;0;5;1;6;4;3;0;10;25;0;5;0;4;20;0.5334300884931266;4;24;3;5;0;8;22;1.7958792404530506;6;2;5;3;0;3;7;-1.884791555238767;4;24;13;4;3;2;2;2;2;1;2;10;24;6;9;4;3;24;6;3;3;8;6;2;6;4;14;5;2;17;21;6.202527850922802;6;1;3;2;0;21;-8.998512119765355;11;2;13;19;1;1;5;24;5;20;-8.731021694943875;3;5;25
TRACK:1198;526;547;3;0;5;0;5;1;6;4;3;0;10;25;0;5;0;4;20;0.6317182326717258;4;24;3;5;0;8;22;1.9211733964180546;6;2;5;3;0;3;7;-1.9035107509581097;4;24;13;4;3;2;2;2;2;1;2;10;11;6;9;4;3;24;6;3;3;8;6;2;6;4;14;6;10;6;1;3;2;0;21;-8.940042557827399;11;2;13;19;1;1;5;24;5;8;3;5;25
TRACK:1199;526;547;3;0;5;0;5;1;4;3;0;10;25;0;5;0;4;20;0.6163724510451069;4;24;3;5;0;8;22;1.781538475512475;6;1;19;24;4;3;2;2;2;2;1;2;10;17;6;9;25;6;3;3;8;6;2;6;4;14;5;2;17;21;6.413665836382024;6;1;3;2;0;21;-8.798170546052466;11;2;13;19;1;1;5;24;1;21;-4.909247867364276;25;3;5;25
TRACK:1200;1190;-1;3;0;5;0;5;1;6;4;3;0;10;25;0;3;2;4;20;5.059746879261461;6;9;3;5;0;8;22;1.7750231720148202;6;2;5;3;0;3;7;-1.768762039872404;4;24;13;4;3;5;0;4;20;0.6427402446708519;4;19
TRACK:1201;1192;-1;3;0;5;0;5;1;6;4;3;0;10;25;0;5;0;4;17;4;19;3;5;0;8;22;1.7827080823656676;6;2;5;3;0;3;7;-1.6230944115866175;4;24;13;4;3;2;2;2;2;1;2;10;17;10;25;6;3;3;8;6;2;6;4;14;5;2;17;21;6.244181337686431;6;1;3;2;0;21;-8.825001820250735;11;2;13;19;1;1;5;24;1;21;-4.896589233027367;25;3;5;25
TRACK:1202;1194;-1;3;0;5;2;0;2;1;6;5;3;23;4.039565091434124;1;0;4;9;6;11;3;4;19;5;0;4;3;20;5.428968574105028;2;6;17;3;21;-1.588154462845388;1;2;3;6;0;25;9;2;4;4;10;6;5;10;6;2;5;4;11;2;2;23;1.5067152079525101;9;6;22;0.404859547655839;0;5;6;3;4;1;18;24;5;5;2;1;2;12;20;4.391614362427518;6;20;-1.757308636167581;2;5;19;3;25;4;3;2;2;2;2;1;2;10;11;6;9;4;3;24;6;3;3;8;6;2;6;4;14;6;10;6;1;3;2;0;21;-8.975429829598026;11;2;13;19;1;1;5;24;5;8;3;5;25
TRACK:1203;1196;-1;3;0;5;0;5;3;0;3;7;-1.9300271028746716;4;24;6;4;0;0;5;8;2;17;21;-3.6115041196665043;0;2;23;-1.7933889852364953;11;4;9;4;3;2;2;2;2;1;2;10;17;6;9;25;6;3;3;8;6;2;6;4;14;5;2;17;21;6.29885308894453;6;1;3;2;0;21;-8.443275641343572;17;2;13;19;1;1;5;24;1;21;-4.873304117795139;25;3;5;25
TRACK:1204;1198;-1;3;0;5;0;5;1;6;4;3;0;10;25;0;5;0;4;20;0.5875595022521714;4;24;3;5;0;8;22;2.016542052631102;6;2;5;3;0;3;7;-1.749248676874152;4;24;13;4;3;2;2;2;1;13;12;6;3;3;8;6;2;6;4;14;6;10;6;1;3;2;0;21;-9.054467857949538;11;2;13;19;1;1;5;24;5;8;3;5;25
TRACK:1205;1191;-1;3;0;5;0;5;1;6;4;3;0;10;25;0;5;0;4;20;0.784970653422116;4;19;3;5;0;8;22;1.6981183897801977;6;2;5;3;0;3;7;-1.829926638572761;4;24;13;4;3;2;2;2;2;1;2;10;17;1;17;10;25;6;3;24;6;2;6;4;14;5;2;17;21;6.264795821401987;6;1;3;4;13;1;1;5;9;1;21;-4.844644180989659;25;3;5;25
TRACK:1206;1193;-1;3;0;5;0;5;1;6;4;3;0;10;25;0;4;3;4;24;3;5;0;8;22;1.8055985824168017;6;2;5;3;0;3;7;-1.7662840075101398;4;24;13;21;-4.9022368356013475
TRACK:1207;1195;-1;3;0;5;0;5;1;6;4;3;0;10;25;0;5;0;4;20;0.7716404330016265;4;24;3;5;0;8;22;2.0824989476836326;6;2;5;3;0;3;7;-1.8156936418363498;4;24;13;4;3;2;2;2;2;1;2;10;11;6;9;4;3;24;6;3;3;8;6;4;21;4.943348556124381;6;1;3;2;0;21;-8.881091971113916;11;2;13;9;1;1;5;25;5;8;3;5;10
TRACK:1208;1197;-1;3;0;5;3;1;2;19;21;-6.953636721859797;2;10;15;4;3;2;2;2;2;1;2;10;24;6;9;4;3;24;6;3;3;8;6;2;6;4;14;5;2;17;21;6.26639900932137;6;1;3;2;0;21;-8.992566724309132;11;2;13;19;1;1;5;24;5;20;-8.850775801854748;3;5;25
TRACK:1209;1199;-1;3;0;5;0;5;1;4;3;0;10;25;0;5;0;4;20;0.668477890939583;4;24;3;5;0;8;22;1.912388134309019;6;1;19;24;4;3;2;2;2;2;1;2;10;17;6;9;25;6;3;3;8;6;2;6;4;14;5;2;17;21;6.353353425712257;6;1;3;2;0;16;11;2;13;19;1;1;5;24;1;21;-4.973484059614116;25;3;5;25
EVAL_INSTANCE:60:0:1200
EVAL_INSTANCE:60:1:1201
EVAL_INSTANCE:60:2:1202
EVAL_INSTANCE:60:3:1203
EVAL_INSTANCE:60:4:1204
EVAL_INSTANCE:60:5:1205
EVAL_INSTANCE:60:6:1206
EVAL_INSTANCE:60:7:1207
EVAL_INSTANCE:60:8:1208
EVAL_INSTANCE:60:9:1209
RUN_RESULT:60:0:0:520:UULRUDRRUULLRUDLDLLDLU
RUN_RESULT:60:1:0:2000:----
RUN_RESULT:60:2:0:2000:----
RUN_RESULT:60:3:0:2000:----
RUN_RESULT:60:4:0:1150:UUUULLRLULLL
RUN_RESULT:60:5:0:1150:UUUULLRLULLL
RUN_RESULT:60:6:0:2000:----
RUN_RESULT:60:7:0:2000:----
RUN_RESULT:60:8:0:1312:UUUURLDLL
RUN_RESULT:60:9:0:2000:----
    61 |      610 | -3.990000E+03 | -3.990000E+03
TRACK:1210;526;542;3;0;5;0;5;1;6;4;3;0;10;25;0;5;0;4;20;0.6317182326717258;4;24;3;5;0;8;22;1.9211733964180546;6;2;25;13;4;3;2;2;2;2;1;2;10;11;6;9;4;3;24;6;3;3;8;6;2;6;4;14;6;10;6;1;3;2;0;21;-8.940042557827399;11;2;13;19;1;1;5;24;5;8;3;5;25
TRACK:1211;526;542;3;0;5;0;5;1;6;4;3;0;10;25;0;5;0;4;20;0.6812157983887053;4;19;3;5;0;8;22;1.7381989359384042;6;2;5;3;0;3;7;-1.7118801581016863;4;24;13;4;3;2;2;2;2;1;2;10;17;6;9;25;6;3;3;8;6;2;6;8;5;2;17;21;6.399232195658325;6;1;3;4;13;1;1;5;9;1;21;-4.703083459155892;25;3;5;25
TRACK:1212;561;567;3;0;5;0;5;1;6;4;3;0;10;25;0;5;0;25;4;24;3;5;0;8;22;1.6387679997652442;6;2;5;3;0;3;7;-1.9983925114321415;4;24;13;4;3;2;2;2;2;1;2;10;11;6;9;25;6;3;3;8;6;2;6;4;14;5;2;17;21;6.171067081651891;6;1;3;2;0;21;-8.979766359132212;19;2;13;19;1;1;5;24;1;21;-4.778116458091936;25;3;0;25;24
TRACK:1213;561;567;3;0;5;0;5;1;6;4;3;0;10;25;0;5;0;4;20;0.554959567811991;4;24;3;5;0;8;22;1.5847910097815714;6;2;5;3;0;3;7;-1.955386870631307;4;24;13;4;3;2;2;2;2;1;2;10;11;6;9;25;6;3;3;8;6;2;6;4;14;5;2;17;21;6.262568272526572;6;1;3;2;0;21;-8.749035212796752;24;2;13;20;-4.280543820769656;1;1;5;24;10;3;5;25
TRACK:1214;509;526;3;0;5;0;5;1;6;4;3;0;10;25;0;5;0;4;20;0.6757035951212185;4;19;3;5;0;8;22;1.7737653774675808;6;2;5;3;0;3;7;-1.7577624029895191;4;24;13;4;3;2;2;2;2;1;2;10;17;6;9;25;6;3;3;8;6;2;6;4;14;5;2;17;21;6.378544981383671;6;1;3;2;0;21;-8.89127796906232;11;2;13;19;1;1;5;24;1;21;-4.828989826537952;25;6;4;14
TRACK:1215;509;526;3;0;5;0;5;1;6;4;3;0;10;25;0;5;0;4;20;0.6317182326717258;4;24;3;5;0;8;22;1.9211733964180546;6;2;5;3;0;3;7;-1.9035107509581097;4;24;13;4;3;2;2;2;2;1;2;10;11;6;9;4;3;24;6;3;3;8;6;2;6;4;14;6;10;6;1;3;2;0;9;11;2;13;19;1;1;5;24;5;8;3;5;25
TRACK:1216;566;509;3;0;5;0;5;1;6;4;3;0;10;25;0;5;0;4;20;0.7351769399066475;4;24;3;5;0;8;22;1.9178699543291196;6;2;5;3;21;-8.89127796906232;13;4;3;2;2;2;2;1;2;10;11;6;9;4;3;24;6;3;3;8;6;2;6;4;14;6;10;6;1;3;2;0;21;-8.826652726924944;11;2;13;9;1;1;5;25;5;8;3;5;25
TRACK:1217;566;509;3;0;5;0;5;1;6;4;3;0;10;25;0;5;0;4;20;0.6757035951212185;4;19;3;5;0;8;22;1.7737653774675808;6;2;5;3;0;3;7;-1.7577624029895191;4;24;13;4;3;2;2;2;2;1;2;10;17;6;9;25;6;3;3;8;6;2;6;4;14;5;2;17;21;6.378544981383671;6;1;3;14;1;1;5;24;1;21;-4.828989826537952;25;3;5;25
TRACK:1218;542;381;3;0;5;0;5;1;6;4;3;0;10;25;0;5;0;4;20;0.6812157983887053;4;19;3;5;0;8;22;1.7381989359384042;6;2;5;3;0;3;7;-1.7118801581016863;4;24;13;2;17;21;6.202527850922802
TRACK:1219;542;381;3;0;5;0;5;1;6;4;3;0;10;25;0;5;0;4;20;0.5334300884931266;4;24;3;5;0;8;22;1.7958792404530506;6;2;5;3;0;3;7;-1.884791555238767;4;24;13;4;3;2;2;2;2;1;2;10;11;6;9;0;10;25;6;3;3;8;6;2;6;4;14;5;2;17;21;6.202527850922802;6;1;3;2;0;21;-8.998512119765355;11;2;13;19;1;1;5;24;5;20;-8.731021694943875;3;5;25
TRACK:1220;1210;-1;3;0;5;0;5;1;6;4;3;0;10;25;0;5;0;4;20;0.706062621400659;4;24;3;5;0;8;22;1.954758043567245;6;2;25;13;4;3;2;2;2;2;6;4;25;4;3;24;6;3;3;8;6;2;6;4;14;6;10;6;1;3;2;0;21;-9.08902128731165;11;2;13;19;1;1;5;24;5;8;3;5;25
TRACK:1221;1212;-1;3;0;5;0;5;1;6;4;3;0;10;25;0;5;0;25;4;24;3;0;0;25;25;6;11;6;2;5;3;0;3;7;-1.8059003229263875;4;24;13;4;3;2;2;2;2;1;2;10;11;6;9;25;6;3;3;8;6;2;6;4;14;5;2;17;21;6.194286777722385;6;1;3;2;0;21;-9.071950065092036;19;2;13;19;1;1;5;24;1;21;-4.817260116116547;25;3;0;25;24
TRACK:1222;1214;-1;3;0;5;0;5;1;6;4;3;0;10;25;0;5;0;4;20;0.8133354230672607;4;19;3;5;0;8;22;1.7739125707126409;6;2;5;3;0;3;7;-1.6760637478459792;4;24;13;4;3;2;2;2;2;1;2;10;17;6;9;25;6;3;3;8;6;2;6;4;14;5;2;17;21;6.386609534088475;6;1;3;2;0;21;-8.819106564969323;11;2;13;8;1;1;5;24;1;21;-4.871724318072054;25;6;4;14
TRACK:1223;1216;-1;3;0;5;0;5;1;6;4;3;0;10;25;0;5;0;4;20;0.7201506999577091;4;24;3;5;0;8;22;1.9483823236189943;6;2;5;3;21;-8.83681392850525;13;4;3;2;2;3;6;14;6;2;6;4;14;6;10;6;1;3;2;0;21;-8.782970514253707;11;2;13;9;1;1;5;25;5;8;3;5;25
TRACK:1224;1218;-1;3;0;5;0;5;1;6;4;3;0;10;25;3;5;20;-3.9797045450565705;6;2;5;3;0;3;7;-1.8289614029221553;4;24;13;2;17;21;6.052444295180437
TRACK:1225;1211;-1;3;0;5;0;5;1;6;4;3;0;10;25;0;5;0;4;20;0.6045389699660694;4;19;3;5;0;8;22;1.8051012734452594;6;2;5;3;0;3;7;-1.7946623892221043;4;24;13;4;3;2;2;2;2;1;2;10;17;6;9;25;6;3;3;8;6;2;6;8;5;2;17;21;6.550028285753238;6;1;3;4;13;1;1;5;9;1;21;-4.826853442304806;25;3;5;9
TRACK:1226;1213;-1;3;0;5;0;5;1;6;4;3;0;10;25;0;5;0;4;20;0.5154312504203897;4;24;3;5;0;8;22;1.5914580537940939;6;2;5;3;0;3;7;-1.9147899198600815;4;24;13;4;3;2;2;2;2;1;2;10;11;6;9;25;6;3;3;8;1;1;5;9;6;23;-4.288053052793619;2;5;21;0.9555218100732503;0;11;25;6;1;3;2;0;21;-8.657025296825797;24;2;13;20;-4.342666574612034;1;1;5;24;10;3;5;25
TRACK:1227;1215;-1;3;0;5;0;5;1;6;4;3;0;10;25;0;5;0;4;20;0.6488689261063469;4;24;3;5;0;8;22;2.019935108939711;6;2;5;3;0;3;7;-1.8161906583033027;4;24;13;4;3;2;2;4;2;18;15;6;2;6;4;14;6;10;6;1;3;2;0;9;11;2;13;19;1;1;5;24;5;8;3;5;25
TRACK:1228;1217;-1;3;0;5;0;5;1;6;4;3;0;10;25;0;5;0;4;20;0.775274919221216;4;19;3;5;0;8;22;1.5833400536225741;6;2;5;3;0;3;7;-1.7150815124157828;4;24;13;4;3;2;2;2;2;1;2;10;17;6;9;25;6;3;3;8;6;2;6;4;14;5;2;17;21;6.224251145242703;6;1;3;14;1;1;5;24;1;21;-4.636419769651045;25;3;5;25
TRACK:1229;1219;-1;3;0;2;3;3;5;4;12;0;4;6;6;17;6;4;0;13;14;4;3;2;2;2;2;1;2;10;11;6;9;0;10;25;6;3;3;8;6;2;6;4;14;5;2;17;21;6.268540265441087;6;1;3;2;0;21;-8.85991542979638;11;2;13;19;1;1;5;24;5;20;-8.813639791189614;3;5;25
EVAL_INSTANCE:61:0:1220
EVAL_INSTANCE:61:1:1221
EVAL_INSTANCE:61:2:1222
EVAL_INSTANCE:61:3:1223
EVAL_INSTANCE:61:4:1224
EVAL_INSTANCE:61:5:1225
EVAL_INSTANCE:61:6:1226
EVAL_INSTANCE:61:7:1227
EVAL_INSTANCE:61:8:1228
EVAL_INSTANCE:61:9:1229
RUN_RESULT:61:0:0:1150:UUUULLRLULLL
RUN_RESULT:61:1:0:940:UUUURLDLL
RUN_RESULT:61:2:0:10:UUUURULULL
RUN_RESULT:61:3:0:1150:UUUULLRLULLL
RUN_RESULT:61:4:0:1167:UUUULLRLULLL
RUN_RESULT:61:5:0:2000:----
RUN_RESULT:61:6:0:2000:----
RUN_RESULT:61:7:0:1150:UUUULLRLULLL
RUN_RESULT:61:8:0:10:UUUURULULL
RUN_RESULT:61:9:0:2000:----
    62 |      620 | -3.990000E+03 | -3.990000E+03
TRACK:1230;489;547;3;0;5;0;5;1;6;4;3;0;10;25;0;5;0;4;20;0.5944776144782205;4;24;3;5;0;8;22;1.6521541418814543;6;2;5;3;0;3;7;-1.9347451502148856;4;24;13;25
TRACK:1231;489;547;3;0;5;0;5;1;6;4;3;0;10;25;0;5;0;4;20;0.6163724510451069;4;24;3;5;0;8;22;1.781538475512475;6;1;19;24;4;3;2;2;2;2;1;2;10;17;6;9;25;6;3;3;8;6;2;6;4;14;5;2;17;21;6.413665836382024;6;1;3;2;0;21;-8.798170546052466;11;2;13;19;1;1;21;-8.942458218385559;1;21;-4.909247867364276;25;3;5;25
TRACK:1232;381;566;3;0;5;0;5;1;6;4;3;0;10;25;0;5;0;4;20;0.5334300884931266;4;24;3;5;0;8;25;6;2;5;3;0;3;7;-1.884791555238767;4;24;13;4;3;2;2;2;2;1;2;10;11;6;9;4;3;24;6;3;3;8;6;2;6;4;14;5;2;17;21;6.202527850922802;6;1;3;2;0;21;-8.998512119765355;11;2;13;19;1;1;5;24;5;20;-8.731021694943875;3;5;25
TRACK:1233;381;566;3;0;5;0;5;1;6;4;3;0;10;25;0;5;0;4;20;0.7351769399066475;4;24;3;5;0;8;22;1.9178699543291196;6;2;5;3;0;3;7;-1.835310306323171;4;24;13;4;3;2;2;2;2;1;2;10;11;6;9;4;3;24;6;3;3;8;6;2;6;4;14;6;10;6;1;3;2;0;21;-8.826652726924944;11;2;13;9;1;0;3;7;-1.884791555238767;4;24;3;5;25
TRACK:1234;509;509;3;0;5;0;5;1;6;4;3;0;10;25;0;5;0;4;20;0.6757035951212185;4;19;3;5;0;8;22;1.7737653774675808;6;2;5;3;0;3;7;-1.7577624029895191;4;24;13;4;3;2;2;2;2;1;2;10;17;6;9;25;6;3;3;8;6;2;6;4;14;5;2;25;21;6.378544981383671;6;1;3;2;0;21;-8.89127796906232;11;2;13;19;1;1;5;24;1;21;-4.828989826537952;25;3;5;25
TRACK:1235;509;509;3;0;5;0;5;1;6;4;3;0;10;25;0;5;0;4;20;0.6757035951212185;4;19;3;5;0;8;22;1.7737653774675808;6;2;5;3;0;3;7;-1.7577624029895191;4;24;13;4;3;2;2;2;2;1;2;10;17;6;9;24;6;3;3;8;6;2;6;4;14;5;2;17;21;6.378544981383671;6;1;3;2;0;21;-8.89127796906232;11;2;13;19;1;1;5;24;1;21;-4.828989826537952;25;3;5;25
TRACK:1236;566;542;3;0;5;0;5;1;6;4;3;0;10;25;0;5;0;4;20;0.7351769399066475;4;24;3;5;0;8;22;1.9178699543291196;6;2;5;3;0;3;7;-1.835310306323171;4;24;13;4;3;2;2;2;2;1;4;14;6;9;4;3;24;6;3;3;8;6;2;6;4;14;6;10;6;1;3;2;0;21;-8.826652726924944;11;2;13;9;1;1;5;25;5;8;3;5;25
TRACK:1237;566;542;3;0;5;0;5;1;6;4;3;0;10;25;0;5;0;4;20;0.6812157983887053;4;19;3;5;0;8;22;1.7381989359384042;6;2;5;3;0;3;7;-1.7118801581016863;4;24;13;4;3;2;2;2;2;1;2;10;17;6;9;25;6;3;3;8;6;2;6;4;14;5;9;6;1;3;4;13;1;1;5;9;1;21;-4.703083459155892;25;3;5;25
TRACK:1238;567;526;3;0;5;0;5;1;6;4;3;0;10;25;0;5;0;4;20;0.554959567811991;4;24;3;5;0;8;22;1.5847910097815714;6;2;5;3;0;3;7;-1.955386870631307;4;24;13;4;3;2;2;2;2;1;2;10;11;6;9;25;6;3;3;8;6;3;0;10;25;6;1;3;2;0;21;-8.749035212796752;24;2;13;20;-4.280543820769656;1;1;5;24;1;21;-4.712273777889777;25;3;5;25
TRACK:1239;567;526;3;0;5;0;5;1;6;4;3;0;10;25;0;5;0;4;20;0.6317182326717258;4;24;3;5;0;8;22;1.9211733964180546;6;2;5;3;0;3;7;-1.9035107509581097;4;24;13;4;3;2;2;2;2;1;2;10;11;6;9;4;3;24;6;3;3;8;6;2;6;4;14;6;10;6;1;3;1;21;-4.712273777889777;25;1;1;5;24;5;8;3;5;25
TRACK:1240;1230;-1;3;0;5;0;5;1;6;4;3;0;18;25;0;5;0;4;20;0.5615169012883189;4;24;3;5;0;8;22;1.5918551989562608;6;2;5;3;0;3;7;-1.84809121938534;4;24;13;25
TRACK:1241;1232;-1;3;0;5;0;5;1;6;4;3;0;10;25;0;5;0;4;20;0.5824880697391382;4;24;3;5;0;8;25;6;2;5;3;0;3;7;-1.9735203387098958;4;24;13;4;3;2;2;2;2;1;2;10;9;6;9;4;3;24;6;3;3;8;6;2;6;4;14;5;2;17;21;6.055430845692158;6;1;3;2;0;21;-8.960809983947543;11;2;13;19;1;1;5;24;5;20;-8.721399913155565;3;5;25
TRACK:1242;1234;-1;3;0;5;0;5;1;6;4;3;0;10;25;0;5;0;4;20;0.7350605335425157;4;19;3;5;0;8;22;1.8031897179849534;6;2;5;3;0;3;7;-1.8980691191206285;4;24;13;4;3;2;2;2;2;1;2;10;17;6;9;25;6;5;9;6;2;6;4;14;5;2;25;21;6.454564813359417;6;1;3;2;0;21;-8.874729047249625;11;2;13;19;1;1;5;24;1;21;-4.832783439852129;25;3;5;25
TRACK:1243;1236;-1;3;0;5;0;5;1;6;4;3;0;10;25;0;5;0;4;20;0.8755766474875202;4;24;3;5;0;8;22;1.8945454954110053;6;2;5;3;0;3;7;-1.8749772897682928;4;24;13;4;3;2;2;0;4;24;3;10;6;2;6;4;14;6;10;6;1;3;2;0;21;-8.753155269622043;11;2;13;9;1;1;5;25;5;8;3;5;25
TRACK:1244;1238;-1;3;0;5;0;5;1;6;4;3;0;10;25;0;5;0;4;20;0.5977284993184235;4;24;3;5;0;8;22;1.6508939319251443;6;2;5;3;0;3;7;-2.0928468358322885;4;24;13;4;3;2;2;2;2;1;2;10;11;6;9;25;5;21;0.6769455307500536;6;3;0;10;25;6;1;3;2;0;21;-8.695413240414203;24;2;13;20;-4.289252590665179;1;1;5;24;1;21;-4.873618804790805;25;3;5;25
TRACK:1245;1231;-1;3;0;5;0;5;1;6;4;3;0;10;25;0;5;0;4;20;0.417023977682933;4;24;3;5;0;8;22;1.748328398983293;6;1;19;24;4;3;2;2;2;2;1;2;10;17;6;9;25;6;3;3;8;6;2;6;4;14;5;2;17;21;6.176871253739963;6;1;3;2;5;22;4.800924418551901;2;13;19;1;1;21;-8.849361339447979;1;21;-4.753955695926489;25;3;5;25
TRACK:1246;1233;-1;3;0;5;0;5;1;6;4;3;0;10;25;0;5;0;4;20;0.793529863182351;4;24;3;3;7;7.075334303688166;6;2;5;3;0;3;7;-1.8998611968623793;4;24;13;4;3;2;2;2;2;1;2;10;11;6;9;4;3;24;6;3;3;8;6;2;6;4;14;6;10;6;1;3;2;0;21;-8.849319149378372;11;2;13;9;1;0;3;7;-2.034822535508707;4;24;3;5;25
TRACK:1247;1235;-1;3;0;5;0;5;1;6;4;3;0;10;25;0;5;0;4;20;0.6274391642052379;4;19;3;5;0;8;22;1.6963507457237363;6;2;5;3;0;3;7;-1.7664266884151905;4;24;13;4;3;2;2;2;2;1;2;10;17;6;9;24;6;3;3;8;6;2;6;4;14;5;2;17;21;6.4893824840117995;6;1;3;2;0;21;-9.02403507306344;11;2;13;19;1;1;5;24;1;21;-4.841521304100395;25;3;3;9
TRACK:1248;1237;-1;3;0;5;0;5;1;6;4;3;0;10;25;0;5;2;15;14;3;5;0;8;22;1.7955141148134004;6;2;5;3;0;3;7;-1.5150846347696336;4;24;13;4;3;2;2;2;2;1;2;10;17;6;9;25;6;3;3;8;6;2;6;4;14;5;9;6;1;3;4;13;1;1;5;9;1;21;-4.776528490861582;25;3;5;25
TRACK:1249;1239;-1;3;0;5;0;5;1;6;4;3;0;10;25;0;5;0;4;20;0.5454744560268431;4;24;3;5;0;8;22;2.044412909963836;6;2;5;3;0;3;7;-1.8243466966995596;4;24;13;4;3;2;2;2;2;1;2;10;11;6;9;4;3;24;6;3;3;8;6;2;6;4;14;6;10;4;1;16;7;5.137510052383952
EVAL_INSTANCE:62:0:1240
EVAL_INSTANCE:62:1:1241
EVAL_INSTANCE:62:2:1242
EVAL_INSTANCE:62:3:1243
EVAL_INSTANCE:62:4:1244
EVAL_INSTANCE:62:5:1245
EVAL_INSTANCE:62:6:1246
EVAL_INSTANCE:62:7:1247
EVAL_INSTANCE:62:8:1248
EVAL_INSTANCE:62:9:1249
RUN_RESULT:62:0:0:2000:----
RUN_RESULT:62:1:0:2000:----
RUN_RESULT:62:2:0:2000:----
RUN_RESULT:62:3:0:1150:UUUULLRLULLL
RUN_RESULT:62:4:0:2000:----
RUN_RESULT:62:5:0:2000:----
RUN_RESULT:62:6:0:19:UUUURULULL
RUN_RESULT:62:7:0:10:UUUURULULL
RUN_RESULT:62:8:0:2000:----
RUN_RESULT:62:9:0:2000:----
    63 |      630 | -3.990000E+03 | -3.990000E+03
TRACK:1250;567;563;3;0;5;0;5;1;6;4;3;0;10;25;0;5;0;4;20;0.554959567811991;4;24;3;5;0;8;22;1.5847910097815714;6;2;5;3;0;3;7;-1.955386870631307;4;24;13;4;3;2;2;2;2;1;2;10;11;6;9;25;6;3;3;8;6;2;6;4;14;5;2;17;21;6.262568272526572;6;1;3;2;0;21;-8.749035212796752;24;2;13;20;-4.280543820769656;1;1;5;24;1;21;-4.712273777889777;25;1;21;-4.768306165220745;25
TRACK:1251;567;563;3;0;5;0;5;1;6;4;3;0;10;25;0;5;0;4;20;0.645115706562894;4;24;3;5;0;8;22;1.8004489927088398;6;1;19;24;4;3;2;2;2;2;1;2;10;17;6;9;25;6;3;3;8;6;2;6;4;14;5;2;17;21;6.291213416371669;6;1;3;2;0;21;-8.615295463753146;17;2;13;13;1;1;5;24;1;21;-4.768306165220745;25;3;5;25
TRACK:1252;542;566;3;0;5;0;5;1;6;4;10;0;5;0;4;20;0.6812157983887053;4;19;3;5;0;8;22;1.7381989359384042;6;2;5;3;0;3;7;-1.7118801581016863;4;24;13;4;3;2;2;2;2;1;2;10;17;6;9;25;6;3;3;8;6;2;6;4;14;5;2;17;21;6.399232195658325;6;1;3;4;13;1;1;5;9;1;21;-4.703083459155892;25;3;5;25
TRACK:1253;542;566;3;0;5;0;5;1;6;4;3;0;10;25;0;5;0;4;20;0.7351769399066475;4;24;3;5;0;8;22;1.9178699543291196;6;6;3;3;8;4;3;2;2;2;2;1;2;10;11;6;9;4;3;24;6;3;3;8;6;2;6;4;14;6;10;6;1;3;2;0;21;-8.826652726924944;11;2;13;9;1;1;5;25;5;8;3;5;25
TRACK:1254;526;489;3;0;5;0;5;1;6;4;3;0;10;25;0;5;0;4;20;0.6317182326717258;4;24;3;5;0;8;22;1.9211733964180546;6;2;5;3;0;3;7;-1.9035107509581097;4;24;13;4;3;2;2;2;2;1;2;10;11;6;9;4;3;24;6;3;3;8;6;2;6;4;14;6;10;6;1;3;24;1;1;5;24;5;8;3;5;25
TRACK:1255;526;489;3;0;5;0;5;1;6;4;3;0;10;8;0;5;0;4;20;0.5944776144782205;4;24;3;5;0;8;22;1.6521541418814543;6;2;5;3;0;3;7;-1.9347451502148856;4;24;13;4;3;2;2;2;2;1;2;10;11;6;9;25;6;3;3;8;6;2;6;4;14;5;2;17;21;6.304053572782502;6;1;3;2;0;21;-8.942458218385559;11;2;13;19;1;1;5;24;1;21;-4.903815446000335;25;3;5;25
TRACK:1256;542;526;3;0;5;0;5;1;6;4;3;0;10;25;0;5;0;4;20;0.6812157983887053;4;19;3;5;0;8;22;1.7381989359384042;6;2;5;3;0;3;7;-1.7118801581016863;4;11;13;4;3;2;2;2;2;1;2;10;17;6;9;25;6;3;3;8;6;2;6;4;14;5;2;17;21;6.399232195658325;6;1;3;4;13;1;1;5;9;1;21;-4.703083459155892;25;3;5;25
TRACK:1257;542;526;3;0;5;0;5;1;3;0;10;25;0;5;0;4;20;0.6317182326717258;4;24;3;5;0;8;22;1.9211733964180546;6;2;5;3;0;3;7;-1.9035107509581097;4;24;13;4;3;2;2;2;2;1;2;10;11;6;9;4;3;24;6;3;3;8;6;2;6;4;14;6;10;6;1;3;2;0;21;-8.940042557827399;11;2;13;19;1;1;5;24;5;8;3;5;25
TRACK:1258;381;567;3;0;5;0;5;1;6;4;3;0;10;25;0;5;0;4;20;0.5334300884931266;4;24;3;5;0;8;22;1.7958792404530506;6;2;5;3;0;3;7;-1.884791555238767;4;24;13;4;3;2;2;2;1;2;10;11;6;9;25;6;3;3;8;6;1;3;2;0;21;-8.998512119765355;11;2;13;19;1;1;5;24;5;20;-8.731021694943875;3;5;25
TRACK:1259;381;567;3;0;5;0;5;1;6;4;3;0;10;25;0;5;0;4;20;0.554959567811991;4;24;3;5;0;8;22;1.5847910097815714;6;2;5;3;0;3;7;-1.955386870631307;4;24;13;4;3;2;2;2;2;1;2;10;11;6;9;25;6;3;3;8;6;2;6;4;14;5;2;17;21;6.262568272526572;6;1;3;2;0;21;-8.749035212796752;24;2;13;20;-4.280543820769656;1;5;25;3;5;25
TRACK:1260;1250;-1;3;0;5;0;5;1;6;4;3;0;10;25;0;5;0;4;20;0.5058516649726663;4;24;3;4;0;19;18;6;2;5;3;0;3;7;-2.0090783341084193;4;24;13;4;3;2;2;2;2;1;2;10;11;6;9;25;6;3;3;8;6;2;6;4;14;5;2;17;21;6.2919916785753;6;1;3;2;0;21;-8.789703794435662;24;2;13;20;-3.981992993589107;1;1;5;24;1;21;-4.407885330442465;25;1;21;-4.786389187151855;25
TRACK:1261;1252;-1;3;0;5;0;5;1;6;4;10;0;5;0;4;20;0.6118648862079619;4;19;3;5;0;8;22;1.7388716842544054;6;2;5;3;0;3;7;-1.6212267530006192;4;24;13;1;3;2;1;6;14;5;24;6;1;10;23;3.238508890329303;6;1;6;1;16;23;0.888502475850121;0;3;16;5;22;-9.568411274981528
TRACK:1262;1254;-1;3;0;5;0;5;1;6;4;3;0;7;5.994669755344756;25;0;5;0;4;20;0.9166383757787109;4;24;3;5;0;8;22;1.9498683194400965;6;2;5;3;0;3;7;-2.006325456111448;4;24;13;4;3;2;2;2;2;1;2;10;11;6;9;4;3;24;6;3;3;8;6;2;6;4;14;6;10;6;1;3;24;1;1;5;24;5;8;3;5;25
TRACK:1263;1256;-1;3;0;5;0;5;1;6;4;3;0;10;25;0;5;0;4;20;0.821898137186239;4;19;3;5;0;8;22;1.685917918384358;6;2;5;3;0;3;7;-1.7823828895347693;4;11;13;4;3;2;2;2;2;1;2;10;17;6;9;25;6;3;3;8;6;2;6;4;14;5;2;17;21;6.407805412854426;6;1;3;4;5;24;1;1;5;9;1;21;-4.636482039592942;25;3;5;25
TRACK:1264;1258;-1;3;0;5;0;5;1;6;4;3;0;10;25;0;5;0;4;20;0.6572179217154427;4;24;3;5;0;8;22;1.729629314656747;6;2;5;1;0;13;24;4;23;5.5131025705858665;13;4;3;2;2;2;1;2;10;11;6;9;25;6;3;3;8;6;1;3;2;0;21;-8.836689336606595;11;2;13;19;1;1;5;24;5;20;-8.754592439713557;3;5;25
TRACK:1265;1251;-1;3;0;5;0;5;1;6;4;3;0;10;25;0;5;0;4;20;0.5487688690254566;4;24;3;5;0;8;22;1.805068305649992;6;1;19;24;4;3;2;2;2;2;1;2;10;17;6;9;25;6;3;3;8;6;2;6;4;14;5;2;17;21;6.185156159542758;6;1;3;2;4;19;2;13;13;1;1;5;24;1;21;-4.656138308294624;25;3;5;25
TRACK:1266;1253;-1;3;0;5;0;5;1;6;4;3;0;10;25;0;5;0;4;20;0.7469925524233922;4;24;3;5;0;8;22;2.085052910723523;6;6;3;3;8;4;3;2;2;2;2;1;2;10;11;6;9;4;3;24;6;3;3;8;6;2;6;4;14;6;10;6;1;3;2;0;14;11;2;13;9;1;1;5;25;5;8;3;5;25
TRACK:1267;1255;-1;3;0;5;0;5;1;6;1;12;15;0;5;0;4;20;0.6672913378387347;4;24;3;5;0;8;22;1.708525216926869;6;2;5;3;0;3;7;-1.8148487569889251;4;24;13;4;3;2;2;2;2;1;2;10;11;6;9;25;6;3;3;8;6;2;6;4;14;5;2;17;21;6.264767350884426;6;1;3;2;0;21;-8.886311535237125;11;2;13;19;1;1;5;24;1;21;-4.9360004552353836;25;3;5;25
TRACK:1268;1257;-1;3;0;5;0;5;1;3;0;10;25;0;5;3;3;18;3;5;0;8;22;2.0161339908191906;6;2;5;3;0;3;7;-1.961392979111296;4;24;13;4;3;2;2;2;2;1;2;10;11;6;9;4;3;24;6;3;3;8;6;2;6;4;14;6;10;6;1;3;2;0;21;-8.938094301621648;11;2;13;19;1;1;5;24;5;8;3;5;25
TRACK:1269;1259;-1;3;0;5;0;5;1;6;4;3;0;10;25;0;5;0;4;20;0.6093287120114171;4;24;3;5;0;8;22;1.495915979063958;6;2;5;3;0;3;7;-1.964371653159545;4;24;13;4;3;2;2;2;2;1;2;10;11;6;9;25;6;3;3;8;6;2;6;4;14;5;2;17;21;6.270423691690146;6;1;3;2;4;24;2;13;20;-4.430904766513177;1;5;25;3;5;25
EVAL_INSTANCE:63:0:1260
EVAL_INSTANCE:63:1:1261
EVAL_INSTANCE:63:2:1262
EVAL_INSTANCE:63:3:1263
EVAL_INSTANCE:63:4:1264
EVAL_INSTANCE:63:5:1265
EVAL_INSTANCE:63:6:1266
EVAL_INSTANCE:63:7:1267
EVAL_INSTANCE:63:8:1268
EVAL_INSTANCE:63:9:1269
RUN_RESULT:63:0:0:19:UUUURULULL
RUN_RESULT:63:1:0:2000:----
RUN_RESULT:63:2:0:940:UUUURLDLL
RUN_RESULT:63:3:0:2000:----
RUN_RESULT:63:4:0:2000:----
RUN_RESULT:63:5:0:10:UUUURULULL
RUN_RESULT:63:6:0:2000:----
RUN_RESULT:63:7:0:940:UUUURLDLL
RUN_RESULT:63:8:0:2000:----
RUN_RESULT:63:9:0:10:UUUURULULL
    64 |      640 | -3.990000E+03 | -3.990000E+03
TRACK:1270;561;547;3;0;5;0;5;1;6;4;3;0;10;25;0;5;0;4;20;0.6297388137510807;4;24;3;5;0;8;22;1.6387679997652442;6;2;5;3;0;3;7;-1.9983925114321415;4;24;13;4;17
TRACK:1271;561;547;3;0;5;0;5;1;6;4;3;0;10;25;0;5;0;4;20;0.6163724510451069;4;24;3;5;0;8;22;1.781538475512475;6;1;19;24;4;3;2;2;2;2;1;2;10;17;6;9;25;6;3;3;8;6;2;6;24;5;2;17;21;6.413665836382024;6;1;3;2;0;21;-8.798170546052466;11;2;13;19;1;1;5;24;1;21;-4.909247867364276;25;3;5;25
TRACK:1272;509;563;3;0;5;0;5;1;6;4;24;0;5;0;4;20;0.6757035951212185;4;19;3;5;0;8;22;1.7737653774675808;6;2;5;3;0;3;7;-1.7577624029895191;4;24;13;4;3;2;2;2;2;1;2;10;17;6;9;25;6;3;3;8;6;2;6;4;14;5;2;17;21;6.378544981383671;6;1;3;2;0;21;-8.89127796906232;11;2;13;19;1;1;5;24;1;21;-4.828989826537952;25;3;5;25
TRACK:1273;509;563;3;0;5;0;5;1;6;4;3;0;10;25;0;5;0;4;20;0.645115706562894;4;24;3;5;0;8;22;1.8004489927088398;6;1;19;24;4;3;2;2;2;2;1;2;10;17;6;9;25;6;3;3;8;6;2;6;4;14;5;2;17;21;6.291213416371669;6;1;3;2;0;21;-8.615295463753146;17;2;13;19;1;1;5;20;0.6757035951212185;1;21;-4.768306165220745;25;3;5;25
TRACK:1274;566;567;3;0;5;0;5;1;6;4;3;0;10;25;0;5;0;4;20;0.7351769399066475;4;24;3;5;0;8;22;1.9178699543291196;6;2;5;3;0;3;7;-1.835310306323171;4;24;13;4;3;2;2;2;2;10;4;3;24;6;3;3;8;6;2;6;4;14;6;10;6;1;3;2;0;21;-8.826652726924944;11;2;13;9;1;1;5;25;5;8;3;5;25
TRACK:1275;566;567;3;0;5;0;5;1;6;4;3;0;10;25;0;5;0;4;20;0.554959567811991;4;24;3;5;0;8;22;1.5847910097815714;6;2;5;3;0;3;7;-1.955386870631307;4;24;13;0;8;22;1.9178699543291196
TRACK:1276;566;563;3;0;5;0;5;1;6;4;3;0;10;25;0;5;0;4;20;0.7351769399066475;4;24;3;5;0;8;22;1.9178699543291196;6;2;5;3;0;3;7;-1.835310306323171;4;24;13;4;3;2;2;2;2;1;2;21;-8.615295463753146;11;6;9;4;3;24;6;3;3;8;6;2;6;4;14;6;10;6;1;3;2;0;21;-8.826652726924944;11;2;13;9;1;1;5;25;5;8;3;5;25
TRACK:1277;566;563;3;0;5;0;5;1;6;4;3;0;10;25;0;5;0;4;20;0.645115706562894;4;24;3;5;0;8;22;1.8004489927088398;6;1;19;24;4;3;2;2;2;2;1;2;10;17;6;9;25;6;3;3;8;6;2;6;4;14;5;2;17;21;6.291213416371669;6;1;3;2;0;21;-8.615295463753146;17;2;13;19;1;1;5;24;1;10;25;3;5;25
TRACK:1278;561;526;3;0;5;0;5;1;6;4;3;0;10;25;0;5;0;4;20;0.6297388137510807;4;24;3;5;0;8;22;1.6387679997652442;6;2;5;3;0;3;7;-1.9983925114321415;4;24;13;4;3;2;2;2;2;1;2;10;21;-8.940042557827399;6;9;25;6;3;3;8;6;2;6;4;14;5;2;17;21;6.171067081651891;6;1;3;2;0;21;-8.979766359132212;19;2;13;19;1;1;5;24;1;21;-4.778116458091936;25;3;0;25;24
TRACK:1279;561;526;3;0;5;0;5;1;6;4;3;0;10;25;0;5;0;4;20;0.6317182326717258;4;24;3;5;0;8;22;1.9211733964180546;6;2;5;3;0;3;7;-1.9035107509581097;4;24;13;4;3;2;2;2;2;1;2;10;11;6;9;4;3;24;6;3;3;8;6;2;6;4;14;6;10;6;1;3;2;0;21;-8.940042557827399;11;2;13;19;1;1;5;24;5;8;3;5;25
TRACK:1280;1270;-1;3;0;6;4;6;0;3;5;4;0;24;18;2;1;1;6;23;-2.6939588423359435;4;8;5;5;8;1;2;1;14;17;6;22;-0.6825900723376144;0;2;24;8;3;21;8.625274072271939;4;17
TRACK:1281;1272;-1;3;0;5;0;5;1;6;4;24;0;5;0;4;20;0.6280820259772009;4;19;3;5;0;8;22;1.6140726324081847;6;2;5;3;0;3;7;-1.731896878199059;4;24;13;4;3;2;2;2;2;1;2;10;17;6;9;25;6;3;3;8;6;2;6;4;14;5;2;17;21;6.364877117618094;6;1;3;1;2;11;22;-6.225557548602665;6;9;1;1;5;24;1;21;-4.942615634122502;25;3;5;25
TRACK:1282;1274;-1;3;0;5;0;5;1;6;4;3;0;10;25;0;5;0;4;16;4;24;3;5;0;8;22;1.9752358153067426;6;2;5;3;0;3;7;-1.7744238837027464;4;24;13;4;3;2;2;2;2;10;4;3;24;6;3;3;8;6;2;6;4;14;6;10;6;1;3;2;0;21;-8.811159069679753;11;2;13;9;1;1;5;25;5;8;3;5;25
TRACK:1283;1276;-1;3;0;5;0;1;4;1;2;4;19;5;19;5;4;16;6;0;1;3;18;1;16;11;1;0;16;17;6;8;6;2;5;3;0;3;7;-1.6592947288638813;4;24;13;4;3;2;2;2;2;1;2;21;-8.543609347626685;11;6;9;4;3;24;6;3;3;8;6;2;6;4;14;6;10;6;1;3;2;0;21;-8.786299257863847;11;2;13;9;1;1;5;25;5;8;3;5;25
TRACK:1284;1278;-1;3;0;5;0;5;1;6;4;3;0;10;25;0;5;0;4;20;0.4403664440349464;4;24;3;5;0;8;22;1.9847975242419567;6;2;5;3;0;3;7;-2.085461143111264;4;24;13;4;3;2;2;2;2;1;2;10;21;-9.053078316852506;6;9;25;6;3;3;8;6;2;6;4;14;5;2;17;21;6.236449345699091;6;1;3;2;0;21;-9.04623221358797;19;2;13;19;1;1;5;24;1;24;25;3;0;25;24
TRACK:1285;1271;-1;3;0;5;0;5;1;6;4;3;0;10;25;0;5;0;5;8;4;24;3;5;0;8;22;1.558861499162267;6;1;19;24;4;3;2;2;2;2;1;2;10;17;6;9;25;6;3;3;8;6;2;6;24;5;2;17;21;6.533628713740499;6;1;3;2;0;21;-8.618316242965852;11;2;13;19;1;1;5;24;1;21;-4.835170680159899;25;3;5;25
TRACK:1286;1273;-1;3;0;5;0;5;1;6;4;3;0;10;25;0;5;0;4;20;0.6856570699553171;4;24;3;5;0;8;22;1.902710354066427;6;1;19;24;4;3;2;0;2;6;5;3;24;1;1;2;14;17;0;18;21;-0.1515083308225318;1;2;25;15;5;20;8.726231939389251;2;5;0;6;7;-9.15334634034457;3;19;3;6;6;13;6;1;3;2;0;21;-8.748002928373252;17;2;13;19;1;1;5;20;0.6174579143747657;1;21;-4.73775486902786;25;3;5;25
TRACK:1287;1275;-1;0;5;5;1;3;1;15;17;0;3;14;1;14;17;3;6;5;6;6;7;-3.3700463330490145
TRACK:1288;1277;-1;3;0;5;0;5;1;6;4;3;0;10;25;0;5;0;4;20;0.7897770217333691;4;24;3;5;0;8;22;1.7869846257303732;6;1;19;24;4;3;2;2;2;2;1;4;12;6;9;25;6;3;3;8;6;2;6;4;14;5;2;17;21;6.240742884112847;6;1;3;2;0;21;-8.71854775442503;17;2;13;19;1;1;5;24;1;10;25;3;5;25
TRACK:1289;1279;-1;3;0;5;0;5;1;6;4;3;0;10;25;0;5;0;4;20;0.830008197409034;4;24;3;5;0;8;22;2.043114695109049;6;2;5;3;0;3;7;-1.8614288588815953;4;24;13;4;3;2;2;2;2;1;2;10;11;5;8;4;3;24;6;3;3;8;6;2;6;4;14;6;10;6;1;3;2;0;21;-8.873540426859;11;2;13;19;1;1;5;24;5;8;3;5;25
EVAL_INSTANCE:64:0:1280
EVAL_INSTANCE:64:1:1281
EVAL_INSTANCE:64:2:1282
EVAL_INSTANCE:64:3:1283
EVAL_INSTANCE:64:4:1284
EVAL_INSTANCE:64:5:1285
EVAL_INSTANCE:64:6:1286
EVAL_INSTANCE:64:7:1287
EVAL_INSTANCE:64:8:1288
EVAL_INSTANCE:64:9:1289
RUN_RESULT:64:0:0:2000:----
RUN_RESULT:64:1:0:940:UUUURLDLL
RUN_RESULT:64:2:0:2000:----
RUN_RESULT:64:3:0:2000:----
RUN_RESULT:64:4:0:177:UUUULLRLULLL
RUN_RESULT:64:5:0:2000:----
RUN_RESULT:64:6:0:2000:----
RUN_RESULT:64:7:0:2000:----
RUN_RESULT:64:8:0:2000:----
RUN_RESULT:64:9:0:1150:UUUULLRLULLL
    65 |      650 | -3.990000E+03 | -3.990000E+03
TRACK:1290;526;547;3;0;5;0;5;1;6;4;3;0;10;25;0;5;0;4;20;0.6317182326717258;4;24;3;5;0;8;22;1.9211733964180546;6;2;5;3;0;3;7;-1.9035107509581097;4;24;13;4;3;2;2;2;2;1;2;10;11;6;9;4;3;24;6;3;3;8;6;2;6;19;6;10;6;1;3;2;0;21;-8.940042557827399;11;2;13;19;1;1;5;24;5;8;3;5;25
TRACK:1291;526;547;3;0;5;0;5;1;6;4;3;0;10;25;0;5;0;4;20;0.6163724510451069;4;24;3;5;0;8;22;1.781538475512475;6;1;19;24;4;3;2;2;2;2;1;2;10;17;6;9;25;6;3;3;8;6;2;6;10;5;2;17;21;6.413665836382024;6;1;3;2;0;21;-8.798170546052466;11;2;13;19;1;1;5;24;1;21;-4.909247867364276;25;3;5;25
TRACK:1292;509;489;3;0;5;0;5;1;6;4;3;0;10;25;0;5;0;4;20;0.6757035951212185;4;19;3;5;0;8;22;1.7737653774675808;6;2;5;3;0;3;7;-1.7577624029895191;4;24;13;4;3;2;2;2;2;1;2;10;17;6;9;25;6;3;3;8;6;2;6;4;14;5;2;17;21;6.378544981383671;6;11
TRACK:1293;509;489;3;0;5;0;5;1;6;4;3;0;10;25;0;5;0;4;20;0.5944776144782205;4;24;3;5;0;8;22;1.6521541418814543;6;2;5;3;0;3;7;-1.9347451502148856;4;24;13;4;3;2;2;2;2;1;2;10;11;6;9;25;6;3;3;8;6;2;6;4;14;5;2;17;21;6.304053572782502;6;1;3;2;0;21;-8.942458218385559;11;2;13;19;1;1;5;24;1;9;25;3;5;25
TRACK:1294;542;547;3;0;8;4;3;2;2;2;2;1;2;10;17;6;9;25;6;3;3;8;6;2;6;4;14;5;2;17;21;6.399232195658325;6;1;3;4;13;1;1;5;9;1;21;-4.703083459155892;25;3;5;25
TRACK:1295;542;547;3;0;5;0;5;1;6;4;3;0;10;25;0;21;6.399232195658325;3;5;0;8;22;1.781538475512475;6;1;19;24;4;3;2;2;2;2;1;2;10;17;6;9;25;6;3;3;8;6;2;6;4;14;5;2;17;21;6.413665836382024;6;1;3;2;0;21;-8.798170546052466;11;2;13;19;1;1;5;24;1;21;-4.909247867364276;25;3;5;25
TRACK:1296;542;561;3;0;5;0;5;1;6;4;3;0;10;25;0;5;0;4;20;0.6812157983887053;4;19;3;5;0;8;22;1.7381989359384042;6;2;5;3;0;3;7;-1.7118801581016863;4;24;13;4;3;2;2;2;13;6;3;3;8;6;2;6;4;14;5;2;17;21;6.399232195658325;6;1;3;4;13;1;1;5;9;1;21;-4.703083459155892;25;3;5;25
TRACK:1297;542;561;3;0;5;0;5;1;6;4;3;0;10;25;0;5;0;4;20;0.6297388137510807;4;24;3;5;0;8;22;1.6387679997652442;6;2;5;3;0;3;7;-1.9983925114321415;4;24;13;4;3;2;2;2;2;1;2;10;11;6;9;25;6;3;3;8;6;2;6;4;14;5;2;17;21;6.171067081651891;6;1;3;2;14;2;13;19;1;1;5;24;1;21;-4.778116458091936;25;3;0;25;24
TRACK:1298;526;509;3;0;5;0;5;1;6;4;3;0;10;25;0;5;0;4;20;0.6317182326717258;4;24;3;5;0;8;22;1.9211733964180546;6;2;5;3;0;3;22;1.7737653774675808;4;24;13;4;3;2;2;2;2;1;2;10;11;6;9;4;3;24;6;3;3;8;6;2;6;4;14;6;10;6;1;3;2;0;21;-8.940042557827399;11;2;13;19;1;1;5;24;5;8;3;5;25
TRACK:1299;526;509;3;0;5;0;5;1;6;4;3;0;10;25;0;5;0;4;20;0.6757035951212185;4;19;3;5;0;8;22;1.7737653774675808;6;2;5;3;0;3;7;-1.7577624029895191;4;11;13;4;3;2;2;2;2;1;2;10;17;6;9;25;6;3;3;8;6;2;6;4;14;5;2;17;21;6.378544981383671;6;1;3;2;0;21;-8.89127796906232;11;2;13;19;1;1;5;24;1;21;-4.828989826537952;25;3;5;25
TRACK:1300;1290;-1;3;0;5;0;5;1;6;4;3;0;10;25;0;5;0;4;20;0.6396390241634582;4;24;3;5;0;8;22;1.6715382516039714;6;6;3;21;4.580299114196297;4;3;2;2;2;2;1;2;10;11;6;9;4;3;24;6;3;3;8;6;2;6;19;6;10;6;1;3;2;0;21;-9.075002125081602;11;2;13;19;1;1;5;24;5;8;3;5;25
TRACK:1301;1292;-1;3;0;5;0;5;1;6;4;3;0;10;25;0;4;20;9.920167088560909;3;5;0;8;22;1.9299179539069753;6;2;5;3;0;3;7;-1.6737133672498559;4;24;13;4;3;2;2;2;2;1;2;10;17;6;9;25;6;3;3;8;6;2;6;4;14;5;2;17;21;6.414770843536823;6;11
TRACK:1302;1294;-1;3;0;8;4;3;2;4;6;1;5;18;1;12;20;-4.019602955642223;6;1;3;4;13;1;1;5;9;1;21;-4.66849641963845;25;3;5;25
TRACK:1303;1296;-1;3;0;5;0;5;1;6;4;3;0;10;25;0;5;0;4;20;0.7636422668953886;4;19;3;5;0;8;22;1.7658422839149746;6;2;5;3;0;3;7;-1.6203767080731968;4;24;13;4;3;2;2;2;13;6;3;3;8;6;2;6;4;14;5;2;17;10;6;1;3;4;13;1;1;5;9;1;21;-4.805385325162051;25;3;5;25
TRACK:1304;1298;-1;3;0;5;0;5;1;6;4;3;0;10;25;0;5;1;9;13;3;5;0;8;22;1.775730565554746;6;2;5;3;0;3;22;1.616564256271942;4;24;13;4;3;2;2;2;2;1;2;10;11;6;9;4;3;24;6;3;3;8;6;2;6;4;14;6;10;6;1;3;2;0;21;-8.884867861887438;11;2;13;19;1;1;5;24;5;8;3;5;25
TRACK:1305;1291;-1;3;0;5;0;5;1;6;4;3;0;10;25;0;5;0;4;20;0.47593975918833553;4;24;3;5;0;8;22;1.8665456779212812;6;1;19;24;4;3;2;2;2;2;1;2;12;17;6;9;25;6;3;3;8;6;2;6;10;5;2;17;21;6.286350023805177;6;1;3;2;0;21;-8.929050562773632;11;2;13;19;1;1;5;24;1;21;-4.856077282119812;25;3;5;25
TRACK:1306;1293;-1;3;0;5;0;5;1;6;4;3;0;10;25;0;5;0;4;20;0.49999247429809013;4;24;3;5;0;8;22;1.4621505795573146;6;2;5;3;0;3;7;-2.0447576301605723;4;24;13;4;3;2;2;2;2;1;2;10;15;6;9;25;6;3;3;8;6;2;6;4;14;5;2;17;21;6.491738609661231;6;1;3;2;0;21;-8.89259632731015;11;2;13;19;1;1;5;24;1;9;25;3;5;25
TRACK:1307;1295;-1;3;0;5;0;5;1;6;4;3;0;10;25;0;21;6.35467438639738;3;5;0;8;22;1.6231863906219297;6;1;19;24;4;3;2;2;2;2;1;2;10;17;6;9;25;6;3;3;8;6;2;6;4;14;5;2;17;21;6.2989636112754;6;1;3;2;0;21;-8.839655905236032;11;2;13;22;-2.982319725529454;1;1;5;24;1;21;-4.866483025981657;25;3;5;25
TRACK:1308;1297;-1;3;0;5;0;5;1;6;4;3;0;10;25;0;5;0;4;20;0.5515741693698325;4;24;3;5;0;8;22;1.6721704809857927;6;2;5;3;0;3;7;-1.8503912863706098;4;24;13;4;3;2;2;2;3;5;2;12;8;6;3;3;8;6;2;6;4;14;5;2;17;21;6.10756182191912;6;1;3;2;14;2;13;19;1;1;5;24;1;21;-4.651158443491287;25;3;0;25;24
TRACK:1309;1299;-1;3;0;5;0;5;1;6;4;12;0;5;0;4;20;0.6962861965502857;4;19;3;5;0;8;22;1.7712766641583342;6;2;5;3;0;3;7;-1.7766996447537677;4;11;13;4;3;2;2;2;2;1;2;10;17;6;9;25;6;3;3;8;6;2;6;4;14;5;2;17;21;6.305554714370717;6;1;3;2;0;21;-9.049222744332958;11;2;13;19;1;1;5;24;1;21;-4.874747402254478;25;3;5;25
EVAL_INSTANCE:65:0:1300
EVAL_INSTANCE:65:1:1301
EVAL_INSTANCE:65:2:1302
EVAL_INSTANCE:65:3:1303
EVAL_INSTANCE:65:4:1304
EVAL_INSTANCE:65:5:1305
EVAL_INSTANCE:65:6:1306
EVAL_INSTANCE:65:7:1307
EVAL_INSTANCE:65:8:1308
EVAL_INSTANCE:65:9:1309
RUN_RESULT:65:0:0:2000:----
RUN_RESULT:65:1:0:19:UUUURULULL
RUN_RESULT:65:2:0:2000:----
RUN_RESULT:65:3:0:1150:UUUULLRLULLL
RUN_RESULT:65:4:0:2000:----
RUN_RESULT:65:5:0:2000:----
RUN_RESULT:65:6:0:2000:----
RUN_RESULT:65:7:0:2000:----
RUN_RESULT:65:8:0:1142:UUUULLRLULLL
RUN_RESULT:65:9:0:2000:----
    66 |      660 | -3.990000E+03 | -3.990000E+03
TRACK:1310;381;563;3;0;5;0;5;1;6;4;3;0;10;25;0;5;0;4;20;0.5334300884931266;4;24;3;5;0;8;22;1.7958792404530506;6;2;5;3;0;3;7;-1.884791555238767;4;24;13;4;3;2;2;2;2;1;2;10;11;6;9;4;3;24;6;3;3;8;6;2;6;4;14;5;2;17;21;6.202527850922802;6;1;3;2;0;21;-8.998512119765355;11;2;13;19;1;1;5;24;19;3;5;25
TRACK:1311;381;563;3;0;5;0;5;1;6;4;3;0;10;25;0;5;0;4;20;0.645115706562894;4;24;3;5;0;8;22;1.8004489927088398;6;1;19;24;4;3;2;2;2;2;1;2;10;17;6;9;25;6;3;3;8;6;2;6;4;14;5;2;17;21;6.291213416371669;6;9
TRACK:1312;509;566;3;0;5;0;5;1;6;4;3;0;10;25;0;5;0;4;20;0.6757035951212185;4;19;3;5;0;8;22;1.7737653774675808;6;2;5;3;0;3;7;-1.7577624029895191;4;24;13;4;3;2;2;2;2;1;2;10;17;6;9;25;6;3;3;8;6;2;6;4;14;5;2;17;21;6.378544981383671;6;1;3;2;0;21;-8.89127796906232;11;5;25;1;1;5;24;1;21;-4.828989826537952;25;3;5;25
TRACK:1313;509;566;3;0;5;0;5;1;6;4;3;0;10;25;0;5;0;4;20;0.7351769399066475;4;24;3;5;0;8;22;1.9178699543291196;6;2;5;3;0;3;7;-1.835310306323171;4;24;13;4;3;2;2;2;2;1;2;10;11;6;9;4;3;24;6;3;3;8;6;2;6;4;14;6;10;6;1;3;2;0;21;-8.826652726924944;11;2;13;9;1;1;5;25;5;8;3;19
TRACK:1314;542;547;3;0;5;0;5;1;6;4;3;0;10;25;0;5;0;4;20;0.6812157983887053;4;19;3;5;0;8;22;1.7381989359384042;6;2;5;3;0;3;7;-1.7118801581016863;4;24;13;4;3;2;2;2;2;1;2;10;17;6;9;25;6;10;6;2;6;4;14;5;2;17;21;6.399232195658325;6;1;3;4;13;1;1;5;9;1;21;-4.703083459155892;25;3;5;25
TRACK:1315;542;547;3;0;5;0;5;1;6;4;3;5;25;0;5;0;4;20;0.6163724510451069;4;24;3;5;0;8;22;1.781538475512475;6;1;19;24;4;3;2;2;2;2;1;2;10;17;6;9;25;6;3;3;8;6;2;6;4;14;5;2;17;21;6.413665836382024;6;1;3;2;0;21;-8.798170546052466;11;2;13;19;1;1;5;24;1;21;-4.909247867364276;25;3;5;25
TRACK:1316;526;489;3;0;5;0;5;1;6;4;3;0;10;25;0;5;0;4;20;0.6317182326717258;4;24;3;5;0;8;22;1.9211733964180546;6;2;5;3;0;3;7;-1.9035107509581097;4;24;13;4;3;2;2;2;2;1;2;10;11;6;9;4;3;24;6;3;3;8;6;2;6;4;14;6;10;6;1;3;2;0;21;-8.940042557827399;11;2;14;19;1;1;5;24;5;8;3;5;25
TRACK:1317;526;489;3;0;5;0;5;1;6;4;3;0;10;25;0;5;0;4;20;0.5944776144782205;4;24;3;5;0;8;22;1.6521541418814543;6;2;5;3;0;3;7;-1.9347451502148856;4;24;13;4;3;2;2;2;2;1;2;10;11;6;9;25;6;3;3;8;6;2;13;5;2;17;21;6.304053572782502;6;1;3;2;0;21;-8.942458218385559;11;2;13;19;1;1;5;24;1;21;-4.903815446000335;25;3;5;25
TRACK:1318;566;509;3;0;5;0;5;1;6;4;3;0;10;25;0;5;0;4;20;0.7351769399066475;4;24;3;5;0;8;22;1.9178699543291196;6;2;5;3;0;3;7;-1.835310306323171;4;24;13;4;3;2;2;2;2;1;2;10;11;6;9;4;3;25;6;3;3;8;6;2;6;4;14;6;10;6;1;3;2;0;21;-8.826652726924944;11;2;13;9;1;1;5;25;5;8;3;5;25
TRACK:1319;566;509;3;0;5;0;5;1;6;4;3;0;10;25;0;5;0;4;20;0.6757035951212185;4;19;3;5;0;8;22;1.7737653774675808;6;2;5;3;0;3;7;-1.7577624029895191;6;9;13;4;3;2;2;2;2;1;2;10;17;6;9;25;6;3;3;8;6;2;6;4;14;5;2;17;21;6.378544981383671;6;1;3;2;0;21;-8.89127796906232;11;2;13;19;1;1;5;24;1;21;-4.828989826537952;25;3;5;25
TRACK:1320;1310;-1;3;0;5;0;5;1;6;4;3;0;10;25;0;5;0;4;20;0.6678073202214565;4;24;3;5;0;8;22;1.598952790567917;6;2;5;3;0;3;7;-1.8446142130890864;4;24;13;4;3;6;6;5;5;2;4;16;6;10
TRACK:1321;1312;-1;3;0;5;0;5;1;6;4;3;0;10;25;0;5;0;4;20;0.7810487032683086;4;19;3;5;1;19;16;6;2;5;3;0;3;7;-1.8081441635651319;4;24;13;4;3;2;2;2;2;1;2;10;17;6;9;25;6;3;3;8;6;2;6;4;14;5;2;17;21;6.3764141518881825;6;1;3;2;0;21;-8.959456977039503;11;5;25;1;1;5;24;1;21;-4.671158898149878;25;3;5;25
TRACK:1322;1314;-1;3;0;5;0;5;1;6;4;3;0;10;25;0;5;0;4;20;0.6330338282684692;4;19;3;5;0;8;22;1.673504832413344;6;2;5;3;0;3;7;-1.801771044481572;4;24;13;4;3;2;2;2;2;1;2;10;17;6;9;25;6;10;6;2;6;4;14;5;2;17;21;6.593752691456426;6;1;3;3;1;13;7;-8.550513202389578;1;1;5;9;1;21;-4.6131951784349186;25;3;5;25
TRACK:1323;1316;-1;3;0;5;0;5;1;6;4;3;0;10;25;0;5;0;4;20;0.7452845172553426;4;24;3;5;0;8;22;1.9342348792249129;6;2;5;3;0;3;7;-1.8115940247051738;4;24;13;4;3;2;2;2;2;1;2;10;11;6;9;4;3;24;6;3;3;8;6;2;6;4;14;6;10;6;1;3;2;0;21;-8.987724873824986;11;2;14;19;1;1;5;24;5;19;3;5;25
TRACK:1324;1318;-1;3;0;5;0;5;1;6;4;3;0;10;25;0;5;0;4;20;0.6254880888216905;4;24;3;5;0;8;22;2.0733304968246102;0;2;4;1;6;14;1;7;6.165903579896167;10;4;3;3;9;3;1;3;3;7;9.988917467977956;6;4;7;2.0865156625736;4;3;2;2;2;2;1;2;10;11;6;9;4;3;25;6;3;3;8;6;2;6;4;14;6;10;6;1;3;2;0;21;-8.79341030733269;11;2;13;9;1;1;5;25;5;8;3;5;25
TRACK:1325;1311;-1;6;3;4;2;25;22;-4.490274296993619
TRACK:1326;1313;-1;3;0;5;0;5;1;6;4;3;0;10;25;0;5;0;4;20;0.8558161933815541;4;24;3;5;0;8;22;1.9133889826430563;6;2;5;3;0;3;7;-1.9636425082656725;4;24;13;4;3;2;2;2;2;1;2;10;11;6;9;4;3;24;5;2;11;14;6;2;6;4;14;6;10;6;1;3;2;0;21;-8.77448573050842;11;2;13;9;1;1;5;25;5;8;3;19
TRACK:1327;1315;-1;3;0;5;0;5;1;6;4;3;5;25;0;5;0;4;20;0.7279813485787725;4;24;3;5;0;8;22;1.7658308692010056;6;1;19;24;4;4;5;5;11
TRACK:1328;1317;-1;3;0;5;0;5;1;6;4;3;0;10;25;0;5;0;4;20;0.6541800965703903;4;24;3;5;0;8;22;1.5713109116833148;6;2;5;3;0;3;7;-1.7794711796397547;4;24;13;4;3;2;2;2;2;1;2;10;11;6;9;25;6;3;3;8;6;2;13;5;2;17;21;6.354978377652351;6;1;3;2;0;21;-8.917299726110532;11;2;13;19;1;1;5;24;1;21;-5.109889047076193;25;3;0;18;13
TRACK:1329;1319;-1;3;0;5;0;5;1;6;6;20;-4.502819433406526;0;5;0;4;20;0.6279983083107719;4;19;3;5;0;8;22;1.6884333462380405;6;2;5;3;0;3;7;-1.602392696989702;6;9;13;4;3;2;2;2;2;1;2;10;17;6;9;25;6;3;3;8;6;2;6;4;14;5;2;17;21;6.438205528872291;6;1;3;2;0;21;-8.837143543927112;11;2;13;19;1;1;5;24;1;21;-4.8878189392118205;25;3;5;25
EVAL_INSTANCE:66:0:1320
EVAL_INSTANCE:66:1:1321
EVAL_INSTANCE:66:2:1322
EVAL_INSTANCE:66:3:1323
EVAL_INSTANCE:66:4:1324
EVAL_INSTANCE:66:5:1325
EVAL_INSTANCE:66:6:1326
EVAL_INSTANCE:66:7:1327
EVAL_INSTANCE:66:8:1328
EVAL_INSTANCE:66:9:1329
RUN_RESULT:66:0:0:1150:UUUULLRLULLL
RUN_RESULT:66:1:0:19:UUUURULULL
RUN_RESULT:66:2:0:99:UUUULLRLULLL
RUN_RESULT:66:3:0:10:UUUURULULL
RUN_RESULT:66:4:0:2000:----
RUN_RESULT:66:5:0:2000:----
RUN_RESULT:66:6:0:10:UUUURULULL
RUN_RESULT:66:7:0:2000:----
RUN_RESULT:66:8:0:10:UUUURULULL
RUN_RESULT:66:9:0:2000:----
    67 |      670 | -3.990000E+03 | -3.990000E+03
TRACK:1330;489;566;3;0;5;0;5;1;6;4;3;0;10;25;0;5;0;4;20;0.5944776144782205;4;24;3;5;0;8;22;1.6521541418814543;6;2;5;3;0;3;7;-1.9347451502148856;4;24;13;4;3;2;2;2;2;1;2;10;11;6;9;25;6;3;3;8;6;2;6;4;14;5;2;13;21;6.304053572782502;6;1;3;2;0;21;-8.942458218385559;11;2;13;19;1;1;5;24;1;21;-4.903815446000335;25;3;5;25
TRACK:1331;489;566;3;0;5;0;5;1;6;4;3;0;10;25;0;5;0;4;20;0.7351769399066475;4;24;3;5;0;8;22;1.9178699543291196;6;2;5;3;0;3;7;-1.835310306323171;4;24;13;4;3;2;2;2;2;1;2;10;11;6;9;4;3;24;6;3;3;8;4;14;6;1;3;2;0;21;-8.826652726924944;11;2;13;9;1;1;5;25;5;8;3;5;25
TRACK:1332;561;381;3;0;5;0;5;1;6;4;3;0;10;25;0;5;0;4;20;0.6297388137510807;4;24;3;5;0;8;22;1.6387679997652442;6;2;5;3;0;3;7;-1.9983925114321415;4;24;13;4;3;2;2;2;8;6;3;3;8;6;2;6;4;14;5;2;17;21;6.171067081651891;6;1;3;2;0;21;-8.979766359132212;19;2;13;19;1;1;5;24;1;21;-4.778116458091936;25;3;0;25;24
TRACK:1333;561;381;3;0;5;0;5;1;6;4;3;0;10;25;0;5;0;4;20;0.5334300884931266;4;24;3;5;0;8;22;1.7958792404530506;6;2;5;3;0;3;7;-1.884791555238767;4;24;13;4;3;2;2;2;2;1;2;10;11;6;9;10;6;3;3;8;6;2;6;4;14;5;2;17;21;6.202527850922802;6;1;3;2;0;21;-8.998512119765355;11;2;13;19;1;1;5;24;5;20;-8.731021694943875;3;5;25
TRACK:1334;526;566;3;0;5;0;5;1;6;4;3;0;10;25;0;5;0;4;20;0.6317182326717258;3;8;3;5;0;8;22;1.9211733964180546;6;2;5;3;0;3;7;-1.9035107509581097;4;24;13;4;3;2;2;2;2;1;2;10;11;6;9;4;3;24;6;3;3;8;6;2;6;4;14;6;10;6;1;3;2;0;21;-8.940042557827399;11;2;13;19;1;1;5;24;5;8;3;5;25
TRACK:1335;526;566;3;0;5;0;5;1;6;4;3;0;10;25;0;5;0;4;20;0.7351769399066475;4;24;3;5;0;8;22;1.9178699543291196;6;2;5;3;0;3;7;-1.835310306323171;4;24;13;4;3;2;2;2;2;1;2;10;11;6;9;4;3;24;6;3;3;8;6;2;6;4;14;6;4;14;6;1;3;2;0;21;-8.826652726924944;11;2;13;9;1;1;5;25;5;8;3;5;25
TRACK:1336;381;489;3;0;5;0;5;1;6;4;3;0;10;25;0;5;0;4;20;0.5334300884931266;4;24;3;5;0;8;22;1.7958792404530506;6;2;5;3;0;3;20;0.5944776144782205;4;24;13;4;3;2;2;2;2;1;2;10;11;6;9;4;3;24;6;3;3;8;6;2;6;4;14;5;2;17;21;6.202527850922802;6;1;3;2;0;21;-8.998512119765355;11;2;13;19;1;1;5;24;5;20;-8.731021694943875;3;5;25
TRACK:1337;381;489;3;0;5;0;5;1;6;4;3;0;10;25;0;5;0;4;20;0.5944776144782205;4;24;3;5;0;8;22;1.6521541418814543;6;2;5;3;0;3;7;-1.9347451502148856;4;25;13;4;3;2;2;2;2;1;2;10;11;6;9;25;6;3;3;8;6;2;6;4;14;5;2;17;21;6.304053572782502;6;1;3;2;0;21;-8.942458218385559;11;2;13;19;1;1;5;24;1;21;-4.903815446000335;25;3;5;25
TRACK:1338;567;509;3;0;5;0;5;1;7;-1.7577624029895191;0;5;0;4;20;0.554959567811991;4;24;3;5;0;8;22;1.5847910097815714;6;2;5;3;0;3;7;-1.955386870631307;4;24;13;4;3;2;2;2;2;1;2;10;11;6;9;25;6;3;3;8;6;2;6;4;14;5;2;17;21;6.262568272526572;6;1;3;2;0;21;-8.749035212796752;24;2;13;20;-4.280543820769656;1;1;5;24;1;21;-4.712273777889777;25;3;5;25
TRACK:1339;567;509;3;0;5;0;5;1;6;2;10;11;0;5;0;4;20;0.6757035951212185;4;19;3;5;0;8;22;1.7737653774675808;6;2;5;3;0;3;7;-1.7577624029895191;4;24;13;4;3;2;2;2;2;1;2;10;17;6;9;25;6;3;3;8;6;2;6;4;14;5;2;17;21;6.378544981383671;6;1;3;2;0;21;-8.89127796906232;11;2;13;19;1;1;5;24;1;21;-4.828989826537952;25;3;5;25
TRACK:1340;489;-1;3;0;5;0;5;1;6;4;3;0;10;25;0;5;0;4;20;0.5516489486432505;4;24;3;5;0;8;22;2.5224780925566836;6;2;5;3;0;3;7;-1.9432485911275084;4;24;13;4;3;2;2;2;2;1;2;10;11;6;9;25;6;3;3;8;6;2;6;4;14;5;2;17;21;6.265724064657362;6;1;3;2;0;21;-9.007452871155678;11;2;13;19;1;1;5;24;1;21;-5.057375698821486;25;3;5;25
TRACK:1341;1332;-1;3;0;5;0;5;1;6;4;3;0;10;23;-3.6040199781012605;0;5;0;4;20;0.7363836416744158;4;24;3;5;0;8;22;1.7301737121814087;6;2;5;3;0;3;7;-2.075765499709902;4;24;13;4;3;2;2;2;8;6;3;3;8;6;2;6;4;14;5;2;17;21;6.198915349075439;6;1;3;2;0;21;-9.074877290364338;19;2;13;19;1;1;5;24;1;21;-4.894983032788354;25;3;0;25;24
TRACK:1342;1334;-1;3;0;5;0;5;1;6;4;3;0;10;25;0;5;0;4;20;0.7669887728675717;3;8;3;5;0;8;22;1.7841294186467034;6;2;5;3;0;3;7;-2.100240610492621;4;24;13;4;0;6;17;2;13;14
TRACK:1343;1336;-1;3;0;5;0;6;2;4;13;6;12;6;2;5;3;0;3;20;0.553542845934024;4;24;13;4;3;2;2;2;2;1;2;10;11;6;9;4;3;24;6;3;3;8;6;2;6;4;14;5;2;17;21;6.196627921182252;6;1;3;2;0;21;-8.968706956083196;11;2;13;19;1;1;5;24;5;20;-8.697425741490454;3;5;25
TRACK:1344;1338;-1;3;0;5;6;3;0;4;2;1;4;17;2;11;20;-8.015694703701378;1;0;7;2.024157579806733;8;2;19;8;6;1;5;4;21;-6.700338663186855;2;0;7;1.7425476206389394;25;0;17;12;4;3;2;2;2;2;1;2;10;11;6;9;25;6;3;3;8;6;2;6;4;14;5;2;17;21;6.268568435903174;6;1;3;2;0;21;-8.848584834164521;24;2;13;20;-4.31191825958128;1;1;5;24;1;21;-4.897764746876253;25;3;5;25
TRACK:1345;566;-1;3;0;5;0;5;1;6;5;4;2;25;18;0;5;0;4;20;0.7167637385301735;4;24;3;5;0;8;22;1.944158545084313;6;2;5;3;0;3;7;-1.7526816209093876;4;24;13;4;3;2;2;2;2;1;2;10;11;6;9;4;3;24;6;3;3;8;6;2;6;4;14;6;10;6;1;3;2;0;21;-8.749340702083659;11;2;13;9;1;1;5;25;5;8;3;5;25
TRACK:1346;1333;-1;3;0;5;0;5;1;6;4;3;0;10;25;0;5;0;4;20;0.4476292996515095;4;24;3;5;0;8;22;1.7704184576854638;6;2;5;3;0;3;7;-1.9344083771218328;4;24;13;4;3;2;2;2;2;1;2;10;11;6;9;10;3;25;6;2;6;4;14;5;2;17;21;6.08623294827031;6;1;3;2;0;21;-9.121815018797175;11;2;13;19;1;1;5;24;5;20;-8.544369877903405;3;5;25
TRACK:1347;1335;-1;3;0;5;0;5;1;6;1;1;8;17;3;25;0;5;0;4;20;0.6496605207988282;4;24;3;5;0;8;22;1.9275667478960992;6;2;5;3;0;3;7;-1.8652895019946747;4;24;13;4;3;2;2;2;2;1;2;10;11;6;9;4;3;24;6;3;3;8;6;2;6;4;14;6;4;14;6;1;3;2;0;21;-9.13005996812609;11;2;13;9;1;1;5;25;5;8;3;5;25
TRACK:1348;1337;-1;3;0;5;0;5;1;6;4;3;0;10;25;0;5;0;4;20;0.7251117213029514;4;24;3;5;0;8;22;1.535911947613192;6;2;5;3;0;3;7;-1.8707553362039964;4;25;13;4;3;2;2;2;2;1;2;10;11;6;9;25;6;3;3;8;6;2;6;4;14;5;2;17;21;6.306891786978013;6;1;3;2;0;21;-8.867985736678593;11;2;13;19;1;1;5;24;1;21;-5.0140761276933175;25;3;5;11
TRACK:1349;1339;-1;3;0;5;0;5;1;6;2;10;11;0;5;0;4;20;0.736148361111835;4;19;3;5;0;8;22;1.7810075929088054;6;2;5;3;0;3;7;-1.5766204361946192;4;24;13;4;3;2;2;2;2;1;2;10;17;6;9;25;6;3;3;8;6;2;6;4;14;5;2;17;21;6.492426699504766;6;1;3;2;0;21;-8.822602086056484;11;2;13;19;1;3;6;11;3;5;25
EVAL_INSTANCE:67:0:1340
EVAL_INSTANCE:67:1:1341
EVAL_INSTANCE:67:2:1342
EVAL_INSTANCE:67:3:1343
EVAL_INSTANCE:67:4:1344
EVAL_INSTANCE:67:5:1345
EVAL_INSTANCE:67:6:1346
EVAL_INSTANCE:67:7:1347
EVAL_INSTANCE:67:8:1348
EVAL_INSTANCE:67:9:1349
RUN_RESULT:67:0:0:10:UUUURULULL
RUN_RESULT:67:1:0:2000:----
RUN_RESULT:67:2:0:1150:UUUULLRLULLL
RUN_RESULT:67:3:0:2000:----
RUN_RESULT:67:4:0:1312:UUUURLDLL
RUN_RESULT:67:5:0:940:UUUURLDLL
RUN_RESULT:67:6:0:2000:----
RUN_RESULT:67:7:0:2000:----
RUN_RESULT:67:8:0:10:UUUURULULL
RUN_RESULT:67:9:0:10:UUUURULULL
    68 |      680 | -3.990000E+03 | -3.990000E+03
TRACK:1350;561;489;3;0;5;0;5;1;6;4;3;0;10;25;0;3;5;25;3;5;0;8;22;1.6387679997652442;6;2;5;3;0;3;7;-1.9983925114321415;4;24;13;4;3;2;2;2;2;1;2;10;11;6;9;25;6;3;3;8;6;2;6;4;14;5;2;17;21;6.171067081651891;6;1;3;2;0;21;-8.979766359132212;19;2;13;19;1;1;5;24;1;21;-4.778116458091936;25;3;0;25;24
TRACK:1351;561;489;3;0;5;0;5;1;6;4;3;0;10;25;0;5;0;4;20;0.5944776144782205;4;24;3;5;0;8;22;1.6521541418814543;6;4;3;0;10;25;4;3;2;2;2;2;1;2;10;11;6;9;25;6;3;3;8;6;2;6;4;14;5;2;17;21;6.304053572782502;6;1;3;2;0;21;-8.942458218385559;11;2;13;19;1;1;5;24;1;21;-4.903815446000335;25;3;5;25
TRACK:1352;563;542;3;0;5;0;5;1;6;4;3;0;10;25;0;5;0;4;20;0.645115706562894;4;24;3;5;0;8;22;1.8004489927088398;6;1;19;24;4;3;2;2;2;2;1;2;10;17;6;24;25;6;3;3;8;6;2;6;4;14;5;2;17;21;6.291213416371669;6;1;3;2;0;21;-8.615295463753146;17;2;13;19;1;1;5;24;1;21;-4.768306165220745;25;3;5;25
TRACK:1353;563;542;3;0;5;0;5;1;6;4;3;0;10;25;0;5;0;4;20;0.6812157983887053;4;19;3;5;0;8;22;1.7381989359384042;6;2;5;3;0;3;7;-1.7118801581016863;4;24;13;4;3;2;2;24;6;2;6;4;14;5;2;17;21;6.399232195658325;6;1;3;4;13;1;1;5;9;1;21;-4.703083459155892;25;3;5;25
TRACK:1354;526;526;3;0;5;0;5;1;6;4;3;0;10;25;0;5;0;4;20;0.6317182326717258;4;24;3;5;0;8;22;1.9211733964180546;6;2;5;3;0;3;7;-1.9035107509581097;4;24;13;4;3;2;2;2;2;1;2;10;11;6;9;4;3;24;6;3;3;8;6;2;6;4;14;6;10;6;1;3;2;0;21;-8.940042557827399;8;2;13;19;1;1;5;24;5;8;3;5;25
TRACK:1355;526;526;3;0;5;0;5;1;6;4;3;0;10;25;0;5;0;4;20;0.6317182326717258;4;24;3;5;0;8;8;6;2;5;3;0;3;7;-1.9035107509581097;4;24;13;4;3;2;2;2;2;1;2;10;11;6;9;4;3;24;6;3;3;8;6;2;6;4;14;6;10;6;1;3;2;0;21;-8.940042557827399;11;2;13;19;1;1;5;24;5;8;3;5;25
TRACK:1356;509;563;3;0;5;0;5;1;6;4;3;0;10;25;0;5;0;4;20;0.6757035951212185;4;19;3;5;0;8;22;1.7737653774675808;6;2;5;3;0;3;7;-1.7577624029895191;4;24;13;4;3;2;2;2;2;1;2;10;17;6;9;25;6;3;3;8;6;2;6;4;14;5;2;17;21;6.378544981383671;6;1;3;5;24;1;1;5;24;1;21;-4.828989826537952;25;3;5;25
TRACK:1357;509;563;3;0;5;0;5;1;6;4;3;0;10;25;0;5;0;4;20;0.645115706562894;4;24;3;5;0;8;22;1.8004489927088398;6;1;19;24;4;3;2;2;2;2;1;2;10;17;6;9;25;6;3;3;8;6;2;6;4;14;5;2;17;21;6.291213416371669;6;1;3;4;24;1;1;5;24;1;21;-4.768306165220745;25;3;5;25
TRACK:1358;542;489;3;0;5;0;5;1;6;4;3;0;21;6.304053572782502;25;0;5;0;4;20;0.6812157983887053;4;19;3;5;0;8;22;1.7381989359384042;6;2;5;3;0;3;7;-1.7118801581016863;4;24;13;4;3;2;2;2;2;1;2;10;17;6;9;25;6;3;3;8;6;2;6;4;14;5;2;17;21;6.399232195658325;6;1;3;4;13;1;1;5;9;1;21;-4.703083459155892;25;3;5;25
TRACK:1359;542;489;3;0;5;0;5;1;6;4;3;0;10;25;0;5;0;4;20;0.5944776144782205;4;24;3;5;0;8;22;1.6521541418814543;6;2;5;3;0;3;7;-1.9347451502148856;4;24;13;4;3;2;2;2;2;1;2;10;11;6;9;25;21;6.399232195658325;6;2;6;4;14;5;2;17;21;6.304053572782502;6;1;3;2;0;21;-8.942458218385559;11;2;13;19;1;1;5;24;1;21;-4.903815446000335;25;3;5;25
TRACK:1360;1350;-1;3;0;5;0;5;1;6;4;3;0;10;25;0;3;5;25;3;5;0;8;22;1.6328185025867166;6;2;5;3;0;3;7;-1.8867959897294333;4;24;13;4;3;2;2;2;2;1;2;10;11;6;9;25;6;3;3;8;6;2;6;4;14;5;2;17;21;6.016570638033173;5;2;5;3;4;15;0;4;2;17;17;2;2;22;-6.278884425695226;25;2;24;22;6.857349904631146
TRACK:1361;1352;-1;3;0;5;0;5;1;6;4;3;0;10;25;0;5;0;4;20;0.6597397308768633;4;24;3;5;0;8;22;1.752785617561131;6;1;19;24;4;3;2;2;2;2;1;2;10;17;6;24;25;6;3;3;8;6;2;6;4;14;5;2;17;21;6.345073155165727;6;1;3;2;0;21;-8.589377733804223;17;2;13;19;1;1;5;24;1;21;-4.686126318979976;25;5;22;-5.353599219524661
TRACK:1362;1354;-1;3;0;5;0;5;1;6;4;3;0;10;25;0;5;0;4;20;0.6624491360675331;4;24;3;5;0;8;22;1.8156750488809756;6;2;5;3;0;3;7;-1.8420195963839945;4;24;13;4;3;2;2;2;2;1;2;10;11;6;9;4;3;24;6;3;3;8;6;2;6;4;14;6;10;6;1;3;2;0;21;-8.941622525862538;8;6;19;1;1;5;24;5;8;3;5;25
TRACK:1363;1356;-1;3;0;5;0;5;1;6;4;3;0;10;25;0;5;0;4;20;0.6110336966474516;4;19;3;5;0;8;22;1.865845107586213;6;2;5;3;0;3;7;-1.6561573561134988;4;24;13;4;3;2;22;-7.9378516340987755;13
TRACK:1364;1358;-1;3;0;5;0;2;0;1;15;9;1;16;16;1;5;10;3;21;1.4581853705999634;6;2;5;3;0;3;7;-1.7322194578603047;4;24;13;4;3;2;2;2;2;1;2;10;17;6;9;25;6;3;3;8;6;2;6;4;14;5;2;17;21;6.29257848857534;6;1;3;4;13;1;1;5;9;1;21;-4.792882508482829;25;3;5;25
TRACK:1365;1351;-1;3;0;5;6;6;21;0.2912325077269333;4;3;2;2;2;2;1;2;10;11;6;9;25;6;3;3;8;6;2;6;4;14;5;2;17;21;6.117028599833975;6;1;3;2;0;21;-8.808724386119504;11;2;13;19;1;1;5;24;1;21;-4.991231974379475;25;3;5;25
TRACK:1366;1353;-1;3;0;5;0;5;1;6;4;10;0;5;0;4;20;0.5389467690404208;4;19;3;5;0;8;22;1.707350164758508;6;2;5;3;0;3;7;-1.6735311872972591;4;24;13;4;3;2;2;24;6;2;6;4;14;5;2;17;21;6.457458431392982;6;1;3;4;13;1;1;5;9;1;21;-4.649399533857982;25;3;5;25
TRACK:1367;1355;-1;3;0;5;0;5;1;6;4;3;0;10;25;0;5;0;4;20;0.6201871032113354;4;24;3;5;0;8;8;6;2;5;3;0;3;7;-1.9577835729594106;4;24;13;4;3;2;2;2;2;1;2;10;14;6;9;4;3;24;6;3;3;8;6;2;6;4;14;6;10;6;1;3;2;0;21;-8.994849719131844;11;2;13;19;1;1;5;24;5;8;3;5;25
TRACK:1368;1357;-1;3;0;5;0;5;1;6;4;3;0;7;7.954945993633807;15;0;5;0;4;20;0.6590866039703234;4;24;3;5;0;8;22;1.7750927305375763;6;1;19;24;4;3;2;2;2;2;1;2;10;17;6;9;25;6;3;3;8;6;2;6;4;14;5;2;17;21;6.198470296098407;6;1;3;4;24;1;1;5;24;1;21;-4.850605430492584;25;3;5;25
TRACK:1369;1359;-1;3;0;5;0;5;1;6;4;3;0;10;25;0;5;0;4;20;0.5662942092484705;4;24;3;5;0;8;22;1.7283510610989166;6;2;5;3;0;3;7;-1.8992954722675282;4;24;13;4;3;2;2;2;2;1;2;10;11;6;9;25;21;6.329368178444365;6;2;6;4;14;5;2;17;21;6.128400209925896;6;1;3;2;0;21;-9.01806097762391;25;2;13;19;1;1;5;24;1;21;-4.893388750264049;25;3;5;25
EVAL_INSTANCE:68:0:1360
EVAL_INSTANCE:68:1:1361
EVAL_INSTANCE:68:2:1362
EVAL_INSTANCE:68:3:1363
EVAL_INSTANCE:68:4:1364
EVAL_INSTANCE:68:5:1365
EVAL_INSTANCE:68:6:1366
EVAL_INSTANCE:68:7:1367
EVAL_INSTANCE:68:8:1368
EVAL_INSTANCE:68:9:1369
RUN_RESULT:68:0:0:2000:----
RUN_RESULT:68:1:0:2000:----
RUN_RESULT:68:2:0:10:UUUURULULL
RUN_RESULT:68:3:0:293:UUUULLRLULLL
RUN_RESULT:68:4:0:940:UUUURLDLL
RUN_RESULT:68:5:0:2000:----
RUN_RESULT:68:6:0:1150:UUUULLRLULLL
RUN_RESULT:68:7:0:19:UUUURULULL
RUN_RESULT:68:8:0:10:UUUURULULL
RUN_RESULT:68:9:0:10:UUUURULULL
    69 |      690 | -3.990000E+03 | -3.990000E+03
TRACK:1370;561;526;3;0;5;0;5;1;6;4;3;0;10;25;0;5;0;4;14;4;24;3;5;0;8;22;1.6387679997652442;6;2;5;3;0;3;7;-1.9983925114321415;4;24;13;4;3;2;2;2;2;1;2;10;11;6;9;25;6;3;3;8;6;2;6;4;14;5;2;17;21;6.171067081651891;6;1;3;2;0;21;-8.979766359132212;19;2;13;19;1;1;5;24;1;21;-4.778116458091936;25;3;0;25;24
TRACK:1371;561;526;3;0;5;0;5;1;6;4;3;0;10;25;0;5;0;4;20;0.6317182326717258;4;24;3;5;0;8;22;1.9211733964180546;6;2;5;3;0;3;7;-1.9035107509581097;4;24;13;4;3;2;2;2;2;1;2;10;11;6;9;4;3;24;6;19;6;2;6;4;14;6;10;6;1;3;2;0;21;-8.940042557827399;11;2;13;19;1;1;5;24;5;8;3;5;25
TRACK:1372;542;381;3;0;5;0;5;1;6;4;3;0;10;25;0;5;0;4;20;0.6812157983887053;4;19;3;5;0;8;22;1.7381989359384042;6;2;5;3;0;3;7;-1.7118801581016863;4;24;13;4;2;2;1;2;10;11;6;9;4;3;24;6;3;3;8
TRACK:1373;542;381;3;0;5;0;5;1;6;4;3;0;10;25;0;5;0;4;20;0.5334300884931266;4;24;3;5;0;8;22;1.7958792404530506;6;2;5;3;0;3;7;-1.884791555238767;4;24;13;4;3;2;2;2;2;1;2;10;11;6;9;4;3;24;6;3;3;8;6;2;6;4;14;5;2;17;21;6.202527850922802;6;1;3;2;0;21;-8.998512119765355;11;2;13;19;1;1;5;24;5;20;-8.731021694943875;14
TRACK:1374;563;509;3;0;5;0;5;1;6;4;3;0;10;25;0;5;0;4;20;0.645115706562894;4;24;3;5;0;8;22;1.8004489927088398;6;1;19;24;4;3;2;2;2;2;1;2;10;17;6;9;25;6;3;3;8;6;2;6;4;14;5;2;17;21;6.291213416371669;6;1;3;2;0;21;-8.615295463753146;17;2;13;19;1;1;5;24;1;25;25;3;5;25
TRACK:1375;563;509;3;0;5;0;5;1;6;4;3;0;10;25;0;5;0;4;20;0.6757035951212185;4;19;3;5;0;8;22;1.7737653774675808;6;2;5;3;0;3;7;-1.7577624029895191;4;24;13;4;3;2;2;2;2;1;2;10;17;6;9;25;6;3;3;8;6;2;17;5;2;17;21;6.378544981383671;6;1;3;2;0;21;-8.89127796906232;11;2;13;19;1;1;5;24;1;21;-4.828989826537952;25;3;5;25
TRACK:1376;489;526;3;0;5;0;5;1;6;4;3;0;10;25;0;5;0;4;20;0.5944776144782205;4;24;3;5;0;8;22;1.6521541418814543;6;2;5;3;0;3;7;-1.9347451502148856;4;24;13;4;3;2;2;2;2;1;2;10;11;6;9;25;6;6;4;14;6;2;6;4;14;5;2;17;21;6.304053572782502;6;1;3;2;0;21;-8.942458218385559;11;2;13;19;1;1;5;24;1;21;-4.903815446000335;25;3;5;25
TRACK:1377;489;526;3;0;5;0;5;1;6;4;3;0;10;25;0;5;0;4;20;0.6317182326717258;4;24;3;5;0;8;22;1.9211733964180546;6;2;5;3;0;3;7;-1.9035107509581097;4;25;13;4;3;2;2;2;2;1;2;10;11;6;9;4;3;24;6;3;3;8;6;2;6;4;14;6;10;6;1;3;2;0;21;-8.940042557827399;11;2;13;19;1;1;5;24;5;8;3;5;25
TRACK:1378;561;547;3;0;5;0;5;1;6;4;3;0;10;25;0;5;0;4;20;0.6297388137510807;4;24;3;5;0;8;22;1.6387679997652442;6;2;5;3;0;22;1.781538475512475;4;24;13;4;3;2;2;2;2;1;2;10;11;6;9;25;6;3;3;8;6;2;6;4;14;5;2;17;21;6.171067081651891;6;1;3;2;0;21;-8.979766359132212;19;2;13;19;1;1;5;24;1;21;-4.778116458091936;25;3;0;25;24
TRACK:1379;561;547;3;0;5;0;5;1;6;4;3;0;10;25;0;5;0;4;20;0.6163724510451069;4;24;3;5;0;8;22;1.781538475512475;6;1;19;24;7;-1.9983925114321415
TRACK:1380;1370;-1;3;0;5;0;5;1;6;4;6;7;4.085179649878379;0;5;0;4;14;4;24;3;5;0;8;22;1.6429554989245252;6;2;5;3;0;3;7;-1.7724958781907005;4;24;13;4;3;2;2;2;2;1;2;10;11;6;9;25;6;3;3;8;6;2;6;4;14;5;2;17;21;6.27864127420478;6;1;3;2;0;21;-8.928800147723665;19;2;13;19;1;1;5;24;1;21;-4.825053468551779;25;3;0;25;24
TRACK:1381;1372;-1;3;0;5;0;5;1;6;4;3;0;10;25;0;5;0;4;20;0.7391847036553626;4;19;3;5;0;8;22;1.7413278892767354;6;2;4;4;5;4;23;-2.7486885653705206;13;4;2;2;1;2;10;11;6;9;4;3;24;6;3;3;8
TRACK:1382;1374;-1;3;0;5;0;5;1;6;4;3;0;10;25;0;5;0;4;20;0.5970355433450223;4;24;3;5;0;8;22;1.9127744869951597;6;1;19;24;4;3;2;2;2;2;1;2;10;17;6;9;25;3;2;4;13;5;25;6;2;6;4;14;5;2;17;21;6.372920226295282;6;1;3;2;0;21;-8.568345638390209;17;2;13;19;1;1;5;24;1;25;25;3;5;25
TRACK:1383;1376;-1;3;0;5;0;5;1;6;4;3;0;10;25;0;5;0;4;20;0.6004088293959369;4;24;3;5;0;8;22;1.6054984533030459;6;2;5;3;0;3;7;-2.0148892027104264;4;24;13;4;3;2;2;2;2;1;2;10;11;6;9;25;6;6;4;14;6;2;6;4;14;5;2;17;21;6.289754732991465;1;2;3;13;4;18;4;0;11;24
TRACK:1384;1378;-1;3;4;1;3;15;0;21;1.7419739850656928;8
TRACK:1385;1371;-1;3;0;5;0;5;1;6;4;3;0;14;25;0;5;0;4;20;0.6614773535094756;4;24;3;5;0;8;22;2.1377645042609874;6;2;5;3;0;3;7;-1.9769984568813361;4;24;13;4;3;2;2;2;2;1;2;10;11;6;9;4;3;24;6;19;6;2;6;4;14;6;10;6;1;3;2;0;21;-9.001979738700719;11;2;13;19;1;1;5;24;5;8;3;5;25
TRACK:1386;1373;-1;3;0;5;0;5;1;6;4;3;0;10;25;0;5;0;4;20;0.5128651955640523;4;19;3;5;0;8;22;1.8464393915816766;6;2;5;3;0;3;7;-2.034210047162652;4;24;13;4;3;2;2;2;2;1;2;10;11;6;9;4;3;24;6;3;3;8;6;2;6;4;14;5;2;17;21;6.187304292218891;6;1;3;2;0;21;-9.057350895831576;11;2;13;19;1;1;5;24;5;20;-8.929411720458496;14
TRACK:1387;1375;-1;3;0;5;0;5;1;6;4;3;0;10;25;0;5;0;4;20;0.611879592577952;4;19;3;5;0;8;22;1.686483996612697;6;2;5;3;0;3;7;-1.8244150205728051;4;24;13;4;3;2;2;2;2;1;2;10;17;6;9;4;3;18;6;3;3;8;6;2;17;5;2;17;21;6.4332886971926335;6;1;3;2;0;21;-8.996728373825974;11;2;13;19;1;1;5;24;1;21;-4.8462440050055315;25;3;5;25
TRACK:1388;1377;-1;3;0;5;0;5;1;6;4;3;0;10;25;0;5;0;4;20;0.8353289428331486;4;24;3;5;0;8;22;1.9358704768051898;6;2;5;3;0;3;7;-1.8880088818233909;4;25;13;4;3;2;2;2;2;1;2;10;11;6;13;4;3;24;6;3;3;8;6;2;6;4;14;6;10;6;1;3;2;0;21;-8.896168670440312;11;2;13;19;1;1;5;24;5;8;3;5;25
TRACK:1389;1379;-1;3;0;5;1;6;24;3;25;7;-1.9038586950544785
EVAL_INSTANCE:69:0:1380
EVAL_INSTANCE:69:1:1381
EVAL_INSTANCE:69:2:1382
EVAL_INSTANCE:69:3:1383
EVAL_INSTANCE:69:4:1384
EVAL_INSTANCE:69:5:1385
EVAL_INSTANCE:69:6:1386
EVAL_INSTANCE:69:7:1387
EVAL_INSTANCE:69:8:1388
EVAL_INSTANCE:69:9:1389
RUN_RESULT:69:0:0:940:UUUURLDLL
RUN_RESULT:69:1:0:2000:----
RUN_RESULT:69:2:0:10:UUUURULULL
RUN_RESULT:69:3:0:10:UUUURULULL
RUN_RESULT:69:4:0:2000:----
RUN_RESULT:69:5:0:940:UUUURLDLL
RUN_RESULT:69:6:0:10:UUUURULULL
RUN_RESULT:69:7:0:10:UUUURULULL
RUN_RESULT:69:8:0:1150:UUUULLRLULLL
RUN_RESULT:69:9:0:2000:----
    70 |      700 | -3.990000E+03 | -3.990000E+03
TRACK:1390;561;489;3;0;5;0;5;1;6;4;3;0;10;25;0;5;0;4;20;0.6297388137510807;4;24;3;5;0;8;22;1.6387679997652442;6;2;5;3;0;3;7;-1.9983925114321415;4;24;13;4;3;2;2;2;2;1;2;10;11;6;9;25;6;3;3;8;6;2;6;4;14;5;2;25;21;6.171067081651891;6;1;3;2;0;21;-8.979766359132212;19;2;13;19;1;1;5;24;1;21;-4.778116458091936;25;3;0;25;24
TRACK:1391;561;489;3;0;5;0;5;1;6;4;3;0;10;25;0;5;0;4;20;0.5944776144782205;4;24;3;5;0;8;22;1.6521541418814543;6;2;5;3;0;3;7;-1.9347451502148856;4;24;13;4;3;2;2;2;2;1;2;10;11;6;9;25;6;3;3;8;6;2;6;4;14;5;2;22;1.6387679997652442;21;6.304053572782502;6;1;3;2;0;21;-8.942458218385559;11;2;13;19;1;1;5;24;1;21;-4.903815446000335;25;3;5;25
TRACK:1392;567;526;3;0;5;0;5;1;6;4;3;0;10;25;0;5;0;4;20;0.554959567811991;4;24;3;5;0;8;22;1.5847910097815714;6;2;3;5;0;8;22;1.9211733964180546;13;4;3;2;2;2;2;1;2;10;11;6;9;25;6;3;3;8;6;2;6;4;14;5;2;17;21;6.262568272526572;6;1;3;2;0;21;-8.749035212796752;24;2;13;20;-4.280543820769656;1;1;5;24;1;21;-4.712273777889777;25;3;5;25
TRACK:1393;567;526;3;0;5;0;5;1;6;4;3;0;10;25;0;5;0;4;20;0.6317182326717258;4;24;3;5;0;8;22;1.9211733964180546;6;2;5;3;0;3;7;-1.9035107509581097;4;24;13;4;3;2;2;2;2;1;2;10;11;6;9;4;3;24;6;3;3;8;6;2;6;4;14;6;10;6;1;3;2;0;21;-8.940042557827399;11;4;24;1;1;5;24;5;8;3;5;25
TRACK:1394;547;526;3;0;5;0;5;1;6;4;3;0;10;25;0;5;0;4;20;0.6163724510451069;4;24;3;5;0;8;22;1.781538475512475;6;1;19;24;4;3;2;2;2;2;1;2;10;17;24;25;6;3;3;8;6;2;6;4;14;5;2;17;21;6.413665836382024;6;1;3;2;0;21;-8.798170546052466;11;2;13;19;1;1;5;24;1;21;-4.909247867364276;25;3;5;25
TRACK:1395;547;526;3;0;5;0;5;1;6;4;3;0;10;25;0;5;0;4;20;0.6317182326717258;4;24;3;5;0;8;22;1.9211733964180546;6;2;5;3;0;3;7;-1.9035107509581097;4;24;13;4;3;2;2;2;2;1;2;10;11;6;9;4;1;21;-4.909247867364276;25;6;3;3;8;6;2;6;4;14;6;10;6;1;3;2;0;21;-8.940042557827399;11;2;13;19;1;1;5;24;5;8;3;5;25
TRACK:1396;566;567;3;0;5;0;5;1;6;4;3;0;10;25;0;5;0;4;20;0.7351769399066475;4;24;3;5;0;8;22;1.9178699543291196;6;2;5;3;0;3;7;-1.835310306323171;4;24;13;4;3;2;2;2;2;1;2;10;11;6;9;4;3;24;6;3;3;10;6;2;6;4;14;6;10;6;1;3;2;0;21;-8.826652726924944;11;2;13;9;1;1;5;25;5;8;3;5;25
TRACK:1397;566;567;3;0;5;0;5;1;6;4;3;0;10;25;0;5;0;4;20;0.554959567811991;4;24;3;5;0;8;22;1.5847910097815714;6;2;5;3;0;3;7;-1.955386870631307;24;13;4;3;2;2;2;2;1;2;10;11;6;9;25;6;3;3;8;6;2;6;4;14;5;2;17;21;6.262568272526572;6;1;3;2;0;21;-8.749035212796752;24;2;13;20;-4.280543820769656;1;1;5;24;1;21;-4.712273777889777;25;3;5;25
TRACK:1398;489;563;3;0;5;0;5;1;6;4;3;0;10;25;0;5;0;4;20;0.5944776144782205;4;24;3;5;0;8;22;1.6521541418814543;1;21;-4.768306165220745;25;4;3;2;2;2;2;1;2;10;11;6;9;25;6;3;3;8;6;2;6;4;14;5;2;17;21;6.304053572782502;6;1;3;2;0;21;-8.942458218385559;11;2;13;19;1;1;5;24;1;21;-4.903815446000335;25;3;5;25
TRACK:1399;489;563;3;0;5;0;5;1;6;4;3;0;10;25;0;5;0;4;20;0.645115706562894;4;24;3;5;0;8;22;1.8004489927088398;6;1;19;24;4;3;2;2;2;2;1;2;10;17;6;9;25;6;3;3;8;6;2;6;4;14;5;2;17;21;6.291213416371669;6;1;3;2;0;21;-8.615295463753146;17;2;17;19;1;1;5;24;1;21;-4.768306165220745;25;3;5;25
TRACK:1400;1390;-1;3;0;5;0;5;1;6;4;3;0;10;25;0;5;0;4;20;0.7013263432599691;4;24;3;5;0;8;22;1.7086868733572564;6;2;5;3;2;11;19;13;4;3;2;2;2;2;1;2;10;11;6;9;25;6;3;3;8;6;2;6;4;14;5;2;25;21;6.243266724736119;6;1;3;2;0;21;-8.940509277385392;19;2;13;19;1;1;5;24;1;21;-4.842975226831218;25;3;0;25;24
TRACK:1401;1392;-1;3;0;5;0;5;1;6;4;3;0;10;25;0;5;0;4;20;0.5483561406368759;4;24;3;5;0;8;22;1.6222396293855519;6;2;3;5;0;8;22;1.9120473973344934;13;4;3;2;2;2;2;1;2;10;11;6;9;25;5;1;0;18;12;1;21;9.900874627659793;10;6;2;6;4;14;5;2;17;21;6.314472652837113;6;1;3;2;0;21;-8.752131290713784;24;2;13;20;-4.248646326341614;1;1;5;24;1;21;-4.799223351432556;25;3;5;25
TRACK:1402;1394;-1;2;0;11;12;4;13
TRACK:1403;1396;-1;3;0;5;0;5;1;6;4;3;0;10;25;0;5;0;4;20;0.9336357153085715;4;24;3;5;0;8;22;2.092168074242014;6;2;5;3;0;3;7;-1.9693593254344015;4;24;13;4;3;2;2;2;2;1;2;10;11;6;9;4;3;24;6;3;3;14;6;2;6;4;14;6;10;6;1;3;2;0;21;-8.999198229512833;11;2;13;9;1;1;5;25;5;8;3;5;25
TRACK:1404;1398;-1;3;0;5;0;5;1;6;4;3;0;10;25;0;5;0;4;20;0.5224065854309492;4;24;3;5;0;8;22;1.5256943611035245;1;21;-4.724794587122805;25;4;3;2;2;2;2;1;2;10;11;6;9;25;6;3;3;8;6;2;6;4;14;5;2;17;21;-4.4904710838823085;6;1;3;2;0;21;-8.991994136031797;11;2;13;19;1;1;5;24;1;21;-4.759664324597318;25;3;5;25
TRACK:1405;1391;-1;3;0;5;0;5;1;6;4;3;0;10;25;0;5;0;4;20;0.44817495870799384;4;24;3;5;0;8;22;1.6091856183197641;6;2;5;3;0;3;7;-2.0733896067722313;4;24;13;4;3;2;2;2;2;1;2;10;11;6;9;25;6;3;3;8;6;2;6;4;14;5;2;22;1.723064939179322;21;6.248044189258354;6;3;4;3;17
TRACK:1406;1393;-1;3;0;5;0;5;1;6;4;3;0;10;25;0;5;0;4;20;0.5027586929983203;4;24;3;5;0;8;22;1.9389558632866568;6;2;5;3;0;3;7;-2.061993883648471;4;24;13;4;3;2;2;2;2;1;2;10;11;3;11;4;3;24;6;3;3;8;6;2;6;4;14;6;10;6;1;3;2;0;21;-9.116072406443662;11;4;24;1;1;5;24;5;8;3;5;25
TRACK:1407;1395;-1;3;0;5;0;5;1;6;4;3;0;10;25;0;5;0;4;20;0.5188286778116408;4;24;3;5;0;8;22;2.0054539475764233;6;2;5;3;0;3;7;-1.7864192107712777;4;24;13;4;3;2;2;2;2;1;2;10;11;6;9;5;10;6;3;3;8;6;2;6;4;14;6;10;6;1;3;2;0;21;-8.941857020202313;11;2;13;19;1;1;5;24;5;8;3;5;25
TRACK:1408;1397;-1;3;0;5;0;5;1;6;4;3;0;10;25;0;5;0;4;20;0.5745548380913161;4;24;3;5;0;8;22;1.4945474906819252;6;2;5;3;0;3;7;-2.050150379773544;24;13;4;3;2;2;2;2;1;2;10;11;6;9;25;6;3;3;8;6;2;6;1;9;11;5;2;17;21;6.244637145873597;6;1;3;2;0;21;-8.629814466196164;24;2;13;20;-4.374696894150069;1;1;5;24;1;21;-4.7280292687247165;25;3;5;25
TRACK:1409;1399;-1;3;0;5;0;5;1;6;4;5;24;0;5;0;4;20;0.7938332597106146;4;24;3;5;0;8;22;1.7494961875649584;6;1;19;24;4;3;2;2;2;2;1;2;10;17;6;9;25;6;3;3;8;6;2;6;4;14;5;2;17;21;6.348673330652166;6;1;3;2;0;21;-8.642231280241667;17;2;17;19;1;1;5;24;1;21;-4.689319853458514;25;3;5;25
EVAL_INSTANCE:70:0:1400
EVAL_INSTANCE:70:1:1401
EVAL_INSTANCE:70:2:1402
EVAL_INSTANCE:70:3:1403
EVAL_INSTANCE:70:4:1404
EVAL_INSTANCE:70:5:1405
EVAL_INSTANCE:70:6:1406
EVAL_INSTANCE:70:7:1407
EVAL_INSTANCE:70:8:1408
EVAL_INSTANCE:70:9:1409
RUN_RESULT:70:0:0:10:UUUURULULL
RUN_RESULT:70:1:0:2000:----
RUN_RESULT:70:2:0:2000:----
RUN_RESULT:70:3:0:10:UUUURULULL
RUN_RESULT:70:4:0:2000:----
RUN_RESULT:70:5:0:2000:----
RUN_RESULT:70:6:0:1150:UUUULLRLULLL
RUN_RESULT:70:7:0:2000:----
RUN_RESULT:70:8:0:10:UUUURULULL
RUN_RESULT:70:9:0:1312:UUUURLDLL
    71 |      710 | -3.990000E+03 | -3.990000E+03
TRACK:1410;567;381;3;0;5;0;5;1;6;4;3;0;10;25;0;5;0;4;20;0.554959567811991;4;24;3;5;0;8;22;1.5847910097815714;6;2;5;3;0;3;7;-1.955386870631307;4;24;13;4;3;2;2;2;2;1;2;10;11;6;9;25;6;3;3;8;6;2;6;4;14;5;2;17;21;6.262568272526572;6;1;3;20;-8.731021694943875;1;1;5;24;1;21;-4.712273777889777;25;3;5;25
TRACK:1411;567;381;3;0;5;0;5;1;6;4;3;0;10;25;0;5;0;4;20;0.5334300884931266;4;24;3;5;0;8;22;1.7958792404530506;6;2;5;3;0;3;7;-1.884791555238767;4;24;13;4;3;2;2;2;2;1;24;6;9;4;3;24;6;3;3;8;6;2;6;4;14;5;2;17;21;6.202527850922802;6;1;3;2;0;21;-8.998512119765355;11;2;13;19;1;1;5;24;5;20;-8.731021694943875;3;5;25
TRACK:1412;566;563;3;0;5;0;5;1;6;4;3;0;10;25;0;5;0;4;20;0.7351769399066475;4;24;3;5;0;8;22;1.9178699543291196;6;2;5;3;0;3;7;-1.835310306323171;4;24;13;4;3;2;2;2;2;1;2;10;11;6;9;4;3;24;6;3;3;8;6;2;6;4;14;6;10;6;1;3;0;21;-8.615295463753146;17;1;1;5;25;5;8;3;5;25
TRACK:1413;566;563;3;8
TRACK:1414;547;567;3;0;5;0;5;1;6;4;3;0;10;25;0;5;0;4;20;0.6163724510451069;4;24;3;5;0;8;22;1.781538475512475;6;1;19;24;4;3;2;2;2;2;1;2;10;17;6;9;25;6;3;3;8;6;2;6;4;20;0.554959567811991;5;2;17;21;6.413665836382024;6;1;3;2;0;21;-8.798170546052466;11;2;13;19;1;1;5;24;1;21;-4.909247867364276;25;3;5;25
TRACK:1415;547;567;3;0;5;0;5;1;6;4;3;0;10;25;0;5;0;4;20;0.554959567811991;4;24;3;5;0;8;22;1.5847910097815714;6;2;5;5;0;8;22;1.781538475512475;13;4;3;2;2;2;2;1;2;10;11;6;9;25;6;3;3;8;6;2;6;4;14;5;2;17;21;6.262568272526572;6;1;3;2;0;21;-8.749035212796752;24;2;13;20;-4.280543820769656;1;1;5;24;1;21;-4.712273777889777;25;3;5;25
TRACK:1416;509;381;3;0;5;0;5;1;6;4;3;0;10;11;0;5;0;4;20;0.6757035951212185;4;19;3;5;0;8;22;1.7737653774675808;6;2;5;3;0;3;7;-1.7577624029895191;4;24;13;4;3;2;2;2;2;1;2;10;17;6;9;25;6;3;3;8;6;2;6;4;14;5;2;17;21;6.378544981383671;6;1;3;2;0;21;-8.89127796906232;11;2;13;19;1;1;5;24;1;21;-4.828989826537952;25;3;5;25
TRACK:1417;509;381;3;0;5;0;5;1;6;4;3;0;10;25;0;5;0;4;20;0.5334300884931266;4;24;3;5;0;8;22;1.7958792404530506;6;2;5;3;0;3;7;-1.884791555238767;4;24;13;4;3;2;2;2;2;1;2;17;11;6;9;4;3;24;6;3;3;8;6;2;6;4;14;5;2;17;21;6.202527850922802;6;1;3;2;0;21;-8.998512119765355;11;2;13;19;1;1;5;24;5;20;-8.731021694943875;3;5;25
TRACK:1418;547;542;3;0;5;0;5;1;6;4;3;0;10;25;0;5;0;4;20;0.6163724510451069;4;24;3;5;0;8;22;1.781538475512475;6;1;1;1;5;9;1;21;-4.703083459155892;25;3;5;25;24;4;3;2;2;2;2;1;2;10;17;6;9;25;6;3;3;8;6;2;6;4;14;5;2;17;21;6.413665836382024;6;1;3;2;0;21;-8.798170546052466;11;2;13;19;1;1;5;24;1;21;-4.909247867364276;25;3;5;25
TRACK:1419;547;542;3;0;5;0;5;1;6;4;3;0;10;25;0;5;0;4;20;0.6812157983887053;4;19;3;5;0;8;22;1.7381989359384042;6;2;5;3;0;3;7;-1.7118801581016863;4;24;13;4;3;2;2;2;2;1;2;10;17;6;9;25;6;3;3;8;6;2;6;4;13;5;2;17;21;6.399232195658325;6;1;3;4;13;1;1;5;9;1;21;-4.703083459155892;25;3;5;25
TRACK:1420;1410;-1;3;0;5;0;5;1;6;4;3;0;10;25;0;5;0;4;20;0.6623987672231086;4;24;3;5;0;8;13;6;2;5;3;0;3;7;-2.062461725735798;4;24;13;4;3;2;2;2;2;1;2;10;11;6;9;25;6;3;3;8;6;2;6;4;14;5;2;17;21;6.155080395292904;6;1;3;20;-8.746856872595222;1;1;5;24;1;21;-4.887791771921208;25;3;5;25
TRACK:1421;1412;-1;3;0;5;0;5;1;6;4;3;0;10;25;0;5;0;4;20;0.8124162813205837;4;24;3;5;0;8;22;1.9589055869485588;6;2;5;3;0;3;7;-1.7939770069252008;4;24;13;4;3;2;2;2;2;1;2;10;11;6;9;4;2;13;15;6;3;3;8;6;2;6;4;14;6;10;6;1;3;0;21;-8.708369832237741;17;1;1;5;25;5;8;3;5;25
TRACK:1422;1414;-1;3;0;5;0;5;1;6;4;3;0;10;25;0;5;0;4;20;0.5516989959427236;4;24;1;5;6;18;3;3;22;8.787772131056244;6;1;19;24;4;3;2;2;2;2;1;2;10;17;6;9;25;6;3;3;8;6;2;6;4;20;0.6934743716319673;5;2;17;21;6.512008819222513;6;1;3;2;0;21;-8.823687921076818;11;2;13;19;1;1;5;24;1;21;-4.9023481567132965;25;3;5;25
TRACK:1423;1416;-1;3;0;5;0;5;1;6;4;3;0;10;11;0;5;0;4;20;0.6695144716919873;4;19;3;5;0;8;22;1.743770095134285;6;2;5;3;0;3;7;-1.621566654992996;4;24;13;4;3;2;2;2;2;1;2;10;17;6;9;25;6;3;3;8;6;2;6;4;14;5;2;17;21;6.506351392186887;6;1;3;2;0;14;11;2;13;19;1;1;5;24;1;21;-4.653250514365634;25;3;5;25
TRACK:1424;1418;-1;3;0;5;0;5;1;6;4;3;0;10;25;0;5;0;4;20;0.45626661753371633;4;24;3;5;0;8;22;2.0043137898261185;6;0;4;2;4;1;10;22;8.122422847976981;1;2;8;10;1;25;12;1;6;2;4;22;-1.139657435045402;4;22;-0.23759499412508234;1;5;1;7;4.458105819171401;17;2;4;7;-3.976057549955345;5;8;4;3;2;2;2;2;1;2;10;17;6;9;25;6;3;3;8;6;2;6;4;14;5;2;17;21;6.281092803956928;6;1;3;2;0;21;-8.713556267984321;11;2;13;19;1;1;5;24;1;21;-4.930034882007716;25;3;5;25
TRACK:1425;1411;-1;3;0;5;0;5;1;6;4;3;0;18;19;0;5;0;4;20;0.5457124174071782;4;24;3;5;0;8;22;1.6448314168220344;6;2;5;3;0;3;7;-1.911373170434135;4;24;13;4;3;2;2;2;2;1;24;6;9;4;3;24;6;3;3;8;6;2;6;4;14;5;2;17;21;6.178161677396999;6;1;3;2;0;21;-9.030727108400683;11;2;13;19;1;1;5;24;5;20;-8.697297087971481;3;5;25
TRACK:1426;1413;-1;4;5;1;15;20;0.00832528705588409
TRACK:1427;1415;-1;3;0;5;0;5;1;6;4;3;0;10;25;0;5;0;4;20;0.5029006858737877;4;24;3;5;0;8;22;1.5147294888010099;6;2;5;5;0;8;22;1.7742224362606767;13;4;3;2;2;2;2;1;2;10;11;6;9;25;6;3;3;8;6;2;6;4;14;5;2;17;21;6.216884124923487;6;1;3;2;0;21;-8.7384441374468;24;2;13;20;-4.2622266468140975;1;1;6;23;-3.642810202075313;1;21;-4.827992862647048;25;3;5;25
TRACK:1428;1417;-1;3;0;5;0;5;1;6;4;3;0;10;25;0;5;0;4;20;0.4465120108254108;4;24;3;5;0;8;22;1.7828433596717153;6;2;5;3;0;3;7;-1.997159486329312;4;24;13;4;3;2;2;2;2;1;2;17;11;6;9;3;12;6;3;3;8;6;2;6;4;14;5;2;17;21;6.402101250046568;6;1;3;2;0;21;-8.770433365064122;11;2;13;19;1;1;5;24;5;20;-8.840488298822807;3;5;25
TRACK:1429;1419;-1;3;0;5;0;5;1;6;4;3;0;10;25;0;5;0;4;20;0.7169555635375147;4;19;3;5;4;19;6;2;5;3;0;3;7;-1.7204889264805008;4;24;13;4;3;2;2;2;2;1;2;10;17;6;9;25;6;3;3;8;6;2;6;4;13;5;2;17;21;6.208019470714725;6;1;3;4;13;1;1;5;9;1;21;-4.591306683118392;25;3;5;25
EVAL_INSTANCE:71:0:1420
EVAL_INSTANCE:71:1:1421
EVAL_INSTANCE:71:2:1422
EVAL_INSTANCE:71:3:1423
EVAL_INSTANCE:71:4:1424
EVAL_INSTANCE:71:5:1425
EVAL_INSTANCE:71:6:1426
EVAL_INSTANCE:71:7:1427
EVAL_INSTANCE:71:8:1428
EVAL_INSTANCE:71:9:1429
RUN_RESULT:71:0:0:19:UUUURULULL
RUN_RESULT:71:1:0:10:UUUURULULL
RUN_RESULT:71:2:0:1897:UUUULRRULL
RUN_RESULT:71:3:0:10:UUUURULULL
RUN_RESULT:71:4:0:2000:----
RUN_RESULT:71:5:0:2000:----
RUN_RESULT:71:6:0:2000:----
RUN_RESULT:71:7:0:2000:----
RUN_RESULT:71:8:0:2000:----
RUN_RESULT:71:9:0:19:UUUURULULL
    72 |      720 | -3.990000E+03 | -3.990000E+03
TRACK:1430;563;547;3;0;5;0;5;1;6;4;3;0;10;25;0;5;0;8;22;1.781538475512475;3;5;0;8;22;1.8004489927088398;6;1;19;24;4;3;2;2;2;2;1;2;10;17;6;9;25;6;3;3;8;6;2;6;4;14;5;2;17;21;6.291213416371669;6;1;3;2;0;21;-8.615295463753146;17;2;13;19;1;1;5;24;1;21;-4.768306165220745;25;3;5;25
TRACK:1431;563;547;3;0;5;0;5;1;6;4;17;0;5;0;4;20;0.6163724510451069;4;24;3;5;0;8;22;1.781538475512475;6;1;19;24;4;3;2;2;2;2;1;2;10;17;6;9;25;6;3;3;8;6;2;6;4;14;5;2;17;21;6.413665836382024;6;1;3;2;0;21;-8.798170546052466;11;2;13;19;1;1;5;24;1;21;-4.909247867364276;25;3;5;25
TRACK:1432;542;561;3;0;5;0;5;1;6;4;3;0;10;25;0;5;0;4;20;0.6812157983887053;4;19;3;5;0;8;22;1.7381989359384042;6;2;5;3;0;3;7;-1.7118801581016863;4;20;0.6297388137510807;13;4;3;2;2;2;2;1;2;10;17;6;9;25;6;3;3;8;6;2;6;4;14;5;2;17;21;6.399232195658325;6;1;3;4;13;1;1;5;9;1;21;-4.703083459155892;25;3;5;25
TRACK:1433;542;561;3;0;5;0;5;1;6;4;3;0;10;25;0;25;3;5;0;8;22;1.6387679997652442;6;2;5;3;0;3;7;-1.9983925114321415;4;24;13;4;3;2;2;2;2;1;2;10;11;6;9;25;6;3;3;8;6;2;6;4;14;5;2;17;21;6.171067081651891;6;1;3;2;0;21;-8.979766359132212;19;2;13;19;1;1;5;24;1;21;-4.778116458091936;25;3;0;25;24
TRACK:1434;489;489;3;0;5;0;5;1;3;0;3;7;-1.9347451502148856;4;24;0;5;0;4;20;0.5944776144782205;4;24;3;5;0;8;22;1.6521541418814543;6;2;5;3;0;3;7;-1.9347451502148856;4;24;13;4;3;2;2;2;2;1;2;10;11;6;9;25;6;3;3;8;6;2;6;4;14;5;2;17;21;6.304053572782502;6;1;3;2;0;21;-8.942458218385559;11;2;13;19;1;1;5;24;1;21;-4.903815446000335;25;3;5;25
TRACK:1435;489;489;3;0;5;0;5;1;6;4;3;0;10;25;0;5;0;4;20;0.5944776144782205;4;24;3;5;0;8;22;1.6521541418814543;6;2;5;3;0;3;7;-1.9347451502148856;4;24;13;4;3;2;2;2;2;1;2;10;11;6;9;25;6;3;3;8;6;2;6;4;14;5;2;17;21;6.304053572782502;6;1;3;2;0;21;-8.942458218385559;11;2;25;19;1;1;5;24;1;21;-4.903815446000335;25;3;5;25
TRACK:1436;563;509;3;0;5;0;5;1;6;4;3;0;10;25;0;5;0;4;20;0.645115706562894;13;3;5;0;8;22;1.8004489927088398;6;1;19;24;4;3;2;2;2;2;1;2;10;17;6;9;25;6;3;3;8;6;2;6;4;14;5;2;17;21;6.291213416371669;6;1;3;2;0;21;-8.615295463753146;17;2;13;19;1;1;5;24;1;21;-4.768306165220745;25;3;5;25
TRACK:1437;563;509;3;0;5;0;5;1;6;4;21;-8.615295463753146;0;5;0;4;20;0.6757035951212185;4;19;3;5;0;8;22;1.7737653774675808;6;2;5;3;0;3;7;-1.7577624029895191;4;24;13;4;3;2;2;2;2;1;2;10;17;6;9;25;6;3;3;8;6;2;6;4;14;5;2;17;21;6.378544981383671;6;1;3;2;0;21;-8.89127796906232;11;2;13;19;1;1;5;24;1;21;-4.828989826537952;25;3;5;25
TRACK:1438;566;561;3;0;5;0;5;1;6;4;3;0;10;25;0;5;24;3;5;0;8;22;1.9178699543291196;6;2;5;3;0;3;7;-1.835310306323171;4;24;13;4;3;2;2;2;2;1;2;10;11;6;9;4;3;24;6;3;3;8;6;2;6;4;14;6;10;6;1;3;2;0;21;-8.826652726924944;11;2;13;9;1;1;5;25;5;8;3;5;25
TRACK:1439;566;561;3;0;5;0;5;1;6;4;3;0;25;25;0;5;0;4;20;0.6297388137510807;4;24;3;5;0;8;22;1.6387679997652442;6;2;5;3;0;3;7;-1.9983925114321415;4;24;13;4;3;2;2;2;2;1;2;10;11;6;9;25;6;3;3;8;6;2;6;4;14;5;2;17;21;6.171067081651891;6;1;3;2;0;21;-8.979766359132212;19;2;13;19;1;1;5;24;1;21;-4.778116458091936;25;3;0;25;24
TRACK:1440;1430;-1;3;0;5;0;5;1;6;4;3;0;10;25;0;5;6;0;8;19;3;5;0;8;22;1.988242159183451;6;1;19;24;4;3;2;2;2;2;1;2;10;17;6;9;25;6;3;3;8;6;2;6;4;14;5;2;17;21;6.240252929326895;6;1;3;2;0;21;-8.466191020012669;17;2;13;19;1;1;5;24;1;21;-4.653420799077199;25;3;5;25
TRACK:1441;1432;-1;3;0;5;0;5;1;6;4;3;0;10;25;0;5;0;4;20;0.62255767165288;4;19;3;5;0;8;22;1.7682465621661323;6;2;5;3;0;3;7;-1.7084240225942444;4;20;0.5111055786260592;13;4;3;2;2;2;2;1;2;10;17;6;14;25;6;3;3;8;6;2;6;4;14;5;2;17;21;6.4225462920888665;6;1;3;4;13;1;1;5;9;1;21;-4.665891888955418;25;3;5;25
TRACK:1442;1434;-1;3;0;5;0;5;1;3;0;3;7;-1.780381056158555;4;24;0;5;0;4;20;0.5506559688666799;4;24;3;5;0;8;22;1.5623764323163845;6;2;5;3;0;3;7;-1.8808780723572915;4;24;13;4;3;2;2;2;2;1;2;21;8.181392562472233;11;6;9;25;6;3;3;8;6;2;6;4;14;5;2;17;21;6.435323043114338;6;1;3;2;0;21;-8.85108763673891;11;2;13;19;1;1;5;24;1;21;-5.019185867550184;25;3;5;25
TRACK:1443;1436;-1;3;0;5;0;5;1;6;4;3;0;10;25;0;5;0;4;20;0.6060193349709473;13;3;5;0;8;22;1.7477007263486428;6;1;19;24;4;3;2;2;2;2;1;2;10;17;6;18;25;6;3;3;8;6;2;6;4;14;5;2;17;21;6.389642808450219;6;1;3;2;0;21;-8.484045998240886;17;2;13;19;1;1;5;24;1;21;-4.72786779448675;25;3;5;25
TRACK:1444;1438;-1;3;0;5;0;5;1;6;4;3;0;10;25;0;5;24;3;5;0;8;22;1.9573228997838499;6;2;5;3;6;2;9;16;13;4;3;2;2;2;2;1;2;10;11;6;9;4;3;24;6;3;3;8;6;2;6;4;14;6;10;6;1;3;2;0;21;-8.768822360886928;11;2;13;9;1;1;5;25;5;8;3;5;25
TRACK:1445;1431;-1;3;0;5;0;5;1;6;4;17;0;5;0;4;20;0.6183589991039121;4;24;3;5;0;8;22;1.5917313754080515;6;1;19;24;4;3;2;2;2;2;1;2;10;17;6;9;25;6;3;3;8;6;2;6;4;14;5;2;17;21;6.404542804844442;6;1;3;0;5;16;4;15;1;1;5;24;1;21;-4.844416857504512;25;3;5;25
TRACK:1446;1433;-1;3;0;5;0;5;1;6;4;3;0;10;25;0;25;3;5;0;8;22;1.6399947989177752;6;2;5;3;0;3;7;-2.1603385743511723;4;24;13;4;3;2;2;2;2;5;9;4;22;7.029727786577876;6;3;3;8;6;2;6;4;14;5;2;17;21;6.121048183562488;6;1;3;2;0;21;-9.065509616896831;19;2;13;19;1;1;5;24;1;21;-4.6502192012675305;25;3;0;25;24
TRACK:1447;1435;-1;3;0;5;0;6;3;14;6;2;5;3;0;3;7;-1.9075314874660716;4;24;13;4;3;2;2;2;2;1;2;10;11;6;9;25;6;3;3;8;6;2;6;4;14;5;2;17;21;6.191524146395375;6;1;3;2;0;21;-8.994852669345615;11;2;25;19;1;1;5;24;1;21;-4.947664002343714;25;3;5;25
TRACK:1448;1437;-1;3;0;5;0;5;1;6;4;21;-8.631927349346357;0;5;0;4;20;0.696015242863021;4;19;3;5;0;8;22;1.7723037708219411;6;2;5;3;0;3;7;-1.7211574139639252;4;24;13;4;3;2;2;2;2;1;2;10;17;6;9;25;6;3;3;8;6;2;6;4;14;5;2;17;21;6.4782733862378565;6;1;3;1;15;22;-2.6123601918994783;1;1;5;24;1;21;-4.931642278791414;25;3;5;25
TRACK:1449;1439;-1;3;0;5;0;5;1;6;4;3;0;25;25;0;5;0;4;20;0.7725756829805017;4;24;3;5;0;8;22;1.8454216503696423;6;2;5;3;0;3;7;-2.1366510471740954;4;24;13;4;3;2;2;2;2;1;2;10;11;6;9;25;6;3;3;8;6;2;6;4;14;5;2;17;21;6.346191768788319;6;1;3;2;0;21;-9.084739649943739;19;2;13;19;1;1;5;24;3;25;3;0;25;24
EVAL_INSTANCE:72:0:1440
EVAL_INSTANCE:72:1:1441
EVAL_INSTANCE:72:2:1442
EVAL_INSTANCE:72:3:1443
EVAL_INSTANCE:72:4:1444
EVAL_INSTANCE:72:5:1445
EVAL_INSTANCE:72:6:1446
EVAL_INSTANCE:72:7:1447
EVAL_INSTANCE:72:8:1448
EVAL_INSTANCE:72:9:1449
RUN_RESULT:72:0:0:2000:----
RUN_RESULT:72:1:0:2000:----
RUN_RESULT:72:2:0:2000:----
RUN_RESULT:72:3:0:2000:----
RUN_RESULT:72:4:0:2000:----
RUN_RESULT:72:5:0:2000:----
RUN_RESULT:72:6:0:2000:----
RUN_RESULT:72:7:0:940:UUUURLDLL
RUN_RESULT:72:8:0:940:UUUURLDLL
RUN_RESULT:72:9:0:940:UUUURLDLL
    73 |      730 | -3.990000E+03 | -3.990000E+03
TRACK:1450;567;563;3;0;5;0;5;1;6;4;3;0;10;25;0;5;0;4;20;0.554959567811991;4;24;3;5;0;8;22;1.5847910097815714;6;2;5;3;0;3;7;-1.955386870631307;4;24;13;4;3;2;2;2;2;1;2;10;11;6;9;25;6;3;3;8;6;2;6;4;14;5;2;17;21;6.262568272526572;6;1;3;2;0;21;-8.749035212796752;24;2;13;20;-4.280543820769656;1;1;5;24;1;21;-4.712273777889777;25;3;5;25
TRACK:1451;567;563;3;0;5;0;5;1;6;4;4;14;0;5;0;4;20;0.645115706562894;4;24;3;5;0;8;22;1.8004489927088398;6;1;19;24;4;3;2;2;2;2;1;2;10;17;6;9;25;6;3;3;8;6;2;6;4;14;5;2;17;21;6.291213416371669;6;1;3;2;0;21;-8.615295463753146;17;2;13;19;1;1;5;24;1;21;-4.768306165220745;25;3;5;25
TRACK:1452;381;542;3;0;3;5;0;8;22;1.7381989359384042;4;3;2;2;2;2;1;2;10;11;6;9;4;3;24;6;3;3;8;6;2;6;4;14;5;2;17;21;6.202527850922802;6;1;3;2;0;21;-8.998512119765355;11;2;13;19;1;1;5;24;5;20;-8.731021694943875;3;5;25
TRACK:1453;381;542;3;0;5;0;5;1;6;4;3;0;10;25;0;5;0;4;20;0.6812157983887053;4;19;3;5;0;8;22;1.7381989359384042;6;2;5;3;0;3;7;-1.7118801581016863;4;24;13;4;3;2;2;4;20;0.5334300884931266;6;2;6;4;14;5;2;17;21;6.399232195658325;6;1;3;4;13;1;1;5;9;1;21;-4.703083459155892;25;3;5;25
TRACK:1454;566;563;3;0;5;0;5;1;6;4;3;0;10;25;0;5;0;4;20;0.7351769399066475;4;24;3;5;0;8;22;1.9178699543291196;6;2;5;3;0;3;7;-1.835310306323171;4;24;13;4;3;2;2;2;2;1;2;10;11;6;9;4;3;24;6;3;3;8;6;2;6;4;14;6;10;6;1;3;2;0;21;-8.826652726924944;11;21;-8.615295463753146;1;1;5;25;5;8;3;5;25
TRACK:1455;566;563;3;0;5;0;5;2;5;3;0;3;7;-1.835310306323171;4;24;13;6;1;19;24;4;3;2;2;2;2;1;2;10;17;6;9;25;6;3;3;8;6;2;6;4;14;5;2;17;21;6.291213416371669;6;1;3;2;0;21;-8.615295463753146;17;2;13;19;1;1;5;24;1;21;-4.768306165220745;25;3;5;25
TRACK:1456;489;566;3;0;5;0;5;1;6;4;3;0;10;25;0;5;0;4;20;0.5944776144782205;4;24;3;5;0;8;22;1.6521541418814543;6;2;5;3;0;3;7;-1.9347451502148856;4;24;13;4;3;2;2;2;2;1;2;10;11;6;9;25;6;3;3;8;6;2;6;4;14;5;2;17;21;6.304053572782502;6;1;3;2;0;21;-8.942458218385559;11;2;13;19;1;13;3;5;25
TRACK:1457;489;566;3;0;1;2;10;11;6;9;4;3;2;2;2;2;1;2;10;11;6;9;4;3;24;6;3;3;8;6;2;6;4;14;6;10;6;1;3;2;0;21;-8.826652726924944;11;2;13;9;1;1;5;25;5;8;3;5;25
TRACK:1458;381;561;3;0;5;0;5;1;6;4;3;0;10;25;0;5;0;4;20;0.5334300884931266;4;24;3;5;0;8;22;1.7958792404530506;6;2;5;3;0;3;7;-1.884791555238767;4;24;13;4;3;2;2;2;2;1;2;10;11;6;9;4;3;24;6;3;3;8;6;2;6;4;14;5;2;17;21;6.202527850922802;6;1;3;2;0;21;-8.998512119765355;11;2;13;19;1;1;5;24;5;20;-8.731021694943875;3;0;8;22;1.6387679997652442
TRACK:1459;381;561;3;0;5;0;5;1;6;4;3;0;10;25;0;5;0;4;20;0.6297388137510807;4;24;3;5;0;8;22;1.6387679997652442;6;2;5;3;0;3;7;-1.9983925114321415;4;24;13;4;3;2;2;2;2;1;2;10;11;6;9;25;6;3;3;8;6;2;6;4;14;5;2;17;21;6.171067081651891;6;1;3;2;0;21;-8.979766359132212;19;2;13;19;1;1;5;24;1;21;-4.778116458091936;25;3;0;9;24
TRACK:1460;1450;-1;3;0;5;0;5;1;6;4;1;13;13;0;5;0;4;20;0.4279816719938398;4;24;3;5;0;8;22;1.650669781143476;6;2;5;3;0;3;7;-2.100591308124221;4;24;13;4;3;2;2;2;2;1;2;10;11;6;9;25;6;3;3;8;6;2;6;4;14;5;2;17;21;6.131129640580686;6;1;3;2;0;21;-8.762638453465083;24;2;13;20;-4.355516723731897;1;1;5;24;1;21;-4.638461907016924;25;3;5;25
TRACK:1461;1452;-1;3;0;3;5;0;8;22;1.7676467654113466;4;3;2;2;2;2;1;2;10;11;6;9;4;3;24;6;3;3;8;6;2;6;4;14;5;2;17;21;6.271531968020665;6;1;3;2;0;21;-8.863425334155293;11;2;13;19;1;1;5;24;5;20;-8.844770895880393;2;2;25;8;4;16
TRACK:1462;566;-1;3;0;5;0;5;1;6;4;3;0;10;25;0;5;0;4;20;0.6580567726553068;4;24;3;5;0;8;22;1.9132633819367886;6;2;5;3;0;0;8;19;4;24;13;4;3;2;2;2;2;1;2;10;11;6;9;4;3;24;6;3;3;8;6;2;6;4;14;6;10;6;1;3;2;0;21;-8.782174950578339;11;2;13;9;1;1;5;25;5;8;3;5;25
TRACK:1463;1456;-1;3;0;5;0;5;1;6;4;3;0;10;25;0;5;0;4;20;0.6217482271324579;4;24;3;5;0;8;22;1.7630057268206085;6;2;5;3;0;3;7;-1.9585246153554194;4;24;13;4;3;2;2;2;2;1;2;10;11;6;9;25;6;3;3;8;6;2;6;4;14;5;2;17;21;6.397001066355565;6;1;3;2;0;21;-9.038349487579081;11;2;13;19;1;0;16;22;-5.711421761631712;3;5;25
TRACK:1464;1458;-1;3;0;5;0;5;1;6;4;3;0;10;25;0;5;0;4;20;0.3515782058029872;4;24;3;5;0;8;22;1.8378918576908154;6;2;5;3;0;3;7;-1.944895413014659;4;24;13;4;3;2;2;2;2;1;2;10;11;6;9;4;3;24;6;3;3;8;6;2;6;4;14;5;2;17;21;6.268369531051536;6;1;3;2;0;21;-8.977689890949769;11;2;13;19;1;1;5;24;5;20;-8.833788178394556;3;0;8;22;1.5857056850889741
TRACK:1465;1451;-1;3;0;5;0;5;1;6;0;3;1;25;9;2;0;7;-5.499140990921365;24;2;9;13;0;5;0;4;20;0.6976243868422333;4;24;3;5;0;8;22;1.9408785348873148;6;1;19;24;4;3;2;2;2;2;1;2;10;17;6;9;25;6;3;3;8;6;2;6;4;14;5;2;17;21;6.249879107632084;6;1;3;2;0;21;-8.628985247361816;17;2;13;19;1;1;5;24;1;21;-4.814240735692132;25;3;5;25
TRACK:1466;1453;-1;3;0;5;0;5;1;6;4;3;0;10;25;0;5;0;4;20;0.6593040839127072;4;19;3;5;0;8;22;2.021677695232064;6;2;5;3;0;3;7;-1.7442180098830782;4;24;13;4;3;2;2;4;20;0.39879051877136606;6;2;6;4;14;5;2;17;24;6;1;3;4;13;1;1;5;9;1;21;-4.757591469644748;25;3;5;25
TRACK:1467;563;-1;3;0;5;0;5;1;6;4;3;0;10;25;0;5;0;4;20;0.607930683636269;4;24;3;5;0;8;22;1.5102773060428676;6;1;19;24;4;3;2;2;2;2;1;2;10;17;6;9;25;6;3;3;8;6;2;6;4;14;5;2;17;21;6.034208020553204;6;1;3;2;0;21;-8.793572970683899;17;2;13;19;1;1;5;24;1;16;25;3;5;25
TRACK:1468;1457;-1;3;0;13;19
TRACK:1469;1459;-1;3;0;5;0;5;1;6;4;3;0;10;25;0;4;6;17;3;5;0;8;22;1.6714391550295027;6;2;5;3;0;3;7;-2.0989111138372136;4;24;13;4;3;2;2;2;2;1;2;10;11;6;9;25;6;3;3;8;6;2;6;4;14;5;2;17;21;6.122329286618997;6;1;3;2;0;21;-8.98513826989839;19;2;13;19;1;1;5;24;1;21;-4.630123376508122;25;3;0;9;24
EVAL_INSTANCE:73:0:1460
EVAL_INSTANCE:73:1:1461
EVAL_INSTANCE:73:2:1462
EVAL_INSTANCE:73:3:1463
EVAL_INSTANCE:73:4:1464
EVAL_INSTANCE:73:5:1465
EVAL_INSTANCE:73:6:1466
EVAL_INSTANCE:73:7:1467
EVAL_INSTANCE:73:8:1468
EVAL_INSTANCE:73:9:1469
RUN_RESULT:73:0:0:940:UUUURLDLL
RUN_RESULT:73:1:0:2000:----
RUN_RESULT:73:2:0:10:UUUURULULL
RUN_RESULT:73:3:0:10:UUUURULULL
RUN_RESULT:73:4:0:10:UUUURULULL
RUN_RESULT:73:5:0:2000:----
RUN_RESULT:73:6:0:833:UUUULLRLULLL
RUN_RESULT:73:7:0:10:UUUURULULL
RUN_RESULT:73:8:0:2000:----
RUN_RESULT:73:9:0:2000:----
    74 |      740 | -3.990000E+03 | -3.990000E+03
TRACK:1470;561;563;3;0;5;0;5;1;6;4;3;0;10;25;0;5;0;4;20;0.6297388137510807;4;24;3;5;0;8;22;1.6387679997652442;6;2;5;3;0;3;7;-1.9983925114321415;4;24;13;4;3;2;2;2;2;1;2;10;11;6;9;25;6;3;3;8;6;2;6;4;24;5;2;17;21;6.171067081651891;6;1;3;2;0;21;-8.979766359132212;19;2;13;19;1;1;5;24;1;21;-4.778116458091936;25;3;0;25;24
TRACK:1471;561;563;3;0;5;0;5;1;6;4;3;0;10;25;0;5;0;4;20;0.645115706562894;4;24;3;5;0;8;22;1.8004489927088398;6;1;19;24;4;3;2;2;2;2;1;2;10;17;6;9;25;6;1;2;10;11;6;9;6;2;6;4;14;5;2;17;21;6.291213416371669;6;1;3;2;0;21;-8.615295463753146;17;2;13;19;1;1;5;24;1;21;-4.768306165220745;25;3;5;25
TRACK:1472;542;381;3;0;5;2;13;19;4;3;2;2;2;2;1;2;10;17;6;9;25;6;3;3;8;6;2;6;4;14;5;2;17;21;6.399232195658325;6;1;3;4;13;1;1;5;9;1;21;-4.703083459155892;25;3;5;25
TRACK:1473;542;381;3;0;5;0;5;1;6;4;3;0;10;25;0;5;0;4;20;0.5334300884931266;4;24;3;5;0;8;22;1.7958792404530506;3;7;-1.7118801581016863;4;3;2;2;2;2;1;2;10;11;6;9;4;3;24;6;3;3;8;6;2;6;4;14;5;2;17;21;6.202527850922802;6;1;3;2;0;21;-8.998512119765355;11;2;13;19;1;1;5;24;5;20;-8.731021694943875;3;5;25
TRACK:1474;547;489;3;0;5;0;5;1;6;4;3;0;10;25;0;5;0;4;20;0.6163724510451069;4;24;3;5;0;8;20;0.5944776144782205;6;1;19;24;4;3;2;2;2;2;1;2;10;17;6;9;25;6;3;3;8;6;2;6;4;14;5;2;17;21;6.413665836382024;6;1;3;2;0;21;-8.798170546052466;11;2;13;19;1;1;5;24;1;21;-4.909247867364276;25;3;5;25
TRACK:1475;547;489;3;0;5;0;5;1;6;4;3;0;10;25;0;5;0;4;20;0.5944776144782205;4;24;3;5;0;8;22;1.6521541418814543;6;2;5;3;0;3;7;-1.9347451502148856;4;24;13;4;3;2;2;2;2;1;2;10;11;6;9;8;6;3;3;8;6;2;6;4;14;5;2;17;21;6.304053572782502;6;1;3;2;0;21;-8.942458218385559;11;2;13;19;1;1;5;24;1;21;-4.903815446000335;25;3;5;25
TRACK:1476;561;381;3;0;5;0;5;1;6;4;3;0;10;25;0;5;0;4;20;0.6297388137510807;4;24;3;5;0;8;22;1.6387679997652442;6;2;5;3;0;3;7;-1.9983925114321415;4;24;13;4;3;2;2;13;6;2;6;4;14;5;2;17;21;6.171067081651891;6;1;3;2;0;21;-8.979766359132212;19;2;13;19;1;1;5;24;1;21;-4.778116458091936;25;3;0;25;24
TRACK:1477;561;381;3;0;5;0;5;1;6;4;24;0;5;0;4;20;0.5334300884931266;4;24;3;5;0;8;22;1.7958792404530506;6;2;5;3;0;3;7;-1.884791555238767;4;24;13;4;3;2;2;2;2;1;2;10;11;6;9;4;3;24;6;3;3;8;6;2;6;4;14;5;2;17;21;6.202527850922802;6;1;3;2;0;21;-8.998512119765355;11;2;13;19;1;1;5;24;5;20;-8.731021694943875;3;5;25
TRACK:1478;547;567;3;0;5;0;5;1;6;4;3;0;10;25;0;5;0;4;20;0.6163724510451069;4;24;3;5;0;8;22;1.781538475512475;6;1;19;24;4;3;2;2;2;2;1;2;10;17;6;9;25;6;3;3;8;6;2;6;4;14;5;2;17;21;6.413665836382024;6;10
TRACK:1479;547;567;3;0;5;0;5;1;6;4;3;0;10;25;0;5;0;4;20;0.554959567811991;4;24;3;5;0;8;22;1.5847910097815714;6;2;5;3;0;10;25;13;4;3;2;2;2;2;1;2;10;11;6;9;25;6;3;3;8;6;2;6;4;14;5;2;17;21;6.262568272526572;6;1;3;2;0;21;-8.749035212796752;24;2;13;20;-4.280543820769656;1;1;5;24;1;21;-4.712273777889777;25;3;5;25
TRACK:1480;1470;-1;3;0;5;0;5;1;6;4;3;0;10;25;0;5;0;4;20;0.6612541900018506;4;24;3;5;0;8;22;1.5916379129664997;6;2;5;3;0;3;7;-1.9192862642826605;4;24;13;4;3;2;1;0;4;11;4;24;5;4;21;-7.792354798169649;6;1;3;2;0;21;-8.872715266706665;19;2;13;19;1;1;5;24;1;21;-4.808690695309045;25;3;0;25;24
TRACK:1481;1472;-1;3;0;5;2;13;19;4;3;2;2;2;2;1;2;10;17;6;9;25;6;3;3;8;6;3;5;14;6;1;3;4;13;1;1;5;9;1;21;-4.636801389297771;25;3;5;25
TRACK:1482;1474;-1;3;0;5;0;5;1;6;4;3;0;10;25;0;2;5;21;-2.707121161387236;4;16;3;5;0;8;20;0.48761344025160047;6;1;19;24;4;3;2;2;2;2;1;2;10;17;6;9;25;6;3;3;8;6;2;6;4;14;5;2;17;21;6.342283373083964;6;1;3;2;0;21;-8.68998257749768;11;2;13;19;1;1;5;24;1;21;-4.866457190935972;25;3;5;25
TRACK:1483;1476;-1;3;0;5;0;5;1;6;4;3;0;10;25;0;5;0;4;20;0.42931977547730454;4;24;3;5;0;8;22;1.6319088350719104;6;2;5;3;0;3;7;-2.0659992441249115;4;24;13;4;3;2;2;13;6;2;6;4;14;5;2;17;21;6.140165725488149;6;1;3;2;0;21;-8.864576755962197;19;2;13;25;1;1;5;24;1;21;-4.8592139447716045;25;3;0;25;24
TRACK:1484;1478;-1;3;0;5;0;5;1;6;4;3;0;10;25;0;5;0;4;20;0.7320942221458862;4;24;3;5;0;8;22;1.7963946139133706;6;1;19;24;4;3;2;2;2;2;1;2;10;17;6;14;25;6;3;3;8;6;2;6;4;14;5;2;17;21;6.388927147056105;6;10
TRACK:1485;1471;-1;3;0;5;0;5;1;6;4;3;0;10;25;0;5;0;4;20;0.7440967550132157;4;24;3;5;0;8;22;1.9033878723233835;6;1;19;24;4;3;2;2;2;2;1;2;10;17;6;9;25;6;1;2;10;11;6;9;6;2;6;4;14;5;2;17;21;6.323328481893038;6;1;5;1;1;8;16;5;15;1;1;5;24;1;21;-4.809333383555535;25;3;5;25
TRACK:1486;1473;-1;3;0;5;0;5;1;6;4;3;0;10;25;0;5;0;4;20;0.5307571045095972;4;24;3;5;0;8;22;1.6793041736111605;3;7;-1.6879745560085757;4;3;2;2;2;2;1;2;17;11;6;9;4;3;24;6;3;3;8;6;2;6;4;14;5;2;17;21;6.26798664856734;6;1;3;2;0;21;-8.904984214009936;11;2;13;19;1;1;5;24;5;20;-8.67174157077562;3;5;25
TRACK:1487;1475;-1;3;0;5;0;5;1;6;4;3;0;10;25;0;5;0;4;20;0.7524748063066351;4;24;3;5;0;8;22;1.6804187502385832;6;2;5;3;0;3;7;-1.8470434587623843;4;24;13;4;3;2;2;2;2;1;2;10;11;6;9;8;6;3;3;8;6;2;6;4;21;3.500440991934413;5;2;17;21;6.453208675641552;6;1;3;2;0;21;-8.947937441854078;11;2;13;19;1;1;5;24;1;21;-4.731948200682591;25;3;5;25
TRACK:1488;1477;-1;3;0;5;0;5;1;6;4;24;0;1;1;16;20;-6.592804543573239;0;11;10;3;5;0;8;22;1.6740609838072686;6;2;5;3;0;3;7;-1.8841578323400234;4;24;13;4;3;2;2;2;2;1;2;10;11;6;9;4;3;24;6;3;3;8;6;2;6;4;14;5;2;17;21;6.080068357125791;6;1;3;2;0;21;-9.029031801958965;11;2;13;19;1;1;5;24;5;20;-8.797856109878053;3;5;25
TRACK:1489;1479;-1;3;0;5;0;5;1;6;1;1;22;6.644269663251833;15;0;19;10;0;5;0;4;20;0.5544592160000054;4;24;3;5;0;8;22;1.5393447546093557;6;2;5;3;0;10;25;13;4;3;2;2;2;2;1;2;10;11;6;9;25;6;3;3;8;6;2;6;4;14;5;2;17;21;6.353213752715121;6;1;3;2;0;21;-8.79638798169003;24;2;13;20;-4.2568881294425145;1;1;5;24;1;21;-4.5926329301178495;25;3;5;25
EVAL_INSTANCE:74:0:1480
EVAL_INSTANCE:74:1:1481
EVAL_INSTANCE:74:2:1482
EVAL_INSTANCE:74:3:1483
EVAL_INSTANCE:74:4:1484
EVAL_INSTANCE:74:5:1485
EVAL_INSTANCE:74:6:1486
EVAL_INSTANCE:74:7:1487
EVAL_INSTANCE:74:8:1488
EVAL_INSTANCE:74:9:1489
RUN_RESULT:74:0:0:2000:----
RUN_RESULT:74:1:0:2000:----
RUN_RESULT:74:2:0:158:UUUURRURRRLRULURLULL
RUN_RESULT:74:3:0:1150:UUUULLRLULLL
RUN_RESULT:74:4:0:2000:----
RUN_RESULT:74:5:0:2000:----
RUN_RESULT:74:6:0:2000:----
RUN_RESULT:74:7:0:2000:----
RUN_RESULT:74:8:0:940:UUUURLDLL
RUN_RESULT:74:9:0:940:UUUURLDLL
    75 |      750 | -3.990000E+03 | -3.990000E+03
TRACK:1490;526;547;3;0;5;0;5;1;6;4;3;0;10;25;0;5;0;4;20;0.6317182326717258;4;24;3;5;0;8;22;1.9211733964180546;6;2;5;3;0;3;7;-1.9035107509581097;4;24;13;2;17;21;6.413665836382024
TRACK:1491;526;547;3;0;5;0;5;1;6;4;3;0;10;25;0;5;0;4;20;0.6163724510451069;4;24;3;5;0;8;22;1.781538475512475;6;1;19;24;4;3;2;2;2;2;1;2;10;17;6;9;25;6;3;14;6;2;6;4;14;5;2;17;21;6.413665836382024;6;1;3;2;0;21;-8.798170546052466;11;2;13;19;1;1;5;24;1;21;-4.909247867364276;25;3;5;25
TRACK:1492;381;489;3;0;5;0;5;1;6;4;3;0;10;25;0;5;0;4;20;0.5334300884931266;4;24;3;5;0;8;22;1.7958792404530506;6;2;5;3;0;3;7;-1.884791555238767;4;24;13;2;6;4;14;5;2;17;21;6.304053572782502
TRACK:1493;381;489;3;0;5;0;24;6;2;5;3;0;3;7;-1.9347451502148856;4;24;13;4;3;2;2;2;2;1;2;10;11;6;9;25;6;3;3;8;6;2;6;4;14;5;2;17;21;6.304053572782502;6;1;3;2;0;21;-8.942458218385559;11;2;13;19;1;1;5;24;1;21;-4.903815446000335;25;3;5;25
TRACK:1494;561;381;3;0;5;0;5;1;6;4;3;0;10;25;0;5;0;4;20;0.6297388137510807;4;24;3;5;0;8;22;1.6387679997652442;6;2;5;3;0;3;7;-1.9983925114321415;4;24;13;4;3;2;2;2;2;1;2;10;11;6;9;25;6;3;3;8;6;2;6;4;14;5;2;17;21;6.171067081651891;6;1;3;2;13;2;13;19;1;1;5;24;1;21;-4.778116458091936;25;3;0;25;24
TRACK:1495;561;381;3;0;5;0;5;1;6;4;3;0;10;25;0;5;0;4;20;0.5334300884931266;4;24;3;5;0;8;22;1.7958792404530506;6;2;5;3;0;3;7;-1.884791555238767;4;24;13;4;3;2;2;2;2;1;2;10;11;6;9;4;3;24;6;3;3;8;6;2;6;4;14;5;2;17;21;6.202527850922802;6;1;3;2;0;21;-8.998512119765355;11;2;13;19;1;21;-8.979766359132212;3;5;25
TRACK:1496;547;489;3;0;5;0;5;1;6;4;3;0;24;25;0;5;0;4;20;0.6163724510451069;4;24;3;5;0;8;22;1.781538475512475;6;1;19;24;4;3;2;2;2;2;1;2;10;17;6;9;25;6;3;3;8;6;2;6;4;14;5;2;17;21;6.413665836382024;6;1;3;2;0;21;-8.798170546052466;11;2;13;19;1;1;5;24;1;21;-4.909247867364276;25;3;5;25
TRACK:1497;547;489;3;0;5;0;5;1;6;4;3;0;10;25;0;5;0;4;20;0.5944776144782205;4;24;3;5;0;8;22;1.6521541418814543;6;2;5;3;0;3;7;-1.9347451502148856;4;24;13;4;3;2;2;2;2;1;2;10;11;6;9;25;6;3;3;8;6;2;0;8;22;1.781538475512475;5;2;17;21;6.304053572782502;6;1;3;2;0;21;-8.942458218385559;11;2;13;19;1;1;5;24;1;21;-4.903815446000335;25;3;5;25
TRACK:1498;566;526;3;0;5;0;5;1;6;4;3;0;10;25;0;5;0;4;20;0.7351769399066475;4;24;3;5;0;8;22;1.9178699543291196;6;2;5;3;0;3;7;-1.835310306323171;4;24;13;4;3;2;2;2;2;1;2;10;11;6;9;4;3;24;6;3;3;8;6;2;6;4;14;6;10;6;1;3;2;0;21;-8.826652726924944;11;2;13;9;1;1;11;5;8;3;5;25
TRACK:1499;566;526;3;0;5;0;5;1;6;4;3;0;10;25;0;5;0;4;20;0.6317182326717258;4;24;3;5;0;8;24;6;2;5;3;0;3;7;-1.9035107509581097;4;24;13;4;3;2;2;2;2;1;2;10;11;6;9;4;3;24;6;3;3;8;6;2;6;4;14;6;10;6;1;3;2;0;21;-8.940042557827399;11;2;13;19;1;1;5;24;5;8;3;5;25
TRACK:1500;1490;-1;3;0;5;0;5;1;6;4;21;6.917681017840671;0;5;0;4;20;0.541855491144765;4;24;3;5;0;8;22;1.8517223191072025;6;2;5;3;0;3;7;-1.806077457277801;4;24;13;2;17;21;6.449881328403044
TRACK:1501;1492;-1;3;0;5;0;5;1;6;4;3;0;10;25;0;5;0;4;20;0.4854751826704648;4;24;4;20;3.695225892914065;6;2;5;3;0;3;7;-1.9899021137300628;4;24;13;2;6;4;14;5;2;17;21;6.2681419701831285
TRACK:1502;561;-1;3;0;5;0;5;1;6;4;3;0;10;25;0;5;0;4;20;0.5454588267980112;4;24;3;5;0;8;22;1.6677992132233204;6;2;5;3;0;3;7;-2.114592904079181;4;24;13;4;3;2;2;2;2;1;2;10;19;6;9;25;6;3;3;8;6;2;6;4;14;5;2;17;21;6.147360056514552;6;1;3;2;0;21;-9.130345560555005;19;2;13;19;1;1;5;24;1;21;-4.742187956774882;25;3;0;25;24
TRACK:1503;1496;-1;3;0;5;0;5;1;6;4;3;0;24;25;0;5;0;4;20;0.7286070644482622;4;24;3;5;0;8;22;1.8559353877630036;6;1;19;24;4;3;2;2;2;5;9;6;3;3;8;6;2;6;4;14;5;2;17;21;6.530762827486694;6;1;3;2;0;21;-8.806692771551562;11;2;13;19;1;1;5;24;1;21;-4.847911447321578;25;3;5;25
TRACK:1504;1498;-1;3;0;5;0;5;1;6;4;3;0;10;25;0;5;0;4;20;0.920516607602924;4;24;3;5;0;15;22;1.9929367572438124;6;2;5;3;0;3;7;-1.9763648214419502;4;24;13;4;3;2;2;2;2;1;2;10;11;6;9;4;3;24;6;3;3;8;6;2;6;4;14;6;10;6;1;3;2;0;21;-8.723515619376643;11;2;13;9;1;1;11;5;8;3;5;25
TRACK:1505;1491;-1;3;0;5;0;5;1;6;4;3;0;10;25;0;5;0;4;20;0.7775531823065804;4;24;3;5;0;8;22;1.7296577398737958;6;1;19;24;4;3;2;2;2;2;1;2;10;17;6;9;25;6;3;14;6;2;6;4;14;5;2;17;21;6.409514012585557;6;1;3;2;0;21;-8.822889458915265;11;2;12;19;1;1;5;24;1;21;-5.055585872379579;25;3;5;25
TRACK:1506;1493;-1;3;0;5;0;24;6;2;5;3;0;3;7;-1.9699970143538204;4;24;13;4;3;2;2;2;2;1;2;10;11;6;9;25;6;3;3;8;6;2;6;4;14;5;2;17;21;6.2084850329518595;6;1;3;2;0;21;-8.910370773361423;11;2;10;19;1;1;5;24;1;21;-4.886149642140973;25;3;5;25
TRACK:1507;381;-1;3;0;5;0;5;1;6;4;3;0;10;25;0;5;0;4;20;0.5094355840929847;4;24;3;5;0;8;22;1.8109225005070795;6;2;5;3;0;3;7;-1.8588890520671235;4;24;13;4;3;2;2;2;2;1;2;10;11;6;9;4;3;24;6;3;3;8;6;5;5;11;6;1;3;2;0;21;-9.022045604716661;11;2;13;19;1;1;5;24;5;20;-8.799738981286412;3;5;25
TRACK:1508;1497;-1;3;0;5;0;5;1;6;4;3;0;10;25;0;5;0;4;20;0.6035412883513678;4;24;3;5;0;8;22;1.6966379557919338;6;2;5;3;0;3;7;-1.9682099217528377;4;24;13;4;3;2;2;2;2;1;2;10;11;6;9;25;6;3;3;8;6;2;0;8;22;1.6232336790751998;5;2;17;21;6.286056186154674;6;1;3;2;0;25;11;2;13;19;1;1;5;24;1;21;-5.011863357293419;25;3;5;25
TRACK:1509;1499;-1;3;0;5;0;5;1;6;4;3;0;10;25;0;5;0;4;20;0.598853816297696;4;24;3;5;0;8;24;6;2;5;3;0;3;7;-1.958090030247729;4;24;13;4;3;2;2;2;2;1;2;10;11;6;9;4;3;24;6;3;3;8;6;2;6;4;14;6;10;6;1;3;2;0;21;-9.085214979315126;11;1;15;8;1;1;5;24;5;8;3;5;25
EVAL_INSTANCE:75:0:1500
EVAL_INSTANCE:75:1:1501
EVAL_INSTANCE:75:2:1502
EVAL_INSTANCE:75:3:1503
EVAL_INSTANCE:75:4:1504
EVAL_INSTANCE:75:5:1505
EVAL_INSTANCE:75:6:1506
EVAL_INSTANCE:75:7:1507
EVAL_INSTANCE:75:8:1508
EVAL_INSTANCE:75:9:1509
RUN_RESULT:75:0:0:2000:----
RUN_RESULT:75:1:0:1167:UUUULLRLULLL
RUN_RESULT:75:2:0:10:UUUURULULL
RUN_RESULT:75:3:0:1445:DLDLLDU
RUN_RESULT:75:4:0:10:UUUURULULL
RUN_RESULT:75:5:0:10:UUUURULULL
RUN_RESULT:75:6:0:2000:----
RUN_RESULT:75:7:0:2000:----
RUN_RESULT:75:8:0:2000:----
RUN_RESULT:75:9:0:19:UUUURULULL
    76 |      760 | -3.990000E+03 | -3.990000E+03
TRACK:1510;547;566;3;0;5;0;5;1;6;4;3;0;10;25;0;5;0;4;20;0.6163724510451069;4;24;3;5;0;8;22;1.781538475512475;6;1;19;24;4;3;2;2;2;2;1;2;10;17;6;9;25;6;3;3;8;6;2;6;4;14;5;2;25;21;6.413665836382024;6;1;3;2;0;21;-8.798170546052466;11;2;13;19;1;1;5;24;1;21;-4.909247867364276;25;3;5;25
TRACK:1511;547;566;3;0;5;0;5;1;6;4;3;0;10;25;0;5;0;4;20;0.7351769399066475;4;24;3;5;0;19;22;1.9178699543291196;6;2;5;3;0;3;7;-1.835310306323171;4;24;13;4;3;2;2;2;2;1;2;10;11;6;9;4;3;24;6;3;3;8;6;2;6;4;14;6;10;6;1;3;2;0;21;-8.826652726924944;11;2;13;9;1;1;5;25;5;8;3;5;25
TRACK:1512;509;561;3;0;5;0;5;1;6;4;3;0;10;25;0;5;0;4;20;0.6757035951212185;4;19;3;5;0;8;22;1.7737653774675808;6;2;5;3;0;3;7;-1.7577624029895191;4;24;13;4;3;2;2;2;2;1;2;10;17;6;9;25;6;3;3;8;6;2;6;4;14;5;2;17;21;6.378544981383671;6;1;3;2;0;21;-8.89127796906232;11;2;13;19;1;1;5;24;1;21;-4.828989826537952;25;3;5;25
TRACK:1513;509;561;3;0;5;0;5;1;6;4;3;0;10;25;0;5;0;4;20;0.6297388137510807;4;24;3;5;0;8;22;1.6387679997652442;6;2;5;3;0;3;7;-1.9983925114321415;4;24;13;4;3;2;2;2;2;1;2;10;11;6;9;25;6;3;3;8;6;2;6;4;14;5;2;17;21;6.171067081651891;6;1;3;2;0;21;-8.979766359132212;19;2;13;19;1;5;0;8;22;1.7737653774675808;3;0;25;24
TRACK:1514;563;526;3;0;5;0;5;1;6;4;3;0;10;25;0;5;0;4;20;0.645115706562894;4;24;3;5;0;8;22;1.8004489927088398;6;1;19;24;4;3;2;2;2;2;1;2;10;17;6;9;25;6;3;3;8;6;2;6;24;5;2;17;21;6.291213416371669;6;1;3;2;0;21;-8.615295463753146;17;2;13;19;1;1;5;24;1;21;-4.768306165220745;25;3;5;25
TRACK:1515;563;526;3;0;5;0;5;1;6;4;3;0;10;25;0;5;6;4;14;3;5;0;8;22;1.9211733964180546;6;2;5;3;0;3;7;-1.9035107509581097;4;24;13;4;3;2;2;2;2;1;2;10;11;6;9;4;3;24;6;3;3;8;6;2;6;4;14;6;10;6;1;3;2;0;21;-8.940042557827399;11;2;13;19;1;1;5;24;5;8;3;5;25
TRACK:1516;509;566;3;0;5;0;5;1;6;4;3;0;10;25;0;5;0;4;20;0.6757035951212185;4;19;3;5;0;8;22;1.7737653774675808;6;2;5;3;0;3;7;-1.7577624029895191;4;24;13;4;3;2;2;2;2;1;2;10;17;6;9;25;6;3;3;8;6;2;6;4;14;5;2;24;21;6.378544981383671;6;1;3;2;0;21;-8.89127796906232;11;2;13;19;1;1;5;24;1;21;-4.828989826537952;25;3;5;25
TRACK:1517;509;566;3;0;5;0;5;1;6;4;3;0;10;25;0;5;0;4;20;0.7351769399066475;4;24;3;5;0;8;22;1.9178699543291196;6;2;5;3;0;3;7;-1.835310306323171;4;24;13;4;3;2;2;2;2;1;2;10;11;6;9;1;2;10;17;6;9;6;3;3;8;6;2;6;4;14;6;10;6;1;3;2;0;21;-8.826652726924944;11;2;13;9;1;1;5;25;5;8;3;5;25
TRACK:1518;542;561;3;0;5;0;5;1;6;4;3;0;10;25;0;5;0;4;20;0.6812157983887053;4;19;3;5;0;8;8;6;2;5;3;0;3;7;-1.7118801581016863;4;24;13;4;3;2;2;2;2;1;2;10;17;6;9;25;6;3;3;8;6;2;6;4;14;5;2;17;21;6.399232195658325;6;1;3;4;13;1;1;5;9;1;21;-4.703083459155892;25;3;5;25
TRACK:1519;542;561;3;0;5;0;5;1;6;4;3;0;10;25;0;5;0;4;20;0.6297388137510807;4;24;3;5;0;8;22;1.6387679997652442;6;2;5;3;0;3;7;-1.9983925114321415;4;24;13;4;3;2;2;2;2;20;0.6812157983887053;25;6;3;3;8;6;2;6;4;14;5;2;17;21;6.171067081651891;6;1;3;2;0;21;-8.979766359132212;19;2;13;19;1;1;5;24;1;21;-4.778116458091936;25;3;0;25;24
TRACK:1520;1510;-1;3;5;6;6;22;-4.65644318411141
TRACK:1521;1512;-1;3;0;5;0;5;1;6;4;3;0;10;25;0;5;0;4;20;0.5213155086265193;4;19;3;5;0;8;22;1.989752598116091;6;2;5;3;0;3;7;-1.6129830183999965;4;24;13;4;3;2;5;1;2;2;1;12;13;2;17;13;4;6;25;5;5;5;18;6;1;3;2;0;21;-8.777038240476134;11;2;13;19;1;1;5;24;1;21;-4.852155574863519;25;3;5;25
TRACK:1522;1514;-1;3;0;5;0;5;1;6;4;3;0;10;25;0;5;0;4;20;0.7878162994201433;4;24;3;5;0;8;22;1.7163773220221892;6;1;19;24;4;3;2;2;2;2;1;2;10;17;6;9;25;6;3;3;8;6;2;6;24;5;2;17;21;6.339677742334924;6;1;3;2;0;21;-8.678470296030554;17;2;13;19;1;1;5;24;5;20;-0.6778497534332129;3;5;25
TRACK:1523;1516;-1;3;6;1;2;6;1;1;0;2;5;7;7.160379817695677;2;17;10;3;2;8;25;0;4;5;17;1;1;13;12;1;22;-5.108841729526272;9;1;5;0;1;17;17;0;13;23;1.8646424956052456;4;1;5;9;4;16;5;2;6;0;4;6;24;0;3;24;1;24;10;1;0;3;2;18;21;-6.7266886330645566;2;0;24;19;2;17;22;-3.942593607340097;3;6;6;13;3;6;3;3;2;6;3;9;3;2;9;25
TRACK:1524;1518;-1;3;0;5;0;5;1;6;4;3;0;10;25;0;5;0;4;20;0.7952667011259497;4;19;3;5;0;8;8;6;2;5;3;0;3;7;-1.731265056765845;4;24;13;4;3;2;2;2;2;1;2;10;17;6;9;25;6;4;1;7;-4.805023468819236;13;6;2;6;4;14;5;2;17;21;6.432948734460442;6;1;3;4;13;1;1;5;9;1;21;-4.642424503500575;25;3;5;25
TRACK:1525;1511;-1;3;0;5;0;5;1;6;4;3;0;10;25;0;5;0;4;20;0.7210481378486617;4;24;3;5;0;19;22;1.8561200281452381;6;2;5;3;0;3;7;-1.9774171369271039;4;24;13;4;3;2;2;6;2;0;4;10;4;17;4;5;19;6;2;6;4;14;6;10;6;1;3;2;0;21;-8.930215054929358;11;2;13;9;1;1;5;25;5;8;3;5;25
TRACK:1526;1513;-1;3;0;5;0;5;1;6;4;3;0;10;25;0;5;0;4;20;0.5814077936623987;4;24;3;5;0;8;22;1.7626541631893178;6;2;5;3;0;3;7;-2.239946135904787;4;24;13;4;3;2;2;2;2;1;2;10;11;6;9;25;6;3;3;8;6;2;6;4;14;5;2;17;21;6.132379037849237;6;1;2;17;18;1;5;0;8;22;1.612366500803891;3;0;25;24
TRACK:1527;1515;-1;3;0;5;0;5;1;6;4;3;0;10;25;0;5;6;4;14;3;5;0;8;22;1.9834862308241568;6;2;5;3;0;3;7;-2.059924557994224;4;24;13;4;3;2;2;2;2;1;2;10;11;6;9;4;3;24;6;3;3;8;6;2;6;4;14;6;10;6;1;3;2;0;21;-8.693565325720424;11;2;13;15;1;1;5;24;5;8;3;5;25
TRACK:1528;1517;-1;4;2;1;3;12;3;20;4.669677825884159;5;0;20;-2.607133006137099;21;-0.6550555852643463
TRACK:1529;1519;-1;3;0;5;0;5;1;6;4;3;0;10;25;0;5;0;4;20;0.5448193464364712;4;24;3;5;0;8;22;1.5783950584058373;6;2;5;3;0;3;7;-1.8644156755726677;4;24;13;4;3;2;2;2;2;20;0.779428326761389;25;6;3;3;8;6;2;6;4;14;5;2;17;21;6.305133012986469;6;1;3;3;12;1;1;5;24;1;21;-4.790673660155517;25;3;0;25;24
EVAL_INSTANCE:76:0:1520
EVAL_INSTANCE:76:1:1521
EVAL_INSTANCE:76:2:1522
EVAL_INSTANCE:76:3:1523
EVAL_INSTANCE:76:4:1524
EVAL_INSTANCE:76:5:1525
EVAL_INSTANCE:76:6:1526
EVAL_INSTANCE:76:7:1527
EVAL_INSTANCE:76:8:1528
EVAL_INSTANCE:76:9:1529
RUN_RESULT:76:0:0:2000:----
RUN_RESULT:76:1:0:2000:----
RUN_RESULT:76:2:0:2000:----
RUN_RESULT:76:3:0:2000:----
RUN_RESULT:76:4:0:19:UUUURULULL
RUN_RESULT:76:5:0:1150:UUUULLRLULLL
RUN_RESULT:76:6:0:10:UUUURULULL
RUN_RESULT:76:7:0:2000:----
RUN_RESULT:76:8:0:2000:----
RUN_RESULT:76:9:0:569:UUUUDRLURLUDLL
    77 |      770 | -3.990000E+03 | -3.990000E+03
TRACK:1530;547;561;3;0;5;0;5;1;6;4;3;0;10;25;0;5;0;4;20;0.6163724510451069;4;24;3;5;0;8;22;1.781538475512475;6;1;19;24;4;3;2;2;2;2;1;2;10;17;6;9;25;6;3;3;8;6;2;6;4;14;5;2;17;21;6.413665836382024;6;1;3;2;0;21;-8.798170546052466;11;2;13;19;1;19;3;5;25
TRACK:1531;547;561;3;0;5;2;10;17;4;3;2;2;2;2;1;2;10;11;6;9;25;6;3;3;8;6;2;6;4;14;5;2;17;21;6.171067081651891;6;1;3;2;0;21;-8.979766359132212;19;2;13;19;1;1;5;24;1;21;-4.778116458091936;25;3;0;25;24
TRACK:1532;489;509;3;0;5;0;5;1;6;4;3;0;10;25;2;10;17;6;2;5;3;0;3;7;-1.9347451502148856;4;24;13;4;3;2;2;2;2;1;2;10;11;6;9;25;6;3;3;8;6;2;6;4;14;5;2;17;21;6.304053572782502;6;1;3;2;0;21;-8.942458218385559;11;2;13;19;1;1;5;24;1;21;-4.903815446000335;25;3;5;25
TRACK:1533;489;509;3;0;5;0;5;1;6;4;3;0;10;25;0;5;0;4;20;0.6757035951212185;4;19;3;5;0;8;22;1.7737653774675808;6;2;5;3;0;3;7;-1.7577624029895191;4;24;13;4;3;2;25;6;1;3;2;0;21;-8.89127796906232;11;2;13;19;1;1;5;24;1;21;-4.828989826537952;25;3;5;25
TRACK:1534;566;547;3;0;5;0;5;1;6;4;3;0;10;25;0;5;0;4;20;0.7351769399066475;4;24;3;5;0;8;22;1.9178699543291196;6;2;4;20;0.6163724510451069;13;4;3;2;2;2;2;1;2;10;11;6;9;4;3;24;6;3;3;8;6;2;6;4;14;6;10;6;1;3;2;0;21;-8.826652726924944;11;2;13;9;1;1;5;25;5;8;3;5;25
TRACK:1535;566;547;3;0;5;0;5;1;6;4;3;0;10;25;0;5;0;4;20;0.6163724510451069;4;24;3;5;0;8;22;1.781538475512475;6;1;19;24;4;3;2;2;2;24;6;3;3;8;6;2;6;4;14;5;2;17;21;6.413665836382024;6;1;3;2;0;21;-8.798170546052466;11;2;13;19;1;1;5;24;1;21;-4.909247867364276;25;3;5;25
TRACK:1536;567;566;3;0;5;0;5;1;6;4;3;0;10;25;0;5;0;4;20;0.554959567811991;4;24;3;5;0;8;22;1.5847910097815714;6;2;5;3;0;3;7;-1.955386870631307;4;24;25;4;3;2;2;2;2;1;2;10;11;6;9;25;6;3;3;8;6;2;6;4;14;5;2;17;21;6.262568272526572;6;1;3;2;0;21;-8.749035212796752;24;2;13;20;-4.280543820769656;1;1;5;24;1;21;-4.712273777889777;25;3;5;25
TRACK:1537;567;566;3;0;5;0;5;1;6;4;3;0;10;25;0;5;0;4;20;0.7351769399066475;4;24;3;5;0;8;22;1.9178699543291196;6;2;4;14;13;4;3;2;2;2;2;1;2;10;11;6;9;4;3;24;6;3;3;8;6;2;6;4;14;6;10;6;1;3;2;0;21;-8.826652726924944;11;2;13;9;1;1;5;25;5;8;3;5;25
TRACK:1538;561;509;3;0;5;0;5;1;6;4;3;0;10;25;0;5;0;4;20;0.6297388137510807;4;24;3;5;0;8;22;1.6387679997652442;6;2;5;3;0;3;7;-1.9983925114321415;4;17;13;4;3;2;2;2;2;1;2;10;11;6;9;25;6;3;3;8;6;2;6;4;14;5;2;17;21;6.171067081651891;6;1;3;2;0;21;-8.979766359132212;19;2;13;19;1;1;5;24;1;21;-4.778116458091936;25;3;0;25;24
TRACK:1539;561;509;3;0;5;0;5;1;6;3;2;0;21;-8.979766359132212;19;2;13;19;0;5;0;4;20;0.6757035951212185;4;19;3;5;0;8;22;1.7737653774675808;6;2;5;3;0;3;7;-1.7577624029895191;4;24;13;4;3;2;2;2;2;1;2;10;17;6;9;25;6;3;3;8;6;2;6;4;14;5;2;17;21;6.378544981383671;6;1;3;2;0;21;-8.89127796906232;11;2;13;19;1;1;5;24;1;21;-4.828989826537952;25;3;5;25
TRACK:1540;1530;-1;3;0;5;0;5;1;6;4;3;0;10;25;0;5;0;4;20;0.4401016724536573;4;24;3;5;0;8;22;1.7392170473675332;6;1;19;24;4;3;2;2;2;2;1;2;10;17;6;9;25;6;3;3;8;6;2;6;4;14;5;2;17;21;6.284524665640139;6;1;3;2;0;21;-8.822444402210438;11;2;13;19;1;19;3;5;18
TRACK:1541;1532;-1;3;0;5;0;5;1;6;4;3;0;10;25;2;10;17;6;2;5;5;25;13;4;3;2;2;2;2;1;2;10;11;6;9;25;6;3;3;8;6;2;6;4;14;5;2;17;21;6.297819368207403;6;1;3;2;0;21;-8.970281231049759;11;2;13;19;1;1;5;24;1;21;-4.938340668865052;25;3;5;25
TRACK:1542;1534;-1;3;0;5;0;5;1;6;4;3;0;10;25;0;5;0;6;7;-8.620511278428706;4;24;3;5;0;8;22;2.002034455757484;6;2;4;20;0.8006951548955015;13;4;3;2;2;2;2;1;2;10;11;6;9;4;3;24;6;3;3;8;6;2;6;4;14;6;10;6;1;3;2;0;21;-8.763795203182093;11;2;13;9;1;1;5;25;5;8;3;5;25
TRACK:1543;1536;-1;3;0;5;0;5;1;6;4;3;0;10;25;0;5;6;0;16;21;3.800174455594444;3;5;0;8;22;1.5382250807262787;6;2;5;3;0;3;7;-2.0747105781609836;4;24;25;4;3;2;2;2;2;1;2;10;11;6;9;25;6;3;3;8;6;2;6;4;14;5;2;17;21;6.256286683399832;6;1;3;2;0;21;-8.74555550293301;24;2;13;20;-4.281406246591847;1;1;5;24;1;21;-4.78390155020397;25;3;5;25
TRACK:1544;561;-1;3;0;5;0;5;1;6;4;3;0;10;25;0;5;0;4;20;0.5445806349399076;4;24;3;5;0;8;22;1.5577043448557946;6;2;5;3;0;3;7;-1.9683899834227878;4;24;13;4;3;2;2;2;2;1;2;10;11;6;9;25;2;11;15;6;2;6;4;14;5;2;17;21;6.124139100287542;6;1;3;2;0;21;-8.852502455072187;19;2;13;19;1;1;5;24;1;21;-4.695600703426718;25;3;0;25;24
TRACK:1545;1531;-1;3;0;5;2;10;17;4;3;2;2;2;2;1;2;10;11;6;9;25;6;3;3;8;6;2;6;4;14;5;2;17;21;6.332939349628932;6;1;3;2;0;21;-9.274850488575632;19;2;15;19;1;1;5;24;1;21;-4.5874988448436795;25;3;0;25;24
TRACK:1546;1533;-1;3;0;5;0;5;1;6;4;3;0;10;25;6;4;15;6;2;5;3;0;3;7;-1.7555892688693664;4;24;13;4;3;2;25;6;1;3;2;0;21;-8.85123139164241;11;2;13;19;1;1;5;24;1;21;-4.825812678626924;25;3;5;25
TRACK:1547;1535;-1;3;0;5;0;5;1;6;4;3;0;10;25;0;5;0;4;20;0.5957331150080178;4;24;3;5;0;8;22;1.8781406518460555;6;1;19;24;4;3;2;2;6;3;0;4;11;1;24;10;3;4;6;4;17;6;1;3;2;0;21;-8.928842787484086;11;2;13;19;1;1;5;24;1;21;-4.79072985709245;25;3;5;25
TRACK:1548;1537;-1;3;0;5;0;5;1;6;4;3;0;10;25;0;5;0;4;20;0.5755982973852511;4;24;3;5;0;8;22;1.964009064699931;6;2;4;14;13;4;3;2;2;2;2;1;2;10;11;6;9;4;3;24;6;3;3;8;6;2;6;4;14;6;10;6;1;3;2;0;21;-8.945540693429797;11;2;13;9;1;20;0.5194944067204261;22;-0.4131335688998945
TRACK:1549;509;-1;3;0;5;0;5;1;6;4;3;0;10;25;0;5;4;15;3;5;0;8;22;1.8512462977245527;6;2;5;3;0;3;7;-1.7829393268283593;4;24;13;4;3;2;2;2;2;1;2;10;17;6;9;25;6;3;3;8;6;2;6;4;14;5;2;17;21;6.476379646076977;6;1;3;2;0;21;-8.953822480745828;11;2;13;19;1;1;5;24;1;21;-4.89591472197885;25;3;5;25
EVAL_INSTANCE:77:0:1540
EVAL_INSTANCE:77:1:1541
EVAL_INSTANCE:77:2:1542
EVAL_INSTANCE:77:3:1543
EVAL_INSTANCE:77:4:1544
EVAL_INSTANCE:77:5:1545
EVAL_INSTANCE:77:6:1546
EVAL_INSTANCE:77:7:1547
EVAL_INSTANCE:77:8:1548
EVAL_INSTANCE:77:9:1549
RUN_RESULT:77:0:0:10:UUUURULULL
RUN_RESULT:77:1:0:940:UUUURLDLL
RUN_RESULT:77:2:0:19:UUUURULULL
RUN_RESULT:77:3:0:2000:----
RUN_RESULT:77:4:0:10:UUUURULULL
RUN_RESULT:77:5:0:2000:----
RUN_RESULT:77:6:0:2000:----
RUN_RESULT:77:7:0:2000:----
RUN_RESULT:77:8:0:2000:----
RUN_RESULT:77:9:0:2000:----
    78 |      780 | -3.990000E+03 | -3.990000E+03
TRACK:1550;547;567;3;0;5;0;5;1;6;4;3;0;10;25;0;5;0;4;20;0.6163724510451069;4;24;3;5;0;8;22;1.781538475512475;6;1;19;24;4;3;2;2;2;2;1;2;10;17;6;9;25;6;3;3;8;6;2;6;4;14;5;2;17;21;6.413665836382024;1;5;24;1;21;-4.712273777889777;25
TRACK:1551;547;567;3;0;5;0;5;1;6;4;3;0;10;25;0;5;0;4;25;4;24;3;5;0;8;22;1.5847910097815714;6;2;5;3;0;3;7;-1.955386870631307;4;24;13;4;3;2;2;2;2;1;2;10;11;6;9;25;6;3;3;8;6;2;6;4;14;5;2;17;21;6.262568272526572;6;1;3;2;0;21;-8.749035212796752;24;2;13;20;-4.280543820769656;1;1;5;24;1;21;-4.712273777889777;25;3;5;25
TRACK:1552;509;381;3;0;5;0;5;1;6;4;3;0;10;25;0;5;0;4;20;0.6757035951212185;4;19;3;5;0;8;22;1.7737653774675808;6;2;5;3;0;3;7;-1.7577624029895191;4;24;13;4;3;2;2;2;2;1;2;10;25;6;9;25;6;3;3;8;6;2;6;4;14;5;2;17;21;6.378544981383671;6;1;3;2;0;21;-8.89127796906232;11;2;13;19;1;1;5;24;1;21;-4.828989826537952;25;3;5;25
TRACK:1553;509;381;3;0;5;0;5;1;6;4;3;0;10;25;0;5;0;4;20;0.5334300884931266;4;24;3;5;0;8;22;1.7958792404530506;6;2;5;3;0;3;7;-1.884791555238767;4;24;13;4;3;2;2;2;2;1;2;21;-8.89127796906232;11;6;9;4;3;24;6;3;3;8;6;2;6;4;14;5;2;17;21;6.202527850922802;6;1;3;2;0;21;-8.998512119765355;11;2;13;19;1;1;5;24;5;20;-8.731021694943875;3;5;25
TRACK:1554;542;542;3;0;5;0;5;1;6;4;3;0;10;25;0;5;0;4;20;0.6812157983887053;4;19;3;5;0;8;22;1.7381989359384042;6;2;5;3;0;3;7;-1.7118801581016863;4;24;13;4;3;2;2;2;2;1;2;10;17;6;9;25;6;3;3;8;6;4;14;6;1;3;4;13;1;1;5;9;1;21;-4.703083459155892;25;3;5;25
TRACK:1555;542;542;3;0;5;0;5;1;6;4;3;0;10;25;0;5;0;4;20;0.6812157983887053;4;19;3;5;0;8;22;1.7381989359384042;6;2;5;3;0;3;7;-1.7118801581016863;4;24;13;4;3;2;2;2;2;1;2;10;17;6;9;25;6;3;3;8;6;2;6;4;14;5;2;17;21;6.399232195658325;6;1;3;4;13;1;1;5;9;1;21;-4.703083459155892;25;3;5;25
TRACK:1556;547;526;3;0;5;0;5;1;6;4;3;0;10;25;0;5;0;4;20;0.6163724510451069;4;24;3;5;0;8;22;1.781538475512475;6;1;19;24;4;3;2;2;2;2;1;2;10;17;6;9;25;6;3;3;8;3;3;8;6;1;3;2;0;21;-8.798170546052466;11;2;13;19;1;1;5;24;1;21;-4.909247867364276;25;3;5;25
TRACK:1557;547;526;3;0;5;0;5;1;6;4;3;0;10;25;0;5;0;4;20;0.6317182326717258;4;24;3;5;0;8;22;1.9211733964180546;6;2;5;3;0;3;7;-1.9035107509581097;4;24;13;4;3;2;2;2;2;1;2;10;11;6;9;4;3;24;6;3;3;8;6;2;10;17;6;1;3;2;0;21;-8.940042557827399;11;2;13;19;1;1;5;24;5;8;3;5;25
TRACK:1558;381;566;3;0;5;0;5;1;6;4;3;0;10;25;0;5;0;4;20;0.5334300884931266;4;24;3;5;0;8;22;1.7958792404530506;6;2;5;3;0;3;7;-1.884791555238767;4;24;13;4;3;2;2;2;2;1;2;10;11;6;9;4;3;24;6;3;3;8;6;2;6;4;14;5;2;17;21;6.202527850922802;6;1;3;2;0;21;-8.998512119765355;11;2;13;19;1;1;5;21;-8.826652726924944;5;20;-8.731021694943875;3;5;25
TRACK:1559;381;566;3;0;5;0;5;1;6;4;3;0;10;25;0;5;0;4;20;0.7351769399066475;4;24;3;14;6;2;5;3;0;3;7;-1.835310306323171;4;24;13;4;3;2;2;2;2;1;2;10;11;6;9;4;3;24;6;3;3;8;6;2;6;4;14;6;10;6;1;3;2;0;21;-8.826652726924944;11;2;13;9;1;1;5;25;5;8;3;5;25
TRACK:1560;547;-1;3;0;5;0;5;1;6;4;3;0;10;25;0;5;0;4;20;0.7346034970720996;4;24;3;5;0;8;22;1.7325540546816955;6;1;19;24;4;3;2;2;2;2;1;2;10;17;6;9;4;10;6;3;3;8;6;2;6;4;14;5;2;17;21;6.399167495785953;6;1;3;2;0;21;-8.80928136362264;11;2;13;19;1;1;5;24;1;21;-4.973191217680887;25;3;5;25
TRACK:1561;1552;-1;3;0;5;0;5;1;3;21;8.067844398760357;0;5;0;4;20;0.7468498025714442;4;19;3;5;0;8;22;1.787665803396774;6;2;5;3;0;3;7;-1.7224768411531102;4;24;13;4;3;2;2;2;2;1;2;10;25;6;9;25;6;3;3;8;6;2;6;4;14;5;2;17;21;6.32721557184959;6;1;3;2;0;21;-8.88395330230351;11;2;13;19;1;1;5;24;1;21;-4.657446678196089;25;3;5;25
TRACK:1562;1554;-1;3;0;5;0;5;1;6;4;3;0;10;25;0;5;0;4;20;0.7013420150796575;4;19;3;5;0;8;22;1.8952510841289627;6;2;2;6;10;0;9;12;13;4;3;2;2;2;2;1;2;10;17;6;9;25;6;3;3;8;6;4;14;6;1;3;4;13;1;1;5;9;1;21;-4.602010161460896;25;3;5;25
TRACK:1563;1556;-1;3;0;5;0;5;1;6;4;3;0;10;25;0;5;0;4;20;0.7043740152419535;4;24;2;1;2;16;19;0;18;9;0;2;24;10;3;11;6;1;19;24;4;3;2;2;2;2;1;2;10;17;6;9;25;6;3;3;8;3;3;8;6;1;3;2;0;21;-8.71916730924329;11;2;13;19;1;1;5;24;1;21;-5.102720879223502;25;3;5;25
TRACK:1564;1558;-1;3;0;5;0;5;1;6;4;3;0;10;25;0;5;0;4;20;0.6070241877848035;4;24;3;5;0;8;22;1.6577049973529465;6;2;5;3;0;3;7;-1.9887397754595495;4;24;13;4;3;2;2;2;2;1;2;10;11;6;9;4;3;24;6;3;3;8;6;2;6;4;14;5;2;17;21;6.230923158526723;6;1;3;2;0;21;-8.970257411005766;11;2;13;19;1;1;5;21;-8.855040910215138;5;20;-8.767667585167347;4;0;13;21;9.17289393393251
TRACK:1565;567;-1;3;0;5;0;5;1;6;4;3;0;10;25;0;5;0;4;20;0.7060673119663049;4;24;3;5;0;8;22;1.705814763379228;6;2;5;3;0;3;7;-1.9967921155022466;4;24;13;4;3;2;2;2;2;1;2;10;11;6;9;25;6;3;3;8;6;2;6;4;14;5;2;17;21;6.2488334020783345;6;4;9
TRACK:1566;1553;-1;3;0;5;0;5;1;6;4;3;0;10;25;0;5;0;4;20;0.4992986396507133;4;24;3;5;0;8;22;1.8070655556309243;6;2;5;3;0;3;7;-1.8372591137454846;4;24;13;4;3;2;2;2;0;0;9;8;5;7;-7.32545667050845;6;3;3;8;6;2;6;4;14;5;2;17;21;6.162113097167617;6;1;3;2;0;21;-8.8635337936881;11;2;13;19;1;1;5;24;5;20;-8.862487218985576;3;5;25
TRACK:1567;1555;-1;3;0;5;0;5;1;6;4;3;0;10;25;0;5;0;4;20;0.7313708519672606;4;19;3;5;0;8;22;1.598471792143281;6;2;5;3;0;3;7;-1.718385279515683;4;24;13;4;3;2;2;2;2;1;2;10;17;6;9;25;6;3;3;8;6;2;6;4;14;5;2;17;21;6.395678283080459;6;1;3;4;13;1;1;5;9;1;21;-4.505224987156752;25;3;5;25
TRACK:1568;1557;-1;3;0;5;0;5;1;6;4;3;0;10;25;0;5;0;4;19;4;24;3;5;0;8;22;1.8248657046744123;6;2;5;3;0;3;7;-1.9558618333368152;4;24;13;4;3;2;2;2;2;1;2;10;11;6;9;4;3;24;6;3;3;8;6;2;10;17;6;1;3;2;0;21;-8.841314407378194;11;2;13;19;1;1;5;24;5;8;3;5;25
TRACK:1569;1559;-1;3;0;5;0;5;1;6;4;3;0;10;25;0;5;0;4;20;0.711311069072405;4;24;3;14;6;2;5;3;0;3;7;-1.755540606955941;4;24;13;4;3;2;2;2;2;1;2;10;11;6;9;4;3;24;6;3;3;8;6;2;6;4;14;6;10;6;1;3;6;0;8;8;1;1;5;25;5;8;3;5;25
EVAL_INSTANCE:78:0:1560
EVAL_INSTANCE:78:1:1561
EVAL_INSTANCE:78:2:1562
EVAL_INSTANCE:78:3:1563
EVAL_INSTANCE:78:4:1564
EVAL_INSTANCE:78:5:1565
EVAL_INSTANCE:78:6:1566
EVAL_INSTANCE:78:7:1567
EVAL_INSTANCE:78:8:1568
EVAL_INSTANCE:78:9:1569
RUN_RESULT:78:0:0:2000:----
RUN_RESULT:78:1:0:2000:----
RUN_RESULT:78:2:0:2000:----
RUN_RESULT:78:3:0:2000:----
RUN_RESULT:78:4:0:2000:----
RUN_RESULT:78:5:0:10:UUUURULULL
RUN_RESULT:78:6:0:99:UUUULLRLULLL
RUN_RESULT:78:7:0:10:UUUURULULL
RUN_RESULT:78:8:0:2000:----
RUN_RESULT:78:9:0:19:UUUURULULL
    79 |      790 | -3.990000E+03 | -3.990000E+03
TRACK:1570;566;509;3;0;5;0;5;1;6;4;3;0;10;25;0;5;0;4;20;0.7351769399066475;4;24;3;5;0;8;22;1.9178699543291196;6;2;5;3;0;3;7;-1.835310306323171;4;24;13;4;3;2;2;2;2;1;2;10;11;6;9;4;3;24;6;3;3;8;6;2;6;4;14;6;10;6;1;3;2;0;21;-8.826652726924944;11;2;17;9;1;1;5;25;5;8;3;5;25
TRACK:1571;566;509;3;0;5;0;5;1;6;4;3;0;10;25;0;5;0;4;20;0.6757035951212185;4;19;3;5;0;8;22;1.7737653774675808;6;2;5;3;0;3;7;-1.7577624029895191;4;24;13;4;14
TRACK:1572;542;381;3;0;5;0;5;1;6;6;9;0;5;0;4;20;0.6812157983887053;4;19;3;5;0;8;22;1.7381989359384042;6;2;5;3;0;3;7;-1.7118801581016863;4;24;13;4;3;2;2;2;2;1;2;10;17;6;9;25;6;3;3;8;6;2;6;4;14;5;2;17;21;6.399232195658325;6;1;3;4;13;1;1;5;9;1;21;-4.703083459155892;25;3;5;25
TRACK:1573;542;381;3;0;5;0;5;1;6;4;1;21;-4.703083459155892;25;0;5;0;4;20;0.5334300884931266;4;24;3;5;0;8;22;1.7958792404530506;6;2;5;3;0;3;7;-1.884791555238767;4;24;13;4;3;2;2;2;2;1;2;10;11;6;9;4;3;24;6;3;3;8;6;2;6;4;14;5;2;17;21;6.202527850922802;6;1;3;2;0;21;-8.998512119765355;11;2;13;19;1;1;5;24;5;20;-8.731021694943875;3;5;25
TRACK:1574;561;563;3;0;5;0;5;1;6;4;3;0;10;25;0;5;0;4;20;0.6297388137510807;4;24;3;5;0;8;22;1.6387679997652442;6;24;4;3;2;2;2;2;1;2;10;11;6;9;25;6;3;3;8;6;2;6;4;14;5;2;17;21;6.171067081651891;6;1;3;2;0;21;-8.979766359132212;19;2;13;19;1;1;5;24;1;21;-4.778116458091936;25;3;0;25;24
TRACK:1575;561;563;3;0;5;0;5;1;6;4;3;0;10;25;0;5;0;4;20;0.645115706562894;4;24;3;5;0;24;22;1.8004489927088398;6;1;19;24;4;3;2;2;2;2;1;2;10;17;6;9;25;6;3;3;8;6;2;6;4;14;5;2;17;21;6.291213416371669;6;1;3;2;0;21;-8.615295463753146;17;2;13;19;1;1;5;24;1;21;-4.768306165220745;25;3;5;25
TRACK:1576;489;567;3;0;5;0;5;1;6;4;3;0;10;25;0;5;0;4;20;0.5944776144782205;4;24;3;5;0;8;22;1.6521541418814543;6;2;5;3;0;3;8;4;24;13;4;3;2;2;2;2;1;2;10;11;6;9;25;6;3;3;8;6;2;6;4;14;5;2;17;21;6.304053572782502;6;1;3;2;0;21;-8.942458218385559;11;2;13;19;1;1;5;24;1;21;-4.903815446000335;25;3;5;25
TRACK:1577;489;567;3;0;5;0;5;1;6;4;3;0;10;25;0;5;0;4;20;0.554959567811991;4;24;3;5;0;8;22;1.5847910097815714;6;2;5;3;6;9;13;4;3;2;2;2;2;1;2;10;11;6;9;25;6;3;3;8;6;2;6;4;14;5;2;17;21;6.262568272526572;6;1;3;2;0;21;-8.749035212796752;24;2;13;20;-4.280543820769656;1;1;5;24;1;21;-4.712273777889777;25;3;5;25
TRACK:1578;542;526;3;0;5;0;5;1;6;4;3;0;10;25;0;5;0;4;20;0.6812157983887053;4;19;3;5;0;8;22;1.7381989359384042;6;2;5;3;0;3;7;-1.7118801581016863;4;24;5;24;4;3;2;2;2;2;1;2;10;17;6;9;25;6;3;3;8;6;2;6;4;14;5;2;17;21;6.399232195658325;6;1;3;4;13;1;1;5;9;1;21;-4.703083459155892;25;3;5;25
TRACK:1579;542;526;3;0;5;0;5;21;-4.703083459155892;6;2;5;3;0;3;7;-1.9035107509581097;4;24;13;4;3;2;2;2;2;1;2;10;11;6;9;4;3;24;6;3;3;8;6;2;6;4;14;6;10;6;1;3;2;0;21;-8.940042557827399;11;2;13;19;1;1;5;24;5;8;3;5;25
TRACK:1580;1570;-1;3;0;5;0;5;1;6;4;3;0;10;25;0;5;0;4;20;0.6769266015601624;4;24;3;5;0;8;22;1.7432383383123344;6;2;6;21;-3.8945528310657878;13;4;3;2;2;2;2;1;2;10;11;6;9;4;3;24;6;3;3;8;6;2;6;4;14;6;10;6;1;3;2;0;21;-8.69363334405392;11;2;17;9;1;1;5;25;5;8;3;5;25
TRACK:1581;542;-1;3;0;5;0;5;1;6;4;3;0;10;25;0;5;0;4;20;0.7615448725018856;4;19;3;5;0;8;22;1.6698240086411884;6;2;5;3;0;3;10;4;24;13;4;3;2;2;2;2;1;2;10;17;6;9;25;6;3;3;8;6;2;6;4;14;5;2;17;21;6.52534545615191;6;1;3;4;13;1;1;5;9;1;21;-4.66122135308755;25;3;5;25
TRACK:1582;1574;-1;3;0;5;0;5;1;6;4;3;0;10;25;0;5;0;4;20;0.7479135900002923;4;24;3;5;0;8;22;1.5972856520960654;6;24;4;3;2;2;2;2;1;2;10;11;6;9;25;6;3;3;23;2.4215903519062536;6;2;6;4;14;5;2;17;21;6.11919396629486;6;1;3;2;0;21;-9.02075662943417;19;2;13;19;1;1;5;24;1;21;-4.835527446263933;25;3;0;25;24
TRACK:1583;1576;-1;3;0;5;0;5;1;6;4;3;0;10;25;0;5;0;4;20;0.5442824718223476;0;21;-3.077876230895802;21;-8.089299591697422;3;5;0;8;22;1.509656769916457;6;2;5;3;0;3;8;4;24;13;4;3;2;2;2;2;1;2;10;11;6;9;25;6;3;3;8;6;2;6;4;14;5;2;17;21;6.213175870993069;6;1;3;2;0;21;-8.889823369038433;11;2;13;19;1;1;5;24;1;21;-4.905578963890803;25;3;5;25
TRACK:1584;1578;-1;3;0;5;0;5;1;6;4;3;0;10;25;0;5;0;4;20;0.518995630954412;4;19;3;5;0;8;22;1.7005630578973336;6;2;5;3;0;3;7;-1.7876535473072983;4;24;5;24;4;3;2;2;2;2;1;2;10;17;6;9;25;6;3;3;8;6;2;6;4;14;5;23;-9.195412583878525;6;1;3;4;13;1;1;5;9;1;21;-4.617811055124869;25;3;5;25
TRACK:1585;1571;-1;3;0;5;0;5;1;6;4;3;0;10;25;0;5;0;4;20;0.7980997333952748;4;19;3;5;0;8;22;1.6135421141734643;6;2;5;3;0;3;7;-1.6789234667033337;4;17;13;4;14
TRACK:1586;381;-1;3;0;5;0;5;1;6;4;3;0;10;25;0;5;0;4;20;0.4571022443069499;4;24;3;5;0;8;22;1.770555641263068;6;2;5;3;0;3;7;-1.85758216268816;4;24;13;4;3;2;2;2;2;1;2;10;11;6;9;4;3;24;6;3;3;8;6;2;6;4;14;5;2;17;21;6.458350860585309;6;1;1;2;0;11;10;6;12;0;6;9;4;25;1;1;5;24;5;20;-8.73196617861601;3;5;25
TRACK:1587;1575;-1;3;0;5;0;5;1;6;4;3;0;10;25;0;5;0;4;20;0.5022051418971923;4;24;3;5;0;24;22;1.8577393868576124;6;1;19;24;4;3;2;2;2;2;1;5;15;6;9;25;6;3;3;8;6;2;6;4;14;5;2;17;21;6.403704818051104;6;1;3;2;0;21;-8.570445235816612;17;2;13;19;1;1;5;24;1;21;-4.746379874451051;25;3;5;25
TRACK:1588;1577;-1;3;0;5;0;5;1;6;4;3;0;10;25;0;5;0;4;20;0.6685754526465956;4;24;3;5;0;8;22;1.3553211013350082;6;2;5;3;6;9;13;4;3;2;2;2;2;1;2;10;11;6;9;25;6;3;3;8;6;2;6;4;25;5;2;17;21;6.243007537127931;6;1;3;2;0;21;-8.679441733952277;24;2;13;20;-4.035150050338279;1;1;5;24;1;21;-4.7378482088845075;25;3;5;25
TRACK:1589;1579;-1;3;0;5;0;5;21;-4.713277251396336;6;2;5;3;0;3;7;-1.9011624796647744;4;24;13;4;4;0;5;0;0;2;1;18;14;5;11;2;3;23;-2.705551456234934;6;13;2;5;3;21;4.43295305708773;4;6;12;2;6;6;5;0;25;7;-9.225117519630652;4;4;0;3;20;-1.2424703524500131;0;16;21;-3.401442900406133
EVAL_INSTANCE:79:0:1580
EVAL_INSTANCE:79:1:1581
EVAL_INSTANCE:79:2:1582
EVAL_INSTANCE:79:3:1583
EVAL_INSTANCE:79:4:1584
EVAL_INSTANCE:79:5:1585
EVAL_INSTANCE:79:6:1586
EVAL_INSTANCE:79:7:1587
EVAL_INSTANCE:79:8:1588
EVAL_INSTANCE:79:9:1589
RUN_RESULT:79:0:0:2000:----
RUN_RESULT:79:1:0:10:UUUURULULL
RUN_RESULT:79:2:0:2000:----
RUN_RESULT:79:3:0:2000:----
RUN_RESULT:79:4:0:2000:----
RUN_RESULT:79:5:0:1150:UUUULLRLULLL
RUN_RESULT:79:6:0:10:UUUURULULL
RUN_RESULT:79:7:0:2000:----
RUN_RESULT:79:8:0:2000:----
RUN_RESULT:79:9:0:2000:----
    80 |      800 | -3.990000E+03 | -3.990000E+03
TRACK:1590;526;542;3;0;5;0;5;1;6;4;3;0;10;25;0;5;0;4;20;0.6317182326717258;4;24;3;5;0;8;22;1.9211733964180546;6;2;5;3;0;3;7;-1.9035107509581097;4;24;13;4;3;2;2;2;2;1;2;10;11;6;9;4;3;24;6;3;3;8;6;2;6;4;14;6;10;6;1;3;2;0;21;-8.940042557827399;11;2;13;19;1;1;0;10;25;5;8;3;5;25
TRACK:1591;526;542;3;0;5;0;5;1;6;4;25;0;5;0;4;20;0.6812157983887053;4;19;3;5;0;8;22;1.7381989359384042;6;2;5;3;0;3;7;-1.7118801581016863;4;24;13;4;3;2;2;2;2;1;2;10;17;6;9;25;6;3;3;8;6;2;6;4;14;5;2;17;21;6.399232195658325;6;1;3;4;13;1;1;5;9;1;21;-4.703083459155892;25;3;5;25
TRACK:1592;509;563;3;0;5;0;5;1;6;4;3;0;10;25;0;5;0;4;20;0.6757035951212185;4;19;3;5;0;8;22;1.7737653774675808;6;2;5;3;0;3;7;-1.7577624029895191;4;24;13;4;3;2;2;2;2;1;2;10;17;6;9;25;6;3;3;8;6;2;1;19;24;5;2;17;21;6.378544981383671;6;1;3;2;0;21;-8.89127796906232;11;2;13;19;1;1;5;24;1;21;-4.828989826537952;25;3;5;25
TRACK:1593;509;563;3;0;5;0;5;13;6;1;19;24;4;3;2;2;2;2;1;2;10;17;6;9;25;6;3;3;8;6;2;6;4;14;5;2;17;21;6.291213416371669;6;1;3;2;0;21;-8.615295463753146;17;2;13;19;1;1;5;24;1;21;-4.768306165220745;25;3;5;25
TRACK:1594;567;489;3;0;5;0;2;5;3;0;3;7;-1.9347451502148856;4;24;13;6;2;5;3;0;3;7;-1.955386870631307;4;24;13;4;3;2;2;2;2;1;2;10;11;6;9;25;6;3;3;8;6;2;6;4;14;5;2;17;21;6.262568272526572;6;1;3;2;0;21;-8.749035212796752;24;2;13;20;-4.280543820769656;1;1;5;24;1;21;-4.712273777889777;25;3;5;25
TRACK:1595;567;489;3;0;25;4;3;2;2;2;2;1;2;10;11;6;9;25;6;3;3;8;6;2;6;4;14;5;2;17;21;6.304053572782502;6;1;3;2;0;21;-8.942458218385559;11;2;13;19;1;1;5;24;1;21;-4.903815446000335;25;3;5;25
TRACK:1596;563;561;3;0;5;0;5;1;6;4;3;0;10;25;0;5;0;4;20;0.645115706562894;4;24;3;5;0;8;22;1.8004489927088398;6;1;19;24;4;3;2;2;2;2;1;2;10;17;6;9;25;6;3;3;8;6;2;6;4;14;5;2;17;21;6.291213416371669;6;24
TRACK:1597;563;561;3;0;5;0;5;1;6;4;3;0;10;25;0;5;0;4;20;0.6297388137510807;4;24;3;5;0;8;22;1.6387679997652442;6;2;5;3;0;3;7;-1.9983925114321415;4;24;13;4;3;2;2;2;2;1;2;10;11;6;9;25;6;3;3;8;6;2;6;4;14;5;2;17;21;6.171067081651891;6;1;3;5;25;1;1;5;24;1;21;-4.778116458091936;25;3;0;25;24
TRACK:1598;566;509;3;0;5;0;5;1;6;4;3;0;10;25;0;5;0;4;20;0.7351769399066475;4;24;3;5;0;8;22;1.9178699543291196;6;2;5;3;0;4;20;0.6757035951212185;4;24;13;4;3;2;2;2;2;1;2;10;11;6;9;4;3;24;6;3;3;8;6;2;6;4;14;6;10;6;1;3;2;0;21;-8.826652726924944;11;2;13;9;1;1;5;25;5;8;3;5;25
TRACK:1599;566;509;3;0;5;0;5;1;6;4;3;0;10;25;0;5;0;4;20;0.6757035951212185;4;19;3;5;0;8;22;1.7737653774675808;6;2;5;3;0;3;7;-1.7577624029895191;8;13;4;3;2;2;2;2;1;2;10;17;6;9;25;6;3;3;8;6;2;6;4;14;5;2;17;21;6.378544981383671;6;1;3;2;0;21;-8.89127796906232;11;2;13;19;1;1;5;24;1;21;-4.828989826537952;25;3;5;25
TRACK:1600;526;-1;3;0;5;0;5;1;6;4;3;0;10;25;0;5;0;4;20;0.6346222515326743;4;24;3;5;0;8;22;2.0075989731014716;6;2;5;3;0;3;7;-1.6994578365555553;4;24;13;4;3;2;2;2;2;1;2;19;22;-4.60279195266307;6;9;4;3;24;6;3;3;8;6;2;6;4;14;6;10;6;1;3;2;0;21;-9.113520091247032;11;2;13;19;1;1;5;24;5;8;3;5;25
TRACK:1601;1592;-1;3;0;5;0;5;1;6;4;3;0;10;25;0;5;0;4;20;0.6267542000808772;4;19;3;5;0;8;22;1.6228547463201186;6;2;5;3;0;3;7;-1.7225259472024548;4;24;13;4;3;2;2;2;2;1;2;10;17;6;9;25;6;3;3;8;5;2;3;16;4;20;2.590084999130898;6;1;3;2;0;21;-9.01493736889058;11;2;13;19;1;1;5;24;1;21;-4.708124340939747;25;3;5;25
TRACK:1602;567;-1;3;0;5;0;5;1;6;4;3;0;10;23;-9.374926879359016;0;5;0;4;20;0.4811169619215634;4;24;3;5;0;8;22;1.7688636589405666;6;2;5;3;0;3;7;-2.018959280635827;4;24;13;4;3;2;2;2;2;1;2;10;11;6;9;25;6;3;3;8;6;2;6;4;14;5;2;17;21;6.43583162278453;6;1;3;2;0;21;-8.688866737026938;24;2;13;20;-4.3768173333647455;1;1;5;24;1;21;-4.676015190447616;25;3;5;25
TRACK:1603;1596;-1;3;0;5;0;5;1;6;4;3;0;10;25;0;5;0;4;20;0.5676907190724125;4;24;3;5;0;13;22;1.790972145183913;6;1;19;24;4;3;2;2;2;2;1;2;10;17;6;9;25;6;3;3;8;6;2;6;4;14;5;2;17;21;6.335207806145904;6;24
TRACK:1604;1598;-1;3;0;5;0;5;1;6;4;3;0;10;25;0;5;0;4;20;0.8251895741843852;4;24;3;5;0;8;22;1.8573308186305306;6;2;5;3;5;17;13;4;3;2;2;2;2;1;2;10;11;6;9;4;3;24;6;3;3;8;6;2;6;4;14;6;10;6;1;3;2;0;21;-8.717284465856018;11;2;13;9;1;1;5;25;5;8;3;5;25
TRACK:1605;542;-1;3;0;5;0;5;1;6;4;3;0;10;25;0;5;0;4;20;0.901833542151502;4;19;2;0;11;7;-7.894556437213098;3;9;6;2;5;3;0;3;7;-1.7726255842835303;4;24;13;4;3;2;2;2;2;1;2;10;17;6;9;25;6;3;3;8;6;2;6;4;14;5;2;17;21;6.348239637731262;6;1;3;4;13;1;1;5;9;1;21;-4.634983124958773;25;3;5;25
TRACK:1606;1593;-1;3;0;5;0;5;13;6;1;19;24;4;3;2;2;2;2;1;2;10;17;6;9;25;6;3;3;8;6;2;6;4;14;5;2;17;21;6.293030706330243;6;3;1;12;14
TRACK:1607;489;-1;3;0;5;0;5;1;6;4;3;0;10;25;0;5;0;4;20;0.711473717865144;4;24;3;5;0;8;22;1.7378533286663878;6;2;5;3;0;3;7;-1.9915811989031387;4;24;13;4;3;2;2;2;2;1;2;10;11;6;9;25;6;3;3;8;6;2;6;4;14;5;2;17;21;6.171590077380352;1;4;5;14;1;0;25;11;5;17
TRACK:1608;1597;-1;3;0;5;0;5;1;6;4;3;0;10;25;0;5;0;4;20;0.6751717224569364;4;24;3;5;0;8;22;1.7634463736066721;6;2;5;3;0;3;7;-1.9386717216174767;4;24;13;4;3;2;2;2;2;1;2;19;11;6;9;25;6;3;3;8;6;2;6;4;14;5;2;17;21;6.1034132200398545;6;1;3;5;25;1;1;5;24;1;21;-4.841198268287531;25;3;0;25;24
TRACK:1609;1599;-1;3;0;5;0;5;1;6;4;3;0;21;2.8821287104831015;25;0;5;0;4;20;0.6337495716624744;4;19;3;5;0;8;22;1.769919894091663;6;2;5;3;0;3;7;-1.6428996307740693;8;13;4;3;2;2;2;2;1;2;10;17;6;9;25;6;3;3;8;6;2;6;4;14;5;2;17;21;6.335158756864997;6;1;3;2;0;21;-9.010001295877306;11;2;13;19;1;1;5;24;1;21;-4.882605373450454;25;3;5;25
EVAL_INSTANCE:80:0:1600
EVAL_INSTANCE:80:1:1601
EVAL_INSTANCE:80:2:1602
EVAL_INSTANCE:80:3:1603
EVAL_INSTANCE:80:4:1604
EVAL_INSTANCE:80:5:1605
EVAL_INSTANCE:80:6:1606
EVAL_INSTANCE:80:7:1607
EVAL_INSTANCE:80:8:1608
EVAL_INSTANCE:80:9:1609
RUN_RESULT:80:0:0:2000:----
RUN_RESULT:80:1:0:10:UUUURULULL
RUN_RESULT:80:2:0:940:UUUURLDLL
RUN_RESULT:80:3:0:10:UUUURULULL
RUN_RESULT:80:4:0:10:UUUURULULL
RUN_RESULT:80:5:0:19:UUUURULULL
RUN_RESULT:80:6:0:2000:----
RUN_RESULT:80:7:0:10:UUUURULULL
RUN_RESULT:80:8:0:1150:UUUULLRLULLL
RUN_RESULT:80:9:0:10:UUUURULULL
    81 |      810 | -3.990000E+03 | -3.990000E+03
TRACK:1610;547;542;3;0;5;0;5;1;6;4;3;0;10;25;0;5;0;4;20;0.6163724510451069;4;24;3;5;0;8;22;1.781538475512475;6;1;19;24;4;3;2;2;2;2;1;2;10;17;6;9;25;6;3;3;8;6;2;6;4;14;5;2;17;21;6.413665836382024;6;1;3;2;0;21;-8.798170546052466;11;2;13;8;1;1;5;24;1;21;-4.909247867364276;25;3;5;25
TRACK:1611;547;542;3;0;5;0;5;1;6;4;3;17;0;5;0;4;20;0.6812157983887053;4;19;3;5;0;8;22;1.7381989359384042;6;2;5;3;0;3;7;-1.7118801581016863;4;24;13;4;3;2;2;2;2;1;2;10;17;6;9;25;6;3;3;8;6;2;6;4;14;5;2;17;21;6.399232195658325;6;1;3;4;13;1;1;5;9;1;21;-4.703083459155892;25;3;5;25
TRACK:1612;566;381;3;0;5;0;5;1;6;4;3;0;10;25;0;5;0;4;20;0.7351769399066475;4;24;3;5;0;8;22;1.9178699543291196;6;2;5;3;0;3;7;-1.835310306323171;4;24;13;4;3;2;2;2;2;1;2;10;11;6;9;4;3;24;6;3;3;8;6;2;6;4;14;6;10;6;1;3;2;24;2;13;9;1;1;5;25;5;8;3;5;25
TRACK:1613;566;381;3;0;5;0;5;1;6;4;3;0;10;25;0;5;0;4;20;0.5334300884931266;4;24;3;5;0;8;22;1.7958792404530506;6;2;5;3;0;3;7;-1.884791555238767;4;24;13;4;3;2;2;2;2;1;2;10;11;6;9;4;3;24;6;3;3;8;6;11;6;1;3;2;0;21;-8.998512119765355;11;2;13;19;1;1;5;24;5;20;-8.731021694943875;3;5;25
TRACK:1614;561;567;3;0;5;0;5;1;6;4;3;0;10;25;0;5;0;4;20;0.6297388137510807;4;24;3;5;0;8;22;1.6387679997652442;6;2;5;3;0;3;7;-1.9983925114321415;4;24;13;4;3;2;2;2;2;1;2;10;11;6;9;25;6;3;3;8;6;2;6;4;14;24;6;1;3;2;0;21;-8.979766359132212;19;2;13;19;1;1;5;24;1;21;-4.778116458091936;25;3;0;25;24
TRACK:1615;561;567;3;3;5;0;8;22;1.6387679997652442
TRACK:1616;547;509;3;0;5;0;5;1;6;4;3;0;13;25;0;5;0;4;20;0.6163724510451069;4;24;3;5;0;8;22;1.781538475512475;6;1;19;24;4;3;2;2;2;2;1;2;10;17;6;9;25;6;3;3;8;6;2;6;4;14;5;2;17;21;6.413665836382024;6;1;3;2;0;21;-8.798170546052466;11;2;13;19;1;1;5;24;1;21;-4.909247867364276;25;3;5;25
TRACK:1617;547;509;3;0;5;0;5;1;6;4;3;0;10;25;0;5;0;4;20;0.6757035951212185;4;19;3;5;0;8;22;1.7737653774675808;6;2;5;3;0;3;7;-1.7577624029895191;4;24;13;4;3;2;2;2;2;1;2;10;17;6;9;25;6;3;3;8;6;2;6;4;14;5;2;17;21;6.378544981383671;6;1;3;2;0;21;-8.89127796906232;11;2;13;19;1;4;24;3;5;25
TRACK:1618;489;526;3;0;5;0;5;1;6;4;3;0;10;25;0;5;0;4;20;0.5944776144782205;4;24;3;5;0;8;22;1.6521541418814543;6;2;5;3;0;3;7;-1.9347451502148856;4;24;13;4;3;2;2;2;2;1;2;10;11;6;9;25;6;3;3;8;6;2;6;4;14;5;2;17;21;6.304053572782502;6;1;3;2;0;21;-8.942458218385559;11;2;13;19;1;1;5;24;1;21;-4.903815446000335;25;3;8
TRACK:1619;489;526;3;0;5;0;5;1;6;4;3;0;10;25;0;5;0;4;20;0.6317182326717258;4;24;3;5;0;8;22;1.9211733964180546;6;2;5;3;0;3;7;-1.9035107509581097;4;24;13;4;3;2;2;2;2;3;8;4;3;24;6;3;3;8;6;2;6;4;14;6;10;6;1;3;2;0;21;-8.940042557827399;11;2;13;19;1;1;5;24;5;8;3;5;25
TRACK:1620;1610;-1;3;0;5;0;5;1;6;4;3;0;10;25;0;4;11;3;5;0;8;22;1.7575495496050908;6;1;19;24;4;3;2;2;2;2;1;2;10;17;6;9;25;6;3;3;8;6;2;6;4;14;5;2;17;21;6.514377187445801;6;1;3;2;0;21;-8.686074328994106;11;2;13;8;1;1;5;24;1;21;-4.890480306050495;25;3;5;25
TRACK:1621;1612;-1;3;0;5;0;5;1;6;4;3;0;10;25;0;5;0;4;20;0.7998254249413287;4;24;3;5;0;8;22;1.968942871255694;6;2;5;3;0;3;7;-1.9172970211852254;4;24;13;4;3;2;2;2;2;1;2;10;11;6;9;4;3;24;6;3;3;8;6;2;6;4;14;6;10;6;1;6;7;1.8478436940817016;1;1;5;25;5;8;3;5;25
TRACK:1622;1614;-1;3;0;5;0;5;1;6;4;3;0;10;25;0;5;0;4;20;0.6095061083670391;4;24;3;5;0;8;22;1.535754395728755;6;2;5;3;0;3;7;-2.1042072271915235;4;24;13;4;3;2;2;2;2;1;2;10;11;6;9;25;6;3;3;8;6;2;6;4;14;24;6;1;3;0;6;18;5;10;1;1;5;24;1;21;-4.778779426361614;25;3;0;25;24
TRACK:1623;547;-1;3;0;5;0;5;1;6;4;3;0;10;25;0;5;0;4;20;0.6462773233874141;4;24;3;5;0;8;22;1.6498420383712937;6;1;19;24;4;3;2;2;2;2;1;2;10;17;6;9;25;6;3;3;8;6;2;6;4;14;5;2;17;21;6.414143366845698;6;1;3;2;0;21;-8.838588500269456;11;2;13;19;1;9;7;4.276526776288353
TRACK:1624;1618;-1;3;0;5;0;5;1;6;4;3;0;10;25;0;5;0;4;20;0.6751741883656031;4;24;3;5;0;8;22;1.7895184154136907;6;2;5;3;0;3;7;-1.8048876837257182;4;24;13;4;3;2;2;2;2;1;2;10;11;6;9;25;6;3;0;25;25;6;2;6;4;14;5;2;17;21;6.2622054971767485;6;1;3;2;0;21;-8.953109669760147;11;2;13;19;1;1;5;24;1;21;-4.890715463796129;25;3;8
TRACK:1625;1611;-1;3;0;5;0;5;1;6;4;3;17;0;5;0;4;20;0.7056297566018986;4;19;3;5;0;8;22;1.8415804537506615;6;2;5;3;0;3;7;-1.563343451912336;4;24;13;4;3;2;2;2;2;1;2;10;17;6;9;25;6;3;3;8;6;2;6;4;14;5;2;17;21;6.465626942825486;6;1;0;6;4;21;7.727347686187816;3;5;13;1;1;5;9;1;21;-4.711221496362303;25;3;5;25
TRACK:1626;1613;-1;3;0;5;0;5;1;6;4;3;0;10;25;0;5;0;4;20;0.8401924299686867;4;24;3;5;0;8;22;1.8301994860352977;6;2;5;3;0;3;7;-2.1358996302946522;4;24;13;4;3;2;2;2;2;1;2;23;-5.289975809686509;11;6;9;4;3;24;6;3;3;8;6;11;6;1;3;2;0;21;-9.022878528247299;11;2;13;19;1;1;5;24;5;20;-8.772771035481608;3;5;25
TRACK:1627;1615;-1;3;2;5;24;3;23;8.83732090666426
TRACK:1628;509;-1;3;0;5;0;5;1;6;4;3;0;10;25;0;5;1;2;18;23;7.515240265817994;3;21;6.422910408575774;3;5;0;8;22;1.806044213022278;6;2;5;3;0;3;7;-1.8522851022618663;4;24;13;4;3;2;2;2;2;1;2;10;17;6;9;25;6;3;3;8;6;2;6;4;14;5;2;17;21;6.446926537053599;6;1;3;2;0;21;-8.886986010242454;11;2;13;19;1;1;5;24;1;21;-4.837283603362127;25;3;5;25
TRACK:1629;1619;-1;3;0;5;0;5;1;6;4;3;0;10;25;0;5;0;4;20;0.572882218701105;4;24;3;5;0;8;22;1.8210905286362857;6;2;5;3;0;3;22;-8.821088780826848;4;24;13;4;3;2;2;2;2;3;8;4;3;24;6;3;3;8;6;2;6;4;14;6;10;6;1;3;2;0;21;-8.888409060841655;11;2;13;19;1;1;5;24;5;8;3;5;25
EVAL_INSTANCE:81:0:1620
EVAL_INSTANCE:81:1:1621
EVAL_INSTANCE:81:2:1622
EVAL_INSTANCE:81:3:1623
EVAL_INSTANCE:81:4:1624
EVAL_INSTANCE:81:5:1625
EVAL_INSTANCE:81:6:1626
EVAL_INSTANCE:81:7:1627
EVAL_INSTANCE:81:8:1628
EVAL_INSTANCE:81:9:1629
RUN_RESULT:81:0:0:2000:----
RUN_RESULT:81:1:0:10:UUUURULULL
RUN_RESULT:81:2:0:2000:----
RUN_RESULT:81:3:0:10:UUUURULULL
RUN_RESULT:81:4:0:10:UUUURULULL
RUN_RESULT:81:5:0:1996:UUUURULULL
RUN_RESULT:81:6:0:2000:----
RUN_RESULT:81:7:0:2000:----
RUN_RESULT:81:8:0:2000:----
RUN_RESULT:81:9:0:2000:----
    82 |      820 | -3.990000E+03 | -3.990000E+03
TRACK:1630;566;542;3;0;5;0;5;1;6;4;3;0;10;25;0;5;0;4;20;0.7351769399066475;4;24;4;13;6;2;5;3;0;3;7;-1.835310306323171;4;24;13;4;3;2;2;2;2;1;2;10;11;6;9;4;3;24;6;3;3;8;6;2;6;4;14;6;10;6;1;3;2;0;21;-8.826652726924944;11;2;13;9;1;1;5;25;5;8;3;5;25
TRACK:1631;566;542;3;0;5;0;5;1;6;4;3;0;10;25;0;2;1;2;10;11;6;9;4;3;24;3;5;0;8;22;1.7381989359384042;6;2;5;3;0;3;7;-1.7118801581016863;4;24;13;4;3;2;2;2;2;1;2;10;17;6;9;25;6;3;3;8;6;2;6;4;14;5;2;17;21;6.399232195658325;6;1;3;4;13;1;1;5;9;1;21;-4.703083459155892;25;3;5;25
TRACK:1632;561;567;3;0;5;0;5;1;6;4;3;0;10;25;0;5;0;4;20;0.6297388137510807;4;24;3;5;0;8;22;1.6387679997652442;6;2;5;3;0;3;7;-1.9983925114321415;4;24;13;4;3;2;2;2;2;1;2;10;11;6;9;25;6;3;3;8;6;2;6;4;14;5;2;17;21;6.171067081651891;6;1;25;1;1;5;24;1;21;-4.778116458091936;25;3;0;25;24
TRACK:1633;561;567;3;0;5;0;5;1;6;4;3;0;10;25;0;5;0;4;20;0.554959567811991;4;24;3;5;0;8;22;1.5847910097815714;6;2;5;3;0;3;7;-1.955386870631307;4;24;13;4;3;2;2;2;2;1;2;10;9;6;9;25;6;3;3;8;6;2;6;4;14;5;2;17;21;6.262568272526572;6;1;3;2;0;21;-8.749035212796752;24;2;13;20;-4.280543820769656;1;1;5;24;1;21;-4.712273777889777;25;3;5;25
TRACK:1634;509;509;3;0;5;0;5;1;6;4;3;0;10;25;0;5;0;4;20;0.6757035951212185;4;19;3;5;0;8;7;-1.7577624029895191;6;2;5;3;0;3;7;-1.7577624029895191;4;24;13;4;3;2;2;2;2;1;2;10;17;6;9;25;6;3;3;8;6;2;6;4;14;5;2;17;21;6.378544981383671;6;1;3;2;0;21;-8.89127796906232;11;2;13;19;1;1;5;24;1;21;-4.828989826537952;25;3;5;25
TRACK:1635;509;509;3;0;5;0;5;1;6;4;3;0;10;25;0;5;0;4;20;0.6757035951212185;4;19;3;5;0;8;22;1.7737653774675808;6;2;5;3;0;3;7;-1.7577624029895191;4;24;13;4;3;2;2;2;2;1;2;10;17;6;9;25;6;3;3;8;6;2;6;4;14;5;2;17;21;6.378544981383671;6;1;3;2;0;21;-8.89127796906232;11;2;13;19;1;1;5;10;1;21;-4.828989826537952;25;3;5;25
TRACK:1636;489;567;3;0;5;0;5;1;6;4;3;0;10;25;0;5;0;4;20;0.5944776144782205;4;24;3;5;0;8;22;1.6521541418814543;6;2;5;3;0;3;7;-1.9347451502148856;4;24;13;4;3;2;2;2;5;25;6;3;3;8;6;2;6;4;14;5;2;17;21;6.304053572782502;6;1;3;2;0;21;-8.942458218385559;11;2;13;19;1;1;5;24;1;21;-4.903815446000335;25;3;5;25
TRACK:1637;489;567;3;0;5;0;5;1;6;4;3;0;10;25;0;5;0;4;20;0.554959567811991;4;24;3;5;0;8;22;1.5847910097815714;6;2;5;3;0;3;7;-1.955386870631307;4;24;13;2;10;11
TRACK:1638;542;561;3;0;5;0;5;1;6;4;3;0;10;25;0;5;0;4;20;0.6812157983887053;4;19;3;5;0;8;22;1.7381989359384042;6;2;5;3;0;3;7;-1.7118801581016863;4;24;13;4;3;2;2;2;2;1;2;10;17;6;9;25;6;3;3;8;6;2;6;4;14;5;2;17;17;6;1;3;4;13;1;1;5;9;1;21;-4.703083459155892;25;3;5;25
TRACK:1639;542;561;3;0;5;0;5;1;6;4;3;0;10;25;0;5;0;4;20;0.6297388137510807;4;24;3;5;0;8;22;1.6387679997652442;6;2;6;2;6;4;14;5;2;17;21;6.399232195658325;13;4;3;2;2;2;2;1;2;10;11;6;9;25;6;3;3;8;6;2;6;4;14;5;2;17;21;6.171067081651891;6;1;3;2;0;21;-8.979766359132212;19;2;13;19;1;1;5;24;1;21;-4.778116458091936;25;3;0;25;24
TRACK:1640;1630;-1;3;0;5;0;5;1;6;4;3;0;10;25;0;5;0;4;20;0.794029932580202;4;24;4;13;6;2;5;3;0;3;7;-1.9847575848656192;4;24;2;2;0;3;7;4.839673689373605;6;10;0;2;20;-7.199024700675518;7;-9.362835003790707;1;12;7;-2.3563745191162377;4;6;6;11;4;3;2;2;2;2;1;2;10;11;6;9;4;3;24;6;3;3;8;6;2;6;4;14;6;10;6;1;3;2;0;21;-8.845090185817714;11;2;13;9;1;1;5;25;5;8;3;5;25
TRACK:1641;1632;-1;3;0;5;0;5;1;6;4;3;0;10;14;0;5;0;4;20;0.6141686956734889;4;24;3;5;0;8;22;1.7324935766031135;6;2;5;3;0;3;7;-2.1850135394497006;4;24;13;4;3;2;2;2;2;1;2;10;11;6;9;25;6;3;3;8;6;2;6;4;14;5;2;17;21;6.212998035569859;6;1;25;1;1;5;24;1;21;-4.6704036486437115;25;3;0;25;24
TRACK:1642;1634;-1;3;0;5;0;1;5;3;10;4;2;8;8;6;2;5;3;0;3;7;-1.6858065702785927;4;24;13;4;3;2;2;2;2;1;2;10;17;6;9;25;6;3;3;8;6;2;6;4;14;5;2;17;21;6.20608460341269;6;1;3;2;0;21;-8.860157278342092;11;2;13;19;1;1;5;24;1;21;-4.724411548274405;25;3;5;25
TRACK:1643;1636;-1;3;0;5;0;5;1;6;4;3;0;10;25;0;5;0;4;20;0.5075264022639014;4;24;3;5;0;8;22;1.630508589083427;6;2;5;3;0;3;7;-2.006522442493799;4;24;13;4;3;2;2;2;5;25;6;3;3;8;6;2;6;2;10;23;-1.3847242562928752;5;2;17;21;6.334676642421871;6;1;3;2;0;21;-9.01113377114814;11;2;13;19;1;1;5;24;1;21;-5.087118351568438;25;3;5;25
TRACK:1644;1638;-1;3;0;5;0;5;1;6;4;3;0;10;25;1;17;8;6;2;5;3;0;3;7;-1.64697304149749;4;24;13;4;3;2;2;2;2;1;2;10;17;6;9;25;6;3;3;8;6;2;6;4;14;5;2;17;17;6;1;3;4;13;1;1;5;9;1;21;-4.624430598888651;25;3;5;25
TRACK:1645;1631;-1;3;0;5;0;5;1;6;4;1;5;24;3;20;0.7423303661711103;0;2;1;2;10;11;6;9;4;3;24;3;5;0;8;22;1.725801307526379;6;2;5;3;0;3;7;-1.6235568234047093;4;24;13;4;3;2;2;2;2;1;2;10;17;6;9;25;6;3;3;8;6;2;6;4;14;5;2;17;21;6.341833086977946;6;1;3;4;13;1;1;5;9;1;21;-4.732760687991885;25;3;5;25
TRACK:1646;1633;-1;3;0;5;0;5;1;6;4;3;0;10;25;0;5;0;4;20;0.6816602673710708;4;24;3;5;0;8;22;1.6317565715450073;6;2;5;3;0;3;7;-1.9462616013707466;4;24;13;4;3;2;2;2;2;1;2;10;9;6;9;25;6;3;3;8;6;2;6;4;14;5;2;17;21;6.302798215123557;6;1;3;2;0;21;-8.84782223046395;21;-0.8786981671792446;2;13;20;-4.280879097486862;1;1;5;24;1;21;-4.7107316592949315;25;3;5;25
TRACK:1647;1635;-1;3;0;5;0;5;1;6;4;3;0;10;25;0;5;0;4;20;0.5644377748777144;4;19;3;5;0;8;22;1.8012007290896506;6;2;5;3;0;3;7;-1.7250122739554;4;24;13;4;3;2;2;2;2;1;2;10;17;6;9;25;6;3;3;8;6;2;6;4;14;5;2;17;21;6.348151516713512;6;2;7;-2.453343618827555;9
TRACK:1648;1637;-1;3;0;5;0;5;1;6;4;3;0;10;25;0;5;0;4;20;0.42850441441662646;4;24;3;5;0;8;22;1.4415332394834115;6;2;5;3;0;3;7;-1.8831489958435155;2;21;-7.835394748877644;10;13;2;10;11
TRACK:1649;1639;-1;3;0;5;0;5;1;6;4;3;0;10;25;0;5;0;4;20;0.6564790261353307;4;24;3;5;0;8;22;1.7497516221874279;6;4;3;18;4;3;2;2;2;2;1;2;10;11;6;9;25;6;3;3;8;6;2;6;4;14;5;2;17;21;6.222546977414053;6;1;3;2;0;21;-8.947289795656607;19;2;13;19;1;1;5;24;1;21;-4.7236812098998495;25;3;0;25;24
EVAL_INSTANCE:82:0:1640
EVAL_INSTANCE:82:1:1641
EVAL_INSTANCE:82:2:1642
EVAL_INSTANCE:82:3:1643
EVAL_INSTANCE:82:4:1644
EVAL_INSTANCE:82:5:1645
EVAL_INSTANCE:82:6:1646
EVAL_INSTANCE:82:7:1647
EVAL_INSTANCE:82:8:1648
EVAL_INSTANCE:82:9:1649
RUN_RESULT:82:0:0:93:UUUURRUULLLLR
RUN_RESULT:82:1:0:10:UUUURULULL
RUN_RESULT:82:2:0:940:UUUURLDLL
RUN_RESULT:82:3:0:2000:----
RUN_RESULT:82:4:0:2000:----
RUN_RESULT:82:5:0:940:UUUURLDLL
RUN_RESULT:82:6:0:2000:----
RUN_RESULT:82:7:0:88:UUUURULULL
RUN_RESULT:82:8:0:2000:----
RUN_RESULT:82:9:0:10:UUUURULULL
    83 |      830 | -3.990000E+03 | -3.990000E+03
TRACK:1650;563;542;3;0;5;0;5;1;6;4;3;0;10;25;0;5;0;4;20;0.645115706562894;4;24;3;5;0;8;22;1.8004489927088398;6;1;19;24;4;3;2;2;2;2;1;2;10;17;6;9;25;6;3;3;8;6;2;6;4;14;5;2;17;21;6.291213416371669;6;1;3;2;0;21;-8.615295463753146;17;2;13;19;1;1;5;24;1;21;-4.768306165220745;25;3;3;8
TRACK:1651;563;542;3;0;5;0;5;1;6;4;3;0;10;25;0;5;0;4;20;0.6812157983887053;4;19;3;5;0;8;22;1.7381989359384042;6;2;5;3;0;3;7;-1.7118801581016863;4;24;13;4;3;2;2;2;2;1;2;10;17;6;9;25;6;3;3;8;6;2;6;4;14;5;2;17;21;6.399232195658325;6;1;3;8;1;1;5;9;1;21;-4.703083459155892;25;3;5;25
TRACK:1652;567;526;3;0;5;0;5;1;6;4;3;0;10;25;0;5;0;4;20;0.554959567811991;4;24;3;5;0;8;22;1.5847910097815714;6;2;5;3;0;3;7;-1.955386870631307;4;24;13;4;3;2;2;2;2;1;2;10;11;6;9;25;6;3;2;13;19;6;2;6;4;14;5;2;17;21;6.262568272526572;6;1;3;2;0;21;-8.749035212796752;24;2;13;20;-4.280543820769656;1;1;5;24;1;21;-4.712273777889777;25;3;5;25
TRACK:1653;567;526;3;0;5;0;5;1;6;4;3;0;10;25;0;5;0;4;20;0.6317182326717258;4;24;3;5;0;8;22;1.9211733964180546;6;2;5;3;0;3;7;-1.9035107509581097;4;9;13;4;3;2;2;2;2;1;2;10;11;6;9;4;3;24;6;3;3;8;6;2;6;4;14;6;10;6;1;3;2;0;21;-8.940042557827399;11;2;13;19;1;1;5;24;5;8;3;5;25
TRACK:1654;566;542;3;0;5;0;5;1;6;4;3;0;10;25;0;5;0;4;20;0.7351769399066475;4;24;3;5;0;8;22;1.9178699543291196;6;2;5;3;0;3;7;-1.835310306323171;4;24;13;4;3;2;2;2;2;1;2;10;11;6;9;4;3;24;6;3;3;8;6;2;6;4;14;4;13;6;1;3;2;0;21;-8.826652726924944;11;2;13;9;1;1;5;25;5;8;3;5;25
TRACK:1655;566;542;3;0;5;0;5;1;6;4;3;0;10;25;0;5;0;4;20;0.6812157983887053;4;19;3;5;0;8;22;1.7381989359384042;6;2;5;3;0;3;7;-1.7118801581016863;4;24;13;4;3;2;2;2;2;1;2;10;17;6;9;25;6;3;3;22;1.9178699543291196;6;2;6;4;14;5;2;17;21;6.399232195658325;6;1;3;4;13;1;1;5;9;1;21;-4.703083459155892;25;3;5;25
TRACK:1656;509;563;3;0;5;0;5;1;6;4;3;0;10;25;0;5;0;4;20;0.6757035951212185;4;19;3;5;0;8;22;1.7737653774675808;6;2;5;3;0;3;7;-1.7577624029895191;4;24;13;4;3;2;2;17;21;6.291213416371669;6;1;3;2;0;21;-8.89127796906232;11;2;13;19;1;1;5;24;1;21;-4.828989826537952;25;3;5;25
TRACK:1657;509;563;3;0;5;0;5;1;6;4;3;0;10;25;0;5;0;4;20;0.645115706562894;4;24;3;5;0;8;22;1.8004489927088398;6;1;19;24;4;3;2;2;2;2;1;2;10;17;6;9;25;6;3;3;8;6;2;6;4;14;5;2;17;21;6.291213416371669;6;1;3;2;19;2;13;19;1;1;5;24;1;21;-4.768306165220745;25;3;5;25
TRACK:1658;381;567;3;0;5;0;5;1;6;4;3;0;10;25;0;5;0;4;20;0.5334300884931266;4;24;3;5;0;8;22;1.7958792404530506;6;2;5;3;0;3;7;-1.884791555238767;4;24;13;4;3;2;2;2;2;1;2;10;11;6;9;4;3;24;6;3;3;8;6;2;6;4;14;5;2;17;21;6.202527850922802;6;1;3;2;0;21;-8.749035212796752;11;2;13;19;1;1;5;24;5;20;-8.731021694943875;3;5;25
TRACK:1659;381;567;3;0;5;0;8;6;2;5;3;0;3;7;-1.955386870631307;4;24;13;4;3;2;2;2;2;1;2;10;11;6;9;25;6;3;3;8;6;2;6;4;14;5;2;17;21;6.262568272526572;6;1;3;2;0;21;-8.749035212796752;24;2;13;20;-4.280543820769656;1;1;5;24;1;21;-4.712273777889777;25;3;5;25
TRACK:1660;1650;-1;3;0;5;0;5;1;6;4;3;0;10;25;0;5;0;4;20;0.48605324274585754;4;24;3;5;0;8;22;1.6374478192454684;6;1;19;24;4;3;5;3;19
TRACK:1661;1652;-1;3;1;8;23;-0.5978811983062275
TRACK:1662;566;-1;3;0;5;0;5;1;6;4;3;0;10;13;0;5;0;4;20;0.5614222217549937;4;24;3;5;0;8;22;1.7311586333572733;6;2;5;3;0;3;7;-1.9513316361811852;4;24;13;4;3;2;2;2;2;1;2;10;11;6;9;4;3;24;6;3;3;8;6;2;6;4;14;6;10;6;1;3;2;0;21;-8.823692416041576;11;2;13;9;1;1;5;25;5;8;3;5;25
TRACK:1663;1656;-1;3;0;5;0;5;1;6;4;3;0;10;25;0;5;0;4;20;0.7070637420631347;4;19;3;5;0;8;22;1.8704840861295549;6;2;5;3;0;3;7;-1.8557174195352188;4;24;13;4;3;2;2;1;1;11;16;5;8;21;6.354627664072606;6;1;3;2;0;21;-8.972988208238647;11;2;13;19;1;1;5;24;1;21;-4.906645859566484;25;3;5;25
TRACK:1664;1658;-1;3;0;5;0;5;1;6;4;3;0;10;25;0;5;0;4;20;0.5817694053747239;4;24;3;5;0;8;22;1.6997313043991422;6;2;5;3;0;3;7;-2.024693429997179;4;24;13;4;3;2;2;2;2;1;2;10;11;6;9;4;3;24;6;3;3;8;6;2;6;4;14;5;2;17;21;6.241665632500774;6;1;3;2;0;21;-8.801704233758652;11;4;11;1;1;5;24;5;20;-8.753012551975575;3;5;25
TRACK:1665;1651;-1;3;0;5;0;5;4;22;8.147275442664714;6;2;5;3;0;3;7;-1.8382412893692783;4;24;13;4;3;2;2;2;2;1;2;10;17;6;9;25;6;3;3;8;6;2;6;4;14;5;2;17;21;6.441806233963335;6;1;3;8;1;1;5;9;1;21;-4.770316648843126;25;3;5;25
TRACK:1666;1653;-1;3;0;5;0;5;1;6;4;3;0;10;25;0;5;0;4;20;0.62128594154263;4;24;3;5;0;8;22;1.6496701868978132;6;2;5;3;0;3;7;-1.7143975152933046;4;9;13;1;6;1;3;21;5.823845409426774;3;13;3;1;0;17;7;-7.282399338866384;6;9
TRACK:1667;542;-1;3;0;5;0;5;1;6;4;3;0;10;25;0;5;0;4;20;0.6231995669973921;4;19;3;5;0;8;22;1.897505469366905;6;3;5;24;4;3;2;2;2;2;1;2;10;17;6;9;25;6;3;3;8;6;2;6;4;14;5;2;17;21;6.573560677109717;6;1;3;4;13;1;1;5;9;1;21;-4.6730088956668725;25;3;5;25
TRACK:1668;1657;-1;3;0;5;0;5;1;6;4;3;0;10;25;0;5;0;4;20;0.5762216995521445;4;24;3;5;0;8;22;1.850141981132871;6;1;19;24;4;4;2;3;9;1;7;-4.691218938115074;17
TRACK:1669;1659;-1;3;0;5;0;8;6;2;5;3;0;3;7;-1.8127153420408773;4;24;13;4;3;2;2;2;2;1;2;10;11;6;9;25;6;3;3;8;6;2;6;4;14;5;2;17;21;6.196466944140234;6;1;3;2;0;21;-8.68554672979955;24;2;13;20;-4.233654764505729;1;1;5;24;1;21;-4.569369724463061;13;3;5;25
EVAL_INSTANCE:83:0:1660
EVAL_INSTANCE:83:1:1661
EVAL_INSTANCE:83:2:1662
EVAL_INSTANCE:83:3:1663
EVAL_INSTANCE:83:4:1664
EVAL_INSTANCE:83:5:1665
EVAL_INSTANCE:83:6:1666
EVAL_INSTANCE:83:7:1667
EVAL_INSTANCE:83:8:1668
EVAL_INSTANCE:83:9:1669
RUN_RESULT:83:0:0:2000:----
RUN_RESULT:83:1:0:2000:----
RUN_RESULT:83:2:0:10:UUUURULULL
RUN_RESULT:83:3:0:1150:UUUULLRLULLL
RUN_RESULT:83:4:0:10:UUUURULULL
RUN_RESULT:83:5:0:2000:----
RUN_RESULT:83:6:0:1150:UUUULLRLULLL
RUN_RESULT:83:7:0:10:UUUURULULL
RUN_RESULT:83:8:0:2000:----
RUN_RESULT:83:9:0:2000:----
    84 |      840 | -3.990000E+03 | -3.990000E+03
TRACK:1670;509;561;3;0;5;0;5;1;6;4;3;0;10;25;0;5;0;4;20;0.6757035951212185;4;19;3;5;0;8;22;1.7737653774675808;6;2;5;3;0;3;7;-1.7577624029895191;4;24;13;4;3;2;2;2;2;1;2;10;17;6;9;25;6;3;3;8;6;2;6;4;14;5;2;17;21;6.378544981383671;6;1;3;0;21;-8.979766359132212;19;1;1;5;24;1;21;-4.828989826537952;25;3;5;25
TRACK:1671;509;561;3;0;5;0;5;1;6;4;3;0;10;25;0;5;0;4;20;0.6297388137510807;4;24;3;19;6;2;5;3;0;3;7;-1.9983925114321415;4;24;13;4;3;2;2;2;2;1;2;10;11;6;9;25;6;3;3;8;6;2;6;4;14;5;2;17;21;6.171067081651891;6;1;3;2;0;21;-8.979766359132212;19;2;13;19;1;1;5;24;1;21;-4.778116458091936;25;3;0;25;24
TRACK:1672;566;563;3;0;5;0;5;1;0;5;0;4;20;0.645115706562894;4;24;3;5;0;8;22;1.8004489927088398;0;5;0;4;20;0.7351769399066475;4;24;3;5;0;8;22;1.9178699543291196;6;2;5;3;0;3;7;-1.835310306323171;4;24;13;4;3;2;2;2;2;1;2;10;11;6;9;4;3;24;6;3;3;8;6;2;6;4;14;6;10;6;1;3;2;0;21;-8.826652726924944;11;2;13;9;1;1;5;25;5;8;3;5;25
TRACK:1673;566;563;3;0;5;0;5;1;6;4;3;0;10;25;0;5;0;4;20;0.645115706562894;4;24;3;5;0;8;22;1.8004489927088398;6;3;7;-1.835310306323171;4;3;2;2;2;2;1;2;10;17;6;9;25;6;3;3;8;6;2;6;4;14;5;2;17;21;6.291213416371669;6;1;3;2;0;21;-8.615295463753146;17;2;13;19;1;1;5;24;1;21;-4.768306165220745;25;3;5;25
TRACK:1674;567;563;3;0;5;0;5;1;6;4;3;0;10;25;0;5;0;4;20;0.554959567811991;4;24;3;5;0;8;22;1.5847910097815714;6;2;5;3;0;3;7;-1.955386870631307;4;24;13;4;3;2;2;2;2;1;2;10;11;6;9;25;6;3;3;8;6;2;6;4;14;5;2;17;21;6.262568272526572;6;1;3;2;0;21;-8.749035212796752;24;2;13;20;-4.280543820769656;1;1;5;24;1;21;-4.712273777889777;25;19
TRACK:1675;567;563;3;0;5;0;5;1;6;4;3;0;24;25;0;5;0;4;20;0.645115706562894;4;24;3;5;0;8;22;1.8004489927088398;6;1;19;24;4;3;2;2;2;2;1;2;10;17;6;9;25;6;3;3;8;6;2;6;4;14;5;2;17;21;6.291213416371669;6;1;3;2;0;21;-8.615295463753146;17;2;13;19;1;1;5;24;1;21;-4.768306165220745;25;3;5;25
TRACK:1676;489;566;3;0;5;0;5;1;6;4;3;0;10;25;0;5;0;4;20;0.5944776144782205;4;24;3;5;0;8;22;1.6521541418814543;6;2;5;3;0;3;7;-1.9347451502148856;4;24;13;4;3;2;2;2;2;1;2;10;11;6;9;25;6;3;3;8;6;2;24;5;2;17;21;6.304053572782502;6;1;3;2;0;21;-8.942458218385559;11;2;13;19;1;1;5;24;1;21;-4.903815446000335;25;3;5;25
TRACK:1677;489;566;3;0;5;0;5;1;6;4;3;0;10;25;0;5;0;4;20;0.7351769399066475;4;24;3;5;0;8;22;1.9178699543291196;6;2;5;3;0;3;7;-1.835310306323171;4;24;13;4;3;2;2;2;2;1;2;10;11;6;9;4;1;21;-4.903815446000335;25;6;3;3;8;6;2;6;4;14;6;10;6;1;3;2;0;21;-8.826652726924944;11;2;13;9;1;1;5;25;5;8;3;5;25
TRACK:1678;547;381;3;0;5;0;5;1;6;4;3;0;10;25;0;5;0;4;20;0.6163724510451069;4;24;3;5;20;-8.731021694943875;6;1;19;24;4;3;2;2;2;2;1;2;10;17;6;9;25;6;3;3;8;6;2;6;4;14;5;2;17;21;6.413665836382024;6;1;3;2;0;21;-8.798170546052466;11;2;13;19;1;1;5;24;1;21;-4.909247867364276;25;3;5;25
TRACK:1679;547;381;3;0;5;0;5;1;1;2;10;17;6;9;0;5;0;4;20;0.5334300884931266;4;24;3;5;0;8;22;1.7958792404530506;6;2;5;3;0;3;7;-1.884791555238767;4;24;13;4;3;2;2;2;2;1;2;10;11;6;9;4;3;24;6;3;3;8;6;2;6;4;14;5;2;17;21;6.202527850922802;6;1;3;2;0;21;-8.998512119765355;11;2;13;19;1;1;5;24;5;20;-8.731021694943875;3;5;25
TRACK:1680;1670;-1;3;0;5;0;5;1;6;4;3;0;10;25;0;5;0;4;20;0.7521978463385074;4;19;3;10;6;2;5;3;0;3;7;-1.6071425688353027;4;24;13;4;3;2;2;2;2;1;2;10;17;6;9;25;6;3;3;8;6;2;6;4;14;5;2;17;21;6.143339840099232;6;1;3;0;21;-9.072210681917124;19;1;1;5;24;1;21;-4.849159955688003;25;3;5;25
TRACK:1681;1672;-1;3;0;5;0;5;1;0;5;0;4;20;0.6780103368254526;4;24;3;5;0;8;22;1.7415905740349908;0;5;0;4;20;0.8319872796017247;4;24;3;5;0;8;22;2.0181677809999234;6;2;5;3;0;3;7;-1.779745170988151;4;24;13;4;3;2;2;2;2;1;2;10;11;6;9;4;3;24;6;3;3;8;6;2;6;4;14;6;10;6;1;3;2;0;21;-8.938882444481676;11;2;13;9;1;5;3;16;3;5;25
TRACK:1682;1674;-1;3;0;5;0;5;1;6;4;3;0;10;25;0;5;0;4;20;0.5307608053887186;4;24;3;5;0;8;22;1.6254466049182266;6;2;5;3;0;3;7;-1.9545041605481122;4;24;13;4;3;2;2;2;2;1;2;10;11;6;9;25;6;3;3;8;6;2;6;4;14;5;2;17;21;6.166289436328795;6;1;3;2;0;21;-8.851908165937882;24;2;21;-3.1669887529202745;20;-4.250719178044189;1;1;5;24;1;21;-4.653548298232559;25;19
TRACK:1683;1676;-1;3;0;5;0;5;1;6;4;3;0;10;25;0;5;0;4;20;0.5930855649677244;4;24;3;5;0;8;22;1.6624788938473931;6;2;5;3;0;3;7;-2.0037823324578525;4;24;13;4;3;2;2;2;2;1;2;10;11;6;9;25;6;3;3;8;6;2;24;5;2;17;21;6.4853717422031805;6;1;3;2;0;21;-8.910065821869098;11;2;13;19;1;1;5;24;1;21;-4.930772975115158;12;3;5;25
TRACK:1684;1678;-1;3;0;5;0;5;1;6;4;3;0;10;25;0;5;0;4;20;0.58056757649505;4;24;3;5;20;-8.581194153652245;6;1;19;24;4;3;2;2;2;2;1;2;10;17;6;9;25;6;3;3;8;6;2;6;5;8;5;2;17;21;6.325015285659927;6;1;3;2;0;21;-8.830269218909994;11;2;13;19;1;1;5;24;1;21;-4.9370092413119595;25;3;5;25
TRACK:1685;1671;-1;3;0;5;0;5;1;6;4;3;0;10;25;0;5;0;4;20;0.7047401244521048;4;24;3;19;6;2;5;3;0;3;7;-2.161765656637715;4;24;13;2;20;-6.411777650389309;24
TRACK:1686;1673;-1;3;0;5;0;5;1;6;4;3;0;10;25;0;5;0;4;20;0.6436602490969776;4;24;3;5;0;8;22;1.6639136115151578;6;3;7;-1.8015785278192933;4;3;2;2;2;2;1;2;10;17;6;9;25;6;3;3;8;6;2;6;4;14;5;2;17;21;6.424863046572073;6;0;11;9
TRACK:1687;1675;-1;3;0;5;0;5;1;6;4;3;0;24;25;0;5;0;4;20;0.7147254644695047;4;24;3;6;21;1.4398952282946293;6;1;19;24;4;3;2;2;2;2;1;2;10;17;6;9;25;6;3;3;8;6;2;6;4;14;5;2;17;21;6.429816317836743;6;1;3;2;0;21;-8.64470536218629;17;2;13;19;1;1;5;24;1;21;-4.917724998589921;25;3;5;25
TRACK:1688;1677;-1;3;0;5;0;5;1;6;4;3;0;10;25;0;5;0;4;20;0.7176823886438994;4;24;3;5;0;8;22;1.9771173471450836;6;2;5;3;0;3;7;-1.7890128511176449;4;24;2;4;0;9;15;0;0;16;19;5;25;4;3;2;2;2;2;1;2;10;11;6;9;4;1;21;-4.890240356083244;25;6;3;3;8;6;2;6;4;14;6;10;6;1;3;2;0;21;-8.800562963001713;11;2;13;9;1;1;5;25;5;8;3;5;25
TRACK:1689;1679;-1;3;0;5;6;6;6;5;1;15;17;4;3;2;2;2;2;1;2;10;11;6;9;4;3;24;6;3;3;8;6;2;6;4;14;5;2;17;21;6.161430248908204;6;1;3;2;0;21;-8.97901415598851;11;2;13;19;1;1;5;24;5;20;-8.734385654371923;3;5;25
EVAL_INSTANCE:84:0:1680
EVAL_INSTANCE:84:1:1681
EVAL_INSTANCE:84:2:1682
EVAL_INSTANCE:84:3:1683
EVAL_INSTANCE:84:4:1684
EVAL_INSTANCE:84:5:1685
EVAL_INSTANCE:84:6:1686
EVAL_INSTANCE:84:7:1687
EVAL_INSTANCE:84:8:1688
EVAL_INSTANCE:84:9:1689
RUN_RESULT:84:0:0:19:UUUURULULL
RUN_RESULT:84:1:0:2000:----
RUN_RESULT:84:2:0:10:UUUURULULL
RUN_RESULT:84:3:0:10:UUUURULULL
RUN_RESULT:84:4:0:2000:----
RUN_RESULT:84:5:0:2000:----
RUN_RESULT:84:6:0:2000:----
RUN_RESULT:84:7:0:1312:UUUURLDLL
RUN_RESULT:84:8:0:2000:----
RUN_RESULT:84:9:0:2000:----
    85 |      850 | -3.990000E+03 | -3.990000E+03
TRACK:1690;567;563;3;0;5;0;5;1;6;4;19;0;5;0;4;20;0.554959567811991;4;24;3;5;0;8;22;1.5847910097815714;6;2;5;3;0;3;7;-1.955386870631307;4;24;13;4;3;2;2;2;2;1;2;10;11;6;9;25;6;3;3;8;6;2;6;4;14;5;2;17;21;6.262568272526572;6;1;3;2;0;21;-8.749035212796752;24;2;13;20;-4.280543820769656;1;1;5;24;1;21;-4.712273777889777;25;3;5;25
TRACK:1691;567;563;3;0;5;0;5;1;6;4;3;0;10;25;0;5;0;4;20;0.645115706562894;4;24;3;24;6;1;19;24;4;3;2;2;2;2;1;2;10;17;6;9;25;6;3;3;8;6;2;6;4;14;5;2;17;21;6.291213416371669;6;1;3;2;0;21;-8.615295463753146;17;2;13;19;1;1;5;24;1;21;-4.768306165220745;25;3;5;25
TRACK:1692;509;542;3;0;5;0;5;1;6;4;3;0;10;25;0;5;0;4;20;0.6757035951212185;4;19;3;5;0;8;22;1.7737653774675808;6;2;5;3;0;3;7;-1.7577624029895191;4;24;13;4;3;2;2;2;2;1;2;10;17;6;9;25;6;3;3;8;6;2;6;4;14;5;2;17;21;6.378544981383671;6;1;3;2;0;21;-8.89127796906232;11;2;13;19;1;1;5;24;1;21;-4.828989826537952;25;3;5;25
TRACK:1693;509;542;3;0;5;0;2;2;2;2;1;2;10;17;6;9;25;6;3;3;8;6;2;6;4;14;5;2;17;21;6.378544981383671;6;1;3;2;0;21;-8.89127796906232;11;2;13;19;1;1;5;24;1;21;-4.828989826537952;25;3;5;25;6;2;5;3;0;3;7;-1.7118801581016863;4;24;13;4;3;2;2;2;2;1;2;10;17;6;9;25;6;3;3;8;6;2;6;4;14;5;2;17;21;6.399232195658325;6;1;3;4;13;1;1;5;9;1;21;-4.703083459155892;25;3;5;25
TRACK:1694;566;526;3;0;5;0;5;1;6;4;3;0;10;25;0;5;0;4;20;0.7351769399066475;4;13;3;5;0;8;22;1.9178699543291196;6;2;5;3;0;3;7;-1.835310306323171;4;24;13;4;3;2;2;2;2;1;2;10;11;6;9;4;3;24;6;3;3;8;6;2;6;4;14;6;10;6;1;3;2;0;21;-8.826652726924944;11;2;13;9;1;1;5;25;5;8;3;5;25
TRACK:1695;566;526;3;0;5;0;5;1;6;4;3;0;10;25;0;5;0;4;20;0.6317182326717258;4;24;3;5;0;8;22;1.9211733964180546;6;2;5;3;0;3;7;-1.9035107509581097;4;24;13;4;3;2;2;2;8;6;3;3;8;6;2;6;4;14;6;10;6;1;3;2;0;21;-8.940042557827399;11;2;13;19;1;1;5;24;5;8;3;5;25
TRACK:1696;509;381;3;0;5;0;5;1;6;4;3;0;10;25;0;5;0;4;20;0.6757035951212185;4;19;3;5;0;8;22;1.7737653774675808;6;2;5;3;11;13;4;3;2;2;2;2;1;2;10;17;6;9;25;6;3;3;8;6;2;6;4;14;5;2;17;21;6.378544981383671;6;1;3;2;0;21;-8.89127796906232;11;2;13;19;1;1;5;24;1;21;-4.828989826537952;25;3;5;25
TRACK:1697;509;381;3;0;5;0;5;1;6;4;3;0;10;25;0;5;0;4;20;0.5334300884931266;4;24;3;5;0;8;22;1.7958792404530506;6;2;5;3;0;3;7;-1.884791555238767;4;24;13;4;3;2;2;2;2;1;2;10;11;6;9;4;3;24;6;3;3;8;6;2;25;5;2;17;21;6.202527850922802;6;1;3;2;0;21;-8.998512119765355;11;2;13;19;1;1;5;24;5;20;-8.731021694943875;3;5;25
TRACK:1698;489;547;3;0;5;0;5;6;4;3;0;10;25;6;2;5;3;0;3;7;-1.9347451502148856;4;24;13;4;3;2;2;2;2;1;2;10;11;6;9;25;6;3;3;8;6;2;6;4;14;5;2;17;21;6.304053572782502;6;1;3;2;0;21;-8.942458218385559;11;2;13;19;1;1;5;24;1;21;-4.903815446000335;25;3;5;25
TRACK:1699;489;547;3;0;5;0;5;1;6;4;3;0;10;25;0;5;0;4;20;0.6163724510451069;4;24;3;5;0;8;22;1.781538475512475;6;1;19;24;4;3;2;2;2;2;1;2;10;17;6;9;25;6;3;3;8;6;2;6;4;14;5;24;6;1;3;2;0;21;-8.798170546052466;11;2;13;19;1;1;5;24;1;21;-4.909247867364276;25;3;5;25
TRACK:1700;1690;-1;3;0;5;0;5;1;6;4;19;0;5;0;4;20;0.6180498590034034;4;24;3;5;0;8;22;1.733230104236974;6;2;5;3;0;3;7;-2.0283896205293033;4;24;13;4;3;2;2;2;2;1;2;10;11;6;9;25;6;3;3;8;6;2;6;4;14;5;2;17;21;6.302319859816172;6;1;3;2;0;21;-8.724641464390482;24;2;13;20;-4.124851225490352;1;1;5;18;1;21;-4.76909407284125;25;3;5;25
TRACK:1701;1692;-1;3;0;5;0;5;1;6;4;3;0;10;25;0;5;0;4;20;0.43997375054228627;4;19;1;6;16;1;20;-3.17827228477838;14;6;2;5;3;0;3;7;-1.631640987654522;4;24;13;4;3;2;2;2;2;1;2;10;17;6;9;25;6;3;3;8;6;2;6;4;14;5;2;17;21;6.324713573799525;6;1;3;2;0;21;-8.91958204821499;11;2;13;19;1;1;5;24;1;21;-4.822918067424265;25;3;5;25
TRACK:1702;1694;-1;3;0;5;0;5;1;6;4;3;0;10;25;0;5;0;4;20;0.6413283916763552;4;13;3;5;0;8;22;1.9559491700195377;6;2;5;3;0;3;7;-1.8596742909351789;4;24;13;4;3;2;2;2;2;1;2;10;11;6;9;4;3;24;6;3;3;8;6;2;6;4;14;6;10;6;1;3;2;0;21;-8.797221412378903;11;2;16;21;-8.57953125227204;1;1;5;25;5;8;3;5;25
TRACK:1703;1696;-1;3;0;5;0;5;1;6;4;3;0;10;25;0;5;0;4;20;0.8341344363848019;4;19;3;5;0;8;22;1.8550390499103258;6;2;5;3;11;13;4;3;2;2;2;2;1;2;10;17;6;9;25;6;3;3;8;6;2;5;23;-7.518798624982777;5;2;17;21;6.321939505816787;6;1;3;2;0;21;-8.859887109554611;11;2;13;19;1;1;5;24;1;21;-4.880035466658249;25;3;5;25
TRACK:1704;1698;-1;3;0;5;0;5;6;4;3;0;10;25;6;2;5;3;0;3;7;-1.9368532583760887;4;24;13;4;3;2;2;2;2;1;2;10;11;6;9;25;6;3;3;8;6;2;6;4;14;5;2;17;21;6.327168211134411;6;1;3;2;0;21;-8.917788840855412;11;2;13;19;1;1;5;24;1;21;-4.867385468756138;25;3;5;12
TRACK:1705;1691;-1;3;0;5;0;5;1;6;4;3;0;10;25;0;5;0;4;20;0.5618962442628501;4;24;3;24;6;1;19;24;4;3;2;2;2;2;1;2;10;17;6;9;25;6;3;3;8;5;25;6;1;3;2;0;21;-8.772555216596588;17;2;13;19;1;1;5;24;1;21;-4.6357737138720525;25;3;5;25
TRACK:1706;1693;-1;3;0;5;0;2;2;2;2;1;2;10;17;6;9;25;6;3;3;8;6;2;6;4;14;5;2;17;21;6.398754547332139;6;1;3;2;0;21;-8.951500070285801;11;2;13;19;1;1;5;24;1;21;-4.900496945879416;25;3;5;25;6;2;5;3;0;3;7;-1.7514180066978589;4;24;13;4;3;2;2;2;2;1;2;10;17;6;9;25;6;3;3;8;6;2;6;4;14;5;2;17;21;6.3314225643547895;6;1;0;5;22;-0.2225474999904904;2;24;16;1;1;5;9;1;21;-4.548661060585665;25;3;5;25
TRACK:1707;1695;-1;3;0;5;0;5;1;6;4;3;0;10;25;0;5;0;4;20;0.6334327235392981;4;24;3;5;0;8;22;2.224268768466679;6;2;5;3;0;3;7;-1.8790470815391282;5;8;13;4;3;2;2;2;8;6;3;3;8;6;2;6;4;14;6;10;6;1;3;2;0;21;-8.85737107506555;11;2;13;19;1;1;5;24;5;8;3;5;25
TRACK:1708;1697;-1;3;0;5;0;5;1;6;4;3;0;10;25;0;5;0;4;20;0.40670496333328776;4;24;3;5;0;8;22;1.71729339930889;6;2;5;3;0;3;7;-2.067466080115386;4;24;13;4;3;2;2;2;2;1;2;10;11;6;9;4;3;24;6;3;3;8;6;2;25;5;2;17;21;6.292664147479144;6;1;3;2;0;21;-8.95064429784017;11;2;13;19;1;1;0;14;21;-8.033040515557971;5;20;-8.698008932143669;3;5;25
TRACK:1709;1699;-1;3;0;5;0;5;1;6;4;0;4;25;6;12;0;5;0;4;20;0.5328542683032031;4;24;3;5;0;8;22;1.681796016223525;6;1;19;24;4;3;2;2;2;2;1;2;10;17;6;9;25;6;3;3;8;6;2;6;4;14;5;24;6;1;3;2;0;21;-9.02736054378842;11;2;13;19;1;1;5;24;1;21;-4.965971190394573;25;3;5;25
EVAL_INSTANCE:85:0:1700
EVAL_INSTANCE:85:1:1701
EVAL_INSTANCE:85:2:1702
EVAL_INSTANCE:85:3:1703
EVAL_INSTANCE:85:4:1704
EVAL_INSTANCE:85:5:1705
EVAL_INSTANCE:85:6:1706
EVAL_INSTANCE:85:7:1707
EVAL_INSTANCE:85:8:1708
EVAL_INSTANCE:85:9:1709
RUN_RESULT:85:0:0:940:UUUURLDLL
RUN_RESULT:85:1:0:19:UUUURULULL
RUN_RESULT:85:2:0:10:UUUURULULL
RUN_RESULT:85:3:0:2000:----
RUN_RESULT:85:4:0:940:UUUURLDLL
RUN_RESULT:85:5:0:2000:----
RUN_RESULT:85:6:0:2000:----
RUN_RESULT:85:7:0:1150:UUUULLRLULLL
RUN_RESULT:85:8:0:10:UUUURULULL
RUN_RESULT:85:9:0:2000:----
    86 |      860 | -3.990000E+03 | -3.990000E+03
TRACK:1710;542;566;3;0;5;0;5;22;1.9178699543291196;6;2;5;3;0;3;7;-1.7118801581016863;4;24;13;4;3;2;2;2;2;1;2;10;17;6;9;25;6;3;3;8;6;2;6;4;14;5;2;17;21;6.399232195658325;6;1;3;4;13;1;1;5;9;1;21;-4.703083459155892;25;3;5;25
TRACK:1711;542;566;3;0;10;4;3;2;2;2;2;1;2;10;11;6;9;4;3;24;6;3;3;8;6;2;6;4;14;6;10;6;1;3;2;0;21;-8.826652726924944;11;2;13;9;1;1;5;25;5;8;3;5;25
TRACK:1712;509;547;3;0;5;0;5;1;6;4;3;0;10;25;0;5;0;4;20;0.6757035951212185;4;19;3;5;0;8;22;1.7737653774675808;6;2;5;3;0;3;7;-1.7577624029895191;4;24;13;4;3;2;2;2;2;3;5;25;25;6;3;3;8;6;2;6;4;14;5;2;17;21;6.378544981383671;6;1;3;2;0;21;-8.89127796906232;11;2;13;19;1;1;5;24;1;21;-4.828989826537952;25;3;5;25
TRACK:1713;509;547;3;0;5;0;5;1;6;4;3;0;10;25;0;5;0;4;20;0.6163724510451069;4;24;3;5;0;8;22;1.781538475512475;6;1;19;24;4;3;2;2;2;2;1;2;10;17;6;9;25;6;3;3;8;6;2;6;4;14;5;2;17;21;6.413665836382024;6;1;3;2;0;21;-8.798170546052466;11;2;13;19;1;1;5;24;1;21;-4.909247867364276;25;3;5;25
TRACK:1714;381;381;3;0;5;0;5;1;6;4;3;0;10;25;0;5;0;4;20;0.5334300884931266;4;24;3;5;0;8;22;1.7958792404530506;6;2;5;3;0;3;7;-1.884791555238767;4;24;13;4;3;2;2;2;2;1;2;10;11;6;9;4;3;24;6;3;3;8;6;2;6;4;14;5;2;17;21;6.202527850922802;6;1;3;2;0;21;-8.998512119765355;11;2;13;19;24
TRACK:1715;381;381;3;0;5;0;5;1;6;4;3;0;10;25;0;5;0;4;20;0.5334300884931266;4;24;3;5;0;8;22;1.7958792404530506;6;2;5;3;0;3;7;-1.884791555238767;4;24;13;4;3;2;2;2;2;1;2;10;11;6;9;4;3;24;6;3;3;8;6;2;6;4;14;5;2;17;21;6.202527850922802;6;1;3;2;0;21;-8.998512119765355;11;2;10;19;1;1;5;24;5;20;-8.731021694943875;3;5;25
TRACK:1716;547;509;3;0;5;0;5;1;6;4;3;0;10;25;0;5;0;4;20;0.6163724510451069;4;24;3;5;0;8;22;1.781538475512475;6;1;19;24;4;3;2;2;2;2;1;2;10;17;6;21;-8.89127796906232;25;6;3;3;8;6;2;6;4;14;5;2;17;21;6.413665836382024;6;1;3;2;0;21;-8.798170546052466;11;2;13;19;1;1;5;24;1;21;-4.909247867364276;25;3;5;25
TRACK:1717;547;509;3;0;5;0;5;1;6;4;3;0;10;25;1;3;2;0;21;-8.798170546052466;11;2;13;19;1;1;5;24;1;21;-4.909247867364276;25;3;5;25;6;2;5;3;0;3;7;-1.7577624029895191;4;24;13;4;3;2;2;2;2;1;2;10;17;6;9;25;6;3;3;8;6;2;6;4;14;5;2;17;21;6.378544981383671;6;1;3;2;0;21;-8.89127796906232;11;2;13;19;1;1;5;24;1;21;-4.828989826537952;25;3;5;25
TRACK:1718;526;489;3;0;5;0;5;1;6;4;3;0;10;25;0;5;0;4;20;0.6317182326717258;4;25;3;5;0;8;22;1.9211733964180546;6;2;5;3;0;3;7;-1.9035107509581097;4;24;13;4;3;2;2;2;2;1;2;10;11;6;9;4;3;24;6;3;3;8;6;2;6;4;14;6;10;6;1;3;2;0;21;-8.940042557827399;11;2;13;19;1;1;5;24;5;8;3;5;25
TRACK:1719;526;489;3;0;5;0;5;1;6;4;3;0;10;25;0;5;0;4;20;0.5944776144782205;4;24;3;5;0;8;22;1.6521541418814543;6;2;5;3;0;3;7;-1.9347451502148856;4;24;13;4;3;2;2;2;2;1;2;10;11;6;9;25;6;3;3;8;6;2;6;4;14;5;6;9;6;1;3;2;0;21;-8.942458218385559;11;2;13;19;1;1;5;24;1;21;-4.903815446000335;25;3;5;25
TRACK:1720;1710;-1;3;0;5;0;5;22;1.8985866753186569;6;2;5;3;0;3;7;-1.6650390094497123;4;24;13;4;3;2;2;2;2;1;2;10;17;6;9;25;6;3;3;8;6;5;25;6;1;3;4;13;1;1;5;9;1;21;-4.796951340589875;25;3;5;25
TRACK:1721;1712;-1;3;0;5;0;5;1;6;4;3;0;10;25;0;5;0;4;20;0.679899710412531;4;19;3;5;0;8;22;1.6162635331042818;6;2;5;3;0;3;7;-1.726821541734325;4;24;13;4;3;2;2;2;2;3;5;25;25;6;3;3;8;6;2;6;4;14;5;2;17;21;6.462965086630041;6;1;3;2;0;21;-8.84047587372712;11;2;13;19;1;1;5;24;1;21;-4.706151739401254;25;3;5;9
TRACK:1722;1714;-1;3;0;6;0;1;2;7;-0.9454982251172943;14;5;18;2;6;15;4;7;-0.16403150066648564;4;3;2;2;2;2;1;2;10;11;6;9;4;3;24;6;3;3;8;6;2;6;4;14;5;2;17;21;6.252513123879589;6;1;3;2;0;21;-8.868839910738258;11;2;13;19;24
TRACK:1723;1716;-1;3;0;5;0;5;1;6;4;3;0;10;25;0;5;0;4;20;0.5229499618560925;4;24;3;5;0;8;22;1.7743961046870242;6;1;19;24;4;3;2;2;2;2;1;2;10;17;6;21;-9.104875606270157;25;6;3;3;8;6;2;6;4;14;5;2;17;21;6.460945384805936;6;1;3;2;0;21;-8.70763256911417;11;2;13;19;1;1;5;24;5;13;3;5;25
TRACK:1724;526;-1;3;0;5;0;5;1;6;4;3;0;10;25;0;5;0;4;20;0.5653730216202965;4;24;3;5;0;8;22;1.9766140009239295;6;2;5;3;0;3;7;-2.0487143624780324;4;24;13;4;3;2;2;4;5;13;6;2;6;4;14;6;10;6;1;3;2;0;21;-8.91651079816091;11;2;13;19;1;1;5;24;5;8;3;5;25
TRACK:1725;1711;-1;3;0;10;4;3;2;2;2;2;1;2;10;11;6;9;4;3;24;6;3;3;8;6;2;6;4;14;6;10;6;1;3;6;3;10;1;1;5;25;5;8;3;5;25
TRACK:1726;1713;-1;3;0;5;0;2;2;1;22;-4.588259138230968;8;0;24;17;5;6;9;6;1;19;24;4;3;2;2;2;2;1;2;10;17;6;9;25;6;3;3;8;6;2;6;4;14;5;2;17;21;6.277788286551496;6;1;3;2;0;21;-8.743313088125403;11;2;13;19;1;1;5;24;1;21;-4.953926633499757;25;3;5;25
TRACK:1727;1715;-1;3;3;16
TRACK:1728;1717;-1;3;0;5;0;4;6;0;5;14;5;24;6;2;5;3;0;3;7;-1.735020202299949;4;24;13;4;3;2;2;2;2;1;2;10;17;6;9;25;6;3;3;8;6;2;6;4;14;5;2;17;21;6.253049711610397;6;1;3;2;0;21;-8.845640535624904;11;2;13;19;1;1;5;24;1;21;-4.772832537917252;25;3;5;25
TRACK:1729;489;-1;3;0;5;0;5;1;6;4;3;0;10;25;0;5;0;4;20;0.7357661328756067;4;24;3;5;0;8;22;1.66281604506755;6;2;5;3;0;3;7;-2.004041838860739;4;24;13;4;3;2;2;2;2;1;2;10;11;6;9;25;6;5;22;6.122637761005411;6;2;6;4;14;5;2;17;21;6.2400477639325205;6;1;3;2;0;21;-8.8970262122589;11;2;13;19;1;1;5;24;1;21;-4.981108368273967;25;3;5;25
EVAL_INSTANCE:86:0:1720
EVAL_INSTANCE:86:1:1721
EVAL_INSTANCE:86:2:1722
EVAL_INSTANCE:86:3:1723
EVAL_INSTANCE:86:4:1724
EVAL_INSTANCE:86:5:1725
EVAL_INSTANCE:86:6:1726
EVAL_INSTANCE:86:7:1727
EVAL_INSTANCE:86:8:1728
EVAL_INSTANCE:86:9:1729
RUN_RESULT:86:0:0:2000:----
RUN_RESULT:86:1:0:1150:UUUULLRLULLL
RUN_RESULT:86:2:0:2000:----
RUN_RESULT:86:3:0:2000:----
RUN_RESULT:86:4:0:1150:UUUULLRLULLL
RUN_RESULT:86:5:0:2000:----
RUN_RESULT:86:6:0:2000:----
RUN_RESULT:86:7:0:2000:----
RUN_RESULT:86:8:0:940:UUUURLDLL
RUN_RESULT:86:9:0:99:UUUULLRLULLL
    87 |      870 | -3.990000E+03 | -3.990000E+03
TRACK:1730;566;561;3;0;5;0;5;1;6;4;3;0;10;25;0;5;0;4;20;0.7351769399066475;4;24;3;5;0;8;22;1.9178699543291196;6;2;5;3;0;21;-8.979766359132212;19;13;4;3;2;2;2;2;1;2;10;11;6;9;4;3;24;6;3;3;8;6;2;6;4;14;6;10;6;1;3;2;0;21;-8.826652726924944;11;2;13;9;1;1;5;25;5;8;3;5;25
TRACK:1731;566;561;3;0;5;0;5;1;6;4;3;0;10;25;0;5;0;4;20;0.6297388137510807;4;24;3;5;0;8;22;1.6387679997652442;6;2;6;3;3;8;13;4;3;2;2;2;2;1;2;10;11;6;9;25;6;3;3;8;6;2;6;4;14;5;2;17;21;6.171067081651891;6;1;3;2;0;21;-8.979766359132212;19;2;13;19;1;1;5;24;1;21;-4.778116458091936;25;3;0;25;24
TRACK:1732;381;542;3;0;5;0;5;1;6;4;3;0;10;25;0;5;0;4;20;0.5334300884931266;4;24;3;5;0;8;22;1.7958792404530506;6;2;5;3;0;3;7;-1.884791555238767;4;24;13;4;3;2;2;2;2;1;2;10;11;6;9;4;1;21;-4.703083459155892;25;6;3;3;8;6;2;6;4;14;5;2;17;21;6.202527850922802;6;1;3;2;0;21;-8.998512119765355;11;2;13;19;1;1;5;24;5;20;-8.731021694943875;3;5;25
TRACK:1733;381;542;3;0;5;0;5;1;6;4;3;0;10;25;0;5;0;4;20;0.6812157983887053;4;19;3;5;0;8;22;1.7381989359384042;6;2;5;3;0;3;7;-1.7118801581016863;4;24;13;4;3;2;2;2;2;1;2;10;17;6;9;25;6;3;3;8;6;2;6;4;14;5;2;17;24;6;1;3;4;13;1;1;5;9;1;21;-4.703083459155892;25;3;5;25
TRACK:1734;489;547;3;0;5;0;5;1;6;4;3;0;10;25;0;5;0;4;20;0.5944776144782205;4;24;3;5;0;8;22;1.6521541418814543;6;2;5;3;0;3;7;-1.9347451502148856;0;21;-8.798170546052466;11;13;4;3;2;2;2;2;1;2;10;11;6;9;25;6;3;3;8;6;2;6;4;14;5;2;17;21;6.304053572782502;6;1;3;2;0;21;-8.942458218385559;11;2;13;19;1;1;5;24;1;21;-4.903815446000335;25;3;5;25
TRACK:1735;489;547;3;0;5;0;5;1;6;4;3;0;10;25;0;5;0;4;20;0.6163724510451069;4;24;3;5;0;8;22;1.781538475512475;6;1;19;24;4;3;2;2;2;2;1;2;10;17;6;9;25;6;3;3;8;6;2;6;4;14;5;2;17;21;6.413665836382024;6;1;3;2;0;21;-8.798170546052466;11;2;13;19;10
TRACK:1736;563;526;3;0;5;0;5;1;6;4;3;0;10;25;0;5;0;4;20;0.645115706562894;4;24;3;5;0;8;22;1.8004489927088398;6;1;19;24;4;3;2;2;2;2;1;2;10;17;6;9;25;6;3;3;8;6;2;6;10;5;2;17;21;6.291213416371669;6;1;3;2;0;21;-8.615295463753146;17;2;13;19;1;1;5;24;1;21;-4.768306165220745;25;3;5;25
TRACK:1737;563;526;3;0;5;0;5;1;6;4;3;0;10;25;0;5;0;4;20;0.6317182326717258;4;24;3;5;0;8;22;1.9211733964180546;6;2;5;3;0;3;7;-1.9035107509581097;4;24;13;4;3;2;2;2;2;1;2;10;11;6;9;4;3;24;6;3;3;8;6;2;6;4;14;6;10;6;1;3;2;0;21;-8.940042557827399;11;2;13;19;1;1;5;24;5;8;3;5;25
TRACK:1738;567;566;3;0;5;0;5;1;6;4;3;0;8;25;0;5;0;4;20;0.554959567811991;4;24;3;5;0;8;22;1.5847910097815714;6;2;5;3;0;3;7;-1.955386870631307;4;24;13;4;3;2;2;2;2;1;2;10;11;6;9;25;6;3;3;8;6;2;6;4;14;5;2;17;21;6.262568272526572;6;1;3;2;0;21;-8.749035212796752;24;2;13;20;-4.280543820769656;1;1;5;24;1;21;-4.712273777889777;25;3;5;25
TRACK:1739;567;566;3;0;5;0;5;1;6;4;3;0;10;25;0;5;0;4;20;0.7351769399066475;4;24;3;5;0;8;22;1.9178699543291196;6;2;5;3;0;3;7;-1.835310306323171;4;24;13;4;3;2;2;2;2;1;2;10;11;6;8;4;3;24;6;3;3;8;6;2;6;4;14;6;10;6;1;3;2;0;21;-8.826652726924944;11;2;13;9;1;1;5;25;5;8;3;5;25
TRACK:1740;1730;-1;3;0;5;0;5;1;6;4;3;0;10;25;0;5;0;4;20;0.6505702993197618;4;24;3;5;0;8;22;1.9940635420000186;6;2;5;3;0;21;-8.908903981107468;19;13;4;3;2;2;2;2;1;2;10;11;2;20;7.775380418565902;23;-5.419373530631891;4;3;24;6;3;3;8;6;2;6;4;14;6;10;6;1;3;2;0;21;-8.764067450804934;11;2;13;9;1;1;5;25;5;8;3;5;25
TRACK:1741;1732;-1;3;0;5;0;6;0;6;24;3;10;6;2;5;3;0;3;7;-2.0737411692455456;4;24;13;4;3;2;2;2;2;1;2;10;11;6;9;4;1;21;-4.544025513493718;25;6;3;3;8;6;2;6;4;14;5;2;17;21;6.233916975247592;6;1;3;2;0;21;-9.059843545963297;11;2;13;19;1;1;5;24;5;20;-8.643893727928589;3;5;25
TRACK:1742;1734;-1;3;0;5;0;5;1;6;4;3;0;10;25;0;5;0;4;22;4.1052729448730645;4;24;3;5;0;8;22;1.5458560277823583;6;2;5;3;0;3;7;-1.8415721013273123;0;21;-8.79955287181151;11;13;4;3;2;2;2;2;1;2;10;11;6;9;25;6;3;3;8;6;2;6;4;14;5;2;17;21;6.0735007022707785;6;1;3;2;0;21;-9.145377250063646;11;2;13;19;1;1;5;24;1;21;-4.800570628790297;25;3;5;25
TRACK:1743;1736;-1;3;0;5;0;5;1;6;4;3;0;10;25;0;5;0;4;20;0.5671420077944377;4;24;3;5;0;8;22;1.7142426381998481;6;1;19;24;4;3;2;2;2;2;5;15;25;6;3;3;8;6;2;6;10;5;2;17;21;6.1682693410551535;6;1;3;2;0;21;-8.62289467151691;17;2;13;19;1;1;5;24;1;21;-4.781202503215633;25;3;5;25
TRACK:1744;1738;-1;3;0;5;0;5;1;6;4;3;0;8;25;0;5;0;4;20;0.5396199655722517;4;24;3;5;0;8;22;1.6170566992367765;6;2;5;3;0;3;7;-1.8089501865106525;4;24;13;4;3;2;2;2;2;1;2;10;11;6;9;25;6;3;3;8;6;2;6;4;14;5;2;17;21;6.259969781974537;6;1;3;2;0;21;-8.880765343842885;24;2;13;20;-4.278584062652105;1;1;5;16;1;21;-4.57605687419606;25;3;5;25
TRACK:1745;1731;-1;3;0;5;0;5;1;6;4;3;0;10;25;0;5;0;4;20;0.618558468606955;4;24;3;5;0;8;22;1.675829255044576;6;2;6;3;3;8;13;4;3;2;2;2;2;1;2;10;11;6;9;25;6;3;3;8;6;2;6;4;14;5;2;17;21;6.157986265090436;6;1;6;1;8;21;6.247916413516613;1;1;5;24;1;21;-4.680258264578959;25;3;0;25;24
TRACK:1746;1733;-1;3;0;5;0;5;1;6;4;3;0;21;6.295233136224166;25;0;5;0;4;20;0.720868706271621;4;19;3;5;0;8;22;1.6380459301840182;6;2;5;3;0;3;7;-1.7782408671094398;4;24;13;4;3;2;2;2;2;1;2;10;17;6;9;25;6;3;3;8;6;2;6;4;14;5;2;17;24;6;1;3;4;13;1;1;5;9;1;21;-4.705154275313768;25;3;5;25
TRACK:1747;1735;-1;3;0;5;0;5;1;6;4;3;0;10;25;0;5;0;4;20;0.4794128934552061;6;20;-6.703847013677651;3;5;0;8;22;1.7927382466851784;6;1;19;24;4;3;2;2;2;2;1;2;10;17;6;9;25;6;3;3;8;6;2;6;4;14;5;2;17;21;6.5033587484397115;6;1;3;2;0;21;-8.734774708792038;11;2;13;19;10
TRACK:1748;1737;-1;3;0;5;0;5;1;6;4;3;0;10;25;0;5;0;4;20;0.7126677725825845;4;24;3;5;0;8;22;2.0565034008403034;6;2;5;3;0;3;7;-1.995524707695666;4;24;13;4;3;2;2;2;2;1;2;10;15;6;9;4;3;24;6;3;3;8;6;2;6;4;14;6;10;6;1;3;2;0;21;-8.938998389314511;11;2;13;19;1;1;5;24;5;8;3;5;25
TRACK:1749;1739;-1;3;0;5;0;5;1;6;4;3;0;10;25;0;5;0;4;20;0.7557719219150943;4;24;3;5;0;8;22;1.948853516190601;6;2;5;3;0;3;7;-2.0199999916034033;4;24;13;4;3;2;2;2;2;1;2;10;11;6;8;4;3;10;6;3;3;8;6;2;6;4;14;6;10;6;1;3;2;0;21;-8.99097301235761;11;2;13;9;1;1;5;25;5;8;3;5;25
EVAL_INSTANCE:87:0:1740
EVAL_INSTANCE:87:1:1741
EVAL_INSTANCE:87:2:1742
EVAL_INSTANCE:87:3:1743
EVAL_INSTANCE:87:4:1744
EVAL_INSTANCE:87:5:1745
EVAL_INSTANCE:87:6:1746
EVAL_INSTANCE:87:7:1747
EVAL_INSTANCE:87:8:1748
EVAL_INSTANCE:87:9:1749
RUN_RESULT:87:0:0:827:UUUULLRLULLL
RUN_RESULT:87:1:0:2000:----
RUN_RESULT:87:2:0:2000:----
RUN_RESULT:87:3:0:2000:----
RUN_RESULT:87:4:0:940:UUUURLDLL
RUN_RESULT:87:5:0:2000:----
RUN_RESULT:87:6:0:2000:----
RUN_RESULT:87:7:0:2000:----
RUN_RESULT:87:8:0:10:UUUURULULL
RUN_RESULT:87:9:0:1150:UUUULLRLULLL
    88 |      880 | -3.990000E+03 | -3.990000E+03
TRACK:1750;547;509;3;0;5;0;5;1;6;4;3;0;10;25;0;5;0;4;20;0.6163724510451069;4;24;3;5;0;8;22;1.781538475512475;6;1;19;24;4;3;2;2;2;2;1;2;10;17;6;9;25;6;3;3;8;6;2;6;4;14;5;2;17;21;6.413665836382024;6;1;3;2;0;21;-8.798170546052466;11;2;13;19;1;1;5;24;1;21;-4.909247867364276;25;25
TRACK:1751;547;509;3;0;5;0;5;1;6;6;4;14;0;5;0;4;20;0.6757035951212185;4;19;3;5;0;8;22;1.7737653774675808;6;2;5;3;0;3;7;-1.7577624029895191;4;24;13;4;3;2;2;2;2;1;2;10;17;6;9;25;6;3;3;8;6;2;6;4;14;5;2;17;21;6.378544981383671;6;1;3;2;0;21;-8.89127796906232;11;2;13;19;1;1;5;24;1;21;-4.828989826537952;25;3;5;25
TRACK:1752;561;489;3;0;5;0;5;1;6;4;3;0;10;25;0;5;0;4;20;0.6297388137510807;4;24;3;5;0;8;22;1.6387679997652442;6;2;5;3;0;3;7;-1.9983925114321415;4;24;13;4;3;8
TRACK:1753;561;489;3;0;5;0;5;1;6;4;3;0;10;25;0;5;0;4;20;0.5944776144782205;4;24;3;5;0;8;22;1.6521541418814543;6;2;5;3;0;3;7;-1.9347451502148856;4;24;13;4;3;2;2;2;2;1;2;10;11;6;9;25;6;3;3;8;6;2;6;4;14;5;2;17;21;6.304053572782502;6;1;3;2;2;13;19;2;13;19;1;1;5;24;1;21;-4.903815446000335;25;3;5;25
TRACK:1754;526;563;3;0;5;0;5;1;6;4;3;0;10;25;0;5;0;6;9;4;24;3;5;0;8;22;1.9211733964180546;6;2;5;3;0;3;7;-1.9035107509581097;4;24;13;4;3;2;2;2;2;1;2;10;11;6;9;4;3;24;6;3;3;8;6;2;6;4;14;6;10;6;1;3;2;0;21;-8.940042557827399;11;2;13;19;1;1;5;24;5;8;3;5;25
TRACK:1755;526;563;3;0;5;0;5;1;6;4;3;0;10;25;0;5;0;4;20;0.645115706562894;4;24;3;0;3;7;-1.9035107509581097;4;24;6;1;19;24;4;3;2;2;2;2;1;2;10;17;6;9;25;6;3;3;8;6;2;6;4;14;5;2;17;21;6.291213416371669;6;1;3;2;0;21;-8.615295463753146;17;2;13;19;1;1;5;24;1;21;-4.768306165220745;25;3;5;25
TRACK:1756;381;526;3;0;5;0;5;1;6;4;3;0;10;25;0;5;0;4;20;0.5334300884931266;4;24;3;5;0;7;-1.9035107509581097;22;1.7958792404530506;6;2;5;3;0;3;7;-1.884791555238767;4;24;13;4;3;2;2;2;2;1;2;10;11;6;9;4;3;24;6;3;3;8;6;2;6;4;14;5;2;17;21;6.202527850922802;6;1;3;2;0;21;-8.998512119765355;11;2;13;19;1;1;5;24;5;20;-8.731021694943875;3;5;25
TRACK:1757;381;526;3;0;5;0;5;1;6;4;3;0;10;25;0;5;0;4;20;0.6317182326717258;4;24;3;5;0;8;22;1.9211733964180546;6;2;2;10;11;13;4;3;2;2;2;2;1;2;10;11;6;9;4;3;24;6;3;3;8;6;2;6;4;14;6;10;6;1;3;2;0;21;-8.940042557827399;11;2;13;19;1;1;5;24;5;8;3;5;25
TRACK:1758;542;561;3;0;5;0;5;1;6;4;3;0;10;25;0;5;0;4;20;0.6812157983887053;4;19;3;5;0;8;22;1.7381989359384042;6;2;5;3;0;3;7;-1.7118801581016863;4;24;13;4;4;24
TRACK:1759;542;561;3;0;5;0;5;1;6;4;3;0;10;25;0;5;0;4;20;0.6297388137510807;4;24;3;5;0;8;22;1.6387679997652442;6;2;5;3;0;3;7;-1.9983925114321415;4;24;10;4;3;2;2;2;2;1;2;10;11;6;9;25;6;3;3;8;6;2;6;4;14;5;2;17;21;6.171067081651891;6;1;3;2;0;21;-8.979766359132212;19;2;13;19;1;1;5;24;1;21;-4.778116458091936;25;3;0;25;24
TRACK:1760;547;-1;3;0;5;0;5;1;6;4;3;0;10;25;0;5;0;4;20;0.5748828630233007;4;24;3;5;0;8;22;1.707885429418066;6;1;19;24;4;0;5;3;5;2;19;20;7.017335001547977;5;5;2;1;25;21;-8.959425560341874;4;15
TRACK:1761;1752;-1;3;0;5;0;5;1;6;4;3;0;10;25;0;5;0;4;20;0.7113186728681808;4;24;3;5;0;8;22;1.6493206799159443;6;14;4;3;8
TRACK:1762;1754;-1;3;0;5;0;5;1;6;4;3;0;10;25;0;5;0;6;9;4;24;3;5;0;8;22;1.9088998855065529;6;2;5;3;0;3;7;-1.9205852340287406;4;24;13;4;3;2;2;2;2;1;2;10;11;6;9;4;3;24;6;3;3;8;6;2;6;4;14;6;10;6;1;3;2;0;21;-8.898046742821098;11;2;13;19;1;1;5;24;4;8;3;5;25
TRACK:1763;1756;-1;3;0;5;0;5;1;6;4;3;0;10;25;0;5;0;4;20;0.663123777071601;4;24;3;5;0;7;-1.9066928069861566;22;1.7938912769126347;6;2;5;3;0;3;7;-1.9855852846256545;4;24;13;4;3;2;2;2;2;1;2;10;11;6;9;4;3;24;6;3;3;8;6;2;6;4;14;5;2;17;21;6.170113095224431;6;1;3;2;0;21;-8.9958342754284;11;2;13;14;1;1;5;24;5;20;-8.777563200213947;3;5;25
TRACK:1764;1758;-1;3;0;5;0;5;1;6;4;3;0;18;25;0;5;0;4;20;0.7108203800817974;4;19;3;5;0;8;22;1.793350569147801;6;2;5;3;0;3;7;-1.7508176364192123;4;24;13;4;4;24
TRACK:1765;509;-1;3;0;5;0;5;1;6;4;3;0;10;25;0;5;0;4;20;0.6027993116464693;4;19;3;5;0;8;22;1.8267853282255158;6;2;5;3;0;3;7;-1.7745557068113267;4;24;13;4;3;2;2;2;2;1;2;10;17;6;9;25;6;3;3;8;6;2;6;4;14;5;2;16;21;6.525157257843738;6;1;3;2;0;21;-8.793684343657622;11;2;13;19;1;1;5;24;1;21;-4.8275415577757625;25;3;5;25
TRACK:1766;1753;-1;3;0;5;0;5;1;6;4;3;0;10;25;0;1;9;22;9.012449874555578;0;23;9.624638055628747;7;8.219497108335776;6;2;5;3;0;3;7;-1.8826944668890715;4;24;13;4;3;2;2;2;2;1;2;10;11;6;9;25;6;3;3;8;6;2;6;4;14;5;2;17;21;6.346113373449585;6;1;3;2;2;13;19;2;13;19;1;1;5;24;1;21;-4.853592710155033;25;3;5;25
TRACK:1767;1755;-1;3;0;5;0;5;1;6;4;7;-2.0011200454355604;0;5;0;4;20;0.6339651382074644;4;24;3;0;3;7;-2.079167177051124;4;24;6;1;19;24;4;3;2;2;2;2;1;2;10;17;6;9;25;6;3;3;8;6;2;6;4;14;5;2;17;21;6.39179755435171;6;1;3;2;0;21;-8.664221955039311;17;2;13;19;1;1;5;24;1;21;-4.666572967548266;25;3;5;25
TRACK:1768;1757;-1;3;0;5;0;5;1;6;4;3;0;10;25;0;5;0;4;20;0.7092091905838349;4;24;3;5;0;8;22;1.789338037998501;6;2;2;10;11;13;4;3;2;2;2;2;4;11;4;3;24;6;3;3;8;6;2;6;4;14;6;10;6;1;3;2;0;21;-8.925617087803099;11;2;13;19;1;1;5;24;5;8;3;5;25
TRACK:1769;1759;-1;3;0;5;0;5;1;6;4;3;0;10;25;0;5;0;4;20;0.8214921657631183;4;24;3;5;0;8;22;1.4804114098256895;6;2;5;3;0;3;7;-2.005091128037625;4;24;10;4;3;2;2;2;2;1;2;10;11;5;7;-5.710072763717524;25;6;3;3;8;6;2;6;4;14;5;2;17;21;6.0101142010636535;6;1;3;2;0;21;-9.028938800000876;19;2;13;19;1;1;5;24;1;21;-4.66125224294792;25;3;0;25;24
EVAL_INSTANCE:88:0:1760
EVAL_INSTANCE:88:1:1761
EVAL_INSTANCE:88:2:1762
EVAL_INSTANCE:88:3:1763
EVAL_INSTANCE:88:4:1764
EVAL_INSTANCE:88:5:1765
EVAL_INSTANCE:88:6:1766
EVAL_INSTANCE:88:7:1767
EVAL_INSTANCE:88:8:1768
EVAL_INSTANCE:88:9:1769
RUN_RESULT:88:0:0:2000:----
RUN_RESULT:88:1:0:2000:----
RUN_RESULT:88:2:0:2000:----
RUN_RESULT:88:3:0:2000:----
RUN_RESULT:88:4:0:2000:----
RUN_RESULT:88:5:0:10:UUUURULULL
RUN_RESULT:88:6:0:2000:----
RUN_RESULT:88:7:0:2000:----
RUN_RESULT:88:8:0:2000:----
RUN_RESULT:88:9:0:2000:----
    89 |      890 | -3.990000E+03 | -3.990000E+03
TRACK:1770;542;526;3;0;5;0;5;1;6;4;3;0;10;25;0;5;0;4;20;0.6812157983887053;4;19;3;5;0;8;22;1.7381989359384042;6;2;5;3;0;3;7;-1.7118801581016863;4;24;13;4;3;6;4;14
TRACK:1771;542;526;3;0;5;0;5;1;6;4;3;0;10;25;0;5;0;4;20;0.6317182326717258;4;24;3;5;0;8;22;1.9211733964180546;6;2;5;3;0;10;4;24;13;4;3;2;2;2;2;1;2;10;11;6;9;4;3;24;6;3;3;8;6;2;6;4;14;6;10;6;1;3;2;0;21;-8.940042557827399;11;2;13;19;1;1;5;24;5;8;3;5;25
TRACK:1772;489;566;3;0;5;0;5;1;6;4;3;0;10;25;0;5;0;4;20;0.5944776144782205;4;24;3;5;0;8;22;1.6521541418814543;6;2;5;3;0;3;7;-1.9347451502148856;4;24;13;4;3;2;2;2;2;1;2;10;11;6;9;25;6;3;3;8;6;2;6;4;14;5;25;6;1;3;2;0;21;-8.942458218385559;11;2;13;19;1;1;5;24;1;21;-4.903815446000335;25;3;5;25
TRACK:1773;489;566;3;0;5;0;5;1;6;4;3;0;10;7;-1.9347451502148856;0;5;0;4;20;0.7351769399066475;4;24;3;5;0;8;22;1.9178699543291196;6;2;5;3;0;3;7;-1.835310306323171;4;24;13;4;3;2;2;2;2;1;2;10;11;6;9;4;3;24;6;3;3;8;6;2;6;4;14;6;10;6;1;3;2;0;21;-8.826652726924944;11;2;13;9;1;1;5;25;5;8;3;5;25
TRACK:1774;561;561;3;0;5;0;5;1;6;4;3;0;10;25;0;5;0;4;20;0.6297388137510807;4;24;3;5;0;8;22;1.6387679997652442;6;2;5;3;0;3;7;-1.9983925114321415;4;24;13;4;3;2;2;2;2;1;5;24;6;9;25;6;3;3;8;6;2;6;4;14;5;2;17;21;6.171067081651891;6;1;3;2;0;21;-8.979766359132212;19;2;13;19;1;1;5;24;1;21;-4.778116458091936;25;3;0;25;24
TRACK:1775;561;561;3;0;5;0;5;1;6;4;3;10;0;5;0;4;20;0.6297388137510807;4;24;3;5;0;8;22;1.6387679997652442;6;2;5;3;0;3;7;-1.9983925114321415;4;24;13;4;3;2;2;2;2;1;2;10;11;6;9;25;6;3;3;8;6;2;6;4;14;5;2;17;21;6.171067081651891;6;1;3;2;0;21;-8.979766359132212;19;2;13;19;1;1;5;24;1;21;-4.778116458091936;25;3;0;25;24
TRACK:1776;381;547;3;0;5;0;5;1;6;4;3;0;10;25;0;5;0;4;20;0.5334300884931266;4;24;3;5;0;8;22;1.7958792404530506;6;2;5;3;0;3;7;-1.884791555238767;4;24;13;4;3;2;2;2;2;1;2;10;11;6;9;4;3;24;6;3;0;10;25;6;2;6;4;14;5;2;17;21;6.202527850922802;6;1;3;2;0;21;-8.998512119765355;11;2;13;19;1;1;5;24;5;20;-8.731021694943875;3;5;25
TRACK:1777;381;547;3;0;5;3;0;10;25;4;3;2;2;2;2;1;2;10;17;6;9;25;6;3;3;8;6;2;6;4;14;5;2;17;21;6.413665836382024;6;1;3;2;0;21;-8.798170546052466;11;2;13;19;1;1;5;24;1;21;-4.909247867364276;25;3;5;25
TRACK:1778;489;509;3;0;5;0;5;1;6;4;3;0;10;25;0;5;0;4;20;0.5944776144782205;4;24;3;5;0;8;22;1.6521541418814543;6;2;5;3;0;3;7;-1.9347451502148856;4;24;13;4;3;2;2;2;2;1;2;10;11;6;9;25;6;3;3;8;6;2;6;4;14;5;2;17;21;6.304053572782502;6;1;3;2;10;17;1;1;5;24;1;21;-4.903815446000335;25;3;5;25
TRACK:1779;489;509;3;0;5;0;5;1;6;4;3;0;10;25;0;5;0;4;20;0.6757035951212185;4;19;3;5;0;8;22;1.7737653774675808;6;2;5;3;0;3;7;-1.7577624029895191;4;24;13;4;3;2;2;2;2;1;2;10;17;6;9;25;0;8;22;1.6521541418814543;6;2;6;4;14;5;2;17;21;6.378544981383671;6;1;3;2;0;21;-8.89127796906232;11;2;13;19;1;1;5;24;1;21;-4.828989826537952;25;3;5;25
TRACK:1780;1770;-1;3;0;5;0;5;1;6;4;3;0;10;25;0;5;0;4;20;0.5741348144817466;4;19;3;5;0;8;22;1.7973742516394626;6;2;5;3;0;3;7;-1.6215579765746029;4;24;13;0;20;-1.7808300828567898;23;-5.2142980367026315
TRACK:1781;1772;-1;3;0;5;0;5;1;6;4;3;0;10;25;0;5;0;4;20;0.7376937042968971;4;24;3;5;0;8;22;1.790609623012574;6;2;5;3;0;3;7;-1.858140127143468;4;24;13;4;6;17
TRACK:1782;1774;-1;3;0;5;0;5;1;6;4;3;0;10;25;0;5;0;4;20;0.6926562545105802;4;24;3;5;0;8;22;1.5578540083015266;6;2;5;3;0;3;7;-2.0905639068450887;4;24;13;4;3;2;2;2;2;1;5;24;6;9;25;6;3;3;8;6;2;6;4;14;5;2;17;21;6.176152300721457;6;1;3;2;0;21;-9.094518409762593;19;2;13;19;1;1;5;24;1;21;-4.58318371610728;25;5;2;13;16
TRACK:1783;1776;-1;3;0;5;0;5;1;6;4;3;0;10;25;0;5;0;4;20;0.5927575681396502;4;24;3;5;0;8;22;1.8505260206309049;6;2;5;3;0;3;21;9.883069152955585;4;24;13;4;3;2;2;2;2;1;2;10;11;6;9;4;3;24;6;3;0;10;25;6;2;6;4;14;5;2;17;21;6.262192340232039;6;1;3;2;0;21;-9.021254709312343;11;2;13;19;1;1;5;24;5;20;-8.794458156058765;3;5;25
TRACK:1784;1778;-1;3;0;5;0;5;1;6;4;3;3;10;0;5;0;4;20;0.5302729692635053;4;24;3;5;0;8;22;1.6261603368185602;6;2;5;3;0;3;7;-2.1722088393164545;4;24;13;4;3;2;2;2;2;1;2;10;11;6;9;25;6;3;3;8;6;2;6;4;14;5;2;17;21;6.242947780795976;6;1;3;2;10;17;1;1;5;24;1;21;-5.0219727788968385;25;3;5;25
TRACK:1785;1771;-1;3;0;5;0;5;1;6;4;3;0;10;25;0;5;0;4;20;0.5559057695373597;4;24;3;5;0;8;22;1.8422627575297672;6;2;5;3;0;10;4;24;13;4;3;2;3;0;5;6;20;-0.23705744663805106;5;6;13;6;1;3;2;0;21;-9.04554551952082;11;2;13;19;1;1;5;24;5;8;3;5;25
TRACK:1786;1773;-1;3;0;5;0;5;1;6;4;3;0;10;7;-2.030465532947317;0;5;0;7;1.9821316734128196;24;3;5;0;8;22;1.9899412824309732;6;2;5;3;0;3;7;-1.7543483223303042;4;24;13;4;3;2;2;2;2;1;2;10;11;6;9;4;3;24;6;3;3;8;6;2;6;4;14;6;10;6;1;3;2;0;21;-8.974013702706596;11;2;13;9;1;1;5;25;5;8;3;5;25
TRACK:1787;1775;-1;3;0;5;0;5;1;6;4;3;10;0;5;0;4;20;0.5727870465841685;4;24;3;5;0;8;22;1.4987492671073315;6;2;5;3;0;3;7;-1.9137450751089973;4;24;13;4;3;2;2;2;2;1;2;10;11;6;9;25;6;3;3;8;6;2;6;4;14;5;2;17;21;6.34990475006724;6;1;3;2;0;21;-8.908368871305942;19;2;13;19;1;1;5;24;1;21;-4.613878724910286;25;3;0;25;7;-7.768650928159766
TRACK:1788;1777;-1;3;0;5;3;0;10;2;5;21;-3.056288964158229;5;20;9.623600368337371;4;3;2;2;2;2;1;2;10;17;6;9;25;6;3;3;8;6;2;6;4;14;5;2;17;21;6.292161062203192;6;1;3;2;0;21;-8.879569419805122;11;2;13;19;1;1;5;24;1;21;-4.821820859366909;25;3;5;25
TRACK:1789;1779;-1;3;0;5;0;5;1;6;4;3;0;10;25;0;5;0;4;20;0.7085901854254778;4;19;3;5;0;8;22;1.99224525372467;6;2;5;3;0;3;7;-1.9446008120912732;4;24;13;4;3;2;2;2;2;1;2;10;17;6;9;25;0;8;22;1.679986450811912;6;2;6;4;14;5;2;17;21;6.480937811046777;6;1;4;6;2;19;23;1.2578499357595145;1;1;5;24;1;21;-4.8892752491739735;25;3;5;25
EVAL_INSTANCE:89:0:1780
EVAL_INSTANCE:89:1:1781
EVAL_INSTANCE:89:2:1782
EVAL_INSTANCE:89:3:1783
EVAL_INSTANCE:89:4:1784
EVAL_INSTANCE:89:5:1785
EVAL_INSTANCE:89:6:1786
EVAL_INSTANCE:89:7:1787
EVAL_INSTANCE:89:8:1788
EVAL_INSTANCE:89:9:1789
RUN_RESULT:89:0:0:2000:----
RUN_RESULT:89:1:0:1150:UUUULLRLULLL
RUN_RESULT:89:2:0:1150:UUUULLRLULLL
RUN_RESULT:89:3:0:99:UUUULLRLULLL
RUN_RESULT:89:4:0:10:UUUURULULL
RUN_RESULT:89:5:0:1150:UUUULLRLULLL
RUN_RESULT:89:6:0:940:UUUURLDLL
RUN_RESULT:89:7:0:10:UUUURULULL
RUN_RESULT:89:8:0:2000:----
RUN_RESULT:89:9:0:93:UUUULLRLULLL
    90 |      900 | -3.990000E+03 | -3.990000E+03
TRACK:1790;566;567;3;0;5;0;5;1;6;4;3;0;10;25;0;5;0;4;20;0.7351769399066475;4;24;3;5;0;8;22;1.9178699543291196;6;2;5;3;0;3;7;-1.835310306323171;4;24;13;4;3;2;2;2;2;1;2;10;11;6;9;4;22;1.5847910097815714;6;3;3;8;6;2;6;4;14;6;10;6;1;3;2;0;21;-8.826652726924944;11;2;13;9;1;1;5;25;5;8;3;5;25
TRACK:1791;566;567;3;0;25;4;3;2;2;2;2;1;2;10;11;6;9;25;6;3;3;8;6;2;6;4;14;5;2;17;21;6.262568272526572;6;1;3;2;0;21;-8.749035212796752;24;2;13;20;-4.280543820769656;1;1;5;24;1;21;-4.712273777889777;25;3;5;25
TRACK:1792;509;547;3;0;5;0;5;1;4;3;0;10;25;0;5;0;4;20;0.6757035951212185;4;19;3;5;0;8;22;1.7737653774675808;6;2;5;3;0;3;7;-1.7577624029895191;4;24;13;4;3;2;2;2;2;1;2;10;17;6;9;25;6;3;3;8;6;2;6;4;14;5;2;17;21;6.378544981383671;6;1;3;2;0;21;-8.89127796906232;11;2;13;19;1;1;5;24;1;21;-4.828989826537952;25;3;5;25
TRACK:1793;509;547;3;2;0;21;-8.89127796906232;11;2;13;19
TRACK:1794;561;381;3;0;5;0;5;20;0.5334300884931266;6;2;5;3;0;3;7;-1.9983925114321415;4;24;13;4;3;2;2;2;2;1;2;10;11;6;9;25;6;3;3;8;6;2;6;4;14;5;2;17;21;6.171067081651891;6;1;3;2;0;21;-8.979766359132212;19;2;13;19;1;1;5;24;1;21;-4.778116458091936;25;3;0;25;24
TRACK:1795;561;381;3;0;5;0;5;1;6;4;3;0;10;25;0;5;0;4;20;0.5334300884931266;4;24;3;5;0;8;22;1.7958792404530506;6;2;5;3;0;3;7;-1.884791555238767;4;24;13;4;3;2;2;2;2;1;2;10;11;6;9;4;3;24;6;8;6;2;6;4;14;5;2;17;21;6.202527850922802;6;1;3;2;0;21;-8.998512119765355;11;2;13;19;1;1;5;24;5;20;-8.731021694943875;3;5;25
TRACK:1796;563;489;3;0;5;0;5;1;6;4;3;0;10;25;0;5;0;4;20;0.645115706562894;4;24;3;5;0;8;22;1.8004489927088398;6;1;19;24;4;3;2;2;2;2;1;2;10;17;6;9;25;6;3;3;8;6;2;6;4;14;5;2;17;21;6.291213416371669;6;1;3;2;3;8;2;13;19;1;1;5;24;1;21;-4.768306165220745;25;3;5;25
TRACK:1797;563;489;3;0;5;0;5;1;6;4;3;0;10;25;0;5;0;4;20;0.5944776144782205;4;24;3;5;0;8;22;1.6521541418814543;6;2;5;3;0;3;7;-1.9347451502148856;4;24;13;4;3;2;2;2;2;1;2;10;11;6;9;25;6;3;3;8;6;2;6;4;14;5;2;17;24;6;1;3;2;0;21;-8.942458218385559;11;2;13;19;1;1;5;24;1;21;-4.903815446000335;25;3;5;25
TRACK:1798;509;526;3;0;5;0;5;1;6;4;3;0;10;25;0;5;0;4;20;0.6757035951212185;4;19;3;5;0;8;22;1.7737653774675808;6;2;5;3;0;3;7;-1.7577624029895191;4;24;13;4;3;2;2;2;2;11;25;6;3;3;8;6;2;6;4;14;5;2;17;21;6.378544981383671;6;1;3;2;0;21;-8.89127796906232;11;2;13;19;1;1;5;24;1;21;-4.828989826537952;25;3;5;25
TRACK:1799;509;526;3;0;5;0;5;1;6;4;3;0;10;25;0;5;0;4;20;0.6317182326717258;4;24;25;6;2;5;3;0;3;7;-1.9035107509581097;4;24;13;4;3;2;2;2;2;1;2;10;11;6;9;4;3;24;6;3;3;8;6;2;6;4;14;6;10;6;1;3;2;0;21;-8.940042557827399;11;2;13;19;1;1;5;24;5;8;3;5;25
TRACK:1800;1790;-1;3;0;5;0;5;1;6;4;3;0;10;25;0;5;0;4;20;0.7478661186701814;4;24;3;5;0;8;22;1.908621768858505;6;2;5;3;0;3;7;-2.0068723859991477;4;24;13;4;3;2;2;2;2;1;2;10;11;6;9;4;22;1.5573705960223347;6;3;1;16;15;6;2;6;4;14;6;10;6;1;3;2;0;21;-8.612378111432658;11;2;13;9;1;1;5;25;5;8;3;5;25
TRACK:1801;1792;-1;3;0;5;0;5;1;4;3;0;10;25;0;5;0;4;20;0.6734652584665164;4;19;3;5;0;8;22;1.8410241308466297;3;5;17;4;3;2;2;2;2;1;2;10;17;6;9;25;6;3;3;8;6;2;6;4;14;5;2;17;21;6.38831086876803;6;1;3;2;0;21;-9.111599520543342;11;2;13;19;1;1;5;24;1;21;-5.075123364580951;25;3;5;25
TRACK:1802;1794;-1;3;0;5;0;5;20;0.7796944886218311;6;2;5;3;0;3;25;4;24;13;4;3;2;2;2;2;1;2;10;11;6;9;25;6;3;3;8;6;2;6;4;14;5;2;17;21;6.09693850294303;6;1;3;2;0;21;-9.064630049921893;19;2;13;19;1;1;5;24;1;21;-4.606236728791062;25;3;0;25;24
TRACK:1803;1796;-1;3;0;5;0;5;1;6;4;3;0;10;25;0;5;1;2;17;7;-1.654354637784989;2;19;11;3;5;0;8;22;1.6551333990828239;6;1;19;24;4;3;2;2;2;2;1;2;10;17;6;9;25;6;3;3;8;6;2;6;4;14;5;2;17;21;6.338303021310059;6;1;3;2;3;8;2;13;19;1;1;5;24;1;21;-4.890791346356601;25;3;5;25
TRACK:1804;1798;-1;3;0;5;0;5;1;6;4;3;0;10;25;0;5;0;4;20;0.6299644214375767;4;19;3;5;0;8;22;1.6940845954201538;6;2;5;3;0;3;7;-1.7083962138518152;4;24;13;4;3;2;2;2;2;11;25;6;3;3;8;6;2;6;4;14;5;2;17;21;6.430550022162545;6;1;3;2;0;21;-8.988988941252995;11;2;23;-2.800032505372503;19;1;1;5;24;1;21;-4.693614498143949;25;3;5;25
TRACK:1805;1791;-1;3;0;25;4;3;2;2;2;2;1;2;10;11;6;9;25;6;3;3;8;6;2;6;4;12;5;2;17;21;6.377176591059021;6;1;3;2;0;21;-8.696030298821649;24;2;13;20;-4.306945927336376;1;1;5;24;1;21;-4.658563204938817;25;3;5;25
TRACK:1806;1793;-1;3;2;0;21;-9.071080913532233;11;1;13;9
TRACK:1807;1795;-1;3;0;5;0;5;1;6;4;3;0;10;25;0;5;0;4;20;0.4843041309537993;4;24;3;5;0;8;22;1.8163571767370834;6;2;5;3;0;3;7;-1.811576404787576;4;24;13;4;3;2;2;2;2;1;2;10;11;6;9;4;3;24;6;8;6;2;6;4;14;5;2;17;21;6.230517751020134;6;1;3;2;0;18;11;2;13;19;1;1;5;24;5;20;-8.67450711667022;3;5;25
TRACK:1808;1797;-1;3;0;5;0;5;1;6;4;3;0;10;25;0;5;0;4;20;0.5749602688726336;4;24;3;5;0;8;22;1.5589322167777606;6;2;5;3;0;3;7;-1.965515462160688;4;24;13;4;3;2;2;2;2;1;2;10;11;6;9;25;6;3;3;8;6;5;1;6;17;1;18;23;9.04160060148207;6;1;3;2;0;21;-8.97949954452517;11;2;13;19;1;1;5;24;1;21;-5.03636102412233;25;3;5;25
TRACK:1809;1799;-1;3;0;5;0;5;1;6;4;3;0;10;25;0;5;0;4;20;0.7642194533388109;4;24;25;6;2;5;3;0;3;7;-1.9333454435391568;4;24;13;4;3;2;2;2;2;1;16;11;6;11;6;3;3;8;6;2;6;4;14;6;10;6;1;3;2;0;21;-9.043817660643862;11;2;13;19;1;1;5;24;5;8;3;5;25
EVAL_INSTANCE:90:0:1800
EVAL_INSTANCE:90:1:1801
EVAL_INSTANCE:90:2:1802
EVAL_INSTANCE:90:3:1803
EVAL_INSTANCE:90:4:1804
EVAL_INSTANCE:90:5:1805
EVAL_INSTANCE:90:6:1806
EVAL_INSTANCE:90:7:1807
EVAL_INSTANCE:90:8:1808
EVAL_INSTANCE:90:9:1809
RUN_RESULT:90:0:0:93:UUUULLRLULLL
RUN_RESULT:90:1:0:2000:----
RUN_RESULT:90:2:0:2000:----
RUN_RESULT:90:3:0:2000:----
RUN_RESULT:90:4:0:1150:UUUULLRLULLL
RUN_RESULT:90:5:0:2000:----
RUN_RESULT:90:6:0:2000:----
RUN_RESULT:90:7:0:10:UUUURULULL
RUN_RESULT:90:8:0:2000:----
RUN_RESULT:90:9:0:1167:UUUULLRLULLL
    91 |      910 | -3.990000E+03 | -3.990000E+03
TRACK:1810;381;561;3;0;5;0;5;1;6;4;3;0;10;25;0;5;0;4;20;0.5334300884931266;4;24;3;5;0;8;22;1.7958792404530506;6;2;5;3;0;3;7;-1.884791555238767;4;24;13;4;3;2;2;2;2;1;8;6;9;4;3;24;6;3;3;8;6;2;6;4;14;5;2;17;21;6.202527850922802;6;1;3;2;0;21;-8.998512119765355;11;2;13;19;1;1;5;24;5;20;-8.731021694943875;3;5;25
TRACK:1811;381;561;3;0;5;0;5;1;6;4;3;0;10;25;0;1;1;5;24;5;20;-8.731021694943875;3;5;25;3;5;0;8;22;1.6387679997652442;6;2;5;3;0;3;7;-1.9983925114321415;4;24;13;4;3;2;2;2;2;1;2;10;11;6;9;25;6;3;3;8;6;2;6;4;14;5;2;17;21;6.171067081651891;6;1;3;2;0;21;-8.979766359132212;19;2;13;19;1;1;5;24;1;21;-4.778116458091936;25;3;0;25;24
TRACK:1812;542;547;3;0;5;0;5;1;6;4;3;25;0;5;0;4;20;0.6812157983887053;4;19;3;5;0;8;22;1.7381989359384042;6;2;5;3;0;3;7;-1.7118801581016863;4;24;13;4;3;2;2;2;2;1;2;10;17;6;9;25;6;3;3;8;6;2;6;4;14;5;2;17;21;6.399232195658325;6;1;3;4;13;1;1;5;9;1;21;-4.703083459155892;25;3;5;25
TRACK:1813;542;547;3;0;5;0;5;1;6;4;3;0;10;25;0;5;0;4;20;0.6163724510451069;4;24;3;5;0;8;22;1.781538475512475;6;1;19;24;4;3;2;2;2;2;1;2;10;17;6;9;25;6;3;19;6;2;6;4;14;5;2;17;21;6.413665836382024;6;1;3;2;0;21;-8.798170546052466;11;2;13;19;1;1;5;24;1;21;-4.909247867364276;25;3;5;25
TRACK:1814;489;509;3;0;5;0;5;1;6;4;3;0;10;25;0;5;0;4;20;0.5944776144782205;4;24;3;5;0;8;22;1.6521541418814543;6;2;5;3;0;3;7;-1.9347451502148856;4;24;13;4;3;2;2;2;2;1;2;10;11;6;9;25;6;3;3;8;6;2;6;4;19;5;2;17;21;6.304053572782502;6;1;3;2;0;21;-8.942458218385559;11;2;13;19;1;1;5;24;1;21;-4.903815446000335;25;3;5;25
TRACK:1815;489;509;3;0;5;0;5;1;6;4;3;0;10;25;0;5;0;4;20;0.6757035951212185;4;14;3;5;0;8;22;1.7737653774675808;6;2;5;3;0;3;7;-1.7577624029895191;4;24;13;4;3;2;2;2;2;1;2;10;17;6;9;25;6;3;3;8;6;2;6;4;14;5;2;17;21;6.378544981383671;6;1;3;2;0;21;-8.89127796906232;11;2;13;19;1;1;5;24;1;21;-4.828989826537952;25;3;5;25
TRACK:1816;526;561;3;0;5;0;5;1;6;4;3;0;10;25;0;5;0;4;20;0.6317182326717258;4;24;3;5;0;8;22;1.9211733964180546;6;2;5;3;0;3;7;-1.9035107509581097;4;24;13;4;3;2;2;2;2;1;2;10;11;6;9;14;6;3;3;8;6;2;6;4;14;6;10;6;1;3;2;0;21;-8.940042557827399;11;2;13;19;1;1;5;24;5;8;3;5;25
TRACK:1817;526;561;3;0;5;0;5;1;6;4;3;0;10;25;0;5;0;4;20;0.6297388137510807;4;24;3;5;0;8;22;1.6387679997652442;6;2;5;3;0;3;7;-1.9983925114321415;4;24;13;4;2;6;4;14;6;10
TRACK:1818;542;567;3;0;5;0;5;1;6;4;3;0;10;25;0;5;0;4;20;0.6812157983887053;4;19;3;5;0;8;24;6;2;5;3;0;3;7;-1.7118801581016863;4;24;13;4;3;2;2;2;2;1;2;10;17;6;9;25;6;3;3;8;6;2;6;4;14;5;2;17;21;6.399232195658325;6;1;3;4;13;1;1;5;9;1;21;-4.703083459155892;25;3;5;25
TRACK:1819;542;567;3;0;5;0;5;1;6;4;3;0;10;25;0;5;0;4;20;0.554959567811991;4;24;3;5;19;6;2;5;3;0;3;7;-1.955386870631307;4;24;13;4;3;2;2;2;2;1;2;10;11;6;9;25;6;3;3;8;6;2;6;4;14;5;2;17;21;6.262568272526572;6;1;3;2;0;21;-8.749035212796752;24;2;13;20;-4.280543820769656;1;1;5;24;1;21;-4.712273777889777;25;3;5;25
TRACK:1820;1810;-1;3;0;5;0;5;1;6;4;3;0;10;25;0;5;0;4;20;0.5876463907691585;4;24;3;5;0;8;22;1.7335142595557895;6;2;5;3;0;3;7;-1.8678467917562267;4;24;13;4;3;2;2;2;2;1;8;6;9;5;21;-2.5748648094206334;6;3;3;8;6;2;6;4;14;5;2;17;21;6.2170164205270035;6;1;3;2;0;21;-8.999635029823834;11;2;13;19;1;1;5;24;5;20;-8.721204668091636;3;5;25
TRACK:1821;1812;-1;3;0;5;0;5;1;6;4;3;25;0;5;0;4;20;0.7413634386625219;4;19;3;5;0;8;22;1.7547322846026803;6;2;5;3;0;3;7;-1.8239949517948761;4;24;13;4;3;2;2;2;2;4;18;25;6;3;3;8;6;2;6;4;14;5;2;17;21;6.5310022930033735;6;1;3;4;13;1;1;5;9;1;21;-4.623935618760993;25;3;5;25
TRACK:1822;1814;-1;3;0;5;0;5;1;6;4;3;0;10;25;0;5;0;4;20;0.7408602905889056;4;24;3;5;0;8;22;1.8839502224840468;6;2;5;3;0;3;7;-1.7191183593602968;4;24;13;4;3;2;2;2;2;1;2;10;11;6;9;25;6;3;3;8;6;2;6;4;19;5;2;17;21;6.3647032438367885;6;1;4;5;14;1;1;5;24;1;21;-4.755555573835239;25;3;5;25
TRACK:1823;1816;-1;3;0;5;0;5;1;6;4;3;0;10;25;0;5;0;4;20;0.5107838889619678;4;24;3;4;22;6.543032695636157;6;2;5;3;0;3;7;-1.7883491354422052;4;24;13;4;3;2;2;2;2;1;2;10;11;6;9;14;6;3;3;8;6;2;6;4;14;6;10;6;1;3;2;0;21;-8.941314057295706;11;2;13;19;1;1;5;24;5;8;3;5;25
TRACK:1824;1818;-1;3;0;5;0;5;1;6;4;3;0;10;25;0;5;0;4;20;0.5566533242689455;4;19;3;5;0;8;24;6;2;5;0;10;8;13;4;3;2;2;2;2;1;2;10;17;6;9;25;6;3;3;8;6;2;6;4;14;5;2;17;21;6.49431032603913;6;1;3;4;13;1;1;5;9;1;21;-4.602537866250074;25;3;5;25
TRACK:1825;1811;-1;3;0;5;0;5;1;6;4;3;0;10;25;0;1;1;5;24;5;20;-8.837145393198444;3;5;25;3;5;0;8;22;1.4875462632079155;6;2;5;3;0;3;7;-2.106083636917806;4;24;13;6;12
TRACK:1826;1813;-1;3;0;5;0;5;1;6;4;3;0;10;25;0;5;0;4;20;0.7398306153105594;4;24;3;5;0;8;22;1.751249860530099;6;1;19;24;4;3;2;2;2;2;1;2;10;17;6;9;25;6;3;19;6;2;6;4;14;5;4;7;2.928715815577048;6;1;3;2;0;21;-8.791833117582506;11;2;13;19;1;1;5;24;1;21;-4.900335451275936;25;3;5;25
TRACK:1827;1815;-1;3;0;5;0;5;1;6;4;3;0;10;25;0;5;0;4;20;0.7865646677918627;4;14;3;5;0;8;22;1.7220799023678492;6;2;5;3;0;3;7;-1.6960172643902334;4;24;13;4;3;2;2;2;2;1;2;10;17;6;9;25;6;3;3;8;6;2;6;4;14;5;1;7;6.313633331820558;14;6;1;3;2;0;21;-8.95317600394326;11;2;13;19;1;1;5;24;1;21;-4.721758794013586;25;3;5;25
TRACK:1828;1817;-1;3;0;5;0;5;1;6;4;3;0;10;25;0;5;0;4;20;0.68337847729293;4;24;3;5;0;8;22;1.542381291438449;6;2;5;3;0;3;7;-2.097592967954774;4;24;13;4;2;6;4;0;2;3;5;10;4;3;8;2;4;4;22;-6.91297438240837;4;0;7;-4.7383601627176635;19;6;10
TRACK:1829;1819;-1;3;0;5;0;2;4;5;6;1;4;24;2;24;9;0;6;6;6;3;23;-9.33086583538556;1;4;6;4;17;1;4;3;21;2.312364233594945;3;0;19;22;6.677138647779866;6;2;5;3;0;3;7;-2.083276042398035;4;24;13;4;3;2;2;2;2;1;2;10;11;6;9;25;6;3;3;8;6;2;6;4;14;5;2;17;21;5.881250099441116;6;1;3;2;0;21;-8.866508468837502;24;2;13;20;-4.165143452621093;1;1;5;24;1;21;-4.749681210506802;25;3;5;25
EVAL_INSTANCE:91:0:1820
EVAL_INSTANCE:91:1:1821
EVAL_INSTANCE:91:2:1822
EVAL_INSTANCE:91:3:1823
EVAL_INSTANCE:91:4:1824
EVAL_INSTANCE:91:5:1825
EVAL_INSTANCE:91:6:1826
EVAL_INSTANCE:91:7:1827
EVAL_INSTANCE:91:8:1828
EVAL_INSTANCE:91:9:1829
RUN_RESULT:91:0:0:1150:UUUULLRLULLL
RUN_RESULT:91:1:0:2000:----
RUN_RESULT:91:2:0:10:UUUURULULL
RUN_RESULT:91:3:0:2000:----
RUN_RESULT:91:4:0:19:UUUURULULL
RUN_RESULT:91:5:0:2000:----
RUN_RESULT:91:6:0:2000:----
RUN_RESULT:91:7:0:2000:----
RUN_RESULT:91:8:0:1150:UUUULLRLULLL
RUN_RESULT:91:9:0:940:UUUURLDLL
    92 |      920 | -3.990000E+03 | -3.990000E+03
TRACK:1830;566;381;3;0;4;20;0.5334300884931266;4;24
TRACK:1831;566;381;3;0;5;0;5;1;6;4;3;0;10;25;0;5;0;4;20;0.5334300884931266;4;24;3;5;0;8;22;1.7958792404530506;6;2;5;3;0;3;7;-1.884791555238767;4;24;13;4;3;2;2;2;2;1;2;10;11;6;9;4;3;24;6;3;3;8;6;2;6;4;14;5;2;17;21;6.202527850922802;6;1;3;2;0;21;-8.998512119765355;11;2;25;19;1;1;5;24;5;20;-8.731021694943875;3;5;25
TRACK:1832;489;567;3;0;5;0;5;1;6;4;3;0;10;25;0;5;0;4;20;0.5944776144782205;4;24;3;5;0;8;22;1.6521541418814543;6;2;5;3;0;2;13;20;-4.280543820769656;4;24;13;4;3;2;2;2;2;1;2;10;11;6;9;25;6;3;3;8;6;2;6;4;14;5;2;17;21;6.304053572782502;6;1;3;2;0;21;-8.942458218385559;11;2;13;19;1;1;5;24;1;21;-4.903815446000335;25;3;5;25
TRACK:1833;489;567;3;0;5;0;5;1;6;4;3;0;10;25;0;5;0;4;20;0.554959567811991;4;24;3;5;0;8;22;1.5847910097815714;6;2;0;4;20;0.5944776144782205;4;24;13;4;3;2;2;2;2;1;2;10;11;6;9;25;6;3;3;8;6;2;6;4;14;5;2;17;21;6.262568272526572;6;1;3;2;0;21;-8.749035212796752;24;2;13;20;-4.280543820769656;1;1;5;24;1;21;-4.712273777889777;25;3;5;25
TRACK:1834;547;526;3;0;5;0;5;1;6;4;3;0;10;25;0;5;0;9;4;24;3;5;0;8;22;1.781538475512475;6;1;19;24;4;3;2;2;2;2;1;2;10;17;6;9;25;6;3;3;8;6;2;6;4;14;5;2;17;21;6.413665836382024;6;1;3;2;0;21;-8.798170546052466;11;2;13;19;1;1;5;24;1;21;-4.909247867364276;25;3;5;25
TRACK:1835;547;526;3;0;5;0;5;1;6;4;3;0;10;25;0;5;0;4;9;4;24;3;5;0;8;22;1.9211733964180546;6;2;5;3;0;3;7;-1.9035107509581097;4;24;13;4;3;2;2;2;2;1;2;10;11;6;9;4;3;24;6;3;3;8;6;2;6;4;14;6;10;6;1;3;2;0;21;-8.940042557827399;11;2;13;19;1;1;5;24;5;8;3;5;25
TRACK:1836;561;567;3;0;5;0;5;1;6;4;3;0;10;25;0;5;0;4;20;0.6297388137510807;4;24;3;5;0;8;22;1.6387679997652442;6;2;5;3;0;3;7;-1.9983925114321415;4;24;13;4;3;2;2;2;2;1;2;8;11;6;9;25;6;3;3;8;6;2;6;4;14;5;2;17;21;6.171067081651891;6;1;3;2;0;21;-8.979766359132212;19;2;13;19;1;1;5;24;1;21;-4.778116458091936;25;3;0;25;24
TRACK:1837;561;567;3;0;5;0;5;1;6;4;3;0;10;25;0;5;0;4;20;0.554959567811991;4;24;3;5;0;8;22;1.5847910097815714;6;2;5;3;0;3;7;-1.955386870631307;4;24;13;4;3;2;2;2;2;1;2;10;11;6;9;25;6;3;3;8;6;2;6;4;14;5;2;17;21;6.262568272526572;6;1;3;13;1;1;5;24;1;21;-4.712273777889777;25;3;5;25
TRACK:1838;547;489;3;0;5;0;5;1;6;4;3;0;10;25;0;5;0;4;20;0.6163724510451069;4;24;3;5;0;8;22;1.781538475512475;6;1;19;24;4;3;2;2;2;2;1;2;10;17;6;9;25;6;3;3;8;6;2;6;4;14;5;2;17;21;6.413665836382024;6;24
TRACK:1839;547;489;3;0;5;2;2;1;2;10;17;6;9;25;6;3;3;8;4;3;2;2;2;2;1;2;10;11;6;9;25;6;3;3;8;6;2;6;4;14;5;2;17;21;6.304053572782502;6;1;3;2;0;21;-8.942458218385559;11;2;13;19;1;1;5;24;1;21;-4.903815446000335;25;3;5;25
TRACK:1840;1830;-1;3;0;4;0;4;4;5;16;6;5;3;13;6;3;4;0;1;14;14;6;23;4.513445372478799
TRACK:1841;1832;-1;3;0;5;0;5;1;6;4;3;0;10;25;0;5;0;4;20;0.6855156859797171;4;24;3;5;0;8;22;1.7390094252082897;6;2;5;3;0;2;13;20;-4.3164042838500025;4;24;13;4;3;2;2;2;2;1;2;10;11;6;9;25;6;3;3;8;6;2;6;4;14;5;2;17;21;6.305226852793449;6;1;3;2;0;21;-8.796506314327061;11;2;13;19;1;1;5;24;1;21;-4.706160969187244;25;3;5;8
TRACK:1842;1834;-1;3;0;5;0;5;1;6;4;3;0;10;25;0;5;0;9;6;25;3;5;0;8;22;1.9502680987625944;6;1;19;24;4;3;2;2;2;2;1;2;10;17;6;9;25;6;3;3;8;6;2;6;4;14;5;2;17;21;6.376956027582665;6;1;3;2;0;21;-8.736623695907573;11;2;13;19;1;1;5;24;1;21;-4.875871972958479;25;3;5;25
TRACK:1843;1836;-1;3;0;5;0;5;1;6;4;3;0;10;25;0;5;0;4;20;0.363543438640484;4;24;3;5;0;8;22;1.5766205638456459;6;2;5;3;0;3;7;-2.1011607987703953;4;24;13;4;3;2;2;2;2;1;2;8;11;6;9;25;6;3;3;8;6;2;6;4;14;5;2;17;21;6.445083098582521;6;1;3;2;0;21;-8.872846263585192;19;2;13;15;1;1;5;24;1;21;-4.8741471733086925;25;3;0;25;24
TRACK:1844;547;-1;3;0;5;0;5;1;6;4;3;0;10;25;0;5;0;4;20;0.46035065783378026;4;24;3;5;0;8;22;1.824316478655999;6;1;19;0;1;7;-8.33120260161093;18;6;24;4;3;2;2;2;2;1;2;10;17;6;9;25;6;3;3;8;6;2;6;4;14;5;2;17;21;6.494325146290144;6;1;3;2;0;21;-8.62217240044403;11;2;13;19;1;1;5;24;1;21;-4.9770511756539975;25;3;5;25
TRACK:1845;1831;-1;3;0;5;0;5;1;6;4;3;0;10;25;0;5;0;4;20;0.4051372827075135;4;24;3;5;0;8;22;1.9772547183425782;6;2;5;3;0;3;7;-1.8107753410727017;4;24;13;4;3;2;2;2;2;1;2;10;11;6;9;4;3;24;6;3;3;8;6;2;6;4;14;5;2;17;21;6.346112164557637;5;5;3;6;7;4.3510058473743385
TRACK:1846;1833;-1;3;0;5;0;5;1;6;4;3;4;7;9.206072958038401;0;5;0;4;20;0.6288295284865877;4;24;3;5;0;8;22;1.6218544004191267;6;2;0;4;20;0.7009445362602014;4;24;13;4;3;2;2;2;2;1;2;10;11;6;9;25;6;3;3;8;6;2;6;4;14;5;2;17;21;6.498924758479924;6;1;3;2;0;21;-8.71315543335378;24;2;13;20;-4.100627259596267;1;1;5;24;1;21;-4.805282501279621;25;3;5;25
TRACK:1847;1835;-1;3;0;5;0;5;1;6;4;3;0;10;25;0;5;0;4;9;4;24;3;5;0;8;22;1.8237384876983898;6;2;5;3;0;3;7;-1.835845840596196;4;24;13;4;3;2;2;2;2;1;2;10;11;6;9;4;3;24;6;3;3;8;6;2;6;4;14;6;10;6;1;3;2;0;21;-8.984481766090282;11;2;13;19;1;1;5;7;5.54630630819357;5;8;3;5;25
TRACK:1848;1837;-1;3;0;5;0;5;1;6;4;3;0;10;25;0;5;0;4;20;0.5853465724117817;4;24;3;5;0;8;22;1.7668701059546343;6;2;5;3;0;3;7;-1.9331321328853637;4;24;13;4;3;2;2;2;2;1;2;10;11;6;9;25;6;3;3;8;6;2;6;4;14;5;2;17;21;6.38220992328933;6;1;3;13;6;17
TRACK:1849;489;-1;3;0;5;0;5;1;6;4;3;0;10;25;0;5;0;4;20;0.5142363405310204;4;24;3;5;0;8;22;1.6897460497450547;6;2;5;3;0;3;7;-2.0559547702737944;4;24;13;4;3;2;2;2;2;1;2;10;11;6;9;25;6;3;3;8;6;2;6;4;14;5;2;17;21;6.242025836901236;6;1;3;2;0;21;-8.92224927864219;11;2;13;11;1;1;5;24;1;21;-4.951120041560132;25;3;5;25
EVAL_INSTANCE:92:0:1840
EVAL_INSTANCE:92:1:1841
EVAL_INSTANCE:92:2:1842
EVAL_INSTANCE:92:3:1843
EVAL_INSTANCE:92:4:1844
EVAL_INSTANCE:92:5:1845
EVAL_INSTANCE:92:6:1846
EVAL_INSTANCE:92:7:1847
EVAL_INSTANCE:92:8:1848
EVAL_INSTANCE:92:9:1849
RUN_RESULT:92:0:0:2000:----
RUN_RESULT:92:1:0:452:UUUURUUDRLLULL
RUN_RESULT:92:2:0:2000:----
RUN_RESULT:92:3:0:1150:UUUULLRLULLL
RUN_RESULT:92:4:0:10:UUUURULULL
RUN_RESULT:92:5:0:2000:----
RUN_RESULT:92:6:0:19:UUUURULULL
RUN_RESULT:92:7:0:2000:----
RUN_RESULT:92:8:0:10:UUUURULULL
RUN_RESULT:92:9:0:10:UUUURULULL
    93 |      930 | -3.990000E+03 | -3.990000E+03
TRACK:1850;489;509;3;0;5;0;5;1;6;4;3;0;10;25;0;5;0;4;20;0.5944776144782205;4;24;3;5;0;8;22;1.6521541418814543;6;2;5;0;8;22;1.7737653774675808;13;4;3;2;2;2;2;1;2;10;11;6;9;25;6;3;3;8;6;2;6;4;14;5;2;17;21;6.304053572782502;6;1;3;2;0;21;-8.942458218385559;11;2;13;19;1;1;5;24;1;21;-4.903815446000335;25;3;5;25
TRACK:1851;489;509;3;0;21;-8.942458218385559;11
TRACK:1852;566;526;3;0;5;0;5;1;6;4;3;0;10;25;13;6;2;5;3;0;3;7;-1.835310306323171;4;24;13;4;3;2;2;2;2;1;2;10;11;6;9;4;3;24;6;3;3;8;6;2;6;4;14;6;10;6;1;3;2;0;21;-8.826652726924944;11;2;13;9;1;1;5;25;5;8;3;5;25
TRACK:1853;566;526;3;0;5;0;5;1;6;4;3;0;10;25;0;5;0;4;20;0.6317182326717258;4;10;3;5;0;8;22;1.9211733964180546;6;2;5;3;0;3;7;-1.9035107509581097;4;24;13;4;3;2;2;2;2;1;2;10;11;6;9;4;3;24;6;3;3;8;6;2;6;4;14;6;10;6;1;3;2;0;21;-8.940042557827399;11;2;13;19;1;1;5;24;5;8;3;5;25
TRACK:1854;561;563;3;0;5;6;4;14;4;3;2;2;2;2;1;2;10;11;6;9;25;6;3;3;8;6;2;6;4;14;5;2;17;21;6.171067081651891;6;1;3;2;0;21;-8.979766359132212;19;2;13;19;1;1;5;24;1;21;-4.778116458091936;25;3;0;25;24
TRACK:1855;561;563;3;0;5;0;5;1;6;4;3;0;10;25;0;5;0;4;20;0.645115706562894;4;24;3;25;6;1;19;24;4;3;2;2;2;2;1;2;10;17;6;9;25;6;3;3;8;6;2;6;4;14;5;2;17;21;6.291213416371669;6;1;3;2;0;21;-8.615295463753146;17;2;13;19;1;1;5;24;1;21;-4.768306165220745;25;3;5;25
TRACK:1856;547;567;3;0;5;0;5;1;6;4;3;0;10;25;0;5;0;4;20;0.6163724510451069;4;24;3;5;0;8;22;1.781538475512475;6;1;19;24;4;3;2;2;2;2;1;2;10;17;6;9;25;6;3;3;8;6;2;6;4;14;5;2;17;21;6.413665836382024;3;2;0;21;-8.749035212796752;24;2;13;20;-4.280543820769656
TRACK:1857;547;567;3;0;5;0;5;1;6;4;3;0;10;25;0;5;0;4;20;0.554959567811991;4;24;3;5;0;8;22;1.5847910097815714;6;2;5;3;0;3;7;-1.955386870631307;4;24;13;4;3;2;2;2;2;1;2;10;11;6;9;25;21;-4.909247867364276;6;2;6;4;14;5;2;17;21;6.262568272526572;6;1;3;2;0;21;-8.749035212796752;24;2;13;20;-4.280543820769656;1;1;5;24;1;21;-4.712273777889777;25;3;5;25
TRACK:1858;542;489;3;0;5;0;5;1;6;4;3;0;10;25;0;5;0;4;20;0.6812157983887053;4;19;3;5;0;8;22;1.7381989359384042;6;2;5;3;0;3;7;-1.7118801581016863;4;24;13;4;3;2;2;2;2;1;2;10;17;6;9;25;6;3;3;8;6;2;6;4;14;5;2;17;21;6.399232195658325;6;1;3;4;13;1;1;5;9;3;8;3;5;25
TRACK:1859;542;489;3;0;5;0;5;1;6;4;3;0;10;25;0;5;0;20;0.6812157983887053;4;24;3;5;0;8;22;1.6521541418814543;6;2;5;3;0;3;7;-1.9347451502148856;4;24;13;4;3;2;2;2;2;1;2;10;11;6;9;25;6;3;3;8;6;2;6;4;14;5;2;17;21;6.304053572782502;6;1;3;2;0;21;-8.942458218385559;11;2;13;19;1;1;5;24;1;21;-4.903815446000335;25;3;5;25
TRACK:1860;1850;-1;3;0;5;0;5;1;6;4;3;0;10;25;0;5;0;4;20;0.6600132642495197;4;24;3;5;0;8;22;1.5630607158234338;6;2;5;0;8;22;1.820864651869622;13;4;3;2;2;2;2;1;2;10;11;6;9;25;6;3;3;8;6;1;14;24;6;1;3;2;0;21;-8.915618351859974;11;2;13;19;1;1;5;24;1;21;-4.875143119387559;25;3;5;25
TRACK:1861;1852;-1;3;0;5;0;5;1;6;4;3;0;10;25;13;6;2;5;3;0;3;7;-1.8105753073246829;4;24;13;4;3;3;4;6;6;23;-3.973061934820996
TRACK:1862;1854;-1;3;0;5;6;4;14;4;3;2;2;2;2;1;2;10;11;6;17;25;6;3;3;8;6;2;6;4;14;5;2;17;21;6.2201391759692255;6;1;3;2;0;21;-8.95861800770153;19;2;13;19;1;1;5;24;1;21;-4.706078840954611;25;3;0;25;24
TRACK:1863;1856;-1;3;0;5;0;5;1;6;4;3;0;10;25;0;5;0;4;10;4;24;3;5;0;8;22;1.6869672218399498;6;1;19;24;4;3;2;2;2;2;1;2;10;17;6;9;25;6;3;3;8;6;2;6;4;14;5;2;17;21;6.540065166371778;3;2;0;21;-8.710387924911515;24;2;13;20;-4.266668891678918
TRACK:1864;542;-1;3;0;5;0;5;1;6;4;3;0;10;25;0;5;0;4;20;0.6259174081419866;4;19;3;5;0;8;22;1.7890683100029985;6;2;5;3;0;3;7;-1.7047912687833335;4;24;13;4;3;2;2;2;2;1;2;10;17;6;9;25;6;3;6;9;6;2;6;4;14;5;2;17;21;6.3677173389428905;6;1;3;4;13;1;1;5;9;1;21;-4.596740095002408;25;3;5;25
TRACK:1865;1851;-1;3;2;3;2;15;21;1.881960498584693;3;6;9
TRACK:1866;1853;-1;3;0;5;0;5;1;6;4;3;0;10;25;0;5;0;4;20;0.5771863627976718;4;10;3;5;0;8;22;1.856224047534803;6;2;5;3;0;3;7;-1.940955639675797;4;24;13;4;3;2;2;2;2;1;2;10;11;6;9;4;3;24;6;3;3;17;6;2;6;4;14;6;10;6;1;3;2;0;21;-8.891545958439345;11;2;13;19;1;1;5;24;5;8;3;5;25
TRACK:1867;1855;-1;3;0;5;0;5;1;6;4;3;0;10;25;0;5;0;4;20;0.7146245034725117;4;24;3;25;6;1;19;24;4;3;2;2;2;2;1;2;10;17;6;9;25;6;3;3;8;6;2;6;4;14;5;2;17;21;6.411720175604572;6;1;3;2;0;21;-8.70849524010384;17;0;15;15;1;1;5;24;1;21;-4.613626575503708;25;3;5;25
TRACK:1868;1857;-1;3;0;5;0;5;1;6;4;3;0;10;25;0;5;0;4;20;0.6560248605008124;4;24;3;5;0;8;22;1.6556996062779905;6;2;5;3;0;3;7;-2.164674109915038;4;24;13;4;3;2;2;2;2;1;2;10;11;6;9;25;21;-4.883916535937022;6;2;6;4;14;5;2;17;21;6.328111529147562;6;1;3;2;0;21;-8.78137588026972;24;2;13;20;-4.159315601348062;1;1;0;11;14;1;21;-4.531142271100557;25;3;5;25
TRACK:1869;489;-1;3;0;5;0;5;1;6;4;3;0;10;25;0;5;0;4;20;0.6520655083067055;4;24;3;5;0;8;22;1.6777445069888801;6;2;5;3;0;3;7;-1.9589517242140055;4;24;13;4;3;2;2;2;2;1;2;10;11;6;9;25;6;3;3;8;6;2;5;5;14;5;2;17;21;6.46006519144369;6;1;3;2;0;21;-8.836251524205952;11;2;13;19;1;1;5;24;1;21;-5.031631835980821;25;3;5;25
EVAL_INSTANCE:93:0:1860
EVAL_INSTANCE:93:1:1861
EVAL_INSTANCE:93:2:1862
EVAL_INSTANCE:93:3:1863
EVAL_INSTANCE:93:4:1864
EVAL_INSTANCE:93:5:1865
EVAL_INSTANCE:93:6:1866
EVAL_INSTANCE:93:7:1867
EVAL_INSTANCE:93:8:1868
EVAL_INSTANCE:93:9:1869
RUN_RESULT:93:0:0:2000:----
RUN_RESULT:93:1:0:2000:----
RUN_RESULT:93:2:0:2000:----
RUN_RESULT:93:3:0:2000:----
RUN_RESULT:93:4:0:99:UUUULLRLULLL
RUN_RESULT:93:5:0:2000:----
RUN_RESULT:93:6:0:10:UUUURULULL
RUN_RESULT:93:7:0:2000:----
RUN_RESULT:93:8:0:2000:----
RUN_RESULT:93:9:0:10:UUUURULULL
    94 |      940 | -3.990000E+03 | -3.990000E+03
TRACK:1870;561;489;3;0;5;0;5;1;6;4;3;0;10;25;0;5;0;4;20;0.6297388137510807;4;24;3;5;0;8;22;1.6387679997652442;6;2;5;3;7;-1.9347451502148856;13;4;3;2;2;2;2;1;2;10;11;6;9;25;6;3;3;8;6;2;6;4;14;5;2;17;21;6.171067081651891;6;1;3;2;0;21;-8.979766359132212;19;2;13;19;1;1;5;24;1;21;-4.778116458091936;25;3;0;25;24
TRACK:1871;561;489;3;0;5;0;5;1;6;4;3;0;10;25;0;5;0;4;20;0.5944776144782205;4;24;1;21;-4.778116458091936;25;6;2;5;3;0;3;7;-1.9347451502148856;4;24;13;4;3;2;2;2;2;1;2;10;11;6;9;25;6;3;3;8;6;2;6;4;14;5;2;17;21;6.304053572782502;6;1;3;2;0;21;-8.942458218385559;11;2;13;19;1;1;5;24;1;21;-4.903815446000335;25;3;5;25
TRACK:1872;509;547;3;0;5;0;5;1;6;4;3;0;10;25;0;5;0;4;20;0.6757035951212185;4;19;3;5;0;8;22;1.7737653774675808;6;2;5;3;0;3;7;-1.7577624029895191;4;24;13;4;3;2;2;2;2;1;2;10;17;6;9;25;6;3;3;8;6;2;6;4;14;5;2;17;21;6.378544981383671;6;1;3;2;0;21;-8.89127796906232;11;2;13;24;1;1;5;24;1;21;-4.828989826537952;25;3;5;25
TRACK:1873;509;547;3;0;5;0;5;1;6;4;3;0;10;25;0;5;0;4;20;0.6163724510451069;4;24;3;5;0;8;22;1.781538475512475;6;1;19;24;4;3;2;2;2;2;1;2;10;17;6;9;25;4;3;0;10;25;6;2;6;4;14;5;2;17;21;6.413665836382024;6;1;3;2;0;21;-8.798170546052466;11;2;13;19;1;1;5;24;1;21;-4.909247867364276;25;3;5;25
TRACK:1874;526;509;3;0;5;0;5;1;6;4;3;0;10;25;0;5;0;4;20;0.6317182326717258;4;24;3;5;0;8;22;1.9211733964180546;6;2;5;3;0;3;7;-1.9035107509581097;4;24;13;4;3;2;2;2;2;1;2;10;11;6;9;4;3;24;6;3;3;8;6;2;2;10;17;6;10;6;1;3;2;0;21;-8.940042557827399;11;2;13;19;1;1;5;24;5;8;3;5;25
TRACK:1875;526;509;3;0;5;0;5;1;6;4;3;0;10;25;0;5;0;4;20;0.6757035951212185;4;19;3;5;0;8;22;1.7737653774675808;6;2;5;3;0;3;24;4;24;13;4;3;2;2;2;2;1;2;10;17;6;9;25;6;3;3;8;6;2;6;4;14;5;2;17;21;6.378544981383671;6;1;3;2;0;21;-8.89127796906232;11;2;13;19;1;1;5;24;1;21;-4.828989826537952;25;3;5;25
TRACK:1876;547;561;3;0;5;0;5;1;6;4;3;0;10;25;0;5;0;4;20;0.6163724510451069;4;24;3;5;0;8;22;1.781538475512475;6;1;19;24;4;3;2;2;2;2;1;2;10;17;6;9;25;6;3;3;8;6;2;6;4;14;5;2;17;21;6.413665836382024;6;1;3;2;0;21;-8.798170546052466;11;2;20;0.6297388137510807;19;1;1;5;24;1;21;-4.909247867364276;25;3;5;25
TRACK:1877;547;561;3;0;5;0;5;1;6;4;3;0;10;25;0;8;3;5;0;8;22;1.6387679997652442;6;2;5;3;0;3;7;-1.9983925114321415;4;24;13;4;3;2;2;2;2;1;2;10;11;6;9;25;6;3;3;8;6;2;6;4;14;5;2;17;21;6.171067081651891;6;1;3;2;0;21;-8.979766359132212;19;2;13;19;1;1;5;24;1;21;-4.778116458091936;25;3;0;25;24
TRACK:1878;567;563;3;0;5;0;5;1;6;4;3;0;10;25;0;5;0;4;20;0.554959567811991;4;24;3;5;0;8;22;1.5847910097815714;6;2;5;3;0;3;7;-1.955386870631307;4;24;13;4;3;2;2;2;2;1;2;10;11;6;9;25;6;3;3;8;6;2;6;4;14;5;2;17;21;6.262568272526572;6;1;3;2;0;21;-8.749035212796752;24;2;13;20;-4.280543820769656;1;1;5;24;1;21;-4.712273777889777;17;3;5;25
TRACK:1879;567;563;3;0;5;0;5;1;0;4;20;0.554959567811991;4;24;0;5;0;4;20;0.645115706562894;4;24;3;5;0;8;22;1.8004489927088398;6;1;19;24;4;3;2;2;2;2;1;2;10;17;6;9;25;6;3;3;8;6;2;6;4;14;5;2;17;21;6.291213416371669;6;1;3;2;0;21;-8.615295463753146;17;2;13;19;1;1;5;24;1;21;-4.768306165220745;25;3;5;25
TRACK:1880;1870;-1;3;0;5;0;5;1;6;4;3;0;10;25;0;23;1.0176138761310973;24;6;2;5;3;7;-2.021667876970904;13;4;3;2;2;2;2;1;2;10;11;6;9;25;6;3;3;8;6;2;6;4;14;5;2;17;21;6.062580893126971;6;1;3;2;0;21;-9.157714663586274;19;2;13;19;1;1;5;24;1;21;-4.774049731193558;25;3;0;25;24
TRACK:1881;1872;-1;3;0;5;0;5;1;6;4;3;0;10;25;0;5;0;4;20;0.5355925279908554;4;19;3;5;0;8;22;1.7922586805140832;6;2;5;3;0;3;7;-1.878535393294602;4;24;13;4;3;2;2;2;2;1;2;10;17;6;9;25;6;3;3;8;6;2;6;4;14;5;2;17;21;6.588185028424257;6;1;3;2;0;21;-8.949706129949355;11;2;13;24;1;1;21;7.022499421481591;10;3;5;25
TRACK:1882;526;-1;3;0;5;0;5;1;6;4;3;0;10;25;0;5;0;4;20;0.6031847987590272;4;24;3;5;0;8;22;1.8229737884918882;6;2;5;3;0;3;7;-1.926253413810601;4;24;13;4;3;2;2;2;2;1;2;10;11;6;9;4;3;24;6;3;3;8;6;2;6;4;14;6;10;6;1;3;2;0;20;9.68562010719656;11;2;13;19;1;1;5;24;5;8;3;5;25
TRACK:1883;1876;-1;3;0;5;0;5;1;6;4;3;0;10;25;0;5;0;4;20;0.5172629127532676;4;24;3;5;0;8;22;1.8140639974271098;6;1;19;24;4;3;2;2;2;2;1;2;10;17;6;9;25;6;3;3;8;6;2;6;4;14;5;2;17;21;6.562068241775974;6;1;3;2;0;21;-8.788348109902545;24;2;20;0.6790559186714635;19;1;1;5;24;1;21;-4.791953032401174;25;3;5;25
TRACK:1884;1878;-1;3;0;5;0;5;1;6;4;3;0;10;25;0;5;0;4;20;0.6143358128639397;4;24;3;5;0;8;22;1.5397716186017392;6;2;5;3;0;3;7;-1.9666825548482876;4;24;13;4;3;2;2;2;2;1;2;10;11;6;9;25;6;3;3;8;6;2;6;23;6.486333869827188;5;2;17;21;6.216678425704988;6;1;3;2;0;21;-8.872726950060445;24;2;13;20;-3.9361378600610912;1;1;5;24;1;21;-4.74699473933622;17;3;5;25
TRACK:1885;1871;-1;3;0;5;0;5;1;6;4;3;0;10;25;0;5;0;4;20;0.5316657020820206;4;24;5;6;0;18;20;0.7240688275856009;6;2;5;3;0;3;7;-2.0108252441761465;4;24;13;4;3;2;2;2;2;1;2;10;11;6;9;25;6;3;3;8;6;2;6;4;14;5;2;17;21;6.27823671451005;6;1;3;2;0;21;-8.92124932645569;11;2;13;19;1;1;5;24;1;21;-4.926696704581095;25;3;5;25
TRACK:1886;1873;-1;3;0;5;0;5;1;6;4;3;0;10;25;0;5;0;4;20;0.5368184840513466;4;24;3;5;0;8;22;1.7188490153038034;6;1;19;4;8;4;3;2;2;2;2;1;2;10;17;6;9;25;4;3;0;10;25;6;2;6;4;14;5;2;17;21;6.500335469445177;6;1;3;2;0;21;-9.004246789209672;11;2;13;19;1;1;5;24;1;21;-4.92372034693332;25;3;5;25
TRACK:1887;509;-1;3;0;5;0;5;1;6;4;3;0;10;25;0;5;0;4;20;0.5509249304761629;4;19;3;5;0;8;22;1.6611509648197331;6;2;5;4;6;1;11;7;-4.817347034139107;13;4;3;2;2;2;2;1;2;10;17;6;9;25;6;3;3;8;6;2;6;4;14;5;2;17;21;6.320964178912706;6;1;3;2;0;21;-8.971255701657336;11;2;13;19;1;1;5;24;1;21;-4.821118728603265;25;3;5;25
TRACK:1888;1877;-1;3;0;5;0;5;6;6;2;3;24;5;13;6;2;5;3;0;3;7;-2.021819081472639;4;24;13;4;3;2;2;2;2;1;2;10;11;6;9;25;6;3;3;8;6;2;6;4;14;5;2;17;21;6.17961327313871;6;1;3;2;0;21;-8.902829649942701;19;2;13;19;1;1;5;24;1;21;-4.781742714542987;25;3;0;25;24
TRACK:1889;1879;-1;3;0;5;0;5;1;0;4;20;0.5739286991660851;4;24;0;1;13;18;3;5;0;8;22;1.707441955874484;6;1;19;24;4;3;2;2;2;2;1;2;10;17;6;9;25;6;3;3;8;6;2;6;4;14;5;2;17;21;6.316236365971299;6;1;3;2;0;21;-8.689136577848018;17;2;13;19;1;1;5;24;1;21;-4.769542518888857;25;3;5;25
EVAL_INSTANCE:94:0:1880
EVAL_INSTANCE:94:1:1881
EVAL_INSTANCE:94:2:1882
EVAL_INSTANCE:94:3:1883
EVAL_INSTANCE:94:4:1884
EVAL_INSTANCE:94:5:1885
EVAL_INSTANCE:94:6:1886
EVAL_INSTANCE:94:7:1887
EVAL_INSTANCE:94:8:1888
EVAL_INSTANCE:94:9:1889
RUN_RESULT:94:0:0:940:UUUURLDLL
RUN_RESULT:94:1:0:2000:----
RUN_RESULT:94:2:0:10:UUUURULULL
RUN_RESULT:94:3:0:2000:----
RUN_RESULT:94:4:0:10:UUUURULULL
RUN_RESULT:94:5:0:940:UUUURLDLL
RUN_RESULT:94:6:0:2000:----
RUN_RESULT:94:7:0:10:UUUURULULL
RUN_RESULT:94:8:0:940:UUUURLDLL
RUN_RESULT:94:9:0:2000:----
    95 |      950 | -3.990000E+03 | -3.990000E+03
TRACK:1890;489;563;3;0;5;0;5;1;6;4;3;0;10;25;0;5;0;4;20;0.5944776144782205;4;24;3;5;0;8;22;1.6521541418814543;6;2;5;6;4;14;13;4;3;2;2;2;2;1;2;10;11;6;9;25;6;3;3;8;6;2;6;4;14;5;2;17;21;6.304053572782502;6;1;3;2;0;21;-8.942458218385559;11;2;13;19;1;1;5;24;1;21;-4.903815446000335;25;3;5;25
TRACK:1891;489;563;3;0;5;0;5;1;6;4;3;0;10;25;0;5;0;4;20;0.645115706562894;4;24;3;5;0;8;22;1.8004489927088398;6;1;19;24;4;3;2;2;2;2;1;2;10;17;6;9;25;6;3;3;8;6;2;6;4;14;5;2;17;21;6.291213416371669;6;1;3;2;0;21;-8.615295463753146;17;2;13;19;1;1;5;25;1;21;-4.768306165220745;25;3;5;25
TRACK:1892;526;381;3;0;5;0;5;1;6;4;3;0;10;25;0;9;3;5;0;8;22;1.9211733964180546;6;2;5;3;0;3;7;-1.9035107509581097;4;24;13;4;3;2;2;2;2;1;2;10;11;6;9;4;3;24;6;3;3;8;6;2;6;4;14;6;10;6;1;3;2;0;21;-8.940042557827399;11;2;13;19;1;1;5;24;5;8;3;5;25
TRACK:1893;526;381;3;0;5;0;5;1;6;4;3;0;10;25;2;13;19;6;2;5;3;0;3;7;-1.884791555238767;4;24;13;4;3;2;2;2;2;1;2;10;11;6;9;4;3;24;6;3;3;8;6;2;6;4;14;5;2;17;21;6.202527850922802;6;1;3;2;0;21;-8.998512119765355;11;2;13;19;1;1;5;24;5;20;-8.731021694943875;3;5;25
TRACK:1894;547;563;3;0;5;0;5;1;6;4;3;0;10;25;0;5;0;4;20;0.6163724510451069;4;24;3;2;17;21;6.291213416371669;6;1;19;24;4;3;2;2;2;2;1;2;10;17;6;9;25;6;3;3;8;6;2;6;4;14;5;2;17;21;6.413665836382024;6;1;3;2;0;21;-8.798170546052466;11;2;13;19;1;1;5;24;1;21;-4.909247867364276;25;3;5;25
TRACK:1895;547;563;3;0;5;3;5;25;4;3;2;2;2;2;1;2;10;17;6;9;25;6;3;3;8;6;2;6;4;14;5;2;17;21;6.291213416371669;6;1;3;2;0;21;-8.615295463753146;17;2;13;19;1;1;5;24;1;21;-4.768306165220745;25;3;5;25
TRACK:1896;509;567;3;0;5;0;5;1;6;4;3;0;10;25;0;5;0;4;25;4;19;3;5;0;8;22;1.7737653774675808;6;2;5;3;0;3;7;-1.7577624029895191;4;24;13;4;3;2;2;2;2;1;2;10;17;6;9;25;6;3;3;8;6;2;6;4;14;5;2;17;21;6.378544981383671;6;1;3;2;0;21;-8.89127796906232;11;2;13;19;1;1;5;24;1;21;-4.828989826537952;25;3;5;25
TRACK:1897;509;567;3;0;5;0;5;1;6;4;3;0;10;25;0;5;0;4;20;0.554959567811991;4;24;3;5;0;8;22;1.5847910097815714;6;2;24;13;4;3;2;2;2;2;1;2;10;11;6;9;25;6;3;3;8;6;2;6;4;14;5;2;17;21;6.262568272526572;6;1;3;2;0;21;-8.749035212796752;24;2;13;20;-4.280543820769656;1;1;5;24;1;21;-4.712273777889777;25;3;5;25
TRACK:1898;561;542;3;0;5;0;5;1;6;4;3;0;10;25;0;5;0;4;20;0.6297388137510807;4;24;3;5;0;8;22;1.6387679997652442;6;2;5;3;0;3;7;-1.9983925114321415;4;24;13;4;3;9
TRACK:1899;561;542;3;0;5;0;5;1;6;4;3;0;10;25;0;5;0;4;20;0.6812157983887053;4;19;3;5;0;8;22;1.7381989359384042;6;2;5;3;0;3;24;4;24;13;4;3;2;2;2;2;1;2;10;17;6;9;25;6;3;3;8;6;2;6;4;14;5;2;17;21;6.399232195658325;6;1;3;4;13;1;1;5;9;1;21;-4.703083459155892;25;3;5;25
TRACK:1900;1890;-1;3;0;5;0;5;1;6;4;3;0;10;25;0;5;0;4;20;0.6461227995304434;4;24;3;5;0;8;22;1.569413174414206;6;2;5;6;4;14;13;4;3;2;2;2;2;1;5;15;6;9;25;6;3;3;8;6;2;6;4;14;5;2;17;21;6.222978949449936;6;1;3;2;0;21;-8.836560043306122;11;2;13;19;1;1;5;24;1;21;-5.010173310657236;25;3;5;25
TRACK:1901;1892;-1;3;0;5;0;5;1;6;4;3;0;10;25;0;9;3;5;0;8;22;2.031235351957625;6;2;5;3;0;3;7;-1.7431231099854494;4;24;13;4;3;2;2;2;2;1;2;10;11;6;9;4;3;24;6;3;3;8;6;2;1;4;9;5;11;6;10;6;1;3;2;0;21;-8.94600485891151;11;2;13;19;1;1;5;24;5;8;3;5;25
TRACK:1902;1894;-1;3;0;5;0;5;1;6;4;3;0;10;25;0;5;0;4;20;0.5821756319869643;4;24;3;2;17;21;6.218447683629149;6;1;19;24;4;3;2;2;2;2;1;2;10;17;6;9;25;6;3;3;8;6;2;6;4;14;5;2;17;21;6.546652116277641;0;14;13
TRACK:1903;1896;-1;3;0;5;0;4;2;2;0;10;12;5;23;5.720798968296483;0;6;13;2;16;16;6;2;5;3;0;3;7;-1.7211564355790456;4;24;13;4;3;2;2;2;2;1;2;10;17;6;9;25;6;3;3;8;6;2;6;4;14;5;2;17;21;6.427757084101799;6;1;3;2;0;21;-9.014997214869538;11;2;13;19;1;1;5;24;1;21;-4.668578660414999;25;3;5;25
TRACK:1904;1898;-1;5;0;3;2;0;3;3;3;2;3;19;3;15;1;2;4;5;0;24;9;2;3;6;21;-3.156938751972387;3;5;9;3;5;2;4;15;6;22;9.700023798012921;4;3;0;6;1;2;21;-1.3449128569637399;22;9.800164050990318;0;15;22;5.335335546636513;3;3;1;10;15;5;5;5;6;6;4;4;4;23;6.951113801075916
TRACK:1905;1891;-1;3;0;5;0;5;1;6;4;3;0;10;25;0;5;0;4;20;0.6586738489061964;4;24;3;5;0;8;22;1.6835992904824228;6;1;19;24;4;3;2;2;2;2;1;2;10;17;6;9;25;6;3;3;8;6;4;5;6;14;6;1;3;2;0;21;-8.73962366629481;17;2;13;19;1;1;5;25;1;21;-4.709613649372604;25;3;5;25
TRACK:1906;1893;-1;3;0;5;0;5;1;6;4;3;0;10;25;2;13;19;6;2;5;3;0;3;7;-1.7819106332528758;4;24;13;4;3;2;2;2;2;1;2;10;11;6;9;4;3;24;6;3;3;8;6;2;6;4;14;5;2;17;21;6.314687313771197;6;1;3;2;0;23;4.336888225819759;11;2;13;19;1;1;5;24;5;20;-8.735097991974337;3;5;25
TRACK:1907;1895;-1;3;0;5;3;5;25;4;3;2;2;2;2;1;2;10;17;6;9;25;6;3;3;8;6;2;6;4;14;5;2;17;21;6.310787281420197;6;3;1;12;13
TRACK:1908;1897;-1;3;0;5;0;5;1;6;4;3;0;10;21;-5.715868433818758;0;5;0;4;20;0.663721176829833;4;24;3;5;0;8;22;1.667601203770762;6;2;24;13;4;3;2;2;2;2;1;2;10;11;6;9;25;6;3;3;8;6;2;6;4;14;5;2;17;21;6.131766416476696;6;1;3;2;0;21;-8.813493852472781;24;2;13;20;-4.309506316521175;1;1;5;24;1;21;-4.753102538347607;25;3;5;25
TRACK:1909;1899;-1;3;0;5;0;5;1;6;4;3;0;10;18;0;5;0;4;20;0.719521471738082;4;19;3;5;0;8;22;1.7512985546304434;6;2;5;3;0;3;24;4;24;13;4;3;2;2;2;2;1;2;10;17;6;9;25;6;3;3;8;6;2;6;4;14;5;2;17;21;6.3886672849841;6;1;3;4;13;1;1;5;9;1;21;-4.64668823402588;25;3;5;25
EVAL_INSTANCE:95:0:1900
EVAL_INSTANCE:95:1:1901
EVAL_INSTANCE:95:2:1902
EVAL_INSTANCE:95:3:1903
EVAL_INSTANCE:95:4:1904
EVAL_INSTANCE:95:5:1905
EVAL_INSTANCE:95:6:1906
EVAL_INSTANCE:95:7:1907
EVAL_INSTANCE:95:8:1908
EVAL_INSTANCE:95:9:1909
RUN_RESULT:95:0:0:2000:----
RUN_RESULT:95:1:0:2000:----
RUN_RESULT:95:2:0:2000:----
RUN_RESULT:95:3:0:936:UUUURLDLL
RUN_RESULT:95:4:0:2000:----
RUN_RESULT:95:5:0:2000:----
RUN_RESULT:95:6:0:940:UUUURLDLL
RUN_RESULT:95:7:0:2000:----
RUN_RESULT:95:8:0:10:UUUURULULL
RUN_RESULT:95:9:0:10:UUUURULULL
    96 |      960 | -3.990000E+03 | -3.990000E+03
TRACK:1910;526;381;3;0;5;0;5;1;6;4;3;0;10;25;0;1;5;24;5;20;-8.731021694943875;3;5;0;8;22;1.9211733964180546;6;2;5;3;0;3;7;-1.9035107509581097;4;24;13;4;3;2;2;2;2;1;2;10;11;6;9;4;3;24;6;3;3;8;6;2;6;4;14;6;10;6;1;3;2;0;21;-8.940042557827399;11;2;13;19;1;1;5;24;5;8;3;5;25
TRACK:1911;526;381;3;0;5;0;5;1;6;4;3;0;10;25;0;5;0;4;20;0.5334300884931266;4;24;3;5;0;8;22;1.7958792404530506;6;2;5;3;0;3;7;-1.884791555238767;4;24;13;4;3;2;2;2;2;1;2;10;11;6;9;4;3;24;6;3;3;8;6;2;6;4;14;5;2;17;21;6.202527850922802;6;1;3;2;0;21;-8.998512119765355;11;2;13;19;24
TRACK:1912;489;566;3;0;5;0;5;1;6;4;3;0;10;25;0;5;0;4;20;0.5944776144782205;4;24;3;5;0;8;22;1.6521541418814543;6;2;5;3;0;3;7;-1.9347451502148856;4;24;13;4;3;2;2;2;2;1;2;10;9;6;9;25;6;3;3;8;6;2;6;4;14;5;2;17;21;6.304053572782502;6;1;3;2;0;21;-8.942458218385559;11;2;13;19;1;1;5;24;1;21;-4.903815446000335;25;3;5;25
TRACK:1913;489;566;3;0;5;0;5;1;6;4;3;0;10;25;0;5;0;4;20;0.7351769399066475;4;24;3;4;14;6;2;5;3;0;3;7;-1.835310306323171;4;24;13;4;3;2;2;2;2;1;2;10;11;6;9;4;3;24;6;3;3;8;6;2;6;4;14;6;10;6;1;3;2;0;21;-8.826652726924944;11;2;13;9;1;1;5;25;5;8;3;5;25
TRACK:1914;509;381;3;0;5;0;5;1;6;4;3;0;10;25;0;5;0;4;20;0.6757035951212185;4;19;3;5;0;8;22;1.7737653774675808;6;2;5;3;0;3;7;-1.7577624029895191;4;24;13;4;3;2;2;2;2;1;2;10;17;6;9;25;6;3;3;8;6;2;6;4;13;5;2;17;21;6.378544981383671;6;1;3;2;0;21;-8.89127796906232;11;2;13;19;1;1;5;24;1;21;-4.828989826537952;25;3;5;25
TRACK:1915;509;381;3;0;5;0;5;1;6;4;3;0;10;25;0;8;3;5;0;8;22;1.7958792404530506;6;2;5;3;0;3;7;-1.884791555238767;4;24;13;4;3;2;2;2;2;1;2;10;11;6;9;4;3;24;6;3;3;8;6;2;6;4;14;5;2;17;21;6.202527850922802;6;1;3;2;0;21;-8.998512119765355;11;2;13;19;1;1;5;24;5;20;-8.731021694943875;3;5;25
TRACK:1916;542;489;3;0;5;0;5;1;6;4;3;0;10;25;0;5;0;4;20;0.6812157983887053;4;19;3;5;0;8;22;1.7381989359384042;6;2;5;3;0;3;7;-1.7118801581016863;4;24;13;4;3;2;2;2;2;1;2;10;17;6;21;-4.903815446000335;25;6;3;3;8;6;2;6;4;14;5;2;17;21;6.399232195658325;6;1;3;4;13;1;1;5;9;1;21;-4.703083459155892;25;3;5;25
TRACK:1917;542;489;3;0;5;0;5;1;6;4;3;0;10;25;0;5;0;4;20;0.5944776144782205;4;24;3;5;0;8;22;1.6521541418814543;6;2;5;3;0;3;7;-1.9347451502148856;4;24;13;4;3;2;2;2;2;1;2;10;11;6;9;25;6;3;3;8;6;2;6;4;17;5;2;17;21;6.304053572782502;6;1;3;2;0;21;-8.942458218385559;11;2;13;19;1;1;5;24;1;21;-4.903815446000335;25;3;5;25
TRACK:1918;566;561;3;0;5;0;5;1;6;4;3;0;10;25;0;5;0;4;20;0.7351769399066475;4;24;3;5;0;8;22;1.9178699543291196;6;2;5;3;0;3;7;-1.835310306323171;4;24;13;4;3;2;2;2;2;1;2;10;11;6;9;4;3;24;6;3;3;8;6;2;6;4;14;6;10;6;1;3;2;0;21;-8.826652726924944;11;2;13;9;1;1;5;13;5;8;3;5;25
TRACK:1919;566;561;3;0;3;3;8;4;3;2;2;2;2;1;2;10;11;6;9;25;6;3;3;8;6;2;6;4;14;5;2;17;21;6.171067081651891;6;1;3;2;0;21;-8.979766359132212;19;2;13;19;1;1;5;24;1;21;-4.778116458091936;25;3;0;25;24
TRACK:1920;1910;-1;3;0;5;0;5;1;6;4;3;0;10;25;0;1;5;24;5;20;-8.661816544276038;3;5;0;8;22;1.8551322426149583;6;2;5;3;0;3;7;-2.028658099315024;4;24;13;4;3;2;2;2;2;1;2;10;11;6;9;4;3;24;6;3;3;8;6;2;6;4;14;5;18;6;1;3;2;0;21;-8.954324760693048;11;2;13;19;1;1;5;24;5;8;3;5;25
TRACK:1921;1912;-1;3;0;5;0;5;1;6;4;3;0;10;25;0;5;0;4;20;0.4995031027384181;4;24;3;5;0;8;22;1.6915945003774504;6;2;5;3;0;3;7;-2.127562750330429;4;24;13;4;3;2;2;2;2;1;2;10;9;6;9;25;6;3;3;8;6;2;6;4;14;6;15;6;1;3;2;0;21;-8.885633183029034;11;2;13;19;1;1;5;24;1;21;-4.897702628573079;25;3;5;25
TRACK:1922;1914;-1;3;0;5;0;5;1;6;4;3;0;18;25;0;5;0;4;20;0.6545280497682489;4;19;3;5;0;8;22;1.7870911265645977;6;2;5;3;0;3;7;-1.7254529663700402;4;24;13;4;3;2;2;2;2;1;2;10;17;6;9;25;6;3;3;8;6;2;6;4;13;5;2;17;21;6.457960911915123;6;1;3;2;0;21;-8.894198902237866;11;2;13;19;1;1;5;24;1;21;-4.847613303317136;25;3;5;25
TRACK:1923;1916;-1;3;0;5;0;5;1;6;4;3;0;10;24;0;5;0;4;20;0.5201555747921811;4;19;3;5;0;8;22;1.7799133913672223;6;2;5;3;0;3;7;-1.6736192513866772;4;24;13;4;3;2;2;2;2;1;2;10;17;6;21;-4.61433555464958;25;6;3;3;8;6;2;6;4;14;5;2;17;21;6.6187437140511065;6;1;3;4;13;1;1;5;9;1;21;-4.6271059876946765;25;3;5;25
TRACK:1924;1918;-1;3;0;5;0;5;1;6;4;3;0;10;25;0;5;0;4;20;0.859750191382899;4;24;3;5;0;8;22;2.005446961969666;6;2;5;3;0;3;7;-1.810758836805337;4;24;13;4;3;2;2;2;2;1;2;10;11;6;9;4;3;24;6;3;3;8;6;2;6;4;14;6;1;11;23;-0.6628301104937542;6;1;3;2;0;21;-8.659867644148388;11;2;13;9;1;1;5;13;5;8;3;5;25
TRACK:1925;1911;-1;3;0;5;0;5;1;6;4;3;0;10;25;0;5;0;4;20;0.49338733210638497;4;24;3;5;0;8;22;1.726327822270258;6;2;5;3;0;3;7;-1.9858284412442946;4;24;13;4;3;2;2;2;2;1;2;10;11;6;9;4;3;24;6;3;3;8;6;2;6;4;14;5;2;17;20;-7.560956758442372;6;1;3;2;0;21;-9.006501969654568;11;2;13;19;24
TRACK:1926;1913;-1;3;0;5;0;5;1;6;4;3;0;10;25;0;5;0;4;20;0.7109152322682835;4;24;3;4;14;6;2;5;3;0;3;7;-1.7863956598804733;4;24;13;4;3;2;2;2;2;1;2;10;11;6;9;4;3;24;6;3;3;8;6;2;6;6;20;5.187445063711358;6;10;6;1;3;2;0;21;-9.080818621808724;11;2;13;9;1;1;5;25;5;8;3;5;25
TRACK:1927;1915;-1;3;0;5;0;5;1;6;4;3;0;10;25;0;8;3;5;0;8;22;1.556416596098751;6;2;5;3;0;3;7;-1.9003189822151154;4;24;13;4;3;2;2;2;2;1;2;11;11;6;9;4;3;24;6;3;3;8;6;2;6;4;14;5;2;17;21;6.129479708657049;6;1;3;2;0;21;-9.04838596862709;11;2;13;19;1;1;5;24;5;20;-8.775957083119206;3;5;25
TRACK:1928;1917;-1;3;0;5;0;5;1;6;4;3;0;10;25;0;5;0;4;20;0.5441088655932276;4;24;3;5;0;8;22;1.6180153802160204;6;2;5;3;0;3;7;-1.8276365436819382;4;24;13;4;3;2;2;2;2;1;2;10;11;6;9;25;6;3;3;8;6;2;6;4;17;5;2;17;21;6.311202972555386;6;1;3;2;0;21;-9.013447026578275;11;2;13;19;1;1;5;24;1;21;-4.998319139812315;25;3;5;25
TRACK:1929;1919;-1;3;0;3;3;8;4;3;2;2;2;2;1;2;10;11;6;9;25;6;3;3;8;6;2;6;4;14;5;2;17;21;6.0165319185430395;6;1;3;2;0;21;-8.739411293211417;11;2;13;19;1;1;5;24;1;21;-4.767005194040247;25;3;0;25;24
EVAL_INSTANCE:96:0:1920
EVAL_INSTANCE:96:1:1921
EVAL_INSTANCE:96:2:1922
EVAL_INSTANCE:96:3:1923
EVAL_INSTANCE:96:4:1924
EVAL_INSTANCE:96:5:1925
EVAL_INSTANCE:96:6:1926
EVAL_INSTANCE:96:7:1927
EVAL_INSTANCE:96:8:1928
EVAL_INSTANCE:96:9:1929
RUN_RESULT:96:0:0:2000:----
RUN_RESULT:96:1:0:2000:----
RUN_RESULT:96:2:0:940:UUUURLDLL
RUN_RESULT:96:3:0:1150:UUUULLRLULLL
RUN_RESULT:96:4:0:2000:----
RUN_RESULT:96:5:0:10:UUUURULULL
RUN_RESULT:96:6:0:2000:----
RUN_RESULT:96:7:0:2000:----
RUN_RESULT:96:8:0:10:UUUURULULL
RUN_RESULT:96:9:0:2000:----
    97 |      970 | -3.990000E+03 | -3.990000E+03
TRACK:1930;526;489;3;0;5;0;5;1;6;4;3;0;10;25;0;6;4;14;3;5;0;8;22;1.9211733964180546;6;2;5;3;0;3;7;-1.9035107509581097;4;24;13;4;3;2;2;2;2;1;2;10;11;6;9;4;3;24;6;3;3;8;6;2;6;4;14;6;10;6;1;3;2;0;21;-8.940042557827399;11;2;13;19;1;1;5;24;5;8;3;5;25
TRACK:1931;526;489;3;0;5;0;5;1;6;4;3;0;10;10;0;5;0;4;20;0.5944776144782205;4;24;3;5;0;8;22;1.6521541418814543;6;2;5;3;0;3;7;-1.9347451502148856;4;24;13;4;3;2;2;2;2;1;2;10;11;6;9;25;6;3;3;8;6;2;6;4;14;5;2;17;21;6.304053572782502;6;1;3;2;0;21;-8.942458218385559;11;2;13;19;1;1;5;24;1;21;-4.903815446000335;25;3;5;25
TRACK:1932;542;509;3;0;5;0;5;1;6;4;3;0;10;25;0;5;0;4;20;0.6812157983887053;4;19;3;5;0;8;22;1.7381989359384042;6;2;5;3;0;3;7;-1.7118801581016863;4;24;13;4;3;2;2;2;2;1;2;10;17;6;9;25;6;3;3;8;6;2;6;4;14;5;2;17;21;6.399232195658325;6;1;3;4;13;1;1;5;9;1;21;-4.703083459155892;25;3;5;25
TRACK:1933;542;509;3;0;5;0;5;1;6;4;3;0;10;25;0;5;0;4;20;0.6757035951212185;4;19;3;5;0;8;22;1.7737653774675808;6;2;5;3;0;3;7;-1.7577624029895191;4;24;13;4;3;2;2;2;2;1;2;10;17;6;9;25;6;3;3;8;6;2;6;4;14;5;2;17;21;6.378544981383671;6;1;3;2;0;21;-8.89127796906232;11;3;7;-1.7118801581016863;1;1;5;24;1;21;-4.828989826537952;25;3;5;25
TRACK:1934;561;566;3;0;5;0;5;1;6;4;3;0;10;25;0;5;0;4;20;0.6297388137510807;4;24;24;6;2;5;3;0;3;7;-1.9983925114321415;4;24;13;4;3;2;2;2;2;1;2;10;11;6;9;25;6;3;3;8;6;2;6;4;14;5;2;17;21;6.171067081651891;6;1;3;2;0;21;-8.979766359132212;19;2;13;19;1;1;5;24;1;21;-4.778116458091936;25;3;0;25;24
TRACK:1935;561;566;3;0;5;0;5;1;6;4;3;0;10;25;0;5;0;4;20;0.7351769399066475;4;24;3;5;0;8;22;1.9178699543291196;6;2;5;3;0;3;7;-1.835310306323171;4;24;13;4;3;2;2;2;2;1;2;10;11;6;9;4;3;24;6;3;3;8;6;2;6;4;14;6;10;6;1;3;2;0;21;-8.826652726924944;11;2;13;19;1;1;5;25;5;8;3;5;25
TRACK:1936;489;381;3;0;5;0;5;1;6;4;3;0;10;25;0;5;0;4;20;0.5944776144782205;4;24;3;5;0;8;22;1.6521541418814543;6;2;5;3;0;3;7;-1.9347451502148856;4;24;13;4;3;8
TRACK:1937;489;381;3;0;5;0;5;1;6;4;3;11;0;5;0;4;20;0.5334300884931266;4;24;3;5;0;8;22;1.7958792404530506;6;2;5;3;0;3;7;-1.884791555238767;4;24;13;4;3;2;2;2;2;1;2;10;11;6;9;4;3;24;6;3;3;8;6;2;6;4;14;5;2;17;21;6.202527850922802;6;1;3;2;0;21;-8.998512119765355;11;2;13;19;1;1;5;24;5;20;-8.731021694943875;3;5;25
TRACK:1938;567;561;3;0;5;0;5;1;6;4;3;0;10;25;2;1;2;10;11;6;9;25;6;2;5;3;0;3;7;-1.955386870631307;4;24;13;4;3;2;2;2;2;1;2;10;11;6;9;25;6;3;3;8;6;2;6;4;14;5;2;17;21;6.262568272526572;6;1;3;2;0;21;-8.749035212796752;24;2;13;20;-4.280543820769656;1;1;5;24;1;21;-4.712273777889777;25;3;5;25
TRACK:1939;567;561;3;0;5;0;5;1;6;4;3;0;10;25;0;5;0;4;20;0.6297388137510807;4;24;3;5;0;8;22;1.6387679997652442;6;2;5;3;0;3;7;-1.9983925114321415;4;24;13;4;3;2;2;2;2;1;2;10;11;6;9;25;6;3;3;8;6;2;6;4;8;5;2;17;21;6.171067081651891;6;1;3;2;0;21;-8.979766359132212;19;2;13;19;1;1;5;24;1;21;-4.778116458091936;25;3;0;25;24
TRACK:1940;526;-1;3;0;5;0;5;1;6;4;3;0;10;25;0;5;0;4;20;0.6551683174560416;2;19;8;3;5;0;8;22;1.7078813688722392;6;2;5;3;0;3;7;-1.7699643596631998;4;24;13;4;3;2;2;2;2;1;2;10;11;6;9;4;3;24;6;3;3;8;6;2;6;4;14;6;10;6;1;3;2;0;21;-8.96281944059683;11;2;13;19;1;1;5;24;5;8;3;5;25
TRACK:1941;1932;-1;3;0;5;0;5;1;6;4;3;0;9;15;0;5;0;4;20;0.6468381430194021;4;19;3;5;0;8;22;1.7600164197551167;6;2;5;3;0;3;7;-1.8012947425201942;4;24;13;4;3;2;2;2;2;1;2;10;17;6;9;25;6;3;3;8;6;2;6;4;14;5;2;17;21;6.3141471155917515;6;1;3;4;13;1;1;5;9;1;21;-4.699205764807822;25;3;5;25
TRACK:1942;1934;-1;3;0;5;0;5;1;6;4;3;0;10;25;0;5;4;20;6.645108024946268;24;6;2;5;3;0;3;7;-1.89084973400366;4;24;13;4;3;2;2;2;2;1;2;10;11;6;9;25;6;3;3;8;6;2;6;4;14;5;2;17;21;6.085431554754085;6;1;3;2;0;21;-9.019845791311202;19;2;13;19;1;1;5;24;1;21;-4.807453993816432;25;3;0;25;24
TRACK:1943;1936;-1;3;0;5;0;5;1;6;4;3;0;10;25;0;5;0;4;20;0.6752661052909846;4;24;3;5;0;8;22;1.6805148176072136;3;4;5;5;6;16;4;3;8
TRACK:1944;1938;-1;3;0;5;0;5;1;6;4;3;0;10;25;2;1;2;10;11;6;9;25;6;2;5;3;0;3;7;-1.967979650699341;4;24;13;4;3;2;2;2;2;1;2;10;11;6;9;25;6;3;3;8;6;2;6;4;14;5;2;17;21;6.236351095361471;0;2;1;2;6;16;2;15;11;5;1;19;19;2;6;4;16;4;4;14;2;3;0;6;8;1;18;10;5;5;2;9;10
TRACK:1945;489;-1;3;0;0;2;4;0;2;7;8.3079049684758;24;3;15;0;6;2;12;11;2;0;8;23;5.084508295907035;2;17;20;-7.602911668487533;1;3;1;1;23;-5.857377867964175;8;6;11;1;6;6;9;1;5;25;1;10;22;8.54585989943719;4;3;2;2;2;2;1;2;10;11;6;9;25;6;3;3;8;6;2;6;4;14;5;2;17;21;6.281704488262669;6;1;3;2;0;21;-8.929521968381094;11;2;13;19;1;1;5;24;1;21;-4.93766735507383;25;3;5;25
TRACK:1946;1933;-1;3;0;5;0;5;1;6;4;3;0;10;25;0;5;0;4;20;0.7897971651465073;4;19;3;0;13;21;-2.782394910988626;6;2;5;3;0;3;7;-1.8139087100757225;4;24;13;4;3;2;2;2;2;1;2;10;17;6;9;25;6;3;3;8;6;2;6;4;14;5;2;17;21;6.3888639501835405;6;1;3;2;0;21;-8.991893306453747;11;3;7;-1.5094243780051624;1;1;5;24;1;21;-5.085451501214166;25;3;5;25
TRACK:1947;1935;-1;3;0;5;0;5;1;6;4;3;0;10;25;0;5;0;4;20;0.6591809752938372;4;24;3;5;4;21;6.312276135965838;6;2;5;3;0;3;7;-1.7700896702698177;4;24;13;4;3;2;2;2;2;1;2;10;11;6;9;4;3;24;6;3;3;8;6;2;6;4;14;6;10;6;1;3;2;0;21;-8.850921516528444;11;2;13;19;1;1;5;25;5;8;3;5;25
TRACK:1948;1937;-1;3;0;5;0;5;1;6;4;3;11;0;5;0;4;20;0.5408132120855423;4;24;3;5;0;8;22;1.900456992251598;6;2;5;3;0;3;7;-2.0237883138337702;4;24;13;4;3;2;2;2;2;1;2;10;11;6;9;4;3;24;6;3;3;8;6;2;6;4;14;5;2;22;-0.9333657017018133;21;6.076249959391729;6;1;3;2;0;21;-8.921109300517307;11;2;13;19;1;1;5;24;5;20;-8.819337604392642;3;5;25
TRACK:1949;1939;-1;3;0;5;0;5;1;6;4;3;0;10;25;0;5;0;4;20;0.6824137250535756;4;24;3;5;0;8;22;1.6856337285263134;6;2;5;3;0;3;7;-1.8590098322744408;4;24;13;4;3;2;2;2;2;1;2;10;11;6;9;25;6;1;6;25;5;14;6;2;6;4;8;5;2;17;21;6.280297590920401;6;1;3;2;0;21;-8.995424005521638;19;2;13;19;1;1;5;24;1;21;-4.724513520724476;25;3;0;25;24
EVAL_INSTANCE:97:0:1940
EVAL_INSTANCE:97:1:1941
EVAL_INSTANCE:97:2:1942
EVAL_INSTANCE:97:3:1943
EVAL_INSTANCE:97:4:1944
EVAL_INSTANCE:97:5:1945
EVAL_INSTANCE:97:6:1946
EVAL_INSTANCE:97:7:1947
EVAL_INSTANCE:97:8:1948
EVAL_INSTANCE:97:9:1949
RUN_RESULT:97:0:0:2000:----
RUN_RESULT:97:1:0:2000:----
RUN_RESULT:97:2:0:19:UUUURULULL
RUN_RESULT:97:3:0:2000:----
RUN_RESULT:97:4:0:1302:UUUURUUDLLDR
RUN_RESULT:97:5:0:2000:----
RUN_RESULT:97:6:0:19:UUUURULULL
RUN_RESULT:97:7:0:19:UUUURULULL
RUN_RESULT:97:8:0:2000:----
RUN_RESULT:97:9:0:2000:----
    98 |      980 | -3.990000E+03 | -3.990000E+03
TRACK:1950;566;509;3;0;5;0;5;1;6;4;3;0;10;25;0;5;0;4;20;0.7351769399066475;4;24;3;5;0;8;22;1.9178699543291196;6;2;5;3;0;3;7;-1.835310306323171;4;24;13;4;3;2;2;2;2;1;2;10;11;6;9;1;5;24;1;21;-4.828989826537952;25;6;3;3;8;6;2;6;4;14;6;10;6;1;3;2;0;21;-8.826652726924944;11;2;13;9;1;1;5;25;5;8;3;5;25
TRACK:1951;566;509;3;0;5;0;5;1;6;4;3;0;10;25;0;5;0;4;20;0.6757035951212185;4;19;3;5;9;6;2;5;3;0;3;7;-1.7577624029895191;4;24;13;4;3;2;2;2;2;1;2;10;17;6;9;25;6;3;3;8;6;2;6;4;14;5;2;17;21;6.378544981383671;6;1;3;2;0;21;-8.89127796906232;11;2;13;19;1;1;5;24;1;21;-4.828989826537952;25;3;5;25
TRACK:1952;563;547;3;0;5;0;5;1;6;4;3;0;10;25;0;5;0;4;20;0.645115706562894;4;24;3;5;0;8;22;1.8004489927088398;6;1;19;24;4;3;2;2;2;2;1;2;10;17;6;9;25;6;3;3;8;6;22;1.781538475512475;6;1;3;2;0;21;-8.615295463753146;17;2;13;19;1;1;5;24;1;21;-4.768306165220745;25;3;5;25
TRACK:1953;563;547;3;0;5;0;5;1;6;4;3;0;10;25;0;5;0;4;20;0.6163724510451069;4;24;3;5;0;8;22;1.781538475512475;6;1;19;24;4;3;2;2;2;2;1;2;10;17;6;9;25;6;6;1;19;24;6;2;6;4;14;5;2;17;21;6.413665836382024;6;1;3;2;0;21;-8.798170546052466;11;2;13;19;1;1;5;24;1;21;-4.909247867364276;25;3;5;25
TRACK:1954;567;526;3;0;5;0;5;1;6;4;3;3;24;0;5;0;4;20;0.554959567811991;4;24;3;5;0;8;22;1.5847910097815714;6;2;5;3;0;3;7;-1.955386870631307;4;24;13;4;3;2;2;2;2;1;2;10;11;6;9;25;6;3;3;8;6;2;6;4;14;5;2;17;21;6.262568272526572;6;1;3;2;0;21;-8.749035212796752;24;2;13;20;-4.280543820769656;1;1;5;24;1;21;-4.712273777889777;25;3;5;25
TRACK:1955;567;526;3;0;5;0;5;1;6;4;3;0;10;25;0;5;0;4;20;0.6317182326717258;4;24;3;5;0;8;22;1.9211733964180546;6;2;5;3;0;3;7;-1.9035107509581097;4;24;13;4;3;2;2;2;2;1;2;10;11;6;9;4;3;24;6;3;3;8;6;2;6;4;14;6;10;6;25
TRACK:1956;567;561;3;0;2;5;3;0;3;7;-1.9983925114321415;4;24;13;4;3;2;2;2;2;1;2;10;11;6;9;25;6;3;3;8;6;2;6;4;14;5;2;17;21;6.262568272526572;6;1;3;2;0;21;-8.749035212796752;24;2;13;20;-4.280543820769656;1;1;5;24;1;21;-4.712273777889777;25;3;5;25
TRACK:1957;567;561;3;0;5;0;5;1;6;4;3;0;10;25;0;5;0;4;20;0.6297388137510807;4;24;3;5;0;8;22;1.6387679997652442;6;2;5;3;0;3;7;-1.9983925114321415;4;24;13;4;3;2;2;2;2;1;2;11;11;6;9;25;6;3;3;8;6;2;6;4;14;5;2;17;21;6.171067081651891;6;1;3;2;0;21;-8.979766359132212;19;2;13;19;1;1;5;24;1;21;-4.778116458091936;25;3;0;25;24
TRACK:1958;509;563;3;0;5;0;19;6;2;5;3;0;3;7;-1.7577624029895191;4;24;13;4;3;2;2;2;2;1;2;10;17;6;9;25;6;3;3;8;6;2;6;4;14;5;2;17;21;6.378544981383671;6;1;3;2;0;21;-8.89127796906232;11;2;13;19;1;1;5;24;1;21;-4.828989826537952;25;3;5;25
TRACK:1959;509;563;3;0;5;0;5;1;6;4;3;0;10;25;0;5;0;4;20;0.645115706562894;4;24;3;5;0;8;22;1.8004489927088398;6;1;19;24;4;3;2;2;2;2;1;2;10;17;6;9;25;6;3;3;8;6;2;6;4;14;5;2;17;21;6.291213416371669;6;1;9;1;1;5;24;1;21;-4.768306165220745;25;3;5;25
TRACK:1960;1950;-1;3;0;5;0;5;1;6;4;3;0;10;25;0;5;0;4;20;0.6541747164020797;4;24;3;5;0;8;22;1.9512785909189891;6;2;5;3;0;3;7;-1.7165994125024493;4;24;13;4;3;2;2;2;2;1;2;10;11;6;9;1;5;24;1;21;-4.875687425246981;25;6;3;3;8;6;2;6;4;14;6;10;6;1;3;2;0;21;-8.798212644858825;11;0;12;25;1;1;5;25;5;8;3;5;25
TRACK:1961;563;-1;3;0;5;0;5;1;6;4;3;0;10;25;0;5;0;4;20;0.5162701568042987;4;24;3;5;0;8;22;1.7350562341054219;6;1;19;4;6;2;20;7.403103952132522;12;4;3;2;2;2;2;1;2;10;17;6;9;25;6;3;3;8;6;2;6;4;14;5;2;17;21;6.398945284135091;6;1;3;2;0;21;-8.845112917435934;17;2;13;19;1;1;5;24;1;21;-5.033781662902449;25;3;5;25
TRACK:1962;1954;-1;3;0;5;0;5;1;6;4;3;3;24;0;5;0;4;20;0.6636552697469087;4;24;3;5;0;8;22;1.4281529574905178;6;2;5;3;0;3;7;-2.0043867468845877;4;24;13;4;3;2;2;2;2;1;2;10;11;6;9;25;6;3;3;8;6;2;6;4;14;5;2;17;21;6.328955060584299;6;1;3;2;0;21;-8.678200217066752;24;6;25;1;1;5;24;1;21;-4.662981227817658;25;3;5;25
TRACK:1963;1956;-1;3;0;2;5;3;0;3;7;-1.9995601647385872;4;24;13;4;3;2;4;4;3;15;6;1;3;2;0;21;-8.789586875438543;24;2;13;20;-4.187427674002507;1;1;5;24;1;21;-4.877482796819871;25;3;5;25
TRACK:1964;1958;-1;3;0;5;0;19;6;2;5;3;0;3;7;-1.7138053493411443;4;24;13;4;3;2;2;2;2;1;2;10;17;6;9;25;6;3;3;8;6;2;6;4;14;5;2;17;21;6.525052388306679;6;1;3;2;0;21;-8.861806958539173;11;2;13;19;1;1;3;12;1;21;-4.75729281384272;25;3;5;25
TRACK:1965;1951;-1;3;0;5;0;5;1;6;4;3;0;10;25;3;1;4;18;3;8;6;2;5;3;0;3;7;-1.8308152797572836;4;24;13;4;3;2;2;2;2;1;2;10;17;6;9;25;6;3;3;8;6;2;6;4;14;5;2;17;21;6.38767816798798;6;1;3;2;0;21;-8.690312549986707;11;2;13;19;1;1;5;24;1;21;-4.843628625349697;25;3;5;25
TRACK:1966;547;-1;3;0;5;0;5;1;6;4;3;0;10;25;0;5;0;4;20;0.7711293101273347;4;24;3;5;0;8;22;1.6747214112978699;6;1;19;24;4;3;2;2;2;2;5;8;25;6;3;3;8;6;2;6;4;14;5;2;17;21;6.421839480787264;6;1;3;2;0;21;-8.90013740397892;11;2;13;19;1;1;5;24;1;21;-4.9726402894229045;25;3;5;25
TRACK:1967;1955;-1;3;0;5;0;5;1;6;4;3;0;10;25;5;22;9.442096110974862;6;2;5;3;0;3;7;-1.8443889130430997;4;24;13;4;3;2;2;2;2;1;2;10;11;6;9;4;3;24;6;3;3;8;6;2;6;4;14;6;10;6;25
TRACK:1968;1957;-1;3;0;5;0;5;1;6;4;3;0;10;25;0;5;0;4;20;0.6215743147934721;4;24;3;5;0;8;22;1.6499351635631623;6;2;5;3;0;3;7;-2.0805078797028327;4;24;13;4;3;2;2;2;2;1;2;11;11;6;9;25;6;3;3;8;6;2;6;4;14;5;2;17;21;6.176722429790388;6;1;3;2;0;21;-9.051221053657528;19;2;13;19;1;1;5;24;1;21;-4.640378829093355;16;3;0;25;24
TRACK:1969;1959;-1;3;0;5;0;5;1;6;4;3;0;10;25;0;5;0;4;20;0.4869385671589471;4;24;3;5;0;8;22;1.7668970045535046;6;1;19;24;4;3;2;2;2;2;1;2;10;10;6;9;25;6;3;3;8;6;2;6;4;14;5;2;17;21;6.19966346941752;6;1;9;1;1;5;24;1;21;-4.865001529646906;25;3;5;25
EVAL_INSTANCE:98:0:1960
EVAL_INSTANCE:98:1:1961
EVAL_INSTANCE:98:2:1962
EVAL_INSTANCE:98:3:1963
EVAL_INSTANCE:98:4:1964
EVAL_INSTANCE:98:5:1965
EVAL_INSTANCE:98:6:1966
EVAL_INSTANCE:98:7:1967
EVAL_INSTANCE:98:8:1968
EVAL_INSTANCE:98:9:1969
RUN_RESULT:98:0:0:10:UUUURULULL
RUN_RESULT:98:1:0:10:UUUURULULL
RUN_RESULT:98:2:0:940:UUUURLDLL
RUN_RESULT:98:3:0:2000:----
RUN_RESULT:98:4:0:940:UUUURLDLL
RUN_RESULT:98:5:0:940:UUUURLDLL
RUN_RESULT:98:6:0:2000:----
RUN_RESULT:98:7:0:2000:----
RUN_RESULT:98:8:0:1150:UUUULLRLULLL
RUN_RESULT:98:9:0:2000:----
    99 |      990 | -3.990000E+03 | -3.990000E+03
TRACK:1970;509;381;3;7;-1.884791555238767
TRACK:1971;509;381;3;0;5;0;5;1;6;4;3;0;10;25;0;5;0;4;20;0.5334300884931266;4;24;3;5;0;8;22;1.7958792404530506;6;2;5;3;0;3;7;-1.884791555238767;4;19;13;4;3;2;2;2;2;1;2;10;11;6;9;4;3;24;6;3;3;8;6;2;6;4;14;5;2;17;21;6.202527850922802;6;1;3;2;0;21;-8.998512119765355;11;2;13;19;1;1;5;24;5;20;-8.731021694943875;3;5;25
TRACK:1972;547;567;3;0;5;0;5;1;6;4;3;0;10;25;0;5;0;4;20;0.6163724510451069;4;13;3;5;0;8;22;1.781538475512475;6;1;19;24;4;3;2;2;2;2;1;2;10;17;6;9;25;6;3;3;8;6;2;6;4;14;5;2;17;21;6.413665836382024;6;1;3;2;0;21;-8.798170546052466;11;2;13;19;1;1;5;24;1;21;-4.909247867364276;25;3;5;25
TRACK:1973;547;567;3;0;5;0;5;1;6;4;3;0;10;25;0;5;0;4;20;0.554959567811991;4;24;3;5;0;8;22;1.5847910097815714;6;2;5;3;0;3;7;-1.955386870631307;4;24;25;4;3;2;2;2;2;1;2;10;11;6;9;25;6;3;3;8;6;2;6;4;14;5;2;17;21;6.262568272526572;6;1;3;2;0;21;-8.749035212796752;24;2;13;20;-4.280543820769656;1;1;5;24;1;21;-4.712273777889777;25;3;5;25
TRACK:1974;542;509;3;0;5;0;5;1;6;4;3;0;10;25;0;5;0;4;20;0.6812157983887053;4;19;3;5;0;8;22;1.7381989359384042;6;2;5;3;0;3;7;-1.7118801581016863;4;24;13;4;3;2;2;2;2;1;2;10;17;6;9;25;6;3;3;8;6;2;6;4;14;5;2;17;21;6.399232195658325;17
TRACK:1975;542;509;3;0;5;0;5;1;6;4;3;0;10;25;0;5;0;4;20;0.6757035951212185;4;19;3;5;0;8;22;1.7737653774675808;6;17;4;3;2;2;2;2;1;2;10;17;6;9;25;6;3;3;8;6;2;6;4;14;5;2;17;21;6.378544981383671;6;1;3;2;0;21;-8.89127796906232;11;2;13;19;1;1;5;24;1;21;-4.828989826537952;25;3;5;25
TRACK:1976;561;381;3;0;5;0;5;1;6;4;3;0;10;25;0;5;0;4;20;0.6297388137510807;4;24;3;5;0;8;22;1.6387679997652442;6;2;5;3;0;3;7;-1.9983925114321415;4;24;13;4;3;2;2;2;2;1;2;10;11;6;9;25;6;3;3;8;6;2;6;4;14;5;2;17;21;6.171067081651891;6;1;3;2;0;21;-8.979766359132212;19;2;13;19;13
TRACK:1977;561;381;3;0;5;0;5;1;6;4;3;0;10;25;0;5;0;4;20;0.5334300884931266;4;24;3;5;0;8;22;1.7958792404530506;6;2;5;3;0;3;7;-1.884791555238767;4;24;13;4;3;2;2;2;2;1;2;10;11;6;9;4;3;24;6;3;3;8;6;2;6;4;14;5;2;17;21;6.202527850922802;6;1;3;2;0;21;-8.998512119765355;11;2;13;19;1;1;8;5;20;-8.731021694943875;3;5;25
TRACK:1978;567;563;3;0;5;0;5;1;6;4;0;21;-8.615295463753146;17;0;5;0;4;20;0.554959567811991;4;24;3;5;0;8;22;1.5847910097815714;6;2;5;3;0;3;7;-1.955386870631307;4;24;13;4;3;2;2;2;2;1;2;10;11;6;9;25;6;3;3;8;6;2;6;4;14;5;2;17;21;6.262568272526572;6;1;3;2;0;21;-8.749035212796752;24;2;13;20;-4.280543820769656;1;1;5;24;1;21;-4.712273777889777;25;3;5;25
TRACK:1979;567;563;3;0;5;0;5;1;3;3;8;0;5;0;4;20;0.645115706562894;4;24;3;5;0;8;22;1.8004489927088398;6;1;19;24;4;3;2;2;2;2;1;2;10;17;6;9;25;6;3;3;8;6;2;6;4;14;5;2;17;21;6.291213416371669;6;1;3;2;0;21;-8.615295463753146;17;2;13;19;1;1;5;24;1;21;-4.768306165220745;25;3;5;25
TRACK:1980;1970;-1;3;5;5;0;0;6;0;16;25;3;2;24;10;2;2;1;24;25;3;16;4;4;15
TRACK:1981;1972;-1;3;0;5;0;5;1;6;4;3;0;10;25;0;5;0;4;20;0.6264128409323644;4;13;3;5;0;15;18;6;1;19;24;4;3;2;2;2;2;1;2;10;17;6;9;25;6;3;3;8;6;2;6;4;14;5;2;17;21;6.347791450658883;6;1;3;2;0;21;-8.910465033890382;11;2;13;19;1;1;5;24;1;21;-4.865564356530619;25;3;5;25
TRACK:1982;1974;-1;3;0;5;0;5;1;6;4;3;0;10;25;0;5;0;4;20;0.7451764819618107;4;19;3;5;0;8;22;1.8028502611696933;6;2;5;3;0;3;7;-1.716622820025313;4;24;13;4;3;2;2;2;2;1;2;10;17;6;9;25;6;3;3;8;6;2;5;1;13;10;5;2;17;21;6.397494412418118;17
TRACK:1983;1976;-1;3;0;5;0;5;1;6;4;2;6;17;0;18;23;9.270403787730096;0;5;0;4;20;0.7531103664525881;4;24;3;5;0;8;22;1.6111000823381765;6;2;5;3;0;3;7;-2.0529944642584645;4;24;13;4;3;2;2;2;2;1;2;10;11;6;9;25;6;3;3;8;6;2;6;4;14;5;2;17;21;6.2787534707301385;6;1;3;2;0;21;-8.99123186393937;19;2;13;19;13
TRACK:1984;1978;-1;3;0;5;0;5;1;6;4;0;21;-8.643229764941447;17;0;5;0;4;20;0.5479765164692262;4;24;3;5;0;8;22;1.5648240975132433;6;2;5;3;0;3;7;-1.9182564770211175;4;24;13;4;3;2;2;2;2;1;2;10;11;6;9;25;6;3;3;8;6;2;6;4;14;5;2;17;21;6.231643161273845;6;1;3;2;0;21;-8.796022258538027;24;2;13;20;-4.270212603307746;1;1;5;24;1;21;-4.793876990021178;25;4;6;21;4.523941733104648
TRACK:1985;1971;-1;3;0;5;0;5;1;6;4;3;0;10;25;0;5;0;4;20;0.5184660319575733;4;24;3;5;0;8;22;1.418284580570065;6;2;5;3;0;3;7;-1.937208235120949;4;19;13;4;3;2;2;2;2;1;2;10;11;6;9;4;3;24;6;3;3;8;6;2;6;4;14;5;2;17;21;6.391177566654206;6;1;3;2;0;21;-9.001114838782106;11;2;13;19;1;1;5;24;5;20;-8.59661359088935;3;3;9
TRACK:1986;1973;-1;5;1;6;5;3;6;1;1;6;14;4;18;5;5;22;4.951315676643679;5;2;4;2;3;5;2;14;21;-0.2298358935912148;3;2;4;15;1;12;7;3.2950428508237994;2;2;2;4;1;10;13;4;4;10;2;0;4;9;0;18;12;1;5;11;2;17;11;6;3;5;0;19;11
TRACK:1987;1975;-1;3;0;5;0;5;1;6;4;3;0;10;25;0;5;0;4;20;0.7566401502553907;4;19;3;5;0;8;22;1.7646527052790075;6;17;4;3;2;2;2;2;1;2;10;17;6;9;25;6;3;3;8;0;6;20;-3.764735640800967;1;7;-5.2496311545186325;14;6;1;3;2;0;21;-8.892950735750937;11;2;13;19;1;1;5;24;1;21;-4.870962732705069;25;3;5;25
TRACK:1988;1977;-1;3;0;5;0;5;1;6;4;3;0;10;25;0;5;0;4;20;0.5520543499887254;4;24;3;5;0;8;22;1.8756355284775164;6;2;5;3;0;3;7;-2.0079567031227876;4;24;13;4;3;2;2;2;2;1;2;10;11;6;9;4;3;24;6;3;3;8;6;2;0;19;25;5;2;17;21;6.186310214825722;6;1;3;2;0;21;-8.862791012052739;11;2;13;19;1;1;8;5;20;-8.817669409243631;3;5;25
TRACK:1989;1979;-1;3;0;5;0;5;1;3;3;8;0;5;0;4;20;0.49546382131493805;4;24;3;5;0;8;15;6;1;19;24;4;3;2;2;2;2;1;2;10;17;6;9;25;6;3;3;8;6;2;6;4;14;5;2;17;21;6.261730798873591;6;1;3;2;0;21;-8.696232902156387;17;2;13;19;1;1;5;24;1;21;-4.832804772188903;25;3;5;25
EVAL_INSTANCE:99:0:1980
EVAL_INSTANCE:99:1:1981
EVAL_INSTANCE:99:2:1982
EVAL_INSTANCE:99:3:1983
EVAL_INSTANCE:99:4:1984
EVAL_INSTANCE:99:5:1985
EVAL_INSTANCE:99:6:1986
EVAL_INSTANCE:99:7:1987
EVAL_INSTANCE:99:8:1988
EVAL_INSTANCE:99:9:1989
RUN_RESULT:99:0:0:2000:----
RUN_RESULT:99:1:0:350:UUUURRLURULRLULL
RUN_RESULT:99:2:0:10:UUUURULULL
RUN_RESULT:99:3:0:940:UUUURLDLL
RUN_RESULT:99:4:0:940:UUUURLDLL
RUN_RESULT:99:5:0:10:UUUURULULL
RUN_RESULT:99:6:0:2000:----
RUN_RESULT:99:7:0:2000:----
RUN_RESULT:99:8:0:10:UUUURULULL
RUN_RESULT:99:9:0:2000:----
   100 |     1000 | -3.990000E+03 | -3.990000E+03
TRAINING ON LEVEL:15
of 184 levels
---LEVEL STRING---
__________
_bW12..Fr_
_........_
_w.w.w..S_
_.s...s.1_
_..w.www4_
_B.3s1..._
_1.w.w..._
_2.....Rf_
__________
---LEVEL STRING---
training done.
The time of execution is: 2815.2708191871643 s

TRAINING DONE


-----!!!NEW PROBLEM!!!-----


START TESTING

LEVEL:0:______\n_K.2._\n_kSF._\n_bB1._\n_..fR_\n_1..._\n_3.r._\n_251O_\n_s.31_\n_o..2_\n______
LEVEL:1:________\n_......_\n_......_\n_.Sb.s._\n_.1..s._\n_.4b..1_\n_B12..3_\n_......_\n________
LEVEL:2:____________\n_.........._\n_.r....f..._\n_.....bssss_\n_.R.......F_\n_B1..f..b.1_\n_AO........_\n_.rssssssss_\n_.........F_\n_ss...R...1_\n_....B12W.3_\n_oS14...1.._\n____________
LEVEL:3:__________\n_F13....G_\n_..R15a.1_\n_.......0_\n_a.A.b.a._\n_....a..._\n_B....ggg_\n_1.a.ag.a_\n_2....g.f_\n__________
LEVEL:4:__________\n_.....B12_\n_.W......_\n_.1wwwww._\n_.6wf..w._\n_..w..kw._\n_F.wwwww._\n_1......._\n_3...bK17_\n__________
LEVEL:5:_________\n_....B18_\n_......._\n_...R..._\n_...1..._\n_...3..._\n_......._\n_....B12_\n_......._\n_.b..R.._\n_....1.._\n_r...9.._\n_......._\n_________
LEVEL:6:____________\n_G13wwwwK14_\n_w.o.okofow_\n_wo.o.o.o.w_\n_wko.o.o.ow_\n_wggggggggw_\n_w.o.o.o.ow_\n_wo.o.o.okw_\n_w.o.o.o.ow_\n_wo.obo.o.w_\n_K17wwwwB12_\n____________
LEVEL:7:____________\n_F13wwwwK14_\n_w.o.okofow_\n_wo.oko.o.w_\n_wko.o.o.ow_\n_wo.o.o.okw_\n_wko.o.o.ow_\n_wo.o.o.okw_\n_wko.o.o.ow_\n_wo.obo.o.w_\n_K17wwwwB12_\n____________
LEVEL:8:__________\n_B12....F_\n_1......1_\n_9lllL.f3_\n_..rl1..._\n_...l8..._\n_...lllll_\n_.br....._\n_....R15._\n__________
LEVEL:9:___________\n_rg9SkofVr_\n_GF.6WOV0A_\n_Fw0.3o6AB_\n_A5W..5A2l_\n_.WO5KlF.1_\n_441934sR2_\n_vF38vVb.k_\n_W4bAS.K1K_\n_kO9.W..21_\n_0Ba4o3.L2_\n_w9G.SG99v_\n_g9Br5Kkbk_\n_.l7RRG6r3_\n_LFffV..Gv_\n_ga8.ro1wr_\n_VWV7R..3._\n___________
LEVEL:10:__________\n_........_\n_....V12._\n_........_\n_...v...._\n_F.v.v..._\n_1..v...._\n_3......._\n_....f..._\n__________
LEVEL:11:__________\n_b....Vwv_\n_.....1ww_\n_.....3.._\n_........_\n_........_\n_.....BW._\n_.....11._\n_.....26._\n__________
LEVEL:12:__________\n_...K..3._\n_.f.k...._\n_kkkk...._\n_...kgkkk_\n_........_\n_G10...b._\n_.....B12_\n_K14..F13_\n__________
LEVEL:13:__________\n_..Bwwlll_\n_b.1wwlll_\n_..2wwlll_\n_...wwlll_\n_...wwlll_\n_W16....._\n_....F13._\n_s...wwwf_\n__________
LEVEL:14:__________\n_G10gl.f._\n_.aagl.l._\n_.R.gg.ll_\n_.b..gggl_\n_...a...a_\n_..r....5_\n_B12.1..._\n_F13a.L16_\n__________
LEVEL:15:__________\n_bW12..Fr_\n_........_\n_w.w.w..S_\n_.s...s.1_\n_..w.www4_\n_B.3s1..._\n_1.w.w..._\n_2.....Rf_\n__________
LEVEL:16:__________\n_bW12..Fr_\n_........_\n_w.w.w..S_\n_.s...s.1_\n_..w.www4_\n_B.3s1..S_\n_1.w.w..._\n_2.....Rf_\n__________
LEVEL:17:__________\n_.f......_\n_.......3_\n_kkkkgkkk_\n_...g.g.._\n_K14k.k.._\n_...k.kkk_\n_B12k..b._\n_F13....._\n__________
LEVEL:18:____________________\n_B.S14.O16.R15.B12._\n_1.F13.G16.V17....._\n_.Sv..............._\n_Rggggggggggggggggg_\n_1ggggggggggggggggg_\n_.F......gggggggggg_\n_ooo.......gggggggg_\n_wwwoo.......gggggg_\n_wwwwwoo.......gggg_\n_wwwwwwwoo..r......_\n_wwwwwwwwwoo.b....._\n_wwwwwwwwwwwooaaaaa_\n____________________
LEVEL:19:_________________\n_F13w.f.w.a...rw_\n_.a.wa...b.a.a.w_\n_wwrwwwww..wwwww_\n_...a...a....a.._\n_wwwwww.wwwwwwww_\n_.a.........ar.._\n_www.wwwwwwwwwww_\n_.a...a......ba._\n_..b......a....._\n_wwwwwwwwww.war._\n_k...a.....awwww_\n_wwwwwwwwwwwwB14_\n_R16wW16wK12wB17_\n_________________
LEVEL:20:__________\n_...s.V12_\n_v..s...._\n_..sssfss_\n_..s..s.._\n_F..s..s._\n_1.....s._\n_3..S14.._\n_........_\n__________
LEVEL:21:____________________\n_.Laallgg.......BG._\n_.1aallgg.......11._\n_.8aallgg.......90._\n_..aallgg.........._\n_..9allgg.......v.._\n_..aallgg.......V.._\n_b.2allgg.......1.._\n_llllllgg.......3.._\n_llllllgg.........._\n_gggggggg.........._\n_gggggggg.......B12_\n____________________
LEVEL:22:__________\n_........_\n_...b...._\n_........_\n_F......._\n_1.B.f..._\n_3.1....._\n_..2....._\n_........_\n__________
LEVEL:23:__________\n_........_\n_B...b..._\n_1......._\n_2......._\n_........_\n_..3...f._\n_F1....f._\n_........_\n__________
LEVEL:24:__________\n_S13....._\n_.......f_\n_...r...3_\n_........_\n_........_\n_F14..R12_\n_........_\n_......s._\n__________
LEVEL:25:_________________\n_....gg.....l..._\n_....gg.....l..._\n_....gg.....l..._\n_.b..gg.....l..._\n_....gg.....l..._\n_....gg.....l..._\n_....gg.....l..._\n_....gg.B12.l..f_\n_....gg.....l..._\n_K...gg.....l..._\n_B12.gg..k..l..._\n_....gg.....l..._\n_....gg.....l..._\n_....gg.G10.l..._\n_....gg.....l..._\n_....gg.....lF13_\n_....gg.....l..._\n_....gg.....lL14_\n_________________
LEVEL:26:__________\n_.ssss.s._\n_..ss.fv._\n_...as.v._\n_.F12.A.._\n_.....1.._\n_.....3.._\n_.ggg...._\n_.s......_\n__________
LEVEL:27:__________\n_glF13S12_\n_gksgggVV_\n_ggrrrrV2_\n_vggkgkVr_\n_vvgvvvVr_\n_vvvvvlVl_\n_vvvvvlVl_\n_vvvvl.fl_\n__________
LEVEL:28:__________\n_B12..VGF_\n_S.....1._\n_1.b.s35f_\n_4...sss._\n_........_\n_gggggggg_\n_...vv..._\n_........_\n__________
LEVEL:29:__________\n_V.2a..12_\n_B12avF.._\n_bv.a...._\n_aaaaaaaa_\n_...a...._\n_..2a.A.._\n_A16a1..._\n_.1.a2f3._\n__________
LEVEL:30:__________\n_K17....._\n_......O._\n_k.vwww.._\n_...wow.k_\n_...www.._\n_KV..W16._\n_11.O1.3._\n_42..k..._\n__________
LEVEL:31:___________________\n_B12w...ag...wG10._\n_wwww...gg...wW16._\n_..13...ga...wwwww_\n_.V15..agga......._\n_.R...araga.a....._\n_.....a.ggaaa....._\n_ggggggggaaaav...._\n_.v....agga......._\n_....b..aga......._\n_......agga......._\n___________________
LEVEL:32:__________\n_b.....f._\n_.....V12_\n_........_\n_F13....._\n_........_\n_........_\n_....v..._\n_........_\n__________
LEVEL:33:__________\n_........_\n_...bV12._\n_........_\n_........_\n_.B13...._\n_........_\n_........_\n_...vv..._\n__________
LEVEL:34:__________\n_...V13.._\n_v......._\n_........_\n_......b._\n_....B12._\n_........_\n_..V15..._\n_........_\n__________
LEVEL:35:__________\n_..F1.3.._\n_llllllll_\n_..L14..._\n_........_\n_........_\n_........_\n_........_\n_bB12...f_\n__________
LEVEL:36:__________\n_B12.F13._\n_........_\n_...sss.._\n_.b.sfs.._\n_...s...._\n_...s...._\n_........_\n_........_\n__________
LEVEL:37:__________\n_s..S..a._\n_k.o....l_\n_.g....b._\n_L.g..b.w_\n_g.s..fs._\n_....B..l_\n_b...1r.._\n_G13.2b.._\n__________
LEVEL:38:__________\n_.Rrbll.f_\n_L18.lll._\n_.5..ll.r_\n_..r.ll.1_\n_..r.ll.l_\n_.F..ll.B_\n_B19.ll.1_\n_r3r....2_\n__________
LEVEL:39:__________\n_A.2...bg_\n_1.G.3.a._\n_wwg1W16._\n_..12B12b_\n_........_\n_........_\n_........_\n_........_\n__________
LEVEL:40:__________\n_b..lsllf_\n_...lslll_\n_.S.lslll_\n_L18lslll_\n_.6.ls..._\n_F......._\n_1......._\n_3.B12..._\n__________
LEVEL:41:____________________\n_llllllff........L._\n_lgggglff........1._\n_lbggglff........5._\n_lg..glff.........._\n_lG15glff.........._\n_llllllff.........._\n_ffffwww..........._\n_ffff.............._\n_.................._\n_.........F.3......_\n_..B12.....1......._\n_.................._\n_.........k........_\n_....K12..........._\n_.................._\n_.................._\n_................7._\n_.................._\n____________________
LEVEL:42:__________\n_f.k.k.kk_\n_.B12F13._\n_k......k_\n_...b...._\n_k......k_\n_........_\n_k......k_\n_.K14K17._\n__________
LEVEL:43:__________\n_ffffffff_\n_W16....._\n_Bk......_\n_1.k...k._\n_2...k..._\n_w..wwwww_\n_...k...._\n_Kk.....k_\n_1k...k.._\n_7......._\n_w..wwwww_\n_........_\n_F13...k._\n_K..k...._\n_1......._\n_4...kk.b_\n__________
LEVEL:44:__________\n_FWwwwwww_\n_11wb.fww_\n_36wwwwww_\n_G10wgkww_\n_wwwwwwww_\n_wBKwwwww_\n_w11wwwww_\n_b2.kwwww_\n__________
LEVEL:45:___________\n_.F.w..V.._\n_o1.w.o1.._\n_.4.w.o2.o_\n_wwww.o..._\n_.ov...oWw_\n_.ov.o..1w_\n_..o.O186w_\n_foo..wF13_\n___________
LEVEL:46:____________________\n_W........wwwwwwwww_\n_1wwwwwwwww......Kw_\n_6wK17ooowwR1.O.81w_\n_Kwkooo3oww..3.1.9w_\n_1wkoooooww.......w_\n_4wo1kbkowwaaaaw.ww_\n_Awooooooww.....ww._\n_1woooooowwb..w..w._\n_9wwwwwwwwww.sw.ww._\n_Awwwwwwwwwwwlwwww._\n_1wb.....ww......w._\n_4wwwww.www.b.R..w._\n_Sw......ww.r.1..w._\n_1ww.wwwwww...5L.w._\n_4wrrrrrrww....1.w._\n_Bwrrfrrrww....8.w._\n_1wwwwwwwwwwwwwwww._\n_9R19F13L18R14B12.._\n____________________
LEVEL:47:______\n_fr.b_\n_F13w_\n_gggg_\n_wwww_\n_F17w_\n_R15w_\n_G10W_\n_B121_\n_W16W_\n______
LEVEL:48:__________\n_WSLlllll_\n_111llllk_\n_556llK12_\n_lllllB17_\n_lllllK1._\n_lllkklll_\n_lllwwlll_\n_FllssllF_\n_1......1_\n_3......3_\n_f......f_\n_........_\n_........_\n_oooggooo_\n_..o..o.._\n_GBo..oOS_\n_11ob.o11_\n_89o..o58_\n__________
LEVEL:49:____________________\n_Wwvvvvvvvfvvvvvvvv_\n_1wvvvvvvv.vvvvvvvv_\n_6wvvvvvvv.vvvvvvvv_\n_Fwvvvvvvv.vvvvvvvv_\n_1wvvvvvvv.vvvvvvvv_\n_3wvvvvvvvvvvvvvvvv_\n_Vwvvvvvvvvvvvvvvvv_\n_1wvvvvvvvvvvvvvvvv_\n_4wvvvvvvvvvvvvvvvv_\n_wwvvvvvvvvvvvvvvvv_\n_..............s..._\n_......r.r.....sS.._\n_...b..rrr.....s1.._\n_..B12..R......s4.._\n_.......1......s..._\n_.......5..O1O.s..._\n_..............w..._\n_..............w..._\n____________________
LEVEL:50:_______\n_bB12._\n_...F._\n_.fR15_\n_...3._\n_.r..._\n_______
LEVEL:51:________\n_rrrrrr_\n_rrrrrr_\n_rrbrrr_\n_rr.rRr_\n_r..B12_\n_r.3.6._\n________
LEVEL:52:____________\n_v......V12_\n_...f.....F_\n_.R.....b.1_\n_B12......3_\n_...S.S14.._\n____________
LEVEL:53:__________\n_bB1...2._\n_..fR1SF._\n_1...31s._\n_3.r..2.1_\n__________
LEVEL:54:_________\n_......._\n_....b.._\n_....s.._\n_......F_\n_.B12..1_\n_......3_\n_...S121_\n_________
LEVEL:55:____________\n_.........._\n_.b..S....._\n_.....712.._\n_.....O...._\n_.B........_\n_...b.....F_\n_.........1_\n_GokK12...3_\n_V......B1._\n_r........R_\n____________
LEVEL:56:________\n_......_\n_.b...._\n_......_\n_......_\n_.S...._\n_.1...._\n_.BB123_\n_.s...3_\n________
LEVEL:57:____________\n_B1.B.....B_\n_R1.......1_\n_..5....S12_\n_.........._\n_.r.....b.._\n_...L......_\n_......1..F_\n_..f......1_\n_......s..4_\n_F13......._\n____________
LEVEL:58:_______\n_F.B12_\n_1b..._\n_3...f_\n_..k.._\n_K17.._\n_______
LEVEL:59:____________\n_B12w.....S_\n_K12w.....1_\n_F16w....7._\n_wwww......_\n_G1........_\n_1.....s..._\n_.0.3.sbs.._\n_g.....s..g_\n_gg......gg_\n_ggg....ggg_\n____________
LEVEL:60:____________\n_B12......S_\n_Br.......1_\n_R..f.....F_\n_.........1_\n_G1.......3_\n_1.....s.f._\n_.0.3.sbs.F_\n_g.....s..g_\n_gg..13..gg_\n_ggg....ggg_\n____________
LEVEL:61:_________\n_.....B8_\n_......._\n_...R..._\n_..o1..._\n_......._\n_....B.._\n_......._\n_....rs._\n_..1SF.._\n_fB31s.._\n_F112o.._\n_......._\n_________
LEVEL:62:________\n_......_\n_......_\n_......_\n_......_\n_......_\n_......_\n_..B..._\n_..1..._\n_..2F13_\n_..b..._\n_......_\n_......_\n_f.F15._\n_......_\n_......_\n________
LEVEL:63:_____________\n_.....2....._\n_.b...F....._\n_....w.712.._\n_.B....O...._\n_....S.....F_\n_........S.1_\n_.....K12..._\n_.b.W......._\n_........s.._\n_.....B12s3k_\n_..........k_\n_____________
LEVEL:64:_________\n_Fw.f.wB_\n_1w...w1_\n_3wwwww2_\n_......._\n_..W16.._\n_......._\n_...b..._\n_________
LEVEL:65:____________\n_B13......F_\n_....f....1_\n_rrrR1Rrrr2_\n_........b._\n____________
LEVEL:66:____________\n_F13wwwwK14_\n_w.o.okofow_\n_wo.o.o.o.w_\n_wko.o.o.ow_\n_wo.o.o.o.w_\n_w.o.o.o.ow_\n_wo.o.o.okw_\n_w.o.o.o.ow_\n_wo.obo.o.w_\n_K17wwwwB12_\n____________
LEVEL:67:____________\n_.........._\n_llllllll.._\n_.....r...._\n_.........._\n_..b..r...._\n_.........._\n_gggggggg.._\n_W13..G17.._\n_.........._\n_B12......._\n____________
LEVEL:68:___________\n_B12w....._\n_wwww.brk._\n_.R......._\n_........._\n_ggggggggg_\n_.1......._\n_.5......._\n_........._\n_.K......._\n_........._\n_ggggggggg_\n_........._\n_......ooo_\n_wwww..ofo_\n_W16w..ooo_\n_G10w..F13_\n___________
LEVEL:69:__________\n_k....b.._\n_w....o.o_\n_sB123ggg_\n_.fR.oo.o_\n_.....bg._\n_.r..f..._\n_.s.bs..k_\n_..sg.www_\n__________
LEVEL:70:__________\n_...12..._\n_...r.ooo_\n_2...B11O_\n_......31_\n_s2.3...2_\n_........_\n_..R1..F1_\n_.....S14_\n__________
LEVEL:71:_______________\n_.l..gL16g..l._\n_.l..ggggg..l._\n_............._\n_............._\n_..l.......l.._\n_..l.......l.._\n_3....G10....3_\n_..l.......l.._\n_..l.......l.._\n_............._\n_............._\n_.l..ggggg..l._\n_.l..gL12g..l._\n_______________
LEVEL:72:__________\n_.kSFr..._\n_vbR1Sbb._\n_g..31skB_\n_r...2so8_\n_bss...a4_\n_FR...aa._\n_S1o....w_\n_W6R11oof_\n__________
LEVEL:73:__________\n_........_\n_....V12._\n_........_\n_........_\n_F.v.v..._\n_1..v...._\n_3......._\n_....f..._\n__________
LEVEL:74:__________\n_........_\n_....V12._\n_..v.v..._\n_..vvv..._\n_F.v.v..._\n_1..v...._\n_3......._\n_....f..._\n__________
LEVEL:75:__________\n_.....B12_\n_.W.14..._\n_.1wwwww._\n_.6wf..w._\n_..w..kw._\n_F.wwwww._\n_1......._\n_3...bK17_\n__________
LEVEL:76:____________\n_K..w.kwK14_\n_1...okkfow_\n_7...B12o.w_\n_s.k......._\n_.....R...._\n_w.www..W16_\n_w........._\n_..b...r..k_\n_w........._\n_..kwwwF13._\n____________
LEVEL:77:____________\n_K.kw.kwK14_\n_1...okkfo._\n_7.o.A12o.w_\n_s.2..r.o.._\n_.....R...._\n_w.www..W16_\n_w...o..o.._\n_..b...rbak_\n_w...5...o._\n_b.fwwwF13._\n____________
LEVEL:78:__________\n_...12..._\n_...rg1.._\n_........_\n_.s..wk2g_\n_F12.V7f._\n_w.F.v..._\n_3R25K..._\n_..v....._\n__________
LEVEL:79:__________\n_W16..R15_\n_.....R13_\n_..R....._\n_B1B12.ww_\n_......wr_\n_......ww_\n_........_\n_b....R19_\n__________
LEVEL:80:__________\n_W16..R15_\n_.....R13_\n_..R....._\n_B1B12.ww_\n_......wr_\n_......ww_\n_...R...._\n_bB1..R19_\n__________
LEVEL:81:__________\n_B1B....f_\n_1......._\n_2......._\n_........_\n_........_\n_.......F_\n_.......1_\n_b......3_\n__________
LEVEL:82:__________\n_V1V....B_\n_.......1_\n_V1.....2_\n_..F....._\n_........_\n_........_\n_........_\n_bv....7F_\n_.......1_\n_.......3_\n_wwwwwwww_\n_.v....W._\n_......1._\n_f.....6._\n__________
LEVEL:83:__________\n_B12..F13_\n_........_\n_........_\n_........_\n_.b....f._\n_........_\n_........_\n_........_\n__________
LEVEL:84:__________\n_.K14.B12_\n_.fow...._\n_2o.w...3_\n_..1.W..w_\n_..4...k._\n_....rr.._\n_........_\n_....bK17_\n__________
LEVEL:85:__________\n_l......._\n_...b...._\n_L1B....._\n_..1....._\n_..2F...._\n_.b.bB1Br_\n_........_\n_.f....13_\n__________
LEVEL:86:__________\n_bF132..G_\n_....g1.1_\n_..B12AO._\n_.RF13wwr_\n_a12....._\n_o.....WF_\n_......F1_\n_.....f.._\n__________
LEVEL:87:__________\n_W16w..s._\n_...wF..._\n_...w1..._\n_...w3..._\n_r..w...._\n_...wR.b._\n_S14wB12._\n_.1Fw...r_\n__________
LEVEL:88:__________\n_W16w..s._\n_.14wF..._\n_F..w1..._\n_...w3..._\n_..rw...._\n_...wR.b._\n_S14wB12._\n_.1Fw...r_\n__________
LEVEL:89:__________\n_........_\n_WW..W16._\n_11b.B12._\n_9W......_\n_........_\n_FL...www_\n_11...wll_\n_38...wlf_\n__________
LEVEL:90:________________\n_K17..........._\n_1....3........_\n_.4w.k...Ww...._\n_..l.....1....._\n_..lw.k.76Ww..._\n_..l..........._\n_lllllllll....._\n_......ll......_\n_.............._\n_b............._\n_L14........B12_\n________________
LEVEL:91:__________\n_...K.3.._\n_.f.k...._\n_kkkk...._\n_...kgkkk_\n_........_\n_G10...b._\n_.....B12_\n_K14..F13_\n__________
LEVEL:92:__________\n_.....b.s_\n_FBs....s_\n_f13....s_\n_.2..rrrr_\n_...r...._\n_...r.RF._\n_...r.11._\n_S14r.5.._\n__________
LEVEL:93:__________\n_.B1..ww._\n_s..S...f_\n_.w1ww4.._\n_.w.SF..1_\n_1.4.Bw.4_\n_3bww3w.._\n_.......s_\n_.W12.s.._\n__________
LEVEL:94:__________\n_........_\n_B12....._\n_S16....._\n_K13.b..._\n_G16....._\n_F16..v.v_\n_.....vsv_\n_V16..vkf_\n__________
LEVEL:95:___________\n_s...f...s_\n_.k.....k._\n_..k...k.._\n_...k.k..._\n_....k...._\n_....S14.._\n_........._\n_K17...K14_\n_B12.b.F13_\n___________
LEVEL:96:__________\n_.B1.sF13_\n_S142s..._\n_...fs..._\n_sssss..._\n_........_\n_.....17._\n_.B12..b._\n_........_\n__________
LEVEL:97:_________\n_....F13_\n_......._\n_..K...._\n_..1...._\n_.f2...._\n_......._\n_k......_\n_________
LEVEL:98:__________\n_........_\n_...F13.._\n_........_\n_.......v_\n_B.....a._\n_1......._\n_2..O...._\n_..k.fb.S_\n__________
LEVEL:99:__________\n_B12.gggf_\n_F13agggg_\n_R15.gggg_\n_G10.gggg_\n_.a......_\n_..r..rr._\n_..rrrrrr_\n_b..rr..._\n__________
LEVEL:100:__________\n_........_\n_........_\n_.B...k.._\n_1......._\n_wwwvwwww_\n_.b......_\n_........_\n_.....3.._\n_...K...._\n_....1..._\n_..7....._\n_........_\n_.......V_\n_.......1_\n_B12..W14_\n__________
LEVEL:101:__________\n_....B12b_\n_....b..._\n_.......F_\n_...1...1_\n_......12_\n_........_\n_gb...f.._\n_g......._\n_g1..Rr.._\n_gfRf12.k_\n_G.f36..._\n_.b.15..F_\n_G.f....1_\n_.......4_\n_K13....._\n__________
LEVEL:102:__________\n_........_\n_........_\n_.bf....._\n_......B._\n_......1._\n_.F13..2._\n_........_\n_........_\n__________
LEVEL:103:___________\n_oLoLBLoLo_\n_o1o111o1o_\n_w8w828w8w_\n_ooo131ooo_\n_L18oboooo_\n_oooowoOoo_\n_L18oWoL18_\n_oooo1oooo_\n_L14o6oo1L_\n___________
LEVEL:104:_______________\n_B12wwW16.F.13_\n_K14ww.......k_\n_1bG.w.....k.._\n_7.1ww.w.....k_\n_f.4ww.....k.._\n_gggww..k....._\n_gggwwk......._\n_gggww..k....._\n_gggwwk......._\n_k..www..k...k_\n_..k..www..k.._\n_k......w...kw_\n_wwwwww...wwww_\n_______________
LEVEL:105:___________\n_B19L18F13_\n_1wwwwwwwW_\n_2w..b..w1_\n_ww.....w6_\n_..A....wA_\n_a.1.a..w1_\n_...5...w9_\n_.llllllll_\n_.llllllll_\n_.....l..._\n_.V1.vl.f._\n_.1...l..._\n_..2.lllll_\n___________
LEVEL:106:__________\n_.f......_\n_........_\n_kkkkkgkk_\n_B12....._\n_........_\n_G10....._\n_..F13..._\n_......b._\n__________
LEVEL:107:__________\n_.....L14_\n_.llK14wF_\n_.Wrb...1_\n_.ww....3_\n_.ww....._\n_.R1....._\n_........_\n_.1F..B12_\n__________
LEVEL:108:__________\n_b....V.B_\n_.....1.1_\n_..3..9.2_\n_.F...s.._\n_S14sss.._\n_........_\n_........_\n_....f..k_\n__________
LEVEL:109:______________\n_l.bFk...l..._\n_l.B12...l..._\n_l.k42....l.._\n_ll...R..rl2._\n_.1l......l.._\n_..llKl.lll.._\n_.k..1......._\n_....8.f..4.._\n_..2........._\n_..F1.9..K12._\n_...3........_\n_............_\n______________
LEVEL:110:__________\n_B12...fO_\n_...3...._\n_.b......_\n_F......o_\n_1......l_\n_L1......_\n_3......._\n_........_\n__________
LEVEL:111:__________\n_.2......_\n_S..b...._\n_..B....._\n_ww1....._\n_W1......_\n_.F12ss.._\n_....B123_\n_.f.....3_\n__________
LEVEL:112:__________\n_b....F13_\n_l..W16.._\n_llwlllll_\n_.....V.._\n_gggG..12_\n_v.g1.L18_\n_f.g0...._\n_ggg..B12_\n__________
LEVEL:113:______\n_...._\n_.r.._\n_...f_\n_R12._\n_..F._\n_..1._\n_..3._\n_...._\n_...._\n______
LEVEL:114:___________\n_B12aab..._\n_.......A._\n_.......1._\n_F13....7._\n_ggggggggg_\n_ggwwwwwgg_\n_www.f.www_\n_W16.k.G14_\n___________
LEVEL:115:__________\n_........_\n_........_\n_..F12..._\n_........_\n_....31A._\n_fff....._\n_..f....._\n_a.f....._\n__________
LEVEL:116:__________\n_........_\n_.......o_\n_..f....._\n_........_\n_...K13.._\n_.r.g..B._\n_..w...1._\n_...b..2k_\n__________
LEVEL:117:__________\n_B1.awB12_\n_f.o..12._\n_b....rg1_\n_1......._\n_3..Rrr.5_\n_....r..l_\n_g7.w.Ar._\n_K2.k..or_\n__________
LEVEL:118:__________\n_B12..F13_\n_1......._\n_9......._\n_..rb.9.._\n_........_\n_..R..5.._\n_..1....v_\n_V18...vf_\n__________
LEVEL:119:__________\n_b......B_\n_..1.R..1_\n_.R...5.2_\n_........_\n_.0.rrr.._\n_gggggggg_\n_gg...G10_\n_fg...F13_\n__________
LEVEL:120:__________\n_........_\n_S12.B..._\n_S..1..2._\n_........_\n_K.....s._\n_...b...._\n_........_\n_3......._\n__________
LEVEL:121:__________\n_........_\n_.b......_\n_..B....._\n_..1....._\n_..2....._\n_..3....._\n_.Ss....._\n_........_\n__________
LEVEL:122:__________\n_b......._\n_........_\n_...f...._\n_B......._\n_1......._\n_2......._\n_l......._\n_ff.lF13._\n__________
LEVEL:123:__________\n_....B12._\n_....F13._\n_k.b....._\n_....K1.._\n_....fR.._\n_........_\n_........_\n_....r..._\n__________
LEVEL:124:__________\n_........_\n_...b...._\n_........_\n_........_\n_..B...F._\n_..1...1._\n_..2...3._\n_........_\n_........_\n_.......f_\n_........_\n__________
LEVEL:125:__________\n_........_\n_b......._\n_........_\n_...r...._\n_..R12..._\n_.....F.f_\n_.....1.._\n_.....3.._\n__________
LEVEL:126:__________\n_..B12..._\n_........_\n_....F..._\n_..fR15.._\n_b...3..._\n_........_\n_........_\n_..r....._\n__________
LEVEL:127:__________\n_F13....._\n_........_\n_........_\n_.b......_\n_........_\n_...B12.._\n_........_\n_f......._\n__________
LEVEL:128:__________\n_....LLLr_\n_1...LLL._\n_F......._\n_.......F_\n_.......1_\n_.......3_\n_..Rb...._\n_.....B12_\n__________
LEVEL:129:__________\n_......13_\n_..W16..._\n_...B1B.._\n_..B1...._\n_..12...._\n_wwb....._\n_........_\n_........_\n__________
LEVEL:130:_______________\n_......w......_\n_......r..R15._\n_..g.ggr.w...._\n_..g...r...w.._\n_g.rrr.rrk...._\n_.....rK14...._\n_.r.w...r..k.._\n_..r.w.r..ggrg_\n_.bwwwwr.W16r._\n_.wr.rrrwr..k._\n_.w...gw.r..k._\n_.w.f.g..r...._\n_.wr.....r...._\n_B12G10..r.F13_\n_______________
LEVEL:131:_______________\n_......w......_\n_......r..R15._\n_..g.ggr.w...._\n_..g...r...w3._\n_g.rrr.rrk...._\n_.....rK14...._\n_.r.w...r..k.._\n_..r.w.r..ggrg_\n_.bwwwwr.W16r._\n_.wr.rrrwr..k._\n_.w...gw.r..k._\n_.w.f.g..r...._\n_.wr.....r...._\n_B12G10..r.F13_\n_______________
LEVEL:132:__________\n_.......f_\n_........_\n_.k......_\n_..k....._\n_b..k...._\n_.....F13_\n_B12....._\n_........_\n__________
LEVEL:133:__________\n_........_\n_........_\n_llllllll_\n_L.....B._\n_1...b.1._\n_8.....9._\n_........_\n_B12..F13_\n__________
LEVEL:134:_______________\n_b........wF19_\n_G.R.B.R.SwV18_\n_1.R.1.1.1wV17_\n_6.R.2.5.6wF13_\n_...r.r...wW16_\n_.........wG1G_\n_....g....wS1S_\n_wwwwswwwwwwww_\n_vg..f..svw..._\n_______________
LEVEL:135:__________\n_......F._\n_f......o_\n_..b....f_\n_......R._\n_.r....11_\n_.1OB12.._\n_1..b...._\n_3......._\n__________
LEVEL:136:__________\n_........_\n_b.....b._\n_.....b.._\n_...r...._\n_..R12..._\n_.....F.f_\n_.b...1.._\n_.....3.._\n__________
LEVEL:137:__________\n_F13....._\n_........_\n_........_\n_.b......_\n_........_\n_.....B12_\n_........_\n_f......._\n__________
LEVEL:138:__________\n_......BF_\n_.b....11_\n_....R.23_\n_1..5.r.._\n_.....r.._\n_gggggggg_\n_gggggggg_\n_gggggfgg_\n__________
LEVEL:139:__________\n_V.2a..12_\n_B12avF.._\n_bv.a...._\n_aaaaaaaa_\n_...a...._\n_r.Ra.A.._\n_A16a1..._\n_A1032f3._\n__________
LEVEL:140:__________\n_F13....f_\n_....llV._\n_....ll1l_\n_....ll2l_\n_...lll.l_\n_...lllll_\n_.v......_\n_........_\n__________
LEVEL:141:__________\n_........_\n_F12....._\n_....3..._\n_....V1.._\n_........_\n_........_\n_...f.l.v_\n_.....l.._\n__________
LEVEL:142:__________\n_....w.b._\n_....w..w_\n_B13.w.ww_\n_........_\n_F12.fff._\n_........_\n_....W15._\n_........_\n__________
LEVEL:143:__________\n_G......._\n_1..L14.._\n_0......F_\n_.......1_\n_.b.....3_\n_ggg....._\n_llg.B12._\n_fl......_\n__________
LEVEL:144:__________\n_bB1...2._\n_..fR1SF._\n_1...31s._\n_3.s..2.1_\n__________
LEVEL:145:__________\n_......wf_\n_W15..w.._\n_.....w.w_\n_.B12w.w._\n_.....w.._\n_...b..ww_\n_F13...w._\n_......w._\n__________
LEVEL:146:____________\n_A18wa....._\n_B19ww..a.._\n_1ssswa..a._\n_2K13wV13a._\n_wwwww..a.._\n_aaaaa...a._\n_a....aaVav_\n_..aa.aa1av_\n_a.ba.a.8av_\n_aaaa...akv_\n____________
LEVEL:147:__________\n_...w..w._\n_..w.fw.._\n_V12..v.w_\n_....w.w._\n_..ww...w_\n_F13.w.v._\n_.b.v...._\n_....W15._\n__________
LEVEL:148:__________\n_.....w.._\n_F13v...._\n_..V1..w._\n_.b..2..._\n_.W15...w_\n_.w...w.._\n_....w..._\n_B12.w.f._\n__________
LEVEL:149:__________\n_fwwwwwGF_\n_ggwwww11_\n_ggrwww03_\n_g...wwwW_\n_r....ww1_\n_.W19.R16_\n_.O18.1ww_\n_bB12b5.w_\n__________
LEVEL:150:__________\n_.......4_\n_.b..v.gb_\n_..lBOrv._\n_O131..F._\n_.sf2..f._\n_..w...bl_\n_...g.v.._\n_A.of.f.9_\n__________
LEVEL:151:__________\n_.B......_\n_.1..F13O_\n_.2bR...._\n_........_\n_......a._\n_........_\n_........_\n_...f...._\n__________
LEVEL:152:____________________\n_BWw..............._\n_11w.....G10......._\n_26w..wwwwwwww....._\n_www..woooooow....._\n_.....wooR15ow....._\n_.....woooooow....._\n_.....woborrow....._\n_.....woooooow....._\n_..wwwwwggggwwwww.._\n_..w............w.._\n_..w............w.._\n_..w............w.._\n_..wggg.........w.._\n_..wggg.....F13.w.._\n_..wfgg.........w.._\n_..wwwwwwwwwwwwww.._\n_.................._\n_.................._\n____________________
LEVEL:153:__________\n_L1.....O_\n_1......1_\n_8......9_\n_........_\n_F15.V12._\n_w.l.Kv.._\n_3.2.V..k_\n_.......k_\n__________
LEVEL:154:__________\n_B1gg..kb_\n_...v...._\n_......f3_\n_a3V12..._\n_........_\n_.g......_\n_K1.G...._\n_B1...F13_\n__________
LEVEL:155:__________\n_B12..G10_\n_...f...._\n_........_\n_gggggggg_\n_b......._\n_.....r.._\n_........_\n_F13..R15_\n__________
LEVEL:156:__________\n_.R.bll.f_\n_L18.lll._\n_.5..ll.r_\n_..r.ll.1_\n_..r.ll.l_\n_.F..ll.B_\n_B19.ll.1_\n_.3.....2_\n__________
LEVEL:157:__________\n_V12.r..._\n_R.rr2rw._\n_1r....wg_\n_4.ggrrwv_\n_gggF13aa_\n_r.gggggg_\n_a..rarar_\n_fargrara_\n__________
LEVEL:158:__________\n_B12..G10_\n_........_\n_gg..b.1._\n_Fgsr.r5._\n_.gsr.R.._\n_.gs....._\n_.gssss.._\n_.13S141F_\n__________
LEVEL:159:__________\n_B12..G10_\n_sss....._\n_gg..b.1._\n_Fgsr.r5._\n_.gsr.R.._\n_.gs....._\n_.gssss.._\n_.13S141F_\n__________
LEVEL:160:__________\n_kBK.w.b._\n_..1ww..._\n_..2w...._\n_wwww..V._\n_......1._\n_......3._\n_W18....._\n_.....B19_\n__________
LEVEL:161:__________\n_BK13gggG_\n_1rrrggR1_\n_2rbrgR16_\n_.rrrgg7g_\n_.ggggrgg_\n_.ggggggg_\n_.g..rggr_\n_.r.r.r.k_\n__________
LEVEL:162:__________\n_bwawaB12_\n_wawawawa_\n_awawawaw_\n_wawawawa_\n_awawawaw_\n_wawawawa_\n_awawawaw_\n_F13awawf_\n__________
LEVEL:163:__________\n_........_\n_.aaaaa.1_\n_.aabaa.3_\n_.aaaaa.._\n_........_\n_.A......_\n_.1......_\n_.2...B12_\n__________
LEVEL:164:__________\n_KRg...rs_\n_11.g..rr_\n_45.gg..._\n_.B13g..._\n_....wS12_\n_L...l..._\n_1.kkl.k._\n_0b.ll.k._\n__________
LEVEL:165:__________\n_VB12...3_\n_1o..o..._\n_4o..vK16_\n_oo.o...._\n_vobo.kk._\n_..o....._\n_..v..v.._\n_........_\n__________
LEVEL:166:__________\n_wfkwwwww_\n_lwwlwwlw_\n_sllsllsl_\n_.s......_\n_....b.s._\n_W16F13.._\n_..B19S14_\n_L18..B12_\n__________
LEVEL:167:__________\n_kk.k.kkk_\n_llo..o.k_\n_.lo..o.k_\n_.loooo.k_\n_.llll..k_\n_..looooo_\n_..lollll_\n_..lollll_\n_....llll_\n_........_\n_........_\n_L16....._\n_........_\n_........_\n_BK13...._\n_1......._\n_2.K17..._\n_b......._\n__________
LEVEL:168:_____________\n_..wwB12ww.._\n_..........._\n_..wwrwrww.._\n_..w.....w.._\n_W.Rw.b.wR.B_\n_1.w.....w.1_\n_6.w.....w.2_\n_w.w.......w_\n_w1.ww.ww.1w_\n_.........3._\n_..wwR15w..._\n_____________
LEVEL:169:_____________\n_B12F13fL17._\n_..........._\n_l.l.ll.ll.._\n_..........._\n_l.l..l..l.._\n_l..l..l...._\n_.l.....l.l._\n_ll.l.l.l..l_\n_..........._\n_..........._\n_b...B19.L18_\n_____________
LEVEL:170:__________\n_..b....._\n_B12.www._\n_K1.w.k.w_\n_...w...w_\n_....w.wF_\n_....wfw1_\n_.....w.3_\n_W17....._\n__________
LEVEL:171:_____________\n_B12S14F13ww_\n_S17O14W16bw_\n_wwwwwwwww.w_\n_wwwwww..osw_\n_wwwww..os.w_\n_wwww...so.w_\n_www...so..w_\n_ww.....so.w_\n_w......os.w_\n_........osw_\n_.......os.w_\n_w......so.w_\n_ww....so..w_\n_www....so.w_\n_wwww...os.w_\n_wwwww...osw_\n_wwwwww.os.w_\n_wwwwwwwwwfw_\n_____________
LEVEL:172:____________________\n_S16.........wwww.._\n_............wBFw.._\n_............w11w.._\n_............w23w.._\n_............wwww.._\n_...wwwwwwwww......_\n_...wosooooow......_\n_...wooooooow......_\n_...wooobosow......_\n_...wsooooosw......_\n_...woosoooow......_\n_...wwwwwwwww......_\n_.................._\n_.......f.........._\n_.................._\n_.................._\n_.................._\n_.................._\n____________________
LEVEL:173:__________\n_B12oo.b._\n_ooooo.F._\n_sosoo.1._\n_ofooo.3._\n_sosoo..._\n_oooooooo_\n_ooooO14o_\n_oooooooo_\n__________
LEVEL:174:____________________\n_wwowwf....Kwbwwow._\n_wB12wwF13.1w.wooWw_\n_wwbww.o.oA12.oo.1w_\n_LRwwV....o3o.wwo6r_\n_11.Br1......kwwwwg_\n_451.3..llll..wwwgg_\n_..4lwgwlllllllwwwg_\n_llllwvwllllllwK17w_\n____________________
LEVEL:175:__________\n_bsfgalro_\n_kwoBSFWA_\n_ROKGV213_\n_6750489w_\n_w.....ww_\n_w.wwwwWw_\n_w...vw1w_\n_B12V136w_\n__________
LEVEL:176:____________________\n_W........wwwwwwwww_\n_1wwwwwwwww......Kw_\n_6woooooowwR1.O.81w_\n_Kwooo3koww..3.1.9w_\n_1wkoooooww.......w_\n_4wo1kbkowwaaaaw.ww_\n_Awooooooww....oww._\n_1wK17ooowwb..woow._\n_9wwwwwwwwww.swoww._\n_Awwwwwwwwwwwlwwww._\n_1wb.....ww......w._\n_4wwwww.www.b.R..w._\n_Sw......ww.r.1..w._\n_1ww.wwwwww...5L.w._\n_4wrrrrrrww....1.w._\n_Bwrrfrrrww....8.w._\n_1wwwwwwwwwwwwwwww._\n_9R19F13L18R14B12.._\n____________________
LEVEL:177:__________\n_........_\n_S2..B12._\n_w...s..._\n_...7wooo_\n_.1.vooVo_\n_.3vbW1.6_\n_...voo2o_\n_V14.oO16_\n__________
LEVEL:178:____________________\n_WR1R.....wwwwwwwww_\n_1wwwwwwwww......Kw_\n_6wK17ooowwR1.O.81w_\n_Kwkooo3oww..3.1.9w_\n_1wkoooooww.......w_\n_4wo1kbkowwaaaaw.ww_\n_Awooooooww.....ww._\n_1woooooowwb..w..w._\n_9wwwwwwwwww.sw.ww._\n_Awwwwwwwwwwwlwwww._\n_1wb.....ww......w._\n_4wwwww.www.b.R..w._\n_Sw......ww.r.1..w._\n_1ww.wwwwww...5L.w._\n_4wrrrrrrww....1.w._\n_Bwrrfrrrww....8.w._\n_1wwwwwwwwwwwwwwww._\n_9R19F13L18R14B12.._\n____________________
LEVEL:179:__________\n_KF13K1K._\n_1f......_\n_4.wwwwwk_\n_B.wK1b.._\n_1.waA.6._\n_2WwvV.2._\n_w1wgG.0._\n_w6wlL.8._\n__________
LEVEL:180:____________________\n_S14W16...........V_\n_B12V18ww.........1_\n_G14S19..w........5_\n_.w.w..ww.........._\n_...www............_\n_.................._\n_.................._\n_....wwwwsw........_\n_...w.vb..w........_\n_..w..b...w........_\n_...w..b..w........_\n_....wwwwww........_\n_.................._\n_...O15........gggg_\n_...F13....gggggggg_\n_.........gggoooooo_\n_......ggggggoooooo_\n_..ggggggggggooooof_\n____________________
LEVEL:181:____________\n_L.kwB..K1r_\n_w.r..3.fos_\n_wS1.....s1_\n_g.r.W1..s4_\n_W.b......._\n_kk..rb.ff5_\n_9.B12....G_\n_.b.f.swgw1_\n_g.o...oO.0_\n_v.wwoRF1.f_\n____________
LEVEL:182:__________\n_K14....._\n_1k..k..._\n_.boL..k._\n_.A15..aa_\n_.b....b._\n_k...F.k._\n_..k.1..._\n_B12.lf13_\n__________
LEVEL:183:____________________\n_Wwvvvvvvvfvvvvvvvv_\n_1wvvvvvvv.vvvvvvvv_\n_6wvvvvvvv.vvvvvvvv_\n_Fwvvvvvvv.vvvvvvvv_\n_1wvvvvvvv.vvvvvvvv_\n_3wvvvvvvvvvvvvvvvv_\n_Vwvvvvvvvvvvvvvvvv_\n_1wvvvvvvvvvvvvvvvv_\n_4wvvvvvvvvvvvvvvvv_\n_wwvvvvvvvvvvwwwwww_\n_............r....._\n_............rRK.B._\n_...b..sss...r11.1._\n_..B12..S....r457.._\n_..B12..1....r....._\n_.......5....kw...._\n_.O1O........ww...._\n_............w....._\n____________________
BATCH:-1:0:0
BATCH:-1:1:1
BATCH:-1:2:2
BATCH:-1:3:3
BATCH:-1:4:4
BATCH:-1:5:5
BATCH:-1:6:6
BATCH:-1:7:7
BATCH:-1:8:8
BATCH:-1:9:9
BATCH:-1:10:10
BATCH:-1:11:11
BATCH:-1:12:12
BATCH:-1:13:13
BATCH:-1:14:14
BATCH:-1:15:15
BATCH:-1:16:16
BATCH:-1:17:17
BATCH:-1:18:18
BATCH:-1:19:19
BATCH:-1:20:20
BATCH:-1:21:21
BATCH:-1:22:22
BATCH:-1:23:23
BATCH:-1:24:24
BATCH:-1:25:25
BATCH:-1:26:26
BATCH:-1:27:27
BATCH:-1:28:28
BATCH:-1:29:29
BATCH:-1:30:30
BATCH:-1:31:31
BATCH:-1:32:32
BATCH:-1:33:33
BATCH:-1:34:34
BATCH:-1:35:35
BATCH:-1:36:36
BATCH:-1:37:37
BATCH:-1:38:38
BATCH:-1:39:39
BATCH:-1:40:40
BATCH:-1:41:41
BATCH:-1:42:42
BATCH:-1:43:43
BATCH:-1:44:44
BATCH:-1:45:45
BATCH:-1:46:46
BATCH:-1:47:47
BATCH:-1:48:48
BATCH:-1:49:49
BATCH:-1:50:50
BATCH:-1:51:51
BATCH:-1:52:52
BATCH:-1:53:53
BATCH:-1:54:54
BATCH:-1:55:55
BATCH:-1:56:56
BATCH:-1:57:57
BATCH:-1:58:58
BATCH:-1:59:59
BATCH:-1:60:60
BATCH:-1:61:61
BATCH:-1:62:62
BATCH:-1:63:63
BATCH:-1:64:64
BATCH:-1:65:65
BATCH:-1:66:66
BATCH:-1:67:67
BATCH:-1:68:68
BATCH:-1:69:69
BATCH:-1:70:70
BATCH:-1:71:71
BATCH:-1:72:72
BATCH:-1:73:73
BATCH:-1:74:74
BATCH:-1:75:75
BATCH:-1:76:76
BATCH:-1:77:77
BATCH:-1:78:78
BATCH:-1:79:79
BATCH:-1:80:80
BATCH:-1:81:81
BATCH:-1:82:82
BATCH:-1:83:83
BATCH:-1:84:84
BATCH:-1:85:85
BATCH:-1:86:86
BATCH:-1:87:87
BATCH:-1:88:88
BATCH:-1:89:89
BATCH:-1:90:90
BATCH:-1:91:91
BATCH:-1:92:92
BATCH:-1:93:93
BATCH:-1:94:94
BATCH:-1:95:95
BATCH:-1:96:96
BATCH:-1:97:97
BATCH:-1:98:98
BATCH:-1:99:99
BATCH:-1:100:100
BATCH:-1:101:101
BATCH:-1:102:102
BATCH:-1:103:103
BATCH:-1:104:104
BATCH:-1:105:105
BATCH:-1:106:106
BATCH:-1:107:107
BATCH:-1:108:108
BATCH:-1:109:109
BATCH:-1:110:110
BATCH:-1:111:111
BATCH:-1:112:112
BATCH:-1:113:113
BATCH:-1:114:114
BATCH:-1:115:115
BATCH:-1:116:116
BATCH:-1:117:117
BATCH:-1:118:118
BATCH:-1:119:119
BATCH:-1:120:120
BATCH:-1:121:121
BATCH:-1:122:122
BATCH:-1:123:123
BATCH:-1:124:124
BATCH:-1:125:125
BATCH:-1:126:126
BATCH:-1:127:127
BATCH:-1:128:128
BATCH:-1:129:129
BATCH:-1:130:130
BATCH:-1:131:131
BATCH:-1:132:132
BATCH:-1:133:133
BATCH:-1:134:134
BATCH:-1:135:135
BATCH:-1:136:136
BATCH:-1:137:137
BATCH:-1:138:138
BATCH:-1:139:139
BATCH:-1:140:140
BATCH:-1:141:141
BATCH:-1:142:142
BATCH:-1:143:143
BATCH:-1:144:144
BATCH:-1:145:145
BATCH:-1:146:146
BATCH:-1:147:147
BATCH:-1:148:148
BATCH:-1:149:149
BATCH:-1:150:150
BATCH:-1:151:151
BATCH:-1:152:152
BATCH:-1:153:153
BATCH:-1:154:154
BATCH:-1:155:155
BATCH:-1:156:156
BATCH:-1:157:157
BATCH:-1:158:158
BATCH:-1:159:159
BATCH:-1:160:160
BATCH:-1:161:161
BATCH:-1:162:162
BATCH:-1:163:163
BATCH:-1:164:164
BATCH:-1:165:165
BATCH:-1:166:166
BATCH:-1:167:167
BATCH:-1:168:168
BATCH:-1:169:169
BATCH:-1:170:170
BATCH:-1:171:171
BATCH:-1:172:172
BATCH:-1:173:173
BATCH:-1:174:174
BATCH:-1:175:175
BATCH:-1:176:176
BATCH:-1:177:177
BATCH:-1:178:178
BATCH:-1:179:179
BATCH:-1:180:180
BATCH:-1:181:181
BATCH:-1:182:182
BATCH:-1:183:183
EVAL_INSTANCE:0:0:1988
RUN_RESULT:0:0:0:2000:----
RUN_RESULT:0:0:1:1896:UUURRRDDDUUULLLLLDRRRRUURDDDL
RUN_RESULT:0:0:2:10:UR
RUN_RESULT:0:0:3:2000:----
RUN_RESULT:0:0:4:2000:----
RUN_RESULT:0:0:5:2000:----
RUN_RESULT:0:0:6:169:DRRUWULUUU
RUN_RESULT:0:0:7:2000:----
RUN_RESULT:0:0:8:2000:----
RUN_RESULT:0:0:9:4:UUDR
RUN_RESULT:0:0:10:3:DDD
RUN_RESULT:0:0:11:2000:----
RUN_RESULT:0:0:12:2000:----
RUN_RESULT:0:0:13:2000:----
RUN_RESULT:0:0:14:2000:----
RUN_RESULT:0:0:15:10:UUUURULULL
RUN_RESULT:0:0:16:10:UUUURULULL
RUN_RESULT:0:0:17:2000:----
RUN_RESULT:0:0:18:2000:----
RUN_RESULT:0:0:19:2000:----
RUN_RESULT:0:0:20:2000:----
RUN_RESULT:0:0:21:2000:----
RUN_RESULT:0:0:22:2000:----
RUN_RESULT:0:0:23:555:DDDLLDRDDRRRU
RUN_RESULT:0:0:24:2000:----
RUN_RESULT:0:0:25:2000:----
RUN_RESULT:0:0:26:2000:----
RUN_RESULT:0:0:27:2000:----
RUN_RESULT:0:0:28:2000:----
RUN_RESULT:0:0:29:2000:----
RUN_RESULT:0:0:30:2000:----
RUN_RESULT:0:0:31:2000:----
RUN_RESULT:0:0:32:93:UUUUUURR
RUN_RESULT:0:0:33:553:LLLLUUURRRUUU
RUN_RESULT:0:0:34:2000:----
RUN_RESULT:0:0:35:2000:----
RUN_RESULT:0:0:36:290:LUURRRURDDD
RUN_RESULT:0:0:37:5:RRUUU
RUN_RESULT:0:0:38:2000:----
RUN_RESULT:0:0:39:2000:----
RUN_RESULT:0:0:40:2000:----
RUN_RESULT:0:0:41:2000:----
RUN_RESULT:0:0:42:2000:----
RUN_RESULT:0:0:43:2000:----
RUN_RESULT:0:0:44:9:RLR
RUN_RESULT:0:0:45:2000:----
RUN_RESULT:0:0:46:2000:----
RUN_RESULT:0:0:47:2000:----
RUN_RESULT:0:0:48:2000:----
RUN_RESULT:0:0:49:2000:----
RUN_RESULT:0:0:50:104:RLDDDDRRUUDDRRUUDDLLLUU
RUN_RESULT:0:0:51:10:DDLDRRLLL
RUN_RESULT:0:0:52:19:ULLLL
RUN_RESULT:0:0:53:2000:----
RUN_RESULT:0:0:54:2000:----
RUN_RESULT:0:0:55:2000:----
RUN_RESULT:0:0:56:2000:----
RUN_RESULT:0:0:57:2000:----
RUN_RESULT:0:0:58:264:DDRDRDRUU
RUN_RESULT:0:0:59:2000:----
RUN_RESULT:0:0:60:1:D
RUN_RESULT:0:0:61:2000:----
RUN_RESULT:0:0:62:2000:----
RUN_RESULT:0:0:63:2000:----
RUN_RESULT:0:0:64:2000:----
RUN_RESULT:0:0:65:2000:----
RUN_RESULT:0:0:66:95:LDUDUDURRRURUUUUUU
RUN_RESULT:0:0:67:2000:----
RUN_RESULT:0:0:68:2000:----
RUN_RESULT:0:0:69:2000:----
RUN_RESULT:0:0:70:2000:----
RUN_RESULT:0:0:71:2000:----
RUN_RESULT:0:0:72:2000:----
RUN_RESULT:0:0:73:3:DDD
RUN_RESULT:0:0:74:3:DDD
RUN_RESULT:0:0:75:2000:----
RUN_RESULT:0:0:76:2000:----
RUN_RESULT:0:0:77:2000:----
RUN_RESULT:0:0:78:2000:----
RUN_RESULT:0:0:79:1191:UUUURURDDLDRRLUUURLDDDRDRUURDDLLULUUURR
RUN_RESULT:0:0:80:432:UUURRDRDRRUUUULULLD
RUN_RESULT:0:0:81:64:RRRRRRUUURUUUU
RUN_RESULT:0:0:82:2000:----
RUN_RESULT:0:0:83:97:RRRRR
RUN_RESULT:0:0:84:2000:----
RUN_RESULT:0:0:85:2000:----
RUN_RESULT:0:0:86:53:RRLLDDDDDRUDRU
RUN_RESULT:0:0:87:22:LULDDDUUUUUUUL
RUN_RESULT:0:0:88:37:LULDDULLDDUUURUUUUL
RUN_RESULT:0:0:89:127:UULDULDRURRRDRRUUUULRDDDDLDDR
RUN_RESULT:0:0:90:2000:----
RUN_RESULT:0:0:91:2000:----
RUN_RESULT:0:0:92:2000:----
RUN_RESULT:0:0:93:2000:----
RUN_RESULT:0:0:94:2000:----
RUN_RESULT:0:0:95:2000:----
RUN_RESULT:0:0:96:2000:----
RUN_RESULT:0:0:97:463:RRUUUDL
RUN_RESULT:0:0:98:1:L
RUN_RESULT:0:0:99:2000:----
RUN_RESULT:0:0:100:2000:----
RUN_RESULT:0:0:101:2000:----
RUN_RESULT:0:0:102:2000:----
RUN_RESULT:0:0:103:2000:----
RUN_RESULT:0:0:104:2000:----
RUN_RESULT:0:0:105:2000:----
RUN_RESULT:0:0:106:2000:----
RUN_RESULT:0:0:107:2000:----
RUN_RESULT:0:0:108:2000:----
RUN_RESULT:0:0:109:2000:----
RUN_RESULT:0:0:110:2000:----
RUN_RESULT:0:0:111:2000:----
RUN_RESULT:0:0:112:188:RRRRDRLDUULDDRRDUURLLDDLL
RUN_RESULT:0:0:113:16:RRD
RUN_RESULT:0:0:114:2000:----
RUN_RESULT:0:0:115:2000:----
RUN_RESULT:0:0:116:841:LLLUUUUUURURRRRRDDDDLLLRURURRDDDDD
RUN_RESULT:0:0:117:1232:RRDDRURRDDLUURULLLLDDDRRR
RUN_RESULT:0:0:118:2000:----
RUN_RESULT:0:0:119:2000:----
RUN_RESULT:0:0:120:2000:----
RUN_RESULT:0:0:121:2000:----
RUN_RESULT:0:0:122:10:DRRRD
RUN_RESULT:0:0:123:2000:----
RUN_RESULT:0:0:124:2000:----
RUN_RESULT:0:0:125:816:RRDLLRRRRD
RUN_RESULT:0:0:126:2000:----
RUN_RESULT:0:0:127:857:DDRRRDDLLLL
RUN_RESULT:0:0:128:2000:----
RUN_RESULT:0:0:129:2000:----
RUN_RESULT:0:0:130:2000:----
RUN_RESULT:0:0:131:2000:----
RUN_RESULT:0:0:132:93:UUUURRRRRRR
RUN_RESULT:0:0:133:2000:----
RUN_RESULT:0:0:134:2000:----
RUN_RESULT:0:0:135:2000:----
RUN_RESULT:0:0:136:816:RRDLLRRRRD
RUN_RESULT:0:0:137:96:DDDDL
RUN_RESULT:0:0:138:2000:----
RUN_RESULT:0:0:139:2000:----
RUN_RESULT:0:0:140:858:DRRRRRUULUUUUURDDDDRUUUU
RUN_RESULT:0:0:141:2000:----
RUN_RESULT:0:0:142:2000:----
RUN_RESULT:0:0:143:2000:----
RUN_RESULT:0:0:144:2000:----
RUN_RESULT:0:0:145:2000:----
RUN_RESULT:0:0:146:2000:----
RUN_RESULT:0:0:147:2000:----
RUN_RESULT:0:0:148:2000:----
RUN_RESULT:0:0:149:2000:----
RUN_RESULT:0:0:150:111:ULUUL
RUN_RESULT:0:0:151:2000:----
RUN_RESULT:0:0:152:2000:----
RUN_RESULT:0:0:153:2000:----
RUN_RESULT:0:0:154:2000:----
RUN_RESULT:0:0:155:1101:DDRRRRRRULLLLDLUUUUURR
RUN_RESULT:0:0:156:2000:----
RUN_RESULT:0:0:157:636:DLLDLLLDLDL
RUN_RESULT:0:0:158:2000:----
RUN_RESULT:0:0:159:2000:----
RUN_RESULT:0:0:160:2000:----
RUN_RESULT:0:0:161:2000:----
RUN_RESULT:0:0:162:99:DDRRRRRRDDDDRD
RUN_RESULT:0:0:163:2000:----
RUN_RESULT:0:0:164:2000:----
RUN_RESULT:0:0:165:2000:----
RUN_RESULT:0:0:166:2000:----
RUN_RESULT:0:0:167:2000:----
RUN_RESULT:0:0:168:2000:----
RUN_RESULT:0:0:169:2000:----
RUN_RESULT:0:0:170:2000:----
RUN_RESULT:0:0:171:2000:----
RUN_RESULT:0:0:172:49:DDDDD
RUN_RESULT:0:0:173:26:RDLDDDLUL
RUN_RESULT:0:0:174:2000:----
RUN_RESULT:0:0:175:26:RRRRRDLULL
RUN_RESULT:0:0:176:2000:----
RUN_RESULT:0:0:177:2000:----
RUN_RESULT:0:0:178:2000:----
RUN_RESULT:0:0:179:2000:----
RUN_RESULT:0:0:180:2000:----
RUN_RESULT:0:0:181:2000:----
RUN_RESULT:0:0:182:2000:----
RUN_RESULT:0:0:183:2000:----
The time of execution is: 687.4705502986908 s
