pygame 2.2.0 (SDL 2.30.7, Python 3.8.10)
Hello from the pygame community. https://www.pygame.org/contribute.html
LEVEL:0:__________\n_........_\n_F12....._\n_....3..._\n_....V1.._\n_........_\n_........_\n_...f.l.v_\n_.....l.._\n__________
BATCH:0:0:0
TRAINING ON LEVEL:141
of 184 levels
---LEVEL STRING---
__________
_........_
_F12....._
_....3..._
_....V1.._
_........_
_........_
_...f.l.v_
_.....l.._
__________
---LEVEL STRING---
TRACK:0;-1;-1;3;2;2;0;4;6;5;3;0;2;9;17;2;17;9;2;2;4;2;6;1;20;2.103335014477768;12;0;0;13;22;-7.668720952519537;4;13;5;5;2;5;17;5;17;0;6;6;3;5;8;0;2;3;0;8;25;1;3;14;4;21;-9.338297089936082;3;0;3;16;6;23;-4.604270103971883;0;3;3;2;4;3;4;7;8.519490652411115;6;2;2;19;13;4;15;5;3;4;4;5;2;8;8;6;6;4;1;2;4;0;2;22;-0.47033164796356;15;4;22;-5.561945304903528;4;1;6;21;-4.544005521250096;4;15;3;4;0;0;24;23;-6.4909834960336195;1;8;20;2.548562313784707
TRACK:1;-1;-1;6;2;5;0;1;5;3;3;3;5;22;-5.270029621402772;4;6;6;0;4;16;5;23;-1.4402078309534172;0;4;4;2;2;2;10;7;4.752653377084123;1;24;14;4;2;24;25;2;4;5;0;4;24;1;25;14;3;4;6;1;18;8;0;0;2;0;0;3;3;1;21;4.157245846725999;10;6;0;1;19;21;1.164859095957766;3;10;5;5;4;2;15;7;5.652061783743177;2;0;3;5;3;20;5.271051350248735;3;6;2;19;9;2;2;1;6;20;-3.133737139689927;5;8;3;4;24;5;3;3;19;4;6;0;2;2;5;18;0;7;5.969695295208794;15;4;5;24;0;1;1;21;3.439746903647576;14;0;20;5.497753635554348;11;6;5;10;2;3;5;0;4;3;0;11;16;1;3;1;18;23;6.536358375759789;6;0;9;20;-5.217143615981814;3;4;6;0;6;6;22;-2.0942050041167626;4;3;16
TRACK:2;-1;-1;2;4;6;0;6;5;4;5;4;2;14;16;6;4;2;3;0;5;8;1;23;7.5724342448968365;22;-6.341252893178506;3;6;2;25;17;3;6;0;1;3;0;5;2;3;22;-9.403638057862501;0;18;20;6.135488416151119;0;1;5;24;0;23;-5.455118893619979;14;6;4;14;1;4;4;5;0;12;16;4;2;1;3;21;5.275029953305236;2;13;20;-2.4007490410047483;5;5;25;5;0;1;3;6;2;11;22;-4.483080999529577;5;1;6;11;4;22;2.9963726029786955;2;4;5;3;14;1;2;1;25;24;1;11;12;3;1;18;19
TRACK:3;-1;-1;4;4;5;6;3;6;1;3;3;3;21;-2.9449359173362444;2;2;1;24;10;3;21;-1.3320067690861581;3;4;12
TRACK:4;-1;-1;2;6;3;6;6;1;5;5;4;2;23;5.112203608748036;21;-1.681031294519018;1;2;5;1;18;12;0;0;18;20;7.9763023115476805;4;21;-6.5496271151871;2;0;2;21;-4.472903652243183;24;2;18;8;2;6;22;-5.264824262240602;3;8;2;4;1;3;5;1;1;5;6;8;0;0;24;8;5;18;2;0;2;17;8;5;12;2;1;25;22;1.764951310766632;5;17;0;6;5;0;6;3;15;0;0;23;5.6966065036826095;14;0;23;6.278991901597465;7;-8.91170996908665;6;3;5;3;4;16;0;0;6;5;2;3;4;1;22;2.4546679133395237;25;4;4;4;16;3;4;2;0;1;2;24;21;1.8676775056787154;0;9;11;0;2;12;18;6;7;0.35860209249029396;1;5;4;14;5;0;7;5.4815188526547445;15;3;3;1;4;1;1;2;23;5.932954061775346;9;2;7;2.3909594266698537;7;5.667657753449165;0;0;13;20;7.163896095886251;1;12;11;4;1;0;1;13;10;6;21;-4.685556553135724;4;0;24;8
TRACK:5;-1;-1;1;3;3;6;0;5;3;0;2;4;23;-0.20979334961644547;6;7;1.8398759358197463;1;3;12;3;22;6.159679192370568;3;0;3;4;2;9;20;-2.141949060088237;3;0;0;17;18;4;24;4;3;2;4;6;0;3;4;1;25;23;-6.629207857742081;1;5;4;12;0;6;10;2;13;24;6;0;6;4;0;1;9;9;1;22;3.772934452928494;20;2.8026342015287735;6;1;6;4;25;5;1;25;16
TRACK:6;-1;-1;1;1;6;0;5;5;3;1;1;5;12;4;23;-6.411977989793371;6;2;9;10;5;4;0;4;2;5;14;2;11;10;1;4;2;14;7;1.6332673180369923;3;3;16;3;1;4;1;2;1;4;3;24;4;2;17;23;-3.6481707428031047;3;3;2;24;9;2;5;1;2;7;1.352009608841442;9;4;13;5;3;3;11;6;4;3;4;3;1;20;-9.219452674585607;25;0;0;1;0;5;1;0;0;2;18;21;2.8017944870263083;5;19;5;6;12;1;2;0;9;23;2.8187732761335855;5;24;4;2;11;23;5.732559948138398;3;1;2;1;6;14;5;10;3;6;19;6;6;5;25;3;5;0;3;1;0;23;6.277446692918453;23;-1.0219949003484246;4;9;1;1;2;12;14;5;11;2;1;18;21;4.321395180473095;2;17;12;6;0;2;0;3;3;5;21;4.642717593915135;2;2;1;11;18;4;11;5;0;7;7.752799368107961;9;5;5;3;2;22;6.814925421353312;12;5;6;4;4;2;23;-6.9322952566969125;12;4;4;2;4;0;4;6;1;21;-0.3690097271643715;17;1;2;6;22;-1.833590149740342;0;17;9;1;2;24;25;1;11;20;0.542751881821605;5;0;6;4;6;13;6;6;6;19
TRACK:7;-1;-1;6;6;5;6;6;6;2;6;4;2;11;8;3;0;2;13;7;-1.5543348419582692;5;23;2.9631469201908605
TRACK:8;-1;-1;3;1;1;4;2;5;0;6;1;1;8;24;1;16;17;0;0;3;15;1;16;12;5;1;14;22;-2.203440329382735;6;2;6;0;6;20;1.98113777076572;2;8;16;4;0;6;13;0;8;11;5;2;6;1;6;1;4;17;2;15;7;3.881131533041632;0;2;4;22;-4.13932731001357;5;15;4;1;12;11;6;2;3;2;6;13;0;17;14;3;3;3;19;6;6;4;5;4;5;1;2;23;0.7535302133534554;17;5;19
TRACK:9;-1;-1;5;2;0;3;5;0;5;5;6;0;13;19;6;1;1;4;25;3;20;-8.08823274901651;5;5;18;0;2;5;1;5;5;0;14;17;2;0;5;21;-4.940391365545809;6;9;1;3;23;-5.2896129595343355;2;7;-6.735872057173733;23;-1.4856528822567512;4;4;5;4;0;16;16;6;3;6;3;1;1;13;12;3;10;1;0;2;3;4;3;1;0;21;-0.08667720349780872;8;6;9;2;5;6;0;1;23;-4.529609901449499;17;6;9;2;1;3;4;22;-5.574319824874825;5;5;17;5;5;6;23;0.42547295058780854;0;3;6;3;0;0;7;-6.407778521712992;22;6.363264364048472;1;18;22;-3.9058057341017545;5;4;0;6;2;19;23;6.875928577566924;3;5;13;0;1;1;0;6;1;6;9;0;13;7;7.93613255723033;1;1;4;10;3;22;-5.870697465625591;0;5;13;3;8;6;6;6;2;21;7.337326963105863;9;3;0;6;0;5;18;6;24;6;1;4;24;3;13;4;1;6;3;6;5;9;4;1;4;2;15;16;4;1;7;-7.606331615332939;24
EVAL_INSTANCE:0:0:0
EVAL_INSTANCE:0:1:1
EVAL_INSTANCE:0:2:2
EVAL_INSTANCE:0:3:3
EVAL_INSTANCE:0:4:4
EVAL_INSTANCE:0:5:5
EVAL_INSTANCE:0:6:6
EVAL_INSTANCE:0:7:7
EVAL_INSTANCE:0:8:8
EVAL_INSTANCE:0:9:9
RUN_RESULT:0:0:0:299:UUUURRURDRDDDD
RUN_RESULT:0:1:0:2000:----
RUN_RESULT:0:2:0:2000:----
RUN_RESULT:0:3:0:2000:----
RUN_RESULT:0:4:0:2000:----
RUN_RESULT:0:5:0:2000:----
RUN_RESULT:0:6:0:2000:----
RUN_RESULT:0:7:0:2000:----
RUN_RESULT:0:8:0:2000:----
RUN_RESULT:0:9:0:744:UUUURRURDRDLLLDDDRRR
=================================================
n_gen  |  n_eval  |     f_avg     |     f_min    
=================================================
     1 |       10 | -6.957000E+02 | -3.701000E+03
TRACK:10;0;7;3;2;2;0;4;6;5;3;0;2;9;17;2;17;9;2;2;4;2;6;1;20;2.103335014477768;12;0;0;13;22;-7.668720952519537;4;13;5;5;2;5;17;5;17;0;6;6;3;5;8;8;0;3;3;2;4;3;4;7;8.519490652411115;6;2;2;19;13;4;15;5;3;4;4;5;2;8;8;6;6;4;1;2;4;0;2;22;-0.47033164796356;15;4;22;-5.561945304903528;4;1;6;21;-4.544005521250096;4;15;3;4;0;0;24;23;-6.4909834960336195;1;8;20;2.548562313784707
TRACK:11;0;7;6;6;5;6;6;6;2;6;4;2;11;8;3;0;8;5;23;2.9631469201908605
TRACK:12;2;8;2;4;6;0;6;5;4;5;4;2;14;16;6;4;2;3;0;5;8;1;23;7.5724342448968365;22;-6.341252893178506;3;6;2;25;17;3;6;0;1;3;0;5;2;4;22;-4.13932731001357;5;15;0;1;5;24;0;23;-5.455118893619979;14;6;4;14;1;4;4;5;0;12;16;4;2;1;3;21;5.275029953305236;2;13;20;-2.4007490410047483;5;5;25;5;0;1;3;6;2;11;22;-4.483080999529577;5;1;6;11;4;22;2.9963726029786955;2;4;5;3;14;1;2;1;25;24;1;11;12;3;1;18;19
TRACK:13;2;8;3;1;6;0;1;3;0;5;2;3;22;-9.403638057862501;0;18;20;6.135488416151119;0;1;5;24;0;23;-5.455118893619979;14;6;4;14;1;4;4;5;0;12;16;4;2;1;3;21;5.275029953305236;2;13;20;-2.4007490410047483;5;5;25;5;0;1;3;6;2;11;22;-4.483080999529577;5;1;6;11;4;22;2.9963726029786955;2;4;5;3;14;1;2;1;25;24;1;11;12;3;1;18;19;6;6;4;5;4;5;1;2;23;0.7535302133534554;17;5;19
TRACK:14;9;0;5;2;0;3;5;0;5;5;6;0;13;19;6;1;1;4;25;3;20;-8.08823274901651;5;5;18;0;2;5;1;5;5;0;14;17;2;0;5;21;-4.940391365545809;6;9;1;3;23;-5.2896129595343355;2;7;-6.735872057173733;23;-1.4856528822567512;4;4;5;4;0;16;16;6;3;6;3;1;1;13;12;3;10;1;0;2;3;4;3;1;0;21;-0.08667720349780872;8;6;9;2;5;6;0;1;23;-4.529609901449499;17;6;9;2;1;3;4;22;-5.574319824874825;5;5;17;5;5;6;23;0.42547295058780854;0;3;6;3;0;0;7;-6.407778521712992;22;6.363264364048472;1;18;22;-3.9058057341017545;5;4;0;6;2;19;23;6.875928577566924;3;5;13;0;1;1;0;6;1;6;9;0;13;7;7.93613255723033;1;1;4;10;3;22;-5.870697465625591;0;5;13;3;23;-6.4909834960336195;6;6;6;2;21;7.337326963105863;9;3;0;6;0;5;18;6;24;6;1;4;24;3;13;4;1;6;3;6;5;9;4;1;4;2;15;16;4;1;7;-7.606331615332939;24
TRACK:15;9;0;3;2;2;0;4;6;5;3;0;2;9;17;2;17;9;2;2;4;2;6;1;20;2.103335014477768;12;0;0;13;22;-7.668720952519537;4;13;5;5;2;5;17;5;17;0;6;6;3;5;8;0;2;3;0;8;25;1;3;14;4;21;-9.338297089936082;3;0;3;16;6;23;-4.604270103971883;24;6;6;4;1;2;4;0;2;22;-0.47033164796356;15;4;22;-5.561945304903528;4;1;6;21;-4.544005521250096;4;15;3;4;0;0;24;23;-6.4909834960336195;1;8;20;2.548562313784707
TRACK:16;2;9;2;4;6;0;6;5;4;5;4;2;14;16;6;4;2;3;0;5;8;1;23;7.5724342448968365;22;-6.341252893178506;3;6;2;24;17;3;6;0;1;3;0;5;2;3;22;-9.403638057862501;0;18;20;6.135488416151119;0;1;5;24;0;23;-5.455118893619979;14;6;4;14;1;4;4;5;0;12;16;4;2;1;3;21;5.275029953305236;2;13;20;-2.4007490410047483;5;5;25;5;0;1;3;6;2;11;22;-4.483080999529577;5;1;6;11;4;22;2.9963726029786955;2;4;5;3;14;1;2;1;25;24;1;11;12;3;1;18;19
TRACK:17;2;9;5;2;0;3;5;0;5;5;6;0;13;19;6;1;1;4;25;3;20;-8.08823274901651;5;5;18;0;2;5;1;5;5;0;14;17;2;0;5;21;-4.940391365545809;6;9;1;3;23;-5.2896129595343355;2;7;-6.735872057173733;23;-1.4856528822567512;4;4;5;4;0;16;16;6;3;6;3;1;1;13;12;3;10;1;0;2;3;4;3;1;0;21;-0.08667720349780872;8;6;9;2;5;6;0;1;23;-4.529609901449499;17;6;9;2;1;3;4;22;-5.574319824874825;5;5;17;5;5;6;23;0.42547295058780854;0;3;6;3;0;0;7;-6.407778521712992;22;6.363264364048472;1;18;22;-3.9058057341017545;5;4;0;6;2;19;23;6.875928577566924;3;5;13;0;1;1;0;6;20;6.135488416151119;1;1;4;10;3;22;-5.870697465625591;0;5;13;3;8;6;6;6;2;21;7.337326963105863;9;3;0;6;0;5;18;6;24;6;1;4;24;3;13;4;1;6;3;6;5;9;4;1;4;2;15;16;4;1;7;-7.606331615332939;24
TRACK:18;4;8;2;6;3;6;6;1;5;5;4;2;23;5.112203608748036;21;-1.681031294519018;1;2;5;1;18;12;0;0;18;20;7.9763023115476805;4;21;-6.5496271151871;2;0;2;21;-4.472903652243183;24;2;18;8;2;6;22;-5.264824262240602;3;8;2;4;1;3;5;1;1;5;6;8;0;0;24;8;5;18;2;0;2;17;8;5;12;2;1;25;22;1.764951310766632;5;17;0;6;5;0;6;3;15;0;0;23;5.6966065036826095;14;0;23;6.278991901597465;7;-8.91170996908665;6;3;5;3;4;16;0;0;6;5;2;3;4;1;22;2.4546679133395237;25;4;4;4;16;3;4;2;0;1;2;24;21;1.8676775056787154;0;9;11;0;2;12;18;6;7;0.35860209249029396;5;1;14;22;-2.203440329382735;3;3;1;4;1;1;2;23;5.932954061775346;9;2;7;2.3909594266698537;7;5.667657753449165;0;0;13;20;7.163896095886251;1;12;11;4;1;0;1;13;10;6;21;-4.685556553135724;4;0;24;8
TRACK:19;4;8;3;1;1;4;2;5;0;6;1;1;8;24;1;16;17;0;0;3;15;1;16;12;5;1;14;22;-2.203440329382735;6;2;6;0;6;20;1.98113777076572;2;8;16;4;0;6;13;0;8;11;5;2;6;1;6;1;4;17;2;15;7;3.881131533041632;0;2;4;22;-4.13932731001357;5;15;4;1;12;11;6;2;3;2;6;13;0;17;18;3;3;3;19;6;6;4;5;4;5;1;2;23;0.7535302133534554;17;5;19
TRACK:20;10;-1;3;2;2;0;4;6;5;3;0;2;9;17;2;17;9;2;2;4;2;6;1;20;1.9658899880963983;12;0;0;13;22;-7.855799345201995;4;13;5;5;2;5;17;5;17;0;6;6;3;5;8;8;0;3;3;2;4;3;4;7;8.5270825503715;6;2;2;19;13;4;15;5;3;4;4;5;2;8;8;6;6;4;1;2;4;0;2;22;-0.4634722802120927;15;4;22;-5.525048827714838;4;1;6;21;-4.421554917112125;4;15;3;5;19
TRACK:21;12;-1;2;4;6;0;6;5;4;5;4;2;14;16;6;4;2;3;0;5;8;1;23;7.6714420642283105;22;-6.278845455307728;3;6;2;25;17;3;6;0;1;3;0;5;2;4;22;-4.222099397513391;5;15;0;1;5;24;0;23;-5.512762048200138;14;6;4;14;1;4;4;5;0;12;16;4;2;1;3;21;5.143138196199766;2;13;20;-2.3440340692541013;5;5;25;5;0;1;3;6;2;11;22;-4.376565370118796;5;1;6;11;4;22;2.839651145090884;0;0;1;23;-9.058350321536267;13;4;20;8.622495700612191;5;2;17;8
TRACK:22;14;-1;5;2;0;3;5;0;5;5;6;0;13;19;6;1;1;4;25;3;20;-8.14397600992537;1;9;17;0;2;5;1;5;5;0;14;17;2;0;5;21;-4.979144723967485;6;9;1;3;23;-5.147831522753103;2;7;-6.759287170941024;23;-1.458363604568611;4;4;5;4;0;16;16;6;3;6;3;1;1;13;12;3;10;1;0;2;3;4;3;1;0;21;-0.39182915333169704;8;6;9;2;5;6;0;1;23;-4.481067350796047;17;6;9;2;1;3;4;22;-5.470060060690875;5;5;17;5;5;6;23;0.4298477491299133;0;3;6;3;0;0;7;-6.4801808573815345;22;6.335771648497794;1;18;22;-3.9607195439784184;5;4;0;6;2;19;23;6.918597023210058;3;5;13;0;1;1;0;6;1;6;9;0;13;7;7.825366020437118;1;1;4;10;3;22;-5.764388683304662;0;5;13;3;23;-6.4870381275589475;6;6;6;2;21;7.3740766295253435;9;3;0;6;0;5;18;6;24;6;1;4;24;3;13;4;1;6;3;6;5;9;4;1;4;2;15;16;4;1;7;-7.51432485919469;24
TRACK:23;16;-1;2;4;6;0;6;5;4;5;4;2;14;16;6;4;2;3;0;5;8;1;23;7.588304388336353;22;-6.405899534473931;3;6;2;24;17;3;6;0;1;3;0;5;2;3;22;-9.306555615337807;0;18;20;6.22847773051217;0;1;5;24;0;23;-5.5266767618049615;14;6;4;14;1;4;4;5;0;12;16;4;2;1;3;21;5.302693839128183;2;13;20;-2.2861232053902634;5;2;17;10;5;0;1;3;6;2;11;22;-4.468714467625681;5;1;6;11;4;22;2.8558827239627154;2;4;5;3;14;1;2;1;25;24;1;11;12;3;1;18;19
TRACK:24;18;-1;2;6;3;6;6;1;5;5;4;2;23;5.071775317408073;21;-1.5997402268763659;1;2;5;1;18;12;0;0;18;20;7.886510697695157;4;21;-6.560579227173193;2;0;2;21;-4.3509218560204035;24;2;18;8;2;6;22;-5.303927590019428;3;8;2;4;1;3;5;1;1;5;6;8;0;0;24;8;5;18;2;0;2;17;8;5;12;2;1;25;22;1.8326559695210738;5;17;0;6;5;0;6;3;15;0;0;23;5.737547527644877;14;0;23;6.219286865999219;7;-9.073401719572837;6;3;5;3;4;16;0;0;6;5;2;3;4;1;22;2.284656927027164;25;4;4;4;16;3;4;2;0;1;2;24;21;1.8562883104068257;0;9;11;0;2;12;18;6;7;0.34075981762087254;5;1;14;22;-2.2770538949611123;3;3;1;4;1;1;2;23;6.0408175534116495;9;2;7;2.3182079251317034;7;5.472669002535891;0;0;13;20;7.222847673240645;4;16;4;1;0;1;13;10;6;21;-4.775284607236318;4;0;24;8
TRACK:25;11;-1;6;6;5;6;6;6;2;3;2;20;1.0695774993113574;10;3;0;8;5;23;2.9585160254594367
TRACK:26;13;-1;3;1;6;0;1;3;0;5;2;3;22;-9.470547645494005;0;19;20;6.142409223502811;0;1;5;24;0;23;-5.45263645459715;14;6;4;14;1;4;4;5;0;12;16;4;2;1;3;21;5.397359292164618;2;13;20;-2.2748331925348486;5;5;25;5;0;1;3;6;2;11;22;-4.474058570178878;5;1;6;11;4;22;3.119803786553173;2;4;5;3;14;1;2;1;25;24;1;11;12;3;1;18;19;6;6;4;5;4;5;1;2;23;0.7057237767202968;17;5;19
TRACK:27;15;-1;3;2;2;0;4;6;5;3;0;2;9;17;2;17;9;2;2;4;2;6;1;20;2.214804988293443;12;0;0;13;22;-7.67976423677075;4;13;5;5;2;5;17;5;17;0;6;6;3;5;8;0;2;3;0;8;25;1;3;14;4;21;-9.278510902160232;3;0;3;16;6;23;-4.554171174797225;24;6;6;4;1;2;4;0;2;22;-0.5470457075471777;15;4;22;-5.511369229446832;4;1;6;21;-4.470783652488233;4;15;3;4;0;6;8;1;8;20;2.510937239790671
TRACK:28;17;-1;5;2;0;3;5;0;5;5;6;0;13;19;6;1;1;4;25;3;20;-8.053504769765333;5;5;18;0;2;5;1;5;5;0;14;17;2;0;5;21;-4.83653046558908;6;9;1;3;23;-5.149050672263532;2;7;-6.894689899346273;23;-1.4599306255416833;4;4;5;4;0;16;16;6;3;6;3;1;1;13;12;3;10;1;0;2;3;4;3;1;0;21;-0.007178086602746533;8;6;9;2;5;6;0;1;23;-4.508511150022563;17;6;9;2;1;3;4;22;-5.6391352937739425;5;5;17;5;5;6;23;0.34097844894722995;0;3;6;3;0;0;7;-6.613004749333083;22;6.428024530109923;1;18;22;-4.002470732286655;5;4;0;6;2;19;23;6.90432296886007;3;5;13;0;1;1;0;6;20;6.1024461532900025;1;1;4;10;3;22;-5.693478109498268;0;5;13;3;8;6;6;6;2;21;7.323173753586707;9;3;0;6;0;5;18;6;24;6;1;4;24;3;12;4;1;6;3;6;5;9;4;1;4;2;15;16;4;1;7;-7.563411561907419;24
TRACK:29;19;-1;3;1;1;4;2;5;0;6;1;1;8;24;1;16;17;0;0;3;15;1;16;12;5;1;14;22;-2.427501959868084;6;2;6;0;6;20;1.8601409998424483;2;8;16;4;0;6;25;0;8;11;5;2;6;1;6;1;4;17;2;15;7;3.95846118126191;0;2;4;22;-4.172336991266748;5;15;4;1;12;11;6;2;3;2;6;13;0;17;18;3;3;3;19;6;6;4;5;4;5;1;2;23;0.8065889885848252;17;5;19
EVAL_INSTANCE:1:0:20
EVAL_INSTANCE:1:1:21
EVAL_INSTANCE:1:2:22
EVAL_INSTANCE:1:3:23
EVAL_INSTANCE:1:4:24
EVAL_INSTANCE:1:5:25
EVAL_INSTANCE:1:6:26
EVAL_INSTANCE:1:7:27
EVAL_INSTANCE:1:8:28
EVAL_INSTANCE:1:9:29
RUN_RESULT:1:0:0:299:UUUURRURDRDDDD
RUN_RESULT:1:1:0:2000:----
RUN_RESULT:1:2:0:859:UUUURRURDRDLLLLDDDRRRR
RUN_RESULT:1:3:0:2000:----
RUN_RESULT:1:4:0:2000:----
RUN_RESULT:1:5:0:2000:----
RUN_RESULT:1:6:0:2000:----
RUN_RESULT:1:7:0:2000:----
RUN_RESULT:1:8:0:1143:UUUURRURDRDLLLLDDRRRRD
RUN_RESULT:1:9:0:2000:----
     2 |       20 | -1.665600E+03 | -3.701000E+03
TRACK:30;5;28;1;3;3;6;0;5;3;0;2;4;23;-0.20979334961644547;6;7;1.8398759358197463;1;3;12;3;22;6.159679192370568;3;0;3;4;2;9;20;-2.141949060088237;3;0;0;17;18;4;24;4;3;2;4;6;0;3;4;1;25;23;-6.629207857742081;1;5;23;6.90432296886007;0;6;10;2;13;24;6;0;6;4;0;1;9;9;1;22;3.772934452928494;20;2.8026342015287735;6;1;6;4;25;5;1;25;16
TRACK:31;5;28;5;2;0;3;5;0;5;5;6;0;13;19;6;1;1;4;25;3;20;-8.053504769765333;5;5;18;0;2;5;1;5;5;0;14;17;2;0;5;21;-4.83653046558908;6;9;1;3;23;-5.149050672263532;2;7;-6.894689899346273;23;-1.4599306255416833;4;4;5;4;0;16;16;6;3;6;3;1;1;13;12;3;10;1;0;2;3;4;3;1;0;21;-0.007178086602746533;8;6;9;2;5;6;0;1;23;-4.508511150022563;17;6;9;2;1;3;4;22;-5.6391352937739425;5;5;17;5;5;6;23;0.34097844894722995;0;3;6;3;0;0;7;-6.613004749333083;22;6.428024530109923;1;18;22;-4.002470732286655;5;4;0;6;2;19;23;6.90432296886007;3;5;13;0;1;1;0;6;20;6.1024461532900025;1;1;4;10;3;22;-5.693478109498268;0;5;13;3;8;6;6;6;2;21;7.323173753586707;9;3;0;6;0;5;18;6;24;6;1;4;24;3;12;4;1;23;-0.20979334961644547;4;1;4;2;15;16;4;1;7;-7.563411561907419;24
TRACK:32;2;9;2;4;6;0;6;5;4;5;4;2;14;16;6;4;2;3;0;5;8;1;23;7.5724342448968365;22;-6.341252893178506;3;6;2;25;17;3;6;0;1;3;0;5;2;3;22;-9.403638057862501;0;18;20;6.135488416151119;0;1;5;24;0;23;-5.455118893619979;14;6;4;14;1;4;4;5;0;12;16;4;2;1;3;21;5.275029953305236;2;13;20;-2.4007490410047483;5;5;25;5;0;1;3;6;2;11;22;-4.483080999529577;5;1;6;11;4;22;2.9963726029786955;2;4;5;3;14;1;2;1;25;24;1;11;7;-6.735872057173733;3;1;18;19
TRACK:33;2;9;5;2;0;3;5;0;5;5;6;22;-9.403638057862501;6;1;1;4;25;3;20;-8.08823274901651;5;5;18;0;2;5;1;5;5;0;14;17;2;0;5;21;-4.940391365545809;6;9;1;3;23;-5.2896129595343355;2;7;-6.735872057173733;23;-1.4856528822567512;4;4;5;4;0;16;16;6;3;6;3;1;1;13;12;3;10;1;0;2;3;4;3;1;0;21;-0.08667720349780872;8;6;9;2;5;6;0;1;23;-4.529609901449499;17;6;9;2;1;3;4;22;-5.574319824874825;5;5;17;5;5;6;23;0.42547295058780854;0;3;6;3;0;0;7;-6.407778521712992;22;6.363264364048472;1;18;22;-3.9058057341017545;5;4;0;6;2;19;23;6.875928577566924;3;5;13;0;1;1;0;6;1;6;9;0;13;7;7.93613255723033;1;1;4;10;3;22;-5.870697465625591;0;5;13;3;8;6;6;6;2;21;7.337326963105863;9;3;0;6;0;5;18;6;24;6;1;4;24;3;13;4;1;6;3;6;5;9;4;1;4;2;15;16;4;1;7;-7.606331615332939;24
TRACK:34;0;1;3;2;2;0;4;6;5;3;0;2;9;17;2;17;9;2;2;4;2;6;1;20;2.103335014477768;12;0;0;13;22;-7.668720952519537;4;13;5;5;2;5;17;5;17;0;6;6;3;5;8;0;2;3;0;8;25;1;3;14;4;21;-9.338297089936082;3;0;3;16;6;23;-4.604270103971883;0;3;3;2;4;3;4;7;8.519490652411115;6;2;2;19;13;4;15;5;3;4;4;5;2;8;8;6;4;3;16
TRACK:35;0;1;6;2;5;0;1;5;3;3;3;5;22;-5.270029621402772;4;6;6;0;4;16;5;23;-1.4402078309534172;0;4;4;2;2;2;9;7;4.752653377084123;1;24;14;4;2;24;25;2;4;5;0;4;24;1;25;14;3;4;6;1;18;8;0;0;2;0;0;3;3;1;21;4.157245846725999;10;6;0;1;19;21;1.164859095957766;3;10;5;5;4;2;15;7;5.652061783743177;2;0;3;5;3;20;5.271051350248735;3;6;2;19;9;2;2;1;6;20;-3.133737139689927;5;8;3;4;24;5;3;3;19;4;6;0;2;2;5;18;0;7;5.969695295208794;15;4;5;24;0;1;1;21;3.439746903647576;14;0;20;5.497753635554348;11;6;5;10;2;3;5;0;4;3;0;11;16;1;3;1;18;23;6.536358375759789;6;0;9;20;-5.217143615981814;3;4;6;0;6;6;22;-2.0942050041167626;4;3;16
TRACK:36;22;28;5;2;0;3;5;0;5;5;6;0;13;19;6;1;1;4;25;3;20;-8.14397600992537;1;9;17;0;2;5;1;5;5;0;14;17;2;0;5;21;-4.979144723967485;6;9;1;3;23;-5.147831522753103;2;7;-6.759287170941024;23;-1.458363604568611;4;4;5;4;0;16;16;6;3;6;3;1;1;13;12;3;10;1;0;2;3;4;3;1;0;21;-0.39182915333169704;8;6;9;2;5;6;0;1;23;-4.481067350796047;17;6;9;2;1;3;4;22;-5.470060060690875;5;5;17;5;5;6;23;0.4298477491299133;0;3;6;3;0;0;7;-6.4801808573815345;22;6.335771648497794;1;18;22;-3.9607195439784184;5;4;0;6;2;19;23;6.918597023210058;3;5;13;0;1;1;0;6;1;6;9;0;13;7;7.825366020437118;1;1;4;10;3;22;-5.764388683304662;0;5;13;3;23;-6.4870381275589475;6;6;6;2;21;7.3740766295253435;9;3;0;6;0;5;18;6;24;6;1;4;24;3;13;4;1;6;3;6;5;9;4;1;4;2;15;16;4;1;7;-7.51432485919469;7;-6.613004749333083
TRACK:37;22;28;5;2;0;3;5;0;5;5;6;0;13;19;6;1;1;4;25;3;20;-8.053504769765333;5;5;18;0;2;5;1;5;5;0;14;17;2;0;5;21;-4.83653046558908;6;9;1;3;23;-5.149050672263532;2;7;-6.894689899346273;23;-1.4599306255416833;4;4;5;4;0;16;16;6;3;6;3;1;1;13;12;3;10;1;0;2;3;4;3;1;0;21;-0.007178086602746533;8;6;9;2;5;6;0;1;23;-4.508511150022563;17;6;9;2;1;3;4;22;-5.6391352937739425;5;5;17;5;5;6;23;0.34097844894722995;0;3;6;3;0;0;7;-6.613004749333083;22;6.428024530109923;1;18;22;-4.002470732286655;5;4;0;6;2;19;23;6.90432296886007;3;5;13;0;1;1;0;6;20;6.1024461532900025;1;1;4;10;3;22;-5.693478109498268;0;5;13;3;24;6;6;6;2;21;7.323173753586707;9;3;0;6;0;5;18;6;24;6;1;4;24;3;12;4;1;6;3;6;5;9;4;1;4;2;15;16;4;1;7;-7.563411561907419;24
TRACK:38;20;0;3;2;2;0;4;6;5;3;0;2;9;17;2;17;9;2;2;4;2;6;1;20;1.9658899880963983;12;0;0;13;22;-7.855799345201995;4;13;5;5;2;5;17;5;17;0;6;6;3;5;8;8;0;3;3;2;4;3;4;22;-5.561945304903528;6;2;2;19;13;4;15;5;3;4;4;5;2;8;8;6;6;4;1;2;4;0;2;22;-0.4634722802120927;15;4;22;-5.525048827714838;4;1;6;21;-4.421554917112125;4;15;3;5;19
TRACK:39;20;0;3;2;2;0;4;6;5;3;0;2;9;17;2;17;9;2;2;4;2;6;1;20;2.103335014477768;12;0;0;13;22;-7.668720952519537;15;5;5;2;5;17;5;17;0;6;6;3;5;8;0;2;3;0;8;25;1;3;14;4;21;-9.338297089936082;3;0;3;16;6;23;-4.604270103971883;0;3;3;2;4;3;4;7;8.519490652411115;6;2;2;19;13;4;15;5;3;4;4;5;2;8;8;6;6;4;1;2;4;0;2;22;-0.47033164796356;15;4;22;-5.561945304903528;4;1;6;21;-4.544005521250096;4;15;3;4;0;0;24;23;-6.4909834960336195;1;8;20;2.548562313784707
TRACK:40;30;-1;1;3;3;6;0;5;3;0;2;4;23;-0.20599740218161797;6;7;1.8422380755474936;1;3;12;3;22;6.078315900895932;3;0;3;4;2;9;20;-2.1076379350163474;3;0;1;18;19;4;24;4;3;2;4;6;0;3;4;1;25;23;-6.506249987450636;1;5;23;6.846739036933037;0;6;10;2;13;24;6;0;6;4;0;1;9;9;1;22;3.631374764318885;20;2.8465515465790525;6;1;6;4;25;5;1;25;16
TRACK:41;32;-1;2;4;6;0;6;5;4;5;4;2;14;16;6;4;2;3;0;5;8;1;23;7.4861251366745165;22;-6.3355332155644515;3;6;2;25;17;3;6;0;1;3;0;5;2;3;22;-9.355422969290572;0;18;20;6.135760298622002;3;2;4;22;-0.802543598716241;4;25;1;4;4;5;0;12;16;4;2;1;3;21;5.262926234884313;2;13;20;-2.451675570648281;5;5;25;5;0;1;3;6;2;11;22;-4.384398783372746;5;1;6;11;4;22;2.84568443373021;2;4;5;3;14;1;2;1;25;24;1;11;7;-6.522599075371836;3;1;18;19
TRACK:42;34;-1;3;2;2;0;4;6;5;3;0;2;9;17;2;17;9;2;2;4;2;6;1;20;2.121631901701733;12;0;0;13;22;-7.771169404656229;4;13;5;5;2;5;17;5;17;0;6;6;3;5;8;0;2;3;0;8;25;1;3;14;4;21;-9.543985416272326;3;0;3;16;6;23;-4.567061680244733;0;3;3;2;4;3;4;7;8.491255372828935;6;2;2;19;13;4;15;5;2;15;16;6;4;3;16
TRACK:43;36;-1;5;2;0;3;5;0;5;5;6;0;13;19;6;1;1;4;25;3;20;-8.213359448528536;1;9;17;0;2;5;1;5;5;0;14;17;2;0;5;21;-4.877274629633368;6;9;1;3;23;-5.087512637495874;2;7;-6.782185565177584;23;-1.5269596243576573;4;4;5;4;0;16;16;6;3;6;3;1;1;13;12;3;10;1;0;2;3;4;3;1;0;21;-0.3410143379983369;8;6;9;2;5;6;0;1;23;-4.478017497629268;17;6;9;2;1;3;4;22;-5.582091787846759;5;5;17;5;5;6;23;0.3022066603949253;0;3;6;3;0;0;7;-6.242751205463023;22;6.306425045882635;1;18;22;-3.9697974198689034;5;4;0;6;2;19;23;6.9364587372538296;3;5;25;0;1;1;0;6;1;6;9;0;13;7;7.834255965843201;1;1;4;10;3;22;-5.880588658590322;0;5;13;3;23;-6.6345015344029274;6;6;6;2;21;7.4172549206943925;9;3;0;6;0;5;18;6;24;6;1;4;24;3;13;4;1;6;3;6;5;9;4;1;4;2;15;16;4;1;7;-7.541761285340693;7;-6.6195855748539705
TRACK:44;38;-1;3;2;2;6;3;6;3;3;17;0;3;3;2;4;3;4;22;-5.599262149434234;6;2;2;19;13;4;15;5;3;4;4;5;2;8;8;6;6;4;1;2;4;0;2;22;-0.3613411508358231;15;4;22;-5.439120602670104;4;1;6;21;-4.2956552435190325;4;15;3;5;19
TRACK:45;31;-1;5;2;0;3;5;0;5;5;6;0;13;19;6;1;1;4;25;3;20;-8.161044122754037;5;5;18;0;2;5;1;5;5;0;14;17;2;0;5;21;-4.704121948910798;6;9;1;3;23;-5.111854524958082;2;7;-7.062598149493821;23;-1.5020636823503146;4;4;5;4;0;16;16;6;3;6;3;1;1;13;12;3;10;1;0;2;3;4;3;1;0;21;0.08150523402514265;8;6;9;2;5;6;0;1;23;-4.40830593048697;17;6;9;2;1;3;4;22;-5.624382300658099;5;5;17;5;5;6;23;0.5383166466810918;0;3;6;3;0;0;7;-6.5698586976888675;22;6.4900149788357;1;18;22;-3.966969707984161;5;4;0;6;2;19;23;6.902139352945004;3;5;13;0;1;1;0;6;20;6.14513238412736;1;1;4;10;3;22;-5.717155114017139;0;5;13;3;8;6;6;6;2;21;7.26341397526756;9;3;0;6;0;5;18;6;24;5;3;0;16;22;0.04261991472904114;4;1;23;-0.09365617361713989;4;1;4;2;15;16;4;1;7;-7.510074148762773;24
TRACK:46;33;-1;5;2;0;3;5;0;5;5;6;22;-9.258372103744597;6;1;1;4;25;3;20;-8.242749505263985;5;5;18;0;2;5;1;5;5;0;14;17;2;0;5;21;-4.895806001297515;6;9;1;3;23;-5.1712229285652915;2;7;-6.676130422466865;23;-1.459572609801224;4;4;5;4;0;16;16;6;3;6;3;1;1;13;12;3;10;1;0;2;3;4;3;1;0;21;0.007257263518142917;8;0;11;21;3.5239383830626974;2;5;6;0;1;23;-4.433199968396298;17;6;9;2;1;3;4;22;-5.48076717859279;5;5;17;5;5;6;23;0.5397312822408313;0;3;6;3;0;0;7;-6.337658530109167;22;6.378165768109899;1;18;22;-4.012074368910071;5;4;0;6;2;19;23;6.8003221081052025;3;5;13;0;1;1;0;6;1;6;9;0;13;7;8.001591305055497;1;1;4;10;3;22;-6.00320054821388;0;5;13;3;8;6;6;6;2;21;7.387473920551972;9;3;0;6;0;5;18;6;24;6;1;4;24;3;13;4;1;6;3;6;5;9;4;1;4;2;15;16;4;1;7;-7.5019348817553935;24
TRACK:47;35;-1;6;2;5;0;1;5;3;3;3;5;22;-5.330796499776565;4;6;6;0;4;16;5;23;-1.427708406124426;0;4;4;2;2;2;9;7;4.676432212855491;1;24;14;4;2;24;25;2;4;5;0;4;24;1;25;14;3;4;6;1;18;8;0;0;2;0;0;3;3;1;21;4.256523944968619;10;6;0;1;19;21;0.8414496588895438;3;10;5;5;4;2;15;7;5.60336621603208;2;0;3;5;3;20;5.308335277168896;3;6;2;19;9;2;2;1;6;20;-3.235541796711547;5;8;3;4;24;5;3;3;19;4;6;0;2;2;5;18;0;7;6.025876127116745;15;4;5;24;0;1;1;21;3.472242325892957;14;0;20;5.493992045685379;11;6;5;10;2;3;5;0;4;3;0;11;16;1;3;1;18;23;6.437975136046949;6;0;9;20;-5.259526746928862;3;0;5;14;0;15;25
TRACK:48;37;-1;5;2;0;3;5;0;5;5;6;0;13;19;6;1;1;4;25;3;20;-8.075836390469236;5;5;18;0;2;5;1;5;5;0;14;17;2;0;5;21;-4.872238750204514;6;9;1;3;23;-5.243824135307108;2;7;-7.1113305119814365;23;-1.5459512600704097;4;4;5;4;0;16;16;6;3;6;3;1;1;13;12;3;10;1;0;2;3;4;3;1;0;21;0.11435013211348607;8;6;9;2;6;2;5;25;4;17;2;1;3;4;22;-5.6957180957278055;5;5;17;5;5;6;23;0.44325502464896227;0;3;6;3;0;0;7;-6.63419669367755;22;6.417967313754386;1;18;22;-4.125828223355118;5;4;0;6;2;19;23;6.926100285047586;3;5;13;0;1;1;0;6;20;6.249778200964154;1;1;4;10;3;22;-5.6829686620586894;0;5;13;3;24;6;6;6;2;21;7.299357675298982;9;3;0;6;0;5;18;6;24;6;1;4;24;3;12;4;1;6;3;6;5;9;4;1;4;2;15;16;4;1;7;-7.493801669227836;24
TRACK:49;39;-1;3;2;2;0;4;6;5;3;0;2;9;17;2;17;9;2;2;4;2;6;1;20;2.1098190125857;12;0;0;13;22;-7.612119283205012;15;5;5;2;5;17;5;17;0;6;6;3;5;8;0;2;3;0;8;25;1;3;14;4;21;-9.224701231563493;3;0;3;16;6;23;-4.516171817121709;0;3;3;2;4;3;4;7;8.512711591586124;6;2;2;19;13;4;15;5;3;4;4;5;2;8;8;6;6;4;1;2;4;0;2;22;-0.4895868657694466;7;3.7149463886955267;4;22;-5.662438240380322;4;1;6;21;-4.515580796693804;4;15;3;4;0;0;24;23;-6.533255809464087;1;8;20;2.5821987645373965
EVAL_INSTANCE:2:0:40
EVAL_INSTANCE:2:1:41
EVAL_INSTANCE:2:2:42
EVAL_INSTANCE:2:3:43
EVAL_INSTANCE:2:4:44
EVAL_INSTANCE:2:5:45
EVAL_INSTANCE:2:6:46
EVAL_INSTANCE:2:7:47
EVAL_INSTANCE:2:8:48
EVAL_INSTANCE:2:9:49
RUN_RESULT:2:0:0:2000:----
RUN_RESULT:2:1:0:2000:----
RUN_RESULT:2:2:0:299:UUUURRURDRDDDD
RUN_RESULT:2:3:0:744:UUUURRURDRDLLLDDDRRR
RUN_RESULT:2:4:0:2000:----
RUN_RESULT:2:5:0:2000:----
RUN_RESULT:2:6:0:2000:----
RUN_RESULT:2:7:0:2000:----
RUN_RESULT:2:8:0:1143:UUUURRURDRDLLLLDDDRRRR
RUN_RESULT:2:9:0:299:UUUURRURDRDDDD
     3 |       30 | -3.017100E+03 | -3.701000E+03
TRACK:50;49;0;3;2;2;0;4;6;5;3;0;2;9;17;2;17;9;2;2;4;2;6;1;20;2.1098190125857;12;0;0;13;22;-7.612119283205012;15;5;5;2;5;17;5;17;0;6;6;3;5;8;0;2;3;0;8;25;1;3;14;4;21;-9.224701231563493;3;0;3;16;6;23;-4.516171817121709;0;3;3;2;4;3;4;7;8.512711591586124;6;2;2;19;13;4;15;5;3;4;4;5;2;8;8;6;6;4;1;2;4;0;2;22;-0.4895868657694466;7;3.7149463886955267;4;22;-5.662438240380322;4;1;6;21;-4.515580796693804;4;15;4;13
TRACK:51;49;0;3;2;2;0;4;6;5;3;0;2;9;17;2;17;9;2;2;4;2;6;1;20;2.103335014477768;12;0;0;13;22;-7.668720952519537;4;13;5;5;2;5;17;5;17;0;6;6;3;5;8;0;2;3;0;8;25;1;3;17;4;21;-9.338297089936082;3;0;3;16;6;23;-4.604270103971883;0;3;3;2;4;3;4;7;8.519490652411115;6;2;2;19;13;4;15;5;3;4;4;5;2;8;8;6;6;4;1;2;4;0;2;22;-0.47033164796356;15;4;22;-5.561945304903528;4;1;6;21;-4.544005521250096;4;15;3;4;0;0;24;23;-6.4909834960336195;1;8;20;2.548562313784707
TRACK:52;28;42;5;2;0;3;5;0;5;5;6;0;13;19;6;1;6;23;-4.567061680244733;5;5;18;0;2;5;1;5;5;0;14;17;2;0;5;21;-4.83653046558908;6;9;1;3;23;-5.149050672263532;2;7;-6.894689899346273;23;-1.4599306255416833;4;4;5;4;0;16;16;6;3;6;3;1;1;13;12;3;10;1;0;2;3;4;3;1;0;21;-0.007178086602746533;8;6;9;2;5;6;0;1;23;-4.508511150022563;17;6;9;2;1;3;4;22;-5.6391352937739425;5;5;17;5;5;6;23;0.34097844894722995;0;3;6;3;0;0;7;-6.613004749333083;22;6.428024530109923;1;18;22;-4.002470732286655;5;4;0;6;2;19;23;6.90432296886007;3;5;13;0;1;1;0;6;20;6.1024461532900025;1;1;4;10;3;22;-5.693478109498268;0;5;13;3;8;6;6;6;2;21;7.323173753586707;9;3;0;6;0;5;18;6;24;6;1;4;24;3;12;4;1;6;3;6;5;9;4;1;4;2;15;16;4;1;7;-7.563411561907419;24
TRACK:53;28;42;3;2;2;0;4;6;5;3;0;2;9;17;2;17;9;2;2;4;2;6;1;20;2.121631901701733;12;0;0;23;-4.508511150022563;22;-7.771169404656229;4;13;5;5;2;5;17;5;17;0;6;6;3;5;8;0;2;3;0;8;25;1;3;14;4;21;-9.543985416272326;3;0;3;16;6;23;-4.567061680244733;0;3;3;2;4;3;4;7;8.491255372828935;6;2;2;19;13;4;15;5;2;15;16;6;4;3;16
TRACK:54;43;0;5;2;0;3;5;0;5;5;6;0;13;19;6;1;1;4;25;3;20;-8.213359448528536;1;9;17;0;2;5;1;5;5;0;14;17;2;0;5;21;-4.877274629633368;6;9;4;13;4;4;5;4;0;16;16;6;3;6;3;1;1;13;12;3;10;1;0;2;3;4;3;1;0;21;-0.3410143379983369;8;6;9;2;5;6;0;1;23;-4.478017497629268;17;6;9;2;1;3;4;22;-5.582091787846759;5;5;17;5;5;6;23;0.3022066603949253;0;3;6;3;0;0;7;-6.242751205463023;22;6.306425045882635;1;18;22;-3.9697974198689034;5;4;0;6;2;19;23;6.9364587372538296;3;5;25;0;1;1;0;6;1;6;9;0;13;7;7.834255965843201;1;1;4;10;3;22;-5.880588658590322;0;5;13;3;23;-6.6345015344029274;6;6;6;2;21;7.4172549206943925;9;3;0;6;0;5;18;6;24;6;1;4;24;3;13;4;1;6;3;6;5;9;4;1;4;2;15;16;4;1;7;-7.541761285340693;7;-6.6195855748539705
TRACK:55;43;0;3;2;2;0;4;6;5;3;0;2;9;17;2;17;9;2;2;4;2;6;1;20;2.103335014477768;12;0;0;13;22;-7.668720952519537;4;13;5;5;2;5;17;5;17;0;6;6;3;5;8;0;2;3;0;8;25;1;3;14;4;21;-9.338297089936082;3;0;3;16;6;23;-4.604270103971883;0;3;3;2;4;3;4;19;6;2;2;19;13;4;15;5;3;4;4;5;2;8;8;6;6;4;1;2;4;0;2;22;-0.47033164796356;15;4;22;-5.561945304903528;4;1;6;21;-4.544005521250096;4;15;3;4;0;0;24;23;-6.4909834960336195;1;8;20;2.548562313784707
TRACK:56;49;48;3;2;2;0;4;6;5;3;0;2;9;17;2;17;9;2;2;4;2;6;1;20;2.1098190125857;12;0;0;13;22;-7.612119283205012;15;5;5;2;5;17;5;17;0;6;6;3;5;8;0;2;3;0;8;25;1;3;14;4;21;-9.224701231563493;3;0;3;16;6;23;-4.516171817121709;0;3;3;2;4;3;4;7;8.512711591586124;6;2;2;19;13;4;15;5;3;4;4;5;2;8;8;6;6;4;1;2;4;0;3;24;4;22;-5.662438240380322;4;1;6;21;-4.515580796693804;4;15;3;4;0;0;24;23;-6.533255809464087;1;8;20;2.5821987645373965
TRACK:57;49;48;5;2;0;3;5;0;5;5;6;0;13;19;6;1;1;4;25;3;20;-8.075836390469236;5;5;18;0;2;5;1;5;5;0;14;17;2;0;5;21;-4.872238750204514;6;9;1;3;23;-5.243824135307108;2;7;-7.1113305119814365;23;-1.5459512600704097;4;4;5;4;0;16;16;6;3;6;3;1;1;13;12;3;10;1;0;2;3;4;3;1;0;21;0.11435013211348607;8;6;9;2;6;2;5;25;4;17;2;1;3;4;22;-5.6957180957278055;5;5;17;5;5;6;23;0.44325502464896227;0;3;6;3;0;0;7;-6.63419669367755;8;1;18;22;-4.125828223355118;5;4;0;6;2;19;23;6.926100285047586;3;5;13;0;1;1;0;6;20;6.249778200964154;1;1;4;10;3;22;-5.6829686620586894;0;5;13;3;24;6;6;6;2;21;7.299357675298982;9;3;0;6;0;5;18;6;24;6;1;4;24;3;12;4;1;6;3;6;5;9;4;1;4;2;15;16;4;1;7;-7.493801669227836;24
TRACK:58;42;20;3;2;2;0;4;6;5;3;0;2;9;17;2;17;9;2;2;4;2;6;1;20;2.121631901701733;12;0;0;13;22;-7.771169404656229;4;13;5;5;2;5;17;5;17;0;6;6;3;5;8;22;-5.525048827714838;0;3;3;2;4;3;4;7;8.491255372828935;6;2;2;19;13;4;15;5;2;15;16;6;4;3;16
TRACK:59;42;20;3;2;2;0;4;6;5;3;0;2;9;17;2;17;9;2;2;4;2;6;1;20;1.9658899880963983;12;0;0;13;22;-7.855799345201995;4;13;5;5;2;5;17;5;17;0;6;6;3;5;23;-4.567061680244733;8;0;3;3;2;4;3;4;7;8.5270825503715;6;2;2;19;13;4;15;5;3;4;4;5;2;8;8;6;6;4;1;2;4;0;2;22;-0.4634722802120927;15;4;22;-5.525048827714838;4;1;6;21;-4.421554917112125;4;15;3;5;19
TRACK:60;50;-1;3;2;2;0;4;6;5;3;0;2;9;17;2;17;9;2;2;4;2;6;1;20;1.9959763550788845;12;0;0;13;22;-7.669689548117454;15;5;5;2;5;17;5;17;0;6;6;3;5;8;0;2;3;0;8;25;1;3;14;4;21;-9.259555015401801;3;4;6;10;0;3;3;2;4;3;4;7;8.66367362382159;6;2;2;19;13;4;15;5;3;4;4;5;2;8;8;6;6;4;1;2;4;0;2;22;-0.5374395888679485;7;3.4905745097479652;4;22;-5.666203870739625;4;1;6;21;-4.534503622842499;4;15;4;13
TRACK:61;52;-1;5;2;0;3;5;0;5;5;6;0;13;19;6;1;6;23;-4.552864016401993;5;5;18;0;2;5;1;5;5;0;14;17;2;0;5;21;-4.674188590183775;6;9;1;3;23;-5.101812869286575;2;7;-6.826428900308987;22;-7.4572631263762235;4;4;5;4;0;16;16;6;3;6;3;1;1;13;12;3;10;1;0;2;3;4;3;1;0;21;0.14366218734735403;8;6;9;2;5;6;0;1;23;-4.503640258204812;17;6;9;2;1;3;4;22;-5.788975120966579;5;5;17;5;5;6;23;0.25500339409561446;0;3;6;3;0;0;7;-6.748227597885218;22;6.528785838880867;1;18;22;-3.903434804696512;5;4;0;6;2;19;23;6.8948416404793385;3;5;13;0;1;1;0;6;20;6.059894487539711;1;1;4;10;3;22;-5.571169461927827;0;5;13;3;8;6;6;6;2;21;7.3336104653624945;9;3;0;6;0;5;18;6;24;6;1;4;24;3;12;4;1;6;3;6;5;9;4;1;4;2;15;16;4;1;7;-7.519994877099576;24
TRACK:62;54;-1;5;2;0;3;5;0;5;5;6;0;13;19;6;1;1;4;25;3;20;-8.001879484620325;1;9;17;0;2;5;1;5;5;0;14;17;2;0;5;21;-4.88347765385779;6;9;4;13;4;4;5;4;0;16;16;6;3;6;3;1;1;13;12;3;10;1;0;2;3;4;3;1;0;21;-0.4800113418359751;8;6;9;2;5;6;0;1;23;-4.621734923192347;17;6;9;2;1;3;4;22;-5.513271528905331;5;5;17;5;5;6;23;0.20189196158697872;0;3;6;3;0;0;7;-6.309815591907967;22;6.3878618960845115;1;18;22;-4.072089344058863;5;4;0;6;2;19;23;6.959351640135355;3;5;25;0;1;1;0;6;1;6;9;0;13;7;7.773808535692596;1;1;4;10;3;22;-5.902455516326703;0;5;13;3;23;-6.781258536471661;6;6;6;2;21;7.421286328338745;9;3;0;6;0;5;18;6;24;6;1;4;24;3;14;4;1;6;3;6;5;9;4;1;4;2;15;16;4;1;7;-7.625014822870346;7;-6.37641137962598
TRACK:63;56;-1;3;2;2;0;4;6;5;3;0;2;9;17;2;17;9;2;2;4;2;6;1;20;2.1199292575426623;12;0;0;13;22;-7.629483761298408;15;5;5;2;5;17;5;17;0;6;6;3;5;8;0;2;3;0;8;25;1;3;14;4;21;-9.122378530401624;3;0;3;16;6;23;-4.490711161916999;0;3;1;1;3;7;-8.170969520756397;1;12;15;6;4;23;-2.3514218241936957;5;3;4;4;5;2;8;8;6;6;4;1;2;4;0;3;24;4;22;-5.609788154673199;4;1;6;21;-4.573043210055389;4;15;3;4;0;0;24;23;-6.601339338098617;1;8;20;2.656506230227514
TRACK:64;58;-1;3;2;2;0;4;6;0;22;-9.367859122606754;20;1.7302137850824408;2;2;4;2;6;1;20;2.116280514921454;12;0;0;13;22;-7.6260591660331;4;13;5;5;2;5;17;5;17;0;6;6;3;5;8;22;-5.470364447730343;0;3;3;2;4;3;4;7;8.594990670289096;6;2;2;19;13;4;15;5;2;15;16;6;4;3;16
TRACK:65;51;-1;3;2;2;0;4;6;5;3;0;2;9;17;2;17;9;2;2;4;2;6;1;20;2.1257697919263445;12;0;0;13;22;-7.579317608476571;4;13;5;5;2;5;17;5;17;0;6;6;3;5;8;0;2;3;0;8;25;1;3;7;-0.5291116738852981;4;21;-9.237476544187674;3;0;3;16;6;23;-4.476459589398606;0;3;3;2;4;3;4;7;8.468208535148785;6;2;2;19;13;4;15;5;3;4;4;5;2;8;8;6;6;4;1;2;4;0;2;22;-0.4952478533126291;15;4;22;-5.589387925825718;4;1;6;21;-4.639611047045812;4;15;3;4;0;0;24;23;-6.4644482961401915;1;8;20;2.454281964582011
TRACK:66;53;-1;3;2;2;0;4;6;5;3;0;2;9;17;2;17;9;2;2;4;2;6;1;20;2.1543547560896728;12;0;0;24;22;-7.8618336538943545;4;13;5;5;2;5;17;5;17;0;6;6;3;5;8;0;2;3;0;8;25;1;3;14;4;21;-9.520546689330818;3;0;3;16;6;23;-4.541988811127135;0;3;3;2;4;3;4;7;8.614079969463388;6;2;2;19;13;4;15;5;2;15;16;6;4;3;16
TRACK:67;55;-1;3;2;2;0;4;6;5;3;0;2;9;17;2;17;9;2;2;4;2;6;1;20;2.1779840946506437;12;0;0;13;22;-7.780732843813523;4;13;5;5;2;5;17;5;17;0;6;6;3;5;8;0;2;3;0;8;25;1;3;14;4;21;-9.32440206237436;3;0;3;16;6;23;-4.541168066105915;0;3;3;2;4;3;4;19;6;2;2;19;13;4;15;5;3;4;4;5;2;8;8;6;6;4;3;3;0;10;11
TRACK:68;57;-1;5;2;0;3;5;0;5;5;6;0;13;19;6;1;1;4;25;3;20;-8.042926554595377;5;5;18;0;2;5;1;5;5;0;14;17;2;0;5;21;-5.0183657603793215;6;9;1;3;23;-5.251037945536167;2;7;-7.046272109704518;23;-1.5512960708763401;4;4;5;4;0;16;16;6;3;6;3;1;1;13;12;3;10;1;0;2;3;4;3;1;0;21;0.15937419230478495;8;6;9;2;6;2;5;25;4;17;2;1;3;4;22;-5.428746948924851;5;5;17;5;3;24;0;3;6;3;0;0;7;-6.405068033103496;8;1;18;22;-4.069809082592587;5;4;0;6;2;19;23;6.962150825263739;3;5;13;0;1;1;0;6;20;6.234078994796451;1;1;4;10;3;22;-5.68893417293169;0;5;13;3;24;6;6;6;2;21;7.169830235084448;9;3;0;6;0;5;18;6;24;6;1;4;24;3;12;4;1;6;3;6;5;9;4;1;4;2;15;16;4;1;7;-7.481077089844247;24
TRACK:69;59;-1;3;2;2;0;4;6;5;3;0;2;9;17;2;17;9;2;2;4;2;6;1;20;2.040483863111168;12;0;0;13;22;-7.895487932721842;4;13;5;5;2;5;17;5;17;0;6;6;3;4;18;8;0;3;3;2;4;3;4;7;8.608640352931156;6;2;2;19;13;4;15;5;3;4;4;5;2;8;8;6;6;4;1;2;4;0;2;22;-0.5412784101343533;15;4;22;-5.592137493672627;4;1;6;21;-4.299909786471764;4;15;3;5;19
EVAL_INSTANCE:3:0:60
EVAL_INSTANCE:3:1:61
EVAL_INSTANCE:3:2:62
EVAL_INSTANCE:3:3:63
EVAL_INSTANCE:3:4:64
EVAL_INSTANCE:3:5:65
EVAL_INSTANCE:3:6:66
EVAL_INSTANCE:3:7:67
EVAL_INSTANCE:3:8:68
EVAL_INSTANCE:3:9:69
RUN_RESULT:3:0:0:299:UUUURRURDRDDDD
RUN_RESULT:3:1:0:1143:UUUURRURDRDLLLLDDRRRRD
RUN_RESULT:3:2:0:859:UUUURRURDRDLLLLDDDRRRR
RUN_RESULT:3:3:0:310:UUUURRURDRDDDD
RUN_RESULT:3:4:0:2000:----
RUN_RESULT:3:5:0:2000:----
RUN_RESULT:3:6:0:299:UUUURRURDRDDDD
RUN_RESULT:3:7:0:299:UUUURRURDRDDDD
RUN_RESULT:3:8:0:1089:UUUURRURDRDLLLLDDRRRRD
RUN_RESULT:3:9:0:299:UUUURRURDRDDDD
     4 |       40 | -3.655400E+03 | -3.701000E+03
TRACK:70;69;49;3;2;2;0;4;6;2;8;8;2;2;4;2;6;1;20;2.040483863111168;12;0;0;13;22;-7.895487932721842;4;13;5;5;2;5;17;5;17;0;6;6;3;4;18;8;0;3;3;2;4;3;4;7;8.608640352931156;6;2;2;19;13;4;15;5;3;4;4;5;2;8;8;6;6;4;1;2;4;0;2;22;-0.5412784101343533;15;4;22;-5.592137493672627;4;1;6;21;-4.299909786471764;4;15;3;5;19
TRACK:71;69;49;3;2;2;0;4;6;5;3;0;2;9;17;2;17;9;2;2;2;2;19;13;4;15;5;5;2;5;17;5;17;0;6;6;3;5;8;0;2;3;0;8;25;1;3;14;4;21;-9.224701231563493;3;0;3;16;6;23;-4.516171817121709;0;3;3;2;4;3;4;7;8.512711591586124;6;2;2;19;13;4;15;5;3;4;4;5;2;8;8;6;6;4;1;2;4;0;2;22;-0.4895868657694466;7;3.7149463886955267;4;22;-5.662438240380322;4;1;6;21;-4.515580796693804;4;15;3;4;0;0;24;23;-6.533255809464087;1;8;20;2.5821987645373965
TRACK:72;42;67;3;2;2;0;4;6;5;3;0;2;9;17;2;17;9;2;2;4;2;6;1;20;2.121631901701733;12;0;0;13;22;-7.771169404656229;4;13;5;5;2;5;17;5;17;0;6;6;3;5;8;0;5;2;8;8;3;0;3;16;6;23;-4.567061680244733;0;3;3;2;4;3;4;7;8.491255372828935;6;2;2;19;13;4;15;5;2;15;16;6;4;3;16
TRACK:73;42;67;3;2;2;0;4;6;5;3;0;2;9;17;2;17;9;2;2;4;2;6;1;20;2.1779840946506437;12;0;0;13;22;-7.780732843813523;4;13;5;5;2;5;17;5;17;0;6;6;3;5;8;0;13;22;-7.771169404656229;0;3;3;2;4;3;4;19;6;2;2;19;13;4;15;5;3;4;4;5;2;8;8;6;6;4;3;3;0;10;11
TRACK:74;20;42;3;2;2;3;0;3;16;6;23;-4.567061680244733;0;3;3;2;4;3;4;7;8.5270825503715;6;2;2;19;13;4;15;5;3;4;4;5;2;8;8;6;6;4;1;2;4;0;2;22;-0.4634722802120927;15;4;22;-5.525048827714838;4;1;6;21;-4.421554917112125;4;15;3;5;19
TRACK:75;20;42;3;2;2;0;4;6;5;3;0;2;9;17;2;17;9;2;2;4;2;6;1;20;2.121631901701733;12;0;0;13;22;-7.771169404656229;4;13;5;5;2;5;17;5;17;0;6;6;3;5;8;0;2;3;0;8;25;1;3;14;4;21;-9.543985416272326;3;0;3;16;6;23;-4.567061680244733;0;3;3;2;4;3;4;7;8.491255372828935;6;2;2;19;13;4;15;5;2;8;16;6;4;3;16
TRACK:76;69;60;3;2;2;0;4;6;5;3;0;2;9;17;2;17;9;2;2;4;2;6;1;20;2.040483863111168;12;0;0;13;22;-7.895487932721842;4;13;5;5;2;5;17;5;17;0;6;6;3;2;8;8;8;0;3;3;2;4;3;4;7;8.608640352931156;6;2;2;19;13;4;15;5;3;4;4;5;2;8;8;6;6;4;1;2;4;0;2;22;-0.5412784101343533;15;4;22;-5.592137493672627;4;1;6;21;-4.299909786471764;4;15;3;5;19
TRACK:77;69;60;3;2;2;0;4;6;5;3;0;2;9;17;2;17;9;2;2;4;2;6;1;20;1.9959763550788845;12;0;0;13;22;-7.669689548117454;15;5;5;2;5;17;5;17;0;6;6;3;5;8;0;2;3;0;8;25;1;3;14;4;21;-9.259555015401801;3;4;6;10;0;3;3;2;4;3;4;7;8.66367362382159;6;2;2;19;13;4;15;5;3;4;4;5;2;8;8;6;6;4;1;2;4;0;2;22;-0.5374395888679485;7;3.4905745097479652;13;4;1;6;21;-4.534503622842499;4;15;4;13
TRACK:78;0;67;3;2;2;0;4;6;5;3;0;2;9;17;2;17;9;2;2;4;2;6;1;20;2.103335014477768;12;0;0;13;22;-7.668720952519537;4;13;5;5;2;5;17;5;17;0;6;6;3;5;8;0;2;6;23;-4.541168066105915;1;3;14;4;21;-9.338297089936082;3;0;3;16;6;23;-4.604270103971883;0;3;3;2;4;3;4;7;8.519490652411115;6;2;2;19;13;4;15;5;3;4;4;5;2;8;8;6;6;4;1;2;4;0;2;22;-0.47033164796356;15;4;22;-5.561945304903528;4;1;6;21;-4.544005521250096;4;15;3;4;0;0;24;23;-6.4909834960336195;1;8;20;2.548562313784707
TRACK:79;0;67;3;2;2;0;4;6;5;3;0;2;9;17;2;17;9;2;2;4;2;6;1;20;2.1779840946506437;12;0;0;13;22;-7.780732843813523;4;13;6;3;5;8;0;6;6;3;5;8;0;2;3;0;8;25;1;3;14;4;21;-9.32440206237436;3;0;3;16;6;23;-4.541168066105915;0;3;3;2;4;3;4;19;6;2;2;19;13;4;15;5;3;4;4;5;2;8;8;6;6;4;3;3;0;10;11
TRACK:80;70;-1;3;2;2;0;4;6;2;8;8;2;2;0;3;5;6;13;1;1;1;15;11;0;12;7;-2.518955827766261;3;5;22;-6.223280403893869;5;5;2;5;17;5;17;0;6;6;3;4;18;8;0;3;3;2;4;3;4;7;8.443317481359802;6;2;2;19;13;4;15;5;3;4;4;5;2;8;8;6;6;4;1;2;4;0;2;22;-0.3821452834415044;15;4;22;-5.5184435053085075;4;1;6;21;-4.599332176844459;4;15;3;5;19
TRACK:81;72;-1;3;2;2;0;4;6;5;3;0;2;9;17;2;17;9;3;5;4;4;4;2;21;1.362501035128119;7;6.386523559081134;0;3;3;2;4;3;4;7;8.630057774196926;6;2;2;19;13;4;15;5;2;15;16;6;4;3;16
TRACK:82;74;-1;3;2;2;3;0;3;16;6;2;4;4;1;17;13;5;1;4;21;-6.755512994089505;0;8;7;-1.8991572909501713;0;3;3;2;4;3;4;7;8.634620131984892;6;2;2;19;13;4;15;5;3;4;4;5;2;8;8;6;6;4;1;2;4;0;2;22;-0.4229986768915554;15;4;22;-5.544845905346651;4;1;6;21;-4.49523829613511;4;15;3;5;19
TRACK:83;76;-1;3;2;2;0;4;6;5;3;0;2;9;17;2;17;9;2;2;0;8;19;3;23;3.5996194924744778;0;6;6;3;2;8;8;8;0;3;3;2;4;3;4;7;8.611130754746053;6;2;2;19;13;4;15;5;3;4;4;5;2;8;8;6;6;4;1;2;4;0;2;22;-0.5309350679129817;15;4;22;-5.42269394386651;4;1;6;21;-4.316439467263732;4;15;3;5;19
TRACK:84;78;-1;3;2;2;0;4;6;5;3;0;2;9;17;2;17;9;2;2;4;2;6;1;19;12;0;0;13;22;-7.591175209167051;4;13;5;5;2;5;17;5;17;0;6;6;3;5;8;0;2;6;23;-4.697265477793189;1;3;14;4;21;-9.321642953656731;3;0;3;16;6;23;-4.427600961807627;0;3;3;2;4;3;4;7;8.499973596927648;6;2;2;19;13;4;15;5;3;4;4;5;2;8;8;6;6;4;1;2;4;0;2;22;-0.4181817688276415;15;4;22;-5.689950576525289;4;1;6;21;-4.3525573555077415;4;15;3;4;0;0;24;23;-6.3999748471704025;1;8;20;2.4284290120187797
TRACK:85;71;-1;3;2;2;0;4;6;5;3;0;2;9;17;2;17;9;2;2;2;2;19;13;4;15;5;5;2;5;17;5;17;0;6;6;3;5;8;0;2;3;0;8;25;1;3;14;4;21;-9.075945763244508;3;0;1;13;22;1.7212879749248184;6;23;-4.458258784333248;0;3;3;2;4;3;4;7;8.48797665503882;6;2;2;19;13;4;15;5;3;4;4;5;2;8;8;6;6;4;1;2;4;0;2;22;-0.5419837194883655;7;3.6176707422531518;4;22;-5.578048222745965;4;1;6;21;-4.6588455708258785;4;15;3;4;0;0;24;23;-6.576208014023958;1;8;20;2.6619642880601506
TRACK:86;73;-1;3;2;2;0;4;6;5;3;0;2;9;17;2;17;9;2;2;4;2;6;1;20;2.257934763058759;12;0;0;13;22;-7.755723185858097;4;13;5;5;2;5;17;5;17;0;6;6;3;5;8;0;13;22;-7.768780073900311;0;3;3;2;4;3;4;19;6;2;2;19;13;4;15;5;3;4;4;5;2;8;8;6;6;4;3;3;0;5;22;9.48092068206185;11
TRACK:87;75;-1;3;2;2;0;4;6;5;3;0;2;9;17;2;17;9;2;2;4;2;6;1;20;2.214105586474597;12;0;0;13;22;-7.9378714800590835;4;13;5;5;2;5;17;5;17;4;9;0;3;3;2;4;3;4;7;8.38490443535751;6;2;2;19;13;4;15;5;2;8;16;6;4;3;16
TRACK:88;77;-1;3;2;2;0;4;6;5;3;0;2;9;17;2;17;9;2;2;4;2;6;1;20;1.9025355484820865;12;0;0;13;22;-7.73720679957712;15;0;3;6;13;5;4;16;0;6;6;3;5;8;0;2;3;0;8;25;1;3;14;4;21;-9.208432265217093;3;4;6;10;0;3;3;2;4;3;4;7;8.5463775541598;6;2;2;19;13;4;15;5;3;4;4;5;2;8;8;6;6;4;1;2;4;0;2;22;-0.5447160717139243;7;3.3458924386562403;13;4;1;6;21;-4.427894981399856;4;15;4;13
TRACK:89;79;-1;3;6;3;0;2;1;3;5;6;12;0;4;5;22;-0.6925949485442491;4;3;18;6;1;0;5;21;1.5230684815591538;5;11;2;2;21;3.861221568195379;25;5;11;6;5;6;6;1;18;19
EVAL_INSTANCE:4:0:80
EVAL_INSTANCE:4:1:81
EVAL_INSTANCE:4:2:82
EVAL_INSTANCE:4:3:83
EVAL_INSTANCE:4:4:84
EVAL_INSTANCE:4:5:85
EVAL_INSTANCE:4:6:86
EVAL_INSTANCE:4:7:87
EVAL_INSTANCE:4:8:88
EVAL_INSTANCE:4:9:89
RUN_RESULT:4:0:0:304:UUUURRURDRDDDD
RUN_RESULT:4:1:0:2000:----
RUN_RESULT:4:2:0:2000:----
RUN_RESULT:4:3:0:2000:----
RUN_RESULT:4:4:0:315:UUUURRURDRDDDD
RUN_RESULT:4:5:0:307:UUUURRURDRDDDD
RUN_RESULT:4:6:0:2000:----
RUN_RESULT:4:7:0:299:UUUURRURDRDDDD
RUN_RESULT:4:8:0:299:UUUURRURDRDDDD
RUN_RESULT:4:9:0:2000:----
     5 |       50 | -3.701000E+03 | -3.701000E+03
TRACK:90;20;69;3;2;2;0;4;6;5;3;0;2;9;17;2;17;9;2;2;4;2;6;1;20;1.9658899880963983;12;0;0;13;22;-7.855799345201995;4;13;5;5;2;5;17;5;17;0;6;6;3;5;8;8;0;3;3;2;4;3;4;7;8.5270825503715;6;2;2;19;13;4;15;5;3;4;4;5;2;8;8;6;6;4;1;2;4;0;2;22;-0.4634722802120927;15;2;17;9;4;1;6;21;-4.421554917112125;4;15;3;5;19
TRACK:91;20;69;3;2;2;0;4;6;5;3;0;2;9;17;2;17;9;2;2;4;2;6;1;20;2.040483863111168;12;0;0;13;22;-7.895487932721842;4;13;5;5;2;5;17;5;17;0;6;6;3;4;18;8;0;3;3;2;4;3;4;7;8.608640352931156;6;2;2;19;13;4;15;5;3;4;4;5;2;8;8;6;6;4;1;2;4;0;2;22;-0.5412784101343533;15;4;22;-5.592137493672627;4;1;6;8;4;15;3;5;19
TRACK:92;49;88;3;2;2;0;4;6;5;3;0;2;9;17;2;17;9;2;2;4;2;6;1;20;2.1098190125857;12;0;0;13;22;-7.612119283205012;15;5;5;2;5;17;5;17;0;6;6;3;5;8;0;2;3;0;8;25;1;3;14;4;21;-9.224701231563493;3;0;3;16;6;23;-4.516171817121709;0;3;3;2;4;3;4;7;8.512711591586124;6;2;2;19;13;4;15;5;3;4;4;5;2;8;8;6;4;5;2;8;8
TRACK:93;49;88;3;2;2;0;4;6;5;3;0;2;9;17;2;17;9;2;2;4;2;6;1;20;1.9025355484820865;12;0;0;13;22;-7.73720679957712;15;0;3;6;13;5;4;16;0;6;6;3;5;8;0;2;3;0;8;25;1;3;14;4;21;-9.208432265217093;3;4;6;10;0;3;3;2;4;3;4;7;8.5463775541598;6;2;2;19;13;4;15;5;3;4;4;5;2;8;8;6;6;4;1;2;4;0;2;22;-0.5447160717139243;7;3.3458924386562403;13;4;1;6;17;4;15;4;13
TRACK:94;0;88;3;2;2;0;4;6;5;3;0;2;9;17;2;17;9;2;2;4;2;6;1;20;2.103335014477768;12;0;7;3.3458924386562403;4;13;5;5;2;5;17;5;17;0;6;6;3;5;8;0;2;3;0;8;25;1;3;14;4;21;-9.338297089936082;3;0;3;16;6;23;-4.604270103971883;0;3;3;2;4;3;4;7;8.519490652411115;6;2;2;19;13;4;15;5;3;4;4;5;2;8;8;6;6;4;1;2;4;0;2;22;-0.47033164796356;15;4;22;-5.561945304903528;4;1;6;21;-4.544005521250096;4;15;3;4;0;0;24;23;-6.4909834960336195;1;8;20;2.548562313784707
TRACK:95;0;88;3;2;2;0;4;6;5;3;0;2;9;17;2;17;9;2;2;4;2;6;1;20;1.9025355484820865;12;0;0;13;22;-7.73720679957712;15;0;3;6;13;5;4;16;0;6;6;3;5;8;0;2;3;0;8;25;1;3;14;4;21;-9.208432265217093;3;4;6;10;0;3;3;2;4;3;4;7;8.5463775541598;6;2;2;19;13;4;15;5;3;4;4;5;2;8;24;6;6;4;1;2;4;0;2;22;-0.5447160717139243;7;3.3458924386562403;13;4;1;6;21;-4.427894981399856;4;15;4;13
TRACK:96;0;60;3;2;2;0;4;6;5;3;0;2;9;17;2;17;9;2;2;4;2;6;1;20;2.103335014477768;12;0;0;13;22;-7.668720952519537;4;13;5;5;2;5;17;5;13;0;6;6;3;5;8;0;2;3;0;8;25;1;3;14;4;21;-9.338297089936082;3;0;3;16;6;23;-4.604270103971883;0;3;3;2;4;3;4;7;8.519490652411115;6;2;2;19;13;4;15;5;3;4;4;5;2;8;8;6;6;4;1;2;4;0;2;22;-0.47033164796356;15;4;22;-5.561945304903528;4;1;6;21;-4.544005521250096;4;15;3;4;0;0;24;23;-6.4909834960336195;1;8;20;2.548562313784707
TRACK:97;0;60;3;2;2;0;4;6;5;3;0;2;9;17;2;17;9;2;2;4;2;6;1;20;1.9959763550788845;12;0;0;13;22;-7.669689548117454;15;5;5;2;5;17;5;17;0;6;6;3;5;25;0;2;3;0;8;25;1;3;14;4;21;-9.259555015401801;3;4;6;10;0;3;3;2;4;3;4;7;8.66367362382159;6;2;2;19;13;4;15;5;3;4;4;5;2;8;8;6;6;4;1;2;4;0;2;22;-0.5374395888679485;7;3.4905745097479652;4;22;-5.666203870739625;4;1;6;21;-4.534503622842499;4;15;4;13
TRACK:98;42;67;3;2;2;0;4;6;5;3;0;2;9;8;2;17;9;2;2;4;2;6;1;20;2.121631901701733;12;0;0;13;22;-7.771169404656229;4;13;5;5;2;5;17;5;17;0;6;6;3;5;8;0;2;3;0;8;25;1;3;14;4;21;-9.543985416272326;3;0;3;16;6;23;-4.567061680244733;0;3;3;2;4;3;4;7;8.491255372828935;6;2;2;19;13;4;15;5;2;15;16;6;4;3;16
TRACK:99;42;67;3;2;2;0;4;6;5;3;0;2;9;17;2;17;9;2;2;4;2;6;1;20;2.1779840946506437;12;0;0;13;22;-7.780732843813523;4;13;5;5;2;5;17;5;17;0;6;6;3;5;8;0;2;3;0;8;25;1;5;17;4;21;-9.32440206237436;3;0;3;16;6;23;-4.541168066105915;0;3;3;2;4;3;4;19;6;2;2;19;13;4;15;5;3;4;4;5;2;8;8;6;6;4;3;3;0;10;11
TRACK:100;90;-1;3;2;2;0;4;2;22;4.235717044206055;20;-7.557443168514917;2;2;4;2;6;1;20;1.9754188103468333;12;0;0;13;22;-7.867544708659897;4;13;5;5;2;5;17;5;17;0;6;6;3;5;8;8;0;3;3;2;4;3;4;7;8.429486329354189;6;2;2;19;13;4;15;5;3;4;4;5;2;8;8;6;6;4;1;2;4;0;2;22;-0.2885472976249981;15;2;17;9;4;1;6;21;-4.472291043871005;4;15;3;5;19
TRACK:101;92;-1;3;2;2;0;4;6;5;3;0;2;9;17;2;17;9;2;2;4;2;6;1;20;1.9403738501526728;12;0;0;13;22;-7.562061946767743;15;3;6;0;22;-9.635965006551343;8;0;6;6;3;5;8;0;2;3;0;8;25;1;3;14;4;21;-9.348639441679374;3;0;3;16;6;23;-4.599196000709812;0;3;3;2;4;3;4;7;8.757652763517763;6;2;2;19;13;4;15;5;3;4;4;5;2;8;8;6;4;5;2;8;8
TRACK:102;94;-1;3;2;2;0;4;6;5;3;0;2;9;17;2;17;9;2;2;4;2;6;1;20;2.1078893783749764;12;0;7;3.5116479207826368;4;13;5;5;2;5;17;5;17;0;6;6;3;5;8;0;2;3;0;8;25;1;3;14;4;21;-9.272650512256273;3;0;3;16;6;23;-4.663563144392475;0;3;3;2;4;3;4;7;8.48761850547976;6;2;2;19;13;4;15;5;3;4;4;5;2;8;8;6;6;4;1;2;4;0;4;17;4;22;-5.552439622090728;4;1;6;21;-4.496611967905518;4;15;3;4;0;0;24;23;-6.45348100931037;1;8;20;2.5591991133185497
TRACK:103;96;-1;3;2;2;0;4;6;5;3;0;2;9;17;2;17;9;2;2;4;2;6;1;20;2.200216074115046;12;0;0;13;22;-7.596489443266613;4;13;5;5;2;5;17;5;13;0;6;6;3;5;8;0;2;3;0;8;25;1;3;14;4;21;-9.382241785382824;3;0;3;16;6;23;-4.555552637148404;0;3;3;2;4;3;4;7;8.490325786395816;6;2;2;19;13;4;15;5;3;4;4;5;2;8;18;6;6;4;1;2;4;0;2;22;-0.5376950402287717;15;4;22;-5.629785427712723;4;1;6;21;-4.5604178840439475;4;15;3;4;0;0;24;23;-6.607031967238499;1;8;20;2.5232357389294835
TRACK:104;98;-1;0;2;6;4;6;3;2;1;25;21;-9.020653978594734;6;14;0;2;3;2;4;5;9;2;2;12;9;5;14;5;5;4;0;16;13;1;4;3;0;0;12;21;9.028606058361085;5;24;4;0;2;2;23;-0.8375655089133609;14;1;17;10;0;6;23;-0.09842803885702978;6;21;-3.1374869211168672;5;2;6;1;2;6;5;19;2;4;13;4;15;4;0;3;22;-7.122652199084445;2;11;24;5;1;2;6;6;14;4;3;20;9.202202010316622;4;6;2;19;19
TRACK:105;91;-1;3;2;2;0;4;6;5;3;0;2;9;17;2;17;9;2;2;4;2;6;1;21;1.5616538275121918;12;0;0;13;22;-7.722123141981406;4;13;5;5;2;5;17;5;17;0;6;6;3;4;18;8;0;3;3;2;4;3;4;7;8.65612807533255;6;2;2;19;13;4;15;5;3;4;4;5;2;8;8;6;6;4;1;2;4;0;2;22;-0.6145117489847226;15;4;22;-5.467306093263863;4;1;6;8;4;15;3;5;19
TRACK:106;93;-1;3;2;2;0;4;6;5;3;0;2;9;17;2;17;9;2;2;4;2;6;1;20;1.9251730129803653;12;0;0;13;22;-7.874213455358733;15;0;3;6;13;5;4;16;0;6;6;3;5;8;0;2;3;0;8;25;1;3;10;4;21;-9.071302296513814;3;4;6;10;0;3;3;2;4;3;4;7;8.489685662328245;6;2;2;19;13;4;15;5;3;4;4;5;2;8;8;6;6;4;1;2;4;0;2;22;-0.6232424588064116;7;3.39879423721503;13;4;1;6;17;4;15;4;13
TRACK:107;95;-1;3;2;2;0;4;6;5;3;0;2;9;17;2;17;9;2;2;4;2;6;1;20;1.9839396346846758;12;0;0;13;22;-7.87916544003656;15;0;3;6;13;5;4;16;0;6;6;3;5;8;0;2;3;0;8;25;1;3;14;4;21;-9.234808101195618;3;4;6;10;0;3;3;2;4;3;4;7;8.585515509179414;6;2;2;19;13;4;15;5;3;4;4;5;2;8;24;6;6;4;1;2;4;0;2;22;-0.5561368474918937;7;3.454893887850201;13;4;1;6;10;4;15;4;13
TRACK:108;97;-1;3;2;2;0;4;6;5;3;0;2;9;17;2;17;9;2;2;4;2;6;1;20;1.9359350495448016;12;0;0;13;22;-7.585125050406135;15;5;5;2;5;17;5;17;0;6;6;3;5;25;0;2;3;0;8;25;1;3;14;4;21;-9.21424137528872;3;4;6;10;0;3;3;2;4;3;4;7;8.813338194580128;6;2;2;19;13;4;19;5;3;4;4;5;2;8;8;6;6;4;1;2;4;0;2;22;-0.4250577123663195;7;3.3902344863517846;4;22;-5.6190204426204255;4;1;6;21;-4.55265540648594;4;15;4;13
TRACK:109;99;-1;3;2;2;0;4;6;5;0;9;12;2;2;4;2;6;1;20;2.281935333684398;12;0;0;13;22;-7.869657844337671;4;13;5;5;2;5;17;5;17;0;6;6;3;5;8;0;2;3;0;8;25;1;5;17;4;21;-9.30653295516578;3;0;3;16;6;23;-4.496826614455589;0;3;3;2;4;3;4;19;6;2;2;19;13;4;15;5;3;4;4;5;2;8;8;6;6;4;3;3;0;10;11
EVAL_INSTANCE:5:0:100
EVAL_INSTANCE:5:1:101
EVAL_INSTANCE:5:2:102
EVAL_INSTANCE:5:3:103
EVAL_INSTANCE:5:4:104
EVAL_INSTANCE:5:5:105
EVAL_INSTANCE:5:6:106
EVAL_INSTANCE:5:7:107
EVAL_INSTANCE:5:8:108
EVAL_INSTANCE:5:9:109
RUN_RESULT:5:0:0:2000:----
RUN_RESULT:5:1:0:2000:----
RUN_RESULT:5:2:0:303:UUUURRURDRDDDD
RUN_RESULT:5:3:0:299:UUUURRURDRDDDD
RUN_RESULT:5:4:0:2000:----
RUN_RESULT:5:5:0:299:UUUURRURDRDDDD
RUN_RESULT:5:6:0:2000:----
RUN_RESULT:5:7:0:299:UUUURRURDRDDDD
RUN_RESULT:5:8:0:302:UUUURRURDRDDDD
RUN_RESULT:5:9:0:300:UUUURRURDRDDDD
     6 |       60 | -3.701000E+03 | -3.701000E+03
TRACK:110;88;66;3;2;2;0;4;6;5;3;0;2;9;17;2;17;9;2;2;4;2;6;1;20;1.9025355484820865;12;0;0;13;22;-7.73720679957712;15;0;3;6;13;5;4;16;0;6;6;3;5;8;0;2;3;0;8;25;1;3;14;4;21;-9.208432265217093;3;4;6;10;0;3;3;2;4;3;8;6;2;2;19;13;4;15;5;3;4;4;5;2;8;8;6;6;4;1;2;4;0;2;22;-0.5447160717139243;7;3.3458924386562403;13;4;1;6;21;-4.427894981399856;4;15;4;13
TRACK:111;88;66;3;2;2;0;4;6;5;3;5;4;16;2;2;4;2;6;1;20;2.1543547560896728;12;0;0;24;22;-7.8618336538943545;4;13;5;5;2;5;17;5;17;0;6;6;3;5;8;0;2;3;0;8;25;1;3;14;4;21;-9.520546689330818;3;0;3;16;6;23;-4.541988811127135;0;3;3;2;4;3;4;7;8.614079969463388;6;2;2;19;13;4;15;5;2;15;16;6;4;3;16
TRACK:112;87;0;3;2;4;21;-9.338297089936082;6;4;3;16
TRACK:113;87;0;3;2;2;0;4;6;5;3;0;2;9;17;2;17;9;2;2;4;2;6;1;20;2.103335014477768;12;0;0;17;22;-7.668720952519537;4;13;5;5;2;5;17;5;17;0;6;6;3;5;8;0;2;3;0;8;25;1;3;14;4;21;-9.338297089936082;3;0;3;16;6;23;-4.604270103971883;0;3;3;2;4;3;4;7;8.519490652411115;6;2;2;19;13;4;15;5;3;4;4;5;2;8;8;6;6;4;1;2;4;0;2;22;-0.47033164796356;15;4;22;-5.561945304903528;4;1;6;21;-4.544005521250096;4;15;3;4;0;0;24;23;-6.4909834960336195;1;8;20;2.548562313784707
TRACK:114;49;88;3;2;2;0;4;6;5;3;0;2;9;17;2;17;9;2;2;4;2;6;1;20;2.1098190125857;12;0;0;13;22;-7.612119283205012;15;5;5;2;5;17;5;17;0;6;6;3;5;8;0;2;3;0;8;25;1;3;14;4;21;-9.224701231563493;3;0;3;16;6;23;-4.516171817121709;0;3;3;2;4;3;4;7;8.512711591586124;6;2;2;19;13;4;15;5;3;4;4;5;2;8;8;6;6;4;1;2;4;0;2;22;-0.4895868657694466;7;3.7149463886955267;4;15;4;1;6;21;-4.515580796693804;4;15;3;4;0;0;24;23;-6.533255809464087;1;8;20;2.5821987645373965
TRACK:115;49;88;3;2;2;0;4;6;5;3;0;2;9;17;2;17;9;2;2;4;2;6;1;20;1.9025355484820865;12;0;0;13;22;-7.73720679957712;15;0;3;6;13;5;4;16;0;6;6;3;5;8;0;2;3;0;8;25;1;3;14;4;21;-9.208432265217093;3;4;6;10;0;3;3;2;4;3;4;7;8.5463775541598;6;2;4;21;-9.224701231563493;4;15;5;3;4;4;5;2;8;8;6;6;4;1;2;4;0;2;22;-0.5447160717139243;7;3.3458924386562403;13;4;1;6;21;-4.427894981399856;4;15;4;13
TRACK:116;49;69;3;2;2;0;4;6;5;3;0;2;9;17;2;17;9;2;2;4;2;6;1;20;2.1098190125857;12;0;0;13;22;-7.612119283205012;15;5;5;2;5;17;5;17;0;6;6;3;5;8;0;2;3;0;8;25;1;3;14;4;21;-9.224701231563493;3;0;3;16;6;23;-4.516171817121709;0;3;3;2;4;3;4;7;8.512711591586124;6;2;2;19;13;4;15;5;3;4;4;5;2;8;8;6;6;4;1;2;4;18;4;1;6;21;-4.515580796693804;4;15;3;4;0;0;24;23;-6.533255809464087;1;8;20;2.5821987645373965
TRACK:117;49;69;3;2;2;0;4;6;5;3;0;2;9;17;2;17;9;2;2;4;2;6;1;20;2.040483863111168;12;0;0;13;22;-7.895487932721842;4;13;5;5;2;5;17;5;17;0;6;6;3;4;18;8;0;3;3;2;4;3;4;7;8.608640352931156;6;2;2;19;13;4;15;5;3;4;0;8;25;6;6;4;1;2;4;0;2;22;-0.5412784101343533;15;4;22;-5.592137493672627;4;1;6;21;-4.299909786471764;4;15;3;5;19
TRACK:118;66;20;3;2;2;0;4;6;5;3;0;2;9;17;2;17;9;2;2;4;2;6;1;20;2.1543547560896728;12;0;0;24;22;-7.8618336538943545;4;13;5;5;2;5;17;5;17;0;6;6;3;5;8;0;2;3;0;8;25;1;3;14;4;21;-9.520546689330818;3;0;5;17;6;23;-4.541988811127135;0;3;3;2;4;3;4;7;8.614079969463388;6;2;2;19;13;4;15;5;2;15;16;6;4;3;16
TRACK:119;66;20;3;2;2;0;4;6;5;3;0;2;9;17;2;17;9;2;2;4;2;6;1;20;1.9658899880963983;12;0;0;13;22;-7.855799345201995;4;13;5;5;2;5;17;5;17;0;6;6;3;5;8;8;0;3;3;2;4;3;4;7;8.5270825503715;6;2;2;19;13;4;15;5;3;4;4;5;2;8;8;6;6;4;1;2;4;0;2;22;-0.4634722802120927;15;4;22;-5.525048827714838;4;1;6;21;-4.421554917112125;4;15;3;6;23;-4.541988811127135
TRACK:120;110;-1;3;2;2;0;4;6;5;3;0;2;9;17;2;17;9;2;2;4;2;6;1;20;1.8206696907736808;12;0;0;13;22;-7.676035999978181;15;0;3;6;13;5;4;16;0;6;6;3;5;12;0;2;3;0;8;25;1;3;14;4;21;-9.282410801208316;3;4;6;10;0;3;3;2;4;3;8;6;2;2;19;13;4;15;5;3;4;4;5;2;8;8;6;6;4;1;2;4;0;2;22;-0.49437523241439757;7;3.456490884559575;13;4;1;6;21;-4.368278421866414;4;15;4;13
TRACK:121;112;-1;3;2;4;21;-9.25390455621815;6;4;3;2;3;5;11;2;6;24;2;24;25
TRACK:122;49;-1;3;2;2;0;4;6;5;3;0;2;9;17;2;17;9;2;2;4;2;6;1;20;2.141218059431222;12;0;0;15;9;15;5;5;2;5;17;5;17;0;6;6;3;5;8;0;2;3;0;8;25;1;3;14;4;21;-9.209603537078833;3;0;3;16;6;23;-4.442570431847562;0;3;3;2;4;3;4;7;8.60757623077286;6;2;2;19;13;4;15;5;3;4;4;5;2;8;8;6;6;4;1;2;4;0;2;22;-0.4101308221204477;7;3.775757588845371;4;22;-5.62350840356333;4;1;6;21;-4.55982923214734;4;15;3;4;0;0;24;23;-6.508330822410375;1;8;20;2.531543573585976
TRACK:123;116;-1;3;2;2;0;4;6;5;3;0;2;9;17;2;17;9;2;2;4;2;6;1;20;2.175384831996715;12;0;0;13;22;-7.478908119007427;15;5;5;2;5;17;5;17;0;6;6;3;5;8;0;2;3;0;8;25;1;3;14;4;21;-9.31537542905993;3;0;3;16;6;8;0;3;3;2;4;3;4;7;8.625978739703925;6;2;2;19;13;4;15;5;3;4;4;5;2;8;8;6;6;4;1;2;4;18;4;1;6;21;-4.326209554454232;4;15;3;4;0;0;24;23;-6.362494646103594;1;8;20;2.44024889580734
TRACK:124;118;-1;3;2;2;0;4;6;5;3;0;2;9;17;2;17;9;2;2;4;2;6;1;20;2.1930557461765186;12;0;0;24;22;-7.841832483655232;4;13;5;5;2;5;17;5;17;0;6;6;3;5;8;0;1;25;20;-3.0863166083364613;3;0;5;17;6;23;-4.6947829812912225;0;3;3;2;4;3;4;7;8.640195263982774;6;2;2;19;13;4;15;5;2;15;16;6;4;3;16
TRACK:125;111;-1;3;2;2;0;4;6;5;3;5;4;16;2;2;4;2;6;1;20;2.129884067573902;12;0;0;24;22;-8.054935451842429;4;13;5;5;2;5;17;5;17;0;6;6;3;5;8;0;2;3;0;8;25;1;3;14;4;21;-9.704908846529912;5;1;25;14;0;3;3;2;4;3;4;7;8.602732726485069;6;2;2;19;13;4;15;5;2;15;16;6;4;3;16
TRACK:126;113;-1;1;0;5;0;14;20;0.26841191757147165;1;6;17;1;10;11;2;6;4;23;3.1554321928270994;6;4;23;8.737024105282831
TRACK:127;88;-1;3;2;2;0;4;6;5;3;0;2;9;17;2;17;9;2;2;4;2;6;1;20;1.8623108875098418;12;0;0;13;22;-7.923517561987147;15;0;3;6;13;5;4;16;0;6;6;3;5;8;0;2;3;0;8;25;1;3;14;4;21;-9.154437913639672;3;4;6;10;0;3;3;2;4;3;4;7;8.641812729414307;6;2;2;19;13;4;15;5;3;4;4;5;2;8;8;6;1;6;0;24;10;6;3;14
TRACK:128;117;-1;3;2;2;0;4;6;5;3;0;2;9;17;2;17;9;2;2;4;2;6;1;20;2.0145307273306603;12;0;0;13;22;-8.069391943864543;4;13;5;5;2;5;17;5;17;0;6;6;3;4;18;8;0;3;3;2;4;3;4;7;8.616706261073963;6;2;2;19;13;4;15;5;3;4;0;8;25;6;6;4;1;2;4;0;2;11;15;4;22;-5.606359000931659;4;1;6;21;-4.486783179746619;4;15;3;5;19
TRACK:129;119;-1;3;2;2;0;4;6;5;3;0;2;9;17;2;17;9;2;2;4;2;6;1;10;12;0;0;13;22;-7.8385981855626286;4;13;5;5;2;5;17;5;17;0;6;6;3;5;8;8;0;3;3;2;4;3;4;7;8.482339790115354;6;2;2;19;13;4;15;5;3;4;4;5;2;8;8;6;6;4;1;2;4;0;2;22;-0.40958862177416583;15;4;22;-5.587708690111236;4;1;6;21;-4.391117942656109;4;15;3;6;23;-4.588268786160016
EVAL_INSTANCE:6:0:120
EVAL_INSTANCE:6:1:121
EVAL_INSTANCE:6:2:122
EVAL_INSTANCE:6:3:123
EVAL_INSTANCE:6:4:124
EVAL_INSTANCE:6:5:125
EVAL_INSTANCE:6:6:126
EVAL_INSTANCE:6:7:127
EVAL_INSTANCE:6:8:128
EVAL_INSTANCE:6:9:129
RUN_RESULT:6:0:0:299:UUUURRURDRDDDD
RUN_RESULT:6:1:0:2000:----
RUN_RESULT:6:2:0:315:UUUURRURDRDDDD
RUN_RESULT:6:3:0:299:UUUURRURDRDDDD
RUN_RESULT:6:4:0:301:UUUURRURDRDDDD
RUN_RESULT:6:5:0:301:UUUURRURDRDDDD
RUN_RESULT:6:6:0:2000:----
RUN_RESULT:6:7:0:299:UUUURRURDRDDDD
RUN_RESULT:6:8:0:299:UUUURRURDRDDDD
RUN_RESULT:6:9:0:301:UUUURRURDRDDDD
     7 |       70 | -3.701000E+03 | -3.701000E+03
TRACK:130;0;42;3;2;2;0;4;6;5;3;0;2;9;17;2;17;9;2;2;4;2;6;1;20;2.103335014477768;12;0;0;13;22;-7.668720952519537;4;13;5;21;-9.543985416272326;0;6;6;3;5;8;0;2;3;0;8;25;1;3;14;4;21;-9.338297089936082;3;0;3;16;6;23;-4.604270103971883;0;3;3;2;4;3;4;7;8.519490652411115;6;2;2;19;13;4;15;5;3;4;4;5;2;8;8;6;6;4;1;2;4;0;2;22;-0.47033164796356;15;4;22;-5.561945304903528;4;1;6;21;-4.544005521250096;4;15;3;4;0;0;24;23;-6.4909834960336195;1;8;20;2.548562313784707
TRACK:131;0;42;3;2;2;0;4;6;5;3;0;2;9;17;2;17;9;2;2;4;2;6;1;20;2.121631901701733;12;0;0;13;22;-7.771169404656229;4;13;5;5;2;5;17;5;17;0;6;6;3;5;8;0;2;3;0;8;25;1;3;14;4;21;-9.543985416272326;3;0;3;16;6;23;-4.567061680244733;0;3;3;2;4;3;4;7;8.491255372828935;6;2;2;19;13;4;8;5;2;15;16;6;4;3;16
TRACK:132;66;87;3;2;2;0;4;6;5;3;0;2;9;17;2;17;9;2;2;4;2;6;1;20;2.1543547560896728;12;0;0;24;22;-7.8618336538943545;4;13;5;5;2;5;17;5;17;0;6;6;3;5;8;0;2;3;0;8;25;1;3;14;4;21;-9.520546689330818;17;0;3;3;2;4;3;4;7;8.614079969463388;6;2;2;19;13;4;15;5;2;15;16;6;4;3;16
TRACK:133;66;87;3;2;2;0;4;6;5;3;0;2;9;17;2;17;9;2;2;4;2;6;1;20;2.214105586474597;12;0;0;13;22;-7.9378714800590835;4;13;5;5;2;5;17;5;17;4;9;0;3;3;2;4;3;4;7;8.38490443535751;6;2;2;19;13;4;15;5;2;8;16;6;4;3;16
TRACK:134;88;66;3;2;2;0;4;6;25;2;2;4;2;6;1;20;1.9025355484820865;12;0;0;13;22;-7.73720679957712;15;0;3;6;13;5;4;16;0;6;6;3;5;8;0;2;3;0;8;25;1;3;14;4;21;-9.208432265217093;3;4;6;10;0;3;3;2;4;3;4;7;8.5463775541598;6;2;2;19;13;4;15;5;3;4;4;5;2;8;8;6;6;4;1;2;4;0;2;22;-0.5447160717139243;7;3.3458924386562403;13;4;1;6;21;-4.427894981399856;4;15;4;13
TRACK:135;88;66;3;2;2;0;4;6;5;3;0;2;9;17;2;17;9;2;2;4;2;6;1;20;2.1543547560896728;12;0;0;24;22;-7.8618336538943545;4;13;5;5;2;5;17;5;17;0;6;6;12;0;2;3;0;8;25;1;3;14;4;21;-9.520546689330818;3;0;3;16;6;23;-4.541988811127135;0;3;3;2;4;3;4;7;8.614079969463388;6;2;2;19;13;4;15;5;2;15;16;6;4;3;16
TRACK:136;60;87;3;2;5;5;2;5;17;5;17;6;6;4;1;2;4;0;2;22;-0.5374395888679485;7;3.4905745097479652;4;22;-5.666203870739625;4;1;6;21;-4.534503622842499;4;15;4;13
TRACK:137;60;87;3;2;2;0;4;6;5;3;0;2;9;17;2;17;9;2;2;4;2;6;1;20;2.214105586474597;12;0;0;13;22;-7.9378714800590835;4;13;5;5;2;5;17;5;17;14;0;3;3;2;4;3;4;7;8.38490443535751;6;2;2;19;13;4;15;5;2;8;16;6;4;3;16
TRACK:138;20;88;3;2;2;0;4;6;5;3;15;2;2;4;2;6;1;20;1.9658899880963983;12;0;0;13;22;-7.855799345201995;4;13;5;5;2;5;17;5;17;0;6;6;3;5;8;8;0;3;3;2;4;3;4;7;8.5270825503715;6;2;2;19;13;4;15;5;3;4;4;5;2;8;8;6;6;4;1;2;4;0;2;22;-0.4634722802120927;15;4;22;-5.525048827714838;4;1;6;21;-4.421554917112125;4;15;3;5;19
TRACK:139;20;88;3;2;2;0;4;6;5;3;0;2;9;17;2;17;9;2;2;4;2;6;1;20;1.9025355484820865;12;0;0;13;22;-7.73720679957712;15;0;3;6;13;5;4;16;0;6;9;0;2;3;0;8;25;1;3;14;4;21;-9.208432265217093;3;4;6;10;0;3;3;2;4;3;4;7;8.5463775541598;6;2;2;19;13;4;15;5;3;4;4;5;2;8;8;6;6;4;1;2;4;0;2;22;-0.5447160717139243;7;3.3458924386562403;13;4;1;6;21;-4.427894981399856;4;15;4;13
TRACK:140;130;-1;3;2;2;0;4;6;5;3;0;2;9;17;2;17;9;2;2;4;2;6;1;20;2.075416727211284;12;0;0;13;22;-7.658536883079557;4;13;5;21;-9.562598145457578;0;6;6;3;5;8;0;2;3;0;8;25;1;3;14;4;21;-9.458142974749604;3;0;3;16;6;23;-4.541510181518284;0;3;3;2;4;3;1;23;4.247580059240658;12;6;2;2;19;13;4;15;5;3;4;4;5;2;8;8;6;6;4;1;2;4;0;2;22;-0.47180709851073843;15;4;22;-5.731934122746188;4;1;6;21;-4.485922679953796;4;15;3;4;0;0;24;23;-6.639101306267168;1;8;20;2.4998147108791766
TRACK:141;132;-1;3;2;2;0;4;6;5;3;0;2;9;17;2;17;9;5;5;10;0;3;3;2;4;3;4;7;8.667128304195128;6;2;2;19;13;4;15;5;2;15;16;6;4;3;16
TRACK:142;134;-1;3;2;2;0;4;6;25;2;2;4;2;6;1;20;1.8597037131540741;12;0;0;15;22;-7.6348683439194165;15;0;3;6;13;5;4;16;0;6;6;3;5;8;0;2;3;0;8;25;1;3;14;4;21;-9.157095677464941;3;4;6;10;0;3;3;2;4;3;4;7;8.539877618086335;6;2;2;19;13;4;15;5;3;4;4;5;2;8;8;6;6;4;1;2;4;0;2;22;-0.6656988575806425;7;3.284090125248668;13;4;1;6;21;-4.502346605047496;4;15;4;13
TRACK:143;136;-1;3;2;5;5;2;5;17;5;17;6;6;4;1;2;4;0;2;22;-0.4678005972527729;7;3.444900856553405;4;22;-5.652335264800968;4;1;6;21;-4.379379710039219;4;15;4;4;1;10;22;-1.1731108571177646
TRACK:144;138;-1;3;2;2;0;4;6;5;3;15;2;2;4;2;6;1;20;1.8294513636964846;12;0;0;13;22;-8.050308971937943;4;13;5;5;2;5;17;5;17;0;6;6;3;5;8;8;0;3;3;2;4;3;4;7;8.4177679742086;6;2;2;19;13;4;15;5;3;4;4;5;2;8;8;6;6;4;1;2;4;0;2;22;-0.4943454044565395;15;4;22;-5.529848629277251;0;19;10;3;5;19
TRACK:145;131;-1;3;2;2;0;4;6;5;3;0;2;9;17;2;17;9;2;2;4;2;6;1;20;2.142043566800545;12;0;0;13;22;-7.656495815172262;4;13;5;5;2;5;17;5;17;0;6;6;3;5;8;0;2;3;0;8;25;1;3;14;4;21;-9.324396733269866;3;0;3;16;6;23;-4.452285259665924;0;3;3;2;4;3;4;7;8.567725339230542;1;5;16;6;9;5;2;15;16;6;4;3;16
TRACK:146;133;-1;3;2;2;6;3;3;5;6;3;17;0;3;3;2;4;3;4;7;8.575761599656602;6;2;2;19;13;4;15;5;2;8;16;6;4;3;16
TRACK:147;135;-1;3;2;2;0;4;6;5;3;0;2;9;17;2;17;9;2;2;4;2;6;1;20;2.1124230301233125;12;0;0;24;22;-7.876124028477581;4;13;5;5;2;5;17;5;17;0;6;6;22;-6.902511886108265;0;2;3;0;8;25;1;3;14;4;21;-9.216112703152708;3;0;3;16;6;23;-4.39207229547444;0;3;3;2;4;3;4;7;8.573797198197791;6;2;2;19;13;4;15;5;2;15;16;6;4;3;16
TRACK:148;137;-1;3;2;2;0;4;6;5;3;0;2;9;17;2;17;9;2;2;4;2;6;1;20;2.1978910802314022;12;0;0;13;22;-7.97908869072229;4;13;5;5;2;5;17;0;9;19;14;0;3;3;2;4;3;4;7;8.220132593586213;6;2;2;19;13;4;15;5;2;8;16;6;4;3;16
TRACK:149;139;-1;3;2;2;0;4;6;5;3;0;2;9;17;3;18;2;2;4;2;6;1;20;1.9703816822024398;12;0;0;13;22;-7.729142037420711;15;0;3;6;13;5;4;16;0;6;9;0;2;3;0;8;25;1;3;14;4;21;-9.056972319588663;3;4;6;10;0;3;3;2;4;3;4;7;8.521470123325773;6;2;2;19;13;4;15;5;3;4;4;5;2;8;8;6;6;4;1;2;4;0;2;22;-0.42153444497133924;7;3.30265021609374;13;4;1;6;21;-4.370846228279094;4;15;4;13
EVAL_INSTANCE:7:0:140
EVAL_INSTANCE:7:1:141
EVAL_INSTANCE:7:2:142
EVAL_INSTANCE:7:3:143
EVAL_INSTANCE:7:4:144
EVAL_INSTANCE:7:5:145
EVAL_INSTANCE:7:6:146
EVAL_INSTANCE:7:7:147
EVAL_INSTANCE:7:8:148
EVAL_INSTANCE:7:9:149
RUN_RESULT:7:0:0:1095:UUUURRURDRDDDD
RUN_RESULT:7:1:0:2000:----
RUN_RESULT:7:2:0:299:UUUURRURDRDDDD
RUN_RESULT:7:3:0:2000:----
RUN_RESULT:7:4:0:299:UUUURRURDRDDDD
RUN_RESULT:7:5:0:301:UUUURRURDRDDDD
RUN_RESULT:7:6:0:304:UUUURRURDRDDDD
RUN_RESULT:7:7:0:2000:----
RUN_RESULT:7:8:0:2000:----
RUN_RESULT:7:9:0:299:UUUURRURDRDDDD
     8 |       80 | -3.701000E+03 | -3.701000E+03
TRACK:150;87;49;3;2;2;0;4;6;5;3;0;2;9;17;2;17;9;2;2;4;2;6;1;20;2.214105586474597;12;0;0;13;22;-7.9378714800590835;4;13;5;5;2;5;17;5;17;4;9;0;3;3;2;4;3;4;7;8.38490443535751;0;2;22;-0.4895868657694466;7;3.7149463886955267;4;22;-5.662438240380322;5;2;8;16;6;4;3;16
TRACK:151;87;49;3;2;2;0;4;6;5;3;0;2;9;17;2;17;9;2;2;4;2;6;1;20;2.1098190125857;12;0;0;13;22;-7.612119283205012;15;5;5;2;5;17;5;17;0;6;6;3;5;8;0;2;3;0;8;16;1;3;14;4;21;-9.224701231563493;3;0;3;16;6;23;-4.516171817121709;0;3;3;2;4;3;4;7;8.512711591586124;6;2;2;19;13;4;15;5;3;4;4;5;2;8;8;6;6;4;1;2;4;0;2;22;-0.4895868657694466;7;3.7149463886955267;4;22;-5.662438240380322;4;1;6;21;-4.515580796693804;4;15;3;4;0;0;24;23;-6.533255809464087;1;8;20;2.5821987645373965
TRACK:152;0;69;3;2;2;0;4;6;5;3;0;2;9;17;2;17;9;2;2;4;2;6;1;20;2.103335014477768;12;0;0;13;22;-7.668720952519537;4;13;5;5;2;5;17;5;17;0;6;6;3;5;8;0;2;3;0;8;25;1;3;14;4;21;-9.338297089936082;3;0;3;16;6;23;-4.604270103971883;0;3;3;2;4;3;4;7;8.519490652411115;6;4;13;5;3;4;4;5;2;8;8;6;6;4;1;2;4;0;2;22;-0.47033164796356;15;4;22;-5.561945304903528;4;1;6;21;-4.544005521250096;4;15;3;4;0;0;24;23;-6.4909834960336195;1;8;20;2.548562313784707
TRACK:153;0;69;3;5;5;2;5;17;5;17
TRACK:154;60;20;3;2;2;0;4;6;5;3;0;2;9;17;2;17;9;2;2;4;2;6;1;20;1.9959763550788845;12;0;0;13;22;-7.669689548117454;15;5;5;2;5;17;5;17;0;6;6;3;5;8;0;2;3;0;8;25;1;3;14;4;21;-9.259555015401801;3;4;6;10;0;3;3;2;4;3;4;7;8.66367362382159;6;2;2;19;13;4;15;5;3;4;4;5;2;8;8;6;6;4;1;2;4;0;2;22;-0.5374395888679485;7;3.4905745097479652;4;22;-5.666203870739625;1;20;1.9658899880963983;12;4;13
TRACK:155;60;20;3;2;2;0;4;6;5;3;0;2;9;17;2;17;9;2;2;4;2;6;1;20;1.9658899880963983;12;0;0;13;22;-7.855799345201995;4;13;5;5;2;5;17;5;17;0;6;6;3;5;8;8;0;3;3;2;4;3;4;7;8.5270825503715;6;2;2;19;13;4;15;5;3;4;4;5;2;8;8;6;6;4;1;2;4;0;2;22;-0.4634722802120927;15;4;22;-5.525048827714838;4;1;6;21;-4.421554917112125;4;15;3;2;3;0;8;25;1;3;14;4;21;-9.259555015401801
TRACK:156;88;42;3;2;2;0;4;6;5;3;0;2;9;17;2;17;9;2;2;4;2;6;1;20;1.9025355484820865;12;0;0;13;22;-7.73720679957712;15;0;3;6;13;5;4;16;0;6;6;3;5;8;0;2;3;0;8;25;1;3;14;4;21;-9.208432265217093;3;4;6;10;0;3;3;2;4;3;4;7;8.5463775541598;6;2;2;22;-7.771169404656229;13;4;15;5;3;4;4;5;2;8;8;6;6;4;1;2;4;0;2;22;-0.5447160717139243;7;3.3458924386562403;13;4;1;6;21;-4.427894981399856;4;15;4;13
TRACK:157;88;42;3;2;2;0;4;6;5;3;0;2;9;17;2;17;9;2;2;4;2;6;1;20;2.121631901701733;12;0;0;13;22;-7.771169404656229;4;13;5;5;2;5;17;5;17;0;6;6;3;5;8;0;2;3;0;8;25;1;3;14;4;21;-9.543985416272326;3;0;21;-9.208432265217093;6;23;-4.567061680244733;0;3;3;2;4;3;4;7;8.491255372828935;6;2;2;19;13;4;15;5;2;15;16;6;4;3;16
TRACK:158;66;60;3;2;2;0;4;6;5;3;0;2;9;17;2;17;9;2;2;4;2;6;1;20;2.1543547560896728;12;0;0;24;22;-7.8618336538943545;4;13;5;5;2;5;17;5;17;0;6;6;3;5;8;0;2;3;0;8;25;1;3;14;4;21;-9.520546689330818;3;0;7;8.66367362382159;6;23;-4.541988811127135;0;3;3;2;4;3;4;7;8.614079969463388;6;2;2;19;13;4;15;5;2;15;16;6;4;3;16
TRACK:159;66;60;3;2;2;0;4;6;5;3;0;2;9;17;2;17;9;2;2;4;2;6;1;20;1.9959763550788845;12;0;0;13;22;-7.669689548117454;15;5;5;2;5;17;5;17;0;6;6;3;5;8;0;2;3;0;8;25;1;3;14;4;21;-9.259555015401801;3;4;6;10;0;3;3;2;4;3;4;7;8.66367362382159;6;2;2;19;13;4;15;5;3;4;5;17;6;6;4;1;2;4;0;2;22;-0.5374395888679485;7;3.4905745097479652;4;22;-5.666203870739625;4;1;6;21;-4.534503622842499;4;15;4;13
TRACK:160;150;-1;3;2;2;0;4;6;5;3;0;2;9;17;2;17;9;2;2;4;2;6;1;20;2.226250909806871;12;6;3;24;5;5;2;5;17;5;17;4;9;0;3;3;2;4;3;4;7;8.352412685287483;0;2;22;-0.5314164845122205;7;3.777448640955351;4;22;-5.796436873441561;5;2;8;16;6;4;3;16
TRACK:161;152;-1;3;2;2;0;4;6;5;3;0;2;9;17;2;17;9;2;2;4;2;6;1;20;2.1711740445450616;12;0;0;13;22;-7.599056428222379;4;13;5;5;2;5;17;5;17;0;6;6;3;5;8;0;2;3;0;8;25;1;0;23;-4.724119127492705;7;-9.555489107730038;4;21;-9.301137257965049;3;0;3;16;6;23;-4.644603893104291;0;3;3;2;4;3;4;7;8.442892189592257;6;4;13;5;3;4;4;5;2;8;8;6;6;4;1;2;4;0;2;22;-0.45503666862875247;15;4;22;-5.547221223432983;4;1;6;21;-4.416733749503204;4;15;3;4;0;0;24;23;-6.354755919210449;1;8;20;2.7227399403672212
TRACK:162;154;-1;3;2;2;0;4;6;5;3;0;2;9;17;2;17;9;2;2;4;2;6;1;20;2.0069964978764805;12;0;0;13;22;-7.582270960929607;5;16;5;5;2;5;17;5;17;0;6;6;3;5;8;0;2;3;0;8;25;1;3;14;4;21;-9.363198678132479;3;4;6;10;0;3;3;2;4;3;4;7;8.66031912505478;6;2;2;19;13;4;15;5;3;4;4;5;2;8;8;6;6;4;1;2;4;0;2;22;-0.5855148787101487;7;3.578882727399818;4;22;-5.794114255108277;1;20;2.0001462562499346;12;4;13
TRACK:163;88;-1;3;2;2;0;4;6;5;3;0;2;9;17;2;17;9;2;2;4;2;6;1;20;1.7941020664539074;12;0;0;13;22;-7.950334994681102;15;0;3;6;13;5;4;16;0;6;6;3;5;8;0;2;3;0;8;25;1;3;14;4;21;-9.260526625469225;3;4;6;10;6;18;6;6;4;1;2;4;0;2;22;-0.5761453927255464;7;3.3633720695038796;13;4;1;6;21;-4.473344772014102;4;15;4;13
TRACK:164;158;-1;3;2;2;0;4;6;5;3;0;2;9;17;2;17;9;2;2;4;2;6;1;20;1.9793964191360447;12;0;0;24;22;-7.909646447801101;4;13;5;5;2;5;17;5;17;0;6;6;3;5;8;0;2;3;0;8;25;1;3;14;4;21;-9.438324373163404;3;0;7;8.744422405442833;6;23;-4.691135974931935;0;3;3;2;4;3;3;12;6;2;2;19;13;4;15;5;2;15;16;6;4;3;16
TRACK:165;151;-1;3;2;2;0;4;6;5;3;0;2;9;17;2;17;9;2;2;4;2;6;1;20;2.0460202234968627;12;0;0;13;22;-7.54040490459955;15;5;5;2;5;17;5;17;0;6;6;3;5;8;0;2;3;0;8;16;1;3;14;4;23;-6.55870855844241;3;0;3;16;6;23;-4.587336479187328;0;3;3;2;4;3;4;7;8.676429924187923;6;2;2;19;13;4;15;5;3;4;4;5;2;8;8;6;6;4;1;2;4;0;2;22;-0.4195730448430309;7;3.612561014964459;4;22;-5.7058458634766644;4;1;6;21;-4.571679598547784;4;15;3;4;0;0;24;23;-6.562699266059476;1;8;20;2.5438422621683636
TRACK:166;153;-1;3;5;5;2;5;0;2;3;15;1;9;20;8.536081201942764;2;3;9;0;12;23;6.43144105019158;5;17
TRACK:167;155;-1;3;2;2;0;4;6;5;3;0;2;9;17;2;17;9;2;2;4;2;6;1;20;1.935602352890931;12;0;0;13;22;-7.841826258278795;4;13;5;5;2;3;24;5;17;0;6;6;3;5;8;8;0;3;3;2;4;3;4;7;8.5769782358189;6;2;2;19;13;4;15;5;3;4;4;5;2;8;8;6;6;4;1;2;4;0;2;22;-0.4807404819976094;15;4;22;-5.586975381005605;4;1;6;21;-4.563757248157866;4;15;3;2;3;0;8;25;1;3;14;4;21;-9.403956404597938
TRACK:168;42;-1;3;2;2;0;4;6;5;3;0;2;9;17;2;17;9;2;2;4;2;6;1;20;2.0212419965988575;12;0;0;13;22;-7.745691526482802;4;13;5;5;2;5;17;5;17;0;6;6;3;5;8;0;2;3;0;8;25;1;3;14;4;21;-9.507377822453016;6;6;4;7;3.297479968638843;0;3;3;2;4;3;4;7;8.439883631929845;6;2;2;19;13;4;15;5;2;15;16;6;4;3;16
TRACK:169;159;-1;3;2;2;0;4;6;5;3;0;2;9;17;2;17;9;2;2;4;2;6;1;20;1.961166245669948;12;0;0;13;22;-7.783479040278781;15;5;5;2;5;17;5;17;0;6;6;3;5;8;0;2;3;0;8;18;1;3;14;4;21;-9.167250215379884;3;4;6;10;0;3;3;2;4;3;4;7;8.756969277092143;6;2;2;19;13;4;15;5;3;4;5;17;6;6;4;1;2;4;0;2;22;-0.6064932227219959;7;3.52256615515683;4;22;-5.334834506183334;4;1;6;21;-4.658435633837965;4;15;4;13
EVAL_INSTANCE:8:0:160
EVAL_INSTANCE:8:1:161
EVAL_INSTANCE:8:2:162
EVAL_INSTANCE:8:3:163
EVAL_INSTANCE:8:4:164
EVAL_INSTANCE:8:5:165
EVAL_INSTANCE:8:6:166
EVAL_INSTANCE:8:7:167
EVAL_INSTANCE:8:8:168
EVAL_INSTANCE:8:9:169
RUN_RESULT:8:0:0:2000:----
RUN_RESULT:8:1:0:2000:----
RUN_RESULT:8:2:0:299:UUUURRURDRDDDD
RUN_RESULT:8:3:0:299:UUUURRURDRDDDD
RUN_RESULT:8:4:0:301:UUUURRURDRDDDD
RUN_RESULT:8:5:0:299:UUUURRURDRDDDD
RUN_RESULT:8:6:0:2000:----
RUN_RESULT:8:7:0:2000:----
RUN_RESULT:8:8:0:313:UUUURRURDRDDDD
RUN_RESULT:8:9:0:299:UUUURRURDRDDDD
     9 |       90 | -3.701000E+03 | -3.701000E+03
TRACK:170;87;49;3;2;2;0;4;6;5;3;0;2;9;17;0;24;23;-6.533255809464087;2;2;4;2;6;1;20;2.214105586474597;12;0;0;13;22;-7.9378714800590835;4;13;5;5;2;5;17;5;17;4;9;0;3;3;2;4;3;4;7;8.38490443535751;6;2;2;19;13;4;15;5;2;8;16;6;4;3;16
TRACK:171;87;49;3;2;2;0;4;6;5;3;0;2;9;17;2;17;9;2;2;4;2;6;1;20;2.1098190125857;12;0;0;13;22;-7.612119283205012;15;5;5;2;5;17;5;17;0;6;6;9;0;2;3;0;8;25;1;3;14;4;21;-9.224701231563493;3;0;3;16;6;23;-4.516171817121709;0;3;3;2;4;3;4;7;8.512711591586124;6;2;2;19;13;4;15;5;3;4;4;5;2;8;8;6;6;4;1;2;4;0;2;22;-0.4895868657694466;7;3.7149463886955267;4;22;-5.662438240380322;4;1;6;21;-4.515580796693804;4;15;3;4;0;0;24;23;-6.533255809464087;1;8;20;2.5821987645373965
TRACK:172;60;67;3;2;2;0;4;6;5;3;0;2;9;17;2;17;9;2;2;4;2;6;1;20;1.9959763550788845;12;0;0;13;22;-7.669689548117454;15;5;5;2;5;17;5;17;0;6;6;3;5;8;0;2;3;5;8;1;3;14;4;21;-9.259555015401801;3;4;6;10;0;3;3;2;4;3;4;7;8.66367362382159;6;2;2;19;13;4;15;5;3;4;4;5;2;8;8;6;6;4;1;2;4;0;2;22;-0.5374395888679485;7;3.4905745097479652;4;22;-5.666203870739625;4;1;6;21;-4.534503622842499;4;15;4;13
TRACK:173;60;67;3;2;2;0;4;6;5;3;0;2;9;17;2;17;9;2;2;4;2;6;1;20;2.1779840946506437;12;0;0;13;22;-7.780732843813523;4;13;5;5;2;5;17;5;17;9;0;3;3;2;4;3;4;19;6;2;2;19;13;4;15;5;3;4;4;5;2;8;8;6;6;4;3;3;0;10;11
TRACK:174;69;66;3;2;2;0;4;6;5;3;0;2;9;17;2;17;9;2;2;4;2;6;1;20;2.040483863111168;12;0;0;13;22;-7.895487932721842;4;13;5;5;2;5;17;5;17;0;6;6;3;4;18;8;0;3;3;2;4;3;4;7;8.608640352931156;6;2;2;19;13;4;15;2;2;4;2;6;1;20;2.1543547560896728;12;0;0;24;22;-7.8618336538943545;4;13;5;5;2;5;17;5;17;0;6;6;3;5;8;0;2;3;0;8;25;1;3;14;4;21;-9.520546689330818;3;0;3;16;6;23;-4.541988811127135;6;6;4;1;2;4;0;2;22;-0.5412784101343533;15;4;22;-5.592137493672627;4;1;6;21;-4.299909786471764;4;15;3;5;19
TRACK:175;69;66;3;2;2;0;4;6;5;3;0;2;9;17;2;17;9;2;2;4;2;6;1;20;2.1543547560896728;12;0;0;24;22;-7.8618336538943545;4;13;5;5;2;5;17;5;17;0;6;6;3;5;8;0;2;3;0;8;25;1;3;14;4;21;-9.520546689330818;3;0;3;16;6;23;-4.541988811127135;0;3;3;2;4;3;4;7;8.614079969463388;6;2;2;19;13;4;15;5;2;15;16;6;4;3;16
TRACK:176;87;88;3;2;2;0;4;6;5;3;0;2;9;17;2;17;9;2;2;4;5;2;8;8;5;5;2;5;17;5;17;4;9;0;3;3;2;4;3;4;7;8.38490443535751;6;2;2;19;13;4;15;5;2;8;16;6;4;3;16
TRACK:177;87;88;3;2;2;0;4;6;5;3;17;2;2;4;2;6;1;20;1.9025355484820865;12;0;0;13;22;-7.73720679957712;15;0;3;6;13;5;4;16;0;6;6;3;5;8;0;2;3;0;8;25;1;3;14;4;21;-9.208432265217093;3;4;6;10;0;3;3;2;4;3;4;7;8.5463775541598;6;2;2;19;13;4;15;5;3;4;4;5;2;8;8;6;6;4;1;2;4;0;2;22;-0.5447160717139243;7;3.3458924386562403;13;4;1;6;21;-4.427894981399856;4;15;4;13
TRACK:178;0;67;3;2;2;0;4;6;5;3;0;2;9;17;2;17;9;2;2;4;2;6;1;20;2.103335014477768;12;0;0;13;22;-7.668720952519537;6;23;-4.541168066105915;5;5;2;5;17;5;17;0;6;6;3;5;8;0;2;3;0;8;25;1;3;14;4;21;-9.338297089936082;3;0;3;16;6;23;-4.604270103971883;0;3;3;2;4;3;4;7;8.519490652411115;6;2;2;19;13;4;15;5;3;4;4;5;2;8;8;6;6;4;1;2;4;0;2;22;-0.47033164796356;15;4;22;-5.561945304903528;4;1;6;21;-4.544005521250096;4;15;3;4;0;0;24;23;-6.4909834960336195;1;8;20;2.548562313784707
TRACK:179;0;67;3;2;2;0;4;6;5;3;0;2;9;17;2;17;9;2;2;4;2;6;1;20;2.1779840946506437;12;0;0;13;22;-7.780732843813523;4;13;5;5;2;5;17;5;17;0;6;6;3;5;8;0;2;3;0;8;25;1;3;14;23;-6.4909834960336195;3;0;3;16;6;23;-4.541168066105915;0;3;3;2;4;3;4;19;6;2;2;19;13;4;15;5;3;4;4;5;2;8;8;6;6;4;3;3;0;10;11
TRACK:180;170;-1;3;2;2;0;4;6;5;3;0;2;9;17;0;24;23;-6.534162876548002;2;2;4;2;6;1;20;2.2255350241171805;12;0;0;13;22;-8.09535896267813;4;13;5;5;2;5;17;5;17;4;9;0;3;3;2;4;3;4;7;8.414381786579664;6;2;2;19;13;4;15;5;2;8;16;6;4;3;16
TRACK:181;172;-1;3;2;2;0;4;6;5;3;0;2;9;17;2;17;9;2;2;4;2;6;1;20;2.03053268536516;12;0;0;13;22;-7.844298187961697;15;5;5;2;5;17;5;17;0;6;6;6;1;7;3.0503772527213275;13;0;2;3;5;8;1;3;14;4;21;-9.14825839606563;3;4;6;10;0;3;3;2;4;3;4;7;8.718881970866924;6;2;2;19;13;4;15;5;3;4;4;5;2;8;8;6;6;4;1;2;4;0;2;22;-0.38708776627458136;7;3.484945332499095;4;22;-5.6872766063658045;4;1;6;21;-4.6241183131953765;4;15;4;13
TRACK:182;174;-1;3;2;2;0;4;6;5;3;0;2;9;17;2;17;9;2;2;4;2;6;1;20;2.217716270851444;12;0;0;13;22;-7.920944829354166;4;23;-5.183021486484181;5;5;2;5;17;5;17;0;6;6;3;4;18;8;0;3;3;2;4;3;4;7;8.560780782340013;6;2;2;19;13;4;15;2;2;4;2;6;1;20;2.1131051412151947;12;0;0;24;22;-8.00686944018947;4;13;5;5;2;5;17;5;17;0;6;6;3;5;8;0;2;3;0;8;25;1;3;14;4;21;-9.379157236495846;3;0;3;16;6;23;-4.536844329689984;6;6;4;1;2;4;0;2;22;-0.4790312056686797;15;4;22;-5.59258488118769;4;1;6;21;-4.298634842132845;4;15;3;5;19
TRACK:183;176;-1;3;2;2;0;4;6;5;3;0;2;9;17;2;17;10;2;2;4;5;2;8;8;5;5;2;5;17;5;17;4;9;0;3;3;2;4;3;4;7;8.425551308860754;6;2;2;19;13;4;15;5;2;8;16;6;4;3;16
TRACK:184;178;-1;3;2;2;0;4;6;5;3;0;2;9;17;2;17;9;2;2;4;2;6;1;20;1.99761275536712;12;0;0;13;22;-7.766082222320208;6;23;-4.357237688544879;5;5;2;5;17;5;17;0;6;6;3;5;8;0;2;3;0;8;25;1;3;14;4;21;-9.425541419529416;3;0;3;16;6;23;-4.759968772262885;0;3;3;2;4;3;4;7;8.469410647239817;6;2;2;19;13;4;15;5;3;4;4;5;2;8;8;6;5;2;25;16
TRACK:185;171;-1;3;2;2;0;4;6;5;3;0;2;9;17;2;17;9;2;2;4;2;6;1;20;1.9511833277596695;12;0;2;17;14;15;5;5;2;5;17;5;17;0;6;6;9;0;2;3;0;8;25;1;3;14;4;21;-9.225257255505023;3;0;3;16;6;23;-4.549796480093722;0;3;3;2;4;3;4;7;8.45696722504938;6;2;2;19;13;4;15;5;3;4;4;5;2;8;8;6;6;4;1;2;4;0;2;22;-0.6484224618582295;7;3.7670141131821766;4;22;-5.6009046437550305;4;1;6;21;-4.690938410239141;4;15;3;4;0;0;24;23;-6.666892799134559;1;8;20;2.6643401810480136
TRACK:186;173;-1;3;2;2;0;4;6;5;3;0;2;9;17;2;17;9;2;2;4;2;6;1;20;2.226745174299875;12;0;0;13;22;-7.8448075919449565;4;13;5;5;2;5;17;5;17;9;0;3;3;2;4;3;4;19;6;2;2;19;13;4;15;5;3;4;4;5;2;8;8;6;6;4;3;5;12
TRACK:187;175;-1;3;2;2;0;4;6;5;3;0;2;9;17;2;17;9;2;2;4;2;6;1;20;2.0832134949012344;12;0;0;24;22;-7.783102409668522;4;13;5;5;2;5;17;5;17;0;6;6;3;5;8;0;2;3;0;8;25;1;3;14;4;21;0.2710495289899342;3;0;3;16;6;23;-4.412133813251171;0;3;3;2;4;3;4;7;8.662566511375095;6;2;2;19;13;4;15;5;2;15;16;6;4;3;16
TRACK:188;177;-1;3;2;2;0;4;6;5;3;17;2;2;4;2;6;1;20;1.9632068602360702;12;0;0;13;22;-7.614265877959074;15;0;3;6;13;5;4;16;0;6;6;3;5;8;0;2;3;0;8;25;1;3;14;4;21;-9.099050776688975;0;2;22;-8.650970184492525;10;1;20;-3.1862134859208213;14;0;3;3;2;4;3;4;7;8.474603659183895;6;2;2;19;13;4;15;5;3;4;4;5;2;8;8;6;6;4;1;2;4;0;2;22;-0.5967124131305558;7;3.3029271248131864;13;4;1;6;21;-4.472114697892842;4;15;4;13
TRACK:189;179;-1;3;2;2;0;4;6;5;3;0;2;9;17;2;17;9;2;2;4;2;6;1;20;2.240665478985722;12;0;0;13;22;-7.589971947976587;4;13;5;5;2;5;17;5;17;0;6;6;3;5;8;0;2;3;0;8;25;1;3;14;23;-6.325949601644934;3;0;3;16;6;23;-4.413964179038013;0;3;3;2;4;3;4;19;6;2;2;15;14;4;15;5;3;4;4;5;2;8;8;6;6;4;3;3;0;10;11
EVAL_INSTANCE:9:0:180
EVAL_INSTANCE:9:1:181
EVAL_INSTANCE:9:2:182
EVAL_INSTANCE:9:3:183
EVAL_INSTANCE:9:4:184
EVAL_INSTANCE:9:5:185
EVAL_INSTANCE:9:6:186
EVAL_INSTANCE:9:7:187
EVAL_INSTANCE:9:8:188
EVAL_INSTANCE:9:9:189
RUN_RESULT:9:0:0:299:UUUURRURDRDDDD
RUN_RESULT:9:1:0:300:UUUURRURDRDDDD
RUN_RESULT:9:2:0:2000:----
RUN_RESULT:9:3:0:311:UUUURRURDRDDDD
RUN_RESULT:9:4:0:310:UUUURRURDRDDDD
RUN_RESULT:9:5:0:315:UUUURRURDRDDDD
RUN_RESULT:9:6:0:2000:----
RUN_RESULT:9:7:0:299:UUUURRURDRDDDD
RUN_RESULT:9:8:0:2000:----
RUN_RESULT:9:9:0:301:UUUURRURDRDDDD
    10 |      100 | -3.701000E+03 | -3.701000E+03
TRACK:190;66;67;3;2;2;0;4;6;5;3;0;2;9;17;2;17;9;2;2;4;2;6;1;20;2.1543547560896728;12;0;0;24;22;-7.8618336538943545;4;13;5;5;2;5;17;5;17;0;6;6;3;5;8;0;2;0;8;25;1;3;14;4;21;-9.520546689330818;3;0;3;16;6;23;-4.541988811127135;0;3;3;2;4;3;4;7;8.614079969463388;6;2;2;19;13;4;15;5;2;15;16;6;4;3;16
TRACK:191;66;67;3;2;2;0;4;6;5;3;0;2;9;17;2;17;9;2;2;4;2;6;1;20;2.1779840946506437;12;0;0;13;22;-7.780732843813523;4;13;2;15;16;0;6;6;3;5;8;0;2;3;0;8;25;1;3;14;4;21;-9.32440206237436;3;0;3;16;6;23;-4.541168066105915;0;3;3;2;4;3;4;19;6;2;2;19;13;4;15;5;3;4;4;5;2;8;8;6;6;4;3;3;0;10;11
TRACK:192;69;49;3;2;2;0;4;6;5;3;0;2;9;17;2;17;9;2;2;4;2;6;1;20;2.040483863111168;13;0;0;13;22;-7.895487932721842;4;13;5;5;2;5;17;5;17;0;6;6;3;4;18;8;0;3;3;2;4;3;4;7;8.608640352931156;6;2;2;19;13;4;15;5;3;4;4;5;2;8;8;6;6;4;1;2;4;0;2;22;-0.5412784101343533;15;4;22;-5.592137493672627;4;1;6;21;-4.299909786471764;4;15;3;5;19
TRACK:193;69;49;3;2;2;0;4;6;5;3;0;2;9;17;2;17;9;2;2;4;2;6;1;20;2.1098190125857;12;0;0;13;22;-7.612119283205012;15;5;5;2;5;17;5;17;0;6;6;3;5;8;0;2;3;0;8;25;1;3;14;4;21;-9.224701231563493;3;0;3;16;6;23;-4.516171817121709;0;3;3;2;4;3;4;7;8.512711591586124;6;2;2;19;13;4;15;5;3;4;4;5;2;8;8;6;6;4;1;2;4;0;2;8;7;3.7149463886955267;4;22;-5.662438240380322;4;1;6;21;-4.515580796693804;4;15;3;4;0;0;24;23;-6.533255809464087;1;8;20;2.5821987645373965
TRACK:194;87;67;3;2;2;0;4;6;5;3;0;2;9;17;2;17;9;2;2;4;2;6;1;20;2.214105586474597;12;0;0;13;22;-7.9378714800590835;4;13;5;5;2;5;17;5;17;4;9;0;3;3;2;4;3;4;7;8.38490443535751;6;2;2;10;13;4;15;5;2;8;16;6;4;3;16
TRACK:195;87;67;3;2;2;3;0;2;9;17;2;17;9;0;3;3;2;4;3;4;19;6;2;2;19;13;4;15;5;3;4;4;5;2;8;8;6;6;4;3;3;0;10;11
TRACK:196;49;0;3;2;2;0;4;6;5;3;0;2;9;17;2;17;9;2;2;4;2;6;1;20;2.1098190125857;12;0;0;13;22;-7.612119283205012;15;5;5;2;5;17;5;17;0;6;6;3;5;8;0;2;3;0;8;25;1;4;22;-5.561945304903528;4;21;-9.224701231563493;3;0;3;16;6;23;-4.516171817121709;0;3;3;2;4;3;4;7;8.512711591586124;6;2;2;19;13;4;15;5;3;4;4;5;2;8;8;6;6;4;1;2;4;0;2;22;-0.4895868657694466;7;3.7149463886955267;4;22;-5.662438240380322;4;1;6;21;-4.515580796693804;4;15;3;4;0;0;24;23;-6.533255809464087;1;8;20;2.5821987645373965
TRACK:197;49;0;3;2;2;0;4;6;5;3;0;2;9;17;2;17;9;2;2;4;2;6;1;20;2.103335014477768;12;0;0;13;22;-7.668720952519537;4;13;5;5;2;5;17;5;17;0;6;6;3;5;8;0;2;3;0;8;25;1;3;14;4;21;-9.338297089936082;3;0;3;16;6;23;-4.604270103971883;0;3;3;2;4;3;4;7;8.519490652411115;6;2;2;19;15;4;15;5;3;4;4;5;2;8;8;6;6;4;1;2;4;0;2;22;-0.47033164796356;15;4;22;-5.561945304903528;4;1;6;21;-4.544005521250096;4;15;3;4;0;0;24;23;-6.4909834960336195;1;8;20;2.548562313784707
TRACK:198;60;87;3;2;2;0;4;6;5;3;0;2;9;17;2;17;9;2;2;4;2;6;1;20;1.9959763550788845;12;0;0;13;22;-7.669689548117454;15;5;5;2;5;17;5;17;0;6;6;3;5;8;0;2;3;0;8;25;1;3;12;4;21;-9.259555015401801;3;4;6;10;0;3;3;2;4;3;4;7;8.66367362382159;6;2;2;19;13;4;15;5;3;4;4;5;2;8;8;6;6;4;1;2;4;0;2;22;-0.5374395888679485;7;3.4905745097479652;4;22;-5.666203870739625;4;1;6;21;-4.534503622842499;4;15;4;13
TRACK:199;60;87;3;2;2;0;4;6;5;3;0;2;9;17;2;17;9;2;2;4;2;6;1;20;2.214105586474597;12;0;0;13;22;-7.9378714800590835;4;13;5;5;2;5;17;5;17;4;9;0;4;4;5;2;8;8;5;2;8;16;6;4;3;16
TRACK:200;190;-1;3;2;2;0;4;6;5;3;0;2;9;17;2;17;9;2;2;4;2;6;1;20;2.132188821770809;12;0;0;24;22;-7.915123410382636;4;13;5;5;2;5;17;5;17;0;6;6;3;2;18;16;0;2;0;8;25;1;3;14;4;21;-9.561760662015972;3;0;3;16;6;23;-4.4941192087094635;0;3;3;2;4;3;4;7;8.737932275237016;6;2;2;19;13;4;15;5;2;15;16;6;4;3;16
TRACK:201;192;-1;3;2;2;0;4;6;5;3;0;2;9;17;2;17;9;2;2;4;2;6;1;20;1.963423485695931;13;0;0;13;22;-7.9723593599873235;4;13;5;5;2;5;17;5;17;0;6;6;3;0;10;16;8;0;3;3;2;4;3;4;7;8.849624532874332;6;2;2;19;13;4;15;5;3;4;4;5;2;8;8;6;6;4;1;2;4;0;2;22;-0.49716267247002716;15;4;22;-5.517418024965897;4;1;6;21;-4.248058394070811;4;15;3;5;19
TRACK:202;194;-1;3;2;2;0;4;5;22;6.223725725277717;2;2;4;2;6;1;20;2.2828665254527682;12;0;0;13;22;-7.804958892688198;4;13;5;5;2;5;17;5;17;4;9;0;3;3;2;4;3;4;7;8.29369409822836;6;2;2;10;13;4;15;5;2;8;16;6;4;3;16
TRACK:203;196;-1;3;2;2;0;4;6;5;3;0;2;9;17;2;17;9;2;2;4;2;6;1;20;2.007016387664271;12;0;0;13;22;-7.65394915435404;15;5;5;2;5;17;5;17;0;6;6;3;5;8;0;2;3;0;8;25;1;4;22;-5.6257376766472795;4;21;-9.268437946892744;3;0;3;16;6;23;-4.6007908160495665;0;3;3;2;4;3;4;7;8.36352078506949;6;2;2;19;13;4;15;5;3;4;4;5;2;8;8;6;6;4;1;2;4;0;2;22;-0.4811837603048794;7;3.6076345159436367;4;22;-5.609771342495486;4;3;15;3;4;0;0;24;23;-6.5836179352042;1;8;20;2.6836187005017753
TRACK:204;198;-1;3;2;2;0;4;6;5;3;0;2;9;17;2;17;9;2;2;4;2;6;1;20;1.864229955061577;12;0;0;13;22;-7.708126651904998;15;5;5;2;5;17;5;17;0;6;6;3;5;8;0;2;3;0;8;25;1;3;12;4;21;-9.24068602205443;3;4;6;10;0;3;3;2;4;3;4;7;8.664524310713686;6;2;2;19;11;4;15;5;3;4;4;5;2;8;8;6;6;4;1;2;4;0;2;22;-0.6641179981696896;7;3.569551718798631;4;22;-5.623465302778297;4;1;6;21;-4.590926329638614;4;15;4;13
TRACK:205;191;-1;3;2;2;0;4;6;5;3;0;2;9;17;2;17;9;2;2;4;2;6;1;20;2.110275989009671;12;0;0;13;22;-7.814636034582957;4;13;2;15;16;0;6;6;3;5;8;0;2;3;0;8;25;1;3;14;4;17;3;0;3;16;6;23;-4.5630506393897035;0;3;3;2;4;3;4;19;6;2;2;19;13;4;15;5;3;4;4;5;2;8;8;6;6;4;3;3;0;10;11
TRACK:206;193;-1;3;2;2;0;4;6;5;3;0;2;9;17;2;17;9;2;2;4;2;6;1;20;1.953663586944495;12;0;0;13;22;-7.747159954772028;15;5;5;2;5;17;5;17;0;6;6;3;5;8;0;2;3;0;8;25;1;3;14;4;21;-9.079651560841477;3;0;3;16;6;23;-4.454803638797655;0;3;3;2;4;3;4;7;8.408257657288475;6;2;2;19;13;4;15;5;3;4;4;5;2;8;8;6;6;4;1;2;4;0;2;8;7;3.7348667454374658;4;22;-5.6102688155108416;4;1;6;21;-4.516078439494875;4;15;3;4;0;0;24;23;-6.452966150718588;1;8;21;-8.516398446022288
TRACK:207;195;-1;3;2;2;3;0;2;9;17;2;17;9;0;3;3;2;4;3;4;19;6;2;2;19;13;4;15;5;3;4;4;5;2;8;8;6;6;4;3;1;6;12;2;25;13
TRACK:208;197;-1;3;2;2;0;4;6;5;3;0;2;9;17;2;17;9;2;2;4;2;6;1;20;2.097242403646035;12;0;0;13;22;-7.632234966978886;4;13;5;2;2;15;25;6;13;0;6;6;3;5;8;0;2;3;0;8;25;1;3;14;4;21;-9.229969625780573;3;0;3;16;6;23;-4.519045731157133;0;3;3;2;4;3;4;7;8.48207923124143;6;2;2;19;15;4;15;5;3;4;4;5;2;8;8;6;6;4;1;2;4;0;2;22;-0.5322969663527063;15;4;22;-5.45342904842305;4;1;6;21;-4.6073994179730295;4;15;3;4;0;0;24;23;-6.6461215464501935;1;8;20;2.624957786836566
TRACK:209;199;-1;3;2;2;0;4;6;5;3;0;2;9;17;2;17;9;2;2;4;2;6;1;20;2.2470461361156437;12;0;0;13;22;-7.902568950334139;4;13;5;5;2;5;17;5;17;4;9;0;0;3;2;3;5;16;4;6;20;-2.044754099565269;1;2;4;3;10;3;4;9;3;5;2;8;12;5;2;8;16;6;4;3;16
EVAL_INSTANCE:10:0:200
EVAL_INSTANCE:10:1:201
EVAL_INSTANCE:10:2:202
EVAL_INSTANCE:10:3:203
EVAL_INSTANCE:10:4:204
EVAL_INSTANCE:10:5:205
EVAL_INSTANCE:10:6:206
EVAL_INSTANCE:10:7:207
EVAL_INSTANCE:10:8:208
EVAL_INSTANCE:10:9:209
RUN_RESULT:10:0:0:299:UUUURRURDRDDDD
RUN_RESULT:10:1:0:2000:----
RUN_RESULT:10:2:0:2000:----
RUN_RESULT:10:3:0:2000:----
RUN_RESULT:10:4:0:302:UUUURRURDRDDDD
RUN_RESULT:10:5:0:299:UUUURRURDRDDDD
RUN_RESULT:10:6:0:292:UUUURRURDRDDDD
RUN_RESULT:10:7:0:2000:----
RUN_RESULT:10:8:0:303:UUUURRURDRDDDD
RUN_RESULT:10:9:0:311:UUUURRURDRDDDD
    11 |      110 | -3.701700E+03 | -3.708000E+03
TRACK:210;60;42;3;2;2;0;4;6;5;3;0;2;9;17;2;17;9;2;2;4;2;6;1;20;1.9959763550788845;12;0;0;13;22;-7.669689548117454;15;5;5;2;5;17;5;17;0;6;6;3;5;8;0;2;3;0;8;25;1;3;14;4;21;-9.259555015401801;3;4;6;10;0;3;3;2;4;3;4;7;8.66367362382159;6;2;2;19;13;4;15;5;3;4;4;5;2;8;8;6;6;4;1;2;4;0;2;7;8.491255372828935;7;3.4905745097479652;4;22;-5.666203870739625;4;1;6;21;-4.534503622842499;4;15;4;13
TRACK:211;60;42;3;2;2;0;4;6;5;3;0;2;9;17;2;17;9;2;2;4;2;6;1;20;2.121631901701733;12;0;0;13;22;-7.771169404656229;4;13;5;5;2;5;17;5;17;0;6;6;4;22;-5.666203870739625;0;2;3;0;8;25;1;3;14;4;21;-9.543985416272326;3;0;3;16;6;23;-4.567061680244733;0;3;3;2;4;3;4;7;8.491255372828935;6;2;2;19;13;4;15;5;2;15;16;6;4;3;16
TRACK:212;67;0;3;2;2;0;4;6;5;3;0;2;9;17;2;17;9;2;2;4;2;6;1;20;2.1779840946506437;12;0;23;-6.4909834960336195;4;13;5;5;2;5;17;5;17;0;6;6;3;5;8;0;2;3;0;8;25;1;3;14;4;21;-9.32440206237436;3;0;3;16;6;23;-4.541168066105915;0;3;3;2;4;3;4;19;6;2;2;19;13;4;15;5;3;4;4;5;2;8;8;6;6;4;3;3;0;10;11
TRACK:213;67;0;3;2;2;0;4;6;5;3;0;2;9;17;2;17;9;2;2;4;2;6;1;20;2.103335014477768;12;0;0;13;22;-7.668720952519537;4;23;-4.541168066105915;5;5;2;5;17;5;17;0;6;6;3;5;8;0;2;3;0;8;25;1;3;14;4;21;-9.338297089936082;3;0;3;16;6;23;-4.604270103971883;0;3;3;2;4;3;4;7;8.519490652411115;6;2;2;19;13;4;15;5;3;4;4;5;2;8;8;6;6;4;1;2;4;0;2;22;-0.47033164796356;15;4;22;-5.561945304903528;4;1;6;21;-4.544005521250096;4;15;3;4;0;0;24;23;-6.4909834960336195;1;8;20;2.548562313784707
TRACK:214;206;66;3;2;2;0;4;6;5;3;0;2;9;17;2;17;9;2;2;4;2;6;1;20;1.953663586944495;12;0;0;13;22;-7.747159954772028;15;5;5;2;5;17;5;17;0;6;6;3;5;8;0;2;3;0;8;25;1;3;14;4;21;-9.079651560841477;3;0;3;16;6;23;-4.454803638797655;0;3;3;2;4;3;4;7;8.408257657288475;6;2;2;19;13;4;15;5;3;4;4;5;2;8;8;6;6;4;1;2;4;0;2;8;7;3.7348667454374658;4;17;4;1;6;21;-4.516078439494875;4;15;3;4;0;0;24;23;-6.452966150718588;1;8;21;-8.516398446022288
TRACK:215;206;66;3;2;2;0;4;6;5;3;0;2;9;17;2;17;9;2;2;4;2;6;1;20;2.1543547560896728;12;0;0;24;22;-7.8618336538943545;4;13;5;5;2;5;17;5;17;0;6;6;3;5;8;0;2;3;0;8;25;1;3;14;4;21;-9.520546689330818;3;0;3;16;6;23;-4.541988811127135;0;3;3;2;4;3;4;7;8.614079969463388;6;2;2;19;13;4;15;5;2;15;16;6;4;21;-4.516078439494875
TRACK:216;87;206;3;2;2;0;4;6;5;3;0;2;9;17;2;17;9;2;2;4;2;6;1;20;2.214105586474597;12;0;0;13;22;-7.9378714800590835;4;13;23;-6.452966150718588;4;9;0;3;3;2;4;3;4;7;8.38490443535751;6;2;2;19;13;4;15;5;2;8;16;6;4;3;16
TRACK:217;87;206;3;2;2;0;4;6;5;3;0;2;9;17;2;22;-7.9378714800590835;9;2;2;4;2;6;1;20;1.953663586944495;12;0;0;13;22;-7.747159954772028;15;5;5;2;5;17;5;17;0;6;6;3;5;8;0;2;3;0;8;25;1;3;14;4;21;-9.079651560841477;3;0;3;16;6;23;-4.454803638797655;0;3;3;2;4;3;4;7;8.408257657288475;6;2;2;19;13;4;15;5;3;4;4;5;2;8;8;6;6;4;1;2;4;0;2;8;7;3.7348667454374658;4;22;-5.6102688155108416;4;1;6;21;-4.516078439494875;4;15;3;4;0;0;24;23;-6.452966150718588;1;8;21;-8.516398446022288
TRACK:218;60;20;3;2;2;0;4;6;5;3;0;2;9;17;2;17;9;2;2;4;2;6;1;20;1.9959763550788845;12;0;0;13;22;-7.669689548117454;15;5;5;2;5;17;5;17;0;6;6;3;5;8;0;2;3;0;8;25;1;3;14;4;21;-9.259555015401801;3;4;6;10;0;3;3;2;4;3;4;7;8.66367362382159;6;2;2;19;13;4;15;5;3;4;4;5;2;8;8;6;6;4;1;2;4;0;2;22;-0.5374395888679485;7;3.4905745097479652;4;22;-5.666203870739625;4;1;6;21;-4.534503622842499;4;15;4;13
TRACK:219;60;20;3;2;2;0;4;6;5;3;0;2;9;17;2;17;9;2;2;4;2;6;1;20;1.9658899880963983;12;0;0;13;22;-7.855799345201995;4;13;5;5;2;5;17;5;17;0;6;6;3;5;8;8;0;3;3;2;4;3;4;7;8.5270825503715;6;2;2;19;13;4;15;3;0;8;25;6;6;4;1;2;4;0;2;22;-0.4634722802120927;15;4;22;-5.525048827714838;4;1;6;21;-4.421554917112125;4;15;3;5;19
TRACK:220;210;-1;3;2;2;0;4;6;5;3;0;2;9;17;2;17;9;2;2;4;2;6;1;20;1.9371913947299462;12;0;0;13;22;-7.572939216975532;15;5;5;2;5;17;5;17;0;6;6;3;5;8;0;2;3;0;8;25;1;3;14;4;21;-9.133517010710122;0;0;6;14;0;23;-9.45817557597351;8;6;0;24;16;0;3;3;2;4;3;4;7;8.510070319789993;6;2;2;19;13;4;15;5;3;4;4;5;2;8;8;6;6;4;1;2;4;0;2;7;8.314997722920085;7;3.497426789533957;4;22;-5.659992764462323;4;1;6;21;-4.4841587484094045;4;15;4;13
TRACK:221;212;-1;3;2;2;0;4;6;5;3;0;2;9;17;2;17;9;2;2;4;2;6;1;20;2.189863782214319;12;0;23;-6.376734447390671;4;16;5;5;2;5;17;5;17;0;6;6;3;5;8;0;2;3;0;8;25;1;3;14;4;21;-9.286138433015665;3;0;3;16;6;23;-4.492720100901942;0;3;3;2;4;3;4;19;6;2;2;19;13;4;15;5;3;4;4;5;2;8;8;6;6;4;3;3;0;10;11
TRACK:222;214;-1;3;2;2;0;4;6;5;3;0;2;9;17;2;17;9;2;2;4;2;6;1;20;1.934751802018229;12;0;0;13;22;-7.833547660954791;15;5;5;1;1;21;-0.12205540294714012;9;2;8;12;0;6;6;3;5;8;0;2;3;0;8;25;1;3;14;4;21;-8.985295661245303;3;0;3;16;6;23;-4.536648687173542;0;3;3;2;4;3;4;7;8.352184495300687;6;2;2;19;13;4;15;5;3;4;4;5;2;8;8;6;6;4;1;2;4;0;2;8;7;3.5154460596923864;4;17;4;1;6;21;-4.538851825925379;4;15;3;4;0;0;24;23;-6.495232521115023;1;8;21;-8.56865261808195
TRACK:223;216;-1;3;2;2;0;4;6;5;3;0;2;9;17;2;17;9;2;2;4;2;6;1;20;2.250298072109224;12;0;0;13;22;-7.979775437250519;4;13;23;-6.562797640488976;2;2;15;15;3;14;0;3;3;2;4;3;4;7;8.50687342456498;6;2;2;19;13;4;15;5;2;8;16;6;4;3;16
TRACK:224;218;-1;3;2;2;0;4;6;5;3;0;2;9;17;2;17;9;2;2;4;2;6;1;20;2.0958561856630227;12;0;0;13;22;-7.704410262110915;15;5;5;2;5;17;5;17;0;6;6;3;5;8;0;2;3;0;8;25;1;3;14;4;21;-9.183287607545836;3;4;6;10;0;3;3;2;4;3;4;7;8.491471389296539;6;2;2;19;13;4;15;4;6;8;6;6;4;1;2;4;0;2;22;-0.5284286831017591;7;3.5481933722470043;4;22;-5.780275156229324;4;1;6;21;-4.5077025816672185;4;15;4;13
TRACK:225;211;-1;3;2;2;0;4;6;5;3;0;2;9;17;2;17;9;2;2;4;2;6;1;20;2.161738492696795;12;0;0;13;22;-7.796217166009948;4;13;5;5;2;5;17;5;17;0;6;6;4;22;-5.736058408373395;0;2;3;0;8;25;1;3;14;4;21;-9.693381964459087;3;0;3;16;6;23;-4.507226483465348;0;3;3;2;4;3;4;7;8.51791565683075;6;2;2;19;13;4;15;5;2;15;16;6;2;1;0;18;15;5;7;2.8189446398435365;3;5;17
TRACK:226;213;-1;3;2;2;0;4;6;5;3;0;2;9;17;2;17;9;2;2;4;2;6;1;20;1.9924320481322777;12;0;0;13;22;-7.776903716522384;4;23;-4.5105218367620274;5;5;2;5;17;5;17;0;6;6;3;5;8;0;2;3;0;8;25;1;3;14;4;21;-9.247944471479528;3;0;3;16;6;23;-4.579122120166681;0;3;3;2;4;3;4;7;8.593530906562368;6;2;2;19;13;4;15;5;3;4;4;5;2;8;8;6;6;4;5;4;21;-6.207644180184331
TRACK:227;215;-1;3;2;2;0;4;6;5;3;0;2;9;17;2;17;9;2;2;4;2;6;1;20;2.146792351345555;12;0;0;24;22;-7.880834563599414;4;13;5;5;2;5;17;4;11;0;6;6;3;5;8;0;2;3;0;8;25;1;3;14;4;21;-9.524508712671123;3;0;3;16;6;23;-4.584207215760358;0;3;3;2;4;3;4;7;8.663946509003335;6;2;2;19;13;4;15;5;2;15;16;6;4;21;-4.570851860442921
TRACK:228;217;-1;3;2;2;0;4;6;5;3;0;2;9;17;2;22;-8.177246603201679;9;2;2;4;2;6;1;20;2.0132813255099284;12;0;0;13;22;-7.750510457144503;15;5;5;2;5;17;5;17;0;6;6;3;5;8;0;2;3;0;8;25;1;3;14;4;21;-9.02731433191338;5;1;18;8;0;3;3;2;4;3;4;7;8.428842855884103;6;2;2;19;13;4;15;5;3;4;4;5;2;8;8;6;6;4;1;2;4;0;2;8;7;3.5734448734010815;4;22;-5.509130256937397;4;1;6;21;-4.50852580022632;4;15;3;4;0;0;24;23;-6.5081878968213065;1;8;21;-8.553019406634796
TRACK:229;219;-1;3;2;2;0;4;6;5;3;0;2;9;17;2;17;9;2;2;4;2;6;1;20;1.9348926681674983;12;0;0;13;22;-8.018306805844052;4;13;5;5;2;5;17;5;17;0;6;6;3;5;8;8;0;3;3;2;4;3;4;7;8.509338486288115;6;2;2;19;14;4;15;3;0;8;25;6;6;4;1;2;4;0;2;22;-0.31038741571768247;15;4;22;-5.532171741158888;4;1;6;21;-4.19687493079403;4;15;3;5;19
EVAL_INSTANCE:11:0:220
EVAL_INSTANCE:11:1:221
EVAL_INSTANCE:11:2:222
EVAL_INSTANCE:11:3:223
EVAL_INSTANCE:11:4:224
EVAL_INSTANCE:11:5:225
EVAL_INSTANCE:11:6:226
EVAL_INSTANCE:11:7:227
EVAL_INSTANCE:11:8:228
EVAL_INSTANCE:11:9:229
RUN_RESULT:11:0:0:2000:----
RUN_RESULT:11:1:0:303:UUUURRURDRDDDD
RUN_RESULT:11:2:0:265:UUUURRURDRDDDD
RUN_RESULT:11:3:0:299:UUUURRURDRDDDD
RUN_RESULT:11:4:0:299:UUUURRURDRDDDD
RUN_RESULT:11:5:0:2000:----
RUN_RESULT:11:6:0:265:UUUURRURDRDDDD
RUN_RESULT:11:7:0:2000:----
RUN_RESULT:11:8:0:2000:----
RUN_RESULT:11:9:0:2000:----
    12 |      120 | -3.708500E+03 | -3.735000E+03
TRACK:230;222;60;3;2;2;0;4;6;5;3;0;2;9;17;2;17;9;2;2;4;2;6;1;20;1.934751802018229;12;0;0;13;22;-7.833547660954791;15;5;5;1;1;21;-0.12205540294714012;9;2;8;12;0;6;6;3;5;8;0;2;3;0;8;25;1;3;14;4;21;-8.985295661245303;3;0;22;-0.5374395888679485;6;23;-4.536648687173542;0;3;3;2;4;3;4;7;8.352184495300687;6;2;2;19;13;4;15;5;3;4;4;5;2;8;8;6;6;4;1;2;4;0;2;8;7;3.5154460596923864;4;17;4;1;6;21;-4.538851825925379;4;15;3;4;0;0;24;23;-6.495232521115023;1;8;21;-8.56865261808195
TRACK:231;222;60;3;2;2;0;4;6;5;3;0;2;9;17;2;17;9;2;2;4;2;6;1;20;1.9959763550788845;12;0;0;13;22;-7.669689548117454;15;5;5;8;0;6;6;3;5;8;0;2;3;0;8;25;1;3;14;4;21;-9.259555015401801;3;4;6;10;0;3;3;2;4;3;4;7;8.66367362382159;6;2;2;19;13;4;15;5;3;4;4;5;2;8;8;6;6;4;1;2;4;0;2;22;-0.5374395888679485;7;3.4905745097479652;4;22;-5.666203870739625;4;1;6;21;-4.534503622842499;4;15;4;13
TRACK:232;206;226;3;2;2;0;4;6;5;3;0;14;2;17;9;2;2;4;2;6;1;20;1.953663586944495;12;0;0;13;22;-7.747159954772028;15;5;5;2;5;17;5;17;0;6;6;3;5;8;0;2;3;0;8;25;1;3;14;4;21;-9.079651560841477;3;0;3;16;6;23;-4.454803638797655;0;3;3;2;4;3;4;7;8.408257657288475;6;2;2;19;13;4;15;5;3;4;4;5;2;8;8;6;6;4;1;2;4;0;2;8;7;3.7348667454374658;4;22;-5.6102688155108416;4;1;6;21;-4.516078439494875;4;15;3;4;0;0;24;23;-6.452966150718588;1;8;21;-8.516398446022288
TRACK:233;206;226;3;2;2;0;4;6;5;3;0;2;9;17;2;17;9;2;2;4;2;6;1;20;1.9924320481322777;12;0;0;13;22;-7.776903716522384;4;23;-4.5105218367620274;5;5;2;5;17;5;17;0;6;6;3;5;8;0;2;3;0;8;25;1;3;14;4;21;-9.247944471479528;3;0;3;16;6;23;-4.579122120166681;0;3;3;2;4;3;4;7;8.593530906562368;6;2;2;22;-7.747159954772028;13;4;15;5;3;4;4;5;2;8;8;6;6;4;5;4;21;-6.207644180184331
TRACK:234;66;226;3;2;2;0;4;6;5;3;0;2;9;17;2;17;9;2;2;4;2;6;1;20;2.1543547560896728;12;0;0;24;22;-7.8618336538943545;4;13;5;5;2;5;17;5;17;0;6;6;3;5;8;0;2;3;0;8;25;1;3;14;4;21;-9.520546689330818;3;0;3;16;6;23;-4.541988811127135;0;3;3;2;4;3;4;7;8.614079969463388;6;5;17;5;2;15;16;6;4;3;16
TRACK:235;66;226;3;2;2;0;4;6;5;3;0;2;9;17;2;17;9;2;2;4;2;6;1;20;1.9924320481322777;12;0;0;13;22;-7.776903716522384;4;23;-4.5105218367620274;5;5;2;5;17;5;17;0;6;6;3;5;8;0;2;3;0;8;25;1;3;14;4;21;-9.247944471479528;3;0;3;16;6;23;-4.579122120166681;25;6;6;4;5;4;21;-6.207644180184331
TRACK:236;66;67;3;2;2;0;4;6;5;3;0;2;9;17;2;17;9;2;2;4;2;6;1;20;2.1543547560896728;12;1;20;2.1779840946506437;12;5;5;2;5;17;5;17;0;6;6;3;5;8;0;2;3;0;8;25;1;3;14;4;21;-9.520546689330818;3;0;3;16;6;23;-4.541988811127135;0;3;3;2;4;3;4;7;8.614079969463388;6;2;2;19;13;4;15;5;2;15;16;6;4;3;16
TRACK:237;66;67;3;2;2;0;4;6;5;3;8;2;2;4;2;6;1;20;2.1779840946506437;12;0;0;13;22;-7.780732843813523;4;13;5;5;2;5;17;5;17;0;6;6;3;5;8;0;2;3;0;8;25;1;3;14;4;21;-9.32440206237436;3;0;3;16;6;23;-4.541168066105915;0;3;3;2;4;3;4;19;6;2;2;19;13;4;15;5;3;4;4;5;2;8;8;6;6;4;3;3;0;10;11
TRACK:238;20;206;3;2;2;0;4;6;5;3;0;2;9;17;2;17;9;2;2;4;7;3.7348667454374658;5;5;2;5;17;5;17;0;6;6;3;5;8;8;0;3;3;2;4;3;4;7;8.5270825503715;6;2;2;19;13;4;15;5;3;4;4;5;2;8;8;6;6;4;1;2;4;0;2;22;-0.4634722802120927;15;4;22;-5.525048827714838;4;1;6;21;-4.421554917112125;4;15;3;5;19
TRACK:239;20;206;3;2;2;0;4;6;5;3;0;2;9;17;2;17;9;2;2;4;2;6;1;20;1.953663586944495;12;0;0;13;22;-7.747159954772028;15;5;5;2;5;17;5;17;0;6;6;3;5;8;9;0;3;3;2;4;3;4;7;8.408257657288475;6;2;2;19;13;4;15;5;3;4;4;5;2;8;8;6;6;4;1;2;4;0;2;8;7;3.7348667454374658;4;22;-5.6102688155108416;4;1;6;21;-4.516078439494875;4;15;3;4;0;0;24;23;-6.452966150718588;1;8;21;-8.516398446022288
TRACK:240;230;-1;3;2;2;0;4;6;5;3;0;2;9;17;2;17;9;2;2;4;2;6;1;20;1.899346530167199;12;0;0;13;22;-7.767934716203378;15;5;5;1;1;21;-0.2577099816011472;9;2;8;12;0;6;6;3;5;8;0;2;3;0;8;25;2;23;2.162799243125157;21;-4.44239998125707;3;0;22;-0.512556094479786;6;23;-4.519803406275283;0;3;3;2;4;3;4;7;8.241184965958402;6;2;2;19;13;4;15;5;3;4;4;5;2;8;8;6;6;4;1;2;4;0;2;8;7;3.416609743975594;4;17;4;1;6;21;-4.478966054196712;4;15;3;4;0;0;24;23;-6.436383953335397;1;8;21;-8.518402418502076
TRACK:241;232;-1;3;2;2;0;4;6;5;3;0;14;2;17;9;2;2;4;2;6;1;20;1.961311618762394;12;0;0;13;22;-7.925966285164762;15;5;5;2;5;17;5;17;0;6;6;3;5;8;0;2;3;0;8;25;1;3;14;4;21;-9.139329360398722;3;0;3;22;-4.931468047915654;6;23;-4.576652092149686;0;3;3;2;4;3;4;7;8.426042168639357;6;2;2;19;13;4;15;5;3;4;4;5;2;8;8;6;6;4;1;2;4;0;2;8;7;3.7440255632696173;4;22;-5.707791102426621;4;1;6;21;-4.67472361607335;4;15;3;4;0;0;24;23;-6.3704968680237455;1;8;21;-8.539287317589658
TRACK:242;234;-1;3;2;2;0;4;6;5;3;0;2;9;17;1;8;12;2;2;4;2;6;1;20;2.1670962820678725;12;0;0;24;22;-7.733881870108155;4;13;5;5;2;5;17;5;17;0;6;6;3;5;8;0;2;3;0;8;25;1;3;14;4;21;-9.4726340302157;3;0;3;16;6;23;-4.525732858615861;0;3;3;2;4;3;4;7;8.703185283393175;6;5;17;5;2;15;16;6;4;3;16
TRACK:243;236;-1;3;2;2;0;4;6;5;3;0;2;9;17;2;17;9;2;2;4;2;6;1;20;2.1336792744929833;12;1;20;2.181845074581834;12;5;5;2;5;17;5;17;0;6;6;3;5;8;0;2;5;22;-4.458194090728456;1;3;14;4;21;-9.443678399531635;3;0;3;16;6;23;-4.631772628099119;0;3;3;2;4;3;4;7;8.402522611598044;6;2;2;19;13;4;15;5;2;15;16;6;4;3;16
TRACK:244;238;-1;3;2;2;0;4;6;5;3;0;2;9;17;2;17;9;2;2;4;5;22;9.719521829379559;5;5;2;5;17;5;17;0;6;6;3;5;8;8;0;3;3;2;4;3;4;7;8.589111425642207;6;2;2;19;13;4;15;5;3;4;4;5;2;8;8;6;6;4;1;2;4;0;2;22;-0.4984116740611807;15;4;22;-5.468620070296798;4;1;6;21;-4.360345369158046;4;15;3;5;19
TRACK:245;231;-1;3;2;2;0;4;6;5;3;0;2;9;17;2;17;9;2;2;4;2;6;1;23;-5.719741655671287;12;0;0;13;22;-7.371262395219729;15;5;5;8;0;6;6;3;5;8;0;2;3;0;8;25;1;3;14;4;21;-9.42205977884322;3;4;6;10;0;3;3;2;4;3;4;7;8.648504854794805;6;2;2;19;13;4;15;5;3;4;4;5;2;8;8;6;6;4;1;2;4;0;2;22;-0.5287189203074534;7;3.62898727975437;4;22;-5.778790610635849;4;1;6;21;-4.531708857958483;4;15;4;13
TRACK:246;233;-1;3;2;2;0;4;6;5;3;0;2;9;17;2;17;9;2;2;4;2;6;1;20;2.071320287845052;12;0;0;13;22;-7.788524204678273;4;23;-4.577018635199788;5;5;2;5;17;5;17;0;6;6;3;5;8;0;2;3;0;8;25;1;3;14;4;21;-9.258283443538692;3;0;3;16;6;23;-4.485961886010604;0;6;2;2;4;3;1;22;6.9462069637021635;23;-1.2314771613532205;4;3;1;11;11;5;5;2;4;21;3.493619076746006;6;22;-8.544573125899653;5;3;4;4;5;2;8;8;6;6;4;5;4;21;-6.2586565773793525
TRACK:247;235;-1;3;2;2;0;4;6;5;3;0;2;9;17;2;22;-3.75176850692418;12;2;2;4;2;6;1;20;1.8223213575968082;12;0;0;13;22;-7.858436780476101;4;23;-4.549228755712017;5;5;2;5;17;5;17;0;6;6;3;5;8;0;2;3;0;8;25;1;3;14;4;21;-9.32592796943468;3;0;3;16;6;23;-4.619691445738466;25;6;6;4;5;4;21;-6.400984908185432
TRACK:248;237;-1;3;2;2;0;4;6;5;3;8;2;2;4;2;6;1;20;2.2655740960060298;12;0;0;13;22;-0.879281972706103;4;13;5;5;2;5;17;5;17;0;6;6;3;5;8;0;2;3;0;8;25;1;3;14;4;21;-9.50486355517711;3;0;3;16;6;23;-4.479782716519038;0;3;3;2;4;3;4;19;6;2;2;19;13;4;15;5;3;4;4;5;2;8;8;6;6;4;3;3;0;10;11
TRACK:249;239;-1;3;2;2;0;4;6;5;3;0;2;9;17;2;17;9;2;2;4;2;6;1;20;1.9739106203691594;12;0;0;13;22;-7.752151771189389;15;5;5;2;5;22;3.2206551934078362;5;17;0;6;6;3;5;8;9;0;3;3;2;4;3;4;7;8.368067340172848;6;2;2;19;13;4;15;5;3;4;4;5;2;8;8;6;6;4;1;2;4;0;2;8;7;3.616692020503249;4;22;-5.54251524259114;4;1;6;21;-4.329683543583907;4;15;3;4;0;0;24;23;-6.378335218109458;1;8;21;-8.434676784558212
EVAL_INSTANCE:12:0:240
EVAL_INSTANCE:12:1:241
EVAL_INSTANCE:12:2:242
EVAL_INSTANCE:12:3:243
EVAL_INSTANCE:12:4:244
EVAL_INSTANCE:12:5:245
EVAL_INSTANCE:12:6:246
EVAL_INSTANCE:12:7:247
EVAL_INSTANCE:12:8:248
EVAL_INSTANCE:12:9:249
RUN_RESULT:12:0:0:2000:----
RUN_RESULT:12:1:0:2000:----
RUN_RESULT:12:2:0:303:UUUURRURDRDDDD
RUN_RESULT:12:3:0:2000:----
RUN_RESULT:12:4:0:2000:----
RUN_RESULT:12:5:0:2000:----
RUN_RESULT:12:6:0:2000:----
RUN_RESULT:12:7:0:191:LLUUUURRRRURDRDDDD
RUN_RESULT:12:8:0:299:UUUURRURDRDDDD
RUN_RESULT:12:9:0:2000:----
    13 |      130 | -3.719300E+03 | -3.809000E+03
TRACK:250;49;0;3;2;2;0;4;6;7;8.519490652411115;2;2;4;2;6;1;20;2.1098190125857;12;0;0;13;22;-7.612119283205012;15;5;5;2;5;17;5;17;0;6;6;3;5;8;0;2;3;0;8;25;1;3;14;4;21;-9.224701231563493;3;0;3;16;6;23;-4.516171817121709;0;3;3;2;4;3;4;7;8.512711591586124;6;2;2;19;13;4;15;5;3;4;4;5;2;8;8;6;6;4;1;2;4;0;2;22;-0.4895868657694466;7;3.7149463886955267;4;22;-5.662438240380322;4;1;6;21;-4.515580796693804;4;15;3;4;0;0;24;23;-6.533255809464087;1;8;20;2.5821987645373965
TRACK:251;49;0;3;2;2;0;4;6;5;3;0;2;9;17;2;17;9;2;2;4;2;6;1;20;2.103335014477768;12;0;0;13;22;-7.668720952519537;4;13;5;5;2;5;17;5;17;0;6;6;3;5;8;0;2;3;0;8;25;1;3;14;4;21;-9.338297089936082;3;0;3;16;6;23;-4.604270103971883;0;3;3;2;4;3;4;7;8.519490652411115;6;2;2;19;13;4;15;5;3;4;4;5;2;8;8;6;6;4;1;2;17;4;1;6;21;-4.544005521250096;4;15;3;4;0;0;24;23;-6.4909834960336195;1;8;20;2.548562313784707
TRACK:252;226;222;3;2;2;0;4;6;5;3;0;2;9;17;2;17;9;2;2;4;2;6;1;20;1.9924320481322777;12;0;0;13;22;-7.776903716522384;4;23;-4.5105218367620274;5;5;2;5;17;5;17;0;6;6;3;5;8;0;2;3;0;8;25;1;3;14;4;21;-9.247944471479528;3;0;3;16;6;23;-4.579122120166681;0;3;3;2;4;3;4;7;8.593530906562368;6;2;2;16;13;4;15;5;3;4;4;5;2;8;8;6;6;4;5;4;21;-6.207644180184331
TRACK:253;226;222;3;2;2;0;4;6;5;3;0;2;9;16;2;17;9;2;2;4;2;6;1;20;1.934751802018229;12;0;0;13;22;-7.833547660954791;15;5;5;1;1;21;-0.12205540294714012;9;2;8;12;0;6;6;3;5;8;0;2;3;0;8;25;1;3;14;4;21;-8.985295661245303;3;0;3;16;6;23;-4.536648687173542;0;3;3;2;4;3;4;7;8.352184495300687;6;2;2;19;13;4;15;5;3;4;4;5;2;8;8;6;6;4;1;2;4;0;2;8;7;3.5154460596923864;4;17;4;1;6;21;-4.538851825925379;4;15;3;4;0;0;24;23;-6.495232521115023;1;8;21;-8.56865261808195
TRACK:254;247;247;3;2;2;0;4;6;5;3;0;2;9;17;2;22;-3.75176850692418;12;2;2;4;2;6;1;20;1.8223213575968082;12;0;0;13;22;-7.858436780476101;4;23;-4.549228755712017;5;5;2;5;17;5;17;0;6;6;3;5;8;0;2;3;0;8;25;1;3;14;4;21;-9.32592796943468;3;0;3;16;6;23;-4.619691445738466;25;6;6;4;5;4;21;-6.400984908185432
TRACK:255;247;247;3;2;2;0;4;6;5;3;0;2;9;17;2;22;-3.75176850692418;12;2;2;4;2;6;1;20;1.8223213575968082;12;0;0;13;22;-7.858436780476101;4;23;-4.549228755712017;5;5;2;5;17;5;17;0;6;6;3;5;8;0;2;3;0;8;25;1;9;4;21;-9.32592796943468;3;0;3;16;6;23;-4.619691445738466;25;6;6;4;5;4;21;-6.400984908185432
TRACK:256;0;226;3;2;2;0;4;6;5;3;0;2;9;17;2;17;9;2;2;4;2;6;1;20;2.103335014477768;12;0;0;13;22;-7.668720952519537;4;13;5;5;2;5;17;5;17;0;6;6;3;5;8;0;2;3;0;8;25;1;3;14;4;21;-9.338297089936082;3;0;3;16;6;23;-4.604270103971883;0;3;3;2;4;3;4;7;8.519490652411115;6;2;2;21;-9.247944471479528;13;4;15;5;3;4;4;5;2;8;8;6;6;4;1;2;4;0;2;22;-0.47033164796356;15;4;22;-5.561945304903528;4;1;6;21;-4.544005521250096;4;15;3;4;0;0;24;23;-6.4909834960336195;1;8;20;2.548562313784707
TRACK:257;0;226;3;2;2;0;4;6;5;3;0;2;9;17;2;17;9;2;2;4;2;6;1;20;1.9924320481322777;12;0;0;13;22;-7.776903716522384;4;23;-4.5105218367620274;5;5;2;5;17;5;17;0;6;6;3;5;8;0;2;3;0;8;25;1;3;15;4;21;-9.247944471479528;3;0;3;16;6;23;-4.579122120166681;0;3;3;2;4;3;4;7;8.593530906562368;6;2;2;19;13;4;15;5;3;4;4;5;2;8;8;6;6;4;5;4;21;-6.207644180184331
TRACK:258;222;206;3;2;2;0;4;6;5;3;0;2;9;17;2;17;9;2;2;4;2;6;1;20;1.934751802018229;12;0;0;13;22;-7.833547660954791;15;5;5;1;1;21;-0.12205540294714012;9;2;8;12;0;6;6;3;5;8;0;2;3;0;8;25;1;3;14;4;21;-8.985295661245303;3;0;3;16;6;23;-4.536648687173542;0;3;3;2;4;3;4;7;8.352184495300687;4;5;2;8;8;5;3;4;4;5;2;8;8;6;6;4;1;2;4;0;2;8;7;3.5154460596923864;4;17;4;1;6;21;-4.538851825925379;4;15;3;4;0;0;24;23;-6.495232521115023;1;8;21;-8.56865261808195
TRACK:259;222;206;3;2;2;0;4;6;5;3;0;2;9;17;2;17;9;2;2;4;2;6;1;20;1.953663586944495;12;0;0;13;22;-7.747159954772028;15;5;5;2;5;17;5;17;0;6;6;3;5;8;0;2;3;0;8;25;1;3;14;4;21;-9.079651560841477;3;0;3;16;6;23;-4.454803638797655;0;3;3;2;4;3;4;7;8.408257657288475;6;2;2;19;13;2;8;8;5;3;4;4;5;2;8;8;6;6;4;1;2;4;0;2;8;7;3.7348667454374658;4;22;-5.6102688155108416;4;1;6;21;-4.516078439494875;4;15;3;4;0;0;24;23;-6.452966150718588;1;8;21;-8.516398446022288
TRACK:260;250;-1;3;3;5;2;1;5;4;8;0;3;21;5.255994342585009;5;12;5;4;6;23;-4.9081390428167015
TRACK:261;252;-1;3;2;2;0;4;6;5;3;0;2;9;17;2;17;9;2;2;4;2;6;1;20;2.0673889034827;12;0;0;13;22;-7.746679194695888;4;23;-4.292481227528952;5;5;2;5;17;5;17;0;6;6;3;5;8;0;2;3;0;8;25;1;3;14;4;21;-9.251637279757961;3;0;3;16;6;23;-4.592711733390288;0;3;3;2;4;3;4;7;8.575838516097953;6;2;2;16;13;4;15;5;1;1;6;19;6;7;-5.396573909858448;0;3;25;0;19;18;6;6;4;5;4;21;-6.292541224528704
TRACK:262;254;-1;3;2;2;6;1;4;19;6;14;25;6;6;4;5;4;21;-6.368833542249594
TRACK:263;256;-1;3;2;2;0;4;6;5;3;0;2;9;17;2;17;9;2;2;4;2;6;1;20;2.0427686240314245;12;0;0;13;22;-7.556796014243848;4;13;5;5;2;5;17;5;17;0;6;6;3;5;8;0;5;3;3;18;3;0;3;16;6;23;-4.636860776464002;0;3;3;2;4;3;4;7;8.249650683781272;6;2;2;21;-9.238716090290463;13;4;15;5;3;4;4;5;2;8;8;6;6;4;1;2;4;0;2;22;-0.5124391473657046;15;4;22;-5.519401268895794;4;1;6;21;-4.376159592490551;4;15;3;4;0;0;24;23;-6.622347067089287;1;8;20;2.3801532609399185
TRACK:264;258;-1;3;2;2;0;4;6;5;3;0;2;9;17;2;17;9;2;2;4;2;6;1;20;1.8833977317868833;12;0;0;13;22;-7.871424021922304;15;5;5;1;1;21;-0.2714964786733114;9;2;8;12;0;6;6;3;5;8;0;2;1;2;11;14;5;24;1;3;14;4;21;-9.056395244175546;3;0;3;16;6;23;-4.748571518117695;0;3;3;2;4;3;4;7;8.408188955491388;4;5;2;8;8;5;3;4;4;5;2;8;8;6;6;4;1;2;4;0;2;8;7;3.5220586019463154;4;17;4;1;6;21;-4.529892440080327;4;15;3;4;0;0;24;23;-6.562829150696048;1;8;21;-8.614820663315152
TRACK:265;251;-1;3;2;2;0;4;6;5;3;0;2;9;17;2;17;9;2;2;4;2;6;1;20;2.0695942010115673;12;0;0;13;22;-7.712738453728236;4;13;5;5;2;5;17;5;17;0;6;6;3;5;8;0;2;3;0;8;25;1;3;14;4;21;-9.295679265285132;3;0;3;16;6;23;-4.804494148711658;0;3;3;2;4;3;4;7;8.596729324586228;6;6;20;-0.9712332297591928;5;3;4;4;5;2;8;8;6;6;4;1;2;17;4;1;6;21;-4.445687377815192;4;15;3;4;0;0;24;23;-6.623988261488731;1;8;20;2.6674774004407413
TRACK:266;253;-1;3;2;2;0;4;6;5;3;0;2;9;16;2;17;9;2;2;4;2;6;1;20;1.9416078514336523;12;0;0;13;22;-7.865664723664359;15;5;5;1;1;21;-0.08841736232769756;9;2;8;12;0;6;6;3;5;8;0;2;3;0;8;25;1;5;18;4;21;-8.906917343651546;3;0;3;16;6;23;-4.576590196184917;0;3;3;2;4;3;4;7;8.4324611525171;6;2;2;19;13;4;15;5;3;4;4;5;2;8;8;6;6;4;1;2;4;0;2;8;7;3.3891286703243657;4;17;4;1;6;21;-4.600702444112952;4;15;3;4;0;0;24;23;-6.66656204975532;1;8;21;-8.413329364318109
TRACK:267;255;-1;3;2;2;0;4;6;5;3;0;2;9;17;2;22;-3.7801357816920005;12;2;2;4;2;6;1;20;1.8815741472572554;12;0;0;13;22;-7.807344682585577;4;23;-4.454070933886239;5;5;2;5;17;5;17;0;6;6;3;5;8;6;1;4;9;3;10;25;6;6;4;5;4;21;-6.36437425372874
TRACK:268;257;-1;3;2;2;0;4;6;5;3;0;2;10;17;2;17;9;2;2;4;2;6;1;20;1.9284083170175539;12;0;0;13;22;-7.808095900144874;4;23;-4.1759264803976714;5;5;2;5;17;5;17;0;6;6;3;5;8;0;2;3;0;8;25;1;3;15;4;21;-9.099534824069348;3;0;3;16;6;23;-4.54343132520489;0;3;3;2;4;3;4;7;8.588791102204226;6;2;2;19;13;4;15;5;3;4;4;5;2;8;8;6;6;4;5;4;21;-5.955657289239047
TRACK:269;259;-1;3;2;2;0;4;6;5;3;0;2;9;17;2;17;9;2;2;4;2;6;1;20;1.9977409503195753;12;0;0;13;22;-7.920001114035505;15;5;5;2;5;17;5;17;0;6;6;3;5;8;0;2;3;0;8;25;1;2;14;9;4;21;-9.085693287570292;3;0;3;16;6;23;-4.366077703579239;0;3;3;2;4;3;4;7;8.55175106889937;6;2;2;19;13;2;8;8;5;3;4;4;5;2;8;8;6;6;4;1;2;4;0;2;8;7;3.766615166298787;4;22;-5.555402451789371;4;1;6;21;-4.644208330589521;4;15;3;4;0;0;24;23;-6.574479130883716;1;8;21;-8.545678642959855
EVAL_INSTANCE:13:0:260
EVAL_INSTANCE:13:1:261
EVAL_INSTANCE:13:2:262
EVAL_INSTANCE:13:3:263
EVAL_INSTANCE:13:4:264
EVAL_INSTANCE:13:5:265
EVAL_INSTANCE:13:6:266
EVAL_INSTANCE:13:7:267
EVAL_INSTANCE:13:8:268
EVAL_INSTANCE:13:9:269
RUN_RESULT:13:0:0:2000:----
RUN_RESULT:13:1:0:265:UUUURRURDRDDDD
RUN_RESULT:13:2:0:1087:UUUURRURDRDDDD
RUN_RESULT:13:3:0:381:UUUURRURDRDDDD
RUN_RESULT:13:4:0:2000:----
RUN_RESULT:13:5:0:301:UUUURRURDRDDDD
RUN_RESULT:13:6:0:265:UUUURRURDRDDDD
RUN_RESULT:13:7:0:171:UUUURRURDRDDDD
RUN_RESULT:13:8:0:265:UUUURRURDRDDDD
RUN_RESULT:13:9:0:2000:----
    14 |      140 | -3.742300E+03 | -3.829000E+03
TRACK:270;247;267;3;2;2;0;4;6;5;3;0;2;9;17;2;22;-3.75176850692418;12;2;2;4;2;6;1;20;1.8223213575968082;12;0;0;13;22;-7.858436780476101;4;23;-4.549228755712017;5;5;2;5;17;5;17;0;6;6;3;5;8;0;2;3;0;8;25;1;3;14;4;10;3;0;3;16;6;23;-4.619691445738466;25;6;6;4;5;4;21;-6.400984908185432
TRACK:271;247;267;3;2;2;0;4;6;5;3;0;2;9;17;2;22;-3.7801357816920005;12;2;2;4;2;6;5;8;0;0;13;22;-7.807344682585577;4;23;-4.454070933886239;5;5;2;5;17;5;17;0;6;6;3;5;8;6;1;4;9;3;10;25;6;6;4;5;4;21;-6.36437425372874
TRACK:272;266;222;3;2;2;0;4;6;5;3;0;2;9;16;2;17;9;2;2;4;2;6;1;20;1.9416078514336523;12;0;0;13;22;-7.865664723664359;15;5;5;1;1;21;-0.08841736232769756;9;2;8;12;0;6;6;3;5;8;0;2;3;0;8;25;8;3;0;3;16;6;23;-4.576590196184917;0;3;3;2;4;3;4;7;8.4324611525171;6;2;2;19;13;4;15;5;3;4;4;5;2;8;8;6;6;4;1;2;4;0;2;8;7;3.3891286703243657;4;17;4;1;6;21;-4.600702444112952;4;15;3;4;0;0;24;23;-6.66656204975532;1;8;21;-8.413329364318109
TRACK:273;266;222;3;2;2;0;4;6;5;3;0;2;9;17;2;17;9;2;2;4;2;6;1;20;1.934751802018229;12;0;0;13;22;-7.833547660954791;15;5;5;1;1;21;-0.12205540294714012;9;2;8;12;0;6;6;3;5;8;0;2;3;0;8;25;1;3;14;4;21;-8.985295661245303;3;0;3;16;6;23;-4.536648687173542;0;3;3;2;4;3;4;7;8.352184495300687;6;2;2;19;13;4;15;5;3;4;7;8.4324611525171;6;6;4;1;2;4;0;2;8;7;3.5154460596923864;4;17;4;1;6;21;-4.538851825925379;4;15;3;4;0;0;24;23;-6.495232521115023;1;8;21;-8.56865261808195
TRACK:274;268;268;3;2;2;0;4;6;5;3;0;2;10;17;2;17;9;2;2;4;2;6;1;20;1.9284083170175539;12;0;0;13;22;-7.808095900144874;4;23;-4.1759264803976714;5;5;2;5;17;5;17;0;6;6;3;5;8;0;2;3;0;8;25;1;3;15;4;21;-9.099534824069348;3;0;3;16;6;23;-4.54343132520489;0;3;3;2;4;3;4;7;8.588791102204226;12;5;3;4;4;5;2;8;8;6;6;4;5;4;21;-5.955657289239047
TRACK:275;268;268;3;2;2;0;4;6;5;3;0;2;10;17;2;17;9;2;2;4;2;6;1;20;1.9284083170175539;12;0;0;13;22;-7.808095900144874;4;23;-4.1759264803976714;5;5;2;5;17;5;17;0;6;6;3;5;8;0;2;3;0;8;25;1;3;21;-9.099534824069348;4;21;-9.099534824069348;3;0;3;16;6;23;-4.54343132520489;0;3;3;2;4;3;4;7;8.588791102204226;6;2;2;19;13;4;15;5;3;4;4;5;2;8;8;6;6;4;5;4;21;-5.955657289239047
TRACK:276;267;247;3;2;2;0;4;6;5;3;0;2;9;17;2;22;-3.7801357816920005;12;2;2;4;2;6;1;20;1.8815741472572554;12;0;0;13;22;-7.807344682585577;2;9;17;5;5;2;5;17;5;17;0;6;6;3;5;8;6;1;4;9;3;10;25;6;6;4;5;4;21;-6.36437425372874
TRACK:277;267;247;3;2;2;0;4;6;2;6;1;20;1.8815741472572554;12;0;0;13;22;-7.807344682585577;4;23;-4.454070933886239;2;2;4;2;6;1;20;1.8223213575968082;12;0;0;13;22;-7.858436780476101;4;23;-4.549228755712017;5;5;2;5;17;5;17;0;6;6;3;5;8;0;2;3;0;8;25;1;3;14;4;21;-9.32592796943468;3;0;3;16;6;23;-4.619691445738466;25;6;6;4;5;4;21;-6.400984908185432
TRACK:278;261;266;3;2;2;0;4;6;5;3;0;2;9;17;2;17;9;4;4;5;2;8;8;0;3;3;2;4;3;4;7;8.575838516097953;6;2;2;16;13;4;15;5;1;1;6;19;6;7;-5.396573909858448;0;3;25;0;19;18;6;6;4;5;4;21;-6.292541224528704
TRACK:279;261;266;3;2;2;0;4;6;5;3;0;2;9;16;2;17;9;2;2;4;2;6;1;20;1.9416078514336523;12;0;0;13;22;-7.865664723664359;15;5;5;1;1;21;-0.08841736232769756;9;2;8;12;0;6;6;3;5;8;0;2;3;0;8;25;1;5;18;4;21;-8.906917343651546;3;0;3;16;6;23;-4.576590196184917;0;3;3;2;4;3;4;7;8.4324611525171;6;2;2;19;13;4;15;5;3;4;4;5;2;8;21;-9.251637279757961;6;6;4;1;2;4;0;2;8;7;3.3891286703243657;4;17;4;1;6;21;-4.600702444112952;4;15;3;4;0;0;24;23;-6.66656204975532;1;8;21;-8.413329364318109
TRACK:280;270;-1;3;2;2;0;4;6;5;3;0;2;9;17;2;22;-3.8302028575909057;12;2;2;4;2;6;1;20;1.9964960800309126;12;0;0;13;22;-7.819264198779056;4;23;-4.648219843950749;5;5;2;5;17;5;17;0;4;20;4.637281755459146;0;2;3;0;8;25;1;3;14;4;10;3;0;3;16;6;23;-4.598764434643563;25;6;6;4;5;4;21;-6.527187078138277
TRACK:281;272;-1;3;2;2;0;4;6;5;3;0;2;9;16;2;17;9;2;2;4;2;6;1;20;1.9795786442460312;12;0;0;13;22;-7.776553827502965;15;5;5;1;1;21;0.022098084525340317;9;2;8;12;0;6;6;3;5;8;0;2;3;0;8;25;8;3;0;3;16;6;23;-4.591123726881589;0;3;3;5;1;24;10;5;3;4;4;5;2;8;8;6;6;4;1;2;4;0;2;8;7;3.4376227641476547;4;17;4;1;6;21;-4.587858627902504;4;15;3;4;0;0;24;23;-6.487035154221787;1;8;21;-8.400009221583575
TRACK:282;274;-1;3;2;2;0;4;6;5;3;0;2;10;17;2;17;9;2;2;4;2;6;1;20;2.01937296609797;12;0;0;13;22;-7.806328052992992;4;23;-4.1916113895190685;5;5;2;5;17;5;17;0;6;6;3;5;8;0;2;3;0;8;25;1;3;15;4;21;-9.275274005074827;3;0;3;16;6;23;-4.559261933395888;0;3;3;2;4;3;4;7;8.639065044126431;12;5;3;4;4;5;6;20;2.808449839086265;6;6;4;5;4;21;-5.986092749585556
TRACK:283;276;-1;3;2;2;0;4;6;5;3;0;2;9;17;2;22;-3.7584965299871604;12;2;2;4;2;6;1;20;1.9268324875549276;12;0;0;13;22;-7.900173368550633;2;9;17;5;6;4;9;0;6;6;3;5;8;6;1;4;9;3;10;25;6;6;4;5;4;21;-6.344808103984305
TRACK:284;278;-1;3;2;2;0;4;6;5;3;0;2;9;17;2;17;9;4;4;5;2;8;8;0;3;3;2;4;3;4;7;8.625442686212788;6;5;0;21;-2.1595003319309525;10;5;1;1;6;19;6;7;-5.4318791518634395;0;3;25;0;19;18;6;6;4;5;4;21;-6.241922524243456
TRACK:285;271;-1;3;2;2;0;4;6;5;3;3;25;2;2;4;2;6;5;8;0;0;13;22;-7.822358107481314;4;23;-4.267102970695241;5;5;2;5;17;5;17;0;6;6;3;5;8;6;1;4;9;3;10;25;6;6;4;5;4;21;-6.41505360614608
TRACK:286;273;-1;3;2;2;0;4;6;5;3;0;2;9;17;2;17;9;2;2;4;2;6;1;20;1.8727848647333927;12;0;0;13;22;-8.073973793934762;15;5;5;1;1;21;-0.06690982792709374;9;2;8;12;0;6;6;3;5;8;0;2;3;0;8;25;1;3;14;4;21;-8.854823044482337;3;0;3;16;6;23;-4.612402468566916;0;3;3;2;4;3;4;7;8.429689954129246;6;2;2;19;13;4;15;5;3;4;7;8.574829651659115;6;6;4;1;2;4;0;2;8;7;3.359834010320619;4;17;4;1;23;-1.9347125503308593;9;3;4;0;0;24;23;-6.403506653059437;1;8;21;-8.655022401994776
TRACK:287;275;-1;3;2;2;0;4;6;5;3;0;2;10;17;2;17;9;2;2;4;2;6;1;20;2.0675826174598826;12;0;0;13;22;-7.751147329340038;4;23;-4.1236618460145085;5;5;2;5;17;5;17;0;6;6;3;5;8;0;2;3;0;8;25;1;3;21;-9.042762821299734;4;21;-9.259949263494967;0;7;-0.2640741322683162;24;0;3;3;2;4;3;4;7;8.575836115370466;6;2;2;19;13;4;15;5;3;4;4;5;2;8;8;6;6;4;5;4;21;-6.106734107269969
TRACK:288;277;-1;3;2;2;0;4;6;2;6;1;20;1.956675752418248;12;0;0;13;22;-7.7913703611900065;4;23;-4.510429579735214;2;2;4;2;6;1;20;1.7487933975739947;12;0;0;13;22;-8.08852307652666;4;23;-4.487169488333841;5;5;2;5;17;3;25;0;6;6;3;5;8;0;2;3;0;8;25;1;3;14;4;21;-9.198907010668117;3;0;3;16;6;23;-4.771266836546043;25;6;6;4;5;4;21;-6.32048081593371
TRACK:289;279;-1;3;2;2;0;4;6;5;3;0;2;9;16;2;17;9;2;2;4;2;6;1;20;1.888774368440536;12;0;0;13;22;-7.828942918806247;15;5;5;1;1;21;-0.09659906698553541;9;2;14;12;0;6;6;3;5;8;0;2;3;0;8;25;1;5;18;4;21;-9.005833411320307;3;0;3;16;6;23;-4.449024793525292;0;3;3;2;4;3;4;7;8.443823214583134;6;2;2;19;13;4;15;5;3;4;4;5;2;8;21;-9.302972386114687;6;6;4;1;2;4;0;2;8;7;3.4365470721763516;4;17;4;1;6;21;-4.589925372833408;4;15;3;4;0;0;24;23;-6.844556508139484;1;8;21;-8.403931945280643
EVAL_INSTANCE:14:0:280
EVAL_INSTANCE:14:1:281
EVAL_INSTANCE:14:2:282
EVAL_INSTANCE:14:3:283
EVAL_INSTANCE:14:4:284
EVAL_INSTANCE:14:5:285
EVAL_INSTANCE:14:6:286
EVAL_INSTANCE:14:7:287
EVAL_INSTANCE:14:8:288
EVAL_INSTANCE:14:9:289
RUN_RESULT:14:0:0:2000:----
RUN_RESULT:14:1:0:276:UUUURRURDRDDDD
RUN_RESULT:14:2:0:266:UUUURRURDRDDDD
RUN_RESULT:14:3:0:171:UUUURRURDRDDDD
RUN_RESULT:14:4:0:1087:UUUURRURDRDDDD
RUN_RESULT:14:5:0:266:UUUURRURDRDDDD
RUN_RESULT:14:6:0:265:UUUURRURDRDDDD
RUN_RESULT:14:7:0:2000:----
RUN_RESULT:14:8:0:2000:----
RUN_RESULT:14:9:0:1081:UUUURRURDRDDDD
    15 |      150 | -3.761100E+03 | -3.829000E+03
TRACK:290;222;283;3;2;2;0;4;6;5;3;0;2;9;17;2;17;9;2;2;4;2;6;1;20;1.934751802018229;12;0;0;13;22;-7.833547660954791;15;5;5;1;1;21;-0.12205540294714012;9;2;8;12;0;6;6;3;5;8;0;2;3;0;8;25;1;3;14;4;21;-8.985295661245303;3;0;3;16;6;23;-4.536648687173542;0;3;3;2;4;3;4;7;8.352184495300687;6;2;2;19;13;4;15;5;3;4;4;5;2;8;8;6;6;4;1;2;4;0;2;8;7;3.5154460596923864;4;17;4;1;6;21;-4.538851825925379;4;15;3;4;0;0;24;9;1;8;21;-8.56865261808195
TRACK:291;222;283;3;2;2;0;4;6;5;3;0;2;9;17;2;22;-3.7584965299871604;12;2;2;4;2;6;1;20;1.9268324875549276;12;0;0;13;22;-7.900173368550633;2;9;17;5;6;4;9;0;6;6;3;5;8;6;1;4;9;3;10;25;6;3;14
TRACK:292;261;267;3;2;2;0;4;6;5;3;0;2;9;17;2;17;9;2;2;4;2;6;1;20;2.0673889034827;12;0;0;13;22;-7.746679194695888;4;23;-4.292481227528952;5;5;2;5;17;5;17;0;6;6;3;5;8;0;2;3;0;8;25;1;3;14;4;21;-9.251637279757961;3;0;3;16;6;23;-4.592711733390288;0;3;3;2;4;3;4;7;8.575838516097953;6;2;2;16;13;4;15;5;1;1;6;19;6;7;-5.396573909858448;17;6;6;4;5;4;21;-6.292541224528704
TRACK:293;261;267;3;2;2;0;4;6;5;3;0;2;17;17;2;22;-3.7801357816920005;12;2;2;4;2;6;1;20;1.8815741472572554;12;0;0;13;22;-7.807344682585577;4;23;-4.454070933886239;5;5;2;5;17;5;17;0;6;6;3;5;8;6;1;4;9;3;10;25;6;6;4;5;4;21;-6.36437425372874
TRACK:294;247;222;3;2;2;0;4;6;5;3;0;2;9;17;2;22;-3.75176850692418;12;2;2;4;2;6;1;20;1.8223213575968082;12;0;0;13;22;-7.858436780476101;4;23;-4.549228755712017;5;5;2;5;17;5;17;0;6;6;3;5;8;0;2;8;1;3;14;4;21;-9.32592796943468;3;0;3;16;6;23;-4.619691445738466;25;6;6;4;5;4;21;-6.400984908185432
TRACK:295;247;222;3;2;2;0;4;6;5;3;0;2;9;17;2;17;9;2;2;4;2;6;1;20;1.934751802018229;12;0;0;13;22;-7.833547660954791;15;5;5;1;1;21;-0.12205540294714012;9;2;8;12;0;6;6;3;5;8;0;2;3;0;8;25;1;3;14;4;21;-8.985295661245303;3;0;3;16;6;23;-4.536648687173542;0;14;5;3;4;4;5;2;8;8;6;6;4;1;2;4;0;2;8;7;3.5154460596923864;4;17;4;1;6;21;-4.538851825925379;4;15;3;4;0;0;24;23;-6.495232521115023;1;8;21;-8.56865261808195
TRACK:296;267;247;3;2;2;0;4;6;5;3;0;2;9;17;2;22;-3.7801357816920005;12;2;2;4;2;6;1;20;1.8815741472572554;12;0;0;13;22;-7.807344682585577;4;23;-4.454070933886239;5;5;2;5;17;5;17;0;6;6;3;5;8;6;1;4;9;3;10;25;5;2;5;17;5;17
TRACK:297;267;247;3;2;2;0;4;6;5;3;0;2;9;17;2;22;-3.75176850692418;12;2;2;4;2;6;1;20;1.8223213575968082;12;0;0;13;22;-7.858436780476101;4;23;-4.549228755712017;5;5;2;5;17;5;17;0;6;6;3;5;22;-3.7801357816920005;0;2;3;0;8;25;1;3;14;4;21;-9.32592796943468;3;0;3;16;6;23;-4.619691445738466;25;6;6;4;5;4;21;-6.400984908185432
TRACK:298;226;283;3;2;2;0;4;6;5;3;0;2;9;17;2;17;9;2;2;4;2;6;1;20;1.9924320481322777;12;0;0;13;22;-7.776903716522384;4;23;-4.5105218367620274;5;5;2;5;17;5;17;0;6;6;3;5;8;0;2;3;0;8;25;1;3;14;4;21;-9.247944471479528;3;0;3;16;6;23;-4.579122120166681;0;3;3;2;4;3;4;7;8.593530906562368;6;2;2;19;13;4;15;3;5;8;6;6;4;5;4;21;-6.207644180184331
TRACK:299;226;283;3;2;2;0;4;6;5;3;0;2;9;17;2;22;-3.7584965299871604;23;-4.579122120166681;2;2;4;2;6;1;20;1.9268324875549276;12;0;0;13;22;-7.900173368550633;2;9;17;5;6;4;9;0;6;6;3;5;8;6;1;4;9;3;10;25;6;6;4;5;4;21;-6.344808103984305
TRACK:300;290;-1;3;2;2;0;4;6;5;3;0;2;9;17;2;17;9;2;2;4;2;6;1;20;1.9911313401939232;12;0;0;13;22;-7.846406672390411;15;5;5;1;1;21;0.001871509429056853;9;2;8;12;0;6;6;3;5;8;0;2;3;0;8;25;1;3;14;4;21;-9.02455962793075;3;0;3;16;6;23;-4.519836048903565;0;3;3;2;4;3;4;7;8.248720618939766;6;2;2;19;13;4;15;5;3;4;4;5;2;8;8;6;6;4;1;2;4;0;2;13;9;4;17;4;1;6;21;-4.578527088283911;4;15;3;4;0;0;24;9;1;8;21;-8.584901486252676
TRACK:301;292;-1;3;2;2;0;4;6;5;3;0;2;9;17;2;17;9;2;2;4;2;6;1;20;2.107986794096816;12;0;0;13;22;-7.707466973327794;4;23;-4.268890869005953;5;5;2;5;17;5;17;0;6;6;3;5;8;0;2;3;0;8;25;1;3;14;4;21;-9.299924010079772;3;0;3;16;6;23;-4.502316188817938;0;3;3;2;4;3;4;7;8.522380800768136;6;2;2;16;21;-3.9510922987156016;4;15;5;1;1;6;19;6;7;-5.355835684924657;17;6;6;4;5;4;21;-6.328009748619959
TRACK:302;294;-1;3;2;2;0;4;6;5;0;16;20;-0.13553256207947406;2;2;4;2;6;1;20;1.8503828509540212;12;0;0;13;22;-7.9677145279076065;4;23;-4.532188726057446;5;5;2;5;17;5;17;0;6;6;3;5;8;0;2;8;1;3;14;4;21;-9.462434326291527;3;0;3;16;6;23;-4.53109235836025;25;6;6;4;5;4;21;-6.3203467756983684
TRACK:303;296;-1;3;2;2;0;4;6;1;4;5;22;4.8071484041527075;0;6;24;1;12;18;2;2;4;2;6;1;20;1.9118678372115028;12;0;0;13;22;-7.93291611113942;4;23;-4.500951220177037;5;5;2;5;17;5;17;0;6;6;3;5;8;6;1;4;9;3;10;25;5;2;5;17;5;17
TRACK:304;298;-1;3;2;2;0;4;6;5;3;0;2;9;17;2;17;9;2;2;4;2;6;1;20;1.8706798861263338;12;0;0;13;22;-7.7503868360532016;4;23;-4.509645079568628;5;5;2;5;17;5;17;0;6;6;3;5;8;0;2;3;0;8;25;1;3;14;4;21;-9.306185160908864;3;0;3;16;6;23;-4.48456814425206;0;3;3;2;4;3;4;7;8.597797478473684;0;5;6;14;4;4;8;3;5;8;6;6;4;5;4;21;-6.289461188086184
TRACK:305;291;-1;3;2;2;0;4;6;5;3;0;2;9;17;2;22;-3.7778741396948905;12;2;2;4;2;6;1;20;1.8263127785080018;12;0;0;13;22;-7.941034444051255;2;9;17;5;6;5;19;0;6;6;3;5;8;6;1;4;9;3;10;25;6;3;14
TRACK:306;293;-1;3;2;2;0;4;6;5;3;0;2;17;17;2;22;-3.791447423275472;12;2;2;4;2;6;1;20;1.8437304706034205;12;0;0;13;22;-7.840415443862781;4;15;5;5;2;5;17;5;17;0;6;6;3;5;8;6;1;4;9;3;10;25;6;6;4;5;4;21;-6.460619930082084
TRACK:307;295;-1;3;2;2;0;4;6;5;3;0;2;9;17;2;17;9;2;2;4;2;6;1;20;2.019445313869778;12;0;0;13;22;-7.682846907650764;15;5;5;1;1;21;-0.26630483614774003;9;2;8;12;0;6;6;3;5;8;0;2;3;0;8;25;1;3;14;4;21;-8.873173076600715;3;0;3;16;6;23;-4.6850243432056455;0;14;5;3;4;4;5;2;8;8;6;6;4;1;5;4;0;23;-5.066903447798237;21;-3.4824472705075067;3;4;0;0;24;23;-6.453411353049756;1;8;21;-8.75651988886399
TRACK:308;297;-1;3;2;2;0;4;6;5;3;0;2;9;17;2;22;-3.7095416945665383;12;2;2;4;2;6;1;20;1.7746453704708387;12;0;0;13;22;-8.015101647537954;4;23;-4.699401928352145;5;5;2;5;17;5;17;0;6;6;3;5;22;-3.5796631724563097;0;2;3;5;17;1;3;14;4;21;-9.288162209094777;3;0;3;16;6;23;-4.7407893182664695;25;6;6;4;5;4;21;-6.298257940898127
TRACK:309;299;-1;3;2;3;1;1;6;10;1;16;21;3.150459526902596;2;2;19;16;5;12;6;6;4;5;4;21;-6.35806732532209
EVAL_INSTANCE:15:0:300
EVAL_INSTANCE:15:1:301
EVAL_INSTANCE:15:2:302
EVAL_INSTANCE:15:3:303
EVAL_INSTANCE:15:4:304
EVAL_INSTANCE:15:5:305
EVAL_INSTANCE:15:6:306
EVAL_INSTANCE:15:7:307
EVAL_INSTANCE:15:8:308
EVAL_INSTANCE:15:9:309
RUN_RESULT:15:0:0:270:UUUURRURDRDDDD
RUN_RESULT:15:1:0:288:UUUURRURDRDDDD
RUN_RESULT:15:2:0:276:UUUURRURDRDDDD
RUN_RESULT:15:3:0:994:UUUURRURDLLLDRDRRRDD
RUN_RESULT:15:4:0:1082:UUUURRURDRDDDD
RUN_RESULT:15:5:0:556:UUUURRURDLLLDDLLDDDRRRRRRU
RUN_RESULT:15:6:0:2000:----
RUN_RESULT:15:7:0:335:UUUURRURDRDDDD
RUN_RESULT:15:8:0:2000:----
RUN_RESULT:15:9:0:2000:----
    16 |      160 | -3.761100E+03 | -3.829000E+03
TRACK:310;247;283;3;2;2;0;4;6;5;3;0;2;9;17;2;22;-3.75176850692418;12;2;2;4;2;6;1;12;12;0;0;13;22;-7.858436780476101;4;23;-4.549228755712017;5;5;2;5;17;5;17;0;6;6;3;5;8;0;2;3;0;8;25;1;3;14;4;21;-9.32592796943468;3;0;3;16;6;23;-4.619691445738466;25;6;6;4;5;4;21;-6.400984908185432
TRACK:311;247;283;3;2;2;0;4;6;5;3;0;2;9;17;2;22;-3.7584965299871604;12;2;2;4;2;6;1;20;1.9268324875549276;12;0;0;13;22;-7.900173368550633;2;8;17;5;6;4;9;0;6;6;3;5;8;6;1;4;9;3;10;25;6;6;4;5;4;21;-6.344808103984305
TRACK:312;222;267;3;2;2;0;4;6;5;3;0;2;9;17;2;17;9;2;2;4;2;6;1;20;1.934751802018229;12;0;0;13;22;-7.833547660954791;15;5;5;4;21;-6.36437425372874;0;6;6;3;5;8;0;2;3;0;8;25;1;3;14;4;21;-8.985295661245303;3;0;3;16;6;23;-4.536648687173542;0;3;3;2;4;3;4;7;8.352184495300687;6;2;2;19;13;4;15;5;3;4;4;5;2;8;8;6;6;4;1;2;4;0;2;8;7;3.5154460596923864;4;17;4;1;6;21;-4.538851825925379;4;15;3;4;0;0;24;23;-6.495232521115023;1;8;21;-8.56865261808195
TRACK:313;222;267;3;2;2;0;4;6;5;3;0;2;9;17;2;22;-3.7801357816920005;12;2;2;4;2;6;1;20;1.8815741472572554;12;0;0;13;22;-7.807344682585577;4;23;-4.454070933886239;5;5;2;5;17;5;17;0;6;6;3;5;8;6;1;4;9;3;10;25;6;6;0;2;8;7;3.5154460596923864;4;17
TRACK:314;226;226;3;2;2;0;4;6;5;3;0;2;9;17;2;17;9;2;2;4;2;6;1;20;1.9924320481322777;12;0;0;13;22;-7.776903716522384;4;23;-4.5105218367620274;5;5;2;5;17;5;17;6;2;2;19;13;4;15;0;3;3;2;4;3;4;7;8.593530906562368;6;2;2;19;13;4;15;5;3;4;4;5;2;8;8;6;6;4;5;4;21;-6.207644180184331
TRACK:315;226;226;3;2;2;0;4;6;5;3;0;2;9;17;2;17;9;2;2;4;2;6;1;20;1.9924320481322777;12;0;0;13;22;-7.776903716522384;4;23;-4.5105218367620274;5;5;23;-4.579122120166681;0;6;6;3;5;8;0;2;3;0;8;25;1;3;14;4;21;-9.247944471479528;3;0;3;16;6;23;-4.579122120166681;0;3;3;2;4;3;4;7;8.593530906562368;6;2;2;19;13;4;15;5;3;4;4;5;2;8;8;6;6;4;5;4;21;-6.207644180184331
TRACK:316;267;261;3;2;2;0;4;6;5;3;0;2;9;17;2;22;-3.7801357816920005;12;2;2;4;2;6;1;20;1.8815741472572554;12;0;6;23;-4.592711733390288;4;23;-4.454070933886239;5;5;2;5;17;5;17;0;6;6;3;5;8;6;1;4;9;3;10;25;6;6;4;5;4;21;-6.36437425372874
TRACK:317;267;261;3;2;2;0;4;25;2;2;4;2;6;1;20;2.0673889034827;12;0;0;13;22;-7.746679194695888;4;23;-4.292481227528952;5;5;2;5;17;5;17;0;6;6;3;5;8;0;2;3;0;8;25;1;3;14;4;21;-9.251637279757961;3;0;3;16;6;23;-4.592711733390288;0;3;3;2;4;3;4;7;8.575838516097953;6;2;2;16;13;4;15;5;1;1;6;19;6;7;-5.396573909858448;0;3;25;0;19;18;6;6;4;5;4;21;-6.292541224528704
TRACK:318;286;283;3;2;2;0;4;6;5;3;0;2;9;17;2;17;9;2;2;4;2;6;1;20;1.8727848647333927;12;0;0;13;22;-8.073973793934762;15;5;5;1;1;21;-0.06690982792709374;9;2;8;12;0;6;6;3;5;8;0;2;3;0;8;25;1;3;14;4;21;-8.854823044482337;3;0;3;16;6;23;-4.612402468566916;0;3;3;2;4;3;4;7;8.429689954129246;6;2;2;19;13;4;15;5;3;4;7;8.574829651659115;6;6;4;1;2;4;0;2;8;7;3.359834010320619;4;17;4;1;23;-1.9347125503308593;9;3;4;0;0;24;23;-6.403506653059437;1;9;21;-8.655022401994776
TRACK:319;286;283;3;2;2;0;5;5;1;1;21;-0.06690982792709374;9;2;8;12;2;2;4;2;6;1;20;1.9268324875549276;12;0;0;13;22;-7.900173368550633;2;9;17;5;6;4;9;0;6;6;3;5;8;6;1;4;9;3;10;25;6;6;4;5;4;21;-6.344808103984305
TRACK:320;310;-1;3;4;5;4;3;6;4;6;3;0;8;9
TRACK:321;312;-1;3;2;2;0;4;6;5;3;0;2;9;17;2;17;9;2;2;4;2;6;1;20;1.9886888791486914;12;0;0;13;22;-7.922005189046833;15;5;5;0;7;1.5862489938811102;9;0;6;6;3;5;8;0;2;3;0;8;25;1;3;14;4;21;-8.8442503528586;3;0;3;16;6;23;-4.584879107438334;0;3;3;2;4;3;4;7;8.46644226582265;6;2;2;19;13;4;15;5;3;4;4;5;2;8;8;6;6;4;1;2;4;0;2;8;7;3.453626620092381;4;17;4;1;6;21;-4.622986449024707;4;15;3;4;0;0;24;23;-6.359437111327329;1;8;21;-8.52756733770062
TRACK:322;314;-1;3;2;2;0;4;6;5;3;0;2;9;17;2;17;9;2;2;4;2;6;1;20;1.930036132234565;12;0;0;13;22;-7.818804170510455;4;23;-4.5770479789378;5;5;2;5;17;5;17;6;2;2;19;13;4;15;0;3;3;2;4;3;4;21;-2.1515020967763725;6;2;2;19;13;4;15;5;3;4;4;5;2;8;8;6;6;4;5;4;21;-6.23615503683578
TRACK:323;316;-1;3;2;2;0;4;6;5;3;0;2;9;17;2;22;-3.645128066698463;12;2;2;4;2;6;1;20;1.8340990910148405;12;0;6;23;-4.493630490691368;4;23;-4.522723841053377;5;5;2;5;17;5;17;0;6;6;3;5;8;6;1;4;9;3;10;25;6;6;1;4;25;6;19
TRACK:324;318;-1;3;2;2;0;4;6;5;3;0;2;9;17;2;17;9;2;2;4;2;6;1;20;1.7792723764031462;12;0;0;13;22;-8.058645346902408;15;5;5;1;1;21;-0.26390961546069347;9;2;8;12;0;6;6;3;5;8;0;2;3;0;8;25;6;14;3;0;3;16;6;23;-4.611054123869343;0;3;3;2;4;3;4;7;8.516504118772792;6;2;2;19;13;4;15;5;3;4;7;8.552029170988076;6;6;4;1;2;4;0;2;8;7;3.3195615281722257;4;17;4;1;23;-2.0311917766560246;9;3;4;0;0;24;23;-6.46053391240339;1;9;21;-8.672611529686474
TRACK:325;311;-1;3;2;2;0;4;6;5;0;7;3.3397564332559444;9;2;2;4;2;6;1;20;2.040941969986936;12;0;0;13;22;-7.832155257222698;2;8;17;5;6;4;9;0;6;6;3;5;8;6;1;4;9;3;10;25;6;6;4;5;4;21;-6.384565164504631
TRACK:326;313;-1;3;2;2;0;4;6;5;3;0;2;9;17;2;22;-3.7968410820301193;12;2;2;4;2;6;1;20;1.917610721459044;12;0;0;13;22;-7.753697145877814;4;23;-4.602065187978034;4;6;20;3.6577201880790255;0;6;6;3;5;8;6;1;4;9;3;10;25;6;6;0;2;8;7;3.4766014517538735;4;17
TRACK:327;315;-1;3;2;2;0;4;6;5;3;0;2;9;17;2;17;9;2;2;4;2;6;1;20;1.9576744611962704;12;0;0;13;22;-7.782749243987728;4;23;-4.5639113207267155;5;5;23;-4.499390698170209;0;6;6;3;5;8;0;2;3;0;18;25;1;3;14;4;21;-9.13605649532175;3;0;3;16;6;23;-4.431925362837555;0;3;3;2;4;3;4;7;8.56961213223805;6;2;2;19;13;4;15;5;3;4;4;5;2;8;8;6;6;4;5;4;21;-6.065873139783594
TRACK:328;317;-1;3;2;2;0;4;25;2;2;4;2;6;0;14;12;0;0;13;22;-7.5669282600278995;4;23;-4.22101698477471;5;5;2;5;17;5;17;0;6;6;3;5;8;0;2;3;0;8;25;1;3;14;4;21;-9.211216519241143;3;0;3;16;6;23;-4.388483570732146;0;3;3;2;4;3;4;7;8.626177586221257;6;2;2;16;13;4;15;5;1;1;6;19;6;7;-5.189645509098346;0;3;25;0;19;18;6;6;4;5;4;21;-6.223046531778027
TRACK:329;319;-1;3;2;2;0;5;5;1;1;21;0.0970451523741305;9;2;8;12;2;2;4;2;6;1;20;1.9483442277239889;12;0;0;13;22;-7.885399757187326;2;9;17;5;6;4;9;2;2;2;10;23;2.7051966774580016;3;13;6;3;8;25;6;6;4;5;4;21;-6.325856065609608
EVAL_INSTANCE:16:0:320
EVAL_INSTANCE:16:1:321
EVAL_INSTANCE:16:2:322
EVAL_INSTANCE:16:3:323
EVAL_INSTANCE:16:4:324
EVAL_INSTANCE:16:5:325
EVAL_INSTANCE:16:6:326
EVAL_INSTANCE:16:7:327
EVAL_INSTANCE:16:8:328
EVAL_INSTANCE:16:9:329
RUN_RESULT:16:0:0:2000:----
RUN_RESULT:16:1:0:299:UUUURRURDRDDDD
RUN_RESULT:16:2:0:2000:----
RUN_RESULT:16:3:0:561:UUUURRURDLLLDDLLDDDRRRRRRU
RUN_RESULT:16:4:0:265:UUUURRURDRDDDD
RUN_RESULT:16:5:0:266:UUUURRURDRDDDD
RUN_RESULT:16:6:0:2000:----
RUN_RESULT:16:7:0:1092:UUUURRURDRDDDD
RUN_RESULT:16:8:0:1081:UUUURRURDRDDDD
RUN_RESULT:16:9:0:1095:UUUURRURDRDDDD
    17 |      170 | -3.761200E+03 | -3.829000E+03
TRACK:330;247;222;3;2;2;0;4;6;5;3;0;2;9;17;2;22;-3.75176850692418;12;2;2;4;2;6;1;20;1.8223213575968082;12;0;0;13;22;-7.858436780476101;4;23;-4.549228755712017;5;5;2;5;17;5;17;0;6;6;3;5;8;0;2;3;0;8;25;1;3;14;4;21;-9.32592796943468;3;4;15;25;6;6;4;5;4;21;-6.400984908185432
TRACK:331;247;222;3;2;2;0;4;6;5;3;0;2;9;17;2;17;9;2;2;4;2;6;1;20;1.934751802018229;12;0;0;13;22;-7.833547660954791;15;5;5;1;1;21;-0.12205540294714012;9;2;8;12;0;6;6;3;5;8;0;3;0;8;25;3;0;3;16;6;23;-4.536648687173542;0;3;3;2;4;3;4;7;8.352184495300687;6;2;2;19;13;4;15;5;3;4;4;5;2;8;8;6;6;4;1;2;4;0;2;8;7;3.5154460596923864;4;17;4;1;6;21;-4.538851825925379;4;15;3;4;0;0;24;23;-6.495232521115023;1;8;21;-8.56865261808195
TRACK:332;286;267;3;2;2;0;4;6;5;3;0;2;9;17;2;17;9;2;2;4;2;6;1;20;1.8727848647333927;12;0;0;13;22;-8.073973793934762;15;5;5;1;1;21;-0.06690982792709374;9;2;8;12;0;6;6;3;5;8;0;2;3;0;8;25;1;3;14;4;21;-8.854823044482337;3;0;3;16;6;23;-4.612402468566916;0;3;3;2;4;3;4;7;8.429689954129246;6;2;2;19;13;4;20;1.8815741472572554;5;3;4;7;8.574829651659115;6;6;4;1;2;4;0;2;8;7;3.359834010320619;4;17;4;1;23;-1.9347125503308593;9;3;4;0;0;24;23;-6.403506653059437;1;8;21;-8.655022401994776
TRACK:333;286;267;3;2;2;0;4;6;5;3;0;2;9;17;2;22;-3.7801357816920005;12;2;2;4;2;6;1;20;1.8815741472572554;12;0;0;13;22;-7.807344682585577;4;23;-4.454070933886239;5;5;2;5;17;5;17;0;6;6;3;5;8;6;1;4;9;3;10;25;6;6;22;-8.073973793934762
TRACK:334;283;283;3;2;2;0;4;6;5;3;0;2;9;17;2;22;-3.7584965299871604;12;2;2;4;2;0;13;22;-7.900173368550633;0;0;13;22;-7.900173368550633;2;9;17;5;6;4;9;0;6;6;3;5;8;6;1;4;9;3;10;25;6;6;4;5;4;21;-6.344808103984305
TRACK:335;283;283;3;2;2;0;4;6;5;2;22;-3.7584965299871604;12;2;2;4;2;6;1;20;1.9268324875549276;12;0;0;13;22;-7.900173368550633;2;9;17;5;6;4;9;0;6;6;3;5;8;6;1;4;9;3;10;25;6;6;4;5;4;21;-6.344808103984305
TRACK:336;226;267;3;2;2;0;4;6;5;3;0;2;9;17;2;17;9;2;2;4;2;6;1;20;1.9924320481322777;12;0;0;13;22;-7.776903716522384;4;23;-4.5105218367620274;5;5;2;5;17;5;17;0;6;6;3;5;8;0;2;3;0;8;25;1;3;14;4;21;-9.247944471479528;3;0;3;16;6;23;-4.579122120166681;0;3;3;2;4;3;4;7;8.593530906562368;6;2;2;19;13;4;15;5;3;4;4;5;2;8;8;6;6;4;5;6;3;5;8
TRACK:337;226;267;3;2;5;17;6;6;4;5;4;21;-6.36437425372874
TRACK:338;222;247;3;2;2;0;4;6;5;3;0;2;9;17;2;17;9;2;2;4;2;6;1;20;1.934751802018229;12;0;0;13;22;-7.833547660954791;15;5;5;1;1;21;-0.12205540294714012;9;2;8;12;0;6;6;3;5;8;0;2;3;0;8;25;1;3;14;4;21;-8.985295661245303;3;0;3;16;6;23;-4.536648687173542;0;3;3;2;4;3;4;7;8.352184495300687;6;2;2;19;13;4;15;5;3;4;4;5;2;8;8;6;6;8
TRACK:339;222;247;3;2;2;0;4;6;5;3;0;2;9;17;2;9;12;2;2;4;2;6;1;20;1.8223213575968082;12;0;0;13;22;-7.858436780476101;4;23;-4.549228755712017;5;5;2;5;17;5;17;0;6;6;3;5;8;0;2;3;0;8;25;1;3;14;4;21;-9.32592796943468;3;0;3;16;6;23;-4.619691445738466;25;6;6;4;5;4;21;-6.400984908185432
TRACK:340;330;-1;3;2;2;0;4;6;5;3;0;2;9;17;2;22;-3.6599597812028133;12;2;2;4;2;6;1;20;1.8036470647312173;12;0;0;13;22;-7.765244389843422;4;23;-4.685576952387715;5;5;2;5;17;5;17;0;6;6;3;5;8;0;2;3;0;8;25;1;3;14;4;21;-9.480556815338137;3;4;15;25;6;6;4;5;2;3;1;1;11;7;-4.007967486538515;1;20;5.410104739788178;25;4;5;2;10;9
TRACK:341;332;-1;3;2;2;0;4;6;5;3;0;2;9;17;2;17;9;2;2;4;2;6;1;20;1.9814284155738473;12;0;0;13;22;-8.230625502311838;15;5;5;1;1;21;-0.015962096331547743;9;2;8;12;0;6;6;3;5;8;0;2;3;0;8;25;1;3;14;4;21;-8.661482859641902;3;0;3;16;6;23;-4.537018659933937;0;3;3;3;25;5;3;4;7;8.575486713739863;6;6;4;1;2;4;0;2;8;7;3.260849662641337;4;17;4;1;23;-2.0744980789540715;9;3;4;0;0;24;23;-6.38056275142524;1;8;21;-8.791546896689233
TRACK:342;334;-1;3;2;2;0;4;6;5;3;0;2;9;17;2;22;-3.7994161817947014;12;2;2;4;2;0;13;22;-8.003975821882758;0;0;13;22;-8.114280593317424;2;9;17;5;6;4;9;0;6;6;3;5;8;6;1;4;9;3;10;25;2;6;2;6;20;7.336690087795173;0;13;8;5;5;1;14;11
TRACK:343;336;-1;3;2;2;0;4;6;5;3;0;2;9;17;2;17;9;2;2;4;2;6;1;20;1.7502615798593244;12;0;0;13;22;-7.792918196069275;4;25;5;5;2;5;17;5;17;0;6;6;3;5;8;0;2;3;0;8;25;1;3;14;4;21;-9.181429753557685;3;0;3;16;6;23;-4.684868742212139;0;3;3;2;4;3;4;7;8.473860698286712;6;2;2;19;13;4;15;5;3;4;4;5;2;8;8;6;6;4;5;6;3;5;8
TRACK:344;338;-1;3;2;2;0;4;6;5;3;0;2;9;17;2;17;9;2;2;4;2;6;1;20;2.06459494688216;12;0;0;13;22;-7.853293935882791;15;5;5;1;1;21;-0.3477878862924989;9;2;8;12;0;6;6;3;5;8;0;2;3;0;8;25;1;3;14;4;21;-8.954370576982514;3;2;18;21;-2.690581699633265;0;3;3;2;4;3;4;7;8.361653031918557;6;2;2;19;13;4;15;5;3;4;4;5;2;8;8;6;6;8
TRACK:345;331;-1;3;2;2;0;4;6;5;3;0;2;9;17;2;17;9;2;2;4;2;6;1;20;1.7812060427301806;12;0;0;13;22;-7.718793750985438;15;5;5;1;1;21;-0.13200610270113192;9;2;8;12;0;6;6;3;5;8;0;3;0;8;25;3;0;3;16;6;15;0;3;3;2;4;3;4;7;8.326771093979321;6;2;2;19;13;4;15;5;3;4;4;5;2;8;8;6;6;4;1;2;4;0;2;8;7;3.617210768116724;4;17;4;1;6;21;-4.475229854371492;4;15;3;4;0;0;24;23;-6.367683653120824;1;8;21;-8.730188179296077
TRACK:346;333;-1;3;2;1;3;4;20;6.819318288261112;1;0;8;14;0;25;10;6;6;22;-7.966230127336536
TRACK:347;335;-1;3;2;2;0;4;6;5;2;22;-3.6208137512877796;12;2;2;4;2;6;1;20;1.912510489172859;12;0;0;13;22;-7.846320396892511;2;9;17;5;6;4;9;0;6;6;3;5;21;0.8819154202353996;6;1;4;9;3;10;25;6;6;4;5;4;21;-6.256405797049288
TRACK:348;337;-1;1;0;3;15;2;19;14;2;0;13;17;0;24;13
TRACK:349;339;-1;3;2;2;0;4;6;5;3;0;2;9;17;2;9;12;2;2;4;2;6;1;20;1.8778765409871707;12;0;0;13;22;-7.941116068663576;4;23;-4.592481536200114;5;5;2;5;17;5;17;0;6;6;3;4;9;0;2;3;0;8;25;1;3;14;4;21;-9.351382247257243;3;0;3;16;6;23;-4.621900575482194;25;6;6;4;5;4;21;-6.334779629000618
EVAL_INSTANCE:17:0:340
EVAL_INSTANCE:17:1:341
EVAL_INSTANCE:17:2:342
EVAL_INSTANCE:17:3:343
EVAL_INSTANCE:17:4:344
EVAL_INSTANCE:17:5:345
EVAL_INSTANCE:17:6:346
EVAL_INSTANCE:17:7:347
EVAL_INSTANCE:17:8:348
EVAL_INSTANCE:17:9:349
RUN_RESULT:17:0:0:288:UUUURRURDRDDDD
RUN_RESULT:17:1:0:266:UUUURRURDRDDDD
RUN_RESULT:17:2:0:302:UUUURRURDRDDDD
RUN_RESULT:17:3:0:299:UUUURRURDRDDDD
RUN_RESULT:17:4:0:2000:----
RUN_RESULT:17:5:0:1090:UUUURRURDRDDDD
RUN_RESULT:17:6:0:2000:----
RUN_RESULT:17:7:0:2000:----
RUN_RESULT:17:8:0:2000:----
RUN_RESULT:17:9:0:1092:UUUURRURDRDDDD
    18 |      180 | -3.761200E+03 | -3.829000E+03
TRACK:350;247;267;3;2;2;0;4;6;5;3;0;2;9;17;2;22;-3.75176850692418;12;2;2;4;2;6;1;20;1.8223213575968082;12;0;0;13;22;-7.858436780476101;4;23;-4.549228755712017;5;5;2;5;17;5;17;0;6;6;3;5;8;0;2;3;0;8;25;10;3;0;3;16;6;23;-4.619691445738466;25;6;6;4;5;4;21;-6.400984908185432
TRACK:351;247;267;3;2;2;0;4;6;5;3;0;2;9;17;2;22;-3.7801357816920005;12;2;2;4;2;6;1;20;1.8815741472572554;12;0;0;13;22;-7.807344682585577;4;23;-4.454070933886239;5;5;2;12;5;17;0;6;6;3;5;8;6;1;4;9;3;10;25;6;6;4;5;4;21;-6.36437425372874
TRACK:352;266;283;3;2;2;0;4;6;5;3;0;2;9;16;2;17;9;2;2;4;2;6;1;20;1.9416078514336523;12;0;0;13;22;-7.865664723664359;15;5;5;1;1;21;-0.08841736232769756;9;2;8;12;0;6;6;3;5;8;0;2;3;0;8;25;1;5;18;4;21;-8.906917343651546;3;0;3;16;6;23;-4.576590196184917;0;3;3;2;4;3;4;7;8.4324611525171;6;2;2;19;13;4;15;5;3;4;4;5;2;8;8;6;6;4;1;2;4;0;2;8;7;3.3891286703243657;4;17;4;1;6;21;-4.600702444112952;4;15;3;4;0;0;24;23;-6.66656204975532;13
TRACK:353;266;283;3;2;2;0;4;6;5;3;0;2;9;17;2;22;-3.7584965299871604;12;2;2;4;2;6;1;20;1.9268324875549276;12;0;0;13;22;-7.900173368550633;2;9;17;5;6;4;9;0;6;6;3;5;8;6;1;12;3;10;25;6;6;4;5;4;21;-6.344808103984305
TRACK:354;226;283;3;2;2;0;4;6;5;3;0;2;9;17;2;17;9;2;2;4;2;6;1;20;1.9924320481322777;12;0;0;13;22;-7.776903716522384;4;23;-4.5105218367620274;5;5;2;5;17;5;17;0;6;6;3;5;8;0;2;3;0;8;25;1;3;14;4;21;-9.247944471479528;3;0;5;8;6;23;-4.579122120166681;0;3;3;2;4;3;4;7;8.593530906562368;6;2;2;19;13;4;15;5;3;4;4;5;2;8;8;6;6;4;5;4;21;-6.207644180184331
TRACK:355;226;283;3;2;2;0;4;6;5;3;0;2;9;17;2;22;-3.7584965299871604;12;2;2;4;2;6;1;20;1.9268324875549276;12;0;0;13;22;-7.900173368550633;2;9;17;5;6;15;0;6;6;3;5;8;6;1;4;9;3;10;25;6;6;4;5;4;21;-6.344808103984305
TRACK:356;247;267;3;2;2;0;4;6;5;3;0;2;9;17;2;22;-3.75176850692418;12;2;2;4;2;6;1;20;1.8223213575968082;22;-3.7801357816920005;0;0;13;22;-7.858436780476101;4;23;-4.549228755712017;5;5;2;5;17;5;17;0;6;6;3;5;8;0;2;3;0;8;25;1;3;14;4;21;-9.32592796943468;3;0;3;16;6;23;-4.619691445738466;25;6;6;4;5;4;21;-6.400984908185432
TRACK:357;247;267;3;2;2;0;4;6;5;3;0;2;9;17;2;22;-3.7801357816920005;12;2;2;4;2;6;1;20;1.8815741472572554;12;0;0;13;22;-7.807344682585577;4;23;-4.454070933886239;5;5;2;5;17;5;17;12;25;6;6;4;5;4;21;-6.36437425372874
TRACK:358;286;268;3;2;2;0;4;6;5;3;0;17;2;17;9;2;2;4;2;6;1;20;1.8727848647333927;12;0;0;13;22;-8.073973793934762;15;5;5;1;1;21;-0.06690982792709374;9;2;8;12;0;6;6;3;5;8;0;2;3;0;8;25;1;3;14;4;21;-8.854823044482337;3;0;3;16;6;23;-4.612402468566916;0;3;3;2;4;3;4;7;8.429689954129246;6;2;2;19;13;4;15;5;3;4;7;8.574829651659115;6;6;4;1;2;4;0;2;8;7;3.359834010320619;4;17;4;1;23;-1.9347125503308593;9;3;4;0;0;24;23;-6.403506653059437;1;8;21;-8.655022401994776
TRACK:359;286;268;3;2;2;0;4;6;5;9;2;2;4;2;6;1;20;1.9284083170175539;12;0;0;13;22;-7.808095900144874;4;23;-4.1759264803976714;5;5;2;5;17;5;17;0;6;6;3;5;8;0;2;3;0;8;25;1;3;15;4;21;-9.099534824069348;3;0;3;16;6;23;-4.54343132520489;0;3;3;2;4;3;4;7;8.588791102204226;6;2;2;19;13;4;15;5;3;4;4;5;2;8;8;6;6;4;5;4;21;-5.955657289239047
TRACK:360;350;-1;3;2;2;0;4;6;5;3;0;2;9;17;2;22;-3.7265186519657174;12;2;2;4;2;6;1;20;1.8160252636467629;12;0;0;13;22;-7.842407356133539;4;23;-4.6292846134145575;5;5;2;5;17;5;17;2;6;4;6;14;3;0;5;14;1;8;11;25;6;6;4;5;4;21;-6.461376817066513
TRACK:361;352;-1;3;2;2;0;4;6;5;3;0;2;9;16;2;17;9;2;2;4;6;3;3;7;-5.910221048704718;5;5;1;1;21;-0.0498784673645957;9;2;8;12;0;6;6;3;5;8;0;2;3;0;8;25;1;5;18;4;21;-8.725680479341186;3;0;3;16;6;23;-4.477331493393355;0;3;3;2;4;3;4;7;8.395814299124089;6;2;2;19;13;4;15;5;3;4;4;5;2;8;8;6;6;4;1;2;4;0;2;8;7;3.1370997885343903;4;17;4;1;6;21;-4.57762383387023;4;15;3;4;0;0;24;23;-6.614952742578287;13
TRACK:362;226;-1;3;2;2;0;4;6;5;3;0;2;9;17;2;17;9;2;2;4;2;6;1;20;1.951094689092303;12;0;0;13;22;-7.603175966485621;4;23;-4.4569996756463635;5;5;2;5;17;5;17;0;6;6;3;5;8;0;2;3;0;8;25;1;3;14;4;21;-9.169075052611847;3;0;3;16;6;23;-4.67184932214585;0;3;3;2;4;3;4;7;8.511244100837759;6;2;4;15;4;15;5;3;4;4;5;2;8;8;6;6;4;5;4;21;-6.19009229221034
TRACK:363;356;-1;3;2;2;0;4;6;5;1;6;6;21;-5.9109186292812925;6;3;20;-7.40750083673785;2;2;4;2;6;1;20;1.7590648249117924;22;-3.7285862349743666;0;0;13;22;-7.964230995428958;4;23;-4.485520011873184;5;5;2;5;17;5;17;0;6;6;3;5;8;0;2;3;0;8;25;1;3;14;4;21;-9.401344971541707;3;0;3;16;6;23;-4.421246198664424;25;6;6;4;5;4;21;-6.468819993063021
TRACK:364;358;-1;3;2;2;0;4;6;5;3;0;17;2;17;9;2;2;4;2;6;1;20;1.5512865027233782;12;0;0;13;22;-8.063027079879602;15;5;5;1;1;21;-0.10937210561823306;9;2;8;12;0;6;6;3;5;8;0;2;3;0;8;25;1;3;14;4;21;-9.074299806643323;3;0;3;16;6;23;-4.520465836072723;0;3;3;2;4;3;4;7;8.339408364159196;6;2;2;19;13;4;15;5;3;4;7;8.559491340011894;6;6;4;1;2;4;0;2;8;7;3.456578365124833;4;17;4;1;2;17;21;-0.6542279413228531;9;3;4;0;0;24;23;-6.251095443213211;1;8;21;-8.626074672597037
TRACK:365;351;-1;3;2;2;0;4;6;5;3;0;2;9;17;2;22;-3.7870454146832593;12;2;2;4;2;6;1;20;1.8535361540251885;12;0;0;13;22;-8.010071384326883;4;23;-4.433856568239193;5;5;2;12;1;16;22;5.317595697839613;0;6;6;3;5;8;6;1;4;9;3;10;25;6;6;4;5;4;21;-6.384113564089665
TRACK:366;353;-1;3;2;2;0;4;6;5;3;0;2;9;17;2;22;-3.5713252800287614;12;2;2;4;2;6;1;20;2.0850788026575224;12;0;0;13;22;-7.820207390720718;2;9;17;5;6;4;9;0;6;6;3;5;8;6;1;12;3;10;25;6;6;4;5;3;4;6;18
TRACK:367;283;-1;3;2;2;0;4;6;5;3;0;2;9;17;2;22;-3.6337063659397324;12;2;2;4;2;6;1;20;1.9381727803337128;12;0;0;13;22;-7.897710417175114;2;9;17;5;6;4;9;0;1;5;1;5;25;4;16;4;4;2;21;9.152024080498357;19;6;1;4;9;3;10;25;6;6;4;5;4;21;-6.402688803714931
TRACK:368;357;-1;3;2;2;0;4;6;0;6;5;3;17;4;1;0;9;17;6;7;7.561860379507156;2;2;4;2;6;1;20;1.8619446532266564;12;0;0;13;22;-7.799668830769239;4;23;-4.444494510021354;5;5;2;5;17;5;17;12;25;6;6;4;5;4;21;-6.436486897105945
TRACK:369;359;-1;3;2;2;0;1;5;6;6;11;4;4;2;24;25;2;2;4;2;6;1;20;2.0557991243161835;12;0;0;13;22;-7.990269685516327;4;23;-4.0901486852263185;5;5;2;5;17;5;17;0;6;6;3;5;8;0;2;3;0;8;25;1;3;15;4;21;-9.101452987801444;3;0;3;16;6;23;-4.622371030845094;0;3;3;2;4;3;4;7;8.46155365538351;6;2;2;19;13;4;15;5;3;4;4;5;2;8;8;6;6;4;5;4;21;-6.136430771582069
EVAL_INSTANCE:18:0:360
EVAL_INSTANCE:18:1:361
EVAL_INSTANCE:18:2:362
EVAL_INSTANCE:18:3:363
EVAL_INSTANCE:18:4:364
EVAL_INSTANCE:18:5:365
EVAL_INSTANCE:18:6:366
EVAL_INSTANCE:18:7:367
EVAL_INSTANCE:18:8:368
EVAL_INSTANCE:18:9:369
RUN_RESULT:18:0:0:966:UUUURRURDRDDDD
RUN_RESULT:18:1:0:269:UUUURRURDRDDDD
RUN_RESULT:18:2:0:266:UUUURRURDRDDDD
RUN_RESULT:18:3:0:277:UUUURRURDRDDDD
RUN_RESULT:18:4:0:766:UUUURRURDRDDDD
RUN_RESULT:18:5:0:171:UUUURRURDRDDDD
RUN_RESULT:18:6:0:556:UUUURRURDLLLDDLLDDDRRRRRRU
RUN_RESULT:18:7:0:966:UUUURRURDRDDDD
RUN_RESULT:18:8:0:1082:UUUURRURDRDDDD
RUN_RESULT:18:9:0:265:UUUURRURDRDDDD
    19 |      190 | -3.770600E+03 | -3.829000E+03
TRACK:370;267;365;3;2;2;0;4;6;5;3;0;2;9;17;2;22;-3.7801357816920005;12;2;2;4;2;6;1;20;1.8815741472572554;12;0;0;13;22;-7.807344682585577;4;23;-4.454070933886239;5;5;2;5;17;5;17;0;6;6;3;5;8;6;1;4;9;3;10;25;6;6;4;23;-4.433856568239193
TRACK:371;267;365;3;2;2;0;4;5;4;21;-6.36437425372874;2;2;4;2;6;1;20;1.8535361540251885;12;0;0;13;22;-8.010071384326883;4;23;-4.433856568239193;5;5;2;12;1;16;22;5.317595697839613;0;6;6;3;5;8;6;1;4;9;3;10;25;6;6;4;5;4;21;-6.384113564089665
TRACK:372;247;268;3;2;2;0;4;6;5;3;0;2;9;17;2;22;-3.75176850692418;12;2;2;4;2;6;1;20;1.8223213575968082;12;0;0;13;22;-7.858436780476101;4;23;-4.549228755712017;5;5;2;5;17;5;17;0;6;6;3;5;25;0;2;3;0;8;25;1;3;14;4;21;-9.32592796943468;3;0;3;16;6;23;-4.619691445738466;25;6;6;4;5;4;21;-6.400984908185432
TRACK:373;247;268;3;2;2;0;4;6;5;3;0;20;1.8223213575968082;2;17;9;2;2;4;2;6;1;20;1.9284083170175539;12;0;0;13;22;-7.808095900144874;4;23;-4.1759264803976714;5;5;2;5;17;5;17;0;6;6;3;5;8;0;2;3;0;8;25;1;3;15;4;21;-9.099534824069348;3;0;3;16;6;23;-4.54343132520489;0;3;3;2;4;3;4;7;8.588791102204226;6;2;2;19;13;4;15;5;3;4;4;5;2;8;8;6;6;4;5;4;21;-5.955657289239047
TRACK:374;283;365;3;2;2;0;4;6;5;3;0;2;9;17;9;2;2;4;2;6;1;20;1.9268324875549276;12;0;0;13;22;-7.900173368550633;2;9;17;5;6;4;9;0;6;6;3;5;8;6;1;4;9;3;10;25;6;6;4;5;4;21;-6.344808103984305
TRACK:375;283;365;3;2;2;0;4;6;5;3;0;2;9;17;2;22;-3.7870454146832593;12;2;2;4;2;6;1;20;1.8535361540251885;12;0;0;13;22;-8.010071384326883;4;23;-4.433856568239193;5;5;2;12;1;16;22;5.317595697839613;0;6;6;3;5;8;6;1;4;9;3;20;1.9268324875549276;25;6;6;4;5;4;21;-6.384113564089665
TRACK:376;267;283;3;2;2;0;4;6;5;3;0;2;9;17;2;22;-3.7801357816920005;12;2;2;4;6;1;20;1.9268324875549276;12;5;5;2;5;17;5;17;0;6;6;3;5;8;6;1;4;9;3;10;25;6;6;4;5;4;21;-6.36437425372874
TRACK:377;267;283;3;2;2;0;4;6;5;3;0;2;9;17;2;22;-3.7584965299871604;12;2;2;4;2;6;1;20;1.9268324875549276;12;0;0;13;22;-7.900173368550633;2;9;17;5;6;4;9;0;9;6;1;4;9;3;10;25;6;6;4;5;4;21;-6.344808103984305
TRACK:378;247;286;3;2;2;0;4;6;5;3;0;2;9;17;2;22;-3.75176850692418;12;2;2;4;2;6;1;20;1.8223213575968082;12;0;0;13;22;-7.858436780476101;4;23;-4.549228755712017;5;5;2;5;17;5;17;0;6;6;3;5;8;0;2;3;0;8;25;1;3;14;4;21;-9.32592796943468;3;0;3;16;6;23;-4.619691445738466;25;6;6;4;5;8
TRACK:379;247;286;3;2;2;0;4;6;5;3;0;2;9;17;2;17;9;2;2;4;2;6;1;20;1.8727848647333927;12;0;0;13;22;-8.073973793934762;15;5;5;1;1;21;-0.06690982792709374;9;2;8;12;0;6;6;3;5;8;0;2;3;0;8;25;1;3;14;4;21;-8.854823044482337;3;0;3;16;6;23;-4.612402468566916;0;3;3;2;4;3;4;7;8.429689954129246;6;2;2;19;13;4;15;5;3;4;7;8.574829651659115;6;6;4;1;2;4;0;2;8;7;3.359834010320619;4;17;4;1;23;-1.9347125503308593;9;3;4;0;0;24;23;-6.403506653059437;1;8;25
TRACK:380;370;-1;3;2;2;0;4;6;5;3;0;2;9;20;-1.146393967796378;2;22;-3.7279975958748186;12;2;2;4;2;6;1;20;2.0544927093542116;12;0;0;13;22;-7.77189211159487;4;23;-4.545840888206331;5;5;2;5;17;5;17;0;6;6;3;5;8;6;1;4;9;3;10;25;6;6;4;23;-4.5062643250708
TRACK:381;372;-1;3;2;2;0;4;6;5;3;0;2;9;17;2;22;-4.078089479102943;12;5;6;20;-7.738725849052514;25;6;6;4;5;4;21;-6.516459313767012
TRACK:382;374;-1;3;2;2;0;4;6;5;3;0;2;9;17;9;2;2;4;2;6;1;20;1.7800320862442627;12;0;0;13;22;-7.820649209390913;2;9;17;5;6;4;9;0;6;6;3;5;8;6;1;4;9;3;10;25;6;4;6;3;3;19
TRACK:383;376;-1;3;2;2;0;4;6;5;3;0;2;9;17;2;22;-3.902956594800936;12;2;4;3;2;15;21;-6.200033280953057;0;6;6;3;5;8;6;1;4;9;3;10;25;6;6;4;5;4;21;-6.235626198283577
TRACK:384;378;-1;3;2;2;0;6;4;3;4;25;2;2;4;2;6;1;20;1.7595892699947582;12;0;0;13;22;-7.861609250359373;4;23;-4.496060973294884;5;5;2;5;17;5;17;0;6;6;3;5;8;0;2;3;0;8;25;1;3;14;4;21;-9.326348109570334;3;0;3;16;6;23;-4.597375213714341;25;6;6;4;5;8
TRACK:385;371;-1;3;2;2;0;4;5;4;21;-6.40190741548945;2;2;4;2;6;1;20;1.8445229724477328;12;0;0;13;22;-8.07758888332886;4;23;-4.303966069156545;5;5;3;22;5.82037410787013;0;6;6;3;5;8;6;1;4;9;3;10;25;6;6;4;5;4;21;-6.221979422492358
TRACK:386;373;-1;3;2;2;0;4;6;5;3;0;20;1.8075533205052758;2;17;9;2;2;4;2;6;1;20;1.949406298752679;12;0;0;13;20;9.006389848277525;4;23;-4.149736673057435;5;5;2;5;17;5;17;0;6;6;3;5;8;0;2;3;0;8;25;1;3;15;4;21;-8.989562683179525;3;0;3;16;6;23;-4.622054920522092;0;3;3;2;4;3;4;7;8.620830480941766;6;2;2;19;13;4;15;5;3;4;4;5;2;8;8;6;6;4;5;4;21;-6.068891005467842
TRACK:387;375;-1;3;2;2;0;4;6;5;3;0;2;11;22;-2.5912333445712177;2;22;-3.9430029905134623;12;2;2;4;2;6;1;20;1.7472754892909232;12;0;0;13;22;-8.094234814129313;4;23;-4.689506651569356;5;5;2;12;1;16;22;5.241590838386927;0;6;6;3;5;8;6;1;4;9;3;20;2.077479481168856;25;6;6;4;5;4;21;-6.2593219158231035
TRACK:388;377;-1;3;2;2;0;4;6;5;3;0;2;9;17;2;22;-3.6261613884338466;12;2;2;4;2;6;1;20;2.039491771778752;21;-5.685007764261119;0;0;13;22;-7.965866821347699;2;9;17;5;6;4;9;0;9;6;1;4;9;3;10;25;6;6;4;5;4;21;-6.317358859091723
TRACK:389;379;-1;3;2;2;0;4;6;5;3;0;2;9;17;2;17;9;2;2;4;2;6;1;20;1.7770699143528172;12;0;0;13;22;-8.15454688206007;15;5;5;1;1;21;-0.09410591443151685;9;2;8;12;0;6;6;3;5;8;0;2;3;0;8;25;1;3;13;4;21;-8.92162056213236;3;0;3;16;6;23;-4.461314261757858;0;3;3;2;4;3;4;7;8.382299831402298;6;2;2;19;13;4;15;5;3;4;7;8.503866741019984;6;6;4;1;2;4;0;2;8;7;3.4087585203454847;4;17;4;1;23;-1.9155284255194278;9;3;4;0;0;24;23;-6.374793622723387;1;8;25
EVAL_INSTANCE:19:0:380
EVAL_INSTANCE:19:1:381
EVAL_INSTANCE:19:2:382
EVAL_INSTANCE:19:3:383
EVAL_INSTANCE:19:4:384
EVAL_INSTANCE:19:5:385
EVAL_INSTANCE:19:6:386
EVAL_INSTANCE:19:7:387
EVAL_INSTANCE:19:8:388
EVAL_INSTANCE:19:9:389
RUN_RESULT:19:0:0:2000:----
RUN_RESULT:19:1:0:981:LLUUUURRRRURDRDDDD
RUN_RESULT:19:2:0:301:UUUURRURDRDDDD
RUN_RESULT:19:3:0:264:UUUURRURDRDDDD
RUN_RESULT:19:4:0:310:UUUURRURDRDDDD
RUN_RESULT:19:5:0:2000:----
RUN_RESULT:19:6:0:269:UUUURRURDRDDDD
RUN_RESULT:19:7:0:266:UUUURRURDRDDDD
RUN_RESULT:19:8:0:2000:----
RUN_RESULT:19:9:0:1081:UUUURRURDRDDDD
    20 |      200 | -3.770700E+03 | -3.829000E+03
TRACK:390;383;283;3;2;2;0;4;6;5;3;0;2;9;17;2;22;-3.902956594800936;12;2;4;3;2;15;21;-6.200033280953057;0;6;6;3;5;8;6;1;4;22;-3.7584965299871604;3;10;25;6;6;4;5;4;21;-6.235626198283577
TRACK:391;383;283;3;2;2;0;4;6;5;3;0;2;9;17;2;22;-3.7584965299871604;12;2;2;4;2;6;1;21;-6.200033280953057;12;0;0;13;22;-7.900173368550633;2;9;17;5;6;4;9;0;6;6;3;5;8;6;1;4;9;3;10;25;6;6;4;5;4;21;-6.344808103984305
TRACK:392;247;365;3;2;2;0;4;6;5;3;0;2;9;17;2;22;-3.75176850692418;12;2;2;4;2;6;1;20;1.8223213575968082;12;0;0;13;22;-7.858436780476101;12;5;5;2;5;17;5;17;0;6;6;3;5;8;0;2;3;0;8;25;1;3;14;4;21;-9.32592796943468;3;0;3;16;6;23;-4.619691445738466;25;6;6;4;5;4;21;-6.400984908185432
TRACK:393;247;365;3;2;2;0;4;6;5;3;0;2;9;17;2;22;-3.7870454146832593;12;2;2;4;2;6;2;22;-3.75176850692418;12;0;0;13;22;-8.010071384326883;4;23;-4.433856568239193;5;5;2;12;1;16;22;5.317595697839613;0;6;6;3;5;8;6;1;4;9;3;10;25;6;6;4;5;4;21;-6.384113564089665
TRACK:394;267;283;3;2;2;0;4;6;5;3;0;2;9;17;2;22;-3.7801357816920005;12;2;2;4;2;6;1;20;1.8815741472572554;12;0;0;13;22;-7.807344682585577;4;23;-4.454070933886239;3;5;8;0;6;6;3;5;8;6;1;4;9;3;10;25;6;6;4;5;4;21;-6.36437425372874
TRACK:395;267;283;3;2;2;0;4;6;5;3;0;2;9;17;2;22;-3.7584965299871604;12;2;2;4;2;6;1;20;1.9268324875549276;12;0;0;13;22;-7.900173368550633;2;9;17;5;6;4;9;0;6;6;3;5;8;6;1;5;4;21;-6.36437425372874;3;10;25;6;6;4;5;4;21;-6.344808103984305
TRACK:396;365;383;3;2;2;0;4;6;5;3;0;2;9;17;2;22;-3.7870454146832593;12;2;2;4;2;6;1;20;1.8535361540251885;12;0;0;13;22;-8.010071384326883;4;23;-4.433856568239193;5;5;2;12;9;0;6;6;3;5;8;6;1;4;9;3;10;25;6;6;4;5;4;21;-6.384113564089665
TRACK:397;365;383;3;2;2;0;4;6;5;3;0;2;9;17;2;22;-3.902956594800936;12;2;4;3;2;15;21;-6.200033280953057;0;6;6;3;5;10;6;1;4;9;3;10;25;6;6;4;5;4;21;-6.235626198283577
TRACK:398;267;261;3;2;2;0;4;6;5;3;0;5;17;2;22;-3.7801357816920005;12;2;2;4;2;6;1;20;1.8815741472572554;12;0;0;13;22;-7.807344682585577;4;23;-4.454070933886239;5;5;2;5;17;5;17;0;6;6;3;5;8;6;1;4;9;3;10;25;6;6;4;5;4;21;-6.36437425372874
TRACK:399;267;261;3;2;2;0;4;6;5;3;0;2;9;17;2;17;9;2;2;4;2;6;1;20;2.0673889034827;12;0;0;13;22;-7.746679194695888;4;23;-4.292481227528952;5;5;2;5;17;5;17;0;6;6;3;5;8;0;2;3;0;17;25;1;3;14;4;21;-9.251637279757961;3;0;3;16;6;23;-4.592711733390288;0;3;3;2;4;3;4;7;8.575838516097953;6;2;2;16;13;4;15;5;1;1;6;19;6;7;-5.396573909858448;0;3;25;0;19;18;6;6;4;5;4;21;-6.292541224528704
TRACK:400;390;-1;3;2;2;0;4;6;5;3;0;2;9;17;2;22;-3.913406802825299;12;2;4;3;2;15;21;-6.077209366775099;0;6;1;19;9;6;1;4;22;-3.684329058043019;3;10;25;6;6;4;5;4;21;-6.305844713443808
TRACK:401;392;-1;3;2;2;0;4;6;5;3;0;2;9;17;2;22;-3.7530843797632296;12;2;2;4;2;6;1;20;1.8946782898803114;12;0;23;-2.3032491168540092;21;-6.559629019956271;5;5;2;5;17;5;17;0;6;6;3;5;8;0;2;3;0;8;25;1;3;14;4;21;-9.426435777860123;3;0;3;16;6;23;-4.661038031872113;25;6;6;4;5;4;21;-6.43574631937846
TRACK:402;394;-1;3;2;2;0;4;6;5;3;0;2;9;17;2;22;-3.6489122953620714;12;2;2;4;2;6;1;20;1.9876795934435274;12;0;0;13;22;-7.953833125557497;4;23;-4.580368784786256;3;5;8;0;6;6;3;5;8;6;1;4;9;3;10;25;6;6;4;5;1;6;2;0;22;-6.015313040973895;8;2;19;13;2;3;0;12;22;7.601845404729751;2;4;9;3;17
TRACK:403;396;-1;3;2;2;0;4;6;5;3;0;2;9;17;2;22;-3.7781420449978365;12;2;2;4;2;6;1;20;1.919988870142725;12;0;0;13;22;-7.99804588912148;4;23;-4.396828533868265;5;5;2;12;9;0;6;6;3;5;23;5.776301982097012;6;1;4;9;3;10;25;6;6;4;5;4;21;-6.336517391379675
TRACK:404;398;-1;3;2;2;0;4;6;5;4;17;2;2;4;2;6;1;20;1.9859688936486628;12;0;0;13;22;-7.822421603726245;4;23;-4.635878256860414;5;5;2;5;17;5;17;0;6;6;3;5;8;6;1;4;9;3;10;25;6;6;4;5;4;21;-6.321474119569896
TRACK:405;391;-1;3;2;2;0;4;6;5;3;0;2;9;17;2;22;-3.7591685071580496;12;2;2;4;2;6;1;21;-6.089858046064536;12;3;0;20;9.863103018246086;14;5;6;4;9;0;6;6;3;5;8;6;1;4;9;3;10;25;6;6;4;5;4;21;-6.211841650112093
TRACK:406;393;-1;3;2;2;0;4;6;5;3;0;2;9;17;2;22;-3.741500176929022;12;2;2;4;2;2;22;1.8256521077895975;12;0;0;13;22;-7.82097779645732;4;23;-4.356944464136857;5;5;2;12;1;16;22;5.289863785195991;0;6;6;3;5;8;6;1;4;9;3;10;25;6;6;4;5;4;21;-6.3619119453595365
TRACK:407;395;-1;3;2;2;0;4;6;5;3;0;2;9;17;2;22;-3.7240089775160734;12;2;2;4;2;6;1;20;1.8497652890467475;12;0;0;13;22;-7.824602861350471;2;9;17;5;1;16;24;0;6;6;3;5;8;6;1;5;4;21;-6.134974859671809;3;10;25;6;6;4;5;4;21;-6.37296120080847
TRACK:408;397;-1;3;2;2;0;4;6;5;3;0;2;9;17;2;22;-3.8103935477868336;12;2;4;3;2;15;21;-6.096095246179576;0;6;6;3;23;0.8370469611016507;6;1;4;9;3;10;25;6;6;4;5;4;21;-6.18004550359031
TRACK:409;399;-1;3;2;2;0;4;6;5;1;1;10;22;3.389321790230097;4;15;2;2;4;2;6;1;20;2.0185081917736354;12;0;0;13;22;-7.611871872824692;4;23;-4.2404583676999215;5;5;2;5;17;5;17;0;6;6;3;5;8;0;2;3;0;17;25;1;3;14;4;21;-9.153302202753162;3;0;3;16;6;23;-4.607734550368491;0;3;3;2;4;3;4;7;8.640749087439177;6;2;2;16;13;4;15;5;1;1;6;19;6;7;-5.381539722030201;0;3;25;0;19;18;6;6;4;5;4;21;-6.309415550213187
EVAL_INSTANCE:20:0:400
EVAL_INSTANCE:20:1:401
EVAL_INSTANCE:20:2:402
EVAL_INSTANCE:20:3:403
EVAL_INSTANCE:20:4:404
EVAL_INSTANCE:20:5:405
EVAL_INSTANCE:20:6:406
EVAL_INSTANCE:20:7:407
EVAL_INSTANCE:20:8:408
EVAL_INSTANCE:20:9:409
RUN_RESULT:20:0:0:2000:----
RUN_RESULT:20:1:0:2000:----
RUN_RESULT:20:2:0:2000:----
RUN_RESULT:20:3:0:2000:----
RUN_RESULT:20:4:0:266:UUUURRURDRDDDD
RUN_RESULT:20:5:0:179:UUUURRURDRDDDD
RUN_RESULT:20:6:0:181:UUUURRURDRDDDD
RUN_RESULT:20:7:0:554:UUUURRURDLLLDDLLDDDRRRRRUR
RUN_RESULT:20:8:0:264:UUUURRURDRDDDD
RUN_RESULT:20:9:0:265:UUUURRURDRDDDD
    21 |      210 | -3.787800E+03 | -3.829000E+03
TRACK:410;247;283;3;2;2;0;4;6;5;3;0;2;21;-6.344808103984305;17;2;22;-3.75176850692418;12;2;2;4;2;6;1;20;1.8223213575968082;12;0;0;13;22;-7.858436780476101;4;23;-4.549228755712017;5;5;2;5;17;5;17;0;6;6;3;5;8;0;2;3;0;8;25;1;3;14;4;21;-9.32592796943468;3;0;3;16;6;23;-4.619691445738466;25;6;6;4;5;4;21;-6.400984908185432
TRACK:411;247;283;3;2;2;0;4;6;5;3;0;2;9;17;2;22;-3.7584965299871604;12;2;2;4;2;6;1;20;1.9268324875549276;12;0;0;13;22;-7.900173368550633;2;9;17;5;6;4;9;0;6;6;3;5;8;6;1;4;9;3;10;25;23;-4.549228755712017
TRACK:412;405;365;3;2;2;0;4;6;5;3;0;2;9;17;2;22;-3.7591685071580496;12;2;2;4;2;6;1;21;-6.089858046064536;12;3;0;20;9.863103018246086;14;5;6;4;9;0;6;6;3;22;5.317595697839613;6;1;4;9;3;10;25;6;6;4;5;4;21;-6.211841650112093
TRACK:413;405;365;3;2;2;0;4;6;5;3;0;2;9;17;2;22;-3.7870454146832593;12;2;2;9;5;5;2;12;1;16;22;5.317595697839613;0;6;6;3;5;8;6;1;4;9;3;10;25;6;6;4;5;4;21;-6.384113564089665
TRACK:414;267;283;3;2;2;0;4;6;5;3;0;2;9;17;2;22;-3.7801357816920005;12;2;2;4;2;6;1;20;1.8815741472572554;12;0;0;13;22;-7.807344682585577;4;23;-4.454070933886239;5;5;2;5;17;5;17;0;6;6;3;5;17;6;1;4;9;3;10;25;6;6;4;5;4;21;-6.36437425372874
TRACK:415;267;283;3;2;2;0;4;6;5;3;0;2;9;17;2;22;-3.7584965299871604;12;2;2;4;2;6;1;20;1.9268324875549276;12;0;0;13;22;-7.900173368550633;2;9;17;5;4;5;4;21;-6.36437425372874;0;6;6;3;5;8;6;1;4;9;3;10;25;6;6;4;5;4;21;-6.344808103984305
TRACK:416;365;247;3;2;2;0;4;6;5;3;0;2;9;17;2;22;-3.7870454146832593;12;2;2;4;2;6;1;22;-3.75176850692418;12;0;0;13;22;-8.010071384326883;4;23;-4.433856568239193;5;5;2;12;1;16;22;5.317595697839613;0;6;6;3;5;8;6;1;4;9;3;10;25;6;6;4;5;4;21;-6.384113564089665
TRACK:417;365;247;3;2;2;0;4;6;5;3;0;2;9;17;2;22;-3.75176850692418;12;2;2;4;2;6;1;20;1.8223213575968082;12;0;0;13;22;-7.858436780476101;4;23;-4.549228755712017;5;5;2;5;17;5;17;0;6;6;3;5;8;0;2;3;0;8;25;1;3;14;4;21;-9.32592796943468;3;8;25;6;6;4;5;4;21;-6.400984908185432
TRACK:418;267;406;3;2;2;0;4;6;5;3;0;2;9;17;2;22;-3.7801357816920005;12;2;2;4;2;6;1;20;1.8815741472572554;12;0;0;13;22;-7.807344682585577;4;23;-4.454070933886239;5;5;2;5;17;5;17;0;6;6;3;5;8;6;1;4;9;3;10;25;6;6;4;3;10
TRACK:419;267;406;3;2;2;0;4;6;5;3;0;2;9;17;2;22;-3.741500176929022;12;2;2;4;2;2;22;1.8256521077895975;12;0;0;13;22;-7.82097779645732;4;23;-4.356944464136857;5;6;1;20;1.8815741472572554;12;0;6;6;3;5;8;6;1;4;9;3;10;25;6;6;4;5;4;21;-6.3619119453595365
TRACK:420;410;-1;3;2;2;0;4;6;5;3;0;2;21;-6.315967480665127;17;2;22;-3.7834201420988527;12;2;2;4;2;6;1;20;1.8296361810851947;12;0;0;13;22;-7.81763374699029;4;23;-4.744553686564078;5;5;2;5;17;5;17;0;6;6;3;5;8;0;2;3;0;8;25;1;3;14;4;21;-9.414849977722241;3;0;3;16;6;14;25;6;6;4;5;4;21;-6.538896910847049
TRACK:421;412;-1;3;2;2;0;4;6;5;3;0;2;9;17;2;22;-3.6075970361150325;12;2;2;4;4;16;5;6;4;9;0;6;6;3;22;5.300289974435674;6;1;4;9;3;10;25;6;6;4;5;4;21;-6.101825703262832
TRACK:422;414;-1;3;2;2;0;4;6;5;3;0;2;9;17;2;22;-3.7784200595991972;12;2;2;4;2;6;1;20;1.8909021191653377;12;0;0;13;22;-7.648255435055819;4;23;-4.4565169313825885;5;5;2;5;17;5;17;0;6;6;3;5;17;6;1;4;9;3;10;25;6;6;4;4;5;1;20;-2.050491859882955;15
TRACK:423;365;-1;3;2;2;0;4;6;5;3;0;2;9;17;2;22;-3.767721422944319;12;2;2;4;2;6;1;20;1.6793238448570826;12;0;0;13;22;-7.971166108315691;5;18;5;5;2;12;1;16;22;5.346601283521651;0;6;6;3;5;8;6;1;4;9;3;10;25;6;6;4;5;4;21;-6.288671969107178
TRACK:424;267;-1;3;2;2;0;4;6;5;2;4;20;1.9038386958090037;1;23;1.6891340469567027;8;2;2;4;2;6;1;20;1.8658001397369373;12;0;0;13;22;-7.88105952323182;4;23;-4.4299574631191;5;5;2;5;17;5;17;0;6;6;3;5;8;6;1;4;9;3;10;25;6;6;4;5;4;21;-6.310010218094677
TRACK:425;411;-1;3;2;2;0;4;6;5;3;0;2;9;17;2;22;-3.5523305349357095;12;2;2;4;2;6;6;16;0;0;13;22;-7.915430026340381;2;9;17;5;6;4;9;0;6;6;3;5;8;6;1;4;9;3;10;25;23;-4.463918494008571
TRACK:426;413;-1;3;2;2;0;4;6;5;3;0;2;9;17;2;22;-3.7961631207628845;12;2;2;9;5;5;2;12;1;16;22;5.254970318508797;0;6;6;3;5;8;6;1;4;9;3;10;25;6;6;4;0;11;24
TRACK:427;415;-1;3;2;2;0;4;6;5;3;0;2;9;17;2;22;-3.813881251069908;12;2;2;4;2;6;1;20;1.7288530219726637;12;0;0;13;22;-7.641801767932502;2;9;21;2.0214656592230096;5;4;5;4;21;-6.3189211957642675;0;6;6;3;5;8;6;1;4;9;3;10;25;6;6;4;5;4;21;-6.263373309241037
TRACK:428;247;-1;3;2;2;0;4;6;5;3;0;2;9;17;2;22;-3.7756969137661196;12;2;2;4;2;6;1;20;1.8791825618378908;12;0;0;13;22;-8.068585557980002;4;23;-4.598611848626512;0;5;16;5;24;0;6;6;3;5;8;0;2;3;0;8;25;1;3;14;4;21;-9.208610417488874;3;0;3;16;6;23;-4.624419434547713;25;6;6;4;5;4;21;-6.4557011154000845
TRACK:429;406;-1;3;2;2;0;4;6;5;3;0;2;9;17;2;22;-3.8355035567612052;12;3;3;5;1;1;24;11;1;14;17;25;6;6;4;5;4;21;-6.317225833598017
EVAL_INSTANCE:21:0:420
EVAL_INSTANCE:21:1:421
EVAL_INSTANCE:21:2:422
EVAL_INSTANCE:21:3:423
EVAL_INSTANCE:21:4:424
EVAL_INSTANCE:21:5:425
EVAL_INSTANCE:21:6:426
EVAL_INSTANCE:21:7:427
EVAL_INSTANCE:21:8:428
EVAL_INSTANCE:21:9:429
RUN_RESULT:21:0:0:2000:----
RUN_RESULT:21:1:0:2000:----
RUN_RESULT:21:2:0:556:UUUURRURDLLLDDLLDDDRRRRRRU
RUN_RESULT:21:3:0:171:UUUURRURDRDDDD
RUN_RESULT:21:4:0:266:UUUURRURDRDDDD
RUN_RESULT:21:5:0:2000:----
RUN_RESULT:21:6:0:2000:----
RUN_RESULT:21:7:0:2000:----
RUN_RESULT:21:8:0:191:LLUUUURRRRURDRDDDD
RUN_RESULT:21:9:0:971:UUUURRURDRDDDD
    22 |      220 | -3.804600E+03 | -3.829000E+03
TRACK:430;267;406;3;2;2;0;4;6;5;3;0;2;9;17;2;22;-3.7801357816920005;12;2;2;4;2;6;1;20;1.8815741472572554;12;0;0;13;22;-7.807344682585577;4;23;-4.454070933886239;5;5;2;5;17;5;17;0;6;6;3;5;8;6;1;4;9;3;10;25;6;12
TRACK:431;267;406;3;2;2;0;4;6;5;3;0;2;9;17;2;22;-3.741500176929022;12;2;2;4;2;2;22;1.8256521077895975;12;0;0;13;22;-7.82097779645732;4;23;-4.356944464136857;5;5;2;12;1;16;22;5.289863785195991;0;6;6;3;5;8;6;1;4;22;-7.807344682585577;3;10;25;6;6;4;5;4;21;-6.3619119453595365
TRACK:432;247;405;3;2;2;0;4;6;5;3;0;2;9;17;2;22;-3.75176850692418;12;2;2;4;2;6;1;20;1.8223213575968082;12;0;0;13;22;-7.858436780476101;4;23;-4.549228755712017;5;5;2;5;17;5;17;0;6;6;3;5;8;0;2;3;0;8;25;9;3;0;3;16;6;23;-4.619691445738466;25;6;6;4;5;4;21;-6.400984908185432
TRACK:433;247;405;3;2;2;0;4;6;5;3;0;2;9;17;2;22;-3.7591685071580496;12;2;2;4;2;6;1;21;-6.089858046064536;12;3;0;20;9.863103018246086;14;5;6;4;9;0;6;6;3;5;8;6;22;-3.75176850692418;25;6;6;4;5;4;21;-6.211841650112093
TRACK:434;365;267;3;2;2;0;4;6;5;3;0;2;9;17;2;22;-3.7801357816920005;12;2;2;4;2;6;1;20;1.8815741472572554;12;0;0;13;22;-7.807344682585577;4;23;-4.454070933886239;5;5;2;5;17;5;17;0;6;6;3;5;8;6;1;4;9;3;10;25;6;6;4;5;4;21;-6.384113564089665
TRACK:435;365;267;3;2;2;0;4;6;5;3;0;2;9;17;2;22;-3.7801357816920005;12;2;2;4;2;6;1;20;1.8815741472572554;12;0;0;13;22;-7.807344682585577;4;23;-4.454070933886239;5;5;2;5;17;5;17;0;6;2;6;1;20;1.8535361540251885;12;0;0;13;22;-8.010071384326883;4;23;-4.433856568239193;6;1;4;9;3;10;25;6;6;4;5;4;21;-6.36437425372874
TRACK:436;283;408;3;2;2;0;4;6;5;3;0;2;9;17;2;22;-3.7584965299871604;12;2;2;4;2;6;1;20;1.9268324875549276;12;0;0;13;15;2;9;17;5;6;4;9;0;6;6;3;5;8;6;1;4;9;3;10;25;6;6;4;5;4;21;-6.344808103984305
TRACK:437;283;408;3;2;2;0;4;6;5;3;0;2;9;17;2;22;-3.8103935477868336;12;2;4;3;2;15;21;-6.096095246179576;0;6;6;3;23;0.8370469611016507;6;1;4;9;3;10;25;6;6;4;5;4;21;-6.18004550359031
TRACK:438;428;365;3;2;2;0;4;6;5;3;0;17;2;22;-3.7756969137661196;12;2;2;4;2;6;1;20;1.8791825618378908;12;0;0;13;22;-8.068585557980002;4;23;-4.598611848626512;0;5;16;5;24;0;6;6;3;5;8;0;2;3;0;8;25;1;3;14;4;21;-9.208610417488874;3;0;3;16;6;23;-4.624419434547713;25;6;6;4;5;4;21;-6.4557011154000845
TRACK:439;428;365;3;2;2;0;2;22;-3.7756969137661196;12;2;2;4;2;6;1;20;1.8535361540251885;12;0;0;13;22;-8.010071384326883;4;23;-4.433856568239193;5;5;2;12;1;16;22;5.317595697839613;0;6;6;3;5;8;6;1;4;9;3;10;25;6;6;4;5;4;21;-6.384113564089665
TRACK:440;430;-1;3;2;2;0;4;6;5;3;0;2;9;17;2;22;-3.913620961801454;12;2;2;4;2;6;1;20;1.9417906320052354;7;4.26463971018614;0;0;13;22;-7.977995276943846;4;23;-4.447278412979309;5;5;2;5;17;5;17;0;6;6;3;5;8;6;1;4;9;3;10;25;6;12
TRACK:441;432;-1;3;2;2;0;4;6;5;3;0;2;9;17;2;22;-3.6651791294537674;12;2;2;4;2;6;1;20;1.8185549309233382;12;0;0;13;22;-7.774358278713562;4;23;-4.435937616663008;5;5;2;3;22;0.7480767171331628;5;17;0;6;6;3;5;8;0;2;3;0;8;25;9;3;0;3;16;6;23;-4.575605771779382;25;6;6;4;5;4;21;-6.572191999718495
TRACK:442;434;-1;3;2;2;0;4;6;5;3;0;2;9;17;6;18;2;2;4;2;6;1;20;2.102058491847609;12;0;0;13;22;-7.831484658712184;4;23;-4.289446243152527;5;5;2;5;17;5;17;0;6;6;3;5;8;6;1;4;9;3;10;25;6;6;4;5;4;21;-6.548774554203125
TRACK:443;436;-1;3;2;2;0;4;6;5;3;0;2;9;17;2;22;-3.7683450626302855;12;2;2;4;2;6;1;20;2.014294190594674;12;0;0;13;15;2;9;17;5;6;4;9;0;6;6;3;0;20;-4.136500037899884;25;6;1;4;9;3;10;25;6;6;4;5;4;21;-6.578736209609425
TRACK:444;438;-1;3;2;2;0;4;6;5;3;0;17;2;22;-3.7815483009542707;12;2;2;4;2;6;1;20;1.7698131516365656;12;0;0;13;22;-8.052381557669229;4;23;-4.5302283121563125;0;5;16;5;24;0;6;6;3;5;8;0;6;1;12;13;3;0;3;16;6;23;-4.720498988936745;25;6;6;4;5;4;21;-6.344522072693995
TRACK:445;431;-1;3;2;2;0;4;6;5;3;0;2;9;17;2;22;-3.9537812594462154;12;2;2;4;2;2;22;1.8165525373638534;12;0;0;13;22;-7.7629515799839295;4;23;-4.424875181820605;5;5;2;12;1;16;22;5.304396239959928;0;6;6;3;5;8;6;1;4;22;-7.893622043655027;3;10;25;6;6;4;6;7;-2.2184666630647465
TRACK:446;433;-1;3;2;2;0;4;6;5;3;0;2;9;17;0;21;7.544805694666412;20;-4.903331725076329;2;2;4;2;6;1;21;-6.258653759732809;12;3;0;20;9.605806596493998;14;5;6;4;9;0;6;6;3;5;8;6;22;-3.711221176938189;25;6;6;4;5;4;21;-6.363839565289682
TRACK:447;435;-1;3;2;2;0;4;6;5;3;0;2;9;17;2;22;-3.728022884273011;12;2;2;4;2;6;1;20;1.9004922957978865;12;0;0;13;22;-7.833639613577847;4;23;-4.466846422011581;5;5;2;5;17;5;17;0;6;2;6;1;9;12;0;0;13;22;-8.158345367138011;4;23;-4.383229836763108;6;1;4;9;3;10;25;6;6;4;5;4;21;-6.279868036154911
TRACK:448;437;-1;3;2;2;0;4;6;5;3;0;2;9;17;2;22;-3.771966876561764;12;2;4;3;2;15;2;3;24;4;25;0;6;6;3;23;0.7764552732541237;6;1;4;9;3;10;25;6;6;4;5;4;21;-6.14735103713698
TRACK:449;439;-1;3;2;2;0;2;22;-3.8225677136732132;12;2;2;4;2;6;1;20;1.8342780877376548;12;0;4;11;4;23;-4.550507028727261;5;5;2;12;1;16;22;5.209059483329587;0;6;6;3;5;8;6;1;4;9;3;10;25;6;6;4;5;4;21;-6.36875710665056
EVAL_INSTANCE:22:0:440
EVAL_INSTANCE:22:1:441
EVAL_INSTANCE:22:2:442
EVAL_INSTANCE:22:3:443
EVAL_INSTANCE:22:4:444
EVAL_INSTANCE:22:5:445
EVAL_INSTANCE:22:6:446
EVAL_INSTANCE:22:7:447
EVAL_INSTANCE:22:8:448
EVAL_INSTANCE:22:9:449
RUN_RESULT:22:0:0:561:UUUURRURDLLLDDLLDDDRRRRRRU
RUN_RESULT:22:1:0:2000:----
RUN_RESULT:22:2:0:1083:UUUURRURDRDDDD
RUN_RESULT:22:3:0:1033:UUUURRURDRDDDD
RUN_RESULT:22:4:0:2000:----
RUN_RESULT:22:5:0:2000:----
RUN_RESULT:22:6:0:2000:----
RUN_RESULT:22:7:0:2000:----
RUN_RESULT:22:8:0:2000:----
RUN_RESULT:22:9:0:2000:----
    23 |      230 | -3.804600E+03 | -3.829000E+03
TRACK:450;423;365;3;2;2;0;4;6;5;3;0;2;9;17;2;22;-3.767721422944319;12;2;12;0;6;6;3;5;8;6;1;4;9;3;10;25;6;6;4;5;4;21;-6.288671969107178
TRACK:451;423;365;3;2;2;0;4;6;5;3;0;2;9;17;2;22;-3.7870454146832593;12;2;2;4;2;6;1;20;1.8535361540251885;12;0;0;13;22;-8.010071384326883;4;23;-4.433856568239193;5;5;2;12;1;16;22;5.317595697839613;0;6;6;3;5;8;6;1;4;9;13;25;6;6;4;5;4;21;-6.384113564089665
TRACK:452;405;283;3;2;2;0;4;6;5;3;0;2;9;17;2;22;-3.7591685071580496;12;6;5;3;0;2;9;17;2;22;-3.7584965299871604;12;25;6;6;4;5;4;21;-6.211841650112093
TRACK:453;405;283;3;2;2;0;4;6;5;9;2;2;4;2;6;1;20;1.9268324875549276;12;0;0;13;22;-7.900173368550633;2;9;17;5;6;4;9;0;6;6;3;5;8;6;1;4;9;3;10;25;6;6;4;5;4;21;-6.344808103984305
TRACK:454;428;423;3;2;2;0;4;6;5;2;12;1;16;22;5.346601283521651;2;2;4;2;6;1;20;1.8791825618378908;12;0;0;13;22;-8.068585557980002;4;23;-4.598611848626512;0;5;16;5;24;0;6;6;3;5;8;0;2;3;0;8;25;1;3;14;4;21;-9.208610417488874;3;0;3;16;6;23;-4.624419434547713;25;6;6;4;5;4;21;-6.4557011154000845
TRACK:455;428;423;3;2;2;0;4;6;5;3;0;2;9;17;2;22;-3.767721422944319;12;2;2;4;2;6;1;20;1.6793238448570826;12;0;0;13;22;-7.971166108315691;5;18;5;5;2;12;1;14;22;5.346601283521651;0;6;6;3;5;8;6;1;4;9;3;10;25;6;6;4;5;4;21;-6.288671969107178
TRACK:456;267;365;3;2;2;0;4;6;5;3;0;2;9;17;2;22;-3.7801357816920005;12;2;2;4;2;6;1;20;1.8815741472572554;12;0;0;13;22;-7.807344682585577;4;23;-4.454070933886239;5;5;2;0;13;22;-8.010071384326883;5;17;0;6;6;3;5;8;6;1;4;9;3;10;25;6;6;4;5;4;21;-6.36437425372874
TRACK:457;267;365;3;2;2;0;4;6;5;3;0;2;9;17;2;22;-3.7870454146832593;12;2;2;4;2;6;1;20;1.8535361540251885;12;0;0;13;22;-8.010071384326883;4;23;-4.433856568239193;5;5;2;12;1;20;1.8815741472572554;12;0;6;6;3;5;8;6;1;4;9;3;10;25;6;6;4;5;4;21;-6.384113564089665
TRACK:458;405;283;3;2;9;6;6;4;5;4;21;-6.211841650112093
TRACK:459;405;283;3;2;2;0;4;6;5;3;0;2;9;17;2;22;-3.7584965299871604;12;2;2;4;2;6;1;21;-6.089858046064536;12;0;0;13;22;-7.900173368550633;2;9;17;5;6;4;9;0;6;6;3;5;8;6;1;4;9;3;10;25;6;6;4;5;4;21;-6.344808103984305
TRACK:460;450;-1;3;6;5;4;3;1;5;5;3;5;24;3;1;4;4;13;4;3;23;-5.841069210300171
TRACK:461;452;-1;3;2;4;6;1;5;4;4;3;18;1;3;5;4;16;5;3;6;15;6;2;5;6;5;0;6;10;0;22;-5.94053938546149;24;1;6;0;4;3;18;1;3;15;4;25;6;3;0;3;18;4;19
TRACK:462;454;-1;3;2;2;0;4;6;5;2;12;1;16;22;5.305494670055095;2;2;4;2;6;1;20;1.8813973238963075;12;0;0;13;22;-7.948815606322071;4;23;-4.617444760919138;0;5;16;5;24;0;6;6;3;5;8;0;2;3;0;8;25;1;3;14;4;21;-9.158385989840099;3;0;3;16;6;23;-4.647225831656899;25;6;6;4;5;0;0;6;2;23;2.2533871538511114;16;0;0;15;10;0;22;-4.137507544014043;14;2;1;3;7;7.086350843743482;2;13;9;2;5;16;1;9;17
TRACK:463;456;-1;3;2;2;0;4;6;5;3;0;2;9;17;2;22;-3.6020727801656505;12;2;2;4;2;6;1;20;1.932806588999477;12;0;0;13;22;-7.883371804209411;4;23;-4.593979195741096;5;5;2;0;13;22;-7.851439670917776;5;17;0;6;6;3;5;8;6;6;4;22;-6.144437112700755;25;6;6;4;5;4;21;-6.528060794272759
TRACK:464;458;-1;3;2;5;2;0;3;1;0;5;6;19;2;2;24;25;5;23;0.06614162101861609;4;0;2;22;1.2009205846569913;9;6;24;5;4;2;6;2;16;9;5;3;9;1;3;5;0;2;5;10;2;18;21;2.330393375994195;1;6;23;-9.386323928427348;6;8;3;2;4;5;0;25;13;2;2;5;11;6;17;6;6;7;-3.70323446010236;6;6;4;5;4;21;-6.095710001129385
TRACK:465;451;-1;3;2;2;0;4;6;6;1;17;23;7.780830980879443;2;2;4;2;6;1;20;1.834703790756475;12;0;0;13;22;-7.950015114381867;4;23;-4.577071358859978;5;5;2;12;1;16;22;5.286812564505823;0;6;6;3;5;8;6;1;4;9;13;25;6;6;4;5;4;21;-6.506223048960253
TRACK:466;453;-1;3;2;2;0;4;6;5;9;2;2;4;2;6;1;20;1.8097506818537583;12;0;0;13;22;-7.9029318233614845;2;9;17;5;6;4;9;0;6;6;3;5;8;6;1;4;9;3;10;25;6;4;6;23;-9.517906322432664
TRACK:467;455;-1;3;2;2;0;6;1;5;24;3;14;4;5;5;12;25;6;6;4;5;4;21;-6.3602997933010315
TRACK:468;457;-1;3;2;2;0;4;6;5;3;0;2;9;17;2;22;-3.7426711397267276;12;2;2;4;2;6;1;20;1.7578225803968826;12;0;0;13;16;4;23;-4.572752802816848;5;5;2;12;1;20;1.9139663354368408;12;0;6;6;3;5;8;6;1;4;9;3;10;25;6;6;4;5;4;21;-6.30225664775833
TRACK:469;459;-1;3;2;2;0;4;6;5;3;0;2;9;17;2;22;-3.623297260922276;12;2;2;4;2;6;1;21;-5.992897245534316;21;5.359303681934158;0;0;13;22;-7.784309367554126;2;9;17;5;6;4;9;0;6;6;3;5;8;6;1;4;9;3;10;25;6;6;4;5;4;21;-6.423616281105189
EVAL_INSTANCE:23:0:460
EVAL_INSTANCE:23:1:461
EVAL_INSTANCE:23:2:462
EVAL_INSTANCE:23:3:463
EVAL_INSTANCE:23:4:464
EVAL_INSTANCE:23:5:465
EVAL_INSTANCE:23:6:466
EVAL_INSTANCE:23:7:467
EVAL_INSTANCE:23:8:468
EVAL_INSTANCE:23:9:469
RUN_RESULT:23:0:0:2000:----
RUN_RESULT:23:1:0:2000:----
RUN_RESULT:23:2:0:2000:----
RUN_RESULT:23:3:0:2000:----
RUN_RESULT:23:4:0:2000:----
RUN_RESULT:23:5:0:266:UUUURRURDRDDDD
RUN_RESULT:23:6:0:2000:----
RUN_RESULT:23:7:0:1087:UUUURRURDRDDDD
RUN_RESULT:23:8:0:176:UUUURRURDRDDDD
RUN_RESULT:23:9:0:2000:----
    24 |      240 | -3.813400E+03 | -3.829000E+03
TRACK:470;468;423;3;2;2;0;4;6;5;3;0;2;9;17;2;22;-3.7426711397267276;12;2;2;4;2;6;1;20;1.7578225803968826;12;0;0;13;16;4;23;-4.572752802816848;5;5;2;12;1;20;1.9139663354368408;12;0;6;6;3;5;8;6;1;4;9;25;25;6;6;4;5;4;21;-6.30225664775833
TRACK:471;468;423;3;2;2;0;4;6;5;3;0;2;9;17;2;22;-3.767721422944319;12;2;2;4;2;6;1;20;1.6793238448570826;12;0;0;13;22;-7.971166108315691;5;18;5;5;2;12;1;16;22;5.346601283521651;0;6;6;3;5;8;6;1;4;9;3;12;25;6;6;4;5;4;21;-6.288671969107178
TRACK:472;283;405;3;2;2;0;4;6;5;3;0;2;9;17;2;22;-3.7584965299871604;12;2;2;4;2;17;0;0;13;22;-7.900173368550633;2;9;17;5;6;4;9;0;6;6;3;5;8;6;1;4;9;3;10;25;6;6;4;5;4;21;-6.344808103984305
TRACK:473;283;405;3;2;2;0;4;6;5;3;0;2;9;17;2;22;-3.7591685071580496;12;2;2;4;2;6;1;21;-6.089858046064536;12;3;0;20;9.863103018246086;14;5;6;4;9;0;6;6;3;5;8;6;1;4;9;3;10;25;6;6;4;5;4;21;-6.211841650112093
TRACK:474;406;267;3;2;2;0;4;6;5;3;0;2;9;17;2;22;-3.741500176929022;12;2;2;4;2;2;22;1.8256521077895975;12;0;0;13;22;-7.82097779645732;4;23;-4.356944464136857;5;5;2;12;1;16;22;5.289863785195991;0;6;13;6;1;4;9;3;10;25;6;6;4;5;4;21;-6.3619119453595365
TRACK:475;406;267;3;2;2;0;4;6;5;3;0;12;2;22;-3.7801357816920005;12;2;2;4;2;6;1;20;1.8815741472572554;12;0;0;13;22;-7.807344682585577;4;23;-4.454070933886239;5;5;2;5;17;5;17;0;6;6;3;5;8;6;1;4;9;3;10;25;6;6;4;5;4;21;-6.36437425372874
TRACK:476;423;365;3;2;2;0;4;6;6;6;3;5;8;2;2;4;2;6;1;20;1.6793238448570826;12;0;0;13;22;-7.971166108315691;5;18;5;5;2;12;1;16;22;5.346601283521651;0;6;6;3;5;8;6;1;4;9;3;10;25;6;6;4;5;4;21;-6.288671969107178
TRACK:477;423;365;3;2;5;18;6;6;4;5;4;21;-6.384113564089665
TRACK:478;428;405;3;2;2;0;4;6;5;3;0;2;9;17;2;22;-3.7756969137661196;12;2;2;4;2;6;1;20;1.8791825618378908;12;0;0;13;22;-8.068585557980002;4;23;-4.598611848626512;0;5;16;5;24;0;6;6;3;5;8;0;2;3;0;8;25;1;3;14;4;21;-9.208610417488874;3;0;3;16;6;23;-4.624419434547713;25;4;2;6;1;21;-6.089858046064536;12;3;0;20;9.863103018246086;14
TRACK:479;428;405;3;2;2;0;4;6;5;3;0;2;9;17;2;22;-3.7591685071580496;12;2;2;4;2;6;1;21;-6.089858046064536;12;3;0;20;9.863103018246086;14;3;0;8;25;0;6;6;3;5;8;6;1;4;9;3;10;25;6;6;4;5;4;21;-6.211841650112093
TRACK:480;468;-1;3;2;2;0;4;6;5;3;0;2;9;17;2;22;-3.627339452076031;12;2;2;4;2;6;1;20;1.8524803622145956;12;0;0;13;16;4;23;-4.618830327375215;5;5;2;3;25;0;12;12;0;6;6;3;5;8;6;1;4;9;3;10;25;6;6;4;5;4;21;-6.197281529684053
TRACK:481;472;-1;3;2;2;0;4;6;5;3;0;2;9;14;2;22;-3.713886593128546;12;2;2;4;2;17;0;0;13;22;-8.003441017317677;2;9;17;5;6;4;9;0;6;6;3;5;8;6;1;4;9;3;10;25;6;6;4;5;4;21;-6.310103050164342
TRACK:482;474;-1;3;2;2;0;4;6;5;3;0;2;9;17;2;22;-3.8842900560783797;12;2;2;4;2;2;22;1.762320262109185;12;0;0;13;22;-7.896973356031064;4;23;-4.292942701613176;5;5;2;12;1;16;22;5.3098489167621725;0;6;13;6;1;4;9;3;3;10;25;6;6;4;5;4;21;-6.337310625710502
TRACK:483;423;-1;3;2;2;0;4;6;5;3;0;2;9;17;2;22;-3.802949721694673;12;2;2;4;2;6;1;20;1.7327780641589232;12;0;0;13;22;-8.071946940534142;5;18;5;5;2;12;1;16;22;5.3238300611935685;0;6;6;3;5;8;6;1;4;9;3;10;25;0;0;4;6;0;6;1;4;24;1;19;7;-8.34295932848051;2;5;6;22;6.00218881108561;3;4;23;-5.872616975395979;1;0;6;5;5;2;17;20;-0.6881357569623763;1;5;5;2;7;1.403746368103004;16;3;2;3;15;1;21;-1.3855963396628201;7;-0.7669038314414518;1;1;0;4;6;23;-8.3409873177452;5;2;14;16;6;5;3;7;1.6430705386069722;4;6;1;1;9;7;-3.8095697311349985;5;13;3;0;2;3;4;0;1;25;22;-6.078531775894788;4;15;1;0;5;3;11;0;6;25;5;11;2;3;5;8;5;2;20;-7.99228665591726;17;0;2;6;3;0;9;21;3.2939487838131676;0;6;5;21;6.0317928698751935;0;6;20;5.861349137449993;1;13;10;5;6;1;6;14;3;20;-8.56608230726488
TRACK:484;478;-1;3;2;2;0;4;6;5;3;0;2;9;17;2;22;-3.84015062657332;12;2;2;4;2;6;1;20;1.942094461009098;12;0;0;13;22;-7.998777696325668;4;23;-4.517346088991961;0;5;16;5;24;0;6;6;3;5;8;0;2;3;0;8;25;1;3;14;4;21;-9.216177882782778;3;0;3;16;2;23;6.391622935557898;17;25;4;2;6;1;21;-6.225001468161408;12;3;0;20;9.723550035733284;14
TRACK:485;423;-1;3;2;2;0;4;0;5;3;16;4;2;15;22;4.930810240349214;2;2;4;2;6;1;20;1.599362073288095;12;0;0;13;22;-7.970099922787756;5;18;5;5;2;12;1;16;22;5.359025588741448;0;6;6;3;5;8;6;1;4;9;3;10;25;6;6;4;5;4;21;-6.365608744003484
TRACK:486;473;-1;3;2;2;0;4;6;5;3;0;2;9;17;2;22;-3.8487228538248996;12;2;2;4;2;6;1;21;-6.047976675110854;12;3;0;20;9.72404626802885;14;5;6;4;9;0;0;3;14;3;7;-8.96674320815144;4;5;13;25;6;6;4;5;4;21;-6.017204502788227
TRACK:487;475;-1;3;2;2;0;4;6;5;3;0;12;2;22;-3.7978953392920585;12;2;2;4;2;6;1;20;1.8128079689066536;12;0;0;13;22;-7.8886117337498245;4;23;-4.426778820289619;5;5;2;5;17;5;17;0;6;6;3;5;8;6;1;4;9;3;10;25;6;6;4;5;0;2;20;1.726568765992937;11;5;11
TRACK:488;365;-1;3;2;2;0;4;6;5;3;0;2;9;17;2;22;-3.8664785270152153;12;2;2;4;2;6;1;20;1.9055767371676913;12;0;0;13;22;-8.026345760673212;4;23;-4.418488280722777;5;5;2;2;22;-5.859630518687357;16;1;16;22;5.369218544506016;0;6;6;3;5;8;6;1;4;9;3;10;25;6;6;4;5;4;21;-6.5435611601797055
TRACK:489;479;-1;3;2;2;0;4;6;5;3;0;2;9;17;2;22;-3.726536195281455;12;2;4;3;0;0;24;8;3;22;-2.9823690847352324;0;6;6;3;5;8;6;1;4;9;3;10;25;6;6;4;5;4;21;-6.2278078330810995
EVAL_INSTANCE:24:0:480
EVAL_INSTANCE:24:1:481
EVAL_INSTANCE:24:2:482
EVAL_INSTANCE:24:3:483
EVAL_INSTANCE:24:4:484
EVAL_INSTANCE:24:5:485
EVAL_INSTANCE:24:6:486
EVAL_INSTANCE:24:7:487
EVAL_INSTANCE:24:8:488
EVAL_INSTANCE:24:9:489
RUN_RESULT:24:0:0:2000:----
RUN_RESULT:24:1:0:171:UUUURRURDRDDDD
RUN_RESULT:24:2:0:976:UUUURRURDRDDDD
RUN_RESULT:24:3:0:2000:----
RUN_RESULT:24:4:0:2000:----
RUN_RESULT:24:5:0:266:UUUURRURDRDDDD
RUN_RESULT:24:6:0:973:UUUURRURDRDDDD
RUN_RESULT:24:7:0:2000:----
RUN_RESULT:24:8:0:2000:----
RUN_RESULT:24:9:0:2000:----
    25 |      250 | -3.822700E+03 | -3.829000E+03
TRACK:490;423;267;3;2;2;0;4;6;5;3;0;2;9;17;2;22;-3.767721422944319;12;2;2;4;2;6;1;20;1.6793238448570826;12;0;0;13;22;-7.971166108315691;5;18;5;5;2;12;1;16;22;5.346601283521651;0;6;6;3;5;8;6;1;4;9;3;10;4;21;-6.36437425372874;6;6;4;5;4;21;-6.288671969107178
TRACK:491;423;267;3;2;2;0;4;6;5;3;0;2;9;17;2;22;-3.7801357816920005;12;2;2;4;2;6;1;20;1.8815741472572554;12;0;0;13;22;-7.807344682585577;4;23;-4.454070933886239;5;5;2;5;17;5;17;0;6;6;3;22;5.346601283521651;6;1;4;9;3;10;25;6;6;4;5;4;21;-6.36437425372874
TRACK:492;365;481;3;2;2;0;4;6;5;3;0;2;9;17;2;22;-3.7870454146832593;12;2;2;4;2;6;1;20;1.8535361540251885;12;0;10;4;23;-4.433856568239193;5;5;2;12;1;16;22;5.317595697839613;0;6;6;3;5;8;6;1;4;9;3;10;25;6;6;4;5;4;21;-6.384113564089665
TRACK:493;365;481;3;2;2;0;4;6;5;3;0;2;9;14;2;22;-3.713886593128546;12;2;2;4;2;17;0;0;13;22;-8.003441017317677;2;9;17;5;6;6;1;20;1.8535361540251885;12;0;6;6;3;5;8;6;1;4;9;3;10;25;6;6;4;5;4;21;-6.310103050164342
TRACK:494;283;365;3;2;2;0;4;6;5;3;0;2;9;17;2;22;-3.7584965299871604;12;2;2;4;2;6;1;20;1.9268324875549276;12;0;0;13;22;-7.900173368550633;2;9;17;5;6;4;9;0;6;6;3;5;8;6;1;4;9;3;10;25;6;6;4;3;10
TRACK:495;283;365;3;2;2;0;4;6;5;3;0;2;9;17;2;22;-3.7870454146832593;12;2;2;4;2;6;1;20;1.8535361540251885;12;0;0;13;22;-8.010071384326883;4;23;-4.433856568239193;6;6;3;5;8;0;6;6;3;5;8;6;1;4;9;3;10;25;6;6;4;5;4;21;-6.384113564089665
TRACK:496;423;267;3;2;2;0;4;6;5;3;0;2;9;17;2;22;-3.767721422944319;12;2;2;4;2;6;1;20;1.6793238448570826;12;0;0;13;22;-7.971166108315691;5;18;5;5;21;-6.36437425372874;0;6;6;3;5;8;6;1;4;9;3;10;25;6;6;4;5;4;21;-6.288671969107178
TRACK:497;423;267;3;2;2;0;4;6;5;3;0;2;9;17;2;22;-3.7801357816920005;12;2;2;4;2;4;21;-6.288671969107178;0;0;13;22;-7.807344682585577;4;23;-4.454070933886239;5;5;2;5;17;5;17;0;6;6;3;5;8;6;1;4;9;3;10;25;6;6;4;5;4;21;-6.36437425372874
TRACK:498;481;283;3;2;2;0;4;6;5;3;0;2;9;14;2;22;-3.713886593128546;12;2;2;4;9;5;6;4;9;0;6;6;3;5;8;6;1;4;9;3;10;25;6;6;4;5;4;21;-6.310103050164342
TRACK:499;481;283;3;2;2;0;4;6;5;3;0;2;9;17;2;22;-3.7584965299871604;12;2;2;4;2;6;1;8;12;0;0;13;22;-7.900173368550633;2;9;17;5;6;4;9;0;6;6;3;5;8;6;1;4;9;3;10;25;6;6;4;5;4;21;-6.344808103984305
TRACK:500;490;-1;3;2;2;0;4;6;5;3;0;2;9;17;2;22;-3.71856260134667;12;2;2;4;2;6;1;20;1.5987602505076943;12;0;0;13;22;-7.9068932748915595;5;18;5;5;2;12;1;16;22;5.379759157101867;0;6;6;3;5;8;6;1;4;0;21;-4.287425575231277;25;3;10;4;21;-6.377680142677175;6;6;4;5;4;21;-6.3008205884206046
TRACK:501;492;-1;3;2;2;0;4;6;5;3;0;2;9;17;2;22;-3.812213357380255;12;2;2;4;6;15;5;5;2;12;1;16;22;5.351354548649909;0;6;6;3;5;8;6;1;4;9;3;10;25;6;6;4;5;4;21;-6.4238984972009225
TRACK:502;494;-1;3;2;2;0;4;6;5;3;0;2;9;17;2;22;-3.7473491234324823;12;2;2;4;2;6;1;20;1.8099921058378865;14;0;0;13;22;-7.932382494279074;2;9;17;5;6;4;9;0;6;6;3;5;8;6;1;4;9;3;10;25;6;6;4;3;10
TRACK:503;496;-1;3;2;2;0;4;6;5;3;0;2;9;17;2;22;-3.582653437996309;12;2;2;4;2;6;1;20;1.6793329709199365;12;0;3;24;5;18;5;5;21;-6.236730778729563;0;6;6;3;5;8;6;1;4;9;3;10;25;6;6;4;5;4;21;-6.3058527673100455
TRACK:504;481;-1;3;2;2;0;4;6;5;3;0;2;9;12;2;22;-3.576060992458621;12;2;2;4;2;17;0;0;13;22;-8.026212954376971;2;9;17;5;6;4;9;0;6;6;3;5;8;6;1;4;9;3;10;25;6;6;4;5;4;21;-6.443612546008789
TRACK:505;491;-1;3;2;2;0;4;6;5;3;0;2;9;17;2;22;-3.751241359890589;12;2;2;4;2;6;1;20;1.8497465401092261;12;0;0;13;22;-7.723947311371703;4;23;-4.3511958199230385;5;5;2;5;17;5;17;0;6;6;3;22;5.2535077263316055;6;1;4;9;3;10;25;6;6;4;5;1;0;2;19;16;0;23;2.7252817837479313;22;2.096056338721562;1;3;25;3;13
TRACK:506;493;-1;3;2;2;0;5;15;2;2;4;2;17;0;0;13;22;-8.054935753833602;2;9;17;5;6;6;1;20;1.7586926727194163;12;0;6;6;3;5;8;6;1;4;9;3;10;25;6;6;4;5;4;21;-6.284708166711232
TRACK:507;495;-1;3;2;2;0;4;6;9;2;2;4;2;6;1;20;1.8490562510352704;12;0;0;13;22;-8.127692387385979;4;23;-4.409232783592154;6;6;3;5;8;0;6;6;3;5;8;6;1;4;9;3;10;25;6;6;4;5;4;21;-6.395034554810186
TRACK:508;497;-1;3;2;2;0;4;0;5;2;23;-7.132903826096266;25;2;2;24;21;5.507495014186446;6;9;2;2;4;2;4;21;-6.1515100348667735;0;0;13;22;-7.883143811940878;4;23;-4.272279654427391;5;5;2;5;17;5;17;0;6;6;3;5;8;6;1;4;9;3;10;25;6;6;4;5;4;21;-6.334798703369415
TRACK:509;283;-1;3;2;2;0;4;6;5;3;0;2;9;17;2;22;-3.7540391114010334;12;2;2;4;2;6;6;23;3.90592182913462;0;0;13;22;-8.011690268401455;2;9;17;5;6;4;9;0;6;6;3;5;8;6;1;4;9;3;10;25;6;6;4;5;4;21;-6.498590829885395
EVAL_INSTANCE:25:0:500
EVAL_INSTANCE:25:1:501
EVAL_INSTANCE:25:2:502
EVAL_INSTANCE:25:3:503
EVAL_INSTANCE:25:4:504
EVAL_INSTANCE:25:5:505
EVAL_INSTANCE:25:6:506
EVAL_INSTANCE:25:7:507
EVAL_INSTANCE:25:8:508
EVAL_INSTANCE:25:9:509
RUN_RESULT:25:0:0:2000:----
RUN_RESULT:25:1:0:176:UUUURRURDRDDDD
RUN_RESULT:25:2:0:2000:----
RUN_RESULT:25:3:0:176:UUUURRURDRDDDD
RUN_RESULT:25:4:0:171:UUUURRURDRDDDD
RUN_RESULT:25:5:0:2000:----
RUN_RESULT:25:6:0:266:UUUURRURDRDDDD
RUN_RESULT:25:7:0:267:UUUURRURDRDDDD
RUN_RESULT:25:8:0:268:UUUURRURDRDDDD
RUN_RESULT:25:9:0:2000:----
    26 |      260 | -3.826700E+03 | -3.829000E+03
TRACK:510;283;503;3;2;2;0;4;6;5;3;0;2;9;17;2;22;-3.7584965299871604;9;2;2;4;2;6;1;20;1.9268324875549276;12;0;0;13;22;-7.900173368550633;2;9;17;5;6;4;9;0;6;6;3;5;8;6;1;4;9;3;10;25;6;6;4;5;4;21;-6.344808103984305
TRACK:511;283;503;3;2;2;0;4;6;5;3;0;2;9;17;2;22;-3.582653437996309;12;2;2;4;2;6;1;20;1.6793329709199365;12;0;3;24;5;18;5;5;21;-6.236730778729563;0;6;6;3;5;8;6;1;13;3;10;25;6;6;4;5;4;21;-6.3058527673100455
TRACK:512;504;481;3;2;2;0;4;6;5;3;0;2;9;12;2;22;-3.576060992458621;12;2;2;4;2;17;0;0;13;22;-8.026212954376971;2;9;17;5;6;4;9;0;6;6;3;2;9;14;6;1;4;9;3;10;25;6;6;4;5;4;21;-6.443612546008789
TRACK:513;504;481;3;2;2;0;4;6;5;3;0;2;9;14;2;22;-3.713886593128546;12;2;2;4;2;17;0;0;13;22;-8.003441017317677;2;9;17;5;6;4;9;0;6;6;4;9;6;1;4;9;3;10;25;6;6;4;5;4;21;-6.310103050164342
TRACK:514;423;365;3;2;2;0;4;6;5;3;0;2;9;17;2;22;-3.767721422944319;12;2;2;4;2;6;1;20;1.6793238448570826;12;16;5;5;2;12;1;16;22;5.346601283521651;0;6;6;3;5;8;6;1;4;9;3;10;25;6;6;4;5;4;21;-6.288671969107178
TRACK:515;423;365;3;2;2;0;4;6;5;3;0;2;9;17;2;22;-3.7870454146832593;12;2;2;4;2;6;1;20;1.8535361540251885;18;0;0;13;22;-8.010071384326883;4;23;-4.433856568239193;5;5;2;12;1;16;22;5.317595697839613;0;6;6;3;5;8;6;1;4;9;3;10;25;6;6;4;5;4;21;-6.384113564089665
TRACK:516;267;283;3;2;2;0;4;6;5;3;0;2;9;17;2;22;-3.7801357816920005;12;2;2;4;2;6;1;20;1.8815741472572554;12;0;5;8;4;23;-4.454070933886239;5;5;2;5;17;5;17;0;6;6;3;5;8;6;1;4;9;3;10;25;6;6;4;5;4;21;-6.36437425372874
TRACK:517;267;283;3;2;2;0;4;6;5;3;0;2;9;17;2;22;-3.7584965299871604;12;2;2;4;2;6;1;20;1.9268324875549276;12;0;0;13;22;-7.900173368550633;2;9;17;5;6;4;9;0;6;6;3;5;8;5;3;0;2;9;17;2;22;-3.7801357816920005;12;25;6;6;4;5;4;21;-6.344808103984305
TRACK:518;504;481;3;2;2;0;6;3;5;8;2;2;4;2;17;0;0;13;22;-8.026212954376971;2;9;17;5;6;4;9;0;6;6;3;5;8;6;1;4;9;3;10;25;6;6;4;5;4;21;-6.443612546008789
TRACK:519;504;481;3;2;2;0;4;6;5;3;0;2;9;14;2;22;-3.713886593128546;12;2;2;4;2;17;0;0;13;22;-8.003441017317677;2;9;17;5;6;4;9;0;6;6;3;5;8;6;1;3;10;3;10;25;6;6;4;5;4;21;-6.310103050164342
TRACK:520;510;-1;3;2;2;0;4;3;2;6;4;15;1;4;20;-9.968992025645306;0;17;25;2;2;4;2;6;1;20;1.876678170342044;12;0;0;13;22;-7.786847774000798;2;9;17;5;6;4;9;0;6;6;3;5;8;6;1;4;9;3;10;25;6;6;4;5;4;21;-6.565278804002357
TRACK:521;512;-1;3;2;2;0;4;6;5;3;0;2;9;12;2;22;-3.565946863932647;12;2;2;4;2;17;0;2;16;11;2;9;17;5;6;4;9;0;6;6;3;2;9;14;6;1;4;9;3;10;25;6;6;4;5;4;21;-6.457528117010467
TRACK:522;514;-1;3;2;2;0;4;6;5;3;0;2;9;17;2;22;-3.7312490841610804;12;2;2;4;2;6;1;20;1.8706468024071032;8;16;5;5;2;12;1;16;22;5.501535718506437;0;6;6;3;5;8;6;1;4;9;3;10;25;6;6;4;5;4;21;-6.340320607377557
TRACK:523;516;-1;3;2;2;0;4;6;5;3;0;2;9;17;2;22;-3.7771329366859296;12;2;2;4;2;6;1;20;1.8819304096184284;12;0;5;8;4;23;-4.3743168551660405;5;5;2;5;17;5;17;0;6;6;3;5;8;6;2;17;24;25;6;6;4;5;4;21;-6.288628529646194
TRACK:524;518;-1;3;2;2;0;6;3;5;8;2;2;4;2;17;0;0;13;22;-7.963589923718799;2;9;17;5;6;6;5;7;4.841856137695759;0;6;6;3;5;8;6;1;4;9;3;10;25;6;6;4;5;4;21;-6.397523602810505
TRACK:525;511;-1;3;2;2;0;4;6;5;3;0;2;9;17;2;22;-3.431340488747531;12;2;2;4;2;6;1;20;1.7061779086266522;12;0;3;24;5;18;5;5;21;-6.294672033721115;0;6;6;3;2;25;22;5.590041260321749;6;1;13;3;10;25;6;6;4;5;4;21;-6.26818626809099
TRACK:526;513;-1;3;2;2;0;4;6;5;3;0;2;9;14;2;22;-3.7355269301204888;12;2;3;4;0;1;18;22;-9.123348213127917;6;17;0;6;6;4;9;6;1;4;9;3;10;25;6;6;4;5;4;21;-6.223754772673261
TRACK:527;515;-1;3;2;2;0;4;6;5;3;0;2;9;17;6;15;2;2;4;2;6;1;20;1.904142916651645;18;0;0;13;22;-8.048253747284475;4;23;-4.577449915854013;5;5;2;12;1;16;22;5.459020734615748;0;6;6;3;5;8;6;1;4;9;3;10;25;6;6;4;5;4;21;-6.522273264008938
TRACK:528;517;-1;3;2;2;0;4;6;5;3;0;2;9;17;2;22;-3.7629103182057237;12;2;2;4;2;6;1;20;2.069037713941304;12;0;0;13;22;-7.948438145733398;2;9;17;5;6;4;9;0;6;6;5;6;13;5;3;0;2;9;17;2;22;-3.653106986297806;12;25;6;6;4;5;4;21;-6.4840543470397165
TRACK:529;519;-1;3;2;2;0;4;6;5;3;0;2;9;14;2;22;-3.731131776735886;12;2;2;4;2;17;0;0;13;22;-7.962534633675919;2;9;17;5;6;4;9;0;6;6;3;5;8;6;1;3;0;20;-6.174807533024637;24;3;10;25;6;6;4;5;4;21;-6.247025319888787
EVAL_INSTANCE:26:0:520
EVAL_INSTANCE:26:1:521
EVAL_INSTANCE:26:2:522
EVAL_INSTANCE:26:3:523
EVAL_INSTANCE:26:4:524
EVAL_INSTANCE:26:5:525
EVAL_INSTANCE:26:6:526
EVAL_INSTANCE:26:7:527
EVAL_INSTANCE:26:8:528
EVAL_INSTANCE:26:9:529
RUN_RESULT:26:0:0:266:UUUURRURDRDDDD
RUN_RESULT:26:1:0:2000:----
RUN_RESULT:26:2:0:176:UUUURRURDRDDDD
RUN_RESULT:26:3:0:2000:----
RUN_RESULT:26:4:0:2000:----
RUN_RESULT:26:5:0:2000:----
RUN_RESULT:26:6:0:971:UUUURRURDRDDDD
RUN_RESULT:26:7:0:1082:UUUURRURDRDDDD
RUN_RESULT:26:8:0:2000:----
RUN_RESULT:26:9:0:966:UUUURRURDRDDDD
    27 |      270 | -3.827000E+03 | -3.829000E+03
TRACK:530;481;423;3;2;2;0;4;6;5;3;0;2;9;14;2;22;-3.713886593128546;12;2;2;4;2;17;0;0;18;22;-8.003441017317677;2;9;17;5;6;4;9;0;6;6;3;5;8;6;1;4;9;3;10;25;6;6;4;5;4;21;-6.310103050164342
TRACK:531;481;423;3;2;2;0;4;6;5;3;0;2;9;17;2;22;-3.767721422944319;12;2;2;4;2;6;1;20;1.6793238448570826;12;0;0;13;22;-7.971166108315691;22;-3.713886593128546;5;5;2;12;1;16;22;5.346601283521651;0;6;6;3;5;8;6;1;4;9;3;10;25;6;6;4;5;4;21;-6.288671969107178
TRACK:532;365;504;3;2;2;0;4;6;5;3;0;2;9;17;2;22;-3.7870454146832593;22;-8.026212954376971;2;2;4;2;6;1;20;1.8535361540251885;12;0;0;13;22;-8.010071384326883;4;23;-4.433856568239193;5;5;2;12;1;16;22;5.317595697839613;0;6;6;3;5;8;6;1;4;9;3;10;25;6;6;4;5;4;21;-6.384113564089665
TRACK:533;365;504;3;2;2;0;4;6;5;1;16;22;5.317595697839613;2;2;4;2;17;0;0;13;22;-8.026212954376971;2;9;17;5;6;4;9;0;6;6;3;5;8;6;1;4;9;3;10;25;6;6;4;5;4;21;-6.443612546008789
TRACK:534;267;501;3;2;2;0;4;6;5;3;0;2;9;17;2;22;-3.7801357816920005;12;2;2;4;2;6;1;20;1.8815741472572554;12;0;0;13;22;-7.807344682585577;4;23;-4.454070933886239;5;5;2;5;17;22;5.351354548649909;0;6;6;3;5;8;6;1;4;9;3;10;25;6;6;4;5;4;21;-6.36437425372874
TRACK:535;267;501;3;2;2;0;4;6;5;3;0;2;9;17;2;22;-3.812213357380255;12;2;2;4;6;15;5;5;2;12;1;16;22;5.351354548649909;0;6;6;3;5;8;6;1;4;9;3;10;25;6;6;4;21;-6.36437425372874
TRACK:536;267;504;3;2;2;0;4;6;5;3;0;2;9;17;2;22;-3.7801357816920005;12;2;2;1;4;9;3;10;5;5;2;5;17;5;17;0;6;6;3;5;8;6;1;4;9;3;10;25;6;6;4;5;4;21;-6.36437425372874
TRACK:537;267;504;3;2;2;0;4;6;5;3;0;2;9;12;2;22;-3.576060992458621;12;2;2;4;4;9;5;6;4;9;0;6;6;3;5;8;6;1;4;9;3;10;25;6;6;4;5;4;21;-6.443612546008789
TRACK:538;283;365;3;2;2;0;4;6;5;3;0;2;9;17;2;22;-3.7584965299871604;12;2;2;4;2;6;1;20;1.9268324875549276;12;5;4;21;-6.384113564089665;5;6;4;9;0;6;6;3;5;8;6;1;4;9;3;10;25;6;6;4;5;4;21;-6.344808103984305
TRACK:539;283;365;3;2;2;0;4;6;5;3;0;2;9;17;2;22;-3.7584965299871604;12;2;2;4;2;6;1;20;1.8535361540251885;12;0;0;13;22;-8.010071384326883;4;23;-4.433856568239193;5;5;2;12;1;16;22;5.317595697839613;0;6;6;3;5;8;6;1;4;9;3;10;25;6;6;4;5;4;21;-6.384113564089665
TRACK:540;530;-1;4;5;1;2;3;13;1;14;10;2;5;8;3;24
TRACK:541;532;-1;3;2;2;0;4;6;5;3;0;2;9;17;2;22;-3.6977799352977376;22;-7.9048222284893574;2;2;4;2;6;1;15;12;0;0;13;22;-7.939153498506278;4;23;-4.501001054008879;5;5;2;12;1;16;22;5.438748676597755;0;6;6;3;5;8;6;1;4;9;3;10;25;6;6;4;5;4;21;-6.54387197501949
TRACK:542;267;-1;3;2;2;0;4;6;5;3;0;2;9;17;2;22;-3.759892271782775;12;6;4;1;5;14;2;10;16;25;6;6;4;5;4;21;-6.4022301967286745
TRACK:543;536;-1;3;2;2;0;4;6;5;3;0;2;9;17;2;22;-3.840674497306536;12;2;2;1;4;9;3;10;5;5;2;5;17;5;17;0;4;2;0;0;22;-9.06878393968697;9;1;11;13;4;3;24;6;1;4;9;3;10;25;6;6;4;5;4;21;-6.416898865650348
TRACK:544;538;-1;3;2;2;0;4;6;5;3;0;2;9;17;2;22;-3.846629726768317;12;2;2;4;2;6;1;20;2.076629311529154;12;5;2;11;8;5;6;4;9;0;6;6;3;5;8;6;1;4;9;3;10;25;6;6;4;5;4;21;-6.263337597161908
TRACK:545;531;-1;3;2;2;0;4;6;5;3;0;2;9;17;2;22;-3.752764346839567;12;2;2;4;2;6;1;20;1.5911196373086662;12;0;0;12;22;-8.094319145291038;22;-3.665627337514877;5;5;2;12;1;16;22;5.30782296718958;0;6;6;3;5;8;6;1;4;9;3;10;25;6;6;4;5;4;21;-6.365495115917316
TRACK:546;533;-1;3;2;2;0;4;6;5;1;16;22;5.237740568036603;2;2;4;2;17;0;2;17;7;-0.651603560349221;2;9;17;5;6;4;9;0;6;6;3;5;8;6;1;4;9;3;10;25;6;6;4;5;4;21;-6.62252210439108
TRACK:547;501;-1;3;2;2;0;4;0;21;-9.08917137368254;8;2;2;4;6;15;5;5;2;12;1;16;22;5.295734862816971;0;6;6;3;5;8;6;1;4;9;3;10;25;6;6;4;5;4;21;-6.362324280955843
TRACK:548;537;-1;3;2;2;0;4;6;5;3;0;3;16;2;22;-3.475301962143585;12;2;2;4;4;9;5;6;4;9;0;6;6;3;5;8;6;1;4;9;3;10;25;6;6;4;5;4;21;-6.432791655347158
TRACK:549;539;-1;3;2;2;0;4;6;5;3;0;2;9;17;2;22;-3.8315539655634403;12;2;0;11;18;6;25;25;6;6;4;5;4;21;-6.469721964720156
EVAL_INSTANCE:27:0:540
EVAL_INSTANCE:27:1:541
EVAL_INSTANCE:27:2:542
EVAL_INSTANCE:27:3:543
EVAL_INSTANCE:27:4:544
EVAL_INSTANCE:27:5:545
EVAL_INSTANCE:27:6:546
EVAL_INSTANCE:27:7:547
EVAL_INSTANCE:27:8:548
EVAL_INSTANCE:27:9:549
RUN_RESULT:27:0:0:2000:----
RUN_RESULT:27:1:0:1082:UUUURRURDRDDDD
RUN_RESULT:27:2:0:971:UUUURRURDRDDDD
RUN_RESULT:27:3:0:2000:----
RUN_RESULT:27:4:0:971:UUUURRURDRDDDD
RUN_RESULT:27:5:0:182:UUUURRURDRDDDD
RUN_RESULT:27:6:0:277:UUUURRURDRDDDD
RUN_RESULT:27:7:0:2000:----
RUN_RESULT:27:8:0:2000:----
RUN_RESULT:27:9:0:2000:----
    28 |      280 | -3.827000E+03 | -3.829000E+03
TRACK:550;522;423;3;2;2;0;4;6;5;3;0;2;9;17;2;22;-3.7312490841610804;12;2;2;4;2;6;1;20;1.8706468024071032;8;16;5;5;2;1;16;22;5.346601283521651;1;16;22;5.501535718506437;0;6;6;3;5;8;6;1;4;9;3;10;25;6;6;4;5;4;21;-6.340320607377557
TRACK:551;522;423;3;2;2;0;4;6;5;3;0;2;9;17;2;22;-3.767721422944319;12;2;2;4;2;6;1;20;1.6793238448570826;12;0;0;13;22;-7.971166108315691;5;18;5;5;2;12;1;16;22;5.346601283521651;0;6;6;3;5;8;20;1.8706468024071032;25;6;6;4;5;4;21;-6.288671969107178
TRACK:552;267;504;3;2;2;0;4;6;5;3;0;2;9;17;2;22;-3.7801357816920005;12;2;2;4;2;6;1;20;1.8815741472572554;12;0;0;13;22;-7.807344682585577;4;23;-4.454070933886239;5;5;2;5;17;5;17;0;6;6;3;5;8;6;1;4;9;3;10;25;6;6;9
TRACK:553;267;504;3;2;2;0;4;6;5;3;0;2;9;12;2;22;-3.576060992458621;12;2;2;4;2;17;0;0;13;22;-8.026212954376971;2;22;-3.7801357816920005;12;5;6;4;9;0;6;6;3;5;8;6;1;4;9;3;10;25;6;6;4;5;4;21;-6.443612546008789
TRACK:554;365;504;3;2;2;0;4;6;5;3;0;2;9;17;2;22;-3.7870454146832593;12;2;2;4;2;6;1;20;1.8535361540251885;12;0;0;13;22;-8.010071384326883;4;23;-4.433856568239193;5;5;2;12;1;16;22;5.317595697839613;0;6;6;3;5;8;6;1;4;9;21;-6.443612546008789;25;6;6;4;5;4;21;-6.384113564089665
TRACK:555;365;504;3;2;6;6;3;5;8;6;6;4;5;4;21;-6.443612546008789
TRACK:556;423;267;3;2;2;0;4;6;5;3;0;2;9;17;2;22;-3.767721422944319;12;2;2;4;0;2;9;17;2;22;-3.7801357816920005;12;5;5;2;12;1;16;22;5.346601283521651;0;6;6;3;5;8;6;1;4;9;3;10;25;6;6;4;5;4;21;-6.288671969107178
TRACK:557;423;267;3;2;2;0;4;6;5;3;0;2;9;17;2;22;-3.7801357816920005;12;2;2;4;2;6;1;20;1.8815741472572554;12;0;0;13;22;-7.807344682585577;4;23;-4.454070933886239;5;5;2;5;17;5;17;0;8;6;1;4;9;3;10;25;6;6;4;5;4;21;-6.36437425372874
TRACK:558;481;365;3;2;2;0;4;6;5;3;0;2;9;14;2;22;-3.713886593128546;12;2;2;4;2;17;0;2;22;-3.7870454146832593;12;2;9;17;5;6;4;9;0;6;6;3;5;8;6;1;4;9;3;10;25;6;6;4;5;4;21;-6.310103050164342
TRACK:559;481;365;3;2;2;0;4;6;5;3;0;2;9;17;2;22;-3.7870454146832593;12;2;2;4;2;9;0;0;13;22;-8.010071384326883;4;23;-4.433856568239193;5;5;2;12;1;16;22;5.317595697839613;0;6;6;3;5;8;6;1;4;9;3;10;25;6;6;4;5;4;21;-6.384113564089665
TRACK:560;550;-1;3;2;2;0;4;6;5;3;0;2;9;7;2.206282002618387;2;22;-3.8530971359837958;12;2;2;4;2;6;1;20;1.7967233485327172;8;16;5;5;2;1;16;22;5.321579334526316;1;16;22;5.596748248865603;0;6;6;3;5;8;6;1;4;9;3;10;25;6;6;4;5;4;21;-6.361569482718851
TRACK:561;552;-1;3;2;2;0;4;6;5;3;0;2;9;17;2;22;-3.7971515199579207;12;2;2;4;2;6;1;20;2.0049931444477522;12;0;0;20;7.43950476535742;22;-7.789166068232969;4;23;-4.305186621354121;5;5;2;5;17;5;17;0;6;6;3;5;8;6;1;4;9;3;10;25;6;6;9
TRACK:562;554;-1;3;2;2;0;4;6;5;3;0;2;9;17;2;22;-3.813681505958524;12;2;2;4;2;6;1;20;1.8468403202514951;12;0;0;13;22;-7.851553124761579;4;23;-4.505252125565465;5;5;2;12;1;16;22;5.212278208330648;0;6;6;3;5;8;6;5;2;24;18;25;6;6;4;5;4;21;-6.525995151513979
TRACK:563;556;-1;3;2;2;0;4;6;5;3;0;2;9;17;2;22;-3.7490864905232946;12;2;2;4;0;2;9;17;2;22;-3.7083675920747763;12;5;5;2;12;1;16;22;5.4430781852559695;0;6;6;3;4;15;6;1;4;9;3;10;25;6;6;4;5;4;21;-6.205062617858698
TRACK:564;558;-1;3;2;2;0;4;6;5;3;0;2;9;14;2;22;-3.858023355466301;12;2;2;4;2;17;6;4;18;5;6;4;9;0;6;6;3;5;8;6;1;4;9;3;10;25;6;6;4;5;4;21;-6.5362127215414185
TRACK:565;551;-1;3;2;2;0;4;6;5;3;0;2;9;17;2;22;-3.797445507036441;12;2;2;4;2;6;1;20;1.767714359771162;12;0;0;13;22;-7.791326166865279;5;18;5;5;2;12;1;16;22;5.176381221057604;4;5;5;23;-7.347711280238882;25;6;6;4;5;4;21;-6.302948867374474
TRACK:566;553;-1;3;2;2;0;4;6;5;3;0;2;9;12;2;22;-3.3855999786781643;12;2;2;4;2;17;0;0;13;22;-7.991250469825845;2;22;-3.8038396890193016;12;5;6;4;9;0;6;6;3;5;8;6;1;4;9;3;10;25;6;6;4;5;5;5;8
TRACK:567;555;-1;3;2;6;6;3;5;8;6;5;0;0;0;2;21;9.347520665291981;24;1;13;18;1;3;25;5;9;2;2;2;14;22;4.1594531230026135;4;14;4;6;10
TRACK:568;557;-1;3;2;2;0;4;6;5;3;0;2;9;17;2;22;-3.7255362058871886;12;2;2;4;2;6;1;20;1.6978711005008502;12;0;0;13;22;-7.921613545810324;4;12;5;5;2;5;17;5;17;0;8;6;1;4;9;3;10;25;6;6;4;5;4;21;-6.345208863818041
TRACK:569;559;-1;3;2;2;0;4;6;5;3;0;25;16;2;2;4;2;9;0;0;13;22;-7.9357572930473825;4;23;-4.365592278498147;5;5;2;12;1;16;22;5.329452313080511;0;6;6;3;5;8;6;1;4;9;3;10;25;6;6;4;5;4;21;-6.412333433065197
EVAL_INSTANCE:28:0:560
EVAL_INSTANCE:28:1:561
EVAL_INSTANCE:28:2:562
EVAL_INSTANCE:28:3:563
EVAL_INSTANCE:28:4:564
EVAL_INSTANCE:28:5:565
EVAL_INSTANCE:28:6:566
EVAL_INSTANCE:28:7:567
EVAL_INSTANCE:28:8:568
EVAL_INSTANCE:28:9:569
RUN_RESULT:28:0:0:2000:----
RUN_RESULT:28:1:0:630:LLUUUURRRRURDLLLDDLLDDDRRRRRRU
RUN_RESULT:28:2:0:966:UUUURRURDRDDDD
RUN_RESULT:28:3:0:2000:----
RUN_RESULT:28:4:0:176:UUUURRURDRDDDD
RUN_RESULT:28:5:0:966:UUUURRURDRDDDD
RUN_RESULT:28:6:0:300:UUUURRURDRDDDD
RUN_RESULT:28:7:0:2000:----
RUN_RESULT:28:8:0:171:UUUURRURDRDDDD
RUN_RESULT:28:9:0:266:UUUURRURDRDDDD
    29 |      290 | -3.827500E+03 | -3.829000E+03
TRACK:570;568;365;3;2;2;0;4;6;5;3;0;2;9;17;2;22;-3.7255362058871886;12;2;2;4;2;6;1;20;1.6978711005008502;12;0;0;13;22;-7.921613545810324;4;12;5;5;2;5;17;10;0;8;6;1;4;9;3;10;25;6;6;4;5;4;21;-6.345208863818041
TRACK:571;568;365;3;2;2;0;4;6;5;3;0;2;9;17;2;22;-3.7870454146832593;22;-3.7255362058871886;2;2;4;2;6;1;20;1.8535361540251885;12;0;0;13;22;-8.010071384326883;4;23;-4.433856568239193;5;5;2;12;1;16;22;5.317595697839613;0;6;6;3;5;8;6;1;4;9;3;10;25;6;6;4;5;4;21;-6.384113564089665
TRACK:572;267;481;3;2;2;0;4;6;5;3;0;2;9;17;2;22;-3.7801357816920005;12;2;2;4;2;6;1;20;1.8815741472572554;12;0;0;13;22;-7.807344682585577;4;23;-4.454070933886239;5;5;2;5;17;5;17;0;6;6;3;5;8;6;1;4;9;3;10;25;6;6;3;0;2;9;14;2;22;-3.713886593128546;12
TRACK:573;267;481;3;2;2;0;4;6;5;3;0;2;9;12;2;22;-3.713886593128546;12;2;2;4;2;17;0;0;13;22;-8.003441017317677;2;9;17;5;6;4;9;0;6;6;3;5;8;6;1;4;9;3;10;25;6;6;4;5;4;21;-6.310103050164342
TRACK:574;423;504;3;2;2;0;4;6;5;4;21;-6.443612546008789;2;2;4;2;6;1;20;1.6793238448570826;12;0;0;13;22;-7.971166108315691;5;18;5;5;2;12;1;16;22;5.346601283521651;0;6;6;3;5;8;6;1;4;9;3;10;25;6;6;4;5;4;21;-6.288671969107178
TRACK:575;423;504;3;2;2;0;4;6;5;3;0;2;9;12;2;22;-3.576060992458621;12;2;2;4;2;17;0;0;13;22;-8.026212954376971;2;9;17;5;6;4;9;0;6;6;3;5;8;6;22;-7.971166108315691;25;6;6;4;5;4;21;-6.443612546008789
TRACK:576;423;267;3;2;2;0;4;6;5;3;0;2;9;17;2;22;-3.767721422944319;12;2;2;4;2;6;1;20;1.6793238448570826;12;0;0;13;22;-7.971166108315691;5;18;5;5;2;12;1;16;22;5.346601283521651;3;5;8;25;6;6;4;5;4;21;-6.288671969107178
TRACK:577;423;267;3;2;2;0;4;6;5;3;0;2;9;17;2;22;-3.7801357816920005;12;2;2;4;2;6;1;20;1.8815741472572554;12;0;0;13;22;-7.807344682585577;4;23;-4.454070933886239;5;5;2;5;17;5;17;0;6;6;3;5;8;6;1;4;9;3;10;25;6;6;4;5;16
TRACK:578;283;365;3;2;2;0;4;6;5;3;0;2;9;17;2;22;-3.7584965299871604;12;2;2;4;2;6;1;20;1.9268324875549276;12;0;0;13;22;-7.900173368550633;2;9;17;5;6;4;9;0;6;6;3;5;8;6;1;4;9;3;10;25;6;6;4;5;4;23;-4.433856568239193
TRACK:579;283;365;3;2;2;0;4;6;5;3;0;2;9;17;2;22;-3.7870454146832593;12;2;2;4;2;6;1;20;1.8535361540251885;12;0;0;13;22;-8.010071384326883;4;23;-4.433856568239193;5;5;2;12;1;16;22;5.317595697839613;0;6;6;3;5;8;22;-3.7584965299871604;25;6;6;4;5;4;21;-6.384113564089665
TRACK:580;570;-1;3;4;4;4;22;-9.393189576906153
TRACK:581;572;-1;3;2;2;0;4;6;5;3;0;2;9;17;2;22;-3.7359648916582393;12;2;2;4;2;6;1;20;2.043729114047253;12;0;0;13;22;-7.818124867081811;4;23;-4.554103033161541;5;5;2;5;17;5;17;0;6;6;3;5;8;6;1;4;9;2;19;21;-7.419537014105573;25;6;6;3;0;2;9;14;2;22;-3.9680633226585824;12
TRACK:582;574;-1;3;5;6;6;5;2;1;22;-3.3588010765848386;7;-2.6743093126302604;5;16
TRACK:583;576;-1;3;2;2;0;4;6;5;3;0;2;9;17;2;22;-3.661650640724181;12;2;2;4;2;6;1;20;1.9366127811061622;12;0;0;13;22;-7.942115841972236;5;18;5;5;2;12;1;16;22;5.3326211577587515;3;5;1;13;9;25;6;6;4;5;4;21;-6.210887381551751
TRACK:584;578;-1;3;2;2;0;4;6;5;5;2;21;-3.9587058568526317;21;-0.7566563262909582;2;2;4;2;6;1;20;1.916704410842268;12;0;0;13;22;-7.827871927629901;2;9;17;5;6;4;9;0;6;6;3;5;8;6;1;4;9;3;10;25;6;6;4;5;4;23;-4.419210189775755
TRACK:585;571;-1;3;2;2;0;4;6;5;3;0;2;9;17;2;22;-3.8280420799087116;22;-3.7049327535759153;2;2;4;2;6;1;20;1.9343186783455146;12;0;0;13;22;-7.949849827655401;4;23;-4.299473848500155;5;5;2;12;1;16;22;5.317039823686924;4;0;5;9;4;15;25;6;6;4;5;4;21;-6.260743616659898
TRACK:586;573;-1;3;2;2;0;4;6;5;3;0;2;9;12;2;22;-3.5758983105013002;12;2;2;4;2;17;0;0;13;22;-7.972557162963657;2;9;17;5;6;4;9;0;6;4;3;14;6;1;4;9;3;10;25;6;6;4;5;4;21;-6.247443090867729
TRACK:587;575;-1;3;2;2;0;4;6;5;3;3;22;-9.323354146924267;2;2;4;2;17;0;0;13;22;-8.117137326159664;2;9;17;5;6;4;9;0;6;6;3;5;8;6;22;-7.91294851717802;25;6;6;4;5;4;21;-6.398893563681058
TRACK:588;577;-1;2;1;0;5;20;8.235546229322935;0;14;14;6;3;21;-2.1528600816518946;3;5;2;10;14
TRACK:589;579;-1;3;2;2;0;4;6;5;3;0;6;14;2;22;-3.628015024671869;12;2;2;4;2;6;1;20;1.769210606124814;12;0;0;13;22;-8.103548343159455;4;23;-4.517463854157403;5;5;2;12;1;16;22;5.363839135375548;0;6;6;3;5;8;22;-3.8816135472895352;25;6;6;4;5;4;21;-6.317175206924349
EVAL_INSTANCE:29:0:580
EVAL_INSTANCE:29:1:581
EVAL_INSTANCE:29:2:582
EVAL_INSTANCE:29:3:583
EVAL_INSTANCE:29:4:584
EVAL_INSTANCE:29:5:585
EVAL_INSTANCE:29:6:586
EVAL_INSTANCE:29:7:587
EVAL_INSTANCE:29:8:588
EVAL_INSTANCE:29:9:589
RUN_RESULT:29:0:0:2000:----
RUN_RESULT:29:1:0:2000:----
RUN_RESULT:29:2:0:2000:----
RUN_RESULT:29:3:0:965:UUUURRURDRDDDD
RUN_RESULT:29:4:0:300:UUUURRURDRDDDD
RUN_RESULT:29:5:0:1082:UUUURRURDRDDDD
RUN_RESULT:29:6:0:966:UUUURRURDRDDDD
RUN_RESULT:29:7:0:2000:----
RUN_RESULT:29:8:0:2000:----
RUN_RESULT:29:9:0:2000:----
    30 |      300 | -3.827500E+03 | -3.829000E+03
TRACK:590;481;283;3;2;2;0;4;6;0;0;13;22;-7.900173368550633;2;9;17;2;2;4;2;17;0;0;13;22;-8.003441017317677;2;9;17;5;6;4;9;0;6;6;3;5;8;6;1;4;9;3;10;25;6;6;4;5;4;21;-6.310103050164342
TRACK:591;481;283;3;2;2;0;4;6;5;3;0;2;9;17;2;22;-3.7584965299871604;12;2;2;4;2;6;1;20;1.9268324875549276;12;0;2;9;17;2;9;17;5;6;4;9;0;6;6;3;5;8;6;1;4;9;3;10;25;6;6;4;5;4;21;-6.344808103984305
TRACK:592;423;504;3;2;2;0;4;6;5;3;0;2;9;17;2;22;-3.767721422944319;12;2;2;4;2;6;1;20;1.6793238448570826;12;0;0;13;22;-7.971166108315691;5;18;5;5;2;12;1;16;22;5.346601283521651;0;6;6;3;5;8;6;1;4;9;3;2;9;17;25;6;6;4;5;4;21;-6.288671969107178
TRACK:593;423;504;3;2;2;0;2;22;-3.767721422944319;12;2;2;4;2;17;0;0;13;22;-8.026212954376971;2;9;17;5;6;4;9;0;6;6;3;5;8;6;1;4;9;3;10;25;6;6;4;5;4;21;-6.443612546008789
TRACK:594;501;267;3;4;5;4;21;-6.36437425372874
TRACK:595;501;267;3;2;2;0;4;6;5;3;0;2;9;17;2;22;-3.7801357816920005;12;2;2;4;2;6;1;20;1.8815741472572554;12;0;0;13;22;-7.807344682585577;4;23;-4.454070933886239;5;5;2;5;9;5;17;0;6;6;3;5;8;6;1;4;9;3;10;25;6;6;4;5;4;21;-6.36437425372874
TRACK:596;365;283;3;2;2;0;4;6;5;3;0;2;9;17;2;22;-3.7870454146832593;12;2;2;4;2;6;1;20;1.8535361540251885;12;0;0;13;22;-8.010071384326883;4;23;-4.433856568239193;22;-7.900173368550633;0;6;6;3;5;8;6;1;4;9;3;10;25;6;6;4;5;4;21;-6.384113564089665
TRACK:597;365;283;3;2;2;0;4;6;5;3;0;2;9;17;2;22;-3.7584965299871604;12;2;2;4;2;6;1;20;1.9268324875549276;12;0;0;13;22;-7.900173368550633;2;9;17;5;6;4;9;0;2;6;1;20;1.8535361540251885;12;0;0;13;22;-8.010071384326883;4;23;-4.433856568239193;6;1;4;9;3;10;25;6;6;4;5;4;21;-6.344808103984305
TRACK:598;423;481;3;2;2;0;4;6;5;3;0;2;9;17;2;22;-3.767721422944319;12;2;2;4;2;6;1;20;1.6793238448570826;12;0;0;13;22;-7.971166108315691;5;18;5;5;2;12;1;16;22;5.346601283521651;0;6;6;3;5;8;6;5;8;25;6;6;4;5;4;21;-6.288671969107178
TRACK:599;423;481;3;2;2;0;4;6;5;3;0;2;9;14;2;22;-3.713886593128546;12;2;2;4;2;17;0;0;13;22;-8.003441017317677;2;9;17;5;6;4;5;8;0;6;6;3;5;8;6;1;4;9;3;10;25;6;6;4;5;4;21;-6.310103050164342
TRACK:600;590;-1;3;5;2;8;14
TRACK:601;592;-1;3;2;2;0;4;6;5;3;0;2;9;17;2;22;-3.630129940378515;12;2;2;4;2;6;1;20;1.5675639158873358;12;0;0;13;22;-8.167336671601023;5;18;5;5;2;12;1;16;22;5.390435905634533;0;6;6;3;5;8;6;1;4;9;3;2;9;17;3;2;1;19;8;3;10;6;6;4;5;4;21;-6.355866319666846
TRACK:602;594;-1;3;3;0;3;3;4;3;0;16;13;5;3;0;1;4;8;2;22;-3.703928491024426;24;2;2;15;24;2;20;4.705361912769423;25
TRACK:603;596;-1;3;2;2;0;4;6;5;3;0;2;9;17;2;22;-3.656363006664852;12;2;2;4;2;6;1;20;1.8907334258373434;12;0;0;13;22;-8.210796015182133;4;23;-4.499446107009284;22;-8.079587412001572;0;6;6;3;5;8;6;1;4;3;23;0.39749453774643406;3;10;25;6;6;4;5;4;21;-6.460349621114977
TRACK:604;598;-1;3;2;2;0;4;6;5;3;0;2;9;17;2;22;-3.793980069798981;12;2;2;4;2;6;1;20;1.6522580151609785;12;0;0;13;22;-8.072576026568745;5;18;5;5;2;12;1;16;22;5.306515097010507;0;6;6;0;3;21;9.642054424809782;2;15;9;6;5;8;25;6;6;4;5;4;21;-6.295334638124506
TRACK:605;591;-1;3;2;2;0;4;6;5;3;0;2;9;17;2;22;-3.7202791353423703;12;2;2;4;2;6;1;20;1.913804772902642;12;0;2;9;17;2;9;17;5;6;4;3;22;-2.1355333624818673;0;6;6;3;5;8;6;1;4;9;3;10;25;6;6;4;5;4;21;-6.410658202633455
TRACK:606;593;-1;3;2;2;0;2;22;-3.7113202500012954;12;2;2;4;2;17;0;0;13;22;-7.930855578523197;2;9;17;5;5;2;11;13;0;6;6;3;5;8;6;1;4;9;3;10;25;6;6;4;5;4;21;-6.498576756965848
TRACK:607;595;-1;3;2;2;0;4;6;5;3;0;2;9;17;2;22;-3.864455795869751;12;2;2;4;2;6;1;20;1.92121963686335;12;0;0;13;22;-7.8074032790075565;4;23;-4.274559577047574;5;5;2;5;9;5;17;0;6;6;3;4;12;6;1;4;9;3;10;25;6;6;4;5;4;21;-6.4144033090603765
TRACK:608;597;-1;3;2;2;0;4;6;5;3;0;2;9;17;2;22;-3.72396743742445;12;2;2;4;2;6;1;25;12;0;0;13;22;-8.041039952791039;2;9;17;5;6;4;9;0;2;6;1;20;1.8891306539238717;12;0;0;13;22;-7.969060636393977;4;23;-4.347270548366612;6;1;4;9;3;10;25;6;6;4;5;4;21;-6.287098282769298
TRACK:609;599;-1;3;1;2;4;5;2;5;18;4;15;4;3;1;4;14;5;21;-8.795037693198822;5;6;0;3;6;16;5;2;18;7;-2.162056789672131
EVAL_INSTANCE:30:0:600
EVAL_INSTANCE:30:1:601
EVAL_INSTANCE:30:2:602
EVAL_INSTANCE:30:3:603
EVAL_INSTANCE:30:4:604
EVAL_INSTANCE:30:5:605
EVAL_INSTANCE:30:6:606
EVAL_INSTANCE:30:7:607
EVAL_INSTANCE:30:8:608
EVAL_INSTANCE:30:9:609
RUN_RESULT:30:0:0:2000:----
RUN_RESULT:30:1:0:976:UUUURRURDRDDDD
RUN_RESULT:30:2:0:962:UUUURRURDRDDDD
RUN_RESULT:30:3:0:2000:----
RUN_RESULT:30:4:0:2000:----
RUN_RESULT:30:5:0:2000:----
RUN_RESULT:30:6:0:2000:----
RUN_RESULT:30:7:0:967:UUUURRURDRDDDD
RUN_RESULT:30:8:0:2000:----
RUN_RESULT:30:9:0:2000:----
    31 |      310 | -3.827500E+03 | -3.829000E+03
TRACK:610;504;423;3;2;2;0;4;6;5;3;0;2;9;12;2;22;-3.576060992458621;12;2;2;4;2;17;0;0;13;22;-8.026212954376971;2;9;17;5;6;4;9;0;6;6;3;5;8;21;-6.288671969107178;25;6;6;4;5;4;21;-6.443612546008789
TRACK:611;504;423;3;2;2;0;4;6;5;3;0;2;9;17;2;22;-3.767721422944319;12;2;2;4;2;6;1;20;1.6793238448570826;12;0;0;13;22;-7.971166108315691;9;5;5;2;12;1;16;22;5.346601283521651;0;6;6;3;5;8;6;1;4;9;3;10;25;6;6;4;5;4;21;-6.288671969107178
TRACK:612;481;283;3;2;2;0;4;6;5;3;0;2;9;14;2;22;-3.713886593128546;12;2;22;-7.900173368550633;0;6;6;3;5;8;6;1;4;9;3;10;25;6;6;4;5;4;21;-6.310103050164342
TRACK:613;481;283;3;2;2;0;4;6;5;3;0;2;9;17;2;22;-3.7584965299871604;12;2;2;4;2;6;1;20;1.9268324875549276;12;0;0;13;22;-7.900173368550633;2;9;17;5;6;4;9;0;6;6;3;5;8;6;17;25;6;6;4;5;4;21;-6.344808103984305
TRACK:614;365;501;3;2;2;4;6;15;5;5;2;12;1;16;22;5.351354548649909;6;6;4;5;4;21;-6.384113564089665
TRACK:615;365;501;3;2;2;0;4;6;13;2;2;4;6;15;5;5;2;12;1;16;22;5.351354548649909;0;6;6;3;5;8;6;1;4;9;3;10;25;6;6;4;5;4;21;-6.4238984972009225
TRACK:616;504;423;3;2;2;0;4;6;5;3;0;2;9;12;2;22;-3.576060992458621;12;2;2;4;2;17;0;0;13;22;-8.026212954376971;2;9;17;5;6;16;0;6;6;3;5;8;6;1;4;9;3;10;25;6;6;4;5;4;21;-6.443612546008789
TRACK:617;504;423;3;17
TRACK:618;283;481;3;2;2;0;4;6;5;3;0;2;9;17;2;22;-3.7584965299871604;12;2;2;4;2;6;1;20;1.9268324875549276;12;0;0;13;22;-7.900173368550633;2;9;17;25;0;6;6;3;5;8;6;1;4;9;3;10;25;6;6;4;5;4;21;-6.344808103984305
TRACK:619;283;481;3;2;2;0;4;6;5;3;0;2;9;14;2;22;-3.713886593128546;12;5;6;4;9;25;6;6;4;5;4;21;-6.310103050164342
TRACK:620;610;-1;3;2;2;0;4;6;5;3;0;2;9;12;2;22;-3.5625990293658676;12;2;2;4;2;17;0;0;13;22;-8.004327941697811;2;9;17;6;0;16;21;-7.657819694973396;0;6;6;3;5;8;21;-6.196935585874378;25;6;6;4;5;4;21;-6.382502839699961
TRACK:621;481;-1;3;2;2;0;4;6;5;3;0;2;9;14;2;22;-3.6011661187589583;12;2;2;4;2;17;0;0;13;22;-7.811924138701439;6;24;5;6;4;9;0;6;6;3;5;8;6;1;4;9;3;10;25;6;6;4;5;4;21;-6.416571663696212
TRACK:622;365;-1;3;2;2;0;4;6;5;3;0;2;9;17;2;25;12;2;2;4;2;6;1;20;1.7344724329075925;12;0;0;13;22;-7.972916698159216;4;23;-4.428263888536106;5;5;2;12;1;16;22;5.47024546053232;0;6;6;3;5;8;6;1;4;9;3;10;25;6;6;4;5;4;21;-6.4580802515797275
TRACK:623;616;-1;3;2;2;0;4;6;5;3;0;2;9;12;2;22;-3.6618379177720595;12;2;2;4;2;17;0;0;13;22;-8.066680159259947;2;9;17;5;6;16;0;6;6;3;5;8;6;3;6;5;7;-8.66815759695115;25;6;6;4;5;4;21;-6.416555361167897
TRACK:624;618;-1;3;2;2;0;4;6;5;3;0;2;9;17;2;22;-3.8108978677127743;12;2;2;4;2;6;1;20;1.8531754326135466;12;0;0;13;22;-7.884911330617784;2;9;17;25;0;6;6;3;5;8;6;1;4;9;3;10;25;6;6;4;5;4;4;1;4;8;4;8
TRACK:625;611;-1;3;2;2;0;4;6;5;3;0;2;9;17;2;22;-3.666040631783253;12;2;2;4;2;6;1;24;12;0;0;13;22;-7.886042670906495;9;5;5;2;12;1;16;22;5.372527544128747;0;6;6;3;5;8;6;1;4;9;3;10;25;6;6;4;5;4;21;-6.185877002433677
TRACK:626;283;-1;3;2;2;0;4;6;5;3;0;2;9;17;2;22;-3.8558406498435076;12;2;2;4;2;6;1;20;2.060538521102816;12;0;0;13;22;-8.009803126807485;6;9;5;6;4;9;0;6;6;3;5;8;6;1;4;9;3;10;25;6;6;4;5;4;21;-6.38877988085915
TRACK:627;501;-1;3;2;2;0;4;6;5;3;0;2;9;17;2;22;-3.8000686711729705;12;2;2;4;6;15;5;5;2;12;1;16;22;5.364101422322279;0;6;6;3;5;8;6;1;4;9;3;10;25;6;5;3;5;13
TRACK:628;617;-1;3;5;0;6;2;2;2;19;9;6;25;5;4;17;2;4;6;5;21;-4.504940654584364;6;1;6;22;-7.649030557302723;1;25;24
TRACK:629;619;-1;0;0;5;4;1;0;2;4;10;5;22;-7.961905012464923;2;1;7;8.548536254214227;24;0;23;9.892247477652365;7;9.936887851999018;3;4;5;10;2;1;0;6;5;2;24;19;2;2;0;8;19;4;14;6;4;24;0;1;6;0;14;15;5;2;19;11;5;5;0;13;12;6;3;5;4;6;9;5;5;2;3;2;0;2;19;10;0;24;20;-0.11678675087769719;4;5;7;-2.00212596309584;3;3;0;0;17;19;3;10
EVAL_INSTANCE:31:0:620
EVAL_INSTANCE:31:1:621
EVAL_INSTANCE:31:2:622
EVAL_INSTANCE:31:3:623
EVAL_INSTANCE:31:4:624
EVAL_INSTANCE:31:5:625
EVAL_INSTANCE:31:6:626
EVAL_INSTANCE:31:7:627
EVAL_INSTANCE:31:8:628
EVAL_INSTANCE:31:9:629
RUN_RESULT:31:0:0:2000:----
RUN_RESULT:31:1:0:171:UUUURRURDRDDDD
RUN_RESULT:31:2:0:266:UUUURRURDRDDDD
RUN_RESULT:31:3:0:976:UUUURRURDRDDDD
RUN_RESULT:31:4:0:2000:----
RUN_RESULT:31:5:0:171:UUUURRURDRDDDD
RUN_RESULT:31:6:0:171:UUUURRURDRDDDD
RUN_RESULT:31:7:0:559:UUUURRURDLLLDDLLDDDRRRRRRU
RUN_RESULT:31:8:0:268:UUUURRURDRDDDD
RUN_RESULT:31:9:0:2000:----
    32 |      320 | -3.829000E+03 | -3.829000E+03
TRACK:630;621;481;3;2;2;0;4;6;5;3;0;2;9;14;2;22;-3.6011661187589583;12;2;0;6;6;3;5;8;6;1;4;9;3;10;0;6;6;3;5;8;6;1;4;9;3;10;25;6;6;4;5;4;21;-6.416571663696212
TRACK:631;621;481;3;2;2;0;4;6;5;3;0;2;9;14;2;22;-3.713886593128546;12;2;2;4;2;17;0;0;13;22;-8.003441017317677;2;9;17;5;6;4;9;0;6;6;0;2;9;14;2;22;-3.6011661187589583;12;6;1;4;9;3;10;25;6;6;4;5;4;21;-6.310103050164342
TRACK:632;625;365;3;2;2;0;4;6;5;3;0;2;9;17;2;22;-3.666040631783253;12;2;2;4;2;6;1;24;12;0;0;13;22;-7.886042670906495;9;5;5;2;12;1;16;22;5.372527544128747;0;6;6;3;5;8;6;1;4;9;3;10;25;6;6;6;4;5;4;21;-6.384113564089665
TRACK:633;625;365;3;2;2;0;4;6;5;9;2;2;4;2;6;1;20;1.8535361540251885;12;0;0;13;22;-8.010071384326883;4;23;-4.433856568239193;5;5;2;12;1;16;22;5.317595697839613;0;6;6;3;5;8;6;1;4;9;3;10;25;6;6;4;5;4;21;-6.384113564089665
TRACK:634;267;504;3;2;2;0;4;6;5;3;0;2;9;17;2;22;-3.7801357816920005;12;2;2;4;2;6;1;20;1.8815741472572554;12;0;0;13;22;-7.807344682585577;4;23;-4.454070933886239;5;5;2;5;22;-8.026212954376971;5;17;0;6;6;3;5;8;6;1;4;9;3;10;25;6;6;4;5;4;21;-6.36437425372874
TRACK:635;267;504;3;2;2;0;4;6;5;3;0;2;9;21;-6.36437425372874;2;22;-3.576060992458621;12;2;2;4;2;17;0;0;13;22;-8.026212954376971;2;9;17;5;6;4;9;0;6;6;3;5;8;6;1;4;9;3;10;25;6;6;4;5;4;21;-6.443612546008789
TRACK:636;568;365;3;2;2;0;4;6;5;3;0;2;9;17;2;22;-3.7255362058871886;12;2;2;4;2;6;1;20;1.6978711005008502;12;0;0;13;22;-7.921613545810324;4;12;5;5;2;5;17;5;17;0;8;6;1;4;9;3;10;25;6;6;2;12;1;16;22;5.317595697839613
TRACK:637;568;365;3;2;2;0;4;6;5;3;0;2;9;17;2;22;-3.7870454146832593;12;2;0;13;22;-7.921613545810324;0;6;6;3;5;8;6;1;4;9;3;10;25;6;6;4;5;4;21;-6.384113564089665
TRACK:638;423;625;3;2;2;0;4;6;5;3;0;2;9;17;2;22;-3.767721422944319;12;2;2;4;2;6;1;20;1.6793238448570826;12;0;0;13;22;-7.971166108315691;5;18;5;5;2;12;1;16;22;5.346601283521651;0;6;6;3;5;8;6;1;4;9;3;10;1;4;9;3;10;6;6;4;5;4;21;-6.288671969107178
TRACK:639;423;625;3;2;2;0;4;6;5;3;0;2;9;17;22;-3.767721422944319;2;2;4;2;6;1;24;12;0;0;13;22;-7.886042670906495;9;5;5;2;12;1;16;22;5.372527544128747;0;6;6;3;5;8;6;1;4;9;3;10;25;6;6;4;5;4;21;-6.185877002433677
TRACK:640;630;-1;3;2;2;0;4;6;5;3;0;2;9;14;2;22;-3.4544875824899814;12;2;0;6;6;3;5;8;6;1;4;9;3;10;0;6;6;3;5;8;5;6;2;6;10;1;9;22;1.0589777590826177;25;6;6;4;5;4;21;-6.588672319712207
TRACK:641;632;-1;3;2;2;0;4;6;5;3;0;2;10;10;2;22;-3.9939499959977716;12;2;2;4;2;6;1;24;12;0;0;13;22;-7.8412226629354755;9;5;5;2;12;1;16;22;5.364420143754403;0;6;6;3;5;8;6;1;4;9;3;10;25;6;6;6;4;5;4;21;-6.287204400200626
TRACK:642;634;-1;3;2;2;0;4;6;5;3;0;2;9;17;2;22;-3.8333615579733036;12;2;2;4;2;6;1;20;1.865823468601039;12;0;0;13;22;-7.898524392356744;4;23;-4.360820080173417;5;5;2;5;22;-8.298045521179986;5;17;0;6;4;3;14;6;1;4;9;3;10;25;6;6;4;5;4;21;-6.1173242655151485
TRACK:643;636;-1;3;2;2;0;4;6;5;3;0;2;9;17;2;22;-3.5730445441635132;12;2;2;4;2;6;1;20;1.747129547977211;12;5;17;5;5;2;5;17;5;17;0;8;6;1;4;9;3;10;25;6;6;2;12;1;16;22;5.202583249078766
TRACK:644;638;-1;3;2;2;0;4;6;5;3;0;2;9;17;2;22;-3.691074361493392;12;2;2;4;2;6;1;22;-9.182046483842814;12;0;0;13;22;-8.1081630941282;5;18;5;5;2;12;1;16;22;5.487247934630886;0;6;6;3;5;8;6;1;4;9;3;10;1;4;9;3;10;6;6;4;5;4;21;-6.401242161317601
TRACK:645;631;-1;3;2;2;0;4;6;5;3;0;2;9;14;2;22;-3.831405771200675;12;2;2;4;2;17;0;0;13;22;-7.861224828295686;2;9;17;5;6;4;9;0;6;6;0;2;9;14;2;8;12;6;1;4;9;3;10;25;6;6;4;5;4;21;-6.193320132180411
TRACK:646;633;-1;3;2;2;0;4;6;5;9;2;2;4;2;6;1;20;1.9036365392373422;12;0;0;13;19;4;23;-4.494097790833404;5;5;2;12;1;16;22;5.274664614577261;0;6;6;3;5;8;6;1;4;9;3;10;25;6;6;4;5;4;21;-6.276608247365082
TRACK:647;635;-1;3;2;2;0;4;6;5;3;0;2;9;16;2;22;-3.6801359694606113;12;2;2;4;2;17;0;0;13;22;-7.999769151678259;2;9;17;5;6;4;9;0;6;6;3;5;8;6;1;4;9;3;10;25;6;6;4;5;4;21;-6.328077581464418
TRACK:648;637;-1;3;2;2;0;4;6;5;3;0;2;9;17;2;22;-4.002321951947331;12;2;0;13;22;-7.936616722847094;0;6;6;3;5;8;6;1;4;3;13;3;10;25;6;6;4;5;4;21;-6.19033362014243
TRACK:649;639;-1;3;2;2;0;4;6;5;3;0;2;9;17;22;-3.9248216593930465;2;2;4;5;22;-7.4762729515166875;5;5;2;12;1;16;22;5.542969465257854;0;6;6;3;5;8;6;1;4;9;3;10;25;6;6;4;5;4;21;-6.221591911664683
EVAL_INSTANCE:32:0:640
EVAL_INSTANCE:32:1:641
EVAL_INSTANCE:32:2:642
EVAL_INSTANCE:32:3:643
EVAL_INSTANCE:32:4:644
EVAL_INSTANCE:32:5:645
EVAL_INSTANCE:32:6:646
EVAL_INSTANCE:32:7:647
EVAL_INSTANCE:32:8:648
EVAL_INSTANCE:32:9:649
RUN_RESULT:32:0:0:2000:----
RUN_RESULT:32:1:0:2000:----
RUN_RESULT:32:2:0:2000:----
RUN_RESULT:32:3:0:293:UUUURRURDRDDDD
RUN_RESULT:32:4:0:966:UUUURRURDRDDDD
RUN_RESULT:32:5:0:977:LLUUUURRRRURDRDDDD
RUN_RESULT:32:6:0:1093:UUUURRURDRDDDD
RUN_RESULT:32:7:0:171:UUUURRURDRDDDD
RUN_RESULT:32:8:0:2000:----
RUN_RESULT:32:9:0:2000:----
    33 |      330 | -3.829000E+03 | -3.829000E+03
TRACK:650;504;423;3;2;2;0;4;6;5;3;0;2;9;12;2;22;-3.576060992458621;12;2;2;4;2;17;0;16;2;9;17;5;6;4;9;0;6;6;3;5;8;6;1;4;9;3;10;25;6;6;4;5;4;21;-6.443612546008789
TRACK:651;504;423;3;2;2;0;4;6;5;3;0;2;9;17;2;22;-3.767721422944319;12;2;2;4;2;6;1;20;1.6793238448570826;12;0;0;13;22;-7.971166108315691;5;18;5;5;2;12;1;16;22;5.346601283521651;0;6;6;3;5;8;6;1;4;9;3;10;25;6;6;4;5;4;21;-6.288671969107178
TRACK:652;621;568;3;2;2;0;4;6;5;3;0;2;9;14;2;22;-3.6011661187589583;12;2;2;4;2;17;0;0;13;22;-7.811924138701439;6;24;5;6;4;9;0;6;6;3;5;8;6;1;4;9;3;10;25;6;8
TRACK:653;621;568;3;2;2;0;4;6;5;3;0;2;9;17;2;22;-3.7255362058871886;12;2;2;4;2;6;1;20;1.6978711005008502;12;0;0;13;12;4;12;5;5;2;5;17;5;17;0;8;6;1;4;9;3;10;25;6;6;4;5;4;21;-6.345208863818041
TRACK:654;481;504;3;2;2;0;4;6;5;3;0;2;9;14;2;22;-3.713886593128546;12;10;25;6;6;4;5;4;21;-6.310103050164342
TRACK:655;481;504;3;2;2;0;4;6;5;2;9;17;2;2;4;2;17;0;0;13;22;-8.026212954376971;2;9;17;5;6;4;9;0;6;6;3;5;8;6;1;4;9;3;10;25;6;6;4;5;4;21;-6.443612546008789
TRACK:656;568;625;3;2;2;0;4;6;5;3;0;2;9;17;2;22;-3.7255362058871886;12;2;2;4;2;6;1;20;1.6978711005008502;12;0;0;13;22;-7.921613545810324;4;12;5;5;2;5;17;5;22;-3.666040631783253;0;8;6;1;4;9;3;10;25;6;6;4;5;4;21;-6.345208863818041
TRACK:657;568;625;3;2;2;0;4;6;5;3;0;2;9;17;2;22;-3.666040631783253;12;2;2;4;2;6;1;24;12;0;0;13;22;-7.886042670906495;9;5;13;0;6;6;3;5;8;6;1;4;9;3;10;25;6;6;4;5;4;21;-6.185877002433677
TRACK:658;365;423;3;2;2;0;4;6;5;3;0;2;9;17;2;22;-3.7870454146832593;12;2;2;4;2;6;1;20;1.8535361540251885;12;0;0;13;22;-8.010071384326883;4;23;-4.433856568239193;5;5;2;12;1;16;22;5.317595697839613;0;6;6;3;5;8;6;1;4;9;3;17;25;6;6;4;5;4;21;-6.384113564089665
TRACK:659;365;423;3;2;2;0;4;6;5;3;0;2;9;17;2;22;-3.767721422944319;10;2;2;4;2;6;1;20;1.6793238448570826;12;0;0;13;22;-7.971166108315691;5;18;5;5;2;12;1;16;22;5.346601283521651;0;6;6;3;5;8;6;1;4;9;3;10;25;6;6;4;5;4;21;-6.288671969107178
TRACK:660;650;-1;3;2;2;0;4;6;5;3;0;2;9;12;2;22;-3.548156604526536;12;2;2;4;2;17;0;16;2;25;18;5;6;4;9;0;6;6;3;5;8;6;1;4;9;3;10;25;6;6;4;5;4;21;-6.332811026006564
TRACK:661;621;-1;3;2;2;0;4;6;5;3;0;2;9;14;2;22;-3.4449245692882395;12;2;2;4;2;17;0;6;16;6;24;5;6;4;9;0;6;6;3;5;8;6;1;4;9;3;10;25;6;6;4;5;4;21;-6.308312783129599
TRACK:662;654;-1;3;2;2;0;4;6;5;3;0;2;9;14;2;22;-3.850884034864488;12;10;25;6;0;4;0;4;0;3;24;4;14;5;6;4;14;1;5;2;5;0;9;11;1;0;11;23;-8.559440250742401;2;12;8;1;3;6;2;25;16;2;3;2;23;9.615173732349191;22;0.7390900650179955;6;3;11
TRACK:663;656;-1;3;2;2;0;4;0;4;1;22;-6.8231565061423005;22;6.492836700370056;1;0;12;17;3;18;2;2;4;2;6;1;20;1.7493184075799066;12;0;0;13;22;-7.9923964887338474;4;12;5;5;2;5;17;5;22;-3.6518930040651574;0;8;6;1;4;9;3;10;25;6;6;4;5;4;21;-6.18853516374022
TRACK:664;658;-1;3;2;2;0;4;6;5;3;3;1;24;16;2;2;4;2;6;1;20;1.6423659834148974;12;0;0;13;22;-8.035954908982328;4;23;-4.237727194525191;5;5;2;12;1;16;22;5.326537640184002;0;6;6;3;5;8;6;1;4;9;3;17;25;6;6;4;5;4;21;-6.349894354844247
TRACK:665;651;-1;3;2;2;0;4;6;5;3;0;2;9;17;2;22;-3.6128817507065225;12;2;2;4;2;6;1;20;1.8444823984265228;12;0;0;13;22;-8.053968470534091;5;18;2;3;6;5;17;2;6;0;9;10;6;3;12;0;6;6;3;5;8;6;1;4;9;3;10;25;6;6;4;5;4;21;-6.351751101166045
TRACK:666;568;-1;3;2;2;0;4;6;5;3;0;2;9;17;2;22;-3.872045059712355;12;2;2;4;2;6;1;20;1.6323917257266276;12;0;0;13;22;-7.99356978634555;4;12;5;3;1;2;19;12;2;16;8;0;8;6;1;4;9;3;10;25;6;6;4;5;4;21;-6.465896923434928
TRACK:667;655;-1;3;2;2;0;4;6;5;2;9;17;2;2;4;6;4;19;5;6;4;9;0;6;6;3;5;8;6;1;4;9;3;10;25;6;6;4;5;4;21;-6.515428428807985
TRACK:668;657;-1;3;2;2;0;4;6;5;3;0;2;18;17;2;22;-3.6919473329697032;12;2;2;4;2;6;1;24;12;0;0;13;22;-7.763106569759525;9;5;13;0;6;6;3;5;8;6;1;4;9;3;10;25;6;6;4;5;4;21;-6.189650110927496
TRACK:669;659;-1;3;2;2;0;4;6;5;3;0;2;9;17;2;22;-3.794271230090983;10;2;2;4;2;6;1;20;1.6135569679281874;12;0;0;13;22;-7.901512636730115;5;18;5;5;5;5;16;0;6;6;3;5;8;6;1;4;9;3;10;25;6;6;4;5;4;21;-6.284643532817741
EVAL_INSTANCE:33:0:660
EVAL_INSTANCE:33:1:661
EVAL_INSTANCE:33:2:662
EVAL_INSTANCE:33:3:663
EVAL_INSTANCE:33:4:664
EVAL_INSTANCE:33:5:665
EVAL_INSTANCE:33:6:666
EVAL_INSTANCE:33:7:667
EVAL_INSTANCE:33:8:668
EVAL_INSTANCE:33:9:669
RUN_RESULT:33:0:0:176:UUUURRURDRDDDD
RUN_RESULT:33:1:0:971:UUUURRURDRDDDD
RUN_RESULT:33:2:0:2000:----
RUN_RESULT:33:3:0:2000:----
RUN_RESULT:33:4:0:266:UUUURRURDRDDDD
RUN_RESULT:33:5:0:172:UUUURRURDRDDDD
RUN_RESULT:33:6:0:171:UUUURRURDRDDDD
RUN_RESULT:33:7:0:1093:UUUURRURDRDDDD
RUN_RESULT:33:8:0:2000:----
RUN_RESULT:33:9:0:197:UUUURRURDRDDDD
    34 |      340 | -3.829000E+03 | -3.829000E+03
TRACK:670;568;481;3;2;2;0;4;6;5;3;0;2;9;17;2;22;-3.7255362058871886;12;2;2;4;2;6;1;20;1.6978711005008502;12;0;0;13;22;-7.921613545810324;4;12;5;5;2;5;9;5;17;0;8;6;1;4;9;3;10;25;6;6;4;5;4;21;-6.345208863818041
TRACK:671;568;481;3;2;2;0;4;6;5;3;0;2;9;14;4;12;2;2;4;2;17;0;0;13;22;-8.003441017317677;2;9;17;5;6;4;9;0;6;6;3;5;8;6;1;4;9;3;10;25;6;6;4;5;4;21;-6.310103050164342
TRACK:672;283;267;3;2;2;0;4;6;5;3;10;2;2;4;2;6;1;20;1.9268324875549276;12;0;0;13;22;-7.900173368550633;2;9;17;5;6;4;9;0;6;6;3;5;8;6;1;4;9;3;10;25;6;6;4;5;4;21;-6.344808103984305
TRACK:673;283;267;3;2;2;0;4;6;5;3;0;2;9;17;9;2;2;4;2;6;1;20;1.8815741472572554;12;0;0;13;22;-7.807344682585577;4;23;-4.454070933886239;5;5;2;5;17;5;17;0;6;6;3;5;8;6;1;4;9;3;10;25;6;6;4;5;4;21;-6.36437425372874
TRACK:674;626;626;3;2;2;0;4;6;5;3;0;2;9;17;2;22;-3.8558406498435076;12;2;2;1;4;9;3;10;5;6;4;9;0;6;6;3;5;8;6;1;4;9;3;10;25;6;6;4;5;4;21;-6.38877988085915
TRACK:675;626;626;3;2;2;0;4;6;5;3;0;2;9;17;2;22;-3.8558406498435076;12;2;2;4;2;6;1;20;2.060538521102816;12;0;0;13;22;-8.009803126807485;6;9;5;6;4;9;0;6;6;3;5;8;2;22;-3.8558406498435076;12;25;6;6;4;5;4;21;-6.38877988085915
TRACK:676;481;283;3;2;2;0;4;6;5;3;0;2;9;14;2;22;-3.713886593128546;12;2;2;4;2;17;0;0;13;22;-8.003441017317677;2;9;17;5;6;4;9;0;6;6;3;5;8;6;1;4;9;3;10;25;6;6;4;5;4;21;-6.310103050164342
TRACK:677;481;283;3;2;2;0;4;6;5;3;0;2;9;17;14;2;2;4;2;6;1;20;1.9268324875549276;12;0;0;13;22;-7.900173368550633;2;9;17;5;6;4;9;0;6;6;3;5;8;6;1;4;9;3;10;25;6;6;4;5;4;21;-6.344808103984305
TRACK:678;504;621;3;2;2;0;4;6;5;3;0;2;9;12;2;22;-3.576060992458621;12;2;2;4;2;17;0;0;13;22;-8.026212954376971;2;9;17;5;6;4;9;0;6;6;3;5;25;6;1;4;9;3;10;25;6;6;4;5;4;21;-6.443612546008789
TRACK:679;504;621;3;2;2;0;4;6;5;3;0;2;9;14;2;22;-3.6011661187589583;12;2;2;4;2;17;0;0;13;22;-7.811924138701439;6;24;5;6;4;17;0;6;6;3;5;8;6;1;4;9;3;10;25;6;6;4;5;4;21;-6.416571663696212
TRACK:680;670;-1;3;2;2;0;4;6;5;3;0;2;9;17;2;22;-3.90783991841992;12;2;2;4;2;6;1;20;1.6670076215734688;12;0;0;20;-0.4677360740552121;22;-7.9507991151632265;4;12;5;5;2;5;9;5;17;0;8;6;1;4;9;3;10;25;6;6;4;5;4;21;-6.36155999206211
TRACK:681;672;-1;3;2;2;0;4;6;5;1;4;1;18;22;-3.274416324512033;0;6;18;4;7;-3.6897491264074382;2;2;4;2;6;1;20;1.923146614625283;12;0;0;13;22;-8.000287861254634;2;9;17;5;6;4;9;0;6;6;3;5;8;6;1;4;9;3;10;25;6;6;4;5;4;21;-6.473120445768395
TRACK:682;674;-1;3;2;2;0;4;6;5;3;0;2;9;17;2;22;-3.9308947369977076;12;2;2;1;4;9;3;10;5;6;4;9;0;6;6;3;5;8;4;3;2;20;-1.8782359145385286;20;4.869754067435148;25;6;6;4;5;4;21;-6.44626109828477
TRACK:683;676;-1;3;2;2;0;4;6;5;3;0;2;9;14;2;22;-3.681970642532738;12;2;2;4;5;2;0;18;15;4;13;5;6;4;9;0;6;6;3;5;8;6;1;4;9;3;10;25;6;6;4;5;4;21;-6.198118144660967
TRACK:684;678;-1;3;2;2;0;4;6;5;3;0;2;9;12;2;22;-3.7083555109694974;12;2;2;4;2;17;0;0;13;22;-8.110602308216396;2;9;17;5;6;4;9;0;6;6;3;5;25;6;1;5;1;17;15;3;10;25;6;6;4;5;4;21;-6.399616136882182
TRACK:685;671;-1;3;2;2;0;4;6;5;3;0;2;9;14;4;12;2;2;4;2;17;0;0;13;22;-8.10825336524649;2;9;17;5;6;4;9;0;6;6;3;5;8;6;1;4;9;3;0;7;5.838030938625366;8;25;6;6;4;5;4;21;-6.315326545948747
TRACK:686;673;-1;3;2;2;0;4;6;5;3;0;2;9;17;9;2;2;4;2;6;1;20;1.8532482223615472;12;0;0;13;22;-7.708934701592913;4;23;-4.371409971971292;5;6;5;25;0;6;6;3;5;8;6;1;4;9;3;10;25;6;6;4;5;4;21;-6.355358328823136
TRACK:687;675;-1;1;4;6;2;0;13;14;4;19;4;5;2;4;14;2;18;22;8.737403386812261
TRACK:688;677;-1;3;2;2;0;4;6;5;3;0;2;9;17;14;2;2;4;2;6;1;20;1.9792961464522085;12;0;0;17;22;-7.789179937167008;2;9;17;5;6;4;9;0;6;6;3;5;8;6;1;4;9;3;10;25;6;6;4;5;4;21;-6.338532449159642
TRACK:689;679;-1;3;2;2;0;4;6;5;3;0;2;9;14;2;12;12;2;2;4;2;17;0;0;13;22;-7.734642727471608;6;24;5;6;4;17;0;6;6;3;5;8;6;1;4;9;3;10;25;6;6;4;5;4;21;-6.547247671183675
EVAL_INSTANCE:34:0:680
EVAL_INSTANCE:34:1:681
EVAL_INSTANCE:34:2:682
EVAL_INSTANCE:34:3:683
EVAL_INSTANCE:34:4:684
EVAL_INSTANCE:34:5:685
EVAL_INSTANCE:34:6:686
EVAL_INSTANCE:34:7:687
EVAL_INSTANCE:34:8:688
EVAL_INSTANCE:34:9:689
RUN_RESULT:34:0:0:171:UUUURRURDRDDDD
RUN_RESULT:34:1:0:266:UUUURRURDRDDDD
RUN_RESULT:34:2:0:176:UUUURRURDRDDDD
RUN_RESULT:34:3:0:176:UUUURRURDRDDDD
RUN_RESULT:34:4:0:171:UUUURRURDRDDDD
RUN_RESULT:34:5:0:1082:UUUURRURDRDDDD
RUN_RESULT:34:6:0:1083:UUUURRURDRDDDD
RUN_RESULT:34:7:0:2000:----
RUN_RESULT:34:8:0:1082:UUUURRURDRDDDD
RUN_RESULT:34:9:0:1083:UUUURRURDRDDDD
    35 |      350 | -3.829000E+03 | -3.829000E+03
TRACK:690;621;626;3;2;2;0;4;6;5;3;2;22;-3.8558406498435076;12;2;2;4;2;17;0;0;13;22;-7.811924138701439;6;24;5;6;4;9;0;6;6;3;5;8;6;1;4;9;3;10;25;6;6;4;5;4;21;-6.416571663696212
TRACK:691;621;626;3;2;2;0;4;6;5;3;0;2;9;17;2;22;-3.8558406498435076;12;2;2;4;2;6;1;20;2.060538521102816;12;0;0;13;22;-8.009803126807485;6;9;5;6;4;9;0;6;6;3;5;8;6;1;4;9;3;10;25;6;6;6;24
TRACK:692;365;283;3;2;2;0;4;6;5;3;0;2;9;17;2;22;-3.7870454146832593;12;2;2;9;5;5;2;12;1;16;22;5.317595697839613;0;6;6;3;5;8;6;1;4;9;3;10;25;6;6;4;5;4;21;-6.384113564089665
TRACK:693;365;283;3;2;2;0;4;6;5;3;0;2;9;17;2;22;-3.7584965299871604;12;2;2;4;2;6;1;20;1.9268324875549276;12;0;0;13;22;-7.900173368550633;2;9;17;5;6;4;9;0;6;6;3;5;8;6;1;4;9;3;10;25;6;6;4;5;4;21;-6.344808103984305
TRACK:694;568;626;3;2;2;0;4;6;5;3;0;2;9;17;2;22;-3.7255362058871886;12;2;2;4;2;6;1;20;1.6978711005008502;12;0;0;13;22;-7.921613545810324;4;12;5;5;2;5;17;5;17;0;8;6;1;4;9;3;10;25;3;5;8
TRACK:695;568;626;3;2;2;0;4;6;5;3;0;2;9;13;2;22;-3.8558406498435076;12;2;2;4;2;6;1;20;2.060538521102816;12;0;0;13;22;-8.009803126807485;6;9;5;6;4;9;0;6;6;3;5;8;6;1;4;9;3;10;25;6;6;4;5;4;21;-6.38877988085915
TRACK:696;625;481;3;2;2;0;4;6;5;3;0;2;9;17;2;22;-3.666040631783253;12;2;2;4;2;6;9;0;0;13;22;-7.886042670906495;9;5;5;2;12;1;16;22;5.372527544128747;0;6;6;3;5;8;6;1;4;9;3;10;25;6;6;4;5;4;21;-6.185877002433677
TRACK:697;625;481;3;2;2;0;4;6;5;3;0;2;9;14;2;22;-3.713886593128546;12;2;2;4;2;17;0;0;13;22;-8.003441017317677;2;9;17;5;6;4;9;0;6;6;3;5;8;6;1;4;9;4;9;25;6;6;4;5;4;21;-6.310103050164342
TRACK:698;504;621;3;2;2;0;4;6;5;3;0;2;9;12;2;8;12;2;2;4;2;17;0;0;13;22;-8.026212954376971;2;9;17;5;6;4;9;0;6;6;3;5;8;6;1;4;9;3;10;25;6;6;4;5;4;21;-6.443612546008789
TRACK:699;504;621;3;2;2;0;4;6;5;3;0;2;17;14;2;22;-3.6011661187589583;12;2;2;4;2;17;0;0;13;22;-7.811924138701439;6;24;5;6;4;9;0;6;6;3;5;8;6;1;4;9;3;10;25;6;6;4;5;4;21;-6.416571663696212
TRACK:700;690;-1;3;2;2;0;4;6;5;3;2;22;-3.9506656647307445;12;2;2;4;2;17;0;0;13;22;-7.912209504860942;6;24;3;1;5;4;9;6;4;13;0;6;6;3;5;8;6;1;4;9;3;10;25;6;6;4;5;4;21;-6.250012041169189
TRACK:701;365;-1;3;2;2;0;4;6;5;3;0;2;9;17;2;22;-3.8277551230426012;12;2;2;4;2;6;1;20;1.8988574627524346;12;0;0;13;22;-8.000129641740916;4;23;-4.423399042877727;5;5;2;12;1;16;22;5.309388379376202;0;6;6;3;5;8;6;1;4;9;3;10;25;6;6;4;2;2;0;0;1;15;9;5;10;3;4;14;1;2;4;18;3;15;2;3;14;6;21;-8.593121900560693;4;5;4;5;19
TRACK:702;568;-1;3;2;2;0;4;6;5;3;0;2;9;17;2;22;-4.041758405699742;12;2;2;4;2;6;1;20;1.6772926391503618;12;0;0;13;22;-8.001672722607447;4;12;5;5;6;1;25;10;0;8;6;1;4;9;3;10;25;6;6;4;5;4;21;-6.41541252699013
TRACK:703;696;-1;3;2;2;0;4;6;5;3;0;2;9;17;2;22;-3.5187745287939265;12;2;2;4;2;6;4;16;0;0;13;22;-7.885944733009935;9;5;5;2;12;1;16;22;5.172213303786245;0;6;6;3;5;8;6;1;4;9;3;10;25;6;6;4;5;4;21;-6.278304118863048
TRACK:704;698;-1;3;2;2;0;4;6;5;0;3;21;-8.289523021329154;1;21;-5.059929484830685;20;2.747264338968865;2;2;4;2;17;0;0;13;22;-8.118082036774423;2;9;17;5;6;4;9;0;6;6;3;5;8;6;1;4;9;3;10;25;6;6;4;5;4;21;-6.475770952310722
TRACK:705;691;-1;3;2;2;0;4;6;0;2;6;2;14;24;2;4;16;3;11;0;1;1;20;3.360569761241482;19;1;14;25;5;4;25;2;2;4;2;6;1;20;2.0261661560980544;12;0;0;13;22;-7.837241181435345;6;9;5;6;4;9;0;6;6;3;5;8;6;1;4;9;3;10;25;6;6;6;24
TRACK:706;283;-1;3;2;2;0;4;6;5;3;0;2;9;17;2;22;-3.4897586572372377;12;2;2;4;2;6;1;20;2.067986317200284;12;0;0;13;22;-7.871080569228376;2;9;17;5;6;4;9;0;6;4;7;8.815723762208485;6;1;4;9;3;10;25;6;6;4;5;4;21;-6.3561721507912115
TRACK:707;626;-1;3;2;2;0;4;6;5;3;0;2;9;17;2;22;-3.7991128914236825;12;2;2;4;2;6;1;20;1.9644729977590398;12;0;0;13;22;-7.954496547482495;6;9;5;6;4;9;0;6;6;3;5;8;6;1;4;9;3;10;25;6;6;4;5;4;1;0;12;23;7.472688386053022;6;21;-0.599984667226428
TRACK:708;697;-1;3;2;2;0;4;6;5;3;0;2;9;14;2;22;-3.750880986945803;12;2;0;20;0.8919448669705332;21;3.0560525493749857;0;6;6;3;5;8;6;1;4;9;4;9;25;6;6;4;5;4;21;-6.404434296921739
TRACK:709;699;-1;3;2;2;0;4;6;5;3;0;2;17;14;2;22;-3.598524563059237;12;2;2;4;2;17;0;0;13;22;-7.804792655222604;6;24;5;6;4;9;0;6;6;3;5;8;6;1;4;9;3;10;25;6;0;6;1;0;5;0;14;8;1;0;19;17;3;18;6;4;0;15;19;5;6;1;0;6;10;0;19;9;4;5;14
EVAL_INSTANCE:35:0:700
EVAL_INSTANCE:35:1:701
EVAL_INSTANCE:35:2:702
EVAL_INSTANCE:35:3:703
EVAL_INSTANCE:35:4:704
EVAL_INSTANCE:35:5:705
EVAL_INSTANCE:35:6:706
EVAL_INSTANCE:35:7:707
EVAL_INSTANCE:35:8:708
EVAL_INSTANCE:35:9:709
RUN_RESULT:35:0:0:2000:----
RUN_RESULT:35:1:0:2000:----
RUN_RESULT:35:2:0:171:UUUURRURDRDDDD
RUN_RESULT:35:3:0:171:UUUURRURDRDDDD
RUN_RESULT:35:4:0:276:UUUURRURDRDDDD
RUN_RESULT:35:5:0:300:UUUURRURDRDDDD
RUN_RESULT:35:6:0:2000:----
RUN_RESULT:35:7:0:2000:----
RUN_RESULT:35:8:0:2000:----
RUN_RESULT:35:9:0:2000:----
    36 |      360 | -3.829000E+03 | -3.829000E+03
TRACK:710;423;365;3;2;2;0;4;6;5;3;0;2;9;17;2;22;-3.767721422944319;12;2;2;4;2;6;1;20;1.6793238448570826;12;0;0;13;22;-7.971166108315691;5;18;5;5;2;12;1;16;22;5.346601283521651;0;6;6;3;5;8;6;1;4;9;3;10;25;6;21;-6.384113564089665
TRACK:711;423;365;3;2;2;0;4;6;5;3;0;2;9;17;2;22;-3.7870454146832593;12;2;2;4;2;6;1;21;-6.288671969107178;12;0;0;13;22;-8.010071384326883;4;23;-4.433856568239193;5;5;2;12;1;16;22;5.317595697839613;0;6;6;3;5;8;6;1;4;9;3;10;25;6;6;4;5;4;21;-6.384113564089665
TRACK:712;625;267;3;2;2;0;4;6;5;3;0;2;9;17;2;22;-3.666040631783253;12;2;2;2;6;1;20;1.8815741472572554;12;0;0;13;22;-7.807344682585577;4;23;-4.454070933886239;5;5;2;12;1;16;22;5.372527544128747;0;6;6;3;5;8;6;1;4;9;3;10;25;6;6;4;5;4;21;-6.185877002433677
TRACK:713;625;267;3;2;2;0;4;6;5;3;0;2;9;17;2;22;-3.7801357816920005;12;2;2;4;2;6;1;20;1.8815741472572554;12;0;0;13;22;-7.807344682585577;4;23;-4.454070933886239;5;5;2;5;17;5;17;0;6;6;3;5;8;6;1;4;9;3;10;25;6;6;4;5;4;2;6;1;24;12;0;0;13;22;-7.886042670906495;9
TRACK:714;621;504;3;2;2;0;4;6;5;3;0;2;9;14;2;22;-3.6011661187589583;12;2;2;4;2;17;0;0;13;22;-7.811924138701439;6;17;5;6;4;9;0;6;6;3;5;8;6;1;4;9;3;10;25;6;6;4;5;4;21;-6.416571663696212
TRACK:715;621;504;3;2;2;0;4;3;10;2;2;4;2;17;0;0;13;22;-8.026212954376971;2;9;17;5;6;4;9;0;6;6;3;5;8;6;1;4;9;3;10;25;6;6;4;5;4;21;-6.443612546008789
TRACK:716;267;481;3;2;2;0;4;6;5;3;0;2;9;17;2;22;-3.7801357816920005;12;22;-3.713886593128546;25;6;6;4;5;4;21;-6.36437425372874
TRACK:717;267;481;3;2;2;0;4;6;5;3;0;2;9;14;2;23;-4.454070933886239;12;2;2;4;2;17;0;0;13;22;-8.003441017317677;2;9;17;5;6;4;9;0;6;6;3;5;8;6;1;4;9;3;10;25;6;6;4;5;4;21;-6.310103050164342
TRACK:718;365;283;3;2;2;0;4;6;5;3;0;2;9;17;2;22;-3.7870454146832593;12;2;2;4;2;6;1;20;1.8535361540251885;12;0;0;13;22;-8.010071384326883;21;-6.344808103984305;5;5;2;12;1;16;22;5.317595697839613;0;6;6;3;5;8;6;1;4;9;3;10;25;6;6;4;5;4;21;-6.384113564089665
TRACK:719;365;283;3;2;4;21;-6.384113564089665;6;6;4;5;4;21;-6.344808103984305
TRACK:720;710;-1;3;2;2;0;4;6;5;3;0;2;17;17;2;22;-3.7771742673740354;12;2;2;4;2;6;1;20;1.680206331513056;12;0;0;13;22;-8.055951929605579;5;18;5;5;2;12;1;16;22;5.424889424827619;0;6;6;3;5;8;6;1;4;9;3;10;25;6;21;-6.353678405133925
TRACK:721;712;-1;3;2;2;0;4;6;5;3;0;2;9;17;2;22;-3.5695290959376975;12;2;2;2;6;1;20;2.1141287903835053;12;0;0;13;22;-7.9491693895110735;4;23;-4.544780847770546;5;5;4;10;0;6;6;3;5;8;6;1;4;9;3;10;25;6;6;4;5;4;21;-6.299103801472655
TRACK:722;621;-1;3;2;2;0;4;6;5;3;0;2;9;14;2;22;-3.5407202159342486;12;2;2;4;2;17;0;0;13;22;-7.819776339151858;6;24;5;6;4;9;0;6;6;3;5;8;5;4;2;2;18;15;1;15;23;4.076084180438055;25;6;6;4;5;4;21;-6.349951094484928
TRACK:723;716;-1;3;2;2;0;4;6;5;3;0;2;9;17;2;22;-3.7630761954210152;12;22;-3.7611767036766066;6;6;9;6;6;4;5;4;21;-6.314387166759179
TRACK:724;718;-1;3;2;2;0;4;6;5;3;0;2;9;17;2;22;-3.8373517907000485;12;2;2;4;2;6;1;20;1.81306467309414;12;0;0;13;22;-7.960556335064761;21;-6.456990382953014;5;5;2;12;1;16;22;5.416458569256865;0;6;6;3;5;8;6;1;4;9;3;10;25;6;6;4;5;4;1;6;2;14;13;5;5;11
TRACK:725;711;-1;3;2;2;0;4;6;5;3;0;2;9;17;2;22;-3.8179099513019135;12;2;2;4;2;6;1;21;-6.41300530345679;12;0;0;13;22;-8.061767890814608;4;23;-4.426698905408516;5;5;2;2;13;19;1;16;22;5.211901064839193;0;6;6;3;5;8;6;1;4;9;3;10;25;6;6;4;5;4;21;-6.3837666493790834
TRACK:726;713;-1;3;2;2;0;4;6;5;3;0;2;9;17;2;22;-3.8580818491338356;12;2;2;4;2;6;1;20;1.7510973815777833;12;0;0;13;22;-7.571795041887356;4;23;-4.470097165314791;5;5;2;5;9;5;17;0;6;6;3;5;8;6;1;4;9;3;10;25;6;6;4;5;4;2;6;1;24;12;0;0;13;22;-7.926226196389389;9
TRACK:727;504;-1;3;2;2;0;4;5;16;2;2;4;2;17;0;0;13;22;-8.149449350696234;2;9;17;5;6;4;9;0;6;6;3;5;8;6;1;4;9;3;10;25;6;6;4;5;4;21;-6.609958138731861
TRACK:728;717;-1;3;2;2;0;4;6;5;3;0;2;9;14;2;23;-4.300782536367246;12;2;2;4;2;17;0;0;13;22;-8.01377570269998;2;9;17;5;6;4;9;0;6;6;2;12;10;6;1;4;9;3;10;25;6;6;4;5;4;21;-6.25360046327271
TRACK:729;719;-1;3;5;3;4;0;6;19;1;20;-6.356420954638942;8
EVAL_INSTANCE:36:0:720
EVAL_INSTANCE:36:1:721
EVAL_INSTANCE:36:2:722
EVAL_INSTANCE:36:3:723
EVAL_INSTANCE:36:4:724
EVAL_INSTANCE:36:5:725
EVAL_INSTANCE:36:6:726
EVAL_INSTANCE:36:7:727
EVAL_INSTANCE:36:8:728
EVAL_INSTANCE:36:9:729
RUN_RESULT:36:0:0:2000:----
RUN_RESULT:36:1:0:2000:----
RUN_RESULT:36:2:0:171:UUUURRURDRDDDD
RUN_RESULT:36:3:0:2000:----
RUN_RESULT:36:4:0:2000:----
RUN_RESULT:36:5:0:173:UUUURRURDRDDDD
RUN_RESULT:36:6:0:620:UUUURRURDLLLDDLLDDDRRRRRRU
RUN_RESULT:36:7:0:266:UUUURRURDRDDDD
RUN_RESULT:36:8:0:1092:UUUURRURDRDDDD
RUN_RESULT:36:9:0:2000:----
    37 |      370 | -3.829000E+03 | -3.829000E+03
TRACK:730;625;504;3;6;4;5;4;21;-6.443612546008789
TRACK:731;625;504;3;2;2;0;4;6;5;3;0;2;9;12;2;22;-3.576060992458621;12;2;2;4;2;9;17;5;6;4;9;0;6;6;3;5;8;6;1;4;9;3;10;25;6;6;4;5;4;21;-6.443612546008789
TRACK:732;365;626;3;2;2;0;4;6;5;3;0;2;9;17;2;22;-3.7870454146832593;12;2;2;4;2;6;1;20;1.8535361540251885;12;0;0;13;22;-8.010071384326883;4;23;-4.433856568239193;5;5;2;12;1;16;22;5.317595697839613;0;6;6;9;6;1;4;9;3;10;25;6;6;4;5;4;21;-6.384113564089665
TRACK:733;365;626;3;2;2;0;4;6;4;21;-6.384113564089665;2;2;4;2;6;1;20;2.060538521102816;12;0;0;13;22;-8.009803126807485;6;9;5;6;4;9;0;6;6;3;5;8;6;1;4;9;3;10;25;6;6;4;5;4;21;-6.38877988085915
TRACK:734;621;504;3;2;2;0;4;6;5;3;0;2;9;14;2;22;-3.6011661187589583;12;2;2;4;2;17;0;9;6;24;5;6;4;9;0;6;6;3;5;8;6;1;4;9;3;10;25;6;6;4;5;4;21;-6.416571663696212
TRACK:735;621;504;3;2;2;0;4;6;5;3;0;2;9;12;2;22;-3.576060992458621;12;2;2;4;2;17;0;0;13;22;-8.026212954376971;2;9;17;5;6;4;9;0;6;6;3;5;8;6;6;24;25;6;6;4;5;4;21;-6.443612546008789
TRACK:736;365;568;3;2;2;4;5;4;21;-6.345208863818041;25;6;6;4;5;4;21;-6.384113564089665
TRACK:737;365;568;3;2;2;0;4;6;5;3;0;2;9;17;2;22;-3.7255362058871886;12;2;2;4;2;6;1;20;1.6978711005008502;12;0;0;13;22;-7.921613545810324;4;12;5;5;2;5;17;5;17;0;23;-4.433856568239193;6;1;4;9;3;10;25;6;6;4;5;4;21;-6.345208863818041
TRACK:738;423;626;3;2;2;0;4;6;5;3;0;2;9;17;2;22;-3.767721422944319;12;2;9;0;6;6;3;5;8;6;1;4;9;3;10;25;6;6;4;5;4;21;-6.288671969107178
TRACK:739;423;626;3;2;2;0;4;6;5;3;0;2;9;17;2;22;-3.8558406498435076;12;2;2;4;2;6;1;20;2.060538521102816;12;0;0;13;22;-8.009803126807485;6;9;5;6;4;9;0;6;6;3;5;8;6;1;4;9;3;10;25;6;6;4;5;4;21;-6.38877988085915
TRACK:740;730;-1;6;2;1;4;5;1;16;8;2;6;4;17;4;0;25;13;6;6;6;6;11
TRACK:741;732;-1;3;2;2;0;4;6;5;3;0;3;23;-2.9142836515788595;2;22;-4.023086081754178;12;2;2;4;2;6;1;20;1.8155346726000035;12;0;0;13;22;-8.099064326540784;4;23;-4.370536380333519;5;5;2;12;1;16;22;5.412875314975069;0;6;6;9;6;1;4;9;3;10;25;6;6;4;5;4;21;-6.371590261933019
TRACK:742;734;-1;3;2;2;0;4;6;5;3;0;2;9;14;2;22;-3.4175217268962625;12;1;3;3;14;5;5;18;25;6;6;4;5;4;21;-6.383319564081078
TRACK:743;736;-1;3;2;2;4;6;2;5;14;6;12;25;6;6;4;5;4;21;-6.439722066670869
TRACK:744;738;-1;3;2;2;0;4;6;5;3;0;2;9;17;5;16;2;9;0;6;6;3;5;8;6;1;4;9;3;10;25;6;6;4;5;4;21;-6.262394396520159
TRACK:745;731;-1;3;2;2;0;4;6;5;3;0;2;9;12;2;22;-3.4748746891796976;12;2;2;4;2;9;17;5;6;4;9;0;6;6;3;5;8;6;1;4;9;3;2;14;20;-1.6551453774489424;25;6;6;4;5;4;21;-6.371132165653415
TRACK:746;733;-1;3;2;2;0;4;6;4;21;-6.3177825846311135;2;2;4;2;6;1;20;2.050698776124848;12;0;0;13;22;-7.956397104119148;6;9;5;6;4;0;14;14;0;6;6;3;5;8;6;1;4;9;3;10;25;6;6;4;5;4;21;-6.384924285479975
TRACK:747;735;-1;3;2;2;0;4;6;5;3;0;2;9;12;2;22;-3.742126671931877;12;2;2;4;2;17;0;0;13;22;-8.061281751607739;2;9;17;5;6;4;9;0;6;6;3;5;8;6;6;1;6;15;2;16;8;25;6;6;4;5;4;21;-6.4232814520748915
TRACK:748;737;-1;3;2;2;0;4;6;5;3;0;2;9;17;2;22;-3.5933988943343356;12;2;4;5;6;18;0;23;-4.523322580873838;6;1;4;9;3;10;25;6;6;4;5;4;21;-6.347279353248793
TRACK:749;739;-1;3;2;2;0;4;6;5;3;0;2;9;17;2;22;-3.7241532023654007;12;2;2;4;2;6;1;20;2.0720506217610883;12;0;0;13;22;-8.090110146406957;6;9;5;6;4;9;0;6;6;3;5;8;6;1;4;9;3;10;25;6;6;4;5;4;3;11
EVAL_INSTANCE:37:0:740
EVAL_INSTANCE:37:1:741
EVAL_INSTANCE:37:2:742
EVAL_INSTANCE:37:3:743
EVAL_INSTANCE:37:4:744
EVAL_INSTANCE:37:5:745
EVAL_INSTANCE:37:6:746
EVAL_INSTANCE:37:7:747
EVAL_INSTANCE:37:8:748
EVAL_INSTANCE:37:9:749
RUN_RESULT:37:0:0:2000:----
RUN_RESULT:37:1:0:2000:----
RUN_RESULT:37:2:0:971:UUUURRURDRDDDD
RUN_RESULT:37:3:0:1087:UUUURRURDRDDDD
RUN_RESULT:37:4:0:2000:----
RUN_RESULT:37:5:0:176:UUUURRURDRDDDD
RUN_RESULT:37:6:0:266:UUUURRURDRDDDD
RUN_RESULT:37:7:0:171:UUUURRURDRDDDD
RUN_RESULT:37:8:0:2000:----
RUN_RESULT:37:9:0:556:UUUURRURDLLLDDLLDDDRRRRRRU
    38 |      380 | -3.829000E+03 | -3.829000E+03
TRACK:750;365;481;3;2;2;0;4;6;5;3;0;2;9;17;2;22;-3.7870454146832593;12;2;2;4;2;6;1;20;1.8535361540251885;12;0;0;13;22;-8.010071384326883;4;23;-4.433856568239193;5;5;2;12;1;16;22;5.317595697839613;0;6;6;3;25;6;1;4;9;3;10;25;6;6;4;5;4;21;-6.384113564089665
TRACK:751;365;481;3;2;2;0;4;6;5;3;0;0;13;22;-8.010071384326883;2;22;-3.713886593128546;12;2;2;4;2;17;0;0;13;22;-8.003441017317677;2;9;17;5;6;4;9;0;6;6;3;5;8;6;1;4;9;3;10;25;6;6;4;5;4;21;-6.310103050164342
TRACK:752;621;423;3;2;2;0;4;6;5;3;0;2;9;14;2;22;-3.6011661187589583;12;2;2;4;2;17;0;0;13;22;-7.811924138701439;6;24;5;6;4;9;0;6;6;3;5;8;6;1;4;9;3;10;25;6;6;16
TRACK:753;621;423;3;2;2;0;4;6;5;3;0;2;9;17;2;22;-3.767721422944319;12;2;2;4;2;6;1;20;1.6793238448570826;12;0;0;13;22;-7.971166108315691;5;18;5;5;2;12;1;16;22;5.346601283521651;0;6;6;3;5;8;6;1;4;9;3;10;25;4;6;5;3;0;2;9;14;2;22;-3.6011661187589583;12
TRACK:754;625;625;3;2;2;0;4;6;5;3;0;2;9;17;2;22;-3.666040631783253;12;2;2;4;2;6;1;24;12;0;0;13;22;-7.886042670906495;9;5;5;2;12;1;16;22;5.372527544128747;0;6;6;22;-7.886042670906495;6;1;4;9;3;10;25;6;6;4;5;4;21;-6.185877002433677
TRACK:755;625;625;3;2;2;0;4;6;5;3;0;2;9;17;2;22;-3.666040631783253;12;2;2;4;2;6;1;24;12;0;0;13;22;-7.886042670906495;9;5;5;2;12;1;16;22;5.372527544128747;0;6;6;3;5;8;6;1;4;9;3;10;25;6;6;4;10
TRACK:756;365;626;3;2;2;0;4;6;5;3;0;2;9;17;2;22;-3.7870454146832593;12;2;2;4;2;6;1;20;1.8535361540251885;12;0;0;13;22;-8.010071384326883;4;23;-4.433856568239193;5;5;2;12;1;16;22;5.317595697839613;0;6;6;3;5;8;6;1;4;9;3;10;25;21;-6.38877988085915
TRACK:757;365;626;3;2;2;0;4;6;5;3;0;2;9;17;2;22;-3.8558406498435076;12;2;2;4;2;6;1;20;2.060538521102816;12;0;0;13;23;-4.433856568239193;6;9;5;6;4;9;0;6;6;3;5;8;6;1;4;9;3;10;25;6;6;4;5;4;21;-6.38877988085915
TRACK:758;481;568;3;2;2;0;4;6;5;3;0;2;9;14;2;22;-3.713886593128546;12;13;25;6;6;4;5;4;21;-6.310103050164342
TRACK:759;481;568;3;2;2;0;4;6;5;3;0;2;9;9;2;22;-3.7255362058871886;12;2;2;4;2;6;1;20;1.6978711005008502;12;0;0;13;22;-7.921613545810324;4;12;5;5;2;5;17;5;17;0;8;6;1;4;9;3;10;25;6;6;4;5;4;21;-6.345208863818041
TRACK:760;750;-1;3;2;2;0;4;6;5;3;0;2;9;19;2;22;-3.7788679612812097;12;2;2;4;2;6;1;20;1.8469796478280114;12;0;0;13;22;-8.054851851023178;4;23;-4.28773108390578;5;5;2;12;1;16;22;5.432396787164007;0;6;6;3;25;6;1;4;9;3;10;25;6;6;4;5;4;21;-6.356612282144483
TRACK:761;752;-1;3;2;2;2;1;6;4;19;5;3;21;6.413525614449714;6;0;6;24;1;14;14;25;6;6;16
TRACK:762;754;-1;3;2;2;0;4;6;5;3;0;2;9;17;2;22;-3.607684164771701;12;2;2;4;2;6;1;24;12;0;0;13;22;-7.90685697837818;9;5;5;2;12;1;16;22;5.384617427180006;0;6;6;22;-7.900503451987515;6;1;4;3;24;3;10;25;6;6;4;5;4;21;-6.128246751532764
TRACK:763;756;-1;3;2;2;0;4;6;5;3;0;2;9;17;2;22;-3.548891069201885;12;2;2;4;2;6;1;20;1.6576294001408385;12;0;0;13;22;-8.030668240075238;4;23;-4.547833090439069;5;5;2;12;1;16;21;2.772249543659271;0;6;6;3;5;8;6;1;4;9;3;10;25;21;-6.422217630945253
TRACK:764;758;-1;3;2;2;0;4;6;5;3;0;2;9;14;2;22;-3.6730674250090605;12;13;25;6;6;4;5;4;5;22;-1.743656827631348
TRACK:765;751;-1;3;2;2;0;4;6;5;3;0;0;13;22;-7.9711977426847245;2;22;-3.7838410144925536;12;2;2;4;2;17;0;0;13;22;-8.011994365586952;2;9;17;5;6;4;9;0;6;6;3;5;8;6;1;4;9;3;10;25;6;6;4;5;4;2;6;4;14;2;2;8;13;5;22;-9.832198240445617
TRACK:766;753;-1;3;2;2;0;4;6;5;3;0;2;9;17;2;22;-3.7060536877816648;12;2;2;4;2;6;1;20;1.7038073635187339;12;0;0;13;22;-7.906839330629629;5;18;5;5;2;12;1;16;22;5.4103669023016545;0;6;6;3;5;8;6;1;4;9;3;10;25;4;6;5;4;4;6;6;7;-2.62887414992192
TRACK:767;755;-1;3;2;2;0;4;6;5;3;0;2;9;17;2;22;-3.6531739015547893;12;2;2;4;2;6;1;24;12;0;0;13;22;-7.891598973449034;9;5;5;2;12;4;22;7.262996886515779;0;6;6;3;5;8;6;1;4;9;3;10;25;6;6;4;10
TRACK:768;757;-1;3;2;2;0;4;6;5;3;0;2;9;17;2;22;-3.798378329848631;12;2;2;4;2;6;1;20;1.944987277761163;12;0;0;13;23;-4.603758180582378;6;9;5;6;4;9;2;6;18;1;16;12;25;6;6;4;5;4;21;-6.212978577051611
TRACK:769;759;-1;3;2;2;0;4;6;5;3;0;2;9;9;2;22;-3.721660032872888;12;2;2;4;2;6;1;20;1.583334585977356;12;0;0;13;22;-7.904579402506901;4;12;5;5;5;0;9;7;-8.32874547508748;0;8;6;1;4;9;3;10;25;6;6;4;5;4;21;-6.208595934078466
EVAL_INSTANCE:38:0:760
EVAL_INSTANCE:38:1:761
EVAL_INSTANCE:38:2:762
EVAL_INSTANCE:38:3:763
EVAL_INSTANCE:38:4:764
EVAL_INSTANCE:38:5:765
EVAL_INSTANCE:38:6:766
EVAL_INSTANCE:38:7:767
EVAL_INSTANCE:38:8:768
EVAL_INSTANCE:38:9:769
RUN_RESULT:38:0:0:171:UUUURRURDRDDDD
RUN_RESULT:38:1:0:305:UUUURRURDRDDDD
RUN_RESULT:38:2:0:2000:----
RUN_RESULT:38:3:0:2000:----
RUN_RESULT:38:4:0:2000:----
RUN_RESULT:38:5:0:2000:----
RUN_RESULT:38:6:0:556:UUUURRURDLLLDDLLDDDRRRRRRU
RUN_RESULT:38:7:0:2000:----
RUN_RESULT:38:8:0:2000:----
RUN_RESULT:38:9:0:2000:----
    39 |      390 | -3.829000E+03 | -3.829000E+03
TRACK:770;504;283;3;2;2;0;4;6;5;3;0;2;9;12;2;22;-3.576060992458621;12;2;2;4;2;17;0;0;13;22;-8.026212954376971;2;9;20;1.9268324875549276;5;6;4;9;0;6;6;3;5;8;6;1;4;9;3;10;25;6;6;4;5;4;21;-6.443612546008789
TRACK:771;504;283;3;2;2;0;4;6;5;3;0;2;9;17;2;22;-3.7584965299871604;12;2;2;4;2;6;1;9;12;0;0;13;22;-7.900173368550633;2;9;17;5;6;4;9;0;6;6;3;5;8;6;1;4;9;3;10;25;6;6;4;5;4;21;-6.344808103984305
TRACK:772;625;568;3;2;2;0;4;6;5;3;0;2;9;17;2;22;-3.666040631783253;12;2;2;4;2;17;0;0;13;22;-7.886042670906495;9;5;5;2;12;1;16;22;5.372527544128747;0;6;6;3;5;8;6;1;4;9;3;10;25;6;6;4;5;4;21;-6.185877002433677
TRACK:773;625;568;3;2;2;0;4;5;4;21;-6.185877002433677;2;2;4;2;6;1;20;1.6978711005008502;12;0;0;13;22;-7.921613545810324;4;12;5;5;2;5;17;5;17;0;8;6;1;4;9;3;10;25;6;6;4;5;4;21;-6.345208863818041
TRACK:774;423;481;3;2;2;0;4;6;5;3;0;2;9;9;2;22;-3.767721422944319;12;2;2;4;2;6;1;20;1.6793238448570826;12;0;0;13;22;-7.971166108315691;5;18;5;5;2;12;1;16;22;5.346601283521651;0;6;6;3;5;8;6;1;4;9;3;10;25;6;6;4;5;4;21;-6.288671969107178
TRACK:775;423;481;3;2;2;0;4;6;5;12;2;2;4;2;17;0;0;13;22;-8.003441017317677;2;9;17;5;6;4;9;0;6;6;3;5;8;6;1;4;9;3;10;25;6;6;4;5;4;21;-6.310103050164342
TRACK:776;621;283;3;2;2;0;4;6;5;3;0;2;9;14;2;22;-3.6011661187589583;12;2;2;4;2;17;0;12;6;24;5;6;4;9;0;6;6;3;5;8;6;1;4;9;3;10;25;6;6;4;5;4;21;-6.416571663696212
TRACK:777;621;283;3;2;2;0;4;6;5;3;0;2;9;17;2;22;-3.7584965299871604;12;2;2;4;2;6;1;20;1.9268324875549276;12;0;0;13;22;-7.900173368550633;2;9;17;5;6;4;9;0;6;6;17;6;1;4;9;3;10;25;6;6;4;5;4;21;-6.344808103984305
TRACK:778;365;267;3;2;2;0;4;6;5;3;0;2;9;17;2;22;-3.7870454146832593;12;2;2;4;2;6;1;20;1.8535361540251885;12;0;0;13;22;-8.010071384326883;4;23;-4.433856568239193;5;5;2;12;1;16;22;5.317595697839613;4;5;4;21;-6.36437425372874;25;6;6;4;5;4;21;-6.384113564089665
TRACK:779;365;267;3;2;2;0;4;6;5;3;0;2;9;17;2;22;-3.7801357816920005;12;2;2;4;2;6;1;20;1.8815741472572554;12;0;0;13;22;-7.807344682585577;4;23;-4.454070933886239;5;5;2;5;17;5;17;0;6;6;3;5;8;23;-4.433856568239193;25;6;6;4;5;4;21;-6.36437425372874
TRACK:780;770;-1;3;2;2;0;5;0;12;8;2;2;4;2;17;0;0;13;22;-7.900318758636216;2;9;20;1.8639729363843978;5;6;4;9;0;6;6;3;5;8;6;1;4;9;3;10;25;6;6;4;5;4;21;-6.329052191420798
TRACK:781;772;-1;3;2;2;0;4;6;5;3;0;2;9;17;2;22;-3.719401922490194;12;2;2;4;2;17;0;0;13;22;-7.9728363850935;9;5;5;2;12;2;24;15;0;6;6;3;5;8;6;1;4;9;3;10;25;6;6;4;5;4;21;-6.315555209159923
TRACK:782;774;-1;3;2;2;0;4;6;5;3;0;2;9;9;2;22;-3.8003895496848923;12;2;2;4;2;6;1;20;1.4791651555773944;21;-8.255186725193157;0;0;13;22;-7.951131180562902;5;18;5;5;2;12;1;16;22;5.359194804178059;0;6;6;3;5;8;6;1;4;9;3;10;25;6;6;4;5;4;21;-6.149984567734876
TRACK:783;776;-1;3;2;2;0;4;6;5;3;0;2;14;14;2;22;-3.5883210071683656;12;2;2;4;2;17;0;12;6;24;5;6;4;9;0;6;6;3;5;8;6;1;4;9;3;10;25;6;6;4;5;4;21;-6.324775126154563
TRACK:784;365;-1;3;2;2;0;4;6;5;3;0;2;9;17;2;22;-3.840513045973581;12;2;2;4;2;6;1;20;1.9314884806787607;12;0;0;13;22;-7.780595422236496;4;23;-4.397133955761521;5;5;2;12;1;16;22;5.214919494315194;0;6;3;2;2;23;3.568524999182774;19;0;20;2.2201223661459615;17;6;1;4;9;3;10;25;6;6;4;5;4;21;-6.279238979726978
TRACK:785;771;-1;3;2;2;0;4;6;5;3;0;2;9;17;2;22;-3.569499618263741;12;2;2;0;0;1;7;-8.820048223890861;18;1;16;13;2;3;7;-9.962556021238631;2;18;20;-6.829217666028584;5;6;4;9;0;6;6;3;5;8;6;1;4;9;3;10;25;6;6;4;5;4;21;-6.384787747578944
TRACK:786;773;-1;3;2;2;4;0;2;11;10;5;19;1;1;2;20;-7.072890905016895;16;0;20;-2.7872277031189903;22;3.4759582787473793;3;2;7;-2.311376924819772;24;6;6;4;5;4;21;-6.249940823959265
TRACK:787;775;-1;3;2;2;0;4;6;5;12;2;2;4;2;17;0;0;12;22;-8.089285570832367;2;9;17;5;6;4;9;0;6;6;3;5;8;6;1;4;9;3;10;25;6;6;4;5;4;21;-6.376161393567936
TRACK:788;777;-1;3;2;2;0;4;6;5;3;0;2;9;17;2;22;-3.9127924234433626;12;2;2;4;2;6;1;20;1.9410718076895828;12;0;0;13;22;-7.889648771198475;2;9;17;5;6;4;9;0;6;6;17;6;6;5;5;14;25;6;6;4;5;4;21;-6.172623815740655
TRACK:789;267;-1;3;2;2;0;4;6;5;3;0;2;9;17;2;22;-3.8247654073436688;12;6;6;24;25;6;6;4;5;4;21;-6.395110714346655
EVAL_INSTANCE:39:0:780
EVAL_INSTANCE:39:1:781
EVAL_INSTANCE:39:2:782
EVAL_INSTANCE:39:3:783
EVAL_INSTANCE:39:4:784
EVAL_INSTANCE:39:5:785
EVAL_INSTANCE:39:6:786
EVAL_INSTANCE:39:7:787
EVAL_INSTANCE:39:8:788
EVAL_INSTANCE:39:9:789
RUN_RESULT:39:0:0:2000:----
RUN_RESULT:39:1:0:966:UUUURRURDRDDDD
RUN_RESULT:39:2:0:2000:----
RUN_RESULT:39:3:0:2000:----
RUN_RESULT:39:4:0:986:LLUUUURRRRURDRDDDD
RUN_RESULT:39:5:0:176:UUUURRURDRDDDD
RUN_RESULT:39:6:0:2000:----
RUN_RESULT:39:7:0:266:UUUURRURDRDDDD
RUN_RESULT:39:8:0:966:UUUURRURDRDDDD
RUN_RESULT:39:9:0:2000:----
    40 |      400 | -3.829000E+03 | -3.829000E+03
TRACK:790;504;626;3;2;2;0;4;6;5;3;0;2;9;12;2;22;-3.576060992458621;12;2;2;4;2;17;0;0;13;22;-8.026212954376971;2;9;17;5;6;25;0;6;6;3;5;8;6;1;4;9;3;10;25;6;6;4;5;4;21;-6.443612546008789
TRACK:791;504;626;3;2;2;0;4;6;5;3;0;2;9;17;2;22;-3.8558406498435076;12;2;2;4;2;6;1;20;2.060538521102816;12;0;0;13;22;-8.009803126807485;6;9;5;6;4;9;0;6;6;3;5;8;6;1;4;9;3;10;25;6;6;4;5;21;-6.443612546008789
TRACK:792;568;267;3;2;2;0;4;6;5;3;0;2;9;17;2;22;-3.7255362058871886;12;2;5;17;5;17;25;6;6;4;5;4;21;-6.345208863818041
TRACK:793;568;267;3;2;2;0;4;6;5;3;0;2;9;17;2;22;-3.7801357816920005;12;2;2;4;2;6;1;20;1.8815741472572554;12;0;0;13;22;-7.807344682585577;4;23;-4.454070933886239;5;5;2;5;17;5;17;0;6;6;3;5;8;6;1;20;1.6978711005008502;12;25;6;6;4;5;4;21;-6.36437425372874
TRACK:794;625;621;3;2;2;0;4;6;5;3;0;2;9;17;2;22;-3.666040631783253;12;2;2;4;2;6;1;24;12;0;0;13;22;-7.886042670906495;9;5;5;2;12;1;16;22;5.372527544128747;0;6;6;3;5;8;6;1;4;9;3;10;25;6;6;4;5;4;1;4;9;3;10
TRACK:795;625;621;3;2;2;0;4;6;5;3;0;2;9;14;2;22;-3.6011661187589583;12;2;2;4;2;17;0;0;13;22;-7.811924138701439;6;24;5;6;4;9;0;6;6;3;5;8;6;1;4;9;3;10;25;6;6;4;5;12
TRACK:796;481;283;3;2;2;0;4;6;5;3;0;2;9;14;2;22;-3.713886593128546;12;2;2;4;12;5;6;4;9;0;6;6;3;5;8;6;1;4;9;3;10;25;6;6;4;5;4;21;-6.310103050164342
TRACK:797;481;283;3;2;2;0;4;6;5;3;0;2;9;17;2;22;-3.7584965299871604;12;2;2;4;2;6;1;20;1.9268324875549276;12;0;0;13;22;-7.900173368550633;2;9;17;5;6;4;9;0;6;6;3;5;8;6;1;4;9;3;10;25;6;6;4;5;4;8
TRACK:798;568;267;3;2;2;0;4;6;5;22;-3.7801357816920005;2;2;4;2;6;1;20;1.6978711005008502;12;0;0;13;22;-7.921613545810324;4;12;5;5;2;5;17;5;17;0;8;6;1;4;9;3;10;25;6;6;4;5;4;21;-6.345208863818041
TRACK:799;568;267;3;2;2;0;4;6;5;3;0;2;9;17;2;22;-3.7801357816920005;12;2;2;4;2;6;1;20;1.8815741472572554;12;0;0;13;22;-7.807344682585577;4;23;-4.454070933886239;5;5;2;5;17;5;17;0;6;6;3;5;8;6;1;4;9;4;9;25;6;6;4;5;4;21;-6.36437425372874
TRACK:800;790;-1;3;2;2;0;4;6;5;3;0;2;9;12;2;22;-3.602545767439948;12;2;2;4;2;17;0;0;13;22;-8.094443586836858;2;9;17;5;6;25;0;0;0;3;4;11;6;5;11;5;6;0;8;12;6;1;4;9;3;10;25;6;6;4;5;4;21;-6.392437595386867
TRACK:801;792;-1;3;2;2;0;4;6;5;3;0;2;9;17;2;22;-3.773530050002268;12;2;5;17;5;17;25;6;6;4;5;0;6;3;15;2;3;16;1;14;14
TRACK:802;794;-1;3;2;2;0;4;6;5;3;3;3;7;-9.872331372134791;2;2;4;2;6;1;24;12;0;0;13;22;-8.008290476451002;9;5;5;2;12;1;16;22;5.401858315290988;0;6;6;3;5;8;6;1;4;9;3;10;25;6;6;4;5;4;1;4;9;3;10
TRACK:803;796;-1;4;4;6;2;6;3;2;2;20;-0.987408901997668;9;5;12;3;0;0;2;18;20;3.0169282699408413;2;18;16;6;3;8
TRACK:804;798;-1;3;2;2;0;4;6;5;22;-3.828478319445444;2;2;4;2;6;1;20;1.6609034341100146;12;0;0;13;22;-7.872788330320827;4;12;5;5;2;5;17;5;17;0;8;6;1;4;9;3;0;10;11;25;6;6;4;5;4;21;-6.17055688858963
TRACK:805;791;-1;3;2;2;0;4;6;5;3;0;2;9;17;2;22;-3.796576633226215;12;2;2;4;2;6;1;20;2.1236098412156483;12;0;0;13;22;-7.995425020692141;6;9;5;6;4;9;0;6;6;3;5;8;6;1;4;9;3;10;25;6;6;4;5;21;-6.48567644423698
TRACK:806;793;-1;3;2;2;0;4;6;0;5;6;1;18;23;1.0595969926485242;3;0;3;7;1.4676967491309334;5;16;2;2;4;2;6;1;20;1.8946084897268478;12;0;0;13;22;-7.82598898189418;4;23;-4.320726307680436;5;5;2;5;17;5;17;0;6;6;3;5;8;6;1;20;1.4805187333276772;12;25;6;6;4;5;4;21;-6.302306131139747
TRACK:807;795;-1;3;2;2;5;6;23;-4.234816621165969;25;6;6;4;5;12
TRACK:808;797;-1;3;2;2;5;6;0;1;20;0.17743785387077793;22;-4.520242310499409;6;12;25;6;6;4;5;4;8
TRACK:809;799;-1;3;2;2;0;4;6;5;3;0;2;9;17;2;22;-3.570137119714898;12;2;2;4;2;6;1;20;1.804845193987398;12;0;0;13;22;-7.776455815944239;4;23;-4.514435187030261;5;5;2;5;17;5;17;0;6;6;3;5;8;6;1;2;22;-1.2106640755733196;21;-0.7963595645532564;4;9;25;6;6;4;5;4;21;-6.286680708963531
EVAL_INSTANCE:40:0:800
EVAL_INSTANCE:40:1:801
EVAL_INSTANCE:40:2:802
EVAL_INSTANCE:40:3:803
EVAL_INSTANCE:40:4:804
EVAL_INSTANCE:40:5:805
EVAL_INSTANCE:40:6:806
EVAL_INSTANCE:40:7:807
EVAL_INSTANCE:40:8:808
EVAL_INSTANCE:40:9:809
RUN_RESULT:40:0:0:2000:----
RUN_RESULT:40:1:0:561:UUUURRURDLLLDDLLDDDRRRRRRU
RUN_RESULT:40:2:0:300:UUUURRURDRDDDD
RUN_RESULT:40:3:0:2000:----
RUN_RESULT:40:4:0:266:UUUURRURDRDDDD
RUN_RESULT:40:5:0:171:UUUURRURDRDDDD
RUN_RESULT:40:6:0:266:UUUURRURDRDDDD
RUN_RESULT:40:7:0:305:UUUURRURDRDDDD
RUN_RESULT:40:8:0:2000:----
RUN_RESULT:40:9:0:171:UUUURRURDRDDDD
    41 |      410 | -3.829000E+03 | -3.829000E+03
TRACK:810;504;481;3;2;2;0;4;6;5;3;0;2;9;12;2;22;-3.576060992458621;12;2;2;4;4;21;-6.310103050164342;5;6;4;9;0;6;6;3;5;8;6;1;4;9;3;10;25;6;6;4;5;4;21;-6.443612546008789
TRACK:811;504;481;3;2;6;3;5;8;6;6;4;5;4;21;-6.310103050164342
TRACK:812;625;423;3;2;2;0;4;6;5;3;0;2;9;17;2;22;-3.666040631783253;12;2;2;4;2;13;0;0;13;22;-7.886042670906495;9;5;5;2;12;1;16;22;5.372527544128747;0;6;6;3;5;8;6;1;4;9;3;10;25;6;6;4;5;4;21;-6.185877002433677
TRACK:813;625;423;3;2;2;0;4;6;5;3;0;2;9;17;2;22;-3.767721422944319;12;2;2;4;2;6;1;20;1.6793238448570826;12;0;0;13;22;-7.971166108315691;5;18;5;5;2;12;1;16;22;5.346601283521651;0;6;6;3;5;8;6;1;4;9;3;10;25;6;6;4;5;22;-7.886042670906495
TRACK:814;365;504;3;2;2;0;4;6;5;3;0;2;9;17;2;22;-3.7870454146832593;12;2;2;4;2;6;1;20;1.8535361540251885;9;0;0;13;22;-8.010071384326883;4;23;-4.433856568239193;5;5;2;12;1;16;22;5.317595697839613;0;6;6;3;5;8;6;1;4;9;3;10;25;6;6;4;5;4;21;-6.384113564089665
TRACK:815;365;504;3;2;2;0;4;6;5;3;0;2;9;12;2;22;-3.576060992458621;12;2;2;4;2;1;20;1.8535361540251885;12;0;0;13;22;-8.026212954376971;2;9;17;5;6;4;9;0;6;6;3;5;8;6;1;4;9;3;10;25;6;6;4;5;4;21;-6.443612546008789
TRACK:816;283;365;3;2;2;0;4;6;5;3;0;2;9;17;2;22;-3.7584965299871604;12;2;2;4;2;6;1;20;1.9268324875549276;12;0;0;13;22;-7.900173368550633;2;9;17;5;6;4;9;0;6;6;3;5;8;6;1;1;4;9;3;10;3;10;25;6;6;4;5;4;21;-6.344808103984305
TRACK:817;283;365;3;2;2;0;4;6;6;1;4;9;3;10;2;2;4;2;6;1;20;1.8535361540251885;12;0;0;13;22;-8.010071384326883;4;23;-4.433856568239193;5;5;2;12;1;16;22;5.317595697839613;0;6;6;3;5;8;6;1;4;9;3;10;25;6;6;4;5;4;21;-6.384113564089665
TRACK:818;481;626;3;2;2;0;4;6;5;3;0;2;9;14;2;22;-3.713886593128546;12;2;17;0;6;6;3;5;8;6;1;4;9;3;10;25;6;6;4;5;4;21;-6.310103050164342
TRACK:819;481;626;3;2;2;0;4;6;5;3;0;2;9;17;2;22;-3.8558406498435076;12;2;2;4;2;6;1;20;2.060538521102816;12;0;0;13;22;-8.009803126807485;6;9;5;6;4;9;0;6;6;3;5;8;6;1;4;9;3;10;25;6;4;21;-6.310103050164342
TRACK:820;810;-1;3;2;2;0;4;6;5;3;0;2;9;12;2;22;-3.4436865063492315;12;2;2;4;4;15;5;6;4;9;0;6;6;3;5;8;6;1;4;9;3;10;25;6;6;4;5;4;21;-6.417604488644572
TRACK:821;812;-1;3;2;2;0;4;6;5;3;0;2;9;17;2;22;-3.7398993519020114;12;2;2;4;2;13;1;16;7;9.977556253599055;5;5;2;12;1;16;22;5.209860313528527;0;6;6;3;5;8;6;1;4;9;3;10;25;6;6;4;5;4;21;-6.240648548269521
TRACK:822;814;-1;3;5;3;0;6;3;6;1;4;9;6;15;5;0;2;4;1;11;17;2;2;13;17;0;15;18;6;3;4;20;8.269982360211522
TRACK:823;816;-1;3;2;2;0;4;6;5;3;0;2;9;17;2;22;-3.352889450337302;12;2;2;4;2;6;1;20;1.8746107238407348;12;0;0;13;22;-7.840483115413972;2;9;17;5;6;4;9;0;6;6;3;5;8;6;1;1;4;9;3;10;3;10;25;6;6;4;5;4;15
TRACK:824;818;-1;3;2;2;0;4;6;5;3;3;3;20;-0.5679360741725965;2;17;0;6;6;3;5;8;6;1;4;9;3;10;25;6;6;4;5;4;21;-6.54016023027363
TRACK:825;811;-1;5;2;24;7;-2.660362094538371
TRACK:826;813;-1;3;2;2;0;4;6;5;3;0;2;9;17;2;22;-3.7468839968240775;12;2;2;4;2;6;1;20;1.6805429537349064;12;0;0;13;22;-7.94364651928511;5;18;5;5;2;12;1;16;22;5.402904321976984;0;6;6;3;5;8;6;1;4;0;11;8;3;10;25;6;6;4;5;22;-7.852134505929673
TRACK:827;815;-1;3;2;2;0;4;6;5;3;0;2;9;12;2;22;-3.5311151472569136;12;2;2;4;2;1;20;2.009957967346426;12;0;0;13;22;-8.08326760225005;2;9;17;5;6;4;9;0;6;6;3;5;8;6;1;4;9;3;10;25;6;6;1;2;23;1.9106645375682838;23;-5.941325934058197;0;24;7;9.34499747758306
TRACK:828;817;-1;3;2;2;0;4;6;6;1;4;9;3;10;2;2;4;2;6;1;11;16;0;0;13;22;-8.083951957290466;4;23;-4.4269824935757915;5;5;2;12;1;16;22;5.389086932500172;0;6;6;3;5;8;6;1;4;9;3;10;25;6;6;4;5;4;21;-6.346547281740635
TRACK:829;819;-1;3;2;2;0;4;6;5;3;1;6;15;3;19;2;2;4;2;6;1;20;1.9724303033746484;12;0;0;13;22;-8.035274193152057;6;9;5;6;4;9;0;6;6;3;5;8;6;1;4;9;3;10;25;6;4;21;-6.372747294754779
EVAL_INSTANCE:41:0:820
EVAL_INSTANCE:41:1:821
EVAL_INSTANCE:41:2:822
EVAL_INSTANCE:41:3:823
EVAL_INSTANCE:41:4:824
EVAL_INSTANCE:41:5:825
EVAL_INSTANCE:41:6:826
EVAL_INSTANCE:41:7:827
EVAL_INSTANCE:41:8:828
EVAL_INSTANCE:41:9:829
RUN_RESULT:41:0:0:176:UUUURRURDRDDDD
RUN_RESULT:41:1:0:174:UUUURRURDRDDDD
RUN_RESULT:41:2:0:2000:----
RUN_RESULT:41:3:0:556:UUUURRURDLLLDDLLDDDRRRRRRU
RUN_RESULT:41:4:0:271:UUUURRURDRDDDD
RUN_RESULT:41:5:0:2000:----
RUN_RESULT:41:6:0:2000:----
RUN_RESULT:41:7:0:2000:----
RUN_RESULT:41:8:0:266:UUUURRURDRDDDD
RUN_RESULT:41:9:0:2000:----
    42 |      420 | -3.829000E+03 | -3.829000E+03
TRACK:830;283;568;3;3;10
TRACK:831;283;568;3;2;2;0;4;6;5;3;0;2;9;17;2;22;-3.7255362058871886;12;2;2;4;2;6;1;20;1.6978711005008502;12;0;0;13;22;-7.921613545810324;4;12;5;5;2;5;8;5;17;0;8;6;1;4;9;3;10;25;6;6;4;5;4;21;-6.345208863818041
TRACK:832;267;365;3;2;2;0;4;6;5;3;0;2;9;17;2;22;-3.7801357816920005;8;2;2;4;2;6;1;20;1.8815741472572554;12;0;0;13;22;-7.807344682585577;4;23;-4.454070933886239;5;5;2;5;17;5;17;0;6;6;3;5;8;6;1;4;9;3;10;25;6;6;4;5;4;21;-6.36437425372874
TRACK:833;267;365;3;2;2;0;4;6;5;3;0;2;9;17;2;22;-3.7870454146832593;12;2;2;4;17;5;5;2;12;1;16;22;5.317595697839613;0;6;6;3;5;8;6;1;4;9;3;10;25;6;6;4;5;4;21;-6.384113564089665
TRACK:834;621;621;3;2;2;0;4;6;5;3;0;2;9;14;2;22;-3.6011661187589583;12;2;2;4;2;17;0;0;13;22;-7.811924138701439;6;24;5;6;2;22;-3.6011661187589583;12;0;6;6;3;5;8;6;1;4;9;3;10;25;6;6;4;5;4;21;-6.416571663696212
TRACK:835;621;621;3;2;2;0;4;6;5;3;0;2;9;14;2;22;-3.6011661187589583;12;2;2;4;2;17;0;0;13;22;-7.811924138701439;6;24;5;6;4;9;0;6;6;3;5;8;6;1;4;9;3;4;9;25;6;6;4;5;4;21;-6.416571663696212
TRACK:836;625;568;3;2;2;0;4;6;5;3;0;2;9;17;2;22;-3.666040631783253;12;2;2;4;2;6;1;24;12;0;0;13;22;-7.886042670906495;9;5;5;2;12;1;16;22;5.372527544128747;0;6;6;3;5;8;6;1;4;9;3;10;2;2;4;2;6;1;20;1.6978711005008502;12;0;0;13;22;-7.921613545810324;4;12;5;5;2;5;17;5;17;0;8;6;1;4;9;3;10;6;6;4;5;4;21;-6.185877002433677
TRACK:837;625;568;3;2;2;0;4;6;5;3;0;2;9;17;2;22;-3.7255362058871886;12;2;2;4;2;6;1;20;1.6978711005008502;12;0;0;13;22;-7.921613545810324;4;12;5;5;2;5;17;5;17;6;6;4;5;4;21;-6.185877002433677;25;6;6;4;5;4;21;-6.345208863818041
TRACK:838;365;626;3;2;2;0;4;6;5;3;0;2;9;17;2;22;-3.7870454146832593;12;2;2;4;2;6;1;20;1.8535361540251885;12;0;0;13;22;-8.010071384326883;4;23;-4.433856568239193;5;5;2;12;1;16;22;5.317595697839613;0;6;6;3;5;8;6;1;4;9;3;12;25;6;6;4;5;4;21;-6.384113564089665
TRACK:839;365;626;3;2;2;0;4;6;5;3;0;2;9;17;2;22;-3.8558406498435076;12;2;2;4;2;9;17;5;6;4;9;0;6;6;3;5;8;6;1;4;9;3;10;25;6;6;4;5;4;21;-6.38877988085915
TRACK:840;830;-1;3;3;3;1;3;2;6;11;2;18;8;0;2;2;22;-2.4650786351346348;23;1.8937734617924917;0;20;5.2634669506339105;23;-0.7591330304567236;0;3;21;-1.6893091090279029;3;25
TRACK:841;832;-1;3;2;2;0;4;6;5;3;0;2;9;17;2;20;2.438771827775035;8;2;2;4;2;6;1;20;1.8991181269703914;12;0;0;13;22;-8.006903244024738;4;23;-4.265902401983472;5;5;2;5;17;5;17;0;6;6;3;5;8;6;1;4;9;3;10;25;6;6;4;5;4;21;-6.466866324288308
TRACK:842;834;-1;3;2;2;0;4;6;5;3;0;2;9;14;2;22;-3.523637886083212;12;2;2;4;2;17;0;0;13;22;-7.954666510819196;1;12;10;5;6;2;22;-3.807144408153244;12;0;6;6;3;5;8;6;1;4;9;3;10;25;6;6;4;5;4;21;-6.291922316307326
TRACK:843;836;-1;3;2;2;0;4;6;5;3;0;2;9;17;2;22;-3.821708531134343;12;2;2;4;2;6;1;24;12;0;0;13;22;-8.02849600071035;9;5;2;1;2;25;23;-3.4992105193280825;6;25;6;5;20;-4.702613782353708;0;6;6;3;5;8;6;1;4;9;3;10;2;2;4;2;6;1;20;1.56134360409454;12;0;0;13;22;-7.908305127497228;4;12;5;5;2;5;17;5;17;0;8;6;1;4;9;3;10;6;6;4;5;4;21;-6.216841954134399
TRACK:844;838;-1;3;2;2;0;4;6;5;3;0;2;9;17;2;22;-3.828404617156947;12;2;2;4;2;6;1;20;1.8728104994625547;12;0;0;13;22;-8.024996629799489;4;23;-4.254902394165046;5;5;2;12;1;16;22;5.099935920995038;0;6;6;0;23;5.569260893506074;15;6;1;4;9;3;12;25;6;6;4;5;4;21;-6.3085264954598586
TRACK:845;831;-1;3;2;2;0;4;6;5;3;0;2;9;17;2;22;-3.492920595019143;12;2;2;4;2;6;1;20;1.6073233430909348;12;0;0;13;22;-7.863243861886097;4;12;5;5;2;5;8;5;17;0;8;6;4;22;6.054610698167618;25;6;6;4;5;4;21;-6.26903525570207
TRACK:846;833;-1;3;2;2;0;4;6;5;3;0;2;9;17;2;22;-3.816995345353905;12;2;2;4;17;5;5;2;12;1;16;22;5.357989654999984;0;6;6;3;5;8;6;1;4;9;6;17;25;6;6;4;5;4;21;-6.392662329650913
TRACK:847;835;-1;3;2;2;0;4;6;5;3;0;2;9;14;2;22;-3.6876501456107573;12;2;2;4;2;17;0;0;13;22;-7.622134514626579;6;14;5;6;4;9;0;6;6;3;5;8;6;1;4;9;3;4;9;25;6;6;4;5;4;21;-6.397052955213054
TRACK:848;837;-1;3;2;2;0;4;6;5;3;0;2;9;17;2;22;-3.8259030561983507;12;2;2;4;2;6;1;20;1.6619559846101999;12;0;0;13;22;-8.049768830461831;6;21;1.0412755781314953;5;5;2;5;17;5;17;6;6;4;5;4;21;-6.077092464338748;25;6;6;4;5;4;21;-6.3824430909588905
TRACK:849;839;-1;3;2;2;0;4;6;5;3;0;2;9;17;2;22;-3.694024664643625;16;2;2;4;2;9;17;5;6;4;9;0;6;6;3;5;8;6;1;4;9;3;10;25;6;6;4;5;4;21;-6.268195706735216
EVAL_INSTANCE:42:0:840
EVAL_INSTANCE:42:1:841
EVAL_INSTANCE:42:2:842
EVAL_INSTANCE:42:3:843
EVAL_INSTANCE:42:4:844
EVAL_INSTANCE:42:5:845
EVAL_INSTANCE:42:6:846
EVAL_INSTANCE:42:7:847
EVAL_INSTANCE:42:8:848
EVAL_INSTANCE:42:9:849
RUN_RESULT:42:0:0:2000:----
RUN_RESULT:42:1:0:266:UUUURRURDRDDDD
RUN_RESULT:42:2:0:2000:----
RUN_RESULT:42:3:0:2000:----
RUN_RESULT:42:4:0:976:UUUURRURDRDDDD
RUN_RESULT:42:5:0:2000:----
RUN_RESULT:42:6:0:176:UUUURRURDRDDDD
RUN_RESULT:42:7:0:171:UUUURRURDRDDDD
RUN_RESULT:42:8:0:151:UUUURRURDRDDDD
RUN_RESULT:42:9:0:176:UUUURRURDRDDDD
    43 |      430 | -3.831000E+03 | -3.849000E+03
TRACK:850;568;621;3;2;2;0;4;6;5;3;0;2;9;17;2;22;-3.7255362058871886;12;2;2;4;2;6;1;20;1.6978711005008502;12;0;0;13;22;-7.921613545810324;4;12;5;5;2;5;17;5;17;0;8;6;1;4;9;3;10;25;6;6;4;13
TRACK:851;568;621;3;2;2;0;4;6;5;3;0;2;9;14;2;22;-3.6011661187589583;12;2;2;4;2;17;0;0;13;22;-7.811924138701439;6;24;5;6;4;9;0;6;6;3;5;8;6;1;4;9;3;10;25;1;20;1.6978711005008502;12
TRACK:852;267;504;3;2;2;5;4;21;-6.443612546008789;25;6;6;4;5;4;21;-6.36437425372874
TRACK:853;267;504;3;2;2;0;4;6;5;3;0;9;2;22;-3.576060992458621;12;2;2;4;2;17;0;0;13;22;-8.026212954376971;2;9;17;5;6;4;9;0;6;6;3;5;8;6;1;4;9;3;10;25;6;6;4;5;4;21;-6.443612546008789
TRACK:854;848;848;3;2;2;0;4;6;5;3;0;2;9;17;2;22;-3.8259030561983507;12;2;2;4;2;6;1;20;1.6619559846101999;12;0;5;17;6;21;1.0412755781314953;5;5;2;5;17;5;17;6;6;4;5;4;21;-6.077092464338748;25;6;6;4;5;4;21;-6.3824430909588905
TRACK:855;848;848;3;2;2;0;4;6;5;3;0;2;9;22;-3.8259030561983507;2;22;-3.8259030561983507;12;2;2;4;2;6;1;20;1.6619559846101999;12;0;0;13;22;-8.049768830461831;6;21;1.0412755781314953;5;5;2;5;17;5;17;6;6;4;5;4;21;-6.077092464338748;25;6;6;4;5;4;21;-6.3824430909588905
TRACK:856;568;365;3;2;2;0;4;6;5;3;0;2;9;17;2;22;-3.7255362058871886;12;2;2;4;2;6;1;20;1.6978711005008502;12;0;0;22;-8.010071384326883;22;-7.921613545810324;4;12;5;5;2;5;17;5;17;0;8;6;1;4;9;3;10;25;6;6;4;5;4;21;-6.345208863818041
TRACK:857;568;365;3;2;2;0;4;6;5;3;0;2;9;17;2;22;-3.7870454146832593;12;2;2;4;2;6;1;20;1.8535361540251885;12;0;0;13;22;-8.010071384326883;4;23;-4.433856568239193;5;5;2;12;1;16;22;5.317595697839613;0;6;6;3;5;8;6;1;4;9;3;22;-3.7255362058871886;25;6;6;4;5;4;21;-6.384113564089665
TRACK:858;621;423;3;2;2;0;4;6;5;3;0;2;9;14;2;22;-3.6011661187589583;12;2;2;4;2;17;0;3;10;6;24;5;6;4;9;0;6;6;3;5;8;6;1;4;9;3;10;25;6;6;4;5;4;21;-6.416571663696212
TRACK:859;621;423;3;2;2;0;4;6;5;3;0;2;9;17;2;22;-3.767721422944319;12;2;2;4;2;6;1;20;1.6793238448570826;12;0;0;13;22;-7.971166108315691;5;18;5;5;2;12;1;16;22;5.346601283521651;0;6;6;3;5;8;6;1;4;9;3;10;4;9;6;6;4;5;4;21;-6.288671969107178
TRACK:860;850;-1;3;2;2;0;4;6;5;3;0;2;9;17;2;22;-3.7711833163822988;7;2.328453260631207;2;2;4;2;6;1;20;1.709416741476147;12;0;0;13;22;-8.033106391272153;4;12;5;5;2;5;17;5;17;0;8;6;1;4;9;3;10;25;6;6;4;13
TRACK:861;852;-1;2;6;5;18;4;0;9;24
TRACK:862;854;-1;3;2;2;0;4;6;5;3;0;2;9;17;2;22;-3.9451165405715556;12;2;2;4;2;6;1;20;1.7206190321180441;12;0;5;17;6;21;0.8607606014558595;5;5;2;5;17;5;19;6;6;4;5;4;21;-6.032817385197755;25;6;6;4;5;4;21;-6.49176453715133
TRACK:863;856;-1;3;2;2;0;4;6;5;3;0;2;9;17;2;22;-3.779620705615205;12;2;2;4;2;6;1;20;1.8286694892141588;12;0;0;22;-7.9676323466326195;22;-7.913901759271431;4;12;5;5;2;5;17;5;23;8.841264850598023;0;8;6;1;4;9;3;10;25;6;6;4;5;4;21;-6.41812377607156
TRACK:864;858;-1;3;2;2;0;4;6;5;3;0;2;9;14;2;22;-3.7313329054889692;12;2;2;0;8;9;5;6;4;9;0;6;6;3;5;8;6;1;4;9;3;10;25;6;6;4;5;4;21;-6.321055604567632
TRACK:865;851;-1;3;2;2;1;2;0;0;18;17;5;23;-5.410832489018613;1;6;12;5;17;3;5;0;12;15;25;1;20;1.7638032354363897;12
TRACK:866;853;-1;3;2;2;0;4;6;5;3;0;9;2;22;-3.5812918497351407;12;2;2;4;2;17;0;0;13;22;-8.05685588464317;2;9;17;5;6;4;9;0;6;6;3;5;8;6;1;4;24;3;10;25;6;6;4;5;4;21;-6.472108071803614
TRACK:867;855;-1;3;2;2;0;4;6;5;3;0;2;9;22;-3.898072268250143;2;22;-3.753380267745838;12;2;2;4;2;6;1;20;1.6913768964022469;12;0;0;13;22;-8.136839620037083;6;21;1.0245597102058375;5;5;15;6;6;4;5;4;21;-5.976806576379833;25;6;6;4;5;4;21;-6.485532041018273
TRACK:868;857;-1;3;2;2;0;4;6;5;3;0;2;9;17;2;22;-3.8667452333130727;22;5.144700574679181;2;2;4;2;6;1;20;1.7602191013605395;12;0;0;13;22;-8.033569442133782;4;23;-4.4879487650177285;5;5;2;12;1;16;22;5.220334086419632;0;6;6;3;5;8;6;1;4;9;3;22;-3.778874635026331;25;6;6;4;5;4;21;-6.358561627312483
TRACK:869;859;-1;3;2;2;0;4;6;5;3;0;2;9;17;2;22;-3.8642491397221264;12;2;2;4;2;6;1;20;1.7312744930080464;12;0;0;16;22;-8.062290434596932;5;18;5;5;2;12;1;16;22;5.428162639180387;0;6;6;3;5;8;6;1;4;9;3;10;4;9;6;6;4;5;4;21;-6.2388657938118515
EVAL_INSTANCE:43:0:860
EVAL_INSTANCE:43:1:861
EVAL_INSTANCE:43:2:862
EVAL_INSTANCE:43:3:863
EVAL_INSTANCE:43:4:864
EVAL_INSTANCE:43:5:865
EVAL_INSTANCE:43:6:866
EVAL_INSTANCE:43:7:867
EVAL_INSTANCE:43:8:868
EVAL_INSTANCE:43:9:869
RUN_RESULT:43:0:0:2000:----
RUN_RESULT:43:1:0:2000:----
RUN_RESULT:43:2:0:2000:----
RUN_RESULT:43:3:0:182:UUUURRURDRDDDD
RUN_RESULT:43:4:0:2000:----
RUN_RESULT:43:5:0:305:UUUURRURDRDDDD
RUN_RESULT:43:6:0:966:UUUURRURDRDDDD
RUN_RESULT:43:7:0:413:UUUURRURDRDDDD
RUN_RESULT:43:8:0:1082:UUUURRURDRDDDD
RUN_RESULT:43:9:0:966:UUUURRURDRDDDD
    44 |      440 | -3.831000E+03 | -3.849000E+03
TRACK:870;848;267;3;2;2;0;4;6;5;3;0;2;9;17;22;-3.7801357816920005;2;2;4;2;6;1;20;1.6619559846101999;12;0;0;13;22;-8.049768830461831;6;21;1.0412755781314953;5;5;2;5;17;5;17;6;6;4;5;4;21;-6.077092464338748;25;6;6;4;5;4;21;-6.3824430909588905
TRACK:871;848;267;3;6;6;4;5;4;21;-6.3824430909588905
TRACK:872;481;625;3;2;2;0;4;6;5;3;0;2;8;14;2;22;-3.713886593128546;12;2;2;4;2;17;0;0;13;22;-8.003441017317677;2;9;17;5;6;4;9;0;6;6;3;5;8;6;1;4;9;3;10;25;6;6;4;5;4;21;-6.310103050164342
TRACK:873;481;625;3;2;2;0;4;9;2;2;4;2;6;1;24;12;0;0;13;22;-7.886042670906495;9;5;5;2;12;1;16;22;5.372527544128747;0;6;6;3;5;8;6;1;4;9;3;10;25;6;6;4;5;4;21;-6.185877002433677
TRACK:874;568;481;3;2;2;0;4;6;5;3;0;2;9;17;2;22;-3.7255362058871886;12;2;2;4;2;6;1;20;1.6978711005008502;12;0;0;13;22;-7.921613545810324;4;12;5;5;2;5;17;5;17;0;8;6;1;4;9;3;10;25;6;6;4;5;4;21;-6.345208863818041
TRACK:875;568;481;3;2;2;0;4;6;5;3;0;2;9;14;2;22;-3.713886593128546;12;2;2;4;2;17;0;0;13;22;-8.003441017317677;2;9;17;5;6;4;9;0;6;6;3;5;8;6;1;4;9;3;10;25;6;17
TRACK:876;365;267;3;2;2;0;4;6;5;3;0;2;9;17;2;22;-3.7870454146832593;12;2;2;4;2;6;1;20;1.8535361540251885;12;0;0;13;22;-8.010071384326883;4;23;-4.433856568239193;5;5;2;12;1;16;22;5.317595697839613;0;6;6;3;5;8;6;1;4;9;3;10;25;6;6;4;5;10
TRACK:877;365;267;3;2;2;0;4;6;5;3;0;2;9;17;2;22;-3.7801357816920005;12;2;2;4;2;6;1;20;1.8815741472572554;12;0;0;13;22;-7.807344682585577;4;23;-4.454070933886239;5;5;2;5;17;5;17;0;6;6;3;5;8;6;1;4;9;3;10;25;6;5;3;0;2;9;17;2;22;-3.7870454146832593;12
TRACK:878;504;848;3;2;2;0;4;6;5;3;0;2;9;12;2;22;-3.576060992458621;12;2;2;4;2;17;0;0;13;22;-8.026212954376971;6;21;1.0412755781314953;5;6;4;9;0;6;6;3;5;8;6;1;4;9;3;10;25;6;6;4;5;4;21;-6.443612546008789
TRACK:879;504;848;3;2;2;0;4;6;5;3;0;2;9;17;2;22;-3.8259030561983507;12;2;0;6;6;3;5;8;6;1;4;9;3;10;6;6;4;5;4;21;-6.077092464338748;25;6;6;4;5;4;21;-6.3824430909588905
TRACK:880;870;-1;3;2;2;0;4;5;3;11;2;2;4;2;6;1;20;1.6000333914344775;12;0;0;13;22;-7.912987936954914;6;21;0.9788872301018788;5;5;2;5;17;5;17;6;6;4;5;4;21;-6.15309938707045;25;6;6;4;5;4;21;-6.421524080295167
TRACK:881;872;-1;3;2;2;0;4;6;5;3;0;2;8;14;2;22;-3.716595075684438;12;2;2;4;2;17;0;0;13;22;-8.02990645567036;2;9;17;5;6;4;9;0;6;6;3;5;8;6;1;4;6;17;3;10;25;6;6;4;5;4;21;-6.23059394209853
TRACK:882;874;-1;3;2;2;0;4;6;5;3;0;2;9;17;2;22;-3.673423039406019;12;2;2;4;2;6;1;20;1.8582764354682044;12;0;0;13;22;-7.9731636303806575;4;12;5;5;2;5;17;5;17;0;8;6;1;5;3;8;3;10;25;6;6;4;5;4;21;-6.300638812112208
TRACK:883;365;-1;3;2;2;0;4;6;5;3;0;2;9;17;2;22;-3.790426248383757;12;2;2;4;2;6;1;20;1.909490075475965;12;0;0;13;22;-8.026183832793254;4;23;-4.303357149956869;5;5;2;12;1;16;22;5.296270234626876;0;6;6;3;5;8;6;1;4;9;3;10;25;6;6;4;5;2;2;5;0;15;20;-6.82497874327791;3;6;15;1;3;5;25;2;4;16;5;11
TRACK:884;878;-1;3;2;2;0;4;6;5;3;0;2;9;12;2;22;-3.7073738432385936;12;2;2;4;2;17;0;0;13;22;-7.983813870375975;6;21;0.9604489114042996;5;6;4;9;0;6;6;3;5;8;6;1;4;9;3;10;25;6;6;2;5;1;6;4;1;10;7;-5.772107013080586;2;5;3;24;3;1;9;17;4;0;3;1;1;9;11;2;11;18;5;4;6;25
TRACK:885;871;-1;3;6;6;25
TRACK:886;873;-1;3;2;2;0;4;9;2;2;4;2;6;1;24;12;0;0;13;22;-7.884085977554999;9;5;5;2;12;1;16;22;5.259904236941863;0;6;6;3;5;8;6;1;4;9;3;0;18;9;25;6;6;4;5;4;21;-6.0592132842844055
TRACK:887;875;-1;3;2;2;0;4;6;5;3;0;2;9;14;0;8;25;2;2;4;2;17;0;0;13;22;-8.050352638976866;2;9;17;5;6;4;9;0;6;6;3;5;8;6;1;4;9;3;10;25;6;17
TRACK:888;267;-1;3;2;2;0;4;6;5;3;0;2;9;17;4;20;-2.311857551591441;2;2;4;2;6;1;20;1.9212274128512994;12;0;0;13;22;-7.92221172020304;4;23;-4.649890914119817;5;5;2;5;17;5;17;0;6;6;3;5;8;6;1;4;9;3;10;25;6;6;4;5;4;21;-6.431055628345951
TRACK:889;879;-1;3;2;2;0;4;6;5;3;0;2;9;17;2;22;-3.856824035265288;12;2;0;6;6;3;5;8;0;21;9.408828453286809;22;7.142364455937866;6;6;4;5;4;21;-6.035054772235562;25;6;6;4;5;4;21;-6.359229623673284
EVAL_INSTANCE:44:0:880
EVAL_INSTANCE:44:1:881
EVAL_INSTANCE:44:2:882
EVAL_INSTANCE:44:3:883
EVAL_INSTANCE:44:4:884
EVAL_INSTANCE:44:5:885
EVAL_INSTANCE:44:6:886
EVAL_INSTANCE:44:7:887
EVAL_INSTANCE:44:8:888
EVAL_INSTANCE:44:9:889
RUN_RESULT:44:0:0:269:UUUURRURDRDDDD
RUN_RESULT:44:1:0:2000:----
RUN_RESULT:44:2:0:171:UUUURRURDRDDDD
RUN_RESULT:44:3:0:556:UUUURRURDLLLDDLLDDDRRRRRRU
RUN_RESULT:44:4:0:153:UUUURRURDRDDDD
RUN_RESULT:44:5:0:2000:----
RUN_RESULT:44:6:0:266:UUUURRURDRDDDD
RUN_RESULT:44:7:0:300:UUUURRURDRDDDD
RUN_RESULT:44:8:0:1083:UUUURRURDRDDDD
RUN_RESULT:44:9:0:2000:----
    45 |      450 | -3.832800E+03 | -3.849000E+03
TRACK:890;365;848;3;2;2;0;4;6;5;3;0;2;9;17;2;22;-3.7870454146832593;12;2;2;4;2;6;1;20;1.8535361540251885;12;0;0;13;22;-8.010071384326883;4;23;-4.433856568239193;5;5;2;12;1;25;22;5.317595697839613;0;6;6;3;5;8;6;1;4;9;3;10;25;6;6;4;5;4;21;-6.384113564089665
TRACK:891;365;848;3;2;2;0;4;6;5;3;0;2;9;17;2;22;-3.8259030561983507;12;2;2;4;2;6;1;20;1.6619559846101999;12;0;0;13;22;-8.049768830461831;6;21;1.0412755781314953;5;5;1;16;22;5.317595697839613;6;6;4;5;4;21;-6.077092464338748;25;6;6;4;5;4;21;-6.3824430909588905
TRACK:892;884;283;3;2;2;0;4;6;5;3;0;2;9;12;2;22;-3.7073738432385936;12;2;2;4;2;17;0;0;13;22;-7.983813870375975;6;21;0.9604489114042996;5;6;2;9;17;0;6;6;3;5;8;6;1;4;9;3;10;25;6;6;2;5;1;6;4;1;10;7;-5.772107013080586;2;5;3;24;3;1;9;17;4;0;3;1;1;9;11;2;11;18;5;4;6;25
TRACK:893;884;283;3;2;2;0;4;6;5;3;0;2;9;17;2;22;-3.7584965299871604;12;2;2;4;2;6;1;20;1.9268324875549276;12;0;0;13;22;-7.900173368550633;2;9;17;5;6;4;9;0;6;6;3;5;8;6;1;4;9;6;4;9;25;6;6;4;5;4;21;-6.344808103984305
TRACK:894;423;504;3;2;2;0;4;6;5;3;0;2;9;17;2;22;-3.767721422944319;12;2;2;4;2;6;1;20;1.6793238448570826;12;0;0;13;22;-7.971166108315691;5;18;5;5;2;12;1;16;22;5.346601283521651;0;6;6;3;5;8;6;1;4;9;3;10;25;6;6;4;5;4;21;-6.288671969107178
TRACK:895;423;504;3;2;2;0;4;6;5;3;0;2;9;12;12;2;2;4;2;17;0;0;13;22;-8.026212954376971;2;9;17;5;6;4;9;0;6;6;3;5;8;6;1;4;9;3;10;25;6;6;4;5;4;21;-6.443612546008789
TRACK:896;848;884;3;2;2;0;4;6;5;3;0;2;9;17;2;22;-3.8259030561983507;12;2;2;4;2;6;1;20;1.6619559846101999;12;0;0;13;22;-8.049768830461831;6;21;1.0412755781314953;5;5;2;5;17;5;17;6;5;4;6;25;25;6;6;4;5;4;21;-6.3824430909588905
TRACK:897;848;884;3;2;2;0;4;6;5;3;0;2;9;12;2;22;-3.7073738432385936;12;2;2;4;2;17;0;0;13;22;-7.983813870375975;6;21;0.9604489114042996;5;5;4;21;-6.3824430909588905;0;6;6;3;5;8;6;1;4;9;3;10;25;6;6;2;5;1;6;4;1;10;7;-5.772107013080586;2;5;3;24;3;1;9;17;4;0;3;1;1;9;11;2;11;18;5;4;6;25
TRACK:898;365;423;3;2;2;0;4;6;5;3;0;2;9;17;2;22;-3.7870454146832593;12;2;2;4;2;6;1;20;1.8535361540251885;12;0;0;13;22;-8.010071384326883;4;23;-4.433856568239193;5;5;2;12;1;16;22;5.317595697839613;2;22;-3.767721422944319;12;25;6;6;4;5;4;21;-6.384113564089665
TRACK:899;365;423;3;2;2;0;4;6;5;3;0;2;9;17;2;22;-3.767721422944319;12;2;2;4;2;6;1;20;1.6793238448570826;12;0;0;13;22;-7.971166108315691;5;18;5;5;2;12;12;0;6;6;3;5;8;6;1;4;9;3;10;25;6;6;4;5;4;21;-6.288671969107178
TRACK:900;890;-1;3;2;2;0;4;6;5;3;0;2;9;17;2;22;-3.9110157549394455;12;2;2;4;2;6;1;20;1.811797078561472;12;0;0;13;22;-8.015718335971224;4;23;-4.3101382796490935;5;5;2;12;1;25;22;5.448720805091786;0;6;6;6;4;8;6;1;4;9;3;10;25;6;6;4;5;4;21;-6.388058379899101
TRACK:901;892;-1;3;2;2;0;4;6;5;3;0;2;9;12;2;22;-3.8215026101893326;22;0.9528438536061614;2;2;4;2;17;0;0;13;22;-8.148563759237788;6;21;0.9468412487191256;5;6;2;9;17;0;6;6;3;5;8;6;1;4;9;3;10;25;6;6;2;5;1;6;4;1;10;7;-5.813744101464445;2;5;3;24;3;1;9;17;4;0;3;1;1;9;11;2;11;18;5;4;6;25
TRACK:902;894;-1;3;2;2;0;4;6;5;3;0;2;9;17;2;22;-3.818313181882937;12;2;2;4;2;6;1;20;1.697668055274181;12;0;0;13;22;-7.939943838683384;5;18;5;5;2;12;1;16;22;5.4101337864073855;0;6;6;3;5;8;6;1;4;9;3;10;4;3;5;3;7;-6.437485563702278;6;6;4;5;4;21;-6.361109380194307
TRACK:903;896;-1;3;2;2;0;4;6;5;3;0;2;9;17;2;22;-3.636119251126129;12;2;2;4;2;6;1;20;1.6439788147735412;12;0;0;13;22;-8.083612845165346;6;21;1.2093334619886094;5;5;2;5;17;5;17;6;5;4;6;25;25;6;6;3;3;1;7;-4.70877474958346;7;-4.284903306778521
TRACK:904;898;-1;3;2;2;0;4;6;5;3;0;2;9;17;2;25;10;2;2;4;2;6;1;20;1.952269814761218;12;0;0;13;22;-7.93926556348518;4;23;-4.526492998992686;5;5;2;12;1;16;22;5.26695526924876;2;22;-3.8573515711807924;12;25;6;6;4;5;4;21;-6.304265373379467
TRACK:905;891;-1;3;2;2;0;4;6;5;4;5;4;20;-2.9304178258930698;2;2;4;2;6;1;20;1.7717264476598384;12;0;0;13;22;-8.081575898839512;6;21;1.2252928620036245;5;5;1;16;22;5.424328027835029;6;6;4;5;4;21;-6.1829260590807475;25;6;6;4;5;4;21;-6.516184666619468
TRACK:906;893;-1;3;2;2;0;4;6;5;3;0;2;9;17;2;10;12;2;2;4;2;6;1;20;1.925194218292635;12;0;0;13;22;-7.957674651332359;2;9;17;5;6;4;9;0;6;6;3;5;8;6;1;4;9;6;4;9;25;6;6;4;5;4;21;-6.4888272581158395
TRACK:907;895;-1;3;2;2;0;4;6;5;3;0;2;9;12;12;2;2;4;2;17;0;0;13;22;-8.042769078458267;2;9;8;5;6;4;9;0;6;6;3;5;8;6;1;4;9;3;10;25;6;6;4;5;4;21;-6.476696641303585
TRACK:908;897;-1;3;2;2;0;4;6;5;3;0;2;9;12;2;22;-3.586451339223905;12;2;2;4;2;17;0;0;13;22;-8.080754872930962;6;21;0.9078344642280443;5;5;4;21;-6.424881358767861;0;6;6;3;5;8;6;1;4;9;3;10;25;6;6;2;5;1;0;2;4;22;-7.834362574380358;5;24;1;5;9;4;25;2;5;3;24;3;1;9;17;4;0;3;1;1;9;11;2;11;18;5;4;6;25
TRACK:909;899;-1;3;2;2;0;4;6;5;3;0;2;9;17;2;22;-3.7004654454247996;12;2;2;4;2;6;1;20;1.6790295793522652;12;0;0;13;22;-7.973624105386486;5;18;5;5;2;12;12;0;6;6;3;5;8;6;1;4;9;3;10;25;6;6;4;5;4;0;5;14;1;19;24
EVAL_INSTANCE:45:0:900
EVAL_INSTANCE:45:1:901
EVAL_INSTANCE:45:2:902
EVAL_INSTANCE:45:3:903
EVAL_INSTANCE:45:4:904
EVAL_INSTANCE:45:5:905
EVAL_INSTANCE:45:6:906
EVAL_INSTANCE:45:7:907
EVAL_INSTANCE:45:8:908
EVAL_INSTANCE:45:9:909
RUN_RESULT:45:0:0:2000:----
RUN_RESULT:45:1:0:272:UUUURRURDRDDDD
RUN_RESULT:45:2:0:966:UUUURRURDRDDDD
RUN_RESULT:45:3:0:283:UUUURRURDRDDDD
RUN_RESULT:45:4:0:2000:----
RUN_RESULT:45:5:0:269:UUUURRURDRDDDD
RUN_RESULT:45:6:0:266:UUUURRURDRDDDD
RUN_RESULT:45:7:0:1082:UUUURRURDRDDDD
RUN_RESULT:45:8:0:179:UUUURRURDRDDDD
RUN_RESULT:45:9:0:556:UUUURRURDLLLDDLLDDDRRRRRRU
    46 |      460 | -3.832800E+03 | -3.849000E+03
TRACK:910;568;848;3;2;2;0;4;6;5;3;0;2;9;17;2;22;-3.7255362058871886;12;2;2;4;2;6;1;20;1.6978711005008502;12;0;0;13;22;-7.921613545810324;4;12;5;17;0;8;6;1;4;9;3;10;25;6;6;4;5;4;21;-6.345208863818041
TRACK:911;568;848;3;2;2;0;4;6;5;3;0;2;9;17;2;22;-3.8259030561983507;12;2;2;4;2;6;1;20;1.6619559846101999;12;0;0;13;22;-8.049768830461831;6;21;1.0412755781314953;5;6;1;4;9;3;10;6;6;4;5;4;21;-6.077092464338748;25;6;6;4;5;4;21;-6.3824430909588905
TRACK:912;267;365;3;2;2;0;4;6;5;12;2;2;4;2;6;1;20;1.8815741472572554;12;0;0;13;22;-7.807344682585577;4;23;-4.454070933886239;5;5;2;5;17;5;17;0;6;6;3;5;8;6;1;4;9;3;10;25;6;6;4;5;4;21;-6.36437425372874
TRACK:913;267;365;3;2;2;3;0;2;9;17;2;22;-3.7801357816920005;12;25;6;6;4;5;4;21;-6.384113564089665
TRACK:914;884;481;3;2;2;0;4;6;5;3;0;2;9;12;2;22;-3.7073738432385936;12;2;2;4;2;17;0;0;13;22;-7.983813870375975;6;21;0.9604489114042996;5;6;4;13;0;6;6;3;5;8;6;1;4;9;3;10;25;6;6;2;5;1;6;4;1;10;7;-5.772107013080586;2;5;3;24;3;1;9;17;4;0;3;1;1;9;11;2;11;18;5;4;6;25
TRACK:915;884;481;3;2;2;0;4;6;5;3;0;2;8;14;2;22;-3.713886593128546;12;2;2;4;2;17;0;0;13;22;-8.003441017317677;2;9;17;5;6;4;9;0;6;6;3;5;8;6;1;4;9;3;10;25;6;6;4;5;4;21;-6.310103050164342
TRACK:916;884;848;3;2;2;0;4;6;5;3;0;2;9;12;2;22;-3.7073738432385936;12;2;2;4;5;17;5;6;4;9;0;6;6;3;5;8;6;1;4;9;3;10;25;6;6;2;5;1;6;4;1;10;7;-5.772107013080586;2;5;3;24;3;1;9;17;4;0;3;1;1;9;11;2;11;18;5;4;6;25
TRACK:917;884;848;3;2;2;0;4;6;5;3;0;2;9;17;2;22;-3.8259030561983507;12;3;24;25;6;6;4;5;4;21;-6.3824430909588905
TRACK:918;283;423;3;2;2;0;4;6;5;3;0;2;9;17;2;22;-3.7584965299871604;12;2;2;4;2;6;1;20;1.9268324875549276;12;0;0;13;13;2;9;17;5;6;4;9;0;6;6;3;5;8;6;1;4;9;3;10;25;6;6;4;5;4;21;-6.344808103984305
TRACK:919;283;423;3;2;2;0;4;6;5;3;0;12;2;22;-3.767721422944319;12;2;2;4;2;6;1;20;1.6793238448570826;12;0;0;13;22;-7.971166108315691;5;18;5;5;2;12;1;16;22;5.346601283521651;0;6;6;3;5;8;6;1;4;9;3;10;25;6;6;4;5;4;21;-6.288671969107178
TRACK:920;910;-1;3;2;2;0;4;6;5;3;0;2;9;17;2;22;-3.6288612041905983;12;2;2;4;2;6;1;20;1.6237789736548736;12;0;0;13;25;4;12;5;17;0;8;6;1;4;9;3;10;25;6;6;4;5;4;21;-6.425041429089595
TRACK:921;267;-1;3;2;2;0;4;6;5;3;0;2;9;17;2;22;-3.772139008427243;12;2;2;2;6;16;1;23;3.8136345401828677;13;5;5;2;5;17;5;17;0;6;6;3;5;8;6;1;4;9;3;10;25;6;6;4;5;4;21;-6.43835978932435
TRACK:922;914;-1;3;2;2;0;4;6;5;3;0;2;9;12;2;22;-3.6979067194945916;12;2;2;4;2;17;0;0;13;22;-7.915078574447921;6;21;0.885981023335889;5;6;4;13;0;4;5;3;0;17;22;-2.647611929937865;6;1;4;9;3;10;25;6;6;2;5;1;6;4;1;10;7;-5.768039088796023;2;5;3;24;3;1;9;17;4;0;3;1;1;9;11;2;11;18;5;4;6;25
TRACK:923;916;-1;3;2;2;0;4;6;5;3;0;2;9;12;2;22;-3.706797011246086;12;2;2;4;5;17;5;6;4;9;0;6;6;3;5;8;6;1;4;9;3;10;25;6;6;2;5;1;6;4;1;10;24;2;5;3;24;3;1;9;17;4;0;3;1;1;9;11;2;11;18;5;4;6;25
TRACK:924;283;-1;3;2;2;0;4;6;5;3;0;2;9;17;2;22;-3.8695699630575193;12;2;2;4;2;6;1;20;2.1389441437955057;12;0;0;13;22;-8.015034292957367;2;9;17;5;6;4;9;3;0;4;10;3;19;25;6;6;4;5;4;21;-6.395306254412722
TRACK:925;911;-1;3;2;2;0;4;6;5;3;0;2;9;17;2;22;-3.734840716892295;12;2;2;4;2;6;1;20;1.7678464366733748;12;0;0;13;22;-8.002851983695926;6;21;1.1659220397814483;5;6;1;4;9;3;10;6;6;4;5;4;21;-6.080916789275011;25;6;6;4;5;2;5;2;11;13;0;1;15;20;-7.8578383300691135;5;13
TRACK:926;365;-1;3;1;4;4;2;5;0;12;22;3.7917208223419134;1;5;25;3;13;2;3;0;3;1;24;25;4;5;7;1.3672321733235933;6;4;4;0;17;21;9.808035234639235
TRACK:927;915;-1;3;2;2;0;4;6;5;3;0;2;8;14;2;22;-3.76123389310951;12;2;2;4;2;17;0;0;10;22;-8.084165559728248;2;9;17;5;6;4;9;0;6;6;3;5;8;6;1;4;9;3;10;25;6;6;4;5;4;21;-6.233262312854159
TRACK:928;917;-1;3;2;2;0;4;6;5;2;1;13;10;1;23;-8.463413721683764;16;3;24;25;6;6;4;5;4;21;-6.179260534586038
TRACK:929;423;-1;3;2;2;0;4;6;5;3;0;2;9;17;2;22;-3.6070008215391574;12;2;2;4;2;6;1;20;1.561379529426116;12;0;0;19;22;-8.017224063492677;5;18;5;5;2;12;1;16;22;5.104433478332465;0;6;6;3;5;8;6;1;4;9;3;10;25;6;6;4;5;4;21;-6.247198514523505
EVAL_INSTANCE:46:0:920
EVAL_INSTANCE:46:1:921
EVAL_INSTANCE:46:2:922
EVAL_INSTANCE:46:3:923
EVAL_INSTANCE:46:4:924
EVAL_INSTANCE:46:5:925
EVAL_INSTANCE:46:6:926
EVAL_INSTANCE:46:7:927
EVAL_INSTANCE:46:8:928
EVAL_INSTANCE:46:9:929
RUN_RESULT:46:0:0:176:UUUURRURDRDDDD
RUN_RESULT:46:1:0:174:UUUURRURDRDDDD
RUN_RESULT:46:2:0:883:UUUURRURDRDDDD
RUN_RESULT:46:3:0:561:UUUURRURDLLLDDLLDDDRRRRRRU
RUN_RESULT:46:4:0:2000:----
RUN_RESULT:46:5:0:224:UUUURRURDRDDDD
RUN_RESULT:46:6:0:2000:----
RUN_RESULT:46:7:0:2000:----
RUN_RESULT:46:8:0:1087:UUUURRURDRDDDD
RUN_RESULT:46:9:0:171:UUUURRURDRDDDD
    47 |      470 | -3.832800E+03 | -3.849000E+03
TRACK:930;621;423;3;2;2;0;4;6;5;3;0;2;9;14;2;22;-3.6011661187589583;12;2;2;4;2;17;0;0;13;22;-7.811924138701439;6;24;5;6;0;0;13;22;-7.971166108315691;5;18;0;6;6;3;5;8;6;1;4;9;3;10;25;6;6;4;5;4;21;-6.416571663696212
TRACK:931;621;423;3;3;0;2;9;14;2;22;-3.6011661187589583;12
TRACK:932;848;884;3;2;6;1;4;9;3;10;6;6;4;5;4;21;-6.3824430909588905
TRACK:933;848;884;3;2;2;0;4;6;5;3;0;2;9;12;2;22;-3.7073738432385936;12;2;2;4;2;17;0;0;13;22;-7.983813870375975;6;21;0.9604489114042996;5;6;4;9;0;6;6;3;5;8;6;1;4;9;3;10;25;6;6;2;5;1;6;4;1;10;7;-5.772107013080586;2;5;3;24;3;1;9;17;4;0;3;1;1;9;11;2;11;18;5;4;6;21;1.0412755781314953
TRACK:934;267;504;3;2;2;0;21;-6.443612546008789;2;2;4;2;6;1;20;1.8815741472572554;12;0;0;13;22;-7.807344682585577;4;23;-4.454070933886239;5;5;2;5;17;5;17;0;6;6;3;5;8;6;1;4;9;3;10;25;6;6;4;5;4;21;-6.36437425372874
TRACK:935;267;504;3;2;2;0;4;6;5;3;0;2;9;12;2;22;-3.576060992458621;12;2;2;4;2;3;5;8;0;0;13;22;-8.026212954376971;2;9;17;5;6;4;9;0;6;6;3;5;8;6;1;4;9;3;10;25;6;6;4;5;4;21;-6.443612546008789
TRACK:936;423;848;3;2;2;0;4;6;5;3;0;2;9;17;2;22;-3.767721422944319;12;2;2;4;2;6;1;20;1.6793238448570826;12;0;0;13;22;-7.971166108315691;5;18;5;5;2;22;-3.8259030561983507;12;0;6;6;3;5;8;6;1;4;9;3;10;25;6;6;4;5;4;21;-6.288671969107178
TRACK:937;423;848;3;2;2;0;2;22;-3.767721422944319;12;2;2;4;2;6;1;20;1.6619559846101999;12;0;0;13;22;-8.049768830461831;6;21;1.0412755781314953;5;5;2;5;17;5;17;6;6;4;5;4;21;-6.077092464338748;25;6;6;4;5;4;21;-6.3824430909588905
TRACK:938;365;884;3;2;2;0;4;6;5;3;0;2;9;17;2;22;-3.7870454146832593;12;2;2;4;2;6;1;20;1.8535361540251885;12;0;0;13;22;-8.010071384326883;4;23;-4.433856568239193;5;5;2;12;1;16;22;5.317595697839613;0;6;6;3;5;8;6;1;4;9;3;10;25;6;6;4;5;4;9
TRACK:939;365;884;3;2;2;0;4;6;5;3;0;2;9;12;2;22;-3.7073738432385936;12;2;2;4;2;17;0;0;25;22;-7.983813870375975;6;21;0.9604489114042996;5;6;4;9;0;6;6;3;5;8;6;1;4;9;3;10;25;6;6;2;5;1;6;4;1;10;7;-5.772107013080586;2;5;3;24;3;1;9;17;4;0;3;1;1;9;11;2;11;18;5;4;6;25
TRACK:940;930;-1;3;2;2;0;4;6;5;3;0;2;9;14;2;22;-3.5258032412836653;12;2;2;4;2;17;0;0;13;22;-7.72211887839494;6;24;5;6;0;0;13;22;-8.146402635332702;5;18;0;6;6;3;5;8;6;1;4;9;3;4;8;25;6;6;4;5;4;21;-6.460124566079627
TRACK:941;932;-1;3;2;6;1;4;9;3;10;1;6;2;6;1;0;14;12;4;11;4;3;2;11;24;6;3;4;4;3;15
TRACK:942;934;-1;3;2;2;3;2;2;17;23;-6.225368939148064;5;21;-8.160967877523754;25;6;6;4;5;4;21;-6.3468157085283385
TRACK:943;936;-1;3;2;2;0;4;6;5;3;0;2;9;17;2;22;-3.7055063773375165;12;2;2;4;2;6;6;12;0;0;13;22;-7.956571909949003;5;18;5;5;2;22;-3.6997947141020116;12;0;6;6;3;5;8;6;1;4;9;3;10;25;6;6;4;5;4;21;-6.169312506145043
TRACK:944;938;-1;3;2;2;0;4;6;5;3;0;2;9;17;2;22;-3.7803100073773805;12;2;2;4;2;6;1;20;1.8409563567322662;12;0;1;18;12;4;23;-4.437040922745308;5;5;2;12;1;16;22;5.381609532396194;0;6;6;3;5;8;6;1;4;9;3;10;25;6;6;4;5;4;9
TRACK:945;931;-1;3;3;0;2;9;14;2;6;1;8;16;12
TRACK:946;933;-1;3;2;2;0;4;6;5;3;0;2;9;12;2;22;-3.672297589543987;12;2;2;4;2;17;0;0;13;22;-8.164173422715923;6;21;1.0120117082705096;5;6;4;9;0;6;6;3;5;8;6;1;4;9;3;10;25;6;6;2;5;1;6;4;1;10;7;-5.930421444424611;2;5;3;24;3;1;9;17;4;0;3;1;1;9;11;2;11;18;5;1;6;21;7.226591157313088;6;14
TRACK:947;935;-1;3;2;2;0;4;6;5;3;0;2;9;12;6;22;7.932605928665641;2;2;4;2;3;5;8;0;0;13;22;-8.007379446875126;2;9;17;5;6;4;9;0;6;6;3;5;8;6;1;4;9;3;10;25;6;6;4;5;4;21;-6.2714541801601404
TRACK:948;937;-1;3;2;2;0;6;2;2;14;16;2;19;25;2;2;4;2;6;1;20;1.640373510808407;12;0;0;13;22;-8.033733584749552;6;21;1.1566957530486504;5;5;2;5;17;5;17;6;6;4;5;4;21;-6.067931437857633;25;6;6;4;5;4;21;-6.539187867731875
TRACK:949;939;-1;3;2;2;0;4;6;5;3;0;2;9;12;2;22;-3.488270078095924;12;0;8;10;25;6;6;2;5;1;6;4;1;10;7;-5.947350284971682;2;5;3;24;3;1;9;17;4;0;3;1;1;9;11;2;11;18;5;4;6;25
EVAL_INSTANCE:47:0:940
EVAL_INSTANCE:47:1:941
EVAL_INSTANCE:47:2:942
EVAL_INSTANCE:47:3:943
EVAL_INSTANCE:47:4:944
EVAL_INSTANCE:47:5:945
EVAL_INSTANCE:47:6:946
EVAL_INSTANCE:47:7:947
EVAL_INSTANCE:47:8:948
EVAL_INSTANCE:47:9:949
RUN_RESULT:47:0:0:2000:----
RUN_RESULT:47:1:0:2000:----
RUN_RESULT:47:2:0:271:UUUURRURDRDDDD
RUN_RESULT:47:3:0:2000:----
RUN_RESULT:47:4:0:561:UUUURRURDLLLDDLLDDDRRRRRRU
RUN_RESULT:47:5:0:2000:----
RUN_RESULT:47:6:0:153:UUUURRURDRDDDD
RUN_RESULT:47:7:0:207:UUUURRURDRDDDD
RUN_RESULT:47:8:0:2000:----
RUN_RESULT:47:9:0:2000:----
    48 |      480 | -3.834600E+03 | -3.849000E+03
TRACK:950;884;568;3;2;2;0;4;6;5;3;0;2;9;12;2;22;-3.7073738432385936;12;2;2;4;0;13;22;-7.921613545810324;5;6;4;9;0;6;6;3;5;8;6;1;4;9;3;10;25;6;6;2;5;1;6;4;1;10;7;-5.772107013080586;2;5;3;24;3;1;9;17;4;0;3;1;1;9;11;2;11;18;5;4;6;25
TRACK:951;884;568;3;2;2;0;4;6;5;3;0;2;9;17;2;22;-3.7255362058871886;12;2;2;4;2;6;1;20;1.6978711005008502;12;0;6;21;0.9604489114042996;4;12;5;5;2;5;17;5;17;0;8;6;1;4;9;3;10;25;6;6;4;5;4;21;-6.345208863818041
TRACK:952;423;267;3;2;2;0;4;6;5;3;0;2;9;17;2;22;-3.767721422944319;12;2;2;4;2;6;1;20;1.6793238448570826;12;0;0;13;22;-7.971166108315691;5;18;5;5;2;12;1;16;22;5.346601283521651;0;6;6;3;5;8;22;-7.807344682585577;25;6;6;4;5;4;21;-6.288671969107178
TRACK:953;423;267;3;2;2;5;4;21;-6.288671969107178;25;6;6;4;5;4;21;-6.36437425372874
TRACK:954;848;848;3;2;2;0;4;6;5;3;0;2;9;17;2;22;-3.8259030561983507;12;2;2;4;2;6;1;20;1.6619559846101999;12;0;0;13;22;-8.049768830461831;6;21;1.0412755781314953;5;5;2;5;17;5;17;6;6;4;5;4;21;-6.077092464338748;25;6;6;4;25
TRACK:955;848;848;3;2;2;0;4;6;5;3;0;2;9;17;2;22;-3.8259030561983507;12;2;2;4;2;6;1;20;1.6619559846101999;12;0;0;13;22;-8.049768830461831;6;21;1.0412755781314953;5;5;2;5;17;5;17;6;6;4;5;4;21;-6.077092464338748;25;6;6;4;5;4;21;-6.3824430909588905
TRACK:956;568;884;3;2;2;0;4;6;5;3;0;2;21;0.9604489114042996;17;2;22;-3.7255362058871886;12;2;2;4;2;6;1;20;1.6978711005008502;12;0;0;13;22;-7.921613545810324;4;12;5;5;2;5;17;5;17;0;8;6;1;4;9;3;10;25;6;6;4;5;4;21;-6.345208863818041
TRACK:957;568;884;3;2;2;0;4;6;5;3;0;2;9;12;2;22;-3.7073738432385936;12;2;2;4;2;17;0;0;13;22;-7.983813870375975;6;21;0.9604489114042996;5;6;4;9;0;6;6;3;5;8;6;1;4;9;3;10;25;6;4;21;-6.345208863818041
TRACK:958;946;365;3;2;2;0;4;6;5;3;0;2;9;12;2;22;-3.672297589543987;12;2;2;4;2;17;0;0;13;22;-8.164173422715923;6;21;1.0120117082705096;5;6;4;9;0;6;6;3;5;8;6;1;4;9;3;10;25;6;6;2;5;1;6;4;1;10;7;-5.930421444424611;2;5;3;24;3;1;9;17;4;0;3;1;1;9;11;2;11;18;5;1;6;21;7.226591157313088;6;23;-4.433856568239193
TRACK:959;946;365;3;2;2;0;4;6;5;3;0;2;9;17;2;22;-3.7870454146832593;12;2;2;4;2;6;1;20;1.8535361540251885;12;0;0;13;22;-8.010071384326883;4;23;-4.433856568239193;5;5;2;12;1;16;22;5.317595697839613;0;6;6;3;5;8;6;1;4;9;3;10;25;6;3;1;1;9;11;2;11;18
TRACK:960;950;-1;3;2;2;0;4;6;5;3;0;2;9;12;2;22;-3.557856603848827;12;2;2;4;0;13;22;-7.892974786791375;5;6;4;9;0;6;6;3;5;8;6;1;4;9;3;10;25;6;6;2;5;1;6;4;1;10;7;-5.987349823148822;2;5;3;24;3;1;9;17;4;0;3;1;1;9;11;2;11;18;4;5;6;13
TRACK:961;423;-1;3;2;2;0;4;6;5;3;0;2;9;17;0;15;15;2;2;4;2;6;1;20;1.6346540647922951;12;0;0;13;22;-7.941973037217691;5;18;5;5;2;12;1;16;22;5.38138213657114;0;6;6;3;5;8;6;1;4;9;3;10;25;6;6;4;5;4;21;-6.132769390932497
TRACK:962;954;-1;3;2;2;0;4;6;5;3;0;2;9;17;2;16;12;2;2;4;2;6;1;20;1.700960913135089;12;0;0;13;22;-7.884906120468714;6;21;0.8610664102270241;5;5;2;5;17;5;17;6;6;4;5;4;21;-6.0271209142752165;25;6;6;4;25
TRACK:963;956;-1;3;2;2;0;4;6;5;3;0;2;21;0.8467643296556597;17;2;22;-3.768090646173151;12;2;2;6;0;5;1;22;1.606590207718403;17;6;1;13;14;5;5;2;5;17;5;17;0;8;6;1;4;9;3;10;25;6;6;4;5;4;21;-6.249891348115183
TRACK:964;958;-1;3;2;2;0;4;6;5;3;0;2;9;12;2;22;-3.8159166039852828;12;2;2;4;2;17;0;0;13;22;-8.073325880658519;6;21;1.137592882516611;5;6;4;9;0;6;6;3;5;8;6;1;4;9;3;0;10;24;25;6;6;2;5;1;6;4;1;10;7;-5.913030722142099;2;5;3;24;3;1;9;17;4;0;3;1;1;9;11;2;11;18;5;1;6;21;7.154447609093558;6;23;-4.519632417191083
TRACK:965;951;-1;3;2;2;0;4;6;5;3;0;2;9;17;2;22;-3.8739735104136055;12;2;2;4;2;6;1;20;1.7289921221525217;12;0;6;21;0.8514929785286401;4;12;5;5;2;5;17;5;18;0;8;6;1;4;9;3;10;25;6;6;4;5;4;21;-6.276586458754921
TRACK:966;267;-1;3;2;2;0;4;6;5;3;0;2;17;17;2;22;-3.719933148591175;12;2;2;4;2;6;1;20;1.8615283558055047;12;0;0;13;22;-7.765002765903074;4;23;-4.324886164874919;5;5;2;5;17;5;17;0;6;6;3;5;8;6;1;4;9;3;10;25;6;6;4;5;4;21;-6.196145534528748
TRACK:967;955;-1;3;2;2;0;4;6;5;3;0;2;9;17;2;22;-3.820363374052818;12;2;2;4;2;6;1;20;1.5601408509476946;12;0;0;13;22;-7.982018295760373;6;21;0.9446742214178577;5;5;2;5;17;5;17;6;6;4;5;4;21;-5.976213169917985;25;4;1;2;17;10;4;13
TRACK:968;957;-1;3;2;2;0;4;6;5;3;0;2;9;12;2;22;-3.6285818633572213;12;2;2;4;2;17;0;0;24;22;-8.062723125062089;6;21;1.0329648308101518;5;6;4;9;0;6;6;3;5;8;6;1;4;9;3;10;25;6;4;21;-6.471460208681118
TRACK:969;959;-1;3;2;2;0;4;6;5;3;0;2;9;17;2;22;-3.7999770082626183;12;2;2;4;2;6;1;20;2.054215573935254;12;0;0;13;22;-8.124905229352175;4;23;-4.336267328866787;5;5;2;12;1;16;22;5.343411749983714;0;6;6;3;5;8;6;4;6;23;-4.283563529514947;25;6;3;1;1;9;11;2;11;18
EVAL_INSTANCE:48:0:960
EVAL_INSTANCE:48:1:961
EVAL_INSTANCE:48:2:962
EVAL_INSTANCE:48:3:963
EVAL_INSTANCE:48:4:964
EVAL_INSTANCE:48:5:965
EVAL_INSTANCE:48:6:966
EVAL_INSTANCE:48:7:967
EVAL_INSTANCE:48:8:968
EVAL_INSTANCE:48:9:969
RUN_RESULT:48:0:0:2000:----
RUN_RESULT:48:1:0:1083:UUUURRURDRDDDD
RUN_RESULT:48:2:0:276:UUUURRURDRDDDD
RUN_RESULT:48:3:0:2000:----
RUN_RESULT:48:4:0:153:UUUURRURDRDDDD
RUN_RESULT:48:5:0:2000:----
RUN_RESULT:48:6:0:2000:----
RUN_RESULT:48:7:0:224:UUUURRURDRDDDD
RUN_RESULT:48:8:0:2000:----
RUN_RESULT:48:9:0:2000:----
    49 |      490 | -3.836400E+03 | -3.849000E+03
TRACK:970;964;848;3;2;2;0;4;6;5;3;0;2;9;12;2;22;-3.8159166039852828;12;2;2;4;2;17;0;0;13;22;-8.073325880658519;6;21;-6.3824430909588905;5;6;4;9;0;6;6;3;5;8;6;1;4;9;3;0;10;24;25;6;6;2;5;1;6;4;1;10;7;-5.913030722142099;2;5;3;24;3;1;9;17;4;0;3;1;1;9;11;2;11;18;5;1;6;21;7.154447609093558;6;23;-4.519632417191083
TRACK:971;964;848;3;2;2;0;4;6;5;3;0;2;9;17;2;22;-3.8259030561983507;12;2;2;4;2;6;1;20;1.6619559846101999;12;0;0;13;22;-8.049768830461831;6;21;1.0412755781314953;5;5;2;5;17;5;17;6;6;4;5;1;10;7;-5.913030722142099;25;6;6;4;5;4;21;-6.3824430909588905
TRACK:972;946;423;3;2;2;0;4;6;5;3;0;2;9;12;2;22;-3.672297589543987;12;2;2;4;2;17;0;0;13;22;-8.164173422715923;6;21;1.0120117082705096;5;6;4;9;0;6;6;3;5;8;6;1;4;9;3;10;25;6;6;4;5;4;21;-6.288671969107178
TRACK:973;946;423;3;2;2;0;4;6;5;3;0;2;9;17;2;22;-3.767721422944319;12;2;2;4;2;6;1;20;1.6793238448570826;12;0;0;13;22;-7.971166108315691;5;18;5;5;2;12;1;16;22;5.346601283521651;0;6;6;3;5;8;6;1;4;9;3;10;25;6;6;5;8
TRACK:974;884;964;3;2;2;0;4;6;5;3;0;2;9;12;2;22;-3.7073738432385936;12;2;2;4;2;12;0;0;13;22;-7.983813870375975;6;21;0.9604489114042996;5;6;4;9;0;6;6;3;5;8;6;1;4;9;3;10;25;6;6;2;5;1;6;4;1;10;7;-5.772107013080586;2;5;3;24;3;1;9;17;4;0;3;1;1;9;11;2;11;18;5;4;6;25
TRACK:975;884;964;3;2;2;0;4;6;5;3;0;2;9;12;2;22;-3.8159166039852828;12;2;2;4;2;17;0;0;13;22;-8.073325880658519;6;21;1.137592882516611;5;6;4;9;0;6;6;3;5;8;6;1;4;9;3;0;10;24;25;6;6;2;5;1;6;4;1;10;7;-5.913030722142099;4;6;25;4;0;3;1;1;9;11;2;11;18;5;1;6;21;7.154447609093558;6;23;-4.519632417191083
TRACK:976;848;267;3;2;2;0;4;6;5;3;0;2;9;17;2;22;-3.8259030561983507;12;2;2;0;2;9;17;2;22;-3.7801357816920005;12;5;5;2;5;17;5;17;6;6;4;5;4;21;-6.077092464338748;25;6;6;4;5;4;21;-6.3824430909588905
TRACK:977;848;267;3;2;2;0;4;6;5;3;0;2;9;17;2;22;-3.7801357816920005;12;2;2;4;2;6;1;20;1.8815741472572554;12;0;0;13;22;-7.807344682585577;4;23;-4.454070933886239;5;5;2;5;17;5;17;0;6;6;3;5;8;6;1;4;4;21;-6.3824430909588905;3;10;25;6;6;4;5;4;21;-6.36437425372874
TRACK:978;423;946;3;2;2;0;4;9;2;2;4;2;6;1;20;1.6793238448570826;12;0;0;13;22;-7.971166108315691;5;18;5;5;2;12;1;16;22;5.346601283521651;0;6;6;3;5;8;6;1;4;9;3;10;25;6;6;4;5;4;21;-6.288671969107178
TRACK:979;423;946;3;2;2;0;4;6;5;3;0;2;8;12;2;22;-3.672297589543987;12;2;2;4;2;17;0;0;13;22;-8.164173422715923;6;21;1.0120117082705096;5;6;4;9;0;6;6;3;5;8;6;1;4;9;3;10;25;6;6;2;5;1;6;4;1;10;7;-5.930421444424611;2;5;3;24;3;1;9;17;4;0;3;1;1;9;11;2;11;18;5;1;6;21;7.226591157313088;6;14
TRACK:980;970;-1;3;2;2;0;4;6;5;3;0;2;9;12;2;22;-3.7531138517148293;12;2;2;4;2;17;0;0;13;22;-7.984917870797569;6;21;-6.329970134321318;5;6;4;9;0;6;6;3;5;8;6;1;4;9;1;15;21;-7.589377220513085;25;6;6;2;5;1;6;4;1;10;7;-5.868575567838591;2;5;3;24;3;1;9;17;4;0;3;1;1;9;11;2;11;18;5;1;6;21;7.3257366635168;6;23;-4.321019117643381
TRACK:981;972;-1;3;2;2;0;4;6;5;3;0;2;13;12;2;22;-3.528104751268088;12;2;2;4;2;17;0;0;13;22;-8.222550183049536;6;21;1.0368637773697935;5;6;4;9;0;6;6;3;5;8;6;1;4;9;3;10;25;6;6;4;5;4;21;-6.326419106417264
TRACK:982;974;-1;3;2;2;0;4;6;6;14;2;2;4;2;12;0;0;13;22;-7.960659050325083;6;21;0.994782916734428;5;6;4;9;0;6;6;3;5;8;6;1;4;9;3;10;25;6;6;2;5;1;6;4;1;10;7;-5.71250915912391;2;5;3;24;3;1;9;17;4;0;3;1;1;9;11;2;11;18;5;4;6;25
TRACK:983;976;-1;3;2;2;0;4;6;5;3;0;2;9;17;2;22;-3.6623466640947013;12;2;2;0;2;9;17;2;22;-3.860880371536956;12;5;5;2;5;17;5;17;6;6;4;5;4;24;25;6;6;4;5;4;21;-6.2011525309210285
TRACK:984;978;-1;3;2;2;0;4;9;2;2;4;2;6;1;20;1.5990903448642493;12;0;0;13;22;-7.973075663500216;5;18;5;5;2;12;0;17;14;0;6;6;3;5;8;6;1;4;9;3;10;25;6;6;4;5;4;21;-6.1387413174098
TRACK:985;971;-1;3;2;2;0;4;6;5;3;0;2;9;17;2;22;-3.7592326406848566;12;2;2;4;2;6;1;20;1.747115517951335;12;0;0;13;22;-8.187617457275639;6;21;1.1050671395135188;5;5;1;3;10;2;14;22;6.249972079299898;6;6;4;5;1;10;7;-5.898494315103015;25;6;6;4;5;4;21;-6.482733964346346
TRACK:986;973;-1;3;2;2;0;5;0;5;1;15;20;-1.9712943820508055;1;1;23;-2.5224247741348815;10;0;18;24;2;2;4;2;6;1;20;1.6851658197112311;12;0;0;13;22;-8.118140111253705;5;18;5;5;2;12;1;16;22;5.361133113861864;0;6;6;3;5;8;6;1;4;9;3;10;25;6;6;5;8
TRACK:987;975;-1;3;2;2;0;4;6;5;3;0;2;9;12;2;22;-3.654328111456901;12;2;2;4;2;17;0;0;13;22;-8.137887813609773;6;21;1.2310599133295943;5;6;4;9;0;6;6;3;5;8;6;1;4;9;3;0;10;24;25;6;6;2;5;1;6;4;1;10;7;-5.8390090496620095;4;6;25;4;0;3;1;1;9;11;2;11;15;5;1;6;21;7.121438066313386;6;23;-4.486200110799951
TRACK:988;977;-1;3;2;2;0;4;6;5;3;0;2;9;17;2;22;-4.001540289172422;12;2;2;4;4;12;5;5;2;5;17;5;17;0;6;6;3;5;8;6;1;4;4;21;-6.444338797635549;3;10;25;6;6;4;5;4;21;-6.285710439988194
TRACK:989;979;-1;3;2;2;5;0;0;4;2;3;10;1;24;14;5;0;0;13;8;3;20;2.2382806817956507;6;1;6;6;23;8.547008908797064;5;0;13;25;3;3;5;3;2;0;25;20;2.259559366116319;2;23;-4.7903943839842515;25;6;6;2;5;1;6;4;1;10;7;-5.886880249421735;2;5;3;24;3;1;9;17;4;0;3;1;1;9;11;2;11;18;5;1;6;21;7.156955174051189;6;14
EVAL_INSTANCE:49:0:980
EVAL_INSTANCE:49:1:981
EVAL_INSTANCE:49:2:982
EVAL_INSTANCE:49:3:983
EVAL_INSTANCE:49:4:984
EVAL_INSTANCE:49:5:985
EVAL_INSTANCE:49:6:986
EVAL_INSTANCE:49:7:987
EVAL_INSTANCE:49:8:988
EVAL_INSTANCE:49:9:989
RUN_RESULT:49:0:0:153:UUUURRURDRDDDD
RUN_RESULT:49:1:0:2000:----
RUN_RESULT:49:2:0:272:UUUURRURDRDDDD
RUN_RESULT:49:3:0:2000:----
RUN_RESULT:49:4:0:266:UUUURRURDRDDDD
RUN_RESULT:49:5:0:2000:----
RUN_RESULT:49:6:0:2000:----
RUN_RESULT:49:7:0:153:UUUURRURDRDDDD
RUN_RESULT:49:8:0:2000:----
RUN_RESULT:49:9:0:307:UUUURRURDRDDDD
    50 |      500 | -3.840000E+03 | -3.849000E+03
TRACK:990;964;423;3;2;2;0;4;6;5;3;0;2;9;12;2;22;-3.8159166039852828;12;2;2;4;2;17;0;0;13;22;-8.073325880658519;6;21;1.137592882516611;5;6;4;9;0;6;6;3;5;8;6;1;4;9;3;0;10;24;25;6;6;2;5;1;6;4;1;10;7;-5.913030722142099;2;5;3;24;3;1;9;17;4;0;3;1;1;9;11;2;11;9;5;1;6;21;7.154447609093558;6;23;-4.519632417191083
TRACK:991;964;423;3;2;2;0;4;6;5;3;0;2;17;17;2;22;-3.767721422944319;12;2;2;4;2;6;1;20;1.6793238448570826;12;0;0;13;22;-7.971166108315691;5;18;5;5;2;12;1;16;22;5.346601283521651;0;6;6;3;5;8;6;1;4;9;3;10;25;6;6;4;5;4;21;-6.288671969107178
TRACK:992;848;987;3;2;2;0;4;6;0;0;13;22;-8.137887813609773;6;21;1.2310599133295943;2;2;4;2;6;1;20;1.6619559846101999;12;0;0;13;22;-8.049768830461831;6;21;1.0412755781314953;5;5;2;5;17;5;17;6;6;4;5;4;21;-6.077092464338748;25;6;6;4;5;4;21;-6.3824430909588905
TRACK:993;848;987;3;2;2;0;4;6;5;3;0;2;9;12;2;22;-3.654328111456901;12;2;2;4;2;17;0;0;13;22;-8.137887813609773;6;21;1.2310599133295943;5;6;4;9;0;6;6;3;5;8;6;1;4;9;3;0;10;24;25;6;6;2;5;1;6;4;1;10;7;-5.8390090496620095;4;6;25;4;0;3;1;1;9;11;2;11;15;5;22;-8.049768830461831
TRACK:994;946;980;3;2;2;0;4;6;5;3;0;2;9;12;2;22;-3.672297589543987;12;2;2;4;2;17;0;0;13;22;-8.164173422715923;6;21;1.0120117082705096;5;6;4;9;0;6;6;3;5;8;6;1;4;9;3;10;25;6;6;2;5;1;6;4;1;10;7;-5.930421444424611;1;6;21;7.3257366635168;6;23;-4.321019117643381;4;0;3;1;1;9;11;2;11;18;5;1;6;21;7.226591157313088;6;14
TRACK:995;946;980;3;2;2;0;4;6;5;3;0;2;9;12;2;22;-3.7531138517148293;12;2;2;4;2;17;0;0;13;22;-7.984917870797569;6;21;-6.329970134321318;5;6;4;9;0;6;6;3;5;8;6;1;4;9;1;15;21;-7.589377220513085;25;4;6;5;3;0;2;9;12;2;22;-3.672297589543987;12
TRACK:996;267;946;3;2;2;0;4;6;5;3;0;2;9;17;2;22;-3.7801357816920005;12;2;2;4;2;6;1;20;1.8815741472572554;13;0;0;13;22;-7.807344682585577;4;23;-4.454070933886239;5;5;2;5;17;5;17;0;6;6;3;5;8;6;1;4;9;3;10;25;6;6;4;5;4;21;-6.36437425372874
TRACK:997;267;946;3;2;2;0;4;6;5;3;0;2;9;12;2;22;-3.672297589543987;12;2;2;4;2;17;0;0;13;22;-8.164173422715923;6;21;1.0120117082705096;5;6;4;9;0;6;6;3;5;8;12;25;6;6;2;5;1;6;4;1;10;7;-5.930421444424611;2;5;3;24;3;1;9;17;4;0;3;1;1;9;11;2;11;18;5;1;6;21;7.226591157313088;6;14
TRACK:998;987;848;3;2;2;0;4;6;5;3;0;2;9;12;2;22;-3.654328111456901;12;2;2;4;2;17;4;21;-6.077092464338748;5;6;4;9;0;6;6;3;5;8;6;1;4;9;3;0;10;24;25;6;6;2;5;1;6;4;1;10;7;-5.8390090496620095;4;6;25;4;0;3;1;1;9;11;2;11;15;5;1;6;21;7.121438066313386;6;23;-4.486200110799951
TRACK:999;987;848;3;2;2;0;4;6;5;3;0;2;9;17;2;22;-3.8259030561983507;12;2;2;4;2;6;1;20;1.6619559846101999;12;0;0;13;22;-8.049768830461831;6;21;1.0412755781314953;5;5;2;5;17;24;6;6;4;5;4;21;-6.077092464338748;25;6;6;4;5;4;21;-6.3824430909588905
TRACK:1000;990;-1;3;2;2;0;4;6;5;3;0;2;9;12;2;22;-3.8327517335115235;12;2;2;4;2;17;0;0;13;22;-8.192435091765343;6;21;1.1385581081923875;5;6;4;9;0;6;6;3;5;8;6;1;4;9;3;0;10;24;25;6;6;2;5;1;6;4;1;10;7;-5.8855152995259035;2;5;3;24;3;1;9;17;4;0;4;5;3;17;5;1;6;21;7.072284629598617;6;23;-4.393240131753414
TRACK:1001;992;-1;3;2;2;0;4;6;0;0;13;22;-8.198494754881905;6;21;1.2068386341452308;2;2;4;2;6;1;20;1.6506566804743394;12;0;0;13;22;-8.059198634277344;6;21;0.9554849522637359;5;5;2;5;17;5;23;-3.212544269761537;6;6;4;5;4;21;-6.108077094021029;25;6;6;4;5;4;21;-6.469427002814097
TRACK:1002;994;-1;3;2;2;0;2;4;4;12;6;1;21;4.27143274735333;13;2;2;4;2;17;0;0;13;22;-8.241225406685064;6;21;1.0603392515405736;5;6;4;9;0;6;6;3;5;8;6;1;4;9;3;10;25;6;6;2;5;1;6;4;1;10;7;-6.093657485779067;1;6;21;7.474677518778232;6;23;-4.277541924274422;4;0;3;1;1;9;11;2;11;18;5;1;6;21;7.420035301631673;6;14
TRACK:1003;996;-1;3;2;2;0;4;6;5;3;0;2;9;17;2;22;-3.7590839676911747;12;2;2;4;2;6;1;20;1.897260380804423;13;0;0;13;22;-7.8115458527586235;4;23;-4.339975923298256;5;5;2;5;17;5;17;0;6;6;3;5;8;6;1;4;9;3;10;25;6;6;4;5;4;21;-6.458875795741124
TRACK:1004;998;-1;3;2;2;0;4;6;5;3;0;2;25;22;-7.030655784425552;2;22;-3.5599463552962987;12;2;2;4;2;17;4;21;-6.017644248744419;5;6;4;9;0;6;6;3;5;8;6;1;4;9;3;0;10;24;25;6;6;2;5;1;6;4;1;10;7;-5.882850013495399;4;6;25;4;0;3;1;1;9;11;2;11;15;5;1;6;21;7.114421240681877;6;23;-4.353959071197678
TRACK:1005;991;-1;3;2;2;0;4;6;5;3;0;2;17;17;2;22;-3.7779211163043005;12;2;2;4;2;6;1;9;8;0;0;13;22;-7.851338401433037;5;18;5;5;2;12;1;16;22;5.199104079659821;0;6;6;3;5;8;6;1;4;9;3;10;25;6;6;4;5;4;21;-6.391539857448896
TRACK:1006;993;-1;3;2;2;0;4;6;5;3;0;2;9;12;2;22;-3.7836856536941177;12;2;2;4;2;17;0;0;13;22;-8.144151696282082;6;21;1.215866138216619;5;6;4;9;0;6;6;3;5;8;6;1;4;9;3;0;10;24;25;6;6;2;5;1;6;4;1;10;7;-5.794926441997912;4;6;25;4;0;3;1;1;9;11;2;11;16;5;22;-8.054196124901251
TRACK:1007;995;-1;3;2;2;0;4;6;5;3;0;2;9;12;2;22;-3.797813168235735;12;2;2;4;2;17;0;0;13;22;-8.07200301541418;6;13;5;6;4;9;0;6;6;3;5;8;6;1;4;9;1;15;21;-7.524643033022193;25;4;6;5;3;0;2;9;12;2;22;-3.6619197438728945;12
TRACK:1008;997;-1;3;2;2;0;4;6;5;3;0;2;9;12;2;22;-3.620638474944863;12;2;2;4;2;17;0;0;13;22;-8.05895631741799;6;21;1.008443605692925;5;6;4;0;25;25;0;6;6;3;5;8;12;25;6;6;2;5;1;6;4;1;10;7;-5.906198227172339;2;5;3;24;3;1;9;17;4;0;3;1;1;9;11;2;11;18;5;1;6;21;7.183299776326876;6;14
TRACK:1009;999;-1;3;2;2;0;4;6;5;3;0;2;9;17;2;22;-3.810345908977215;12;2;2;4;2;6;1;20;1.560625192537168;12;0;0;13;22;-8.04619834888919;6;21;1.0188474269943055;5;5;2;5;17;24;6;6;0;5;9;6;13;25;6;6;4;5;4;21;-6.288051925197721
EVAL_INSTANCE:50:0:1000
EVAL_INSTANCE:50:1:1001
EVAL_INSTANCE:50:2:1002
EVAL_INSTANCE:50:3:1003
EVAL_INSTANCE:50:4:1004
EVAL_INSTANCE:50:5:1005
EVAL_INSTANCE:50:6:1006
EVAL_INSTANCE:50:7:1007
EVAL_INSTANCE:50:8:1008
EVAL_INSTANCE:50:9:1009
RUN_RESULT:50:0:0:153:UUUURRURDRDDDD
RUN_RESULT:50:1:0:2000:----
RUN_RESULT:50:2:0:274:UUUURRURDRDDDD
RUN_RESULT:50:3:0:172:UUUURRURDRDDDD
RUN_RESULT:50:4:0:300:UUUURRURDRDDDD
RUN_RESULT:50:5:0:2000:----
RUN_RESULT:50:6:0:2000:----
RUN_RESULT:50:7:0:300:UUUURRURDRDDDD
RUN_RESULT:50:8:0:2000:----
RUN_RESULT:50:9:0:234:UUUURRURDRDDDD
    51 |      510 | -3.841800E+03 | -3.849000E+03
TRACK:1010;964;283;3;2;2;0;4;6;5;3;0;2;9;12;2;22;-3.8159166039852828;12;2;2;4;2;17;0;0;13;22;-8.073325880658519;6;21;1.137592882516611;5;6;1;20;1.9268324875549276;12;0;6;6;3;5;8;6;1;4;9;3;0;10;24;25;6;6;2;5;1;6;4;1;10;7;-5.913030722142099;2;5;3;24;3;1;9;17;4;0;3;1;1;9;11;2;11;18;5;1;6;21;7.154447609093558;6;23;-4.519632417191083
TRACK:1011;964;283;3;2;2;0;4;6;5;3;0;2;9;17;2;22;-3.7584965299871604;12;2;2;4;2;6;1;20;1.9268324875549276;12;7;-5.913030722142099;5;6;4;9;0;6;6;3;5;8;6;1;4;9;3;10;25;6;6;4;5;4;21;-6.344808103984305
TRACK:1012;848;980;3;2;2;0;4;6;5;3;0;2;9;17;2;22;-3.8259030561983507;12;2;2;4;2;6;1;20;1.6619559846101999;12;0;0;11;22;-8.049768830461831;6;21;1.0412755781314953;5;5;2;5;17;5;17;6;6;4;5;4;21;-6.077092464338748;25;6;6;4;5;4;21;-6.3824430909588905
TRACK:1013;848;980;3;2;2;0;4;6;5;3;0;2;9;12;2;22;-3.7531138517148293;12;2;2;4;2;17;0;4;21;-6.3824430909588905;6;21;-6.329970134321318;5;6;4;9;0;6;6;3;5;8;6;1;4;9;1;15;21;-7.589377220513085;25;6;6;2;5;1;6;4;1;10;7;-5.868575567838591;2;5;3;24;3;1;9;17;4;0;3;1;1;9;11;2;11;18;5;1;6;21;7.3257366635168;6;23;-4.321019117643381
TRACK:1014;987;987;3;2;2;0;4;6;5;3;0;2;9;12;2;22;-3.654328111456901;12;2;2;4;2;17;0;0;13;22;-8.137887813609773;6;21;1.2310599133295943;5;6;4;9;0;6;6;3;5;8;6;1;4;9;3;0;10;24;25;6;6;2;5;1;6;4;1;10;7;-5.8390090496620095;4;6;25;4;0;3;1;1;9;11;2;11;15;1;4;9;3;0;10;24
TRACK:1015;987;987;3;2;2;0;4;6;5;3;0;2;9;12;2;22;-3.654328111456901;12;2;2;4;2;17;0;0;13;22;-8.137887813609773;6;21;1.2310599133295943;5;6;4;9;0;6;6;4;9;6;1;4;9;3;0;10;24;25;6;6;2;5;1;6;4;1;10;7;-5.8390090496620095;4;6;25;4;0;3;1;1;9;11;2;11;15;5;1;6;21;7.121438066313386;6;23;-4.486200110799951
TRACK:1016;848;1000;3;2;2;0;4;6;5;3;0;2;9;17;2;22;-3.8259030561983507;12;2;2;4;2;22;-3.8327517335115235;12;5;5;2;5;17;5;17;6;6;4;5;4;21;-6.077092464338748;25;6;6;4;5;4;21;-6.3824430909588905
TRACK:1017;848;1000;3;2;2;0;4;6;5;3;0;2;9;12;2;22;-3.8327517335115235;12;2;2;4;2;17;0;0;13;22;-8.192435091765343;6;21;1.1385581081923875;5;6;4;9;0;6;6;3;5;8;6;1;4;9;3;0;10;24;25;6;6;2;5;1;6;4;1;10;7;-5.8855152995259035;2;5;3;24;5;4;21;-6.077092464338748;4;0;4;5;3;17;5;1;6;21;7.072284629598617;6;23;-4.393240131753414
TRACK:1018;884;980;3;2;2;0;4;6;5;3;0;2;9;12;2;22;-3.7073738432385936;12;2;2;4;2;17;0;0;13;22;-7.983813870375975;6;21;0.9604489114042996;5;6;4;9;0;6;6;3;5;8;6;1;4;9;3;10;25;6;6;2;5;1;6;4;1;10;7;-5.772107013080586;2;5;3;24;3;1;9;17;4;0;3;1;1;9;11;2;11;21;-7.589377220513085;5;4;6;25
TRACK:1019;884;980;3;22;-7.983813870375975
TRACK:1020;964;-1;3;2;2;0;4;6;5;3;0;2;9;12;2;22;-3.956350709374069;12;2;2;4;2;17;0;0;13;22;-8.01927017720834;6;21;1.200732657609986;5;6;4;9;0;6;6;3;5;11;6;1;4;9;3;0;10;24;25;6;6;2;5;1;6;4;1;10;7;-6.0496042924490245;2;5;3;24;3;1;9;17;4;0;3;1;1;9;11;2;11;18;5;1;6;21;7.061838449212397;6;23;-4.459830824174657
TRACK:1021;1012;-1;3;2;2;0;4;6;5;3;0;2;9;17;2;22;-3.7472350084275607;12;2;2;4;2;6;1;20;1.4323644282349026;12;0;0;11;22;-8.032753001617973;6;21;1.0451929718812767;5;5;2;5;17;5;17;6;0;3;10;0;16;17;25;6;6;4;5;4;21;-6.447198475133099
TRACK:1022;1014;-1;3;2;2;0;4;6;5;3;0;2;9;12;2;22;-3.6417756301761797;12;2;2;4;2;17;0;0;13;22;-7.900335917778406;6;21;1.277158925678675;5;6;4;9;0;6;6;3;5;8;6;1;4;9;3;0;10;24;25;6;4;5;5;5;6;5;3;22;2.2701682118623996
TRACK:1023;1016;-1;3;2;2;0;4;6;5;3;0;2;9;17;2;22;-3.7815277074496545;12;2;2;4;2;22;-3.90083164988608;12;2;1;4;12;3;17;6;1;19;20;1.480056017611215;6;6;4;5;4;21;-6.001551520596824;25;6;6;4;5;4;21;-6.372886333345222
TRACK:1024;1018;-1;3;2;2;0;4;6;5;3;0;2;9;12;2;22;-3.8402687537665243;12;2;2;4;2;17;0;0;13;22;-8.064189497546332;6;21;0.8763006526235743;5;6;4;9;0;6;6;3;5;8;6;1;4;9;3;10;25;6;6;2;5;1;6;4;1;10;7;-5.721623189390263;2;6;23;5.48537280054064;3;1;9;17;4;0;3;1;1;9;11;2;11;21;-7.440758636959254;5;4;6;25
TRACK:1025;283;-1;3;2;2;0;4;6;5;3;0;2;9;17;2;22;-3.87136029796097;12;2;2;4;2;6;4;19;0;0;13;22;-7.992653446569535;2;9;17;5;6;4;9;0;6;6;3;5;8;6;1;4;9;3;10;25;6;6;4;5;4;21;-6.355446080062864
TRACK:1026;1013;-1;3;2;2;0;4;6;5;3;0;2;9;12;0;13;25;2;2;4;2;17;0;4;21;-6.335384111186166;6;21;-6.3650108273539;5;6;4;9;0;6;6;3;5;8;6;1;4;9;1;15;21;-7.609973357171417;25;6;6;2;5;1;6;4;1;10;7;-5.79664002744188;2;5;3;24;3;1;9;17;4;0;3;1;1;9;11;2;11;18;5;1;6;21;7.5789699011082385;6;23;-4.398838050634332
TRACK:1027;1015;-1;3;2;2;0;4;6;5;3;0;3;18;2;22;-3.683545396155871;12;2;2;4;2;17;0;0;13;22;-8.19376837913161;6;21;1.2196172291174316;5;6;4;9;0;6;6;4;9;6;1;4;9;3;0;10;24;25;6;6;2;5;1;6;4;1;10;7;-5.845367749705673;4;6;25;4;0;3;1;1;9;11;2;11;15;5;1;6;21;7.131170018742705;6;23;-4.4669231132506875
TRACK:1028;1017;-1;3;2;2;0;4;6;5;3;0;2;9;12;2;22;-3.584652050455959;12;2;2;4;2;17;0;0;13;22;-8.248181761955365;6;21;1.0823806576393673;5;6;4;9;0;6;6;3;5;8;6;1;4;9;3;0;10;24;25;6;6;2;5;1;6;4;1;10;23;-4.101212129562852;2;5;3;24;5;4;21;-6.09132733289795;4;0;4;5;3;17;5;1;6;21;7.214686793959125;6;23;-4.32485243781569
TRACK:1029;1019;-1;6;3;2;6;6;1;4;6;2;18;19;1;1;1;7;5.806559570592276;19;5;16;5;0;10;8;2;5;2;2;3;3;16;5;5;22;1.1054800689976556;4;4;1;24;9;6;4;6;2;0;18;21;-5.321113970610591;4;8
EVAL_INSTANCE:51:0:1020
EVAL_INSTANCE:51:1:1021
EVAL_INSTANCE:51:2:1022
EVAL_INSTANCE:51:3:1023
EVAL_INSTANCE:51:4:1024
EVAL_INSTANCE:51:5:1025
EVAL_INSTANCE:51:6:1026
EVAL_INSTANCE:51:7:1027
EVAL_INSTANCE:51:8:1028
EVAL_INSTANCE:51:9:1029
RUN_RESULT:51:0:0:283:UUUURRURDRDDDD
RUN_RESULT:51:1:0:235:UUUURRURDRDDDD
RUN_RESULT:51:2:0:2000:----
RUN_RESULT:51:3:0:2000:----
RUN_RESULT:51:4:0:153:UUUURRURDRDDDD
RUN_RESULT:51:5:0:171:UUUURRURDRDDDD
RUN_RESULT:51:6:0:313:UUUURRURDRDDDD
RUN_RESULT:51:7:0:2000:----
RUN_RESULT:51:8:0:153:UUUURRURDRDDDD
RUN_RESULT:51:9:0:2000:----
    52 |      520 | -3.845400E+03 | -3.849000E+03
TRACK:1030;848;980;3;2;2;0;4;6;5;3;0;2;9;17;2;22;-3.8259030561983507;12;2;2;4;2;6;1;20;1.6619559846101999;12;0;0;13;22;-8.049768830461831;6;21;7.3257366635168;5;5;2;5;17;5;17;6;6;4;5;4;21;-6.077092464338748;25;6;6;4;5;4;21;-6.3824430909588905
TRACK:1031;848;980;3;2;2;0;4;6;5;3;0;2;9;12;2;22;-3.7531138517148293;12;2;2;4;2;17;0;4;21;-6.3824430909588905;6;21;-6.329970134321318;5;6;4;9;0;6;6;3;5;8;6;1;4;9;1;15;21;-7.589377220513085;25;6;6;2;5;1;6;4;1;10;7;-5.868575567838591;2;5;3;24;3;1;9;17;4;0;3;1;1;9;11;2;11;18;5;1;6;21;7.3257366635168;6;23;-4.321019117643381
TRACK:1032;946;884;3;2;2;0;4;6;5;3;0;2;9;12;2;22;-3.672297589543987;12;2;2;4;2;17;0;0;13;22;-8.164173422715923;6;21;1.0120117082705096;5;6;4;9;0;6;6;3;5;8;6;1;4;9;3;10;25;6;6;2;5;1;6;4;1;10;18;2;5;3;24;3;1;9;17;4;0;3;1;1;9;11;2;11;18;5;1;6;21;7.226591157313088;6;14
TRACK:1033;946;884;3;2;2;0;4;6;5;3;0;2;9;12;2;22;-3.7073738432385936;12;2;2;4;2;17;0;0;13;22;-7.983813870375975;6;21;0.9604489114042996;5;6;4;9;0;6;6;3;5;8;6;1;4;9;3;10;25;6;6;2;5;1;6;4;1;10;7;-5.772107013080586;2;5;3;24;3;21;1.0120117082705096;4;0;3;1;1;9;11;2;11;18;5;4;6;25
TRACK:1034;987;884;3;2;2;0;4;6;5;3;0;2;9;12;2;22;-3.654328111456901;12;2;2;4;2;17;0;0;13;22;-8.137887813609773;6;21;1.2310599133295943;5;6;4;9;0;6;6;3;5;8;6;1;4;9;3;0;10;24;25;6;6;2;5;1;6;4;1;10;7;-5.8390090496620095;4;6;25;4;0;3;22;-3.7073738432385936;5;1;6;21;7.121438066313386;6;23;-4.486200110799951
TRACK:1035;987;884;3;2;2;0;4;6;5;3;0;2;9;12;2;22;-3.7073738432385936;12;2;2;4;2;17;0;0;13;22;-7.983813870375975;6;21;0.9604489114042996;5;6;4;9;0;6;6;3;5;8;6;1;4;9;3;10;25;6;6;2;5;1;9;2;5;3;24;3;1;9;17;4;0;3;1;1;9;11;2;11;18;5;4;6;25
TRACK:1036;987;980;3;2;2;0;4;6;5;3;0;2;9;12;2;22;-3.654328111456901;12;2;2;4;2;17;0;0;13;22;-8.137887813609773;6;21;1.2310599133295943;5;6;4;9;0;6;6;3;5;8;6;1;4;9;3;0;10;24;25;6;6;2;5;1;23;-4.321019117643381;4;6;25;4;0;3;1;1;9;11;2;11;15;5;1;6;21;7.121438066313386;6;23;-4.486200110799951
TRACK:1037;987;980;3;2;2;0;4;6;5;3;0;2;9;12;2;22;-3.7531138517148293;12;2;2;4;2;17;0;0;13;22;-7.984917870797569;6;21;-6.329970134321318;5;1;4;9;3;0;10;24;0;6;6;3;5;8;6;1;4;9;1;15;21;-7.589377220513085;25;6;6;2;5;1;6;4;1;10;7;-5.868575567838591;2;5;3;24;3;1;9;17;4;0;3;1;1;9;11;2;11;18;5;1;6;21;7.3257366635168;6;23;-4.321019117643381
TRACK:1038;848;1028;3;2;2;0;4;6;5;3;0;2;9;17;2;22;-3.8259030561983507;12;2;2;4;2;6;1;20;1.6619559846101999;12;0;0;13;22;-8.049768830461831;6;21;1.0412755781314953;5;5;2;5;17;5;17;6;6;4;5;4;21;-6.077092464338748;25;6;6;4;4;1;10;23;-4.101212129562852
TRACK:1039;848;1028;3;2;2;0;4;6;5;3;0;2;9;12;13;2;2;4;2;17;0;0;13;22;-8.248181761955365;6;21;1.0823806576393673;5;6;4;9;0;6;6;3;5;8;6;1;4;9;3;0;10;24;25;6;6;2;5;1;6;4;1;10;23;-4.101212129562852;2;5;3;24;5;4;21;-6.09132733289795;4;0;4;5;3;17;5;1;6;21;7.214686793959125;6;23;-4.32485243781569
TRACK:1040;848;-1;3;2;2;0;4;6;5;3;0;2;9;17;2;22;-3.7075409298560658;12;2;2;4;2;6;1;20;1.584688877634311;12;0;0;13;22;-7.990850501726722;6;21;1.0314484301665638;5;5;2;5;17;5;7;-1.549117219572656;6;6;4;5;4;21;-6.129840203818096;25;6;6;4;5;4;21;-6.4736038388565005
TRACK:1041;1032;-1;3;2;2;0;4;6;5;3;0;2;9;12;2;22;-3.7674658650924124;12;2;2;4;2;17;0;0;13;22;-8.255553705270698;6;21;1.0183992693202328;5;6;4;9;0;6;6;3;5;8;6;1;4;9;3;10;25;6;6;2;5;1;6;4;1;10;18;2;5;3;24;3;1;9;17;4;0;3;1;1;9;11;2;11;18;5;0;5;8;4;16
TRACK:1042;1034;-1;3;2;2;0;4;6;5;3;0;2;9;12;2;22;-3.6404057675839727;12;2;2;4;2;17;0;0;13;22;-8.198910555452361;6;21;1.2330967476831214;5;6;4;9;0;6;6;3;5;8;6;1;4;9;3;0;13;24;25;6;6;2;5;1;6;4;1;10;7;-5.6838698389910105;4;6;25;4;0;3;22;-3.717879649213943;5;1;6;21;7.1810109464976035;6;23;-4.285318803257629
TRACK:1043;1036;-1;3;2;2;0;4;6;5;3;0;2;9;12;2;22;-3.593040845745982;12;2;2;4;2;17;0;0;13;22;-8.121524060141423;6;21;1.297354049570347;5;6;4;9;0;6;6;3;5;8;6;1;2;9;16;4;22;-9.40893948859311;25;6;6;2;5;1;23;-4.288414187732579;4;6;25;4;0;3;1;1;9;11;2;11;15;5;1;6;21;7.259668493350802;6;23;-4.350439132874864
TRACK:1044;1038;-1;3;2;2;0;4;6;5;3;0;2;9;17;2;22;-3.789299902403524;12;2;2;4;2;6;1;20;1.6436040891952477;11;0;0;13;22;-7.992327072127105;6;21;0.9703001569227133;5;5;2;5;17;5;17;6;6;4;5;4;21;-6.072832898357783;25;6;6;4;4;1;10;23;-4.025611579085245
TRACK:1045;980;-1;3;2;2;0;4;6;5;3;0;2;9;12;2;20;8.840086178405272;17;2;2;4;2;17;0;0;13;22;-8.043507500064441;6;21;-6.354357619749655;5;6;4;9;0;6;6;3;5;8;6;1;4;9;1;15;21;-7.517480401437664;25;6;6;2;5;1;6;4;1;10;7;-5.845847995807888;2;5;3;24;3;1;9;17;4;0;3;1;1;9;11;2;11;18;5;1;6;21;7.142881246655616;6;23;-4.3868117281132255
TRACK:1046;1033;-1;3;2;2;0;4;6;5;3;0;2;9;12;2;22;-3.801291029144267;12;2;2;4;2;17;0;0;13;22;-7.908213535251242;6;21;1.0504827048032355;5;6;4;3;10;0;6;6;3;5;8;6;1;4;9;3;10;25;6;6;2;5;1;6;4;1;10;7;-6.0093947330281186;2;5;3;24;3;21;0.8776272595466778;4;0;3;1;1;9;11;2;11;18;5;4;6;25
TRACK:1047;1035;-1;3;2;2;0;4;6;5;3;0;2;9;12;2;22;-3.657853809175643;12;2;2;4;2;17;0;0;13;22;-8.03488207364063;6;21;0.886064164734996;5;6;4;9;0;6;6;3;5;8;6;1;4;9;3;10;3;6;2;2;6;0;6;7;2.844566534964727;4;25;5;2;1;9;22;2.105933571331253;3;12;1;3;2;5;21;7.839680587685542;2;16;7;-2.6669917476501004;1;5;1;23;-3.813125645619828;14;5;6;7;8.601132118265646;6;6;2;5;1;9;2;5;3;24;3;1;9;17;4;0;3;1;1;9;11;2;11;18;5;4;6;25
TRACK:1048;1037;-1;3;2;2;0;4;6;5;3;0;2;9;12;2;22;-3.8182046404307384;12;2;2;4;2;17;0;0;13;22;-8.10899035205362;6;21;-6.281435514690161;5;1;4;9;3;0;10;24;0;6;6;3;5;8;6;1;4;9;1;15;21;-7.626252885223045;25;6;6;2;5;1;6;4;1;10;7;-5.785622594206407;2;5;3;24;3;1;9;17;2;5;16;6;12
TRACK:1049;1039;-1;3;2;2;0;4;6;5;3;0;2;9;12;13;2;2;4;2;17;0;0;13;22;-8.018998135253073;6;21;1.0030010235716738;5;6;4;9;0;6;6;3;5;8;6;1;4;9;3;0;9;7;-1.2869677663243912;25;6;6;2;5;1;6;4;1;10;23;-3.8827535648005758;2;5;3;24;5;4;21;-6.159062783997346;4;0;4;5;3;17;5;1;6;21;7.263436467372679;6;23;-4.268481760715258
EVAL_INSTANCE:52:0:1040
EVAL_INSTANCE:52:1:1041
EVAL_INSTANCE:52:2:1042
EVAL_INSTANCE:52:3:1043
EVAL_INSTANCE:52:4:1044
EVAL_INSTANCE:52:5:1045
EVAL_INSTANCE:52:6:1046
EVAL_INSTANCE:52:7:1047
EVAL_INSTANCE:52:8:1048
EVAL_INSTANCE:52:9:1049
RUN_RESULT:52:0:0:2000:----
RUN_RESULT:52:1:0:153:UUUURRURDRDDDD
RUN_RESULT:52:2:0:228:UUUURRURDRDLDDDR
RUN_RESULT:52:3:0:2000:----
RUN_RESULT:52:4:0:224:UUUURRURDRDDDD
RUN_RESULT:52:5:0:272:UUUURRURDRDDDD
RUN_RESULT:52:6:0:163:UUUURRURDRDDDD
RUN_RESULT:52:7:0:2000:----
RUN_RESULT:52:8:0:153:UUUURRURDRDDDD
RUN_RESULT:52:9:0:284:UUUURRURDRDDDD
    53 |      530 | -3.847200E+03 | -3.849000E+03
TRACK:1050;848;884;3;2;2;0;4;6;5;3;0;9;2;22;-3.8259030561983507;12;2;2;4;2;6;1;20;1.6619559846101999;12;0;0;13;22;-8.049768830461831;6;21;1.0412755781314953;5;5;2;5;17;5;17;6;6;4;5;4;21;-6.077092464338748;25;6;6;4;5;4;21;-6.3824430909588905
TRACK:1051;848;884;3;2;2;0;4;6;5;5;17;2;2;4;2;17;0;0;13;22;-7.983813870375975;6;21;0.9604489114042996;5;6;4;9;0;6;6;3;5;8;6;1;4;9;3;10;25;6;6;2;5;1;6;4;1;10;7;-5.772107013080586;2;5;3;24;3;1;9;17;4;0;3;1;1;9;11;2;11;18;5;4;6;25
TRACK:1052;1028;1041;3;2;2;0;4;6;5;3;0;2;9;12;2;22;-3.584652050455959;12;2;2;4;2;17;0;0;13;22;-8.248181761955365;6;21;1.0823806576393673;5;6;4;9;0;6;6;3;9;6;1;4;9;3;0;10;24;25;6;6;2;5;1;6;4;1;10;23;-4.101212129562852;2;5;3;24;5;4;21;-6.09132733289795;4;0;4;5;3;17;5;1;6;21;7.214686793959125;6;23;-4.32485243781569
TRACK:1053;1028;1041;3;2;2;0;4;6;5;3;0;2;9;12;2;22;-3.7674658650924124;12;2;2;4;2;17;0;0;13;22;-8.255553705270698;6;21;1.0183992693202328;5;6;4;9;0;6;6;3;5;8;6;1;4;9;3;10;25;6;6;2;5;1;6;4;1;10;18;2;5;3;24;3;1;9;17;4;0;3;1;1;9;11;2;11;18;5;0;5;10;4;16
TRACK:1054;946;848;3;2;2;0;4;6;5;3;0;2;9;12;2;22;-3.672297589543987;12;2;2;4;2;17;0;0;13;22;-8.164173422715923;6;21;1.0120117082705096;5;6;4;9;0;6;6;3;5;8;6;1;4;4;21;-6.3824430909588905;3;10;25;6;6;2;5;1;6;4;1;10;7;-5.930421444424611;2;5;3;24;3;1;9;17;4;0;3;1;1;9;11;2;11;18;5;1;6;21;7.226591157313088;6;14
TRACK:1055;946;848;3;2;2;0;4;6;5;3;0;2;9;17;2;22;-3.8259030561983507;12;2;2;4;2;6;1;20;1.6619559846101999;12;0;0;13;22;-8.049768830461831;6;21;1.0412755781314953;5;5;2;5;25;5;17;6;6;4;5;4;21;-6.077092464338748;25;6;6;4;5;4;21;-6.3824430909588905
TRACK:1056;946;884;3;2;2;0;4;6;5;3;0;2;9;12;2;22;-3.672297589543987;12;2;2;4;2;17;0;0;13;22;-8.164173422715923;6;21;1.0120117082705096;5;6;4;9;0;6;6;3;5;8;6;1;4;9;3;10;25;6;6;2;5;1;6;4;1;10;7;-5.930421444424611;2;5;3;24;3;1;9;11;4;0;3;1;1;9;11;2;11;18;5;1;6;21;7.226591157313088;6;14
TRACK:1057;946;884;3;2;2;0;4;6;5;3;0;2;9;12;2;22;-3.7073738432385936;12;2;2;4;2;17;0;0;13;22;-7.983813870375975;6;21;0.9604489114042996;5;6;4;9;0;6;6;3;5;8;6;9;25;6;6;2;5;1;6;4;1;10;7;-5.772107013080586;2;5;3;24;3;1;9;17;4;0;3;1;1;9;11;2;11;18;5;4;6;25
TRACK:1058;1000;1041;3;2;2;0;4;6;5;3;0;2;9;12;2;22;-3.8327517335115235;12;2;2;4;2;17;0;0;13;22;-8.192435091765343;6;21;1.1385581081923875;5;6;4;9;0;6;6;3;5;8;6;1;4;9;3;0;13;24;25;6;6;2;5;1;6;4;1;10;7;-5.8855152995259035;2;5;3;24;3;1;9;17;4;0;4;5;3;17;5;1;6;21;7.072284629598617;6;23;-4.393240131753414
TRACK:1059;1000;1041;3;2;2;0;4;6;5;3;0;2;9;12;2;25;12;2;2;4;2;17;0;0;13;22;-8.255553705270698;6;21;1.0183992693202328;5;6;4;9;0;6;6;3;5;8;6;1;4;9;3;10;25;6;6;2;5;1;6;4;1;10;18;2;5;3;24;3;1;9;17;4;0;3;1;1;9;11;2;11;18;5;0;5;8;4;16
TRACK:1060;848;-1;3;2;2;0;4;6;5;6;1;21;1.9904223725106274;15;2;2;4;2;6;1;20;1.5890403326382336;12;0;0;13;22;-8.025963730869314;6;21;1.1700619784553108;5;5;2;5;17;5;17;6;6;4;5;4;21;-6.28223605727801;25;6;6;4;5;4;21;-6.279576731460418
TRACK:1061;1052;-1;3;2;2;0;4;6;5;3;0;2;9;12;2;22;-3.539893601583379;12;2;2;4;2;17;0;0;13;22;-8.302276138457074;6;21;1.0478917885527592;5;6;4;2;23;8.743015425181508;21;-5.59953383918735;0;6;6;3;9;6;1;4;9;3;0;10;24;25;6;6;2;5;1;6;4;1;10;23;-3.743826427650125;2;5;3;24;5;4;21;-5.978277756631072;4;0;4;5;3;17;5;1;6;21;7.373034529970289;6;23;-4.274493121521095
TRACK:1062;1054;-1;3;2;2;0;4;6;5;3;0;3;22;5.639077031744474;2;22;-3.5511838609775586;12;2;2;4;2;17;0;0;13;22;-8.347755829954362;6;21;1.169741519101439;5;6;4;9;0;6;6;3;5;8;6;1;4;4;21;-6.34038519207862;3;10;25;6;6;2;5;1;6;4;1;10;7;-5.887848782557929;2;5;3;24;3;1;9;17;4;0;3;1;1;9;11;2;11;18;5;1;6;21;7.200120026853802;6;14
TRACK:1063;1056;-1;3;2;2;0;4;6;5;3;0;2;9;12;2;22;-3.472350819039858;12;2;2;4;2;17;0;0;13;22;-8.079274113831335;6;21;0.9589707431682069;5;6;4;9;0;6;6;3;5;8;6;1;4;9;3;10;25;6;6;2;5;1;6;4;1;10;7;-5.982186014219356;2;5;3;24;3;5;24;4;0;3;1;1;9;11;2;11;18;5;1;6;21;7.285514954769812;6;14
TRACK:1064;1058;-1;3;2;2;0;4;6;5;3;0;2;9;12;2;22;-3.843807105982656;12;2;2;4;2;17;0;0;13;22;-8.216148704904397;6;21;1.0817229983451688;5;6;4;9;0;6;6;3;5;8;6;1;4;3;12;3;0;13;24;25;6;6;2;5;1;6;4;1;10;7;-5.914819563808392;2;5;3;24;3;1;9;17;4;0;4;5;3;17;5;1;6;21;7.12100979006198;6;23;-4.2516483374668885
TRACK:1065;884;-1;3;2;2;0;4;6;5;3;0;2;14;12;2;22;-3.634543226177896;12;2;2;4;2;17;0;0;13;22;-8.150699187141567;6;21;1.0508723774215543;5;6;4;9;0;6;6;3;5;8;6;1;4;9;3;10;25;6;6;2;5;1;6;4;1;10;7;-5.844768974364913;2;5;3;24;3;1;9;17;4;0;3;1;1;9;11;2;11;18;5;4;6;25
TRACK:1066;1053;-1;3;2;2;0;4;6;5;3;0;2;9;12;2;22;-3.6685624347920527;12;2;2;4;2;17;0;0;13;22;-8.257913843169161;6;21;1.0680738580939066;5;6;4;9;0;6;6;3;5;8;6;1;4;9;3;10;25;6;6;2;5;1;6;4;1;10;18;2;5;3;24;3;1;9;17;4;6;2;23;-0.0019757074100148486;15
TRACK:1067;1055;-1;3;2;2;0;4;6;5;3;0;2;9;17;2;22;-3.8456588135137695;16;2;2;4;2;6;1;20;1.6286244522086146;12;0;0;13;22;-8.109835186416786;6;21;1.0769725950945201;5;5;2;5;25;5;17;6;6;4;5;4;21;-6.0548645405466806;25;6;6;4;5;4;21;-6.43083899020621
TRACK:1068;1057;-1;3;2;2;0;4;0;15;17;2;2;4;2;17;0;0;13;22;-7.946195468179033;6;21;1.0743070808299586;5;6;4;9;0;6;6;3;5;8;6;9;25;6;6;2;5;1;6;4;1;10;7;-5.758438595855866;2;5;3;24;3;1;9;17;4;0;3;1;1;9;11;2;11;18;5;4;6;25
TRACK:1069;1059;-1;3;2;2;0;4;6;5;3;0;2;9;12;2;25;12;2;2;2;25;17;5;6;4;9;0;6;6;3;5;8;6;1;4;9;3;10;25;6;6;2;5;1;6;4;1;10;18;2;5;3;24;3;1;9;17;4;0;3;1;1;9;11;2;11;18;5;0;5;8;4;16
EVAL_INSTANCE:53:0:1060
EVAL_INSTANCE:53:1:1061
EVAL_INSTANCE:53:2:1062
EVAL_INSTANCE:53:3:1063
EVAL_INSTANCE:53:4:1064
EVAL_INSTANCE:53:5:1065
EVAL_INSTANCE:53:6:1066
EVAL_INSTANCE:53:7:1067
EVAL_INSTANCE:53:8:1068
EVAL_INSTANCE:53:9:1069
RUN_RESULT:53:0:0:269:UUUURRURDRDDDD
RUN_RESULT:53:1:0:2000:----
RUN_RESULT:53:2:0:2000:----
RUN_RESULT:53:3:0:153:UUUURRURDRDDDD
RUN_RESULT:53:4:0:153:UUUURRURDRDDDD
RUN_RESULT:53:5:0:2000:----
RUN_RESULT:53:6:0:153:UUUURRURDRDDDD
RUN_RESULT:53:7:0:154:UUUURRURDRDDDD
RUN_RESULT:53:8:0:2000:----
RUN_RESULT:53:9:0:312:UUUURRURDRDDDD
    54 |      540 | -3.847200E+03 | -3.849000E+03
TRACK:1070;1028;964;3;2;2;0;4;6;5;3;0;2;9;12;9;2;2;4;2;17;0;0;13;22;-8.248181761955365;6;21;1.0823806576393673;5;6;4;9;0;6;6;3;5;8;6;1;4;9;3;0;10;24;25;6;6;2;5;1;6;4;1;10;23;-4.101212129562852;2;5;3;24;5;4;21;-6.09132733289795;4;0;4;5;3;17;5;1;6;21;7.214686793959125;6;23;-4.32485243781569
TRACK:1071;1028;964;3;2;2;0;4;6;5;3;0;2;9;12;2;22;-3.8159166039852828;12;2;2;4;2;6;23;-4.32485243781569;0;0;13;22;-8.073325880658519;6;21;1.137592882516611;5;6;4;9;0;6;6;3;5;8;6;1;4;9;3;0;10;24;25;6;6;2;5;1;6;4;1;10;7;-5.913030722142099;2;5;3;24;3;1;9;17;4;0;3;1;1;9;11;2;11;18;5;1;6;21;7.154447609093558;6;23;-4.519632417191083
TRACK:1072;848;946;3;2;2;0;4;6;5;3;0;2;25;17;2;22;-3.8259030561983507;12;2;2;4;2;6;1;20;1.6619559846101999;12;0;0;13;22;-8.049768830461831;6;21;1.0412755781314953;5;5;2;5;17;5;17;6;6;4;5;4;21;-6.077092464338748;25;6;6;4;5;4;21;-6.3824430909588905
TRACK:1073;848;946;3;2;2;0;4;6;5;3;0;2;9;12;2;22;-3.672297589543987;12;2;2;4;2;17;0;0;13;22;-8.164173422715923;6;21;1.0120117082705096;5;6;4;9;0;6;6;3;5;8;6;1;4;9;3;10;25;6;6;2;5;1;6;4;1;10;7;-5.930421444424611;2;5;3;24;3;1;9;17;4;0;3;1;13;2;11;18;5;1;6;21;7.226591157313088;6;14
TRACK:1074;980;848;3;2;2;0;4;6;5;3;0;2;9;12;2;22;-3.7531138517148293;12;2;2;4;2;17;0;0;13;22;-7.984917870797569;6;21;-6.329970134321318;5;6;4;9;0;6;6;3;5;8;6;1;4;9;1;15;21;-7.589377220513085;25;6;6;2;5;1;6;4;1;10;7;-5.868575567838591;2;5;25;3;1;9;17;4;0;3;1;1;9;11;2;11;18;5;1;6;21;7.3257366635168;6;23;-4.321019117643381
TRACK:1075;980;848;3;2;2;0;4;21;7.3257366635168;2;2;4;2;6;1;20;1.6619559846101999;12;0;0;13;22;-8.049768830461831;6;21;1.0412755781314953;5;5;2;5;17;5;17;6;6;4;5;4;21;-6.077092464338748;25;6;6;4;5;4;21;-6.3824430909588905
TRACK:1076;1041;987;3;2;2;0;4;6;5;3;0;2;9;12;2;22;-3.7674658650924124;12;2;2;4;2;17;0;0;13;22;-8.255553705270698;6;21;1.0183992693202328;5;6;4;9;0;6;6;3;5;8;6;1;4;9;3;10;25;6;6;6;21;1.2310599133295943
TRACK:1077;1041;987;3;2;2;0;4;6;5;3;0;2;9;12;2;22;-3.654328111456901;12;2;2;4;2;17;0;0;13;22;-8.137887813609773;6;21;1.2310599133295943;5;6;4;9;0;6;6;3;5;8;6;1;4;9;3;0;18;24;25;6;6;2;5;1;6;4;1;10;7;-5.8390090496620095;4;6;25;4;0;3;1;1;9;11;2;11;15;5;1;6;21;7.121438066313386;6;23;-4.486200110799951
TRACK:1078;964;946;3;2;2;0;4;6;5;3;0;2;9;12;2;22;-3.8159166039852828;12;2;2;4;2;17;0;0;13;22;-8.073325880658519;6;21;1.137592882516611;5;6;4;9;0;6;6;3;5;8;6;1;4;9;3;0;10;24;25;6;6;2;5;1;6;4;1;10;7;-5.913030722142099;2;5;3;24;3;1;9;17;4;0;6;4;9;5;1;6;21;7.154447609093558;6;23;-4.519632417191083
TRACK:1079;964;946;3;2;2;0;4;6;5;3;0;2;9;12;2;22;-3.672297589543987;12;2;2;4;2;17;0;0;13;22;-8.164173422715923;6;21;1.0120117082705096;5;6;4;9;0;6;6;3;5;8;6;1;4;9;3;10;25;6;6;2;5;1;6;4;1;10;7;-5.930421444424611;2;5;3;11;3;1;9;17;4;0;3;1;1;9;11;2;11;18;5;1;6;21;7.226591157313088;6;14
TRACK:1080;1070;-1;3;2;2;0;4;6;5;3;0;2;9;12;9;2;2;4;2;17;0;0;25;22;-8.189987683179503;6;21;1.1084984780253495;5;6;4;9;0;6;6;3;5;8;6;1;4;9;3;0;10;24;25;6;6;2;5;1;6;4;1;10;23;-4.191910804970044;2;5;3;24;5;4;21;-6.063396175682568;4;0;4;5;3;17;5;1;6;21;7.136701815108067;6;23;-4.301559351201864
TRACK:1081;1072;-1;3;2;2;0;4;6;5;3;0;2;19;17;2;22;-3.8432381600768006;12;2;2;4;2;6;1;20;1.6676604830721165;12;0;0;13;22;-7.884607303038035;6;21;1.0168754976567995;5;5;2;5;17;5;17;6;6;4;5;4;21;-6.052792064045189;25;6;6;4;5;4;21;-6.546606569100304
TRACK:1082;1074;-1;3;2;2;0;4;6;5;3;0;2;9;12;2;22;-3.8634867737668013;12;2;2;4;2;17;0;0;13;22;-8.10521453948691;6;21;-6.4552084752972165;5;6;4;9;0;6;6;3;5;8;6;1;4;9;1;15;2;8;11;25;6;6;2;5;1;6;4;1;10;7;-6.0152811111409505;2;5;25;3;1;9;17;4;0;3;1;1;9;11;2;11;18;5;1;6;21;7.461026470695077;6;23;-4.28765898730169
TRACK:1083;1076;-1;3;2;2;0;4;6;5;3;0;2;9;12;2;22;-3.791814473232048;12;2;2;4;2;17;0;0;13;22;-8.286392127111062;6;21;0.9821505767544082;5;6;4;9;0;6;6;3;5;8;6;1;4;9;3;10;25;6;0;5;4;1;11;23;6.291036726540305;0;3;2;22;-9.94209800921463;21;3.1538541492920285;5;1;12;24
TRACK:1084;1078;-1;3;2;2;0;4;6;5;3;0;2;9;12;2;22;-3.714408627998251;12;2;2;4;2;17;0;0;13;22;-8.057465433016022;6;21;1.0951777903240152;5;6;4;9;0;2;1;3;3;25;1;0;9;18;0;15;12;4;3;1;8;8;6;1;4;9;3;0;10;24;25;6;6;2;5;1;6;4;1;10;7;-5.77268166220171;2;5;3;24;3;1;9;17;4;0;6;4;9;5;1;6;21;7.215033434223575;6;23;-4.503602541213119
TRACK:1085;1071;-1;3;2;2;0;4;6;5;3;0;2;9;12;2;22;-3.722538891691144;12;2;2;4;2;6;23;-4.303006267794861;0;0;13;22;-8.095652481859236;6;21;1.1349144813913168;5;6;4;9;0;6;6;3;5;8;3;17;25;6;6;2;5;1;6;4;1;10;7;-5.937764234708894;2;5;3;24;3;1;9;17;4;0;3;1;1;9;11;2;11;18;5;1;6;21;7.2259686458407;6;23;-4.587631241733158
TRACK:1086;1073;-1;3;2;2;0;4;6;5;3;0;2;9;12;2;22;-3.663537681281679;12;2;2;4;2;17;0;0;13;22;-8.116552811132037;6;21;1.0536765168866011;5;6;4;9;0;6;6;3;5;8;6;1;4;9;3;10;25;6;6;2;5;1;4;0;21;-4.039414413155007;15;6;5;19;4;0;3;1;13;2;11;18;5;1;6;21;7.184950847879086;6;14
TRACK:1087;1075;-1;3;2;2;0;4;21;7.310273254367571;2;2;4;2;6;1;20;1.5847959670273475;12;0;0;13;22;-8.125454385997797;6;21;1.1460268670201157;5;5;2;5;17;5;17;6;6;4;5;4;21;-6.035935007834049;25;6;6;6;25
TRACK:1088;1077;-1;3;2;2;0;4;6;5;3;0;2;9;12;1;17;24;2;2;4;2;17;0;0;13;22;-8.146712502874374;6;21;1.263409707153706;5;6;4;9;0;6;6;3;5;8;6;1;4;9;3;0;18;24;25;6;6;2;5;1;6;4;1;10;7;-5.767345715870184;4;6;25;4;0;3;1;1;9;11;2;11;15;5;1;6;21;7.086820903261679;6;23;-4.501121154265643
TRACK:1089;1079;-1;3;2;2;0;4;6;5;3;0;2;9;12;2;22;-3.6281130630438234;12;2;2;4;2;17;0;0;13;22;-8.139302985473117;6;21;0.9466501320641437;5;6;4;9;0;6;6;3;5;8;6;1;4;9;3;10;25;6;6;2;5;1;6;4;1;10;7;-5.977989470709712;2;5;3;11;3;1;9;17;4;0;3;1;1;9;11;2;11;18;5;1;6;21;7.230339489945018;6;20;-0.17123061483694357
EVAL_INSTANCE:54:0:1080
EVAL_INSTANCE:54:1:1081
EVAL_INSTANCE:54:2:1082
EVAL_INSTANCE:54:3:1083
EVAL_INSTANCE:54:4:1084
EVAL_INSTANCE:54:5:1085
EVAL_INSTANCE:54:6:1086
EVAL_INSTANCE:54:7:1087
EVAL_INSTANCE:54:8:1088
EVAL_INSTANCE:54:9:1089
RUN_RESULT:54:0:0:285:UUUURRURDRDDDD
RUN_RESULT:54:1:0:2000:----
RUN_RESULT:54:2:0:153:UUUURRURDRDDDD
RUN_RESULT:54:3:0:2000:----
RUN_RESULT:54:4:0:2000:----
RUN_RESULT:54:5:0:2000:----
RUN_RESULT:54:6:0:153:UUUURRURDRDDDD
RUN_RESULT:54:7:0:2000:----
RUN_RESULT:54:8:0:282:UUUURRURDRDDDD
RUN_RESULT:54:9:0:153:UUUURRURDRDDDD
    55 |      550 | -3.847200E+03 | -3.849000E+03
TRACK:1090;848;1028;3;2;2;0;4;6;5;3;0;2;9;17;2;22;-3.8259030561983507;12;2;2;4;2;6;1;20;1.6619559846101999;12;0;0;13;22;-8.049768830461831;6;21;1.0412755781314953;5;5;2;5;17;5;13;6;6;4;5;4;21;-6.077092464338748;25;6;6;4;5;4;21;-6.3824430909588905
TRACK:1091;848;1028;3;2;2;0;4;6;5;3;0;2;9;12;2;22;-3.584652050455959;12;2;2;4;2;17;0;0;13;22;-8.248181761955365;6;21;1.0823806576393673;5;6;4;9;0;6;6;3;5;8;6;1;4;9;3;0;10;24;25;6;6;2;5;1;6;4;1;10;23;-4.101212129562852;2;5;3;24;5;4;21;1.0412755781314953;4;0;4;5;3;17;5;1;6;21;7.214686793959125;6;23;-4.32485243781569
TRACK:1092;1024;964;3;2;2;0;4;6;5;3;0;2;9;12;2;22;-3.8402687537665243;12;2;2;4;2;17;0;0;13;22;-8.064189497546332;6;21;0.8763006526235743;5;6;4;9;0;6;6;3;5;8;6;1;4;9;3;22;-8.073325880658519;25;6;6;2;5;1;6;4;1;10;7;-5.721623189390263;2;6;23;5.48537280054064;3;1;9;17;4;0;3;1;1;9;11;2;11;21;-7.440758636959254;5;4;6;25
TRACK:1093;1024;964;3;2;2;0;4;6;5;3;0;2;9;12;2;22;-3.8159166039852828;12;2;2;4;2;17;0;0;13;22;-8.073325880658519;6;21;1.137592882516611;5;6;4;9;0;6;6;3;5;8;9;25;6;6;2;5;1;6;4;1;10;7;-5.913030722142099;2;5;3;24;3;1;9;17;4;0;3;1;1;9;11;2;11;18;5;1;6;21;7.154447609093558;6;23;-4.519632417191083
TRACK:1094;884;884;3;2;2;0;4;6;5;3;0;2;9;12;2;22;-3.7073738432385936;12;2;2;4;2;17;0;0;13;22;-7.983813870375975;6;21;0.9604489114042996;5;6;4;9;0;6;6;3;5;8;6;1;4;9;3;10;25;6;6;2;5;1;6;4;1;10;7;-5.772107013080586;2;5;3;24;3;1;9;17;9
TRACK:1095;884;884;3;2;2;0;4;6;5;3;0;2;9;12;2;22;-7.983813870375975;12;2;2;4;2;17;0;0;13;22;-7.983813870375975;6;21;0.9604489114042996;5;6;4;9;0;6;6;3;5;8;6;1;4;9;3;10;25;6;6;2;5;1;6;4;1;10;7;-5.772107013080586;2;5;3;24;3;1;9;17;4;0;3;1;1;9;11;2;11;18;5;4;6;25
TRACK:1096;946;848;3;2;2;0;4;6;5;3;0;2;9;12;2;22;-3.672297589543987;12;2;2;4;2;17;0;0;13;22;-8.164173422715923;6;21;1.0120117082705096;5;6;4;9;21;-6.3824430909588905;25;6;6;2;5;1;6;4;1;10;7;-5.930421444424611;2;5;3;24;3;1;9;17;4;0;3;1;1;9;11;2;11;18;5;1;6;21;7.226591157313088;6;14
TRACK:1097;946;848;3;2;17;6;6;4;5;4;21;-6.3824430909588905
TRACK:1098;987;1000;3;2;2;0;4;6;5;3;0;2;9;12;2;22;-3.654328111456901;12;2;2;4;2;17;0;0;13;22;-8.137887813609773;6;21;1.2310599133295943;5;6;4;9;0;6;6;3;5;8;6;1;4;9;3;0;17;24;25;6;6;2;5;1;6;4;1;10;7;-5.8390090496620095;4;6;25;4;0;3;1;1;9;11;2;11;15;5;1;6;21;7.121438066313386;6;23;-4.486200110799951
TRACK:1099;987;1000;3;2;2;0;4;6;5;3;0;2;9;12;2;22;-3.8327517335115235;12;2;2;4;2;17;0;0;13;22;-8.192435091765343;6;21;1.1385581081923875;5;6;4;9;0;6;6;3;5;8;6;1;4;9;3;0;10;24;25;6;6;2;5;1;6;4;1;10;7;-5.8855152995259035;2;5;3;24;3;25;4;0;4;5;3;17;5;1;6;21;7.072284629598617;6;23;-4.393240131753414
TRACK:1100;1090;-1;3;2;2;0;4;6;5;3;0;2;9;24;2;22;-3.721909363928499;12;2;2;4;2;6;1;20;1.8607365509784268;12;0;0;13;22;-7.902078549993317;6;21;0.7789875448619458;5;5;2;5;17;5;13;6;6;4;5;4;21;-6.167420714276089;25;6;6;4;5;4;21;-6.353010887303501
TRACK:1101;1024;-1;3;2;2;0;4;6;5;3;0;2;9;12;2;22;-3.633486336201184;12;2;2;4;2;17;0;0;13;22;-7.841483336673723;6;21;0.9426160602270357;5;6;4;9;0;6;6;3;5;8;6;1;4;3;13;3;10;25;6;6;2;5;1;6;4;1;10;7;-5.752520533406472;2;6;23;5.240186982945562;3;1;9;17;4;0;3;1;1;9;11;2;11;21;-7.481580248551218;5;4;6;25
TRACK:1102;884;-1;3;2;2;0;4;6;5;3;0;2;9;12;2;22;-3.772267591187182;12;2;2;4;2;17;0;0;13;22;-7.912624957707349;6;21;1.0452515246877252;5;6;4;9;0;6;6;3;5;8;6;1;4;9;3;10;25;6;6;2;5;1;6;4;1;10;7;-5.976729611466565;2;5;3;24;3;1;9;17;4;0;3;1;1;9;11;2;11;18;5;1;10;13
TRACK:1103;1096;-1;3;2;2;0;4;6;5;3;0;2;9;12;2;22;-3.7624822132968756;12;2;2;4;2;17;0;0;13;22;-8.10102148580467;6;21;0.8640953315539399;5;6;4;9;21;-6.149251825239887;25;6;6;4;6;1;3;10;5;10
TRACK:1104;1098;-1;3;2;2;0;4;6;5;3;0;2;9;12;2;22;-3.6724742420992347;12;2;2;4;2;17;0;0;13;22;-8.248000999258558;6;21;1.3853032311191096;5;6;4;9;0;5;2;0;20;9.219560708113754;15;4;11;6;1;4;9;3;0;17;24;25;6;6;2;5;1;6;4;1;10;7;-5.785518703572527;4;6;25;4;0;3;1;1;9;11;2;11;15;5;1;6;21;7.175991331400082;6;23;-4.476750864656121
TRACK:1105;1091;-1;3;2;2;0;4;6;5;3;5;2;9;21;4.127674019595371;2;2;4;2;17;0;0;13;22;-8.30860319982774;6;21;0.9974125203265911;5;6;4;9;0;6;6;3;5;8;6;1;4;9;3;0;10;24;25;6;6;2;5;1;6;4;1;10;23;-4.1456770470407855;2;5;3;24;5;4;21;1.1277228104210986;4;0;4;5;3;17;5;1;6;21;7.330081897628603;6;23;-4.4860176346230505
TRACK:1106;964;-1;3;2;2;0;4;6;5;3;0;2;9;12;2;12;12;2;2;4;2;17;0;0;13;22;-8.092437588111464;6;21;1.0254067124988016;5;6;4;9;0;6;6;3;5;8;6;1;4;9;3;0;10;24;25;6;6;2;5;1;6;4;1;10;7;-5.816906048618565;2;5;3;24;3;1;9;17;4;0;3;1;1;9;11;2;11;18;5;1;6;21;7.1392584707937585;6;23;-4.56373785852491
TRACK:1107;884;-1;3;2;2;0;4;6;5;3;0;2;9;12;2;22;-3.6129235677408578;12;2;2;4;2;6;8;0;0;13;22;-7.8719408293737745;6;21;0.9864731074107377;5;6;4;9;0;6;6;3;5;8;6;1;4;9;3;10;25;6;6;2;5;1;6;4;1;10;7;-5.870867027271304;2;5;3;24;3;1;9;17;4;0;3;1;1;9;11;2;11;18;5;4;6;25
TRACK:1108;1097;-1;3;2;17;1;6;18;4;19
TRACK:1109;1099;-1;3;2;2;0;4;6;5;3;0;2;9;12;2;22;-4.024307907708673;12;2;2;4;2;17;0;0;13;22;-8.210050432990423;6;21;1.147082772995084;5;6;5;17;0;6;6;3;5;8;6;1;4;9;3;0;10;24;25;6;6;2;5;1;6;4;1;10;7;-5.8413493631333235;2;5;3;24;3;25;4;0;4;5;3;17;5;1;6;21;6.976473695208551;6;23;-4.460858270328222
EVAL_INSTANCE:55:0:1100
EVAL_INSTANCE:55:1:1101
EVAL_INSTANCE:55:2:1102
EVAL_INSTANCE:55:3:1103
EVAL_INSTANCE:55:4:1104
EVAL_INSTANCE:55:5:1105
EVAL_INSTANCE:55:6:1106
EVAL_INSTANCE:55:7:1107
EVAL_INSTANCE:55:8:1108
EVAL_INSTANCE:55:9:1109
RUN_RESULT:55:0:0:173:UUUURRURDRDDDD
RUN_RESULT:55:1:0:152:UUUURRURDRDDDD
RUN_RESULT:55:2:0:152:UUUURRURDRDDDD
RUN_RESULT:55:3:0:2000:----
RUN_RESULT:55:4:0:334:UUUURRURDRDDDD
RUN_RESULT:55:5:0:277:UUUURRURDRDDDD
RUN_RESULT:55:6:0:282:UUUURRURDRDDDD
RUN_RESULT:55:7:0:167:UUUURRURDRDLLDLDLDDRRRUR
RUN_RESULT:55:8:0:2000:----
RUN_RESULT:55:9:0:153:UUUURRURDRDDDD
    56 |      560 | -3.847400E+03 | -3.849000E+03
TRACK:1110;1102;848;3;2;2;0;4;6;5;3;0;2;9;12;2;22;-3.772267591187182;12;2;2;4;2;17;0;0;13;22;-7.912624957707349;6;21;1.0452515246877252;5;6;4;9;0;6;6;3;5;8;6;1;4;9;3;10;25;6;6;2;5;1;6;4;1;10;7;-5.976729611466565;5;17;4;0;3;1;1;9;11;2;11;18;5;1;10;13
TRACK:1111;1102;848;3;2;2;0;4;6;5;3;0;2;9;17;2;22;-3.8259030561983507;12;2;2;4;2;6;1;20;1.6619559846101999;12;0;0;13;22;-8.049768830461831;6;21;1.0412755781314953;5;5;2;10;5;17;6;6;4;5;4;21;-6.077092464338748;25;6;6;4;5;4;21;-6.3824430909588905
TRACK:1112;1024;1101;3;2;2;0;4;6;5;3;0;2;9;12;2;22;-3.8402687537665243;12;2;2;4;2;17;0;0;13;22;-8.064189497546332;6;21;0.8763006526235743;5;6;4;9;0;6;6;3;5;8;6;1;4;9;3;10;25;6;6;2;5;1;6;4;1;10;7;-5.721623189390263;2;0;0;13;22;-7.841483336673723;6;21;0.9426160602270357;3;1;9;17;4;0;3;1;1;9;11;2;11;21;-7.440758636959254;5;4;6;25
TRACK:1113;1024;1101;3;2;2;0;4;6;5;3;0;2;9;12;2;22;-3.633486336201184;12;2;2;4;2;17;0;0;13;22;-7.841483336673723;6;21;0.9426160602270357;5;6;4;9;0;6;6;3;5;8;6;1;4;1;9;11;3;10;25;6;6;2;5;1;6;4;1;10;7;-5.752520533406472;2;6;23;5.240186982945562;3;1;9;17;4;0;3;1;1;9;11;2;11;21;-7.481580248551218;5;4;6;25
TRACK:1114;987;848;3;2;2;0;4;6;5;3;0;2;9;12;2;22;-3.654328111456901;12;2;2;4;25;5;6;4;9;0;6;6;3;5;8;6;1;4;9;3;0;10;24;25;6;6;2;5;1;6;4;1;10;7;-5.8390090496620095;4;6;25;4;0;3;1;1;9;11;2;11;15;5;1;6;21;7.121438066313386;6;23;-4.486200110799951
TRACK:1115;987;848;3;2;2;0;4;6;5;3;0;2;9;17;2;22;-3.8259030561983507;12;2;2;4;2;6;1;20;1.6619559846101999;12;5;8;5;5;2;5;17;5;17;6;6;4;5;4;21;-6.077092464338748;25;6;6;4;5;4;21;-6.3824430909588905
TRACK:1116;1102;884;3;2;2;0;4;6;5;3;0;2;9;12;2;22;-3.772267591187182;12;2;2;4;2;17;0;0;13;22;-7.912624957707349;6;21;1.0452515246877252;5;6;4;9;6;3;5;8;25;6;6;2;5;1;6;4;1;10;7;-5.976729611466565;2;5;3;24;3;1;9;17;4;0;3;1;1;9;11;2;11;18;5;1;10;13
TRACK:1117;1102;884;3;2;2;0;4;6;5;3;0;2;9;12;2;22;-3.7073738432385936;12;2;2;4;2;17;0;0;13;22;-7.983813870375975;6;21;0.9604489114042996;5;6;4;9;0;6;6;3;5;8;6;1;4;9;3;10;25;6;6;2;5;1;6;4;1;10;7;-5.772107013080586;2;5;3;24;3;1;9;17;4;0;3;1;5;8;2;11;18;5;4;6;25
TRACK:1118;964;1101;3;2;2;0;4;6;5;3;17;2;2;4;2;17;0;0;13;22;-8.073325880658519;6;21;1.137592882516611;5;6;4;9;0;6;6;3;5;8;6;1;4;9;3;0;10;24;25;6;6;2;5;1;6;4;1;10;7;-5.913030722142099;2;5;3;24;3;1;9;17;4;0;3;1;1;9;11;2;11;18;5;1;6;21;7.154447609093558;6;23;-4.519632417191083
TRACK:1119;964;1101;3;2;2;0;4;6;5;3;0;2;9;12;2;22;-3.633486336201184;12;2;2;4;2;17;0;0;13;22;-7.841483336673723;6;21;0.9426160602270357;5;6;4;9;0;6;6;3;5;8;6;1;4;3;13;3;10;25;6;6;2;5;1;6;4;1;10;7;-5.752520533406472;2;6;23;5.240186982945562;3;1;9;17;2;9;12
TRACK:1120;1110;-1;3;2;2;0;4;6;5;3;0;2;9;12;2;22;-3.7862215753721515;12;2;2;4;2;17;0;0;13;22;-8.084651443728067;6;21;1.071814840448508;5;6;4;9;0;6;6;3;5;8;6;1;4;9;3;10;25;6;6;2;5;6;23;9.328952135278804;4;0;3;1;1;9;11;2;11;18;5;1;10;13
TRACK:1121;1112;-1;3;2;2;0;4;6;5;3;0;2;9;12;2;22;-3.8672198505909416;12;2;2;4;2;17;0;0;13;22;-8.070710675424833;6;21;0.8879830927230331;5;6;4;9;0;6;6;3;5;8;6;1;4;9;3;10;25;6;6;2;5;1;6;4;1;10;7;-5.74504623450088;2;0;0;13;22;-8.180291886317693;6;21;0.7770971822348737;3;1;9;17;4;0;5;23;8.328626685651429;5;4;6;25
TRACK:1122;1114;-1;3;2;2;0;4;6;5;3;0;2;9;12;2;22;-3.7890470694756253;12;2;2;4;25;5;6;4;9;0;6;6;3;5;8;6;1;4;9;3;0;10;24;25;6;6;2;5;1;6;4;1;10;7;-5.835543644600916;4;6;5;19;4;0;3;1;1;9;11;2;11;15;5;1;6;21;7.088345368642063;6;23;-4.56659602664856
TRACK:1123;1116;-1;3;2;2;0;4;6;5;3;0;2;9;21;4.007854278060387;2;22;-3.7585080820805863;12;2;2;4;2;17;0;0;13;22;-7.968793312053162;6;21;1.0321485540131254;5;6;4;9;6;3;5;8;25;6;6;2;5;1;6;4;1;10;7;-5.878155843378669;2;5;3;24;3;1;9;17;4;0;3;1;1;9;11;2;11;18;5;1;10;13
TRACK:1124;1118;-1;3;2;2;0;4;6;5;3;17;2;2;4;2;17;0;0;13;22;-8.055103770510794;6;21;1.1507966787669246;5;6;4;9;0;6;6;3;5;8;6;1;4;9;3;0;10;24;25;6;6;2;5;1;6;4;1;10;7;-5.9674846743791266;2;5;3;24;3;1;9;17;4;0;3;1;1;9;11;2;11;18;5;1;4;19;6;23;-4.659507345919124
TRACK:1125;1111;-1;3;2;2;0;4;6;5;3;0;2;9;17;2;22;-3.883441667688395;12;2;2;4;2;6;1;20;1.7966142632855227;12;0;0;13;22;-7.903230324607953;6;21;1.0670795575622773;5;5;2;10;5;17;6;5;2;4;12;0;14;19;25;6;6;4;5;4;21;-6.531981271376379
TRACK:1126;1113;-1;3;2;2;0;4;6;5;3;0;2;9;12;2;22;-3.6833045069321892;12;2;2;4;2;17;0;0;13;22;-7.8540827517091945;6;21;0.9845023896373486;5;6;4;9;0;6;6;3;5;8;6;1;4;1;9;11;3;10;4;4;2;4;6;20;5.2615452074970825;3;3;11;6;6;2;5;1;6;4;1;10;7;-5.813179569010967;2;6;23;5.268292563498512;3;1;9;17;4;0;3;1;1;9;11;2;11;21;-7.359941111966717;5;4;6;25
TRACK:1127;1115;-1;3;2;2;0;4;6;5;3;0;2;9;15;2;22;-4.021509897509917;12;2;2;4;2;6;1;20;1.6838526578230955;12;5;8;5;5;2;5;17;5;17;6;6;4;5;4;21;-6.010502806308929;25;6;6;4;5;4;21;-6.486433014280081
TRACK:1128;1117;-1;3;2;2;0;4;6;5;3;0;2;9;12;2;22;-3.6703981400296763;12;2;2;4;2;17;0;0;13;22;-7.993624381365052;6;21;0.991477721535836;5;6;4;9;0;6;6;3;5;8;6;1;4;9;3;10;25;6;6;2;5;5;5;23;-4.1328293580309206;4;0;3;1;5;8;2;11;18;5;4;6;25
TRACK:1129;1119;-1;3;2;2;0;4;6;5;3;0;2;9;12;2;22;-3.576783169270253;12;2;4;6;0;4;3;11;5;6;9;0;6;6;3;5;8;6;1;4;3;13;3;10;25;6;6;2;5;1;6;4;1;10;7;-5.5493083595659085;2;6;23;5.302247242945789;3;1;9;17;2;9;12
EVAL_INSTANCE:56:0:1120
EVAL_INSTANCE:56:1:1121
EVAL_INSTANCE:56:2:1122
EVAL_INSTANCE:56:3:1123
EVAL_INSTANCE:56:4:1124
EVAL_INSTANCE:56:5:1125
EVAL_INSTANCE:56:6:1126
EVAL_INSTANCE:56:7:1127
EVAL_INSTANCE:56:8:1128
EVAL_INSTANCE:56:9:1129
RUN_RESULT:56:0:0:173:LLUUUURRRRURDRDDDD
RUN_RESULT:56:1:0:174:LLUUUURRRRURDRDDDD
RUN_RESULT:56:2:0:2000:----
RUN_RESULT:56:3:0:2000:----
RUN_RESULT:56:4:0:272:UUUURRURDRDDDD
RUN_RESULT:56:5:0:165:UUUURRURDRDDDD
RUN_RESULT:56:6:0:2000:----
RUN_RESULT:56:7:0:155:UUUURRURDRDDDD
RUN_RESULT:56:8:0:163:UUUURRURDRDDDD
RUN_RESULT:56:9:0:2000:----
    57 |      570 | -3.847400E+03 | -3.849000E+03
TRACK:1130;946;1024;3;2;2;0;4;6;5;3;0;2;9;12;2;22;-3.672297589543987;12;2;2;4;2;17;0;0;13;22;-8.164173422715923;6;21;1.0120117082705096;5;6;4;9;0;6;6;3;5;8;6;1;4;9;3;10;25;3;1;9;17
TRACK:1131;946;1024;3;2;2;0;4;6;5;3;0;2;9;12;2;22;-3.8402687537665243;12;2;2;4;2;17;0;0;13;22;-8.064189497546332;6;21;0.8763006526235743;5;6;4;9;0;6;6;3;5;22;-3.672297589543987;6;1;4;9;3;10;25;6;6;2;5;1;6;4;1;10;7;-5.721623189390263;2;6;23;5.48537280054064;3;1;9;17;4;0;3;1;1;9;11;2;11;21;-7.440758636959254;5;4;6;25
TRACK:1132;1101;848;3;2;2;0;4;6;12;2;2;4;2;17;0;0;13;22;-7.841483336673723;6;21;0.9426160602270357;5;6;4;9;0;6;6;3;5;8;6;1;4;3;13;3;10;25;6;6;2;5;1;6;4;1;10;7;-5.752520533406472;2;6;23;5.240186982945562;3;1;9;17;4;0;3;1;1;9;11;2;11;21;-7.481580248551218;5;4;6;25
TRACK:1133;1101;848;3;2;2;0;4;6;5;3;0;2;9;17;2;22;-3.8259030561983507;12;2;2;4;2;6;1;25;12;0;0;13;22;-8.049768830461831;6;21;1.0412755781314953;5;5;2;5;17;5;17;6;6;4;5;4;21;-6.077092464338748;25;6;6;4;5;4;21;-6.3824430909588905
TRACK:1134;1102;980;3;2;2;0;4;6;5;3;0;2;9;12;2;22;-3.772267591187182;12;2;2;4;2;17;0;0;13;22;-7.912624957707349;6;21;1.0452515246877252;5;6;4;9;0;6;6;3;5;8;6;1;4;9;3;10;25;6;6;3;0;2;9;12;2;22;-3.7531138517148293;12
TRACK:1135;1102;980;3;2;2;0;4;6;5;3;0;2;9;12;2;22;-3.7531138517148293;12;2;2;6;4;9;5;6;4;9;0;6;6;3;5;8;6;1;4;9;1;15;21;-7.589377220513085;25;6;6;2;5;1;6;4;1;10;7;-5.868575567838591;2;5;3;24;3;1;9;17;4;0;3;1;1;9;11;2;11;18;5;1;6;21;7.3257366635168;6;23;-4.321019117643381
TRACK:1136;848;946;3;2;2;0;4;6;5;3;0;13;2;22;-3.8259030561983507;12;2;2;4;2;6;1;20;1.6619559846101999;12;0;0;13;22;-8.049768830461831;6;21;1.0412755781314953;5;5;2;5;17;5;17;6;6;4;5;4;21;-6.077092464338748;25;6;6;4;5;4;21;-6.3824430909588905
TRACK:1137;848;946;3;2;2;0;4;6;5;3;0;2;9;12;2;22;-3.672297589543987;12;2;2;4;2;17;0;0;13;22;-8.164173422715923;6;21;1.0120117082705096;5;6;4;9;0;6;6;3;5;8;6;1;4;9;3;10;25;6;6;17
TRACK:1138;1101;987;3;2;2;0;4;6;5;3;0;2;9;12;2;22;-3.633486336201184;12;2;2;4;2;17;0;0;13;22;-7.841483336673723;6;21;0.9426160602270357;5;6;4;9;0;6;6;3;5;8;6;1;4;3;13;3;10;25;6;6;2;5;1;6;4;1;10;7;-5.752520533406472;2;6;23;5.240186982945562;3;1;9;17;4;0;3;1;1;9;11;2;11;21;-7.481580248551218;5;4;15
TRACK:1139;1101;987;3;2;2;0;4;6;5;3;0;2;9;12;2;22;-3.654328111456901;12;2;2;4;2;17;0;0;13;22;-8.137887813609773;6;21;1.2310599133295943;5;6;4;9;0;6;6;4;9;6;1;4;9;3;0;10;24;25;6;6;2;5;1;6;4;1;10;7;-5.8390090496620095;4;6;25;4;0;3;1;1;9;11;2;11;15;5;1;6;21;7.121438066313386;6;23;-4.486200110799951
TRACK:1140;1130;-1;3;2;2;0;4;6;5;3;0;2;9;12;2;22;-3.765022396948634;12;2;2;4;2;17;0;0;13;22;-8.15370291066352;6;21;1.2723754331260275;5;6;4;9;0;3;9;6;1;4;9;3;10;25;3;1;9;17
TRACK:1141;1132;-1;3;2;2;0;4;6;12;2;2;4;2;17;3;6;21;-8.36690571661581;5;6;4;9;0;6;6;3;5;8;6;1;4;3;13;3;10;25;6;6;2;5;1;6;4;1;10;7;-5.803459395201105;2;6;23;5.129526749323572;3;1;9;17;4;0;3;1;1;9;11;2;11;21;-7.3738972663732065;5;4;6;25
TRACK:1142;1134;-1;3;2;2;0;4;6;5;3;0;2;9;12;2;22;-3.7587342424207937;12;2;2;4;2;17;0;0;13;22;-7.754772811882721;6;21;1.311463383796534;5;6;4;9;0;6;6;3;5;8;6;1;4;9;3;10;25;6;6;3;0;2;9;12;4;3;17
TRACK:1143;1136;-1;3;2;2;0;4;6;5;3;0;13;2;22;-3.7880638670013442;12;2;2;4;2;6;1;20;1.6755379015066376;12;0;0;13;22;-8.092071940373405;0;20;-6.674134452772986;11;5;5;2;5;17;5;17;6;6;4;5;4;21;-5.957104078510961;25;6;6;4;5;4;21;-6.466025101696263
TRACK:1144;1138;-1;3;2;2;0;4;6;5;3;0;2;9;12;2;22;-3.594796650918732;12;2;2;4;2;17;0;0;13;22;-8.0216449088932;6;21;0.9231353283227838;5;6;4;9;0;6;6;3;5;8;6;1;4;3;13;3;10;25;6;6;2;5;1;6;4;1;10;7;-5.78512435967101;2;6;23;5.363482419616801;3;1;9;17;4;0;3;1;1;9;11;2;11;21;-7.470604574507437;5;5;2;24;21;9.846149822518843
TRACK:1145;1131;-1;3;2;2;0;4;6;5;3;0;2;9;12;2;22;-3.8715160313890986;12;2;2;4;2;17;0;0;13;22;-8.222123500166568;6;21;0.9715715282330024;5;6;4;9;0;6;6;3;5;22;-3.5480657023850344;6;1;4;9;3;10;25;6;6;2;5;1;6;4;1;10;7;-5.745558656498311;2;6;23;5.483913627896389;3;1;9;17;4;0;3;2;6;22;-7.75470422071831;0;7;1.6293753028097058;22;-9.769863834769218;5;4;6;25
TRACK:1146;1133;-1;3;2;2;0;4;6;5;3;0;2;9;17;2;22;-3.783150876551037;12;2;2;4;2;6;1;25;12;0;0;13;22;-8.047315400829996;6;25;5;5;2;5;17;5;17;6;6;4;5;4;21;-6.04574841895601;25;6;6;4;5;4;21;-6.237760229672212
TRACK:1147;1135;-1;3;2;2;0;4;6;5;3;0;2;15;12;2;22;-3.705378230425937;12;2;2;6;4;9;5;6;4;9;0;6;6;3;5;8;6;1;4;9;1;15;21;-7.670004283986081;25;6;6;2;5;1;6;4;1;10;7;-5.791851365355969;2;5;3;24;3;1;9;17;4;0;3;1;1;9;11;2;11;18;5;1;6;21;7.34471025471008;6;23;-4.362439412398081
TRACK:1148;1137;-1;3;2;2;0;4;6;5;3;0;2;9;12;2;22;-3.7459271696288394;12;2;2;4;2;17;0;0;13;22;-8.238218743569208;6;15;5;6;4;9;0;6;6;3;5;8;6;1;4;9;3;10;25;6;6;17
TRACK:1149;1139;-1;3;2;2;0;4;6;5;3;0;2;9;12;2;22;-3.788501681791379;12;2;2;4;2;17;0;0;13;22;-8.243043469991479;6;21;1.3045069464065986;5;6;4;9;6;0;0;2;2;10;18;1;25;21;1.950629091815264;2;2;7;0.028878785387254524;11;5;17;3;3;5;21;-8.69158765807051;25;6;6;2;5;1;6;4;1;10;7;-5.945838458256508;4;6;25;4;0;3;1;1;9;11;2;11;15;5;1;6;21;6.985449934376243;6;23;-4.59496793383993
EVAL_INSTANCE:57:0:1140
EVAL_INSTANCE:57:1:1141
EVAL_INSTANCE:57:2:1142
EVAL_INSTANCE:57:3:1143
EVAL_INSTANCE:57:4:1144
EVAL_INSTANCE:57:5:1145
EVAL_INSTANCE:57:6:1146
EVAL_INSTANCE:57:7:1147
EVAL_INSTANCE:57:8:1148
EVAL_INSTANCE:57:9:1149
RUN_RESULT:57:0:0:300:UUUURRURDRDDDD
RUN_RESULT:57:1:0:546:UUUURRURDRDDDD
RUN_RESULT:57:2:0:163:UUUURRURDRDDDD
RUN_RESULT:57:3:0:2000:----
RUN_RESULT:57:4:0:154:UUUURRURDRDDDD
RUN_RESULT:57:5:0:2000:----
RUN_RESULT:57:6:0:150:UUUURRURDRDDDD
RUN_RESULT:57:7:0:2000:----
RUN_RESULT:57:8:0:556:UUUURRURDLLLDDLLDDDRRRRRRU
RUN_RESULT:57:9:0:292:UUUURRURDRDDDD
    58 |      580 | -3.847700E+03 | -3.850000E+03
TRACK:1150;848;946;3;2;2;0;4;6;5;3;0;2;9;17;2;22;-3.8259030561983507;12;2;2;4;2;6;1;20;1.6619559846101999;12;0;0;13;22;-8.049768830461831;6;21;1.0412755781314953;5;5;2;5;17;5;11;6;6;4;5;4;21;-6.077092464338748;25;6;6;4;5;4;21;-6.3824430909588905
TRACK:1151;848;946;3;2;2;0;4;6;5;3;0;2;9;12;2;22;-3.672297589543987;12;2;2;4;2;17;0;0;13;22;-8.164173422715923;6;21;1.0120117082705096;5;6;4;9;0;6;6;3;5;8;6;1;4;9;3;10;25;6;6;2;5;3;0;2;9;17;2;22;-3.8259030561983507;12;4;0;3;1;1;9;11;2;11;18;5;1;6;21;7.226591157313088;6;14
TRACK:1152;1101;1146;3;2;2;0;4;6;5;3;0;2;9;12;2;22;-3.633486336201184;12;2;2;4;2;17;0;0;13;22;-7.841483336673723;6;21;0.9426160602270357;5;6;4;9;0;6;6;3;5;8;6;1;25;12;25;6;6;2;5;1;6;4;1;10;7;-5.752520533406472;2;6;23;5.240186982945562;3;1;9;17;4;0;3;1;1;9;11;2;11;21;-7.481580248551218;5;4;6;25
TRACK:1153;1101;1146;3;2;2;0;4;6;5;3;0;2;9;17;2;22;-3.783150876551037;12;2;2;4;2;6;1;25;12;0;0;13;22;-8.047315400829996;2;9;12;5;5;2;5;17;5;17;6;6;4;5;4;21;-6.04574841895601;25;6;6;4;5;4;21;-6.237760229672212
TRACK:1154;1102;884;3;2;2;0;4;6;5;3;0;2;9;12;2;8;12;2;2;4;2;17;0;0;13;22;-7.912624957707349;6;21;1.0452515246877252;5;6;4;9;0;6;6;3;5;8;6;1;4;9;3;10;25;6;6;2;5;1;6;4;1;10;7;-5.976729611466565;2;5;3;24;3;1;9;17;4;0;3;1;1;9;11;2;11;18;5;1;10;13
TRACK:1155;1102;884;3;0;3;1;1;9;11;2;11;18;5;1;10;13
TRACK:1156;848;1101;3;2;2;0;4;6;5;3;0;2;9;17;2;22;-3.8259030561983507;12;2;2;4;2;6;1;20;1.6619559846101999;12;0;0;13;22;-8.049768830461831;6;21;1.0412755781314953;5;5;2;5;17;5;17;6;6;4;5;4;22;-7.841483336673723;25;6;6;4;5;4;21;-6.3824430909588905
TRACK:1157;848;1101;3;2;2;0;4;6;5;3;0;2;9;17;2;22;-3.633486336201184;12;2;2;4;2;17;0;0;13;22;-7.841483336673723;6;21;0.9426160602270357;5;6;4;9;0;6;6;3;5;8;6;1;4;3;13;3;10;25;6;6;2;5;1;6;4;1;10;7;-5.752520533406472;2;6;23;5.240186982945562;3;1;9;17;4;0;3;1;1;9;11;2;11;21;-7.481580248551218;5;4;6;25
TRACK:1158;1146;964;3;2;2;0;4;6;5;3;0;2;9;17;2;22;-3.783150876551037;12;2;2;4;2;3;5;8;0;0;13;22;-8.047315400829996;6;25;5;5;2;5;17;5;17;6;6;4;5;4;21;-6.04574841895601;25;6;6;4;5;4;21;-6.237760229672212
TRACK:1159;1146;964;3;2;2;0;4;6;5;3;0;2;9;12;2;22;-3.8159166039852828;12;2;2;4;2;17;0;0;13;22;-8.073325880658519;6;21;1.137592882516611;5;6;4;9;0;6;6;3;5;8;6;1;4;9;3;0;10;24;25;6;6;2;5;1;6;4;1;10;7;-5.913030722142099;2;5;3;24;3;1;9;17;4;0;25;5;1;6;21;7.154447609093558;6;23;-4.519632417191083
TRACK:1160;1150;-1;3;2;2;0;4;6;5;3;0;2;9;17;2;22;-3.6907936496038536;12;2;2;4;2;6;1;20;1.8050000281727987;12;0;0;13;22;-8.034366482012741;6;21;0.7667465481434816;5;5;2;5;17;5;11;6;6;4;5;4;21;-6.1263067174659875;25;6;1;0;1;3;21;3.811482737065205;6;25;2;6;23;0.4931248423982826;5;11;1;4;4;25;3;4;8
TRACK:1161;1152;-1;3;2;2;0;4;6;5;3;0;2;9;12;2;22;-3.627610969922793;12;2;2;4;2;17;0;2;18;14;6;21;0.867385199988372;5;6;4;9;0;6;6;3;5;8;6;1;25;12;25;6;6;2;5;1;6;4;1;10;7;-5.540755509071257;2;6;23;5.1390137014134;3;1;9;17;4;0;3;1;1;9;11;2;11;21;-7.476403694588427;5;4;6;25
TRACK:1162;1154;-1;3;2;2;0;4;6;5;3;0;2;9;12;2;8;12;2;2;4;2;17;0;0;13;22;-7.903745160093667;6;21;1.3143431927037932;5;6;4;9;0;6;6;3;5;8;6;1;4;9;3;10;25;6;6;2;5;1;6;4;1;10;7;-5.889582035598293;2;5;3;24;3;1;9;8;4;0;3;1;1;9;11;2;11;18;5;1;10;13
TRACK:1163;1156;-1;3;2;2;0;4;6;5;3;0;2;9;17;2;22;-3.871230415613306;12;2;2;4;2;6;1;20;1.7450378875631953;12;0;6;16;6;21;1.1526846281621514;5;5;2;5;17;5;17;6;6;4;5;4;22;-7.744620385415011;25;6;6;4;5;4;21;-6.5329746894031135
TRACK:1164;1158;-1;3;2;2;0;4;6;5;3;0;2;9;17;2;22;-3.6796515348501853;12;2;3;10;1;17;8;25;6;6;4;5;4;21;-6.2564073508155005
TRACK:1165;1151;-1;3;2;2;0;4;6;5;3;0;2;9;12;2;22;-3.627046070058778;12;2;2;4;2;17;0;0;13;22;-8.170197224896532;6;21;1.254985869366846;5;6;4;9;0;6;6;3;5;8;6;1;4;9;3;2;25;7;-6.773448640559934;25;6;6;2;5;3;0;2;9;17;2;22;-3.7252916486658303;12;4;0;3;1;1;9;11;2;11;18;5;1;6;21;7.432350067252607;6;14
TRACK:1166;1153;-1;3;2;2;0;3;1;4;4;3;19;6;1;5;20;9.513306678738946;3;14;2;2;4;2;6;1;25;12;0;0;13;22;-7.992256569788657;2;9;12;5;5;2;5;17;5;17;6;6;4;5;4;21;-6.1018256564125135;25;6;6;4;5;4;21;-6.241843900150344
TRACK:1167;1155;-1;3;0;3;1;1;9;11;2;11;18;5;6;5;1;2;4;1;7;-0.220516672635382;21;-4.178135727259297;6;5;12;4;4;1;19;19
TRACK:1168;1157;-1;3;2;2;0;4;6;5;3;0;2;9;17;2;22;-3.6574413832092096;12;2;2;4;2;17;0;0;13;22;-7.85796991793527;6;21;0.9301575885799115;5;6;4;9;0;6;6;3;5;8;6;1;4;3;13;3;10;25;6;6;2;5;1;6;4;1;10;7;-5.666694417731012;2;6;23;5.200403732500361;3;1;9;17;4;0;3;1;1;9;24;2;11;21;-7.625392175145758;5;4;6;25
TRACK:1169;1159;-1;3;2;2;0;4;6;5;3;0;2;9;12;2;22;-3.8471358821709045;12;2;2;4;2;17;0;0;13;22;-8.205689902815775;6;21;1.1832757911961698;5;6;4;9;0;6;6;3;5;8;6;1;4;9;3;0;10;24;25;6;6;2;5;1;6;4;1;10;7;-5.882602131861991;2;5;3;24;3;1;9;8;4;0;25;5;1;6;21;7.241444129968431;6;23;-4.569609518976536
EVAL_INSTANCE:58:0:1160
EVAL_INSTANCE:58:1:1161
EVAL_INSTANCE:58:2:1162
EVAL_INSTANCE:58:3:1163
EVAL_INSTANCE:58:4:1164
EVAL_INSTANCE:58:5:1165
EVAL_INSTANCE:58:6:1166
EVAL_INSTANCE:58:7:1167
EVAL_INSTANCE:58:8:1168
EVAL_INSTANCE:58:9:1169
RUN_RESULT:58:0:0:249:UUUURRURDRDDDD
RUN_RESULT:58:1:0:2000:----
RUN_RESULT:58:2:0:282:UUUURRURDRDDDD
RUN_RESULT:58:3:0:2000:----
RUN_RESULT:58:4:0:971:UUUURRURDRDDDD
RUN_RESULT:58:5:0:2000:----
RUN_RESULT:58:6:0:266:UUUURRURDRDDDD
RUN_RESULT:58:7:0:2000:----
RUN_RESULT:58:8:0:173:UUUURRURDRDLDLDLLDDRRRUR
RUN_RESULT:58:9:0:262:UUUURRURDRDDDD
    59 |      590 | -3.847700E+03 | -3.850000E+03
TRACK:1170;848;980;3;2;2;0;4;6;5;3;0;2;9;17;2;22;-3.8259030561983507;12;2;2;4;2;6;1;20;1.6619559846101999;12;0;0;13;22;-8.049768830461831;6;21;1.0412755781314953;8;6;6;4;5;4;21;-6.077092464338748;25;6;6;4;5;4;21;-6.3824430909588905
TRACK:1171;848;980;3;2;2;0;4;6;5;3;0;2;9;12;2;22;-3.7531138517148293;12;2;2;4;2;17;0;0;13;22;-7.984917870797569;6;21;-6.329970134321318;5;6;4;9;0;6;6;3;5;8;2;6;1;20;1.6619559846101999;12;0;0;13;22;-8.049768830461831;6;21;1.0412755781314953;25;6;6;2;5;1;6;4;1;10;7;-5.868575567838591;2;5;3;24;3;1;9;17;4;0;3;1;1;9;11;2;11;18;5;1;6;21;7.3257366635168;6;23;-4.321019117643381
TRACK:1172;1102;964;3;2;2;0;4;6;5;3;0;2;9;12;2;22;-3.772267591187182;12;2;2;4;2;17;0;0;13;22;-7.912624957707349;6;21;1.0452515246877252;5;6;0;10;24;0;6;6;3;5;8;6;1;4;9;3;10;25;6;6;2;5;1;6;4;1;10;7;-5.976729611466565;2;5;3;24;3;1;9;17;4;0;3;1;1;9;11;2;11;18;5;1;10;13
TRACK:1173;1102;964;3;2;2;0;4;6;5;3;0;2;9;12;2;22;-3.8159166039852828;12;2;2;4;2;17;0;0;13;22;-8.073325880658519;6;21;1.137592882516611;5;6;4;9;0;6;6;3;5;8;6;1;4;9;3;0;10;24;25;6;6;2;5;1;6;4;1;10;7;-5.913030722142099;17;4;0;3;1;1;9;11;2;11;18;5;1;6;21;7.154447609093558;6;23;-4.519632417191083
TRACK:1174;1146;1102;3;2;2;0;4;6;5;3;0;2;9;17;2;22;-3.783150876551037;12;2;2;4;2;6;1;25;12;0;0;13;22;-8.047315400829996;6;25;5;5;2;5;17;5;17;6;6;10;25;6;6;4;5;4;21;-6.237760229672212
TRACK:1175;1146;1102;3;2;2;0;4;21;-6.04574841895601;2;2;4;2;17;0;0;13;22;-7.912624957707349;6;21;1.0452515246877252;5;6;4;9;0;6;6;3;5;8;6;1;4;9;3;10;25;6;6;2;5;1;6;4;1;10;7;-5.976729611466565;2;5;3;24;3;1;9;17;4;0;3;1;1;9;11;2;11;18;5;1;10;13
TRACK:1176;987;1146;3;2;2;0;4;6;5;3;0;2;9;12;2;22;-3.654328111456901;12;2;2;4;2;17;0;0;13;22;-8.137887813609773;6;21;1.2310599133295943;5;6;4;9;0;6;6;3;5;8;6;1;4;9;3;0;10;24;25;6;6;2;5;1;6;4;1;10;7;-5.8390090496620095;5;4;21;-6.04574841895601;4;0;3;1;1;9;11;2;11;15;5;1;6;21;7.121438066313386;6;23;-4.486200110799951
TRACK:1177;987;1146;3;2;2;0;4;6;5;3;0;2;9;17;2;22;-3.783150876551037;12;2;2;4;2;6;1;25;12;0;0;13;22;-8.047315400829996;6;25;5;5;2;5;17;5;17;6;6;4;5;4;21;-6.04574841895601;25;6;6;4;5;6;21;1.2310599133295943
TRACK:1178;1101;848;3;2;2;0;4;6;5;3;0;2;9;12;2;22;-3.633486336201184;12;2;2;4;2;17;0;0;13;22;-7.841483336673723;6;21;0.9426160602270357;5;6;4;9;0;6;6;3;5;8;6;1;4;3;13;3;10;25;6;6;2;5;1;6;4;21;-6.3824430909588905;2;6;23;5.240186982945562;3;1;9;17;4;0;3;1;1;9;11;2;11;21;-7.481580248551218;5;4;6;25
TRACK:1179;1101;848;3;2;2;0;4;6;5;3;0;2;9;17;2;22;-3.8259030561983507;12;2;2;4;2;6;1;20;1.6619559846101999;12;21;-7.481580248551218;5;5;2;5;17;5;17;6;6;4;5;4;21;-6.077092464338748;25;6;6;4;5;4;21;-6.3824430909588905
TRACK:1180;1170;-1;3;2;2;0;4;6;5;3;0;2;8;17;2;22;-3.786281333459294;12;2;2;4;2;6;1;20;1.5638354448185339;12;0;0;13;22;-8.055386825741847;6;21;0.9477732243956454;8;6;6;4;5;4;21;-6.04979967243239;25;6;6;4;5;4;21;-6.440967651226384
TRACK:1181;1172;-1;3;2;4;5;4;2;0;17;11;6;24;6;6;2;5;1;6;4;1;10;7;-5.997810176085716;2;5;3;24;3;1;9;17;4;0;3;1;1;9;11;2;11;18;5;1;10;13
TRACK:1182;1174;-1;3;2;2;0;6;3;15;2;2;4;2;6;1;25;12;0;0;13;22;-7.983535679261535;6;25;5;5;2;5;17;5;17;6;6;10;25;6;6;4;5;4;21;-6.262623987204454
TRACK:1183;1176;-1;3;2;2;0;4;6;5;3;0;2;9;12;2;22;-3.6065231116985683;12;2;2;4;2;17;0;0;13;22;-8.050004246485654;6;21;1.2435311997389678;5;6;4;9;0;6;6;3;5;8;6;1;4;9;3;0;10;24;25;6;6;2;5;6;5;15;4;0;3;1;1;9;11;2;11;15;5;1;6;21;7.129333003347548;6;23;-4.45292166351204
TRACK:1184;1178;-1;3;2;2;0;4;6;5;3;0;2;9;12;2;22;-3.7594366768793996;12;2;2;4;2;17;0;0;13;22;-7.94682068832922;6;21;0.9973579489759182;3;4;2;1;21;-8.59370624632662;12;1;11;8;0;6;6;3;5;8;6;1;4;3;13;3;10;25;6;6;2;5;1;6;4;21;-6.412433545511523;2;6;23;5.104949006351275;3;1;9;17;4;0;3;1;1;9;11;2;11;21;-7.419771714119695;5;4;6;25
TRACK:1185;1171;-1;3;2;2;0;4;6;5;3;0;2;9;12;2;22;-3.752933359533599;12;2;2;4;2;17;0;0;13;22;-7.878397988571925;1;22;8.689913720143995;16;5;6;4;9;0;6;6;3;5;8;2;6;1;20;1.486980986833392;12;0;0;13;22;-8.032288369444654;6;21;1.0005993686934196;25;6;6;2;5;1;6;4;1;10;7;-5.86590461028232;2;5;3;24;3;1;9;17;4;0;3;1;1;9;11;2;11;18;5;1;6;21;7.3107921314968065;6;23;-4.523919637289898
TRACK:1186;1173;-1;3;2;2;0;4;6;5;3;0;2;9;12;2;22;-3.762233042147718;17;2;2;4;2;17;0;0;13;22;-8.178082218083047;6;21;1.1985899586323305;5;6;4;9;0;6;6;3;5;8;6;1;4;9;3;0;10;24;25;6;6;2;5;1;6;4;1;10;7;-5.977839433747834;17;4;0;3;1;1;9;11;2;11;18;5;1;6;21;7.021302373473468;6;23;-4.485124799009056
TRACK:1187;1175;-1;3;2;2;0;4;21;-5.855886482675029;2;2;4;2;17;0;0;13;22;-7.984464634254273;6;21;0.9859972370102674;5;6;4;9;0;6;6;3;5;8;6;1;4;9;3;10;25;6;6;2;5;1;6;4;1;10;7;-6.042191578960858;2;5;3;24;3;1;9;17;4;4;6;3;19
TRACK:1188;1177;-1;3;2;2;0;4;6;5;3;0;2;9;17;2;22;-3.9831961757172043;12;2;2;4;2;6;1;25;12;0;0;13;22;-8.10918007539511;6;25;5;6;15;6;6;4;5;4;21;-6.043298279538877;25;6;6;4;5;6;21;1.1056823568922045
TRACK:1189;1179;-1;3;2;2;0;4;6;5;3;0;2;9;17;2;22;-3.84473974073509;12;2;2;4;2;6;1;20;1.5784793420495393;12;21;-7.475609377830462;5;5;2;5;17;5;17;6;2;24;11;25;6;6;4;5;4;21;-6.408045614733
EVAL_INSTANCE:59:0:1180
EVAL_INSTANCE:59:1:1181
EVAL_INSTANCE:59:2:1182
EVAL_INSTANCE:59:3:1183
EVAL_INSTANCE:59:4:1184
EVAL_INSTANCE:59:5:1185
EVAL_INSTANCE:59:6:1186
EVAL_INSTANCE:59:7:1187
EVAL_INSTANCE:59:8:1188
EVAL_INSTANCE:59:9:1189
RUN_RESULT:59:0:0:2000:----
RUN_RESULT:59:1:0:2000:----
RUN_RESULT:59:2:0:2000:----
RUN_RESULT:59:3:0:153:UUUURRURDRDDDD
RUN_RESULT:59:4:0:236:UUUURRURDRDDDD
RUN_RESULT:59:5:0:2000:----
RUN_RESULT:59:6:0:153:UUUURRURDRDDDD
RUN_RESULT:59:7:0:2000:----
RUN_RESULT:59:8:0:966:UUUURRURDRDDDD
RUN_RESULT:59:9:0:964:LLUUUURRRRURDRDDDD
    60 |      600 | -3.847700E+03 | -3.850000E+03
TRACK:1190;1146;848;3;2;2;0;4;6;5;3;0;2;9;17;2;22;-3.8259030561983507;12;2;2;4;2;6;1;25;12;0;0;13;22;-8.047315400829996;6;25;5;5;2;5;17;5;17;6;6;4;5;4;21;-6.04574841895601;25;6;6;4;5;4;21;-6.237760229672212
TRACK:1191;1146;848;3;2;2;0;4;6;5;3;0;2;9;17;2;22;-3.8259030561983507;12;2;2;4;2;6;1;22;-3.783150876551037;12;0;0;13;22;-8.049768830461831;6;21;1.0412755781314953;5;5;2;5;17;5;17;6;6;4;5;4;21;-6.077092464338748;25;6;6;4;5;4;21;-6.3824430909588905
TRACK:1192;980;1102;3;2;2;0;4;6;5;3;0;2;9;12;2;22;-3.7531138517148293;12;2;2;4;2;17;0;0;13;22;-7.984917870797569;6;21;-6.329970134321318;5;6;4;9;0;6;6;3;5;8;6;1;4;9;1;15;21;-7.589377220513085;25;6;6;2;5;1;6;4;1;10;7;-5.868575567838591;2;5;3;24;3;1;9;17;4;0;3;1;1;9;11;2;11;18;5;1;6;10;6;23;-4.321019117643381
TRACK:1193;980;1102;3;2;2;0;4;6;5;3;0;2;9;12;2;22;-3.772267591187182;12;2;2;4;2;17;0;0;13;22;-7.912624957707349;7;-5.868575567838591;5;6;4;9;0;6;6;3;5;8;6;1;4;9;3;10;25;6;6;2;5;1;6;4;1;10;7;-5.976729611466565;2;5;3;24;3;1;9;17;4;0;3;1;1;9;11;2;11;18;5;1;10;13
TRACK:1194;1101;1102;3;2;2;0;4;6;5;3;0;2;9;12;2;22;-3.772267591187182;12;2;2;4;2;17;0;0;13;22;-7.841483336673723;6;21;0.9426160602270357;5;6;4;9;0;6;6;3;5;8;6;1;4;3;13;3;10;25;6;6;2;5;1;6;4;1;10;7;-5.752520533406472;2;6;23;5.240186982945562;3;1;9;17;4;0;3;1;1;9;11;2;11;21;-7.481580248551218;5;4;6;25
TRACK:1195;1101;1102;3;2;2;0;4;6;5;2;11;21;-7.481580248551218;2;2;4;2;17;0;0;13;22;-7.912624957707349;6;21;1.0452515246877252;5;6;4;9;0;6;6;3;5;8;6;1;4;9;3;10;25;6;6;2;5;1;6;4;1;10;7;-5.976729611466565;2;5;3;24;3;1;9;17;4;0;3;1;1;9;11;2;11;18;5;1;10;13
TRACK:1196;848;1101;3;2;2;0;4;6;5;4;1;10;7;-5.752520533406472;2;2;4;2;6;1;20;1.6619559846101999;12;0;0;13;22;-8.049768830461831;6;21;1.0412755781314953;5;5;2;5;17;5;17;6;6;4;5;4;21;-6.077092464338748;25;6;6;4;5;4;21;-6.3824430909588905
TRACK:1197;848;1101;3;2;2;0;4;6;5;3;0;2;9;12;2;22;-3.633486336201184;12;2;2;4;2;17;0;0;13;22;-7.841483336673723;6;21;0.9426160602270357;5;6;4;9;0;6;6;3;5;8;6;1;4;3;13;3;10;25;6;6;2;5;1;6;4;1;10;7;-5.752520533406472;2;6;23;5.240186982945562;3;1;9;17;4;0;3;1;1;20;1.6619559846101999;11;2;11;21;-7.481580248551218;5;4;6;25
TRACK:1198;1146;1000;3;2;2;0;4;6;5;3;0;2;9;12;2;22;-3.8327517335115235;12;2;2;4;2;17;0;0;13;22;-8.192435091765343;6;21;1.1385581081923875;5;6;4;9;0;6;6;3;5;8;6;1;4;9;3;0;10;24;25;6;6;2;5;1;6;4;1;10;7;-5.8855152995259035;2;5;3;24;3;1;9;17;4;0;4;5;3;17;5;1;6;21;7.072284629598617;6;23;-4.393240131753414
TRACK:1199;1146;1000;3;2;2;0;4;6;5;3;0;2;9;12;2;22;-3.8327517335115235;12;2;2;4;2;17;0;0;13;22;-8.192435091765343;6;21;1.1385581081923875;5;6;4;9;0;6;6;3;5;8;6;1;4;9;3;0;10;24;25;6;6;2;5;1;6;4;1;10;7;-5.8855152995259035;2;5;3;24;25;4;0;4;5;3;17;5;1;6;21;7.072284629598617;6;23;-4.393240131753414
TRACK:1200;1190;-1;3;2;2;0;4;6;5;3;0;2;9;17;2;22;-3.8659950996619963;12;2;2;4;2;6;1;25;12;0;0;13;22;-8.117180727872311;6;25;4;4;22;-8.499383305750365;6;6;4;5;4;21;-6.186566151759112;25;6;6;4;5;4;21;-6.384576745889453
TRACK:1201;1192;-1;3;2;2;0;4;6;5;3;0;2;9;12;2;22;-3.8805594971918436;12;2;2;4;2;17;0;0;13;22;-8.190114528170156;6;21;-6.389068796897617;5;6;4;9;0;6;6;3;5;8;6;1;4;9;1;15;21;-7.549731985054315;2;1;1;1;0;2;9;23;-2.623907331010451;6;13;5;1;11;18;6;2;6;21;-5.365805291083174;4;12;1;0;4;3;22;2.078629991280078;4;1;25;12;4;1;2;7;2.405312811034646;19;4;25;2;5;4;1;1;11;9;2;24;17;5;3;0;4;20;-0.5855858575429416;2;9;19;6;6;2;5;1;6;4;1;10;7;-5.726715511286114;2;5;3;24;3;1;9;17;4;0;3;1;1;9;11;2;11;18;5;1;6;10;6;23;-4.265421922306751
TRACK:1202;1194;-1;3;2;2;0;4;6;5;3;0;2;9;12;2;22;-3.8670171083235365;12;2;2;4;2;17;0;0;13;22;-7.881075864760296;6;21;0.9606800029227843;5;6;4;9;0;6;6;3;5;8;6;3;21;-6.674886260587829;25;6;6;2;5;1;6;4;1;10;7;-5.863871701577108;2;6;23;5.20900927527717;3;1;9;17;4;0;3;1;1;9;11;2;11;21;-7.667407862032377;5;4;6;25
TRACK:1203;1196;-1;3;2;2;0;4;6;5;4;1;10;7;-5.758708754959051;2;2;4;2;6;1;25;12;0;0;13;22;-7.984746219170395;6;21;1.1722663932183608;5;5;2;5;17;5;17;6;6;4;5;4;21;-6.0985396523978395;25;6;6;4;5;4;21;-6.62025701384628
TRACK:1204;1198;-1;3;2;2;0;4;6;5;3;0;2;9;12;2;22;-3.9689218001658646;12;2;2;4;2;17;0;0;13;22;-8.233915303591571;6;21;1.1326615545051206;5;6;4;9;0;6;6;3;5;8;6;1;4;9;3;0;10;24;25;6;6;2;5;1;6;4;1;10;7;-5.716209281287687;2;5;3;24;3;1;9;17;6;6;14
TRACK:1205;1191;-1;3;2;2;0;4;6;5;1;19;24;2;2;4;2;6;1;22;-3.7636648707301066;12;0;0;13;22;-8.045606838727478;6;21;1.1111606221099388;5;5;2;5;17;5;17;6;6;4;5;4;21;-6.233118856610462;25;6;6;4;5;4;21;-6.280453083000424
TRACK:1206;1193;-1;3;2;2;0;4;6;5;3;0;2;9;12;2;22;-3.6453315216875675;12;2;2;4;2;17;0;0;13;22;-7.997608215807701;7;-5.878081184785966;5;6;4;9;0;6;6;3;5;8;6;1;4;9;3;10;25;6;6;2;5;1;6;4;1;10;7;-6.021845434467282;2;5;3;24;3;1;9;17;4;0;3;1;1;9;11;2;11;18;5;0;0;7;2.778184531462129;9;3;24
TRACK:1207;1195;-1;3;2;2;0;4;6;5;2;11;21;-7.563867212336817;2;2;4;2;17;0;0;13;22;-8.07663999157264;6;21;1.122748559745385;5;6;2;2;19;17;3;8;0;6;6;3;5;8;6;1;4;9;3;10;25;6;6;2;5;1;6;4;1;10;7;-5.910994656630537;2;5;3;24;3;1;9;17;4;0;3;1;1;9;11;2;11;18;5;1;10;13
TRACK:1208;1197;-1;3;2;2;0;4;6;5;3;0;2;9;12;2;22;-3.6386820642373268;12;2;2;4;2;17;0;0;13;22;-8.047565378343819;6;21;0.9280645394629929;5;6;4;9;0;6;6;3;5;8;6;1;4;3;13;3;10;25;6;6;2;5;1;6;4;1;10;7;-5.666966044560526;2;6;23;5.011102907267905;3;1;9;17;4;0;3;1;1;20;1.598367018026018;11;2;11;21;-7.488832102007052;2;15;20;4.220485280584381
TRACK:1209;1199;-1;2;3;0;6;19;6;18;1;1;3;13;0;11;11;6;0;12;13
EVAL_INSTANCE:60:0:1200
EVAL_INSTANCE:60:1:1201
EVAL_INSTANCE:60:2:1202
EVAL_INSTANCE:60:3:1203
EVAL_INSTANCE:60:4:1204
EVAL_INSTANCE:60:5:1205
EVAL_INSTANCE:60:6:1206
EVAL_INSTANCE:60:7:1207
EVAL_INSTANCE:60:8:1208
EVAL_INSTANCE:60:9:1209
RUN_RESULT:60:0:0:2000:----
RUN_RESULT:60:1:0:2000:----
RUN_RESULT:60:2:0:203:UUUURRURDRDLLDLDLDDRRRUR
RUN_RESULT:60:3:0:269:UUUURRURDRDDDD
RUN_RESULT:60:4:0:153:UUUURRURDRDDDD
RUN_RESULT:60:5:0:269:UUUURRURDRDDDD
RUN_RESULT:60:6:0:2000:----
RUN_RESULT:60:7:0:341:UUUURRURDRDDDD
RUN_RESULT:60:8:0:152:UUUURRURDRDDDD
RUN_RESULT:60:9:0:2000:----
    61 |      610 | -3.847800E+03 | -3.850000E+03
TRACK:1210;1208;1146;3;2;2;0;4;6;5;3;0;2;9;12;2;22;-3.6386820642373268;12;2;2;4;2;17;0;0;13;22;-8.047565378343819;6;21;0.9280645394629929;5;6;4;9;0;6;6;3;5;8;6;1;4;3;13;3;10;25;6;6;2;5;1;6;4;1;10;7;-5.666966044560526;2;6;23;5.011102907267905;3;1;9;17;4;0;3;17;2;15;20;4.220485280584381
TRACK:1211;1208;1146;3;2;2;0;4;6;5;3;0;2;9;17;2;22;-3.783150876551037;12;2;2;4;2;6;1;25;12;0;0;13;22;-8.047315400829996;6;25;1;1;20;1.598367018026018;11;2;11;21;-7.488832102007052;6;6;4;5;4;21;-6.04574841895601;25;6;6;4;5;4;21;-6.237760229672212
TRACK:1212;1102;848;3;2;2;0;4;6;5;3;0;2;9;12;2;22;-3.772267591187182;12;2;2;4;2;17;0;0;13;22;-7.912624957707349;6;21;1.0452515246877252;5;6;4;9;0;6;6;3;5;8;6;1;4;9;3;10;25;6;6;2;5;1;6;4;1;10;7;-5.976729611466565;2;5;3;24;3;1;17;17;4;0;3;1;1;9;11;2;11;18;5;1;10;13
TRACK:1213;1102;848;3;2;2;0;4;6;5;3;0;2;9;17;2;22;-3.8259030561983507;9;2;2;4;2;6;1;20;1.6619559846101999;12;0;0;13;22;-8.049768830461831;6;21;1.0412755781314953;5;5;2;5;17;5;17;6;6;4;5;4;21;-6.077092464338748;25;6;6;4;5;4;21;-6.3824430909588905
TRACK:1214;1101;1146;3;2;2;0;4;6;5;3;0;2;9;12;2;22;-3.633486336201184;12;2;2;4;2;17;0;0;13;22;-7.841483336673723;6;21;0.9426160602270357;5;6;4;9;1;25;12;25;6;6;2;5;1;6;4;1;10;7;-5.752520533406472;2;6;23;5.240186982945562;3;1;9;17;4;0;3;1;1;9;11;2;11;21;-7.481580248551218;5;4;6;25
TRACK:1215;1101;1146;3;2;2;0;4;6;5;3;0;2;9;17;2;22;-3.783150876551037;22;-7.841483336673723;2;2;4;2;6;1;25;12;0;0;13;22;-8.047315400829996;6;25;5;5;2;5;17;5;17;6;6;4;5;4;21;-6.04574841895601;25;6;6;4;5;4;21;-6.237760229672212
TRACK:1216;964;848;3;2;2;0;4;6;5;3;0;2;9;21;-6.077092464338748;2;22;-3.8159166039852828;12;2;2;4;2;17;0;0;13;22;-8.073325880658519;6;21;1.137592882516611;5;6;4;9;0;6;6;3;5;8;6;1;4;9;3;0;10;24;25;6;6;2;5;1;6;4;1;10;7;-5.913030722142099;2;5;3;24;3;1;9;17;4;0;3;1;1;9;11;2;11;18;5;1;6;21;7.154447609093558;6;23;-4.519632417191083
TRACK:1217;964;848;3;2;2;0;4;6;5;3;0;2;9;17;2;22;-3.8259030561983507;12;2;2;4;2;6;1;20;1.6619559846101999;12;6;23;-4.519632417191083;5;5;2;5;17;5;17;6;6;4;5;4;21;-6.077092464338748;25;6;6;4;5;4;21;-6.3824430909588905
TRACK:1218;1101;1102;3;2;2;0;4;6;5;3;0;2;9;12;2;22;-3.633486336201184;12;2;2;4;2;17;0;0;13;22;-7.841483336673723;6;21;0.9426160602270357;5;6;4;9;0;6;6;3;5;8;6;1;4;3;13;3;10;25;6;6;2;5;1;6;4;1;12;7;-5.752520533406472;2;6;23;5.240186982945562;3;1;9;17;4;0;3;1;1;9;11;2;11;21;-7.481580248551218;5;4;6;25
TRACK:1219;1101;1102;3;2;25;6;6;2;5;1;6;4;1;10;7;-5.976729611466565;2;5;3;24;3;1;9;17;4;0;3;1;1;9;11;2;11;18;5;1;10;13
TRACK:1220;1210;-1;3;2;2;0;4;6;5;3;0;2;9;12;2;22;-3.671721616722821;12;2;2;4;2;17;0;0;13;22;-8.179867007681448;1;18;22;8.625704347493627;5;6;4;9;0;6;6;3;5;8;6;1;4;3;13;3;10;25;6;6;2;5;1;6;4;1;10;7;-5.52943970080339;2;6;23;4.930825577080435;3;1;9;17;4;0;3;17;2;15;20;4.09177170515031
TRACK:1221;1212;-1;3;2;2;0;4;6;5;3;0;2;9;12;2;22;-3.9463350478886596;12;2;2;4;2;17;0;0;13;22;-7.991665866661935;6;21;1.1283343405778723;5;6;4;9;0;6;6;3;5;8;6;1;4;9;3;10;25;6;6;2;5;1;6;4;1;10;7;-5.942401627661356;2;5;3;24;3;1;17;17;4;0;3;1;1;9;11;2;11;18;6;2;11;11
TRACK:1222;1214;-1;3;2;2;0;4;6;5;3;0;2;9;12;2;22;-3.504252081931316;12;2;2;4;2;17;0;0;13;22;-7.807492152248177;6;21;0.9448992820485331;5;6;4;9;1;25;12;25;6;6;2;5;1;6;4;1;10;7;-5.626343806993191;2;4;3;24;3;1;9;17;4;0;3;1;1;9;11;2;11;21;-7.349397759979881;5;4;6;25
TRACK:1223;1216;-1;3;2;2;0;4;6;5;3;0;2;9;21;-5.944593304772764;2;22;-3.835389104189192;12;2;2;4;2;17;0;0;13;22;-7.9336526323197205;6;21;0.9893428284177407;5;6;4;9;0;6;6;3;5;8;6;1;4;9;3;0;10;24;25;6;6;2;5;1;6;4;1;10;7;-5.959887040223193;2;5;3;24;3;1;9;17;4;0;3;4;5;11;5;1;6;21;7.12784564954637;6;23;-4.461059222543723
TRACK:1224;1101;-1;3;2;2;0;4;6;5;3;0;2;9;12;2;22;-3.667072970152132;12;2;2;4;2;17;0;0;13;22;-7.696422760514601;6;21;1.102960647280996;5;6;4;9;0;6;6;3;3;19;6;1;4;3;13;3;10;25;6;6;2;5;1;6;4;1;10;7;-5.72908717410503;2;6;23;5.248632521466059;3;1;9;17;4;0;3;1;1;9;11;2;11;21;-7.484115850063267;5;4;6;25
TRACK:1225;1211;-1;3;2;2;0;4;6;5;3;0;2;9;17;2;22;-3.7958503428369554;12;2;2;4;2;6;1;25;12;0;0;13;13;6;25;1;1;20;1.7196776978253858;11;2;11;21;-7.3922535162439384;6;6;4;5;4;21;-5.958283662292349;25;6;6;4;5;4;21;-6.290473802512932
TRACK:1226;1213;-1;3;2;2;0;4;3;10;2;2;4;2;6;1;20;1.6627027735867668;12;0;0;13;22;-8.056005881125737;6;21;0.9308625101732699;5;5;2;5;17;5;17;6;6;4;5;4;21;-6.178392220097928;25;6;6;4;5;4;21;-6.3259839988528475
TRACK:1227;1215;-1;3;2;2;0;4;6;5;3;0;2;9;17;2;22;-3.643386730607087;7;5.847717996176636;2;2;4;2;6;1;25;12;0;0;13;22;-8.13719853212023;6;25;5;5;2;5;17;5;17;6;6;4;5;4;21;-6.018901392599333;25;6;6;4;5;4;21;-6.275367702488998
TRACK:1228;1217;-1;3;2;2;6;9;25;6;6;4;5;4;21;-6.40447317384903
TRACK:1229;1102;-1;3;2;1;1;1;15;14;6;17;4;3;14;6;6;2;5;1;6;4;1;10;7;-6.1468065676757035;2;5;3;24;3;1;9;17;4;0;3;1;1;9;11;2;11;18;5;1;10;13
EVAL_INSTANCE:61:0:1220
EVAL_INSTANCE:61:1:1221
EVAL_INSTANCE:61:2:1222
EVAL_INSTANCE:61:3:1223
EVAL_INSTANCE:61:4:1224
EVAL_INSTANCE:61:5:1225
EVAL_INSTANCE:61:6:1226
EVAL_INSTANCE:61:7:1227
EVAL_INSTANCE:61:8:1228
EVAL_INSTANCE:61:9:1229
RUN_RESULT:61:0:0:555:UUUURRURDLLLDDLLDDDRRRRRRU
RUN_RESULT:61:1:0:153:UUUURRURDRDDDD
RUN_RESULT:61:2:0:283:UUUURRURDRDDDD
RUN_RESULT:61:3:0:2000:----
RUN_RESULT:61:4:0:280:UUUURRURDRDDDD
RUN_RESULT:61:5:0:2000:----
RUN_RESULT:61:6:0:417:UUUURRURDRDDDD
RUN_RESULT:61:7:0:2000:----
RUN_RESULT:61:8:0:1093:UUUURRURDRDDDD
RUN_RESULT:61:9:0:2000:----
    62 |      620 | -3.847800E+03 | -3.850000E+03
TRACK:1230;848;1146;3;2;2;0;4;6;5;3;0;2;9;17;2;22;-3.8259030561983507;12;2;2;4;2;22;-3.783150876551037;0;0;13;22;-8.049768830461831;6;21;1.0412755781314953;5;5;2;5;17;5;17;6;6;4;5;4;21;-6.077092464338748;25;6;6;4;5;4;21;-6.3824430909588905
TRACK:1231;848;1146;3;2;2;0;4;6;5;3;0;2;21;-6.077092464338748;17;2;22;-3.783150876551037;12;2;2;4;2;6;1;25;12;0;0;13;22;-8.047315400829996;6;25;5;5;2;5;17;5;17;6;6;4;5;4;21;-6.04574841895601;25;6;6;4;5;4;21;-6.237760229672212
TRACK:1232;946;1101;3;2;2;0;4;6;5;3;0;2;9;12;2;22;-3.672297589543987;12;2;2;4;2;17;0;0;13;22;-8.164173422715923;6;21;1.0120117082705096;5;6;4;9;0;6;6;3;5;8;6;1;4;9;3;10;25;6;6;2;5;1;6;1;10;7;-5.752520533406472;2;5;3;24;3;1;9;17;4;0;3;1;1;9;11;2;11;18;5;1;6;21;7.226591157313088;6;14
TRACK:1233;946;1101;3;2;2;0;4;6;5;3;0;2;9;12;2;22;-3.633486336201184;12;2;2;4;2;17;0;0;13;22;-7.841483336673723;6;21;0.9426160602270357;5;6;4;9;0;6;6;3;5;8;6;1;4;3;13;3;10;25;6;6;2;5;1;6;4;1;10;7;-5.752520533406472;2;6;23;5.240186982945562;3;1;9;17;4;0;3;1;1;9;11;2;11;21;-7.481580248551218;5;4;6;25
TRACK:1234;1102;1102;3;2;2;0;4;6;5;3;0;2;9;12;2;22;-3.772267591187182;12;2;2;4;2;17;0;0;13;22;-7.912624957707349;6;21;1.0452515246877252;5;6;4;9;0;6;6;3;5;8;6;1;4;9;3;10;25;6;6;2;5;1;6;4;1;10;7;-5.976729611466565;2;5;3;24;3;1;9;13;4;0;3;1;1;9;11;2;11;18;5;1;10;13
TRACK:1235;1102;1102;3;2;2;0;4;6;5;3;0;2;9;12;2;22;-3.772267591187182;12;2;2;4;2;17;0;0;13;22;-7.912624957707349;6;21;1.0452515246877252;5;6;4;9;0;6;6;3;5;8;6;1;4;9;3;10;25;6;6;2;5;1;6;4;1;10;7;-5.976729611466565;2;5;3;24;3;1;9;17;4;0;3;1;1;9;12;2;11;18;5;1;10;13
TRACK:1236;848;1146;3;2;2;0;4;6;5;3;0;2;9;17;2;22;-3.8259030561983507;12;2;2;4;2;6;1;20;1.6619559846101999;12;0;0;13;22;-8.049768830461831;6;21;1.0412755781314953;5;5;2;5;17;5;17;6;6;4;5;4;21;-6.077092464338748;25;6;6;4;5;4;21;-6.3824430909588905
TRACK:1237;848;1146;3;2;2;0;4;6;5;3;0;2;9;17;2;22;-3.783150876551037;12;2;2;4;2;6;1;25;12;0;0;13;22;-8.047315400829996;6;25;5;5;2;5;17;5;17;6;6;4;5;4;17;25;6;6;4;5;4;21;-6.237760229672212
TRACK:1238;884;1101;3;2;2;0;4;6;5;3;0;2;9;12;2;22;-3.7073738432385936;12;2;2;4;2;17;0;0;13;22;-7.983813870375975;6;21;0.9604489114042996;5;6;4;9;0;6;6;3;5;8;6;1;4;9;3;10;25;6;6;2;5;1;6;4;1;10;7;-5.772107013080586;2;5;3;24;3;1;9;17;4;13
TRACK:1239;884;1101;3;2;2;0;4;6;5;3;0;2;9;12;2;22;-3.633486336201184;12;2;2;4;2;17;0;0;13;22;-7.841483336673723;6;21;0.9426160602270357;5;6;4;17;0;6;6;3;5;8;6;1;4;3;13;3;10;25;6;6;2;5;1;6;4;1;10;7;-5.752520533406472;2;6;23;5.240186982945562;3;1;9;17;4;0;3;1;1;9;11;2;11;21;-7.481580248551218;5;4;6;25
TRACK:1240;1230;-1;3;2;2;0;4;6;5;3;0;2;9;17;2;22;-3.808139912605908;12;2;2;4;2;22;-3.7900029515443685;0;0;13;22;-8.33373435930474;6;21;1.0589830524570656;5;5;2;5;17;5;17;0;11;25;25;6;6;4;5;4;21;-6.4398680575419105
TRACK:1241;1232;-1;3;2;2;0;4;6;5;3;0;2;9;12;2;22;-3.510441187175871;12;2;2;4;2;17;0;0;13;22;-8.258283923020896;6;21;1.1068757399499611;5;6;4;9;0;6;6;3;5;8;6;1;4;9;3;10;25;6;4;2;6;1;13;18;1;2;7;3.935147736752498;20;-1.0896315958882816;0;17;18
TRACK:1242;1102;-1;3;2;2;0;4;6;5;3;0;2;9;12;2;22;-3.697261324242383;12;2;2;4;2;17;0;0;13;22;-8.024624604576449;6;21;0.924847258805651;5;6;4;9;0;6;6;0;1;21;-2.876629525553409;25;5;16;6;1;4;9;3;10;25;6;6;2;5;1;6;4;1;10;7;-5.914540685184182;2;5;3;24;3;1;9;17;4;0;3;1;1;9;11;2;11;18;5;1;10;13
TRACK:1243;1236;-1;3;2;2;0;4;6;5;4;24;2;2;4;2;6;1;20;1.7052139141836646;12;0;0;13;22;-8.036341695842761;6;21;1.0547610977851445;5;5;2;5;17;5;17;6;6;4;5;4;21;-6.1983181443540145;25;6;6;4;5;4;21;-6.283650762983828
TRACK:1244;1238;-1;3;2;2;0;4;6;5;3;0;2;9;12;2;22;-3.68783617538367;12;2;2;4;2;17;0;0;13;22;-8.07348019616878;6;18;5;6;4;9;0;6;6;3;5;8;6;1;4;9;3;10;25;6;6;2;5;1;6;4;1;10;7;-5.772980791260674;2;5;3;24;3;1;9;17;4;13
TRACK:1245;1231;-1;3;2;2;0;4;6;5;3;0;2;21;-6.106337098837772;17;2;22;-3.7588984596787087;12;2;2;4;2;6;1;25;12;0;0;13;22;-8.04127500929369;6;25;5;5;2;4;16;5;17;6;6;4;5;4;21;-6.130415491039738;25;6;6;4;5;4;21;-6.206588892397396
TRACK:1246;1233;-1;3;2;2;0;4;6;5;3;0;2;9;12;2;22;-3.7706945482116394;12;2;2;6;0;15;24;5;6;4;9;0;6;6;3;5;8;6;1;4;3;13;3;10;25;6;6;2;5;1;6;4;1;10;7;-5.805012592095054;2;6;23;5.2073525693851215;3;1;9;17;4;0;3;1;1;9;11;2;11;21;-7.602907971163672;5;4;6;25
TRACK:1247;1102;-1;3;2;2;0;4;6;5;3;0;2;9;12;2;22;-3.9203208002494403;12;2;2;4;2;17;0;25;24;5;6;4;9;0;6;6;3;5;8;6;1;4;9;3;10;25;6;6;2;5;1;6;4;1;10;7;-5.976145390395968;2;5;3;24;3;1;9;17;4;0;3;1;1;9;11;2;11;18;5;1;10;13
TRACK:1248;1237;-1;3;2;2;0;4;3;1;3;4;6;15;1;4;0;23;5.3366358869054125;18;4;3;24;2;2;4;2;6;1;25;12;0;0;13;22;-8.143096721701927;6;25;5;5;2;5;17;5;17;6;6;4;5;4;17;25;6;6;4;5;4;21;-6.414719354808387
TRACK:1249;1239;-1;3;2;2;0;4;6;5;3;0;2;9;12;2;22;-3.482284914439308;12;2;2;4;2;17;0;0;13;22;-7.854988863239754;6;21;0.8570268108355165;5;6;4;18;0;6;6;3;5;8;6;1;4;3;13;3;10;25;6;6;2;5;1;6;4;1;10;7;-5.80040165764789;2;6;23;5.397297529048893;3;1;9;17;4;0;3;1;1;9;11;2;11;21;-7.458522703324171;5;4;6;25
EVAL_INSTANCE:62:0:1240
EVAL_INSTANCE:62:1:1241
EVAL_INSTANCE:62:2:1242
EVAL_INSTANCE:62:3:1243
EVAL_INSTANCE:62:4:1244
EVAL_INSTANCE:62:5:1245
EVAL_INSTANCE:62:6:1246
EVAL_INSTANCE:62:7:1247
EVAL_INSTANCE:62:8:1248
EVAL_INSTANCE:62:9:1249
RUN_RESULT:62:0:0:2000:----
RUN_RESULT:62:1:0:153:UUUURRURDRDDDD
RUN_RESULT:62:2:0:2000:----
RUN_RESULT:62:3:0:269:UUUURRURDRDDDD
RUN_RESULT:62:4:0:555:UUUURRURDLLLDDLLDDDRRRRRRU
RUN_RESULT:62:5:0:2000:----
RUN_RESULT:62:6:0:292:UUUURRURDRDDDD
RUN_RESULT:62:7:0:559:UUUURRURDLLLDDLLDDDRRRRRRU
RUN_RESULT:62:8:0:1082:UUUURRURDRDDDD
RUN_RESULT:62:9:0:152:UUUURRURDRDDDD
    63 |      630 | -3.847900E+03 | -3.850000E+03
TRACK:1250;964;1101;3;2;2;0;4;6;5;3;0;2;9;12;2;22;-3.8159166039852828;12;2;2;4;2;17;0;0;13;22;-8.073325880658519;6;21;1.137592882516611;5;6;4;9;0;6;6;3;5;8;6;1;4;9;3;0;10;24;25;6;6;2;5;1;6;4;1;10;7;-5.913030722142099;2;5;3;24;3;1;9;17;4;0;2;9;12;5;1;6;21;7.154447609093558;6;23;-4.519632417191083
TRACK:1251;964;1101;3;2;2;0;4;6;5;3;0;2;9;12;2;22;-3.8159166039852828;12;2;2;4;2;17;0;0;13;22;-7.841483336673723;6;21;0.9426160602270357;5;6;4;9;0;6;6;3;5;8;6;1;4;3;13;3;10;25;6;6;2;5;1;6;4;1;10;7;-5.752520533406472;2;6;23;5.240186982945562;3;1;9;17;4;0;3;1;1;9;11;2;11;21;-7.481580248551218;5;4;6;25
TRACK:1252;848;884;3;2;2;0;4;6;5;3;0;2;9;17;2;22;-3.8259030561983507;12;2;2;4;2;6;1;20;1.6619559846101999;9;0;0;13;22;-8.049768830461831;6;21;1.0412755781314953;5;5;2;5;17;5;17;6;6;4;5;4;21;-6.077092464338748;25;6;6;4;5;4;21;-6.3824430909588905
TRACK:1253;848;884;3;2;2;0;4;6;5;3;0;2;9;12;2;22;-3.7073738432385936;12;2;2;4;2;17;0;0;13;22;-7.983813870375975;6;21;0.9604489114042996;5;6;4;9;0;6;6;3;5;8;6;1;4;9;3;10;25;6;6;2;5;1;6;4;1;10;7;-5.772107013080586;2;5;3;24;3;1;9;17;4;0;5;4;21;-6.077092464338748;5;4;6;25
TRACK:1254;1146;1102;3;2;2;0;4;6;5;3;0;2;9;17;2;13;12;2;2;4;2;6;1;25;12;0;0;13;22;-8.047315400829996;6;25;5;5;2;5;17;5;17;6;6;4;5;4;21;-6.04574841895601;25;6;6;4;5;4;21;-6.237760229672212
TRACK:1255;1146;1102;3;2;2;0;4;6;5;3;0;2;9;12;2;17;12;2;2;4;2;17;0;0;13;22;-7.912624957707349;6;21;1.0452515246877252;5;6;4;9;0;6;6;3;5;8;6;1;4;9;3;10;25;6;6;2;5;1;6;4;1;10;7;-5.976729611466565;2;5;3;24;3;1;9;17;4;0;3;1;1;9;11;2;11;18;5;1;10;13
TRACK:1256;1249;1146;3;2;2;0;4;6;5;3;0;2;17;12;2;22;-3.482284914439308;12;2;2;4;2;17;0;0;13;22;-7.854988863239754;6;21;0.8570268108355165;5;6;4;18;0;6;6;3;5;8;6;1;4;3;13;3;10;25;6;6;2;5;1;6;4;1;10;7;-5.80040165764789;2;6;23;5.397297529048893;3;1;9;17;4;0;3;1;1;9;11;2;11;21;-7.458522703324171;5;4;6;25
TRACK:1257;1249;1146;3;2;2;0;4;6;5;3;0;2;9;17;2;22;-3.783150876551037;12;2;2;4;2;6;1;25;12;0;0;13;22;-8.047315400829996;6;25;5;5;2;5;17;5;17;6;6;4;5;4;21;-6.04574841895601;25;6;6;4;5;4;21;-6.237760229672212
TRACK:1258;848;946;3;2;2;0;4;6;5;3;0;2;9;17;2;22;-3.8259030561983507;12;9;25;6;6;4;5;4;21;-6.3824430909588905
TRACK:1259;848;946;3;2;2;0;4;6;5;3;0;2;9;12;2;22;-3.672297589543987;12;2;2;4;2;17;0;13;22;-8.049768830461831;5;6;4;9;0;6;6;3;5;8;6;1;4;9;3;10;25;6;6;2;5;1;6;4;1;10;7;-5.930421444424611;2;5;3;24;3;1;9;17;4;0;3;1;1;9;11;2;11;18;5;1;6;21;7.226591157313088;6;14
TRACK:1260;1250;-1;3;2;2;0;4;6;5;3;0;2;9;12;2;22;-3.931847484126288;12;2;2;4;2;17;0;0;13;22;-8.086434136803279;6;21;1.154793118462116;5;6;4;9;0;6;4;5;14;6;1;4;9;3;0;10;24;25;6;6;2;5;1;6;4;1;10;7;-5.82163736049719;2;5;3;24;3;1;9;17;4;0;2;9;12;5;1;6;21;7.072108600528145;6;23;-4.575669372914513
TRACK:1261;1252;-1;3;2;2;0;4;6;5;3;0;2;9;17;2;22;-3.724949191752894;12;2;2;4;2;6;1;20;1.7962513300875824;9;0;0;13;22;-8.074218698782705;6;21;1.0687429688370456;5;5;2;5;14;5;17;6;6;4;5;4;21;-6.208760901316311;25;6;6;4;5;4;21;-6.314528175860785
TRACK:1262;1254;-1;3;2;2;0;4;6;5;3;0;2;9;17;5;7;1.7228452922306392;2;2;4;2;6;1;25;12;0;0;13;22;-8.028249791458736;6;25;5;5;2;5;17;5;17;6;6;4;5;4;21;-6.151616022343354;25;6;6;4;5;4;21;-6.173003682772552
TRACK:1263;1256;-1;3;2;2;0;4;6;5;3;0;2;17;12;2;22;-3.489942001464746;12;2;2;4;2;17;0;0;13;22;-7.8940357682660665;6;21;0.8055378763211968;5;6;4;18;0;6;6;3;5;8;6;1;4;3;13;3;10;25;6;6;2;5;1;6;4;1;10;7;-5.862828517802923;2;6;23;5.388069517752044;3;1;9;17;4;0;3;1;1;9;11;2;11;21;-7.5505587786282655;5;4;5;16
TRACK:1264;1258;-1;3;2;2;0;4;6;5;3;0;2;9;17;2;22;-3.88479401008052;12;6;0;3;12;0;23;8.355175737938232;15;25;6;6;4;5;4;21;-6.394679713200347
TRACK:1265;1251;-1;3;2;2;0;4;6;5;3;0;2;9;12;2;22;-3.7361976976722255;7;5.06727551221854;2;2;4;2;17;0;0;13;22;-7.9762472378693055;6;21;1.173565852925285;5;6;4;9;0;6;6;3;5;8;6;1;4;3;13;3;10;25;6;6;2;5;1;6;4;1;10;7;-5.8603928637242175;2;6;23;5.3675845677880325;3;1;9;17;4;0;3;1;1;9;11;2;11;21;-7.456047907847377;5;4;6;25
TRACK:1266;1253;-1;3;2;2;0;4;6;5;3;0;2;9;12;2;22;-3.7784152236621815;12;2;2;4;2;17;0;0;13;22;-7.976257732102172;6;21;0.956084286194457;5;6;4;9;0;6;6;3;5;8;6;1;4;9;3;10;25;6;6;2;5;1;6;4;1;10;7;-5.82886911806925;2;5;3;24;3;0;20;-1.421033501733838;19;4;0;5;4;21;-6.418840351443403;5;4;6;25
TRACK:1267;1255;-1;3;2;2;0;4;6;5;3;0;2;9;12;2;17;12;2;2;4;2;17;0;0;13;22;-7.888067556980468;6;21;1.0155398980889034;5;6;4;9;0;6;6;3;5;8;6;1;4;9;3;10;25;6;6;2;5;1;6;4;1;10;7;-5.943273738829375;2;5;3;24;3;1;9;17;4;0;3;1;1;9;11;2;11;18;5;6;1;21;-2.5254511967944477;22;-1.5615503836458284
TRACK:1268;1257;-1;3;2;2;0;4;6;5;3;0;2;9;17;2;22;-3.7908372756320765;12;2;2;4;2;6;1;25;12;0;1;24;10;6;25;5;5;2;5;17;5;17;6;6;4;5;4;21;-5.851066369882532;25;6;6;4;5;4;21;-6.150386924227799
TRACK:1269;1259;-1;3;2;2;0;4;6;5;3;0;2;9;12;2;22;-3.6296748742622964;12;2;2;4;2;17;0;13;22;-8.046189555396765;5;6;4;9;0;6;6;3;5;8;6;1;4;9;3;10;25;6;6;2;5;1;6;4;1;10;7;-5.969726118463356;2;5;3;24;3;1;9;17;4;0;3;1;1;9;11;2;11;18;5;4;24
EVAL_INSTANCE:63:0:1260
EVAL_INSTANCE:63:1:1261
EVAL_INSTANCE:63:2:1262
EVAL_INSTANCE:63:3:1263
EVAL_INSTANCE:63:4:1264
EVAL_INSTANCE:63:5:1265
EVAL_INSTANCE:63:6:1266
EVAL_INSTANCE:63:7:1267
EVAL_INSTANCE:63:8:1268
EVAL_INSTANCE:63:9:1269
RUN_RESULT:63:0:0:283:UUUURRURDRDDDD
RUN_RESULT:63:1:0:2000:----
RUN_RESULT:63:2:0:266:UUUURRURDRDDDD
RUN_RESULT:63:3:0:2000:----
RUN_RESULT:63:4:0:2000:----
RUN_RESULT:63:5:0:2000:----
RUN_RESULT:63:6:0:2000:----
RUN_RESULT:63:7:0:2000:----
RUN_RESULT:63:8:0:155:UUUURRURDRDDDD
RUN_RESULT:63:9:0:556:UUUURRURDLLLDDLLDDDRRRRRRU
    64 |      640 | -3.847900E+03 | -3.850000E+03
TRACK:1270;964;1101;3;2;2;0;4;6;5;3;0;2;9;12;2;22;-3.8159166039852828;12;2;2;4;2;17;0;0;13;22;-8.073325880658519;6;21;1.137592882516611;5;6;4;9;0;6;6;3;5;8;6;1;4;9;3;0;10;24;25;6;6;2;5;1;6;4;1;10;7;-5.913030722142099;2;5;9;3;1;9;17;4;0;3;1;1;9;11;2;11;18;5;1;6;21;7.154447609093558;6;23;-4.519632417191083
TRACK:1271;964;1101;3;2;2;0;4;6;5;3;0;2;9;12;2;22;-3.633486336201184;12;2;2;4;2;24;0;0;13;22;-7.841483336673723;6;21;0.9426160602270357;5;6;4;9;0;6;6;3;5;8;6;1;4;3;13;3;10;25;6;6;2;5;1;6;4;1;10;7;-5.752520533406472;2;6;23;5.240186982945562;3;1;9;17;4;0;3;1;1;9;11;2;11;21;-7.481580248551218;5;4;6;25
TRACK:1272;980;1146;3;2;2;0;4;6;5;3;0;2;9;12;2;22;-3.7531138517148293;12;2;2;4;2;17;0;0;13;22;-7.984917870797569;6;21;-6.329970134321318;5;6;4;9;0;6;6;3;5;8;6;1;4;9;1;15;21;-7.589377220513085;25;6;6;2;5;1;6;4;1;10;17;2;5;3;24;3;1;9;17;4;0;3;1;1;9;11;2;11;18;5;1;6;21;7.3257366635168;6;23;-4.321019117643381
TRACK:1273;980;1146;3;2;2;0;4;6;5;3;0;2;9;17;2;22;-3.783150876551037;12;2;2;4;2;6;1;25;12;0;0;13;22;-8.047315400829996;6;25;5;5;2;5;17;5;17;6;6;4;5;4;21;-6.04574841895601;5;8;6;6;4;5;4;21;-6.237760229672212
TRACK:1274;848;1146;3;2;2;0;4;6;25;2;2;4;2;6;1;20;1.6619559846101999;12;0;0;13;22;-8.049768830461831;6;21;1.0412755781314953;5;5;2;5;17;5;17;6;6;4;5;4;21;-6.077092464338748;25;6;6;4;5;4;21;-6.3824430909588905
TRACK:1275;848;1146;3;2;2;0;4;6;5;3;0;2;9;17;2;22;-3.783150876551037;12;2;2;4;2;6;1;25;12;0;0;13;22;-8.047315400829996;6;25;5;5;2;5;17;5;17;6;6;4;5;4;17;25;6;6;4;5;4;21;-6.237760229672212
TRACK:1276;848;1249;3;2;2;0;4;6;5;3;0;2;9;17;2;22;-3.8259030561983507;12;2;2;4;2;6;1;20;1.6619559846101999;12;0;0;13;22;-8.049768830461831;6;21;1.0412755781314953;5;5;2;11;5;17;6;6;4;5;4;21;-6.077092464338748;25;6;6;4;5;4;21;-6.3824430909588905
TRACK:1277;848;1249;3;2;2;0;4;6;5;3;0;2;12;12;2;22;-3.482284914439308;12;2;2;4;2;17;0;0;13;22;-7.854988863239754;6;21;0.8570268108355165;5;6;4;18;0;6;6;3;5;8;6;1;4;3;13;3;10;25;6;6;2;5;1;6;4;1;10;7;-5.80040165764789;2;6;23;5.397297529048893;3;1;9;17;4;0;3;1;1;9;11;2;11;21;-7.458522703324171;5;4;6;25
TRACK:1278;1102;1101;3;2;2;0;4;6;5;3;0;2;9;12;2;22;-3.772267591187182;12;2;2;4;2;17;0;0;13;22;-7.912624957707349;6;21;1.0452515246877252;5;6;4;9;3;10;25;6;6;2;5;1;6;4;1;10;7;-5.976729611466565;2;5;3;24;3;1;9;17;4;0;3;1;1;9;11;2;11;18;5;1;10;13
TRACK:1279;1102;1101;3;2;2;0;4;6;5;3;0;2;9;12;2;22;-3.633486336201184;12;2;2;4;2;17;0;11;6;21;0.9426160602270357;5;6;4;9;0;6;6;3;5;8;6;1;4;3;13;3;10;25;6;6;2;5;1;6;4;1;10;7;-5.752520533406472;2;6;23;5.240186982945562;3;1;9;17;4;0;3;1;1;9;11;2;11;21;-7.481580248551218;5;4;6;25
TRACK:1280;1270;-1;3;2;2;0;4;6;5;3;0;2;9;12;2;22;-3.7907431622945107;12;2;2;4;2;17;0;0;13;22;-7.98623618260841;6;21;1.1776618028977301;5;6;4;3;20;1.425391913027381;0;6;6;3;5;8;6;1;4;9;3;0;10;24;25;6;6;2;5;1;6;4;1;10;7;-5.766716746482514;2;5;9;3;1;9;17;4;0;3;1;1;9;11;2;11;18;5;1;6;21;7.147994642662339;6;23;-4.421706540502858
TRACK:1281;980;-1;3;2;2;0;4;6;5;3;0;2;9;12;2;22;-3.8279283702051683;12;2;2;4;2;17;0;0;13;22;-8.032166977110844;6;21;-6.404199340131093;5;6;4;9;0;6;6;3;5;11;6;1;4;9;1;15;21;-7.49786196492579;25;6;6;2;5;1;6;4;1;10;7;-5.725124160815583;2;5;3;24;3;1;9;17;4;0;3;1;1;9;11;2;11;18;5;1;6;21;7.1813340865108195;6;23;-4.328687252767916
TRACK:1282;1274;-1;3;2;2;0;4;6;2;2;6;11;4;16;2;2;22;-9.788449622098472;17;6;8;2;2;4;2;6;1;20;1.8195533748426842;12;0;0;13;22;-8.026419319934377;6;21;1.2082597281409306;5;5;2;5;17;5;17;6;6;4;5;4;21;-6.204716592638393;25;6;6;4;5;4;21;-6.385764862017708
TRACK:1283;1276;-1;3;4;3;0;5;2;0;4;3;14;5;2;24;8;4;2;3;25;6;23;1.2547697542116296;4;6;6;3;5;20;-4.898883305745354
TRACK:1284;1278;-1;3;2;2;0;4;6;5;3;0;2;9;12;2;22;-3.8582166090426724;12;2;2;4;2;17;0;0;13;22;-7.797804677941372;6;21;0.9230454706755751;5;6;4;9;0;7;-7.113786991657827;7;-1.7990079278405364;25;6;6;2;5;1;6;4;1;10;7;-5.9775649238857005;2;5;3;24;3;1;9;17;4;0;3;1;1;9;11;2;11;18;5;1;10;13
TRACK:1285;1271;-1;3;2;2;0;4;6;5;3;0;2;9;12;2;22;-3.581655000069707;12;2;2;4;2;24;0;0;13;22;-7.774495897763185;6;21;1.1726673672012653;5;6;4;3;14;0;6;6;3;5;8;6;1;4;3;13;3;10;25;6;6;2;5;1;6;4;1;10;7;-5.719802088367989;2;6;23;5.247690484102309;3;1;9;17;4;0;3;1;1;9;11;2;11;21;-7.403008925153272;5;4;6;25
TRACK:1286;1146;-1;3;2;2;0;4;6;5;3;0;0;22;-9.175710628227602;18;2;22;-3.8185507524741;12;2;2;4;2;6;1;25;12;0;0;13;22;-8.057018873775833;6;25;5;5;2;5;17;5;17;6;6;4;5;4;21;-6.077198778150942;25;6;6;4;5;4;21;-6.182268620589389
TRACK:1287;1275;-1;3;2;2;0;4;6;5;3;0;2;9;17;2;22;-3.8083392664726534;12;2;2;4;2;6;1;25;12;0;0;23;-5.529660127034608;22;-8.166376867385582;6;25;5;5;2;5;17;5;17;6;6;4;5;4;17;25;6;6;4;5;4;21;-6.25289274303314
TRACK:1288;1277;-1;3;2;2;0;4;6;5;3;0;2;12;12;2;22;-3.437206418291378;12;2;2;0;1;14;9;4;24;5;6;4;18;0;6;6;3;5;8;6;1;4;3;13;3;10;25;6;6;2;5;1;6;4;1;10;7;-5.776127920550419;2;6;23;5.437742967044939;3;1;9;17;4;0;3;1;1;9;11;2;11;21;-7.42197838735957;5;4;6;25
TRACK:1289;1279;-1;3;2;2;0;4;6;5;3;0;2;9;12;2;22;-3.487242103578936;12;2;2;4;2;17;0;11;6;21;0.8329346620218981;5;6;1;3;19;4;24;0;6;6;3;5;8;6;1;4;3;13;3;10;25;6;6;2;5;1;6;4;1;10;7;-5.836546713861343;2;6;23;5.20616023778462;3;1;9;17;4;0;3;1;1;9;11;2;11;21;-7.483221636880695;5;4;6;25
EVAL_INSTANCE:64:0:1280
EVAL_INSTANCE:64:1:1281
EVAL_INSTANCE:64:2:1282
EVAL_INSTANCE:64:3:1283
EVAL_INSTANCE:64:4:1284
EVAL_INSTANCE:64:5:1285
EVAL_INSTANCE:64:6:1286
EVAL_INSTANCE:64:7:1287
EVAL_INSTANCE:64:8:1288
EVAL_INSTANCE:64:9:1289
RUN_RESULT:64:0:0:164:UUUURRURDRDDDD
RUN_RESULT:64:1:0:283:UUUURRURDRDDDD
RUN_RESULT:64:2:0:2000:----
RUN_RESULT:64:3:0:2000:----
RUN_RESULT:64:4:0:2000:----
RUN_RESULT:64:5:0:2000:----
RUN_RESULT:64:6:0:2000:----
RUN_RESULT:64:7:0:2000:----
RUN_RESULT:64:8:0:2000:----
RUN_RESULT:64:9:0:2000:----
    65 |      650 | -3.847900E+03 | -3.850000E+03
TRACK:1290;1146;946;3;2;2;0;4;6;5;3;0;2;9;17;2;22;-3.783150876551037;12;2;2;4;2;6;1;25;12;0;0;13;22;-8.047315400829996;6;25;5;5;2;5;17;5;17;6;6;4;5;4;21;-6.04574841895601;25;6;6;4;9
TRACK:1291;1146;946;3;2;2;0;4;6;5;3;0;2;9;12;2;22;-3.672297589543987;12;2;2;4;2;17;0;0;13;22;-8.164173422715923;6;21;1.0120117082705096;5;6;4;9;0;6;6;3;2;9;17;6;1;4;9;3;10;25;6;6;2;5;1;6;4;1;10;7;-5.930421444424611;2;5;3;24;3;1;9;17;4;0;3;1;1;9;11;2;11;18;5;1;6;21;7.226591157313088;6;14
TRACK:1292;1101;848;3;2;2;0;4;6;5;3;0;2;9;12;2;22;-3.633486336201184;12;2;2;4;2;17;0;0;13;22;-7.841483336673723;6;21;0.9426160602270357;5;6;4;9;0;6;6;3;5;8;6;1;4;3;13;3;10;25;6;6;22;-3.8259030561983507
TRACK:1293;1101;848;3;2;2;0;4;6;5;3;0;2;9;17;2;22;-3.8259030561983507;12;2;2;17;5;5;2;5;17;5;17;6;6;4;5;4;21;-6.077092464338748;25;6;6;4;5;4;21;-6.3824430909588905
TRACK:1294;1249;848;3;2;2;0;4;6;5;3;0;2;9;12;2;22;-3.482284914439308;12;2;2;4;2;17;0;0;13;22;-7.854988863239754;6;21;0.8570268108355165;5;6;4;18;0;6;6;3;5;8;6;1;4;3;12;3;10;25;6;6;2;5;1;6;4;1;10;7;-5.80040165764789;2;6;23;5.397297529048893;3;1;9;17;4;0;3;1;1;9;11;2;11;21;-7.458522703324171;5;4;6;25
TRACK:1295;1249;848;3;2;2;0;4;6;5;3;0;2;9;17;2;22;-3.8259030561983507;12;2;2;4;2;6;1;20;1.6619559846101999;12;0;0;13;22;-8.049768830461831;6;23;5.397297529048893;5;5;2;5;17;5;17;6;6;4;5;4;21;-6.077092464338748;25;6;6;4;5;4;21;-6.3824430909588905
TRACK:1296;1146;1101;3;2;2;0;4;6;5;3;0;2;9;17;1;10;7;-5.752520533406472;2;2;4;2;6;1;25;12;0;0;13;22;-8.047315400829996;6;25;5;5;2;5;17;5;17;6;6;4;5;4;21;-6.04574841895601;25;6;6;4;5;4;21;-6.237760229672212
TRACK:1297;1146;1101;3;2;2;0;4;6;5;3;0;2;9;12;2;22;-3.633486336201184;12;2;2;4;2;17;0;0;13;22;-7.841483336673723;6;21;0.9426160602270357;5;6;4;9;0;6;6;3;5;8;6;1;25;3;10;25;6;6;2;5;1;6;4;1;10;7;-5.752520533406472;2;6;23;5.240186982945562;3;1;9;17;4;0;3;1;1;9;11;2;11;21;-7.481580248551218;5;4;6;25
TRACK:1298;1102;1208;3;2;2;0;4;6;5;3;0;2;9;12;2;22;-3.772267591187182;12;2;2;9;5;6;4;9;0;6;6;3;5;8;6;1;4;9;3;10;25;6;6;2;5;1;6;4;1;10;7;-5.976729611466565;2;5;3;24;3;1;9;17;4;0;3;1;1;9;11;2;11;18;5;1;10;13
TRACK:1299;1102;1208;3;2;2;0;4;6;5;3;0;2;9;12;2;22;-3.6386820642373268;12;2;2;4;2;17;0;0;13;22;-8.047565378343819;6;21;0.9280645394629929;5;6;4;9;0;6;6;3;5;8;18;25;6;6;2;5;1;6;4;1;10;7;-5.666966044560526;2;6;23;5.011102907267905;3;1;9;17;4;0;3;1;1;20;1.598367018026018;11;2;11;21;-7.488832102007052;2;15;20;4.220485280584381
TRACK:1300;1290;-1;3;2;2;0;4;6;5;0;2;2;9;15;5;22;8.002526332816721;2;6;12;0;21;-4.040303331001338;11;2;2;4;2;6;1;25;12;0;0;13;22;-8.03949711063296;6;25;5;5;2;5;17;5;17;6;6;4;5;4;21;-5.921867363894234;25;6;6;4;9
TRACK:1301;1101;-1;3;2;2;0;4;6;5;3;0;2;9;12;2;22;-3.654243477332579;12;2;2;4;2;17;0;0;13;22;-7.932101793486584;6;21;0.8263285082029109;5;6;4;9;0;6;6;3;5;8;6;1;4;3;13;3;10;25;6;6;2;5;1;6;4;1;10;7;-5.811036449085627;2;6;23;5.211671102538719;3;1;9;17;4;0;3;1;1;9;11;2;11;21;-7.518832654861585;5;4;6;13
TRACK:1302;1294;-1;3;2;2;0;4;6;5;3;0;2;9;12;2;22;-3.4271080407946277;12;2;2;4;2;17;0;0;13;22;-7.836153369304917;6;21;0.7954967028216121;5;6;4;18;0;6;6;3;5;8;6;1;4;3;12;3;10;25;6;6;2;5;1;6;4;1;10;7;-5.808633098992104;2;6;23;5.386343948408825;3;1;9;17;4;0;3;1;1;9;9;2;11;21;-7.4887964018538575;5;4;6;25
TRACK:1303;1296;-1;3;2;2;0;1;5;3;2;6;3;11;1;6;11;6;24;5;3;1;2;0;19;21;-8.869793358269975;5;16;2;0;16;17;6;19;2;2;4;2;6;1;25;12;0;0;13;22;-7.931108520372821;6;25;5;5;2;5;17;5;17;6;6;4;5;4;21;-6.108427212288929;25;6;6;4;5;4;21;-6.200843361602176
TRACK:1304;1298;-1;3;2;2;0;4;6;5;3;0;2;9;12;2;22;-3.710034346806267;12;2;2;9;5;6;4;9;0;6;6;3;5;8;6;1;4;9;3;10;25;6;6;2;5;3;4;4;1;19;19;4;0;3;1;1;9;11;2;11;18;5;1;10;13
TRACK:1305;1291;-1;3;2;2;0;4;6;5;3;0;2;9;12;2;22;-3.792180007667908;12;2;2;4;2;17;0;0;13;22;-8.052642004460338;6;21;0.992103845982955;5;6;4;9;0;6;6;3;2;9;16;6;1;4;9;3;10;25;6;6;2;5;1;6;4;1;10;7;-5.804318602840218;2;5;3;24;3;1;9;17;4;0;3;1;1;9;11;2;11;18;5;1;6;21;7.1982373068206895;6;14
TRACK:1306;848;-1;3;2;2;0;4;6;5;3;0;2;9;17;2;22;-3.7103533784271505;12;2;2;4;2;6;1;20;1.591373015787141;12;0;0;13;22;-7.955730237936773;6;21;1.1087963594192043;5;5;2;5;17;5;17;6;6;4;5;4;21;-6.0476539120978705;25;6;6;4;5;6;24
TRACK:1307;1295;-1;3;2;2;0;4;6;5;3;0;2;9;17;2;22;-3.8617986347007935;12;2;2;4;2;6;1;20;1.5111393254387036;12;0;0;13;22;-8.017825218796613;6;23;5.3744505383168235;5;5;2;5;17;5;17;6;6;4;5;4;21;-5.977647268383932;25;6;6;4;5;4;4;3;1;19;13
TRACK:1308;1297;-1;3;2;2;0;2;3;2;23;2.585756991147756;11;1;0;13;20;-9.91445891864976;3;22;1.7854732801405575;2;2;4;2;17;0;0;13;22;-7.859970073924625;6;21;0.9697839473565538;5;6;4;9;0;6;6;3;5;8;6;1;25;3;10;25;6;6;2;5;1;6;4;1;10;7;-5.772392167742712;2;6;23;5.27150543898517;3;1;9;17;4;0;3;1;1;9;11;2;11;21;-7.327572052360454;5;4;6;25
TRACK:1309;1299;-1;3;2;2;0;4;6;5;3;0;2;8;12;2;22;-3.6829042852986866;12;2;2;4;2;17;0;0;13;22;-8.1263236520065;6;21;0.8838313621132876;5;6;4;9;0;6;6;3;5;8;18;25;6;6;2;5;1;6;4;1;10;7;-5.641211074551837;2;6;23;5.0734114428264725;3;1;9;17;4;0;3;1;1;20;1.6437019162447641;11;2;11;21;-7.4964260264465965;2;15;20;4.322316532299118
EVAL_INSTANCE:65:0:1300
EVAL_INSTANCE:65:1:1301
EVAL_INSTANCE:65:2:1302
EVAL_INSTANCE:65:3:1303
EVAL_INSTANCE:65:4:1304
EVAL_INSTANCE:65:5:1305
EVAL_INSTANCE:65:6:1306
EVAL_INSTANCE:65:7:1307
EVAL_INSTANCE:65:8:1308
EVAL_INSTANCE:65:9:1309
RUN_RESULT:65:0:0:1082:UUUURRURDLLLDRDRRRDD
RUN_RESULT:65:1:0:152:UUUURRURDRDDDD
RUN_RESULT:65:2:0:168:UUUURRURDRDDDD
RUN_RESULT:65:3:0:266:UUUURRURDRDDDD
RUN_RESULT:65:4:0:2000:----
RUN_RESULT:65:5:0:300:UUUURRURDRDDDD
RUN_RESULT:65:6:0:224:UUUURRURDRDDDD
RUN_RESULT:65:7:0:2000:----
RUN_RESULT:65:8:0:2000:----
RUN_RESULT:65:9:0:2000:----
    66 |      660 | -3.848000E+03 | -3.850000E+03
TRACK:1310;1208;1146;3;2;2;0;4;6;5;3;0;2;9;12;2;22;-3.6386820642373268;12;2;2;4;2;17;0;0;13;22;-8.047565378343819;6;21;0.9280645394629929;5;6;4;9;0;6;6;3;5;8;6;1;4;3;13;3;10;25;6;6;2;5;1;5;4;21;-6.237760229672212;2;6;23;5.011102907267905;3;1;9;17;4;0;3;1;1;20;1.598367018026018;11;2;11;21;-7.488832102007052;2;15;20;4.220485280584381
TRACK:1311;1208;1146;3;2;2;0;4;6;5;3;0;2;9;17;2;22;-3.783150876551037;12;2;2;4;2;6;1;25;12;0;0;13;22;-8.047315400829996;25;5;5;2;5;17;5;17;6;6;4;5;4;21;-6.04574841895601;25;6;6;4;5;4;21;-6.237760229672212
TRACK:1312;1101;1249;3;2;2;0;4;6;5;3;0;2;9;12;2;22;-3.633486336201184;12;2;2;4;2;17;0;0;13;22;-7.841483336673723;6;21;0.9426160602270357;5;6;4;9;0;6;6;3;5;8;6;1;4;3;13;3;10;25;6;6;2;5;1;6;4;1;10;7;-5.752520533406472;2;6;23;5.240186982945562;3;1;9;17;4;0;5;8;5;4;6;25
TRACK:1313;1101;1249;3;2;2;0;4;6;5;3;0;2;9;12;2;22;-3.482284914439308;12;2;2;4;2;17;0;0;13;22;-7.854988863239754;6;21;0.8570268108355165;5;6;4;18;0;6;6;3;5;8;6;1;4;3;13;3;10;25;6;6;2;5;1;6;3;5;8;2;6;23;5.397297529048893;3;1;9;17;4;0;3;1;1;9;11;2;11;21;-7.458522703324171;5;4;6;25
TRACK:1314;848;848;3;2;2;0;4;6;5;3;0;2;9;17;2;22;-3.8259030561983507;12;2;2;4;2;6;1;20;1.6619559846101999;12;0;0;13;22;-8.049768830461831;6;21;1.0412755781314953;5;5;2;5;17;5;17;6;6;4;5;4;21;-6.077092464338748;25;6;6;12
TRACK:1315;848;848;3;2;2;0;5;17;2;2;4;2;6;1;20;1.6619559846101999;12;0;0;13;22;-8.049768830461831;6;21;1.0412755781314953;5;5;2;5;17;5;17;6;6;4;5;4;21;-6.077092464338748;25;6;6;4;5;4;21;-6.3824430909588905
TRACK:1316;1146;1102;3;2;2;0;4;6;5;3;0;2;9;17;2;22;-3.783150876551037;12;2;2;4;2;6;1;25;12;0;0;13;22;-8.047315400829996;6;25;5;5;2;5;17;5;17;6;6;4;5;4;21;-6.04574841895601;25;6;6;4;5;0;3;1;1;9;11;2;11;18;5;1;10;13
TRACK:1317;1146;1102;3;2;2;0;4;6;5;3;0;22;-3.783150876551037;2;22;-3.772267591187182;12;2;2;4;2;17;0;0;13;22;-7.912624957707349;6;21;1.0452515246877252;5;6;4;9;0;6;6;3;5;8;6;1;4;9;3;10;25;6;6;2;5;1;6;4;1;10;7;-5.976729611466565;2;5;3;24;3;1;9;17;4;0;3;1;1;9;11;2;11;18;5;1;10;13
TRACK:1318;1208;1101;3;1;4;3;13;3;10
TRACK:1319;1208;1101;3;2;10;6;6;2;5;1;6;4;1;10;7;-5.752520533406472;2;6;23;5.240186982945562;3;1;9;17;4;0;3;1;1;9;11;2;11;21;-7.481580248551218;5;4;6;25
TRACK:1320;1310;-1;5;5;18
TRACK:1321;1312;-1;3;2;2;0;4;6;5;3;0;2;9;12;3;16;2;2;4;2;17;0;0;13;22;-7.968755744385055;6;21;0.8418581220618353;5;6;4;9;0;6;6;3;5;8;6;1;4;3;13;3;10;25;6;6;2;5;1;6;4;1;10;7;-5.866896292251542;2;6;23;5.059982166572265;3;1;9;17;4;0;5;8;5;4;6;25
TRACK:1322;1314;-1;3;2;2;0;4;6;5;3;0;2;9;17;2;22;-3.950186605178666;12;2;2;4;2;6;1;20;1.5294191581302041;12;0;0;13;22;-8.008610061628023;6;21;0.9727165043570624;5;5;2;5;17;5;17;6;6;4;5;4;9;25;6;6;12
TRACK:1323;1316;-1;3;2;2;0;4;6;5;3;0;2;9;17;2;22;-3.9927731456765003;12;2;0;0;6;15;2;17;23;6.538016813763537;3;2;10;19;6;6;4;5;4;21;-6.07430818641361;25;6;6;4;5;0;3;1;1;9;11;2;11;18;5;1;10;13
TRACK:1324;1318;-1;3;1;4;3;13;3;0;6;5;6;2;6;21;-0.1819346060963145;1;25;17;5;4;6;1;4;17;5;9
TRACK:1325;1311;-1;3;2;2;0;4;6;5;3;0;2;9;17;2;22;-3.7270873242635965;12;2;2;2;25;10;5;5;2;5;17;5;17;6;6;4;5;4;21;-6.019072941317172;25;6;6;4;5;4;21;-6.17671960427715
TRACK:1326;1313;-1;3;2;2;0;4;6;5;3;0;2;9;12;2;22;-3.402819900653337;12;2;2;5;0;2;3;14;3;8;0;2;18;13;6;25;5;6;4;18;0;6;6;3;5;8;6;1;4;3;13;3;10;25;6;6;2;5;1;6;3;5;8;2;6;23;5.6382912758750505;3;1;9;17;4;0;3;1;1;9;11;2;11;21;-7.280570009238645;5;4;6;25
TRACK:1327;1315;-1;3;2;2;18;16;6;6;4;5;4;21;-6.320016269413144
TRACK:1328;1317;-1;3;2;2;0;4;6;5;3;0;22;-3.7363366596685847;2;22;-3.6507077371225196;8;2;2;4;2;17;0;0;13;22;-8.012567275194286;6;21;1.0826888246194326;5;6;4;9;0;6;6;3;5;8;6;1;4;9;3;10;25;6;6;2;5;1;6;4;1;10;7;-6.022633140222908;2;5;3;24;3;1;9;17;4;0;3;1;1;9;11;2;11;18;5;1;10;13
TRACK:1329;1319;-1;3;2;10;6;6;2;5;1;6;4;1;10;7;-5.785641412649971;2;6;23;5.048111291849595;3;1;21;-8.180767019949888;17;4;0;3;1;1;9;11;2;11;21;-7.648395424220022;5;4;6;25
EVAL_INSTANCE:66:0:1320
EVAL_INSTANCE:66:1:1321
EVAL_INSTANCE:66:2:1322
EVAL_INSTANCE:66:3:1323
EVAL_INSTANCE:66:4:1324
EVAL_INSTANCE:66:5:1325
EVAL_INSTANCE:66:6:1326
EVAL_INSTANCE:66:7:1327
EVAL_INSTANCE:66:8:1328
EVAL_INSTANCE:66:9:1329
RUN_RESULT:66:0:0:2000:----
RUN_RESULT:66:1:0:2000:----
RUN_RESULT:66:2:0:283:UUUURRURDRDDDD
RUN_RESULT:66:3:0:973:UUUURRURDRDDDD
RUN_RESULT:66:4:0:2000:----
RUN_RESULT:66:5:0:2000:----
RUN_RESULT:66:6:0:2000:----
RUN_RESULT:66:7:0:2000:----
RUN_RESULT:66:8:0:2000:----
RUN_RESULT:66:9:0:2000:----
    67 |      670 | -3.848000E+03 | -3.850000E+03
TRACK:1330;1146;1301;3;2;2;0;4;6;5;3;0;2;9;17;2;22;-3.783150876551037;12;2;2;4;2;3;10;0;0;13;22;-8.047315400829996;6;25;5;5;2;5;17;5;17;6;6;4;5;4;21;-6.04574841895601;25;6;6;4;5;4;21;-6.237760229672212
TRACK:1331;1146;1301;3;2;2;0;4;6;5;3;0;2;9;12;2;22;-3.654243477332579;12;2;2;4;2;17;0;0;13;22;-7.932101793486584;6;21;0.8263285082029109;5;6;4;9;0;6;6;3;5;8;6;1;4;3;13;3;10;25;6;6;2;5;1;6;4;1;10;7;-5.811036449085627;2;6;23;5.211671102538719;3;1;9;17;4;0;3;1;1;9;11;2;25;21;-7.518832654861585;5;4;6;13
TRACK:1332;1249;848;3;2;2;0;4;6;5;3;0;2;9;12;2;22;-3.482284914439308;12;2;2;4;2;17;0;0;13;22;-7.854988863239754;6;21;0.8570268108355165;5;6;4;18;0;6;6;3;5;8;6;1;4;3;13;3;10;25;6;6;2;5;1;6;4;1;10;7;-5.80040165764789;2;6;23;5.397297529048893;3;1;9;17;4;0;3;1;1;9;11;2;11;21;-7.458522703324171;5;4;6;13
TRACK:1333;1249;848;3;2;2;0;4;6;5;3;0;2;9;17;2;22;-3.8259030561983507;12;2;2;4;2;6;1;20;1.6619559846101999;12;0;0;13;22;-8.049768830461831;6;21;1.0412755781314953;3;1;9;17;6;6;4;5;4;21;-6.077092464338748;25;6;6;4;5;4;21;-6.3824430909588905
TRACK:1334;1208;1102;3;2;2;0;4;6;5;3;0;2;9;12;2;22;-3.6386820642373268;12;2;2;4;2;17;0;0;13;22;-8.047565378343819;6;11;5;6;4;9;0;6;6;3;5;8;6;1;4;3;13;3;10;25;6;6;2;5;1;6;4;1;10;7;-5.666966044560526;2;6;23;5.011102907267905;3;1;9;17;4;0;3;1;1;20;1.598367018026018;11;2;11;21;-7.488832102007052;2;15;20;4.220485280584381
TRACK:1335;1208;1102;3;2;2;0;4;6;5;3;0;2;9;12;2;22;-3.772267591187182;12;2;2;4;2;17;0;0;13;22;-7.912624957707349;6;21;1.0452515246877252;5;6;4;9;0;6;6;3;5;8;6;1;4;9;3;10;25;6;6;2;5;1;6;4;1;10;7;-5.976729611466565;2;5;3;24;3;1;9;17;4;0;3;1;1;9;11;2;11;18;5;1;10;13
TRACK:1336;1249;848;3;2;2;0;4;6;5;3;0;2;9;20;1.6619559846101999;2;22;-3.482284914439308;12;2;2;4;2;17;0;0;13;22;-7.854988863239754;6;21;0.8570268108355165;5;6;4;18;0;6;6;3;5;8;6;1;4;3;13;3;10;25;6;6;2;5;1;6;4;1;10;7;-5.80040165764789;2;6;23;5.397297529048893;3;1;9;17;4;0;3;1;1;9;11;2;11;21;-7.458522703324171;5;4;6;25
TRACK:1337;1249;848;3;2;2;0;4;6;5;3;0;2;9;17;2;22;-3.8259030561983507;12;2;2;4;2;6;1;20;1.6619559846101999;12;0;0;13;22;-8.049768830461831;6;21;1.0412755781314953;5;5;2;5;17;5;17;6;6;4;5;9;25;6;6;4;5;4;21;-6.3824430909588905
TRACK:1338;1208;1146;3;2;2;0;4;6;5;3;0;2;9;12;2;22;-3.6386820642373268;12;2;2;4;2;17;0;0;13;22;-8.047565378343819;6;21;0.9280645394629929;5;6;4;9;0;6;6;3;5;8;6;1;5;17;3;10;25;6;6;2;5;1;6;4;1;10;7;-5.666966044560526;2;6;23;5.011102907267905;3;1;9;17;4;0;3;1;1;20;1.598367018026018;11;2;11;21;-7.488832102007052;2;15;20;4.220485280584381
TRACK:1339;1208;1146;3;2;2;0;4;6;5;3;0;2;9;17;2;22;-3.783150876551037;12;2;2;4;2;6;1;25;12;0;0;13;22;-8.047315400829996;6;25;5;5;2;5;17;5;17;6;6;4;5;4;21;-6.04574841895601;25;6;6;4;5;1;9;17
TRACK:1340;1330;-1;3;2;2;0;4;6;2;0;5;2;24;13;0;2;17;7;-4.504936567374569;2;16;9;3;5;5;18;2;2;4;2;3;10;0;0;13;22;-7.997284224110737;6;25;5;5;2;5;17;5;17;6;6;4;5;4;21;-6.0014494123589195;25;6;6;4;5;4;21;-6.298302900634951
TRACK:1341;1249;-1;3;2;2;0;4;6;5;3;6;0;21;0.7692840794538665;19;2;2;4;2;17;0;0;13;22;-7.943718867134157;6;21;0.9806578174580247;5;6;4;18;0;6;6;3;5;8;6;1;4;3;13;3;10;25;6;6;2;5;1;6;4;1;10;7;-5.89465950080948;2;6;23;5.484897137856538;3;1;9;17;4;0;3;1;1;9;11;2;11;21;-7.569949941800948;5;4;6;25
TRACK:1342;1334;-1;3;2;2;0;4;6;5;3;0;2;9;12;2;22;-3.5912549025175626;12;2;2;2;13;19;5;6;4;9;0;6;6;3;5;8;6;1;4;3;13;3;10;25;6;6;2;5;1;6;4;1;10;7;-5.7163815311242665;2;6;23;5.0735434652974325;3;1;9;17;4;0;3;1;1;20;1.6028072124365547;11;2;11;21;-7.559878285871018;2;15;20;4.394163070562087
TRACK:1343;1336;-1;3;2;2;0;4;6;5;3;0;2;9;20;1.5896514853256938;2;22;-3.6250229512759846;12;2;2;4;2;2;0;16;7;7.924824582200415;0;14;20;-5.032642313623883;6;0;9;16;5;6;4;18;0;6;6;3;5;8;6;1;4;3;13;3;10;25;6;6;2;5;1;6;4;1;10;7;-5.9406049700672945;2;6;23;5.519497871288502;3;1;9;17;4;0;3;1;1;9;11;2;11;21;-7.436370130024418;5;4;6;25
TRACK:1344;1338;-1;3;2;2;0;4;6;5;3;0;2;9;12;2;22;-3.7449998203661763;12;2;0;5;19;0;21;8.936277619685779;12;4;2;14;16;25;6;6;2;5;1;6;4;1;10;7;-5.75043901130022;2;6;23;5.078893947391018;3;1;9;17;4;0;3;1;1;20;1.554786354144365;11;2;11;21;-7.323966955838452;2;15;20;4.062824538762516
TRACK:1345;1331;-1;3;5;4;11
TRACK:1346;848;-1;3;2;2;0;4;6;5;3;0;2;9;17;2;22;-3.813372215323086;12;2;2;4;2;6;1;20;1.5139407673712835;12;0;0;13;22;-8.071558706862321;6;23;-3.834746908025082;5;5;2;5;17;5;17;6;6;4;5;4;21;-6.008167142467296;25;6;6;4;5;4;21;-6.256960499064148
TRACK:1347;1335;-1;3;2;2;0;4;6;5;3;0;2;9;12;2;22;-3.7746819416724375;12;2;2;4;2;17;6;2;17;10;5;6;4;9;0;6;6;3;5;8;6;1;4;9;3;10;25;6;6;2;5;1;6;4;1;10;7;-6.003059109647767;2;5;3;24;3;1;9;17;4;0;3;1;1;9;11;2;11;18;5;1;10;13
TRACK:1348;1337;-1;2;1;2;6;0;1;1;1;11;7;-1.7169003289883413;1;11;9;1;3;20;-2.111189207089586;5;17;2;6;2;8;20;4.096774224769707;5;1;23;-5.852514648564203;25;1;3;1;5;0;12;9;6;0;22;-8.553205079136056;7;4.040827295047379;2;6;6;2;14;20;-7.825673676405329;4;1;2;9;22;-0.61644925553483;0;13;13;5;6;3;3;2;2;25;16;4;23;7.9521058664397515;6;3;4;0;0;1;2;8;23;8.357142145502479;5;12;3;4;25;5;0;1;25;10;5;18
TRACK:1349;1339;-1;3;2;2;0;4;6;5;3;0;2;9;17;2;22;-3.767379621930574;12;2;2;4;2;6;1;25;12;0;0;13;22;-7.992001468535398;6;25;5;5;2;5;17;5;17;6;5;13;25;6;6;4;5;1;9;17
EVAL_INSTANCE:67:0:1340
EVAL_INSTANCE:67:1:1341
EVAL_INSTANCE:67:2:1342
EVAL_INSTANCE:67:3:1343
EVAL_INSTANCE:67:4:1344
EVAL_INSTANCE:67:5:1345
EVAL_INSTANCE:67:6:1346
EVAL_INSTANCE:67:7:1347
EVAL_INSTANCE:67:8:1348
EVAL_INSTANCE:67:9:1349
RUN_RESULT:67:0:0:266:UUUURRURDRDDDD
RUN_RESULT:67:1:0:320:UUUURRURDRDDDD
RUN_RESULT:67:2:0:559:UUUURRURDLLLDDLLDDDRRRRRRU
RUN_RESULT:67:3:0:2000:----
RUN_RESULT:67:4:0:2000:----
RUN_RESULT:67:5:0:2000:----
RUN_RESULT:67:6:0:161:UUUURRURDRDDDD
RUN_RESULT:67:7:0:559:UUUURRURDLLLDDLLDDDRRRRRRU
RUN_RESULT:67:8:0:2000:----
RUN_RESULT:67:9:0:555:UUUURRURDLLLDDLLDDDRRRRRRU
    68 |      680 | -3.848000E+03 | -3.850000E+03
TRACK:1350;1101;1146;3;2;2;0;4;6;5;3;0;2;9;12;2;22;-3.633486336201184;12;2;2;4;2;17;0;0;13;22;-7.841483336673723;6;21;0.9426160602270357;5;6;4;9;0;6;6;3;5;8;5;3;0;2;9;17;2;22;-3.783150876551037;12;25;6;6;2;5;1;6;4;1;10;7;-5.752520533406472;2;6;23;5.240186982945562;3;1;9;17;4;0;3;1;1;9;11;2;11;21;-7.481580248551218;5;4;6;25
TRACK:1351;1101;1146;3;2;2;0;4;6;5;3;0;2;9;17;2;22;-3.783150876551037;12;2;2;4;2;6;1;25;12;0;0;13;22;-8.047315400829996;6;25;5;5;2;5;17;5;17;5;4;6;25;25;6;6;4;5;4;21;-6.237760229672212
TRACK:1352;1301;848;3;2;2;0;4;6;5;3;0;2;9;12;2;22;-3.654243477332579;12;2;2;4;2;17;0;0;13;22;-7.932101793486584;6;21;0.8263285082029109;5;6;4;9;0;6;6;3;5;8;6;1;4;3;13;3;21;1.0412755781314953;25;6;6;2;5;1;6;4;1;10;7;-5.811036449085627;2;6;23;5.211671102538719;3;1;9;17;4;0;3;1;1;9;11;2;11;21;-7.518832654861585;5;4;6;13
TRACK:1353;1301;848;3;2;2;0;4;6;5;3;0;2;9;17;2;22;-3.8259030561983507;12;2;2;4;2;6;1;20;1.6619559846101999;12;0;0;13;22;-8.049768830461831;6;21;1.0412755781314953;5;5;2;5;21;-7.518832654861585;5;17;6;6;4;5;4;21;-6.077092464338748;25;6;6;4;5;4;21;-6.3824430909588905
TRACK:1354;1208;848;3;2;2;0;4;6;5;3;0;2;9;12;2;22;-3.6386820642373268;12;2;2;4;2;17;0;0;13;22;-8.047565378343819;6;21;0.9280645394629929;5;6;4;9;0;6;6;3;5;8;6;1;4;3;13;3;10;25;6;6;2;5;1;6;4;1;10;17;2;6;23;5.011102907267905;3;1;9;17;4;0;3;1;1;20;1.598367018026018;11;2;11;21;-7.488832102007052;2;15;20;4.220485280584381
TRACK:1355;1208;848;3;2;2;0;4;6;5;3;0;2;9;17;2;22;-3.8259030561983507;12;2;2;4;2;6;1;20;1.6619559846101999;12;0;0;13;22;-8.049768830461831;6;21;1.0412755781314953;5;5;2;5;17;5;17;6;6;4;5;4;21;-6.077092464338748;25;6;6;4;5;4;3;10
TRACK:1356;1301;1146;3;2;2;0;4;6;5;3;0;2;9;12;2;22;-3.654243477332579;12;2;2;4;2;17;0;0;13;22;-7.932101793486584;6;21;0.8263285082029109;5;6;4;9;0;6;6;3;25;6;1;4;3;13;3;10;25;6;6;2;5;1;6;4;1;10;7;-5.811036449085627;2;6;23;5.211671102538719;3;1;9;17;4;0;3;1;1;9;11;2;11;21;-7.518832654861585;5;4;6;13
TRACK:1357;1301;1146;3;2;2;0;4;6;5;3;0;2;9;17;2;22;-3.783150876551037;12;2;2;4;2;6;1;25;12;0;0;13;22;-8.047315400829996;6;25;5;5;4;9;6;6;4;5;4;21;-6.04574841895601;25;6;6;4;5;4;21;-6.237760229672212
TRACK:1358;1208;964;3;2;2;0;4;6;5;3;0;2;9;12;2;22;-3.6386820642373268;12;2;2;2;22;-3.8159166039852828;12;5;6;4;9;0;6;6;3;5;8;6;1;4;3;13;3;10;25;6;6;2;5;1;6;4;1;10;7;-5.666966044560526;2;6;23;5.011102907267905;3;1;9;17;4;0;3;1;1;20;1.598367018026018;11;2;11;21;-7.488832102007052;2;15;20;4.220485280584381
TRACK:1359;1208;964;3;2;2;0;4;6;5;3;10;2;2;4;2;17;0;0;13;22;-8.073325880658519;6;21;1.137592882516611;5;6;4;9;0;6;6;3;5;8;6;1;4;9;3;0;10;24;25;6;6;2;5;1;6;4;1;10;7;-5.913030722142099;2;5;3;24;3;1;9;17;4;0;3;1;1;9;11;2;11;18;5;1;6;21;7.154447609093558;6;23;-4.519632417191083
TRACK:1360;1350;-1;3;2;2;0;4;6;5;3;0;2;9;12;2;22;-3.6116593753525796;12;2;2;4;2;17;0;0;13;22;-7.723959747769792;6;21;0.851417427842841;5;6;4;9;0;6;6;15;5;3;0;2;9;17;2;22;-3.8001650357519083;12;25;6;6;2;5;1;6;4;1;10;7;-5.640667388226554;2;6;23;5.155124108137717;3;1;9;17;4;0;3;1;1;9;11;2;11;21;-7.355978047445581;5;4;6;25
TRACK:1361;1301;-1;3;2;2;0;4;6;5;3;0;2;9;12;2;22;-3.6039773344957315;8;2;2;4;2;17;0;0;13;22;-7.953268533674736;6;21;0.949751185897367;5;6;4;9;0;6;6;3;5;8;6;1;4;3;13;3;10;25;6;6;2;5;1;6;4;1;10;7;-5.899379586951097;2;6;23;5.215751235071986;3;1;9;17;4;0;3;1;1;9;11;2;11;21;-7.352581737515263;5;4;6;13
TRACK:1362;1354;-1;3;2;2;0;4;5;23;6.691736760630146;2;2;4;2;17;0;0;13;22;-8.219023128667214;6;21;0.941124720633133;5;6;4;9;0;6;6;3;5;8;6;1;4;3;13;3;10;25;6;6;2;5;1;6;4;1;10;17;2;6;23;4.962972914554701;3;1;9;17;4;0;3;1;1;20;1.5685872041798152;11;2;11;21;-7.372869108893662;2;15;20;3.949134730481411
TRACK:1363;1356;-1;3;2;2;0;4;6;5;3;0;2;9;7;-2.856232986015643;2;22;-3.611333504242097;12;2;2;4;2;17;0;0;13;22;-7.912604780048417;6;21;0.7379987498333722;5;6;4;9;0;6;6;3;25;6;1;4;3;13;3;10;25;6;6;2;5;1;6;4;1;10;7;-5.820538044883568;2;6;23;5.443278303283502;3;1;9;17;4;0;3;1;1;9;11;2;11;21;-7.460940204001298;5;4;6;13
TRACK:1364;1358;-1;3;2;2;0;4;6;5;3;0;2;9;12;2;22;-3.6021869630516337;12;2;2;2;22;-3.6906116805098717;12;5;6;4;9;0;6;6;3;5;8;6;1;4;3;13;3;10;25;6;6;2;5;1;6;4;1;10;7;-5.7347268688106565;4;1;1;7;2.1522740628125057;16;6;17;4;0;3;1;1;20;1.6151967830494167;11;2;11;21;-7.551792644199258;2;15;20;4.212609991321039
TRACK:1365;1351;-1;3;2;2;0;4;6;5;3;0;2;9;17;2;22;-3.867254825754134;12;2;3;1;2;4;1;16;18;1;6;25;5;21;5.0217649111139;1;0;0;24;16;1;23;3.166842620786934;24;3;2;12;13;0;3;6;3;0;23;-4.60288783279953;9;1;2;6;0;23;3.7534813367206006;18;3;5;16;3;1;1;9;7;-4.686402966257884;6;17;25;6;6;4;5;4;21;-6.307039904719833
TRACK:1366;848;-1;3;2;2;0;4;6;5;0;6;9;4;12;2;2;4;2;6;1;20;1.6950226267118982;12;0;0;13;22;-8.142507883398402;6;21;0.9055811454188758;5;5;2;5;17;5;17;6;6;4;5;4;21;-5.9907397380458285;25;6;6;4;5;4;21;-6.3090445889488915
TRACK:1367;1355;-1;3;2;2;0;4;6;5;3;0;2;9;17;2;22;-3.9392351298119257;12;2;2;4;2;6;1;20;1.6218253164902867;12;0;0;13;22;-8.180261964694646;6;21;0.9510668712811361;5;5;2;2;10;11;5;17;6;6;4;5;4;21;-6.049791540394903;25;6;6;4;5;4;3;10
TRACK:1368;1357;-1;3;2;2;0;4;6;5;3;0;2;9;17;2;22;-3.7138535888476243;12;2;2;4;2;6;1;25;12;0;0;13;22;-8.039336722135495;6;25;5;5;4;9;6;6;4;5;4;21;-6.117639534738903;25;6;6;2;0;1;13;22;-9.161248050587199;4;19;2;6;13;1;15;20;8.836214393610543
TRACK:1369;1359;-1;3;2;2;0;4;6;5;3;10;2;2;4;2;17;0;0;13;22;-8.091919959061784;6;21;0.9763470856035221;5;6;4;9;0;6;6;3;5;8;6;1;4;9;3;0;10;24;25;6;6;2;4;6;5;1;6;8;3;21;-2.43944676035899;4;0;3;1;1;9;11;2;11;18;5;1;6;21;7.026947180280454;6;23;-4.453689236791371
EVAL_INSTANCE:68:0:1360
EVAL_INSTANCE:68:1:1361
EVAL_INSTANCE:68:2:1362
EVAL_INSTANCE:68:3:1363
EVAL_INSTANCE:68:4:1364
EVAL_INSTANCE:68:5:1365
EVAL_INSTANCE:68:6:1366
EVAL_INSTANCE:68:7:1367
EVAL_INSTANCE:68:8:1368
EVAL_INSTANCE:68:9:1369
RUN_RESULT:68:0:0:2000:----
RUN_RESULT:68:1:0:181:UUUURRURDRDDLLDDDRRU
RUN_RESULT:68:2:0:282:UUUURRURDRDDDD
RUN_RESULT:68:3:0:2000:----
RUN_RESULT:68:4:0:2000:----
RUN_RESULT:68:5:0:966:UUUURRURDRDDDD
RUN_RESULT:68:6:0:269:UUUURRURDRDDDD
RUN_RESULT:68:7:0:2000:----
RUN_RESULT:68:8:0:965:UUUURRURDRDDDD
RUN_RESULT:68:9:0:316:UUUURRURDRDDDD
    69 |      690 | -3.848000E+03 | -3.850000E+03
TRACK:1370;848;884;3;2;2;0;4;6;5;3;0;2;9;17;2;22;-3.8259030561983507;12;2;2;4;2;6;1;20;1.6619559846101999;12;0;0;13;22;-8.049768830461831;1;10;7;-5.772107013080586;5;5;2;5;17;5;17;6;6;4;5;4;21;-6.077092464338748;25;6;6;4;5;4;21;-6.3824430909588905
TRACK:1371;848;884;3;2;2;0;4;6;5;3;0;2;9;12;2;22;-3.7073738432385936;12;2;2;4;2;17;0;0;13;22;-7.983813870375975;4;21;-6.3824430909588905;5;6;4;9;0;6;6;3;5;8;6;1;4;9;3;10;25;6;6;2;5;1;6;4;1;10;7;-5.772107013080586;2;5;3;24;3;1;9;17;4;0;3;1;1;9;11;2;11;18;5;4;6;25
TRACK:1372;1146;1208;3;2;2;0;4;6;5;3;0;2;9;17;2;22;-3.783150876551037;12;2;2;4;2;6;1;25;12;0;0;13;22;-8.047315400829996;6;25;5;5;2;5;17;5;17;6;6;4;5;4;21;-6.04574841895601;10;6;6;4;5;4;21;-6.237760229672212
TRACK:1373;1146;1208;3;2;2;0;4;6;5;3;0;2;9;12;2;22;-3.6386820642373268;12;2;2;4;2;17;0;0;13;22;-8.047565378343819;6;21;0.9280645394629929;5;6;4;9;0;6;6;3;5;8;6;1;4;3;13;3;10;25;6;6;2;5;1;6;4;1;10;7;-5.666966044560526;2;6;23;5.011102907267905;3;1;9;17;4;0;3;1;1;20;1.598367018026018;11;2;11;21;-7.488832102007052;2;15;1;25;12
TRACK:1374;1101;1208;3;2;2;0;4;6;5;3;0;2;9;12;2;22;-3.633486336201184;12;2;2;4;2;17;0;0;13;22;-7.841483336673723;6;21;0.9426160602270357;5;6;4;9;0;6;6;3;5;8;6;1;4;3;13;3;10;25;6;6;2;5;1;6;2;9;12;2;6;23;5.240186982945562;3;1;9;17;4;0;3;1;1;9;11;2;11;21;-7.481580248551218;5;4;6;25
TRACK:1375;1101;1208;3;2;2;0;4;6;5;3;0;2;9;12;2;22;-3.6386820642373268;12;2;2;4;2;17;0;0;13;22;-8.047565378343819;6;21;0.9280645394629929;5;6;4;9;0;6;6;3;5;8;6;1;4;3;13;3;6;23;5.240186982945562;25;6;6;2;5;1;6;4;1;10;7;-5.666966044560526;2;6;23;5.011102907267905;3;1;9;17;4;0;3;1;1;20;1.598367018026018;11;2;11;21;-7.488832102007052;2;15;20;4.220485280584381
TRACK:1376;1146;848;3;2;2;0;4;6;5;3;0;2;9;17;2;22;-3.783150876551037;21;-6.077092464338748;2;2;4;2;6;1;25;12;0;0;13;22;-8.047315400829996;6;25;5;5;2;5;17;5;17;6;6;4;5;4;21;-6.04574841895601;25;6;6;4;5;4;21;-6.237760229672212
TRACK:1377;1146;848;3;2;2;2;9;17;25;6;6;4;5;4;21;-6.3824430909588905
TRACK:1378;1102;1101;3;2;2;0;4;6;5;3;0;2;9;12;2;22;-3.772267591187182;12;2;2;4;2;17;0;0;13;22;-7.912624957707349;6;21;1.0452515246877252;5;6;4;9;0;6;6;3;5;8;6;1;4;9;3;10;25;6;6;2;5;1;22;-3.633486336201184;2;5;3;24;3;1;9;17;4;0;3;1;1;9;11;2;11;18;5;1;10;13
TRACK:1379;1102;1101;3;2;2;0;4;6;5;3;0;2;9;12;2;22;-3.633486336201184;12;2;2;4;2;17;0;0;13;22;-7.841483336673723;6;21;0.9426160602270357;5;6;4;9;0;6;6;3;5;8;6;1;4;3;13;3;10;25;6;6;2;5;1;6;4;1;10;7;-5.752520533406472;2;6;23;5.240186982945562;3;1;8;17;4;0;3;1;1;9;11;2;11;21;-7.481580248551218;5;4;6;25
TRACK:1380;848;-1;3;2;2;0;4;6;5;3;0;2;9;17;2;22;-3.669441330821857;12;2;2;4;2;6;1;20;1.6200932635522225;12;0;0;13;22;-8.068074534333071;6;21;0.8687335003273663;5;5;2;5;17;5;17;6;6;4;5;6;9;25;6;6;4;5;4;21;-6.490506297222852
TRACK:1381;1146;-1;3;2;2;0;4;6;5;3;0;2;9;19;2;22;-3.871826082688454;12;2;2;4;2;6;1;25;12;0;0;13;22;-8.131053708982249;6;25;5;5;2;5;17;5;17;6;6;4;5;4;21;-6.156312972421576;25;6;6;4;5;4;21;-6.003254007099706
TRACK:1382;1101;-1;3;2;2;0;4;6;5;3;0;2;9;12;2;22;-3.484332678706635;12;2;2;4;2;17;0;0;13;22;-7.865706364513651;6;20;1.8091831036761228;5;6;4;9;0;6;6;3;5;8;6;1;4;3;13;3;10;25;6;6;2;5;1;6;4;1;10;7;-5.771720407073598;2;6;23;5.320582010227015;3;1;9;17;4;0;3;1;1;9;11;2;11;21;-7.375154601489804;5;4;6;25
TRACK:1383;1376;-1;3;2;2;0;4;6;5;3;0;2;9;17;2;22;-3.8536114010510287;21;-6.053282035357346;2;2;4;2;6;1;21;3.9817840870367522;12;0;0;13;22;-8.04899138426678;6;25;5;5;2;5;17;5;17;6;6;4;5;4;21;-5.990375830606653;25;6;6;4;5;4;21;-6.295804405991893
TRACK:1384;1378;-1;3;2;2;0;4;6;5;3;0;2;9;12;2;22;-3.7807058604194506;12;2;2;4;2;17;0;0;13;22;-7.971411668104481;6;21;1.0824510064603237;5;6;4;9;0;6;6;3;5;8;6;1;4;9;3;10;25;6;6;2;5;1;22;-3.5547340240258656;2;5;3;24;3;1;9;17;4;0;3;1;1;9;21;3.2791075087343025;2;11;18;5;1;10;13
TRACK:1385;884;-1;3;2;2;0;4;6;5;3;0;2;9;12;2;22;-3.674006668065474;12;2;2;4;2;17;0;0;13;22;-7.849651890451863;6;21;0.966864119259163;5;6;4;9;0;6;6;2;2;10;14;6;15;6;1;4;9;3;10;25;6;6;2;5;1;6;4;1;10;7;-5.648308612804362;2;5;3;24;3;1;9;17;4;0;3;1;1;9;11;2;11;18;5;4;6;25
TRACK:1386;1208;-1;3;2;6;6;0;3;4;2;0;6;10;3;16;3;4;12;6;4;2;2;1;11;7;0.16795573624740712;1;11;7;9.010696037163594;4;6;8;2;4;1;0;2;6;6;3;17;4;2;0;14;17;2;22;-0.9927640951586696;25;5;5;2;3;19;2;13;7;7.779310700672781;1;0;5;3;4;17;4;0;6;23;-8.378171859311745;4;14;1;3;3;1;20;5.382666915170105;11;2;3;2;22;3.425007599717942;17;5;5;14;3;2;0;6;5;4;1;16;12;0;6;3;0;8;10;1;4;6;14;6;0;9;17;5;0;1;1;1;18;24;6;12;3;1;23;8.034430552642185;17;5;3;6;9
TRACK:1387;1208;-1;3;2;2;0;4;6;5;3;0;2;9;12;2;22;-3.6459832091602182;12;2;2;4;2;17;0;0;13;22;-7.949318531788323;6;21;0.7905349712868716;5;6;4;9;0;6;6;3;2;20;-5.09726612648797;16;6;1;4;3;13;3;10;25;6;6;2;5;1;6;4;1;10;7;-5.6585789286264765;2;6;23;5.078098556481976;3;1;9;17;4;0;3;1;1;20;1.5556657004554773;11;2;11;21;-7.511679830182865;2;15;20;4.202329991075418
TRACK:1388;1377;-1;3;2;2;2;9;17;25;6;6;4;5;4;5;4;2;8;19
TRACK:1389;1379;-1;3;2;2;0;4;6;5;3;0;2;9;12;2;22;-3.583624710301346;12;2;2;4;2;17;0;0;13;22;-7.934906905446569;6;21;1.0226655481272782;5;6;4;9;0;6;6;3;5;8;6;1;4;3;13;3;10;25;6;6;2;6;3;2;6;0;23;-0.8281490319408107;8;3;4;22;8.970289960053087;4;0;3;1;1;9;11;2;11;21;-7.600358597958802;5;4;6;25
EVAL_INSTANCE:69:0:1380
EVAL_INSTANCE:69:1:1381
EVAL_INSTANCE:69:2:1382
EVAL_INSTANCE:69:3:1383
EVAL_INSTANCE:69:4:1384
EVAL_INSTANCE:69:5:1385
EVAL_INSTANCE:69:6:1386
EVAL_INSTANCE:69:7:1387
EVAL_INSTANCE:69:8:1388
EVAL_INSTANCE:69:9:1389
RUN_RESULT:69:0:0:167:UUUURRURDRDDDD
RUN_RESULT:69:1:0:150:UUUURRURDRDDDD
RUN_RESULT:69:2:0:565:UUUURRURDLLLDDLLDDDRRRRRRU
RUN_RESULT:69:3:0:176:UUUURRURDRDDDD
RUN_RESULT:69:4:0:276:UUUURRURDRDDDD
RUN_RESULT:69:5:0:334:UUUURRURDRDDDD
RUN_RESULT:69:6:0:300:UUUURRURDRDDDD
RUN_RESULT:69:7:0:282:UUUURRURDRDDDD
RUN_RESULT:69:8:0:2000:----
RUN_RESULT:69:9:0:2000:----
    70 |      700 | -3.848300E+03 | -3.850000E+03
TRACK:1390;1102;1301;3;2;2;0;4;6;5;3;0;2;9;12;2;22;-3.772267591187182;12;2;2;4;2;17;0;0;13;22;-7.912624957707349;6;21;1.0452515246877252;5;6;4;9;0;6;6;3;5;8;6;1;4;9;3;10;25;6;6;2;5;1;6;4;1;10;7;-5.976729611466565;2;5;3;24;3;1;9;17;2;17;0;0;13;22;-7.932101793486584;6;21;0.8263285082029109
TRACK:1391;1102;1301;3;2;2;0;4;6;5;3;0;2;9;12;2;22;-3.654243477332579;12;2;2;4;2;17;0;0;13;22;-7.932101793486584;6;21;0.8263285082029109;5;6;4;9;0;6;6;3;5;8;6;1;4;3;13;3;10;25;6;6;2;5;1;6;4;1;10;8;2;6;23;5.211671102538719;3;1;9;17;4;0;3;1;1;9;11;2;11;21;-7.518832654861585;5;4;6;13
TRACK:1392;1381;848;3;2;2;0;4;6;5;3;0;2;9;19;2;22;-3.871826082688454;12;2;2;4;2;6;1;25;12;0;0;13;22;-8.131053708982249;6;25;5;5;2;5;17;5;17;6;6;4;5;4;21;-6.156312972421576;25;5;4;21;-6.3824430909588905
TRACK:1393;1381;848;3;2;2;0;4;6;5;3;0;2;9;17;2;22;-3.8259030561983507;12;2;2;4;2;6;1;20;1.6619559846101999;12;0;0;13;22;-8.049768830461831;6;21;1.0412755781314953;5;5;2;5;17;5;17;6;6;4;5;4;21;-6.077092464338748;25;6;6;2;22;-3.871826082688454;12
TRACK:1394;1146;1208;3;2;2;0;4;6;5;3;0;2;9;17;2;22;-3.783150876551037;12;2;2;4;2;6;1;25;12;0;0;13;22;-8.047315400829996;6;25;5;5;2;5;17;5;17;6;6;4;5;4;13;25;6;6;4;5;4;21;-6.237760229672212
TRACK:1395;1146;1208;3;2;2;0;4;6;5;12;2;2;4;2;17;0;0;13;22;-8.047565378343819;6;21;0.9280645394629929;5;6;4;9;0;6;6;3;5;8;6;1;4;3;13;3;10;25;6;6;2;5;1;6;4;1;10;7;-5.666966044560526;2;6;23;5.011102907267905;3;1;9;17;4;0;3;1;1;20;1.598367018026018;11;2;11;21;-7.488832102007052;2;15;20;4.220485280584381
TRACK:1396;1249;848;3;2;2;0;4;6;5;3;0;2;9;12;2;22;-3.482284914439308;12;2;2;4;2;17;0;0;13;22;-7.854988863239754;6;21;0.8570268108355165;5;6;4;18;0;6;6;3;5;8;6;1;4;3;13;3;10;25;12
TRACK:1397;1249;848;3;2;2;0;4;6;5;3;0;2;9;17;2;9;12;2;2;4;2;6;1;20;1.6619559846101999;12;0;0;13;22;-8.049768830461831;6;21;1.0412755781314953;5;5;2;5;17;5;17;6;6;4;5;4;21;-6.077092464338748;25;6;6;4;5;4;21;-6.3824430909588905
TRACK:1398;1381;1146;3;2;2;0;4;6;5;3;0;2;9;19;2;22;-3.871826082688454;12;2;2;4;2;6;1;25;12;6;25;5;5;2;5;17;5;17;6;6;4;5;4;21;-6.156312972421576;25;6;6;4;5;4;21;-6.003254007099706
TRACK:1399;1381;1146;3;2;2;0;2;5;17;5;17;2;2;4;2;6;1;25;12;0;0;13;22;-8.047315400829996;6;25;5;5;2;5;17;5;17;6;6;4;5;4;21;-6.04574841895601;25;6;6;4;5;4;21;-6.237760229672212
TRACK:1400;1390;-1;3;2;2;0;4;6;5;3;0;2;9;12;2;22;-3.7388603113934433;12;2;2;4;2;17;0;0;13;22;-7.844470601957874;6;21;0.9894558747470774;5;6;4;9;0;6;6;3;5;8;6;1;4;9;3;10;25;6;6;2;5;1;6;4;0;12;18;2;5;3;24;3;1;9;17;2;17;0;0;13;22;-7.805016204308692;6;21;0.7301931418806655
TRACK:1401;1392;-1;3;2;2;0;4;6;5;3;0;2;9;19;2;8;12;2;2;4;2;6;1;25;12;0;0;13;22;-8.010401885490369;6;25;5;5;2;5;17;5;17;6;6;4;5;4;21;-6.018603499813848;25;5;4;21;-6.371461153062555
TRACK:1402;1394;-1;3;2;2;0;4;6;5;3;0;2;9;17;2;22;-3.740716851140645;12;2;2;4;2;6;1;25;12;0;0;13;22;-7.998937665293211;6;25;5;5;2;5;17;5;18;6;6;4;5;4;13;25;6;6;4;5;4;21;-6.265016287953376
TRACK:1403;1396;-1;3;2;2;0;4;6;5;3;0;2;9;12;2;22;-3.48895159425622;12;2;2;4;2;17;0;0;25;22;-8.007514423093653;6;21;0.822033066549087;5;6;4;18;0;6;6;3;5;8;6;1;4;3;13;3;10;25;12
TRACK:1404;1398;-1;3;2;2;0;4;6;5;3;0;2;9;19;2;22;-3.9053508434245803;12;2;2;4;2;6;1;25;12;6;25;5;5;2;5;17;5;17;6;6;4;4;4;14;25;6;6;4;5;4;21;-6.05338621601793
TRACK:1405;1391;-1;3;2;2;0;4;6;5;3;0;2;9;12;2;22;-3.5807482121888508;12;2;2;4;2;17;0;0;13;22;-8.063167660786597;6;21;0.8818810710020376;5;6;4;9;0;6;6;3;5;8;6;1;4;3;13;3;10;25;6;6;2;5;1;6;4;1;10;8;2;2;24;22;-3.735799174322465;3;1;9;17;4;0;3;1;1;9;11;2;11;21;-7.5907927003120905;5;4;6;13
TRACK:1406;1393;-1;3;2;2;0;4;6;5;3;0;2;23;-0.15307394613534875;17;2;22;-3.9164781353648355;12;2;2;4;2;6;1;20;1.5765987656001377;12;0;0;13;22;-8.116847550712723;6;21;1.136219078217561;5;5;2;5;17;5;17;6;6;4;5;4;21;-5.91218819422881;25;6;6;2;22;-3.732698634945417;12
TRACK:1407;1395;-1;3;2;2;0;4;6;5;12;2;2;4;2;17;0;0;13;22;-8.236631831134876;6;21;0.6261840359522182;5;6;4;9;0;6;6;3;5;8;6;1;4;3;13;3;10;25;6;6;2;5;1;6;4;1;10;7;-5.566650912270304;2;6;23;5.050966522869682;3;1;9;17;4;0;3;1;1;20;1.6555705275128376;11;2;18;21;-7.373217994430774;2;15;20;4.354729655231728
TRACK:1408;1397;-1;3;2;2;0;4;6;5;3;0;2;9;17;2;9;12;2;2;4;2;6;1;20;1.7622453209788989;12;0;0;13;22;-7.918943727669763;6;21;0.9495662208677097;5;5;2;2;8;16;5;17;6;6;4;5;4;21;-6.112956661996704;25;6;6;4;5;4;21;-6.407452103244676
TRACK:1409;1399;-1;3;2;2;0;2;5;17;5;0;17;12;2;2;4;2;6;1;25;12;0;0;13;22;-8.18062030833677;6;25;5;5;2;5;17;5;17;6;6;4;5;4;21;-6.140109999174328;25;6;6;4;5;4;21;-6.260214383258471
EVAL_INSTANCE:70:0:1400
EVAL_INSTANCE:70:1:1401
EVAL_INSTANCE:70:2:1402
EVAL_INSTANCE:70:3:1403
EVAL_INSTANCE:70:4:1404
EVAL_INSTANCE:70:5:1405
EVAL_INSTANCE:70:6:1406
EVAL_INSTANCE:70:7:1407
EVAL_INSTANCE:70:8:1408
EVAL_INSTANCE:70:9:1409
RUN_RESULT:70:0:0:2000:----
RUN_RESULT:70:1:0:266:UUUURRURDRDDDD
RUN_RESULT:70:2:0:969:UUUURRURDRDDDD
RUN_RESULT:70:3:0:167:UUUURRURDRDLLDLDLDDRRRUR
RUN_RESULT:70:4:0:2000:----
RUN_RESULT:70:5:0:276:UUUURRURDRDDDD
RUN_RESULT:70:6:0:2000:----
RUN_RESULT:70:7:0:271:UUUURRURDRDDDD
RUN_RESULT:70:8:0:279:UUUURRURDRDDDD
RUN_RESULT:70:9:0:266:UUUURRURDRDDDD
    71 |      710 | -3.848300E+03 | -3.850000E+03
TRACK:1410;848;1101;3;2;2;0;4;6;5;3;0;2;9;17;6;25;2;2;4;2;6;1;20;1.6619559846101999;12;0;0;13;22;-8.049768830461831;6;21;1.0412755781314953;5;5;2;5;17;5;17;6;6;4;5;4;21;-6.077092464338748;25;6;6;4;5;4;21;-6.3824430909588905
TRACK:1411;848;1101;3;2;2;0;4;6;5;3;0;2;9;12;2;22;-3.633486336201184;12;2;2;4;2;17;0;0;13;22;-7.841483336673723;6;21;0.9426160602270357;5;6;4;9;0;6;6;3;5;8;6;1;4;3;13;3;10;25;6;6;2;5;1;6;4;1;10;7;-5.752520533406472;2;6;23;5.240186982945562;3;1;9;17;4;0;3;6;21;1.0412755781314953;5;4;6;25
TRACK:1412;1381;1146;3;2;2;0;4;6;5;3;0;2;9;19;2;22;-3.871826082688454;12;2;2;4;2;6;1;25;12;0;0;13;22;-8.131053708982249;6;25;5;5;0;0;13;22;-8.047315400829996;6;25;6;6;4;5;4;21;-6.156312972421576;25;6;6;4;5;4;21;-6.003254007099706
TRACK:1413;1381;1146;3;2;2;0;4;6;5;3;0;2;9;17;2;22;-3.783150876551037;12;2;2;4;2;6;1;25;12;0;0;13;22;-8.047315400829996;6;25;5;5;2;5;17;5;17;6;6;4;5;4;21;-6.04574841895601;25;6;6;4;6;4;5;4;21;-6.156312972421576
TRACK:1414;1208;848;3;2;2;0;4;6;5;3;0;2;9;12;2;22;-3.6386820642373268;12;2;2;4;2;17;0;0;13;22;-8.047565378343819;6;21;0.9280645394629929;5;6;4;9;0;6;6;3;5;8;6;1;4;3;13;3;10;25;6;6;2;5;1;6;4;1;10;7;-5.666966044560526;2;6;23;5.011102907267905;3;1;9;17;4;0;3;1;1;20;1.598367018026018;11;2;11;21;-7.488832102007052;2;21;-6.3824430909588905;20;4.220485280584381
TRACK:1415;1208;848;3;2;2;0;4;6;5;3;0;2;9;17;2;22;-3.8259030561983507;12;2;2;4;2;6;1;20;1.6619559846101999;12;0;0;13;22;-8.049768830461831;6;21;1.0412755781314953;5;5;2;5;17;5;17;6;6;4;5;4;21;-6.077092464338748;25;6;6;10
TRACK:1416;1208;1301;3;2;2;0;4;6;5;3;0;2;22;-3.654243477332579;12;2;22;-3.6386820642373268;12;2;2;4;2;17;0;0;13;22;-8.047565378343819;6;21;0.9280645394629929;5;6;4;9;0;6;6;3;5;8;6;1;4;3;13;3;10;25;6;6;2;5;1;6;4;1;10;7;-5.666966044560526;2;6;23;5.011102907267905;3;1;9;17;4;0;3;1;1;20;1.598367018026018;11;2;11;21;-7.488832102007052;2;15;20;4.220485280584381
TRACK:1417;1208;1301;3;2;2;0;4;6;5;3;0;2;9;12;2;22;-3.654243477332579;12;2;2;4;2;17;20;1.598367018026018;5;6;4;9;0;6;6;3;5;8;6;1;4;3;13;3;10;25;6;6;2;5;1;6;4;1;10;7;-5.811036449085627;2;6;23;5.211671102538719;3;1;9;17;4;0;3;1;1;9;11;2;11;21;-7.518832654861585;5;4;6;13
TRACK:1418;1381;1146;3;2;2;0;4;6;5;3;0;2;9;19;2;22;-3.871826082688454;12;2;2;4;2;6;1;25;12;0;0;13;22;-8.131053708982249;6;25;5;5;2;5;17;5;17;6;6;4;21;-6.237760229672212;25;6;6;4;5;4;21;-6.003254007099706
TRACK:1419;1381;1146;3;2;2;0;4;6;5;3;0;2;9;17;2;22;-3.783150876551037;12;2;2;4;2;6;1;25;12;0;0;13;22;-8.047315400829996;6;25;5;5;2;5;17;12;6;6;4;5;4;21;-6.04574841895601;25;6;6;4;5;4;21;-6.237760229672212
TRACK:1420;1410;-1;3;2;2;0;4;6;5;3;0;2;9;17;6;25;2;2;4;2;6;1;20;1.655398241480367;12;0;0;13;22;-7.847745808552435;6;21;0.9753636913953804;5;5;2;5;17;5;17;6;6;4;5;4;21;-6.211137060555019;25;4;4;1;2;4;6;1;7;-5.209443587567721;14;1;0;2;11;23;5.395645257968804;3;16;1;3;13;4;14;1;0;4;5;23;7.981557396813887;0;0;15;15;1;20;6.091277115581274;7;-5.559318912244744;4;5;0;13;21;-2.896788245846973
TRACK:1421;1412;-1;3;2;2;0;4;6;5;3;0;2;9;19;2;22;-4.018030937450107;12;2;2;4;2;6;1;25;12;0;0;13;22;-8.158673529561788;6;25;6;4;6;7;-7.180944077727975;6;6;4;5;4;21;-6.128607591481573;25;6;6;4;5;4;21;-5.837073493220167
TRACK:1422;1414;-1;3;2;2;0;4;6;5;2;1;14;17;2;13;12;2;2;4;2;17;0;0;13;22;-8.18416054317188;6;21;0.9557092542774507;5;6;4;9;0;6;6;3;5;8;6;1;4;3;13;3;10;25;6;6;2;5;1;6;4;1;10;7;-5.780452985656774;2;6;23;5.026745106657127;3;1;9;17;4;0;3;1;1;20;1.4850327076463852;11;2;11;21;-7.5035768932473585;2;21;-6.730245515088099;20;4.1208679855542485
TRACK:1423;1416;-1;3;2;2;0;4;6;5;3;0;2;22;-3.770139533329966;12;2;22;-3.8119178156409697;12;2;2;4;2;17;0;0;13;22;-8.150589784379335;6;21;0.9693183905603957;5;6;4;9;0;6;6;3;5;8;6;1;4;3;13;3;10;25;6;6;2;5;1;6;4;1;10;7;-5.757696326683327;2;6;23;4.853708441055067;3;1;9;17;4;0;3;1;1;19;11;2;11;21;-7.481341976454907;2;15;20;4.142927179475814
TRACK:1424;1418;-1;3;2;2;0;4;6;5;3;0;2;9;19;2;22;-3.9055373777306945;12;2;2;4;2;6;1;25;12;0;0;13;22;-8.097675325193809;6;25;5;5;2;5;17;4;19;6;6;4;21;-6.304569420630686;25;6;6;4;5;4;21;-5.99093471908621
TRACK:1425;1411;-1;3;2;2;0;4;6;5;3;0;2;9;12;2;22;-3.658433324564662;12;2;2;6;2;3;18;5;15;6;1;3;18;0;19;10;0;6;6;3;5;8;6;1;4;3;13;3;10;25;6;6;2;5;1;6;4;1;10;7;-5.751762767214239;2;6;23;5.361957604580579;3;1;9;17;4;0;3;6;21;1.0947272855248513;5;4;6;25
TRACK:1426;1413;-1;4;1;6;2;0;0;6;5;18;2;6;23;6.071963891926231;5;15;6;6;0;8;16;5;0;3;3;10;3;2;8;23;-4.134792263362977;3;1;2;6;5;4;19;1;3;6;21;8.15089898508717;3;1;23;0.318227204148112;8;3;6;5;3;12
TRACK:1427;1415;-1;3;2;2;0;4;6;5;3;0;2;9;17;2;22;-3.783803857354903;12;2;2;4;2;3;0;13;21;0.14570889144877341;0;0;13;22;-7.975928515680344;6;21;0.9981365399982703;5;5;2;5;17;5;17;6;6;4;5;4;21;-5.994966038450616;25;6;6;10
TRACK:1428;1417;-1;3;2;2;0;4;6;5;3;0;2;9;12;2;22;-3.8258593326195687;12;2;2;4;2;17;20;1.5327026594085973;5;6;4;9;0;6;6;3;5;8;6;1;4;3;13;3;10;25;6;6;2;5;1;6;4;1;10;7;-5.9631352146170125;2;6;23;5.404501026454901;3;1;9;17;2;2;25;15;1;16;15
TRACK:1429;1419;-1;3;2;2;0;4;6;5;3;0;2;9;17;2;22;-3.872476994005696;12;2;2;4;2;6;1;25;12;0;0;13;12;6;25;5;5;2;5;17;12;6;6;4;5;4;21;-6.003237899335816;25;6;6;4;5;4;21;-6.3528772823370865
EVAL_INSTANCE:71:0:1420
EVAL_INSTANCE:71:1:1421
EVAL_INSTANCE:71:2:1422
EVAL_INSTANCE:71:3:1423
EVAL_INSTANCE:71:4:1424
EVAL_INSTANCE:71:5:1425
EVAL_INSTANCE:71:6:1426
EVAL_INSTANCE:71:7:1427
EVAL_INSTANCE:71:8:1428
EVAL_INSTANCE:71:9:1429
RUN_RESULT:71:0:0:352:UUUURRURDRDDDD
RUN_RESULT:71:1:0:976:UUUURRURDRDDDD
RUN_RESULT:71:2:0:2000:----
RUN_RESULT:71:3:0:2000:----
RUN_RESULT:71:4:0:2000:----
RUN_RESULT:71:5:0:244:UUUURRURDULLDLDDRRDDDRRU
RUN_RESULT:71:6:0:2000:----
RUN_RESULT:71:7:0:2000:----
RUN_RESULT:71:8:0:2000:----
RUN_RESULT:71:9:0:2000:----
    72 |      720 | -3.848300E+03 | -3.850000E+03
TRACK:1430;1208;1249;3;2;2;0;4;6;2;9;12;2;2;4;2;17;0;0;13;22;-8.047565378343819;6;21;0.9280645394629929;5;6;4;9;0;6;6;3;5;8;6;1;4;3;13;3;10;25;6;6;2;5;1;6;4;1;10;7;-5.666966044560526;2;6;23;5.011102907267905;3;1;9;17;4;0;3;1;1;20;1.598367018026018;11;2;11;21;-7.488832102007052;2;15;20;4.220485280584381
TRACK:1431;1208;1249;3;2;2;0;4;6;5;3;0;2;9;12;2;22;-3.482284914439308;12;2;2;4;2;17;0;0;13;22;-8.047565378343819;6;21;0.8570268108355165;5;6;4;18;0;6;6;3;5;8;6;1;4;3;13;3;10;25;6;6;2;5;1;6;4;1;10;7;-5.80040165764789;2;6;23;5.397297529048893;3;1;9;17;4;0;3;1;1;9;11;2;11;21;-7.458522703324171;5;4;6;25
TRACK:1432;1146;1381;3;2;2;0;4;6;5;3;0;2;9;17;2;22;-3.783150876551037;12;2;2;4;2;6;1;25;12;0;0;13;22;-8.047315400829996;6;25;5;5;2;5;17;5;22;-8.131053708982249;6;6;4;5;4;21;-6.04574841895601;25;6;6;4;5;4;21;-6.237760229672212
TRACK:1433;1146;1381;3;2;2;0;4;6;5;3;0;2;9;19;2;22;-3.871826082688454;17;2;2;4;2;6;1;25;12;0;0;13;22;-8.131053708982249;6;25;5;5;2;5;17;5;17;6;6;4;5;4;21;-6.156312972421576;25;6;6;4;5;4;21;-6.003254007099706
TRACK:1434;848;1381;3;2;2;0;4;6;6;4;5;4;21;-6.003254007099706;2;2;4;2;6;1;20;1.6619559846101999;12;0;0;13;22;-8.049768830461831;6;21;1.0412755781314953;5;5;2;5;17;5;17;6;6;4;5;4;21;-6.077092464338748;25;6;6;4;5;4;21;-6.3824430909588905
TRACK:1435;848;1381;3;2;2;0;4;6;5;3;0;2;9;19;2;22;-3.871826082688454;12;2;2;4;2;6;1;25;12;0;0;13;22;-8.131053708982249;6;25;5;5;2;5;17;5;17;6;6;4;5;4;22;-8.049768830461831;25;6;6;4;5;4;21;-6.003254007099706
TRACK:1436;1249;1146;3;2;2;0;4;6;5;3;0;2;9;12;2;22;-3.482284914439308;12;2;2;4;2;17;0;0;13;22;-7.854988863239754;6;21;0.8570268108355165;5;6;4;18;0;6;0;0;13;22;-8.047315400829996;6;25;6;1;4;3;13;3;10;25;6;6;2;5;1;6;4;1;10;7;-5.80040165764789;2;6;23;5.397297529048893;3;1;9;17;4;0;3;1;1;9;11;2;11;21;-7.458522703324171;5;4;6;25
TRACK:1437;1249;1146;3;2;2;0;4;6;5;3;0;4;18;2;22;-3.783150876551037;12;2;2;4;2;6;1;25;12;0;0;13;22;-8.047315400829996;6;25;5;5;2;5;17;5;17;6;6;4;5;4;21;-6.04574841895601;25;6;6;4;5;4;21;-6.237760229672212
TRACK:1438;1102;848;3;2;2;0;4;6;5;3;21;-6.077092464338748;2;2;4;2;17;0;0;13;22;-7.912624957707349;6;21;1.0452515246877252;5;6;4;9;0;6;6;3;5;8;6;1;4;9;3;10;25;6;6;2;5;1;6;4;1;10;7;-5.976729611466565;2;5;3;24;3;1;9;17;4;0;3;1;1;9;11;2;11;18;5;1;10;13
TRACK:1439;1102;848;3;13
TRACK:1440;1430;-1;3;2;2;0;4;6;2;9;12;2;2;4;2;17;0;0;13;22;-8.088276799015585;6;21;1.0775571571393145;5;6;4;9;0;6;6;3;5;8;6;1;4;3;13;3;10;25;6;6;2;5;1;6;4;1;10;7;-5.777380279904947;2;6;23;4.896329123017322;3;1;9;17;4;0;3;1;0;9;21;0.6440929728521265;2;11;21;-7.6564125371950755;2;15;20;4.327473651743527
TRACK:1441;1432;-1;3;2;2;0;4;6;5;3;0;2;9;17;2;22;-3.952913547840549;12;2;2;4;2;6;1;25;12;0;5;18;6;25;5;5;2;5;17;5;22;-8.041054878576425;6;6;4;5;4;21;-5.868202213119032;25;6;6;4;5;4;21;-6.297172799815213
TRACK:1442;1434;-1;3;2;2;0;4;6;6;4;5;4;21;-6.159637853793961;2;2;4;2;6;1;20;1.6848766086726952;12;0;0;18;22;-8.055876007189672;6;21;1.0123697306237527;5;5;2;5;17;5;17;6;6;4;5;4;21;-6.042503389707553;25;6;6;4;5;4;21;-6.38551123793193
TRACK:1443;1436;-1;3;2;2;0;4;6;5;3;0;2;9;12;2;22;-3.625269057905556;12;2;2;4;2;17;0;0;13;22;-7.695542417979383;6;21;0.8911627837367849;5;6;4;18;0;6;0;0;13;22;-7.985184861147136;6;25;6;1;4;3;13;3;10;25;6;6;2;5;1;6;4;1;10;7;-5.828285037845835;2;6;23;5.445625576878451;3;1;9;17;4;0;3;1;5;19;2;11;21;-7.359342230737817;5;4;6;25
TRACK:1444;1438;-1;3;2;2;0;4;6;5;3;21;-5.89730752290566;2;2;4;2;17;0;0;13;22;-7.991862194404148;6;21;0.9567689982601647;5;6;4;9;0;6;4;0;9;12;6;1;4;9;3;10;25;6;6;2;5;1;6;4;1;10;7;-6.091945476245744;2;5;3;24;3;1;9;17;4;0;3;1;1;9;11;2;11;18;5;1;10;13
TRACK:1445;1431;-1;3;2;2;0;4;6;5;3;0;2;9;12;2;22;-3.559646485135686;12;2;2;4;2;17;0;0;13;22;-8.056882194524064;6;21;0.7487695429675458;5;6;4;18;0;6;6;3;5;8;6;1;4;3;13;3;10;25;6;6;2;5;1;5;17;2;6;23;5.560098714967205;3;1;9;17;4;0;3;1;1;9;11;2;11;21;-7.491321197294908;5;4;6;25
TRACK:1446;1433;-1;3;2;2;0;4;6;5;3;0;2;9;19;2;22;-3.8321873731479608;17;2;2;4;2;6;1;25;12;0;0;13;22;-8.054028686899581;1;8;18;5;5;2;5;17;5;17;6;6;4;5;4;21;-6.088047941894797;25;6;6;4;5;4;21;-6.007422799347609
TRACK:1447;1435;-1;3;2;2;0;4;6;5;3;0;2;9;19;2;22;-3.876391750161651;12;2;2;4;2;6;1;25;12;0;0;13;22;-8.07428043182728;6;25;5;4;16;6;6;4;5;4;22;-8.05828460522351;25;6;6;4;5;4;21;-5.9815376318432385
TRACK:1448;1437;-1;3;2;2;0;4;6;5;3;0;4;18;2;22;-3.9913630234030046;12;2;2;4;2;6;1;25;12;0;0;13;22;-8.143926797748446;6;25;5;5;2;5;17;5;17;6;6;4;5;4;21;-6.256985367663174;25;6;4;4;6;0;2;17;11;4;13
TRACK:1449;1439;-1;3;1;24;9
EVAL_INSTANCE:72:0:1440
EVAL_INSTANCE:72:1:1441
EVAL_INSTANCE:72:2:1442
EVAL_INSTANCE:72:3:1443
EVAL_INSTANCE:72:4:1444
EVAL_INSTANCE:72:5:1445
EVAL_INSTANCE:72:6:1446
EVAL_INSTANCE:72:7:1447
EVAL_INSTANCE:72:8:1448
EVAL_INSTANCE:72:9:1449
RUN_RESULT:72:0:0:282:UUUURRURDRDDDD
RUN_RESULT:72:1:0:2000:----
RUN_RESULT:72:2:0:342:UUUURRURDRDDDD
RUN_RESULT:72:3:0:2000:----
RUN_RESULT:72:4:0:2000:----
RUN_RESULT:72:5:0:152:UUUURRURDRDDDD
RUN_RESULT:72:6:0:150:UUUURRURDRDDDD
RUN_RESULT:72:7:0:2000:----
RUN_RESULT:72:8:0:2000:----
RUN_RESULT:72:9:0:305:UUUURRURDRDDDD
    73 |      730 | -3.848700E+03 | -3.850000E+03
TRACK:1450;1446;1146;3;2;2;0;4;6;5;5;2;5;17;5;17;2;2;4;2;6;1;25;12;0;0;13;22;-8.054028686899581;1;8;18;5;5;2;5;17;5;17;6;6;4;5;4;21;-6.088047941894797;25;6;6;4;5;4;21;-6.007422799347609
TRACK:1451;1446;1146;3;2;2;0;4;6;5;3;0;2;9;22;-3.8321873731479608;2;22;-3.783150876551037;12;2;2;4;2;6;1;25;12;0;0;13;22;-8.047315400829996;6;25;5;5;2;5;17;5;17;6;6;4;5;4;21;-6.04574841895601;25;6;6;4;5;4;21;-6.237760229672212
TRACK:1452;1381;1208;3;2;2;0;4;6;5;3;0;2;9;19;2;22;-3.871826082688454;12;2;2;4;2;6;1;25;12;0;0;13;22;-8.131053708982249;5;8;5;5;2;5;17;5;17;6;6;4;5;4;21;-6.156312972421576;25;6;6;4;5;4;21;-6.003254007099706
TRACK:1453;1381;1208;3;2;2;0;4;6;5;3;0;2;9;12;2;22;-3.6386820642373268;12;2;2;4;2;17;0;0;13;22;-8.047565378343819;6;21;0.9280645394629929;5;6;4;9;0;6;6;3;5;8;6;1;4;3;13;4;21;-6.003254007099706;25;6;6;2;5;1;6;4;1;10;7;-5.666966044560526;2;6;23;5.011102907267905;3;1;9;17;4;0;3;1;1;20;1.598367018026018;11;2;11;21;-7.488832102007052;2;15;20;4.220485280584381
TRACK:1454;1101;1446;3;2;2;0;4;6;5;3;0;2;9;12;2;22;-3.633486336201184;12;2;2;4;2;17;0;0;13;22;-7.841483336673723;6;21;0.9426160602270357;5;6;4;9;0;6;6;3;5;8;6;3;0;2;9;19;2;22;-3.8321873731479608;17;25;6;6;2;5;1;6;4;1;10;7;-5.752520533406472;2;6;23;5.240186982945562;3;1;9;17;4;0;3;1;1;9;11;2;11;21;-7.481580248551218;5;4;6;25
TRACK:1455;1101;1446;3;2;2;0;4;6;5;3;0;2;9;19;2;22;-3.8321873731479608;17;2;2;4;2;6;1;22;-3.633486336201184;12;0;0;13;22;-8.054028686899581;1;8;18;5;5;2;5;17;5;17;6;6;4;5;4;21;-6.088047941894797;25;6;6;4;5;4;21;-6.007422799347609
TRACK:1456;1445;1381;3;2;2;0;4;6;5;3;0;2;9;12;2;22;-3.559646485135686;12;2;2;4;2;17;0;0;13;22;-8.056882194524064;6;21;0.7487695429675458;5;6;4;18;0;6;6;3;5;8;6;1;4;3;13;19;25;6;6;2;5;1;5;17;2;6;23;5.560098714967205;3;1;9;17;4;0;3;1;1;9;11;2;11;21;-7.491321197294908;5;4;6;25
TRACK:1457;1445;1381;3;2;2;0;4;6;5;3;0;2;9;19;2;22;-3.871826082688454;12;2;6;21;0.7487695429675458;6;6;4;5;4;21;-6.156312972421576;25;6;6;4;5;4;21;-6.003254007099706
TRACK:1458;1208;848;3;0;4;6;5;3;0;2;9;17;2;22;-3.8259030561983507;12;2;2;4;2;6;1;20;1.6619559846101999;12;0;0;13;22;-8.049768830461831;6;21;1.0412755781314953;5;5;2;5;17;5;17;6;6;4;5;4;21;-6.077092464338748
TRACK:1459;1208;848;3;2;2;0;4;6;5;3;0;17;2;22;-3.8259030561983507;12;2;2;4;2;6;1;20;1.6619559846101999;12;0;0;13;22;-8.049768830461831;6;21;1.0412755781314953;5;5;2;5;17;5;17;6;6;4;5;4;21;-6.077092464338748;25;6;6;4;5;4;21;-6.3824430909588905
TRACK:1460;1450;-1;3;2;2;0;4;6;5;5;2;5;17;5;17;2;2;4;2;6;1;25;12;0;0;13;22;-8.045640834216943;1;8;18;5;5;2;5;17;5;17;6;6;4;5;4;21;-6.203370879825933;25;6;6;4;5;4;4;6;5;25
TRACK:1461;1452;-1;3;2;2;1;2;10;14;3;10;25;6;6;4;5;4;21;-5.983089095467765
TRACK:1462;1454;-1;3;2;2;0;4;6;5;3;0;2;9;12;2;22;-3.5886933365882063;12;2;2;4;2;17;0;0;13;22;-7.916838985360129;6;21;0.9158490294969684;4;2;6;6;8;1;0;15;9;2;23;-1.607087977299841;21;-6.399662487235613;0;6;6;3;5;8;6;3;0;2;9;19;2;22;-3.8097100901966945;17;25;6;6;2;5;1;6;4;1;10;7;-5.756235293404097;2;6;23;5.149896850668338;3;1;9;17;4;0;3;1;1;9;11;2;11;21;-7.41665818190495;5;4;6;25
TRACK:1463;1456;-1;3;2;2;0;4;6;5;3;0;2;9;12;2;22;-3.6135483907836616;12;2;2;4;2;17;0;0;13;22;-8.032023420374507;6;21;0.7264660755169174;5;6;4;18;0;6;6;3;5;8;6;1;4;3;13;19;25;6;6;0;6;0;2;24;12;6;8;5;3;1;17;18
TRACK:1464;1208;-1;3;2;2;0;4;6;5;3;0;2;9;12;2;22;-3.732126395490834;12;2;2;4;2;17;0;0;13;22;-8.163690648662786;6;21;0.9813183508183243;5;6;4;9;0;6;6;3;5;8;6;1;4;3;13;3;10;25;4;4;0;14;20;-9.022167486672135
TRACK:1465;1451;-1;3;2;2;0;5;19;2;2;4;2;6;1;25;12;0;0;13;22;-8.125451874357205;6;25;5;5;2;5;17;5;17;6;6;4;5;4;21;-5.967403957335472;25;6;6;4;5;4;21;-6.2592321060300335
TRACK:1466;1453;-1;3;2;2;0;4;6;5;3;0;2;9;12;2;22;-3.75764479283925;23;7.849986636986024;2;2;4;2;17;0;0;13;22;-7.869860211395238;6;21;1.0806392451649498;5;6;4;9;0;6;6;3;5;8;6;1;4;3;13;4;21;-5.893947115633253;25;6;6;2;5;1;6;4;1;10;7;-5.534668390285344;2;6;23;5.0883683090861815;3;1;9;17;4;0;3;1;1;20;1.5252280394850908;11;2;11;21;-7.331828646199317;2;15;20;4.258929786773891
TRACK:1467;1455;-1;3;2;2;0;4;6;5;3;0;2;9;19;2;22;-3.9370578994956307;17;2;2;4;2;6;1;22;-3.5763704731881965;12;0;0;13;22;-8.060396406590968;1;8;18;5;5;2;5;17;5;17;4;1;3;4;23;8.861177033583786;6;3;23;-6.594301898000676;25;6;6;4;5;4;21;-6.015660749775021
TRACK:1468;1457;-1;3;2;2;0;4;6;5;3;0;2;9;19;2;22;-3.7475585297129044;12;2;6;21;0.7338304814097306;6;6;4;5;4;21;-6.2933926117912495;25;6;6;4;5;0;0;3;21;0.6000961813031616;2;10;12;2;4;20;9.035692133548263;2;25;23;0.041601870560469933
TRACK:1469;848;-1;3;2;2;0;4;6;5;3;0;2;9;17;2;22;-3.720305234359615;12;2;2;4;2;6;1;20;1.6362413476484732;12;0;0;13;22;-7.906872422723562;6;21;1.0089618643087737;5;5;2;5;17;5;17;6;6;0;0;17;8;6;18;25;6;6;4;5;4;21;-6.305094868236203
EVAL_INSTANCE:73:0:1460
EVAL_INSTANCE:73:1:1461
EVAL_INSTANCE:73:2:1462
EVAL_INSTANCE:73:3:1463
EVAL_INSTANCE:73:4:1464
EVAL_INSTANCE:73:5:1465
EVAL_INSTANCE:73:6:1466
EVAL_INSTANCE:73:7:1467
EVAL_INSTANCE:73:8:1468
EVAL_INSTANCE:73:9:1469
RUN_RESULT:73:0:0:1082:UUUURRURDRDDDD
RUN_RESULT:73:1:0:1087:UUUURRURDRDDDD
RUN_RESULT:73:2:0:2000:----
RUN_RESULT:73:3:0:153:UUUURRURDRDDDD
RUN_RESULT:73:4:0:152:UUUURRURDRDDDD
RUN_RESULT:73:5:0:266:UUUURRURDRDDDD
RUN_RESULT:73:6:0:2000:----
RUN_RESULT:73:7:0:233:UUUURRURDRDDDD
RUN_RESULT:73:8:0:2000:----
RUN_RESULT:73:9:0:171:UUUURRURDRDDDD
    74 |      740 | -3.848700E+03 | -3.850000E+03
TRACK:1470;1301;1446;3;2;2;0;4;6;5;3;0;2;9;12;2;22;-3.654243477332579;12;2;2;4;2;17;0;0;13;22;-7.932101793486584;6;21;0.8263285082029109;5;6;4;9;0;6;6;3;5;8;6;1;4;3;13;3;10;25;6;6;2;5;1;6;4;1;10;7;-5.811036449085627;2;6;23;5.211671102538719;3;1;9;17;4;0;3;1;1;9;11;2;11;25;5;4;6;13
TRACK:1471;1301;1446;3;2;2;0;4;6;5;3;0;2;9;19;2;22;-3.8321873731479608;17;2;2;4;2;6;1;25;12;0;0;13;8;1;8;18;5;5;2;5;17;5;17;6;6;4;5;4;21;-6.088047941894797;25;6;6;4;5;4;21;-6.007422799347609
TRACK:1472;1249;1208;3;2;2;0;4;6;5;3;0;2;9;12;2;22;-3.482284914439308;12;2;2;4;2;17;0;0;13;22;-7.854988863239754;6;21;0.8570268108355165;5;6;4;18;0;6;6;3;5;8;6;1;4;12;3;10;25;6;6;2;5;1;6;4;1;10;7;-5.80040165764789;2;6;23;5.397297529048893;3;1;9;17;4;0;3;1;1;9;11;2;11;21;-7.458522703324171;5;4;6;25
TRACK:1473;1249;1208;3;2;2;0;4;6;5;3;0;2;9;12;2;22;-3.6386820642373268;12;2;2;4;2;17;0;0;13;22;-8.047565378343819;6;21;0.9280645394629929;5;6;4;9;0;6;6;3;5;8;6;1;4;3;13;3;10;25;6;6;2;5;1;6;4;1;10;7;-5.666966044560526;2;6;23;5.011102907267905;3;1;9;17;4;0;3;1;1;20;1.598367018026018;11;2;17;21;-7.488832102007052;2;15;20;4.220485280584381
TRACK:1474;1381;1381;3;2;2;0;4;6;5;3;0;25;2;22;-3.871826082688454;12;2;2;4;2;6;1;25;12;0;0;13;22;-8.131053708982249;6;25;5;5;2;5;17;5;17;6;6;4;5;4;21;-6.156312972421576;25;6;6;4;5;4;21;-6.003254007099706
TRACK:1475;1381;1381;3;2;2;0;4;6;5;3;0;2;9;19;2;22;-3.871826082688454;22;-3.871826082688454;2;2;4;2;6;1;25;12;0;0;13;22;-8.131053708982249;6;25;5;5;2;5;17;5;17;6;6;4;5;4;21;-6.156312972421576;25;6;6;4;5;4;21;-6.003254007099706
TRACK:1476;1146;1446;3;2;2;0;4;6;5;3;0;2;9;17;2;22;-3.783150876551037;12;2;2;4;2;6;1;25;12;0;0;13;22;-8.047315400829996;6;25;5;5;2;5;17;5;17;6;6;4;5;4;21;-6.04574841895601;0;4;6;5;3;0;2;9;19;2;22;-3.8321873731479608;17;2;2;4;2;6;1;25;12;0;0;13;22;-8.054028686899581;1;8;18;5;5;2;5;17;5;17;6;6;4;5;4;21;-6.088047941894797;6;6;4;5;4;21;-6.237760229672212
TRACK:1477;1146;1446;3;2;2;0;4;6;5;3;0;2;9;19;2;22;-3.8321873731479608;17;2;2;4;2;6;1;25;12;0;0;13;22;-8.054028686899581;1;8;18;5;5;2;5;17;5;17;4;21;-6.237760229672212;25;6;6;4;5;4;21;-6.007422799347609
TRACK:1478;848;1445;3;2;2;0;4;6;5;3;0;2;9;17;2;22;-3.8259030561983507;12;2;2;4;2;6;4;18;0;0;13;22;-8.049768830461831;6;21;1.0412755781314953;5;5;2;5;17;5;17;6;6;4;5;4;21;-6.077092464338748;25;6;6;4;5;4;21;-6.3824430909588905
TRACK:1479;848;1445;3;2;2;0;4;6;5;3;0;13;2;22;-3.559646485135686;12;2;2;4;2;17;0;0;13;22;-8.056882194524064;6;21;0.7487695429675458;5;6;4;18;0;6;6;3;5;8;6;1;4;3;13;3;10;25;6;6;2;5;1;5;17;2;6;23;5.560098714967205;3;1;9;17;4;0;3;1;1;9;11;2;11;21;-7.491321197294908;5;4;6;25
TRACK:1480;1470;-1;3;2;2;0;4;6;5;3;0;6;23;0.0537752496312649;2;22;-3.7072057118407122;12;2;2;4;2;17;0;0;13;22;-7.992704092475015;6;21;0.8923280640741975;5;6;4;9;0;6;6;3;5;8;6;1;4;3;13;3;10;25;6;6;2;5;1;6;4;1;10;7;-5.7478216968618145;2;6;23;5.023271982251903;3;1;9;17;4;0;3;1;1;9;11;2;11;25;5;4;6;13
TRACK:1481;1472;-1;3;2;2;0;4;6;5;3;0;2;9;12;2;22;-3.68540684180102;12;2;2;4;2;17;0;0;13;22;-7.883323263070085;6;21;1.0402768452928999;5;6;4;18;0;4;2;4;9;3;18;6;1;4;12;3;10;25;6;6;2;5;1;6;4;1;10;7;-5.741836312754352;2;6;23;5.462783071187472;3;1;9;17;4;0;3;1;1;9;11;2;11;21;-7.419261078934313;5;4;6;25
TRACK:1482;1474;-1;3;2;2;0;4;6;5;3;0;25;2;22;-3.956301236172642;12;2;2;4;2;6;1;25;12;0;0;13;22;-7.991873321622493;6;25;5;5;2;5;17;5;17;5;2;6;13;1;18;17;25;6;6;4;5;4;21;-5.876762926992658
TRACK:1483;1476;-1;3;2;2;0;4;6;5;3;0;2;9;17;2;22;-3.8805164147485764;12;2;2;4;2;4;2;24;19;0;0;13;22;-7.933124456641627;6;25;5;5;2;5;17;5;17;6;6;4;5;4;21;-5.897257990129639;0;4;6;5;3;0;2;9;19;2;22;-3.815748158230936;17;2;2;4;2;6;1;25;12;0;0;13;22;-8.09568107483573;1;8;18;5;5;2;5;17;5;17;6;6;4;5;4;21;-6.1395805237950345;6;6;4;5;4;21;-6.298243512269564
TRACK:1484;1478;-1;3;2;2;0;4;6;5;3;0;2;9;17;2;22;-3.836535054937678;12;2;2;4;2;6;4;18;0;0;13;22;-8.147793443890231;6;21;0.9915387646511216;5;5;2;0;21;-7.830331208333321;16;5;17;6;6;4;5;4;21;-6.060617940914281;25;6;6;4;5;4;21;-6.273337578604276
TRACK:1485;1471;-1;3;2;2;0;4;6;5;3;0;2;9;19;2;22;-3.821295416068109;17;2;2;4;2;6;1;25;12;0;0;13;8;1;8;18;5;5;2;5;17;5;17;6;6;4;5;4;21;-6.093702025516891;25;6;6;4;5;4;0;2;3;25;6;17;0;6;22;5.673631444812173;4;19
TRACK:1486;1473;-1;3;2;2;0;4;6;0;3;12;4;19;2;2;4;2;17;0;0;13;22;-8.057841989491703;6;21;0.9470451375376959;5;6;4;9;0;6;6;3;5;8;6;1;4;3;13;3;10;25;6;6;2;5;1;6;4;1;10;7;-5.679960182964705;2;6;23;5.058371464651978;3;1;9;17;4;0;3;1;1;20;1.695087671735859;11;2;17;21;-7.494997298183807;2;15;20;4.237257881616537
TRACK:1487;1475;-1;3;2;2;0;4;6;5;3;0;2;9;19;2;22;-4.027701728972988;22;-3.8899948602836556;2;2;4;2;6;1;25;12;0;0;13;22;-8.074946186137398;6;25;5;0;18;18;6;6;4;5;4;21;-6.162023645140162;25;6;6;4;5;4;21;-5.858670232995506
TRACK:1488;1477;-1;3;2;2;0;4;6;5;3;0;2;9;19;2;22;-3.904273286418743;17;2;2;4;2;6;1;25;12;0;0;13;22;-8.199607131522065;1;8;18;5;5;2;5;25;5;17;4;21;-6.143280574343645;25;6;6;4;5;4;21;-5.955678659222253
TRACK:1489;1479;-1;3;2;2;0;4;6;5;3;0;0;20;7.752374601902179;10;2;22;-3.5599975755503444;12;2;2;4;2;17;0;0;13;22;-8.170677466642994;6;21;0.5482924602134316;5;6;4;18;0;6;6;3;5;8;6;1;4;3;13;3;10;25;6;6;2;5;1;5;17;2;6;23;5.748986572205122;3;1;9;17;4;0;3;1;1;9;11;2;11;21;-7.652090793784424;5;4;6;25
EVAL_INSTANCE:74:0:1480
EVAL_INSTANCE:74:1:1481
EVAL_INSTANCE:74:2:1482
EVAL_INSTANCE:74:3:1483
EVAL_INSTANCE:74:4:1484
EVAL_INSTANCE:74:5:1485
EVAL_INSTANCE:74:6:1486
EVAL_INSTANCE:74:7:1487
EVAL_INSTANCE:74:8:1488
EVAL_INSTANCE:74:9:1489
RUN_RESULT:74:0:0:2000:----
RUN_RESULT:74:1:0:283:UUUURRURDRDDDD
RUN_RESULT:74:2:0:2000:----
RUN_RESULT:74:3:0:2000:----
RUN_RESULT:74:4:0:167:UUUURRURDRDDDD
RUN_RESULT:74:5:0:971:UUUURRURDRDDDD
RUN_RESULT:74:6:0:271:UUUURRURDRDDDD
RUN_RESULT:74:7:0:1082:UUUURRURDRDDDD
RUN_RESULT:74:8:0:2000:----
RUN_RESULT:74:9:0:2000:----
    75 |      750 | -3.848700E+03 | -3.850000E+03
TRACK:1490;1446;1101;3;2;2;0;4;6;5;3;0;2;9;19;2;22;-3.8321873731479608;17;2;2;4;2;6;1;25;12;0;0;13;22;-8.054028686899581;1;8;18;5;5;2;5;17;5;17;6;13;25;6;6;4;5;4;21;-6.007422799347609
TRACK:1491;1446;1101;3;2;2;0;4;6;5;3;0;2;9;12;2;22;-3.633486336201184;12;2;2;4;2;17;0;0;13;22;-7.841483336673723;6;21;0.9426160602270357;5;6;4;9;0;6;6;3;5;8;6;1;4;25;3;10;25;6;6;2;5;1;6;4;1;10;7;-5.752520533406472;2;6;23;5.240186982945562;3;1;9;17;4;0;3;1;1;9;11;2;11;21;-7.481580248551218;5;4;6;25
TRACK:1492;1381;1445;3;2;5;1;5;17;2;6;23;5.560098714967205;3;1;9;17;6;6;4;5;4;21;-6.003254007099706
TRACK:1493;1381;1445;3;2;2;0;4;6;5;3;0;2;9;12;2;22;-3.559646485135686;12;2;2;4;2;17;0;0;13;22;-8.056882194524064;6;21;0.7487695429675458;5;6;4;18;0;6;6;3;5;8;6;1;4;3;13;3;10;25;6;6;2;5;1;5;17;2;6;23;5.560098714967205;3;1;9;17;4;2;6;1;25;12;0;0;13;22;-8.131053708982249;6;25
TRACK:1494;1146;1446;3;2;2;0;4;6;5;3;0;2;9;17;2;22;-3.783150876551037;12;2;2;4;2;6;1;25;12;0;0;13;22;-8.047315400829996;6;12;5;5;2;5;17;5;17;6;6;4;5;4;21;-6.04574841895601;25;6;6;4;5;4;21;-6.237760229672212
TRACK:1495;1146;1446;3;2;2;0;4;6;5;3;0;2;9;19;2;22;-3.8321873731479608;17;2;2;4;2;6;1;25;12;0;22;-8.047315400829996;1;8;18;5;5;2;5;17;5;17;6;6;4;5;4;21;-6.088047941894797;25;6;6;4;5;4;21;-6.007422799347609
TRACK:1496;1381;1146;3;2;2;0;4;6;5;3;0;2;9;19;2;22;-3.871826082688454;12;2;2;4;2;6;1;25;12;0;0;13;22;-8.131053708982249;6;25;5;5;2;5;17;5;17;6;6;4;5;4;21;-6.156312972421576;25;6;6;4;5;4;21;-6.003254007099706
TRACK:1497;1381;1146;3;2;2;0;4;6;5;3;0;2;9;17;2;22;-3.783150876551037;12;2;2;4;2;6;1;25;12;0;0;13;22;-8.047315400829996;6;25;5;5;2;5;17;5;17;6;6;4;5;4;21;-6.04574841895601;25;6;6;4;5;4;21;-6.237760229672212
TRACK:1498;848;1445;3;2;2;0;4;6;5;3;0;2;9;17;2;22;-3.8259030561983507;12;2;2;4;2;6;1;20;1.6619559846101999;12;0;0;13;22;-8.049768830461831;6;21;1.0412755781314953;5;5;2;5;17;5;17;6;6;17;25;6;6;4;5;4;21;-6.3824430909588905
TRACK:1499;848;1445;3;2;2;0;4;6;5;3;0;2;9;12;2;22;-3.559646485135686;12;2;2;4;2;17;0;0;13;22;-8.056882194524064;6;21;0.7487695429675458;5;6;4;18;0;6;6;3;5;8;6;1;4;3;13;3;10;25;6;6;2;5;1;5;17;2;6;23;5.560098714967205;3;1;9;21;1.0412755781314953;4;0;3;1;1;9;11;2;11;21;-7.491321197294908;5;4;6;25
TRACK:1500;1490;-1;3;2;2;2;1;3;3;3;0;8;7;-6.3556159083403045;3;5;5;5;22;-5.673035832467321;6;1;0;0;3;16;6;9;3;3;20;1.047167567454073;2;3;6;22;2.53035069780433;4;6;21;4.851203142813208;0;6;6;3;0;4;11;3;12;0;5;4;2;1;12;11;2;23;7.259998122876837;11;2;0;5;1;10;17;1;6;22;6.777811622585254;2;15;21;-6.830211256825908;4;3;5;25;6;6;4;5;4;21;-5.818574016516577
TRACK:1501;1492;-1;3;2;5;1;5;17;2;6;23;5.413898705350789;3;1;9;17;6;6;4;1;15;7;-7.031999220248936
TRACK:1502;1494;-1;3;2;2;0;4;6;5;3;0;2;9;17;2;22;-3.752386599541371;12;2;2;4;2;6;1;25;12;0;0;13;22;-7.887789221340135;6;12;5;5;2;3;20;-0.40722437396330236;5;17;6;6;4;5;4;21;-6.017170574768192;25;6;6;4;5;4;21;-6.337803470550918
TRACK:1503;1496;-1;3;2;2;0;4;6;5;3;0;2;9;19;2;22;-3.7648180921227867;12;2;2;4;2;6;1;25;12;0;0;10;22;-8.19087532016205;6;25;5;5;2;5;17;5;17;6;6;4;5;4;21;-6.1645010742782445;25;6;6;4;5;4;21;-6.082533420810125
TRACK:1504;1498;-1;3;2;2;0;4;6;5;3;0;2;9;17;2;22;-3.823384603063266;12;2;2;4;2;6;1;20;1.7083927329808632;12;0;0;13;22;-7.826643280343649;6;11;5;5;2;5;17;5;17;6;6;17;25;6;6;4;5;4;21;-6.36617923783072
TRACK:1505;1491;-1;3;2;2;0;4;6;5;3;0;2;9;12;2;22;-3.578729750635958;12;2;2;4;2;17;0;0;13;22;-8.017296747969189;6;21;1.0409721618336945;5;6;4;9;0;6;6;3;5;8;6;1;4;25;3;10;25;6;6;2;5;1;6;4;1;10;7;-5.767870342271117;6;0;23;4.064991034844494;8;4;0;3;1;1;9;11;2;11;21;-7.300526646775014;5;4;6;25
TRACK:1506;1493;-1;3;2;2;0;4;6;5;3;0;2;9;12;2;22;-3.5691148572793;12;2;2;4;2;17;0;0;13;22;-8.133105058492674;6;21;0.8114879079592011;5;6;4;18;0;6;6;3;5;8;6;1;1;8;19;3;10;25;6;6;2;5;1;5;17;2;6;23;5.673473570565208;3;1;9;17;4;2;6;1;25;12;0;0;13;22;-8.036789186431115;6;25
TRACK:1507;1495;-1;3;2;2;5;22;-4.66914980383504;25;6;6;4;5;4;21;-6.014048125259375
TRACK:1508;1497;-1;3;2;2;0;4;6;5;3;0;2;9;17;2;22;-3.726116464866581;12;2;2;4;2;6;1;25;12;0;0;13;22;-7.998579280396342;6;25;5;5;2;5;17;5;17;6;6;4;5;4;21;-5.862349815765992;25;2;0;3;3;19;2;5;17;1;18;15;2;5;6;9;6;6;11
TRACK:1509;1499;-1;3;2;2;0;4;6;5;3;0;1;20;-2.857324054580359;21;1.1343357916610053;2;22;-3.604403318647872;12;2;2;4;2;17;0;0;13;22;-7.910537595180037;6;21;0.7676255666559546;5;6;4;18;0;6;6;3;5;8;6;1;4;3;13;3;10;25;6;6;2;5;1;5;17;2;6;23;5.599479509836357;3;1;9;21;1.1251515213540895;4;0;3;1;1;9;11;2;11;21;-7.5249927963640735;5;4;6;25
EVAL_INSTANCE:75:0:1500
EVAL_INSTANCE:75:1:1501
EVAL_INSTANCE:75:2:1502
EVAL_INSTANCE:75:3:1503
EVAL_INSTANCE:75:4:1504
EVAL_INSTANCE:75:5:1505
EVAL_INSTANCE:75:6:1506
EVAL_INSTANCE:75:7:1507
EVAL_INSTANCE:75:8:1508
EVAL_INSTANCE:75:9:1509
RUN_RESULT:75:0:0:2000:----
RUN_RESULT:75:1:0:2000:----
RUN_RESULT:75:2:0:233:UUUURRURDRDDDD
RUN_RESULT:75:3:0:150:UUUURRURDRDDDD
RUN_RESULT:75:4:0:966:UUUURRURDRDDDD
RUN_RESULT:75:5:0:2000:----
RUN_RESULT:75:6:0:163:UUUURRURDRDDDD
RUN_RESULT:75:7:0:2000:----
RUN_RESULT:75:8:0:967:UUUURRURDRDDDD
RUN_RESULT:75:9:0:2000:----
    76 |      760 | -3.848900E+03 | -3.850000E+03
TRACK:1510;1503;848;3;2;2;0;4;6;5;3;0;2;9;19;2;22;-3.7648180921227867;12;2;2;4;2;6;1;25;12;0;0;10;22;-8.19087532016205;6;25;5;5;2;5;17;5;17;6;6;4;5;4;21;-6.1645010742782445;6;6;4;5;4;21;-6.3824430909588905;6;6;4;5;4;21;-6.082533420810125
TRACK:1511;1503;848;3;2;2;0;4;6;5;3;0;2;9;17;2;22;-3.8259030561983507;12;2;2;4;2;6;1;17;12;0;0;13;22;-8.049768830461831;6;21;1.0412755781314953;5;5;2;5;17;5;17;6;6;4;5;4;21;-6.077092464338748;25;6;6;4;5;4;21;-6.3824430909588905
TRACK:1512;1249;1146;3;2;2;0;4;6;5;3;0;2;9;12;2;22;-3.482284914439308;12;2;2;4;2;17;0;0;13;22;-7.854988863239754;6;21;0.8570268108355165;5;5;17;0;6;6;3;5;8;6;1;4;3;13;3;10;25;6;6;2;5;1;6;4;1;10;7;-5.80040165764789;2;6;23;5.397297529048893;3;1;9;17;4;0;3;1;1;9;11;2;11;21;-7.458522703324171;5;4;6;25
TRACK:1513;1249;1146;3;2;10;6;6;4;5;4;21;-6.237760229672212
TRACK:1514;1446;1381;3;2;2;0;4;6;5;3;0;2;9;19;2;22;-3.8321873731479608;17;2;9;19;25;6;6;4;5;4;21;-6.007422799347609
TRACK:1515;1446;1381;3;2;2;0;4;6;5;5;17;2;2;4;2;6;1;25;12;0;0;13;22;-8.131053708982249;6;25;5;5;2;5;17;5;17;6;6;4;5;4;21;-6.156312972421576;25;6;6;4;5;4;21;-6.003254007099706
TRACK:1516;1503;1208;3;2;2;0;4;6;5;3;0;2;9;19;2;22;-3.7648180921227867;12;2;2;4;2;6;1;25;12;0;0;10;22;-8.19087532016205;6;25;5;25;6;6;4;5;4;21;-6.1645010742782445;25;6;6;4;5;4;21;-6.082533420810125
TRACK:1517;1503;1208;3;2;2;0;4;6;5;3;0;2;9;12;2;22;-3.6386820642373268;12;2;2;4;2;17;0;0;13;22;-8.047565378343819;6;21;0.9280645394629929;5;6;4;9;0;6;6;3;5;8;6;1;4;3;13;3;10;25;6;2;6;1;25;12;0;0;10;22;-8.19087532016205;6;25
TRACK:1518;848;1446;3;2;2;0;4;6;5;3;0;2;9;17;2;22;-3.8259030561983507;12;2;2;4;2;6;1;20;1.6619559846101999;12;0;0;13;22;-8.049768830461831;6;21;1.0412755781314953;5;5;2;5;17;2;22;-3.8321873731479608;17;6;6;4;5;4;21;-6.077092464338748;25;6;6;4;5;4;21;-6.3824430909588905
TRACK:1519;848;1446;3;2;2;2;9;17;25;6;6;4;5;4;21;-6.007422799347609
TRACK:1520;1503;-1;3;6;3;4;1;3;4;20;9.13282474887032;6;4;12
TRACK:1521;1512;-1;3;2;2;0;4;6;5;3;0;2;9;12;2;22;-3.470282789890506;12;2;2;4;2;17;0;0;13;22;-7.984093621988015;6;21;0.7747609325207343;5;5;17;0;6;6;3;5;8;6;1;4;3;13;3;10;25;6;4;3;15
TRACK:1522;1514;-1;3;2;2;0;2;2;4;5;4;2;12;8;4;1;1;5;9;2;23;-4.649674022378514;7;3.7418839746088786;3;5;16;3;6;4;3;5;23;-3.4638974987525772;2;9;19;25;6;6;4;5;4;21;-6.005015545219084
TRACK:1523;1516;-1;0;0;3;3;3;3;6;6;14;6;1;5;1;0;0;18;18;0;8;13;2;5;14;5;22;-7.215503795269644;5;0;3;5;16;3;6;19;2;5;0;5;3;4;3;10;3;5;2;5;16;1;15;21;-6.936025300278614;5;1;0;1;5;3;17;4;4;20;2.6496564159703677;2;6;3;8;3;1;10;11;5;5;0;2;15;15;6;21;-7.6423887515696425
TRACK:1524;1518;-1;3;2;2;0;4;6;5;3;0;2;9;17;2;24;12;2;2;4;2;6;1;20;1.7976044683810897;12;0;0;13;22;-8.107202338921963;6;21;0.9920803680214925;5;5;2;5;17;2;22;-3.8462767132837357;17;6;6;4;5;4;21;-6.081281086021536;25;6;6;4;5;4;21;-6.421705324473501
TRACK:1525;848;-1;3;2;2;0;4;6;5;3;0;2;9;17;2;22;-3.8794259762175294;12;2;2;4;2;6;1;20;1.614214803364364;12;0;0;15;22;-7.856290258859652;6;21;1.1560238127160976;5;5;2;5;17;5;17;6;6;4;5;4;21;-5.891807349770966;25;6;6;4;5;4;21;-6.441677678029458
TRACK:1526;1513;-1;3;2;10;6;6;6;1;0;2;12;8;2;15;22;-2.9393630685320176;0;2;17;13;4;15
TRACK:1527;1515;-1;3;2;5;0;1;5;1;3;3;18;4;1;25;15;5;6;0;2;13;14;6;10;1;3;2;1;4;14;2;16;18;0;1;25;9;3;16;6;1;2;2;23;-8.207184672217204;18;6;8;1;2;21;7.861683916920541;12;6;13;6;6;4;5;4;21;-6.169659445236812
TRACK:1528;1517;-1;3;2;2;0;4;6;5;3;0;2;9;12;2;22;-3.7683122606808377;12;2;2;4;2;17;0;0;13;22;-8.137161796227007;6;21;1.0175368980627957;5;6;3;0;24;7;-6.787773087153015;0;6;6;3;5;8;6;1;4;3;13;3;10;25;6;2;6;1;25;12;0;0;10;22;-8.257787981245514;6;25
TRACK:1529;1519;-1;3;2;2;2;9;17;25;6;6;5;15
EVAL_INSTANCE:76:0:1520
EVAL_INSTANCE:76:1:1521
EVAL_INSTANCE:76:2:1522
EVAL_INSTANCE:76:3:1523
EVAL_INSTANCE:76:4:1524
EVAL_INSTANCE:76:5:1525
EVAL_INSTANCE:76:6:1526
EVAL_INSTANCE:76:7:1527
EVAL_INSTANCE:76:8:1528
EVAL_INSTANCE:76:9:1529
RUN_RESULT:76:0:0:2000:----
RUN_RESULT:76:1:0:152:UUUURRURDRDDDD
RUN_RESULT:76:2:0:2000:----
RUN_RESULT:76:3:0:2000:----
RUN_RESULT:76:4:0:2000:----
RUN_RESULT:76:5:0:151:UUUURRURDRDDDD
RUN_RESULT:76:6:0:2000:----
RUN_RESULT:76:7:0:2000:----
RUN_RESULT:76:8:0:2000:----
RUN_RESULT:76:9:0:300:UUUURRURDRDDDD
    77 |      770 | -3.849000E+03 | -3.850000E+03
TRACK:1530;1503;848;3;2;2;0;4;6;5;3;0;2;9;19;2;22;-3.7648180921227867;12;2;2;4;2;6;1;25;12;0;0;10;22;-8.19087532016205;6;25;5;5;2;5;17;5;17;6;6;4;5;4;13;25;6;6;4;5;4;21;-6.082533420810125
TRACK:1531;1503;848;3;2;2;0;4;6;5;3;0;2;9;17;2;22;-3.8259030561983507;12;2;2;4;2;6;1;20;1.6619559846101999;12;0;0;13;22;-8.049768830461831;4;21;-6.082533420810125;5;5;2;5;17;5;17;6;6;4;5;4;21;-6.077092464338748;25;6;6;4;5;4;21;-6.3824430909588905
TRACK:1532;1249;1208;3;2;2;0;4;6;5;3;0;2;9;12;2;22;-3.482284914439308;12;2;2;4;2;17;0;0;13;22;-7.854988863239754;6;21;0.8570268108355165;5;6;4;18;0;6;6;3;5;8;6;1;4;3;13;3;1;20;1.598367018026018;11;25;6;6;2;5;1;6;4;1;10;7;-5.80040165764789;2;6;23;5.397297529048893;3;1;9;17;4;0;3;1;1;9;11;2;11;21;-7.458522703324171;5;4;6;25
TRACK:1533;1249;1208;3;2;2;0;4;6;5;3;0;2;9;12;2;22;-3.6386820642373268;12;2;2;4;2;17;0;0;13;22;-8.047565378343819;6;21;0.9280645394629929;5;6;4;9;0;6;21;-7.458522703324171;6;1;4;3;13;3;10;25;6;6;2;5;1;6;4;1;10;7;-5.666966044560526;2;6;23;5.011102907267905;3;1;9;17;4;0;3;1;1;20;1.598367018026018;11;2;11;21;-7.488832102007052;2;15;20;4.220485280584381
TRACK:1534;1446;1208;3;2;2;0;4;6;5;3;0;2;9;19;2;22;-3.8321873731479608;17;2;2;4;2;6;1;25;12;0;0;13;22;-8.054028686899581;1;8;18;5;5;2;5;17;5;17;6;6;4;5;4;21;-6.088047941894797;25;6;6;4;5;2;9;12
TRACK:1535;1446;1208;3;2;2;0;4;6;5;3;0;2;9;12;2;22;-3.6386820642373268;12;2;6;6;4;5;4;21;-6.088047941894797;0;6;6;3;5;8;6;1;4;3;13;3;10;25;6;6;2;5;1;6;4;1;10;7;-5.666966044560526;2;6;23;5.011102907267905;3;1;9;17;4;0;3;1;1;20;1.598367018026018;11;2;11;21;-7.488832102007052;2;15;20;4.220485280584381
TRACK:1536;1525;1146;3;2;2;0;4;6;5;3;0;2;9;17;2;22;-3.8794259762175294;12;2;5;4;21;-6.237760229672212;6;6;4;5;4;21;-5.891807349770966;25;6;6;4;5;4;21;-6.441677678029458
TRACK:1537;1525;1146;3;2;2;0;4;6;5;3;0;2;9;17;2;22;-3.783150876551037;12;2;2;4;2;6;22;-7.856290258859652;0;0;13;22;-8.047315400829996;6;25;5;5;2;5;17;5;17;6;6;4;5;4;21;-6.04574841895601;25;6;6;4;5;4;21;-6.237760229672212
TRACK:1538;1446;1503;3;2;2;0;4;6;5;3;0;2;9;19;10;2;2;4;2;6;1;25;12;0;0;13;22;-8.054028686899581;1;8;18;5;5;2;5;17;5;17;6;6;4;5;4;21;-6.088047941894797;25;6;6;4;5;4;21;-6.007422799347609
TRACK:1539;1446;1503;3;2;2;0;4;6;5;3;0;2;9;19;2;19;12;2;2;4;2;6;1;25;12;0;0;10;22;-8.19087532016205;6;25;5;5;2;5;17;5;17;6;6;4;5;4;21;-6.1645010742782445;25;6;6;4;5;4;21;-6.082533420810125
TRACK:1540;1530;-1;3;2;2;0;4;6;5;3;0;2;9;19;0;25;10;2;2;4;2;6;1;25;12;0;0;10;22;-8.084570116849752;6;25;5;5;2;5;17;5;17;6;6;4;5;4;13;25;6;6;4;5;4;21;-6.205304677655194
TRACK:1541;1532;-1;3;2;2;0;4;6;5;3;0;2;9;12;2;22;-3.481919551464345;12;2;2;4;2;17;2;2;18;14;6;10;5;6;4;18;0;6;6;3;5;8;6;1;4;3;13;3;1;20;1.5455908321822662;11;25;6;6;2;5;1;6;4;1;10;7;-5.7293078717965695;2;6;23;5.509756889080429;3;1;9;17;4;0;3;1;1;9;11;2;11;21;-7.5238341400146584;5;4;6;25
TRACK:1542;1534;-1;3;2;2;0;4;6;5;3;0;2;9;19;2;22;-3.8016699025325575;19;2;2;4;2;6;1;25;12;0;0;13;22;-8.108535137930655;1;8;18;5;5;2;5;17;5;17;6;6;4;5;4;21;-5.918296550102218;25;6;6;4;5;2;9;12
TRACK:1543;1536;-1;3;2;2;0;4;6;5;3;0;2;9;9;2;22;-3.7492439195879337;12;2;5;4;21;-6.254696957205683;6;6;4;5;4;21;-5.835934699520419;25;6;6;4;5;4;21;-6.3783750352333435
TRACK:1544;1538;-1;3;2;2;0;4;6;5;3;0;2;9;19;10;2;2;4;2;6;1;25;12;0;0;13;22;-7.9722874342809815;1;8;18;5;5;2;5;17;5;17;6;6;4;5;4;21;7.125207423225863;25;6;6;4;5;4;21;-5.960688858954819
TRACK:1545;1531;-1;3;2;2;0;4;6;5;3;0;1;25;7;-2.8738414669952554;2;22;-3.7765206686691504;12;2;2;4;2;6;1;20;1.5858224889431543;12;0;0;13;22;-8.037430713612599;4;21;-6.102250882073224;5;5;2;5;17;5;17;6;6;4;5;4;21;-6.206489542804012;25;6;6;4;5;4;21;-6.352236094802812
TRACK:1546;1533;-1;3;2;2;0;4;6;5;3;0;2;9;12;2;22;-3.688393177586878;12;2;2;4;2;17;0;0;13;20;2.2595984063959023;6;21;0.9868298647755214;5;6;4;9;0;6;21;-7.552352152177891;6;1;4;3;13;3;10;25;6;6;2;5;1;6;4;1;10;7;-5.653830554124002;2;6;23;5.136214052582199;3;1;9;17;4;0;3;1;1;20;1.6059422190141206;11;2;11;21;-7.45357569517229;2;15;20;4.223435182148332
TRACK:1547;1535;-1;3;2;2;0;4;6;5;3;0;2;9;12;2;22;-3.6363319768832576;12;2;6;6;4;5;4;21;-6.164426702800506;0;6;6;3;5;8;6;1;4;3;13;3;10;25;6;6;1;8;21;-7.698509782108909
TRACK:1548;1537;-1;3;2;2;0;4;6;5;3;0;2;9;17;2;22;-3.6805762306948027;12;2;2;4;2;6;22;-7.683444547652846;0;0;13;22;-7.921189780643288;6;25;5;5;2;5;17;3;16;6;6;4;5;4;21;-6.2132471573331935;25;6;6;4;5;4;21;-6.347234238662744
TRACK:1549;1539;-1;3;2;2;0;4;6;6;4;5;3;9;2;2;4;2;6;1;25;12;0;0;10;22;-8.215034943907801;6;25;5;5;2;5;17;5;17;6;6;4;5;4;21;-6.218153437624835;25;6;6;4;5;4;21;-5.9261204870877195
EVAL_INSTANCE:77:0:1540
EVAL_INSTANCE:77:1:1541
EVAL_INSTANCE:77:2:1542
EVAL_INSTANCE:77:3:1543
EVAL_INSTANCE:77:4:1544
EVAL_INSTANCE:77:5:1545
EVAL_INSTANCE:77:6:1546
EVAL_INSTANCE:77:7:1547
EVAL_INSTANCE:77:8:1548
EVAL_INSTANCE:77:9:1549
RUN_RESULT:77:0:0:1084:UUUURRURDRDDDD
RUN_RESULT:77:1:0:561:UUUURRURDLLLDDLLDDDRRRRRRU
RUN_RESULT:77:2:0:966:UUUURRURDRDDDD
RUN_RESULT:77:3:0:2000:----
RUN_RESULT:77:4:0:2000:----
RUN_RESULT:77:5:0:2000:----
RUN_RESULT:77:6:0:2000:----
RUN_RESULT:77:7:0:2000:----
RUN_RESULT:77:8:0:150:UUUURRURDRDDDD
RUN_RESULT:77:9:0:266:UUUURRURDRDDDD
    78 |      780 | -3.849200E+03 | -3.850000E+03
TRACK:1550;1146;1503;3;2;2;0;4;6;5;3;0;2;9;17;2;22;-3.783150876551037;12;2;2;4;2;6;1;25;12;0;0;13;22;-8.047315400829996;6;25;5;5;2;5;17;5;17;6;6;4;5;4;21;-6.04574841895601;17;6;6;4;5;4;21;-6.237760229672212
TRACK:1551;1146;1503;3;2;2;0;4;6;5;3;0;2;9;19;2;22;-3.7648180921227867;12;2;2;4;2;6;1;22;-8.047315400829996;12;0;0;10;22;-8.19087532016205;6;25;5;5;2;5;17;5;17;6;6;4;5;4;21;-6.1645010742782445;25;6;6;4;5;4;21;-6.082533420810125
TRACK:1552;1381;1548;3;2;2;0;4;6;5;3;0;2;9;19;2;22;-3.871826082688454;12;2;2;4;2;6;1;25;12;0;0;13;22;-8.131053708982249;21;-6.2132471573331935;5;5;2;5;17;5;17;6;6;4;5;4;21;-6.156312972421576;25;6;6;4;5;4;21;-6.003254007099706
TRACK:1553;1381;1548;3;2;2;0;4;6;5;3;0;2;9;17;2;22;-3.6805762306948027;12;2;2;4;2;6;22;-7.683444547652846;0;0;13;22;-7.921189780643288;6;25;5;5;2;5;17;3;16;6;6;4;5;4;21;-6.2132471573331935;2;2;4;2;6;1;25;12;0;0;13;22;-8.131053708982249;6;25;5;5;2;5;17;5;17;6;6;4;5;4;21;-6.156312972421576;6;6;4;5;4;21;-6.347234238662744
TRACK:1554;1525;1548;3;2;2;0;4;6;5;3;0;2;9;17;2;22;-3.8794259762175294;12;2;2;4;2;6;1;20;1.614214803364364;12;0;0;15;22;-7.856290258859652;6;21;1.1560238127160976;5;5;2;5;17;5;17;6;6;22;-7.683444547652846;25;6;6;4;5;4;21;-6.441677678029458
TRACK:1555;1525;1548;3;2;2;0;4;6;5;5;4;21;-5.891807349770966;2;2;4;2;6;22;-7.683444547652846;0;0;13;22;-7.921189780643288;6;25;5;5;2;5;17;3;16;6;6;4;5;4;21;-6.2132471573331935;25;6;6;4;5;4;21;-6.347234238662744
TRACK:1556;1381;1102;3;2;2;0;4;6;5;3;0;2;9;19;2;22;-3.871826082688454;12;4;6;5;3;0;2;9;12;2;22;-3.772267591187182;12;25;6;6;4;5;4;21;-6.003254007099706
TRACK:1557;1381;1102;3;2;2;0;4;6;5;3;0;2;9;12;2;22;-3.772267591187182;12;2;2;4;2;17;0;0;13;22;-7.912624957707349;6;21;1.0452515246877252;5;6;4;9;0;6;6;3;5;8;6;25;25;6;6;2;5;1;6;4;1;10;7;-5.976729611466565;2;5;3;24;3;1;9;17;4;0;3;1;1;9;11;2;11;18;5;1;10;13
TRACK:1558;1146;1503;3;2;2;0;4;6;5;3;0;2;9;17;19;2;2;4;2;6;1;25;12;0;0;13;22;-8.047315400829996;6;25;5;5;2;5;17;5;17;6;6;4;5;4;21;-6.04574841895601;25;6;6;4;5;4;21;-6.237760229672212
TRACK:1559;1146;1503;3;2;2;0;4;6;5;3;0;2;9;19;2;22;-3.7648180921227867;12;2;2;4;2;6;1;25;21;-6.237760229672212;0;0;10;22;-8.19087532016205;6;25;5;5;2;5;17;5;17;6;6;4;5;4;21;-6.1645010742782445;25;6;6;4;5;4;21;-6.082533420810125
TRACK:1560;1550;-1;3;2;2;0;4;6;5;3;0;2;9;17;4;21;6.833894444376245;2;2;4;2;6;1;25;12;0;0;13;22;-8.177570639416908;6;25;5;5;2;5;17;5;17;6;6;4;5;4;21;-5.957959419649448;17;6;6;4;5;4;21;-6.202628095045349
TRACK:1561;1552;-1;3;2;2;0;4;6;5;3;0;2;9;19;2;22;-4.007342902200573;12;2;2;4;2;6;1;25;12;0;0;13;22;-8.025697567804505;21;-6.2191488768735255;5;5;2;5;17;5;17;6;25;25;6;6;4;5;4;21;-6.0227822773950495
TRACK:1562;1554;-1;3;2;2;0;4;6;5;3;0;2;9;17;2;22;-3.8580921404931043;12;2;2;4;2;6;1;20;1.665258700420999;12;0;0;15;22;-7.8643779583927325;6;21;1.0478137280413427;5;5;6;24;6;6;22;-7.730721217713751;25;6;6;4;5;4;21;-6.32446432896026
TRACK:1563;1556;-1;3;2;2;0;4;6;5;3;0;2;9;19;2;22;-3.961822919103264;12;4;6;5;3;0;2;9;12;2;22;-3.78018226024117;12;3;25;6;6;4;5;4;21;-5.82883514161516
TRACK:1564;1558;-1;3;2;2;0;4;6;5;3;0;2;9;17;19;6;20;-4.4556390810917375;25;6;6;4;5;4;21;-6.310291383166004
TRACK:1565;1551;-1;3;2;2;0;4;6;5;3;0;2;9;19;2;22;-3.8400142898965637;12;2;2;4;2;6;1;22;-8.154931312962535;12;0;0;10;22;-8.218965378838279;6;25;5;5;2;5;17;5;17;6;6;4;5;1;12;16;25;6;6;4;5;4;21;-6.075395059268683
TRACK:1566;1553;-1;3;2;2;0;4;6;5;3;0;2;9;17;2;22;-3.9360721033709294;12;2;2;4;2;6;22;-7.746760258547438;0;0;13;22;-7.958875532119242;6;25;5;5;2;5;17;3;16;6;6;4;5;4;21;-6.245678014568629;2;2;4;2;6;1;25;12;0;0;13;22;-8.200560711826249;6;25;5;5;2;5;17;5;3;15;6;6;4;5;4;21;-6.285650901367158;6;6;4;5;4;21;-6.317096579430922
TRACK:1567;1555;-1;3;2;2;0;4;6;5;5;4;0;16;15;2;2;4;2;6;22;-7.65731291896633;0;0;13;22;-7.985281359521516;6;25;5;5;2;5;17;3;16;6;6;4;5;4;21;-6.159640957938311;25;6;6;4;5;4;21;-6.3622583005080795
TRACK:1568;1557;-1;3;2;2;0;4;6;5;3;0;2;9;12;2;22;-3.801055288365548;12;2;2;4;2;3;3;18;0;0;13;22;-7.883452754377703;6;21;1.1430769363474749;5;6;4;9;0;6;6;3;5;8;6;25;25;6;6;2;5;1;6;4;1;10;7;-6.064289182079919;2;5;3;24;3;1;9;17;4;0;3;1;1;9;11;2;11;18;5;1;10;13
TRACK:1569;1559;-1;3;2;2;0;4;6;5;3;0;2;9;19;2;22;-3.934336373316831;12;2;2;4;2;6;1;25;21;-6.34806922033379;0;0;10;22;-8.023608264740002;6;25;5;5;2;5;17;5;17;6;6;4;5;4;21;-6.17817794415391;25;6;6;4;2;18;24
EVAL_INSTANCE:78:0:1560
EVAL_INSTANCE:78:1:1561
EVAL_INSTANCE:78:2:1562
EVAL_INSTANCE:78:3:1563
EVAL_INSTANCE:78:4:1564
EVAL_INSTANCE:78:5:1565
EVAL_INSTANCE:78:6:1566
EVAL_INSTANCE:78:7:1567
EVAL_INSTANCE:78:8:1568
EVAL_INSTANCE:78:9:1569
RUN_RESULT:78:0:0:2000:----
RUN_RESULT:78:1:0:2000:----
RUN_RESULT:78:2:0:2000:----
RUN_RESULT:78:3:0:562:UUUURRURDLLLDDLLDDDRRRRRRU
RUN_RESULT:78:4:0:2000:----
RUN_RESULT:78:5:0:966:UUUURRURDRDDDD
RUN_RESULT:78:6:0:2000:----
RUN_RESULT:78:7:0:266:UUUURRURDRDDDD
RUN_RESULT:78:8:0:2000:----
RUN_RESULT:78:9:0:966:UUUURRURDRDDDD
    79 |      790 | -3.849200E+03 | -3.850000E+03
TRACK:1570;1503;1525;3;2;2;0;4;6;5;3;0;2;9;20;1.614214803364364;2;22;-3.7648180921227867;12;2;2;4;2;6;1;25;12;0;0;10;22;-8.19087532016205;6;25;5;5;2;5;17;5;17;6;6;4;5;4;21;-6.1645010742782445;25;6;6;4;5;4;21;-6.082533420810125
TRACK:1571;1503;1525;3;2;2;0;4;6;5;3;0;2;9;17;2;22;-3.8794259762175294;25;2;2;4;2;6;1;20;1.614214803364364;12;0;0;15;22;-7.856290258859652;6;21;1.1560238127160976;5;5;2;5;17;5;17;6;6;4;5;4;21;-5.891807349770966;25;6;6;4;5;4;21;-6.441677678029458
TRACK:1572;1381;1548;3;2;6;5;3;0;2;9;17;2;22;-3.6805762306948027;12;6;6;4;5;4;21;-6.003254007099706
TRACK:1573;1381;1548;3;2;2;0;4;6;5;3;0;2;9;17;2;22;-3.6805762306948027;12;2;2;4;2;6;22;-7.683444547652846;0;0;13;22;-7.921189780643288;6;25;5;5;2;5;17;3;16;6;6;4;5;4;21;-6.2132471573331935;25;6;6;4;21;-6.003254007099706
TRACK:1574;1146;1548;3;2;2;0;4;6;5;3;0;2;9;17;2;22;-3.783150876551037;12;2;2;4;2;6;1;25;12;0;0;13;22;-8.047315400829996;6;25;5;5;2;5;17;5;21;-6.2132471573331935;6;6;4;5;4;21;-6.04574841895601;25;6;6;4;5;4;21;-6.237760229672212
TRACK:1575;1146;1548;3;2;2;0;4;6;5;3;0;2;9;17;25;2;2;4;2;6;22;-7.683444547652846;0;0;13;22;-7.921189780643288;6;25;5;5;2;5;17;3;16;6;6;4;5;4;21;-6.2132471573331935;25;6;6;4;5;4;21;-6.347234238662744
TRACK:1576;1146;848;3;2;2;0;4;6;5;3;0;2;9;17;2;22;-3.783150876551037;12;2;2;4;2;6;1;25;12;0;0;13;22;-8.047315400829996;6;25;5;5;2;5;17;5;17;6;6;4;5;4;21;-6.04574841895601;25;6;6;4;4;5;4;21;-6.3824430909588905
TRACK:1577;1146;848;3;2;2;0;4;6;5;3;0;2;9;17;2;22;-3.8259030561983507;12;2;2;4;2;21;-6.237760229672212;0;0;13;22;-8.049768830461831;6;21;1.0412755781314953;5;5;2;5;17;5;17;6;6;4;5;4;21;-6.077092464338748;25;6;6;4;5;4;21;-6.3824430909588905
TRACK:1578;1446;1381;3;2;2;0;4;6;5;3;0;2;9;19;2;22;-3.8321873731479608;17;2;2;4;2;6;1;25;12;0;0;13;22;-8.054028686899581;1;8;18;5;5;2;5;17;5;17;0;13;22;-8.131053708982249;25;6;6;4;5;4;21;-6.007422799347609
TRACK:1579;1446;1381;3;2;2;0;4;6;5;3;0;2;9;19;2;22;-3.871826082688454;12;2;2;4;2;6;4;21;-6.007422799347609;0;0;13;22;-8.131053708982249;6;25;5;5;2;5;17;5;17;6;6;4;5;4;21;-6.156312972421576;25;6;6;4;5;4;21;-6.003254007099706
TRACK:1580;1570;-1;3;2;2;0;4;6;5;3;0;2;9;20;1.674306865392868;2;22;-3.813496002188181;12;2;2;4;2;6;1;25;12;0;0;10;22;-8.185181468224048;6;25;5;5;2;5;17;5;17;6;6;4;5;4;21;-6.096910658732151;3;2;6;0;0;3;2;19;20;-1.3365144153038813;0;1;25;16;4;23;-4.376220343619737;3;5;2;22;-6.619622192501922;23;1.6524559105539272;0;6;2;2;0;20;-9.969659121529409;24;3;13;1;0;19;11;2;10;13;5;1;0;2;14;18;0;12;13;3;1;14;23;-9.76866379633206;6;6;4;5;4;21;-6.1076705405333875
TRACK:1581;1572;-1;3;2;6;3;5;5;5;2;6;3;19;1;6;19;3;8;6;6;4;5;4;21;-6.007869857186855
TRACK:1582;1574;-1;3;2;2;0;4;6;5;3;0;2;9;17;2;22;-3.681376609488641;12;2;2;4;2;6;1;25;12;0;0;13;22;-7.9965613702712615;6;25;0;13;24;6;6;4;5;4;21;-6.2492583525454295;25;6;6;4;5;4;21;-6.196500774070315
TRACK:1583;1576;-1;3;2;2;0;4;6;5;3;0;2;9;17;2;22;-3.8661677276733903;12;2;2;4;2;6;1;25;12;0;0;13;22;-8.065493976810552;6;25;5;5;2;5;17;5;17;6;6;4;5;4;21;-6.050021412523198;25;6;5;2;23;6.51983088745817;22;6.824739067012253
TRACK:1584;1578;-1;3;2;2;0;4;6;5;3;0;2;9;19;2;22;-3.9568200775816447;17;2;2;4;2;6;1;13;23;7.201392138725161;0;0;13;22;-7.979496216283123;1;8;18;5;5;2;5;17;5;17;0;13;22;-7.920006098027366;25;6;6;4;5;4;21;-6.084486347945417
TRACK:1585;1571;-1;3;2;2;0;4;6;5;3;0;2;9;17;2;22;-3.7894088427166905;25;2;2;4;2;6;1;20;1.6261017833843572;12;0;0;15;22;-7.88737210647321;6;21;1.1218935908662908;5;1;19;24;6;6;4;5;4;21;-5.668514871062619;25;6;6;4;5;4;21;-6.468006308805987
TRACK:1586;1573;-1;3;2;2;0;4;6;5;3;0;2;9;17;2;22;-3.7201772438562806;12;2;2;4;2;5;7;4.036709795782796;0;0;13;22;-7.974142782165485;6;25;5;5;2;5;17;3;16;6;6;4;5;4;21;-6.216619854360044;25;6;6;4;21;-6.050910209606175
TRACK:1587;1575;-1;3;2;2;0;4;6;5;3;0;2;9;17;6;7;-5.622658681042445;2;2;4;2;6;22;-7.606773232663795;0;0;13;22;-7.929469014249934;6;25;5;5;2;5;17;3;16;6;6;4;5;4;21;-6.209843113890253;25;6;6;4;5;4;21;-6.215731542462921
TRACK:1588;1577;-1;3;2;2;0;4;6;5;3;0;2;9;17;2;22;-3.9519430597225336;12;2;2;4;2;21;-6.264189810949572;0;0;13;22;-7.940513799434125;6;21;1.1030018413819822;5;5;2;5;17;5;17;6;6;4;5;4;21;-6.01088206354528;25;6;6;4;4;5;5;22;2.9603614450719196
TRACK:1589;1579;-1;3;3;0;4;5;4;3;19;5;4;1;1;23;5.109512160856909;8;0;11;25
EVAL_INSTANCE:79:0:1580
EVAL_INSTANCE:79:1:1581
EVAL_INSTANCE:79:2:1582
EVAL_INSTANCE:79:3:1583
EVAL_INSTANCE:79:4:1584
EVAL_INSTANCE:79:5:1585
EVAL_INSTANCE:79:6:1586
EVAL_INSTANCE:79:7:1587
EVAL_INSTANCE:79:8:1588
EVAL_INSTANCE:79:9:1589
RUN_RESULT:79:0:0:2000:----
RUN_RESULT:79:1:0:2000:----
RUN_RESULT:79:2:0:2000:----
RUN_RESULT:79:3:0:2000:----
RUN_RESULT:79:4:0:2000:----
RUN_RESULT:79:5:0:174:UUUURRURDRDDDD
RUN_RESULT:79:6:0:2000:----
RUN_RESULT:79:7:0:1138:UUUURRURDRDDDD
RUN_RESULT:79:8:0:2000:----
RUN_RESULT:79:9:0:2000:----
    80 |      800 | -3.849200E+03 | -3.850000E+03
TRACK:1590;1146;848;3;2;2;0;4;6;5;3;0;2;9;17;2;22;-3.783150876551037;12;2;2;4;2;6;1;25;12;0;0;13;22;-8.047315400829996;6;25;5;5;2;5;17;5;17;6;6;4;5;0;13;22;-8.049768830461831;25;6;6;4;5;4;21;-6.237760229672212
TRACK:1591;1146;848;3;2;2;0;4;6;5;3;0;2;9;17;2;22;-3.8259030561983507;12;2;2;4;2;6;2;9;17;0;0;13;22;-8.049768830461831;6;21;1.0412755781314953;5;5;2;5;17;5;17;6;6;4;5;4;21;-6.077092464338748;25;6;6;4;5;4;21;-6.3824430909588905
TRACK:1592;1548;1102;3;2;2;0;4;6;5;3;0;2;25;17;2;22;-3.6805762306948027;12;2;2;4;2;6;22;-7.683444547652846;0;0;13;22;-7.921189780643288;6;25;5;5;2;5;17;3;16;6;6;4;5;4;21;-6.2132471573331935;25;6;6;4;5;4;21;-6.347234238662744
TRACK:1593;1548;1102;3;2;2;0;4;6;5;3;0;2;9;12;2;22;-3.772267591187182;12;2;4;5;4;21;-6.347234238662744;0;6;6;3;5;8;6;1;4;9;3;10;25;6;6;2;5;1;6;4;1;10;7;-5.976729611466565;2;5;3;24;3;1;9;17;4;0;3;1;1;9;11;2;11;18;5;1;10;13
TRACK:1594;1503;1446;3;2;2;0;4;6;5;25;2;2;4;2;6;1;25;12;0;0;10;22;-8.19087532016205;6;25;5;5;2;5;17;5;17;6;6;4;5;4;21;-6.1645010742782445;25;6;6;4;5;4;21;-6.082533420810125
TRACK:1595;1503;1446;3;2;2;0;4;6;5;3;0;2;9;19;2;22;-3.8321873731479608;17;2;2;4;2;6;1;25;12;0;0;13;17;1;8;18;5;5;2;5;17;5;17;6;6;4;5;4;21;-6.088047941894797;25;6;6;4;5;4;21;-6.007422799347609
TRACK:1596;1503;1548;3;2;2;0;4;6;5;3;0;2;9;19;2;22;-3.7648180921227867;12;2;2;4;2;6;1;25;12;0;0;10;22;-8.19087532016205;6;22;-3.6805762306948027;5;5;2;5;17;5;17;6;6;4;5;4;21;-6.1645010742782445;25;6;6;4;5;4;21;-6.082533420810125
TRACK:1597;1503;1548;3;2;2;0;4;6;1;25;12;2;2;4;2;6;22;-7.683444547652846;0;0;13;22;-7.921189780643288;6;25;5;5;2;5;17;3;16;6;6;4;5;4;21;-6.2132471573331935;25;6;6;4;5;4;21;-6.347234238662744
TRACK:1598;1146;848;3;2;2;0;4;6;5;3;0;2;9;17;2;22;-3.783150876551037;12;2;2;4;2;6;1;25;12;0;0;13;22;-8.047315400829996;6;25;5;5;2;5;17;5;17;6;6;4;5;4;21;-6.04574841895601;25;6;6;4;5;4;21;-6.237760229672212
TRACK:1599;1146;848;3;2;2;0;4;6;5;3;0;2;9;17;2;22;-3.8259030561983507;12;2;2;4;2;6;1;20;1.6619559846101999;12;0;0;13;22;-8.049768830461831;6;21;1.0412755781314953;5;5;2;5;17;5;17;6;6;4;5;4;21;-6.077092464338748;6;25;6;6;4;5;4;21;-6.3824430909588905
TRACK:1600;1146;-1;3;2;2;0;4;6;5;3;0;2;9;17;2;22;-3.7154436245914697;12;3;8;25;6;6;4;5;4;21;-6.218963926476509
TRACK:1601;1592;-1;3;2;2;0;4;6;5;3;0;2;25;17;2;22;-3.702695049805257;12;2;2;4;2;6;22;-7.647705253290692;0;0;13;22;-7.8641247437257915;6;25;5;5;2;5;17;3;16;6;6;4;5;4;21;-6.3814909021825335;6;3;4;1;20;-1.7649546254486292;13;6;6;4;5;4;21;-6.308788528519571
TRACK:1602;1594;-1;3;2;2;0;4;6;5;25;2;2;4;2;6;1;25;12;0;0;10;22;-8.2408625009437;6;25;5;5;2;5;17;5;17;6;6;4;4;10;25;6;6;4;5;4;21;-6.111512032765194
TRACK:1603;1596;-1;3;2;2;0;4;6;5;3;0;2;9;19;2;22;-3.613371887236328;12;2;2;4;2;6;2;7;3.145761663944606;22;-7.803529437539449;0;0;10;22;-8.066984452695896;6;22;-3.7979984704870753;5;5;2;5;17;5;17;6;6;4;5;4;21;-6.396889812430852;25;6;6;4;5;4;21;-6.0381868496497555
TRACK:1604;1598;-1;3;2;2;0;4;6;5;3;0;2;9;17;2;22;-3.767815966188764;12;2;2;4;2;6;1;25;12;0;0;13;22;-8.014028006472204;6;25;5;5;2;5;17;5;17;6;6;4;5;4;21;-6.068076958633711;25;6;6;4;0;4;1;8;12;2;0;20;1.9930898991507622;15;3;25
TRACK:1605;848;-1;3;2;2;0;4;6;5;3;0;2;9;17;2;22;-3.862492731496102;12;2;2;4;2;6;1;20;1.8188774341880638;12;0;0;13;22;-8.007036578635907;6;21;1.0262052291606636;5;5;2;5;23;8.407349792344434;5;17;6;6;4;5;4;21;-6.006967300718597;25;6;6;4;5;4;21;-6.317703900852918
TRACK:1606;1593;-1;3;2;2;0;4;6;5;3;0;2;9;12;2;22;-3.79982761950455;12;2;4;5;4;21;-6.3766512095709365;0;6;6;3;5;8;6;1;4;9;4;0;9;7;9.986628304931372;25;6;6;2;5;1;6;4;1;10;7;-5.861118433001531;2;5;3;24;3;1;9;17;4;0;3;1;1;9;11;2;11;18;5;1;10;13
TRACK:1607;1595;-1;3;2;2;0;4;6;5;4;13;2;2;4;2;6;1;25;12;0;0;13;17;1;8;18;5;5;2;5;17;5;17;6;6;4;5;4;21;-6.10384099039324;25;6;6;4;5;4;21;-5.833820961845463
TRACK:1608;1597;-1;3;2;2;0;4;6;1;25;12;2;2;4;2;6;22;-7.701042973988015;0;0;13;18;6;25;5;5;2;5;17;3;16;6;6;4;5;4;21;-6.238400040038559;25;6;6;4;5;4;21;-6.2341427928672495
TRACK:1609;1599;-1;3;2;2;0;4;6;5;3;0;2;9;17;2;22;-3.717470148054595;12;2;2;4;0;2;14;12;3;14;5;5;2;5;17;5;17;6;6;4;5;4;21;-6.178235023746332;6;25;6;6;4;5;4;21;-6.461553524720964
EVAL_INSTANCE:80:0:1600
EVAL_INSTANCE:80:1:1601
EVAL_INSTANCE:80:2:1602
EVAL_INSTANCE:80:3:1603
EVAL_INSTANCE:80:4:1604
EVAL_INSTANCE:80:5:1605
EVAL_INSTANCE:80:6:1606
EVAL_INSTANCE:80:7:1607
EVAL_INSTANCE:80:8:1608
EVAL_INSTANCE:80:9:1609
RUN_RESULT:80:0:0:971:UUUURRURDRDDDD
RUN_RESULT:80:1:0:2000:----
RUN_RESULT:80:2:0:2000:----
RUN_RESULT:80:3:0:2000:----
RUN_RESULT:80:4:0:2000:----
RUN_RESULT:80:5:0:2000:----
RUN_RESULT:80:6:0:2000:----
RUN_RESULT:80:7:0:271:UUUURRURDRDDDD
RUN_RESULT:80:8:0:266:UUUURRURDRDDDD
RUN_RESULT:80:9:0:2000:----
    81 |      810 | -3.849200E+03 | -3.850000E+03
TRACK:1610;1548;1525;3;2;2;0;4;6;5;3;0;2;9;17;2;22;-3.6805762306948027;12;2;4;21;-6.441677678029458;6;6;4;5;4;21;-6.2132471573331935;25;6;6;4;5;4;21;-6.347234238662744
TRACK:1611;1548;1525;3;2;2;0;4;6;5;3;0;2;9;17;2;22;-3.8794259762175294;12;2;2;4;2;4;21;-6.347234238662744;0;0;15;22;-7.856290258859652;6;21;1.1560238127160976;5;5;2;5;17;5;17;6;6;4;5;4;21;-5.891807349770966;25;6;6;4;5;4;21;-6.441677678029458
TRACK:1612;1101;1503;3;2;2;0;4;6;5;3;0;2;9;12;2;22;-3.633486336201184;12;2;2;4;2;17;0;0;13;22;-7.841483336673723;2;9;19;5;6;4;9;0;6;6;3;5;8;6;1;4;3;13;3;10;25;6;6;2;5;1;6;4;1;10;7;-5.752520533406472;2;6;23;5.240186982945562;3;1;9;17;4;0;3;1;1;9;11;2;11;21;-7.481580248551218;5;4;6;25
TRACK:1613;1101;1503;3;2;2;0;4;6;5;3;0;2;9;19;2;22;-3.7648180921227867;12;2;2;4;2;6;1;25;12;0;0;8;22;-8.19087532016205;6;25;5;5;2;5;17;5;17;6;6;4;5;4;21;-6.1645010742782445;25;6;6;4;5;4;21;-6.082533420810125
TRACK:1614;1146;1381;3;2;2;0;4;6;5;3;0;2;9;17;2;22;-3.783150876551037;12;2;2;4;2;6;1;25;12;0;0;13;22;-8.047315400829996;6;25;5;5;2;5;25;5;17;6;6;4;5;4;21;-6.04574841895601;25;6;6;4;5;4;21;-6.237760229672212
TRACK:1615;1146;1381;3;2;2;0;4;6;5;3;0;2;9;19;2;22;-3.871826082688454;12;2;2;4;2;6;1;25;12;0;0;13;22;-8.131053708982249;6;25;5;5;2;5;17;5;17;6;6;4;5;4;21;-6.156312972421576;25;2;22;-3.783150876551037;12
TRACK:1616;1548;1446;3;2;2;0;4;6;5;3;0;2;9;17;2;17;12;2;2;4;2;6;22;-7.683444547652846;0;0;13;22;-7.921189780643288;6;25;5;5;2;5;17;3;16;6;6;4;5;4;21;-6.2132471573331935;25;6;6;4;5;4;21;-6.347234238662744
TRACK:1617;1548;1446;3;2;2;0;4;6;5;3;0;2;9;19;2;22;-3.8321873731479608;17;2;2;4;2;6;4;21;-6.2132471573331935;0;0;13;22;-8.054028686899581;1;8;18;5;5;2;5;17;5;17;6;6;4;5;4;21;-6.088047941894797;25;6;6;4;5;4;21;-6.007422799347609
TRACK:1618;1503;1525;3;2;2;0;4;6;5;3;0;2;9;19;2;22;-3.7648180921227867;12;2;2;4;2;6;1;25;12;0;0;10;22;-8.19087532016205;6;25;5;5;2;5;17;5;17;6;6;4;5;17;25;6;6;4;5;4;21;-6.082533420810125
TRACK:1619;1503;1525;3;2;2;0;4;6;5;3;0;2;9;17;2;22;-3.8794259762175294;12;2;2;4;2;6;1;20;1.614214803364364;12;0;0;15;21;-6.1645010742782445;6;21;1.1560238127160976;5;5;2;5;17;5;17;6;6;4;5;4;21;-5.891807349770966;25;6;6;4;5;4;21;-6.441677678029458
TRACK:1620;1610;-1;3;2;2;0;4;6;5;3;0;2;9;17;2;22;-3.6780284757101676;12;2;4;21;-6.122533999552825;6;6;4;5;4;21;-6.095949372404918;0;2;0;6;2;4;14;6;14;1;3;2;17;9;3;2;8;14;3;6;6;3;22;4.552469964579558;6;2;5;6;6;13;5;2;2;25;21;4.983493909184888;5;14;6;6;4;5;4;21;-6.356372083073484
TRACK:1621;1612;-1;3;2;2;0;4;3;6;6;20;-8.877448045701115;2;2;4;2;17;0;0;13;22;-7.981963497580256;2;9;19;5;6;4;9;0;6;6;3;5;8;6;1;4;3;13;3;10;25;6;6;2;5;1;6;4;1;10;7;-5.718517392008974;2;6;23;5.26235016057603;3;1;9;17;4;0;3;1;1;9;11;2;11;21;-7.399098352829046;5;4;6;25
TRACK:1622;1614;-1;3;2;2;0;4;6;5;3;0;2;9;17;2;22;-3.7660171696721068;12;2;2;4;2;6;1;25;12;0;0;13;22;-8.038722947080105;6;25;5;5;2;5;25;5;17;6;6;6;4;6;24;25;6;6;4;5;4;21;-6.3600832233723645
TRACK:1623;1616;-1;3;2;2;0;4;6;5;3;0;2;9;17;2;17;12;2;2;4;2;6;5;9;0;0;13;22;-8.131253133024755;6;25;5;5;2;5;17;3;16;6;6;4;5;4;21;-6.305343353395133;25;6;6;4;5;4;21;-6.39196311113065
TRACK:1624;1618;-1;3;2;2;0;4;6;5;3;0;2;9;19;2;22;-3.847747872994548;12;2;2;4;2;6;1;25;12;0;0;10;22;-8.22312978945446;6;25;5;5;2;5;17;5;17;3;4;1;7;-7.024018893273825;20;5.808456700666767;25;6;6;4;5;4;21;-6.014537591638383
TRACK:1625;1611;-1;3;2;2;0;4;6;5;3;0;2;9;17;2;22;-3.849378953381378;12;2;2;4;2;4;21;-6.289202893287846;0;0;15;22;-7.79319472216305;6;21;1.0273295910721911;5;5;2;5;17;5;17;6;6;4;5;4;21;-5.883368266190191;25;2;5;1;3;4;1;17;23;5.455374158414232;6;5;4;22;8.579436380351616;3;3;5;2;1;21;-8.555881676836748;14;5;20;3.159117081088361
TRACK:1626;1613;-1;3;2;2;0;4;6;5;3;0;2;9;19;2;22;-3.6788004488608697;12;2;2;4;2;6;1;25;12;0;0;8;11;6;25;5;5;2;5;17;5;17;6;6;4;5;4;21;-6.0089967514373095;25;6;6;4;5;4;21;-6.069364666615544
TRACK:1627;1615;-1;3;2;2;0;4;6;5;3;0;18;25;2;2;4;2;6;1;25;12;0;0;13;22;-8.219772370858722;6;25;5;5;2;5;17;5;17;6;6;4;5;4;21;-6.342499964870483;25;2;22;-3.8428280584017713;12
TRACK:1628;1617;-1;3;2;2;0;4;6;5;3;0;2;9;19;2;22;-3.8243204086526625;17;2;2;4;2;6;4;21;-6.307851796465633;0;6;7;-2.4756710198439453;1;8;18;5;5;2;5;17;5;17;6;6;4;5;4;21;-6.061709785001575;25;6;6;4;5;4;21;-5.936325771698887
TRACK:1629;1619;-1;3;2;2;0;4;6;5;3;0;2;9;17;2;22;-3.8317912902740234;12;2;2;4;2;6;1;20;1.728877914410434;12;0;0;15;21;-6.238088547528975;6;21;1.0748281712814742;5;5;2;5;17;5;17;1;4;8;4;25;25;6;6;4;5;4;21;-6.47574529516344
EVAL_INSTANCE:81:0:1620
EVAL_INSTANCE:81:1:1621
EVAL_INSTANCE:81:2:1622
EVAL_INSTANCE:81:3:1623
EVAL_INSTANCE:81:4:1624
EVAL_INSTANCE:81:5:1625
EVAL_INSTANCE:81:6:1626
EVAL_INSTANCE:81:7:1627
EVAL_INSTANCE:81:8:1628
EVAL_INSTANCE:81:9:1629
RUN_RESULT:81:0:0:2000:----
RUN_RESULT:81:1:0:299:UUUURRURDRDDDD
RUN_RESULT:81:2:0:171:UUUURRURDRDDDD
RUN_RESULT:81:3:0:1082:UUUURRURDRDDDD
RUN_RESULT:81:4:0:966:UUUURRURDRDDDD
RUN_RESULT:81:5:0:2000:----
RUN_RESULT:81:6:0:155:UUUURRURDRDDDD
RUN_RESULT:81:7:0:2000:----
RUN_RESULT:81:8:0:155:UUUURRURDRDDDD
RUN_RESULT:81:9:0:170:LLUUUURRRRURDRDDDD
    82 |      820 | -3.849200E+03 | -3.850000E+03
TRACK:1630;1503;1446;3;2;2;0;4;6;5;3;0;2;9;19;2;22;-3.7648180921227867;12;2;2;4;2;6;1;25;12;0;0;10;22;-8.19087532016205;6;25;5;5;2;5;17;5;17;6;6;4;5;4;21;-6.1645010742782445;1;25;12;6;6;4;5;4;21;-6.082533420810125
TRACK:1631;1503;1446;3;2;2;0;4;6;5;3;0;2;9;19;2;22;-3.8321873731479608;17;2;2;4;2;6;1;25;12;0;0;13;22;-8.054028686899581;1;8;18;5;5;2;5;17;5;17;6;6;4;5;4;21;-6.088047941894797;25;6;6;4;25
TRACK:1632;1548;1101;3;2;2;0;4;6;5;3;0;2;9;17;2;22;-3.6805762306948027;12;2;2;4;2;6;22;-7.683444547652846;0;0;13;22;-7.921189780643288;6;25;5;5;2;5;17;3;16;6;6;4;21;0.9426160602270357;25;6;6;4;5;4;21;-6.347234238662744
TRACK:1633;1548;1101;3;2;2;0;4;6;5;3;0;2;9;12;2;22;-3.633486336201184;12;2;2;4;2;17;0;0;13;22;-7.841483336673723;6;21;0.9426160602270357;5;6;4;9;0;6;6;3;5;8;6;1;4;3;13;3;10;25;6;6;2;5;1;6;4;1;10;7;-5.752520533406472;2;6;23;5.240186982945562;3;1;9;17;4;0;3;1;1;9;11;2;11;21;-7.481580248551218;5;13
TRACK:1634;1146;1146;3;2;2;0;4;6;5;3;0;4;21;-6.237760229672212;2;22;-3.783150876551037;12;2;2;4;2;6;1;25;12;0;0;13;22;-8.047315400829996;6;25;5;5;2;5;17;5;17;6;6;4;5;4;21;-6.04574841895601;25;6;6;4;5;4;21;-6.237760229672212
TRACK:1635;1146;1146;3;2;2;0;4;6;5;3;0;2;9;17;2;22;-3.783150876551037;12;2;2;4;2;6;1;25;12;0;0;13;22;-8.047315400829996;6;25;5;5;2;5;17;5;17;6;6;4;5;4;21;-6.04574841895601;4;21;-6.04574841895601;6;6;4;5;4;21;-6.237760229672212
TRACK:1636;1446;1548;3;2;2;0;4;6;5;3;0;2;9;19;2;22;-3.8321873731479608;17;2;2;4;2;6;1;25;12;0;2;9;17;2;22;-3.6805762306948027;12;5;5;2;5;17;5;17;6;6;4;5;4;21;-6.088047941894797;25;6;6;4;5;4;21;-6.007422799347609
TRACK:1637;1446;1548;3;2;2;5;17;25;6;6;4;5;4;21;-6.347234238662744
TRACK:1638;1525;1503;3;2;2;0;4;6;5;3;0;2;9;17;2;22;-3.8794259762175294;12;2;2;4;2;6;1;20;1.614214803364364;12;0;0;15;22;-7.856290258859652;6;21;1.1560238127160976;5;5;2;5;17;5;17;6;6;4;5;4;21;-5.891807349770966;4;2;6;1;25;12;0;0;10;22;-8.19087532016205;6;25;6;6;4;5;4;21;-6.441677678029458
TRACK:1639;1525;1503;3;2;2;0;4;6;5;3;0;2;9;19;2;22;-3.7648180921227867;12;2;2;4;2;6;1;25;12;0;0;10;22;-8.19087532016205;6;25;5;5;2;5;17;5;17;6;6;4;5;4;25;25;6;6;4;5;4;21;-6.082533420810125
TRACK:1640;1630;-1;3;2;2;0;4;6;5;3;0;2;9;19;2;22;-3.7854876578797465;12;2;2;4;2;6;1;25;12;0;0;10;22;-8.231145117294194;6;25;5;5;2;5;17;5;17;6;6;4;5;4;21;-6.046272103071849;1;25;12;6;6;4;5;5;3;1;23;5.019508992872979;24
TRACK:1641;1632;-1;3;2;2;0;4;6;5;3;0;2;9;17;2;22;-3.6146584823740935;12;2;2;4;2;6;22;-7.632160984625453;0;0;13;22;-8.196421285015486;6;25;5;5;2;5;9;3;16;6;6;4;21;1.0039107532050748;25;6;6;4;5;4;21;-6.47436183219409
TRACK:1642;1634;-1;3;2;2;0;4;2;3;2;22;9.54446358048158;22;1.526038415685175;2;0;19;23;-2.2256808219821345;1;7;7.4844781204912145;10;2;2;4;2;6;1;25;12;0;0;13;22;-8.067484309660198;6;25;5;5;2;5;17;5;17;6;6;4;5;4;21;-6.091428217990046;25;6;6;4;5;4;21;-6.225840524580711
TRACK:1643;1636;-1;3;2;2;0;4;6;5;3;0;2;9;19;2;22;-3.767550151718611;17;2;2;4;2;6;1;25;12;0;2;9;17;2;22;-3.8672898770888184;12;5;0;6;4;18;2;0;21;5.06010175355563;16;4;10;6;6;4;5;4;21;-6.077576977466784;25;6;6;4;5;4;21;-6.014703142510072
TRACK:1644;1638;-1;3;2;2;0;4;6;5;3;0;2;9;17;2;22;-3.8454724166611878;12;2;2;4;2;6;1;20;1.636463487403514;12;0;0;15;22;-7.940232418301342;6;21;1.0129115191329998;5;5;2;5;17;5;17;6;6;4;5;4;21;-5.866064063469112;6;2;6;3;1;1;4;17;5;16;3;4;21;-6.132437512211782;5;6;3;6;4;12;6;6;4;5;4;21;-6.594141805936769
TRACK:1645;1631;-1;3;2;2;0;4;6;5;3;0;2;9;19;2;22;-3.6775937003816237;17;2;2;4;2;6;1;25;12;0;0;13;22;-8.150763201246889;1;8;18;5;5;2;5;17;5;17;6;6;4;5;4;21;-6.1767690831625925;25;6;6;4;4;2;21;-2.922558859328226;19
TRACK:1646;1633;-1;3;2;2;0;4;2;0;0;3;5;24;0;1;9;21;-2.3254993871448644;2;21;3.2885972502875642;9;5;5;3;19;3;5;2;4;13;0;14;8;2;2;4;2;17;0;0;13;22;-7.758344420525779;6;21;0.9428776242508228;5;6;4;9;0;6;6;3;5;8;6;1;4;3;13;3;10;25;6;6;2;5;1;6;4;1;10;7;-5.640178949968933;2;6;23;5.224207139793073;3;1;9;17;4;0;3;1;1;9;11;2;11;21;-7.539993015824263;5;13
TRACK:1647;1635;-1;3;2;2;0;4;6;5;3;0;2;9;17;2;22;-3.8011751463572834;24;2;2;4;2;6;1;25;12;0;0;13;22;-7.96630509487845;6;25;5;5;2;5;17;5;17;6;6;4;5;4;21;-6.101982730275707;4;21;-5.857409486333912;6;6;4;5;4;21;-6.007092083216213
TRACK:1648;1637;-1;3;4;2;3;6;1;6;0;6;22;-7.349136870292188;6;24;3;5;6;9;6;4;4;0;4;5;21;8.101791286149567;5;1;13;20;-4.661513945740388
TRACK:1649;1639;-1;3;2;2;0;4;6;5;3;0;2;9;19;2;22;-3.8161339835978834;12;2;2;4;2;6;1;25;12;0;0;10;22;-8.271079877819428;6;25;5;5;2;5;17;5;17;6;6;4;5;4;7;-4.483783289871135;25;6;6;4;5;4;21;-6.146362236279252
EVAL_INSTANCE:82:0:1640
EVAL_INSTANCE:82:1:1641
EVAL_INSTANCE:82:2:1642
EVAL_INSTANCE:82:3:1643
EVAL_INSTANCE:82:4:1644
EVAL_INSTANCE:82:5:1645
EVAL_INSTANCE:82:6:1646
EVAL_INSTANCE:82:7:1647
EVAL_INSTANCE:82:8:1648
EVAL_INSTANCE:82:9:1649
RUN_RESULT:82:0:0:2000:----
RUN_RESULT:82:1:0:2000:----
RUN_RESULT:82:2:0:2000:----
RUN_RESULT:82:3:0:2000:----
RUN_RESULT:82:4:0:2000:----
RUN_RESULT:82:5:0:2000:----
RUN_RESULT:82:6:0:2000:----
RUN_RESULT:82:7:0:2000:----
RUN_RESULT:82:8:0:2000:----
RUN_RESULT:82:9:0:966:UUUURRURDRDDDD
    83 |      830 | -3.849200E+03 | -3.850000E+03
TRACK:1650;1525;1548;3;2;2;0;4;6;5;3;4;21;-6.2132471573331935;2;2;4;2;6;1;20;1.614214803364364;12;0;0;15;22;-7.856290258859652;6;21;1.1560238127160976;5;5;2;5;17;5;17;6;6;4;5;4;21;-5.891807349770966;25;6;6;4;5;4;21;-6.441677678029458
TRACK:1651;1525;1548;3;2;2;0;4;6;5;3;0;2;9;17;2;22;-3.6805762306948027;12;2;2;4;2;6;22;-7.683444547652846;0;0;13;22;-7.921189780643288;1;20;1.614214803364364;12;5;5;2;5;17;3;16;6;6;4;5;4;21;-6.2132471573331935;25;6;6;4;5;4;21;-6.347234238662744
TRACK:1652;1381;848;3;2;2;0;4;6;5;3;0;2;9;19;2;22;-3.871826082688454;12;2;2;4;2;6;1;21;-6.3824430909588905;12;0;0;13;22;-8.131053708982249;6;25;5;5;2;5;17;5;17;6;6;4;5;4;21;-6.156312972421576;25;6;6;4;5;4;21;-6.003254007099706
TRACK:1653;1381;848;3;2;2;0;4;6;5;3;0;2;9;17;2;22;-3.8259030561983507;12;2;0;13;22;-8.131053708982249;6;6;4;5;4;21;-6.077092464338748;25;6;6;4;5;4;21;-6.3824430909588905
TRACK:1654;1503;1101;3;2;2;0;4;6;4;1;10;7;-5.752520533406472;2;2;4;2;6;1;25;12;0;0;10;22;-8.19087532016205;6;25;5;5;2;5;17;5;17;6;6;4;5;4;21;-6.1645010742782445;25;6;6;4;5;4;21;-6.082533420810125
TRACK:1655;1503;1101;3;2;2;0;4;6;5;3;0;2;9;12;2;22;-3.633486336201184;12;2;2;4;2;17;0;0;13;22;-7.841483336673723;6;21;0.9426160602270357;5;6;4;9;0;6;6;3;5;12;6;1;4;3;13;3;10;25;6;6;2;5;1;6;4;1;10;7;-5.752520533406472;2;6;23;5.240186982945562;3;1;9;17;4;0;3;1;1;9;11;2;11;21;-7.481580248551218;5;4;6;25
TRACK:1656;1146;848;3;2;2;0;4;6;5;3;0;2;9;17;2;22;-3.783150876551037;12;2;2;4;2;6;1;25;12;0;0;13;22;-8.047315400829996;6;25;5;5;2;5;17;5;17;6;6;4;5;4;21;-6.04574841895601;25;6;6;4;5;4;21;-6.237760229672212
TRACK:1657;1146;848;3;2;9;17
TRACK:1658;1548;1503;3;2;2;0;4;6;5;3;0;2;9;17;2;22;-3.6805762306948027;12;2;2;4;2;6;22;-7.683444547652846;0;0;13;22;-7.921189780643288;6;25;5;5;2;5;17;1;25;12;6;6;4;5;4;21;-6.2132471573331935;25;6;6;4;5;4;21;-6.347234238662744
TRACK:1659;1548;1503;3;2;2;0;4;6;5;3;0;2;9;19;2;22;-3.7648180921227867;12;2;2;4;2;6;1;25;12;0;0;10;22;-8.19087532016205;6;25;17;6;6;4;5;4;21;-6.1645010742782445;25;6;6;4;5;4;21;-6.082533420810125
TRACK:1660;1650;-1;3;2;2;0;4;6;5;3;4;21;-6.277791662251699;2;2;4;2;6;1;20;1.54805380596254;12;0;0;15;22;-7.658212733906085;6;21;1.1592752433994342;5;5;2;5;17;5;17;6;4;0;6;2;13;9;0;4;12;6;17;25;6;6;4;5;4;21;-6.5298660742304495
TRACK:1661;1652;-1;3;2;2;0;4;6;5;3;0;3;10;2;22;-3.869899838232721;12;2;2;4;2;6;1;21;-6.384851012492225;12;0;0;13;22;-8.097502635089615;6;25;5;5;2;5;17;5;17;6;6;4;5;4;21;-6.209752207725253;25;6;6;4;5;4;21;-6.2073007829042455
TRACK:1662;1503;-1;3;2;2;0;4;6;5;3;0;2;9;19;2;22;-3.8834448561745942;12;2;2;4;2;6;2;10;14;0;0;10;22;-8.25095248095275;6;25;5;5;2;5;17;5;17;6;6;4;5;4;21;-6.172840643345604;25;6;6;4;5;4;21;-5.993930047265979
TRACK:1663;1656;-1;3;2;2;0;4;6;5;3;0;2;9;17;2;22;-3.6941862539818437;12;5;20;-2.258758985763796;25;6;6;4;5;4;21;-6.4298802988546
TRACK:1664;1658;-1;3;2;2;0;4;6;5;3;0;2;9;17;2;22;-3.520779815185012;12;2;2;4;2;6;22;-7.697006564521154;0;0;13;22;-7.922094624188598;6;25;5;5;2;5;17;1;25;12;6;6;4;6;3;7;4.312838617362244;25;6;6;4;5;4;21;-6.350825232816953
TRACK:1665;1651;-1;3;2;2;0;4;6;5;3;0;2;9;17;2;22;-3.7614267114228084;12;2;2;4;2;6;22;-7.608295850099399;0;0;13;22;-7.893057360616382;1;20;1.711492570383912;12;5;5;2;5;17;3;16;6;6;4;5;4;21;-6.375728539174561;25;6;2;0;8;13;2;18;21;6.951125890983391
TRACK:1666;1653;-1;3;2;2;0;4;6;5;3;0;2;9;17;2;22;-3.7879563198387274;12;2;0;13;22;-8.10671863732372;6;6;4;5;4;21;-6.188460991536963;25;6;6;4;5;2;6;4;22;0.26380095327448316;4;2;23;-6.92190045289496;14
TRACK:1667;1101;-1;3;2;2;0;4;6;5;3;0;2;9;12;2;22;-3.5441910896644186;12;2;2;4;2;17;0;0;13;22;-7.795041847660443;6;21;0.9832621458477186;5;6;4;9;0;6;6;3;5;8;6;1;4;3;13;3;10;25;6;6;1;0;5;24;5;19;2;3;11;4;14
TRACK:1668;1657;-1;4;1;6;4;4;4;8;5;4;0;4;8;2;13;16
TRACK:1669;1659;-1;3;2;2;0;4;6;5;3;0;2;9;19;2;22;-3.8136104937511854;12;2;2;4;2;6;1;25;12;0;0;10;22;-8.281559793661499;6;25;17;6;6;4;5;4;21;-6.276252879962499;25;6;6;4;5;0;5;1;8;17;2;5;25;1;7;-4.702753353394488;22;6.1163500190651945
EVAL_INSTANCE:83:0:1660
EVAL_INSTANCE:83:1:1661
EVAL_INSTANCE:83:2:1662
EVAL_INSTANCE:83:3:1663
EVAL_INSTANCE:83:4:1664
EVAL_INSTANCE:83:5:1665
EVAL_INSTANCE:83:6:1666
EVAL_INSTANCE:83:7:1667
EVAL_INSTANCE:83:8:1668
EVAL_INSTANCE:83:9:1669
RUN_RESULT:83:0:0:338:UUUURRURDRDDDD
RUN_RESULT:83:1:0:2000:----
RUN_RESULT:83:2:0:161:UUUURRURDRDDDD
RUN_RESULT:83:3:0:2000:----
RUN_RESULT:83:4:0:2000:----
RUN_RESULT:83:5:0:2000:----
RUN_RESULT:83:6:0:2000:----
RUN_RESULT:83:7:0:152:UUUURRURDRDDDD
RUN_RESULT:83:8:0:2000:----
RUN_RESULT:83:9:0:2000:----
    84 |      840 | -3.849200E+03 | -3.850000E+03
TRACK:1670;1381;1503;3;2;2;0;4;6;5;3;6;1;25;12;2;2;4;2;6;1;25;12;0;0;13;22;-8.131053708982249;6;25;5;5;2;5;17;5;17;6;6;4;5;4;21;-6.156312972421576;25;6;6;4;5;4;21;-6.003254007099706
TRACK:1671;1381;1503;3;2;2;0;4;6;5;3;0;2;9;19;2;22;-3.7648180921227867;12;2;2;4;2;6;1;25;12;0;0;10;22;-8.19087532016205;6;25;5;5;2;5;17;5;17;6;6;4;5;4;21;-6.1645010742782445;5;4;21;-6.156312972421576;6;6;4;5;4;21;-6.082533420810125
TRACK:1672;1548;848;3;2;2;0;4;6;5;3;0;2;9;17;2;22;-3.6805762306948027;12;2;2;4;2;6;22;-7.683444547652846;0;0;13;22;-7.921189780643288;6;25;5;5;2;5;17;3;16;6;6;17;25;6;6;4;5;4;21;-6.347234238662744
TRACK:1673;1548;848;3;2;2;0;4;6;5;3;0;2;9;17;2;22;-3.8259030561983507;12;2;2;4;2;6;1;20;1.6619559846101999;12;0;0;13;22;-8.049768830461831;6;21;1.0412755781314953;5;6;25;6;6;4;5;4;21;-6.077092464338748;25;6;6;4;5;4;21;-6.3824430909588905
TRACK:1674;1446;1548;3;2;2;0;4;6;5;3;0;2;9;19;2;22;-3.8321873731479608;17;2;2;4;2;6;1;25;12;0;0;13;22;-8.054028686899581;1;8;18;5;5;2;5;17;5;17;6;2;6;22;-7.683444547652846;0;0;13;22;-7.921189780643288;6;25;25;6;6;4;5;4;21;-6.007422799347609
TRACK:1675;1446;1548;3;2;2;0;4;6;5;3;0;2;9;17;2;22;-3.6805762306948027;12;2;2;4;2;6;22;-7.683444547652846;0;0;13;22;-7.921189780643288;6;25;5;5;2;5;17;3;16;6;6;9;25;6;6;4;5;4;21;-6.347234238662744
TRACK:1676;848;1146;3;2;2;0;4;6;5;3;0;2;9;17;2;22;-3.8259030561983507;12;2;2;4;2;6;1;25;12;0;0;13;22;-8.049768830461831;6;21;1.0412755781314953;5;5;2;5;17;5;17;6;6;4;5;4;21;-6.077092464338748;25;6;6;4;5;4;21;-6.3824430909588905
TRACK:1677;848;1146;3;2;2;0;4;6;2;5;17;5;17;2;2;4;2;6;1;25;12;0;0;13;22;-8.047315400829996;6;25;5;5;2;5;17;5;17;6;6;4;5;4;21;-6.04574841895601;25;6;6;4;5;4;21;-6.237760229672212
TRACK:1678;1503;1381;3;2;2;0;4;6;5;3;0;2;9;19;2;22;-3.7648180921227867;12;2;2;4;2;6;1;19;12;0;0;10;22;-8.19087532016205;6;25;5;5;2;5;17;5;17;6;6;4;5;4;21;-6.1645010742782445;25;6;6;4;5;4;21;-6.082533420810125
TRACK:1679;1503;1381;3;2;2;0;4;6;5;3;0;2;9;19;2;22;-3.871826082688454;12;2;2;4;2;6;1;25;12;0;0;13;22;-8.131053708982249;6;25;5;5;2;5;17;5;17;5;2;5;17;5;17;25;6;6;4;5;4;21;-6.003254007099706
TRACK:1680;1670;-1;3;2;2;0;4;6;5;3;6;1;25;12;2;2;4;2;6;1;25;12;0;0;13;22;-8.217070209341117;6;25;5;5;2;5;17;5;17;4;5;19;25;6;6;4;5;4;21;-5.772175386388697
TRACK:1681;1672;-1;3;2;2;0;4;6;5;3;5;1;16;10;2;2;4;2;6;22;-7.809972601419498;0;0;13;22;-7.854270101383842;6;25;5;5;2;5;17;3;16;6;6;17;25;6;6;4;5;4;21;-6.3426775347502575
TRACK:1682;1674;-1;3;2;2;0;4;6;5;3;0;4;10;2;22;-3.787449180289008;17;2;2;4;2;6;1;25;12;0;0;13;22;-8.097954094524033;1;8;18;5;5;2;5;17;5;17;6;2;6;22;-7.7014173180091845;0;0;13;22;-7.866020537642975;6;25;25;6;6;4;5;4;21;-6.041832117555768
TRACK:1683;1676;-1;6;2;12;24
TRACK:1684;1678;-1;3;2;2;0;4;6;5;3;0;2;9;19;2;22;-3.709670661958145;12;2;2;4;2;6;1;19;12;0;0;10;22;-8.072218266463654;6;25;5;5;2;5;17;5;17;6;6;4;5;4;21;-5.985956466935211;25;6;6;4;5;4;4;5;7;-0.05922000499717406
TRACK:1685;1671;-1;3;2;2;0;4;6;5;3;0;2;9;19;2;22;-3.707570828432592;18;2;2;4;2;6;1;25;12;0;0;10;22;-8.11919845645101;6;25;5;5;2;5;17;5;17;6;6;4;5;4;21;-6.240918283602559;5;4;21;-6.194410512727774;6;6;4;5;4;21;-6.206352699011411
TRACK:1686;1673;-1;3;2;2;0;4;6;5;3;0;2;9;17;2;22;-3.715239068960948;12;2;2;6;1;0;11;7;-4.364197507513314;3;16;0;0;1;13;14;5;22;-3.5073412261614116;2;4;17;4;12;6;6;4;5;4;21;-5.9852788893501225;25;6;6;4;5;4;21;-6.370807491453879
TRACK:1687;1675;-1;3;2;2;0;4;6;5;3;0;2;9;17;2;22;-3.502493458035536;12;2;2;4;2;6;22;-7.587085374244423;5;3;16;5;5;2;5;17;3;16;6;6;9;25;6;6;4;5;4;21;-6.282952109895757
TRACK:1688;1677;-1;3;2;2;0;4;6;2;5;17;5;17;2;2;4;2;6;1;25;7;-3.607533209244256;0;0;13;22;-7.992888602159288;6;25;5;5;2;5;17;5;17;6;6;4;5;4;21;-5.958413512732705;25;6;6;4;5;4;21;-6.151393176629717
TRACK:1689;1679;-1;3;2;2;0;4;6;5;3;0;2;9;19;2;22;-3.851594934985709;12;2;2;2;3;3;0;15;10;4;4;0;20;0.11977977703943488;11;5;5;2;5;17;5;17;5;2;5;17;5;17;25;6;6;4;5;4;21;-6.01108965724821
EVAL_INSTANCE:84:0:1680
EVAL_INSTANCE:84:1:1681
EVAL_INSTANCE:84:2:1682
EVAL_INSTANCE:84:3:1683
EVAL_INSTANCE:84:4:1684
EVAL_INSTANCE:84:5:1685
EVAL_INSTANCE:84:6:1686
EVAL_INSTANCE:84:7:1687
EVAL_INSTANCE:84:8:1688
EVAL_INSTANCE:84:9:1689
RUN_RESULT:84:0:0:1082:UUUURRURDRDDDD
RUN_RESULT:84:1:0:1082:UUUURRURDRDDDD
RUN_RESULT:84:2:0:2000:----
RUN_RESULT:84:3:0:2000:----
RUN_RESULT:84:4:0:966:UUUURRURDRDDDD
RUN_RESULT:84:5:0:2000:----
RUN_RESULT:84:6:0:2000:----
RUN_RESULT:84:7:0:976:LLUUUURRRRURDRDDDD
RUN_RESULT:84:8:0:337:UUUURRURDLULLDDDRRDDRR
RUN_RESULT:84:9:0:971:UUUURRURDRDDDD
    85 |      850 | -3.849200E+03 | -3.850000E+03
TRACK:1690;1503;1102;3;2;2;0;4;6;5;3;0;2;9;19;2;22;-3.7648180921227867;12;2;2;4;2;6;1;25;12;0;0;10;22;-8.19087532016205;6;25;5;5;2;5;17;5;17;6;6;4;5;4;21;-6.1645010742782445;25;6;6;4;5;1;10;13
TRACK:1691;1503;1102;3;2;2;0;4;6;5;3;0;2;9;12;2;22;-3.772267591187182;12;2;2;4;2;17;0;0;13;22;-7.912624957707349;6;21;1.0452515246877252;5;6;4;9;0;6;6;3;5;8;6;1;4;9;3;0;10;22;-8.19087532016205;25;6;6;2;5;1;6;4;1;10;7;-5.976729611466565;2;5;3;24;3;1;9;17;4;0;3;1;1;9;11;2;11;18;5;1;10;13
TRACK:1692;1446;1548;3;2;2;0;4;6;5;3;0;2;9;19;2;22;-3.8321873731479608;17;2;2;0;13;22;-7.921189780643288;5;5;2;5;17;5;17;6;6;4;5;4;21;-6.088047941894797;25;6;6;4;5;4;21;-6.007422799347609
TRACK:1693;1446;1548;3;2;2;0;4;6;5;3;0;2;9;17;2;22;-3.6805762306948027;12;2;5;2;5;17;5;17;6;6;4;5;4;21;-6.2132471573331935;25;6;6;4;5;4;21;-6.347234238662744
TRACK:1694;1525;1102;3;2;2;0;4;6;5;3;0;2;9;17;2;22;-3.8794259762175294;12;2;2;4;2;6;1;20;1.614214803364364;12;0;0;15;22;-7.856290258859652;6;21;1.1560238127160976;5;22;-7.912624957707349;6;6;4;5;4;21;-5.891807349770966;25;6;6;4;5;4;21;-6.441677678029458
TRACK:1695;1525;1102;3;2;2;0;4;6;5;3;0;2;9;12;2;22;-3.772267591187182;12;2;2;4;2;17;0;0;13;22;-7.912624957707349;6;21;1.0452515246877252;5;6;4;9;0;6;6;3;5;8;6;17;25;6;6;2;5;1;6;4;1;10;7;-5.976729611466565;2;5;3;24;3;1;9;17;4;0;3;1;1;9;11;2;11;18;5;1;10;13
TRACK:1696;1548;1381;3;2;2;0;4;0;13;22;-8.131053708982249;2;2;4;2;6;22;-7.683444547652846;0;0;13;22;-7.921189780643288;6;25;5;5;2;5;17;3;16;6;6;4;5;4;21;-6.2132471573331935;25;6;6;4;5;4;21;-6.347234238662744
TRACK:1697;1548;1381;3;2;2;0;4;6;5;3;0;2;9;19;2;22;-3.871826082688454;12;2;2;4;2;6;1;25;12;0;0;13;22;-8.131053708982249;6;9;5;5;2;5;17;5;17;6;6;4;5;4;21;-6.156312972421576;25;6;6;4;5;4;21;-6.003254007099706
TRACK:1698;1446;1146;3;2;2;0;4;6;5;4;21;-6.04574841895601;2;2;4;2;6;1;25;12;0;0;13;22;-8.054028686899581;1;8;18;5;5;2;5;17;5;17;6;6;4;5;4;21;-6.088047941894797;25;6;6;4;5;4;21;-6.007422799347609
TRACK:1699;1446;1146;3;2;2;0;4;6;5;3;0;2;9;17;2;22;-3.783150876551037;12;2;2;4;2;6;1;25;12;0;0;13;22;-8.047315400829996;6;25;5;5;2;5;17;5;17;6;6;4;5;4;21;-6.04574841895601;25;6;6;4;5;4;0;0;13;22;-8.054028686899581;1;8;18
TRACK:1700;1690;-1;3;2;2;0;4;6;5;3;0;2;9;19;2;22;-3.9245580675067204;12;2;2;4;2;6;1;25;12;0;0;10;22;-8.380216066523083;6;25;5;5;2;5;17;5;17;2;6;1;17;14;2;0;13;7;-4.969253263392934;2;9;7;7.383771804458654;25;6;6;4;5;1;10;13
TRACK:1701;1692;-1;3;2;2;0;4;6;5;3;0;2;9;19;2;22;-3.945058900236785;17;2;2;0;13;6;16;5;5;2;5;17;5;17;6;6;4;5;4;21;-6.004825993148447;25;6;6;4;5;4;21;-5.907243823516598
TRACK:1702;1694;-1;3;2;2;0;4;6;5;3;0;2;9;17;2;22;-4.001049258878192;12;2;2;4;2;6;1;20;1.4587276110161613;12;0;0;15;22;-7.8204546539861886;6;21;1.083644090888537;5;22;-7.7159250470036485;6;6;4;5;4;21;-5.693246422215321;25;6;6;4;5;4;3;6;13
TRACK:1703;1696;-1;3;2;3;6;6;0;2;6;6;20;-4.393629579890169;2;2;9;7;-1.1535412949535129;6;18;2;5;3;10;4;5;10;6;6;4;5;4;21;-6.369228610713455
TRACK:1704;1698;-1;3;4;0;4;0;6;0;5;16;3;7;1.0281301936255574;2;2;5;21;4.635231020166978;5;17;0;5;23;-6.714808344418481;6;13;6;5;5;5;6;16
TRACK:1705;1691;-1;3;2;2;0;4;6;5;3;0;2;9;12;2;22;-3.765050511010135;12;2;2;4;2;17;0;0;13;22;-7.841596889959065;6;21;1.1005593706788181;5;6;4;9;0;6;6;3;5;8;6;1;4;9;3;0;10;22;-8.197547456062864;25;6;6;2;5;1;6;4;1;10;7;-6.039102863739742;4;0;23;-9.46602685282965;22;2.8729388641738822;4;0;3;1;1;9;11;2;11;18;5;1;10;13
TRACK:1706;1693;-1;3;4;0;0;1;1;6;24;2;19;24;6;5;24;5;5;1;19;24;3;2;3;2;13;19;4;1;18;16
TRACK:1707;1695;-1;3;2;2;0;4;6;5;3;0;2;9;12;2;22;-3.7483797836116404;12;2;2;4;2;17;0;0;13;22;-7.876556299175713;6;21;1.006328264550782;5;6;4;9;0;6;6;3;5;8;6;17;25;6;6;2;5;1;6;4;1;10;7;-6.051413064158926;2;5;3;12;3;1;9;17;4;0;3;1;1;9;11;2;11;18;5;1;10;13
TRACK:1708;1697;-1;3;2;2;0;4;6;5;3;3;16;2;2;4;2;6;1;25;12;0;0;13;22;-7.969075853810162;6;9;5;5;2;5;17;5;17;6;6;4;5;4;21;-6.173328885379982;25;6;6;4;5;4;21;-6.071957125100036
TRACK:1709;1699;-1;3;2;2;0;4;6;5;3;0;2;9;17;2;22;-3.79401112922783;12;2;2;4;2;6;1;25;12;0;0;13;22;-7.882668936663007;6;25;5;5;0;25;10;6;6;4;5;4;21;-6.088903231302732;25;6;6;4;5;4;0;0;13;22;-8.19700411764042;1;8;18
EVAL_INSTANCE:85:0:1700
EVAL_INSTANCE:85:1:1701
EVAL_INSTANCE:85:2:1702
EVAL_INSTANCE:85:3:1703
EVAL_INSTANCE:85:4:1704
EVAL_INSTANCE:85:5:1705
EVAL_INSTANCE:85:6:1706
EVAL_INSTANCE:85:7:1707
EVAL_INSTANCE:85:8:1708
EVAL_INSTANCE:85:9:1709
RUN_RESULT:85:0:0:2000:----
RUN_RESULT:85:1:0:153:UUUURRURDRDDDD
RUN_RESULT:85:2:0:2000:----
RUN_RESULT:85:3:0:2000:----
RUN_RESULT:85:4:0:2000:----
RUN_RESULT:85:5:0:152:UUUURRURDRDDDD
RUN_RESULT:85:6:0:2000:----
RUN_RESULT:85:7:0:152:UUUURRURDRDDDD
RUN_RESULT:85:8:0:266:UUUURRURDRDDDD
RUN_RESULT:85:9:0:2000:----
    86 |      860 | -3.849200E+03 | -3.850000E+03
TRACK:1710;1525;1548;3;2;2;0;4;6;5;3;0;2;9;17;2;22;-3.8794259762175294;12;2;2;4;2;6;1;20;1.614214803364364;12;0;0;15;22;-7.856290258859652;6;21;1.1560238127160976;5;5;2;5;17;5;17;6;6;4;5;3;16;25;6;6;4;5;4;21;-6.441677678029458
TRACK:1711;1525;1548;3;2;2;0;4;6;5;3;0;2;9;17;2;22;-3.6805762306948027;12;2;2;4;2;6;22;-7.683444547652846;0;0;13;22;-7.921189780643288;6;25;5;5;2;5;17;3;16;6;4;21;-5.891807349770966;25;6;6;4;5;4;21;-6.347234238662744
TRACK:1712;1381;1503;3;2;2;0;4;6;5;3;0;2;9;19;2;22;-3.871826082688454;12;2;2;4;2;6;1;25;12;0;0;13;22;-8.131053708982249;5;17;5;5;2;5;17;5;17;6;6;4;5;4;21;-6.156312972421576;25;6;6;4;5;4;21;-6.003254007099706
TRACK:1713;1381;1503;3;2;2;0;4;6;5;3;0;2;9;19;2;22;-3.7648180921227867;12;2;2;4;2;6;1;25;12;0;2;9;19;2;22;-3.871826082688454;12;5;5;2;5;17;5;17;6;6;4;5;4;21;-6.1645010742782445;25;6;6;4;5;4;21;-6.082533420810125
TRACK:1714;1102;1503;3;2;2;0;4;6;5;3;0;2;9;12;2;22;-3.772267591187182;12;2;2;4;2;17;0;0;13;9;6;21;1.0452515246877252;5;6;4;9;0;6;6;3;5;8;6;1;4;9;3;10;25;6;6;2;5;1;6;4;1;10;7;-5.976729611466565;2;5;3;24;3;1;9;17;4;0;3;1;1;9;11;2;11;18;5;1;10;13
TRACK:1715;1102;1503;3;2;2;0;4;6;5;3;0;2;9;19;2;22;-3.7648180921227867;12;2;2;4;2;6;1;25;12;0;0;10;22;-8.19087532016205;6;25;5;5;2;5;17;5;17;6;6;4;5;3;24;25;6;6;4;5;4;21;-6.082533420810125
TRACK:1716;1381;1101;3;2;2;0;4;6;5;3;0;2;9;19;2;22;-3.871826082688454;12;2;2;6;25;5;5;2;5;17;5;17;6;6;4;5;4;21;-6.156312972421576;25;6;6;4;5;4;21;-6.003254007099706
TRACK:1717;1381;1101;3;2;2;0;4;6;5;3;0;2;9;12;2;22;-3.633486336201184;12;2;2;4;2;17;0;0;13;22;-7.841483336673723;6;21;0.9426160602270357;5;6;4;9;0;6;6;3;5;8;6;1;4;3;13;3;10;25;6;6;2;5;1;6;4;1;10;7;-5.752520533406472;2;6;23;5.240186982945562;3;1;9;17;4;0;3;1;12;2;11;21;-7.481580248551218;5;4;6;25
TRACK:1718;1146;1548;3;2;2;0;4;6;5;3;0;2;9;17;2;22;-3.783150876551037;12;2;2;4;2;6;1;25;12;0;0;17;22;-8.047315400829996;6;25;5;5;2;5;17;5;17;6;6;4;5;4;21;-6.04574841895601;25;6;6;4;5;4;21;-6.237760229672212
TRACK:1719;1146;1548;3;2;2;0;4;6;5;3;0;2;9;17;2;22;-3.6805762306948027;12;2;2;4;2;6;25;0;0;13;22;-7.921189780643288;6;25;5;5;2;5;17;3;16;6;6;4;5;4;21;-6.2132471573331935;25;6;6;4;5;4;21;-6.347234238662744
TRACK:1720;1710;-1;3;2;2;0;4;6;5;3;0;2;20;-8.938295991469582;17;2;22;-3.8993470181286165;12;2;2;4;2;6;1;20;1.6067317329675135;12;0;0;15;22;-7.97736958279084;6;21;0.9147230219260221;5;5;2;5;17;5;17;6;6;4;5;3;16;25;6;6;4;5;4;21;-6.430649145742431
TRACK:1721;1381;-1;3;2;2;0;4;6;5;3;0;2;9;19;2;22;-3.8799418769494896;12;2;2;4;2;6;6;24;0;0;13;22;-8.229178519928713;6;25;5;5;2;5;17;5;17;6;6;4;5;4;21;-6.233819169915169;25;6;6;4;5;4;21;-5.890730419686865
TRACK:1722;1102;-1;3;2;2;0;4;6;5;3;0;2;9;12;2;22;-3.60223927041173;12;2;2;4;2;17;0;0;13;22;-7.953769423571999;6;12;5;6;4;9;0;6;6;3;5;8;6;1;4;9;3;10;25;6;6;2;5;1;6;4;1;10;7;-5.991245026878745;2;5;3;24;3;1;9;17;4;0;3;1;1;9;11;2;11;18;5;1;10;13
TRACK:1723;1716;-1;3;2;2;0;4;6;5;3;0;2;9;19;2;22;-3.8349663486112324;12;2;2;6;25;5;5;2;5;20;-4.819310456990593;5;17;6;6;4;5;4;21;-6.0889580172553615;25;6;6;4;5;4;21;-6.056236901136494
TRACK:1724;1718;-1;3;2;2;0;4;6;5;3;0;2;9;17;2;22;-3.8915418938517528;12;2;2;4;2;6;1;25;12;0;0;17;22;-8.104524610602974;6;25;5;5;2;5;17;5;17;6;6;4;5;4;21;-6.0197452160031535;25;6;6;3;4;1;0;2;14;22;-6.374569416264048;5;23;4.242151704624975;2;3;25;4;19
TRACK:1725;1711;-1;3;2;2;0;5;2;3;0;1;19;11;0;12;7;-1.413733660987047;0;6;2;20;-0.25684892470598975;22;3.2591489601608696;3;5;24;2;2;4;2;6;22;-7.8679805345390985;0;0;13;22;-7.83228782803193;6;25;5;5;2;5;17;3;16;6;4;21;-5.827939751604707;25;6;6;4;5;4;21;-6.374066640507108
TRACK:1726;1503;-1;3;2;2;0;4;6;5;3;0;2;9;19;2;22;-3.9156399200540473;12;5;6;5;9;25;6;6;4;5;4;21;-6.100258580531595
TRACK:1727;1503;-1;3;5;5;1;1;0;3;23;-7.497688801023816;1;13;17;1;5;14;3;23;-5.7082749378838376;5;3;0;8;12
TRACK:1728;1717;-1;3;2;2;0;4;6;5;3;0;2;9;12;2;22;-3.706945040026512;12;2;2;4;2;17;0;0;13;22;-7.914042224243549;6;21;0.7377519853016734;5;6;4;9;0;6;6;3;5;8;6;1;4;3;13;3;10;25;6;6;2;5;1;6;4;1;14;7;-5.756188843613471;2;6;23;5.265443281813641;3;1;9;17;4;0;3;1;12;2;11;21;-7.456236424924022;5;4;6;25
TRACK:1729;1719;-1;3;2;2;0;4;6;5;3;5;1;14;7;-0.6409283021231094;2;2;4;2;6;25;0;0;13;22;-7.875197433418081;6;25;5;5;2;5;17;3;16;6;6;4;5;4;21;-6.186307861247949;25;6;6;4;5;4;21;-6.333167343496355
EVAL_INSTANCE:86:0:1720
EVAL_INSTANCE:86:1:1721
EVAL_INSTANCE:86:2:1722
EVAL_INSTANCE:86:3:1723
EVAL_INSTANCE:86:4:1724
EVAL_INSTANCE:86:5:1725
EVAL_INSTANCE:86:6:1726
EVAL_INSTANCE:86:7:1727
EVAL_INSTANCE:86:8:1728
EVAL_INSTANCE:86:9:1729
RUN_RESULT:86:0:0:2000:----
RUN_RESULT:86:1:0:150:UUUURRURDRDDDD
RUN_RESULT:86:2:0:555:UUUURRURDLLLDDLLDDDRRRRRRU
RUN_RESULT:86:3:0:155:UUUURRURDRDDDD
RUN_RESULT:86:4:0:966:UUUURRURDRDDDD
RUN_RESULT:86:5:0:2000:----
RUN_RESULT:86:6:0:977:UUUURRURDRDDDD
RUN_RESULT:86:7:0:2000:----
RUN_RESULT:86:8:0:152:UUUURRURDRDDDD
RUN_RESULT:86:9:0:266:UUUURRURDRDDDD
    87 |      870 | -3.849400E+03 | -3.850000E+03
TRACK:1730;1146;1446;3;2;2;0;4;6;5;3;0;2;9;21;-6.007422799347609;2;22;-3.783150876551037;12;2;2;4;2;6;1;25;12;0;0;13;22;-8.047315400829996;6;25;5;5;2;5;17;5;17;6;6;4;5;4;21;-6.04574841895601;25;6;6;4;5;4;21;-6.237760229672212
TRACK:1731;1146;1446;3;2;2;0;4;6;5;3;0;2;9;19;2;22;-3.8321873731479608;17;2;2;4;2;6;1;25;12;0;0;13;22;-8.054028686899581;1;8;18;5;5;2;5;17;5;17;6;6;4;5;5;17;25;6;6;4;5;4;21;-6.007422799347609
TRACK:1732;1721;848;3;2;2;0;4;6;5;3;0;2;9;19;2;22;-3.8799418769494896;12;2;2;4;2;6;6;24;2;5;17;5;17;5;5;2;5;17;5;17;6;6;4;5;4;21;-6.233819169915169;25;6;6;4;5;4;21;-5.890730419686865
TRACK:1733;1721;848;3;2;2;0;4;6;5;3;0;2;9;17;2;22;-3.8259030561983507;12;2;2;4;2;6;1;20;1.6619559846101999;12;0;0;13;22;-8.049768830461831;6;21;1.0412755781314953;5;5;2;5;17;5;17;6;6;4;5;4;21;-6.077092464338748;25;6;6;4;5;6;4;5;4;21;-6.233819169915169
TRACK:1734;1548;1381;3;2;2;0;4;6;5;3;0;2;9;17;2;22;-3.6805762306948027;12;2;2;4;2;6;22;-7.683444547652846;0;0;13;22;-7.921189780643288;6;25;5;5;2;5;12;3;16;6;6;4;5;4;21;-6.2132471573331935;25;6;6;4;5;4;21;-6.347234238662744
TRACK:1735;1548;1381;3;2;2;0;4;6;5;3;0;2;9;19;2;22;-3.871826082688454;12;2;2;4;2;6;1;25;12;0;0;13;22;-8.131053708982249;6;25;5;5;2;5;17;5;17;6;6;4;5;4;21;-6.156312972421576;25;6;6;4;17
TRACK:1736;1525;1146;3;2;2;2;6;1;25;12;0;0;13;22;-8.047315400829996;6;25;25;6;6;4;5;4;21;-6.441677678029458
TRACK:1737;1525;1146;3;2;2;0;4;6;5;3;0;2;9;17;2;22;-3.783150876551037;12;2;2;4;2;6;1;25;12;0;0;13;22;-8.047315400829996;6;25;5;5;2;5;17;5;17;6;6;4;5;4;21;-6.04574841895601;2;22;-3.8794259762175294;12;6;6;4;5;4;21;-6.237760229672212
TRACK:1738;1721;1503;3;2;2;0;4;6;5;3;0;2;9;19;2;22;-3.8799418769494896;12;2;2;4;2;6;6;24;0;6;25;6;25;5;5;2;5;17;5;17;6;6;4;5;4;21;-6.233819169915169;25;6;6;4;5;4;21;-5.890730419686865
TRACK:1739;1721;1503;3;2;2;0;4;6;5;3;0;2;9;19;2;22;-3.7648180921227867;12;2;2;4;2;6;1;25;12;0;0;10;22;-8.19087532016205;6;25;5;5;2;5;17;5;17;6;6;4;5;17;25;6;6;4;5;4;21;-6.082533420810125
TRACK:1740;1730;-1;3;2;2;0;4;6;5;3;0;2;9;21;-5.954444967063239;2;22;-3.6861453836392943;12;2;2;4;2;6;1;25;12;0;0;13;22;-8.144604368387574;6;25;5;5;2;5;17;0;18;20;7.945015878130462;6;6;4;5;4;21;-6.14615880152403;25;6;6;4;5;4;21;-6.21943699437278
TRACK:1741;1732;-1;3;2;2;0;4;6;5;3;24;2;2;4;2;6;6;24;2;5;17;5;17;5;5;2;5;17;5;17;6;6;4;5;4;21;-6.273480387486036;25;6;6;4;5;4;21;-5.809161140108038
TRACK:1742;1734;-1;3;2;2;0;4;6;5;3;0;2;9;17;2;22;-3.732622156859721;12;2;2;4;2;6;22;-7.582700460879868;0;0;13;22;-7.830558366721469;6;25;5;5;2;5;12;3;16;6;6;4;5;4;21;-5.928118049439936;25;6;0;5;22;4.912467805425347;6;17
TRACK:1743;1736;-1;3;2;2;2;6;1;25;12;0;0;13;22;-8.088344409402332;6;25;6;3;3;23;3.002274176853321;6;6;4;5;4;21;-6.414027159466757
TRACK:1744;1738;-1;3;2;2;0;4;6;5;3;0;4;18;2;22;-3.7724879548131134;12;2;2;4;2;6;6;24;0;6;25;6;25;5;5;2;5;17;5;17;6;6;4;5;4;21;-6.3590300490775995;25;6;6;4;5;4;21;-5.95050333635564
TRACK:1745;1731;-1;3;2;2;0;4;6;5;3;0;2;9;19;2;22;-3.773514707750249;17;2;2;4;2;6;1;25;12;0;0;13;22;-8.119776254625025;5;15;5;5;2;5;17;5;17;6;6;4;5;5;17;25;6;6;4;5;4;21;-5.9879814455267315
TRACK:1746;1733;-1;3;2;2;0;4;6;5;3;0;2;9;17;2;22;-3.799490012799923;12;2;2;4;2;6;1;20;1.8300523380937144;12;0;0;13;22;-8.036644958657627;6;21;1.0009842225033891;5;5;2;5;17;5;17;6;6;4;5;4;19;25;6;6;4;5;6;4;5;4;21;-6.380514298465016
TRACK:1747;1735;-1;3;2;2;0;4;6;5;3;0;2;9;19;2;22;-3.897601963436753;12;2;2;4;2;6;1;25;12;0;0;13;22;-7.936376307527995;6;25;5;5;2;5;17;5;17;6;6;4;5;4;21;-6.249422816480982;25;6;1;3;5;0;10;23;-4.2474372650975685;0;2;0;24;25;3;7;-3.7200591973473056;5;0;9;15
TRACK:1748;1737;-1;3;2;2;0;4;6;5;3;0;2;9;17;2;22;-3.6331002304943674;12;2;2;4;2;6;1;25;12;0;2;22;-1.3650031126892408;16;6;25;5;5;2;5;17;5;17;6;6;4;5;4;21;-6.028381237275962;2;22;-4.011105218101599;12;6;6;4;5;4;21;-6.496879554923043
TRACK:1749;1739;-1;3;2;2;0;4;6;5;3;0;2;9;19;2;22;-3.68254759469474;12;2;2;4;2;6;1;25;12;0;0;10;22;-8.056717843811825;6;25;5;5;2;5;17;5;17;6;6;4;5;17;25;6;5;8
EVAL_INSTANCE:87:0:1740
EVAL_INSTANCE:87:1:1741
EVAL_INSTANCE:87:2:1742
EVAL_INSTANCE:87:3:1743
EVAL_INSTANCE:87:4:1744
EVAL_INSTANCE:87:5:1745
EVAL_INSTANCE:87:6:1746
EVAL_INSTANCE:87:7:1747
EVAL_INSTANCE:87:8:1748
EVAL_INSTANCE:87:9:1749
RUN_RESULT:87:0:0:986:UUUURRURDRDDDD
RUN_RESULT:87:1:0:2000:----
RUN_RESULT:87:2:0:2000:----
RUN_RESULT:87:3:0:2000:----
RUN_RESULT:87:4:0:2000:----
RUN_RESULT:87:5:0:966:UUUURRURDRDDDD
RUN_RESULT:87:6:0:283:UUUURRURDRDDDD
RUN_RESULT:87:7:0:175:LLUUUURRRRURDRDDDD
RUN_RESULT:87:8:0:2000:----
RUN_RESULT:87:9:0:2000:----
    88 |      880 | -3.849400E+03 | -3.850000E+03
TRACK:1750;1146;1721;3;2;2;0;4;6;5;3;0;2;9;17;2;22;-3.783150876551037;12;2;2;4;2;6;1;25;12;0;0;13;22;-8.047315400829996;6;25;5;5;2;5;17;5;17;6;24;25;6;6;4;5;4;21;-6.237760229672212
TRACK:1751;1146;1721;3;2;2;0;4;6;5;3;0;2;9;19;2;22;-3.8799418769494896;12;2;2;4;2;6;6;24;0;0;13;22;-8.229178519928713;6;25;5;5;2;5;17;1;25;12;6;6;4;5;4;21;-6.233819169915169;25;6;6;4;5;4;21;-5.890730419686865
TRACK:1752;1381;848;3;2;2;0;4;6;5;3;0;2;9;19;2;22;-3.871826082688454;12;2;2;4;2;6;1;25;12;0;0;13;22;-8.131053708982249;6;25;5;5;2;5;17;5;25;6;6;4;5;4;21;-6.156312972421576;25;6;6;4;5;4;21;-6.003254007099706
TRACK:1753;1381;848;3;2;2;0;4;6;5;3;0;2;9;17;2;22;-3.8259030561983507;12;2;2;4;2;6;1;17;12;0;0;13;22;-8.049768830461831;6;21;1.0412755781314953;5;5;2;5;17;5;17;6;6;4;5;4;21;-6.077092464338748;25;6;6;4;5;4;21;-6.3824430909588905
TRACK:1754;1446;1381;3;2;2;0;4;6;5;3;0;2;9;19;2;22;-3.8321873731479608;17;2;2;4;2;6;1;25;12;0;0;13;22;-8.054028686899581;1;8;18;5;5;2;5;17;5;17;6;6;4;5;4;21;-6.088047941894797;25;6;6;4;5;9
TRACK:1755;1446;1381;3;2;2;0;4;6;5;3;0;2;9;19;2;22;-3.871826082688454;12;2;2;4;2;6;1;25;12;0;0;13;22;-8.131053708982249;6;25;5;5;2;5;17;5;17;6;6;4;5;4;21;-6.088047941894797;25;6;6;4;5;4;21;-6.003254007099706
TRACK:1756;1446;1525;3;2;2;0;4;6;5;3;0;2;9;19;2;22;-3.8321873731479608;17;2;2;4;2;9;0;0;13;22;-8.054028686899581;1;8;18;5;5;2;5;17;5;17;6;6;4;5;4;21;-6.088047941894797;25;6;6;4;5;4;21;-6.007422799347609
TRACK:1757;1446;1525;3;2;2;0;4;6;5;3;0;2;9;17;2;22;-3.8794259762175294;12;2;2;4;2;6;1;20;1.614214803364364;12;0;0;15;22;-7.856290258859652;6;21;1.1560238127160976;5;5;22;-8.054028686899581;6;6;4;5;4;21;-5.891807349770966;25;6;6;4;5;4;21;-6.441677678029458
TRACK:1758;1548;1503;3;2;2;0;4;6;5;3;0;2;9;17;2;22;-3.6805762306948027;9;2;2;4;2;6;22;-7.683444547652846;0;0;13;22;-7.921189780643288;6;25;5;5;2;5;17;3;16;6;6;4;5;4;21;-6.2132471573331935;25;6;6;4;5;4;21;-6.347234238662744
TRACK:1759;1548;1503;3;2;2;0;4;6;5;3;0;2;9;19;2;22;-3.7648180921227867;12;2;2;4;2;6;1;25;12;0;0;10;22;-8.19087532016205;6;25;5;17;6;6;4;5;4;21;-6.1645010742782445;25;6;6;4;5;4;21;-6.082533420810125
TRACK:1760;1750;-1;3;2;2;0;4;6;5;3;0;2;9;17;2;22;-3.8263232522098356;12;2;2;4;2;6;1;25;12;0;0;13;18;6;25;5;5;2;5;17;5;17;6;24;25;6;6;4;5;4;21;-6.433946889293574
TRACK:1761;1752;-1;3;2;2;0;4;6;5;3;0;2;9;19;2;22;-3.935423869805024;12;2;2;4;2;6;6;11;0;0;13;22;-8.046310747050953;6;25;5;5;2;5;17;5;25;6;6;4;5;4;21;-6.132152302238442;25;6;6;4;5;4;21;-6.034773475224028
TRACK:1762;1754;-1;3;2;2;0;4;6;5;3;0;2;9;19;2;22;-3.9725276597860133;17;2;2;4;2;6;1;25;12;0;0;13;22;-8.029466054056977;1;8;18;5;3;3;1;14;11;6;6;4;5;4;21;-6.178931703148327;25;6;6;4;5;9
TRACK:1763;1756;-1;3;2;2;0;4;3;1;1;4;4;16;5;2;7;6.296739523156489;12;2;4;6;13;4;5;9;2;2;4;2;9;0;0;13;22;-8.005110246268167;1;8;18;5;5;2;5;17;5;17;6;6;4;5;4;21;-6.092993150940158;25;6;6;4;5;4;21;-6.104584141845886
TRACK:1764;1758;-1;3;2;2;0;4;6;5;6;6;5;24;2;2;4;2;6;22;-7.778100597501612;0;0;13;22;-7.7686871968555185;6;25;5;5;2;5;17;3;16;6;6;4;5;4;21;-6.121654162870937;25;6;6;4;5;4;21;-6.413219032232711
TRACK:1765;1751;-1;3;2;2;0;4;6;5;3;0;2;9;19;2;22;-4.030869506839794;12;2;2;4;2;6;6;24;0;0;13;22;-8.118295386252782;6;25;5;5;2;5;17;1;25;12;6;6;4;5;4;21;-6.30970692233116;25;6;6;4;5;4;21;-5.925631549615997
TRACK:1766;1753;-1;3;2;2;0;5;5;22;-0.550924651409666;2;2;4;2;6;1;17;12;0;0;13;22;-7.904855061331163;6;21;1.138866854266884;5;5;2;5;17;5;17;6;6;4;5;4;21;-6.003005872069441;25;6;6;4;5;4;21;-6.3561511921851395
TRACK:1767;1755;-1;3;2;2;0;4;6;5;3;0;2;9;19;2;22;-3.872777641405816;12;2;2;4;6;17;5;5;2;5;17;5;17;6;6;4;5;4;21;-6.205679178744188;25;6;6;4;5;4;21;-6.084970531292289
TRACK:1768;1757;-1;3;2;2;0;4;6;5;3;0;2;9;17;0;17;17;2;2;4;2;6;1;20;1.6885667853134667;12;0;0;15;22;-7.843405675798882;6;21;1.2892013137356848;5;5;22;-7.870675909567555;6;6;4;5;4;21;-5.658022100126516;25;6;6;4;5;4;21;-6.530936801303041
TRACK:1769;1759;-1;3;2;2;0;4;6;5;1;0;4;12;3;24;6;1;19;13;2;2;4;2;6;1;25;12;0;0;10;22;-8.262665043322494;6;25;5;17;6;6;4;5;4;21;-6.219024816039737;25;6;6;4;5;4;21;-6.275133074108603
EVAL_INSTANCE:88:0:1760
EVAL_INSTANCE:88:1:1761
EVAL_INSTANCE:88:2:1762
EVAL_INSTANCE:88:3:1763
EVAL_INSTANCE:88:4:1764
EVAL_INSTANCE:88:5:1765
EVAL_INSTANCE:88:6:1766
EVAL_INSTANCE:88:7:1767
EVAL_INSTANCE:88:8:1768
EVAL_INSTANCE:88:9:1769
RUN_RESULT:88:0:0:2000:----
RUN_RESULT:88:1:0:966:UUUURRURDRDDDD
RUN_RESULT:88:2:0:966:UUUURRURDRDDDD
RUN_RESULT:88:3:0:266:UUUURRURDRDDDD
RUN_RESULT:88:4:0:266:UUUURRURDRDDDD
RUN_RESULT:88:5:0:150:UUUURRURDRDDDD
RUN_RESULT:88:6:0:2000:----
RUN_RESULT:88:7:0:155:UUUURRURDRDDDD
RUN_RESULT:88:8:0:2000:----
RUN_RESULT:88:9:0:266:UUUURRURDRDDDD
    89 |      890 | -3.849600E+03 | -3.850000E+03
TRACK:1770;1721;1503;3;2;2;0;4;6;5;3;0;2;9;19;2;22;-3.8799418769494896;12;6;5;3;0;2;9;19;2;22;-3.7648180921227867;12;25;6;6;4;5;4;21;-5.890730419686865
TRACK:1771;1721;1503;3;2;2;0;4;6;5;3;0;2;9;19;2;22;-3.7648180921227867;12;2;2;4;2;6;1;25;12;0;0;10;22;-8.19087532016205;6;25;5;5;2;5;17;5;17;6;6;4;5;4;21;-6.1645010742782445;0;13;22;-8.229178519928713;6;6;4;5;4;21;-6.082533420810125
TRACK:1772;1381;1146;3;2;9;17
TRACK:1773;1381;1146;3;2;2;0;4;6;5;3;0;2;9;17;2;22;-3.783150876551037;12;2;2;4;2;6;1;25;12;0;0;13;22;-8.047315400829996;6;25;5;5;2;5;17;12;6;6;4;5;4;21;-6.04574841895601;25;6;6;4;5;4;21;-6.237760229672212
TRACK:1774;1548;1721;3;2;2;0;4;6;5;3;0;2;9;17;2;22;-3.6805762306948027;12;2;2;4;2;6;22;-7.683444547652846;0;0;13;22;-7.921189780643288;6;25;5;5;2;5;17;3;16;6;6;4;5;4;21;-6.2132471573331935;25;2;6;6;24;0;0;13;22;-8.229178519928713;6;25
TRACK:1775;1548;1721;3;2;2;0;4;6;5;3;0;2;9;19;2;22;-3.8799418769494896;12;2;2;17;5;5;2;5;17;5;17;6;6;4;5;4;21;-6.233819169915169;25;6;6;4;5;4;21;-5.890730419686865
TRACK:1776;1548;1765;3;2;2;0;4;6;5;3;0;2;9;17;2;22;-3.6805762306948027;12;2;2;4;4;5;4;21;-5.925631549615997;5;5;2;5;17;3;16;6;6;4;5;4;21;-6.2132471573331935;25;6;6;4;5;4;21;-6.347234238662744
TRACK:1777;1548;1765;3;2;2;0;4;6;5;3;0;2;9;19;2;22;-4.030869506839794;12;2;2;4;2;25;0;0;13;22;-8.118295386252782;6;25;5;5;2;5;17;1;25;12;6;6;4;5;4;21;-6.30970692233116;25;6;6;4;5;4;21;-5.925631549615997
TRACK:1778;1446;1503;3;2;2;0;4;6;5;3;0;2;9;19;2;22;-3.8321873731479608;17;2;2;4;2;6;2;9;19;0;0;13;22;-8.054028686899581;1;8;18;5;5;2;5;17;5;17;6;6;4;5;4;21;-6.088047941894797;25;6;6;4;5;4;21;-6.007422799347609
TRACK:1779;1446;1503;3;2;2;0;4;6;5;3;0;2;9;19;2;22;-3.7648180921227867;12;2;2;4;2;6;1;25;12;0;0;10;22;-8.19087532016205;6;25;5;5;2;5;17;5;17;6;6;4;5;17;25;6;6;4;5;4;21;-6.082533420810125
TRACK:1780;1770;-1;3;2;2;0;4;6;5;3;0;2;9;19;2;22;-3.967663362657124;12;6;5;3;0;2;1;25;23;9.93056802174776;19;2;22;-3.7870748206843525;12;25;6;6;4;5;4;21;-5.882710307920108
TRACK:1781;1381;-1;3;2;2;0;5;2;1;3;5;12;5;6;12;2;3;5;16;1;0;7;8.080786623209011;9;1;7;1.2578332881858767;13;2;2;4;2;6;1;25;12;0;0;13;22;-8.220835525597026;6;25;5;5;2;5;17;5;17;6;6;4;5;4;21;-6.028382224462753;25;6;6;4;5;4;21;-5.980566929182868
TRACK:1782;1774;-1;3;2;2;0;4;6;5;3;0;2;9;17;2;22;-3.6382473637887296;12;2;2;4;3;24;5;5;2;5;17;3;16;6;6;4;5;4;21;-6.328878656300646;25;2;6;6;24;0;0;13;22;-8.193803561525597;6;25
TRACK:1783;1776;-1;3;2;2;0;4;6;5;3;0;2;9;17;2;22;-3.678813964615559;12;2;2;4;4;5;4;20;4.6492078920464195;5;5;2;5;17;3;16;6;6;4;5;4;21;-6.239981953582071;25;6;6;4;5;4;21;-6.310407808433927
TRACK:1784;1778;-1;3;2;2;0;4;6;5;3;0;2;9;19;2;22;-3.91295257422956;17;2;2;4;2;6;2;9;19;0;0;13;22;-8.028811658024116;1;8;18;5;0;18;21;9.772382822610215;6;6;4;5;4;21;-6.1300916740301705;25;6;6;4;5;4;21;-6.081418267654786
TRACK:1785;1771;-1;3;2;2;0;4;6;5;3;0;2;9;19;2;22;-3.8727693514733548;12;2;2;4;2;6;1;25;12;0;0;10;22;-8.264807787668483;6;25;5;5;2;5;17;5;17;6;6;4;0;21;9.612702828914252;10;0;13;22;-8.259670566294144;6;6;4;5;4;21;-5.9957704601153905
TRACK:1786;1146;-1;3;2;2;0;4;6;5;3;0;2;9;17;2;23;0.3698624526983334;12;2;2;4;2;6;1;25;12;0;0;13;22;-8.086937072441568;6;25;5;5;2;5;17;5;17;6;6;4;5;4;21;-5.892640156863947;25;6;6;4;5;4;21;-6.170938321265363
TRACK:1787;1775;-1;3;2;5;5;4;6;2;3;14;3;24;4;5;5;2;3;1;21;1.4491954752118907;9;0;6;17;1;25;8
TRACK:1788;1777;-1;3;2;2;0;4;6;5;3;0;2;9;19;2;22;-4.195390277700425;12;2;2;4;1;0;18;17;4;24;5;5;2;5;17;1;25;12;6;6;4;5;4;21;-6.356323349066982;25;6;6;4;5;4;21;-5.932607697723644
TRACK:1789;1779;-1;3;2;2;0;4;6;5;3;0;2;9;19;2;22;-3.7775714653407855;12;2;2;4;2;6;1;25;12;0;0;10;22;-8.144330778442983;6;25;5;5;2;5;17;5;17;6;6;4;5;17;25;6;6;4;4;3;4;4;13
EVAL_INSTANCE:89:0:1780
EVAL_INSTANCE:89:1:1781
EVAL_INSTANCE:89:2:1782
EVAL_INSTANCE:89:3:1783
EVAL_INSTANCE:89:4:1784
EVAL_INSTANCE:89:5:1785
EVAL_INSTANCE:89:6:1786
EVAL_INSTANCE:89:7:1787
EVAL_INSTANCE:89:8:1788
EVAL_INSTANCE:89:9:1789
RUN_RESULT:89:0:0:2000:----
RUN_RESULT:89:1:0:265:UUUURRURDRDDDD
RUN_RESULT:89:2:0:2000:----
RUN_RESULT:89:3:0:981:LLUUUURRRRURDRDDDD
RUN_RESULT:89:4:0:2000:----
RUN_RESULT:89:5:0:2000:----
RUN_RESULT:89:6:0:1082:UUUURRURDRDDDD
RUN_RESULT:89:7:0:2000:----
RUN_RESULT:89:8:0:155:UUUURRURDRDDDD
RUN_RESULT:89:9:0:558:UUUURRURDLLLDDLLDDDRRRRRRU
    90 |      900 | -3.849600E+03 | -3.850000E+03
TRACK:1790;1146;1721;3;2;2;0;4;6;5;3;0;2;9;17;2;22;-3.783150876551037;12;2;2;4;2;6;1;25;12;0;0;13;22;-8.047315400829996;6;25;5;5;2;5;17;5;17;6;6;4;5;4;21;-6.04574841895601;25;0;4;6;5;3;0;2;9;19;2;22;-3.8799418769494896;12;2;2;4;2;6;6;24;0;0;13;22;-8.229178519928713;6;25;5;5;2;5;17;5;17;6;6;4;5;4;21;-6.233819169915169
TRACK:1791;1146;1721;3;2;2;0;4;6;5;3;0;2;9;19;2;22;-3.8799418769494896;12;2;2;4;2;6;6;24;0;0;13;22;-8.229178519928713;6;25;5;5;2;5;17;5;25;6;6;4;5;4;21;-6.233819169915169;25;6;6;4;5;4;21;-5.890730419686865
TRACK:1792;1503;1381;3;2;2;0;4;6;5;3;0;2;9;19;2;22;-3.7648180921227867;12;2;2;4;2;6;1;25;12;0;25;6;25;5;5;2;5;17;5;17;6;6;4;5;4;21;-6.1645010742782445;25;6;6;4;5;4;21;-6.082533420810125
TRACK:1793;1503;1381;3;2;2;0;4;6;5;3;0;2;9;19;2;22;-3.871826082688454;12;2;2;4;2;6;5;17;0;0;13;22;-8.131053708982249;6;25;5;5;2;5;17;5;17;6;6;4;5;4;21;-6.156312972421576;25;6;6;4;5;4;21;-6.003254007099706
TRACK:1794;1446;1765;3;2;2;0;4;6;5;3;22;-4.030869506839794;2;2;4;2;6;1;25;12;0;0;13;22;-8.054028686899581;1;8;18;5;5;2;5;17;5;17;6;6;4;5;4;21;-6.088047941894797;25;6;6;4;5;4;21;-6.007422799347609
TRACK:1795;1446;1765;3;2;2;0;4;5;4;21;-6.088047941894797;2;2;4;2;6;6;24;0;0;13;22;-8.118295386252782;6;25;5;5;2;5;17;1;25;12;6;6;4;5;4;21;-6.30970692233116;25;6;6;4;5;4;21;-5.925631549615997
TRACK:1796;1548;1381;3;2;2;0;4;6;5;3;0;2;9;17;2;22;-3.6805762306948027;12;2;2;4;2;6;22;-7.683444547652846;0;0;13;22;-7.921189780643288;6;25;5;5;2;5;17;5;17;6;6;4;5;4;21;-6.2132471573331935;25;6;6;4;5;4;21;-6.347234238662744
TRACK:1797;1548;1381;3;2;2;0;4;0;0;13;22;-7.921189780643288;6;25;2;2;4;2;6;1;25;12;0;0;13;22;-8.131053708982249;6;25;5;5;2;5;17;5;17;6;6;4;5;4;21;-6.156312972421576;25;6;6;4;5;4;21;-6.003254007099706
TRACK:1798;1446;848;3;2;2;0;4;6;5;3;0;2;9;19;2;22;-3.8321873731479608;17;2;2;4;2;6;1;25;12;0;0;13;22;-8.054028686899581;1;8;18;5;5;2;5;17;5;17;6;6;4;5;4;21;-6.088047941894797;25;6;6;4;5;5;5;2;5;17;5;17
TRACK:1799;1446;848;3;2;2;0;5;17;2;2;4;2;6;1;20;1.6619559846101999;12;0;0;13;22;-8.049768830461831;6;21;1.0412755781314953;5;5;2;5;17;5;17;6;6;4;5;4;21;-6.077092464338748;25;6;6;4;5;4;21;-6.3824430909588905
TRACK:1800;1790;-1;3;2;2;0;4;6;5;3;0;2;9;17;2;22;-3.8763493520644947;12;2;2;4;2;6;1;25;12;0;0;13;22;-7.952681992620427;6;25;5;5;2;5;17;5;17;6;6;4;5;4;21;-6.154790852793896;25;0;4;6;5;3;0;2;9;19;2;22;-4.158240185000405;12;2;2;4;2;6;6;24;1;10;7;8.768490167017752;5;5;2;5;17;5;17;6;6;4;5;4;21;-6.141636606415217
TRACK:1801;1792;-1;3;2;2;0;4;6;5;3;0;2;9;23;7.562522579001914;2;22;-3.674242132404402;12;2;2;4;2;6;1;25;12;0;25;6;25;5;5;2;5;17;5;17;6;6;4;5;4;21;-5.917823019073431;25;6;6;4;5;4;21;-6.060416407695426
TRACK:1802;1794;-1;3;2;2;0;4;6;5;3;22;-4.0546170945091955;2;2;4;2;6;1;25;12;0;0;13;22;-8.121848059198769;1;8;18;5;5;2;5;17;5;17;6;6;4;5;4;21;-6.234401860104458;25;6;6;4;5;4;5;12
TRACK:1803;1796;-1;3;2;2;0;4;6;5;3;0;2;9;17;2;22;-3.6373976045995793;12;2;2;4;2;6;22;-7.595252485018173;0;0;13;22;-7.954156336809429;6;25;5;5;2;5;17;5;12;6;6;4;5;4;21;-6.102889043223404;25;6;6;4;5;4;21;-6.441632494978861
TRACK:1804;1798;-1;3;2;2;0;4;6;5;3;0;2;9;19;2;22;-3.805761483469882;17;2;2;4;2;6;1;25;12;0;0;13;22;-7.975635915678514;1;8;18;5;5;2;5;17;5;17;6;6;4;5;4;20;2.3443206812578747;25;6;6;4;5;5;5;2;5;17;5;17
TRACK:1805;1791;-1;3;2;2;0;4;6;5;3;0;2;9;19;2;22;-3.8345616246382352;12;2;2;4;2;6;6;24;0;0;13;22;-8.285320678224956;6;25;5;5;6;21;5.293248284422756;6;6;4;5;4;21;-6.295859949157142;25;6;6;4;5;4;21;-5.852553454448711
TRACK:1806;1793;-1;3;2;2;0;4;6;5;3;0;2;9;19;2;22;-3.7451331163787502;12;2;2;4;2;6;5;17;0;0;13;23;8.36242839399948;6;25;5;5;2;5;17;5;17;6;6;4;5;4;21;-6.050752592271877;25;6;6;4;5;4;21;-6.0109984076035685
TRACK:1807;1795;-1;3;2;2;0;4;5;4;21;-6.070405641912089;2;2;4;2;6;6;24;0;0;13;22;-8.089865592755887;6;25;5;5;2;5;17;1;25;12;6;6;4;5;4;21;-6.524050955051837;25;6;6;1;6;4;21;9.439362328868615;5;1;14;14
TRACK:1808;1797;-1;3;2;2;0;4;0;0;13;22;-8.031336618261541;6;25;2;2;4;2;6;1;25;24;0;0;13;22;-8.155643316231068;6;25;5;5;2;5;17;5;17;6;6;4;5;4;21;-6.14757996012959;25;6;6;4;5;4;21;-5.985233726911721
TRACK:1809;1799;-1;3;2;2;4;6;3;8;25;6;6;4;5;4;21;-6.329895384495219
EVAL_INSTANCE:90:0:1800
EVAL_INSTANCE:90:1:1801
EVAL_INSTANCE:90:2:1802
EVAL_INSTANCE:90:3:1803
EVAL_INSTANCE:90:4:1804
EVAL_INSTANCE:90:5:1805
EVAL_INSTANCE:90:6:1806
EVAL_INSTANCE:90:7:1807
EVAL_INSTANCE:90:8:1808
EVAL_INSTANCE:90:9:1809
RUN_RESULT:90:0:0:345:UUUURRURDLLLDDDDRRRR
RUN_RESULT:90:1:0:233:UUUURRURDRDDDD
RUN_RESULT:90:2:0:2000:----
RUN_RESULT:90:3:0:150:UUUURRURDRDDDD
RUN_RESULT:90:4:0:288:UUUURRURDRDDDD
RUN_RESULT:90:5:0:243:UUUURRURDRDDDD
RUN_RESULT:90:6:0:155:UUUURRURDRDDDD
RUN_RESULT:90:7:0:300:UUUURRURDRDDDD
RUN_RESULT:90:8:0:2000:----
RUN_RESULT:90:9:0:1087:UUUURRURDRDDDD
    91 |      910 | -3.849800E+03 | -3.850000E+03
TRACK:1810;1721;1548;3;2;2;0;4;6;5;3;0;2;9;19;2;22;-3.8799418769494896;12;2;2;4;2;6;6;24;5;17;5;5;2;5;17;5;17;6;6;4;5;4;21;-6.233819169915169;25;6;6;4;5;4;21;-5.890730419686865
TRACK:1811;1721;1548;3;2;2;0;4;6;5;3;0;2;9;17;2;22;-3.6805762306948027;12;2;2;4;2;6;22;-7.683444547652846;0;0;13;22;-7.921189780643288;6;25;5;5;2;5;17;3;16;6;6;4;5;4;21;-6.2132471573331935;25;6;6;4;5;4;25
TRACK:1812;1381;1503;3;2;2;0;4;6;5;3;0;2;9;19;2;22;-3.871826082688454;17;2;2;4;2;6;1;25;12;0;0;13;22;-8.131053708982249;6;25;5;5;2;5;17;5;17;6;6;4;5;4;21;-6.156312972421576;25;6;6;4;5;4;21;-6.003254007099706
TRACK:1813;1381;1503;3;2;2;0;4;6;5;3;0;2;9;19;2;22;-3.7648180921227867;12;2;2;4;2;6;1;25;12;0;0;10;22;-8.19087532016205;6;25;5;5;2;5;17;5;17;6;6;4;5;4;21;-6.1645010742782445;25;6;6;4;5;4;17
TRACK:1814;1446;1503;3;2;2;0;4;6;5;3;0;2;9;19;2;22;-3.8321873731479608;17;2;2;4;2;6;1;25;12;0;0;13;22;-8.054028686899581;1;8;18;5;5;2;5;17;5;17;6;2;6;1;25;12;0;0;10;22;-8.19087532016205;6;25;25;6;6;4;5;4;21;-6.007422799347609
TRACK:1815;1446;1503;3;2;2;0;4;6;5;3;0;2;9;19;2;22;-3.7648180921227867;12;2;2;4;2;6;1;25;12;17;5;5;2;5;17;5;17;6;6;4;5;4;21;-6.1645010742782445;25;6;6;4;5;4;21;-6.082533420810125
TRACK:1816;1721;1381;3;2;2;0;4;6;5;3;0;2;9;19;2;22;-3.8799418769494896;12;2;2;4;2;6;6;24;0;0;13;22;-8.229178519928713;6;25;5;5;2;4;21;-6.003254007099706;5;17;6;6;4;5;4;21;-6.233819169915169;25;6;6;4;5;4;21;-5.890730419686865
TRACK:1817;1721;1381;3;2;2;0;4;6;5;3;0;2;9;19;2;22;-3.871826082688454;12;2;2;4;2;6;1;25;12;0;0;17;22;-8.131053708982249;6;25;5;5;2;5;17;5;17;6;6;4;5;4;21;-6.156312972421576;25;6;6;4;5;4;21;-6.003254007099706
TRACK:1818;1548;1446;3;2;2;0;4;6;5;3;0;2;9;17;2;22;-3.6805762306948027;12;2;2;4;2;6;22;-7.683444547652846;2;9;19;5;5;2;5;17;3;16;6;6;4;5;4;21;-6.2132471573331935;25;6;6;4;5;4;21;-6.347234238662744
TRACK:1819;1548;1446;3;2;2;0;4;6;5;3;0;2;9;19;2;22;-3.8321873731479608;17;2;2;4;2;6;1;25;12;0;0;13;22;-8.054028686899581;1;8;18;5;5;2;5;17;5;17;6;6;6;25;25;6;6;4;5;4;21;-6.007422799347609
TRACK:1820;1721;-1;3;2;2;0;4;6;5;3;0;2;9;19;2;22;-4.033186487173856;12;2;2;4;2;6;6;24;0;0;13;22;-8.116110381186923;6;25;5;5;2;5;17;5;17;6;6;4;5;4;21;-6.361903629496657;25;6;6;4;1;12;12
TRACK:1821;1812;-1;3;2;2;0;4;6;5;3;0;2;9;19;2;19;17;2;2;4;2;6;1;25;12;0;0;13;22;-8.097052068843006;6;25;5;5;2;5;17;5;17;6;6;4;5;4;21;-6.162517318821364;25;6;6;4;5;4;21;-5.876011169140419
TRACK:1822;1814;-1;3;2;2;0;4;6;5;3;0;2;9;19;2;22;-3.8271203086334227;17;2;2;4;2;6;1;25;12;0;0;13;22;-8.020572344907528;1;8;18;5;5;2;5;17;5;17;6;2;6;5;0;18;16;0;0;10;22;-8.296716550861682;6;25;25;6;6;4;5;4;21;-6.033656997350375
TRACK:1823;1816;-1;3;2;2;0;4;6;5;3;0;2;9;19;2;22;-3.8338678522771708;20;-8.897614384154252;2;2;4;2;6;6;24;0;0;13;22;-8.215453683659385;6;25;5;5;2;4;21;-5.978385832339402;5;17;6;6;4;5;4;21;-6.240979161078181;25;6;6;4;5;4;21;-5.864146193440482
TRACK:1824;1818;-1;3;2;2;0;4;6;5;3;0;2;9;17;2;22;-3.7242661384830518;12;2;2;4;2;6;22;-7.825937454623971;2;9;19;5;5;2;5;17;3;16;6;6;4;5;4;21;-6.21967148815126;25;6;6;4;5;4;6;24
TRACK:1825;1548;-1;3;2;2;0;4;6;5;3;0;2;9;17;2;22;-3.76693531151638;12;2;6;18;6;6;4;5;4;21;-6.0334741559983955;25;6;6;4;5;4;21;-6.309586820265497
TRACK:1826;1813;-1;0;21;2.156002208838979;25
TRACK:1827;1815;-1;3;2;5;4;1;5;5;1;1;1;15;22;-9.602826466565123;3;17;1;0;10;14;3;7;-7.978526685562512;6;0;6;6;1;14;24;1;2;4;7;-5.19561234841742;0;17;20;-3.086842184991161;5;2;23;-6.645611213052742;10;4;0;1;1;0;3;6;4;17;2;6;5;15;5;0;10;19;2;4;5;0;7;5.3185742198777035;18;4;4;5;16;3;0;4;4;4;9;5;5;2;11;25;6;5;4;6;5;2;7;-2.6742519198687997;8
TRACK:1828;1817;-1;3;2;2;0;4;6;5;3;0;2;9;19;2;22;-3.961786313881288;12;2;2;4;2;6;1;25;22;3.456156604181741;0;0;17;22;-8.069839154674678;6;25;5;5;2;5;17;5;17;6;6;4;5;4;21;-6.125100811481259;25;6;6;4;5;4;21;-5.999317202980315
TRACK:1829;1819;-1;3;2;2;0;4;6;5;3;0;2;9;19;2;17;17;2;2;4;2;6;1;25;12;0;0;13;22;-8.058422074826261;1;8;18;5;5;2;5;17;5;17;6;6;6;25;25;6;6;4;5;4;21;-5.732188272693664
EVAL_INSTANCE:91:0:1820
EVAL_INSTANCE:91:1:1821
EVAL_INSTANCE:91:2:1822
EVAL_INSTANCE:91:3:1823
EVAL_INSTANCE:91:4:1824
EVAL_INSTANCE:91:5:1825
EVAL_INSTANCE:91:6:1826
EVAL_INSTANCE:91:7:1827
EVAL_INSTANCE:91:8:1828
EVAL_INSTANCE:91:9:1829
RUN_RESULT:91:0:0:966:UUUURRURDRDDDD
RUN_RESULT:91:1:0:1082:UUUURRURDRDDDD
RUN_RESULT:91:2:0:2000:----
RUN_RESULT:91:3:0:2000:----
RUN_RESULT:91:4:0:966:UUUURRURDRDDDD
RUN_RESULT:91:5:0:155:UUUURRURDRDDDD
RUN_RESULT:91:6:0:2000:----
RUN_RESULT:91:7:0:2000:----
RUN_RESULT:91:8:0:150:UUUURRURDRDDDD
RUN_RESULT:91:9:0:2000:----
    92 |      920 | -3.849900E+03 | -3.850000E+03
TRACK:1830;1446;1828;3;2;2;0;4;6;5;3;0;2;9;19;2;22;-3.8321873731479608;17;2;2;0;0;17;22;-8.069839154674678;6;25;5;5;2;5;17;5;17;6;6;4;5;4;21;-6.088047941894797;25;6;6;4;5;4;21;-6.007422799347609
TRACK:1831;1446;1828;3;2;2;0;4;6;5;3;0;2;9;19;2;22;-3.961786313881288;12;2;2;4;2;6;1;25;22;3.456156604181741;0;0;17;22;-8.069839154674678;6;25;5;5;2;5;17;5;17;6;6;4;5;4;21;-6.125100811481259;25;6;6;4;5;4;5;4;21;-6.088047941894797
TRACK:1832;1765;1503;3;2;2;0;4;6;5;3;0;2;9;19;2;22;-4.030869506839794;12;2;2;4;2;6;6;24;0;0;13;22;-8.118295386252782;6;25;5;5;2;5;25;1;25;12;6;6;4;5;4;21;-6.30970692233116;25;6;6;4;5;4;21;-5.925631549615997
TRACK:1833;1765;1503;3;2;2;0;4;6;5;3;0;2;9;19;2;22;-3.7648180921227867;12;2;12;6;6;4;5;4;21;-6.1645010742782445;25;6;6;4;5;4;21;-6.082533420810125
TRACK:1834;1803;1503;3;2;2;0;4;6;5;3;0;2;25;17;2;22;-3.6373976045995793;12;2;2;4;2;6;22;-7.595252485018173;0;0;13;22;-7.954156336809429;6;25;5;5;2;5;17;5;12;6;6;4;5;4;21;-6.102889043223404;25;6;6;4;5;4;21;-6.441632494978861
TRACK:1835;1803;1503;3;2;2;0;4;6;5;3;0;2;9;17;2;22;-3.6373976045995793;12;2;2;4;2;6;22;-7.595252485018173;0;0;13;22;-7.954156336809429;6;25;5;5;2;5;17;5;12;6;6;4;5;4;21;-6.102889043223404;25;6;6;4;5;4;21;-6.082533420810125
TRACK:1836;1146;1765;3;2;2;0;4;6;5;3;0;2;9;17;2;22;-3.783150876551037;12;2;2;4;2;6;1;25;9;0;0;13;22;-8.047315400829996;6;25;5;5;2;5;17;5;17;6;6;4;5;4;21;-6.04574841895601;25;6;6;4;5;4;21;-6.237760229672212
TRACK:1837;1146;1765;3;2;2;0;4;6;5;3;0;2;9;19;2;22;-4.030869506839794;12;2;2;4;2;6;6;13;0;0;13;22;-8.118295386252782;6;25;5;5;2;5;17;1;25;12;6;6;4;5;4;21;-6.30970692233116;25;6;6;4;5;4;21;-5.925631549615997
TRACK:1838;1381;1548;3;2;2;0;4;6;5;3;0;2;9;19;2;22;-3.871826082688454;12;2;2;4;2;6;1;25;12;13;5;5;2;5;17;5;17;6;6;4;5;4;21;-6.156312972421576;25;6;6;4;5;4;21;-6.003254007099706
TRACK:1839;1381;1548;3;2;2;0;4;6;5;3;0;2;9;17;2;22;-3.6805762306948027;12;2;2;4;2;6;22;-7.683444547652846;0;0;13;22;-7.921189780643288;6;25;5;17;6;6;4;5;4;21;-6.2132471573331935;25;6;6;4;5;4;21;-6.347234238662744
TRACK:1840;1830;-1;3;2;2;0;4;6;5;3;0;2;9;19;2;22;-4.020549852385808;17;2;2;0;0;17;22;-8.148079889719988;6;2;15;16;5;5;2;5;17;5;17;6;6;4;5;4;21;-6.179825189466654;25;6;6;4;5;4;21;-6.1863253218994325
TRACK:1841;1765;-1;3;2;2;0;4;6;5;3;0;2;9;19;4;10;2;2;4;2;6;6;24;0;0;13;22;-8.11244197306446;6;25;5;5;2;5;17;1;25;12;6;6;4;5;4;21;-6.3137403610832585;25;6;6;4;5;4;21;-5.918706967943892
TRACK:1842;1834;-1;3;2;2;0;4;6;5;3;0;2;25;17;2;22;-3.4504448391471274;12;2;2;4;2;6;22;-7.4506075838269155;0;5;18;6;25;5;5;2;5;17;5;12;6;6;4;5;4;21;-6.10729776153271;25;6;6;4;5;4;21;-6.334441433613621
TRACK:1843;1836;-1;3;2;2;0;4;6;5;3;6;6;19;2;2;4;2;6;1;25;9;0;0;13;22;-8.041917851892064;6;25;5;5;2;5;17;5;17;6;6;4;5;4;21;-6.0631723357321325;25;6;6;4;5;4;21;-6.214266665855772
TRACK:1844;1838;-1;3;2;2;0;4;6;5;3;0;2;9;19;2;22;-3.9144598617039685;12;2;2;4;2;6;1;25;12;13;5;5;2;5;17;5;17;6;6;4;5;4;9;25;6;6;4;5;4;21;-5.93018199141148
TRACK:1845;1831;-1;3;2;2;0;4;6;5;3;0;2;9;19;2;22;-3.859627614461312;12;2;2;4;2;6;1;25;22;3.2459399441842662;0;0;17;22;-8.04841029218092;6;25;5;5;2;5;17;5;17;6;6;4;5;4;21;-5.86720976929626;6;6;2;4;0;18;13;1;2;21;-4.282442746531223;23;-3.762749950166202;4;21;0.3411763507107146;6;6;4;5;4;5;4;21;-6.102772493463543
TRACK:1846;1503;-1;3;2;2;0;4;6;5;3;0;2;9;19;2;22;-3.5963999229588763;12;2;2;4;2;6;1;25;12;0;2;23;4.626789260507634;22;5.053888348336006;6;25;5;5;2;5;17;5;17;6;6;4;5;4;21;-6.198247469192068;25;6;6;4;5;4;21;-6.136712524052506
TRACK:1847;1835;-1;3;2;2;0;4;6;5;3;0;2;9;17;2;22;-3.6547830060252093;12;2;2;4;2;6;22;-7.550977012348729;0;0;13;22;-7.795928249346616;6;25;5;4;3;0;24;9;6;6;4;5;4;21;-6.095796418593517;25;6;6;4;5;4;21;-5.84632893810909
TRACK:1848;1837;-1;3;2;2;0;4;6;5;3;0;2;9;19;2;22;-4.20897202399618;12;2;2;3;4;4;14;5;5;2;5;17;1;25;12;6;6;4;5;4;21;-6.313966307779996;25;6;6;4;5;4;21;-5.846480171816827
TRACK:1849;1839;-1;3;2;2;0;4;6;4;1;5;2;20;5.977876338401593;25;2;2;21;-0.9125804722799717;13;1;7;7.913969126128951;17;2;2;4;2;6;22;-7.60033457337355;0;0;13;22;-7.76547030013434;6;25;5;17;6;6;4;5;4;21;-6.235037626609022;25;6;6;4;5;4;21;-6.316661452092939
EVAL_INSTANCE:92:0:1840
EVAL_INSTANCE:92:1:1841
EVAL_INSTANCE:92:2:1842
EVAL_INSTANCE:92:3:1843
EVAL_INSTANCE:92:4:1844
EVAL_INSTANCE:92:5:1845
EVAL_INSTANCE:92:6:1846
EVAL_INSTANCE:92:7:1847
EVAL_INSTANCE:92:8:1848
EVAL_INSTANCE:92:9:1849
RUN_RESULT:92:0:0:2000:----
RUN_RESULT:92:1:0:266:UUUURRURDRDDDD
RUN_RESULT:92:2:0:2000:----
RUN_RESULT:92:3:0:266:UUUURRURDRDDDD
RUN_RESULT:92:4:0:971:UUUURRURDRDDDD
RUN_RESULT:92:5:0:2000:----
RUN_RESULT:92:6:0:2000:----
RUN_RESULT:92:7:0:150:UUUURRURDRDDDD
RUN_RESULT:92:8:0:155:UUUURRURDRDDDD
RUN_RESULT:92:9:0:266:UUUURRURDRDDDD
    93 |      930 | -3.850000E+03 | -3.850000E+03
TRACK:1850;1828;1847;3;2;2;0;4;6;5;3;0;2;22;-3.6547830060252093;19;2;22;-3.961786313881288;12;2;2;4;2;6;1;25;22;3.456156604181741;0;0;17;22;-8.069839154674678;6;25;5;5;2;5;17;5;17;6;6;4;5;4;21;-6.125100811481259;25;6;6;4;5;4;21;-5.999317202980315
TRACK:1851;1828;1847;3;2;2;0;4;6;5;3;0;2;9;17;2;22;-3.6547830060252093;12;2;2;4;2;6;22;-7.550977012348729;0;0;13;22;-7.795928249346616;6;25;5;4;3;0;17;9;6;6;4;5;4;21;-6.095796418593517;25;6;6;4;5;4;21;-5.84632893810909
TRACK:1852;1446;1146;3;2;2;0;4;6;5;3;0;2;9;19;2;22;-3.8321873731479608;17;2;2;4;2;6;1;25;12;0;0;13;22;-8.054028686899581;1;8;18;5;5;2;5;22;-8.047315400829996;5;17;6;6;4;5;4;21;-6.088047941894797;25;6;6;4;5;4;21;-6.007422799347609
TRACK:1853;1446;1146;3;2;2;0;4;6;5;3;0;2;9;17;2;22;-3.783150876551037;12;2;2;4;2;6;1;25;12;0;0;13;22;-8.047315400829996;6;25;5;5;2;5;17;5;17;6;6;4;5;4;21;-6.04574841895601;25;6;6;25
TRACK:1854;1721;1381;3;2;2;0;4;6;5;3;0;2;9;19;2;22;-3.8799418769494896;25;2;2;4;2;6;6;24;0;0;13;22;-8.229178519928713;6;25;5;5;2;5;17;5;17;6;6;4;5;4;21;-6.233819169915169;25;6;6;4;5;4;21;-5.890730419686865
TRACK:1855;1721;1381;3;2;2;0;4;6;5;3;0;2;9;19;2;22;-3.871826082688454;12;2;2;4;2;6;1;25;12;0;0;13;22;-8.131053708982249;6;25;5;5;2;5;17;5;17;6;6;4;5;4;21;-6.156312972421576;25;6;4;21;-6.233819169915169
TRACK:1856;1847;1446;3;2;2;0;4;6;5;3;0;2;9;17;2;22;-3.6547830060252093;12;2;2;0;13;22;-8.054028686899581;5;4;3;0;24;9;6;6;4;5;4;21;-6.095796418593517;25;6;6;4;5;4;21;-5.84632893810909
TRACK:1857;1847;1446;3;2;2;0;4;6;5;3;0;2;9;19;2;22;-3.8321873731479608;17;2;2;4;2;6;1;25;12;0;0;13;22;-8.054028686899581;1;8;18;5;5;22;-7.550977012348729;6;6;4;5;4;21;-6.088047941894797;25;6;6;4;5;4;21;-6.007422799347609
TRACK:1858;1765;1803;3;2;2;0;4;6;5;3;0;2;9;19;2;22;-4.030869506839794;13;2;2;4;2;6;6;24;0;0;13;22;-8.118295386252782;6;25;5;5;2;5;17;1;25;12;6;6;4;5;4;21;-6.30970692233116;25;6;6;4;5;4;21;-5.925631549615997
TRACK:1859;1765;1803;3;2;2;0;4;6;5;3;0;2;25;17;2;22;-3.6373976045995793;12;2;2;4;2;6;22;-7.595252485018173;0;0;13;22;-7.954156336809429;6;25;5;5;2;5;17;5;12;6;6;4;5;4;21;-6.102889043223404;25;6;6;4;5;4;21;-6.441632494978861
TRACK:1860;1850;-1;3;2;2;0;4;6;5;3;0;2;22;-3.5251601512820776;19;2;22;-3.9864561684859154;12;2;2;4;2;6;1;25;22;3.597338263407336;0;0;17;22;-8.203454136191707;6;20;9.760223358123802;5;5;2;5;17;5;17;6;6;4;5;4;21;-6.008608030103957;25;6;6;4;5;4;21;-5.8428626205301
TRACK:1861;1852;-1;3;2;2;0;4;6;5;3;0;2;9;19;2;22;-3.9544658975616196;17;2;2;4;2;6;1;25;12;0;0;13;22;-8.151116654372375;1;8;18;5;5;2;5;22;-7.835101409101838;5;17;6;6;4;5;4;21;-5.987971646942394;25;6;6;4;2;5;3;8;2;3;21;1.3694186007149227;5;21;-0.13116086264052385
TRACK:1862;1854;-1;3;2;2;0;4;6;5;3;0;2;9;19;2;22;-3.8154135257923696;25;2;2;4;2;6;6;24;0;0;13;22;-8.088313632570888;6;25;5;5;2;5;17;5;17;6;6;4;5;1;25;17;25;6;6;4;5;4;21;-5.996202584381021
TRACK:1863;1856;-1;3;2;2;3;0;1;6;6;2;6;9;6;14;1;5;1;6;10;6;25;1;5;4;9;4;2;22;8.574821047782724;9;6;0;0;4;5;7;-1.150071315733305;0;2;10;9;5;19;1;3;0;23;3.859744913311001;18;2;2;14;12;0;23;-5.021342934820472;17;25;6;6;4;5;4;21;-5.805581092827309
TRACK:1864;1858;-1;3;2;2;0;4;6;5;3;0;2;9;19;2;22;-4.005391297835586;13;2;2;4;2;6;6;24;0;0;13;22;-8.16407847877396;6;25;1;6;13;3;15;6;6;4;5;4;21;-6.483006581044634;25;6;6;4;5;4;21;-5.87096708574536
TRACK:1865;1851;-1;3;2;2;0;4;6;5;3;0;2;9;17;2;22;-3.6956112770443443;12;2;2;4;2;6;22;-7.7475225801682575;0;0;13;22;-7.796099866393615;6;25;5;4;3;0;17;9;6;1;4;8;5;19;25;6;6;4;5;4;21;-5.969237902216384
TRACK:1866;1853;-1;3;2;2;0;4;6;5;3;0;2;9;17;2;22;-3.823181553341358;12;2;2;4;2;6;1;25;12;0;0;13;22;-7.904478274083607;6;25;5;0;17;23;-7.032471955865471;6;6;4;5;4;21;-6.069385430512317;25;6;6;25
TRACK:1867;1855;-1;3;2;2;0;4;6;5;3;0;2;9;19;2;22;-3.8941331704831006;12;2;2;4;2;6;1;25;12;0;0;13;22;-7.996756983206529;6;25;5;5;2;5;17;5;20;-2.2690807628792413;6;6;4;5;4;21;-6.056533904182987;25;6;4;21;-6.320889208037909
TRACK:1868;1857;-1;3;2;2;0;4;6;5;3;0;2;9;19;2;22;-3.711465456571346;17;2;2;4;2;6;1;25;12;0;0;13;22;-8.105444688929236;1;8;16;5;5;22;-7.639752922024325;6;6;4;5;4;21;-6.068276160574193;25;6;6;4;5;4;21;-5.966680297163815
TRACK:1869;1859;-1;3;2;2;0;4;6;5;3;0;2;25;17;2;22;-3.5811654502197583;12;2;2;4;2;6;22;-7.3308478905608885;0;0;25;22;-7.918082136541629;6;25;5;5;2;5;17;5;12;6;6;4;5;4;21;-5.964671161307456;25;6;6;4;5;4;21;-6.477867408298982
EVAL_INSTANCE:93:0:1860
EVAL_INSTANCE:93:1:1861
EVAL_INSTANCE:93:2:1862
EVAL_INSTANCE:93:3:1863
EVAL_INSTANCE:93:4:1864
EVAL_INSTANCE:93:5:1865
EVAL_INSTANCE:93:6:1866
EVAL_INSTANCE:93:7:1867
EVAL_INSTANCE:93:8:1868
EVAL_INSTANCE:93:9:1869
RUN_RESULT:93:0:0:2000:----
RUN_RESULT:93:1:0:2000:----
RUN_RESULT:93:2:0:966:UUUURRURDRDLDDDR
RUN_RESULT:93:3:0:1093:UUUURRURDRDDDD
RUN_RESULT:93:4:0:150:UUUURRURDRDDDD
RUN_RESULT:93:5:0:966:UUUURRURDRDDDD
RUN_RESULT:93:6:0:986:LLUUUURRRRURDRDDDD
RUN_RESULT:93:7:0:2000:----
RUN_RESULT:93:8:0:2000:----
RUN_RESULT:93:9:0:2000:----
    94 |      940 | -3.850000E+03 | -3.850000E+03
TRACK:1870;1765;1721;3;2;2;25;25;6;6;4;5;4;21;-5.925631549615997
TRACK:1871;1765;1721;3;2;2;0;4;6;5;3;0;2;9;19;2;22;-3.8799418769494896;12;2;2;4;2;6;6;24;0;0;13;19;6;25;5;5;2;5;17;5;17;6;6;4;5;4;21;-6.233819169915169;25;6;6;4;5;4;21;-5.890730419686865
TRACK:1872;1381;1803;3;2;2;0;4;6;5;3;0;2;9;19;2;22;-3.871826082688454;12;2;2;4;2;6;1;25;12;0;0;13;22;-8.131053708982249;6;25;5;5;2;5;17;5;17;5;3;0;2;9;17;2;22;-3.6373976045995793;12;25;6;6;4;5;4;21;-6.003254007099706
TRACK:1873;1381;1803;3;2;2;0;4;6;5;3;0;2;9;17;2;22;-3.6373976045995793;12;2;2;4;2;6;22;-7.595252485018173;0;0;13;22;-7.954156336809429;6;25;5;5;0;2;9;19;2;22;-3.871826082688454;12;6;6;4;5;4;21;-6.102889043223404;25;6;6;4;5;4;21;-6.441632494978861
TRACK:1874;1446;1828;3;6;4;5;4;21;-6.125100811481259
TRACK:1875;1446;1828;3;2;2;0;4;6;5;3;0;2;9;19;2;22;-3.961786313881288;12;2;2;4;2;6;1;25;22;3.456156604181741;0;0;17;22;-8.069839154674678;6;25;5;5;2;5;17;5;17;6;6;4;5;4;21;-6.125100811481259;25;6;6;4;25
TRACK:1876;1803;1721;3;2;2;0;4;6;5;3;0;2;9;17;2;22;-3.6373976045995793;12;2;2;4;2;6;22;-7.595252485018173;0;0;13;22;-7.954156336809429;6;25;5;5;2;5;17;5;12;6;6;4;5;4;21;-6.102889043223404;25;6;2;22;-3.8799418769494896;12
TRACK:1877;1803;1721;3;2;2;0;4;6;5;3;0;2;9;19;2;22;-3.8799418769494896;12;2;2;4;2;21;-6.441632494978861;0;0;13;22;-8.229178519928713;6;25;5;5;2;5;17;5;17;6;6;4;5;4;21;-6.233819169915169;25;6;6;4;5;4;21;-5.890730419686865
TRACK:1878;1503;1765;3;2;2;0;4;6;5;3;0;2;9;19;2;22;-3.7648180921227867;12;2;2;4;2;6;1;25;12;0;0;10;22;-8.19087532016205;6;25;5;5;2;5;17;5;17;6;6;4;5;4;21;-6.1645010742782445;25;6;6;4;5;6;25
TRACK:1879;1503;1765;3;2;2;0;4;6;5;3;0;2;9;17;2;22;-4.030869506839794;12;2;2;4;2;6;6;24;0;0;13;22;-8.118295386252782;6;25;5;5;2;5;17;1;25;12;6;6;4;5;4;21;-6.30970692233116;25;6;6;4;5;4;21;-5.925631549615997
TRACK:1880;1870;-1;3;2;19;16
TRACK:1881;1872;-1;3;2;2;0;4;6;5;3;0;2;9;19;2;22;-3.8588095916840093;12;2;2;4;2;6;1;25;12;0;0;13;22;-8.216065713214213;6;25;5;5;2;5;17;5;17;2;19;25;25;6;6;4;5;4;21;-6.066218487464049
TRACK:1882;1874;-1;3;6;4;6;4;1;1;8;11;0;11;10
TRACK:1883;1876;-1;3;2;2;0;4;6;5;3;0;2;9;17;2;22;-3.6756408792744577;12;2;2;4;2;6;22;-7.556955513763184;0;0;13;22;-7.967702688015645;6;25;5;5;2;5;17;5;12;6;6;4;5;4;21;-6.127633387316563;25;6;2;22;-3.987278067235721;5;14
TRACK:1884;1878;-1;3;2;2;1;18;24;25;6;6;4;5;6;25
TRACK:1885;1871;-1;3;2;2;0;4;6;5;3;0;2;9;19;2;22;-3.796693198481604;12;2;2;4;2;6;6;24;0;0;13;17;6;25;5;5;2;5;17;5;17;6;6;4;5;4;21;-6.213502216595463;25;6;6;4;5;4;21;-5.7383382499617035
TRACK:1886;1873;-1;3;2;2;0;4;6;5;3;0;2;9;17;2;22;-3.7796020494444655;12;2;2;4;2;6;1;19;16;0;0;13;22;-7.859386117415942;6;25;5;5;0;2;9;19;2;22;-3.86013533980297;12;6;6;4;5;4;21;-6.323974144822907;25;6;6;4;5;4;21;-6.478234023555798
TRACK:1887;1875;-1;3;2;2;0;4;6;5;3;0;2;9;19;2;22;-4.04377647319894;12;2;2;4;2;6;1;25;22;3.328741297833549;0;0;17;22;-8.14366848235265;6;25;5;5;2;5;17;5;17;3;5;2;5;20;-5.364811587684095;3;19;25;6;6;4;25
TRACK:1888;1877;-1;3;2;2;0;4;6;5;3;0;2;9;19;1;15;25;2;2;4;2;21;-6.27752042500503;0;0;13;22;-8.192149086821093;6;25;5;5;2;5;17;5;17;6;6;4;5;4;21;-6.289136320129431;25;6;6;4;5;4;21;-5.74615925822318
TRACK:1889;1879;-1;3;2;2;0;4;6;5;3;0;2;9;17;2;22;-4.027420914402074;12;2;2;4;2;6;6;24;0;0;13;22;-8.146910477279855;6;25;5;5;2;5;17;1;25;12;6;6;4;5;4;21;-6.467221125335772;25;6;4;0;0;2;25;12;4;25;3;6;19
EVAL_INSTANCE:94:0:1880
EVAL_INSTANCE:94:1:1881
EVAL_INSTANCE:94:2:1882
EVAL_INSTANCE:94:3:1883
EVAL_INSTANCE:94:4:1884
EVAL_INSTANCE:94:5:1885
EVAL_INSTANCE:94:6:1886
EVAL_INSTANCE:94:7:1887
EVAL_INSTANCE:94:8:1888
EVAL_INSTANCE:94:9:1889
RUN_RESULT:94:0:0:2000:----
RUN_RESULT:94:1:0:2000:----
RUN_RESULT:94:2:0:2000:----
RUN_RESULT:94:3:0:2000:----
RUN_RESULT:94:4:0:305:UUUURRURDRDDDD
RUN_RESULT:94:5:0:2000:----
RUN_RESULT:94:6:0:2000:----
RUN_RESULT:94:7:0:567:UUUURRURDLLLDDLLDDDRRRRRRU
RUN_RESULT:94:8:0:342:UUUURRURDRDDDD
RUN_RESULT:94:9:0:2000:----
    95 |      950 | -3.850000E+03 | -3.850000E+03
TRACK:1890;1847;1803;3;2;2;0;4;6;5;3;0;2;9;17;2;22;-3.6547830060252093;12;2;2;4;2;6;22;-7.550977012348729;0;25;6;25;5;4;3;0;24;9;6;6;4;5;4;21;-6.095796418593517;25;6;6;4;5;4;21;-5.84632893810909
TRACK:1891;1847;1803;3;2;2;2;2;4;2;6;22;-7.550977012348729;0;0;13;22;-7.795928249346616;6;25;5;4;3;0;24;9;6;6;4;5;4;21;-6.095796418593517;25;6;6;4;5;4;21;-6.441632494978861
TRACK:1892;1146;1381;3;2;2;0;4;6;5;3;0;2;9;17;2;22;-3.783150876551037;12;2;2;4;3;0;2;9;19;2;22;-3.871826082688454;12;5;5;2;5;17;5;17;6;6;4;5;4;21;-6.04574841895601;25;6;6;4;5;4;21;-6.237760229672212
TRACK:1893;1146;1381;3;2;17;6;6;4;5;4;21;-6.003254007099706
TRACK:1894;1765;1381;3;2;2;0;4;6;5;3;0;2;9;19;2;22;-4.030869506839794;12;2;2;4;2;6;6;24;0;0;13;22;-8.118295386252782;6;25;5;5;1;25;12;6;6;4;5;4;21;-6.30970692233116;25;6;6;4;5;4;21;-5.925631549615997
TRACK:1895;1765;1381;3;2;2;0;4;6;5;3;0;2;9;19;2;22;-3.871826082688454;12;2;2;4;2;6;1;25;12;0;0;13;22;-8.131053708982249;6;25;5;5;2;5;17;5;17;6;6;4;5;4;21;-6.156312972421576;25;6;4;5;4;21;-5.925631549615997
TRACK:1896;1446;1847;3;2;2;0;4;6;5;3;0;2;9;19;2;22;-3.8321873731479608;17;2;2;4;2;6;1;25;12;0;0;13;22;-8.054028686899581;1;8;18;4;21;-6.095796418593517;6;6;4;5;4;21;-6.088047941894797;25;6;6;4;5;4;21;-6.007422799347609
TRACK:1897;1446;1847;3;2;2;0;4;6;5;3;5;17;2;2;4;2;6;22;-7.550977012348729;0;0;13;22;-7.795928249346616;6;25;5;4;3;0;24;9;6;6;4;5;4;21;-6.095796418593517;25;6;6;4;5;4;21;-5.84632893810909
TRACK:1898;1503;1803;3;2;2;0;4;6;5;3;0;2;9;19;2;22;-3.7648180921227867;12;2;2;4;2;6;1;25;12;0;0;10;22;-8.19087532016205;6;25;5;5;2;5;17;5;17;6;6;5;2;5;17;5;12;25;6;6;4;5;4;21;-6.082533420810125
TRACK:1899;1503;1803;3;2;2;0;4;6;5;3;0;2;9;17;2;22;-3.6373976045995793;12;2;2;4;2;6;22;-7.595252485018173;0;0;13;22;-7.954156336809429;6;25;5;17;6;6;4;5;4;21;-6.102889043223404;25;6;6;4;5;4;21;-6.441632494978861
TRACK:1900;1890;-1;3;2;2;0;4;6;5;3;0;2;9;17;2;22;-3.679589888353395;12;2;2;4;2;6;22;-7.55868393884342;0;25;6;25;5;4;6;2;7;7.7660460704132035;18;6;6;4;5;4;21;-6.369218864665291;25;6;6;4;5;4;21;-5.970456179996145
TRACK:1901;1892;-1;3;2;2;0;4;6;5;3;0;4;11;2;22;-3.8254722902149814;12;2;2;4;3;0;2;9;19;2;22;-3.8299898120224363;12;5;5;2;5;17;5;17;6;6;4;5;4;21;-5.975202223978571;25;6;6;4;5;4;21;-6.189447550345216
TRACK:1902;1894;-1;3;2;2;0;4;6;5;3;0;2;9;19;2;22;-4.1274359980316575;12;2;2;4;2;6;6;24;0;0;13;22;-7.883556537960249;6;25;5;5;1;25;12;3;13;25;6;6;4;5;4;21;-5.94285742335697
TRACK:1903;1896;-1;3;2;2;0;4;6;5;3;0;2;9;10;2;22;-3.6313831795448497;17;2;2;4;2;6;1;25;12;0;0;13;22;-8.023085443267123;1;8;18;4;21;-5.997717074415746;6;6;4;5;4;21;-6.119323551098557;25;6;6;4;5;4;21;-6.019676757819949
TRACK:1904;1898;-1;3;2;2;0;4;6;5;3;0;2;9;19;2;22;-3.8567101593793844;7;-2.0749863712380794;2;2;4;2;6;1;25;12;0;0;10;22;-8.209913870746671;6;25;5;5;2;5;17;5;17;6;6;5;2;5;17;5;12;25;6;6;4;5;4;21;-6.00045443968017
TRACK:1905;1891;-1;3;2;2;2;2;4;2;6;22;-7.666287719215552;0;0;13;22;-7.763148103358628;6;25;5;4;3;0;24;1;15;7;7.604196285397013;6;6;4;5;4;21;-6.230953918348561;25;6;6;4;5;4;21;-6.641975878465905
TRACK:1906;1893;-1;3;2;17;0;6;3;13;5;3;11
TRACK:1907;1895;-1;3;2;2;0;4;6;5;3;0;2;9;19;2;22;-3.836908326721642;12;2;2;4;2;6;1;25;12;0;0;13;22;-8.226356486957656;6;25;5;1;6;25;1;11;9;6;6;4;5;4;21;-6.115564170996963;25;6;4;5;4;21;-6.080239660181601
TRACK:1908;1897;-1;3;2;2;0;4;6;5;3;5;17;2;2;4;2;6;22;-7.582536754805108;0;0;13;22;-7.936455497403242;6;25;5;4;3;0;24;9;6;6;4;5;4;21;-6.090122810546942;3;5;5;0;0;0;24;10;0;18;7;-8.486403002867357;1;5;11;0;16;18;6;6;4;5;4;21;-5.855579425182588
TRACK:1909;1899;-1;3;2;2;0;4;6;5;3;0;2;9;17;2;22;-3.6980224954798486;12;2;2;4;2;6;22;-7.4862688428904;0;0;13;22;-8.023056447725779;6;25;5;17;6;6;4;5;4;21;-6.191553403712858;25;6;2;3;6;2;22;8.394538975107196;11;2;1;4;25;1;24;13;2;0;14;7;-6.688666034924018;4;22;-3.3348246522558593
EVAL_INSTANCE:95:0:1900
EVAL_INSTANCE:95:1:1901
EVAL_INSTANCE:95:2:1902
EVAL_INSTANCE:95:3:1903
EVAL_INSTANCE:95:4:1904
EVAL_INSTANCE:95:5:1905
EVAL_INSTANCE:95:6:1906
EVAL_INSTANCE:95:7:1907
EVAL_INSTANCE:95:8:1908
EVAL_INSTANCE:95:9:1909
RUN_RESULT:95:0:0:150:UUUURRURDRDDDD
RUN_RESULT:95:1:0:2000:----
RUN_RESULT:95:2:0:969:UUUURRURDRDDDD
RUN_RESULT:95:3:0:2000:----
RUN_RESULT:95:4:0:2000:----
RUN_RESULT:95:5:0:2000:----
RUN_RESULT:95:6:0:2000:----
RUN_RESULT:95:7:0:556:UUUURRURDLLLDDLLDDDRRRRRRU
RUN_RESULT:95:8:0:1138:UUUURRURDRDDDD
RUN_RESULT:95:9:0:2000:----
    96 |      960 | -3.850000E+03 | -3.850000E+03
TRACK:1910;1503;1803;3;2;2;0;4;6;5;3;0;2;9;19;2;22;-3.7648180921227867;12;2;2;4;2;6;1;25;12;0;0;10;22;-8.19087532016205;0;13;22;-7.954156336809429;5;5;2;5;17;5;17;6;6;4;5;4;21;-6.1645010742782445;25;6;6;4;5;4;21;-6.082533420810125
TRACK:1911;1503;1803;3;2;2;0;4;6;5;3;0;2;9;17;2;22;-3.6373976045995793;12;2;2;4;2;6;22;-7.595252485018173;0;0;13;22;-7.954156336809429;6;25;5;5;2;5;17;5;12;6;6;4;17;25;6;6;4;5;4;21;-6.441632494978861
TRACK:1912;1828;1765;3;2;2;0;4;6;5;3;0;2;9;19;2;22;-3.961786313881288;12;2;2;4;2;6;1;25;22;3.456156604181741;0;0;17;22;-8.069839154674678;6;25;5;5;2;5;17;5;17;6;6;4;19;25;6;6;4;5;4;21;-5.999317202980315
TRACK:1913;1828;1765;3;2;2;0;4;6;5;3;0;2;9;19;2;22;-4.030869506839794;12;2;2;4;2;6;6;24;0;0;13;22;-8.118295386252782;6;25;5;5;2;5;17;1;25;12;6;6;4;5;4;21;-6.30970692233116;25;6;6;4;0;2;9;19;2;22;-3.961786313881288;12
TRACK:1914;1146;1381;3;2;2;0;4;6;5;3;0;2;9;17;2;22;-3.783150876551037;12;2;2;4;2;6;1;25;12;0;0;13;22;-8.047315400829996;6;25;5;5;2;5;17;5;9;6;6;4;5;4;21;-6.04574841895601;25;6;6;4;5;4;21;-6.237760229672212
TRACK:1915;1146;1381;3;2;2;0;4;6;5;3;0;2;9;19;2;22;-3.871826082688454;12;2;2;4;2;6;1;25;12;0;0;13;22;-8.131053708982249;6;25;5;13;6;6;4;5;4;21;-6.156312972421576;25;6;6;4;5;4;21;-6.003254007099706
TRACK:1916;1765;1828;3;2;2;0;4;6;5;3;0;2;9;9;2;22;-4.030869506839794;12;2;2;4;2;6;6;24;0;0;13;22;-8.118295386252782;6;25;5;5;2;5;17;1;25;12;6;6;4;5;4;21;-6.30970692233116;25;6;6;4;5;4;21;-5.925631549615997
TRACK:1917;1765;1828;3;2;2;0;4;6;5;3;0;2;9;19;2;22;-3.961786313881288;12;2;2;4;2;6;1;25;22;3.456156604181741;17;5;5;2;5;17;5;17;6;6;4;5;4;21;-6.125100811481259;25;6;6;4;5;4;21;-5.999317202980315
TRACK:1918;1548;1847;3;2;2;0;4;6;5;4;5;4;21;-5.84632893810909;2;2;4;2;6;22;-7.683444547652846;0;0;13;22;-7.921189780643288;6;25;5;5;2;5;17;3;16;6;6;4;5;4;21;-6.2132471573331935;25;6;6;4;5;4;21;-6.347234238662744
TRACK:1919;1548;1847;3;2;2;0;4;6;5;3;0;2;9;17;2;22;-3.6547830060252093;12;2;2;4;2;6;22;-7.550977012348729;0;0;13;22;-7.795928249346616;6;25;5;4;4;21;-6.2132471573331935;6;6;4;5;4;21;-6.095796418593517;25;6;6;4;5;4;21;-5.84632893810909
TRACK:1920;1910;-1;3;2;2;0;4;6;5;3;0;2;9;19;2;22;-3.721028025019172;12;2;2;4;2;6;1;25;12;0;0;10;22;-8.15450486895312;0;13;22;-8.007764503131993;5;5;2;5;17;5;17;0;1;5;2;22;0.6034926406546823;15;4;2;13;25;6;1;5;8;4;21;1.8724627937115699;25;6;6;4;5;4;21;-6.081929714004995
TRACK:1921;1912;-1;3;2;2;0;4;6;5;3;0;2;9;19;2;22;-4.014323074089187;12;2;2;4;2;1;13;17;0;0;17;22;-7.989821522748141;6;25;5;5;2;5;17;5;17;6;6;4;19;25;6;6;4;5;4;21;-5.8759701482716515
TRACK:1922;1914;-1;3;2;2;0;4;6;5;3;0;2;9;17;2;22;-3.7758583175745684;12;2;2;4;2;6;1;25;12;0;0;13;22;-8.139066221005015;6;25;5;5;2;5;17;5;10;6;6;4;5;4;21;-5.989292772427071;25;6;6;4;5;4;21;-6.419507781546483
TRACK:1923;1916;-1;3;2;2;0;4;6;5;3;0;2;9;9;2;22;-3.986986674279573;12;2;2;4;2;6;6;24;0;0;13;22;-8.01769388596028;6;25;5;5;2;5;17;1;25;12;6;6;4;5;4;21;-6.219978743819963;25;6;6;4;5;4;21;-5.9315164810364065
TRACK:1924;1918;-1;3;2;2;0;4;6;5;4;5;4;21;-5.854136414064175;2;2;4;2;6;22;-7.472916906308608;0;0;13;22;-7.984337542844157;6;25;5;5;2;5;17;3;12;6;6;4;5;4;21;-6.372149678030328;25;6;6;4;5;4;21;-6.315531606710797
TRACK:1925;1911;-1;3;2;2;0;4;6;5;3;0;2;9;17;2;19;12;2;2;4;2;6;22;-7.568039771516674;0;0;13;22;-7.783193788450652;6;25;5;5;2;5;17;5;12;6;6;4;17;25;6;6;4;5;4;21;-6.508904849058543
TRACK:1926;1913;-1;3;2;2;0;4;6;5;3;0;2;9;19;2;22;-4.006620754032243;12;2;2;4;2;6;6;24;0;0;13;22;-7.999949384275784;6;25;5;5;2;5;17;1;25;12;6;6;4;5;4;21;-6.253217601545943;25;6;6;4;0;2;9;19;2;4;14;12
TRACK:1927;1915;-1;3;2;2;0;4;6;5;3;0;2;9;19;2;18;12;2;2;4;2;6;1;25;12;0;0;13;22;-8.13532723410581;6;25;5;13;6;6;4;5;4;21;-6.168916646769284;25;6;6;4;5;4;21;-6.292124501539268
TRACK:1928;1917;-1;4;6;0;2;2;1;4;9;6;13;5;5;14;2;6;5;25;6;3;9;0;6;1;6;24;0;9;20;-4.12489018634576;2;3;5;21;-6.120320607644485;0;6;24;6;12
TRACK:1929;1919;-1;3;2;2;0;4;6;5;3;0;2;9;17;2;22;-3.7814079555172735;12;2;2;4;2;6;22;-7.660082904588003;0;0;13;22;-7.790388750377108;6;25;5;4;4;21;-6.1117427373149384;6;6;4;5;1;7;6.636204838781225;22;7.003593803956274;25;6;6;4;5;4;21;-5.608433989539416
EVAL_INSTANCE:96:0:1920
EVAL_INSTANCE:96:1:1921
EVAL_INSTANCE:96:2:1922
EVAL_INSTANCE:96:3:1923
EVAL_INSTANCE:96:4:1924
EVAL_INSTANCE:96:5:1925
EVAL_INSTANCE:96:6:1926
EVAL_INSTANCE:96:7:1927
EVAL_INSTANCE:96:8:1928
EVAL_INSTANCE:96:9:1929
RUN_RESULT:96:0:0:2000:----
RUN_RESULT:96:1:0:966:UUUURRURDRDDDD
RUN_RESULT:96:2:0:966:UUUURRURDRDDDD
RUN_RESULT:96:3:0:2000:----
RUN_RESULT:96:4:0:266:UUUURRURDRDDDD
RUN_RESULT:96:5:0:1092:UUUURRURDRDDDD
RUN_RESULT:96:6:0:966:UUUURRURDRDDDD
RUN_RESULT:96:7:0:1085:UUUURRURDRDDDD
RUN_RESULT:96:8:0:2000:----
RUN_RESULT:96:9:0:2000:----
    97 |      970 | -3.850000E+03 | -3.850000E+03
TRACK:1930;1765;1721;3;2;2;0;4;6;5;3;0;2;9;19;2;22;-4.030869506839794;12;2;2;4;2;6;6;24;0;0;13;22;-8.118295386252782;6;25;5;5;2;5;17;1;25;12;6;6;4;2;22;-3.8799418769494896;12;25;6;6;4;5;4;21;-5.925631549615997
TRACK:1931;1765;1721;3;2;2;0;4;6;5;3;0;2;9;19;2;22;-3.8799418769494896;12;2;2;4;2;6;6;24;0;0;13;22;-8.229178519928713;6;25;5;5;2;5;17;5;19;6;6;4;5;4;21;-6.233819169915169;25;6;6;4;5;4;21;-5.890730419686865
TRACK:1932;1828;1548;3;2;2;0;4;6;5;3;0;2;9;19;2;22;-3.961786313881288;12;2;2;4;2;6;1;25;22;3.456156604181741;0;0;17;22;-8.069839154674678;6;25;5;5;2;5;17;5;17;6;6;4;5;4;21;-6.125100811481259;25;6;6;4;5;4;21;-5.999317202980315
TRACK:1933;1828;1548;3;2;2;0;4;6;6;4;5;4;21;-5.999317202980315;2;2;4;2;6;22;-7.683444547652846;0;0;13;22;-7.921189780643288;6;25;5;5;2;5;17;3;16;6;6;4;5;4;21;-6.2132471573331935;25;6;6;4;5;4;21;-6.347234238662744
TRACK:1934;1381;1146;3;2;2;0;4;6;5;3;0;13;22;-8.047315400829996;2;2;4;2;6;1;25;12;0;0;13;22;-8.131053708982249;6;25;5;5;2;5;17;5;17;6;6;4;5;4;21;-6.156312972421576;25;6;6;4;5;4;21;-6.003254007099706
TRACK:1935;1381;1146;3;2;2;0;4;6;5;3;0;2;9;17;2;22;-3.783150876551037;12;2;2;4;2;6;1;25;12;0;0;13;22;-8.047315400829996;6;25;5;5;2;5;17;5;17;6;2;9;19;25;6;6;4;5;4;21;-6.237760229672212
TRACK:1936;1503;1847;3;2;2;0;4;6;5;3;0;2;25;19;2;22;-3.7648180921227867;12;2;2;4;2;6;1;25;12;0;0;10;22;-8.19087532016205;6;25;5;5;2;5;17;5;17;6;6;4;5;4;21;-6.1645010742782445;25;6;6;4;5;4;21;-6.082533420810125
TRACK:1937;1503;1847;3;2;2;0;4;6;5;3;0;2;9;17;2;22;-3.6547830060252093;12;2;2;4;2;6;22;-7.550977012348729;2;9;19;5;4;3;0;24;9;6;6;4;5;4;21;-6.095796418593517;25;6;6;4;5;4;21;-5.84632893810909
TRACK:1938;1548;1803;3;2;2;0;4;6;5;3;0;2;9;17;2;22;-3.6805762306948027;12;2;2;4;2;6;22;-7.683444547652846;0;0;13;22;-7.921189780643288;6;25;5;5;2;5;17;4;21;-6.102889043223404;6;6;4;5;4;21;-6.2132471573331935;25;6;6;4;5;4;21;-6.347234238662744
TRACK:1939;1548;1803;3;2;2;0;4;6;5;3;25;2;2;4;2;6;22;-7.595252485018173;0;0;13;22;-7.954156336809429;6;25;5;5;2;5;17;5;12;6;6;4;5;4;21;-6.102889043223404;25;6;6;4;5;4;21;-6.441632494978861
TRACK:1940;1930;-1;3;2;2;0;4;6;5;3;0;2;12;19;2;22;-4.104606301945716;12;2;2;4;2;6;6;24;0;0;13;22;-8.007491479374407;6;25;5;5;2;5;17;1;25;12;6;6;4;2;22;-3.9203418562996832;12;25;6;6;4;5;4;21;-5.786116309665294
TRACK:1941;1932;-1;3;2;2;0;4;6;5;3;0;2;9;19;2;22;-3.882010061719335;12;2;2;4;2;6;1;25;22;3.4857685603888036;0;0;17;22;-8.267655891140027;6;25;5;5;2;5;17;5;17;6;6;4;5;4;21;-6.1262017841533085;5;2;4;3;22;-9.270593182992986;6;1;17;23;-6.756653602112701;6;6;4;5;4;21;-5.99126572218018
TRACK:1942;1934;-1;3;2;2;0;4;0;6;0;3;23;-9.488572861022153;0;14;7;-8.218678421945722;3;5;0;15;7;-9.33913664294494;2;2;4;2;6;1;25;12;0;0;13;22;-8.11081080909185;6;25;5;5;2;5;17;5;17;6;6;4;5;4;21;-6.196060836949205;25;6;6;4;5;4;21;-6.097898862566362
TRACK:1943;1936;-1;3;0;1;1;3;2;0;1;1;1;17;17;3;13;3;2;13;14;3;6;5;18;6;6;4;2;9;20;-3.346686407090969;4;3;5;6;1;4;10;1;21;7.937808080936492;11;0;5;2;3;3;3;6;23;-5.201484660026794;0;1;5;5;15;6;1;19;22;2.339394766126887;0;4;2;20;0.36624365170951734;16;5;5;17;3;2;0;5;2;0;12;14;4;21;4.994018268799209;4;2;4;18;2;18;20;-1.0026550525348839;2;5;5;2;19;22;9.160307405398871;4;1;2;9;21;9.486705999713394;1;22;-4.727330760876043;19;2;1;4;3;3;2;2;0;9;15;1;16;14;4;6;17;4;4;0;5;3;0;10;7;4.192241252264372;3;6;3;7;-2.192820155744948;1;1;5;1;6;4;1;22;-8.898089841301733;24;5;1;5;21;2.7276117956417743;2;10;24;0;6;4;0;6;8;0;11;19;0;3;5;6;16;0;5;4;24;5;6;16;6;3;2;1;0;4;10;0;17;15;5;3;7;3.8631247684288397;2;3;6;19;3;0;13;21;-7.094436305352982
TRACK:1944;1938;-1;3;2;2;0;4;6;5;3;0;2;9;17;2;22;-3.680108153959633;12;2;2;4;2;6;22;-7.52989975996096;0;0;13;22;-7.7842729947186315;6;25;0;2;5;24;4;23;1.8861973262438596;2;5;8;3;18;6;6;4;5;4;21;-6.4404880788202625;25;6;6;4;5;4;21;-6.3466242573868
TRACK:1945;1931;-1;3;2;2;0;4;6;2;23;7.397471954141707;24;2;2;4;2;6;6;24;0;0;13;22;-8.16717377588477;6;25;5;5;2;5;17;5;19;6;6;4;5;4;21;-6.173244736604178;25;6;6;4;5;4;21;-5.789762094259794
TRACK:1946;1933;-1;3;2;2;0;4;6;6;4;5;4;21;-6.085773404376428;2;2;4;2;6;22;-7.507463945393766;0;0;13;22;-7.946205766968514;6;25;5;5;2;5;17;3;16;6;6;4;5;4;21;-6.181062250685728;25;6;5;4;0;6;15;4;12
TRACK:1947;1935;-1;3;2;2;0;4;6;5;3;0;1;13;10;2;22;-3.842690633467234;12;2;2;4;2;6;1;25;12;0;0;13;22;-8.063717577814018;6;25;5;5;2;5;17;5;17;6;2;9;19;25;6;6;4;5;4;21;-6.224008533096142
TRACK:1948;1937;-1;3;2;2;0;4;6;5;3;0;2;9;17;2;22;-3.6308211421175898;12;2;2;4;2;6;22;-7.523166192437048;2;9;19;5;4;3;0;24;9;6;6;2;4;5;12;5;6;15;25;6;6;4;5;4;21;-5.764966401212069
TRACK:1949;1939;-1;3;2;2;0;4;6;5;3;25;2;2;4;2;6;22;-7.391878463283823;0;0;13;22;-7.726040589377506;6;25;5;5;2;5;17;5;12;6;6;4;5;4;21;-6.073912997876906;3;6;1;0;6;6;15;2;3;21;6.166998361731462;1;23;-2.380900589704254;24;5;1;6;14;6;11;6;6;4;5;4;21;-6.529159282525864
EVAL_INSTANCE:97:0:1940
EVAL_INSTANCE:97:1:1941
EVAL_INSTANCE:97:2:1942
EVAL_INSTANCE:97:3:1943
EVAL_INSTANCE:97:4:1944
EVAL_INSTANCE:97:5:1945
EVAL_INSTANCE:97:6:1946
EVAL_INSTANCE:97:7:1947
EVAL_INSTANCE:97:8:1948
EVAL_INSTANCE:97:9:1949
RUN_RESULT:97:0:0:2000:----
RUN_RESULT:97:1:0:1140:UUUURRURDRDDDD
RUN_RESULT:97:2:0:1092:UUUURRURDRDDDD
RUN_RESULT:97:3:0:2000:----
RUN_RESULT:97:4:0:2000:----
RUN_RESULT:97:5:0:266:UUUURRURDRDDDD
RUN_RESULT:97:6:0:300:UUUURRURDRDDDD
RUN_RESULT:97:7:0:2000:----
RUN_RESULT:97:8:0:966:UUUURRURDRDDDD
RUN_RESULT:97:9:0:2000:----
    98 |      980 | -3.850000E+03 | -3.850000E+03
TRACK:1950;1803;1765;3;2;2;0;4;6;5;3;0;2;13;17;2;22;-3.6373976045995793;12;2;2;4;2;6;22;-7.595252485018173;0;0;13;22;-7.954156336809429;6;25;5;5;2;5;17;5;12;6;6;4;5;4;21;-6.102889043223404;25;6;6;4;5;4;21;-6.441632494978861
TRACK:1951;1803;1765;3;2;2;0;4;6;5;3;0;2;9;19;2;22;-4.030869506839794;12;2;2;4;2;6;6;24;0;0;13;22;-8.118295386252782;6;25;5;5;2;5;17;1;25;12;6;6;4;5;4;21;-6.30970692233116;25;6;6;4;5;12
TRACK:1952;1503;1847;3;2;2;0;4;6;5;3;0;2;9;19;2;22;-3.7648180921227867;12;2;2;4;2;6;1;25;12;0;0;10;22;-8.19087532016205;6;25;5;5;2;5;17;5;17;6;6;4;5;4;21;-6.095796418593517;25;6;6;4;5;4;21;-6.082533420810125
TRACK:1953;1503;1847;3;2;2;0;4;6;5;3;0;2;9;17;2;22;-3.6547830060252093;12;2;2;4;2;6;22;-7.550977012348729;0;0;13;22;-7.795928249346616;6;25;5;4;3;0;21;-6.1645010742782445;9;6;6;4;5;4;21;-6.095796418593517;25;6;6;4;5;4;21;-5.84632893810909
TRACK:1954;1381;1548;3;2;2;0;4;6;5;3;0;2;9;19;2;22;-3.871826082688454;12;2;2;4;2;6;1;25;12;0;0;13;22;-8.131053708982249;6;25;5;5;12;6;6;4;5;4;21;-6.156312972421576;25;6;6;4;5;4;21;-6.003254007099706
TRACK:1955;1381;1548;3;2;2;0;4;6;5;3;0;2;9;17;2;22;-3.6805762306948027;12;2;2;4;2;6;22;-7.683444547652846;0;0;13;22;-7.921189780643288;6;25;5;5;2;5;17;3;16;6;6;4;5;4;17;25;6;6;4;5;4;21;-6.347234238662744
TRACK:1956;1146;1381;3;2;2;0;4;6;5;3;0;2;9;17;2;22;-3.783150876551037;12;2;2;4;2;6;1;25;12;0;5;17;6;25;5;5;2;5;17;5;17;6;6;4;5;4;21;-6.04574841895601;25;6;6;4;5;4;21;-6.237760229672212
TRACK:1957;1146;1381;3;2;2;0;4;6;5;3;0;2;9;21;-6.237760229672212;2;22;-3.871826082688454;12;2;2;4;2;6;1;25;12;0;0;13;22;-8.131053708982249;6;25;5;5;2;5;17;5;17;6;6;4;5;4;21;-6.156312972421576;25;6;6;4;5;4;21;-6.003254007099706
TRACK:1958;1828;1503;3;2;2;0;4;6;5;3;0;2;9;19;2;22;-3.961786313881288;12;2;5;2;5;17;5;17;6;6;4;5;4;21;-6.125100811481259;25;6;6;4;5;4;21;-5.999317202980315
TRACK:1959;1828;1503;3;2;2;0;4;6;5;3;0;2;9;19;2;22;-3.7648180921227867;12;2;2;4;2;6;1;25;12;0;0;10;22;-8.19087532016205;6;25;5;5;2;5;17;5;17;6;6;4;5;4;21;-6.1645010742782445;25;6;6;4;5;5;17
TRACK:1960;1803;-1;3;2;2;0;4;6;5;3;0;2;9;17;2;22;-3.5874800986257678;12;2;2;4;2;6;22;-7.6842762688183965;0;0;13;22;-7.892329539434261;6;25;5;5;2;5;17;5;12;6;6;4;5;4;21;-6.112761953548274;25;6;6;0;25;9
TRACK:1961;1503;-1;3;2;2;0;4;6;5;3;0;2;9;19;2;22;-3.711953010590389;12;2;2;4;0;5;2;8;12;5;1;10;8;5;5;2;5;17;5;17;6;6;4;5;4;21;-6.130100361632101;25;6;6;4;5;4;21;-6.003312315638965
TRACK:1962;1954;-1;3;2;2;0;4;6;5;3;0;2;9;19;2;22;-3.888156361687206;12;2;2;4;2;6;1;25;12;0;0;13;22;-8.252636537780107;6;25;5;5;12;6;6;4;5;4;21;-5.987842856260878;25;6;6;4;1;5;3;5;13;4;4;2;7;5.209940049263244;8
TRACK:1963;1146;-1;3;2;2;0;4;6;5;3;0;2;9;17;2;22;-3.7852889348736505;12;2;2;4;2;6;1;25;12;0;0;13;22;-8.138482718556947;6;25;5;5;2;5;17;5;17;6;6;4;5;4;21;-6.08663957098415;25;3;2;3;3;6;5;1;17;11;4;1;5;0;0;17;13;3;19;1;0;0;9;8;3;14;5;5;10
TRACK:1964;1958;-1;3;2;2;0;4;6;5;3;0;2;9;19;2;22;-4.004205844911349;12;2;5;2;5;17;3;9;6;6;4;5;4;21;-6.181839387771727;25;6;6;4;5;4;21;-6.007122481616277
TRACK:1965;1765;-1;3;2;2;0;4;6;5;3;0;2;9;19;2;22;-4.059893697490002;12;2;2;4;2;6;6;24;0;0;13;22;-8.32402419719073;6;25;5;5;2;5;17;1;25;12;6;6;4;5;4;21;-6.320140464192506;25;6;6;4;6;3;4;18
TRACK:1966;1847;-1;3;2;2;0;4;6;5;3;0;2;9;17;2;22;-3.619637008984145;12;2;2;4;2;2;5;17;3;17;0;0;13;22;-7.913814361204919;6;25;5;4;3;0;24;9;6;6;4;5;4;21;-6.125677154746472;25;6;6;4;5;4;21;-5.8865085411828355
TRACK:1967;1955;-1;3;2;2;0;4;6;5;3;0;2;9;17;2;22;-3.5910219830130923;12;2;2;4;2;6;22;-7.585943199895694;0;0;13;22;-7.996920021454766;2;23;9.679057133025484;11;5;5;2;5;17;3;16;6;6;4;5;4;17;25;6;6;4;5;4;21;-6.317753154345986
TRACK:1968;1381;-1;3;2;2;0;4;6;5;3;0;2;9;19;2;22;-3.9108102027041256;12;2;2;4;2;6;1;25;12;0;0;13;22;-8.186832690165659;6;25;5;5;2;5;17;5;17;6;6;5;4;1;21;0.7696713620661715;22;5.193836446900384;25;6;6;4;5;4;21;-6.0456852862506345
TRACK:1969;1959;-1;3;2;2;0;4;6;5;3;0;2;9;19;2;22;-3.7383142034793906;12;2;2;5;5;1;1;12;8;3;18;5;5;2;5;17;5;17;6;6;4;5;4;21;-6.227480621322848;25;6;6;4;5;5;17
EVAL_INSTANCE:98:0:1960
EVAL_INSTANCE:98:1:1961
EVAL_INSTANCE:98:2:1962
EVAL_INSTANCE:98:3:1963
EVAL_INSTANCE:98:4:1964
EVAL_INSTANCE:98:5:1965
EVAL_INSTANCE:98:6:1966
EVAL_INSTANCE:98:7:1967
EVAL_INSTANCE:98:8:1968
EVAL_INSTANCE:98:9:1969
RUN_RESULT:98:0:0:986:LLUUUURRRRURDRDDDD
RUN_RESULT:98:1:0:2000:----
RUN_RESULT:98:2:0:978:UUUURRURDRDDDD
RUN_RESULT:98:3:0:966:UUUURRURDRDDDD
RUN_RESULT:98:4:0:977:UUUURRURDRDDDD
RUN_RESULT:98:5:0:966:UUUURRURDRDDDD
RUN_RESULT:98:6:0:150:UUUURRURDRDDDD
RUN_RESULT:98:7:0:986:UUUURRURDRDDDD
RUN_RESULT:98:8:0:2000:----
RUN_RESULT:98:9:0:971:UUUURRURDRDDDD
    99 |      990 | -3.850000E+03 | -3.850000E+03
TRACK:1970;1765;1847;3;2;2;0;4;6;5;3;0;2;9;19;2;22;-4.030869506839794;12;2;2;4;2;6;6;24;0;0;13;22;-8.118295386252782;6;25;5;5;2;5;17;1;25;12;6;6;4;5;4;21;-6.30970692233116;25;6;6;4;5;22;-3.6547830060252093
TRACK:1971;1765;1847;3;2;2;0;4;6;5;3;0;4;21;-6.30970692233116;2;22;-3.6547830060252093;12;2;2;4;2;6;22;-7.550977012348729;0;0;13;22;-7.795928249346616;6;25;5;4;3;0;24;9;6;6;4;5;4;21;-6.095796418593517;25;6;6;4;5;4;21;-5.84632893810909
TRACK:1972;1828;1503;3;2;2;0;4;6;5;3;0;2;9;19;2;22;-3.961786313881288;12;2;2;4;2;6;1;25;22;3.456156604181741;0;0;17;22;-8.069839154674678;6;9;5;5;2;5;17;5;17;6;6;4;5;4;21;-6.125100811481259;25;6;6;4;5;4;21;-5.999317202980315
TRACK:1973;1828;1503;3;2;2;0;4;6;5;3;0;2;9;19;2;22;-3.7648180921227867;12;2;2;4;2;6;1;25;12;0;0;10;22;-8.19087532016205;6;25;5;5;2;5;17;5;17;4;5;4;21;-5.999317202980315;25;6;6;4;5;4;21;-6.082533420810125
TRACK:1974;1721;1548;3;2;2;0;4;6;5;3;0;2;9;19;12;2;2;4;2;6;6;24;0;0;13;22;-8.229178519928713;6;25;5;5;2;5;17;5;17;6;6;4;5;4;21;-6.233819169915169;25;6;6;4;5;4;21;-5.890730419686865
TRACK:1975;1721;1548;3;2;2;0;4;6;5;3;0;2;9;17;2;22;-3.6805762306948027;12;2;4;21;-6.233819169915169;6;6;4;5;4;21;-6.2132471573331935;25;6;6;4;5;4;21;-6.347234238662744
TRACK:1976;1828;1721;3;2;2;0;4;6;5;3;0;2;9;19;2;22;-3.961786313881288;12;2;2;4;2;6;1;25;22;3.456156604181741;0;0;17;22;-8.069839154674678;6;25;4;21;-6.233819169915169;6;6;4;5;4;21;-6.125100811481259;25;6;6;4;5;4;21;-5.999317202980315
TRACK:1977;1828;1721;3;2;2;0;4;6;5;3;0;2;9;19;2;22;-3.8799418769494896;12;2;2;4;2;6;6;24;0;0;13;22;-8.229178519928713;6;25;5;5;2;5;17;5;17;21;-6.125100811481259;25;6;6;4;5;4;21;-5.890730419686865
TRACK:1978;1503;1446;3;2;2;0;4;6;5;3;0;2;9;19;2;22;-3.7648180921227867;12;2;2;4;2;6;1;25;12;0;0;10;22;-8.19087532016205;6;25;5;25;6;6;4;5;4;21;-6.1645010742782445;25;6;6;4;5;4;21;-6.082533420810125
TRACK:1979;1503;1446;3;2;2;0;4;6;5;3;0;2;9;19;2;21;-6.1645010742782445;17;2;2;4;2;6;1;25;12;0;0;13;22;-8.054028686899581;1;8;18;5;5;2;5;17;5;17;6;6;4;5;4;21;-6.088047941894797;25;6;6;4;5;4;21;-6.007422799347609
TRACK:1980;1765;-1;3;2;2;0;4;6;5;3;0;2;9;19;2;22;-4.070908966490734;12;2;2;4;2;6;6;24;0;0;13;22;-8.098219720835015;6;25;5;5;2;5;17;1;25;12;6;6;4;5;1;25;22;-0.7665230929150155;25;6;6;4;5;4;21;-5.957149901913226
TRACK:1981;1972;-1;3;2;2;0;4;6;5;3;0;2;9;19;2;22;-3.924049769890888;12;2;2;4;2;6;1;25;22;3.5259730772533104;0;0;17;22;-8.21333027848356;6;9;5;5;2;6;17;5;17;6;6;4;5;4;21;-6.258325580422596;25;6;6;4;5;4;21;-6.079427678052092
TRACK:1982;1974;-1;3;2;2;0;4;6;5;3;0;2;9;19;12;2;2;4;2;6;6;24;0;0;13;22;-8.151029979074673;6;25;5;5;2;5;17;5;17;6;6;4;5;4;21;-6.228832505683083;2;4;6;6;6;3;22;-4.275700063650829;4;4;6;0;4;10;0;9;11;6;6;4;5;4;21;-5.974879777540475
TRACK:1983;1828;-1;3;2;4;3;4;11;6;6;4;5;4;21;-6.1767900317436215
TRACK:1984;1978;-1;3;2;2;0;4;6;5;3;0;2;9;19;2;22;-3.820429843052127;12;2;2;4;2;6;1;25;12;0;0;24;22;-8.156276654155135;6;25;5;25;6;6;4;5;4;21;-6.058250076439229;25;6;6;4;5;4;21;-5.995810289909114
TRACK:1985;1847;-1;3;2;2;0;4;6;5;3;5;21;7.071489058582902;2;2;4;2;6;22;-7.55802199104905;0;0;13;22;-7.757724188021302;6;25;5;4;3;0;24;9;6;6;4;5;4;21;-6.003324678845378;25;6;6;4;5;4;21;-5.840841785273318
TRACK:1986;1973;-1;3;2;2;0;4;6;5;3;0;2;9;19;2;22;-3.732523493226751;12;2;2;4;2;6;1;25;12;0;0;10;22;-8.294273885834462;6;25;0;2;5;7;-2.8611415741003583;5;17;4;6;16;4;5;4;21;-6.123063963654084;25;6;6;4;5;4;21;-5.905960493277205
TRACK:1987;1975;-1;3;2;2;0;4;6;5;3;0;2;9;17;2;22;-3.688551261191788;12;2;4;21;-6.226618528127581;6;6;4;5;4;21;-6.000697974430301;25;6;6;4;5;4;1;6;0;25;14;3;0;19;18
TRACK:1988;1721;-1;3;2;2;0;4;6;5;3;0;2;9;19;2;22;-3.7170241396242556;12;2;2;4;2;6;6;24;0;0;13;22;-8.232969214526713;6;25;5;5;2;5;17;5;17;6;6;4;5;4;21;-6.349601557488153;25;6;6;4;6;0;2;2;21;-1.4165412139875304;15;6;21;7.5856163668257075;4;6;16
TRACK:1989;1979;-1;3;2;2;0;4;3;1;4;16;0;20;7.008964810629578;14;2;2;4;2;6;1;25;12;0;0;13;22;-8.1439224199879;1;8;18;5;5;2;5;17;5;17;6;6;4;5;4;21;-6.223000958934181;25;6;6;4;5;4;21;-6.177451342085957
EVAL_INSTANCE:99:0:1980
EVAL_INSTANCE:99:1:1981
EVAL_INSTANCE:99:2:1982
EVAL_INSTANCE:99:3:1983
EVAL_INSTANCE:99:4:1984
EVAL_INSTANCE:99:5:1985
EVAL_INSTANCE:99:6:1986
EVAL_INSTANCE:99:7:1987
EVAL_INSTANCE:99:8:1988
EVAL_INSTANCE:99:9:1989
RUN_RESULT:99:0:0:171:UUUURRURDRDDDD
RUN_RESULT:99:1:0:150:UUUURRURDRDDDD
RUN_RESULT:99:2:0:2000:----
RUN_RESULT:99:3:0:2000:----
RUN_RESULT:99:4:0:2000:----
RUN_RESULT:99:5:0:266:UUUURRURDRDDDD
RUN_RESULT:99:6:0:976:LLUUUURRRRURDRDDDD
RUN_RESULT:99:7:0:2000:----
RUN_RESULT:99:8:0:966:UUUURRURDRDDDD
RUN_RESULT:99:9:0:266:UUUURRURDRDDDD
   100 |     1000 | -3.850000E+03 | -3.850000E+03
TRAINING ON LEVEL:141
of 184 levels
---LEVEL STRING---
__________
_........_
_F12....._
_....3..._
_....V1.._
_........_
_........_
_...f.l.v_
_.....l.._
__________
---LEVEL STRING---
training done.
The time of execution is: 530.1107807159424 s

TRAINING DONE


-----!!!NEW PROBLEM!!!-----


START TESTING

LEVEL:0:______\n_K.2._\n_kSF._\n_bB1._\n_..fR_\n_1..._\n_3.r._\n_251O_\n_s.31_\n_o..2_\n______
LEVEL:1:________\n_......_\n_......_\n_.Sb.s._\n_.1..s._\n_.4b..1_\n_B12..3_\n_......_\n________
LEVEL:2:____________\n_.........._\n_.r....f..._\n_.....bssss_\n_.R.......F_\n_B1..f..b.1_\n_AO........_\n_.rssssssss_\n_.........F_\n_ss...R...1_\n_....B12W.3_\n_oS14...1.._\n____________
LEVEL:3:__________\n_F13....G_\n_..R15a.1_\n_.......0_\n_a.A.b.a._\n_....a..._\n_B....ggg_\n_1.a.ag.a_\n_2....g.f_\n__________
LEVEL:4:__________\n_.....B12_\n_.W......_\n_.1wwwww._\n_.6wf..w._\n_..w..kw._\n_F.wwwww._\n_1......._\n_3...bK17_\n__________
LEVEL:5:_________\n_....B18_\n_......._\n_...R..._\n_...1..._\n_...3..._\n_......._\n_....B12_\n_......._\n_.b..R.._\n_....1.._\n_r...9.._\n_......._\n_________
LEVEL:6:____________\n_G13wwwwK14_\n_w.o.okofow_\n_wo.o.o.o.w_\n_wko.o.o.ow_\n_wggggggggw_\n_w.o.o.o.ow_\n_wo.o.o.okw_\n_w.o.o.o.ow_\n_wo.obo.o.w_\n_K17wwwwB12_\n____________
LEVEL:7:____________\n_F13wwwwK14_\n_w.o.okofow_\n_wo.oko.o.w_\n_wko.o.o.ow_\n_wo.o.o.okw_\n_wko.o.o.ow_\n_wo.o.o.okw_\n_wko.o.o.ow_\n_wo.obo.o.w_\n_K17wwwwB12_\n____________
LEVEL:8:__________\n_B12....F_\n_1......1_\n_9lllL.f3_\n_..rl1..._\n_...l8..._\n_...lllll_\n_.br....._\n_....R15._\n__________
LEVEL:9:___________\n_rg9SkofVr_\n_GF.6WOV0A_\n_Fw0.3o6AB_\n_A5W..5A2l_\n_.WO5KlF.1_\n_441934sR2_\n_vF38vVb.k_\n_W4bAS.K1K_\n_kO9.W..21_\n_0Ba4o3.L2_\n_w9G.SG99v_\n_g9Br5Kkbk_\n_.l7RRG6r3_\n_LFffV..Gv_\n_ga8.ro1wr_\n_VWV7R..3._\n___________
LEVEL:10:__________\n_........_\n_....V12._\n_........_\n_...v...._\n_F.v.v..._\n_1..v...._\n_3......._\n_....f..._\n__________
LEVEL:11:__________\n_b....Vwv_\n_.....1ww_\n_.....3.._\n_........_\n_........_\n_.....BW._\n_.....11._\n_.....26._\n__________
LEVEL:12:__________\n_...K..3._\n_.f.k...._\n_kkkk...._\n_...kgkkk_\n_........_\n_G10...b._\n_.....B12_\n_K14..F13_\n__________
LEVEL:13:__________\n_..Bwwlll_\n_b.1wwlll_\n_..2wwlll_\n_...wwlll_\n_...wwlll_\n_W16....._\n_....F13._\n_s...wwwf_\n__________
LEVEL:14:__________\n_G10gl.f._\n_.aagl.l._\n_.R.gg.ll_\n_.b..gggl_\n_...a...a_\n_..r....5_\n_B12.1..._\n_F13a.L16_\n__________
LEVEL:15:__________\n_bW12..Fr_\n_........_\n_w.w.w..S_\n_.s...s.1_\n_..w.www4_\n_B.3s1..._\n_1.w.w..._\n_2.....Rf_\n__________
LEVEL:16:__________\n_bW12..Fr_\n_........_\n_w.w.w..S_\n_.s...s.1_\n_..w.www4_\n_B.3s1..S_\n_1.w.w..._\n_2.....Rf_\n__________
LEVEL:17:__________\n_.f......_\n_.......3_\n_kkkkgkkk_\n_...g.g.._\n_K14k.k.._\n_...k.kkk_\n_B12k..b._\n_F13....._\n__________
LEVEL:18:____________________\n_B.S14.O16.R15.B12._\n_1.F13.G16.V17....._\n_.Sv..............._\n_Rggggggggggggggggg_\n_1ggggggggggggggggg_\n_.F......gggggggggg_\n_ooo.......gggggggg_\n_wwwoo.......gggggg_\n_wwwwwoo.......gggg_\n_wwwwwwwoo..r......_\n_wwwwwwwwwoo.b....._\n_wwwwwwwwwwwooaaaaa_\n____________________
LEVEL:19:_________________\n_F13w.f.w.a...rw_\n_.a.wa...b.a.a.w_\n_wwrwwwww..wwwww_\n_...a...a....a.._\n_wwwwww.wwwwwwww_\n_.a.........ar.._\n_www.wwwwwwwwwww_\n_.a...a......ba._\n_..b......a....._\n_wwwwwwwwww.war._\n_k...a.....awwww_\n_wwwwwwwwwwwwB14_\n_R16wW16wK12wB17_\n_________________
LEVEL:20:__________\n_...s.V12_\n_v..s...._\n_..sssfss_\n_..s..s.._\n_F..s..s._\n_1.....s._\n_3..S14.._\n_........_\n__________
LEVEL:21:____________________\n_.Laallgg.......BG._\n_.1aallgg.......11._\n_.8aallgg.......90._\n_..aallgg.........._\n_..9allgg.......v.._\n_..aallgg.......V.._\n_b.2allgg.......1.._\n_llllllgg.......3.._\n_llllllgg.........._\n_gggggggg.........._\n_gggggggg.......B12_\n____________________
LEVEL:22:__________\n_........_\n_...b...._\n_........_\n_F......._\n_1.B.f..._\n_3.1....._\n_..2....._\n_........_\n__________
LEVEL:23:__________\n_........_\n_B...b..._\n_1......._\n_2......._\n_........_\n_..3...f._\n_F1....f._\n_........_\n__________
LEVEL:24:__________\n_S13....._\n_.......f_\n_...r...3_\n_........_\n_........_\n_F14..R12_\n_........_\n_......s._\n__________
LEVEL:25:_________________\n_....gg.....l..._\n_....gg.....l..._\n_....gg.....l..._\n_.b..gg.....l..._\n_....gg.....l..._\n_....gg.....l..._\n_....gg.....l..._\n_....gg.B12.l..f_\n_....gg.....l..._\n_K...gg.....l..._\n_B12.gg..k..l..._\n_....gg.....l..._\n_....gg.....l..._\n_....gg.G10.l..._\n_....gg.....l..._\n_....gg.....lF13_\n_....gg.....l..._\n_....gg.....lL14_\n_________________
LEVEL:26:__________\n_.ssss.s._\n_..ss.fv._\n_...as.v._\n_.F12.A.._\n_.....1.._\n_.....3.._\n_.ggg...._\n_.s......_\n__________
LEVEL:27:__________\n_glF13S12_\n_gksgggVV_\n_ggrrrrV2_\n_vggkgkVr_\n_vvgvvvVr_\n_vvvvvlVl_\n_vvvvvlVl_\n_vvvvl.fl_\n__________
LEVEL:28:__________\n_B12..VGF_\n_S.....1._\n_1.b.s35f_\n_4...sss._\n_........_\n_gggggggg_\n_...vv..._\n_........_\n__________
LEVEL:29:__________\n_V.2a..12_\n_B12avF.._\n_bv.a...._\n_aaaaaaaa_\n_...a...._\n_..2a.A.._\n_A16a1..._\n_.1.a2f3._\n__________
LEVEL:30:__________\n_K17....._\n_......O._\n_k.vwww.._\n_...wow.k_\n_...www.._\n_KV..W16._\n_11.O1.3._\n_42..k..._\n__________
LEVEL:31:___________________\n_B12w...ag...wG10._\n_wwww...gg...wW16._\n_..13...ga...wwwww_\n_.V15..agga......._\n_.R...araga.a....._\n_.....a.ggaaa....._\n_ggggggggaaaav...._\n_.v....agga......._\n_....b..aga......._\n_......agga......._\n___________________
LEVEL:32:__________\n_b.....f._\n_.....V12_\n_........_\n_F13....._\n_........_\n_........_\n_....v..._\n_........_\n__________
LEVEL:33:__________\n_........_\n_...bV12._\n_........_\n_........_\n_.B13...._\n_........_\n_........_\n_...vv..._\n__________
LEVEL:34:__________\n_...V13.._\n_v......._\n_........_\n_......b._\n_....B12._\n_........_\n_..V15..._\n_........_\n__________
LEVEL:35:__________\n_..F1.3.._\n_llllllll_\n_..L14..._\n_........_\n_........_\n_........_\n_........_\n_bB12...f_\n__________
LEVEL:36:__________\n_B12.F13._\n_........_\n_...sss.._\n_.b.sfs.._\n_...s...._\n_...s...._\n_........_\n_........_\n__________
LEVEL:37:__________\n_s..S..a._\n_k.o....l_\n_.g....b._\n_L.g..b.w_\n_g.s..fs._\n_....B..l_\n_b...1r.._\n_G13.2b.._\n__________
LEVEL:38:__________\n_.Rrbll.f_\n_L18.lll._\n_.5..ll.r_\n_..r.ll.1_\n_..r.ll.l_\n_.F..ll.B_\n_B19.ll.1_\n_r3r....2_\n__________
LEVEL:39:__________\n_A.2...bg_\n_1.G.3.a._\n_wwg1W16._\n_..12B12b_\n_........_\n_........_\n_........_\n_........_\n__________
LEVEL:40:__________\n_b..lsllf_\n_...lslll_\n_.S.lslll_\n_L18lslll_\n_.6.ls..._\n_F......._\n_1......._\n_3.B12..._\n__________
LEVEL:41:____________________\n_llllllff........L._\n_lgggglff........1._\n_lbggglff........5._\n_lg..glff.........._\n_lG15glff.........._\n_llllllff.........._\n_ffffwww..........._\n_ffff.............._\n_.................._\n_.........F.3......_\n_..B12.....1......._\n_.................._\n_.........k........_\n_....K12..........._\n_.................._\n_.................._\n_................7._\n_.................._\n____________________
LEVEL:42:__________\n_f.k.k.kk_\n_.B12F13._\n_k......k_\n_...b...._\n_k......k_\n_........_\n_k......k_\n_.K14K17._\n__________
LEVEL:43:__________\n_ffffffff_\n_W16....._\n_Bk......_\n_1.k...k._\n_2...k..._\n_w..wwwww_\n_...k...._\n_Kk.....k_\n_1k...k.._\n_7......._\n_w..wwwww_\n_........_\n_F13...k._\n_K..k...._\n_1......._\n_4...kk.b_\n__________
LEVEL:44:__________\n_FWwwwwww_\n_11wb.fww_\n_36wwwwww_\n_G10wgkww_\n_wwwwwwww_\n_wBKwwwww_\n_w11wwwww_\n_b2.kwwww_\n__________
LEVEL:45:___________\n_.F.w..V.._\n_o1.w.o1.._\n_.4.w.o2.o_\n_wwww.o..._\n_.ov...oWw_\n_.ov.o..1w_\n_..o.O186w_\n_foo..wF13_\n___________
LEVEL:46:____________________\n_W........wwwwwwwww_\n_1wwwwwwwww......Kw_\n_6wK17ooowwR1.O.81w_\n_Kwkooo3oww..3.1.9w_\n_1wkoooooww.......w_\n_4wo1kbkowwaaaaw.ww_\n_Awooooooww.....ww._\n_1woooooowwb..w..w._\n_9wwwwwwwwww.sw.ww._\n_Awwwwwwwwwwwlwwww._\n_1wb.....ww......w._\n_4wwwww.www.b.R..w._\n_Sw......ww.r.1..w._\n_1ww.wwwwww...5L.w._\n_4wrrrrrrww....1.w._\n_Bwrrfrrrww....8.w._\n_1wwwwwwwwwwwwwwww._\n_9R19F13L18R14B12.._\n____________________
LEVEL:47:______\n_fr.b_\n_F13w_\n_gggg_\n_wwww_\n_F17w_\n_R15w_\n_G10W_\n_B121_\n_W16W_\n______
LEVEL:48:__________\n_WSLlllll_\n_111llllk_\n_556llK12_\n_lllllB17_\n_lllllK1._\n_lllkklll_\n_lllwwlll_\n_FllssllF_\n_1......1_\n_3......3_\n_f......f_\n_........_\n_........_\n_oooggooo_\n_..o..o.._\n_GBo..oOS_\n_11ob.o11_\n_89o..o58_\n__________
LEVEL:49:____________________\n_Wwvvvvvvvfvvvvvvvv_\n_1wvvvvvvv.vvvvvvvv_\n_6wvvvvvvv.vvvvvvvv_\n_Fwvvvvvvv.vvvvvvvv_\n_1wvvvvvvv.vvvvvvvv_\n_3wvvvvvvvvvvvvvvvv_\n_Vwvvvvvvvvvvvvvvvv_\n_1wvvvvvvvvvvvvvvvv_\n_4wvvvvvvvvvvvvvvvv_\n_wwvvvvvvvvvvvvvvvv_\n_..............s..._\n_......r.r.....sS.._\n_...b..rrr.....s1.._\n_..B12..R......s4.._\n_.......1......s..._\n_.......5..O1O.s..._\n_..............w..._\n_..............w..._\n____________________
LEVEL:50:_______\n_bB12._\n_...F._\n_.fR15_\n_...3._\n_.r..._\n_______
LEVEL:51:________\n_rrrrrr_\n_rrrrrr_\n_rrbrrr_\n_rr.rRr_\n_r..B12_\n_r.3.6._\n________
LEVEL:52:____________\n_v......V12_\n_...f.....F_\n_.R.....b.1_\n_B12......3_\n_...S.S14.._\n____________
LEVEL:53:__________\n_bB1...2._\n_..fR1SF._\n_1...31s._\n_3.r..2.1_\n__________
LEVEL:54:_________\n_......._\n_....b.._\n_....s.._\n_......F_\n_.B12..1_\n_......3_\n_...S121_\n_________
LEVEL:55:____________\n_.........._\n_.b..S....._\n_.....712.._\n_.....O...._\n_.B........_\n_...b.....F_\n_.........1_\n_GokK12...3_\n_V......B1._\n_r........R_\n____________
LEVEL:56:________\n_......_\n_.b...._\n_......_\n_......_\n_.S...._\n_.1...._\n_.BB123_\n_.s...3_\n________
LEVEL:57:____________\n_B1.B.....B_\n_R1.......1_\n_..5....S12_\n_.........._\n_.r.....b.._\n_...L......_\n_......1..F_\n_..f......1_\n_......s..4_\n_F13......._\n____________
LEVEL:58:_______\n_F.B12_\n_1b..._\n_3...f_\n_..k.._\n_K17.._\n_______
LEVEL:59:____________\n_B12w.....S_\n_K12w.....1_\n_F16w....7._\n_wwww......_\n_G1........_\n_1.....s..._\n_.0.3.sbs.._\n_g.....s..g_\n_gg......gg_\n_ggg....ggg_\n____________
LEVEL:60:____________\n_B12......S_\n_Br.......1_\n_R..f.....F_\n_.........1_\n_G1.......3_\n_1.....s.f._\n_.0.3.sbs.F_\n_g.....s..g_\n_gg..13..gg_\n_ggg....ggg_\n____________
LEVEL:61:_________\n_.....B8_\n_......._\n_...R..._\n_..o1..._\n_......._\n_....B.._\n_......._\n_....rs._\n_..1SF.._\n_fB31s.._\n_F112o.._\n_......._\n_________
LEVEL:62:________\n_......_\n_......_\n_......_\n_......_\n_......_\n_......_\n_..B..._\n_..1..._\n_..2F13_\n_..b..._\n_......_\n_......_\n_f.F15._\n_......_\n_......_\n________
LEVEL:63:_____________\n_.....2....._\n_.b...F....._\n_....w.712.._\n_.B....O...._\n_....S.....F_\n_........S.1_\n_.....K12..._\n_.b.W......._\n_........s.._\n_.....B12s3k_\n_..........k_\n_____________
LEVEL:64:_________\n_Fw.f.wB_\n_1w...w1_\n_3wwwww2_\n_......._\n_..W16.._\n_......._\n_...b..._\n_________
LEVEL:65:____________\n_B13......F_\n_....f....1_\n_rrrR1Rrrr2_\n_........b._\n____________
LEVEL:66:____________\n_F13wwwwK14_\n_w.o.okofow_\n_wo.o.o.o.w_\n_wko.o.o.ow_\n_wo.o.o.o.w_\n_w.o.o.o.ow_\n_wo.o.o.okw_\n_w.o.o.o.ow_\n_wo.obo.o.w_\n_K17wwwwB12_\n____________
LEVEL:67:____________\n_.........._\n_llllllll.._\n_.....r...._\n_.........._\n_..b..r...._\n_.........._\n_gggggggg.._\n_W13..G17.._\n_.........._\n_B12......._\n____________
LEVEL:68:___________\n_B12w....._\n_wwww.brk._\n_.R......._\n_........._\n_ggggggggg_\n_.1......._\n_.5......._\n_........._\n_.K......._\n_........._\n_ggggggggg_\n_........._\n_......ooo_\n_wwww..ofo_\n_W16w..ooo_\n_G10w..F13_\n___________
LEVEL:69:__________\n_k....b.._\n_w....o.o_\n_sB123ggg_\n_.fR.oo.o_\n_.....bg._\n_.r..f..._\n_.s.bs..k_\n_..sg.www_\n__________
LEVEL:70:__________\n_...12..._\n_...r.ooo_\n_2...B11O_\n_......31_\n_s2.3...2_\n_........_\n_..R1..F1_\n_.....S14_\n__________
LEVEL:71:_______________\n_.l..gL16g..l._\n_.l..ggggg..l._\n_............._\n_............._\n_..l.......l.._\n_..l.......l.._\n_3....G10....3_\n_..l.......l.._\n_..l.......l.._\n_............._\n_............._\n_.l..ggggg..l._\n_.l..gL12g..l._\n_______________
LEVEL:72:__________\n_.kSFr..._\n_vbR1Sbb._\n_g..31skB_\n_r...2so8_\n_bss...a4_\n_FR...aa._\n_S1o....w_\n_W6R11oof_\n__________
LEVEL:73:__________\n_........_\n_....V12._\n_........_\n_........_\n_F.v.v..._\n_1..v...._\n_3......._\n_....f..._\n__________
LEVEL:74:__________\n_........_\n_....V12._\n_..v.v..._\n_..vvv..._\n_F.v.v..._\n_1..v...._\n_3......._\n_....f..._\n__________
LEVEL:75:__________\n_.....B12_\n_.W.14..._\n_.1wwwww._\n_.6wf..w._\n_..w..kw._\n_F.wwwww._\n_1......._\n_3...bK17_\n__________
LEVEL:76:____________\n_K..w.kwK14_\n_1...okkfow_\n_7...B12o.w_\n_s.k......._\n_.....R...._\n_w.www..W16_\n_w........._\n_..b...r..k_\n_w........._\n_..kwwwF13._\n____________
LEVEL:77:____________\n_K.kw.kwK14_\n_1...okkfo._\n_7.o.A12o.w_\n_s.2..r.o.._\n_.....R...._\n_w.www..W16_\n_w...o..o.._\n_..b...rbak_\n_w...5...o._\n_b.fwwwF13._\n____________
LEVEL:78:__________\n_...12..._\n_...rg1.._\n_........_\n_.s..wk2g_\n_F12.V7f._\n_w.F.v..._\n_3R25K..._\n_..v....._\n__________
LEVEL:79:__________\n_W16..R15_\n_.....R13_\n_..R....._\n_B1B12.ww_\n_......wr_\n_......ww_\n_........_\n_b....R19_\n__________
LEVEL:80:__________\n_W16..R15_\n_.....R13_\n_..R....._\n_B1B12.ww_\n_......wr_\n_......ww_\n_...R...._\n_bB1..R19_\n__________
LEVEL:81:__________\n_B1B....f_\n_1......._\n_2......._\n_........_\n_........_\n_.......F_\n_.......1_\n_b......3_\n__________
LEVEL:82:__________\n_V1V....B_\n_.......1_\n_V1.....2_\n_..F....._\n_........_\n_........_\n_........_\n_bv....7F_\n_.......1_\n_.......3_\n_wwwwwwww_\n_.v....W._\n_......1._\n_f.....6._\n__________
LEVEL:83:__________\n_B12..F13_\n_........_\n_........_\n_........_\n_.b....f._\n_........_\n_........_\n_........_\n__________
LEVEL:84:__________\n_.K14.B12_\n_.fow...._\n_2o.w...3_\n_..1.W..w_\n_..4...k._\n_....rr.._\n_........_\n_....bK17_\n__________
LEVEL:85:__________\n_l......._\n_...b...._\n_L1B....._\n_..1....._\n_..2F...._\n_.b.bB1Br_\n_........_\n_.f....13_\n__________
LEVEL:86:__________\n_bF132..G_\n_....g1.1_\n_..B12AO._\n_.RF13wwr_\n_a12....._\n_o.....WF_\n_......F1_\n_.....f.._\n__________
LEVEL:87:__________\n_W16w..s._\n_...wF..._\n_...w1..._\n_...w3..._\n_r..w...._\n_...wR.b._\n_S14wB12._\n_.1Fw...r_\n__________
LEVEL:88:__________\n_W16w..s._\n_.14wF..._\n_F..w1..._\n_...w3..._\n_..rw...._\n_...wR.b._\n_S14wB12._\n_.1Fw...r_\n__________
LEVEL:89:__________\n_........_\n_WW..W16._\n_11b.B12._\n_9W......_\n_........_\n_FL...www_\n_11...wll_\n_38...wlf_\n__________
LEVEL:90:________________\n_K17..........._\n_1....3........_\n_.4w.k...Ww...._\n_..l.....1....._\n_..lw.k.76Ww..._\n_..l..........._\n_lllllllll....._\n_......ll......_\n_.............._\n_b............._\n_L14........B12_\n________________
LEVEL:91:__________\n_...K.3.._\n_.f.k...._\n_kkkk...._\n_...kgkkk_\n_........_\n_G10...b._\n_.....B12_\n_K14..F13_\n__________
LEVEL:92:__________\n_.....b.s_\n_FBs....s_\n_f13....s_\n_.2..rrrr_\n_...r...._\n_...r.RF._\n_...r.11._\n_S14r.5.._\n__________
LEVEL:93:__________\n_.B1..ww._\n_s..S...f_\n_.w1ww4.._\n_.w.SF..1_\n_1.4.Bw.4_\n_3bww3w.._\n_.......s_\n_.W12.s.._\n__________
LEVEL:94:__________\n_........_\n_B12....._\n_S16....._\n_K13.b..._\n_G16....._\n_F16..v.v_\n_.....vsv_\n_V16..vkf_\n__________
LEVEL:95:___________\n_s...f...s_\n_.k.....k._\n_..k...k.._\n_...k.k..._\n_....k...._\n_....S14.._\n_........._\n_K17...K14_\n_B12.b.F13_\n___________
LEVEL:96:__________\n_.B1.sF13_\n_S142s..._\n_...fs..._\n_sssss..._\n_........_\n_.....17._\n_.B12..b._\n_........_\n__________
LEVEL:97:_________\n_....F13_\n_......._\n_..K...._\n_..1...._\n_.f2...._\n_......._\n_k......_\n_________
LEVEL:98:__________\n_........_\n_...F13.._\n_........_\n_.......v_\n_B.....a._\n_1......._\n_2..O...._\n_..k.fb.S_\n__________
LEVEL:99:__________\n_B12.gggf_\n_F13agggg_\n_R15.gggg_\n_G10.gggg_\n_.a......_\n_..r..rr._\n_..rrrrrr_\n_b..rr..._\n__________
LEVEL:100:__________\n_........_\n_........_\n_.B...k.._\n_1......._\n_wwwvwwww_\n_.b......_\n_........_\n_.....3.._\n_...K...._\n_....1..._\n_..7....._\n_........_\n_.......V_\n_.......1_\n_B12..W14_\n__________
LEVEL:101:__________\n_....B12b_\n_....b..._\n_.......F_\n_...1...1_\n_......12_\n_........_\n_gb...f.._\n_g......._\n_g1..Rr.._\n_gfRf12.k_\n_G.f36..._\n_.b.15..F_\n_G.f....1_\n_.......4_\n_K13....._\n__________
LEVEL:102:__________\n_........_\n_........_\n_.bf....._\n_......B._\n_......1._\n_.F13..2._\n_........_\n_........_\n__________
LEVEL:103:___________\n_oLoLBLoLo_\n_o1o111o1o_\n_w8w828w8w_\n_ooo131ooo_\n_L18oboooo_\n_oooowoOoo_\n_L18oWoL18_\n_oooo1oooo_\n_L14o6oo1L_\n___________
LEVEL:104:_______________\n_B12wwW16.F.13_\n_K14ww.......k_\n_1bG.w.....k.._\n_7.1ww.w.....k_\n_f.4ww.....k.._\n_gggww..k....._\n_gggwwk......._\n_gggww..k....._\n_gggwwk......._\n_k..www..k...k_\n_..k..www..k.._\n_k......w...kw_\n_wwwwww...wwww_\n_______________
LEVEL:105:___________\n_B19L18F13_\n_1wwwwwwwW_\n_2w..b..w1_\n_ww.....w6_\n_..A....wA_\n_a.1.a..w1_\n_...5...w9_\n_.llllllll_\n_.llllllll_\n_.....l..._\n_.V1.vl.f._\n_.1...l..._\n_..2.lllll_\n___________
LEVEL:106:__________\n_.f......_\n_........_\n_kkkkkgkk_\n_B12....._\n_........_\n_G10....._\n_..F13..._\n_......b._\n__________
LEVEL:107:__________\n_.....L14_\n_.llK14wF_\n_.Wrb...1_\n_.ww....3_\n_.ww....._\n_.R1....._\n_........_\n_.1F..B12_\n__________
LEVEL:108:__________\n_b....V.B_\n_.....1.1_\n_..3..9.2_\n_.F...s.._\n_S14sss.._\n_........_\n_........_\n_....f..k_\n__________
LEVEL:109:______________\n_l.bFk...l..._\n_l.B12...l..._\n_l.k42....l.._\n_ll...R..rl2._\n_.1l......l.._\n_..llKl.lll.._\n_.k..1......._\n_....8.f..4.._\n_..2........._\n_..F1.9..K12._\n_...3........_\n_............_\n______________
LEVEL:110:__________\n_B12...fO_\n_...3...._\n_.b......_\n_F......o_\n_1......l_\n_L1......_\n_3......._\n_........_\n__________
LEVEL:111:__________\n_.2......_\n_S..b...._\n_..B....._\n_ww1....._\n_W1......_\n_.F12ss.._\n_....B123_\n_.f.....3_\n__________
LEVEL:112:__________\n_b....F13_\n_l..W16.._\n_llwlllll_\n_.....V.._\n_gggG..12_\n_v.g1.L18_\n_f.g0...._\n_ggg..B12_\n__________
LEVEL:113:______\n_...._\n_.r.._\n_...f_\n_R12._\n_..F._\n_..1._\n_..3._\n_...._\n_...._\n______
LEVEL:114:___________\n_B12aab..._\n_.......A._\n_.......1._\n_F13....7._\n_ggggggggg_\n_ggwwwwwgg_\n_www.f.www_\n_W16.k.G14_\n___________
LEVEL:115:__________\n_........_\n_........_\n_..F12..._\n_........_\n_....31A._\n_fff....._\n_..f....._\n_a.f....._\n__________
LEVEL:116:__________\n_........_\n_.......o_\n_..f....._\n_........_\n_...K13.._\n_.r.g..B._\n_..w...1._\n_...b..2k_\n__________
LEVEL:117:__________\n_B1.awB12_\n_f.o..12._\n_b....rg1_\n_1......._\n_3..Rrr.5_\n_....r..l_\n_g7.w.Ar._\n_K2.k..or_\n__________
LEVEL:118:__________\n_B12..F13_\n_1......._\n_9......._\n_..rb.9.._\n_........_\n_..R..5.._\n_..1....v_\n_V18...vf_\n__________
LEVEL:119:__________\n_b......B_\n_..1.R..1_\n_.R...5.2_\n_........_\n_.0.rrr.._\n_gggggggg_\n_gg...G10_\n_fg...F13_\n__________
LEVEL:120:__________\n_........_\n_S12.B..._\n_S..1..2._\n_........_\n_K.....s._\n_...b...._\n_........_\n_3......._\n__________
LEVEL:121:__________\n_........_\n_.b......_\n_..B....._\n_..1....._\n_..2....._\n_..3....._\n_.Ss....._\n_........_\n__________
LEVEL:122:__________\n_b......._\n_........_\n_...f...._\n_B......._\n_1......._\n_2......._\n_l......._\n_ff.lF13._\n__________
LEVEL:123:__________\n_....B12._\n_....F13._\n_k.b....._\n_....K1.._\n_....fR.._\n_........_\n_........_\n_....r..._\n__________
LEVEL:124:__________\n_........_\n_...b...._\n_........_\n_........_\n_..B...F._\n_..1...1._\n_..2...3._\n_........_\n_........_\n_.......f_\n_........_\n__________
LEVEL:125:__________\n_........_\n_b......._\n_........_\n_...r...._\n_..R12..._\n_.....F.f_\n_.....1.._\n_.....3.._\n__________
LEVEL:126:__________\n_..B12..._\n_........_\n_....F..._\n_..fR15.._\n_b...3..._\n_........_\n_........_\n_..r....._\n__________
LEVEL:127:__________\n_F13....._\n_........_\n_........_\n_.b......_\n_........_\n_...B12.._\n_........_\n_f......._\n__________
LEVEL:128:__________\n_....LLLr_\n_1...LLL._\n_F......._\n_.......F_\n_.......1_\n_.......3_\n_..Rb...._\n_.....B12_\n__________
LEVEL:129:__________\n_......13_\n_..W16..._\n_...B1B.._\n_..B1...._\n_..12...._\n_wwb....._\n_........_\n_........_\n__________
LEVEL:130:_______________\n_......w......_\n_......r..R15._\n_..g.ggr.w...._\n_..g...r...w.._\n_g.rrr.rrk...._\n_.....rK14...._\n_.r.w...r..k.._\n_..r.w.r..ggrg_\n_.bwwwwr.W16r._\n_.wr.rrrwr..k._\n_.w...gw.r..k._\n_.w.f.g..r...._\n_.wr.....r...._\n_B12G10..r.F13_\n_______________
LEVEL:131:_______________\n_......w......_\n_......r..R15._\n_..g.ggr.w...._\n_..g...r...w3._\n_g.rrr.rrk...._\n_.....rK14...._\n_.r.w...r..k.._\n_..r.w.r..ggrg_\n_.bwwwwr.W16r._\n_.wr.rrrwr..k._\n_.w...gw.r..k._\n_.w.f.g..r...._\n_.wr.....r...._\n_B12G10..r.F13_\n_______________
LEVEL:132:__________\n_.......f_\n_........_\n_.k......_\n_..k....._\n_b..k...._\n_.....F13_\n_B12....._\n_........_\n__________
LEVEL:133:__________\n_........_\n_........_\n_llllllll_\n_L.....B._\n_1...b.1._\n_8.....9._\n_........_\n_B12..F13_\n__________
LEVEL:134:_______________\n_b........wF19_\n_G.R.B.R.SwV18_\n_1.R.1.1.1wV17_\n_6.R.2.5.6wF13_\n_...r.r...wW16_\n_.........wG1G_\n_....g....wS1S_\n_wwwwswwwwwwww_\n_vg..f..svw..._\n_______________
LEVEL:135:__________\n_......F._\n_f......o_\n_..b....f_\n_......R._\n_.r....11_\n_.1OB12.._\n_1..b...._\n_3......._\n__________
LEVEL:136:__________\n_........_\n_b.....b._\n_.....b.._\n_...r...._\n_..R12..._\n_.....F.f_\n_.b...1.._\n_.....3.._\n__________
LEVEL:137:__________\n_F13....._\n_........_\n_........_\n_.b......_\n_........_\n_.....B12_\n_........_\n_f......._\n__________
LEVEL:138:__________\n_......BF_\n_.b....11_\n_....R.23_\n_1..5.r.._\n_.....r.._\n_gggggggg_\n_gggggggg_\n_gggggfgg_\n__________
LEVEL:139:__________\n_V.2a..12_\n_B12avF.._\n_bv.a...._\n_aaaaaaaa_\n_...a...._\n_r.Ra.A.._\n_A16a1..._\n_A1032f3._\n__________
LEVEL:140:__________\n_F13....f_\n_....llV._\n_....ll1l_\n_....ll2l_\n_...lll.l_\n_...lllll_\n_.v......_\n_........_\n__________
LEVEL:141:__________\n_........_\n_F12....._\n_....3..._\n_....V1.._\n_........_\n_........_\n_...f.l.v_\n_.....l.._\n__________
LEVEL:142:__________\n_....w.b._\n_....w..w_\n_B13.w.ww_\n_........_\n_F12.fff._\n_........_\n_....W15._\n_........_\n__________
LEVEL:143:__________\n_G......._\n_1..L14.._\n_0......F_\n_.......1_\n_.b.....3_\n_ggg....._\n_llg.B12._\n_fl......_\n__________
LEVEL:144:__________\n_bB1...2._\n_..fR1SF._\n_1...31s._\n_3.s..2.1_\n__________
LEVEL:145:__________\n_......wf_\n_W15..w.._\n_.....w.w_\n_.B12w.w._\n_.....w.._\n_...b..ww_\n_F13...w._\n_......w._\n__________
LEVEL:146:____________\n_A18wa....._\n_B19ww..a.._\n_1ssswa..a._\n_2K13wV13a._\n_wwwww..a.._\n_aaaaa...a._\n_a....aaVav_\n_..aa.aa1av_\n_a.ba.a.8av_\n_aaaa...akv_\n____________
LEVEL:147:__________\n_...w..w._\n_..w.fw.._\n_V12..v.w_\n_....w.w._\n_..ww...w_\n_F13.w.v._\n_.b.v...._\n_....W15._\n__________
LEVEL:148:__________\n_.....w.._\n_F13v...._\n_..V1..w._\n_.b..2..._\n_.W15...w_\n_.w...w.._\n_....w..._\n_B12.w.f._\n__________
LEVEL:149:__________\n_fwwwwwGF_\n_ggwwww11_\n_ggrwww03_\n_g...wwwW_\n_r....ww1_\n_.W19.R16_\n_.O18.1ww_\n_bB12b5.w_\n__________
LEVEL:150:__________\n_.......4_\n_.b..v.gb_\n_..lBOrv._\n_O131..F._\n_.sf2..f._\n_..w...bl_\n_...g.v.._\n_A.of.f.9_\n__________
LEVEL:151:__________\n_.B......_\n_.1..F13O_\n_.2bR...._\n_........_\n_......a._\n_........_\n_........_\n_...f...._\n__________
LEVEL:152:____________________\n_BWw..............._\n_11w.....G10......._\n_26w..wwwwwwww....._\n_www..woooooow....._\n_.....wooR15ow....._\n_.....woooooow....._\n_.....woborrow....._\n_.....woooooow....._\n_..wwwwwggggwwwww.._\n_..w............w.._\n_..w............w.._\n_..w............w.._\n_..wggg.........w.._\n_..wggg.....F13.w.._\n_..wfgg.........w.._\n_..wwwwwwwwwwwwww.._\n_.................._\n_.................._\n____________________
LEVEL:153:__________\n_L1.....O_\n_1......1_\n_8......9_\n_........_\n_F15.V12._\n_w.l.Kv.._\n_3.2.V..k_\n_.......k_\n__________
LEVEL:154:__________\n_B1gg..kb_\n_...v...._\n_......f3_\n_a3V12..._\n_........_\n_.g......_\n_K1.G...._\n_B1...F13_\n__________
LEVEL:155:__________\n_B12..G10_\n_...f...._\n_........_\n_gggggggg_\n_b......._\n_.....r.._\n_........_\n_F13..R15_\n__________
LEVEL:156:__________\n_.R.bll.f_\n_L18.lll._\n_.5..ll.r_\n_..r.ll.1_\n_..r.ll.l_\n_.F..ll.B_\n_B19.ll.1_\n_.3.....2_\n__________
LEVEL:157:__________\n_V12.r..._\n_R.rr2rw._\n_1r....wg_\n_4.ggrrwv_\n_gggF13aa_\n_r.gggggg_\n_a..rarar_\n_fargrara_\n__________
LEVEL:158:__________\n_B12..G10_\n_........_\n_gg..b.1._\n_Fgsr.r5._\n_.gsr.R.._\n_.gs....._\n_.gssss.._\n_.13S141F_\n__________
LEVEL:159:__________\n_B12..G10_\n_sss....._\n_gg..b.1._\n_Fgsr.r5._\n_.gsr.R.._\n_.gs....._\n_.gssss.._\n_.13S141F_\n__________
LEVEL:160:__________\n_kBK.w.b._\n_..1ww..._\n_..2w...._\n_wwww..V._\n_......1._\n_......3._\n_W18....._\n_.....B19_\n__________
LEVEL:161:__________\n_BK13gggG_\n_1rrrggR1_\n_2rbrgR16_\n_.rrrgg7g_\n_.ggggrgg_\n_.ggggggg_\n_.g..rggr_\n_.r.r.r.k_\n__________
LEVEL:162:__________\n_bwawaB12_\n_wawawawa_\n_awawawaw_\n_wawawawa_\n_awawawaw_\n_wawawawa_\n_awawawaw_\n_F13awawf_\n__________
LEVEL:163:__________\n_........_\n_.aaaaa.1_\n_.aabaa.3_\n_.aaaaa.._\n_........_\n_.A......_\n_.1......_\n_.2...B12_\n__________
LEVEL:164:__________\n_KRg...rs_\n_11.g..rr_\n_45.gg..._\n_.B13g..._\n_....wS12_\n_L...l..._\n_1.kkl.k._\n_0b.ll.k._\n__________
LEVEL:165:__________\n_VB12...3_\n_1o..o..._\n_4o..vK16_\n_oo.o...._\n_vobo.kk._\n_..o....._\n_..v..v.._\n_........_\n__________
LEVEL:166:__________\n_wfkwwwww_\n_lwwlwwlw_\n_sllsllsl_\n_.s......_\n_....b.s._\n_W16F13.._\n_..B19S14_\n_L18..B12_\n__________
LEVEL:167:__________\n_kk.k.kkk_\n_llo..o.k_\n_.lo..o.k_\n_.loooo.k_\n_.llll..k_\n_..looooo_\n_..lollll_\n_..lollll_\n_....llll_\n_........_\n_........_\n_L16....._\n_........_\n_........_\n_BK13...._\n_1......._\n_2.K17..._\n_b......._\n__________
LEVEL:168:_____________\n_..wwB12ww.._\n_..........._\n_..wwrwrww.._\n_..w.....w.._\n_W.Rw.b.wR.B_\n_1.w.....w.1_\n_6.w.....w.2_\n_w.w.......w_\n_w1.ww.ww.1w_\n_.........3._\n_..wwR15w..._\n_____________
LEVEL:169:_____________\n_B12F13fL17._\n_..........._\n_l.l.ll.ll.._\n_..........._\n_l.l..l..l.._\n_l..l..l...._\n_.l.....l.l._\n_ll.l.l.l..l_\n_..........._\n_..........._\n_b...B19.L18_\n_____________
LEVEL:170:__________\n_..b....._\n_B12.www._\n_K1.w.k.w_\n_...w...w_\n_....w.wF_\n_....wfw1_\n_.....w.3_\n_W17....._\n__________
LEVEL:171:_____________\n_B12S14F13ww_\n_S17O14W16bw_\n_wwwwwwwww.w_\n_wwwwww..osw_\n_wwwww..os.w_\n_wwww...so.w_\n_www...so..w_\n_ww.....so.w_\n_w......os.w_\n_........osw_\n_.......os.w_\n_w......so.w_\n_ww....so..w_\n_www....so.w_\n_wwww...os.w_\n_wwwww...osw_\n_wwwwww.os.w_\n_wwwwwwwwwfw_\n_____________
LEVEL:172:____________________\n_S16.........wwww.._\n_............wBFw.._\n_............w11w.._\n_............w23w.._\n_............wwww.._\n_...wwwwwwwww......_\n_...wosooooow......_\n_...wooooooow......_\n_...wooobosow......_\n_...wsooooosw......_\n_...woosoooow......_\n_...wwwwwwwww......_\n_.................._\n_.......f.........._\n_.................._\n_.................._\n_.................._\n_.................._\n____________________
LEVEL:173:__________\n_B12oo.b._\n_ooooo.F._\n_sosoo.1._\n_ofooo.3._\n_sosoo..._\n_oooooooo_\n_ooooO14o_\n_oooooooo_\n__________
LEVEL:174:____________________\n_wwowwf....Kwbwwow._\n_wB12wwF13.1w.wooWw_\n_wwbww.o.oA12.oo.1w_\n_LRwwV....o3o.wwo6r_\n_11.Br1......kwwwwg_\n_451.3..llll..wwwgg_\n_..4lwgwlllllllwwwg_\n_llllwvwllllllwK17w_\n____________________
LEVEL:175:__________\n_bsfgalro_\n_kwoBSFWA_\n_ROKGV213_\n_6750489w_\n_w.....ww_\n_w.wwwwWw_\n_w...vw1w_\n_B12V136w_\n__________
LEVEL:176:____________________\n_W........wwwwwwwww_\n_1wwwwwwwww......Kw_\n_6woooooowwR1.O.81w_\n_Kwooo3koww..3.1.9w_\n_1wkoooooww.......w_\n_4wo1kbkowwaaaaw.ww_\n_Awooooooww....oww._\n_1wK17ooowwb..woow._\n_9wwwwwwwwww.swoww._\n_Awwwwwwwwwwwlwwww._\n_1wb.....ww......w._\n_4wwwww.www.b.R..w._\n_Sw......ww.r.1..w._\n_1ww.wwwwww...5L.w._\n_4wrrrrrrww....1.w._\n_Bwrrfrrrww....8.w._\n_1wwwwwwwwwwwwwwww._\n_9R19F13L18R14B12.._\n____________________
LEVEL:177:__________\n_........_\n_S2..B12._\n_w...s..._\n_...7wooo_\n_.1.vooVo_\n_.3vbW1.6_\n_...voo2o_\n_V14.oO16_\n__________
LEVEL:178:____________________\n_WR1R.....wwwwwwwww_\n_1wwwwwwwww......Kw_\n_6wK17ooowwR1.O.81w_\n_Kwkooo3oww..3.1.9w_\n_1wkoooooww.......w_\n_4wo1kbkowwaaaaw.ww_\n_Awooooooww.....ww._\n_1woooooowwb..w..w._\n_9wwwwwwwwww.sw.ww._\n_Awwwwwwwwwwwlwwww._\n_1wb.....ww......w._\n_4wwwww.www.b.R..w._\n_Sw......ww.r.1..w._\n_1ww.wwwwww...5L.w._\n_4wrrrrrrww....1.w._\n_Bwrrfrrrww....8.w._\n_1wwwwwwwwwwwwwwww._\n_9R19F13L18R14B12.._\n____________________
LEVEL:179:__________\n_KF13K1K._\n_1f......_\n_4.wwwwwk_\n_B.wK1b.._\n_1.waA.6._\n_2WwvV.2._\n_w1wgG.0._\n_w6wlL.8._\n__________
LEVEL:180:____________________\n_S14W16...........V_\n_B12V18ww.........1_\n_G14S19..w........5_\n_.w.w..ww.........._\n_...www............_\n_.................._\n_.................._\n_....wwwwsw........_\n_...w.vb..w........_\n_..w..b...w........_\n_...w..b..w........_\n_....wwwwww........_\n_.................._\n_...O15........gggg_\n_...F13....gggggggg_\n_.........gggoooooo_\n_......ggggggoooooo_\n_..ggggggggggooooof_\n____________________
LEVEL:181:____________\n_L.kwB..K1r_\n_w.r..3.fos_\n_wS1.....s1_\n_g.r.W1..s4_\n_W.b......._\n_kk..rb.ff5_\n_9.B12....G_\n_.b.f.swgw1_\n_g.o...oO.0_\n_v.wwoRF1.f_\n____________
LEVEL:182:__________\n_K14....._\n_1k..k..._\n_.boL..k._\n_.A15..aa_\n_.b....b._\n_k...F.k._\n_..k.1..._\n_B12.lf13_\n__________
LEVEL:183:____________________\n_Wwvvvvvvvfvvvvvvvv_\n_1wvvvvvvv.vvvvvvvv_\n_6wvvvvvvv.vvvvvvvv_\n_Fwvvvvvvv.vvvvvvvv_\n_1wvvvvvvv.vvvvvvvv_\n_3wvvvvvvvvvvvvvvvv_\n_Vwvvvvvvvvvvvvvvvv_\n_1wvvvvvvvvvvvvvvvv_\n_4wvvvvvvvvvvvvvvvv_\n_wwvvvvvvvvvvwwwwww_\n_............r....._\n_............rRK.B._\n_...b..sss...r11.1._\n_..B12..S....r457.._\n_..B12..1....r....._\n_.......5....kw...._\n_.O1O........ww...._\n_............w....._\n____________________
BATCH:-1:0:0
BATCH:-1:1:1
BATCH:-1:2:2
BATCH:-1:3:3
BATCH:-1:4:4
BATCH:-1:5:5
BATCH:-1:6:6
BATCH:-1:7:7
BATCH:-1:8:8
BATCH:-1:9:9
BATCH:-1:10:10
BATCH:-1:11:11
BATCH:-1:12:12
BATCH:-1:13:13
BATCH:-1:14:14
BATCH:-1:15:15
BATCH:-1:16:16
BATCH:-1:17:17
BATCH:-1:18:18
BATCH:-1:19:19
BATCH:-1:20:20
BATCH:-1:21:21
BATCH:-1:22:22
BATCH:-1:23:23
BATCH:-1:24:24
BATCH:-1:25:25
BATCH:-1:26:26
BATCH:-1:27:27
BATCH:-1:28:28
BATCH:-1:29:29
BATCH:-1:30:30
BATCH:-1:31:31
BATCH:-1:32:32
BATCH:-1:33:33
BATCH:-1:34:34
BATCH:-1:35:35
BATCH:-1:36:36
BATCH:-1:37:37
BATCH:-1:38:38
BATCH:-1:39:39
BATCH:-1:40:40
BATCH:-1:41:41
BATCH:-1:42:42
BATCH:-1:43:43
BATCH:-1:44:44
BATCH:-1:45:45
BATCH:-1:46:46
BATCH:-1:47:47
BATCH:-1:48:48
BATCH:-1:49:49
BATCH:-1:50:50
BATCH:-1:51:51
BATCH:-1:52:52
BATCH:-1:53:53
BATCH:-1:54:54
BATCH:-1:55:55
BATCH:-1:56:56
BATCH:-1:57:57
BATCH:-1:58:58
BATCH:-1:59:59
BATCH:-1:60:60
BATCH:-1:61:61
BATCH:-1:62:62
BATCH:-1:63:63
BATCH:-1:64:64
BATCH:-1:65:65
BATCH:-1:66:66
BATCH:-1:67:67
BATCH:-1:68:68
BATCH:-1:69:69
BATCH:-1:70:70
BATCH:-1:71:71
BATCH:-1:72:72
BATCH:-1:73:73
BATCH:-1:74:74
BATCH:-1:75:75
BATCH:-1:76:76
BATCH:-1:77:77
BATCH:-1:78:78
BATCH:-1:79:79
BATCH:-1:80:80
BATCH:-1:81:81
BATCH:-1:82:82
BATCH:-1:83:83
BATCH:-1:84:84
BATCH:-1:85:85
BATCH:-1:86:86
BATCH:-1:87:87
BATCH:-1:88:88
BATCH:-1:89:89
BATCH:-1:90:90
BATCH:-1:91:91
BATCH:-1:92:92
BATCH:-1:93:93
BATCH:-1:94:94
BATCH:-1:95:95
BATCH:-1:96:96
BATCH:-1:97:97
BATCH:-1:98:98
BATCH:-1:99:99
BATCH:-1:100:100
BATCH:-1:101:101
BATCH:-1:102:102
BATCH:-1:103:103
BATCH:-1:104:104
BATCH:-1:105:105
BATCH:-1:106:106
BATCH:-1:107:107
BATCH:-1:108:108
BATCH:-1:109:109
BATCH:-1:110:110
BATCH:-1:111:111
BATCH:-1:112:112
BATCH:-1:113:113
BATCH:-1:114:114
BATCH:-1:115:115
BATCH:-1:116:116
BATCH:-1:117:117
BATCH:-1:118:118
BATCH:-1:119:119
BATCH:-1:120:120
BATCH:-1:121:121
BATCH:-1:122:122
BATCH:-1:123:123
BATCH:-1:124:124
BATCH:-1:125:125
BATCH:-1:126:126
BATCH:-1:127:127
BATCH:-1:128:128
BATCH:-1:129:129
BATCH:-1:130:130
BATCH:-1:131:131
BATCH:-1:132:132
BATCH:-1:133:133
BATCH:-1:134:134
BATCH:-1:135:135
BATCH:-1:136:136
BATCH:-1:137:137
BATCH:-1:138:138
BATCH:-1:139:139
BATCH:-1:140:140
BATCH:-1:141:141
BATCH:-1:142:142
BATCH:-1:143:143
BATCH:-1:144:144
BATCH:-1:145:145
BATCH:-1:146:146
BATCH:-1:147:147
BATCH:-1:148:148
BATCH:-1:149:149
BATCH:-1:150:150
BATCH:-1:151:151
BATCH:-1:152:152
BATCH:-1:153:153
BATCH:-1:154:154
BATCH:-1:155:155
BATCH:-1:156:156
BATCH:-1:157:157
BATCH:-1:158:158
BATCH:-1:159:159
BATCH:-1:160:160
BATCH:-1:161:161
BATCH:-1:162:162
BATCH:-1:163:163
BATCH:-1:164:164
BATCH:-1:165:165
BATCH:-1:166:166
BATCH:-1:167:167
BATCH:-1:168:168
BATCH:-1:169:169
BATCH:-1:170:170
BATCH:-1:171:171
BATCH:-1:172:172
BATCH:-1:173:173
BATCH:-1:174:174
BATCH:-1:175:175
BATCH:-1:176:176
BATCH:-1:177:177
BATCH:-1:178:178
BATCH:-1:179:179
BATCH:-1:180:180
BATCH:-1:181:181
BATCH:-1:182:182
BATCH:-1:183:183
EVAL_INSTANCE:0:0:1981
RUN_RESULT:0:0:0:2000:----
RUN_RESULT:0:0:1:2000:----
RUN_RESULT:0:0:2:42:DLD
RUN_RESULT:0:0:3:2000:----
RUN_RESULT:0:0:4:2000:----
RUN_RESULT:0:0:5:2000:----
RUN_RESULT:0:0:6:24:RRUUUU
RUN_RESULT:0:0:7:2000:----
RUN_RESULT:0:0:8:2000:----
RUN_RESULT:0:0:9:13:DDDRDRDDRRDR
RUN_RESULT:0:0:10:3:DDD
RUN_RESULT:0:0:11:41:RRRRDDDRDRRDLU
RUN_RESULT:0:0:12:830:ULLLLDURRUUUULLDL
RUN_RESULT:0:0:13:42:DDDDDRDRRRRRR
RUN_RESULT:0:0:14:2000:----
RUN_RESULT:0:0:15:1223:UUUURLDLL
RUN_RESULT:0:0:16:1144:UUUURLDLL
RUN_RESULT:0:0:17:22:LLUUUUULLLU
RUN_RESULT:0:0:18:2000:----
RUN_RESULT:0:0:19:2000:----
RUN_RESULT:0:0:20:2000:----
RUN_RESULT:0:0:21:2000:----
RUN_RESULT:0:0:22:4:RDDD
RUN_RESULT:0:0:23:55:LLDDDDRRRR
RUN_RESULT:0:0:24:284:URRRDDRULULLLLLLDDDDDRDRRURRRD
RUN_RESULT:0:0:25:2000:----
RUN_RESULT:0:0:26:15:ULLDD
RUN_RESULT:0:0:27:2000:----
RUN_RESULT:0:0:28:2000:----
RUN_RESULT:0:0:29:419:RURULURDDRRULDLUURRDLUULDDRUR
RUN_RESULT:0:0:30:2000:----
RUN_RESULT:0:0:31:2000:----
RUN_RESULT:0:0:32:54:URRRUUULLLUURR
RUN_RESULT:0:0:33:53:LLLULRRURRUUULU
RUN_RESULT:0:0:34:2000:----
RUN_RESULT:0:0:35:2000:----
RUN_RESULT:0:0:36:290:URRRRRRUULDDLLD
RUN_RESULT:0:0:37:2:UU
RUN_RESULT:0:0:38:2000:----
RUN_RESULT:0:0:39:182:DLUDRRU
RUN_RESULT:0:0:40:48:DRDRDRDLR
RUN_RESULT:0:0:41:16:URULLUUULULU
RUN_RESULT:0:0:42:2000:----
RUN_RESULT:0:0:43:2000:----
RUN_RESULT:0:0:44:4:RLR
RUN_RESULT:0:0:45:2000:----
RUN_RESULT:0:0:46:2000:----
RUN_RESULT:0:0:47:2000:----
RUN_RESULT:0:0:48:2000:----
RUN_RESULT:0:0:49:2000:----
RUN_RESULT:0:0:50:142:DRRDL
RUN_RESULT:0:0:51:11:DDLDRRLUUUU
RUN_RESULT:0:0:52:7:ULULLLD
RUN_RESULT:0:0:53:64:RULLLURRRLDR
RUN_RESULT:0:0:54:2000:----
RUN_RESULT:0:0:55:2000:----
RUN_RESULT:0:0:56:2000:----
RUN_RESULT:0:0:57:2000:----
RUN_RESULT:0:0:58:4:DRRR
RUN_RESULT:0:0:59:2000:----
RUN_RESULT:0:0:60:1:U
RUN_RESULT:0:0:61:2000:----
RUN_RESULT:0:0:62:2000:----
RUN_RESULT:0:0:63:2000:----
RUN_RESULT:0:0:64:2000:----
RUN_RESULT:0:0:65:2000:----
RUN_RESULT:0:0:66:2000:----
RUN_RESULT:0:0:67:2000:----
RUN_RESULT:0:0:68:2000:----
RUN_RESULT:0:0:69:2000:----
RUN_RESULT:0:0:70:2000:----
RUN_RESULT:0:0:71:2000:----
RUN_RESULT:0:0:72:2000:----
RUN_RESULT:0:0:73:3:DDD
RUN_RESULT:0:0:74:3:DDD
RUN_RESULT:0:0:75:2000:----
RUN_RESULT:0:0:76:2000:----
RUN_RESULT:0:0:77:2000:----
RUN_RESULT:0:0:78:2000:----
RUN_RESULT:0:0:79:1850:UUURRRRRUULULLD
RUN_RESULT:0:0:80:159:UURRURRRUULULLD
RUN_RESULT:0:0:81:79:UUURRRURUUURRR
RUN_RESULT:0:0:82:2000:----
RUN_RESULT:0:0:83:24:URRRRRD
RUN_RESULT:0:0:84:2000:----
RUN_RESULT:0:0:85:891:RURRRRDD
RUN_RESULT:0:0:86:2000:----
RUN_RESULT:0:0:87:22:ULLDDDUUUUUUUL
RUN_RESULT:0:0:88:131:ULLDDLLDRRUULLLURRUUUU
RUN_RESULT:0:0:89:2000:----
RUN_RESULT:0:0:90:2000:----
RUN_RESULT:0:0:91:385:ULLLLDURRUUUULLDL
RUN_RESULT:0:0:92:2000:----
RUN_RESULT:0:0:93:410:ULUDLL
RUN_RESULT:0:0:94:2000:----
RUN_RESULT:0:0:95:2000:----
RUN_RESULT:0:0:96:2000:----
RUN_RESULT:0:0:97:50:UUR
RUN_RESULT:0:0:98:2000:----
RUN_RESULT:0:0:99:2000:----
RUN_RESULT:0:0:100:2000:----
RUN_RESULT:0:0:101:1783:WRRRRRRUUUDRUDRUUDR
RUN_RESULT:0:0:102:46:R
RUN_RESULT:0:0:103:2000:----
RUN_RESULT:0:0:104:2000:----
RUN_RESULT:0:0:105:2000:----
RUN_RESULT:0:0:106:38:UUUULLUULULL
RUN_RESULT:0:0:107:2000:----
RUN_RESULT:0:0:108:151:RDRDDLULDUUURRRRRLLLLDLDDRRRDDLRDRD
RUN_RESULT:0:0:109:1289:RDRDDULLDR
RUN_RESULT:0:0:110:2000:----
RUN_RESULT:0:0:111:2000:----
RUN_RESULT:0:0:112:250:RRRDDDUUURDRRLLLDRURDLLLD
RUN_RESULT:0:0:113:6:URRDD
RUN_RESULT:0:0:114:2000:----
RUN_RESULT:0:0:115:2000:----
RUN_RESULT:0:0:116:52:LLUUUURURURURRDRDDDDDD
RUN_RESULT:0:0:117:1251:RRDDRURRDDLUURULLLLULDDURURURRDRD
RUN_RESULT:0:0:118:2000:----
RUN_RESULT:0:0:119:2000:----
RUN_RESULT:0:0:120:2000:----
RUN_RESULT:0:0:121:2000:----
RUN_RESULT:0:0:122:11:DDRRR
RUN_RESULT:0:0:123:10:LDDRRR
RUN_RESULT:0:0:124:2000:----
RUN_RESULT:0:0:125:26:UUURRDRDRDDD
RUN_RESULT:0:0:126:2000:----
RUN_RESULT:0:0:127:19:LDDDD
RUN_RESULT:0:0:128:2000:----
RUN_RESULT:0:0:129:101:RURURUU
RUN_RESULT:0:0:130:2000:----
RUN_RESULT:0:0:131:2000:----
RUN_RESULT:0:0:132:23:URURRRRRRUU
RUN_RESULT:0:0:133:2000:----
RUN_RESULT:0:0:134:2000:----
RUN_RESULT:0:0:135:231:LURULLDUUUUURRRRRRR
RUN_RESULT:0:0:136:26:UUURRDRDRDDD
RUN_RESULT:0:0:137:5:LDDDD
RUN_RESULT:0:0:138:2000:----
RUN_RESULT:0:0:139:2000:----
RUN_RESULT:0:0:140:20:UURRRRRURUUU
RUN_RESULT:0:0:141:150:UUUURRURDRDDDD
RUN_RESULT:0:0:142:46:UUUUR
RUN_RESULT:0:0:143:2000:----
RUN_RESULT:0:0:144:64:RULLLURRRLDR
RUN_RESULT:0:0:145:2000:----
RUN_RESULT:0:0:146:2000:----
RUN_RESULT:0:0:147:3:UUL
RUN_RESULT:0:0:148:2000:----
RUN_RESULT:0:0:149:2000:----
RUN_RESULT:0:0:150:4:DLLL
RUN_RESULT:0:0:151:7:DDDRDD
RUN_RESULT:0:0:152:2000:----
RUN_RESULT:0:0:153:2000:----
RUN_RESULT:0:0:154:126:RDRDLULULLLDDUURRRDRDLURRR
RUN_RESULT:0:0:155:2000:----
RUN_RESULT:0:0:156:2000:----
RUN_RESULT:0:0:157:207:LDDLLLLURDLLDLD
RUN_RESULT:0:0:158:2000:----
RUN_RESULT:0:0:159:2000:----
RUN_RESULT:0:0:160:2000:----
RUN_RESULT:0:0:161:2000:----
RUN_RESULT:0:0:162:77:RDDRRRRRDDDDDR
RUN_RESULT:0:0:163:2000:----
RUN_RESULT:0:0:164:2000:----
RUN_RESULT:0:0:165:209:URRRRUULLLDDRRUUDRDD
RUN_RESULT:0:0:166:28:LLLLDURDR
RUN_RESULT:0:0:167:2000:----
RUN_RESULT:0:0:168:2000:----
RUN_RESULT:0:0:169:2000:----
RUN_RESULT:0:0:170:2000:----
RUN_RESULT:0:0:171:2000:----
RUN_RESULT:0:0:172:145:DLLDDRDRD
RUN_RESULT:0:0:173:61:DDDRDD
RUN_RESULT:0:0:174:2000:----
RUN_RESULT:0:0:175:300:RRRRRDULLL
RUN_RESULT:0:0:176:2000:----
RUN_RESULT:0:0:177:2000:----
RUN_RESULT:0:0:178:2000:----
RUN_RESULT:0:0:179:2000:----
RUN_RESULT:0:0:180:2000:----
RUN_RESULT:0:0:181:2000:----
RUN_RESULT:0:0:182:2000:----
RUN_RESULT:0:0:183:2000:----
The time of execution is: 288.8207440376282 s
