pygame 2.2.0 (SDL 2.30.7, Python 3.8.10)
Hello from the pygame community. https://www.pygame.org/contribute.html
LEVEL:0:__________\n_VB12...3_\n_1o..o..._\n_4o..vK16_\n_oo.o...._\n_vobo.kk._\n_..o....._\n_..v..v.._\n_........_\n__________
BATCH:0:0:0
TRAINING ON LEVEL:165
of 184 levels
---LEVEL STRING---
__________
_VB12...3_
_1o..o..._
_4o..vK16_
_oo.o...._
_vobo.kk._
_..o....._
_..v..v.._
_........_
__________
---LEVEL STRING---
TRACK:0;-1;-1;2;2;2;4;2;5;6;6;0;1;17;18;4;9;3;4;1;3;3;22;-1.0923338884875484;0;2;13;7;-5.039557746308077;6;10;4;6;6;5;2;6;2;9;8;2;2;20;4.057497267814103;12;2;19;16;5;0;1;2;0;5;1;6;18;1;7;2.4011809540503357;20;4.564532991670248;1;0;1;24;17;2;23;-0.07793920871258209;8;1;6;13;1;25;14;3;0;3;3;8;3;3;10;1;0;1;6;1;7;6.061268455422901;24;0;0;12;24;3;20;7.107546832666493;2;3;3;18;3;6;9;6;1;4;6;23;4.650665236673451;4;2;16;15;1;5;6;3;5;0;25;10;4;3;2;5;0;23;4.799619363491207;10;1;0;12;13;4;10;3;6;6;4;0;5;3;4;5;25;5;2;5;2;24;21;-5.900059142210388;1;4;13;6;18
TRACK:1;-1;-1;2;2;3;6;3;1;6;1;3;2;11;9;0;2;23;8.253319122455128;19;2;15;19;6;2;1;3;20;3.8704123774719985;6;19;5;2;11;21;3.763084454764371;2;2;1;3;5;2;1;6;18;4;23;4.065178487451046;0;5;11;1;24;21;-7.596035922881812;5;3;1;3;4;18;2;3;17;5;19;2;1;5;3;6;3;15;5;4;3;4;20;0.823059279861658;6;4;5;4;5;22;7.491540739660692;2;2;1;4;1;6;2;16;7;5.805959118729367;1;6;7;8.130335727516321;2;13;9;3;4;4;2;12;19;2;0;6;6;0;14;14;5;2;1;21;-1.1443214347097346;24;6;13;4;1;0;4;24;1;25;21;-9.969584985196773;5;0;15;21;6.04578889669358;2;2;2;1;4;5;15;4;6;25;2;1;4;22;-8.721910513347382;1;22;-9.98057047092065;7;1.5953611103112486;4;5;9;2;1;4;5;15;5;1;23;-2.851945739924009;18;2;3;3;20;2.434665842407668;5;1;20;8.516889993608721;24;3;0;2;5;0;11;14;5;6;17;2;5;4;22;7.7315630690045545;4;3;23;-6.634176980293067;4;5;6;0;0;5;6;2;5;19;4;11;3;0;6;6;18;4;0;22;-1.7014576646062487;25;4;6;3;2;5;12;0;25;21;2.098282837454164
TRACK:2;-1;-1;2;5;3;1;2;0;3;5;4;5;8;5;3;3;1;23;7.005501720272239;14;6;1;4;2;5;15;4;7;-8.835212552462192;1;4;5;7;-1.1646495741917349;3;1;15;24;1;0;2;5;5;3;11;5;1;0;23;-6.110153432673022;12;3;23;9.239023810789778;5;6;1;1;17;22;-3.6868338167016423;5;24;3;1;0;3;5;8;5;0;24;9;5;4;1;11;20;3.5754927351523307;0;0;6;0;6;6;2;2;5;11;6;23;-6.384685874427525;6;6;21;-9.951467829993387;4;5;1;3;2;15;8;6;1;9;13;3;3;6;0;1;5;0;19;11;0;4;11;6;14;2;3;1;25;17;5;3;20;-5.496735996495332;3;5;3;5;4;5;1;5;13;6;11
TRACK:3;-1;-1;0;6;3;3;3;0;4;0;6;4;24;6;2;21;-3.5481019454442686;22;-1.7704612377420492;5;3;5;3;18;1;5;1;4;6;1;0;0;4;17;1;9;20;-0.24771888564354683;1;0;25;21;-4.844868883203897;3;15;2;6;6;9;3;5;15;2;6;1;2;1;2;13;23;6.241536909068273;1;17;20;1.787481318687668;3;3;23;7.734739232015222;1;5;4;11;6;2;14;21;-4.883946404823112;4;4;4;3;4;8;6;5;3;3;0;6;2;6;11;1;21;-1.0088358876739818;18;6;5;2;9;7;-3.3323023874055524
TRACK:4;-1;-1;1;6;2;3;1;4;0;0;5;4;19;0;4;8;5;11;2;3;5;21;-1.7402772589596172;6;5;11;2;6;0;5;2;10;17;3;1;20;-6.496102096761436;13;5;6;0;5;7;-1.7468385176718915;6;20;3.333133134567685;1;1;4;3;3;6;1;15;22;-0.42494811950770206;2;1;1;5;4;19;6;2;24;13;1;4;0;17;12;5;2;11;13;1;0;5;6;23;6.253825613516057;4;1;10;22;8.859063004489386;3;3;0;17;19;4;1;4;4;1;5;25;3;14;4;0;1;6;11;0;23;-0.6235796631248824;16;2;5;11;2;23;-0.47096802252034564;14;2;3;0;2;0;4;5;3;4;15;5;2;0;2;15;17;2;17;17;6;0;9;20;-8.656333016575022;4;5;3;3;5;19;4;5;1;1;5;6;9;3;1;11;10;0;3;5;20;-1.4297907188873022;0;1;8;7;-3.2151464327420083;6;12;3;6;5;2;5;6;1;0;12;7;-9.268981706402823;5;11;1;0;3;3;18;6;5;13;5;6;3;14
TRACK:5;-1;-1;0;5;6;3;4;1;4;6;4;5;24;6;4;6;5;16;3;3;2;4;1;2;5;0;4;8;2;22;0.31479534027914724;18;6;2;2;25;17;3;15;1;4;6;4;19;1;6;5;9;5;4;11;6;6;0;4;2;2;7;-3.5137859627020713;16;5;15;0;6;2;14;9;0;6;20;-2.4616329347175476;6;14
TRACK:6;-1;-1;1;0;5;3;5;1;0;5;2;1;16;19;1;12;22;-6.1218524737488185;1;5;1;9;15;6;4;15;2;3;5;5;23;-1.0332529110057322;6;3;3;9;5;6;1;2;4;4;0;2;12;15;3;17;4;1;5;3;10;4;5;17;1;5;3;2;4;22;0.7400742431181424;3;15;1;3;5;3;7;-4.272473385826614;1;1;1;17;10;2;22;-2.4781339844596673;18;6;0;12;11;2;5;2;6;2;4;6;3;0;25;24;0;5;1;5;22;-0.7442877864935031;1;13;18;0;3;0;15;10;5;6;13;2;4;3;4;5;3;13;2;2;5;2;6;8;2;14;11;2;6;1;8;17;5;6;18;0;0;4;6;24;3;6;24;6;6;5;19;5;2;3;2;3;0;5;5;23;-9.68593691797317;4;2;22;9.377019914375794;8;4;0;0;3;13;2;20;-7.6717246783032955;17;6;6;22;9.228351707588573;0;4;5;3;4;4;11;0;0;1;2;1;11;22;5.716508873679107;2;8;17;2;3;15;5;8;0;2;5;9;4;9;6;0;14;9;4;3;2;0;11;25;6;17
TRACK:7;-1;-1;5;1;6;4;6;0;0;1;2;5;17;3;19;4;3;9;5;5;0;12;25;6;5;5;0;8;21;4.274987944505028;6;6;4;2;4;4;3;2;19;11;2;1;4;5;17;6;3;19;0;1;2;9;20;-2.3277056358724035;3;15;0;2;9;8;3;7;-1.1593765368736815
TRACK:8;-1;-1;5;4;2;3;2;2;5;4;5;3;16;0;3;1;5;8;1;16;13;0;4;4;12;5;5;12;1;0;3;1;5;19;4;12;2;2;0;17;24;1;17;13;3;4;24;2;0;5;5;19;0;0;14;17;0;15;10;6;1;2;20;9.244919907077087;24;3;18;1;1;6;2;2;2;4;8;2;17;24;4;1;23;-2.610638638069811;24;4;4;1;16;21;-8.540934653784749;3;0;4;3;4;9;3;6;5;14;0;5;0;5;0;4;11;2;22;-8.389148128589433;12;2;1;4;18;2;19;7;-3.349528774912147;6;1;13;13;1;5;4;5;2;11;16;3;2;4;3;22;-1.0314453082360906;4;1;8;8
TRACK:9;-1;-1;1;4;1;4;3;2;0;5;1;6;8;1;22;-4.032863349237211;19;4;0;5;23;-5.7179670920766394;3;25;6;1;2;1;23;6.736958192392862;17;3;25;1;0;17;11;4;23;-3.745969454742313;3;5;1;3;6;2;6;7;-9.037375715933747;2;22;2.493373239306372;13;2;1;0;5;9;4;25;0;4;14;6;19;5;0;5;22;2.0669533298435088;3;10;1;1;2;1;0;2;5;0;4;9;3;25;6;1;6;24;5;8;3;6;6;3;20;-6.5662561816698695;0;6;0;1;5;17;5;9;1;4;11;0;9;12;0;4;3;1;8;25;4;6;5;9;1;6;5;0;6;4;21;0.059795327035667256;4;4;17;6;3;1;2;2;14;8;1;14;9;5;3;25;4;4;2;1;2;4;5;15;0;4;20;-2.283411334105095;2;16;14;1;4;2;23;3.841974627101841;21;-3.377211746371243;3;3;14;3;3;0;6;15;0;21;-5.6425600140411;9;6;0;6;2;0;3;5;5;21;6.063765329801491;6;3;2;18;13;5;0;5;2;19;16;3;3;23;6.858876201707368;4;0;0;0;1;3;7;-4.891703912539185;0;23;5.980732757743601;24;0;6;8;2;16;7;-0.36352545243329537;4;1;1;25;13;3;9;3;0;3;2;17;9;2;2;14;25;6;15
EVAL_INSTANCE:0:0:0
EVAL_INSTANCE:0:1:1
EVAL_INSTANCE:0:2:2
EVAL_INSTANCE:0:3:3
EVAL_INSTANCE:0:4:4
EVAL_INSTANCE:0:5:5
EVAL_INSTANCE:0:6:6
EVAL_INSTANCE:0:7:7
EVAL_INSTANCE:0:8:8
EVAL_INSTANCE:0:9:9
RUN_RESULT:0:0:0:2000:----
RUN_RESULT:0:1:0:2000:----
RUN_RESULT:0:2:0:2000:----
RUN_RESULT:0:3:0:2000:----
RUN_RESULT:0:4:0:861:RRURUUDDRUUDDD
RUN_RESULT:0:5:0:2000:----
RUN_RESULT:0:6:0:2000:----
RUN_RESULT:0:7:0:2000:----
RUN_RESULT:0:8:0:2000:----
RUN_RESULT:0:9:0:2000:----
=================================================
n_gen  |  n_eval  |     f_avg     |     f_min    
=================================================
     1 |       10 | -3.139000E+02 | -3.139000E+03
TRACK:10;7;9;5;1;6;4;0;4;20;-2.283411334105095;2;16;14;6;6;4;2;4;4;3;2;19;11;2;1;4;5;17;6;3;19;0;1;2;9;20;-2.3277056358724035;3;15;0;2;9;8;3;7;-1.1593765368736815
TRACK:11;7;9;1;4;1;4;3;2;0;5;1;6;8;1;22;-4.032863349237211;19;4;0;5;23;-5.7179670920766394;3;25;6;1;2;1;23;6.736958192392862;17;3;25;1;0;17;11;4;23;-3.745969454742313;3;5;1;3;6;2;6;7;-9.037375715933747;2;22;2.493373239306372;13;2;1;0;5;9;4;25;0;4;14;6;19;5;0;5;22;2.0669533298435088;3;10;1;1;2;1;0;2;5;0;4;9;3;25;6;1;6;24;5;8;9;0;6;0;1;5;17;5;9;1;4;11;0;9;12;0;4;3;1;8;25;4;6;5;9;1;6;5;0;6;4;21;0.059795327035667256;4;4;17;6;3;1;2;2;14;8;1;14;9;5;3;25;4;4;2;1;2;4;5;15;0;4;20;-2.283411334105095;2;16;14;1;4;2;23;3.841974627101841;21;-3.377211746371243;3;3;14;3;3;0;6;15;0;21;-5.6425600140411;9;6;0;6;2;0;3;5;5;21;6.063765329801491;6;3;2;18;13;5;0;5;2;19;16;3;3;23;6.858876201707368;4;0;0;0;1;3;7;-4.891703912539185;0;23;5.980732757743601;24;0;6;8;2;16;7;-0.36352545243329537;4;1;1;25;13;3;9;3;0;3;2;17;9;2;2;14;25;6;15
TRACK:12;5;4;0;5;6;3;4;1;4;6;4;5;24;6;4;6;5;16;3;3;2;4;1;2;5;23;-0.6235796631248824;6;2;2;25;17;3;15;1;4;6;4;19;1;6;5;9;5;4;11;6;6;0;4;2;2;7;-3.5137859627020713;16;5;15;0;6;2;14;9;0;6;20;-2.4616329347175476;6;14
TRACK:13;5;4;1;6;2;3;1;4;0;0;5;4;19;0;4;8;5;11;2;3;5;21;-1.7402772589596172;6;5;11;2;6;0;5;2;10;17;3;1;20;-6.496102096761436;13;5;6;0;5;7;-1.7468385176718915;6;20;3.333133134567685;1;1;4;3;3;6;1;15;22;-0.42494811950770206;2;1;1;5;4;19;6;2;24;13;1;4;0;17;12;5;2;11;13;1;0;5;6;23;6.253825613516057;4;1;10;17;3;3;0;17;19;4;1;4;4;1;5;25;3;14;4;0;1;6;11;0;23;-0.6235796631248824;16;2;5;11;2;23;-0.47096802252034564;14;2;3;0;2;0;4;5;3;4;15;5;2;0;2;15;17;2;17;17;6;0;9;20;-8.656333016575022;4;5;3;3;5;19;4;5;1;1;5;6;9;3;1;11;10;0;3;5;20;-1.4297907188873022;0;1;8;7;-3.2151464327420083;6;12;3;6;5;2;5;6;1;0;12;7;-9.268981706402823;5;11;1;0;3;3;18;6;5;13;5;6;3;14
TRACK:14;6;7;1;0;5;3;5;1;0;5;2;1;16;19;1;12;22;-6.1218524737488185;1;5;1;9;15;6;4;15;2;3;5;5;23;-1.0332529110057322;6;3;3;9;5;6;1;2;4;4;0;2;12;15;3;17;4;1;5;3;10;4;5;17;1;5;3;2;4;22;0.7400742431181424;3;15;1;3;5;3;7;-4.272473385826614;1;1;1;17;10;2;22;-2.4781339844596673;18;6;0;12;11;2;5;2;6;2;4;6;3;0;25;24;0;5;1;5;22;-0.7442877864935031;1;13;18;0;3;0;15;10;5;6;13;2;4;3;4;5;3;13;2;2;5;2;6;8;2;14;11;2;6;1;8;17;5;6;18;0;0;4;6;24;3;6;24;6;6;5;19;5;2;3;2;3;0;5;5;23;-9.68593691797317;4;2;22;9.377019914375794;8;4;0;0;3;13;2;20;-7.6717246783032955;17;6;6;22;9.228351707588573;0;4;5;3;4;4;8;0;0;1;2;1;11;22;5.716508873679107;2;8;17;2;3;15;5;8;0;2;5;9;4;9;6;0;14;9;4;3;2;0;11;25;6;17
TRACK:15;6;7;5;1;6;4;6;0;0;1;2;5;17;3;19;4;3;9;5;5;0;12;25;6;5;5;0;8;21;4.274987944505028;6;6;4;2;4;4;3;2;19;11;2;1;4;5;17;6;3;19;0;1;2;9;20;-2.3277056358724035;3;15;0;6;17;3;7;-1.1593765368736815
TRACK:16;9;5;1;4;1;4;3;2;0;5;1;6;8;1;22;-4.032863349237211;19;4;0;5;23;-5.7179670920766394;3;25;6;1;2;1;23;6.736958192392862;17;16;1;0;17;11;4;23;-3.745969454742313;3;5;1;3;6;2;6;7;-9.037375715933747;2;22;2.493373239306372;13;2;1;0;5;9;4;25;0;4;14;6;19;5;0;5;22;2.0669533298435088;3;10;1;1;2;1;0;2;5;0;4;9;3;25;6;1;6;24;5;8;3;6;6;3;20;-6.5662561816698695;0;6;0;1;5;17;5;9;1;4;11;0;9;12;0;4;3;1;8;25;4;6;5;9;1;6;5;0;6;4;21;0.059795327035667256;4;4;17;6;3;1;2;2;14;8;1;14;9;5;3;25;4;4;2;1;2;4;5;15;0;4;20;-2.283411334105095;2;16;14;1;4;2;23;3.841974627101841;21;-3.377211746371243;3;3;14;3;3;0;6;15;0;21;-5.6425600140411;9;6;0;6;2;0;3;5;5;21;6.063765329801491;6;3;2;18;13;5;0;5;2;19;16;3;3;23;6.858876201707368;4;0;0;0;1;3;7;-4.891703912539185;0;23;5.980732757743601;24;0;6;8;2;16;7;-0.36352545243329537;4;1;1;25;13;3;9;3;0;3;2;17;9;2;2;14;25;6;15
TRACK:17;9;5;0;5;6;3;4;1;4;6;4;5;24;6;4;6;5;16;3;3;2;4;1;2;5;0;4;8;2;22;0.31479534027914724;18;6;2;2;25;17;3;15;1;4;6;4;19;1;6;5;9;5;4;11;6;6;0;4;2;2;7;-3.5137859627020713;16;5;23;-5.7179670920766394;0;6;2;14;9;0;6;20;-2.4616329347175476;6;14
TRACK:18;4;8;1;6;2;3;1;4;0;0;5;4;19;0;4;8;5;11;2;3;5;21;-1.7402772589596172;6;5;11;2;6;0;5;2;10;17;3;1;20;-6.496102096761436;13;5;6;0;5;7;-1.7468385176718915;6;20;3.333133134567685;1;1;4;3;3;6;1;15;22;-0.42494811950770206;2;1;1;5;4;19;6;2;24;13;1;4;0;17;12;5;2;11;13;1;0;5;6;23;6.253825613516057;4;1;10;22;8.859063004489386;3;3;0;17;19;4;1;4;4;1;5;25;3;14;4;0;1;6;11;0;23;-0.6235796631248824;16;2;5;11;2;23;-0.47096802252034564;14;2;3;0;2;0;4;5;3;4;15;5;2;0;2;15;17;2;17;17;6;0;9;20;-8.656333016575022;4;5;3;3;5;19;4;5;1;1;4;9;3;1;11;10;0;3;5;20;-1.4297907188873022;0;1;8;7;-3.2151464327420083;6;12;3;6;5;2;5;6;1;0;12;7;-9.268981706402823;5;11;1;0;3;3;18;6;5;13;5;6;3;14
TRACK:19;4;8;5;4;2;3;2;2;5;4;5;3;16;0;3;1;5;8;1;16;13;0;4;11;5;5;12;1;0;3;1;5;19;4;12;2;2;0;17;24;1;17;13;3;4;24;2;0;5;5;19;0;0;14;17;0;15;10;6;1;2;20;9.244919907077087;24;3;18;1;1;6;2;2;2;4;8;2;17;24;4;1;23;-2.610638638069811;24;4;4;1;16;21;-8.540934653784749;3;0;4;3;4;9;3;6;5;14;0;5;0;5;0;4;11;2;22;-8.389148128589433;12;2;1;4;18;2;19;7;-3.349528774912147;6;1;13;13;1;5;4;5;2;11;16;3;2;4;3;22;-1.0314453082360906;4;1;8;8
TRACK:20;10;-1;5;1;6;4;0;4;20;-2.265861495142523;2;16;14;6;6;4;2;4;4;3;2;19;11;2;1;5;22;-7.2416817597607075;6;3;19;0;1;2;9;20;-2.365081115487794;3;15;0;2;9;8;3;7;-1.0872754375328257
TRACK:21;5;-1;0;5;6;3;4;1;4;6;4;5;24;6;4;6;5;16;3;3;2;4;0;4;3;1;21;-4.528615145549264;16;0;0;0;11;24;0;21;4.944699799145145;9;3;0;17;20;-6.724384208198497;6;6;0;4;2;2;7;-3.5016312536091925;16;5;15;0;6;2;14;9;0;6;20;-2.547776079834099;6;14
TRACK:22;6;-1;1;0;5;3;5;1;0;5;2;1;16;19;1;12;22;-6.119084845676646;1;5;1;9;15;6;4;15;2;3;5;5;23;-1.0861296298429102;6;3;3;9;5;6;1;2;4;4;0;2;12;15;3;17;4;1;5;3;10;4;5;17;1;5;3;2;4;22;0.8921096812809054;3;15;1;3;5;3;7;-4.289260193737629;1;1;1;17;10;2;22;-2.5559052365608257;18;6;0;12;11;2;5;2;6;2;4;6;3;0;25;24;0;5;1;5;22;-0.8553980847720211;1;13;18;0;3;0;15;10;5;6;13;2;4;3;4;5;3;13;2;2;5;2;6;8;2;14;11;2;6;1;8;17;5;6;18;0;0;4;6;24;3;6;24;6;6;5;19;5;2;3;2;3;0;5;5;15;4;2;22;9.37613405124611;8;4;0;0;3;13;2;20;-7.564318019870597;17;6;6;22;9.076379524940288;0;4;5;3;4;4;11;0;0;1;2;1;11;22;5.618483236144296;2;8;17;2;3;15;5;8;0;2;5;9;4;9;6;0;14;9;4;3;2;0;11;25;6;17
TRACK:23;9;-1;1;4;1;4;3;2;0;5;1;6;8;1;22;-3.9791856401124703;19;4;0;5;23;-5.7278316685359885;3;25;6;1;2;1;23;6.617814267577534;17;3;25;1;0;17;11;4;23;-3.670574137816489;3;5;1;3;6;2;6;7;-9.078583418130712;2;22;2.6544695792748314;13;2;1;0;5;9;4;25;0;4;14;6;19;5;0;5;22;2.221836037722915;3;10;1;1;2;1;0;4;6;15;3;6;6;3;20;-6.479319294916608;0;6;0;1;5;17;5;9;1;4;11;0;9;12;0;4;3;1;8;25;4;6;5;9;1;6;5;0;6;4;21;0.19412055985956037;4;4;17;6;3;1;2;2;14;8;1;14;9;5;3;25;4;4;2;1;2;4;5;15;0;4;20;-2.224463556938661;2;16;14;1;4;2;23;3.9171284742678254;21;-3.439660135440886;3;3;14;3;3;0;6;15;0;21;-5.742084557747579;9;6;0;6;2;0;3;5;5;21;5.936671107921315;6;3;2;18;13;5;0;5;2;19;16;3;3;23;6.734608792697204;4;0;0;0;1;3;7;-5.074457611293589;0;23;5.978119718521426;24;0;6;8;2;16;7;-0.3618399206093001;4;1;1;25;13;3;9;3;0;3;2;17;9;2;2;14;25;6;15
TRACK:24;18;-1;1;6;2;3;1;4;0;0;5;4;19;0;4;8;5;11;2;3;5;21;-1.8067210368717688;6;5;11;2;6;0;5;2;10;17;3;1;20;-6.520464567236324;13;5;6;0;5;7;-1.7146630355409362;6;20;3.3890936681198065;1;1;4;3;3;6;1;15;22;-0.3948620816093582;2;1;1;5;4;19;6;2;24;13;1;4;0;17;12;5;2;11;13;1;0;5;6;23;6.588646003245719;4;1;10;22;8.955671342836176;3;3;0;17;19;4;1;4;4;1;5;25;3;14;4;0;1;6;11;0;23;-0.6322856613132679;16;2;5;11;2;23;-0.4906095243794275;14;2;3;0;2;0;4;5;3;4;15;5;2;0;2;15;17;2;17;17;4;1;11;10;4;5;3;3;5;19;4;5;1;1;4;9;3;1;11;10;0;3;5;20;-1.4396459622902154;0;1;8;7;-3.0984264162385315;6;12;3;6;5;2;5;6;1;0;12;7;-9.336749803228296;5;11;1;0;3;3;18;6;5;13;5;6;3;14
TRACK:25;11;-1;1;4;1;4;3;2;0;5;1;6;8;1;22;-3.894671209558366;19;4;0;5;23;-5.872131180611867;3;25;6;1;2;1;23;6.8536665231727705;19;3;25;1;0;17;11;4;23;-3.8828700358848702;3;5;1;3;6;2;6;7;-9.153146715883668;2;22;2.3901098877428275;13;2;1;0;5;9;4;25;0;4;14;6;19;5;0;5;22;1.9570880094896768;3;10;1;1;2;1;0;2;5;0;4;9;3;25;6;1;6;24;5;8;9;0;6;0;1;5;17;5;9;1;4;11;0;9;12;0;4;3;1;8;25;4;6;5;9;1;6;5;0;6;4;21;0.01478134093466571;4;4;17;6;3;1;2;2;14;8;1;14;9;5;3;25;4;4;2;1;2;4;5;15;0;4;20;-2.197363312279057;2;16;14;1;4;2;23;3.824114947753912;21;-3.3459705585486454;3;3;14;3;3;0;6;15;0;21;-5.592597158841784;9;6;0;6;2;0;3;5;5;21;6.302506168868468;6;3;2;18;13;5;0;5;2;19;16;3;3;23;6.8671279539516465;4;0;0;0;1;3;7;-5.011834381015061;0;23;6.090886315210572;24;0;6;8;2;16;7;-0.26276089544197123;4;1;1;25;13;3;9;3;0;3;2;17;9;2;2;14;25;6;15
TRACK:26;4;-1;1;6;2;3;1;4;0;0;5;4;19;0;4;8;5;11;2;3;5;21;-1.751855389467979;6;5;11;2;6;0;5;2;10;17;3;1;20;-6.416439326832546;13;5;6;0;5;7;-1.830693240736268;6;20;3.37430157175735;1;1;4;3;0;0;8;17;0;10;25;2;1;1;5;4;19;6;2;24;13;1;4;0;17;12;5;2;11;13;1;0;5;6;23;6.291523148893904;4;1;10;22;8.924274017605448;3;3;0;17;19;4;1;4;4;1;5;25;3;14;4;0;1;6;11;0;23;-0.7119758658888495;16;2;5;11;2;23;-0.6872408614054317;14;2;3;0;2;0;4;5;3;4;15;5;2;0;2;15;17;2;17;17;6;0;9;20;-8.659398559385327;4;5;3;3;5;19;4;5;1;1;5;6;9;3;1;11;10;0;3;5;20;-1.5207283206275404;0;1;8;7;-3.3323892902547656;6;12;3;6;5;2;5;6;1;0;12;7;-9.250631157401378;5;11;1;0;3;3;18;6;5;13;5;6;3;14
TRACK:27;7;-1;5;1;6;4;6;0;0;1;2;5;17;3;19;4;3;9;5;5;0;12;25;6;5;5;0;8;21;4.225497821655921;6;6;4;2;4;4;3;2;19;11;2;1;4;5;17;6;3;19;0;1;2;9;20;-2.42728345968005;3;15;0;2;9;8;3;19
TRACK:28;5;-1;0;5;6;3;4;1;4;6;4;5;24;6;4;6;5;16;3;3;2;4;1;2;5;0;4;8;2;22;0.17632097739006802;18;6;2;2;25;17;3;15;1;4;6;4;19;1;6;5;9;5;4;11;6;6;0;4;2;2;7;-3.4010646579887998;16;5;15;0;6;2;14;7;5.950892188184181;0;6;20;-2.3046015134453404;6;14
TRACK:29;19;-1;5;4;2;3;2;2;5;4;5;3;16;0;3;1;5;8;1;16;13;0;4;11;5;5;12;1;0;3;1;5;19;4;12;2;2;0;17;24;1;17;13;3;4;24;2;0;5;5;19;0;0;14;17;0;15;10;6;1;2;20;9.227325814487726;24;3;18;1;1;3;5;5;5;22;0.6552864536930869;3;0;4;3;4;9;3;6;5;14;0;5;0;5;0;4;11;2;22;-8.344242953124517;12;2;1;4;18;2;19;7;-3.344202816952352;6;1;13;13;1;5;4;5;2;11;16;3;2;4;3;22;-1.1488724591138384;4;1;8;8
EVAL_INSTANCE:1:0:20
EVAL_INSTANCE:1:1:21
EVAL_INSTANCE:1:2:22
EVAL_INSTANCE:1:3:23
EVAL_INSTANCE:1:4:24
EVAL_INSTANCE:1:5:25
EVAL_INSTANCE:1:6:26
EVAL_INSTANCE:1:7:27
EVAL_INSTANCE:1:8:28
EVAL_INSTANCE:1:9:29
RUN_RESULT:1:0:0:2000:----
RUN_RESULT:1:1:0:2000:----
RUN_RESULT:1:2:0:2000:----
RUN_RESULT:1:3:0:2000:----
RUN_RESULT:1:4:0:637:RRURUUDDRUUDDD
RUN_RESULT:1:5:0:2000:----
RUN_RESULT:1:6:0:861:RRURUUDDRUUDDD
RUN_RESULT:1:7:0:2000:----
RUN_RESULT:1:8:0:1144:RRURRUURDDLLUUDDD
RUN_RESULT:1:9:0:2000:----
     2 |       20 | -1.249700E+03 | -3.363000E+03
TRACK:30;6;4;1;0;5;3;5;1;0;5;2;1;16;19;1;12;22;-6.1218524737488185;1;5;1;9;15;6;4;15;2;3;5;5;23;-1.0332529110057322;6;3;3;9;5;6;1;2;4;4;0;2;12;15;3;17;4;1;5;3;10;4;5;17;1;5;3;2;4;22;0.7400742431181424;3;15;1;3;5;3;7;-4.272473385826614;1;1;1;17;10;2;22;-2.4781339844596673;18;6;0;12;11;2;5;2;6;2;4;6;3;0;25;24;0;5;1;5;22;-0.7442877864935031;1;13;18;0;3;0;15;10;5;6;13;2;4;3;4;5;3;13;2;2;5;2;6;8;2;14;11;2;6;1;8;17;5;6;18;0;0;4;6;24;3;6;24;6;6;5;19;5;2;3;2;3;0;5;5;23;-9.68593691797317;4;2;22;9.377019914375794;8;4;0;0;3;13;2;20;-7.6717246783032955;17;6;6;22;9.228351707588573;6;0;9;20;-8.656333016575022
TRACK:31;6;4;1;6;2;3;1;4;0;0;5;4;19;0;4;8;5;11;2;3;5;21;-1.7402772589596172;6;5;11;2;6;0;5;2;10;17;3;1;20;-6.496102096761436;13;5;6;0;5;7;-1.7468385176718915;6;20;3.333133134567685;1;1;4;3;3;6;1;15;22;-0.42494811950770206;2;1;1;5;4;19;6;2;24;13;1;4;0;17;12;5;2;11;13;1;0;5;6;23;6.253825613516057;4;1;10;22;8.859063004489386;3;3;0;17;19;4;1;4;4;1;5;25;3;14;4;0;1;6;11;0;23;-0.6235796631248824;16;2;5;11;2;23;-0.47096802252034564;14;13
TRACK:32;26;24;1;6;2;3;1;4;0;0;5;4;19;0;4;8;5;11;2;3;5;21;-1.751855389467979;6;5;11;2;6;0;5;2;10;17;3;1;20;-6.416439326832546;13;5;6;0;5;7;-1.830693240736268;6;20;3.37430157175735;1;1;4;3;0;0;8;17;0;10;25;2;1;1;5;4;19;6;2;24;13;1;4;0;17;12;5;2;11;13;1;0;5;6;23;6.291523148893904;4;1;10;22;8.924274017605448;3;3;0;17;19;4;1;4;4;1;5;25;3;14;2;15;17;2;3;0;2;0;4;5;3;4;15;5;2;0;2;15;17;2;17;17;6;0;9;20;-8.659398559385327;4;5;3;3;5;19;4;5;1;1;5;6;9;3;1;11;10;0;3;5;20;-1.5207283206275404;0;1;8;7;-3.3323892902547656;6;12;3;6;5;2;5;6;1;0;12;7;-9.250631157401378;5;11;1;0;3;3;18;6;5;13;5;6;3;14
TRACK:33;26;24;1;6;2;3;1;4;0;0;5;4;19;0;4;8;5;11;2;3;5;21;-1.8067210368717688;6;5;11;2;6;0;5;2;10;17;3;1;20;-6.520464567236324;13;5;6;0;5;7;-1.7146630355409362;6;20;3.3890936681198065;1;1;4;3;3;6;1;15;22;-0.3948620816093582;2;1;1;5;4;19;6;2;24;13;1;4;0;17;12;5;2;11;13;1;0;5;6;23;6.588646003245719;4;1;10;22;8.955671342836176;3;3;0;17;19;4;1;4;4;1;5;25;3;14;4;0;1;6;11;0;23;-0.6322856613132679;16;2;5;11;2;23;-0.4906095243794275;14;2;3;0;2;1;20;-6.416439326832546;13;4;5;3;3;5;19;4;5;1;1;4;9;3;1;11;10;0;3;5;20;-1.4396459622902154;0;1;8;7;-3.0984264162385315;6;12;3;6;5;2;5;6;1;0;12;7;-9.336749803228296;5;11;1;0;3;3;18;6;5;13;5;6;3;14
TRACK:34;28;28;0;5;6;3;4;1;4;6;4;5;24;6;16;3;3;2;4;1;2;5;0;4;8;2;22;0.17632097739006802;18;6;2;2;25;17;3;15;1;4;6;4;19;1;6;5;9;5;4;11;6;6;0;4;2;2;7;-3.4010646579887998;16;5;15;0;6;2;14;7;5.950892188184181;0;6;20;-2.3046015134453404;6;14
TRACK:35;28;28;0;1;4;6;4;19;1;6;5;9;5;4;11;3;3;2;4;1;2;5;0;4;8;2;22;0.17632097739006802;18;6;2;2;25;17;3;15;1;4;6;4;19;1;6;5;9;5;4;11;6;6;0;4;2;2;7;-3.4010646579887998;16;5;15;0;6;2;14;7;5.950892188184181;0;6;20;-2.3046015134453404;6;14
TRACK:36;4;2;1;6;2;3;1;4;0;0;5;4;19;0;4;8;5;11;2;3;5;21;-1.7402772589596172;6;5;11;2;6;0;5;2;10;17;3;1;20;-6.496102096761436;13;5;6;0;5;7;-1.7468385176718915;6;20;3.333133134567685;1;1;4;3;3;6;1;15;22;-0.42494811950770206;2;1;1;5;4;19;6;2;24;13;1;4;0;17;12;5;2;11;13;1;0;5;6;23;6.253825613516057;4;1;10;22;8.859063004489386;3;3;0;17;19;4;1;4;4;1;5;25;3;14;4;0;1;6;11;0;23;-0.6235796631248824;16;2;5;11;2;23;-0.47096802252034564;14;2;3;0;2;0;4;5;3;4;15;5;2;0;2;15;17;2;17;17;6;0;9;20;-8.656333016575022;4;5;3;3;5;19;4;5;1;1;5;6;9;3;1;11;10;0;3;3;23;9.239023810789778;0;1;8;7;-3.2151464327420083;6;12;3;6;5;2;5;6;1;0;12;7;-9.268981706402823;5;11;1;0;3;3;18;6;5;13;5;6;3;14
TRACK:37;4;2;2;5;3;1;2;0;3;5;4;5;8;5;3;3;1;23;7.005501720272239;14;6;1;4;2;5;15;4;7;-8.835212552462192;1;4;5;7;-1.1646495741917349;3;1;15;24;1;0;2;5;5;3;11;5;1;0;23;-6.110153432673022;12;3;23;9.239023810789778;5;6;1;1;17;22;-3.6868338167016423;5;24;3;1;0;3;5;8;5;0;24;9;5;4;1;11;20;3.5754927351523307;0;0;6;0;6;6;2;2;5;11;6;23;-6.384685874427525;6;6;21;-9.951467829993387;4;5;1;3;2;15;8;6;1;9;13;3;3;6;0;1;5;0;19;11;0;4;11;6;14;2;3;1;25;17;5;20;-8.656333016575022;3;5;3;5;4;5;1;5;13;6;11
TRACK:38;24;1;1;6;2;3;1;4;0;0;5;4;19;0;4;8;5;11;2;3;5;21;-1.8067210368717688;6;5;11;2;6;0;5;2;10;17;3;1;20;-6.520464567236324;13;5;6;0;5;7;-1.7146630355409362;6;20;3.3890936681198065;1;1;4;3;3;6;1;15;22;-0.3948620816093582;2;1;1;5;4;19;6;2;24;13;1;4;0;17;12;5;2;11;13;1;0;5;6;23;6.588646003245719;4;1;10;22;8.955671342836176;3;3;0;17;19;4;1;4;4;1;5;25;3;14;4;0;1;6;11;0;23;-0.6322856613132679;16;2;5;11;2;23;-0.4906095243794275;14;2;3;0;2;0;4;5;3;4;15;5;2;0;2;15;17;2;17;17;4;1;11;10;4;5;3;3;5;19;4;5;1;1;4;24;3;1;11;10;0;3;5;20;-1.4396459622902154;0;1;8;7;-3.0984264162385315;6;12;3;6;5;2;5;6;1;0;12;7;-9.336749803228296;5;11;1;0;3;3;18;6;5;13;5;6;3;14
TRACK:39;24;1;2;2;3;6;3;1;6;1;3;2;11;9;0;2;23;8.253319122455128;19;2;15;19;6;2;1;3;20;3.8704123774719985;6;19;5;2;11;21;3.763084454764371;2;2;1;3;5;2;1;6;18;4;23;4.065178487451046;0;5;11;1;24;21;-7.596035922881812;5;3;1;3;4;18;2;3;17;5;19;2;1;5;3;6;3;15;5;4;3;4;20;0.823059279861658;6;4;5;4;5;22;7.491540739660692;2;2;1;4;1;6;2;16;7;5.805959118729367;1;6;7;8.130335727516321;2;13;9;3;4;4;2;12;19;2;0;6;6;0;14;14;5;2;1;21;-1.1443214347097346;24;6;13;4;1;0;4;24;1;25;21;-9.969584985196773;5;0;15;21;6.04578889669358;2;2;2;1;4;5;15;4;6;25;2;1;4;22;-8.721910513347382;1;22;-9.98057047092065;7;1.5953611103112486;4;5;9;2;1;4;5;15;5;1;23;-2.851945739924009;18;2;3;3;20;2.434665842407668;5;1;20;8.516889993608721;24;3;0;1;5;4;19;6;2;24;13;2;5;4;22;7.7315630690045545;4;3;23;-6.634176980293067;4;5;6;0;0;5;6;2;5;19;4;11;3;0;6;6;18;4;0;22;-1.7014576646062487;25;4;6;3;2;5;12;0;25;21;2.098282837454164
TRACK:40;30;-1;1;0;5;3;5;1;0;5;2;1;16;19;1;12;22;-6.321070840897622;1;5;1;9;15;6;4;15;2;3;5;5;23;-1.191104843672962;6;3;3;9;5;6;1;2;4;4;0;2;12;15;3;17;4;1;5;3;10;4;5;17;1;5;3;2;4;22;0.7971589516076202;3;15;1;3;5;3;7;-4.404304483034294;1;1;1;17;10;2;22;-2.658179214973903;18;6;0;12;11;2;5;2;6;2;4;6;5;11;0;5;1;5;22;-0.7896401160375779;1;13;18;0;3;0;15;10;5;6;13;2;4;3;4;5;3;13;2;2;5;2;6;8;2;14;11;2;6;1;8;17;5;6;18;0;0;4;6;24;3;6;24;6;6;5;19;5;2;3;2;3;0;5;5;23;-9.598017493779857;4;2;22;9.350844704720402;8;4;0;0;3;13;2;20;-7.6696300668045945;17;6;6;22;9.148540795431902;6;0;9;20;-8.791604846337368
TRACK:41;32;-1;1;6;2;3;1;4;0;0;5;4;19;0;4;8;5;11;2;3;5;21;-1.7706540644408557;6;5;11;2;6;0;5;2;10;17;3;1;20;-6.452789398053398;13;5;6;0;5;7;-1.64137549059169;6;20;3.3673021790157702;1;1;4;3;0;0;8;17;0;10;25;2;1;1;5;4;19;6;2;24;13;1;4;0;17;12;5;2;11;13;1;0;5;6;23;6.423110337175783;4;1;10;22;9.006742147898285;3;3;0;17;19;1;19;20;-7.809838381379053;2;3;0;2;0;4;5;3;4;15;5;2;0;2;15;17;2;17;17;6;0;9;20;-8.683072310185091;4;5;3;3;5;19;4;5;1;1;5;6;9;3;1;11;10;0;3;5;20;-1.544439996543558;0;1;8;7;-3.6123170440714567;6;12;3;6;5;2;5;6;1;0;12;7;-9.151691304957799;5;11;1;0;3;3;18;6;5;13;5;6;3;14
TRACK:42;34;-1;0;5;6;3;4;1;4;6;4;5;24;6;16;3;3;2;4;1;2;5;0;4;8;2;22;0.13333827835458772;18;6;2;2;25;17;3;15;1;4;6;4;19;1;6;5;9;5;4;11;6;6;0;6;1;3;21;3.770302998603192;3;11;0;6;2;14;7;6.051529521496227;0;6;20;-2.2770054040080714;6;14
TRACK:43;36;-1;1;6;2;3;1;4;0;0;5;4;19;0;4;8;5;11;2;3;5;21;-1.8233245859124745;6;5;11;2;6;0;5;2;10;17;3;1;20;-6.424839272268478;13;5;6;0;5;7;-1.754068324845023;6;20;3.2015719651770573;1;1;4;3;3;6;1;15;22;-0.36215413653748574;2;1;1;5;4;19;6;2;24;13;1;4;0;17;12;5;2;11;13;1;0;5;6;23;6.278249204254727;4;1;10;22;8.842477243975436;3;3;0;17;19;4;1;4;4;1;5;25;3;14;4;0;1;6;11;0;23;-0.7174547919035834;16;2;5;11;2;23;-0.6677721122248239;14;2;3;0;2;0;4;5;3;4;15;5;2;0;2;15;17;2;17;17;6;0;9;20;-8.517595091718464;4;5;0;6;13;5;15;4;5;1;1;5;6;9;3;1;11;10;0;3;3;23;9.106781647015145;0;1;8;7;-3.273521335720305;6;12;3;6;5;2;5;6;1;0;12;7;-9.38342347592266;5;11;1;0;3;3;18;6;5;13;5;6;3;14
TRACK:44;38;-1;1;6;2;3;1;4;0;0;5;4;19;0;4;8;5;11;2;3;5;21;-1.9336726479311246;6;5;11;2;6;0;5;2;10;17;3;1;20;-6.584819208099174;13;5;6;0;5;7;-1.829549561272075;6;20;3.557129689651485;1;1;4;3;3;6;1;15;22;-0.45422410481962283;2;1;1;5;4;19;6;2;24;13;1;4;0;17;12;5;2;11;13;1;0;5;6;23;6.5873662734874765;4;1;10;22;8.817962942103634;3;3;0;17;19;4;1;4;4;1;5;25;3;14;4;0;1;6;11;0;23;-0.7227940467799073;16;2;5;11;2;23;-0.526718052115792;14;2;3;0;2;0;4;5;3;4;15;5;2;0;2;15;17;2;17;17;4;1;25;10;4;5;3;3;5;19;4;5;1;1;4;24;3;1;11;10;0;3;5;20;-1.4466237032371811;0;1;8;7;-2.8503902585328103;6;12;3;6;5;2;5;6;1;0;12;7;-9.386189441440848;5;11;1;0;3;3;18;6;5;13;5;6;3;14
TRACK:45;31;-1;1;6;2;3;1;4;0;0;5;4;19;0;4;8;5;11;2;3;5;21;-1.8207983253615854;6;5;11;2;6;0;5;2;10;17;3;1;20;-6.5737622407439575;13;5;6;0;5;7;-1.7254869555076933;6;20;3.2720762750322714;1;1;4;3;3;6;1;15;22;-0.5211443738113695;2;1;1;5;4;19;6;2;24;13;1;0;8;20;1.3692572411300308;5;2;11;13;1;0;5;6;23;6.469219144871983;4;1;10;22;8.86055381318587;3;3;0;17;19;4;1;4;4;1;5;25;3;14;4;0;1;6;11;0;23;-0.7154094452774801;16;2;5;11;2;23;-0.434664611843722;14;13
TRACK:46;33;-1;1;6;2;3;1;4;0;0;5;4;19;0;4;8;5;11;2;3;5;21;-1.8262805377339955;6;5;11;2;6;0;5;2;10;17;3;1;20;-6.503207407305392;13;5;6;0;5;7;-1.6976623396142263;6;20;3.524324013570838;1;1;4;3;3;6;1;15;22;-0.24133867596993175;2;1;1;5;4;19;6;2;24;13;1;4;0;17;12;5;2;11;13;1;0;5;6;23;6.46541824655833;4;1;10;22;8.873865172715245;3;3;0;17;19;4;1;4;4;1;5;25;3;14;4;0;6;2;24;24;2;5;11;2;23;-0.5302142845551608;14;2;3;0;2;1;20;-6.488569060233164;13;4;5;3;3;5;19;4;5;1;1;4;9;3;1;11;10;0;3;5;20;-1.5133502985695737;0;1;8;7;-2.9309233344714247;6;12;3;6;5;2;5;6;1;0;12;7;-9.305600739124841;5;11;1;0;3;3;18;6;5;13;5;6;3;14
TRACK:47;35;-1;0;1;4;6;4;19;1;6;5;9;5;4;11;3;3;2;4;1;2;4;20;-0.3795874537401662;6;2;2;25;17;3;15;1;4;6;4;19;1;6;5;9;5;4;11;6;6;0;4;2;2;7;-3.634209689721493;16;5;15;0;6;2;14;7;6.0489812339893945;0;6;20;-2.292900396120537;6;14
TRACK:48;37;-1;2;5;3;1;2;0;3;5;4;5;8;5;3;3;1;23;6.818323970361609;14;6;1;4;2;5;15;4;7;-8.953334534582343;1;4;5;7;-0.8458764968693456;3;1;15;24;1;0;2;5;5;3;11;5;1;0;23;-6.231414131772313;12;3;23;9.172247968353588;5;6;1;1;17;22;-3.7478475981341863;5;24;3;1;0;3;5;8;5;0;24;9;5;4;1;11;20;3.55049308567358;0;0;6;0;6;6;2;2;5;11;6;23;-6.399349144633012;6;6;21;-10.0;2;4;5;4;25;0;1;2;8;8;0;17;12;1;4;9;2;20;8.433214820799979;19;3;3;6;0;1;5;0;19;11;0;4;11;6;14;2;3;1;25;17;5;20;-8.664479087943544;3;5;3;5;4;5;1;5;13;6;11
TRACK:49;39;-1;2;2;3;6;3;1;6;1;3;2;11;9;0;2;23;8.191111361199141;19;2;15;19;6;2;1;3;20;3.818072911410748;6;19;5;2;11;21;3.7983797757957225;2;2;1;3;5;2;1;6;18;4;23;4.223159828967305;0;5;11;1;24;21;-7.640160147022901;5;3;1;3;4;18;2;3;17;5;19;2;1;5;3;6;3;15;5;4;3;4;20;0.7206054344239897;6;4;5;4;5;22;7.421630611516503;2;2;1;4;1;6;2;16;7;5.639614875043003;1;6;7;8.088394630756952;2;13;9;3;4;4;2;12;19;2;0;6;6;0;14;14;5;2;1;21;-1.145469663475798;24;6;13;4;1;0;4;24;1;25;21;-10.0;5;0;15;21;6.12261778495151;2;2;2;1;4;5;15;4;6;25;2;1;4;22;-8.848886217546067;1;22;-10.0;7;1.514208263196544;4;5;9;2;1;4;5;15;5;1;23;-2.7058950225825416;18;2;1;24;20;8.558827587798937;5;1;20;8.513166896395308;24;3;0;1;5;4;19;6;2;24;13;2;5;4;22;7.803465627156268;4;3;23;-6.620404015776016;4;5;6;0;0;5;6;2;5;19;4;11;3;0;6;6;18;4;0;22;-1.76161717454171;25;4;6;3;2;5;12;0;25;21;2.0444037426395307
EVAL_INSTANCE:2:0:40
EVAL_INSTANCE:2:1:41
EVAL_INSTANCE:2:2:42
EVAL_INSTANCE:2:3:43
EVAL_INSTANCE:2:4:44
EVAL_INSTANCE:2:5:45
EVAL_INSTANCE:2:6:46
EVAL_INSTANCE:2:7:47
EVAL_INSTANCE:2:8:48
EVAL_INSTANCE:2:9:49
RUN_RESULT:2:0:0:2000:----
RUN_RESULT:2:1:0:2000:----
RUN_RESULT:2:2:0:1144:RRURRUURDDLLUUDDD
RUN_RESULT:2:3:0:861:RRURUUDDRUUDDD
RUN_RESULT:2:4:0:2000:----
RUN_RESULT:2:5:0:2000:----
RUN_RESULT:2:6:0:2000:----
RUN_RESULT:2:7:0:1144:RRURRUURDDLLUUDDD
RUN_RESULT:2:8:0:2000:----
RUN_RESULT:2:9:0:2000:----
     3 |       30 | -2.134800E+03 | -3.363000E+03
TRACK:50;24;43;1;6;2;3;1;4;0;0;5;4;19;0;4;8;5;11;2;3;5;21;-1.8067210368717688;6;5;11;2;6;0;5;2;10;17;3;1;20;-6.520464567236324;13;5;6;0;5;7;-1.7146630355409362;6;20;3.3890936681198065;1;1;4;3;3;6;1;15;22;-0.3948620816093582;2;0;9;20;-8.517595091718464;1;0;5;6;23;6.588646003245719;4;1;10;22;8.955671342836176;3;3;0;17;19;4;1;4;4;1;5;25;3;14;4;0;1;6;11;0;23;-0.6322856613132679;16;2;5;11;2;23;-0.4906095243794275;14;2;3;0;2;0;4;5;3;4;15;5;2;0;2;15;17;2;17;17;4;1;11;10;4;5;3;3;5;19;4;5;1;1;4;9;3;1;11;10;0;3;5;20;-1.4396459622902154;0;1;8;7;-3.0984264162385315;6;12;3;6;5;2;5;6;1;0;12;7;-9.336749803228296;5;11;1;0;3;3;18;6;5;13;5;6;3;14
TRACK:51;24;43;1;6;2;3;1;4;0;0;5;4;19;0;4;8;5;11;2;3;5;21;-1.8233245859124745;6;5;11;2;6;0;5;2;10;17;3;1;20;-6.424839272268478;13;5;6;0;5;7;-1.754068324845023;6;20;3.2015719651770573;1;1;4;3;3;6;1;15;22;-0.36215413653748574;2;1;1;5;4;19;6;2;24;13;1;4;0;17;23;-0.6322856613132679;5;2;11;13;1;0;5;6;23;6.278249204254727;4;1;10;22;8.842477243975436;3;3;0;17;19;4;1;4;4;1;5;25;3;14;4;0;1;6;11;0;23;-0.7174547919035834;16;2;5;11;2;23;-0.6677721122248239;14;2;3;0;2;0;4;5;3;4;15;5;2;0;2;15;17;2;17;17;6;0;9;20;-8.517595091718464;4;5;0;6;13;5;15;4;5;1;1;5;6;9;3;1;11;10;0;3;3;23;9.106781647015145;0;1;8;7;-3.273521335720305;6;12;3;6;5;2;5;6;1;0;12;7;-9.38342347592266;5;11;1;0;3;3;18;6;5;13;5;6;3;14
TRACK:52;26;28;1;6;2;3;1;4;0;0;5;4;19;0;4;8;5;11;2;3;5;21;-1.751855389467979;6;5;11;2;6;0;5;2;10;17;3;1;20;-6.416439326832546;13;5;6;0;5;7;-1.830693240736268;6;20;3.37430157175735;1;1;4;3;0;0;8;17;0;10;25;2;1;1;5;4;19;6;2;24;13;1;4;0;17;12;5;2;11;13;1;0;5;6;23;6.291523148893904;4;1;10;22;8.924274017605448;3;3;0;17;19;4;1;4;4;1;5;25;3;14;4;0;1;6;11;0;23;-0.7119758658888495;16;2;5;11;2;23;-0.6872408614054317;14;2;3;0;2;0;4;5;16;5;2;0;2;15;17;2;17;17;6;0;9;20;-8.659398559385327;4;5;3;3;5;19;4;5;1;1;5;6;9;3;1;11;10;0;3;5;20;-1.5207283206275404;0;1;8;7;-3.3323892902547656;6;12;3;6;5;2;5;6;1;0;12;7;-9.250631157401378;5;11;1;0;3;3;18;6;5;13;5;6;3;14
TRACK:53;26;28;0;5;6;3;4;1;4;6;4;5;24;6;4;6;5;16;3;3;2;4;1;2;5;0;4;8;2;22;0.17632097739006802;18;6;2;2;25;17;3;15;1;4;5;13;1;6;5;9;5;4;11;6;6;0;4;2;2;7;-3.4010646579887998;16;5;15;0;6;2;14;7;5.950892188184181;0;6;20;-2.3046015134453404;6;14
TRACK:54;0;43;2;2;2;4;2;5;6;6;0;1;17;18;4;9;3;4;1;3;3;22;-1.0923338884875484;0;2;13;7;-5.039557746308077;6;10;4;6;6;5;2;6;2;9;8;2;2;20;4.057497267814103;12;2;19;16;5;0;1;2;0;5;1;6;18;1;7;2.4011809540503357;20;4.564532991670248;1;0;1;24;17;2;23;-0.07793920871258209;8;1;6;13;1;25;14;3;0;3;3;8;3;3;10;1;0;1;6;1;7;6.061268455422901;24;0;0;12;24;3;20;7.107546832666493;2;3;3;18;3;6;9;6;1;4;6;23;4.650665236673451;4;2;16;15;1;5;6;3;5;0;25;10;4;3;2;5;0;23;4.799619363491207;10;3;0;17;19;3;6;6;4;0;5;3;4;5;25;5;2;5;2;24;21;-5.900059142210388;1;4;13;6;18
TRACK:55;0;43;1;6;2;3;1;4;0;0;5;4;19;0;4;8;5;11;2;3;5;21;-1.8233245859124745;6;5;11;2;6;0;5;2;10;17;3;1;20;-6.424839272268478;13;5;6;0;5;7;-1.754068324845023;6;20;3.2015719651770573;1;1;4;3;3;6;1;15;22;-0.36215413653748574;2;1;1;5;4;19;6;2;24;13;1;4;0;17;12;5;2;11;13;1;0;5;6;23;6.278249204254727;4;1;10;22;8.842477243975436;3;3;0;17;19;4;1;4;4;1;5;25;3;14;4;0;1;6;11;0;23;-0.7174547919035834;16;2;5;11;2;23;-0.6677721122248239;14;2;3;0;2;0;4;5;3;4;15;5;2;0;2;15;17;2;17;17;6;0;9;20;-8.517595091718464;4;5;0;6;13;5;15;4;5;1;1;5;6;9;13;0;3;3;23;9.106781647015145;0;1;8;7;-3.273521335720305;6;12;3;6;5;2;5;6;1;0;12;7;-9.38342347592266;5;11;1;0;3;3;18;6;5;13;5;6;3;14
TRACK:56;28;24;0;5;6;3;4;1;4;6;4;5;24;6;4;5;21;-1.8067210368717688;3;3;2;4;1;2;5;0;4;8;2;22;0.17632097739006802;18;6;2;2;25;17;3;15;1;4;6;4;19;1;6;5;9;5;4;11;6;6;0;4;2;2;7;-3.4010646579887998;16;5;15;0;6;2;14;7;5.950892188184181;0;6;20;-2.3046015134453404;6;14
TRACK:57;28;24;1;6;2;3;1;4;0;0;5;4;19;0;4;8;5;11;2;3;5;21;-1.8067210368717688;6;5;11;2;6;0;5;2;10;17;3;1;20;-6.520464567236324;13;5;6;0;5;7;-1.7146630355409362;6;20;3.3890936681198065;1;1;4;3;3;6;1;15;22;-0.3948620816093582;16;4;1;4;4;1;5;25;3;14;4;0;1;6;11;0;23;-0.6322856613132679;16;2;5;11;2;23;-0.4906095243794275;14;2;3;0;2;0;4;5;3;4;15;5;2;0;2;15;17;2;17;17;4;1;11;10;4;5;3;3;5;19;4;5;1;1;4;9;3;1;11;10;0;3;5;20;-1.4396459622902154;0;1;8;7;-3.0984264162385315;6;12;3;6;5;2;5;6;1;0;12;7;-9.336749803228296;5;11;1;0;3;3;18;6;5;13;5;6;3;14
TRACK:58;26;47;1;6;0;4;2;2;7;-3.634209689721493;16;5;15;0;6;2;14;7;6.0489812339893945;0;6;20;-2.292900396120537;6;14;2;3;0;2;0;4;5;3;4;15;5;2;0;2;15;17;2;17;17;6;0;9;20;-8.659398559385327;4;5;3;3;5;19;4;5;1;1;5;6;9;3;1;11;10;0;3;5;20;-1.5207283206275404;0;1;8;7;-3.3323892902547656;6;12;3;6;5;2;5;6;1;0;12;7;-9.250631157401378;5;11;1;0;3;3;18;6;5;13;5;6;3;14
TRACK:59;26;47;0;1;4;6;4;19;1;6;5;9;5;4;11;3;3;2;4;1;2;4;20;-0.3795874537401662;6;2;2;25;17;3;15;1;4;6;4;19;1;6;5;9;5;4;11;6;6;0;4;2;2;7;-3.634209689721493;16;5;15;0;6;2;14;7;6.0489812339893945;0;6;20;-2.292900396120537;6;17
TRACK:60;50;-1;1;6;2;3;1;4;0;0;5;4;19;0;4;8;4;22;-8.325719414867;2;3;5;21;-1.7553432531042057;6;5;11;2;6;0;5;2;10;17;3;1;20;-6.69968905562882;13;5;6;0;5;7;-1.6175751626322157;6;20;3.5157635121198445;1;1;4;3;3;6;1;15;22;-0.2623452158173374;2;0;9;20;-8.460003920328246;1;0;5;6;23;6.592780538985259;4;1;10;22;8.919794598303;3;3;0;17;19;4;1;4;4;1;5;25;3;14;4;0;1;6;11;0;23;-0.5437237428684178;16;2;5;11;2;23;-0.5872234235891992;14;2;3;0;2;0;4;5;3;4;15;5;2;0;2;15;17;2;17;17;4;1;11;10;4;5;3;3;5;19;4;5;1;1;4;9;3;1;11;10;0;3;5;20;-1.611702426998582;0;1;8;7;-3.2807636245333955;6;12;3;6;5;2;5;6;1;0;12;7;-9.229837194374014;5;11;1;0;3;3;18;6;5;13;5;6;3;14
TRACK:61;52;-1;1;6;2;3;1;4;0;0;5;4;19;0;4;8;5;11;2;3;5;21;-1.6584027197151887;6;5;11;2;6;0;5;2;10;17;3;1;20;-6.434214173869293;13;5;6;0;5;7;-1.9723497165967492;6;20;3.4845331464805973;1;1;4;3;0;0;8;17;0;10;25;2;1;1;5;4;19;6;2;24;13;1;4;0;17;12;5;0;21;-0.43085966186642466;11;1;0;5;6;23;6.39230939425878;4;1;10;22;8.842536234454322;3;3;0;17;19;4;1;4;4;1;5;25;3;14;4;0;1;6;11;0;23;-0.8268471219797744;16;2;5;11;2;23;-0.7201527735432626;14;2;3;0;2;0;4;5;16;5;2;0;2;15;17;2;17;17;6;0;9;20;-8.700503425767609;4;5;3;3;5;19;4;5;1;1;5;6;9;3;1;11;10;0;3;5;20;-1.5043242389102014;0;1;8;7;-3.165153190847154;6;12;3;6;5;2;5;6;1;0;12;7;-9.221357248958798;5;11;1;0;3;3;18;6;5;13;5;6;3;14
TRACK:62;54;-1;2;2;2;4;2;5;6;6;0;1;17;18;4;9;3;4;1;3;3;22;-1.0989086659673883;0;2;13;7;-5.00696782376875;6;10;4;6;6;5;2;6;2;9;8;2;2;20;3.904497828499322;12;2;19;16;5;0;1;2;0;5;1;6;18;1;7;2.452618004745104;20;4.458706985520796;1;0;1;24;17;2;23;-0.20061090824311034;8;1;6;13;1;25;14;3;0;2;13;21;-3.0753857487286806;3;3;10;1;0;1;6;1;7;5.975650946849626;24;0;0;12;24;3;20;7.112144787111031;2;3;3;18;3;6;9;6;1;4;6;23;4.583298740948427;4;2;16;15;1;5;6;3;5;0;25;10;4;3;2;5;0;23;4.616303504333584;10;3;0;17;19;3;6;6;4;0;5;3;4;5;25;5;2;5;2;24;21;-5.782804937682437;1;4;13;6;18
TRACK:63;56;-1;0;5;6;3;4;1;4;6;4;5;24;6;4;5;21;-1.7161943421827408;3;3;2;4;1;2;5;0;4;8;2;22;0.38978450308993795;18;6;2;2;25;17;3;15;1;4;6;4;19;1;6;5;9;5;4;11;6;6;0;4;2;2;7;-3.2983254760441536;16;5;15;0;6;2;14;24;0;6;20;-2.3405585545958227;6;14
TRACK:64;58;-1;1;6;0;4;2;2;7;-3.409801237399381;16;5;15;0;6;2;14;7;5.954627383850387;0;6;20;-2.2243632233162893;6;14;2;3;0;2;0;4;5;3;4;15;5;2;0;2;15;17;2;17;17;6;0;9;20;-8.798689725880218;4;5;3;3;5;19;4;5;1;1;6;4;15;3;1;11;10;0;3;5;20;-1.6384283572615623;0;1;8;7;-3.356125096321681;6;12;3;6;5;2;5;6;1;0;12;7;-9.240027177749413;5;11;1;0;3;3;18;6;5;13;5;6;3;14
TRACK:65;51;-1;1;6;2;3;1;4;0;0;5;4;19;0;4;8;5;11;2;3;5;21;-1.8477167852013343;6;5;11;2;6;0;5;2;10;17;3;1;20;-6.35526170010489;13;5;6;0;5;7;-1.8178503898623501;6;20;3.2601323668638567;1;1;4;3;3;6;1;15;22;-0.3884482712200118;2;1;1;5;4;19;6;2;24;13;1;4;0;17;23;-0.4931106445028055;5;2;11;13;1;0;5;6;23;6.137403644521138;4;1;10;22;8.84779196161514;3;3;0;17;19;4;1;4;4;1;5;25;3;14;3;0;22;-5.450242819406304;17;2;3;0;2;0;4;5;3;4;15;5;2;0;2;15;17;2;17;17;6;0;9;20;-8.459492097439911;4;5;0;6;13;5;15;4;5;1;1;5;6;9;3;1;11;10;0;3;3;23;8.942512343901026;0;1;8;7;-3.2588317887186236;6;12;3;6;5;2;5;6;1;0;12;7;-9.321788699145763;5;11;1;0;3;3;18;6;5;13;5;6;3;14
TRACK:66;53;-1;0;5;6;3;4;1;4;6;4;5;24;6;4;6;5;16;3;3;2;4;1;2;5;0;4;8;2;22;0.1765757235049212;18;6;2;2;21;9.75600001699118;17;3;15;1;4;5;13;1;6;5;9;5;4;11;6;6;0;4;2;2;7;-3.4850215831729217;16;5;15;0;6;2;14;7;6.065131590380151;0;6;20;-2.3164921413456905;6;14
TRACK:67;55;-1;1;6;2;3;1;4;0;0;5;4;19;0;4;8;5;11;2;3;5;21;-1.7004952014384203;6;5;11;2;6;0;5;2;10;17;3;1;20;-6.532761024760409;13;5;6;0;5;7;-1.7933865300948166;6;20;3.444869344840237;1;1;4;3;3;6;1;15;22;-0.2072537132902763;2;1;1;5;4;19;6;2;24;13;1;4;0;17;12;5;2;11;13;1;0;5;6;23;6.489383422650759;4;1;10;22;8.801282079803855;3;3;0;17;19;4;1;4;4;1;5;25;3;14;4;0;1;6;11;0;23;-0.6776381065295558;16;2;5;11;2;23;-0.6529733861740689;14;2;3;0;2;0;4;5;3;4;15;5;2;0;2;15;17;2;17;17;6;0;9;20;-8.54892075225681;4;5;0;6;13;5;15;4;5;1;1;5;6;9;2;5;10;5;7;6.784379666592709;0;3;3;23;9.135751923992114;0;1;8;7;-3.220239231749446;6;12;3;6;5;2;5;6;1;0;12;7;-9.502140451073332;5;11;1;0;3;3;18;6;5;13;5;6;3;14
TRACK:68;57;-1;1;6;2;3;1;4;0;0;5;4;19;0;4;8;5;11;2;3;5;21;-1.7681766909439534;6;5;11;2;6;0;5;2;10;17;3;1;20;-6.432089639974562;13;5;6;0;5;7;-1.7053109018610457;6;20;3.3767679859344137;1;1;4;3;3;6;1;15;22;-0.46854290625493616;16;4;1;4;4;1;5;25;3;14;4;0;1;6;11;0;23;-0.765879174428583;16;2;5;11;2;23;-0.3454495067229032;14;2;3;0;2;0;4;5;3;4;15;5;2;0;2;15;17;2;17;17;4;1;11;10;4;5;3;3;5;19;4;5;1;1;4;9;3;1;11;10;0;3;5;20;-1.506326019349889;0;1;8;7;-3.078362883385686;6;12;3;6;5;2;5;6;1;0;12;7;-9.435100095214546;5;11;1;0;3;3;18;6;1;19;7;-4.718959398673224;5;6;3;14
TRACK:69;59;-1;0;1;4;6;4;19;1;6;5;9;3;6;0;4;1;2;24;13;2;15;11;5;5;5;14;3;3;2;4;1;2;4;20;-0.4424763749775739;6;2;2;25;17;3;15;1;4;6;4;19;1;6;5;9;5;4;11;6;6;0;4;2;2;7;-3.848728880450292;16;5;15;0;6;2;14;7;6.089125156252563;0;6;20;-2.289641938805084;6;17
EVAL_INSTANCE:3:0:60
EVAL_INSTANCE:3:1:61
EVAL_INSTANCE:3:2:62
EVAL_INSTANCE:3:3:63
EVAL_INSTANCE:3:4:64
EVAL_INSTANCE:3:5:65
EVAL_INSTANCE:3:6:66
EVAL_INSTANCE:3:7:67
EVAL_INSTANCE:3:8:68
EVAL_INSTANCE:3:9:69
RUN_RESULT:3:0:0:2000:----
RUN_RESULT:3:1:0:862:RRURUUDDRUUDDLD
RUN_RESULT:3:2:0:2000:----
RUN_RESULT:3:3:0:1176:RRURRUURDDLLUUDRDD
RUN_RESULT:3:4:0:2000:----
RUN_RESULT:3:5:0:861:RRURUUDDRUUDDD
RUN_RESULT:3:6:0:1144:RRURRUURDDLLUUDDD
RUN_RESULT:3:7:0:862:RRURUUDDRUUDDLD
RUN_RESULT:3:8:0:637:RRURUUDDRUUDDD
RUN_RESULT:3:9:0:2000:----
     4 |       40 | -3.127000E+03 | -3.363000E+03
TRACK:70;43;24;1;6;2;3;1;4;0;0;5;4;19;0;4;8;5;11;2;3;5;21;-1.8233245859124745;6;5;11;2;6;0;5;2;10;17;3;1;20;-6.424839272268478;13;5;6;0;5;7;-1.754068324845023;6;20;3.2015719651770573;1;1;4;3;3;6;1;15;22;-0.36215413653748574;2;1;1;5;4;19;6;2;24;13;1;4;0;17;12;5;2;11;13;1;0;5;6;23;6.278249204254727;4;1;10;22;8.842477243975436;3;3;0;17;19;4;1;4;4;1;5;25;3;14;4;0;1;6;11;0;23;-0.7174547919035834;16;2;5;11;2;23;-0.6677721122248239;14;2;3;0;2;0;4;5;3;4;15;5;2;0;2;15;17;4;8;6;0;9;20;-8.517595091718464;4;5;0;6;13;5;15;4;5;1;1;5;6;9;3;1;11;10;0;3;3;23;9.106781647015145;0;1;8;7;-3.273521335720305;6;12;3;6;5;2;5;6;1;0;12;7;-9.38342347592266;5;11;1;0;3;3;18;6;5;13;5;6;3;14
TRACK:71;43;24;1;6;2;3;1;4;0;0;5;4;19;0;4;8;5;11;2;3;5;21;-1.8067210368717688;6;5;11;2;6;0;5;2;10;17;3;1;20;-6.520464567236324;13;5;6;0;5;7;-1.7146630355409362;6;20;3.3890936681198065;1;1;4;3;3;6;1;15;22;-0.3948620816093582;2;1;1;5;4;19;6;2;24;13;1;4;0;17;12;5;2;11;13;1;0;5;6;23;6.588646003245719;4;1;10;22;8.955671342836176;3;3;0;17;19;4;1;4;4;1;5;25;3;14;4;6;3;14;2;3;0;2;0;4;5;3;4;15;5;2;0;2;15;17;2;17;17;4;1;11;10;4;5;3;3;5;19;4;5;1;1;4;9;3;1;11;10;0;3;5;20;-1.4396459622902154;0;1;8;7;-3.0984264162385315;6;12;3;6;5;2;5;6;1;0;12;7;-9.336749803228296;5;11;1;0;3;3;18;6;5;13;5;6;3;14
TRACK:72;4;65;1;6;2;3;1;4;0;0;5;4;19;0;4;8;5;11;2;3;5;21;-1.7402772589596172;6;5;11;2;6;0;5;2;10;17;3;1;20;-6.496102096761436;13;5;6;0;5;7;-1.7468385176718915;6;20;3.333133134567685;1;1;4;3;3;6;1;15;22;-0.42494811950770206;2;1;1;5;4;19;6;2;24;13;1;4;0;17;12;5;2;11;13;1;0;5;6;23;6.253825613516057;4;1;10;22;8.859063004489386;3;3;0;17;19;4;1;4;4;1;5;25;3;14;4;0;1;6;11;0;23;-0.6235796631248824;16;5;21;-1.8477167852013343;2;3;0;2;0;4;5;3;4;15;5;2;0;2;15;17;2;17;17;6;0;9;20;-8.656333016575022;4;5;3;3;5;19;4;5;1;1;5;6;9;3;1;11;10;0;3;5;20;-1.4297907188873022;0;1;8;7;-3.2151464327420083;6;12;3;6;5;2;5;6;1;0;12;7;-9.268981706402823;5;11;1;0;3;3;18;6;5;13;5;6;3;14
TRACK:73;4;65;1;6;2;3;1;4;0;0;5;4;19;0;4;8;5;11;2;3;5;21;-1.8477167852013343;6;5;11;2;6;0;5;2;10;17;3;1;20;-6.35526170010489;13;5;6;0;5;7;-1.8178503898623501;6;20;3.2601323668638567;1;1;4;3;3;6;1;15;22;-0.3884482712200118;2;1;1;5;4;19;6;2;24;11;1;4;0;17;23;-0.4931106445028055;5;2;11;13;1;0;5;6;23;6.137403644521138;4;1;10;22;8.84779196161514;3;3;0;17;19;4;1;4;4;1;5;25;3;14;3;0;22;-5.450242819406304;17;2;3;0;2;0;4;5;3;4;15;5;2;0;2;15;17;2;17;17;6;0;9;20;-8.459492097439911;4;5;0;6;13;5;15;4;5;1;1;5;6;9;3;1;11;10;0;3;3;23;8.942512343901026;0;1;8;7;-3.2588317887186236;6;12;3;6;5;2;5;6;1;0;12;7;-9.321788699145763;5;11;1;0;3;3;18;6;5;13;5;6;3;14
TRACK:74;68;68;1;6;2;3;1;4;0;0;5;4;19;0;4;8;5;11;2;3;5;21;-1.7681766909439534;6;5;11;2;6;0;5;2;10;17;3;1;20;-6.432089639974562;13;5;6;0;5;7;-1.7053109018610457;6;20;3.3767679859344137;1;1;4;3;3;6;1;15;22;-0.46854290625493616;16;4;1;4;4;1;5;25;3;14;4;0;1;6;11;0;23;-0.765879174428583;16;2;5;11;2;23;-0.3454495067229032;14;2;3;0;2;0;4;5;3;4;15;5;2;0;2;15;17;2;17;17;4;1;11;10;4;5;3;3;5;19;4;5;1;1;4;9;3;1;11;10;0;3;5;20;-1.506326019349889;6;5;11;3;6;5;2;5;6;1;0;12;7;-9.435100095214546;5;11;1;0;3;3;18;6;1;19;7;-4.718959398673224;5;6;3;14
TRACK:75;68;68;1;6;2;3;1;4;0;0;5;4;19;0;4;8;5;11;2;3;5;21;-1.7681766909439534;6;5;11;2;6;0;5;2;10;17;3;1;20;-6.432089639974562;13;5;6;0;5;7;-1.7053109018610457;6;20;3.3767679859344137;1;1;4;3;3;6;1;15;22;-0.46854290625493616;16;4;1;4;4;1;5;25;3;14;4;0;1;6;11;0;23;-0.765879174428583;16;2;5;11;2;23;-0.3454495067229032;14;2;3;0;2;0;4;5;3;4;15;5;2;0;2;15;17;2;17;17;4;1;11;10;4;5;3;3;5;19;4;5;1;1;4;9;3;1;11;10;0;3;5;20;-1.506326019349889;0;1;8;7;-3.078362883385686;6;12;3;6;5;2;5;6;1;0;12;7;-9.435100095214546;1;11;10;1;0;3;3;18;6;1;19;7;-4.718959398673224;5;6;3;14
TRACK:76;4;65;1;6;2;3;1;4;0;0;5;4;19;0;4;8;5;11;2;3;5;21;-1.7402772589596172;6;5;11;2;6;0;5;2;10;17;3;14;5;6;0;5;7;-1.7468385176718915;6;20;3.333133134567685;1;1;4;3;3;6;1;15;22;-0.42494811950770206;2;1;1;5;4;19;6;2;24;13;1;4;0;17;12;5;2;11;13;1;0;5;6;23;6.253825613516057;4;1;10;22;8.859063004489386;3;3;0;17;19;4;1;4;4;1;5;25;3;14;4;0;1;6;11;0;23;-0.6235796631248824;16;2;5;11;2;23;-0.47096802252034564;14;2;3;0;2;0;4;5;3;4;15;5;2;0;2;15;17;2;17;17;6;0;9;20;-8.656333016575022;4;5;3;3;5;19;4;5;1;1;5;6;9;3;1;11;10;0;3;5;20;-1.4297907188873022;0;1;8;7;-3.2151464327420083;6;12;3;6;5;2;5;6;1;0;12;7;-9.268981706402823;5;11;1;0;3;3;18;6;5;13;5;6;3;14
TRACK:77;4;65;1;6;2;3;1;4;0;0;5;4;19;0;4;8;5;11;2;3;5;21;-1.8477167852013343;6;5;11;2;6;0;5;2;10;17;3;1;20;-6.35526170010489;13;5;6;0;5;7;-1.8178503898623501;6;20;3.2601323668638567;1;1;4;3;3;6;1;15;22;-0.3884482712200118;2;1;1;5;4;19;6;2;24;13;1;4;0;17;23;-0.4931106445028055;5;2;11;13;1;0;5;6;23;6.137403644521138;4;1;10;22;8.84779196161514;3;3;0;17;19;4;1;4;4;1;5;25;3;14;3;0;22;-5.450242819406304;17;2;3;0;2;0;4;5;3;4;15;5;2;0;2;15;17;2;17;17;6;0;9;20;-8.459492097439911;4;5;0;6;13;5;15;4;5;1;1;5;6;9;3;1;11;10;0;3;3;23;8.942512343901026;0;1;8;7;-3.2588317887186236;6;12;3;6;5;2;5;6;1;0;12;7;-9.321788699145763;5;11;1;0;3;3;18;6;5;13;5;6;3;14
TRACK:78;24;43;1;6;2;3;1;4;0;0;5;4;19;0;4;8;5;11;2;3;5;21;-1.8067210368717688;6;5;11;2;6;0;5;2;10;17;3;1;20;-6.520464567236324;13;5;6;0;5;7;-1.7146630355409362;6;20;3.3890936681198065;1;1;4;3;3;6;1;15;22;-0.3948620816093582;2;1;1;5;4;19;6;2;24;13;1;4;0;17;12;5;2;11;13;1;0;5;6;23;6.588646003245719;4;1;10;22;8.955671342836176;3;3;0;17;19;4;1;4;4;1;5;25;3;14;4;0;1;6;11;0;22;-0.36215413653748574;16;2;5;11;2;23;-0.4906095243794275;14;2;3;0;2;0;4;5;3;4;15;5;2;0;2;15;17;2;17;17;4;1;11;10;4;5;3;3;5;19;4;5;1;1;4;9;3;1;11;10;0;3;5;20;-1.4396459622902154;0;1;8;7;-3.0984264162385315;6;12;3;6;5;2;5;6;1;0;12;7;-9.336749803228296;5;11;1;0;3;3;18;6;5;13;5;6;3;14
TRACK:79;24;43;1;6;2;3;1;4;0;0;5;4;19;0;4;8;5;11;2;3;5;21;-1.8233245859124745;6;5;11;2;6;0;5;2;10;17;3;1;20;-6.424839272268478;13;5;6;0;5;7;-1.754068324845023;6;20;3.2015719651770573;1;1;4;3;3;6;1;15;22;-0.36215413653748574;2;1;1;5;4;19;6;2;24;13;1;4;0;17;12;5;2;11;13;1;0;5;6;23;6.278249204254727;4;1;10;22;8.842477243975436;3;3;0;17;19;4;1;4;4;1;5;25;3;14;4;0;1;6;11;0;23;-0.7174547919035834;16;2;5;11;2;23;-0.6677721122248239;14;2;3;0;2;0;4;5;3;4;15;5;2;0;2;15;17;2;17;17;6;0;9;20;-8.517595091718464;4;5;0;6;13;5;15;4;5;1;1;5;6;9;3;1;11;10;0;3;3;23;9.106781647015145;0;1;8;7;-3.273521335720305;6;12;3;6;5;2;5;6;1;0;12;7;-9.38342347592266;5;23;-0.4906095243794275;1;0;3;3;18;6;5;13;5;6;3;14
TRACK:80;70;-1;1;6;2;3;1;4;0;0;5;4;19;0;4;8;5;11;2;3;5;21;-1.8491168872505819;6;5;11;2;6;0;5;2;10;17;3;1;20;-6.607430865129733;13;5;6;0;5;7;-1.717744264733496;6;20;3.154457854372222;1;1;4;3;3;6;1;15;22;-0.41172832009873145;2;1;1;5;4;19;6;2;24;13;1;4;0;17;12;5;2;11;13;1;0;5;6;23;6.187699829331522;4;1;10;22;8.852617985018723;3;3;0;17;19;4;1;4;4;1;5;25;3;14;4;0;1;6;11;0;23;-0.6872377926919168;16;2;5;11;2;23;-0.6068678078359048;14;2;3;0;2;0;4;5;3;4;15;5;2;0;2;15;17;4;8;6;0;9;20;-8.505112164499332;4;5;0;6;13;5;15;4;5;1;1;5;6;9;3;1;11;10;0;1;1;15;8;6;14;0;1;8;7;-3.3353279430179756;6;12;3;6;5;2;5;6;1;0;12;7;-9.390847527891278;5;11;1;0;3;3;18;6;5;13;5;6;3;14
TRACK:81;72;-1;1;6;2;3;1;4;0;0;5;4;19;0;4;8;5;11;2;3;5;21;-1.7594188393294838;6;5;11;2;6;0;5;2;10;17;3;1;20;-6.486616321937394;13;5;6;0;5;7;-1.6563628887986388;6;20;3.334672289706162;1;1;4;3;3;6;1;15;22;-0.42371055204363;2;1;1;5;4;19;6;2;24;13;1;4;0;17;12;5;2;11;13;1;0;5;6;23;6.122108818384359;4;1;10;22;8.857679284117427;3;3;0;17;19;4;1;4;4;1;5;25;3;14;4;0;1;6;11;0;23;-0.6908692490631958;16;5;21;-1.9171459643800493;2;3;0;2;0;4;5;3;4;15;5;2;0;2;15;17;2;17;17;6;0;9;20;-8.83365957864614;4;5;3;3;5;19;4;5;1;1;5;6;9;3;1;11;10;0;3;5;20;-1.47358769313323;0;1;25;7;-3.2282927664760765;6;12;3;6;5;2;5;6;1;0;12;7;-9.38458864101561;5;11;1;0;3;3;18;6;5;13;5;6;3;14
TRACK:82;68;-1;1;6;2;3;1;4;0;0;5;4;19;0;4;8;5;11;2;3;5;21;-1.78679417270283;6;5;11;2;6;0;6;21;-7.252228558140985;1;10;11;5;6;0;5;7;-1.7266847267257706;6;20;3.473560687987429;1;1;4;3;3;6;1;15;22;-0.33836193297724215;16;4;1;4;4;1;5;25;3;14;4;0;1;6;11;0;23;-0.8546070854566418;16;2;5;11;2;23;-0.32031712623086905;14;2;3;0;2;0;4;5;3;4;15;5;2;0;2;15;17;2;17;17;4;1;11;10;4;5;3;3;5;19;4;5;1;1;4;9;3;1;11;10;0;3;5;20;-1.3930479250529566;0;1;8;7;-3.072164179835853;6;12;3;6;5;2;5;6;1;0;12;7;-9.26909669249956;5;11;1;0;3;3;18;6;1;19;7;-4.9592581972014225;5;6;3;14
TRACK:83;76;-1;1;6;2;3;1;4;0;0;5;4;19;0;4;8;5;11;2;3;5;21;-1.7050207509797373;6;5;11;2;6;0;5;2;10;17;3;14;5;6;0;5;7;-1.8349453137708847;6;20;3.234811736885735;1;1;4;3;3;6;1;15;22;-0.4640010821369291;2;1;1;5;4;19;6;2;24;13;1;4;0;17;12;5;2;11;13;1;0;5;6;23;6.183634169391369;4;1;10;22;8.987981354442683;3;3;0;17;19;4;1;4;4;1;5;25;3;14;4;0;1;6;11;0;23;-0.6929270680311402;16;2;5;11;2;23;-0.6752114872204154;14;2;3;0;2;0;4;5;3;4;15;5;2;0;2;15;17;2;17;17;6;0;9;20;-8.745262100895175;4;5;3;3;5;19;4;5;1;1;5;6;9;3;1;11;10;0;3;5;20;-1.2868665792503537;0;1;8;7;-3.109678271607928;6;12;3;6;5;2;5;6;1;0;12;7;-9.22187572736438;5;11;1;0;3;3;18;6;5;13;5;4;5;25
TRACK:84;78;-1;1;6;2;3;1;4;0;0;5;4;19;0;4;8;5;11;2;3;5;21;-1.9169688586935847;6;5;11;2;6;0;5;2;10;17;3;1;20;-6.4182393753004;13;5;6;0;5;7;-1.5883889120321535;6;20;3.2482729365991903;1;1;4;3;3;6;1;15;22;-0.24868721919163997;2;1;1;5;4;19;6;2;24;13;1;4;0;17;12;5;2;11;13;1;0;5;6;23;6.64275924896816;4;1;10;22;9.041125792935379;3;3;0;17;19;4;1;4;4;1;5;25;3;14;4;0;1;6;11;0;22;-0.2933540063843404;16;2;5;11;2;23;-0.2480256318927393;14;2;3;0;2;0;4;5;3;4;15;5;2;0;2;15;17;2;17;17;4;1;11;10;4;5;3;3;5;19;4;5;1;1;4;9;0;24;21;1.2400079841835598;0;3;5;20;-1.3502286936498133;0;1;8;7;-3.0837295635144426;6;12;3;6;5;2;5;6;1;0;12;7;-9.505296082634414;5;11;1;0;3;3;18;6;5;13;5;6;3;14
TRACK:85;71;-1;1;6;2;3;1;4;0;0;5;4;19;0;4;8;5;11;2;3;5;21;-1.8416944936204063;6;5;11;2;6;0;5;2;10;17;3;1;20;-6.610618929569926;13;5;6;0;5;7;-1.7855822719791923;0;22;9.545518179489388;9;1;1;4;3;3;6;1;15;22;-0.4004878923239798;2;1;1;5;4;19;6;2;24;13;1;4;0;17;12;5;2;11;13;1;0;5;6;23;6.686643183190886;4;1;10;22;9.03967072632757;3;3;0;17;19;4;1;4;4;1;5;25;3;14;4;6;3;14;2;3;0;2;0;4;5;3;4;15;5;2;0;2;15;17;2;17;17;4;1;11;10;4;5;3;3;5;19;4;5;1;1;4;9;3;1;11;10;0;3;5;20;-1.3876349018853158;0;1;8;7;-3.262426392672694;6;12;3;6;5;2;5;6;1;0;12;7;-9.437810170592327;5;11;1;0;3;3;18;6;5;13;5;6;3;14
TRACK:86;73;-1;1;6;2;3;1;4;0;0;5;4;19;0;4;8;5;11;2;3;5;21;-1.7969761437586702;6;5;11;2;6;0;5;2;10;17;3;1;20;-6.458649625434636;13;5;6;0;5;7;-1.9355997553295832;6;20;3.16265961776866;1;1;4;3;3;6;1;15;22;-0.2467261365205145;2;1;1;5;4;19;6;2;24;11;1;4;0;17;23;-0.4117514903853041;5;2;11;13;1;0;5;6;23;5.923100275115735;4;1;10;22;8.973231256881498;3;3;0;17;19;4;1;4;4;1;5;25;3;14;3;0;22;-5.345002757693569;17;2;3;0;2;0;4;5;3;0;21;5.044986226151822;16;5;2;0;2;15;17;2;17;17;6;0;9;20;-8.53773514485195;4;5;0;6;13;5;15;4;5;1;1;5;6;9;3;1;11;10;0;3;3;23;8.744657525728156;0;1;8;7;-3.135760082887782;6;12;3;6;5;2;5;6;1;0;12;7;-9.128468828304188;5;11;1;0;3;3;18;6;5;13;5;6;3;14
TRACK:87;68;-1;1;6;2;3;1;4;0;0;5;4;19;0;4;8;5;11;2;3;5;21;-1.5222122872620436;6;5;11;2;6;0;5;2;10;17;3;1;20;-6.596683483426607;13;5;6;0;5;7;-1.675692334564164;6;20;3.2039176922280657;1;1;4;3;3;6;1;15;22;-0.6390904239236075;16;4;1;4;4;1;5;25;3;14;4;0;1;6;11;0;23;-0.707495028811332;16;2;5;11;2;23;-0.2585808732426544;14;2;3;0;2;0;4;5;3;4;15;5;2;0;2;15;17;2;17;17;4;1;11;10;4;5;3;3;5;20;0.7191475262007003;4;5;1;1;4;9;3;1;11;10;0;3;5;20;-1.4981389458593466;0;1;8;7;-3.1735422746931934;6;12;3;6;5;2;5;6;1;0;12;7;-9.466482582479335;5;11;1;0;3;3;18;6;1;19;7;-4.696242036768628;5;6;3;14
TRACK:88;77;-1;1;6;2;3;1;4;0;0;5;4;19;0;4;8;5;11;2;3;5;21;-1.7970553181539468;6;5;11;2;6;0;6;3;22;6.648533857290239;3;1;20;-6.435102008233866;13;5;6;0;5;7;-1.8530949900270137;6;20;3.3239058236082104;1;1;4;3;3;6;1;15;22;-0.35321295551562265;2;1;1;5;4;19;6;2;24;13;1;4;0;17;23;-0.5698066012666225;5;2;11;13;1;0;5;6;23;6.106581956387911;4;1;10;22;8.997830924855418;3;3;0;17;19;4;1;4;4;1;5;25;3;14;3;0;22;-5.631898025623625;17;2;3;0;2;0;4;5;3;4;15;5;2;0;2;15;17;2;17;17;6;0;9;20;-8.496753491756923;4;5;0;6;13;5;15;4;5;1;1;5;6;9;3;1;11;10;0;3;3;23;8.99079320510949;0;1;8;7;-3.3959625245676275;6;12;3;6;5;2;5;6;1;0;12;7;-9.303874481090032;5;11;1;0;3;3;18;6;5;13;5;6;3;14
TRACK:89;79;-1;1;6;2;3;1;4;0;0;5;4;19;0;4;8;5;11;2;3;5;21;-1.8057038233689475;6;5;11;2;6;0;5;2;10;17;3;1;20;-6.451966545995315;13;5;6;0;5;7;-1.6978956430631338;6;20;3.1153385457197738;1;1;4;3;3;6;1;20;0.8505601057170544;22;-0.40984833906669305;2;1;1;5;4;19;6;2;24;13;1;4;0;17;12;5;2;11;13;1;0;5;6;23;6.218994685806699;4;1;10;22;8.745421967448806;3;3;0;17;19;4;1;4;4;1;5;25;3;14;4;0;1;6;11;0;23;-0.677564698664659;16;2;5;11;2;23;-0.5997520623926335;14;2;3;0;2;0;4;5;3;4;15;5;2;0;2;15;17;2;17;17;6;0;9;20;-8.649220508214418;4;5;0;6;13;5;15;4;5;1;1;5;6;9;3;1;11;10;0;3;3;23;8.926497965038951;0;1;8;7;-3.201403058330637;6;12;3;6;5;2;5;6;1;0;12;7;-9.325070149907914;5;23;-0.4484531514056432;1;0;3;3;18;6;5;13;5;6;3;14
EVAL_INSTANCE:4:0:80
EVAL_INSTANCE:4:1:81
EVAL_INSTANCE:4:2:82
EVAL_INSTANCE:4:3:83
EVAL_INSTANCE:4:4:84
EVAL_INSTANCE:4:5:85
EVAL_INSTANCE:4:6:86
EVAL_INSTANCE:4:7:87
EVAL_INSTANCE:4:8:88
EVAL_INSTANCE:4:9:89
RUN_RESULT:4:0:0:862:RRURUUDDRUUDDD
RUN_RESULT:4:1:0:861:RRURUUDDRUUDDD
RUN_RESULT:4:2:0:637:RRURUUDDRUUDDD
RUN_RESULT:4:3:0:719:RRURUUDDRUUDDD
RUN_RESULT:4:4:0:635:RRURUUDDRUUDDD
RUN_RESULT:4:5:0:2000:----
RUN_RESULT:4:6:0:861:RRURUUDDRUUDDD
RUN_RESULT:4:7:0:2000:----
RUN_RESULT:4:8:0:2000:----
RUN_RESULT:4:9:0:674:RRURUUDDRUUDDD
     5 |       50 | -3.261700E+03 | -3.365000E+03
TRACK:90;82;24;1;6;2;3;1;4;0;0;5;4;19;0;4;8;5;11;2;3;5;21;-1.78679417270283;6;5;11;2;6;0;6;21;-7.252228558140985;1;10;11;5;6;0;5;7;-1.7266847267257706;6;20;3.473560687987429;1;1;4;3;3;6;1;15;22;-0.33836193297724215;16;4;1;4;4;1;5;25;3;14;4;0;1;6;11;0;23;-0.8546070854566418;16;2;5;11;2;23;-0.32031712623086905;14;2;3;0;2;0;4;5;3;4;15;5;2;0;2;15;17;2;17;17;4;1;11;10;4;5;3;3;5;19;4;5;1;1;4;9;3;1;11;10;0;3;5;20;-1.3930479250529566;0;1;8;7;-3.072164179835853;6;12;3;6;5;2;5;6;1;0;12;16;5;11;1;0;3;3;18;6;1;19;7;-4.9592581972014225;5;6;3;14
TRACK:91;82;24;1;6;2;3;1;4;0;0;5;4;19;0;4;8;5;11;2;3;5;21;-1.8067210368717688;6;5;11;2;6;0;5;2;10;17;3;1;20;-6.520464567236324;13;5;6;0;5;7;-1.7146630355409362;6;20;3.3890936681198065;1;1;4;3;3;6;1;15;22;-0.3948620816093582;2;1;1;5;4;19;6;2;24;13;1;4;0;17;12;5;2;11;13;1;0;5;6;23;6.588646003245719;4;1;10;22;8.955671342836176;3;3;0;17;19;4;1;4;4;1;5;14;3;14;4;0;1;6;11;0;23;-0.6322856613132679;16;2;5;11;2;23;-0.4906095243794275;14;2;3;0;2;0;4;5;3;4;15;5;2;0;2;15;17;2;17;17;4;1;11;10;4;5;3;3;5;19;4;5;1;1;4;9;3;1;11;10;0;3;5;20;-1.4396459622902154;0;1;8;7;-3.0984264162385315;6;12;3;6;5;2;5;6;1;0;12;7;-9.336749803228296;5;11;1;0;3;3;18;6;5;13;5;6;3;14
TRACK:92;83;84;1;6;2;3;1;1;4;9;0;24;21;1.2400079841835598;0;3;5;20;-1.3502286936498133;0;1;8;7;-3.0837295635144426;6;12;1;1;4;3;3;6;1;15;22;-0.4640010821369291;2;1;1;5;4;19;6;2;24;13;1;4;0;17;12;5;2;11;13;1;0;5;6;23;6.183634169391369;4;1;10;22;8.987981354442683;3;3;0;17;19;4;1;4;4;1;5;25;3;14;4;0;1;6;11;0;23;-0.6929270680311402;16;2;5;11;2;23;-0.6752114872204154;14;2;3;0;2;0;4;5;3;4;15;5;2;0;2;15;17;2;17;17;6;0;9;20;-8.745262100895175;4;5;3;3;5;19;4;5;1;1;5;6;9;3;1;11;10;0;3;5;20;-1.2868665792503537;0;1;8;7;-3.109678271607928;6;12;3;6;5;2;5;6;1;0;12;7;-9.22187572736438;5;11;1;0;3;3;18;6;5;13;5;4;5;25
TRACK:93;83;84;1;6;2;3;1;4;0;0;5;4;19;0;4;8;5;11;2;3;5;21;-1.9169688586935847;6;5;11;2;6;0;5;2;10;17;3;1;20;-6.4182393753004;13;5;6;0;5;7;-1.5883889120321535;6;20;3.2482729365991903;1;1;4;3;3;6;1;15;22;-0.24868721919163997;2;1;1;5;4;19;6;2;24;13;1;4;0;17;12;5;2;11;13;1;0;5;6;23;6.64275924896816;4;1;10;22;9.041125792935379;3;3;0;17;19;4;1;4;4;1;5;25;3;14;4;0;1;6;11;0;22;-0.2933540063843404;16;2;5;11;2;23;-0.2480256318927393;14;2;3;0;2;0;4;5;3;4;15;5;2;0;2;15;17;2;17;12;4;1;11;10;4;5;3;3;5;19;4;5;1;1;4;9;0;24;21;1.2400079841835598;0;3;5;20;-1.3502286936498133;0;1;8;7;-3.0837295635144426;6;12;3;6;5;2;5;6;1;0;12;7;-9.505296082634414;5;11;1;0;3;3;18;6;5;13;5;6;3;14
TRACK:94;68;68;1;6;2;3;1;4;0;0;5;4;19;0;4;8;5;11;2;3;5;21;-1.7681766909439534;2;23;-0.3454495067229032;14;2;6;0;5;2;10;17;3;1;20;-6.432089639974562;13;5;6;0;5;7;-1.7053109018610457;6;20;3.3767679859344137;1;1;4;3;3;6;1;15;22;-0.46854290625493616;16;4;1;4;4;1;5;25;3;14;4;0;1;6;11;0;23;-0.765879174428583;16;2;5;11;2;23;-0.3454495067229032;14;2;3;0;2;0;4;5;3;4;15;5;2;0;2;15;17;2;17;17;4;1;11;10;4;5;3;3;5;19;4;5;1;1;4;9;3;1;11;10;0;3;5;20;-1.506326019349889;0;1;8;7;-3.078362883385686;6;12;3;6;5;2;5;6;1;0;12;7;-9.435100095214546;5;11;1;0;3;3;18;6;1;19;7;-4.718959398673224;5;6;3;14
TRACK:95;68;68;1;6;2;3;1;4;0;4;8;5;11;2;6;0;5;2;10;17;3;1;20;-6.432089639974562;13;5;6;0;5;7;-1.7053109018610457;6;20;3.3767679859344137;1;1;4;3;3;6;1;15;22;-0.46854290625493616;16;4;1;4;4;1;5;25;3;14;4;0;1;6;11;0;23;-0.765879174428583;16;2;5;11;2;23;-0.3454495067229032;14;2;3;0;2;0;4;5;3;4;15;5;2;0;2;15;17;2;17;17;4;1;11;10;4;5;3;3;5;19;4;5;1;1;4;9;3;1;11;10;0;3;5;20;-1.506326019349889;0;1;8;7;-3.078362883385686;6;12;3;6;5;2;5;6;1;0;12;7;-9.435100095214546;5;11;1;0;3;3;18;6;1;19;7;-4.718959398673224;5;6;3;14
TRACK:96;4;26;1;6;2;3;1;4;0;0;5;4;19;0;4;8;5;11;2;3;5;21;-1.7402772589596172;6;5;11;2;6;0;5;2;10;17;3;1;20;-6.496102096761436;13;5;6;0;5;7;-1.7468385176718915;6;20;3.333133134567685;1;1;4;3;3;6;1;15;22;-0.42494811950770206;2;1;1;5;4;19;6;2;24;13;1;4;0;17;12;5;2;11;13;1;0;5;6;23;6.253825613516057;4;1;10;22;8.859063004489386;3;3;0;17;19;4;1;4;4;1;5;25;3;14;4;0;1;6;11;0;23;-0.6235796631248824;16;2;5;11;2;23;-0.47096802252034564;14;2;3;0;2;0;4;5;3;4;15;5;2;0;2;15;17;2;17;17;6;0;9;20;-8.656333016575022;4;19;4;5;1;1;5;6;9;3;1;11;10;0;3;5;20;-1.4297907188873022;0;1;8;7;-3.2151464327420083;6;12;3;6;5;2;5;6;1;0;12;7;-9.268981706402823;5;11;1;0;3;3;18;6;5;13;5;6;3;14
TRACK:97;4;26;1;6;2;3;1;4;0;0;5;4;19;0;4;8;5;11;2;3;5;21;-1.751855389467979;6;5;11;2;6;0;5;2;10;17;3;1;20;-6.416439326832546;13;5;6;9;1;1;4;3;0;0;8;17;0;10;25;2;1;1;5;4;19;6;2;24;13;1;4;0;17;12;5;2;11;13;1;0;5;6;23;6.291523148893904;4;1;10;22;8.924274017605448;3;3;0;17;19;4;1;4;4;1;5;25;3;14;4;0;1;6;11;0;23;-0.7119758658888495;16;2;5;11;2;23;-0.6872408614054317;14;2;3;0;2;0;4;5;3;4;15;5;2;0;2;15;17;2;17;17;6;0;9;20;-8.659398559385327;4;5;3;3;5;19;4;5;1;1;5;6;9;3;1;11;10;0;3;5;20;-1.5207283206275404;0;1;8;7;-3.3323892902547656;6;12;3;6;5;2;5;6;1;0;12;7;-9.250631157401378;5;11;1;0;3;3;18;6;5;13;5;6;3;14
TRACK:98;84;24;1;6;2;3;1;4;0;0;5;4;19;0;4;8;5;11;2;3;5;21;-1.9169688586935847;6;5;11;2;6;0;5;2;10;17;3;1;20;-6.4182393753004;13;5;6;0;5;7;-1.5883889120321535;6;20;3.2482729365991903;1;1;4;3;3;6;1;15;22;-0.24868721919163997;2;1;1;5;4;19;6;2;24;13;1;4;0;17;12;5;2;11;13;1;0;5;6;23;6.64275924896816;4;1;10;22;9.041125792935379;3;3;0;17;19;4;1;4;4;1;5;25;3;14;4;0;1;6;11;0;22;-0.2933540063843404;16;2;5;11;2;23;-0.2480256318927393;14;2;3;0;2;0;4;5;3;4;15;5;2;0;2;15;17;2;17;17;4;1;11;10;0;17;19;4;5;1;1;4;9;0;24;21;1.2400079841835598;0;3;5;20;-1.3502286936498133;0;1;8;7;-3.0837295635144426;6;12;3;6;5;2;5;6;1;0;12;7;-9.505296082634414;5;11;1;0;3;3;18;6;5;13;5;6;3;14
TRACK:99;84;24;1;6;2;3;1;4;0;0;5;4;19;0;4;8;5;11;2;3;5;21;-1.8067210368717688;6;5;11;2;6;0;5;2;10;17;3;1;20;-6.520464567236324;13;5;6;0;5;7;-1.7146630355409362;6;20;3.3890936681198065;1;1;4;3;3;6;1;15;22;-0.3948620816093582;2;1;1;5;4;19;6;2;24;13;1;4;0;17;12;5;2;11;13;1;0;5;6;23;6.588646003245719;4;1;10;22;8.955671342836176;3;3;0;17;19;4;1;4;4;1;5;25;3;14;4;0;1;6;11;0;23;-0.6322856613132679;16;2;5;11;2;23;-0.4906095243794275;14;2;3;0;2;0;4;5;3;4;15;5;2;0;2;15;17;2;17;17;4;1;11;10;4;5;3;3;5;19;4;5;1;1;4;9;3;1;10;10;0;3;5;20;-1.4396459622902154;0;1;8;7;-3.0984264162385315;6;12;3;6;5;2;5;6;1;0;12;7;-9.336749803228296;5;11;1;0;3;3;18;6;5;13;5;6;3;14
TRACK:100;90;-1;1;6;2;3;1;4;0;0;5;4;19;0;4;8;5;11;2;3;5;21;-1.7208488987902888;6;5;11;2;6;0;6;21;-7.09501047739975;1;10;11;5;6;0;5;7;-1.8041132165091;6;20;3.487404021957225;1;1;4;3;3;6;1;15;22;-0.27245749208627323;16;4;1;4;4;1;5;25;3;14;4;0;1;6;11;0;23;-0.738920815118807;16;2;5;11;2;23;-0.23526148386820717;14;2;3;0;2;0;4;5;3;4;15;5;2;0;2;15;17;2;17;17;4;1;11;10;4;5;3;3;5;19;4;5;1;1;4;9;3;1;11;10;0;3;5;20;-1.4567780830416073;0;1;8;7;-3.065140138927791;6;12;3;6;5;2;5;6;1;0;12;16;5;11;1;2;2;20;4.580892563079612;8;3;18;5;6;3;14
TRACK:101;92;-1;1;6;2;3;1;1;4;9;0;24;21;1.1726089247694573;0;3;5;20;-1.1829479810190022;0;1;8;7;-2.9695873542364426;6;12;1;1;4;3;3;6;1;15;22;-0.6640545075887154;2;1;1;5;4;19;6;2;24;13;1;4;0;17;12;5;2;11;13;1;0;5;6;23;6.249268026746864;4;1;10;22;8.988572552287579;3;3;0;17;19;4;1;4;4;1;5;25;3;14;4;0;1;6;11;0;23;-0.5526715831969266;16;2;5;11;2;23;-0.6615261897666619;14;2;3;0;2;0;4;5;3;4;15;5;2;0;2;15;17;0;14;25;6;0;9;20;-8.66944776133948;4;5;3;3;5;19;4;5;1;1;5;6;9;3;1;11;10;0;3;5;20;-1.428976026045406;0;1;8;7;-2.981164343680209;6;12;3;6;5;2;5;6;1;0;12;7;-9.212415620177632;5;11;1;0;3;3;18;6;5;13;5;4;5;25
TRACK:102;94;-1;1;6;2;3;1;4;0;0;5;4;19;0;4;8;5;11;2;3;5;21;-1.7961348564363027;2;23;-0.2590180391176135;14;2;6;0;5;2;10;17;3;1;20;-6.504912596196601;13;5;6;0;5;7;-1.870792754053113;6;20;3.4829118230844704;1;1;4;3;3;6;1;15;22;-0.28325293426436393;16;4;1;4;4;1;5;25;3;14;4;0;1;6;11;0;23;-0.8108264321320973;16;2;5;11;2;23;-0.37445178765162646;14;2;3;0;2;0;4;5;3;4;15;5;2;6;3;25;4;1;11;10;4;5;3;3;5;19;4;5;1;1;4;9;3;1;11;10;0;3;5;20;-1.5996905591286468;0;1;8;7;-2.905212297703424;6;12;3;6;5;2;5;6;1;0;12;7;-9.505465088191912;5;11;1;0;3;3;18;6;1;19;7;-4.764343040408422;5;6;3;14
TRACK:103;4;-1;1;6;2;3;1;4;0;0;5;4;19;0;4;8;5;11;2;3;5;21;-1.757512434338157;6;5;11;2;6;0;5;2;10;17;3;1;20;-6.614213380811246;13;5;6;0;5;7;-1.8287897522626784;6;20;3.3435307304910276;1;1;4;3;3;6;1;15;22;-0.3699277989915916;2;1;1;5;4;19;6;2;24;13;1;4;0;17;12;5;2;11;13;1;0;5;6;23;6.256352215525975;4;1;10;22;8.754208787273285;3;3;0;17;19;4;1;4;4;1;5;25;3;14;4;0;1;6;11;0;23;-0.6180093454405149;16;2;5;11;2;23;-0.5154197267922913;14;2;3;0;2;0;4;5;3;4;15;5;2;0;2;15;17;2;17;17;6;0;9;20;-8.581378355764695;4;5;3;3;5;19;4;6;0;6;1;10;17;5;6;23;3.4921925496696087;3;6;5;2;5;6;1;0;12;7;-9.439279953856666;5;11;1;0;3;3;18;6;5;13;5;6;3;14
TRACK:104;84;-1;1;6;2;3;1;4;0;0;5;4;19;0;4;8;5;11;2;3;5;21;-1.950392206776991;6;5;11;2;6;0;5;2;10;17;3;1;20;-6.617083011336466;13;5;6;0;5;7;-1.710760973485603;6;20;3.258920179104351;1;1;4;3;3;6;1;15;22;-0.31544809206542734;2;1;1;5;4;19;6;2;24;13;1;4;0;17;12;5;2;11;13;1;0;5;6;23;6.488633007948648;4;1;10;22;9.163523348830603;3;3;0;17;19;4;1;4;4;1;5;25;3;14;4;0;1;6;11;0;22;-0.2439513377735378;16;2;5;11;2;23;0.11430916817421816;14;2;3;0;2;0;4;5;3;4;15;5;2;0;2;15;17;2;17;21;-6.084800368087229;4;1;11;10;4;5;3;3;5;19;4;5;1;1;4;9;0;24;21;1.2292436615659785;0;3;5;20;-1.330601248502625;0;1;8;7;-3.0240226898270546;6;12;3;6;5;2;5;6;1;0;12;7;-9.62056978025754;5;11;1;0;3;3;18;6;5;13;5;6;3;14
TRACK:105;91;-1;1;6;2;3;1;4;0;0;5;4;19;0;4;8;5;11;2;3;5;21;-1.8909035506853513;6;5;11;2;6;0;5;2;10;17;3;1;20;-6.558971387406608;13;5;6;0;5;7;-1.6340967763145575;6;20;3.2938357504854245;1;1;4;3;3;6;1;15;22;-0.4318422066270704;2;1;1;5;4;19;6;2;24;13;1;4;0;17;12;5;2;11;13;1;0;5;6;23;6.585880674088076;4;1;10;22;8.744811249921467;3;3;0;17;19;4;1;4;4;1;5;14;3;14;4;0;1;6;11;0;23;-0.6793287872502762;16;2;5;11;2;23;-0.20298077156012556;14;2;3;0;2;0;4;5;3;4;13;5;2;0;2;15;17;2;17;17;4;1;11;10;4;5;3;3;5;19;4;5;1;1;4;9;3;1;11;10;0;3;5;20;-1.5373726786093778;0;1;8;7;-2.968421640154047;6;12;3;6;5;2;5;6;1;0;12;7;-9.339253792435697;5;11;1;0;3;3;18;6;5;13;5;6;3;14
TRACK:106;93;-1;1;6;2;3;1;4;0;0;5;4;19;0;4;8;5;11;2;3;5;21;-2.0109242061546615;6;5;11;2;6;0;5;2;10;17;3;1;20;-6.4311135832755655;13;5;6;0;5;7;-1.4261208885865717;6;20;3.144459609969048;1;1;4;3;3;6;1;15;12;2;1;1;5;4;19;6;2;24;13;1;4;0;17;12;5;2;11;13;1;0;5;6;23;6.824316949110397;4;1;10;22;9.120339365251866;3;3;0;17;19;4;1;4;4;1;5;25;3;14;4;0;1;6;11;0;22;-0.2333926016049855;16;2;5;11;2;23;-0.2849369236549824;14;2;3;0;2;0;4;5;3;4;15;5;2;0;2;15;17;2;17;12;4;1;11;10;4;5;3;3;5;19;4;5;1;1;4;9;0;24;21;1.4023180227656815;0;3;5;20;-1.4427418325772754;0;1;8;7;-3.262066829600845;6;12;3;6;5;2;5;6;1;0;12;7;-9.601780653615663;5;11;1;0;3;3;18;6;5;13;5;6;3;14
TRACK:107;95;-1;1;6;2;3;1;4;0;4;8;5;11;2;6;0;5;2;10;17;3;1;20;-6.438076554617208;13;5;6;0;5;7;-1.7589643162203719;6;20;3.336953803288121;1;1;4;3;3;6;1;15;22;-0.33833107071990776;16;4;1;4;4;1;5;25;3;14;4;0;1;6;11;0;23;-0.6709032903641257;16;2;5;11;2;23;-0.3748782449374059;14;2;3;0;2;0;4;5;3;4;15;5;2;0;2;15;17;2;17;17;4;1;11;10;4;5;3;3;5;19;4;5;1;1;4;9;3;1;11;10;0;3;5;20;-1.5857671005311007;0;1;8;7;-3.11178818557434;6;12;3;6;5;2;5;6;1;0;12;7;-9.495274406193506;5;11;5;6;22;3.074050111359597
TRACK:108;26;-1;1;6;2;3;1;4;0;0;5;4;19;0;4;8;5;11;2;3;5;21;-1.6336433653314093;6;5;11;2;6;0;5;2;10;17;3;1;20;-6.49007656172059;13;5;6;0;5;7;-1.898688094689294;6;20;3.467413615025642;1;1;4;3;0;0;8;17;0;10;25;2;1;1;5;4;19;6;2;24;13;1;4;0;17;12;5;2;11;13;2;0;3;23;-7.03127555704808;6;16;3;3;9;4;1;4;4;1;5;25;3;14;4;0;1;6;11;0;23;-0.7487080387850715;16;2;5;11;2;23;-0.6728802825264665;14;2;3;0;2;0;4;5;3;4;15;5;2;0;2;15;17;2;17;17;6;0;9;20;-8.645096503776413;4;5;3;3;5;19;4;5;1;1;5;6;9;3;1;11;10;0;3;5;20;-1.6439481047599387;0;1;8;7;-3.404839818385111;6;12;3;6;5;2;5;6;1;0;12;7;-9.287418688333329;5;11;1;0;3;3;18;6;5;13;5;6;3;14
TRACK:109;24;-1;1;6;2;3;1;4;0;0;5;4;19;0;4;8;5;11;2;3;5;21;-1.8419973339133564;6;5;11;2;6;0;5;2;10;17;3;1;20;-6.5189421557634155;13;5;6;0;5;7;-1.633229409794479;6;20;3.543779221112091;1;1;4;3;3;6;1;15;22;-0.3751769788984043;2;1;1;5;4;19;6;2;24;13;1;4;0;17;12;5;2;11;13;1;0;5;6;23;6.565488319907405;4;1;10;22;8.877620719375182;3;3;0;17;19;4;1;4;4;1;5;25;6;20;-2.481719417976871;4;0;1;6;11;0;23;-0.7958573861281169;16;2;5;11;2;23;-0.3187186349035324;14;2;3;0;2;0;4;5;3;4;15;5;2;0;2;15;17;2;17;17;4;1;11;10;4;5;3;3;5;19;4;5;1;1;4;9;3;1;11;10;0;3;5;20;-1.5507114746788628;0;1;8;7;-3.097275402659448;6;12;3;6;5;2;5;6;1;0;12;7;-9.265450763149307;5;11;1;0;3;3;18;6;5;13;5;6;3;14
EVAL_INSTANCE:5:0:100
EVAL_INSTANCE:5:1:101
EVAL_INSTANCE:5:2:102
EVAL_INSTANCE:5:3:103
EVAL_INSTANCE:5:4:104
EVAL_INSTANCE:5:5:105
EVAL_INSTANCE:5:6:106
EVAL_INSTANCE:5:7:107
EVAL_INSTANCE:5:8:108
EVAL_INSTANCE:5:9:109
RUN_RESULT:5:0:0:634:RRURUUDDRUUDDD
RUN_RESULT:5:1:0:2000:----
RUN_RESULT:5:2:0:2000:----
RUN_RESULT:5:3:0:2000:----
RUN_RESULT:5:4:0:2000:----
RUN_RESULT:5:5:0:2000:----
RUN_RESULT:5:6:0:635:RRURUUDDRUUDDD
RUN_RESULT:5:7:0:341:URRRUUDDRUUDDRUDDL
RUN_RESULT:5:8:0:861:RRURUUDDRUUDDD
RUN_RESULT:5:9:0:637:RRURUUDDRUUDDD
     6 |       60 | -3.381400E+03 | -3.659000E+03
TRACK:110;100;84;1;6;2;3;1;4;0;0;5;4;19;0;4;8;5;11;2;3;5;21;-1.7208488987902888;6;5;11;2;6;0;6;21;-7.09501047739975;1;10;11;5;6;0;5;7;-1.8041132165091;6;20;3.487404021957225;1;1;4;3;3;6;1;15;22;-0.27245749208627323;16;4;1;4;4;1;5;25;3;14;4;0;1;6;11;0;23;-0.738920815118807;16;2;5;11;2;23;-0.23526148386820717;14;2;3;0;2;0;4;5;3;4;15;5;2;0;2;15;17;2;17;17;4;1;11;10;6;23;6.64275924896816;4;5;1;1;4;9;3;1;11;10;0;3;5;20;-1.4567780830416073;0;1;8;7;-3.065140138927791;6;12;3;6;5;2;5;6;1;0;12;16;5;11;1;2;2;20;4.580892563079612;8;3;18;5;6;3;14
TRACK:111;100;84;1;6;2;3;1;4;0;0;5;4;19;0;4;8;5;11;2;3;5;21;-1.9169688586935847;6;5;11;2;6;0;5;2;10;17;3;1;20;-6.4182393753004;13;5;6;0;5;7;-1.5883889120321535;6;20;3.2482729365991903;1;1;4;3;3;6;1;15;22;-0.24868721919163997;2;1;1;5;4;19;6;2;24;13;1;4;0;17;12;5;2;11;13;1;0;5;6;23;6.64275924896816;4;1;14;22;9.041125792935379;3;3;0;17;19;4;1;4;4;1;5;25;3;14;4;0;1;6;11;0;22;-0.2933540063843404;16;2;5;11;2;23;-0.2480256318927393;14;2;3;0;2;0;4;5;3;4;15;5;2;0;2;15;17;2;17;17;4;1;11;10;4;5;3;3;5;19;4;5;1;1;4;9;0;24;21;1.2400079841835598;0;3;5;20;-1.3502286936498133;0;1;8;7;-3.0837295635144426;6;12;3;6;5;2;5;6;1;0;12;7;-9.505296082634414;5;11;1;0;3;3;18;6;5;13;5;6;3;14
TRACK:112;106;82;1;6;2;3;1;4;0;0;5;4;19;0;4;8;5;11;2;3;5;21;-2.0109242061546615;6;5;11;2;6;0;5;2;10;17;3;1;20;-6.4311135832755655;13;5;6;0;5;7;-1.4261208885865717;6;20;3.144459609969048;1;1;4;3;3;6;11;2;1;1;5;4;19;6;2;24;13;1;4;0;17;12;5;2;11;13;1;0;5;6;23;6.824316949110397;4;1;10;22;9.120339365251866;3;3;0;17;19;4;1;4;4;1;5;25;3;14;4;0;1;6;11;0;22;-0.2333926016049855;16;2;5;11;2;23;-0.2849369236549824;14;2;3;0;2;0;4;5;3;4;15;5;2;0;2;15;17;2;17;12;4;1;11;10;4;5;3;3;5;19;4;5;1;1;4;9;0;24;21;1.4023180227656815;0;3;5;20;-1.4427418325772754;0;1;8;7;-3.262066829600845;6;12;3;6;5;2;5;6;1;0;12;7;-9.601780653615663;5;11;1;0;3;3;18;6;5;13;5;6;3;14
TRACK:113;106;82;1;6;2;3;1;4;0;0;5;4;19;0;4;8;5;11;2;3;5;21;-1.78679417270283;6;5;11;2;6;0;6;21;-7.252228558140985;1;10;11;5;6;0;5;7;-1.7266847267257706;6;20;3.473560687987429;1;1;4;3;3;6;1;15;22;-0.33836193297724215;16;4;1;4;4;1;5;25;3;14;4;0;1;6;11;0;23;-0.8546070854566418;16;2;5;11;2;23;-0.32031712623086905;14;2;3;0;2;0;4;5;3;4;15;5;2;0;2;15;17;2;17;17;4;1;11;10;4;5;3;3;5;19;4;5;1;19;0;3;5;20;-1.3930479250529566;0;1;8;7;-3.072164179835853;6;12;3;6;5;2;5;6;1;0;12;7;-9.26909669249956;5;11;1;0;3;3;18;6;1;19;7;-4.9592581972014225;5;6;3;14
TRACK:114;107;107;1;6;2;3;1;4;0;4;8;5;11;2;6;0;5;2;10;17;3;1;20;-6.438076554617208;13;5;6;0;5;25;6;20;3.336953803288121;1;1;4;3;3;6;1;15;22;-0.33833107071990776;16;4;1;4;4;1;5;25;3;14;4;0;1;6;11;0;23;-0.6709032903641257;16;2;5;11;2;23;-0.3748782449374059;14;2;3;0;2;0;4;5;3;4;15;5;2;0;2;15;17;2;17;17;4;1;11;10;4;5;3;3;5;19;4;5;1;1;4;9;3;1;11;10;0;3;5;20;-1.5857671005311007;0;1;8;7;-3.11178818557434;6;12;3;6;5;2;5;6;1;0;12;7;-9.495274406193506;5;11;5;6;22;3.074050111359597
TRACK:115;107;107;1;6;2;3;1;4;0;4;8;5;11;2;6;0;5;2;10;17;3;1;20;-6.438076554617208;13;5;6;0;5;7;-1.7589643162203719;6;20;3.336953803288121;1;1;4;3;3;6;1;15;22;-0.33833107071990776;16;4;1;4;5;20;-1.5857671005311007;4;0;1;6;11;0;23;-0.6709032903641257;16;2;5;11;2;23;-0.3748782449374059;14;2;3;0;2;0;4;5;3;4;15;5;2;0;2;15;17;2;17;17;4;1;11;10;4;5;3;3;5;19;4;5;1;1;4;9;3;1;11;10;0;3;5;20;-1.5857671005311007;0;1;8;7;-3.11178818557434;6;12;3;6;5;2;5;6;1;0;12;7;-9.495274406193506;5;11;5;6;22;3.074050111359597
TRACK:116;24;84;1;6;2;3;1;4;0;0;5;4;19;0;4;8;5;11;2;3;5;21;-1.8067210368717688;6;5;11;2;6;0;5;2;10;17;3;1;20;-6.520464567236324;13;5;6;0;5;7;-1.7146630355409362;6;20;3.3890936681198065;1;1;4;3;3;6;1;15;22;-0.3948620816093582;2;1;1;5;4;19;6;2;24;13;1;4;0;17;12;5;2;11;13;5;11;4;1;4;4;1;5;25;3;14;4;0;1;6;11;0;23;-0.6322856613132679;16;2;5;11;2;23;-0.4906095243794275;14;2;3;0;2;0;4;5;3;4;15;5;2;0;2;15;17;2;17;17;4;1;11;10;4;5;3;3;5;19;4;5;1;1;4;9;3;1;11;10;0;3;5;20;-1.4396459622902154;0;1;8;7;-3.0984264162385315;6;12;3;6;5;2;5;6;1;0;12;7;-9.336749803228296;5;11;1;0;3;3;18;6;5;13;5;6;3;14
TRACK:117;24;84;1;6;2;3;1;4;0;0;5;4;19;0;4;8;5;11;2;3;5;21;-1.9169688586935847;6;5;11;2;6;0;5;2;10;17;3;1;20;-6.4182393753004;13;5;6;0;5;7;-1.5883889120321535;6;20;3.2482729365991903;1;1;4;3;3;6;1;15;22;-0.24868721919163997;2;1;1;5;4;19;6;2;24;13;1;4;0;17;12;5;2;11;13;1;0;5;6;23;6.64275924896816;4;1;10;22;9.041125792935379;3;3;0;17;19;4;1;4;4;1;5;25;3;14;4;0;1;6;11;0;22;-0.2933540063843404;16;2;5;11;2;23;-0.2480256318927393;14;2;3;0;11;4;5;1;1;4;9;0;24;21;1.2400079841835598;0;3;5;20;-1.3502286936498133;0;1;8;7;-3.0837295635144426;6;12;3;6;5;2;5;6;1;0;12;7;-9.505296082634414;5;11;1;0;3;3;18;6;5;13;5;6;3;14
TRACK:118;82;100;1;6;2;3;1;4;0;6;11;2;3;5;21;-1.78679417270283;6;5;11;2;6;0;6;21;-7.252228558140985;1;10;11;5;6;0;5;7;-1.7266847267257706;6;20;3.473560687987429;1;1;4;3;3;6;1;15;22;-0.33836193297724215;16;4;1;4;4;1;5;25;3;14;4;0;1;6;11;0;23;-0.8546070854566418;16;2;5;11;2;23;-0.32031712623086905;14;2;3;0;2;0;4;5;3;4;15;5;2;0;2;15;17;2;17;17;4;1;11;10;4;5;3;3;5;19;4;5;1;1;4;9;3;1;11;10;0;3;5;20;-1.3930479250529566;0;1;8;7;-3.072164179835853;6;12;3;6;5;2;5;6;1;0;12;7;-9.26909669249956;5;11;1;0;3;3;18;6;1;19;7;-4.9592581972014225;5;6;3;14
TRACK:119;82;100;1;6;2;3;1;4;0;0;5;4;19;0;4;8;5;11;2;3;5;21;-1.7208488987902888;6;5;11;2;6;0;6;21;-7.09501047739975;1;10;11;5;6;0;5;7;-1.8041132165091;6;20;3.487404021957225;1;1;4;3;3;6;1;15;22;-0.27245749208627323;16;4;4;19;2;3;0;2;0;4;5;3;4;15;5;2;0;2;15;17;2;17;17;4;1;11;10;4;5;3;3;5;19;4;5;1;1;4;9;3;1;11;10;0;3;5;20;-1.4567780830416073;0;1;8;7;-3.065140138927791;6;12;3;6;5;2;5;6;1;0;12;16;5;11;1;2;2;20;4.580892563079612;8;3;18;5;6;3;14
TRACK:120;110;-1;1;6;2;3;1;4;0;0;5;4;19;0;4;8;5;11;2;3;5;21;-1.4856957208208;6;5;11;2;6;0;6;21;-6.954468707915686;1;10;11;5;6;0;5;7;-1.7418495102980052;6;20;3.6016615363552176;1;1;4;3;3;6;1;15;22;-0.337873725706597;16;4;1;4;4;1;5;25;3;14;4;0;1;6;11;0;23;-0.68817599082223;16;2;5;11;2;23;-0.2002907211123944;14;2;3;0;2;0;4;5;3;4;15;5;2;0;2;15;17;2;17;17;4;1;11;10;6;23;6.510369119106502;4;5;1;1;4;9;3;1;16;10;0;3;5;20;-1.5225236915538825;0;1;8;7;-3.2733506265616317;6;12;3;6;5;2;5;6;1;0;12;16;5;11;1;2;2;20;4.667178246542438;8;3;18;5;6;3;14
TRACK:121;112;-1;1;6;2;3;1;4;0;0;5;4;19;0;4;8;5;11;2;3;5;21;-2.2035305614430487;6;5;11;2;6;0;5;2;10;17;3;1;20;-6.287755890629171;13;5;6;2;6;13;1;10;20;-9.534129813727361;1;1;4;3;3;6;11;2;1;1;5;4;19;6;2;24;13;1;4;0;17;12;5;2;11;13;1;0;5;6;23;6.992125328151309;4;1;10;22;8.921511374898886;3;3;0;17;19;4;1;4;4;1;5;25;3;14;4;0;1;6;11;0;22;-0.3357917459589245;16;2;5;11;2;23;-0.37309351156064663;14;2;3;0;2;0;4;5;3;4;15;5;2;0;2;15;17;2;17;12;4;1;11;10;4;5;3;3;5;19;4;5;1;1;4;9;0;24;21;1.3687319441633177;0;3;5;20;-1.3541925199937483;0;1;8;7;-3.318422955037658;6;12;3;6;5;2;5;6;1;0;12;7;-9.616526979955422;5;11;1;0;3;3;18;6;5;13;5;6;3;14
TRACK:122;114;-1;1;6;2;3;1;4;0;4;8;5;11;2;6;0;5;2;10;17;3;1;20;-6.495351960097894;13;5;6;0;5;25;6;20;3.4512121853632287;1;1;4;3;3;6;1;15;22;-0.39136237868928725;16;4;1;4;4;1;5;25;3;14;4;0;1;6;11;0;23;-0.7165601171671107;16;2;5;11;2;23;-0.3196661151265788;14;2;3;0;2;0;4;5;3;4;15;5;2;0;2;15;17;2;17;17;4;1;11;10;4;5;3;3;5;19;4;5;1;1;4;9;3;1;11;10;0;3;5;20;-1.643401295390921;0;1;8;7;-3.2460820700753614;1;10;9;3;6;5;2;5;6;1;0;12;7;-9.497486589175157;5;11;5;6;22;3.219880696741517
TRACK:123;116;-1;1;6;2;3;1;4;0;0;5;4;19;0;4;8;5;11;2;3;5;21;-1.8091433676883368;6;5;11;2;6;0;5;2;10;17;3;1;20;-6.529623949928468;13;5;6;0;5;7;-1.875519867822202;6;20;3.536940504128668;1;1;4;3;3;6;1;15;22;-0.3620717369967446;2;1;1;5;4;19;6;2;24;13;1;1;20;8.707564773701446;25;5;2;11;13;5;11;4;1;4;4;1;5;25;3;14;4;0;1;6;11;0;23;-0.6361592522438873;16;2;5;11;2;23;-0.45226701243386047;14;2;3;0;2;0;4;5;3;4;15;5;2;0;2;15;17;2;17;17;4;1;11;10;4;5;3;3;5;19;4;5;1;1;4;9;3;1;11;10;0;3;5;20;-1.5591342265016144;0;1;8;7;-3.0712033083565053;6;12;3;6;5;2;5;6;1;0;12;7;-9.078249619368737;5;11;1;0;3;3;18;6;5;13;5;6;3;14
TRACK:124;118;-1;1;6;2;3;1;4;0;6;11;2;3;5;21;-1.7898316448313234;6;5;11;2;6;0;6;21;-7.229267158519721;1;10;11;5;6;0;5;7;-1.7716610729466;6;20;3.3993470652364297;1;1;4;3;3;6;1;15;15;16;4;1;4;4;1;5;25;3;14;4;0;1;6;11;0;23;-0.9511075714868163;16;2;5;11;2;23;-0.333428057648062;14;2;3;0;2;0;4;5;3;4;15;5;2;0;2;15;17;2;17;17;4;1;11;10;4;5;3;3;5;19;4;5;1;1;4;9;3;1;11;10;0;3;5;20;-1.3200265806919498;0;1;8;7;-3.118674717632675;6;12;3;6;5;2;5;6;1;0;12;7;-9.189017054465422;5;11;1;0;3;3;18;6;1;19;7;-4.858305849531095;5;6;3;14
TRACK:125;111;-1;1;6;2;3;1;4;0;0;5;4;19;0;4;8;5;11;2;3;5;21;-1.8316882735644302;6;5;11;2;6;0;5;2;10;17;3;1;20;-6.3374241444491455;13;5;6;0;5;7;-1.638977489436019;6;20;3.2765483247745926;1;1;4;1;8;24;2;1;1;5;4;19;6;2;24;13;1;4;0;17;12;5;2;11;13;1;0;5;6;23;6.551735483603029;4;1;14;22;8.9721954828874;3;3;0;17;19;4;1;4;4;1;5;25;3;14;4;0;1;6;11;0;22;-0.38069280925764754;16;2;5;11;2;23;-0.20505860005187074;14;2;3;0;2;0;4;5;3;4;15;5;2;0;2;15;17;2;17;17;4;1;11;10;4;5;3;3;5;19;4;5;1;1;4;9;0;24;21;1.29142208348554;0;3;5;20;-1.3351137164110651;0;1;8;7;-2.9280764535725226;6;12;3;6;5;2;5;6;1;0;12;7;-9.570083096847286;5;11;1;0;3;3;18;6;5;13;5;6;3;14
TRACK:126;113;-1;1;6;2;3;1;4;0;0;5;4;19;0;4;8;5;11;2;3;5;21;-1.6645839733595964;6;5;11;2;6;0;6;21;-7.2247118916610695;1;10;11;5;6;0;5;7;-1.9763238045938538;6;20;3.2540422395751114;1;1;4;3;3;6;1;15;22;-0.4041949503222746;16;4;1;4;4;1;5;25;3;14;4;0;1;6;11;0;23;-0.9363453151465359;16;2;5;11;2;23;-0.36329301690828686;14;2;3;0;2;0;4;5;3;4;15;5;2;0;2;15;17;2;17;17;4;1;11;10;4;5;3;3;5;19;4;5;1;19;0;3;5;20;-1.3985435973690297;0;1;17;7;-3.041346554999043;6;12;3;6;5;2;5;6;1;0;12;7;-9.417977307605385;5;11;1;0;3;3;18;6;1;19;7;-4.888305538075422;5;6;3;14
TRACK:127;115;-1;1;6;2;3;1;4;0;4;8;5;11;2;6;0;5;2;10;17;3;1;20;-6.521745232733047;13;5;6;0;5;7;-1.7192986579048857;6;20;3.4600861499891535;1;1;4;3;3;6;1;15;22;-0.17101999222211764;16;4;1;4;5;20;-1.4647289640962062;4;0;1;6;11;0;23;-0.6652961231452077;16;2;5;11;2;23;-0.2610124583256683;14;2;3;0;2;0;4;5;3;4;15;5;2;0;8;14;0;24;7;-8.826093079463803;4;5;3;3;5;19;4;5;1;1;4;9;3;1;11;10;0;3;5;20;-1.6368419064031805;0;1;8;7;-3.112631205405949;6;12;3;6;5;2;5;6;1;0;12;7;-9.596261796770351;5;11;5;6;22;2.966632175904697
TRACK:128;117;-1;1;6;2;3;1;4;0;0;5;4;19;0;4;8;5;11;2;3;5;21;-1.981185099368648;6;5;11;2;6;6;20;-1.0620041760829402;5;6;0;5;7;-1.5684887396501785;6;20;3.253043928256332;1;1;4;3;3;6;1;15;22;0.02522639851484279;2;1;1;5;4;19;6;2;24;13;1;4;0;17;12;5;2;11;13;1;0;5;6;23;6.6909773214092265;4;1;10;22;9.012071681760853;3;3;0;17;19;4;1;4;4;1;5;25;3;14;4;0;1;6;11;0;22;-0.2846355841502508;16;2;5;11;2;23;-0.14447248824428222;14;2;3;0;11;4;5;1;1;4;9;0;24;21;1.1668488203797707;0;3;5;20;-1.5267002490508736;0;1;8;7;-3.088810595113399;6;12;3;6;5;2;5;6;1;0;12;7;-9.528907097201705;5;11;1;0;3;3;18;6;5;13;5;6;3;14
TRACK:129;119;-1;1;6;2;3;1;4;0;0;5;4;19;0;4;8;5;11;2;3;5;21;-1.5607239815569065;6;5;11;2;6;0;6;21;-6.997149202699608;1;10;11;5;6;0;5;7;-1.7995926459355815;6;20;3.604949684231498;1;1;4;3;3;6;1;15;22;-0.18278031923842641;16;4;4;19;2;3;0;2;0;4;5;3;4;15;5;2;0;2;15;17;2;17;17;4;1;11;10;4;5;3;3;5;19;4;5;0;3;4;8;5;6;19;3;6;5;2;5;6;1;0;12;16;5;11;1;2;2;20;4.572325419526051;8;3;18;5;6;3;14
EVAL_INSTANCE:6:0:120
EVAL_INSTANCE:6:1:121
EVAL_INSTANCE:6:2:122
EVAL_INSTANCE:6:3:123
EVAL_INSTANCE:6:4:124
EVAL_INSTANCE:6:5:125
EVAL_INSTANCE:6:6:126
EVAL_INSTANCE:6:7:127
EVAL_INSTANCE:6:8:128
EVAL_INSTANCE:6:9:129
RUN_RESULT:6:0:0:2000:----
RUN_RESULT:6:1:0:635:RRURUUDDRUUDDD
RUN_RESULT:6:2:0:412:URRRUUDDRUUDDRUDDL
RUN_RESULT:6:3:0:637:RRURUUDDRUUDDD
RUN_RESULT:6:4:0:2000:----
RUN_RESULT:6:5:0:637:RRURUUDDRUUDDD
RUN_RESULT:6:6:0:2000:----
RUN_RESULT:6:7:0:2000:----
RUN_RESULT:6:8:0:2000:----
RUN_RESULT:6:9:0:2000:----
     7 |       70 | -3.416000E+03 | -3.659000E+03
TRACK:130;122;109;1;6;2;3;1;4;0;4;8;5;11;2;6;0;5;2;10;17;3;1;20;-6.495351960097894;13;5;6;0;5;25;6;20;3.4512121853632287;1;1;4;3;3;6;1;15;22;-0.39136237868928725;16;4;1;4;4;1;5;25;3;14;4;0;1;6;11;0;23;-0.7165601171671107;16;2;5;11;2;23;-0.3196661151265788;14;2;3;0;2;0;4;5;3;4;15;5;2;0;2;15;17;2;17;17;4;1;11;10;4;5;3;3;5;19;4;5;1;1;4;19;3;1;11;10;0;3;5;20;-1.643401295390921;0;1;8;7;-3.2460820700753614;1;10;9;3;6;5;2;5;6;1;0;12;7;-9.497486589175157;5;11;5;6;22;3.219880696741517
TRACK:131;122;109;1;6;2;3;1;4;0;0;5;4;19;0;4;8;5;11;2;3;5;21;-1.8419973339133564;6;5;11;2;6;0;5;2;10;17;3;1;20;-6.5189421557634155;13;5;6;0;5;7;-1.633229409794479;6;20;3.543779221112091;1;1;4;3;3;6;1;15;22;-0.3751769788984043;2;1;1;5;4;19;6;2;24;13;1;4;0;17;12;5;2;11;13;1;0;5;6;23;6.565488319907405;4;1;10;22;8.877620719375182;3;3;0;17;19;4;1;4;4;1;5;25;6;20;-2.481719417976871;4;0;1;13;0;23;-0.7958573861281169;16;2;5;11;2;23;-0.3187186349035324;14;2;3;0;2;0;4;5;3;4;15;5;2;0;2;15;17;2;17;17;4;1;11;10;4;5;3;3;5;19;4;5;1;1;4;9;3;1;11;10;0;3;5;20;-1.5507114746788628;0;1;8;7;-3.097275402659448;6;12;3;6;5;2;5;6;1;0;12;7;-9.265450763149307;5;11;1;0;3;3;18;6;5;13;5;6;3;14
TRACK:132;121;106;1;6;2;3;1;4;0;0;5;4;19;0;4;8;5;11;2;3;5;21;-2.2035305614430487;6;5;11;2;6;0;5;2;10;17;3;1;20;-6.287755890629171;13;21;-2.0109242061546615;1;1;4;3;3;6;11;2;1;1;5;4;19;6;2;24;13;1;4;0;17;12;5;2;11;13;1;0;5;6;23;6.992125328151309;4;1;10;22;8.921511374898886;3;3;0;17;19;4;1;4;4;1;5;25;3;14;4;0;1;6;11;0;22;-0.3357917459589245;16;2;5;11;2;23;-0.37309351156064663;14;2;3;0;2;0;4;5;3;4;15;5;2;0;2;15;17;2;17;12;4;1;11;10;4;5;3;3;5;19;4;5;1;1;4;9;0;24;21;1.3687319441633177;0;3;5;20;-1.3541925199937483;0;1;8;7;-3.318422955037658;6;12;3;6;5;2;5;6;1;0;12;7;-9.616526979955422;5;11;1;0;3;3;18;6;5;13;5;6;3;14
TRACK:133;121;106;1;6;2;3;1;4;0;0;5;4;19;0;4;8;5;11;2;3;5;21;-2.0109242061546615;6;5;11;2;6;0;5;2;10;17;3;1;20;-6.4311135832755655;13;5;6;0;5;7;-1.4261208885865717;6;20;3.144459609969048;1;1;4;3;3;6;1;15;12;2;1;1;5;4;19;6;2;24;13;1;4;0;17;12;5;2;11;13;1;0;5;6;23;6.824316949110397;4;1;10;22;9.120339365251866;3;3;0;17;19;4;1;4;4;1;5;25;3;14;4;0;1;6;11;0;22;-0.2333926016049855;16;2;5;11;2;23;-0.2849369236549824;14;2;3;0;2;0;4;5;3;4;15;5;2;0;2;15;17;2;17;12;4;1;11;10;4;5;3;3;5;19;4;5;1;1;4;9;0;24;21;1.4023180227656815;0;3;5;20;-1.4427418325772754;0;1;8;7;-3.262066829600845;6;12;3;6;5;2;5;6;1;23;-0.37309351156064663;5;11;1;0;3;3;18;6;5;13;5;6;3;14
TRACK:134;107;107;1;6;2;3;1;4;0;4;8;5;11;2;6;0;5;2;10;17;3;1;20;-6.438076554617208;13;5;6;0;5;7;-1.7589643162203719;6;20;3.336953803288121;1;1;4;3;3;6;1;15;22;-0.33833107071990776;16;4;1;4;4;1;5;25;3;20;-1.5857671005311007;4;0;1;6;11;0;23;-0.6709032903641257;16;2;5;11;2;23;-0.3748782449374059;14;2;3;0;2;0;4;5;3;4;15;5;2;0;2;15;17;2;17;17;4;1;11;10;4;5;3;3;5;19;4;5;1;1;4;9;3;1;11;10;0;3;5;20;-1.5857671005311007;0;1;8;7;-3.11178818557434;6;12;3;6;5;2;5;6;1;0;12;7;-9.495274406193506;5;11;5;6;22;3.074050111359597
TRACK:135;107;107;1;6;2;3;1;4;0;4;8;5;11;2;6;0;5;2;10;17;3;1;20;-6.438076554617208;13;5;6;0;5;7;-1.7589643162203719;6;20;3.336953803288121;1;1;4;3;3;6;1;15;22;-0.33833107071990776;16;4;1;4;4;1;5;25;3;14;4;0;1;6;11;0;23;-0.6709032903641257;16;2;5;11;2;23;-0.3748782449374059;14;2;3;0;2;0;4;5;3;4;15;5;2;0;2;15;17;2;17;17;4;1;11;10;4;5;3;3;5;19;4;5;1;1;4;9;3;1;11;10;0;3;5;20;-1.5857671005311007;0;1;8;7;-3.11178818557434;6;12;3;6;5;2;5;7;-9.495274406193506;5;6;22;3.074050111359597
TRACK:136;84;100;1;6;2;3;1;4;0;0;5;4;19;0;4;8;5;11;2;3;5;21;-1.9169688586935847;6;5;11;2;6;0;5;2;10;17;3;1;20;-6.4182393753004;13;5;6;0;5;7;-1.5883889120321535;6;20;3.2482729365991903;1;1;4;3;3;6;1;15;22;-0.24868721919163997;2;1;1;5;4;19;6;2;24;13;1;4;0;17;12;5;2;11;13;1;0;5;6;23;6.64275924896816;4;1;10;22;9.041125792935379;3;3;0;17;19;4;1;4;4;1;5;25;3;14;4;0;1;6;11;0;22;-0.2933540063843404;16;2;5;11;2;23;-0.2480256318927393;14;2;3;0;2;0;4;5;3;4;15;5;2;0;2;15;17;2;17;17;4;1;11;10;4;5;3;3;5;19;4;5;1;1;4;9;0;24;21;1.2400079841835598;0;3;5;20;-1.3502286936498133;0;1;8;7;-3.0837295635144426;6;12;3;6;5;2;5;6;1;0;12;7;-9.505296082634414;5;11;1;0;3;3;18;6;5;11;5;6;3;14
TRACK:137;84;100;1;6;2;3;1;4;0;0;5;4;19;0;4;8;5;11;2;3;5;21;-1.7208488987902888;6;5;11;2;6;0;24;1;10;11;5;6;0;5;7;-1.8041132165091;6;20;3.487404021957225;1;1;4;3;3;6;1;15;22;-0.27245749208627323;16;4;1;4;4;1;5;25;3;14;4;0;1;6;11;0;23;-0.738920815118807;16;2;5;11;2;23;-0.23526148386820717;14;2;3;0;2;0;4;5;3;4;15;5;2;0;2;15;17;2;17;17;4;1;11;10;4;5;3;3;5;19;4;5;1;1;4;9;3;1;11;10;0;3;5;20;-1.4567780830416073;0;1;8;7;-3.065140138927791;6;12;3;6;5;2;5;6;1;0;12;16;5;11;1;2;2;20;4.580892563079612;8;3;18;5;6;3;14
TRACK:138;121;122;1;6;2;3;1;4;0;0;5;4;19;0;4;8;5;11;2;3;5;21;-2.2035305614430487;6;5;11;2;6;0;5;2;10;17;3;1;20;-6.287755890629171;13;5;6;2;6;13;1;10;20;-9.534129813727361;1;1;4;3;3;6;11;2;1;1;5;4;19;6;2;24;13;1;4;0;17;12;5;2;11;13;1;0;5;6;23;6.992125328151309;4;1;10;22;8.921511374898886;3;3;0;17;19;4;1;4;4;1;5;25;3;14;4;0;1;6;11;0;22;-0.3357917459589245;16;2;5;11;2;23;-0.37309351156064663;14;2;3;0;2;0;3;3;5;19;5;2;0;2;15;17;2;17;12;4;1;11;10;4;5;3;3;5;19;4;5;1;1;4;9;0;24;21;1.3687319441633177;0;3;5;20;-1.3541925199937483;0;1;8;7;-3.318422955037658;6;12;3;6;5;2;5;6;1;0;12;7;-9.616526979955422;5;11;1;0;3;3;18;6;5;13;5;6;3;14
TRACK:139;121;122;1;6;2;3;1;4;0;4;8;5;11;2;6;0;5;2;10;22;8.921511374898886;3;1;20;-6.495351960097894;13;5;6;0;5;25;6;20;3.4512121853632287;1;1;4;3;3;6;1;15;22;-0.39136237868928725;16;4;1;4;4;1;5;25;3;14;4;0;1;6;11;0;23;-0.7165601171671107;16;2;5;11;2;23;-0.3196661151265788;14;2;3;0;2;0;4;5;3;4;15;5;2;0;2;15;17;2;17;17;4;1;11;10;4;5;3;3;5;19;4;5;1;1;4;9;3;1;11;10;0;3;5;20;-1.643401295390921;0;1;8;7;-3.2460820700753614;1;10;9;3;6;5;2;5;6;1;0;12;7;-9.497486589175157;5;11;5;6;22;3.219880696741517
TRACK:140;130;-1;1;6;2;3;1;4;0;4;8;5;11;2;6;0;5;2;10;17;3;1;20;-6.639303496531472;13;5;6;0;5;25;6;20;3.46702905232099;1;1;4;3;3;6;1;15;22;-0.5731921311314715;16;4;1;4;4;1;5;25;3;14;4;0;1;6;11;0;23;-0.9037739600228947;16;2;5;11;2;23;-0.2228435254356918;14;2;3;0;2;0;4;5;4;1;17;8;5;2;0;2;15;17;2;17;17;4;1;11;10;4;5;3;3;5;19;4;5;1;1;4;19;3;1;11;10;0;3;5;20;-1.6913018724457192;0;1;8;7;-3.373016111643291;1;10;9;3;6;5;2;5;6;1;0;12;7;-9.311093810823357;5;11;5;6;22;3.227804440358566
TRACK:141;132;-1;1;6;2;3;1;4;0;0;5;4;19;0;4;8;5;11;2;3;5;21;-2.1745194450507577;6;5;11;2;6;0;5;2;10;17;3;1;20;-6.349023936540388;13;21;-2.177855333690461;1;1;4;3;3;6;11;2;1;1;5;4;19;6;2;24;13;1;4;0;17;12;5;2;11;13;1;0;5;6;23;7.054553039676107;4;1;10;22;8.742982966249528;3;3;0;17;19;4;1;4;4;1;5;25;3;14;4;0;1;6;11;0;22;-0.5028222084301184;16;2;5;11;2;23;-0.33556223919983075;14;2;3;0;0;4;3;5;3;24;1;2;0;2;16;20;-9.639320595746717;0;13;13;2;0;14;12;6;15;5;4;6;12;4;5;1;1;4;9;0;24;21;1.3205110499688117;0;3;5;20;-1.3942422585429932;0;1;8;7;-3.45446483351455;6;12;3;6;5;2;5;6;1;0;12;7;-9.488095504063683;5;11;1;0;3;3;18;6;5;13;5;6;3;14
TRACK:142;134;-1;1;3;4;9;2;1;9;23;5.05711904015995;0;24;11
TRACK:143;136;-1;1;6;2;3;1;4;0;0;5;4;19;0;4;8;5;11;2;3;5;21;-1.784239097894136;6;5;11;2;6;0;5;2;10;17;3;1;20;-6.459762213617539;13;5;6;0;5;7;-1.3149976167068824;6;20;3.1684669955817655;1;1;4;3;3;6;1;15;22;-0.35779799324623074;2;1;1;5;4;19;6;2;24;13;1;4;0;17;12;5;2;11;13;1;0;5;6;23;6.5569077764162715;4;1;10;22;8.926909367869472;3;3;0;17;19;4;1;4;4;1;5;25;3;14;4;0;1;6;11;0;22;-0.2999783529554229;16;2;5;11;2;23;-0.33226991073476614;14;2;3;0;2;0;4;5;3;4;15;5;2;0;2;15;17;2;17;17;4;1;11;10;4;5;3;3;5;19;4;5;1;1;4;9;0;24;21;1.228647082403799;0;3;5;20;-1.353939972676049;0;1;8;7;-6.662001043684995;6;12;3;6;5;2;5;6;1;0;12;7;-9.523636787873016;5;11;1;0;3;3;18;6;5;11;5;6;3;14
TRACK:144;138;-1;1;6;2;3;1;4;0;0;5;4;19;0;4;8;5;11;2;3;5;21;-2.2844542784806126;6;5;11;2;6;0;5;2;10;17;3;1;20;-6.199645169674277;13;5;6;2;6;13;1;10;20;-9.51630043728949;1;1;4;3;3;6;11;2;1;1;5;4;19;6;2;24;13;1;4;0;17;12;5;2;11;13;1;0;5;6;23;7.098033330938184;4;1;10;22;8.8907883314302;3;3;0;17;19;4;1;4;4;1;5;25;3;14;4;0;1;6;11;0;22;-0.3037554798196209;16;2;5;11;2;23;-0.47994529572959477;14;2;3;0;2;0;3;3;5;1;25;9;5;2;0;2;15;17;2;17;12;4;1;11;10;4;5;3;3;5;19;4;5;1;1;4;9;0;24;21;1.3374976966064382;0;3;5;20;-1.2432199604316123;0;1;8;7;-3.3911959524810324;6;12;3;6;5;2;5;6;1;0;12;7;-9.67249556552819;5;11;1;0;3;3;18;6;5;13;5;6;3;14
TRACK:145;131;-1;1;6;2;3;1;4;0;0;5;4;19;0;4;8;5;11;2;3;5;21;-1.8215653275876718;6;5;11;2;6;0;5;2;10;17;3;1;20;-6.475822644780365;13;5;6;0;5;7;-1.7525785431732854;6;20;3.543967084483494;1;1;4;3;3;6;1;15;22;-0.28212380869512954;2;1;1;5;4;19;6;2;24;13;1;4;0;17;12;5;2;11;13;1;0;5;6;23;6.553910700219223;4;1;10;22;8.845110644620732;3;3;0;17;19;4;1;4;4;1;5;25;6;20;-2.6268328154372913;4;0;1;13;0;23;-0.905207503683372;16;2;5;11;2;23;-0.3636259678258762;14;2;3;0;2;0;4;5;3;4;15;5;2;0;2;15;17;2;17;17;4;1;11;10;4;5;3;3;5;19;4;5;1;1;4;9;3;1;11;10;0;3;5;20;-1.7376678407920825;0;1;8;7;-3.2056666040073942;6;12;3;6;5;2;5;6;1;0;12;7;-9.297315012100615;5;11;1;0;3;3;18;6;5;11;5;6;3;14
TRACK:146;133;-1;1;6;2;3;1;4;0;0;5;4;19;0;4;8;5;11;2;3;5;21;-1.9848183614906765;6;5;11;2;6;0;5;2;10;17;3;1;20;-6.359737844285577;13;5;6;0;5;7;-1.5824219132453752;6;20;2.9631350270604475;1;1;4;3;3;6;1;15;12;2;1;1;5;4;19;6;2;24;13;1;4;0;17;12;5;2;11;13;1;0;5;6;23;6.94221224131656;4;1;10;22;9.018579204825285;3;3;0;17;19;4;1;4;4;1;5;25;3;14;4;0;1;6;11;0;22;-0.291817632496112;16;2;5;11;2;23;-0.3882737618091871;14;2;3;0;2;0;4;5;3;4;15;5;2;0;2;15;17;2;17;12;4;1;11;10;4;5;3;3;5;19;4;5;1;1;4;9;0;24;21;1.6701378241161224;0;3;5;20;-1.5224648013718258;0;1;8;7;-3.2698002115524165;6;12;3;5;4;6;0;4;1;18;21;8.123972266581088;5;3;11
TRACK:147;135;-1;1;6;2;3;1;4;0;4;8;5;11;2;6;0;5;2;10;17;3;1;20;-6.3172041474341265;13;5;6;0;5;7;-1.9934127632240228;6;20;3.2052518454041015;1;1;4;3;3;6;1;15;22;-0.3534173169513636;16;4;1;4;4;1;5;25;3;14;4;0;1;6;12;0;23;-0.655598442754187;16;2;5;11;2;23;-0.4106852307448385;14;2;3;0;2;0;4;5;3;4;15;5;2;0;2;15;17;2;17;17;4;1;11;10;4;5;3;3;5;19;4;5;1;1;4;9;3;1;11;10;0;3;5;20;-1.642126109048494;0;1;8;7;-3.136596891679457;6;12;3;6;5;2;5;7;-9.451755492919082;5;6;22;3.0445315017152397
TRACK:148;137;-1;1;6;2;3;1;4;0;0;5;4;19;0;4;8;5;11;2;3;5;21;-1.8409629665416953;6;5;11;2;6;0;24;1;10;11;5;6;0;23;2.57026550428286;23;2.917960022547696;1;1;4;3;3;6;1;15;22;-0.2743982217377648;16;4;1;4;4;1;5;25;3;14;4;0;1;6;11;0;23;-0.821685820046712;16;2;5;11;2;23;-0.3641865628812479;14;2;3;0;2;0;4;5;3;4;15;5;2;0;2;15;17;2;17;17;4;1;11;10;4;5;3;3;5;19;4;5;1;1;4;9;3;1;11;10;0;3;5;20;-1.4442241647021392;0;1;8;7;-3.2234963201740463;6;12;3;6;5;2;5;6;1;0;12;16;5;11;1;2;2;20;4.464632293348816;8;3;18;5;6;3;14
TRACK:149;139;-1;1;6;2;3;1;4;0;4;8;5;11;2;6;0;5;2;10;22;8.896684672985314;3;1;20;-6.392907117429025;13;5;6;5;14;1;1;4;3;3;6;1;15;22;-0.4594779566322572;16;4;1;4;4;1;5;25;3;14;4;0;1;6;11;0;23;-0.5482235669006282;16;2;5;11;2;23;-0.19814198630670143;14;2;3;0;2;0;4;5;3;4;15;5;2;0;2;15;17;2;17;17;4;1;11;10;4;5;3;3;5;19;4;5;1;1;4;9;3;1;11;10;0;3;5;20;-1.7924903069047964;0;1;8;7;-3.248311067044336;1;10;9;3;6;5;2;5;6;1;0;12;7;-9.395191555604322;5;11;5;6;22;2.9962896780273494
EVAL_INSTANCE:7:0:140
EVAL_INSTANCE:7:1:141
EVAL_INSTANCE:7:2:142
EVAL_INSTANCE:7:3:143
EVAL_INSTANCE:7:4:144
EVAL_INSTANCE:7:5:145
EVAL_INSTANCE:7:6:146
EVAL_INSTANCE:7:7:147
EVAL_INSTANCE:7:8:148
EVAL_INSTANCE:7:9:149
RUN_RESULT:7:0:0:412:URRRUUDDRUUDDRUDDL
RUN_RESULT:7:1:0:2000:----
RUN_RESULT:7:2:0:2000:----
RUN_RESULT:7:3:0:635:RRURUUDDRUUDDD
RUN_RESULT:7:4:0:2000:----
RUN_RESULT:7:5:0:637:RRURUUDDRUUDDD
RUN_RESULT:7:6:0:635:RRURUUDDRUUDDD
RUN_RESULT:7:7:0:2000:----
RUN_RESULT:7:8:0:2000:----
RUN_RESULT:7:9:0:292:URRRUUDDRUURDULLDDD
     8 |       80 | -3.473400E+03 | -3.708000E+03
TRACK:150;122;149;1;6;2;3;1;4;0;4;8;5;11;2;6;0;5;2;10;17;3;1;20;-6.495351960097894;13;5;6;0;5;25;6;20;3.4512121853632287;1;1;4;3;3;6;1;15;22;-0.39136237868928725;16;4;1;4;4;1;5;25;3;14;4;0;1;6;11;0;23;-0.7165601171671107;16;2;5;11;2;23;-0.3196661151265788;14;2;3;0;5;25;4;5;1;1;4;9;3;1;11;10;0;3;5;20;-1.643401295390921;0;1;8;7;-3.2460820700753614;1;10;9;3;6;5;2;5;6;1;0;12;7;-9.497486589175157;5;11;5;6;22;3.219880696741517
TRACK:151;122;149;1;6;2;3;1;4;0;4;8;5;11;2;6;0;5;2;10;22;8.896684672985314;3;1;20;-6.392907117429025;13;5;6;5;14;1;1;4;3;3;6;1;15;22;-0.4594779566322572;16;4;1;4;4;1;5;25;3;14;4;0;1;6;11;0;23;-0.5482235669006282;16;2;5;11;2;23;-0.19814198630670143;14;2;3;0;2;0;4;5;3;4;15;5;2;0;2;15;17;2;17;17;4;1;11;10;4;5;3;3;5;19;4;5;1;1;4;9;3;1;11;10;0;3;5;20;-1.7924903069047964;0;1;8;7;-3.248311067044336;1;10;9;3;6;5;2;5;0;1;8;7;-3.2460820700753614;1;10;9;5;6;22;2.9962896780273494
TRACK:152;107;100;1;6;2;3;1;4;0;4;8;5;11;2;6;0;5;2;10;17;3;1;10;13;5;6;0;5;7;-1.7589643162203719;6;20;3.336953803288121;1;1;4;3;3;6;1;15;22;-0.33833107071990776;16;4;1;4;4;1;5;25;3;14;4;0;1;6;11;0;23;-0.6709032903641257;16;2;5;11;2;23;-0.3748782449374059;14;2;3;0;2;0;4;5;3;4;15;5;2;0;2;15;17;2;17;17;4;1;11;10;4;5;3;3;5;19;4;5;1;1;4;9;3;1;11;10;0;3;5;20;-1.5857671005311007;0;1;8;7;-3.11178818557434;6;12;3;6;5;2;5;6;1;0;12;7;-9.495274406193506;5;11;5;6;22;3.074050111359597
TRACK:153;107;100;1;6;2;3;1;4;0;0;5;4;19;0;4;8;5;11;2;3;5;21;-1.7208488987902888;6;5;11;2;6;0;6;21;-7.09501047739975;1;10;11;5;3;3;5;19;1;1;4;3;3;6;1;15;22;-0.27245749208627323;16;4;1;4;4;1;5;25;3;14;4;0;1;6;11;0;23;-0.738920815118807;16;2;5;11;2;23;-0.23526148386820717;14;2;3;0;2;0;4;5;3;4;15;5;2;0;2;15;17;2;17;17;4;1;11;10;4;5;3;3;5;19;4;5;1;1;4;9;3;1;11;10;0;3;5;20;-1.4567780830416073;0;1;8;7;-3.065140138927791;6;12;3;6;5;2;5;6;1;0;12;16;5;11;1;2;2;20;4.580892563079612;8;3;18;5;6;3;14
TRACK:154;143;107;1;6;2;3;1;4;0;0;5;4;19;0;4;8;5;11;2;3;5;21;-1.784239097894136;6;5;11;2;6;0;5;2;10;17;3;1;20;-6.459762213617539;13;5;6;0;5;7;-1.3149976167068824;6;20;3.1684669955817655;1;1;4;3;3;6;1;15;22;-0.35779799324623074;2;1;1;5;4;19;6;2;24;13;1;4;0;17;12;5;2;11;13;1;0;5;6;23;6.5569077764162715;4;1;10;22;8.926909367869472;3;4;15;4;1;4;4;1;5;25;3;14;4;0;1;6;11;0;22;-0.2999783529554229;16;2;5;11;2;23;-0.33226991073476614;14;2;3;0;2;0;4;5;3;4;15;5;2;0;2;15;17;2;17;17;4;1;11;10;4;5;3;3;5;19;4;5;1;1;4;9;0;24;21;1.228647082403799;0;3;5;20;-1.353939972676049;0;1;8;7;-6.662001043684995;6;12;3;6;5;2;5;6;1;0;12;7;-9.523636787873016;5;11;1;0;3;3;18;6;5;11;5;6;3;14
TRACK:155;143;107;1;6;2;3;1;4;0;4;8;5;11;2;6;0;5;2;10;17;3;1;20;-6.438076554617208;13;5;6;0;5;7;-1.7589643162203719;6;20;3.336953803288121;1;1;4;3;3;6;1;15;22;-0.33833107071990776;16;4;1;4;4;1;5;25;3;14;4;0;1;6;11;0;23;-0.6709032903641257;16;2;5;11;2;23;-0.3748782449374059;14;2;3;0;2;0;4;5;3;4;15;14;4;5;3;3;5;19;4;5;1;1;4;9;3;1;11;10;0;3;5;20;-1.5857671005311007;0;1;8;7;-3.11178818557434;6;12;3;6;5;2;5;6;1;0;12;7;-9.495274406193506;5;11;5;6;22;3.074050111359597
TRACK:156;84;100;1;6;2;3;1;4;0;0;5;4;19;0;4;8;5;11;2;3;5;21;-1.9169688586935847;6;5;11;2;6;0;5;2;10;17;3;1;20;-6.4182393753004;13;5;6;0;5;7;-1.5883889120321535;6;20;3.2482729365991903;1;1;4;3;3;6;1;15;22;-0.24868721919163997;2;1;1;5;4;19;6;2;24;13;1;4;0;17;12;5;2;11;13;1;0;5;6;23;6.64275924896816;4;1;10;22;9.041125792935379;3;3;0;17;19;4;1;4;4;1;5;25;3;14;4;0;16;2;5;11;2;23;-0.2480256318927393;14;2;3;0;2;0;4;5;3;4;15;5;2;0;2;15;17;2;17;17;4;1;11;10;4;5;3;3;5;19;4;5;1;1;4;9;0;24;21;1.2400079841835598;0;3;5;20;-1.3502286936498133;0;1;8;7;-3.0837295635144426;6;12;3;6;5;2;5;6;1;0;12;7;-9.505296082634414;5;11;1;0;3;3;18;6;5;13;5;6;3;14
TRACK:157;84;100;1;6;2;3;1;4;0;0;5;4;19;0;4;8;5;11;2;3;5;21;-1.7208488987902888;6;5;11;2;6;0;6;21;-7.09501047739975;1;10;11;5;6;0;5;7;-1.8041132165091;6;20;3.487404021957225;1;1;4;3;3;6;1;15;22;-0.27245749208627323;16;4;1;4;4;6;5;11;4;0;1;6;11;0;23;-0.738920815118807;16;2;5;11;2;23;-0.23526148386820717;14;2;3;0;2;0;4;5;3;4;15;5;2;0;2;15;17;2;17;17;4;1;11;10;4;5;3;3;5;19;4;5;1;1;4;9;3;1;11;10;0;3;5;20;-1.4567780830416073;0;1;8;7;-3.065140138927791;6;12;3;6;5;2;5;6;1;0;12;16;5;11;1;2;2;20;4.580892563079612;8;3;18;5;6;3;14
TRACK:158;149;122;1;6;2;3;1;4;0;4;8;5;11;2;6;0;5;2;10;22;8.896684672985314;3;1;20;-6.392907117429025;13;5;6;5;14;1;1;4;3;3;6;1;15;22;-0.4594779566322572;16;4;1;4;4;1;5;25;3;14;4;0;1;6;11;0;23;-0.5482235669006282;16;2;5;11;2;23;-0.19814198630670143;14;2;3;0;2;0;4;5;3;4;15;5;2;0;2;15;11;2;17;17;4;1;11;10;4;5;3;3;5;19;4;5;1;1;4;9;3;1;11;10;0;3;5;20;-1.7924903069047964;0;1;8;7;-3.248311067044336;1;10;9;3;6;5;2;5;6;1;0;12;7;-9.395191555604322;5;11;5;6;22;2.9962896780273494
TRACK:159;149;122;1;6;2;3;1;4;0;4;8;5;11;2;6;0;5;2;10;17;3;1;20;-6.495351960097894;13;5;6;0;5;25;6;20;3.4512121853632287;1;1;4;3;3;6;1;15;22;-0.39136237868928725;16;4;1;4;4;1;5;25;3;14;4;0;1;6;11;9;2;5;11;2;23;-0.3196661151265788;14;2;3;0;2;0;4;5;3;4;15;5;2;0;2;15;17;2;17;17;4;1;11;10;4;5;3;3;5;19;4;5;1;1;4;9;3;1;11;10;0;3;5;20;-1.643401295390921;0;1;8;7;-3.2460820700753614;1;10;9;3;6;5;2;5;6;1;0;12;7;-9.497486589175157;5;11;5;6;22;3.219880696741517
TRACK:160;150;-1;1;6;2;3;1;4;0;4;8;5;11;2;6;0;5;2;10;17;3;1;20;-6.62108584665526;13;5;6;0;5;25;6;20;3.5629028685097137;1;1;4;3;3;6;1;15;22;-0.3607175794841131;16;4;1;4;4;1;5;25;3;14;4;0;1;6;11;0;23;-0.7039848468053609;16;2;5;11;2;23;-0.28004367963050475;14;2;3;0;5;25;4;5;1;1;4;9;3;1;11;10;0;3;5;20;-1.703621567418815;0;1;8;7;-3.2152202755067503;1;10;9;3;6;5;2;0;4;14;3;19;5;6;22;3.1358767585011216
TRACK:161;152;-1;1;6;2;3;1;4;0;4;8;5;3;5;10;2;6;0;5;2;10;17;3;1;10;13;5;6;0;5;7;-1.7073336990201156;6;20;3.377188705390422;1;1;4;3;3;6;1;15;22;-0.3825027453017445;16;4;1;4;4;1;5;25;3;14;4;0;1;6;11;0;23;-0.4972207119623597;16;2;5;11;2;23;-0.24935294529132254;14;2;3;0;2;0;4;5;3;4;15;5;2;0;2;15;17;2;17;17;4;1;11;10;4;5;3;3;5;19;4;5;1;1;4;9;3;1;11;10;0;3;5;20;-1.5951960579062299;0;1;8;7;-3.176946511791064;6;12;3;6;5;2;5;6;1;0;12;7;-9.527032806461037;5;11;5;6;22;3.147099784810017
TRACK:162;154;-1;1;6;2;3;1;4;0;0;5;4;19;0;4;8;5;11;2;3;5;21;-1.8704821284440794;6;5;11;2;6;0;5;2;10;17;3;1;20;-6.45818263266756;13;5;6;0;5;7;-1.2659575822646212;6;20;3.1940036908393283;1;1;4;3;3;6;1;15;22;-0.5268824165362068;2;1;1;5;4;19;6;2;24;13;1;4;0;17;12;5;2;11;13;1;0;5;6;23;6.4269100243800965;4;1;10;22;8.885667109460679;3;4;15;4;1;4;4;1;5;25;3;14;4;0;1;6;11;0;22;-0.3048822850764667;16;2;5;11;2;23;-0.3717591613871898;14;2;3;0;2;0;0;13;10;5;2;0;2;15;17;2;17;17;4;1;11;10;4;5;3;3;5;19;4;5;1;1;4;9;0;24;21;0.9924476809440937;0;3;5;20;-1.36214347758913;0;1;8;7;-6.586641003997514;6;12;3;6;5;2;5;6;1;0;12;7;-9.625840256008383;5;11;1;0;3;3;18;6;5;11;5;6;3;14
TRACK:163;84;-1;1;6;2;3;1;4;0;0;5;4;19;0;4;8;5;11;2;3;5;21;-2.00553900567575;6;5;11;2;6;0;5;2;10;17;3;1;20;-6.3958182288481;13;5;6;0;5;7;-1.656131288477612;6;20;3.1948807133286814;1;1;4;3;3;6;1;15;22;-0.3878310788263708;2;1;1;5;4;19;6;2;24;13;1;4;0;17;12;5;2;11;13;1;0;5;6;23;6.590224446340346;4;1;10;22;9.10734714481539;3;3;0;17;19;4;1;4;4;1;5;25;3;14;4;0;1;6;11;0;22;-0.4898148145083486;16;2;5;11;2;23;-0.31194369405847083;14;2;3;0;2;0;4;5;3;4;15;5;2;0;2;15;17;2;17;17;4;1;11;10;4;5;3;3;5;19;4;5;1;1;4;9;0;24;21;1.1136432122205486;0;3;5;20;-1.3577997250789295;0;1;8;7;-3.041309263166406;6;12;3;6;5;2;5;6;1;0;12;7;-9.54364396937534;5;11;1;0;3;3;23;5.604635726513237;6;5;13;5;6;3;14
TRACK:164;158;-1;1;6;2;3;1;5;0;4;2;3;18;0;21;1.965324873217913;8;4;1;4;14;4;13;2;6;0;5;2;10;22;8.903838839205598;3;1;20;-6.506779200601248;13;5;6;5;14;1;1;4;3;3;6;1;15;22;-0.2584820212768856;16;4;1;4;4;1;5;25;3;14;4;0;1;6;11;0;23;-0.4903401899854737;16;2;5;11;2;23;-0.022202639929744666;14;2;3;0;2;0;4;5;3;4;15;5;2;0;2;15;11;2;17;17;4;1;11;10;4;5;3;3;5;19;4;5;1;1;4;9;3;1;11;10;0;3;5;20;-1.8967910603822282;0;1;8;7;-3.382664441847295;1;10;9;3;6;5;2;5;6;1;0;12;7;-9.54985623324876;5;11;5;6;22;2.9245604344599703
TRACK:165;151;-1;1;6;2;3;1;4;0;4;8;5;11;2;6;0;5;2;10;22;8.88841397763548;3;1;20;-6.497179504687871;13;5;6;5;14;1;1;4;3;3;6;1;15;22;-0.48339134769708486;16;4;1;4;4;1;5;25;3;14;4;0;1;6;11;0;23;-0.47036515710977045;16;2;5;11;2;10;14;2;3;0;2;0;4;5;3;4;15;5;2;0;2;15;17;2;17;17;4;1;11;10;4;5;3;3;5;19;4;5;1;1;4;9;3;1;11;10;0;3;5;20;-1.9081444896059923;0;1;8;7;-3.2822010072015217;1;10;9;3;6;5;2;5;0;1;8;7;-3.1101584206179007;1;10;9;5;6;22;2.853034741185986
TRACK:166;153;-1;1;6;2;3;1;4;0;0;5;4;19;0;4;8;5;11;2;3;5;21;-1.7523459929626972;6;5;11;2;6;0;6;21;-7.218827842578224;1;10;11;5;3;3;5;19;1;1;4;3;3;6;1;15;22;-0.1967847689378885;16;4;1;4;4;1;5;25;3;14;4;0;1;6;11;0;23;-0.7467444021523064;16;2;5;11;2;23;-0.20826612504370778;14;2;3;0;2;0;4;5;3;3;11;5;2;0;2;15;17;2;17;17;4;1;11;10;4;5;3;3;5;19;4;5;1;1;4;9;3;1;11;10;0;3;5;20;-1.3652050794356758;0;1;8;7;-2.9235124776188393;6;12;3;6;5;2;5;6;1;0;12;16;5;11;1;2;2;20;4.61422877374381;8;3;18;5;6;3;14
TRACK:167;155;-1;1;6;2;3;1;4;0;4;8;5;11;2;6;0;5;2;10;17;3;1;20;-6.5844707910377345;13;5;6;0;5;7;-1.8478321411308658;6;12;1;1;4;3;3;6;1;15;22;-0.4048383490328134;16;4;1;4;4;1;5;25;3;14;4;0;1;6;11;0;23;-0.5786986565157155;16;2;5;11;2;23;-0.3417027344510685;14;2;3;0;2;0;4;5;3;4;15;14;4;5;3;3;5;19;4;5;1;1;4;9;3;1;11;10;0;3;5;20;-1.462850332211647;0;1;8;7;-3.184770630821205;6;12;3;6;5;2;5;6;1;0;12;7;-9.489919036000959;5;11;5;6;22;3.071795840364404
TRACK:168;100;-1;1;6;2;3;1;4;0;0;5;4;19;0;4;8;5;11;2;3;5;21;-1.7465644826510425;6;5;11;2;6;0;6;21;-6.938885477220081;1;10;11;5;6;0;5;7;-1.8206857396094482;6;20;3.5875094778095615;1;1;4;3;3;6;1;15;22;-0.20180198123511178;16;4;1;4;4;1;5;25;3;14;4;0;1;6;11;0;23;-0.787352310823676;16;2;5;11;2;23;-0.1523249774433803;14;2;3;0;2;0;4;5;3;4;15;5;3;3;0;23;4.511531079631599;14;4;5;3;3;5;19;4;5;1;1;4;9;3;1;11;10;0;3;5;20;-1.4729430875408538;0;1;8;7;-3.034666761082481;6;12;3;6;5;2;5;6;1;0;12;16;5;11;1;2;2;20;4.517352514972563;8;3;18;5;6;3;14
TRACK:169;159;-1;1;6;2;3;1;4;0;4;8;5;11;2;6;0;5;2;10;17;3;1;20;-6.561797740428344;13;5;6;0;5;25;6;20;3.343903491934444;1;1;4;3;3;6;1;15;22;-0.39477828335189563;16;4;1;4;4;1;5;25;3;14;4;0;1;6;11;9;2;5;11;2;23;-0.22013467240854495;14;2;3;0;2;3;5;6;1;4;10;4;21;-8.786010969744865;4;5;3;3;5;19;4;5;1;1;4;9;3;1;11;10;0;3;5;20;-1.5649962415866017;0;1;8;7;-3.167414738553278;1;10;9;3;6;5;2;5;6;1;0;12;7;-9.422529689364305;5;11;5;6;22;3.286742571677774
EVAL_INSTANCE:8:0:160
EVAL_INSTANCE:8:1:161
EVAL_INSTANCE:8:2:162
EVAL_INSTANCE:8:3:163
EVAL_INSTANCE:8:4:164
EVAL_INSTANCE:8:5:165
EVAL_INSTANCE:8:6:166
EVAL_INSTANCE:8:7:167
EVAL_INSTANCE:8:8:168
EVAL_INSTANCE:8:9:169
RUN_RESULT:8:0:0:249:URRRUUDDRUURDDDDDUUL
RUN_RESULT:8:1:0:2000:----
RUN_RESULT:8:2:0:862:RRURUUDDRUUDDD
RUN_RESULT:8:3:0:635:RRURUUDDRUUDDD
RUN_RESULT:8:4:0:2000:----
RUN_RESULT:8:5:0:2000:----
RUN_RESULT:8:6:0:634:RRURUUDDRUUDDD
RUN_RESULT:8:7:0:2000:----
RUN_RESULT:8:8:0:2000:----
RUN_RESULT:8:9:0:2000:----
     9 |       90 | -3.512100E+03 | -3.751000E+03
TRACK:170;107;149;1;6;2;3;1;4;0;4;8;5;11;2;6;0;5;2;10;22;-0.4594779566322572;3;1;20;-6.438076554617208;13;5;6;0;5;7;-1.7589643162203719;6;20;3.336953803288121;1;1;4;3;3;6;1;15;22;-0.33833107071990776;16;4;1;4;4;1;5;25;3;14;4;0;1;6;11;0;23;-0.6709032903641257;16;2;5;11;2;23;-0.3748782449374059;14;2;3;0;2;0;4;5;3;4;15;5;2;0;2;15;17;2;17;17;4;1;11;10;4;5;3;3;5;19;4;5;1;1;4;9;3;1;11;10;0;3;5;20;-1.5857671005311007;0;1;8;7;-3.11178818557434;6;12;3;6;5;2;5;6;1;0;12;7;-9.495274406193506;5;11;5;6;22;3.074050111359597
TRACK:171;107;149;1;6;2;3;1;4;12;2;6;0;5;2;10;22;8.896684672985314;3;1;20;-6.392907117429025;13;5;6;5;14;1;1;4;3;3;6;1;15;22;-0.4594779566322572;16;4;1;4;4;1;5;25;3;14;4;0;1;6;11;0;23;-0.5482235669006282;16;2;5;11;2;23;-0.19814198630670143;14;2;3;0;2;0;4;5;3;4;15;5;2;0;2;15;17;2;17;17;4;1;11;10;4;5;3;3;5;19;4;5;1;1;4;9;3;1;11;10;0;3;5;20;-1.7924903069047964;0;1;8;7;-3.248311067044336;1;10;9;3;6;5;2;5;6;1;0;12;7;-9.395191555604322;5;11;5;6;22;2.9962896780273494
TRACK:172;160;106;1;6;2;3;1;4;0;4;8;5;11;2;6;0;5;2;10;17;3;1;20;-6.62108584665526;13;5;6;3;1;20;-6.4311135832755655;13;1;1;4;3;3;6;1;15;22;-0.3607175794841131;16;4;1;4;4;1;5;25;3;14;4;0;1;6;11;0;23;-0.7039848468053609;16;2;5;11;2;23;-0.28004367963050475;14;2;3;0;5;25;4;5;1;1;4;9;3;1;11;10;0;3;5;20;-1.703621567418815;0;1;8;7;-3.2152202755067503;1;10;9;3;6;5;2;0;4;14;3;19;5;6;22;3.1358767585011216
TRACK:173;160;106;1;6;2;3;1;4;0;0;5;4;19;0;4;8;5;11;2;3;5;21;-2.0109242061546615;6;5;11;2;6;0;5;2;10;17;3;1;20;-6.4311135832755655;13;5;6;0;5;7;-1.4261208885865717;6;10;1;1;4;3;3;6;1;15;12;2;1;1;5;4;19;6;2;24;13;1;4;0;17;12;5;2;11;13;1;0;5;6;23;6.824316949110397;4;1;10;22;9.120339365251866;3;3;0;17;19;4;1;4;4;1;5;25;3;14;4;0;1;6;11;0;22;-0.2333926016049855;16;2;5;11;2;23;-0.2849369236549824;14;2;3;0;2;0;4;5;3;4;15;5;2;0;2;15;17;2;17;12;4;1;11;10;4;5;3;3;5;19;4;5;1;1;4;9;0;24;21;1.4023180227656815;0;3;5;20;-1.4427418325772754;0;1;8;7;-3.262066829600845;6;12;3;6;5;2;5;6;1;0;12;7;-9.601780653615663;5;11;1;0;3;3;18;6;5;13;5;6;3;14
TRACK:174;140;166;1;6;2;3;1;4;0;4;8;5;11;2;6;0;5;2;10;17;3;1;20;-6.639303496531472;13;5;6;0;5;25;6;20;3.46702905232099;1;1;4;3;3;6;1;15;22;-0.5731921311314715;16;4;1;4;4;1;5;25;3;14;4;0;1;6;11;0;23;-0.9037739600228947;16;2;5;11;2;23;-0.2228435254356918;14;2;3;0;2;0;4;5;4;1;17;8;5;2;0;2;15;17;2;17;17;2;2;20;4.61422877374381;8;3;18;4;5;3;3;5;19;4;5;1;1;4;19;3;1;11;10;0;3;5;20;-1.6913018724457192;0;1;8;7;-3.373016111643291;1;10;9;3;6;5;2;5;6;1;0;12;7;-9.311093810823357;5;11;5;6;22;3.227804440358566
TRACK:175;140;166;1;6;2;3;1;4;0;0;5;4;19;0;4;8;5;11;2;3;5;21;-1.7523459929626972;6;5;11;2;6;0;6;21;-7.218827842578224;1;10;11;5;3;3;5;19;1;1;4;3;3;6;1;15;22;-0.1967847689378885;16;4;1;4;4;1;5;25;3;14;4;0;1;6;11;0;23;-0.7467444021523064;16;2;5;11;2;23;-0.20826612504370778;14;2;3;0;2;0;4;5;3;3;11;5;2;0;2;15;17;2;17;17;4;1;11;10;4;5;3;3;5;19;4;5;1;1;4;9;3;1;11;10;0;3;5;20;-1.3652050794356758;0;1;8;7;-2.9235124776188393;6;12;3;6;5;2;5;6;1;0;12;16;5;11;1;2;2;20;4.61422877374381;8;3;18;5;6;5;25
TRACK:176;149;100;1;6;2;3;1;4;0;4;8;5;11;2;6;0;5;2;10;22;8.896684672985314;3;1;20;-6.392907117429025;13;5;6;5;14;1;1;4;3;3;6;1;15;22;-0.4594779566322572;16;4;1;4;4;1;5;25;3;14;4;0;1;6;11;0;23;-0.5482235669006282;16;2;5;11;2;23;-0.19814198630670143;14;2;3;0;2;0;4;5;3;4;15;5;2;0;2;15;17;2;17;17;4;1;11;10;4;5;3;3;5;19;5;11;3;6;5;2;5;6;1;0;12;7;-9.395191555604322;5;11;5;6;22;2.9962896780273494
TRACK:177;149;100;1;6;2;4;8;1;1;4;3;3;6;1;15;22;-0.27245749208627323;16;4;1;4;4;1;5;25;3;14;4;0;1;6;11;0;23;-0.738920815118807;16;2;5;11;2;23;-0.23526148386820717;14;2;3;0;2;0;4;5;3;4;15;5;2;0;2;15;17;2;17;17;4;1;11;10;4;5;3;3;5;19;4;5;1;1;4;9;3;1;11;10;0;3;5;20;-1.4567780830416073;0;1;8;7;-3.065140138927791;6;12;3;6;5;2;5;6;1;0;12;16;5;11;1;2;2;20;4.580892563079612;8;3;18;5;6;3;14
TRACK:178;140;160;1;6;2;3;1;4;0;4;8;5;11;2;6;0;5;2;10;17;3;1;20;-6.639303496531472;13;5;6;0;5;25;6;20;3.46702905232099;1;1;4;3;3;6;1;15;22;-0.5731921311314715;16;4;1;4;4;1;5;25;3;14;4;0;1;15;22;-0.3607175794841131;2;5;11;2;23;-0.2228435254356918;14;2;3;0;2;0;4;5;4;1;17;8;5;2;0;2;15;17;2;17;17;4;1;11;10;4;5;3;3;5;19;4;5;1;1;4;19;3;1;11;10;0;3;5;20;-1.6913018724457192;0;1;8;7;-3.373016111643291;1;10;9;3;6;5;2;5;6;1;0;12;7;-9.311093810823357;5;11;5;6;22;3.227804440358566
TRACK:179;140;160;1;6;2;3;1;4;0;4;8;5;11;2;6;0;5;2;10;17;3;1;20;-6.62108584665526;13;5;6;0;5;25;6;20;3.5629028685097137;1;1;4;3;3;6;1;15;22;-0.3607175794841131;16;4;1;4;4;1;5;25;3;14;4;0;1;6;11;17;2;5;11;2;23;-0.28004367963050475;14;2;3;0;5;25;4;5;1;1;4;9;3;1;11;10;0;3;5;20;-1.703621567418815;0;1;8;7;-3.2152202755067503;1;10;9;3;6;5;2;0;4;14;3;19;5;6;22;3.1358767585011216
TRACK:180;107;-1;1;6;2;3;1;4;0;4;8;5;11;2;6;0;5;2;10;17;3;1;20;-6.517637371154523;13;5;6;0;5;7;-1.7801434433660541;6;20;3.251826442397052;1;1;4;3;3;6;1;15;22;-0.30513261290174853;16;4;1;4;4;1;5;25;3;14;4;0;1;6;11;0;23;-0.6658438024174866;16;2;5;11;2;23;-0.3704518525106168;14;2;3;0;2;0;4;5;3;4;15;5;2;0;2;15;17;2;17;17;4;1;11;10;4;5;3;3;0;10;19;4;5;1;1;4;9;3;1;11;10;0;3;5;20;-1.4695234401292938;0;1;8;7;-3.1010977923321517;6;12;3;6;5;2;5;6;1;0;12;7;-9.579409997629838;5;11;5;6;22;3.1535272098339644
TRACK:181;172;-1;1;6;2;3;1;4;0;4;8;5;11;2;6;0;5;2;10;17;3;1;20;-6.728081181246348;13;5;6;3;1;20;-6.407787419612227;13;1;1;4;3;3;6;1;15;22;-0.23250461787144439;16;4;1;4;4;1;5;25;3;14;4;0;1;6;11;0;23;-0.7127200942296752;16;2;5;11;2;23;-0.4309492958566492;14;2;3;0;5;25;4;5;1;1;5;16;3;1;11;10;0;3;5;20;-1.7452354884895263;0;1;8;7;-3.2772354640310852;1;10;9;3;6;5;2;0;4;14;3;19;5;6;22;3.1145770920582536
TRACK:182;140;-1;1;6;2;3;1;4;0;4;8;5;11;2;6;0;5;2;10;17;3;1;20;-6.602234222116618;13;5;6;0;5;25;6;20;3.56168198000103;1;1;4;3;3;6;1;15;22;-0.5804099906558939;16;4;1;4;4;1;5;25;3;14;4;0;1;6;11;0;23;-0.7168275500758753;16;2;5;11;2;23;-0.38634430848909823;14;2;3;0;2;0;4;5;4;1;17;8;5;2;0;2;15;17;2;17;17;4;1;11;10;3;2;3;1;6;14;3;8;2;3;5;24;2;2;12;13;1;12;24;4;5;1;1;4;19;3;1;11;10;0;3;5;20;-1.67271413200231;0;1;8;7;-3.6759327887534443;1;10;9;3;6;5;2;5;6;1;0;12;7;-9.29768460123996;5;11;5;6;22;3.3490057832845253
TRACK:183;176;-1;1;6;2;3;1;4;0;4;8;5;11;2;6;0;5;2;10;22;9.03513613846734;3;1;20;-6.290083580940472;13;5;6;5;14;1;1;4;3;3;6;1;15;22;-0.520606429214267;16;4;1;4;4;1;5;13;3;14;4;0;1;6;11;0;23;-0.31308535462490894;16;2;5;11;2;23;-0.2133845620094472;14;2;3;0;2;0;4;5;3;4;15;5;2;0;2;15;17;2;17;17;4;1;11;10;4;5;3;3;5;19;5;11;3;6;5;2;5;6;1;0;12;7;-9.402733854808343;5;11;5;6;22;2.82819619749273
TRACK:184;140;-1;1;6;2;3;1;4;0;4;8;5;11;2;6;0;5;2;10;17;3;1;20;-6.84036309888976;13;5;6;0;5;25;6;20;3.5153551268031533;1;1;4;3;3;6;1;15;22;-0.4432617631245003;16;4;1;4;4;1;5;25;3;14;4;0;1;6;11;0;23;-0.7932312074515412;16;2;5;11;2;23;-0.22599790017772403;14;2;3;0;2;0;4;5;4;1;17;8;5;2;0;2;15;17;2;17;17;4;1;11;10;4;5;3;3;5;19;3;0;5;4;0;5;23;0.5675024316274069;4;16;5;3;3;3;18;3;6;5;2;5;6;1;0;12;7;-9.448664465114156;5;11;5;6;22;3.087220782194856
TRACK:185;149;-1;1;6;2;3;1;4;0;4;8;5;11;2;6;0;5;2;10;22;8.848227847919816;3;1;20;-6.554423607085189;13;5;6;5;14;1;1;4;3;3;6;1;15;22;-0.6920406886957754;16;4;1;4;4;1;0;10;12;3;14;4;0;1;6;11;0;23;-0.5600113741563443;16;2;5;11;2;23;-0.20008051655120224;14;2;3;0;2;0;4;5;3;4;15;5;2;0;2;15;17;2;17;17;4;1;11;10;4;5;3;3;5;19;4;5;1;1;4;9;3;1;11;10;0;3;5;20;-2.0025031687624284;0;1;8;7;-3.1682285250426787;1;10;9;3;6;5;2;5;6;1;0;12;7;-9.409396906745902;5;11;5;6;22;3.0296985541359067
TRACK:186;173;-1;1;6;2;3;1;4;0;0;5;4;19;0;4;8;5;11;2;3;5;21;-2.060852076990604;6;5;11;2;6;0;5;2;10;17;3;1;20;-6.453084176184492;13;5;6;0;5;7;-1.242206191202737;6;10;1;1;4;3;3;6;1;15;12;2;1;1;2;11;17;6;21;-2.3253684519692257;1;4;0;17;12;5;2;11;13;1;0;5;6;23;6.8843245038349705;4;1;10;22;9.251582065634594;3;3;0;17;19;4;1;4;4;1;5;25;3;14;4;0;1;6;11;0;22;-0.21628737968961065;16;2;5;11;2;23;-0.2380738056691942;14;2;3;0;2;0;4;5;3;4;15;5;2;0;2;15;17;2;17;12;4;1;11;10;4;5;3;3;5;19;4;5;1;1;4;9;0;24;21;1.244599214483109;0;3;5;20;-1.5155047512077793;0;1;8;7;-3.448685333613879;6;12;3;6;5;2;5;6;1;0;12;7;-9.614712330527464;5;11;1;0;3;3;18;6;5;13;5;6;3;14
TRACK:187;166;-1;1;6;2;3;1;4;0;0;5;4;19;0;4;8;5;11;2;3;5;21;-1.8443175408873382;6;5;11;2;6;0;6;21;-7.45550270871121;1;10;11;5;3;3;5;19;1;1;4;3;3;6;1;15;22;-0.20926374343504892;16;4;1;4;4;1;5;25;3;14;4;0;1;6;11;0;23;-0.6913779576613721;16;2;5;11;2;23;-0.17218361424676912;14;2;3;0;2;0;4;5;3;3;11;5;2;0;2;15;17;2;17;17;4;1;11;10;4;5;3;3;5;19;4;5;1;1;4;9;3;1;11;10;0;3;5;20;-1.4133250105022805;1;17;12;3;6;5;2;5;6;1;0;12;16;5;11;1;2;2;20;4.553045754167465;8;3;18;5;6;3;14
TRACK:188;177;-1;1;6;2;4;8;1;1;4;3;3;6;1;15;22;-0.12720711918024016;16;4;1;4;4;1;5;25;3;14;4;0;1;6;11;0;23;-0.9368086100001753;16;2;5;11;2;23;-0.36050355525300215;14;2;3;0;2;0;4;5;3;4;15;5;2;0;2;15;17;2;17;17;4;1;11;10;4;5;3;3;5;19;4;5;1;1;4;9;3;1;11;10;1;2;17;24;6;10;3;6;5;2;5;6;1;0;12;16;5;11;1;2;2;20;4.451511631720264;8;3;18;5;6;3;14
TRACK:189;160;-1;1;6;2;3;1;4;0;4;8;5;11;2;6;0;5;2;10;17;3;1;20;-6.694842244014318;13;5;6;0;5;25;6;20;3.609213270754262;1;1;4;3;3;6;1;15;8;16;4;1;4;4;1;5;25;3;14;4;0;1;6;11;0;23;-0.623729689395171;16;2;5;11;2;23;-0.23716395001057727;14;2;3;0;5;25;4;5;1;1;4;9;3;1;11;10;0;3;5;20;-1.7206466131247276;0;1;8;7;-3.0678132318827056;1;10;9;3;6;5;2;0;4;14;3;19;5;6;22;2.9568177063425485
EVAL_INSTANCE:9:0:180
EVAL_INSTANCE:9:1:181
EVAL_INSTANCE:9:2:182
EVAL_INSTANCE:9:3:183
EVAL_INSTANCE:9:4:184
EVAL_INSTANCE:9:5:185
EVAL_INSTANCE:9:6:186
EVAL_INSTANCE:9:7:187
EVAL_INSTANCE:9:8:188
EVAL_INSTANCE:9:9:189
RUN_RESULT:9:0:0:304:URRRUUDDRUURDDDDDUUL
RUN_RESULT:9:1:0:2000:----
RUN_RESULT:9:2:0:268:URRRUUDDRUURDDDDDUUL
RUN_RESULT:9:3:0:290:URRRUUDDRUURDULLDDD
RUN_RESULT:9:4:0:412:URRRUUDDRUUDDRUDDL
RUN_RESULT:9:5:0:2000:----
RUN_RESULT:9:6:0:640:URRRUUDDRUUDDD
RUN_RESULT:9:7:0:634:RRURUUDDRUUDDD
RUN_RESULT:9:8:0:2000:----
RUN_RESULT:9:9:0:249:URRRUUDDRUURDDDDDUUL
    10 |      100 | -3.677100E+03 | -3.751000E+03
TRACK:190;183;182;1;6;2;3;1;4;0;4;8;11;2;6;0;5;2;10;22;9.03513613846734;3;1;20;-6.290083580940472;13;5;6;5;14;1;1;4;3;3;6;1;15;22;-0.520606429214267;16;4;1;4;4;1;5;13;3;14;4;0;1;6;11;0;23;-0.31308535462490894;16;2;5;11;2;23;-0.2133845620094472;14;2;3;0;2;0;4;5;3;4;15;5;2;0;2;15;17;2;17;17;4;1;11;10;4;5;3;3;5;19;5;11;3;6;5;2;5;6;1;0;12;7;-9.402733854808343;5;11;5;6;22;2.82819619749273
TRACK:191;183;182;1;6;2;3;1;4;0;4;8;5;11;2;6;0;5;2;10;11;3;1;20;-6.602234222116618;13;5;6;0;5;25;6;20;3.56168198000103;1;1;4;3;3;6;1;15;22;-0.5804099906558939;16;4;1;4;4;1;5;25;3;14;4;0;1;6;11;0;23;-0.7168275500758753;16;2;5;11;2;23;-0.38634430848909823;14;2;3;0;2;0;4;5;4;1;17;8;5;2;0;2;15;17;2;17;17;4;1;11;10;3;2;3;1;6;14;3;8;2;3;5;24;2;2;12;13;1;12;24;4;5;1;1;4;19;3;1;11;10;0;3;5;20;-1.67271413200231;0;1;8;7;-3.6759327887534443;1;10;9;3;6;5;2;5;6;1;0;12;7;-9.29768460123996;5;11;5;6;22;3.3490057832845253
TRACK:192;189;149;1;6;2;3;1;4;0;4;8;5;11;2;6;0;5;2;10;17;3;1;20;-6.694842244014318;13;5;6;0;5;25;6;20;3.609213270754262;1;1;4;3;3;6;1;15;8;16;4;1;4;4;1;5;25;3;14;4;5;14;2;3;0;5;25;4;5;1;1;4;9;3;1;11;10;0;3;5;20;-1.7206466131247276;0;1;8;7;-3.0678132318827056;1;10;9;3;6;5;2;0;4;14;3;19;5;6;22;2.9568177063425485
TRACK:193;189;149;1;6;2;3;1;4;0;4;8;5;11;2;6;0;5;2;10;22;8.896684672985314;3;1;20;-6.392907117429025;13;5;6;5;14;1;1;4;3;3;6;1;15;22;-0.4594779566322572;16;4;1;4;4;1;5;25;3;14;4;0;1;6;11;0;23;-0.5482235669006282;16;2;5;11;2;23;-0.19814198630670143;14;2;3;0;2;0;4;5;3;4;15;5;2;0;2;15;17;2;17;17;4;1;11;10;4;5;3;3;5;19;4;5;8;3;6;5;2;5;6;1;0;12;7;-9.395191555604322;5;11;5;6;22;2.9962896780273494
TRACK:194;160;183;1;6;2;3;1;4;0;4;8;5;11;2;6;0;5;2;10;17;3;1;20;-6.62108584665526;13;5;6;0;5;25;6;14;1;1;4;3;3;6;1;15;22;-0.3607175794841131;16;4;1;4;4;1;5;25;3;14;4;0;1;6;11;0;23;-0.7039848468053609;16;2;5;11;2;23;-0.28004367963050475;14;2;3;0;5;25;4;5;1;1;4;9;3;1;11;10;0;3;5;20;-1.703621567418815;0;1;8;7;-3.2152202755067503;1;10;9;3;6;5;2;0;4;14;3;19;5;6;22;3.1358767585011216
TRACK:195;160;183;1;6;2;3;1;4;0;4;8;5;11;2;6;0;5;2;10;22;9.03513613846734;3;1;20;-6.290083580940472;13;5;6;5;14;1;1;4;3;3;6;1;15;22;-0.520606429214267;16;4;1;4;4;1;5;13;3;14;4;0;1;6;11;0;23;-0.31308535462490894;16;2;5;11;2;23;-0.2133845620094472;14;2;3;0;2;0;4;5;3;4;15;5;2;0;2;15;17;2;17;17;4;1;11;10;4;5;3;3;5;19;5;11;3;6;5;2;5;6;1;0;12;7;-9.402733854808343;5;11;5;10
TRACK:196;180;122;1;6;2;3;1;4;0;4;8;5;11;2;6;0;5;2;10;17;3;1;20;-6.517637371154523;13;5;6;0;5;7;-1.7801434433660541;6;20;3.251826442397052;1;1;4;3;3;6;1;15;22;-0.30513261290174853;16;4;1;4;4;1;5;25;3;14;4;0;1;6;11;0;13;16;2;5;11;2;23;-0.3704518525106168;14;2;3;0;2;0;4;5;3;4;15;5;2;0;2;15;17;2;17;17;4;1;11;10;4;5;3;3;0;10;19;4;5;1;1;4;9;3;1;11;10;0;3;5;20;-1.4695234401292938;0;1;8;7;-3.1010977923321517;6;12;3;6;5;2;5;6;1;0;12;7;-9.579409997629838;5;11;5;6;22;3.1535272098339644
TRACK:197;180;122;1;6;2;3;1;4;0;4;8;5;11;2;6;0;5;2;10;17;3;1;20;-6.495351960097894;13;5;6;0;5;25;6;20;3.4512121853632287;1;1;4;3;3;6;1;15;22;-0.39136237868928725;16;4;1;4;4;1;5;25;3;14;4;0;1;6;11;0;23;-0.7165601171671107;16;2;5;11;2;23;-0.3196661151265788;14;2;3;0;2;0;4;5;3;4;15;5;2;0;2;15;17;2;17;17;4;1;11;10;4;5;3;3;5;19;4;5;1;1;4;9;3;1;11;10;0;3;5;20;-1.643401295390921;0;1;8;7;-3.2460820700753614;1;10;9;3;6;5;2;5;2;10;17;5;6;22;3.219880696741517
TRACK:198;160;189;1;6;2;3;1;4;0;4;8;5;11;2;6;0;5;2;10;17;3;1;20;-6.62108584665526;13;5;6;0;5;25;6;20;3.5629028685097137;1;1;4;3;3;6;1;15;22;-0.3607175794841131;16;4;1;4;4;1;5;25;19;4;0;1;6;11;0;23;-0.7039848468053609;16;2;5;11;2;23;-0.28004367963050475;14;2;3;0;5;25;4;5;1;1;4;9;3;1;11;10;0;3;5;20;-1.703621567418815;0;1;8;7;-3.2152202755067503;1;10;9;3;6;5;2;0;4;14;3;19;5;6;22;3.1358767585011216
TRACK:199;160;189;1;6;2;3;1;4;0;4;8;5;11;2;6;0;5;2;10;17;3;1;20;-6.694842244014318;13;5;6;0;5;25;6;20;3.609213270754262;1;1;4;3;3;1;20;-6.62108584665526;13;16;4;1;4;4;1;5;25;3;14;4;0;1;6;11;0;23;-0.623729689395171;16;2;5;11;2;23;-0.23716395001057727;14;2;3;0;5;25;4;5;1;1;4;9;3;1;11;10;0;3;5;20;-1.7206466131247276;0;1;8;7;-3.0678132318827056;1;10;9;3;6;5;2;0;4;14;3;19;5;6;22;2.9568177063425485
TRACK:200;190;-1;1;6;2;3;1;4;0;4;8;11;2;6;0;5;2;10;22;9.063954988932158;3;1;20;-6.386623131505064;13;5;6;5;14;1;1;4;3;3;6;1;15;22;-0.5231537303042348;16;4;1;4;4;1;5;13;3;14;4;0;1;6;11;0;23;-0.27246337404319004;16;2;5;23;-8.344060918319578;2;23;-0.3854609948160161;14;2;3;0;2;0;4;5;3;4;15;5;2;0;2;15;17;2;17;17;4;1;11;10;4;5;3;3;5;19;5;11;3;6;5;2;5;6;1;0;12;7;-9.421723466814091;5;11;5;6;22;2.782500638686103
TRACK:201;192;-1;1;6;2;3;1;4;0;4;8;5;11;2;6;0;5;2;10;17;3;1;20;-6.716022525904494;13;5;6;0;5;25;6;20;3.6656998825574547;1;1;4;3;3;4;7;-5.897672072898629;16;4;1;4;4;1;5;25;3;14;4;5;14;2;3;0;5;25;4;5;1;1;4;9;3;1;11;10;0;3;5;20;-1.862171232769733;0;1;8;7;-3.1502677371510783;1;10;9;3;6;5;2;0;4;14;3;19;5;6;22;2.855138393844171
TRACK:202;194;-1;1;6;2;3;1;4;0;4;8;5;11;2;6;0;5;2;10;17;3;1;20;-6.627686921803922;13;5;6;0;5;25;6;14;1;1;4;3;3;6;1;15;22;-0.3449524647954805;16;4;1;4;4;1;5;25;3;14;4;0;1;6;11;0;23;-0.6827142098834076;16;2;5;11;2;23;-0.43203026442388115;14;2;3;0;5;25;4;5;1;1;4;9;3;1;11;10;0;3;5;20;-1.8204962278718146;0;4;25;1;10;9;3;6;5;2;0;4;14;3;19;5;6;22;3.2422532331709935
TRACK:203;196;-1;1;6;2;3;1;4;0;4;8;5;11;2;6;0;5;2;10;17;3;0;22;8.834761364881565;13;5;6;0;5;7;-1.8966781241537518;6;20;3.2540541260172455;1;1;4;3;3;6;1;15;22;-0.21045761102456556;16;4;1;4;4;1;5;25;3;14;4;0;1;6;11;0;13;16;2;5;11;2;23;-0.45755926946551667;14;2;3;0;2;0;4;5;3;4;15;5;2;0;2;15;17;2;17;17;4;1;11;10;4;5;3;3;0;10;19;4;5;1;1;4;9;3;1;11;10;0;3;5;20;-1.5520641248842584;0;1;8;7;-2.9669593923923636;6;12;3;6;5;2;5;6;1;0;12;7;-9.477866090118967;5;11;5;6;22;3.261293457734958
TRACK:204;198;-1;1;6;2;3;1;4;0;4;8;5;11;2;6;0;5;2;10;17;3;1;20;-6.732475168189194;13;5;6;0;5;25;6;8;1;1;4;3;3;6;1;15;22;-0.3780897716714486;16;4;1;4;4;1;5;25;19;4;0;1;6;11;0;23;-0.8011748165096568;16;2;5;11;2;23;-0.27364302796732576;14;2;3;0;5;25;4;5;1;1;4;9;3;1;11;10;0;3;5;20;-1.7804614512456356;0;1;8;7;-3.2772925241638107;1;10;9;3;6;5;2;0;4;14;3;19;5;6;22;2.9857222980100726
TRACK:205;191;-1;1;6;2;3;1;4;0;4;8;5;11;2;6;0;5;2;10;11;3;1;20;-6.604320645970879;13;5;6;0;5;25;6;20;3.5727808260099563;1;1;4;3;3;6;1;15;22;-0.5881723318809816;16;4;1;4;4;1;5;25;3;14;4;0;1;6;11;0;23;-0.8618669318870045;16;2;5;11;2;23;-0.36932759181511127;14;2;3;0;2;0;4;5;4;1;17;8;5;2;0;2;15;17;2;17;17;4;1;11;10;3;2;3;1;6;14;3;8;2;3;5;24;2;2;12;13;1;12;24;4;5;1;1;4;19;3;1;11;24;0;3;5;20;-1.921216310481174;0;1;8;7;-3.5769889980511134;1;10;9;3;6;5;2;5;6;1;0;12;7;-9.119300120857512;5;11;5;6;22;3.2321089923975115
TRACK:206;193;-1;1;6;2;3;1;4;0;4;8;5;11;2;6;0;5;2;10;22;8.793739132479798;3;1;20;-6.496667567152823;13;5;6;5;14;1;1;4;3;3;6;1;15;22;-0.5758583312214515;16;4;1;4;4;1;5;25;3;14;4;0;1;6;11;0;23;-0.4556974402421415;16;2;5;11;2;23;-0.23668539482689818;14;2;3;0;2;0;4;6;4;11;5;2;0;2;15;17;2;17;17;4;1;11;10;4;5;3;3;5;19;4;5;8;3;6;5;2;5;6;1;0;12;7;-9.470099408160424;5;11;5;6;22;2.925076695968094
TRACK:207;195;-1;1;6;2;3;1;4;0;4;8;5;11;2;6;0;5;2;10;22;9.128026689006493;3;1;20;-6.275589179116195;13;5;6;5;14;1;1;4;3;3;6;1;15;22;-0.5430602367682341;16;4;1;4;4;1;5;13;3;14;4;0;1;6;11;0;23;-0.3274886207520905;16;2;5;11;2;23;-0.3781805910600186;14;1;24;8
TRACK:208;197;-1;1;6;2;3;1;4;0;4;8;5;11;2;6;0;5;2;10;17;3;1;20;-6.454581910970148;13;5;6;0;5;25;6;20;3.504920071037443;1;1;4;3;3;6;1;15;22;-0.2736221206174564;16;4;1;4;4;1;5;25;3;14;4;0;1;6;11;0;23;-0.7260933579189859;16;2;5;11;2;23;-0.2847300296382847;14;2;3;0;2;0;4;5;3;4;15;5;2;0;2;15;17;2;17;17;4;1;11;10;4;5;3;3;5;19;4;5;1;1;4;9;3;1;11;10;0;3;5;20;-1.6953271163368466;0;1;8;7;-3.1550903425971963;1;10;9;3;6;5;2;5;2;10;17;5;6;3;2;14;19
TRACK:209;199;-1;1;6;2;3;1;4;0;4;8;5;11;2;6;0;5;2;10;17;3;1;20;-6.814129239457829;13;5;6;0;5;25;6;20;3.5224913971375775;1;1;4;3;3;1;20;-6.637196672369544;13;16;4;1;4;4;1;5;25;3;14;4;0;1;6;11;0;23;-0.6042186939016728;16;2;5;11;2;23;-0.2797092264584481;14;2;3;3;3;5;1;4;5;19;0;4;8;5;11;3;6;5;2;0;4;14;3;19;5;6;22;2.831287441318927
EVAL_INSTANCE:10:0:200
EVAL_INSTANCE:10:1:201
EVAL_INSTANCE:10:2:202
EVAL_INSTANCE:10:3:203
EVAL_INSTANCE:10:4:204
EVAL_INSTANCE:10:5:205
EVAL_INSTANCE:10:6:206
EVAL_INSTANCE:10:7:207
EVAL_INSTANCE:10:8:208
EVAL_INSTANCE:10:9:209
RUN_RESULT:10:0:0:290:URRRUUDDRUURDULLDDD
RUN_RESULT:10:1:0:249:URRRUUDDRUURDDDDDUUL
RUN_RESULT:10:2:0:2000:----
RUN_RESULT:10:3:0:2000:----
RUN_RESULT:10:4:0:227:URRRUUDDRUUDDD
RUN_RESULT:10:5:0:268:URRRUUDDRUURDDDDDUUL
RUN_RESULT:10:6:0:292:URRRUUDDRUURDULLDDD
RUN_RESULT:10:7:0:292:URRRUUDDRUURDULLDDD
RUN_RESULT:10:8:0:277:URRRUUDDRUURDDDDDUUL
RUN_RESULT:10:9:0:268:URRRUUDDRUURDDDDDUUL
    11 |      110 | -3.736500E+03 | -3.773000E+03
TRACK:210;205;189;1;6;2;3;1;4;0;4;8;5;11;2;6;0;5;2;10;11;3;1;20;-6.604320645970879;13;5;6;0;5;25;6;20;3.5727808260099563;1;1;4;3;3;6;1;15;22;-0.5881723318809816;16;4;1;4;4;1;5;25;3;14;4;0;1;6;11;0;23;-0.8618669318870045;16;2;5;11;2;23;-0.36932759181511127;14;2;3;0;2;0;4;5;4;1;17;8;5;2;0;2;15;17;2;17;17;4;1;11;10;3;2;3;1;6;14;3;8;2;3;5;24;2;2;12;13;1;12;24;4;5;1;1;4;22;2.9568177063425485;3;1;11;24;0;3;5;20;-1.921216310481174;0;1;8;7;-3.5769889980511134;1;10;9;3;6;5;2;5;6;1;0;12;7;-9.119300120857512;5;11;5;6;22;3.2321089923975115
TRACK:211;205;189;1;6;2;3;1;4;0;4;8;5;11;2;6;0;5;2;10;17;3;1;20;-6.694842244014318;13;5;6;0;5;25;6;20;3.609213270754262;1;1;4;3;3;6;1;15;8;16;4;1;4;4;1;17;3;14;4;0;1;6;11;0;23;-0.623729689395171;16;2;5;11;2;23;-0.23716395001057727;14;2;3;0;5;25;4;5;1;1;4;9;3;1;11;10;0;3;5;20;-1.7206466131247276;0;1;8;7;-3.0678132318827056;1;10;9;3;6;5;2;0;4;14;3;19;5;6;22;2.9568177063425485
TRACK:212;201;160;1;6;2;3;1;4;0;4;8;5;11;2;6;0;5;2;10;17;3;1;20;-6.716022525904494;13;5;6;0;5;25;6;20;3.6656998825574547;1;1;4;3;3;4;9;16;4;1;4;4;1;5;25;3;14;4;5;14;2;3;0;5;25;4;5;1;1;4;9;3;1;11;10;0;3;5;20;-1.862171232769733;0;1;8;7;-3.1502677371510783;1;10;9;3;6;5;2;0;4;14;3;19;5;6;22;2.855138393844171
TRACK:213;201;160;1;6;2;3;1;4;0;4;8;5;11;2;6;0;5;2;10;17;3;1;20;-6.62108584665526;13;5;6;0;5;25;6;20;3.5629028685097137;1;1;4;3;3;6;1;15;22;-0.3607175794841131;16;4;1;4;4;1;5;25;3;14;4;0;1;6;11;0;23;-0.7039848468053609;16;2;5;11;2;23;-0.28004367963050475;14;2;3;0;5;25;4;5;1;1;4;9;3;1;11;10;0;3;5;20;-1.703621567418815;0;1;8;7;-3.2152202755067503;1;10;9;3;6;5;2;0;4;8;3;19;5;6;22;3.1358767585011216
TRACK:214;204;189;1;6;2;3;1;4;0;4;8;5;11;2;6;0;5;2;10;17;3;1;20;-6.732475168189194;13;5;6;0;5;25;6;8;1;1;4;3;3;6;1;15;22;-0.3780897716714486;16;4;1;4;4;1;5;25;19;4;0;1;6;11;0;23;-0.8011748165096568;16;2;5;11;2;23;-0.27364302796732576;14;2;3;0;5;25;4;5;1;1;4;9;3;1;11;10;0;3;5;20;-1.7804614512456356;0;1;8;7;-3.2772925241638107;1;10;9;3;6;5;2;0;4;14;3;19;5;25
TRACK:215;204;189;1;6;2;3;1;4;20;-6.732475168189194;2;6;0;5;2;10;17;3;1;20;-6.694842244014318;13;5;6;0;5;25;6;20;3.609213270754262;1;1;4;3;3;6;1;15;8;16;4;1;4;4;1;5;25;3;14;4;0;1;6;11;0;23;-0.623729689395171;16;2;5;11;2;23;-0.23716395001057727;14;2;3;0;5;25;4;5;1;1;4;9;3;1;11;10;0;3;5;20;-1.7206466131247276;0;1;8;7;-3.0678132318827056;1;10;9;3;6;5;2;0;4;14;3;19;5;6;22;2.9568177063425485
TRACK:216;204;208;1;6;2;3;1;4;0;4;8;11;2;6;0;5;2;10;17;3;1;20;-6.732475168189194;13;5;6;0;5;25;6;8;1;1;4;3;3;6;1;15;22;-0.3780897716714486;16;4;1;4;4;1;5;25;19;4;0;1;6;11;0;23;-0.8011748165096568;16;2;5;11;2;23;-0.27364302796732576;14;2;3;0;5;25;4;5;1;1;4;9;3;1;11;10;0;3;5;20;-1.7804614512456356;0;1;8;7;-3.2772925241638107;1;10;9;3;6;5;2;0;4;14;3;19;5;6;22;2.9857222980100726
TRACK:217;204;208;1;6;2;3;1;4;0;4;8;5;11;2;6;0;5;2;10;17;3;1;20;-6.454581910970148;13;5;6;0;5;25;6;20;3.504920071037443;1;1;4;3;3;6;1;15;22;-0.2736221206174564;16;4;1;4;4;1;5;25;3;14;4;0;1;6;11;0;23;-0.7260933579189859;16;2;5;11;2;23;-0.2847300296382847;14;2;3;0;2;0;4;5;3;4;15;5;2;0;2;15;17;2;17;17;4;1;11;10;4;5;3;3;5;19;4;5;1;1;4;9;3;1;11;10;0;3;5;20;-1.6953271163368466;0;11;1;10;9;3;6;5;2;5;2;10;17;5;6;3;2;14;19
TRACK:218;201;205;1;6;2;3;1;4;0;4;8;5;11;2;6;0;5;2;10;17;3;1;20;-6.716022525904494;13;5;6;0;5;25;6;20;3.6656998825574547;1;1;4;3;3;4;7;-5.897672072898629;16;4;1;4;4;1;5;25;3;14;4;5;14;2;3;0;5;25;4;5;1;1;4;9;3;1;11;10;0;3;5;20;-1.862171232769733;0;1;8;7;-3.1502677371510783;1;10;9;3;6;5;12
TRACK:219;201;205;1;6;2;3;1;4;0;4;8;5;11;2;6;0;5;2;10;11;3;1;20;-6.604320645970879;13;5;6;0;5;25;6;20;3.5727808260099563;1;1;4;3;3;6;2;10;17;16;4;1;4;4;1;5;25;3;14;4;0;1;6;11;0;23;-0.8618669318870045;16;2;5;11;2;23;-0.36932759181511127;14;2;3;0;2;0;4;5;4;1;17;8;5;2;0;2;15;17;2;17;17;4;1;11;10;3;2;3;1;6;14;3;8;2;3;5;24;2;2;12;13;1;12;24;4;5;1;1;4;19;3;1;11;24;0;3;5;20;-1.921216310481174;0;1;8;7;-3.5769889980511134;1;10;9;3;6;5;2;5;6;1;0;12;7;-9.119300120857512;5;11;5;6;22;3.2321089923975115
TRACK:220;210;-1;1;6;2;3;1;4;0;4;8;5;11;2;6;0;5;2;10;11;3;1;20;-6.6185997363168605;13;5;6;0;5;25;6;20;3.694542503478453;1;1;4;3;3;6;1;15;22;-0.542947972551773;16;4;1;4;4;1;5;25;3;14;4;0;1;6;11;0;23;-0.7117337083083624;16;2;5;11;2;23;-0.348605160238915;14;2;3;0;2;0;4;5;4;1;17;8;5;2;0;2;15;17;2;17;17;4;1;11;10;3;2;3;1;6;14;3;8;2;3;5;24;2;4;16;1;12;24;4;5;1;1;4;22;3.016579920337316;3;1;11;24;0;3;5;20;-1.9955523392262706;0;1;8;7;-3.554910793595663;1;10;9;3;6;5;2;5;6;1;0;12;7;-9.17902712225848;5;11;5;6;22;3.2123983406021757
TRACK:221;212;-1;1;6;2;3;1;4;0;4;8;3;4;11;2;6;0;5;2;10;17;3;1;20;-6.84280086712657;13;5;6;0;5;25;6;20;3.621451764698661;1;1;4;3;3;4;9;16;4;1;4;4;1;5;25;3;14;4;5;14;2;3;0;5;25;4;5;1;1;4;9;3;1;11;10;0;3;5;20;-1.7902257709334504;0;1;8;7;-3.2185442252508385;1;10;9;3;6;5;2;0;4;14;3;19;5;6;22;2.876675506750599
TRACK:222;214;-1;1;6;2;3;1;4;0;4;8;5;11;2;6;0;5;2;10;17;3;1;20;-6.593503733111762;13;5;6;6;2;25;14;1;1;4;3;3;6;1;15;22;-0.4561705833808145;16;4;1;4;4;1;5;25;19;4;0;1;6;11;0;23;-0.8203895760688076;16;2;5;11;2;23;-0.2659278224204524;14;2;3;0;5;25;4;5;1;1;4;9;3;1;11;10;0;3;5;20;-1.840514625485784;0;1;8;7;-3.3056028258362153;1;10;9;3;6;5;2;0;4;14;3;19;5;25
TRACK:223;216;-1;1;6;2;3;1;4;0;4;8;11;2;6;0;5;2;10;17;3;1;20;-6.521604553538084;13;5;6;0;5;25;6;8;1;1;4;3;3;6;1;15;22;-0.2978943735059598;16;4;1;4;4;1;5;25;19;4;0;1;6;11;0;23;-0.6509824571047449;16;2;5;11;2;23;-0.22911145062010993;14;2;3;0;5;25;4;5;1;1;4;9;3;1;11;10;0;3;1;22;-8.737601579907784;18;0;1;8;7;-3.397850315637084;1;10;9;3;6;5;2;0;4;14;3;19;5;6;22;2.9879408727950625
TRACK:224;218;-1;1;6;2;3;1;4;0;4;8;5;11;2;6;0;5;2;10;17;3;1;20;-6.734174679005417;13;5;6;0;5;25;6;20;3.69415336033207;1;1;4;3;3;4;7;-5.653301682957585;16;4;1;4;4;1;5;25;3;14;4;5;14;2;3;0;5;0;5;4;0;24;16;6;2;0;8;8;0;18;24;4;5;1;1;4;9;3;1;11;10;0;3;5;20;-1.661301813072428;0;1;8;7;-3.1641587306126193;1;10;9;3;6;5;12
TRACK:225;211;-1;1;6;2;3;1;4;0;4;8;5;11;2;6;0;5;2;10;17;3;1;20;-6.686474802853621;13;5;6;0;5;25;6;20;3.67046564959416;1;1;4;3;3;6;1;15;8;16;4;1;4;4;1;17;3;14;4;0;1;6;11;0;23;-0.5566519456133835;16;2;5;11;2;23;-0.2483003923469639;14;2;3;0;5;25;4;5;1;1;4;9;3;2;24;17;0;3;5;20;-1.7750349199041464;0;1;8;7;-3.1195095365681422;1;10;9;3;6;5;2;0;4;14;3;19;5;6;22;2.8352188125429754
TRACK:226;213;-1;1;6;2;3;1;4;0;4;8;5;11;2;6;0;5;2;10;17;3;1;20;-6.654047871170814;13;5;6;0;5;25;6;20;3.6448272662512546;1;1;4;3;3;6;1;15;24;16;4;1;4;4;1;5;25;3;14;4;0;1;6;11;0;23;-0.8698852243673605;16;2;5;11;2;23;-0.424206694754807;14;2;3;0;5;25;4;5;1;1;4;9;3;1;11;10;0;3;5;20;-1.5404351312784854;0;1;8;7;-3.0093925716085415;1;10;9;3;6;5;2;0;4;8;3;19;5;6;22;3.324552098006094
TRACK:227;215;-1;1;6;2;3;1;4;20;-6.805782725840093;2;6;0;6;2;20;-7.984990003519781;24;3;1;20;-6.668747977922404;13;5;6;0;5;25;6;20;3.705460829384777;1;1;4;3;3;6;1;15;8;16;4;1;4;4;1;5;25;3;14;4;0;1;6;11;0;23;-0.5467025269667182;16;2;5;11;2;23;-0.3298958725262242;14;2;3;0;5;25;4;5;1;1;4;9;3;1;11;10;0;3;5;20;-1.753648433079268;0;1;8;7;-3.1250282598982166;1;10;9;3;6;5;2;0;4;14;3;19;5;6;22;3.060505984342926
TRACK:228;217;-1;1;6;2;3;1;4;0;4;8;5;11;2;6;0;5;2;10;17;3;1;20;-6.393458795340814;13;5;6;0;5;25;6;20;3.3373784582533883;1;1;4;3;3;6;1;15;22;-0.3820203293843081;16;4;1;4;4;1;5;25;3;14;4;0;1;6;11;0;23;-0.7292609069035509;16;2;5;11;2;23;-0.24459525771151797;14;2;3;0;2;0;4;5;3;4;15;5;2;0;2;15;17;0;7;5.788917221943455;19;4;1;11;10;4;5;3;3;5;19;4;5;1;1;4;9;3;1;11;10;0;3;5;20;-1.7237030565289815;0;11;1;10;9;3;6;5;2;5;2;10;17;5;6;3;2;14;19
TRACK:229;219;-1;1;6;2;3;1;4;0;4;8;5;11;2;6;0;5;2;10;11;3;1;20;-6.685285783577661;13;5;6;0;5;25;6;20;3.593055393896803;1;1;4;3;3;6;2;10;17;16;4;1;4;4;1;5;25;3;14;4;0;1;6;11;0;23;-0.760859975211053;16;2;5;11;2;23;-0.304762922256671;14;2;3;0;2;0;4;5;4;1;17;8;5;2;0;2;15;17;2;17;17;4;1;11;10;3;2;3;1;6;14;3;8;2;3;5;24;2;2;12;13;1;12;24;4;5;1;1;4;19;3;1;11;24;0;3;5;20;-1.8911375507525285;0;1;8;7;-3.5571528839964857;1;10;9;3;6;5;2;5;6;1;0;12;7;-9.18549036146683;5;11;5;6;22;3.3306761788234507
EVAL_INSTANCE:11:0:220
EVAL_INSTANCE:11:1:221
EVAL_INSTANCE:11:2:222
EVAL_INSTANCE:11:3:223
EVAL_INSTANCE:11:4:224
EVAL_INSTANCE:11:5:225
EVAL_INSTANCE:11:6:226
EVAL_INSTANCE:11:7:227
EVAL_INSTANCE:11:8:228
EVAL_INSTANCE:11:9:229
RUN_RESULT:11:0:0:338:URRRUUDDRUUDDRUDDL
RUN_RESULT:11:1:0:249:URRRUUDDRUURDDDDDUUL
RUN_RESULT:11:2:0:2000:----
RUN_RESULT:11:3:0:227:URRRUUDDRUUDDD
RUN_RESULT:11:4:0:2000:----
RUN_RESULT:11:5:0:249:URRRUUDDRUURDDDDDUUL
RUN_RESULT:11:6:0:262:URRRUUDDRUURDDDDDUUL
RUN_RESULT:11:7:0:2000:----
RUN_RESULT:11:8:0:277:URRRUUDDRUURDDDDDUUL
RUN_RESULT:11:9:0:268:URRRUUDDRUURDDDDDUUL
    12 |      120 | -3.750300E+03 | -3.773000E+03
TRACK:230;221;160;1;6;2;3;1;4;0;4;8;3;4;11;2;6;0;5;2;10;17;3;1;20;-6.84280086712657;13;5;6;0;5;25;6;20;3.621451764698661;1;1;4;3;3;4;9;16;4;1;4;4;1;5;25;3;14;4;5;14;2;3;0;5;25;4;5;1;15;22;-0.3607175794841131;3;6;5;2;0;4;14;3;19;5;6;22;2.876675506750599
TRACK:231;221;160;1;6;2;3;1;4;0;4;8;5;11;2;6;0;5;2;10;17;3;1;20;-6.62108584665526;13;5;6;0;5;25;6;20;3.5629028685097137;1;1;4;3;3;6;1;15;22;-0.3607175794841131;16;4;1;4;4;1;5;25;3;14;4;0;1;6;11;0;23;-0.7039848468053609;16;2;5;11;2;23;-0.28004367963050475;14;2;3;0;5;6;20;3.621451764698661;4;5;1;1;4;9;3;1;11;10;0;3;5;20;-1.703621567418815;0;1;8;7;-3.2152202755067503;1;10;9;3;6;5;2;0;4;14;3;19;5;6;22;3.1358767585011216
TRACK:232;204;201;1;6;2;3;1;4;0;4;8;5;11;2;6;0;5;2;10;17;3;1;20;-6.732475168189194;13;5;6;0;5;25;6;8;1;1;4;3;3;6;1;15;22;-0.3780897716714486;16;4;1;4;4;1;5;25;19;4;0;1;6;11;0;23;-0.8011748165096568;16;2;5;11;2;23;-0.27364302796732576;14;2;3;4;4;1;5;25;3;14;3;6;5;2;0;4;14;3;19;5;6;22;2.9857222980100726
TRACK:233;204;201;1;6;2;3;1;4;0;4;8;5;11;2;6;0;5;2;10;17;3;1;20;-6.716022525904494;13;5;6;0;5;25;6;20;3.6656998825574547;1;1;4;3;3;4;7;-5.897672072898629;16;4;1;4;4;1;5;25;3;14;4;5;14;2;3;0;5;25;4;5;1;1;4;9;3;1;11;10;0;3;5;20;-1.862171232769733;0;1;8;7;-3.1502677371510783;1;10;9;3;6;5;1;11;10
TRACK:234;223;221;1;6;2;3;1;4;0;4;8;11;2;6;0;5;2;10;17;3;1;20;-6.521604553538084;13;5;6;0;5;25;6;8;1;1;4;3;3;6;1;15;22;-0.2978943735059598;16;4;1;4;4;1;5;25;19;4;0;1;6;11;0;23;-0.6509824571047449;16;2;5;11;2;23;-0.22911145062010993;14;2;3;0;5;25;4;5;1;1;4;9;3;14;0;3;1;22;-8.737601579907784;18;0;1;8;7;-3.397850315637084;1;10;9;3;6;5;2;0;4;14;3;19;5;6;22;2.9879408727950625
TRACK:235;223;221;1;6;2;3;1;4;0;4;8;3;4;11;2;6;0;5;2;10;17;3;1;20;-6.84280086712657;13;5;6;0;5;25;6;20;3.621451764698661;1;1;4;3;3;4;9;16;4;1;4;4;1;5;25;3;14;4;5;14;2;3;0;6;22;2.9879408727950625;4;5;1;1;4;9;3;1;11;10;0;3;5;20;-1.7902257709334504;0;1;8;7;-3.2185442252508385;1;10;9;3;6;5;2;0;4;14;3;19;5;6;22;2.876675506750599
TRACK:236;204;205;1;6;2;3;1;4;0;4;8;5;11;2;6;0;5;2;10;17;3;1;20;-6.732475168189194;13;5;6;0;5;25;6;8;1;1;4;3;3;6;1;15;22;-0.3780897716714486;16;4;1;4;4;1;5;25;19;4;0;1;6;11;0;23;-0.8011748165096568;16;2;5;11;2;23;-0.27364302796732576;14;2;3;0;5;25;4;5;1;1;4;8;3;1;11;10;0;3;5;20;-1.7804614512456356;0;1;8;7;-3.2772925241638107;1;10;9;3;6;5;2;0;4;14;3;19;5;6;22;2.9857222980100726
TRACK:237;204;205;1;6;2;3;1;4;0;4;8;5;11;2;6;0;5;2;10;11;3;1;20;-6.604320645970879;13;5;6;0;5;25;6;20;3.5727808260099563;1;1;4;3;3;6;1;15;22;-0.5881723318809816;16;4;1;4;4;1;5;25;3;14;4;0;1;6;11;0;23;-0.8618669318870045;16;2;5;11;2;23;-0.36932759181511127;14;2;3;0;2;0;4;5;4;1;17;8;5;2;0;2;15;17;2;17;17;4;1;11;10;3;2;3;1;6;14;3;8;2;3;5;24;2;2;12;13;1;11;10;4;5;1;1;4;19;3;1;11;24;0;3;5;20;-1.921216310481174;0;1;8;7;-3.5769889980511134;1;10;9;3;6;5;2;5;6;1;0;12;7;-9.119300120857512;5;11;5;6;22;3.2321089923975115
TRACK:238;225;223;1;6;2;3;1;4;0;4;8;5;11;2;6;0;5;2;10;17;3;1;20;-6.686474802853621;13;5;6;0;5;25;6;20;3.67046564959416;1;1;4;3;3;6;1;15;8;16;25;2;3;0;5;25;4;5;1;1;4;9;3;2;24;17;0;3;5;20;-1.7750349199041464;0;1;8;7;-3.1195095365681422;1;10;9;3;6;5;2;0;4;14;3;19;5;6;22;2.8352188125429754
TRACK:239;225;223;1;6;2;3;1;4;0;4;8;11;2;6;0;5;2;10;17;3;1;20;-6.521604553538084;13;5;6;0;5;25;6;23;-0.5566519456133835;1;1;4;3;3;6;1;15;22;-0.2978943735059598;16;4;1;4;4;1;5;25;19;4;0;1;6;11;0;23;-0.6509824571047449;16;2;5;11;2;23;-0.22911145062010993;14;2;3;0;5;25;4;5;1;1;4;9;3;1;11;10;0;3;1;22;-8.737601579907784;18;0;1;8;7;-3.397850315637084;1;10;9;3;6;5;2;0;4;14;3;19;5;6;22;2.9879408727950625
TRACK:240;230;-1;1;6;2;3;1;4;0;4;8;3;4;11;2;6;0;5;2;10;17;3;1;20;-6.989461820618618;13;5;6;0;5;25;6;20;3.319333345091875;1;1;4;3;3;4;9;16;4;1;4;4;1;5;25;3;14;4;5;14;2;3;6;3;1;25;20;7.763108272423583;3;6;5;2;0;4;14;3;19;5;6;22;2.884134684586569
TRACK:241;232;-1;1;6;2;3;1;4;0;4;2;5;22;4.189144890893733;0;20;6.933635837719912;20;-7.008667020684025;5;11;2;6;0;5;2;10;17;3;1;20;-6.727350210297752;13;5;6;0;5;25;6;8;1;1;4;3;3;6;1;15;22;-0.29667248457112516;16;4;1;4;4;1;5;25;19;4;0;1;6;11;0;23;-0.9513063247041746;16;2;5;11;2;23;-0.3377062380629665;14;2;3;4;4;1;5;25;3;14;3;6;5;2;0;4;14;3;19;5;6;22;3.035360210166607
TRACK:242;234;-1;1;6;2;3;1;4;0;4;8;11;2;6;0;5;2;10;17;3;1;20;-6.671388474259519;13;5;6;0;5;25;6;8;1;1;4;3;3;6;1;15;22;-0.34299106029274634;16;4;1;4;2;0;5;22;2.9206969108866367;0;15;23;-3.2987466098543177;1;0;16;17;4;10;4;0;1;6;11;0;23;-0.6720813581460742;16;2;5;11;2;23;-0.23476148404060385;14;2;3;0;5;25;4;5;1;1;4;9;3;14;0;3;1;22;-8.750463592061832;18;0;1;8;7;-3.3644205952088106;1;10;9;3;6;5;2;0;4;14;3;19;5;6;22;3.002662081876718
TRACK:243;236;-1;1;6;2;3;1;4;0;4;8;5;11;2;6;0;5;2;10;17;3;1;20;-6.649388151808479;13;5;6;0;5;25;6;8;1;1;4;3;3;6;1;15;22;-0.3265095057001824;16;4;1;4;4;1;5;25;19;4;0;1;6;11;0;23;-0.8360529143963181;16;2;5;11;2;23;-0.41914035888069623;14;2;3;0;5;25;4;5;1;1;4;8;3;1;11;10;0;3;5;20;-1.8112275916433687;0;1;8;7;-3.1315159312560565;1;10;9;3;6;5;2;0;4;14;3;19;5;5;10
TRACK:244;238;-1;1;6;2;3;1;4;0;4;8;5;11;2;6;0;5;2;10;17;3;1;20;-6.605339235186936;13;5;6;0;5;25;6;20;3.6021526314655;1;1;4;3;3;6;14;16;25;2;3;0;5;25;4;5;1;1;4;9;3;2;24;17;0;3;5;20;-1.6703213025647183;0;1;8;7;-3.1671875727172756;1;10;9;3;6;5;2;0;4;14;3;19;5;6;22;2.7923141486631757
TRACK:245;231;-1;1;6;2;3;1;4;0;2;1;15;18;1;22;-1.9995790109739033;21;-1.8867373038601158;5;11;2;6;0;5;2;10;17;3;1;20;-6.679300015468223;13;5;6;0;5;25;6;20;3.6232378300577155;1;1;4;3;3;6;1;15;22;-0.26888994007651273;16;4;1;4;4;1;5;25;3;14;4;0;1;6;11;0;23;-0.7969428645215825;16;2;5;11;2;23;-0.23086489116317993;14;2;3;0;5;6;20;3.5770291671331083;4;5;1;1;4;9;3;1;11;10;0;3;5;20;-1.9684931188086279;0;1;8;7;-3.315625377867381;1;10;9;3;6;5;2;0;4;14;3;19;5;6;22;3.2818295149445107
TRACK:246;233;-1;1;6;2;3;1;4;0;4;8;5;1;6;16;6;14;2;6;0;5;2;10;17;3;1;20;-6.8411748987638195;13;5;6;0;5;25;6;20;3.499457148676654;1;1;4;3;3;4;7;-6.006815077744523;16;4;1;4;4;1;5;25;3;14;4;5;14;2;3;0;5;25;4;5;1;1;4;9;3;1;11;10;0;3;5;20;-1.9372420885160375;0;1;8;7;-3.150957305345368;1;10;9;3;6;5;1;11;10
TRACK:247;235;-1;1;1;3;2;25;10;2;5;17;1;15;25;2;3;0;6;22;3.093985494557621;4;5;1;1;4;9;3;1;11;10;0;3;5;20;-1.762530085461759;0;1;8;7;-3.149663943902239;1;10;9;3;6;5;2;0;4;14;3;19;5;6;22;2.9447894969970396
TRACK:248;237;-1;1;6;2;3;1;4;0;4;8;5;11;2;6;0;5;2;10;11;3;1;20;-6.573176484555594;13;5;6;0;5;25;6;20;3.5175039080400823;1;1;4;3;3;6;1;15;22;-0.697554071999055;16;4;1;4;4;1;5;25;3;14;4;0;1;6;11;0;23;-0.741208500903997;16;2;5;11;2;23;-0.46624375423678066;14;2;3;0;2;0;4;5;4;1;17;8;5;2;0;2;15;17;2;17;17;4;1;11;10;3;2;3;1;6;14;3;8;2;3;5;12;2;2;12;13;1;11;10;4;5;1;1;4;19;3;1;11;24;0;3;5;20;-1.9284499393260293;0;1;8;7;-3.5892612993334074;1;10;9;3;6;5;2;5;6;1;0;12;7;-9.045226470526142;5;11;5;6;22;3.1147521693596856
TRACK:249;239;-1;1;6;2;3;1;4;0;4;8;11;2;6;0;5;2;10;17;3;1;20;-6.590705057595252;13;5;6;0;5;25;6;23;-0.5574899696811948;1;1;4;3;3;6;1;15;22;-0.283762162319807;16;4;1;4;4;1;5;25;19;4;6;0;6;22;-4.336511122429791;3;11;2;3;0;5;25;4;5;1;1;4;9;3;1;11;10;0;3;1;22;-8.740266259425415;18;0;1;8;7;-3.448192529983011;1;10;9;3;6;5;2;0;4;14;3;19;5;6;22;2.9380022300431707
EVAL_INSTANCE:12:0:240
EVAL_INSTANCE:12:1:241
EVAL_INSTANCE:12:2:242
EVAL_INSTANCE:12:3:243
EVAL_INSTANCE:12:4:244
EVAL_INSTANCE:12:5:245
EVAL_INSTANCE:12:6:246
EVAL_INSTANCE:12:7:247
EVAL_INSTANCE:12:8:248
EVAL_INSTANCE:12:9:249
RUN_RESULT:12:0:0:226:URRRUUDDRUUDDD
RUN_RESULT:12:1:0:2000:----
RUN_RESULT:12:2:0:227:URRRUUDDRUUDDD
RUN_RESULT:12:3:0:243:URRRUUDDRUURDDDDDULU
RUN_RESULT:12:4:0:249:URRRUUDDRUURDDDDDUUL
RUN_RESULT:12:5:0:2000:----
RUN_RESULT:12:6:0:255:URRRUUDDRUURDDDDDLDLLUUUR
RUN_RESULT:12:7:0:2000:----
RUN_RESULT:12:8:0:268:URRRUUDDRUURDDDDDUUL
RUN_RESULT:12:9:0:250:URRRUUDDRUURDDDDDUUL
    13 |      130 | -3.760500E+03 | -3.774000E+03
TRACK:250;240;223;1;6;2;3;1;4;0;4;5;25;3;4;11;2;6;0;5;2;10;17;3;1;20;-6.989461820618618;13;5;6;0;5;25;6;20;3.319333345091875;1;1;4;3;3;4;9;16;4;1;4;4;1;5;25;3;14;4;5;14;2;3;6;3;1;25;20;7.763108272423583;3;6;5;2;0;4;14;3;19;5;6;22;2.884134684586569
TRACK:251;240;223;1;6;2;3;1;4;0;4;5;25;11;2;6;0;5;2;10;17;3;1;20;-6.521604553538084;13;5;6;0;5;25;6;8;1;1;4;3;3;6;1;15;22;-0.2978943735059598;16;4;1;4;4;1;5;25;19;4;0;1;6;11;0;23;-0.6509824571047449;16;2;5;11;2;23;-0.22911145062010993;14;2;3;0;5;25;4;5;1;1;4;9;3;1;11;10;0;3;1;22;-8.737601579907784;18;0;1;8;7;-3.397850315637084;1;10;9;3;6;5;2;0;4;14;3;19;5;6;22;2.9879408727950625
TRACK:252;243;189;1;6;2;3;1;4;0;4;8;5;11;2;6;0;5;2;10;17;3;1;20;-6.649388151808479;13;5;6;0;5;25;6;8;1;1;4;3;3;6;1;15;22;-0.3265095057001824;16;4;1;4;4;1;5;25;19;4;1;4;9;3;1;11;10;2;3;0;5;25;4;5;1;1;4;8;3;1;11;10;0;3;5;20;-1.8112275916433687;0;1;8;7;-3.1315159312560565;1;10;9;3;6;5;2;0;4;14;3;19;5;5;10
TRACK:253;243;189;1;6;2;3;1;4;0;4;8;5;11;2;6;0;5;2;10;17;3;1;20;-6.694842244014318;13;5;6;0;5;25;6;20;3.609213270754262;1;1;4;3;3;6;1;15;8;16;4;1;4;4;1;5;25;3;14;4;0;1;6;11;0;23;-0.623729689395171;16;2;5;11;2;23;-0.23716395001057727;14;2;3;0;5;25;4;5;1;1;4;9;3;20;-6.649388151808479;0;3;5;20;-1.7206466131247276;0;1;8;7;-3.0678132318827056;1;10;9;3;6;5;2;0;4;14;3;19;5;6;22;2.9568177063425485
TRACK:254;204;243;1;6;2;3;1;4;0;4;8;5;11;2;6;0;5;2;10;17;3;1;20;-6.732475168189194;13;5;6;0;5;25;6;8;1;1;4;3;3;6;1;15;22;-0.3780897716714486;16;4;1;4;4;1;5;25;16;4;0;1;6;11;0;23;-0.8011748165096568;16;2;5;11;2;23;-0.27364302796732576;14;2;3;0;5;25;4;5;1;1;4;9;3;1;11;10;0;3;5;20;-1.7804614512456356;0;1;8;7;-3.2772925241638107;1;10;9;3;6;5;2;0;4;14;3;19;5;6;22;2.9857222980100726
TRACK:255;204;243;1;6;2;3;1;4;0;4;8;5;11;2;6;0;5;2;10;17;3;1;20;-6.649388151808479;13;5;6;0;5;25;6;8;1;1;4;3;3;6;1;15;22;-0.3265095057001824;16;4;1;4;4;1;5;25;19;4;0;1;6;11;0;23;-0.8360529143963181;16;2;5;11;2;23;-0.41914035888069623;14;2;5;25;3;6;5;2;0;4;14;3;19;5;5;10
TRACK:256;204;240;1;6;2;3;1;4;0;4;8;5;11;2;6;0;5;2;10;17;3;1;20;-6.732475168189194;13;5;6;0;5;25;6;8;1;1;4;3;3;6;1;15;22;-0.3780897716714486;16;4;1;4;4;6;22;2.884134684586569;4;0;1;6;11;0;23;-0.8011748165096568;16;2;5;11;2;23;-0.27364302796732576;14;2;3;0;5;25;4;5;1;1;4;9;3;1;11;10;0;3;5;20;-1.7804614512456356;0;1;8;7;-3.2772925241638107;1;10;9;3;6;5;2;0;4;14;3;19;5;6;22;2.9857222980100726
TRACK:257;204;240;1;6;2;3;1;4;0;4;8;3;4;11;2;6;0;5;2;10;17;3;1;20;-1.7804614512456356;13;5;6;0;5;25;6;20;3.319333345091875;1;1;4;3;3;4;9;16;4;1;4;4;1;5;25;3;14;4;5;14;2;3;6;3;1;25;20;7.763108272423583;3;6;5;2;0;4;14;3;19;5;6;22;2.884134684586569
TRACK:258;242;160;1;6;2;3;1;4;0;4;8;11;2;6;0;5;2;10;17;3;1;20;-6.671388474259519;13;5;6;0;5;25;6;8;1;1;4;3;3;6;1;15;22;-0.34299106029274634;16;4;1;4;2;0;5;22;2.9206969108866367;0;15;23;-3.2987466098543177;1;0;16;17;4;10;4;0;1;6;11;0;23;-0.6720813581460742;16;2;5;11;2;23;-0.23476148404060385;14;2;3;0;5;25;4;5;1;1;4;9;3;14;0;3;1;22;-8.750463592061832;18;1;10;9;3;6;5;2;0;4;14;3;19;5;6;22;3.002662081876718
TRACK:259;242;160;1;6;2;3;1;4;0;4;8;5;11;2;6;0;5;2;10;17;3;1;20;-6.62108584665526;13;5;6;0;5;25;6;20;3.5629028685097137;1;1;4;3;3;6;1;15;22;-0.3607175794841131;16;4;1;4;4;1;5;25;3;14;4;0;1;6;11;0;23;-0.7039848468053609;16;2;5;11;2;23;-0.28004367963050475;14;2;3;0;5;25;4;5;1;1;4;9;3;1;11;10;0;3;5;20;-1.703621567418815;0;1;8;7;-3.2152202755067503;1;10;9;3;6;5;2;0;4;8;3;19;5;6;22;3.1358767585011216
TRACK:260;250;-1;1;6;2;3;1;4;0;4;5;25;3;4;11;2;6;0;5;2;10;17;3;1;20;-6.9233259211565015;13;5;6;0;5;25;6;20;3.3805736124684147;1;1;4;3;3;4;9;16;4;1;4;4;1;5;25;3;14;4;5;14;2;3;6;3;5;3;2;2;0;12;22;2.3683856619994774;0;18;14;3;2;11;17;3;6;5;2;0;4;14;3;19;5;6;22;3.043378497741895
TRACK:261;252;-1;1;6;2;3;1;4;0;4;8;5;11;2;6;2;21;5.066183676147142;20;4.041926999141406;5;6;0;5;25;6;8;1;1;4;3;3;6;1;15;22;-0.4838495735978894;16;4;1;4;4;1;5;25;19;4;1;4;9;3;1;11;10;2;3;0;5;25;4;5;1;1;4;8;3;1;11;10;0;3;5;20;-1.7847131157478702;0;1;8;7;-3.1758328177634825;1;10;9;3;6;5;2;0;4;14;3;19;5;5;10
TRACK:262;254;-1;1;6;2;3;1;4;0;4;8;5;11;2;6;0;5;2;10;17;3;1;20;-6.855996323932963;13;5;6;0;5;25;6;8;1;1;4;3;3;6;1;15;22;-0.20400756385639796;16;4;1;4;4;1;5;25;16;4;0;1;6;11;0;23;-0.7771588287847494;16;2;5;11;2;23;-0.2991465596274629;14;2;3;0;5;25;4;5;1;1;4;9;3;1;11;10;0;3;5;20;-1.819404877508919;0;1;8;7;-3.3242434996947394;1;10;9;3;6;5;3;6;13
TRACK:263;256;-1;1;6;2;3;1;4;0;4;8;5;11;2;6;0;5;2;10;17;3;1;20;-6.7542024482357315;13;5;6;0;5;25;6;8;1;1;4;3;3;6;1;15;22;-0.2629209352974367;16;4;1;4;4;6;22;2.919812660600542;4;0;1;6;11;0;23;-0.922260051610262;16;2;5;11;2;23;-0.2728862548780709;14;2;3;0;5;25;4;5;1;1;4;9;3;1;11;10;0;3;0;13;8;0;1;8;7;-3.229643512538018;1;10;9;3;6;5;2;0;4;14;3;19;5;6;22;3.1365158065292658
TRACK:264;258;-1;1;6;2;3;1;4;0;4;8;11;2;6;0;5;2;10;17;3;1;20;-6.6248236858769705;13;5;6;0;5;25;6;8;1;1;4;3;3;6;1;15;22;-0.430808911218103;16;4;1;4;2;0;5;22;2.804578696443989;0;15;23;-3.3846640611174794;1;0;16;17;3;13;4;0;1;6;11;0;23;-0.5784467245376819;16;2;5;11;2;23;-0.18374543830086715;14;2;3;0;5;25;4;5;1;1;4;9;3;14;0;3;1;22;-9.017665682692158;18;1;10;9;3;6;5;2;0;4;14;3;19;5;6;22;3.0615914814279503
TRACK:265;251;-1;1;6;2;3;1;4;0;4;5;25;11;2;6;0;5;2;10;17;3;1;20;-6.539287957000609;13;5;6;0;5;25;6;8;1;1;4;3;3;6;5;22;9.873398120795844;16;4;1;4;4;1;5;25;19;4;0;1;6;11;0;23;-0.8434841660195936;16;2;5;11;2;23;-0.08431067170733528;14;2;3;0;5;25;4;5;1;1;4;9;3;1;11;10;0;3;1;22;-8.736758293581229;18;0;1;8;7;-3.4054560290491422;1;10;9;3;6;5;2;0;4;14;3;19;5;6;22;2.895760129024937
TRACK:266;253;-1;1;6;2;3;1;4;0;4;8;5;11;2;6;0;5;2;10;17;3;1;20;-6.7811186519117035;13;5;6;0;5;25;6;20;3.5905366344339478;1;1;4;3;3;6;1;15;8;16;4;1;4;4;1;5;25;3;14;4;0;1;6;11;0;23;-0.6445659225539753;16;2;5;11;2;23;-0.21633362681291787;14;2;3;0;4;2;0;3;17;1;19;19;6;1;13;23;0.9956861803203552;4;5;1;1;4;9;3;20;-6.698285131409486;0;3;5;20;-1.8086236663201167;0;1;8;7;-3.147671976426627;1;10;9;3;6;5;2;0;4;14;3;19;5;6;22;3.0624082992628763
TRACK:267;255;-1;1;6;2;3;1;4;0;4;8;5;11;2;6;0;5;2;10;17;3;1;20;-6.699450267723311;13;5;6;0;0;10;20;-4.128728110871933;6;8;1;1;4;3;3;6;1;15;22;-0.4638468309410744;16;4;1;4;4;1;5;25;19;4;0;1;6;11;0;23;-0.7343806965134152;16;2;5;11;2;23;-0.3752857282125152;14;2;5;25;3;6;5;2;0;4;14;3;19;5;5;10
TRACK:268;257;-1;1;6;2;3;1;4;0;4;8;4;2;10;14;2;6;0;5;2;10;17;3;1;20;-1.6473090333760114;13;5;6;0;5;25;6;20;3.4255117252644482;1;1;4;3;3;4;9;16;4;1;4;4;1;5;25;3;14;4;5;14;2;3;6;3;1;25;20;7.81284421489958;3;6;5;2;0;4;14;3;19;5;6;22;2.9988272770078144
TRACK:269;259;-1;1;6;2;3;1;5;0;1;2;6;23;-4.764583426039333;6;20;-8.440816673544964;4;4;7;-7.443624832603746e-05;3;1;2;22;-1.1460447461997312;25;3;23;7.211733264719847;2;6;0;5;2;10;17;3;1;20;-6.6187447530353225;13;5;6;0;5;25;6;20;3.6768212224667063;1;1;4;3;3;6;1;15;22;-0.40038436099034475;16;4;1;4;4;1;5;25;3;14;4;0;1;6;11;0;23;-0.6886034245600174;16;2;5;11;2;23;-0.3796274916337917;14;2;3;0;5;25;4;5;1;1;4;9;3;1;11;10;0;3;5;20;-1.6493102579778283;0;1;8;7;-3.2573929948328297;1;10;9;3;6;5;2;0;4;8;3;19;5;6;22;2.948199076592455
EVAL_INSTANCE:13:0:260
EVAL_INSTANCE:13:1:261
EVAL_INSTANCE:13:2:262
EVAL_INSTANCE:13:3:263
EVAL_INSTANCE:13:4:264
EVAL_INSTANCE:13:5:265
EVAL_INSTANCE:13:6:266
EVAL_INSTANCE:13:7:267
EVAL_INSTANCE:13:8:268
EVAL_INSTANCE:13:9:269
RUN_RESULT:13:0:0:2000:----
RUN_RESULT:13:1:0:2000:----
RUN_RESULT:13:2:0:236:URRRUUDDRUURDDDL
RUN_RESULT:13:3:0:227:URRRUUDDRUUDDD
RUN_RESULT:13:4:0:227:URRRUUDDRUUDDD
RUN_RESULT:13:5:0:2000:----
RUN_RESULT:13:6:0:268:URRRUUDDRUURDDDDDUUL
RUN_RESULT:13:7:0:250:URRRUUDDRUURDDDDDUUL
RUN_RESULT:13:8:0:223:URRRUUDDRUULDDRD
RUN_RESULT:13:9:0:2000:----
    14 |      140 | -3.768800E+03 | -3.777000E+03
TRACK:270;263;264;1;6;2;3;1;4;0;4;8;5;11;2;6;0;5;2;10;17;3;1;20;-6.7542024482357315;13;5;6;0;5;25;6;8;1;1;4;3;3;6;1;15;22;-0.2629209352974367;16;4;1;4;4;6;22;2.919812660600542;4;0;1;14;0;23;-0.922260051610262;16;2;5;11;2;23;-0.2728862548780709;14;2;3;0;5;25;4;5;1;1;4;9;3;1;11;10;0;3;0;13;8;0;1;8;7;-3.229643512538018;1;10;9;3;6;5;2;0;4;14;3;19;5;6;22;3.1365158065292658
TRACK:271;263;264;1;6;2;3;1;4;0;4;8;11;2;6;0;5;2;10;17;3;1;20;-6.6248236858769705;13;5;6;0;5;25;6;8;1;1;4;3;3;6;1;15;22;-0.430808911218103;16;4;1;4;2;0;5;22;2.804578696443989;0;15;23;-3.3846640611174794;1;0;16;17;3;13;4;0;1;6;11;0;23;-0.5784467245376819;16;2;5;11;2;23;-0.18374543830086715;14;2;3;0;5;25;4;5;1;1;4;9;7;-3.229643512538018;0;3;1;22;-9.017665682692158;18;1;10;9;3;6;5;2;0;4;14;3;19;5;6;22;3.0615914814279503
TRACK:272;240;268;1;6;2;3;1;4;0;4;8;3;4;11;2;6;0;5;2;10;17;3;1;20;-6.989461820618618;13;5;6;0;5;25;6;20;3.319333345091875;1;1;4;3;3;4;9;16;4;1;4;4;1;5;25;3;14;4;6;22;2.9988272770078144;2;3;6;3;1;25;20;7.763108272423583;3;6;5;2;0;4;14;3;19;5;6;22;2.884134684586569
TRACK:273;240;268;1;6;2;3;1;4;0;4;8;4;2;10;14;2;6;0;5;2;10;17;3;1;20;-1.6473090333760114;13;5;6;0;5;25;6;20;3.4255117252644482;1;1;4;3;3;4;9;16;4;1;4;4;1;5;25;3;14;4;5;14;2;3;6;1;4;3;3;4;9;16;3;6;5;2;0;4;14;3;19;5;6;22;2.9988272770078144
TRACK:274;262;243;1;6;2;3;1;4;0;4;8;5;11;2;6;0;5;2;10;17;3;1;20;-6.855996323932963;13;5;6;0;5;25;6;8;1;1;4;3;3;6;1;15;22;-0.20400756385639796;16;4;1;4;4;1;5;25;16;4;0;1;6;11;0;23;-0.7771588287847494;16;2;5;11;2;23;-0.2991465596274629;14;2;3;0;5;25;4;5;1;1;4;9;3;1;11;10;0;3;5;20;-1.819404877508919;0;1;8;13;1;10;9;3;6;5;3;6;13
TRACK:275;262;243;1;6;2;3;1;4;0;4;8;5;11;2;6;0;5;2;10;17;3;1;20;-6.649388151808479;13;5;6;0;5;25;6;8;1;1;4;3;3;6;1;15;22;-0.3265095057001824;16;4;1;4;4;1;5;25;19;4;0;1;6;11;0;23;-0.8360529143963181;16;2;5;11;2;23;-0.41914035888069623;14;2;3;0;5;25;4;5;1;1;4;8;3;1;11;10;0;3;5;20;-1.8112275916433687;0;1;8;7;-3.1315159312560565;1;10;9;3;6;5;2;0;4;10;3;19;5;5;10
TRACK:276;268;240;1;6;2;3;1;4;0;4;8;4;2;10;14;2;6;0;5;2;10;17;3;1;20;-1.6473090333760114;13;5;6;0;20;3.319333345091875;6;20;3.4255117252644482;1;1;4;3;3;4;9;16;4;1;4;4;1;5;25;3;14;4;5;14;2;3;6;3;1;25;20;7.81284421489958;3;6;5;2;0;4;14;3;19;5;6;22;2.9988272770078144
TRACK:277;268;240;1;6;2;3;1;4;0;4;8;3;4;11;2;6;0;5;2;10;17;3;1;20;-6.989461820618618;13;5;6;0;5;25;6;20;3.319333345091875;1;1;4;3;3;4;9;16;4;1;4;4;1;6;22;2.9988272770078144;3;14;4;5;14;2;3;6;3;1;25;20;7.763108272423583;3;6;5;2;0;4;14;3;19;5;6;22;2.884134684586569
TRACK:278;204;242;1;6;2;3;1;4;0;4;8;5;11;2;6;0;5;2;10;17;3;1;20;-6.732475168189194;13;5;6;0;5;25;6;8;1;1;4;3;3;6;1;15;22;-0.3780897716714486;16;4;1;4;4;1;5;25;19;4;0;1;6;11;0;23;-0.8011748165096568;16;2;5;11;2;23;-0.27364302796732576;14;2;25;3;6;5;2;0;4;14;3;19;5;6;22;2.9857222980100726
TRACK:279;204;242;1;6;2;3;1;4;0;4;8;11;2;6;0;5;2;10;17;3;1;20;-6.671388474259519;13;5;6;0;5;25;6;8;1;1;4;3;3;6;1;15;22;-0.34299106029274634;16;4;1;4;2;0;5;22;2.9206969108866367;0;15;23;-3.2987466098543177;1;0;16;17;4;10;4;0;1;6;11;0;23;-0.6720813581460742;16;2;5;11;2;23;-0.23476148404060385;14;2;3;0;5;25;4;5;1;1;4;9;3;14;0;3;1;22;-8.750463592061832;18;0;1;8;7;-3.3644205952088106;1;10;9;3;6;5;2;0;4;14;3;19;5;6;22;-0.3780897716714486
TRACK:280;270;-1;1;6;2;3;1;4;0;4;8;5;11;2;6;0;5;2;10;17;3;1;20;-6.823287463892815;13;5;6;0;5;25;6;8;1;1;4;3;3;6;1;15;22;-0.3073539713487116;16;4;1;4;4;6;22;2.777916993446286;4;0;1;14;0;23;-0.7700383764240031;16;2;5;11;2;23;-0.1729049611726145;14;2;3;0;5;25;4;5;1;1;4;9;3;1;11;10;0;3;0;13;8;0;1;8;7;-3.2938091320688088;1;19;12;3;6;5;2;0;4;14;3;19;5;6;22;3.173175781701183
TRACK:281;272;-1;1;6;2;3;1;4;0;4;8;3;4;11;2;6;0;5;2;10;17;3;1;20;-6.898559718752967;13;5;6;0;5;25;6;20;3.366033684370796;1;1;4;3;3;4;9;16;4;5;2;0;21;4.930535222418728;12;5;21;-0.6657206502832373;2;3;6;3;1;25;20;7.80578439308758;3;6;5;2;0;4;14;3;19;5;6;22;2.8671815524389546
TRACK:282;274;-1;1;6;2;3;1;4;0;4;8;5;11;2;6;0;5;2;10;17;3;1;20;-6.901940526296895;13;5;6;0;5;25;6;8;1;1;4;3;3;6;1;15;22;-0.15930662582076485;16;4;1;4;4;1;5;25;16;4;3;3;4;20;-2.4550937666997257;2;3;0;5;25;4;5;1;1;4;9;3;1;11;10;0;3;5;20;-1.7541350683349566;0;1;8;13;1;10;9;3;6;5;3;6;13
TRACK:283;276;-1;1;6;2;3;1;4;0;4;8;4;2;10;14;2;6;0;5;2;10;17;3;1;20;-1.7445494033998934;13;5;6;0;20;3.3504719646094054;6;20;3.4387240976647626;3;0;4;4;4;22;-6.6323062020080386;3;5;2;16;14;2;3;6;3;1;25;20;7.677455432310252;3;6;5;2;0;4;14;3;19;5;6;22;2.9576391692295187
TRACK:284;204;-1;1;6;2;3;1;4;0;4;8;5;11;2;6;0;5;2;10;17;3;1;20;-6.748540666962689;13;5;6;0;5;25;6;8;1;1;4;3;3;6;1;15;22;-0.24568092612195266;16;4;1;4;4;1;5;25;19;4;0;1;6;11;0;23;-0.9240404611835534;16;2;5;11;2;23;-0.19591600370093337;14;2;3;0;5;25;4;5;1;1;4;9;3;1;11;10;0;3;5;20;-1.797051532393476;0;1;8;7;-3.3454276663166866;1;10;9;3;6;5;2;0;4;14;3;19;5;6;6;2;17;22;-8.656867284853247
TRACK:285;271;-1;1;6;2;3;1;4;0;4;8;11;2;6;0;5;2;10;17;3;1;20;-6.704115523606741;13;5;6;0;5;25;6;8;1;1;4;3;3;6;1;15;22;-0.4206793039750205;16;4;1;4;2;0;5;22;2.8155770145033996;0;15;23;-3.550557503938448;1;0;16;18;3;13;4;0;1;6;11;0;23;-0.4840031978057906;16;2;5;11;2;23;-0.06719365354884764;14;2;3;0;5;25;4;5;1;1;4;9;7;-3.1862783051497567;0;3;1;22;-9.041120499081925;18;1;10;9;3;6;5;2;0;4;14;3;19;5;6;22;3.1413283243197845
TRACK:286;273;-1;1;6;2;3;1;4;0;4;8;4;2;10;14;2;6;0;5;2;10;17;3;1;20;-1.7295615327353286;13;5;6;0;5;25;6;20;3.577414071053788;1;1;4;3;3;4;9;16;4;1;4;4;1;5;25;3;14;4;5;14;2;3;6;1;4;3;3;4;9;16;3;1;19;15
TRACK:287;275;-1;1;6;2;3;1;4;0;4;8;5;11;2;6;0;5;2;10;17;3;1;20;-6.696797437703297;13;5;6;0;5;25;6;8;1;1;4;3;3;6;1;15;22;-0.28616984883917584;16;4;1;4;4;1;5;9;19;4;0;1;6;11;0;23;-0.8775120537050529;16;2;5;11;2;23;-0.49460941271561815;14;2;3;0;5;25;4;5;1;1;4;8;3;1;11;10;0;3;5;20;-1.8902057035975646;0;1;8;7;-3.0750839344533833;1;10;9;3;6;5;2;0;4;10;3;19;5;5;10
TRACK:288;277;-1;1;6;2;3;1;4;0;4;8;3;4;11;2;6;0;2;1;16;7;-3.142477375551371;6;24;3;1;20;-6.945222764111185;13;5;6;0;5;25;6;20;3.2715954069700945;1;1;4;3;3;4;9;16;4;1;4;4;1;6;22;2.9642949455376564;3;14;4;5;14;2;3;6;3;1;25;20;7.641429549499894;3;6;5;2;0;4;14;3;19;5;6;22;2.9792983396150317
TRACK:289;242;-1;1;6;2;3;1;4;0;4;5;25;11;2;6;0;5;2;10;17;3;1;20;-6.75737883213453;13;5;6;0;5;25;6;8;1;1;4;3;3;6;1;15;22;-0.3373702264656727;16;4;1;4;2;0;5;22;3.0472260893570864;0;15;23;-3.257357636569182;1;0;16;17;4;10;4;0;1;6;11;0;23;-0.6568759544758476;16;2;5;11;2;23;-0.29617983911487034;14;2;3;0;5;25;4;5;1;1;4;9;3;14;0;3;1;22;-8.84885533039401;18;0;1;8;7;-3.131893860018895;1;10;9;3;6;5;2;0;4;14;3;19;5;6;22;3.20189972292189
EVAL_INSTANCE:14:0:280
EVAL_INSTANCE:14:1:281
EVAL_INSTANCE:14:2:282
EVAL_INSTANCE:14:3:283
EVAL_INSTANCE:14:4:284
EVAL_INSTANCE:14:5:285
EVAL_INSTANCE:14:6:286
EVAL_INSTANCE:14:7:287
EVAL_INSTANCE:14:8:288
EVAL_INSTANCE:14:9:289
RUN_RESULT:14:0:0:227:URRRUUDDRUUDDD
RUN_RESULT:14:1:0:226:URRRUUDDRUUDDD
RUN_RESULT:14:2:0:236:URRRUUDDRUURDDDL
RUN_RESULT:14:3:0:2000:----
RUN_RESULT:14:4:0:226:URRRUUDDRUUDDD
RUN_RESULT:14:5:0:227:URRRUUDDRUUDDD
RUN_RESULT:14:6:0:2000:----
RUN_RESULT:14:7:0:240:URRRUUDDRUUDDD
RUN_RESULT:14:8:0:226:URRRUUDDRUUDDD
RUN_RESULT:14:9:0:2000:----
    15 |      150 | -3.773800E+03 | -3.777000E+03
TRACK:290;284;268;1;6;2;3;1;4;0;4;8;5;11;2;6;0;5;2;10;17;14;5;6;0;5;25;6;8;1;1;4;3;3;6;1;15;22;-0.24568092612195266;16;4;1;4;4;1;5;25;19;4;0;1;6;11;0;23;-0.9240404611835534;16;2;5;11;2;23;-0.19591600370093337;14;2;3;0;5;25;4;5;1;1;4;9;3;1;11;10;0;3;5;20;-1.797051532393476;0;1;8;7;-3.3454276663166866;1;10;9;3;6;5;2;0;4;14;3;19;5;6;6;2;17;22;-8.656867284853247
TRACK:291;284;268;1;6;2;3;1;4;0;4;8;4;2;10;14;2;6;0;5;2;10;17;3;1;20;-1.6473090333760114;13;5;6;0;5;25;6;20;3.4255117252644482;1;1;4;3;3;4;9;16;4;1;4;4;1;5;25;3;14;4;5;14;2;3;6;3;1;25;20;7.81284421489958;3;6;5;2;23;-0.9240404611835534;5;6;22;2.9988272770078144
TRACK:292;242;288;1;6;2;3;1;4;0;4;8;11;2;6;0;5;2;10;17;3;1;20;-6.671388474259519;13;5;6;0;5;25;9;1;1;4;3;3;6;1;15;22;-0.34299106029274634;16;4;1;4;2;0;5;22;2.9206969108866367;0;15;23;-3.2987466098543177;1;0;16;17;4;10;4;0;1;6;11;0;23;-0.6720813581460742;16;2;5;11;2;23;-0.23476148404060385;14;2;3;0;5;25;4;5;1;1;4;9;3;14;0;3;1;22;-8.750463592061832;18;0;1;8;7;-3.3644205952088106;1;10;9;3;6;5;2;0;4;14;3;19;5;6;22;3.002662081876718
TRACK:293;242;288;1;6;2;3;1;4;0;4;8;3;5;11;2;6;0;2;1;16;7;-3.142477375551371;6;24;3;1;20;-6.945222764111185;13;5;6;0;5;25;6;20;3.2715954069700945;1;1;4;3;3;4;9;16;4;1;4;4;1;6;22;2.9642949455376564;3;14;4;5;14;2;3;6;3;1;25;20;7.641429549499894;3;6;5;2;0;4;14;3;19;5;6;22;2.9792983396150317
TRACK:294;281;242;1;6;2;2;0;4;14;3;19;5;6;22;3.002662081876718;1;1;4;3;3;4;9;16;4;5;2;0;21;4.930535222418728;12;5;21;-0.6657206502832373;2;3;6;3;1;25;20;7.80578439308758;3;6;5;2;0;4;14;3;19;5;6;22;2.8671815524389546
TRACK:295;281;242;1;6;2;3;1;4;0;4;8;11;2;6;0;5;2;10;17;3;1;20;-6.671388474259519;13;0;5;2;10;17;3;1;20;-6.898559718752967;13;1;1;4;3;3;6;1;15;22;-0.34299106029274634;16;4;1;4;2;0;5;22;2.9206969108866367;0;15;23;-3.2987466098543177;1;0;16;17;4;10;4;0;1;6;11;0;23;-0.6720813581460742;16;2;5;11;2;23;-0.23476148404060385;14;2;3;0;5;25;4;5;1;1;4;9;3;14;0;3;1;22;-8.750463592061832;18;0;1;8;7;-3.3644205952088106;1;10;9;3;6;5;2;0;4;14;3;19;5;6;22;3.002662081876718
TRACK:296;281;264;1;6;2;3;1;4;0;4;8;3;4;11;2;6;0;5;2;10;17;3;1;20;-6.898559718752967;13;5;6;0;5;25;6;20;3.366033684370796;1;1;4;3;3;4;9;16;4;5;2;0;21;4.930535222418728;12;5;21;-0.6657206502832373;2;3;6;3;1;25;20;7.80578439308758;3;6;5;2;0;4;14;15;5;6;22;2.8671815524389546
TRACK:297;281;264;1;6;2;3;1;4;0;4;8;11;2;6;0;5;2;10;17;3;1;20;-6.6248236858769705;13;5;6;0;5;25;6;8;1;1;4;3;3;6;1;15;22;-0.430808911218103;16;4;1;4;2;0;5;22;2.804578696443989;0;15;23;-3.3846640611174794;1;0;16;17;3;13;4;0;9;2;5;11;2;23;-0.18374543830086715;14;2;3;0;5;25;4;5;1;1;4;9;3;14;0;3;1;22;-9.017665682692158;18;1;10;9;3;6;5;2;0;4;14;3;19;5;6;22;3.0615914814279503
TRACK:298;288;268;1;6;2;3;1;4;0;4;8;3;4;11;2;6;0;2;1;16;9;6;24;3;1;20;-6.945222764111185;13;5;6;0;5;25;6;20;3.2715954069700945;1;1;4;3;3;4;9;16;4;1;4;4;1;6;22;2.9642949455376564;3;14;4;5;14;2;3;6;3;1;25;20;7.641429549499894;3;6;5;2;0;4;14;3;19;5;6;22;2.9792983396150317
TRACK:299;288;268;1;6;2;3;1;4;0;4;8;4;2;10;14;2;6;0;5;2;10;17;3;1;20;-1.6473090333760114;13;5;6;0;5;25;6;20;3.4255117252644482;1;1;4;20;-6.945222764111185;16;4;1;4;4;1;5;25;3;14;4;5;14;2;3;6;3;1;25;20;7.81284421489958;3;6;5;2;0;4;14;3;19;5;6;22;2.9988272770078144
TRACK:300;290;-1;1;6;2;3;1;4;0;4;8;5;11;2;6;0;5;2;10;17;14;5;6;0;5;25;6;8;1;1;4;3;3;6;1;15;22;-0.2891105816010692;16;4;1;4;4;1;5;25;19;4;0;1;6;11;0;23;-1.1052678923387511;16;2;5;11;2;23;-0.3221120423619981;14;2;3;0;5;25;4;5;1;1;4;9;3;1;11;10;0;3;5;20;-1.7682318342946286;5;5;17;3;6;5;2;0;4;14;3;19;5;6;6;2;17;22;-8.71250454258436
TRACK:301;292;-1;1;6;2;3;1;4;0;4;8;11;2;6;0;5;2;10;17;3;1;20;-6.743880151515776;13;5;6;0;5;25;9;1;1;4;3;3;6;1;15;22;-0.4695925651024429;16;4;1;4;2;0;5;22;2.959119269172076;0;15;23;-3.2278302020188065;1;0;16;17;4;10;4;0;1;6;11;0;23;-0.7783633285923552;16;2;5;11;2;23;-0.3327222618339263;14;2;3;0;5;25;4;5;1;1;4;9;3;14;0;3;1;22;-8.781253647401092;18;4;0;16;18;3;6;5;2;0;4;14;3;19;5;6;22;3.0266115916164376
TRACK:302;281;-1;1;6;2;3;1;4;0;4;8;3;4;11;2;6;0;5;2;10;17;3;1;20;-6.943826070693027;13;5;6;0;5;25;6;20;3.3615395587328676;1;1;4;3;3;0;1;22;6.399832746373807;19;1;11;12;16;4;5;2;0;21;4.739533852404633;12;5;21;-0.6691060761028407;2;3;6;3;1;25;20;7.806000508227797;3;6;5;2;0;4;14;3;19;5;6;22;2.9437140668782424
TRACK:303;296;-1;1;6;2;3;1;4;0;4;8;3;4;11;2;6;0;5;2;10;17;3;1;20;-6.974491392302082;13;5;6;0;5;25;6;20;3.303113498996505;1;1;4;3;3;4;9;16;4;5;2;0;21;4.963565975750927;12;5;21;-0.7761972855505652;2;3;5;1;4;0;2;4;1;17;9;2;4;23;9.810844212717356;4;13;5;3;3;16;4;0;5;1;1;23;-5.314497272381004;16;6;13;1;3;5;25;2;2;21;-8.969263590758896;7;-3.9020384806528767;6;22;-2.9592497047395927;3;6;5;2;0;4;14;15;5;6;22;3.0163609439544032
TRACK:304;298;-1;1;6;2;3;1;4;0;4;8;3;4;11;2;6;0;2;1;16;9;6;24;3;1;20;-6.977725956865796;13;5;6;0;5;25;6;20;3.4075910995458853;1;1;4;3;3;4;9;16;4;1;4;4;1;6;22;3.0287606214190155;1;14;14;4;5;14;2;3;6;3;1;25;20;7.645837529533401;3;6;5;2;0;4;14;3;19;5;6;22;3.035948507519945
TRACK:305;291;-1;1;6;2;3;1;4;0;4;8;4;2;10;14;2;6;0;5;2;10;17;3;1;20;-1.559141843834363;13;5;6;0;5;25;1;15;20;8.11620240020136;1;1;4;3;3;4;9;16;4;1;4;4;1;5;25;3;14;4;5;14;2;3;6;3;1;25;20;7.647382087069576;3;6;5;2;23;-0.9198689590989657;5;6;22;2.9534295089004057
TRACK:306;293;-1;1;6;2;3;1;4;0;4;8;3;5;11;2;6;0;2;1;16;7;-3.0473072913235018;6;24;3;1;20;-7.039524612202143;13;5;6;0;5;25;6;20;3.2791530681312238;1;1;4;3;3;4;9;16;4;1;4;4;1;6;22;2.8400289286129072;3;14;4;5;14;2;3;6;3;1;1;0;0;24;14;1;25;22;-4.797709994690931;4;0;12;25;20;7.57062379311985;3;6;5;2;0;4;14;3;19;5;6;22;2.8139261127139896
TRACK:307;242;-1;1;6;2;3;1;4;0;4;8;11;2;6;0;5;2;10;17;3;5;20;-0.18616843654628745;5;6;0;5;25;6;8;1;1;4;3;3;6;1;15;22;-0.4397584413042558;16;4;1;4;2;0;5;22;3.0191734913780865;0;15;23;-3.366553901284829;1;0;16;17;4;10;4;0;1;6;11;0;23;-0.6922904561833247;16;2;5;11;2;23;-0.14372763603333497;14;2;3;0;5;25;4;5;1;1;4;9;3;14;0;3;1;22;-8.842893734618572;18;0;1;8;7;-3.49372223754341;1;10;9;3;6;5;2;0;4;14;3;19;5;6;22;3.0638189321885294
TRACK:308;297;-1;1;6;2;3;1;4;0;4;8;11;2;6;0;5;2;10;17;3;1;20;-6.689270213209805;13;5;6;0;5;25;6;8;1;1;4;3;3;6;1;15;22;-0.4602567750967838;16;4;1;4;2;0;5;22;2.9459301053302753;0;15;23;-3.273229014875005;1;0;16;17;3;13;4;0;9;2;5;11;2;15;14;2;3;0;5;25;4;5;1;1;4;9;3;14;0;3;1;22;-9.081833295317484;18;1;10;9;3;6;5;2;0;4;14;3;19;5;6;22;2.931661603614822
TRACK:309;299;-1;1;6;2;3;1;4;0;4;8;4;2;10;14;2;6;0;5;2;10;17;3;1;20;-1.7877381538233166;13;5;6;0;5;25;6;20;3.4074355576363806;1;1;4;20;-7.122290677466641;16;4;1;4;4;1;5;25;3;14;4;5;0;18;13;2;3;6;3;1;25;20;7.820476492255323;3;6;5;2;0;4;14;3;19;5;6;22;2.8976370517492516
EVAL_INSTANCE:15:0:300
EVAL_INSTANCE:15:1:301
EVAL_INSTANCE:15:2:302
EVAL_INSTANCE:15:3:303
EVAL_INSTANCE:15:4:304
EVAL_INSTANCE:15:5:305
EVAL_INSTANCE:15:6:306
EVAL_INSTANCE:15:7:307
EVAL_INSTANCE:15:8:308
EVAL_INSTANCE:15:9:309
RUN_RESULT:15:0:0:226:URRRUUDDRUUDDD
RUN_RESULT:15:1:0:2000:----
RUN_RESULT:15:2:0:116:RRURUUDDRUUDDD
RUN_RESULT:15:3:0:268:URRRUUDDRUURDDDDDUUL
RUN_RESULT:15:4:0:2000:----
RUN_RESULT:15:5:0:2000:----
RUN_RESULT:15:6:0:225:URRRUUDDRUUDDD
RUN_RESULT:15:7:0:228:URRRUUDDRUURDDLLD
RUN_RESULT:15:8:0:227:URRRUUDDRUUDDD
RUN_RESULT:15:9:0:223:URRRUUDDRUULDDRD
    16 |      160 | -3.785600E+03 | -3.884000E+03
TRACK:310;302;284;1;6;2;3;1;19;2;6;0;5;2;10;17;3;1;20;-6.943826070693027;13;5;6;0;5;25;6;20;3.3615395587328676;1;1;4;3;3;0;1;22;6.399832746373807;19;1;11;12;16;4;5;2;0;21;4.739533852404633;12;5;21;-0.6691060761028407;2;3;6;3;1;25;20;7.806000508227797;3;6;5;2;0;4;14;3;19;5;6;22;2.9437140668782424
TRACK:311;302;284;1;6;2;3;1;4;0;4;8;5;11;2;6;0;5;2;10;17;3;1;20;-6.748540666962689;13;5;6;0;5;25;6;8;1;1;4;3;3;6;1;15;22;-0.24568092612195266;16;4;1;4;4;1;5;25;19;4;0;1;6;11;0;23;-0.9240404611835534;16;2;5;11;2;23;-0.19591600370093337;14;2;3;0;5;25;4;5;1;1;4;9;3;1;11;10;0;3;5;20;-1.797051532393476;0;1;8;7;-3.3454276663166866;1;10;9;3;6;5;2;0;4;14;4;8;5;6;6;2;17;22;-8.656867284853247
TRACK:312;306;268;1;6;2;3;1;4;0;4;8;3;5;11;2;6;0;2;1;16;7;-3.0473072913235018;6;24;3;1;20;-7.039524612202143;13;5;6;0;5;25;6;20;3.2791530681312238;4;14;2;3;6;3;1;1;0;0;24;14;1;25;22;-4.797709994690931;4;0;12;25;20;7.57062379311985;3;6;5;2;0;4;14;3;19;5;6;22;2.8139261127139896
TRACK:313;306;268;1;6;2;3;1;4;0;4;8;4;2;25;14;2;6;0;5;2;10;17;3;1;20;-1.6473090333760114;13;5;6;0;5;25;6;20;3.4255117252644482;1;1;4;3;3;4;9;16;4;1;4;4;1;5;25;3;14;4;5;14;2;3;6;3;1;25;20;7.81284421489958;3;6;5;2;0;4;14;3;19;5;6;22;2.9988272770078144
TRACK:314;309;309;1;6;2;3;0;5;2;10;17;3;1;20;-1.7877381538233166;13;1;1;4;20;-7.122290677466641;16;4;1;4;4;1;5;25;3;14;4;5;0;18;13;2;3;6;3;1;25;20;7.820476492255323;3;6;5;2;0;4;14;3;19;5;6;22;2.8976370517492516
TRACK:315;309;309;1;6;2;3;1;4;0;4;8;4;2;10;14;2;6;0;5;2;10;17;3;1;20;-1.7877381538233166;13;5;6;0;5;25;6;20;3.4074355576363806;1;1;4;20;-7.122290677466641;16;1;4;20;-7.122290677466641;16;2;3;6;3;1;25;20;7.820476492255323;3;6;5;2;0;4;14;3;19;5;6;22;2.8976370517492516
TRACK:316;268;302;1;6;2;3;1;4;0;4;8;4;2;10;14;2;6;0;5;2;10;17;3;1;20;-1.6473090333760114;13;5;6;0;5;25;6;20;3.4255117252644482;1;1;4;3;3;4;9;16;4;1;4;4;1;5;25;3;14;4;5;14;2;3;6;3;1;19;20;7.81284421489958;3;6;5;2;0;4;14;3;19;5;6;22;2.9988272770078144
TRACK:317;268;302;1;6;2;1;4;3;3;4;9;16;1;1;4;3;3;0;1;22;6.399832746373807;19;1;11;12;16;4;5;2;0;21;4.739533852404633;12;5;21;-0.6691060761028407;2;3;6;3;1;25;20;7.806000508227797;3;6;5;2;0;4;14;3;19;5;6;22;2.9437140668782424
TRACK:318;288;240;1;6;2;3;1;4;0;4;8;3;4;11;2;6;0;2;1;16;7;-3.142477375551371;6;24;3;1;20;-6.945222764111185;13;5;6;0;5;25;6;20;3.2715954069700945;1;1;4;16;16;4;1;4;4;1;6;22;2.9642949455376564;3;14;4;5;14;2;3;6;3;1;25;20;7.641429549499894;3;6;5;2;0;4;14;3;19;5;6;22;2.9792983396150317
TRACK:319;288;240;1;6;2;3;1;4;0;4;8;3;4;11;2;6;0;5;2;10;17;3;1;20;-6.989461820618618;13;5;6;0;5;25;6;20;3.319333345091875;1;1;4;3;3;4;9;16;4;1;4;4;1;5;25;3;14;4;20;3.2715954069700945;2;3;6;3;1;25;20;7.763108272423583;3;6;5;2;0;4;14;3;19;5;6;22;2.884134684586569
TRACK:320;310;-1;1;6;2;3;1;19;2;6;0;5;2;10;17;3;1;20;-6.907042001226561;13;5;6;0;5;25;6;20;3.5676596626073245;1;1;4;3;3;0;1;22;6.527105383081045;19;1;14;17;16;4;5;2;0;21;4.735849599276971;12;5;21;-0.6920986542419963;2;3;6;3;1;25;20;8.053137225078023;3;6;5;2;0;4;14;3;19;5;6;22;2.9379072056598425
TRACK:321;312;-1;1;6;2;3;1;4;0;4;8;3;5;11;2;6;0;2;1;16;7;-2.987093871143534;6;24;3;1;20;-7.162151820667958;13;5;6;0;5;25;6;20;3.0393440619459193;4;14;2;3;6;3;1;1;0;0;24;14;1;25;22;-4.676982054409884;4;0;12;25;20;7.645606727419583;3;6;5;2;0;4;14;0;0;6;9;1;22;-6.740734221371998;13;3;5;18;5;6;22;2.6980513739375245
TRACK:322;314;-1;1;6;2;3;0;5;2;10;17;3;1;20;-1.8071180549384827;13;1;1;4;20;-7.162682048795057;16;4;1;4;4;1;5;25;3;14;4;5;0;18;4;22;8.451639134601194;2;3;6;3;1;25;20;7.9155589361616645;3;6;5;2;0;4;14;3;19;5;6;22;2.895480466174302
TRACK:323;316;-1;1;6;2;3;1;4;0;4;8;4;2;10;14;2;6;0;5;2;10;17;3;6;19;5;6;0;5;25;6;20;3.602622475808304;1;1;4;3;3;4;9;16;4;1;4;4;1;5;25;3;14;4;5;14;2;3;6;3;1;19;20;7.905073045953144;3;6;5;2;0;4;14;3;19;5;6;22;2.7909543064057223
TRACK:324;288;-1;1;6;2;3;1;4;0;4;8;3;4;11;2;6;0;2;1;16;7;-3.0608973798936647;6;24;3;1;20;-6.913807313653271;13;5;6;0;5;25;6;20;3.2546041751404946;1;1;4;3;3;4;9;16;4;1;4;4;1;6;22;3.043559205431351;3;14;4;5;14;2;3;6;3;1;25;20;7.6843109360113315;3;6;6;3;0;2;2;5;22;-1.2112118919057107;5;23;5.347894062573541;3;0;19;8;5;5;4;13
TRACK:325;311;-1;1;6;2;3;1;4;0;4;8;5;11;2;6;0;5;2;10;17;3;1;20;-6.670148940004757;13;5;6;0;5;25;6;8;1;1;4;3;3;6;1;15;22;-0.379885410374467;16;4;1;4;4;1;5;25;19;0;5;4;1;10;22;-9.221852388690689;3;6;2;7;4.6045805117235865;13;2;3;0;5;25;4;5;1;1;4;9;3;1;11;10;0;3;5;20;-1.7270991474198172;0;1;8;7;-3.234913166891354;1;10;9;3;6;5;2;0;4;14;4;8;5;6;6;2;17;22;-8.652357150922047
TRACK:326;313;-1;1;6;2;3;1;4;0;4;8;4;2;25;14;2;6;0;5;2;10;17;3;1;20;-1.5453483286440093;13;5;6;0;5;25;6;20;3.3711052264485244;1;1;4;3;3;4;9;16;4;1;4;6;0;22;-6.244010297279992;9;4;5;14;2;3;6;3;1;25;20;7.768216296264305;3;6;5;2;0;4;14;3;19;5;6;22;3.070113200259267
TRACK:327;315;-1;1;6;2;3;1;5;5;21;0.5516371017356363;2;6;0;5;2;10;17;3;1;20;-1.7091413056768496;13;5;6;0;5;25;6;20;3.4861144184782877;1;1;4;20;-6.951808080681332;16;1;4;20;-6.944790187499758;16;2;3;6;3;1;25;20;7.881844920571544;3;6;5;2;0;4;14;3;19;5;6;22;3.0042032762640307
TRACK:328;317;-1;1;6;2;1;4;3;3;4;9;16;1;1;4;3;3;0;1;22;6.518462565620992;19;1;11;12;16;3;1;0;3;0;8;24;5;2;25;15;1;3;3;12;4;5;10;2;3;6;3;1;25;20;7.802116018263848;3;6;5;2;0;4;14;3;19;5;6;22;2.863840390106417
TRACK:329;240;-1;1;6;2;3;1;4;0;4;8;3;4;11;2;0;1;5;6;14;6;0;24;9;4;2;6;16;3;19;5;6;0;5;25;6;20;3.2826683739897424;1;1;4;3;3;4;9;16;4;1;4;4;1;5;25;3;14;4;5;14;2;3;6;3;1;25;20;7.917766353877066;3;6;5;2;0;4;14;3;19;5;6;22;2.803778427663494
EVAL_INSTANCE:16:0:320
EVAL_INSTANCE:16:1:321
EVAL_INSTANCE:16:2:322
EVAL_INSTANCE:16:3:323
EVAL_INSTANCE:16:4:324
EVAL_INSTANCE:16:5:325
EVAL_INSTANCE:16:6:326
EVAL_INSTANCE:16:7:327
EVAL_INSTANCE:16:8:328
EVAL_INSTANCE:16:9:329
RUN_RESULT:16:0:0:1649:RRURUUDDRUUDDD
RUN_RESULT:16:1:0:2000:----
RUN_RESULT:16:2:0:2000:----
RUN_RESULT:16:3:0:222:URRRUUDDRUUDDLD
RUN_RESULT:16:4:0:239:URRRUUDDRUULLLDDDRR
RUN_RESULT:16:5:0:227:URRRUUDDRUUDDD
RUN_RESULT:16:6:0:226:URRRUUDDRUUDDD
RUN_RESULT:16:7:0:2000:----
RUN_RESULT:16:8:0:2000:----
RUN_RESULT:16:9:0:2000:----
    17 |      170 | -3.786100E+03 | -3.884000E+03
TRACK:330;268;281;1;6;2;3;1;4;0;4;8;4;2;10;2;10;17;2;6;0;5;2;10;17;3;1;20;-1.6473090333760114;13;5;6;0;5;25;6;20;3.4255117252644482;1;1;4;3;3;4;9;16;4;1;4;4;1;5;25;3;14;4;5;14;2;3;6;3;1;25;20;7.81284421489958;3;6;5;2;0;4;14;3;19;5;6;22;2.9988272770078144
TRACK:331;268;281;1;0;5;2;10;17;3;1;20;-1.6473090333760114;13;2;3;6;3;1;25;20;7.80578439308758;3;6;5;2;0;4;14;3;19;5;6;22;2.8671815524389546
TRACK:332;302;309;1;6;2;3;1;4;0;4;8;3;4;11;2;6;0;5;2;10;17;3;1;20;-6.943826070693027;13;5;6;0;5;25;6;20;3.3615395587328676;1;1;4;3;3;0;1;22;6.399832746373807;19;1;11;12;16;4;5;2;0;3;1;25;20;7.820476492255323;12;5;21;-0.6691060761028407;2;3;6;3;1;25;20;7.806000508227797;3;6;5;2;0;4;14;3;19;5;6;22;2.9437140668782424
TRACK:333;302;309;1;6;2;3;1;4;0;4;8;4;2;10;14;2;6;0;5;2;10;17;3;1;20;-1.7877381538233166;13;5;6;0;5;25;6;20;3.4074355576363806;1;1;4;20;-7.122290677466641;16;4;1;4;4;1;5;25;3;25;4;5;0;18;13;2;3;6;3;1;25;20;7.820476492255323;3;6;5;2;0;4;14;3;19;5;6;22;2.8976370517492516
TRACK:334;323;306;1;6;2;3;1;4;0;4;8;4;2;10;14;2;6;0;5;2;10;17;3;6;19;5;6;0;5;25;6;20;3.602622475808304;1;1;4;3;3;4;9;16;4;1;4;4;1;5;25;3;14;4;5;14;2;4;0;4;8;3;5;11;3;6;5;2;0;4;14;3;19;5;6;22;2.7909543064057223
TRACK:335;323;306;1;6;2;3;1;4;0;4;8;3;5;11;2;6;0;2;1;16;7;-3.0473072913235018;6;24;6;19;5;6;0;5;25;6;20;3.2791530681312238;1;1;4;3;3;4;9;16;4;1;4;4;1;6;22;2.8400289286129072;3;14;4;5;14;2;3;6;3;1;1;0;0;24;14;1;25;22;-4.797709994690931;4;0;12;25;20;7.57062379311985;3;6;5;2;0;4;14;3;19;5;6;22;2.8139261127139896
TRACK:336;302;309;1;6;2;3;1;4;0;4;8;3;4;11;2;6;0;5;2;10;17;3;1;20;-6.943826070693027;13;5;6;0;5;25;6;20;3.3615395587328676;1;1;4;3;3;0;1;22;6.399832746373807;19;1;11;12;16;4;5;2;0;21;4.739533852404633;12;5;21;-0.6691060761028407;2;3;6;3;1;25;20;7.806000508227797;3;6;5;0;18;13
TRACK:337;302;309;1;6;2;3;1;4;0;4;8;4;2;10;14;2;6;0;5;2;10;17;3;25;5;6;0;5;25;6;20;3.4074355576363806;1;1;4;20;-7.122290677466641;16;4;1;4;4;1;5;25;3;14;4;5;0;18;13;2;3;6;3;1;25;20;7.820476492255323;3;6;5;2;0;4;14;3;19;5;6;22;2.8976370517492516
TRACK:338;323;288;1;6;2;3;1;4;0;4;8;4;2;10;4;14;2;6;0;5;2;10;17;3;6;19;5;6;0;5;25;6;20;3.602622475808304;1;1;4;3;3;4;9;16;4;1;4;4;1;5;25;3;14;4;5;14;2;3;6;3;1;19;20;7.905073045953144;3;6;5;2;0;4;14;3;19;5;6;22;2.7909543064057223
TRACK:339;323;288;1;6;2;3;1;3;4;9;2;6;0;2;1;16;7;-3.142477375551371;6;24;3;1;20;-6.945222764111185;13;5;6;0;5;25;6;20;3.2715954069700945;1;1;4;3;3;4;9;16;4;1;4;4;1;6;22;2.9642949455376564;3;14;4;5;14;2;3;6;3;1;25;20;7.641429549499894;3;6;5;2;0;4;14;3;19;5;6;22;2.9792983396150317
TRACK:340;330;-1;1;6;2;0;3;5;2;0;25;17;0;22;4.974968410101928;23;-7.157425807848852;4;6;0;1;7;0.0052671183602122085;12;0;7;9.848884207932645;10;3;4;3;4;0;20;8.729314073595695;14;2;3;6;3;1;25;20;7.984627650101424;3;6;5;2;0;4;14;3;19;5;6;22;3.163549126548106
TRACK:341;302;-1;1;6;2;3;1;4;0;4;8;3;4;11;2;6;3;3;6;7;-4.210542912734683;5;6;0;5;25;6;20;3.3614849247176;1;1;4;3;3;0;1;22;6.488565023208193;19;1;11;12;16;4;5;2;0;21;4.761585544808203;12;5;21;-0.9889055833462368;2;3;6;3;1;25;20;7.847471228287634;3;6;5;2;0;4;14;3;19;5;6;22;2.9577196696614574
TRACK:342;334;-1;1;6;2;3;1;4;2;22;1.8759265161612042;11;2;6;0;5;2;10;17;3;6;19;5;6;0;5;25;6;20;3.620952614024468;1;1;4;3;3;4;9;16;4;1;4;4;1;5;25;3;14;4;5;14;2;4;0;4;8;3;5;11;3;6;5;2;0;4;14;3;19;5;6;22;2.823994116416374
TRACK:343;336;-1;1;6;2;3;1;4;0;4;8;3;4;11;2;6;0;5;2;10;17;3;1;20;-7.0321460985909985;13;5;6;0;5;25;6;20;3.3022297691966016;1;1;4;3;3;0;1;22;6.659283099988769;19;1;11;12;16;4;5;2;0;21;4.7082081536975595;12;5;21;-0.6402641562507692;2;1;4;2;5;4;6;5;20;7.752424676164871;3;1;2;5;18;3;8;4;4;8;6;4;4;3;0;4;9;0;25;9;1;4;3;3;6;0;2;10;8;4;24;3;3;6;1;0;0;13;24;0;14;22;-5.027446663522062;5;3;22;-6.835975914093404
TRACK:344;338;-1;1;6;2;3;1;4;0;4;8;4;2;10;4;14;2;6;0;5;6;10;3;6;19;5;6;0;5;25;6;20;3.6805011485239705;1;1;4;3;3;4;9;16;4;1;4;4;1;5;25;3;14;4;5;14;2;3;6;3;1;19;20;7.8676191301877765;3;6;5;2;0;4;14;3;19;5;6;22;2.790825245175804
TRACK:345;331;-1;1;0;5;2;10;17;3;1;20;-1.6519192456735188;13;2;3;6;3;1;25;20;7.870850017970142;3;6;5;2;3;3;2;3;8;3;11;5;6;22;2.8651526453932346
TRACK:346;309;-1;1;6;2;3;1;4;0;4;8;4;2;10;14;2;6;0;5;2;10;17;3;1;20;-1.7487041892836306;13;5;6;0;5;25;6;20;3.412447882156512;1;1;4;20;-7.109601448782125;16;4;1;4;4;1;5;25;3;14;4;5;0;18;13;2;3;6;3;1;25;20;7.8039126747511265;3;6;5;2;0;4;2;4;11;5;11;3;19;5;6;22;2.9918711283531
TRACK:347;335;-1;1;6;2;3;1;4;0;4;8;3;5;11;2;6;0;2;1;12;7;-3.1270433071531225;6;24;6;19;5;6;0;5;25;6;20;3.3797248810050284;1;1;4;3;3;4;9;16;4;1;4;4;1;6;22;2.820124997895573;3;14;4;5;14;2;3;6;3;1;1;0;0;24;14;1;25;22;-4.528218219820345;4;0;12;25;20;7.415475724327205;3;6;5;2;0;4;14;3;19;5;6;22;2.981876003513664
TRACK:348;337;-1;1;6;2;3;1;4;0;4;8;4;2;10;14;2;6;0;5;2;10;17;3;25;6;23;8.312005983773979;1;1;4;20;-7.117602759739682;16;4;1;4;4;1;5;25;3;14;4;5;0;18;13;2;3;6;3;1;25;20;7.696345581424;3;6;5;2;0;4;14;3;19;5;6;22;2.8985676841557093
TRACK:349;339;-1;1;6;2;3;1;3;4;9;2;6;0;2;1;16;7;-3.055259321376533;6;24;3;1;20;-6.932764189360105;13;5;6;0;5;25;6;20;3.4152391859182267;1;1;4;3;3;4;9;16;4;1;4;4;1;6;22;3.232917745913525;3;14;4;5;14;2;0;6;2;16;9;2;3;19;1;9;9;3;6;5;2;0;4;14;3;19;5;6;22;3.050776992044533
EVAL_INSTANCE:17:0:340
EVAL_INSTANCE:17:1:341
EVAL_INSTANCE:17:2:342
EVAL_INSTANCE:17:3:343
EVAL_INSTANCE:17:4:344
EVAL_INSTANCE:17:5:345
EVAL_INSTANCE:17:6:346
EVAL_INSTANCE:17:7:347
EVAL_INSTANCE:17:8:348
EVAL_INSTANCE:17:9:349
RUN_RESULT:17:0:0:2000:----
RUN_RESULT:17:1:0:2000:----
RUN_RESULT:17:2:0:2000:----
RUN_RESULT:17:3:0:2000:----
RUN_RESULT:17:4:0:2000:----
RUN_RESULT:17:5:0:2000:----
RUN_RESULT:17:6:0:223:URRRUUDDRUULDDRD
RUN_RESULT:17:7:0:225:URRRUUDDRUUDDD
RUN_RESULT:17:8:0:2000:----
RUN_RESULT:17:9:0:2000:----
    18 |      180 | -3.786500E+03 | -3.884000E+03
TRACK:350;346;309;1;6;2;3;1;4;0;4;8;4;2;10;14;2;6;0;5;2;10;17;3;1;20;-1.7487041892836306;13;5;6;0;5;25;6;20;3.412447882156512;1;1;4;20;-7.109601448782125;16;4;1;4;4;1;5;25;3;14;4;5;0;18;13;2;3;6;3;1;25;13;3;6;5;2;0;4;2;4;11;5;11;3;19;5;6;22;2.9918711283531
TRACK:351;346;309;1;6;2;3;1;4;0;4;8;4;2;10;14;2;6;0;5;2;10;17;3;1;20;-1.7877381538233166;13;5;6;0;5;25;6;20;3.4074355576363806;1;1;4;20;-7.122290677466641;16;4;1;4;4;1;5;25;3;14;4;5;0;18;13;2;3;6;3;1;25;20;7.820476492255323;6;0;5;2;10;17;3;1;20;-1.7487041892836306;13
TRACK:352;323;347;1;6;2;3;1;0;4;8;3;5;11;2;6;0;5;2;10;17;3;6;19;5;6;0;5;25;6;20;3.602622475808304;1;1;4;3;3;4;9;16;4;1;4;4;1;5;25;3;14;4;5;14;2;3;6;3;1;19;20;7.905073045953144;3;6;5;2;0;4;14;3;19;5;6;22;2.7909543064057223
TRACK:353;323;347;1;6;2;3;1;4;0;4;8;3;5;11;6;0;5;2;10;17;3;6;19;1;1;4;3;3;4;9;16;4;1;4;4;1;6;22;2.820124997895573;3;14;4;5;14;2;3;6;3;1;1;0;0;24;14;1;25;22;-4.528218219820345;4;0;12;25;20;7.415475724327205;3;6;5;2;0;4;14;3;19;5;6;22;2.981876003513664
TRACK:354;302;309;1;6;2;3;1;4;0;4;8;3;4;11;2;6;0;5;2;10;17;3;1;20;-6.943826070693027;13;5;6;0;5;25;6;20;3.3615395587328676;1;1;25;16;4;5;2;0;21;4.739533852404633;12;5;21;-0.6691060761028407;2;3;6;3;1;25;20;7.806000508227797;3;6;5;2;0;4;14;3;19;5;6;22;2.9437140668782424
TRACK:355;302;309;1;6;2;3;1;4;0;4;8;4;2;10;14;2;6;0;5;2;10;17;3;1;20;-1.7877381538233166;13;5;6;0;5;25;6;20;3.4074355576363806;1;1;4;20;-7.122290677466641;16;4;1;4;4;1;5;25;3;14;4;5;0;18;13;2;3;6;3;1;25;20;7.820476492255323;3;6;5;2;0;4;14;3;19;5;1;25;20;7.806000508227797
TRACK:356;323;284;1;6;2;3;1;4;0;4;8;4;2;10;14;2;6;0;5;2;10;17;3;6;19;5;6;0;5;25;6;20;3.602622475808304;1;1;4;3;3;4;9;16;4;1;4;4;1;5;25;3;14;4;5;14;2;3;6;3;1;19;20;7.905073045953144;3;6;5;2;0;4;14;8;5;6;22;2.7909543064057223
TRACK:357;323;284;1;6;2;3;1;4;0;4;8;5;11;2;6;0;5;2;10;17;3;1;20;-6.748540666962689;13;5;6;0;5;25;6;8;1;1;4;3;3;6;1;15;22;-0.24568092612195266;16;4;1;4;4;1;5;25;19;4;0;1;6;11;0;23;-0.9240404611835534;16;2;5;11;2;23;-0.19591600370093337;14;2;3;0;5;25;4;5;1;1;4;9;3;1;11;10;0;3;5;20;-1.797051532393476;0;1;8;7;-3.3454276663166866;1;10;9;3;6;5;2;0;4;14;3;19;5;6;6;2;14;22;-8.656867284853247
TRACK:358;302;268;1;6;2;3;6;20;3.4255117252644482;1;1;4;3;3;0;1;22;6.399832746373807;19;1;11;12;16;4;5;2;0;21;4.739533852404633;12;5;21;-0.6691060761028407;2;3;6;3;1;25;20;7.806000508227797;3;6;5;2;0;4;14;3;19;5;6;22;2.9437140668782424
TRACK:359;302;268;1;6;2;3;1;4;0;4;1;25;20;7.806000508227797;4;2;10;14;2;6;0;5;2;10;17;3;1;20;-1.6473090333760114;13;5;6;0;5;25;6;20;3.4255117252644482;1;1;4;3;3;4;9;16;4;1;4;4;1;5;25;3;14;4;5;14;2;3;6;3;1;25;20;7.81284421489958;3;6;5;2;0;4;14;3;19;5;6;22;2.9988272770078144
TRACK:360;350;-1;1;6;2;3;1;4;0;4;8;4;2;10;14;2;6;0;5;2;10;17;3;1;20;-1.7120032394395952;13;5;6;0;5;25;6;20;3.5110830409840177;1;1;4;20;-7.153253375283332;16;4;1;4;4;1;5;25;3;14;4;5;0;18;13;2;3;6;3;1;25;5;3;1;3;10;4;25;3;6;5;2;0;4;2;4;11;5;11;3;19;5;6;22;3.0846762124312166
TRACK:361;352;-1;1;6;2;3;1;0;4;8;3;5;11;2;6;0;5;2;10;17;3;6;19;5;6;0;5;25;6;20;3.4911383060595385;1;1;4;3;3;4;9;16;4;1;4;4;1;5;25;3;14;4;5;14;2;3;6;3;1;19;20;7.802187480405499;3;6;5;2;0;4;6;14;3;19;5;6;22;2.7342110304912284
TRACK:362;354;-1;1;6;2;3;1;4;0;4;8;3;4;11;2;6;0;5;2;10;17;3;1;20;-6.97784907848954;13;5;6;0;5;25;6;20;3.2989049583005534;1;1;25;16;4;5;2;0;21;4.9110291876834635;12;5;5;11;2;3;6;3;1;25;20;7.995313821961503;3;6;5;2;0;4;14;3;19;5;6;22;2.7863903858106207
TRACK:363;356;-1;1;6;2;3;1;4;0;4;8;4;2;10;14;2;6;0;5;2;10;17;3;6;19;5;6;0;5;25;6;20;3.6730558769523936;1;1;4;3;3;4;9;16;4;1;4;4;1;5;25;3;14;4;5;14;2;3;6;3;5;3;4;4;2;25;23;-9.240693776631385;3;6;5;2;0;4;14;8;5;6;22;2.772062086669795
TRACK:364;358;-1;1;6;2;3;6;20;3.6081853097106684;1;1;4;3;3;0;1;22;6.32540994807548;19;0;19;19;16;4;5;2;0;21;4.718569878690233;12;5;21;-0.8505728425404241;2;3;6;3;1;25;20;7.535292182083264;3;6;5;2;0;4;14;3;19;5;6;22;2.877436555235553
TRACK:365;351;-1;1;6;2;1;2;5;3;6;15;0;5;5;18;6;6;8;5;4;2;1;22;2.2757153074968244;7;-1.7629034594080153;4;10;1;1;4;20;-7.221471668945604;16;4;1;4;4;1;5;25;3;14;4;5;0;18;13;2;3;6;3;1;25;20;7.847742903197955;6;0;5;2;10;17;3;1;20;-1.8015185963270266;13
TRACK:366;353;-1;1;6;2;3;1;4;0;4;8;3;5;11;6;0;5;2;10;17;3;6;19;1;1;4;3;3;4;9;16;4;1;4;4;1;6;22;2.7899444163342038;3;14;6;15;2;3;6;3;1;1;0;0;24;14;1;25;22;-4.501447179848642;4;0;12;25;20;7.335830143775221;3;6;5;2;0;4;14;3;19;5;6;22;3.145546255174955
TRACK:367;355;-1;1;6;2;3;1;4;0;4;8;4;2;10;14;2;6;0;5;2;10;17;5;0;16;11;5;6;0;5;25;6;20;3.4607983874567774;1;1;4;20;-7.165638595928613;16;4;1;4;4;1;5;25;3;14;4;5;0;18;13;2;3;6;3;1;25;20;7.8095560026355395;3;6;5;2;0;4;14;3;19;5;1;25;20;7.940887506314362
TRACK:368;357;-1;1;6;2;3;3;2;3;5;2;6;11;2;7;9.143605807793268;19;0;5;0;4;9;6;17;2;2;5;22;9.54796964450701;1;11;7;4.148322709712065;3;2;15;7;0.5174140539155232;1;1;4;3;3;6;1;15;22;-0.29460677964364845;16;4;1;4;4;1;5;25;19;4;0;1;6;11;0;23;-0.9134208982501943;16;2;5;11;2;23;-0.13600272906361927;14;2;3;0;5;25;4;5;1;1;4;9;3;1;11;10;0;3;5;20;-1.7944505134920772;0;1;8;7;-3.2890479455368995;1;10;9;3;6;5;2;0;4;14;3;19;5;6;6;2;14;22;-8.821919595095155
TRACK:369;359;-1;1;6;2;3;1;4;0;4;1;25;20;7.579640840645851;4;2;10;14;2;6;0;5;6;13;3;1;20;-1.5805245730983397;13;5;6;0;5;25;6;20;3.332545274375474;1;1;4;3;3;4;9;16;4;1;4;4;1;5;25;3;14;4;5;14;2;3;6;3;1;25;20;7.628251936730511;3;6;5;2;0;4;14;3;19;5;6;22;3.205138968299131
EVAL_INSTANCE:18:0:360
EVAL_INSTANCE:18:1:361
EVAL_INSTANCE:18:2:362
EVAL_INSTANCE:18:3:363
EVAL_INSTANCE:18:4:364
EVAL_INSTANCE:18:5:365
EVAL_INSTANCE:18:6:366
EVAL_INSTANCE:18:7:367
EVAL_INSTANCE:18:8:368
EVAL_INSTANCE:18:9:369
RUN_RESULT:18:0:0:241:URRRUUDDRUUDLDD
RUN_RESULT:18:1:0:412:URRRUUDDRUUDDRUDDL
RUN_RESULT:18:2:0:2000:----
RUN_RESULT:18:3:0:225:URRRUUDDRUURDDLLD
RUN_RESULT:18:4:0:2000:----
RUN_RESULT:18:5:0:2000:----
RUN_RESULT:18:6:0:2000:----
RUN_RESULT:18:7:0:243:URRRUUDDRUURDDDDDLUU
RUN_RESULT:18:8:0:2000:----
RUN_RESULT:18:9:0:2000:----
    19 |      190 | -3.786600E+03 | -3.884000E+03
TRACK:370;323;302;1;6;2;3;1;4;0;4;8;4;2;10;14;2;6;0;5;2;10;17;3;6;19;5;6;0;5;25;6;25;1;1;4;3;3;4;9;16;4;1;4;4;1;5;25;3;14;4;5;14;2;3;6;3;1;19;20;7.905073045953144;3;6;5;2;0;4;14;3;19;5;6;22;2.7909543064057223
TRACK:371;323;302;1;6;2;3;1;4;0;9;3;4;11;2;6;0;5;2;10;17;3;1;20;-6.943826070693027;13;5;6;0;5;25;6;20;3.3615395587328676;1;1;4;3;3;0;1;22;6.399832746373807;19;1;11;12;16;4;5;2;0;21;4.739533852404633;12;5;21;-0.6691060761028407;2;3;6;3;1;25;20;7.806000508227797;3;6;5;2;0;4;14;3;19;5;6;22;2.9437140668782424
TRACK:372;346;268;1;6;2;3;1;4;0;4;8;4;2;10;14;2;6;0;5;2;10;17;3;1;20;-1.7487041892836306;13;5;6;0;5;25;6;20;3.412447882156512;1;1;4;20;-7.109601448782125;16;4;1;4;4;1;5;25;3;14;4;5;0;18;13;2;25;3;6;5;2;0;4;2;4;11;5;11;3;19;5;6;22;2.9918711283531
TRACK:373;346;268;1;6;2;3;1;4;0;4;8;4;2;10;14;2;6;0;5;2;10;17;3;1;20;-1.6473090333760114;13;5;6;0;5;25;6;20;3.4255117252644482;1;1;4;3;3;4;9;16;4;5;6;22;2.9918711283531;2;3;6;3;1;25;20;7.81284421489958;3;6;5;2;0;4;14;3;19;5;6;22;2.9988272770078144
TRACK:374;347;323;1;6;2;3;1;4;0;4;8;3;5;11;2;6;0;2;1;12;7;-3.1270433071531225;6;24;6;19;5;0;4;8;4;2;10;14;1;1;4;3;3;4;9;16;4;1;4;4;1;6;22;2.820124997895573;3;14;4;5;14;2;3;6;3;1;1;0;0;24;14;1;25;22;-4.528218219820345;4;0;12;25;20;7.415475724327205;3;6;5;2;0;4;14;3;19;5;6;22;2.981876003513664
TRACK:375;347;323;1;6;2;3;1;4;0;4;8;4;2;10;14;2;6;0;5;2;10;17;3;6;19;5;6;0;5;25;6;20;3.602622475808304;1;1;4;3;3;4;9;16;4;1;4;24;4;5;14;2;3;6;3;1;19;20;7.905073045953144;3;6;5;2;0;4;14;3;19;5;6;22;2.7909543064057223
TRACK:376;346;302;1;6;2;3;1;4;0;4;8;4;2;10;14;2;6;0;5;2;10;17;17;5;6;0;5;25;6;20;3.412447882156512;1;1;4;20;-7.109601448782125;16;4;1;4;4;1;5;25;3;14;4;5;0;18;13;2;3;6;3;1;25;20;7.8039126747511265;3;6;5;2;0;4;2;4;11;5;11;3;19;5;6;22;2.9918711283531
TRACK:377;346;302;1;6;2;3;1;4;4;1;5;25;3;14;4;5;0;18;13;1;1;4;3;3;0;1;22;6.399832746373807;19;1;11;12;16;4;5;2;0;21;4.739533852404633;12;5;21;-0.6691060761028407;2;3;6;3;1;25;20;7.806000508227797;3;6;5;2;0;4;14;3;19;5;6;22;2.9437140668782424
TRACK:378;268;240;1;6;2;3;1;4;0;4;8;4;2;10;14;2;6;0;5;2;10;17;3;1;20;-1.6473090333760114;13;5;6;0;5;25;6;20;3.4255117252644482;1;1;4;3;3;4;9;16;4;1;4;4;1;5;25;3;14;4;5;14;2;0;5;2;10;17;3;1;20;-6.989461820618618;13;3;6;5;2;0;4;14;3;19;5;6;22;2.9988272770078144
TRACK:379;268;240;1;6;2;3;1;4;0;4;8;3;4;11;2;6;0;5;2;10;17;3;1;20;-6.989461820618618;13;10;1;1;4;3;3;4;9;16;4;1;4;4;1;5;25;3;14;4;5;14;2;3;6;3;1;25;20;7.763108272423583;3;6;5;2;0;4;14;3;19;5;6;22;2.884134684586569
TRACK:380;370;-1;1;6;2;3;1;4;0;4;8;4;2;10;14;2;6;0;5;2;10;17;3;6;19;5;6;0;5;25;6;25;1;1;4;2;3;22;-1.7886593463878597;3;10;16;4;1;4;4;1;5;25;3;14;4;5;14;2;3;6;3;1;19;20;7.711231797880545;3;6;5;2;0;4;14;3;19;5;6;22;2.804108401910785
TRACK:381;372;-1;1;6;2;3;1;4;0;4;8;4;2;10;14;2;6;0;5;2;10;17;3;1;20;-1.6379158102062812;13;5;6;0;5;25;6;20;3.255223332853566;1;1;4;20;-7.021880146706878;16;4;1;4;4;1;5;25;3;14;4;5;0;18;13;2;25;3;6;5;2;0;0;21;8.613489218549535;21;-6.9165645978282075;3;19;5;6;22;3.1067673008165184
TRACK:382;374;-1;1;6;2;3;1;4;0;4;8;3;5;11;2;6;0;2;1;12;7;-3.0930852615012645;6;24;6;19;5;0;4;8;4;2;10;14;1;1;4;3;3;4;9;16;4;1;4;4;1;6;22;2.8976513900490084;3;14;4;5;14;2;3;6;3;1;3;13;20;7.4451871469944;3;6;5;2;0;4;14;3;19;5;6;22;3.06201637012693
TRACK:383;376;-1;1;6;2;3;1;4;0;4;8;4;2;10;14;2;6;0;5;2;10;17;17;5;6;4;20;1.5118840881817341;1;1;4;20;-7.071952374561234;16;4;1;4;4;1;5;25;3;14;4;5;0;18;13;2;3;6;3;1;25;20;7.8131888243299255;3;6;5;2;0;4;2;4;11;5;11;3;19;5;6;22;3.041774321953217
TRACK:384;268;-1;1;6;2;3;1;4;0;4;8;4;2;10;14;2;6;0;5;2;10;17;3;1;20;-1.4696364924520886;13;5;6;0;5;25;6;20;3.4854717943990243;1;1;4;3;3;4;9;16;4;1;4;4;1;5;25;3;14;4;5;14;2;3;6;3;1;25;20;7.91972465967107;3;6;5;2;0;4;14;3;19;5;6;22;2.9899568693572895
TRACK:385;371;-1;1;6;2;3;1;4;0;9;3;4;11;2;6;0;5;2;10;17;3;1;20;-7.0373589559506815;13;5;6;0;5;25;6;20;3.4573992556946394;1;1;4;3;3;0;1;22;6.282412423169158;19;1;11;12;16;4;5;2;4;2;2;9;9;4;22;-2.1845938088673904;5;21;-0.8265196224730385;2;3;6;3;1;25;20;7.900544937231039;3;6;5;2;0;4;14;3;19;5;6;22;2.8607911394639216
TRACK:386;373;-1;1;6;2;3;1;4;0;4;8;4;2;10;14;2;6;0;5;2;10;17;3;1;20;-1.7087744025865077;13;5;6;0;5;25;6;20;3.606002398729359;1;1;4;3;3;4;9;16;4;5;6;22;3.062842438250534;2;6;0;1;5;4;2;6;6;7;-7.349797709836647;1;5;9;1;8;16;0;3;3;5;0;15;19;5;0;5;1;25;16;5;2;18;23;5.435013642637026;5;4;4;4;2;2;25;25;6;17;3;6;5;2;0;4;14;3;19;5;6;22;3.0388049863616846
TRACK:387;375;-1;1;6;2;3;1;4;0;4;8;4;2;10;14;2;6;0;5;2;10;17;3;6;19;5;6;0;5;25;6;20;3.572629798822957;1;1;6;5;1;1;16;19;5;24;16;4;1;4;24;4;5;14;2;3;6;3;1;19;20;8.004615851608532;3;6;5;2;0;4;14;3;19;5;6;22;2.7454456864451
TRACK:388;377;-1;1;6;2;3;1;4;4;1;5;25;3;14;4;5;0;18;13;1;1;4;5;5;0;23;4.726669333448992;8;16;4;5;2;0;21;4.593911309550631;12;5;21;-0.43575044550941566;2;3;6;3;1;25;20;7.737643179077803;3;6;5;2;0;4;14;3;19;5;6;22;2.837145937465864
TRACK:389;240;-1;1;6;2;3;1;4;0;4;8;3;4;11;2;6;0;5;2;10;17;3;1;20;-7.032410489271381;13;5;6;0;5;25;6;20;3.4572734135941756;1;1;4;3;3;4;9;16;4;1;4;4;1;5;25;3;14;4;5;14;2;3;6;3;1;25;20;7.792618237226715;3;6;5;2;0;4;14;3;19;5;6;1;2;25;16;3;23;-1.3815968797322355
EVAL_INSTANCE:19:0:380
EVAL_INSTANCE:19:1:381
EVAL_INSTANCE:19:2:382
EVAL_INSTANCE:19:3:383
EVAL_INSTANCE:19:4:384
EVAL_INSTANCE:19:5:385
EVAL_INSTANCE:19:6:386
EVAL_INSTANCE:19:7:387
EVAL_INSTANCE:19:8:388
EVAL_INSTANCE:19:9:389
RUN_RESULT:19:0:0:2000:----
RUN_RESULT:19:1:0:249:URRRUUDDRUURDDDDUULLD
RUN_RESULT:19:2:0:225:URRRUUDDRUUDDD
RUN_RESULT:19:3:0:232:URRRUUDDRUUDDD
RUN_RESULT:19:4:0:223:URRRUUDDRUULDDRD
RUN_RESULT:19:5:0:1214:RRURUUDDRUUDDD
RUN_RESULT:19:6:0:222:URRRUUDDRUUDDLD
RUN_RESULT:19:7:0:222:URRRUUDDRUUDDLD
RUN_RESULT:19:8:0:2000:----
RUN_RESULT:19:9:0:226:URRRUUDDRUUDDD
    20 |      200 | -3.787600E+03 | -3.884000E+03
TRACK:390;302;309;1;6;2;3;1;4;0;4;8;3;4;11;2;6;0;5;2;10;17;3;1;20;-6.943826070693027;13;5;6;0;5;25;4;20;-7.122290677466641;1;1;4;3;3;0;1;22;6.399832746373807;19;1;11;12;16;4;5;2;0;21;4.739533852404633;12;5;21;-0.6691060761028407;2;3;6;3;1;25;20;7.806000508227797;3;6;5;2;0;4;14;3;19;5;6;22;2.9437140668782424
TRACK:391;302;309;1;6;2;3;1;4;0;4;8;4;2;10;14;3;0;1;22;6.399832746373807;19;1;11;12;1;1;4;20;-7.122290677466641;16;4;1;4;4;1;5;25;3;14;4;5;0;18;13;2;3;6;3;1;25;20;7.820476492255323;3;6;5;2;0;4;14;3;19;5;6;22;2.8976370517492516
TRACK:392;306;323;1;6;2;3;1;4;0;4;8;3;5;11;2;6;0;2;1;16;7;-3.0473072913235018;6;24;3;1;20;-7.039524612202143;13;5;6;0;5;25;6;20;3.2791530681312238;1;1;4;3;3;4;9;16;4;1;4;4;1;22;2.7909543064057223;3;14;4;5;14;2;3;6;3;1;1;0;0;24;14;1;25;22;-4.797709994690931;4;0;12;25;20;7.57062379311985;3;6;5;2;0;4;14;3;19;5;6;22;2.8139261127139896
TRACK:393;306;323;1;6;2;3;1;4;0;4;8;4;2;10;14;2;6;20;7.57062379311985;5;6;0;5;25;6;20;3.602622475808304;1;1;4;3;3;4;9;16;4;1;4;4;1;5;25;3;14;4;5;14;2;3;6;3;1;19;20;7.905073045953144;3;6;5;2;0;4;14;3;19;5;6;22;2.7909543064057223
TRACK:394;268;309;1;6;2;3;1;4;0;4;8;4;2;10;14;2;6;0;5;2;10;17;3;1;20;-1.6473090333760114;13;5;6;0;5;25;6;20;3.4255117252644482;1;1;4;3;3;4;9;16;4;1;4;4;1;5;25;3;14;4;5;14;2;3;6;3;1;25;20;7.81284421489958;3;6;2;6;0;5;2;10;17;3;1;20;-1.7877381538233166;13;5;6;0;5;25;6;20;3.4074355576363806
TRACK:395;268;309;1;6;2;3;1;4;0;4;8;4;2;10;14;2;6;0;5;2;10;17;3;1;20;-1.7877381538233166;13;5;6;0;5;25;6;20;3.4074355576363806;1;1;4;20;-7.122290677466641;16;4;1;4;4;1;5;25;3;14;4;5;0;18;13;2;3;6;3;6;3;1;25;20;7.81284421489958;3;6;5;2;0;4;14;3;19;5;6;22;2.8976370517492516
TRACK:396;302;387;1;6;2;3;1;4;0;4;8;3;4;11;2;6;0;5;2;14;17;3;1;20;-6.943826070693027;13;5;6;0;5;25;6;20;3.3615395587328676;1;1;4;3;3;0;1;22;6.399832746373807;19;1;11;12;16;4;5;2;0;21;4.739533852404633;12;5;21;-0.6691060761028407;2;3;6;3;1;25;20;7.806000508227797;3;6;5;2;0;4;14;3;19;5;6;22;2.9437140668782424
TRACK:397;302;387;1;6;2;3;1;4;0;4;8;4;2;10;14;2;6;0;5;2;10;17;3;6;19;5;6;20;-6.943826070693027;1;1;6;5;1;1;16;19;5;24;16;4;1;4;24;4;5;14;2;3;6;3;1;19;20;8.004615851608532;3;6;5;2;0;4;14;3;19;5;6;22;2.7454456864451
TRACK:398;323;384;1;6;2;3;1;4;0;4;8;4;2;10;14;2;6;0;5;2;10;17;3;6;19;5;6;0;5;25;6;25;1;1;4;3;3;4;9;16;4;1;4;4;1;5;25;3;14;4;5;14;2;3;6;3;1;19;20;7.905073045953144;3;6;5;2;0;4;14;3;19;5;6;22;2.7909543064057223
TRACK:399;323;384;1;6;2;3;1;4;0;4;8;4;2;10;14;2;6;0;5;2;10;17;3;1;20;-1.4696364924520886;13;5;6;0;5;25;6;20;3.4854717943990243;1;1;4;3;3;4;9;16;4;1;4;4;1;5;25;3;14;4;5;14;2;17;3;6;5;2;0;4;14;3;19;5;6;22;2.9899568693572895
TRACK:400;390;-1;1;6;2;3;1;4;0;4;8;3;4;11;2;6;0;5;2;10;17;3;1;20;-6.9982130373052005;13;5;3;25;1;1;4;3;3;0;1;22;6.279927508738553;19;1;11;12;16;4;5;2;0;21;4.7710354837008335;12;5;21;-0.685126085409347;2;3;6;3;1;25;20;7.880968226097616;3;6;5;2;0;4;14;3;19;5;6;22;2.8021122603400204
TRACK:401;306;-1;1;6;2;3;1;4;0;4;8;3;5;11;2;6;0;2;1;16;19;6;24;3;1;20;-7.011664474718719;13;5;6;0;5;25;6;20;3.029288378456587;1;1;4;3;3;4;9;16;4;1;4;4;1;6;22;2.816568579872028;3;14;4;5;14;2;3;6;3;1;1;0;0;24;14;1;25;22;-4.7983107640774705;4;0;12;25;20;7.50325224294062;3;6;5;2;0;4;14;3;19;5;6;22;2.761590361205468
TRACK:402;394;-1;1;6;2;3;1;4;0;4;8;4;2;10;14;2;6;0;5;2;10;17;3;1;20;-1.780465612876805;13;2;1;0;4;19;5;7;-1.6777194407166736;3;2;8;22;-0.26981529864939624;3;4;4;21;6.7158239925139895;1;1;4;3;3;4;9;16;4;1;4;4;1;5;25;3;14;4;5;14;2;3;6;3;1;25;20;7.922984379345149;3;6;2;6;0;5;2;10;17;3;1;20;-1.7177368207241366;13;5;6;0;5;25;6;20;3.4603568968075473
TRACK:403;396;-1;1;6;2;3;1;4;0;4;8;3;4;11;2;6;0;5;2;14;17;3;1;20;-6.968002546523013;13;5;6;0;5;25;6;20;3.419142172678272;1;1;4;3;3;0;1;22;6.561612781408614;19;1;11;12;16;1;3;21;-2.528687942155128;6;11;2;3;6;3;1;25;20;7.72441026390926;3;6;5;2;0;4;14;3;19;5;6;22;2.8853077924691304
TRACK:404;323;-1;1;6;2;3;1;4;0;4;8;4;2;10;14;2;6;0;5;2;10;17;3;6;19;5;6;0;5;25;6;20;3.588114553880933;1;1;4;3;3;4;2;12;18;16;4;1;4;4;1;5;25;3;14;4;5;14;2;3;6;3;1;19;20;7.858736280903954;3;6;5;2;0;4;14;3;19;5;6;22;2.69457420387527
TRACK:405;391;-1;1;6;2;3;1;4;0;4;8;4;2;10;14;3;0;1;22;6.441439329363874;19;1;11;12;1;1;4;20;-7.116862012043115;16;4;1;4;4;3;15;4;5;0;18;13;2;3;6;3;1;25;20;7.768543308271195;3;6;5;2;0;4;14;3;19;5;6;22;2.9110394407282647
TRACK:406;323;-1;1;6;2;3;1;4;0;4;8;4;2;10;14;2;6;0;5;2;10;17;3;6;19;5;6;0;5;10;6;20;3.5472166888408654;1;1;4;3;3;4;9;16;4;1;4;4;1;5;25;3;14;4;5;14;2;3;6;3;1;19;20;7.826275254861319;3;6;5;2;0;4;14;3;19;5;6;22;2.799205757220579
TRACK:407;395;-1;1;6;2;3;1;4;0;4;8;4;2;10;14;2;6;0;5;2;10;17;3;1;20;-1.6881002509981278;13;5;6;0;5;25;6;20;3.537497599179723;1;1;4;20;-7.155151532825433;16;4;1;4;4;1;5;25;3;14;4;5;0;18;13;2;3;6;3;6;3;1;25;20;7.927327925212843;3;6;5;2;23;-2.499628442009632;24
TRACK:408;397;-1;1;6;2;3;1;4;0;4;8;4;2;10;14;2;6;0;2;5;9;6;19;3;6;19;5;6;20;-6.946978841820018;1;1;6;5;1;1;16;19;5;24;16;4;1;4;24;4;5;14;2;3;6;3;1;19;20;7.973817147805794;3;6;5;2;0;4;14;3;19;5;6;22;2.7735912990467915
TRACK:409;384;-1;1;6;2;3;1;4;0;4;8;4;2;10;14;2;6;0;5;2;10;17;3;1;20;-1.5688564093187871;13;5;6;0;5;25;6;20;3.4142000841758806;1;1;4;3;3;4;9;16;4;2;6;12;4;9;2;3;6;3;1;25;20;7.706165898384245;3;6;5;2;0;4;14;3;19;5;6;22;2.994954207265608
EVAL_INSTANCE:20:0:400
EVAL_INSTANCE:20:1:401
EVAL_INSTANCE:20:2:402
EVAL_INSTANCE:20:3:403
EVAL_INSTANCE:20:4:404
EVAL_INSTANCE:20:5:405
EVAL_INSTANCE:20:6:406
EVAL_INSTANCE:20:7:407
EVAL_INSTANCE:20:8:408
EVAL_INSTANCE:20:9:409
RUN_RESULT:20:0:0:2000:----
RUN_RESULT:20:1:0:225:URRRUUDDRUUDDD
RUN_RESULT:20:2:0:2000:----
RUN_RESULT:20:3:0:2000:----
RUN_RESULT:20:4:0:222:URRRUUDDRUUDDLD
RUN_RESULT:20:5:0:2000:----
RUN_RESULT:20:6:0:223:URRRUUDDRUUDLDD
RUN_RESULT:20:7:0:2000:----
RUN_RESULT:20:8:0:2000:----
RUN_RESULT:20:9:0:223:URRRUUDDRUULDDRD
    21 |      210 | -3.788100E+03 | -3.884000E+03
TRACK:410;386;387;1;6;2;3;1;4;0;4;8;4;2;10;14;2;6;0;5;2;10;17;3;1;20;-1.7087744025865077;13;5;6;0;5;25;6;20;3.606002398729359;1;1;4;3;3;4;9;16;4;5;6;22;3.062842438250534;2;6;0;1;5;4;2;6;6;7;-7.349797709836647;1;5;9;1;8;16;0;3;3;5;0;15;19;5;0;5;1;25;16;5;2;18;23;5.435013642637026;5;4;4;4;2;2;25;25;6;17;3;6;5;2;19;5;6;22;3.0388049863616846
TRACK:411;386;387;1;6;2;3;1;4;16;2;6;0;5;2;10;17;3;6;19;5;6;0;5;25;6;20;3.572629798822957;1;1;6;5;1;1;16;19;5;24;16;4;1;4;24;4;5;14;2;3;6;3;1;19;20;8.004615851608532;3;6;5;2;0;4;14;3;19;5;6;22;2.7454456864451
TRACK:412;302;404;1;6;2;3;1;4;0;4;8;3;4;11;2;6;0;5;2;10;17;3;1;20;-6.943826070693027;13;5;6;0;5;25;6;20;3.3615395587328676;1;1;4;3;3;0;1;22;6.399832746373807;19;1;11;12;16;4;5;2;0;21;4.739533852404633;12;5;21;-0.6691060761028407;2;3;6;3;1;5;2;10;17;20;7.806000508227797;3;6;5;2;0;4;14;3;19;5;6;22;2.9437140668782424
TRACK:413;302;404;1;6;2;3;1;4;0;4;8;4;2;10;14;2;6;0;5;2;10;17;3;6;19;5;6;0;5;25;6;20;3.588114553880933;1;1;4;3;3;4;2;20;-6.943826070693027;18;16;4;1;4;4;1;5;25;3;14;4;5;14;2;3;6;3;1;19;20;7.858736280903954;3;6;5;2;0;4;14;3;19;5;6;22;2.69457420387527
TRACK:414;323;387;1;6;2;3;1;4;0;4;8;4;2;10;14;2;6;0;5;2;10;17;3;10;5;6;0;5;25;6;20;3.602622475808304;1;1;4;3;3;4;9;16;4;1;4;4;1;5;25;3;14;4;5;14;2;3;6;3;1;19;20;7.905073045953144;3;6;5;2;0;4;14;3;19;5;6;22;2.7909543064057223
TRACK:415;323;387;1;6;2;3;1;5;25;3;14;1;1;6;5;1;1;16;19;5;24;16;4;1;4;24;4;5;14;2;3;6;3;1;19;20;8.004615851608532;3;6;5;2;0;4;14;3;19;5;6;22;2.7454456864451
TRACK:416;302;346;1;6;2;3;1;4;0;4;8;3;4;11;2;6;0;5;2;10;17;3;1;20;-6.943826070693027;13;5;6;0;5;25;6;20;3.3615395587328676;1;1;4;3;3;0;1;22;6.399832746373807;19;1;11;12;16;4;5;2;0;21;4.739533852404633;12;5;21;-0.6691060761028407;2;3;6;3;1;25;20;7.806000508227797;3;6;5;2;4;11;5;6;22;2.9437140668782424
TRACK:417;302;346;1;6;2;3;1;4;0;4;8;4;2;10;14;2;6;0;5;2;10;17;3;1;20;-1.7487041892836306;13;5;6;0;5;25;6;20;3.412447882156512;1;1;4;20;-7.109601448782125;16;4;1;4;4;1;5;25;3;14;4;5;0;18;13;2;3;6;3;1;25;20;7.8039126747511265;3;6;5;2;0;4;2;4;11;5;11;3;19;5;6;22;2.9918711283531
TRACK:418;404;386;1;6;2;3;1;4;0;4;8;4;2;10;14;2;6;0;5;2;10;17;3;6;19;5;6;0;5;25;6;20;3.588114553880933;1;1;4;3;3;4;2;12;18;16;4;1;4;25;4;5;14;2;3;6;3;1;19;20;7.858736280903954;3;6;5;2;0;4;14;3;19;5;6;22;2.69457420387527
TRACK:419;404;386;1;6;2;3;1;4;0;4;8;4;2;10;14;2;6;0;5;2;10;17;3;1;20;-1.7087744025865077;13;5;6;0;5;25;6;20;3.606002398729359;1;1;4;3;3;4;9;16;4;5;6;22;3.062842438250534;2;6;0;1;5;4;2;6;6;7;-7.349797709836647;1;5;9;1;8;16;0;3;3;5;0;15;19;5;0;5;1;25;16;5;2;18;23;5.435013642637026;5;4;4;4;2;2;25;25;6;17;3;6;5;2;0;14;3;19;5;6;22;3.0388049863616846
TRACK:420;410;-1;1;6;2;3;1;4;0;4;8;4;2;10;14;2;6;0;5;2;10;17;3;1;20;-1.8054428571187486;13;5;6;0;5;25;6;20;3.6030877666456425;1;1;4;3;3;4;9;16;4;5;6;22;3.0976269999709065;2;6;0;1;5;4;2;6;6;7;-7.294096794645198;1;5;9;1;8;16;0;3;3;5;0;15;19;5;0;5;1;25;16;5;2;18;23;5.472273949926675;5;4;4;4;2;2;25;25;6;25;3;6;5;2;19;5;6;22;3.0387218350235052
TRACK:421;412;-1;1;6;2;3;1;4;0;4;8;3;4;11;2;6;0;5;2;10;17;3;1;20;-6.934711571583729;13;5;6;0;5;25;6;20;3.2730991038590926;1;1;4;3;3;0;1;22;6.4831494383917665;19;1;11;12;16;4;5;2;0;6;4;8;12;5;21;-0.6460746325727044;2;3;6;3;1;5;2;10;17;20;7.773681844780531;3;6;5;2;0;4;14;3;19;5;6;22;2.8926441212222067
TRACK:422;323;-1;1;6;2;3;1;4;0;4;8;4;2;10;14;2;6;0;5;2;10;17;3;6;19;5;6;0;5;25;6;20;3.691950144754502;1;1;4;3;3;4;9;16;4;1;4;4;1;5;25;3;14;4;5;14;2;6;1;6;4;1;4;20;6.909252976067197;5;11;3;1;0;4;14;0;19;17;4;5;14;3;6;5;2;0;4;14;3;19;5;6;22;2.8376011734603903
TRACK:423;416;-1;1;6;2;3;1;4;0;4;8;3;4;11;2;6;0;5;2;10;17;3;1;20;-6.759363721232846;13;5;6;0;5;25;6;20;3.2919362709344986;1;1;4;3;3;0;1;22;6.409327661716413;19;1;12;12;16;4;5;2;0;21;4.803988354053455;12;5;21;-0.610292623324417;2;3;6;3;1;25;20;7.760214732739065;3;6;5;2;4;11;5;6;22;2.8185362895527035
TRACK:424;418;-1;1;6;2;3;1;4;0;4;8;4;2;10;5;14;2;6;0;5;2;10;17;3;6;19;5;6;0;5;25;6;20;3.478500846413872;1;1;4;3;3;4;2;12;18;16;4;1;4;25;4;5;14;2;3;6;3;1;19;20;7.834189505642371;3;6;5;2;0;4;14;3;19;5;6;22;2.65196926800839
TRACK:425;411;-1;1;6;2;3;1;4;16;2;6;0;5;2;10;17;3;6;19;5;6;0;5;25;6;20;3.6034554042073945;1;1;6;5;1;1;16;19;5;24;16;4;1;4;24;4;5;14;2;3;6;3;1;19;20;8.035748187260044;3;6;5;2;0;4;14;3;19;5;6;10
TRACK:426;413;-1;1;6;5;8;2;3;6;3;1;19;20;7.919596164859392;3;6;5;2;0;4;14;3;19;5;6;22;2.636642810713567
TRACK:427;387;-1;1;6;2;3;1;4;0;4;8;4;2;10;14;2;6;0;5;2;10;17;3;6;19;5;6;0;5;25;6;20;3.6443916491217143;1;1;6;5;1;1;10;19;5;24;16;4;1;4;24;4;5;14;2;3;6;3;1;19;20;7.9026602135493285;3;6;5;2;0;4;14;3;19;5;6;22;2.597311753257865
TRACK:428;417;-1;1;6;2;3;1;4;0;4;8;4;2;10;14;2;6;0;5;2;10;17;3;1;20;-1.780872420710219;13;5;6;0;5;25;6;20;3.4253303168176394;1;1;4;20;-7.149720766901754;0;6;7;-7.792832939682317;1;16;12;4;1;4;4;1;5;25;3;14;4;5;0;18;13;2;3;6;3;1;25;20;7.798176532954574;3;6;5;2;0;4;2;4;11;5;11;3;19;5;6;22;2.773150792339829
TRACK:429;419;-1;1;6;2;3;1;4;0;4;8;4;2;10;14;2;6;0;5;2;10;17;3;1;20;-1.54093451101124;13;5;6;0;5;25;6;20;3.7018601552675157;1;1;4;3;3;4;9;16;4;5;6;22;3.081688752214368;2;6;0;1;5;4;2;6;6;7;-7.459355378787901;1;5;9;1;8;16;0;4;2;0;4;13;0;10;20;5.508071747028939;5;5;22;7.99137732015862;5;0;5;1;25;16;5;2;18;23;5.298692514643707;5;4;4;4;2;2;25;25;6;17;3;6;5;2;0;14;3;19;5;6;22;3.1212794754595334
EVAL_INSTANCE:21:0:420
EVAL_INSTANCE:21:1:421
EVAL_INSTANCE:21:2:422
EVAL_INSTANCE:21:3:423
EVAL_INSTANCE:21:4:424
EVAL_INSTANCE:21:5:425
EVAL_INSTANCE:21:6:426
EVAL_INSTANCE:21:7:427
EVAL_INSTANCE:21:8:428
EVAL_INSTANCE:21:9:429
RUN_RESULT:21:0:0:2000:----
RUN_RESULT:21:1:0:158:RRURUUDDRUUDDRUDDL
RUN_RESULT:21:2:0:222:URRRUUDDRUUDDLD
RUN_RESULT:21:3:0:107:RRURUUDDRUUDDD
RUN_RESULT:21:4:0:2000:----
RUN_RESULT:21:5:0:2000:----
RUN_RESULT:21:6:0:225:URRRUUDDRUUDDD
RUN_RESULT:21:7:0:222:URRRUUDDRUUDDLD
RUN_RESULT:21:8:0:223:URRRUUDDRUULDDRD
RUN_RESULT:21:9:0:222:URRRUUDDRUUDDLD
    22 |      220 | -3.806500E+03 | -3.893000E+03
TRACK:430;386;423;1;6;2;3;1;4;0;4;8;4;2;10;14;2;6;0;5;2;11;17;3;1;20;-1.7087744025865077;13;5;6;0;5;25;6;20;3.606002398729359;1;1;4;3;3;4;9;16;4;5;6;22;3.062842438250534;2;6;0;1;5;4;2;6;6;7;-7.349797709836647;1;5;9;1;8;16;0;3;3;5;0;15;19;5;0;5;1;25;16;5;2;18;23;5.435013642637026;5;4;4;4;2;2;25;25;6;17;3;6;5;2;0;4;14;3;19;5;6;22;3.0388049863616846
TRACK:431;386;423;1;6;2;3;1;4;0;4;8;3;4;11;2;6;0;5;2;10;17;3;1;20;-6.759363721232846;13;5;6;0;5;25;6;20;3.2919362709344986;1;1;4;3;3;0;1;22;6.409327661716413;19;1;12;12;16;4;5;2;0;21;4.803988354053455;12;5;21;-0.610292623324417;2;6;17;3;6;5;2;4;11;5;6;22;2.8185362895527035
TRACK:432;421;387;1;6;2;3;1;4;0;4;8;3;4;11;2;6;0;5;2;10;17;3;1;20;-6.934711571583729;13;5;6;0;5;25;6;20;3.2730991038590926;1;1;4;3;3;0;1;22;6.4831494383917665;19;1;11;12;16;4;5;2;0;4;8;12;5;21;-0.6460746325727044;2;3;6;3;1;5;2;10;17;20;7.773681844780531;3;6;5;2;0;4;14;3;19;5;6;22;2.8926441212222067
TRACK:433;421;387;1;6;2;3;1;4;0;20;-6.934711571583729;4;2;10;14;2;6;0;5;2;10;17;3;6;19;5;6;0;5;25;6;20;3.572629798822957;1;1;6;5;1;1;16;19;5;24;16;4;1;4;24;4;5;14;2;3;6;3;1;19;20;8.004615851608532;3;6;5;2;0;4;14;3;19;5;6;22;2.7454456864451
TRACK:434;302;423;1;6;2;3;1;4;0;4;8;3;4;11;2;6;0;5;2;10;20;7.760214732739065;3;1;20;-6.943826070693027;13;5;6;0;5;25;6;20;3.3615395587328676;1;1;4;3;3;0;1;22;6.399832746373807;19;1;11;12;16;4;5;2;0;21;4.739533852404633;12;5;21;-0.6691060761028407;2;3;6;3;1;25;20;7.806000508227797;3;6;5;2;0;4;14;3;19;5;6;22;2.9437140668782424
TRACK:435;302;423;1;6;2;3;1;4;0;4;8;3;4;11;2;6;0;5;2;10;17;3;1;20;-6.759363721232846;13;5;6;0;5;25;6;20;3.2919362709344986;1;1;4;3;3;0;1;22;6.409327661716413;19;1;12;12;16;4;5;2;0;21;4.803988354053455;12;11;2;3;6;3;1;25;20;7.760214732739065;3;6;5;2;4;11;5;6;22;2.8185362895527035
TRACK:436;421;323;1;6;2;3;1;4;0;4;8;3;4;11;2;6;0;5;2;10;8;3;1;20;-6.934711571583729;13;5;6;0;5;25;6;20;3.2730991038590926;1;1;4;3;3;0;1;22;6.4831494383917665;19;1;11;12;16;4;5;2;0;6;4;8;12;5;21;-0.6460746325727044;2;3;6;3;1;5;2;10;17;20;7.773681844780531;3;6;5;2;0;4;14;3;19;5;6;22;2.8926441212222067
TRACK:437;421;323;1;6;2;3;1;4;0;4;8;4;2;10;14;2;6;13;5;6;0;5;25;6;20;3.602622475808304;1;1;4;3;3;4;9;16;4;1;4;4;1;5;25;3;14;4;5;14;2;3;6;3;1;19;20;7.905073045953144;3;6;5;2;0;4;14;3;19;5;6;22;2.7909543064057223
TRACK:438;387;302;1;6;2;3;1;4;0;4;8;4;2;10;14;2;6;0;5;2;10;17;3;6;19;5;6;0;5;25;6;20;3.572629798822957;1;1;6;5;1;1;16;19;5;24;16;4;1;4;24;4;5;14;2;3;3;1;4;0;4;8;3;4;11;2;6;0;5;2;10;17;3;1;20;-6.943826070693027;13;5;6;0;5;25;6;20;3.3615395587328676;3;6;5;2;0;4;14;3;19;5;6;22;2.7454456864451
TRACK:439;387;302;1;6;2;3;1;4;0;4;8;3;4;11;2;6;0;5;2;10;17;3;1;20;-6.943826070693027;13;5;6;0;5;25;6;20;3.3615395587328676;1;1;19;16;4;5;2;0;21;4.739533852404633;12;5;21;-0.6691060761028407;2;3;6;3;1;25;20;7.806000508227797;3;6;5;2;0;4;14;3;19;5;6;22;2.9437140668782424
TRACK:440;430;-1;1;6;2;3;1;4;0;4;8;4;2;10;14;2;6;0;5;2;11;17;3;1;20;-1.5231901805810084;13;5;6;0;5;25;6;20;3.6269924303774985;1;1;4;3;3;4;9;16;4;5;6;22;3.0360169207941157;2;6;0;1;5;4;2;6;6;7;-7.414704872755005;1;5;9;1;8;16;0;3;3;5;0;15;19;5;0;5;5;23;-4.112236281557163;5;2;18;23;5.425403726845353;5;4;4;4;2;2;25;25;6;17;3;6;5;2;0;4;14;3;19;5;6;22;2.946477649799343
TRACK:441;432;-1;1;6;2;3;1;4;0;4;8;3;4;11;2;6;0;5;2;10;17;3;1;20;-6.966324220465218;13;5;6;0;5;25;6;20;3.227147038690878;1;1;4;3;3;0;1;22;6.495590532043614;19;1;11;12;16;4;5;2;0;4;8;12;5;21;-0.5641730671217604;2;3;6;3;1;5;2;10;17;20;7.690788184495585;3;6;5;2;0;2;17;24;3;19;5;6;22;3.024436078078835
TRACK:442;434;-1;1;6;2;3;1;4;0;4;8;3;4;11;2;6;0;5;2;10;20;7.791733164691227;3;1;20;-6.7847618373703025;13;5;6;0;5;25;6;20;3.4749917117118745;1;1;4;3;3;0;1;22;6.259983686996539;19;1;11;12;16;4;5;3;6;2;2;24;25;0;10;11;2;3;6;3;1;25;20;7.725877213371238;3;6;5;2;0;4;14;3;19;5;6;22;3.034771462409784
TRACK:443;436;-1;1;6;2;3;1;4;0;4;8;3;4;11;2;6;0;5;2;10;8;3;1;20;-6.893626478565023;13;5;6;0;5;25;6;20;3.379126439200583;1;1;4;18;16;4;5;2;0;6;4;8;12;5;21;-0.5256249535309007;2;3;6;3;1;5;2;10;17;20;7.728717928048459;3;6;5;2;0;4;14;3;19;5;6;22;2.8723364778233185
TRACK:444;438;-1;1;6;2;3;1;4;0;4;8;4;2;10;14;2;6;0;5;2;10;17;3;6;19;5;6;0;5;25;6;20;3.5725162469951526;1;1;6;5;1;1;16;19;5;24;16;4;1;4;24;4;5;14;2;3;3;1;4;0;4;8;3;4;11;2;6;0;5;2;10;17;3;1;20;-6.919604313522369;13;5;6;0;3;19;6;20;3.2779216831162485;3;6;5;2;0;4;14;3;19;5;6;22;2.7381260532978056
TRACK:445;431;-1;1;6;2;3;1;4;0;4;8;3;4;11;2;6;0;5;2;10;17;3;1;20;-6.750708833185618;13;5;6;0;5;25;6;20;3.3642733843841963;1;1;4;3;3;0;1;22;6.278173591376303;19;1;12;12;16;4;5;2;0;21;5.020057964044913;12;5;21;-0.5186455089660703;2;6;17;6;1;5;1;4;1;20;4.373314733008755;21;-0.5851599687409035;4;4;16;3;3;3;4;8
TRACK:446;433;-1;1;6;2;3;1;4;0;20;-7.0434142022700215;4;2;10;14;2;6;0;5;2;10;17;3;6;19;5;6;18;1;1;6;5;1;1;16;19;5;24;16;4;1;4;24;4;5;14;2;3;6;3;1;19;20;7.999502880429379;3;6;5;2;0;4;14;3;19;5;6;22;2.666541094115795
TRACK:447;435;-1;1;6;2;3;1;4;0;6;9;5;22;2.3696725298458166;2;6;0;5;2;10;17;3;1;20;-6.7381166536979435;13;5;6;0;5;25;6;20;3.2855537720120944;1;1;4;3;3;0;1;22;6.491029689521106;19;1;12;12;16;4;5;2;0;21;4.930216240109558;12;11;2;3;6;3;1;25;20;7.76368695039793;3;6;5;2;4;11;5;6;22;2.8823113289247577
TRACK:448;437;-1;1;6;2;3;1;4;0;4;8;4;2;10;14;2;6;13;5;6;0;5;25;6;20;3.745692171421879;1;1;4;3;3;4;9;16;3;4;24;2;3;6;3;1;19;20;7.794473814210388;3;6;5;2;0;4;14;3;19;5;6;22;2.816937702727332
TRACK:449;439;-1;1;6;2;3;1;4;0;4;8;3;4;11;2;6;0;5;2;10;17;3;1;20;-6.92175501180215;13;5;6;0;5;25;6;18;1;1;19;16;4;5;2;0;21;4.9258750346713125;12;5;21;-0.5578707995498337;2;3;6;3;1;25;20;7.963327058070755;3;6;5;2;0;4;14;3;19;5;6;22;2.893724779460073
EVAL_INSTANCE:22:0:440
EVAL_INSTANCE:22:1:441
EVAL_INSTANCE:22:2:442
EVAL_INSTANCE:22:3:443
EVAL_INSTANCE:22:4:444
EVAL_INSTANCE:22:5:445
EVAL_INSTANCE:22:6:446
EVAL_INSTANCE:22:7:447
EVAL_INSTANCE:22:8:448
EVAL_INSTANCE:22:9:449
RUN_RESULT:22:0:0:2000:----
RUN_RESULT:22:1:0:158:RRURUUDDRUUDDRUDDL
RUN_RESULT:22:2:0:2000:----
RUN_RESULT:22:3:0:2000:----
RUN_RESULT:22:4:0:222:URRRUUDDRUUDDLD
RUN_RESULT:22:5:0:420:URRRUUDDRUUDDD
RUN_RESULT:22:6:0:2000:----
RUN_RESULT:22:7:0:2000:----
RUN_RESULT:22:8:0:2000:----
RUN_RESULT:22:9:0:2000:----
    23 |      230 | -3.812900E+03 | -3.893000E+03
TRACK:450;423;427;1;6;2;3;1;4;0;4;8;3;4;11;2;6;0;5;2;10;17;3;1;20;-6.759363721232846;13;5;6;0;5;25;6;20;3.2919362709344986;1;1;4;3;3;0;1;22;6.409327661716413;19;1;12;12;16;4;5;14;2;3;6;3;1;25;20;7.760214732739065;3;6;5;2;4;11;5;6;22;2.8185362895527035
TRACK:451;423;427;1;6;2;3;1;4;0;4;8;4;2;10;14;2;6;0;5;2;10;17;3;6;19;5;6;0;5;25;6;20;3.6443916491217143;1;1;6;5;1;1;10;19;5;24;16;4;1;4;24;4;5;14;2;3;6;3;1;19;20;7.9026602135493285;3;6;5;2;0;4;5;21;-0.610292623324417;3;19;5;6;22;2.597311753257865
TRACK:452;302;421;1;6;2;3;1;4;0;4;8;3;4;11;2;6;0;5;2;10;17;3;1;20;-6.943826070693027;13;5;6;0;5;25;6;20;3.3615395587328676;1;1;4;3;3;0;1;22;6.399832746373807;19;1;11;12;16;4;5;2;0;21;-0.6460746325727044;12;5;21;-0.6691060761028407;2;3;6;3;1;25;20;7.806000508227797;3;6;5;2;0;4;14;3;19;5;6;22;2.9437140668782424
TRACK:453;302;421;1;6;2;3;1;4;0;4;8;3;4;11;2;6;0;5;2;10;17;3;1;20;-6.934711571583729;13;5;6;0;5;25;6;20;3.2730991038590926;1;1;5;6;22;2.9437140668782424;16;4;5;2;0;6;4;8;12;5;21;-0.6460746325727044;2;3;6;3;1;5;2;10;17;20;7.773681844780531;3;6;5;2;0;4;14;3;19;5;6;22;2.8926441212222067
TRACK:454;441;427;1;6;2;3;1;4;0;4;8;3;4;11;2;6;6;0;5;25;6;20;3.6443916491217143;5;6;0;5;25;6;20;3.227147038690878;1;1;4;3;3;0;1;22;6.495590532043614;19;1;11;12;16;4;5;2;0;4;8;12;5;21;-0.5641730671217604;2;3;6;3;1;5;2;10;17;20;7.690788184495585;3;6;5;2;0;2;17;24;3;19;5;6;22;3.024436078078835
TRACK:455;441;427;1;6;2;3;1;4;0;4;8;4;2;10;14;2;6;0;5;2;10;17;3;6;19;5;6;0;5;25;6;20;3.6443916491217143;1;1;6;5;1;1;10;19;5;24;16;12;2;3;6;3;1;19;20;7.9026602135493285;3;6;5;2;0;4;14;3;19;5;6;22;2.597311753257865
TRACK:456;386;441;1;6;2;3;1;4;0;4;8;4;2;10;14;2;6;0;5;2;10;17;3;1;20;-1.7087744025865077;13;5;6;0;5;13;6;20;3.606002398729359;1;1;4;3;3;4;9;16;4;5;6;22;3.062842438250534;2;6;0;1;5;4;2;6;6;7;-7.349797709836647;1;5;9;1;8;16;0;3;3;5;0;15;19;5;0;5;1;25;16;5;2;18;23;5.435013642637026;5;4;4;4;2;2;25;25;6;17;3;6;5;2;0;4;14;3;19;5;6;22;3.0388049863616846
TRACK:457;386;441;1;6;2;3;1;4;0;4;8;3;4;11;2;6;0;5;2;10;17;3;1;20;-6.966324220465218;13;5;6;0;5;25;6;20;3.227147038690878;1;1;4;3;3;0;1;22;6.495590532043614;19;1;23;5.435013642637026;12;16;4;5;2;0;4;8;12;5;21;-0.5641730671217604;2;3;6;3;1;5;2;10;17;20;7.690788184495585;3;6;5;2;0;2;17;24;3;19;5;6;22;3.024436078078835
TRACK:458;423;421;1;6;2;3;1;4;0;4;8;3;4;11;2;6;0;5;2;10;17;3;1;20;-6.759363721232846;13;5;6;0;5;25;6;20;3.2919362709344986;1;1;4;2;10;17;16;4;5;2;0;21;4.803988354053455;12;5;21;-0.610292623324417;2;3;6;3;1;25;20;7.760214732739065;3;6;5;2;4;11;5;6;22;2.8185362895527035
TRACK:459;423;421;1;6;2;3;1;4;0;4;8;3;4;11;2;6;0;5;2;10;17;3;1;20;-6.934711571583729;13;5;6;0;5;25;6;20;3.2730991038590926;1;1;4;3;3;0;1;22;6.4831494383917665;19;1;11;12;16;4;5;2;0;6;4;8;12;5;25;2;3;6;3;1;5;2;10;17;20;7.773681844780531;3;6;5;2;0;4;14;3;19;5;6;22;2.8926441212222067
TRACK:460;450;-1;1;6;2;3;1;4;0;4;8;3;4;11;2;6;0;5;2;10;17;3;1;20;-6.827187295610043;13;5;6;0;5;25;6;20;3.319981679712406;1;1;4;3;3;0;1;22;6.365516911866599;19;1;12;8;16;4;5;14;2;3;6;3;1;25;20;7.615412047419997;3;6;5;2;4;11;5;6;22;2.812701359313766
TRACK:461;452;-1;1;1;4;1;0;0;1;3;14;6;13;3;1;23;4.567890825060308;14;5;5;5;24;3;2;4;6;7;-0.8006849699439798;4;2;18;18;2;1;6;1;1;6;21;6.705357395065931;1;12;12;5;5;20;0.6218608555906773;2;1;4;2;9;12;3;3;25;3;6;0;17;11;3;3;5;1;5;12;5;13;2;3;6;3;1;25;20;7.575514428265096;3;6;5;2;0;4;14;3;19;5;6;22;3.095867743164058
TRACK:462;454;-1;1;6;2;3;1;4;0;4;8;3;4;11;2;6;0;2;2;16;16;2;13;21;2.7061055591378835;6;2;25;19;5;6;0;5;25;6;20;3.2218817765089844;1;1;4;3;3;0;1;22;6.488075432891407;19;1;11;12;16;4;5;2;0;4;8;12;5;21;-0.6053480011671845;2;3;6;3;1;5;2;10;17;20;7.5931839212878725;3;6;5;2;0;2;17;24;3;19;5;6;22;2.921378458381911
TRACK:463;456;-1;1;6;2;3;1;4;0;4;8;4;2;10;14;2;6;0;5;2;10;17;3;1;20;-1.6754270333578516;13;5;6;0;5;13;6;20;3.6997407650085665;1;1;4;3;3;4;9;16;4;5;6;6;0;13;14;2;6;0;1;5;4;2;6;6;7;-7.392173269384126;1;5;9;1;8;16;0;3;3;5;0;15;19;5;0;5;1;25;16;5;2;18;23;5.422352116847384;5;4;4;4;2;2;25;25;6;17;3;6;5;2;0;4;14;3;19;5;6;22;2.9708953726503307
TRACK:464;458;-1;1;6;2;3;1;4;0;4;8;3;4;11;2;6;1;6;3;18;1;6;21;-9.208449911500026;0;10;19;5;6;0;5;25;6;20;3.280142125907706;1;1;4;2;10;17;16;4;5;2;0;21;4.867391994697445;12;5;21;-0.6380876743855497;2;3;6;3;1;25;20;7.777012838869403;3;6;5;2;4;11;5;6;22;2.638382026845811
TRACK:465;451;-1;1;6;2;3;1;4;0;4;8;4;2;10;14;2;6;0;5;2;10;17;3;6;19;5;8;1;1;6;5;1;1;10;19;5;24;16;4;1;4;24;4;5;14;2;3;6;3;1;19;20;7.950800577687189;3;6;5;2;0;4;5;21;-0.6780689969683541;3;19;5;6;22;2.48091214694098
TRACK:466;453;-1;1;6;2;3;1;4;0;4;8;3;4;11;2;6;0;5;2;10;17;3;1;20;-7.0736113640951945;13;5;6;0;5;25;6;20;3.265147439524492;1;1;5;6;22;2.810954926772272;16;4;5;2;0;6;4;8;12;5;21;-0.9066387721174258;2;3;6;3;1;5;2;10;17;20;7.74432536206773;3;6;5;2;0;4;14;3;19;5;6;2;23;8.745345076077573;24
TRACK:467;455;-1;1;6;2;3;1;4;0;4;8;4;2;10;14;2;6;0;5;2;10;17;3;6;19;2;3;1;7;6.753015445389849;16;5;1;19;7;8.605583046657596;1;1;6;5;1;1;10;19;5;24;16;12;2;3;6;3;1;19;20;7.7952265512303445;3;6;5;2;0;4;14;3;19;5;6;22;2.593385231296046
TRACK:468;457;-1;1;6;2;3;1;4;0;4;8;3;4;11;2;6;0;5;2;10;17;3;1;20;-6.980053873173858;13;5;6;0;5;25;6;20;3.361633440494449;1;1;4;2;18;14;16;4;5;2;0;4;8;12;5;21;-0.43261480429349886;2;3;6;3;1;5;2;10;17;20;7.674213048916255;3;6;5;2;0;2;17;24;3;19;5;6;22;3.0025051628559827
TRACK:469;459;-1;1;6;2;3;1;4;0;4;8;3;4;11;2;6;0;5;2;10;17;3;1;20;-7.01097194915737;13;5;6;0;5;25;6;20;3.3381215326632105;1;1;4;3;3;0;1;22;6.424866940786682;19;1;11;12;16;4;5;2;0;6;4;8;12;5;25;2;3;4;2;5;5;23;-9.299800563832738;5;6;22;1.295789571466857;3;6;5;2;0;4;14;3;19;5;6;22;2.965794811791918
EVAL_INSTANCE:23:0:460
EVAL_INSTANCE:23:1:461
EVAL_INSTANCE:23:2:462
EVAL_INSTANCE:23:3:463
EVAL_INSTANCE:23:4:464
EVAL_INSTANCE:23:5:465
EVAL_INSTANCE:23:6:466
EVAL_INSTANCE:23:7:467
EVAL_INSTANCE:23:8:468
EVAL_INSTANCE:23:9:469
RUN_RESULT:23:0:0:116:RRURUUDDRUUDDD
RUN_RESULT:23:1:0:2000:----
RUN_RESULT:23:2:0:2000:----
RUN_RESULT:23:3:0:222:URRRUUDDRUUDLDD
RUN_RESULT:23:4:0:2000:----
RUN_RESULT:23:5:0:851:URRRUUDDRUULLLDLDLDDDDRRRRRRUUUUUDDL
RUN_RESULT:23:6:0:2000:----
RUN_RESULT:23:7:0:221:URRRUUDDRUUDDD
RUN_RESULT:23:8:0:268:URRRUUDDRUUDDRUDDL
RUN_RESULT:23:9:0:264:URRRUUDDRUURDDDDDUUL
    24 |      240 | -3.823600E+03 | -3.893000E+03
TRACK:470;460;423;1;6;2;3;1;4;0;4;8;16;2;6;0;5;2;10;17;3;1;20;-6.827187295610043;13;5;6;0;5;25;6;20;3.319981679712406;1;1;4;3;3;0;1;22;6.365516911866599;19;1;12;8;16;4;5;14;2;3;6;3;1;25;20;7.615412047419997;3;6;5;2;4;11;5;6;22;2.812701359313766
TRACK:471;460;423;1;6;2;3;1;4;0;4;8;3;4;11;2;6;0;5;2;10;17;3;1;20;-6.759363721232846;13;5;6;20;3.319981679712406;1;1;4;3;3;0;1;22;6.409327661716413;19;1;12;12;16;4;5;2;0;21;4.803988354053455;12;5;21;-0.610292623324417;2;3;6;3;1;25;20;7.760214732739065;3;6;5;2;4;11;5;6;22;2.8185362895527035
TRACK:472;302;421;1;6;2;3;1;4;0;4;8;3;4;11;2;6;0;5;2;10;17;3;1;20;-6.943826070693027;13;5;6;0;5;25;6;20;3.3615395587328676;1;1;4;3;3;0;1;22;6.399832746373807;19;1;11;12;16;4;5;5;2;10;17;2;3;6;3;1;25;20;7.806000508227797;3;6;5;2;0;4;14;3;19;5;6;22;2.9437140668782424
TRACK:473;302;421;1;6;2;3;1;4;0;4;8;3;4;11;2;6;0;5;2;10;17;3;1;20;-6.934711571583729;13;5;6;0;5;25;6;20;3.2730991038590926;1;1;4;3;3;0;1;22;6.4831494383917665;19;1;11;12;4;0;4;8;3;4;11;4;5;2;0;6;4;8;12;5;21;-0.6460746325727044;2;3;6;3;1;5;2;10;17;20;7.773681844780531;3;6;5;2;0;4;14;3;19;5;6;22;2.8926441212222067
TRACK:474;441;302;1;6;2;3;1;4;0;4;8;3;4;11;2;6;0;5;2;10;17;3;1;20;-6.966324220465218;13;5;6;0;5;25;6;20;3.227147038690878;1;1;4;3;3;0;1;22;6.495590532043614;19;1;11;12;16;4;5;2;0;4;8;12;5;21;-0.5641730671217604;2;3;6;3;1;5;2;10;17;20;7.690788184495585;3;6;5;2;0;5;21;-0.6691060761028407;3;19;5;6;22;3.024436078078835
TRACK:475;441;302;1;6;2;3;1;4;0;4;8;3;4;11;2;6;0;5;2;10;17;3;1;20;-6.943826070693027;13;5;6;0;5;25;6;20;3.3615395587328676;1;1;4;3;3;0;1;22;6.399832746373807;19;1;11;20;7.690788184495585;16;4;5;2;0;21;4.739533852404633;12;5;21;-0.6691060761028407;2;3;6;3;1;25;20;7.806000508227797;3;6;5;2;0;4;14;3;19;5;6;22;2.9437140668782424
TRACK:476;460;404;1;6;2;3;1;4;0;4;8;3;4;11;2;6;0;5;2;10;17;3;1;20;-6.827187295610043;13;1;5;25;3;14;1;1;4;3;3;0;1;22;6.365516911866599;19;1;12;8;16;4;5;14;2;3;6;3;1;25;20;7.615412047419997;3;6;5;2;4;11;5;6;22;2.812701359313766
TRACK:477;460;404;1;6;4;0;4;8;3;4;11;2;3;6;3;1;19;20;7.858736280903954;3;6;5;2;0;4;14;3;19;5;6;22;2.69457420387527
TRACK:478;421;423;1;6;2;3;1;4;0;4;8;12;2;6;0;5;2;10;17;3;1;20;-6.934711571583729;13;5;6;0;5;25;6;20;3.2730991038590926;1;1;4;3;3;0;1;22;6.4831494383917665;19;1;11;12;16;4;5;2;0;6;4;8;12;5;21;-0.6460746325727044;2;3;6;3;1;5;2;10;17;20;7.773681844780531;3;6;5;2;0;4;14;3;19;5;6;22;2.8926441212222067
TRACK:479;421;423;1;6;2;3;1;4;0;4;8;3;4;11;2;6;0;5;2;10;17;3;12;5;6;0;5;25;6;20;3.2919362709344986;1;1;4;3;3;0;1;22;6.409327661716413;19;1;12;12;16;4;5;2;0;21;4.803988354053455;12;5;21;-0.610292623324417;2;3;6;3;1;25;20;7.760214732739065;3;6;5;2;4;11;5;6;22;2.8185362895527035
TRACK:480;470;-1;1;6;2;3;1;4;0;4;8;16;2;6;0;5;2;10;17;3;1;20;-6.894753354785607;13;5;6;0;5;25;6;20;3.3549461227534976;1;3;4;7;4.730893392016959;4;5;14;2;3;6;3;1;25;20;7.673527967456503;3;6;5;2;4;11;5;6;22;2.8204143050240176
TRACK:481;472;-1;1;6;2;3;1;4;0;4;8;3;4;11;2;6;0;5;2;10;17;3;1;20;-6.943563920132941;13;5;6;0;5;25;6;20;3.301600105601989;1;1;4;3;3;0;1;22;6.436299310337579;19;1;11;12;16;6;14;2;3;6;3;1;25;20;7.929471894241312;3;6;5;2;0;4;14;3;19;5;6;22;2.853145565770361
TRACK:482;474;-1;1;6;2;3;1;4;0;4;8;3;4;11;2;6;0;5;2;10;17;3;1;20;-7.207035707076919;13;5;6;0;5;25;6;20;3.109431871542845;1;1;4;3;3;0;1;22;6.4881504701168895;19;1;11;12;16;4;5;2;0;4;8;12;5;21;-0.5343141912771958;2;3;6;3;1;5;2;10;17;2;5;1;6;11;4;22;-0.837299119875512;0;1;4;23;-8.582176134582927;3;18;1;5;23;6.0109237225093395;2;13;22;6.015820972126484;3;6;5;2;0;5;21;-0.8143049827022064;3;19;5;6;22;3.027024001380279
TRACK:483;476;-1;1;6;2;3;1;4;0;4;8;3;4;11;2;6;0;5;2;14;17;3;1;20;-6.868444100350749;13;1;5;25;3;14;1;1;4;3;3;0;1;22;6.439499040704903;19;1;12;8;16;4;5;14;2;3;6;3;1;25;20;7.651026405934097;3;6;5;2;4;11;5;6;22;2.9792658732068995
TRACK:484;478;-1;1;6;2;3;1;4;0;4;8;12;2;6;0;5;2;10;14;3;1;20;-6.904384721872534;13;5;6;0;5;25;6;20;3.314288451666596;1;1;4;3;3;0;1;22;6.426842946646636;19;1;11;12;16;4;5;2;0;6;4;8;12;5;21;-0.5876091516516293;2;3;6;3;1;5;2;10;17;20;7.772162346969343;3;6;5;2;0;4;14;3;19;5;6;22;2.6841350064201164
TRACK:485;471;-1;1;6;2;3;1;4;0;4;8;3;4;11;2;6;0;5;2;10;17;3;1;20;-6.7045441251200275;13;5;6;20;3.478843390704219;1;1;4;3;2;3;4;7;-4.264907967250817;4;2;19;13;16;4;5;2;0;21;4.718856374159596;12;5;21;-0.6467621528679028;2;3;6;3;1;25;20;7.581158053934878;3;6;5;2;4;11;5;6;22;2.8709582788096735
TRACK:486;473;-1;1;6;2;3;1;4;0;4;8;3;4;11;2;6;0;5;2;10;17;3;1;20;-6.822594768957249;13;5;6;0;5;25;6;20;3.5068283231112503;1;1;4;2;3;24;4;24;4;0;4;8;3;4;11;4;5;2;0;6;4;8;12;5;21;-0.6078719867198104;2;3;6;3;1;5;2;10;17;20;7.780264542384226;3;6;5;2;0;4;14;3;19;5;6;22;3.0054810107094156
TRACK:487;475;-1;1;6;2;3;1;4;0;4;8;3;4;11;2;6;0;5;2;10;17;3;1;20;-7.1376856375778495;13;5;6;0;5;25;6;20;3.221894930208201;1;1;4;3;3;0;1;22;6.42139096611478;19;1;11;20;7.685693803000528;16;4;5;2;0;21;4.713955041796572;12;5;21;-0.6626714654094523;2;3;6;3;1;25;20;7.81005120368928;3;2;6;1;1;6;5;21;-5.685402874253325;3;3;9;1;2;0;9;7;7.795637607333347;3;22;-0.784152531564219;4;3;24;4;6;4;0;3;7;8.283502509455726;6;25
TRACK:488;477;-1;6;1;3;0;6;1;0;3;10;6;25;5;1;12;18;4;6;0;0;14;13;6;11;0;3;5;2;3;6;8;6;1;18;20;2.5822348733656337;1;5;6;2;2;7;7.4983645764874325;25;6;11;3;1;2;4;15;4;22;8.550246441233284;2;0;13;25;2;7;2.42665501053491;15
TRACK:489;479;-1;1;6;2;3;1;4;0;4;8;3;4;11;2;6;0;5;2;10;17;3;12;5;6;0;5;25;6;20;3.3170644721691924;1;1;4;3;3;0;1;22;6.273745747490521;19;1;12;12;5;4;3;20;-2.9947435600825667;4;5;2;0;21;4.588812348815878;12;5;21;-0.5575350582717661;2;3;6;3;1;25;20;7.821226863822717;3;6;5;2;4;11;5;6;22;2.8899064845036473
EVAL_INSTANCE:24:0:480
EVAL_INSTANCE:24:1:481
EVAL_INSTANCE:24:2:482
EVAL_INSTANCE:24:3:483
EVAL_INSTANCE:24:4:484
EVAL_INSTANCE:24:5:485
EVAL_INSTANCE:24:6:486
EVAL_INSTANCE:24:7:487
EVAL_INSTANCE:24:8:488
EVAL_INSTANCE:24:9:489
RUN_RESULT:24:0:0:2000:----
RUN_RESULT:24:1:0:228:URRRUUDDRUUDDD
RUN_RESULT:24:2:0:118:RRURUUDDRUURDDLD
RUN_RESULT:24:3:0:1213:RRURUUDDRUUDDD
RUN_RESULT:24:4:0:149:RRURUUDDRUUDDRUDDL
RUN_RESULT:24:5:0:226:URRRUUDDRUUDDD
RUN_RESULT:24:6:0:268:URRRUUDDRUUDDRUDDL
RUN_RESULT:24:7:0:2000:----
RUN_RESULT:24:8:0:2000:----
RUN_RESULT:24:9:0:197:URRRUUDDRUUDDD
    25 |      250 | -3.843800E+03 | -3.893000E+03
TRACK:490;421;423;1;6;2;3;1;4;0;4;8;3;4;11;2;6;0;5;2;10;17;3;1;20;-6.934711571583729;13;5;6;0;5;25;6;20;3.2730991038590926;1;1;4;5;25;16;4;5;2;0;6;4;8;12;5;21;-0.6460746325727044;2;3;6;3;1;5;2;10;17;20;7.773681844780531;3;6;5;2;0;4;14;3;19;5;6;22;2.8926441212222067
TRACK:491;421;423;1;6;2;3;1;4;0;4;8;3;4;11;2;6;0;5;2;10;17;3;1;20;-6.759363721232846;13;2;0;4;14;3;19;5;6;22;2.8926441212222067;1;1;4;3;3;0;1;22;6.409327661716413;19;1;12;12;16;4;5;2;0;21;4.803988354053455;12;5;21;-0.610292623324417;2;3;6;3;1;25;20;7.760214732739065;3;6;5;2;4;11;5;6;22;2.8185362895527035
TRACK:492;482;302;1;6;2;3;1;4;8;2;6;0;5;2;10;17;3;1;20;-7.207035707076919;13;5;6;0;5;25;6;20;3.109431871542845;1;1;4;3;3;0;1;22;6.4881504701168895;19;1;11;12;16;4;5;2;0;4;8;12;5;21;-0.5343141912771958;2;3;6;3;1;5;2;10;17;2;5;1;6;11;4;22;-0.837299119875512;0;1;4;23;-8.582176134582927;3;18;1;5;23;6.0109237225093395;2;13;22;6.015820972126484;3;6;5;2;0;5;21;-0.8143049827022064;3;19;5;6;22;3.027024001380279
TRACK:493;482;302;1;6;2;3;1;4;0;4;8;3;4;11;2;6;0;5;2;10;17;3;1;20;-6.943826070693027;13;5;6;0;5;25;6;20;3.3615395587328676;1;1;4;3;3;0;1;22;6.399832746373807;19;1;11;12;16;4;5;2;0;21;4.739533852404633;12;5;21;-0.6691060761028407;2;3;6;3;1;25;20;7.806000508227797;3;19
TRACK:494;460;482;1;6;2;3;1;4;0;4;8;3;4;11;2;6;0;5;2;10;17;3;1;20;-6.827187295610043;13;5;6;0;5;25;6;20;3.319981679712406;1;1;4;3;3;0;1;22;6.365516911866599;19;1;12;8;16;4;5;14;3;0;1;22;6.4881504701168895;19;1;11;12
TRACK:495;460;482;1;6;2;3;1;4;0;4;8;3;4;11;2;6;0;5;2;10;17;3;1;20;-7.207035707076919;13;5;6;0;5;25;6;20;3.109431871542845;1;1;4;3;3;0;1;22;6.4881504701168895;19;1;11;12;16;4;5;2;0;4;8;12;5;21;-0.5343141912771958;2;3;6;3;1;5;2;10;17;2;5;1;6;11;4;22;-0.837299119875512;0;1;4;23;-8.582176134582927;3;18;1;5;8;2;13;22;6.015820972126484;3;6;5;2;0;5;21;-0.8143049827022064;3;19;5;6;22;3.027024001380279
TRACK:496;423;302;1;4;5;2;0;21;4.739533852404633;12;5;21;-0.6691060761028407;2;3;6;3;1;25;20;7.760214732739065;3;6;5;2;4;11;5;6;22;2.8185362895527035
TRACK:497;423;302;1;6;2;3;1;4;0;4;8;3;4;11;2;6;0;5;2;10;17;3;1;20;-6.943826070693027;13;5;6;0;5;25;6;20;3.3615395587328676;1;1;4;3;3;0;1;22;6.399832746373807;19;1;11;12;16;4;5;2;0;21;4.739533852404633;12;5;21;-0.6691060761028407;2;3;6;3;1;5;6;22;2.8185362895527035;20;7.806000508227797;3;6;5;2;0;4;14;3;19;5;6;22;2.9437140668782424
TRACK:498;441;460;1;6;2;3;1;4;0;4;8;3;4;11;2;6;0;5;2;10;17;3;1;20;-6.966324220465218;13;5;6;0;5;25;6;20;3.227147038690878;1;1;4;3;3;0;1;22;6.495590532043614;19;1;11;12;16;4;5;2;0;4;8;12;5;21;-0.5641730671217604;2;3;6;3;1;5;2;10;17;20;7.690788184495585;3;6;5;2;0;2;17;24;5;14;5;6;22;3.024436078078835
TRACK:499;441;460;1;6;2;3;1;4;0;4;8;3;4;11;2;6;0;5;2;10;17;3;1;20;-6.827187295610043;13;5;6;0;5;25;6;20;3.319981679712406;1;1;4;3;3;0;1;22;6.365516911866599;19;1;12;8;16;4;0;5;2;10;17;3;1;20;-6.966324220465218;13;2;3;6;3;1;25;20;7.615412047419997;3;6;5;2;4;11;5;6;22;2.812701359313766
TRACK:500;490;-1;1;6;2;3;1;4;0;4;8;3;4;11;2;6;0;5;2;10;17;3;1;20;-6.82329777387627;13;5;6;0;5;25;6;20;3.2120099713003167;1;1;4;6;25;16;4;5;2;0;6;4;8;12;5;21;-0.5219127209792258;2;3;6;3;1;5;2;10;17;20;7.803362320296474;3;6;5;2;0;4;14;3;19;5;6;22;2.8348923073849606
TRACK:501;492;-1;1;6;2;3;1;4;8;2;6;0;5;2;10;17;3;1;20;-7.253290983481557;13;5;6;0;5;25;6;20;2.961675038621417;1;1;4;3;3;0;1;22;6.387035345178846;19;1;11;12;16;4;5;2;0;4;8;12;5;21;-0.5669686032299525;2;3;6;3;1;5;2;10;17;2;5;1;6;11;4;22;-0.8078115420478041;0;1;4;23;-8.59435846596767;3;18;1;5;23;6.05666064578986;2;17;22;6.091378753414424;3;6;5;2;0;5;21;-0.8985880968986534;3;19;5;6;22;2.9971900030886416
TRACK:502;494;-1;3;3;2;1;15;22;0.9483077220115668;6;19
TRACK:503;496;-1;1;4;5;2;0;2;1;3;0;18;15;1;5;23;6.782212800212392;2;15;19;0;1;5;14;0;16;22;8.37976290554029;4;3;23;-7.006185588962661;5;2;5;0;10;15;0;6;15;3;16;5;21;-0.6022225827269785;2;3;6;3;1;25;20;7.695218224334074;3;6;5;2;4;11;5;6;22;2.926855862384825
TRACK:504;498;-1;1;6;2;3;1;4;0;4;8;3;4;11;2;6;0;5;2;10;17;3;1;20;-7.009848869534489;13;5;6;0;5;25;6;20;3.227941543736;1;1;4;3;3;0;1;22;6.408612343651262;19;1;11;12;16;4;5;2;0;4;8;12;5;21;-0.5285542918126951;2;3;6;3;1;5;2;10;17;20;7.543147717318354;3;6;5;2;0;2;17;24;4;0;5;18;1;7;8.110900777444062;24;5;6;22;3.0193815173182004
TRACK:505;491;-1;1;4;4;2;6;6;1;21;-9.780744118990237;8;1;5;2;13;9;2;3;15;1;19;17;5;3;3;3;0;1;8;10;4;14
TRACK:506;493;-1;1;6;2;3;1;4;0;4;8;3;4;11;2;6;0;5;2;10;17;3;1;20;-6.988505597826286;13;5;6;0;5;25;6;20;3.4989691134813206;1;1;4;3;3;0;1;22;6.3609222548474085;19;1;11;12;16;4;5;2;0;21;4.727950546571594;12;5;21;-0.7273041722047792;0;4;2;0;5;24;3;9;3;1;19;11;3;3;4;5;17
TRACK:507;495;-1;1;6;2;3;1;4;0;4;8;0;7;0.36949848243695627;20;-9.231506013575693;2;6;0;5;2;10;17;3;1;20;-7.183032935302126;13;5;6;0;5;25;6;20;3.1302443958843167;1;1;4;3;3;0;1;22;6.418252356180138;19;1;11;12;16;4;5;2;0;4;8;12;5;21;-0.5651974589647745;2;3;6;3;1;5;2;10;17;2;5;1;6;11;4;22;-0.7948397096450778;0;1;4;23;-8.621545140926303;3;18;1;5;8;2;13;22;5.902458327687027;3;6;5;2;0;5;21;-0.8208745636090862;3;19;5;6;22;2.8455512412772928
TRACK:508;497;-1;1;6;4;3;4;2;6;1;16;23;-1.2314679239324615;4;5;10;2;3;6;3;1;5;6;22;2.7796282508680763;20;7.966177958162678;3;6;5;2;0;4;14;3;19;5;6;22;2.8594549920526653
TRACK:509;499;-1;1;6;2;3;1;4;0;4;8;3;4;11;2;6;0;5;2;10;17;3;1;20;-6.709734108361005;13;5;6;0;5;25;6;20;3.312624657314798;1;1;4;3;3;0;1;22;6.5217732131379815;19;1;12;8;16;4;0;5;2;10;17;3;1;20;-6.9937260507827474;13;2;3;6;3;1;25;20;7.609797854070674;3;6;5;0;23;8.58743095601135;19
EVAL_INSTANCE:25:0:500
EVAL_INSTANCE:25:1:501
EVAL_INSTANCE:25:2:502
EVAL_INSTANCE:25:3:503
EVAL_INSTANCE:25:4:504
EVAL_INSTANCE:25:5:505
EVAL_INSTANCE:25:6:506
EVAL_INSTANCE:25:7:507
EVAL_INSTANCE:25:8:508
EVAL_INSTANCE:25:9:509
RUN_RESULT:25:0:0:268:URRRUUDDRUUDDRUDDL
RUN_RESULT:25:1:0:118:RRURUUDDRUURDDLD
RUN_RESULT:25:2:0:2000:----
RUN_RESULT:25:3:0:2000:----
RUN_RESULT:25:4:0:160:RRURUUDDRUUDDRUDDL
RUN_RESULT:25:5:0:2000:----
RUN_RESULT:25:6:0:2000:----
RUN_RESULT:25:7:0:2000:----
RUN_RESULT:25:8:0:2000:----
RUN_RESULT:25:9:0:116:RRURUUDDRUUDDD
    26 |      260 | -3.868400E+03 | -3.893000E+03
TRACK:510;509;460;1;6;2;3;1;4;0;4;8;3;4;11;2;6;0;5;2;10;17;3;1;20;-6.709734108361005;13;5;6;0;5;25;6;20;3.312624657314798;1;1;4;3;3;0;1;22;6.5217732131379815;19;1;12;8;16;4;0;5;2;10;17;3;1;20;-6.9937260507827474;13;2;3;6;3;1;25;20;7.609797854070674;3;6;5;0;23;8.58743095601135;19
TRACK:511;509;460;1;6;2;3;1;4;0;4;8;3;4;8;2;6;0;5;2;10;17;3;1;20;-6.827187295610043;13;5;6;0;5;25;6;20;3.319981679712406;1;1;4;3;3;0;1;22;6.365516911866599;19;1;12;8;16;4;5;14;2;3;6;3;1;25;20;7.615412047419997;3;6;5;2;4;11;5;6;22;2.812701359313766
TRACK:512;302;441;1;6;2;3;1;4;0;4;8;3;4;11;2;6;0;5;2;10;17;3;1;20;-6.943826070693027;13;5;6;0;5;25;6;20;3.3615395587328676;1;1;4;3;3;0;1;22;6.399832746373807;19;1;11;12;16;4;5;2;0;21;4.739533852404633;12;5;21;-0.6691060761028407;2;5;2;10;17;3;6;5;2;0;4;14;3;19;5;6;22;2.9437140668782424
TRACK:513;302;441;1;6;2;3;1;4;0;4;8;3;4;11;2;6;0;5;2;10;17;3;1;20;-6.966324220465218;13;8;1;1;4;3;3;0;1;22;6.495590532043614;19;1;11;12;16;4;5;2;0;4;8;12;5;21;-0.5641730671217604;2;3;6;3;1;5;2;10;17;20;7.690788184495585;3;6;5;2;0;2;17;24;3;19;5;6;22;3.024436078078835
TRACK:514;423;484;1;6;2;3;1;4;0;4;8;3;4;11;2;6;0;5;2;10;17;3;1;20;-6.759363721232846;13;5;6;0;5;25;6;20;3.2919362709344986;1;1;4;3;3;0;1;22;6.409327661716413;19;1;12;12;16;4;5;2;0;4;8;12;5;21;-0.610292623324417;2;3;6;3;1;25;20;7.760214732739065;3;6;5;2;4;11;5;6;22;2.8185362895527035
TRACK:515;423;484;1;6;2;3;1;4;0;4;8;12;2;6;0;5;2;10;14;3;1;20;-6.904384721872534;13;5;6;0;5;25;6;20;3.314288451666596;1;1;4;3;3;0;1;22;6.426842946646636;19;1;11;12;16;4;5;2;0;6;4;8;12;5;21;-0.5876091516516293;2;3;6;3;1;5;2;10;17;20;7.772162346969343;3;6;0;5;25;6;20;3.2919362709344986
TRACK:516;509;482;1;6;2;3;1;4;0;4;8;3;4;11;2;6;0;5;2;10;17;3;1;20;-6.709734108361005;13;5;6;0;5;25;6;20;3.312624657314798;1;1;4;3;3;0;1;22;6.5217732131379815;19;1;12;8;16;4;0;5;2;10;17;3;1;20;-6.9937260507827474;13;2;3;6;3;1;6;0;5;25;6;20;3.109431871542845;20;7.609797854070674;3;6;5;0;23;8.58743095601135;19
TRACK:517;509;482;1;6;2;2;6;0;5;2;10;17;3;1;20;-6.709734108361005;13;5;6;0;5;25;6;20;3.312624657314798;1;1;4;3;3;0;1;22;6.4881504701168895;19;1;11;12;16;4;5;2;0;4;8;12;5;21;-0.5343141912771958;2;3;6;3;1;5;2;10;17;2;5;1;6;11;4;22;-0.837299119875512;0;1;4;23;-8.582176134582927;3;18;1;5;23;6.0109237225093395;2;13;22;6.015820972126484;3;6;5;2;0;5;21;-0.8143049827022064;3;19;5;6;22;3.027024001380279
TRACK:518;423;302;1;6;2;3;1;4;0;4;8;3;4;11;2;6;0;5;2;10;17;3;1;20;-6.759363721232846;13;5;6;0;5;25;6;20;3.2919362709344986;1;1;4;3;3;0;1;22;6.409327661716413;19;1;12;12;16;4;5;11;2;3;6;3;1;25;20;7.760214732739065;3;6;5;2;4;11;5;6;22;2.8185362895527035
TRACK:519;423;302;1;6;2;3;1;4;0;4;8;3;4;11;2;6;0;5;2;10;17;3;1;20;-6.943826070693027;13;5;6;0;5;25;6;20;3.3615395587328676;1;1;4;3;3;0;1;22;6.399832746373807;20;3.2919362709344986;1;11;12;16;4;5;2;0;21;4.739533852404633;12;5;21;-0.6691060761028407;2;3;6;3;1;25;20;7.806000508227797;3;6;5;2;0;4;14;3;19;5;6;22;2.9437140668782424
TRACK:520;510;-1;1;6;2;3;1;4;0;4;8;3;4;11;2;6;0;5;2;10;17;3;1;20;-6.7516949862921924;13;5;6;0;5;25;6;20;3.301563763921177;1;1;4;3;3;0;1;22;6.491882729932045;19;1;8;8;16;4;0;5;2;10;17;3;1;20;-7.101452010518664;13;2;3;6;3;1;25;20;7.649427381991235;3;6;5;0;23;8.604481981893171;19
TRACK:521;512;-1;1;6;2;3;1;4;0;4;8;3;4;11;2;6;0;5;2;10;17;3;1;20;-6.946258122041428;13;5;6;0;5;25;6;20;3.3367198611225843;1;1;4;3;3;0;1;22;6.372861206363144;19;1;11;12;16;4;5;2;0;21;4.7693512084341645;12;3;4;5;24;2;5;2;10;17;3;6;5;2;0;4;14;3;19;5;6;22;2.8993391890371734
TRACK:522;514;-1;1;6;5;1;0;5;21;2.360132844192197;2;23;1.86108698101477;21;3.442498043532403;5;2;13;7;6.77791191051292;2;3;6;3;1;25;20;7.671961836599371;3;6;5;2;4;11;5;6;22;2.665585839752857
TRACK:523;516;-1;1;6;2;3;1;4;0;4;8;3;4;11;2;6;0;5;2;10;17;3;1;20;-6.701992820592543;13;5;6;0;5;25;6;20;3.4593738942746883;1;1;4;3;3;1;9;24;16;4;0;5;2;10;17;3;1;20;-6.965116148641202;13;2;3;6;3;1;6;0;5;25;6;20;3.0726248450342704;20;7.413761021158216;3;6;5;0;23;8.57555735227244;19
TRACK:524;518;-1;1;6;2;3;1;4;0;3;1;7;9.25266353165512;11;3;4;11;2;6;0;5;2;10;17;3;1;20;-6.702159568987726;13;5;6;0;5;25;6;20;3.1430725011752205;1;1;4;3;3;0;1;22;6.463345499278691;19;1;12;12;16;4;5;11;2;3;6;3;1;25;20;7.792541893472021;3;6;5;2;4;11;5;6;22;2.995900887189142
TRACK:525;511;-1;1;6;2;3;1;4;0;4;8;3;4;8;2;6;0;5;2;10;17;3;1;20;-6.838053425915763;13;2;6;6;2;9;25;0;1;6;20;0.8999404944942384;6;17;0;4;13;6;12;1;1;4;3;3;0;1;22;6.351844299339994;19;1;12;8;16;4;5;14;2;3;6;3;1;25;20;7.575087265209061;3;6;5;2;4;11;5;6;22;2.860174017288304
TRACK:526;513;-1;1;6;2;3;1;4;0;4;8;3;4;11;2;6;0;5;2;10;17;3;1;20;-7.1035938637849485;13;8;1;1;4;3;3;0;1;22;6.512102659781611;19;1;11;12;16;4;5;2;0;4;8;12;5;21;-0.46816535586444996;2;3;6;3;1;5;2;10;17;20;7.690331528875107;3;6;5;5;2;5;6;19;2;0;19;17;6;12
TRACK:527;515;-1;1;6;2;3;1;4;0;4;8;12;2;6;0;5;2;10;14;3;1;20;-6.830469656915005;13;5;6;0;5;25;6;20;3.1658125878099255;6;3;18;2;3;6;3;1;5;2;10;17;20;7.662419255074651;3;6;0;5;25;6;20;3.313723167212884
TRACK:528;517;-1;1;6;2;2;6;0;5;2;10;17;3;1;20;-6.7248735617200115;13;5;6;0;5;25;6;20;3.1950745972837797;1;1;4;3;3;0;1;22;6.4183890796405505;19;1;11;12;16;4;5;2;0;4;8;12;5;21;-0.5074629491746375;2;3;6;3;1;5;2;10;17;2;5;1;6;11;4;22;-0.9583892820784546;0;1;4;23;-8.648513097323796;3;18;1;5;9;2;13;22;6.17666176576825;3;6;5;2;0;5;21;-0.8003472902680016;3;19;5;6;22;3.0943044873431345
TRACK:529;519;-1;1;6;2;3;1;3;6;1;0;2;23;4.877201734505245;17;6;9;5;5;9;2;6;0;5;2;10;17;3;1;20;-6.937203279096352;13;5;6;0;5;25;6;20;3.491479555645279;1;1;4;3;3;0;1;22;6.402147289498851;20;3.311401499846459;1;11;12;16;4;5;2;0;21;4.793650311548888;12;5;21;-0.6295135757578069;2;3;6;3;1;25;20;7.7458224511014615;3;6;5;2;0;4;14;3;19;5;6;22;2.995865332412644
EVAL_INSTANCE:26:0:520
EVAL_INSTANCE:26:1:521
EVAL_INSTANCE:26:2:522
EVAL_INSTANCE:26:3:523
EVAL_INSTANCE:26:4:524
EVAL_INSTANCE:26:5:525
EVAL_INSTANCE:26:6:526
EVAL_INSTANCE:26:7:527
EVAL_INSTANCE:26:8:528
EVAL_INSTANCE:26:9:529
RUN_RESULT:26:0:0:116:RRURUUDDRUUDDD
RUN_RESULT:26:1:0:158:RRURUUDDRUURDDDDDUUL
RUN_RESULT:26:2:0:2000:----
RUN_RESULT:26:3:0:235:URRRUUDDRUURDDDDLLU
RUN_RESULT:26:4:0:2000:----
RUN_RESULT:26:5:0:2000:----
RUN_RESULT:26:6:0:197:URRRUUDDRUUDDD
RUN_RESULT:26:7:0:231:URRRUUDDRUUDDD
RUN_RESULT:26:8:0:2000:----
RUN_RESULT:26:9:0:2000:----
    27 |      270 | -3.872800E+03 | -3.893000E+03
TRACK:530;302;423;1;6;2;3;1;4;0;4;8;3;4;11;2;6;0;5;4;11;3;1;20;-6.943826070693027;13;5;6;0;5;25;6;20;3.3615395587328676;1;1;4;3;3;0;1;22;6.399832746373807;19;1;11;12;16;4;5;2;0;21;4.739533852404633;12;5;21;-0.6691060761028407;2;3;6;3;1;25;20;7.806000508227797;3;6;5;2;0;4;14;3;19;5;6;22;2.9437140668782424
TRACK:531;302;423;1;6;2;3;1;4;0;4;8;3;4;11;2;6;0;5;2;10;17;3;1;20;-6.759363721232846;13;5;6;0;5;25;6;20;3.2919362709344986;1;1;4;3;3;0;1;22;6.409327661716413;19;1;12;12;16;4;5;2;0;21;4.803988354053455;12;5;21;-0.610292623324417;2;3;6;3;22;2.9437140668782424;3;6;5;2;4;11;5;6;22;2.8185362895527035
TRACK:532;509;460;1;6;2;3;1;4;0;4;8;3;4;11;20;3.319981679712406;1;1;4;3;3;0;1;22;6.5217732131379815;19;1;12;8;16;4;0;5;2;10;17;3;1;20;-6.9937260507827474;13;2;3;6;3;1;25;20;7.609797854070674;3;6;5;0;23;8.58743095601135;19
TRACK:533;509;460;1;6;2;3;1;4;0;4;8;3;4;11;2;6;0;5;2;10;17;3;1;20;-6.827187295610043;13;5;6;0;5;25;6;20;3.319981679712406;1;1;4;3;3;0;1;22;6.365516911866599;19;1;12;8;16;4;5;14;2;3;6;3;1;25;20;7.615412047419997;3;6;5;1;20;-6.9937260507827474;13
TRACK:534;520;520;1;6;2;3;1;4;0;4;8;3;4;11;2;6;0;5;2;10;17;3;1;20;-6.7516949862921924;13;5;6;0;5;25;6;20;3.301563763921177;1;1;4;3;3;19;16;4;0;5;2;10;17;3;1;20;-7.101452010518664;13;2;3;6;3;1;25;20;7.649427381991235;3;6;5;0;23;8.604481981893171;19
TRACK:535;520;520;1;6;2;3;1;4;0;4;8;3;4;11;2;6;0;5;2;10;17;3;1;20;-6.7516949862921924;13;5;6;0;5;25;6;20;3.301563763921177;1;1;4;3;3;0;1;22;6.491882729932045;19;1;8;8;16;4;0;5;2;10;17;3;1;20;-7.101452010518664;13;2;3;6;3;1;25;20;7.649427381991235;3;6;19
TRACK:536;460;484;1;6;2;3;1;4;0;4;8;3;4;11;2;6;0;5;2;10;17;3;1;20;-6.827187295610043;13;5;6;0;5;25;6;20;3.319981679712406;1;1;4;3;3;0;1;22;6.365516911866599;19;1;12;8;16;4;5;14;2;3;6;3;1;25;20;7.615412047419997;3;6;5;2;4;11;5;0;5;2;10;14;3;1;20;-6.904384721872534;13
TRACK:537;460;484;1;6;2;3;1;4;0;4;8;12;2;6;0;5;2;10;14;3;1;20;-6.904384721872534;13;5;6;0;5;25;6;20;3.314288451666596;1;1;4;3;3;0;1;22;6.426842946646636;19;20;7.615412047419997;16;4;5;2;0;6;4;8;12;5;21;-0.5876091516516293;2;3;6;3;1;5;2;10;17;20;7.772162346969343;3;6;5;2;0;4;14;3;19;5;6;22;2.6841350064201164
TRACK:538;482;423;1;6;2;3;1;4;0;4;8;3;4;11;2;6;0;8;3;1;20;-7.207035707076919;13;5;6;0;5;25;6;20;3.109431871542845;1;1;4;3;3;0;1;22;6.4881504701168895;19;1;11;12;16;4;5;2;0;4;8;12;5;21;-0.5343141912771958;2;3;6;3;1;5;2;10;17;2;5;1;6;11;4;22;-0.837299119875512;0;1;4;23;-8.582176134582927;3;18;1;5;23;6.0109237225093395;2;13;22;6.015820972126484;3;6;5;2;0;5;21;-0.8143049827022064;3;19;5;6;22;3.027024001380279
TRACK:539;482;423;1;6;2;3;1;4;0;4;8;3;4;11;2;6;0;5;2;10;17;3;1;20;-6.759363721232846;13;5;6;0;5;25;6;20;3.2919362709344986;1;1;4;6;22;3.027024001380279;16;4;5;2;0;21;4.803988354053455;12;5;21;-0.610292623324417;2;3;6;3;1;25;20;7.760214732739065;3;6;5;2;4;11;5;6;22;2.8185362895527035
TRACK:540;530;-1;1;6;2;3;1;4;0;4;8;3;4;11;2;6;0;5;4;11;3;1;20;-6.8442099912697065;13;5;6;0;5;25;6;20;3.4826518356519567;1;1;4;3;3;0;1;22;6.2520942173363006;19;1;11;12;16;4;5;2;0;21;4.507439304701785;12;5;21;-0.8634937826141391;2;3;6;3;2;1;14;19;1;14;18;3;6;5;2;0;4;14;3;19;5;6;22;2.925079127144873
TRACK:541;532;-1;1;6;2;3;1;4;0;4;8;3;4;11;20;3.4576241157883647;1;1;4;3;3;0;1;22;6.3283735327112405;19;1;12;8;3;2;1;2;11;17;5;11;1;4;9;2;15;19;4;0;5;2;10;17;3;1;20;-6.963091248229694;13;2;3;6;3;1;25;20;7.582212422244124;3;6;5;0;23;8.697108443975416;19
TRACK:542;534;-1;1;6;2;3;5;6;1;1;0;8;13;6;21;2.770027086203495;5;5;11;1;1;4;3;3;19;16;4;0;5;2;10;17;3;1;20;-7.156458605949355;13;2;3;6;3;1;25;20;7.550288683341263;3;6;5;0;23;8.52995671446883;19
TRACK:543;536;-1;1;6;2;3;1;4;0;4;8;3;4;11;2;6;0;5;2;10;17;3;1;20;-6.78060179512359;13;5;6;0;5;25;6;20;3.2979243317907807;1;1;4;3;3;0;1;22;6.2011138496122165;19;1;12;8;16;4;5;14;2;3;6;3;1;25;20;7.634801671698063;3;6;5;6;6;4;2;1;24;16;0;21;6.409500837108638;21;-1.7861536260016226
TRACK:544;538;-1;1;6;2;3;1;4;0;4;8;3;4;11;2;6;0;8;3;1;20;-7.1278608659281355;13;5;6;0;5;25;6;20;3.04629754558572;1;1;4;3;3;0;1;22;6.493108664880375;19;1;11;12;16;4;5;2;0;4;8;12;5;21;-0.7452055878119451;2;3;6;3;1;5;6;25;2;5;1;6;11;4;22;-0.9351237475151164;0;1;4;23;-8.513010510295254;3;18;1;5;23;6.108555831663839;2;13;22;6.121097922583614;3;6;5;2;0;5;21;-0.9888108655487476;3;19;5;6;22;3.147476536739548
TRACK:545;531;-1;1;6;2;3;1;4;0;4;8;3;4;11;2;6;0;5;2;10;17;3;1;20;-6.751053323858999;13;5;6;0;5;25;6;20;3.2314186385492656;1;1;4;3;3;0;1;22;6.487323002402404;19;1;12;12;16;4;5;2;0;21;4.718627561055478;12;5;21;-0.6107017196212142;2;3;6;3;3;3;5;1;11;19;3;6;5;2;4;11;5;6;22;2.8382994086289663
TRACK:546;533;-1;1;6;2;3;1;4;0;4;8;3;4;11;2;6;0;5;2;10;17;3;1;20;-6.819073382968256;13;5;6;0;5;25;6;20;3.278036432268855;1;1;4;3;3;0;1;22;6.307795507334415;19;1;12;12;16;4;5;14;2;3;6;3;1;25;20;7.571397142035719;3;6;5;1;20;-6.931125584769747;13
TRACK:547;535;-1;1;6;2;3;1;4;0;4;8;3;4;11;2;6;0;5;2;10;17;3;1;20;-6.614580123345517;13;5;6;0;5;25;6;20;3.298024991017082;1;1;4;3;3;0;1;22;6.434289968543349;19;1;8;8;16;4;0;5;6;4;7;1.7679003576761652;4;6;2;9;14;2;3;6;3;1;25;20;7.782204879165454;3;6;19
TRACK:548;537;-1;1;6;2;3;1;4;0;4;8;12;2;6;0;4;2;20;6.120898905834952;15;3;1;20;-6.871598449728131;13;5;6;0;5;25;6;20;3.2440039083340833;1;1;4;3;3;0;1;22;6.177496773244988;19;20;7.69664876751333;16;4;5;2;0;6;4;8;12;5;21;-0.4755188197455486;2;3;6;3;1;5;2;10;17;20;7.764402948119394;3;6;5;2;0;4;14;3;19;5;6;22;2.7910130567114253
TRACK:549;539;-1;1;6;2;3;1;4;0;4;8;3;4;11;2;6;0;5;2;10;17;3;1;20;-6.668583065232641;13;5;6;0;5;25;6;20;3.247155119234313;1;1;4;6;22;3.063610109413165;16;4;5;2;0;21;4.7902463048676855;12;5;21;-0.657172692731352;2;3;6;3;1;4;21;6.182523460681836;20;7.653739533599798;3;6;5;2;4;11;5;6;22;2.8344961713347
EVAL_INSTANCE:27:0:540
EVAL_INSTANCE:27:1:541
EVAL_INSTANCE:27:2:542
EVAL_INSTANCE:27:3:543
EVAL_INSTANCE:27:4:544
EVAL_INSTANCE:27:5:545
EVAL_INSTANCE:27:6:546
EVAL_INSTANCE:27:7:547
EVAL_INSTANCE:27:8:548
EVAL_INSTANCE:27:9:549
RUN_RESULT:27:0:0:2000:----
RUN_RESULT:27:1:0:2000:----
RUN_RESULT:27:2:0:640:URRRUUDDRUUDDD
RUN_RESULT:27:3:0:1069:URRRUDRUUDLUDDRD
RUN_RESULT:27:4:0:246:RRURUUDDRUULLLDLDDLDDDRRRRRUUU
RUN_RESULT:27:5:0:293:RRURUUDDRUUDDRUDDL
RUN_RESULT:27:6:0:1069:URRRUDRUUDLUDDRD
RUN_RESULT:27:7:0:724:RRURUDRUUDLUDDRD
RUN_RESULT:27:8:0:2000:----
RUN_RESULT:27:9:0:236:URRRUUDDRUURDDDL
    28 |      280 | -3.872800E+03 | -3.893000E+03
TRACK:550;520;509;1;6;2;3;1;4;0;4;8;3;4;11;2;6;0;5;2;10;17;3;1;20;-6.7516949862921924;13;5;6;0;5;25;6;20;3.301563763921177;1;1;4;3;3;0;1;22;6.491882729932045;19;1;8;8;16;4;0;5;2;10;17;3;3;1;25;20;7.609797854070674;2;3;6;3;1;25;20;7.649427381991235;3;6;5;0;23;8.604481981893171;19
TRACK:551;520;509;1;6;2;3;1;4;3;4;11;2;6;0;5;2;10;17;3;1;20;-6.709734108361005;13;5;6;0;5;25;6;20;3.312624657314798;1;1;4;3;3;0;1;22;6.5217732131379815;19;1;12;8;16;4;0;5;2;10;17;3;1;20;-6.9937260507827474;13;2;3;6;3;1;25;20;7.609797854070674;3;6;5;0;23;8.58743095601135;19
TRACK:552;460;423;1;6;2;3;1;4;0;4;8;3;4;11;2;6;0;5;2;10;17;3;1;20;-6.827187295610043;13;5;6;0;5;25;6;20;3.319981679712406;6;22;2.8185362895527035;2;3;6;3;1;25;20;7.615412047419997;3;6;5;2;4;11;5;6;22;2.812701359313766
TRACK:553;460;423;1;6;2;3;1;4;0;4;8;3;4;11;2;6;5;25;5;6;0;5;25;6;20;3.2919362709344986;1;1;4;3;3;0;1;22;6.409327661716413;19;1;12;12;16;4;5;2;0;21;4.803988354053455;12;5;21;-0.610292623324417;2;3;6;3;1;25;20;7.760214732739065;3;6;5;2;4;11;5;6;22;2.8185362895527035
TRACK:554;482;509;1;6;2;3;1;4;0;4;8;3;4;11;2;6;0;5;2;10;17;3;1;20;-7.207035707076919;13;5;6;0;5;25;6;20;3.109431871542845;1;1;4;3;3;0;1;22;6.4881504701168895;19;1;11;12;16;4;5;2;0;4;8;12;5;21;-0.5343141912771958;2;3;6;3;1;5;2;10;17;2;5;1;6;11;4;22;-0.837299119875512;0;1;4;23;-8.582176134582927;3;18;1;5;23;6.0109237225093395;2;13;22;6.015820972126484;3;13
TRACK:555;482;509;1;6;2;3;1;4;0;4;8;3;4;11;2;6;0;5;2;10;17;3;1;20;-6.709734108361005;13;5;6;0;5;25;6;20;3.312624657314798;1;1;4;3;3;0;1;22;6.5217732131379815;10;1;12;8;16;4;0;5;2;10;17;3;1;20;-6.9937260507827474;13;2;3;6;3;1;25;20;7.609797854070674;3;6;5;0;23;8.58743095601135;19
TRACK:556;302;423;1;6;2;3;1;4;0;4;8;3;4;11;2;6;0;5;2;10;17;3;1;20;-6.943826070693027;13;5;6;0;5;25;6;20;3.3615395587328676;1;1;4;3;3;0;1;22;6.399832746373807;19;1;11;12;16;4;5;2;0;21;4.739533852404633;12;5;21;-0.6691060761028407;6;3;1;25;20;7.760214732739065
TRACK:557;302;423;1;6;2;3;1;4;0;4;8;3;4;11;2;6;0;5;2;10;17;3;1;20;-6.759363721232846;13;5;6;0;5;25;6;20;3.2919362709344986;1;1;4;3;3;0;1;22;6.409327661716413;19;1;12;12;16;4;5;2;0;21;4.803988354053455;12;5;21;-0.610292623324417;2;3;6;3;1;25;20;7.760214732739065;3;6;5;2;4;6;22;2.9437140668782424;5;6;22;2.8185362895527035
TRACK:558;520;501;1;6;2;3;1;4;0;4;8;3;4;11;2;6;0;5;2;10;17;3;1;20;-6.7516949862921924;13;5;6;0;5;25;6;20;3.301563763921177;1;1;4;3;3;0;1;22;6.491882729932045;19;1;8;8;16;4;0;5;2;10;17;3;1;20;-7.101452010518664;13;2;3;6;3;1;25;20;7.649427381991235;3;6;3;1;20;-7.253290983481557;13
TRACK:559;520;501;1;6;2;3;1;4;8;2;6;0;5;2;10;17;3;1;20;-7.253290983481557;13;5;6;0;5;25;6;20;2.961675038621417;1;1;4;3;3;0;1;22;6.387035345178846;19;1;11;12;16;4;5;2;0;4;8;12;5;21;-0.5669686032299525;2;3;6;3;1;5;2;10;17;2;5;1;6;11;4;22;-0.8078115420478041;0;1;4;10;3;18;1;5;23;6.05666064578986;2;17;22;6.091378753414424;3;6;5;2;0;5;21;-0.8985880968986534;3;19;5;6;22;2.9971900030886416
TRACK:560;550;-1;1;6;2;3;1;4;0;4;5;7;-8.038316597452365;3;4;11;2;6;0;5;2;10;17;3;1;20;-6.724380544547854;13;5;6;0;5;25;6;20;3.298923927819958;1;1;4;3;3;0;1;22;6.573647641637162;19;1;8;8;16;4;0;5;2;10;17;3;3;1;25;20;7.64384790959223;2;3;6;3;1;25;20;7.6137872656488765;3;6;5;0;23;8.510256282888045;19
TRACK:561;552;-1;1;6;2;3;1;4;0;4;0;1;17;8;5;20;1.3390295942481067;3;4;11;2;6;0;5;2;10;17;3;1;20;-6.775974507125748;13;5;6;0;5;25;6;20;3.386116298273174;6;22;2.646099843586455;2;3;6;3;1;25;20;7.744564584073551;3;6;5;2;4;11;5;6;22;2.926117880559056
TRACK:562;554;-1;1;6;2;3;0;3;0;0;5;18;3;22;8.712448515736448;6;0;21;1.8363454625324174;21;-0.7906636775512492;2;1;2;1;13;25;4;24;5;6;9;0;3;6;14;6;6;23;9.461302455428456;1;1;4;3;3;0;1;22;6.534116661049008;19;1;11;12;16;4;5;2;0;4;8;12;5;21;-0.6716741324027113;2;3;6;3;1;5;2;10;17;2;5;1;6;11;4;22;-0.9215651876116313;0;1;4;23;-8.365164837625574;3;18;1;5;23;5.872682412764536;2;13;22;5.900252331272429;3;13
TRACK:563;556;-1;1;6;2;3;1;4;0;4;8;3;4;11;2;6;0;5;2;10;17;3;1;20;-7.064180073914739;13;5;6;0;5;25;6;20;3.3051177620642274;1;1;4;3;3;0;1;22;6.437666376254165;19;1;11;13;16;4;5;2;0;21;4.760738206599791;12;5;21;-0.6890837952495725;6;3;1;25;20;7.835284630428778
TRACK:564;558;-1;1;6;2;3;1;4;0;4;8;3;4;11;6;3;1;0;6;14;3;20;3.4070946161023503;5;3;19;1;1;4;3;3;0;1;22;6.482278894095353;19;1;8;8;16;4;0;5;2;10;17;3;1;20;-7.097143481863682;13;2;3;6;3;1;25;20;7.790059148842364;3;6;3;1;20;-7.393138301345741;13
TRACK:565;551;-1;1;6;2;3;1;4;3;4;11;2;6;0;5;2;10;17;3;1;20;-6.617217509379687;13;5;6;0;5;25;6;20;3.3949667277556297;1;1;4;3;3;0;1;22;6.4252414773924675;19;1;12;8;16;4;0;5;2;10;17;3;1;20;-6.843946100767081;13;2;3;6;3;1;3;2;0;0;23;-6.938431265133995;17;0;14;24;6;0;16;12;20;7.688128791129568;3;6;5;0;23;8.757161926784123;19
TRACK:566;553;-1;1;6;2;3;1;4;0;4;8;3;4;11;2;2;6;15;2;22;-5.511278761569165;11;5;6;0;5;25;6;20;3.2390182953489837;1;1;4;3;3;0;1;22;6.363394820270749;19;1;12;12;16;4;5;2;0;21;4.855580589032707;12;5;21;-0.6136223799674416;2;3;6;3;1;25;20;7.784171927678188;3;6;5;2;4;11;5;6;22;2.7043981428737554
TRACK:567;555;-1;1;6;2;3;1;4;0;4;8;3;4;11;2;6;0;5;2;10;17;3;1;20;-6.788144510571507;13;5;6;0;5;25;6;20;3.3667761548040898;1;1;4;3;3;0;1;22;6.461036356894836;10;1;12;8;16;4;0;5;2;10;17;3;1;20;-7.013150959382335;13;2;3;6;3;1;25;20;7.560910630819891;3;6;5;0;23;8.576831880441507;0;16;19
TRACK:568;557;-1;1;6;2;3;1;4;0;4;8;3;4;11;2;6;0;5;2;11;17;3;1;20;-6.701342617267282;13;5;6;0;5;25;6;20;3.2176361023150135;1;1;4;3;3;0;1;22;6.507027208358735;19;1;12;12;16;4;5;2;0;21;4.794980523077922;12;5;21;-0.7629138635176206;2;3;6;3;1;25;20;7.849965715036267;3;6;5;2;4;6;22;3.0284046048023634;5;6;22;2.845873283249191
TRACK:569;559;-1;1;6;2;3;1;4;8;2;6;0;5;2;10;17;3;1;20;-7.480707706782533;13;5;6;0;5;25;6;20;2.794101298109566;1;1;4;3;3;0;1;22;6.305799572777289;19;1;11;12;16;4;5;2;0;4;8;12;5;21;-0.6521536255152431;2;3;6;3;1;5;2;10;17;2;5;1;6;11;4;22;-0.8089250589734726;0;1;4;10;3;18;1;5;23;6.1477796456541265;2;25;22;6.047377766154381;3;6;5;2;0;5;21;-0.7950127093586457;3;19;5;6;22;3.0027463946467905
EVAL_INSTANCE:28:0:560
EVAL_INSTANCE:28:1:561
EVAL_INSTANCE:28:2:562
EVAL_INSTANCE:28:3:563
EVAL_INSTANCE:28:4:564
EVAL_INSTANCE:28:5:565
EVAL_INSTANCE:28:6:566
EVAL_INSTANCE:28:7:567
EVAL_INSTANCE:28:8:568
EVAL_INSTANCE:28:9:569
RUN_RESULT:28:0:0:1213:RRURUUDDRUUDDD
RUN_RESULT:28:1:0:1037:DLDDRRRRRRUUUULUURDDDDDLULUUUUDDRD
RUN_RESULT:28:2:0:2000:----
RUN_RESULT:28:3:0:1069:URRRUDRUUDLUDDRD
RUN_RESULT:28:4:0:2000:----
RUN_RESULT:28:5:0:1213:RRURUUDDRUUDDD
RUN_RESULT:28:6:0:2000:----
RUN_RESULT:28:7:0:225:URRRUUDDRUUDDLD
RUN_RESULT:28:8:0:2000:----
RUN_RESULT:28:9:0:115:RRURUUDDRUUDDD
    29 |      290 | -3.877100E+03 | -3.893000E+03
TRACK:570;423;501;1;6;2;3;1;4;0;4;8;3;4;11;2;6;0;5;2;10;17;3;1;20;-6.759363721232846;13;5;6;0;5;25;6;20;3.2919362709344986;1;2;0;4;8;12;5;21;-0.5669686032299525;4;5;2;0;21;4.803988354053455;12;5;21;-0.610292623324417;2;3;6;3;1;25;20;7.760214732739065;3;6;5;2;4;11;5;6;22;2.8185362895527035
TRACK:571;423;501;1;6;2;3;1;4;8;2;6;0;5;2;10;17;3;1;20;-7.253290983481557;13;5;6;0;5;25;6;20;2.961675038621417;1;1;4;3;3;0;1;22;6.387035345178846;19;1;11;12;16;4;5;2;0;4;8;12;5;21;-0.5669686032299525;2;3;6;3;1;5;2;10;17;2;5;1;6;11;4;22;-0.8078115420478041;0;1;4;23;-8.59435846596767;3;18;1;5;23;6.05666064578986;21;-0.610292623324417;3;6;5;2;0;5;21;-0.8985880968986534;3;19;5;6;22;2.9971900030886416
TRACK:572;569;520;1;6;2;3;1;4;0;23;8.604481981893171;19;2;6;0;5;2;10;17;3;1;20;-7.480707706782533;13;5;6;0;5;25;6;20;2.794101298109566;1;1;4;3;3;0;1;22;6.305799572777289;19;1;11;12;16;4;5;2;0;4;8;12;5;21;-0.6521536255152431;2;3;6;3;1;5;2;10;17;2;5;1;6;11;4;22;-0.8089250589734726;0;1;4;10;3;18;1;5;23;6.1477796456541265;2;25;22;6.047377766154381;3;6;5;2;0;5;21;-0.7950127093586457;3;19;5;6;22;3.0027463946467905
TRACK:573;569;520;1;6;2;3;1;4;0;4;8;3;4;11;2;6;0;5;2;10;17;3;1;20;-6.7516949862921924;13;5;6;0;5;25;6;20;3.301563763921177;1;1;4;3;3;0;1;22;6.491882729932045;19;1;8;8;16;4;5;2;0;4;8;12;5;21;-0.6521536255152431;2;3;6;3;1;25;20;7.649427381991235;3;6;5;0;23;8.604481981893171;19
TRACK:574;460;520;1;6;2;3;13;1;1;4;3;3;0;1;22;6.365516911866599;19;1;12;8;16;4;5;14;2;3;6;3;1;25;20;7.615412047419997;3;6;5;2;4;11;5;6;22;2.812701359313766
TRACK:575;460;520;1;6;2;3;1;4;0;4;8;3;4;11;2;6;0;5;2;10;17;3;1;20;-6.7516949862921924;13;5;6;0;5;25;6;20;3.301563763921177;1;1;4;3;3;0;1;22;6.491882729932045;19;1;8;8;16;4;0;5;2;10;17;3;1;20;-7.101452010518664;13;2;3;6;3;1;25;20;7.649427381991235;3;6;5;6;0;5;25;6;20;3.319981679712406
TRACK:576;423;569;1;6;2;3;1;4;0;4;8;3;4;11;2;6;0;5;2;10;17;3;1;20;-6.759363721232846;13;5;6;6;20;2.794101298109566;1;1;4;3;3;0;1;22;6.409327661716413;19;1;12;12;16;4;5;2;0;21;4.803988354053455;12;5;21;-0.610292623324417;2;3;6;3;1;25;20;7.760214732739065;3;6;5;2;4;11;5;6;22;2.8185362895527035
TRACK:577;423;569;1;6;2;3;1;4;8;2;6;0;5;2;10;17;3;1;20;-7.480707706782533;13;5;6;0;5;25;6;20;2.794101298109566;1;1;4;3;3;0;1;22;6.305799572777289;19;1;11;12;16;4;5;2;0;4;8;12;5;21;-0.6521536255152431;2;3;6;12;3;6;5;2;0;5;21;-0.7950127093586457;3;19;5;6;22;3.0027463946467905
TRACK:578;509;302;1;6;2;3;1;4;0;4;8;3;4;11;2;6;0;5;2;10;17;3;1;20;-6.709734108361005;13;5;6;0;5;25;6;20;3.312624657314798;1;1;4;3;3;0;1;22;6.5217732131379815;19;1;12;8;16;4;0;5;2;10;17;3;1;20;-6.9937260507827474;17;2;3;6;3;1;25;20;7.609797854070674;3;6;5;0;23;8.58743095601135;19
TRACK:579;509;302;1;6;2;3;1;4;0;4;8;3;4;11;2;6;0;5;20;3.312624657314798;3;1;20;-6.943826070693027;13;5;6;0;5;25;6;20;3.3615395587328676;1;1;4;3;3;0;1;22;6.399832746373807;19;1;11;12;16;4;5;2;0;21;4.739533852404633;12;5;21;-0.6691060761028407;2;3;6;3;1;25;20;7.806000508227797;3;6;5;2;0;4;14;3;19;5;6;22;2.9437140668782424
TRACK:580;570;-1;1;6;2;3;1;4;0;4;8;3;4;11;2;6;0;5;2;10;17;3;1;20;-6.527713379281717;13;5;6;0;5;25;6;20;3.272057941060932;1;2;0;4;3;2;12;8;12;5;21;-0.4363489742178501;4;5;2;0;21;4.891692946558555;12;5;21;-0.7140860134462863;2;3;6;3;1;25;20;7.97636143542614;3;6;5;2;4;11;5;6;22;2.757981183518679
TRACK:581;572;-1;1;6;2;3;1;4;0;23;8.469468579653995;19;2;6;0;5;2;10;17;3;1;20;-7.477078549156512;13;5;6;0;5;25;6;20;2.737173397609998;1;1;4;3;3;0;1;22;6.424428748734213;19;1;11;12;16;4;5;2;0;4;8;12;5;21;-0.7893243727916285;2;3;6;3;1;4;8;2;5;1;6;11;4;22;-0.7183930282001777;0;1;4;10;3;18;1;5;23;6.14385154925104;2;25;22;6.002986349668081;3;6;5;2;0;5;21;-0.8441851755384737;3;19;5;6;22;2.9391720363706693
TRACK:582;574;-1;1;6;2;3;13;1;1;4;3;3;0;5;7;6.088466503224893;1;12;8;16;4;5;14;2;3;6;3;1;25;20;7.60023863585337;3;6;5;2;4;11;5;6;22;2.8270928723916966
TRACK:583;423;-1;1;6;2;3;1;4;0;4;8;3;4;11;2;6;0;5;2;10;17;3;1;20;-6.719417641991452;13;5;6;0;5;25;6;20;3.281812142444292;1;1;4;3;3;0;1;22;6.359107928723523;19;1;12;12;16;4;5;2;0;21;4.656863064184262;12;5;21;-0.6102620223980871;2;3;6;3;1;25;20;7.693294553636974;6;2;18;13
TRACK:584;578;-1;1;6;2;3;1;4;0;4;8;3;4;11;2;6;0;5;2;10;17;3;1;20;-6.691611397925501;13;5;6;0;5;25;6;20;3.304684696860999;1;1;4;3;3;0;1;22;6.600478321261475;19;1;12;8;16;4;0;5;2;10;17;3;1;20;-7.115931651487027;17;2;3;6;3;1;25;20;7.493501819618249;3;6;5;0;23;8.590365806676807;6;3;5;6;8
TRACK:585;571;-1;1;6;2;3;1;4;8;2;6;0;5;2;10;17;3;1;20;-7.449994492679961;13;5;4;4;16;1;1;4;3;3;0;1;22;6.231571264575169;19;1;11;12;16;4;5;2;0;4;8;12;5;21;-0.44169856367836535;2;3;6;3;1;5;2;10;17;2;5;1;6;11;4;22;-0.8039497043535323;0;1;4;23;-8.688342552452784;3;18;1;5;23;6.125081874354184;21;-0.742050767614084;3;6;5;2;0;5;21;-0.8996324992050888;3;19;5;6;22;2.9479813222642686
TRACK:586;573;-1;1;6;2;3;1;4;0;4;8;3;4;11;2;6;0;5;2;10;17;3;1;20;-6.860639663296395;13;5;6;0;5;25;6;20;3.23961676196643;1;1;4;3;3;0;1;22;6.511304496906642;19;1;8;8;16;4;5;2;0;4;8;12;5;5;15;2;3;6;3;1;25;20;7.337433939168019;3;6;5;0;23;8.864206495697234;19
TRACK:587;575;-1;1;6;2;3;1;4;0;4;8;3;4;11;2;6;0;5;2;10;17;3;1;20;-6.979110634896355;13;5;6;0;5;25;6;20;3.2835440037846513;1;1;4;3;3;0;1;22;6.410983458663303;19;1;8;8;16;4;0;5;2;10;17;3;1;20;-7.006354341581832;13;2;3;6;3;1;25;20;7.739591905853008;3;6;5;6;0;0;8;24;6;20;3.118342136200845
TRACK:588;569;-1;1;6;2;3;1;4;8;2;6;0;5;2;10;17;3;1;20;-7.522887212926646;13;5;6;3;6;23;-0.9399789454512977;1;1;4;3;3;0;1;22;6.479400353196162;19;1;11;12;16;4;5;2;0;4;8;12;5;21;-0.6025368380647559;2;3;6;3;1;5;2;10;17;2;5;1;6;11;4;22;-0.8673841124947194;0;1;4;10;3;18;1;5;23;5.9146476850961935;2;25;22;6.029935657609543;3;6;5;2;0;5;21;-0.8379257534297045;3;19;5;6;22;2.934813501300222
TRACK:589;579;-1;1;6;2;3;1;4;0;4;8;3;2;16;12;2;6;0;5;20;3.165162859620514;3;1;20;-7.037393390247817;13;5;6;0;5;25;6;20;3.2971206013043637;1;1;4;3;3;0;1;22;6.402972436876002;19;1;11;12;16;4;5;2;0;21;4.77006373918536;12;5;21;-0.6556119696641142;2;3;6;3;1;25;20;7.740500535837356;3;6;5;2;0;4;14;3;19;5;6;22;2.9247659377924333
EVAL_INSTANCE:29:0:580
EVAL_INSTANCE:29:1:581
EVAL_INSTANCE:29:2:582
EVAL_INSTANCE:29:3:583
EVAL_INSTANCE:29:4:584
EVAL_INSTANCE:29:5:585
EVAL_INSTANCE:29:6:586
EVAL_INSTANCE:29:7:587
EVAL_INSTANCE:29:8:588
EVAL_INSTANCE:29:9:589
RUN_RESULT:29:0:0:2000:----
RUN_RESULT:29:1:0:2000:----
RUN_RESULT:29:2:0:2000:----
RUN_RESULT:29:3:0:1069:URRRUDRUUDLUDDRD
RUN_RESULT:29:4:0:116:RRURUUDDRUUDDD
RUN_RESULT:29:5:0:173:RRURUUDDRUUDDRUDDL
RUN_RESULT:29:6:0:226:URRRUUDDRUUDDD
RUN_RESULT:29:7:0:116:RRURUUDDRUUDDD
RUN_RESULT:29:8:0:2000:----
RUN_RESULT:29:9:0:2000:----
    30 |      300 | -3.884600E+03 | -3.893000E+03
TRACK:590;460;423;1;6;2;3;1;4;0;4;8;3;4;11;2;6;0;5;2;10;17;3;1;20;-6.827187295610043;13;5;6;0;5;25;6;20;3.319981679712406;1;1;4;3;3;0;1;22;6.365516911866599;19;1;12;8;16;4;5;14;2;3;6;3;1;25;20;7.615412047419997;3;6;5;3;1;20;-6.759363721232846;13
TRACK:591;460;423;1;6;2;3;1;4;0;4;8;3;4;11;2;6;0;5;2;10;17;3;1;20;-6.759363721232846;13;5;6;0;5;25;6;20;3.2919362709344986;1;1;4;3;3;0;1;22;6.409327661716413;19;1;12;12;16;4;5;2;0;4;8;12;5;21;-0.610292623324417;2;3;6;3;1;25;20;7.760214732739065;3;6;5;2;4;11;5;6;22;2.8185362895527035
TRACK:592;482;569;1;6;3;1;5;2;10;17;2;5;1;6;11;4;22;-0.8089250589734726;0;1;4;10;3;18;1;5;23;6.1477796456541265;2;25;22;6.047377766154381;2;3;6;3;1;5;2;10;17;2;5;1;6;11;4;22;-0.837299119875512;0;1;4;23;-8.582176134582927;3;18;1;5;23;6.0109237225093395;2;13;22;6.015820972126484;3;6;5;2;0;5;21;-0.8143049827022064;3;19;5;6;22;3.027024001380279
TRACK:593;482;569;1;6;2;3;1;4;8;2;6;0;5;2;10;17;3;1;20;-7.480707706782533;13;5;6;0;5;25;6;20;2.794101298109566;1;1;4;3;3;0;1;22;6.305799572777289;19;1;11;12;16;4;5;2;0;4;8;12;2;13;22;6.015820972126484;2;3;6;3;1;5;2;10;17;2;5;1;6;11;4;22;-0.8089250589734726;0;1;4;10;3;18;1;5;23;6.1477796456541265;2;25;22;6.047377766154381;3;6;5;2;0;5;21;-0.7950127093586457;3;19;5;6;22;3.0027463946467905
TRACK:594;584;509;1;6;2;3;1;4;0;4;8;3;4;11;2;6;0;5;2;10;17;3;1;20;-6.691611397925501;13;5;6;0;20;7.609797854070674;6;20;3.304684696860999;1;1;4;3;3;0;1;22;6.600478321261475;19;1;12;8;16;4;0;5;2;10;17;3;1;20;-7.115931651487027;17;2;3;6;3;1;25;20;7.493501819618249;3;6;5;0;23;8.590365806676807;6;3;5;6;8
TRACK:595;584;509;1;6;2;3;1;4;0;4;8;3;4;11;2;6;0;5;2;10;17;3;1;20;-6.709734108361005;13;5;6;0;5;25;6;20;3.312624657314798;1;1;4;3;3;0;1;22;6.5217732131379815;19;1;12;8;16;4;0;5;2;10;17;8;2;3;6;3;1;25;20;7.609797854070674;3;6;5;0;23;8.58743095601135;19
TRACK:596;569;423;1;6;2;3;1;4;8;2;6;0;5;2;10;17;3;1;20;-7.480707706782533;13;5;6;0;5;25;6;20;2.794101298109566;1;1;4;3;3;0;1;22;6.305799572777289;19;1;16;12;16;4;5;2;0;4;8;12;5;21;-0.6521536255152431;2;3;6;3;1;5;2;10;17;2;5;1;6;11;4;22;-0.8089250589734726;0;1;4;10;3;18;1;5;23;6.1477796456541265;2;25;22;6.047377766154381;3;6;5;2;0;5;21;-0.7950127093586457;3;19;5;6;22;3.0027463946467905
TRACK:597;569;423;1;6;2;3;1;4;0;4;8;3;4;11;2;6;0;5;2;10;17;3;1;20;-6.759363721232846;13;5;6;0;5;25;6;20;3.2919362709344986;1;1;4;3;3;0;1;22;6.409327661716413;19;1;12;12;16;4;5;2;0;21;4.803988354053455;12;5;21;-0.610292623324417;2;3;6;3;1;25;13;3;6;5;2;4;11;5;6;22;2.8185362895527035
TRACK:598;520;587;1;6;2;3;1;4;0;4;8;3;4;11;2;6;0;5;2;10;17;3;1;20;-6.7516949862921924;13;5;6;0;5;25;6;20;3.301563763921177;1;1;4;3;3;0;8;1;8;8;16;4;0;5;2;10;17;3;1;20;-7.101452010518664;13;2;3;6;3;1;25;20;7.649427381991235;3;6;5;0;23;8.604481981893171;19
TRACK:599;520;587;1;6;2;3;1;4;0;4;8;3;4;11;2;6;0;5;2;10;17;3;1;20;-6.979110634896355;13;5;6;0;5;25;6;20;3.2835440037846513;1;1;4;3;3;0;1;22;6.410983458663303;19;1;8;8;16;4;0;4;8;3;1;20;-7.006354341581832;13;2;3;6;3;1;25;20;7.739591905853008;3;6;5;6;0;0;8;24;6;20;3.118342136200845
TRACK:600;590;-1;1;6;2;3;1;4;0;4;8;3;4;11;2;6;0;5;2;10;14;3;1;20;-7.1010962423965855;13;5;6;0;5;25;6;20;3.3111540114869564;1;1;4;3;3;0;1;22;6.214121166577714;19;1;12;8;16;4;5;14;2;3;6;3;1;25;20;7.759091285033736;3;6;5;3;1;20;-6.7603258326529945;13
TRACK:601;592;-1;1;6;3;1;5;2;10;17;2;5;1;6;11;4;22;-0.7852899656845409;0;1;4;10;3;18;1;5;23;6.216275694812302;2;25;22;6.262105402721416;2;1;0;5;1;2;5;16;0;21;-8.362890465871192;8;0;3;23;0.5377212092779171;2;15;22;9.170020438478588;1;5;4;3;15;0;2;1;17;25;6;19;5;3;23;8.26326007416155;1;4;2;2;2;23;-1.117628492048235;24;5;23;-3.5898938179230093;1;1;21;5.070860697760066;22;-3.6225158927591057;6;7;-7.199716733473361;0;2;3;6;11;0;2;21;-3.782412940696826;14;2;7;4.95311281267799;10;6;1;2;25;11;5;20;2.1971960577462273;3;6;5;2;0;5;21;-0.7256342007615013;3;19;5;6;22;3.0020236123477173
TRACK:602;594;-1;1;6;2;3;1;4;0;4;8;3;4;11;2;6;0;5;2;10;17;3;1;20;-6.487076451683189;13;5;0;7;-2.7671650585839576;16;1;1;4;3;3;0;1;22;6.683176507257986;19;1;12;8;16;4;0;5;2;10;17;3;1;20;-6.996914559738837;17;2;3;6;3;1;25;20;7.46483733321518;3;6;5;0;23;8.477488211859313;6;3;5;6;8
TRACK:603;596;-1;1;6;2;3;1;4;8;2;6;0;5;2;10;17;3;1;20;-7.405594021478611;13;5;6;0;5;25;6;20;2.7055551525611152;1;4;1;4;3;20;-2.5227062619905416;1;3;7;-4.237988911738468;4;19;4;5;2;0;4;8;12;5;21;-0.6317463519001777;2;3;6;3;1;5;2;10;17;2;5;1;6;11;4;22;-0.6755313912643139;0;1;4;10;3;18;1;5;23;6.174402799003088;2;25;22;6.208083125865681;3;6;5;2;0;5;21;-0.799583274999483;3;19;5;6;22;2.918932206063762
TRACK:604;598;-1;1;6;2;3;1;4;0;4;8;3;4;11;2;6;0;5;2;10;17;3;1;20;-6.729315888283445;13;5;6;0;5;25;6;20;3.213477076351549;1;1;4;3;3;0;8;1;8;8;16;4;0;5;2;10;17;3;1;20;-7.091301413485734;13;2;3;6;3;1;25;6;0;1;4;8;6;16;2;0;13;15;2;22;-1.34719893131866;14;3;6;5;0;23;8.482876592143358;19
TRACK:605;591;-1;1;6;2;3;1;4;0;4;8;3;4;11;2;6;0;5;2;10;17;3;1;20;-6.74337620946948;13;5;6;0;5;25;6;20;3.2300828225830593;1;1;4;3;3;0;1;22;6.351933220385862;19;1;12;12;16;4;5;2;0;4;8;12;5;21;-0.48955944125098816;1;5;3;4;15;0;1;3;19;5;11;1;4;14;4;8
TRACK:606;593;-1;1;6;2;3;1;4;8;2;6;0;5;2;10;17;5;21;8.493421823117536;5;6;0;5;25;6;20;2.9233048621159288;1;1;4;3;3;0;1;22;6.369965442366358;19;1;11;12;16;4;5;2;0;4;8;12;2;13;22;6.177195528788457;2;3;6;3;1;5;2;10;17;2;5;1;6;11;4;22;-0.8413132303900964;0;1;4;10;3;18;1;5;23;6.1860378710954835;2;25;22;6.057481592683444;3;6;5;2;0;5;21;-0.6760551994787796;3;19;5;6;22;2.994468970475253
TRACK:607;595;-1;1;6;2;3;1;4;0;4;8;3;4;11;2;6;0;5;2;10;17;3;1;22;9.551293794394361;13;5;6;0;5;25;6;20;3.2726298951015345;1;1;4;3;3;0;1;22;6.526850784514965;19;1;12;8;16;4;0;5;2;10;17;8;2;3;6;3;1;25;20;7.5677008054150745;3;6;5;0;23;8.493783282785786;19
TRACK:608;597;-1;1;6;2;3;3;0;2;2;1;1;18;12;1;24;12;3;2;18;11;5;4;1;9;15;6;1;2;1;14;21;-1.013074534752782;6;23;-0.9941126745389219;0;0;19;11;4;25;1;1;4;3;3;0;1;22;6.367788635865613;19;1;12;12;16;4;5;2;0;21;4.559137938084782;12;5;21;-0.5453201374660759;2;3;6;3;1;25;13;3;6;5;2;4;11;5;6;22;2.7715232663036566
TRACK:609;599;-1;1;6;2;3;1;4;0;4;8;3;4;11;2;6;0;5;2;10;17;3;1;20;-7.005369063348943;13;5;6;0;5;25;6;20;3.3878153088526646;1;1;4;3;3;0;1;22;6.462604123950248;19;1;8;8;16;4;0;4;8;3;1;20;-6.866599755573406;13;2;3;6;3;1;25;2;10;16;3;6;5;6;0;0;8;24;6;20;3.223516172265791
EVAL_INSTANCE:30:0:600
EVAL_INSTANCE:30:1:601
EVAL_INSTANCE:30:2:602
EVAL_INSTANCE:30:3:603
EVAL_INSTANCE:30:4:604
EVAL_INSTANCE:30:5:605
EVAL_INSTANCE:30:6:606
EVAL_INSTANCE:30:7:607
EVAL_INSTANCE:30:8:608
EVAL_INSTANCE:30:9:609
RUN_RESULT:30:0:0:1069:URRRUDRUUDLUDDRD
RUN_RESULT:30:1:0:2000:----
RUN_RESULT:30:2:0:116:RRURUUDDRUUDDD
RUN_RESULT:30:3:0:200:URRRUUDDRUUDDD
RUN_RESULT:30:4:0:284:URRRUUDDRUULLLDLDDLDDDRRRRRUUU
RUN_RESULT:30:5:0:2000:----
RUN_RESULT:30:6:0:115:RRURUUDDRUUDDD
RUN_RESULT:30:7:0:116:RRURUUDDRUUDDD
RUN_RESULT:30:8:0:72:RRURUUDDRUURDDDDUL
RUN_RESULT:30:9:0:259:URRRUUDDRUURDDDL
    31 |      310 | -3.889500E+03 | -3.928000E+03
TRACK:610;423;608;1;6;2;3;5;4;1;9;15;1;1;4;3;3;0;1;22;6.409327661716413;19;1;12;12;16;4;5;2;0;21;4.803988354053455;12;5;21;-0.610292623324417;2;3;6;3;1;25;20;7.760214732739065;3;6;5;2;4;11;5;6;22;2.8185362895527035
TRACK:611;423;608;1;6;2;3;3;0;2;2;1;1;18;12;1;24;12;3;2;18;11;5;4;1;9;15;13;1;1;4;3;3;0;1;22;6.367788635865613;19;1;12;12;16;4;5;2;0;21;4.559137938084782;12;5;21;-0.5453201374660759;2;3;6;3;1;25;13;3;6;5;2;4;11;5;6;22;2.7715232663036566
TRACK:612;606;460;1;6;2;3;1;4;8;2;6;0;5;2;10;17;5;21;8.493421823117536;5;6;0;5;25;6;20;2.9233048621159288;1;1;4;3;3;0;1;22;6.369965442366358;19;1;11;12;16;4;5;2;0;4;8;12;2;13;22;6.177195528788457;2;3;6;3;1;5;2;10;17;2;5;1;25;20;7.615412047419997;0;1;4;10;3;18;1;5;23;6.1860378710954835;2;25;22;6.057481592683444;3;6;5;2;0;5;21;-0.6760551994787796;3;19;5;6;22;2.994468970475253
TRACK:613;606;460;1;5;2;10;17;2;3;6;3;1;25;20;7.615412047419997;3;6;5;2;4;11;5;6;22;2.812701359313766
TRACK:614;509;423;1;6;2;3;1;4;0;4;8;3;4;11;2;6;0;5;2;10;17;12;5;6;0;5;25;6;20;3.312624657314798;1;1;4;3;3;0;1;22;6.5217732131379815;19;1;12;8;16;4;0;5;2;10;17;3;1;20;-6.9937260507827474;13;2;3;6;3;1;25;20;7.609797854070674;3;6;5;0;23;8.58743095601135;19
TRACK:615;509;423;1;6;2;3;1;4;0;4;8;3;4;11;2;6;0;5;2;10;17;3;1;20;-6.759363721232846;13;5;6;0;5;25;6;20;3.2919362709344986;1;1;4;3;3;0;1;8;19;1;12;12;16;4;5;2;0;21;4.803988354053455;12;5;21;-0.610292623324417;2;3;6;3;1;25;20;7.760214732739065;3;6;5;2;4;11;5;6;22;2.8185362895527035
TRACK:616;608;302;1;6;2;3;3;0;2;2;1;1;18;12;1;24;12;3;2;18;11;1;25;20;7.806000508227797;6;1;2;1;14;21;-1.013074534752782;6;23;-0.9941126745389219;0;0;19;11;4;25;1;1;4;3;3;0;1;22;6.367788635865613;19;1;12;12;16;4;5;2;0;21;4.559137938084782;12;5;21;-0.5453201374660759;2;3;6;3;1;25;13;3;6;5;2;4;11;5;6;22;2.7715232663036566
TRACK:617;608;302;1;6;2;3;1;4;0;4;8;3;4;11;2;6;0;5;2;10;17;3;1;20;-6.943826070693027;13;5;6;0;5;25;6;20;3.3615395587328676;1;1;4;3;3;0;1;22;6.399832746373807;13;1;11;12;16;4;5;2;0;21;4.739533852404633;12;5;21;-0.6691060761028407;2;3;6;3;1;25;20;7.806000508227797;3;6;5;2;0;4;14;3;19;5;6;22;2.9437140668782424
TRACK:618;520;606;1;6;2;3;1;4;0;4;8;3;4;11;2;6;0;1;11;12;3;1;20;-6.7516949862921924;13;5;6;0;5;25;6;20;3.301563763921177;1;1;4;3;3;0;1;22;6.491882729932045;19;1;8;8;16;4;0;5;2;10;17;3;1;20;-7.101452010518664;13;2;3;6;3;1;25;20;7.649427381991235;3;6;5;0;23;8.604481981893171;19
TRACK:619;520;606;1;6;2;3;1;4;8;2;6;0;5;2;10;17;5;21;8.493421823117536;5;6;0;5;25;6;20;2.9233048621159288;1;1;4;3;3;0;1;22;6.369965442366358;19;1;11;12;16;4;20;3.301563763921177;2;3;6;3;1;5;2;10;17;2;5;1;6;11;4;22;-0.8413132303900964;0;1;4;10;3;18;1;5;23;6.1860378710954835;2;25;22;6.057481592683444;3;6;5;2;0;5;21;-0.6760551994787796;3;19;5;6;22;2.994468970475253
TRACK:620;610;-1;1;6;2;3;5;4;1;9;15;1;1;4;3;3;0;1;22;6.399823523208727;19;1;12;12;16;4;5;2;0;21;4.931545428921354;12;5;21;-0.7081628976204677;2;3;6;3;1;25;20;7.786500754774824;3;6;5;2;4;6;17;5;6;22;2.74575815613707
TRACK:621;612;-1;1;6;2;3;1;4;8;2;6;0;5;2;10;17;5;21;8.46386694283931;5;6;0;5;25;6;20;3.026505577117279;1;1;4;3;3;0;1;22;6.373577271791639;19;1;11;12;16;4;5;2;0;4;8;12;2;13;22;6.1148058944139585;2;3;6;3;1;5;2;10;17;2;5;1;25;20;7.468133071958156;0;1;4;10;3;18;1;5;23;6.182565500088463;2;25;22;6.061100963757757;3;6;5;2;0;5;21;-0.6575490261303049;3;19;5;5;19
TRACK:622;614;-1;1;6;2;3;1;4;0;4;8;3;4;11;2;6;0;5;2;10;17;12;5;6;0;5;25;6;20;3.2535211425035953;1;1;4;3;3;0;1;22;6.608817091815594;19;1;21;-9.310505791715215;8;16;4;0;5;2;10;17;3;1;20;-7.038436664359913;13;2;3;6;3;1;25;20;7.735606835576371;3;6;5;0;23;8.708890879611873;19
TRACK:623;616;-1;1;6;2;3;3;0;2;2;1;1;18;18;1;24;12;3;2;18;11;1;25;20;7.755449193079741;6;1;2;1;14;21;-0.8532480756893782;6;23;-1.1003493148011534;0;0;19;11;4;25;1;1;4;3;3;0;1;22;6.409683817002934;19;1;12;12;16;4;5;2;0;21;4.755386673250975;12;5;21;-0.6189280773376814;2;3;6;3;1;25;13;3;6;5;2;4;11;5;6;22;2.5935547170063273
TRACK:624;618;-1;1;6;2;3;1;4;0;4;8;3;4;11;2;6;0;1;11;12;3;1;20;-6.865589331719155;13;2;3;0;23;-6.655827110410682;19;3;3;17;1;1;4;3;3;0;1;22;6.391434011664448;19;1;8;8;16;4;0;5;2;10;17;3;1;20;-7.06953866185293;13;2;3;6;3;1;25;20;7.636374844787706;3;6;5;0;23;8.681359767839302;19
TRACK:625;611;-1;1;6;2;3;3;0;2;2;1;1;18;12;1;24;12;3;2;18;11;5;4;1;9;15;13;1;1;4;3;1;2;0;23;-3.9773409012117167;22;-8.242997159910521;2;22;-9.499784613636033;20;-2.2194715012839357;6;1;17;13;16;4;5;2;0;21;4.423081997016672;12;5;21;-0.5847010995923283;2;3;6;3;1;25;13;3;6;5;2;4;11;5;6;22;2.817949086002233
TRACK:626;613;-1;1;5;2;10;17;2;3;6;3;1;25;20;7.469706506297798;3;4;2;6;4;0;7;-2.814278619697463;12;1;2;3;9;4;22;6.556119452110668;6;0;12;15
TRACK:627;615;-1;1;6;2;3;1;4;0;4;8;3;4;11;2;6;0;5;2;10;17;3;1;20;-6.644847555988399;13;5;6;0;5;25;6;20;3.46228972443163;1;1;4;3;3;0;1;8;19;1;12;9;16;4;5;2;0;21;4.9698205359146685;12;5;21;-0.8088353615338031;2;3;6;3;1;25;20;7.777848074208143;3;6;5;2;4;11;5;6;22;2.770362327380386
TRACK:628;617;-1;1;6;2;3;1;4;0;4;8;3;0;21;6.056646873890067;16;2;6;0;5;2;10;17;3;1;20;-6.902059662858007;13;5;6;0;5;25;6;20;3.3966710709251875;1;1;4;3;3;0;1;22;6.227325710023193;13;1;11;12;16;4;5;2;0;21;4.609889978510302;12;5;21;-0.6564730550982422;2;3;6;3;1;25;20;7.765332269632667;3;6;5;2;0;4;14;3;19;5;6;22;2.981579141865541
TRACK:629;619;-1;1;6;2;3;1;4;8;2;6;0;5;2;10;17;5;21;8.52132431227303;5;6;0;5;25;6;20;2.9349108847829055;1;1;4;3;3;0;1;22;6.438917294710126;19;1;11;12;16;4;20;3.3475665277388287;2;3;6;3;1;5;2;10;17;2;5;1;6;11;4;22;-0.8144759480547625;0;1;4;10;3;18;1;5;23;6.097329051985221;2;25;22;6.104697438284793;3;6;5;2;0;5;6;5;11;3;19;5;6;22;2.905904611882087
EVAL_INSTANCE:31:0:620
EVAL_INSTANCE:31:1:621
EVAL_INSTANCE:31:2:622
EVAL_INSTANCE:31:3:623
EVAL_INSTANCE:31:4:624
EVAL_INSTANCE:31:5:625
EVAL_INSTANCE:31:6:626
EVAL_INSTANCE:31:7:627
EVAL_INSTANCE:31:8:628
EVAL_INSTANCE:31:9:629
RUN_RESULT:31:0:0:909:RRURUUDDRUUDDD
RUN_RESULT:31:1:0:188:URRRUUDDRUUDDD
RUN_RESULT:31:2:0:2000:----
RUN_RESULT:31:3:0:210:RRURUUDDRUUDDRUDDL
RUN_RESULT:31:4:0:116:RRURUUDDRUUDDD
RUN_RESULT:31:5:0:2000:----
RUN_RESULT:31:6:0:2000:----
RUN_RESULT:31:7:0:226:URRRUUDDRUUDDD
RUN_RESULT:31:8:0:2000:----
RUN_RESULT:31:9:0:115:RRURUUDDRUUDDD
    32 |      320 | -3.889600E+03 | -3.928000E+03
TRACK:630;606;509;1;6;2;3;1;4;8;2;6;0;5;2;10;17;5;21;8.493421823117536;5;6;0;5;25;6;20;2.9233048621159288;1;6;0;5;25;6;20;3.312624657314798;4;5;2;0;4;8;12;2;13;22;6.177195528788457;2;3;6;3;1;5;2;10;17;2;5;1;6;11;4;22;-0.8413132303900964;0;1;4;10;3;18;1;5;23;6.1860378710954835;2;25;22;6.057481592683444;3;6;5;2;0;5;21;-0.6760551994787796;3;19;5;6;22;2.994468970475253
TRACK:631;606;509;1;6;2;3;1;4;0;4;8;3;4;11;2;6;0;5;2;10;17;3;1;20;-6.709734108361005;13;5;6;0;5;25;6;20;3.312624657314798;1;1;4;3;3;0;1;22;6.5217732131379815;19;1;12;8;16;4;0;20;2.9233048621159288;3;1;20;-6.9937260507827474;13;2;3;6;3;1;25;20;7.609797854070674;3;6;5;0;23;8.58743095601135;19
TRACK:632;423;629;1;6;2;3;1;4;0;4;8;3;4;11;2;6;0;5;2;10;17;3;1;20;-6.759363721232846;13;5;5;25;1;1;4;3;3;0;1;22;6.409327661716413;19;1;12;12;16;4;5;2;0;21;4.803988354053455;12;5;21;-0.610292623324417;2;3;6;3;1;25;20;7.760214732739065;3;6;5;2;4;11;5;6;22;2.8185362895527035
TRACK:633;423;629;1;6;2;3;1;4;8;2;6;0;5;2;10;17;5;21;8.52132431227303;5;6;0;5;25;6;20;2.9349108847829055;1;1;4;3;3;0;1;22;6.438917294710126;19;1;11;12;16;4;20;3.3475665277388287;2;3;6;3;1;5;2;10;17;2;5;1;6;11;4;22;-0.8144759480547625;0;1;4;10;3;18;1;5;23;6.097329051985221;2;25;22;6.104697438284793;3;6;5;4;3;3;0;1;22;6.409327661716413;19;1;12;12
TRACK:634;608;302;1;6;2;3;3;0;2;2;1;20;-6.943826070693027;13;3;2;18;11;5;4;1;9;15;6;1;2;1;14;21;-1.013074534752782;6;23;-0.9941126745389219;0;0;19;11;4;25;1;1;4;3;3;0;1;22;6.367788635865613;19;1;12;12;16;4;5;2;0;21;4.559137938084782;12;5;21;-0.5453201374660759;2;3;6;3;1;25;13;3;6;5;2;4;11;5;6;22;2.7715232663036566
TRACK:635;608;302;1;6;2;3;1;4;0;4;8;3;4;11;2;6;0;5;2;10;17;3;1;20;-6.943826070693027;13;5;6;0;5;25;6;20;3.3615395587328676;1;1;4;3;3;0;1;22;6.399832746373807;19;1;11;12;16;4;5;2;0;21;4.739533852404633;12;5;21;-0.6691060761028407;2;3;6;3;1;25;20;7.806000508227797;3;6;5;2;0;4;12;3;19;5;6;22;2.9437140668782424
TRACK:636;608;584;1;6;2;3;3;0;2;2;1;1;18;12;1;24;12;3;2;18;11;5;4;1;9;15;6;1;2;1;14;21;-1.013074534752782;6;23;-0.9941126745389219;0;0;19;11;4;25;1;1;4;3;3;0;1;22;6.367788635865613;19;1;12;12;16;4;5;2;0;21;4.559137938084782;12;5;21;-0.5453201374660759;2;3;13;3;6;5;2;4;11;5;6;22;2.7715232663036566
TRACK:637;608;584;1;6;2;3;1;4;0;4;8;3;4;11;2;6;0;5;2;10;17;3;1;20;-6.691611397925501;13;5;6;0;5;25;6;20;3.304684696860999;1;1;4;3;3;0;1;22;6.600478321261475;19;1;12;8;16;4;0;5;2;4;11;5;6;22;2.7715232663036566;3;1;20;-7.115931651487027;17;2;3;6;3;1;25;20;7.493501819618249;3;6;5;0;23;8.590365806676807;6;3;5;6;8
TRACK:638;629;569;1;6;2;3;1;4;8;2;6;0;5;2;10;17;5;21;8.52132431227303;5;6;0;5;25;6;20;2.9349108847829055;1;1;4;3;3;0;1;22;6.438917294710126;19;1;11;12;16;4;20;3.3475665277388287;2;3;6;3;1;5;2;10;17;0;5;25;6;20;2.794101298109566;3;6;5;2;0;5;6;5;11;3;19;5;6;22;2.905904611882087
TRACK:639;629;569;1;6;2;3;1;4;8;2;6;0;5;2;10;17;3;1;20;-7.480707706782533;13;5;6;0;5;25;6;20;2.794101298109566;1;1;4;3;3;0;1;22;6.305799572777289;19;1;11;12;16;4;5;2;0;4;8;12;5;21;-0.6521536255152431;2;3;6;3;1;5;2;10;17;2;5;1;6;11;4;22;-0.8089250589734726;0;1;4;10;3;18;1;5;23;6.1477796456541265;2;21;8.52132431227303;22;6.047377766154381;3;6;5;2;0;5;21;-0.7950127093586457;3;19;5;6;22;3.0027463946467905
TRACK:640;630;-1;1;6;2;3;1;4;8;2;6;0;5;3;13;5;21;8.587834312251474;5;6;0;5;25;6;20;2.968195235613818;1;6;0;5;25;6;20;3.3550827977032336;4;5;2;0;4;8;12;2;13;22;6.304809976643795;2;3;6;3;1;5;2;10;17;2;5;1;6;11;4;22;-0.8088463230130979;0;1;4;10;3;18;1;5;23;6.070513310123045;2;25;22;6.053245273860909;3;6;5;2;0;5;21;-0.5393070145419473;3;19;5;6;22;2.9784983743972333
TRACK:641;632;-1;1;6;2;3;1;4;0;0;21;-8.602868324700378;14;3;4;11;2;6;0;5;2;10;17;3;1;20;-6.8006556074180775;13;5;5;25;1;1;4;3;3;0;1;22;6.43400195028995;19;1;12;12;16;4;5;2;0;21;4.751977723896004;12;5;21;-0.5901078587525578;2;3;6;3;1;25;20;7.82237192189366;3;6;5;2;4;11;5;6;22;2.8141952783697226
TRACK:642;608;-1;1;6;2;3;3;0;2;2;1;1;18;13;1;24;12;3;2;18;11;5;4;1;9;15;6;1;2;1;14;21;-0.8321534739396904;6;23;-1.0910194689014563;0;0;19;11;4;25;1;1;4;3;3;0;1;22;6.361145966904595;19;1;12;12;16;4;5;2;0;21;4.472130362360231;12;5;21;-0.5214356090132287;2;3;6;3;1;25;13;3;6;5;2;4;11;5;6;22;2.7591701134402604
TRACK:643;636;-1;1;6;2;3;3;0;2;2;1;1;18;12;1;24;12;3;2;18;11;5;4;1;9;15;6;1;2;1;14;21;-0.9245424556951242;6;23;-1.0079633852667012;0;0;19;11;4;25;1;1;4;3;3;0;1;22;6.459719747924993;19;3;9;16;4;5;2;0;21;4.586487900019671;12;5;21;-0.6201733645929177;2;3;13;3;6;5;2;4;11;5;6;22;2.658384041324003
TRACK:644;638;-1;1;6;2;3;1;4;8;2;6;0;5;2;10;17;5;21;8.41816923671804;5;6;0;5;25;6;20;2.833955654717916;1;1;4;3;3;0;1;22;6.353319254602444;19;1;11;12;16;4;20;3.395179095007427;2;4;16;3;6;5;2;0;5;6;5;11;3;19;5;6;22;3.0589144082048527
TRACK:645;631;-1;1;6;2;3;1;4;0;4;8;3;4;11;2;6;0;5;2;10;17;3;1;20;-6.602709412165883;13;5;6;0;5;25;6;20;3.396973661289679;1;1;4;3;3;0;0;16;20;-8.706467301979895;1;12;8;16;4;0;20;2.884538578192846;3;1;20;-7.031845865300817;13;2;3;6;3;1;25;20;7.446760257509466;3;6;5;0;23;8.675083863392954;19
TRACK:646;633;-1;1;6;2;3;1;4;8;2;6;0;5;2;10;17;5;21;8.459409610322828;5;6;0;5;25;6;20;3.062868043282319;1;1;4;3;3;0;1;22;6.42186856637125;19;1;11;12;16;4;20;3.3888764491471135;2;3;6;3;1;5;2;10;17;2;5;1;6;11;4;22;-0.7502611126791341;0;1;4;10;3;18;5;2;24;15;3;6;5;4;3;3;0;1;22;6.4813541451278365;19;1;12;12
TRACK:647;302;-1;1;6;2;3;1;4;0;4;8;3;4;11;2;6;0;5;2;10;17;3;1;20;-6.965377711894674;13;5;6;0;5;25;6;20;3.273442980058411;1;1;4;3;3;5;3;9;16;4;5;2;0;21;4.68001866210551;12;5;21;-0.5698541094298932;2;3;6;3;1;25;20;7.898424718291363;3;6;5;2;0;4;14;3;19;5;6;22;3.0897250012179285
TRACK:648;637;-1;1;6;2;3;1;4;0;4;8;3;4;11;2;6;0;5;2;10;17;3;1;20;-6.776591180331517;13;5;6;0;5;25;6;20;3.216491435157799;1;1;4;3;3;0;1;22;6.692482041030101;19;1;12;8;16;4;0;5;2;4;11;5;6;22;2.7033276604141143;3;1;20;-7.207310303286931;17;2;3;6;3;1;25;20;7.604553432763101;3;6;5;0;2;4;6;24;5;1;9;25;6;0;4;23;-1.618492112590129;3;24
TRACK:649;639;-1;1;6;2;3;1;4;8;2;6;0;5;2;10;17;3;1;20;-7.529033255348384;13;5;6;0;5;25;6;20;2.9179050340810613;1;6;6;4;11;4;5;2;0;4;8;12;5;21;-0.6020426190204897;2;3;6;3;1;5;2;10;17;2;5;1;6;11;4;22;-0.8458628704435494;0;1;4;10;3;18;1;5;23;6.0661623557679665;2;21;8.532995183679876;22;6.004209396957701;3;6;5;2;0;5;21;-0.8534204367108755;3;19;5;6;22;2.908097317152248
EVAL_INSTANCE:32:0:640
EVAL_INSTANCE:32:1:641
EVAL_INSTANCE:32:2:642
EVAL_INSTANCE:32:3:643
EVAL_INSTANCE:32:4:644
EVAL_INSTANCE:32:5:645
EVAL_INSTANCE:32:6:646
EVAL_INSTANCE:32:7:647
EVAL_INSTANCE:32:8:648
EVAL_INSTANCE:32:9:649
RUN_RESULT:32:0:0:2000:----
RUN_RESULT:32:1:0:2000:----
RUN_RESULT:32:2:0:72:RRURUUDDRUURDDDDUL
RUN_RESULT:32:3:0:2000:----
RUN_RESULT:32:4:0:115:RRURUUDDRUUDDD
RUN_RESULT:32:5:0:2000:----
RUN_RESULT:32:6:0:140:URRRUUDDRUUDDD
RUN_RESULT:32:7:0:226:URRRUUDDRUUDDD
RUN_RESULT:32:8:0:2000:----
RUN_RESULT:32:9:0:244:URRRUUDDRUULLLDDDRR
    33 |      330 | -3.894100E+03 | -3.928000E+03
TRACK:650;423;608;1;6;2;3;1;4;0;4;8;3;4;11;2;6;0;5;2;10;17;3;1;25;13;5;6;0;5;25;6;20;3.2919362709344986;1;1;4;3;3;0;1;22;6.409327661716413;19;1;12;12;16;4;5;2;0;21;4.803988354053455;12;5;21;-0.610292623324417;2;3;6;3;1;25;20;7.760214732739065;3;6;5;2;4;11;5;6;22;2.8185362895527035
TRACK:651;423;608;1;6;2;3;3;0;2;2;1;1;18;12;1;24;12;3;2;18;11;5;4;1;9;15;6;1;2;1;14;21;-1.013074534752782;6;23;-0.9941126745389219;0;0;19;11;4;25;1;1;4;3;3;0;1;22;6.367788635865613;19;1;12;12;16;4;5;2;0;21;4.559137938084782;12;5;21;-0.5453201374660759;2;12;3;6;5;2;4;11;5;6;22;2.7715232663036566
TRACK:652;642;629;1;6;2;3;3;0;2;2;1;1;18;13;1;24;12;3;2;18;11;5;4;1;9;15;6;1;2;1;14;21;-0.8321534739396904;6;23;-1.0910194689014563;0;0;19;11;4;25;1;1;4;3;3;0;1;22;6.361145966904595;19;1;12;12;16;4;5;2;0;21;4.472130362360231;12;5;21;-0.5214356090132287;2;3;6;3;1;25;13;3;6;5;2;4;11;5;6;22;2.7591701134402604
TRACK:653;642;629;1;6;2;3;1;4;8;2;6;0;5;2;10;17;5;21;8.52132431227303;5;6;0;5;25;6;20;2.9349108847829055;1;1;4;3;3;0;1;22;6.438917294710126;19;1;11;11;16;4;20;3.3475665277388287;2;3;6;3;1;5;2;10;17;2;5;1;6;11;4;22;-0.8144759480547625;0;1;4;10;3;18;1;5;23;6.097329051985221;2;25;22;6.104697438284793;3;6;5;2;0;5;6;5;11;3;19;5;6;22;2.905904611882087
TRACK:654;569;642;1;6;2;3;1;4;8;2;6;0;5;2;10;17;3;1;20;-7.480707706782533;13;5;6;0;5;25;6;20;2.794101298109566;1;1;4;3;3;0;1;22;6.305799572777289;19;1;11;12;16;12;2;3;6;3;1;5;2;10;17;2;5;1;6;11;4;22;-0.8089250589734726;0;1;4;10;3;18;1;5;23;6.1477796456541265;2;25;22;6.047377766154381;3;6;5;2;0;5;21;-0.7950127093586457;3;19;5;6;22;3.0027463946467905
TRACK:655;569;642;1;6;2;3;3;0;2;2;1;1;18;13;1;24;12;3;2;18;11;5;4;1;9;15;6;1;2;1;14;21;-0.8321534739396904;6;23;-1.0910194689014563;0;0;19;11;4;25;1;1;4;3;3;0;1;22;6.361145966904595;19;1;12;12;16;4;5;2;0;21;4.472130362360231;25;5;21;-0.5214356090132287;2;3;6;3;1;25;13;3;6;5;2;4;11;5;6;22;2.7591701134402604
TRACK:656;644;423;1;6;2;3;1;4;8;2;6;0;5;2;10;17;5;21;8.41816923671804;5;6;0;5;25;6;20;2.833955654717916;1;1;4;3;3;0;1;22;6.353319254602444;19;1;11;12;16;4;20;3.395179095007427;4;11
TRACK:657;644;423;1;6;2;3;1;4;0;4;8;3;4;11;2;6;0;5;2;10;17;3;1;20;-6.759363721232846;13;5;11;1;1;4;3;3;0;1;22;6.409327661716413;19;1;12;12;16;4;5;2;0;21;4.803988354053455;12;5;21;-0.610292623324417;2;3;6;3;1;25;20;7.760214732739065;3;6;5;2;4;11;5;6;22;2.8185362895527035
TRACK:658;606;608;1;6;2;3;1;4;8;2;6;0;5;2;10;17;5;21;8.493421823117536;5;6;0;5;25;6;20;2.9233048621159288;1;1;4;3;3;0;1;22;6.369965442366358;19;1;11;12;16;4;5;2;0;4;8;12;2;13;22;6.177195528788457;2;2;0;21;4.559137938084782;12;5;21;-0.5453201374660759;3;6;5;2;0;5;21;-0.6760551994787796;3;19;5;6;22;2.994468970475253
TRACK:659;606;608;1;6;2;3;3;0;2;2;1;1;18;12;1;24;12;3;2;18;11;5;4;1;9;15;6;1;2;1;14;21;-1.013074534752782;6;23;-0.9941126745389219;0;0;19;11;4;25;1;1;4;3;5;25;16;4;5;2;0;21;4.559137938084782;12;5;21;-0.5453201374660759;2;3;6;3;1;25;13;3;6;5;2;4;11;5;6;22;2.7715232663036566
TRACK:660;650;-1;1;6;2;3;1;4;0;4;8;3;4;5;15;2;6;0;5;2;10;17;3;1;25;13;5;6;0;5;25;6;20;3.2959870491072327;1;1;4;3;3;0;1;22;6.313388822846815;19;1;12;12;16;4;5;2;0;21;4.800444771483913;12;5;21;-0.5042032296020227;2;3;6;3;1;25;20;7.8687374033892095;3;6;5;2;4;11;5;6;22;2.8741423151447525
TRACK:661;652;-1;1;6;2;3;3;0;2;2;1;1;18;13;1;24;12;3;2;18;11;5;4;1;9;15;6;1;2;1;14;21;-0.9558192722521177;6;23;-1.1076247320605423;0;0;19;11;4;17;1;1;4;3;3;0;1;22;6.2821286761268835;19;1;12;12;16;4;5;2;0;21;4.456416638124567;12;5;21;-0.3562911511505693;2;3;6;3;1;25;13;3;6;5;2;4;11;5;6;22;2.6305708496738633
TRACK:662;654;-1;1;6;2;3;1;4;8;2;6;0;5;2;10;17;3;1;20;-7.361190714461077;13;5;6;0;5;25;6;20;2.5515811391905103;1;1;4;3;3;0;1;22;6.3643868506708925;19;1;11;12;16;12;2;6;5;0;17;24;3;6;5;2;0;5;21;-0.7360771278265494;3;19;5;6;22;2.9593369097487887
TRACK:663;656;-1;1;6;2;3;1;4;1;6;2;2;24;14;5;17;0;0;3;7;-2.510884179474086;1;19;15;1;3;14;5;11;2;6;0;5;2;10;17;5;21;8.326943273978214;5;6;0;5;25;6;20;2.7251076607125366;1;1;4;3;3;0;1;22;6.231482771699574;19;1;11;12;16;4;20;3.3861909186368617;4;11
TRACK:664;658;-1;1;6;2;3;1;4;8;2;6;0;5;2;10;17;5;21;8.50159183264557;5;6;0;5;25;6;20;2.9920625342494667;1;1;4;3;3;0;2;25;20;-8.296688317988181;1;11;12;16;4;5;2;0;4;8;12;2;13;22;6.130970577052276;2;2;0;21;4.678292654644101;12;5;21;-0.4498711860979704;3;6;5;2;0;5;21;-0.91101169693915;3;19;5;6;22;2.9923407640975883
TRACK:665;651;-1;1;6;2;3;3;0;2;2;1;1;18;12;1;24;12;3;2;18;11;5;4;1;9;15;6;1;2;1;14;21;-0.9352740798420103;6;23;-1.0546741231225307;0;3;24;3;24;1;1;4;3;3;0;1;22;6.551730114541231;19;1;12;12;16;4;5;2;0;21;4.5434940859216;12;5;21;-0.4597510310890882;2;12;3;6;5;2;4;11;5;6;22;2.772060940396707
TRACK:666;653;-1;1;6;2;3;1;4;8;2;6;0;5;2;10;17;5;21;8.480681707175293;5;6;0;5;25;6;20;3.01705533481626;1;1;4;3;3;0;1;22;6.2755528238415454;19;1;11;11;16;4;20;3.399578124864158;2;3;6;2;5;1;1;6;1;22;7.0192441104314405;9;2;3;7;3.678731169018901;6;22;4.3368584225165385;5;2;2;14;18;3;25;1;5;2;3;4;25;2;4;14;3;25;0;6;0;2;20;7.917071677530121;12;4;12;2;0;2;13;18;0;23;-0.3886807246822226;16;5;2;19;16;3;6;5;2;0;5;6;5;11;3;19;5;6;22;2.8403612367482745
TRACK:667;655;-1;1;6;2;3;3;0;2;2;1;1;18;13;1;24;12;3;2;18;11;5;4;1;9;15;6;1;2;1;14;21;-0.7325054831153736;6;23;-0.9724759657230845;0;0;19;11;4;25;1;1;4;3;3;0;1;22;6.410473926538762;19;1;12;12;16;4;5;2;0;21;4.358758192190639;25;5;21;-0.4448975888375578;2;3;6;3;1;25;13;3;5;4;1;0;3;0;6;15;4;22;-8.58283390682183;5;6;0;14;15;1;6;3;4;11;5;6;0;25;21;-9.630859829177412
TRACK:668;657;-1;1;6;2;3;1;4;0;4;8;3;4;11;2;6;0;5;2;10;17;3;1;20;-6.857188265987866;13;5;11;1;1;4;3;3;0;1;22;6.467765198932973;19;1;12;12;16;4;5;2;0;21;4.9049414267956895;12;5;21;-0.6644291441803981;2;3;6;3;1;25;1;23;5.441549159265538;9;3;6;5;2;4;11;5;6;22;3.024766306851168
TRACK:669;659;-1;1;6;2;3;3;0;2;2;1;1;18;12;1;24;12;3;2;18;11;5;2;1;7;5.396002697287392;25;5;25;6;1;2;1;14;21;-1.116132091157617;6;23;-1.1047964762158353;0;0;19;11;4;25;1;1;4;3;5;25;16;4;5;2;0;21;4.5557623351635455;12;5;21;-0.4392457198364834;2;3;6;3;1;25;13;3;6;5;2;4;11;5;6;22;2.5976456001595905
EVAL_INSTANCE:33:0:660
EVAL_INSTANCE:33:1:661
EVAL_INSTANCE:33:2:662
EVAL_INSTANCE:33:3:663
EVAL_INSTANCE:33:4:664
EVAL_INSTANCE:33:5:665
EVAL_INSTANCE:33:6:666
EVAL_INSTANCE:33:7:667
EVAL_INSTANCE:33:8:668
EVAL_INSTANCE:33:9:669
RUN_RESULT:33:0:0:2000:----
RUN_RESULT:33:1:0:551:RRURUUDDRUUDDD
RUN_RESULT:33:2:0:997:URRRUUDDRUURDDDDDUUL
RUN_RESULT:33:3:0:2000:----
RUN_RESULT:33:4:0:2000:----
RUN_RESULT:33:5:0:106:RRURUUDDRUUDDD
RUN_RESULT:33:6:0:334:URRRUDRUUDLUDDD
RUN_RESULT:33:7:0:2000:----
RUN_RESULT:33:8:0:2000:----
RUN_RESULT:33:9:0:2000:----
    34 |      340 | -3.895100E+03 | -3.928000E+03
TRACK:670;644;423;1;6;2;3;1;4;8;2;6;0;5;0;21;4.803988354053455;12;5;21;8.41816923671804;5;6;0;5;25;6;20;2.833955654717916;1;1;4;3;3;0;1;22;6.353319254602444;19;1;11;12;16;4;20;3.395179095007427;2;4;16;3;6;5;2;0;5;6;5;11;3;19;5;6;22;3.0589144082048527
TRACK:671;644;423;1;6;2;3;1;4;0;4;8;3;4;11;2;6;0;5;2;10;17;3;1;20;2.833955654717916;13;5;6;0;5;25;6;20;3.2919362709344986;1;1;4;3;3;0;1;22;6.409327661716413;19;1;12;12;16;4;5;2;0;21;4.803988354053455;12;5;21;-0.610292623324417;2;3;6;3;1;25;20;7.760214732739065;3;6;5;2;4;11;5;6;22;2.8185362895527035
TRACK:672;569;608;1;6;1;1;18;12;1;24;12;2;3;6;3;1;5;2;10;17;2;5;1;6;11;4;22;-0.8089250589734726;0;1;4;10;3;18;1;5;23;6.1477796456541265;2;25;22;6.047377766154381;3;6;5;2;0;5;21;-0.7950127093586457;3;19;5;6;22;3.0027463946467905
TRACK:673;569;608;1;6;2;3;3;0;2;2;1;1;18;12;1;24;12;3;2;18;11;5;4;1;9;15;6;1;2;1;14;21;-1.013074534752782;6;23;-0.9941126745389219;0;0;19;11;4;25;1;1;4;3;3;0;1;22;6.367788635865613;19;1;12;12;16;4;5;2;0;21;4.559137938084782;12;5;21;-0.5453201374660759;2;3;6;3;1;5;2;0;4;8;12;5;21;-0.6521536255152431;13;3;6;5;2;4;11;5;6;22;2.7715232663036566
TRACK:674;642;644;1;6;2;3;3;0;2;2;1;1;18;13;1;24;12;3;2;18;11;5;4;1;9;15;6;1;2;1;14;21;-0.8321534739396904;6;23;-1.0910194689014563;0;0;19;11;4;25;1;1;4;3;3;0;1;22;6.361145966904595;19;1;12;12;16;4;5;2;0;21;4.472130362360231;12;5;21;-0.5214356090132287;2;3;6;3;1;25;13;3;6;5;2;21;8.41816923671804;5;6;22;2.7591701134402604
TRACK:675;642;644;1;6;2;3;1;4;8;2;6;0;5;2;10;17;5;21;8.41816923671804;5;6;0;5;25;6;20;2.833955654717916;1;1;4;3;3;0;1;22;6.353319254602444;19;1;11;12;16;4;20;3.395179095007427;2;4;16;9
TRACK:676;642;608;1;6;2;3;3;0;2;2;1;6;23;-0.9941126745389219;1;24;12;3;2;18;11;5;4;1;9;15;6;1;2;1;14;21;-0.8321534739396904;6;23;-1.0910194689014563;0;0;19;11;4;25;1;1;4;3;3;0;1;22;6.361145966904595;19;1;12;12;16;4;5;2;0;21;4.472130362360231;12;5;21;-0.5214356090132287;2;3;6;3;1;25;13;3;6;5;2;4;11;5;6;22;2.7591701134402604
TRACK:677;642;608;1;6;2;3;3;0;2;2;1;1;18;12;1;24;12;3;2;18;11;5;4;1;9;15;6;1;1;18;13;0;0;19;11;4;25;1;1;4;3;3;0;1;22;6.367788635865613;19;1;12;12;16;4;5;2;0;21;4.559137938084782;12;5;21;-0.5453201374660759;2;3;6;3;1;25;13;3;6;5;2;4;11;5;6;22;2.7715232663036566
TRACK:678;423;665;1;6;2;3;1;4;0;4;8;3;4;11;2;6;0;5;2;10;17;3;1;20;-6.759363721232846;13;5;6;0;5;25;6;20;3.2919362709344986;1;1;4;3;3;21;-0.9352740798420103;16;4;5;2;0;21;4.803988354053455;12;5;21;-0.610292623324417;2;3;6;3;1;25;20;7.760214732739065;3;6;5;2;4;11;5;6;22;2.8185362895527035
TRACK:679;423;665;1;6;2;3;3;0;2;2;1;1;18;12;1;24;12;3;2;18;11;5;4;1;9;15;6;1;2;1;14;21;-0.9352740798420103;6;23;-1.0546741231225307;0;3;24;3;24;1;1;4;3;3;0;1;13;19;1;12;12;16;4;5;2;0;21;4.5434940859216;12;5;21;-0.4597510310890882;2;12;3;6;5;2;4;11;5;6;22;2.772060940396707
TRACK:680;670;-1;1;6;2;3;1;4;8;2;6;0;5;0;21;4.766342077483181;12;5;21;8.489177034240782;5;6;0;5;25;6;20;2.936229184601105;1;1;4;3;3;0;1;22;6.36295214009041;19;1;11;12;16;4;20;3.3230125503737424;2;4;16;3;6;5;2;0;3;18;3;19;5;6;22;3.0583883192813524
TRACK:681;672;-1;1;6;1;1;18;12;1;24;4;0;4;15;1;18;8;2;3;6;3;1;5;2;10;17;2;5;1;6;11;4;22;-0.8351809892040675;0;1;4;10;3;18;1;5;23;5.9887796964006546;2;25;22;6.07553199568393;3;6;5;2;0;5;21;-1.0051214357988507;3;19;5;6;22;3.0908009221646333
TRACK:682;674;-1;1;6;2;3;3;0;2;2;1;1;18;13;1;24;12;3;2;18;11;5;4;1;9;15;6;1;2;1;14;21;-0.9066896088549368;6;23;-0.8450621337595328;0;0;19;7;-5.019965887220605;4;25;1;1;4;3;3;0;1;22;6.307152184708802;19;1;12;12;16;4;5;2;0;21;4.426016216583805;12;5;21;-0.556491328663101;2;3;6;3;1;25;13;3;6;5;2;21;8.347654366879452;5;6;22;2.620965698513496
TRACK:683;676;-1;1;6;2;3;3;0;2;2;1;6;23;-1.0211272694186677;1;24;12;3;2;18;11;5;4;1;9;10;6;1;2;1;14;21;-0.7804896469722422;6;23;-0.9325504830021734;0;0;19;11;4;25;1;1;4;3;3;0;1;22;6.340675979244159;19;1;12;12;16;4;5;2;0;21;4.532583036775885;12;5;21;-0.40465062523167317;2;3;6;3;1;25;13;3;6;5;2;4;11;5;6;22;2.8074374784190184
TRACK:684;678;-1;1;6;2;3;1;4;0;4;8;3;4;11;2;6;0;5;2;10;17;3;1;20;-6.797652789738942;13;5;6;0;5;25;6;20;3.2999904923875216;1;1;4;3;3;21;-0.9054186737650594;16;4;5;2;0;21;4.745602943550687;12;5;21;-0.6419208187226484;2;3;6;3;1;2;5;1;10;19;0;3;25;1;10;17;20;7.749352625955599;3;6;5;2;4;11;5;6;22;2.8217813074781097
TRACK:685;671;-1;1;6;2;3;1;4;0;4;8;3;4;11;2;6;10;5;6;0;5;25;6;20;3.3458417460587686;1;1;4;3;3;0;1;22;6.51139609615305;19;1;12;12;16;4;5;2;0;21;4.919028842875935;12;5;21;-0.7674555157410212;2;3;6;3;1;25;20;7.511749489167715;3;6;5;2;4;11;5;6;22;2.8174485449898268
TRACK:686;673;-1;1;6;2;3;3;0;2;2;1;1;18;12;1;24;12;3;2;18;11;5;4;1;9;15;6;1;2;1;14;21;-0.8678701638914481;6;23;-0.9654880636278063;0;0;19;11;4;25;1;1;4;4;6;23;1.4360436085447645;16;4;5;2;0;21;4.726191948328546;12;5;21;-0.7280625751162448;2;3;6;3;1;5;2;0;4;8;12;5;21;-0.7581309750248706;13;3;6;5;2;4;11;5;6;22;2.636309890705287
TRACK:687;675;-1;1;6;2;3;1;4;8;3;14;1;1;4;3;3;0;1;22;6.2300908701931625;19;1;11;12;16;4;20;3.338467451881057;2;4;16;9
TRACK:688;677;-1;1;6;2;3;3;0;2;2;1;5;7;-9.414871446548247;1;24;12;3;2;18;11;5;4;1;9;15;6;1;1;18;13;0;0;19;11;4;25;1;1;4;3;3;0;1;22;6.274548211827106;19;1;12;12;16;4;5;2;0;21;4.440129524423205;12;5;21;-0.6034768241778969;2;3;6;3;1;25;13;3;6;5;2;4;11;5;6;22;2.7413683460315896
TRACK:689;679;-1;1;6;2;3;3;0;6;0;6;0;18;22;-9.931814230010403;2;5;17;3;23;6.080064700467034;6;1;2;1;14;21;-0.9646775891132955;6;23;-1.2813986065863996;0;3;24;3;24;1;1;4;3;3;0;1;13;19;1;12;12;16;4;5;2;0;21;4.299247908703686;12;5;21;-0.3696330778821694;2;12;3;6;5;2;4;11;5;6;22;2.6712881468205563
EVAL_INSTANCE:34:0:680
EVAL_INSTANCE:34:1:681
EVAL_INSTANCE:34:2:682
EVAL_INSTANCE:34:3:683
EVAL_INSTANCE:34:4:684
EVAL_INSTANCE:34:5:685
EVAL_INSTANCE:34:6:686
EVAL_INSTANCE:34:7:687
EVAL_INSTANCE:34:8:688
EVAL_INSTANCE:34:9:689
RUN_RESULT:34:0:0:115:RRURUUDDRUUDDD
RUN_RESULT:34:1:0:2000:----
RUN_RESULT:34:2:0:2000:----
RUN_RESULT:34:3:0:72:RRURUUDDRUURDDDDUL
RUN_RESULT:34:4:0:245:URRRUUDDRUURDDDDUL
RUN_RESULT:34:5:0:107:RRURUUDDRUUDDD
RUN_RESULT:34:6:0:2000:----
RUN_RESULT:34:7:0:1214:RRURUUDDRUUDDD
RUN_RESULT:34:8:0:910:RRURUUDDRUUDDD
RUN_RESULT:34:9:0:2000:----
    35 |      350 | -3.900400E+03 | -3.928000E+03
TRACK:690;683;569;1;6;2;3;3;0;2;2;1;6;23;-1.0211272694186677;1;24;12;3;2;18;11;5;4;1;9;10;6;1;2;1;14;21;-0.7804896469722422;6;23;-0.9325504830021734;0;0;19;11;4;25;1;1;4;3;22;-0.8089250589734726;16;4;5;2;0;21;4.532583036775885;12;5;21;-0.40465062523167317;2;3;6;3;1;25;13;3;6;5;2;4;11;5;6;22;2.8074374784190184
TRACK:691;683;569;1;6;2;3;1;4;8;2;6;0;5;2;10;17;3;1;20;-7.480707706782533;13;5;6;0;5;25;6;20;2.794101298109566;1;1;4;3;3;0;1;22;6.305799572777289;19;1;11;12;16;4;5;2;0;4;8;12;5;21;-0.6521536255152431;2;3;6;3;1;5;2;10;17;2;5;1;6;11;4;22;-0.8089250589734726;0;1;4;10;3;18;1;5;23;6.1477796456541265;2;25;22;6.047377766154381;3;6;5;2;0;5;21;-0.7950127093586457;3;19;5;6;5;21;-0.40465062523167317
TRACK:692;608;642;1;6;2;3;3;0;2;2;1;1;18;12;1;24;12;3;2;18;11;5;4;1;9;15;6;1;2;1;14;21;-1.013074534752782;6;23;-0.9941126745389219;0;0;19;11;4;25;1;1;4;3;3;0;1;22;6.367788635865613;19;1;12;12;16;4;5;2;0;21;4.559137938084782;12;5;21;-0.5453201374660759;2;3;6;3;1;25;13;6;5;2;4;11;5;6;22;2.7591701134402604
TRACK:693;608;642;1;6;2;3;3;0;2;2;1;1;18;13;1;24;12;3;2;18;11;5;4;1;9;15;6;1;2;1;14;21;-0.8321534739396904;6;23;-1.0910194689014563;0;0;19;11;4;25;1;1;4;3;2;1;1;18;12;1;24;12;3;2;18;11;16;4;5;2;0;21;4.472130362360231;12;5;21;-0.5214356090132287;2;3;6;3;1;25;13;3;6;5;2;4;11;5;6;22;2.7591701134402604
TRACK:694;665;608;1;6;2;22;6.367788635865613;1;1;4;3;3;0;1;22;6.551730114541231;19;1;12;12;16;4;5;2;0;21;4.5434940859216;12;5;21;-0.4597510310890882;2;12;3;6;5;2;4;11;5;6;22;2.772060940396707
TRACK:695;665;608;1;6;2;3;3;0;2;2;1;1;18;12;1;24;12;3;2;18;11;5;4;1;9;15;6;1;2;1;14;21;-1.013074534752782;6;23;-0.9941126745389219;0;0;19;11;4;25;1;1;4;3;3;0;1;22;6.367788635865613;19;1;12;12;16;4;5;2;0;21;4.559137938084782;12;5;21;-0.5453201374660759;2;3;6;3;1;25;13;3;6;5;2;4;11;5;6;22;2.7715232663036566
TRACK:696;683;629;1;6;2;3;3;0;2;2;1;6;23;-1.0211272694186677;1;24;12;3;2;18;11;5;4;1;9;10;6;1;2;1;14;21;-0.7804896469722422;6;23;-0.9325504830021734;0;0;19;11;4;25;1;1;4;3;3;0;1;22;6.340675979244159;19;1;12;12;16;4;5;2;0;21;4.532583036775885;12;5;21;-0.40465062523167317;2;3;6;5;6;22;2.905904611882087;3;6;5;2;4;11;5;6;22;2.8074374784190184
TRACK:697;683;629;1;6;2;3;1;4;8;2;6;0;5;2;10;17;5;21;8.52132431227303;5;6;0;5;25;6;20;2.9349108847829055;1;1;4;3;3;0;1;22;6.438917294710126;19;1;11;12;16;4;20;3.3475665277388287;2;3;2;18;11;3;6;5;2;0;5;6;5;11;3;19;5;6;22;2.905904611882087
TRACK:698;642;665;1;6;2;3;3;0;2;2;1;1;18;13;1;24;12;3;2;18;11;5;4;1;9;15;6;1;2;1;14;21;-0.8321534739396904;6;23;-1.0910194689014563;0;0;12;11;4;25;1;1;4;3;3;0;1;22;6.361145966904595;19;1;12;12;16;4;5;2;0;21;4.472130362360231;12;5;21;-0.5214356090132287;2;3;6;3;1;25;13;3;6;5;2;4;11;5;6;22;2.7591701134402604
TRACK:699;642;665;1;6;2;3;3;0;2;2;1;1;18;12;1;24;12;3;2;18;11;5;4;1;9;15;6;1;2;1;14;21;-0.9352740798420103;6;23;-1.0546741231225307;0;4;11;3;24;1;1;4;3;3;0;1;22;6.551730114541231;19;1;12;12;16;4;5;2;0;21;4.5434940859216;12;5;21;-0.4597510310890882;2;12;3;6;5;2;4;11;5;6;22;2.772060940396707
TRACK:700;690;-1;1;6;2;3;3;0;2;2;1;6;23;-1.043544952550027;1;24;20;-7.536111484829446;3;2;18;11;5;4;1;9;10;6;1;2;1;14;21;-0.7227160685076287;6;23;-0.8527203458432632;0;0;19;11;4;25;1;1;4;3;22;-0.7729114089163986;16;4;5;2;0;21;4.522278741325868;12;5;21;-0.41984055124070313;2;3;6;3;1;25;13;3;6;5;2;4;11;5;6;22;2.691645601462844
TRACK:701;692;-1;1;6;2;3;3;0;2;2;1;1;18;12;1;24;12;3;2;18;11;5;4;1;9;15;6;1;2;1;14;21;-1.1080843819071493;6;23;-1.1465141155899374;0;0;19;20;6.05633151112907;4;25;1;1;4;3;3;0;1;22;6.370172358764646;19;1;12;12;16;4;5;2;0;21;4.51877218458963;12;5;21;-0.6430412181099494;2;3;6;3;1;25;13;6;5;2;4;11;5;6;22;2.802372072523565
TRACK:702;694;-1;1;6;2;22;6.243268136184222;1;1;4;3;3;0;1;22;6.6380966980272325;19;1;12;12;16;4;5;2;0;21;4.515695423533557;12;5;6;10;2;12;3;6;5;2;4;11;5;6;22;2.7692736307918304
TRACK:703;696;-1;1;6;2;3;3;0;2;2;1;6;23;-0.8387395823344265;1;24;12;3;2;18;11;5;4;1;9;10;6;1;2;1;14;21;-1.0487777511914493;6;23;-0.9676211833562276;0;0;19;11;4;25;1;1;4;3;3;0;1;22;6.415262459056687;19;1;12;12;16;4;5;2;0;21;4.5134978074385925;12;5;21;-0.33985554376667193;2;3;2;4;5;1;2;6;3;25;6;1;25;25;5;5;3;12;6;5;4;1;4;2;21;2.3845638295673943;22;-2.5848340753706323;4;3;11;3;6;5;2;4;11;5;6;22;2.742402816000298
TRACK:704;642;-1;5;3;1;13;14
TRACK:705;691;-1;1;6;2;3;1;4;8;2;6;0;5;2;10;17;3;1;20;-7.300035899585756;13;5;6;0;5;25;6;20;2.8433551434350934;1;1;4;3;3;0;1;22;6.464663447978475;19;1;11;12;16;4;5;2;0;4;8;12;5;21;-0.8286516289287833;2;3;6;3;1;5;2;10;17;2;5;1;6;11;4;22;-0.5781457971519106;1;2;6;22;4.603414246834101;0;8;11;3;4;13;3;6;5;2;0;5;21;-0.7915439461026862;3;19;5;6;5;21;-0.4029355250676193
TRACK:706;693;-1;1;6;2;3;3;0;2;2;1;1;18;13;1;24;12;3;2;18;11;5;4;1;9;15;6;1;2;1;14;21;-0.8977355037916205;6;23;-1.0479455561859445;0;0;19;11;4;25;1;1;4;3;2;1;1;18;12;1;24;12;3;2;18;11;16;4;5;2;0;21;4.447440363070562;12;5;21;-0.6092089680208541;2;3;6;3;1;25;13;3;6;5;2;4;4;5;0;23;5.762145970994752;23;-7.784366674929619;5;6;22;2.8100425173348684
TRACK:707;695;-1;1;6;2;3;3;0;2;2;1;1;18;12;1;24;12;3;2;18;11;5;4;1;9;15;6;1;2;1;14;21;-1.0146511438989245;6;23;-1.1236237264195523;0;0;19;11;4;25;1;1;4;3;3;0;1;22;6.606966492208832;19;1;12;12;16;4;5;2;0;3;25;12;5;21;-0.4983659876663705;2;3;6;3;1;25;13;3;6;5;2;4;11;5;6;22;2.8189911263297565
TRACK:708;697;-1;1;6;2;2;6;3;1;16;14;5;6;3;11;1;1;4;3;3;0;1;22;6.481047249032891;19;1;11;12;16;4;20;3.373158629420792;2;3;2;18;11;3;6;5;2;0;5;6;5;11;3;19;5;6;22;3.020439835092976
TRACK:709;665;-1;1;6;2;3;3;0;2;2;1;1;18;12;1;24;12;3;2;18;11;5;4;1;9;15;6;1;2;1;14;21;-1.1210948830158163;5;19;0;3;24;3;24;1;1;4;3;3;0;1;22;6.739867154184285;19;1;12;12;16;4;5;2;0;21;4.47964483551902;12;5;21;-0.3168118636521716;2;12;3;6;5;2;4;11;5;6;22;2.83241648008443
EVAL_INSTANCE:35:0:700
EVAL_INSTANCE:35:1:701
EVAL_INSTANCE:35:2:702
EVAL_INSTANCE:35:3:703
EVAL_INSTANCE:35:4:704
EVAL_INSTANCE:35:5:705
EVAL_INSTANCE:35:6:706
EVAL_INSTANCE:35:7:707
EVAL_INSTANCE:35:8:708
EVAL_INSTANCE:35:9:709
RUN_RESULT:35:0:0:2000:----
RUN_RESULT:35:1:0:2000:----
RUN_RESULT:35:2:0:1210:RRURRUURDDDDDLULUUUUDDD
RUN_RESULT:35:3:0:72:RRURUUDDRUURDDDDUL
RUN_RESULT:35:4:0:2000:----
RUN_RESULT:35:5:0:998:URRRUUDDRUUDDD
RUN_RESULT:35:6:0:2000:----
RUN_RESULT:35:7:0:72:RRURUUDDRUURDDDDUL
RUN_RESULT:35:8:0:2000:----
RUN_RESULT:35:9:0:909:RRURUUDDRUUDDD
    36 |      360 | -3.909000E+03 | -3.928000E+03
TRACK:710;642;608;1;6;2;3;3;0;2;2;1;1;18;14;1;24;12;3;2;18;11;5;4;1;9;15;6;1;2;1;14;21;-0.8321534739396904;6;23;-1.0910194689014563;0;0;19;11;4;25;1;1;4;3;3;0;1;22;6.361145966904595;19;1;12;12;16;4;5;2;0;21;4.472130362360231;12;5;21;-0.5214356090132287;2;3;6;3;1;25;13;3;6;5;2;4;11;5;6;22;2.7591701134402604
TRACK:711;642;608;1;6;2;3;3;0;2;2;1;1;18;12;1;24;12;3;2;18;11;5;4;1;9;15;6;1;2;1;14;21;-1.013074534752782;6;23;-0.9941126745389219;0;0;19;11;4;25;1;1;4;3;3;0;1;22;6.367788635865613;19;1;12;12;16;4;5;2;0;21;4.559137938084782;12;5;21;-0.5453201374660759;2;3;6;3;1;25;19;3;6;5;2;4;11;5;6;22;2.7715232663036566
TRACK:712;707;665;1;6;2;3;3;0;2;2;1;1;18;12;1;24;12;3;2;18;11;5;4;1;9;15;6;1;2;1;14;21;-1.0146511438989245;6;23;-1.1236237264195523;0;0;19;11;4;25;1;1;4;3;3;0;1;22;6.606966492208832;19;1;12;12;16;4;5;2;0;3;25;12;5;21;-0.4983659876663705;2;3;6;3;1;25;2;18;11;3;6;5;2;4;11;5;6;22;2.8189911263297565
TRACK:713;707;665;1;6;2;3;3;0;2;2;1;1;18;12;1;24;12;3;2;18;11;5;4;1;9;15;6;1;2;1;14;21;-0.9352740798420103;6;23;-1.0546741231225307;0;3;11;3;24;1;1;4;3;3;0;1;22;6.551730114541231;19;1;12;12;16;4;5;2;0;21;4.5434940859216;12;5;21;-0.4597510310890882;2;12;3;6;5;2;4;11;5;6;22;2.772060940396707
TRACK:714;703;608;1;6;2;3;3;0;2;2;1;6;23;-0.8387395823344265;1;24;12;3;2;18;11;5;4;1;9;10;6;1;2;1;14;21;-1.0487777511914493;6;23;-0.9676211833562276;0;0;19;11;4;25;1;1;4;3;3;0;1;22;6.415262459056687;19;1;12;12;16;4;5;2;0;21;4.5134978074385925;12;5;21;-0.33985554376667193;2;3;2;4;5;1;2;6;3;25;6;1;25;25;5;5;3;12;6;5;4;1;4;2;21;2.3845638295673943;22;-2.5848340753706323;4;3;11;3;6;5;2;4;11;5;6;22;2.742402816000298
TRACK:715;703;608;1;6;2;3;3;0;2;2;1;1;18;12;1;24;12;3;2;18;11;5;4;1;9;15;6;1;2;1;14;21;-1.013074534752782;6;23;-0.9941126745389219;0;0;19;11;4;25;1;1;4;3;3;0;1;22;6.367788635865613;19;1;12;12;16;4;5;2;0;21;4.559137938084782;12;5;21;-0.5453201374660759;2;3;6;3;1;25;13;6;5;2;4;11;5;6;22;2.742402816000298
TRACK:716;707;642;1;6;2;1;2;1;14;21;-0.8321534739396904;6;23;-1.0910194689014563;0;0;19;11;4;25;1;1;4;3;3;0;1;22;6.606966492208832;19;1;12;12;16;4;5;2;0;3;25;12;5;21;-0.4983659876663705;2;3;6;3;1;25;13;3;6;5;2;4;11;5;6;22;2.8189911263297565
TRACK:717;707;642;1;6;2;3;3;0;2;2;1;1;18;13;1;24;12;3;2;18;11;5;4;1;9;15;6;1;25;0;0;19;11;4;25;1;1;4;3;3;0;1;22;6.361145966904595;19;1;12;12;16;4;5;2;0;21;4.472130362360231;12;5;21;-0.5214356090132287;2;3;6;3;1;25;13;3;6;5;2;4;11;5;6;22;2.7591701134402604
TRACK:718;423;703;1;6;2;3;1;4;0;4;8;3;4;11;2;6;0;5;2;10;17;3;1;20;-6.759363721232846;13;25;1;1;4;3;3;0;1;22;6.409327661716413;19;1;12;12;16;4;5;2;0;21;4.803988354053455;12;5;21;-0.610292623324417;2;3;6;3;1;25;20;7.760214732739065;3;6;5;2;4;11;5;6;22;2.8185362895527035
TRACK:719;423;703;1;6;2;3;3;0;2;2;1;6;23;-0.8387395823344265;1;24;12;3;2;18;11;5;4;1;9;10;6;1;2;1;14;21;-1.0487777511914493;6;23;-0.9676211833562276;0;0;19;11;4;25;1;1;4;3;3;0;1;22;6.415262459056687;19;1;12;12;16;4;5;2;0;21;4.5134978074385925;12;5;21;-0.33985554376667193;2;0;4;8;3;4;11;3;6;5;2;4;11;5;6;22;2.742402816000298
TRACK:720;710;-1;1;6;2;3;3;0;2;2;1;1;18;14;1;24;12;3;2;18;11;5;4;1;11;15;6;1;2;1;14;21;-0.8138443779838155;6;23;-1.006758833242549;0;0;19;11;4;25;1;1;4;3;3;0;1;22;6.483815050616339;19;1;12;12;16;4;5;2;0;21;4.478027293402004;12;5;21;-0.5982560879812047;2;3;6;3;1;25;13;3;6;5;2;4;11;5;6;22;2.787193005696892
TRACK:721;712;-1;1;6;2;3;3;0;2;2;1;1;18;12;1;24;12;3;2;18;11;5;4;1;9;15;6;1;2;1;14;21;-1.0013516006745053;6;23;-1.138498851781601;0;0;19;11;4;25;1;1;4;3;3;0;1;22;6.672345948050398;19;1;12;12;16;4;4;2;6;2;6;21;0.38858091473171896;2;10;7;5.611170666152795;1;6;0;11;25;3;5;14;2;3;6;3;1;25;2;18;11;3;6;5;2;4;11;5;6;22;3.1089103813816603
TRACK:722;714;-1;1;6;2;3;3;0;2;2;1;6;23;-0.7705595313447842;1;24;12;3;2;18;11;5;4;1;9;10;6;1;2;1;14;21;-1.212408613559086;6;23;-0.9201231710160916;0;0;19;11;4;25;1;1;4;3;3;0;1;22;6.532886827310305;19;1;12;12;16;4;5;2;0;21;4.456772443512279;12;5;21;-0.41355044399650015;2;3;2;4;5;1;2;0;0;8;15;4;24;6;1;25;25;5;5;3;12;6;5;4;1;4;2;21;2.3729087515776266;22;-2.6607226083455786;4;3;11;3;6;5;2;4;11;5;6;22;2.726926181903002
TRACK:723;716;-1;1;6;2;1;2;1;14;21;-0.8557525556871326;6;23;-1.1231162363434435;0;0;19;11;4;25;1;1;4;3;3;0;1;22;6.675302933083807;19;1;12;12;16;4;5;2;0;3;25;12;5;21;-0.47727098991335787;2;3;6;3;1;25;13;3;6;5;2;4;11;4;3;4;2;18;23;0.8975002831065986
TRACK:724;718;-1;1;6;2;3;1;4;0;4;8;3;4;11;2;6;0;5;2;10;17;3;1;20;-6.731777034212342;13;25;1;1;4;3;3;0;1;22;6.643911150196103;19;1;12;12;16;4;5;2;0;3;25;12;5;21;-0.7615564720244727;2;3;6;3;1;25;20;7.690655077595637;3;6;5;2;4;11;5;6;22;2.6326510769808156
TRACK:725;711;-1;1;6;2;3;3;0;2;2;1;1;18;12;1;24;12;3;2;18;11;5;4;1;9;15;6;1;2;1;14;21;-0.9621703264532111;6;23;-0.931468094911911;0;0;19;11;4;25;1;1;4;3;3;0;1;22;6.555196670149812;19;1;12;12;16;4;4;3;4;3;11;2;3;6;3;1;25;19;3;6;5;2;4;11;5;6;22;2.7879266563373024
TRACK:726;713;-1;1;6;2;3;3;0;2;2;1;1;18;12;1;24;12;3;2;18;11;3;3;6;11;6;1;2;1;14;21;-1.1673744211059582;6;23;-1.4486173364999937;0;3;11;3;24;1;1;4;3;3;0;1;22;6.523666319748898;19;1;12;12;16;4;5;2;0;21;4.470368113017057;12;5;21;-0.4858662635692459;2;12;3;6;5;2;4;11;5;6;22;2.8249779045885735
TRACK:727;715;-1;1;6;2;3;3;0;2;2;1;1;18;12;1;24;12;3;6;23;-3.0667473159910745;5;4;1;9;15;6;1;2;1;14;21;-1.1061445364599192;6;23;-0.9470205531868289;0;0;19;11;4;25;1;1;4;3;3;0;1;22;6.3528934804283015;19;1;12;12;16;4;5;2;0;21;4.577807151043175;12;5;21;-0.5863414378647334;2;3;6;3;1;25;13;6;5;2;4;11;5;6;22;2.6682146930460005
TRACK:728;717;-1;1;6;2;3;3;0;2;2;1;1;18;13;1;24;12;3;2;18;11;5;4;1;9;15;4;25;1;1;4;3;3;0;1;22;6.357508467064234;19;1;12;12;16;4;5;2;0;21;4.42959236125441;12;5;21;-0.59342881699982;2;3;6;3;1;25;13;3;6;5;2;4;11;5;6;22;2.6964519285581927
TRACK:729;719;-1;1;6;2;3;3;0;2;2;1;6;23;-0.7844646711928546;1;24;12;3;2;18;11;5;4;1;9;10;6;1;2;1;14;21;-1.1009288365284764;6;23;-0.988493379828803;0;0;19;11;4;25;5;6;5;15;2;0;4;8;3;4;11;3;6;5;2;4;11;5;6;22;2.778172131336812
EVAL_INSTANCE:36:0:720
EVAL_INSTANCE:36:1:721
EVAL_INSTANCE:36:2:722
EVAL_INSTANCE:36:3:723
EVAL_INSTANCE:36:4:724
EVAL_INSTANCE:36:5:725
EVAL_INSTANCE:36:6:726
EVAL_INSTANCE:36:7:727
EVAL_INSTANCE:36:8:728
EVAL_INSTANCE:36:9:729
RUN_RESULT:36:0:0:72:RRURUUDDRUURDDDDUL
RUN_RESULT:36:1:0:2000:----
RUN_RESULT:36:2:0:72:RRURUUDDRUURDDDDUL
RUN_RESULT:36:3:0:2000:----
RUN_RESULT:36:4:0:2000:----
RUN_RESULT:36:5:0:2000:----
RUN_RESULT:36:6:0:106:RRURUUDDRUUDDD
RUN_RESULT:36:7:0:2000:----
RUN_RESULT:36:8:0:132:RRURUUDDRUURDDDDDUUL
RUN_RESULT:36:9:0:2000:----
    37 |      370 | -3.917700E+03 | -3.928000E+03
TRACK:730;720;707;1;6;2;3;3;0;2;2;1;1;18;14;1;24;12;3;2;18;12;5;4;1;11;15;6;1;2;1;14;21;-0.8138443779838155;6;23;-1.006758833242549;0;0;19;11;4;25;1;1;4;3;3;0;1;22;6.483815050616339;19;1;12;12;16;4;5;2;0;21;4.478027293402004;12;5;21;-0.5982560879812047;2;3;6;3;1;25;13;3;6;5;2;4;11;5;6;22;2.787193005696892
TRACK:731;720;707;1;6;2;3;3;0;2;2;1;1;18;12;1;24;12;3;2;18;11;5;4;1;9;15;6;1;2;1;14;21;-1.0146511438989245;6;14;0;0;19;11;4;25;1;1;4;3;3;0;1;22;6.606966492208832;19;1;12;12;16;4;5;2;0;3;25;12;5;21;-0.4983659876663705;2;3;6;3;1;25;13;3;6;5;2;4;11;5;6;22;2.8189911263297565
TRACK:732;665;722;1;6;2;3;3;0;2;2;1;1;18;12;1;24;12;3;2;21;-0.41355044399650015;11;5;4;1;9;15;6;1;2;1;14;21;-0.9352740798420103;6;23;-1.0546741231225307;0;3;24;3;24;1;1;4;3;3;0;1;22;6.551730114541231;19;1;12;12;16;4;5;2;0;21;4.5434940859216;12;5;21;-0.4597510310890882;2;12;3;6;5;2;4;11;5;6;22;2.772060940396707
TRACK:733;665;722;1;6;2;3;3;0;2;2;1;6;23;-0.7705595313447842;1;24;12;3;2;18;11;5;4;1;9;10;6;1;2;1;14;21;-1.212408613559086;6;23;-0.9201231710160916;0;0;19;11;4;25;1;1;4;3;3;0;1;22;6.532886827310305;19;1;12;12;16;4;5;2;0;21;4.456772443512279;12;5;21;-0.41355044399650015;2;3;2;4;5;5;21;-0.4597510310890882;6;5;4;1;4;2;21;2.3729087515776266;22;-2.6607226083455786;4;3;11;3;6;5;2;4;11;5;6;22;2.726926181903002
TRACK:734;642;707;1;6;2;3;3;0;2;2;1;1;18;13;1;24;12;3;2;18;11;5;4;1;9;15;6;1;2;1;14;21;-0.8321534739396904;6;23;-1.0910194689014563;0;0;19;11;4;25;1;1;4;3;3;0;1;22;6.361145966904595;19;1;12;12;16;4;5;2;0;21;4.472130362360231;12;5;21;-0.5214356090132287;2;3;6;3;1;25;15;3;6;5;2;4;11;5;6;22;2.7591701134402604
TRACK:735;642;707;1;6;2;3;3;0;2;2;1;1;18;12;1;24;12;3;2;18;11;5;4;1;9;15;6;1;2;1;14;21;-1.0146511438989245;6;23;-1.1236237264195523;0;0;19;11;4;25;1;1;4;3;3;0;1;22;6.606966492208832;19;1;12;12;16;4;5;2;2;0;21;4.472130362360231;12;5;21;-0.5214356090132287;5;21;-0.4983659876663705;2;3;6;3;1;25;13;3;6;5;2;4;11;5;6;22;2.8189911263297565
TRACK:736;720;722;1;6;2;3;3;0;2;2;1;1;18;14;1;24;12;3;2;18;11;5;4;1;11;15;6;1;2;1;14;21;-0.8138443779838155;6;23;-1.006758833242549;0;0;19;11;4;25;1;1;4;3;3;0;1;22;6.483815050616339;19;1;12;12;16;4;5;2;0;21;4.478027293402004;12;5;21;-0.5982560879812047;2;3;6;3;1;25;13;3;6;19
TRACK:737;720;722;1;6;2;3;3;0;2;2;1;6;23;-0.7705595313447842;1;24;12;3;2;18;11;5;4;1;9;10;6;1;2;1;14;21;-1.212408613559086;6;23;-0.9201231710160916;0;0;11;11;4;25;1;1;4;3;3;0;1;22;6.532886827310305;19;1;12;12;16;4;5;2;0;21;4.456772443512279;12;5;21;-0.41355044399650015;2;3;2;4;5;1;2;0;0;8;15;4;24;6;1;25;25;5;5;3;12;6;5;4;1;4;2;21;2.3729087515776266;22;-2.6607226083455786;4;3;11;3;6;5;2;4;11;5;6;22;2.726926181903002
TRACK:738;642;683;1;6;2;3;3;0;2;2;1;1;18;13;1;24;12;3;2;18;11;5;4;1;9;15;6;1;2;1;14;21;-0.8321534739396904;6;23;-1.0910194689014563;0;0;19;11;4;25;1;1;4;3;3;0;1;22;6.361145966904595;19;1;12;12;16;4;5;2;0;21;4.472130362360231;12;5;21;-0.5214356090132287;2;3;6;3;1;25;13;3;6;5;2;4;11;5;6;22;2.7591701134402604
TRACK:739;642;683;1;6;2;3;3;0;2;2;1;6;23;-1.0211272694186677;1;24;12;3;2;18;11;5;4;1;9;10;6;1;2;6;22;2.7591701134402604;6;23;-0.9325504830021734;0;0;19;11;4;25;1;1;4;3;3;0;1;22;6.340675979244159;19;1;12;12;16;4;5;2;0;21;4.532583036775885;12;5;21;-0.40465062523167317;2;3;6;3;1;25;13;3;6;5;2;4;11;5;6;22;2.8074374784190184
TRACK:740;730;-1;1;4;4;0;0;6;2;6;0;3;17;0;14;15;6;6;1;9;13;0;0;4;4;6;16;2;0;3;10;0;17;9;4;2;20;7.8613356010715805;18;6;6;4;0;16;15;1;1;0;2;4;3;18;3;0;13;9;5;3;4;15;4;2;3;6;18;5;3;9;0;3;1;3;0;7;-4.347477800533057;15;5;0;20;8.486578726199415;25;6;1;0;4;12;0;22;1.7428065086081919;18;6;5;22;0.5408474590719585;2;3;6;3;1;25;13;3;6;5;2;4;11;5;6;22;2.6315709958371927
TRACK:741;732;-1;1;6;2;3;3;0;2;2;1;1;18;12;1;24;12;3;2;21;-0.37819205135165573;11;5;4;1;9;15;6;1;2;1;14;21;-0.8465403494375479;6;23;-1.0152410364531743;0;3;24;3;24;1;1;4;3;3;0;1;22;6.597163107474386;19;1;12;12;16;4;5;2;0;21;4.562463639694209;12;5;21;-0.31441621066275877;2;12;3;6;5;2;4;11;5;1;10;12
TRACK:742;734;-1;1;6;2;3;3;0;2;2;1;1;18;13;1;24;12;3;2;18;11;5;4;1;9;15;6;1;2;1;14;21;-0.9302767042466775;6;23;-1.1710493557061956;0;0;19;11;4;25;1;1;4;3;3;0;1;22;6.382388386615043;19;1;12;12;16;4;5;2;3;3;18;5;21;-0.5854767634640339;2;3;6;3;1;25;15;3;6;5;2;4;11;5;6;22;2.8567412392059364
TRACK:743;736;-1;1;6;2;3;3;0;2;2;1;1;18;14;1;24;12;4;1;23;-8.472016098300744;19;5;4;1;11;15;6;1;2;1;14;21;-0.9192611702213909;6;23;-0.9388399095386794;0;0;19;11;4;25;1;1;4;3;3;0;1;22;6.379364107817404;19;1;12;12;16;4;5;2;0;21;4.411668377108522;12;5;21;-0.5185236362950832;2;3;6;3;1;25;13;3;6;19
TRACK:744;642;-1;1;6;2;6;24;1;1;4;3;3;0;1;22;6.427566669648338;19;1;12;12;16;4;5;2;0;21;4.453225058660923;12;5;21;-0.5878340621096672;2;3;6;3;1;25;13;3;6;5;2;4;11;5;6;22;2.857356166441894
TRACK:745;731;-1;1;6;2;3;3;0;2;2;1;1;18;12;1;24;12;3;2;18;11;5;4;1;9;15;6;1;2;1;14;21;-1.02983941287696;6;14;0;0;19;11;4;25;1;1;4;3;3;0;1;22;6.535257288368992;19;1;12;12;16;4;5;2;0;3;25;5;5;21;7.979942314847651;5;21;-0.43934993754912954;2;3;6;3;1;25;13;3;6;5;2;4;11;5;6;22;2.7191925849412466
TRACK:746;733;-1;1;6;2;3;3;0;2;2;1;6;23;-0.8054471105145337;1;24;12;3;2;18;11;5;4;1;9;15;6;1;2;1;14;21;-1.1785205743106197;6;23;-0.9349492070948164;0;0;19;11;4;25;1;1;4;3;3;0;1;22;6.632038242796156;19;1;12;12;16;4;5;2;0;21;4.310902056985699;12;5;21;-0.33939677469086416;2;3;2;4;5;5;21;-0.5781358770398606;6;5;4;1;4;2;21;2.573151713737525;22;-2.7151770743364003;4;3;11;3;6;5;2;4;11;5;6;22;2.749197073345077
TRACK:747;735;-1;1;6;2;3;3;0;2;2;1;1;18;12;1;24;12;3;2;18;11;5;4;1;9;15;6;1;2;1;14;21;-1.0812346678862341;6;23;-1.1506873792156098;0;0;19;11;4;25;1;1;4;6;14;16;4;5;2;2;0;21;4.471598430954924;12;5;21;-0.45687997765135735;5;21;-0.5125561806120987;2;3;6;3;1;25;13;3;6;5;2;4;11;5;6;22;2.7676996842344788
TRACK:748;737;-1;1;6;2;3;3;0;2;2;1;6;23;-0.6934165587871255;1;24;12;3;2;18;11;5;4;1;9;10;6;1;2;1;14;21;-1.4097706271667405;6;23;-0.8081661918294314;0;0;11;11;4;25;1;1;4;3;3;0;1;22;6.5117805645826;19;1;12;12;16;4;5;2;0;2;10;19;12;5;21;-0.45384358586063805;2;3;2;4;5;1;2;0;0;8;15;4;24;6;1;25;25;5;5;3;12;6;5;4;1;4;2;21;2.437979551445475;22;-2.7013488126557585;4;3;11;3;6;5;2;4;11;5;6;22;2.6640460781145
TRACK:749;683;-1;1;6;2;3;3;0;2;2;1;6;23;-0.9407716238054906;1;24;12;3;2;18;11;5;4;1;9;10;6;1;2;1;14;21;-0.8825242328982791;6;23;-0.8591863321247412;0;0;19;11;4;25;1;1;4;3;3;0;1;22;6.3466800364597775;19;1;12;12;16;4;5;2;0;21;4.601009821064823;12;5;21;-0.27164450408038776;2;3;6;3;1;25;13;3;6;5;2;4;11;2;1;5;15;0;22;1.666384174272297;24;4;5;19
EVAL_INSTANCE:37:0:740
EVAL_INSTANCE:37:1:741
EVAL_INSTANCE:37:2:742
EVAL_INSTANCE:37:3:743
EVAL_INSTANCE:37:4:744
EVAL_INSTANCE:37:5:745
EVAL_INSTANCE:37:6:746
EVAL_INSTANCE:37:7:747
EVAL_INSTANCE:37:8:748
EVAL_INSTANCE:37:9:749
RUN_RESULT:37:0:0:2000:----
RUN_RESULT:37:1:0:2000:----
RUN_RESULT:37:2:0:72:RRURUUDDRUURDDDDUL
RUN_RESULT:37:3:0:613:RRURUUDDRUUDDD
RUN_RESULT:37:4:0:2000:----
RUN_RESULT:37:5:0:1104:RRURUUDDRUUDDD
RUN_RESULT:37:6:0:96:RRURUUDDRUURDDDDUL
RUN_RESULT:37:7:0:2000:----
RUN_RESULT:37:8:0:220:URRRUUDDRUURDDDDUL
RUN_RESULT:37:9:0:2000:----
    38 |      380 | -3.922200E+03 | -3.928000E+03
TRACK:750;720;703;1;6;2;3;3;0;2;2;1;1;18;14;1;24;12;3;2;18;11;5;4;1;11;15;6;1;2;1;14;21;-0.8138443779838155;6;23;-1.006758833242549;0;0;19;11;4;25;1;1;4;3;3;0;1;22;6.483815050616339;19;11;16;4;5;2;0;21;4.478027293402004;12;5;21;-0.5982560879812047;2;3;6;3;1;25;13;3;6;5;2;4;11;5;6;22;2.787193005696892
TRACK:751;720;703;1;6;2;16;1;1;4;3;3;0;1;22;6.415262459056687;19;1;12;12;16;4;5;2;0;21;4.5134978074385925;12;5;21;-0.33985554376667193;2;3;2;4;5;1;2;6;3;25;6;1;25;25;5;5;3;12;6;5;4;1;4;2;21;2.3845638295673943;22;-2.5848340753706323;4;3;11;3;6;5;2;4;11;5;6;22;2.742402816000298
TRACK:752;742;642;1;6;2;3;3;0;2;2;1;1;18;13;1;24;12;3;2;18;11;5;4;1;9;15;6;1;2;1;14;21;-0.9302767042466775;6;23;-1.1710493557061956;0;0;19;11;4;11;1;1;4;3;3;0;1;22;6.382388386615043;19;1;12;12;16;4;5;2;3;3;18;5;21;-0.5854767634640339;2;3;6;3;1;25;15;3;6;5;2;4;11;5;6;22;2.8567412392059364
TRACK:753;742;642;1;6;2;3;3;0;2;2;1;1;18;13;1;24;12;3;2;18;11;5;4;1;9;15;6;1;2;1;14;21;-0.8321534739396904;6;23;-1.0910194689014563;0;0;19;11;4;25;1;1;4;3;3;0;1;22;6.361145966904595;19;12;16;4;5;2;0;21;4.472130362360231;12;5;21;-0.5214356090132287;2;3;6;3;1;25;13;3;6;5;2;4;11;5;6;22;2.7591701134402604
TRACK:754;722;722;1;6;2;3;3;0;2;2;1;6;23;-0.7705595313447842;1;24;12;3;2;18;11;5;4;1;9;10;12;1;1;4;3;3;0;1;22;6.532886827310305;19;1;12;12;16;4;5;2;0;21;4.456772443512279;12;5;21;-0.41355044399650015;2;3;2;4;5;1;2;0;0;8;15;4;24;6;1;25;25;5;5;3;12;6;5;4;1;4;2;21;2.3729087515776266;22;-2.6607226083455786;4;3;11;3;6;5;2;4;11;5;6;22;2.726926181903002
TRACK:755;722;722;1;6;2;3;3;0;2;2;1;6;23;-0.7705595313447842;1;24;12;3;2;18;11;5;4;1;9;10;6;1;21;-0.41355044399650015;0;0;19;11;4;25;1;1;4;3;3;0;1;22;6.532886827310305;19;1;12;12;16;4;5;2;0;21;4.456772443512279;12;5;21;-0.41355044399650015;2;3;2;4;5;1;2;0;0;8;15;4;24;6;1;25;25;5;5;3;12;6;5;4;1;4;2;21;2.3729087515776266;22;-2.6607226083455786;4;3;11;3;6;5;2;4;11;5;6;22;2.726926181903002
TRACK:756;683;642;1;6;2;3;3;0;2;2;1;6;23;-1.0211272694186677;1;24;12;3;2;18;11;5;4;1;9;10;6;1;2;1;14;21;-0.7804896469722422;6;23;-0.9325504830021734;0;0;19;11;4;25;1;1;4;3;3;0;1;22;6.340675979244159;19;1;12;12;16;4;4;5;2;0;21;4.472130362360231;12;5;21;-0.5214356090132287;2;3;6;3;1;25;13;3;6;5;2;4;11;5;6;22;2.8074374784190184
TRACK:757;683;642;1;6;2;3;3;0;2;2;1;1;18;13;1;24;12;3;2;18;11;5;4;1;9;15;6;1;2;1;14;21;-0.8321534739396904;6;23;-1.0910194689014563;0;0;19;11;4;25;1;1;4;3;3;0;6;22;2.8074374784190184;1;12;12;16;4;5;2;0;21;4.472130362360231;12;5;21;-0.5214356090132287;2;3;6;3;1;25;13;3;6;5;2;4;11;5;6;22;2.7591701134402604
TRACK:758;608;742;1;6;2;3;3;0;2;2;1;1;18;12;1;24;12;3;2;18;11;5;4;1;9;15;6;1;2;18;6;23;-0.9941126745389219;0;0;19;11;4;25;1;1;4;3;3;0;1;22;6.367788635865613;19;1;12;12;16;4;5;2;0;21;4.559137938084782;12;5;21;-0.5453201374660759;2;3;6;3;1;25;13;3;6;5;2;4;11;5;6;22;2.7715232663036566
TRACK:759;608;742;1;6;2;3;3;0;2;2;1;1;18;13;1;24;12;3;2;18;11;5;4;1;9;15;6;1;2;1;14;21;-0.9302767042466775;9;0;0;19;11;4;25;1;1;4;3;3;0;1;22;6.382388386615043;19;1;12;12;16;4;5;2;3;3;18;5;21;-0.5854767634640339;2;3;6;3;1;25;15;3;6;5;2;4;11;5;6;22;2.8567412392059364
TRACK:760;750;-1;1;6;2;3;3;0;2;2;1;1;18;14;1;24;12;3;2;18;11;5;4;1;11;15;6;1;2;1;14;21;-0.8206754182650932;6;23;-0.8723404168662284;0;0;19;11;4;25;1;1;4;3;3;0;1;17;19;11;16;4;5;2;0;21;4.256608860323684;12;5;21;-0.5606844349773078;2;3;6;3;1;25;13;3;6;5;2;4;11;5;6;22;2.8676851249076774
TRACK:761;752;-1;1;6;2;3;3;0;2;2;1;1;18;13;1;24;12;3;2;18;11;5;4;1;9;15;6;1;2;1;14;21;-0.8948004144707697;6;23;-1.2666619711363798;0;0;19;11;4;11;1;1;4;3;3;0;1;22;6.341390397109653;19;1;12;12;16;4;5;2;2;0;12;17;0;10;16;5;21;-0.6611770578296992;2;3;6;3;1;25;15;3;6;5;2;4;11;5;6;22;2.9861289119559387
TRACK:762;754;-1;1;6;2;3;3;0;2;2;1;6;23;-0.7885166219101705;1;24;12;3;2;18;11;5;4;1;9;10;12;1;1;4;3;3;0;1;22;6.625619222103983;19;1;12;12;16;4;5;2;0;21;4.205078493946525;12;5;21;-0.5217651566610306;2;3;2;4;5;1;2;0;0;8;15;4;24;6;1;25;25;5;5;3;12;6;5;4;1;4;2;21;2.431103430469744;22;-2.7100292598081497;4;3;11;3;6;5;2;4;11;6;2;1;1;9;20;-5.838221797596114;0;8;21;6.4895923946365315;3;2;19;8
TRACK:763;756;-1;1;6;2;3;3;0;2;2;1;6;23;-1.174442824057635;1;24;12;3;2;18;11;5;4;1;9;10;6;1;2;1;14;21;-0.9217161649446983;6;23;-0.934914940344225;0;0;19;11;4;25;1;1;4;3;3;0;1;22;6.289285584922509;19;1;12;12;16;4;4;5;2;0;21;4.51134203986001;12;5;21;-0.44381800442798536;2;3;6;3;1;25;13;3;6;5;2;4;11;5;6;2;8;18
TRACK:764;758;-1;1;6;2;3;3;0;2;2;1;1;18;12;1;24;12;3;2;18;11;5;4;1;9;15;6;1;2;18;6;23;-1.0369865298535377;0;0;19;11;4;25;1;1;4;3;3;0;1;22;6.419413281383645;19;1;12;12;16;4;5;2;0;21;4.408692432641412;12;5;21;-0.546371917273978;2;3;6;3;1;25;13;3;6;5;5;3;7;-2.1615924408640215
TRACK:765;751;-1;1;6;2;16;1;1;4;3;3;0;1;22;6.407201934004995;19;1;12;12;16;4;5;2;0;21;4.43624883856845;12;5;21;-0.26742779968082586;2;3;2;4;5;1;2;6;3;25;6;1;25;25;5;5;3;12;6;5;4;1;4;1;24;10;4;3;11;3;6;5;2;4;11;5;6;22;2.7886405645371664
TRACK:766;753;-1;1;6;2;3;3;0;2;2;1;1;18;13;1;24;12;3;2;18;11;5;4;1;9;15;6;1;2;1;14;21;-0.8320538695357669;6;23;-0.9520861025080601;0;0;19;11;4;25;1;1;4;3;2;9;25;16;4;5;2;0;21;4.456015541397703;12;5;21;-0.3849572672543793;2;3;6;3;1;25;13;3;6;5;2;4;11;5;6;22;2.8029758935213596
TRACK:767;755;-1;1;6;2;3;3;0;2;2;1;6;23;-0.7203775107344625;1;24;12;3;6;13;5;4;1;9;10;6;1;21;-0.40974868669362075;0;0;19;11;4;25;1;1;4;3;3;0;1;22;6.428604253773023;19;1;12;12;16;4;5;2;0;21;4.412457514105403;12;5;21;-0.27836787092488235;2;3;2;4;5;1;2;0;0;8;15;4;24;6;1;25;25;5;5;3;12;6;5;4;1;4;2;21;2.4081126086751494;22;-2.771567654561039;4;3;11;3;6;5;2;4;11;5;6;22;2.8342876357392015
TRACK:768;757;-1;1;6;2;3;3;0;2;2;4;3;21;-1.541385724333189;3;2;18;11;5;4;1;9;15;6;1;2;1;14;21;-0.8607970853215573;6;23;-1.0889183289008844;0;0;19;11;4;25;1;1;4;3;3;0;6;22;2.8429461832447105;1;12;12;16;4;5;2;0;21;4.496164362583915;12;5;21;-0.5393308306975193;2;3;6;3;1;25;13;3;6;5;2;4;11;5;6;22;2.736172647617861
TRACK:769;759;-1;1;6;2;3;3;0;2;2;1;1;18;13;1;24;12;3;2;18;11;5;4;1;9;15;6;1;2;1;14;21;-0.8336306887231225;9;0;0;19;11;4;25;1;1;4;3;3;6;1;7;-5.898467564152982;20;4.829492149572632;16;4;5;2;3;3;18;5;21;-0.6518489596752536;2;3;6;3;1;25;15;3;6;5;2;4;11;5;6;22;2.832824755916467
EVAL_INSTANCE:38:0:760
EVAL_INSTANCE:38:1:761
EVAL_INSTANCE:38:2:762
EVAL_INSTANCE:38:3:763
EVAL_INSTANCE:38:4:764
EVAL_INSTANCE:38:5:765
EVAL_INSTANCE:38:6:766
EVAL_INSTANCE:38:7:767
EVAL_INSTANCE:38:8:768
EVAL_INSTANCE:38:9:769
RUN_RESULT:38:0:0:2000:----
RUN_RESULT:38:1:0:2000:----
RUN_RESULT:38:2:0:2000:----
RUN_RESULT:38:3:0:236:URRRUUDDRUURDDDL
RUN_RESULT:38:4:0:2000:----
RUN_RESULT:38:5:0:2000:----
RUN_RESULT:38:6:0:2000:----
RUN_RESULT:38:7:0:2000:----
RUN_RESULT:38:8:0:2000:----
RUN_RESULT:38:9:0:2000:----
    39 |      390 | -3.922200E+03 | -3.928000E+03
TRACK:770;742;642;1;6;2;3;3;0;2;2;1;1;18;13;1;24;12;3;2;18;11;5;4;1;9;25;6;1;2;1;14;21;-0.9302767042466775;6;23;-1.1710493557061956;0;0;19;11;4;25;1;1;4;3;3;0;1;22;6.382388386615043;19;1;12;12;16;4;5;2;3;3;18;5;21;-0.5854767634640339;2;3;6;3;1;25;15;3;6;5;2;4;11;5;6;22;2.8567412392059364
TRACK:771;742;642;1;6;2;3;3;0;2;2;1;1;18;13;1;24;12;3;2;18;11;5;4;1;9;15;6;1;2;1;14;21;-0.8321534739396904;6;23;-1.0910194689014563;0;0;19;11;4;25;1;1;4;3;3;0;1;22;6.361145966904595;19;1;12;12;16;4;5;2;0;21;4.472130362360231;12;5;21;-0.5214356090132287;2;3;6;3;1;25;13;3;0;0;19;11;4;25
TRACK:772;722;720;1;6;2;3;3;0;2;2;1;6;23;-0.7705595313447842;1;24;12;3;2;18;25;5;4;1;9;10;6;1;2;1;14;21;-1.212408613559086;6;23;-0.9201231710160916;0;0;19;11;4;25;1;1;4;3;3;0;1;22;6.532886827310305;19;1;12;12;16;4;5;2;0;21;4.456772443512279;12;5;21;-0.41355044399650015;2;3;2;4;5;1;2;0;0;8;15;4;24;6;1;25;25;5;5;3;12;6;5;4;1;4;2;21;2.3729087515776266;22;-2.6607226083455786;4;3;11;3;6;5;2;4;11;5;6;22;2.726926181903002
TRACK:773;722;720;1;6;2;3;3;0;2;2;1;1;18;14;1;24;12;3;2;18;11;5;4;1;11;15;6;1;2;1;14;21;-0.8138443779838155;6;23;-1.006758833242549;0;0;19;11;4;25;6;5;2;4;11;5;6;22;2.726926181903002;2;3;6;3;1;25;13;3;6;5;2;4;11;5;6;22;2.787193005696892
TRACK:774;608;608;1;6;2;3;3;0;2;2;1;1;18;12;1;24;12;3;2;18;11;5;4;1;9;15;6;1;2;1;14;21;-1.013074534752782;6;23;-0.9941126745389219;0;0;19;11;4;25;1;1;4;3;3;0;1;22;6.367788635865613;19;1;12;12;16;4;5;2;0;21;4.559137938084782;12;5;21;-0.5453201374660759;2;3;1;25;13;3;6;5;2;4;11;5;6;22;2.7715232663036566
TRACK:775;608;608;1;6;1;1;18;12;1;24;12;2;3;6;3;1;25;13;3;6;5;2;4;11;5;6;22;2.7715232663036566
TRACK:776;703;722;1;6;2;3;3;0;2;2;11;3;2;18;11;5;4;1;9;10;6;1;2;1;14;21;-1.0487777511914493;6;23;-0.9676211833562276;0;0;19;11;4;25;1;1;4;3;3;0;1;22;6.415262459056687;19;1;12;12;16;4;5;2;0;21;4.5134978074385925;12;5;21;-0.33985554376667193;2;3;2;4;5;1;2;6;3;25;6;1;25;25;5;5;3;12;6;5;4;1;4;2;21;2.3845638295673943;22;-2.5848340753706323;4;3;11;3;6;5;2;4;11;5;6;22;2.742402816000298
TRACK:777;703;722;1;6;2;3;3;0;2;2;1;6;23;-0.7705595313447842;1;24;12;3;2;18;11;5;4;1;9;10;6;1;2;1;14;21;-1.212408613559086;6;23;-0.9201231710160916;0;18;4;25;1;1;4;3;3;0;1;22;6.532886827310305;19;1;12;12;16;4;5;2;0;21;4.456772443512279;12;5;21;-0.41355044399650015;2;3;2;4;5;1;2;0;0;8;15;4;24;6;1;25;25;5;5;3;12;6;5;4;1;4;2;21;2.3729087515776266;22;-2.6607226083455786;4;3;11;3;6;5;2;4;11;5;6;22;2.726926181903002
TRACK:778;720;683;1;6;2;3;3;0;2;11;5;4;1;11;15;6;1;2;1;14;21;-0.8138443779838155;6;23;-1.006758833242549;0;0;19;11;4;25;1;1;4;3;3;0;1;22;6.483815050616339;19;1;12;12;16;4;5;2;0;21;4.478027293402004;12;5;21;-0.5982560879812047;2;3;6;3;1;25;13;3;6;5;2;4;11;5;6;22;2.787193005696892
TRACK:779;720;683;1;6;2;3;3;0;2;2;1;6;23;-1.0211272694186677;1;24;12;3;2;18;11;5;4;1;9;10;6;1;2;1;14;21;-0.7804896469722422;6;23;-0.9325504830021734;0;0;19;11;4;25;1;1;4;3;3;0;1;22;6.340675979244159;19;1;12;12;16;4;5;2;0;21;4.532583036775885;12;5;21;-0.40465062523167317;2;3;6;3;1;25;6;23;-1.006758833242549;3;6;5;2;4;11;5;6;22;2.8074374784190184
TRACK:780;742;-1;1;6;2;3;3;0;2;2;1;1;18;13;1;24;12;3;2;18;11;5;4;1;9;15;6;1;2;1;14;21;-0.9814408875945358;6;23;-1.1042930687075443;0;0;19;11;4;25;1;1;4;3;3;0;1;22;6.37797310945035;19;1;12;12;16;4;5;2;3;3;18;6;12;2;3;6;3;1;25;15;3;6;5;2;4;11;5;6;22;2.8393793203914997
TRACK:781;722;-1;1;6;2;3;3;0;2;2;1;6;23;-0.8589661067667558;1;24;12;3;2;18;11;5;4;1;9;10;6;1;2;1;14;21;-1.183448691409649;6;23;-0.7949726557261514;0;0;19;11;4;25;1;1;4;3;3;0;1;22;6.638316404646369;19;1;12;12;16;4;5;2;0;21;4.459942012093966;12;5;21;-0.530860554087341;2;3;2;4;5;1;2;0;0;8;15;4;24;6;1;25;15;5;5;3;12;6;5;4;1;4;2;21;2.2141744447708227;22;-2.6766471889494277;4;3;11;3;6;5;2;4;11;5;6;22;2.7612634671668017
TRACK:782;774;-1;1;6;2;3;3;0;2;2;1;1;18;12;1;24;12;3;2;18;11;5;4;1;9;15;6;1;2;1;14;21;-1.0730818367398707;6;23;-1.0450512345400156;0;0;19;11;5;11;1;1;4;3;3;0;1;22;6.452727949206508;19;1;12;12;16;4;5;2;0;21;4.375808742248537;12;5;21;-0.44129018478972515;2;3;1;25;13;3;6;5;2;4;11;5;6;22;3.0227855909967793
TRACK:783;776;-1;1;6;2;3;3;0;2;2;11;3;2;18;11;5;4;1;9;10;6;1;2;1;14;21;-0.9512811252821641;6;23;-0.6617405776179657;0;0;19;19;4;25;1;1;4;3;3;0;1;22;6.4596046286088376;19;1;12;12;16;4;5;2;0;21;4.446472524758531;12;5;21;-0.3026098751091718;2;3;2;4;5;1;2;6;3;25;6;1;25;25;5;5;3;12;6;5;4;1;4;2;21;2.4764986047991764;22;-2.5728816562445735;4;3;11;3;6;5;2;4;11;5;6;22;2.657031261585752
TRACK:784;778;-1;1;6;2;3;3;0;2;11;5;4;1;11;15;6;1;2;1;14;21;-0.5861093051144196;6;23;-0.8761005132771668;0;0;19;11;4;25;1;1;4;3;3;0;1;22;6.4433868489719694;19;1;12;12;16;4;5;2;0;21;4.542505778618503;4;15;5;21;-0.5587800841653476;2;3;6;3;1;25;13;3;6;5;2;4;11;5;6;22;2.6349058786974267
TRACK:785;642;-1;1;6;2;3;3;0;2;2;1;1;18;13;1;24;12;3;2;18;11;5;6;5;24;6;1;2;1;14;21;-0.772567874196158;6;23;-0.9975063705608993;0;0;19;11;4;25;1;1;4;3;3;0;1;22;6.314463430138813;19;1;12;12;16;4;5;2;0;21;4.394310769478214;12;5;21;-0.45346566867517757;2;3;6;3;1;25;13;3;6;5;2;4;11;5;6;22;2.802583135123342
TRACK:786;720;-1;1;6;2;3;3;0;2;2;1;1;18;14;1;24;12;3;2;18;11;5;4;1;11;15;6;1;2;1;14;21;-0.9335150330790444;6;23;-1.0335453094585283;0;0;19;11;4;25;1;1;4;3;3;0;1;22;6.433599242747755;19;1;12;12;16;6;1;6;2;2;12;24;0;18;11;0;5;1;22;3.102899606235038;13;0;0;7;8.763243882484595;15;3;10;2;3;6;3;1;25;13;3;6;5;2;4;11;5;6;22;2.865045688715621
TRACK:787;775;-1;1;6;1;1;18;12;1;24;12;2;3;6;3;1;6;0;0;25;22;7.441607683243724;4;16;13;3;6;5;2;4;11;5;6;22;2.9616523040661717
TRACK:788;777;-1;1;6;2;3;3;0;2;2;1;6;23;-0.6262834575752426;1;24;12;3;2;18;11;5;4;1;9;10;6;1;2;1;14;21;-1.1904849060979166;6;23;-1.1229253727271093;0;18;4;25;1;1;4;3;3;0;1;22;6.571922444153736;19;1;12;12;16;4;5;2;0;21;4.493461628555869;12;5;21;-0.3415328959533469;3;3;0;22;-2.730070546698313;11
TRACK:789;779;-1;1;6;2;3;3;0;2;2;1;6;23;-1.082688398146126;1;24;12;3;2;18;11;5;4;1;9;10;6;1;2;1;14;21;-0.8343623384309756;6;23;-0.8239529065941551;0;0;19;11;4;8;1;1;4;3;3;0;1;22;6.569670474438107;19;1;12;12;16;4;5;2;0;21;4.631817914730674;12;5;21;-0.36727676056457076;2;3;6;3;1;25;6;23;-1.174446504576911;3;6;5;2;4;11;5;6;22;2.879818689681617
EVAL_INSTANCE:39:0:780
EVAL_INSTANCE:39:1:781
EVAL_INSTANCE:39:2:782
EVAL_INSTANCE:39:3:783
EVAL_INSTANCE:39:4:784
EVAL_INSTANCE:39:5:785
EVAL_INSTANCE:39:6:786
EVAL_INSTANCE:39:7:787
EVAL_INSTANCE:39:8:788
EVAL_INSTANCE:39:9:789
RUN_RESULT:39:0:0:2000:----
RUN_RESULT:39:1:0:72:RRURUUDDRUURDDDDUL
RUN_RESULT:39:2:0:550:RRURUUDDRUUDDD
RUN_RESULT:39:3:0:155:RRURUUDDRUURDDDDUL
RUN_RESULT:39:4:0:155:RRURUUDDRUURDDDDUL
RUN_RESULT:39:5:0:72:RRURUUDDRUURDDDDUL
RUN_RESULT:39:6:0:2000:----
RUN_RESULT:39:7:0:2000:----
RUN_RESULT:39:8:0:2000:----
RUN_RESULT:39:9:0:2000:----
    40 |      400 | -3.928000E+03 | -3.928000E+03
TRACK:790;608;785;1;6;2;3;3;0;2;2;1;1;18;12;1;24;12;3;12;5;4;1;9;15;6;1;2;1;14;21;-1.013074534752782;6;23;-0.9941126745389219;0;0;19;11;4;25;1;1;4;3;3;0;1;22;6.367788635865613;19;1;12;12;16;4;5;2;0;21;4.559137938084782;12;5;21;-0.5453201374660759;2;3;6;3;1;25;13;3;6;5;2;4;11;5;6;22;2.7715232663036566
TRACK:791;608;785;1;6;2;3;3;0;2;2;1;1;18;13;1;24;12;3;2;18;11;5;6;5;24;6;1;2;1;14;21;-0.772567874196158;6;23;-0.9975063705608993;0;0;19;11;23;-0.9941126745389219;1;1;4;3;3;0;1;22;6.314463430138813;19;1;12;12;16;4;5;2;0;21;4.394310769478214;12;5;21;-0.45346566867517757;2;3;6;3;1;25;13;3;6;5;2;4;11;5;6;22;2.802583135123342
TRACK:792;703;781;1;6;2;3;3;0;2;2;1;6;23;-0.8387395823344265;1;24;12;3;2;18;11;5;4;1;9;19;6;1;2;1;14;21;-1.0487777511914493;6;23;-0.9676211833562276;0;0;19;11;4;25;1;1;4;3;3;0;1;22;6.415262459056687;19;1;12;12;16;4;5;2;0;21;4.5134978074385925;12;5;21;-0.33985554376667193;2;3;2;4;5;1;2;6;3;25;6;1;25;25;5;5;3;12;6;5;4;1;4;2;21;2.3845638295673943;22;-2.5848340753706323;4;3;11;3;6;5;2;4;11;5;6;22;2.742402816000298
TRACK:793;703;781;1;6;2;3;3;0;2;2;1;6;23;-0.8589661067667558;1;24;12;3;2;18;11;5;4;1;9;10;6;1;2;1;14;21;-1.183448691409649;6;23;-0.7949726557261514;0;0;19;11;4;25;1;1;3;12;16;4;5;2;0;21;4.459942012093966;12;5;21;-0.530860554087341;2;3;2;4;5;1;2;0;0;8;15;4;24;6;1;25;15;5;5;3;12;6;5;4;1;4;2;21;2.2141744447708227;22;-2.6766471889494277;4;3;11;3;6;5;2;4;11;5;6;22;2.7612634671668017
TRACK:794;720;785;1;6;2;3;3;0;2;2;1;1;18;14;1;24;12;3;2;18;11;5;4;1;11;15;6;1;2;1;14;21;-0.8138443779838155;6;23;-1.006758833242549;0;0;19;11;4;25;1;1;4;3;3;0;1;22;6.483815050616339;19;1;12;12;16;4;5;2;0;21;4.478027293402004;12;5;21;-0.5982560879812047;2;3;6;3;1;25;13;3;1;18;13
TRACK:795;720;785;1;6;2;3;3;0;2;2;1;1;18;13;1;24;12;3;2;18;11;5;6;5;24;6;1;2;1;14;21;-0.772567874196158;6;23;-0.9975063705608993;0;0;19;11;4;25;1;1;4;3;3;0;1;22;6.314463430138813;19;1;22;2.787193005696892;12;16;4;5;2;0;21;4.394310769478214;12;5;21;-0.45346566867517757;2;3;6;3;1;25;13;3;6;5;2;4;11;5;6;22;2.802583135123342
TRACK:796;683;642;1;6;2;2;18;11;1;1;4;3;3;0;1;22;6.340675979244159;19;1;12;12;16;4;5;2;0;21;4.532583036775885;12;5;21;-0.40465062523167317;2;3;6;3;1;25;13;3;6;5;2;4;11;5;6;22;2.8074374784190184
TRACK:797;683;642;1;6;2;3;3;0;2;3;0;1;22;6.340675979244159;19;1;12;12;5;4;1;9;15;6;1;2;1;14;21;-0.8321534739396904;6;23;-1.0910194689014563;0;0;19;11;4;25;1;1;4;3;3;0;1;22;6.361145966904595;19;1;12;12;16;4;5;2;0;21;4.472130362360231;12;5;21;-0.5214356090132287;2;3;6;3;1;25;13;3;6;5;2;4;11;5;6;22;2.7591701134402604
TRACK:798;781;722;1;6;21;-0.41355044399650015;2;3;2;4;5;1;2;0;0;8;15;4;24;6;1;25;15;5;5;3;12;6;5;4;1;4;2;21;2.2141744447708227;22;-2.6766471889494277;4;3;11;3;6;5;2;4;11;5;6;22;2.7612634671668017
TRACK:799;781;722;1;6;2;3;3;0;2;2;1;6;23;-0.7705595313447842;1;24;12;3;2;18;11;5;4;1;9;10;6;1;2;1;14;21;-1.212408613559086;6;23;-0.9201231710160916;0;0;19;11;4;25;1;1;4;3;3;0;1;22;6.532886827310305;19;1;12;12;16;4;5;2;0;21;4.456772443512279;12;5;21;-0.41355044399650015;2;3;2;4;5;1;2;0;0;8;15;4;24;6;1;25;25;5;5;3;12;6;5;4;1;4;2;21;2.3729087515776266;22;-2.6607226083455786;4;3;11;3;6;5;2;4;11;5;6;22;2.7612634671668017
TRACK:800;790;-1;1;6;2;3;3;0;2;2;1;1;18;12;1;24;12;3;12;5;4;1;9;15;6;1;2;1;14;21;-1.1746492340852888;6;23;-1.0245706256664209;0;0;19;11;4;25;1;1;4;3;3;0;1;22;6.350204490693738;19;1;12;12;16;4;5;2;0;21;4.507434706297644;12;5;21;-0.5349017196710708;2;3;6;3;1;25;13;3;6;5;2;4;11;5;6;6;25
TRACK:801;792;-1;1;6;2;3;3;0;2;2;1;6;23;-0.828900278821761;1;24;12;3;2;18;11;5;4;1;9;19;6;1;2;1;14;21;-1.1649746398206855;6;23;-1.0440109716247756;0;6;19;4;25;1;1;4;3;3;0;1;22;6.384469493341389;19;1;12;12;16;4;5;2;0;21;4.458211669194808;12;5;21;-0.3994331229379133;2;3;2;4;5;1;2;6;3;25;6;1;25;25;5;5;3;12;6;5;4;1;4;2;21;2.397054583991737;22;-2.376813154436157;4;3;11;3;6;5;2;4;11;5;6;22;2.727499506559785
TRACK:802;794;-1;1;6;2;3;3;0;2;2;1;1;18;14;1;24;12;3;2;18;11;5;4;1;11;15;6;1;2;1;14;21;-0.7851649952080704;6;23;-1.0434899757239153;0;0;19;11;4;25;1;1;4;3;3;0;1;22;6.5669357025970045;19;1;12;12;16;4;5;2;0;21;4.337692399922112;12;5;21;-0.6080418843562141;2;3;6;3;1;3;9;13;3;1;18;13
TRACK:803;796;-1;1;6;2;2;18;11;1;1;4;3;3;0;1;22;6.252292081936243;19;1;12;12;16;4;5;0;6;4;22;-9.386618580821633;0;1;17;8;6;12;2;3;6;3;1;25;13;3;6;5;2;4;11;5;6;22;2.819870777963275
TRACK:804;798;-1;1;6;21;-0.30157192943538125;2;3;2;4;5;1;2;0;0;8;15;4;24;6;1;25;15;5;5;3;12;6;5;22;-9.48924987024212;3;6;5;2;4;11;5;6;22;2.6024521871826956
TRACK:805;791;-1;1;6;2;3;3;0;2;2;1;1;24;25;1;24;12;3;2;18;11;5;6;5;24;6;1;2;1;14;21;-0.6570227500758432;6;23;-0.9030583413008633;0;0;19;11;23;-0.9116613538326221;1;1;4;3;3;0;1;22;6.234825099666348;19;1;12;12;16;4;5;2;0;21;4.3023351917154455;12;5;21;-0.551151869700688;2;3;6;3;1;25;13;3;6;5;2;4;11;5;6;22;2.8331959521004326
TRACK:806;793;-1;1;6;2;3;3;0;2;2;1;6;23;-0.8316893264988686;1;24;12;3;2;18;11;5;4;1;9;10;6;1;2;1;14;21;-1.3181346865529198;6;23;-0.7791140249449875;0;0;19;11;4;25;1;1;3;12;16;4;5;2;0;21;4.460304363865774;12;5;21;-0.6184402785888506;2;1;1;14;10;5;10;3;6;5;2;4;11;5;6;22;2.6943518976132346
TRACK:807;795;-1;1;6;2;3;3;0;2;2;1;1;18;13;1;24;12;3;2;18;11;5;6;5;24;6;1;2;1;14;21;-0.7928236085985394;6;23;-1.003357154857141;0;0;19;11;4;25;1;1;4;3;3;0;1;22;6.462559540798383;19;1;22;2.798451294640213;12;16;4;5;2;0;21;4.189330799656525;12;5;21;-0.35716828879528406;2;3;2;2;2;2;2;18;25;6;22;0.3073983239805944;4;1;21;7.491866976926612;10;1;3;1;7;-3.489030008548344;22;-4.051394016420109;3;4;9;1;3;4;0;21;0.1340777548640748;9;3;3;1;19;20;2.3892947145401155;3;6;5;2;4;11;5;6;22;2.707259098103041
TRACK:808;797;-1;1;6;2;3;3;0;2;3;0;1;22;6.360098823377034;19;1;12;12;5;4;1;9;15;6;1;2;1;10;24;6;23;-1.212466790131117;0;0;19;11;4;25;1;1;4;3;3;0;1;22;6.542282465711578;19;1;12;12;16;4;5;2;0;21;4.499138273473205;12;5;21;-0.45659484892288205;2;3;6;3;1;25;13;3;6;5;2;4;11;5;6;22;2.8453431190687954
TRACK:809;799;-1;1;6;2;0;11;15;1;1;4;3;3;0;1;22;6.74602616252845;19;1;12;12;16;4;5;2;0;21;4.385174826917677;12;5;21;-0.3012390242055962;2;3;2;4;5;1;2;0;0;8;15;4;24;6;1;25;25;5;5;3;12;6;5;4;1;4;2;21;2.3327828120417293;22;-2.6918066591030136;4;3;11;3;6;5;2;4;11;5;6;22;2.9251064881530398
EVAL_INSTANCE:40:0:800
EVAL_INSTANCE:40:1:801
EVAL_INSTANCE:40:2:802
EVAL_INSTANCE:40:3:803
EVAL_INSTANCE:40:4:804
EVAL_INSTANCE:40:5:805
EVAL_INSTANCE:40:6:806
EVAL_INSTANCE:40:7:807
EVAL_INSTANCE:40:8:808
EVAL_INSTANCE:40:9:809
RUN_RESULT:40:0:0:2000:----
RUN_RESULT:40:1:0:158:RRURUUDDRUURDDDDUL
RUN_RESULT:40:2:0:2000:----
RUN_RESULT:40:3:0:2000:----
RUN_RESULT:40:4:0:2000:----
RUN_RESULT:40:5:0:2000:----
RUN_RESULT:40:6:0:2000:----
RUN_RESULT:40:7:0:2000:----
RUN_RESULT:40:8:0:177:RRURUUDDRUURDDDDDUUL
RUN_RESULT:40:9:0:2000:----
    41 |      410 | -3.928000E+03 | -3.928000E+03
TRACK:810;720;707;1;6;2;3;3;0;2;2;1;1;18;14;1;24;12;3;2;18;11;5;4;1;11;15;6;1;2;1;14;21;-0.8138443779838155;6;23;-1.006758833242549;0;0;19;11;4;25;0;1;22;6.606966492208832;19;1;12;12;2;3;6;3;1;25;13;3;6;5;2;4;11;5;6;22;2.787193005696892
TRACK:811;720;707;1;6;2;3;3;0;2;2;1;1;18;12;1;24;12;3;2;18;11;5;23;-1.006758833242549;6;1;2;1;14;21;-1.0146511438989245;6;23;-1.1236237264195523;0;0;19;11;4;25;1;1;4;3;3;0;1;22;6.606966492208832;19;1;12;12;16;4;5;2;0;3;25;12;5;21;-0.4983659876663705;2;3;6;3;1;25;13;3;6;5;2;4;11;5;6;22;2.8189911263297565
TRACK:812;703;683;1;6;2;3;3;0;2;2;1;6;23;-0.8387395823344265;1;24;12;3;2;18;11;5;4;1;9;10;6;1;2;1;14;21;-1.0487777511914493;6;23;-0.9676211833562276;0;0;19;11;4;25;1;1;4;3;3;0;1;22;6.415262459056687;19;1;12;12;16;4;5;2;0;21;4.5134978074385925;12;5;21;-0.33985554376667193;2;3;2;4;5;1;2;6;3;25;6;1;25;25;5;5;3;12;6;5;4;1;4;2;21;2.3845638295673943;22;-2.5848340753706323;4;3;11;3;6;5;2;4;11;5;6;22;2.742402816000298
TRACK:813;703;683;1;6;2;3;3;0;2;2;1;6;23;-1.0211272694186677;1;24;12;3;2;18;11;5;4;1;9;10;6;1;2;1;14;21;-0.7804896469722422;6;23;-0.9325504830021734;0;0;12;11;4;25;1;1;4;3;3;0;1;22;6.340675979244159;19;1;12;12;16;4;5;2;0;21;4.532583036775885;12;5;21;-0.40465062523167317;2;3;6;3;1;25;13;3;6;5;2;4;11;5;6;22;2.8074374784190184
TRACK:814;742;703;1;6;2;3;3;0;2;4;2;21;2.3845638295673943;22;-2.5848340753706323;5;4;1;9;15;6;1;2;1;14;21;-0.9302767042466775;6;23;-1.1710493557061956;0;0;19;11;4;25;1;1;4;3;3;0;1;22;6.382388386615043;19;1;12;12;16;4;5;2;3;3;18;5;21;-0.5854767634640339;2;3;6;3;1;25;15;3;6;5;2;4;11;5;6;22;2.8567412392059364
TRACK:815;742;703;1;6;2;3;3;0;2;2;1;6;23;-0.8387395823344265;1;24;12;3;2;18;11;5;4;1;9;10;6;1;2;1;14;21;-1.0487777511914493;6;23;-0.9676211833562276;0;0;19;11;4;25;1;1;4;3;3;0;1;22;6.415262459056687;19;1;12;12;16;4;5;2;0;21;4.5134978074385925;12;2;1;14;21;-0.9302767042466775;6;23;-1.1710493557061956;2;3;2;4;5;1;2;6;3;25;6;1;25;25;5;5;3;12;6;5;4;1;4;2;21;2.3845638295673943;22;-2.5848340753706323;4;3;11;3;6;5;2;4;11;5;6;22;2.742402816000298
TRACK:816;785;722;1;6;2;3;3;0;2;2;1;1;18;13;1;24;12;3;2;18;11;5;6;5;24;6;1;2;1;14;21;-0.772567874196158;6;23;-0.9975063705608993;0;0;19;11;4;25;1;1;4;3;3;0;1;22;6.314463430138813;19;1;12;12;16;4;5;4;5;2;0;21;4.456772443512279;12;5;21;-0.41355044399650015;2;3;6;3;1;25;13;3;6;5;2;4;11;5;6;22;2.802583135123342
TRACK:817;785;722;1;6;2;3;3;0;2;2;1;6;23;-0.7705595313447842;1;24;12;3;2;18;11;5;4;1;9;10;6;1;2;1;14;21;-1.212408613559086;6;23;-0.9201231710160916;0;0;19;11;4;25;1;1;4;3;3;0;1;22;6.532886827310305;19;1;12;12;16;4;5;2;0;21;4.456772443512279;12;5;21;-0.41355044399650015;2;3;2;4;5;1;2;0;0;8;15;4;24;6;1;25;25;5;5;3;12;6;5;19;3;6;5;2;4;11;5;6;22;2.726926181903002
TRACK:818;720;608;1;6;2;3;3;0;2;2;1;1;18;14;1;24;12;3;2;18;11;5;4;1;11;15;6;1;2;1;14;21;-0.8138443779838155;6;23;-1.006758833242549;0;0;19;11;4;25;1;1;4;3;3;0;1;22;6.483815050616339;19;1;12;12;16;4;5;2;0;21;4.478027293402004;12;5;21;-0.5982560879812047;2;3;6;3;22;2.7715232663036566;3;6;5;2;4;11;5;6;22;2.787193005696892
TRACK:819;720;608;1;6;2;3;3;0;2;2;1;1;18;12;1;24;12;3;2;18;11;5;4;1;9;15;6;1;2;1;14;21;-1.013074534752782;6;23;-0.9941126745389219;0;0;19;11;4;25;1;1;4;3;3;0;1;22;6.367788635865613;19;1;12;12;16;4;5;22;2.787193005696892;2;3;6;3;1;25;13;3;6;5;2;4;11;5;6;22;2.7715232663036566
TRACK:820;810;-1;1;6;2;3;3;0;2;2;1;1;18;14;1;24;12;3;2;9;11;5;4;1;11;15;6;1;2;1;14;21;-0.8522532851407049;6;23;-0.9312112854305326;0;0;19;11;4;25;0;1;22;6.604866981470418;19;1;12;12;2;3;6;3;1;25;13;3;6;5;2;4;11;5;6;22;2.705011306480612
TRACK:821;812;-1;1;6;2;3;3;0;2;2;1;6;23;-0.7716443084589878;1;24;12;3;2;18;11;5;4;1;9;10;6;1;2;1;14;21;-1.0417243227048387;6;23;-0.944153792806702;0;0;19;11;4;25;1;1;4;3;3;2;5;12;1;15;15;16;4;5;2;0;21;4.485080610450414;12;5;21;-0.37846638222445467;2;3;2;4;5;1;2;6;3;25;6;1;25;25;5;5;3;12;6;5;4;1;4;2;21;2.4031863853176847;22;-2.5789243979977985;4;3;11;3;6;5;2;4;11;5;6;22;2.894105327481404
TRACK:822;814;-1;1;6;2;3;3;0;2;4;2;21;2.5831005860643996;22;-2.747696854789922;5;4;1;9;15;6;1;2;1;14;21;-1.0212997874157015;6;23;-1.303486924700248;0;0;19;11;4;25;1;1;4;3;3;0;1;22;6.413368789230115;19;1;12;12;16;4;5;2;3;3;18;5;21;-0.6402527558960697;2;3;6;2;0;3;12;2;24;16;0;2;18;11;5;22;-0.5270056797020413;3;6;5;2;4;11;5;6;22;2.8583891790981433
TRACK:823;816;-1;1;6;2;3;3;0;2;2;1;1;18;13;1;24;12;3;2;18;11;5;6;5;24;6;1;2;1;14;21;-0.7284770088664604;6;23;-1.0115998997523419;0;0;19;11;4;25;1;1;4;3;3;0;5;25;1;12;12;16;4;5;4;5;2;0;21;4.37195715788224;12;5;21;-0.42759420898585687;2;3;6;3;1;25;13;3;6;5;2;4;11;5;6;22;2.9025594994281376
TRACK:824;818;-1;1;6;2;3;3;0;2;2;1;1;18;14;5;13;3;2;18;11;5;4;1;11;15;6;1;2;1;14;21;-0.7876014550784182;6;23;-1.0476368462013244;0;0;19;11;4;25;1;1;4;3;3;0;1;22;6.48464948425363;19;1;12;12;16;4;5;2;0;21;4.518098594864246;12;5;21;-0.6587333606275256;2;3;6;3;22;2.7375407126014593;3;6;5;2;4;11;5;6;22;2.7016041747545474
TRACK:825;811;-1;1;6;2;3;3;0;2;2;1;22;5.815288237758686;19;3;2;18;11;5;23;-1.0662687341212125;6;1;2;1;14;21;-1.1324278063080775;6;23;-1.0661757968483572;0;0;19;11;4;25;1;1;4;3;3;0;1;22;6.613754680588158;19;1;12;12;16;4;5;2;0;3;25;12;5;21;-0.49979882268132064;2;3;6;3;1;25;13;3;6;5;2;4;11;5;6;22;2.829547344487206
TRACK:826;813;-1;1;6;2;3;3;0;2;2;1;6;23;-0.9758381854996103;1;24;12;3;2;18;11;5;4;1;9;10;6;1;2;1;14;21;-0.7689623912519441;6;23;-1.0460981979843313;0;0;13;11;4;25;1;1;4;3;3;0;1;22;6.4812656058593685;19;1;12;12;16;4;5;2;0;21;4.486972173431374;12;5;21;-0.44199208314575966;2;3;6;3;1;25;13;3;6;5;2;4;11;5;6;22;2.858754306110883
TRACK:827;815;-1;1;6;2;3;3;0;2;2;1;6;23;-0.954801026715116;1;24;12;3;2;18;11;5;4;1;9;10;6;1;2;1;14;21;-0.8820452093866572;6;23;-0.905802768714329;0;0;19;11;4;25;1;1;4;3;3;0;1;22;6.471266132483361;19;1;12;12;16;4;5;2;0;21;4.471578466562678;12;2;1;14;21;-0.9198287823405987;6;23;-1.165095946160381;2;3;2;4;5;1;2;6;3;25;6;1;25;25;5;5;3;12;6;4;5;0;2;2;25;9;1;8;11;3;1;8;13;3;6;5;2;4;11;5;6;22;2.9054913923914194
TRACK:828;817;-1;1;6;2;3;3;3;0;6;5;3;7;4.040843262112981;2;2;5;13;2;8;9;2;0;19;25;5;24;1;1;4;3;3;0;1;22;6.494877836182545;19;1;12;12;16;4;5;2;0;21;4.348139506526467;12;5;21;-0.2988588605258789;2;3;2;4;5;1;2;0;0;8;15;4;24;6;1;25;25;5;5;3;12;6;5;19;3;6;5;2;4;11;5;6;22;2.794465195930241
TRACK:829;819;-1;1;6;2;3;3;0;2;2;1;1;18;12;1;24;12;3;2;18;11;5;4;1;9;15;6;1;2;23;-1.5485479476391788;21;2.7556986208888468;0;0;19;11;4;25;1;1;4;3;3;0;1;22;6.496108110384131;19;1;12;12;16;4;5;22;2.6738237647934584;2;3;6;3;1;25;13;3;6;5;2;4;11;5;6;22;2.759892465131585
EVAL_INSTANCE:41:0:820
EVAL_INSTANCE:41:1:821
EVAL_INSTANCE:41:2:822
EVAL_INSTANCE:41:3:823
EVAL_INSTANCE:41:4:824
EVAL_INSTANCE:41:5:825
EVAL_INSTANCE:41:6:826
EVAL_INSTANCE:41:7:827
EVAL_INSTANCE:41:8:828
EVAL_INSTANCE:41:9:829
RUN_RESULT:41:0:0:2000:----
RUN_RESULT:41:1:0:2000:----
RUN_RESULT:41:2:0:2000:----
RUN_RESULT:41:3:0:2000:----
RUN_RESULT:41:4:0:80:RRURUUDDRUURDDLLD
RUN_RESULT:41:5:0:621:URRRUUDDDDRRUUUDLUUDDD
RUN_RESULT:41:6:0:112:RRURUUDDRUURDDDDUL
RUN_RESULT:41:7:0:72:RRURUUDDRUURDDDDUL
RUN_RESULT:41:8:0:2000:----
RUN_RESULT:41:9:0:2000:----
    42 |      420 | -3.928000E+03 | -3.928000E+03
TRACK:830;722;707;1;6;2;3;3;0;2;2;1;6;23;-0.7705595313447842;1;24;12;3;2;18;11;5;4;1;9;10;6;1;2;1;14;21;-1.212408613559086;6;23;-0.9201231710160916;0;0;19;11;4;25;1;1;4;3;3;0;1;22;6.532886827310305;19;1;12;12;16;18;2;3;2;4;5;1;2;0;0;8;15;4;24;6;1;25;25;5;5;3;12;6;5;4;1;4;2;21;2.3729087515776266;22;-2.6607226083455786;4;3;11;3;6;5;2;4;11;5;6;22;2.726926181903002
TRACK:831;722;707;1;6;2;3;3;0;2;2;1;1;18;12;1;24;12;3;2;18;11;5;4;1;9;15;6;1;2;1;14;21;-1.0146511438989245;6;23;-1.1236237264195523;0;0;19;11;4;25;1;1;4;3;3;0;1;22;6.606966492208832;19;1;12;12;16;2;0;21;4.456772443512279;12;5;21;-0.41355044399650015;2;3;6;3;1;25;13;3;6;5;2;4;11;5;6;22;2.8189911263297565
TRACK:832;720;642;1;6;2;3;3;0;2;2;1;1;18;14;1;24;12;3;2;18;11;5;4;1;11;15;6;1;2;1;14;21;-0.8138443779838155;6;23;-1.006758833242549;0;0;19;11;4;25;1;1;4;3;3;0;1;22;6.483815050616339;19;1;12;21;4.472130362360231;16;4;5;2;0;21;4.478027293402004;12;5;21;-0.5982560879812047;2;3;6;3;1;25;13;3;6;5;2;4;11;5;6;22;2.787193005696892
TRACK:833;720;642;1;6;2;3;3;0;2;2;1;1;18;13;1;24;12;3;2;18;11;5;4;1;9;15;6;1;2;1;14;21;-0.8321534739396904;6;23;-1.0910194689014563;0;0;19;11;4;25;1;1;4;3;3;0;1;22;6.361145966904595;19;1;12;12;16;4;4;3;3;0;1;22;6.483815050616339;19;1;12;12;2;3;6;3;1;25;13;3;6;5;2;4;11;5;6;22;2.7591701134402604
TRACK:834;785;781;1;6;2;3;3;0;2;2;1;1;18;13;1;24;12;3;2;18;11;5;6;5;24;6;1;2;1;14;21;-0.772567874196158;6;23;-0.9975063705608993;0;0;19;11;4;25;1;1;4;3;3;0;1;22;6.314463430138813;19;1;12;12;16;4;1;12;12;2;3;6;3;1;25;13;3;6;5;2;4;11;5;6;22;2.802583135123342
TRACK:835;785;781;1;6;2;3;3;0;2;2;1;6;23;-0.8589661067667558;1;24;12;3;2;18;11;5;4;1;9;10;6;1;2;1;14;21;-1.183448691409649;6;23;-0.7949726557261514;0;0;19;11;4;25;1;1;4;3;3;0;1;22;6.638316404646369;19;1;12;12;16;4;5;2;0;21;4.459942012093966;12;5;21;-0.530860554087341;2;3;2;4;5;1;2;0;0;8;15;4;24;6;1;25;15;5;5;3;12;6;5;4;1;4;2;21;2.2141744447708227;22;-2.6766471889494277;4;3;11;3;6;5;2;4;11;5;6;22;2.7612634671668017
TRACK:836;683;742;1;6;2;3;3;0;2;2;1;6;23;-1.0211272694186677;1;24;12;3;2;23;-1.1710493557061956;11;5;4;1;9;10;6;1;2;1;14;21;-0.7804896469722422;6;23;-0.9325504830021734;0;0;19;11;4;25;1;1;4;3;3;0;1;22;6.340675979244159;19;1;12;12;16;4;5;2;0;21;4.532583036775885;12;5;21;-0.40465062523167317;2;3;6;3;1;25;13;3;6;5;2;4;11;5;6;22;2.8074374784190184
TRACK:837;683;742;1;6;2;3;3;0;2;2;1;1;18;13;1;24;12;3;2;18;11;5;4;1;9;15;6;1;2;1;14;21;-0.9302767042466775;6;23;-1.1710493557061956;0;0;19;11;4;25;1;1;4;3;3;0;1;22;6.382388386615043;19;6;23;-1.0211272694186677;16;4;5;2;3;3;18;5;21;-0.5854767634640339;2;3;6;3;1;25;15;3;6;5;2;4;11;5;6;22;2.8567412392059364
TRACK:838;703;642;1;6;2;3;3;0;2;2;1;6;23;-0.8387395823344265;1;24;12;3;2;18;11;5;4;1;9;10;6;1;2;1;14;21;-1.0487777511914493;6;23;-0.9676211833562276;0;0;19;11;4;25;1;1;4;3;3;0;1;22;6.415262459056687;19;1;12;12;19;4;5;2;0;21;4.5134978074385925;12;5;21;-0.33985554376667193;2;3;2;4;5;1;2;6;3;25;6;1;25;25;5;5;3;12;6;5;4;1;4;2;21;2.3845638295673943;22;-2.5848340753706323;4;3;11;3;6;5;2;4;11;5;6;22;2.742402816000298
TRACK:839;703;642;1;6;2;3;3;0;2;2;1;1;18;13;1;24;12;3;2;18;11;5;4;1;9;15;6;1;2;1;14;21;-0.8321534739396904;6;23;-1.0910194689014563;0;0;19;11;4;25;1;1;4;3;3;0;1;22;6.361145966904595;19;1;12;12;16;4;5;2;0;21;4.472130362360231;12;5;21;-0.5214356090132287;2;3;6;3;1;25;13;3;6;5;2;4;11;23;-0.9676211833562276
TRACK:840;830;-1;2;11;19
TRACK:841;832;-1;1;6;2;3;3;0;2;2;1;1;18;14;1;24;12;3;2;18;11;5;4;1;11;11;6;1;2;1;14;21;-0.585556854951641;6;23;-0.9424205468335687;0;0;19;11;4;25;1;1;4;3;3;0;1;22;6.5258321975134255;19;1;12;21;4.4347916138339984;16;4;5;2;0;21;4.697162548418747;12;5;21;-0.657909099604326;2;3;6;3;1;25;13;3;6;5;2;4;11;5;6;22;2.866077541114087
TRACK:842;834;-1;1;6;2;3;3;0;2;2;1;0;16;15;1;24;12;3;2;18;11;5;6;5;24;6;1;2;1;14;21;-0.735387681751329;6;23;-0.9159772848484798;0;0;19;11;4;25;1;1;4;3;3;0;1;22;6.040261314855786;19;1;12;12;16;4;1;12;12;2;3;6;3;1;25;13;3;6;5;2;4;11;5;6;22;2.7900357843068533
TRACK:843;836;-1;1;6;2;3;3;0;2;2;1;6;23;-0.9159743042810871;1;24;12;3;2;23;-1.2013207520016802;11;5;4;1;9;10;6;1;2;1;13;21;-0.7544246604788495;6;23;-0.8944569045344168;0;0;19;11;4;25;1;1;4;3;3;0;1;22;6.228159973328991;19;1;12;12;16;4;5;2;0;21;4.333394365899827;12;5;21;-0.39783607624263856;2;3;6;3;1;25;13;3;6;5;2;4;11;5;6;22;2.8032824098938747
TRACK:844;838;-1;1;6;2;3;3;0;2;2;1;6;23;-0.8349859164369458;1;24;12;3;2;18;11;5;4;1;9;10;6;1;2;1;14;21;-0.99929017168661;6;23;-0.8530350789801355;0;0;19;11;4;25;1;1;4;3;3;0;1;22;6.555333612215122;19;1;12;12;19;4;5;2;0;21;4.570978902634806;12;5;4;20;-4.607548579040817;2;3;2;4;5;1;2;6;3;25;6;1;25;25;5;5;3;12;6;5;4;1;4;2;21;2.327551619001174;22;-2.477041372779257;4;3;11;3;6;5;2;4;11;5;6;22;2.9199855569870046
TRACK:845;831;-1;1;6;2;3;3;0;2;2;1;1;18;12;1;24;12;3;2;18;11;5;4;1;9;15;6;1;2;1;14;21;-0.8557599260971035;6;23;-1.1703913072548577;0;0;19;11;4;25;1;1;4;3;3;0;1;22;6.639747914726945;19;1;12;14;16;2;0;21;4.71618265124427;12;5;21;-0.4488737223879707;2;3;6;3;1;25;13;3;6;5;2;4;11;5;6;22;2.81433010184092
TRACK:846;833;-1;1;6;2;3;3;0;2;2;1;1;18;13;1;24;12;3;2;18;11;5;4;1;9;15;6;1;2;1;14;21;-0.9783847685096478;6;23;-1.1404406680535764;0;0;19;11;4;25;1;1;4;3;3;0;1;22;6.4092495583583355;19;1;12;12;16;4;4;3;3;0;1;22;6.337387205787248;19;1;12;12;2;3;6;3;1;25;13;3;6;5;2;4;11;5;6;3;5;20;2.158760453816008
TRACK:847;835;-1;1;6;2;3;3;0;2;2;1;6;23;-0.9781117886498611;1;24;12;3;2;18;11;5;4;1;9;10;6;1;2;1;14;21;-1.1785475353714594;6;23;-0.7195318467347566;0;0;19;18;4;25;1;1;4;3;3;0;1;22;6.736656581245895;19;1;12;12;16;4;5;2;0;21;4.499525867527321;12;5;21;-0.6232875380375238;2;3;2;4;5;1;2;0;0;8;15;4;24;6;1;25;15;5;5;3;12;6;5;4;1;4;2;21;2.175496087617281;22;-2.577085199229582;4;3;11;3;6;5;2;4;11;5;6;22;2.7653454379153484
TRACK:848;837;-1;1;6;2;3;3;0;2;2;1;1;18;13;1;24;12;3;2;18;11;5;4;1;9;15;6;1;2;1;14;21;-0.9006754647714176;6;23;-1.2884010929017609;0;0;19;11;4;25;1;1;4;0;4;22;3.0220705203357117;5;19;16;4;5;2;3;3;18;5;21;-0.5917664264610456;2;3;6;3;1;25;15;3;6;5;2;4;11;5;6;22;2.871957728690292
TRACK:849;839;-1;1;6;2;3;3;0;2;2;1;1;18;13;1;24;12;3;2;12;11;5;4;1;9;15;6;1;2;1;14;21;-0.8200416651600494;6;23;-0.9399892587112441;0;0;19;11;4;25;1;1;4;3;3;0;1;22;6.3428252926027335;19;1;12;12;16;4;5;2;0;21;4.518526525055363;12;5;21;-0.502887298583204;2;3;6;3;1;25;13;3;6;5;2;4;11;23;-0.8602856597079335
EVAL_INSTANCE:42:0:840
EVAL_INSTANCE:42:1:841
EVAL_INSTANCE:42:2:842
EVAL_INSTANCE:42:3:843
EVAL_INSTANCE:42:4:844
EVAL_INSTANCE:42:5:845
EVAL_INSTANCE:42:6:846
EVAL_INSTANCE:42:7:847
EVAL_INSTANCE:42:8:848
EVAL_INSTANCE:42:9:849
RUN_RESULT:42:0:0:2000:----
RUN_RESULT:42:1:0:185:RRURUUDDRUURDDDDUL
RUN_RESULT:42:2:0:2000:----
RUN_RESULT:42:3:0:621:RRURUUDDDDRRUUUDLUUDDD
RUN_RESULT:42:4:0:72:RRURUUDDRUURDDDDUL
RUN_RESULT:42:5:0:72:RRURUUDDRUURDDDDUL
RUN_RESULT:42:6:0:92:RRURUUDDRUURDDDL
RUN_RESULT:42:7:0:72:RRURUUDDRUURDDDDUL
RUN_RESULT:42:8:0:2000:----
RUN_RESULT:42:9:0:79:RRURUUDDRUURDDDL
    43 |      430 | -3.928000E+03 | -3.928000E+03
TRACK:850;683;785;1;6;2;3;3;0;2;2;1;6;23;-1.0211272694186677;1;24;12;3;2;18;11;5;4;1;9;10;6;1;2;1;14;21;-0.7804896469722422;6;23;-0.9325504830021734;0;0;19;11;4;25;1;1;4;3;3;0;1;22;6.340675979244159;19;1;12;12;16;4;5;2;0;21;4.532583036775885;12;5;21;-0.40465062523167317;2;3;6;3;1;25;13;1;18;13
TRACK:851;683;785;1;6;2;3;3;0;2;11;5;6;5;24;6;1;2;1;14;21;-0.772567874196158;6;23;-0.9975063705608993;0;0;19;11;4;25;1;1;4;3;3;0;1;22;6.314463430138813;19;1;12;12;16;4;5;2;0;21;4.394310769478214;12;5;21;-0.45346566867517757;2;3;6;3;1;25;13;3;6;5;2;4;11;5;6;22;2.802583135123342
TRACK:852;781;742;1;6;2;3;3;0;2;2;1;6;23;-0.8589661067667558;1;24;12;3;2;18;11;5;4;1;9;10;6;1;2;1;14;21;-1.183448691409649;6;23;-0.7949726557261514;0;0;19;11;4;25;1;1;4;3;3;0;1;22;6.638316404646369;19;1;12;12;16;4;5;2;0;21;4.459942012093966;12;5;21;-0.530860554087341;2;3;2;4;5;1;2;0;0;8;15;4;24;6;1;25;15;5;5;3;12;6;5;4;1;4;2;21;2.2141744447708227;22;-2.6766471889494277;4;3;11;3;6;5;2;4;11;5;6;22;2.7612634671668017
TRACK:853;781;742;1;6;2;3;3;0;2;2;1;1;18;13;1;24;12;3;2;18;11;5;4;1;9;15;6;1;2;1;14;21;-0.9302767042466775;6;23;-1.1710493557061956;14;1;1;4;3;3;0;1;22;6.382388386615043;19;1;12;12;16;4;5;2;3;3;18;5;21;-0.5854767634640339;2;3;6;3;1;25;15;3;6;5;2;4;11;5;6;22;2.8567412392059364
TRACK:854;720;785;1;6;2;3;3;0;2;2;1;1;18;14;1;24;12;3;2;18;11;5;4;1;11;15;6;1;2;1;14;21;-0.8138443779838155;6;23;-1.006758833242549;0;0;19;11;4;19;1;1;4;3;3;0;1;22;6.483815050616339;19;1;12;12;16;4;5;2;0;21;4.478027293402004;12;5;21;-0.5982560879812047;2;3;6;3;1;25;13;3;6;5;2;4;11;5;6;22;2.787193005696892
TRACK:855;720;785;1;6;2;3;3;0;2;2;1;1;18;13;1;24;12;3;2;18;11;5;6;5;24;6;1;2;1;14;21;-0.772567874196158;6;23;-0.9975063705608993;0;0;19;11;4;25;1;1;4;3;3;0;1;22;6.314463430138813;19;1;12;12;16;4;5;2;0;21;4.394310769478214;12;5;21;-0.45346566867517757;2;3;6;3;1;25;4;1;11;15;3;6;5;2;4;11;5;6;22;2.802583135123342
TRACK:856;703;608;1;6;2;3;3;0;2;2;1;6;23;-0.8387395823344265;1;24;12;3;2;18;11;5;4;1;9;10;6;1;2;1;14;21;-1.0487777511914493;6;23;-0.9676211833562276;1;24;12;1;1;4;3;3;0;1;22;6.415262459056687;19;1;12;12;16;4;5;2;0;21;4.5134978074385925;12;5;21;-0.33985554376667193;2;3;2;4;5;1;2;6;3;25;6;1;25;25;5;5;3;12;6;5;4;1;4;2;21;2.3845638295673943;22;-2.5848340753706323;4;3;11;3;6;5;2;4;11;5;6;22;2.742402816000298
TRACK:857;703;608;1;6;2;3;3;0;2;2;1;1;18;12;1;24;12;3;2;18;11;5;4;1;9;15;6;1;2;1;14;21;-1.013074534752782;6;23;-0.9941126745389219;12;1;1;4;3;3;0;1;22;6.367788635865613;19;1;12;12;16;4;5;2;0;21;4.559137938084782;12;5;21;-0.5453201374660759;2;3;6;3;1;25;13;3;6;5;2;4;11;5;6;22;2.7715232663036566
TRACK:858;720;742;1;6;2;3;3;0;2;1;25;15;5;4;1;11;15;6;1;2;1;14;21;-0.8138443779838155;6;23;-1.006758833242549;0;0;19;11;4;25;1;1;4;3;3;0;1;22;6.483815050616339;19;1;12;12;16;4;5;2;0;21;4.478027293402004;12;5;21;-0.5982560879812047;2;3;6;3;1;25;13;3;6;5;2;4;11;5;6;22;2.787193005696892
TRACK:859;720;742;1;6;2;3;3;0;2;2;1;1;18;13;1;24;12;3;2;18;11;5;4;1;9;15;6;1;2;1;14;21;-0.9302767042466775;6;23;-1.1710493557061956;0;0;19;11;4;25;1;1;4;3;3;0;1;22;6.382388386615043;19;1;12;12;16;4;5;3;6;3;1;25;13;2;3;6;3;1;25;15;3;6;5;2;4;11;5;6;22;2.8567412392059364
TRACK:860;850;-1;1;6;2;3;3;0;2;2;1;6;23;-1.193438329635386;1;24;12;3;2;18;11;5;4;1;9;10;6;1;2;1;14;16;6;23;-0.9128161187054253;0;0;19;11;4;25;1;1;4;3;3;0;1;22;6.254496772851438;19;1;12;12;16;4;5;2;0;21;4.409329228998448;12;5;21;-0.47999619700294416;2;3;6;3;1;25;13;1;18;13
TRACK:861;852;-1;1;6;2;3;3;0;2;2;1;6;23;-1.0565059590776862;1;24;12;3;2;18;11;5;4;1;9;10;6;1;2;1;14;21;-1.250453360648232;6;23;-0.8373123774240487;0;0;19;11;4;25;1;1;4;3;3;0;1;22;6.670022258645805;19;1;12;12;16;4;5;2;0;21;4.452040994344444;12;5;21;-0.43746037153698325;2;3;2;4;5;1;2;0;0;18;15;4;24;6;1;25;15;5;5;3;12;6;5;4;1;4;2;21;2.2670527180266595;22;-2.9334125758575813;4;3;11;3;6;5;2;4;11;5;6;22;2.6254913724923874
TRACK:862;854;-1;1;6;2;3;3;0;2;2;1;1;18;14;1;24;12;3;2;18;11;5;4;1;11;15;6;1;2;1;14;21;-0.7709809856227379;6;23;-0.9834750459355281;0;0;19;11;4;19;1;1;4;3;3;0;1;22;6.371727551695883;19;1;12;12;16;4;5;2;0;21;4.448825575356695;12;5;21;-0.6935293206557246;2;3;6;3;1;25;13;3;6;5;2;4;6;6;13;5;6;22;2.728559508314556
TRACK:863;856;-1;1;6;2;3;3;0;2;2;1;6;23;-0.8063125159815675;1;24;12;3;2;18;11;5;4;1;9;10;6;1;2;1;14;21;-1.158227895990105;6;23;-0.9170590878524413;1;24;12;1;1;4;3;3;0;1;22;6.6007075322182045;19;1;12;12;16;4;5;2;0;21;4.534455421121444;12;5;21;-0.5216627591137702;2;3;2;4;5;1;2;6;3;25;6;1;25;25;5;5;3;12;6;5;4;1;4;2;21;2.1645006846739623;22;-2.481841055868101;4;3;11;3;6;5;2;5;21;-9.20827929248057;5;6;22;2.858120615744824
TRACK:864;858;-1;1;6;2;3;3;0;2;1;25;15;5;4;1;11;15;6;1;2;1;14;21;-0.889328712506156;6;23;-0.8235534032792622;0;0;19;11;4;25;1;1;4;3;3;0;1;22;6.366524455033538;19;1;12;12;16;4;5;2;0;3;8;12;5;21;-0.6863317327176348;2;3;6;3;1;25;13;3;6;5;2;4;11;5;6;22;2.7048931018972495
TRACK:865;851;-1;0;4;4;0;7;-7.54858627089596;10;3;6;0;21;8.645523022488803;9
TRACK:866;853;-1;1;6;0;1;3;5;4;3;20;2.3835200335310276;1;6;3;6;11;3;2;0;13;14;1;24;7;-2.768032048364704;0;3;6;5;1;7;7.445105543828838;12;1;1;4;6;7;9.442906155100331;0;5;17;2;14;19;6;2;0;24;14;0;21;-9.57491546956443;18;2;3;6;3;1;25;15;3;6;5;2;4;11;5;6;22;2.7550555809219284
TRACK:867;855;-1;1;6;2;3;3;0;2;2;1;1;18;13;2;21;5.582235912430898;9;3;2;18;11;5;6;5;24;6;1;2;1;14;21;-0.9506732824147841;6;23;-1.0096494836710053;0;0;19;11;4;25;1;1;4;3;3;0;1;22;6.4131967069557225;19;1;12;12;16;4;5;2;0;21;4.512187006648617;12;5;21;-0.5777106264102724;2;3;6;3;1;25;4;1;11;15;3;6;5;2;4;11;5;6;22;2.7716979633055003
TRACK:868;857;-1;1;6;2;3;3;0;2;2;1;1;18;12;1;24;12;3;2;18;11;5;4;1;9;15;6;1;2;1;14;21;-1.1613417819290188;6;23;-1.097239979226145;12;1;1;4;3;3;0;1;22;6.462808292745142;19;1;12;12;16;4;5;2;0;21;4.518249352659966;12;5;21;-0.49807429639306106;2;4;1;0;5;1;3;6;18;1;6;19;6;13;0;6;1;4;18;5;9;4;4;1;10;18;4;6;0;1;5;22;1.2270646847137954;4;18;4;3;15;0;4;3;6;6;3;4;14;4;3;4;5;5;3;19
TRACK:869;859;-1;1;6;2;3;3;0;2;2;1;1;18;13;1;24;12;3;2;18;11;5;4;1;9;15;6;1;2;1;14;21;-0.9108632487632885;6;23;-1.0355503039957794;0;0;19;11;4;25;1;1;4;3;3;0;1;22;6.196534846685211;19;1;12;12;16;4;5;4;6;7;-6.381861314463868;2;3;6;3;1;25;15;3;6;5;2;4;11;5;6;22;2.8818166353715777
EVAL_INSTANCE:43:0:860
EVAL_INSTANCE:43:1:861
EVAL_INSTANCE:43:2:862
EVAL_INSTANCE:43:3:863
EVAL_INSTANCE:43:4:864
EVAL_INSTANCE:43:5:865
EVAL_INSTANCE:43:6:866
EVAL_INSTANCE:43:7:867
EVAL_INSTANCE:43:8:868
EVAL_INSTANCE:43:9:869
RUN_RESULT:43:0:0:2000:----
RUN_RESULT:43:1:0:72:RRURUUDDRUURDDDDUL
RUN_RESULT:43:2:0:1122:RRURUUDDRUUDDD
RUN_RESULT:43:3:0:2000:----
RUN_RESULT:43:4:0:72:RRURUUDDRUURDDDDUL
RUN_RESULT:43:5:0:2000:----
RUN_RESULT:43:6:0:2000:----
RUN_RESULT:43:7:0:72:RRURUUDDRUURDDDDUL
RUN_RESULT:43:8:0:2000:----
RUN_RESULT:43:9:0:73:RRURUUDDRUURDDDDUL
    44 |      440 | -3.928000E+03 | -3.928000E+03
TRACK:870;707;720;1;6;2;3;3;0;2;2;1;1;18;12;1;24;12;3;2;18;11;5;4;1;9;15;6;1;2;1;14;21;-1.0146511438989245;6;23;-1.1236237264195523;0;0;19;11;4;25;1;1;4;3;3;0;1;22;6.606966492208832;19;1;12;12;16;4;5;2;0;3;25;12;5;21;-0.4983659876663705;2;3;6;3;1;25;13;3;6;5;2;4;11;1;12;12
TRACK:871;707;720;1;6;2;3;25;1;1;4;3;3;0;1;22;6.483815050616339;19;1;12;12;16;4;5;2;0;21;4.478027293402004;12;5;21;-0.5982560879812047;2;3;6;3;1;25;13;3;6;5;2;4;11;5;6;22;2.787193005696892
TRACK:872;703;608;1;6;2;3;3;0;2;2;1;6;23;-0.8387395823344265;1;24;12;3;2;18;11;5;4;1;9;10;6;1;2;1;14;21;-1.0487777511914493;6;23;-0.9676211833562276;0;0;19;11;4;25;1;1;4;3;3;25;16;4;5;2;0;21;4.5134978074385925;12;5;21;-0.33985554376667193;2;3;2;4;5;1;2;6;3;25;6;1;25;25;5;5;3;12;6;5;4;1;4;2;21;2.3845638295673943;22;-2.5848340753706323;4;3;11;3;6;5;2;4;11;5;6;22;2.742402816000298
TRACK:873;703;608;1;6;2;3;3;0;2;2;1;1;18;12;1;24;12;3;2;18;11;5;4;1;9;15;6;1;2;1;14;21;-1.013074534752782;6;23;-0.9941126745389219;0;0;19;11;4;25;1;1;4;3;3;0;1;22;6.367788635865613;19;1;12;12;16;4;5;2;0;21;4.559137938084782;12;5;21;-0.5453201374660759;2;3;6;3;1;25;13;3;6;5;2;1;25;25;5;6;22;2.7715232663036566
TRACK:874;781;722;1;6;2;3;3;0;2;2;1;6;23;-0.8589661067667558;1;24;12;3;2;18;11;5;4;1;9;10;6;1;2;1;14;21;-1.183448691409649;6;23;-0.7949726557261514;0;0;19;11;4;25;1;1;4;3;3;0;1;22;6.638316404646369;19;1;12;12;16;4;5;2;0;21;4.459942012093966;12;5;21;-0.530860554087341;2;3;2;4;5;1;2;0;0;8;15;4;24;6;1;25;15;5;2;0;21;4.456772443512279;12;5;21;-0.41355044399650015;6;5;4;1;4;2;21;2.2141744447708227;22;-2.6766471889494277;4;3;11;3;6;5;2;4;11;5;6;22;2.7612634671668017
TRACK:875;781;722;1;6;2;3;3;0;2;2;1;6;23;-0.7705595313447842;1;24;12;3;2;18;11;5;4;1;9;10;6;1;2;1;14;21;-1.212408613559086;6;23;-0.9201231710160916;0;0;19;11;4;25;1;1;4;3;3;0;1;22;6.532886827310305;19;1;12;12;16;4;5;2;0;21;4.456772443512279;12;5;21;-0.41355044399650015;2;3;2;4;5;1;2;0;0;8;15;4;24;6;1;25;25;5;5;3;12;6;5;4;1;4;2;21;2.3729087515776266;22;-2.6607226083455786;4;3;11;3;6;5;2;4;11;5;19
TRACK:876;703;608;1;6;2;3;3;0;2;2;1;6;23;-0.8387395823344265;1;24;12;3;2;18;11;5;4;1;9;10;6;1;2;1;14;21;-1.0487777511914493;6;23;-0.9676211833562276;0;0;19;11;4;25;1;1;4;3;3;0;1;22;6.415262459056687;19;1;12;12;16;4;5;2;0;21;4.5134978074385925;12;5;21;-0.33985554376667193;2;3;2;4;5;1;2;6;3;25;6;1;25;25;5;5;3;12;6;4;25;3;6;5;2;4;11;5;6;22;2.742402816000298
TRACK:877;703;608;1;6;2;3;3;0;2;2;1;1;18;12;1;24;12;3;2;18;11;5;4;1;9;15;6;1;2;1;14;21;-1.013074534752782;6;23;-0.9941126745389219;0;0;19;11;4;25;1;1;4;3;3;0;1;22;6.367788635865613;19;1;12;12;6;23;-0.8387395823344265;4;5;2;0;21;4.559137938084782;12;5;21;-0.5453201374660759;2;3;6;3;1;25;13;3;6;5;2;4;11;5;6;22;2.7715232663036566
TRACK:878;781;785;1;6;2;3;3;0;2;2;1;6;23;-0.8589661067667558;1;24;12;3;2;18;11;5;4;1;9;10;6;1;0;21;4.394310769478214;12;0;0;19;11;4;25;1;1;4;3;3;0;1;22;6.638316404646369;19;1;12;12;16;4;5;2;0;21;4.459942012093966;12;5;21;-0.530860554087341;2;3;2;4;5;1;2;0;0;8;15;4;24;6;1;25;15;5;5;3;12;6;5;4;1;4;2;21;2.2141744447708227;22;-2.6766471889494277;4;3;11;3;6;5;2;4;11;5;6;22;2.7612634671668017
TRACK:879;781;785;1;6;2;3;3;0;2;2;1;1;18;13;1;24;12;3;2;18;11;5;6;5;24;6;1;2;1;14;21;-0.772567874196158;6;23;-0.9975063705608993;0;0;19;11;4;25;1;1;4;3;3;0;1;22;6.314463430138813;19;1;12;10;16;4;5;2;0;21;4.394310769478214;12;5;21;-0.45346566867517757;2;3;6;3;1;25;13;3;6;5;2;4;11;5;6;22;2.802583135123342
TRACK:880;870;-1;1;6;2;3;3;0;2;2;1;1;18;12;1;24;12;3;2;18;11;5;4;1;9;15;6;1;2;1;14;21;-1.1041963859122204;6;23;-1.1366625967413682;0;0;19;11;4;25;1;1;4;3;3;0;1;22;6.564091372399072;19;1;12;12;16;4;5;2;0;3;25;12;6;18;2;3;6;3;1;25;13;3;6;5;2;4;11;1;12;12
TRACK:881;703;-1;1;6;2;3;3;0;2;2;1;6;23;-1.0129282766616992;1;23;-8.21400231461199;12;3;2;18;11;5;4;1;9;10;6;1;2;1;14;21;-0.9818898266912508;6;23;-0.9025789861599193;0;0;19;11;4;25;1;1;4;3;3;0;1;22;6.350959979034857;19;1;12;12;16;4;5;2;0;21;4.492535467480996;12;5;21;-0.2852742503625908;2;3;2;4;5;1;2;6;3;25;6;1;25;25;5;5;3;12;6;5;4;1;4;2;21;2.378246337777162;22;-2.6373084477498434;4;3;11;3;6;5;2;4;11;5;6;22;2.6491468255674326
TRACK:882;874;-1;1;6;2;3;3;0;2;2;1;6;23;-0.6447120531485004;1;24;12;3;2;18;11;5;4;1;9;10;6;1;2;1;14;21;-1.0264851013027143;6;23;-0.7416795820720241;0;0;19;11;4;25;1;1;4;3;3;0;1;22;6.749100255255271;19;0;17;22;-8.583534418129158;16;4;5;2;0;21;4.5266388326916385;12;5;21;-0.6359078772181358;2;3;2;4;5;1;2;0;0;8;15;4;24;6;1;25;15;5;2;0;21;4.497615725691055;12;5;21;-0.4425617246463254;6;5;4;1;4;2;21;2.1756752257969696;22;-2.6637137153762263;4;3;11;3;6;5;2;4;11;5;6;22;2.603246364647278
TRACK:883;876;-1;1;6;2;3;3;0;2;2;1;6;23;-0.9073476310811117;1;24;12;3;2;18;11;5;4;1;9;10;6;1;2;1;14;21;-1.1566663053236232;1;20;6.762892606151809;19;0;0;19;11;4;25;1;1;4;3;3;0;1;22;6.4300760394888545;19;1;12;12;16;4;5;2;0;21;4.6619268345025375;12;5;21;-0.25422249830426213;2;3;2;4;5;1;2;6;3;25;6;1;25;25;5;5;3;12;6;4;25;3;6;5;2;4;11;5;6;22;2.8779220848984277
TRACK:884;878;-1;1;1;4;3;5;0;5;4;3;8;4;6;3;16;1;6;3;2;2;0;5;19;0;19;21;-2.022968078909395;6;1;12;17;3;5;2;8;23;-0.8283813285313553;1;6;4;4;3;0;21;-2.4122344480789;11;2;2;1;1;2;18;13;4;19;2;5;14;2;17;24;1;0;2;24;7;9.823772945403839;3;10;6;1;12;8;0;2;5;2;10;23;-8.39394561347767;5;6;15;0;4;0;24;8;5;4;18;2;3;2;4;5;1;2;0;0;8;15;4;24;6;1;25;15;5;5;3;12;6;5;4;1;4;2;21;2.096067537725662;22;-2.8743116722073547;4;3;11;3;6;5;2;4;11;5;6;22;2.6585142223074936
TRACK:885;871;-1;1;6;2;3;25;1;1;4;3;3;0;1;22;6.552380829147106;19;1;12;12;16;4;5;2;0;21;4.418763815494766;12;5;21;-0.5110587931991432;2;4;6;6;0;1;18;22;9.655023488591855;5;12;3;6;5;2;4;11;5;6;22;2.6260929867008214
TRACK:886;608;-1;1;6;2;3;3;0;2;2;1;1;18;12;1;24;12;3;2;18;11;4;0;2;20;3.8176241839680785;15;5;13;6;1;2;1;14;21;-1.0781869579601668;6;23;-1.1397277714902527;0;0;19;11;4;25;1;1;4;3;3;0;1;22;6.529414596632588;19;1;12;12;16;4;5;2;0;21;4.500981274316346;12;5;21;-0.5068328615326344;2;3;6;3;1;25;13;3;6;5;2;4;11;5;6;22;2.8925850420533576
TRACK:887;875;-1;1;6;2;3;3;0;2;2;1;6;23;-0.8433271102812586;1;24;12;3;2;18;11;5;4;1;9;10;6;1;2;1;14;21;-1.3420149716392487;6;23;-0.9463190303557953;0;0;19;11;4;25;1;1;4;3;3;0;1;22;6.6212444057140605;19;1;12;12;16;4;5;2;0;21;4.323079857798163;12;5;21;-0.35989482518227556;2;3;0;22;9.634350076038295;16;4;2;20;2.345679155257212;24
TRACK:888;877;-1;1;6;2;3;3;0;2;2;1;1;18;12;1;24;12;3;2;18;16;5;4;1;9;15;6;1;2;1;14;21;-0.9150550248732167;6;23;-0.9746193184702244;0;0;19;11;4;25;1;1;4;3;3;0;1;22;6.276381681021342;19;1;12;12;6;23;-0.8822246051413027;4;5;2;0;21;4.408195232934702;12;5;21;-0.5069821301875044;2;3;6;3;1;25;13;3;6;5;2;4;11;5;6;22;2.644756896472908
TRACK:889;879;-1;1;6;2;3;3;1;0;5;9;2;12;14;0;2;25;8;1;15;12;1;1;4;3;3;0;1;22;6.376996219816152;19;1;12;10;16;4;5;2;0;21;4.2784124415898415;12;5;21;-0.28545489563194565;2;3;6;3;1;25;13;3;6;5;2;4;11;5;6;22;2.802010592753971
EVAL_INSTANCE:44:0:880
EVAL_INSTANCE:44:1:881
EVAL_INSTANCE:44:2:882
EVAL_INSTANCE:44:3:883
EVAL_INSTANCE:44:4:884
EVAL_INSTANCE:44:5:885
EVAL_INSTANCE:44:6:886
EVAL_INSTANCE:44:7:887
EVAL_INSTANCE:44:8:888
EVAL_INSTANCE:44:9:889
RUN_RESULT:44:0:0:2000:----
RUN_RESULT:44:1:0:72:RRURUUDDRUURDDDDUL
RUN_RESULT:44:2:0:2000:----
RUN_RESULT:44:3:0:549:RRURUUDDRUUDDD
RUN_RESULT:44:4:0:2000:----
RUN_RESULT:44:5:0:132:RRURUUDDRUURDDDDDUUL
RUN_RESULT:44:6:0:788:RRURUURDDDDRUUUDDDDDLUUUUUUDDD
RUN_RESULT:44:7:0:2000:----
RUN_RESULT:44:8:0:2000:----
RUN_RESULT:44:9:0:107:RRURUUDDRUUDDD
    45 |      450 | -3.928000E+03 | -3.928000E+03
TRACK:890;720;707;1;6;2;3;3;0;2;2;1;1;18;14;1;24;12;3;2;18;11;5;4;1;22;6.606966492208832;15;6;1;2;1;14;21;-0.8138443779838155;6;23;-1.006758833242549;0;0;19;11;4;25;1;1;4;3;3;0;1;22;6.483815050616339;19;1;12;12;16;4;5;2;0;21;4.478027293402004;12;5;21;-0.5982560879812047;2;3;6;3;1;25;13;3;6;5;2;4;11;5;6;22;2.787193005696892
TRACK:891;720;707;1;6;2;3;3;0;2;2;1;1;18;12;1;24;12;3;2;18;11;5;4;1;9;15;6;1;2;1;14;21;-1.0146511438989245;6;21;-0.5982560879812047;0;0;19;11;4;25;1;1;4;3;3;0;1;22;6.606966492208832;19;1;12;12;16;4;5;2;0;3;25;12;5;21;-0.4983659876663705;2;3;6;3;1;25;13;3;6;5;2;4;11;5;6;22;2.8189911263297565
TRACK:892;703;742;1;6;2;3;3;0;2;2;1;6;23;-0.8387395823344265;1;24;12;3;2;13;11;5;4;1;9;10;6;1;2;1;14;21;-1.0487777511914493;6;23;-0.9676211833562276;0;0;19;11;4;25;1;1;4;3;3;0;1;22;6.415262459056687;19;1;12;12;16;4;5;2;0;21;4.5134978074385925;12;5;21;-0.33985554376667193;2;3;2;4;5;1;2;6;3;25;6;1;25;25;5;5;3;12;6;5;4;1;4;2;21;2.3845638295673943;22;-2.5848340753706323;4;3;11;3;6;5;2;4;11;5;6;22;2.742402816000298
TRACK:893;703;742;1;6;2;3;3;0;2;2;1;1;18;13;1;24;12;3;2;18;11;5;4;1;9;15;6;1;2;1;14;21;-0.9302767042466775;6;23;-1.1710493557061956;0;0;19;11;4;25;1;1;4;3;3;0;1;22;6.382388386615043;11;1;12;12;16;4;5;2;3;3;18;5;21;-0.5854767634640339;2;3;6;3;1;25;15;3;6;5;2;4;11;5;6;22;2.8567412392059364
TRACK:894;642;781;1;6;2;3;3;0;2;2;1;1;18;13;1;24;12;3;2;18;11;5;4;1;9;15;6;1;2;1;14;21;-0.8321534739396904;6;23;-1.0910194689014563;0;0;19;11;4;25;1;1;4;3;3;0;1;22;6.361145966904595;19;1;12;12;16;4;5;8;2;3;6;3;1;25;13;3;6;5;2;4;11;5;6;22;2.7591701134402604
TRACK:895;642;781;1;6;2;11;1;1;4;3;3;0;1;22;6.638316404646369;19;1;12;12;16;4;5;2;0;21;4.459942012093966;12;5;21;-0.530860554087341;2;3;2;4;5;1;2;0;0;8;15;4;24;6;1;25;15;5;5;3;12;6;5;4;1;4;2;21;2.2141744447708227;22;-2.6766471889494277;4;3;11;3;6;5;2;4;11;5;6;22;2.7612634671668017
TRACK:896;742;642;1;6;2;3;3;0;2;2;1;1;18;13;1;24;12;3;2;18;11;5;4;1;9;15;6;1;2;1;14;21;-0.9302767042466775;6;23;-1.1710493557061956;0;0;19;11;4;25;1;1;4;3;3;0;1;22;6.382388386615043;19;1;12;12;2;4;11;5;6;22;2.7591701134402604;4;5;2;3;3;18;5;21;-0.5854767634640339;2;3;6;3;1;25;15;3;6;5;2;4;11;5;6;22;2.8567412392059364
TRACK:897;742;642;1;6;2;1;14;21;-0.9302767042466775;1;1;4;3;3;0;1;22;6.361145966904595;19;1;12;12;16;4;5;2;0;21;4.472130362360231;12;5;21;-0.5214356090132287;2;3;6;3;1;25;13;3;6;5;2;4;11;5;6;22;2.7591701134402604
TRACK:898;608;683;1;6;2;3;3;0;2;2;1;1;18;12;1;24;12;3;2;18;11;5;4;1;9;15;6;1;2;1;14;21;-1.013074534752782;6;23;-0.9941126745389219;0;0;19;11;4;25;1;1;4;3;3;0;1;14;21;-0.7804896469722422;1;12;12;16;4;5;2;0;21;4.559137938084782;12;5;21;-0.5453201374660759;2;3;6;3;1;25;13;3;6;5;2;4;11;5;6;22;2.7715232663036566
TRACK:899;608;683;1;6;2;3;3;0;2;2;1;6;23;-1.0211272694186677;1;24;12;3;2;18;11;5;4;1;9;10;6;1;2;1;12;21;-0.7804896469722422;6;23;-0.9325504830021734;0;0;19;11;4;25;1;1;4;3;3;0;1;22;6.340675979244159;19;1;12;12;16;4;5;2;0;21;4.532583036775885;12;5;21;-0.40465062523167317;2;3;6;3;1;25;13;3;6;5;2;4;11;5;6;22;2.8074374784190184
TRACK:900;890;-1;1;6;2;3;3;0;2;2;1;1;18;14;1;24;12;3;2;18;11;5;4;1;22;6.506861019503719;15;6;1;2;1;14;21;-0.7909242963530192;6;23;-0.9839874244323259;0;0;19;11;4;25;1;1;4;3;3;0;1;22;6.567466166147249;19;1;12;12;16;4;5;2;0;21;4.6013968811904995;12;0;22;1.6854361757526064;12;2;3;6;3;1;25;13;3;6;5;2;4;11;5;6;22;2.8910524676752454
TRACK:901;892;-1;1;6;2;3;3;0;2;2;1;6;23;-0.8359385411086208;1;24;12;3;2;13;11;5;4;1;9;10;6;1;2;1;14;21;-1.1165254139236955;6;23;-1.0324903486374228;0;0;11;11;4;25;1;1;4;3;3;0;1;22;6.37001222951544;19;1;12;12;16;4;5;2;0;21;4.663608785986483;12;5;21;-0.4011963295962472;2;3;2;4;5;1;2;6;3;25;6;1;25;25;5;5;3;12;6;5;4;1;4;2;21;2.394453075189135;22;-2.63128430836645;4;3;11;3;6;5;2;4;11;5;6;22;2.7857008270923123
TRACK:902;894;-1;1;6;2;3;3;0;6;1;4;11;0;24;24;6;1;2;1;14;21;-0.8999074066663676;6;23;-1.095349055795198;0;0;19;11;4;25;1;1;4;3;3;0;1;22;6.45281779729432;19;1;12;12;16;4;5;8;2;3;6;3;1;25;13;3;6;5;2;4;11;5;6;22;2.703986693216783
TRACK:903;896;-1;1;6;2;5;4;2;15;18;1;1;4;3;3;0;1;22;6.3415817267403325;19;1;12;12;2;4;11;5;6;22;2.9546552054364503;4;5;2;3;3;18;5;21;-0.7164915750530918;2;3;6;3;1;25;15;3;6;5;2;4;11;5;6;22;2.8700581639221623
TRACK:904;608;-1;1;6;2;3;3;0;2;2;1;1;18;12;1;24;12;3;2;18;11;5;4;1;9;15;6;1;2;1;14;21;-0.8426408729909215;6;23;-0.9267401401106657;0;2;8;24;4;25;1;1;4;3;3;0;1;22;6.275421425506681;19;1;12;12;16;4;5;2;0;21;4.549441008756142;12;5;21;-0.41612855735695076;2;3;6;3;1;25;13;3;6;5;2;4;11;5;6;22;2.5533013598408534
TRACK:905;891;-1;1;6;2;3;3;0;2;2;1;1;18;12;1;24;12;3;2;18;11;5;4;1;9;15;6;1;2;1;14;21;-0.8882519560227236;6;21;-0.5331055061378801;0;0;19;11;4;25;1;1;4;1;4;4;2;21;6.1633655958267966;22;7.073849578234597;0;6;5;24;6;4;25;16;4;5;2;0;3;25;12;5;21;-0.4177365714976779;2;3;6;3;1;25;13;3;6;5;2;4;11;5;6;22;2.9915932273809225
TRACK:906;893;-1;1;6;2;3;3;0;2;2;1;1;18;13;1;24;12;3;2;18;11;5;4;1;9;15;6;1;2;1;14;21;-0.9458729255891951;6;23;-0.983481916139985;0;0;19;11;4;25;1;1;4;3;3;0;1;22;6.269318779825871;11;1;12;12;16;4;5;2;3;3;18;5;21;-0.44251025365737207;2;3;6;3;1;25;15;3;6;5;2;4;2;6;13;1;16;17;5;6;22;2.8715433475341308
TRACK:907;895;-1;1;6;2;11;1;1;4;3;3;0;1;22;6.778941849770104;19;1;12;12;16;4;5;2;0;21;4.3892536720809705;12;5;21;-0.536711874964343;2;3;2;4;5;1;2;0;0;8;15;4;24;6;1;25;15;5;5;3;12;6;5;4;1;4;2;21;2.2029307687746065;22;-2.644472468331571;4;1;20;5.49333497390603;20;-4.864876635325768;3;6;5;2;4;11;5;6;22;2.852801117724948
TRACK:908;897;-1;1;6;2;1;14;21;-0.8389817819534817;1;1;4;3;3;0;1;22;6.455782352919865;19;1;12;12;16;4;5;2;0;2;2;13;12;6;17;12;5;21;-0.34174720616447163;2;3;6;3;1;25;13;3;6;5;2;4;11;5;6;22;2.70455222626803
TRACK:909;683;-1;1;6;2;3;3;0;2;2;1;6;23;-1.170229284465633;1;24;12;3;2;18;11;5;4;1;9;10;6;1;2;2;8;10;6;23;-0.956671042106801;0;0;19;11;4;25;1;1;4;3;3;0;1;22;6.317224663921456;19;1;12;12;16;4;5;2;0;21;4.573605698789181;12;5;21;-0.4676440132335557;2;3;6;3;1;25;13;3;6;5;2;4;11;5;6;22;2.922641426110316
EVAL_INSTANCE:45:0:900
EVAL_INSTANCE:45:1:901
EVAL_INSTANCE:45:2:902
EVAL_INSTANCE:45:3:903
EVAL_INSTANCE:45:4:904
EVAL_INSTANCE:45:5:905
EVAL_INSTANCE:45:6:906
EVAL_INSTANCE:45:7:907
EVAL_INSTANCE:45:8:908
EVAL_INSTANCE:45:9:909
RUN_RESULT:45:0:0:2000:----
RUN_RESULT:45:1:0:108:RRURUUDDRUURDDDDUL
RUN_RESULT:45:2:0:2000:----
RUN_RESULT:45:3:0:2000:----
RUN_RESULT:45:4:0:111:RRURUUDDRUURDDDDUL
RUN_RESULT:45:5:0:2000:----
RUN_RESULT:45:6:0:2000:----
RUN_RESULT:45:7:0:909:RRURUUDDRUUDDD
RUN_RESULT:45:8:0:2000:----
RUN_RESULT:45:9:0:2000:----
    46 |      460 | -3.928000E+03 | -3.928000E+03
TRACK:910;722;608;1;6;2;3;3;0;2;2;1;6;23;-0.7705595313447842;1;24;12;3;2;18;11;5;4;1;9;10;6;1;2;1;14;21;-1.212408613559086;6;23;-0.9201231710160916;0;0;19;11;4;25;1;1;4;3;3;0;1;22;6.532886827310305;19;1;12;12;16;4;5;2;0;21;4.456772443512279;12;5;21;-0.41355044399650015;2;3;2;4;5;1;2;0;0;21;-0.5453201374660759;15;4;24;6;1;25;25;5;5;3;12;6;5;4;1;4;2;21;2.3729087515776266;22;-2.6607226083455786;4;3;11;3;6;5;2;4;11;5;6;22;2.726926181903002
TRACK:911;722;608;1;6;2;3;3;0;2;2;1;1;18;12;1;24;12;3;2;18;11;5;4;1;9;15;6;1;2;1;14;21;-1.013074534752782;6;23;-0.9941126745389219;0;0;19;11;4;25;1;1;4;3;3;0;1;22;6.367788635865613;19;1;12;12;16;4;5;2;0;21;4.559137938084782;12;5;21;-0.5453201374660759;2;3;6;1;4;2;21;2.3729087515776266;22;-2.6607226083455786;4;3;11;3;6;5;2;4;11;5;6;22;2.7715232663036566
TRACK:912;703;683;1;6;2;3;3;0;2;2;1;6;23;-0.8387395823344265;1;24;12;3;2;18;11;5;4;1;9;10;6;1;2;1;14;21;-1.0487777511914493;6;23;-0.9676211833562276;0;0;19;11;4;25;1;1;4;3;3;0;1;22;6.415262459056687;19;1;12;12;16;4;5;2;0;21;4.5134978074385925;12;5;21;-0.33985554376667193;2;3;2;4;5;1;2;6;3;25;6;1;25;25;5;5;3;12;6;5;4;1;4;2;21;2.3845638295673943;22;-2.5848340753706323;4;3;11;3;5;4;1;9;10
TRACK:913;703;683;1;6;2;3;3;0;2;2;1;6;23;-1.0211272694186677;1;24;12;3;2;18;11;5;4;1;9;10;6;1;2;1;14;21;-0.7804896469722422;6;23;-0.9325504830021734;0;0;19;11;4;25;1;1;4;3;3;0;1;22;6.340675979244159;19;1;12;12;16;4;5;2;0;21;4.532583036775885;12;5;21;-0.40465062523167317;2;3;6;3;1;25;13;3;6;5;2;4;11;5;1;9;10
TRACK:914;720;722;1;6;2;3;3;0;2;2;1;1;18;14;1;24;12;3;2;18;11;5;4;4;24;6;1;2;1;14;21;-0.8138443779838155;6;23;-1.006758833242549;0;0;19;11;4;25;1;1;4;3;3;0;1;22;6.483815050616339;19;1;12;12;16;4;5;2;0;21;4.478027293402004;12;5;21;-0.5982560879812047;2;3;6;3;1;25;13;3;6;5;2;4;11;5;6;22;2.787193005696892
TRACK:915;720;722;1;6;2;3;3;0;2;2;1;6;23;-0.7705595313447842;1;24;12;3;2;18;11;5;4;1;9;10;6;1;2;1;14;21;-1.212408613559086;6;23;-0.9201231710160916;0;0;19;11;4;25;1;1;4;3;3;0;1;22;6.532886827310305;19;1;12;12;16;4;5;2;0;21;4.456772443512279;12;5;21;-0.41355044399650015;2;3;2;4;5;1;2;0;0;8;15;4;12;6;1;25;25;5;5;3;12;6;5;4;1;4;2;21;2.3729087515776266;22;-2.6607226083455786;4;3;11;3;6;5;2;4;11;5;6;22;2.726926181903002
TRACK:916;703;707;1;6;2;3;3;0;2;2;1;6;23;-0.8387395823344265;1;24;12;3;2;18;11;5;4;1;9;10;6;1;2;1;14;21;-1.0487777511914493;6;23;-0.9676211833562276;0;0;19;11;4;25;1;1;4;3;3;0;1;22;6.415262459056687;19;1;12;12;16;4;5;2;0;21;4.5134978074385925;12;5;21;-0.33985554376667193;6;2;3;3;0;2;2;1;1;18;12;1;24;12;3;2;18;11;5;4;1;9;15;6;1;2;1;14;21;-1.0146511438989245;6;23;-1.1236237264195523;0;0;19;11;4;25;1;1;4;3;3;0;1;22;6.606966492208832;19;1;12;12;16;4;5;2;0;3;25;12;5;21;-0.4983659876663705
TRACK:917;703;707;1;6;2;3;3;0;2;2;1;1;18;12;1;24;12;3;2;18;11;5;4;1;21;-1.0487777511914493;15;6;1;2;1;14;21;-1.0146511438989245;6;23;-1.1236237264195523;0;0;19;11;4;25;1;1;4;3;3;0;1;22;6.606966492208832;19;1;12;12;16;4;5;2;0;3;25;12;5;21;-0.4983659876663705;2;3;6;3;1;25;13;3;6;5;2;4;11;5;6;22;2.8189911263297565
TRACK:918;642;781;1;6;2;3;3;0;2;2;1;1;18;13;1;24;12;3;2;18;11;5;4;1;9;15;6;1;2;1;14;21;-0.8321534739396904;6;23;-1.0910194689014563;0;0;19;11;4;25;1;1;4;3;3;0;1;22;6.361145966904595;19;1;12;12;16;4;5;2;0;21;4.472130362360231;12;5;21;-0.5214356090132287;2;3;6;3;8;3;6;5;2;4;11;5;6;22;2.7591701134402604
TRACK:919;642;781;1;6;16;2;3;2;4;5;1;2;0;0;8;15;4;24;6;1;25;15;5;5;3;12;6;5;4;1;4;2;21;2.2141744447708227;22;-2.6766471889494277;4;3;11;3;6;5;2;4;11;5;6;22;2.7612634671668017
TRACK:920;910;-1;1;6;2;3;3;0;6;1;3;25;3;23;-1.701692768188538;6;1;2;1;14;21;-1.205578954315899;6;23;-0.8785521211746273;0;0;19;11;4;25;1;1;4;3;3;0;1;22;6.377963492415534;19;1;12;12;16;4;5;2;0;21;4.535848272482579;12;5;21;-0.4569916110509581;2;3;2;4;5;1;2;0;0;21;-0.5652025188078974;15;4;24;6;1;25;25;5;5;3;12;6;5;4;1;4;2;21;2.205534438872079;22;-2.741408573158126;4;3;11;3;6;5;2;4;11;5;6;22;2.5208895996164356
TRACK:921;912;-1;1;6;2;3;3;0;2;2;1;6;23;-0.743250252380961;1;24;12;3;2;18;11;5;4;1;9;10;6;1;2;1;14;21;-1.090382810970306;6;23;-0.8895020062325946;0;0;19;11;4;25;1;1;4;3;1;5;19;2;9;15;16;4;5;2;0;21;4.52958231427322;12;5;21;-0.3096798325924828;2;3;2;4;5;1;2;6;3;25;6;1;25;25;5;5;3;12;6;5;4;1;4;2;21;2.4553612576037662;22;-2.578972587427226;4;3;11;3;5;4;1;9;10
TRACK:922;914;-1;1;6;2;3;3;0;2;2;1;1;24;14;1;24;12;3;2;18;11;5;4;4;24;6;1;2;1;14;21;-0.8188067864375824;6;23;-0.9934332916075584;0;0;19;11;4;25;1;1;4;3;3;0;1;22;6.446937419091247;19;1;12;12;16;4;5;2;0;21;4.3000976771216495;12;5;21;-0.6789333442677213;2;3;6;3;1;25;13;3;6;5;2;4;11;5;6;22;3.1688794448726694
TRACK:923;916;-1;1;6;2;3;3;0;2;2;1;6;23;-0.8299863288549845;1;24;12;3;2;18;11;5;4;1;9;10;6;1;2;1;14;21;-1.0260491917404044;6;23;-1.0285872531659273;0;0;19;11;4;25;1;1;4;3;3;0;1;22;6.428929354674509;19;1;12;12;16;4;5;2;0;21;4.406700740571724;12;5;21;-0.19389422142662802;6;2;3;3;0;2;2;1;1;18;12;1;24;12;3;2;18;11;5;4;1;9;15;6;1;1;23;-6.4295623222095095;18;0;0;19;11;4;25;1;1;4;3;3;0;1;22;6.779821755589542;19;1;12;12;16;4;5;2;0;3;25;12;5;21;-0.4151881567762928
TRACK:924;918;-1;1;6;2;3;3;0;2;2;1;1;18;13;1;24;12;3;2;18;11;5;4;1;9;15;6;1;2;1;14;21;-0.8571993177127252;6;23;-0.9515070573374318;0;0;19;11;4;25;1;1;4;3;3;5;3;7;-1.7910683616191374;16;4;5;2;0;21;4.7069954374925755;12;5;21;-0.5242229186981993;2;3;6;3;8;3;6;5;2;4;11;5;6;22;2.753144983761542
TRACK:925;911;-1;1;6;2;3;3;0;2;2;1;1;18;12;1;24;12;3;2;18;11;5;4;1;9;15;6;1;2;1;14;21;-0.98380298110337;6;23;-1.0427558898197953;0;0;19;11;0;8;21;4.509880454969682;1;1;4;3;3;0;1;22;6.231217142490163;19;1;12;12;16;4;5;2;0;21;4.587791380506354;12;5;21;-0.4373598947941512;2;3;6;1;4;2;21;2.4731976379002654;22;-2.6076600610265466;4;3;11;3;6;5;2;4;11;5;6;22;2.8351073982602304
TRACK:926;913;-1;1;6;2;3;3;0;2;2;1;6;23;-1.2125401003098517;1;24;12;3;2;18;11;5;4;1;9;10;6;1;2;1;14;21;-0.6700610376069099;6;23;-1.0689554458672572;0;0;19;11;4;25;1;1;4;3;3;0;1;22;6.308441010640495;19;1;12;12;16;4;5;2;0;21;4.544073532058858;12;5;21;-0.3393634605022031;2;3;6;3;1;25;13;3;6;5;6;3;14
TRACK:927;915;-1;1;6;2;3;3;0;2;2;1;6;23;-0.7310652821421468;1;24;12;3;2;18;11;5;4;1;9;10;6;1;2;1;14;21;-1.096454467488063;6;23;-1.0266441942973614;0;0;19;11;4;25;1;1;4;3;3;0;1;22;6.5777750975990585;19;1;12;12;16;4;5;6;21;-8.543486452326842;2;3;2;4;5;1;2;0;0;8;15;4;12;6;1;25;25;5;5;3;12;6;5;4;1;4;2;21;2.540966506297896;22;-2.5722677694553475;4;3;11;3;6;5;2;4;11;5;6;22;2.7508934652890846
TRACK:928;917;-1;1;6;2;3;3;0;2;2;1;1;18;12;1;24;12;3;2;18;11;5;4;1;21;-1.0933304019528443;15;6;1;2;1;14;21;-1.096907896221858;6;23;-1.2378316788085617;0;0;19;11;4;25;1;1;4;0;17;7;-3.353690684188364;16;4;5;2;0;3;25;12;5;21;-0.5956773498873215;2;3;6;3;1;25;13;3;6;5;2;4;11;5;6;22;2.92665722675821
TRACK:929;919;-1;1;0;6;2;2;1;1;17;13;1;11;9;6;1;23;7.439158197721316;21;-4.019457080514835;3;2;5;10;1;18;7;2.1073808791758957;5;3;5;1;0;13;23;3.5532431584246975;5;18;2;3;2;4;5;1;2;0;0;8;15;4;24;6;1;25;15;5;5;3;12;6;5;4;1;4;2;21;2.275389071902856;22;-2.707393697735623;4;3;11;3;6;5;2;4;11;5;6;22;2.7411804842416654
EVAL_INSTANCE:46:0:920
EVAL_INSTANCE:46:1:921
EVAL_INSTANCE:46:2:922
EVAL_INSTANCE:46:3:923
EVAL_INSTANCE:46:4:924
EVAL_INSTANCE:46:5:925
EVAL_INSTANCE:46:6:926
EVAL_INSTANCE:46:7:927
EVAL_INSTANCE:46:8:928
EVAL_INSTANCE:46:9:929
RUN_RESULT:46:0:0:72:RRURUUDDRUURDDDDUL
RUN_RESULT:46:1:0:2000:----
RUN_RESULT:46:2:0:72:RRURUUDDRUURDDDDUL
RUN_RESULT:46:3:0:909:RRURUUDDRUUDDD
RUN_RESULT:46:4:0:2000:----
RUN_RESULT:46:5:0:2000:----
RUN_RESULT:46:6:0:2000:----
RUN_RESULT:46:7:0:72:RRURUUDDRUURDDDDUL
RUN_RESULT:46:8:0:2000:----
RUN_RESULT:46:9:0:2000:----
    47 |      470 | -3.928000E+03 | -3.928000E+03
TRACK:930;683;608;1;6;2;3;3;0;2;2;1;6;23;-1.0211272694186677;1;24;12;3;2;18;11;5;4;1;9;10;6;1;2;1;14;21;-0.7804896469722422;6;23;-0.9325504830021734;0;0;19;11;4;25;1;1;4;3;3;0;1;22;6.340675979244159;19;1;12;12;16;4;5;2;0;1;12;12;12;5;21;-0.40465062523167317;2;3;6;3;1;25;13;3;6;5;2;4;11;5;6;22;2.8074374784190184
TRACK:931;683;608;1;6;2;3;3;0;2;2;1;1;18;12;1;24;12;3;2;18;11;5;4;1;9;15;6;1;2;16;6;23;-0.9941126745389219;0;0;19;11;4;25;1;1;4;3;3;0;1;22;6.367788635865613;19;1;12;12;16;4;5;2;0;21;4.559137938084782;12;5;21;-0.5453201374660759;2;3;6;3;1;25;13;3;6;5;2;4;11;5;6;22;2.7715232663036566
TRACK:932;781;722;1;6;2;3;3;0;2;2;1;6;23;-0.8589661067667558;1;24;12;3;2;18;11;5;4;1;9;10;6;1;2;1;14;21;-1.183448691409649;6;23;-0.7949726557261514;0;0;19;11;4;25;1;1;4;3;3;0;1;22;6.638316404646369;19;1;12;12;16;4;5;2;0;0;8;15;12;5;21;-0.530860554087341;2;3;2;4;5;1;2;0;0;8;15;4;24;6;1;25;15;5;5;3;12;6;5;4;1;4;2;21;2.2141744447708227;22;-2.6766471889494277;4;3;11;3;6;5;2;4;11;5;6;22;2.7612634671668017
TRACK:933;781;722;1;6;2;3;3;0;2;2;1;6;23;-0.7705595313447842;1;24;12;3;2;18;11;5;4;1;9;10;6;1;2;1;14;21;-1.212408613559086;6;23;-0.9201231710160916;0;0;19;11;4;25;1;1;4;3;3;0;1;22;6.532886827310305;19;1;12;12;16;4;5;2;0;21;4.456772443512279;12;5;21;-0.41355044399650015;2;3;6;5;4;1;4;2;21;2.2141744447708227;22;-2.6766471889494277;4;3;11;3;6;5;2;4;11;5;6;22;2.726926181903002
TRACK:934;703;642;1;6;2;3;3;0;2;2;1;6;23;-0.8387395823344265;1;24;12;3;2;18;11;5;4;1;9;10;6;1;2;12;6;23;-0.9676211833562276;0;0;19;11;4;25;1;1;4;3;3;0;1;22;6.415262459056687;19;1;12;12;16;4;5;2;0;21;4.5134978074385925;12;5;21;-0.33985554376667193;2;3;2;4;5;1;2;6;3;25;6;1;25;25;5;5;3;12;6;5;4;1;4;2;21;2.3845638295673943;22;-2.5848340753706323;4;3;11;3;6;5;2;4;11;5;6;22;2.742402816000298
TRACK:935;703;642;1;6;2;3;3;0;2;2;1;22;-2.5848340753706323;1;24;12;3;2;18;11;5;4;1;9;15;6;1;2;1;14;21;-0.8321534739396904;6;23;-1.0910194689014563;0;0;19;11;4;25;1;1;4;3;3;0;1;22;6.361145966904595;19;1;12;12;16;4;5;2;0;21;4.472130362360231;12;5;21;-0.5214356090132287;2;3;6;3;1;25;13;3;6;5;2;4;11;5;6;22;2.7591701134402604
TRACK:936;608;683;1;6;2;3;3;0;2;2;1;1;18;12;1;24;12;3;2;18;11;5;4;1;9;15;6;1;2;1;14;21;-1.013074534752782;6;23;-0.9941126745389219;0;0;19;11;4;25;1;1;4;3;3;0;1;12;19;1;12;12;16;4;5;2;0;21;4.559137938084782;12;5;21;-0.5453201374660759;2;3;6;3;1;25;13;3;6;5;2;4;11;5;6;22;2.7715232663036566
TRACK:937;608;683;1;6;2;3;3;0;2;2;1;6;23;-1.0211272694186677;1;24;12;3;2;18;11;5;4;1;9;10;6;1;2;1;14;21;-0.7804896469722422;6;23;-0.9325504830021734;0;0;19;11;4;25;1;1;4;3;3;0;1;9;19;1;12;12;16;4;5;2;0;21;4.532583036775885;12;5;21;-0.40465062523167317;2;3;6;3;1;25;13;3;6;5;2;4;11;5;6;22;2.8074374784190184
TRACK:938;720;707;1;0;1;22;6.606966492208832;19;1;12;12;2;3;6;3;1;25;13;3;6;5;2;4;11;5;6;22;2.787193005696892
TRACK:939;720;707;1;6;2;3;3;0;2;2;1;1;18;12;1;24;12;3;2;18;11;5;4;1;9;15;6;1;2;1;14;21;-1.0146511438989245;6;23;-1.1236237264195523;0;0;19;11;4;25;1;1;4;3;3;0;1;22;6.606966492208832;19;1;12;12;16;4;5;2;0;3;25;12;0;1;22;6.483815050616339;19;1;12;12;2;3;6;3;1;25;13;3;6;5;2;4;11;5;6;22;2.8189911263297565
TRACK:940;683;-1;1;1;0;6;20;-5.015284355135849;6;20;5.536587276590083;4;6;16;2;3;6;3;1;25;13;3;6;5;2;4;11;5;6;22;2.9418731277771664
TRACK:941;932;-1;1;6;2;3;3;0;2;2;1;6;23;-0.8029074435290722;1;24;12;3;2;18;11;5;4;1;9;10;6;1;2;1;14;21;-1.0535227736248614;6;23;-0.8563572207285127;0;0;19;11;4;25;1;1;4;3;3;0;1;22;6.706309619217758;24;1;12;12;16;4;5;2;0;0;8;15;12;5;21;-0.5312525085627268;2;3;2;4;5;1;2;0;0;8;15;4;24;6;1;25;15;5;5;3;12;6;5;4;1;4;2;21;2.2559943155660878;22;-2.907092386665336;4;3;11;3;6;5;2;4;11;5;6;22;2.6544300368764917
TRACK:942;934;-1;1;6;2;3;3;0;2;2;1;6;23;-0.783783644671804;1;24;12;3;2;22;-5.897120336242132;11;5;4;1;9;10;6;1;2;12;6;23;-0.9833516443165865;0;0;19;11;4;25;1;1;4;3;3;0;1;22;6.373454605905336;19;1;12;12;16;4;5;2;0;21;4.547742032969307;12;5;21;-0.2954080769690699;2;3;2;4;5;1;2;6;3;25;6;1;25;25;5;5;3;12;6;5;4;1;4;2;21;2.362905144845116;22;-2.537694821076808;4;3;11;3;6;5;2;4;11;5;6;22;2.468229055222607
TRACK:943;936;-1;1;6;2;3;3;0;2;2;1;2;23;-7.027806667673082;18;1;24;12;3;2;18;11;5;4;1;9;15;6;1;2;1;14;21;-0.8932639423599088;6;23;-0.978847801618444;0;0;19;11;4;25;1;1;4;3;3;0;1;12;19;1;12;12;16;4;5;2;0;21;4.507691124358356;12;5;21;-0.5179218584538817;2;3;6;3;1;25;13;3;6;5;2;4;11;5;6;22;2.749982483795891
TRACK:944;938;-1;1;0;1;22;6.755375889623449;19;1;12;12;2;3;6;3;1;1;3;5;5;11;4;5;5;14;13;3;6;5;2;4;11;5;6;22;2.7776653823527586
TRACK:945;608;-1;1;6;3;4;0;21;-5.021704835501852;20;-0.8660866568893333;2;3;6;3;1;25;13;3;6;5;2;4;11;5;6;22;2.7708164726955324
TRACK:946;933;-1;1;6;2;3;3;0;2;2;1;6;23;-0.6431175309220375;1;24;12;3;2;18;11;5;4;1;9;10;6;1;2;1;14;21;-1.2211923526088213;6;23;-0.9600071230687535;0;0;19;11;4;25;1;1;4;3;3;0;1;22;6.480462812287899;19;1;12;12;16;4;5;2;0;21;4.426690845196305;12;5;21;-0.47003521771685397;2;3;6;5;4;1;4;2;21;2.193210063311145;22;-2.5128060975749413;4;3;11;3;6;5;2;4;11;5;6;1;22;9.126987429063231;12
TRACK:947;935;-1;1;6;2;3;3;0;2;2;1;22;-2.6476584753562586;1;24;12;3;2;18;11;5;4;1;9;15;6;1;2;1;14;21;-0.8254106342310227;6;23;-0.8559962570729203;0;0;24;11;4;25;1;1;4;3;3;0;1;22;6.386355119537;19;1;12;12;16;4;5;2;0;21;4.429336357138778;12;5;21;-0.4809324752292382;2;3;6;3;1;25;13;3;6;5;2;4;11;5;6;22;2.7926859601416743
TRACK:948;937;-1;1;6;2;3;3;0;2;2;1;6;23;-1.088250812938618;1;24;12;3;2;18;11;5;4;1;9;10;6;1;2;1;14;21;-0.6939295843573697;6;23;-0.9731206485820055;0;0;19;11;4;25;1;1;4;3;3;0;1;9;19;1;12;11;16;4;5;2;0;21;4.445638461721478;12;5;21;-0.5145730897562693;2;3;6;3;1;25;13;3;6;5;2;4;11;5;6;22;2.7644306157388745
TRACK:949;939;-1;1;6;2;3;3;0;2;2;1;1;18;12;1;24;12;3;2;18;11;5;4;1;9;15;6;1;2;1;14;21;-0.9590034718346271;6;23;-1.2599874561123223;0;0;19;11;4;21;-8.642320517048818;1;1;4;3;3;0;1;22;6.618294045447443;19;1;12;12;16;4;5;2;0;3;25;12;0;1;22;6.350190568693936;19;1;12;12;2;3;6;3;1;25;13;3;6;5;2;4;11;5;6;22;2.8649929920223163
EVAL_INSTANCE:47:0:940
EVAL_INSTANCE:47:1:941
EVAL_INSTANCE:47:2:942
EVAL_INSTANCE:47:3:943
EVAL_INSTANCE:47:4:944
EVAL_INSTANCE:47:5:945
EVAL_INSTANCE:47:6:946
EVAL_INSTANCE:47:7:947
EVAL_INSTANCE:47:8:948
EVAL_INSTANCE:47:9:949
RUN_RESULT:47:0:0:2000:----
RUN_RESULT:47:1:0:2000:----
RUN_RESULT:47:2:0:233:RRURUURRDULLDDRUUDDLD
RUN_RESULT:47:3:0:2000:----
RUN_RESULT:47:4:0:2000:----
RUN_RESULT:47:5:0:2000:----
RUN_RESULT:47:6:0:2000:----
RUN_RESULT:47:7:0:110:RRURUUDDRUURDDDDUL
RUN_RESULT:47:8:0:2000:----
RUN_RESULT:47:9:0:2000:----
    48 |      480 | -3.928000E+03 | -3.928000E+03
TRACK:950;608;707;1;6;2;3;3;0;2;2;1;1;18;12;1;24;12;3;4;25;5;4;1;9;15;6;1;2;1;14;21;-1.013074534752782;6;23;-0.9941126745389219;0;0;19;11;4;25;1;1;4;3;3;0;1;22;6.367788635865613;19;1;12;12;16;4;5;2;0;21;4.559137938084782;12;5;21;-0.5453201374660759;2;3;6;3;1;25;13;3;6;5;2;4;11;5;6;22;2.7715232663036566
TRACK:951;608;707;1;6;2;3;3;0;2;2;1;1;18;12;18;3;2;18;11;5;4;1;9;15;6;1;2;1;14;21;-1.0146511438989245;6;23;-1.1236237264195523;0;0;19;11;4;25;1;1;4;3;3;0;1;22;6.606966492208832;19;1;12;12;16;4;5;2;0;3;25;12;5;21;-0.4983659876663705;2;3;6;3;1;25;13;3;6;5;2;4;11;5;6;22;2.8189911263297565
TRACK:952;720;722;1;6;2;3;3;0;2;2;1;1;18;14;1;24;12;3;2;18;11;5;4;1;11;15;6;1;2;1;14;21;-0.8138443779838155;6;23;-1.006758833242549;0;0;19;11;4;25;1;1;4;3;3;0;23;-0.9201231710160916;1;12;12;16;4;5;2;0;21;4.478027293402004;12;5;21;-0.5982560879812047;2;3;6;3;1;25;13;3;6;5;2;4;11;5;6;22;2.787193005696892
TRACK:953;720;722;1;6;2;3;3;0;2;2;1;6;23;-0.7705595313447842;1;24;12;3;2;18;11;5;4;1;9;10;6;1;2;1;14;21;-1.212408613559086;6;23;-0.9201231710160916;0;0;19;11;4;25;1;1;4;3;3;0;1;22;6.532886827310305;19;1;12;12;16;4;5;2;0;21;-0.5982560879812047;12;5;21;-0.41355044399650015;2;3;2;4;5;1;2;0;0;8;15;4;24;6;1;25;25;5;5;3;12;6;5;4;1;4;2;21;2.3729087515776266;22;-2.6607226083455786;4;3;11;3;6;5;2;4;11;5;6;22;2.726926181903002
TRACK:954;703;722;1;6;2;3;3;0;2;2;1;6;23;-0.8387395823344265;1;24;12;3;2;18;11;5;4;1;9;10;6;1;2;1;14;21;-1.0487777511914493;6;23;-0.9676211833562276;0;0;19;16;4;25;1;1;4;3;3;0;1;22;6.415262459056687;19;1;12;12;16;4;5;2;0;21;4.5134978074385925;12;5;21;-0.33985554376667193;2;3;2;4;5;1;2;6;3;25;6;1;25;25;5;5;3;12;6;5;4;1;4;2;21;2.3845638295673943;22;-2.5848340753706323;4;3;11;3;6;5;2;4;11;5;6;22;2.742402816000298
TRACK:955;703;722;1;6;2;3;3;0;2;2;1;6;23;-0.7705595313447842;1;24;12;3;2;18;11;5;4;1;9;10;6;1;2;1;14;21;-1.212408613559086;6;23;-0.9201231710160916;0;0;19;11;4;25;1;1;4;3;3;0;1;22;6.532886827310305;12;1;12;12;16;4;5;2;0;21;4.456772443512279;12;5;21;-0.41355044399650015;2;3;2;4;5;1;2;0;0;8;15;4;24;6;1;25;25;5;5;3;12;6;5;4;1;4;2;21;2.3729087515776266;22;-2.6607226083455786;4;3;11;3;6;5;2;4;11;5;6;22;2.726926181903002
TRACK:956;707;703;1;6;2;3;3;0;2;2;1;1;18;12;1;24;12;3;2;18;11;5;4;1;9;22;6.415262459056687;6;1;2;1;14;21;-1.0146511438989245;6;23;-1.1236237264195523;0;0;19;11;4;25;1;1;4;3;3;0;1;22;6.606966492208832;19;1;12;12;16;4;5;2;0;3;25;12;5;21;-0.4983659876663705;2;3;6;3;1;25;13;3;6;5;2;4;11;5;6;22;2.8189911263297565
TRACK:957;707;703;1;6;2;3;0;0;19;11;4;25;1;1;4;3;3;0;1;22;6.415262459056687;19;1;12;12;16;4;5;2;0;21;4.5134978074385925;12;5;21;-0.33985554376667193;2;3;2;4;5;1;2;6;3;25;6;1;25;25;5;5;3;12;6;5;4;1;4;2;21;2.3845638295673943;22;-2.5848340753706323;4;3;11;3;6;5;2;4;11;5;6;22;2.742402816000298
TRACK:958;742;608;1;6;3;3;0;2;2;1;1;18;12;1;24;12;3;2;18;11;5;4;1;9;15;6;1;2;1;14;21;-1.013074534752782;6;23;-0.9941126745389219;0;0;19;11;4;25;2;3;6;3;1;25;15;3;6;5;2;4;11;5;6;22;2.8567412392059364
TRACK:959;742;608;1;6;2;3;3;0;2;2;1;1;18;12;1;24;12;3;2;18;11;5;4;1;9;15;6;1;2;1;14;21;-1.013074534752782;6;23;-0.9941126745389219;0;0;19;11;4;25;1;1;4;3;3;0;1;22;6.367788635865613;19;1;12;12;16;4;5;2;0;21;4.559137938084782;12;5;21;-0.5453201374660759;2;3;6;3;1;25;13;3;6;5;2;4;11;3;3;18
TRACK:960;950;-1;1;6;5;6;4;3;8;2;3;6;3;1;25;13;3;6;5;2;4;11;5;6;22;2.7222498292096833
TRACK:961;952;-1;1;6;2;3;3;0;2;2;1;1;18;14;1;24;12;3;2;18;11;5;4;1;11;15;6;1;2;6;11;6;23;-1.0216628490624011;0;0;19;11;4;25;1;1;4;3;3;0;23;-0.937629204041252;1;12;12;16;4;5;2;0;21;4.56354702731866;12;5;21;-0.7240765455690282;2;3;6;3;1;25;13;3;6;5;2;4;11;5;6;22;2.7458247179506814
TRACK:962;703;-1;1;6;2;3;3;0;2;2;1;6;23;-0.7513168731357045;1;24;12;3;2;18;11;3;4;3;23;7.183454253204236;6;1;2;1;14;21;-1.0327168906112172;6;23;-0.8909262847541295;0;0;19;11;4;25;1;1;4;3;3;0;1;22;6.635765460093403;19;1;12;12;16;4;5;2;0;21;4.648827674053948;12;5;21;-0.32029211316586437;2;3;2;4;5;1;2;6;3;25;6;1;25;25;5;5;3;12;6;5;4;1;4;2;21;2.2959154612961927;22;-2.6025181093695866;4;3;11;3;6;5;2;4;11;5;6;22;2.810462758366934
TRACK:963;956;-1;1;6;2;3;3;0;2;2;1;1;18;12;1;24;12;3;2;18;11;5;4;1;9;22;6.4126320796493586;6;1;2;1;14;21;-0.9904553862062303;6;23;-1.2326768563754875;0;0;19;11;4;25;1;1;4;3;3;0;1;22;6.4937336160641905;19;1;12;12;16;4;5;2;0;3;2;8;9;12;5;21;-0.3535752561167361;2;3;6;3;1;25;13;3;6;5;2;4;11;5;6;22;2.9254970900738777
TRACK:964;958;-1;1;6;3;3;0;2;2;1;1;18;12;1;24;12;3;2;18;11;5;4;1;9;15;6;1;2;1;14;1;21;-3.2146230697452456;22;8.899900573364459;6;23;-1.0725921450723463;0;0;19;11;4;25;2;3;6;3;1;25;15;3;6;5;2;4;11;5;6;22;2.932499502666222
TRACK:965;951;-1;1;6;2;3;3;0;2;2;1;1;18;12;18;3;2;18;11;5;4;1;9;15;6;1;2;1;14;21;-1.016669682726718;6;23;-1.0444948632781728;0;0;19;11;4;25;1;1;4;3;3;0;1;22;6.653071653193093;19;1;12;12;16;4;5;2;0;3;25;12;5;21;-0.5532458575071855;2;3;6;3;1;25;13;3;6;5;2;1;22;9.722602585355162;16;5;6;22;2.9999402431832682
TRACK:966;953;-1;1;6;2;3;3;0;2;2;1;6;23;-0.8720338509320843;1;24;12;3;2;18;11;5;4;1;9;10;6;1;2;1;14;21;-1.2684700828928899;6;23;-0.969015909647609;0;0;19;11;4;25;1;1;4;3;3;0;1;22;6.512876651434704;19;1;12;12;16;1;2;14;24;4;20;-6.493154387210158;2;3;2;4;5;1;2;0;0;8;15;4;24;6;1;25;25;5;5;3;12;6;5;4;1;4;2;21;2.274779528039806;22;-2.813025169751887;4;3;11;3;6;5;2;4;11;5;6;22;2.7885712098786284
TRACK:967;722;-1;1;6;2;3;3;0;2;2;1;6;23;-0.8089608777031325;1;24;12;3;2;18;11;2;5;3;22;7.182067178838267;2;6;20;5.877636154453835;2;19;14;6;1;2;1;14;21;-1.1705701178752768;6;23;-0.7918766551925964;0;0;19;11;4;25;1;1;4;3;3;0;1;22;6.3633192802783345;19;1;12;12;16;4;5;2;0;21;4.309969422009443;12;5;21;-0.3741094891911884;2;3;2;4;5;1;2;0;0;8;15;4;24;6;1;25;25;5;5;3;12;6;5;4;1;4;2;21;2.15255763020257;22;-2.7423900380663744;4;3;11;3;6;5;2;4;11;5;6;22;2.735626034576766
TRACK:968;957;-1;1;6;2;3;0;0;4;5;9;11;4;25;1;1;4;3;3;0;1;22;6.339412208823309;19;1;12;12;16;4;5;2;0;21;4.558403856388161;12;5;21;-0.20551469779512999;2;3;2;4;5;1;2;6;3;25;6;1;25;25;5;5;3;12;6;5;4;1;4;2;21;2.5112275513985653;22;-2.530758396096836;4;3;11;3;6;5;2;4;11;5;6;22;2.6738314381972264
TRACK:969;959;-1;1;6;2;3;3;0;2;2;1;1;18;12;1;24;12;3;2;18;11;5;4;1;9;15;6;1;2;1;14;21;-1.0078316999220729;6;23;-0.9876076489480773;0;0;19;11;4;25;1;4;6;4;25;4;5;2;0;21;4.580314856736659;12;5;21;-0.7031988799486777;2;3;6;3;1;25;13;3;6;5;2;4;11;3;3;18
EVAL_INSTANCE:48:0:960
EVAL_INSTANCE:48:1:961
EVAL_INSTANCE:48:2:962
EVAL_INSTANCE:48:3:963
EVAL_INSTANCE:48:4:964
EVAL_INSTANCE:48:5:965
EVAL_INSTANCE:48:6:966
EVAL_INSTANCE:48:7:967
EVAL_INSTANCE:48:8:968
EVAL_INSTANCE:48:9:969
RUN_RESULT:48:0:0:2000:----
RUN_RESULT:48:1:0:2000:----
RUN_RESULT:48:2:0:2000:----
RUN_RESULT:48:3:0:72:RRURUUDDRUURDDDDUL
RUN_RESULT:48:4:0:106:LDDDRRRUUUURUUDDRUURDDDDUL
RUN_RESULT:48:5:0:76:RRURUUDDRUURDDDL
RUN_RESULT:48:6:0:73:RRURUUDDRUURDDDDUL
RUN_RESULT:48:7:0:538:RRURUURDDRUDDDLUUUUDDD
RUN_RESULT:48:8:0:132:RRURUUDDRUURDDDDDUUL
RUN_RESULT:48:9:0:2000:----
    49 |      490 | -3.928000E+03 | -3.928000E+03
TRACK:970;720;781;1;6;2;3;3;0;2;2;1;1;18;14;1;12;12;3;2;18;11;5;4;1;11;15;6;1;2;1;14;21;-0.8138443779838155;6;23;-1.006758833242549;0;0;19;11;4;25;1;1;4;3;3;0;1;22;6.483815050616339;19;1;12;12;16;4;5;2;0;21;4.478027293402004;12;5;21;-0.5982560879812047;2;3;6;3;1;25;13;3;6;5;2;4;11;5;6;22;2.787193005696892
TRACK:971;720;781;1;6;2;3;3;0;2;2;1;6;23;-0.8589661067667558;1;24;12;3;2;18;11;5;4;1;9;10;6;1;2;1;14;21;-1.183448691409649;6;23;-0.7949726557261514;0;0;19;11;4;25;1;1;4;3;3;0;1;22;6.638316404646369;19;1;12;12;16;4;5;2;0;21;4.459942012093966;12;5;21;-0.530860554087341;2;3;2;4;5;1;2;0;0;8;15;4;24;6;1;25;15;5;5;3;12;6;5;4;21;-0.8138443779838155;3;6;5;2;4;11;5;6;22;2.7612634671668017
TRACK:972;703;642;1;6;2;3;3;0;2;2;1;6;23;-0.8387395823344265;1;24;12;3;2;18;11;5;4;1;9;10;6;1;2;1;14;21;-1.0487777511914493;6;23;-0.9676211833562276;0;0;19;11;4;25;1;1;4;3;3;0;1;22;6.415262459056687;19;1;12;12;16;4;5;2;0;23;-1.0910194689014563;12;5;21;-0.33985554376667193;2;3;2;4;5;1;2;6;3;25;6;1;25;25;5;5;3;12;6;5;4;1;4;2;21;2.3845638295673943;22;-2.5848340753706323;4;3;11;3;6;5;2;4;11;5;6;22;2.742402816000298
TRACK:973;703;642;1;6;2;3;3;0;2;2;1;1;18;13;1;24;12;3;2;18;11;5;4;1;9;15;6;1;2;1;14;21;-0.8321534739396904;6;23;-1.0910194689014563;0;0;19;11;4;25;1;1;4;3;3;0;1;22;6.361145966904595;19;1;12;12;16;4;5;2;0;21;4.472130362360231;12;21;-1.0487777511914493;2;3;6;3;1;25;13;3;6;5;2;4;11;5;6;22;2.7591701134402604
TRACK:974;707;642;1;6;2;3;3;0;2;2;1;1;19;12;1;24;12;3;2;18;11;5;4;1;9;15;6;1;2;1;14;21;-1.0146511438989245;6;23;-1.1236237264195523;0;0;19;11;4;25;1;1;4;3;3;0;1;22;6.606966492208832;19;1;12;12;16;4;5;2;0;3;25;12;5;21;-0.4983659876663705;2;3;6;3;1;25;13;3;6;5;2;4;11;5;6;22;2.8189911263297565
TRACK:975;707;642;1;6;2;3;3;0;2;2;1;1;18;13;1;24;12;3;2;18;11;5;4;1;9;15;6;1;2;1;14;21;-0.8321534739396904;6;23;-1.0910194689014563;0;0;19;11;25;1;1;4;3;3;0;1;22;6.361145966904595;19;1;12;12;16;4;5;2;0;21;4.472130362360231;12;5;21;-0.5214356090132287;2;3;6;3;1;25;13;3;6;5;2;4;11;5;6;22;2.7591701134402604
TRACK:976;683;608;1;6;2;3;3;0;2;2;1;6;23;-1.0211272694186677;1;24;12;3;2;18;11;5;4;1;9;10;6;1;2;1;14;21;-0.7804896469722422;6;23;-0.9325504830021734;0;0;19;11;4;25;1;1;4;3;3;0;1;22;6.340675979244159;19;1;12;12;16;4;5;2;6;3;1;25;13;5;21;-0.40465062523167317;2;3;6;3;1;25;13;3;6;5;2;4;11;5;6;22;2.8074374784190184
TRACK:977;683;608;1;6;2;3;3;0;2;2;1;1;18;12;1;24;12;3;2;18;11;5;4;1;9;15;4;11;1;1;4;3;3;0;1;22;6.367788635865613;19;1;12;12;16;4;5;2;0;21;4.559137938084782;12;5;21;-0.5453201374660759;2;3;6;3;1;25;13;3;6;5;2;4;11;5;6;22;2.7715232663036566
TRACK:978;722;781;1;6;2;3;3;0;2;2;1;6;23;-0.7705595313447842;1;24;12;3;2;14;11;5;4;1;9;10;6;1;2;1;14;21;-1.212408613559086;6;23;-0.9201231710160916;0;0;19;11;4;25;1;1;4;3;3;0;1;22;6.532886827310305;19;1;12;12;16;4;5;2;0;21;4.456772443512279;12;5;21;-0.41355044399650015;2;3;2;4;5;1;2;0;0;8;15;4;24;6;1;25;25;5;5;3;12;6;5;4;1;4;2;21;2.3729087515776266;22;-2.6607226083455786;4;3;11;3;6;5;2;4;11;5;6;22;2.726926181903002
TRACK:979;722;781;1;6;2;3;3;0;2;2;1;6;23;-0.8589661067667558;1;24;12;3;2;18;11;5;4;1;9;10;6;1;2;1;14;21;-1.183448691409649;6;23;-0.7949726557261514;0;0;19;11;4;25;1;1;4;3;3;0;1;22;6.638316404646369;19;1;12;12;16;4;5;2;0;21;4.459942012093966;12;5;21;-0.530860554087341;2;3;2;4;5;1;2;0;0;8;15;4;24;6;1;11;15;5;5;3;12;6;5;4;1;4;2;21;2.2141744447708227;22;-2.6766471889494277;4;3;11;3;6;5;2;4;11;5;6;22;2.7612634671668017
TRACK:980;970;-1;1;6;2;3;3;0;2;2;1;1;18;14;1;24;22;-3.7125697293134934;3;2;18;11;5;4;1;11;15;6;1;2;1;14;21;-0.7805348044903484;6;23;-1.0572273586279286;0;0;19;11;4;25;1;1;4;3;3;0;1;22;6.486608839450321;19;1;12;12;16;4;5;2;0;21;4.335086480568341;12;5;21;-0.5220664075441355;2;3;6;3;1;25;13;3;6;5;2;4;11;5;6;22;2.827173159805259
TRACK:981;972;-1;1;6;2;3;3;0;2;2;1;6;23;-0.7689575657464137;1;24;12;3;2;18;11;5;4;1;9;10;6;1;2;1;14;21;-1.080960048376095;6;23;-0.8717270540328739;0;0;19;11;4;25;1;1;4;6;2;0;2;21;8.283885700621454;24;1;11;10;6;6;13;16;4;5;2;0;23;-1.0084086886439496;12;5;21;-0.15139285298112945;2;3;2;4;5;1;2;6;3;25;6;1;25;25;5;5;3;12;6;5;4;1;4;2;21;2.453311284830349;22;-2.5786233012766884;4;3;11;3;6;5;2;4;11;5;6;22;2.8029286923592824
TRACK:982;974;-1;0;1;0;4;2;2;17;14;3;17;1;5;3;22;1.7496543960666617;1;5;24;5;11;0;6;4;6;12;3;4;5;10;2;5;0;0;0;11;23;-3.161548821322741;2;21;-9.544036257812474;18;2;5;11;6;9;4;0;6;4;13;2;5;12;2;17;23;0.20788486233643333
TRACK:983;976;-1;1;6;2;3;3;0;2;2;1;6;23;-1.07865035423159;1;12;10;3;2;18;11;5;4;1;9;10;6;1;2;1;14;21;-0.7484682274294886;6;23;-0.8054679956441737;0;0;19;11;4;25;1;1;4;3;3;0;1;22;6.315748683915379;19;1;12;12;16;4;5;2;6;3;1;25;13;5;21;-0.39311244091860575;2;3;6;3;1;25;13;3;6;5;2;4;11;5;6;22;2.717141464928159
TRACK:984;978;-1;1;6;2;3;3;3;6;2;12;21;-8.724735429338828;1;1;4;3;3;0;1;22;6.472541084017579;19;1;12;12;16;4;5;2;0;21;4.269897167971371;12;5;21;-0.3824009273843969;2;3;2;4;5;1;2;0;0;8;15;4;24;6;1;25;25;5;5;3;12;6;5;4;1;4;2;21;2.451872228146123;22;-2.617575540877191;4;3;11;3;6;5;2;4;11;5;6;22;2.5154058199398417
TRACK:985;971;-1;1;6;2;3;3;0;2;2;1;6;23;-0.8003009540129032;1;24;12;3;2;18;11;5;4;1;9;10;6;1;2;1;14;21;-1.0555914959590604;6;23;-0.6850712439233518;0;0;19;11;4;25;1;1;4;3;3;0;1;22;6.708282587170826;19;1;12;12;16;4;5;2;0;21;4.39718117008979;12;5;21;-0.5830662357533375;2;3;2;4;5;1;2;0;4;17;4;24;6;1;25;15;5;5;3;12;6;5;4;21;-0.7952797238489182;3;6;5;2;4;11;5;6;22;2.653786265570928
TRACK:986;973;-1;1;4;8;2;3;6;3;1;25;13;3;6;5;2;4;11;5;6;22;2.6350413138419464
TRACK:987;975;-1;1;6;2;3;3;0;2;2;1;1;18;13;1;24;12;3;2;18;11;5;4;1;9;15;6;1;2;1;14;21;-0.6795414826593172;6;23;-0.9757396479811327;0;0;19;11;25;1;1;4;3;3;0;1;22;6.51413581525997;19;1;12;12;16;4;5;2;0;21;4.372439273006165;12;5;21;-0.6251790414726428;2;3;6;3;1;25;13;3;6;5;2;4;11;4;6;7;6.100982609765644
TRACK:988;977;-1;1;6;2;3;3;0;2;2;1;1;20;-9.901079467500134;12;1;24;12;3;2;18;11;5;4;1;9;15;4;11;1;1;4;3;3;0;1;22;6.3366360866537;19;1;12;12;16;4;5;2;0;21;4.430173699500807;12;5;21;-0.6405630381471352;2;3;6;3;1;25;13;3;6;5;2;4;11;5;6;22;2.8634783291700536
TRACK:989;979;-1;1;6;2;3;3;0;2;2;1;6;23;-0.9039148517333804;1;24;12;3;2;18;11;5;4;1;9;10;6;1;2;1;14;21;-1.1306244922091329;6;23;-0.8620663211183207;0;0;19;11;4;25;1;1;4;3;3;0;1;22;6.702203158243149;19;1;12;12;16;4;5;2;0;21;4.388604934086091;12;5;21;-0.45477048430127726;2;3;2;4;5;1;2;0;0;8;15;4;24;6;1;11;15;5;5;3;12;6;5;6;2;4;10;3;16;3;6;5;2;4;11;5;6;22;2.744334384141306
EVAL_INSTANCE:49:0:980
EVAL_INSTANCE:49:1:981
EVAL_INSTANCE:49:2:982
EVAL_INSTANCE:49:3:983
EVAL_INSTANCE:49:4:984
EVAL_INSTANCE:49:5:985
EVAL_INSTANCE:49:6:986
EVAL_INSTANCE:49:7:987
EVAL_INSTANCE:49:8:988
EVAL_INSTANCE:49:9:989
RUN_RESULT:49:0:0:72:RRURUUDDRUURDDDDUL
RUN_RESULT:49:1:0:2000:----
RUN_RESULT:49:2:0:2000:----
RUN_RESULT:49:3:0:155:RRURUUDDRUURDDDDUL
RUN_RESULT:49:4:0:2000:----
RUN_RESULT:49:5:0:96:RRURUUDDRUURDDDDUL
RUN_RESULT:49:6:0:2000:----
RUN_RESULT:49:7:0:2000:----
RUN_RESULT:49:8:0:909:RRURUUDDRUUDDD
RUN_RESULT:49:9:0:2000:----
    50 |      500 | -3.928000E+03 | -3.928000E+03
TRACK:990;785;703;1;6;2;3;3;0;2;2;1;1;18;13;1;24;12;3;2;18;11;5;6;5;24;6;1;2;1;14;21;-0.772567874196158;6;23;-0.9975063705608993;0;0;19;11;4;25;1;1;4;3;3;0;1;22;6.314463430138813;19;1;12;22;6.415262459056687;16;4;5;2;0;21;4.394310769478214;12;5;21;-0.45346566867517757;2;3;6;3;1;25;13;3;6;5;2;4;11;5;6;22;2.802583135123342
TRACK:991;785;703;1;6;2;3;3;0;2;2;1;6;23;-0.8387395823344265;1;24;12;3;2;18;11;5;4;1;9;10;6;1;2;1;14;21;-1.0487777511914493;6;23;-0.9676211833562276;0;0;19;11;4;25;1;1;4;3;3;0;1;22;6.415262459056687;19;1;12;12;16;4;5;2;0;21;4.5134978074385925;12;5;21;-0.33985554376667193;2;3;2;4;5;1;2;6;3;25;6;1;25;25;5;5;3;12;6;5;4;1;4;2;21;2.3845638295673943;22;-2.5848340753706323;4;4;25;3;6;5;2;4;11;5;6;22;2.742402816000298
TRACK:992;608;720;1;6;2;3;3;0;2;2;0;21;4.478027293402004;12;5;21;-0.5982560879812047;5;4;1;9;15;6;1;2;1;14;21;-1.013074534752782;6;23;-0.9941126745389219;0;0;19;11;4;25;1;1;4;3;3;0;1;22;6.367788635865613;19;1;12;12;16;4;5;2;0;21;4.559137938084782;12;5;21;-0.5453201374660759;2;3;6;3;1;25;13;3;6;5;2;4;11;5;6;22;2.7715232663036566
TRACK:993;608;720;1;6;2;3;3;0;2;2;1;1;18;14;1;24;12;3;2;18;11;5;4;1;11;15;6;1;2;1;14;21;-0.8138443779838155;6;23;-1.006758833242549;0;0;19;11;4;25;1;1;4;3;3;0;1;22;6.483815050616339;19;1;12;12;16;4;5;2;0;21;4.478027293402004;12;5;21;-0.5982560879812047;2;3;6;3;1;25;13;3;6;5;2;4;11;5;1;14;21;-1.013074534752782
TRACK:994;683;742;1;6;2;3;3;0;2;2;1;6;23;-1.0211272694186677;1;24;12;3;2;18;11;5;4;1;9;10;6;1;2;1;14;21;-0.7804896469722422;6;23;-0.9325504830021734;0;0;19;11;4;25;1;1;4;3;3;0;1;22;6.340675979244159;19;1;12;12;16;3;3;18;2;3;6;3;1;25;13;3;6;5;2;4;11;5;6;22;2.8074374784190184
TRACK:995;683;742;1;6;2;3;3;0;2;2;1;1;18;13;1;24;12;3;2;18;11;5;4;1;9;15;6;1;2;1;14;13;6;23;-1.1710493557061956;0;0;19;11;4;25;1;1;4;3;3;0;1;22;6.382388386615043;19;1;12;12;16;4;5;2;3;3;18;5;21;-0.5854767634640339;2;3;6;3;1;25;15;3;6;5;2;4;11;5;6;22;2.8567412392059364
TRACK:996;781;703;1;6;2;3;3;0;2;2;1;6;23;-0.8589661067667558;1;24;12;3;2;18;11;5;4;1;9;10;6;1;2;1;14;21;-1.183448691409649;6;23;-0.7949726557261514;0;0;19;11;4;25;1;1;4;3;3;0;1;22;6.638316404646369;19;1;12;12;16;4;5;2;0;21;4.459942012093966;12;5;21;-0.530860554087341;2;3;2;4;5;1;2;0;0;8;15;4;24;23;-0.9676211833562276;5;5;3;12;6;5;4;1;4;2;21;2.2141744447708227;22;-2.6766471889494277;4;3;11;3;6;5;2;4;11;5;6;22;2.7612634671668017
TRACK:997;781;703;1;6;2;3;3;0;2;2;1;6;23;-0.8387395823344265;1;24;12;3;2;18;11;5;4;1;9;10;6;1;2;1;14;21;-1.0487777511914493;6;23;-0.9676211833562276;22;-2.6766471889494277;1;1;4;3;3;0;1;22;6.415262459056687;19;1;12;12;16;4;5;2;0;21;4.5134978074385925;12;5;21;-0.33985554376667193;2;3;2;4;5;1;2;6;3;25;6;1;25;25;5;5;3;12;6;5;4;1;4;2;21;2.3845638295673943;22;-2.5848340753706323;4;3;11;3;6;5;2;4;11;5;6;22;2.742402816000298
TRACK:998;642;707;1;6;2;3;3;0;2;2;1;1;12;13;1;24;12;3;2;18;11;5;4;1;9;15;6;1;2;1;14;21;-0.8321534739396904;6;23;-1.0910194689014563;0;0;19;11;4;25;1;1;4;3;3;0;1;22;6.361145966904595;19;1;12;12;16;4;5;2;0;21;4.472130362360231;12;5;21;-0.5214356090132287;2;3;6;3;1;25;13;3;6;5;2;4;11;5;6;22;2.7591701134402604
TRACK:999;642;707;1;6;2;3;3;0;2;2;1;1;18;12;1;24;12;3;2;18;11;5;4;1;9;15;6;1;2;1;14;21;-1.0146511438989245;6;23;-1.1236237264195523;0;0;19;11;14;1;1;4;3;3;0;1;22;6.606966492208832;19;1;12;12;16;4;5;2;0;3;25;12;5;21;-0.4983659876663705;2;3;6;3;1;25;13;3;6;5;2;4;11;5;6;22;2.8189911263297565
TRACK:1000;990;-1;1;6;2;3;3;0;2;2;1;1;18;13;1;24;12;3;2;18;11;5;6;5;24;6;1;2;1;14;21;-0.6855646110745821;6;23;-0.9902885915087496;0;0;19;11;4;25;1;1;4;3;3;0;1;22;6.064851123535819;19;1;12;22;6.335726489925344;16;4;5;2;0;21;4.365465488980091;12;5;21;-0.37770238347984053;2;3;6;3;1;25;13;3;6;5;2;4;11;5;6;4;17
TRACK:1001;992;-1;1;6;2;3;3;0;2;2;0;21;4.342854759007465;12;5;21;-0.6531150883204375;5;4;1;9;15;6;1;2;1;14;21;-0.9950860707658079;6;23;-1.0745447789361189;0;0;19;11;4;25;1;1;4;3;3;0;1;22;6.384481975531629;19;1;12;12;16;4;5;2;0;21;4.598457043839675;12;5;21;-0.5389181711647772;2;3;6;5;1;6;6;2;4;9;1;15;18;2;1;3;4;12;2;1;18;22;0.47198649844081686;6;16;4;3;3;13;3;6;5;2;4;11;5;6;22;2.6389175339250017
TRACK:1002;994;-1;1;6;2;3;3;0;2;2;1;6;23;-0.9857363998624383;1;24;12;3;2;18;11;5;4;1;9;10;6;1;2;1;14;21;-0.6779762506333127;6;23;-0.8319124738688602;0;0;19;11;4;25;1;1;4;3;3;0;1;22;6.350518083335573;19;1;12;12;16;1;6;0;0;3;4;15;4;0;19;12;2;4;3;17;6;3;13;5;0;1;6;1;8;10;2;1;22;-5.666659862567247;14;2;10;11;1;6;1;14;18;2;0;10;24;4;10;2;3;6;3;1;25;13;3;6;5;2;4;11;5;6;22;2.837762580334086
TRACK:1003;996;-1;1;6;2;3;3;0;2;2;1;6;23;-0.8814294842508119;1;24;12;3;2;18;11;5;4;9;6;1;2;1;14;21;-1.216284111778056;6;23;-0.8594882973580195;0;0;19;11;4;25;1;1;4;3;3;0;1;22;6.651905501315431;19;1;12;12;16;4;5;2;0;21;4.578802924126333;12;5;21;-0.6146675219797656;2;3;2;4;5;1;2;0;0;8;15;4;24;23;-0.9806651500596208;5;5;3;12;6;5;4;1;4;2;21;2.242465729514582;22;-2.5374464788870923;4;3;11;3;6;5;2;4;11;5;6;22;2.63529983263774
TRACK:1004;998;-1;1;6;2;3;3;0;2;2;1;1;12;13;1;24;12;3;2;18;11;5;4;1;9;15;6;1;2;1;14;21;-0.9750496441031764;6;23;-1.044060147908406;0;0;19;11;4;25;1;1;4;3;3;0;1;22;6.416004939076252;19;1;12;12;16;4;5;2;0;21;4.527417728820798;12;5;21;-0.4953497991945626;2;3;6;3;1;25;13;3;6;5;2;4;11;3;24
TRACK:1005;991;-1;1;6;2;3;3;0;2;2;1;6;23;-0.806820508008425;1;24;12;3;2;18;11;5;4;1;9;10;6;1;2;1;14;21;-0.9843371349989514;6;23;-0.9645624463784145;0;0;19;11;4;8;1;1;4;3;3;0;1;22;6.471528495493393;19;1;12;12;16;4;5;2;0;21;4.57798956825453;12;5;21;-0.45649123344862236;2;3;2;4;5;1;2;6;3;25;6;1;25;25;5;5;3;12;6;5;4;1;4;2;21;2.446271966779158;22;-2.6318161935433775;4;4;25;3;6;5;2;4;11;5;6;22;2.776718952896516
TRACK:1006;993;-1;1;6;2;3;3;0;2;2;1;1;18;14;1;24;12;3;2;18;11;5;4;1;11;15;6;1;2;1;8;21;-0.7573768850964544;6;23;-1.0610494120329825;0;0;19;11;4;25;1;1;4;3;3;0;1;22;6.384028588722281;19;1;12;12;16;4;5;2;0;21;4.457756552834073;12;5;21;-0.5996551107768685;2;3;6;3;1;25;13;3;6;5;2;4;11;5;1;14;21;-0.921492356198586
TRACK:1007;995;-1;1;6;2;3;3;0;2;2;4;5;16;3;2;18;11;5;4;1;9;15;6;1;2;1;14;13;6;23;-1.28676806864998;0;0;19;11;4;25;1;1;4;3;3;0;1;22;6.413942291018093;19;1;12;12;16;4;5;2;3;3;18;5;21;-0.805623666034728;2;3;6;3;1;25;15;3;6;5;2;4;11;5;6;22;2.832432305499386
TRACK:1008;997;-1;1;6;2;3;3;0;2;2;1;6;23;-0.8035470198869773;1;24;12;3;2;18;11;5;4;1;9;10;6;1;2;1;14;21;-0.9415504412811726;6;23;-0.9737742221284411;22;-2.658514317778283;1;1;4;3;3;6;4;13;16;4;5;2;0;21;4.314356639800875;12;5;21;-0.41244267792548345;2;3;2;4;5;1;2;6;3;25;6;1;25;25;5;5;3;12;6;5;4;1;4;2;21;2.423210521354091;22;-2.4790140102027625;4;3;11;3;6;5;2;4;11;5;6;22;2.8117686568512603
TRACK:1009;999;-1;1;6;2;3;4;3;6;20;-3.251147330498119;1;1;4;3;3;0;1;22;6.589333093103527;19;1;12;12;16;4;5;2;0;3;25;12;5;21;-0.5114228235663614;2;3;6;3;1;25;13;3;6;5;2;4;11;5;6;22;2.7708337092990836
EVAL_INSTANCE:50:0:1000
EVAL_INSTANCE:50:1:1001
EVAL_INSTANCE:50:2:1002
EVAL_INSTANCE:50:3:1003
EVAL_INSTANCE:50:4:1004
EVAL_INSTANCE:50:5:1005
EVAL_INSTANCE:50:6:1006
EVAL_INSTANCE:50:7:1007
EVAL_INSTANCE:50:8:1008
EVAL_INSTANCE:50:9:1009
RUN_RESULT:50:0:0:2000:----
RUN_RESULT:50:1:0:2000:----
RUN_RESULT:50:2:0:2000:----
RUN_RESULT:50:3:0:72:RRURUUDDRUURDDDDUL
RUN_RESULT:50:4:0:2000:----
RUN_RESULT:50:5:0:68:RRURUUDDRUUDDD
RUN_RESULT:50:6:0:1123:RRURUUDDRUUDDD
RUN_RESULT:50:7:0:2000:----
RUN_RESULT:50:8:0:2000:----
RUN_RESULT:50:9:0:2000:----
    51 |      510 | -3.928400E+03 | -3.932000E+03
TRACK:1010;720;742;1;6;2;3;3;0;2;2;1;1;18;14;1;24;12;3;2;18;11;5;4;1;11;15;6;1;2;1;14;21;-0.8138443779838155;6;23;-1.006758833242549;0;0;19;11;4;25;1;1;4;3;0;19;11;16;4;5;2;0;21;4.478027293402004;12;5;21;-0.5982560879812047;2;3;6;3;1;25;13;3;6;5;2;4;11;5;6;22;2.787193005696892
TRACK:1011;720;742;1;6;2;3;3;0;2;2;1;1;18;13;1;24;12;3;2;18;11;5;4;1;9;15;6;1;2;1;14;21;-0.9302767042466775;6;23;-1.1710493557061956;0;0;19;11;4;25;1;1;4;3;3;0;1;22;6.382388386615043;19;1;12;12;16;4;5;2;3;3;18;5;21;-0.5854767634640339;2;3;6;3;1;25;15;3;6;5;2;4;11;5;6;12
TRACK:1012;703;1005;1;6;2;3;3;0;2;2;1;6;23;-0.8387395823344265;1;24;12;3;2;18;11;5;4;1;9;10;6;1;2;1;14;21;-1.0487777511914493;6;23;-0.9676211833562276;0;0;19;11;4;25;1;1;4;3;3;0;1;22;6.415262459056687;19;1;12;12;16;4;5;2;0;21;4.5134978074385925;12;5;21;-0.33985554376667193;2;3;2;4;5;1;2;6;3;12;6;1;25;25;5;5;3;12;6;5;4;1;4;2;21;2.3845638295673943;22;-2.5848340753706323;4;3;11;3;6;5;2;4;11;5;6;22;2.742402816000298
TRACK:1013;703;1005;1;6;2;3;3;0;2;2;1;6;23;-0.806820508008425;1;24;12;3;2;18;11;5;4;1;9;10;6;1;2;1;14;21;-0.9843371349989514;6;23;-0.9645624463784145;0;0;19;11;4;8;1;1;4;3;3;0;1;22;6.471528495493393;19;1;12;12;16;4;5;2;0;21;4.57798956825453;12;5;21;-0.45649123344862236;2;3;2;4;5;1;2;6;3;25;6;1;25;25;5;16;6;5;4;1;4;2;21;2.446271966779158;22;-2.6318161935433775;4;4;25;3;6;5;2;4;11;5;6;22;2.776718952896516
TRACK:1014;608;1005;1;6;2;3;3;0;2;2;1;1;18;12;1;24;12;3;2;18;11;5;4;1;9;15;6;1;2;1;14;21;-1.013074534752782;6;23;-0.9941126745389219;0;0;19;11;4;25;1;1;4;3;3;0;1;22;6.367788635865613;19;1;12;12;3;12;4;5;2;0;21;4.559137938084782;12;5;21;-0.5453201374660759;2;3;6;3;1;25;13;3;6;5;2;4;11;5;6;22;2.7715232663036566
TRACK:1015;608;1005;1;6;2;3;3;0;2;2;1;6;23;-0.806820508008425;1;24;12;3;2;18;11;5;4;1;9;10;6;1;2;1;14;21;-0.9843371349989514;6;23;-0.9645624463784145;0;0;19;11;4;8;1;1;4;3;3;0;1;22;6.471528495493393;19;1;12;12;16;4;5;2;0;21;4.57798956825453;12;5;21;-0.45649123344862236;2;3;2;4;5;1;2;6;19;6;1;25;25;5;5;3;12;6;5;4;1;4;2;21;2.446271966779158;22;-2.6318161935433775;4;4;25;3;6;5;2;4;11;5;6;22;2.776718952896516
TRACK:1016;722;781;1;6;2;3;3;0;2;2;1;6;23;-0.7705595313447842;1;24;12;3;2;18;11;5;4;1;9;10;6;1;2;1;14;21;-1.212408613559086;6;23;-0.9201231710160916;0;0;19;11;4;21;4.459942012093966;1;1;4;3;3;0;1;22;6.532886827310305;19;1;12;12;16;4;5;2;0;21;4.456772443512279;12;5;21;-0.41355044399650015;2;3;2;4;5;1;2;0;0;8;15;4;24;6;1;25;25;5;5;3;12;6;5;4;1;4;2;21;2.3729087515776266;22;-2.6607226083455786;4;3;11;3;6;5;2;4;11;5;6;22;2.726926181903002
TRACK:1017;722;781;1;6;2;3;3;0;2;2;1;6;23;-0.8589661067667558;1;24;12;3;2;18;11;5;4;1;9;10;6;1;2;1;14;21;-1.183448691409649;6;23;-0.7949726557261514;0;0;19;11;4;25;1;1;4;3;3;0;1;22;6.638316404646369;19;1;12;12;16;4;5;2;0;21;4.459942012093966;12;5;21;-0.530860554087341;2;3;2;4;5;1;2;0;0;8;15;4;24;6;1;25;15;5;5;3;12;6;5;4;1;4;2;11;22;-2.6766471889494277;4;3;11;3;6;5;2;4;11;5;6;22;2.7612634671668017
TRACK:1018;742;720;1;6;2;3;3;0;2;2;1;1;18;13;1;24;12;3;2;18;11;5;4;1;9;15;6;1;2;1;14;21;-0.9302767042466775;6;23;-1.1710493557061956;0;0;19;11;4;25;1;1;4;3;3;0;1;22;6.382388386615043;19;1;12;12;16;4;5;2;3;3;18;5;21;-0.5854767634640339;2;3;6;3;1;21;4.478027293402004;15;3;6;5;2;4;11;5;6;22;2.8567412392059364
TRACK:1019;742;720;1;6;2;3;3;12;1;1;4;3;3;0;1;22;6.483815050616339;19;1;12;12;16;4;5;2;0;21;4.478027293402004;12;5;21;-0.5982560879812047;2;3;6;3;1;25;13;3;6;5;2;4;11;5;6;22;2.787193005696892
TRACK:1020;1010;-1;1;6;2;3;3;0;2;2;1;1;18;14;1;24;12;3;2;18;11;5;4;1;11;15;6;1;2;1;14;21;-0.8934308777698293;6;23;-0.9193495908048295;0;0;19;11;4;25;1;1;4;3;0;19;11;16;4;5;2;0;21;4.506512572867315;12;5;21;-0.6417635034384767;2;3;6;3;1;25;13;3;6;1;0;22;-8.345409799721617;11;5;17
TRACK:1021;703;-1;1;6;2;3;3;0;2;2;1;6;23;-0.7891964440677057;1;24;12;3;2;18;11;5;4;1;9;10;6;1;2;1;14;21;-1.0674888688994504;6;23;-0.9562145234476032;0;0;19;11;4;25;1;1;4;3;3;0;1;22;6.373363395744567;19;1;12;12;16;4;5;2;0;21;4.466204080239948;12;5;21;-0.2569241661586968;2;3;2;5;11;6;5;4;1;4;2;21;2.1930665213309943;22;-2.4656982406296386;4;3;11;3;6;5;2;4;11;5;6;22;2.8356367738988535
TRACK:1022;1014;-1;1;6;2;3;3;0;2;2;1;1;18;12;1;24;12;3;2;18;11;5;4;1;9;15;6;1;2;1;14;21;-0.863455713161051;6;23;-0.748319900445453;1;3;13;0;10;24;1;1;4;3;3;0;1;22;6.401122141795169;19;1;12;12;3;12;4;5;2;0;21;4.616340327225324;12;5;21;-0.36914040190650954;2;3;6;3;1;25;13;3;6;5;2;4;11;5;6;22;2.709781730609721
TRACK:1023;722;-1;1;6;2;3;3;0;2;2;1;6;23;-0.8919364426754852;1;24;12;3;2;18;11;5;4;1;9;10;6;1;2;1;14;21;-1.1090069166395584;6;23;-0.9006169483232139;0;0;19;11;4;25;1;1;4;3;3;0;1;22;6.65852590658477;19;1;12;12;16;4;5;2;0;21;4.473938288997649;12;5;21;-0.4136828264598708;2;3;2;4;5;1;2;0;0;8;15;4;24;6;1;25;25;5;5;3;12;6;5;4;1;4;2;21;2.412742448253207;22;-2.886773600118013;4;21;-0.8281712571929667;3;6;5;2;4;11;5;6;22;2.893431010514674
TRACK:1024;1018;-1;1;6;2;3;3;0;2;2;1;1;18;13;1;24;14;3;2;18;11;5;4;1;9;15;6;1;2;1;14;21;-0.899316896908102;6;23;-1.1154960377731167;0;0;19;11;4;25;1;1;4;3;3;0;1;22;6.418187127580649;19;1;12;12;16;4;5;2;3;3;18;5;21;-0.5263135309084912;2;3;6;3;1;21;4.467364670919004;15;3;6;5;2;4;11;5;6;22;2.891814872424665
TRACK:1025;1011;-1;1;6;2;3;3;0;2;2;1;1;18;13;1;24;12;3;2;18;11;5;4;1;16;15;6;1;2;1;14;21;-0.9268714655925101;6;23;-1.1927631649377048;0;0;19;11;4;25;1;1;4;3;3;0;1;22;6.426486052064635;19;1;12;12;16;4;5;2;3;3;18;5;21;-0.5113849462386868;2;3;6;3;1;25;15;3;6;5;2;4;11;5;6;12
TRACK:1026;1005;-1;1;6;2;3;3;0;2;2;1;6;23;-0.9695190048993131;1;24;12;3;2;18;11;5;4;1;9;10;6;1;2;1;14;21;-1.0361235869315784;6;23;-0.8606140243279105;0;0;19;11;4;8;1;1;4;3;3;0;1;22;6.305578846414943;19;1;12;12;16;4;5;2;0;21;4.5850960919141714;12;5;21;-0.43876159926276465;2;3;2;4;5;1;2;6;3;25;6;1;25;25;5;5;3;12;4;5;6;0;25;16;3;6;5;2;4;11;5;6;22;2.824439965341597
TRACK:1027;1015;-1;1;6;2;3;3;0;2;2;1;6;23;-0.7661180625163387;1;24;12;3;2;18;11;5;4;1;9;10;6;1;2;1;14;21;-0.8780321148957527;6;23;-0.813644777617191;0;0;19;11;4;8;1;4;6;18;4;5;2;0;21;4.585293643506189;12;5;21;-0.656079615962437;2;3;2;4;5;1;2;6;19;6;1;25;25;5;5;3;12;6;5;4;1;4;2;21;2.38242915593113;22;-2.591346259155189;4;4;25;3;6;5;2;4;11;5;6;22;2.850885065599828
TRACK:1028;781;-1;1;6;2;3;3;0;2;2;1;6;23;-0.9443500038213462;1;24;12;3;2;18;11;5;4;1;9;10;6;1;2;1;14;21;-0.9718492987065347;6;23;-0.7946371711817666;0;0;19;11;4;25;1;1;4;3;3;0;1;22;6.584803154649136;19;1;12;12;16;4;5;2;0;21;4.403448448265507;12;5;21;-0.4791047219641841;2;3;2;4;5;1;2;0;0;8;9;4;24;6;1;25;15;5;5;3;12;6;5;4;1;4;2;21;2.3341706565222373;22;-2.6353203703450525;4;3;11;3;6;5;2;4;11;5;6;22;2.8587409617875434
TRACK:1029;1019;-1;1;6;2;3;3;12;1;1;4;3;3;0;1;22;6.592924617815247;19;1;12;12;16;4;5;2;0;21;4.445316948936365;12;5;21;-0.7222761626366065;2;3;6;3;1;25;13;3;6;5;2;4;2;2;0;11;16;1;11;9;5;2;15;13;5;6;22;2.866843899493675
EVAL_INSTANCE:51:0:1020
EVAL_INSTANCE:51:1:1021
EVAL_INSTANCE:51:2:1022
EVAL_INSTANCE:51:3:1023
EVAL_INSTANCE:51:4:1024
EVAL_INSTANCE:51:5:1025
EVAL_INSTANCE:51:6:1026
EVAL_INSTANCE:51:7:1027
EVAL_INSTANCE:51:8:1028
EVAL_INSTANCE:51:9:1029
RUN_RESULT:51:0:0:2000:----
RUN_RESULT:51:1:0:72:RRURUUDDRUURDDDDUL
RUN_RESULT:51:2:0:2000:----
RUN_RESULT:51:3:0:72:RRURUUDDRUURDDDDUL
RUN_RESULT:51:4:0:72:RRURUUDDRUURDDDDUL
RUN_RESULT:51:5:0:2000:----
RUN_RESULT:51:6:0:68:RRURUUDDRUUDDD
RUN_RESULT:51:7:0:2000:----
RUN_RESULT:51:8:0:72:RRURUUDDRUURDDDDUL
RUN_RESULT:51:9:0:909:RRURUUDDRUUDDD
    52 |      520 | -3.928800E+03 | -3.932000E+03
TRACK:1030;720;608;1;6;2;3;3;0;2;2;1;1;18;14;1;24;12;3;2;18;11;5;4;1;11;15;6;1;2;1;14;21;-0.8138443779838155;6;23;-1.006758833242549;0;0;19;11;4;25;1;1;4;3;3;0;1;22;6.483815050616339;19;1;12;12;16;4;5;2;0;21;4.478027293402004;12;5;21;-0.5982560879812047;2;3;6;3;1;25;22;2.7715232663036566;3;6;5;2;4;11;5;6;22;2.787193005696892
TRACK:1031;720;608;1;4;5;2;0;21;4.478027293402004;12;5;21;-0.5982560879812047;2;3;6;3;1;25;13;3;6;5;2;4;11;5;6;22;2.7715232663036566
TRACK:1032;1026;642;1;6;2;3;3;0;2;2;1;6;23;-0.9695190048993131;1;24;12;3;1;9;15;5;4;1;9;10;6;1;2;1;14;21;-1.0361235869315784;6;23;-0.8606140243279105;0;0;19;11;4;8;1;1;4;3;3;0;1;22;6.305578846414943;19;1;12;12;16;4;5;2;0;21;4.5850960919141714;12;5;21;-0.43876159926276465;2;3;2;4;5;1;2;6;3;25;6;1;25;25;5;5;3;12;4;5;6;0;25;16;3;6;5;2;4;11;5;6;22;2.824439965341597
TRACK:1033;1026;642;1;6;2;3;3;0;2;2;1;1;18;13;1;24;12;3;2;18;11;5;4;1;9;15;6;1;2;1;14;21;-0.8321534739396904;6;23;-1.0910194689014563;0;0;19;11;4;25;1;1;4;3;3;0;1;22;6.361145966904595;19;1;12;12;16;4;5;2;0;21;4.472130362360231;23;-0.8606140243279105;5;21;-0.5214356090132287;2;3;6;3;1;25;13;3;6;5;2;4;11;5;6;22;2.7591701134402604
TRACK:1034;1005;742;1;6;2;3;3;0;2;2;1;6;23;-0.806820508008425;1;24;12;3;2;18;11;5;4;1;9;10;6;1;2;1;14;21;-0.9843371349989514;6;23;-0.9645624463784145;0;0;19;11;4;8;1;1;4;3;3;2;1;14;21;-0.9302767042466775;6;23;-1.1710493557061956;16;4;5;2;0;21;4.57798956825453;12;5;21;-0.45649123344862236;2;3;2;4;5;1;2;6;3;25;6;1;25;25;5;5;3;12;6;5;4;1;4;2;21;2.446271966779158;22;-2.6318161935433775;4;4;25;3;6;5;2;4;11;5;6;22;2.776718952896516
TRACK:1035;1005;742;1;6;2;3;3;0;2;2;1;1;18;13;1;24;12;3;2;18;11;5;4;1;9;15;6;1;2;1;14;21;-0.9302767042466775;6;23;-1.1710493557061956;0;0;19;11;4;25;1;1;4;3;3;0;1;22;6.382388386615043;19;1;12;12;16;4;5;2;2;0;21;4.57798956825453;12;5;21;-0.45649123344862236;5;21;-0.5854767634640339;2;3;6;3;1;25;15;3;6;5;2;4;11;5;6;22;2.8567412392059364
TRACK:1036;1005;683;1;6;2;3;3;0;2;2;1;6;11;1;24;12;3;2;18;11;5;4;1;9;10;6;1;2;1;14;21;-0.9843371349989514;6;23;-0.9645624463784145;0;0;19;11;4;8;1;1;4;3;3;0;1;22;6.471528495493393;19;1;12;12;16;4;5;2;0;21;4.57798956825453;12;5;21;-0.45649123344862236;2;3;2;4;5;1;2;6;3;25;6;1;25;25;5;5;3;12;6;5;4;1;4;2;21;2.446271966779158;22;-2.6318161935433775;4;4;25;3;6;5;2;4;11;5;6;22;2.776718952896516
TRACK:1037;1005;683;1;6;2;3;3;0;2;2;1;6;23;-1.0211272694186677;1;24;12;3;2;18;11;5;4;1;9;10;6;1;2;1;14;21;-0.7804896469722422;6;23;-0.9325504830021734;0;0;19;11;4;25;1;1;4;3;3;0;1;22;6.340675979244159;11;1;12;12;16;4;5;2;0;21;4.532583036775885;12;5;21;-0.40465062523167317;2;3;6;3;1;25;13;3;6;5;2;4;11;5;6;22;2.8074374784190184
TRACK:1038;1026;707;1;6;2;3;3;0;2;2;1;6;23;-0.9695190048993131;1;24;12;3;2;18;11;5;4;1;9;10;6;1;2;1;14;21;-1.0361235869315784;6;23;-0.8606140243279105;0;0;19;11;4;8;12;2;3;2;4;5;1;2;6;3;25;6;1;25;25;5;5;3;12;4;5;6;0;25;16;3;6;5;2;4;11;5;6;22;2.824439965341597
TRACK:1039;1026;707;1;6;2;3;3;0;2;2;1;1;18;12;1;24;12;3;2;18;11;5;4;1;9;15;6;1;2;1;14;21;-1.0146511438989245;6;23;-1.1236237264195523;0;0;19;11;4;25;1;1;4;3;3;0;1;22;6.606966492208832;19;1;16;12;16;4;5;2;0;3;25;12;5;21;-0.4983659876663705;2;3;6;3;1;25;13;3;6;5;2;4;11;5;6;22;2.8189911263297565
TRACK:1040;1030;-1;1;6;2;3;3;0;2;2;1;1;18;14;1;24;12;3;2;18;11;5;4;1;11;13;6;1;2;1;14;21;-0.7794415483103485;6;23;-0.9190102885214335;0;0;19;11;4;25;1;1;4;3;3;0;1;22;6.320486216477452;19;1;12;12;16;4;5;2;0;21;4.48487697981557;12;5;21;-0.6362574709329957;2;3;6;3;1;25;22;2.9125168152065695;3;6;5;2;4;11;5;6;22;2.734741372665522
TRACK:1041;1032;-1;1;6;2;3;3;0;2;2;1;6;23;-0.9864672268527581;1;24;12;2;6;21;-4.40752719124609;6;10;5;4;1;9;10;6;1;2;1;14;21;-0.8248654877866753;6;23;-0.9061714005275787;0;0;19;11;4;8;1;1;4;3;3;0;1;22;6.247352834352123;19;1;12;12;16;4;5;2;0;21;4.568938801897676;12;5;21;-0.463488951801894;2;3;2;4;5;1;2;6;3;25;6;1;25;25;5;5;3;12;4;5;6;0;25;16;3;6;5;2;4;11;5;6;22;2.787731900716071
TRACK:1042;1005;-1;1;6;2;3;3;0;2;2;1;6;23;-0.7369821335849738;1;24;12;3;2;18;11;5;4;1;9;10;6;1;2;1;14;21;-0.771313482298791;6;23;-0.8731760005525525;0;0;19;11;4;8;1;4;1;8;13;3;1;8;15;2;3;2;4;5;1;2;6;3;25;6;1;25;25;5;5;3;12;6;5;4;1;4;2;21;2.280977428748717;22;-2.616123635762331;4;4;25;3;6;5;2;4;11;5;6;22;2.901793972917383
TRACK:1043;1036;-1;1;6;2;3;3;0;2;2;1;6;11;1;24;12;3;2;18;11;5;4;1;9;10;6;1;2;1;14;21;-0.8808130560397998;6;23;-1.0087690295752343;0;0;19;11;4;8;1;1;4;3;3;5;1;11;17;16;4;5;2;0;21;4.57585469102271;12;5;21;-0.6369886219737865;2;3;2;4;5;1;2;6;3;25;6;1;25;25;5;5;3;12;6;5;4;1;4;2;21;2.544078646452507;22;-2.52571479781634;4;4;25;3;6;5;2;4;11;5;6;22;2.517401609322737
TRACK:1044;1038;-1;1;6;2;3;3;0;2;2;1;6;23;-0.903544556761134;1;24;12;3;2;18;11;5;4;1;9;10;6;1;2;1;14;21;-1.1082552465469828;6;23;-0.8145812926304175;0;0;19;11;4;8;12;2;3;2;4;5;1;2;6;3;25;6;1;17;25;5;5;3;12;4;5;6;0;25;16;3;6;5;2;4;11;5;6;22;2.9274002610065533
TRACK:1045;1031;-1;1;4;5;2;6;6;15;5;21;-0.6803856410257935;2;3;6;3;1;25;13;3;6;5;2;4;11;5;6;22;2.8430268207622555
TRACK:1046;1033;-1;1;6;2;3;3;0;2;2;1;1;18;13;1;24;12;3;2;18;11;5;4;1;9;15;6;1;2;1;14;21;-0.8220274708345514;6;23;-1.3209231763778995;0;0;19;11;4;25;1;1;4;3;3;7;-7.720176325800923;16;4;5;2;0;21;4.349352406202379;23;-0.7804902890694758;5;21;-0.6387652340503795;2;3;6;3;1;25;13;3;6;5;2;4;11;5;6;22;2.696945801932382
TRACK:1047;742;-1;1;6;2;3;3;0;2;2;1;1;18;13;1;24;12;3;2;18;11;5;4;1;9;15;6;1;2;1;14;21;-1.0191045524887898;6;23;-1.0723895225883135;0;0;19;11;4;25;1;1;4;3;3;0;1;22;6.347098275324853;19;1;12;12;16;4;19;2;3;6;3;1;25;15;3;6;5;2;4;11;5;6;22;2.7915252519537392
TRACK:1048;1037;-1;1;6;0;25;15;2;3;6;3;1;25;13;3;6;5;2;4;11;5;6;22;2.6933584780933764
TRACK:1049;1039;-1;1;6;2;3;3;0;2;2;1;1;18;12;1;24;12;3;2;18;11;5;4;1;9;15;6;1;2;1;14;21;-1.0057786076859123;6;23;-1.0558155814978483;0;0;19;11;4;25;1;1;4;3;3;0;1;22;6.546846256383426;19;1;16;12;16;4;5;2;0;3;25;12;5;21;-0.592859011415139;2;3;6;3;1;25;13;3;6;5;2;4;11;3;4;13
EVAL_INSTANCE:52:0:1040
EVAL_INSTANCE:52:1:1041
EVAL_INSTANCE:52:2:1042
EVAL_INSTANCE:52:3:1043
EVAL_INSTANCE:52:4:1044
EVAL_INSTANCE:52:5:1045
EVAL_INSTANCE:52:6:1046
EVAL_INSTANCE:52:7:1047
EVAL_INSTANCE:52:8:1048
EVAL_INSTANCE:52:9:1049
RUN_RESULT:52:0:0:79:RRURUUDDRUURDDLLD
RUN_RESULT:52:1:0:2000:----
RUN_RESULT:52:2:0:2000:----
RUN_RESULT:52:3:0:2000:----
RUN_RESULT:52:4:0:2000:----
RUN_RESULT:52:5:0:2000:----
RUN_RESULT:52:6:0:2000:----
RUN_RESULT:52:7:0:72:RRURUUDDRUURDDDDUL
RUN_RESULT:52:8:0:2000:----
RUN_RESULT:52:9:0:2000:----
    53 |      530 | -3.928800E+03 | -3.932000E+03
TRACK:1050;1005;703;1;6;2;3;3;0;2;2;1;6;23;-0.806820508008425;1;24;12;3;2;18;11;5;4;1;9;10;6;1;2;1;14;21;-0.9843371349989514;6;23;-0.9645624463784145;0;0;19;11;4;8;1;1;4;3;3;0;1;22;6.471528495493393;19;1;12;12;16;4;5;2;0;21;4.57798956825453;12;5;21;-0.45649123344862236;2;3;2;4;5;1;2;6;12;6;1;25;25;5;5;3;12;6;5;4;1;4;2;21;2.446271966779158;22;-2.6318161935433775;4;4;25;3;6;5;2;4;11;5;6;22;2.776718952896516
TRACK:1051;1005;703;1;6;2;3;3;0;2;2;1;6;23;-0.8387395823344265;1;24;12;3;2;18;11;5;4;1;9;10;6;1;2;1;14;21;-1.0487777511914493;6;23;-0.9676211833562276;0;0;19;11;4;25;1;1;4;3;3;0;1;22;6.415262459056687;19;1;12;12;16;4;5;2;0;21;4.5134978074385925;12;5;21;-0.33985554376667193;2;3;2;4;5;1;2;6;3;25;6;1;25;25;5;5;1;14;21;-0.9843371349989514;6;5;4;1;4;2;21;2.3845638295673943;22;-2.5848340753706323;4;3;11;3;6;5;2;4;11;5;6;22;2.742402816000298
TRACK:1052;1026;608;1;6;2;3;3;0;2;2;1;6;23;-0.9695190048993131;1;24;12;21;-0.5453201374660759;5;4;1;9;10;6;1;2;1;14;21;-1.0361235869315784;6;23;-0.8606140243279105;0;0;19;11;4;8;1;1;4;3;3;0;1;22;6.305578846414943;19;1;12;12;16;4;5;2;0;21;4.5850960919141714;12;5;21;-0.43876159926276465;2;3;2;4;5;1;2;6;3;25;6;1;25;25;5;5;3;12;4;5;6;0;25;16;3;6;5;2;4;11;5;6;22;2.824439965341597
TRACK:1053;1026;608;1;6;2;3;3;0;2;2;1;1;18;12;1;24;12;3;2;18;11;5;4;1;9;15;6;1;2;1;14;21;-1.013074534752782;6;23;-0.9941126745389219;0;0;19;11;4;25;1;1;4;3;3;0;1;22;6.367788635865613;19;1;12;12;16;4;5;2;0;21;4.559137938084782;12;5;21;-0.5453201374660759;2;3;6;3;1;25;13;3;6;5;2;4;11;5;8
TRACK:1054;722;742;1;6;2;3;3;0;2;2;1;6;23;-0.7705595313447842;1;24;12;3;2;18;11;5;4;1;9;10;6;1;2;1;14;21;-1.212408613559086;6;23;-0.9201231710160916;0;0;19;11;4;25;1;1;4;3;3;0;1;22;6.532886827310305;19;1;12;12;16;4;5;2;0;21;4.456772443512279;12;5;21;-0.41355044399650015;2;3;2;4;5;1;2;0;0;8;15;4;24;6;1;25;25;0;1;22;6.382388386615043;19;1;12;12;6;5;4;1;4;2;21;2.3729087515776266;22;-2.6607226083455786;4;3;11;3;6;5;2;4;11;5;6;22;2.726926181903002
TRACK:1055;722;742;1;6;2;3;3;0;2;2;1;1;18;13;1;24;12;3;2;18;11;5;4;1;9;15;6;1;2;1;14;21;-0.9302767042466775;6;23;-1.1710493557061956;0;0;19;11;4;25;1;1;4;3;3;0;1;22;6.382388386615043;19;1;12;12;16;4;5;2;3;3;18;5;21;-0.5854767634640339;2;3;6;3;1;25;23;-0.9201231710160916;3;6;5;2;4;11;5;6;22;2.8567412392059364
TRACK:1056;608;1005;1;6;2;3;3;0;2;2;1;1;18;12;1;24;12;3;2;18;11;5;4;1;9;15;6;1;2;1;14;21;-1.013074534752782;6;23;-0.9941126745389219;0;0;19;11;4;25;1;1;4;3;3;0;1;22;6.367788635865613;19;1;12;12;16;4;5;2;0;21;4.559137938084782;12;5;21;-0.5453201374660759;2;3;6;3;1;25;13;3;6;5;2;4;11;5;6;21;2.446271966779158
TRACK:1057;608;1005;1;6;2;3;3;0;2;2;1;6;23;-0.806820508008425;19;3;2;18;11;5;4;1;9;10;6;1;2;1;14;21;-0.9843371349989514;6;23;-0.9645624463784145;0;0;19;11;4;8;1;1;4;3;3;0;1;22;6.471528495493393;19;1;12;12;16;4;5;2;0;21;4.57798956825453;12;5;21;-0.45649123344862236;2;3;2;4;5;1;2;6;3;25;6;1;25;25;5;5;3;12;6;5;4;1;4;2;21;2.446271966779158;22;-2.6318161935433775;4;4;25;3;6;5;2;4;11;5;6;22;2.776718952896516
TRACK:1058;1026;722;1;6;2;3;3;0;2;2;1;6;23;-0.9695190048993131;1;24;12;3;2;18;11;5;4;1;23;-0.9201231710160916;10;6;1;2;1;14;21;-1.0361235869315784;6;23;-0.8606140243279105;0;0;19;11;4;8;1;1;4;3;3;0;1;22;6.305578846414943;19;1;12;12;16;4;5;2;0;21;4.5850960919141714;12;5;21;-0.43876159926276465;2;3;2;4;5;1;2;6;3;25;6;1;25;25;5;5;3;12;4;5;6;0;25;16;3;6;5;2;4;11;5;6;22;2.824439965341597
TRACK:1059;1026;722;1;6;2;3;3;0;2;2;1;6;23;-0.7705595313447842;1;24;12;3;2;18;11;5;4;1;9;10;6;1;2;1;14;21;-1.212408613559086;6;23;-0.9201231710160916;0;0;19;11;4;25;1;1;4;3;3;0;1;22;6.532886827310305;19;25;16;4;5;2;0;21;4.456772443512279;12;5;21;-0.41355044399650015;2;3;2;4;5;1;2;0;0;8;15;4;24;6;1;25;25;5;5;3;12;6;5;4;1;4;2;21;2.3729087515776266;22;-2.6607226083455786;4;3;11;3;6;5;2;4;11;5;6;22;2.726926181903002
TRACK:1060;1050;-1;1;6;2;3;3;0;2;2;1;6;23;-0.8034728076455756;1;24;12;3;2;18;11;5;4;1;9;10;6;1;2;1;14;21;-0.9230350883325039;6;23;-0.9465223523899543;0;0;19;11;4;8;1;1;4;3;3;0;1;22;6.46773573176414;19;1;12;12;16;4;5;2;0;21;4.614763196982281;12;5;21;-0.2717899271337378;2;3;2;4;5;1;2;6;12;6;1;25;25;5;5;3;12;6;6;1;24;24;3;6;5;2;4;11;5;6;22;2.686020601156473
TRACK:1061;1052;-1;1;6;2;3;3;0;2;2;1;6;23;-0.7194462728576834;1;24;12;21;-0.442366749466519;5;4;1;9;10;6;1;2;1;14;21;-0.9851343326373827;6;23;-0.8581523858963164;0;0;19;11;4;8;1;1;4;3;3;0;1;22;6.34442418338862;19;1;12;12;16;4;5;2;0;21;4.770431018712959;12;5;4;0;17;11;2;3;2;4;5;1;2;6;3;25;6;1;25;25;5;5;3;12;4;5;6;0;25;16;3;6;5;2;4;11;5;6;22;2.8354284212168985
TRACK:1062;1054;-1;1;6;2;3;3;0;2;2;1;6;23;-0.7750727914859807;1;24;12;3;2;18;11;5;4;1;9;10;6;1;2;1;14;21;-1.1226855727494855;6;23;-0.7066050658584249;0;0;19;11;4;25;1;1;4;3;3;0;1;22;6.51491075398339;19;1;12;12;16;1;0;4;1;14;25;2;0;12;14;5;24;1;3;6;10;2;1;15;25;1;14;25;2;3;2;4;5;1;2;0;0;8;15;4;24;6;1;25;25;0;1;22;6.246036422335542;19;1;12;12;6;5;4;1;4;2;21;2.436033792545959;22;-2.5111680859878716;4;3;11;3;6;5;2;4;11;5;6;22;2.8411320246775214
TRACK:1063;1056;-1;1;6;2;3;3;0;2;2;1;1;18;12;1;24;12;3;2;18;11;5;4;1;9;15;6;1;2;1;14;21;-0.848598470391265;6;23;-0.9265843276908283;0;0;19;11;4;25;1;1;4;3;3;0;1;22;6.583215966070431;19;1;12;12;16;4;5;2;0;21;4.5221579459484715;12;5;21;-0.46479259526790295;2;3;6;3;1;25;13;3;6;4;17
TRACK:1064;1058;-1;1;6;2;3;3;0;2;2;2;4;10;3;21;-5.5885967650562645;3;2;18;11;5;4;1;23;-1.0049297215866868;10;6;1;2;1;14;21;-1.093989808829048;6;23;-0.6712584182099136;0;0;19;11;4;8;1;1;4;3;3;0;1;22;6.229724932129421;19;1;12;12;16;4;5;2;0;21;4.454119363664009;12;5;21;-0.6724578077628502;2;3;2;4;5;1;2;6;3;25;6;1;25;25;5;5;3;12;4;5;6;0;25;16;3;6;5;2;4;11;5;6;22;2.7940805308456573
TRACK:1065;1051;-1;1;6;2;3;3;0;2;2;1;6;23;-0.6867666685133275;1;24;12;3;2;18;11;5;4;1;9;10;6;1;2;1;23;-9.586944056140087;21;-1.0502229424454395;6;23;-0.9906898480573527;0;0;19;11;4;25;1;1;4;3;3;0;1;22;6.383123681518971;19;1;12;12;16;4;5;2;0;21;4.7632276416826365;12;5;21;-0.2571650773684508;2;3;2;4;5;1;2;6;3;25;6;1;25;25;5;5;1;14;21;-0.9157897564849635;6;5;4;1;4;2;21;2.284920461183213;22;-2.779989960067326;4;3;11;3;6;5;2;4;11;5;6;22;2.7206441587113503
TRACK:1066;1053;-1;1;6;2;3;3;0;2;2;1;1;18;12;1;24;12;3;2;18;11;5;4;1;22;-6.2897425593405965;15;6;1;2;1;14;21;-1.0478199497054628;6;23;-0.982783435859491;0;0;19;11;4;25;1;1;4;3;3;0;1;22;6.43599040313394;19;1;12;12;16;4;5;2;0;21;4.523994599178997;12;5;21;-0.5477360443740532;2;3;6;3;1;25;13;3;6;5;2;4;11;5;8
TRACK:1067;1055;-1;1;6;2;3;3;0;2;2;1;1;18;13;1;24;12;3;2;18;11;5;4;1;9;15;6;1;2;1;14;21;-0.7854894548646044;6;23;-1.1087631914740548;0;0;19;11;4;25;1;1;4;3;3;0;1;22;6.289050804596231;19;1;12;12;16;4;5;2;3;5;3;24;5;21;-0.6373983758440182;2;3;6;3;1;25;23;-1.0868604485190951;3;6;5;2;4;11;5;6;22;2.8831090963800245
TRACK:1068;1057;-1;1;6;2;3;3;0;2;2;1;6;23;-0.8794859787497786;19;3;2;18;11;5;4;1;9;10;6;1;2;1;14;21;-0.9948635873560031;6;23;-0.8532198302282202;0;0;19;11;4;8;1;1;4;3;3;0;1;22;6.421005644425262;19;1;12;12;16;4;5;2;0;21;4.457204779286154;12;5;21;-0.28967019206479067;2;3;2;4;5;1;2;6;3;25;6;1;25;25;5;4;2;17;24;6;5;4;1;4;2;21;2.471400476052735;22;-2.617585263612418;4;4;25;3;6;5;2;4;11;5;6;22;2.784406553624802
TRACK:1069;1059;-1;1;6;2;3;3;0;2;2;1;6;23;-0.9456688843809091;1;24;12;3;2;18;11;5;4;1;9;10;6;1;2;1;14;21;-1.2346238269485907;6;15;0;0;19;11;4;25;1;1;4;3;3;0;1;22;6.722688460806523;19;25;16;4;5;2;0;21;4.4268860044956595;12;5;21;-0.4068544737864256;2;3;2;4;5;1;2;0;0;8;15;4;24;6;1;25;25;5;5;3;12;6;5;4;1;4;2;21;2.3197095359993223;22;-2.5820681879132863;4;3;11;3;6;5;2;4;11;5;6;22;2.6928520934774047
EVAL_INSTANCE:53:0:1060
EVAL_INSTANCE:53:1:1061
EVAL_INSTANCE:53:2:1062
EVAL_INSTANCE:53:3:1063
EVAL_INSTANCE:53:4:1064
EVAL_INSTANCE:53:5:1065
EVAL_INSTANCE:53:6:1066
EVAL_INSTANCE:53:7:1067
EVAL_INSTANCE:53:8:1068
EVAL_INSTANCE:53:9:1069
RUN_RESULT:53:0:0:2000:----
RUN_RESULT:53:1:0:2000:----
RUN_RESULT:53:2:0:2000:----
RUN_RESULT:53:3:0:2000:----
RUN_RESULT:53:4:0:577:RRURUUDDDDRRUUUDLUUDDD
RUN_RESULT:53:5:0:2000:----
RUN_RESULT:53:6:0:2000:----
RUN_RESULT:53:7:0:72:RRURUUDDRUURDDDDUL
RUN_RESULT:53:8:0:68:RRURUUDDRUUDDD
RUN_RESULT:53:9:0:2000:----
    54 |      540 | -3.929200E+03 | -3.932000E+03
TRACK:1070;1068;1005;1;6;2;3;3;0;2;2;1;6;23;-0.8794859787497786;19;3;2;18;11;5;4;1;9;10;6;1;2;1;14;21;-0.9948635873560031;6;23;-0.8532198302282202;0;0;19;11;4;8;1;1;4;3;3;0;1;22;6.421005644425262;19;1;12;12;16;4;5;2;0;21;4.457204779286154;12;5;21;-0.28967019206479067;2;3;2;4;5;1;2;6;3;25;6;1;25;25;5;4;2;17;24;6;5;4;1;4;2;21;2.471400476052735;22;-2.617585263612418;4;4;25;3;6;5;2;4;11;5;6;22;2.784406553624802
TRACK:1071;1068;1005;1;6;2;3;3;0;2;2;1;6;23;-0.806820508008425;1;24;12;3;2;18;11;5;4;1;9;10;6;1;2;1;14;21;-0.9843371349989514;6;23;-0.9645624463784145;0;0;19;11;4;8;1;1;4;3;3;0;1;22;6.471528495493393;19;1;12;12;16;4;5;2;0;21;4.57798956825453;12;5;21;-0.45649123344862236;2;3;2;4;5;1;2;6;23;-0.8532198302282202;6;1;25;25;5;5;3;12;6;5;4;1;4;2;21;2.446271966779158;22;-2.6318161935433775;4;4;25;3;6;5;2;4;11;5;6;22;2.776718952896516
TRACK:1072;683;608;1;6;2;3;3;0;2;2;1;6;23;-1.0211272694186677;1;24;12;3;2;18;25;5;4;1;9;10;6;1;2;1;14;21;-0.7804896469722422;6;23;-0.9325504830021734;0;0;19;11;4;25;1;1;4;3;3;0;1;22;6.340675979244159;19;1;12;12;16;4;5;2;0;21;4.532583036775885;12;5;21;-0.40465062523167317;2;3;6;3;1;25;13;3;6;5;2;4;11;5;6;22;2.8074374784190184
TRACK:1073;683;608;1;6;2;3;3;0;2;2;1;1;18;12;1;24;12;3;2;18;11;5;4;1;9;15;6;1;2;1;14;21;-1.013074534752782;25;0;0;19;11;4;25;1;1;4;3;3;0;1;22;6.367788635865613;19;1;12;12;16;4;5;2;0;21;4.559137938084782;12;5;21;-0.5453201374660759;2;3;6;3;1;25;13;3;6;5;2;4;11;5;6;22;2.7715232663036566
TRACK:1074;703;722;1;6;2;3;3;0;2;2;1;6;23;-0.8387395823344265;1;24;12;3;2;18;11;5;4;1;9;10;25;1;1;4;3;3;0;1;22;6.415262459056687;19;1;12;12;16;4;5;2;0;21;4.5134978074385925;12;5;21;-0.33985554376667193;2;3;2;4;5;1;2;6;3;25;6;1;25;25;5;5;3;12;6;5;4;1;4;2;21;2.3845638295673943;22;-2.5848340753706323;4;3;11;3;6;5;2;4;11;5;6;22;2.742402816000298
TRACK:1075;703;722;1;6;2;3;3;0;2;2;1;6;23;-0.7705595313447842;1;24;12;3;2;18;11;5;4;1;9;10;6;1;2;1;14;21;-1.212408613559086;6;23;-0.9201231710160916;0;0;19;11;4;25;1;1;4;3;3;0;1;22;6.532886827310305;19;1;12;12;16;4;5;2;0;21;4.456772443512279;12;5;21;-0.41355044399650015;2;3;2;4;5;1;2;0;0;8;15;4;24;6;1;25;25;5;5;3;12;6;5;4;1;4;2;21;2.3729087515776266;22;-2.6607226083455786;4;3;11;3;6;5;2;4;2;1;14;21;-1.0487777511914493;6;23;-0.9676211833562276;5;6;22;2.726926181903002
TRACK:1076;703;1005;1;6;2;3;3;0;2;2;1;6;23;-0.8387395823344265;1;24;12;3;2;18;11;5;4;1;9;10;6;1;2;1;14;21;-1.0487777511914493;6;23;-0.9676211833562276;0;0;19;11;4;25;1;1;4;3;3;0;1;22;6.415262459056687;19;1;12;12;16;4;5;2;0;21;4.5134978074385925;12;5;21;-0.33985554376667193;2;3;2;4;5;4;1;4;2;21;2.446271966779158;22;-2.6318161935433775;4;4;25;6;5;4;1;4;2;21;2.3845638295673943;22;-2.5848340753706323;4;3;11;3;6;5;2;4;11;5;6;22;2.742402816000298
TRACK:1077;703;1005;1;6;2;3;3;0;2;2;1;6;23;-0.806820508008425;1;24;12;3;2;18;11;5;4;1;9;10;6;1;12;0;0;19;11;4;8;1;1;4;3;3;0;1;22;6.471528495493393;19;1;12;12;16;4;5;2;0;21;4.57798956825453;12;5;21;-0.45649123344862236;2;3;2;4;5;1;2;6;3;25;6;1;25;25;5;5;3;12;6;5;4;1;4;2;21;2.446271966779158;22;-2.6318161935433775;4;4;25;3;6;5;2;4;11;5;6;22;2.776718952896516
TRACK:1078;642;1026;1;6;25;2;3;6;3;1;25;13;3;6;5;2;4;11;5;6;22;2.7591701134402604
TRACK:1079;642;1026;1;6;2;3;3;0;2;2;1;6;23;-0.9695190048993131;1;24;12;3;2;18;11;5;4;1;9;10;6;1;2;1;14;21;-1.0361235869315784;6;23;-0.8606140243279105;0;0;19;11;4;8;1;1;4;3;3;0;1;22;6.305578846414943;19;1;12;12;16;4;5;2;0;21;4.5850960919141714;12;5;21;-0.43876159926276465;2;3;2;4;5;1;12;5;5;3;12;4;5;6;0;25;16;3;6;5;2;4;11;5;6;22;2.824439965341597
TRACK:1080;1070;-1;1;6;2;3;3;0;2;2;1;6;23;-0.6839654074956341;19;3;2;18;11;5;4;1;9;10;6;1;2;1;14;21;-0.9474555339571169;6;23;-0.8804448335711149;0;0;19;11;4;8;1;1;4;3;3;0;1;22;6.497683994687328;19;1;12;12;16;4;5;2;0;21;4.534143731421654;12;5;21;-0.30083567766913144;2;3;2;4;5;1;2;6;3;25;6;1;25;25;5;4;2;17;24;6;5;4;1;4;3;19;4;4;25;3;6;5;2;4;11;5;6;22;2.649669002652176
TRACK:1081;1072;-1;1;6;3;19;2;3;6;3;1;25;13;3;6;5;2;4;11;5;6;22;2.735486918303083
TRACK:1082;1074;-1;1;6;2;3;3;0;2;2;1;6;23;-0.8171731268547973;1;24;12;3;2;18;11;5;4;1;9;10;25;1;1;4;3;3;0;1;22;6.575575433175145;19;1;12;12;16;4;5;2;0;21;4.42280885845683;12;5;21;-0.3372970647613049;2;3;2;3;19;6;5;4;1;4;2;21;2.263979546215505;22;-2.641789856264672;4;3;11;3;6;5;2;4;11;5;6;22;2.845202150020455
TRACK:1083;1076;-1;1;6;2;3;3;0;2;2;1;6;23;-0.8965291555384395;1;24;12;3;2;18;11;5;4;1;9;10;6;1;2;1;14;21;-1.1624000843751425;6;23;-0.9231583258346059;0;0;19;11;4;25;1;1;4;3;3;0;1;22;6.5192038556141805;19;1;12;12;16;4;5;2;0;21;4.519423059394736;12;5;21;-0.22143982907658807;2;3;2;4;5;4;1;4;2;21;2.3862794540618517;22;-2.7266883551746597;4;4;17;6;5;4;1;4;2;21;2.3460265168547982;22;-2.7598229875099;4;3;11;3;6;5;2;4;11;5;6;22;2.815065985753072
TRACK:1084;1078;-1;1;6;25;2;3;6;3;1;25;13;6;23;-4.721350704028044
TRACK:1085;1071;-1;1;6;2;3;3;0;2;2;1;6;23;-0.8035488935881419;1;24;12;3;2;18;11;5;4;1;9;10;6;1;2;1;14;21;-0.9842483133945532;6;23;-0.9766494993505491;0;0;19;11;4;8;1;1;4;3;3;0;1;22;6.502566870818603;19;1;12;12;16;4;5;2;0;21;4.597021719898595;12;5;5;1;8;7;1.9147698461074008;2;3;2;4;5;1;2;6;23;-0.9298308910335025;6;1;25;25;5;5;3;12;6;5;4;1;4;2;21;2.378838262921929;22;-2.5321046087803873;4;4;25;3;6;5;2;4;11;5;6;22;2.838411185541139
TRACK:1086;1073;-1;1;6;2;3;3;0;2;2;1;1;18;12;1;24;12;3;2;18;11;5;4;1;9;15;6;1;2;1;14;21;-0.909881817152842;25;0;0;19;11;4;25;1;1;4;3;3;0;1;22;6.278299650233024;9;1;12;12;16;4;5;2;0;21;4.657231329528901;12;5;21;-0.7236544249056394;2;3;6;3;1;25;13;3;6;5;2;4;11;5;6;22;2.9765774722017824
TRACK:1087;1075;-1;1;6;2;3;3;0;2;2;1;6;23;-0.7700772170658629;1;24;12;3;2;18;11;5;4;1;24;10;6;1;2;1;14;21;-1.3026050909256224;6;23;-0.8052967964764818;0;0;19;11;4;25;1;1;4;3;3;0;1;22;6.453661289215571;19;1;12;12;16;4;5;2;0;21;4.528343242611015;12;5;21;-0.3870071759504858;2;3;2;4;5;1;2;0;0;8;15;4;24;6;1;25;25;5;5;3;12;6;5;4;1;4;2;21;2.2128941620949982;22;-2.5973358139967284;4;3;11;3;6;5;2;4;2;1;14;21;-0.8732786979567841;6;23;-0.9690576936859264;5;6;22;2.6845756587775256
TRACK:1088;1077;-1;1;6;2;3;3;0;2;2;1;6;23;-0.7078872024935217;1;24;12;3;2;18;11;5;4;1;9;10;6;1;12;0;0;19;11;4;8;1;1;4;3;3;0;1;22;6.5153639519161715;19;1;12;12;16;4;5;2;0;21;4.432343293104872;12;5;21;-0.44842142670615454;2;3;2;4;5;1;2;6;4;7;1.4145450084534126;6;1;25;25;5;5;3;12;6;5;4;1;4;2;21;2.6410626529672325;22;-2.541094889494011;4;4;25;3;6;5;2;4;11;5;6;22;2.696366632343762
TRACK:1089;1079;-1;1;6;2;3;3;0;2;2;1;6;23;-0.9039937570803702;1;24;12;3;2;18;11;5;4;1;9;10;6;1;2;1;14;21;-1.132525915089977;6;23;-0.8295462755154822;0;0;19;11;4;8;1;1;4;3;3;0;1;22;6.208740507452035;19;1;12;25;16;4;5;2;0;21;4.617708370073304;12;5;21;-0.46738901680972705;2;3;2;4;5;1;12;5;5;3;12;4;5;6;0;25;16;3;6;5;2;4;11;5;6;22;2.860815327473135
EVAL_INSTANCE:54:0:1080
EVAL_INSTANCE:54:1:1081
EVAL_INSTANCE:54:2:1082
EVAL_INSTANCE:54:3:1083
EVAL_INSTANCE:54:4:1084
EVAL_INSTANCE:54:5:1085
EVAL_INSTANCE:54:6:1086
EVAL_INSTANCE:54:7:1087
EVAL_INSTANCE:54:8:1088
EVAL_INSTANCE:54:9:1089
RUN_RESULT:54:0:0:68:RRURUUDDRUUDDD
RUN_RESULT:54:1:0:2000:----
RUN_RESULT:54:2:0:132:RRURUUDDRUURDDDDDUUL
RUN_RESULT:54:3:0:72:RRURUUDDRUURDDDDUL
RUN_RESULT:54:4:0:2000:----
RUN_RESULT:54:5:0:68:RRURUUDDRUUDDD
RUN_RESULT:54:6:0:1523:DLDDRRRRRURUUULLUDDRRUUDLUUDLULLDDDDRRU
RUN_RESULT:54:7:0:73:RRURUUDDRUURDDDDUL
RUN_RESULT:54:8:0:909:RRURUUDDRUUDDD
RUN_RESULT:54:9:0:69:RRURUUDDRUUDDD
    55 |      550 | -3.930300E+03 | -3.932000E+03
TRACK:1090;1026;1005;1;6;2;3;3;0;2;2;1;6;23;-0.9695190048993131;1;24;12;3;2;18;11;5;4;1;9;10;6;1;2;1;14;21;-1.0361235869315784;6;23;-0.8606140243279105;0;0;19;11;4;22;6.471528495493393;1;1;4;3;3;0;1;22;6.305578846414943;19;1;12;12;16;4;5;2;0;21;4.5850960919141714;12;5;21;-0.43876159926276465;2;3;2;4;5;1;2;6;3;25;6;1;25;25;5;5;3;12;4;5;6;0;25;16;3;6;5;2;4;11;5;6;22;2.824439965341597
TRACK:1091;1026;1005;1;6;2;3;3;0;2;2;1;6;23;-0.806820508008425;1;24;12;3;2;18;11;5;4;1;9;10;6;1;2;1;14;21;-0.9843371349989514;6;23;-0.9645624463784145;0;0;19;11;4;8;1;1;4;3;3;0;1;22;6.471528495493393;19;1;12;12;16;4;5;2;5;4;1;9;10;5;21;-0.45649123344862236;2;3;2;4;5;1;2;6;3;25;6;1;25;25;5;5;3;12;6;5;4;1;4;2;21;2.446271966779158;22;-2.6318161935433775;4;4;25;3;6;5;2;4;11;5;6;22;2.776718952896516
TRACK:1092;1085;1080;1;6;2;3;3;0;2;2;1;6;23;-0.8035488935881419;1;24;12;3;2;18;11;5;4;1;9;10;6;1;2;1;14;21;-0.9842483133945532;6;23;-0.9766494993505491;0;0;19;11;4;8;1;1;4;3;3;0;1;22;6.502566870818603;19;1;12;12;16;4;5;2;0;21;4.597021719898595;12;5;5;1;8;7;1.9147698461074008;2;3;2;4;5;1;2;6;23;-0.9298308910335025;6;1;25;25;5;5;3;12;6;5;4;1;4;2;21;2.378838262921929;22;-2.5321046087803873;4;4;25;3;6;5;2;4;11;12
TRACK:1093;1085;1080;1;6;2;3;3;0;2;2;1;6;23;-0.6839654074956341;19;3;2;18;11;5;4;1;9;10;6;1;2;1;14;21;-0.9474555339571169;6;23;-0.8804448335711149;0;0;19;11;4;8;1;1;4;3;3;0;1;22;6.497683994687328;19;1;12;12;16;4;5;23;-0.8035488935881419;2;3;2;4;5;1;2;6;3;25;6;1;25;25;5;4;2;17;24;6;5;4;1;4;3;19;4;4;25;3;6;5;2;4;11;5;6;22;2.649669002652176
TRACK:1094;1068;703;1;6;2;3;3;0;2;2;1;6;23;-0.8794859787497786;19;3;2;18;11;5;4;1;9;10;6;1;2;1;14;21;-0.9948635873560031;6;23;-0.8532198302282202;0;0;19;11;4;8;1;1;4;3;3;0;1;22;6.421005644425262;19;1;12;12;16;4;5;2;0;21;4.457204779286154;12;5;21;-0.28967019206479067;2;3;2;4;5;1;2;6;3;25;6;1;25;25;5;4;2;17;24;6;5;4;1;9;10;3;6;5;2;4;11;5;6;22;2.784406553624802
TRACK:1095;1068;703;1;6;2;3;3;0;2;2;1;6;23;-0.8387395823344265;1;24;12;3;2;18;11;5;4;1;9;10;6;1;2;1;14;21;-1.0487777511914493;6;23;-0.9676211833562276;0;0;19;11;4;25;1;1;4;3;3;0;1;22;6.415262459056687;19;1;12;12;16;4;5;2;0;21;4.5134978074385925;12;5;21;-0.33985554376667193;2;3;3;6;5;2;4;11;5;6;22;2.784406553624802;3;6;5;2;4;11;5;6;22;2.742402816000298
TRACK:1096;1085;1026;1;6;2;3;3;0;2;2;1;6;23;-0.8035488935881419;1;24;12;3;2;18;11;5;4;1;9;10;6;1;2;1;14;21;-0.9842483133945532;6;23;-0.9766494993505491;0;0;19;11;4;8;1;1;4;3;3;0;1;22;6.502566870818603;19;1;12;12;0;1;22;6.305578846414943;19;1;12;12;4;5;2;0;21;4.597021719898595;12;5;5;1;8;7;1.9147698461074008;2;3;2;4;5;1;2;6;23;-0.9298308910335025;6;1;25;25;5;5;3;12;6;5;4;1;4;2;21;2.378838262921929;22;-2.5321046087803873;4;4;25;3;6;5;2;4;11;5;6;22;2.838411185541139
TRACK:1097;1085;1026;1;6;2;3;3;0;2;2;1;6;23;-0.9695190048993131;1;24;12;3;2;18;11;5;4;1;9;10;6;1;2;1;14;21;-1.0361235869315784;6;23;-0.8606140243279105;0;0;19;11;4;8;1;1;4;3;3;0;1;22;6.305578846414943;19;1;12;12;16;4;5;2;0;21;4.5850960919141714;12;5;21;-0.43876159926276465;2;3;2;4;5;1;2;6;3;12;6;1;25;25;5;5;3;12;4;5;6;0;25;16;3;6;5;2;4;11;5;6;22;2.824439965341597
TRACK:1098;1080;1089;1;6;2;3;3;0;2;2;1;6;23;-0.6839654074956341;19;3;2;18;11;5;4;1;9;10;6;1;2;1;14;21;-0.9474555339571169;6;23;-0.8804448335711149;0;0;19;11;4;8;1;1;4;3;3;0;1;22;6.497683994687328;19;1;12;12;16;4;5;2;0;21;4.534143731421654;12;5;21;-0.30083567766913144;2;22;2.860815327473135;3;6;5;2;4;11;5;6;22;2.649669002652176
TRACK:1099;1080;1089;1;6;2;3;3;0;2;2;1;6;23;-0.9039937570803702;1;24;12;3;2;18;11;5;4;1;9;10;6;1;2;1;14;21;-1.132525915089977;6;23;-0.8295462755154822;0;0;19;11;4;8;1;1;4;3;3;0;1;22;6.208740507452035;19;1;12;25;16;4;5;2;0;21;4.617708370073304;12;5;21;-0.46738901680972705;2;3;19;3;6;5;2;4;11;5;6;22;2.860815327473135
TRACK:1100;1090;-1;1;6;2;3;3;0;5;6;0;20;1.7889146571657761;14;4;0;5;21;6.556688950320407;1;23;2.778877818415154;15;1;1;4;3;3;0;1;22;6.3486001813051605;19;1;12;12;16;4;5;2;0;21;4.581961117664085;12;5;21;-0.4496658199483304;2;3;2;4;5;1;2;6;3;25;6;1;25;25;5;5;3;12;4;5;6;0;25;16;3;6;5;2;4;11;5;6;22;2.8680362604690943
TRACK:1101;1085;-1;1;6;2;3;3;0;2;2;1;6;23;-0.6359411793204783;1;24;12;6;18;5;4;1;9;10;6;1;2;1;14;21;-1.113943949117656;6;23;-1.1361567122969038;0;0;19;11;4;8;1;1;4;3;3;0;1;22;6.456583248035393;19;1;12;12;16;4;5;2;0;21;4.645543990209847;12;5;5;1;8;7;2.049355137312569;2;3;2;4;5;1;2;6;23;-0.780700652186036;6;1;25;25;5;5;3;12;6;5;4;1;4;2;21;2.2531482628717088;22;-2.5047198665615413;4;4;25;3;6;5;2;4;11;5;6;22;2.848515384737686
TRACK:1102;1094;-1;1;6;2;3;3;0;2;2;1;6;23;-0.8522297583487732;19;3;2;18;11;5;4;1;9;10;6;1;2;1;18;17;6;23;-0.8696180450286359;0;0;19;11;4;8;1;1;4;3;3;0;1;22;6.438153074525397;19;1;12;12;16;4;5;2;0;21;4.3182305520578295;12;5;21;-0.3022478134563239;2;3;2;4;5;1;2;6;3;25;6;1;25;25;5;4;2;17;24;6;5;4;1;9;10;3;6;5;2;4;11;5;6;22;2.8315752441092394
TRACK:1103;1096;-1;1;6;2;3;3;0;2;2;1;6;23;-0.7309755093612521;1;24;12;3;2;18;11;5;4;1;9;10;6;1;2;1;14;21;-0.9766924565048198;6;23;-0.750844173357439;0;0;19;11;4;8;1;1;4;3;3;0;1;22;6.564858390329618;19;1;12;12;0;1;1;1;10;19;2;12;14;1;0;18;23;-5.926491837994099;4;21;-9.16852527780314;2;3;6;8;1;0;21;4.746458233050506;18;3;15;4;5;2;0;21;4.622773912520897;12;5;5;1;8;7;1.992547584468114;2;3;2;4;5;1;2;6;23;-0.7216717591192273;6;1;25;25;5;5;3;12;6;5;4;1;4;2;21;2.269486432809639;22;-2.4569116569778786;4;4;25;3;6;5;2;4;11;5;6;22;2.8375278324461726
TRACK:1104;1098;-1;1;6;2;3;3;0;2;2;1;6;23;-0.816397746753488;19;3;2;18;11;5;4;1;9;10;6;1;2;1;14;21;-0.8805588228480294;6;23;-0.6770749793259847;0;0;19;11;4;8;1;1;4;3;3;0;1;22;6.391894794146243;19;1;12;12;6;3;2;14;23;6.454045434912629;4;5;2;0;21;4.678278957933957;12;5;21;-0.2252935498348771;2;22;2.875738603532832;3;6;5;2;4;11;5;6;22;2.6866329655842813
TRACK:1105;1091;-1;1;6;2;3;3;0;2;2;1;6;23;-0.6290169140760138;1;24;12;3;2;18;11;5;4;1;9;10;6;1;2;1;14;21;-1.0874640227451948;6;23;-0.9704852261243168;0;0;19;11;4;8;1;1;4;3;3;0;1;22;6.442797755226999;19;1;12;12;16;4;5;3;6;15;2;3;2;4;5;1;2;6;3;25;6;1;25;25;5;5;3;12;6;5;4;1;4;2;21;2.4259805558011793;22;-2.6343562182076634;4;4;25;3;6;5;2;4;11;5;6;22;2.887064430758277
TRACK:1106;1080;-1;1;6;2;3;3;0;2;2;1;6;23;-0.6051222290701627;19;3;2;18;11;5;4;1;9;10;6;1;2;1;14;21;-0.8833605783622521;6;23;-0.8314568444842177;0;0;19;11;4;8;1;1;4;3;3;0;1;22;6.606765523942558;19;1;12;12;16;4;5;2;0;21;4.501621766567881;12;5;21;-0.3300902022641326;2;3;2;4;5;1;2;6;3;25;6;1;25;25;5;4;2;17;24;6;5;4;1;4;3;19;4;4;25;3;6;5;2;4;11;1;6;6;24;1;2;8;8;6;9
TRACK:1107;1095;-1;1;6;2;3;3;0;2;2;1;6;23;-0.7511604850168373;1;24;11;3;2;18;11;5;4;1;9;10;6;1;2;1;14;21;-1.1346810905653637;6;23;-0.945795809992039;0;0;19;11;4;25;1;1;4;3;3;0;1;22;6.29737395989174;19;1;12;12;16;4;5;2;0;21;4.38027597800851;12;5;21;-0.23754751013034914;2;3;3;6;5;2;4;11;5;6;22;2.8383632106615893;3;6;5;2;4;11;5;6;22;2.7390504315652047
TRACK:1108;1097;-1;1;6;2;3;3;0;2;2;1;6;23;-0.992776557864331;1;24;12;3;2;18;11;5;4;1;9;10;6;1;2;1;14;21;-1.0039401400764447;6;23;-0.7361150311021226;0;0;19;11;4;8;1;1;4;3;3;0;1;22;6.363134797999754;19;1;12;12;16;4;5;2;0;21;4.669676390581645;12;5;21;-0.3950539382049567;2;3;2;4;5;1;2;6;3;12;6;1;25;25;5;4;5;12;4;5;6;0;25;16;3;6;5;2;4;11;5;6;22;2.7815967849058167
TRACK:1109;1099;-1;1;6;2;3;4;6;3;9;1;1;4;3;3;0;1;22;6.274179623677108;19;1;12;25;16;4;5;2;0;21;4.545894716816545;12;5;21;-0.4480730905237032;2;3;19;3;6;5;2;4;11;5;6;22;3.0562890936391396
EVAL_INSTANCE:55:0:1100
EVAL_INSTANCE:55:1:1101
EVAL_INSTANCE:55:2:1102
EVAL_INSTANCE:55:3:1103
EVAL_INSTANCE:55:4:1104
EVAL_INSTANCE:55:5:1105
EVAL_INSTANCE:55:6:1106
EVAL_INSTANCE:55:7:1107
EVAL_INSTANCE:55:8:1108
EVAL_INSTANCE:55:9:1109
RUN_RESULT:55:0:0:2000:----
RUN_RESULT:55:1:0:68:RRURUUDDRUUDDD
RUN_RESULT:55:2:0:68:RRURUUDDRUUDDD
RUN_RESULT:55:3:0:2000:----
RUN_RESULT:55:4:0:2000:----
RUN_RESULT:55:5:0:2000:----
RUN_RESULT:55:6:0:2000:----
RUN_RESULT:55:7:0:72:RRURUUDDRUURDDDDUL
RUN_RESULT:55:8:0:68:RRURUUDDRUUDDD
RUN_RESULT:55:9:0:2000:----
    56 |      560 | -3.931500E+03 | -3.932000E+03
TRACK:1110;1005;1089;1;6;2;3;3;0;2;2;1;6;23;-0.806820508008425;1;24;12;3;2;18;11;5;4;1;9;10;6;1;2;1;14;21;-0.9843371349989514;6;23;-0.9645624463784145;0;0;19;11;4;8;1;1;4;3;3;0;1;22;6.471528495493393;19;1;12;12;16;4;5;2;0;21;4.57798956825453;12;5;21;-0.45649123344862236;2;3;2;4;5;1;2;6;3;25;6;1;25;25;5;5;3;12;6;5;4;1;4;2;12;22;-2.6318161935433775;4;4;25;3;6;5;2;4;11;5;6;22;2.776718952896516
TRACK:1111;1005;1089;1;6;2;3;3;0;2;2;1;6;23;-0.9039937570803702;1;24;12;3;2;18;11;5;4;1;9;10;6;1;2;1;14;21;-1.132525915089977;6;23;-0.8295462755154822;0;0;19;11;4;8;1;1;4;3;3;0;1;22;6.208740507452035;25;1;12;25;16;4;5;2;0;21;4.617708370073304;12;5;21;-0.46738901680972705;2;3;2;4;5;1;12;5;5;3;12;4;5;6;0;25;16;3;6;5;2;4;11;5;6;22;2.860815327473135
TRACK:1112;1101;1102;1;6;2;3;3;0;2;2;1;6;23;-0.6359411793204783;1;24;12;6;18;5;4;1;9;10;6;1;2;1;14;21;-1.113943949117656;6;23;-1.1361567122969038;0;0;19;11;4;8;1;1;4;3;3;0;1;22;6.456583248035393;19;1;12;12;16;5;1;2;6;3;25;6;1;25;25;5;4;2;17;24;2;3;2;4;5;1;2;6;23;-0.780700652186036;6;1;25;25;5;5;3;12;6;5;4;1;4;2;21;2.2531482628717088;22;-2.5047198665615413;4;4;25;3;6;5;2;4;11;5;6;22;2.848515384737686
TRACK:1113;1101;1102;1;6;2;3;3;0;2;2;1;6;23;-0.8522297583487732;19;3;2;18;11;5;4;1;9;10;6;1;2;1;18;17;6;23;-0.8696180450286359;0;0;19;11;4;8;1;1;4;3;3;0;1;22;6.438153074525397;19;1;12;12;16;4;5;2;0;21;4.3182305520578295;12;5;21;-0.3022478134563239;2;3;2;4;5;1;2;6;3;25;6;1;25;25;5;4;2;17;24;6;5;4;1;9;10;3;5;4;1;4;2;21;2.2531482628717088;22;-2.5047198665615413;4;4;25
TRACK:1114;1068;1005;1;6;2;3;3;0;2;2;1;6;23;-0.8794859787497786;19;3;2;18;11;5;4;1;9;10;6;1;2;1;14;21;-0.9948635873560031;6;23;-0.8532198302282202;0;0;19;11;4;8;1;1;4;3;3;0;1;22;6.421005644425262;19;1;12;12;16;4;5;12;2;3;2;4;5;1;2;6;3;25;6;1;25;25;5;4;2;17;24;6;5;4;1;4;2;21;2.471400476052735;22;-2.617585263612418;4;4;25;3;6;5;2;4;11;5;6;22;2.784406553624802
TRACK:1115;1068;1005;1;6;2;3;3;0;2;2;1;6;23;-0.806820508008425;1;24;12;3;2;18;11;5;4;1;9;10;6;1;2;1;14;21;-0.9843371349989514;6;11;0;0;19;11;4;8;1;1;4;3;3;0;1;22;6.471528495493393;19;1;12;12;16;4;5;2;0;21;4.57798956825453;12;5;21;-0.45649123344862236;2;3;2;4;5;1;2;6;3;25;6;1;25;25;5;5;3;12;6;5;4;1;4;2;21;2.446271966779158;22;-2.6318161935433775;4;4;25;3;6;5;2;4;11;5;6;22;2.776718952896516
TRACK:1116;1101;1108;1;6;2;3;3;0;2;2;1;6;23;-0.6359411793204783;1;24;12;6;18;5;4;1;9;10;6;1;2;1;14;21;-1.113943949117656;6;23;-1.1361567122969038;0;0;19;11;4;8;1;1;4;3;3;0;1;22;6.456583248035393;19;1;12;12;12;4;5;2;0;21;4.645543990209847;12;5;5;1;8;7;2.049355137312569;2;3;2;4;5;1;2;6;23;-0.780700652186036;6;1;25;25;5;5;3;12;6;5;4;1;4;2;21;2.2531482628717088;22;-2.5047198665615413;4;4;25;3;6;5;2;4;11;5;6;22;2.848515384737686
TRACK:1117;1101;1108;1;6;2;3;3;0;2;2;1;6;22;-2.5047198665615413;1;24;12;3;2;18;11;5;4;1;9;10;6;1;2;1;14;21;-1.0039401400764447;6;23;-0.7361150311021226;0;0;19;11;4;8;1;1;4;3;3;0;1;22;6.363134797999754;19;1;12;12;16;4;5;2;0;21;4.669676390581645;12;5;21;-0.3950539382049567;2;3;2;4;5;1;2;6;3;12;6;1;25;25;5;4;5;12;4;5;6;0;25;16;3;6;5;2;4;11;5;6;22;2.7815967849058167
TRACK:1118;1085;1026;1;6;2;3;3;0;2;2;1;6;23;-0.8035488935881419;1;24;12;3;2;18;11;5;4;1;9;10;6;1;2;1;14;21;-0.9842483133945532;6;23;-0.9766494993505491;0;0;19;11;4;8;1;1;4;3;3;0;1;22;6.502566870818603;19;1;12;12;16;4;5;2;0;21;4.597021719898595;12;2;1;14;21;-1.0361235869315784;6;23;-0.8606140243279105;2;3;2;4;5;1;2;6;23;-0.9298308910335025;6;1;25;25;5;5;3;12;6;5;4;1;4;2;21;2.378838262921929;22;-2.5321046087803873;4;4;25;3;6;5;2;4;11;5;6;22;2.838411185541139
TRACK:1119;1085;1026;1;6;2;3;3;0;2;2;1;6;23;-0.9695190048993131;1;24;12;3;2;18;11;5;4;1;9;10;6;1;2;1;14;21;-1.0361235869315784;6;23;-0.8606140243279105;0;0;19;11;4;8;1;1;4;3;3;0;1;22;6.305578846414943;19;1;12;12;16;4;5;2;0;21;4.5850960919141714;12;5;21;-0.43876159926276465;2;3;2;4;5;1;2;6;3;25;6;1;25;25;5;5;3;12;4;5;6;0;25;16;3;6;1;2;1;14;21;-0.9842483133945532;6;23;-0.9766494993505491;0;0;19;11;4;8
TRACK:1120;1110;-1;1;6;2;1;3;6;4;4;22;4.110356660706353;6;0;6;6;16;0;4;23;-5.038891551648246;0;14;9;1;1;4;3;3;0;1;22;6.368559274123662;19;1;12;12;16;4;5;2;0;21;4.616233888524212;12;5;21;-0.46996572511029705;2;3;2;4;5;1;2;6;3;25;6;1;25;25;5;5;3;12;6;5;4;1;4;2;12;22;-2.662030338782215;4;4;25;3;6;5;2;4;11;5;6;22;2.7601082910667882
TRACK:1121;1112;-1;1;6;2;3;3;0;2;2;1;6;23;-0.4702349488796784;1;24;12;6;18;5;4;1;9;10;6;1;2;1;14;21;-1.1038889423765565;6;23;-1.1034578229504308;0;0;19;11;4;8;1;1;4;3;3;0;1;22;6.476653898232239;19;1;12;12;16;5;1;2;6;3;25;6;1;25;25;5;4;2;17;24;2;3;2;4;5;1;4;13;5;5;3;12;6;5;4;1;4;2;21;2.3626643013483455;22;-2.4171067800825043;4;4;25;3;6;5;2;4;11;5;6;22;2.8063747153834737
TRACK:1122;1114;-1;1;6;2;3;3;0;2;2;1;6;23;-0.951963160892263;19;3;2;18;11;5;4;1;9;10;6;1;2;1;14;21;-0.9552746633352246;6;23;-0.9521664049693335;0;0;19;11;4;8;1;1;4;3;3;0;1;22;6.550120317248031;19;1;12;12;16;4;5;12;2;3;2;4;5;1;2;6;3;25;6;1;25;25;5;4;2;17;24;6;5;4;1;4;2;21;2.46587901252916;22;-2.553593737803559;4;4;25;3;6;1;4;0;1;19;24;0;12;22;-4.940701427009753;1;0;1;8;15;1;13;24;5;5;13
TRACK:1123;1116;-1;1;6;2;3;3;0;2;2;1;6;23;-0.6892290477378089;1;24;12;6;18;5;4;1;9;10;6;1;2;1;14;21;-1.1286651828618095;6;23;-1.2520338130564694;0;0;19;11;4;8;1;1;4;3;3;0;1;22;6.477441028587032;19;1;12;12;12;4;5;2;0;21;4.458259251937262;12;5;5;1;8;7;1.9846390450874642;2;3;2;4;5;1;2;6;23;-0.7847920696577789;6;1;25;25;5;5;3;12;6;5;4;1;4;2;21;2.1451652738991953;22;-2.3255271722259954;4;4;25;3;6;5;2;4;11;5;6;22;2.85839887347738
TRACK:1124;1118;-1;1;6;2;3;3;0;2;2;1;6;23;-0.7192828557059459;1;24;23;-7.197133106383074;3;2;18;11;5;4;1;9;10;6;1;2;1;14;21;-0.9671480353515649;6;23;-0.7606223084992183;0;0;19;11;4;8;1;1;4;3;3;0;1;22;6.581152417987726;19;1;12;12;16;4;5;2;0;21;4.602126646507844;12;2;1;14;21;-1.028854053942134;6;23;-0.967530838704499;2;3;2;4;5;1;2;6;23;-0.9531961417872835;6;1;25;25;5;5;3;12;6;5;4;1;4;2;21;2.289094252324265;22;-2.6887304742889233;4;4;25;3;6;5;2;4;11;5;6;22;2.8505357873069483
TRACK:1125;1111;-1;1;6;2;3;3;0;2;2;1;6;23;-0.877696304334093;1;24;12;3;2;18;11;5;4;1;9;10;6;1;2;1;14;21;-1.2108274573617108;6;23;-0.9224707811579066;0;0;19;11;4;8;1;1;4;3;3;0;1;22;6.276893926405706;25;1;12;25;16;4;4;4;3;3;6;9;2;3;2;4;5;1;12;5;5;3;12;4;5;6;0;25;16;3;6;5;2;4;11;5;6;22;2.8231326215516357
TRACK:1126;1113;-1;1;6;2;3;3;0;2;2;1;6;23;-0.9274585709202811;19;3;2;18;11;5;4;1;9;10;6;1;2;1;18;17;6;23;-1.0459030161464264;0;0;19;11;4;8;1;1;4;3;3;0;1;22;6.2605615085892445;19;1;12;12;16;4;5;2;0;21;4.29700864178344;12;5;21;-0.3124404382849756;2;3;2;4;5;1;2;6;3;25;6;1;25;25;5;4;2;17;24;6;5;4;1;9;10;3;5;5;3;0;21;-9.50851852732217;19
TRACK:1127;1115;-1;1;6;2;3;3;0;2;2;1;6;23;-0.8639624218727313;1;24;12;3;2;18;11;5;4;1;9;15;6;1;2;1;14;21;-1.0651711880375954;6;11;0;0;19;11;4;8;1;1;4;3;3;0;1;22;6.3229797460042985;19;1;12;12;16;4;5;2;0;21;4.601231838535494;12;5;21;-0.289650824438861;2;3;2;4;5;1;2;6;3;25;6;1;25;25;5;5;3;12;6;5;4;1;4;2;21;2.584362995810945;22;-2.7327525283080205;4;4;25;3;6;5;2;4;11;5;6;22;2.6972380647610437
TRACK:1128;1117;-1;1;6;2;3;3;0;2;2;1;6;22;-2.6136316463936704;1;24;12;3;2;18;11;5;4;1;9;10;6;1;2;1;14;21;-1.0316655227160965;0;25;15;0;0;19;11;4;8;1;1;4;3;3;0;1;22;6.467900401242206;19;1;12;12;16;4;5;2;0;21;4.734461671897813;12;5;21;-0.6724013338908046;2;3;2;4;5;1;2;6;3;12;6;1;25;25;5;4;5;12;4;5;6;0;25;16;3;6;5;2;4;11;5;6;22;2.96205581472905
TRACK:1129;1119;-1;1;6;2;3;3;0;2;2;1;6;23;-0.8594865189117054;1;24;12;3;2;18;11;5;4;6;12;6;1;2;1;14;21;-1.0876536815871471;6;23;-0.8944625431160688;0;0;19;11;4;8;1;1;4;3;3;0;1;22;6.22296205939607;19;1;12;12;16;4;5;2;0;21;4.684265184687292;12;5;21;-0.5225392930733205;2;3;2;4;5;1;2;6;3;25;6;1;25;25;5;5;3;12;4;5;6;0;25;16;3;6;1;2;1;14;21;-0.8444199428085971;6;23;-1.1770737208857371;0;0;19;11;4;8
EVAL_INSTANCE:56:0:1120
EVAL_INSTANCE:56:1:1121
EVAL_INSTANCE:56:2:1122
EVAL_INSTANCE:56:3:1123
EVAL_INSTANCE:56:4:1124
EVAL_INSTANCE:56:5:1125
EVAL_INSTANCE:56:6:1126
EVAL_INSTANCE:56:7:1127
EVAL_INSTANCE:56:8:1128
EVAL_INSTANCE:56:9:1129
RUN_RESULT:56:0:0:2000:----
RUN_RESULT:56:1:0:2000:----
RUN_RESULT:56:2:0:2000:----
RUN_RESULT:56:3:0:2000:----
RUN_RESULT:56:4:0:68:RRURUUDDRUUDDD
RUN_RESULT:56:5:0:2000:----
RUN_RESULT:56:6:0:2000:----
RUN_RESULT:56:7:0:1128:RRURUUDDRUUDDD
RUN_RESULT:56:8:0:73:RRURUUDDRUURDDDDUL
RUN_RESULT:56:9:0:2000:----
    57 |      570 | -3.931900E+03 | -3.932000E+03
TRACK:1130;1124;1102;1;6;2;3;3;0;2;2;1;6;23;-0.7192828557059459;1;24;23;-7.197133106383074;3;2;18;11;5;4;1;9;10;6;1;2;1;14;21;-0.9671480353515649;6;23;-0.7606223084992183;0;0;19;11;4;8;1;1;4;3;3;0;1;22;6.581152417987726;19;1;12;12;16;4;5;2;0;21;4.602126646507844;12;2;1;14;21;-1.028854053942134;6;23;-0.967530838704499;2;3;2;4;5;1;2;6;23;-0.9531961417872835;6;1;25;25;5;5;3;12;6;5;4;21;4.3182305520578295;3;6;5;2;4;11;5;6;22;2.8505357873069483
TRACK:1131;1124;1102;1;6;2;3;3;0;2;2;1;6;23;-0.8522297583487732;19;3;2;18;11;5;4;1;9;10;6;1;2;1;18;14;6;23;-0.8696180450286359;0;0;19;11;4;8;1;1;4;3;3;0;1;22;6.438153074525397;19;1;12;12;16;4;5;2;0;21;4.3182305520578295;12;5;21;-0.3022478134563239;2;3;2;4;5;1;2;6;3;25;6;1;25;25;5;4;2;17;24;6;5;4;1;9;10;3;6;5;2;4;11;5;6;22;2.8315752441092394
TRACK:1132;1068;1080;1;6;2;3;3;0;2;2;1;6;23;-0.8794859787497786;19;3;2;18;11;5;4;1;9;10;6;1;2;1;14;21;-0.9948635873560031;6;23;-0.8532198302282202;0;0;19;11;4;8;1;1;4;3;3;0;1;22;6.421005644425262;19;1;12;12;16;4;5;2;0;21;4.457204779286154;12;5;21;-0.28967019206479067;2;3;2;4;5;1;2;6;3;25;6;1;25;25;5;4;2;17;24;6;5;4;1;4;2;21;2.471400476052735;22;-2.617585263612418;4;4;25;3;6;5;2;4;11;10
TRACK:1133;1068;1080;1;6;2;3;3;0;2;2;1;6;23;-0.6839654074956341;19;11;5;4;1;9;10;6;1;2;1;14;21;-0.9474555339571169;6;23;-0.8804448335711149;0;0;19;11;4;8;1;1;4;3;3;0;1;22;6.497683994687328;19;1;12;12;16;4;5;2;0;21;4.534143731421654;12;5;21;-0.30083567766913144;2;3;2;4;5;1;2;6;3;25;6;1;25;25;5;4;2;17;24;6;5;4;1;4;3;19;4;4;25;3;6;5;2;4;11;5;6;22;2.649669002652176
TRACK:1134;1108;1108;1;6;2;3;3;0;2;2;1;6;23;-0.992776557864331;1;24;12;3;2;18;11;5;4;1;9;10;6;1;2;1;14;21;-1.0039401400764447;6;23;-0.7361150311021226;0;0;19;11;4;8;1;1;4;3;3;0;1;22;6.363134797999754;19;1;12;12;16;4;5;2;0;21;4.669676390581645;12;5;21;-0.3950539382049567;2;3;2;4;5;1;2;6;3;12;6;1;25;25;3;2;18;11;4;5;6;0;25;16;3;6;5;2;4;11;5;6;22;2.7815967849058167
TRACK:1135;1108;1108;1;6;2;3;3;0;2;2;1;6;23;-0.992776557864331;1;24;12;3;2;18;11;5;4;1;9;10;6;1;2;1;14;21;-1.0039401400764447;6;23;-0.7361150311021226;0;0;19;11;4;8;1;1;4;3;3;0;1;22;6.363134797999754;19;1;12;12;16;4;5;2;0;21;4.669676390581645;12;5;21;-0.3950539382049567;2;3;2;4;5;1;2;6;3;12;6;1;25;25;5;4;5;12;4;5;6;0;25;16;3;6;5;2;4;11;5;6;11
TRACK:1136;1080;1005;1;6;2;3;3;0;2;2;1;6;23;-0.6839654074956341;19;3;2;18;11;5;4;1;9;10;6;1;2;1;14;21;-0.9474555339571169;6;23;-0.8804448335711149;0;0;19;11;4;8;1;1;4;3;3;0;1;22;6.497683994687328;19;1;12;12;16;4;5;2;0;21;4.534143731421654;12;5;21;-0.30083567766913144;2;3;2;4;5;1;2;6;3;25;6;1;25;25;5;4;2;17;24;6;5;4;1;4;3;19;4;16;3;6;5;2;4;11;5;6;22;2.649669002652176
TRACK:1137;1080;1005;1;6;2;3;3;0;2;2;1;6;23;-0.806820508008425;1;24;12;3;2;18;11;5;4;1;9;10;6;1;2;1;14;21;-0.9843371349989514;6;23;-0.9645624463784145;0;0;19;11;19;1;1;4;3;3;0;1;22;6.471528495493393;19;1;12;12;16;4;5;2;0;21;4.57798956825453;12;5;21;-0.45649123344862236;2;3;2;4;5;1;2;6;3;25;6;1;25;25;5;5;3;12;6;5;4;1;4;2;21;2.446271966779158;22;-2.6318161935433775;4;4;25;3;6;5;2;4;11;5;6;22;2.776718952896516
TRACK:1138;1068;1101;1;6;2;3;3;0;2;2;1;6;23;-0.8794859787497786;19;3;2;18;11;5;4;1;9;10;6;1;2;1;14;21;-0.9948635873560031;6;23;-0.8532198302282202;0;0;19;11;4;8;1;1;4;3;3;0;1;22;6.421005644425262;19;1;12;12;16;4;5;2;0;21;4.457204779286154;12;5;21;-0.28967019206479067;2;3;2;4;5;1;2;6;3;25;6;1;25;25;5;4;2;17;24;6;5;4;1;4;2;21;2.471400476052735;22;-2.617585263612418;4;4;25;3;6;5;2;22;-2.5047198665615413;5;6;22;2.784406553624802
TRACK:1139;1068;1101;1;6;2;3;3;0;2;2;1;6;23;-0.6359411793204783;1;24;12;6;18;5;4;1;9;10;6;1;2;1;14;21;-1.113943949117656;6;23;-1.1361567122969038;0;0;19;11;4;8;1;1;4;3;3;0;1;22;6.456583248035393;19;1;12;12;16;4;5;2;0;21;4.645543990209847;12;5;5;1;8;7;2.049355137312569;2;3;2;4;4;2;17;24;6;5;4;1;4;2;21;2.2531482628717088;22;-2.5047198665615413;4;4;25;3;6;5;2;4;11;5;6;22;2.848515384737686
TRACK:1140;1130;-1;1;6;2;3;3;0;2;2;1;6;23;-0.6371005651033109;1;24;23;-7.251358639134962;3;2;18;11;5;4;1;9;10;6;1;2;1;14;21;-0.8194249216540319;6;23;-0.5676717231979977;0;0;19;11;4;8;1;1;0;5;3;5;10;3;6;4;17;16;4;5;2;0;21;4.8308798064487615;12;2;1;14;21;-0.7417078250243052;6;23;-0.9545985838355326;2;3;2;4;5;1;2;6;23;-0.868511007101666;6;1;25;25;5;5;3;12;6;5;4;21;4.3665796967756485;3;6;5;2;4;11;5;6;22;2.8818254666924648
TRACK:1141;1132;-1;1;6;2;3;3;0;2;2;1;6;23;-0.7865481576765235;19;3;2;18;11;5;4;1;9;10;6;1;2;1;14;21;-0.915509978283991;6;23;-0.827787075516856;0;0;19;11;4;8;1;1;4;3;3;0;1;22;6.618532190608291;19;1;12;12;16;4;5;2;0;21;4.529408025425678;12;5;21;-0.22086687286857437;2;3;2;4;5;1;2;6;3;25;6;1;25;25;5;4;2;17;24;6;5;4;1;4;2;21;2.5354343739435152;22;-2.620545936247543;4;4;25;3;6;4;10
TRACK:1142;1108;-1;1;6;2;3;3;0;2;2;1;6;23;-1.022496883721305;1;24;12;3;2;18;11;5;4;1;9;10;6;1;2;1;14;21;-1.050513611243577;6;23;-0.7139143791757012;0;6;7;6.478157036383973;4;8;1;1;4;3;3;0;1;22;6.395624309081606;19;1;12;12;16;4;5;2;0;21;4.357133841652988;12;5;21;-0.48749096285312343;2;3;2;4;5;1;2;6;3;12;6;1;25;25;5;4;5;12;4;5;6;0;25;16;3;6;5;2;4;11;5;6;22;2.9085934508872193
TRACK:1143;1080;-1;1;6;2;3;3;0;2;2;1;6;23;-0.5975129413009276;19;3;2;18;11;5;4;1;9;10;6;1;2;1;14;21;-0.934137183960649;6;23;-0.8363781330260179;0;0;19;11;4;8;1;1;4;3;3;0;1;22;6.653724856392956;19;1;12;12;16;4;5;2;0;21;4.4605932542496465;12;5;21;-0.3947738443932906;2;3;2;4;5;1;2;6;3;25;6;1;25;25;5;4;2;17;24;6;5;4;1;4;3;19;4;4;25;3;6;5;2;4;11;5;6;24
TRACK:1144;1138;-1;1;6;2;3;3;0;2;2;1;6;23;-1.0478709715020984;19;3;2;18;11;5;4;1;9;10;6;1;2;1;14;21;-0.9432767163790252;6;23;-0.8915245150190513;0;0;19;11;4;8;5;6;5;2;4;9;6;16;2;3;2;4;5;1;2;6;3;25;6;1;25;25;5;4;2;17;24;6;5;4;1;4;2;21;2.414478689873917;22;-2.638900823520202;4;4;25;3;6;5;2;22;-2.457443706221133;5;6;22;2.9725637062497663
TRACK:1145;1131;-1;1;6;2;3;3;0;2;2;1;6;23;-0.8880027676708293;19;3;2;18;11;5;4;1;9;10;6;1;2;1;18;14;6;23;-0.7904028067494465;0;0;19;11;4;8;1;1;4;3;3;0;1;22;6.3783514164393535;19;1;12;8;16;4;5;2;0;21;4.365033410793118;12;5;21;-0.584021682959321;2;3;2;4;5;1;2;6;3;25;6;1;25;25;5;4;2;17;24;6;5;4;1;9;10;3;6;5;2;4;11;5;6;22;2.7630743109845195
TRACK:1146;1133;-1;1;6;2;3;3;0;2;2;1;6;23;-0.594040193975238;19;11;5;4;1;9;10;6;1;2;1;14;21;-1.1156478061513324;6;23;-0.8877818437061705;0;0;19;11;4;8;1;1;4;3;3;0;1;22;6.572968067302732;19;0;21;8.669605996446322;15;16;4;5;2;0;21;4.4337885004806825;12;5;21;-0.1284430619487424;2;3;2;4;5;1;2;6;3;25;6;1;25;25;5;4;2;17;24;6;5;4;1;4;3;19;4;4;25;3;6;5;2;4;11;5;6;22;2.5990410454462762
TRACK:1147;1108;-1;1;6;2;3;3;0;2;2;1;6;23;-0.863826371108512;1;24;12;3;2;18;11;5;4;1;9;10;6;1;2;1;14;21;-1.170300645074212;6;23;-0.6503126221078734;0;0;19;11;4;8;1;1;4;3;3;0;1;22;6.4414879911007805;19;1;12;12;16;4;5;2;0;20;-2.2019872647576584;24;5;21;-0.43347188021608557;2;3;2;4;5;1;2;6;3;12;6;1;25;25;5;4;5;12;4;5;6;0;25;16;3;6;5;2;4;11;5;6;22;2.795008279130668
TRACK:1148;1005;-1;1;6;2;3;3;0;2;2;1;6;23;-0.7652996118329892;1;24;12;3;2;18;11;5;4;1;9;10;6;1;2;1;14;21;-0.9954029170756804;6;23;-0.9124240274965881;0;0;19;11;4;8;1;1;5;1;1;0;25;7;3.8538516840941526;1;17;14;0;6;13;4;12;16;4;5;2;0;21;4.490709795070458;12;5;21;-0.2878340066113857;2;3;2;4;5;1;2;6;3;25;6;1;25;25;5;5;3;12;6;5;4;1;4;2;21;2.441179645971421;22;-2.7607644176774175;4;4;25;3;6;5;2;4;11;5;6;22;2.738444569957466
TRACK:1149;1139;-1;1;6;2;3;3;0;2;2;1;6;23;-0.7724667458584816;1;24;12;6;18;5;4;1;9;10;6;1;2;1;14;21;-1.0123846146247477;6;23;-1.2945974784940044;0;0;19;11;4;8;1;1;5;5;3;3;6;13;16;4;5;2;0;21;4.663394757677136;12;5;5;1;8;7;2.245324830275495;2;3;2;4;4;2;17;24;6;5;4;1;4;2;21;2.300313286017091;22;-2.2888174116492106;4;4;25;3;6;5;2;4;11;5;6;22;2.9355354715102853
EVAL_INSTANCE:57:0:1140
EVAL_INSTANCE:57:1:1141
EVAL_INSTANCE:57:2:1142
EVAL_INSTANCE:57:3:1143
EVAL_INSTANCE:57:4:1144
EVAL_INSTANCE:57:5:1145
EVAL_INSTANCE:57:6:1146
EVAL_INSTANCE:57:7:1147
EVAL_INSTANCE:57:8:1148
EVAL_INSTANCE:57:9:1149
RUN_RESULT:57:0:0:2000:----
RUN_RESULT:57:1:0:74:RRURUUDDRUUDDD
RUN_RESULT:57:2:0:2000:----
RUN_RESULT:57:3:0:231:URRRUUDDRUUDDD
RUN_RESULT:57:4:0:836:DLDDRRRRRRUUUUUDLUUDDLUUDDD
RUN_RESULT:57:5:0:68:RRURUUDDRUUDDD
RUN_RESULT:57:6:0:2000:----
RUN_RESULT:57:7:0:69:RRURUUDDRUUDDD
RUN_RESULT:57:8:0:2000:----
RUN_RESULT:57:9:0:2000:----
    58 |      580 | -3.932000E+03 | -3.932000E+03
TRACK:1150;1101;1108;1;6;2;3;3;0;2;2;1;6;23;-0.6359411793204783;1;24;12;6;18;5;4;1;9;10;6;1;2;1;14;21;-1.113943949117656;6;23;-1.1361567122969038;0;0;19;11;4;8;1;1;4;3;3;0;1;22;6.456583248035393;19;1;12;12;16;4;5;2;0;21;4.645543990209847;12;5;5;1;8;7;2.049355137312569;2;3;2;4;5;1;2;6;23;-0.780700652186036;6;1;25;25;5;5;3;12;6;5;4;1;4;2;21;2.2531482628717088;22;-2.5047198665615413;4;4;25;3;6;5;2;4;11;5;6;22;2.848515384737686
TRACK:1151;1101;1108;1;6;2;3;3;0;2;2;1;6;23;-0.992776557864331;1;24;12;3;2;18;11;5;4;1;9;10;6;1;2;1;14;21;-1.0039401400764447;6;23;-0.7361150311021226;0;0;19;11;4;8;1;1;4;3;3;0;1;22;6.363134797999754;19;1;12;12;16;4;5;2;0;21;4.669676390581645;12;5;21;-0.3950539382049567;2;3;2;4;5;1;2;6;3;12;6;1;25;25;5;4;5;12;4;5;6;0;25;16;3;6;5;2;0;0;19;11;4;8;5;6;22;2.7815967849058167
TRACK:1152;1068;1026;1;6;2;3;3;0;2;2;1;6;23;-0.8794859787497786;19;3;2;18;11;5;4;1;9;10;6;1;2;1;14;21;-0.9948635873560031;6;23;-0.8532198302282202;0;0;19;11;4;8;1;1;4;3;3;0;1;22;6.421005644425262;19;1;12;12;16;4;5;2;0;21;4.457204779286154;12;5;21;-0.28967019206479067;2;3;2;4;5;1;2;6;4;8;6;1;25;25;5;4;2;17;24;6;5;4;1;4;2;21;2.471400476052735;22;-2.617585263612418;4;4;25;3;6;5;2;4;11;5;6;22;2.784406553624802
TRACK:1153;1068;1026;1;6;2;3;3;0;2;2;1;6;23;-0.9695190048993131;1;24;12;3;2;18;11;5;4;1;9;10;6;1;2;1;14;21;-1.0361235869315784;6;23;-0.8606140243279105;0;0;19;11;4;8;1;1;4;3;3;0;1;22;6.305578846414943;19;1;12;12;16;4;5;2;0;21;4.5850960919141714;12;5;21;-0.43876159926276465;2;3;2;4;5;1;2;6;3;25;6;1;25;25;5;5;3;12;4;5;6;0;25;16;22;6.421005644425262
TRACK:1154;1005;1085;1;6;2;3;3;0;2;2;1;6;23;-0.806820508008425;1;24;12;3;2;18;11;5;4;1;9;10;6;1;2;1;14;21;-0.9843371349989514;6;23;-0.9645624463784145;0;0;19;11;4;8;1;1;4;3;3;0;1;14;21;-0.9842483133945532;1;12;12;16;4;5;2;0;21;4.57798956825453;12;5;21;-0.45649123344862236;2;3;2;4;5;1;2;6;3;25;6;1;25;25;5;5;3;12;6;5;4;1;4;2;21;2.446271966779158;22;-2.6318161935433775;4;4;25;3;6;5;2;4;11;5;6;22;2.776718952896516
TRACK:1155;1005;1085;1;6;2;3;3;0;2;2;1;6;23;-0.8035488935881419;1;24;12;3;2;18;11;5;4;1;9;10;6;1;2;1;14;21;-0.9842483133945532;6;23;-0.9766494993505491;0;0;19;11;4;8;1;1;4;3;3;0;1;22;6.502566870818603;19;1;12;12;16;4;5;2;0;21;4.597021719898595;12;5;5;1;8;7;1.9147698461074008;2;3;2;4;5;1;2;6;23;-0.9298308910335025;6;1;25;25;5;5;3;12;6;5;4;1;4;2;21;2.378838262921929;22;-2.5321046087803873;4;4;25;3;6;5;2;4;11;5;6;2;21;2.446271966779158;22;-2.6318161935433775
TRACK:1156;1108;1124;1;6;2;3;3;0;2;2;1;6;23;-0.992776557864331;1;24;12;3;2;18;11;5;8;6;1;2;1;14;21;-1.0039401400764447;6;23;-0.7361150311021226;0;0;19;11;4;8;1;1;4;3;3;0;1;22;6.363134797999754;19;1;12;12;16;4;5;2;0;21;4.669676390581645;12;5;21;-0.3950539382049567;2;3;2;4;5;1;2;6;3;12;6;1;25;25;5;4;5;12;4;5;6;0;25;16;3;6;5;2;4;11;5;6;22;2.7815967849058167
TRACK:1157;1108;1124;1;6;2;3;3;0;2;2;1;6;23;-0.7192828557059459;1;24;23;-7.197133106383074;3;2;18;11;5;4;1;9;10;6;1;2;1;14;21;-0.9671480353515649;6;23;-0.7606223084992183;0;0;19;11;4;8;1;1;4;3;3;0;1;22;6.581152417987726;19;1;12;12;16;4;5;2;0;21;4.602126646507844;12;2;1;14;21;-1.028854053942134;6;1;25;25;2;3;2;4;5;1;2;6;23;-0.9531961417872835;6;1;25;25;5;5;3;12;6;5;4;1;4;2;21;2.289094252324265;22;-2.6887304742889233;4;4;25;3;6;5;2;4;11;5;6;22;2.8505357873069483
TRACK:1158;1068;1026;1;6;2;3;3;0;2;2;1;6;23;-0.8794859787497786;19;3;2;18;11;5;4;1;9;10;6;1;2;1;14;21;-0.9948635873560031;6;23;-0.8532198302282202;0;0;19;11;4;8;1;1;4;3;3;0;1;22;6.421005644425262;19;1;12;11;16;4;5;2;0;21;4.457204779286154;12;5;21;-0.28967019206479067;2;3;2;4;5;1;2;6;3;25;6;1;25;25;5;4;2;17;24;6;5;4;1;4;2;21;2.471400476052735;22;-2.617585263612418;4;4;25;3;6;5;2;4;11;5;6;22;2.784406553624802
TRACK:1159;1068;1026;1;6;2;3;3;5;2;0;21;4.457204779286154;12;5;21;-0.28967019206479067;1;1;4;3;3;0;1;22;6.305578846414943;19;1;12;12;16;4;5;2;0;21;4.5850960919141714;12;5;21;-0.43876159926276465;2;3;2;4;5;1;2;6;3;25;6;1;25;25;5;5;3;12;4;5;6;0;25;16;3;6;5;2;4;11;5;6;22;2.824439965341597
TRACK:1160;1101;-1;1;6;2;3;3;0;2;2;1;6;23;-0.83160365535956;1;24;12;6;18;5;4;1;9;10;6;1;2;1;14;21;-0.9528978356601687;6;23;-1.2229304324159616;0;0;19;11;4;8;1;1;4;3;3;0;1;22;6.396499465557546;19;1;12;12;16;4;5;1;6;24;6;9;2;3;2;4;5;1;2;6;23;-0.7673565681950618;6;1;25;25;5;5;3;12;6;5;4;1;4;2;21;2.3899115613490314;22;-2.579352994725025;4;4;25;3;6;5;2;4;11;5;6;22;3.00637090545634
TRACK:1161;1152;-1;1;6;2;3;3;0;2;2;1;6;23;-0.9534435403387452;19;3;2;18;11;5;4;1;9;10;6;1;2;1;14;21;-0.9073011164424164;6;23;-0.9844837849260905;0;0;19;11;4;8;1;1;4;3;3;0;1;22;6.347573470485336;19;1;12;12;16;4;5;2;0;1;15;23;9.346882239965367;12;5;21;-0.1818432390028022;2;3;2;4;5;1;2;6;4;8;6;1;25;25;5;4;2;17;24;6;5;4;1;4;2;21;2.373898657794944;22;-2.48835582980026;4;4;25;3;6;5;2;4;11;5;6;22;2.771355010168021
TRACK:1162;1154;-1;1;6;2;3;3;0;2;2;1;6;23;-0.8048211508893801;1;24;12;3;2;18;11;5;4;1;9;10;6;1;2;1;14;21;-0.852268892614859;6;23;-1.1660576927742;0;0;19;11;4;8;1;1;4;3;3;0;1;14;21;-0.9131169648515144;1;12;12;16;4;5;2;0;21;4.3980011786433995;12;5;21;-0.40277488216644686;2;3;2;4;5;1;2;6;3;25;6;1;25;25;5;5;3;12;6;5;4;1;4;2;21;2.536997339583943;22;-2.5018763110522246;4;4;25;3;6;5;2;4;11;5;6;2;17;21;-9.277978736106334
TRACK:1163;1156;-1;1;6;2;3;3;0;2;2;1;6;23;-0.9033678992486449;1;24;12;3;2;18;11;5;8;6;1;2;1;14;21;-1.0043492960343658;6;23;-0.7044718782130146;0;0;19;11;4;8;1;1;4;3;5;6;7;-4.776736101612404;16;4;5;2;0;21;4.490620532426804;12;5;21;-0.3461449727701633;2;3;2;4;5;1;2;6;3;12;6;1;25;25;5;4;5;12;4;5;6;0;25;16;3;6;5;2;4;11;5;6;22;2.7093442534195766
TRACK:1164;1158;-1;1;6;2;3;3;0;2;2;1;6;23;-0.8174908794314236;19;3;2;18;11;5;4;1;9;10;6;1;2;1;14;21;-0.9314665774884807;6;23;-0.6439370577394906;0;0;19;11;4;8;1;1;4;3;3;0;1;22;6.429497732717044;19;1;12;11;16;2;1;9;11;6;12;2;3;2;4;5;1;2;6;3;25;6;1;25;25;5;4;2;17;24;6;5;4;1;4;2;21;2.4285621509376774;22;-2.593066311224002;4;4;25;3;6;5;2;4;11;5;6;22;2.8937551844260283
TRACK:1165;1108;-1;1;6;2;3;3;0;2;2;1;6;23;-1.0006815488240934;1;24;12;3;2;25;11;5;4;1;9;10;6;1;2;1;14;21;-0.9818443827904326;6;23;-0.7661481622465051;0;0;19;11;4;8;1;1;4;3;3;0;1;22;6.312639793834506;19;1;12;12;16;4;5;2;0;21;4.649930305826061;12;5;21;-0.3590084831313271;2;3;2;4;5;1;2;6;3;12;6;1;25;25;5;4;5;12;4;5;6;0;25;16;3;6;5;2;4;11;5;6;22;2.8892400023859555
TRACK:1166;1153;-1;1;6;2;3;3;0;2;2;1;6;23;-0.9530100408113645;1;24;12;3;2;18;11;5;4;1;9;10;6;1;2;1;14;21;-0.8726682674638968;6;23;-1.060589394972907;0;0;19;11;4;8;1;1;4;3;3;0;1;22;6.155624513278455;19;1;17;12;16;4;5;2;0;21;4.504327241335464;12;5;21;-0.4705255691627894;2;3;2;4;5;1;2;6;3;25;6;1;25;25;5;5;3;12;4;5;6;0;25;16;22;6.46316693155367
TRACK:1167;1155;-1;1;6;2;3;3;0;2;2;1;6;23;-0.8651730116438766;1;24;12;3;2;18;11;5;4;1;9;10;6;1;2;1;14;21;-0.9980326366847536;6;23;-0.801891428134168;0;0;19;11;4;8;1;1;4;3;3;0;1;22;6.464776634564104;19;1;12;12;16;4;5;2;0;21;4.622884255716243;12;5;5;1;8;7;2.051727982802752;2;3;2;4;5;1;2;6;23;-0.8615761408628203;6;1;25;25;5;5;3;12;6;4;1;6;6;1;11;21;1.3081689884808831;5;2;6;12;5;11;3;6;5;2;4;11;5;6;2;21;2.5816896633162094;22;-2.6280618318632962
TRACK:1168;1157;-1;1;6;2;3;3;0;2;2;1;6;23;-0.6302330716281117;1;24;12;3;2;18;11;5;4;1;9;10;6;1;2;1;14;21;-1.056601813104678;6;23;-0.5525524143096676;0;0;19;11;4;8;1;1;4;3;3;0;1;22;6.57481941058381;19;1;12;12;16;4;5;2;0;21;4.65946850094252;12;2;1;14;21;-0.9311587517369404;6;1;25;25;2;3;2;4;5;1;2;6;23;-0.885880662387994;6;1;25;25;5;5;3;12;6;5;4;1;4;2;21;2.2672676547084603;22;-2.6042901390789925;4;4;25;3;6;5;2;4;11;5;6;22;2.9527963281415883
TRACK:1169;1159;-1;1;6;2;3;3;5;2;0;21;4.341694545571512;12;5;21;-0.29410669535075123;1;1;4;3;3;0;1;16;19;1;12;12;16;4;5;2;0;21;4.606801977991805;12;5;21;-0.33934539842026096;2;3;2;4;5;1;2;6;3;25;6;1;25;25;5;5;3;12;4;5;6;0;25;16;3;6;5;2;4;11;5;6;22;2.792567656453378
EVAL_INSTANCE:58:0:1160
EVAL_INSTANCE:58:1:1161
EVAL_INSTANCE:58:2:1162
EVAL_INSTANCE:58:3:1163
EVAL_INSTANCE:58:4:1164
EVAL_INSTANCE:58:5:1165
EVAL_INSTANCE:58:6:1166
EVAL_INSTANCE:58:7:1167
EVAL_INSTANCE:58:8:1168
EVAL_INSTANCE:58:9:1169
RUN_RESULT:58:0:0:2000:----
RUN_RESULT:58:1:0:68:RRURUUDDRUUDDD
RUN_RESULT:58:2:0:2000:----
RUN_RESULT:58:3:0:2000:----
RUN_RESULT:58:4:0:2000:----
RUN_RESULT:58:5:0:70:RRURUUDDRUUDDD
RUN_RESULT:58:6:0:2000:----
RUN_RESULT:58:7:0:2000:----
RUN_RESULT:58:8:0:68:RRURUUDDRUUDDD
RUN_RESULT:58:9:0:2000:----
    59 |      590 | -3.932000E+03 | -3.932000E+03
TRACK:1170;1085;1101;1;6;2;3;3;0;2;2;1;6;23;-0.8035488935881419;1;24;12;3;2;18;11;5;4;1;9;10;6;1;2;1;14;21;-0.9842483133945532;6;23;-0.9766494993505491;0;0;19;11;4;8;1;1;4;3;3;0;1;22;6.502566870818603;19;1;12;12;16;4;5;2;0;21;4.597021719898595;12;5;5;1;8;7;1.9147698461074008;2;3;2;4;5;1;2;6;23;-0.9298308910335025;6;1;21;2.2531482628717088;25;5;5;3;12;6;5;4;1;4;2;21;2.378838262921929;22;-2.5321046087803873;4;4;25;3;6;5;2;4;11;5;6;22;2.838411185541139
TRACK:1171;1085;1101;1;6;2;3;3;0;2;2;1;6;23;-0.6359411793204783;1;24;12;6;18;5;4;1;9;10;6;1;2;1;14;21;-1.113943949117656;6;23;-1.1361567122969038;0;0;19;11;4;8;1;1;4;3;3;0;1;22;6.456583248035393;19;1;12;12;16;4;5;2;0;21;4.645543990209847;12;5;5;1;8;7;2.049355137312569;2;1;22;6.502566870818603;19;3;6;5;2;4;11;5;6;22;2.848515384737686
TRACK:1172;1080;1108;1;6;2;3;3;0;2;25;5;4;1;9;10;6;1;2;1;14;21;-0.9474555339571169;6;23;-0.8804448335711149;0;0;19;11;4;8;1;1;4;3;3;0;1;22;6.497683994687328;19;1;12;12;16;4;5;2;0;21;4.534143731421654;12;5;21;-0.30083567766913144;2;3;2;4;5;1;2;6;3;25;6;1;25;25;5;4;2;17;24;6;5;4;1;4;3;19;4;4;25;3;6;5;2;4;11;5;6;22;2.649669002652176
TRACK:1173;1080;1108;1;6;2;3;3;0;2;2;1;6;23;-0.992776557864331;1;24;12;3;2;18;11;5;4;1;9;10;6;1;2;1;14;21;-1.0039401400764447;21;-0.30083567766913144;0;0;19;11;4;8;1;1;4;3;3;0;1;22;6.363134797999754;19;1;12;12;16;4;5;2;0;21;4.669676390581645;12;5;21;-0.3950539382049567;2;3;2;4;5;1;2;6;3;12;6;1;25;25;5;4;5;12;4;5;6;0;25;16;3;6;5;2;4;11;5;6;22;2.7815967849058167
TRACK:1174;1102;1145;1;6;2;3;3;0;2;2;1;1;9;10;19;3;2;18;11;5;4;1;9;10;6;1;2;1;18;17;6;23;-0.8696180450286359;0;0;19;11;4;8;1;1;4;3;3;0;1;22;6.438153074525397;19;1;12;12;16;4;5;2;0;21;4.3182305520578295;12;5;21;-0.3022478134563239;2;3;2;4;5;1;2;6;3;25;6;1;25;25;5;4;2;17;24;6;5;4;1;9;10;3;6;5;2;4;11;5;6;22;2.8315752441092394
TRACK:1175;1102;1145;1;6;2;3;3;0;2;2;1;6;23;-0.8880027676708293;19;3;2;18;11;5;4;1;9;10;6;1;2;1;18;14;6;23;-0.7904028067494465;0;0;19;11;4;8;1;1;4;3;3;0;1;22;6.3783514164393535;19;1;12;8;16;4;5;2;0;21;4.365033410793118;0;21;4.3182305520578295;12;5;21;-0.584021682959321;2;3;2;4;5;1;2;6;3;25;6;1;25;25;5;4;2;17;24;6;5;4;1;9;10;3;6;5;2;4;11;5;6;22;2.7630743109845195
TRACK:1176;1085;1101;1;6;2;3;3;0;2;2;1;6;23;-0.8035488935881419;1;24;12;3;2;18;11;5;4;1;9;10;6;1;2;1;14;21;-0.9842483133945532;6;23;-0.9766494993505491;0;0;19;11;4;8;1;1;4;3;3;0;1;22;6.502566870818603;19;1;12;12;16;4;5;2;0;21;4.597021719898595;12;5;5;1;8;7;1.9147698461074008;2;5;4;1;4;2;21;2.2531482628717088;22;-2.5047198665615413;4;4;25;3;6;5;2;4;11;5;6;22;2.838411185541139
TRACK:1177;1085;1101;1;6;2;3;3;0;2;2;1;6;12;1;24;12;6;18;5;4;1;9;10;6;1;2;1;14;21;-1.113943949117656;6;23;-1.1361567122969038;0;0;19;11;4;8;1;1;4;3;3;0;1;22;6.456583248035393;19;1;12;12;16;4;5;2;0;21;4.645543990209847;12;5;5;1;8;7;2.049355137312569;2;3;2;4;5;1;2;6;23;-0.780700652186036;6;1;25;25;5;5;3;12;6;5;4;1;4;2;21;2.2531482628717088;22;-2.5047198665615413;4;4;25;3;6;5;2;4;11;5;6;22;2.848515384737686
TRACK:1178;1124;1080;1;6;2;3;3;0;2;4;4;25;5;4;1;9;10;6;1;2;1;14;21;-0.9671480353515649;6;23;-0.7606223084992183;0;0;19;11;4;8;1;1;4;3;3;0;1;22;6.581152417987726;19;1;12;12;16;4;5;2;0;21;4.602126646507844;12;2;1;14;21;-1.028854053942134;6;23;-0.967530838704499;2;3;2;4;5;1;2;6;23;-0.9531961417872835;6;1;25;25;5;5;3;12;6;5;4;1;4;2;21;2.289094252324265;22;-2.6887304742889233;4;4;25;3;6;5;2;4;11;5;6;22;2.8505357873069483
TRACK:1179;1124;1080;1;6;2;3;3;0;2;2;1;6;23;-0.6839654074956341;19;3;2;18;11;5;4;1;9;22;-2.6887304742889233;6;1;2;1;14;21;-0.9474555339571169;6;23;-0.8804448335711149;0;0;19;11;4;8;1;1;4;3;3;0;1;22;6.497683994687328;19;1;12;12;16;4;5;2;0;21;4.534143731421654;12;5;21;-0.30083567766913144;2;3;2;4;5;1;2;6;3;25;6;1;25;25;5;4;2;17;24;6;5;4;1;4;3;19;4;4;25;3;6;5;2;4;11;5;6;22;2.649669002652176
TRACK:1180;1085;-1;1;6;2;3;3;0;2;2;1;6;23;-0.7735864086488673;1;24;12;3;2;18;11;5;4;1;9;10;6;1;2;1;14;21;-1.0323295337993104;6;23;-0.9905471835019105;0;0;19;11;4;8;1;1;4;3;3;0;1;22;6.596412921113028;19;1;12;12;16;4;5;2;0;21;4.457236297710113;12;5;5;1;8;7;1.8551635355094753;2;3;2;4;5;1;2;6;23;-1.0112375468107682;6;1;25;9;5;5;3;12;6;5;4;1;4;2;21;2.3217561931297155;22;-2.4350188540596744;4;4;25;3;6;5;2;4;11;5;6;22;3.0350735559484634
TRACK:1181;1172;-1;1;6;2;3;3;0;2;25;5;4;1;9;10;6;1;2;1;14;21;-1.0341950003311462;6;23;-0.801343308965507;0;0;19;11;4;8;1;1;4;3;3;0;1;22;6.547713325834577;19;1;12;12;16;4;5;2;0;21;4.580617794464056;12;5;21;-0.4260066571635972;2;3;2;4;5;1;2;6;3;25;6;1;25;25;5;4;2;17;24;6;5;4;1;1;17;13;4;4;25;3;6;5;2;4;11;5;6;22;2.6741523628155477
TRACK:1182;1174;-1;1;6;2;3;3;0;0;1;16;22;-9.513818734873688;5;12;6;1;2;1;18;17;6;23;-0.8712094031076176;0;0;19;11;4;8;1;1;4;3;3;0;1;22;6.513041768818121;19;1;12;12;16;4;5;2;0;21;4.264613829961947;12;5;21;-0.3675973188850752;2;3;2;4;5;1;2;6;3;25;6;1;25;25;5;4;2;17;24;6;5;4;1;9;10;3;6;5;2;4;11;5;6;22;2.8657306085090766
TRACK:1183;1176;-1;2;1;3;6;5;0;17;23;9.407924877009993;5;4;0;0;23;-1.6775292532181076;9;5;22;-3.345239204894199;5;0;2;0;4;14;0;25;13;6;4;19;2;3;6;24;1;4;21;1.277532107510634;6;13
TRACK:1184;1178;-1;1;6;2;3;3;0;2;4;4;25;5;4;1;9;10;6;1;2;1;14;21;-1.0833307224498074;6;23;-0.6264870244814338;0;0;19;11;4;8;1;1;4;3;3;0;1;22;6.681473338273251;11;1;12;12;16;4;5;2;0;21;4.645213349786276;12;2;1;14;21;-1.0616312350904138;6;23;-0.9755640447901455;2;3;2;4;5;1;2;6;23;-0.9297006747074541;6;1;25;25;5;5;3;12;6;5;4;1;4;2;21;2.392764913058533;22;-2.7955390287117527;4;4;25;3;6;5;2;4;11;5;6;22;2.984965877733431
TRACK:1185;1101;-1;1;6;2;3;3;0;2;2;1;6;23;-0.6225784576611817;1;24;12;6;18;5;4;1;9;10;6;1;2;1;14;21;-0.9880215846802692;6;23;-1.2620392926693842;0;0;19;11;4;8;1;1;4;3;3;0;1;22;6.417614198688003;19;1;12;12;16;4;5;2;0;21;4.615544153402706;12;5;5;1;8;7;1.9182576814842163;2;3;2;4;5;1;2;6;23;-0.8001497896239775;6;1;25;25;5;5;3;12;6;5;6;0;0;3;12;2;22;4.7605174100703;9;1;2;9;17;4;10;3;6;5;2;4;11;5;6;22;2.9830694435895695
TRACK:1186;1173;-1;1;6;2;3;3;0;2;2;1;6;23;-1.0051762203341101;1;24;12;3;2;18;11;5;4;1;9;10;6;1;2;1;14;21;-0.9273978248657712;21;-0.33772241755767757;0;0;19;11;4;8;1;1;4;3;3;0;1;22;6.42024817472668;19;1;12;12;16;4;5;2;0;21;4.518857777807252;12;5;21;-0.516357192305892;2;3;2;4;5;1;2;6;3;7;-9.080430936736274;6;1;25;25;5;4;5;12;4;5;6;0;25;16;3;6;5;2;4;11;5;6;22;2.8626115485740677
TRACK:1187;1175;-1;1;6;2;3;3;0;2;2;1;6;23;-1.0183802861528937;19;3;2;18;11;5;4;1;9;10;6;1;2;1;18;14;6;23;-0.754131169287611;0;0;19;11;4;8;1;1;4;3;3;0;1;22;6.209573773342511;19;1;12;8;3;6;0;22;4.326221430731303;25;4;5;2;0;21;4.399117359336542;0;21;4.251142751784263;12;5;21;-0.6237204088704402;2;3;2;4;5;1;2;6;3;25;6;1;25;25;5;4;2;17;24;6;5;4;1;9;10;3;6;5;2;4;11;5;6;22;2.817122751253482
TRACK:1188;1177;-1;1;6;2;3;3;0;2;2;1;6;12;1;24;12;6;18;5;4;1;9;10;6;1;2;1;14;21;-1.1681106135845503;6;23;-1.086541428728149;0;0;19;11;4;8;1;1;4;3;3;0;1;22;6.56254768826377;19;1;12;12;16;4;5;2;0;21;4.440414708676105;12;5;5;1;8;7;2.4339183831909352;2;3;2;4;5;1;2;6;23;-0.6705126050265734;6;1;25;25;5;5;3;12;6;5;4;1;4;2;21;2.174004315982255;22;-2.428108461317436;4;4;25;3;6;5;2;4;11;5;13
TRACK:1189;1179;-1;1;6;2;3;3;0;2;2;1;6;23;-0.8664856306815438;19;3;2;18;11;5;4;1;9;22;-2.8988859991358686;6;1;2;1;14;21;-0.9085372201946762;6;23;-0.8147192355414411;0;0;19;11;4;8;1;1;4;3;3;0;1;22;6.4698280991965955;19;1;12;12;16;4;5;2;0;21;4.677410965768781;12;5;21;-0.23164780819180436;2;3;2;4;2;12;23;6.450515091504169;6;5;4;1;4;3;19;4;4;25;3;6;5;2;4;11;5;6;22;2.6728513970953283
EVAL_INSTANCE:59:0:1180
EVAL_INSTANCE:59:1:1181
EVAL_INSTANCE:59:2:1182
EVAL_INSTANCE:59:3:1183
EVAL_INSTANCE:59:4:1184
EVAL_INSTANCE:59:5:1185
EVAL_INSTANCE:59:6:1186
EVAL_INSTANCE:59:7:1187
EVAL_INSTANCE:59:8:1188
EVAL_INSTANCE:59:9:1189
RUN_RESULT:59:0:0:68:RRURUUDDRUUDDD
RUN_RESULT:59:1:0:70:RRURUUDDRUUDDD
RUN_RESULT:59:2:0:378:URRRUULLDDRRRUUDDD
RUN_RESULT:59:3:0:2000:----
RUN_RESULT:59:4:0:2000:----
RUN_RESULT:59:5:0:2000:----
RUN_RESULT:59:6:0:2000:----
RUN_RESULT:59:7:0:86:RRURUUDDRUUDDD
RUN_RESULT:59:8:0:2000:----
RUN_RESULT:59:9:0:68:RRURUUDDRUUDDD
    60 |      600 | -3.932000E+03 | -3.932000E+03
TRACK:1190;1102;1080;1;6;2;3;3;0;2;2;1;6;12;19;3;2;18;11;5;4;1;9;10;6;1;2;1;18;17;6;23;-0.8696180450286359;0;0;19;11;4;8;1;1;4;3;3;0;1;22;6.438153074525397;19;1;12;12;16;4;5;2;0;21;4.3182305520578295;12;5;21;-0.3022478134563239;2;3;2;4;5;1;2;6;3;25;6;1;25;25;5;4;2;17;24;6;5;4;1;9;10;3;6;5;2;4;11;5;6;22;2.8315752441092394
TRACK:1191;1102;1080;1;6;2;3;3;0;2;2;1;6;23;-0.6839654074956341;19;3;21;-0.3022478134563239;5;4;1;9;10;6;1;2;1;14;21;-0.9474555339571169;6;23;-0.8804448335711149;0;0;19;11;4;8;1;1;4;3;3;0;1;22;6.497683994687328;19;1;12;12;16;4;5;2;0;21;4.534143731421654;12;5;21;-0.30083567766913144;2;3;2;4;5;1;2;6;3;25;6;1;25;25;5;4;2;17;24;6;5;4;1;4;3;19;4;4;25;3;6;5;2;4;11;5;6;22;2.649669002652176
TRACK:1192;1026;1108;1;6;2;3;3;0;2;2;1;6;23;-0.9695190048993131;1;24;12;3;2;18;11;5;4;1;9;10;6;1;2;1;14;21;-1.0361235869315784;6;23;-0.8606140243279105;0;0;19;11;4;8;1;1;4;3;3;0;1;22;6.305578846414943;19;1;12;12;16;4;5;2;0;21;4.5850960919141714;12;5;21;-0.43876159926276465;2;3;2;4;5;1;2;6;0;25;16;6;1;25;25;5;5;3;12;4;5;6;0;25;16;3;6;5;2;4;11;5;6;22;2.824439965341597
TRACK:1193;1026;1108;1;6;2;3;3;0;2;2;1;6;23;-0.992776557864331;1;24;12;3;2;18;11;5;4;1;9;10;6;1;2;21;-0.43876159926276465;6;23;-0.7361150311021226;0;0;19;11;4;8;1;1;4;3;3;0;1;22;6.363134797999754;19;1;12;12;16;4;5;2;0;21;4.669676390581645;12;5;21;-0.3950539382049567;2;3;2;4;5;1;2;6;3;12;6;1;25;25;5;4;5;12;4;5;6;0;25;16;3;6;5;2;4;11;5;6;22;2.7815967849058167
TRACK:1194;1145;1005;1;6;2;3;3;0;2;2;1;6;23;-0.8880027676708293;19;3;2;18;11;5;16;6;1;2;1;18;14;6;23;-0.7904028067494465;0;0;19;11;4;8;1;1;4;3;3;0;1;22;6.3783514164393535;19;1;12;8;16;4;5;2;0;21;4.365033410793118;12;5;21;-0.584021682959321;2;3;2;4;5;1;2;6;3;25;6;1;25;25;5;4;2;17;24;6;5;4;1;9;10;3;6;5;2;4;11;5;6;22;2.7630743109845195
TRACK:1195;1145;1005;1;6;2;3;3;0;2;2;1;6;23;-0.806820508008425;1;24;12;3;2;18;16;5;4;1;9;10;6;1;2;1;14;21;-0.9843371349989514;6;23;-0.9645624463784145;0;0;19;11;4;8;1;1;4;3;3;0;1;22;6.471528495493393;19;1;12;12;16;4;5;2;0;21;4.57798956825453;12;5;21;-0.45649123344862236;2;3;2;4;5;1;2;6;3;25;6;1;25;25;5;5;3;12;6;5;4;1;4;2;21;2.446271966779158;22;-2.6318161935433775;4;4;25;3;6;5;2;4;11;5;6;22;2.776718952896516
TRACK:1196;1124;1085;1;6;2;3;3;0;2;2;1;6;23;-0.7192828557059459;1;24;23;-7.197133106383074;3;2;18;11;5;4;1;9;10;6;1;2;1;14;21;-0.9671480353515649;6;23;-0.7606223084992183;0;0;19;11;4;8;1;1;4;3;3;0;1;22;6.581152417987726;19;1;12;12;16;4;5;2;0;21;4.602126646507844;12;2;1;14;21;-1.028854053942134;6;23;-0.967530838704499;2;3;2;4;5;1;2;6;23;-0.9531961417872835;6;1;25;25;5;5;3;12;6;5;4;1;4;2;21;2.289094252324265;22;-2.6887304742889233;4;4;25;3;6;5;2;4;11;7;1.9147698461074008
TRACK:1197;1124;1085;1;6;2;3;3;0;2;2;1;6;23;-0.8035488935881419;1;24;12;3;2;18;11;5;4;1;9;10;6;1;2;1;14;21;-0.9842483133945532;6;23;-0.9766494993505491;0;0;19;11;4;8;1;1;4;3;3;0;1;22;6.502566870818603;19;1;12;12;16;4;5;0;1;22;6.581152417987726;19;1;12;12;2;3;2;4;5;1;2;6;23;-0.9298308910335025;6;1;25;25;5;5;3;12;6;5;4;1;4;2;21;2.378838262921929;22;-2.5321046087803873;4;4;25;3;6;5;2;4;11;5;6;22;2.838411185541139
TRACK:1198;1101;1108;1;6;2;3;3;0;2;2;1;6;23;-0.6359411793204783;1;24;12;6;18;5;4;1;9;10;6;1;2;1;14;21;-1.113943949117656;6;23;-1.1361567122969038;0;0;19;11;4;8;1;1;4;3;3;0;1;22;6.456583248035393;19;1;12;12;16;4;5;2;0;21;4.645543990209847;12;5;5;1;8;7;2.049355137312569;2;3;2;4;5;1;2;6;12;6;1;25;25;5;5;3;12;6;5;4;1;4;2;21;2.2531482628717088;22;-2.5047198665615413;4;4;25;3;6;5;2;4;11;5;6;22;2.848515384737686
TRACK:1199;1101;1108;1;6;2;3;3;0;2;2;1;6;23;-0.992776557864331;1;24;12;3;2;18;11;5;4;1;9;10;6;1;2;1;14;21;-1.0039401400764447;6;23;-0.7361150311021226;0;0;19;11;4;8;6;23;-1.1361567122969038;2;3;2;4;5;1;2;6;3;12;6;1;25;25;5;4;5;12;4;5;6;0;25;16;3;6;5;2;4;11;5;6;22;2.7815967849058167
TRACK:1200;1190;-1;1;6;2;3;3;0;2;2;1;6;12;19;3;2;18;11;5;4;1;9;10;6;1;2;1;18;17;6;25;0;0;19;11;4;8;1;1;4;3;3;0;1;22;6.398202080186287;19;1;12;12;16;4;5;2;0;21;4.194282424382564;12;5;21;-0.3363265273541708;2;3;2;4;5;1;2;6;3;25;6;1;25;25;5;4;2;17;24;6;5;4;1;9;10;3;6;5;2;4;11;5;6;22;2.628004708825864
TRACK:1201;1192;-1;1;6;2;3;3;0;2;2;1;6;23;-0.8505500683502056;1;24;12;5;13;5;4;1;9;10;6;1;2;1;14;21;-1.1385438819807014;6;23;-0.86849873175683;0;0;19;11;4;8;1;1;4;3;3;0;1;22;6.295694983885563;19;1;12;12;16;4;5;2;0;21;4.621591656125754;12;5;21;-0.32479583455293387;2;3;2;4;5;1;2;6;0;25;16;6;1;25;25;5;5;3;12;4;5;6;0;25;16;3;6;5;2;4;11;5;6;22;2.7499413106971184
TRACK:1202;1194;-1;1;6;2;3;3;0;2;2;1;6;23;-0.8209032026115716;19;3;2;18;11;5;16;6;1;2;1;18;14;6;23;-0.9697488783052084;0;0;19;11;4;8;1;1;4;3;3;0;1;22;6.391435271190828;19;1;12;8;16;4;5;2;0;21;4.317569523629544;12;5;21;-0.4798655043016322;2;3;2;4;5;1;2;6;3;25;6;1;25;25;5;4;2;17;24;6;5;4;1;9;10;3;6;5;2;4;18;5;6;22;2.7385264344575373
TRACK:1203;1196;-1;1;6;2;3;3;0;2;2;1;6;23;-0.9742090765446886;1;24;23;-7.287273852183647;3;2;18;11;5;4;1;9;10;6;1;2;1;14;21;-0.9580229413390317;6;23;-0.7165000499226266;0;0;19;11;4;8;1;1;4;3;3;0;1;22;6.528520626541541;19;1;12;12;16;4;5;2;0;21;4.704028385552268;12;2;1;14;21;-1.0637397806970568;6;23;-0.9354595165341749;2;3;2;4;5;1;2;6;23;-0.805105444063273;6;1;25;25;5;5;1;9;8;6;5;4;1;4;2;21;2.3082224954588386;22;-2.6260368752478263;4;4;25;3;6;5;2;4;11;7;1.875760362793708
TRACK:1204;1198;-1;1;6;2;3;3;0;2;2;1;6;23;-0.6558722922989577;1;24;12;6;18;5;4;1;9;10;6;1;2;1;14;21;-1.0045787839763198;6;23;-1.1615529478934234;0;0;19;11;4;8;1;1;4;3;3;0;1;22;6.784461079485518;19;1;12;12;16;4;5;2;3;3;6;10;5;5;1;8;7;2.0114349444200057;2;3;2;4;5;1;2;6;12;6;1;25;25;5;5;3;12;6;5;4;1;4;2;21;2.4255762462108077;22;-2.4691473294261073;4;4;25;3;6;5;2;4;11;5;6;22;2.8011046766054797
TRACK:1205;1191;-1;1;6;2;3;3;0;2;6;0;24;19;5;4;1;9;10;6;1;2;1;14;21;-0.886593874687717;6;23;-0.6346727760622516;0;0;19;11;4;8;1;1;4;3;3;0;1;22;6.49054414409262;19;1;12;12;16;4;5;2;0;21;4.566827311389406;12;5;21;-0.2897649402518221;2;3;2;4;5;1;2;6;3;25;6;1;25;25;5;4;2;17;24;6;5;4;1;4;3;19;4;4;25;3;6;5;2;4;11;5;6;22;2.6049485483583172
TRACK:1206;1193;-1;1;6;2;3;3;0;2;2;1;6;23;-1.1156508421684583;1;24;12;3;2;18;11;5;4;1;9;10;6;1;2;21;-0.5252424848382893;6;23;-0.781497969860938;0;0;19;11;4;8;1;1;4;3;3;0;1;22;6.292154469721262;19;1;12;12;16;4;5;2;0;1;4;10;1;21;-0.00374863753269139;20;8.652282491543264;12;5;21;-0.24749103370748105;2;3;2;4;5;1;2;6;3;12;6;1;25;25;5;4;5;12;4;5;6;0;25;16;3;6;5;2;4;11;5;6;22;2.992818297711511
TRACK:1207;1195;-1;1;6;2;3;3;0;2;2;1;6;23;-0.7890082807698069;1;24;12;3;2;18;16;5;4;1;9;10;6;1;2;1;14;21;-0.9726622175411092;6;23;-0.9923732404632706;0;0;19;11;4;8;1;1;4;3;3;0;1;22;6.549739526521669;19;1;12;12;16;4;5;2;0;21;4.572344095873013;12;5;21;-0.4238100498725548;2;3;2;4;5;1;2;6;3;25;6;1;25;25;5;5;3;12;6;5;4;1;4;2;21;2.6121525234556797;22;-2.828903551186629;4;4;25;3;6;5;2;4;11;5;6;2;18;9
TRACK:1208;1197;-1;1;6;2;3;3;0;2;2;1;6;23;-0.8066261987784369;1;24;12;3;2;18;11;5;4;1;9;10;6;1;2;1;14;21;-0.983343846347563;6;23;-1.0730540272621694;6;17;1;1;4;3;3;0;1;22;6.6042556720371515;19;1;12;12;16;4;5;0;1;22;6.7783134731397325;19;1;12;12;2;3;2;4;5;1;2;6;23;-0.7970243040813406;6;1;25;25;5;5;3;12;6;5;4;1;4;2;21;2.276252331300726;22;-2.669571772141826;4;4;25;3;6;5;2;4;11;5;6;22;2.880875403393664
TRACK:1209;1199;-1;1;6;2;3;3;0;2;2;1;6;23;-0.9093497388805696;1;24;12;3;2;18;7;-4.9748393521581535;5;4;1;9;10;6;1;2;1;14;21;-0.9635685131907626;6;23;-0.804089540558987;0;0;19;11;4;8;6;23;-1.195875463825118;2;3;2;4;5;1;2;6;3;12;6;1;25;25;5;4;5;12;4;5;6;0;25;16;3;6;5;2;4;11;5;6;22;2.7854791680090805
EVAL_INSTANCE:60:0:1200
EVAL_INSTANCE:60:1:1201
EVAL_INSTANCE:60:2:1202
EVAL_INSTANCE:60:3:1203
EVAL_INSTANCE:60:4:1204
EVAL_INSTANCE:60:5:1205
EVAL_INSTANCE:60:6:1206
EVAL_INSTANCE:60:7:1207
EVAL_INSTANCE:60:8:1208
EVAL_INSTANCE:60:9:1209
RUN_RESULT:60:0:0:2000:----
RUN_RESULT:60:1:0:66:RRURUUDDRUUDDD
RUN_RESULT:60:2:0:2000:----
RUN_RESULT:60:3:0:2000:----
RUN_RESULT:60:4:0:2000:----
RUN_RESULT:60:5:0:151:RRURUUDDRUUDDD
RUN_RESULT:60:6:0:2000:----
RUN_RESULT:60:7:0:159:RRURUUDDRUUDDD
RUN_RESULT:60:8:0:909:RRURUUDDRUUDDD
RUN_RESULT:60:9:0:2000:----
    61 |      610 | -3.932200E+03 | -3.934000E+03
TRACK:1210;1201;1108;1;6;2;3;3;0;2;2;1;6;23;-0.8505500683502056;1;24;12;5;13;5;4;1;9;10;6;1;2;1;14;21;-1.1385438819807014;6;23;-0.86849873175683;0;0;19;11;4;8;1;1;4;3;3;0;1;22;6.295694983885563;19;1;12;12;25;4;5;2;0;21;4.621591656125754;12;5;21;-0.32479583455293387;2;3;2;4;5;1;2;6;0;25;16;6;1;25;25;5;5;3;12;4;5;6;0;25;16;3;6;5;2;4;11;5;6;22;2.7499413106971184
TRACK:1211;1201;1108;1;6;2;3;3;0;2;2;1;6;23;-0.992776557864331;1;24;12;3;2;18;11;5;4;1;9;10;6;1;2;1;14;21;-1.0039401400764447;6;23;-0.7361150311021226;0;0;19;11;4;8;1;1;4;3;3;0;1;22;6.363134797999754;19;1;12;12;16;4;5;2;0;21;4.669676390581645;12;5;21;-0.3950539382049567;2;3;5;3;12;3;6;5;2;4;11;5;6;22;2.7815967849058167
TRACK:1212;1080;1005;1;6;2;3;3;0;2;2;1;6;23;-0.6839654074956341;19;3;2;18;11;5;4;1;9;10;6;1;2;1;14;21;-0.9474555339571169;6;23;-0.8804448335711149;0;0;19;11;4;8;1;1;4;3;3;0;1;22;6.497683994687328;19;1;12;12;16;4;5;2;0;21;4.534143731421654;12;5;21;-0.30083567766913144;2;3;2;4;5;1;2;6;3;25;6;1;25;25;5;4;2;17;24;6;5;4;1;12;4;4;25;3;6;5;2;4;11;5;6;22;2.649669002652176
TRACK:1213;1080;1005;1;6;2;3;3;0;2;2;1;6;23;-0.806820508008425;1;24;12;3;2;18;11;5;4;1;9;10;6;1;2;1;14;21;-0.9843371349989514;6;23;-0.9645624463784145;3;25;1;1;4;3;3;0;1;22;6.471528495493393;19;1;12;12;16;4;5;2;0;21;4.57798956825453;12;5;21;-0.45649123344862236;2;3;2;4;5;1;2;6;3;25;6;1;25;25;5;5;3;12;6;5;4;1;4;2;21;2.446271966779158;22;-2.6318161935433775;4;4;25;3;6;5;2;4;11;5;6;22;2.776718952896516
TRACK:1214;1101;1108;1;6;2;3;3;0;2;2;1;6;23;-0.6359411793204783;1;24;12;6;18;5;4;1;9;10;6;1;2;1;14;21;-1.113943949117656;6;23;-1.1361567122969038;0;0;19;11;4;8;1;1;4;3;3;0;1;22;6.456583248035393;19;1;12;12;16;4;5;2;0;21;4.645543990209847;12;5;5;1;8;7;2.049355137312569;2;3;2;4;5;1;2;6;23;-0.780700652186036;6;1;25;25;5;5;3;12;6;5;4;1;4;2;21;2.2531482628717088;22;-2.5047198665615413;4;4;25;3;6;5;2;4;11;16
TRACK:1215;1101;1108;1;6;2;3;3;0;2;2;1;6;23;-0.992776557864331;1;24;12;3;2;18;11;5;4;1;9;10;6;1;2;1;14;8;6;23;-0.7361150311021226;0;0;19;11;4;8;1;1;4;3;3;0;1;22;6.363134797999754;19;1;12;12;16;4;5;2;0;21;4.669676390581645;12;5;21;-0.3950539382049567;2;3;2;4;5;1;2;6;3;12;6;1;25;25;5;4;5;12;4;5;6;0;25;16;3;6;5;2;4;11;5;6;22;2.7815967849058167
TRACK:1216;1085;1201;1;13;2;3;2;4;5;1;2;6;23;-0.9298308910335025;6;1;25;25;5;5;3;12;6;5;4;1;4;2;21;2.378838262921929;22;-2.5321046087803873;4;4;25;3;6;5;2;4;11;5;6;22;2.838411185541139
TRACK:1217;1085;1201;1;6;2;3;3;0;2;2;1;3;12;1;24;12;5;13;5;4;1;9;10;6;1;2;1;14;21;-1.1385438819807014;6;23;-0.86849873175683;0;0;19;11;4;8;1;1;4;3;3;0;1;22;6.295694983885563;19;1;12;12;16;4;5;2;0;21;4.621591656125754;12;5;21;-0.32479583455293387;2;3;2;4;5;1;2;6;0;25;16;6;1;25;25;5;5;3;12;4;5;6;0;25;16;3;6;5;2;4;11;5;6;22;2.7499413106971184
TRACK:1218;1124;1005;1;6;2;3;3;0;2;2;1;6;23;-0.7192828557059459;1;24;23;-7.197133106383074;3;2;18;11;5;4;1;9;10;6;1;2;1;14;21;-0.9671480353515649;6;23;-0.7606223084992183;0;0;19;11;4;8;1;1;4;3;3;0;1;22;6.581152417987726;19;1;12;12;16;4;5;2;0;21;4.602126646507844;12;2;1;14;21;-1.028854053942134;6;23;-0.967530838704499;2;3;2;4;5;1;2;6;23;-0.9531961417872835;6;1;25;18;5;5;3;12;6;5;4;1;4;2;21;2.289094252324265;22;-2.6887304742889233;4;4;25;3;6;5;2;4;11;5;6;22;2.8505357873069483
TRACK:1219;1124;1005;1;6;2;3;3;0;2;2;1;6;23;-0.806820508008425;1;24;12;3;2;18;11;5;4;1;9;10;6;1;2;1;14;21;-0.9843371349989514;6;23;-0.9645624463784145;0;0;19;11;4;8;1;1;4;3;3;0;1;22;6.471528495493393;19;1;12;12;16;4;5;2;0;21;4.57798956825453;12;5;21;-0.45649123344862236;2;3;2;4;5;1;2;6;3;25;6;1;25;25;5;5;3;12;6;5;4;1;4;2;21;2.446271966779158;22;-2.6318161935433775;4;4;25;3;6;5;1;4;2;21;2.289094252324265;22;-2.6887304742889233;4;4;25
TRACK:1220;1210;-1;1;6;2;3;3;0;2;2;1;6;23;-0.6890294138954562;1;24;12;5;13;5;4;1;9;10;6;1;5;4;12;0;0;19;11;4;8;1;1;4;3;3;0;1;22;6.2738787818983095;19;1;12;12;25;4;5;2;0;21;4.653741463599644;12;5;21;-0.37109862111236713;2;3;2;4;5;1;2;6;0;25;16;6;1;25;25;5;5;3;12;4;5;6;0;25;16;3;6;5;2;4;11;5;6;22;2.5583596089831246
TRACK:1221;1212;-1;1;6;2;3;3;0;2;2;1;6;23;-0.7513058329461811;19;3;2;18;11;0;3;5;9;3;0;12;18;6;1;2;1;14;21;-0.8847180668156129;6;23;-0.8716739794093481;0;0;19;11;4;8;1;1;4;3;3;0;1;22;6.327594700734913;19;1;12;12;16;4;5;2;0;21;4.531684446711434;12;5;21;-0.13238843469974998;2;3;2;4;5;1;2;6;3;25;6;1;25;25;5;4;2;17;24;6;5;4;1;12;4;4;25;3;6;5;2;4;11;5;6;22;2.7601704146004007
TRACK:1222;1214;-1;1;6;2;3;3;0;2;2;1;6;23;-0.5245790624796298;1;24;12;6;18;5;4;1;9;10;6;1;2;1;14;21;-1.2678942535771045;6;23;-1.2153281082593475;0;0;19;11;4;8;1;1;4;3;3;0;1;22;6.459170929884539;19;1;12;12;16;4;5;2;0;21;4.506079029575838;12;5;5;1;8;7;2.0627293148995447;2;3;2;2;5;23;-2.8559505911514833;5;21;5.351927932996157;1;1;17;23;7.828488798197014;1;19;17;3;6;5;2;4;11;16
TRACK:1223;1216;-1;1;13;2;3;2;4;5;1;2;6;23;-0.9570227051229544;6;1;25;25;5;5;3;12;6;5;4;1;4;2;21;2.5241929902058615;22;-2.612789310108818;4;4;25;3;4;1;11;24
TRACK:1224;1218;-1;1;6;2;3;3;0;2;2;1;6;23;-0.7286025295676966;1;24;23;-7.247837912681452;3;2;18;11;5;4;1;9;10;6;1;2;1;14;21;-0.913301032195015;6;23;-0.948527788637003;0;0;19;11;4;8;1;1;4;3;3;0;1;22;6.763350637868708;19;1;12;12;16;4;5;2;0;21;4.528910689687996;12;2;1;14;21;-1.1216185504179645;6;23;-0.8852011215136202;2;3;2;4;5;1;2;6;23;-0.8022546252885698;2;21;1.1440083195061117;11;5;5;3;12;6;5;4;1;4;2;21;1.9829630506669618;22;-2.550472334486399;4;4;25;3;6;5;2;4;11;5;6;22;2.683020672449373
TRACK:1225;1211;-1;1;6;2;3;3;0;2;2;1;6;23;-1.1788803254390987;1;24;12;3;2;18;11;5;4;1;9;10;6;1;2;1;14;21;-0.9520534143006432;6;23;-0.7290115309553106;0;0;19;11;4;8;1;1;4;3;3;0;1;22;6.236649299341622;19;1;12;12;16;4;5;2;0;21;4.707103239633892;12;0;4;2;25;18;6;0;17;7;-7.151307861081786;2;3;5;3;12;3;6;5;2;4;11;5;6;22;2.678507622112167
TRACK:1226;1213;-1;1;6;2;3;3;0;2;2;1;6;23;-0.766290522781438;1;24;12;3;2;18;11;5;4;1;9;10;6;1;2;1;14;21;-0.9395433716131151;6;23;-0.8368883355696912;3;25;1;1;4;3;3;0;1;22;6.434119491439827;19;1;12;12;16;4;5;2;0;21;4.548457737849567;12;5;21;-0.2753035685360068;2;3;2;4;5;1;2;6;3;25;6;1;25;25;5;5;3;12;6;5;4;1;4;2;21;2.5962601285255595;22;-2.5786401229929847;4;0;21;4.206603308577906;13;3;6;5;2;4;11;5;6;22;2.7542486488644005
TRACK:1227;1215;-1;1;6;2;3;3;0;2;2;1;6;23;-1.1492939880293684;1;24;12;3;2;18;11;5;4;1;9;10;6;1;2;1;14;8;6;23;-0.6399588835799996;0;0;19;11;4;8;1;1;4;3;6;12;16;4;5;2;0;21;4.491764530393413;12;5;21;-0.37005242857733756;2;3;2;4;5;1;2;6;3;12;6;1;25;25;5;4;5;12;4;5;6;0;25;16;3;6;5;2;4;11;5;6;22;2.9598958856672097
TRACK:1228;1217;-1;1;6;2;3;3;0;2;2;1;3;12;1;24;12;5;13;5;4;1;9;10;6;1;2;1;14;21;-1.0380366568534596;6;23;-1.0517196491539103;0;0;19;11;4;8;1;1;0;2;16;21;7.133977949511511;3;25;5;4;14;4;5;2;0;21;4.568287603602664;12;5;21;-0.3831075650794914;2;3;2;4;5;1;2;6;0;25;16;6;1;25;25;5;5;3;12;4;5;6;0;25;16;3;6;5;2;4;11;5;6;22;2.8247347057742425
TRACK:1229;1219;-1;1;6;2;3;3;0;2;2;1;6;23;-0.7525095031765905;1;24;12;3;2;18;11;5;4;1;9;10;6;1;2;1;14;21;-1.0246496502565172;6;23;-1.054989063515448;0;6;13;4;8;1;1;4;3;3;0;1;22;6.515602869492048;19;1;12;12;16;4;5;2;0;21;4.34762658650436;12;5;21;-0.5944524379499061;2;3;2;4;5;1;2;6;3;25;6;1;25;25;5;5;3;12;6;5;4;1;4;2;21;2.3908232043748963;22;-2.582659671107644;4;4;25;3;6;5;1;4;2;21;2.324823867285416;22;-2.6492530015905715;4;4;25
EVAL_INSTANCE:61:0:1220
EVAL_INSTANCE:61:1:1221
EVAL_INSTANCE:61:2:1222
EVAL_INSTANCE:61:3:1223
EVAL_INSTANCE:61:4:1224
EVAL_INSTANCE:61:5:1225
EVAL_INSTANCE:61:6:1226
EVAL_INSTANCE:61:7:1227
EVAL_INSTANCE:61:8:1228
EVAL_INSTANCE:61:9:1229
RUN_RESULT:61:0:0:2000:----
RUN_RESULT:61:1:0:561:RRURUUDDDDRRUUUDLUUDDD
RUN_RESULT:61:2:0:2000:----
RUN_RESULT:61:3:0:2000:----
RUN_RESULT:61:4:0:68:RRURUUDDRUUDDD
RUN_RESULT:61:5:0:2000:----
RUN_RESULT:61:6:0:110:RRURUUDDRUURDDDDUL
RUN_RESULT:61:7:0:2000:----
RUN_RESULT:61:8:0:2000:----
RUN_RESULT:61:9:0:2000:----
    62 |      620 | -3.932200E+03 | -3.934000E+03
TRACK:1230;1108;1102;1;6;2;3;3;0;2;2;1;6;23;-0.992776557864331;1;24;12;3;2;18;11;5;4;1;9;10;6;1;2;1;14;21;-1.0039401400764447;6;23;-0.7361150311021226;0;0;19;11;4;8;1;1;4;3;3;0;1;22;6.363134797999754;19;1;12;12;16;4;5;6;1;25;25;2;3;2;4;5;1;2;6;3;12;6;1;25;25;5;4;5;12;4;5;6;0;25;16;3;6;5;2;4;11;5;6;22;2.7815967849058167
TRACK:1231;1108;1102;1;6;2;3;3;0;2;2;1;6;23;-0.8522297583487732;19;3;2;18;11;5;4;1;9;10;6;1;2;1;18;17;6;23;-0.8696180450286359;0;0;19;11;4;8;1;1;4;3;3;0;1;22;6.438153074525397;19;1;12;12;16;4;5;2;0;21;4.3182305520578295;12;5;21;-0.3022478134563239;2;3;2;4;5;1;2;6;3;25;6;1;25;25;5;4;2;17;24;6;5;4;1;9;6;0;25;16;3;6;5;2;4;11;5;6;22;2.8315752441092394
TRACK:1232;1201;1005;1;6;2;3;3;0;2;2;1;6;23;-0.8505500683502056;1;24;12;5;13;5;4;1;9;10;6;1;2;1;14;21;-1.1385438819807014;6;23;-0.86849873175683;0;0;19;11;4;8;1;21;2.446271966779158;4;5;2;0;21;4.621591656125754;12;5;21;-0.32479583455293387;2;3;2;4;5;1;2;6;0;25;16;6;1;25;25;5;5;3;12;4;5;6;0;25;16;3;6;5;2;4;11;5;6;22;2.7499413106971184
TRACK:1233;1201;1005;1;6;2;3;3;0;2;2;1;6;23;-0.806820508008425;1;24;12;3;2;18;11;5;4;1;9;10;6;1;2;1;14;21;-0.9843371349989514;6;23;-0.9645624463784145;0;0;19;11;4;8;1;12;4;5;2;0;21;4.57798956825453;12;5;21;-0.45649123344862236;2;3;2;4;5;1;2;6;3;25;6;1;25;25;5;5;3;12;6;5;4;1;4;2;21;2.446271966779158;22;-2.6318161935433775;4;4;25;3;6;5;2;4;11;5;6;22;2.776718952896516
TRACK:1234;1026;1026;1;6;2;3;3;0;2;2;1;6;23;-0.9695190048993131;1;24;12;3;2;18;11;5;4;1;9;10;6;1;2;1;14;21;-1.0361235869315784;6;23;-0.8606140243279105;0;0;19;11;4;8;1;1;4;3;3;0;1;22;6.305578846414943;19;1;12;12;16;4;5;2;0;21;4.5850960919141714;12;5;21;-0.43876159926276465;2;3;2;4;5;1;2;6;3;25;6;1;25;25;5;5;3;12;4;5;6;22;2.824439965341597;3;6;5;2;4;11;5;6;22;2.824439965341597
TRACK:1235;1026;1026;1;6;2;3;3;0;2;2;1;6;23;-0.9695190048993131;1;24;12;3;2;18;11;5;4;1;9;10;6;1;2;1;14;21;-1.0361235869315784;6;23;-0.8606140243279105;0;0;19;11;4;8;1;1;4;3;3;0;1;22;6.305578846414943;19;1;12;12;16;4;5;16;2;3;2;4;5;1;2;6;3;25;6;1;25;25;5;5;3;12;4;5;6;0;25;16;3;6;5;2;4;11;5;6;22;2.824439965341597
TRACK:1236;1101;1124;1;6;2;3;3;0;2;2;1;6;23;-0.6359411793204783;1;24;12;6;18;5;4;1;9;10;6;1;2;1;14;21;-1.113943949117656;6;23;-1.1361567122969038;0;0;19;11;4;8;1;1;4;3;3;0;1;22;6.456583248035393;19;1;12;12;16;4;5;21;-0.9671480353515649;2;3;2;4;5;1;2;6;23;-0.780700652186036;6;1;25;25;5;5;3;12;6;5;4;1;4;2;21;2.2531482628717088;22;-2.5047198665615413;4;4;25;3;6;5;2;4;11;5;6;22;2.848515384737686
TRACK:1237;1101;1124;1;6;2;3;3;0;2;2;1;6;23;-0.7192828557059459;1;24;23;-7.197133106383074;3;6;23;-0.780700652186036;5;4;1;9;10;6;1;2;1;14;21;-0.9671480353515649;6;23;-0.7606223084992183;0;0;19;11;4;8;1;1;4;3;3;0;1;22;6.581152417987726;19;1;12;12;16;4;5;2;0;21;4.602126646507844;12;2;1;14;21;-1.028854053942134;6;23;-0.967530838704499;2;3;2;4;5;1;2;6;23;-0.9531961417872835;6;1;25;25;5;5;3;12;6;5;4;1;4;2;21;2.289094252324265;22;-2.6887304742889233;4;4;25;3;6;5;2;4;11;5;6;22;2.8505357873069483
TRACK:1238;1085;1201;1;6;2;3;3;0;2;2;1;6;23;-0.8035488935881419;1;24;12;3;2;18;11;5;4;1;9;10;6;1;2;1;14;21;-0.9842483133945532;6;23;-0.9766494993505491;0;0;19;11;4;8;1;1;4;3;3;0;1;22;6.502566870818603;19;1;12;12;16;4;5;2;0;21;4.597021719898595;12;5;5;1;8;7;1.9147698461074008;2;3;2;4;5;1;25;5;5;3;12;6;5;4;1;4;2;21;2.378838262921929;22;-2.5321046087803873;4;4;25;3;6;5;2;4;11;5;6;22;2.838411185541139
TRACK:1239;1085;1201;1;6;2;3;3;0;2;2;1;6;23;-0.8505500683502056;1;24;12;5;13;5;4;1;9;10;6;1;2;1;14;21;-1.1385438819807014;6;23;-0.86849873175683;0;0;19;11;4;8;1;1;4;3;3;0;1;22;6.295694983885563;19;1;12;12;16;4;5;2;0;21;4.621591656125754;12;5;21;-0.32479583455293387;2;3;2;4;5;1;2;6;0;25;16;6;1;25;25;5;5;3;12;4;5;6;0;25;16;1;24;12
TRACK:1240;1230;-1;1;6;2;4;0;3;4;3;3;0;25;10;3;0;6;2;1;11;10;3;8;0;1;2;12;24;1;25;19;1;5;9;5;17;1;1;4;3;3;0;1;22;6.384062136914109;19;1;12;12;16;4;5;6;1;25;25;2;3;2;4;5;1;2;6;3;12;6;1;25;25;5;4;5;12;4;5;6;0;25;16;3;6;5;2;4;11;5;6;22;2.7950336144433656
TRACK:1241;1232;-1;1;6;2;3;3;0;2;2;1;6;10;1;24;12;5;13;5;4;1;9;10;6;1;2;1;14;21;-1.2182819998017091;6;23;-0.9610804201090487;0;0;19;11;4;8;1;21;2.380215703876054;4;5;2;0;21;4.457936899001748;12;5;21;-0.3877291938369577;2;3;2;4;5;1;2;6;0;25;16;6;1;25;25;5;5;3;12;4;5;6;0;25;16;3;6;5;2;4;11;5;6;22;2.712854952908131
TRACK:1242;1234;-1;4;14
TRACK:1243;1236;-1;1;6;2;3;3;0;2;2;1;6;23;-0.49450105469946404;1;24;12;3;7;-5.817104362834627;5;4;1;9;10;6;1;2;1;14;21;-1.1359756793142985;6;23;-1.1655866861860342;0;0;19;11;4;8;1;1;4;3;3;0;1;22;6.424904064758765;19;1;12;12;16;4;5;21;-1.053996437272719;2;3;2;4;5;1;2;6;23;-0.6130452821156376;6;1;25;25;5;5;3;12;6;5;4;1;4;2;21;2.4017106672380857;22;-2.760589986113439;4;4;25;3;6;5;2;4;11;5;6;22;2.734551837413166
TRACK:1244;1238;-1;1;6;2;3;3;0;2;2;1;6;23;-0.7763635606701141;1;24;12;3;2;18;11;5;4;1;9;10;6;1;2;1;14;21;-0.9744105585819413;6;23;-0.9191016542127695;0;0;19;11;4;8;1;1;5;4;19;16;4;5;2;0;21;4.625605580362142;12;5;5;1;8;7;2.011131760417101;2;3;2;4;5;1;25;5;5;3;12;6;5;4;1;4;2;21;2.2326370662668076;22;-2.479796425130582;4;4;25;3;6;5;2;4;11;5;6;22;2.92143321913358
TRACK:1245;1231;-1;1;6;2;3;3;0;2;2;4;3;18;3;2;18;11;5;4;1;9;10;6;1;2;1;18;17;6;23;-0.8737924984442071;0;0;19;11;4;8;1;1;4;3;3;0;1;22;6.6534880493302575;19;1;12;12;16;4;5;2;0;21;4.312954724112781;12;5;21;-0.27797320706478285;2;3;2;4;5;1;2;6;3;25;6;1;25;25;5;4;2;17;24;6;5;4;1;9;6;0;25;16;3;6;5;2;4;11;5;6;22;2.9561643687631434
TRACK:1246;1233;-1;1;6;2;3;3;0;2;2;1;6;23;-0.6058539117805122;1;24;12;3;2;18;11;5;4;1;9;10;6;1;2;1;14;21;-1.1202038824266376;6;23;-0.86924370781379;0;0;19;11;4;8;1;12;4;5;2;0;21;4.512103894684922;12;5;21;-0.38973864814386394;2;3;2;4;5;1;2;6;3;25;6;1;25;25;5;5;3;12;6;5;4;1;4;2;21;2.536023426827435;22;-2.4760041446714496;4;0;19;7;-8.570764609963241;3;6;5;2;4;11;5;6;22;2.806789078003086
TRACK:1247;1235;-1;1;6;2;3;3;0;2;2;1;6;23;-0.7860455551185175;1;24;12;3;2;18;11;5;4;1;9;10;6;1;2;1;14;21;-0.8662543401982217;6;23;-1.0123601385424938;0;0;19;11;4;8;1;1;4;3;3;0;1;22;6.211276626016077;19;1;12;12;16;4;5;16;2;3;2;4;5;1;2;6;3;25;6;1;25;25;5;2;5;11;6;16;4;5;6;0;25;16;3;6;5;2;4;11;5;6;22;2.8322360121967676
TRACK:1248;1237;-1;1;6;2;3;3;0;2;2;1;6;23;-0.8081591882308972;1;24;23;-7.1796652454577385;3;6;23;-0.6350431029962961;5;4;1;9;10;6;1;2;1;14;21;-0.9514530796257131;6;23;-0.7026099306845719;0;0;19;11;4;8;1;1;4;3;3;0;1;22;6.58851363740631;19;1;12;12;16;4;6;6;24;2;3;2;4;5;1;2;6;23;-1.0175614530819237;6;1;25;25;5;5;3;12;6;5;4;1;4;2;21;2.3189828246656803;22;-2.726022210754245;4;4;25;3;6;5;2;4;11;5;6;22;2.902509979164301
TRACK:1249;1239;-1;1;6;2;3;3;0;2;2;1;6;23;-0.7485850824704937;1;24;12;5;13;5;4;1;9;10;6;1;2;1;14;21;-1.1418610530383928;6;23;-1.0214777950539988;0;0;19;11;4;8;1;1;4;3;3;0;1;22;6.259163743568747;19;1;12;12;16;4;5;2;0;21;4.5545513474431685;12;5;21;-0.4005912257050125;2;3;2;4;5;1;2;6;0;25;16;6;1;25;25;5;5;3;12;4;5;6;0;25;16;4;4;6;6;5;8
EVAL_INSTANCE:62:0:1240
EVAL_INSTANCE:62:1:1241
EVAL_INSTANCE:62:2:1242
EVAL_INSTANCE:62:3:1243
EVAL_INSTANCE:62:4:1244
EVAL_INSTANCE:62:5:1245
EVAL_INSTANCE:62:6:1246
EVAL_INSTANCE:62:7:1247
EVAL_INSTANCE:62:8:1248
EVAL_INSTANCE:62:9:1249
RUN_RESULT:62:0:0:1002:DLDDRRRRRRUUUULUURDDDDDLULUUUURRDDDL
RUN_RESULT:62:1:0:2000:----
RUN_RESULT:62:2:0:237:URRRUUDDRUUDDD
RUN_RESULT:62:3:0:2000:----
RUN_RESULT:62:4:0:2000:----
RUN_RESULT:62:5:0:177:RRURUUDDRUURDDDDDUUL
RUN_RESULT:62:6:0:2000:----
RUN_RESULT:62:7:0:74:RRURUUDDRUURDDDDUL
RUN_RESULT:62:8:0:2000:----
RUN_RESULT:62:9:0:2000:----
    63 |      630 | -3.932200E+03 | -3.934000E+03
TRACK:1250;1124;1201;1;6;2;3;3;0;2;2;1;6;23;-0.7192828557059459;1;24;23;-7.197133106383074;3;2;18;11;5;4;1;9;10;6;1;2;1;14;21;-0.9671480353515649;6;23;-0.7606223084992183;0;0;19;11;4;8;1;1;4;3;3;0;1;22;6.581152417987726;19;1;12;12;16;4;5;2;0;5;6;22;2.7499413106971184;12;2;1;14;21;-1.028854053942134;6;23;-0.967530838704499;2;3;2;4;5;1;2;6;23;-0.9531961417872835;6;1;25;25;5;5;3;12;6;5;4;1;4;2;21;2.289094252324265;22;-2.6887304742889233;4;4;25;3;6;5;2;4;11;5;6;22;2.8505357873069483
TRACK:1251;1124;1201;1;6;2;3;3;0;2;2;1;6;23;-0.8505500683502056;1;24;12;5;13;5;4;1;9;10;6;1;2;1;14;21;-1.1385438819807014;6;23;-0.86849873175683;0;0;19;11;4;8;1;1;4;3;3;0;1;22;6.295694983885563;19;1;12;12;16;4;5;2;0;21;4.621591656125754;12;5;21;-0.32479583455293387;2;3;2;4;5;1;2;6;0;25;16;6;1;25;25;5;5;3;12;4;5;6;1;6;23;-0.7192828557059459;1;24;23;-7.197133106383074;3;6;5;2;4;11;5;6;22;2.7499413106971184
TRACK:1252;1080;1068;1;6;2;3;3;0;2;2;1;6;23;-0.6839654074956341;19;3;2;18;11;5;4;1;23;-0.8532198302282202;10;6;1;2;1;14;21;-0.9474555339571169;6;23;-0.8804448335711149;0;0;19;11;4;8;1;1;4;3;3;0;1;22;6.497683994687328;19;1;12;12;16;4;5;2;0;21;4.534143731421654;12;5;21;-0.30083567766913144;2;3;2;4;5;1;2;6;3;25;6;1;25;25;5;4;2;17;24;6;5;4;1;4;3;19;4;4;25;3;6;5;2;4;11;5;6;22;2.649669002652176
TRACK:1253;1080;1068;1;6;2;3;3;0;2;2;1;6;23;-0.8794859787497786;19;3;2;18;11;5;4;1;9;10;6;1;2;1;14;21;-0.9948635873560031;6;23;-0.8532198302282202;0;0;19;16;4;8;1;1;4;3;3;0;1;22;6.421005644425262;19;1;12;12;16;4;5;2;0;21;4.457204779286154;12;5;21;-0.28967019206479067;2;3;2;4;5;1;2;6;3;25;6;1;25;25;5;4;2;17;24;6;5;4;1;4;2;21;2.471400476052735;22;-2.617585263612418;4;4;25;3;6;5;2;4;11;5;6;22;2.784406553624802
TRACK:1254;1102;1080;1;6;2;3;3;0;2;2;1;6;23;-0.8522297583487732;19;3;2;18;11;5;4;1;9;10;6;1;2;1;18;17;6;23;-0.8696180450286359;0;0;19;11;4;8;1;1;4;3;3;0;1;22;6.438153074525397;19;1;12;12;16;4;5;2;0;21;4.3182305520578295;4;4;25;5;21;-0.3022478134563239;2;3;2;4;5;1;2;6;3;25;6;1;25;25;5;4;2;17;24;6;5;4;1;9;10;3;6;5;2;4;11;5;6;22;2.8315752441092394
TRACK:1255;1102;1080;1;6;2;3;3;0;2;2;1;6;23;-0.6839654074956341;19;3;2;18;11;5;4;1;9;10;6;1;2;1;25;21;-0.9474555339571169;6;23;-0.8804448335711149;0;0;19;11;4;8;1;1;4;3;3;0;1;22;6.497683994687328;19;1;12;12;16;4;5;2;0;21;4.534143731421654;12;5;21;-0.30083567766913144;2;3;2;4;5;1;2;6;3;25;6;1;25;25;5;4;2;17;24;6;5;4;1;4;3;19;4;4;25;3;6;5;2;4;11;5;6;22;2.649669002652176
TRACK:1256;1026;1101;1;6;2;3;3;0;2;2;1;6;23;-0.9695190048993131;1;24;12;3;2;18;11;5;4;1;9;10;6;1;2;1;14;21;-1.0361235869315784;6;23;-0.8606140243279105;0;0;12;11;4;8;1;1;4;3;3;0;1;22;6.305578846414943;19;1;12;12;16;4;5;2;0;21;4.5850960919141714;12;5;21;-0.43876159926276465;2;3;2;4;5;1;2;6;3;25;6;1;25;25;5;5;3;12;4;5;6;0;25;16;3;6;5;2;4;11;5;6;22;2.824439965341597
TRACK:1257;1026;1101;1;6;2;3;3;0;2;2;1;6;23;-0.6359411793204783;1;24;12;6;18;5;4;1;9;10;6;1;2;1;14;21;-1.113943949117656;6;23;-1.1361567122969038;0;0;19;11;4;8;1;1;4;0;1;22;6.305578846414943;19;1;12;12;16;4;5;2;0;21;4.645543990209847;12;5;5;1;8;7;2.049355137312569;2;3;2;4;5;1;2;6;23;-0.780700652186036;6;1;25;25;5;5;3;12;6;5;4;1;4;2;21;2.2531482628717088;22;-2.5047198665615413;4;4;25;3;6;5;2;4;11;5;6;22;2.848515384737686
TRACK:1258;1108;1201;1;6;2;3;3;0;2;2;1;6;23;-0.992776557864331;1;24;12;3;2;25;11;5;4;1;9;10;6;1;2;1;14;21;-1.0039401400764447;6;23;-0.7361150311021226;0;0;19;11;4;8;1;1;4;3;3;0;1;22;6.363134797999754;19;1;12;12;16;4;5;2;0;21;4.669676390581645;12;5;21;-0.3950539382049567;2;3;2;4;5;1;2;6;3;12;6;1;25;25;5;4;5;12;4;5;6;0;25;16;3;6;5;2;4;11;5;6;22;2.7815967849058167
TRACK:1259;1108;1201;1;6;2;3;3;0;2;2;1;6;23;-0.8505500683502056;1;24;12;5;13;5;4;1;9;10;6;1;2;1;14;21;-1.1385438819807014;6;23;-0.86849873175683;0;0;19;11;4;8;1;1;4;3;3;0;1;22;6.295694983885563;19;1;12;12;16;4;5;2;0;21;4.621591656125754;12;5;21;-0.32479583455293387;2;3;2;4;5;1;2;6;0;25;16;6;1;25;25;5;5;3;12;4;11;3;6;5;2;4;11;5;6;22;2.7499413106971184
TRACK:1260;1250;-1;1;6;2;3;3;0;2;2;1;6;23;-0.7003184157502346;1;24;23;-7.282262105227902;3;2;18;11;5;4;1;9;10;6;1;2;1;14;21;-0.9182114084816797;6;23;-0.8323761281529571;0;0;19;11;4;8;1;1;4;3;3;0;1;22;6.399850626881707;19;1;12;12;16;4;5;2;0;5;6;22;2.7762423331918367;12;2;1;14;21;-1.1052946102879733;6;23;-0.9873520505750782;2;3;2;4;5;1;2;6;23;-0.8450352553183391;6;1;25;25;5;5;3;12;6;5;4;1;4;2;21;2.25905162103155;22;-2.6374334404985387;4;4;25;3;6;5;2;4;11;1;2;6;9;0;10;17;2;1;23;0.6384108531029415;11;6;16
TRACK:1261;1080;-1;1;6;2;3;3;0;2;2;1;6;23;-0.7340710993867146;19;3;2;18;11;5;4;1;9;10;6;1;2;1;14;21;-0.9270427925530217;6;23;-0.8900314847476024;0;4;24;4;8;1;1;4;3;3;0;1;22;6.41753837017802;19;1;12;12;16;4;5;2;0;21;4.515844536647563;12;5;21;-0.2723672673287517;2;3;2;4;5;1;2;6;3;25;6;1;25;25;5;4;2;17;24;6;5;4;1;4;3;19;4;4;25;3;6;5;2;4;11;5;6;22;2.635823618028046
TRACK:1262;1254;-1;1;6;2;3;3;0;2;2;1;6;23;-0.8205030147501771;19;3;2;18;11;3;25;6;1;2;1;18;17;6;23;-0.8814962412121398;0;0;19;11;4;8;1;1;4;3;3;0;1;22;6.464032415414318;19;1;12;12;16;4;5;2;0;21;4.435694686315225;4;4;25;5;21;-0.32972122238728785;2;3;2;4;5;1;2;6;3;25;6;1;25;25;5;4;2;17;24;6;5;4;1;9;10;3;6;5;2;4;11;5;6;22;2.7849563841607563
TRACK:1263;1256;-1;1;6;2;3;3;0;2;2;3;16;3;2;18;11;5;4;1;9;10;6;1;2;1;14;21;-1.1259794862491468;6;23;-0.874913942308178;0;0;12;11;4;8;1;1;4;3;3;0;1;22;6.256338628362528;19;1;12;12;16;4;5;2;0;21;4.592289674380907;12;5;21;-0.507958842430941;2;3;2;4;5;1;2;6;3;25;6;1;25;25;5;5;3;12;4;5;6;0;25;16;3;6;5;2;4;11;5;6;22;2.8624745361491084
TRACK:1264;1258;-1;1;6;2;3;3;0;2;2;1;6;23;-1.0807289108295786;1;24;12;3;0;15;14;5;4;1;9;10;6;1;2;1;14;21;-1.0220983170668643;6;23;-0.7517575633121825;0;0;19;11;4;8;1;1;4;3;3;0;1;22;6.628315177662093;19;1;12;12;16;4;5;2;0;21;4.698680478225426;12;5;21;-0.3529925505690831;2;3;2;4;5;1;2;6;3;12;6;1;25;25;5;4;5;12;4;5;6;0;25;16;3;6;5;2;4;11;5;6;22;2.7510428446735493
TRACK:1265;1251;-1;1;6;2;3;3;0;2;2;1;6;23;-0.7862528712409215;1;24;12;5;13;5;4;1;9;10;6;1;2;1;14;21;-1.2013562374729858;6;23;-0.9227698019912443;0;0;19;11;4;8;1;1;4;3;3;0;1;22;6.218557833140308;19;1;12;12;16;4;5;2;0;21;4.513857452819506;12;5;21;-0.3080468143939428;2;3;2;4;5;1;2;6;0;25;16;6;1;25;25;5;5;3;12;4;5;6;1;6;23;-0.6541073073365872;1;24;23;-7.1959320683625325;3;6;5;2;6;3;4;1;9;15;5;6;22;2.7831132924268007
TRACK:1266;1068;-1;1;6;2;3;3;0;2;0;1;8;8;4;25;5;4;1;9;10;6;1;2;1;14;21;-0.9346663135806303;6;23;-0.7862322032895277;0;0;19;11;4;8;1;1;4;3;3;0;1;22;6.514574883027319;19;1;12;12;16;4;5;2;0;21;4.5922497687040105;12;5;21;-0.31776497587310615;2;3;2;4;5;1;2;6;3;25;6;1;25;25;5;4;2;17;24;6;5;4;1;4;2;21;2.514022562659978;22;-2.456711101476139;4;4;25;3;6;5;2;4;11;5;6;22;2.8077735595075266
TRACK:1267;1255;-1;1;6;2;3;3;0;2;2;1;6;23;-0.7849686022244771;19;3;2;18;11;5;4;1;9;10;6;1;2;1;25;21;-0.9765919137678528;6;23;-0.6234302983934286;0;0;19;11;4;8;1;1;4;3;3;0;1;22;6.531808513318216;19;1;12;12;16;4;5;2;0;21;4.413590719941069;12;5;21;-0.08769894094473843;2;3;2;4;5;1;2;6;3;25;6;1;25;25;5;4;2;17;24;6;5;4;1;4;3;19;4;4;25;3;6;5;2;4;3;16;5;6;22;2.607771884549691
TRACK:1268;1257;-1;1;6;2;3;3;0;2;2;1;6;23;-0.7593781156366461;1;24;12;6;18;5;4;1;9;10;6;1;2;1;14;21;-1.1443141289780316;6;23;-1.153198491480173;0;0;19;11;4;8;1;1;4;0;1;22;6.333581372212464;19;1;12;12;16;4;5;2;0;21;4.585270707734786;12;5;5;1;8;7;2.012697146926136;2;3;2;4;5;1;2;6;23;-0.8592090861128456;6;1;25;25;5;5;3;12;6;5;4;6;5;4;8;3;6;5;2;4;11;5;6;22;2.8317414427527554
TRACK:1269;1259;-1;1;6;2;3;3;0;2;2;1;6;23;-0.8766866278628133;1;24;12;5;13;5;4;1;9;10;6;1;2;1;14;21;-1.2194771182765611;6;23;-0.7259251000987728;0;6;8;4;8;1;1;4;3;3;0;1;22;6.269149216284622;19;1;12;12;16;4;5;2;0;21;4.579906562462236;12;5;21;-0.35878411869764076;2;3;2;4;5;1;2;6;0;25;16;6;1;25;25;5;5;3;12;4;11;3;6;5;2;4;11;5;6;22;2.7532759391918455
EVAL_INSTANCE:63:0:1260
EVAL_INSTANCE:63:1:1261
EVAL_INSTANCE:63:2:1262
EVAL_INSTANCE:63:3:1263
EVAL_INSTANCE:63:4:1264
EVAL_INSTANCE:63:5:1265
EVAL_INSTANCE:63:6:1266
EVAL_INSTANCE:63:7:1267
EVAL_INSTANCE:63:8:1268
EVAL_INSTANCE:63:9:1269
RUN_RESULT:63:0:0:2000:----
RUN_RESULT:63:1:0:151:RRURUUDDRUUDDD
RUN_RESULT:63:2:0:70:RRURUUDDRUUDDD
RUN_RESULT:63:3:0:2000:----
RUN_RESULT:63:4:0:2000:----
RUN_RESULT:63:5:0:2000:----
RUN_RESULT:63:6:0:72:RRURUUDDRUURDDDDUL
RUN_RESULT:63:7:0:2000:----
RUN_RESULT:63:8:0:2000:----
RUN_RESULT:63:9:0:889:RRURUUDDRUUDDD
    64 |      640 | -3.932200E+03 | -3.934000E+03
TRACK:1270;1068;1101;1;6;2;3;3;0;2;2;1;6;23;-0.8794859787497786;19;3;2;18;11;5;4;1;9;10;6;1;2;1;14;21;-0.9948635873560031;6;23;-0.8532198302282202;0;0;19;11;4;8;1;1;4;3;3;0;1;22;6.421005644425262;19;1;12;12;16;4;5;2;0;21;4.457204779286154;12;5;21;-0.28967019206479067;2;3;2;4;5;1;2;6;3;25;6;1;25;25;5;4;2;17;24;6;5;4;1;4;2;21;2.471400476052735;22;-2.617585263612418;4;4;25;3;6;5;6;1;25;25
TRACK:1271;1068;1101;1;6;2;3;3;0;2;2;1;6;23;-0.6359411793204783;1;24;12;6;18;5;4;1;9;10;6;1;2;1;14;21;-1.113943949117656;6;23;-1.1361567122969038;0;0;19;11;4;8;1;1;4;3;3;0;1;22;6.456583248035393;19;1;12;12;16;4;5;2;17;5;5;1;8;7;2.049355137312569;2;3;2;4;5;1;2;6;23;-0.780700652186036;6;1;25;25;5;5;3;12;6;5;4;1;4;2;21;2.2531482628717088;22;-2.5047198665615413;4;4;25;3;6;5;2;4;11;5;6;22;2.848515384737686
TRACK:1272;1102;1201;1;6;2;3;3;0;2;2;1;6;23;-0.8522297583487732;19;3;2;18;11;5;4;1;9;10;6;1;2;1;18;17;6;23;-0.8696180450286359;0;0;19;11;4;8;1;1;4;3;10;16;4;5;2;0;21;4.3182305520578295;12;5;21;-0.3022478134563239;2;3;2;4;5;1;2;6;3;25;6;1;25;25;5;4;2;17;24;6;5;4;1;9;10;3;6;5;2;4;11;5;6;22;2.8315752441092394
TRACK:1273;1102;1201;1;6;2;3;3;0;2;2;1;6;23;-0.8505500683502056;1;24;12;5;13;5;4;1;9;10;6;1;2;1;14;21;-1.1385438819807014;6;23;-0.86849873175683;0;0;19;11;4;8;1;1;4;3;3;0;1;22;6.295694983885563;19;1;12;12;16;4;5;2;0;21;4.621591656125754;12;5;21;-0.32479583455293387;2;3;2;4;5;1;2;6;0;25;16;6;1;25;19;5;5;3;12;4;5;6;0;25;16;3;6;5;2;4;11;5;6;22;2.7499413106971184
TRACK:1274;1108;1201;1;6;2;3;3;0;2;2;1;6;23;-0.992776557864331;1;24;12;3;2;18;11;5;4;1;9;10;6;1;2;1;14;21;-1.0039401400764447;6;23;-0.7361150311021226;0;0;19;11;4;8;1;1;4;3;3;0;1;22;6.363134797999754;19;1;12;12;16;4;5;2;0;21;4.669676390581645;12;5;21;-0.3950539382049567;2;3;2;4;3;0;1;22;6.295694983885563;19;1;12;12;4;5;6;0;25;16;3;6;5;2;4;11;5;6;22;2.7815967849058167
TRACK:1275;1108;1201;1;6;2;3;3;0;2;2;1;6;23;-0.8505500683502056;1;24;12;5;13;5;4;1;9;10;1;24;12;1;1;4;3;3;0;1;22;6.295694983885563;19;1;12;12;16;4;5;2;0;21;4.621591656125754;12;5;21;-0.32479583455293387;2;3;2;4;5;1;2;6;0;25;16;6;1;25;25;5;5;3;12;4;5;6;0;25;16;3;6;5;2;4;11;5;6;22;2.7499413106971184
TRACK:1276;1101;1085;1;6;2;3;3;0;2;2;1;6;23;-0.6359411793204783;1;24;12;6;18;5;4;1;9;10;6;1;2;1;14;21;-1.113943949117656;6;23;-1.1361567122969038;0;0;19;11;4;8;1;1;4;3;3;0;1;22;6.456583248035393;19;1;12;12;16;4;5;2;0;21;4.645543990209847;12;5;5;1;8;7;2.049355137312569;2;3;2;22;2.838411185541139;6;5;4;1;4;2;21;2.2531482628717088;22;-2.5047198665615413;4;4;25;3;6;5;2;4;11;5;6;22;2.848515384737686
TRACK:1277;1101;1085;1;6;2;3;3;0;2;2;1;6;23;-0.8035488935881419;1;24;12;3;2;18;11;5;4;1;9;10;6;1;2;1;14;21;-0.9842483133945532;6;23;-0.9766494993505491;0;0;19;11;4;8;1;1;4;3;3;0;1;22;6.502566870818603;19;1;12;12;16;4;5;2;0;21;4.597021719898595;12;5;5;1;8;7;1.9147698461074008;2;3;2;4;5;1;2;6;23;-0.9298308910335025;6;1;25;25;5;5;3;12;6;5;4;1;4;2;21;2.378838262921929;22;-2.5321046087803873;4;4;25;3;3;0;2;2;1;6;23;-0.6359411793204783;1;24;12;6;18;5;4;1;9;10;6;1;2;1;14;21;-1.113943949117656;6;23;-1.1361567122969038;0;0;19;11;4;8
TRACK:1278;1124;1108;1;6;2;3;3;0;2;2;1;6;23;-0.7192828557059459;1;24;23;-7.197133106383074;3;2;18;11;5;4;1;9;10;6;1;2;1;14;21;-0.9671480353515649;6;23;-0.7606223084992183;0;0;19;11;4;8;1;1;4;3;3;0;1;22;6.581152417987726;19;1;12;12;16;4;5;2;0;21;4.602126646507844;12;2;2;0;21;4.669676390581645;12;5;21;-0.3950539382049567;6;23;-0.967530838704499;2;3;2;4;5;1;2;6;23;-0.9531961417872835;6;1;25;25;5;5;3;12;6;5;4;1;4;2;21;2.289094252324265;22;-2.6887304742889233;4;4;25;3;6;5;2;4;11;5;6;22;2.8505357873069483
TRACK:1279;1124;1108;1;6;2;3;3;0;2;2;1;6;23;-0.992776557864331;1;24;12;3;2;18;11;5;4;1;9;10;6;1;2;1;14;21;-1.0039401400764447;6;23;-0.7361150311021226;0;0;19;11;4;8;1;1;4;3;3;0;22;-2.6887304742889233;1;12;12;16;4;5;2;0;21;4.669676390581645;12;5;21;-0.3950539382049567;2;3;2;4;5;1;2;6;3;12;6;1;25;25;5;4;5;12;4;5;6;0;25;16;3;6;5;2;4;11;5;6;22;2.7815967849058167
TRACK:1280;1068;-1;1;6;2;3;3;0;2;2;1;6;23;-0.9830653726189655;19;3;2;18;11;5;4;1;9;10;6;1;2;1;14;21;-1.030175580143185;6;23;-0.8479964058286974;0;0;19;11;4;8;6;0;3;3;6;6;12;4;5;1;4;12;5;14;2;3;2;4;5;1;2;6;3;25;6;1;25;25;5;4;2;17;24;6;5;4;1;4;2;21;2.3491683695116783;22;-2.610312277817341;4;4;25;3;6;5;2;4;11;5;6;22;2.7734948111974194
TRACK:1281;1272;-1;1;6;2;3;3;0;2;2;1;6;23;-0.8439991567212058;19;3;2;18;11;5;4;1;9;10;6;1;2;1;18;17;6;23;-0.8484031102093257;0;0;19;11;4;8;1;1;4;3;10;16;4;5;2;0;21;4.3002846002393635;12;5;21;-0.28260838671983296;2;3;2;4;5;1;2;6;3;25;6;1;25;25;5;4;2;17;24;6;5;4;1;9;10;3;6;5;2;4;11;5;4;22;6.651091711812217
TRACK:1282;1274;-1;1;6;2;3;3;0;2;2;1;6;23;-1.088834660431547;1;24;12;3;2;18;11;5;4;1;9;10;6;1;2;1;14;21;-1.0211196680844885;6;23;-0.8367374366979746;1;6;8;1;9;12;1;1;4;3;3;0;1;22;6.32352446611758;19;1;12;12;16;4;5;2;0;21;4.755004312229498;12;5;21;-0.44826144656930444;2;3;2;4;3;0;1;22;6.373578999382308;19;1;12;12;4;5;6;0;25;16;3;6;5;2;4;11;5;6;22;2.777230250255688
TRACK:1283;1276;-1;1;6;2;3;3;0;2;2;1;6;23;-0.6226987476941355;1;24;12;6;18;5;4;1;9;10;6;1;2;1;14;21;-1.1725392540210728;6;23;-1.0649661965410255;0;0;19;11;4;8;1;1;4;3;3;0;1;22;6.359466720363376;19;1;12;12;16;4;5;2;0;21;4.562927229066847;12;5;5;1;8;7;2.0457603321499587;2;3;2;22;2.908114472670421;6;5;4;1;4;4;14;4;4;25;3;6;5;2;4;11;5;6;22;2.991105776015142
TRACK:1284;1278;-1;1;6;2;3;3;0;2;2;1;6;23;-0.799239079962697;1;24;23;-7.160142938156442;3;2;18;11;5;4;1;9;10;6;1;2;1;14;21;-0.9251977872921108;6;23;-0.8368438827759744;0;0;19;11;4;8;1;5;1;3;0;3;11;2;20;1.322403185775201;15;4;1;6;18;1;20;-8.709722058485365;11;4;5;2;0;21;4.680024277142294;12;2;2;0;21;4.707181648062924;12;5;21;-0.24436549984034406;6;23;-1.044820641495283;2;3;2;4;5;1;2;6;23;-0.9979507694719066;6;1;25;25;5;5;3;12;6;5;4;1;4;2;21;2.3353767929559903;22;-2.561911391558332;4;4;25;3;6;5;2;4;11;5;6;22;2.9317439885638192
TRACK:1285;1101;-1;1;6;2;3;3;0;2;2;1;6;23;-0.4877047172950777;1;24;12;6;18;5;4;1;9;10;6;1;2;1;14;21;-1.044042808722709;6;23;-1.1672365669932274;0;0;19;11;4;8;1;1;4;3;3;0;1;22;6.430824296860662;19;1;12;12;16;4;10;2;3;2;4;5;1;2;6;23;-0.6771804720303108;6;1;25;25;5;5;3;12;6;5;4;1;4;2;21;2.209544925947902;22;-2.7426028141083094;4;4;25;3;6;5;2;4;11;5;6;22;2.6829998810694113
TRACK:1286;1273;-1;1;6;2;3;3;0;2;2;1;6;23;-0.846098038921929;1;24;12;5;13;5;4;1;9;10;6;1;2;1;14;21;-0.9417638641671049;6;23;-0.9575169604628455;0;0;12;11;4;8;1;1;4;3;3;0;1;22;6.235448768298888;19;1;12;12;16;4;5;2;0;21;4.688786922323869;12;5;21;-0.4924339654066005;2;3;2;4;5;1;2;6;0;25;16;6;1;25;19;5;5;3;12;4;5;6;0;25;16;3;6;5;2;4;11;5;6;22;2.7862378753824384
TRACK:1287;1275;-1;1;6;2;3;3;0;2;2;1;6;23;-0.8619261997443619;1;24;12;5;13;5;4;1;9;10;1;3;4;1;12;21;-1.4813127041267808;12;1;1;4;3;3;0;1;22;6.358163210425395;19;1;12;12;16;4;5;2;0;21;4.686399348708358;12;5;21;-0.3262912394415039;2;3;2;4;5;1;2;6;0;25;16;6;1;25;25;5;5;3;12;4;5;6;0;25;16;3;6;5;2;4;11;5;6;22;2.705518872040605
TRACK:1288;1277;-1;1;6;2;3;3;0;2;2;1;6;23;-0.8758956022353088;1;24;12;3;2;18;11;5;4;1;9;10;6;1;2;1;14;21;-1.1357428236575302;6;23;-1.0248066796058306;0;0;19;11;4;8;1;1;4;3;3;0;1;22;6.5253566494430615;19;1;12;12;16;4;5;2;0;21;4.6173557696321135;12;5;5;1;8;7;1.9626064218244912;2;3;2;4;5;1;2;6;23;-0.872843082233709;6;1;25;25;5;5;3;12;6;5;4;1;4;2;21;2.2669293540988855;22;-2.250800650094101;4;4;25;3;3;0;2;2;1;6;23;-0.7207293048748106;1;24;12;6;18;5;4;1;9;10;6;1;2;1;14;21;-1.1300694652310757;6;1;19;22;-7.800098703492033;0;0;19;11;4;8
TRACK:1289;1279;-1;1;6;2;3;3;0;2;2;0;3;20;2.1643564953892795;4;9;3;2;18;11;5;4;1;9;10;6;1;2;1;14;21;-1.1192842651546842;6;23;-0.5747242284262924;0;0;19;11;4;8;1;1;4;3;3;0;22;-2.5959089406008062;1;12;12;16;4;5;2;0;21;4.470365787811511;12;5;21;-0.38467738004499163;2;3;2;4;5;1;2;6;3;12;6;1;25;25;5;4;5;12;4;5;6;0;25;16;3;6;5;2;4;11;5;6;22;2.72983264343577
EVAL_INSTANCE:64:0:1280
EVAL_INSTANCE:64:1:1281
EVAL_INSTANCE:64:2:1282
EVAL_INSTANCE:64:3:1283
EVAL_INSTANCE:64:4:1284
EVAL_INSTANCE:64:5:1285
EVAL_INSTANCE:64:6:1286
EVAL_INSTANCE:64:7:1287
EVAL_INSTANCE:64:8:1288
EVAL_INSTANCE:64:9:1289
RUN_RESULT:64:0:0:2000:----
RUN_RESULT:64:1:0:2000:----
RUN_RESULT:64:2:0:909:RRURUUDDRUUDDD
RUN_RESULT:64:3:0:2000:----
RUN_RESULT:64:4:0:2000:----
RUN_RESULT:64:5:0:68:RRURUUDDRUUDDD
RUN_RESULT:64:6:0:105:RRURUUDDRUUDDD
RUN_RESULT:64:7:0:888:RRURUUDDRUUDDD
RUN_RESULT:64:8:0:568:URRRUUDDRUUDDD
RUN_RESULT:64:9:0:2000:----
    65 |      650 | -3.932200E+03 | -3.934000E+03
TRACK:1290;1080;1101;1;6;2;3;3;0;2;2;1;6;23;-0.6839654074956341;19;3;2;18;11;5;4;1;9;10;6;1;2;1;14;21;-0.9474555339571169;6;23;-0.8804448335711149;0;0;19;11;4;8;1;1;4;3;3;0;1;22;6.497683994687328;19;1;12;12;16;4;5;2;0;21;4.534143731421654;12;5;21;-0.30083567766913144;2;3;2;4;5;1;2;6;3;25;6;1;25;25;5;4;2;17;24;6;5;4;1;4;3;19;4;4;25;3;6;5;2;4;11;5;6;22;2.649669002652176
TRACK:1291;1080;1101;1;6;2;3;3;0;2;2;1;6;23;-0.6359411793204783;1;24;12;6;18;5;4;1;9;10;6;1;2;1;14;21;-1.113943949117656;6;23;-1.1361567122969038;0;0;19;11;4;8;1;1;4;3;3;0;1;22;6.456583248035393;19;1;12;12;16;4;2;1;6;23;-0.6839654074956341;19;3;2;18;11;2;3;2;4;5;1;2;6;23;-0.780700652186036;6;1;25;25;5;5;3;12;6;5;4;1;4;2;21;2.2531482628717088;22;-2.5047198665615413;4;4;25;3;6;5;2;4;11;5;6;22;2.848515384737686
TRACK:1292;1124;1201;1;6;2;3;3;0;2;2;1;6;23;-0.7192828557059459;1;24;23;-7.197133106383074;3;2;18;11;5;4;1;9;10;6;1;2;1;14;21;-0.9671480353515649;6;23;-0.7606223084992183;0;0;19;11;4;8;1;1;4;3;3;0;1;22;6.581152417987726;19;1;12;12;16;4;5;2;0;21;4.602126646507844;12;2;1;14;21;-1.028854053942134;6;23;-0.967530838704499;2;3;2;4;5;1;2;6;23;-0.9531961417872835;6;1;25;25;5;5;3;12;6;5;4;1;4;2;21;2.289094252324265;22;-2.6887304742889233;24;3;6;5;2;4;11;5;6;22;2.8505357873069483
TRACK:1293;1124;1201;1;6;2;3;3;0;2;2;1;6;23;-0.8505500683502056;1;24;12;5;13;5;4;1;9;10;6;1;6;23;-0.7192828557059459;0;0;19;11;4;8;1;1;4;3;3;0;1;22;6.295694983885563;19;1;12;12;16;4;5;2;0;21;4.621591656125754;12;5;21;-0.32479583455293387;2;3;2;4;5;1;2;6;0;25;16;6;1;25;25;5;5;3;12;4;5;6;0;25;16;3;6;5;2;4;11;5;6;22;2.7499413106971184
TRACK:1294;1102;1101;1;6;2;3;3;0;2;21;2.2531482628717088;22;-2.5047198665615413;6;1;2;1;18;17;6;23;-0.8696180450286359;0;0;19;11;4;8;1;1;4;3;3;0;1;22;6.438153074525397;19;1;12;12;16;4;5;2;0;21;4.3182305520578295;12;5;21;-0.3022478134563239;2;3;2;4;5;1;2;6;3;25;6;1;25;25;5;4;2;17;24;6;5;4;1;9;10;3;6;5;2;4;11;5;6;22;2.8315752441092394
TRACK:1295;1102;1101;1;6;2;3;3;0;2;2;1;6;23;-0.6359411793204783;1;24;12;6;18;5;4;1;9;10;6;1;2;1;14;21;-1.113943949117656;6;23;-1.1361567122969038;0;0;19;11;4;8;1;1;4;3;3;0;1;22;6.456583248035393;19;1;12;12;16;4;5;2;0;21;4.645543990209847;12;5;5;1;8;25;2;3;2;4;5;1;2;6;23;-0.780700652186036;6;1;25;25;5;5;3;12;6;5;4;1;4;2;21;2.2531482628717088;22;-2.5047198665615413;4;4;25;3;6;5;2;4;11;5;6;22;2.848515384737686
TRACK:1296;1085;1124;1;6;2;3;3;0;2;2;1;6;23;-0.8035488935881419;1;24;12;3;2;18;11;5;4;1;9;10;6;1;2;1;14;21;-0.9842483133945532;6;23;-0.9766494993505491;0;0;19;11;4;8;1;1;4;3;3;0;1;22;6.502566870818603;19;1;12;12;16;4;5;2;0;21;4.597021719898595;12;5;5;1;8;7;1.9147698461074008;2;3;2;4;5;1;2;6;23;-0.9298308910335025;6;1;25;25;5;5;3;12;6;5;4;1;4;22;6.581152417987726;4;4;25;3;6;5;2;4;11;5;6;22;2.838411185541139
TRACK:1297;1085;1124;1;6;2;3;3;0;2;2;1;6;9;1;24;23;-7.197133106383074;3;2;18;11;5;4;1;9;10;6;1;2;1;14;21;-0.9671480353515649;6;23;-0.7606223084992183;0;0;19;11;4;8;1;1;4;3;3;0;1;22;6.581152417987726;19;1;12;12;16;4;5;2;0;21;4.602126646507844;12;2;1;14;21;-1.028854053942134;6;23;-0.967530838704499;2;3;2;4;5;1;2;6;23;-0.9531961417872835;6;1;25;25;5;5;3;12;6;5;4;1;4;2;21;2.289094252324265;22;-2.6887304742889233;4;4;25;3;6;5;2;4;11;5;6;22;2.8505357873069483
TRACK:1298;1102;1201;1;6;2;3;3;0;2;2;1;25;19;3;2;18;11;5;4;1;9;10;6;1;2;1;18;17;6;23;-0.8696180450286359;0;0;19;11;4;8;1;1;4;3;3;0;1;22;6.438153074525397;19;1;12;12;16;4;5;2;0;21;4.3182305520578295;12;5;21;-0.3022478134563239;2;3;2;4;5;1;2;6;3;25;6;1;25;25;5;4;2;17;24;6;5;4;1;9;10;3;6;5;2;4;11;5;6;22;2.8315752441092394
TRACK:1299;1102;1201;1;6;2;3;3;0;2;2;1;6;23;-0.8505500683502056;1;24;12;5;13;5;4;1;9;10;6;1;2;1;14;21;-1.1385438819807014;6;23;-0.86849873175683;0;0;19;11;4;8;1;1;4;3;3;0;1;22;6.295694983885563;19;1;12;12;16;4;5;2;0;21;4.621591656125754;12;5;21;-0.32479583455293387;2;3;3;0;1;22;6.438153074525397;19;1;12;12;3;6;5;2;4;11;5;6;22;2.7499413106971184
TRACK:1300;1290;-1;1;6;2;3;3;0;2;2;1;6;23;-0.5829487309600468;19;3;2;18;11;5;4;1;9;10;6;1;2;1;14;21;-0.8169523078633489;6;23;-0.8796395482360263;0;0;19;11;4;8;1;1;4;3;3;0;1;22;6.484043211407095;19;1;12;12;16;3;20;-2.353965945459626;2;3;2;4;5;1;2;6;3;25;6;1;25;25;5;4;2;17;24;6;5;4;1;4;3;19;4;4;25;3;6;5;2;4;11;5;6;22;2.4790779880805713
TRACK:1301;1292;-1;1;6;2;3;3;0;2;2;1;6;23;-0.5925795359724207;1;24;23;-7.189465299994884;3;2;18;11;5;4;1;9;10;6;1;2;1;14;21;-0.9183506505667078;6;23;-0.8958207100847702;0;0;19;11;4;8;1;1;4;3;3;0;1;22;6.274761263367945;19;1;12;12;16;4;5;2;0;21;4.659943168186204;12;2;1;14;21;-0.9407342693303463;6;23;-1.1464004837105755;2;3;2;4;5;1;2;6;23;-0.9648845674522738;6;1;25;25;5;5;3;12;6;5;4;1;4;2;21;2.3822822567935833;22;-2.8107209796282717;24;3;6;5;2;4;5;3;21;-4.752786758481569;5;6;22;2.8213697791059116
TRACK:1302;1294;-1;1;6;2;3;0;1;5;5;5;18;2;3;2;16;23;6.410055075544847;5;4;18;3;5;6;3;18;1;1;4;3;3;0;1;22;6.371935651303761;19;1;12;12;16;4;5;2;0;21;4.366832376588513;12;5;21;-0.30074248351472904;2;3;2;4;5;1;2;6;3;25;6;1;25;25;5;4;2;17;24;6;5;4;1;9;10;3;6;5;2;4;11;5;6;22;2.6883274532902655
TRACK:1303;1296;-1;1;6;2;3;3;0;2;2;1;6;23;-0.8769673656841299;1;24;12;3;2;18;11;5;1;0;11;7;7.6810577293679145;4;10;6;1;2;1;14;21;-1.0093581162788974;6;23;-0.8900885737229801;0;0;19;11;4;8;1;1;4;3;3;0;1;22;6.369129748962524;19;1;12;12;16;4;5;2;0;21;4.6522495017952075;12;5;5;1;8;7;1.9658750487267125;2;3;2;4;5;1;2;6;23;-0.968094146753938;6;1;25;25;5;5;3;12;6;5;4;1;4;22;6.465142091978713;4;4;25;3;6;5;2;4;11;5;6;22;2.7302906571908916
TRACK:1304;1298;-1;1;6;2;3;3;0;2;2;1;25;19;3;2;18;11;5;4;1;9;10;6;1;2;1;18;17;6;23;-0.7558461882073604;0;0;19;11;4;8;1;1;4;3;3;0;1;22;6.3194885570006045;19;1;12;12;16;4;5;2;0;21;4.245532324659953;1;2;11;20;6.809491902902959;5;15;5;21;-0.29530617838154577;2;3;2;4;5;1;2;6;3;25;6;1;25;25;5;4;2;17;24;6;5;4;1;9;10;3;6;5;2;4;11;5;6;22;2.9637355796875076
TRACK:1305;1291;-1;1;6;2;3;3;0;2;2;1;6;23;-0.49037860051376514;1;24;12;6;18;5;4;1;9;10;6;1;2;1;14;21;-1.2101539308076177;6;23;-1.108524184414653;0;0;19;11;4;14;1;1;4;3;3;0;1;22;6.424914508141062;19;1;12;12;16;4;2;1;6;23;-0.5563197653684335;19;3;2;18;11;2;3;2;4;5;1;2;6;23;-0.7572027235251213;6;1;25;25;5;5;3;12;6;5;4;1;4;2;21;2.5061781862595174;22;-2.5359977577847936;4;4;25;3;6;5;2;4;11;5;6;22;2.8453984411230415
TRACK:1306;1293;-1;1;6;2;3;3;0;2;2;1;6;23;-0.7319082426620017;1;24;12;5;13;5;4;1;9;10;6;1;6;23;-0.6929927223493747;0;0;19;11;4;8;1;1;4;3;3;0;1;22;6.328758730958719;19;1;12;12;16;4;5;2;0;21;4.748111211486161;12;5;21;-0.4801990942588996;2;3;2;4;5;1;2;6;0;25;16;6;1;25;25;5;5;6;19;4;5;6;0;25;16;3;6;5;2;4;11;5;6;22;2.899461430655355
TRACK:1307;1295;-1;1;6;2;3;3;0;2;2;1;6;23;-0.655385846940118;1;24;12;6;18;5;4;1;9;10;6;1;2;1;14;21;-1.0938539884577636;6;23;-1.0718936892251998;0;0;19;11;4;8;1;1;4;3;3;0;1;22;-7.6071163729646525;19;1;12;12;16;4;5;2;0;21;4.598534363623491;12;5;5;1;8;25;2;3;2;4;5;1;2;6;23;-0.9614741434743257;6;1;25;25;5;5;3;12;6;5;4;1;4;2;21;2.197748061694859;22;-2.3649120892819453;4;4;25;3;6;5;2;4;11;5;6;22;2.7577331985045697
TRACK:1308;1297;-1;1;6;2;3;3;0;2;2;1;6;9;1;24;23;-7.208968757534428;3;2;18;11;5;4;1;9;10;6;1;2;1;14;21;-1.1330892304776785;6;23;-0.7802488069488477;0;0;19;11;4;8;1;1;4;3;3;0;1;22;6.581205136710324;19;1;12;12;16;4;5;2;0;21;4.6006240329866905;12;2;1;14;21;-0.9991726327425184;6;23;-1.0248789945820358;2;3;2;4;5;1;2;6;23;-1.0165167513733522;6;1;25;25;5;6;13;6;5;4;1;4;2;21;2.086751734886635;22;-2.7911526246632445;4;4;25;3;6;5;2;4;11;5;6;22;2.8589936343950804
TRACK:1309;1299;-1;1;6;2;3;3;0;2;2;1;6;23;-0.647437187295796;1;24;12;5;13;5;4;1;9;10;6;1;2;1;14;21;-1.1847934736650694;6;23;-0.8743665885862714;0;0;19;11;4;8;1;1;4;3;3;0;1;22;6.240747488360751;19;1;12;12;16;4;5;2;0;21;4.581405715952153;12;5;21;-0.26991776794028205;2;3;3;0;1;22;6.491399070038295;19;1;12;12;3;6;5;2;4;11;5;6;0;18;10
EVAL_INSTANCE:65:0:1300
EVAL_INSTANCE:65:1:1301
EVAL_INSTANCE:65:2:1302
EVAL_INSTANCE:65:3:1303
EVAL_INSTANCE:65:4:1304
EVAL_INSTANCE:65:5:1305
EVAL_INSTANCE:65:6:1306
EVAL_INSTANCE:65:7:1307
EVAL_INSTANCE:65:8:1308
EVAL_INSTANCE:65:9:1309
RUN_RESULT:65:0:0:2000:----
RUN_RESULT:65:1:0:2000:----
RUN_RESULT:65:2:0:909:RRURUUDDRUUDDD
RUN_RESULT:65:3:0:2000:----
RUN_RESULT:65:4:0:181:RRURUUDDRUUDDD
RUN_RESULT:65:5:0:2000:----
RUN_RESULT:65:6:0:2000:----
RUN_RESULT:65:7:0:69:RRURUUDDRUUDDD
RUN_RESULT:65:8:0:68:RRURUUDDRUUDDD
RUN_RESULT:65:9:0:130:RRURUUDDRUUDDD
    66 |      660 | -3.932200E+03 | -3.934000E+03
TRACK:1310;1108;1068;1;6;2;3;3;0;2;2;1;6;23;-0.992776557864331;1;24;12;3;2;18;11;5;4;1;9;10;6;1;2;1;14;21;-1.0039401400764447;6;23;-0.7361150311021226;0;0;19;11;4;8;1;1;4;3;3;0;1;22;6.363134797999754;19;1;12;12;16;4;5;2;0;21;4.669676390581645;12;5;21;-0.3950539382049567;11
TRACK:1311;1108;1068;1;6;2;3;3;0;2;2;1;6;23;-0.8794859787497786;19;3;2;18;11;5;4;1;9;10;6;1;2;1;14;21;-0.9948635873560031;6;23;-0.8532198302282202;0;0;19;11;4;8;1;1;4;3;3;0;1;22;6.421005644425262;19;1;12;12;16;4;5;2;0;21;4.457204779286154;12;5;0;0;19;11;4;8;2;3;2;4;5;1;2;6;3;25;6;1;25;25;5;4;2;17;24;6;5;4;1;4;2;21;2.471400476052735;22;-2.617585263612418;4;4;25;3;6;5;2;4;11;5;6;22;2.784406553624802
TRACK:1312;1201;1085;1;6;2;3;3;0;2;2;1;6;23;-0.8505500683502056;1;24;12;5;13;5;4;1;9;10;6;1;2;1;14;21;-1.1385438819807014;6;23;-0.86849873175683;0;0;19;11;4;8;1;1;4;3;3;0;1;22;6.295694983885563;19;1;12;12;16;4;5;2;0;21;4.621591656125754;12;5;21;-0.32479583455293387;2;3;2;4;5;1;2;6;0;25;16;6;1;25;25;5;5;3;12;12;3;6;5;2;4;11;5;6;22;2.7499413106971184
TRACK:1313;1201;1085;1;6;2;3;3;0;2;2;1;6;23;-0.8035488935881419;1;24;12;3;2;18;11;5;4;1;9;10;6;1;2;1;14;21;-0.9842483133945532;6;23;-0.9766494993505491;0;0;19;11;4;8;1;1;4;3;3;0;1;22;6.502566870818603;19;1;12;12;16;4;5;2;0;21;4.597021719898595;12;23;-0.8505500683502056;2;3;2;4;5;1;2;6;23;-0.9298308910335025;6;1;25;25;5;5;3;12;6;5;4;1;4;2;21;2.378838262921929;22;-2.5321046087803873;4;4;25;3;6;5;2;4;11;5;6;22;2.838411185541139
TRACK:1314;1101;1101;1;6;2;3;3;0;2;2;1;6;23;-0.6359411793204783;1;24;12;6;18;5;4;1;9;10;6;1;2;1;14;21;-1.113943949117656;6;23;-1.1361567122969038;0;0;19;11;4;8;1;1;4;3;3;0;1;22;6.456583248035393;19;1;12;12;16;4;5;2;5;5;3;12;5;5;1;8;7;2.049355137312569;2;3;2;4;5;1;2;6;23;-0.780700652186036;6;1;25;25;5;5;3;12;6;5;4;1;4;2;21;2.2531482628717088;22;-2.5047198665615413;4;4;25;3;6;5;2;4;11;5;6;22;2.848515384737686
TRACK:1315;1101;1101;1;3;2;4;5;1;2;6;23;-0.780700652186036;6;1;25;25;5;5;3;12;6;5;4;1;4;2;21;2.2531482628717088;22;-2.5047198665615413;4;4;25;2;3;2;4;5;1;2;6;23;-0.780700652186036;6;1;25;25;5;5;3;12;6;5;4;1;4;2;21;2.2531482628717088;22;-2.5047198665615413;4;4;25;3;6;5;2;4;11;5;6;22;2.848515384737686
TRACK:1316;1080;1005;1;6;2;3;3;0;2;2;1;6;23;-0.6839654074956341;19;3;2;18;11;5;4;1;9;10;6;1;2;1;14;21;-0.9474555339571169;6;23;-0.8804448335711149;1;14;21;-0.9843371349989514;1;1;4;3;3;0;1;22;6.497683994687328;19;1;12;12;16;4;5;2;0;21;4.534143731421654;12;5;21;-0.30083567766913144;2;3;2;4;5;1;2;6;3;25;6;1;25;25;5;4;2;17;24;6;5;4;1;4;3;19;4;4;25;3;6;5;2;4;11;5;6;22;2.649669002652176
TRACK:1317;1080;1005;1;6;2;3;3;0;2;2;1;6;23;-0.806820508008425;1;24;12;3;2;18;11;5;4;1;9;10;6;1;2;1;14;21;-0.9843371349989514;6;23;-0.9645624463784145;0;0;19;11;4;22;6.497683994687328;1;1;4;3;3;0;1;22;6.471528495493393;19;1;12;12;16;4;5;2;0;21;4.57798956825453;12;5;21;-0.45649123344862236;2;3;2;4;5;1;2;6;3;25;6;1;25;25;5;5;3;12;6;5;4;1;4;2;21;2.446271966779158;22;-2.6318161935433775;4;4;25;3;6;5;2;4;11;5;6;22;2.776718952896516
TRACK:1318;1201;1102;1;6;2;3;3;0;2;2;1;6;23;-0.8505500683502056;1;9;10;5;13;5;4;1;9;10;6;1;2;1;14;21;-1.1385438819807014;6;23;-0.86849873175683;0;0;19;11;4;8;1;1;4;3;3;0;1;22;6.295694983885563;19;1;12;12;16;4;5;2;0;21;4.621591656125754;12;5;21;-0.32479583455293387;2;3;2;4;5;1;2;6;0;25;16;6;1;25;25;5;5;3;12;4;5;6;0;25;16;3;6;5;2;4;11;5;6;22;2.7499413106971184
TRACK:1319;1201;1102;1;6;2;3;3;0;2;2;1;6;23;-0.8522297583487732;19;3;2;18;11;5;4;1;9;10;6;1;12;0;0;19;11;4;8;1;1;4;3;3;0;1;22;6.438153074525397;19;1;12;12;16;4;5;2;0;21;4.3182305520578295;12;5;21;-0.3022478134563239;2;3;2;4;5;1;2;6;3;25;6;1;25;25;5;4;2;17;24;6;5;4;1;9;10;3;6;5;2;4;11;5;6;22;2.8315752441092394
TRACK:1320;1310;-1;1;6;2;3;3;0;2;2;1;6;23;-0.9973604693773347;1;24;12;3;2;18;11;5;4;1;9;10;6;1;2;1;14;21;-0.8757021939988558;6;23;-0.6865550652879973;0;0;19;11;4;8;1;1;4;3;3;0;1;17;19;1;12;12;16;4;5;2;0;21;4.7549439948977765;12;5;21;-0.30248016535470895;11
TRACK:1321;1201;-1;1;6;2;3;3;0;2;2;1;6;23;-0.8508084837300061;1;24;12;5;3;9;5;4;1;9;10;6;1;2;1;14;21;-0.8762556262510827;6;23;-1.07253807397477;0;0;19;11;4;8;1;1;4;3;3;0;1;22;6.354742433505159;19;1;12;12;16;4;5;2;0;21;4.598959311727546;12;5;21;-0.39313816741891416;2;3;2;4;5;1;2;6;0;25;16;6;1;25;25;5;5;3;12;4;5;6;0;25;16;3;6;5;2;4;11;5;6;22;2.70601158308278
TRACK:1322;1314;-1;1;6;2;3;3;0;2;2;1;6;23;-0.6581011806781703;1;24;12;6;18;5;4;1;9;10;6;1;2;1;14;21;-1.0611138856656512;6;23;-1.2171084689108036;0;0;19;11;4;8;1;1;4;3;3;0;1;22;6.325780042420405;19;1;12;12;16;4;5;2;5;5;3;12;5;5;1;8;7;1.8134786172009383;3;5;2;2;2;2;13;10;5;18;3;2;12;25;2;5;1;16;13;6;1;25;14
TRACK:1323;1316;-1;1;6;2;3;3;0;2;2;1;6;23;-0.556374290871181;19;3;2;18;11;5;4;1;9;10;6;1;2;1;14;21;-1.0208541223795609;6;23;-0.8281062518219511;1;14;21;-1.0832680631467917;1;1;4;3;3;0;1;22;6.452961848872265;19;1;12;12;16;4;6;5;15;2;3;2;4;5;1;2;6;3;25;6;1;25;25;5;4;2;17;24;6;5;4;1;4;3;19;4;4;25;3;6;5;2;4;11;5;6;22;2.770025112665889
TRACK:1324;1318;-1;1;6;2;3;3;0;2;2;1;6;23;-0.718017728518632;1;9;10;5;13;5;4;1;9;10;6;1;2;1;14;21;-1.1701055553163924;6;23;-0.780165196969869;0;0;19;16;4;8;1;1;4;3;3;0;1;22;6.295642015092276;19;1;12;12;16;4;5;2;0;21;4.461066863064274;12;5;21;-0.4683723553784953;2;3;2;4;5;1;2;6;0;25;16;6;1;25;25;5;5;3;12;4;5;6;0;25;16;3;6;5;2;4;11;5;6;22;2.581393838455796
TRACK:1325;1311;-1;1;6;2;3;3;0;2;2;1;6;23;-0.8844955068260855;19;3;2;18;11;5;4;1;9;10;6;1;2;1;14;21;-1.2048216830422018;6;23;-0.8548710202151486;0;0;19;11;4;8;1;1;4;3;3;4;3;13;16;4;5;2;0;21;4.492846121624144;12;5;0;0;19;11;4;8;2;3;2;4;5;1;2;6;3;25;6;1;25;25;5;4;2;17;24;6;5;4;1;4;2;21;2.4422828484852315;22;-2.8824238066388053;4;4;25;3;6;5;2;4;11;5;6;22;2.8567303856391764
TRACK:1326;1085;-1;1;6;2;3;3;0;2;2;1;6;23;-0.7368479270009886;1;24;12;3;2;18;11;5;4;1;9;10;6;1;2;1;14;21;-1.0891111648033833;6;23;-0.843644391236098;0;0;19;11;4;8;1;1;5;6;1;2;6;12;6;22;-0.7512842836307758;5;4;20;-4.14625780414325;16;4;5;2;0;21;4.504922718830584;12;5;5;1;8;7;1.9575729954339378;2;3;2;4;5;1;2;6;23;-1.0093328997127775;6;1;25;25;5;5;3;12;6;5;4;1;4;2;21;2.318202141089284;22;-2.5468259937789495;4;4;25;3;6;5;2;4;11;5;6;22;3.0965613209438607
TRACK:1327;1315;-1;1;3;2;4;5;1;2;6;23;-0.6047758231092232;6;1;25;25;5;5;3;12;4;6;6;21;1.7247479860000698;2;3;2;4;5;1;2;6;23;-0.6905762231080013;6;1;25;25;5;5;3;12;6;5;4;1;4;2;21;2.1755042580542767;22;-2.5619973317430302;4;4;25;3;6;5;2;4;11;5;6;22;2.833850549790411
TRACK:1328;1317;-1;1;6;2;3;3;0;2;2;1;6;23;-0.7750617619135769;1;24;12;3;1;20;2.9066754197268434;17;5;4;1;9;10;6;1;2;1;14;21;-0.9028661833251032;6;23;-1.1415541092518324;0;0;19;11;4;22;6.368642898206457;1;1;4;3;3;0;1;22;6.412919586604062;19;1;12;12;16;4;5;2;0;21;4.727870731426664;12;5;21;-0.4115643074950603;2;3;2;4;5;1;2;6;3;25;6;1;25;25;5;5;3;12;6;5;4;1;4;2;21;2.5543753838944365;22;-2.5329863746251347;4;4;25;3;6;5;2;4;11;5;6;22;2.690896230164687
TRACK:1329;1319;-1;1;6;2;3;3;0;2;2;1;6;23;-0.7535406538279623;19;3;2;18;11;5;4;1;9;10;6;1;12;0;0;19;11;4;8;1;1;4;3;3;0;1;22;6.500738845684636;19;1;12;12;16;4;5;2;0;21;4.211478326977202;12;5;21;-0.28689790189125597;2;3;3;5;5;24;3;6;5;2;4;11;5;6;22;2.8934719111710123
EVAL_INSTANCE:66:0:1320
EVAL_INSTANCE:66:1:1321
EVAL_INSTANCE:66:2:1322
EVAL_INSTANCE:66:3:1323
EVAL_INSTANCE:66:4:1324
EVAL_INSTANCE:66:5:1325
EVAL_INSTANCE:66:6:1326
EVAL_INSTANCE:66:7:1327
EVAL_INSTANCE:66:8:1328
EVAL_INSTANCE:66:9:1329
RUN_RESULT:66:0:0:2000:----
RUN_RESULT:66:1:0:2000:----
RUN_RESULT:66:2:0:2000:----
RUN_RESULT:66:3:0:2000:----
RUN_RESULT:66:4:0:2000:----
RUN_RESULT:66:5:0:2000:----
RUN_RESULT:66:6:0:2000:----
RUN_RESULT:66:7:0:2000:----
RUN_RESULT:66:8:0:2000:----
RUN_RESULT:66:9:0:1122:RRURUUDDRUUDDD
    67 |      670 | -3.932200E+03 | -3.934000E+03
TRACK:1330;1201;1124;1;6;2;3;3;0;2;2;1;6;23;-0.8505500683502056;1;24;12;5;13;5;4;1;9;10;6;1;2;1;14;21;-1.1385438819807014;6;23;-0.86849873175683;0;0;19;11;4;8;1;1;4;3;6;1;25;25;16;4;5;2;0;21;4.621591656125754;12;5;21;-0.32479583455293387;2;3;2;4;5;1;2;6;0;25;16;6;1;25;25;5;5;3;12;4;5;6;0;25;16;3;6;5;2;4;11;5;6;22;2.7499413106971184
TRACK:1331;1201;1124;1;6;2;3;3;0;2;2;1;6;23;-0.7192828557059459;1;24;23;-7.197133106383074;3;2;18;11;5;4;1;9;10;6;1;2;1;14;21;-0.9671480353515649;6;23;-0.7606223084992183;0;0;19;11;4;8;1;1;4;3;3;0;1;22;6.581152417987726;19;1;12;12;16;4;5;2;0;21;4.602126646507844;12;2;1;14;21;-1.028854053942134;6;23;-0.967530838704499;2;3;2;4;5;1;2;6;23;-0.9531961417872835;6;1;25;25;5;5;3;12;6;5;4;1;4;2;21;2.289094252324265;22;-2.6887304742889233;4;4;25;3;6;5;5;21;-0.32479583455293387
TRACK:1332;1108;1085;1;6;2;3;3;0;2;2;1;6;23;-0.992776557864331;1;24;12;3;2;18;11;5;4;1;9;21;4.597021719898595;6;1;2;1;14;21;-1.0039401400764447;6;23;-0.7361150311021226;0;0;19;11;4;8;1;1;4;3;3;0;1;22;6.363134797999754;19;1;12;12;16;4;5;2;0;21;4.669676390581645;12;5;21;-0.3950539382049567;2;3;2;4;5;1;2;6;3;12;6;1;25;25;5;4;5;12;4;5;6;0;25;16;3;6;5;2;4;11;5;6;22;2.7815967849058167
TRACK:1333;1108;1085;1;6;3;0;2;2;1;6;23;-0.992776557864331;1;24;12;3;2;18;11;5;4;1;9;10;6;1;2;1;14;21;-1.0039401400764447;6;23;-0.7361150311021226;0;0;19;11;4;8;2;3;2;4;5;1;2;6;23;-0.9298308910335025;6;1;25;25;5;5;3;12;6;5;4;1;4;2;21;2.378838262921929;22;-2.5321046087803873;4;4;25;3;6;5;2;4;11;5;6;22;2.838411185541139
TRACK:1334;1101;1201;1;6;2;3;3;0;2;2;1;6;23;-0.6359411793204783;1;24;12;6;12;5;4;1;9;10;6;1;2;1;14;21;-1.113943949117656;6;23;-1.1361567122969038;0;0;19;11;4;8;1;1;4;3;3;0;1;22;6.456583248035393;19;1;12;12;16;4;5;2;0;21;4.645543990209847;12;5;5;1;8;7;2.049355137312569;2;3;2;4;5;1;2;6;23;-0.780700652186036;6;1;25;25;5;5;3;12;6;5;4;1;4;2;21;2.2531482628717088;22;-2.5047198665615413;4;4;25;3;6;5;2;4;11;5;6;22;2.848515384737686
TRACK:1335;1101;1201;1;6;2;3;3;0;2;2;1;6;23;-0.8505500683502056;1;24;12;5;13;5;4;1;9;10;6;1;2;1;14;21;-1.1385438819807014;6;23;-0.86849873175683;0;0;19;11;4;8;1;1;4;3;3;0;1;22;6.295694983885563;19;1;12;12;16;4;5;2;0;21;4.621591656125754;12;5;10;2;3;2;4;5;1;2;6;0;25;16;6;1;25;25;5;5;3;12;4;5;6;0;25;16;3;6;5;2;4;11;5;6;22;2.7499413106971184
TRACK:1336;1102;1085;1;6;2;3;3;0;2;2;1;6;23;-0.8522297583487732;19;3;2;18;11;5;4;1;9;10;6;1;2;1;22;-2.5321046087803873;17;6;23;-0.8696180450286359;0;0;19;11;4;8;1;1;4;3;3;0;1;22;6.438153074525397;19;1;12;12;16;4;5;2;0;21;4.3182305520578295;12;5;21;-0.3022478134563239;2;3;2;4;5;1;2;6;3;25;6;1;25;25;5;4;2;17;24;6;5;4;1;9;10;3;6;5;2;4;11;5;6;22;2.8315752441092394
TRACK:1337;1102;1085;1;6;2;3;3;0;2;2;1;6;23;-0.8035488935881419;1;24;12;3;2;18;11;5;4;1;9;10;6;1;2;1;14;21;-0.9842483133945532;6;23;-0.9766494993505491;0;0;19;11;4;8;1;1;4;3;3;17;16;4;5;2;0;21;4.597021719898595;12;5;5;1;8;7;1.9147698461074008;2;3;2;4;5;1;2;6;23;-0.9298308910335025;6;1;25;25;5;5;3;12;6;5;4;1;4;2;21;2.378838262921929;22;-2.5321046087803873;4;4;25;3;6;5;2;4;11;5;6;22;2.838411185541139
TRACK:1338;1005;1124;1;6;2;3;3;0;2;2;1;6;23;-0.806820508008425;1;24;12;3;2;18;11;5;4;1;9;10;6;1;2;1;14;21;-0.9843371349989514;6;23;-0.9645624463784145;0;0;19;11;4;8;1;1;4;3;3;0;1;22;6.471528495493393;19;1;12;12;16;4;5;2;0;21;4.57798956825453;12;5;21;-0.45649123344862236;2;3;2;5;2;4;11;5;6;22;2.8505357873069483;6;5;4;1;4;2;21;2.446271966779158;22;-2.6318161935433775;4;4;25;3;6;5;2;4;11;5;6;22;2.776718952896516
TRACK:1339;1005;1124;1;6;2;3;3;0;2;2;1;6;23;-0.7192828557059459;1;24;23;-7.197133106383074;3;2;18;11;5;4;1;9;10;6;1;2;1;14;21;-0.9671480353515649;6;23;-0.7606223084992183;0;0;19;11;4;8;1;1;4;3;3;0;1;22;6.581152417987726;19;1;12;12;16;4;5;2;0;21;4.602126646507844;12;2;1;14;21;-1.028854053942134;6;23;-0.967530838704499;2;3;2;4;5;1;2;6;23;-0.9531961417872835;6;1;25;25;5;5;22;6.471528495493393;6;5;4;1;4;2;21;2.289094252324265;22;-2.6887304742889233;4;4;25;3;6;5;2;4;11;5;6;22;2.8505357873069483
TRACK:1340;1330;-1;1;6;2;3;3;0;2;2;1;6;23;-0.8514660548601397;1;24;12;5;13;5;4;1;9;10;6;1;2;1;14;21;-1.1137927807769943;6;23;-0.9066480163931726;0;0;19;11;4;8;1;1;4;3;6;1;25;25;16;4;5;2;0;21;4.520538166564113;12;5;21;-0.4896102390468108;2;3;2;4;5;1;2;5;9;6;1;25;25;5;5;3;12;4;5;6;0;25;16;3;6;5;2;4;11;5;6;22;2.8102391387725216
TRACK:1341;1332;-1;1;6;2;6;3;14;1;1;4;3;3;0;1;22;6.203866113481749;19;1;12;12;16;4;5;2;0;21;4.810844521358472;12;5;21;-0.5545980680682415;2;3;2;4;5;1;2;6;3;12;6;1;25;25;5;4;5;12;4;5;6;0;25;16;3;6;5;2;4;11;5;6;22;2.660471084902392
TRACK:1342;1334;-1;1;6;2;3;3;0;2;2;1;6;23;-0.6781620733778544;1;24;12;6;12;5;4;1;9;10;6;1;2;1;14;21;-1.2041458100695772;6;23;-1.101803051704492;0;0;19;11;4;8;1;1;4;3;3;0;1;22;6.41871269921517;19;3;20;-3.086220606831114;16;4;5;2;0;21;4.6952080679264245;12;5;5;1;8;7;1.8883272632314536;2;3;2;4;5;1;2;6;23;-0.8763502789852483;6;1;25;25;5;5;3;12;6;5;4;1;4;2;21;2.0470949596127914;22;-2.4679347732477614;4;4;25;3;6;5;2;4;11;5;6;22;2.8690325541790487
TRACK:1343;1336;-1;1;6;2;3;3;0;2;2;1;6;23;-0.681359090129459;19;3;2;18;11;5;4;1;9;10;6;1;2;1;22;-2.3907717602076275;17;6;23;-0.841030634772403;0;0;19;11;4;8;1;1;4;3;3;0;1;22;6.437865540874942;19;1;12;12;16;4;5;4;3;5;18;2;3;2;4;5;1;2;6;3;25;6;1;25;25;5;4;2;17;24;6;5;4;1;9;10;3;6;5;2;4;11;5;6;22;2.768254274100006
TRACK:1344;1338;-1;1;6;2;3;3;0;2;2;1;6;23;-0.8595929945343348;1;24;12;3;2;18;11;5;4;1;9;10;6;1;2;1;14;21;-0.9750687792229866;6;23;-1.0809978726625853;2;16;15;1;1;4;3;3;0;1;22;6.421025052313573;19;1;12;12;16;4;5;2;0;21;4.523325786243285;12;5;21;-0.38419523513195014;2;3;2;5;2;4;11;5;6;22;2.687815200270598;6;5;4;1;4;2;21;2.527156585286681;22;-2.885442690580288;4;4;25;3;6;5;2;4;11;5;6;22;2.739681569675784
TRACK:1345;1331;-1;1;6;2;3;3;0;2;2;1;6;23;-0.5535090980985419;1;24;23;-7.021303487702547;3;2;18;11;5;4;1;9;10;6;1;2;1;14;21;-0.9937033828200469;6;23;-0.6277127813764427;0;0;19;11;4;8;1;1;4;3;3;0;1;22;6.535450544199697;19;1;16;12;16;4;5;2;0;21;4.61527731204159;12;2;1;14;21;-0.9909887848485945;6;23;-0.9557839408984397;2;3;2;4;5;1;2;6;23;-0.9097827233942101;6;1;25;25;5;5;3;12;6;5;4;1;4;2;21;2.2676687066842893;22;-2.770229581065811;4;4;25;3;6;5;5;21;-0.4396541723048755
TRACK:1346;1333;-1;1;6;3;0;2;2;1;6;23;-1.022562712851453;1;24;12;3;2;18;11;5;4;1;9;10;6;1;2;1;14;21;-1.1162703301988952;6;23;-0.7972246087552142;0;0;19;11;4;8;2;3;2;4;5;1;2;6;23;-0.7620838455230121;6;1;25;25;5;5;3;12;6;5;4;1;4;2;21;2.5066449520630996;22;-2.5877995464810626;4;6;18;3;6;5;2;4;11;5;6;22;2.743493264021983
TRACK:1347;1335;-1;1;6;2;3;3;0;2;2;1;6;23;-0.8429392638773952;1;24;12;5;13;5;4;1;9;10;6;1;2;1;14;21;-1.2791009493686425;6;23;-0.9684083496067365;0;0;19;11;4;8;1;1;4;3;3;0;1;22;6.144014621895177;19;1;12;12;16;4;5;2;0;21;4.7268969584781875;12;5;10;2;3;2;4;5;1;2;6;0;25;16;6;1;25;25;5;5;3;12;4;6;0;4;12;4;19;3;6;5;2;4;11;5;6;22;2.6967618285960384
TRACK:1348;1337;-1;1;6;2;3;3;0;2;2;1;6;23;-0.8336241075511686;1;24;12;3;2;18;11;5;4;1;9;10;6;1;2;1;14;21;-0.923041112072202;6;23;-0.9706200790554868;0;0;19;11;4;8;1;1;4;3;3;17;16;4;5;2;0;21;4.589220805175675;12;5;5;1;8;7;1.9075795318286592;2;3;2;4;5;1;2;6;23;-0.8704636827548771;6;1;25;25;5;5;3;12;6;5;4;1;4;2;24;22;-2.404677399575835;4;4;25;3;6;5;2;4;11;5;6;22;2.703125007752336
TRACK:1349;1339;-1;1;6;2;3;3;0;2;2;1;6;23;-0.8052464741326312;1;24;23;-7.164721139558758;3;2;18;11;5;4;1;9;10;6;1;2;1;14;21;-0.7907333547236954;6;23;-0.5308779879495753;0;0;19;11;4;8;1;1;4;3;3;0;1;22;6.512121248805575;19;1;12;12;16;4;5;2;0;21;4.525394597077549;12;2;1;14;21;-1.099467469304382;6;23;-0.8887186695803427;2;3;2;4;5;1;2;6;23;-0.9473290430141879;6;1;25;25;5;5;22;6.500866820650159;6;5;4;1;4;2;21;2.348628234163917;22;-2.767568558935943;4;4;25;3;6;5;2;4;11;5;1;20;-6.606336922659162;20;7.106288538714406
EVAL_INSTANCE:67:0:1340
EVAL_INSTANCE:67:1:1341
EVAL_INSTANCE:67:2:1342
EVAL_INSTANCE:67:3:1343
EVAL_INSTANCE:67:4:1344
EVAL_INSTANCE:67:5:1345
EVAL_INSTANCE:67:6:1346
EVAL_INSTANCE:67:7:1347
EVAL_INSTANCE:67:8:1348
EVAL_INSTANCE:67:9:1349
RUN_RESULT:67:0:0:2000:----
RUN_RESULT:67:1:0:2000:----
RUN_RESULT:67:2:0:2000:----
RUN_RESULT:67:3:0:2000:----
RUN_RESULT:67:4:0:2000:----
RUN_RESULT:67:5:0:2000:----
RUN_RESULT:67:6:0:2000:----
RUN_RESULT:67:7:0:67:RRURUUDDRUUDDD
RUN_RESULT:67:8:0:2000:----
RUN_RESULT:67:9:0:2000:----
    68 |      680 | -3.932300E+03 | -3.934000E+03
TRACK:1350;1347;1201;1;6;2;3;3;0;2;2;1;6;23;-0.8429392638773952;1;24;12;5;13;5;4;1;9;10;6;1;2;1;14;21;-1.2791009493686425;6;23;-0.9684083496067365;0;0;19;11;4;8;1;1;4;3;3;0;1;22;6.144014621895177;19;1;25;12;16;4;5;2;0;21;4.7268969584781875;12;5;10;2;3;2;4;5;1;2;6;0;25;16;6;1;25;25;5;5;3;12;4;6;0;4;12;4;19;3;6;5;2;4;11;5;6;22;2.6967618285960384
TRACK:1351;1347;1201;1;6;2;3;3;0;2;2;1;6;23;-0.8505500683502056;1;24;12;5;13;5;4;1;9;10;6;1;2;0;25;16;6;23;-0.86849873175683;0;0;19;11;4;8;1;1;4;3;3;0;1;22;6.295694983885563;19;1;12;12;16;4;5;2;0;21;4.621591656125754;12;5;21;-0.32479583455293387;2;3;2;4;5;1;2;6;0;25;16;6;1;25;25;5;5;3;12;4;5;6;0;25;16;3;6;5;2;4;11;5;6;22;2.7499413106971184
TRACK:1352;1068;1108;1;6;2;3;3;0;2;2;1;6;23;-0.8794859787497786;19;3;2;18;11;5;4;1;9;10;6;1;2;1;14;21;-0.9948635873560031;6;23;-0.8532198302282202;0;0;19;11;4;8;1;1;4;3;3;0;1;22;6.421005644425262;19;1;12;12;16;4;5;2;0;21;4.457204779286154;12;5;21;-0.28967019206479067;2;3;2;4;5;1;2;6;3;25;6;1;25;25;5;4;2;17;24;6;5;4;1;4;10;4;4;25;3;6;5;2;4;11;5;6;22;2.784406553624802
TRACK:1353;1068;1108;1;6;2;3;3;0;2;2;1;6;23;-0.992776557864331;1;24;12;3;2;18;11;5;4;1;9;10;6;1;2;1;14;21;-1.0039401400764447;6;23;-0.7361150311021226;0;0;19;11;4;8;1;1;4;3;3;0;1;22;6.363134797999754;19;1;12;12;16;4;5;2;0;21;4.669676390581645;12;5;3;2;18;11;2;3;2;4;5;1;2;6;3;12;6;1;25;25;5;4;5;12;4;5;6;0;25;16;3;6;5;2;4;11;5;6;22;2.7815967849058167
TRACK:1354;1101;1108;1;6;2;3;3;0;2;2;1;6;23;-0.6359411793204783;1;24;12;6;18;5;4;1;9;10;6;1;2;1;14;21;-1.113943949117656;6;23;-1.1361567122969038;0;0;19;11;4;8;1;1;4;3;3;0;1;22;6.456583248035393;19;1;12;12;16;4;5;2;0;21;4.645543990209847;12;5;5;1;8;7;2.049355137312569;2;3;2;4;5;1;2;6;23;-0.780700652186036;6;1;25;12;5;5;3;12;6;5;4;1;4;2;21;2.2531482628717088;22;-2.5047198665615413;4;4;25;3;6;5;2;4;11;5;6;22;2.848515384737686
TRACK:1355;1101;1108;1;6;2;3;3;0;2;2;1;6;23;-0.992776557864331;1;24;12;3;2;18;11;5;4;1;9;10;6;1;2;1;14;21;-1.0039401400764447;6;23;-0.7361150311021226;0;0;19;11;4;8;1;1;4;3;3;0;1;22;6.363134797999754;19;1;12;12;16;4;5;2;0;21;4.669676390581645;12;5;21;-0.3950539382049567;2;3;2;4;5;1;2;6;21;4.645543990209847;6;1;25;25;5;4;5;12;4;5;6;0;25;16;3;6;5;2;4;11;5;6;22;2.7815967849058167
TRACK:1356;1005;1102;1;6;2;3;3;0;2;2;1;6;23;-0.806820508008425;1;19;12;3;2;18;11;5;4;1;9;10;6;1;2;1;14;21;-0.9843371349989514;6;23;-0.9645624463784145;0;0;19;11;4;8;1;1;4;3;3;0;1;22;6.471528495493393;19;1;12;12;16;4;5;2;0;21;4.57798956825453;12;5;21;-0.45649123344862236;2;3;2;4;5;1;2;6;3;25;6;1;25;25;5;5;3;12;6;5;4;1;4;2;21;2.446271966779158;22;-2.6318161935433775;4;4;25;3;6;5;2;4;11;5;6;22;2.776718952896516
TRACK:1357;1005;1102;1;6;2;3;3;0;2;2;1;6;23;-0.8522297583487732;19;3;2;18;11;5;4;1;9;10;6;1;2;1;18;17;6;23;-0.8696180450286359;0;0;19;11;4;8;1;1;4;3;3;0;23;-0.806820508008425;1;12;12;16;4;5;2;0;21;4.3182305520578295;12;5;21;-0.3022478134563239;2;3;2;4;5;1;2;6;3;25;6;1;25;25;5;4;2;17;24;6;5;4;1;9;10;3;6;5;2;4;11;5;6;22;2.8315752441092394
TRACK:1358;1201;1347;1;6;2;3;3;0;2;2;1;6;23;-0.8505500683502056;1;24;12;5;13;5;4;1;9;10;6;1;2;1;14;21;-1.1385438819807014;6;23;-0.86849873175683;0;0;19;11;4;8;1;1;4;3;3;0;1;22;6.295694983885563;19;1;12;12;16;4;5;2;0;21;4.621591656125754;12;5;21;-0.32479583455293387;2;3;2;4;5;1;0;1;22;6.144014621895177;19;1;12;12;5;5;3;12;4;5;6;0;25;16;3;6;5;2;4;11;5;6;22;2.7499413106971184
TRACK:1359;1201;1347;1;6;2;3;3;0;2;2;1;6;23;-0.8429392638773952;1;24;12;5;13;5;4;1;9;10;6;1;2;1;14;21;-1.2791009493686425;6;23;-0.9684083496067365;0;0;19;11;4;8;1;1;4;3;3;0;1;22;6.144014621895177;19;1;12;12;16;4;5;2;0;21;4.7268969584781875;12;5;10;2;3;2;4;5;1;2;6;0;25;16;6;1;25;25;5;5;3;12;4;6;0;4;12;3;12;3;6;5;2;4;11;5;6;22;2.6967618285960384
TRACK:1360;1350;-1;1;6;2;3;3;0;2;2;1;6;23;-0.755512139424467;1;24;12;5;13;5;4;1;9;10;6;1;2;1;14;21;-1.3140052999817173;6;23;-1.0364863830647997;0;0;19;11;4;8;1;1;4;3;3;0;1;22;6.122755970594815;19;1;25;12;16;4;5;2;0;21;4.72216988921588;12;5;10;2;3;2;4;5;1;2;6;0;25;16;6;1;25;25;5;5;3;12;4;6;0;4;12;4;19;3;6;5;2;4;11;5;6;22;2.8048424174227153
TRACK:1361;1352;-1;1;6;2;3;3;0;2;2;1;6;23;-0.9759676618871478;19;3;2;18;11;5;4;1;9;10;6;1;2;1;14;21;-0.8758500294402267;6;23;-0.9181496356605071;0;0;19;11;4;8;1;1;4;3;3;0;1;22;6.501317293532547;19;1;12;12;16;4;5;2;0;21;4.689141136538302;12;5;21;-0.3507369744938441;2;3;2;4;5;1;2;6;3;25;6;1;25;25;5;4;2;17;24;6;5;4;1;4;10;4;4;25;5;6;3;2;6;3;10;1;0;11;21;1.7676141293178471;2;21;-4.72102951523391;9
TRACK:1362;1354;-1;1;6;2;3;3;0;2;2;1;6;23;-0.681440379669822;1;24;12;6;18;5;4;1;9;10;6;6;2;5;10;0;19;15;1;1;4;3;3;0;1;22;6.547920814620796;19;1;12;12;16;4;5;2;0;21;4.601168069115215;12;5;5;1;8;7;2.070183530281091;2;3;2;4;5;1;2;6;23;-0.757922297782429;6;1;25;12;5;5;3;12;6;5;4;1;4;2;21;2.243754567208812;22;-2.6837611715588925;4;4;25;3;6;5;2;4;11;5;6;22;2.8796259976787617
TRACK:1363;1356;-1;1;6;2;3;3;0;2;2;1;6;23;-0.6152654502283227;1;19;12;3;2;18;11;5;4;1;19;10;6;1;2;1;14;21;-1.0760223168749519;6;23;-1.0530353111510224;0;0;19;11;4;8;1;1;4;3;3;0;1;22;6.512652821990174;19;1;12;12;16;4;5;2;0;21;4.539425925403783;12;5;21;-0.32955968750692377;2;3;2;4;5;1;2;6;3;25;6;1;25;25;5;5;3;12;6;5;4;1;4;2;21;2.556968937783636;22;-2.558491149475596;4;4;25;3;6;5;2;4;11;5;6;22;2.882829654589093
TRACK:1364;1358;-1;1;6;2;3;3;0;2;2;1;6;23;-0.9999745136009941;1;24;12;5;13;5;4;1;9;10;6;1;2;1;14;21;-1.046936006948724;6;23;-0.9178932729287685;0;4;17;4;8;1;1;4;3;3;0;1;22;6.490431132856284;19;1;12;12;16;4;5;2;0;21;4.8279248121492495;12;5;21;-0.4721502650572257;2;3;2;4;5;1;0;1;22;6.164600063357586;19;1;12;12;5;5;3;12;4;5;6;0;25;16;3;6;5;2;4;11;5;6;22;2.645703421551008
TRACK:1365;1351;-1;1;6;2;3;3;0;2;2;1;6;23;-0.9219840502435039;4;22;-7.242491867481022;5;13;5;4;1;9;10;6;1;2;0;25;16;6;23;-0.8084645914397799;0;0;19;11;4;8;1;1;4;3;3;0;1;22;6.111154387230943;19;1;12;12;16;4;5;2;0;21;4.710238391299816;12;5;21;-0.4743650177640292;2;3;2;4;5;1;2;6;0;25;16;6;1;25;25;5;5;3;12;4;5;6;0;25;16;3;6;5;2;4;11;5;6;22;2.771904795278728
TRACK:1366;1353;-1;1;6;2;3;3;0;2;2;1;6;23;-1.052239809119194;1;24;12;3;2;18;11;5;4;1;9;10;6;1;2;1;14;21;-0.9386803404429436;6;23;-0.6530754311559265;0;0;19;11;4;8;1;1;4;3;3;0;1;22;6.322910167857693;19;1;7;3.287139028311703;12;16;4;5;2;0;21;4.591522193034133;12;5;3;2;18;11;2;3;2;4;5;1;2;6;3;12;6;1;25;25;5;4;5;12;4;5;6;0;25;16;3;6;5;2;4;11;5;6;22;2.6435954030200928
TRACK:1367;1355;-1;1;6;2;3;4;6;3;6;3;24;1;1;4;3;3;0;1;22;6.402223240318198;19;1;12;12;16;4;5;2;0;21;4.89293017134585;12;5;21;-0.4108729362969002;2;3;2;4;5;1;2;6;21;4.674782199319049;6;1;25;25;5;4;5;12;4;5;6;0;25;16;3;6;5;2;4;11;5;6;22;3.065924405572337
TRACK:1368;1357;-1;1;6;2;3;3;0;2;2;1;6;23;-0.8639371975527285;19;3;2;18;11;5;4;1;9;10;6;1;2;1;18;17;6;23;-0.8178488491345532;0;0;19;11;4;8;1;1;4;3;3;0;23;-0.8133916605127861;1;12;9;16;4;5;2;0;21;4.280056220120084;12;5;21;-0.22680556328651297;2;3;2;4;5;1;2;6;3;25;6;1;25;25;5;4;2;17;24;6;5;4;1;9;10;3;6;5;2;4;11;5;6;22;2.833710110318057
TRACK:1369;1359;-1;1;6;2;3;3;0;2;2;1;6;23;-0.9095394760760792;1;24;12;5;13;5;4;1;9;10;6;1;2;1;14;21;-1.2870153727894726;6;23;-0.9056282703963504;0;0;19;11;1;24;20;-0.39153182324956504;1;1;4;3;3;0;1;22;6.22489056883256;19;1;12;12;16;4;5;2;0;21;4.914242210265732;12;5;10;2;3;2;4;5;1;2;6;0;25;16;6;1;25;25;5;5;3;12;4;6;0;4;12;3;12;3;6;5;2;4;11;5;6;22;2.712129014107356
EVAL_INSTANCE:68:0:1360
EVAL_INSTANCE:68:1:1361
EVAL_INSTANCE:68:2:1362
EVAL_INSTANCE:68:3:1363
EVAL_INSTANCE:68:4:1364
EVAL_INSTANCE:68:5:1365
EVAL_INSTANCE:68:6:1366
EVAL_INSTANCE:68:7:1367
EVAL_INSTANCE:68:8:1368
EVAL_INSTANCE:68:9:1369
RUN_RESULT:68:0:0:67:RRURUUDDRUUDDD
RUN_RESULT:68:1:0:2000:----
RUN_RESULT:68:2:0:2000:----
RUN_RESULT:68:3:0:68:RRURUUDDRUUDDD
RUN_RESULT:68:4:0:104:RRURUUDDRUUDDD
RUN_RESULT:68:5:0:2000:----
RUN_RESULT:68:6:0:68:RRURUUDDRUUDDD
RUN_RESULT:68:7:0:106:RRURUUDDRUUDDD
RUN_RESULT:68:8:0:2000:----
RUN_RESULT:68:9:0:2000:----
    69 |      690 | -3.932400E+03 | -3.934000E+03
TRACK:1370;1085;1068;1;6;2;3;3;0;2;2;1;6;23;-0.8035488935881419;1;24;12;3;2;18;11;5;4;1;9;10;6;1;2;1;14;21;-0.9842483133945532;6;23;-0.9766494993505491;0;0;19;11;4;8;1;1;4;3;3;0;1;22;6.502566870818603;19;1;12;12;16;4;5;2;0;21;4.597021719898595;12;5;5;1;8;7;1.9147698461074008;2;3;2;4;5;1;2;6;23;-0.9298308910335025;6;1;25;25;5;5;3;12;6;5;4;9;3;6;5;2;4;11;5;6;22;2.838411185541139
TRACK:1371;1085;1068;1;6;2;3;3;0;2;2;1;6;23;-0.8794859787497786;19;3;2;18;11;5;4;1;9;10;6;1;2;1;14;21;-0.9948635873560031;6;23;-0.8532198302282202;0;0;19;11;4;8;1;1;4;3;3;0;1;22;6.421005644425262;19;1;12;12;16;4;5;2;0;21;4.457204779286154;12;5;21;-0.28967019206479067;2;3;2;4;5;1;2;6;3;25;6;1;25;25;5;4;2;17;24;6;5;4;1;4;2;21;2.471400476052735;22;-2.617585263612418;4;4;25;5;5;3;12
TRACK:1372;1201;1102;1;6;2;3;3;0;2;2;1;6;23;-0.8505500683502056;1;8;12;5;13;5;4;1;9;10;6;1;2;1;14;21;-1.1385438819807014;6;23;-0.86849873175683;0;0;19;11;4;8;1;1;4;3;3;0;1;22;6.295694983885563;19;1;12;12;16;4;5;2;0;21;4.621591656125754;12;5;21;-0.32479583455293387;2;3;2;4;5;1;2;6;0;25;16;6;1;25;25;5;5;3;12;4;5;6;0;25;16;3;6;5;2;4;11;5;6;22;2.7499413106971184
TRACK:1373;1201;1102;1;6;2;3;3;0;2;2;1;6;23;-0.8522297583487732;19;3;2;18;11;5;4;1;9;10;6;1;2;1;18;17;6;23;-0.8696180450286359;0;0;19;11;4;8;1;1;3;3;0;1;22;6.295694983885563;19;1;12;12;16;4;5;2;0;21;4.3182305520578295;12;5;21;-0.3022478134563239;2;3;2;4;5;1;2;6;3;25;6;1;25;25;5;4;2;17;24;6;5;4;1;9;10;3;6;5;2;4;11;5;6;22;2.8315752441092394
TRACK:1374;1360;1347;1;6;2;3;3;0;2;2;1;6;23;-0.755512139424467;1;24;12;5;13;5;4;1;9;10;6;1;2;1;14;21;-1.3140052999817173;6;23;-1.0364863830647997;0;0;19;11;4;8;1;1;4;3;3;0;1;22;6.122755970594815;19;1;25;12;16;4;5;2;0;21;4.72216988921588;12;5;10;2;3;2;4;5;1;2;6;0;25;16;6;1;25;25;5;5;3;12;4;6;0;6;0;25;16;4;19;3;6;5;2;4;11;5;6;22;2.8048424174227153
TRACK:1375;1360;1347;1;6;2;3;3;0;2;2;1;6;23;-0.8429392638773952;1;24;12;5;13;5;4;1;9;10;6;1;2;1;14;21;-1.2791009493686425;6;23;-0.9684083496067365;0;0;19;11;4;8;1;1;4;3;3;0;1;22;6.144014621895177;19;1;12;12;16;4;5;2;0;21;4.7268969584781875;12;5;10;2;3;2;4;5;1;2;6;0;25;16;6;1;25;25;5;5;3;12;4;6;0;4;5;6;22;2.8048424174227153;4;19;3;6;5;2;4;11;5;6;22;2.6967618285960384
TRACK:1376;1201;1026;1;6;2;3;3;0;2;2;1;6;23;-0.8505500683502056;1;24;12;5;13;5;4;1;9;10;6;1;2;1;14;21;-1.1385438819807014;6;23;-0.86849873175683;0;0;19;11;4;8;1;1;4;3;3;0;1;22;6.295694983885563;19;1;12;12;16;4;5;2;0;21;4.621591656125754;12;5;21;-0.32479583455293387;2;3;2;4;5;12;4;5;6;0;25;16;3;6;5;2;4;11;5;6;22;2.7499413106971184
TRACK:1377;1201;1026;1;6;2;3;3;0;2;2;1;6;23;-0.9695190048993131;1;24;12;3;2;18;11;5;4;1;9;10;6;1;2;1;14;21;-1.0361235869315784;6;23;-0.8606140243279105;0;0;19;12;4;8;1;1;4;3;3;0;1;22;6.305578846414943;19;1;12;12;16;4;5;2;0;21;4.5850960919141714;12;5;21;-0.43876159926276465;2;3;2;4;5;1;2;6;3;25;6;1;25;25;5;5;3;12;4;5;6;0;25;16;3;6;5;2;4;11;5;6;22;2.824439965341597
TRACK:1378;1080;1102;1;6;2;3;3;0;2;2;1;6;23;-0.6839654074956341;19;3;2;18;11;5;4;1;9;10;6;1;2;1;14;21;-0.9474555339571169;6;23;-0.8804448335711149;0;0;19;11;4;8;6;22;2.8315752441092394;2;3;2;4;5;1;2;6;3;25;6;1;25;25;5;4;2;17;24;6;5;4;1;4;3;19;4;4;25;3;6;5;2;4;11;5;6;22;2.649669002652176
TRACK:1379;1080;1102;1;6;2;3;3;0;2;2;1;6;23;-0.8522297583487732;19;3;6;22;2.649669002652176;5;4;1;9;10;6;1;2;1;18;17;6;23;-0.8696180450286359;0;0;19;11;4;8;1;1;4;3;3;0;1;22;6.438153074525397;19;1;12;12;16;4;5;2;0;21;4.3182305520578295;12;5;21;-0.3022478134563239;2;3;2;4;5;1;2;6;3;25;6;1;25;25;5;4;2;17;24;6;5;4;1;9;10;3;6;5;2;4;11;5;6;22;2.8315752441092394
TRACK:1380;1370;-1;1;6;2;3;3;0;2;2;1;6;23;-0.8398054094895917;1;24;12;3;2;18;11;5;4;1;9;10;6;1;2;5;22;5.63201518728571;6;23;-0.972616074967833;0;0;19;11;4;8;1;1;4;3;3;0;1;22;6.535584789071397;19;1;12;12;16;4;5;2;0;21;4.7087975405813545;12;5;5;1;8;7;1.7437609009889012;2;3;2;4;5;1;2;6;23;-0.9155597278609797;6;1;25;25;5;5;3;12;6;5;4;9;3;6;5;2;4;11;5;6;22;2.759944586901276
TRACK:1381;1372;-1;1;6;2;3;3;0;2;2;1;6;23;-1.0441333990790622;1;8;12;5;13;5;4;1;9;10;6;1;2;1;14;21;-1.2737021920757154;6;23;-0.9205888804033797;0;0;19;11;4;8;1;1;4;3;4;23;8.128220489720807;16;4;5;2;0;21;4.814117158040045;12;5;21;-0.29558498046953957;2;3;2;4;5;1;2;6;0;25;16;6;1;25;25;5;5;3;12;4;5;6;0;25;16;3;6;5;2;4;11;5;6;22;2.7077235603460372
TRACK:1382;1374;-1;1;6;2;3;3;0;2;2;1;6;23;-0.7426664268930984;1;24;12;5;13;5;4;1;9;10;6;1;2;1;14;21;-1.1772934596006392;6;23;-1.1001305941102086;0;0;19;11;4;8;1;1;4;3;3;0;1;22;6.23578636198052;19;1;25;12;16;4;5;2;0;21;4.750917268657474;12;5;10;2;3;2;4;5;1;2;6;0;25;16;6;1;25;25;5;5;3;12;4;6;0;6;0;3;18;16;4;19;3;6;5;2;4;11;5;6;22;2.8126912807678153
TRACK:1383;1376;-1;1;6;2;3;3;0;2;2;1;6;23;-1.0079195810288244;1;24;12;5;13;5;4;1;7;4.848292937827495;10;6;1;2;1;14;21;-1.0993524389134381;6;23;-0.8812384575695723;0;0;19;11;4;8;1;1;4;3;3;0;1;22;6.403471806257105;19;1;12;12;16;4;5;2;0;21;4.687315702778675;12;5;21;-0.302255721678974;2;3;2;4;5;12;4;5;6;0;25;16;3;6;5;2;4;11;5;6;22;2.670555166700199
TRACK:1384;1080;-1;1;6;2;3;3;0;2;2;1;6;23;-0.7125294996108688;19;3;2;18;11;5;4;1;9;10;6;1;2;1;14;21;-0.8159680266366658;6;23;-0.8652807951962213;0;0;19;11;4;8;1;1;4;3;3;0;1;22;6.5066659596433185;19;1;12;12;16;4;5;2;0;21;4.426567312132202;12;5;21;-0.08792712970903577;2;3;2;4;5;1;2;6;3;25;6;1;25;25;5;4;2;17;24;6;5;4;1;4;3;19;4;4;25;0;5;9;6;8
TRACK:1385;1371;-1;1;6;2;3;3;0;2;2;1;6;23;-1.1456584328219226;19;3;2;18;11;5;4;1;9;10;6;1;2;1;14;21;-1.0115718260194686;6;23;-0.895255762437704;0;0;19;11;4;8;1;1;4;3;3;0;1;22;6.359315743136688;19;1;12;12;16;4;5;2;0;21;4.470391899898893;12;5;21;-0.21015366568698587;2;3;2;4;4;8;6;5;4;1;4;2;21;2.4803806828086494;22;-2.672918853044586;4;4;25;5;5;3;12
TRACK:1386;1373;-1;1;6;2;3;3;0;2;2;1;6;23;-1.062611561929509;19;3;2;18;11;5;4;1;9;10;6;1;2;1;18;17;6;23;-0.8411404470242946;0;0;19;11;4;8;1;1;3;3;0;1;22;6.395947833312573;19;1;12;12;16;4;5;2;0;21;4.422221697967769;12;2;3;3;23;-1.21270934106726;2;3;9;5;10;2;3;2;4;5;1;2;6;3;25;6;1;25;25;5;4;2;17;24;6;5;4;1;9;10;3;6;5;2;4;11;5;6;22;2.8610212188636712
TRACK:1387;1375;-1;1;6;2;3;3;0;2;2;1;6;23;-0.6971433064899784;1;24;12;5;13;5;4;1;9;10;6;1;2;1;14;21;-1.3574943871520888;6;23;-1.0605293024596911;0;0;19;11;4;8;1;1;4;3;3;0;5;7;8.915676233917754;1;12;12;16;4;5;2;0;21;4.765414812358819;12;5;10;2;3;2;4;5;1;2;6;0;25;16;6;1;25;25;5;5;3;12;4;6;0;4;5;6;22;2.7978380152151856;4;19;3;6;5;2;4;11;5;6;22;2.8299964844945507
TRACK:1388;1377;-1;1;6;2;3;3;0;2;2;1;6;23;-0.9332655771421305;1;24;12;3;2;18;11;5;4;1;9;10;6;3;5;2;11;24;1;1;4;3;3;0;1;22;6.452325687298515;19;1;12;12;16;4;5;2;0;21;4.6831168185842875;12;5;21;-0.41527771048481904;2;3;2;4;5;1;2;6;3;25;6;1;25;25;5;5;3;12;4;5;6;0;25;16;3;6;5;2;4;11;5;6;22;2.957242704457306
TRACK:1389;1102;-1;1;6;2;3;3;0;2;2;1;6;23;-0.9126363321881331;19;3;2;18;11;5;4;1;9;10;6;1;2;1;18;17;6;23;-0.8840608276406541;0;0;19;11;4;8;1;1;4;3;3;0;1;22;6.477599803962985;19;1;12;12;16;4;5;2;0;21;4.35059697914537;12;5;21;-0.24777622247888542;2;3;2;4;5;1;2;6;3;25;6;1;25;25;5;2;23;-4.254798723866755;8;6;5;4;1;9;10;3;6;5;2;4;11;5;6;22;2.8740247113981714
EVAL_INSTANCE:69:0:1380
EVAL_INSTANCE:69:1:1381
EVAL_INSTANCE:69:2:1382
EVAL_INSTANCE:69:3:1383
EVAL_INSTANCE:69:4:1384
EVAL_INSTANCE:69:5:1385
EVAL_INSTANCE:69:6:1386
EVAL_INSTANCE:69:7:1387
EVAL_INSTANCE:69:8:1388
EVAL_INSTANCE:69:9:1389
RUN_RESULT:69:0:0:2000:----
RUN_RESULT:69:1:0:2000:----
RUN_RESULT:69:2:0:295:URRRUUDDRUUDDD
RUN_RESULT:69:3:0:2000:----
RUN_RESULT:69:4:0:75:RRURUUDDRUUDDD
RUN_RESULT:69:5:0:2000:----
RUN_RESULT:69:6:0:151:RRURUUDDRUUDDD
RUN_RESULT:69:7:0:2000:----
RUN_RESULT:69:8:0:106:RRURUUDDRUUDDD
RUN_RESULT:69:9:0:68:RRURUUDDRUUDDD
    70 |      700 | -3.932400E+03 | -3.934000E+03
TRACK:1390;1360;1085;1;6;2;3;3;0;2;2;1;6;23;-0.755512139424467;1;24;12;5;13;5;4;1;9;10;6;1;2;1;14;21;-1.3140052999817173;6;23;-1.0364863830647997;0;0;19;11;4;8;1;1;4;3;3;0;1;22;6.122755970594815;19;1;25;12;16;4;5;2;0;21;4.72216988921588;12;5;10;2;3;2;4;5;1;2;6;23;-0.9298308910335025;6;1;25;25;5;5;3;12;6;5;4;1;4;2;21;2.378838262921929;22;-2.5321046087803873;4;4;25;3;6;5;2;4;11;5;6;22;2.838411185541139
TRACK:1391;1360;1085;1;6;2;3;3;0;2;2;1;6;23;-0.8035488935881419;1;24;12;3;2;18;11;5;4;1;9;10;6;1;2;1;14;21;-0.9842483133945532;6;23;-0.9766494993505491;23;-0.755512139424467;1;1;4;3;3;0;1;22;6.502566870818603;19;1;12;12;16;4;5;2;0;21;4.597021719898595;12;5;5;1;8;7;1.9147698461074008;2;3;2;4;5;1;2;6;23;-0.9298308910335025;6;1;25;25;5;5;3;12;6;5;4;1;4;2;21;2.378838262921929;22;-2.5321046087803873;4;4;25;3;6;5;2;4;11;5;6;22;2.838411185541139
TRACK:1392;1026;1102;1;6;2;3;3;0;2;2;1;6;23;-0.9695190048993131;1;24;12;3;2;18;11;5;4;1;9;10;6;1;2;1;14;21;-1.0361235869315784;6;23;-0.8606140243279105;0;0;19;11;4;8;1;1;4;3;3;0;1;22;6.305578846414943;19;1;12;12;16;4;5;2;0;21;4.5850960919141714;12;5;21;-0.43876159926276465;2;3;2;4;5;1;2;6;3;25;6;1;25;25;5;5;3;12;4;5;6;0;25;16;3;6;5;2;4;11;5;6;22;2.824439965341597
TRACK:1393;1026;1102;1;6;2;3;3;0;2;2;1;6;23;-0.8522297583487732;19;3;2;18;11;5;4;1;9;10;3;0;1;22;6.305578846414943;19;1;12;12;1;1;4;3;3;0;1;22;6.438153074525397;19;1;12;12;16;4;5;2;0;21;4.3182305520578295;12;5;21;-0.3022478134563239;2;3;2;4;5;1;2;6;3;25;6;1;25;25;5;4;2;17;24;6;5;4;1;9;10;3;6;5;2;4;11;5;6;22;2.8315752441092394
TRACK:1394;1201;1026;1;6;2;3;3;0;2;2;1;6;23;-0.8505500683502056;1;24;12;5;13;5;4;1;9;10;6;1;2;1;14;21;-1.1385438819807014;6;23;-0.86849873175683;0;0;19;11;4;8;1;1;4;3;3;0;1;22;6.295694983885563;19;1;12;12;16;4;5;2;0;21;4.621591656125754;12;5;21;-0.32479583455293387;2;3;2;4;5;1;2;6;0;25;16;6;1;25;25;5;5;6;23;-0.8606140243279105;4;5;6;0;25;16;3;6;5;2;4;11;5;6;22;2.7499413106971184
TRACK:1395;1201;1026;1;6;2;3;3;0;2;2;1;6;23;-0.9695190048993131;1;24;12;3;2;18;11;5;4;1;9;10;6;1;2;1;14;21;-1.0361235869315784;6;23;-0.8606140243279105;0;0;14;11;4;8;1;1;4;3;3;0;1;22;6.305578846414943;19;1;12;12;16;4;5;2;0;21;4.5850960919141714;12;5;21;-0.43876159926276465;2;3;2;4;5;1;2;6;3;25;6;1;25;25;5;5;3;12;4;5;6;0;25;16;3;6;5;2;4;11;5;6;22;2.824439965341597
TRACK:1396;1068;1201;1;6;2;3;3;0;2;2;1;6;23;-0.8794859787497786;19;3;2;18;11;5;4;1;9;10;6;1;2;1;14;21;-0.9948635873560031;6;23;-0.8532198302282202;0;0;19;11;4;8;1;1;4;3;3;0;1;22;6.421005644425262;19;1;12;12;16;4;5;2;0;21;4.457204779286154;12;5;21;-0.28967019206479067;2;3;2;4;5;1;2;6;3;25;6;1;25;25;5;4;2;17;24;6;5;4;1;4;2;21;2.471400476052735;22;-2.617585263612418;4;4;19;3;6;5;2;4;11;5;6;22;2.784406553624802
TRACK:1397;1068;1201;1;6;2;3;3;0;2;2;1;6;23;-0.8505500683502056;1;24;12;5;13;5;4;1;9;10;6;1;2;1;14;21;-1.1385438819807014;6;23;-0.86849873175683;0;0;19;11;0;19;11;1;1;4;3;3;0;1;22;6.295694983885563;19;1;12;12;16;4;5;2;0;21;4.621591656125754;12;5;21;-0.32479583455293387;2;3;2;4;5;1;2;6;0;25;16;6;1;25;25;5;5;3;12;4;5;6;0;25;16;3;6;5;2;4;11;5;6;22;2.7499413106971184
TRACK:1398;1360;1102;1;6;2;3;3;0;2;2;1;6;23;-0.755512139424467;1;24;12;5;13;5;4;1;9;10;6;1;2;1;14;21;-1.3140052999817173;6;23;-1.0364863830647997;0;0;19;11;4;8;1;1;4;3;4;11;16;4;5;2;0;21;4.72216988921588;12;5;10;2;3;2;4;5;1;2;6;0;25;16;6;1;25;25;5;5;3;12;4;6;0;4;12;4;19;3;6;5;2;4;11;5;6;22;2.8048424174227153
TRACK:1399;1360;1102;1;6;2;3;5;2;0;21;4.72216988921588;12;5;10;1;1;4;3;3;0;1;22;6.438153074525397;19;1;12;12;16;4;5;2;0;21;4.3182305520578295;12;5;21;-0.3022478134563239;2;3;2;4;5;1;2;6;3;25;6;1;25;25;5;4;2;17;24;6;5;4;1;9;10;3;6;5;2;4;11;5;6;22;2.8315752441092394
TRACK:1400;1390;-1;1;6;2;3;3;0;2;2;1;6;23;-0.6703543420693285;1;24;12;5;13;5;4;1;9;10;6;1;2;1;14;21;-1.322327284654901;6;21;-1.4483760660482652;0;0;19;11;4;8;1;1;4;3;3;0;1;22;6.1461815463029685;19;1;25;12;16;4;5;2;0;21;4.8302971640029275;12;5;10;2;3;2;4;5;1;2;6;23;-0.9136403444405773;6;1;25;25;5;5;3;12;6;5;4;1;4;2;21;2.526307518977382;22;-2.461369848869462;4;4;25;3;6;5;2;4;11;5;6;22;2.6412799005420573
TRACK:1401;1392;-1;1;6;2;3;3;0;2;2;1;6;23;-0.8429958368044519;1;24;13;3;2;18;11;5;4;1;9;10;6;1;2;1;14;21;-1.1256934207932807;6;23;-0.795127652417115;0;0;19;11;4;8;1;1;4;3;3;0;1;22;6.321648209736513;19;1;12;12;16;4;5;2;0;21;4.519616095239041;12;5;21;-0.5723256622886406;2;3;2;4;5;1;2;6;3;25;6;1;25;25;5;5;3;12;4;5;6;0;25;16;3;6;5;2;4;11;5;6;22;2.828070763061449
TRACK:1402;1394;-1;1;6;2;3;3;0;2;2;1;6;23;-0.8484844972920882;1;24;12;5;13;5;4;1;9;10;6;1;2;1;14;21;-1.0219295565769506;6;23;-0.6831729020999643;0;0;19;11;4;8;1;1;4;3;3;0;1;22;6.440825270856932;19;1;12;12;16;4;5;2;0;21;4.564911858105577;12;5;21;-0.39494535989008234;2;3;2;4;5;1;2;6;0;25;16;6;1;25;25;5;5;6;23;-1.005068145671191;4;5;6;0;25;16;3;6;5;2;4;11;2;2;6;4;17;1;2;9;21;-2.2070499453537167;0;12;7;1.1472080885609355;0;2;2;16;11;0;11;20;-9.968303347674317;5;1;17;23;1.601208974186548
TRACK:1403;1396;-1;1;6;2;3;3;0;2;2;1;6;23;-0.7337069021693645;19;3;2;18;11;5;4;1;9;10;6;1;2;1;14;21;-1.079386045848246;6;23;-0.727110882252956;0;0;19;11;4;8;1;1;4;3;3;0;1;22;6.245903758340073;19;1;12;12;16;4;5;2;0;21;4.403539500412074;12;5;21;-0.31310601177682684;2;3;2;4;5;1;2;6;3;25;6;1;25;25;5;4;2;17;24;6;5;4;1;4;2;21;2.6165919904869654;22;-2.554837701482868;4;4;19;3;6;5;2;4;11;5;6;4;4;7;3.219667892546937
TRACK:1404;1398;-1;1;6;2;3;3;0;2;2;1;6;23;-0.679974373037174;1;24;12;5;13;5;4;1;9;10;6;1;2;1;14;21;-1.210838896165468;6;23;-1.0145741850702883;0;0;19;11;4;8;1;1;4;3;4;11;16;4;5;2;0;21;4.498437713404015;12;5;10;2;3;2;4;5;1;2;6;6;20;-7.739147528842281;6;1;25;25;5;5;3;12;4;6;0;4;12;4;19;3;6;5;2;4;11;5;6;22;2.773100428422451
TRACK:1405;1391;-1;1;6;2;3;3;0;2;2;1;6;23;-0.7180419787586249;1;24;12;3;2;18;11;5;4;1;9;10;6;1;2;1;14;21;-0.972583092311745;6;23;-0.9911097277986095;23;-0.5657851145155272;1;0;0;6;3;23;-6.823285329813233;5;3;12;2;0;3;15;3;15;0;0;18;7;-8.090586401372207;2;14;17;4;5;2;0;21;4.5901082944016975;12;5;5;1;8;7;1.956484581851939;2;3;2;4;5;1;2;6;23;-0.9660957527253199;6;1;25;25;5;5;3;12;6;5;4;1;4;2;21;2.364414726803188;22;-2.5109571723026836;4;4;25;3;6;5;2;4;11;5;6;22;2.809553901664445
TRACK:1406;1393;-1;1;6;2;3;3;0;2;2;1;6;23;-0.7939559860559054;19;3;2;18;11;5;4;1;9;10;3;0;1;22;6.2465505345127665;19;1;12;12;1;1;4;3;3;0;1;22;6.346616933478762;19;1;12;12;16;4;5;2;0;21;4.30497604603422;12;5;21;-0.4262725023688036;2;3;2;4;5;1;2;6;3;25;6;1;25;25;5;4;2;17;24;6;5;4;1;9;10;3;6;5;2;5;0;1;1;8;18;4;21;-2.240317734542174;2;6;8;3;7;-7.021489748802228;5;6;22;2.846195225148398
TRACK:1407;1395;-1;1;6;2;3;3;0;2;2;1;6;23;-0.9021575138898784;1;24;12;3;0;14;8;5;4;1;9;10;6;1;2;1;14;21;-0.9991797970830857;6;23;-0.9779324015610987;0;0;14;11;4;8;1;1;4;3;3;0;1;22;6.3551529104522135;19;1;12;12;16;4;5;2;0;21;4.567815719691448;12;5;21;-0.38302036128561934;2;3;2;4;5;1;2;6;3;25;6;1;25;25;5;5;3;12;4;5;6;0;25;16;3;6;5;2;4;11;5;6;22;2.7725057573451943
TRACK:1408;1397;-1;1;6;2;3;3;0;2;2;1;6;23;-0.8753823595040615;1;24;12;5;13;5;4;1;9;10;6;1;2;1;14;21;-1.1521174959613347;6;23;-0.8857978308989016;0;0;19;11;0;19;11;1;1;4;3;3;0;1;22;6.165905724259116;19;1;12;12;16;4;5;2;0;21;4.689118901074803;12;5;21;-0.27536454580637104;2;3;2;4;5;1;2;6;0;25;16;6;1;25;25;5;5;1;10;19;4;5;6;0;25;16;3;6;5;2;4;11;5;6;22;2.7189764389952438
TRACK:1409;1399;-1;1;6;2;3;5;2;0;21;4.6723300071028495;12;5;10;1;1;4;3;3;0;1;22;6.643557751530692;19;1;12;12;16;4;5;2;0;21;4.377177172914045;12;5;21;-0.43265830272069505;2;3;2;4;5;1;2;6;3;25;6;1;25;25;5;4;2;17;24;6;0;7;3.112590593008642;11;3;6;5;2;4;11;5;6;22;2.825345031548985
EVAL_INSTANCE:70:0:1400
EVAL_INSTANCE:70:1:1401
EVAL_INSTANCE:70:2:1402
EVAL_INSTANCE:70:3:1403
EVAL_INSTANCE:70:4:1404
EVAL_INSTANCE:70:5:1405
EVAL_INSTANCE:70:6:1406
EVAL_INSTANCE:70:7:1407
EVAL_INSTANCE:70:8:1408
EVAL_INSTANCE:70:9:1409
RUN_RESULT:70:0:0:2000:----
RUN_RESULT:70:1:0:68:RRURUUDDRUUDDD
RUN_RESULT:70:2:0:2000:----
RUN_RESULT:70:3:0:74:RRURUUDDRUUDDD
RUN_RESULT:70:4:0:2000:----
RUN_RESULT:70:5:0:2000:----
RUN_RESULT:70:6:0:1128:RRURUUDDRUUDDD
RUN_RESULT:70:7:0:2000:----
RUN_RESULT:70:8:0:1103:RRURUUDDRUUDDD
RUN_RESULT:70:9:0:2000:----
    71 |      710 | -3.932400E+03 | -3.934000E+03
TRACK:1410;1201;1347;1;6;2;3;3;0;2;2;1;6;23;-0.8505500683502056;1;24;12;5;13;5;4;1;9;10;6;1;2;1;14;21;-1.1385438819807014;6;23;-0.86849873175683;0;0;19;11;4;8;1;1;4;3;3;0;1;22;6.295694983885563;19;1;12;12;16;4;5;2;0;21;4.621591656125754;12;5;21;-0.32479583455293387;2;3;2;4;5;1;2;6;0;25;16;6;1;25;25;5;5;3;12;4;5;6;0;25;16;3;6;5;2;4;11;5;6;22;2.7499413106971184
TRACK:1411;1201;1347;1;6;2;3;3;0;2;23;-0.86849873175683;5;4;1;9;10;6;1;2;1;14;21;-1.2791009493686425;6;23;-0.9684083496067365;0;0;19;11;4;8;1;1;4;3;3;0;1;22;6.144014621895177;19;1;12;12;16;4;5;2;0;21;4.7268969584781875;12;5;10;2;3;2;4;5;1;2;6;0;25;16;6;1;25;25;5;5;3;12;4;6;0;4;12;4;19;3;6;5;2;4;11;5;6;22;2.6967618285960384
TRACK:1412;1102;1005;1;6;2;3;3;0;2;2;1;6;23;-0.8522297583487732;19;3;2;18;11;5;4;1;9;10;6;1;2;1;18;17;6;23;-0.8696180450286359;0;0;19;11;4;8;1;1;4;3;3;0;1;22;6.438153074525397;19;1;12;12;16;5;2;0;21;4.57798956825453;12;5;21;-0.45649123344862236;2;3;2;4;5;1;2;6;3;25;6;1;25;25;5;4;2;17;24;6;5;4;1;9;10;3;6;5;2;4;11;5;6;22;2.8315752441092394
TRACK:1413;1102;1005;1;6;2;3;3;0;2;2;1;6;23;-0.806820508008425;1;24;12;3;2;18;11;5;4;1;9;10;6;1;2;1;14;21;-0.9843371349989514;6;23;-0.9645624463784145;0;0;19;11;4;8;1;1;4;3;3;0;1;22;6.471528495493393;19;1;12;12;16;4;5;2;0;21;4.57798956825453;12;5;21;-0.45649123344862236;2;3;2;4;21;-0.3022478134563239;6;5;4;1;4;2;21;2.446271966779158;22;-2.6318161935433775;4;4;25;3;6;5;2;4;11;5;6;22;2.776718952896516
TRACK:1414;1085;1201;1;6;2;3;3;0;2;2;1;6;23;-0.8035488935881419;1;24;12;3;2;18;11;5;4;1;9;10;6;1;2;1;14;21;-0.9842483133945532;6;23;-0.9766494993505491;0;0;19;11;4;8;1;1;4;3;3;0;1;22;6.502566870818603;19;1;12;12;16;4;5;2;0;21;4.597021719898595;12;5;5;1;8;7;1.9147698461074008;2;3;2;4;5;1;2;6;23;-0.9298308910335025;6;1;25;25;5;5;3;12;6;5;4;1;4;2;21;2.378838262921929;22;-2.5321046087803873;4;4;25;3;6;0;25;16
TRACK:1415;1085;1201;1;6;2;3;3;0;2;2;1;6;23;-0.8505500683502056;1;24;12;5;13;5;4;1;9;10;6;1;1;6;23;-0.8035488935881419;1;24;12;0;0;19;11;4;8;1;1;4;3;3;0;1;22;6.295694983885563;19;1;12;12;16;4;5;2;0;21;4.621591656125754;12;5;21;-0.32479583455293387;2;3;2;4;5;1;2;6;0;25;16;6;1;25;25;5;5;3;12;4;5;6;0;25;16;3;6;5;2;4;11;5;6;22;2.7499413106971184
TRACK:1416;1360;1102;1;6;2;3;3;0;2;2;1;6;23;-0.755512139424467;1;24;12;5;13;5;4;1;9;21;-0.3022478134563239;6;1;2;1;14;21;-1.3140052999817173;6;23;-1.0364863830647997;0;0;19;11;4;8;1;1;4;3;3;0;1;22;6.122755970594815;19;1;25;12;16;4;5;2;0;21;4.72216988921588;12;5;10;2;3;2;4;5;1;2;6;0;25;16;6;1;25;25;5;5;3;12;4;6;0;4;12;4;19;3;6;5;2;4;11;5;6;22;2.8048424174227153
TRACK:1417;1360;1102;1;6;2;3;3;0;2;2;1;6;23;-0.8522297583487732;19;3;2;18;11;5;4;1;9;10;6;1;2;1;18;17;6;23;-0.8696180450286359;0;0;19;11;4;8;1;1;4;3;3;0;1;22;6.438153074525397;19;1;12;12;16;4;5;2;0;21;4.3182305520578295;12;5;21;-0.3022478134563239;2;3;2;4;5;1;2;6;3;25;6;1;25;25;5;4;2;17;24;6;5;4;1;22;6.122755970594815;10;3;6;5;2;4;11;5;6;22;2.8315752441092394
TRACK:1418;1347;1005;1;6;2;3;3;0;2;2;1;12;12;5;13;5;4;1;9;10;6;1;2;1;14;21;-1.2791009493686425;6;23;-0.9684083496067365;0;0;19;11;4;8;1;1;4;3;3;0;1;22;6.144014621895177;19;1;12;12;16;4;5;2;0;21;4.7268969584781875;12;5;10;2;3;2;4;5;1;2;6;0;25;16;6;1;25;25;5;5;3;12;4;6;0;4;12;4;19;3;6;5;2;4;11;5;6;22;2.6967618285960384
TRACK:1419;1347;1005;1;6;2;3;3;0;2;2;1;6;23;-0.806820508008425;1;24;12;3;2;18;11;5;4;1;9;10;6;1;2;1;14;21;-0.9843371349989514;6;23;-0.9645624463784145;0;0;19;11;4;11;1;1;4;3;3;0;1;22;6.471528495493393;19;1;12;12;16;4;5;2;0;21;4.57798956825453;12;5;21;-0.45649123344862236;2;3;2;4;5;1;2;6;3;25;6;1;25;25;5;5;3;12;6;5;4;1;4;2;21;2.446271966779158;22;-2.6318161935433775;4;4;25;3;6;5;2;4;11;5;6;22;2.776718952896516
TRACK:1420;1410;-1;1;6;2;3;3;0;2;2;1;6;23;-0.8831151126920823;1;24;12;5;13;5;4;1;9;10;6;1;2;1;14;21;-1.2729898538148057;6;23;-0.8280721058214728;0;0;19;11;4;8;1;1;4;3;3;0;1;22;6.211347948215803;19;1;12;15;16;4;5;2;0;21;4.779694888678888;12;5;21;-0.5456223735859338;2;3;2;4;5;1;2;6;0;25;16;6;1;25;25;5;5;3;12;4;5;6;0;25;16;3;6;5;2;4;11;5;6;22;2.5345366292367895
TRACK:1421;1412;-1;1;6;2;3;3;0;2;2;1;6;23;-0.8217983379732804;19;3;2;18;11;5;4;1;9;10;6;1;2;1;18;17;6;23;-0.9275422586871522;0;0;19;11;4;8;1;1;4;3;3;0;1;22;6.3545711906685165;19;1;12;12;16;5;2;0;21;4.501133467337308;12;5;21;-0.4475859267919778;2;3;2;4;5;1;2;6;3;25;6;1;25;25;5;4;2;17;24;6;5;4;1;9;10;3;6;5;2;5;6;3;9;5;6;22;2.863275176797928
TRACK:1422;1414;-1;1;6;6;3;6;13;2;3;2;4;5;1;2;6;23;-1.0426106560133919;6;1;25;25;5;5;3;12;6;5;4;1;4;2;21;2.4071210576500115;22;-2.4738380520699144;4;4;25;3;6;0;25;16
TRACK:1423;1416;-1;1;6;2;3;3;0;2;2;1;6;23;-0.8126380122838615;1;24;12;5;13;5;4;1;9;21;-0.24408865189208603;6;1;2;1;14;21;-1.14277882002368;6;23;-0.8856751776429741;0;0;19;11;4;8;1;1;4;3;3;0;1;22;6.3126360056834425;19;1;25;12;16;4;5;2;0;21;4.919396084347359;12;5;10;2;3;2;4;5;1;2;6;0;25;16;6;5;15;5;5;3;12;4;6;0;4;12;4;19;3;6;5;2;4;11;5;6;22;2.900860010507429
TRACK:1424;1418;-1;1;6;2;3;3;0;2;2;1;12;12;5;13;5;4;1;9;10;6;1;2;1;14;21;-1.1264695735894386;6;23;-0.9316516044441946;0;0;19;11;4;8;1;1;4;3;3;0;1;22;6.077207254425505;19;1;12;12;16;4;5;2;0;21;4.828428278297536;12;5;10;2;3;2;4;5;2;6;6;1;20;-4.594025358997871;7;-3.8765575731336988;0;2;4;17;4;22;-7.710841834005764;4;4;15;4;6;0;4;12;4;19;3;6;5;2;4;11;5;6;22;2.8036288404563257
TRACK:1425;1411;-1;1;6;2;3;3;0;2;23;-0.8543826732161685;5;4;1;9;10;6;1;2;1;14;21;-1.1978715360655126;6;23;-1.0019233537319172;0;0;19;11;4;8;1;1;4;3;3;0;1;22;6.142414476967469;19;1;12;12;16;1;21;-0.39866119234343245;13;2;3;2;4;5;1;2;6;0;25;16;6;1;25;25;5;5;3;12;4;6;0;4;12;4;19;3;6;5;2;4;11;5;6;22;2.6139899110695404
TRACK:1426;1413;-1;1;6;2;3;3;0;2;2;1;6;23;-0.8838926477216242;1;24;12;3;2;18;11;5;4;1;9;10;6;1;2;1;14;21;-1.0063911257826368;6;23;-1.1283369674233956;0;0;19;11;4;8;1;1;4;3;3;0;1;22;6.384528908201922;19;1;12;12;16;2;0;6;6;8;5;0;19;16;1;5;4;8;4;6;8;2;3;2;4;21;-0.394753178206958;6;5;4;1;4;2;21;2.156552600225214;22;-2.7006648676131717;4;4;25;3;6;5;2;4;11;5;6;22;2.865016699583792
TRACK:1427;1415;-1;1;6;2;3;3;0;2;2;1;6;23;-0.7291672647258858;1;24;12;5;13;5;4;1;9;10;6;1;1;6;23;-0.8386220956495148;1;24;12;0;0;19;11;4;8;1;1;4;3;3;0;1;22;6.2451898240644175;19;1;12;12;16;4;5;2;0;21;4.856640142793695;12;5;21;-0.2992891144613714;2;3;2;4;5;1;2;6;0;25;16;6;1;25;25;5;5;3;18;4;5;6;0;25;16;3;6;5;2;4;11;5;6;22;2.695616809339041
TRACK:1428;1417;-1;1;6;2;3;3;0;2;2;1;6;23;-0.8660124047900338;19;3;2;18;11;5;4;1;9;10;6;1;2;1;18;17;6;23;-0.6460072825500627;0;0;19;11;4;8;1;1;4;3;3;0;1;22;6.474717420504018;19;1;12;12;16;4;5;2;0;21;4.150159779472901;12;5;21;-0.5214904587356256;2;3;2;4;5;1;2;6;3;25;6;1;25;25;5;4;2;17;24;6;5;4;1;22;6.133057063197173;10;3;6;5;2;2;5;18;1;24;9;5;6;22;2.8877735681033427
TRACK:1429;1419;-1;1;6;2;3;3;6;6;0;4;6;20;0.6227653547366607;5;2;18;22;2.687044345621672;1;1;4;3;3;0;1;22;6.512610173293957;19;1;12;12;16;4;5;2;0;21;4.646822212242478;12;5;21;-0.41804992583914347;2;3;2;4;5;1;2;6;3;25;6;1;25;25;5;5;3;12;6;5;4;1;4;2;21;2.2494329105997375;22;-2.563236359453178;4;4;25;3;6;5;2;4;11;5;6;22;2.759810814598983
EVAL_INSTANCE:71:0:1420
EVAL_INSTANCE:71:1:1421
EVAL_INSTANCE:71:2:1422
EVAL_INSTANCE:71:3:1423
EVAL_INSTANCE:71:4:1424
EVAL_INSTANCE:71:5:1425
EVAL_INSTANCE:71:6:1426
EVAL_INSTANCE:71:7:1427
EVAL_INSTANCE:71:8:1428
EVAL_INSTANCE:71:9:1429
RUN_RESULT:71:0:0:67:RRURUUDDRUUDDD
RUN_RESULT:71:1:0:68:RRURUUDDRUUDDD
RUN_RESULT:71:2:0:2000:----
RUN_RESULT:71:3:0:2000:----
RUN_RESULT:71:4:0:66:RRURUUDDRUUDDD
RUN_RESULT:71:5:0:2000:----
RUN_RESULT:71:6:0:82:RRURUUDDRUUDDD
RUN_RESULT:71:7:0:889:RRURUUDDRUUDDD
RUN_RESULT:71:8:0:151:RRURUUDDRUUDDD
RUN_RESULT:71:9:0:2000:----
    72 |      720 | -3.932700E+03 | -3.934000E+03
TRACK:1430;1347;1201;1;6;2;3;3;0;2;2;1;6;23;-0.8429392638773952;1;24;12;5;13;5;4;1;9;10;6;1;2;1;14;21;-1.2791009493686425;6;23;-0.9684083496067365;0;0;19;11;4;8;1;1;4;3;3;0;1;22;6.144014621895177;19;1;12;12;16;4;5;2;0;21;4.7268969584781875;12;5;10;2;3;2;4;5;1;2;6;0;25;16;6;1;25;25;5;5;3;12;4;6;0;4;12;4;19;3;6;4;11
TRACK:1431;1347;1201;1;6;2;3;3;0;2;2;1;6;23;-0.8505500683502056;5;13;5;13;5;4;1;9;10;6;1;2;1;14;21;-1.1385438819807014;6;23;-0.86849873175683;0;0;19;11;4;8;1;1;4;3;3;0;1;22;6.295694983885563;19;1;12;12;16;4;5;2;0;21;4.621591656125754;12;5;21;-0.32479583455293387;2;3;2;4;5;1;2;6;0;25;16;6;1;25;25;5;5;3;12;4;5;6;0;25;16;3;6;5;2;4;11;5;6;22;2.7499413106971184
TRACK:1432;1424;1068;1;6;2;3;3;0;2;2;1;12;12;5;13;5;4;1;9;10;6;1;2;1;14;21;-1.1264695735894386;6;23;-0.9316516044441946;0;0;19;11;4;8;1;1;4;3;3;0;1;22;6.077207254425505;19;1;12;12;16;4;5;2;0;21;4.828428278297536;12;5;10;2;3;2;4;5;2;6;6;1;20;-4.594025358997871;7;-3.8765575731336988;0;2;4;17;4;22;-7.710841834005764;4;4;15;4;6;0;4;12;4;19;3;6;17
TRACK:1433;1424;1068;1;6;2;3;3;0;2;2;1;6;23;-0.8794859787497786;19;3;2;18;11;5;4;1;9;10;6;1;2;1;14;21;-0.9948635873560031;6;23;-0.8532198302282202;0;0;19;11;12;1;1;4;3;3;0;1;22;6.421005644425262;19;1;12;12;16;4;5;2;0;21;4.457204779286154;12;5;21;-0.28967019206479067;2;3;2;4;5;1;2;6;3;25;6;1;25;25;5;4;2;17;24;6;5;4;1;4;2;21;2.471400476052735;22;-2.617585263612418;4;4;25;3;6;5;2;4;11;5;6;22;2.784406553624802
TRACK:1434;1420;1424;1;6;2;3;3;0;2;2;1;6;23;-0.8831151126920823;1;24;12;5;13;5;0;0;19;11;4;8;6;1;2;1;14;21;-1.2729898538148057;6;23;-0.8280721058214728;0;0;19;11;4;8;1;1;4;3;3;0;1;22;6.211347948215803;19;1;12;15;16;4;5;2;0;21;4.779694888678888;12;5;21;-0.5456223735859338;2;3;2;4;5;1;2;6;0;25;16;6;1;25;25;5;5;3;12;4;5;6;0;25;16;3;6;5;2;4;11;5;6;22;2.5345366292367895
TRACK:1435;1420;1424;1;6;2;3;3;0;2;2;1;12;12;21;4.779694888678888;5;4;1;9;10;6;1;2;1;14;21;-1.1264695735894386;6;23;-0.9316516044441946;0;0;19;11;4;8;1;1;4;3;3;0;1;22;6.077207254425505;19;1;12;12;16;4;5;2;0;21;4.828428278297536;12;5;10;2;3;2;4;5;2;6;6;1;20;-4.594025358997871;7;-3.8765575731336988;0;2;4;17;4;22;-7.710841834005764;4;4;15;4;6;0;4;12;4;19;3;6;5;2;4;11;5;6;22;2.8036288404563257
TRACK:1436;1068;1201;1;6;2;3;3;0;2;2;1;6;23;-0.8794859787497786;19;3;2;18;11;5;4;1;9;10;6;1;2;1;14;21;-0.9948635873560031;6;23;-0.8532198302282202;0;0;19;11;4;8;1;1;4;3;3;0;1;22;6.421005644425262;19;1;12;12;16;4;5;2;0;21;4.457204779286154;12;5;21;-0.28967019206479067;2;3;2;4;5;1;2;6;3;25;6;1;25;25;5;4;2;17;11;6;5;4;1;4;2;21;2.471400476052735;22;-2.617585263612418;4;4;25;3;6;5;2;4;11;5;6;22;2.784406553624802
TRACK:1437;1068;1201;1;6;2;3;3;0;2;2;1;6;23;-0.8505500683502056;1;24;12;5;13;5;4;1;9;10;22;-2.617585263612418;1;1;4;3;3;0;1;22;6.295694983885563;19;1;12;12;16;4;5;2;0;21;4.621591656125754;12;5;21;-0.32479583455293387;2;3;2;4;5;1;2;6;0;25;16;6;1;25;25;5;5;3;12;4;5;6;0;25;16;3;6;5;2;4;11;5;6;22;2.7499413106971184
TRACK:1438;1026;1347;1;6;2;3;3;0;2;2;1;6;23;-0.9695190048993131;1;24;12;3;2;18;11;5;4;1;9;10;6;1;2;1;14;21;-1.0361235869315784;6;23;-0.8606140243279105;0;0;19;11;4;8;1;1;4;3;3;0;1;22;6.305578846414943;19;1;12;12;16;4;5;2;5;13;5;21;-0.43876159926276465;2;3;2;4;5;1;2;6;3;25;6;1;25;25;5;5;3;12;4;5;6;0;25;16;3;6;5;2;4;11;5;6;22;2.824439965341597
TRACK:1439;1026;1347;1;6;2;3;3;0;2;2;1;6;23;-0.8429392638773952;1;24;12;5;13;5;4;1;9;10;6;1;2;1;14;21;-1.2791009493686425;6;23;-0.9684083496067365;0;0;19;11;4;8;1;1;4;3;3;0;1;22;6.144014621895177;19;1;12;12;16;4;5;2;0;21;4.7268969584781875;12;5;10;2;3;2;4;5;1;2;6;0;25;16;6;1;25;25;5;5;3;12;4;6;0;4;2;1;14;21;-1.0361235869315784;6;23;-0.8606140243279105;4;19;3;6;5;2;4;11;5;6;22;2.6967618285960384
TRACK:1440;1430;-1;1;6;2;3;3;0;2;2;1;6;23;-1.0141387515763745;1;24;12;5;13;5;4;1;9;10;6;1;2;1;14;21;-1.3035524620195944;6;23;-0.961358046788433;0;0;19;11;4;8;1;1;4;3;3;0;1;21;8.170863401620984;19;1;12;12;16;4;5;2;0;21;4.66174636951018;12;5;10;2;3;2;4;5;1;2;6;0;25;16;6;1;25;25;5;5;3;12;4;6;0;4;12;4;19;3;6;4;11
TRACK:1441;1432;-1;1;6;2;3;3;0;2;2;1;12;12;5;13;5;4;1;9;10;6;1;2;1;14;21;-1.1934817093923102;6;23;-0.9564674771249378;0;0;19;11;4;8;1;1;4;3;3;0;1;22;6.04368208928246;19;1;12;12;16;4;5;2;0;21;4.9993149695350185;12;5;10;2;3;2;4;5;2;6;6;1;20;-4.646043806195699;7;-3.984071409089963;0;2;4;17;4;22;-7.672765537754062;4;4;15;4;6;0;4;12;4;5;8;3;6;17
TRACK:1442;1434;-1;1;6;2;3;3;2;6;1;17;25;3;5;21;8.309174307060829;1;1;4;3;3;0;1;22;6.343483961616948;19;1;12;15;16;4;5;2;0;21;4.6957587887227366;12;5;21;-0.4684511022598012;2;3;2;4;5;1;2;6;0;25;16;6;1;25;25;5;5;3;12;4;5;6;0;25;16;3;6;5;2;4;11;5;6;22;2.6132667272241097
TRACK:1443;1436;-1;1;6;2;3;3;0;2;2;1;3;10;19;3;2;18;11;5;4;1;9;10;6;1;2;1;14;21;-1.0303124738438358;6;23;-0.8519048474705612;0;0;19;11;4;8;1;1;4;3;3;0;1;22;6.320859199461895;19;1;12;12;16;4;5;2;0;21;4.476685883153883;12;5;21;-0.1706778430597416;2;3;2;4;5;1;2;6;3;25;6;1;25;25;5;4;2;17;11;6;5;4;1;4;2;21;2.4209429416876955;22;-2.669453744795562;4;4;25;3;6;5;2;4;11;5;6;22;2.6795413654683196
TRACK:1444;1438;-1;1;6;2;3;3;0;2;2;1;6;23;-1.0205663463408559;1;24;12;3;2;18;11;5;4;1;9;10;6;1;2;1;14;21;-1.053034387772484;6;23;-0.8542267670900755;0;0;19;11;4;8;1;1;4;3;3;0;1;22;6.128535812666739;19;1;12;12;16;4;5;2;5;13;5;21;-0.4088850673508153;2;3;2;4;4;7;-1.976983264592171;4;5;6;0;25;16;3;6;5;2;4;11;5;6;22;2.830026428227962
TRACK:1445;1431;-1;1;6;2;3;3;0;2;2;1;6;23;-0.8851630984749073;5;13;5;13;5;4;1;9;10;6;1;2;1;14;21;-1.0879862077873157;6;23;-0.7495234319160596;0;0;19;11;4;8;1;1;4;3;3;0;1;22;6.204352175826523;19;1;12;12;16;4;5;2;0;21;4.604609411489639;12;5;21;-0.3047306239954902;2;3;2;4;5;1;2;6;0;25;16;6;1;25;25;5;5;3;12;4;5;6;0;3;18;16;3;6;5;2;4;11;5;6;22;2.7768860625860254
TRACK:1446;1433;-1;1;6;2;3;3;0;2;2;1;6;23;-0.7123730054509843;19;3;2;18;11;5;4;1;25;10;6;1;2;1;14;21;-1.0757900173757493;6;23;-0.9142054461928327;0;0;19;11;12;1;1;4;3;3;0;1;22;6.3590689709818315;19;1;12;12;16;4;5;2;0;21;4.2529744333188235;12;5;21;-0.30687110562200925;2;3;2;4;5;1;2;6;3;25;6;1;25;25;5;4;2;17;24;6;5;4;1;4;2;21;2.6950408562238604;22;-2.553287817760461;4;4;25;3;6;5;2;4;11;5;6;22;3.044898316727134
TRACK:1447;1435;-1;1;6;2;3;3;0;0;2;0;23;1.2438318444654541;18;3;23;5.721633367093801;4;3;22;3.8953177323537744;6;1;2;1;14;21;-1.1226693876490441;6;23;-1.1165065978888655;0;0;19;11;4;8;1;1;4;3;3;0;1;22;6.137758532287616;19;1;12;12;16;4;5;2;0;21;4.452861240270531;12;5;10;2;3;2;4;5;2;6;6;1;20;-4.695524607720803;7;-3.893945494326303;0;2;4;17;4;22;-7.489626636649664;4;4;15;4;6;0;4;12;4;19;3;6;5;2;4;11;5;6;22;3.0114875315954692
TRACK:1448;1437;-1;1;6;2;3;3;0;2;2;1;6;23;-0.87762915497688;1;24;12;5;13;5;4;1;9;10;22;-2.654742066285871;1;1;4;3;3;0;1;22;6.160226584245491;19;1;12;12;16;4;5;2;0;21;4.641263509868391;12;5;21;-0.2994475466181452;2;3;2;4;5;1;2;6;0;25;16;6;1;25;25;5;5;3;12;4;5;6;0;25;16;3;6;0;2;4;4;1;8;7;-8.93127556827491;4;5;3;11;3;3;1;4;15;5;17
TRACK:1449;1439;-1;1;6;2;3;3;0;2;2;1;6;23;-0.8315667626519536;1;24;12;5;13;5;4;1;9;10;6;1;2;1;14;21;-1.3643782620868325;6;23;-1.0258096007617703;0;0;19;11;4;8;1;1;4;3;3;0;1;22;6.1131888310893014;19;1;12;12;16;4;5;2;0;21;4.819251677843137;12;5;10;2;3;2;4;5;1;2;6;0;25;16;6;1;25;25;5;5;3;12;4;6;0;4;2;1;14;21;-1.2231657400740168;6;23;-0.7466418040313028;4;19;3;6;5;2;4;11;0;20;-8.483092892522544;15
EVAL_INSTANCE:72:0:1440
EVAL_INSTANCE:72:1:1441
EVAL_INSTANCE:72:2:1442
EVAL_INSTANCE:72:3:1443
EVAL_INSTANCE:72:4:1444
EVAL_INSTANCE:72:5:1445
EVAL_INSTANCE:72:6:1446
EVAL_INSTANCE:72:7:1447
EVAL_INSTANCE:72:8:1448
EVAL_INSTANCE:72:9:1449
RUN_RESULT:72:0:0:2000:----
RUN_RESULT:72:1:0:2000:----
RUN_RESULT:72:2:0:2000:----
RUN_RESULT:72:3:0:68:RRURUUDDRUUDDD
RUN_RESULT:72:4:0:69:RRURUUDDRUUDDD
RUN_RESULT:72:5:0:67:RRURUUDDRUUDDD
RUN_RESULT:72:6:0:2000:----
RUN_RESULT:72:7:0:2000:----
RUN_RESULT:72:8:0:2000:----
RUN_RESULT:72:9:0:2000:----
    73 |      730 | -3.932800E+03 | -3.934000E+03
TRACK:1450;1201;1424;1;6;2;3;3;0;2;2;1;6;23;-0.8505500683502056;1;24;12;5;13;5;4;1;9;10;6;1;2;17;6;23;-0.86849873175683;0;0;19;11;4;8;1;1;4;3;3;0;1;22;6.295694983885563;19;1;12;12;16;4;5;2;0;21;4.621591656125754;12;5;21;-0.32479583455293387;2;3;2;4;5;1;2;6;0;25;16;6;1;25;25;5;5;3;12;4;5;6;0;25;16;3;6;5;2;4;11;5;6;22;2.7499413106971184
TRACK:1451;1201;1424;1;6;2;3;3;0;2;2;1;12;12;5;13;5;4;1;9;10;6;1;2;1;14;21;-1.1264695735894386;6;23;-0.9316516044441946;0;0;19;11;4;8;1;1;4;3;3;0;1;22;6.077207254425505;19;1;12;12;16;4;5;2;0;21;4.828428278297536;12;5;10;2;3;2;4;5;2;6;6;1;20;-4.594025358997871;7;-3.8765575731336988;0;2;4;17;4;22;-7.710841834005764;4;4;15;4;6;0;4;12;4;19;3;6;5;2;4;11;2;1;14;21;-1.1385438819807014;6;23;-0.86849873175683
TRACK:1452;1420;1347;1;6;2;3;3;0;2;2;1;6;23;-0.8831151126920823;1;24;12;5;13;5;4;1;9;10;6;1;2;1;14;21;-1.2729898538148057;6;23;-0.8280721058214728;0;0;19;21;4.7268969584781875;4;8;1;1;4;3;3;0;1;22;6.211347948215803;19;1;12;15;16;4;5;2;0;21;4.779694888678888;12;5;21;-0.5456223735859338;2;3;2;4;5;1;2;6;0;25;16;6;1;25;25;5;5;3;12;4;5;6;0;25;16;3;6;5;2;4;11;5;6;22;2.5345366292367895
TRACK:1453;1420;1347;1;6;2;3;3;0;1;22;6.211347948215803;19;1;12;15;1;1;4;3;3;0;1;22;6.144014621895177;19;1;12;12;16;4;5;2;0;21;4.7268969584781875;12;5;10;2;3;2;4;5;1;2;6;0;25;16;6;1;25;25;5;5;3;12;4;6;0;4;12;4;19;3;6;5;2;4;11;5;6;22;2.6967618285960384
TRACK:1454;1445;1201;1;6;2;3;3;0;2;2;1;6;23;-0.8851630984749073;5;13;5;13;5;4;1;9;10;6;1;2;1;14;21;-1.0879862077873157;6;23;-0.7495234319160596;0;0;19;11;4;8;1;1;4;3;3;0;1;22;6.204352175826523;19;1;12;12;16;4;5;2;0;21;4.604609411489639;12;5;21;-0.3047306239954902;2;3;2;4;4;5;2;0;21;4.621591656125754;12;5;21;-0.32479583455293387;4;5;6;0;3;18;16;3;6;5;2;4;11;5;6;22;2.7768860625860254
TRACK:1455;1445;1201;1;6;2;3;3;0;2;2;1;6;23;-0.8505500683502056;1;19;12;5;13;5;4;1;9;10;6;1;2;1;14;21;-1.1385438819807014;6;23;-0.86849873175683;0;0;19;11;4;8;1;1;4;3;3;0;1;22;6.295694983885563;19;1;12;12;16;4;5;2;0;21;4.621591656125754;12;5;21;-0.32479583455293387;2;3;2;4;5;1;2;6;0;25;16;6;1;25;25;5;5;3;12;4;5;6;0;25;16;3;6;5;2;4;11;5;6;22;2.7499413106971184
TRACK:1456;1445;1347;1;6;2;3;3;0;2;2;1;6;23;-0.8851630984749073;5;13;5;13;5;4;1;9;10;6;1;2;1;14;21;-1.0879862077873157;6;22;2.6967618285960384;0;0;19;11;4;8;1;1;4;3;3;0;1;22;6.204352175826523;19;1;12;12;16;4;5;2;0;21;4.604609411489639;12;5;21;-0.3047306239954902;2;3;2;4;5;1;2;6;0;25;16;6;1;25;25;5;5;3;12;4;5;6;0;3;18;16;3;6;5;2;4;11;5;6;22;2.7768860625860254
TRACK:1457;1445;1347;1;6;2;3;3;0;2;2;1;6;23;-0.8429392638773952;1;24;12;5;13;5;4;1;9;10;6;1;2;1;14;21;-1.2791009493686425;6;23;-0.9684083496067365;0;0;19;11;4;8;1;1;4;3;3;0;1;22;6.144014621895177;19;1;12;12;16;4;5;2;0;21;4.7268969584781875;12;5;10;2;3;0;2;2;1;6;23;-0.8851630984749073;5;13;5;13;5;4;1;9;10;6;1;2;1;14;21;-1.0879862077873157;6;23;-0.7495234319160596;0;0;19;11;4;8;3;6;5;2;4;11;5;6;22;2.6967618285960384
TRACK:1458;1424;1360;1;6;2;3;3;0;2;10;5;4;1;9;10;6;1;2;1;14;21;-1.1264695735894386;6;23;-0.9316516044441946;0;0;19;11;4;8;1;1;4;3;3;0;1;22;6.077207254425505;19;1;12;12;16;4;5;2;0;21;4.828428278297536;12;5;10;2;3;2;4;5;2;6;6;1;20;-4.594025358997871;7;-3.8765575731336988;0;2;4;17;4;22;-7.710841834005764;4;4;15;4;6;0;4;12;4;19;3;6;5;2;4;11;5;6;22;2.8036288404563257
TRACK:1459;1424;1360;1;6;2;3;3;0;2;2;1;6;23;-0.755512139424467;1;24;12;5;13;5;4;1;9;10;6;1;2;1;14;21;-1.3140052999817173;6;23;-1.0364863830647997;0;0;19;11;4;8;1;1;4;3;3;0;1;22;6.122755970594815;19;1;25;12;16;4;5;2;0;21;4.72216988921588;12;5;10;2;3;2;4;5;1;2;6;11;6;1;25;25;5;5;3;12;4;6;0;4;12;4;19;3;6;5;2;4;11;5;6;22;2.8048424174227153
TRACK:1460;1201;-1;1;6;2;3;3;0;2;2;1;6;23;-0.7066920478060508;1;24;12;6;1;22;7.502052671106618;16;5;4;1;9;10;6;1;2;1;14;21;-1.2102660085627797;6;23;-0.893455893722316;0;0;19;11;4;8;1;1;4;3;3;0;1;22;6.240119207112863;19;1;12;12;16;4;5;2;0;21;4.613391702667893;12;5;21;-0.5431271793710148;2;3;2;4;5;1;2;6;0;25;16;6;1;25;25;5;5;3;12;4;5;6;0;25;16;3;6;5;2;4;11;5;6;22;2.751159062468855
TRACK:1461;1452;-1;1;6;6;2;6;2;9;24;1;1;22;-3.1750779042642847;20;5.196532464547543;6;22;-7.10393712767555;2;3;2;4;5;1;2;6;0;25;16;6;1;25;25;5;5;3;12;4;5;6;0;25;16;3;6;5;2;4;11;5;6;22;2.4417744349329307
TRACK:1462;1454;-1;1;6;2;3;3;0;2;2;1;6;23;-0.9899975477887503;5;13;5;13;5;4;1;9;10;1;0;1;6;10;5;21;-7.755478610863495;4;2;10;9;4;3;0;23;8.037141020395243;18;1;1;4;3;3;0;1;22;6.303590782530747;19;1;12;12;16;4;5;2;0;21;4.544813507827906;12;5;21;-0.3072112816328005;2;3;2;4;4;5;2;0;21;4.661600245154528;12;5;21;-0.238821868706236;4;5;6;0;3;18;16;3;6;5;2;4;11;5;6;22;2.6126420680000653
TRACK:1463;1456;-1;1;6;2;3;3;0;2;2;1;6;23;-0.8413679531982506;5;13;5;13;5;4;1;9;10;6;1;2;1;14;21;-1.2461347016419466;6;22;2.7605383888021287;0;0;19;11;4;8;1;1;4;3;3;0;1;22;6.069098398113583;19;1;12;12;16;4;5;2;0;21;4.562887884783;12;5;21;-0.27786046161997613;2;3;2;4;5;1;2;6;0;25;16;6;1;25;25;5;5;3;12;4;5;6;0;3;18;16;3;6;5;2;4;11;4;8
TRACK:1464;1458;-1;1;6;2;3;3;0;2;10;5;4;1;9;10;6;1;2;1;14;21;-1.2309800623527896;6;23;-0.7945339911075056;0;0;19;11;4;8;1;1;4;3;3;0;1;22;6.238110180428178;19;1;12;12;4;6;6;3;2;9;25;4;5;2;0;21;4.618711911552593;12;5;10;2;3;2;4;5;2;6;6;1;20;-4.486824267914463;7;-3.8108765616851943;0;2;4;17;4;22;-7.765452976015988;4;4;15;4;6;0;4;12;4;19;3;6;5;2;4;11;5;6;22;2.8359802333207944
TRACK:1465;1424;-1;1;6;5;0;6;0;3;0;0;22;-1.5957928452046346;23;4.863599165830221;3;11;5;5;0;17;12;3;3;0;3;3;24;4;3;12;2;3;2;4;5;2;6;6;1;20;-4.545182149101124;7;-3.714337344182582;0;2;4;17;4;22;-7.695762698647513;4;4;15;4;6;0;4;12;4;19;3;6;5;2;4;11;5;6;22;2.827991358479033
TRACK:1466;1453;-1;1;6;2;3;3;0;1;22;6.372034868832209;19;1;12;15;1;1;4;3;3;0;1;22;6.1795831690447995;19;1;19;15;16;4;5;2;0;21;4.671092699817573;12;5;10;2;3;2;4;5;1;2;6;0;25;16;6;1;25;25;5;5;3;12;4;6;0;4;12;4;19;3;6;5;2;4;11;5;6;22;2.6763420913636597
TRACK:1467;1455;-1;1;6;2;3;3;0;2;2;1;6;23;-0.5940638498471194;1;19;12;5;13;5;4;1;9;10;6;1;1;15;17;0;0;19;11;4;8;1;1;4;3;3;0;1;22;6.390873468217565;19;1;12;12;16;4;5;2;0;21;4.624236500576973;12;5;21;-0.33647808391276457;2;3;2;4;5;1;2;6;0;25;16;6;1;25;25;5;5;3;12;4;5;6;0;25;16;3;6;5;2;4;11;5;6;22;2.7097510248862986
TRACK:1468;1457;-1;1;6;2;3;6;1;2;15;8;5;20;-1.7652310711217574;1;1;4;3;3;0;1;22;6.138964443320951;19;1;12;12;16;4;5;2;0;21;4.751477005047696;12;5;10;2;3;0;2;2;1;6;23;-1.0857088072039245;5;13;5;13;5;4;1;9;10;6;1;2;1;14;21;-1.1596130943141718;6;23;-0.7000782343348876;0;0;19;11;4;8;3;6;5;2;4;11;5;6;22;2.6698755992967538
TRACK:1469;1459;-1;1;6;2;3;3;0;2;2;1;6;23;-0.706425834625472;1;24;12;5;13;5;4;1;9;10;6;1;2;1;14;21;-1.321909568913624;6;23;-0.9366800089487188;0;0;19;11;4;8;1;1;4;3;3;0;1;22;6.247601632742697;19;1;25;12;16;4;5;2;0;21;4.73194907300993;12;5;10;2;3;2;4;5;1;2;6;11;6;1;25;25;5;5;3;12;4;6;0;4;12;4;19;3;6;5;2;4;11;5;6;22;3.0565163062848364
EVAL_INSTANCE:73:0:1460
EVAL_INSTANCE:73:1:1461
EVAL_INSTANCE:73:2:1462
EVAL_INSTANCE:73:3:1463
EVAL_INSTANCE:73:4:1464
EVAL_INSTANCE:73:5:1465
EVAL_INSTANCE:73:6:1466
EVAL_INSTANCE:73:7:1467
EVAL_INSTANCE:73:8:1468
EVAL_INSTANCE:73:9:1469
RUN_RESULT:73:0:0:2000:----
RUN_RESULT:73:1:0:2000:----
RUN_RESULT:73:2:0:1162:RRURUUDDDDRRUUUDLUUDDD
RUN_RESULT:73:3:0:2000:----
RUN_RESULT:73:4:0:2000:----
RUN_RESULT:73:5:0:649:RRURRUURDDDLLUUUDDD
RUN_RESULT:73:6:0:2000:----
RUN_RESULT:73:7:0:888:RRURUUDDRUUDDD
RUN_RESULT:73:8:0:2000:----
RUN_RESULT:73:9:0:67:RRURUUDDRUUDDD
    74 |      740 | -3.932900E+03 | -3.934000E+03
TRACK:1470;1201;1469;1;6;2;3;3;0;2;2;1;6;23;-0.8505500683502056;1;24;12;5;13;5;4;1;9;10;6;1;2;21;4.73194907300993;6;23;-0.86849873175683;0;0;19;11;4;8;1;1;4;3;3;0;1;22;6.295694983885563;19;1;12;12;16;4;5;2;0;21;4.621591656125754;12;5;21;-0.32479583455293387;2;3;2;4;5;1;2;6;0;25;16;6;1;25;25;5;5;3;12;4;5;6;0;25;16;3;6;5;2;4;11;5;6;22;2.7499413106971184
TRACK:1471;1201;1469;1;6;2;3;3;0;2;2;1;6;23;-0.706425834625472;1;24;12;5;13;5;4;1;9;10;6;1;2;1;14;21;-1.321909568913624;6;23;-0.9366800089487188;0;0;19;11;4;8;1;1;4;3;3;0;1;22;6.247601632742697;19;1;25;16;16;4;5;2;0;21;4.73194907300993;12;5;10;2;3;2;4;5;1;2;6;11;6;1;25;25;5;5;3;12;4;6;0;4;12;4;19;3;6;5;2;4;11;5;6;22;3.0565163062848364
TRACK:1472;1420;1424;1;6;2;3;3;0;2;2;1;6;23;-0.8831151126920823;1;24;12;5;13;5;4;1;9;10;6;1;2;1;14;21;-1.2729898538148057;6;23;-0.8280721058214728;0;0;19;11;4;8;1;1;4;3;3;0;1;22;6.211347948215803;19;1;12;15;16;4;5;2;0;21;4.779694888678888;12;5;21;-0.5456223735859338;2;3;2;4;5;1;2;6;0;25;16;6;1;25;25;5;5;3;12;4;5;5;2;0;21;4.828428278297536;12;5;10;3;6;5;2;4;11;5;6;22;2.5345366292367895
TRACK:1473;1420;1424;1;6;2;3;3;0;2;2;1;12;12;5;13;5;4;1;9;10;6;1;2;1;14;21;-1.1264695735894386;6;23;-0.9316516044441946;0;0;19;11;4;8;1;1;4;3;3;0;1;22;6.077207254425505;19;1;12;12;16;4;5;2;0;21;4.828428278297536;12;5;10;2;3;2;4;5;2;6;6;1;20;-4.594025358997871;7;-3.8765575731336988;0;2;4;17;4;22;-7.710841834005764;0;25;16;4;6;0;4;12;4;19;3;6;5;2;4;11;5;6;22;2.8036288404563257
TRACK:1474;1360;1445;1;6;2;3;3;0;2;2;1;6;23;-0.755512139424467;1;24;12;5;13;5;4;1;9;10;6;1;2;1;14;11;6;23;-1.0364863830647997;0;0;19;11;4;8;1;1;4;3;3;0;1;22;6.122755970594815;19;1;25;12;16;4;5;2;0;21;4.72216988921588;12;5;10;2;3;2;4;5;1;2;6;0;25;16;6;1;25;25;5;5;3;12;4;6;0;4;12;4;19;3;6;5;2;4;11;5;6;22;2.8048424174227153
TRACK:1475;1360;1445;1;6;2;3;3;0;2;2;1;6;23;-0.8851630984749073;5;13;5;13;5;4;1;9;10;6;1;2;1;14;21;-1.0879862077873157;6;23;-0.7495234319160596;0;0;19;11;4;8;1;1;4;3;3;0;1;22;6.204352175826523;19;1;12;12;16;4;5;2;0;21;4.604609411489639;23;-1.0364863830647997;5;21;-0.3047306239954902;2;3;2;4;5;1;2;6;0;25;16;6;1;25;25;5;5;3;12;4;5;6;0;3;18;16;3;6;5;2;4;11;5;6;22;2.7768860625860254
TRACK:1476;1420;1347;1;6;2;3;3;0;2;2;1;6;23;-0.8831151126920823;1;24;12;5;13;5;0;19;11;6;1;2;1;14;21;-1.2729898538148057;6;23;-0.8280721058214728;0;0;19;11;4;8;1;1;4;3;3;0;1;22;6.211347948215803;19;1;12;15;16;4;5;2;0;21;4.779694888678888;12;5;21;-0.5456223735859338;2;3;2;4;5;1;2;6;0;25;16;6;1;25;25;5;5;3;12;4;5;6;0;25;16;3;6;5;2;4;11;5;6;22;2.5345366292367895
TRACK:1477;1420;1347;1;6;2;3;3;0;2;2;1;6;23;-0.8429392638773952;1;24;12;5;13;5;4;1;9;10;6;1;2;1;14;21;-1.2791009493686425;6;23;-0.9684083496067365;0;0;19;11;4;8;1;1;4;3;3;0;1;22;6.144014621895177;19;1;12;12;16;4;5;2;0;21;4.7268969584781875;12;5;1;6;23;-0.8831151126920823;1;24;12;2;3;2;4;5;1;2;6;0;25;16;6;1;25;25;5;5;3;12;4;6;0;4;12;4;19;3;6;5;2;4;11;5;6;22;2.6967618285960384
TRACK:1478;1424;1201;1;6;2;3;3;0;2;2;1;12;12;5;13;5;4;1;9;10;6;1;2;1;14;21;-1.1264695735894386;6;23;-0.9316516044441946;0;0;19;11;4;8;1;1;4;3;3;0;1;22;6.077207254425505;19;1;12;12;16;4;5;2;0;21;4.828428278297536;12;5;10;2;3;2;4;5;2;6;6;1;20;-4.594025358997871;7;-3.8765575731336988;0;2;4;25;4;22;-7.710841834005764;4;4;15;4;6;0;4;12;4;19;3;6;5;2;4;11;5;6;22;2.8036288404563257
TRACK:1479;1424;1201;1;6;2;3;3;0;2;2;1;6;23;-0.8505500683502056;1;24;12;5;13;5;4;1;9;10;6;1;2;1;14;21;-1.1385438819807014;6;23;-0.86849873175683;0;0;19;11;4;8;1;1;4;3;3;0;1;22;6.295694983885563;19;1;12;12;16;4;5;2;0;21;4.621591656125754;12;5;21;-0.32479583455293387;2;3;2;4;5;1;2;6;0;25;16;6;1;25;25;5;1;9;10;4;5;6;0;25;16;3;6;5;2;4;11;5;6;22;2.7499413106971184
TRACK:1480;1470;-1;1;6;2;3;3;0;2;2;1;6;23;-0.8230299048863626;1;24;12;5;13;5;4;1;9;10;6;1;2;21;4.914015234514181;6;23;-0.972711069614189;0;0;19;11;4;8;1;1;4;3;3;0;1;22;6.238641782161167;19;1;12;12;16;4;5;2;1;8;18;5;21;-0.29439585148984637;2;3;2;4;5;1;2;6;0;25;16;6;1;25;25;5;5;3;12;4;5;6;0;25;16;3;6;5;2;4;11;5;6;22;2.903171857394366
TRACK:1481;1472;-1;1;6;2;3;3;0;2;2;1;6;23;-0.7938154720913009;1;24;12;5;13;5;4;1;9;10;6;1;2;1;14;21;-1.2732019057531807;6;23;-1.0093220874368054;0;0;19;11;4;8;1;1;4;3;3;0;1;22;6.333814271585956;19;1;12;15;16;4;5;2;0;21;4.679012511861736;12;5;21;-0.5857635055665679;2;3;2;4;5;1;2;6;0;25;16;6;1;25;25;5;5;4;7;8.212395618821553;4;5;5;2;0;21;4.951704768957685;12;5;10;3;6;5;2;4;11;5;6;22;2.631874507697486
TRACK:1482;1474;-1;1;6;2;3;3;0;2;2;1;6;23;-0.7251522780815184;1;7;-9.746342037453267;12;5;13;5;4;1;9;10;6;1;2;1;14;11;6;23;-0.8869807475065006;0;0;19;11;4;8;1;1;4;3;3;0;1;22;5.900423171900663;19;1;25;12;16;4;5;2;0;21;4.722687805367459;12;5;10;2;3;2;4;5;1;2;6;0;25;16;6;1;25;25;5;5;3;12;4;6;0;4;12;4;19;3;6;5;2;4;11;5;6;22;3.0255164598886912
TRACK:1483;1476;-1;1;6;2;3;3;0;2;2;1;6;23;-0.9790317823702966;1;24;12;5;13;5;0;19;11;6;1;2;1;14;21;-1.377540966512962;6;23;-0.8566861893128002;0;0;19;11;4;8;1;1;4;3;3;0;1;22;6.409723356875694;19;1;12;15;16;4;5;2;0;21;4.922984072995801;12;5;21;-0.5867789060612109;2;3;2;4;5;1;2;6;0;25;16;6;1;25;25;5;5;3;12;4;4;2;20;-9.459855072294053;15;3;6;5;2;4;11;5;6;22;2.495481894008625
TRACK:1484;1478;-1;1;6;2;3;3;0;2;2;1;12;12;5;13;5;4;1;9;10;6;1;2;1;14;21;-1.1863246826456106;6;23;-0.8088040203252487;0;0;19;11;4;8;1;1;4;3;3;0;1;22;6.0991965237373496;19;1;12;12;16;4;5;2;0;21;4.753700172178228;12;5;10;2;3;2;4;5;2;6;6;1;20;-4.574829523863711;7;-3.9269670744807565;0;2;4;25;4;22;-7.687798064859364;4;4;15;4;6;0;4;12;4;19;3;4;18
TRACK:1485;1471;-1;1;6;2;3;3;0;2;2;1;6;23;-0.8106195822040012;1;24;12;5;13;5;5;4;16;6;1;2;1;14;21;-1.346557496027616;6;23;-0.7886507306333095;0;0;19;11;4;8;1;1;4;3;3;0;1;22;6.091264627331121;19;1;25;16;16;4;5;2;0;21;4.59669849658183;12;5;10;2;3;2;4;5;1;2;6;11;6;1;25;25;5;5;3;12;4;6;0;4;12;4;19;3;6;5;2;4;11;5;6;22;3.097145876469445
TRACK:1486;1473;-1;1;6;2;3;3;0;2;2;1;12;1;18;7;9.743113594750476;5;13;5;4;1;9;10;6;1;2;1;14;21;-1.0129174398504373;6;23;-1.0314284576966883;0;0;19;11;4;8;1;1;4;3;3;0;1;22;6.124443140157382;19;1;12;12;16;4;5;2;0;21;4.7423132612071655;12;5;10;2;3;2;4;5;2;6;6;1;20;-4.84927075956137;7;-3.8912641915691766;0;2;4;17;4;22;-7.571510191190154;0;25;16;4;6;0;4;12;4;19;3;6;5;2;4;11;5;6;22;2.808105114061211
TRACK:1487;1475;-1;1;6;2;3;3;0;2;2;1;6;23;-0.8598878159721097;5;13;5;13;5;4;2;8;19;6;1;2;1;14;21;-1.161885222480374;6;23;-0.7929368573472227;0;0;19;11;4;8;1;1;4;3;3;0;1;22;6.210053220634513;19;1;12;12;16;4;5;2;0;21;4.698062132306695;23;-1.1067167112814886;5;21;-0.37739689007243177;2;3;2;4;5;1;2;6;0;25;16;6;1;25;25;5;5;3;12;4;5;6;0;3;18;16;3;6;5;2;4;11;5;6;22;2.815736525238495
TRACK:1488;1477;-1;1;6;2;3;3;0;2;3;4;12;5;4;1;9;10;6;1;2;1;14;21;-1.530915172842214;6;23;-0.9821925631683499;0;0;19;11;4;8;1;1;4;3;3;0;1;22;6.16338838803472;19;1;12;12;16;4;5;2;0;21;4.968713855231907;12;5;1;6;23;-0.7196405601844096;1;24;12;2;3;2;4;5;1;2;6;0;25;16;6;1;25;25;5;5;3;12;4;6;0;4;12;4;19;3;6;5;2;4;11;5;6;22;2.7333115825350656
TRACK:1489;1479;-1;1;6;2;3;3;0;2;2;1;6;23;-0.7580991781781443;1;24;12;5;13;5;4;1;9;10;6;1;2;1;14;21;-0.9586061823799782;6;23;-0.8923020898544811;0;0;19;11;4;8;1;1;4;3;3;0;1;22;6.259667203738551;19;1;12;12;16;4;5;2;0;21;4.733273212270614;12;5;21;-0.3971693518684187;2;3;2;4;5;1;2;6;0;25;16;6;1;25;25;5;1;9;10;4;5;6;0;5;11;2;24;24;3;6;5;2;4;11;5;6;22;2.686170500820321
EVAL_INSTANCE:74:0:1480
EVAL_INSTANCE:74:1:1481
EVAL_INSTANCE:74:2:1482
EVAL_INSTANCE:74:3:1483
EVAL_INSTANCE:74:4:1484
EVAL_INSTANCE:74:5:1485
EVAL_INSTANCE:74:6:1486
EVAL_INSTANCE:74:7:1487
EVAL_INSTANCE:74:8:1488
EVAL_INSTANCE:74:9:1489
RUN_RESULT:74:0:0:2000:----
RUN_RESULT:74:1:0:2000:----
RUN_RESULT:74:2:0:152:RRURUUDDRUUDDD
RUN_RESULT:74:3:0:75:RRURUUDDRUUDDD
RUN_RESULT:74:4:0:2000:----
RUN_RESULT:74:5:0:2000:----
RUN_RESULT:74:6:0:66:RRURUUDDRUUDDD
RUN_RESULT:74:7:0:67:RRURUUDDRUUDDD
RUN_RESULT:74:8:0:69:RRURUUDDRUUDDD
RUN_RESULT:74:9:0:67:RRURUUDDRUUDDD
    75 |      750 | -3.933300E+03 | -3.934000E+03
TRACK:1490;1347;1486;1;6;2;3;3;0;2;2;1;6;23;-0.8429392638773952;1;24;12;19;5;4;1;9;10;6;1;2;1;14;21;-1.2791009493686425;6;23;-0.9684083496067365;0;0;19;11;4;8;1;1;4;3;3;0;1;22;6.144014621895177;19;1;12;12;16;4;5;2;0;21;4.7268969584781875;12;5;10;2;3;2;4;5;1;2;6;0;25;16;6;1;25;25;5;5;3;12;4;6;0;4;12;4;19;3;6;5;2;4;11;5;6;22;2.6967618285960384
TRACK:1491;1347;1486;1;6;2;3;3;0;2;2;1;12;1;18;7;9.743113594750476;5;13;5;4;1;9;10;6;1;2;1;14;21;-1.0129174398504373;6;23;-1.0314284576966883;0;0;19;11;4;8;1;1;4;3;3;0;1;22;6.124443140157382;19;1;12;12;16;4;5;2;0;21;4.7423132612071655;12;5;10;2;3;2;4;5;2;6;6;1;20;-4.84927075956137;7;-3.8912641915691766;0;2;4;17;4;22;-7.571510191190154;0;25;16;4;6;0;4;12;4;19;3;6;5;2;4;11;5;6;22;2.808105114061211
TRACK:1492;1420;1489;1;6;2;3;3;0;2;2;1;6;23;-0.8831151126920823;1;24;12;5;13;5;4;1;9;10;6;1;2;1;14;21;-1.2729898538148057;6;23;-0.8280721058214728;0;0;19;11;4;8;1;1;4;3;3;0;1;22;6.211347948215803;19;1;12;15;16;4;5;2;0;21;4.779694888678888;12;5;21;-0.5456223735859338;2;3;2;4;5;1;2;6;0;25;16;6;1;25;25;5;5;3;12;4;5;6;0;1;14;21;-0.9586061823799782;16;3;6;5;2;4;11;5;6;22;2.5345366292367895
TRACK:1493;1420;1489;1;6;2;3;3;0;2;2;1;6;23;-0.7580991781781443;1;24;12;5;13;5;4;1;9;10;6;1;2;1;14;21;-0.9586061823799782;6;23;-0.8923020898544811;0;0;19;11;4;8;1;1;4;3;3;0;1;22;6.259667203738551;19;1;12;12;16;4;5;3;0;1;22;6.211347948215803;19;1;12;15;2;3;2;4;5;1;2;6;0;25;16;6;1;25;25;5;1;9;10;4;5;6;0;5;11;2;24;24;3;6;5;2;4;11;5;6;22;2.686170500820321
TRACK:1494;1424;1201;1;6;2;3;3;0;2;2;1;12;12;5;13;5;4;1;9;10;6;1;2;1;14;21;-1.1264695735894386;6;23;-0.9316516044441946;0;0;19;11;4;8;1;1;0;25;16;16;4;5;2;0;21;4.828428278297536;12;5;10;2;3;2;4;5;2;6;6;1;20;-4.594025358997871;7;-3.8765575731336988;0;2;4;17;4;22;-7.710841834005764;4;4;15;4;6;0;4;12;4;19;3;6;5;2;4;11;5;6;22;2.8036288404563257
TRACK:1495;1424;1201;1;6;2;3;3;0;2;2;1;6;23;-0.8505500683502056;1;24;12;5;13;5;4;1;9;10;6;1;2;1;14;21;-1.1385438819807014;6;23;-0.86849873175683;0;0;19;11;4;8;1;1;4;3;3;0;1;22;6.295694983885563;19;1;12;12;16;4;5;2;0;21;4.621591656125754;12;5;21;-0.32479583455293387;2;3;2;4;5;1;2;6;0;25;16;6;1;25;25;5;5;7;-3.8765575731336988;4;5;6;0;25;16;3;6;5;2;4;11;5;6;22;2.7499413106971184
TRACK:1496;1489;1424;1;6;2;3;3;0;2;2;1;6;12;1;24;12;5;13;5;4;1;9;10;6;1;2;1;14;21;-0.9586061823799782;6;23;-0.8923020898544811;0;0;19;11;4;8;1;1;4;3;3;0;1;22;6.259667203738551;19;1;12;12;16;4;5;2;0;21;4.733273212270614;12;5;21;-0.3971693518684187;2;3;2;4;5;1;2;6;0;25;16;6;1;25;25;5;1;9;10;4;5;6;0;5;11;2;24;24;3;6;5;2;4;11;5;6;22;2.686170500820321
TRACK:1497;1489;1424;1;6;2;3;3;0;2;2;1;12;12;5;13;5;4;4;8;6;1;2;1;14;21;-1.1264695735894386;6;23;-0.9316516044441946;0;0;19;11;4;8;1;1;4;3;3;0;1;22;6.077207254425505;19;1;12;12;16;4;5;2;0;21;4.828428278297536;12;5;10;2;3;2;4;5;2;6;6;1;20;-4.594025358997871;7;-3.8765575731336988;0;2;4;17;4;22;-7.710841834005764;4;4;15;4;6;0;4;12;4;19;3;6;5;2;4;11;5;6;22;2.8036288404563257
TRACK:1498;1360;1486;1;6;2;3;3;0;2;2;1;6;23;-0.755512139424467;1;24;12;5;13;5;4;1;9;10;6;1;2;1;14;21;-1.3140052999817173;6;23;-1.0364863830647997;0;0;19;11;4;8;1;1;4;3;3;0;1;22;6.124443140157382;19;1;25;12;16;4;5;2;0;21;4.72216988921588;12;5;10;2;3;2;4;5;1;2;6;0;25;16;6;1;25;25;5;5;3;12;4;6;0;4;12;4;19;3;6;5;2;4;11;5;6;22;2.8048424174227153
TRACK:1499;1360;1486;1;6;2;3;3;4;5;2;0;21;4.72216988921588;12;5;10;1;1;4;3;3;0;1;22;6.124443140157382;19;1;12;12;16;4;5;2;0;21;4.7423132612071655;12;5;10;2;3;2;4;5;2;6;6;1;20;-4.84927075956137;7;-3.8912641915691766;0;2;4;17;4;22;-7.571510191190154;0;25;16;4;6;0;4;12;4;19;3;6;5;2;4;11;5;6;22;2.808105114061211
TRACK:1500;1347;-1;1;6;2;3;3;0;2;2;6;14;5;13;5;4;1;9;10;6;1;2;1;14;21;-1.2375590402441894;6;23;-1.001459578352782;0;0;19;11;4;8;1;1;4;3;3;0;1;22;6.135246696839772;19;1;12;12;16;4;5;2;0;21;4.6745149291837595;12;5;10;2;3;2;4;5;1;2;6;0;25;16;6;1;25;25;5;5;3;12;4;6;0;4;12;4;19;3;6;5;2;4;11;5;6;22;2.607111606433052
TRACK:1501;1492;-1;1;6;2;3;3;0;2;2;1;6;23;-0.8092568421978547;1;24;12;5;13;5;4;1;9;10;6;1;2;1;14;21;-1.2248920686695466;6;23;-0.764517461293255;0;0;19;11;4;8;1;1;4;3;3;0;1;22;6.076180318871887;19;1;12;15;16;4;5;2;0;21;4.754772407824934;12;5;21;-0.5514996252960406;2;3;2;4;5;1;2;6;0;25;16;6;1;25;25;5;5;3;12;4;5;6;0;1;14;21;-0.8715122529070214;16;3;6;5;2;4;11;1;1;4;1;13;22;8.531668440376517;2;2;14;10;0;22;8.003653762793263;12;1;5;6;21;-4.159771666743182;0;4;19;0;21;6.120522537245897;23;-0.7677461523469535
TRACK:1502;1494;-1;1;6;2;3;3;0;2;2;0;4;25;1;20;-1.298646638244179;9;5;13;5;4;1;9;10;6;1;2;1;14;21;-1.176481836582228;6;23;-0.7956594719871427;0;0;19;11;4;8;1;1;0;25;16;16;4;5;2;0;21;5.0860479081842;12;5;10;2;3;2;4;5;2;6;6;1;20;-4.642081747593028;7;-3.977422670135664;0;2;4;17;4;22;-7.758032970906412;4;4;15;4;6;0;4;12;4;19;3;6;5;2;4;11;5;6;22;2.7672091965058323
TRACK:1503;1496;-1;1;6;2;3;3;4;2;7;4.122243168770899;22;-5.766986207331923;1;1;4;3;3;0;1;22;6.117237839446324;19;1;12;12;16;4;5;2;0;21;4.756146392250041;12;5;21;-0.3628291859803167;2;3;2;4;5;1;2;6;0;25;16;6;1;25;25;5;1;9;10;4;5;6;0;5;11;2;24;24;3;6;5;2;4;11;5;6;22;2.635916951499699
TRACK:1504;1498;-1;1;6;2;3;3;0;2;2;1;6;23;-0.8382188432006497;1;24;12;5;13;5;4;1;17;10;6;1;2;1;14;21;-1.3169214005250558;6;23;-1.0211053750279113;0;0;19;11;4;8;1;1;4;3;3;0;1;22;6.252118285591731;19;1;25;12;16;4;5;2;0;21;4.820324661819162;12;5;10;2;3;2;4;5;1;2;6;0;25;16;6;1;25;25;5;5;3;12;4;6;0;4;12;4;19;3;6;5;2;4;11;5;6;22;2.7899871365624667
TRACK:1505;1486;-1;1;6;2;3;3;0;2;2;1;12;1;18;7;9.741935353742997;5;13;5;4;1;9;10;6;1;2;1;14;21;-0.9953439070040699;6;23;-1.113778233473682;0;0;19;11;4;8;1;1;4;3;3;0;1;22;6.066408632691206;19;1;12;12;16;4;5;2;0;21;4.66071307458395;12;5;10;2;3;2;4;5;2;6;6;1;20;-4.993767902951518;7;-3.9599370501602444;4;25;4;6;0;4;12;4;19;3;6;5;2;4;11;5;6;22;2.571839760236076
TRACK:1506;1493;-1;1;6;2;3;3;0;2;2;1;6;23;-0.7742423363467266;1;24;12;5;13;5;4;1;9;10;6;1;2;1;14;21;-0.8667171223185486;6;23;-0.7541957025811772;0;0;19;11;4;8;1;1;4;3;3;0;1;22;6.29525847942197;19;1;12;12;16;4;5;3;0;1;22;6.1279003218199675;19;1;12;5;20;2.889459828792898;2;3;2;4;5;1;2;6;0;25;16;6;1;25;25;5;1;9;10;4;5;6;0;5;11;2;24;24;3;6;5;2;4;11;5;6;22;2.6386452578998396
TRACK:1507;1495;-1;1;6;2;3;3;0;2;2;1;6;23;-0.8798901572150347;1;24;12;5;13;5;4;1;9;10;6;1;2;1;14;21;-1.1681125064898208;6;23;-0.7045825983866503;0;0;19;11;4;8;1;1;4;3;3;0;1;22;6.360537530127731;19;1;12;12;16;4;5;2;0;21;4.729097054602055;3;8;5;21;-0.3769631246033733;2;3;2;4;5;1;2;6;0;25;16;6;1;25;25;5;5;7;-3.864265912968241;4;5;6;0;25;16;3;6;5;2;4;11;5;6;22;2.829429166387758
TRACK:1508;1497;-1;1;6;2;3;3;0;2;2;1;12;12;5;13;5;4;4;8;6;1;2;1;14;21;-1.061494497237979;6;23;-0.9751980130805172;0;0;19;11;4;8;1;1;4;3;3;0;1;22;6.332522614813321;19;1;13;12;16;4;5;2;0;21;4.608095923465285;12;5;10;2;3;2;4;5;2;6;6;1;20;-4.74152529936004;7;-3.876058938379825;0;2;4;17;4;22;-7.735676907067517;4;4;15;4;6;0;4;12;4;19;3;6;5;2;4;11;5;6;22;2.790281526732184
TRACK:1509;1499;-1;1;6;2;3;3;4;5;2;0;21;4.665119461882309;12;5;10;1;1;4;3;3;0;1;22;6.03417542511874;19;1;12;12;16;4;5;2;0;21;4.78339982091749;12;0;2;10;18;4;21;5.215775784157909;2;3;2;4;5;2;6;6;1;20;-5.102752605731919;7;-3.9187887968869535;0;2;4;17;4;22;-7.486136868511643;0;25;16;4;6;0;4;12;4;19;3;6;5;2;4;11;5;6;22;2.81827333733788
EVAL_INSTANCE:75:0:1500
EVAL_INSTANCE:75:1:1501
EVAL_INSTANCE:75:2:1502
EVAL_INSTANCE:75:3:1503
EVAL_INSTANCE:75:4:1504
EVAL_INSTANCE:75:5:1505
EVAL_INSTANCE:75:6:1506
EVAL_INSTANCE:75:7:1507
EVAL_INSTANCE:75:8:1508
EVAL_INSTANCE:75:9:1509
RUN_RESULT:75:0:0:2000:----
RUN_RESULT:75:1:0:2000:----
RUN_RESULT:75:2:0:2000:----
RUN_RESULT:75:3:0:2000:----
RUN_RESULT:75:4:0:67:RRURUUDDRUUDDD
RUN_RESULT:75:5:0:66:RRURUUDDRUUDDD
RUN_RESULT:75:6:0:67:RRURUUDDRUUDDD
RUN_RESULT:75:7:0:66:RRURUUDDRUUDDD
RUN_RESULT:75:8:0:1745:RRURUDRUURDDDDLLUUUUDDD
RUN_RESULT:75:9:0:2000:----
    76 |      760 | -3.933500E+03 | -3.934000E+03
TRACK:1510;1486;1505;1;6;2;3;3;0;19;6;1;2;1;14;21;-1.0129174398504373;6;23;-1.0314284576966883;0;0;19;11;4;8;1;1;4;3;3;0;1;22;6.124443140157382;19;1;12;12;16;4;5;2;0;21;4.7423132612071655;12;5;10;2;3;2;4;5;2;6;6;1;20;-4.84927075956137;7;-3.8912641915691766;0;2;4;17;4;22;-7.571510191190154;0;25;16;4;6;0;4;12;4;19;3;6;5;2;4;11;5;6;22;2.808105114061211
TRACK:1511;1486;1505;1;6;2;3;3;0;2;2;1;12;1;18;7;9.741935353742997;5;13;5;4;1;9;10;6;1;2;1;14;21;-0.9953439070040699;6;23;-1.113778233473682;0;0;19;11;4;8;1;1;4;3;3;0;1;22;6.066408632691206;19;1;12;12;16;4;5;2;0;21;4.66071307458395;12;5;10;2;3;2;4;5;2;6;6;1;20;-4.993767902951518;7;-3.9599370501602444;2;1;12;1;18;7;9.743113594750476;5;13;4;6;0;4;12;4;19;3;6;5;2;4;11;5;6;22;2.571839760236076
TRACK:1512;1445;1201;1;6;2;3;3;0;2;2;1;6;23;-0.8851630984749073;5;13;5;13;5;4;1;9;10;6;1;2;1;14;21;-1.0879862077873157;6;23;-0.7495234319160596;0;0;19;11;16;1;1;4;3;3;0;1;22;6.204352175826523;19;1;12;12;16;4;5;2;0;21;4.604609411489639;12;5;21;-0.3047306239954902;2;3;2;4;5;1;2;6;0;25;16;6;1;25;25;5;5;3;12;4;5;6;0;3;18;16;3;6;5;2;4;11;5;6;22;2.7768860625860254
TRACK:1513;1445;1201;1;6;2;3;3;0;2;2;1;6;23;-0.8505500683502056;1;24;12;5;13;5;4;1;9;10;6;1;2;1;19;21;-1.1385438819807014;6;23;-0.86849873175683;0;0;19;11;4;8;1;1;4;3;3;0;1;22;6.295694983885563;19;1;12;12;16;4;5;2;0;21;4.621591656125754;12;5;21;-0.32479583455293387;2;3;2;4;5;1;2;6;0;25;16;6;1;25;25;5;5;3;12;4;5;6;0;25;16;3;6;5;2;4;11;5;6;22;2.7499413106971184
TRACK:1514;1507;1505;1;6;2;3;3;0;2;2;1;6;23;-0.8798901572150347;1;24;12;5;13;5;4;1;9;10;6;1;2;1;14;21;-1.1681125064898208;6;23;-0.7045825983866503;0;0;19;11;4;8;1;1;4;3;3;0;1;22;6.360537530127731;19;1;12;12;16;4;5;2;0;21;4.729097054602055;3;8;5;21;-0.3769631246033733;2;3;2;4;5;1;2;6;0;25;16;6;1;25;25;5;5;7;-3.864265912968241;4;5;6;11;3;6;5;2;4;11;5;6;22;2.829429166387758
TRACK:1515;1507;1505;1;6;2;3;3;0;2;2;1;12;1;18;7;9.741935353742997;5;13;5;4;1;9;10;6;1;2;1;14;21;-0.9953439070040699;6;23;-1.113778233473682;0;0;19;11;4;8;1;1;4;3;3;0;1;22;6.066408632691206;11;1;12;12;16;4;5;2;0;21;4.66071307458395;12;5;10;2;3;2;4;5;2;6;6;1;20;-4.993767902951518;7;-3.9599370501602444;4;25;4;6;0;4;12;4;19;3;6;5;2;4;11;5;6;22;2.571839760236076
TRACK:1516;1420;1507;1;6;2;3;3;0;2;2;8;5;13;5;4;1;9;10;6;1;2;1;14;21;-1.2729898538148057;6;23;-0.8280721058214728;0;0;19;11;4;8;1;1;4;3;3;0;1;22;6.211347948215803;19;1;12;15;16;4;5;2;0;21;4.779694888678888;12;5;21;-0.5456223735859338;2;3;2;4;5;1;2;6;0;25;16;6;1;25;25;5;5;3;12;4;5;6;0;25;16;3;6;5;2;4;11;5;6;22;2.5345366292367895
TRACK:1517;1420;1507;1;6;2;3;3;0;2;2;1;6;23;-0.8798901572150347;1;24;12;5;13;5;4;1;9;10;6;1;2;1;14;21;-1.1681125064898208;6;23;-0.7045825983866503;0;0;19;11;4;8;1;1;4;3;3;0;1;22;6.360537530127731;19;1;12;12;16;4;5;2;0;21;4.729097054602055;3;8;5;21;-0.3769631246033733;2;3;2;4;5;1;2;6;0;25;16;6;1;25;25;5;5;7;-3.864265912968241;4;5;6;0;25;16;3;6;1;6;23;-0.8831151126920823;1;24;12
TRACK:1518;1486;1201;1;6;2;3;3;0;2;2;1;12;1;18;7;9.743113594750476;5;13;5;4;1;9;10;6;1;2;1;14;21;-1.0129174398504373;6;23;-1.0314284576966883;25;1;1;4;3;3;0;1;22;6.124443140157382;19;1;12;12;16;4;5;2;0;21;4.7423132612071655;12;5;10;2;3;2;4;5;2;6;6;1;20;-4.84927075956137;7;-3.8912641915691766;0;2;4;17;4;22;-7.571510191190154;0;25;16;4;6;0;4;12;4;19;3;6;5;2;4;11;5;6;22;2.808105114061211
TRACK:1519;1486;1201;1;6;2;3;3;0;2;2;1;6;23;-0.8505500683502056;1;24;12;5;13;5;4;1;9;10;6;1;2;1;14;21;-1.1385438819807014;6;23;-0.86849873175683;0;0;19;11;4;8;1;20;-4.84927075956137;7;-3.8912641915691766;2;3;2;4;5;1;2;6;0;25;16;6;1;25;25;5;5;3;12;4;5;6;0;25;16;3;6;5;2;4;11;5;6;22;2.7499413106971184
TRACK:1520;1510;-1;1;6;2;3;3;0;19;6;1;2;1;14;21;-0.9791200888834285;6;23;-1.062682207363951;0;0;19;11;4;8;1;1;4;3;3;0;1;22;6.0876499078058774;19;1;12;12;16;4;5;2;0;21;4.82856370252135;12;5;10;2;3;2;4;5;2;6;6;1;20;-4.95385031956323;7;-3.9224940449652115;0;2;4;17;4;22;-7.519257390093447;0;25;16;4;6;0;4;12;4;19;3;6;5;2;4;11;5;6;5;3;18
TRACK:1521;1512;-1;1;6;2;3;3;0;2;2;1;6;23;-0.7835663192969586;5;13;5;13;5;4;1;9;10;6;1;2;1;14;21;-0.9964727726717494;6;23;-0.7448551724199095;0;0;19;12;16;1;1;4;3;3;0;1;22;5.985710790365462;19;1;12;12;16;4;5;2;0;21;4.536745135424009;12;5;21;-0.41725837620393447;2;3;2;4;5;1;2;6;0;25;16;6;1;25;25;5;5;3;12;4;5;6;0;3;18;16;3;6;5;2;4;11;5;6;22;2.989815618512375
TRACK:1522;1514;-1;1;6;2;2;16;15;1;1;4;3;3;0;1;22;6.30754052338011;19;1;12;12;16;4;5;2;0;21;4.9449894424943315;3;8;5;21;-0.43821050129645206;2;3;2;4;5;1;2;6;0;25;16;6;1;25;25;5;5;7;-4.064380881457202;4;5;6;11;3;6;5;2;4;11;5;6;22;2.824884379713613
TRACK:1523;1516;-1;1;6;2;3;3;0;2;2;8;5;13;5;4;1;9;10;6;1;2;1;14;21;-1.3260207804535862;6;23;-0.8661064596904976;0;0;19;11;4;8;1;1;4;3;3;0;1;22;6.207059390965607;19;1;12;15;16;4;5;2;0;21;4.869723686774784;12;5;21;-0.3356504719229506;2;3;1;0;3;2;1;1;1;24;16;3;18;4;6;13;5;6;3;16;5;6;2;0;4;25;2;9;10;0;5;25;0;13;11;6;2;2;5;2;1;20;-8.034768624370825;7;4.402946433346134;4;16;5;4;6;20;-1.0215205899300202;2;1;6;4;13;2;0;23;-6.47686798366661;17;1;19;9;2;5;6;10;0;6;24;2;13;8;3;6;5;2;4;11;5;6;22;2.4566668492713766
TRACK:1524;1518;-1;1;6;2;3;3;0;2;2;1;12;1;18;7;9.693361484301528;5;13;5;4;1;25;8;6;1;2;1;14;21;-1.0677004445609608;6;23;-0.9869984229155144;25;1;1;4;3;3;0;1;22;6.043089954172297;19;1;12;12;16;4;5;2;0;21;4.672838804523707;12;5;10;2;3;2;4;5;2;6;6;1;20;-4.756944692502773;7;-3.6618816687830242;0;2;4;17;4;22;-7.581582028297384;0;25;16;4;6;0;4;12;4;19;3;6;5;2;4;11;5;6;22;2.870078957215257
TRACK:1525;1511;-1;1;6;2;3;3;0;2;2;1;12;1;18;7;9.881800821352346;5;13;5;4;1;9;10;6;1;2;1;14;21;-1.0459084891141162;6;23;-1.0901259637543876;0;0;19;11;4;8;1;1;4;3;3;0;1;22;5.954234582118137;19;1;12;12;16;4;0;9;23;-1.8828189343088102;2;3;2;4;5;2;6;6;1;20;-5.111154221636778;7;-3.8367822422063274;2;1;12;1;18;7;9.730941920814772;5;13;4;6;0;4;12;4;19;3;6;5;2;4;11;5;6;22;2.736765640542666
TRACK:1526;1513;-1;1;6;2;3;3;0;2;2;1;6;23;-0.9407337186300342;1;24;12;5;13;5;4;1;9;10;6;1;2;1;19;21;-1.278872518938548;6;23;-0.8456515502322365;0;0;19;11;4;8;1;1;4;3;3;0;1;22;6.368726313699006;19;1;12;12;16;4;5;2;0;21;4.804419294050774;12;5;21;-0.3065758610506034;2;3;2;4;5;1;2;6;0;12;16;6;1;25;25;5;5;3;12;4;5;6;0;25;16;3;6;5;2;4;11;5;6;22;2.7571467838169816
TRACK:1527;1515;-1;1;6;2;3;3;0;2;2;1;12;1;18;7;9.61974379813061;5;13;5;4;1;9;10;6;1;2;1;14;21;-1.0757852689974226;6;23;-1.0413318111898442;0;0;19;11;4;8;1;1;4;3;3;0;1;22;6.034974203324836;11;1;12;12;16;4;5;2;0;21;4.6781158838855355;12;5;10;2;3;2;4;5;2;6;6;1;20;-5.131971564619329;7;-3.9245827354125047;4;25;4;6;0;4;12;4;19;3;6;5;2;4;11;5;6;5;6;25
TRACK:1528;1517;-1;1;6;2;3;3;0;2;2;1;4;20;8.109506454561156;1;24;12;5;13;5;4;1;9;10;6;1;2;1;14;21;-1.12590991195423;6;23;-0.8184761819903028;0;0;19;11;4;8;1;1;4;3;3;0;1;22;6.357949460377382;19;1;12;12;16;4;5;2;0;21;4.66435971731601;3;8;5;21;-0.3884093210043738;2;3;2;4;5;1;2;6;0;25;16;6;1;25;25;5;5;7;-3.8599063041127857;4;5;6;0;25;16;3;6;1;6;23;-0.6723412977865544;1;24;12
TRACK:1529;1519;-1;1;6;2;3;3;0;2;2;1;6;23;-0.7682626774615395;1;24;12;5;13;5;4;1;9;10;6;1;2;1;14;21;-1.226548378249074;6;23;-0.8563627441652663;0;0;19;11;4;8;1;20;-4.8450412325076115;7;-3.943072900054794;2;3;2;4;5;1;2;6;0;25;16;6;1;25;25;5;5;3;12;4;5;6;0;0;23;-0.539406348290699;21;2.914880324948614;16;3;6;5;2;4;11;5;6;22;2.743873762361587
EVAL_INSTANCE:76:0:1520
EVAL_INSTANCE:76:1:1521
EVAL_INSTANCE:76:2:1522
EVAL_INSTANCE:76:3:1523
EVAL_INSTANCE:76:4:1524
EVAL_INSTANCE:76:5:1525
EVAL_INSTANCE:76:6:1526
EVAL_INSTANCE:76:7:1527
EVAL_INSTANCE:76:8:1528
EVAL_INSTANCE:76:9:1529
RUN_RESULT:76:0:0:2000:----
RUN_RESULT:76:1:0:2000:----
RUN_RESULT:76:2:0:1064:RRURUUDDDDRRUUUDLUUDDD
RUN_RESULT:76:3:0:133:RRURUUDDRUURDLLDD
RUN_RESULT:76:4:0:110:RRURUUDDRUURDDDDUL
RUN_RESULT:76:5:0:2000:----
RUN_RESULT:76:6:0:149:RRURUUDDRUUDDD
RUN_RESULT:76:7:0:2000:----
RUN_RESULT:76:8:0:72:RRURUUDDRUUDDD
RUN_RESULT:76:9:0:2000:----
    77 |      770 | -3.933500E+03 | -3.934000E+03
TRACK:1530;1360;1424;1;6;2;3;3;0;2;2;1;6;23;-0.755512139424467;1;24;12;5;13;5;4;1;9;10;6;1;2;1;14;21;-1.3140052999817173;6;23;-1.0364863830647997;0;0;19;11;4;8;1;1;4;3;3;0;1;22;6.122755970594815;19;1;25;12;16;4;5;2;0;21;4.72216988921588;12;5;10;2;3;2;4;5;1;2;6;0;25;16;6;1;25;25;5;5;15;4;6;0;4;12;4;19;3;6;5;2;4;11;5;6;22;2.8048424174227153
TRACK:1531;1360;1424;1;6;2;3;3;0;2;2;1;12;12;5;13;5;4;1;9;10;6;1;2;1;11;21;-1.1264695735894386;6;23;-0.9316516044441946;0;0;19;11;4;8;1;1;4;3;3;0;1;22;6.077207254425505;19;1;12;12;16;4;5;2;0;21;4.828428278297536;12;5;10;2;3;2;4;5;2;6;6;1;20;-4.594025358997871;7;-3.8765575731336988;0;2;4;17;4;22;-7.710841834005764;4;4;15;4;6;0;4;12;4;19;3;6;5;2;4;11;5;6;22;2.8036288404563257
TRACK:1532;1201;1505;1;6;2;3;3;0;2;2;1;6;23;-0.8505500683502056;1;24;12;5;13;5;4;1;9;10;6;1;2;1;14;21;-1.1385438819807014;6;23;-0.86849873175683;0;0;19;11;4;8;1;1;4;3;3;0;1;22;6.295694983885563;19;1;12;12;16;4;5;2;0;21;4.621591656125754;12;5;21;-0.32479583455293387;2;3;2;4;5;1;2;6;0;25;16;6;1;25;25;5;5;3;12;4;5;6;0;25;16;10
TRACK:1533;1201;1505;1;6;2;3;3;0;2;2;1;12;1;18;7;9.741935353742997;5;13;5;4;1;9;10;6;1;2;1;14;21;-0.9953439070040699;6;23;-1.113778233473682;0;0;19;11;4;8;1;1;4;3;3;0;1;22;6.066408632691206;19;1;12;12;16;4;5;2;0;21;4.66071307458395;12;5;10;2;4;1;9;10;3;6;5;2;4;11;5;6;22;2.571839760236076
TRACK:1534;1507;1360;1;6;2;3;3;0;2;2;1;6;23;-0.8798901572150347;1;24;12;5;13;5;4;1;9;10;6;1;2;1;14;21;-1.1681125064898208;6;23;-0.7045825983866503;0;0;19;11;4;8;1;1;4;3;3;0;1;22;6.360537530127731;19;1;12;12;16;4;5;2;0;21;4.729097054602055;3;8;5;21;-0.3769631246033733;2;3;2;4;5;1;2;6;0;25;16;6;1;25;25;5;5;7;-3.864265912968241;4;5;6;0;6;0;25;16;16;3;6;5;2;4;11;5;6;22;2.829429166387758
TRACK:1535;1507;1360;1;6;2;3;3;0;2;2;1;6;23;-0.755512139424467;1;24;12;5;13;5;4;1;9;10;6;1;2;1;14;21;-1.3140052999817173;6;23;-1.0364863830647997;0;11;4;8;1;1;4;3;3;0;1;22;6.122755970594815;19;1;25;12;16;4;5;2;0;21;4.72216988921588;12;5;10;2;3;2;4;5;1;2;6;0;25;16;6;1;25;25;5;5;3;12;4;6;0;4;12;4;19;3;6;5;2;4;11;5;6;22;2.8048424174227153
TRACK:1536;1507;1505;1;6;2;3;3;0;2;2;1;6;23;-0.8798901572150347;1;24;12;5;13;5;4;1;9;12;6;1;2;1;14;21;-1.1681125064898208;6;23;-0.7045825983866503;0;0;19;11;4;8;1;1;4;3;3;0;1;22;6.360537530127731;19;1;12;12;16;4;5;2;0;21;4.729097054602055;3;8;5;21;-0.3769631246033733;2;3;2;4;5;1;2;6;0;25;16;6;1;25;25;5;5;7;-3.864265912968241;4;5;6;0;25;16;3;6;5;2;4;11;5;6;22;2.829429166387758
TRACK:1537;1507;1505;1;6;2;3;3;0;2;2;1;12;1;18;7;9.741935353742997;5;13;5;4;1;9;10;6;1;2;1;14;21;-0.9953439070040699;6;23;-1.113778233473682;0;0;19;11;4;8;1;1;4;3;3;0;1;22;6.066408632691206;19;1;12;12;16;4;5;2;0;21;4.66071307458395;12;5;10;2;3;2;4;5;2;6;6;1;20;-4.993767902951518;7;-3.9599370501602444;4;25;4;6;0;4;12;4;19;3;6;5;2;4;1;24;12;5;6;22;2.571839760236076
TRACK:1538;1424;1469;1;6;2;3;3;10;1;1;4;3;3;0;1;22;6.077207254425505;19;1;12;12;16;4;5;2;0;21;4.828428278297536;12;5;10;2;3;2;4;5;2;6;6;1;20;-4.594025358997871;7;-3.8765575731336988;0;2;4;17;4;22;-7.710841834005764;4;4;15;4;6;0;4;12;4;19;3;6;5;2;4;11;5;6;22;2.8036288404563257
TRACK:1539;1424;1469;1;6;2;3;3;0;2;2;1;6;23;-0.706425834625472;1;24;12;5;13;5;13;6;1;2;1;14;21;-1.321909568913624;6;23;-0.9366800089487188;0;0;19;11;4;8;1;1;4;3;3;0;1;22;6.247601632742697;19;1;25;12;16;4;5;2;0;21;4.73194907300993;12;5;10;2;3;2;4;5;1;2;6;11;6;1;25;25;5;5;3;12;4;6;0;4;12;4;19;3;6;5;2;4;11;5;6;22;3.0565163062848364
TRACK:1540;1530;-1;1;6;2;3;3;0;2;2;1;6;23;-0.6591964958548651;1;24;12;5;13;5;4;1;9;10;6;1;2;1;14;21;-1.092314740486361;6;23;-1.01060333401137;0;0;19;11;4;8;5;0;0;15;15;6;14;2;3;2;4;5;1;2;6;0;25;16;6;1;25;25;5;5;15;4;6;0;4;12;4;19;3;6;5;2;4;11;5;6;22;2.8063418334354178
TRACK:1541;1532;-1;1;6;2;3;3;0;2;2;1;6;23;-0.926492737570974;2;22;-4.433750188061774;21;7.416302244140425;5;13;5;4;1;9;10;6;1;2;1;14;21;-1.0306209180448642;6;23;-0.9882608464891788;0;0;19;11;4;8;1;1;4;3;3;0;1;22;6.5054630006272856;19;1;12;12;16;4;5;2;0;21;4.583376881237227;12;5;21;-0.23448187207363713;2;3;2;4;5;1;2;6;0;25;16;6;1;25;25;5;5;3;12;4;5;6;0;25;16;10
TRACK:1542;1534;-1;1;4;0;6;8;6;10;2;3;2;4;5;1;2;6;0;25;16;6;1;25;25;5;5;7;-3.8729486972390346;4;5;6;0;6;0;25;16;16;3;6;5;2;4;11;5;6;22;2.8748962954412716
TRACK:1543;1536;-1;1;6;2;3;3;0;2;2;1;6;23;-0.8417460709801046;1;24;12;5;13;5;4;1;9;12;6;1;2;1;14;21;-1.2584575782333114;6;23;-0.8428411993270701;0;0;19;11;4;8;1;1;4;3;3;0;1;22;6.214270071654771;19;1;12;12;16;4;5;2;0;21;4.663957606463077;3;8;5;21;-0.3379533404914057;2;3;2;4;1;6;6;3;6;17;2;4;4;1;11;15;5;4;1;15;13;4;5;6;0;25;16;3;6;5;2;4;11;5;6;22;2.7950511886788254
TRACK:1544;1538;-1;1;6;2;3;3;10;1;1;4;3;3;0;1;22;6.014813245874281;19;1;12;12;16;4;5;2;0;21;4.683420173555208;12;5;10;2;3;2;4;5;2;6;6;1;20;-4.550839639820107;7;-4.02209087118297;0;2;4;17;4;22;-7.559456663272494;4;4;15;4;6;0;4;12;4;19;3;6;1;5;5;4;6;5;21;-1.4423718431169519;2;1;5;2;5;25;0;14;10;6;0;2;10;14;4;20;-9.299376600019302;1;6;3;1;11;11;0;3;3;18;6;0;12;9
TRACK:1545;1531;-1;1;6;2;3;3;0;2;2;1;12;12;5;13;5;4;1;9;10;6;1;2;1;11;21;-1.1077350324214819;6;23;-0.7577215651399711;0;0;19;11;4;8;1;1;4;1;0;23;5.640734251759113;25;1;13;17;16;4;5;2;0;21;4.851106874259181;12;5;10;2;3;2;4;5;2;6;6;1;20;-4.623425696480734;7;-3.8108229831070393;0;2;4;17;4;22;-7.691410400336781;4;4;15;4;6;0;4;12;4;19;3;6;5;2;4;11;5;6;22;2.681877305454065
TRACK:1546;1533;-1;1;6;2;3;3;0;6;3;19;6;1;2;1;14;21;-1.1324097209351849;6;23;-1.0313805233624993;0;0;19;11;4;8;1;1;4;3;3;0;1;22;6.0922576104326085;19;1;12;12;16;4;5;2;0;21;4.564037201159104;12;5;10;2;4;1;9;10;3;6;5;2;4;11;5;6;22;2.5808896138358643
TRACK:1547;1535;-1;1;6;2;3;3;0;2;2;1;6;23;-0.6822418430485382;1;24;12;5;13;5;4;1;9;10;6;1;2;1;14;21;-1.3333668902814897;6;23;-0.9489928791741431;0;11;4;8;1;1;4;3;3;0;1;22;6.176607558901621;19;1;25;12;16;4;5;2;0;21;4.645940411926515;12;5;10;2;3;2;4;5;1;2;6;0;25;16;6;1;25;25;5;5;3;12;4;6;0;4;12;4;19;3;6;5;2;4;11;0;6;14;1;13;17
TRACK:1548;1537;-1;1;6;2;3;3;0;2;2;1;12;1;18;7;9.698475321725876;5;13;5;4;1;9;10;6;1;2;1;14;21;-0.7931533915108596;6;23;-1.2645312251167868;0;0;19;11;4;8;1;1;4;3;3;0;1;22;6.190169659759275;19;1;12;12;16;4;5;2;0;21;4.709241011428589;3;15;5;10;2;3;2;4;5;2;6;6;1;20;-4.980964788325845;7;-3.9729655634200314;4;25;4;6;0;4;12;4;19;3;6;5;2;4;1;24;12;5;6;22;2.500693264235406
TRACK:1549;1539;-1;1;2;15;22;-2.60790666392084;1;13;18
EVAL_INSTANCE:77:0:1540
EVAL_INSTANCE:77:1:1541
EVAL_INSTANCE:77:2:1542
EVAL_INSTANCE:77:3:1543
EVAL_INSTANCE:77:4:1544
EVAL_INSTANCE:77:5:1545
EVAL_INSTANCE:77:6:1546
EVAL_INSTANCE:77:7:1547
EVAL_INSTANCE:77:8:1548
EVAL_INSTANCE:77:9:1549
RUN_RESULT:77:0:0:2000:----
RUN_RESULT:77:1:0:2000:----
RUN_RESULT:77:2:0:2000:----
RUN_RESULT:77:3:0:67:RRURUUDDRUUDDD
RUN_RESULT:77:4:0:385:RRURUUDDRUUDDD
RUN_RESULT:77:5:0:2000:----
RUN_RESULT:77:6:0:69:RRURUUDDRUUDDD
RUN_RESULT:77:7:0:1186:RRURUUDDRUUDDD
RUN_RESULT:77:8:0:66:RRURUUDDRUUDDD
RUN_RESULT:77:9:0:2000:----
    78 |      780 | -3.933600E+03 | -3.934000E+03
TRACK:1550;1486;1505;1;6;2;3;3;0;2;2;1;12;1;18;7;9.743113594750476;5;13;1;20;-4.993767902951518;7;-3.9599370501602444;6;1;2;1;14;21;-1.0129174398504373;6;23;-1.0314284576966883;0;0;19;11;4;8;1;1;4;3;3;0;1;22;6.124443140157382;19;1;12;12;16;4;5;2;0;21;4.7423132612071655;12;5;10;2;3;2;4;5;2;6;6;1;20;-4.84927075956137;7;-3.8912641915691766;0;2;4;17;4;22;-7.571510191190154;0;25;16;4;6;0;4;12;4;19;3;6;5;2;4;11;5;6;22;2.808105114061211
TRACK:1551;1486;1505;1;6;2;3;3;0;2;2;1;12;1;18;7;9.741935353742997;5;13;12;6;1;2;1;14;21;-0.9953439070040699;6;23;-1.113778233473682;0;0;19;11;4;8;1;1;4;3;3;0;1;22;6.066408632691206;19;1;12;12;16;4;5;2;0;21;4.66071307458395;12;5;10;2;3;2;4;5;2;6;6;1;20;-4.993767902951518;7;-3.9599370501602444;4;25;4;6;0;4;12;4;19;3;6;5;2;4;11;5;6;22;2.571839760236076
TRACK:1552;1548;1507;1;6;2;3;3;0;2;2;1;12;1;18;7;9.698475321725876;5;13;5;4;1;9;10;6;1;2;1;14;21;-0.7931533915108596;22;2.829429166387758;0;0;19;11;4;8;1;1;4;3;3;0;1;22;6.190169659759275;19;1;12;12;16;4;5;2;0;21;4.709241011428589;3;15;5;10;2;3;2;4;5;2;6;6;1;20;-4.980964788325845;7;-3.9729655634200314;4;25;4;6;0;4;12;4;19;3;6;5;2;4;1;24;12;5;6;22;2.500693264235406
TRACK:1553;1548;1507;1;6;2;3;3;0;2;2;1;6;23;-0.8798901572150347;1;24;12;5;13;5;4;1;9;10;6;1;2;1;14;21;-1.1681125064898208;6;23;-0.7045825983866503;0;0;19;11;4;8;1;1;4;3;20;-4.980964788325845;16;4;5;2;0;21;4.729097054602055;3;8;5;21;-0.3769631246033733;2;3;2;4;5;1;2;6;0;25;16;6;1;25;25;5;5;7;-3.864265912968241;4;5;6;0;25;16;3;6;5;2;4;11;5;6;22;2.829429166387758
TRACK:1554;1201;1548;1;6;2;3;22;6.190169659759275;1;1;4;3;3;0;1;22;6.295694983885563;19;1;12;12;16;4;5;2;0;21;4.621591656125754;12;5;21;-0.32479583455293387;2;3;2;4;5;1;2;6;0;25;16;6;1;25;25;5;5;3;12;4;5;6;0;25;16;3;6;5;2;4;11;5;6;22;2.7499413106971184
TRACK:1555;1201;1548;1;6;2;3;3;0;2;2;1;12;1;18;7;9.698475321725876;5;13;5;4;1;9;10;6;1;2;1;14;21;-0.7931533915108596;6;23;-1.2645312251167868;0;0;19;11;4;8;1;1;4;3;3;0;1;22;6.190169659759275;19;1;12;12;16;4;5;2;0;21;4.709241011428589;3;15;5;10;2;3;2;4;5;2;6;6;0;25;16;4;25;4;6;0;4;12;4;19;3;6;5;2;4;1;24;12;5;6;22;2.500693264235406
TRACK:1556;1486;1201;1;6;2;3;3;0;2;2;1;12;1;18;7;9.743113594750476;5;13;5;4;1;9;10;6;1;2;1;14;21;-1.0129174398504373;6;23;-1.0314284576966883;0;0;19;11;4;8;1;1;4;3;0;25;16;16;4;5;2;0;21;4.7423132612071655;12;5;10;2;3;2;4;5;2;6;6;1;20;-4.84927075956137;7;-3.8912641915691766;0;2;4;17;4;22;-7.571510191190154;0;25;16;4;6;0;4;12;4;19;3;6;5;2;4;11;5;6;22;2.808105114061211
TRACK:1557;1486;1201;1;6;2;3;3;0;2;2;1;6;23;-0.8505500683502056;1;24;12;5;13;5;4;1;9;10;6;1;2;1;14;21;-1.1385438819807014;6;23;-0.86849873175683;0;0;19;11;4;8;1;1;4;3;3;0;1;22;6.295694983885563;19;1;12;12;16;4;5;2;0;21;4.621591656125754;12;5;21;-0.32479583455293387;23;-1.0314284576966883
TRACK:1558;1505;1424;1;6;2;3;3;0;2;2;1;12;1;18;7;9.741935353742997;5;13;5;4;1;9;10;6;1;2;1;14;8;6;23;-1.113778233473682;0;0;19;11;4;8;1;1;4;3;3;0;1;22;6.066408632691206;19;1;12;12;16;4;5;2;0;21;4.66071307458395;12;5;10;2;3;2;4;5;2;6;6;1;20;-4.993767902951518;7;-3.9599370501602444;4;25;4;6;0;4;12;4;19;3;6;5;2;4;11;5;6;22;2.571839760236076
TRACK:1559;1505;1424;1;6;2;3;3;0;2;2;1;12;12;5;13;5;4;10;6;1;2;1;14;21;-1.1264695735894386;6;23;-0.9316516044441946;0;0;19;11;4;8;1;1;4;3;3;0;1;22;6.077207254425505;19;1;12;12;16;4;5;2;0;21;4.828428278297536;12;5;10;2;3;2;4;5;2;6;6;1;20;-4.594025358997871;7;-3.8765575731336988;0;2;4;17;4;22;-7.710841834005764;4;4;15;4;6;0;4;12;4;19;3;6;5;2;4;11;5;6;22;2.8036288404563257
TRACK:1560;1550;-1;1;6;2;3;3;0;2;2;1;12;1;18;7;9.834415860772;5;13;1;20;-5.046944767987324;7;-4.017491835180132;6;1;2;1;14;21;-0.9154718852263759;6;23;-0.8821926708796914;0;0;19;11;2;22;5.041081764006057;14;1;1;4;3;3;0;1;22;6.152954824020913;19;1;12;12;16;4;5;2;0;21;4.700247604256412;12;5;10;2;3;2;4;5;2;6;6;1;20;-4.933222172007297;7;-3.8038991127948316;0;2;4;17;4;22;-7.491153268013247;0;25;16;4;6;0;4;12;4;19;3;6;5;2;4;11;5;6;22;2.8875569601687228
TRACK:1561;1552;-1;1;6;2;3;3;0;2;2;1;12;1;18;7;9.420100318868696;5;13;5;4;1;9;10;6;1;2;1;14;21;-0.7120668606489152;22;2.930597997674925;0;0;19;11;4;8;1;1;4;3;3;0;1;22;6.375200812990139;19;1;12;12;16;4;5;2;0;21;4.672668895340023;3;15;5;10;2;3;2;4;5;2;6;6;1;20;-5.004368801398069;7;-3.962072584764148;4;25;4;6;0;4;12;4;19;3;5;2;22;-7.255247545595951;25
TRACK:1562;1554;-1;1;6;2;3;22;6.2784088135534954;1;1;4;3;3;0;1;22;6.207143849729735;19;1;12;12;16;4;5;2;0;21;4.552712722647995;12;5;21;-0.4257802140538477;2;3;2;4;5;1;2;6;0;25;16;6;1;25;25;5;5;3;12;4;5;6;1;24;20;0.7117517912424987;3;6;5;2;4;11;5;6;22;2.679261557179565
TRACK:1563;1556;-1;1;6;2;3;3;0;2;2;1;12;1;18;7;9.795553890324705;5;13;5;4;1;9;10;6;1;2;1;14;21;-0.9624833616539227;6;23;-1.0213150402002118;0;0;19;11;4;8;1;1;4;3;0;25;16;16;4;5;0;1;5;23;-7.523963899008816;2;19;24;1;5;14;4;22;2.8982040011143404;2;3;2;4;5;2;6;6;1;20;-4.8743003126308535;7;-3.885104392375914;0;2;4;17;4;22;-7.440323462767952;0;25;16;4;6;0;4;12;4;19;3;6;5;2;4;11;5;6;22;2.988922179335306
TRACK:1564;1558;-1;1;6;2;3;1;4;1;1;25;13;1;12;18;3;0;0;11;17;4;18;1;1;4;3;3;0;1;22;6.024558676669652;19;1;12;12;16;4;5;2;0;21;4.683757011715947;12;5;10;2;3;2;4;5;2;6;6;1;20;-5.084663138268288;7;-3.889801382654814;4;25;4;6;0;4;12;4;19;3;6;5;2;4;11;5;6;22;2.590922069099538
TRACK:1565;1551;-1;1;6;2;3;3;0;2;2;1;12;1;18;7;9.79004182321055;5;13;12;6;1;2;1;14;21;-1.1073418444726166;6;23;-1.0563356266906174;0;0;19;11;2;17;14;1;1;4;3;3;0;1;22;6.130915190135566;19;1;12;12;16;4;5;2;0;21;4.733465026949296;12;5;10;2;3;2;4;5;2;6;6;1;20;-5.124801739664698;7;-3.8911371639843204;4;25;4;6;0;4;12;4;19;3;6;5;2;4;11;5;6;22;2.621112623788005
TRACK:1566;1553;-1;1;3;2;4;18;5;13;2;3;2;4;5;1;2;6;0;25;16;6;1;25;25;5;5;7;-3.7710764204051856;4;5;6;0;25;16;3;6;5;2;4;11;5;6;22;2.840342004772616
TRACK:1567;1555;-1;1;6;2;3;3;0;2;2;1;12;1;18;7;9.713216837006454;5;13;5;4;1;9;10;6;1;2;1;14;21;-0.867232988286622;6;23;-1.3185514902815343;0;0;19;11;4;8;1;1;4;3;3;0;1;22;6.246041191239999;19;1;12;12;16;4;5;1;5;19;4;12;2;3;2;4;5;2;6;6;0;25;16;4;25;4;6;0;4;12;4;19;3;6;5;2;4;1;24;12;5;6;22;2.416556000476523
TRACK:1568;1557;-1;1;6;2;3;3;0;2;2;1;6;23;-0.7927336178388732;1;24;12;5;13;5;4;1;9;10;6;1;2;1;23;9.251651031143709;21;-1.1520693432701532;6;23;-0.8320183652044683;0;0;19;11;4;8;1;1;4;3;3;0;1;22;6.525212217738166;19;1;12;12;16;4;5;2;0;21;4.540447543176407;12;5;21;-0.22317332158797576;23;-0.887466274495163
TRACK:1569;1559;-1;1;6;2;3;3;0;2;2;1;12;12;5;13;5;4;10;6;1;2;1;14;21;-0.9955592981978696;6;23;-1.1204332939094659;0;0;19;11;4;8;1;1;4;3;3;0;1;22;6.199831298410885;19;1;12;12;16;4;5;2;0;21;4.912926868410508;12;5;10;2;3;2;4;5;2;6;6;1;20;-4.664264837637219;7;-4.003831496893767;0;2;4;17;4;22;-7.61196952974867;4;4;15;4;6;0;4;12;4;19;3;6;5;2;4;1;4;15;5;23;-5.398635447982938;5;6;22;2.986122711662738
EVAL_INSTANCE:78:0:1560
EVAL_INSTANCE:78:1:1561
EVAL_INSTANCE:78:2:1562
EVAL_INSTANCE:78:3:1563
EVAL_INSTANCE:78:4:1564
EVAL_INSTANCE:78:5:1565
EVAL_INSTANCE:78:6:1566
EVAL_INSTANCE:78:7:1567
EVAL_INSTANCE:78:8:1568
EVAL_INSTANCE:78:9:1569
RUN_RESULT:78:0:0:2000:----
RUN_RESULT:78:1:0:2000:----
RUN_RESULT:78:2:0:2000:----
RUN_RESULT:78:3:0:2000:----
RUN_RESULT:78:4:0:910:RRURUUDDRUUDDD
RUN_RESULT:78:5:0:2000:----
RUN_RESULT:78:6:0:2000:----
RUN_RESULT:78:7:0:2000:----
RUN_RESULT:78:8:0:2000:----
RUN_RESULT:78:9:0:2000:----
    79 |      790 | -3.933600E+03 | -3.934000E+03
TRACK:1570;1507;1548;1;6;2;3;3;0;2;2;1;6;23;-0.8798901572150347;1;24;12;5;13;5;4;18;6;1;2;1;14;21;-1.1681125064898208;6;23;-0.7045825983866503;0;0;19;11;4;8;1;1;4;3;3;0;1;22;6.360537530127731;19;1;12;12;16;4;5;2;0;21;4.729097054602055;3;8;5;21;-0.3769631246033733;2;3;2;4;5;1;2;6;0;25;16;6;1;25;25;5;5;7;-3.864265912968241;4;5;6;0;25;16;3;6;5;2;4;11;5;6;22;2.829429166387758
TRACK:1571;1507;1548;1;6;2;3;3;0;2;2;1;12;1;18;7;9.698475321725876;5;21;-0.3769631246033733;5;4;1;9;10;6;1;2;1;14;21;-0.7931533915108596;6;23;-1.2645312251167868;0;0;19;11;4;8;1;1;4;3;3;0;1;22;6.190169659759275;19;1;12;12;16;4;5;2;0;21;4.709241011428589;3;15;5;10;2;3;2;4;5;2;6;6;1;20;-4.980964788325845;7;-3.9729655634200314;4;25;4;6;0;4;12;4;19;3;6;5;2;4;1;24;12;5;6;22;2.500693264235406
TRACK:1572;1486;1424;1;6;2;3;3;0;2;2;1;12;1;18;7;9.743113594750476;5;13;5;4;1;9;10;6;1;2;1;14;21;-1.0129174398504373;6;23;-1.0314284576966883;0;0;19;11;4;8;1;1;4;3;3;0;1;22;6.124443140157382;19;1;12;12;16;4;5;2;0;21;4.7423132612071655;4;12;5;10;2;3;2;4;5;2;6;6;1;20;-4.84927075956137;7;-3.8912641915691766;0;2;4;17;4;22;-7.571510191190154;0;25;16;4;6;0;4;12;4;19;3;6;5;2;4;11;5;6;22;2.808105114061211
TRACK:1573;1486;1424;1;6;2;3;3;0;2;2;1;12;12;5;13;1;2;1;14;21;-1.0129174398504373;6;23;-1.0314284576966883;0;0;19;11;4;8;6;1;2;1;14;21;-1.1264695735894386;6;23;-0.9316516044441946;0;0;19;11;4;8;1;1;4;3;3;0;1;22;6.077207254425505;19;1;12;12;16;4;5;2;0;21;4.828428278297536;12;5;10;2;3;2;4;5;2;6;6;1;20;-4.594025358997871;7;-3.8765575731336988;0;2;4;17;4;22;-7.710841834005764;4;4;15;4;6;0;4;12;4;19;3;6;5;2;4;11;5;6;22;2.8036288404563257
TRACK:1574;1505;1420;1;6;2;3;3;0;2;2;1;12;1;18;7;9.741935353742997;5;13;5;4;1;9;10;6;1;2;1;14;21;-0.9953439070040699;6;23;-1.113778233473682;0;0;14;11;4;8;1;1;4;3;3;0;1;22;6.066408632691206;19;1;12;12;16;4;5;2;0;21;4.66071307458395;12;5;10;2;3;2;4;5;2;6;6;1;20;-4.993767902951518;7;-3.9599370501602444;4;25;4;6;0;4;12;4;19;3;6;5;2;4;11;5;6;22;2.571839760236076
TRACK:1575;1505;1420;1;6;2;3;3;0;2;2;1;6;23;-0.8831151126920823;1;24;12;5;13;5;4;1;9;10;6;1;2;1;14;21;-1.2729898538148057;6;23;-0.8280721058214728;0;0;19;11;4;8;1;1;4;3;3;0;1;22;6.211347948215803;19;1;12;15;16;4;5;2;0;21;4.779694888678888;12;5;21;-0.5456223735859338;2;3;2;4;5;1;2;6;0;25;16;6;1;25;25;5;5;3;12;4;5;6;0;6;23;-1.113778233473682;16;3;6;5;2;4;11;5;6;22;2.5345366292367895
TRACK:1576;1424;1548;1;6;2;3;3;0;2;2;1;12;12;5;13;5;4;1;9;10;6;1;2;1;14;21;-1.1264695735894386;6;23;-0.9316516044441946;0;0;19;11;4;8;1;1;0;4;12;4;19;16;4;5;2;0;21;4.828428278297536;12;5;10;2;3;2;4;5;2;6;6;1;20;-4.594025358997871;7;-3.8765575731336988;0;2;4;17;4;22;-7.710841834005764;4;4;15;4;6;0;4;12;4;19;3;6;5;2;4;11;5;6;22;2.8036288404563257
TRACK:1577;1424;1548;1;6;2;3;6;5;2;4;11;5;6;22;2.8036288404563257;1;1;4;3;3;0;1;22;6.190169659759275;19;1;12;12;16;4;5;2;0;21;4.709241011428589;3;15;5;10;2;3;2;4;5;2;6;6;1;20;-4.980964788325845;7;-3.9729655634200314;4;25;4;6;0;4;12;4;19;3;6;5;2;4;1;24;12;5;6;22;2.500693264235406
TRACK:1578;1507;1486;1;6;2;3;3;0;2;2;1;6;23;-0.8798901572150347;1;24;12;5;13;5;4;1;9;10;6;1;2;1;14;21;-1.1681125064898208;6;23;-0.7045825983866503;0;0;19;11;4;8;1;1;4;3;3;0;1;22;6.360537530127731;19;1;12;12;16;4;5;2;0;21;4.729097054602055;3;8;5;21;-0.3769631246033733;2;3;2;4;5;1;2;6;0;25;16;6;1;25;25;5;5;7;-3.864265912968241;4;5;6;0;25;16;3;6;5;2;4;17;5;6;22;2.829429166387758
TRACK:1579;1507;1486;1;6;2;3;3;0;2;2;1;12;1;18;7;9.743113594750476;5;13;5;4;1;9;10;6;1;2;1;14;21;-1.0129174398504373;6;23;-1.0314284576966883;0;0;19;11;4;8;1;1;4;3;3;0;6;22;2.829429166387758;1;12;12;16;4;5;2;0;21;4.7423132612071655;12;5;10;2;3;2;4;5;2;6;6;1;20;-4.84927075956137;7;-3.8912641915691766;0;2;4;17;4;22;-7.571510191190154;0;25;16;4;6;0;4;12;4;19;3;6;5;2;4;11;5;6;22;2.808105114061211
TRACK:1580;1507;-1;1;6;2;3;3;0;2;2;1;6;23;-0.9022658652758686;1;24;12;5;13;5;4;1;9;10;6;1;2;1;14;21;-1.23826591268225;6;23;-0.7518491769188347;4;2;19;23;-5.196993831335819;1;1;4;3;3;0;1;22;6.279490720420771;19;1;12;12;16;4;5;2;0;21;4.740592273630151;3;8;5;21;-0.18824117408527605;2;3;2;4;5;1;2;6;0;25;16;6;1;25;25;5;5;7;-3.7953663064972645;4;5;6;0;25;16;3;6;5;2;4;11;5;6;22;2.914887165718028
TRACK:1581;1572;-1;1;6;2;3;3;0;2;2;1;12;1;18;7;9.670196278015231;5;13;5;4;1;9;10;6;1;2;1;14;21;-0.9829935667052744;6;23;-0.8280995406522216;0;0;19;11;4;8;1;1;4;3;3;0;1;22;6.079153276300222;19;1;12;12;16;4;5;2;0;21;4.865514616586923;4;12;5;10;2;3;2;4;5;2;6;6;1;20;-4.8791074482914105;7;-3.951125383895761;0;2;4;17;4;22;-7.671107335442041;0;25;16;4;6;0;4;12;5;10;3;6;5;2;4;11;5;6;22;2.7282990284474975
TRACK:1582;1574;-1;1;6;2;3;3;0;2;2;1;12;1;18;7;9.71828779079458;5;13;5;4;1;9;10;6;1;2;1;14;21;-1.0116236716493816;6;23;-1.044593561327302;0;0;14;11;4;8;1;1;4;3;3;0;1;22;5.856601269091785;19;1;12;12;16;4;5;2;0;21;4.681335992049278;12;5;10;2;3;2;4;5;2;6;6;1;20;-5.071578103708394;7;-3.954311244380915;4;25;2;20;2.871446952132306;25;3;6;5;2;4;11;5;6;22;2.6317053091559517
TRACK:1583;1424;-1;1;6;2;3;3;0;2;2;1;12;12;5;13;5;5;14;6;1;2;1;14;21;-1.252880728666843;6;23;-0.9908294995877022;0;0;19;11;4;8;1;1;4;3;3;0;1;22;6.164215776282582;19;1;12;12;16;4;5;2;0;21;4.925504860576325;12;5;10;2;3;2;4;5;2;6;6;1;20;-4.482186171292911;7;-3.8568816141102444;0;2;4;17;4;22;-7.4948271952648176;4;4;15;4;6;0;4;12;4;19;3;6;5;2;4;11;5;6;22;2.8118946906525157
TRACK:1584;1578;-1;1;6;2;3;3;0;2;2;1;6;23;-0.9942855523542317;1;24;12;5;13;5;4;1;9;10;6;1;2;1;14;21;-1.1224089539377393;6;23;-0.7486514400596553;0;0;19;11;4;8;1;1;4;3;3;0;1;22;6.357556232769309;19;1;12;12;16;4;5;2;0;21;4.617496447359084;3;8;5;21;-0.21826527643030605;2;3;2;4;5;1;2;6;0;25;11;6;1;25;25;5;5;7;-3.9065063614546283;4;5;6;0;25;16;3;6;5;2;4;17;5;6;22;2.771899676800403
TRACK:1585;1548;-1;1;6;2;3;3;0;2;2;1;12;1;18;7;9.694240233117922;5;13;5;4;1;9;10;6;1;2;1;14;21;-0.7284128233233558;6;23;-1.2096410518955074;0;0;19;11;4;8;1;1;4;3;3;0;1;22;6.1559383399074115;19;1;12;12;16;0;4;3;2;15;16;2;4;1;22;2.19772701005391;9;5;1;20;3.0208833473990726;23;-2.25604293992369;2;3;2;4;5;2;6;6;1;20;-5.058371963427224;7;-3.888842537975829;4;25;4;6;0;4;12;4;19;3;6;5;2;4;1;24;12;5;6;22;2.447859182825572
TRACK:1586;1573;-1;1;6;2;3;3;0;2;2;1;12;12;5;13;1;2;1;14;21;-1.1088867260825332;6;23;-1.1203910160284531;0;0;19;11;4;8;6;1;2;1;14;21;-1.170324712711141;6;23;-0.9655943985152358;0;0;19;11;4;8;1;1;4;3;4;3;2;22;-8.546304024139335;13;16;4;5;2;0;21;4.694065031339598;12;5;10;2;3;2;4;5;2;6;6;1;20;-4.542192317742838;7;-3.937909074968327;0;2;4;17;4;22;-7.6607729978379995;4;4;15;4;6;0;4;12;4;19;3;6;5;2;4;11;5;6;22;2.824511687699554
TRACK:1587;1575;-1;1;4;0;6;4;1;1;5;5;17;0;6;24;5;18;2;2;4;9;4;16;2;0;17;11;3;18;4;4;6;5;3;5;24;2;3;2;4;5;1;2;6;0;25;16;6;1;25;25;5;5;3;12;4;5;6;0;6;23;-1.1822288941313028;16;3;6;5;2;4;11;5;6;22;2.415351835154381
TRACK:1588;1548;-1;1;6;2;3;3;0;2;2;1;12;1;18;7;9.60591979369447;5;13;5;4;1;9;10;6;1;2;1;14;21;-0.8980936404146155;6;23;-1.206689510007308;0;0;19;11;4;8;1;1;4;3;3;0;1;22;6.233825921562929;19;1;12;12;16;4;5;2;0;21;4.7137206986423275;3;15;5;10;2;3;2;4;5;2;6;6;1;24;7;-3.898931834864721;4;25;4;6;0;4;12;4;19;3;6;5;2;4;1;24;12;5;6;22;2.607365246152764
TRACK:1589;1579;-1;1;6;2;3;3;0;2;2;1;12;1;18;7;9.674422704044032;5;13;5;4;1;9;10;6;1;2;1;14;21;-1.1726218352038826;6;23;-0.9708965550351404;0;0;19;11;4;8;1;1;4;3;3;0;6;22;2.8888643505879856;3;9;16;4;5;2;0;21;4.8593974230248165;12;5;10;2;3;2;4;5;2;6;6;1;20;-5.003916909302656;7;-3.9270588098186985;0;2;4;17;4;22;-7.453035710441898;0;25;16;4;6;0;4;12;4;19;3;6;5;2;4;11;5;6;22;2.7877234161150013
EVAL_INSTANCE:79:0:1580
EVAL_INSTANCE:79:1:1581
EVAL_INSTANCE:79:2:1582
EVAL_INSTANCE:79:3:1583
EVAL_INSTANCE:79:4:1584
EVAL_INSTANCE:79:5:1585
EVAL_INSTANCE:79:6:1586
EVAL_INSTANCE:79:7:1587
EVAL_INSTANCE:79:8:1588
EVAL_INSTANCE:79:9:1589
RUN_RESULT:79:0:0:2000:----
RUN_RESULT:79:1:0:66:RRURUUDDRUUDDD
RUN_RESULT:79:2:0:2000:----
RUN_RESULT:79:3:0:2000:----
RUN_RESULT:79:4:0:66:RRURUUDDRUUDDD
RUN_RESULT:79:5:0:66:RRURUUDDRUUDDD
RUN_RESULT:79:6:0:2000:----
RUN_RESULT:79:7:0:2000:----
RUN_RESULT:79:8:0:67:RRURUUDDRUUDDD
RUN_RESULT:79:9:0:2000:----
    80 |      800 | -3.933900E+03 | -3.934000E+03
TRACK:1590;1584;1581;1;6;2;3;3;0;2;2;1;6;23;-0.9942855523542317;1;24;12;5;13;5;4;1;9;10;6;1;2;1;14;21;-1.1224089539377393;6;23;-0.7486514400596553;0;0;19;11;4;8;1;1;4;3;3;0;1;22;6.357556232769309;19;1;12;12;16;4;5;2;0;21;4.617496447359084;3;8;5;21;-0.21826527643030605;2;3;2;4;5;1;2;6;0;25;11;6;1;25;25;5;5;7;-3.9065063614546283;4;5;6;0;1;14;21;-0.9829935667052744;16;3;6;5;2;4;17;5;6;22;2.771899676800403
TRACK:1591;1584;1581;1;6;2;3;3;0;2;2;1;12;1;18;7;9.670196278015231;5;13;5;4;1;9;10;6;1;2;1;14;21;-0.9829935667052744;6;23;-0.8280995406522216;0;0;19;11;4;8;1;1;4;3;3;0;1;24;12;1;12;12;16;4;5;2;0;21;4.865514616586923;4;12;5;10;2;3;2;4;5;2;6;6;1;20;-4.8791074482914105;7;-3.951125383895761;0;2;4;17;4;22;-7.671107335442041;0;25;16;4;6;0;4;12;5;10;3;6;5;2;4;11;5;6;22;2.7282990284474975
TRACK:1592;1585;1548;1;6;2;3;3;0;2;2;1;12;1;18;7;9.694240233117922;5;13;5;4;1;9;10;6;1;2;1;14;21;-0.7284128233233558;6;23;-1.2096410518955074;0;0;19;11;4;8;1;1;4;3;3;0;1;22;6.1559383399074115;19;1;12;12;16;0;4;3;2;15;16;2;4;1;22;2.19772701005391;9;5;1;20;3.0208833473990726;23;-2.25604293992369;2;3;2;4;5;2;6;6;1;20;-5.058371963427224;7;-3.888842537975829;4;6;1;20;-4.980964788325845;7;-3.9729655634200314;4;6;0;4;12;4;19;3;6;5;2;4;1;24;12;5;6;22;2.447859182825572
TRACK:1593;1585;1548;1;6;2;3;3;0;2;2;1;12;1;18;7;9.698475321725876;5;13;5;4;1;9;10;6;1;2;1;14;21;-0.7931533915108596;6;23;-1.2645312251167868;0;0;19;11;20;3.0208833473990726;1;1;4;3;3;0;1;22;6.190169659759275;19;1;12;12;16;4;5;2;0;21;4.709241011428589;3;15;5;10;2;3;2;4;5;2;6;6;1;20;-4.980964788325845;7;-3.9729655634200314;4;25;4;6;0;4;12;4;19;3;6;5;2;4;1;24;12;5;6;22;2.500693264235406
TRACK:1594;1507;1201;1;6;2;3;3;0;2;2;1;6;23;-0.8798901572150347;1;24;12;5;13;5;4;1;9;10;6;1;2;1;14;14;6;23;-0.7045825983866503;0;0;19;11;4;8;1;1;4;3;3;0;1;22;6.360537530127731;19;1;12;12;16;4;5;2;0;21;4.729097054602055;3;8;5;21;-0.3769631246033733;2;3;2;4;5;1;2;6;0;25;16;6;1;25;25;5;5;7;-3.864265912968241;4;5;6;0;25;16;3;6;5;2;4;11;5;6;22;2.829429166387758
TRACK:1595;1507;1201;1;6;2;3;3;0;2;2;1;6;23;-0.8505500683502056;1;24;12;5;13;5;4;1;9;10;6;1;2;1;14;21;-1.1385438819807014;6;23;-0.86849873175683;0;0;19;11;4;8;1;1;4;3;3;0;1;22;6.295694983885563;19;1;12;12;16;4;2;1;14;21;-1.1681125064898208;6;23;-0.7045825983866503;2;3;2;4;5;1;2;6;0;25;16;6;1;25;25;5;5;3;12;4;5;6;0;25;16;3;6;5;2;4;11;5;6;22;2.7499413106971184
TRACK:1596;1507;1505;1;6;2;3;3;0;2;2;1;6;23;-0.8798901572150347;1;24;12;5;13;5;4;1;9;10;6;1;2;1;14;21;-1.1681125064898208;6;23;-0.7045825983866503;0;0;19;11;4;8;1;1;10;16;4;5;2;0;21;4.729097054602055;3;8;5;21;-0.3769631246033733;2;3;2;4;5;1;2;6;0;25;16;6;1;25;25;5;5;7;-3.864265912968241;4;5;6;0;25;16;3;6;5;2;4;11;5;6;22;2.829429166387758
TRACK:1597;1507;1505;1;6;2;3;3;0;2;2;1;12;1;18;7;9.741935353742997;5;13;5;4;1;9;10;6;1;2;1;14;21;-0.9953439070040699;6;23;-1.113778233473682;25;1;1;4;3;3;0;1;22;6.066408632691206;19;1;12;12;16;4;5;2;0;21;4.66071307458395;12;5;10;2;3;2;4;5;2;6;6;1;20;-4.993767902951518;7;-3.9599370501602444;4;25;4;6;0;4;12;4;19;3;6;5;2;4;11;5;6;22;2.571839760236076
TRACK:1598;1424;1584;1;6;2;3;3;0;2;2;1;12;12;5;13;5;4;1;9;10;6;1;2;1;14;21;-1.1264695735894386;6;23;-0.9316516044441946;0;0;19;11;4;8;1;1;4;3;3;0;1;22;6.077207254425505;19;1;12;12;16;4;5;2;0;21;4.828428278297536;12;5;10;2;3;2;4;5;2;6;6;1;20;-4.594025358997871;7;-3.8765575731336988;0;2;22;2.771899676800403;4;22;-7.710841834005764;4;4;15;4;6;0;4;12;4;19;3;6;5;2;4;11;5;6;22;2.8036288404563257
TRACK:1599;1424;1584;1;6;2;3;3;0;2;2;1;6;23;-0.9942855523542317;1;24;12;5;13;5;4;1;9;10;6;1;2;1;14;21;-1.1224089539377393;6;23;-0.7486514400596553;0;0;19;11;4;8;1;1;4;3;3;0;1;22;6.357556232769309;19;1;12;12;16;4;5;2;0;21;4.617496447359084;3;8;5;21;-0.21826527643030605;2;3;2;4;2;4;11;5;6;22;2.8036288404563257;4;5;6;0;25;16;3;6;5;2;4;17;5;6;22;2.771899676800403
TRACK:1600;1590;-1;1;6;2;3;3;0;2;2;1;6;23;-1.0552499576056849;1;24;12;5;13;5;4;1;9;10;6;1;2;1;14;21;-1.3024100138841543;6;23;-0.917556951175668;0;0;19;11;4;8;1;1;4;3;3;0;1;22;6.4418751699457095;19;1;12;12;16;4;5;2;0;21;4.663978600223999;3;8;5;21;-0.2640505045812979;2;3;2;4;2;1;1;3;7;-5.897883138699482;3;14;3;5;14;6;5;5;19;4;5;6;0;1;14;21;-0.9429073026174936;16;3;6;5;2;4;17;5;6;22;2.6801205743336927
TRACK:1601;1592;-1;1;6;2;3;3;0;2;2;1;12;1;18;7;9.79653566594463;5;13;5;4;1;9;10;6;1;2;1;14;21;-0.7038409507996678;6;23;-1.3039388684851887;0;0;19;11;4;8;1;1;4;3;3;0;1;22;6.0608498132982715;19;1;12;13;16;0;4;3;2;15;16;2;4;1;22;2.333338561333858;9;5;1;20;2.918526234860896;23;-2.30873802304882;2;3;2;4;5;2;6;6;1;20;-5.098249649542684;7;-3.826980442496169;4;6;1;20;-5.040276341206766;7;-3.8765734562714886;4;6;0;4;12;4;19;3;6;5;2;4;1;24;12;5;6;22;2.606945295888839
TRACK:1602;1594;-1;1;6;2;3;3;0;2;2;1;6;23;-0.9941320830747417;1;24;12;5;13;5;4;1;9;10;6;1;2;1;14;14;6;23;-0.9167044068642718;0;0;19;11;4;8;1;1;4;3;3;0;1;22;6.291333684031986;19;1;12;12;16;4;5;2;0;21;4.6680510262804065;3;8;5;21;-0.23249465466828687;2;3;2;4;5;1;2;6;0;25;16;1;19;11;5;5;7;-3.9733419215903156;4;5;6;0;25;16;3;6;5;2;4;11;5;6;22;2.9140885047973004
TRACK:1603;1596;-1;1;6;2;3;3;0;2;2;1;6;23;-0.9944555356424007;1;24;12;5;13;5;4;1;9;10;6;1;2;1;14;21;-1.127139347402016;6;23;-0.4921206944600729;0;0;19;11;0;24;10;1;1;10;16;4;5;2;0;21;4.600536921505603;3;8;5;21;-0.47856637562570753;2;3;2;4;5;1;2;6;0;25;16;6;1;25;25;5;5;7;-3.8689624268715734;4;5;6;0;25;16;3;6;5;2;4;11;5;6;22;2.853773308939534
TRACK:1604;1598;-1;1;6;2;3;3;0;4;0;21;4.68514542265263;16;6;1;2;1;14;21;-1.139162777404925;6;23;-0.969257394681163;0;0;19;11;4;8;1;1;4;3;3;0;1;22;6.151259002488065;19;1;12;12;16;4;5;2;0;21;4.81331781660181;12;5;10;2;3;2;4;5;2;6;6;1;20;-4.608502044587114;7;-3.8538926154537183;0;2;22;2.658137920275051;4;22;-7.68687206784253;4;4;15;4;6;0;4;12;4;19;3;6;5;2;4;11;5;6;22;2.6654938670458153
TRACK:1605;1591;-1;1;6;2;3;3;0;2;2;1;12;1;18;7;9.590044278611915;5;13;5;4;1;9;10;6;1;2;1;14;21;-0.9088920471598911;6;23;-0.8727680557427988;0;0;19;11;4;8;1;1;4;3;3;0;1;24;12;1;12;12;16;4;5;2;0;21;4.750313358854327;4;12;5;10;2;3;2;6;4;4;5;2;9;21;-5.301854009177635;4;3;5;1;1;7;-8.326178822567389;8;1;7;-6.6258861992705835;14;3;6;5;2;4;11;5;6;22;2.5487965614351054
TRACK:1606;1593;-1;1;6;2;3;3;0;2;2;1;12;1;18;7;9.607489710365632;5;13;5;4;1;9;10;6;1;2;1;14;21;-0.8120055987560824;6;23;-1.1980527083304426;0;0;19;11;20;3.0024089422959435;1;1;4;3;3;0;1;22;5.844607565313804;19;1;12;12;16;4;5;2;0;21;4.7113890119922885;3;15;5;10;2;3;2;4;5;2;6;6;1;20;-4.885192083069455;7;-3.9025733966976417;4;25;4;6;0;4;12;4;19;3;6;5;2;4;1;2;6;17;0;7;9.378062638106755;23;7.731609866042199;12;5;6;22;2.6251673151383343
TRACK:1607;1595;-1;1;6;2;3;3;0;2;2;1;6;23;-0.9727504806837824;1;24;12;5;13;5;4;1;9;10;6;1;2;1;14;21;-1.1318027509571367;6;23;-0.8591544803881423;0;0;19;11;4;8;1;1;4;22;6.126273895220663;16;4;2;1;14;21;-1.317723150814629;6;23;-0.6973031834396534;2;3;2;4;5;1;2;6;0;25;16;6;1;25;25;5;5;3;12;4;5;6;0;25;16;3;6;5;2;4;11;5;6;22;2.904385868644717
TRACK:1608;1597;-1;1;6;2;3;3;0;2;2;1;12;1;18;7;9.749896932805955;5;13;5;4;1;9;10;6;1;2;1;14;21;-0.8911298481580862;6;16;25;1;1;4;3;3;0;1;22;6.080489226498849;19;1;12;12;16;4;5;2;0;21;4.702678322809657;12;5;10;2;3;2;4;5;2;6;6;1;20;-4.92532862537824;7;-3.961187634935161;4;25;4;6;0;4;12;4;19;3;6;5;2;4;11;5;6;22;2.5136426516840173
TRACK:1609;1599;-1;1;6;2;3;3;0;2;2;1;6;23;-0.9789493402107029;1;24;12;5;13;5;4;1;9;10;6;1;2;1;14;21;-1.1705905695622116;6;23;-0.6234053650754523;0;0;19;11;4;8;1;1;4;3;3;0;1;22;6.344931492797594;19;1;12;12;16;4;5;2;0;21;4.720617876874394;5;10;5;21;-0.1658994450066685;2;3;2;4;2;4;11;5;6;22;2.9048942942909077;4;5;6;0;25;16;3;6;5;2;4;17;5;6;22;2.825005527262004
EVAL_INSTANCE:80:0:1600
EVAL_INSTANCE:80:1:1601
EVAL_INSTANCE:80:2:1602
EVAL_INSTANCE:80:3:1603
EVAL_INSTANCE:80:4:1604
EVAL_INSTANCE:80:5:1605
EVAL_INSTANCE:80:6:1606
EVAL_INSTANCE:80:7:1607
EVAL_INSTANCE:80:8:1608
EVAL_INSTANCE:80:9:1609
RUN_RESULT:80:0:0:66:RRURUUDDRUUDDD
RUN_RESULT:80:1:0:66:RRURUUDDRUUDDD
RUN_RESULT:80:2:0:70:RRURUUDDRUURDDDDUL
RUN_RESULT:80:3:0:2000:----
RUN_RESULT:80:4:0:2000:----
RUN_RESULT:80:5:0:168:URRRRUULLLDDRRUUDDD
RUN_RESULT:80:6:0:2000:----
RUN_RESULT:80:7:0:2000:----
RUN_RESULT:80:8:0:109:RRURUUDDRUURDDDDUL
RUN_RESULT:80:9:0:66:RRURUUDDRUUDDD
    81 |      810 | -3.934000E+03 | -3.934000E+03
TRACK:1610;1505;1584;1;6;2;3;3;0;2;2;1;12;1;18;7;9.741935353742997;5;13;5;4;1;9;10;6;1;2;1;14;21;-0.9953439070040699;6;23;-1.113778233473682;0;0;19;11;4;8;1;1;4;3;3;0;1;22;6.066408632691206;19;1;12;12;16;4;5;2;0;21;4.66071307458395;12;5;10;2;3;2;4;5;2;6;6;1;20;-4.993767902951518;7;-3.9599370501602444;4;25;4;6;0;4;12;4;19;3;6;5;2;10;5;6;22;2.571839760236076
TRACK:1611;1505;1584;1;6;2;3;3;0;2;2;1;6;23;-0.9942855523542317;1;24;12;5;13;5;4;1;9;10;6;1;2;1;14;21;-1.1224089539377393;6;8;0;0;19;11;4;8;1;1;4;3;3;0;1;22;6.357556232769309;19;1;12;12;16;4;5;2;0;21;4.617496447359084;3;8;5;21;-0.21826527643030605;2;3;2;4;5;1;2;6;0;25;11;6;1;25;25;5;5;7;-3.9065063614546283;4;5;6;0;25;16;3;6;5;2;4;17;5;6;22;2.771899676800403
TRACK:1612;1507;1486;1;6;2;3;3;0;2;2;1;6;23;-0.8798901572150347;1;24;12;5;13;5;4;1;9;10;6;1;2;1;14;21;-1.1681125064898208;6;23;-0.7045825983866503;0;0;19;11;4;8;1;1;4;3;3;0;1;22;6.360537530127731;19;1;12;12;16;4;5;2;0;21;4.729097054602055;3;8;5;21;-0.3769631246033733;2;3;2;4;5;1;2;6;0;25;11;6;1;25;25;5;5;7;-3.864265912968241;4;5;6;0;25;16;3;6;5;2;4;11;5;6;22;2.829429166387758
TRACK:1613;1507;1486;1;6;2;3;3;0;2;2;1;12;1;18;7;9.743113594750476;5;13;5;4;1;9;10;6;1;2;1;14;21;-1.0129174398504373;6;23;-1.0314284576966883;0;0;19;11;4;10;1;1;4;3;3;0;1;22;6.124443140157382;19;1;12;12;16;4;5;2;0;21;4.7423132612071655;12;5;10;2;3;2;4;5;2;6;6;1;20;-4.84927075956137;7;-3.8912641915691766;0;2;4;17;4;22;-7.571510191190154;0;25;16;4;6;0;4;12;4;19;3;6;5;2;4;11;5;6;22;2.808105114061211
TRACK:1614;1585;1584;1;6;2;3;3;0;2;2;1;12;1;18;7;9.694240233117922;5;13;5;4;1;9;10;6;1;2;1;14;21;-0.7284128233233558;6;23;-1.2096410518955074;0;0;19;25;4;8;1;1;4;3;3;0;1;22;6.1559383399074115;19;1;12;12;16;0;4;3;2;15;16;2;4;1;22;2.19772701005391;9;5;1;20;3.0208833473990726;23;-2.25604293992369;2;3;2;4;5;2;6;6;1;20;-5.058371963427224;7;-3.888842537975829;4;25;4;6;0;4;12;4;19;3;6;5;2;4;1;24;12;5;6;22;2.447859182825572
TRACK:1615;1585;1584;1;6;2;3;3;0;2;2;15;16;5;4;1;9;10;6;1;2;1;14;21;-1.1224089539377393;6;23;-0.7486514400596553;0;0;19;11;4;8;1;1;4;3;3;0;1;22;6.357556232769309;19;1;12;12;16;4;5;2;0;21;4.617496447359084;3;8;5;21;-0.21826527643030605;2;3;2;4;5;1;2;6;0;25;11;6;1;25;25;5;5;7;-3.9065063614546283;4;5;6;0;25;16;3;6;5;2;4;17;5;6;22;2.771899676800403
TRACK:1616;1507;1581;1;6;2;3;3;0;2;2;1;6;23;-0.8798901572150347;1;24;12;5;13;5;4;1;9;12;6;1;2;1;14;21;-1.1681125064898208;6;23;-0.7045825983866503;0;0;19;11;4;8;1;1;4;3;3;0;1;22;6.360537530127731;19;1;12;12;16;4;5;2;0;21;4.729097054602055;3;8;5;21;-0.3769631246033733;2;3;2;4;5;1;2;6;0;25;16;6;1;25;25;5;5;7;-3.864265912968241;4;5;6;0;25;16;3;6;5;2;4;11;5;6;22;2.829429166387758
TRACK:1617;1507;1581;1;6;2;3;3;0;2;2;1;12;1;18;10;5;13;5;4;1;9;10;6;1;2;1;14;21;-0.9829935667052744;6;23;-0.8280995406522216;0;0;19;11;4;8;1;1;4;3;3;0;1;22;6.079153276300222;19;1;12;12;16;4;5;2;0;21;4.865514616586923;4;12;5;10;2;3;2;4;5;2;6;6;1;20;-4.8791074482914105;7;-3.951125383895761;0;2;4;17;4;22;-7.671107335442041;0;25;16;4;6;0;4;12;5;10;3;6;5;2;4;11;5;6;22;2.7282990284474975
TRACK:1618;1424;1548;1;6;2;3;3;0;2;2;1;12;12;5;13;5;4;1;9;10;6;1;2;1;14;21;-1.1264695735894386;6;23;-0.9316516044441946;0;0;19;11;4;8;1;1;4;3;3;0;1;22;6.077207254425505;19;1;12;12;16;4;5;2;0;21;4.828428278297536;12;5;10;2;3;2;12;4;6;0;4;12;4;19;3;6;5;2;4;11;5;6;22;2.8036288404563257
TRACK:1619;1424;1548;1;6;2;3;3;0;2;2;1;12;1;18;7;9.698475321725876;5;13;5;4;1;9;10;6;1;2;1;14;21;-0.7931533915108596;6;23;-1.2645312251167868;0;0;19;11;4;8;1;1;4;3;3;0;1;22;6.190169659759275;19;1;12;12;16;4;5;2;0;19;11;5;10;2;3;2;4;5;2;6;6;1;20;-4.980964788325845;7;-3.9729655634200314;4;25;4;6;0;4;12;4;19;3;6;5;2;4;1;24;12;5;6;22;2.500693264235406
TRACK:1620;1610;-1;1;6;2;3;3;0;2;2;1;12;1;18;7;9.758857296402955;5;13;5;4;1;9;10;6;1;2;1;14;21;-1.0447531013373208;6;23;-1.1073130236101432;0;0;19;11;4;8;1;1;1;6;12;1;8;19;2;2;9;19;1;12;10;4;5;2;0;21;4.601582936905998;12;5;10;2;3;2;4;5;2;6;6;1;20;-5.027089877673689;7;-3.8950819123890517;4;25;4;6;0;4;12;4;19;3;6;5;2;10;5;6;22;2.5813191764157875
TRACK:1621;1612;-1;1;6;2;3;3;0;2;2;1;6;23;-1.0615918405069023;1;24;12;5;13;5;4;1;9;10;6;1;2;1;14;21;-1.3011569307579045;6;23;-0.7032519794632258;0;0;19;11;4;8;1;1;4;3;3;0;1;22;6.337623626400118;19;1;12;12;16;4;5;2;0;21;4.739880626625494;3;8;5;21;-0.39401701707908776;2;3;2;4;5;1;2;6;0;25;11;3;16;5;5;7;-3.896892197492983;4;5;6;0;25;16;3;6;5;2;4;11;5;6;22;2.9087439256082708
TRACK:1622;1614;-1;1;6;2;3;3;0;2;2;1;12;1;18;7;9.666598199830247;5;0;9;24;5;4;1;9;10;6;1;2;1;14;21;-0.8134473827352995;6;23;-1.0271442336909073;0;0;19;25;4;8;1;1;4;3;3;0;1;22;6.26030577710466;19;1;12;12;16;0;4;3;2;15;16;2;4;1;22;2.201322485899075;9;5;1;20;2.992916767388312;23;-2.4059524321749195;2;3;2;4;5;2;6;6;1;20;-5.357922117440143;7;-3.7561467703984928;4;25;4;6;0;4;12;4;19;3;6;5;2;4;1;24;12;5;6;22;2.6021036155025823
TRACK:1623;1616;-1;1;6;2;3;3;0;2;2;1;6;23;-1.045508597787173;1;24;12;5;13;5;4;1;9;12;6;1;2;1;14;21;-1.2141863222116762;6;23;-0.5345440192686929;0;0;19;11;4;8;1;1;4;3;3;0;1;22;6.149494908125796;19;1;12;12;16;4;5;2;0;21;4.716180178492793;3;8;5;21;-0.3023952150429974;2;3;2;4;5;1;2;6;0;25;16;6;1;25;25;5;5;7;-3.8619208675695105;4;5;6;0;25;16;3;6;5;2;4;1;8;10;5;6;22;2.76541491190448
TRACK:1624;1618;-1;1;6;2;3;3;0;2;5;3;11;4;2;21;-3.4742469460874625;18;4;1;2;25;11;0;13;13;1;1;4;3;3;0;1;22;6.124608468437931;19;1;12;12;16;4;5;2;0;21;4.808222151331935;12;5;10;2;3;2;12;4;6;0;4;12;4;19;3;6;5;2;4;11;5;6;22;2.642736862934197
TRACK:1625;1611;-1;1;6;2;3;3;0;2;2;1;6;23;-1.0178055741256777;1;24;12;5;13;5;4;1;9;10;6;1;2;1;14;21;-1.157525087863906;6;8;0;0;19;11;4;8;1;1;4;3;3;0;1;22;6.366454424551712;19;1;12;12;16;4;5;2;0;21;4.5347549490744035;3;8;5;21;-0.15274456876051534;2;3;2;4;5;1;2;6;0;25;11;6;1;25;25;5;5;7;-4.105953783632137;4;5;6;0;25;16;3;6;5;2;4;17;5;6;2;1;22;-0.7155675198846279;19;0;8;13
TRACK:1626;1613;-1;1;6;2;3;3;0;2;2;1;12;1;18;7;9.9222737228906;5;13;5;4;1;9;10;6;1;2;1;14;21;-1.1693613582902278;6;23;-1.0491550897647157;0;0;19;11;4;10;1;1;4;3;3;0;1;22;5.965206696927746;19;1;12;12;16;4;5;2;0;21;4.583779863376898;12;5;10;2;3;2;4;5;2;6;6;1;22;-4.628120105350629;7;-3.6773269013915977;0;2;4;17;4;22;-7.617816561038765;0;25;16;4;6;0;4;12;4;19;3;6;5;2;4;11;5;6;22;2.8112672736084563
TRACK:1627;1615;-1;1;6;2;3;3;0;2;2;15;16;5;4;1;9;10;6;1;2;1;14;21;-1.056482600483374;6;23;-0.6360099871029734;0;0;19;11;4;8;1;1;5;6;6;4;6;13;16;4;5;2;0;21;4.584941253763389;3;8;5;21;-0.03376102945051937;2;3;2;4;5;1;2;6;0;25;11;6;1;25;25;5;5;7;-3.738547844874525;4;5;6;0;25;16;3;6;5;2;4;17;5;6;22;2.7791939277985813
TRACK:1628;1617;-1;1;6;2;3;3;0;2;2;1;12;1;18;10;5;13;5;4;1;9;10;6;1;2;1;14;21;-0.7779072080958431;6;23;-0.8719619740058142;0;0;19;11;4;8;1;1;4;3;3;0;1;22;6.06002430231359;19;1;12;12;16;4;5;2;0;21;4.838945531215938;4;12;5;10;2;3;2;4;5;2;6;6;1;20;-5.010329406081522;7;-3.9137063843277775;0;5;2;13;24;0;25;16;4;6;0;4;12;5;10;3;6;5;2;4;11;5;6;22;2.6270910466249044
TRACK:1629;1619;-1;1;6;2;3;3;0;2;2;1;12;1;18;7;9.709305690345643;5;4;20;-4.355798869051322;5;4;1;9;10;6;1;2;1;14;21;-0.6803695830339648;6;23;-1.3054544156156984;0;0;19;11;4;8;1;1;4;3;3;0;1;22;6.196685204124381;19;1;12;12;16;4;5;2;0;19;11;5;10;2;3;2;4;5;2;6;6;1;20;-5.047284809675424;7;-3.794996619246281;4;25;4;6;0;4;12;4;19;3;6;5;2;4;1;24;12;5;6;22;2.565392214522222
EVAL_INSTANCE:81:0:1620
EVAL_INSTANCE:81:1:1621
EVAL_INSTANCE:81:2:1622
EVAL_INSTANCE:81:3:1623
EVAL_INSTANCE:81:4:1624
EVAL_INSTANCE:81:5:1625
EVAL_INSTANCE:81:6:1626
EVAL_INSTANCE:81:7:1627
EVAL_INSTANCE:81:8:1628
EVAL_INSTANCE:81:9:1629
RUN_RESULT:81:0:0:2000:----
RUN_RESULT:81:1:0:70:RRURUUDDRUURDDDDUL
RUN_RESULT:81:2:0:2000:----
RUN_RESULT:81:3:0:67:RRURUUDDRUUDDD
RUN_RESULT:81:4:0:2000:----
RUN_RESULT:81:5:0:2000:----
RUN_RESULT:81:6:0:573:RRURUUDDDDRRUUUDLUUDDD
RUN_RESULT:81:7:0:2000:----
RUN_RESULT:81:8:0:66:RRURUUDDRUUDDD
RUN_RESULT:81:9:0:1191:RRURRUULLLDDRRUUDDRD
    82 |      820 | -3.934000E+03 | -3.934000E+03
TRACK:1630;1585;1600;1;6;2;3;3;0;2;2;1;12;1;18;7;9.694240233117922;5;13;5;4;1;9;10;6;1;2;1;14;21;-0.7284128233233558;6;23;-1.2096410518955074;0;0;19;11;4;8;1;1;4;3;3;0;1;12;19;1;12;12;16;0;4;3;2;15;16;2;4;1;22;2.19772701005391;9;5;1;20;3.0208833473990726;23;-2.25604293992369;2;3;2;4;5;2;6;6;1;20;-5.058371963427224;7;-3.888842537975829;4;25;4;6;0;4;12;4;19;3;6;5;2;4;1;24;12;5;6;22;2.447859182825572
TRACK:1631;1585;1600;1;6;2;3;3;0;2;2;1;6;23;-1.0552499576056849;1;24;12;5;13;5;4;1;9;10;6;1;2;1;14;21;-1.3024100138841543;6;23;-0.917556951175668;0;0;19;11;4;8;1;1;4;3;3;0;1;22;6.4418751699457095;19;1;12;12;16;4;5;2;0;21;4.663978600223999;3;8;5;21;-0.2640505045812979;2;3;2;4;2;1;1;3;7;-5.897883138699482;3;14;3;5;14;6;5;5;19;4;5;6;15;3;6;5;2;4;17;5;6;22;2.6801205743336927
TRACK:1632;1581;1486;1;6;2;3;3;0;2;2;1;12;1;18;7;9.670196278015231;5;13;5;4;1;9;10;6;1;2;1;14;21;-0.9829935667052744;6;23;-0.8280995406522216;0;0;19;11;4;8;1;1;4;3;3;0;1;22;6.079153276300222;19;1;12;12;16;4;5;2;0;21;4.865514616586923;4;12;5;10;2;3;2;4;5;2;6;6;14;0;2;4;17;4;22;-7.671107335442041;0;25;16;4;6;0;4;12;5;10;3;6;5;2;4;11;5;6;22;2.7282990284474975
TRACK:1633;1581;1486;1;6;2;3;3;0;2;2;1;12;1;18;7;9.743113594750476;5;13;5;4;1;9;10;6;1;2;1;14;21;-1.0129174398504373;6;23;-1.0314284576966883;0;0;19;11;4;8;1;1;4;3;3;0;1;22;6.124443140157382;19;1;12;12;16;4;5;2;0;21;4.7423132612071655;12;5;10;2;3;2;4;5;2;6;6;1;20;-4.84927075956137;7;-3.8912641915691766;0;2;4;17;4;22;-7.571510191190154;0;25;16;4;6;0;4;12;4;11;3;6;5;2;4;11;5;6;22;2.808105114061211
TRACK:1634;1201;1507;1;6;2;3;3;0;2;2;1;6;23;-0.8505500683502056;1;24;12;5;13;5;4;1;9;10;6;1;2;1;14;21;-1.1385438819807014;6;23;-0.86849873175683;0;0;19;11;4;8;1;1;4;3;3;0;1;22;6.295694983885563;19;1;12;12;16;4;5;2;0;21;4.621591656125754;12;5;21;-0.32479583455293387;2;3;2;1;4;3;3;0;1;22;6.360537530127731;19;1;12;12;16;4;5;6;0;25;16;3;6;5;2;4;11;5;6;22;2.7499413106971184
TRACK:1635;1201;1507;1;6;2;3;3;0;2;2;1;6;23;-0.8798901572150347;1;24;12;5;13;5;4;1;9;10;6;1;2;1;14;21;-1.1681125064898208;6;23;-0.7045825983866503;0;0;19;11;4;8;1;1;4;3;3;0;1;22;6.360537530127731;19;1;12;12;16;4;5;2;0;21;4.729097054602055;3;8;5;21;-0.3769631246033733;2;3;2;4;5;1;21;-1.1385438819807014;5;5;7;-3.864265912968241;4;5;6;0;25;16;3;6;5;2;4;11;5;6;22;2.829429166387758
TRACK:1636;1505;1548;1;6;2;3;3;0;2;2;1;12;1;15;7;9.741935353742997;5;13;5;4;1;9;10;6;1;2;1;14;21;-0.9953439070040699;6;23;-1.113778233473682;0;0;19;11;4;8;1;1;4;3;3;0;1;22;6.066408632691206;19;1;12;12;16;4;5;2;0;21;4.66071307458395;12;5;10;2;3;2;4;5;2;6;6;1;20;-4.993767902951518;7;-3.9599370501602444;4;25;4;6;0;4;12;4;19;3;6;5;2;4;11;5;6;22;2.571839760236076
TRACK:1637;1505;1548;1;6;2;3;3;0;2;7;-3.9599370501602444;5;4;1;9;10;6;1;2;1;14;21;-0.7931533915108596;6;23;-1.2645312251167868;0;0;19;11;4;8;1;1;4;3;3;0;1;22;6.190169659759275;19;1;12;12;16;4;5;2;0;21;4.709241011428589;3;15;5;10;2;3;2;4;5;2;6;6;1;20;-4.980964788325845;7;-3.9729655634200314;4;25;4;6;0;4;12;4;19;3;6;5;2;4;1;24;12;5;6;22;2.500693264235406
TRACK:1638;1584;1486;1;6;2;3;3;0;2;2;1;6;23;-0.9942855523542317;1;24;12;5;13;5;4;1;9;10;6;1;2;1;14;25;6;23;-0.7486514400596553;0;0;19;11;4;8;1;1;4;3;3;0;1;22;6.357556232769309;19;1;12;12;16;4;5;2;0;21;4.617496447359084;3;8;5;21;-0.21826527643030605;2;3;2;4;5;1;2;6;0;25;11;6;1;25;25;5;5;7;-3.9065063614546283;4;5;6;0;25;16;3;6;5;2;4;17;5;6;22;2.771899676800403
TRACK:1639;1584;1486;1;6;2;3;3;0;2;2;1;12;1;18;7;9.743113594750476;5;13;5;4;1;9;10;6;1;2;1;14;21;-1.0129174398504373;6;23;-1.0314284576966883;0;0;19;11;4;8;1;1;4;3;3;0;1;22;6.124443140157382;19;1;12;12;16;4;5;2;0;21;4.7423132612071655;12;5;10;2;5;6;22;2.771899676800403;3;6;5;2;4;11;5;6;22;2.808105114061211
TRACK:1640;1630;-1;1;6;2;3;3;0;2;2;1;12;0;8;25;5;13;5;4;1;9;10;6;1;2;1;14;21;-0.9236715842050819;6;23;-1.1182792879399106;0;0;19;11;4;8;1;1;4;3;3;0;1;12;19;1;12;12;16;0;4;3;2;15;16;2;4;1;22;2.114338430815614;9;5;1;20;2.9180997696801745;23;-2.2227313076957738;2;3;2;4;5;2;6;6;1;20;-5.026122651429472;7;-4.002343906895417;4;25;4;6;0;4;12;4;19;3;6;5;2;4;1;24;12;5;6;22;2.442849085294718
TRACK:1641;1632;-1;1;6;2;3;3;0;2;2;6;20;9.79019800674029;5;13;5;4;1;9;10;6;1;2;1;14;21;-1.1300680809963204;6;23;-0.7213678682133351;0;0;19;11;4;8;1;1;4;3;3;0;1;22;6.056548306687949;19;1;12;12;16;4;5;2;0;21;4.706755048758131;4;12;5;10;2;3;2;4;5;2;6;6;14;0;2;4;17;4;22;-7.671446736852559;0;25;16;4;6;0;4;12;5;10;3;6;5;2;4;11;5;6;22;2.715239698935843
TRACK:1642;1634;-1;1;6;2;3;3;0;2;2;1;6;23;-0.6665603847903686;1;24;12;5;13;5;4;1;9;10;6;1;2;1;14;21;-1.0742878235092437;3;13;0;0;19;11;4;8;1;1;4;3;3;0;1;22;6.39901274713536;19;1;12;12;16;4;5;2;0;21;4.6692227721105946;12;5;21;-0.3609751432565069;2;3;2;1;4;3;3;0;1;22;6.377646065169083;19;1;12;12;16;4;5;6;0;25;16;3;6;5;2;4;11;5;6;22;2.836238316171047
TRACK:1643;1505;-1;1;6;2;3;3;0;2;2;1;12;1;18;7;9.695529455494718;5;13;5;4;1;9;10;6;1;2;1;14;21;-1.0065193294334134;6;23;-1.2187268363717176;2;0;16;20;5.9191836800464515;0;21;-5.343769567797077;15;1;1;4;3;3;0;1;22;6.1147231420360555;19;1;12;12;16;4;5;2;0;21;4.6385519353621945;12;5;10;2;3;2;4;5;2;6;6;1;20;-4.986732057519219;7;-3.9768824324429772;4;25;4;6;0;4;12;4;19;3;6;5;2;4;11;5;6;22;2.592688991577375
TRACK:1644;1638;-1;1;6;2;3;3;0;2;2;1;6;23;-0.9925669823929196;1;24;12;5;13;5;4;1;9;10;6;1;2;1;14;25;6;23;-0.8326407397648161;0;0;19;11;4;8;1;1;4;2;6;6;2;14;14;2;5;0;23;-0.6657683867958308;15;3;3;17;16;4;5;2;0;21;4.688473691116624;3;8;5;21;-0.20055365472157627;2;3;2;4;5;1;2;6;0;25;11;6;1;25;25;5;5;7;-4.008753649595489;4;5;6;0;25;16;3;6;5;2;4;17;5;6;22;2.800610559803438
TRACK:1645;1631;-1;1;6;2;3;3;0;2;2;1;6;23;-1.2086915359432677;1;24;12;5;13;5;4;1;9;10;6;1;2;1;14;21;-1.5612370364493708;6;23;-0.8998447158337809;0;0;19;11;4;8;1;1;4;3;3;0;1;9;19;1;12;12;16;4;5;2;0;21;4.729624951941252;3;8;5;21;-0.35632786726931226;2;3;2;4;2;1;1;3;7;-5.659394378709621;3;14;3;5;14;6;5;5;19;4;5;6;15;3;6;5;2;4;17;5;6;22;2.74269431896308
TRACK:1646;1633;-1;1;6;2;3;3;0;2;2;1;12;1;18;7;9.587007853821746;5;13;5;4;1;9;10;6;1;6;9;0;0;19;11;4;8;1;1;4;3;3;0;1;22;6.059033136216709;19;1;12;12;16;4;5;2;0;21;4.833508935878248;12;5;10;2;3;2;4;5;2;6;6;1;20;-4.799069293589637;7;-3.9955474465582697;0;2;4;17;4;22;-7.6227219506074855;0;25;16;4;6;0;4;12;4;11;3;6;5;2;4;11;5;6;22;3.061039003952377
TRACK:1647;1635;-1;1;6;2;3;3;0;2;2;1;6;23;-0.6929624947351143;1;24;12;5;13;5;4;1;9;10;6;1;2;1;14;21;-1.3504753684403554;6;23;-0.8563833241662289;0;0;19;11;4;8;1;1;4;3;3;0;1;22;6.364284584288955;19;1;12;12;4;4;8;4;5;2;0;21;4.754539440149956;3;8;5;21;-0.2846208547781779;2;3;2;4;5;1;21;-1.2280834911532006;5;5;7;-3.8645360084109566;4;5;6;0;25;16;3;6;5;2;4;11;5;6;22;3.001619118246586
TRACK:1648;1548;-1;1;6;2;3;3;0;2;4;4;21;-0.8482280098143953;5;4;1;9;10;6;1;2;1;14;21;-0.7814255337083201;6;23;-1.2741724717743486;0;0;19;11;4;8;1;1;4;3;3;0;1;22;6.407246830958851;19;1;12;12;16;4;5;2;0;21;4.738742775525808;3;15;5;10;2;3;2;4;5;2;6;6;1;20;-5.158713077519752;7;-3.9404042605237173;4;25;4;6;0;4;12;4;19;3;6;5;2;4;1;24;12;5;6;22;2.676109364393706
TRACK:1649;1639;-1;1;6;2;3;3;0;2;2;1;12;1;18;7;9.584903856620883;5;13;5;4;1;18;10;6;1;2;1;14;21;-0.9786749151665645;6;23;-0.8915185923324012;0;0;19;11;4;8;1;1;4;3;3;0;1;22;5.984562207946758;19;1;12;12;16;4;5;2;0;21;4.798748041664474;12;5;10;2;5;6;22;2.8796798389545164;3;6;5;2;4;11;5;6;22;2.8351691459493384
EVAL_INSTANCE:82:0:1640
EVAL_INSTANCE:82:1:1641
EVAL_INSTANCE:82:2:1642
EVAL_INSTANCE:82:3:1643
EVAL_INSTANCE:82:4:1644
EVAL_INSTANCE:82:5:1645
EVAL_INSTANCE:82:6:1646
EVAL_INSTANCE:82:7:1647
EVAL_INSTANCE:82:8:1648
EVAL_INSTANCE:82:9:1649
RUN_RESULT:82:0:0:2000:----
RUN_RESULT:82:1:0:391:RRURUUDDRUUDDRUDDL
RUN_RESULT:82:2:0:1097:RRURUUDDRUUDDD
RUN_RESULT:82:3:0:2000:----
RUN_RESULT:82:4:0:2000:----
RUN_RESULT:82:5:0:2000:----
RUN_RESULT:82:6:0:2000:----
RUN_RESULT:82:7:0:2000:----
RUN_RESULT:82:8:0:2000:----
RUN_RESULT:82:9:0:2000:----
    83 |      830 | -3.934000E+03 | -3.934000E+03
TRACK:1650;1585;1507;1;6;2;3;3;0;2;2;1;12;1;18;7;9.694240233117922;5;13;5;4;1;9;10;6;1;2;1;14;21;-0.7284128233233558;6;23;-1.2096410518955074;0;0;19;11;4;8;1;1;4;3;3;0;1;22;6.1559383399074115;19;1;12;12;16;0;4;3;2;15;16;2;4;1;22;2.19772701005391;9;5;1;20;3.0208833473990726;23;-2.25604293992369;5;13
TRACK:1651;1585;1507;1;6;2;3;3;0;2;2;1;6;23;-0.8798901572150347;1;24;12;5;13;5;4;1;9;10;6;1;2;1;14;21;-1.1681125064898208;6;23;-0.7045825983866503;0;0;19;11;4;8;1;1;4;3;3;0;1;22;6.360537530127731;19;1;12;12;16;4;5;2;0;21;4.729097054602055;3;8;5;21;-0.3769631246033733;0;0;19;11;4;8
TRACK:1652;1600;1505;1;6;2;3;3;0;2;2;1;6;23;-1.0552499576056849;1;24;12;5;13;5;4;1;9;10;6;1;2;1;14;21;-1.3024100138841543;6;23;-0.917556951175668;0;0;19;11;4;8;1;1;4;3;3;0;1;22;6.4418751699457095;19;1;12;12;16;4;5;2;0;21;4.663978600223999;3;8;5;21;-0.2640505045812979;2;3;2;4;2;1;1;3;7;-5.897883138699482;3;14;3;5;14;6;5;5;19;4;5;6;0;1;14;18;16;3;6;5;2;4;17;5;6;22;2.6801205743336927
TRACK:1653;1600;1505;1;6;2;3;3;0;2;2;1;12;1;18;7;9.741935353742997;5;13;5;4;1;9;10;6;1;2;1;14;21;-0.9953439070040699;6;23;-1.113778233473682;0;0;19;11;4;8;1;1;4;3;3;0;1;22;6.066408632691206;19;1;12;12;16;4;5;2;24;5;10;2;3;2;4;5;2;6;6;1;20;-4.993767902951518;7;-3.9599370501602444;4;25;4;6;0;4;12;4;19;3;6;5;2;4;11;5;6;22;2.571839760236076
TRACK:1654;1581;1424;1;6;2;3;3;0;2;2;1;12;1;18;7;9.670196278015231;5;13;5;4;1;9;10;6;1;2;1;14;21;-0.9829935667052744;6;23;-0.8280995406522216;0;0;19;11;4;8;1;1;4;3;3;0;1;22;6.079153276300222;19;1;12;12;16;4;5;2;0;21;4.865514616586923;4;12;5;10;2;3;2;4;5;2;6;6;1;20;-4.8791074482914105;7;-3.951125383895761;0;2;4;17;4;22;-7.671107335442041;0;25;16;4;6;0;4;12;5;10;3;7;-3.8765575731336988
TRACK:1655;1581;1424;1;6;2;3;5;13;1;1;4;3;3;0;1;22;6.077207254425505;19;1;12;12;16;4;5;2;0;21;4.828428278297536;12;5;10;2;3;2;4;5;2;6;6;1;20;-4.594025358997871;7;-3.8765575731336988;0;2;4;17;4;22;-7.710841834005764;4;4;15;4;6;0;4;12;4;19;3;6;5;2;4;11;5;6;22;2.8036288404563257
TRACK:1656;1600;1505;1;6;2;3;3;0;2;2;1;6;23;-1.0552499576056849;1;24;12;5;13;5;4;1;9;10;6;1;2;1;14;21;-1.3024100138841543;6;23;-0.917556951175668;0;0;19;11;4;8;1;1;4;3;3;0;1;22;6.4418751699457095;19;1;12;12;16;4;5;2;0;21;4.663978600223999;3;8;5;21;-0.2640505045812979;2;3;2;4;2;1;1;3;7;-5.897883138699482;3;14;3;5;14;6;5;5;19;4;5;6;0;1;14;6;22;2.571839760236076;16;3;6;5;2;4;17;5;6;22;2.6801205743336927
TRACK:1657;1600;1505;1;6;2;3;3;0;2;2;1;12;1;18;7;9.741935353742997;5;13;5;4;1;9;10;6;1;2;1;14;21;-0.9953439070040699;6;23;-1.113778233473682;0;0;19;11;4;8;1;1;1;3;7;-5.897883138699482;3;14;16;4;5;2;0;21;4.66071307458395;12;5;10;2;3;2;4;5;2;6;6;1;20;-4.993767902951518;7;-3.9599370501602444;4;25;4;6;0;4;12;4;19;3;6;5;2;4;11;5;6;22;2.571839760236076
TRACK:1658;1584;1486;1;6;2;3;3;0;2;2;1;6;22;-7.571510191190154;1;24;12;5;13;5;4;1;9;10;6;1;2;1;14;21;-1.1224089539377393;6;23;-0.7486514400596553;0;0;19;11;4;8;1;1;4;3;3;0;1;22;6.357556232769309;19;1;12;12;16;4;5;2;0;21;4.617496447359084;3;8;5;21;-0.21826527643030605;2;3;2;4;5;1;2;6;0;25;11;6;1;25;25;5;5;7;-3.9065063614546283;4;5;6;0;25;16;3;6;5;2;4;17;5;6;22;2.771899676800403
TRACK:1659;1584;1486;1;6;2;3;3;0;2;2;1;12;1;18;7;9.743113594750476;5;13;5;4;1;9;10;6;1;2;1;14;21;-1.0129174398504373;6;23;-1.0314284576966883;0;0;19;11;4;8;1;1;4;3;3;0;1;22;6.124443140157382;19;1;12;12;16;4;5;2;0;21;4.7423132612071655;12;5;10;2;3;2;4;5;2;6;6;1;20;-4.84927075956137;7;-3.8912641915691766;0;2;4;17;4;22;-7.571510191190154;0;25;16;4;6;0;4;12;4;19;3;6;2;1;6;23;-0.9942855523542317;1;24;12;5;13
TRACK:1660;1650;-1;1;6;2;3;3;0;2;2;1;12;1;18;7;9.82534281069815;5;13;5;4;1;9;10;6;1;2;1;14;21;-0.9143733766505927;6;23;-1.2259443902594203;0;0;19;11;2;8;19;1;1;4;3;3;0;1;22;6.221380453933946;19;1;12;12;16;0;4;3;2;15;16;2;4;1;22;2.2415967837533963;9;5;1;20;3.0005533513652427;23;-2.3115338656888005;5;13
TRACK:1661;1652;-1;1;6;2;3;3;0;2;2;1;6;23;-1.2422697823192836;1;24;12;5;13;5;4;1;9;10;6;1;2;1;14;21;-1.2407945154271938;6;23;-0.7889039290692762;0;0;19;11;4;8;1;1;4;3;3;0;1;22;6.3092017898396655;19;1;12;12;16;4;5;3;3;3;8;2;3;2;4;2;1;1;3;7;-5.966724856435746;3;14;3;5;14;6;5;5;19;4;5;6;0;1;14;18;16;3;6;5;2;4;17;5;6;22;2.488241952052982
TRACK:1662;1654;-1;1;6;2;3;3;0;2;2;1;12;1;18;7;9.561987385598677;5;13;5;4;1;9;10;6;1;2;1;14;21;-1.0830661236481964;6;23;-0.7703442409774297;0;0;19;11;4;8;1;1;4;3;3;0;1;22;5.972922427403001;19;1;12;12;16;4;5;2;0;21;4.846126786302585;4;12;5;10;2;3;2;4;5;2;6;1;4;25;5;25;0;2;4;17;4;22;-7.660434523791664;0;25;16;4;6;0;4;12;5;10;3;7;-3.8685786850725057
TRACK:1663;1656;-1;1;6;2;3;3;0;2;2;1;6;23;-0.8720128604477759;1;24;12;5;13;5;4;1;9;10;6;1;2;1;7;-8.805288267733173;21;-1.2979283621939357;6;23;-0.8038145362657662;0;0;19;11;4;8;1;1;4;3;3;0;1;22;6.405074197870418;19;1;12;12;16;4;5;2;0;21;4.420158541052149;3;8;5;21;-0.20396404818362204;2;3;2;4;2;1;1;3;7;-6.014345844600282;3;14;3;5;14;6;5;5;19;4;5;6;0;1;14;6;22;2.602116513287922;16;3;6;5;2;4;17;5;6;22;2.698785080606881
TRACK:1664;1584;-1;1;6;2;3;3;0;2;2;1;6;23;-1.168847392728241;1;24;12;5;13;5;4;1;9;10;6;1;2;1;21;-7.777671089510347;21;-1.0585197920495135;6;23;-0.536979787234512;0;0;19;11;4;8;1;1;4;3;3;0;1;22;6.560873511502084;19;1;12;12;16;4;5;2;0;21;4.6193435251552435;3;8;5;21;-0.30183347846767195;2;3;2;4;5;1;2;6;0;25;11;6;1;25;25;5;5;7;-3.85289075181759;4;5;6;0;25;16;3;6;5;2;4;17;5;6;22;2.9103195503761428
TRACK:1665;1651;-1;1;6;2;3;3;0;2;2;1;6;23;-0.918682430548739;1;24;12;5;13;5;4;1;9;10;6;1;2;1;14;21;-1.2888030998570303;6;23;-0.7022410832643496;0;0;19;11;4;8;1;1;4;3;3;0;1;22;6.473655385740458;19;1;12;12;16;4;5;2;0;21;4.666103944416933;3;8;5;21;-0.6342344835158066;0;4;1;2;6;5;1;0;6;12;4;21;1.3457297916599398;5;3;8;6;1;4;4;1;9;20;7.138415128071333;0;4;1;21;2.474500306204959;25;6;6;15;0;3;1;5;6;3;19;6;5;5;19;2;6;0;3;2;9;14;5;4;23;-9.973074885518049;3;5;3;4;17;4;8
TRACK:1666;1653;-1;1;6;2;3;3;0;2;2;1;12;1;18;7;9.889680485388768;5;13;5;4;1;9;10;6;1;2;1;14;21;-1.0067397881674174;6;23;-1.1322888308802073;0;0;19;11;4;8;1;1;4;3;3;0;1;22;6.181194347856548;24;1;12;12;16;4;5;2;24;5;10;2;3;2;4;5;2;6;6;1;20;-5.063414030460148;7;-3.8645847762477166;4;25;4;6;0;4;12;4;19;3;6;5;2;4;11;5;6;22;2.577523433864502
TRACK:1667;1655;-1;1;6;2;3;5;13;1;1;4;3;0;6;12;2;8;12;16;4;5;2;0;21;4.867565496640766;12;5;10;2;3;2;4;5;2;6;6;1;20;-4.625060989683453;7;-3.9242719901465497;0;2;4;17;4;22;-7.863002053292941;4;4;15;4;6;0;4;12;4;19;3;6;5;2;4;11;5;6;22;2.7253066112085005
TRACK:1668;1657;-1;1;6;2;3;3;0;2;2;1;12;1;18;7;9.78062605134781;5;13;5;4;1;9;10;6;1;2;1;14;21;-0.9798493485443408;6;23;-1.1459521432930349;0;0;19;11;4;8;1;1;1;3;7;-5.954406338461547;3;14;16;4;5;2;0;21;4.695065491664006;12;5;10;2;3;2;4;5;2;6;6;1;20;-5.026912774918679;7;-3.82523962187399;4;25;4;6;0;4;12;4;19;3;6;5;2;4;6;15;5;6;22;2.5899644039802903
TRACK:1669;1486;-1;1;6;2;3;3;0;2;2;1;12;1;18;7;9.697792852139601;5;13;5;4;1;9;10;6;1;2;1;14;21;-0.9565422090723952;6;23;-0.9350109988192964;0;0;19;11;4;8;1;1;4;3;3;0;1;22;5.998391190927557;19;1;12;12;16;4;5;2;0;21;4.623726441730372;12;5;10;2;3;2;4;5;2;6;6;1;20;-4.971439660850675;7;-3.905769384409684;0;2;4;17;4;22;-7.512499511278889;0;25;16;4;6;0;4;12;4;2;6;11;1;12;22;5.172483357301044;3;6;5;2;4;11;5;6;22;2.8661821980582185
EVAL_INSTANCE:83:0:1660
EVAL_INSTANCE:83:1:1661
EVAL_INSTANCE:83:2:1662
EVAL_INSTANCE:83:3:1663
EVAL_INSTANCE:83:4:1664
EVAL_INSTANCE:83:5:1665
EVAL_INSTANCE:83:6:1666
EVAL_INSTANCE:83:7:1667
EVAL_INSTANCE:83:8:1668
EVAL_INSTANCE:83:9:1669
RUN_RESULT:83:0:0:2000:----
RUN_RESULT:83:1:0:2000:----
RUN_RESULT:83:2:0:2000:----
RUN_RESULT:83:3:0:2000:----
RUN_RESULT:83:4:0:77:RRURUUDDRUUDDD
RUN_RESULT:83:5:0:231:URRRUUDDRUUDDD
RUN_RESULT:83:6:0:2000:----
RUN_RESULT:83:7:0:2000:----
RUN_RESULT:83:8:0:2000:----
RUN_RESULT:83:9:0:66:RRURUUDDRUUDDD
    84 |      840 | -3.934000E+03 | -3.934000E+03
TRACK:1670;1581;1548;1;6;2;3;3;0;2;2;1;12;1;18;7;9.670196278015231;5;13;5;4;1;9;10;6;1;2;1;14;21;-0.9829935667052744;6;23;-0.8280995406522216;0;0;19;11;4;8;1;1;4;3;3;0;1;22;6.079153276300222;19;1;12;12;16;4;5;2;0;21;4.865514616586923;4;12;5;10;2;3;2;4;5;2;6;6;1;20;-4.8791074482914105;7;-3.951125383895761;0;2;4;17;4;22;-7.671107335442041;14;4;6;0;4;12;5;10;3;6;5;2;4;11;5;6;22;2.7282990284474975
TRACK:1671;1581;1548;1;6;2;3;3;0;2;2;1;12;1;18;16;5;13;5;4;1;9;10;6;1;2;1;14;21;-0.7931533915108596;6;23;-1.2645312251167868;0;0;19;11;4;8;1;1;4;3;3;0;1;22;6.190169659759275;19;1;12;12;16;4;5;2;0;21;4.709241011428589;3;15;5;10;2;3;2;4;5;2;6;6;1;20;-4.980964788325845;7;-3.9729655634200314;4;25;4;6;0;4;12;4;19;3;6;5;2;4;1;24;12;5;6;22;2.500693264235406
TRACK:1672;1505;1201;1;6;2;3;3;0;2;2;1;12;1;18;7;9.741935353742997;5;13;5;4;1;9;10;6;1;2;1;14;21;-0.9953439070040699;6;23;-1.113778233473682;0;0;19;11;4;8;1;1;4;3;3;0;1;22;6.066408632691206;19;1;12;12;16;4;5;2;0;21;4.66071307458395;12;5;10;2;3;2;4;5;2;6;6;1;20;-4.993767902951518;7;-3.9599370501602444;4;25;4;6;0;4;12;4;19;3;6;5;2;4;11;24
TRACK:1673;1505;1201;1;6;2;3;3;0;2;2;1;6;23;-0.8505500683502056;1;24;12;5;13;5;4;1;9;10;6;1;2;1;14;25;6;23;-0.86849873175683;0;0;19;11;4;8;1;1;4;3;3;0;1;22;6.295694983885563;19;1;12;12;16;4;5;2;0;21;4.621591656125754;12;5;21;-0.32479583455293387;2;3;2;4;5;1;2;6;0;25;16;6;1;25;25;5;5;3;12;4;5;6;0;25;16;3;6;5;2;4;11;5;6;22;2.7499413106971184
TRACK:1674;1486;1584;1;6;2;3;3;0;2;2;1;12;1;18;7;9.743113594750476;5;13;5;4;1;13;10;6;1;2;1;14;21;-1.0129174398504373;6;23;-1.0314284576966883;0;0;19;11;4;8;1;1;4;3;3;0;1;22;6.124443140157382;19;1;12;12;16;4;5;2;0;21;4.7423132612071655;12;5;10;2;3;2;4;5;2;6;6;1;20;-4.84927075956137;7;-3.8912641915691766;0;2;4;17;4;22;-7.571510191190154;0;25;16;4;6;0;4;12;4;19;3;6;5;2;4;11;5;6;22;2.808105114061211
TRACK:1675;1486;1584;1;6;2;3;3;0;2;2;1;6;23;-0.9942855523542317;1;24;12;5;13;5;4;1;9;10;6;1;2;1;14;21;-1.1224089539377393;6;23;-0.7486514400596553;0;0;19;11;4;8;1;1;4;3;3;0;1;22;6.357556232769309;19;1;12;12;16;4;5;2;0;21;4.617496447359084;3;8;5;21;-0.21826527643030605;2;3;2;4;5;1;2;6;0;25;11;6;1;25;25;5;5;7;-3.9065063614546283;4;5;6;0;25;16;3;6;5;2;4;17;2;2;1;12;1;18;7;9.743113594750476;5;13;5;4;1;9;10
TRACK:1676;1585;1581;1;6;2;3;3;0;2;2;1;12;1;18;7;9.694240233117922;5;13;5;4;1;9;10;6;1;2;1;14;21;-0.7284128233233558;6;23;-1.2096410518955074;0;0;19;11;4;8;1;1;4;3;3;0;1;22;6.1559383399074115;19;1;12;12;16;0;4;12;5;10;2;3;2;4;5;2;6;6;1;20;-5.058371963427224;7;-3.888842537975829;4;25;4;6;0;4;12;4;19;3;6;5;2;4;1;24;12;5;6;22;2.447859182825572
TRACK:1677;1585;1581;1;6;2;3;3;0;2;2;1;12;1;18;7;9.670196278015231;5;13;5;4;1;9;10;6;1;2;1;14;21;-0.9829935667052744;6;23;-0.8280995406522216;0;0;19;11;4;8;1;1;4;3;3;0;1;22;6.079153276300222;19;1;12;12;16;4;5;2;0;21;4.865514616586923;4;12;5;10;2;3;2;4;5;2;6;6;1;20;-4.8791074482914105;7;-3.951125383895761;0;2;4;17;4;22;-7.671107335442041;0;25;16;4;3;2;15;16;3;6;5;2;4;11;5;6;22;2.7282990284474975
TRACK:1678;1548;1507;1;6;2;3;3;0;2;2;1;12;1;18;7;9.698475321725876;5;13;5;4;1;9;10;6;1;2;1;14;21;-0.7931533915108596;6;23;-1.2645312251167868;0;0;19;11;4;8;1;1;4;3;3;0;1;22;6.190169659759275;19;1;12;12;16;4;5;2;0;21;4.709241011428589;3;15;5;10;2;3;2;4;5;2;6;19;4;25;4;6;0;4;12;4;19;3;6;5;2;4;1;24;12;5;6;22;2.500693264235406
TRACK:1679;1548;1507;1;6;2;3;3;0;2;2;1;6;23;-0.8798901572150347;1;24;12;5;13;5;4;1;9;10;6;1;2;1;14;21;-1.1681125064898208;6;23;-0.7045825983866503;0;0;19;11;4;8;1;1;4;3;3;0;1;22;6.360537530127731;19;1;12;12;16;4;5;2;0;21;4.729097054602055;3;8;5;21;-0.3769631246033733;2;3;2;4;5;1;2;6;0;25;16;6;1;7;9.698475321725876;25;5;5;7;-3.864265912968241;4;5;6;0;25;16;3;6;5;2;4;11;5;6;22;2.829429166387758
TRACK:1680;1670;-1;1;6;2;3;3;0;2;2;1;12;1;18;7;9.682940331969967;5;13;5;4;1;9;10;6;1;2;1;14;21;-1.0394353370880796;6;23;-0.8450329551104296;0;0;19;11;4;8;1;1;4;3;3;0;1;22;6.057706337592159;19;1;12;12;16;4;5;2;0;21;5.023496275270628;4;12;5;10;2;3;2;4;5;2;6;6;1;20;-4.873009418971483;7;-3.879614880447252;0;2;4;17;4;22;-7.653086651158108;3;16;4;6;0;4;12;5;10;3;6;5;2;4;11;5;6;22;2.787147916376996
TRACK:1681;1505;-1;1;6;2;3;3;0;2;2;1;12;1;18;7;9.794871568401504;5;13;5;4;1;9;10;6;1;2;1;16;15;6;23;-1.1128841446380273;0;0;19;11;4;8;1;1;4;3;3;0;1;22;6.09687885879068;19;1;12;12;16;4;5;2;0;21;4.729784073462435;12;5;10;2;3;2;4;5;2;6;6;1;20;-4.79573467060872;7;-3.8998689461316793;4;25;4;6;0;4;12;4;19;3;6;5;2;4;11;5;6;22;2.475907249017693
TRACK:1682;1674;-1;1;6;2;3;3;0;2;2;1;12;1;18;7;9.750705021983203;5;13;5;4;1;13;22;7.551830511058643;6;1;2;1;14;21;-1.0225780723172329;6;23;-0.846473757508009;0;0;19;11;4;8;1;1;4;3;3;0;1;22;6.052942484879912;19;1;12;12;16;4;5;2;0;21;4.5982824492744365;12;5;10;2;3;2;4;5;2;6;6;1;20;-4.736936677851744;7;-4.111927867394384;0;2;4;17;4;22;-7.731608872637142;0;25;16;4;6;0;4;12;4;19;3;6;5;2;4;11;5;6;22;2.8793413018461242
TRACK:1683;1676;-1;1;6;2;3;3;0;2;2;1;12;1;18;7;9.714431626200641;5;13;5;4;1;9;10;6;1;2;1;14;21;-0.8465107778815293;6;23;-1.1418668833444914;0;0;19;11;4;8;1;1;4;3;3;0;1;22;6.118817118638534;19;1;12;12;16;0;4;12;5;10;2;3;2;4;5;2;4;5;25;4;25;4;6;0;4;12;4;19;3;6;5;2;4;1;24;12;5;6;22;2.618522040066896
TRACK:1684;1678;-1;1;6;2;3;3;0;2;2;1;12;1;18;7;9.756635264921389;5;13;5;4;1;9;10;6;1;2;1;14;21;-0.6705132016142988;6;23;-1.3081630059828881;0;0;19;11;4;8;1;1;4;3;3;0;1;22;6.217290940845381;19;1;12;12;16;4;5;2;0;21;4.742591580802474;3;15;5;10;2;3;2;4;5;2;6;19;4;25;4;6;0;4;12;4;0;16;14;3;6;5;2;4;1;24;12;5;6;22;2.541165487675389
TRACK:1685;1671;-1;1;6;2;3;3;0;2;2;1;12;1;18;16;5;13;5;4;1;9;10;6;1;2;1;14;21;-0.7327637911479834;6;23;-1.2240592906003578;0;0;19;11;4;8;1;1;4;3;3;0;1;22;5.947935290227903;19;1;12;12;16;4;5;2;0;21;4.737694945529069;3;15;5;10;2;3;2;4;5;2;6;6;1;20;-4.915623707133019;7;-4.027406102891654;4;25;4;6;0;4;12;4;19;3;6;5;2;4;1;24;12;5;6;2;23;-2.835483304389898;14
TRACK:1686;1201;-1;1;6;2;3;3;0;2;2;1;6;14;1;24;12;5;13;5;4;1;9;10;6;1;2;1;14;21;-1.1370171812544505;6;23;-0.9855976564562748;0;0;19;11;4;8;1;1;4;3;3;0;1;22;6.4317478706018845;19;1;12;12;16;4;5;2;0;21;4.66173833944195;12;5;21;-0.39537323930195395;2;3;2;4;5;1;2;6;0;25;16;6;1;25;25;5;5;3;12;4;5;6;0;25;16;3;6;5;2;4;11;5;6;22;2.966650945772188
TRACK:1687;1675;-1;1;6;2;3;3;0;2;2;1;6;23;-1.0818573475337303;1;24;12;5;13;5;4;1;9;10;6;1;2;1;14;21;-0.9253684135954513;6;23;-0.7606409618478189;0;0;19;11;4;8;1;1;4;3;6;3;5;15;16;4;5;2;0;21;4.739153982089104;3;8;5;21;-0.1737589690681189;2;3;2;4;5;1;2;6;0;25;11;6;1;25;25;5;5;7;-3.9130355728284303;4;5;6;0;25;16;3;6;5;2;4;17;2;2;1;12;1;18;7;9.757061707246686;5;13;5;4;1;9;10
TRACK:1688;1677;-1;1;6;2;3;3;0;2;2;1;12;1;18;7;9.657814770878385;5;13;5;4;1;9;10;6;1;2;1;14;21;-1.1006798424048285;6;23;-0.6454676630333137;0;0;19;11;4;8;1;1;4;3;3;0;1;22;6.0230237831090125;19;1;12;12;16;4;5;2;0;21;4.899182849682553;4;12;5;10;6;3;3;3;6;2;5;6;8;6;1;24;19
TRACK:1689;1679;-1;1;6;2;3;3;0;2;2;1;6;23;-0.8367507982794615;1;24;12;5;13;5;4;1;9;10;6;3;0;5;9;4;17;1;1;4;3;3;0;1;22;6.288472567745732;19;1;12;12;16;4;5;2;0;21;4.739273944660824;3;8;5;21;-0.42333445988864876;2;3;2;4;5;1;2;6;0;25;16;6;1;7;9.808770813879507;25;5;5;7;-3.727892066564616;4;5;6;0;25;16;3;6;5;2;4;11;5;6;22;2.6005263098915994
EVAL_INSTANCE:84:0:1680
EVAL_INSTANCE:84:1:1681
EVAL_INSTANCE:84:2:1682
EVAL_INSTANCE:84:3:1683
EVAL_INSTANCE:84:4:1684
EVAL_INSTANCE:84:5:1685
EVAL_INSTANCE:84:6:1686
EVAL_INSTANCE:84:7:1687
EVAL_INSTANCE:84:8:1688
EVAL_INSTANCE:84:9:1689
RUN_RESULT:84:0:0:66:RRURUUDDRUUDDD
RUN_RESULT:84:1:0:150:RRURUUDDRUUDDD
RUN_RESULT:84:2:0:66:RRURUUDDRUUDDD
RUN_RESULT:84:3:0:67:RRURUUDDRUUDDD
RUN_RESULT:84:4:0:67:RRURUUDDRUUDDD
RUN_RESULT:84:5:0:2000:----
RUN_RESULT:84:6:0:66:RRURUUDDRUUDDD
RUN_RESULT:84:7:0:2000:----
RUN_RESULT:84:8:0:2000:----
RUN_RESULT:84:9:0:2000:----
    85 |      850 | -3.934000E+03 | -3.934000E+03
TRACK:1690;1585;1581;1;6;2;3;3;0;2;2;1;12;1;18;7;9.694240233117922;5;13;5;4;1;9;10;6;1;2;1;14;21;-0.7284128233233558;6;23;-1.2096410518955074;0;0;19;11;4;8;1;1;4;3;3;0;1;22;6.1559383399074115;19;1;12;12;16;0;4;3;2;15;16;2;4;1;22;2.19772701005391;9;5;1;20;3.0208833473990726;23;-2.25604293992369;2;3;2;4;5;2;21;-0.9829935667052744;4;25;4;6;0;4;12;4;19;3;6;5;2;4;1;24;12;5;6;22;2.447859182825572
TRACK:1691;1585;1581;1;6;2;3;3;0;2;2;1;12;1;18;7;9.670196278015231;5;13;5;4;1;9;10;6;1;2;1;14;21;-0.9829935667052744;6;23;-0.8280995406522216;0;0;19;11;4;8;1;1;4;3;3;0;1;22;6.079153276300222;19;1;12;12;16;4;5;2;0;21;4.865514616586923;4;12;5;10;2;3;2;4;5;2;6;6;1;20;-4.8791074482914105;7;-3.951125383895761;0;10;0;25;16;4;6;0;4;12;5;10;3;6;5;2;4;11;5;6;22;2.7282990284474975
TRACK:1692;1424;1600;1;6;2;3;3;0;2;2;1;12;12;5;13;5;4;1;9;10;6;1;14;0;0;19;11;4;8;1;1;4;3;3;0;1;22;6.077207254425505;19;1;12;12;16;4;5;2;0;21;4.828428278297536;12;5;10;2;3;2;4;5;2;6;6;1;20;-4.594025358997871;7;-3.8765575731336988;0;2;4;17;4;22;-7.710841834005764;4;4;15;4;6;0;4;12;4;19;3;6;5;2;4;11;5;6;22;2.8036288404563257
TRACK:1693;1424;1600;1;6;2;3;12;1;1;4;3;3;0;1;22;6.4418751699457095;19;1;12;12;16;4;5;2;0;21;4.663978600223999;3;8;5;21;-0.2640505045812979;2;3;2;4;2;1;1;3;7;-5.897883138699482;3;14;3;5;14;6;5;5;19;4;5;6;0;1;14;21;-0.9429073026174936;16;3;6;5;2;4;17;5;6;22;2.6801205743336927
TRACK:1694;1201;1507;1;6;2;3;3;0;2;2;1;6;23;-0.8505500683502056;1;24;12;5;13;5;4;1;9;10;6;1;2;1;14;21;-1.1385438819807014;6;23;-0.86849873175683;0;0;19;11;4;8;1;1;4;3;3;0;1;22;6.295694983885563;19;1;12;12;16;4;5;2;0;21;4.621591656125754;12;5;21;-0.32479583455293387;2;3;2;4;5;1;2;6;0;25;16;6;1;25;25;5;5;8;4;5;6;0;25;16;3;6;5;2;4;11;5;6;22;2.7499413106971184
TRACK:1695;1201;1507;1;6;2;3;3;0;2;2;1;6;23;-0.8798901572150347;1;24;12;5;13;5;4;1;9;10;6;1;2;1;14;21;-1.1681125064898208;6;23;-0.7045825983866503;0;0;19;11;4;8;1;12;4;5;2;0;21;4.729097054602055;3;8;5;21;-0.3769631246033733;2;3;2;4;5;1;2;6;0;25;16;6;1;25;25;5;5;7;-3.864265912968241;4;5;6;0;25;16;3;6;5;2;4;11;5;6;22;2.829429166387758
TRACK:1696;1505;1581;1;6;2;3;3;0;2;2;1;12;1;18;7;9.741935353742997;5;13;5;4;1;9;10;6;1;2;1;14;21;-0.9953439070040699;6;23;-1.113778233473682;0;0;19;11;4;8;1;1;4;3;22;-7.671107335442041;16;4;5;2;0;21;4.66071307458395;12;5;10;2;3;2;4;5;2;6;6;1;20;-4.993767902951518;7;-3.9599370501602444;4;25;4;6;0;4;12;4;19;3;6;5;2;4;11;5;6;22;2.571839760236076
TRACK:1697;1505;1581;1;6;2;3;3;0;2;2;1;12;1;18;7;9.670196278015231;5;13;5;4;1;9;10;6;1;2;1;14;21;-0.9829935667052744;6;23;-0.8280995406522216;0;0;19;11;4;8;1;1;4;3;3;0;1;22;6.079153276300222;19;1;12;12;16;4;5;2;0;21;4.865514616586923;4;12;5;10;2;3;2;4;5;2;6;6;1;20;-4.8791074482914105;7;-3.951125383895761;18;4;6;0;4;12;5;10;3;6;5;2;4;11;5;6;22;2.7282990284474975
TRACK:1698;1486;1424;1;6;2;3;3;0;2;2;1;12;1;18;7;9.743113594750476;5;13;5;4;1;9;10;6;1;2;1;14;21;-1.0129174398504373;6;22;2.8036288404563257;0;0;19;11;4;8;1;1;4;3;3;0;1;22;6.124443140157382;19;1;12;12;16;4;5;2;0;21;4.7423132612071655;12;5;10;2;3;2;4;5;2;6;6;1;20;-4.84927075956137;7;-3.8912641915691766;0;2;4;17;4;22;-7.571510191190154;0;25;16;4;6;0;4;12;4;19;3;6;5;2;4;11;5;6;22;2.808105114061211
TRACK:1699;1486;1424;1;6;2;3;3;0;2;2;1;12;12;5;13;5;4;1;9;10;6;1;2;1;14;21;-1.1264695735894386;6;23;-0.9316516044441946;0;0;19;11;4;8;1;1;4;3;3;0;1;11;19;1;12;12;16;4;5;2;0;21;4.828428278297536;12;5;10;2;3;2;4;5;2;6;6;1;20;-4.594025358997871;7;-3.8765575731336988;0;2;4;17;4;22;-7.710841834005764;4;4;15;4;6;0;4;12;4;19;3;6;5;2;4;11;5;6;22;2.8036288404563257
TRACK:1700;1690;-1;1;6;2;3;3;0;2;2;1;12;1;18;7;9.629995013549024;5;13;5;4;1;9;10;6;1;2;1;14;21;-0.5969339391160822;6;23;-1.1915474601998712;0;0;19;11;4;8;1;6;1;13;20;4.819896404035731;0;4;3;2;15;16;2;4;1;22;2.1660776998166025;9;5;1;20;3.1238177232850886;23;-2.2001313621502825;2;3;2;4;5;2;21;-0.9035809712759952;4;25;4;6;0;4;12;4;19;3;6;5;2;4;1;24;12;5;6;22;2.371825370581022
TRACK:1701;1692;-1;1;6;2;3;3;0;2;2;1;12;12;5;13;5;4;1;9;10;6;1;14;0;0;19;11;4;8;6;4;22;0.7352160957480294;2;3;2;4;5;2;6;6;1;20;-4.623179421352631;7;-3.9694891645666415;0;2;4;17;4;22;-7.722240728412865;4;4;15;4;6;0;4;12;4;19;3;6;5;2;4;11;5;6;22;2.932756385349925
TRACK:1702;1694;-1;1;6;2;3;3;0;2;2;1;6;23;-0.9992559668972472;1;24;12;5;13;5;4;1;9;10;6;1;2;1;14;21;-1.2200835371725256;6;23;-0.8519151271932631;0;0;19;11;4;8;1;1;4;3;3;0;1;22;6.334967692580939;19;1;12;12;16;4;5;2;0;21;4.638679563889358;12;5;21;-0.3340743784857631;2;3;2;4;5;1;2;6;0;25;16;6;1;25;25;5;5;8;4;5;6;0;25;16;3;6;5;2;4;11;5;0;14;21;-8.357673921176561
TRACK:1703;1696;-1;1;6;2;3;3;0;2;2;1;12;1;18;7;9.80378616200533;5;13;5;4;1;9;10;6;1;2;1;14;21;-1.1228721987686208;6;23;-1.0047999276160906;0;0;19;11;4;8;1;1;4;3;22;-7.55963577074162;16;4;5;2;0;21;4.9585289900906275;12;5;10;2;3;2;4;5;2;6;6;1;20;-5.116798674348177;7;-4.0122809585419486;4;25;4;6;0;4;12;4;19;3;0;4;10;1;25;20;1.2199104580750468
TRACK:1704;1698;-1;1;6;2;3;3;0;2;2;1;12;1;18;7;9.481463755897318;5;13;5;4;1;9;10;6;1;2;1;14;21;-1.1953447550871656;6;22;2.7942718643389837;0;0;19;11;4;8;1;1;4;3;3;0;1;22;6.119137072622338;19;1;12;12;16;4;5;2;0;21;4.824896448271158;12;5;10;2;3;2;4;5;2;6;6;3;22;-0.7095611895077791;0;2;4;17;4;22;-7.519927734918155;0;25;16;4;6;0;4;12;4;19;3;6;5;2;4;11;5;6;22;2.763085379588015
TRACK:1705;1691;-1;1;6;2;3;3;0;2;2;1;12;1;18;7;9.621679120176346;5;13;5;4;1;9;10;6;1;2;1;14;19;6;23;-0.7853098439975505;0;0;19;11;4;8;1;1;4;3;3;0;1;22;6.1906210701948;19;1;12;12;16;4;5;2;0;21;4.908458116719713;4;12;5;10;2;3;2;4;5;2;6;6;1;20;-4.829661278714952;7;-3.860260885927664;0;10;0;25;16;4;6;0;4;12;5;10;3;6;5;2;4;11;5;6;22;2.788168665857611
TRACK:1706;1693;-1;1;6;2;3;12;1;1;4;3;3;0;1;22;6.557346820044302;19;1;12;12;16;4;5;2;0;21;4.661586567561156;3;8;5;21;-0.3776204531472096;2;1;6;2;1;1;4;3;25;0;2;16;19;5;22;7.739986517889502;4;2;2;19;8;6;22;-4.500708005342011;1;6;2;6;25;5;25;0;1;0;17;18;0;20;6.511446795547258;9;2;1;19;23;-6.164563849288998;2;23;-9.88900976698658;22;7.890099093596945;6;5;5;6;2;3;19;1;19;16;3;6;5;2;4;17;5;6;22;2.7455821347926026
TRACK:1707;1695;-1;1;6;2;3;3;0;2;2;1;6;23;-0.9486838837040308;1;24;12;5;13;5;4;1;9;10;6;1;2;1;14;21;-0.8807726120136936;6;23;-0.5540537669275327;0;0;19;11;4;8;1;12;4;5;2;0;21;4.893869271369027;3;8;5;21;-0.32502690260219963;2;3;2;6;1;3;8;4;23;5.426381720280187;4;5;6;0;25;16;3;6;5;2;4;11;5;6;22;2.944095076532258
TRACK:1708;1697;-1;1;6;2;3;3;0;2;2;1;12;1;18;7;9.776247640713295;5;13;5;4;1;9;10;6;1;2;1;14;21;-0.9904606287998158;6;23;-0.8703498190026271;0;0;19;11;4;8;1;1;4;3;3;0;1;22;6.193241885493202;19;1;12;12;16;4;5;2;0;21;5.049876576414402;4;12;5;10;2;3;2;4;5;2;6;6;1;20;-4.836146391635694;7;-3.9718077500002966;18;4;6;0;4;12;5;10;3;6;2;4;0;3;0;6;7;-5.788862071814098;0;13;19;1;1;2;7;-5.1951094109083185;16;1;19;18;0;2;20;5.541775824643535;15;6;9;4;2;4;5;5;17;0;1;3;10;5;23;5.947027319521364;1;2;9;25;6;16
TRACK:1709;1699;-1;1;6;2;3;3;0;2;2;1;12;12;5;13;5;4;1;9;10;6;1;2;1;14;21;-1.0577476789950977;6;23;-0.8697225557553525;0;0;19;11;4;8;1;1;4;3;3;0;1;11;19;1;12;12;16;4;5;2;0;21;4.833868556628309;12;5;10;2;3;2;4;5;2;6;6;1;20;-4.512692931250483;7;-3.8376510716243257;0;2;4;17;4;22;-7.663133773022183;4;4;15;4;6;0;4;12;4;19;3;6;5;2;4;11;5;6;22;2.8286225673742944
EVAL_INSTANCE:85:0:1700
EVAL_INSTANCE:85:1:1701
EVAL_INSTANCE:85:2:1702
EVAL_INSTANCE:85:3:1703
EVAL_INSTANCE:85:4:1704
EVAL_INSTANCE:85:5:1705
EVAL_INSTANCE:85:6:1706
EVAL_INSTANCE:85:7:1707
EVAL_INSTANCE:85:8:1708
EVAL_INSTANCE:85:9:1709
RUN_RESULT:85:0:0:2000:----
RUN_RESULT:85:1:0:2000:----
RUN_RESULT:85:2:0:2000:----
RUN_RESULT:85:3:0:2000:----
RUN_RESULT:85:4:0:2000:----
RUN_RESULT:85:5:0:66:RRURUUDDRUUDDD
RUN_RESULT:85:6:0:909:RRURUUDDRUUDDD
RUN_RESULT:85:7:0:2000:----
RUN_RESULT:85:8:0:583:RRURUUDDRUUDDD
RUN_RESULT:85:9:0:2000:----
    86 |      860 | -3.934000E+03 | -3.934000E+03
TRACK:1710;1424;1507;1;6;2;3;25;1;1;4;3;3;0;1;22;6.077207254425505;19;1;12;12;16;4;5;2;0;21;4.828428278297536;12;5;10;2;3;2;4;5;2;6;6;1;20;-4.594025358997871;7;-3.8765575731336988;0;2;4;17;4;22;-7.710841834005764;4;4;15;4;6;0;4;12;4;19;3;6;5;2;4;11;5;6;22;2.8036288404563257
TRACK:1711;1424;1507;1;6;2;3;3;0;2;2;1;6;23;-0.8798901572150347;1;24;12;5;13;5;4;1;9;10;6;1;2;1;14;21;-1.1681125064898208;6;23;-0.7045825983866503;0;0;19;11;4;8;1;1;4;3;3;0;1;22;6.360537530127731;19;1;12;12;16;4;5;2;0;21;4.729097054602055;3;8;5;21;-0.3769631246033733;2;3;2;4;5;1;6;0;4;12;4;19;5;5;7;-3.864265912968241;4;5;6;0;25;16;3;6;5;2;4;11;5;6;22;2.829429166387758
TRACK:1712;1486;1584;1;6;2;3;3;0;2;2;1;12;1;18;7;9.743113594750476;5;13;5;4;1;9;10;6;1;2;1;14;23;-0.9942855523542317;6;23;-1.0314284576966883;0;0;19;11;4;8;1;1;4;3;3;0;1;22;6.124443140157382;19;1;12;12;16;4;5;2;0;21;4.7423132612071655;12;5;10;2;3;2;4;5;2;6;6;1;20;-4.84927075956137;7;-3.8912641915691766;0;2;4;17;4;22;-7.571510191190154;0;25;16;4;6;0;4;12;4;19;3;6;5;2;4;11;5;6;22;2.808105114061211
TRACK:1713;1486;1584;1;6;2;3;3;5;6;22;2.808105114061211;1;1;4;3;3;0;1;22;6.357556232769309;19;1;12;12;16;4;5;2;0;21;4.617496447359084;3;8;5;21;-0.21826527643030605;2;3;2;4;5;1;2;6;0;25;11;6;1;25;25;5;5;7;-3.9065063614546283;4;5;6;0;25;16;3;6;5;2;4;17;5;6;22;2.771899676800403
TRACK:1714;1600;1424;1;6;2;3;3;0;2;2;1;6;23;-1.0552499576056849;1;24;12;5;13;5;4;1;9;10;6;1;2;1;14;21;-1.3024100138841543;6;23;-0.917556951175668;0;0;19;11;4;8;1;1;4;3;3;0;1;22;6.4418751699457095;19;1;12;12;16;4;5;2;0;21;4.663978600223999;3;8;5;21;-0.2640505045812979;2;3;2;4;2;1;1;3;7;-5.897883138699482;3;14;3;5;14;6;5;5;19;4;5;6;0;1;20;-4.594025358997871;7;-3.8765575731336988;16;3;6;5;2;4;17;5;6;22;2.6801205743336927
TRACK:1715;1600;1424;1;6;2;3;3;0;2;2;1;12;12;5;13;5;4;1;9;10;6;1;2;6;22;2.6801205743336927;6;23;-0.9316516044441946;0;0;19;11;4;8;1;1;4;3;3;0;1;22;6.077207254425505;19;1;12;12;16;4;5;2;0;21;4.828428278297536;12;5;10;2;3;2;4;5;2;6;6;1;20;-4.594025358997871;7;-3.8765575731336988;0;2;4;17;4;22;-7.710841834005764;4;4;15;4;6;0;4;12;4;19;3;6;5;2;4;11;5;6;22;2.8036288404563257
TRACK:1716;1585;1584;1;2;4;17;5;6;22;2.771899676800403;2;3;2;4;5;2;6;6;1;20;-5.058371963427224;7;-3.888842537975829;4;25;4;6;0;4;12;4;19;3;6;5;2;4;1;24;12;5;6;22;2.447859182825572
TRACK:1717;1585;1584;1;6;2;3;3;22;2.19772701005391;1;1;4;3;3;0;1;22;6.357556232769309;19;1;12;12;16;4;5;2;0;21;4.617496447359084;3;8;5;21;-0.21826527643030605;2;3;2;4;5;1;2;6;0;25;11;6;1;25;25;5;5;7;-3.9065063614546283;4;5;6;0;25;16;3;6;5;2;4;17;5;6;22;2.771899676800403
TRACK:1718;1548;1507;1;6;2;3;3;0;2;2;1;12;1;18;7;9.698475321725876;5;13;5;4;1;9;10;6;1;2;1;14;21;-0.7931533915108596;6;23;-1.2645312251167868;0;0;19;11;4;8;1;1;25;16;4;5;2;0;21;4.709241011428589;3;15;5;10;2;3;2;4;5;2;6;6;1;20;-4.980964788325845;7;-3.9729655634200314;4;25;4;6;0;4;12;4;19;3;6;5;2;4;1;24;12;5;6;22;2.500693264235406
TRACK:1719;1548;1507;1;6;2;3;3;0;2;2;1;6;23;-0.8798901572150347;1;24;12;5;13;5;4;1;9;10;6;1;2;1;14;21;-1.1681125064898208;6;23;-0.7045825983866503;0;0;19;11;4;8;1;1;4;3;3;0;1;22;6.360537530127731;19;1;12;12;16;4;5;0;21;4.709241011428589;3;15;2;3;2;4;5;1;2;6;0;25;16;6;1;25;25;5;5;7;-3.864265912968241;4;5;6;0;25;16;3;6;5;2;4;11;5;6;22;2.829429166387758
TRACK:1720;1710;-1;1;6;2;3;25;1;1;4;5;5;13;16;4;5;2;0;21;4.809339180409736;12;5;10;2;3;2;4;5;2;6;6;1;20;-4.563315338052577;7;-3.7925508960036636;0;2;4;17;4;22;-7.752012013553781;4;4;15;4;6;0;4;12;4;19;3;6;5;2;4;11;5;6;22;2.6843226411050165
TRACK:1721;1712;-1;1;6;2;3;3;0;2;2;1;12;1;18;7;9.653100074565469;5;13;5;4;1;9;10;6;1;2;1;14;23;-0.8978420091379185;6;23;-1.172690993934361;0;0;19;11;4;8;1;1;4;3;3;0;1;22;6.084103865029784;19;1;12;12;16;4;5;2;0;21;4.8169224514567635;12;5;10;2;3;2;4;5;2;6;6;1;20;-4.696469661740263;7;-3.9364416880090594;0;2;4;17;4;22;-7.428825310988439;5;2;9;9;4;6;0;4;12;4;19;3;6;5;2;4;11;5;6;22;2.7650134157216275
TRACK:1722;1714;-1;1;6;2;3;3;0;2;5;2;23;2.107371924108117;24;5;4;1;9;10;6;1;2;1;14;21;-1.2352051461200608;6;23;-0.9063729298094103;0;0;19;11;4;8;1;1;4;3;3;0;1;22;6.705176489627202;19;1;12;12;16;4;5;2;0;21;4.655208835252304;3;8;5;21;-0.1062317599868979;2;3;2;4;2;1;1;3;7;-5.970199263414704;3;14;3;5;14;6;5;5;19;4;5;6;0;1;20;-4.385092778972831;7;-3.9982963766340025;16;3;6;5;2;4;17;5;6;22;2.685918449169675
TRACK:1723;1716;-1;1;2;4;17;5;6;22;2.9306065232149314;2;3;2;4;0;6;1;3;2;20;-1.8601754245794098;24;2;2;22;1.861584660566706;16;0;22;4.809874571090569;15;5;2;2;2;7;-9.416889865786661;16;2;16;22;8.48148202000488;0;1;20;-3.421672871912249;8;4;22;-4.654347093864423;4;6;0;4;12;4;19;3;6;5;2;4;1;24;12;5;6;22;2.474125445638886
TRACK:1724;1718;-1;1;6;2;3;3;0;2;2;1;12;1;18;19;5;13;5;4;1;9;10;6;1;2;1;14;21;-0.6037209403678442;6;23;-1.2627652051955807;0;0;19;11;4;8;1;1;25;16;4;5;2;0;21;4.886713480393154;3;15;5;10;2;3;2;4;5;2;6;6;1;20;-4.989779279013521;7;-3.9914880762704668;4;25;4;6;0;4;12;4;19;3;6;5;2;4;1;24;12;5;6;22;2.6962707360300375
TRACK:1725;1711;-1;1;6;2;3;3;0;2;2;1;6;23;-0.7204190127265543;1;24;12;5;13;5;4;1;9;10;6;1;2;1;14;21;-1.1573169315665734;6;23;-0.631763014729552;0;0;19;13;4;8;1;1;4;3;3;0;1;22;6.374594512538798;19;1;12;12;16;4;5;2;0;21;4.610234072718021;3;8;5;21;-0.41838915985067865;2;3;2;4;5;1;6;0;4;12;4;19;5;5;7;-3.8422696890564016;4;5;6;0;25;16;3;6;5;2;4;11;5;6;22;2.8409644764952295
TRACK:1726;1713;-1;1;6;2;3;3;5;6;22;2.6842314084693566;1;1;4;3;3;0;1;22;6.194661934839987;19;1;12;12;16;4;5;2;0;21;4.574268380308032;3;8;5;21;-0.33221674628504283;2;3;2;4;5;1;2;6;0;25;11;6;1;25;25;5;5;7;-3.899023636455671;4;5;6;0;25;16;3;6;5;4;11
TRACK:1727;1715;-1;1;6;2;3;3;0;2;2;1;12;12;5;13;5;4;1;9;10;6;1;2;6;22;2.7393368151269284;6;23;-0.808457459825845;0;0;19;11;4;8;1;1;4;3;3;0;5;18;1;12;12;16;4;5;2;0;21;4.880693099734391;12;5;10;2;3;2;4;5;2;6;6;1;20;-4.571031896898368;7;-4.035480400059538;0;2;4;17;4;22;-7.542819962877032;4;4;15;4;6;0;4;12;4;19;3;6;5;2;4;11;5;6;22;2.829004364529416
TRACK:1728;1717;-1;1;6;2;3;3;22;2.070660237421126;1;1;4;3;3;0;1;22;6.3441615643674245;19;1;12;12;16;4;5;2;0;21;4.591486396586055;3;8;5;21;-0.28290836768121597;2;3;2;4;5;1;2;6;0;25;11;6;1;25;25;5;5;7;-3.7300679674298407;4;5;6;0;25;16;3;6;2;11;10
TRACK:1729;1719;-1;1;6;2;3;3;0;2;2;1;6;23;-0.9043277759435836;1;24;12;0;6;22;1.1643487665945464;2;12;7;1.2314020532679741;5;4;1;9;10;6;1;2;1;14;21;-0.9947677248785554;6;23;-0.5514705950698249;0;0;19;11;4;8;1;1;4;3;3;0;1;22;6.25617187714575;19;1;12;12;16;4;5;0;21;4.773219926703482;3;15;2;3;2;4;5;1;2;6;0;25;16;6;1;25;25;5;5;7;-3.7010280644470854;4;5;6;0;25;16;3;6;5;2;4;11;5;6;22;2.7746412095350896
EVAL_INSTANCE:86:0:1720
EVAL_INSTANCE:86:1:1721
EVAL_INSTANCE:86:2:1722
EVAL_INSTANCE:86:3:1723
EVAL_INSTANCE:86:4:1724
EVAL_INSTANCE:86:5:1725
EVAL_INSTANCE:86:6:1726
EVAL_INSTANCE:86:7:1727
EVAL_INSTANCE:86:8:1728
EVAL_INSTANCE:86:9:1729
RUN_RESULT:86:0:0:249:URRRUUDDRUURDDDDDUUL
RUN_RESULT:86:1:0:66:RRURUUDDRUUDDD
RUN_RESULT:86:2:0:2000:----
RUN_RESULT:86:3:0:2000:----
RUN_RESULT:86:4:0:2000:----
RUN_RESULT:86:5:0:70:RRURUUDDRUUDDD
RUN_RESULT:86:6:0:2000:----
RUN_RESULT:86:7:0:2000:----
RUN_RESULT:86:8:0:2000:----
RUN_RESULT:86:9:0:1101:URRRUUDDDRRUUDLUUDDLD
    87 |      870 | -3.934000E+03 | -3.934000E+03
TRACK:1730;1585;1600;1;6;2;3;3;0;2;2;1;12;1;18;7;9.694240233117922;5;13;5;4;1;9;10;6;5;13;1;1;4;3;3;0;1;22;6.1559383399074115;19;1;12;12;16;0;4;3;2;15;16;2;4;1;22;2.19772701005391;9;5;1;20;3.0208833473990726;23;-2.25604293992369;2;3;2;4;5;2;6;6;1;20;-5.058371963427224;7;-3.888842537975829;4;25;4;6;0;4;12;4;19;3;6;5;2;4;1;24;12;5;6;22;2.447859182825572
TRACK:1731;1585;1600;1;6;2;3;3;0;2;2;1;6;23;-1.0552499576056849;1;24;12;5;13;5;4;1;9;10;6;1;2;1;14;21;-1.3024100138841543;6;23;-0.917556951175668;0;0;19;11;4;8;1;1;4;3;3;0;1;22;6.4418751699457095;19;1;12;12;16;4;5;2;0;21;4.663978600223999;3;8;5;21;-0.2640505045812979;2;3;2;4;2;1;1;3;7;-5.897883138699482;3;14;3;5;9;6;5;5;19;4;5;6;0;1;14;21;-0.9429073026174936;16;3;6;5;2;4;17;5;6;22;2.6801205743336927
TRACK:1732;1584;1486;1;6;2;3;3;0;2;2;1;6;23;-0.9942855523542317;1;24;12;5;13;5;4;1;9;10;6;1;2;1;14;21;-1.1224089539377393;6;23;-0.7486514400596553;0;0;19;11;4;8;1;1;4;3;3;0;1;10;19;1;12;12;16;4;5;2;0;21;4.617496447359084;3;8;5;21;-0.21826527643030605;2;3;2;4;5;1;2;6;0;25;11;6;1;25;25;5;5;7;-3.9065063614546283;4;5;6;0;25;16;3;6;5;2;4;17;5;6;22;2.771899676800403
TRACK:1733;1584;1486;1;6;2;3;3;0;2;2;1;12;1;18;7;9.743113594750476;5;13;5;4;1;9;10;6;1;2;1;14;21;-1.0129174398504373;6;23;-1.0314284576966883;0;0;19;11;4;8;1;1;4;3;3;0;1;22;6.124443140157382;19;1;12;12;16;4;5;2;0;21;4.7423132612071655;12;5;10;2;3;2;4;5;2;6;6;1;20;-4.84927075956137;7;-3.8912641915691766;0;2;4;24;4;22;-7.571510191190154;0;25;16;4;6;0;4;12;4;19;3;6;5;2;4;11;5;6;22;2.808105114061211
TRACK:1734;1201;1424;1;6;2;3;3;0;2;2;1;6;23;-0.8505500683502056;1;24;12;5;13;5;4;1;9;10;6;1;2;1;14;21;-1.1385438819807014;6;23;-0.86849873175683;0;0;19;11;4;8;1;1;4;3;3;0;1;22;6.295694983885563;19;1;12;12;16;4;5;2;0;21;4.621591656125754;12;5;21;-0.32479583455293387;2;3;2;4;5;1;2;6;0;25;16;6;1;20;-4.594025358997871;7;-3.8765575731336988;5;5;3;12;4;5;6;0;25;16;3;6;5;2;4;11;5;6;22;2.7499413106971184
TRACK:1735;1201;1424;1;6;2;3;3;0;2;2;1;12;12;5;13;5;4;1;9;10;6;1;2;1;14;21;-1.1264695735894386;6;23;-0.9316516044441946;0;0;19;11;4;8;1;1;4;3;3;0;1;22;6.077207254425505;19;1;12;12;16;4;5;2;5;6;22;2.7499413106971184;5;10;2;3;2;4;5;2;6;6;1;20;-4.594025358997871;7;-3.8765575731336988;0;2;4;17;4;22;-7.710841834005764;4;4;15;4;6;0;4;12;4;19;3;6;5;2;4;11;5;6;22;2.8036288404563257
TRACK:1736;1581;1584;1;6;2;3;3;0;2;2;1;12;1;18;7;9.670196278015231;5;13;5;4;1;9;10;6;6;1;25;25;1;1;4;3;3;0;1;22;6.079153276300222;19;1;12;12;16;4;5;2;0;21;4.865514616586923;4;12;5;10;2;3;2;4;5;2;6;6;1;20;-4.8791074482914105;7;-3.951125383895761;0;2;4;17;4;22;-7.671107335442041;0;25;16;4;6;0;4;12;5;10;3;6;5;2;4;11;5;6;22;2.7282990284474975
TRACK:1737;1581;1584;1;6;2;3;3;0;2;2;1;6;23;-0.9942855523542317;1;24;12;5;13;5;4;1;9;10;6;1;2;1;14;21;-1.1224089539377393;6;23;-0.7486514400596553;0;0;19;11;4;8;1;1;4;11;16;4;5;2;0;21;4.617496447359084;3;8;5;21;-0.21826527643030605;2;3;2;4;5;1;2;6;0;25;11;6;1;25;25;5;5;7;-3.9065063614546283;4;5;6;0;25;16;3;6;5;2;4;17;5;6;22;2.771899676800403
TRACK:1738;1600;1585;1;6;2;3;3;0;2;2;1;6;23;-1.0552499576056849;1;24;12;5;13;5;4;1;9;10;6;1;2;1;14;21;-1.3024100138841543;6;23;-0.917556951175668;0;0;19;16;4;8;1;1;4;3;3;0;1;22;6.4418751699457095;19;1;12;12;16;4;5;2;0;21;4.663978600223999;3;8;5;21;-0.2640505045812979;2;3;2;4;2;1;1;3;7;-5.897883138699482;3;14;3;5;14;6;5;5;19;4;5;6;0;1;14;21;-0.9429073026174936;16;3;6;5;2;4;17;5;6;22;2.6801205743336927
TRACK:1739;1600;1585;1;6;2;3;3;0;2;2;1;12;1;18;7;9.694240233117922;5;13;5;4;1;9;10;6;1;2;1;14;21;-0.7284128233233558;6;23;-1.2096410518955074;0;0;19;11;4;8;1;1;4;3;3;0;1;22;6.1559383399074115;14;1;12;12;16;0;4;3;2;15;16;2;4;1;22;2.19772701005391;9;5;1;20;3.0208833473990726;23;-2.25604293992369;2;3;2;4;5;2;6;6;1;20;-5.058371963427224;7;-3.888842537975829;4;25;4;6;0;4;12;4;19;3;6;5;2;4;1;24;12;5;6;22;2.447859182825572
TRACK:1740;1585;-1;1;6;2;3;3;0;2;2;1;12;1;18;7;9.73034385110233;5;13;5;4;1;9;10;6;1;2;1;14;21;-0.7025554937780719;6;23;-1.092159074106285;0;6;9;4;8;1;1;4;3;3;0;1;22;6.336251346456274;19;1;12;12;16;0;4;3;2;15;16;2;4;1;22;2.247032540751374;9;5;1;20;3.051968402453503;23;-2.0985663074011165;2;3;2;4;5;2;6;6;1;20;-5.199538725731802;7;-3.786589843494917;4;25;4;6;0;4;12;4;19;3;6;5;2;4;1;24;12;5;6;22;2.4300981108404747
TRACK:1741;1732;-1;1;6;2;3;3;0;2;2;1;6;23;-0.9438350857560475;1;24;12;5;13;5;4;1;9;10;6;1;2;1;14;12;6;23;-0.829149653720008;0;0;19;11;4;8;1;1;4;3;3;0;1;10;19;1;12;12;16;4;5;2;0;21;4.580911816644221;3;8;5;21;-0.15833336616721416;2;3;2;4;5;1;2;6;0;25;11;6;1;25;25;5;5;7;-4.179697938754229;4;5;6;0;25;16;3;6;5;2;4;17;5;6;22;2.627301341805649
TRACK:1742;1201;-1;1;6;2;3;3;0;2;2;1;6;23;-0.8544488734833785;1;24;12;5;13;5;4;1;9;10;6;1;2;1;14;21;-1.2232027989438614;2;15;16;0;0;19;11;4;8;1;1;4;3;3;0;1;22;6.267362986960519;19;1;12;12;16;4;5;2;0;21;4.684395445415973;12;5;21;-0.2816692203019629;2;3;2;4;5;1;2;6;0;25;16;6;1;25;25;5;5;3;12;4;5;6;0;25;16;3;6;5;2;4;11;5;6;22;2.763654992340299
TRACK:1743;1736;-1;1;6;2;3;3;0;2;2;1;12;1;18;7;9.526852284942633;5;13;5;4;1;9;10;6;6;1;25;25;1;1;4;3;3;0;1;22;6.1947324315823415;19;1;12;12;16;4;5;2;0;21;4.914225079243719;4;12;5;10;3;0;2;6;2;5;2;1;7;3.386041702438213;18;2;19;12;3;1;3;19;4;23;-2.990471798574945;6;1;6;0;3;17;4;18;6;3;5;18;6;4;0;4;4;6;7;-5.776962435240629;3;2;4;20;6.488064084520641;0;15;14
TRACK:1744;1738;-1;1;6;2;3;3;0;2;2;1;6;23;-1.0181524108932516;1;24;12;5;13;5;4;1;9;10;6;1;2;1;14;21;-1.3662350405969461;6;23;-1.0251916154456182;0;0;19;16;4;8;1;1;4;3;3;0;1;22;6.3737117079096;19;1;12;12;16;4;5;2;0;21;4.58481504696446;3;8;5;21;-0.20878802442570138;2;3;2;5;2;5;13;0;18;14;4;5;6;0;1;14;21;-0.9121761504989259;16;3;6;5;2;4;17;5;6;22;2.516084540644801
TRACK:1745;1600;-1;1;6;2;3;3;0;2;2;1;6;23;-0.9656933614721492;1;24;12;5;13;5;4;1;9;10;6;1;2;1;14;21;-1.2376072453179985;6;23;-1.0600302154110173;0;0;19;11;4;8;1;1;4;3;3;0;1;22;6.456419965289099;19;1;12;12;16;4;5;2;0;21;4.6397607629236965;3;8;5;21;-0.11716532549795111;2;3;2;4;2;1;1;3;7;-5.8765955461586845;3;14;4;3;4;13;6;5;5;19;4;5;6;0;1;14;21;-0.850313355478568;16;3;6;5;2;4;17;5;6;22;2.712810568846279
TRACK:1746;1733;-1;1;6;2;3;3;0;2;2;1;12;1;18;7;9.768567813856842;5;13;5;4;1;9;10;6;1;2;1;14;21;-0.9265671941271411;6;23;-1.1272863273009224;0;0;19;11;4;8;1;1;4;3;3;0;1;22;6.090672617229307;19;1;12;12;16;4;5;2;0;21;4.656201831314039;12;5;10;2;3;2;4;5;2;6;6;1;20;-4.763158270815389;7;-4.023792127370991;0;2;4;24;4;22;-7.668803110622331;0;25;16;4;6;0;4;12;4;19;3;6;5;2;5;6;3;9;5;6;22;2.8968824198463765
TRACK:1747;1424;-1;1;6;2;3;3;0;2;2;1;12;12;5;13;5;4;1;9;10;6;1;2;1;14;21;-1.1508509155348932;6;23;-0.937374559415736;0;0;19;11;4;8;1;1;4;3;3;0;1;22;6.023384661013933;19;1;12;12;16;4;5;2;0;21;4.853208622315014;12;5;10;2;3;2;6;3;5;6;6;22;-0.5606098126661934;4;6;0;4;12;4;19;3;6;5;2;4;11;5;6;22;2.8792036948482314
TRACK:1748;1737;-1;1;6;2;3;3;0;2;2;1;6;23;-1.0126019058966083;1;24;12;5;13;5;4;1;9;10;6;1;2;1;14;21;-1.1562085907524038;6;23;-0.7181544707369687;0;0;19;11;0;19;9;1;1;4;11;16;4;5;2;0;21;4.694248071252853;3;8;5;21;-0.11006446881118939;2;3;2;4;5;1;2;6;0;25;11;6;1;25;25;5;5;7;-4.127796779108298;4;5;6;0;25;16;3;6;5;2;4;17;5;6;22;2.8688457986252565
TRACK:1749;1739;-1;1;6;2;3;3;0;2;2;1;12;1;18;7;9.6094513997954;5;13;5;4;1;9;10;6;1;2;1;14;21;-0.6463915531150277;6;23;-1.0702315453732538;0;0;19;11;2;12;15;1;1;4;3;3;0;1;22;6.285251377278618;14;1;12;12;16;0;4;3;2;15;16;2;4;1;22;2.2284924800316097;9;5;1;20;3.047108406632024;23;-2.312074426676265;2;3;2;4;5;2;6;6;1;20;-5.108493891451665;7;-3.8884217227067173;4;25;4;6;0;4;12;4;19;3;6;5;2;4;1;24;12;5;6;22;2.601326397140133
EVAL_INSTANCE:87:0:1740
EVAL_INSTANCE:87:1:1741
EVAL_INSTANCE:87:2:1742
EVAL_INSTANCE:87:3:1743
EVAL_INSTANCE:87:4:1744
EVAL_INSTANCE:87:5:1745
EVAL_INSTANCE:87:6:1746
EVAL_INSTANCE:87:7:1747
EVAL_INSTANCE:87:8:1748
EVAL_INSTANCE:87:9:1749
RUN_RESULT:87:0:0:2000:----
RUN_RESULT:87:1:0:2000:----
RUN_RESULT:87:2:0:2000:----
RUN_RESULT:87:3:0:329:RRURUUDDRUUDDD
RUN_RESULT:87:4:0:2000:----
RUN_RESULT:87:5:0:66:RRURUUDDRUUDDD
RUN_RESULT:87:6:0:66:RRURUUDDRUUDDD
RUN_RESULT:87:7:0:2000:----
RUN_RESULT:87:8:0:2000:----
RUN_RESULT:87:9:0:213:RRURRUULLLDDRRUUDDD
    88 |      880 | -3.934000E+03 | -3.934000E+03
TRACK:1750;1581;1585;1;6;2;3;3;0;2;2;1;12;1;18;7;9.670196278015231;5;13;5;4;1;9;10;6;1;2;1;14;21;-0.9829935667052744;6;23;-0.8280995406522216;0;0;23;-1.2096410518955074;11;4;8;1;1;4;3;3;0;1;22;6.079153276300222;19;1;12;12;16;4;5;2;0;21;4.865514616586923;4;12;5;10;2;3;2;4;5;2;6;6;1;20;-4.8791074482914105;7;-3.951125383895761;0;2;4;17;4;22;-7.671107335442041;0;25;16;4;6;0;4;12;5;10;3;6;5;2;4;11;5;6;22;2.7282990284474975
TRACK:1751;1581;1585;1;6;2;3;3;0;2;2;1;12;1;18;7;9.694240233117922;5;13;5;4;1;9;10;6;1;2;1;14;21;-0.7284128233233558;6;23;-1.2096410518955074;0;0;19;11;4;8;1;1;4;3;3;0;1;22;6.1559383399074115;19;1;12;12;16;0;4;3;2;15;16;2;4;1;22;2.19772701005391;9;5;1;20;3.0208833473990726;23;-2.25604293992369;2;3;2;4;5;2;6;6;1;20;-5.058371963427224;7;-3.888842537975829;4;25;4;6;22;-7.671107335442041;3;6;5;2;4;1;24;12;5;6;22;2.447859182825572
TRACK:1752;1424;1201;1;6;2;3;3;0;2;2;1;12;12;5;13;2;4;11;5;6;22;2.7499413106971184;6;1;2;1;14;21;-1.1264695735894386;6;23;-0.9316516044441946;0;0;19;11;4;8;1;1;4;3;3;0;1;22;6.077207254425505;19;1;12;12;16;4;5;2;0;21;4.828428278297536;12;5;10;2;3;2;4;5;2;6;6;1;20;-4.594025358997871;7;-3.8765575731336988;0;2;4;17;4;22;-7.710841834005764;4;4;15;4;6;0;4;12;4;19;3;6;5;2;4;11;5;6;22;2.8036288404563257
TRACK:1753;1424;1201;1;6;2;3;3;0;2;2;1;6;23;-0.8505500683502056;1;24;12;5;13;5;4;1;9;10;6;1;2;1;14;21;-1.1385438819807014;6;23;-0.86849873175683;0;0;19;11;4;8;1;1;4;3;3;0;1;22;6.295694983885563;19;1;12;19;16;4;5;2;0;21;4.621591656125754;12;5;21;-0.32479583455293387;2;3;2;4;5;1;2;6;0;25;16;6;1;25;25;5;5;3;12;4;5;6;0;25;16;3;6;5;2;4;11;5;6;22;2.7499413106971184
TRACK:1754;1548;1548;1;6;2;3;3;0;2;2;1;12;1;18;7;9.698475321725876;5;13;5;4;1;9;10;6;1;2;1;14;21;-0.7931533915108596;6;23;-1.2645312251167868;0;0;19;11;4;8;1;1;4;3;3;0;1;22;6.190169659759275;19;1;12;12;16;4;5;2;0;21;4.709241011428589;3;15;5;10;2;3;2;4;1;24;12;4;6;0;4;12;4;19;3;6;5;2;4;1;24;12;5;6;22;2.500693264235406
TRACK:1755;1548;1548;1;6;2;3;3;0;2;2;1;12;1;18;7;9.698475321725876;5;13;5;4;1;9;10;6;1;2;1;14;21;-0.7931533915108596;6;23;-1.2645312251167868;0;0;19;11;4;8;1;1;4;3;3;0;1;22;6.190169659759275;19;1;12;12;16;4;5;2;0;21;4.709241011428589;3;15;5;10;2;3;2;4;5;2;6;6;1;22;2.500693264235406;7;-3.9729655634200314;4;25;4;6;0;4;12;4;19;3;6;5;2;4;1;24;12;5;6;22;2.500693264235406
TRACK:1756;1201;1600;1;6;2;3;3;0;2;2;1;6;23;-0.8505500683502056;1;24;12;5;13;5;4;1;9;10;6;1;2;1;14;21;-1.1385438819807014;6;23;-0.86849873175683;0;0;19;11;4;8;1;1;4;3;3;0;1;22;6.295694983885563;19;1;12;12;16;4;5;2;0;21;4.621591656125754;12;5;21;-0.32479583455293387;2;3;2;4;5;1;2;6;0;25;16;6;1;25;25;5;5;3;12;4;1;2;1;14;21;-1.3024100138841543;6;23;-0.917556951175668;0;0;19;11;4;8;3;6;5;2;4;11;5;6;22;2.7499413106971184
TRACK:1757;1201;1600;1;6;2;3;3;0;2;2;1;6;23;-1.0552499576056849;1;24;12;5;13;5;4;1;9;10;6;1;2;1;14;21;-1.3024100138841543;6;23;-0.917556951175668;0;19;4;8;1;1;4;3;3;0;1;22;6.4418751699457095;19;1;12;12;16;4;5;2;0;21;4.663978600223999;3;8;5;21;-0.2640505045812979;2;3;2;4;2;1;1;3;7;-5.897883138699482;3;14;3;5;14;6;5;5;19;4;5;6;0;1;14;21;-0.9429073026174936;16;3;6;5;2;4;17;5;6;22;2.6801205743336927
TRACK:1758;1505;1424;1;6;2;3;3;0;2;2;1;12;1;18;7;9.741935353742997;5;13;5;4;1;9;10;6;1;2;1;14;21;-0.9953439070040699;6;23;-1.113778233473682;0;0;19;11;4;8;1;1;4;3;3;0;1;22;6.066408632691206;19;1;12;12;16;4;5;2;0;21;4.66071307458395;12;5;10;2;3;2;4;17;4;6;0;4;12;4;19;3;6;5;2;4;11;5;6;22;2.571839760236076
TRACK:1759;1505;1424;1;6;2;3;3;0;2;2;1;12;12;5;13;5;4;1;9;10;6;1;2;1;14;21;-1.1264695735894386;6;23;-0.9316516044441946;0;0;19;11;4;8;1;1;4;3;3;0;1;22;6.077207254425505;19;1;12;12;16;4;5;2;0;21;4.828428278297536;12;5;10;2;3;2;4;5;1;22;6.066408632691206;19;4;6;0;4;12;4;19;3;6;5;2;4;11;5;6;22;2.8036288404563257
TRACK:1760;1750;-1;1;6;2;3;3;0;2;2;1;12;1;18;7;9.496416449197223;5;13;5;4;1;9;10;6;1;2;1;14;21;-0.9828464071611555;6;23;-0.7179993673349291;0;0;23;-1.2921674046919231;11;4;8;1;1;4;3;3;0;1;22;6.140852495605435;19;1;12;12;16;4;5;6;6;4;6;14;2;3;2;4;5;2;6;6;1;20;-4.83476744184672;7;-3.969883115822663;0;2;4;17;4;22;-7.836319537336396;0;25;16;4;6;0;4;12;5;10;3;6;5;2;4;11;5;6;22;2.763279035389143
TRACK:1761;1752;-1;1;6;2;3;3;0;2;2;1;12;12;5;13;2;4;11;5;6;22;2.8606316066883037;6;1;2;1;14;21;-1.2948035899116541;6;23;-0.7340762417102709;0;0;19;11;4;8;1;1;4;3;3;0;1;22;5.979849813557603;19;1;12;12;16;4;5;2;0;21;4.79587182119976;1;5;13;2;14;20;-4.919182981957744;5;10;2;3;2;4;5;2;6;6;1;20;-4.835098457674155;7;-3.858809273172298;0;2;4;17;4;22;-7.6319089531503;4;4;15;4;6;0;4;12;4;19;3;6;5;2;4;11;5;6;22;2.8556204293075247
TRACK:1762;1754;-1;1;6;2;3;3;0;2;2;1;12;1;18;7;9.664325160529971;5;13;5;4;1;9;10;6;1;2;1;14;21;-0.8873308106091634;6;23;-1.4549626191358775;0;0;19;11;4;8;1;1;4;3;5;13;16;4;5;2;0;21;4.702918898230808;3;15;5;10;2;3;2;4;1;24;12;4;6;0;4;12;4;19;3;6;5;2;4;1;24;12;5;6;22;2.4287252444187653
TRACK:1763;1756;-1;1;6;2;3;3;0;2;2;1;6;23;-0.9691371701786987;1;24;12;5;13;5;4;1;9;10;6;1;2;1;14;21;-1.070004393840392;6;23;-0.8588607884500202;0;0;19;11;4;8;1;1;4;3;3;0;1;22;6.390710030554605;19;1;12;12;16;4;5;2;0;21;4.64940499612092;12;5;21;-0.35431981706719895;2;3;2;4;5;1;2;6;0;25;16;6;1;25;25;5;5;3;12;4;1;2;6;6;3;17;6;23;-0.8675009993660808;0;0;19;11;4;8;3;6;5;2;4;11;5;6;22;2.899634468632042
TRACK:1764;1758;-1;1;6;2;3;3;0;2;2;1;12;1;18;7;9.819321073563922;5;13;5;4;1;9;10;6;1;2;3;21;-1.2721643280639316;6;23;-1.2154404947215767;0;0;19;11;4;8;1;1;4;3;3;0;1;22;6.203366663430096;19;1;12;12;16;4;5;2;0;21;4.614346315124127;12;5;10;2;3;2;4;17;4;6;0;4;12;4;19;3;6;5;2;4;11;5;6;22;2.4422462634400945
TRACK:1765;1751;-1;1;6;2;3;3;0;2;2;1;12;1;18;7;9.693527084630883;5;13;5;4;1;9;10;6;1;2;1;14;21;-0.8009616848453558;6;23;-1.2711418510622874;0;0;19;11;4;8;1;1;4;3;3;0;1;22;6.3259612501413;19;1;12;12;16;0;4;3;1;0;24;23;-6.502662665053811;3;17;2;4;1;22;2.0552557320569447;9;5;1;20;2.9234931912468576;23;-2.179254843648669;2;3;2;4;5;2;6;6;1;20;-5.098397806084974;7;-3.8844880392108254;4;25;4;6;22;-7.566077818103869;3;6;5;2;4;1;24;12;5;6;22;2.33511576496573
TRACK:1766;1753;-1;1;6;2;3;3;0;2;2;1;6;23;-1.0076572315808119;1;24;12;5;13;5;4;1;9;10;6;1;2;1;14;21;-1.2097977709475012;6;23;-0.7438594953957323;0;0;19;11;4;8;1;1;4;3;3;0;1;22;6.196738115294673;19;1;12;19;16;4;5;2;0;21;4.5926102605677315;12;5;21;-0.29945196240687993;2;3;2;4;5;1;2;6;0;25;16;6;1;25;25;5;5;3;12;4;5;6;4;10;3;6;5;2;4;11;5;6;22;2.6681776852601713
TRACK:1767;1755;-1;1;6;2;3;3;0;2;2;1;12;1;18;7;9.847234744134651;5;13;5;4;1;9;10;6;1;2;1;14;21;-0.8961082678790848;6;23;-1.3815113872849205;0;0;19;11;1;9;11;1;1;4;3;3;0;1;22;6.194813617661748;19;1;12;12;16;4;5;2;0;21;4.487865273272523;3;15;5;10;2;3;2;4;5;2;6;6;1;22;2.54351390384044;7;-3.994901019565947;4;25;4;6;0;4;12;4;19;3;6;5;2;4;1;24;12;5;6;22;2.7146838872890466
TRACK:1768;1757;-1;1;6;2;3;3;0;2;2;1;6;23;-0.8693071030594859;1;24;12;5;13;5;4;1;9;10;6;1;2;1;14;21;-1.256210357307541;6;23;-0.8741296295689299;0;19;4;8;1;1;4;3;0;3;17;0;20;5.130897155027565;14;16;4;5;2;0;21;4.67137211110983;3;8;5;21;-0.23495244732185946;2;3;2;4;2;1;1;3;7;-5.853802209136374;3;14;3;5;14;6;5;5;19;4;5;6;0;1;14;21;-0.974008141747799;16;3;6;5;2;4;17;5;6;22;2.775487472433367
TRACK:1769;1759;-1;1;6;2;3;3;0;2;2;1;12;12;5;13;5;4;1;9;10;6;1;2;1;14;21;-0.995184416449768;6;23;-0.7991909337358907;0;0;19;11;4;8;1;6;4;0;23;4.739680474084434;7;8.230452147139864;4;5;2;0;21;4.852890813029208;12;5;10;2;3;2;4;5;1;22;6.227817195604436;19;4;6;0;4;12;4;19;3;6;5;2;4;11;5;6;22;2.6155073688796824
EVAL_INSTANCE:88:0:1760
EVAL_INSTANCE:88:1:1761
EVAL_INSTANCE:88:2:1762
EVAL_INSTANCE:88:3:1763
EVAL_INSTANCE:88:4:1764
EVAL_INSTANCE:88:5:1765
EVAL_INSTANCE:88:6:1766
EVAL_INSTANCE:88:7:1767
EVAL_INSTANCE:88:8:1768
EVAL_INSTANCE:88:9:1769
RUN_RESULT:88:0:0:2000:----
RUN_RESULT:88:1:0:2000:----
RUN_RESULT:88:2:0:2000:----
RUN_RESULT:88:3:0:66:RRURUUDDRUUDDD
RUN_RESULT:88:4:0:68:RRURUUDDRUUDDD
RUN_RESULT:88:5:0:67:RRURUUDDRUUDDD
RUN_RESULT:88:6:0:67:RRURUUDDRUUDDD
RUN_RESULT:88:7:0:530:RRURUUDDRUUDDD
RUN_RESULT:88:8:0:2000:----
RUN_RESULT:88:9:0:2000:----
    89 |      890 | -3.934000E+03 | -3.934000E+03
TRACK:1770;1201;1505;1;6;2;3;3;0;2;2;1;6;23;-0.8505500683502056;1;24;12;5;13;5;4;1;9;10;6;1;2;1;14;21;-1.1385438819807014;6;23;-0.86849873175683;0;0;19;11;4;8;1;1;4;3;3;0;1;22;6.295694983885563;19;1;12;12;16;4;5;2;0;21;4.621591656125754;12;5;21;-0.32479583455293387;2;3;2;4;5;1;2;6;0;25;16;6;1;25;25;5;5;3;12;4;5;6;0;25;16;3;6;5;2;4;11;12
TRACK:1771;1201;1505;1;6;2;3;3;0;2;2;1;12;1;18;7;9.741935353742997;5;13;5;4;1;9;10;6;1;2;1;14;21;-0.9953439070040699;6;23;-1.113778233473682;0;0;19;11;4;8;1;1;4;3;3;0;1;22;6.066408632691206;19;1;12;12;16;4;5;2;0;21;4.66071307458395;12;5;10;2;3;2;4;5;2;6;6;1;20;-4.993767902951518;7;-3.9599370501602444;4;25;4;6;0;4;12;4;19;3;6;5;3;3;0;1;22;6.295694983885563;19;1;12;12
TRACK:1772;1600;1486;1;6;2;3;3;0;2;2;1;6;23;-1.0552499576056849;1;24;12;5;13;5;4;1;9;10;6;1;2;1;14;21;-1.3024100138841543;6;23;-0.917556951175668;0;0;19;11;4;8;1;1;20;-4.84927075956137;16;4;5;2;0;21;4.663978600223999;3;8;5;21;-0.2640505045812979;2;3;2;4;2;1;1;3;7;-5.897883138699482;3;14;3;5;14;6;5;5;19;4;5;6;0;1;14;21;-0.9429073026174936;16;3;6;5;2;4;17;5;6;22;2.6801205743336927
TRACK:1773;1600;1486;1;6;2;3;3;0;2;2;1;12;1;18;7;9.743113594750476;5;13;5;4;1;9;10;6;1;2;1;14;21;-1.0129174398504373;6;23;-1.0314284576966883;0;0;19;11;4;8;1;1;4;3;3;0;1;22;6.124443140157382;19;1;12;12;16;4;5;2;0;21;4.7423132612071655;12;5;10;2;3;2;4;5;2;6;6;1;20;-4.84927075956137;7;-3.8912641915691766;0;2;3;7;-5.897883138699482;4;22;-7.571510191190154;0;25;16;4;6;0;4;12;4;19;3;6;5;2;4;11;5;6;22;2.808105114061211
TRACK:1774;1584;1548;1;6;2;3;3;0;2;2;1;6;23;-0.9942855523542317;1;24;12;5;13;5;4;1;9;10;6;1;2;1;14;21;-1.1224089539377393;6;23;-0.7486514400596553;25;1;1;4;3;3;0;1;22;6.357556232769309;19;1;12;12;16;4;5;2;0;21;4.617496447359084;3;8;5;21;-0.21826527643030605;2;3;2;4;5;1;2;6;0;25;11;6;1;25;25;5;5;7;-3.9065063614546283;4;5;6;0;25;16;3;6;5;2;4;17;5;6;22;2.771899676800403
TRACK:1775;1584;1548;1;6;2;3;3;0;2;2;1;12;1;18;7;9.698475321725876;5;13;5;4;1;9;10;6;1;2;1;14;21;-0.7931533915108596;6;23;-1.2645312251167868;0;0;19;11;4;8;1;1;4;3;3;0;1;22;6.190169659759275;19;1;23;-0.7486514400596553;12;16;4;5;2;0;21;4.709241011428589;3;15;5;10;2;3;2;4;5;2;6;6;1;20;-4.980964788325845;7;-3.9729655634200314;4;25;4;6;0;4;12;4;19;3;6;5;2;4;1;24;12;5;6;22;2.500693264235406
TRACK:1776;1505;1201;1;6;2;3;3;2;2;1;6;23;-0.8505500683502056;1;24;12;5;13;5;4;1;9;10;1;1;4;3;3;0;1;22;6.066408632691206;19;1;12;12;16;4;5;2;0;21;4.66071307458395;12;5;10;2;3;2;4;5;2;6;6;1;20;-4.993767902951518;7;-3.9599370501602444;4;25;4;6;0;4;12;4;19;3;6;5;2;4;11;5;6;22;2.571839760236076
TRACK:1777;1505;1201;1;6;2;3;3;0;10;6;1;2;1;14;21;-1.1385438819807014;6;23;-0.86849873175683;0;0;19;11;4;8;1;1;4;3;3;0;1;22;6.295694983885563;19;1;12;12;16;4;5;2;0;21;4.621591656125754;12;5;21;-0.32479583455293387;2;3;2;4;5;1;2;6;0;25;16;6;1;25;25;5;5;3;12;4;5;6;0;25;16;3;6;5;2;4;11;5;6;22;2.7499413106971184
TRACK:1778;1424;1600;1;6;2;3;3;0;2;2;1;12;12;5;13;5;4;1;9;10;6;1;2;1;14;21;-1.1264695735894386;6;23;-0.9316516044441946;0;0;19;11;4;8;1;1;4;3;3;0;1;22;6.077207254425505;19;1;12;12;16;4;5;2;0;21;4.828428278297536;12;5;10;2;3;2;4;5;2;6;6;1;20;-4.594025358997871;7;-3.8765575731336988;0;2;4;17;4;22;-7.710841834005764;4;4;15;4;6;0;4;12;4;19;3;6;5;2;4;1;14;21;-1.3024100138841543;5;6;22;2.8036288404563257
TRACK:1779;1424;1600;1;6;2;3;3;0;2;2;1;6;23;-1.0552499576056849;1;24;12;5;13;5;4;1;9;10;6;1;2;1;14;21;-1.3024100138841543;6;23;-0.917556951175668;0;0;19;11;4;22;-7.710841834005764;1;1;4;3;3;0;1;22;6.4418751699457095;19;1;12;12;16;4;5;2;0;21;4.663978600223999;3;8;5;21;-0.2640505045812979;2;3;2;4;2;1;1;3;7;-5.897883138699482;3;14;3;5;14;6;5;5;19;4;5;6;0;1;14;21;-0.9429073026174936;16;3;6;5;2;4;17;5;6;22;2.6801205743336927
TRACK:1780;1770;-1;1;6;2;3;3;0;2;2;1;6;23;-0.831201000325712;1;24;12;5;13;5;4;1;9;10;6;1;2;1;14;21;-1.104319106335645;6;14;0;0;19;11;4;8;1;1;4;3;3;0;1;22;6.269690788644364;19;1;12;12;16;4;5;2;0;21;4.603325663502107;12;5;21;-0.35157647802698905;2;3;2;4;5;1;2;6;0;25;16;6;1;25;25;5;5;3;12;4;5;6;0;25;16;3;6;5;2;4;11;12
TRACK:1781;1772;-1;1;6;2;3;3;0;2;2;1;6;23;-1.1402273024421932;1;24;12;5;13;5;4;1;9;10;6;1;2;1;14;21;-1.295381956886411;6;23;-1.0232029715836584;0;0;19;12;4;8;1;1;20;-4.700962923393904;16;4;5;2;0;21;4.698213002803354;3;8;5;21;-0.24434420719699568;2;3;2;4;2;1;1;3;7;-5.850179947855562;3;14;3;5;14;6;5;5;19;4;5;6;0;1;14;21;-1.0566311099236638;16;3;6;5;2;4;17;5;6;22;2.7138359786691653
TRACK:1782;1774;-1;1;6;2;3;3;0;2;2;1;6;23;-1.1226655587410912;1;24;12;5;13;5;4;1;9;10;6;1;2;1;14;21;-1.0352692935432202;6;23;-0.8280402148591877;25;1;1;4;3;3;0;5;24;1;12;12;16;4;5;2;0;21;4.48888488852065;3;8;5;21;-0.23154264625425003;2;3;2;4;5;1;2;6;0;25;11;6;1;25;25;5;5;7;-3.788042683925827;4;5;6;0;25;16;3;6;5;2;4;17;5;6;22;2.8798331996816824
TRACK:1783;1776;-1;1;6;2;3;3;2;2;1;6;23;-0.8713551048615681;1;24;12;5;13;5;4;1;9;10;1;1;4;3;3;0;1;22;6.152576260297591;19;1;12;12;16;4;5;2;0;21;4.596835370050253;12;5;10;2;3;2;4;5;2;6;6;1;20;-5.0688907096079125;7;-3.9682490127982346;4;25;4;6;0;4;12;3;6;2;19;13;3;6;5;2;4;11;5;6;22;2.594357808593842
TRACK:1784;1778;-1;1;6;2;3;3;0;2;2;1;12;12;5;13;5;4;1;9;10;6;2;1;2;9;9;2;22;-2.8245001319656744;21;-2.0483252593440815;2;1;15;14;1;8;12;1;1;4;3;3;0;1;22;5.95320429205372;19;1;12;12;16;4;5;2;0;21;4.963098456659498;12;5;10;2;3;2;4;5;2;6;6;1;20;-4.603939704949404;7;-3.827901193844482;0;2;4;17;4;22;-7.411722487968777;4;4;15;4;6;0;4;12;4;19;3;6;5;2;4;1;14;21;-1.4479204651118611;5;6;22;2.8501583841829854
TRACK:1785;1771;-1;1;6;2;3;3;0;2;2;1;12;1;18;7;9.794366922215213;5;13;5;4;1;9;10;6;1;2;1;14;21;-1.1185245865446531;6;23;-1.0682575552059972;0;0;19;11;4;8;1;1;4;3;3;0;1;22;6.010593567969022;19;1;12;12;16;4;5;2;0;21;4.692524613556953;12;5;10;2;3;2;4;5;2;6;6;1;20;-5.074897960979507;7;-3.9599544275776353;4;2;5;22;-8.612439532620893;1;11;15;4;6;0;4;12;4;19;3;6;5;3;3;0;1;22;6.389636162315684;19;1;12;12
TRACK:1786;1773;-1;1;6;2;3;3;0;2;2;1;2;8;8;1;18;7;9.670499215652622;5;13;5;4;1;9;10;6;1;2;1;14;21;-1.0429221017774983;6;23;-0.808991305513471;0;0;19;11;4;8;1;1;4;3;3;0;1;22;6.170846181960152;19;1;12;12;16;4;5;2;0;21;4.637916112207856;12;5;10;2;3;2;4;5;2;6;6;1;20;-4.847508255941221;7;-3.913032399281539;0;2;3;7;-5.915768058051339;4;22;-7.707678511654403;0;25;16;4;6;0;4;12;4;19;3;6;5;2;4;11;5;6;22;2.678638322853362
TRACK:1787;1775;-1;1;6;2;3;3;0;2;2;1;12;1;18;7;9.855654616369527;5;13;5;4;1;9;10;6;1;2;1;14;21;-0.801858702797081;6;23;-0.9882212895152016;0;0;19;11;4;8;1;1;4;3;3;0;1;22;6.318574731484204;19;1;23;-0.7342601296199579;12;16;4;5;2;0;21;4.874282186384532;3;15;5;10;2;3;2;4;4;4;11;4;6;0;4;12;4;19;3;6;5;2;4;1;24;12;5;6;22;2.6771089118498663
TRACK:1788;1777;-1;1;6;2;3;3;0;10;6;1;2;1;14;21;-1.0663610226924303;6;23;-0.807470319000584;0;0;19;11;4;8;1;1;4;3;3;0;1;22;6.411199533566832;19;1;22;-9.98899948961153;12;16;4;5;2;0;21;4.559944338296861;12;5;21;-0.3940981152900931;2;3;2;4;5;1;2;6;0;25;16;6;1;25;25;5;5;3;12;4;5;6;0;25;16;3;6;5;2;4;11;5;6;22;2.6932957400172586
TRACK:1789;1779;-1;1;6;2;3;3;0;2;2;1;6;23;-1.0397987011685885;1;24;12;5;13;5;4;1;9;10;6;1;1;22;1.2290123037467104;15;0;0;19;11;4;22;-7.787471492189977;1;1;4;3;3;0;1;22;6.5421683132712465;19;1;12;12;16;4;5;2;0;21;4.495023359429493;3;8;5;21;-0.27634875173586004;2;3;2;4;2;1;1;3;7;-5.9937241704036195;3;14;3;5;14;6;5;5;19;4;5;6;0;1;14;21;-0.8061709915015913;16;3;6;5;2;4;17;5;6;22;2.609575989486274
EVAL_INSTANCE:89:0:1780
EVAL_INSTANCE:89:1:1781
EVAL_INSTANCE:89:2:1782
EVAL_INSTANCE:89:3:1783
EVAL_INSTANCE:89:4:1784
EVAL_INSTANCE:89:5:1785
EVAL_INSTANCE:89:6:1786
EVAL_INSTANCE:89:7:1787
EVAL_INSTANCE:89:8:1788
EVAL_INSTANCE:89:9:1789
RUN_RESULT:89:0:0:2000:----
RUN_RESULT:89:1:0:464:RRURUUDDRUUDLDD
RUN_RESULT:89:2:0:2000:----
RUN_RESULT:89:3:0:2000:----
RUN_RESULT:89:4:0:2000:----
RUN_RESULT:89:5:0:1105:RRURUUDDRUUDDD
RUN_RESULT:89:6:0:66:RRURUUDDRUUDDD
RUN_RESULT:89:7:0:66:RRURUUDDRUUDDD
RUN_RESULT:89:8:0:2000:----
RUN_RESULT:89:9:0:2000:----
    90 |      900 | -3.934000E+03 | -3.934000E+03
TRACK:1790;1581;1507;1;6;2;3;3;0;2;2;1;12;1;18;7;9.670196278015231;5;13;5;0;19;11;6;1;2;1;14;21;-0.9829935667052744;6;23;-0.8280995406522216;0;0;19;11;4;8;1;1;4;3;3;0;1;22;6.079153276300222;19;1;12;12;16;4;5;2;0;21;4.865514616586923;4;12;5;10;2;3;2;4;5;2;6;6;1;20;-4.8791074482914105;7;-3.951125383895761;0;2;4;17;4;22;-7.671107335442041;0;25;16;4;6;0;4;12;5;10;3;6;5;2;4;11;5;6;22;2.7282990284474975
TRACK:1791;1581;1507;1;6;2;3;3;0;2;2;1;6;23;-0.8798901572150347;1;24;12;5;13;5;4;5;10;6;1;2;1;14;21;-1.1681125064898208;6;23;-0.7045825983866503;0;0;19;11;4;8;1;1;4;3;3;0;1;22;6.360537530127731;19;1;12;12;16;4;5;2;0;21;4.729097054602055;3;8;5;21;-0.3769631246033733;2;3;2;4;5;1;2;6;0;25;16;6;1;25;25;5;5;7;-3.864265912968241;4;5;6;0;25;16;3;6;5;2;4;11;5;6;22;2.829429166387758
TRACK:1792;1486;1201;1;6;2;3;3;0;2;2;1;12;1;18;7;9.743113594750476;5;13;5;4;1;9;10;6;1;2;1;14;21;-1.0129174398504373;6;23;-1.0314284576966883;0;0;19;11;4;8;1;1;4;3;3;0;4;8;1;12;12;16;4;5;2;0;21;4.7423132612071655;12;5;10;2;3;2;4;5;2;6;6;1;20;-4.84927075956137;7;-3.8912641915691766;0;2;4;17;4;22;-7.571510191190154;0;25;16;4;6;0;4;12;4;19;3;6;5;2;4;11;5;6;22;2.808105114061211
TRACK:1793;1486;1201;1;6;2;3;3;0;2;2;1;6;23;-0.8505500683502056;1;24;12;5;13;5;4;1;9;10;6;1;2;1;14;21;-1.1385438819807014;6;23;-0.86849873175683;0;0;19;11;4;8;1;1;2;6;6;1;20;-4.84927075956137;7;-3.8912641915691766;0;2;4;17;4;22;-7.571510191190154;0;25;16;16;4;5;2;0;21;4.621591656125754;12;5;21;-0.32479583455293387;2;3;2;4;5;1;2;6;0;25;16;6;1;25;25;5;5;3;12;4;5;6;0;25;16;3;6;5;2;4;11;5;6;22;2.7499413106971184
TRACK:1794;1505;1486;1;6;2;3;3;0;2;2;1;12;1;18;7;9.741935353742997;5;13;5;4;1;9;10;6;1;2;1;11;21;-0.9953439070040699;6;23;-1.113778233473682;0;0;19;11;4;8;1;1;4;3;3;0;1;22;6.066408632691206;19;1;12;12;16;4;5;2;0;21;4.66071307458395;12;5;10;2;3;2;4;5;2;6;6;1;20;-4.993767902951518;7;-3.9599370501602444;4;25;4;6;0;4;12;4;19;3;6;5;2;4;11;5;6;22;2.571839760236076
TRACK:1795;1505;1486;1;6;2;3;3;0;2;2;1;4;8;1;18;7;9.743113594750476;5;13;5;4;1;9;10;6;1;2;1;14;21;-1.0129174398504373;6;23;-1.0314284576966883;0;0;19;11;4;8;1;1;4;3;3;0;1;22;6.124443140157382;19;1;12;12;16;4;5;2;0;21;4.7423132612071655;12;5;10;2;3;2;4;5;2;6;6;1;20;-4.84927075956137;7;-3.8912641915691766;0;2;4;17;4;22;-7.571510191190154;0;25;16;4;6;0;4;12;4;19;3;6;5;2;4;11;5;6;22;2.808105114061211
TRACK:1796;1548;1600;1;6;2;3;3;0;2;2;1;12;1;18;7;9.698475321725876;5;13;5;4;1;9;10;6;1;2;1;14;21;-0.7931533915108596;6;23;-1.2645312251167868;0;0;19;11;4;8;1;1;4;3;3;0;1;22;6.190169659759275;19;1;12;12;16;4;5;2;0;21;4.709241011428589;3;15;5;10;2;3;2;4;5;2;6;6;1;20;-4.980964788325845;7;-3.9729655634200314;17;4;6;0;4;12;4;19;3;6;5;2;4;1;24;12;5;6;22;2.500693264235406
TRACK:1797;1548;1600;1;6;2;3;3;0;2;2;1;6;23;-1.0552499576056849;1;24;12;5;13;5;4;1;9;10;6;1;2;1;14;21;-1.3024100138841543;6;23;-0.917556951175668;0;0;19;11;4;8;1;1;4;3;3;0;1;22;6.4418751699457095;19;1;12;12;16;4;5;2;0;21;4.663978600223999;3;8;5;21;-0.2640505045812979;2;3;2;4;2;1;1;3;7;-5.897883138699482;3;14;3;5;14;6;5;5;19;4;5;6;0;1;14;21;-0.9429073026174936;16;3;6;5;2;4;17;23;-1.2645312251167868
TRACK:1798;1424;1507;1;6;2;3;3;0;2;2;1;12;12;5;13;5;4;1;9;10;6;1;2;1;14;21;-1.1264695735894386;6;23;-0.9316516044441946;0;0;19;11;4;8;1;1;4;3;3;0;1;22;6.077207254425505;19;1;12;12;16;4;5;2;0;21;4.828428278297536;12;5;10;2;3;3;3;0;2;2;1;6;23;-0.8798901572150347;1;24;12;5;13;5;4;1;9;10;6;1;2;1;14;21;-1.1681125064898208;6;23;-0.7045825983866503;0;0;19;11;4;8;3;6;5;2;4;11;5;6;22;2.8036288404563257
TRACK:1799;1424;1507;1;6;2;3;3;0;2;2;1;6;23;-0.8798901572150347;1;24;12;5;17;5;4;1;9;10;6;1;2;1;14;21;-1.1681125064898208;6;23;-0.7045825983866503;0;0;19;11;4;8;1;1;4;3;3;0;1;22;6.360537530127731;19;1;12;12;16;4;5;2;0;21;4.729097054602055;3;8;5;21;-0.3769631246033733;2;3;2;4;5;1;2;6;0;25;16;6;1;25;25;5;5;7;-3.864265912968241;4;5;6;0;25;16;3;6;5;2;4;11;5;6;22;2.829429166387758
TRACK:1800;1790;-1;1;6;2;3;3;0;2;2;1;12;1;18;7;9.644772922735886;5;13;5;0;19;11;6;1;2;1;14;21;-1.0813618995419272;6;23;-1.0708016732438097;0;0;19;11;4;8;1;1;4;3;3;0;1;12;19;1;12;12;16;4;5;2;0;21;4.9358172910541755;4;12;5;10;2;3;2;4;5;2;6;6;1;20;-4.873852661442248;7;-3.929955079814254;0;2;4;17;4;22;-7.872668352668278;0;25;16;4;6;0;4;12;5;10;3;6;5;2;4;11;5;6;22;2.736153895687335
TRACK:1801;1792;-1;1;6;2;3;3;0;2;2;1;12;1;18;7;9.78512291646965;5;13;5;4;1;9;10;6;1;2;1;14;21;-1.2793145051756294;6;23;-0.8670132600816289;0;0;19;11;4;8;1;1;4;3;3;0;4;8;1;12;12;16;4;5;2;0;21;4.8464261858797135;12;5;4;12;2;3;2;4;5;2;6;6;1;20;-4.903151799059327;7;-3.956125748138985;0;2;4;17;4;22;-7.528014787215719;0;25;16;4;6;0;4;12;4;19;3;6;5;2;4;11;5;6;22;2.5584349044227515
TRACK:1802;1794;-1;1;6;2;3;3;0;2;2;1;12;1;18;7;9.751198312474394;5;13;5;4;1;9;10;6;1;2;1;11;21;-1.0280068195928604;6;23;-1.0990697990117917;0;0;19;11;4;8;1;1;4;3;3;0;1;22;5.838443100210722;19;1;12;12;16;4;5;2;0;21;4.609250546541548;12;5;10;2;3;2;4;5;2;6;6;1;20;-5.140514590879278;7;-4.118023785437444;4;25;4;2;1;0;5;20;-1.440537653265249;5;18;2;3;15;3;24;2;5;0;16;16;5;0;16;18;3;6;5;2;4;11;5;6;22;2.5645248969025842
TRACK:1803;1796;-1;1;6;2;3;3;0;2;2;1;12;1;18;7;9.575744611190675;5;13;5;4;1;9;10;6;1;2;1;14;21;-0.7740263227487847;6;23;-1.2688169455540288;0;0;19;11;4;8;1;1;4;3;3;0;1;22;6.15708503687301;19;1;12;12;16;4;5;2;0;21;4.826701368803657;3;15;5;10;2;3;2;4;5;2;6;6;1;20;-5.043548960571576;7;-4.1369321414096065;17;4;6;0;4;12;4;19;3;0;1;4;1;20;-7.157030226917442;24;4;5;14;0;6;2;8;21;-5.429228093926333;3;0;15;23;1.7343645718846439
TRACK:1804;1424;-1;1;6;2;3;3;0;4;2;25;9;6;1;2;1;14;21;-1.026078742583868;6;23;-0.9022626300989015;0;0;19;11;4;8;1;1;4;3;3;0;1;22;6.034757589806541;19;1;12;12;16;4;5;2;0;21;4.708556018197764;12;5;10;2;3;2;4;5;2;6;6;1;20;-4.59513897434007;7;-3.9219731095141563;0;2;4;17;4;22;-7.734691267645102;4;4;15;4;6;0;4;12;4;19;3;6;5;2;4;11;5;6;22;2.869174690482153
TRACK:1805;1791;-1;1;6;2;3;3;0;2;2;1;6;23;-1.0484079158724953;1;24;12;5;13;5;4;5;10;6;1;2;1;14;21;-1.121394325946716;6;23;-0.6109198847499131;0;0;19;11;4;8;1;1;4;3;3;0;1;22;6.3384106196540655;19;1;12;12;16;4;5;0;1;3;17;6;16;1;5;12;2;18;22;-1.6294837061906833;2;3;2;4;5;1;2;6;0;25;16;6;1;25;25;5;5;7;-3.8135651625373113;4;5;6;0;25;16;3;6;5;2;4;11;5;6;22;2.707941850780909
TRACK:1806;1793;-1;1;6;2;3;3;0;2;2;1;6;23;-0.9524699256559747;1;24;12;5;13;5;4;1;9;10;6;1;2;1;14;21;-1.0805236803956522;6;23;-0.6947902141337667;0;0;19;11;5;24;1;1;2;6;6;1;20;-4.890587328282462;7;-3.943480418000294;0;2;4;17;4;22;-7.417279190469929;0;25;16;16;4;5;2;0;21;4.7205945913856056;12;5;21;-0.44491921758067154;2;3;2;4;5;1;2;6;0;25;16;6;1;25;25;5;5;3;12;4;5;6;0;25;16;3;6;5;2;4;11;5;6;22;2.7785673178283865
TRACK:1807;1795;-1;1;6;2;3;3;0;2;2;1;4;8;1;18;7;9.720582971417938;5;13;5;4;1;9;10;6;1;2;1;14;21;-1.1512036141006623;6;23;-1.023507777360868;0;0;19;11;4;8;1;1;4;3;3;0;1;22;6.045264658584228;19;1;12;12;16;4;5;2;0;21;4.708100754838394;12;5;10;2;3;2;4;5;2;6;6;1;20;-4.8036334304004065;7;-3.991626779146052;0;2;4;17;4;22;-7.694996540098009;0;25;16;4;6;0;4;12;2;20;-3.658277153464617;9;3;6;5;2;4;11;5;6;22;3.002223553108825
TRACK:1808;1797;-1;1;6;2;3;3;0;2;2;1;6;23;-0.9048480737423739;1;24;12;5;13;5;4;1;9;10;6;1;2;1;14;21;-1.2607978823208534;6;23;-0.917878371906882;0;0;19;11;4;8;1;1;4;3;3;0;1;22;6.561760896354416;19;1;12;12;16;4;5;2;0;21;4.532846422174504;3;8;5;21;-0.2844952120810973;2;3;2;4;2;1;1;3;7;-5.9179560590791205;3;14;3;5;14;6;5;5;15;4;5;6;0;1;14;21;-0.915236321954416;16;3;6;5;2;4;17;23;-1.3503200039932532
TRACK:1809;1507;-1;1;6;2;3;3;0;2;2;1;6;23;-0.8782990699238136;1;24;12;5;13;5;4;1;9;10;6;1;2;1;14;21;-1.2844239237800947;6;23;-0.6541378067251176;0;0;19;11;4;8;1;1;4;3;3;0;1;22;6.591195435246579;19;1;12;12;16;4;5;2;0;21;4.747371554239201;3;8;5;21;-0.4159414821505449;2;3;2;4;5;1;2;6;0;25;16;6;1;25;25;5;5;7;-3.8251213966996533;4;5;6;6;10;3;6;5;2;4;11;5;6;22;2.8873239476041603
EVAL_INSTANCE:90:0:1800
EVAL_INSTANCE:90:1:1801
EVAL_INSTANCE:90:2:1802
EVAL_INSTANCE:90:3:1803
EVAL_INSTANCE:90:4:1804
EVAL_INSTANCE:90:5:1805
EVAL_INSTANCE:90:6:1806
EVAL_INSTANCE:90:7:1807
EVAL_INSTANCE:90:8:1808
EVAL_INSTANCE:90:9:1809
RUN_RESULT:90:0:0:2000:----
RUN_RESULT:90:1:0:2000:----
RUN_RESULT:90:2:0:2000:----
RUN_RESULT:90:3:0:2000:----
RUN_RESULT:90:4:0:2000:----
RUN_RESULT:90:5:0:2000:----
RUN_RESULT:90:6:0:2000:----
RUN_RESULT:90:7:0:67:RRURUUDDRUUDDD
RUN_RESULT:90:8:0:72:RRURUUDDRUUDDD
RUN_RESULT:90:9:0:66:RRURUUDDRUUDDD
    91 |      910 | -3.934000E+03 | -3.934000E+03
TRACK:1810;1424;1201;1;6;2;3;3;0;2;2;1;1;9;10;12;5;13;5;4;1;9;10;6;1;2;1;14;21;-1.1264695735894386;6;23;-0.9316516044441946;0;0;19;11;4;8;1;1;4;3;3;0;1;22;6.077207254425505;19;1;12;12;16;4;5;2;0;21;4.828428278297536;12;5;10;2;3;2;4;5;2;6;6;1;20;-4.594025358997871;7;-3.8765575731336988;0;2;4;17;4;22;-7.710841834005764;4;4;15;4;6;0;4;12;4;19;3;6;5;2;4;11;5;6;22;2.8036288404563257
TRACK:1811;1424;1201;1;6;2;3;3;0;2;2;1;6;23;-0.8505500683502056;1;24;12;5;13;5;4;1;9;10;6;1;2;1;14;21;-1.1385438819807014;6;23;-0.86849873175683;0;0;19;11;4;8;1;1;4;3;3;0;1;22;6.295694983885563;19;1;12;12;16;4;5;2;0;21;4.621591656125754;12;5;21;-0.32479583455293387;2;3;2;4;5;1;2;6;0;25;16;6;1;25;25;5;5;3;12;4;5;6;1;2;1;14;21;-1.1264695735894386;6;23;-0.9316516044441946;0;0;19;11;4;8;3;6;5;2;4;11;5;6;22;2.7499413106971184
TRACK:1812;1581;1507;1;6;2;3;3;0;2;2;1;12;1;18;7;9.670196278015231;5;13;5;4;1;9;10;6;1;2;1;14;21;-0.9829935667052744;6;23;-0.8280995406522216;0;1;9;10;4;8;1;1;4;3;3;0;1;22;6.079153276300222;19;1;12;12;16;4;5;2;0;21;4.865514616586923;4;12;5;10;2;3;2;4;5;2;6;6;1;20;-4.8791074482914105;7;-3.951125383895761;0;2;4;17;4;22;-7.671107335442041;0;25;16;4;6;0;4;12;5;10;3;6;5;2;4;11;5;6;22;2.7282990284474975
TRACK:1813;1581;1507;1;6;2;3;3;0;2;2;1;6;23;-0.8798901572150347;1;24;12;5;13;5;4;1;9;10;6;1;2;1;14;21;-1.1681125064898208;6;23;-0.7045825983866503;0;0;19;11;4;8;1;1;4;3;3;0;1;22;6.360537530127731;10;1;12;12;16;4;5;2;0;21;4.729097054602055;3;8;5;21;-0.3769631246033733;2;3;2;4;5;1;2;6;0;25;16;6;1;25;25;5;5;7;-3.864265912968241;4;5;6;0;25;16;3;6;5;2;4;11;5;6;22;2.829429166387758
TRACK:1814;1548;1585;1;6;2;3;3;0;2;2;1;12;1;18;7;9.698475321725876;5;6;22;2.447859182825572;5;4;1;9;10;6;1;2;1;14;21;-0.7931533915108596;6;23;-1.2645312251167868;0;0;19;11;4;8;1;1;4;3;3;0;1;22;6.190169659759275;19;1;12;12;16;4;5;2;0;21;4.709241011428589;3;15;5;10;2;3;2;4;5;2;6;6;1;20;-4.980964788325845;7;-3.9729655634200314;4;25;4;6;0;4;12;4;19;3;6;5;2;4;1;24;12;5;6;22;2.500693264235406
TRACK:1815;1548;1585;1;6;2;3;3;0;2;2;1;12;1;18;7;9.694240233117922;5;13;5;4;1;9;10;6;1;2;1;14;21;-0.7284128233233558;6;23;-1.2096410518955074;0;0;19;11;4;8;1;1;4;3;3;0;1;22;6.1559383399074115;19;1;12;12;16;0;7;-3.9729655634200314;2;4;1;22;2.19772701005391;9;5;1;20;3.0208833473990726;23;-2.25604293992369;2;3;2;4;5;2;6;6;1;20;-5.058371963427224;7;-3.888842537975829;4;25;4;6;0;4;12;4;19;3;6;5;2;4;1;24;12;5;6;22;2.447859182825572
TRACK:1816;1201;1584;1;6;2;3;3;0;2;2;1;6;23;-0.8505500683502056;1;24;12;5;13;5;4;1;9;10;6;1;2;1;14;21;-1.1385438819807014;6;23;-0.86849873175683;0;0;19;11;4;8;1;1;4;3;3;0;1;22;6.295694983885563;19;1;12;12;16;4;5;2;0;21;4.621591656125754;12;16;2;3;2;4;5;1;2;6;0;25;16;6;1;25;25;5;5;3;12;4;5;6;0;25;16;3;6;5;2;4;11;5;6;22;2.7499413106971184
TRACK:1817;1201;1584;1;6;2;3;3;0;2;2;1;6;23;-0.9942855523542317;1;24;12;5;13;5;4;1;9;10;6;1;2;1;14;21;-1.1224089539377393;6;23;-0.7486514400596553;0;0;19;11;4;8;1;1;4;3;3;0;1;22;6.357556232769309;19;1;12;12;16;4;5;0;1;22;6.295694983885563;19;1;12;12;2;3;2;4;5;1;2;6;0;25;11;6;1;25;25;5;5;7;-3.9065063614546283;4;5;6;0;25;16;3;6;5;2;4;17;5;6;22;2.771899676800403
TRACK:1818;1505;1507;1;6;2;3;3;0;2;2;1;12;1;18;7;9.741935353742997;5;13;5;4;1;9;10;6;1;2;1;14;21;-0.9953439070040699;6;23;-1.113778233473682;0;0;19;11;4;12;1;1;4;3;3;0;1;22;6.066408632691206;19;1;12;12;16;4;5;2;0;21;4.66071307458395;12;5;10;2;3;2;4;5;2;6;6;1;20;-4.993767902951518;7;-3.9599370501602444;4;25;4;6;0;4;12;4;19;3;6;5;2;4;11;5;6;22;2.571839760236076
TRACK:1819;1505;1507;1;6;2;3;3;0;2;2;1;6;23;-0.8798901572150347;1;24;12;5;13;5;4;1;9;10;6;1;2;1;14;21;-1.1681125064898208;6;23;-0.7045825983866503;0;0;19;11;4;8;1;1;4;3;3;0;1;22;6.360537530127731;19;1;12;12;16;4;5;2;0;21;4.729097054602055;3;8;5;21;-0.3769631246033733;2;3;2;4;5;1;2;6;0;25;16;6;1;25;25;5;5;7;-3.864265912968241;4;5;6;6;22;2.571839760236076;3;6;5;2;4;11;5;6;22;2.829429166387758
TRACK:1820;1810;-1;1;6;2;3;3;0;2;2;1;1;9;10;12;5;13;5;4;1;9;10;6;1;2;1;14;21;-1.1681868949980858;6;23;-0.9550146661279831;0;0;19;11;4;8;1;1;4;3;3;0;1;22;6.028318423003389;19;1;12;12;16;4;5;2;0;21;4.887015947132399;12;5;10;2;3;2;4;5;2;6;6;1;20;-4.634662099552798;7;-3.8689530912387284;0;2;4;17;4;22;-7.564920118081867;4;4;15;4;6;0;4;12;4;19;3;6;5;4;19
TRACK:1821;1812;-1;1;6;2;3;3;0;2;2;1;12;1;18;7;9.775976518392499;5;13;5;4;1;9;10;6;1;2;1;14;21;-1.039361841447484;6;23;-0.9273676867508388;0;1;9;10;4;8;1;1;4;3;3;0;1;22;5.880088134120858;19;1;12;12;16;4;5;2;0;21;4.881106667833218;4;12;5;10;2;3;2;4;5;2;6;6;1;20;-4.905003727759135;7;-4.033173093087671;0;2;4;13;4;22;-7.665520857329229;0;25;16;4;6;0;4;12;5;10;3;6;5;2;4;11;5;6;22;2.541281203414766
TRACK:1822;1814;-1;1;6;2;3;3;0;2;2;1;12;1;18;7;9.781021183624642;5;6;22;2.4441635714713827;5;4;1;9;10;6;1;4;4;13;0;0;19;11;4;8;1;1;4;3;3;0;1;22;6.2090682885744535;19;1;12;12;16;4;5;2;0;21;4.720414091831216;3;15;5;10;2;3;2;4;5;2;6;6;1;20;-4.895590254719295;7;-3.941632268469746;4;25;4;6;0;4;12;4;19;3;6;5;2;4;1;24;12;5;6;22;2.5214872947703175
TRACK:1823;1816;-1;1;6;2;3;3;0;2;2;1;6;23;-0.9543122924555477;1;24;12;5;13;5;4;1;9;10;6;1;2;1;14;21;-1.1877458751366712;6;23;-0.8924207350257879;0;0;19;11;4;8;1;1;4;3;3;0;1;22;6.331408106644083;19;1;12;12;16;4;5;2;0;21;4.5808338857815345;12;16;2;3;2;4;5;1;2;6;0;15;16;6;1;25;25;5;5;3;12;4;5;6;0;25;16;3;6;5;2;4;11;5;6;22;2.8695909794800936
TRACK:1824;1818;-1;1;6;2;3;3;0;2;2;1;12;1;18;7;9.632661106443392;5;13;5;4;1;9;10;6;1;2;1;14;21;-1.0560239423498838;6;23;-1.2469747436749838;0;0;19;11;4;12;1;1;4;3;3;0;1;22;5.92722066923356;19;1;25;12;16;4;5;2;0;21;4.613244167691041;12;5;10;2;3;2;4;5;2;6;6;1;20;-5.094429529212183;7;-4.1230506181050055;4;25;4;6;0;4;12;4;19;3;6;5;2;4;11;5;6;22;2.726108954638941
TRACK:1825;1811;-1;1;6;2;3;3;0;2;2;1;6;23;-0.9273624682747527;1;24;12;5;13;5;4;1;9;10;6;1;2;1;14;21;-1.2033933910586325;6;23;-0.8790782153439208;0;0;19;11;4;8;1;1;4;3;3;0;1;22;6.577856218344245;19;1;12;12;16;4;5;2;0;21;4.783883671389794;12;5;21;-0.42971818918368565;2;3;2;4;5;1;2;6;0;25;16;6;1;25;25;5;5;3;12;4;0;4;1;10;19;0;1;13;15;4;16;3;6;5;2;4;11;5;6;22;2.8394792522061265
TRACK:1826;1813;-1;1;6;2;3;3;0;2;2;1;6;23;-1.0508235181334382;1;24;12;5;13;5;4;1;9;10;6;1;2;1;18;21;-1.1849649166185188;6;23;-0.7532390461229719;0;0;19;11;4;8;1;1;4;3;3;0;1;22;6.482982979748435;10;1;12;12;16;4;5;2;0;21;4.729307983044353;3;8;5;21;-0.4109453590607734;2;3;2;4;5;1;2;6;0;25;16;6;1;25;25;5;5;7;-3.763936280522682;4;5;6;0;25;16;3;6;5;2;4;11;5;6;22;2.772390482008137
TRACK:1827;1815;-1;1;6;2;3;3;0;2;2;1;12;1;18;7;9.517353498223706;5;13;5;4;1;9;10;6;1;2;1;14;21;-0.6683461294963144;6;23;-1.0605066060219674;0;0;19;11;4;8;1;1;4;3;3;0;1;22;6.266163284080715;19;1;20;8.035486809785972;12;16;0;7;-4.076217326384834;2;4;1;22;2.111128329791816;9;5;1;20;3.100108160461772;23;-2.282033170170516;2;3;2;4;5;2;6;6;1;20;-4.865378304246092;7;-3.879704977812337;4;25;4;6;0;4;12;4;19;3;6;5;2;4;1;24;12;5;6;22;2.584168833161586
TRACK:1828;1817;-1;1;6;2;3;3;0;2;2;1;6;23;-1.069885578948894;1;24;12;5;13;5;4;1;9;10;6;1;2;1;14;21;-1.061044173893437;6;23;-0.7438492152408127;0;0;19;11;4;8;1;1;4;3;3;0;1;22;6.387972647902741;19;1;12;12;16;4;5;0;1;1;13;14;19;1;12;12;2;3;2;4;5;1;2;6;0;25;11;6;1;25;25;5;5;7;-3.911581889501119;4;5;6;0;25;16;3;6;5;2;4;17;5;6;22;2.794672774770668
TRACK:1829;1819;-1;1;6;2;3;3;0;2;2;1;6;23;-0.9333448279926841;1;24;12;5;13;5;4;1;9;10;2;15;14;1;1;4;3;3;0;1;22;6.397869484469488;19;1;12;12;16;4;5;2;0;21;4.782496783311473;3;8;5;21;-0.26709886999712573;2;3;2;4;5;1;2;6;0;25;16;6;1;25;25;5;5;7;-3.9665546523842616;4;5;6;6;22;2.6087572581588048;3;6;5;2;4;11;5;6;22;2.8332709299613144
EVAL_INSTANCE:91:0:1820
EVAL_INSTANCE:91:1:1821
EVAL_INSTANCE:91:2:1822
EVAL_INSTANCE:91:3:1823
EVAL_INSTANCE:91:4:1824
EVAL_INSTANCE:91:5:1825
EVAL_INSTANCE:91:6:1826
EVAL_INSTANCE:91:7:1827
EVAL_INSTANCE:91:8:1828
EVAL_INSTANCE:91:9:1829
RUN_RESULT:91:0:0:611:RRURUUDDRUUDDD
RUN_RESULT:91:1:0:2000:----
RUN_RESULT:91:2:0:2000:----
RUN_RESULT:91:3:0:66:RRURUUDDRUUDDD
RUN_RESULT:91:4:0:2000:----
RUN_RESULT:91:5:0:66:RRURUUDDRUUDDD
RUN_RESULT:91:6:0:265:RRURUUDDRUURDLDLD
RUN_RESULT:91:7:0:2000:----
RUN_RESULT:91:8:0:2000:----
RUN_RESULT:91:9:0:887:RRURUUDDRUUDDD
    92 |      920 | -3.934000E+03 | -3.934000E+03
TRACK:1830;1424;1585;1;6;2;3;3;0;20;-5.058371963427224;6;1;2;1;14;21;-1.1264695735894386;6;23;-0.9316516044441946;0;0;19;11;4;8;1;1;4;3;3;0;1;22;6.077207254425505;19;1;12;12;16;4;5;2;0;21;4.828428278297536;12;5;10;2;3;2;4;5;2;6;6;1;20;-4.594025358997871;7;-3.8765575731336988;0;2;4;17;4;22;-7.710841834005764;4;4;15;4;6;0;4;12;4;19;3;6;5;2;4;11;5;6;22;2.8036288404563257
TRACK:1831;1424;1585;1;6;2;3;3;0;2;2;1;6;22;2.8036288404563257;1;18;7;9.694240233117922;5;13;5;4;1;9;10;6;1;2;1;14;21;-0.7284128233233558;6;23;-1.2096410518955074;0;0;19;11;4;8;1;1;4;3;3;0;1;22;6.1559383399074115;19;1;12;12;16;0;4;3;2;15;16;2;4;1;22;2.19772701005391;9;5;1;20;3.0208833473990726;23;-2.25604293992369;2;3;2;4;5;2;6;6;1;20;-5.058371963427224;7;-3.888842537975829;4;25;4;6;0;4;12;4;19;3;6;5;2;4;1;24;12;5;6;22;2.447859182825572
TRACK:1832;1548;1486;1;6;2;3;3;0;2;2;1;12;1;18;7;9.698475321725876;5;13;5;4;1;9;10;6;1;2;1;14;21;-0.7931533915108596;6;23;-1.2645312251167868;0;0;19;11;4;8;1;1;4;3;3;0;1;22;6.190169659759275;19;1;12;19;16;4;5;2;0;21;4.709241011428589;3;15;5;10;2;3;2;4;5;2;6;6;1;20;-4.980964788325845;7;-3.9729655634200314;4;25;4;6;0;4;12;4;19;3;6;5;2;4;1;24;12;5;6;22;2.500693264235406
TRACK:1833;1548;1486;1;6;2;3;3;0;2;2;1;12;1;18;7;9.743113594750476;5;13;5;4;1;9;10;6;1;2;1;14;21;-1.0129174398504373;6;23;-1.0314284576966883;0;0;19;11;4;8;1;1;4;3;3;0;1;22;6.124443140157382;19;1;12;12;16;4;5;2;0;21;4.7423132612071655;12;5;10;2;3;2;4;5;2;6;6;1;20;-4.84927075956137;7;-3.8912641915691766;0;2;4;17;4;22;-7.571510191190154;0;25;16;4;6;0;4;12;4;19;3;6;5;2;4;11;0;21;4.709241011428589;3;15
TRACK:1834;1581;1424;1;6;2;3;3;0;2;12;5;4;1;9;10;6;1;2;1;14;21;-0.9829935667052744;6;23;-0.8280995406522216;0;0;19;11;4;8;1;1;4;3;3;0;1;22;6.079153276300222;19;1;12;12;16;4;5;2;0;21;4.865514616586923;4;12;5;10;2;3;2;4;5;2;6;6;1;20;-4.8791074482914105;7;-3.951125383895761;0;2;4;17;4;22;-7.671107335442041;0;25;16;4;6;0;4;12;5;10;3;6;5;2;4;11;5;6;22;2.7282990284474975
TRACK:1835;1581;1424;1;6;2;3;3;0;2;2;1;12;12;5;13;5;4;1;9;10;6;1;2;1;14;21;-1.1264695735894386;6;23;-0.9316516044441946;0;0;19;11;4;8;1;1;4;3;3;0;4;22;-7.671107335442041;1;12;12;16;4;5;2;0;21;4.828428278297536;12;5;10;2;3;2;4;5;2;6;6;1;20;-4.594025358997871;7;-3.8765575731336988;0;2;4;17;4;22;-7.710841834005764;4;4;15;4;6;0;4;12;4;19;3;6;5;2;4;11;5;6;22;2.8036288404563257
TRACK:1836;1600;1486;1;6;2;3;3;0;2;2;1;6;23;-1.0552499576056849;1;18;7;9.743113594750476;5;13;5;4;1;9;10;6;1;2;1;14;21;-1.3024100138841543;6;23;-0.917556951175668;0;0;19;11;4;8;1;1;4;3;3;0;1;22;6.4418751699457095;19;1;12;12;16;4;5;2;0;21;4.663978600223999;3;8;5;21;-0.2640505045812979;2;3;2;4;2;1;1;3;7;-5.897883138699482;3;14;3;5;14;6;5;5;19;4;5;6;0;1;14;21;-0.9429073026174936;16;3;6;5;2;4;17;5;6;22;2.6801205743336927
TRACK:1837;1600;1486;1;6;2;3;3;0;2;2;1;12;1;18;7;9.743113594750476;5;13;5;4;1;9;10;6;1;2;1;14;21;-1.0129174398504373;6;23;-1.0314284576966883;0;0;19;11;4;8;1;1;4;0;1;14;21;-0.9429073026174936;16;16;4;5;2;0;21;4.7423132612071655;12;5;10;2;3;2;4;5;2;6;6;1;20;-4.84927075956137;7;-3.8912641915691766;0;2;4;17;4;22;-7.571510191190154;0;25;16;4;6;0;4;12;4;19;3;6;5;2;4;11;5;6;22;2.808105114061211
TRACK:1838;1581;1584;1;6;2;3;3;0;2;2;1;12;1;18;7;9.670196278015231;5;13;6;0;25;11;6;1;2;1;14;21;-0.9829935667052744;6;23;-0.8280995406522216;0;0;19;11;4;8;1;1;4;3;3;0;1;22;6.079153276300222;19;1;12;12;16;4;5;2;0;21;4.865514616586923;4;12;5;10;2;3;2;4;5;2;6;6;1;20;-4.8791074482914105;7;-3.951125383895761;0;2;4;17;4;22;-7.671107335442041;0;25;16;4;6;0;4;12;5;10;3;6;5;2;4;11;5;6;22;2.7282990284474975
TRACK:1839;1581;1584;1;6;2;3;3;0;2;2;1;6;23;-0.9942855523542317;1;24;12;5;13;5;4;1;9;10;6;1;2;1;14;21;-1.1224089539377393;6;23;-0.7486514400596553;0;0;19;11;4;8;1;1;4;3;3;0;1;22;6.357556232769309;19;1;12;12;16;4;5;2;0;21;4.617496447359084;3;8;5;21;-0.21826527643030605;2;3;2;4;5;1;2;6;0;25;11;6;1;25;25;5;5;7;-3.9065063614546283;4;5;6;0;25;16;3;6;5;2;4;17;5;22;6.079153276300222
TRACK:1840;1830;-1;1;6;2;3;3;0;5;0;14;14;2;0;9;10;3;11;1;1;4;3;3;0;1;22;6.02595966267763;19;1;12;12;16;4;5;2;0;21;4.81043651554743;12;5;10;2;3;2;4;5;2;6;6;1;20;-4.656777894556228;7;-3.7791361602362756;0;2;4;17;4;22;-7.707464753666403;4;4;15;4;6;0;4;12;4;19;3;6;5;2;4;11;5;6;22;2.657705042198395
TRACK:1841;1832;-1;1;6;2;3;3;0;2;2;1;12;1;18;7;9.59748215773877;5;13;5;4;1;9;10;6;1;2;1;14;21;-0.7834037056468044;6;15;0;0;19;11;4;8;1;1;4;3;3;0;1;22;6.215045721989971;19;1;12;19;16;4;5;2;0;21;4.832394536033008;3;15;5;10;2;3;2;4;5;2;6;6;1;20;-4.881142314912688;7;-4.066686253733516;4;25;4;6;0;4;12;4;19;3;6;5;2;4;1;24;12;5;6;22;2.567289133344365
TRACK:1842;1834;-1;1;6;2;3;3;0;2;12;5;4;2;9;9;6;1;2;1;14;21;-1.0580370133872445;6;23;-0.7813913040711605;0;0;19;11;4;8;1;1;4;3;3;0;1;22;6.019191878668396;19;1;12;12;16;4;5;2;0;21;4.720355497443738;4;12;5;10;2;3;2;4;5;2;6;6;1;20;-4.809405929966595;7;-3.970828477963169;0;2;4;17;4;22;-7.857402265154186;0;25;16;4;6;0;4;12;5;10;3;6;5;2;4;11;5;6;22;2.745030507809873
TRACK:1843;1836;-1;1;6;2;3;3;0;2;2;1;6;23;-1.1334051631641753;1;18;7;9.617590900211184;5;13;5;4;1;9;10;6;1;2;1;14;21;-1.282176632592547;6;23;-0.7126748357403401;0;0;19;11;4;8;1;1;4;3;3;0;1;22;6.508697723298808;19;5;10;16;4;5;2;0;21;4.652402674201126;3;8;5;21;-0.47709609345604054;2;3;2;4;2;1;1;3;7;-6.072371601496406;3;14;3;5;14;6;5;5;19;4;5;6;0;1;14;21;-0.9489361570259367;16;3;6;5;2;4;17;5;6;22;2.7178542629240106
TRACK:1844;1838;-1;1;6;2;3;3;0;2;2;1;12;1;18;7;9.605385067874622;5;13;6;0;25;11;6;1;2;1;14;21;-1.0255184966829742;6;23;-0.6894965572915541;0;0;19;11;4;8;1;1;4;3;3;0;1;22;6.259309052628528;19;1;12;12;16;4;5;2;0;21;4.92224925426766;4;12;5;10;2;3;2;4;5;2;1;1;18;19;3;7;6.797574010527235;0;2;4;17;4;22;-7.661984074151321;0;25;16;4;6;0;4;12;5;10;3;6;5;2;4;11;5;6;22;2.7961080814708943
TRACK:1845;1831;-1;1;6;2;3;3;0;2;2;1;6;22;2.8180325253679603;1;18;7;9.631077185619223;5;13;5;1;15;22;-3.283858127208994;6;1;2;1;14;21;-0.8442503365372578;6;23;-1.228161833962089;0;0;19;11;4;8;1;1;4;3;3;0;1;22;6.20122389560642;19;1;12;12;16;0;4;3;2;15;16;2;4;1;22;2.225140747264554;9;5;1;20;3.0702336798091623;23;-2.113456619516846;2;3;2;4;5;2;6;6;1;20;-5.107434170896113;7;-3.9391772800665956;4;25;4;6;0;4;12;4;19;3;6;5;2;4;1;24;12;5;6;22;2.380658744894339
TRACK:1846;1833;-1;1;6;2;3;3;0;2;2;1;12;1;18;7;9.77005961780072;5;13;5;4;1;9;10;6;1;2;1;14;21;-0.939909686510235;6;23;-1.0606320359511217;0;0;19;11;4;8;2;2;3;15;4;25;4;0;22;8.39242709185267;7;8.533925688798082;2;3;2;4;5;2;6;6;1;20;-4.742523539285546;7;-3.936289652933227;0;2;4;17;4;22;-7.554386806144954;0;25;16;4;6;0;4;12;4;19;3;6;5;2;4;11;0;21;4.516780708343504;3;15
TRACK:1847;1835;-1;1;6;2;3;3;0;2;2;1;12;12;5;13;5;4;1;9;10;6;1;2;1;14;21;-1.0235124892357164;6;13;0;0;19;11;4;8;1;1;4;3;3;0;4;22;-7.640805221645446;1;12;12;16;4;5;2;0;21;4.818595578485069;12;5;10;2;3;2;4;5;2;6;6;1;20;-4.601246405023412;7;-3.9549524112691112;0;2;4;17;4;22;-7.761865210182374;4;4;15;4;6;0;4;12;4;19;3;6;5;2;4;11;5;6;22;2.7969718830933794
TRACK:1848;1837;-1;1;6;2;3;3;0;2;2;1;12;1;18;7;9.757045470074388;5;13;5;4;1;9;10;6;1;2;1;14;21;-1.0727170741621905;6;23;-0.9238392844364004;0;0;19;11;4;8;1;1;4;0;1;14;21;-0.9432403697322469;16;16;4;5;2;0;21;4.712196122379825;12;5;10;2;3;2;4;5;2;6;6;1;20;-4.9817045664905475;7;-3.717918632526986;0;2;4;17;4;22;-7.563693681875327;0;25;16;4;6;0;4;12;4;19;3;6;5;2;0;2;3;9;6;10;5;1;14;19;5;6;22;2.848795561836391
TRACK:1849;1839;-1;1;6;2;3;3;0;2;2;1;6;23;-1.0612971289074402;1;24;12;5;13;5;4;1;9;10;6;1;2;1;14;21;-1.0758952767318954;6;23;-0.8047306806851054;0;0;19;11;4;8;1;1;4;3;3;0;1;22;6.424885096231086;19;1;12;12;16;4;5;2;0;21;4.748636456849558;3;8;5;21;-0.12401837877575421;2;3;2;4;5;1;2;6;0;25;11;1;2;15;20;-7.284328656281147;1;13;13;5;5;7;-3.9729640917450273;4;5;6;0;25;16;3;6;5;2;4;17;5;22;6.083872629197006
EVAL_INSTANCE:92:0:1840
EVAL_INSTANCE:92:1:1841
EVAL_INSTANCE:92:2:1842
EVAL_INSTANCE:92:3:1843
EVAL_INSTANCE:92:4:1844
EVAL_INSTANCE:92:5:1845
EVAL_INSTANCE:92:6:1846
EVAL_INSTANCE:92:7:1847
EVAL_INSTANCE:92:8:1848
EVAL_INSTANCE:92:9:1849
RUN_RESULT:92:0:0:2000:----
RUN_RESULT:92:1:0:585:RRURUUDDRUUDDD
RUN_RESULT:92:2:0:68:RRURUUDDRUUDDD
RUN_RESULT:92:3:0:2000:----
RUN_RESULT:92:4:0:68:RRURUUDDRUUDDD
RUN_RESULT:92:5:0:2000:----
RUN_RESULT:92:6:0:2000:----
RUN_RESULT:92:7:0:2000:----
RUN_RESULT:92:8:0:2000:----
RUN_RESULT:92:9:0:2000:----
    93 |      930 | -3.934000E+03 | -3.934000E+03
TRACK:1850;1581;1424;1;6;2;3;3;0;2;2;1;12;1;17;7;9.670196278015231;5;13;5;4;1;9;10;6;1;2;1;14;21;-0.9829935667052744;6;23;-0.8280995406522216;0;0;19;11;4;8;1;1;4;3;3;0;1;22;6.079153276300222;19;1;12;12;16;4;5;2;0;21;4.865514616586923;4;12;5;10;2;3;2;4;5;2;6;6;1;20;-4.8791074482914105;7;-3.951125383895761;0;2;4;17;4;22;-7.671107335442041;0;25;16;4;6;0;4;12;5;10;3;6;5;2;4;11;5;6;22;2.7282990284474975
TRACK:1851;1581;1424;1;6;2;3;3;0;2;2;8;5;13;5;4;1;9;10;6;1;2;1;14;21;-1.1264695735894386;6;23;-0.9316516044441946;0;0;19;11;4;8;1;1;4;3;3;0;1;22;6.077207254425505;19;1;12;12;16;4;5;2;0;21;4.828428278297536;12;5;10;2;3;2;4;5;2;6;6;1;20;-4.594025358997871;7;-3.8765575731336988;0;2;4;17;4;22;-7.710841834005764;4;4;15;4;6;0;4;12;4;19;3;6;5;2;4;11;5;6;22;2.8036288404563257
TRACK:1852;1585;1201;1;6;2;3;3;0;2;2;1;12;1;18;7;9.694240233117922;5;13;5;4;1;9;10;6;1;2;1;14;21;-0.7284128233233558;6;23;-1.2096410518955074;0;0;19;11;4;8;1;1;4;3;3;0;1;22;6.1559383399074115;19;1;12;12;16;0;4;3;2;15;16;2;4;1;22;2.19772701005391;9;5;1;20;3.0208833473990726;23;-2.25604293992369;2;3;2;4;5;2;6;6;0;21;4.621591656125754;12;4;25;4;6;0;4;12;4;19;3;6;5;2;4;1;24;12;5;6;22;2.447859182825572
TRACK:1853;1585;1201;1;6;2;3;3;0;2;2;1;6;23;-0.8505500683502056;1;24;12;5;13;5;4;1;9;10;6;1;2;1;14;21;-1.1385438819807014;6;23;-0.86849873175683;0;0;19;11;4;8;1;1;4;3;3;0;1;22;6.295694983885563;19;1;12;12;16;4;5;2;0;21;4.621591656125754;12;5;21;-0.32479583455293387;2;3;2;4;5;1;2;6;0;25;16;6;1;25;25;5;5;25;4;5;6;0;25;16;3;6;5;2;4;11;5;6;22;2.7499413106971184
TRACK:1854;1507;1507;1;6;2;3;3;0;2;2;1;6;23;-0.8798901572150347;1;24;12;5;13;5;4;1;9;10;6;1;2;1;14;21;-1.1681125064898208;6;23;-0.7045825983866503;0;0;19;11;4;8;1;1;4;3;3;0;1;22;6.360537530127731;19;1;12;12;16;4;5;2;0;21;4.729097054602055;3;8;5;21;-0.3769631246033733;2;16;3;6;5;2;4;11;5;6;22;2.829429166387758
TRACK:1855;1507;1507;1;6;2;3;3;0;2;2;1;6;23;-0.8798901572150347;1;14;12;5;13;5;4;1;9;10;6;1;2;1;14;21;-1.1681125064898208;6;23;-0.7045825983866503;0;0;19;11;4;8;1;1;4;3;3;0;1;22;6.360537530127731;19;1;12;12;16;4;5;2;0;21;4.729097054602055;3;8;5;21;-0.3769631246033733;2;3;2;4;5;1;2;6;0;25;16;6;1;25;25;5;5;7;-3.864265912968241;4;5;6;0;25;16;3;6;5;2;4;11;5;6;22;2.829429166387758
TRACK:1856;1424;1585;1;6;2;3;3;0;2;2;1;12;12;5;13;5;4;1;9;10;6;1;2;1;14;21;-1.1264695735894386;6;23;-0.9316516044441946;0;0;19;11;4;8;1;1;4;3;3;0;1;22;6.077207254425505;19;1;12;12;16;4;5;2;0;21;4.828428278297536;12;5;10;2;3;2;4;5;2;19;0;2;4;17;4;22;-7.710841834005764;4;4;15;4;6;0;4;12;4;19;3;6;5;2;4;11;5;6;22;2.8036288404563257
TRACK:1857;1424;1585;1;6;2;3;3;0;2;2;1;12;1;18;7;9.694240233117922;5;13;5;21;4.828428278297536;6;1;2;1;14;21;-0.7284128233233558;6;23;-1.2096410518955074;0;0;19;11;4;8;1;1;4;3;3;0;1;22;6.1559383399074115;19;1;12;12;16;0;4;3;2;15;16;2;4;1;22;2.19772701005391;9;5;1;20;3.0208833473990726;23;-2.25604293992369;2;3;2;4;5;2;6;6;1;20;-5.058371963427224;7;-3.888842537975829;4;25;4;6;0;4;12;4;19;3;6;5;2;4;1;24;12;5;6;22;2.447859182825572
TRACK:1858;1548;1584;1;6;2;3;3;0;2;2;1;12;1;18;7;9.698475321725876;5;13;5;4;1;9;10;6;1;2;1;14;21;-0.7931533915108596;6;23;-1.2645312251167868;0;0;12;11;4;8;1;1;4;3;3;0;1;22;6.190169659759275;19;1;12;12;16;4;5;2;0;21;4.709241011428589;3;15;5;10;2;3;2;4;5;2;6;6;1;20;-4.980964788325845;7;-3.9729655634200314;4;25;4;6;0;4;12;4;19;3;6;5;2;4;1;24;12;5;6;22;2.500693264235406
TRACK:1859;1548;1584;1;6;2;3;3;0;2;2;1;6;23;-0.9942855523542317;1;24;12;5;13;5;4;1;9;10;6;1;2;1;14;21;-1.1224089539377393;6;23;-0.7486514400596553;0;0;19;11;4;8;1;1;4;3;3;0;1;22;6.357556232769309;19;1;12;12;16;4;5;2;0;1;12;1;18;7;9.698475321725876;3;8;5;21;-0.21826527643030605;2;3;2;4;5;1;2;6;0;25;11;6;1;25;25;5;5;7;-3.9065063614546283;4;5;6;0;25;16;3;6;5;2;4;17;5;6;22;2.771899676800403
TRACK:1860;1850;-1;1;6;2;3;3;0;2;2;1;12;1;17;7;9.636364451464308;5;13;5;4;1;9;10;6;1;2;1;14;21;-1.116777529288999;6;23;-0.8396334176336219;0;0;19;11;4;8;1;1;4;3;3;0;1;22;6.132877013800326;19;1;12;12;16;4;5;4;3;1;3;8;6;25;2;3;2;4;5;2;6;6;1;20;-4.822054699026293;7;-3.8350109993818164;0;2;4;17;4;22;-7.7214485747213155;0;25;16;4;6;0;4;12;5;10;3;6;5;2;4;11;5;6;22;2.745583558999582
TRACK:1861;1852;-1;1;6;2;3;3;0;2;3;3;9;5;4;1;9;10;6;1;2;1;14;21;-0.8290915188085258;6;23;-1.24762355161061;0;0;19;11;4;8;1;1;4;3;3;0;1;22;6.208342328072951;19;1;12;12;16;0;4;3;2;15;16;2;4;1;22;2.281690206460271;9;5;1;20;3.0751556065466743;23;-2.0863880996453936;2;3;2;4;5;2;6;6;0;21;4.650892397619475;12;4;25;4;6;0;4;12;4;19;3;6;5;2;4;1;24;12;5;6;22;2.4183567416328544
TRACK:1862;1507;-1;1;6;2;3;3;0;2;2;1;6;23;-0.938729159395876;1;24;12;5;13;5;4;1;9;10;6;1;2;1;14;21;-1.2763941275492785;6;23;-0.690361186659703;0;0;19;11;4;8;1;1;4;3;3;0;1;22;6.384970749985511;19;1;12;12;16;4;5;2;0;21;4.854605987757471;3;8;5;21;-0.3521989794520042;2;3;2;4;5;1;2;6;0;25;12;6;1;25;25;5;5;7;-3.9144794216105003;4;5;6;0;25;16;3;6;5;2;4;11;5;6;22;2.909070789691671
TRACK:1863;1856;-1;1;6;2;3;3;0;2;2;1;6;9;12;5;13;5;4;1;9;10;6;1;2;1;14;21;-1.029941685467912;6;23;-0.9743003205866597;0;0;19;11;4;8;1;1;4;3;3;0;1;22;6.176747247649443;19;1;12;12;16;4;5;2;0;21;4.689188442945985;12;5;10;2;3;2;4;5;2;19;0;2;4;17;4;22;-7.621009588736077;4;4;15;4;6;0;4;12;4;19;3;6;5;2;4;11;5;6;22;2.819177542333857
TRACK:1864;1548;-1;1;6;2;3;3;0;2;2;1;12;1;18;7;9.839296723407859;5;13;5;4;1;9;10;6;1;2;1;14;21;-0.8336427027825972;6;23;-1.1603393808529059;0;0;19;11;4;8;1;1;4;3;3;0;1;22;6.178491073957583;19;1;12;12;6;0;1;9;11;6;16;4;5;2;0;21;4.743748285293305;3;15;5;10;2;3;2;4;5;2;6;6;1;20;-5.001587834699151;7;-4.067973126011655;4;25;4;6;0;4;12;4;19;3;6;5;2;4;1;24;12;5;6;22;2.583077155170278
TRACK:1865;1851;-1;1;6;2;3;3;0;2;2;8;5;13;5;4;1;9;10;6;1;2;1;14;21;-1.0959306054444844;6;23;-0.8540481498154994;0;0;19;11;4;8;1;1;4;3;3;0;1;22;6.038483633395457;19;1;12;12;16;4;5;2;0;21;4.879214815079686;12;5;10;2;3;2;4;5;2;6;6;1;20;-4.6865162703867576;7;-3.938200578942057;0;2;4;17;4;22;-7.564059383454975;4;4;15;4;6;0;4;12;4;19;3;6;5;2;4;0;1;10;19;3;10;5;6;22;2.6896252724270173
TRACK:1866;1853;-1;1;6;2;3;3;0;2;2;1;6;23;-0.8165857901972904;1;24;12;5;13;5;4;1;9;10;6;1;2;1;14;21;-1.0995279800517206;6;23;-0.7972014555189779;0;2;20;5.748148906724126;20;-8.478083070491099;4;8;1;1;4;3;3;0;1;22;6.288465667560594;19;1;12;12;16;4;5;2;0;21;4.4632958239160505;12;5;21;-0.324999167068582;2;3;2;4;5;1;2;6;0;25;16;6;1;25;25;5;5;25;4;5;6;0;25;16;3;6;5;2;4;11;5;6;22;2.808589793493155
TRACK:1867;1507;-1;1;6;2;3;3;0;2;2;1;6;23;-0.8683995008545359;1;24;12;5;13;5;4;1;9;10;6;1;2;1;14;21;-1.101012715452049;6;23;-0.7472291629106298;0;0;19;11;4;8;1;1;4;3;3;0;1;22;6.191516370253195;19;1;12;12;16;4;5;2;0;21;4.756705956855062;3;8;5;21;-0.1901219951187029;2;3;2;4;5;1;2;6;0;25;16;6;1;18;25;5;5;7;-3.809229985960916;4;5;6;0;25;16;3;6;5;2;4;11;5;6;22;2.817435255683342
TRACK:1868;1857;-1;1;6;2;3;3;0;2;2;1;12;1;18;7;9.648932125706962;5;13;5;21;4.798857131669925;6;1;2;1;14;23;0.25714073396930814;6;23;-1.198979123506782;0;0;19;11;4;8;1;1;4;3;3;0;1;22;6.184745470579639;19;1;12;12;16;0;4;3;2;15;16;2;4;1;22;2.175261351653113;9;5;1;20;3.044525768444887;23;-2.296198934664316;2;3;2;4;5;2;6;6;1;20;-4.977841369590353;7;-4.010946912729451;4;25;4;6;0;4;12;4;19;3;6;5;2;4;1;24;12;5;6;22;2.397701671223971
TRACK:1869;1584;-1;1;6;2;3;3;0;2;2;1;6;23;-1.2098810867402814;1;24;12;5;13;5;4;1;9;10;6;1;2;1;14;21;-1.1264432579198018;6;23;-0.7210386135168222;0;0;19;11;4;8;1;1;4;2;3;25;3;14;16;4;5;2;0;21;4.684583747964018;3;8;5;21;-0.2753544658052119;2;3;2;4;5;1;2;6;0;25;11;6;1;25;25;5;5;7;-3.916454622655997;4;5;6;0;25;16;3;6;5;2;4;17;5;6;22;2.589493804029604
EVAL_INSTANCE:93:0:1860
EVAL_INSTANCE:93:1:1861
EVAL_INSTANCE:93:2:1862
EVAL_INSTANCE:93:3:1863
EVAL_INSTANCE:93:4:1864
EVAL_INSTANCE:93:5:1865
EVAL_INSTANCE:93:6:1866
EVAL_INSTANCE:93:7:1867
EVAL_INSTANCE:93:8:1868
EVAL_INSTANCE:93:9:1869
RUN_RESULT:93:0:0:2000:----
RUN_RESULT:93:1:0:2000:----
RUN_RESULT:93:2:0:66:RRURUUDDRUUDDD
RUN_RESULT:93:3:0:67:RRURUUDDRUUDDD
RUN_RESULT:93:4:0:66:RRURUUDDRUUDDD
RUN_RESULT:93:5:0:2000:----
RUN_RESULT:93:6:0:110:RRURUUDDRUUDDD
RUN_RESULT:93:7:0:71:RRURUUDDRUURDDDDUL
RUN_RESULT:93:8:0:2000:----
RUN_RESULT:93:9:0:2000:----
    94 |      940 | -3.934000E+03 | -3.934000E+03
TRACK:1870;1486;1584;1;5;7;-3.9065063614546283;2;3;2;4;5;2;6;6;1;20;-4.84927075956137;7;-3.8912641915691766;0;2;4;17;4;22;-7.571510191190154;0;25;16;4;6;0;4;12;4;19;3;6;5;2;4;11;5;6;22;2.808105114061211
TRACK:1871;1486;1584;1;6;2;3;3;0;2;2;1;6;23;-0.9942855523542317;1;24;12;5;13;5;4;1;9;10;6;1;2;1;14;21;-1.1224089539377393;6;23;-0.7486514400596553;0;0;19;11;4;9;1;1;4;3;3;0;1;22;6.357556232769309;19;1;12;12;16;4;5;2;0;21;4.617496447359084;3;8;5;21;-0.21826527643030605;2;3;2;4;5;1;2;6;0;25;11;6;1;25;25;5;5;7;-3.9065063614546283;4;5;6;0;25;16;3;6;5;2;4;17;5;6;22;2.771899676800403
TRACK:1872;1548;1424;1;6;2;3;3;0;2;2;1;12;1;18;7;9.698475321725876;5;13;5;4;12;6;1;2;1;14;21;-0.7931533915108596;6;23;-1.2645312251167868;0;0;19;11;4;8;1;1;4;3;3;0;1;22;6.190169659759275;19;1;12;12;16;4;5;2;0;21;4.709241011428589;3;15;5;10;2;3;2;4;5;2;6;6;1;20;-4.980964788325845;7;-3.9729655634200314;4;25;4;6;0;4;12;4;19;3;6;5;2;4;1;24;12;5;6;22;2.500693264235406
TRACK:1873;1548;1424;1;6;2;3;3;0;2;2;1;12;12;5;13;5;4;1;9;20;-4.980964788325845;6;1;2;1;14;21;-1.1264695735894386;6;23;-0.9316516044441946;0;0;19;11;4;8;1;1;4;3;3;0;1;22;6.077207254425505;19;1;12;12;16;4;5;2;0;21;4.828428278297536;12;5;10;2;3;2;4;5;2;6;6;1;20;-4.594025358997871;7;-3.8765575731336988;0;2;4;17;4;22;-7.710841834005764;4;4;15;4;6;0;4;12;4;19;3;6;5;2;4;11;5;6;22;2.8036288404563257
TRACK:1874;1505;1424;1;6;2;3;3;0;2;2;1;12;1;18;7;9.741935353742997;5;13;5;4;1;9;10;6;1;2;1;14;21;-0.9953439070040699;6;23;-1.113778233473682;0;0;19;11;4;8;1;1;4;3;3;0;1;22;6.077207254425505;19;1;12;12;16;4;5;2;0;21;4.66071307458395;12;5;10;2;3;2;4;5;2;6;6;1;20;-4.993767902951518;7;-3.9599370501602444;4;25;4;6;0;4;12;4;19;3;6;5;2;4;11;5;6;22;2.571839760236076
TRACK:1875;1505;1424;1;6;2;3;3;0;2;2;1;12;12;5;13;5;4;1;9;10;6;1;2;1;14;21;-1.1264695735894386;6;23;-0.9316516044441946;0;0;19;11;16;1;1;4;3;3;0;1;22;6.077207254425505;19;1;12;12;16;4;5;2;0;21;4.828428278297536;12;5;10;2;3;2;4;5;2;6;6;1;20;-4.594025358997871;7;-3.8765575731336988;0;2;4;17;4;22;-7.710841834005764;4;4;15;4;6;0;4;12;4;19;3;6;5;2;4;11;5;6;22;2.8036288404563257
TRACK:1876;1585;1486;1;6;2;2;4;5;2;6;6;1;20;-4.84927075956137;7;-3.8912641915691766;0;2;4;17;4;22;-7.571510191190154;0;25;16;4;6;0;4;12;4;19;1;1;4;3;3;0;1;22;6.1559383399074115;19;1;12;12;16;0;4;3;2;15;16;2;4;1;22;2.19772701005391;9;5;1;20;3.0208833473990726;23;-2.25604293992369;2;3;2;4;5;2;6;6;1;20;-5.058371963427224;7;-3.888842537975829;4;25;4;6;0;4;12;4;19;3;6;5;2;4;1;24;12;5;6;22;2.447859182825572
TRACK:1877;1585;1486;1;6;2;3;3;0;2;2;1;12;1;18;7;9.743113594750476;5;13;18;6;1;2;1;14;21;-1.0129174398504373;6;23;-1.0314284576966883;0;0;19;11;4;8;1;1;4;3;3;0;1;22;6.124443140157382;19;1;12;12;16;4;5;2;0;21;4.7423132612071655;12;5;10;2;3;2;4;5;2;6;6;1;20;-4.84927075956137;7;-3.8912641915691766;0;2;4;17;4;22;-7.571510191190154;0;25;16;4;6;0;4;12;4;19;3;6;5;2;4;11;5;6;22;2.808105114061211
TRACK:1878;1548;1507;1;6;2;3;3;0;2;2;1;12;1;18;7;9.698475321725876;5;13;5;4;1;9;10;6;1;2;1;14;22;6.360537530127731;6;23;-1.2645312251167868;0;0;19;11;4;8;1;1;4;3;3;0;1;22;6.190169659759275;19;1;12;12;16;4;5;2;0;21;4.709241011428589;3;15;5;10;2;3;2;4;5;2;6;6;1;20;-4.980964788325845;7;-3.9729655634200314;4;25;4;6;0;4;12;4;19;3;6;5;2;4;1;24;12;5;6;22;2.500693264235406
TRACK:1879;1548;1507;1;6;2;3;3;0;2;2;1;6;23;-0.8798901572150347;1;24;12;5;13;5;4;1;9;10;6;1;2;1;14;21;-1.1681125064898208;6;23;-0.7045825983866503;0;0;19;11;4;8;1;1;4;3;3;0;1;22;6.360537530127731;19;1;12;12;16;4;5;2;0;21;4.729097054602055;3;8;5;21;-0.3769631246033733;2;3;2;4;5;1;2;6;0;25;16;6;1;20;-4.980964788325845;7;-3.9729655634200314;5;5;7;-3.864265912968241;4;5;6;0;25;16;3;6;5;2;4;11;5;6;22;2.829429166387758
TRACK:1880;1870;-1;1;5;7;-4.000697691356201;2;3;2;4;5;2;6;6;1;7;8.28997830651307;7;-3.912750848105776;0;2;4;17;4;22;-7.570729583040234;0;25;16;4;6;0;4;12;4;19;3;6;5;2;4;11;5;6;22;2.9619159934891197
TRACK:1881;1872;-1;1;6;2;3;3;0;2;2;1;12;1;18;7;9.679245389499425;5;13;5;4;12;6;1;2;1;14;21;-0.7046770476088722;6;23;-1.19208249851073;0;0;19;11;4;8;1;1;4;3;3;0;1;22;6.166524990980135;19;1;12;12;16;4;5;2;0;21;4.794702898659165;3;15;5;10;2;3;2;4;5;2;6;6;1;20;-5.022087556422633;7;-3.976702649316612;4;25;5;0;5;3;24;4;1;12;9;3;6;5;2;4;1;24;12;5;6;22;2.6148249730778903
TRACK:1882;1874;-1;1;6;2;3;3;0;2;2;1;12;1;18;7;9.934985334915261;5;13;5;4;1;9;10;6;1;2;1;14;21;-0.9970301636689273;6;23;-1.1897871527486277;0;0;19;11;4;8;1;1;4;3;3;0;1;22;5.972942017917508;19;1;12;12;16;4;5;2;4;8;5;10;2;3;2;4;5;2;6;6;1;20;-5.0196911684579195;7;-4.024248451732485;4;25;4;6;0;4;12;4;19;3;6;5;2;4;11;5;6;22;2.5361752367569275
TRACK:1883;1876;-1;1;6;2;2;4;5;2;6;6;1;20;-4.768284474587365;7;-3.92579615862627;0;2;4;17;4;22;-7.397525287186;0;25;16;4;6;0;4;12;4;19;1;1;4;3;2;4;17;6;24;16;0;4;3;2;15;16;2;4;1;22;2.165848013206837;9;5;1;20;2.979038963335428;23;-2.2352903138749354;2;3;2;4;5;2;6;6;1;20;-5.035927942974815;7;-4.04129972107389;4;25;4;6;0;4;12;4;19;3;6;5;2;4;1;24;12;5;6;22;2.446631150587302
TRACK:1884;1878;-1;1;6;2;3;3;0;2;2;1;12;1;18;7;9.78805038533386;5;13;5;4;1;9;10;6;1;2;1;14;22;6.434990361966406;6;23;-1.0905327523263377;0;0;19;11;4;8;1;1;4;3;4;5;4;20;0.2442341994299735;16;4;5;2;0;21;4.627106771758935;3;15;5;10;2;3;2;4;5;2;6;6;1;20;-5.0994239291898245;7;-3.994486651308487;4;25;4;6;0;4;12;4;19;3;6;5;2;4;1;24;12;5;6;22;2.4390458937960844
TRACK:1885;1871;-1;1;6;2;3;3;0;2;2;1;6;23;-1.1001652667005977;1;24;12;5;13;5;4;1;9;10;6;1;2;1;14;21;-1.1431852344252096;6;23;-0.6866259366992633;0;0;19;11;4;9;1;1;4;3;3;0;1;22;6.137620804405029;19;1;12;12;16;4;5;2;0;21;4.568869213237547;3;8;5;21;-0.18494520135380466;2;3;2;4;5;1;2;6;0;25;11;6;1;25;25;5;5;7;-3.9922039778083316;4;5;6;0;4;2;23;3.1591984020167203;25;16;3;6;5;2;4;17;5;6;22;2.8012615391339506
TRACK:1886;1873;-1;1;6;2;3;3;1;23;9.28071387938401;16;1;1;4;3;3;0;1;22;6.1411949294560095;19;1;12;12;16;4;5;2;0;21;4.823524805369209;12;5;10;2;3;2;4;5;2;6;6;1;20;-4.586354316811713;7;-3.8944356374566165;0;2;4;17;4;22;-7.7536074223824425;4;4;15;4;6;0;4;12;4;19;3;6;5;2;4;11;5;6;22;2.968764289993975
TRACK:1887;1875;-1;1;6;2;3;3;0;2;2;1;12;12;5;13;5;4;1;9;10;6;1;2;1;14;21;-1.0344164248053278;6;23;-1.0070201951361923;0;0;22;5.2689942801674725;11;16;1;1;4;3;3;0;1;22;6.138480640308663;19;1;12;12;16;4;5;2;0;21;4.900527897191983;12;5;10;2;3;2;4;5;2;6;6;1;20;-4.734067033634226;7;-3.8846817419349584;0;2;4;17;4;22;-7.586801737734352;4;4;15;4;6;0;4;12;4;19;3;6;5;2;4;11;5;6;22;2.563947106854099
TRACK:1888;1877;-1;1;6;2;3;3;0;2;2;1;12;1;18;7;9.721993029682997;5;13;18;6;1;2;1;14;21;-0.9065802235539822;6;23;-0.925373527055737;0;0;19;11;4;8;1;1;4;3;3;0;1;22;6.15291200723616;19;1;12;12;16;4;5;2;0;21;4.692931051295681;12;5;10;2;4;1;5;6;2;1;7;5.576670306128202;13;6;8;5;4;3;4;23;3.643962191610786;4;4;2;3;3;5;17;3;0;3;15;4;14
TRACK:1889;1879;-1;1;6;2;3;3;0;4;10;3;20;4.102712399349338;1;1;4;3;3;0;1;22;6.344341696266037;19;1;12;12;16;4;5;2;0;21;4.7956790965956095;3;8;5;21;-0.33873820567633234;2;3;2;4;5;1;2;6;0;25;16;6;1;20;-5.251515582190107;7;-3.9885907372884595;5;5;7;-3.7387054753384006;4;5;6;0;25;16;3;6;5;2;4;11;5;6;22;2.5594696683450127
EVAL_INSTANCE:94:0:1880
EVAL_INSTANCE:94:1:1881
EVAL_INSTANCE:94:2:1882
EVAL_INSTANCE:94:3:1883
EVAL_INSTANCE:94:4:1884
EVAL_INSTANCE:94:5:1885
EVAL_INSTANCE:94:6:1886
EVAL_INSTANCE:94:7:1887
EVAL_INSTANCE:94:8:1888
EVAL_INSTANCE:94:9:1889
RUN_RESULT:94:0:0:2000:----
RUN_RESULT:94:1:0:66:RRURUUDDRUUDDD
RUN_RESULT:94:2:0:2000:----
RUN_RESULT:94:3:0:2000:----
RUN_RESULT:94:4:0:2000:----
RUN_RESULT:94:5:0:530:RRURUUDDRUUDDD
RUN_RESULT:94:6:0:2000:----
RUN_RESULT:94:7:0:2000:----
RUN_RESULT:94:8:0:2000:----
RUN_RESULT:94:9:0:2000:----
    95 |      950 | -3.934000E+03 | -3.934000E+03
TRACK:1890;1201;1548;1;6;2;3;3;0;2;2;1;6;23;-0.8505500683502056;1;24;12;5;13;5;4;1;9;10;6;1;2;1;14;21;-1.1385438819807014;6;23;-0.86849873175683;0;0;19;11;4;8;1;1;4;3;3;0;1;21;-0.7931533915108596;19;1;12;12;16;4;5;2;0;21;4.621591656125754;12;5;21;-0.32479583455293387;2;3;2;4;5;1;2;6;0;25;16;6;1;25;25;5;5;3;12;4;5;6;0;25;16;3;6;5;2;4;11;5;6;22;2.7499413106971184
TRACK:1891;1201;1548;1;6;2;3;3;0;2;2;1;12;1;18;7;9.698475321725876;5;13;5;4;1;9;10;6;1;2;1;14;21;-0.7931533915108596;6;23;-1.2645312251167868;0;0;19;11;4;8;1;1;4;3;3;0;1;22;6.190169659759275;19;1;12;12;16;4;5;2;0;21;4.709241011428589;3;15;5;10;2;25;3;6;5;2;4;1;24;12;5;6;22;2.500693264235406
TRACK:1892;1581;1507;1;6;2;3;3;0;2;2;1;12;1;18;7;9.670196278015231;5;13;5;4;1;9;10;6;1;2;1;14;21;-0.9829935667052744;6;23;-0.8280995406522216;0;0;19;11;4;8;1;1;4;3;3;0;1;22;6.079153276300222;19;1;12;12;16;4;5;2;0;21;4.865514616586923;4;12;5;10;2;3;2;4;5;2;6;6;1;20;-4.8791074482914105;7;-3.951125383895761;0;2;4;17;4;22;-7.671107335442041;0;25;16;4;6;0;4;12;5;10;3;5;6;22;2.829429166387758
TRACK:1893;1581;1507;1;6;2;3;3;0;2;2;1;6;23;-0.8798901572150347;1;24;12;5;13;5;4;1;9;10;6;1;2;1;14;21;-1.1681125064898208;6;23;-0.7045825983866503;0;0;19;11;4;8;1;1;4;3;3;0;1;22;6.360537530127731;19;1;12;12;16;4;5;2;0;21;4.729097054602055;3;8;5;21;-0.3769631246033733;2;3;2;4;5;1;2;6;0;25;16;6;12;5;5;7;-3.864265912968241;4;5;6;0;25;16;3;6;5;2;4;11;5;6;22;2.829429166387758
TRACK:1894;1505;1424;1;6;2;3;3;0;2;2;1;12;1;18;7;9.741935353742997;5;13;5;4;1;9;10;6;1;2;1;14;21;-0.9953439070040699;6;23;-1.113778233473682;0;0;19;11;4;8;1;1;4;3;3;0;1;22;6.066408632691206;7;-3.8765575731336988;1;12;12;16;4;5;2;0;21;4.66071307458395;12;5;10;2;3;2;4;5;2;6;6;1;20;-4.993767902951518;7;-3.9599370501602444;4;25;4;6;0;4;12;4;19;3;6;5;2;4;11;5;6;22;2.571839760236076
TRACK:1895;1505;1424;1;6;2;3;3;0;2;2;1;12;12;5;13;5;4;1;9;10;6;1;2;1;14;21;-1.1264695735894386;6;23;-0.9316516044441946;0;0;19;11;4;8;1;1;4;3;3;0;1;22;6.077207254425505;19;1;12;12;16;4;5;2;0;21;4.828428278297536;12;5;10;2;3;2;22;2.571839760236076;4;6;0;4;12;4;19;3;6;5;2;4;11;5;6;22;2.8036288404563257
TRACK:1896;1548;1600;1;6;2;3;3;0;2;2;1;12;1;18;7;9.698475321725876;5;13;5;4;1;9;10;6;1;2;1;14;21;-0.7931533915108596;6;23;-1.2645312251167868;0;0;19;11;6;23;-0.917556951175668;1;1;4;3;3;0;1;22;6.190169659759275;19;1;12;12;16;4;5;2;0;21;4.709241011428589;3;15;5;10;2;3;2;4;5;2;6;6;1;20;-4.980964788325845;7;-3.9729655634200314;4;25;4;6;0;4;12;4;19;3;6;5;2;4;1;24;12;5;6;22;2.500693264235406
TRACK:1897;1548;1600;1;6;2;3;3;0;2;2;1;6;23;-1.0552499576056849;1;24;7;9.698475321725876;5;13;5;4;1;9;10;6;1;2;1;14;21;-1.3024100138841543;6;23;-0.917556951175668;0;0;19;11;4;8;1;1;4;3;3;0;1;22;6.4418751699457095;19;1;12;12;16;4;5;2;0;21;4.663978600223999;3;8;5;21;-0.2640505045812979;2;3;2;4;2;1;1;3;7;-5.897883138699482;3;14;3;5;14;6;5;5;19;4;5;6;0;1;14;21;-0.9429073026174936;16;3;6;5;2;4;17;5;6;22;2.6801205743336927
TRACK:1898;1507;1486;1;6;2;3;3;0;2;2;1;6;23;-0.8798901572150347;1;24;12;5;13;5;4;1;9;10;6;1;2;1;14;21;-1.1681125064898208;6;23;-0.7045825983866503;0;0;19;11;4;8;1;1;4;3;3;0;1;22;6.360537530127731;19;1;12;12;16;4;5;2;0;21;4.729097054602055;3;8;5;21;-0.3769631246033733;2;3;2;4;5;1;2;6;0;25;16;6;1;25;25;5;1;18;7;9.743113594750476;4;5;6;0;25;16;3;6;5;2;4;11;5;6;22;2.829429166387758
TRACK:1899;1507;1486;1;6;2;3;3;0;2;2;1;12;1;18;7;9.743113594750476;5;13;5;4;1;9;10;6;1;2;1;14;21;-1.0129174398504373;6;23;-1.0314284576966883;0;0;19;11;4;8;1;1;21;4.729097054602055;16;4;5;2;0;21;4.7423132612071655;12;5;10;2;3;2;4;5;2;6;6;1;20;-4.84927075956137;7;-3.8912641915691766;0;2;4;17;4;22;-7.571510191190154;0;25;16;4;6;0;4;12;4;19;3;6;5;2;4;11;5;6;22;2.808105114061211
TRACK:1900;1890;-1;1;6;2;3;3;0;2;2;1;6;23;-0.9512470229179689;1;24;12;5;13;5;4;1;9;10;6;1;2;1;14;21;-0.9636349612084973;6;23;-0.899421026237686;0;0;19;11;4;8;1;1;1;1;2;0;4;19;6;12;4;1;10;20;0.5879159126303453;0;1;4;7;7.583836266776473;3;22;9.60838198151627;4;2;23;0.42303577483235166;17;5;5;0;6;20;-1.5584153780153702;3;14;16;4;5;2;0;21;4.626030610020976;12;5;21;-0.31260739589863357;2;3;2;4;5;1;2;6;0;25;16;6;1;25;25;5;5;3;12;4;5;6;0;25;16;3;6;5;2;4;11;5;6;22;2.902864464144336
TRACK:1901;1892;-1;1;6;2;3;3;0;2;2;1;12;1;18;7;9.55385629662587;5;13;5;4;1;9;10;6;1;2;1;14;21;-1.154723546474206;6;23;-0.8279979922813592;0;0;19;11;4;8;1;1;4;3;3;0;1;22;6.153818817729631;19;1;12;12;16;4;5;2;0;21;4.935329111380145;4;12;5;10;2;3;2;4;5;2;6;6;1;20;-4.781185882875911;7;-4.068857204301214;0;2;4;17;4;22;-7.6234160176702375;0;1;22;-1.4827568562392361;8;16;4;6;0;4;12;5;10;3;5;6;22;2.8450368259298333
TRACK:1902;1894;-1;1;6;2;3;3;0;0;1;22;4.274433568527813;9;2;8;18;6;1;2;1;14;21;-0.9936862769442829;6;23;-1.1994638849798678;0;0;19;11;4;8;1;1;4;3;3;0;1;22;5.971979066724376;7;-3.864924598300132;1;12;12;16;4;5;2;0;21;4.653000082873119;12;5;10;2;3;2;4;5;2;6;6;1;20;-4.880332411746694;7;-4.059807816585042;4;25;4;6;0;4;12;4;19;3;6;5;2;4;11;5;6;22;2.5662666429103917
TRACK:1903;1896;-1;1;6;2;3;3;0;2;2;1;12;1;18;7;9.658917084215188;5;13;5;4;1;9;10;6;1;1;19;19;0;0;19;11;6;23;-0.9809876087396214;1;1;4;3;3;0;1;22;6.2364436789550926;19;1;12;12;16;4;5;2;0;21;4.673106389816231;3;15;5;10;2;3;2;4;5;2;6;6;1;20;-5.0070546682298565;7;-4.027931290533611;4;25;4;6;0;4;12;4;19;3;6;5;2;4;1;24;12;5;6;22;2.438459633451708
TRACK:1904;1898;-1;1;6;2;3;3;0;2;2;1;6;23;-0.9985318975715913;1;24;12;5;13;5;4;1;9;10;6;1;2;1;14;21;-1.1903340918156249;6;23;-0.5454407352042528;0;0;19;11;4;8;1;1;4;3;3;0;1;22;6.344868715452529;19;1;12;12;16;4;5;2;0;21;4.747155897545653;3;8;5;21;-0.28351987915611404;2;3;2;4;5;1;2;6;0;25;16;6;1;25;12;5;1;18;7;9.759697175174539;4;5;6;0;25;16;3;6;5;2;4;11;5;6;22;2.767029171712248
TRACK:1905;1891;-1;1;6;2;3;3;0;2;2;1;12;1;18;7;9.627245390551979;5;13;5;4;1;9;10;6;1;2;1;14;21;-0.811558183208245;6;23;-1.1692447243093476;0;0;19;11;4;8;1;1;4;3;3;0;1;22;6.432082115708928;19;1;12;12;16;4;5;2;0;21;4.6055351289548;3;15;5;10;2;0;4;4;3;5;5;2;25;21;6.0072153360633;0;4;5;5;0;0;17;7;9.951363721861675;5;11;5;2;1;1;0;7;3.4992420028836246;13;0;14;9;4;6;20;9.48026997427132;3;6;1;25;23;-6.296517423391144;3;6;5;2;4;1;24;12;5;6;22;2.467591623673969
TRACK:1906;1893;-1;1;6;2;3;3;0;2;2;1;6;23;-0.7519736053025623;1;24;12;5;13;5;4;1;9;10;6;1;2;1;14;21;-1.0555847498889186;6;23;-0.6293305754907731;0;0;19;11;4;8;6;5;6;0;5;0;24;9;5;5;8;2;3;2;4;5;1;2;6;0;25;16;6;12;5;5;7;-3.8003513090052414;4;5;6;0;25;16;3;6;5;2;4;11;5;6;22;3.0164873510561914
TRACK:1907;1895;-1;1;6;2;3;3;0;2;2;1;12;12;5;13;5;4;1;9;10;6;1;2;1;14;21;-1.2260154982705351;6;23;-0.8279223538062396;0;0;19;11;4;8;1;1;4;3;3;0;1;22;6.040175386268315;19;1;12;12;16;4;5;2;0;21;4.780226753521916;12;5;10;2;3;2;22;2.4859960001670616;1;0;4;7;-6.042856003016242;0;16;14;5;4;22;-4.14794795676449;3;6;5;2;4;11;5;6;22;2.4898555120754087
TRACK:1908;1897;-1;1;6;2;0;1;1;0;1;1;17;17;1;12;16;6;3;23;-9.088091133078715;4;5;5;22;4.75282230897742;1;3;4;4;8;6;1;6;24;1;18;17;1;2;4;4;6;24;0;6;0;16;24;0;1;9;18;0;11;21;0.09114732132518455;0;0;3;5;13;6;3;16;1;5;6;15;0;6;15;6;7;6.3278356759354395;1;1;4;3;3;0;1;22;6.3354727683637755;19;1;12;12;16;4;5;2;0;21;4.678582408677454;3;8;5;21;-0.449189458153823;2;3;2;4;2;1;1;3;7;-5.9214914965333305;3;14;3;5;14;6;5;5;19;4;5;6;0;1;14;21;-0.8077459536261532;16;3;6;5;2;4;17;5;6;22;2.8760984989801943
TRACK:1909;1899;-1;1;6;2;3;3;0;2;2;1;12;1;18;7;9.737939804289478;5;13;5;4;1;9;10;6;1;2;1;14;21;-1.1679387808386177;6;23;-1.1597850694987752;0;0;19;11;4;8;1;1;21;4.74114782418643;16;4;5;2;0;21;4.704012986003319;12;5;10;2;3;2;4;5;6;5;0;3;15;6;9;4;6;0;4;12;4;19;3;6;5;2;4;11;5;6;22;2.8967931060328143
EVAL_INSTANCE:95:0:1900
EVAL_INSTANCE:95:1:1901
EVAL_INSTANCE:95:2:1902
EVAL_INSTANCE:95:3:1903
EVAL_INSTANCE:95:4:1904
EVAL_INSTANCE:95:5:1905
EVAL_INSTANCE:95:6:1906
EVAL_INSTANCE:95:7:1907
EVAL_INSTANCE:95:8:1908
EVAL_INSTANCE:95:9:1909
RUN_RESULT:95:0:0:2000:----
RUN_RESULT:95:1:0:66:RRURUUDDRUUDDD
RUN_RESULT:95:2:0:2000:----
RUN_RESULT:95:3:0:1099:RRURUUDDRUUDDD
RUN_RESULT:95:4:0:66:RRURUUDDRUUDDD
RUN_RESULT:95:5:0:68:RRURUUDDRUUDDD
RUN_RESULT:95:6:0:2000:----
RUN_RESULT:95:7:0:2000:----
RUN_RESULT:95:8:0:2000:----
RUN_RESULT:95:9:0:2000:----
    96 |      960 | -3.934000E+03 | -3.934000E+03
TRACK:1910;1486;1600;1;6;2;3;3;0;2;2;1;12;1;18;7;9.743113594750476;5;13;5;4;1;9;10;6;1;2;1;14;21;-1.0129174398504373;6;14;0;0;19;11;4;8;1;1;4;3;3;0;1;22;6.124443140157382;19;1;12;12;16;4;5;2;0;21;4.7423132612071655;12;5;10;2;3;2;4;5;2;6;6;1;20;-4.84927075956137;7;-3.8912641915691766;0;2;4;17;4;22;-7.571510191190154;0;25;16;4;6;0;4;12;4;19;3;6;5;2;4;11;5;6;22;2.808105114061211
TRACK:1911;1486;1600;1;6;2;3;3;0;2;2;1;6;23;-1.0552499576056849;1;24;12;5;13;5;4;1;9;10;6;1;2;1;14;21;-1.3024100138841543;6;23;-0.917556951175668;0;0;19;11;4;8;1;1;4;1;9;10;16;4;5;2;0;21;4.663978600223999;3;8;5;21;-0.2640505045812979;2;3;2;4;2;1;1;3;7;-5.897883138699482;3;14;3;5;14;6;5;5;19;4;5;6;0;1;14;21;-0.9429073026174936;16;3;6;5;2;4;17;5;6;22;2.6801205743336927
TRACK:1912;1507;1585;1;6;2;3;3;0;2;2;1;6;23;-0.8798901572150347;1;24;12;5;13;5;4;1;9;10;6;1;2;1;14;21;-1.1681125064898208;6;23;-0.7045825983866503;0;0;19;11;4;8;1;1;4;3;3;0;1;22;6.360537530127731;19;1;12;12;16;4;5;2;0;21;4.729097054602055;3;8;5;21;-0.3769631246033733;2;3;2;4;5;1;2;6;0;25;16;6;1;25;25;5;5;7;-3.864265912968241;4;5;6;0;25;16;3;6;5;2;4;11;5;6;1;24;12
TRACK:1913;1507;1585;1;6;2;3;3;0;2;2;1;12;1;18;7;9.694240233117922;5;13;5;4;1;12;10;6;1;2;1;14;21;-0.7284128233233558;6;23;-1.2096410518955074;0;0;19;11;4;8;1;1;4;3;3;0;1;22;6.1559383399074115;19;1;12;12;16;0;4;3;2;15;16;2;4;1;22;2.19772701005391;9;5;1;20;3.0208833473990726;23;-2.25604293992369;2;3;2;4;5;2;6;6;1;20;-5.058371963427224;7;-3.888842537975829;4;25;4;6;0;4;12;4;19;3;6;5;2;4;1;24;12;5;6;22;2.447859182825572
TRACK:1914;1584;1507;1;6;2;3;3;0;2;2;1;6;23;-0.9942855523542317;1;24;12;5;13;5;4;1;9;10;6;1;2;1;14;21;-1.1224089539377393;6;23;-0.7486514400596553;0;0;19;11;4;8;1;1;4;3;3;0;1;22;6.357556232769309;19;1;12;12;16;4;5;2;0;21;4.617496447359084;3;8;5;21;-0.21826527643030605;12
TRACK:1915;1584;1507;1;6;2;3;3;0;2;2;1;6;23;-0.8798901572150347;1;24;12;5;13;5;4;1;9;10;6;1;2;1;8;21;-1.1681125064898208;6;23;-0.7045825983866503;0;0;19;11;4;8;1;1;4;3;3;0;1;22;6.360537530127731;19;1;12;12;16;4;5;2;0;21;4.729097054602055;3;8;5;21;-0.3769631246033733;2;3;2;4;5;1;2;6;0;25;16;6;1;25;25;5;5;7;-3.864265912968241;4;5;6;0;25;16;3;6;5;2;4;11;5;6;22;2.829429166387758
TRACK:1916;1600;1581;1;6;2;3;3;0;2;2;1;6;23;-1.0552499576056849;1;24;12;5;13;5;4;1;18;10;6;1;2;1;14;21;-1.3024100138841543;6;23;-0.917556951175668;0;0;19;11;4;8;1;1;4;3;3;0;1;22;6.4418751699457095;19;1;12;12;16;4;5;2;0;21;4.663978600223999;3;8;5;21;-0.2640505045812979;2;3;2;4;2;1;1;3;7;-5.897883138699482;3;14;3;5;14;6;5;5;19;4;5;6;0;1;14;21;-0.9429073026174936;16;3;6;5;2;4;17;5;6;22;2.6801205743336927
TRACK:1917;1600;1581;1;6;2;3;3;0;2;2;1;12;1;18;7;9.670196278015231;5;13;5;4;1;9;10;6;1;2;1;14;21;-0.9829935667052744;5;13;0;0;19;11;4;8;1;1;4;3;3;0;1;22;6.079153276300222;19;1;12;12;16;4;5;2;0;21;4.865514616586923;4;12;5;10;2;3;2;4;5;2;6;6;1;20;-4.8791074482914105;7;-3.951125383895761;0;2;4;17;4;22;-7.671107335442041;0;25;16;4;6;0;4;12;5;10;3;6;5;2;4;11;5;6;22;2.7282990284474975
TRACK:1918;1424;1585;1;6;2;3;3;0;2;2;1;12;12;5;13;5;4;1;9;10;6;1;2;1;14;21;-1.1264695735894386;6;23;-0.9316516044441946;0;0;19;11;4;8;1;6;1;2;1;14;21;-0.7284128233233558;6;23;-1.2096410518955074;0;0;19;11;4;8;4;5;2;0;21;4.828428278297536;12;5;10;2;3;2;4;5;2;6;6;1;20;-4.594025358997871;7;-3.8765575731336988;0;2;4;17;4;22;-7.710841834005764;4;4;15;4;6;0;4;12;4;19;3;6;5;2;4;11;5;6;22;2.8036288404563257
TRACK:1919;1424;1585;1;6;2;3;3;0;4;12;4;19;1;1;4;3;3;0;1;22;6.1559383399074115;19;1;12;12;16;0;4;3;2;15;16;2;4;1;22;2.19772701005391;9;5;1;20;3.0208833473990726;23;-2.25604293992369;2;3;2;4;5;2;6;6;1;20;-5.058371963427224;7;-3.888842537975829;4;25;4;6;0;4;12;4;19;3;6;5;2;4;1;24;12;5;6;22;2.447859182825572
TRACK:1920;1910;-1;1;6;2;3;3;0;2;2;1;12;1;18;7;9.745879228644354;5;13;5;4;1;9;10;6;1;2;1;14;21;-0.858648573460157;6;14;0;0;19;11;4;8;1;1;4;3;3;0;1;22;6.158307627620882;19;1;12;12;16;4;5;2;0;21;4.715616299930228;12;5;10;2;3;2;4;5;2;6;6;1;20;-4.838882059629517;7;-4.015626123208266;0;2;4;17;4;22;-7.559142325999176;0;25;5;8;4;6;0;4;12;4;19;3;6;5;2;4;11;5;6;22;2.789524233481895
TRACK:1921;1912;-1;1;6;2;3;3;0;2;2;1;6;23;-0.8490689831406105;1;24;12;5;13;5;4;1;9;10;6;1;2;1;14;21;-1.1909253737049936;6;23;-0.668507428106396;0;0;19;11;4;8;1;1;4;3;3;0;1;7;-1.0874135408316334;19;1;12;12;16;4;5;2;0;21;4.646931400036243;3;8;5;21;-0.5279218117167839;2;3;2;4;5;1;2;6;0;25;16;6;1;25;25;5;5;7;-3.8214025441077633;4;5;6;0;25;16;3;6;5;2;4;11;5;6;1;24;12
TRACK:1922;1914;-1;1;6;1;4;0;1;2;3;6;18;4;4;21;0.3196471599710229;2;4;4;19;1;5;9;2;8;19;1;0;0;1;13;7;1.549127425907928;3;17;1;1;7;5.084515142963706;20;6.521323135244131;3;11;0;6;4;15;2;3;25;3;24;6;5;5;1;2;6;15;6;16;3;4;25;12
TRACK:1923;1916;-1;1;6;2;3;3;0;2;2;1;6;23;-1.0401015242488816;1;24;12;5;13;5;4;1;18;10;6;1;2;1;14;21;-1.1259144449905667;4;9;0;0;19;11;4;8;1;1;4;3;3;0;1;22;6.555236211258396;19;1;12;12;16;4;5;2;0;21;4.762572968432251;3;8;5;21;-0.5101512706639127;2;3;2;4;2;1;1;3;7;-5.83915559577263;3;14;3;5;14;6;5;5;19;4;5;6;0;1;14;21;-0.8542693572481459;16;3;6;5;2;4;17;5;6;22;2.682483038164708
TRACK:1924;1918;-1;1;6;2;3;3;0;2;2;1;12;12;5;13;5;4;1;9;10;6;1;2;1;14;21;-1.276748505178605;6;23;-0.9431047702300944;0;0;19;11;4;8;1;6;1;2;1;14;21;-0.752016544637803;6;23;-1.2644804568437646;0;0;19;11;4;8;4;5;2;0;21;4.903354235685383;12;5;10;2;3;2;4;5;2;6;6;1;20;-4.586270701623988;7;-3.8098711299043346;0;2;4;17;4;22;-7.723822437595964;4;4;15;4;6;0;4;0;13;13;4;19;3;6;5;2;4;11;5;6;22;2.750173891695517
TRACK:1925;1911;-1;1;6;2;3;3;0;2;2;1;6;23;-0.913818703875131;1;24;12;5;13;5;4;1;9;10;6;1;2;1;14;21;-1.3584004509667833;6;23;-0.9659896659359469;0;0;19;11;4;8;1;1;4;1;9;10;16;4;5;2;0;21;4.610250573583511;3;2;16;8;5;21;-0.15320218236709937;2;3;2;4;2;1;1;3;7;-5.8881805643451575;3;14;3;5;14;6;5;5;19;4;5;6;0;1;14;21;-0.9462839589047253;16;3;6;5;2;4;17;5;6;22;2.8400630219487373
TRACK:1926;1913;-1;1;6;2;3;3;0;2;2;1;12;1;18;7;9.791168671136518;5;13;5;4;1;12;10;6;1;2;1;14;21;-0.8270894531117874;6;23;-1.2305530782746217;0;0;19;11;4;8;1;1;4;3;3;0;1;22;6.3033806873024405;19;4;17;16;0;4;3;2;15;16;2;4;1;22;2.293107977820783;9;5;1;20;3.2380442472520383;23;-2.239905319645456;2;3;2;4;5;2;6;6;1;20;-5.198438580837816;7;-3.8743791536831838;4;25;4;6;0;4;12;4;19;3;6;5;2;4;1;24;12;5;6;22;2.2664797463030384
TRACK:1927;1915;-1;1;6;2;3;3;0;2;2;1;6;23;-0.9196278901726871;1;24;12;5;13;5;4;1;9;10;6;1;2;1;8;21;-1.230196898868933;6;23;-0.70224650757183;0;0;19;11;4;8;1;1;4;3;3;0;1;22;6.408513165696396;19;1;12;12;16;4;5;2;0;21;4.747238723126981;3;8;5;21;-0.23298254698012938;2;3;2;4;5;1;2;6;0;25;16;6;1;25;25;5;5;7;-4.117682138639604;4;5;6;3;7;9.313174671986658;3;6;5;2;4;11;5;6;22;2.9509848377528085
TRACK:1928;1917;-1;1;6;2;3;3;0;2;2;1;12;1;18;7;9.706735889474752;5;13;5;4;1;9;10;6;1;2;1;14;21;-0.960274794609204;5;13;0;0;19;11;4;8;1;2;5;2;1;10;18;1;22;-6.366839094930703;12;1;5;2;8;15;2;0;24;19;1;12;25;4;5;2;0;21;4.782337260414086;4;12;5;10;2;3;2;4;5;2;6;6;1;20;-4.893700262308844;7;-3.9819432234762995;0;2;4;17;4;22;-7.74061945982134;0;25;16;4;6;0;4;12;5;10;3;6;5;2;4;11;5;6;22;2.7134301607399176
TRACK:1929;1919;-1;1;6;2;3;3;0;4;12;4;19;1;1;4;3;3;0;1;22;6.291989778933166;19;1;12;12;16;0;4;3;2;15;16;2;4;1;22;2.30673264519671;9;5;1;20;2.858051901122866;23;-2.330946049569145;2;3;2;4;5;2;6;6;1;20;-5.046972470085442;7;-3.787392941308494;5;3;3;8;4;6;0;4;12;4;19;3;6;5;2;4;1;24;12;5;6;22;2.177755296789799
EVAL_INSTANCE:96:0:1920
EVAL_INSTANCE:96:1:1921
EVAL_INSTANCE:96:2:1922
EVAL_INSTANCE:96:3:1923
EVAL_INSTANCE:96:4:1924
EVAL_INSTANCE:96:5:1925
EVAL_INSTANCE:96:6:1926
EVAL_INSTANCE:96:7:1927
EVAL_INSTANCE:96:8:1928
EVAL_INSTANCE:96:9:1929
RUN_RESULT:96:0:0:529:RRURUUDDRUUDDD
RUN_RESULT:96:1:0:99:URRRUUDDRUUDDD
RUN_RESULT:96:2:0:2000:----
RUN_RESULT:96:3:0:1097:RRURUUDDRUUDDD
RUN_RESULT:96:4:0:2000:----
RUN_RESULT:96:5:0:2000:----
RUN_RESULT:96:6:0:66:RRURUUDDRUUDDD
RUN_RESULT:96:7:0:2000:----
RUN_RESULT:96:8:0:2000:----
RUN_RESULT:96:9:0:1124:RRURUUDDRUUDDD
    97 |      970 | -3.934000E+03 | -3.934000E+03
TRACK:1930;1548;1581;1;6;2;3;3;0;2;2;1;12;1;18;7;9.698475321725876;5;13;5;6;1;20;-4.8791074482914105;7;-3.951125383895761;6;1;2;1;14;21;-0.7931533915108596;6;23;-1.2645312251167868;0;0;19;11;4;8;1;1;4;3;3;0;1;22;6.190169659759275;19;1;12;12;16;4;5;2;0;21;4.709241011428589;3;15;5;10;2;3;2;4;5;2;6;6;1;20;-4.980964788325845;7;-3.9729655634200314;4;25;4;6;0;4;12;4;19;3;6;5;2;4;1;24;12;5;6;22;2.500693264235406
TRACK:1931;1548;1581;1;6;2;3;3;0;2;1;12;1;18;7;9.698475321725876;5;4;1;9;10;6;1;2;1;14;21;-0.9829935667052744;6;23;-0.8280995406522216;0;0;19;11;4;8;1;1;4;3;3;0;1;22;6.079153276300222;19;1;12;12;16;4;5;2;0;21;4.865514616586923;4;12;5;10;2;3;2;4;5;2;6;6;1;20;-4.8791074482914105;7;-3.951125383895761;0;2;4;17;4;22;-7.671107335442041;0;25;16;4;6;0;4;12;5;10;3;6;5;2;4;11;5;6;22;2.7282990284474975
TRACK:1932;1585;1201;1;6;2;3;3;0;2;2;1;12;1;18;7;9.694240233117922;5;13;5;4;1;9;10;6;1;2;1;14;21;-0.7284128233233558;6;23;-1.2096410518955074;0;0;19;11;4;8;1;1;4;3;3;0;1;22;6.1559383399074115;19;1;12;12;16;0;4;3;2;15;16;2;4;1;22;2.19772701005391;9;5;1;20;3.0208833473990726;23;-2.25604293992369;2;1;24;12;3;6;5;2;4;1;24;12;5;6;22;2.447859182825572
TRACK:1933;1585;1201;1;6;2;3;3;0;2;2;1;6;23;-0.8505500683502056;1;24;12;5;13;5;4;1;9;10;6;1;2;1;14;21;-1.1385438819807014;6;23;-0.86849873175683;0;0;19;11;4;8;1;1;4;3;3;0;1;22;6.295694983885563;19;1;12;12;16;4;5;2;0;21;4.621591656125754;12;5;21;-0.32479583455293387;2;3;2;4;5;1;2;6;0;25;16;6;1;25;25;5;5;3;12;4;5;6;0;25;16;11
TRACK:1934;1600;1600;1;6;2;3;3;0;2;2;1;6;23;-1.0552499576056849;1;24;12;5;13;5;4;1;9;10;6;1;2;1;14;21;-1.3024100138841543;6;23;-0.917556951175668;0;0;19;11;4;8;2;4;2;1;1;3;7;-5.897883138699482;3;14;3;5;14;6;5;5;19;4;5;6;0;1;14;21;-0.9429073026174936;16;2;3;2;4;2;1;1;3;7;-5.897883138699482;3;14;3;5;14;6;5;5;19;4;5;6;0;1;14;21;-0.9429073026174936;16;3;6;5;2;4;17;5;6;22;2.6801205743336927
TRACK:1935;1600;1600;1;6;2;3;3;0;2;2;1;6;23;-1.0552499576056849;1;24;12;5;13;5;4;1;9;10;6;1;2;1;14;21;-1.3024100138841543;6;23;-0.917556951175668;0;0;19;11;4;8;1;1;4;3;3;0;1;22;6.4418751699457095;19;1;12;12;16;4;5;2;0;21;4.663978600223999;3;8;5;21;-0.2640505045812979;2;3;2;4;2;1;1;22;2.6801205743336927;3;14;3;5;14;6;5;5;19;4;5;6;0;1;14;21;-0.9429073026174936;16;3;6;5;2;4;17;5;6;22;2.6801205743336927
TRACK:1936;1507;1201;1;6;2;3;3;0;2;2;1;6;23;-0.8798901572150347;1;24;12;5;13;5;4;1;9;10;21;-1.1385438819807014;1;1;4;3;3;0;1;22;6.360537530127731;19;1;12;12;16;4;5;2;0;21;4.729097054602055;3;8;5;21;-0.3769631246033733;2;3;2;4;5;1;2;6;0;25;16;6;1;25;25;5;5;7;-3.864265912968241;4;5;6;0;25;16;3;6;5;2;4;11;5;6;22;2.829429166387758
TRACK:1937;1507;1201;1;6;2;3;3;0;2;2;1;6;23;-0.8505500683502056;1;24;12;5;13;5;4;1;9;10;6;1;2;1;14;21;-1.1385438819807014;6;23;-0.86849873175683;0;0;19;11;4;8;1;1;4;3;3;0;1;22;6.295694983885563;19;1;12;12;16;4;5;2;0;21;4.621591656125754;12;5;21;-0.32479583455293387;2;3;2;4;5;1;2;6;0;25;16;6;1;25;25;5;5;3;12;4;5;6;0;25;16;3;6;5;2;4;11;5;6;22;2.7499413106971184
TRACK:1938;1505;1424;1;6;2;3;3;0;2;2;1;12;1;18;7;9.741935353742997;5;13;5;4;1;9;10;6;1;2;4;12;6;23;-1.113778233473682;0;0;19;11;4;8;1;1;4;3;3;0;1;22;6.066408632691206;19;1;12;12;16;4;5;2;0;21;4.66071307458395;12;5;10;2;3;2;4;5;2;6;6;1;20;-4.993767902951518;7;-3.9599370501602444;4;25;4;6;0;4;12;4;19;3;6;5;2;4;11;5;6;22;2.571839760236076
TRACK:1939;1505;1424;1;6;2;3;3;0;2;2;1;12;12;5;13;5;4;1;9;10;6;1;2;1;14;21;-1.1264695735894386;6;23;-0.9316516044441946;0;0;19;11;4;8;1;1;4;3;3;0;1;22;6.077207254425505;19;1;12;12;16;4;5;2;0;21;4.828428278297536;12;5;10;2;3;2;4;5;2;6;6;1;20;-4.594025358997871;7;-3.8765575731336988;0;2;4;17;4;25;4;4;15;4;6;0;4;12;4;19;3;6;5;2;4;11;5;6;22;2.8036288404563257
TRACK:1940;1930;-1;1;6;2;3;3;0;2;2;1;12;1;18;7;9.79907187691251;5;13;5;6;1;20;-4.831265245191702;7;-4.120380668741488;6;1;2;1;14;21;-0.9170401718742986;6;23;-1.3051401778308855;0;0;11;11;4;8;1;1;4;3;3;0;1;22;6.202249508651511;19;1;12;12;16;4;5;2;0;21;4.516985660902258;3;15;5;10;2;3;2;4;5;2;6;6;1;20;-5.056999796895617;7;-3.9840895650185586;4;25;4;6;0;4;12;4;19;3;6;5;2;4;1;24;12;5;6;22;2.491165525620855
TRACK:1941;1932;-1;1;6;2;3;3;0;2;2;1;12;1;18;7;9.657128670830495;5;13;5;4;1;9;10;6;1;2;1;14;21;-0.6806916244771222;6;23;-1.2370762724112976;0;0;19;11;4;8;1;1;4;3;3;0;1;22;6.109857651132478;12;1;12;12;16;0;4;3;2;15;16;2;4;1;22;2.1440110091941484;9;5;1;20;3.0001019739745907;23;-2.3807255036081036;2;1;24;12;3;6;5;2;4;1;24;12;5;6;22;2.4781412813981407
TRACK:1942;1934;-1;1;6;2;3;3;0;2;2;1;6;23;-1.0193301750384298;1;24;12;5;13;5;4;1;9;10;6;1;2;1;14;21;-1.2567158171882165;6;23;-0.9353014093524652;0;0;19;11;4;8;2;4;2;1;1;3;7;-5.956144649099358;3;14;3;5;14;6;5;5;19;4;5;6;0;1;14;21;-1.066875633905424;16;2;3;2;4;2;1;1;3;7;-5.949278529818989;3;14;3;5;14;6;5;5;19;4;5;6;0;1;14;21;-0.8153826648892977;16;3;6;5;2;5;9;5;6;22;2.6200468999196462
TRACK:1943;1936;-1;1;6;2;3;3;0;2;2;1;6;23;-1.010438724817882;1;24;12;5;13;5;4;1;9;10;21;-1.159296380501648;1;1;4;3;3;6;14;16;4;5;2;0;21;4.764250620090065;3;8;5;21;-0.2727875043237237;2;3;2;4;5;1;2;6;0;25;16;6;1;25;25;5;5;7;-3.7427787118927665;4;5;6;0;25;16;3;6;5;2;4;11;5;6;22;2.8064380130524182
TRACK:1944;1938;-1;1;6;2;3;3;0;2;2;1;12;1;18;7;9.805739836462624;5;13;5;4;1;9;10;6;1;2;4;12;6;23;-1.0606860710553354;0;0;19;11;4;8;1;1;4;3;3;0;1;22;6.141089985217446;19;1;12;12;16;4;5;2;0;21;4.667830821731908;12;5;10;2;3;2;4;5;2;6;6;1;20;-5.192381995305166;20;0.4219666683704659;4;25;4;6;0;4;12;4;19;3;6;5;2;4;11;5;6;22;2.588320977598366
TRACK:1945;1931;-1;1;6;2;3;3;0;2;1;12;1;18;7;9.685852422684869;5;4;1;9;10;6;1;2;1;14;21;-1.0911612530783077;6;23;-0.8449858590618802;0;0;19;11;4;8;1;1;4;3;3;0;1;22;6.078458468516961;19;1;12;12;16;4;5;2;0;21;4.648473687120226;4;12;5;10;2;3;2;4;5;2;6;6;1;20;-4.8285775402029465;7;-3.987723212381524;0;2;4;22;0.6098455232291577;4;22;-7.631842428879436;0;25;16;4;6;0;4;12;5;10;3;6;5;2;4;11;5;6;22;2.7746492518273365
TRACK:1946;1933;-1;1;6;2;3;3;0;2;2;1;6;23;-0.7516912743630629;1;24;12;0;14;11;5;4;1;9;10;6;1;2;1;14;21;-1.02477745345999;6;23;-1.0736578345787997;0;0;19;11;4;8;1;1;4;3;3;0;1;22;6.444457663679064;19;1;12;12;16;4;5;2;0;21;4.70647380285367;12;5;21;-0.3141851994932786;2;3;2;4;5;1;2;6;0;25;16;6;1;25;25;5;5;3;12;4;5;6;0;25;16;11
TRACK:1947;1935;-1;1;6;2;3;3;0;2;2;1;6;23;-0.9770740699003257;1;24;12;5;13;5;4;1;9;10;6;1;2;1;14;21;-1.397869596959127;6;23;-0.8609488970915739;0;0;19;11;4;8;1;1;4;6;4;6;2;24;9;16;4;5;2;0;21;4.754003810356748;3;8;5;21;-0.3371120235862133;2;3;2;4;2;1;1;22;2.4231016234948335;3;14;3;5;14;6;5;5;19;4;5;6;0;1;14;21;-0.87738111404507;16;3;6;5;2;4;17;5;6;22;2.6200280146509156
TRACK:1948;1937;-1;1;6;2;3;3;0;2;2;1;6;23;-0.8548589517831926;1;24;12;5;13;5;4;1;9;10;6;1;2;1;14;21;-1.2627900696044532;6;23;-0.8232559239053342;0;0;19;11;4;8;1;1;1;0;4;16;0;16;16;5;6;19;16;4;5;2;0;21;4.518711160739844;12;5;21;-0.484504869716189;2;3;2;4;5;1;2;6;0;25;16;6;1;25;25;5;5;3;12;4;5;6;0;25;16;3;6;5;2;4;11;5;6;22;2.725662602464534
TRACK:1949;1939;-1;1;6;2;3;3;0;2;2;1;12;12;5;13;5;4;1;9;10;6;1;2;1;14;21;-1.1005648880372942;6;16;0;0;19;11;4;8;1;1;4;3;3;0;1;22;6.091909937802146;19;1;12;12;16;4;5;2;0;21;4.82759453261093;12;5;10;2;3;2;4;5;2;6;6;1;20;-4.520506054080306;7;-3.687275693479856;0;2;4;17;4;25;4;4;15;4;6;0;4;12;4;19;3;6;5;2;4;11;5;6;22;2.6585438088688136
EVAL_INSTANCE:97:0:1940
EVAL_INSTANCE:97:1:1941
EVAL_INSTANCE:97:2:1942
EVAL_INSTANCE:97:3:1943
EVAL_INSTANCE:97:4:1944
EVAL_INSTANCE:97:5:1945
EVAL_INSTANCE:97:6:1946
EVAL_INSTANCE:97:7:1947
EVAL_INSTANCE:97:8:1948
EVAL_INSTANCE:97:9:1949
RUN_RESULT:97:0:0:2000:----
RUN_RESULT:97:1:0:2000:----
RUN_RESULT:97:2:0:2000:----
RUN_RESULT:97:3:0:2000:----
RUN_RESULT:97:4:0:152:RRURUUDDRUUDDD
RUN_RESULT:97:5:0:68:RRURUUDDRUUDDD
RUN_RESULT:97:6:0:2000:----
RUN_RESULT:97:7:0:383:DRRRRRUUUDLUUDDLUUDDD
RUN_RESULT:97:8:0:2000:----
RUN_RESULT:97:9:0:2000:----
    98 |      980 | -3.934000E+03 | -3.934000E+03
TRACK:1950;1201;1584;1;6;2;3;3;0;2;2;1;6;23;-0.8505500683502056;1;24;12;5;13;5;4;1;9;10;6;1;2;1;14;21;-1.1385438819807014;6;23;-0.86849873175683;0;0;19;11;4;8;1;1;4;3;3;0;1;22;6.295694983885563;19;1;12;12;16;4;5;4;1;9;10;2;3;2;4;5;1;2;6;0;25;16;6;1;25;25;5;5;3;12;4;5;6;0;25;16;3;6;5;2;4;11;5;6;22;2.7499413106971184
TRACK:1951;1201;1584;1;6;2;3;3;0;2;2;1;6;23;-0.9942855523542317;1;24;12;5;13;5;4;1;9;10;6;1;2;1;14;21;-1.1224089539377393;6;23;-0.7486514400596553;0;0;19;11;4;8;1;1;4;3;3;0;1;22;6.357556232769309;19;1;12;12;16;4;5;2;0;21;4.617496447359084;3;8;5;21;-0.21826527643030605;2;3;2;4;5;1;2;6;0;25;11;6;1;25;25;5;5;7;-3.9065063614546283;4;5;6;0;25;16;3;6;5;2;4;17;5;4;1;9;10
TRACK:1952;1585;1548;1;6;2;3;3;2;0;21;4.709241011428589;3;15;5;10;1;1;4;3;3;0;1;22;6.1559383399074115;19;1;12;12;16;0;4;3;2;15;16;2;4;1;22;2.19772701005391;9;5;1;20;3.0208833473990726;23;-2.25604293992369;2;3;2;4;5;2;6;6;1;20;-5.058371963427224;7;-3.888842537975829;4;25;4;6;0;4;12;4;19;3;6;5;2;4;1;24;12;5;6;22;2.447859182825572
TRACK:1953;1585;1548;1;6;2;3;3;0;2;2;1;12;1;18;7;9.698475321725876;5;13;5;4;1;9;10;6;1;2;1;14;21;-0.7931533915108596;6;23;-1.2645312251167868;0;0;19;11;4;8;1;1;4;3;3;0;1;22;6.190169659759275;19;1;12;12;16;4;5;2;0;21;4.709241011428589;3;0;19;11;5;10;2;3;2;4;5;2;6;6;1;20;-4.980964788325845;7;-3.9729655634200314;4;25;4;6;0;4;12;4;19;3;6;5;2;4;1;24;12;5;6;22;2.500693264235406
TRACK:1954;1424;1201;1;6;2;3;3;0;2;2;1;12;12;5;13;5;4;1;9;10;6;1;2;1;14;21;-1.1264695735894386;6;23;-0.9316516044441946;0;0;19;11;4;8;1;1;4;3;3;0;1;22;6.077207254425505;19;1;12;12;16;4;5;2;0;21;4.828428278297536;12;5;10;2;3;2;4;5;2;6;6;1;20;-4.594025358997871;7;-3.8765575731336988;0;2;4;17;4;22;-7.710841834005764;4;4;15;4;6;0;4;12;4;19;3;6;5;4;1;9;10
TRACK:1955;1424;1201;1;6;2;3;3;0;2;2;1;6;23;-0.8505500683502056;1;24;12;5;13;5;4;1;9;10;6;1;2;1;14;21;-1.1385438819807014;6;23;-0.86849873175683;0;0;19;11;4;8;1;1;4;3;3;0;1;22;6.295694983885563;19;1;12;12;16;4;5;2;0;21;4.621591656125754;12;5;21;-0.32479583455293387;2;3;2;4;5;1;2;6;0;25;16;6;1;25;25;5;5;3;12;4;5;6;0;25;16;15
TRACK:1956;1507;1424;1;6;2;3;3;0;2;2;1;6;23;-0.8798901572150347;1;24;12;5;13;5;4;1;9;10;6;1;2;1;14;21;-1.1681125064898208;6;23;-0.7045825983866503;4;11;1;1;4;3;3;0;1;22;6.360537530127731;19;1;12;12;16;4;5;2;0;21;4.729097054602055;3;8;5;21;-0.3769631246033733;2;3;2;4;5;1;2;6;0;25;16;6;1;25;25;5;5;7;-3.864265912968241;4;5;6;0;25;16;3;6;5;2;4;11;5;6;22;2.829429166387758
TRACK:1957;1507;1424;1;6;2;3;3;0;2;2;1;12;12;5;13;5;4;1;9;10;6;1;2;1;14;21;-1.1264695735894386;6;23;-0.9316516044441946;0;0;19;11;4;8;1;1;4;3;3;0;1;22;6.077207254425505;19;1;12;12;16;4;5;3;0;1;22;6.360537530127731;19;1;12;12;2;3;2;4;5;2;6;6;1;20;-4.594025358997871;7;-3.8765575731336988;0;2;4;17;4;22;-7.710841834005764;4;4;15;4;6;0;4;12;4;19;3;6;5;2;4;11;5;6;22;2.8036288404563257
TRACK:1958;1581;1486;1;6;2;3;3;0;2;2;1;12;1;18;7;9.670196278015231;5;13;5;4;1;9;10;6;1;2;1;14;21;-0.9829935667052744;6;23;-0.8280995406522216;0;0;19;11;4;8;1;1;4;3;3;0;1;22;6.079153276300222;19;1;12;12;16;4;5;2;0;21;4.865514616586923;4;12;5;10;2;3;2;4;5;2;6;6;1;20;-4.8791074482914105;7;-3.951125383895761;0;2;4;17;4;22;-7.671107335442041;0;16;16;4;6;0;4;12;5;10;3;6;5;2;4;11;5;6;22;2.7282990284474975
TRACK:1959;1581;1486;1;6;2;3;3;0;2;11;5;4;1;9;10;6;1;2;1;14;21;-1.0129174398504373;6;23;-1.0314284576966883;0;0;19;11;4;8;1;1;4;3;3;0;1;22;6.124443140157382;19;1;12;12;16;4;5;2;0;21;4.7423132612071655;12;5;10;2;3;2;4;5;2;6;6;1;20;-4.84927075956137;7;-3.8912641915691766;0;2;4;17;4;22;-7.571510191190154;0;25;16;4;6;0;4;12;4;19;3;6;5;2;4;11;5;6;22;2.808105114061211
TRACK:1960;1950;-1;1;6;2;3;3;0;2;2;1;6;23;-0.9149456387246868;1;24;12;5;13;5;4;1;9;10;6;1;2;1;14;21;-1.1253921630639225;6;23;-0.9019076054151979;0;0;19;11;4;8;1;1;4;3;3;0;1;18;19;1;12;12;16;4;5;4;1;9;10;2;3;2;4;5;1;2;6;0;25;16;6;1;25;25;5;5;3;12;4;5;6;0;25;16;3;6;5;2;4;11;5;6;22;2.742180856879387
TRACK:1961;1952;-1;1;6;2;3;3;2;0;21;4.624371920409088;3;15;5;10;1;1;4;3;3;0;1;22;6.121950516336564;19;1;12;12;16;0;6;0;5;4;5;17;6;3;5;11;2;4;1;22;2.144185883358491;9;5;1;20;2.9872494452781524;23;-2.183426991708157;2;3;2;4;5;2;6;6;1;20;-5.103870340831464;7;-3.8707441632832227;4;25;4;6;0;4;12;4;19;3;6;5;2;4;1;24;12;5;6;22;2.5527681438312824
TRACK:1962;1954;-1;1;6;2;3;3;0;2;2;1;12;12;5;13;5;4;1;9;10;6;1;2;1;14;21;-1.1744679746957591;6;23;-0.9296726155888586;0;0;19;9;4;8;1;1;4;3;3;0;1;22;6.024153271892026;19;1;12;12;16;4;5;2;0;21;4.6706706924808;12;5;10;2;3;2;4;5;2;6;6;1;20;-4.554418904861097;7;-3.857403340449934;0;2;4;17;4;22;-7.824722408456944;4;4;15;4;6;0;4;12;4;19;3;6;5;4;1;9;10
TRACK:1963;1956;-1;1;6;2;3;3;0;2;2;1;6;23;-0.8505653179440772;1;24;12;5;13;5;4;1;9;10;6;1;2;1;14;21;-1.4015314589747228;6;23;-0.7184153140141994;4;11;1;1;4;3;3;0;1;22;6.390734768470113;19;1;12;12;16;4;5;2;0;21;4.637854671474106;3;8;5;21;-0.5062709324584254;2;3;2;4;5;1;2;6;0;25;16;6;1;25;25;5;5;7;-3.7647790330902056;4;5;6;0;25;16;3;6;5;2;4;0;6;2;25;18;1;0;8;10;2;9;19;5;6;22;2.8205173835703294
TRACK:1964;1958;-1;1;6;2;3;3;0;2;2;1;12;1;18;7;9.664025241835821;5;13;5;4;1;9;10;6;1;2;1;14;21;-1.0187141826394561;6;23;-0.6989707010325209;0;0;19;24;4;8;1;1;4;3;3;0;1;22;6.029270676549748;19;1;12;12;16;4;5;2;0;21;4.865828400054625;4;12;5;10;2;3;2;4;5;2;6;6;1;20;-4.791263151781053;7;-3.8194812982981468;0;2;4;17;4;22;-7.883296181292655;0;16;16;4;6;0;4;12;5;10;3;6;5;2;4;11;5;6;22;2.6898572895350688
TRACK:1965;1951;-1;1;6;2;3;3;0;2;2;1;6;23;-0.8679858184021485;1;24;12;6;21;7.013032563582847;5;4;1;9;10;6;1;2;1;14;21;-1.1317262679607067;6;23;-0.737885021642831;0;0;19;11;4;8;1;1;4;3;3;0;1;22;6.325303716636395;19;1;12;12;16;4;5;2;0;21;4.5261190448274915;3;8;5;21;-0.15469522758871512;2;3;2;4;5;1;2;6;0;25;11;6;1;25;25;5;5;7;-3.834846248565195;4;5;6;0;25;16;3;6;5;2;4;17;5;4;1;9;10
TRACK:1966;1953;-1;1;6;2;3;3;0;2;2;1;12;1;18;7;9.757985577029428;5;13;5;4;1;9;10;6;1;2;1;14;21;-0.8190124604060752;6;23;-1.0858767152674778;0;0;19;11;4;8;1;1;4;3;3;0;1;22;6.182912063654363;19;1;12;12;16;4;5;2;0;21;4.6689315156989615;3;0;19;11;5;10;2;3;2;4;5;2;6;6;1;20;-5.025175387546465;7;-3.998242201961706;4;25;4;1;1;0;4;17;2;15;13;1;5;16;1;10;16;6;6;5;21;4.963944618901937;3;6;5;2;4;1;24;12;5;6;22;2.4049844796045625
TRACK:1967;1955;-1;1;6;2;3;3;0;2;2;1;6;23;-0.8655466421064599;3;18;5;13;5;4;1;9;10;6;1;2;1;14;21;-1.1101372201208026;6;23;-0.9663678066508357;0;0;19;11;4;8;1;1;4;3;3;0;1;22;6.053249985249;19;1;12;12;16;4;5;2;0;21;4.746762997743191;12;5;21;-0.4338439667029054;2;3;2;4;5;1;2;6;0;25;16;6;1;25;25;5;5;3;12;4;5;6;0;25;16;15
TRACK:1968;1957;-1;1;6;2;3;3;0;2;2;1;12;12;5;13;5;2;22;4.335551796330659;16;6;1;2;1;14;21;-1.2025991938555425;6;23;-0.8560693811176077;0;0;19;11;4;8;1;1;4;3;3;0;1;22;6.146088274262845;19;1;12;12;16;4;5;3;0;1;22;6.20648351419647;19;1;12;12;2;3;2;4;5;2;6;6;1;20;-4.723255211124196;7;-3.767063683272041;0;2;4;17;4;22;-7.7444698811093415;4;4;15;4;6;0;4;12;4;19;3;6;5;2;4;11;5;6;22;2.767321725531514
TRACK:1969;1959;-1;1;6;2;3;3;0;2;11;5;4;1;9;10;6;1;2;1;14;21;-0.7666294741293644;6;23;-1.1751769691409222;0;0;19;11;4;8;1;1;4;3;3;0;1;22;5.932088240666249;19;1;12;12;16;4;5;2;0;21;4.7094283240168595;12;5;10;2;3;2;4;5;2;6;6;1;20;-4.968618745069196;7;-3.7803262988146678;0;2;4;17;4;22;8.836733447599489;0;25;16;4;6;0;4;12;4;19;3;6;5;2;4;11;5;6;22;2.8013493372833578
EVAL_INSTANCE:98:0:1960
EVAL_INSTANCE:98:1:1961
EVAL_INSTANCE:98:2:1962
EVAL_INSTANCE:98:3:1963
EVAL_INSTANCE:98:4:1964
EVAL_INSTANCE:98:5:1965
EVAL_INSTANCE:98:6:1966
EVAL_INSTANCE:98:7:1967
EVAL_INSTANCE:98:8:1968
EVAL_INSTANCE:98:9:1969
RUN_RESULT:98:0:0:2000:----
RUN_RESULT:98:1:0:2000:----
RUN_RESULT:98:2:0:2000:----
RUN_RESULT:98:3:0:888:RRURUUDDRUUDDD
RUN_RESULT:98:4:0:66:RRURUUDDRUUDDD
RUN_RESULT:98:5:0:2000:----
RUN_RESULT:98:6:0:67:RRURUUDDRUUDDD
RUN_RESULT:98:7:0:2000:----
RUN_RESULT:98:8:0:2000:----
RUN_RESULT:98:9:0:68:RRURUUDDRUUDDD
    99 |      990 | -3.934000E+03 | -3.934000E+03
TRACK:1970;1548;1507;1;6;2;3;3;0;2;2;1;12;1;18;7;9.698475321725876;5;13;5;4;1;9;10;6;1;2;1;14;21;-0.7931533915108596;6;23;-1.2645312251167868;0;0;19;11;4;8;1;1;4;3;3;0;1;22;6.190169659759275;19;1;12;12;16;4;5;2;0;21;4.709241011428589;3;15;5;10;7;-3.864265912968241
TRACK:1971;1548;1507;1;6;2;3;3;0;2;2;1;6;23;-0.8798901572150347;1;24;12;5;13;5;4;1;9;10;6;1;2;1;14;21;-1.1681125064898208;6;23;-0.7045825983866503;0;0;19;11;4;8;1;1;4;3;3;0;1;22;6.360537530127731;19;1;12;12;16;4;5;2;0;21;4.729097054602055;3;8;5;21;-0.3769631246033733;2;3;2;4;5;1;2;6;0;25;16;6;1;12;25;5;5;7;-3.864265912968241;4;5;6;0;25;16;3;6;5;2;4;11;5;6;22;2.829429166387758
TRACK:1972;1201;1585;1;6;2;3;3;0;2;2;1;6;23;-0.8505500683502056;1;24;12;5;13;5;4;1;9;10;6;1;2;1;14;21;-1.1385438819807014;6;15;0;0;19;11;4;8;1;1;4;3;3;0;1;22;6.295694983885563;19;1;12;12;16;4;5;2;0;21;4.621591656125754;12;5;21;-0.32479583455293387;2;3;2;4;5;1;2;6;0;25;16;6;1;25;25;5;5;3;12;4;5;6;0;25;16;3;6;5;2;4;11;5;6;22;2.7499413106971184
TRACK:1973;1201;1585;1;6;2;3;3;0;2;2;1;12;1;18;7;9.694240233117922;5;13;5;4;1;9;10;6;1;2;1;14;21;-0.7284128233233558;6;23;-1.2096410518955074;0;0;19;11;4;8;1;1;4;3;3;0;1;22;6.1559383399074115;19;1;12;12;16;0;4;3;2;15;16;2;2;4;11;5;6;22;2.7499413106971184;5;1;20;3.0208833473990726;23;-2.25604293992369;2;3;2;4;5;2;6;6;1;20;-5.058371963427224;7;-3.888842537975829;4;25;4;6;0;4;12;4;19;3;6;5;2;4;1;24;12;5;6;22;2.447859182825572
TRACK:1974;1424;1600;1;6;2;3;3;0;2;2;1;12;12;5;13;5;4;1;9;10;6;1;2;1;14;21;-1.1264695735894386;6;23;-0.9316516044441946;0;0;19;11;4;8;1;1;4;3;3;0;1;22;6.077207254425505;19;1;12;12;16;4;5;2;0;21;4.828428278297536;12;5;10;2;3;4;17;3;6;5;2;4;11;5;6;22;2.8036288404563257
TRACK:1975;1424;1600;1;6;2;3;3;0;2;2;1;6;23;-1.0552499576056849;1;24;12;5;13;5;4;1;9;10;6;1;2;1;14;21;-1.3024100138841543;6;23;-0.917556951175668;0;0;19;11;4;8;1;1;4;3;3;0;1;22;6.4418751699457095;19;1;12;12;16;4;21;4.828428278297536;2;3;2;4;2;1;1;3;7;-5.897883138699482;3;14;3;5;14;6;5;5;19;4;5;6;0;1;14;21;-0.9429073026174936;16;3;6;5;2;4;17;5;6;22;2.6801205743336927
TRACK:1976;1585;1486;1;6;2;3;3;0;2;2;1;12;1;18;7;9.694240233117922;5;13;5;4;1;9;10;6;1;2;1;14;21;-0.7284128233233558;6;23;-1.2096410518955074;0;0;19;11;4;8;1;1;4;3;3;0;1;22;6.1559383399074115;19;1;12;12;16;0;4;3;2;15;16;2;4;1;22;2.19772701005391;9;5;1;20;3.0208833473990726;23;-2.25604293992369;2;3;2;4;5;2;6;6;1;20;-5.058371963427224;7;-3.888842537975829;4;25;4;6;0;4;12;4;19;3;6;5;2;4;5;4;1;9;10;5;6;22;2.447859182825572
TRACK:1977;1585;1486;1;6;2;3;3;0;2;2;1;12;1;18;7;9.743113594750476;5;13;5;4;1;9;10;6;1;2;1;14;21;-1.0129174398504373;6;23;-1.0314284576966883;0;0;19;11;4;8;1;1;4;3;3;0;1;22;6.124443140157382;19;1;12;12;16;4;5;2;0;21;4.7423132612071655;12;5;10;2;3;2;4;5;2;6;6;1;20;-4.84927075956137;7;-3.8912641915691766;0;2;4;17;4;22;-7.571510191190154;0;25;16;4;6;0;4;12;4;19;3;6;5;0;2;2;1;12;1;18;7;9.694240233117922;5;13;5;4;1;9;10;6;1;2;1;14;21;-0.7284128233233558;6;23;-1.2096410518955074;0;0;19;11;4;8
TRACK:1978;1581;1201;1;6;2;3;3;0;2;2;1;12;1;18;7;9.670196278015231;5;13;5;4;1;9;10;6;1;2;1;14;21;-0.9829935667052744;6;23;-0.8280995406522216;0;0;19;13;4;8;1;1;4;3;3;0;1;22;6.079153276300222;19;1;12;12;16;4;5;2;0;21;4.865514616586923;4;12;5;10;2;3;2;4;5;2;6;6;1;20;-4.8791074482914105;7;-3.951125383895761;0;2;4;17;4;22;-7.671107335442041;0;25;16;4;6;0;4;12;5;10;3;6;5;2;4;11;5;6;22;2.7282990284474975
TRACK:1979;1581;1201;1;6;2;3;3;0;2;2;1;6;23;-0.8505500683502056;1;24;12;5;13;5;4;1;9;10;6;1;2;1;14;21;-1.1385438819807014;6;23;-0.86849873175683;0;0;19;11;4;8;1;1;4;3;3;0;1;22;6.295694983885563;19;1;12;12;16;4;5;16;2;3;2;4;5;1;2;6;0;25;16;6;1;25;25;5;5;3;12;4;5;6;0;25;16;3;6;5;2;4;11;5;6;22;2.7499413106971184
TRACK:1980;1548;-1;1;6;2;3;3;0;2;2;1;12;1;18;7;9.698691565905246;5;13;5;4;1;9;10;6;1;2;1;14;21;-0.909951762017932;6;23;-1.384080594784162;0;0;19;11;4;8;1;1;4;3;3;0;4;23;3.222793013445852;1;12;12;16;4;5;2;0;21;4.720515559045375;3;15;5;10;2;3;2;4;5;2;6;6;1;20;-4.915621424384648;7;-4.021090859383498;4;25;4;6;0;4;12;4;19;3;6;5;2;4;1;24;12;5;6;22;2.298437587963837
TRACK:1981;1972;-1;1;6;2;3;3;0;2;2;1;6;23;-0.9382864903445567;1;24;12;5;13;5;4;1;9;10;6;1;2;1;14;21;-1.00845035887033;6;15;0;0;19;11;4;8;1;1;4;3;3;0;1;11;18;6;18;16;4;5;2;0;21;4.462364638853231;12;5;21;-0.33255225147095757;2;3;2;4;5;1;2;6;0;25;16;6;1;25;25;5;5;3;12;4;5;6;0;25;16;3;6;5;2;4;11;5;6;22;2.581309000682942
TRACK:1982;1974;-1;1;6;2;3;3;0;2;2;1;12;12;5;13;5;4;0;22;-4.600332000687899;18;6;1;2;1;14;21;-0.9237012131352652;6;23;-0.8569898222460828;0;0;19;11;4;8;1;1;4;3;3;0;1;22;6.075269389479252;19;1;12;12;16;4;5;2;0;21;4.838197580484838;12;5;10;2;3;4;17;3;6;5;2;4;11;5;6;22;2.739893471613363
TRACK:1983;1976;-1;1;6;2;3;3;0;2;2;1;12;1;18;7;9.627362545264342;5;13;5;4;1;9;10;6;1;2;1;14;21;-0.7153428615864966;6;23;-1.311421984724356;0;0;19;11;4;8;1;1;4;3;3;0;1;22;6.11075049048019;19;1;12;12;16;0;4;3;2;15;16;2;4;1;22;2.212666528682719;9;5;1;20;3.0697268011323438;23;-2.2367520456248076;2;3;2;4;5;2;6;6;1;20;-5.141194759458428;7;-4.001227360734914;4;25;4;6;0;4;12;5;9;3;6;5;2;4;5;4;1;9;10;5;6;22;2.5275042625662425
TRACK:1984;1978;-1;1;6;2;3;3;0;2;2;1;12;1;18;7;9.671211448839001;5;13;5;4;1;9;10;6;1;2;1;14;21;-0.9959418445579167;6;23;-1.024318008304523;0;0;19;13;4;8;1;1;4;3;3;0;1;22;6.2234117609978385;19;1;12;12;16;4;5;2;0;21;4.994670717560575;4;12;5;10;2;3;2;4;5;2;6;6;1;20;-4.798935032341535;7;-3.930716485576179;0;2;4;17;4;22;-7.777775231550997;0;25;16;4;6;0;0;1;8;25;1;17;23;-9.004996587853412;5;10;3;6;5;2;4;11;5;6;22;2.6261434068019094
TRACK:1985;1507;-1;1;6;2;3;3;0;2;2;1;6;23;-0.7189890480235204;1;24;12;5;13;5;4;1;9;10;6;1;2;1;14;21;-1.1496898288630568;6;23;-0.5972450077787378;0;0;19;11;4;8;1;1;4;3;3;0;4;19;1;12;12;16;4;5;2;0;21;4.863541690231188;3;8;5;21;-0.3244175194193254;2;3;2;4;5;1;2;6;0;25;16;6;1;25;25;5;5;7;-4.13951156060029;4;5;6;0;25;16;3;6;5;2;4;11;5;6;22;2.757765151542259
TRACK:1986;1973;-1;1;6;2;3;3;4;0;0;3;21;-7.378582105366012;1;21;-1.5152473697316182;9;2;4;13;0;17;24;1;1;4;3;3;0;1;22;6.127922778043285;19;1;12;12;16;0;4;3;2;15;16;2;2;4;11;5;6;22;2.6774586111827547;5;1;20;3.0205405814068;23;-2.1839150140948758;2;3;2;4;5;2;6;6;1;20;-5.044044839409495;7;-3.9366322456226683;4;25;4;6;0;4;12;4;19;3;6;5;2;4;1;24;12;5;6;22;2.3376199721009
TRACK:1987;1975;-1;1;6;2;3;3;0;2;2;1;6;23;-1.1727056639531892;1;24;12;5;13;5;4;1;9;10;6;1;2;1;14;21;-1.2454160659939355;6;23;-0.9470532309123301;0;0;19;11;4;8;1;1;4;1;2;1;5;13;5;17;6;2;14;22;3.3722283806190116;5;2;6;17;4;9;16;4;21;4.785702968375462;2;3;2;4;2;1;1;3;7;-6.043717039076458;3;14;3;5;14;6;5;5;19;4;5;6;0;1;14;21;-0.8967668679368304;16;3;6;5;2;4;17;5;6;22;2.678874425613154
TRACK:1988;1977;-1;1;6;2;3;3;0;2;2;1;12;1;18;7;9.745813418461506;5;13;5;4;1;9;10;6;1;2;1;14;21;-0.9474175970432546;6;23;-1.1709496911733255;0;2;7;-8.109977504243295;18;4;8;1;1;4;3;3;0;1;22;6.053797774836947;19;1;12;12;16;4;5;2;0;21;4.808260549351089;12;5;10;2;3;2;4;5;2;6;6;1;20;-4.921841555941359;7;-4.068627366543323;0;2;4;17;4;22;-7.615334994397711;0;25;16;4;6;0;4;12;4;19;3;6;5;0;2;2;1;12;1;18;7;9.865955910647493;5;13;5;4;1;9;10;6;1;2;1;14;21;-0.5604154340800491;6;23;-1.2472386277450256;0;0;19;11;4;8
TRACK:1989;1979;-1;1;6;2;3;3;0;2;2;1;6;23;-0.9386144962657226;1;24;12;5;13;5;4;1;9;10;6;1;2;1;14;21;-1.118105580925323;6;23;-0.9395277907801195;0;0;19;11;4;8;1;1;4;3;3;0;1;22;6.389489577152124;19;4;15;16;4;5;16;2;3;2;4;5;1;2;6;0;25;16;6;1;25;25;5;5;3;12;4;5;6;0;25;16;3;6;5;2;4;11;5;6;22;2.6601974781732247
EVAL_INSTANCE:99:0:1980
EVAL_INSTANCE:99:1:1981
EVAL_INSTANCE:99:2:1982
EVAL_INSTANCE:99:3:1983
EVAL_INSTANCE:99:4:1984
EVAL_INSTANCE:99:5:1985
EVAL_INSTANCE:99:6:1986
EVAL_INSTANCE:99:7:1987
EVAL_INSTANCE:99:8:1988
EVAL_INSTANCE:99:9:1989
RUN_RESULT:99:0:0:2000:----
RUN_RESULT:99:1:0:2000:----
RUN_RESULT:99:2:0:2000:----
RUN_RESULT:99:3:0:2000:----
RUN_RESULT:99:4:0:70:RRURUUDDRUUDDD
RUN_RESULT:99:5:0:2000:----
RUN_RESULT:99:6:0:2000:----
RUN_RESULT:99:7:0:2000:----
RUN_RESULT:99:8:0:2000:----
RUN_RESULT:99:9:0:2000:----
   100 |     1000 | -3.934000E+03 | -3.934000E+03
TRAINING ON LEVEL:165
of 184 levels
---LEVEL STRING---
__________
_VB12...3_
_1o..o..._
_4o..vK16_
_oo.o...._
_vobo.kk._
_..o....._
_..v..v.._
_........_
__________
---LEVEL STRING---
training done.
The time of execution is: 1890.8959724903107 s

TRAINING DONE


-----!!!NEW PROBLEM!!!-----


START TESTING

LEVEL:0:______\n_K.2._\n_kSF._\n_bB1._\n_..fR_\n_1..._\n_3.r._\n_251O_\n_s.31_\n_o..2_\n______
LEVEL:1:________\n_......_\n_......_\n_.Sb.s._\n_.1..s._\n_.4b..1_\n_B12..3_\n_......_\n________
LEVEL:2:____________\n_.........._\n_.r....f..._\n_.....bssss_\n_.R.......F_\n_B1..f..b.1_\n_AO........_\n_.rssssssss_\n_.........F_\n_ss...R...1_\n_....B12W.3_\n_oS14...1.._\n____________
LEVEL:3:__________\n_F13....G_\n_..R15a.1_\n_.......0_\n_a.A.b.a._\n_....a..._\n_B....ggg_\n_1.a.ag.a_\n_2....g.f_\n__________
LEVEL:4:__________\n_.....B12_\n_.W......_\n_.1wwwww._\n_.6wf..w._\n_..w..kw._\n_F.wwwww._\n_1......._\n_3...bK17_\n__________
LEVEL:5:_________\n_....B18_\n_......._\n_...R..._\n_...1..._\n_...3..._\n_......._\n_....B12_\n_......._\n_.b..R.._\n_....1.._\n_r...9.._\n_......._\n_________
LEVEL:6:____________\n_G13wwwwK14_\n_w.o.okofow_\n_wo.o.o.o.w_\n_wko.o.o.ow_\n_wggggggggw_\n_w.o.o.o.ow_\n_wo.o.o.okw_\n_w.o.o.o.ow_\n_wo.obo.o.w_\n_K17wwwwB12_\n____________
LEVEL:7:____________\n_F13wwwwK14_\n_w.o.okofow_\n_wo.oko.o.w_\n_wko.o.o.ow_\n_wo.o.o.okw_\n_wko.o.o.ow_\n_wo.o.o.okw_\n_wko.o.o.ow_\n_wo.obo.o.w_\n_K17wwwwB12_\n____________
LEVEL:8:__________\n_B12....F_\n_1......1_\n_9lllL.f3_\n_..rl1..._\n_...l8..._\n_...lllll_\n_.br....._\n_....R15._\n__________
LEVEL:9:___________\n_rg9SkofVr_\n_GF.6WOV0A_\n_Fw0.3o6AB_\n_A5W..5A2l_\n_.WO5KlF.1_\n_441934sR2_\n_vF38vVb.k_\n_W4bAS.K1K_\n_kO9.W..21_\n_0Ba4o3.L2_\n_w9G.SG99v_\n_g9Br5Kkbk_\n_.l7RRG6r3_\n_LFffV..Gv_\n_ga8.ro1wr_\n_VWV7R..3._\n___________
LEVEL:10:__________\n_........_\n_....V12._\n_........_\n_...v...._\n_F.v.v..._\n_1..v...._\n_3......._\n_....f..._\n__________
LEVEL:11:__________\n_b....Vwv_\n_.....1ww_\n_.....3.._\n_........_\n_........_\n_.....BW._\n_.....11._\n_.....26._\n__________
LEVEL:12:__________\n_...K..3._\n_.f.k...._\n_kkkk...._\n_...kgkkk_\n_........_\n_G10...b._\n_.....B12_\n_K14..F13_\n__________
LEVEL:13:__________\n_..Bwwlll_\n_b.1wwlll_\n_..2wwlll_\n_...wwlll_\n_...wwlll_\n_W16....._\n_....F13._\n_s...wwwf_\n__________
LEVEL:14:__________\n_G10gl.f._\n_.aagl.l._\n_.R.gg.ll_\n_.b..gggl_\n_...a...a_\n_..r....5_\n_B12.1..._\n_F13a.L16_\n__________
LEVEL:15:__________\n_bW12..Fr_\n_........_\n_w.w.w..S_\n_.s...s.1_\n_..w.www4_\n_B.3s1..._\n_1.w.w..._\n_2.....Rf_\n__________
LEVEL:16:__________\n_bW12..Fr_\n_........_\n_w.w.w..S_\n_.s...s.1_\n_..w.www4_\n_B.3s1..S_\n_1.w.w..._\n_2.....Rf_\n__________
LEVEL:17:__________\n_.f......_\n_.......3_\n_kkkkgkkk_\n_...g.g.._\n_K14k.k.._\n_...k.kkk_\n_B12k..b._\n_F13....._\n__________
LEVEL:18:____________________\n_B.S14.O16.R15.B12._\n_1.F13.G16.V17....._\n_.Sv..............._\n_Rggggggggggggggggg_\n_1ggggggggggggggggg_\n_.F......gggggggggg_\n_ooo.......gggggggg_\n_wwwoo.......gggggg_\n_wwwwwoo.......gggg_\n_wwwwwwwoo..r......_\n_wwwwwwwwwoo.b....._\n_wwwwwwwwwwwooaaaaa_\n____________________
LEVEL:19:_________________\n_F13w.f.w.a...rw_\n_.a.wa...b.a.a.w_\n_wwrwwwww..wwwww_\n_...a...a....a.._\n_wwwwww.wwwwwwww_\n_.a.........ar.._\n_www.wwwwwwwwwww_\n_.a...a......ba._\n_..b......a....._\n_wwwwwwwwww.war._\n_k...a.....awwww_\n_wwwwwwwwwwwwB14_\n_R16wW16wK12wB17_\n_________________
LEVEL:20:__________\n_...s.V12_\n_v..s...._\n_..sssfss_\n_..s..s.._\n_F..s..s._\n_1.....s._\n_3..S14.._\n_........_\n__________
LEVEL:21:____________________\n_.Laallgg.......BG._\n_.1aallgg.......11._\n_.8aallgg.......90._\n_..aallgg.........._\n_..9allgg.......v.._\n_..aallgg.......V.._\n_b.2allgg.......1.._\n_llllllgg.......3.._\n_llllllgg.........._\n_gggggggg.........._\n_gggggggg.......B12_\n____________________
LEVEL:22:__________\n_........_\n_...b...._\n_........_\n_F......._\n_1.B.f..._\n_3.1....._\n_..2....._\n_........_\n__________
LEVEL:23:__________\n_........_\n_B...b..._\n_1......._\n_2......._\n_........_\n_..3...f._\n_F1....f._\n_........_\n__________
LEVEL:24:__________\n_S13....._\n_.......f_\n_...r...3_\n_........_\n_........_\n_F14..R12_\n_........_\n_......s._\n__________
LEVEL:25:_________________\n_....gg.....l..._\n_....gg.....l..._\n_....gg.....l..._\n_.b..gg.....l..._\n_....gg.....l..._\n_....gg.....l..._\n_....gg.....l..._\n_....gg.B12.l..f_\n_....gg.....l..._\n_K...gg.....l..._\n_B12.gg..k..l..._\n_....gg.....l..._\n_....gg.....l..._\n_....gg.G10.l..._\n_....gg.....l..._\n_....gg.....lF13_\n_....gg.....l..._\n_....gg.....lL14_\n_________________
LEVEL:26:__________\n_.ssss.s._\n_..ss.fv._\n_...as.v._\n_.F12.A.._\n_.....1.._\n_.....3.._\n_.ggg...._\n_.s......_\n__________
LEVEL:27:__________\n_glF13S12_\n_gksgggVV_\n_ggrrrrV2_\n_vggkgkVr_\n_vvgvvvVr_\n_vvvvvlVl_\n_vvvvvlVl_\n_vvvvl.fl_\n__________
LEVEL:28:__________\n_B12..VGF_\n_S.....1._\n_1.b.s35f_\n_4...sss._\n_........_\n_gggggggg_\n_...vv..._\n_........_\n__________
LEVEL:29:__________\n_V.2a..12_\n_B12avF.._\n_bv.a...._\n_aaaaaaaa_\n_...a...._\n_..2a.A.._\n_A16a1..._\n_.1.a2f3._\n__________
LEVEL:30:__________\n_K17....._\n_......O._\n_k.vwww.._\n_...wow.k_\n_...www.._\n_KV..W16._\n_11.O1.3._\n_42..k..._\n__________
LEVEL:31:___________________\n_B12w...ag...wG10._\n_wwww...gg...wW16._\n_..13...ga...wwwww_\n_.V15..agga......._\n_.R...araga.a....._\n_.....a.ggaaa....._\n_ggggggggaaaav...._\n_.v....agga......._\n_....b..aga......._\n_......agga......._\n___________________
LEVEL:32:__________\n_b.....f._\n_.....V12_\n_........_\n_F13....._\n_........_\n_........_\n_....v..._\n_........_\n__________
LEVEL:33:__________\n_........_\n_...bV12._\n_........_\n_........_\n_.B13...._\n_........_\n_........_\n_...vv..._\n__________
LEVEL:34:__________\n_...V13.._\n_v......._\n_........_\n_......b._\n_....B12._\n_........_\n_..V15..._\n_........_\n__________
LEVEL:35:__________\n_..F1.3.._\n_llllllll_\n_..L14..._\n_........_\n_........_\n_........_\n_........_\n_bB12...f_\n__________
LEVEL:36:__________\n_B12.F13._\n_........_\n_...sss.._\n_.b.sfs.._\n_...s...._\n_...s...._\n_........_\n_........_\n__________
LEVEL:37:__________\n_s..S..a._\n_k.o....l_\n_.g....b._\n_L.g..b.w_\n_g.s..fs._\n_....B..l_\n_b...1r.._\n_G13.2b.._\n__________
LEVEL:38:__________\n_.Rrbll.f_\n_L18.lll._\n_.5..ll.r_\n_..r.ll.1_\n_..r.ll.l_\n_.F..ll.B_\n_B19.ll.1_\n_r3r....2_\n__________
LEVEL:39:__________\n_A.2...bg_\n_1.G.3.a._\n_wwg1W16._\n_..12B12b_\n_........_\n_........_\n_........_\n_........_\n__________
LEVEL:40:__________\n_b..lsllf_\n_...lslll_\n_.S.lslll_\n_L18lslll_\n_.6.ls..._\n_F......._\n_1......._\n_3.B12..._\n__________
LEVEL:41:____________________\n_llllllff........L._\n_lgggglff........1._\n_lbggglff........5._\n_lg..glff.........._\n_lG15glff.........._\n_llllllff.........._\n_ffffwww..........._\n_ffff.............._\n_.................._\n_.........F.3......_\n_..B12.....1......._\n_.................._\n_.........k........_\n_....K12..........._\n_.................._\n_.................._\n_................7._\n_.................._\n____________________
LEVEL:42:__________\n_f.k.k.kk_\n_.B12F13._\n_k......k_\n_...b...._\n_k......k_\n_........_\n_k......k_\n_.K14K17._\n__________
LEVEL:43:__________\n_ffffffff_\n_W16....._\n_Bk......_\n_1.k...k._\n_2...k..._\n_w..wwwww_\n_...k...._\n_Kk.....k_\n_1k...k.._\n_7......._\n_w..wwwww_\n_........_\n_F13...k._\n_K..k...._\n_1......._\n_4...kk.b_\n__________
LEVEL:44:__________\n_FWwwwwww_\n_11wb.fww_\n_36wwwwww_\n_G10wgkww_\n_wwwwwwww_\n_wBKwwwww_\n_w11wwwww_\n_b2.kwwww_\n__________
LEVEL:45:___________\n_.F.w..V.._\n_o1.w.o1.._\n_.4.w.o2.o_\n_wwww.o..._\n_.ov...oWw_\n_.ov.o..1w_\n_..o.O186w_\n_foo..wF13_\n___________
LEVEL:46:____________________\n_W........wwwwwwwww_\n_1wwwwwwwww......Kw_\n_6wK17ooowwR1.O.81w_\n_Kwkooo3oww..3.1.9w_\n_1wkoooooww.......w_\n_4wo1kbkowwaaaaw.ww_\n_Awooooooww.....ww._\n_1woooooowwb..w..w._\n_9wwwwwwwwww.sw.ww._\n_Awwwwwwwwwwwlwwww._\n_1wb.....ww......w._\n_4wwwww.www.b.R..w._\n_Sw......ww.r.1..w._\n_1ww.wwwwww...5L.w._\n_4wrrrrrrww....1.w._\n_Bwrrfrrrww....8.w._\n_1wwwwwwwwwwwwwwww._\n_9R19F13L18R14B12.._\n____________________
LEVEL:47:______\n_fr.b_\n_F13w_\n_gggg_\n_wwww_\n_F17w_\n_R15w_\n_G10W_\n_B121_\n_W16W_\n______
LEVEL:48:__________\n_WSLlllll_\n_111llllk_\n_556llK12_\n_lllllB17_\n_lllllK1._\n_lllkklll_\n_lllwwlll_\n_FllssllF_\n_1......1_\n_3......3_\n_f......f_\n_........_\n_........_\n_oooggooo_\n_..o..o.._\n_GBo..oOS_\n_11ob.o11_\n_89o..o58_\n__________
LEVEL:49:____________________\n_Wwvvvvvvvfvvvvvvvv_\n_1wvvvvvvv.vvvvvvvv_\n_6wvvvvvvv.vvvvvvvv_\n_Fwvvvvvvv.vvvvvvvv_\n_1wvvvvvvv.vvvvvvvv_\n_3wvvvvvvvvvvvvvvvv_\n_Vwvvvvvvvvvvvvvvvv_\n_1wvvvvvvvvvvvvvvvv_\n_4wvvvvvvvvvvvvvvvv_\n_wwvvvvvvvvvvvvvvvv_\n_..............s..._\n_......r.r.....sS.._\n_...b..rrr.....s1.._\n_..B12..R......s4.._\n_.......1......s..._\n_.......5..O1O.s..._\n_..............w..._\n_..............w..._\n____________________
LEVEL:50:_______\n_bB12._\n_...F._\n_.fR15_\n_...3._\n_.r..._\n_______
LEVEL:51:________\n_rrrrrr_\n_rrrrrr_\n_rrbrrr_\n_rr.rRr_\n_r..B12_\n_r.3.6._\n________
LEVEL:52:____________\n_v......V12_\n_...f.....F_\n_.R.....b.1_\n_B12......3_\n_...S.S14.._\n____________
LEVEL:53:__________\n_bB1...2._\n_..fR1SF._\n_1...31s._\n_3.r..2.1_\n__________
LEVEL:54:_________\n_......._\n_....b.._\n_....s.._\n_......F_\n_.B12..1_\n_......3_\n_...S121_\n_________
LEVEL:55:____________\n_.........._\n_.b..S....._\n_.....712.._\n_.....O...._\n_.B........_\n_...b.....F_\n_.........1_\n_GokK12...3_\n_V......B1._\n_r........R_\n____________
LEVEL:56:________\n_......_\n_.b...._\n_......_\n_......_\n_.S...._\n_.1...._\n_.BB123_\n_.s...3_\n________
LEVEL:57:____________\n_B1.B.....B_\n_R1.......1_\n_..5....S12_\n_.........._\n_.r.....b.._\n_...L......_\n_......1..F_\n_..f......1_\n_......s..4_\n_F13......._\n____________
LEVEL:58:_______\n_F.B12_\n_1b..._\n_3...f_\n_..k.._\n_K17.._\n_______
LEVEL:59:____________\n_B12w.....S_\n_K12w.....1_\n_F16w....7._\n_wwww......_\n_G1........_\n_1.....s..._\n_.0.3.sbs.._\n_g.....s..g_\n_gg......gg_\n_ggg....ggg_\n____________
LEVEL:60:____________\n_B12......S_\n_Br.......1_\n_R..f.....F_\n_.........1_\n_G1.......3_\n_1.....s.f._\n_.0.3.sbs.F_\n_g.....s..g_\n_gg..13..gg_\n_ggg....ggg_\n____________
LEVEL:61:_________\n_.....B8_\n_......._\n_...R..._\n_..o1..._\n_......._\n_....B.._\n_......._\n_....rs._\n_..1SF.._\n_fB31s.._\n_F112o.._\n_......._\n_________
LEVEL:62:________\n_......_\n_......_\n_......_\n_......_\n_......_\n_......_\n_..B..._\n_..1..._\n_..2F13_\n_..b..._\n_......_\n_......_\n_f.F15._\n_......_\n_......_\n________
LEVEL:63:_____________\n_.....2....._\n_.b...F....._\n_....w.712.._\n_.B....O...._\n_....S.....F_\n_........S.1_\n_.....K12..._\n_.b.W......._\n_........s.._\n_.....B12s3k_\n_..........k_\n_____________
LEVEL:64:_________\n_Fw.f.wB_\n_1w...w1_\n_3wwwww2_\n_......._\n_..W16.._\n_......._\n_...b..._\n_________
LEVEL:65:____________\n_B13......F_\n_....f....1_\n_rrrR1Rrrr2_\n_........b._\n____________
LEVEL:66:____________\n_F13wwwwK14_\n_w.o.okofow_\n_wo.o.o.o.w_\n_wko.o.o.ow_\n_wo.o.o.o.w_\n_w.o.o.o.ow_\n_wo.o.o.okw_\n_w.o.o.o.ow_\n_wo.obo.o.w_\n_K17wwwwB12_\n____________
LEVEL:67:____________\n_.........._\n_llllllll.._\n_.....r...._\n_.........._\n_..b..r...._\n_.........._\n_gggggggg.._\n_W13..G17.._\n_.........._\n_B12......._\n____________
LEVEL:68:___________\n_B12w....._\n_wwww.brk._\n_.R......._\n_........._\n_ggggggggg_\n_.1......._\n_.5......._\n_........._\n_.K......._\n_........._\n_ggggggggg_\n_........._\n_......ooo_\n_wwww..ofo_\n_W16w..ooo_\n_G10w..F13_\n___________
LEVEL:69:__________\n_k....b.._\n_w....o.o_\n_sB123ggg_\n_.fR.oo.o_\n_.....bg._\n_.r..f..._\n_.s.bs..k_\n_..sg.www_\n__________
LEVEL:70:__________\n_...12..._\n_...r.ooo_\n_2...B11O_\n_......31_\n_s2.3...2_\n_........_\n_..R1..F1_\n_.....S14_\n__________
LEVEL:71:_______________\n_.l..gL16g..l._\n_.l..ggggg..l._\n_............._\n_............._\n_..l.......l.._\n_..l.......l.._\n_3....G10....3_\n_..l.......l.._\n_..l.......l.._\n_............._\n_............._\n_.l..ggggg..l._\n_.l..gL12g..l._\n_______________
LEVEL:72:__________\n_.kSFr..._\n_vbR1Sbb._\n_g..31skB_\n_r...2so8_\n_bss...a4_\n_FR...aa._\n_S1o....w_\n_W6R11oof_\n__________
LEVEL:73:__________\n_........_\n_....V12._\n_........_\n_........_\n_F.v.v..._\n_1..v...._\n_3......._\n_....f..._\n__________
LEVEL:74:__________\n_........_\n_....V12._\n_..v.v..._\n_..vvv..._\n_F.v.v..._\n_1..v...._\n_3......._\n_....f..._\n__________
LEVEL:75:__________\n_.....B12_\n_.W.14..._\n_.1wwwww._\n_.6wf..w._\n_..w..kw._\n_F.wwwww._\n_1......._\n_3...bK17_\n__________
LEVEL:76:____________\n_K..w.kwK14_\n_1...okkfow_\n_7...B12o.w_\n_s.k......._\n_.....R...._\n_w.www..W16_\n_w........._\n_..b...r..k_\n_w........._\n_..kwwwF13._\n____________
LEVEL:77:____________\n_K.kw.kwK14_\n_1...okkfo._\n_7.o.A12o.w_\n_s.2..r.o.._\n_.....R...._\n_w.www..W16_\n_w...o..o.._\n_..b...rbak_\n_w...5...o._\n_b.fwwwF13._\n____________
LEVEL:78:__________\n_...12..._\n_...rg1.._\n_........_\n_.s..wk2g_\n_F12.V7f._\n_w.F.v..._\n_3R25K..._\n_..v....._\n__________
LEVEL:79:__________\n_W16..R15_\n_.....R13_\n_..R....._\n_B1B12.ww_\n_......wr_\n_......ww_\n_........_\n_b....R19_\n__________
LEVEL:80:__________\n_W16..R15_\n_.....R13_\n_..R....._\n_B1B12.ww_\n_......wr_\n_......ww_\n_...R...._\n_bB1..R19_\n__________
LEVEL:81:__________\n_B1B....f_\n_1......._\n_2......._\n_........_\n_........_\n_.......F_\n_.......1_\n_b......3_\n__________
LEVEL:82:__________\n_V1V....B_\n_.......1_\n_V1.....2_\n_..F....._\n_........_\n_........_\n_........_\n_bv....7F_\n_.......1_\n_.......3_\n_wwwwwwww_\n_.v....W._\n_......1._\n_f.....6._\n__________
LEVEL:83:__________\n_B12..F13_\n_........_\n_........_\n_........_\n_.b....f._\n_........_\n_........_\n_........_\n__________
LEVEL:84:__________\n_.K14.B12_\n_.fow...._\n_2o.w...3_\n_..1.W..w_\n_..4...k._\n_....rr.._\n_........_\n_....bK17_\n__________
LEVEL:85:__________\n_l......._\n_...b...._\n_L1B....._\n_..1....._\n_..2F...._\n_.b.bB1Br_\n_........_\n_.f....13_\n__________
LEVEL:86:__________\n_bF132..G_\n_....g1.1_\n_..B12AO._\n_.RF13wwr_\n_a12....._\n_o.....WF_\n_......F1_\n_.....f.._\n__________
LEVEL:87:__________\n_W16w..s._\n_...wF..._\n_...w1..._\n_...w3..._\n_r..w...._\n_...wR.b._\n_S14wB12._\n_.1Fw...r_\n__________
LEVEL:88:__________\n_W16w..s._\n_.14wF..._\n_F..w1..._\n_...w3..._\n_..rw...._\n_...wR.b._\n_S14wB12._\n_.1Fw...r_\n__________
LEVEL:89:__________\n_........_\n_WW..W16._\n_11b.B12._\n_9W......_\n_........_\n_FL...www_\n_11...wll_\n_38...wlf_\n__________
LEVEL:90:________________\n_K17..........._\n_1....3........_\n_.4w.k...Ww...._\n_..l.....1....._\n_..lw.k.76Ww..._\n_..l..........._\n_lllllllll....._\n_......ll......_\n_.............._\n_b............._\n_L14........B12_\n________________
LEVEL:91:__________\n_...K.3.._\n_.f.k...._\n_kkkk...._\n_...kgkkk_\n_........_\n_G10...b._\n_.....B12_\n_K14..F13_\n__________
LEVEL:92:__________\n_.....b.s_\n_FBs....s_\n_f13....s_\n_.2..rrrr_\n_...r...._\n_...r.RF._\n_...r.11._\n_S14r.5.._\n__________
LEVEL:93:__________\n_.B1..ww._\n_s..S...f_\n_.w1ww4.._\n_.w.SF..1_\n_1.4.Bw.4_\n_3bww3w.._\n_.......s_\n_.W12.s.._\n__________
LEVEL:94:__________\n_........_\n_B12....._\n_S16....._\n_K13.b..._\n_G16....._\n_F16..v.v_\n_.....vsv_\n_V16..vkf_\n__________
LEVEL:95:___________\n_s...f...s_\n_.k.....k._\n_..k...k.._\n_...k.k..._\n_....k...._\n_....S14.._\n_........._\n_K17...K14_\n_B12.b.F13_\n___________
LEVEL:96:__________\n_.B1.sF13_\n_S142s..._\n_...fs..._\n_sssss..._\n_........_\n_.....17._\n_.B12..b._\n_........_\n__________
LEVEL:97:_________\n_....F13_\n_......._\n_..K...._\n_..1...._\n_.f2...._\n_......._\n_k......_\n_________
LEVEL:98:__________\n_........_\n_...F13.._\n_........_\n_.......v_\n_B.....a._\n_1......._\n_2..O...._\n_..k.fb.S_\n__________
LEVEL:99:__________\n_B12.gggf_\n_F13agggg_\n_R15.gggg_\n_G10.gggg_\n_.a......_\n_..r..rr._\n_..rrrrrr_\n_b..rr..._\n__________
LEVEL:100:__________\n_........_\n_........_\n_.B...k.._\n_1......._\n_wwwvwwww_\n_.b......_\n_........_\n_.....3.._\n_...K...._\n_....1..._\n_..7....._\n_........_\n_.......V_\n_.......1_\n_B12..W14_\n__________
LEVEL:101:__________\n_....B12b_\n_....b..._\n_.......F_\n_...1...1_\n_......12_\n_........_\n_gb...f.._\n_g......._\n_g1..Rr.._\n_gfRf12.k_\n_G.f36..._\n_.b.15..F_\n_G.f....1_\n_.......4_\n_K13....._\n__________
LEVEL:102:__________\n_........_\n_........_\n_.bf....._\n_......B._\n_......1._\n_.F13..2._\n_........_\n_........_\n__________
LEVEL:103:___________\n_oLoLBLoLo_\n_o1o111o1o_\n_w8w828w8w_\n_ooo131ooo_\n_L18oboooo_\n_oooowoOoo_\n_L18oWoL18_\n_oooo1oooo_\n_L14o6oo1L_\n___________
LEVEL:104:_______________\n_B12wwW16.F.13_\n_K14ww.......k_\n_1bG.w.....k.._\n_7.1ww.w.....k_\n_f.4ww.....k.._\n_gggww..k....._\n_gggwwk......._\n_gggww..k....._\n_gggwwk......._\n_k..www..k...k_\n_..k..www..k.._\n_k......w...kw_\n_wwwwww...wwww_\n_______________
LEVEL:105:___________\n_B19L18F13_\n_1wwwwwwwW_\n_2w..b..w1_\n_ww.....w6_\n_..A....wA_\n_a.1.a..w1_\n_...5...w9_\n_.llllllll_\n_.llllllll_\n_.....l..._\n_.V1.vl.f._\n_.1...l..._\n_..2.lllll_\n___________
LEVEL:106:__________\n_.f......_\n_........_\n_kkkkkgkk_\n_B12....._\n_........_\n_G10....._\n_..F13..._\n_......b._\n__________
LEVEL:107:__________\n_.....L14_\n_.llK14wF_\n_.Wrb...1_\n_.ww....3_\n_.ww....._\n_.R1....._\n_........_\n_.1F..B12_\n__________
LEVEL:108:__________\n_b....V.B_\n_.....1.1_\n_..3..9.2_\n_.F...s.._\n_S14sss.._\n_........_\n_........_\n_....f..k_\n__________
LEVEL:109:______________\n_l.bFk...l..._\n_l.B12...l..._\n_l.k42....l.._\n_ll...R..rl2._\n_.1l......l.._\n_..llKl.lll.._\n_.k..1......._\n_....8.f..4.._\n_..2........._\n_..F1.9..K12._\n_...3........_\n_............_\n______________
LEVEL:110:__________\n_B12...fO_\n_...3...._\n_.b......_\n_F......o_\n_1......l_\n_L1......_\n_3......._\n_........_\n__________
LEVEL:111:__________\n_.2......_\n_S..b...._\n_..B....._\n_ww1....._\n_W1......_\n_.F12ss.._\n_....B123_\n_.f.....3_\n__________
LEVEL:112:__________\n_b....F13_\n_l..W16.._\n_llwlllll_\n_.....V.._\n_gggG..12_\n_v.g1.L18_\n_f.g0...._\n_ggg..B12_\n__________
LEVEL:113:______\n_...._\n_.r.._\n_...f_\n_R12._\n_..F._\n_..1._\n_..3._\n_...._\n_...._\n______
LEVEL:114:___________\n_B12aab..._\n_.......A._\n_.......1._\n_F13....7._\n_ggggggggg_\n_ggwwwwwgg_\n_www.f.www_\n_W16.k.G14_\n___________
LEVEL:115:__________\n_........_\n_........_\n_..F12..._\n_........_\n_....31A._\n_fff....._\n_..f....._\n_a.f....._\n__________
LEVEL:116:__________\n_........_\n_.......o_\n_..f....._\n_........_\n_...K13.._\n_.r.g..B._\n_..w...1._\n_...b..2k_\n__________
LEVEL:117:__________\n_B1.awB12_\n_f.o..12._\n_b....rg1_\n_1......._\n_3..Rrr.5_\n_....r..l_\n_g7.w.Ar._\n_K2.k..or_\n__________
LEVEL:118:__________\n_B12..F13_\n_1......._\n_9......._\n_..rb.9.._\n_........_\n_..R..5.._\n_..1....v_\n_V18...vf_\n__________
LEVEL:119:__________\n_b......B_\n_..1.R..1_\n_.R...5.2_\n_........_\n_.0.rrr.._\n_gggggggg_\n_gg...G10_\n_fg...F13_\n__________
LEVEL:120:__________\n_........_\n_S12.B..._\n_S..1..2._\n_........_\n_K.....s._\n_...b...._\n_........_\n_3......._\n__________
LEVEL:121:__________\n_........_\n_.b......_\n_..B....._\n_..1....._\n_..2....._\n_..3....._\n_.Ss....._\n_........_\n__________
LEVEL:122:__________\n_b......._\n_........_\n_...f...._\n_B......._\n_1......._\n_2......._\n_l......._\n_ff.lF13._\n__________
LEVEL:123:__________\n_....B12._\n_....F13._\n_k.b....._\n_....K1.._\n_....fR.._\n_........_\n_........_\n_....r..._\n__________
LEVEL:124:__________\n_........_\n_...b...._\n_........_\n_........_\n_..B...F._\n_..1...1._\n_..2...3._\n_........_\n_........_\n_.......f_\n_........_\n__________
LEVEL:125:__________\n_........_\n_b......._\n_........_\n_...r...._\n_..R12..._\n_.....F.f_\n_.....1.._\n_.....3.._\n__________
LEVEL:126:__________\n_..B12..._\n_........_\n_....F..._\n_..fR15.._\n_b...3..._\n_........_\n_........_\n_..r....._\n__________
LEVEL:127:__________\n_F13....._\n_........_\n_........_\n_.b......_\n_........_\n_...B12.._\n_........_\n_f......._\n__________
LEVEL:128:__________\n_....LLLr_\n_1...LLL._\n_F......._\n_.......F_\n_.......1_\n_.......3_\n_..Rb...._\n_.....B12_\n__________
LEVEL:129:__________\n_......13_\n_..W16..._\n_...B1B.._\n_..B1...._\n_..12...._\n_wwb....._\n_........_\n_........_\n__________
LEVEL:130:_______________\n_......w......_\n_......r..R15._\n_..g.ggr.w...._\n_..g...r...w.._\n_g.rrr.rrk...._\n_.....rK14...._\n_.r.w...r..k.._\n_..r.w.r..ggrg_\n_.bwwwwr.W16r._\n_.wr.rrrwr..k._\n_.w...gw.r..k._\n_.w.f.g..r...._\n_.wr.....r...._\n_B12G10..r.F13_\n_______________
LEVEL:131:_______________\n_......w......_\n_......r..R15._\n_..g.ggr.w...._\n_..g...r...w3._\n_g.rrr.rrk...._\n_.....rK14...._\n_.r.w...r..k.._\n_..r.w.r..ggrg_\n_.bwwwwr.W16r._\n_.wr.rrrwr..k._\n_.w...gw.r..k._\n_.w.f.g..r...._\n_.wr.....r...._\n_B12G10..r.F13_\n_______________
LEVEL:132:__________\n_.......f_\n_........_\n_.k......_\n_..k....._\n_b..k...._\n_.....F13_\n_B12....._\n_........_\n__________
LEVEL:133:__________\n_........_\n_........_\n_llllllll_\n_L.....B._\n_1...b.1._\n_8.....9._\n_........_\n_B12..F13_\n__________
LEVEL:134:_______________\n_b........wF19_\n_G.R.B.R.SwV18_\n_1.R.1.1.1wV17_\n_6.R.2.5.6wF13_\n_...r.r...wW16_\n_.........wG1G_\n_....g....wS1S_\n_wwwwswwwwwwww_\n_vg..f..svw..._\n_______________
LEVEL:135:__________\n_......F._\n_f......o_\n_..b....f_\n_......R._\n_.r....11_\n_.1OB12.._\n_1..b...._\n_3......._\n__________
LEVEL:136:__________\n_........_\n_b.....b._\n_.....b.._\n_...r...._\n_..R12..._\n_.....F.f_\n_.b...1.._\n_.....3.._\n__________
LEVEL:137:__________\n_F13....._\n_........_\n_........_\n_.b......_\n_........_\n_.....B12_\n_........_\n_f......._\n__________
LEVEL:138:__________\n_......BF_\n_.b....11_\n_....R.23_\n_1..5.r.._\n_.....r.._\n_gggggggg_\n_gggggggg_\n_gggggfgg_\n__________
LEVEL:139:__________\n_V.2a..12_\n_B12avF.._\n_bv.a...._\n_aaaaaaaa_\n_...a...._\n_r.Ra.A.._\n_A16a1..._\n_A1032f3._\n__________
LEVEL:140:__________\n_F13....f_\n_....llV._\n_....ll1l_\n_....ll2l_\n_...lll.l_\n_...lllll_\n_.v......_\n_........_\n__________
LEVEL:141:__________\n_........_\n_F12....._\n_....3..._\n_....V1.._\n_........_\n_........_\n_...f.l.v_\n_.....l.._\n__________
LEVEL:142:__________\n_....w.b._\n_....w..w_\n_B13.w.ww_\n_........_\n_F12.fff._\n_........_\n_....W15._\n_........_\n__________
LEVEL:143:__________\n_G......._\n_1..L14.._\n_0......F_\n_.......1_\n_.b.....3_\n_ggg....._\n_llg.B12._\n_fl......_\n__________
LEVEL:144:__________\n_bB1...2._\n_..fR1SF._\n_1...31s._\n_3.s..2.1_\n__________
LEVEL:145:__________\n_......wf_\n_W15..w.._\n_.....w.w_\n_.B12w.w._\n_.....w.._\n_...b..ww_\n_F13...w._\n_......w._\n__________
LEVEL:146:____________\n_A18wa....._\n_B19ww..a.._\n_1ssswa..a._\n_2K13wV13a._\n_wwwww..a.._\n_aaaaa...a._\n_a....aaVav_\n_..aa.aa1av_\n_a.ba.a.8av_\n_aaaa...akv_\n____________
LEVEL:147:__________\n_...w..w._\n_..w.fw.._\n_V12..v.w_\n_....w.w._\n_..ww...w_\n_F13.w.v._\n_.b.v...._\n_....W15._\n__________
LEVEL:148:__________\n_.....w.._\n_F13v...._\n_..V1..w._\n_.b..2..._\n_.W15...w_\n_.w...w.._\n_....w..._\n_B12.w.f._\n__________
LEVEL:149:__________\n_fwwwwwGF_\n_ggwwww11_\n_ggrwww03_\n_g...wwwW_\n_r....ww1_\n_.W19.R16_\n_.O18.1ww_\n_bB12b5.w_\n__________
LEVEL:150:__________\n_.......4_\n_.b..v.gb_\n_..lBOrv._\n_O131..F._\n_.sf2..f._\n_..w...bl_\n_...g.v.._\n_A.of.f.9_\n__________
LEVEL:151:__________\n_.B......_\n_.1..F13O_\n_.2bR...._\n_........_\n_......a._\n_........_\n_........_\n_...f...._\n__________
LEVEL:152:____________________\n_BWw..............._\n_11w.....G10......._\n_26w..wwwwwwww....._\n_www..woooooow....._\n_.....wooR15ow....._\n_.....woooooow....._\n_.....woborrow....._\n_.....woooooow....._\n_..wwwwwggggwwwww.._\n_..w............w.._\n_..w............w.._\n_..w............w.._\n_..wggg.........w.._\n_..wggg.....F13.w.._\n_..wfgg.........w.._\n_..wwwwwwwwwwwwww.._\n_.................._\n_.................._\n____________________
LEVEL:153:__________\n_L1.....O_\n_1......1_\n_8......9_\n_........_\n_F15.V12._\n_w.l.Kv.._\n_3.2.V..k_\n_.......k_\n__________
LEVEL:154:__________\n_B1gg..kb_\n_...v...._\n_......f3_\n_a3V12..._\n_........_\n_.g......_\n_K1.G...._\n_B1...F13_\n__________
LEVEL:155:__________\n_B12..G10_\n_...f...._\n_........_\n_gggggggg_\n_b......._\n_.....r.._\n_........_\n_F13..R15_\n__________
LEVEL:156:__________\n_.R.bll.f_\n_L18.lll._\n_.5..ll.r_\n_..r.ll.1_\n_..r.ll.l_\n_.F..ll.B_\n_B19.ll.1_\n_.3.....2_\n__________
LEVEL:157:__________\n_V12.r..._\n_R.rr2rw._\n_1r....wg_\n_4.ggrrwv_\n_gggF13aa_\n_r.gggggg_\n_a..rarar_\n_fargrara_\n__________
LEVEL:158:__________\n_B12..G10_\n_........_\n_gg..b.1._\n_Fgsr.r5._\n_.gsr.R.._\n_.gs....._\n_.gssss.._\n_.13S141F_\n__________
LEVEL:159:__________\n_B12..G10_\n_sss....._\n_gg..b.1._\n_Fgsr.r5._\n_.gsr.R.._\n_.gs....._\n_.gssss.._\n_.13S141F_\n__________
LEVEL:160:__________\n_kBK.w.b._\n_..1ww..._\n_..2w...._\n_wwww..V._\n_......1._\n_......3._\n_W18....._\n_.....B19_\n__________
LEVEL:161:__________\n_BK13gggG_\n_1rrrggR1_\n_2rbrgR16_\n_.rrrgg7g_\n_.ggggrgg_\n_.ggggggg_\n_.g..rggr_\n_.r.r.r.k_\n__________
LEVEL:162:__________\n_bwawaB12_\n_wawawawa_\n_awawawaw_\n_wawawawa_\n_awawawaw_\n_wawawawa_\n_awawawaw_\n_F13awawf_\n__________
LEVEL:163:__________\n_........_\n_.aaaaa.1_\n_.aabaa.3_\n_.aaaaa.._\n_........_\n_.A......_\n_.1......_\n_.2...B12_\n__________
LEVEL:164:__________\n_KRg...rs_\n_11.g..rr_\n_45.gg..._\n_.B13g..._\n_....wS12_\n_L...l..._\n_1.kkl.k._\n_0b.ll.k._\n__________
LEVEL:165:__________\n_VB12...3_\n_1o..o..._\n_4o..vK16_\n_oo.o...._\n_vobo.kk._\n_..o....._\n_..v..v.._\n_........_\n__________
LEVEL:166:__________\n_wfkwwwww_\n_lwwlwwlw_\n_sllsllsl_\n_.s......_\n_....b.s._\n_W16F13.._\n_..B19S14_\n_L18..B12_\n__________
LEVEL:167:__________\n_kk.k.kkk_\n_llo..o.k_\n_.lo..o.k_\n_.loooo.k_\n_.llll..k_\n_..looooo_\n_..lollll_\n_..lollll_\n_....llll_\n_........_\n_........_\n_L16....._\n_........_\n_........_\n_BK13...._\n_1......._\n_2.K17..._\n_b......._\n__________
LEVEL:168:_____________\n_..wwB12ww.._\n_..........._\n_..wwrwrww.._\n_..w.....w.._\n_W.Rw.b.wR.B_\n_1.w.....w.1_\n_6.w.....w.2_\n_w.w.......w_\n_w1.ww.ww.1w_\n_.........3._\n_..wwR15w..._\n_____________
LEVEL:169:_____________\n_B12F13fL17._\n_..........._\n_l.l.ll.ll.._\n_..........._\n_l.l..l..l.._\n_l..l..l...._\n_.l.....l.l._\n_ll.l.l.l..l_\n_..........._\n_..........._\n_b...B19.L18_\n_____________
LEVEL:170:__________\n_..b....._\n_B12.www._\n_K1.w.k.w_\n_...w...w_\n_....w.wF_\n_....wfw1_\n_.....w.3_\n_W17....._\n__________
LEVEL:171:_____________\n_B12S14F13ww_\n_S17O14W16bw_\n_wwwwwwwww.w_\n_wwwwww..osw_\n_wwwww..os.w_\n_wwww...so.w_\n_www...so..w_\n_ww.....so.w_\n_w......os.w_\n_........osw_\n_.......os.w_\n_w......so.w_\n_ww....so..w_\n_www....so.w_\n_wwww...os.w_\n_wwwww...osw_\n_wwwwww.os.w_\n_wwwwwwwwwfw_\n_____________
LEVEL:172:____________________\n_S16.........wwww.._\n_............wBFw.._\n_............w11w.._\n_............w23w.._\n_............wwww.._\n_...wwwwwwwww......_\n_...wosooooow......_\n_...wooooooow......_\n_...wooobosow......_\n_...wsooooosw......_\n_...woosoooow......_\n_...wwwwwwwww......_\n_.................._\n_.......f.........._\n_.................._\n_.................._\n_.................._\n_.................._\n____________________
LEVEL:173:__________\n_B12oo.b._\n_ooooo.F._\n_sosoo.1._\n_ofooo.3._\n_sosoo..._\n_oooooooo_\n_ooooO14o_\n_oooooooo_\n__________
LEVEL:174:____________________\n_wwowwf....Kwbwwow._\n_wB12wwF13.1w.wooWw_\n_wwbww.o.oA12.oo.1w_\n_LRwwV....o3o.wwo6r_\n_11.Br1......kwwwwg_\n_451.3..llll..wwwgg_\n_..4lwgwlllllllwwwg_\n_llllwvwllllllwK17w_\n____________________
LEVEL:175:__________\n_bsfgalro_\n_kwoBSFWA_\n_ROKGV213_\n_6750489w_\n_w.....ww_\n_w.wwwwWw_\n_w...vw1w_\n_B12V136w_\n__________
LEVEL:176:____________________\n_W........wwwwwwwww_\n_1wwwwwwwww......Kw_\n_6woooooowwR1.O.81w_\n_Kwooo3koww..3.1.9w_\n_1wkoooooww.......w_\n_4wo1kbkowwaaaaw.ww_\n_Awooooooww....oww._\n_1wK17ooowwb..woow._\n_9wwwwwwwwww.swoww._\n_Awwwwwwwwwwwlwwww._\n_1wb.....ww......w._\n_4wwwww.www.b.R..w._\n_Sw......ww.r.1..w._\n_1ww.wwwwww...5L.w._\n_4wrrrrrrww....1.w._\n_Bwrrfrrrww....8.w._\n_1wwwwwwwwwwwwwwww._\n_9R19F13L18R14B12.._\n____________________
LEVEL:177:__________\n_........_\n_S2..B12._\n_w...s..._\n_...7wooo_\n_.1.vooVo_\n_.3vbW1.6_\n_...voo2o_\n_V14.oO16_\n__________
LEVEL:178:____________________\n_WR1R.....wwwwwwwww_\n_1wwwwwwwww......Kw_\n_6wK17ooowwR1.O.81w_\n_Kwkooo3oww..3.1.9w_\n_1wkoooooww.......w_\n_4wo1kbkowwaaaaw.ww_\n_Awooooooww.....ww._\n_1woooooowwb..w..w._\n_9wwwwwwwwww.sw.ww._\n_Awwwwwwwwwwwlwwww._\n_1wb.....ww......w._\n_4wwwww.www.b.R..w._\n_Sw......ww.r.1..w._\n_1ww.wwwwww...5L.w._\n_4wrrrrrrww....1.w._\n_Bwrrfrrrww....8.w._\n_1wwwwwwwwwwwwwwww._\n_9R19F13L18R14B12.._\n____________________
LEVEL:179:__________\n_KF13K1K._\n_1f......_\n_4.wwwwwk_\n_B.wK1b.._\n_1.waA.6._\n_2WwvV.2._\n_w1wgG.0._\n_w6wlL.8._\n__________
LEVEL:180:____________________\n_S14W16...........V_\n_B12V18ww.........1_\n_G14S19..w........5_\n_.w.w..ww.........._\n_...www............_\n_.................._\n_.................._\n_....wwwwsw........_\n_...w.vb..w........_\n_..w..b...w........_\n_...w..b..w........_\n_....wwwwww........_\n_.................._\n_...O15........gggg_\n_...F13....gggggggg_\n_.........gggoooooo_\n_......ggggggoooooo_\n_..ggggggggggooooof_\n____________________
LEVEL:181:____________\n_L.kwB..K1r_\n_w.r..3.fos_\n_wS1.....s1_\n_g.r.W1..s4_\n_W.b......._\n_kk..rb.ff5_\n_9.B12....G_\n_.b.f.swgw1_\n_g.o...oO.0_\n_v.wwoRF1.f_\n____________
LEVEL:182:__________\n_K14....._\n_1k..k..._\n_.boL..k._\n_.A15..aa_\n_.b....b._\n_k...F.k._\n_..k.1..._\n_B12.lf13_\n__________
LEVEL:183:____________________\n_Wwvvvvvvvfvvvvvvvv_\n_1wvvvvvvv.vvvvvvvv_\n_6wvvvvvvv.vvvvvvvv_\n_Fwvvvvvvv.vvvvvvvv_\n_1wvvvvvvv.vvvvvvvv_\n_3wvvvvvvvvvvvvvvvv_\n_Vwvvvvvvvvvvvvvvvv_\n_1wvvvvvvvvvvvvvvvv_\n_4wvvvvvvvvvvvvvvvv_\n_wwvvvvvvvvvvwwwwww_\n_............r....._\n_............rRK.B._\n_...b..sss...r11.1._\n_..B12..S....r457.._\n_..B12..1....r....._\n_.......5....kw...._\n_.O1O........ww...._\n_............w....._\n____________________
BATCH:-1:0:0
BATCH:-1:1:1
BATCH:-1:2:2
BATCH:-1:3:3
BATCH:-1:4:4
BATCH:-1:5:5
BATCH:-1:6:6
BATCH:-1:7:7
BATCH:-1:8:8
BATCH:-1:9:9
BATCH:-1:10:10
BATCH:-1:11:11
BATCH:-1:12:12
BATCH:-1:13:13
BATCH:-1:14:14
BATCH:-1:15:15
BATCH:-1:16:16
BATCH:-1:17:17
BATCH:-1:18:18
BATCH:-1:19:19
BATCH:-1:20:20
BATCH:-1:21:21
BATCH:-1:22:22
BATCH:-1:23:23
BATCH:-1:24:24
BATCH:-1:25:25
BATCH:-1:26:26
BATCH:-1:27:27
BATCH:-1:28:28
BATCH:-1:29:29
BATCH:-1:30:30
BATCH:-1:31:31
BATCH:-1:32:32
BATCH:-1:33:33
BATCH:-1:34:34
BATCH:-1:35:35
BATCH:-1:36:36
BATCH:-1:37:37
BATCH:-1:38:38
BATCH:-1:39:39
BATCH:-1:40:40
BATCH:-1:41:41
BATCH:-1:42:42
BATCH:-1:43:43
BATCH:-1:44:44
BATCH:-1:45:45
BATCH:-1:46:46
BATCH:-1:47:47
BATCH:-1:48:48
BATCH:-1:49:49
BATCH:-1:50:50
BATCH:-1:51:51
BATCH:-1:52:52
BATCH:-1:53:53
BATCH:-1:54:54
BATCH:-1:55:55
BATCH:-1:56:56
BATCH:-1:57:57
BATCH:-1:58:58
BATCH:-1:59:59
BATCH:-1:60:60
BATCH:-1:61:61
BATCH:-1:62:62
BATCH:-1:63:63
BATCH:-1:64:64
BATCH:-1:65:65
BATCH:-1:66:66
BATCH:-1:67:67
BATCH:-1:68:68
BATCH:-1:69:69
BATCH:-1:70:70
BATCH:-1:71:71
BATCH:-1:72:72
BATCH:-1:73:73
BATCH:-1:74:74
BATCH:-1:75:75
BATCH:-1:76:76
BATCH:-1:77:77
BATCH:-1:78:78
BATCH:-1:79:79
BATCH:-1:80:80
BATCH:-1:81:81
BATCH:-1:82:82
BATCH:-1:83:83
BATCH:-1:84:84
BATCH:-1:85:85
BATCH:-1:86:86
BATCH:-1:87:87
BATCH:-1:88:88
BATCH:-1:89:89
BATCH:-1:90:90
BATCH:-1:91:91
BATCH:-1:92:92
BATCH:-1:93:93
BATCH:-1:94:94
BATCH:-1:95:95
BATCH:-1:96:96
BATCH:-1:97:97
BATCH:-1:98:98
BATCH:-1:99:99
BATCH:-1:100:100
BATCH:-1:101:101
BATCH:-1:102:102
BATCH:-1:103:103
BATCH:-1:104:104
BATCH:-1:105:105
BATCH:-1:106:106
BATCH:-1:107:107
BATCH:-1:108:108
BATCH:-1:109:109
BATCH:-1:110:110
BATCH:-1:111:111
BATCH:-1:112:112
BATCH:-1:113:113
BATCH:-1:114:114
BATCH:-1:115:115
BATCH:-1:116:116
BATCH:-1:117:117
BATCH:-1:118:118
BATCH:-1:119:119
BATCH:-1:120:120
BATCH:-1:121:121
BATCH:-1:122:122
BATCH:-1:123:123
BATCH:-1:124:124
BATCH:-1:125:125
BATCH:-1:126:126
BATCH:-1:127:127
BATCH:-1:128:128
BATCH:-1:129:129
BATCH:-1:130:130
BATCH:-1:131:131
BATCH:-1:132:132
BATCH:-1:133:133
BATCH:-1:134:134
BATCH:-1:135:135
BATCH:-1:136:136
BATCH:-1:137:137
BATCH:-1:138:138
BATCH:-1:139:139
BATCH:-1:140:140
BATCH:-1:141:141
BATCH:-1:142:142
BATCH:-1:143:143
BATCH:-1:144:144
BATCH:-1:145:145
BATCH:-1:146:146
BATCH:-1:147:147
BATCH:-1:148:148
BATCH:-1:149:149
BATCH:-1:150:150
BATCH:-1:151:151
BATCH:-1:152:152
BATCH:-1:153:153
BATCH:-1:154:154
BATCH:-1:155:155
BATCH:-1:156:156
BATCH:-1:157:157
BATCH:-1:158:158
BATCH:-1:159:159
BATCH:-1:160:160
BATCH:-1:161:161
BATCH:-1:162:162
BATCH:-1:163:163
BATCH:-1:164:164
BATCH:-1:165:165
BATCH:-1:166:166
BATCH:-1:167:167
BATCH:-1:168:168
BATCH:-1:169:169
BATCH:-1:170:170
BATCH:-1:171:171
BATCH:-1:172:172
BATCH:-1:173:173
BATCH:-1:174:174
BATCH:-1:175:175
BATCH:-1:176:176
BATCH:-1:177:177
BATCH:-1:178:178
BATCH:-1:179:179
BATCH:-1:180:180
BATCH:-1:181:181
BATCH:-1:182:182
BATCH:-1:183:183
EVAL_INSTANCE:0:0:1964
RUN_RESULT:0:0:0:2000:----
RUN_RESULT:0:0:1:2000:----
RUN_RESULT:0:0:2:25:UURD
RUN_RESULT:0:0:3:2000:----
RUN_RESULT:0:0:4:2000:----
RUN_RESULT:0:0:5:39:DDDRRRUU
RUN_RESULT:0:0:6:90:UUUU
RUN_RESULT:0:0:7:2000:----
RUN_RESULT:0:0:8:2000:----
RUN_RESULT:0:0:9:8:DDR
RUN_RESULT:0:0:10:3:DDD
RUN_RESULT:0:0:11:2000:----
RUN_RESULT:0:0:12:76:ULLLLULLDDURRRRUUUULLDL
RUN_RESULT:0:0:13:73:RDDRDDULLDUURRRUUURRRRDDDDDDD
RUN_RESULT:0:0:14:2000:----
RUN_RESULT:0:0:15:2000:----
RUN_RESULT:0:0:16:2000:----
RUN_RESULT:0:0:17:40:LLUUUUUURRRDULLLLLL
RUN_RESULT:0:0:18:2000:----
RUN_RESULT:0:0:19:2000:----
RUN_RESULT:0:0:20:2000:----
RUN_RESULT:0:0:21:2000:----
RUN_RESULT:0:0:22:63:RDDD
RUN_RESULT:0:0:23:58:DDDLLDRRRR
RUN_RESULT:0:0:24:366:ULLLDDDDUUUURRRURRRDDDRUDDLLLDDDRR
RUN_RESULT:0:0:25:2000:----
RUN_RESULT:0:0:26:289:LLD
RUN_RESULT:0:0:27:38:LLDDDDDDRRRRRR
RUN_RESULT:0:0:28:2000:----
RUN_RESULT:0:0:29:2000:----
RUN_RESULT:0:0:30:2000:----
RUN_RESULT:0:0:31:2000:----
RUN_RESULT:0:0:32:72:UUUUUURR
RUN_RESULT:0:0:33:553:LLLLUUURRRUUU
RUN_RESULT:0:0:34:22:RDDLDLDLUDLLLLUUUUUU
RUN_RESULT:0:0:35:2000:----
RUN_RESULT:0:0:36:66:RRR
RUN_RESULT:0:0:37:5:RUUUR
RUN_RESULT:0:0:38:26:DDLLRURURRRR
RUN_RESULT:0:0:39:2000:----
RUN_RESULT:0:0:40:12:DDRUURRRRRR
RUN_RESULT:0:0:41:59:URURRLDRRR
RUN_RESULT:0:0:42:9:LLLUUU
RUN_RESULT:0:0:43:2000:----
RUN_RESULT:0:0:44:8:RLR
RUN_RESULT:0:0:45:2000:----
RUN_RESULT:0:0:46:2000:----
RUN_RESULT:0:0:47:2000:----
RUN_RESULT:0:0:48:2000:----
RUN_RESULT:0:0:49:2000:----
RUN_RESULT:0:0:50:8:DRRDL
RUN_RESULT:0:0:51:17:DDLDRRLUUR
RUN_RESULT:0:0:52:22:ULLLL
RUN_RESULT:0:0:53:2000:----
RUN_RESULT:0:0:54:2000:----
RUN_RESULT:0:0:55:91:RRURRRRDLULLUUURRRRDDLLLLLL
RUN_RESULT:0:0:56:2000:----
RUN_RESULT:0:0:57:2000:----
RUN_RESULT:0:0:58:54:DDRDRDRUU
RUN_RESULT:0:0:59:2000:----
RUN_RESULT:0:0:60:1:U
RUN_RESULT:0:0:61:2000:----
RUN_RESULT:0:0:62:26:DRDRDRDDLLLLLUU
RUN_RESULT:0:0:63:2000:----
RUN_RESULT:0:0:64:2000:----
RUN_RESULT:0:0:65:19:DLDRRRRR
RUN_RESULT:0:0:66:2000:----
RUN_RESULT:0:0:67:2000:----
RUN_RESULT:0:0:68:2000:----
RUN_RESULT:0:0:69:2000:----
RUN_RESULT:0:0:70:2000:----
RUN_RESULT:0:0:71:2000:----
RUN_RESULT:0:0:72:2000:----
RUN_RESULT:0:0:73:3:DDD
RUN_RESULT:0:0:74:3:DDD
RUN_RESULT:0:0:75:2000:----
RUN_RESULT:0:0:76:2000:----
RUN_RESULT:0:0:77:2000:----
RUN_RESULT:0:0:78:2000:----
RUN_RESULT:0:0:79:2000:----
RUN_RESULT:0:0:80:2000:----
RUN_RESULT:0:0:81:73:UUUURUURRURRRR
RUN_RESULT:0:0:82:1401:RRRRRURUUUULLLLDRRRDDDDDRUUUURULDLURULLLRRRRUULLLDDDDDDDDDDDDDLLL
RUN_RESULT:0:0:83:42:DDDRRRRRUUU
RUN_RESULT:0:0:84:2000:----
RUN_RESULT:0:0:85:2000:----
RUN_RESULT:0:0:86:8:RRDRRD
RUN_RESULT:0:0:87:1201:LULDUURULUDLLRUUUULDDDDDRRUU
RUN_RESULT:0:0:88:2000:----
RUN_RESULT:0:0:89:86:DDLURURRUDLLUULRRRDD
RUN_RESULT:0:0:90:2000:----
RUN_RESULT:0:0:91:90:ULLLLULLDDURRRRUUUULLRRRLLLDL
RUN_RESULT:0:0:92:2000:----
RUN_RESULT:0:0:93:2000:----
RUN_RESULT:0:0:94:2000:----
RUN_RESULT:0:0:95:2000:----
RUN_RESULT:0:0:96:2000:----
RUN_RESULT:0:0:97:15:UUR
RUN_RESULT:0:0:98:1420:ULLLUULULDRDRDDLUUULURRRURDDDDLDR
RUN_RESULT:0:0:99:2000:----
RUN_RESULT:0:0:100:2000:----
RUN_RESULT:0:0:101:2000:----
RUN_RESULT:0:0:102:28:R
RUN_RESULT:0:0:103:2000:----
RUN_RESULT:0:0:104:2000:----
RUN_RESULT:0:0:105:2000:----
RUN_RESULT:0:0:106:30:RUUUUUUULLLLLL
RUN_RESULT:0:0:107:624:UDRULDLLDLUDDRDRDLULDUUUURR
RUN_RESULT:0:0:108:2000:----
RUN_RESULT:0:0:109:2000:----
RUN_RESULT:0:0:110:2000:----
RUN_RESULT:0:0:111:2000:----
RUN_RESULT:0:0:112:57:DRRRRLDDDRDLLLDL
RUN_RESULT:0:0:113:11:URRDD
RUN_RESULT:0:0:114:2000:----
RUN_RESULT:0:0:115:1409:UURRURDRDRDDDLLLLL
RUN_RESULT:0:0:116:246:LLLUUUUUUURRRRRRRDDDDDDD
RUN_RESULT:0:0:117:2000:----
RUN_RESULT:0:0:118:2000:----
RUN_RESULT:0:0:119:2000:----
RUN_RESULT:0:0:120:2000:----
RUN_RESULT:0:0:121:2000:----
RUN_RESULT:0:0:122:35:RRRDD
RUN_RESULT:0:0:123:72:LLDDRRRR
RUN_RESULT:0:0:124:58:ULLLDDDDDDDDDDRRRRRRRU
RUN_RESULT:0:0:125:60:UUURRRRDDDDD
RUN_RESULT:0:0:126:4:RUR
RUN_RESULT:0:0:127:7:LDDDD
RUN_RESULT:0:0:128:2000:----
RUN_RESULT:0:0:129:2000:----
RUN_RESULT:0:0:130:2000:----
RUN_RESULT:0:0:131:2000:----
RUN_RESULT:0:0:132:11:UUUURRRRRRR
RUN_RESULT:0:0:133:781:RRLURURDD
RUN_RESULT:0:0:134:2000:----
RUN_RESULT:0:0:135:2000:----
RUN_RESULT:0:0:136:60:UUURRRRDDDDD
RUN_RESULT:0:0:137:7:LDDDD
RUN_RESULT:0:0:138:66:LDDDDRDDLUUUDDDRRRRR
RUN_RESULT:0:0:139:2000:----
RUN_RESULT:0:0:140:139:DRRRRRRUUUUUUU
RUN_RESULT:0:0:141:271:UUUURRURDRDDDD
RUN_RESULT:0:0:142:54:DRRDRUUUUUUL
RUN_RESULT:0:0:143:276:UUUURRRRRRDDDDUUUULLLLLDRRURRRDULLLLDDDDDDDLLL
RUN_RESULT:0:0:144:2000:----
RUN_RESULT:0:0:145:1020:DRDRRLLUUUULUURURRLLDLDDDDRDRDRULLULUUULURRRRRU
RUN_RESULT:0:0:146:217:LUURRRDDDRRURUUULLULURLUURURRRRDDDDDDDDDL
RUN_RESULT:0:0:147:1639:RDRLLLDUDRRURRRURUDLDLRULRUUURDURLUULRDRDDDULUUL
RUN_RESULT:0:0:148:811:RRURRRDRUDDDDUULULLLRRRDRDDLD
RUN_RESULT:0:0:149:2000:----
RUN_RESULT:0:0:150:105:URLURLULL
RUN_RESULT:0:0:151:9:DDDDDR
RUN_RESULT:0:0:152:2000:----
RUN_RESULT:0:0:153:2000:----
RUN_RESULT:0:0:154:173:DLLDDRDRRDLRRRRUUUUL
RUN_RESULT:0:0:155:80:DRDRRRRUUUUULL
RUN_RESULT:0:0:156:215:LDURRDRRDDDRUUDDLLDLLLDUULULURRURURRRR
RUN_RESULT:0:0:157:81:DDLLLLLDLDL
RUN_RESULT:0:0:158:2000:----
RUN_RESULT:0:0:159:2000:----
RUN_RESULT:0:0:160:2000:----
RUN_RESULT:0:0:161:2000:----
RUN_RESULT:0:0:162:49:DRRRRRRRDDDDDD
RUN_RESULT:0:0:163:2000:----
RUN_RESULT:0:0:164:2000:----
RUN_RESULT:0:0:165:66:RRURUUDDRUUDDD
RUN_RESULT:0:0:166:2000:----
RUN_RESULT:0:0:167:2000:----
RUN_RESULT:0:0:168:2000:----
RUN_RESULT:0:0:169:2000:----
RUN_RESULT:0:0:170:280:DDRDDL
RUN_RESULT:0:0:171:2000:----
RUN_RESULT:0:0:172:2000:----
RUN_RESULT:0:0:173:23:DDDRUUULLL
RUN_RESULT:0:0:174:2000:----
RUN_RESULT:0:0:175:34:RRDDUURRRDLDUULL
RUN_RESULT:0:0:176:2000:----
RUN_RESULT:0:0:177:2000:----
RUN_RESULT:0:0:178:2000:----
RUN_RESULT:0:0:179:2000:----
RUN_RESULT:0:0:180:2000:----
RUN_RESULT:0:0:181:2000:----
RUN_RESULT:0:0:182:2000:----
RUN_RESULT:0:0:183:2000:----
The time of execution is: 615.0129325389862 s
