pygame 2.2.0 (SDL 2.30.7, Python 3.8.10)
Hello from the pygame community. https://www.pygame.org/contribute.html
LEVEL:0:__________\n_G10gl.f._\n_.aagl.l._\n_.R.gg.ll_\n_.b..gggl_\n_...a...a_\n_..r....5_\n_B12.1..._\n_F13a.L16_\n__________
BATCH:0:0:0
TRAINING ON LEVEL:14
of 184 levels
---LEVEL STRING---
__________
_G10gl.f._
_.aagl.l._
_.R.gg.ll_
_.b..gggl_
_...a...a_
_..r....5_
_B12.1..._
_F13a.L16_
__________
---LEVEL STRING---
TRACK:0;-1;-1;2;3;5;3;5;1;1;2;1;3;18;6;10;0;2;8;22;6.166854420213021;0;22;0.1857745325288498;19;6;2;3;16;4;13;0;6;0;2;16;11;5;13;2;3;2;12;22;-7.736175126214531;0;6;17;5;24;3;3;5;0;5;4;4;3;5;17;0;0;3;1;4;9;1;24;13;4;0;3;13;4;18;6;0;1;3;22;-1.76040891228757;6;10;5;0;10;10
TRACK:1;-1;-1;6;2;0;1;5;0;1;3;6;2;25;16;3;4;1;13;13;4;1;5;2;7;6.315454661611891;21;0.0020990115267220943;2;6;10;1;15;21;-3.396727790283787;2;1;6;1;5;6;14;2;3;10;6;24;4;3;0;1;22;0.02873875468655207;15;0;14;17;1;1;3;4;2;24;7;-0.9103980169869779;4;5;5;22;2.147160768064797;1;5;5;5;16;4;6;1;20;-9.687446714045368;16;0;0;0;5;5;4;4;14;2;6;2;4;13;5;10;4;5;6;24;5;0;1;5;2;9;13;5;4;22;-7.529488634423494;1;2;4;24;1;12;14;4;4;12;5;2;0;2;4;1;17;23;-4.206051741293473;1;1;13;14;6;16;3;6;0;9;21;9.321993186572499;0;4;5;6;19;3;2;3;22;9.283806713555926;1;19;9;3;2;5;4;1;2;5;4;22;-7.800754036472092;2;3;18;6;21;-4.120026250168354;3;5;2;15;20;6.936544827334295;2;3;1;4;4;4;19;1;1;1;14;7;2.506418588475869;1;15;20;2.370884575997369;6;6;25;1;5;6;6;3;19;6;2;4;0;21;-9.522203833226273;7;-6.774785840005155;3;0;10;22;3.1807941510229636
TRACK:2;-1;-1;4;2;4;6;1;6;0;5;6;1;23;-5.30978755979069;18;6;6;4;9;5;5;1;2;3;21;-5.161934821656516;6;20;-5.700985251063289;4;6;13;3;2;0;3;5;2;2;5;11;1;14;8;5;4;12;0;5;2;0;1;14;21;7.873851360550713;2;22;8.419442386046821;14;0;4;19;6;12;5;3;3;0;22;-5.218509690933848;18;5;6;0;5;0;1;19;8;0;14;23;-0.41950358716877467;6;0;4;19;0;25;16
TRACK:3;-1;-1;1;5;1;6;3;4;1;5;0;0;14;22;4.991784948319722;5;11;5;5;6;15;4;1;3;0;4;6;6;9;3;1;6;15;2;12;12;6;4;5;1;1;22;4.11235992743476;12;5;14;3;3;1;0;1;5;6;1;5;20;3.940093784039769;6;14;5;6;6;4;17;1;0;1;2;0;12;16;2;24;12;4;0;13;20;-4.5371671661691115;5;6;0;17;8;2;6;3;4;17;6;1;5;18;4;18;2;5;1;1;0;0;8;11;2;17;18;6;0;15;25;2;5;5;14;2;6;18;1;23;-4.618565988378995;8;1;0;6;4;0;25;21;-4.273100267085299;3;6;4;13;2;4;2;1;25;19;1;7;-9.625467296479883;15;4;5;0;21;-3.7364764609539254;7;8.229177339132015
TRACK:4;-1;-1;5;0;0;5;4;3;3;2;3;0;12;18;6;0;9;18;1;1;1;5;2;0;1;15;23;-1.010087854693431;3;8;2;6;25;6;8;0;2;1;6;12;0;8;18;0;5;14;3;9;5;4;3;9;5;6;2;0;0;14;13;2;20;-6.302180647503475;21;4.604463658344235;3;2;10;11;2;5;2;5;2;5;20;8.361287361696558;4;20;8.171550456075863;4;5;6;11;5;4;5;3;0;10;17;6;3;6;6;3;5;2;4;25;3;8
TRACK:5;-1;-1;6;1;6;6;3;4;1;2;3;5;18;5;6;25;2;1;3;20;-4.001857885220705;1;18;24;0;5;18;3;25;4;5;6;0;5;0;6;0;21;-8.668730307761392;19;6;4;12;2;6;3;4;17;3;3;6;12
TRACK:6;-1;-1;3;2;1;4;5;6;5;4;2;2;25;22;-3.6074654029094555;6;25;4;1;1;5;3;2;1;13;14;3;7;4.618529150991009;4;4;6;1;16;25;4;6;1;3;3;17;6;1;19;9;3;5;6;4;0;1;6;4;23;0.12070545473202543;3;5;23;-2.2035569565090984;0;2;1;18;9;1;22;-1.8808895698675254;10;6;2;18;17
TRACK:7;-1;-1;2;1;1;5;2;0;3;6;1;3;16;1;12;17;0;4;6;2;15;12;2;5;6;13;3;1;20;-0.24698390480495824;25;0;3;5;1;1;22;-6.5174545344852515;21;-3.918530838179814;3;9;4;2;5;5;23;5.93470900679938;3;0;20;2.0201316169353216;15;5;4;0;1;3;2;2;23;2.3482003395312763;8;4;20;-4.091437552342143;4;1;2;7;-0.5882727476582517;15;4;14;2;5;5;0;8;16;1;0;6;19;5;18;1;2;25;19;5;13;6;6;3;3;2;0;1;2;16;24;0;22;-6.040627089605888;15;4;3;23;-4.202540099888889;1;1;5;18;1;21;-6.716758365729132;9;4;0;19;19;1;3;6;5;5;0;5;4;3;12;3;0;2;14;14;1;19;16;5;6;1;5;6;2;0;5;25;4;20;-2.9553149788213995;4;0;23;-8.568362190186328;11;6;1;5;0;3;21;-8.404935025272703;0;15;9;1;1;4;20;7.665704473583883;4;19;1;3;7;5.138355166497966;3;16
TRACK:8;-1;-1;5;4;2;2;3;2;4;6;6;5;23;4.635730651306398;0;2;4;1;14;16;3;0;10;22;-8.014155309267682;1;4;1;15;10;6;5;24;5;0;0;5;2;1;22;2.3973296736713916;8;5;20;4.124065254900435;6;4;3;16;3;1;3;4;14;2;1;8;16;2;14;16;0;5;5;1;3;0;5;10;2;18;24;1;5;6;22;-0.7707393004792031;1;2;12;15;0;8;20;-1.22928116838189;5;3;0;2;2;0;16;14;2;24;16;1;0;25;23;4.159837156617169;0;15;25;2;1;0;10;20;-8.608927168926252;5;17;0;5;12;4;23;3.967574850125235
TRACK:9;-1;-1;1;0;2;1;2;5;6;0;0;4;9;2;24;8;1;2;10;10;6;25;5;2;2;6;5;20;-9.499224034153562;5;5;7;-5.344464982458563;2;2;5;23;2.8045361730800913;3;25;4;3;21;-8.093094851841716;1;3;1;2;4;5;22;-0.13101798697684686;4;0;21;-7.794864910264918;25;3;6;4;23;4.13435960215369;6;2;0;4;1;22;3.2608670220304425;21;1.4832621353424393;4;2;9;17;2;1;1;9;22;1.7463805688068295;4;18;5;0;16;16;2;6;4;3;1;1;2;13;17;2;10;22;1.1209893068662797;3;5;9;0;1;0;2;6;1;25;7;-6.122925515450046;6;6;19;1;4;1;16;13;0;3;9;5;12;3;5;0;2;9;9;5;18;5;5;1;3;5;8;3;5;23;3.311360281167646;1;3;3;6;1;1;1;3;25;3;16;3;3;25;0;3;0;12;25;0;5;9;5;25;2;6;6;0;4;1;0;11;13;3;23;5.412758232368587;3;3;0;13;21;5.210843852977284;2;6;0;0;0;1;12;9;2;16;14;0;1;17;13;1;22;6.368859763598053;11;1;6;3;25;1;3;9;4;17;0;1;1;2;6;7;7.898284256520544;5;14;2;0;17;22;-7.374252878043322;5;17;6;0;1;9;7;-4.230060104678528;3;14;4;0;6;5;25;5;4;19;0;6;3;1;0;5;0;1;1;14;8;3;24;2;2;23;-4.310890728162164;18;0;13;8;0;1;0;0;21;-9.757888362178694;12;3;23;8.461671642964788;6;4;22;1.0923528842315129;2;5;1;7;8.894590010707233;16;2;4;10;1;18;14;4;0;4;4;3;18;5;6;3;11;4;5;3;2;1;1;5;4;16;0;0;25;15;1;9;24;6;1;5;15;1;11;19;0;4;0;5;7;-6.354039736752661;1;10;12;5;1;2;24;21;-9.839908248552288;5;24
EVAL_INSTANCE:0:0:0
EVAL_INSTANCE:0:1:1
EVAL_INSTANCE:0:2:2
EVAL_INSTANCE:0:3:3
EVAL_INSTANCE:0:4:4
EVAL_INSTANCE:0:5:5
EVAL_INSTANCE:0:6:6
EVAL_INSTANCE:0:7:7
EVAL_INSTANCE:0:8:8
EVAL_INSTANCE:0:9:9
RUN_RESULT:0:0:0:2000:----
RUN_RESULT:0:1:0:2000:----
RUN_RESULT:0:2:0:2000:----
RUN_RESULT:0:3:0:2000:----
RUN_RESULT:0:4:0:2000:----
RUN_RESULT:0:5:0:2000:----
RUN_RESULT:0:6:0:2000:----
RUN_RESULT:0:7:0:2000:----
RUN_RESULT:0:8:0:2000:----
RUN_RESULT:0:9:0:2000:----
=================================================
n_gen  |  n_eval  |     f_avg     |     f_min    
=================================================
     1 |       10 |  0.000000E+00 | -0.000000E+00
TRACK:10;8;7;5;4;2;2;3;2;4;6;6;5;23;4.635730651306398;0;2;4;1;14;16;3;0;20;7.665704473583883;22;-8.014155309267682;1;4;1;15;10;6;5;24;5;0;0;5;2;1;22;2.3973296736713916;8;5;20;4.124065254900435;6;4;3;16;3;1;3;4;14;2;1;8;16;2;14;16;0;5;5;1;3;0;5;10;2;18;24;1;5;6;22;-0.7707393004792031;1;2;12;15;0;8;20;-1.22928116838189;5;3;0;2;2;0;16;14;2;24;16;1;0;25;23;4.159837156617169;0;15;25;2;1;0;10;20;-8.608927168926252;5;17;0;5;12;4;23;3.967574850125235
TRACK:11;8;7;2;1;1;5;2;0;3;6;1;3;16;1;12;17;0;4;6;2;15;12;2;5;6;13;3;1;20;-0.24698390480495824;25;0;3;5;1;1;22;-6.5174545344852515;21;-3.918530838179814;3;9;4;2;5;5;23;5.93470900679938;3;0;20;2.0201316169353216;15;5;4;0;1;3;2;2;23;2.3482003395312763;8;4;20;-4.091437552342143;4;1;2;7;-0.5882727476582517;15;4;14;2;5;5;0;8;16;1;0;6;19;5;18;1;2;25;19;5;13;6;6;3;3;2;0;1;2;16;24;16;4;3;23;-4.202540099888889;1;1;5;18;1;21;-6.716758365729132;9;4;0;19;19;1;3;6;5;5;0;5;4;3;12;3;0;2;14;14;1;19;16;5;6;1;5;6;2;0;5;25;4;20;-2.9553149788213995;4;0;23;-8.568362190186328;11;6;1;5;0;3;21;-8.404935025272703;0;15;9;1;1;4;20;7.665704473583883;4;19;1;3;7;5.138355166497966;3;16
TRACK:12;9;4;1;0;2;1;2;5;6;0;0;4;9;2;24;8;1;2;10;10;6;25;5;2;2;6;5;20;-9.499224034153562;5;5;20;8.361287361696558;2;2;5;23;2.8045361730800913;3;25;4;3;21;-8.093094851841716;1;3;1;2;4;5;22;-0.13101798697684686;4;0;21;-7.794864910264918;25;3;6;4;23;4.13435960215369;6;2;0;4;1;22;3.2608670220304425;21;1.4832621353424393;4;2;9;17;2;1;1;9;22;1.7463805688068295;4;18;5;0;16;16;2;6;4;3;1;1;2;13;17;2;10;22;1.1209893068662797;3;5;9;0;1;0;2;6;1;25;7;-6.122925515450046;6;6;19;1;4;1;16;13;0;3;9;5;12;3;5;0;2;9;9;5;18;5;5;1;3;5;8;3;5;23;3.311360281167646;1;3;3;6;1;1;1;3;25;3;16;3;3;25;0;3;0;12;25;0;5;9;5;25;2;6;6;0;4;1;0;11;13;3;23;5.412758232368587;3;3;0;13;21;5.210843852977284;2;6;0;0;0;1;12;9;2;16;14;0;1;17;13;1;22;6.368859763598053;11;1;6;3;25;1;3;9;4;17;0;1;1;2;6;7;7.898284256520544;5;14;2;0;17;22;-7.374252878043322;5;17;6;0;1;9;7;-4.230060104678528;3;14;4;0;6;5;25;5;4;19;0;6;3;1;0;5;0;1;1;14;8;3;24;2;2;23;-4.310890728162164;18;0;13;8;0;1;0;0;21;-9.757888362178694;12;3;23;8.461671642964788;6;4;22;1.0923528842315129;2;5;1;7;8.894590010707233;16;2;4;10;1;18;14;4;0;4;4;3;18;5;6;3;11;4;5;3;2;1;1;5;4;16;0;0;25;15;1;9;24;6;1;5;15;1;11;19;0;4;0;5;7;-6.354039736752661;1;10;12;5;1;2;24;21;-9.839908248552288;5;24
TRACK:13;9;4;5;0;0;5;4;3;3;2;3;0;12;18;6;0;9;18;1;1;1;5;2;0;1;15;23;-1.010087854693431;3;8;2;6;25;6;8;0;2;1;6;12;0;8;18;0;5;14;3;9;5;4;3;9;5;6;2;0;0;14;13;2;20;-6.302180647503475;21;4.604463658344235;3;2;10;11;2;5;2;5;2;5;20;8.361287361696558;4;7;-6.122925515450046;4;5;6;11;5;4;5;3;0;10;17;6;3;6;6;3;5;2;4;25;3;8
TRACK:14;3;9;1;5;1;6;3;4;1;5;0;0;14;22;4.991784948319722;5;11;5;5;6;15;4;1;3;0;4;6;6;9;3;1;6;15;2;12;12;6;4;5;1;1;22;4.11235992743476;12;5;14;3;3;1;0;1;5;6;1;5;20;3.940093784039769;6;14;5;6;6;4;17;1;0;17;5;6;0;17;8;2;6;3;4;17;6;1;5;18;4;18;2;5;1;1;0;0;8;11;2;17;18;6;0;15;25;2;5;5;14;2;6;18;1;23;-4.618565988378995;8;1;0;6;4;0;25;21;-4.273100267085299;3;6;4;13;2;4;2;1;25;19;1;7;-9.625467296479883;15;4;5;0;21;-3.7364764609539254;7;8.229177339132015
TRACK:15;3;9;1;0;2;1;2;5;6;0;0;4;9;2;24;8;1;2;10;10;6;25;5;2;2;6;5;20;-9.499224034153562;5;5;7;-5.344464982458563;2;2;5;23;2.8045361730800913;3;25;4;3;21;-8.093094851841716;1;3;1;2;4;5;22;-0.13101798697684686;4;0;21;-7.794864910264918;25;3;6;4;23;4.13435960215369;6;2;0;4;1;22;3.2608670220304425;21;1.4832621353424393;4;2;9;17;2;1;1;9;22;1.7463805688068295;4;18;5;0;16;16;2;6;4;3;1;1;2;13;17;2;10;22;1.1209893068662797;3;5;9;0;1;0;2;6;1;25;7;-6.122925515450046;6;6;19;1;4;1;16;13;0;3;9;5;12;3;5;0;2;9;9;5;18;5;5;1;3;5;8;3;5;23;3.311360281167646;1;3;3;6;1;1;1;18;3;16;3;3;25;0;3;0;12;25;0;5;9;5;25;2;6;6;0;4;1;0;11;13;3;23;5.412758232368587;3;3;0;13;21;5.210843852977284;2;6;0;0;0;1;12;9;2;16;14;0;1;17;13;1;22;6.368859763598053;11;1;6;3;25;1;3;9;4;17;0;1;1;2;6;7;7.898284256520544;5;14;2;0;17;22;-7.374252878043322;5;17;6;0;1;9;7;-4.230060104678528;3;14;4;0;6;5;25;5;4;19;0;6;3;1;0;5;0;1;1;14;8;3;24;2;2;23;-4.310890728162164;18;0;13;8;0;1;0;0;21;-9.757888362178694;12;3;23;8.461671642964788;6;4;22;1.0923528842315129;2;5;1;7;8.894590010707233;16;2;4;10;1;18;14;4;0;4;4;3;18;5;6;3;11;4;5;3;2;1;1;5;4;16;0;0;25;15;1;9;24;6;1;5;15;1;11;19;0;4;0;5;7;-6.354039736752661;1;10;12;5;1;2;24;21;-9.839908248552288;5;24
TRACK:16;5;6;6;1;6;6;3;4;1;2;3;5;18;5;6;25;2;1;3;20;-4.001857885220705;1;18;24;0;5;18;3;25;4;5;6;0;5;0;9;6;4;12;2;6;3;4;17;3;3;6;12
TRACK:17;5;6;3;2;1;4;5;6;5;4;2;2;25;22;-3.6074654029094555;6;25;4;1;1;5;3;2;1;13;14;3;7;4.618529150991009;4;4;21;-8.668730307761392;4;6;1;3;3;17;6;1;19;9;3;5;6;4;0;1;6;4;23;0.12070545473202543;3;5;23;-2.2035569565090984;0;2;1;18;9;1;22;-1.8808895698675254;10;6;2;18;17
TRACK:18;1;8;6;2;0;1;5;0;1;3;6;2;25;16;3;4;1;13;13;4;1;5;2;7;6.315454661611891;21;0.0020990115267220943;2;6;10;1;15;21;-3.396727790283787;2;1;6;1;5;6;14;2;3;10;6;24;4;3;0;1;22;0.02873875468655207;15;0;14;17;1;1;3;4;2;24;7;-0.9103980169869779;4;5;5;22;2.147160768064797;1;5;5;5;16;4;6;1;20;-9.687446714045368;16;0;0;0;5;5;4;4;14;2;6;2;4;13;5;10;4;5;6;24;5;0;1;5;2;9;13;5;4;22;-7.529488634423494;1;2;4;24;1;12;14;4;4;12;5;2;0;2;4;1;17;23;-4.206051741293473;1;1;13;14;6;16;3;6;0;9;21;9.321993186572499;0;4;14;3;2;3;22;9.283806713555926;1;19;9;3;2;5;4;1;2;5;4;22;-7.800754036472092;2;3;18;6;21;-4.120026250168354;3;5;2;15;20;6.936544827334295;2;3;1;4;4;4;19;1;1;1;14;7;2.506418588475869;1;15;20;2.370884575997369;6;6;25;1;5;6;6;3;19;6;2;4;0;21;-9.522203833226273;7;-6.774785840005155;3;0;10;22;3.1807941510229636
TRACK:19;1;8;5;4;2;2;3;2;4;6;6;5;23;4.635730651306398;0;2;4;1;14;16;3;0;10;22;-8.014155309267682;1;4;1;15;10;6;5;24;5;0;0;5;2;1;22;2.3973296736713916;8;5;20;4.124065254900435;25;3;1;3;4;14;2;1;8;16;2;14;16;0;5;5;1;3;0;5;10;2;18;24;1;5;6;22;-0.7707393004792031;1;2;12;15;0;8;20;-1.22928116838189;5;3;0;2;2;0;16;14;2;24;16;1;0;25;23;4.159837156617169;0;15;25;2;1;0;10;20;-8.608927168926252;5;17;0;5;12;4;23;3.967574850125235
TRACK:20;10;-1;5;4;2;2;3;2;4;6;6;5;23;4.509464722498836;0;2;4;1;14;16;3;0;20;7.54727432612802;22;-8.06591940739451;1;4;1;15;10;6;5;24;5;0;0;5;2;1;22;2.4504978242658404;8;5;20;4.102357494399677;6;4;3;16;3;1;3;4;14;2;1;8;16;2;14;16;0;5;5;1;3;0;5;10;2;18;24;1;5;6;22;-0.9063783409905815;1;2;12;15;0;8;20;-1.1889077548226084;5;3;0;2;2;0;16;14;2;24;16;1;0;25;23;4.253003469412893;0;15;25;2;1;0;10;20;-8.638500132806202;5;17;0;5;12;4;23;4.069169944862178
TRACK:21;12;-1;1;0;2;1;2;5;6;0;0;4;9;2;24;8;1;2;10;10;3;23;6.966465201899801;5;2;2;6;5;20;-9.371537395184193;5;5;20;8.328605023769768;2;2;5;23;2.7456336009712285;3;25;4;3;21;-7.9849438270464015;1;3;1;2;4;5;22;-0.11767340757018649;4;0;21;-7.81121620817098;25;3;6;4;23;4.1733406574777865;6;2;0;4;1;22;3.3355265769093827;21;1.4901382774367682;4;2;9;17;2;1;1;9;22;1.6550839274485138;4;18;5;0;16;16;2;6;4;3;1;1;2;13;17;2;10;22;0.9193934187266948;3;5;9;0;1;0;2;6;1;25;7;-6.0434372424415574;6;6;19;1;4;1;16;13;0;3;9;5;12;3;5;0;2;9;9;5;18;5;5;1;3;5;8;3;5;23;3.235420489051056;1;3;3;6;1;1;1;3;25;3;16;3;3;25;0;3;0;12;25;0;5;9;5;25;2;6;6;0;4;1;0;11;13;3;23;5.5748883479236335;3;3;0;13;21;5.047569568743205;2;6;0;0;0;1;12;9;2;16;14;0;1;17;13;1;22;6.42672960935099;11;1;6;3;25;1;3;9;4;17;0;1;1;2;6;7;7.859152108014181;5;14;2;0;17;22;-7.4351564977036215;5;17;6;0;1;9;7;-4.271530012414826;3;14;4;0;6;5;25;5;4;19;0;6;3;1;0;5;0;1;1;14;8;3;24;2;2;23;-4.318546270235876;18;0;13;8;0;1;0;0;21;-9.691657741875764;12;3;23;8.286676314945261;6;4;22;1.0957952091963592;2;5;1;7;9.04509615609079;16;2;4;10;1;18;14;4;0;4;4;3;18;5;6;3;11;4;5;3;2;1;1;5;4;16;0;0;25;15;1;9;24;6;1;5;15;1;11;19;0;4;0;5;7;-6.330943359342437;1;10;12;5;1;2;24;21;-9.674003775915608;5;24
TRACK:22;14;-1;1;5;1;6;3;4;1;5;0;0;14;22;4.908290076774719;5;11;5;5;6;15;4;1;3;0;4;6;6;9;3;1;6;15;2;12;12;6;4;5;1;1;22;4.14390336035998;12;5;14;3;3;1;0;1;5;6;1;5;20;3.9353540662222177;6;14;5;6;6;4;17;1;0;17;5;6;0;17;8;2;6;3;4;17;6;1;5;18;4;18;2;5;1;1;0;0;8;11;2;17;18;6;0;15;25;2;5;5;14;2;6;18;1;23;-4.690336032448173;8;1;0;6;4;0;25;21;-4.190643882479775;6;20;-8.30629576985766;2;4;2;1;25;19;1;7;-9.548392332822955;15;4;5;0;21;-3.6050486586663233;7;8.075909242359941
TRACK:23;16;-1;6;1;6;6;3;4;1;2;3;5;18;5;6;25;2;1;3;20;-3.8814469591441085;1;18;24;0;5;18;3;25;4;5;6;0;5;0;9;6;4;12;2;6;3;4;17;3;3;1;14;8
TRACK:24;18;-1;6;2;0;1;5;0;1;3;6;2;25;16;3;4;1;13;13;4;1;5;2;7;6.332010250326034;21;0.07402041650820866;2;6;10;1;15;21;-3.4568337302558065;2;1;6;1;5;6;14;2;3;10;6;24;4;3;0;1;22;-0.14082577532964238;15;0;14;17;1;1;3;4;2;24;7;-1.0209095653374236;4;5;5;22;2.1556371836767236;1;5;5;5;16;4;6;1;20;-9.616307804684979;16;0;0;0;5;5;4;4;14;2;6;2;4;13;5;10;4;5;6;24;5;0;1;5;2;9;13;5;4;22;-7.429351182710889;1;2;4;24;1;12;14;4;4;12;5;2;0;2;4;1;17;23;-4.280515741458807;1;1;13;14;6;16;3;6;0;9;21;9.273458379282017;0;4;14;3;2;3;22;9.347794906493544;1;19;9;3;2;5;4;1;2;5;1;7;-4.298616328260301;21;-0.956849317179957;2;3;18;6;21;-4.077957095094775;3;5;2;15;20;6.993901306984004;2;3;1;4;4;4;19;1;1;1;14;7;2.37958147039588;1;15;20;2.407436441045851;6;6;25;1;5;6;6;3;19;6;2;4;0;21;-9.565956565097725;7;-6.561330007682393;3;0;10;22;3.157495606478876
TRACK:25;11;-1;2;1;1;5;2;0;3;6;1;3;16;1;12;17;0;4;6;2;15;12;2;5;6;13;3;1;20;-0.2721936989412262;25;0;3;5;1;1;22;-6.528734128450901;21;-3.923897592686842;3;9;4;2;5;5;23;5.823110271338101;3;0;20;1.9867346556794088;15;5;4;0;1;3;2;2;23;2.318009368020456;8;4;20;-4.0822026664595485;4;1;2;7;-0.5813272995614323;15;4;14;2;5;5;0;8;16;1;0;6;19;5;18;1;2;25;19;5;13;6;6;3;3;2;0;1;2;16;24;16;4;3;23;-4.092102877732352;1;1;5;18;1;21;-6.600870404568776;9;4;0;19;19;1;3;6;5;5;0;5;4;3;12;3;0;2;14;14;1;19;16;5;2;19;18
TRACK:26;13;-1;5;0;0;5;4;3;3;2;3;0;12;18;6;0;9;18;1;1;1;5;2;0;1;15;23;-1.005214393225333;3;8;2;6;25;6;8;0;2;1;6;12;0;15;18;0;5;14;3;9;5;4;3;9;5;6;2;0;0;14;13;2;20;-6.064191307685853;21;4.588515743936383;3;2;10;11;2;5;2;5;2;5;20;8.275054603192414;4;7;-6.0460319315460245;4;5;6;11;5;4;5;3;0;10;17;6;3;6;6;3;5;2;4;25;3;8
TRACK:27;15;-1;1;0;2;1;2;5;6;0;0;4;9;2;24;8;1;2;10;10;6;25;5;2;2;6;5;20;-9.408018292338987;5;5;7;-5.370912459389028;2;2;5;23;2.7747410059075626;3;25;4;3;21;-8.116914973118758;1;3;1;2;4;5;22;-0.1974337963101888;4;0;21;-7.9260283554780955;25;3;6;4;23;4.048624243719719;6;2;0;4;1;22;3.228839004967948;21;1.4258136934841985;4;2;9;17;2;1;1;9;22;1.769446199656486;4;18;5;0;16;16;2;6;4;3;1;1;2;13;17;2;10;22;1.190699511085801;3;5;9;0;1;0;2;6;1;25;7;-5.954200417925147;6;6;19;1;4;1;16;13;0;3;9;5;12;3;5;0;2;9;9;5;18;5;5;1;3;5;8;3;5;23;3.281320555579704;1;3;3;6;1;1;1;18;3;16;3;3;25;6;10;2;6;6;0;4;1;0;11;13;3;23;5.2650699781957275;3;3;0;13;21;5.263613397619692;2;6;0;0;0;1;12;9;2;16;14;0;1;17;13;1;22;6.381258436785916;11;1;6;3;25;1;3;9;4;17;0;1;1;2;6;7;7.906491160110178;5;14;2;0;17;22;-7.314027120237309;5;17;6;0;1;9;7;-4.237770180292783;3;14;4;0;6;5;25;5;4;19;0;6;3;1;0;5;0;1;1;14;8;3;24;2;2;23;-4.35132549161946;18;0;13;8;0;1;0;0;21;-9.737133425547505;12;3;23;8.507019580439811;6;4;22;1.057006623548658;2;5;1;7;8.917243121392376;16;2;4;10;1;18;14;4;0;4;4;3;18;5;6;3;11;4;5;3;2;1;1;5;4;16;0;0;25;15;1;9;24;6;1;5;15;1;11;19;0;4;0;5;7;-6.368400112272839;1;10;12;5;1;2;24;21;-9.918376379939323;5;24
TRACK:28;17;-1;3;2;1;4;5;6;5;4;2;2;25;22;-3.79522237814382;6;25;4;1;1;5;3;2;1;13;14;3;7;4.623984632871536;4;0;3;1;19;23;-2.6989750270162682;4;1;24;7;-8.708096757526292;4;6;1;3;3;17;6;1;19;9;3;5;6;4;0;1;6;4;23;0.059311095931271825;3;5;23;-2.3601278887376216;0;2;1;18;9;1;22;-1.833851008767087;10;6;2;18;17
TRACK:29;19;-1;5;4;2;2;6;0;1;4;3;13;1;5;15;4;13;2;2;4;17;2;19;25;4;4;22;-0.415089590956617;5;0;0;5;2;1;22;2.22854925451477;8;5;20;4.0342933187235275;25;3;1;3;4;14;2;1;8;16;2;14;16;0;5;5;1;3;0;5;10;2;18;24;1;5;6;22;-0.8419103397709119;1;2;12;15;0;8;20;-1.234167690058731;5;3;0;2;2;0;16;14;2;24;16;1;0;25;23;4.21709674931949;0;15;25;2;1;0;10;20;-8.588200132151096;5;17;0;5;12;4;23;3.995209285087763
EVAL_INSTANCE:1:0:20
EVAL_INSTANCE:1:1:21
EVAL_INSTANCE:1:2:22
EVAL_INSTANCE:1:3:23
EVAL_INSTANCE:1:4:24
EVAL_INSTANCE:1:5:25
EVAL_INSTANCE:1:6:26
EVAL_INSTANCE:1:7:27
EVAL_INSTANCE:1:8:28
EVAL_INSTANCE:1:9:29
RUN_RESULT:1:0:0:2000:----
RUN_RESULT:1:1:0:2000:----
RUN_RESULT:1:2:0:2000:----
RUN_RESULT:1:3:0:2000:----
RUN_RESULT:1:4:0:2000:----
RUN_RESULT:1:5:0:2000:----
RUN_RESULT:1:6:0:2000:----
RUN_RESULT:1:7:0:2000:----
RUN_RESULT:1:8:0:2000:----
RUN_RESULT:1:9:0:2000:----
     2 |       20 |  0.000000E+00 | -0.000000E+00
TRACK:30;5;2;6;1;6;6;3;4;1;2;3;5;18;5;6;25;2;1;3;20;-4.001857885220705;1;18;24;0;5;18;3;25;4;5;6;0;5;0;22;-5.218509690933848;6;4;12;2;6;3;4;17;3;3;6;12
TRACK:31;5;2;4;2;4;6;1;6;0;5;6;1;23;-5.30978755979069;18;6;6;4;9;5;0;5;18;3;25;3;2;0;3;5;2;2;5;11;1;14;8;5;4;12;0;5;2;0;1;14;21;7.873851360550713;2;22;8.419442386046821;14;0;4;19;6;12;5;3;3;0;22;-5.218509690933848;18;5;6;0;5;0;1;19;8;0;14;23;-0.41950358716877467;6;0;4;19;0;25;16
TRACK:32;6;4;3;2;1;4;5;6;5;4;2;2;25;22;-3.6074654029094555;6;25;4;1;1;5;3;2;1;13;14;3;20;8.171550456075863;4;4;6;1;16;25;4;6;1;3;3;17;6;1;19;9;3;5;6;4;0;1;6;4;23;0.12070545473202543;3;5;23;-2.2035569565090984;0;2;1;18;9;1;22;-1.8808895698675254;10;6;2;18;17
TRACK:33;6;4;5;0;0;5;4;3;3;2;3;0;12;18;6;0;9;18;1;1;1;5;2;0;1;15;23;-1.010087854693431;3;8;2;6;25;6;8;0;2;1;6;12;0;8;18;0;5;14;3;9;5;4;3;9;5;6;2;0;0;14;13;2;20;-6.302180647503475;21;4.604463658344235;3;2;10;11;2;5;2;5;2;5;20;8.361287361696558;4;20;8.171550456075863;4;5;6;11;5;4;5;3;0;10;17;1;22;-1.8808895698675254;10
TRACK:34;0;9;2;3;5;3;5;1;1;2;1;3;18;6;10;0;2;8;22;6.166854420213021;0;22;0.1857745325288498;19;6;2;3;16;4;13;0;6;0;2;16;11;5;13;2;3;2;12;22;-7.736175126214531;0;6;17;5;24;3;3;5;0;5;4;4;3;5;19;0;0;3;1;4;9;1;24;13;4;0;3;13;4;18;6;0;1;3;22;-1.76040891228757;6;10;5;0;10;10
TRACK:35;0;9;1;0;2;1;2;5;6;0;0;4;9;2;24;8;1;2;10;10;6;25;5;2;2;6;5;20;-9.499224034153562;5;5;7;-5.344464982458563;2;2;5;23;2.8045361730800913;3;25;4;3;21;-8.093094851841716;1;3;1;2;4;5;22;-0.13101798697684686;4;0;21;-7.794864910264918;25;3;6;4;23;4.13435960215369;6;2;0;4;1;22;3.2608670220304425;21;1.4832621353424393;4;2;9;17;2;1;1;9;22;1.7463805688068295;4;18;5;0;16;16;2;6;4;3;1;1;2;13;17;2;10;22;1.1209893068662797;3;5;9;0;1;0;2;6;1;25;7;-6.122925515450046;6;6;19;1;4;1;16;13;0;3;9;5;12;3;5;0;2;9;9;5;18;5;5;1;3;5;8;3;5;23;3.311360281167646;1;3;3;6;1;1;1;3;25;3;16;3;3;25;0;3;0;12;25;0;5;9;5;25;2;6;6;0;4;1;0;11;13;3;23;5.412758232368587;3;3;0;13;21;5.210843852977284;2;6;0;0;0;1;12;9;2;16;14;0;1;17;13;1;22;6.368859763598053;11;1;6;3;25;1;3;9;4;17;0;1;1;2;6;7;7.898284256520544;5;14;2;0;17;22;-7.374252878043322;5;17;6;0;1;9;7;-4.230060104678528;3;14;4;0;6;5;25;5;4;19;0;6;3;1;0;5;0;1;1;14;8;3;24;2;2;23;-4.310890728162164;18;0;13;8;0;1;0;0;21;-9.757888362178694;12;3;23;8.461671642964788;6;4;22;1.0923528842315129;2;5;1;7;8.894590010707233;16;2;4;10;1;18;14;4;0;4;4;3;18;5;6;3;11;4;5;3;2;1;1;5;4;16;0;0;25;15;1;9;24;6;1;5;15;1;11;19;0;0;6;17;5;24;5;1;2;24;21;-9.839908248552288;5;24
TRACK:36;8;7;5;4;2;2;3;2;4;6;6;5;23;-4.202540099888889;0;2;4;1;14;16;3;0;10;22;-8.014155309267682;1;4;1;15;10;6;5;24;5;0;0;5;2;1;22;2.3973296736713916;8;5;20;4.124065254900435;6;4;3;16;3;1;3;4;14;2;1;8;16;2;14;16;0;5;5;1;3;0;5;10;2;18;24;1;5;6;22;-0.7707393004792031;1;2;12;15;0;8;20;-1.22928116838189;5;3;0;2;2;0;16;14;2;24;16;1;0;25;23;4.159837156617169;0;15;25;2;1;0;10;20;-8.608927168926252;5;17;0;5;12;4;23;3.967574850125235
TRACK:37;8;7;2;1;1;5;2;0;3;6;1;3;16;1;12;17;0;4;6;2;15;12;2;5;6;13;3;1;20;-0.24698390480495824;25;0;3;5;1;1;22;-6.5174545344852515;21;-3.918530838179814;3;9;4;2;5;5;23;5.93470900679938;3;0;20;2.0201316169353216;15;5;4;0;1;3;2;2;23;2.3482003395312763;8;4;20;-4.091437552342143;4;1;2;7;-0.5882727476582517;15;4;14;2;5;5;0;8;16;1;0;6;19;5;18;1;12;5;13;6;6;3;3;2;0;1;2;16;24;0;22;-6.040627089605888;15;4;3;23;-4.202540099888889;1;1;5;18;1;21;-6.716758365729132;9;4;0;19;19;1;3;6;5;5;0;5;4;3;12;3;0;2;14;14;1;19;16;5;6;1;5;6;2;0;5;25;4;20;-2.9553149788213995;4;0;23;-8.568362190186328;11;6;1;5;0;3;21;-8.404935025272703;0;15;9;1;1;4;20;7.665704473583883;4;19;1;3;7;5.138355166497966;3;16
TRACK:38;0;5;2;3;5;3;5;1;1;2;1;3;18;6;10;0;2;8;22;6.166854420213021;0;22;0.1857745325288498;19;6;2;3;16;4;13;0;6;0;2;16;11;5;13;3;25;3;3;5;0;5;4;4;3;5;17;0;0;3;1;4;9;1;24;13;4;0;3;13;4;18;6;0;1;3;22;-1.76040891228757;6;10;5;0;10;10
TRACK:39;0;5;6;1;6;6;3;4;1;2;3;5;18;5;6;25;2;1;3;20;-4.001857885220705;1;18;24;0;5;18;3;25;4;5;6;0;5;0;6;0;21;-8.668730307761392;19;6;22;-7.736175126214531;2;6;3;4;17;3;3;6;12
TRACK:40;30;-1;6;1;6;6;3;4;1;2;3;5;18;5;6;25;2;1;3;20;-3.7158231139267333;1;18;24;0;5;18;3;25;4;5;6;6;3;2;1;5;20;4.021638014372682;2;12;25;2;2;13;17;3;24
TRACK:41;32;-1;3;2;1;4;5;6;5;4;2;2;25;22;-3.4146568819985266;6;25;4;1;1;5;3;2;1;13;14;3;20;8.101891050603058;4;4;6;1;16;25;4;6;1;3;3;17;6;1;19;9;3;5;6;4;0;1;6;4;23;0.22001522082106711;3;5;23;-2.3599485026061275;0;2;6;23;-2.7932938592728256;1;22;-1.7557395644263318;10;6;2;18;17
TRACK:42;34;-1;2;3;5;3;5;1;1;2;1;3;18;6;10;0;2;8;22;6.099818414008088;0;22;0.33728029202183624;19;6;2;3;16;4;13;0;6;0;2;16;11;5;13;2;3;2;12;22;-7.640130791287822;5;17;3;3;5;0;5;4;4;3;5;19;0;0;3;1;4;9;1;24;13;4;0;3;13;4;18;6;0;1;3;22;-1.854282844302486;6;10;5;0;10;10
TRACK:43;36;-1;5;4;2;2;3;2;4;6;6;5;23;-4.177389936965879;0;2;4;1;14;16;3;0;10;22;-8.246486242499287;1;4;1;15;10;6;5;24;5;0;0;5;2;1;22;2.2709508297579246;8;5;20;4.112526428213381;6;4;3;16;3;1;3;4;14;2;1;8;16;2;14;16;0;5;4;18;5;3;0;2;2;0;16;14;2;24;16;1;0;25;23;4.145952846471657;0;15;25;2;1;0;10;20;-8.599285664101313;5;17;0;5;12;4;23;3.8522439160430806
TRACK:44;38;-1;2;3;5;3;5;1;1;2;1;3;18;6;10;0;2;8;22;6.10997686428974;0;22;0.3425345100491667;19;6;2;3;16;4;13;0;6;0;2;16;11;5;13;3;25;3;0;4;2;3;8;0;8;15;5;3;0;14;12
TRACK:45;31;-1;4;2;4;6;1;6;0;5;6;1;23;-5.437384766183081;18;6;6;4;9;5;0;5;18;3;3;4;14;3;2;0;3;5;2;2;5;11;1;14;8;5;4;12;0;5;2;0;1;14;21;7.837077066143454;2;22;8.43463362983597;14;0;4;19;6;12;5;3;3;0;22;-5.083264884744127;18;5;6;0;5;0;1;19;8;0;14;23;-0.3774017196488068;6;0;4;19;0;25;16
TRACK:46;33;-1;5;0;0;5;4;3;3;2;3;0;12;18;6;0;9;18;1;1;1;5;1;1;2;17;13;6;25;3;4;15;0;2;1;6;12;0;8;18;0;5;14;3;9;5;4;3;9;5;6;2;0;0;14;13;2;20;-6.511992091515195;21;4.519457148692555;3;2;10;11;2;5;2;5;2;5;20;8.359904306108506;4;20;8.050807346798958;4;5;6;11;5;4;5;3;0;10;17;1;22;-1.8077254258635953;10
TRACK:47;35;-1;1;0;2;1;2;5;6;0;0;4;9;2;24;8;1;2;10;10;6;25;5;2;2;6;5;20;-9.37770082746751;5;5;7;-5.433856780707435;2;2;5;23;2.583095008840851;3;25;4;3;21;-8.300436124827476;1;3;1;2;4;5;22;-0.12859401876003287;4;0;21;-7.865000852456291;25;3;6;4;23;4.09385180709067;6;2;0;4;1;22;3.3669024190113643;21;1.5404682152608462;4;2;9;17;2;1;1;9;22;1.7334109974576302;4;18;5;0;16;16;2;6;4;3;1;1;2;13;17;2;10;22;1.1833113995649829;3;5;9;0;1;0;2;6;1;25;7;-6.155229867633843;6;6;19;1;4;1;16;13;0;3;9;5;12;3;5;0;2;9;9;5;18;5;5;1;3;5;8;3;5;23;3.3758757914013415;1;3;3;6;1;1;1;3;25;3;16;3;3;25;0;3;0;12;25;0;5;9;5;25;2;6;6;0;4;1;0;11;13;3;23;5.424947407402962;3;3;0;13;21;5.244439966884073;2;6;0;0;0;1;12;9;2;16;14;0;1;17;13;1;22;6.468550346418842;11;1;6;3;25;1;3;9;4;17;0;1;1;2;6;7;7.894516780313168;5;14;2;0;17;22;-7.312359647917025;5;17;6;0;1;9;7;-4.311935772265553;3;14;4;0;6;5;25;5;4;19;0;6;3;1;0;5;0;1;1;14;8;3;24;2;2;23;-4.305827641044987;18;0;13;8;0;1;0;0;21;-9.648050979016922;12;3;23;8.544670481426602;6;4;22;1.0249365560519523;2;5;1;7;8.815780586091476;16;2;4;10;1;18;14;4;0;4;4;3;18;5;6;3;11;4;5;3;2;1;1;5;4;16;0;0;25;15;1;9;24;6;1;5;15;1;11;19;0;0;6;17;5;24;5;1;2;24;21;-9.754862129640433;5;24
TRACK:48;37;-1;2;1;1;5;2;0;3;6;1;3;16;1;12;17;0;4;6;2;15;12;2;5;6;13;3;1;20;-0.1823094670162498;25;0;3;5;1;1;22;-6.4963253335451565;21;-3.938473499559682;3;9;4;2;5;5;23;5.803309207477635;3;0;20;1.9722441195696752;15;5;4;0;1;3;2;2;23;2.3628286868374584;8;4;20;-4.047217143898153;4;1;2;7;-0.6629340941352423;15;4;14;2;5;5;0;8;16;1;0;6;19;5;18;1;12;5;13;6;6;3;3;2;0;1;2;16;24;0;22;-6.179182505733189;15;4;3;23;-4.283338774292032;1;1;5;18;1;21;-6.760803146576438;9;4;0;19;19;1;3;6;5;5;0;5;4;3;12;3;0;2;14;14;1;19;16;5;6;1;5;6;2;0;5;25;4;20;-2.8181995408642324;4;0;23;-8.533614184552187;11;6;1;5;0;3;21;-8.49711272997237;0;15;9;1;1;4;20;7.747475403424842;4;19;1;3;7;5.147437547785855;3;16
TRACK:49;39;-1;6;1;6;6;3;4;1;2;3;5;18;5;6;25;2;1;3;20;-3.869934278866269;1;16;24;0;5;18;3;25;4;5;6;0;5;0;6;0;21;-8.604311493689142;19;6;22;-7.800020478542265;2;6;3;4;17;3;3;6;12
EVAL_INSTANCE:2:0:40
EVAL_INSTANCE:2:1:41
EVAL_INSTANCE:2:2:42
EVAL_INSTANCE:2:3:43
EVAL_INSTANCE:2:4:44
EVAL_INSTANCE:2:5:45
EVAL_INSTANCE:2:6:46
EVAL_INSTANCE:2:7:47
EVAL_INSTANCE:2:8:48
EVAL_INSTANCE:2:9:49
RUN_RESULT:2:0:0:2000:----
RUN_RESULT:2:1:0:2000:----
RUN_RESULT:2:2:0:2000:----
RUN_RESULT:2:3:0:2000:----
RUN_RESULT:2:4:0:2000:----
RUN_RESULT:2:5:0:2000:----
RUN_RESULT:2:6:0:2000:----
RUN_RESULT:2:7:0:2000:----
RUN_RESULT:2:8:0:2000:----
RUN_RESULT:2:9:0:2000:----
     3 |       30 |  0.000000E+00 | -0.000000E+00
TRACK:50;9;8;1;0;2;1;2;5;6;0;0;4;9;2;24;8;1;2;10;10;6;25;5;2;2;6;5;20;-9.499224034153562;5;5;7;-5.344464982458563;2;2;5;23;2.8045361730800913;3;25;4;3;21;-8.093094851841716;1;3;1;2;4;5;22;-0.13101798697684686;4;0;21;-7.794864910264918;25;3;6;4;23;4.13435960215369;6;2;0;4;1;22;3.2608670220304425;21;1.4832621353424393;4;2;9;17;2;1;1;9;22;1.7463805688068295;4;18;5;0;16;16;2;6;4;3;1;1;2;13;17;2;10;22;1.1209893068662797;3;5;9;0;1;6;5;23;4.635730651306398;3;5;0;2;9;9;5;18;5;5;1;3;5;8;3;5;23;3.311360281167646;1;3;3;6;1;1;1;3;25;3;16;3;3;25;0;3;0;12;25;0;5;9;5;25;2;6;6;0;4;1;0;11;13;3;23;5.412758232368587;3;3;0;13;21;5.210843852977284;2;6;0;0;0;1;12;9;2;16;14;0;1;17;13;1;22;6.368859763598053;11;1;6;3;25;1;3;9;4;17;0;1;1;2;6;7;7.898284256520544;5;14;2;0;17;22;-7.374252878043322;5;17;6;0;1;9;7;-4.230060104678528;3;14;4;0;6;5;25;5;4;19;0;6;3;1;0;5;0;1;1;14;8;3;24;2;2;23;-4.310890728162164;18;0;13;8;0;1;0;0;21;-9.757888362178694;12;3;23;8.461671642964788;6;4;22;1.0923528842315129;2;5;1;7;8.894590010707233;16;2;4;10;1;18;14;4;0;4;4;3;18;5;6;3;11;4;5;3;2;1;1;5;4;16;0;0;25;15;1;9;24;6;1;5;15;1;11;19;0;4;0;5;7;-6.354039736752661;1;10;12;5;1;2;24;21;-9.839908248552288;5;24
TRACK:51;9;8;5;4;2;2;3;2;4;6;6;5;23;4.635730651306398;0;2;4;1;14;16;3;0;10;22;-8.014155309267682;1;4;1;15;10;6;5;24;5;0;0;5;2;1;22;2.3973296736713916;8;5;20;4.124065254900435;6;4;3;16;3;1;3;4;14;2;1;8;16;2;14;16;0;5;5;1;3;0;5;10;2;18;24;1;5;6;22;-0.7707393004792031;1;2;12;15;0;8;20;-1.22928116838189;5;3;0;2;2;0;16;14;2;24;16;1;0;25;23;4.159837156617169;0;15;25;2;1;0;10;20;-8.608927168926252;5;17;0;5;12;4;21;-9.757888362178694
TRACK:52;4;7;5;0;0;5;4;3;3;2;3;0;12;18;6;0;9;18;1;1;1;5;2;0;1;15;23;-1.010087854693431;3;8;2;6;25;6;8;0;2;1;6;12;0;8;18;0;5;25;3;9;5;4;3;9;5;6;2;0;0;14;13;2;20;-6.302180647503475;21;4.604463658344235;3;2;10;11;2;5;2;5;2;5;20;8.361287361696558;4;20;8.171550456075863;4;5;6;11;5;4;5;3;0;10;17;6;3;6;6;3;5;2;4;25;3;8
TRACK:53;4;7;2;1;1;5;2;0;3;6;1;3;16;1;12;17;0;4;6;2;15;12;2;5;6;20;8.361287361696558;3;1;20;-0.24698390480495824;25;0;3;5;1;1;22;-6.5174545344852515;21;-3.918530838179814;3;9;4;2;5;5;23;5.93470900679938;3;0;20;2.0201316169353216;15;5;4;0;1;3;2;2;23;2.3482003395312763;8;4;20;-4.091437552342143;4;1;2;7;-0.5882727476582517;15;4;14;2;5;5;0;8;16;1;0;6;19;5;18;1;2;25;19;5;13;6;6;3;3;2;0;1;2;16;24;0;22;-6.040627089605888;15;4;3;23;-4.202540099888889;1;1;5;18;1;21;-6.716758365729132;9;4;0;19;19;1;3;6;5;5;0;5;4;3;12;3;0;2;14;14;1;19;16;5;6;1;5;6;2;0;5;25;4;20;-2.9553149788213995;4;0;23;-8.568362190186328;11;6;1;5;0;3;21;-8.404935025272703;0;15;9;1;1;4;20;7.665704473583883;4;19;1;3;7;5.138355166497966;3;16
TRACK:54;3;9;1;5;1;6;3;4;1;5;0;0;14;22;4.991784948319722;5;11;5;5;6;15;4;1;3;0;4;6;6;9;3;1;6;15;2;12;12;6;4;5;1;1;22;4.11235992743476;12;5;14;3;3;1;0;1;5;6;1;5;20;3.940093784039769;6;14;5;6;6;4;17;1;0;1;2;0;12;16;2;24;12;4;0;13;20;-4.5371671661691115;5;6;18;2;6;3;4;17;6;1;5;18;4;18;2;5;1;1;0;0;8;11;2;17;18;6;0;15;25;2;5;5;14;2;6;18;1;23;-4.618565988378995;8;1;0;6;4;0;25;21;-4.273100267085299;3;6;4;13;2;4;2;1;25;19;1;7;-9.625467296479883;15;4;5;0;21;-3.7364764609539254;7;8.229177339132015
TRACK:55;3;9;1;0;2;1;2;5;6;0;0;4;9;2;24;8;1;2;10;10;6;25;5;2;2;6;5;20;-9.499224034153562;5;5;7;-5.344464982458563;2;2;5;23;2.8045361730800913;3;25;4;3;21;-8.093094851841716;1;3;1;2;4;5;22;-0.13101798697684686;4;0;21;-7.794864910264918;25;3;6;4;23;4.13435960215369;6;2;0;4;1;22;3.2608670220304425;21;1.4832621353424393;4;2;9;17;2;1;1;9;22;1.7463805688068295;4;18;5;13;2;6;4;3;1;1;2;13;17;2;10;22;1.1209893068662797;3;5;9;0;1;0;2;6;1;25;7;-6.122925515450046;6;6;19;1;4;1;16;13;0;3;9;5;12;3;5;0;2;9;9;5;18;5;5;1;3;5;8;3;5;23;3.311360281167646;1;3;3;6;1;1;1;3;25;3;16;3;3;25;0;3;0;12;25;0;5;9;5;25;2;6;6;0;4;1;0;11;13;3;23;5.412758232368587;3;3;0;13;21;5.210843852977284;2;6;0;0;0;1;12;9;2;16;14;0;1;17;13;1;22;6.368859763598053;11;1;6;3;25;1;3;9;4;17;0;1;1;2;6;7;7.898284256520544;5;14;2;0;17;22;-7.374252878043322;5;17;6;0;1;9;7;-4.230060104678528;3;14;4;0;6;5;25;5;4;19;0;6;3;1;0;5;0;1;1;14;8;3;24;2;2;23;-4.310890728162164;18;0;13;8;0;1;0;0;21;-9.757888362178694;12;3;23;8.461671642964788;6;4;22;1.0923528842315129;2;5;1;7;8.894590010707233;16;2;4;10;1;18;14;4;0;4;4;3;18;5;6;3;11;4;5;3;2;1;1;5;4;16;0;0;25;15;1;9;24;6;1;5;15;1;11;19;0;4;0;5;7;-6.354039736752661;1;10;12;5;1;2;24;21;-9.839908248552288;5;24
TRACK:56;7;1;2;1;1;5;2;0;3;6;1;3;16;1;12;17;0;4;6;2;15;12;2;5;7;6.315454661611891;3;1;20;-0.24698390480495824;25;0;3;5;1;1;22;-6.5174545344852515;21;-3.918530838179814;3;9;4;2;5;5;23;5.93470900679938;3;0;20;2.0201316169353216;15;5;4;0;1;3;2;2;23;2.3482003395312763;8;4;20;-4.091437552342143;4;1;2;7;-0.5882727476582517;15;4;14;2;5;5;0;8;16;1;0;6;19;5;18;1;2;25;19;5;13;6;6;3;3;2;0;1;2;16;24;0;22;-6.040627089605888;15;4;3;23;-4.202540099888889;1;1;5;18;1;21;-6.716758365729132;9;4;0;19;19;1;3;6;5;5;0;5;4;3;12;3;0;2;14;14;1;19;16;5;6;1;5;6;2;0;5;25;4;20;-2.9553149788213995;4;0;23;-8.568362190186328;11;6;1;5;0;3;21;-8.404935025272703;0;15;9;1;1;4;20;7.665704473583883;4;19;1;3;7;5.138355166497966;3;16
TRACK:57;7;1;6;2;0;1;5;0;1;3;6;2;25;16;3;4;1;13;13;4;1;5;2;7;6.315454661611891;21;0.0020990115267220943;2;6;10;1;15;21;-3.396727790283787;2;1;6;1;5;6;14;2;3;10;6;24;4;3;0;1;22;0.02873875468655207;15;0;14;17;1;1;3;4;2;24;7;-0.9103980169869779;4;5;5;22;2.147160768064797;1;5;5;5;16;4;6;1;20;-9.687446714045368;16;0;0;0;5;5;4;4;14;2;6;2;4;13;5;10;4;5;6;24;5;0;1;5;2;9;13;5;4;22;-7.529488634423494;1;2;4;24;13;4;4;12;5;2;0;2;4;1;17;23;-4.206051741293473;1;1;13;14;6;16;3;6;0;9;21;9.321993186572499;0;4;5;6;19;3;2;3;22;9.283806713555926;1;19;9;3;2;5;4;1;2;5;4;22;-7.800754036472092;2;3;18;6;21;-4.120026250168354;3;5;2;15;20;6.936544827334295;2;3;1;4;4;4;19;1;1;1;14;7;2.506418588475869;1;15;20;2.370884575997369;6;6;25;1;5;6;6;3;19;6;2;4;0;21;-9.522203833226273;7;-6.774785840005155;3;0;10;22;3.1807941510229636
TRACK:58;8;0;5;4;2;2;3;2;4;6;6;8;0;2;4;1;14;16;3;0;10;22;-8.014155309267682;1;4;1;15;10;6;5;24;5;0;0;5;2;1;22;2.3973296736713916;8;5;20;4.124065254900435;6;4;3;16;3;1;3;4;14;2;1;8;16;2;14;16;0;5;5;1;3;0;5;10;2;18;24;1;5;6;22;-0.7707393004792031;1;2;12;15;0;8;20;-1.22928116838189;5;3;0;2;2;0;16;14;2;24;16;1;0;25;23;4.159837156617169;0;15;25;2;1;0;10;20;-8.608927168926252;5;17;0;5;12;4;23;3.967574850125235
TRACK:59;8;0;2;3;5;3;5;1;1;2;1;3;18;6;10;0;2;8;22;6.166854420213021;0;22;0.1857745325288498;19;6;2;3;16;4;13;0;6;0;2;16;11;5;13;2;3;2;12;22;-7.736175126214531;5;6;22;-0.7707393004792031;3;3;5;0;5;4;4;3;5;17;0;0;3;1;4;9;1;24;13;4;0;3;13;4;18;6;0;1;3;22;-1.76040891228757;6;10;5;0;10;10
TRACK:60;50;-1;1;0;2;1;2;5;6;0;0;4;9;2;24;8;1;2;10;10;6;25;5;2;2;6;5;20;-9.489076844528874;5;5;7;-5.3715749894676605;2;2;5;23;2.91731712151396;3;25;4;3;21;-8.011847658415757;1;3;1;2;4;5;22;-0.13429780622017304;4;0;21;-7.686345286682183;25;3;6;4;23;4.227849967439245;6;2;0;4;0;13;24;4;2;9;17;2;1;1;9;22;1.633947520618911;4;18;5;0;16;16;2;6;4;3;1;1;2;13;17;2;10;22;1.200012141020138;3;5;9;0;1;6;5;23;4.501333660752734;3;5;0;2;9;9;5;18;5;5;1;3;5;8;3;5;23;3.1214996096588346;1;3;3;6;1;1;1;3;25;3;16;3;3;25;0;3;0;12;25;0;5;9;5;25;2;6;6;0;4;1;0;11;13;3;23;5.285953230793802;3;3;0;13;21;5.370702209332941;2;6;0;0;0;1;12;9;2;16;14;0;1;17;13;1;22;6.357513774088996;11;1;6;3;25;1;3;9;4;17;0;1;1;2;6;7;7.841437951516404;5;14;2;0;17;22;-7.435094196596707;5;17;6;0;1;9;7;-4.2881612599014245;3;14;4;0;6;5;25;5;4;19;0;6;3;1;0;5;0;1;1;14;8;3;24;2;2;23;-4.2610408877485595;18;0;13;8;0;1;0;0;21;-9.719564090141604;12;3;23;8.390013137485244;6;4;22;1.3342414318972295;2;5;1;7;9.005067433294787;16;2;4;10;1;18;14;4;0;4;4;3;18;5;6;3;11;4;5;3;2;1;1;5;4;16;0;0;25;15;1;9;24;6;1;5;15;1;11;19;0;4;0;5;7;-6.303534393427789;1;10;12;5;1;2;24;21;-9.714239527374069;5;24
TRACK:61;52;-1;5;0;0;5;4;3;3;2;3;0;12;18;6;5;18;1;1;1;5;2;0;1;15;23;-1.041259017968832;3;8;2;6;25;6;8;0;2;1;6;12;0;8;18;0;5;25;3;9;5;4;3;9;5;6;2;0;0;14;13;2;20;-6.29208211995259;21;4.562452948734901;3;2;10;11;2;5;2;5;2;5;20;8.41923164697476;4;20;8.266980374792272;4;5;6;11;5;4;5;3;0;10;17;6;3;6;6;3;5;2;4;25;3;8
TRACK:62;54;-1;1;5;1;6;2;6;11;0;8;12;4;1;3;0;4;6;6;9;3;1;6;15;2;12;12;6;4;5;1;1;22;4.049782658459271;12;5;14;3;3;1;0;1;5;6;1;5;20;3.9320008538413544;6;14;5;6;6;4;17;1;0;1;2;0;12;16;2;24;12;4;0;13;20;-4.46834238524054;5;6;18;2;6;3;4;17;6;1;5;18;4;18;2;5;1;1;0;0;8;11;2;17;18;6;0;15;25;2;5;5;14;2;6;18;1;23;-4.609897829519561;8;1;0;6;4;0;25;21;-4.340906335098975;3;6;4;13;2;4;2;1;25;19;1;7;-9.504766045800624;15;4;5;0;21;-3.748122383350099;7;8.172924602219656
TRACK:63;56;-1;2;1;1;5;2;0;3;6;1;3;16;1;12;17;0;4;6;2;15;12;2;5;7;6.285238790216951;3;1;20;-0.2759774421433413;25;0;3;5;1;1;22;-6.491851392181735;21;-3.9461561426271583;3;9;4;2;5;5;23;5.75239618186458;3;0;20;2.0597093501293253;15;5;4;0;1;3;2;2;23;2.259707471288767;8;4;20;-4.180592778077788;4;1;2;7;-0.5397474414017689;15;4;14;2;5;5;0;8;16;1;0;6;19;5;18;1;2;25;19;5;13;6;6;3;3;2;0;1;2;16;24;0;22;-5.898984686255894;15;4;3;23;-4.081554647619599;1;1;5;18;1;21;-6.945528278072857;9;4;0;19;19;1;3;6;5;5;0;5;4;3;12;3;0;2;14;14;1;19;16;5;6;1;5;6;2;0;5;25;4;20;-2.9311423767099165;4;0;23;-8.606140341676271;11;6;1;5;3;10;1;1;4;20;7.662883102721148;4;19;1;3;7;5.156907259264861;3;16
TRACK:64;58;-1;5;4;2;2;3;2;4;6;6;8;0;2;4;1;14;16;3;0;10;22;-8.04263240471405;1;4;1;15;10;6;5;24;5;0;0;5;2;1;22;2.484422192520143;8;5;20;4.144380405668142;6;4;3;16;3;1;3;4;14;2;1;8;16;2;14;16;0;5;5;1;3;0;5;10;2;18;24;1;5;6;22;-0.7608455373640958;1;2;12;15;0;8;20;-1.2353754230447758;5;3;0;2;2;0;16;12;2;24;16;1;0;25;23;4.155308553217774;0;15;25;2;1;0;10;20;-8.575631962016542;5;17;0;5;12;4;23;3.908928719594395
TRACK:65;51;-1;5;4;2;2;3;2;4;6;6;5;23;4.654520371480237;0;2;4;1;14;16;3;0;10;22;-7.920296576856598;1;4;1;15;10;6;5;24;5;0;0;5;2;1;22;2.367189503139059;8;5;20;4.0355686173022525;6;4;3;16;3;1;3;4;14;2;1;8;25;2;14;16;0;5;5;1;3;0;5;10;2;18;24;1;5;6;22;-0.7336978618842389;1;2;12;15;0;8;20;-1.1471350928873598;5;3;0;2;2;0;16;14;2;24;16;1;0;25;23;4.230099731717816;0;15;25;2;1;0;10;20;-8.605916459796322;5;17;0;5;12;4;21;-9.783019468637972
TRACK:66;53;-1;2;1;1;5;2;0;3;6;1;3;16;1;12;17;0;4;6;2;15;12;2;5;6;20;8.406219752558997;3;1;20;-0.2508198032631979;25;0;3;5;1;1;22;-6.386317426717235;21;-3.6729436175287917;3;9;4;2;5;5;23;5.853014372122635;3;0;20;2.0127751168871937;15;5;4;0;1;3;2;2;23;2.2718133550163295;8;4;20;-3.883929346958686;4;1;2;7;-0.5333986104579796;12;4;14;2;5;5;0;8;16;1;0;6;19;5;18;1;2;25;19;5;13;6;6;3;3;2;0;1;2;16;24;0;22;-6.188252126720433;15;4;3;23;-4.333603391556634;1;1;5;18;1;21;-6.7774444982501345;9;4;0;19;19;1;3;6;5;5;0;5;4;3;12;3;0;2;14;14;1;19;16;5;6;1;5;6;2;0;5;25;4;20;-2.9597017242552015;4;0;23;-8.458487267460393;11;6;1;5;0;3;21;-8.4153567738097;0;15;9;1;1;4;20;7.507232254717753;4;19;1;3;7;5.104453580292363;3;16
TRACK:67;55;-1;1;0;2;1;2;5;6;0;0;4;9;2;24;8;1;2;10;10;6;25;5;2;2;6;5;20;-9.540912491522816;5;5;7;-5.1663182979170434;2;2;5;23;2.739155815384115;3;25;4;3;21;-8.092909276511703;1;3;1;2;4;5;22;-0.18355351848454865;4;0;21;-7.784461234733663;25;3;6;4;23;4.050194116287311;6;2;0;4;1;22;3.4451932703310355;21;1.5425623707748952;4;2;9;17;2;1;1;9;22;1.7206978865607598;4;18;5;13;2;6;4;3;1;1;2;13;17;2;10;22;1.09640634647847;3;5;9;0;1;0;2;6;1;25;7;-6.162814680691113;6;6;19;1;4;1;16;13;0;3;9;5;12;3;5;0;2;9;9;5;18;5;5;1;3;5;8;3;5;23;3.3322992577103063;1;3;3;6;1;1;1;3;25;3;16;3;3;25;0;3;0;12;25;0;5;9;5;25;2;6;6;0;4;1;0;11;13;3;23;5.43657264267757;3;3;0;13;21;5.2332611703522005;2;6;0;0;0;1;12;9;2;16;14;0;1;17;13;1;22;6.3282567713829945;11;1;6;3;25;1;3;9;4;17;0;1;1;2;6;7;7.839695436314101;5;14;2;0;17;22;-7.447639226190558;5;17;6;0;1;9;7;-4.31179927996739;3;14;4;0;6;5;12;5;4;19;0;6;3;1;0;5;0;1;1;14;8;3;24;2;2;23;-4.436674208792126;18;0;13;8;0;1;0;0;21;-9.611247018106456;12;3;23;8.346175017607715;6;4;22;1.3391840132068986;2;5;1;7;8.8699212590452;16;2;4;10;1;18;14;4;0;4;4;3;18;5;6;3;11;4;5;3;2;1;1;5;4;16;0;0;25;15;1;9;24;6;1;5;15;1;11;19;0;4;0;5;7;-6.295848488472807;1;10;12;5;1;2;24;21;-9.770681532975246;5;24
TRACK:68;57;-1;6;2;0;1;5;0;1;3;6;2;25;16;3;4;1;13;13;4;1;5;2;7;6.271415520975942;21;0.12810944181646064;2;6;10;1;15;21;-3.4864883715046133;2;1;6;1;5;6;14;2;3;10;6;24;4;3;0;1;22;0.024920205440561345;15;0;14;17;1;1;3;4;2;24;7;-0.8665520512219433;4;5;5;22;2.086647943472289;1;5;5;5;16;4;6;1;20;-9.653657828334424;16;0;0;0;5;5;4;4;14;2;6;2;4;13;5;10;4;5;6;24;5;0;1;5;2;9;13;5;4;22;-7.502206835312846;1;2;4;24;13;4;4;12;5;2;0;2;4;1;17;23;-4.220612740295412;1;1;13;14;6;16;3;6;0;9;21;9.35475551135325;0;4;5;6;19;3;2;3;22;9.383217313616138;1;19;9;3;2;5;4;1;2;5;4;22;-7.89944175960545;2;3;18;6;21;-4.090673372401599;3;2;8;25;2;3;1;4;4;4;19;1;1;1;14;7;2.442803183714876;1;15;20;2.4773770362587064;6;6;25;1;5;6;6;3;19;6;2;4;0;21;-9.420376083038741;7;-6.692364296063039;3;0;10;22;3.2893609407608113
TRACK:69;59;-1;2;3;5;3;5;1;1;2;1;3;18;6;10;0;2;8;22;6.363078223684472;0;22;0.316106913865584;19;6;2;3;16;4;13;0;6;0;2;16;11;5;13;2;3;2;12;22;-7.669358369988236;5;6;22;-0.8676274568046023;3;3;5;0;5;4;4;3;5;17;0;0;3;1;4;9;1;24;13;5;2;10;11;6;0;1;3;22;-1.8504331388433735;6;10;5;0;10;10
EVAL_INSTANCE:3:0:60
EVAL_INSTANCE:3:1:61
EVAL_INSTANCE:3:2:62
EVAL_INSTANCE:3:3:63
EVAL_INSTANCE:3:4:64
EVAL_INSTANCE:3:5:65
EVAL_INSTANCE:3:6:66
EVAL_INSTANCE:3:7:67
EVAL_INSTANCE:3:8:68
EVAL_INSTANCE:3:9:69
RUN_RESULT:3:0:0:2000:----
RUN_RESULT:3:1:0:2000:----
RUN_RESULT:3:2:0:2000:----
RUN_RESULT:3:3:0:2000:----
RUN_RESULT:3:4:0:2000:----
RUN_RESULT:3:5:0:2000:----
RUN_RESULT:3:6:0:2000:----
RUN_RESULT:3:7:0:2000:----
RUN_RESULT:3:8:0:2000:----
RUN_RESULT:3:9:0:2000:----
     4 |       40 |  0.000000E+00 | -0.000000E+00
TRACK:70;6;9;3;2;1;4;5;6;5;4;2;2;25;22;-3.6074654029094555;6;25;4;1;1;5;3;2;1;13;14;3;7;4.618529150991009;4;4;6;1;16;25;4;6;1;3;3;17;6;19;3;5;6;4;0;1;6;4;23;0.12070545473202543;3;5;23;-2.2035569565090984;0;2;1;18;9;1;22;-1.8808895698675254;10;6;2;18;17
TRACK:71;6;9;1;0;2;1;2;5;6;0;0;4;9;2;24;8;1;2;10;10;6;25;5;2;2;6;5;20;-9.499224034153562;5;5;7;-5.344464982458563;2;3;17;4;3;21;-8.093094851841716;1;3;1;2;4;5;22;-0.13101798697684686;4;0;21;-7.794864910264918;25;3;6;4;23;4.13435960215369;6;2;0;4;1;22;3.2608670220304425;21;1.4832621353424393;4;2;9;17;2;1;1;9;22;1.7463805688068295;4;18;5;0;16;16;2;6;4;3;1;1;2;13;17;2;10;22;1.1209893068662797;3;5;9;0;1;0;2;6;1;25;7;-6.122925515450046;6;6;19;1;4;1;16;13;0;3;9;5;12;3;5;0;2;9;9;5;18;5;5;1;3;5;8;3;5;23;3.311360281167646;1;3;3;6;1;1;1;3;25;3;16;3;3;25;0;3;0;12;25;0;5;9;5;25;2;6;6;0;4;1;0;11;13;3;23;5.412758232368587;3;3;0;13;21;5.210843852977284;2;6;0;0;0;1;12;9;2;16;14;0;1;17;13;1;22;6.368859763598053;11;1;6;3;25;1;3;9;4;17;0;1;1;2;6;7;7.898284256520544;5;14;2;0;17;22;-7.374252878043322;5;17;6;0;1;9;7;-4.230060104678528;3;14;4;0;6;5;25;5;4;19;0;6;3;1;0;5;0;1;1;14;8;3;24;2;2;23;-4.310890728162164;18;0;13;8;0;1;0;0;21;-9.757888362178694;12;3;23;8.461671642964788;6;4;22;1.0923528842315129;2;5;1;7;8.894590010707233;16;2;4;10;1;18;14;4;0;4;4;3;18;5;6;3;11;4;5;3;2;1;1;5;4;16;0;0;25;15;1;9;24;6;1;5;15;1;11;19;0;4;0;5;7;-6.354039736752661;1;10;12;5;1;2;24;21;-9.839908248552288;5;24
TRACK:72;3;5;1;5;1;6;3;4;1;5;0;0;14;22;4.991784948319722;5;11;5;5;6;15;4;1;3;0;4;6;6;9;3;1;6;15;2;12;12;6;4;5;1;1;24;12;5;14;3;3;1;0;1;5;6;1;5;20;3.940093784039769;6;14;5;6;6;4;17;1;0;1;2;0;12;16;2;24;12;4;0;13;20;-4.5371671661691115;5;6;0;17;8;2;6;3;4;17;6;1;5;18;4;18;2;5;1;1;0;0;8;11;2;17;18;6;0;15;25;2;5;5;14;2;6;18;1;23;-4.618565988378995;8;1;0;6;4;0;25;21;-4.273100267085299;3;6;4;13;2;4;2;1;25;19;1;7;-9.625467296479883;15;4;5;0;21;-3.7364764609539254;7;8.229177339132015
TRACK:73;3;5;6;1;6;6;3;23;-4.618565988378995;4;5;6;0;5;0;6;0;21;-8.668730307761392;19;6;4;12;2;6;3;4;17;3;3;6;12
TRACK:74;2;9;4;2;4;1;9;24;3;2;0;3;5;2;2;5;11;1;14;8;5;4;12;0;5;2;0;1;14;21;7.873851360550713;2;22;8.419442386046821;14;0;4;19;6;12;5;3;3;0;22;-5.218509690933848;18;5;6;0;5;0;1;19;8;0;14;23;-0.41950358716877467;6;0;4;19;0;25;16
TRACK:75;2;9;1;0;2;1;2;5;6;0;0;4;9;2;24;8;1;2;10;10;6;25;5;2;2;6;5;20;-9.499224034153562;5;5;7;-5.344464982458563;2;2;5;23;2.8045361730800913;3;25;4;3;21;-8.093094851841716;1;3;1;2;4;5;22;-0.13101798697684686;4;0;21;-7.794864910264918;25;3;6;4;23;4.13435960215369;6;2;0;4;1;22;3.2608670220304425;21;1.4832621353424393;4;2;9;17;2;1;1;9;22;1.7463805688068295;4;18;5;0;16;16;2;6;4;3;1;1;2;13;17;2;10;22;1.1209893068662797;3;5;9;0;1;0;2;6;1;25;7;-6.122925515450046;6;6;19;1;4;1;16;13;0;3;9;5;12;3;5;0;2;9;9;5;18;5;5;1;3;5;8;3;5;23;3.311360281167646;1;3;3;5;2;0;1;14;21;7.873851360550713;2;22;8.419442386046821;14;0;4;19;6;12;2;6;6;0;4;1;0;11;13;3;23;5.412758232368587;3;3;0;13;21;5.210843852977284;2;6;0;0;0;1;12;9;2;16;14;0;1;17;13;1;22;6.368859763598053;11;1;6;3;25;1;3;9;4;17;0;1;1;2;6;7;7.898284256520544;5;14;2;0;17;22;-7.374252878043322;5;17;6;0;1;9;7;-4.230060104678528;3;14;4;0;6;5;25;5;4;19;0;6;3;1;0;5;0;1;1;14;8;3;24;2;2;23;-4.310890728162164;18;0;13;8;0;1;0;0;21;-9.757888362178694;12;3;23;8.461671642964788;6;4;22;1.0923528842315129;2;5;1;7;8.894590010707233;16;2;4;10;1;18;14;4;0;4;4;3;18;5;6;3;11;4;5;3;2;1;1;5;4;16;0;0;25;15;1;9;24;6;1;5;15;1;11;19;0;4;0;5;7;-6.354039736752661;1;10;12;5;1;2;24;21;-9.839908248552288;5;24
TRACK:76;4;7;5;0;0;5;4;3;3;2;3;0;12;18;6;0;9;18;1;1;1;5;2;0;1;15;23;-1.010087854693431;3;8;2;6;25;6;8;0;2;1;6;12;0;8;18;0;5;14;3;9;5;4;3;9;5;6;2;0;0;14;13;2;20;-6.302180647503475;21;4.604463658344235;3;2;10;11;2;5;2;5;2;5;20;8.361287361696558;4;20;8.171550456075863;4;5;6;11;5;2;15;12;6;3;6;6;3;5;2;4;25;3;8
TRACK:77;4;7;2;1;1;5;2;0;3;6;1;3;16;1;12;17;0;4;6;2;15;12;2;5;6;13;3;1;20;-0.24698390480495824;25;0;3;5;1;1;22;-6.5174545344852515;21;-3.918530838179814;3;9;4;2;5;5;23;5.93470900679938;3;0;20;2.0201316169353216;15;5;4;0;1;3;2;2;23;2.3482003395312763;8;4;20;-4.091437552342143;4;1;2;7;-0.5882727476582517;15;4;14;2;5;5;0;8;16;1;0;6;19;5;18;1;2;25;19;5;13;6;6;3;3;2;0;1;2;16;24;20;8.171550456075863;4;3;23;-4.202540099888889;1;1;5;18;1;21;-6.716758365729132;9;4;0;19;19;1;3;6;5;5;0;5;4;3;12;3;0;2;14;14;1;19;16;5;6;1;5;6;2;0;5;25;4;20;-2.9553149788213995;4;0;23;-8.568362190186328;11;6;1;5;0;3;21;-8.404935025272703;0;15;9;1;1;4;20;7.665704473583883;4;19;1;3;7;5.138355166497966;3;16
TRACK:78;6;2;3;2;1;4;5;6;5;4;2;2;25;22;-3.6074654029094555;6;25;4;1;1;5;3;2;1;13;14;3;7;4.618529150991009;4;4;6;1;16;25;4;6;1;3;3;17;6;1;19;9;3;5;6;4;0;1;6;4;23;0.12070545473202543;3;5;23;-2.2035569565090984;0;2;1;18;9;1;22;-1.8808895698675254;10;6;2;18;13
TRACK:79;6;2;4;2;4;6;1;6;0;5;6;1;23;-5.30978755979069;18;6;6;4;9;5;5;1;2;3;21;-5.161934821656516;6;20;-5.700985251063289;4;6;13;3;2;0;3;5;2;2;5;11;1;14;8;5;4;12;0;5;2;0;1;14;21;7.873851360550713;2;22;8.419442386046821;14;0;4;19;6;12;5;22;-1.8808895698675254;5;6;0;5;0;1;19;8;0;14;23;-0.41950358716877467;6;0;4;19;0;25;16
TRACK:80;70;-1;3;2;1;4;5;6;5;4;2;2;25;22;-3.7166767898880266;6;25;4;1;1;5;3;2;1;13;14;3;7;4.61324745115211;4;4;6;1;16;25;4;6;3;5;6;20;4.704977272529389;3;5;6;4;0;1;6;4;23;-0.009741605607006848;3;5;23;-2.1971543651034535;0;2;1;18;9;1;22;-1.9396203646776116;10;6;2;18;17
TRACK:81;72;-1;1;5;1;6;3;4;1;0;8;8;5;5;6;15;4;1;3;0;4;6;6;9;3;1;6;15;2;12;12;6;4;5;1;1;24;12;5;14;3;3;1;0;1;5;6;1;5;20;3.9147381730028172;6;14;5;6;6;4;17;1;0;1;2;0;12;16;2;24;12;4;0;13;20;-4.557903370685196;5;6;0;17;8;2;6;3;4;17;6;1;5;18;4;18;2;5;1;1;0;0;8;11;2;17;18;6;0;15;25;2;5;5;14;2;6;18;1;23;-4.599551707955883;8;1;0;6;4;0;25;21;-4.276449379144923;3;6;4;13;2;4;2;1;25;19;1;7;-9.655521916482588;15;4;5;0;21;-3.5362461477127813;7;8.155992422646648
TRACK:82;74;-1;4;2;4;1;9;24;3;2;0;3;5;2;2;5;11;1;14;8;5;4;12;0;5;2;0;1;14;23;-8.787876107903955;2;22;8.477281817660664;14;0;4;19;6;12;5;3;3;0;22;-5.180861910116624;18;5;6;0;5;0;1;19;8;0;14;23;-0.37452994589602;6;0;4;19;0;25;16
TRACK:83;76;-1;5;0;0;5;4;3;3;2;0;10;22;4.614644092905284;6;0;9;18;1;1;1;5;2;0;1;15;23;-0.8633392373603694;3;8;2;6;25;6;8;0;2;1;6;12;0;8;18;0;5;14;3;9;5;4;3;9;5;6;2;0;0;14;13;2;20;-6.292901990150058;21;4.599869626575721;3;2;10;11;2;5;2;5;2;5;20;8.431190383455263;4;20;8.029186093932381;4;5;6;11;5;2;15;12;6;3;6;6;3;5;2;4;25;3;8
TRACK:84;78;-1;3;2;1;4;5;6;5;4;0;0;19;17;5;19;4;1;1;5;3;2;1;13;14;3;7;4.630249766651239;4;4;6;1;16;25;4;6;1;3;3;17;6;1;19;9;3;5;6;4;0;1;6;4;23;0.09743080703446644;3;5;23;-2.213292083814692;0;2;1;18;9;1;22;-1.9176046856055968;10;6;2;18;13
TRACK:85;71;-1;1;0;2;1;2;5;6;0;0;4;9;2;24;8;1;2;10;10;6;25;5;2;2;6;5;20;-9.465243564320003;5;5;7;-5.283821963676426;2;3;17;4;3;21;-8.090340424784545;1;3;1;2;4;5;22;-0.0708242341395745;4;0;21;-7.763958272214937;25;3;6;4;23;4.225639625110695;6;2;0;4;1;22;3.260849307495384;21;0.9049275693495105;4;2;9;17;2;1;1;9;22;1.657299163795586;4;18;5;0;16;16;2;6;4;3;1;1;2;13;17;2;10;22;1.056123610847417;3;5;9;0;1;0;2;6;1;25;7;-5.99280139910294;6;6;19;1;4;1;16;13;0;3;9;5;12;3;5;0;2;9;9;5;18;5;5;1;3;5;8;3;5;23;3.292974486686576;1;3;3;6;1;1;1;3;25;3;16;3;3;25;0;3;0;12;25;0;5;9;5;25;2;6;6;0;4;1;0;11;13;3;23;5.4096086620198784;3;3;0;13;21;5.128529995182041;2;6;0;0;0;1;12;9;2;16;14;0;1;17;13;1;22;6.244770355864629;11;1;6;3;25;1;3;9;4;17;0;1;1;2;6;7;7.764370431470518;5;14;2;0;17;22;-7.339887372520692;5;17;6;0;1;9;7;-4.317675156073333;3;14;4;0;6;5;25;5;4;19;0;6;3;1;0;5;0;1;1;14;8;3;24;2;2;23;-4.352598983683778;18;0;13;8;0;1;0;0;21;-9.703043825048391;12;3;23;8.448053773001922;6;4;22;0.994424073188173;2;5;1;7;8.811863365534983;16;2;4;10;1;18;14;4;0;4;4;3;18;5;6;3;11;4;5;3;2;1;1;5;4;16;0;0;25;15;1;9;24;6;1;5;15;1;11;19;0;4;0;5;7;-6.388603431471736;1;10;12;5;1;2;24;21;-9.793629924436368;5;24
TRACK:86;73;-1;6;1;6;6;3;23;-4.516951785372437;4;5;6;0;6;6;1;11;23;-0.30347744628820017;2;6;3;4;17;3;3;6;12
TRACK:87;75;-1;1;0;2;1;2;5;6;0;0;4;9;2;24;8;1;2;10;10;6;25;5;2;2;6;5;20;-9.501406130325613;5;5;7;-5.258479417593522;2;2;5;23;2.78217543678985;3;25;4;3;21;-8.211897916723272;1;3;2;16;19;6;2;0;4;1;22;3.069405103145598;21;1.7525694056282697;4;2;9;17;2;1;1;9;22;1.8764808483822533;4;18;5;0;16;16;2;6;4;3;1;1;2;13;17;2;10;22;1.1118684421695944;3;5;9;0;1;0;2;6;1;25;7;-6.064862964055601;6;6;19;1;4;1;16;13;0;3;9;5;12;3;5;0;2;9;9;5;18;5;5;1;3;5;8;3;5;23;3.4222686401061737;1;3;3;5;2;0;1;14;21;7.888300674001646;2;22;8.435429434465314;14;0;4;19;6;12;2;6;6;0;4;1;0;11;13;3;23;5.6863561742694;3;3;0;13;21;5.253347856421338;2;6;0;0;0;1;12;9;2;16;14;0;1;17;13;1;22;6.5509250089107205;11;1;6;3;25;1;3;9;4;17;0;1;1;2;6;7;7.916960507986948;5;14;2;0;17;22;-7.202841510978837;5;17;6;0;1;9;7;-4.207896450758402;3;14;4;0;6;5;25;5;4;19;0;6;3;1;0;5;0;1;1;14;8;3;24;2;2;23;-4.162284041492544;18;0;13;8;0;1;0;0;21;-9.862211560216721;12;3;23;8.55690337842425;6;4;22;0.9369116185673146;2;5;1;7;8.750486296998218;16;2;4;10;1;18;14;4;0;4;4;3;18;5;6;3;11;4;5;3;2;1;1;5;4;16;0;0;25;15;1;9;24;6;1;5;15;1;11;19;0;4;0;5;7;-6.364385321038162;1;10;12;5;1;2;24;21;-9.946376765386683;5;24
TRACK:88;77;-1;2;1;1;5;2;0;3;6;1;3;16;1;12;17;0;4;6;2;15;12;2;5;6;13;3;1;20;-0.33500080455527703;25;0;3;5;1;1;22;-6.555407318146106;21;-3.9281193982516305;3;9;4;2;5;5;23;5.929317304270304;3;0;20;1.8936461521378316;15;5;4;0;1;3;2;2;23;2.3848369968318073;8;4;20;-4.099142137410099;4;1;2;7;-0.41574979557040054;15;4;14;2;5;5;0;8;16;1;0;6;19;5;18;1;2;25;19;4;11;6;6;3;3;2;0;1;2;16;24;20;8.161632584086096;4;3;23;-4.333840613653715;1;1;5;18;1;21;-6.622859583173655;9;4;0;19;19;1;3;6;5;5;0;5;4;3;12;3;0;2;14;14;1;19;16;5;6;1;5;6;2;0;5;25;4;20;-3.0222934720669516;4;0;23;-8.535978878015264;11;6;1;5;0;3;21;-8.513304216508176;0;15;9;1;1;4;20;7.566482252444481;4;19;1;3;7;5.075179224744434;3;16
TRACK:89;79;-1;4;2;4;6;1;6;0;5;6;1;23;-5.267076189060088;18;6;6;4;9;5;5;1;2;3;21;-5.118732102599903;6;20;-5.838063038079923;4;6;13;3;1;4;1;0;2;16;9;0;7;5.607365788394381;8;1;6;9;1;12;10;4;0;4;0;10;10;4;3;21;-1.2815649949377779
EVAL_INSTANCE:4:0:80
EVAL_INSTANCE:4:1:81
EVAL_INSTANCE:4:2:82
EVAL_INSTANCE:4:3:83
EVAL_INSTANCE:4:4:84
EVAL_INSTANCE:4:5:85
EVAL_INSTANCE:4:6:86
EVAL_INSTANCE:4:7:87
EVAL_INSTANCE:4:8:88
EVAL_INSTANCE:4:9:89
RUN_RESULT:4:0:0:2000:----
RUN_RESULT:4:1:0:2000:----
RUN_RESULT:4:2:0:2000:----
RUN_RESULT:4:3:0:2000:----
RUN_RESULT:4:4:0:2000:----
RUN_RESULT:4:5:0:2000:----
RUN_RESULT:4:6:0:2000:----
RUN_RESULT:4:7:0:2000:----
RUN_RESULT:4:8:0:2000:----
RUN_RESULT:4:9:0:2000:----
     5 |       50 |  0.000000E+00 | -0.000000E+00
TRACK:90;5;0;6;1;6;6;3;4;1;2;3;5;18;5;6;25;2;1;3;20;-4.001857885220705;1;18;24;0;5;18;3;25;4;5;6;0;5;3;5;17;2;6;3;4;17;3;3;6;12
TRACK:91;5;0;2;3;5;3;5;1;1;2;1;3;18;6;10;0;2;8;22;6.166854420213021;0;22;0.1857745325288498;19;6;2;3;16;4;13;0;6;0;2;16;11;5;13;2;3;2;12;22;-7.736175126214531;0;6;17;5;24;3;3;5;0;5;4;4;3;5;17;0;0;3;1;4;9;1;24;13;4;0;3;13;4;18;3;25
TRACK:92;3;1;1;5;1;6;3;4;1;5;0;0;14;22;4.991784948319722;5;11;5;5;6;15;4;1;3;0;4;6;6;9;3;1;6;15;2;12;12;6;4;5;1;1;22;4.11235992743476;12;5;14;3;3;1;0;1;5;6;1;5;20;3.940093784039769;6;14;5;6;6;4;17;1;0;1;2;0;12;16;2;24;13;4;0;13;20;-4.5371671661691115;5;6;0;17;8;2;6;3;4;17;6;1;5;18;4;18;2;5;1;1;0;0;8;11;2;17;18;6;0;15;25;2;5;5;14;2;6;18;1;23;-4.618565988378995;8;1;0;6;4;0;25;21;-4.273100267085299;3;6;4;13;2;4;2;1;25;19;1;7;-9.625467296479883;15;4;5;0;21;-3.7364764609539254;7;8.229177339132015
TRACK:93;3;1;6;2;0;1;5;0;1;3;6;2;25;16;3;4;1;13;13;4;1;5;2;7;6.315454661611891;21;0.0020990115267220943;2;6;10;1;15;21;-3.396727790283787;2;1;6;1;5;6;14;2;3;10;6;24;4;3;0;1;22;0.02873875468655207;15;0;14;17;1;1;3;4;2;24;7;-0.9103980169869779;4;5;5;22;2.147160768064797;1;5;5;5;16;4;6;1;20;-9.687446714045368;16;0;0;0;5;5;4;4;14;2;6;2;4;13;5;10;4;5;6;24;5;0;1;5;2;9;13;5;4;22;-7.529488634423494;1;2;4;24;1;12;14;4;4;12;5;2;0;2;4;1;17;23;-4.206051741293473;1;1;13;14;6;16;3;6;0;9;21;9.321993186572499;0;4;5;6;19;3;2;3;22;9.283806713555926;1;19;9;0;25;21;-4.273100267085299
TRACK:94;7;1;2;1;1;5;2;0;3;6;1;3;16;1;12;17;0;4;6;2;15;12;2;5;6;13;3;1;20;-0.24698390480495824;24;0;3;5;1;1;22;-6.5174545344852515;21;-3.918530838179814;3;9;4;2;5;5;23;5.93470900679938;3;0;20;2.0201316169353216;15;5;4;0;1;3;2;2;23;2.3482003395312763;8;4;20;-4.091437552342143;4;1;2;7;-0.5882727476582517;15;4;14;2;5;5;0;8;16;1;0;6;19;5;18;1;2;25;19;5;13;6;6;3;3;2;0;1;2;16;24;0;22;-6.040627089605888;15;4;3;23;-4.202540099888889;1;1;5;18;1;21;-6.716758365729132;9;4;0;19;19;1;3;6;5;5;0;5;4;3;12;3;0;2;14;14;1;19;16;5;6;1;5;6;2;0;5;25;4;20;-2.9553149788213995;4;0;23;-8.568362190186328;11;6;1;5;0;3;21;-8.404935025272703;0;15;9;1;1;4;20;7.665704473583883;4;19;1;3;7;5.138355166497966;3;16
TRACK:95;7;1;6;2;0;1;5;0;1;3;6;2;25;16;3;4;1;13;13;4;1;5;2;7;6.315454661611891;21;0.0020990115267220943;2;6;10;1;15;21;-3.396727790283787;2;1;6;1;5;6;14;2;3;10;6;24;4;3;0;1;22;0.02873875468655207;15;0;14;17;1;1;3;4;2;24;12;4;5;5;22;2.147160768064797;1;5;5;5;16;4;6;1;20;-9.687446714045368;16;0;0;0;5;5;4;4;14;2;6;2;4;13;5;10;4;5;6;24;5;0;1;5;2;9;13;5;4;22;-7.529488634423494;1;2;4;24;1;12;14;4;4;12;5;2;0;2;4;1;17;23;-4.206051741293473;1;1;13;14;6;16;3;6;0;9;21;9.321993186572499;0;4;5;6;19;3;2;3;22;9.283806713555926;1;19;9;3;2;5;4;1;2;5;4;22;-7.800754036472092;2;3;18;6;21;-4.120026250168354;3;5;2;15;20;6.936544827334295;2;3;1;4;4;4;19;1;1;1;14;7;2.506418588475869;1;15;20;2.370884575997369;6;6;25;1;5;6;6;3;19;6;2;4;0;21;-9.522203833226273;7;-6.774785840005155;3;0;10;22;3.1807941510229636
TRACK:96;3;9;1;5;1;6;3;4;1;5;0;0;14;22;4.991784948319722;5;11;5;5;6;15;4;1;3;0;4;6;6;9;3;1;6;15;2;12;12;6;4;5;1;1;22;4.11235992743476;12;5;14;3;3;1;0;1;5;6;1;5;20;3.940093784039769;6;14;5;6;6;4;17;1;0;1;2;0;12;16;2;24;12;4;0;13;20;-4.5371671661691115;5;6;0;17;8;2;6;3;14;6;1;5;18;4;18;2;5;1;1;0;0;8;11;2;17;18;6;0;15;25;2;5;5;14;2;6;18;1;23;-4.618565988378995;8;1;0;6;4;0;25;21;-4.273100267085299;3;6;4;13;2;4;2;1;25;19;1;7;-9.625467296479883;15;4;5;0;21;-3.7364764609539254;7;8.229177339132015
TRACK:97;3;9;1;0;2;1;2;5;6;0;0;4;9;2;24;8;1;2;10;10;6;25;5;2;2;6;5;20;-9.499224034153562;5;5;7;-5.344464982458563;2;2;5;23;2.8045361730800913;3;25;4;3;21;-8.093094851841716;1;3;1;2;4;5;22;-0.13101798697684686;4;0;21;-7.794864910264918;25;3;6;4;23;4.13435960215369;6;2;0;4;1;22;3.2608670220304425;21;1.4832621353424393;4;2;9;17;2;1;1;9;22;1.7463805688068295;4;18;5;0;16;16;2;6;4;3;1;1;2;13;17;2;10;22;1.1209893068662797;3;5;9;0;1;0;2;6;1;25;7;-6.122925515450046;6;6;19;19;3;5;0;2;9;9;5;18;5;5;1;3;5;8;3;5;23;3.311360281167646;1;3;3;6;1;1;1;3;25;3;16;3;3;25;0;3;0;12;25;0;5;9;5;25;2;6;6;0;4;1;0;11;13;3;23;5.412758232368587;3;3;0;13;21;5.210843852977284;2;6;0;0;0;1;12;9;2;16;14;0;1;17;13;1;22;6.368859763598053;11;1;6;3;25;1;3;9;4;17;0;1;1;2;6;7;7.898284256520544;5;14;2;0;17;22;-7.374252878043322;5;17;6;0;1;9;7;-4.230060104678528;3;14;4;0;6;5;25;5;4;19;0;6;3;1;0;5;0;1;1;14;8;3;24;2;2;23;-4.310890728162164;18;0;13;8;0;1;0;0;21;-9.757888362178694;12;3;23;8.461671642964788;6;4;22;1.0923528842315129;2;5;1;7;8.894590010707233;16;2;4;10;1;18;14;4;0;4;4;3;18;5;6;3;11;4;5;3;2;1;1;5;4;16;0;0;25;15;1;9;24;6;1;5;15;1;11;19;0;4;0;5;7;-6.354039736752661;1;10;12;5;1;2;24;21;-9.839908248552288;5;24
TRACK:98;8;6;5;4;2;2;3;2;4;6;6;5;23;4.635730651306398;0;2;4;1;14;16;3;0;10;22;-8.014155309267682;1;4;1;15;10;6;5;24;5;0;0;5;2;1;22;2.3973296736713916;8;5;20;4.124065254900435;6;4;3;16;3;1;3;4;14;2;1;8;16;2;14;16;0;5;5;1;3;0;5;10;2;18;24;1;22;-1.8808895698675254;1;2;12;15;0;8;20;-1.22928116838189;5;3;0;2;2;0;16;14;2;24;16;1;0;25;23;4.159837156617169;0;15;25;2;1;0;10;20;-8.608927168926252;5;17;0;5;12;4;23;3.967574850125235
TRACK:99;8;6;3;2;1;4;5;6;5;4;2;2;25;22;-3.6074654029094555;6;25;4;1;1;5;3;2;1;13;14;3;7;4.618529150991009;4;4;6;1;16;25;4;6;1;3;3;17;6;1;19;9;3;5;6;4;0;1;6;4;23;0.12070545473202543;3;5;23;-2.2035569565090984;0;2;1;18;9;1;22;-1.8808895698675254;10;6;10
TRACK:100;90;-1;6;1;6;6;3;4;1;2;3;5;18;5;6;25;2;1;2;18;14;1;18;24;0;5;18;3;25;4;5;6;0;5;3;5;17;2;6;3;4;17;3;3;6;12
TRACK:101;92;-1;1;5;1;6;3;4;1;5;0;0;14;22;4.950314790492778;5;11;5;5;6;15;4;1;3;0;4;6;6;9;3;1;6;15;2;12;12;6;4;5;1;1;22;4.171912055237961;12;5;14;3;3;1;0;1;5;6;1;5;20;3.8906019767283135;6;14;5;6;6;4;17;1;0;1;2;0;12;16;2;24;13;4;0;13;20;-4.5684846681943325;5;6;0;17;8;2;6;3;4;17;6;1;5;18;4;18;2;5;1;1;0;0;8;11;2;17;18;6;0;15;25;2;5;5;14;2;6;18;1;23;-4.804783721027346;8;1;0;6;4;0;25;21;-4.399333031032025;3;6;4;13;1;21;-7.633813384239067;19
TRACK:102;94;-1;2;1;1;5;2;0;3;6;1;3;16;1;12;17;0;4;6;2;15;12;2;5;6;13;3;1;20;-0.32658930599271263;24;0;3;5;1;1;22;-6.6217799372134545;21;-3.988211998401835;3;9;4;2;5;5;23;5.844376171611359;3;0;20;1.9594400496907176;15;5;4;0;1;3;2;2;23;2.4811874100911657;8;4;20;-4.166125857308373;4;1;2;7;-0.5050166960259338;15;4;14;2;5;5;0;8;16;1;0;6;19;5;18;1;2;25;19;5;13;6;6;3;3;2;0;1;2;16;24;0;22;-6.01257924587791;15;4;3;23;-4.148290900759139;1;1;5;18;1;21;-6.619253916554134;19;4;0;19;19;1;3;6;5;5;0;5;4;3;12;3;0;2;14;14;1;19;16;5;6;1;5;6;2;0;5;25;4;20;-3.1310754952592603;4;0;23;-8.566895896284553;11;6;1;5;0;3;21;-8.494020208233058;0;15;9;1;1;4;20;7.694422695038863;4;19;1;3;7;5.035101108310933;3;16
TRACK:103;3;-1;1;5;1;6;3;4;1;5;0;0;14;22;4.956048262274869;5;11;5;5;6;15;4;1;3;0;4;6;6;9;3;1;6;15;2;18;12;6;4;5;1;1;22;3.964169078195916;12;5;14;3;3;1;0;1;5;6;1;5;20;3.774819934598246;6;14;5;6;6;4;17;1;0;1;2;0;12;16;2;24;12;4;0;13;20;-4.467498075693455;5;6;0;17;8;2;6;3;4;17;6;1;5;18;4;18;2;5;1;1;0;0;8;11;2;17;18;6;0;15;25;2;5;5;14;2;6;18;1;23;-4.614490123557663;8;1;0;6;4;0;25;21;-4.539770318220789;3;6;4;13;2;4;2;1;25;19;1;7;-9.641210755397852;15;4;5;0;21;-3.6130793632105718;7;8.321817411693278
TRACK:104;98;-1;5;4;2;2;3;2;4;6;6;5;23;4.535682523739263;0;2;4;1;14;16;3;0;10;22;-8.119930917301765;1;4;1;15;10;6;5;24;5;0;0;5;2;1;22;2.3189699407672144;8;5;20;4.014248116647427;6;0;23;-4.803209022289665;19;3;1;3;4;14;2;1;8;16;2;14;16;0;5;5;1;3;0;5;10;2;18;24;1;22;-1.816313621225746;1;2;12;15;0;8;20;-1.20220989716187;5;3;0;2;2;0;16;14;2;24;16;1;0;25;23;4.280523851778682;0;15;25;2;1;0;10;20;-8.49354613213283;5;17;0;5;12;4;23;3.8984162416217343
TRACK:105;91;-1;2;3;5;3;5;1;1;2;1;3;18;6;10;0;2;8;22;6.243090867453547;0;22;0.05308472227186556;19;6;2;3;16;4;13;0;6;0;2;16;11;5;13;2;3;2;12;22;-7.629061029927113;0;6;17;5;24;3;3;5;0;5;4;4;3;5;17;0;0;3;1;4;9;1;24;10;4;0;3;13;4;18;3;25
TRACK:106;93;-1;6;2;0;1;5;0;1;3;6;2;25;16;3;4;1;13;13;4;1;5;2;7;6.156532419868058;21;0.03128068839557745;2;6;10;1;15;21;-3.316706319732244;2;1;6;1;5;6;14;2;3;10;6;24;4;3;0;1;22;0.16425787222867894;15;0;14;17;1;1;3;4;2;24;7;-1.014496401607064;4;5;5;22;1.9662394030254886;1;5;5;5;16;4;6;1;20;-9.734461755607615;16;0;0;0;5;5;4;4;14;2;6;2;0;24;8;5;10;4;5;6;24;5;0;1;5;2;9;13;5;4;22;-7.419364743672714;1;2;4;24;1;12;14;4;4;12;5;2;0;2;4;1;17;23;-4.132382880643116;1;1;13;14;6;16;3;6;0;9;21;9.325823456554735;0;4;5;6;19;3;2;3;22;9.17876980636058;1;19;9;0;25;21;-4.174223529533708
TRACK:107;95;-1;6;2;0;4;6;6;0;3;2;1;22;5.500312890480499;22;-1.780086428864898;1;9;8;1;1;3;20;-7.4980663221402155;1;11;9;2;3;7;-0.8693567099502921;6;18;0;0;0;5;5;4;4;14;2;6;2;4;13;5;10;4;5;6;24;5;0;1;5;2;9;13;5;4;22;-7.473443801984974;1;2;4;24;1;12;14;4;4;12;5;2;0;2;4;1;17;23;-4.149571155600901;1;1;13;14;6;16;3;6;0;9;21;9.332752054249692;0;4;5;6;19;3;2;3;22;9.338074459432194;1;19;9;3;2;5;4;1;2;5;4;22;-7.770571601786635;2;3;18;6;21;-4.1337464246410836;3;5;2;15;20;7.062031709248724;2;3;1;4;4;4;19;1;1;1;14;7;2.355779693393789;1;15;20;2.3412973926440026;6;6;25;1;5;6;6;3;19;6;2;4;0;21;-9.527942736255417;7;-6.54327143616942;3;0;10;22;3.1735299501873238
TRACK:108;9;-1;1;0;2;1;2;5;6;0;0;4;9;2;24;8;1;2;10;10;6;25;5;2;2;6;5;20;-9.490488222329693;5;5;7;-5.372590073004983;2;2;5;23;2.82459582423181;3;25;4;3;21;-8.10443697162022;1;3;1;2;4;5;22;-0.1623908649652558;4;0;21;-7.61491671781078;25;3;6;4;23;4.204411572017477;6;2;0;4;1;22;3.3684213696897287;21;1.2879792880157432;4;2;9;17;2;1;1;9;22;1.667713951016601;4;18;5;0;16;16;2;6;4;3;1;1;2;13;17;2;10;22;1.2128045631207334;3;5;9;0;1;0;2;6;1;25;7;-6.070130032393659;6;6;19;1;4;1;16;13;0;3;9;5;12;3;5;0;2;9;9;5;18;5;5;1;3;5;8;3;5;23;3.248212324933199;1;3;3;6;1;1;1;3;25;3;16;3;3;25;0;3;0;12;25;0;5;9;5;25;2;6;6;0;4;1;0;11;13;3;23;5.540426111753041;3;3;0;13;21;5.199156059809998;2;6;0;0;0;1;12;9;2;16;14;0;1;17;13;1;22;6.421515689750472;11;1;6;3;25;1;3;9;4;17;0;1;1;2;6;7;7.866273964744159;5;14;2;0;17;22;-7.314364281733821;5;17;6;0;1;9;7;-4.2508306137152;3;14;4;0;6;5;25;5;4;19;0;6;3;1;0;5;0;1;1;14;8;3;24;2;2;23;-4.343243674295715;18;0;13;8;0;1;0;0;21;-9.8197495662986;12;3;23;8.479068417463733;6;4;22;0.9861737391735113;2;5;1;7;8.85804446006285;16;2;4;10;1;18;14;4;0;4;4;3;18;5;6;3;11;4;5;3;2;1;1;5;4;16;0;0;25;15;1;9;24;6;1;5;12;1;11;19;0;4;0;5;7;-6.3250277067945815;1;10;12;5;1;2;24;21;-9.701505890320838;5;24
TRACK:109;99;-1;3;2;1;4;5;6;5;4;2;2;25;22;-3.5289321664975137;6;25;4;1;1;5;3;2;1;13;14;3;7;4.587334520320453;4;4;6;1;16;25;4;6;1;3;3;17;6;1;19;16;3;5;6;4;0;1;6;4;23;0.15467801749489027;3;5;23;-2.057344999895669;0;2;1;18;9;1;22;-1.873654780534973;10;6;10
EVAL_INSTANCE:5:0:100
EVAL_INSTANCE:5:1:101
EVAL_INSTANCE:5:2:102
EVAL_INSTANCE:5:3:103
EVAL_INSTANCE:5:4:104
EVAL_INSTANCE:5:5:105
EVAL_INSTANCE:5:6:106
EVAL_INSTANCE:5:7:107
EVAL_INSTANCE:5:8:108
EVAL_INSTANCE:5:9:109
RUN_RESULT:5:0:0:2000:----
RUN_RESULT:5:1:0:2000:----
RUN_RESULT:5:2:0:2000:----
RUN_RESULT:5:3:0:2000:----
RUN_RESULT:5:4:0:2000:----
RUN_RESULT:5:5:0:2000:----
RUN_RESULT:5:6:0:2000:----
RUN_RESULT:5:7:0:2000:----
RUN_RESULT:5:8:0:2000:----
RUN_RESULT:5:9:0:2000:----
     6 |       60 |  0.000000E+00 | -0.000000E+00
TRACK:110;1;3;6;2;0;1;5;0;1;3;6;2;25;16;3;4;1;13;13;4;1;5;2;7;6.315454661611891;21;0.0020990115267220943;2;6;10;1;15;21;-3.396727790283787;2;1;6;1;5;6;14;2;3;10;6;24;4;3;0;1;22;0.02873875468655207;15;0;14;17;1;1;3;4;2;24;7;-0.9103980169869779;4;5;5;22;2.147160768064797;1;5;5;5;16;4;6;1;20;-9.687446714045368;16;0;0;0;5;5;4;4;14;2;6;2;4;13;5;10;4;5;6;24;5;0;1;5;2;9;13;5;4;22;-7.529488634423494;1;2;4;24;1;12;14;4;4;12;5;2;0;2;4;1;17;23;-4.206051741293473;1;1;13;14;6;16;3;6;0;9;21;9.321993186572499;0;4;5;6;19;3;2;3;22;9.283806713555926;1;19;9;3;2;5;4;1;2;5;4;22;-7.800754036472092;2;19;6;21;-4.120026250168354;3;5;2;15;20;6.936544827334295;2;3;1;4;4;4;19;1;1;1;14;7;2.506418588475869;1;15;20;2.370884575997369;6;6;25;1;5;6;6;3;19;6;2;4;0;21;-9.522203833226273;7;-6.774785840005155;3;0;10;22;3.1807941510229636
TRACK:111;1;3;1;5;1;6;3;4;1;5;0;0;14;22;4.991784948319722;5;11;5;5;6;15;4;1;3;0;4;6;6;9;3;1;6;15;2;12;12;6;4;5;1;1;22;4.11235992743476;12;5;14;3;13
TRACK:112;9;4;1;0;2;1;2;5;6;0;0;4;9;2;24;8;1;2;10;10;6;25;5;2;2;6;5;20;-9.499224034153562;5;5;7;-5.344464982458563;2;2;5;23;2.8045361730800913;3;25;4;3;21;-8.093094851841716;1;3;1;2;4;5;22;-0.13101798697684686;4;0;21;-7.794864910264918;25;3;6;4;23;4.13435960215369;6;2;0;4;1;22;3.2608670220304425;21;1.4832621353424393;4;2;9;17;2;1;1;9;22;1.7463805688068295;4;18;5;0;16;16;2;6;4;3;1;1;2;13;17;2;10;22;1.1209893068662797;3;5;9;0;1;0;2;6;1;25;7;-6.122925515450046;6;6;19;1;4;1;16;13;0;3;9;5;15;3;5;0;2;9;9;5;18;5;5;1;3;5;8;3;5;23;3.311360281167646;1;3;3;6;1;1;1;3;25;3;16;3;3;25;0;3;0;12;25;0;5;9;5;25;2;6;6;0;4;1;0;11;13;3;23;5.412758232368587;3;3;0;13;21;5.210843852977284;2;6;0;0;0;1;12;9;2;16;14;0;1;17;13;1;22;6.368859763598053;11;1;6;3;25;1;3;9;4;17;0;1;1;2;6;7;7.898284256520544;5;14;2;0;17;22;-7.374252878043322;5;17;6;0;1;9;7;-4.230060104678528;3;14;4;0;6;5;25;5;4;19;0;6;3;1;0;5;0;1;1;14;8;3;24;2;2;23;-4.310890728162164;18;0;13;8;0;1;0;0;21;-9.757888362178694;12;3;23;8.461671642964788;6;4;22;1.0923528842315129;2;5;1;7;8.894590010707233;16;2;4;10;1;18;14;4;0;4;4;3;18;5;6;3;11;4;5;3;2;1;1;5;4;16;0;0;25;15;1;9;24;6;1;5;15;1;11;19;0;4;0;5;7;-6.354039736752661;1;10;12;5;1;2;24;21;-9.839908248552288;5;24
TRACK:113;9;4;5;0;0;5;4;3;3;2;3;0;12;18;6;0;9;18;1;1;1;5;2;0;1;15;23;-1.010087854693431;3;8;2;6;25;6;8;0;2;1;6;12;0;8;18;0;5;14;3;9;5;4;3;9;5;6;2;0;0;14;13;2;20;-6.302180647503475;21;4.604463658344235;3;2;10;11;2;5;2;5;2;5;20;8.361287361696558;4;20;8.171550456075863;4;5;6;11;5;4;5;3;0;10;17;6;3;6;18
TRACK:114;2;8;4;2;4;6;1;6;0;5;6;1;23;-5.30978755979069;18;6;6;4;9;5;5;1;2;3;21;-5.161934821656516;6;20;-5.700985251063289;4;6;13;3;2;0;3;5;2;2;5;11;1;14;8;5;4;12;0;5;2;0;1;14;21;7.873851360550713;2;22;8.419442386046821;14;0;4;19;6;12;5;3;3;0;22;-5.218509690933848;18;5;6;0;5;0;1;19;8;0;14;23;-0.41950358716877467;6;0;4;19;0;25;16
TRACK:115;2;8;5;4;2;2;3;2;4;6;6;5;23;4.635730651306398;0;2;4;1;14;16;3;0;10;22;-8.014155309267682;1;4;1;15;10;6;5;24;5;0;0;5;2;1;22;2.3973296736713916;8;5;20;4.124065254900435;6;4;3;16;3;1;3;4;14;2;1;8;16;2;14;16;0;5;5;1;3;0;5;10;2;18;24;1;5;6;22;-0.7707393004792031;1;2;21;-5.161934821656516;15;0;8;20;-1.22928116838189;5;3;0;2;2;0;16;14;2;24;16;1;0;25;23;4.159837156617169;0;15;25;2;1;0;10;20;-8.608927168926252;5;17;0;5;12;4;23;3.967574850125235
TRACK:116;5;9;6;1;6;6;3;4;1;2;3;5;18;5;6;25;2;1;3;20;-4.001857885220705;1;18;24;0;5;18;3;25;4;5;6;0;5;0;6;0;21;-8.668730307761392;19;6;4;23;8.461671642964788;2;6;3;4;17;3;3;6;12
TRACK:117;5;9;1;0;2;1;2;5;6;0;0;4;9;2;24;8;1;2;10;10;6;25;5;2;2;6;5;20;-9.499224034153562;5;5;7;-5.344464982458563;2;2;5;23;2.8045361730800913;3;25;4;3;21;-8.093094851841716;1;3;1;2;4;5;22;-0.13101798697684686;4;0;21;-7.794864910264918;25;3;6;4;23;4.13435960215369;6;2;0;4;1;24;21;1.4832621353424393;4;2;9;17;2;1;1;9;22;1.7463805688068295;4;18;5;0;16;16;2;6;4;3;1;1;2;13;17;2;10;22;1.1209893068662797;3;5;9;0;1;0;2;6;1;25;7;-6.122925515450046;6;6;19;1;4;1;16;13;0;3;9;5;12;3;5;0;2;9;9;5;18;5;5;1;3;5;8;3;5;23;3.311360281167646;1;3;3;6;1;1;1;3;25;3;16;3;3;25;0;3;0;12;25;0;5;9;5;25;2;6;6;0;4;1;0;11;13;3;23;5.412758232368587;3;3;0;13;21;5.210843852977284;2;6;0;0;0;1;12;9;2;16;14;0;1;17;13;1;22;6.368859763598053;11;1;6;3;25;1;3;9;4;17;0;1;1;2;6;7;7.898284256520544;5;14;2;0;17;22;-7.374252878043322;5;17;6;0;1;9;7;-4.230060104678528;3;14;4;0;6;5;25;5;4;19;0;6;3;1;0;5;0;1;1;14;8;3;24;2;2;23;-4.310890728162164;18;0;13;8;0;1;0;0;21;-9.757888362178694;12;3;23;8.461671642964788;6;4;22;1.0923528842315129;2;5;1;7;8.894590010707233;16;2;4;10;1;18;14;4;0;4;4;3;18;5;6;3;11;4;5;3;2;1;1;5;4;16;0;0;25;15;1;9;24;6;1;5;15;1;11;19;0;4;0;5;7;-6.354039736752661;1;10;12;5;1;2;24;21;-9.839908248552288;5;24
TRACK:118;1;3;6;2;0;1;5;0;1;3;6;2;25;16;3;4;1;13;13;4;1;5;2;7;6.315454661611891;21;0.0020990115267220943;2;6;10;1;15;21;-3.396727790283787;2;1;6;1;5;6;14;2;3;10;6;24;4;3;0;1;22;0.02873875468655207;15;0;14;17;1;1;3;4;2;24;7;-0.9103980169869779;4;5;5;22;2.147160768064797;1;5;5;5;16;4;6;1;20;-9.687446714045368;16;0;0;0;5;5;4;4;14;2;6;2;4;13;5;10;4;5;6;24;5;0;1;5;2;9;13;5;4;22;-7.529488634423494;1;2;4;24;1;12;14;4;4;12;5;2;0;2;4;1;17;23;-4.206051741293473;1;1;13;14;6;16;3;6;0;9;21;9.321993186572499;0;4;5;6;19;3;2;3;22;9.283806713555926;1;19;9;3;2;5;4;1;2;5;4;22;-7.800754036472092;2;3;18;6;21;-4.120026250168354;3;5;2;15;20;6.936544827334295;2;3;1;4;4;0;14;22;4.991784948319722;1;1;1;14;7;2.506418588475869;1;15;20;2.370884575997369;6;6;25;1;5;6;6;3;19;6;2;4;0;21;-9.522203833226273;7;-6.774785840005155;3;0;10;22;3.1807941510229636
TRACK:119;1;3;1;5;1;6;3;4;1;5;0;0;14;22;4.991784948319722;5;11;5;5;6;15;4;1;3;0;4;6;6;9;3;1;6;15;2;12;12;6;4;5;1;1;22;4.11235992743476;12;5;14;3;3;1;0;1;5;6;1;5;20;3.940093784039769;6;14;5;6;6;4;17;1;0;1;2;0;12;16;2;24;12;4;0;13;20;-4.5371671661691115;5;6;0;17;8;2;6;3;4;17;6;1;5;18;4;18;2;5;1;1;0;0;8;11;2;17;18;6;0;15;25;2;5;5;14;2;6;18;1;23;-4.618565988378995;8;1;0;6;4;0;25;21;-4.273100267085299;3;6;4;13;2;4;2;1;25;19;1;7;-9.625467296479883;15;13
TRACK:120;110;-1;6;2;0;1;5;0;1;3;6;2;25;16;3;4;1;13;13;4;1;5;2;7;6.243147676339298;21;-0.08838368380843635;2;6;10;1;15;21;-3.256781311920805;2;1;6;1;5;6;14;2;3;10;6;24;4;3;0;6;9;0;14;17;1;1;3;4;2;24;7;-1.024640888280937;4;5;5;22;2.043024967537063;1;5;5;5;16;4;6;1;20;-9.595992122411756;16;0;0;0;5;5;4;4;14;2;6;2;4;13;5;10;4;5;6;24;5;0;1;5;2;9;13;5;4;22;-7.477668000810619;1;2;4;24;1;12;14;4;4;12;5;2;0;2;4;1;17;23;-4.276215716931002;1;1;13;14;6;16;3;6;0;9;21;9.216727628459624;0;4;5;6;19;3;2;3;22;9.21652275038608;1;19;9;3;2;5;4;1;2;5;4;22;-7.867578356248228;2;19;6;21;-4.258769244055313;3;5;2;15;20;7.052291319035065;2;3;1;4;4;4;19;1;1;1;14;7;2.6640983091641792;1;15;20;2.293902868993181;6;6;25;1;5;6;6;3;19;6;2;4;0;21;-9.424315043909411;7;-6.89206792232204;3;0;10;22;3.134189279435694
TRACK:121;112;-1;1;0;2;1;2;5;6;0;0;4;9;2;24;8;1;2;10;10;6;25;5;2;2;6;5;20;-9.382111922657566;5;5;7;-5.198084949645959;2;2;5;23;2.876554262842701;3;25;4;3;21;-8.142621812299685;1;3;1;2;4;5;22;-0.043484050541555005;4;0;21;-7.776213304142213;25;3;6;4;23;4.229867812157802;6;2;0;4;1;22;3.3214026858283;21;1.3551751714199423;4;2;9;17;2;1;1;9;22;1.574582091688408;4;18;5;0;16;16;2;6;4;3;1;1;2;13;17;2;10;22;1.2701642364561363;3;5;9;0;1;0;2;6;1;25;7;-6.088522469447758;6;6;19;1;4;1;16;13;0;3;9;5;15;3;5;0;2;9;9;5;18;5;5;1;3;5;8;3;5;23;3.337516961581402;1;3;3;6;1;1;1;3;25;3;16;3;3;25;0;3;0;12;25;0;5;9;5;25;2;6;6;4;2;6;10;6;12;2;6;0;0;0;1;12;9;2;16;14;0;1;17;13;1;22;6.186554162414059;11;1;6;3;25;1;3;9;4;17;0;1;1;2;6;7;7.9233876885332375;5;14;2;0;17;22;-7.349201555685011;5;17;6;0;1;9;7;-4.2013011824429265;3;14;4;0;6;5;25;5;4;19;0;6;3;1;0;5;0;1;1;14;8;3;24;2;2;23;-4.235335118140519;18;0;13;8;0;1;0;0;21;-9.784335011738728;12;3;23;8.476972520189975;6;4;22;1.0687766349823637;2;5;1;7;8.892939885551515;16;2;4;10;1;18;14;4;0;4;4;3;18;5;6;3;11;4;5;3;2;1;1;5;4;16;0;0;25;15;1;9;24;6;1;5;15;1;11;19;0;4;0;5;7;-6.337301151234013;1;10;12;5;1;2;24;21;-9.787790560345893;5;24
TRACK:122;114;-1;4;2;4;6;1;6;0;5;6;1;23;-5.452814875810019;18;6;6;4;9;5;5;1;2;3;21;-5.150484428497693;6;20;-5.68965954153068;4;6;13;3;2;0;1;4;0;24;14;5;3;11;0;5;2;0;1;14;21;7.808887800462418;2;22;8.340829477102655;14;0;4;19;6;12;5;3;3;0;22;-5.091367335277255;18;5;6;0;5;0;1;19;8;0;14;23;-0.3661508365798969;6;0;4;19;0;25;16
TRACK:123;116;-1;6;1;6;6;3;4;1;2;3;5;18;5;6;25;2;1;3;20;-4.218182595588744;1;18;24;0;5;18;3;25;4;5;6;0;5;0;6;0;13;19;6;4;23;8.408138392769244;2;6;3;4;17;3;3;6;12
TRACK:124;118;-1;6;2;0;1;5;0;1;3;6;2;25;16;3;4;1;13;13;4;1;5;2;7;6.222346902709728;21;0.12773624319660415;2;6;10;1;15;21;-3.49185229370683;2;1;6;1;5;6;14;2;3;10;6;24;4;3;0;1;22;0.09819853372534021;15;0;14;17;1;1;3;4;2;24;7;-1.011791418317828;4;5;5;22;2.092045732761443;1;5;5;5;16;4;6;1;19;16;0;0;0;5;5;4;4;14;2;6;2;4;13;5;10;4;5;6;24;5;0;1;5;2;9;13;5;4;22;-7.580373746214942;1;2;4;24;1;12;14;4;4;12;5;2;0;2;4;1;17;23;-4.224055546043273;1;1;13;14;6;16;3;6;0;9;21;9.091463910468036;0;4;5;6;19;3;2;3;22;9.22246813973038;1;19;9;3;2;5;4;1;2;5;4;22;-7.683291566210042;2;3;18;6;21;-4.174573268926386;3;5;2;15;20;6.92144207882903;2;3;1;4;4;0;14;22;5.118335288246308;1;1;1;14;7;2.4560643671902813;1;15;20;2.4379696217474547;6;6;25;1;5;6;6;3;19;6;2;4;0;21;-9.627483624700831;7;-6.664675075706329;3;0;10;22;3.271898960034057
TRACK:125;111;-1;1;5;1;6;3;4;1;5;0;0;14;22;5.002610223437497;5;11;5;5;6;15;4;1;3;0;4;6;6;19;3;1;6;15;2;12;12;6;4;5;1;1;22;4.026927485020459;12;5;14;3;13
TRACK:126;113;-1;5;0;0;5;4;3;3;2;3;0;12;18;6;0;9;18;1;1;1;5;2;0;1;15;23;-0.9237425765081483;3;8;2;6;25;6;8;5;5;22;2.495950563384426;5;6;2;0;0;14;13;2;20;-6.258922221633546;21;4.61394170998536;3;2;10;11;2;5;2;5;2;5;20;8.474857713745907;4;20;8.237930565674128;4;5;6;11;5;4;5;3;0;10;17;6;3;6;18
TRACK:127;115;-1;5;4;2;2;3;2;4;6;6;5;23;4.525262996503483;0;2;4;1;14;16;3;0;10;22;-8.009190295761202;1;4;1;15;10;6;5;24;5;0;0;5;2;1;22;2.3126004010328245;8;5;20;4.128289791198861;6;4;3;16;3;1;3;4;14;2;1;8;16;2;14;16;0;5;5;1;3;0;5;10;2;18;24;1;5;6;22;-0.6771309934003552;1;2;21;-5.117686880273069;15;0;8;20;-1.3572566694884198;5;3;0;2;2;0;16;14;2;24;16;1;0;25;23;4.193748890954119;0;15;25;2;1;0;10;20;-8.458325356598845;4;15;0;5;12;4;23;4.025002837695293
TRACK:128;117;-1;1;0;2;1;2;5;6;0;0;4;9;2;24;8;1;2;10;10;6;25;5;2;2;6;5;20;-9.69367045360104;5;5;7;-5.378226775477708;2;2;5;23;2.9561966458152553;3;25;4;3;21;-8.101424126553365;1;3;1;2;4;5;22;-0.20937459241721715;4;0;21;-7.956607389036036;25;3;6;4;23;4.195585290942997;6;2;0;4;1;24;21;1.3858731308545353;4;2;9;17;2;1;1;9;22;1.6858385618407137;4;18;5;0;16;16;2;6;4;3;1;1;2;13;17;2;10;22;1.3519593164280694;3;5;9;0;1;0;2;6;1;25;7;-5.95561003492287;6;6;19;1;4;1;16;13;0;3;9;5;12;3;5;0;2;9;9;5;18;5;5;1;3;5;8;3;5;23;3.326045168356289;1;3;3;6;1;1;1;3;25;3;16;3;3;25;0;3;0;12;25;0;5;9;5;25;2;6;6;0;4;1;0;11;13;3;23;5.670579622740545;3;3;0;13;21;5.173827963983636;2;6;0;0;0;1;12;9;2;16;14;0;1;17;13;1;22;6.372748885292264;11;1;6;3;25;1;3;9;4;17;0;1;1;2;6;7;7.983885022065342;5;14;2;0;17;22;-7.345154359979051;5;17;6;0;1;9;7;-4.291198814020867;3;14;4;0;6;5;25;5;4;19;0;6;3;1;0;5;0;1;1;14;8;3;24;2;2;23;-4.461833546679022;18;0;13;8;0;1;0;0;21;-9.737900768537711;12;3;23;8.401369875187804;6;4;22;1.1560125367408458;2;5;1;7;8.82495738692355;16;2;4;10;1;18;14;4;0;4;4;3;18;5;6;3;11;4;5;3;2;1;1;5;4;16;0;0;25;15;1;9;24;6;1;5;15;1;11;19;0;4;0;5;7;-6.337659902717784;1;10;12;5;1;2;24;21;-9.928689323453037;5;24
TRACK:129;119;-1;1;5;1;6;3;4;1;5;0;0;14;22;5.028918125005123;5;11;5;5;6;15;4;1;3;0;4;6;6;9;3;1;6;15;2;12;12;6;4;5;1;1;22;3.8843117190880028;12;5;14;3;3;1;0;1;5;6;1;5;20;3.9346962725765144;6;14;5;6;6;4;17;1;0;1;2;0;12;16;2;24;12;4;0;13;20;-4.738987338198439;5;6;0;17;8;2;6;3;4;17;6;1;5;18;4;18;2;5;1;1;0;0;8;11;2;17;18;6;0;15;25;2;5;5;14;2;6;18;1;23;-4.4768646930669185;8;6;2;20;9.799985667244563;23;8.035196666171434
EVAL_INSTANCE:6:0:120
EVAL_INSTANCE:6:1:121
EVAL_INSTANCE:6:2:122
EVAL_INSTANCE:6:3:123
EVAL_INSTANCE:6:4:124
EVAL_INSTANCE:6:5:125
EVAL_INSTANCE:6:6:126
EVAL_INSTANCE:6:7:127
EVAL_INSTANCE:6:8:128
EVAL_INSTANCE:6:9:129
RUN_RESULT:6:0:0:2000:----
RUN_RESULT:6:1:0:2000:----
RUN_RESULT:6:2:0:2000:----
RUN_RESULT:6:3:0:2000:----
RUN_RESULT:6:4:0:2000:----
RUN_RESULT:6:5:0:2000:----
RUN_RESULT:6:6:0:2000:----
RUN_RESULT:6:7:0:2000:----
RUN_RESULT:6:8:0:2000:----
RUN_RESULT:6:9:0:2000:----
     7 |       70 |  0.000000E+00 | -0.000000E+00
TRACK:130;9;2;1;0;2;1;2;5;6;0;0;4;9;2;24;8;1;2;10;10;6;25;5;2;2;6;5;20;-9.499224034153562;5;5;7;-5.344464982458563;2;2;5;23;2.8045361730800913;3;25;4;3;21;-8.093094851841716;1;3;1;2;4;5;22;-0.13101798697684686;4;0;21;-7.794864910264918;25;3;6;4;23;4.13435960215369;6;2;0;4;1;22;3.2608670220304425;21;1.4832621353424393;4;2;9;17;2;1;1;9;22;1.7463805688068295;4;18;5;0;16;16;2;6;4;3;1;1;2;13;17;2;10;22;1.1209893068662797;3;5;9;0;1;0;2;6;1;25;7;-6.122925515450046;6;8;1;4;1;16;13;0;3;9;5;12;3;5;0;2;9;9;5;18;5;5;1;3;5;8;3;5;23;3.311360281167646;1;3;3;6;1;1;1;3;25;3;16;3;3;25;0;3;0;12;25;0;5;9;5;25;2;6;6;0;4;1;0;11;13;3;23;5.412758232368587;3;3;0;13;21;5.210843852977284;2;6;0;0;0;1;12;9;2;16;14;0;1;17;13;1;22;6.368859763598053;11;1;6;3;25;1;3;9;4;17;0;1;1;2;6;7;7.898284256520544;5;14;2;0;17;22;-7.374252878043322;5;17;6;0;1;9;7;-4.230060104678528;3;14;4;0;6;5;25;5;4;19;0;6;3;1;0;5;0;1;1;14;8;3;24;2;2;23;-4.310890728162164;18;0;13;8;0;1;0;0;21;-9.757888362178694;12;3;23;8.461671642964788;6;4;22;1.0923528842315129;2;5;1;7;8.894590010707233;16;2;4;10;1;18;14;4;0;4;4;3;18;5;6;3;11;4;5;3;2;1;1;5;4;16;0;0;25;15;1;9;24;6;1;5;15;1;11;19;0;4;0;5;7;-6.354039736752661;1;10;12;5;1;2;24;21;-9.839908248552288;5;24
TRACK:131;9;2;4;2;4;6;1;6;0;5;6;1;23;-5.30978755979069;18;6;6;4;9;5;5;1;2;3;21;-5.161934821656516;6;20;-5.700985251063289;4;7;7.898284256520544;3;2;0;3;5;2;2;5;11;1;14;8;5;4;12;0;5;2;0;1;14;21;7.873851360550713;2;22;8.419442386046821;14;0;4;19;6;12;5;3;3;0;22;-5.218509690933848;18;5;6;0;5;0;1;19;8;0;14;23;-0.41950358716877467;6;0;4;19;0;25;16
TRACK:132;5;3;6;1;6;25;4;5;6;0;5;0;6;0;21;-8.668730307761392;19;6;4;12;2;6;3;4;17;3;3;6;12
TRACK:133;5;3;1;5;1;6;3;4;1;5;0;0;14;22;4.991784948319722;5;11;5;5;6;15;4;1;3;0;4;6;6;9;3;1;6;15;2;12;12;6;4;5;1;1;22;4.11235992743476;12;5;14;3;3;1;0;1;5;6;1;5;20;3.940093784039769;6;14;5;6;6;4;17;1;0;1;2;0;12;16;2;24;12;4;0;13;20;-4.5371671661691115;5;6;0;17;8;2;6;3;4;17;6;1;5;18;4;18;2;2;6;3;4;17;3;3;6;12;1;0;6;4;0;25;21;-4.273100267085299;3;6;4;13;2;4;2;1;25;19;1;7;-9.625467296479883;15;4;5;0;21;-3.7364764609539254;7;8.229177339132015
TRACK:134;7;3;2;1;1;5;2;0;3;6;1;3;16;1;12;17;0;4;6;2;15;12;2;5;6;13;3;1;20;-0.24698390480495824;25;0;3;5;1;1;22;-6.5174545344852515;21;-3.918530838179814;3;9;4;2;5;6;15;3;0;20;2.0201316169353216;15;5;4;0;1;3;2;2;23;2.3482003395312763;8;4;20;-4.091437552342143;4;1;2;7;-0.5882727476582517;15;4;14;2;5;5;0;8;16;1;0;6;19;5;18;1;2;25;19;5;13;6;6;3;3;2;0;1;2;16;24;0;22;-6.040627089605888;15;4;3;23;-4.202540099888889;1;1;5;18;1;21;-6.716758365729132;9;4;0;19;19;1;3;6;5;5;0;5;4;3;12;3;0;2;14;14;1;19;16;5;6;1;5;6;2;0;5;25;4;20;-2.9553149788213995;4;0;23;-8.568362190186328;11;6;1;5;0;3;21;-8.404935025272703;0;15;9;1;1;4;20;7.665704473583883;4;19;1;3;7;5.138355166497966;3;16
TRACK:135;7;3;1;5;1;6;3;4;1;5;0;0;14;16;5;11;5;5;6;15;4;1;3;0;4;6;6;9;3;1;6;15;2;12;12;6;4;5;1;1;22;4.11235992743476;12;5;14;3;3;1;0;1;5;6;1;5;20;3.940093784039769;6;14;5;6;6;4;17;1;0;1;2;0;12;16;2;24;12;4;0;13;20;-4.5371671661691115;5;6;0;17;8;2;6;3;4;17;6;1;5;18;4;18;2;5;1;1;0;0;8;11;2;17;18;6;0;15;25;2;5;5;14;2;6;18;1;23;-4.618565988378995;8;1;0;6;4;0;25;21;-4.273100267085299;3;6;4;13;2;4;2;1;25;19;1;7;-9.625467296479883;15;4;5;0;21;-3.7364764609539254;7;8.229177339132015
TRACK:136;8;6;5;4;2;2;3;2;4;6;6;5;23;4.635730651306398;0;2;4;1;14;16;3;0;10;22;-8.014155309267682;1;4;1;15;10;6;5;24;5;0;0;5;2;1;22;2.3973296736713916;8;5;20;4.124065254900435;6;4;3;16;3;1;3;4;14;2;6;25;2;14;16;0;5;5;1;3;0;5;10;2;18;24;1;5;6;22;-0.7707393004792031;1;2;12;15;0;8;20;-1.22928116838189;5;3;0;2;2;0;16;14;2;24;16;1;0;25;23;4.159837156617169;0;15;25;2;1;0;10;20;-8.608927168926252;5;17;0;5;12;4;23;3.967574850125235
TRACK:137;8;6;3;2;1;4;5;23;4.635730651306398;4;1;1;5;3;2;1;13;14;3;7;4.618529150991009;4;4;6;1;16;25;4;6;1;3;3;17;6;1;19;9;3;5;6;4;0;1;6;4;23;0.12070545473202543;3;5;23;-2.2035569565090984;0;2;1;18;9;1;22;-1.8808895698675254;10;6;2;18;17
TRACK:138;4;9;5;0;0;5;4;3;3;2;3;0;12;18;6;0;9;18;1;1;1;5;2;0;1;15;23;-1.010087854693431;3;8;2;6;25;6;8;0;2;1;6;12;0;8;18;0;5;14;3;9;5;4;3;9;5;6;2;0;0;14;13;2;20;-6.302180647503475;21;4.604463658344235;3;2;24;11;2;5;2;5;2;5;20;8.361287361696558;4;20;8.171550456075863;4;5;6;11;5;4;5;3;0;10;17;6;3;6;6;3;5;2;4;25;3;8
TRACK:139;4;9;1;0;2;1;2;5;6;0;0;4;9;2;24;8;1;2;10;10;6;25;5;2;2;6;5;20;-9.499224034153562;5;5;7;-5.344464982458563;2;2;5;23;2.8045361730800913;3;25;4;3;21;-8.093094851841716;1;3;1;2;4;3;8;4;0;21;-7.794864910264918;25;3;6;4;23;4.13435960215369;6;2;0;4;1;22;3.2608670220304425;21;1.4832621353424393;4;2;9;17;2;1;1;9;22;1.7463805688068295;4;18;5;0;16;16;2;6;4;3;1;1;2;13;17;2;10;22;1.1209893068662797;3;5;9;0;1;0;2;6;1;25;7;-6.122925515450046;6;6;19;1;4;1;16;13;0;3;9;5;12;3;5;0;2;9;9;5;18;5;5;1;3;5;8;3;5;23;3.311360281167646;1;3;3;6;1;1;1;3;25;3;16;3;3;25;0;3;0;12;25;0;5;9;5;25;2;6;6;0;4;1;0;11;13;3;23;5.412758232368587;3;3;0;13;21;5.210843852977284;2;6;0;0;0;1;12;9;2;16;14;0;1;17;13;1;22;6.368859763598053;11;1;6;3;25;1;3;9;4;17;0;1;1;2;6;7;7.898284256520544;5;14;2;0;17;22;-7.374252878043322;5;17;6;0;1;9;7;-4.230060104678528;3;14;4;0;6;5;25;5;4;19;0;6;3;1;0;5;0;1;1;14;8;3;24;2;2;23;-4.310890728162164;18;0;13;8;0;1;0;0;21;-9.757888362178694;12;3;23;8.461671642964788;6;4;22;1.0923528842315129;2;5;1;7;8.894590010707233;16;2;4;10;1;18;14;4;0;4;4;3;18;5;6;3;11;4;5;3;2;1;1;5;4;16;0;0;25;15;1;9;24;6;1;5;15;1;11;19;0;4;0;5;7;-6.354039736752661;1;10;12;5;1;2;24;21;-9.839908248552288;5;24
TRACK:140;130;-1;1;0;2;1;2;5;6;0;0;4;9;2;24;8;1;2;10;10;6;25;5;2;2;6;5;20;-9.580941735287743;5;5;7;-5.395573450385707;2;2;5;23;2.7244261578486144;3;25;4;3;21;-8.00151866704609;1;3;1;2;4;5;22;-0.21052504262370914;4;0;21;-7.844566752869563;25;3;6;4;23;4.16282879199287;6;2;0;4;1;22;3.309519422657935;21;1.3175842702808125;4;2;9;17;2;1;1;9;22;1.5577678322532191;4;18;5;0;16;16;2;6;4;3;1;1;2;13;17;2;10;22;1.2482269131767707;3;5;9;0;1;0;2;6;1;25;7;-5.998243712754662;6;8;1;4;1;16;13;0;3;9;5;12;3;5;0;2;9;9;5;18;5;5;1;3;5;8;3;5;23;3.433375509118403;1;3;3;6;1;1;1;3;25;3;16;3;3;25;0;3;0;12;25;0;5;9;5;25;2;6;6;0;4;1;0;11;13;3;23;5.380209108617363;3;3;0;18;21;5.27008658135452;2;6;0;0;0;1;12;9;2;16;14;0;1;17;13;1;22;6.613205251641744;11;1;6;3;25;1;3;9;4;17;0;1;1;2;6;7;7.922730792510812;5;14;2;0;17;22;-7.337446821407962;5;17;6;0;1;9;7;-4.189210378526247;3;14;4;0;6;5;25;5;4;19;0;6;3;1;0;5;0;1;1;14;8;3;24;2;2;23;-4.384733984257084;18;0;13;8;0;1;0;0;21;-9.769297905578512;12;3;23;8.561953278445515;6;4;22;1.1057962072406082;2;5;1;7;8.804918666686067;16;2;4;10;1;18;14;4;0;4;4;3;18;5;6;3;11;4;5;3;2;1;1;5;4;16;0;0;25;15;1;9;24;6;1;5;15;1;11;19;0;4;0;5;7;-6.419398335956892;1;10;12;5;1;2;24;21;-10.0;5;24
TRACK:141;132;-1;6;1;6;4;4;2;1;5;16;1;22;4.561282243109208;10;4;1;21;4.284864180231692;11;4;5;6;0;5;0;6;0;21;-8.672772790073166;19;6;4;12;2;6;3;4;17;3;3;6;12
TRACK:142;134;-1;2;1;1;5;2;0;3;6;1;3;16;1;12;17;0;4;6;2;15;12;2;5;6;13;3;1;20;-0.1315891377680984;25;0;3;5;1;1;22;-6.488452143728998;21;-3.8062044426352717;3;9;4;2;5;6;15;3;0;20;1.9455084102133433;15;5;4;0;1;3;2;2;23;2.44880140205704;8;4;20;-4.10381446807462;4;1;2;7;-0.4962115598242781;15;4;14;2;5;5;0;8;16;1;0;6;19;5;18;1;2;25;19;5;13;6;6;3;3;2;0;1;2;16;24;0;22;-5.934676204598578;15;4;3;23;-4.23787079293608;1;1;5;18;1;21;-6.635302836039574;9;4;0;19;19;1;3;6;5;5;0;5;4;3;12;3;0;6;19;1;19;16;5;6;1;5;6;2;0;5;25;4;20;-2.8704294057927293;4;0;23;-8.48252221986898;11;6;1;5;0;3;21;-8.49133298272759;0;15;9;1;1;4;20;7.710302930435533;4;19;1;3;7;5.202956299825788;3;16
TRACK:143;136;-1;5;4;2;2;3;2;4;6;6;5;23;4.51286892534423;0;2;4;1;14;16;3;0;10;22;-8.167842540547287;1;4;1;15;10;6;5;24;5;0;0;5;2;1;22;2.326493690624708;8;5;20;4.181285935082056;6;4;3;16;3;1;3;4;14;2;6;25;3;12;0;5;5;1;3;0;5;10;2;18;24;1;5;6;22;-0.8232948406732707;1;2;12;15;0;8;20;-1.2115459972090397;5;3;0;2;2;0;16;14;2;24;16;1;0;25;23;4.1689806636990445;0;15;25;2;1;0;10;20;-8.39762741651927;5;17;0;5;12;4;23;4.041042550789624
TRACK:144;138;-1;5;0;0;5;4;3;3;2;3;0;12;18;6;0;9;18;1;1;1;5;2;0;1;15;23;-1.0089217852783232;3;8;2;6;25;6;8;0;2;1;6;12;0;8;18;0;5;14;3;9;5;4;3;9;5;6;2;0;0;14;13;2;20;-6.441409193320466;21;4.628963781553035;3;2;24;7;-8.975305636485416;2;5;2;5;2;5;20;8.397301630180914;4;20;8.083398450867767;4;5;6;11;5;4;5;3;0;10;17;6;3;6;6;3;5;2;4;25;3;8
TRACK:145;131;-1;4;2;4;6;1;6;0;5;6;1;23;-5.526892145497271;18;6;6;4;9;5;5;1;2;3;21;-5.0613064483232835;6;20;-5.690973511574568;4;7;7.803887121042957;3;2;0;3;5;2;2;5;11;1;14;8;5;4;12;0;5;2;0;1;14;21;7.847016854651233;2;22;8.2869640553571;14;0;4;19;6;23;-3.27976426309033;5;3;3;0;22;-5.100240068739194;18;5;6;0;5;0;1;19;8;0;14;23;-0.3038321515267404;6;0;4;19;0;25;16
TRACK:146;133;-1;1;5;1;6;3;4;1;5;0;0;14;22;4.944663309804522;5;11;5;5;6;15;4;1;3;0;4;6;6;9;3;1;6;15;2;12;12;6;4;5;1;1;22;4.3838654296273925;12;5;14;3;3;1;0;1;5;6;1;5;20;3.956330212696573;6;14;5;6;6;4;17;1;0;1;4;5;9;4;0;13;20;-4.5134871743148555;5;6;0;17;8;2;6;3;4;17;6;1;5;18;4;18;2;2;6;3;4;17;3;3;6;12;1;0;6;4;0;25;21;-4.321341645645982;3;6;4;13;2;4;2;1;25;19;1;7;-9.701343890223312;15;4;5;0;21;-3.8304955995448324;7;7.991877668171181
TRACK:147;135;-1;1;5;1;6;3;4;1;5;0;0;14;16;5;11;5;5;6;15;4;1;3;0;4;6;6;9;3;1;6;15;2;12;12;6;4;5;1;1;22;4.09327379688004;12;5;14;3;3;1;0;1;5;6;1;5;20;4.0084211820643585;6;14;5;6;6;4;17;1;0;1;2;0;12;16;2;24;12;4;0;13;20;-4.394747064297204;5;6;0;17;8;2;6;3;4;17;6;1;5;18;4;18;2;5;1;1;0;0;8;11;2;17;18;6;0;15;25;2;5;5;14;2;6;18;1;23;-4.613455341601858;8;1;0;6;4;0;25;21;-4.395527042068066;3;6;4;13;2;4;2;3;11;1;7;-9.847819931360887;15;4;5;0;21;-3.731979552040715;7;8.060668228981221
TRACK:148;137;-1;3;2;1;4;5;23;4.693712406321147;4;1;1;5;3;2;1;13;14;3;7;4.68787246895235;4;4;6;1;16;25;4;6;1;3;3;17;6;1;19;9;3;5;5;4;3;5;21;-2.601225951501844
TRACK:149;139;-1;1;0;2;1;2;5;6;0;0;4;9;2;24;8;1;2;10;10;6;25;5;2;2;6;5;20;-9.479570922536602;5;5;7;-5.345493995355691;2;2;5;23;2.686653603538589;3;25;4;3;21;-8.093968226177457;1;3;1;2;4;3;8;4;0;21;-7.629667185929787;25;3;6;4;23;4.236334517403595;6;2;0;4;1;22;3.0733351760499623;21;1.316158924504706;4;2;9;17;2;1;1;9;22;1.9201243416726979;4;18;5;0;16;16;2;6;4;3;1;1;2;13;17;2;10;22;1.302774698333376;3;5;9;0;1;0;2;6;1;25;7;-6.049786901686149;6;6;19;1;4;1;16;13;0;3;9;5;12;3;5;0;2;9;9;5;18;5;5;1;3;5;8;3;5;23;3.0956173258809216;1;3;3;6;1;1;1;3;25;3;16;3;3;25;0;3;0;12;25;0;5;9;5;25;2;6;6;0;4;1;0;11;13;3;23;5.330945476179766;3;3;0;13;21;5.143980579516656;2;6;0;0;0;1;12;9;2;16;14;0;1;17;13;1;22;6.359000695781532;11;1;6;3;25;1;3;9;4;17;0;1;1;2;6;7;7.924945320276853;5;14;2;0;17;22;-7.346338299070783;5;17;6;0;1;9;7;-4.322469214206274;3;14;4;0;6;5;25;5;4;19;0;6;3;1;0;5;0;1;1;14;8;3;24;2;3;9;0;13;8;0;1;0;0;21;-9.690559028348678;12;3;23;8.417071920725604;6;4;22;1.2667481797645856;2;5;1;7;8.925823437161727;16;2;4;10;1;18;14;4;0;4;4;3;18;5;6;3;11;4;5;3;2;1;1;5;4;16;0;0;25;15;1;9;24;6;1;5;15;1;11;19;0;4;0;5;7;-6.492765666332718;1;10;12;5;1;2;24;21;-9.781478293707863;5;24
EVAL_INSTANCE:7:0:140
EVAL_INSTANCE:7:1:141
EVAL_INSTANCE:7:2:142
EVAL_INSTANCE:7:3:143
EVAL_INSTANCE:7:4:144
EVAL_INSTANCE:7:5:145
EVAL_INSTANCE:7:6:146
EVAL_INSTANCE:7:7:147
EVAL_INSTANCE:7:8:148
EVAL_INSTANCE:7:9:149
RUN_RESULT:7:0:0:2000:----
RUN_RESULT:7:1:0:2000:----
RUN_RESULT:7:2:0:2000:----
RUN_RESULT:7:3:0:2000:----
RUN_RESULT:7:4:0:2000:----
RUN_RESULT:7:5:0:2000:----
RUN_RESULT:7:6:0:2000:----
RUN_RESULT:7:7:0:2000:----
RUN_RESULT:7:8:0:2000:----
RUN_RESULT:7:9:0:2000:----
     8 |       80 |  0.000000E+00 | -0.000000E+00
TRACK:150;4;9;5;0;0;5;4;3;3;2;3;0;12;18;6;0;9;18;1;1;1;5;2;0;1;15;23;-1.010087854693431;3;8;2;6;25;6;8;0;2;1;6;12;0;8;18;0;5;14;3;9;2;4;10;1;18;14;5;6;2;0;0;14;13;2;20;-6.302180647503475;21;4.604463658344235;3;2;10;11;2;5;2;5;2;5;20;8.361287361696558;4;20;8.171550456075863;4;5;6;11;5;4;5;3;0;10;17;6;3;6;6;3;5;2;4;25;3;8
TRACK:151;4;9;1;0;2;1;2;5;6;0;0;4;9;2;24;8;1;2;10;10;6;25;5;2;2;6;5;20;-9.499224034153562;5;5;7;-5.344464982458563;2;2;5;23;2.8045361730800913;3;25;4;3;21;-8.093094851841716;1;3;1;2;4;5;22;-0.13101798697684686;4;0;21;-7.794864910264918;25;3;6;4;23;4.13435960215369;6;2;0;4;1;22;3.2608670220304425;21;1.4832621353424393;4;2;9;17;2;1;1;9;22;1.7463805688068295;4;18;5;0;16;16;2;6;4;3;1;1;2;13;17;2;10;22;1.1209893068662797;3;5;9;0;1;0;2;6;1;25;7;-6.122925515450046;6;6;19;1;4;1;16;13;0;3;9;5;12;3;5;0;2;9;9;5;18;5;5;1;3;5;8;3;5;23;3.311360281167646;1;3;3;6;1;1;1;3;25;3;16;3;3;25;0;3;0;12;25;0;5;9;5;25;2;6;6;0;4;1;0;11;13;3;23;5.412758232368587;3;3;0;13;21;5.210843852977284;2;6;0;0;0;1;12;9;2;16;14;0;1;17;13;1;22;6.368859763598053;11;1;6;3;25;1;3;9;4;17;0;1;1;2;6;7;7.898284256520544;5;14;2;0;17;22;-7.374252878043322;5;17;6;0;1;9;7;-4.230060104678528;3;14;4;0;6;5;25;5;4;19;0;6;3;1;0;5;0;9;2;2;23;-4.310890728162164;18;0;13;8;0;1;0;0;21;-9.757888362178694;12;3;23;8.461671642964788;6;4;22;1.0923528842315129;2;5;1;7;8.894590010707233;16;2;4;10;1;18;14;4;0;4;4;3;18;5;6;3;11;4;5;3;2;1;1;5;4;16;0;0;25;15;1;9;24;6;1;5;15;1;11;19;0;4;0;5;7;-6.354039736752661;1;10;12;5;1;2;24;21;-9.839908248552288;5;24
TRACK:152;3;6;1;5;1;6;3;4;1;5;0;0;14;22;4.991784948319722;5;11;5;5;6;15;4;1;3;0;4;6;6;9;3;1;6;15;2;12;12;6;4;5;1;1;22;4.11235992743476;12;5;14;3;3;1;0;1;5;6;1;5;20;3.940093784039769;6;14;5;6;6;4;17;1;0;1;2;0;12;16;2;24;12;23;-2.2035569565090984;5;6;0;17;8;2;6;3;4;17;6;1;5;18;4;18;2;5;1;1;0;0;8;11;2;17;18;6;0;15;25;2;5;5;14;2;6;18;1;23;-4.618565988378995;8;1;0;6;4;0;25;21;-4.273100267085299;3;6;4;13;2;4;2;1;25;19;1;7;-9.625467296479883;15;4;5;0;21;-3.7364764609539254;7;8.229177339132015
TRACK:153;3;6;3;2;1;4;5;6;5;4;2;2;25;22;-3.6074654029094555;6;25;4;1;1;5;3;2;1;13;14;3;7;4.618529150991009;4;4;6;1;16;25;6;9;3;5;6;4;0;1;6;4;23;0.12070545473202543;3;5;23;-2.2035569565090984;0;2;1;18;9;1;22;-1.8808895698675254;10;6;2;18;17
TRACK:154;1;8;6;2;0;1;5;0;1;3;6;2;25;16;3;4;1;13;13;4;1;5;2;7;6.315454661611891;21;0.0020990115267220943;2;6;10;1;15;21;-3.396727790283787;2;1;6;1;5;6;14;2;3;10;6;24;4;3;0;1;22;0.02873875468655207;15;0;14;17;1;1;3;4;2;24;7;-0.9103980169869779;4;5;5;22;2.147160768064797;1;5;5;5;16;4;6;1;20;-9.687446714045368;16;0;0;0;5;5;4;4;14;2;6;2;4;13;5;10;4;5;6;24;5;0;1;5;2;9;10;5;4;22;-7.529488634423494;1;2;4;24;1;12;14;4;4;12;5;2;0;2;4;1;17;23;-4.206051741293473;1;1;13;14;6;16;3;6;0;9;21;9.321993186572499;0;4;5;6;19;3;2;3;22;9.283806713555926;1;19;9;3;2;5;4;1;2;5;4;22;-7.800754036472092;2;3;18;6;21;-4.120026250168354;3;5;2;15;20;6.936544827334295;2;3;1;4;4;4;19;1;1;1;14;7;2.506418588475869;1;15;20;2.370884575997369;6;6;25;1;5;6;6;3;19;6;2;4;0;21;-9.522203833226273;7;-6.774785840005155;3;0;10;22;3.1807941510229636
TRACK:155;1;8;5;4;2;2;3;2;4;6;6;5;23;4.635730651306398;0;2;4;1;14;16;3;0;10;22;-8.014155309267682;1;4;1;15;10;6;5;24;5;0;0;5;2;1;22;2.3973296736713916;8;5;20;4.124065254900435;6;4;3;16;3;1;3;4;14;2;1;8;16;2;14;16;0;5;5;1;3;0;5;10;2;18;24;1;5;6;22;-0.7707393004792031;1;1;15;21;-3.396727790283787;0;8;20;-1.22928116838189;5;3;0;2;2;0;16;14;2;24;16;1;0;25;23;4.159837156617169;0;15;25;2;1;0;10;20;-8.608927168926252;5;17;0;5;12;4;23;3.967574850125235
TRACK:156;5;9;6;1;6;6;3;4;1;2;3;5;18;5;6;25;2;1;3;20;-4.001857885220705;1;18;24;0;5;18;3;25;4;5;6;0;5;0;6;0;18;19;6;4;12;2;6;3;4;17;3;3;6;12
TRACK:157;5;9;1;0;2;1;2;5;6;0;0;4;9;2;24;8;1;2;10;10;6;25;5;2;2;6;5;20;-9.499224034153562;5;5;7;-5.344464982458563;2;2;5;23;2.8045361730800913;3;25;4;3;21;-8.093094851841716;1;3;1;2;4;5;22;-0.13101798697684686;4;0;21;-7.794864910264918;25;3;6;4;23;4.13435960215369;6;2;0;4;1;22;3.2608670220304425;21;1.4832621353424393;4;2;9;17;2;1;1;9;22;1.7463805688068295;4;18;5;0;16;16;2;6;4;3;1;1;2;13;17;2;10;22;1.1209893068662797;3;5;9;0;1;0;2;6;1;25;7;-6.122925515450046;6;6;21;-8.668730307761392;1;4;1;16;13;0;3;9;5;12;3;5;0;2;9;9;5;18;5;5;1;3;5;8;3;5;23;3.311360281167646;1;3;3;6;1;1;1;3;25;3;16;3;3;25;0;3;0;12;25;0;5;9;5;25;2;6;6;0;4;1;0;11;13;3;23;5.412758232368587;3;3;0;13;21;5.210843852977284;2;6;0;0;0;1;12;9;2;16;14;0;1;17;13;1;22;6.368859763598053;11;1;6;3;25;1;3;9;4;17;0;1;1;2;6;7;7.898284256520544;5;14;2;0;17;22;-7.374252878043322;5;17;6;0;1;9;7;-4.230060104678528;3;14;4;0;6;5;25;5;4;19;0;6;3;1;0;5;0;1;1;14;8;3;24;2;2;23;-4.310890728162164;18;0;13;8;0;1;0;0;21;-9.757888362178694;12;3;23;8.461671642964788;6;4;22;1.0923528842315129;2;5;1;7;8.894590010707233;16;2;4;10;1;18;14;4;0;4;4;3;18;5;6;3;11;4;5;3;2;1;1;5;4;16;0;0;25;15;1;9;24;6;1;5;15;1;11;19;0;4;0;5;7;-6.354039736752661;1;10;12;5;1;2;24;21;-9.839908248552288;5;24
TRACK:158;2;1;4;2;4;6;1;6;0;5;6;1;23;-5.30978755979069;18;6;6;4;9;5;5;1;2;3;21;-5.161934821656516;6;20;-5.700985251063289;4;6;13;3;2;0;3;5;2;2;5;11;1;14;8;5;4;12;0;5;2;0;1;14;21;7.873851360550713;2;22;8.419442386046821;14;0;4;19;6;12;5;3;3;0;22;-5.218509690933848;18;5;6;0;5;0;6;19;0;14;23;-0.41950358716877467;6;0;4;19;0;25;16
TRACK:159;2;1;6;2;0;1;5;0;1;3;6;2;25;16;3;4;1;13;13;4;1;5;2;7;6.315454661611891;21;0.0020990115267220943;2;6;10;1;15;21;-3.396727790283787;2;1;6;1;5;6;14;2;3;10;6;24;4;3;0;1;22;0.02873875468655207;15;0;14;17;1;1;3;4;2;24;7;-0.9103980169869779;4;5;5;22;2.147160768064797;1;5;5;5;16;4;6;1;20;-9.687446714045368;16;0;0;0;5;5;4;4;14;2;6;2;4;13;5;10;4;5;6;24;5;0;1;5;2;9;13;5;4;22;-7.529488634423494;1;2;4;24;1;12;14;4;4;12;5;2;0;2;4;1;17;23;-4.206051741293473;1;1;13;14;6;16;3;6;0;9;21;9.321993186572499;0;4;5;6;19;3;2;3;22;9.283806713555926;1;19;9;3;2;5;4;1;2;5;4;22;-7.800754036472092;2;3;18;6;21;-4.120026250168354;3;5;2;15;20;6.936544827334295;2;3;1;4;4;4;19;1;1;6;13;1;15;20;2.370884575997369;6;6;25;1;5;6;6;3;19;6;2;4;0;21;-9.522203833226273;7;-6.774785840005155;3;0;10;22;3.1807941510229636
TRACK:160;150;-1;5;0;0;5;4;3;3;2;3;0;12;18;6;0;9;18;1;1;1;5;2;0;2;11;15;2;25;17;2;6;25;6;8;0;2;1;6;12;0;8;18;0;5;14;3;9;2;4;10;1;18;14;5;6;2;0;0;14;13;2;20;-6.312184056041521;21;4.611800132611043;3;2;10;11;2;5;2;5;2;5;20;8.196416924974676;4;20;8.272109407464578;4;5;6;11;5;4;5;3;0;10;17;6;3;6;6;3;5;2;4;25;3;8
TRACK:161;152;-1;1;5;1;6;3;4;1;5;0;0;14;22;5.1213199542800405;5;11;5;5;6;15;4;1;3;0;4;6;6;9;3;1;6;15;2;12;12;6;4;6;2;1;9;14;0;10;23;8.321365856000725;3;3;1;0;1;5;6;1;5;20;3.8488444916730775;6;14;5;6;6;4;17;1;0;1;2;0;12;16;2;24;12;23;-2.1626433099564655;5;6;0;17;8;2;6;3;4;17;6;1;5;18;4;18;2;5;1;1;0;0;8;11;2;17;18;6;0;15;25;2;5;5;14;2;6;18;1;23;-4.569570904159691;8;1;0;6;4;0;25;21;-4.300484851776099;3;6;4;13;2;4;2;1;25;19;1;7;-9.658107378684388;15;4;5;0;21;-3.7139574192832856;7;8.232495818818647
TRACK:162;154;-1;6;2;0;1;5;0;1;3;6;2;25;16;3;4;1;13;13;4;1;5;2;7;6.166104647546634;21;0.2114102521740916;2;6;10;1;15;21;-3.477428887720919;2;1;6;1;5;6;14;2;3;10;6;24;4;3;0;1;22;0.04862304855402255;15;0;14;17;1;1;3;4;2;24;7;-0.7441176663941325;4;5;5;22;2.191514999750888;1;5;5;5;16;4;6;1;20;-9.808100468747217;16;0;0;0;5;5;4;4;14;2;6;2;4;13;5;10;4;5;6;24;5;0;1;5;2;9;10;5;4;22;-7.564103943213405;1;2;4;24;1;12;14;4;4;12;5;2;0;2;4;1;17;23;-4.173939545546004;1;1;13;14;6;16;3;6;0;9;21;-3.9733726214892933;0;4;5;6;19;3;2;3;22;9.30913004978557;1;19;9;3;2;5;4;1;2;5;4;22;-7.835837183188168;2;3;18;6;21;-4.214758129025785;3;5;2;15;20;7.049026666904282;2;3;1;4;4;4;19;1;1;1;14;7;2.47292232137412;1;15;20;2.4570326207104567;6;6;25;1;5;6;6;3;19;6;2;4;0;21;-9.735005798374683;7;-6.691457251794326;3;0;10;22;3.2005394886493823
TRACK:163;156;-1;6;1;6;6;3;4;1;2;3;2;7;-4.850261699661482;15;5;6;25;2;1;3;20;-4.036578847452914;1;18;24;0;5;18;3;25;4;5;6;0;5;0;6;0;18;19;6;4;12;2;6;3;4;17;3;3;6;12
TRACK:164;158;-1;4;2;4;6;1;6;0;5;6;1;23;-5.285795931563517;18;6;6;4;9;5;5;1;2;3;21;-5.237547544635898;6;20;-5.853710461871361;4;6;13;3;2;0;3;5;2;2;5;11;1;14;8;5;4;12;0;5;2;0;1;14;21;7.898669739756842;2;22;8.417440589322004;14;0;4;19;6;12;5;3;3;0;22;-5.116084168498986;18;5;6;0;5;0;6;19;0;17;23;-0.52788778325542;6;0;4;19;0;25;16
TRACK:165;151;-1;1;0;2;1;2;5;6;0;0;4;9;2;24;8;1;2;10;10;6;25;5;2;2;6;5;20;-9.567096924147014;5;5;7;-5.334216243829702;2;2;5;23;2.884926740032442;3;25;4;3;21;-8.00592214350735;1;3;1;2;4;5;22;-0.21793131245086317;4;0;21;-7.7701865426534065;25;3;6;4;23;4.31862829051957;6;2;0;4;1;22;3.3012685934444983;21;1.5788913168502474;4;2;9;17;2;1;1;9;22;1.8195401349817146;4;18;5;0;16;16;2;6;4;3;1;1;2;13;17;2;10;22;1.070627257256416;3;5;9;0;1;0;2;6;1;25;7;-6.283411581291846;6;6;19;1;4;1;16;13;0;3;9;5;12;3;5;0;2;9;9;5;18;5;5;1;3;5;8;3;5;23;3.2663674253262065;1;3;3;6;1;1;1;3;25;3;16;3;3;25;0;3;0;12;25;0;5;9;5;25;2;6;6;0;4;1;0;11;13;3;23;5.331826085421649;3;3;0;13;21;5.155567778437628;2;6;0;0;0;1;12;9;2;16;14;0;1;17;13;1;22;6.375157679746077;11;1;6;3;25;1;3;9;4;17;0;1;1;2;6;7;7.900406342299552;5;14;2;0;17;22;-7.406193008353801;5;17;6;0;1;9;7;-4.2374860692779395;3;14;4;0;6;5;25;5;4;19;0;6;2;9;13;4;5;3;2;1;1;5;4;16;0;0;25;15;1;9;24;6;1;5;15;1;11;19;0;4;0;5;7;-6.4884985977168705;1;10;12;5;1;2;24;21;-9.95806036801694;5;24
TRACK:166;153;-1;3;2;1;4;5;6;5;4;2;2;25;22;-3.6080979467038645;6;25;4;1;1;5;3;2;1;13;14;3;7;4.605476714142008;4;4;6;1;16;25;6;9;3;5;6;4;0;1;6;5;14;3;5;23;-2.3060692026904768;0;2;1;18;9;1;22;-1.9474219301109357;10;6;2;18;17
TRACK:167;155;-1;5;4;2;2;3;2;4;6;6;5;23;4.737748315936652;0;2;4;1;14;16;3;0;10;22;-8.1620652503807;1;4;1;15;10;6;5;24;5;0;0;5;2;1;22;2.447449650793346;8;5;20;4.1483899779895435;6;4;3;16;3;1;3;4;14;2;1;8;16;2;14;16;0;5;5;1;3;0;5;10;2;18;24;1;5;6;22;-0.7731941920936017;1;1;15;21;-3.5304941547159;0;8;20;-1.1710744570284761;5;3;0;2;2;0;16;14;2;24;16;1;0;25;23;3.8594248944469243;0;15;20;6.241067718060908;2;1;0;10;20;-8.570329541296415;5;17;0;5;12;4;23;3.913560023226956
TRACK:168;157;-1;1;0;2;1;2;5;6;0;0;4;9;2;24;8;1;2;10;10;6;25;5;2;2;6;5;20;-9.515920872642969;5;5;7;-5.335502694122909;2;2;5;23;2.861093672301581;3;25;4;3;21;-8.085624900387298;1;3;1;2;4;5;22;-0.1149827084248575;4;0;21;-7.79697830351941;25;3;6;4;23;4.134445310456491;6;2;0;4;1;22;3.090500926622069;21;1.448897649306999;4;2;9;17;2;1;1;9;22;1.7966956940142058;4;18;5;0;16;16;2;6;4;3;1;1;2;13;17;2;10;22;1.0797251629859042;3;5;9;0;1;0;2;6;1;25;7;-6.135814938019122;6;6;21;-8.69421520715701;1;4;1;16;13;0;3;9;5;12;3;5;0;2;9;7;-2.201738310755159;5;18;5;5;1;3;5;8;3;5;23;3.1936438382062295;1;3;3;6;1;1;1;3;25;3;16;3;3;25;0;3;0;12;25;0;5;9;5;25;2;6;6;0;4;1;0;11;13;3;23;5.497647231809312;3;3;0;13;21;5.1547556484507435;2;6;0;0;0;1;12;9;2;16;14;0;1;17;13;1;22;6.499986737472018;11;1;6;3;25;1;3;9;4;17;0;1;1;2;6;7;8.016768210811735;5;14;2;0;17;22;-7.401509113983442;5;17;6;0;1;9;7;-4.298845532306127;3;14;4;0;6;5;25;5;4;19;0;6;3;1;0;5;0;1;1;14;8;3;24;2;2;23;-4.317254094165843;18;0;13;8;0;1;0;0;21;-9.705853382407733;12;3;23;8.412274878310402;6;4;22;1.0829035801278737;2;5;1;7;8.889356195027332;16;2;4;10;1;18;14;4;0;4;4;3;18;5;6;3;11;4;5;3;2;1;1;5;4;16;0;0;25;15;1;9;24;6;1;5;15;1;11;19;0;4;0;5;7;-6.157349938575123;1;10;12;5;1;2;24;21;-9.840288981354673;5;24
TRACK:169;159;-1;6;2;0;1;5;0;1;3;6;2;25;16;3;4;1;13;13;4;1;5;2;7;6.312129687475186;21;-0.07696183603404533;2;6;10;1;15;21;-3.4247602006194775;2;1;6;1;5;6;14;2;3;10;6;24;5;3;3;21;4.025013762755442;1;1;3;4;2;24;7;-0.8428978189506696;4;5;5;22;2.27023057263985;1;5;5;5;16;4;6;1;20;-9.553654653803113;16;0;0;0;5;5;4;4;14;2;6;2;4;13;5;10;4;5;6;24;5;0;1;5;2;9;13;5;4;22;-7.408807509784528;1;2;4;24;1;12;14;4;4;12;5;2;0;2;4;1;17;23;-4.217259164419356;1;1;13;14;6;16;3;6;0;9;21;9.294462285396914;0;4;5;6;19;3;2;3;22;9.203163257254644;1;19;9;3;2;5;4;1;2;5;4;22;-7.782435321194048;2;3;18;6;21;-4.252585378573339;3;5;2;15;20;7.187701506957965;2;3;1;4;4;4;19;1;1;6;13;1;15;20;2.3769369104049183;6;6;25;1;5;6;6;3;19;6;2;4;0;21;-9.404878740838024;7;-6.915456549975778;3;0;10;22;3.27997727767383
EVAL_INSTANCE:8:0:160
EVAL_INSTANCE:8:1:161
EVAL_INSTANCE:8:2:162
EVAL_INSTANCE:8:3:163
EVAL_INSTANCE:8:4:164
EVAL_INSTANCE:8:5:165
EVAL_INSTANCE:8:6:166
EVAL_INSTANCE:8:7:167
EVAL_INSTANCE:8:8:168
EVAL_INSTANCE:8:9:169
RUN_RESULT:8:0:0:2000:----
RUN_RESULT:8:1:0:2000:----
RUN_RESULT:8:2:0:2000:----
RUN_RESULT:8:3:0:2000:----
RUN_RESULT:8:4:0:2000:----
RUN_RESULT:8:5:0:2000:----
RUN_RESULT:8:6:0:2000:----
RUN_RESULT:8:7:0:2000:----
RUN_RESULT:8:8:0:2000:----
RUN_RESULT:8:9:0:2000:----
     9 |       90 |  0.000000E+00 | -0.000000E+00
TRACK:170;9;7;1;0;2;14;2;6;4;3;1;1;2;13;17;2;10;22;1.1209893068662797;3;5;9;0;1;0;2;6;1;25;7;-6.122925515450046;6;6;19;1;4;1;16;13;0;3;9;5;12;3;5;0;2;9;9;5;18;5;5;1;3;5;8;3;5;23;3.311360281167646;1;3;3;6;1;1;1;3;25;3;16;3;3;25;0;3;0;12;25;0;5;9;5;25;2;6;6;0;4;1;0;11;13;3;23;5.412758232368587;3;3;0;13;21;5.210843852977284;2;6;0;0;0;1;12;9;2;16;14;0;1;17;13;1;22;6.368859763598053;11;1;6;3;25;1;3;9;4;17;0;1;1;2;6;7;7.898284256520544;5;14;2;0;17;22;-7.374252878043322;5;17;6;0;1;9;7;-4.230060104678528;3;14;4;0;6;5;25;5;4;19;0;6;3;1;0;5;0;1;1;14;8;3;24;2;2;23;-4.310890728162164;18;0;13;8;0;1;0;0;21;-9.757888362178694;12;3;23;8.461671642964788;6;4;22;1.0923528842315129;2;5;1;7;8.894590010707233;16;2;4;10;1;18;14;4;0;4;4;3;18;5;6;3;11;4;5;3;2;1;1;5;4;16;0;0;25;15;1;9;24;6;1;5;15;1;11;19;0;4;0;5;7;-6.354039736752661;1;10;12;5;1;2;24;21;-9.839908248552288;5;24
TRACK:171;9;7;2;1;1;5;2;0;3;6;1;3;16;1;12;17;0;4;6;2;15;12;2;5;6;13;3;1;20;-0.24698390480495824;25;0;3;5;1;1;22;-6.5174545344852515;21;-3.918530838179814;3;9;4;2;5;5;23;5.93470900679938;3;0;20;2.0201316169353216;15;5;4;0;1;3;2;2;23;2.3482003395312763;8;4;20;-4.091437552342143;4;1;2;7;-0.5882727476582517;15;4;14;2;5;5;0;25;16;1;0;6;19;5;18;1;2;25;19;5;13;6;6;3;3;2;0;1;2;16;24;0;22;-6.040627089605888;15;4;3;23;-4.202540099888889;1;1;5;18;1;21;-6.716758365729132;9;4;0;19;19;1;3;6;5;5;0;5;4;3;12;3;0;2;14;14;1;19;16;5;6;1;5;6;2;0;5;25;4;20;-2.9553149788213995;4;0;23;-8.568362190186328;11;6;1;5;0;3;21;-8.404935025272703;0;15;9;1;1;4;20;7.665704473583883;4;19;1;3;7;5.138355166497966;3;16
TRACK:172;0;1;2;3;5;3;5;1;1;2;1;3;18;6;10;0;0;21;-9.522203833226273;7;-6.774785840005155;0;22;0.1857745325288498;19;6;2;3;16;4;13;0;6;0;2;16;11;5;13;2;3;2;12;22;-7.736175126214531;0;6;17;5;24;3;3;5;0;5;4;4;3;5;17;0;0;3;1;4;9;1;24;13;4;0;3;13;4;18;6;0;1;3;22;-1.76040891228757;6;10;5;0;10;10
TRACK:173;0;1;6;2;0;1;5;0;1;3;6;2;25;16;3;4;1;13;13;4;1;5;2;7;6.315454661611891;21;0.0020990115267220943;2;6;10;1;15;21;-3.396727790283787;2;1;6;1;5;6;14;2;3;10;6;24;4;3;0;1;22;0.02873875468655207;15;0;14;17;1;1;3;4;2;24;7;-0.9103980169869779;4;5;5;22;2.147160768064797;1;5;5;5;16;4;6;1;20;-9.687446714045368;16;0;0;0;5;5;4;4;14;2;6;2;4;13;5;10;4;5;6;24;5;0;1;5;2;9;13;5;4;22;-7.529488634423494;1;2;4;24;1;12;14;4;4;12;5;2;0;2;12;1;1;13;14;6;16;3;6;0;9;21;9.321993186572499;0;4;5;6;19;3;2;3;22;9.283806713555926;1;19;9;3;2;5;4;1;2;5;4;22;-7.800754036472092;2;3;18;6;21;-4.120026250168354;3;5;2;15;20;6.936544827334295;2;3;1;4;4;4;19;1;1;1;14;7;2.506418588475869;1;15;20;2.370884575997369;6;6;25;1;5;6;6;3;19;6;2;4;0;21;-9.522203833226273;7;-6.774785840005155;3;0;10;22;3.1807941510229636
TRACK:174;2;7;4;2;4;6;1;6;0;5;6;1;23;-5.30978755979069;18;6;6;4;9;5;5;1;2;3;21;-5.161934821656516;6;20;-5.700985251063289;4;6;13;3;2;0;20;2.0201316169353216;15;5;6;0;5;0;1;19;8;0;14;23;-0.41950358716877467;6;0;4;19;0;25;16
TRACK:175;2;7;2;1;6;13;6;6;3;3;2;0;1;2;16;24;0;22;-6.040627089605888;15;4;3;23;-4.202540099888889;1;1;5;18;1;21;-6.716758365729132;9;4;0;19;19;1;3;6;5;5;0;5;4;3;12;3;0;2;14;14;1;19;16;5;6;1;5;6;2;0;5;25;4;20;-2.9553149788213995;4;0;23;-8.568362190186328;11;6;1;5;0;3;21;-8.404935025272703;0;15;9;1;1;4;20;7.665704473583883;4;19;1;3;7;5.138355166497966;3;16
TRACK:176;9;2;1;0;2;1;2;5;6;0;0;4;9;2;24;8;1;2;10;10;6;25;5;2;2;6;5;20;-9.499224034153562;5;5;7;-5.344464982458563;2;2;5;23;2.8045361730800913;3;25;4;3;21;-8.093094851841716;1;3;1;2;4;5;22;-0.13101798697684686;4;0;21;-7.794864910264918;25;3;6;4;23;4.13435960215369;6;2;0;4;1;22;3.2608670220304425;21;1.4832621353424393;4;2;9;17;2;1;1;9;22;1.7463805688068295;4;18;5;0;16;16;2;6;4;3;1;1;2;13;17;2;10;22;1.1209893068662797;3;5;9;0;1;0;2;6;1;25;7;-6.122925515450046;6;6;19;1;4;1;16;13;0;3;9;5;12;3;5;0;2;9;9;5;18;5;5;1;3;5;8;3;5;23;3.311360281167646;1;3;3;6;1;1;1;3;25;3;16;3;3;25;0;3;0;12;25;0;5;9;5;25;2;6;6;0;4;1;0;11;13;3;23;5.412758232368587;3;3;0;13;21;5.210843852977284;2;6;0;0;0;1;12;9;2;16;14;0;1;17;13;1;22;6.368859763598053;11;1;6;3;25;1;3;9;4;17;0;1;1;2;6;7;7.898284256520544;5;14;2;0;17;22;-7.374252878043322;5;17;6;0;1;9;7;-4.230060104678528;3;14;4;0;6;5;25;5;4;19;0;6;3;1;0;5;0;1;1;14;8;3;24;2;2;23;-4.310890728162164;18;0;13;8;0;1;0;0;21;-9.757888362178694;12;3;23;8.461671642964788;6;4;22;1.0923528842315129;2;5;1;7;8.894590010707233;16;2;4;10;1;18;14;20;-5.700985251063289;4;5;3;2;1;1;5;4;16;0;0;25;15;1;9;24;6;1;5;15;1;11;19;0;4;0;5;7;-6.354039736752661;1;10;12;5;1;2;24;21;-9.839908248552288;5;24
TRACK:177;9;2;4;2;4;6;24;3;2;0;3;5;2;2;5;11;1;14;8;5;4;12;0;5;2;0;1;14;21;7.873851360550713;2;22;8.419442386046821;14;0;4;19;6;12;5;3;3;0;22;-5.218509690933848;18;5;6;0;5;0;1;19;8;0;14;23;-0.41950358716877467;6;0;4;19;0;25;16
TRACK:178;6;0;3;2;1;4;5;6;5;4;2;2;25;22;-3.6074654029094555;6;25;4;1;1;5;3;3;2;12;22;-7.736175126214531;4;4;6;1;16;25;4;6;1;3;3;17;6;1;19;9;3;5;6;4;0;1;6;4;23;0.12070545473202543;3;5;23;-2.2035569565090984;0;2;1;18;9;1;22;-1.8808895698675254;10;6;2;18;17
TRACK:179;6;0;2;3;5;3;5;1;1;2;1;25;6;10;0;2;8;22;6.166854420213021;0;22;0.1857745325288498;19;6;2;3;16;4;13;0;6;0;2;16;11;5;13;2;3;2;12;22;-7.736175126214531;0;6;17;5;24;3;3;5;0;5;4;4;3;5;17;0;0;3;1;4;9;1;24;13;4;0;3;13;4;18;6;0;1;3;22;-1.76040891228757;6;10;5;0;10;10
TRACK:180;170;-1;1;0;2;14;2;6;4;3;1;1;2;13;17;2;10;22;1.179978473392388;3;5;9;0;1;0;2;6;1;25;7;-6.1719407408505464;6;6;19;1;4;1;16;13;0;3;9;5;12;3;5;0;2;9;9;5;18;5;5;1;3;5;8;3;5;23;3.278388992675763;1;3;3;6;1;1;6;4;19;3;3;25;0;3;0;12;25;0;5;9;5;25;2;6;6;0;4;1;0;11;13;3;23;5.350769164604692;3;3;0;13;21;5.298977084824748;2;6;0;0;0;1;12;9;2;16;14;0;1;17;13;1;22;6.346451981754523;11;1;6;3;25;1;3;9;4;17;0;1;1;2;6;7;7.993647610456193;5;14;2;0;17;22;-7.263786483811487;5;17;6;0;1;9;7;-4.309738576582938;3;14;4;0;6;5;25;5;4;19;0;6;3;1;0;5;0;1;1;14;8;3;24;2;2;23;-4.261557821456485;18;0;13;8;0;1;0;0;21;-9.712245276205723;12;3;23;8.353279607433832;6;4;22;1.1907701142948355;2;5;1;7;9.160553278150317;16;2;4;10;1;18;14;4;0;4;4;3;18;5;6;3;11;4;5;3;2;1;1;5;4;16;0;0;25;15;1;9;24;6;1;5;15;1;11;19;0;4;0;5;7;-6.280300202390052;1;10;12;5;1;2;24;21;-9.78785369503422;5;24
TRACK:181;172;-1;2;3;5;3;5;1;1;2;1;3;18;6;10;0;0;21;-9.508313459195614;7;-6.7961683713650185;0;22;0.24421607821313815;19;6;2;3;16;4;13;0;6;0;2;16;11;5;13;2;3;2;12;17;0;6;17;5;24;3;3;5;0;5;4;4;3;5;17;0;0;3;1;4;9;1;24;13;4;0;3;13;4;18;6;0;1;3;22;-1.7692327711814155;6;10;5;0;10;10
TRACK:182;174;-1;4;2;4;6;1;6;0;5;6;1;23;-5.253316340523231;18;6;6;4;9;5;5;0;24;9;3;2;0;20;1.9294640452391643;15;5;6;0;5;0;1;19;8;0;14;23;-0.42256955142530417;6;0;4;19;0;25;16
TRACK:183;176;-1;1;0;2;1;2;5;6;0;0;4;9;2;24;8;1;2;10;10;6;25;5;2;2;6;5;20;-9.60794131877226;5;5;7;-5.266418826861185;2;2;5;23;2.8424961111816107;3;12;4;3;21;-8.00854055024016;1;3;1;2;4;5;22;-0.23152566449359505;4;0;21;-7.991356035819474;25;3;6;4;23;4.138112843799537;6;2;0;4;1;22;3.2671355316805646;21;1.583061473821456;4;2;9;17;2;1;1;9;22;1.868735098905807;4;18;5;0;16;16;2;6;4;3;1;1;2;13;17;2;10;22;1.194663494414485;3;5;9;0;1;0;2;6;1;25;7;-6.113877068191588;6;6;19;1;4;1;16;13;0;3;9;5;12;3;5;0;2;9;9;5;18;5;5;1;3;5;8;3;5;23;3.123692420326252;1;3;3;6;1;1;1;3;25;3;16;3;3;25;0;3;0;12;25;0;5;9;5;25;2;6;6;0;4;1;0;11;13;3;23;5.599247271335463;3;3;0;13;21;5.189718238491656;2;6;0;0;0;1;12;9;2;16;14;0;1;17;13;1;22;6.357311084756316;11;1;6;3;25;1;3;9;4;17;0;1;1;2;6;7;7.914343192259603;5;14;2;0;17;22;-7.383940853775936;5;17;6;0;1;9;7;-4.2429931243926085;3;14;4;0;6;5;25;5;4;19;0;6;3;1;0;5;0;1;1;14;8;3;24;2;2;23;-4.329716755000375;18;0;13;8;0;1;0;0;21;-9.759384193781955;12;3;23;8.336300694728383;6;4;22;1.029086785960281;2;5;1;7;8.88281201098638;16;2;4;10;1;18;14;20;-5.847124993539015;4;5;3;2;1;1;5;4;16;0;0;25;15;1;9;24;6;1;5;15;1;11;19;0;4;0;5;7;-6.3119527330605765;1;10;12;5;1;2;24;21;-9.759051704060548;5;24
TRACK:184;178;-1;3;2;1;4;5;6;5;4;2;2;25;22;-3.584703716178795;6;25;4;1;1;5;3;3;3;25;4;4;6;1;16;25;4;6;1;3;3;17;6;1;19;9;3;5;6;4;0;1;6;4;23;0.15219160592210568;3;5;23;-2.264079454195294;0;2;1;18;9;1;22;-1.9068991638413904;10;6;2;18;17
TRACK:185;171;-1;2;1;1;5;2;0;3;6;1;3;16;1;12;17;0;4;6;2;15;12;2;5;6;13;3;1;20;-0.2631895815722447;25;0;3;5;1;1;22;-6.49622782766615;21;-3.860958858313917;3;9;4;2;5;5;23;6.145225552429155;3;0;20;2.1916998424039003;15;5;4;0;1;3;2;2;23;2.335932840589028;8;4;20;-4.017259542929841;4;1;2;7;-0.6665843682869134;15;4;14;2;5;5;0;25;16;1;0;6;19;5;18;1;2;25;19;5;13;6;6;3;3;2;0;1;2;16;24;0;22;-6.123463889461239;15;4;3;23;-4.177228980672503;1;1;5;18;1;21;-6.663293070222839;9;4;0;19;19;1;3;6;5;5;0;5;4;3;12;3;0;2;14;14;1;19;16;5;6;1;5;6;2;0;5;25;4;20;-3.1224178607617077;4;0;23;-8.536787646938718;11;6;1;5;0;3;21;-8.384260079847818;0;15;11;1;1;4;20;7.861567413871488;4;19;1;3;7;5.183722383645832;3;16
TRACK:186;173;-1;6;2;0;1;5;0;1;3;6;2;25;16;3;4;1;13;13;4;1;5;2;7;6.300143544864422;21;-0.019141484403562628;2;6;10;1;15;21;-3.2661408765617037;2;1;6;1;5;6;14;2;3;10;6;24;4;3;0;1;22;0.08933836565535244;15;0;14;17;1;1;3;4;2;24;7;-1.053990545224047;4;5;5;22;2.1841442714909243;1;5;5;5;19;4;6;1;20;-9.619910680164866;16;0;0;0;5;5;4;4;14;2;6;2;4;13;5;10;4;5;6;24;5;0;1;5;2;9;13;5;4;22;-7.382052307481352;1;2;4;24;1;12;14;4;4;12;5;2;0;2;12;1;1;13;14;6;16;3;6;0;9;21;9.244379307560951;0;4;5;6;19;3;2;3;22;9.207262671957022;1;19;9;3;2;5;4;1;2;5;4;22;-7.7934581862698105;2;3;18;6;21;-4.192964509421914;3;5;2;15;20;6.932311070273112;2;3;1;4;4;4;19;1;1;1;14;7;2.572404263325063;1;15;20;2.475386530617001;6;6;25;1;5;6;6;3;19;6;2;4;0;21;-9.548292345236028;7;-6.698456289929611;3;0;10;22;2.992088910484579
TRACK:187;175;-1;2;1;6;13;6;6;3;3;2;0;1;2;16;24;0;22;-5.915022236838723;15;4;3;23;-4.130914948729512;1;1;5;18;1;21;-6.398070503945709;9;4;0;19;19;1;3;6;5;5;0;5;4;3;12;3;0;2;14;14;1;19;16;5;6;1;5;6;6;5;4;25;6;1;5;0;3;21;-8.392000272397459;0;15;9;1;1;4;20;7.883136706081803;4;19;1;3;7;5.080581618245597;3;16
TRACK:188;177;-1;4;2;4;6;24;3;2;0;3;5;2;2;5;11;1;14;8;5;4;12;0;5;2;0;1;14;21;7.803242048276628;2;22;8.522530341740929;14;0;4;19;6;12;5;3;3;0;22;-5.200275422986385;18;5;6;0;5;0;1;19;8;0;13;23;-0.2819499722132812;6;0;4;19;0;25;16
TRACK:189;179;-1;2;3;5;3;5;1;1;2;1;25;6;10;0;2;8;22;6.254521150485688;0;22;0.2054262672651651;19;6;2;3;16;4;13;0;6;0;2;16;11;5;13;2;3;2;12;22;-7.608344283658707;0;6;17;5;24;3;3;5;0;5;4;4;3;5;17;0;0;3;1;4;9;1;24;13;4;0;3;13;4;18;5;14
EVAL_INSTANCE:9:0:180
EVAL_INSTANCE:9:1:181
EVAL_INSTANCE:9:2:182
EVAL_INSTANCE:9:3:183
EVAL_INSTANCE:9:4:184
EVAL_INSTANCE:9:5:185
EVAL_INSTANCE:9:6:186
EVAL_INSTANCE:9:7:187
EVAL_INSTANCE:9:8:188
EVAL_INSTANCE:9:9:189
RUN_RESULT:9:0:0:2000:----
RUN_RESULT:9:1:0:2000:----
RUN_RESULT:9:2:0:2000:----
RUN_RESULT:9:3:0:2000:----
RUN_RESULT:9:4:0:2000:----
RUN_RESULT:9:5:0:2000:----
RUN_RESULT:9:6:0:2000:----
RUN_RESULT:9:7:0:2000:----
RUN_RESULT:9:8:0:2000:----
RUN_RESULT:9:9:0:2000:----
    10 |      100 |  0.000000E+00 | -0.000000E+00
TRACK:190;7;2;2;1;1;5;2;0;3;6;1;3;16;1;12;17;0;4;6;2;15;12;2;5;6;13;3;1;20;-0.24698390480495824;25;0;3;5;1;1;22;-6.5174545344852515;21;-3.918530838179814;3;9;4;2;5;5;23;5.93470900679938;3;0;20;2.0201316169353216;15;5;4;0;1;3;2;2;23;2.3482003395312763;8;4;20;-4.091437552342143;4;1;2;7;-0.5882727476582517;15;4;14;2;5;5;0;8;16;1;0;6;19;5;18;1;2;25;19;5;13;6;6;3;3;2;0;1;2;16;24;0;22;-6.040627089605888;15;4;3;23;-4.202540099888889;1;1;5;18;1;21;-6.716758365729132;9;4;0;19;19;1;3;6;5;5;0;5;4;3;12;3;0;2;14;14;1;19;16;5;6;1;5;6;13;6;1;5;0;3;21;-8.404935025272703;0;15;9;1;1;4;20;7.665704473583883;4;19;1;3;7;5.138355166497966;3;16
TRACK:191;7;2;4;2;4;6;1;6;0;5;20;2.0201316169353216;6;6;4;9;5;5;1;2;3;21;-5.161934821656516;6;20;-5.700985251063289;4;6;13;3;2;0;3;5;2;2;5;11;1;14;8;5;4;12;0;5;2;0;1;14;21;7.873851360550713;2;22;8.419442386046821;14;0;4;19;6;12;5;3;3;0;22;-5.218509690933848;18;5;6;0;5;0;1;19;8;0;14;23;-0.41950358716877467;6;0;4;19;0;25;16
TRACK:192;8;9;5;4;2;2;3;2;4;6;6;5;23;4.635730651306398;0;2;4;1;14;16;3;0;10;22;-8.014155309267682;1;4;1;15;10;6;13;5;0;0;5;2;1;22;2.3973296736713916;8;5;20;4.124065254900435;6;4;3;16;3;1;3;4;14;2;1;8;16;2;14;16;0;5;5;1;3;0;5;10;2;18;24;1;5;6;22;-0.7707393004792031;1;2;12;15;0;8;20;-1.22928116838189;5;3;0;2;2;0;16;14;2;24;16;1;0;25;23;4.159837156617169;0;15;25;2;1;0;10;20;-8.608927168926252;5;17;0;5;12;4;23;3.967574850125235
TRACK:193;8;9;1;0;2;1;2;5;6;0;0;4;9;2;24;8;1;2;10;10;6;25;5;2;2;6;5;20;-9.499224034153562;5;5;7;-5.344464982458563;2;2;5;23;2.8045361730800913;3;25;4;3;21;-8.093094851841716;1;3;1;2;4;5;22;-0.13101798697684686;4;0;21;-7.794864910264918;25;3;6;4;23;4.13435960215369;6;2;0;4;1;22;3.2608670220304425;21;1.4832621353424393;4;2;9;17;2;1;1;9;22;1.7463805688068295;4;18;5;0;16;16;2;6;4;3;1;1;2;13;17;2;10;22;1.1209893068662797;3;5;9;0;1;0;2;6;1;25;7;-6.122925515450046;6;6;19;1;4;1;16;13;0;3;9;5;12;3;5;0;2;9;9;5;18;5;5;1;3;5;8;3;5;23;3.311360281167646;1;3;3;6;1;1;1;3;25;3;16;3;3;25;0;3;0;12;25;0;5;9;5;25;2;6;6;0;4;1;0;11;13;3;23;5.412758232368587;3;3;0;13;21;5.210843852977284;2;6;0;0;3;4;14;0;1;17;13;1;22;6.368859763598053;11;1;6;3;25;1;3;9;4;17;0;1;1;2;6;7;7.898284256520544;5;14;2;0;17;22;-7.374252878043322;5;17;6;0;1;9;7;-4.230060104678528;3;14;4;0;6;5;25;5;4;19;0;6;3;1;0;5;0;1;1;14;8;3;24;2;2;23;-4.310890728162164;18;0;13;8;0;1;0;0;21;-9.757888362178694;12;3;23;8.461671642964788;6;4;22;1.0923528842315129;2;5;1;7;8.894590010707233;16;2;4;10;1;18;14;4;0;4;4;3;18;5;6;3;11;4;5;3;2;1;1;5;4;16;0;0;25;15;1;9;24;6;1;5;15;1;11;19;0;4;0;5;7;-6.354039736752661;1;10;12;5;1;2;24;21;-9.839908248552288;5;24
TRACK:194;6;1;3;2;1;4;5;6;5;4;2;2;25;22;-3.6074654029094555;6;25;4;1;0;21;-9.522203833226273;7;-6.774785840005155;4;6;1;3;3;17;6;1;19;9;3;5;6;4;0;1;6;4;23;0.12070545473202543;3;5;23;-2.2035569565090984;0;2;1;18;9;1;22;-1.8808895698675254;10;6;2;18;17
TRACK:195;6;1;6;2;0;1;5;0;1;3;6;2;25;16;3;4;1;13;13;4;1;5;2;7;6.315454661611891;21;0.0020990115267220943;2;6;10;1;15;21;-3.396727790283787;2;1;6;1;5;6;14;2;3;10;6;24;4;3;0;1;22;0.02873875468655207;15;0;14;17;1;1;3;4;2;24;7;-0.9103980169869779;4;5;5;22;2.147160768064797;1;5;5;5;16;4;6;1;20;-9.687446714045368;16;0;0;0;5;5;4;4;14;2;6;2;4;13;5;10;4;5;6;24;5;0;1;5;2;9;13;5;4;22;-7.529488634423494;1;2;4;24;1;12;14;4;4;12;5;2;0;2;4;1;17;23;-4.206051741293473;1;1;13;14;6;16;3;6;0;9;21;9.321993186572499;0;4;5;6;19;3;2;3;22;9.283806713555926;1;19;9;3;2;5;4;1;2;5;4;22;-7.800754036472092;2;3;18;6;9;3;5;2;15;20;6.936544827334295;2;3;1;4;4;4;19;1;1;1;14;7;2.506418588475869;1;15;20;2.370884575997369;6;6;25;1;5;6;6;3;19;6;2;4;0;21;-9.522203833226273;7;-6.774785840005155;3;0;10;22;3.1807941510229636
TRACK:196;5;6;6;1;6;6;3;4;1;2;3;5;18;5;6;25;2;1;3;25;1;18;24;0;5;18;3;25;4;5;6;0;5;0;6;0;21;-8.668730307761392;19;6;4;12;2;6;3;4;17;3;3;6;12
TRACK:197;5;6;3;2;1;6;3;4;1;2;3;5;18;5;6;25;2;1;3;20;-4.001857885220705;1;18;24;0;5;18;3;25;4;1;1;5;3;2;1;13;14;3;7;4.618529150991009;4;4;6;1;16;25;4;6;1;3;3;17;6;1;19;9;3;5;6;4;0;1;6;4;23;0.12070545473202543;3;5;23;-2.2035569565090984;0;2;1;18;9;1;22;-1.8808895698675254;10;6;2;18;17
TRACK:198;3;0;1;5;1;6;3;4;1;5;0;0;14;22;4.991784948319722;5;11;5;5;6;15;4;1;3;0;4;6;6;9;3;1;6;15;2;12;12;6;4;5;1;1;22;4.11235992743476;12;5;14;3;3;1;0;1;5;6;1;5;20;3.940093784039769;6;14;5;6;6;4;17;1;0;1;2;0;12;16;2;24;12;4;0;13;20;-4.5371671661691115;5;6;0;17;8;2;6;3;11;6;1;5;18;4;18;2;5;1;1;0;0;8;11;2;17;18;6;0;15;25;2;5;5;14;2;6;18;1;23;-4.618565988378995;8;1;0;6;4;0;25;21;-4.273100267085299;3;6;4;13;2;4;2;1;25;19;1;7;-9.625467296479883;15;4;5;0;21;-3.7364764609539254;7;8.229177339132015
TRACK:199;3;0;2;3;5;3;5;1;1;2;1;3;18;6;10;0;2;8;22;6.166854420213021;0;22;0.1857745325288498;19;6;2;3;16;4;13;0;6;0;2;16;11;5;13;2;3;2;12;22;-7.736175126214531;0;6;17;5;24;3;3;5;0;5;4;4;3;5;17;0;0;3;1;4;9;1;16;13;4;0;3;13;4;18;6;0;1;3;22;-1.76040891228757;6;10;5;0;10;10
TRACK:200;7;-1;2;1;1;5;2;0;3;6;1;3;16;1;12;17;0;4;6;2;15;12;2;5;6;13;3;1;20;-0.28474589945602313;25;0;3;5;1;1;22;-6.750071126109974;21;-3.758090768359008;3;9;4;2;5;5;23;5.849904825503671;3;0;20;1.979052695767777;15;5;4;0;1;3;2;2;23;2.368569356515939;8;4;20;-4.229371152471282;4;1;2;7;-0.6236120893918209;15;4;14;2;5;5;0;8;16;1;0;6;19;2;15;18;1;2;25;19;5;13;6;6;3;3;2;0;1;2;16;24;0;22;-6.129855578023402;15;4;3;23;-4.166007518201552;1;1;5;18;1;21;-6.750907836076125;9;4;0;19;19;1;3;6;5;5;0;5;4;3;12;3;0;2;14;14;1;19;16;5;6;1;5;6;2;0;5;25;4;20;-3.021108239578862;4;0;23;-8.55385166227833;11;6;1;5;0;3;21;-8.221758257775553;0;15;9;1;1;4;20;7.686491850437055;4;19;1;3;7;5.205050392138656;3;16
TRACK:201;192;-1;5;4;2;2;3;2;4;6;6;5;23;4.57339963556832;0;2;4;1;14;16;3;0;10;22;-8.094920760075988;1;4;1;15;10;6;13;5;0;0;5;2;1;22;2.5526764876360337;8;5;20;4.003971060944637;6;4;3;16;3;1;3;4;14;2;1;8;16;2;14;16;0;5;5;1;3;0;5;10;2;18;24;1;5;6;22;-0.6129205671695738;1;2;12;15;0;8;20;-1.3451613839078087;5;3;0;2;2;0;16;14;2;24;16;1;0;25;23;4.236204799557246;0;15;25;2;1;0;10;20;-8.612813509855204;5;17;0;5;12;4;23;3.912457015097263
TRACK:202;194;-1;3;2;1;4;5;6;5;4;2;2;25;22;-3.7049255327727453;6;25;4;1;0;21;-9.3402136667243;7;-6.810106354838303;4;6;1;3;3;17;6;1;19;9;3;5;6;4;0;1;6;4;23;0.14676237517032584;3;5;23;-2.318734716820112;1;24;9
TRACK:203;196;-1;6;1;6;6;3;4;1;2;3;5;18;5;6;25;2;1;3;25;1;21;-0.8244889102726471;24;0;5;18;3;25;4;5;6;0;5;0;6;0;21;-8.766018561762749;19;6;4;12;2;6;3;4;17;3;3;6;12
TRACK:204;198;-1;1;5;1;6;3;4;1;5;0;0;14;22;4.975468115196436;5;11;5;5;6;15;4;1;3;1;19;23;-9.866807779989674;6;4;5;1;1;22;4.267931109570786;12;5;14;3;3;1;0;1;5;6;1;5;20;4.13017084095249;6;14;5;6;6;4;17;1;0;1;2;0;12;16;2;24;12;4;0;13;20;-4.307129029825263;5;6;0;17;8;2;6;3;11;6;1;5;18;4;18;2;5;1;1;0;0;8;11;2;17;18;6;0;15;25;2;5;5;14;2;6;18;1;23;-4.67422962544553;8;1;0;6;4;0;25;21;-4.218209082226486;3;6;4;13;2;4;2;1;25;19;1;7;-9.609162871141665;15;4;5;0;21;-3.742889522186082;7;8.253953304188062
TRACK:205;2;-1;4;2;4;6;1;6;0;5;6;1;23;-5.102284183788685;18;6;6;4;9;5;5;1;2;3;21;-5.079623565354787;6;20;-5.5488655070041135;4;6;13;3;2;0;3;5;2;2;5;11;1;14;8;5;4;12;0;5;2;0;6;22;-1.8463008465316815;2;22;8.501602007909007;14;0;4;19;6;12;5;3;3;0;22;-5.177763983720025;18;5;6;0;5;0;1;19;8;0;14;23;-0.42734466055852066;6;0;4;19;0;25;16
TRACK:206;193;-1;1;0;2;1;2;5;6;0;0;4;9;2;24;8;1;2;10;10;6;25;5;2;2;6;5;20;-9.454124240189879;5;5;7;-5.222228373520628;2;2;5;23;2.86078326892463;3;25;4;3;21;-8.008851291250858;1;3;1;2;4;5;22;-0.1535111927267375;4;0;21;-7.969846994171913;25;3;6;4;23;4.061639465820846;6;2;0;4;1;22;3.2394551740146054;21;1.4964907179785387;4;2;9;17;2;1;1;9;22;1.6406969690268098;4;18;5;0;16;16;2;6;4;3;1;1;2;13;17;2;10;22;1.0231295505411548;3;5;9;0;1;0;2;6;1;25;7;-6.047497464686699;6;6;19;1;4;1;16;13;0;3;9;5;12;3;5;0;2;9;9;5;18;5;5;1;3;5;8;3;5;23;3.3180961381984004;1;3;3;6;1;1;1;3;25;3;16;3;3;25;0;3;0;12;25;0;5;9;5;25;2;6;6;0;4;1;0;11;13;3;23;5.465592515723687;3;3;0;13;21;5.234140572046496;2;6;0;0;3;4;14;0;1;17;13;1;22;6.340238398655638;11;1;6;3;25;1;3;9;4;17;0;1;1;2;6;7;7.9935976204822605;5;14;2;0;17;22;-7.14930436956384;5;17;6;0;1;9;7;-4.316489112463574;3;14;4;0;6;5;25;5;4;19;0;6;3;1;0;5;0;1;1;14;8;3;24;2;2;23;-4.157297530346609;18;0;13;8;0;1;0;0;21;-9.677677278567424;12;3;23;8.473675043322379;6;4;22;1.102315431583677;2;5;1;7;8.942099910916145;16;2;4;10;1;18;14;4;0;4;4;3;13;5;6;3;11;4;5;3;2;1;1;5;4;16;0;0;25;15;1;9;24;6;1;5;15;1;11;19;0;4;0;5;7;-6.152215784422899;1;10;12;5;1;2;24;21;-9.69560487794307;5;24
TRACK:207;195;-1;6;2;0;1;5;0;1;3;6;2;25;16;3;4;1;13;13;4;1;5;2;7;6.384313429206521;21;0.08047136598052453;2;6;10;1;15;21;-3.3858476446038757;2;1;6;1;5;6;14;2;3;10;6;24;4;3;0;1;22;0.16828026363977272;15;0;14;17;1;1;3;4;2;24;7;-0.9319583967478893;4;5;5;22;2.1542295531636335;1;5;5;5;16;4;6;1;20;-9.712036744179692;16;0;0;0;5;5;4;4;14;2;6;2;4;13;5;10;4;5;6;24;5;0;1;5;2;9;13;5;4;22;-7.3379074800149215;1;2;4;24;1;12;14;4;4;12;5;2;0;2;4;1;17;23;-4.269490530408325;1;1;13;14;6;16;3;6;0;9;21;9.30617806599124;0;4;5;6;19;3;2;3;22;9.2850930585153;1;19;9;3;2;5;4;1;2;5;4;17;2;3;18;6;9;3;5;2;15;20;6.798828753907993;2;3;1;4;4;4;19;1;1;1;14;7;2.456298272679229;1;15;20;2.290551306697826;6;6;25;1;5;6;6;3;19;6;2;4;0;21;-9.48816183359305;7;-6.8833561668804775;3;0;10;22;3.1567971032175532
TRACK:208;197;-1;3;2;1;6;3;4;1;2;3;5;18;5;6;25;2;1;3;20;-4.084079873301184;1;18;24;0;5;18;3;25;4;1;1;5;3;2;1;13;14;3;7;4.635445259662735;4;4;6;1;16;25;4;6;1;3;3;17;6;1;19;9;3;5;6;4;0;1;6;4;23;0.07260911818631885;3;0;15;15;0;2;1;18;9;1;22;-1.9036091635158037;10;6;2;18;17
TRACK:209;199;-1;2;3;5;3;5;1;1;2;1;3;18;6;10;0;2;8;22;6.114437586223905;0;22;0.17678951454728176;19;6;2;3;16;4;13;0;6;0;2;16;11;5;13;2;3;2;12;22;-7.599531665730215;0;6;17;5;24;3;3;5;0;5;4;4;3;5;17;0;0;3;1;4;9;1;16;13;4;0;3;13;4;18;6;0;1;2;20;-5.3797252326338585;25;6;10;5;0;10;10
EVAL_INSTANCE:10:0:200
EVAL_INSTANCE:10:1:201
EVAL_INSTANCE:10:2:202
EVAL_INSTANCE:10:3:203
EVAL_INSTANCE:10:4:204
EVAL_INSTANCE:10:5:205
EVAL_INSTANCE:10:6:206
EVAL_INSTANCE:10:7:207
EVAL_INSTANCE:10:8:208
EVAL_INSTANCE:10:9:209
RUN_RESULT:10:0:0:2000:----
RUN_RESULT:10:1:0:2000:----
RUN_RESULT:10:2:0:2000:----
RUN_RESULT:10:3:0:2000:----
RUN_RESULT:10:4:0:2000:----
RUN_RESULT:10:5:0:2000:----
RUN_RESULT:10:6:0:2000:----
RUN_RESULT:10:7:0:2000:----
RUN_RESULT:10:8:0:2000:----
RUN_RESULT:10:9:0:2000:----
    11 |      110 |  0.000000E+00 | -0.000000E+00
TRACK:210;4;8;5;0;0;5;4;3;3;2;3;0;12;18;6;0;9;18;1;1;1;5;2;0;1;15;23;-1.010087854693431;3;8;2;6;25;6;8;0;2;1;6;12;0;8;18;0;5;14;3;9;5;4;3;9;5;6;2;0;0;14;13;2;20;-6.302180647503475;21;4.604463658344235;3;2;10;11;2;5;2;5;2;5;20;8.361287361696558;4;20;8.171550456075863;4;5;6;11;5;4;5;3;24;6;3;6;6;3;5;2;4;25;3;8
TRACK:211;4;8;5;4;2;2;3;2;4;6;6;5;23;4.635730651306398;0;2;4;1;14;16;3;9;1;4;1;15;10;6;5;24;5;0;0;5;2;1;22;2.3973296736713916;8;5;20;4.124065254900435;6;4;3;16;3;1;3;4;14;2;1;8;16;2;14;16;0;5;5;1;3;0;5;10;2;18;24;1;5;6;22;-0.7707393004792031;1;2;12;15;0;8;20;-1.22928116838189;5;3;0;2;2;0;16;14;2;24;16;1;0;25;23;4.159837156617169;0;15;25;2;1;0;10;20;-8.608927168926252;5;17;0;5;12;4;23;3.967574850125235
TRACK:212;9;6;1;0;2;1;2;5;6;0;0;4;9;2;24;8;1;2;10;10;6;25;5;2;2;6;5;20;-9.499224034153562;5;5;7;-5.344464982458563;2;2;5;23;2.8045361730800913;3;25;4;3;21;-8.093094851841716;1;3;1;2;4;5;22;-0.13101798697684686;4;0;21;-7.794864910264918;25;3;6;4;23;4.13435960215369;6;2;3;7;4.618529150991009;2;1;1;9;22;1.7463805688068295;4;18;5;0;16;16;2;6;4;3;1;1;2;13;17;2;10;22;1.1209893068662797;3;5;9;0;1;0;2;6;1;25;7;-6.122925515450046;6;6;19;1;4;1;16;13;0;3;9;5;12;3;5;0;2;9;9;5;18;5;5;1;3;5;8;3;5;23;3.311360281167646;1;3;3;6;1;1;1;3;25;3;16;3;3;25;0;3;0;12;25;0;5;9;5;25;2;6;6;0;4;1;0;11;13;3;23;5.412758232368587;3;3;0;13;21;5.210843852977284;2;6;0;0;0;1;12;9;2;16;14;0;1;17;13;1;22;6.368859763598053;11;1;6;3;25;1;3;9;4;17;0;1;1;2;6;7;7.898284256520544;5;14;2;0;17;22;-7.374252878043322;5;17;6;0;1;9;7;-4.230060104678528;3;14;4;0;6;5;25;5;4;19;0;6;3;1;0;5;0;1;1;14;8;3;24;2;2;23;-4.310890728162164;18;0;13;8;0;1;0;0;21;-9.757888362178694;12;3;23;8.461671642964788;6;4;22;1.0923528842315129;2;5;1;7;8.894590010707233;16;2;4;10;1;18;14;4;0;4;4;3;18;5;6;3;11;4;5;3;2;1;1;5;4;16;0;0;25;15;1;9;24;6;1;5;15;1;11;19;0;4;0;5;7;-6.354039736752661;1;10;12;5;1;2;24;21;-9.839908248552288;5;24
TRACK:213;9;6;3;2;1;4;5;6;5;4;2;2;25;22;-3.6074654029094555;6;25;4;1;1;5;3;2;1;13;14;3;7;4.618529150991009;4;4;6;1;16;25;4;6;1;3;3;17;6;1;19;9;3;5;6;4;0;1;6;4;23;0.12070545473202543;3;5;23;-2.2035569565090984;0;5;25;6;2;18;17
TRACK:214;2;6;4;2;4;6;1;6;0;5;6;1;23;-5.30978755979069;18;6;6;4;9;5;5;1;2;3;21;-5.161934821656516;6;20;-5.700985251063289;4;1;16;25;3;2;0;3;5;2;2;5;11;1;14;8;5;4;12;0;5;2;0;1;14;21;7.873851360550713;2;22;8.419442386046821;14;0;4;19;6;12;5;3;3;0;22;-5.218509690933848;18;5;6;0;5;0;1;19;8;0;14;23;-0.41950358716877467;6;0;4;19;0;25;16
TRACK:215;2;6;3;2;1;4;5;6;5;4;2;2;25;22;-3.6074654029094555;6;25;4;1;1;5;3;2;1;13;14;3;7;4.618529150991009;4;4;6;1;16;25;4;6;1;3;6;12;6;1;19;9;3;5;6;4;0;1;6;4;23;0.12070545473202543;3;5;23;-2.2035569565090984;0;2;1;18;9;1;22;-1.8808895698675254;10;6;2;18;17
TRACK:216;3;0;1;5;1;6;3;4;1;5;0;0;14;22;4.991784948319722;5;11;5;5;6;15;4;1;3;0;4;6;6;9;3;1;6;15;2;12;12;6;4;5;1;1;22;4.11235992743476;12;5;14;3;3;1;0;1;5;6;1;5;20;3.940093784039769;6;14;5;6;6;4;17;1;0;1;2;0;12;16;2;24;12;4;0;13;20;-4.5371671661691115;5;6;0;17;8;2;6;3;4;17;6;3;16;2;5;1;1;0;0;8;11;2;17;18;6;0;15;25;2;5;5;14;2;6;18;1;23;-4.618565988378995;8;1;0;6;4;0;25;21;-4.273100267085299;3;6;4;13;2;4;2;1;25;19;1;7;-9.625467296479883;15;4;5;0;21;-3.7364764609539254;7;8.229177339132015
TRACK:217;3;0;2;3;5;3;5;1;1;2;1;3;18;6;10;0;2;8;22;6.166854420213021;0;22;0.1857745325288498;19;6;2;3;16;4;15;0;6;0;2;16;11;5;13;2;3;2;12;22;-7.736175126214531;0;6;17;5;24;3;3;5;0;5;4;4;3;5;17;0;0;3;1;4;9;1;24;13;4;0;3;13;4;18;6;0;1;3;22;-1.76040891228757;6;10;5;0;10;10
TRACK:218;1;5;6;2;0;1;5;0;1;3;6;2;25;16;3;4;1;13;13;4;1;5;2;7;6.315454661611891;21;0.0020990115267220943;2;6;10;1;15;21;-3.396727790283787;2;1;6;1;5;6;14;2;3;10;6;24;4;3;0;1;22;0.02873875468655207;15;0;14;17;1;1;3;4;2;24;7;-0.9103980169869779;4;5;5;22;2.147160768064797;1;5;5;5;16;4;6;1;20;-9.687446714045368;16;0;0;0;5;5;4;4;14;2;6;2;4;13;5;10;4;5;6;24;5;0;1;5;2;9;13;5;4;22;-7.529488634423494;1;2;4;24;1;12;14;4;4;12;5;2;0;2;4;1;17;23;-4.206051741293473;1;1;13;14;6;16;3;6;0;9;21;9.321993186572499;0;4;5;6;19;3;2;3;22;9.283806713555926;1;19;9;3;2;5;4;1;2;5;4;22;-7.800754036472092;2;3;18;6;21;-4.120026250168354;3;5;2;15;20;6.936544827334295;2;3;1;4;4;4;19;1;1;1;14;7;2.506418588475869;1;15;20;2.370884575997369;6;6;25;1;5;6;6;3;19;6;6;12
TRACK:219;1;5;6;1;6;6;3;6;6;25;4;5;6;0;5;0;6;0;21;-8.668730307761392;19;6;4;12;2;6;3;4;17;3;3;6;12
TRACK:220;210;-1;5;0;0;5;4;3;3;2;3;0;12;18;6;0;9;18;1;1;1;5;2;0;1;15;23;-1.1918169876984281;3;8;2;6;25;6;8;0;2;1;6;12;0;8;18;0;5;14;3;9;5;4;3;9;5;6;2;0;0;14;13;2;20;-6.368410447473999;21;4.562231932045559;3;2;10;11;2;5;4;18;5;4;5;3;24;6;3;6;6;3;5;2;4;25;3;8
TRACK:221;212;-1;1;0;2;1;2;5;6;0;0;4;9;2;24;8;1;2;10;10;6;25;5;2;2;6;5;20;-9.724387219191879;5;5;7;-5.342996108515182;2;2;5;23;2.685523226132922;3;25;4;3;21;-8.14013990544037;1;3;1;2;4;5;22;-0.09905742654749616;4;0;21;-7.720746653620355;25;3;6;4;23;4.164251605827036;6;2;3;7;4.4981142029817605;2;1;1;9;22;1.7804090443462068;4;18;5;0;16;16;2;6;4;3;1;1;2;13;17;2;10;22;1.1380556242443414;3;5;9;0;1;0;2;6;1;25;7;-6.06729765252184;6;6;19;1;4;1;21;3.439069189227393;13;0;3;9;5;12;3;5;0;2;9;9;5;18;5;5;1;3;5;8;3;5;23;3.4618853688008184;1;3;3;6;1;1;1;3;25;3;16;3;3;25;0;3;0;12;25;0;5;9;5;25;2;6;6;0;4;1;0;11;13;3;23;5.494176794415962;3;3;0;13;21;5.205613342380534;2;6;0;0;0;1;12;9;2;16;14;0;1;17;13;1;22;6.530338633979864;11;1;6;3;25;1;3;9;4;17;0;1;1;2;6;7;8.050232260115072;5;14;2;0;17;22;-7.293986932862536;5;17;6;0;1;9;7;-4.289740611919585;3;14;4;0;6;5;25;5;4;19;0;6;3;1;0;5;0;1;1;14;8;3;24;2;2;23;-4.30913106831846;18;0;13;8;0;1;0;0;21;-9.752331114812726;12;3;23;8.581731495419474;6;4;22;1.075868999321931;2;5;1;7;8.956954381427794;16;2;4;10;1;18;14;4;0;4;4;3;18;5;6;3;11;4;5;3;2;1;1;5;4;16;0;0;25;15;1;9;24;6;1;5;15;1;11;19;0;4;0;5;7;-6.3328620233831465;1;10;12;5;1;2;24;21;-9.88078923790353;5;24
TRACK:222;2;-1;4;2;4;6;0;2;5;4;21;7.579957398717465;3;2;8;7;3.0940934825274056;4;0;6;24;3;19;3;2;0;3;5;2;2;5;11;1;14;8;5;4;12;0;5;2;0;1;14;21;7.84073158339453;2;22;8.715488503712496;14;0;4;19;6;12;5;3;3;0;22;-5.1315101596088555;18;5;6;0;5;0;1;19;8;0;14;23;-0.4606820374330352;6;0;4;19;0;25;16
TRACK:223;216;-1;1;5;1;6;3;4;1;5;0;0;14;22;4.7675002083003255;5;11;5;5;6;15;4;1;3;0;4;3;4;8;3;1;6;15;2;12;12;6;4;5;1;1;22;4.159191457569206;12;5;14;3;3;1;0;1;5;6;1;5;20;3.922949998588849;6;14;5;6;6;4;17;1;0;1;2;0;12;16;2;24;12;4;0;13;20;-4.4750774668828806;5;6;0;17;8;2;6;3;4;17;6;3;16;2;5;1;1;0;0;8;11;2;17;18;6;0;15;25;2;5;5;14;2;6;18;1;23;-4.639749167210919;8;1;0;6;4;0;25;21;-4.08445486200506;3;6;4;13;2;4;2;1;25;19;1;7;-9.713176571986581;15;4;5;0;21;-3.731256978456569;7;8.475208747711305
TRACK:224;218;-1;6;2;0;1;5;0;1;3;6;2;25;16;3;4;1;13;13;4;1;5;2;7;6.345270138184661;21;-0.009836377991399754;2;6;10;1;15;21;-3.5134045409991534;2;1;6;1;5;6;14;2;3;10;6;24;4;3;0;1;22;-0.07488597667185011;15;0;14;17;1;1;3;4;2;24;7;-0.7980468852340313;4;5;5;22;2.1576755672233414;1;5;5;5;16;4;6;1;20;-9.563477413421786;16;0;0;0;5;5;4;4;14;2;6;2;4;13;5;10;4;5;6;24;5;0;1;5;2;9;13;5;4;22;-7.5324302341278555;1;2;4;24;1;12;14;4;4;12;5;2;1;1;6;13;6;9;1;1;7;-7.7179241488340615;11;4;10;0;4;5;6;19;3;2;3;22;9.248315974400457;1;19;9;3;2;5;4;1;2;5;4;22;-7.946128105771988;2;3;18;6;21;-4.33012660509859;3;5;2;15;20;7.0066643528910175;2;3;1;4;4;4;19;1;1;1;14;7;2.465494485848572;1;15;20;2.5023259672580376;6;6;25;1;5;6;6;3;19;6;6;12
TRACK:225;211;-1;5;4;2;2;3;2;4;6;6;5;23;4.690592498174026;0;2;4;1;14;16;3;9;1;4;1;15;10;6;5;24;5;0;0;5;2;1;22;2.3441231384235786;8;5;20;4.088620903096752;6;4;3;16;3;1;3;4;14;2;1;8;16;2;16;16;0;5;5;1;3;0;5;10;2;18;24;1;5;6;22;-0.8759109382156525;1;2;12;15;0;8;20;-1.2389540700529127;5;3;0;2;2;0;16;14;2;24;16;1;0;25;23;4.187205510731981;0;15;25;2;1;0;10;20;-8.469571689959702;5;17;0;5;12;4;23;3.871235518037695
TRACK:226;213;-1;3;2;1;4;5;6;5;4;2;2;25;22;-3.546738774275635;6;25;4;1;1;5;3;2;1;16;14;3;7;4.576496379197985;4;4;6;1;16;25;4;6;1;3;3;17;6;1;19;9;3;5;6;4;0;1;6;4;23;0.16483309478801034;3;5;23;-2.150412333160504;0;5;25;6;2;18;17
TRACK:227;6;-1;3;2;1;4;5;6;5;4;2;2;25;22;-3.692393394850008;6;25;4;1;4;16;4;6;1;3;3;17;6;1;19;9;3;5;6;4;0;1;6;4;23;0.13324753702592204;3;5;23;-2.241248187794541;0;2;1;18;9;1;22;-1.802352446691848;10;6;2;18;17
TRACK:228;217;-1;2;3;5;3;5;1;1;2;1;3;18;6;10;0;2;8;22;6.0484629710838895;0;22;0.11480115033145077;19;6;2;3;16;4;13;0;6;0;2;16;11;5;13;2;3;2;12;22;-7.730370532181809;0;6;17;5;24;3;3;5;0;5;4;4;3;5;17;0;0;3;1;4;9;1;24;13;4;0;3;13;4;18;6;0;1;3;22;-1.6647578818697457;6;10;5;0;10;10
TRACK:229;219;-1;2;4;4;2;1;1;2;22;-2.2751231153300955;16;2;23;-5.629921523843611;21;-6.525676457634752;3;2;19;19;6;3;0;7;3.042790596669329;15;2;6;5;6;3;4;18;0;3;2;6;5;9;3;0;22;-5.808126126805362;18;1;2;6;3;18;6;4;8;6;3;0;7;-7.683114590540441;13
EVAL_INSTANCE:11:0:220
EVAL_INSTANCE:11:1:221
EVAL_INSTANCE:11:2:222
EVAL_INSTANCE:11:3:223
EVAL_INSTANCE:11:4:224
EVAL_INSTANCE:11:5:225
EVAL_INSTANCE:11:6:226
EVAL_INSTANCE:11:7:227
EVAL_INSTANCE:11:8:228
EVAL_INSTANCE:11:9:229
RUN_RESULT:11:0:0:2000:----
RUN_RESULT:11:1:0:2000:----
RUN_RESULT:11:2:0:2000:----
RUN_RESULT:11:3:0:2000:----
RUN_RESULT:11:4:0:2000:----
RUN_RESULT:11:5:0:2000:----
RUN_RESULT:11:6:0:2000:----
RUN_RESULT:11:7:0:2000:----
RUN_RESULT:11:8:0:2000:----
RUN_RESULT:11:9:0:2000:----
    12 |      120 |  0.000000E+00 | -0.000000E+00
TRACK:230;9;1;1;0;2;1;2;5;6;0;0;4;9;2;24;8;1;2;10;10;6;25;5;2;2;6;5;20;-9.499224034153562;5;5;7;-5.344464982458563;2;2;5;23;2.8045361730800913;3;25;4;3;21;-8.093094851841716;1;3;1;2;4;5;22;-0.13101798697684686;4;0;21;-7.794864910264918;25;3;6;4;23;4.13435960215369;6;2;0;4;1;22;3.2608670220304425;21;1.4832621353424393;4;2;9;17;2;1;1;9;22;1.7463805688068295;4;18;5;0;16;16;2;6;4;3;1;1;2;13;17;2;10;22;1.1209893068662797;3;5;9;0;1;0;2;6;1;25;7;-6.122925515450046;6;6;19;1;4;1;16;13;0;3;9;5;12;3;5;0;2;10;9;5;18;5;5;1;3;5;8;3;5;23;3.311360281167646;1;3;3;6;1;1;1;3;25;3;16;3;3;25;0;3;0;12;25;0;5;9;5;25;2;6;6;0;4;1;0;11;13;3;23;5.412758232368587;3;3;0;13;21;5.210843852977284;2;6;0;0;0;1;12;9;2;16;14;0;1;17;13;1;22;6.368859763598053;11;1;6;3;25;1;3;9;4;17;0;1;1;2;6;7;7.898284256520544;5;14;2;0;17;22;-7.374252878043322;5;17;6;0;1;9;7;-4.230060104678528;3;14;4;0;6;5;25;5;4;19;0;6;3;1;0;5;0;1;1;14;8;3;24;2;2;23;-4.310890728162164;18;0;13;8;0;1;0;0;21;-9.757888362178694;12;3;23;8.461671642964788;6;4;22;1.0923528842315129;2;5;1;7;8.894590010707233;16;2;4;10;1;18;14;4;0;4;4;3;18;5;6;3;11;4;5;3;2;1;1;5;4;16;0;0;25;15;1;9;24;6;1;5;15;1;11;19;0;4;0;5;7;-6.354039736752661;1;10;12;5;1;2;24;21;-9.839908248552288;5;24
TRACK:231;9;1;6;2;0;1;5;0;1;3;6;2;25;16;3;4;1;13;13;4;1;5;2;7;6.315454661611891;21;0.0020990115267220943;2;6;10;1;15;21;-3.396727790283787;2;1;6;1;5;6;14;2;3;10;6;24;4;3;0;1;22;0.02873875468655207;15;0;14;17;1;1;3;4;2;24;7;-0.9103980169869779;4;5;5;22;2.147160768064797;1;5;5;5;16;4;6;1;20;-9.687446714045368;16;0;0;0;5;5;4;4;14;2;6;2;4;13;5;10;4;5;6;24;5;0;1;5;2;9;13;5;4;22;-7.529488634423494;1;2;4;24;1;12;14;4;4;12;5;2;0;2;4;1;17;23;-4.206051741293473;1;1;13;14;6;16;3;6;0;9;21;9.321993186572499;0;4;5;6;19;3;2;3;22;9.283806713555926;1;19;9;3;2;5;4;1;2;5;4;22;-7.800754036472092;2;3;18;6;21;-4.120026250168354;3;5;2;15;20;6.936544827334295;2;3;1;4;4;4;19;1;1;1;14;7;2.506418588475869;1;15;20;2.370884575997369;6;6;25;1;5;6;6;3;19;6;2;4;0;21;-9.522203833226273;7;-6.774785840005155;3;0;25;22;3.1807941510229636
TRACK:232;2;5;4;2;4;6;1;6;0;5;6;1;23;-5.30978755979069;18;6;6;4;9;5;5;1;2;3;21;-5.161934821656516;6;20;-5.700985251063289;4;18;3;2;0;3;5;2;2;5;11;1;14;8;5;4;12;0;5;2;0;1;14;21;7.873851360550713;2;22;8.419442386046821;14;0;4;19;6;12;5;3;3;0;22;-5.218509690933848;18;5;6;0;5;0;1;19;8;0;14;23;-0.41950358716877467;6;0;4;19;0;25;16
TRACK:233;2;5;6;1;6;6;3;4;1;2;20;-5.700985251063289;5;6;25;2;1;3;20;-4.001857885220705;1;18;24;0;5;18;3;25;4;5;6;0;5;0;6;0;21;-8.668730307761392;19;6;4;12;2;6;3;4;17;3;3;6;12
TRACK:234;8;3;5;4;2;2;3;2;4;6;6;5;23;4.635730651306398;0;2;4;1;23;-4.618565988378995;8;3;0;10;22;-8.014155309267682;1;4;1;15;10;6;5;24;5;0;0;5;2;1;22;2.3973296736713916;8;5;20;4.124065254900435;6;4;3;16;3;1;3;4;14;2;1;8;16;2;14;16;0;5;5;1;3;0;5;10;2;18;24;1;5;6;22;-0.7707393004792031;1;2;12;15;0;8;20;-1.22928116838189;5;3;0;2;2;0;16;14;2;24;16;1;0;25;23;4.159837156617169;0;15;25;2;1;0;10;20;-8.608927168926252;5;17;0;5;12;4;23;3.967574850125235
TRACK:235;8;3;1;5;1;6;3;4;1;5;0;0;14;22;4.991784948319722;5;11;5;5;6;15;4;1;3;0;4;6;6;9;3;1;6;15;2;12;12;6;4;5;1;1;22;4.11235992743476;12;5;14;3;3;1;0;1;5;6;1;5;20;3.940093784039769;6;14;5;6;6;4;17;1;0;14;5;6;0;17;8;2;6;3;4;17;6;1;5;18;4;18;2;5;1;1;0;0;8;11;2;17;18;6;0;15;25;2;5;5;14;2;6;18;1;23;-4.618565988378995;8;1;0;6;4;0;25;21;-4.273100267085299;3;6;4;13;2;4;2;1;25;19;1;7;-9.625467296479883;15;4;5;0;21;-3.7364764609539254;7;8.229177339132015
TRACK:236;4;1;5;0;0;5;4;3;3;2;3;0;12;18;6;0;9;18;1;3;0;10;22;3.1807941510229636;2;5;2;5;2;5;20;8.361287361696558;4;20;8.171550456075863;4;5;6;11;5;4;5;3;0;10;17;6;3;6;6;3;5;2;4;25;3;8
TRACK:237;4;1;6;2;0;1;5;0;1;3;6;2;25;16;3;4;1;13;13;4;1;5;2;7;6.315454661611891;21;0.0020990115267220943;2;6;10;1;15;21;-3.396727790283787;2;1;6;1;5;6;14;2;3;10;6;24;4;3;0;1;22;0.02873875468655207;15;0;14;17;1;1;3;4;2;24;7;-0.9103980169869779;4;5;5;22;2.147160768064797;1;5;5;5;16;4;6;1;20;-9.687446714045368;16;0;0;0;5;5;4;4;14;2;6;2;4;13;5;10;4;5;6;24;5;0;1;5;2;9;13;5;4;22;-7.529488634423494;1;2;4;24;1;8;14;4;4;12;5;2;0;2;4;1;17;23;-4.206051741293473;1;1;13;14;6;16;3;6;0;9;21;9.321993186572499;0;4;5;6;19;3;2;3;22;9.283806713555926;1;19;9;3;2;5;4;1;2;5;4;22;-7.800754036472092;2;3;18;6;21;-4.120026250168354;3;5;2;15;20;6.936544827334295;2;3;1;4;4;4;19;1;1;1;14;7;2.506418588475869;1;15;20;2.370884575997369;6;6;25;1;5;6;6;3;19;6;2;4;0;21;-9.522203833226273;7;-6.774785840005155;3;0;10;22;3.1807941510229636
TRACK:238;6;2;3;2;1;4;5;6;5;4;2;2;25;22;-3.6074654029094555;6;25;4;1;1;5;3;2;21;-5.161934821656516;3;7;4.618529150991009;4;4;6;1;16;25;4;6;1;3;3;17;6;1;19;9;3;5;6;4;0;1;6;4;23;0.12070545473202543;3;5;23;-2.2035569565090984;0;2;1;18;9;1;22;-1.8808895698675254;10;6;2;18;17
TRACK:239;6;2;4;2;4;6;1;6;0;5;6;1;23;-5.30978755979069;18;6;6;4;9;5;5;1;2;19;6;20;-5.700985251063289;4;6;13;3;2;0;3;5;2;2;5;11;1;14;8;5;4;12;0;5;2;0;1;14;21;7.873851360550713;2;22;8.419442386046821;14;0;4;19;6;12;5;3;3;0;22;-5.218509690933848;18;5;6;0;5;0;1;19;8;0;14;23;-0.41950358716877467;6;0;4;19;0;25;16
TRACK:240;230;-1;1;0;2;1;2;5;6;0;0;4;9;2;24;8;1;2;10;10;6;25;5;2;2;6;5;20;-9.652533194067605;5;5;7;-5.420584412972607;2;2;5;23;2.8316695490838164;3;25;4;3;21;-7.969166815769395;1;3;1;2;4;5;22;-0.4374446672803574;4;0;21;-8.095847887745897;25;3;6;4;23;4.102397717876278;6;2;0;4;1;22;3.363027989696252;21;1.5243658456373168;4;2;9;17;2;1;1;9;22;1.8187017564093209;4;18;5;0;16;16;2;6;4;3;1;1;2;13;17;2;10;22;1.1016905971717006;3;5;9;0;1;0;2;6;1;25;7;-6.149520090475614;6;6;19;1;4;1;16;13;0;3;9;5;12;3;5;0;2;10;9;5;18;5;5;1;3;5;8;3;5;23;3.2528258910167303;1;3;3;6;1;1;1;3;25;3;16;3;3;25;0;3;0;12;25;0;5;9;5;25;2;6;6;0;4;1;0;11;13;3;23;5.631292017932855;3;3;0;13;21;5.27778454690961;2;6;0;0;0;1;12;9;2;16;14;0;1;17;13;1;22;6.305601440096176;11;1;6;3;25;1;3;9;4;17;0;1;1;4;2;19;15;2;0;17;22;-7.427267155088514;5;17;6;0;1;9;7;-4.305576088121721;3;14;4;0;6;5;25;5;4;19;0;6;3;1;0;5;0;1;1;14;8;3;24;2;2;23;-4.183238994487731;18;0;13;8;0;1;0;0;21;-9.782994924608015;12;3;23;8.55052543746585;6;4;22;1.0674455521124295;2;5;1;7;9.001956728556774;16;2;4;10;1;18;14;4;0;4;4;3;18;5;6;3;11;4;5;3;2;1;1;5;4;16;0;0;25;15;1;9;24;6;1;5;15;1;11;19;0;4;0;5;7;-6.326314090391694;1;10;12;5;1;2;24;21;-9.675372271388815;5;24
TRACK:241;232;-1;4;2;4;6;1;6;0;5;6;1;23;-5.273120200681893;18;6;6;4;9;5;5;1;2;3;21;-5.203522305898391;6;20;-5.60324010184918;4;18;3;2;0;3;5;2;2;5;11;1;14;8;5;4;12;0;5;2;0;1;14;21;7.793388805674095;2;22;8.355645202011514;14;0;4;19;6;12;5;3;3;0;22;-5.1163368134039695;18;5;6;0;5;0;1;19;8;0;14;12;6;0;4;19;0;25;16
TRACK:242;234;-1;5;4;2;2;3;2;4;6;6;5;23;4.825285909891592;0;2;4;1;23;-4.757863749992299;8;3;0;10;22;-7.946347454157538;1;4;1;15;10;6;5;24;5;0;0;5;2;1;22;2.4427051837753773;8;5;20;4.223659292925153;6;4;3;16;3;1;3;4;14;2;1;8;16;2;14;16;0;5;5;1;3;0;0;24;19;2;18;24;1;5;6;22;-0.8512395954716099;1;2;12;15;0;8;20;-1.2670707134726515;5;3;0;2;2;0;16;14;2;24;16;1;0;25;23;4.333815867084293;0;15;25;2;1;0;10;20;-8.617606520671474;5;17;0;5;12;4;23;3.957016300737876
TRACK:243;236;-1;5;0;0;5;4;3;3;2;3;0;12;18;6;4;8;1;3;0;10;22;3.2634184914433515;2;5;2;5;2;5;20;8.329296933832651;4;20;8.178376464794647;4;5;6;11;5;4;5;3;0;10;17;6;3;6;6;3;5;2;4;25;3;8
TRACK:244;238;-1;3;2;1;4;5;6;5;4;2;2;25;22;-3.6062541399986126;6;25;4;1;1;5;3;2;21;-5.232945097135379;3;7;4.741514010652428;4;4;6;1;16;25;4;6;1;3;3;17;6;1;19;9;3;5;6;4;0;1;6;4;23;0.2675928491746866;3;5;23;-2.126205793997255;0;5;5;12;6;2;18;17
TRACK:245;231;-1;6;2;0;1;5;0;1;3;6;2;25;16;3;4;1;13;13;4;1;5;2;7;6.2398959334976;21;-0.012525577443720721;2;3;7;1.083765284171534;1;15;21;-3.277547417640077;2;1;6;1;5;6;14;2;3;10;6;24;4;3;0;1;22;0.0005217661579726418;15;0;14;17;1;1;3;4;2;24;7;-0.8011373230829649;4;5;5;22;2.21870855646816;1;5;5;5;16;4;6;1;20;-9.640305466559003;16;0;0;0;5;5;4;4;14;2;6;2;4;13;5;10;4;5;6;24;5;0;1;5;2;9;13;5;4;22;-7.559468712835747;1;2;4;24;1;12;14;4;4;12;5;2;0;2;4;1;17;23;-4.229295684308143;1;1;13;14;6;16;3;6;0;9;21;9.298695563567595;0;4;5;6;19;3;2;3;22;9.154119809989533;1;19;9;3;2;5;4;1;2;5;4;22;-7.6713310505655965;2;3;18;6;21;-4.194797983147231;3;5;2;15;20;6.937164542174642;2;3;1;4;4;4;19;1;1;1;14;7;2.4773611368888986;1;15;20;2.4599075477073056;6;6;25;1;5;6;6;3;19;6;2;4;0;21;-9.548679876434592;7;-6.839907862052143;3;0;25;22;3.318165240092417
TRACK:246;233;-1;6;1;6;6;0;2;3;14;5;15;3;1;24;18;4;5;6;0;5;0;6;0;21;-8.585052906862852;19;6;4;12;2;6;3;4;17;3;3;6;12
TRACK:247;235;-1;1;5;1;6;3;4;1;5;0;0;14;22;4.86115173734782;5;11;5;5;6;15;4;1;3;0;4;6;6;9;3;1;6;15;2;12;12;6;4;5;1;1;22;4.296112808984918;12;5;14;3;3;1;0;1;5;6;1;5;20;3.8465129064157257;6;14;5;6;6;4;17;1;0;14;5;6;0;17;8;2;6;3;4;17;6;1;5;18;4;18;2;5;1;1;0;0;8;11;2;17;18;6;0;15;25;2;5;5;14;2;6;18;1;23;-4.625386632120628;8;1;0;6;4;0;25;21;-4.11884149234837;3;2;6;17;4;7;3.2087075841246673;2;4;2;1;25;19;1;7;-9.49332665964543;15;4;5;0;21;-3.8842641370683153;7;8.286554142895504
TRACK:248;237;-1;6;2;0;1;5;0;1;3;6;2;25;16;3;4;1;13;13;4;1;5;2;7;6.320213218507879;21;0.029924140961294827;2;6;10;1;15;21;-3.392947199733817;2;1;6;1;5;6;14;2;3;10;6;24;4;3;0;1;22;0.0010358686060714418;15;0;14;17;1;1;3;4;2;24;7;-1.0372430724265866;4;5;5;22;2.1811624492570987;1;5;5;5;16;4;6;1;20;-9.646867930806566;16;0;0;0;5;5;4;4;14;2;6;2;4;13;5;10;4;5;6;24;5;0;1;5;2;9;13;5;4;22;-7.672911320285899;1;2;4;24;1;8;14;4;4;12;5;2;0;2;4;1;17;23;-4.093428468122355;1;1;13;14;6;16;3;6;0;9;21;9.355492123601959;0;4;5;6;19;3;2;3;22;9.445246105309513;1;19;9;3;2;5;4;1;2;5;4;22;-7.893949864157332;2;3;18;6;21;-4.132963847932431;3;5;2;15;20;6.8617406441641435;2;3;1;4;4;4;19;1;1;1;14;7;2.576034942965267;1;15;20;2.3204108522883753;6;6;25;1;5;6;6;3;19;6;2;4;0;21;-9.546921502000306;22;0.8933916887718691;3;0;10;22;3.2129780515477155
TRACK:249;239;-1;4;2;4;6;1;6;0;5;6;1;23;-5.376173693258611;18;6;6;4;9;5;5;1;2;19;6;20;-5.783828630621335;4;6;13;3;2;0;3;5;1;10;7;-8.91144641472156;0;5;2;0;1;14;21;7.931343897198026;2;22;8.3249941487788;14;0;4;19;6;12;5;3;3;0;22;-5.188985208934227;18;5;6;0;5;0;1;19;8;0;14;23;-0.4598036151407371;6;0;4;19;0;25;16
EVAL_INSTANCE:12:0:240
EVAL_INSTANCE:12:1:241
EVAL_INSTANCE:12:2:242
EVAL_INSTANCE:12:3:243
EVAL_INSTANCE:12:4:244
EVAL_INSTANCE:12:5:245
EVAL_INSTANCE:12:6:246
EVAL_INSTANCE:12:7:247
EVAL_INSTANCE:12:8:248
EVAL_INSTANCE:12:9:249
RUN_RESULT:12:0:0:2000:----
RUN_RESULT:12:1:0:2000:----
RUN_RESULT:12:2:0:2000:----
RUN_RESULT:12:3:0:2000:----
RUN_RESULT:12:4:0:2000:----
RUN_RESULT:12:5:0:2000:----
RUN_RESULT:12:6:0:2000:----
RUN_RESULT:12:7:0:2000:----
RUN_RESULT:12:8:0:2000:----
RUN_RESULT:12:9:0:2000:----
    13 |      130 |  0.000000E+00 | -0.000000E+00
TRACK:250;9;1;1;0;2;1;2;5;6;0;0;4;9;2;24;8;1;2;10;10;6;25;5;2;2;6;5;20;-9.499224034153562;5;5;7;-5.344464982458563;2;2;5;23;2.8045361730800913;3;25;4;3;21;-8.093094851841716;1;3;1;2;4;5;22;-0.13101798697684686;4;0;21;-7.794864910264918;25;3;6;4;23;4.13435960215369;6;2;0;4;1;22;3.2608670220304425;21;1.4832621353424393;4;2;9;17;2;1;1;9;22;1.7463805688068295;4;18;5;0;16;16;2;6;4;3;1;1;2;13;17;2;10;22;1.1209893068662797;3;5;9;0;1;0;2;6;1;25;7;-6.122925515450046;6;6;19;1;4;1;16;13;0;3;9;5;12;3;5;0;2;9;9;5;18;5;5;1;3;5;8;3;5;23;3.311360281167646;1;3;3;6;1;1;1;3;25;3;16;3;3;25;0;3;0;12;25;0;5;9;5;25;2;6;6;0;4;1;0;11;13;3;23;5.412758232368587;3;3;0;13;21;5.210843852977284;2;6;0;0;0;1;12;9;2;16;14;0;1;17;13;1;22;6.368859763598053;11;1;6;3;25;1;3;9;4;17;0;1;1;2;6;7;7.898284256520544;5;14;2;0;17;22;-7.374252878043322;5;17;6;0;1;9;7;-4.230060104678528;3;14;4;0;6;5;25;5;4;19;0;6;3;1;0;5;0;1;1;14;8;3;24;2;2;23;-4.310890728162164;18;0;13;23;-4.206051741293473;0;1;0;0;21;-9.757888362178694;12;3;23;8.461671642964788;6;4;22;1.0923528842315129;2;5;1;7;8.894590010707233;16;2;4;10;1;18;14;4;0;4;4;3;18;5;6;3;11;4;5;3;2;1;1;5;4;16;0;0;25;15;1;9;24;6;1;5;15;1;11;19;0;4;0;5;7;-6.354039736752661;1;10;12;5;1;2;24;21;-9.839908248552288;5;24
TRACK:251;9;1;6;2;0;1;5;0;1;3;6;2;25;16;3;4;1;13;13;4;1;5;2;7;6.315454661611891;21;0.0020990115267220943;2;6;10;1;15;21;-3.396727790283787;2;1;6;1;5;6;14;2;3;10;6;24;4;3;0;1;22;0.02873875468655207;15;0;14;17;1;1;3;4;2;24;7;-0.9103980169869779;4;5;5;22;2.147160768064797;1;5;5;5;16;4;6;1;20;-9.687446714045368;16;0;0;0;5;5;4;4;14;2;6;2;4;13;5;10;4;5;6;24;5;0;1;5;23;2.8045361730800913;5;4;22;-7.529488634423494;1;2;4;24;1;12;14;4;4;12;5;2;0;2;4;1;17;23;-4.206051741293473;1;1;13;14;6;16;3;6;0;9;21;9.321993186572499;0;4;5;6;19;3;2;3;22;9.283806713555926;1;19;9;3;2;5;4;1;2;5;4;22;-7.800754036472092;2;3;18;6;21;-4.120026250168354;3;5;2;15;20;6.936544827334295;2;3;1;4;4;4;19;1;1;1;14;7;2.506418588475869;1;15;20;2.370884575997369;6;6;25;1;5;6;6;3;19;6;2;4;0;21;-9.522203833226273;7;-6.774785840005155;3;0;10;22;3.1807941510229636
TRACK:252;7;4;2;1;1;5;2;0;3;6;1;3;16;1;12;17;0;4;6;2;15;12;2;5;6;13;3;1;20;-0.24698390480495824;25;0;3;5;1;1;22;-6.5174545344852515;21;-3.918530838179814;3;9;4;2;5;5;23;5.93470900679938;3;0;20;2.0201316169353216;15;5;4;0;1;3;2;2;23;2.3482003395312763;8;4;20;-4.091437552342143;4;1;2;7;-0.5882727476582517;15;4;14;2;5;5;0;8;16;1;0;6;19;5;18;1;2;25;19;5;13;6;6;3;3;2;0;1;0;8;18;0;22;-6.040627089605888;15;4;3;23;-4.202540099888889;1;1;5;18;1;21;-6.716758365729132;9;4;0;19;19;1;3;6;5;5;0;5;4;3;12;3;0;2;14;14;1;19;16;5;6;1;5;6;2;0;5;25;4;20;-2.9553149788213995;4;0;23;-8.568362190186328;11;6;1;5;0;3;21;-8.404935025272703;0;15;9;1;1;4;20;7.665704473583883;4;19;1;3;7;5.138355166497966;3;16
TRACK:253;7;4;5;0;0;5;4;3;3;2;3;0;12;18;6;24;1;1;1;5;2;0;1;15;23;-1.010087854693431;3;8;2;6;25;6;8;0;2;1;6;12;0;8;18;0;5;14;3;9;5;4;3;9;5;6;2;0;0;14;13;2;20;-6.302180647503475;21;4.604463658344235;3;2;10;11;2;5;2;5;2;5;20;8.361287361696558;4;20;8.171550456075863;4;5;6;11;5;4;5;3;0;10;17;6;3;6;6;3;5;2;4;25;3;8
TRACK:254;2;2;4;2;4;6;1;6;0;5;6;1;23;-5.30978755979069;18;6;6;4;9;5;5;1;2;3;21;-5.161934821656516;6;20;-5.700985251063289;4;6;13;3;2;0;3;5;2;2;5;11;1;14;8;5;4;12;0;5;2;0;1;14;21;7.873851360550713;2;22;8.419442386046821;14;0;4;19;6;12;5;3;3;0;22;-5.218509690933848;18;5;6;0;5;0;1;19;8;0;14;23;-0.41950358716877467;6;0;4;19;0;25;16
TRACK:255;2;2;4;2;4;6;1;6;0;5;6;1;23;-5.30978755979069;18;6;6;4;9;5;5;1;2;3;21;-5.161934821656516;6;20;-5.700985251063289;4;6;13;3;2;0;3;5;2;2;5;11;1;14;8;5;4;12;0;5;2;0;1;14;12;2;22;8.419442386046821;14;0;4;19;6;12;5;3;3;0;22;-5.218509690933848;18;5;6;0;5;0;1;19;8;0;14;23;-0.41950358716877467;6;0;4;19;0;25;16
TRACK:256;6;3;3;2;1;4;5;6;5;4;2;2;25;22;-3.6074654029094555;6;25;4;1;1;5;3;2;1;13;14;3;7;4.618529150991009;4;4;6;1;16;25;4;6;1;3;3;17;6;1;19;9;3;5;6;4;0;1;6;4;23;0.12070545473202543;3;5;23;-2.2035569565090984;0;2;1;18;9;1;22;-1.8808895698675254;18;6;2;18;17
TRACK:257;6;3;1;5;1;6;3;4;1;5;0;0;14;22;4.991784948319722;5;11;5;5;6;15;4;1;3;0;4;6;6;9;3;1;6;15;2;12;12;6;4;5;1;1;22;4.11235992743476;12;5;14;3;3;1;0;1;5;6;1;5;20;3.940093784039769;6;14;5;6;6;4;17;1;0;1;2;0;12;16;2;24;12;4;0;13;20;-4.5371671661691115;5;6;0;17;8;2;6;3;4;17;6;1;5;18;4;18;2;5;1;1;0;23;0.12070545473202543;2;17;18;6;0;15;25;2;5;5;14;2;6;18;1;23;-4.618565988378995;8;1;0;6;4;0;25;21;-4.273100267085299;3;6;4;13;2;4;2;1;25;19;1;7;-9.625467296479883;15;4;5;0;21;-3.7364764609539254;7;8.229177339132015
TRACK:258;5;7;6;1;6;6;3;4;1;2;3;5;18;5;6;25;2;1;3;20;-4.001857885220705;1;18;24;0;5;18;3;25;4;5;6;0;5;0;6;0;21;-8.668730307761392;19;6;4;12;2;6;3;4;17;2;5;5;23;5.93470900679938;3;0;20;2.0201316169353216;15
TRACK:259;5;7;2;1;1;5;2;0;3;6;1;3;16;1;12;17;0;4;6;2;15;12;2;5;6;13;3;1;20;-0.24698390480495824;25;0;3;5;1;1;22;-6.5174545344852515;21;-3.918530838179814;3;12;4;2;5;5;23;5.93470900679938;3;0;20;2.0201316169353216;15;5;4;0;1;3;2;2;23;2.3482003395312763;8;4;20;-4.091437552342143;4;1;2;7;-0.5882727476582517;15;4;14;2;5;5;0;8;16;1;0;6;19;5;18;1;2;25;19;5;13;6;6;3;3;2;0;1;2;16;24;0;22;-6.040627089605888;15;4;3;23;-4.202540099888889;1;1;5;18;1;21;-6.716758365729132;9;4;0;19;19;1;3;6;5;5;0;5;4;3;12;3;0;2;14;14;1;19;16;5;6;1;5;6;2;0;5;25;4;20;-2.9553149788213995;4;0;23;-8.568362190186328;11;6;1;5;0;3;21;-8.404935025272703;0;15;9;1;1;4;20;7.665704473583883;4;19;1;3;7;5.138355166497966;3;16
TRACK:260;250;-1;1;0;2;1;2;5;6;0;0;4;9;2;24;8;1;2;10;10;6;25;5;2;2;6;5;20;-9.590813767144818;5;5;7;-5.378519657032521;2;2;5;23;2.789645920846464;3;25;4;3;21;-8.041583725537508;1;3;1;2;4;5;22;0.09998456199105454;4;0;21;-7.818892552407079;25;3;6;4;23;4.159861635631118;6;2;0;4;1;22;3.0461323853714792;21;1.3867589221681458;4;2;9;17;2;1;1;9;22;1.896906633500395;4;18;5;0;16;16;2;6;4;3;1;1;2;13;17;2;10;22;1.0493297025315107;3;5;9;0;1;0;2;6;1;25;7;-6.091378141177494;6;6;19;1;4;1;16;13;0;3;9;5;12;3;5;0;2;9;9;5;18;3;2;2;0;14;11;1;22;-2.8314714117613953;25;6;3;16;1;3;3;6;1;1;1;3;25;3;16;3;3;25;0;3;0;12;25;0;5;9;5;25;2;6;6;0;4;1;0;11;13;3;23;5.438875077950489;3;3;0;13;21;5.083202170438383;2;6;0;0;0;1;12;9;2;16;14;0;1;17;13;1;22;6.3552548532213775;11;1;6;3;25;1;3;9;4;17;0;1;1;2;6;7;8.029594183472067;5;14;2;0;17;22;-7.4016090186769405;5;17;6;0;1;9;7;-4.059100024132816;3;14;4;0;6;5;25;5;4;19;0;6;3;1;0;5;0;1;1;14;8;3;24;2;2;23;-4.42204151050874;18;0;13;23;-4.187887300731841;0;1;0;0;21;-9.725623525372548;12;3;23;8.437746818260326;6;4;22;1.0587576452752967;2;5;1;7;8.775011431309068;16;2;4;10;1;18;14;4;0;4;4;3;18;5;6;3;11;4;5;3;2;1;1;5;4;16;0;0;25;15;1;9;24;6;1;5;15;1;11;19;0;4;0;5;7;-6.457952312537821;1;10;12;5;1;2;24;21;-9.819903081471802;5;24
TRACK:261;252;-1;2;1;1;5;2;0;3;6;1;3;16;1;12;17;0;4;6;2;15;12;2;5;6;13;3;1;20;-0.4459858752217023;25;0;3;5;1;1;22;-6.573966107327651;21;-3.966509411987918;3;9;4;2;5;5;23;5.871706612891591;3;0;20;1.8781873770124715;15;5;4;0;1;3;2;2;23;2.4676620128309006;8;4;20;-4.016857631435603;4;1;2;7;-0.5937498238841569;15;4;14;2;5;5;0;8;16;1;0;6;19;5;18;1;2;25;19;5;13;6;6;3;3;2;0;1;0;8;18;0;22;-6.142493896817458;15;4;3;23;-4.233166175229515;1;1;5;18;1;21;-6.719001317449933;9;4;0;19;19;1;3;6;5;13;5;6;1;5;6;2;0;5;25;4;20;-2.8049514154096324;4;0;23;-8.412771408230276;11;6;1;5;0;3;21;-8.294711786547277;0;15;9;1;1;4;20;7.521145803186763;4;19;1;3;7;5.10965735845457;3;16
TRACK:262;2;-1;4;2;4;6;1;6;0;5;6;1;23;-5.318595535842259;18;6;6;4;9;5;5;1;2;3;21;-5.1458776285647305;6;20;-5.662947087885152;4;6;13;3;2;0;3;5;1;5;18;3;7;-4.40278416497063;0;5;2;0;1;14;21;8.003330967345917;2;22;8.42195722089013;14;0;4;19;6;12;5;3;3;0;22;-5.005348749299478;18;5;6;0;5;0;1;19;8;0;14;23;-0.5147783733326435;6;0;4;19;0;25;16
TRACK:263;256;-1;3;2;1;4;5;6;5;4;2;2;25;22;-3.686293248436722;6;25;4;1;1;5;3;2;1;13;14;3;7;4.6114459199338835;4;4;6;1;16;25;4;6;1;3;3;17;6;1;19;9;3;5;6;4;0;1;6;4;23;0.19209786568036163;3;5;23;-2.195844675808971;0;2;1;18;23;-6.403354728394262;1;22;-2.0536073047572754;18;6;2;18;17
TRACK:264;258;-1;6;0;4;6;1;9;23;-8.295818908754608;5;6;5;25
TRACK:265;251;-1;6;2;0;1;5;0;1;3;6;2;25;16;3;4;1;13;13;4;1;5;2;7;6.394417551990588;8;2;6;10;1;15;21;-3.2084536440161453;2;1;6;1;5;6;14;2;3;10;6;24;4;3;0;1;22;-0.06795943961552059;15;0;14;17;1;1;3;4;2;24;7;-1.0570472048373154;4;5;5;22;2.071534150484145;1;5;5;5;16;4;6;1;20;-9.663020014380027;16;0;0;0;5;5;4;4;14;2;6;2;4;13;5;10;4;5;6;24;5;0;1;5;23;2.7844688846957615;5;4;22;-7.423275912958311;1;2;4;24;1;12;14;4;4;12;5;2;0;2;4;1;17;23;-4.23904610155012;1;1;13;14;6;16;3;6;0;9;21;9.20579298196443;0;4;5;6;19;3;2;3;22;9.33635765984192;1;19;9;3;2;5;4;1;2;5;4;22;-7.720195131832592;2;3;18;6;21;-4.335326652587899;3;5;2;15;20;6.93866203426994;2;3;1;4;4;4;19;1;1;1;14;7;2.489448443861648;1;15;20;2.267015340456912;6;6;25;1;5;6;6;3;19;6;2;4;0;21;-9.539571564445493;7;-6.59449561761715;3;0;10;22;3.192761728341782
TRACK:266;253;-1;5;0;0;5;4;3;3;2;3;0;12;18;6;24;1;1;1;5;2;0;1;15;23;-0.8571250535224729;3;8;2;6;25;6;8;0;2;1;6;12;0;8;18;0;5;14;3;9;5;4;3;9;5;6;2;0;0;14;13;2;20;-6.125089704449433;21;4.692778515224352;3;2;10;11;2;5;2;5;2;5;20;8.381501603696629;4;20;8.051038476258382;4;5;6;11;5;4;5;3;0;10;17;5;2;19;20;-7.412694223561593
TRACK:267;2;-1;4;2;4;6;1;6;0;5;6;1;23;-5.282759068349516;18;6;6;4;9;5;5;1;2;3;21;-5.348223191869613;6;20;-5.814378141436893;4;6;13;3;2;0;3;5;2;2;5;11;1;14;8;5;4;12;0;5;2;0;1;14;21;7.8638943097802905;2;22;8.413608072652027;14;0;4;19;6;12;5;3;3;0;22;-5.248380460324542;18;5;6;0;5;0;1;15;8;0;14;23;-0.5103283315041782;6;0;4;19;0;25;16
TRACK:268;257;-1;1;5;1;6;3;4;1;5;0;0;14;22;4.865204183295905;5;11;5;5;6;15;4;1;3;0;4;6;6;9;3;1;6;15;2;12;12;6;4;5;1;1;22;3.8959894164533755;12;5;14;3;3;0;5;0;4;3;6;11;4;6;4;12;2;0;2;3;6;8;2;1;19;20;-2.675671877384527;2;22;9.431243889269169;7;-7.143553573321562;6;0;6;20;-5.360631645681226;4;11;0;5;6;0;14;14;5;1;4;23;4.131526940109577;5;12
TRACK:269;259;-1;2;1;1;5;2;0;3;6;1;3;16;1;12;17;0;4;6;2;15;12;2;5;6;13;3;1;20;-0.4000009676435413;25;0;3;5;1;1;22;-6.2805777122156625;21;-3.9219274899617815;3;12;4;2;5;5;23;6.079121265836879;3;0;20;2.072262990779015;15;5;4;0;1;3;2;2;23;2.3158982756894106;8;4;20;-4.185436538819621;5;0;10;16;2;5;5;0;8;16;1;0;6;19;5;18;1;2;25;19;5;13;6;6;3;3;2;0;1;2;16;24;0;22;-5.8531242457320305;15;4;3;23;-4.043994981214612;1;1;5;18;1;21;-6.810605358425327;9;4;0;19;19;1;3;6;5;5;0;5;4;3;12;3;0;2;14;14;1;19;16;5;6;1;5;6;2;0;5;25;4;20;-2.7948191217778833;4;0;23;-8.490284626361644;11;6;1;5;0;3;21;-8.384944864868412;0;15;9;1;1;4;20;7.781404809383114;4;19;1;3;7;5.147717032594098;3;16
EVAL_INSTANCE:13:0:260
EVAL_INSTANCE:13:1:261
EVAL_INSTANCE:13:2:262
EVAL_INSTANCE:13:3:263
EVAL_INSTANCE:13:4:264
EVAL_INSTANCE:13:5:265
EVAL_INSTANCE:13:6:266
EVAL_INSTANCE:13:7:267
EVAL_INSTANCE:13:8:268
EVAL_INSTANCE:13:9:269
RUN_RESULT:13:0:0:2000:----
RUN_RESULT:13:1:0:2000:----
RUN_RESULT:13:2:0:2000:----
RUN_RESULT:13:3:0:2000:----
RUN_RESULT:13:4:0:2000:----
RUN_RESULT:13:5:0:2000:----
RUN_RESULT:13:6:0:2000:----
RUN_RESULT:13:7:0:2000:----
RUN_RESULT:13:8:0:2000:----
RUN_RESULT:13:9:0:2000:----
    14 |      140 |  0.000000E+00 | -0.000000E+00
TRACK:270;5;7;6;1;6;6;3;4;1;2;3;5;18;5;6;25;2;1;3;20;-4.001857885220705;1;18;24;0;5;18;3;25;4;5;6;0;5;0;6;0;21;-8.668730307761392;19;6;4;12;2;6;3;4;17;3;16
TRACK:271;5;7;2;1;1;5;2;0;3;6;1;3;16;1;12;17;0;4;6;2;15;12;2;5;6;13;3;1;20;-0.24698390480495824;25;0;3;5;1;1;22;-6.5174545344852515;21;-3.918530838179814;3;9;4;2;5;5;23;5.93470900679938;3;0;20;2.0201316169353216;15;5;4;0;1;3;2;2;23;2.3482003395312763;8;4;20;-4.091437552342143;4;1;2;7;-0.5882727476582517;15;4;14;2;5;5;0;8;16;1;0;6;19;5;18;1;2;25;19;5;13;6;6;3;3;2;0;1;2;16;24;0;22;-6.040627089605888;15;4;3;23;-4.202540099888889;1;1;5;18;1;21;-6.716758365729132;9;4;0;19;19;1;3;6;5;5;0;5;4;3;12;3;0;2;14;14;1;19;16;5;2;3;5;18;5;6;25
TRACK:272;3;0;1;5;1;6;3;4;1;5;0;0;14;22;4.991784948319722;5;11;5;5;6;15;4;1;3;0;4;6;6;9;3;1;6;15;2;12;12;6;4;5;1;1;22;4.11235992743476;12;5;14;3;3;1;0;1;5;6;1;5;20;3.940093784039769;6;14;5;6;0;2;8;22;6.166854420213021;0;22;0.1857745325288498;19;1;0;1;2;0;12;16;2;24;12;4;0;13;20;-4.5371671661691115;5;6;0;17;8;2;6;3;4;17;6;1;5;18;4;18;2;5;1;1;0;0;8;11;2;17;18;6;0;15;25;2;5;5;14;2;6;18;1;23;-4.618565988378995;8;1;0;6;4;0;25;21;-4.273100267085299;3;6;4;13;2;4;2;1;25;19;1;7;-9.625467296479883;15;4;5;0;21;-3.7364764609539254;7;8.229177339132015
TRACK:273;3;0;2;3;5;3;5;1;1;2;1;3;18;6;10;9;6;2;3;16;4;13;0;6;0;2;16;11;5;13;2;3;2;12;22;-7.736175126214531;0;6;17;5;24;3;3;5;0;5;4;4;3;5;17;0;0;3;1;4;9;1;24;13;4;0;3;13;4;18;6;0;1;3;22;-1.76040891228757;6;10;5;0;10;10
TRACK:274;8;5;5;4;2;2;3;2;4;6;6;5;23;4.635730651306398;0;2;4;1;14;16;3;0;10;22;-8.014155309267682;1;4;1;15;10;6;5;24;5;0;0;5;2;1;22;2.3973296736713916;8;5;20;4.124065254900435;6;4;3;16;3;1;3;4;14;2;1;8;16;2;14;16;0;5;5;1;3;0;17;2;18;24;1;5;6;22;-0.7707393004792031;1;2;12;15;0;8;20;-1.22928116838189;5;3;0;2;2;0;16;14;2;24;16;1;0;25;23;4.159837156617169;0;15;25;2;1;0;10;20;-8.608927168926252;5;17;0;5;12;4;23;3.967574850125235
TRACK:275;8;5;6;1;6;6;3;4;1;2;3;5;18;5;6;25;2;1;3;20;-4.001857885220705;1;18;24;0;5;18;3;25;4;5;6;0;5;0;6;0;21;-8.668730307761392;10;6;4;12;2;6;3;4;17;3;3;6;12
TRACK:276;1;4;6;2;0;1;5;0;1;3;6;2;25;16;3;4;1;13;13;4;1;5;2;7;6.315454661611891;21;0.0020990115267220943;2;6;10;1;15;21;-3.396727790283787;2;1;6;1;5;6;14;2;3;10;6;24;4;3;0;1;22;0.02873875468655207;15;0;14;17;1;1;3;4;2;24;7;-0.9103980169869779;4;5;5;22;2.147160768064797;1;5;5;5;16;4;6;1;20;-9.687446714045368;16;0;0;0;5;5;4;6;12;2;6;2;4;13;5;10;4;5;6;24;5;0;1;5;2;9;13;5;4;22;-7.529488634423494;1;2;4;24;1;12;14;4;4;12;5;2;0;2;4;1;17;23;-4.206051741293473;1;1;13;14;6;16;3;6;0;9;21;9.321993186572499;0;4;5;6;19;3;2;3;22;9.283806713555926;1;19;9;3;2;5;4;1;2;5;4;22;-7.800754036472092;2;3;18;6;21;-4.120026250168354;3;5;2;15;20;6.936544827334295;2;3;1;4;4;4;19;1;1;1;14;7;2.506418588475869;1;15;20;2.370884575997369;6;6;25;1;5;6;6;3;19;6;2;4;0;21;-9.522203833226273;7;-6.774785840005155;3;0;10;22;3.1807941510229636
TRACK:277;1;4;5;0;0;5;4;3;3;2;3;0;12;18;6;0;9;18;1;1;1;5;2;0;1;15;23;-1.010087854693431;3;8;2;6;25;6;8;0;2;1;6;12;0;8;18;0;5;14;3;9;5;4;3;9;5;6;2;0;0;14;13;2;7;-6.774785840005155;21;4.604463658344235;3;2;10;11;2;5;2;5;2;5;20;8.361287361696558;4;20;8.171550456075863;4;5;6;11;5;4;5;3;0;10;17;6;3;6;6;3;5;2;4;25;3;8
TRACK:278;9;0;1;0;2;1;2;5;6;0;0;4;9;2;24;8;1;2;10;10;6;25;5;2;2;6;5;20;-9.499224034153562;5;5;7;-5.344464982458563;2;2;5;23;2.8045361730800913;3;25;4;3;21;-8.093094851841716;1;3;1;2;4;5;22;-0.13101798697684686;4;0;21;-7.794864910264918;25;3;6;4;23;4.13435960215369;6;2;0;4;1;22;3.2608670220304425;21;1.4832621353424393;4;2;9;17;2;1;1;9;22;1.7463805688068295;4;18;5;0;16;16;2;6;4;3;1;1;2;13;17;2;10;22;1.1209893068662797;3;5;9;0;1;0;2;6;1;25;7;-6.122925515450046;6;6;19;1;4;1;16;13;0;3;9;5;12;3;5;0;2;9;9;5;18;5;5;1;3;5;8;3;5;23;3.311360281167646;1;3;3;6;1;1;1;3;25;3;16;3;3;25;0;3;0;12;25;0;5;9;5;25;2;6;6;0;4;1;0;11;13;3;23;5.412758232368587;3;3;0;13;21;5.210843852977284;2;6;0;0;0;1;12;9;2;16;14;0;1;17;13;1;22;6.368859763598053;11;1;6;3;25;1;3;9;4;17;0;1;1;2;6;7;7.898284256520544;5;14;2;0;17;22;-7.374252878043322;5;17;6;0;1;9;7;-4.230060104678528;3;14;4;4;18;0;6;3;1;0;5;0;1;1;14;8;3;24;2;2;23;-4.310890728162164;18;0;13;8;0;1;0;0;21;-9.757888362178694;12;3;23;8.461671642964788;6;4;22;1.0923528842315129;2;5;1;7;8.894590010707233;16;2;4;10;1;18;14;4;0;4;4;3;18;5;6;3;11;4;5;3;2;1;1;5;4;16;0;0;25;15;1;9;24;6;1;5;15;1;11;19;0;4;0;5;7;-6.354039736752661;1;10;12;5;1;2;24;21;-9.839908248552288;5;24
TRACK:279;9;0;2;3;5;3;5;1;1;2;1;3;18;6;10;0;2;8;22;6.166854420213021;0;22;0.1857745325288498;19;6;2;3;16;25;0;6;0;2;16;11;5;13;2;3;2;12;22;-7.736175126214531;0;6;17;5;24;3;3;5;0;5;4;4;3;5;17;0;0;3;1;4;9;1;24;13;4;0;3;13;4;18;6;0;1;3;22;-1.76040891228757;6;10;5;0;10;10
TRACK:280;270;-1;6;1;6;6;3;4;1;2;3;5;18;5;6;25;2;1;3;20;-4.031607166222729;1;18;24;5;9;4;5;6;0;5;0;6;0;21;-8.567547601444037;19;6;4;12;2;6;3;4;17;3;16
TRACK:281;272;-1;1;5;1;6;3;4;1;5;0;0;14;22;5.0075603043991315;5;11;5;5;6;15;4;1;3;0;4;6;6;9;3;1;6;15;2;12;12;6;4;5;1;1;22;4.247476456040414;12;5;14;3;3;1;0;1;5;6;1;5;20;3.903565502548718;6;14;5;6;0;2;15;22;6.36086015361967;0;22;0.28265617552258054;19;1;0;1;2;0;12;16;2;24;12;4;0;13;20;-4.367212976797444;5;6;0;17;8;2;6;3;4;17;6;1;5;18;4;18;2;5;1;1;0;0;8;11;2;17;18;6;0;15;25;2;5;5;14;2;6;18;1;23;-4.578299688037896;8;1;0;6;4;0;25;21;-4.293398474818337;3;6;4;13;2;4;2;1;25;19;1;7;-9.598839465818571;15;4;5;0;21;-3.8411914768191355;7;8.391068415368453
TRACK:282;8;-1;5;4;2;2;3;2;4;6;6;5;23;4.745205745505023;0;2;4;1;14;16;5;12;1;4;1;15;10;6;5;24;5;0;0;5;2;1;22;2.3269523173718025;8;5;20;4.2362097810146295;6;4;3;16;3;1;3;4;14;2;1;8;16;2;14;16;0;5;5;1;3;0;5;10;2;18;24;1;5;6;22;-0.7974180335484127;1;2;12;15;0;8;20;-1.1844967119601382;5;3;0;2;2;0;16;14;2;24;16;1;0;25;23;4.185407971773366;0;15;25;2;1;0;10;20;-8.507645252412615;5;17;0;5;12;4;23;3.8459201353853913
TRACK:283;276;-1;6;2;0;1;5;0;1;3;6;2;25;16;3;4;1;13;13;4;1;5;2;7;6.3716290956720245;21;-0.06323578148712325;2;6;10;1;15;21;-3.646275855095035;2;1;6;1;5;6;14;2;3;10;6;24;4;3;0;1;22;0.08435336020005046;15;0;14;17;1;1;3;4;4;10;4;5;5;22;2.2806165536731178;1;5;5;5;16;4;6;1;20;-9.736448861278939;16;0;0;0;5;5;4;6;12;2;6;2;4;13;5;10;4;5;6;24;5;0;1;5;2;9;13;5;4;22;-7.530997631037069;1;2;4;24;1;12;14;4;4;12;5;2;0;2;4;1;17;23;-4.203964222913289;1;1;13;14;6;16;3;6;0;9;21;9.37971540748802;0;4;5;6;19;3;2;3;22;9.336786180933174;1;19;9;3;2;5;4;1;2;5;4;22;-7.874729971818772;2;3;18;6;21;-4.018449076522382;3;5;2;15;20;6.931685611480033;2;3;1;4;4;4;19;1;1;1;14;7;2.5924711408632395;1;15;20;2.515452893891235;6;6;25;1;5;6;6;3;19;6;2;4;0;21;-9.484260960478036;7;-6.896555959935331;3;0;10;22;3.1723114256885245
TRACK:284;278;-1;1;0;2;1;2;5;6;0;0;4;9;2;24;8;1;2;10;10;6;25;5;2;2;6;5;20;-9.451308100122082;5;5;7;-5.284514355091144;2;2;5;23;2.768009156607198;3;25;4;3;21;-8.163613230037797;1;3;1;2;4;5;22;-0.18609766445508918;4;0;21;-7.861393657007416;25;3;6;4;23;4.168261801740519;6;2;0;4;1;22;3.3662070378642652;21;1.5773843701545236;4;2;9;17;2;1;1;9;22;1.7094195056306378;4;18;5;0;16;16;2;6;4;3;1;1;2;13;17;2;10;22;1.1918411986379915;3;5;9;0;1;0;2;6;1;25;7;-6.120793467960376;6;6;19;1;4;1;16;13;0;3;9;5;12;3;5;0;2;9;9;5;18;5;5;1;3;5;8;3;5;23;3.1886822461868847;1;3;3;6;1;1;1;3;25;3;16;3;3;25;0;3;0;12;25;0;5;9;5;25;2;6;6;0;4;1;0;11;13;3;23;5.392633483234825;3;3;0;13;21;5.26923958161038;2;6;0;0;0;1;12;9;2;16;14;0;1;17;13;1;22;6.374258856001316;11;1;6;3;25;1;3;9;4;17;0;1;1;2;6;7;7.870303486494495;5;14;2;0;17;22;-7.330258615698124;5;17;6;0;1;9;7;-4.417114766618341;3;14;4;4;18;0;6;3;1;0;5;0;1;1;14;8;3;24;2;2;23;-4.34940344827214;18;0;13;8;0;1;0;0;21;-9.73923073142742;12;3;23;8.459818437076137;6;4;22;1.1876915733977953;2;5;1;7;8.956750267299912;16;2;4;10;1;18;14;4;0;4;4;3;18;5;6;3;11;1;1;0;6;5;2;16;10;1;0;0;12;8;6;8;0;1;13;9;6;10;5;3;4;0;23;5.810661899934786;15;6;1;2;4;1;15;21;8.224806814788092;0;6;21;-2.2948874311423184;0;8;21;-5.940876475360164;6;0;5;19;3;7;5.981964055724889
TRACK:285;271;-1;2;1;1;5;2;0;3;6;1;3;16;1;14;17;0;4;6;2;15;12;2;5;6;13;3;1;20;-0.44610207350862485;25;0;3;5;1;1;22;-6.451363927136638;21;-4.012303484477125;3;9;4;2;5;5;23;5.810249450319315;3;0;20;1.8838176787471914;15;5;4;0;1;3;2;2;23;2.348367187789093;8;4;20;-4.132935813510158;4;1;2;7;-0.5164251654380554;15;4;14;2;5;5;0;8;16;1;0;6;19;5;18;1;2;25;19;5;13;6;6;3;3;2;0;1;2;16;24;0;22;-5.880313512109874;15;4;3;23;-4.174682221911349;1;1;5;18;1;21;-6.719754840057098;9;4;0;19;19;1;3;6;5;5;0;5;4;3;12;3;0;2;14;14;1;19;16;5;2;3;5;18;5;6;25
TRACK:286;273;-1;2;3;5;3;5;1;1;2;1;3;18;6;10;9;6;4;17;0;6;0;2;16;11;5;13;2;3;2;12;22;-8.002563282469678;0;6;17;5;24;3;3;5;0;5;4;4;3;5;17;0;0;3;1;4;9;1;24;13;4;0;3;13;4;18;6;0;1;3;22;-1.6650134927598215;6;10;5;0;10;10
TRACK:287;5;-1;6;1;6;6;3;4;1;2;3;5;18;5;6;25;2;1;3;20;-4.060420659675988;1;18;24;0;5;18;3;25;4;5;5;1;5;6;0;5;21;-5.579300142347137;6;13;0;1;2;4;21;0.5145326456544623;4;25;1;6;19;0;8;16;3;5;3;25
TRACK:288;277;-1;5;0;0;5;4;3;3;2;3;0;12;18;6;0;9;18;1;1;1;5;2;0;1;15;23;-1.0760119673921307;3;8;2;6;25;6;8;0;2;1;6;12;0;8;18;0;5;14;3;9;5;4;3;9;5;6;2;0;0;14;25;2;7;-6.748114079659749;21;4.707133297582491;3;2;10;11;2;5;2;5;2;5;20;8.28923066549935;4;20;8.137461701111308;4;5;6;11;5;4;5;3;0;10;17;6;3;6;6;3;5;2;4;25;3;8
TRACK:289;279;-1;2;3;5;3;5;1;1;2;1;3;18;6;10;0;2;8;22;6.246943916198321;0;22;0.07828064884261274;19;6;2;3;16;25;0;6;0;2;24;11;5;13;2;3;2;12;22;-7.545301367551016;0;6;17;5;24;3;3;5;0;5;4;4;3;5;17;0;0;3;1;4;9;1;24;13;4;0;3;13;4;18;6;0;1;3;22;-1.7328717540126335;6;10;5;0;10;10
EVAL_INSTANCE:14:0:280
EVAL_INSTANCE:14:1:281
EVAL_INSTANCE:14:2:282
EVAL_INSTANCE:14:3:283
EVAL_INSTANCE:14:4:284
EVAL_INSTANCE:14:5:285
EVAL_INSTANCE:14:6:286
EVAL_INSTANCE:14:7:287
EVAL_INSTANCE:14:8:288
EVAL_INSTANCE:14:9:289
RUN_RESULT:14:0:0:2000:----
RUN_RESULT:14:1:0:2000:----
RUN_RESULT:14:2:0:2000:----
RUN_RESULT:14:3:0:2000:----
RUN_RESULT:14:4:0:2000:----
RUN_RESULT:14:5:0:2000:----
RUN_RESULT:14:6:0:2000:----
RUN_RESULT:14:7:0:2000:----
RUN_RESULT:14:8:0:2000:----
RUN_RESULT:14:9:0:2000:----
    15 |      150 |  0.000000E+00 | -0.000000E+00
TRACK:290;5;9;6;1;6;6;3;4;1;2;3;5;18;5;6;25;2;1;3;20;-4.001857885220705;1;18;24;0;5;18;3;25;4;5;6;0;5;0;6;0;21;-8.668730307761392;19;6;4;12;2;6;3;4;17;3;3;13
TRACK:291;5;9;1;0;2;1;2;5;6;0;0;4;9;2;24;8;1;2;10;10;6;25;5;2;2;6;5;20;-9.499224034153562;5;5;7;-5.344464982458563;2;2;5;23;2.8045361730800913;3;25;4;3;21;-8.093094851841716;1;3;1;2;4;5;22;-0.13101798697684686;4;0;21;-7.794864910264918;25;3;6;4;23;4.13435960215369;6;2;0;4;1;22;3.2608670220304425;21;1.4832621353424393;4;2;9;17;2;1;1;9;22;1.7463805688068295;4;18;5;0;16;16;2;6;4;3;1;1;2;13;17;2;10;22;1.1209893068662797;3;5;9;0;1;0;2;6;24;6;6;19;1;4;1;16;13;0;3;9;5;12;3;5;0;2;9;9;5;18;5;5;1;3;5;8;3;5;23;3.311360281167646;1;3;3;6;1;1;1;3;25;3;16;3;3;25;0;3;0;12;25;0;5;9;5;25;2;6;6;0;4;1;0;11;13;3;23;5.412758232368587;3;3;0;13;21;5.210843852977284;2;6;0;0;0;1;12;9;2;16;14;0;1;17;13;1;22;6.368859763598053;11;1;6;3;25;1;3;9;4;17;0;1;1;2;6;7;7.898284256520544;5;14;2;0;17;22;-7.374252878043322;5;17;6;0;1;9;7;-4.230060104678528;3;14;4;0;6;5;25;5;4;19;0;6;3;1;0;5;0;1;1;14;8;3;24;2;2;23;-4.310890728162164;18;0;13;8;0;1;0;0;21;-9.757888362178694;12;3;23;8.461671642964788;6;4;22;1.0923528842315129;2;5;1;7;8.894590010707233;16;2;4;10;1;18;14;4;0;4;4;3;18;5;6;3;11;4;5;3;2;1;1;5;4;16;0;0;25;15;1;9;24;6;1;5;15;1;11;19;0;4;0;5;7;-6.354039736752661;1;10;12;5;1;2;24;21;-9.839908248552288;5;24
TRACK:292;3;0;1;5;1;6;3;4;1;5;0;0;14;22;4.991784948319722;5;11;5;5;6;15;4;1;3;0;4;6;6;9;3;1;6;15;2;12;12;6;4;5;1;1;22;4.11235992743476;12;5;14;3;3;1;0;1;5;6;1;5;20;3.940093784039769;6;14;5;6;6;4;17;1;0;1;2;0;12;16;2;24;12;4;0;13;20;-4.5371671661691115;5;6;0;17;8;2;6;3;4;17;6;1;5;18;4;18;2;18;1;0;6;4;0;25;21;-4.273100267085299;3;6;4;13;2;4;2;1;25;19;1;7;-9.625467296479883;15;4;5;0;21;-3.7364764609539254;7;8.229177339132015
TRACK:293;3;0;2;3;5;3;5;1;1;2;1;3;15;6;10;0;2;8;22;6.166854420213021;0;22;0.1857745325288498;19;6;2;3;16;4;13;0;6;0;2;16;11;5;13;2;3;2;12;22;-7.736175126214531;0;6;17;5;24;3;3;5;0;5;4;4;3;5;17;0;0;3;1;4;9;1;24;13;4;0;3;13;4;18;6;0;1;3;22;-1.76040891228757;6;10;5;0;10;10
TRACK:294;8;2;5;4;2;2;3;2;4;6;6;5;23;4.635730651306398;0;2;4;1;14;16;3;0;10;22;-8.014155309267682;1;4;1;15;10;6;5;24;5;0;0;5;2;1;22;2.3973296736713916;8;5;20;4.124065254900435;6;4;3;16;3;1;3;4;14;2;1;8;16;2;14;16;0;0;14;23;-0.41950358716877467;5;3;0;2;2;0;16;14;2;24;16;1;0;25;23;4.159837156617169;0;15;25;2;1;0;10;20;-8.608927168926252;5;17;0;5;12;4;23;3.967574850125235
TRACK:295;8;2;4;2;4;6;1;6;0;5;6;1;23;-5.30978755979069;18;6;6;4;9;5;5;1;2;3;21;-5.161934821656516;6;20;-5.700985251063289;4;6;13;3;2;0;3;5;2;2;5;11;1;14;8;5;4;12;0;5;2;0;1;14;21;7.873851360550713;2;22;8.419442386046821;14;0;4;19;6;12;5;3;3;0;22;-5.218509690933848;18;5;6;0;5;0;1;19;8;0;14;23;3.967574850125235;6;0;4;19;0;25;16
TRACK:296;4;9;5;0;0;5;4;3;3;2;3;0;12;18;6;0;9;18;1;1;1;5;2;0;1;15;23;-1.010087854693431;3;8;2;6;25;6;8;0;2;1;6;12;0;8;18;0;5;14;3;9;5;4;3;9;5;6;2;0;0;14;13;2;20;-6.302180647503475;21;4.604463658344235;3;2;10;11;2;5;2;5;7;-5.344464982458563;4;5;6;11;5;4;5;3;0;10;17;6;3;6;6;3;5;2;4;25;3;8
TRACK:297;4;9;1;0;2;1;2;5;6;0;0;4;9;2;24;8;1;2;10;10;6;25;5;2;2;6;5;20;-9.499224034153562;5;5;7;-5.344464982458563;2;2;5;23;2.8045361730800913;3;25;4;3;21;-8.093094851841716;1;3;1;2;4;5;22;-0.13101798697684686;4;0;21;-7.794864910264918;25;3;6;4;23;4.13435960215369;6;2;0;4;1;22;3.2608670220304425;21;1.4832621353424393;4;2;9;17;2;1;1;9;22;1.7463805688068295;4;18;5;0;16;16;2;6;4;3;1;1;2;13;17;2;10;22;1.1209893068662797;3;5;9;0;1;0;2;6;1;25;7;-6.122925515450046;6;6;19;1;4;2;10;11;0;3;9;5;12;3;5;0;2;9;9;5;18;5;5;1;3;5;8;3;5;23;3.311360281167646;1;3;3;6;1;1;1;3;25;3;16;3;3;25;0;3;0;12;25;0;5;9;5;25;2;6;6;0;4;1;0;11;13;3;23;5.412758232368587;3;3;0;13;21;5.210843852977284;2;6;0;0;0;1;12;9;2;16;14;0;1;17;13;1;22;6.368859763598053;11;1;6;3;25;1;3;9;4;17;0;1;1;2;6;7;7.898284256520544;5;14;2;0;17;22;-7.374252878043322;5;17;6;0;1;9;7;-4.230060104678528;3;14;4;0;6;5;25;5;4;19;0;6;3;1;0;5;0;1;1;14;8;3;24;2;2;23;-4.310890728162164;18;0;13;8;0;1;0;0;21;-9.757888362178694;12;3;23;8.461671642964788;6;4;22;1.0923528842315129;2;5;1;7;8.894590010707233;16;2;4;10;1;18;14;4;0;4;4;3;18;5;6;3;11;4;5;3;2;1;1;5;4;16;0;0;25;15;1;9;24;6;1;5;15;1;11;19;0;4;0;5;7;-6.354039736752661;1;10;12;5;1;2;24;21;-9.839908248552288;5;24
TRACK:298;1;6;6;2;0;1;5;0;1;3;6;2;25;16;3;9;4;1;5;2;7;6.315454661611891;21;0.0020990115267220943;2;6;10;1;15;21;-3.396727790283787;2;1;6;1;5;6;14;2;3;10;6;24;4;3;0;1;22;0.02873875468655207;15;0;14;17;1;1;3;4;2;24;7;-0.9103980169869779;4;5;5;22;2.147160768064797;1;5;5;5;16;4;6;1;20;-9.687446714045368;16;0;0;0;5;5;4;4;14;2;6;2;4;13;5;10;4;5;6;24;5;0;1;5;2;9;13;5;4;22;-7.529488634423494;1;2;4;24;1;12;14;4;4;12;5;2;0;2;4;1;17;23;-4.206051741293473;1;1;13;14;6;16;3;6;0;9;21;9.321993186572499;0;4;5;6;19;3;2;3;22;9.283806713555926;1;19;9;3;2;5;4;1;2;5;4;22;-7.800754036472092;2;3;18;6;21;-4.120026250168354;3;5;2;15;20;6.936544827334295;2;3;1;4;4;4;19;1;1;1;14;7;2.506418588475869;1;15;20;2.370884575997369;6;6;25;1;5;6;6;3;19;6;2;4;0;21;-9.522203833226273;7;-6.774785840005155;3;0;10;22;3.1807941510229636
TRACK:299;1;6;3;2;1;4;5;6;5;4;2;2;25;22;-3.6074654029094555;6;25;4;1;1;5;3;2;1;13;14;3;7;4.618529150991009;4;4;6;1;16;25;4;6;1;3;13;6;1;19;9;3;5;6;4;0;1;6;4;23;0.12070545473202543;3;5;23;-2.2035569565090984;0;2;1;18;9;1;22;-1.8808895698675254;10;6;2;18;17
TRACK:300;290;-1;4;6;6;0;4;5;2;1;0;17;21;2.6994300264233324;6;25;4;3;25;5;0;5;1;6;15;3;13;6;0;6;7;2.877460847043359;2;18;24
TRACK:301;292;-1;1;5;1;6;3;4;1;5;0;0;14;22;4.846353615279698;5;11;5;5;6;15;4;1;3;0;4;6;6;9;3;1;6;15;2;12;12;6;4;5;1;1;22;4.038330990371191;12;5;14;3;3;1;0;1;5;6;1;5;20;3.8066592155027306;6;14;5;4;19;1;0;1;2;0;12;16;2;24;12;4;0;13;20;-4.701938390857365;5;6;0;17;8;2;6;3;4;17;6;1;5;18;4;18;2;18;1;0;6;4;0;25;21;-4.254279949795801;3;6;4;13;2;4;2;1;25;19;1;7;-9.559894675329211;15;4;5;0;21;-3.811017035897078;7;8.255536638534851
TRACK:302;294;-1;5;4;2;2;3;2;4;6;6;5;23;4.7369533192082205;0;2;4;1;14;16;3;0;10;22;-7.928522253094019;1;4;1;15;10;6;5;24;5;0;0;5;2;1;22;2.477171921595965;8;5;20;3.9769690825401085;6;4;3;16;3;1;3;4;14;2;1;8;16;2;14;16;0;0;14;23;-0.575962411300864;0;0;0;4;0;4;9;2;12;11;6;3;3;20;-9.025199815037915;3;3;4;4;9;1;3;1;4;6;9;0;4;20;-3.7941878968671965;2;14;12;5;2;3;6;23;-0.7623034043418642;2;1;11;16;4;17
TRACK:303;296;-1;5;0;0;5;4;3;3;2;3;0;12;18;6;0;9;18;1;1;1;5;2;0;1;15;23;-0.999556250132193;3;8;2;6;25;6;8;0;2;1;6;12;0;8;18;0;5;14;3;9;5;4;3;9;5;6;2;0;0;14;13;6;24;3;2;10;11;2;5;2;5;7;-5.468819801145543;4;5;6;11;5;4;5;3;0;10;17;6;3;6;6;3;5;2;4;25;3;8
TRACK:304;298;-1;6;2;0;1;5;0;1;3;6;2;25;16;3;9;4;1;5;2;7;6.30884439520031;21;-0.05580053839753904;2;6;10;1;15;21;-3.3971085951554225;2;1;6;1;5;6;14;2;3;10;6;24;4;3;0;1;22;0.12151937980248473;15;0;14;17;1;1;3;4;2;24;7;-0.8541967608923408;4;5;5;22;2.1117149539759485;1;5;5;5;16;4;6;1;20;-9.556683824864235;16;0;0;0;5;5;4;4;14;2;6;2;4;13;5;10;4;5;6;24;5;0;1;5;2;9;13;5;4;22;-7.6681360484651755;1;2;4;24;1;12;14;4;4;12;5;2;0;2;4;1;17;23;-4.245455413850078;1;1;13;14;1;18;7;7.037054289426685;3;6;0;9;21;9.219457847721953;0;4;5;6;19;3;2;3;22;9.32449573833263;1;19;9;3;2;5;4;1;2;5;4;22;-7.769188324694843;2;3;18;6;21;-4.093088408312904;3;5;2;15;20;6.855098467417758;2;3;1;4;4;4;19;1;1;1;14;7;2.5710640237545723;1;15;20;2.3387788721397467;6;6;25;1;5;6;6;3;19;6;2;4;0;21;-9.33372573691047;7;-6.832174768065196;3;0;10;22;3.3117842717449735
TRACK:305;291;-1;1;0;2;1;2;5;6;0;0;4;9;2;24;8;1;2;10;10;6;25;5;2;2;6;5;20;-9.587851589518754;5;5;7;-5.2463762525840645;2;2;5;23;2.8447208472348517;3;25;4;3;21;-8.023959085140673;1;3;1;2;4;5;22;-0.14535338698435174;4;0;21;-7.662591616247211;25;3;6;4;23;4.082471554291034;6;2;0;4;1;22;3.34031623570155;21;1.367375587557555;4;2;9;17;2;1;1;9;22;1.8970948642443564;4;18;5;0;16;16;2;6;4;3;1;1;2;13;17;2;10;22;1.2538843784554852;3;5;9;0;1;0;2;6;24;6;6;19;1;4;1;16;13;0;3;9;5;12;3;5;0;2;9;9;5;18;5;5;1;3;5;8;3;5;23;3.3679967619932496;1;3;3;6;1;1;1;3;25;3;16;3;3;25;0;3;0;12;25;0;5;9;5;25;2;6;6;0;4;1;0;11;13;3;23;5.2754448016695115;3;3;0;13;21;5.275036926527711;2;6;0;0;0;1;12;9;2;16;14;0;1;17;13;1;22;6.305381997077771;11;1;6;3;25;1;3;9;4;17;0;1;1;2;6;7;7.798505611222764;5;14;2;0;17;22;-7.45713319946645;5;17;6;0;1;9;7;-4.2759349203427615;3;14;4;0;6;5;25;5;4;19;0;6;3;1;0;5;0;1;1;14;8;3;24;2;2;23;-4.255690825053589;18;0;13;8;0;1;0;0;21;-9.797177987245593;12;3;23;8.341485946847268;6;4;22;1.00470813616409;2;5;1;7;8.883562088649471;16;2;1;13;19;1;18;14;4;0;4;4;3;18;5;6;3;11;4;5;3;2;1;1;5;4;16;0;0;25;15;1;9;24;6;1;5;15;1;11;19;0;4;0;5;7;-6.443485936199158;1;10;12;5;1;2;24;21;-9.607444391241655;5;24
TRACK:306;293;-1;2;3;5;3;5;1;1;2;1;3;15;6;10;0;2;8;22;6.082208955926681;0;22;0.31060122953737385;19;6;2;3;16;4;13;0;6;0;2;16;11;5;13;2;3;2;12;22;-7.547781836027604;0;6;17;5;24;3;3;5;0;5;4;4;3;5;17;0;0;3;1;4;9;1;24;13;4;0;3;13;4;18;6;0;0;20;-4.716237194616564;7;-9.370726685122122;5;0;10;10
TRACK:307;295;-1;4;2;4;3;1;21;-9.86749477166503;14;3;2;0;3;5;2;2;5;11;1;14;8;5;4;12;0;5;2;0;1;14;21;8.00369948802721;2;22;8.581605768624721;14;0;4;19;6;12;5;3;3;0;22;-5.347360800914404;18;5;6;0;5;0;1;19;8;0;14;23;4.076907831034866;6;0;4;19;0;25;16
TRACK:308;297;-1;1;0;2;1;2;5;6;0;0;4;9;2;24;8;1;2;10;10;6;25;5;2;2;6;5;20;-9.530063855445073;5;5;7;-5.479850208876719;2;2;5;23;2.8091483807346562;3;25;4;3;21;-8.13520820073445;1;3;1;2;4;5;22;-0.19759369265012455;4;0;21;-7.857655267258171;25;3;6;4;23;4.209571526511141;6;2;0;4;1;22;3.110587670481815;21;1.557227739634128;4;2;9;17;2;1;1;9;22;1.682948266305204;4;18;5;0;16;16;2;6;4;3;1;1;2;13;17;2;10;22;1.0318403768689584;3;5;9;0;1;0;2;6;1;25;7;-6.240810591949883;6;6;19;1;4;2;10;11;5;17;3;5;0;2;9;9;5;18;5;5;1;3;5;8;3;5;23;3.260897124819585;1;3;3;6;1;1;1;3;25;3;16;3;3;25;0;3;0;12;25;0;5;9;5;25;2;6;6;0;4;1;0;11;13;3;23;5.528493779657908;3;3;0;13;21;5.1703636266425965;2;6;0;0;0;1;12;9;2;16;14;0;1;17;13;1;22;6.386930164958042;11;1;6;3;25;1;3;9;4;17;0;1;1;2;6;7;8.044904978100503;5;14;2;0;17;22;-7.409264272192071;5;17;6;0;1;9;7;-4.106324886484508;3;14;4;0;6;5;25;5;4;19;0;6;3;1;0;5;0;1;1;14;8;3;24;2;2;23;-4.414467809506263;18;0;13;8;0;1;0;0;21;-9.7894622766398;12;3;23;8.631175541242579;6;4;22;0.8945355932258902;2;5;1;7;8.758950871904785;16;2;4;10;1;18;14;4;0;4;4;3;18;5;6;3;11;4;5;3;2;1;1;5;4;16;0;0;25;15;1;9;24;6;1;5;15;1;11;19;0;4;0;5;7;-6.107939794006253;1;10;12;5;1;2;24;21;-10.0;5;24
TRACK:309;299;-1;3;2;1;4;1;0;0;3;5;23;-6.7065824219283225;1;3;17;5;7;1.7698839969484155;2;6;6;12;2;5;23;-9.342871907062985;2;8;21;8.836338438470179;3;3;0;4;21;1.3415938775690854;1;17;7;3.916627808076342;4;1;1;5;3;2;1;13;14;3;7;4.411587490972934;4;4;6;1;16;25;4;6;1;3;13;6;1;19;9;3;5;6;4;0;1;6;4;23;0.2117770194591343;3;5;23;-2.092283904255174;0;2;1;18;9;1;22;-1.9041429282688096;10;6;2;18;17
EVAL_INSTANCE:15:0:300
EVAL_INSTANCE:15:1:301
EVAL_INSTANCE:15:2:302
EVAL_INSTANCE:15:3:303
EVAL_INSTANCE:15:4:304
EVAL_INSTANCE:15:5:305
EVAL_INSTANCE:15:6:306
EVAL_INSTANCE:15:7:307
EVAL_INSTANCE:15:8:308
EVAL_INSTANCE:15:9:309
RUN_RESULT:15:0:0:2000:----
RUN_RESULT:15:1:0:2000:----
RUN_RESULT:15:2:0:2000:----
RUN_RESULT:15:3:0:2000:----
RUN_RESULT:15:4:0:2000:----
RUN_RESULT:15:5:0:2000:----
RUN_RESULT:15:6:0:2000:----
RUN_RESULT:15:7:0:2000:----
RUN_RESULT:15:8:0:2000:----
RUN_RESULT:15:9:0:2000:----
    16 |      160 |  0.000000E+00 | -0.000000E+00
TRACK:310;8;3;5;4;2;2;3;2;4;6;6;5;23;4.635730651306398;0;2;4;1;14;16;3;0;10;22;-8.014155309267682;1;4;1;15;10;6;5;24;5;0;0;5;2;1;22;2.3973296736713916;8;5;20;4.124065254900435;6;4;3;16;3;1;3;4;14;2;1;8;16;2;14;16;0;5;5;1;3;0;5;10;2;18;24;1;5;6;22;-0.7707393004792031;1;2;12;15;0;8;20;-1.22928116838189;1;2;0;12;16;2;24;12;4;0;13;20;-4.5371671661691115
TRACK:311;8;3;1;5;1;6;3;4;1;5;0;0;14;22;4.991784948319722;5;11;5;5;6;15;4;1;3;0;4;6;6;9;3;1;6;15;2;12;12;6;4;5;1;1;22;4.11235992743476;12;5;14;3;3;1;0;1;5;6;1;5;20;3.940093784039769;6;14;5;6;6;4;17;1;0;1;2;0;12;16;2;24;12;4;0;13;20;-4.5371671661691115;5;6;0;17;8;2;6;3;4;17;6;1;5;18;4;18;2;3;0;2;2;0;16;14;2;24;16;1;0;25;23;4.159837156617169;0;15;25;2;1;0;10;20;-8.608927168926252;5;17;0;5;12;4;23;3.967574850125235;1;0;6;4;0;25;21;-4.273100267085299;3;6;4;13;2;4;2;1;25;19;1;7;-9.625467296479883;15;4;5;0;21;-3.7364764609539254;7;8.229177339132015
TRACK:312;5;0;6;1;6;6;3;4;1;2;3;5;18;5;6;25;2;1;3;20;-4.001857885220705;1;18;24;0;5;18;3;25;4;5;6;1;2;1;3;18;6;10;0;2;8;22;6.166854420213021;0;22;0.1857745325288498;19;6;2;3;16;4;13
TRACK:313;5;0;2;3;5;3;5;1;1;2;1;3;18;6;10;0;2;8;22;6.166854420213021;0;22;0.1857745325288498;19;6;2;3;16;4;13;0;6;0;2;16;11;5;13;2;3;2;12;22;-7.736175126214531;0;6;17;5;24;3;3;5;0;5;4;4;3;5;17;0;0;3;1;4;9;1;24;13;4;0;3;13;4;18;6;0;1;3;22;-1.76040891228757;6;25;5;0;10;10
TRACK:314;6;4;3;2;1;4;5;6;5;4;2;2;25;22;-3.6074654029094555;6;25;4;1;1;5;3;2;1;13;14;3;7;4.618529150991009;4;4;6;1;16;25;4;6;1;3;3;17;6;0;12;18;3;5;6;4;0;1;6;4;23;0.12070545473202543;3;5;23;-2.2035569565090984;0;2;1;18;9;1;22;-1.8808895698675254;10;6;2;18;17
TRACK:315;6;4;5;0;0;5;4;3;3;2;3;0;12;18;6;0;9;18;1;1;1;5;2;0;1;16;23;-1.010087854693431;3;8;2;6;25;6;8;0;2;1;6;12;0;8;18;0;5;14;3;9;5;4;3;9;5;6;2;0;0;14;13;2;20;-6.302180647503475;21;4.604463658344235;3;2;10;11;2;5;2;5;2;5;20;8.361287361696558;4;20;8.171550456075863;4;5;6;11;5;4;5;3;0;10;17;6;3;6;6;3;5;2;4;25;3;8
TRACK:316;5;0;6;1;6;6;3;4;1;2;3;5;18;5;6;25;2;1;3;20;-4.001857885220705;1;18;24;0;5;18;6;17;4;5;6;0;5;0;6;0;21;-8.668730307761392;19;6;4;12;2;6;3;4;17;3;3;6;12
TRACK:317;5;0;2;3;5;3;5;1;1;2;1;3;18;6;10;0;2;8;22;6.166854420213021;0;22;0.1857745325288498;19;6;2;3;16;4;17;0;6;0;2;16;11;5;13;2;3;2;12;22;-7.736175126214531;0;6;17;5;24;3;3;5;0;5;4;4;3;5;17;0;0;3;1;4;9;1;24;13;4;0;3;13;4;18;6;0;1;3;22;-1.76040891228757;6;10;5;0;10;10
TRACK:318;7;1;2;1;1;5;2;0;3;6;1;3;16;1;12;17;0;4;6;2;15;12;2;5;6;13;3;1;20;-0.24698390480495824;25;0;3;5;1;1;22;-6.5174545344852515;21;-3.918530838179814;3;9;4;2;5;5;23;5.93470900679938;3;0;20;2.0201316169353216;15;5;4;0;1;3;2;2;23;2.3482003395312763;8;4;20;-4.091437552342143;4;1;2;7;-0.5882727476582517;15;4;14;2;5;5;0;8;16;1;0;6;19;5;18;1;2;25;19;5;13;6;6;3;3;2;0;1;2;16;24;0;22;-6.040627089605888;15;4;3;23;-4.202540099888889;1;1;5;18;1;21;-6.716758365729132;9;4;0;19;19;1;3;6;5;5;0;5;4;3;12;3;0;2;14;14;1;19;16;5;6;1;14;6;1;5;0;3;21;-8.404935025272703;0;15;9;1;1;4;20;7.665704473583883;4;19;1;3;7;5.138355166497966;3;16
TRACK:319;7;1;6;2;0;1;5;0;1;3;6;2;25;16;3;4;1;13;13;4;1;5;2;7;6.315454661611891;21;0.0020990115267220943;2;6;10;1;15;21;-3.396727790283787;2;1;6;1;5;6;14;2;3;10;6;24;4;3;0;1;22;0.02873875468655207;15;0;14;17;1;1;3;4;2;24;7;-0.9103980169869779;4;5;5;22;2.147160768064797;1;5;5;5;16;4;6;1;20;-9.687446714045368;16;0;0;0;5;5;4;4;14;2;6;2;4;13;5;10;4;5;6;24;5;0;1;5;2;9;13;5;4;22;-7.529488634423494;1;2;4;24;1;12;14;4;4;12;5;2;0;2;4;1;17;23;-4.206051741293473;1;1;13;14;6;16;3;6;0;9;21;9.321993186572499;0;4;5;6;19;19;3;2;5;4;1;2;5;4;22;-7.800754036472092;2;3;18;6;21;-4.120026250168354;3;5;2;15;20;6.936544827334295;2;3;1;4;4;4;19;1;1;1;14;7;2.506418588475869;1;15;20;2.370884575997369;6;6;25;1;5;6;6;3;19;6;2;4;0;21;-9.522203833226273;7;-6.774785840005155;3;0;10;22;3.1807941510229636
TRACK:320;310;-1;5;4;2;2;3;2;4;6;6;5;23;4.532504112012473;0;2;4;1;14;16;3;0;10;22;-8.152465019814269;1;4;1;15;10;6;5;11;5;0;0;5;2;1;22;2.4018026687206167;8;5;20;4.204777577536645;6;4;3;16;3;1;3;4;14;2;1;8;16;2;14;16;0;5;5;1;3;0;5;10;2;18;24;1;5;6;22;-0.7986390860666882;1;2;12;15;0;8;20;-1.1560966750642072;1;2;0;12;16;2;24;12;4;0;13;20;-4.644202715655175
TRACK:321;312;-1;6;1;6;6;3;4;1;2;3;5;18;5;6;25;2;1;3;20;-4.077619181103937;1;18;15;0;5;18;3;25;4;5;6;1;2;1;3;18;6;10;0;2;8;22;6.168394450256796;0;22;0.05409167300624382;19;6;2;3;16;4;13
TRACK:322;314;-1;3;2;1;4;5;6;5;4;2;2;25;22;-3.5154460852727367;6;25;4;1;1;5;3;2;1;13;14;3;7;4.653944113049484;4;4;6;1;16;25;4;6;1;3;3;17;6;0;12;18;3;5;6;4;0;4;5;0;12;11;3;2;4;23;5.6570079264379345;4;21;4.662772879201317
TRACK:323;316;-1;6;1;6;6;3;4;1;2;3;5;18;5;6;25;2;1;3;20;-4.023123561658401;1;15;24;0;5;18;6;17;4;5;6;0;5;0;6;0;21;-8.603195132407327;19;6;4;12;2;6;3;4;17;3;3;6;12
TRACK:324;318;-1;2;1;1;5;2;0;3;6;1;3;16;1;12;17;0;4;6;2;15;12;2;5;6;13;3;1;20;-0.43504643857761055;25;0;3;5;1;1;22;-6.567963309695579;21;-3.7404636166014114;3;9;4;2;5;5;23;5.823236504600419;3;0;20;1.9090929085582429;15;5;4;0;1;3;2;2;23;2.302924467842998;8;4;20;-4.077106631290026;4;1;2;7;-0.5339743364234633;15;4;14;2;5;5;0;8;16;1;0;6;19;5;18;1;2;25;19;5;13;6;6;3;3;2;0;1;2;16;24;0;22;-6.000998093420805;15;4;3;23;-4.147200462674031;1;1;5;18;1;21;-6.701179340775012;9;4;0;19;19;1;3;6;5;5;0;5;4;3;12;3;0;2;14;14;1;19;16;5;6;1;4;6;6;1;2;22;5.434144114454739;11;6;19;6;1;5;0;3;21;-8.354941959612187;0;15;9;1;1;4;20;7.786623736809018;4;19;1;3;7;5.065657730238197;3;16
TRACK:325;311;-1;1;5;1;6;3;4;1;5;0;0;14;22;4.94930027605857;5;11;5;5;6;15;4;1;3;0;4;6;6;9;3;1;6;15;2;12;12;6;4;5;1;1;22;4.161650432741313;12;5;14;3;3;1;0;1;5;6;1;5;20;3.895441508359378;6;14;5;6;6;4;17;1;0;1;2;0;12;16;2;24;12;4;0;13;20;-4.482023590875324;5;6;0;17;8;2;6;3;4;17;6;1;5;18;4;18;2;3;0;2;2;0;16;14;2;24;16;1;0;25;23;4.139552534559035;0;15;25;2;1;0;10;20;-8.662202906612501;5;17;0;5;25;4;23;4.0205238062166995;1;0;6;4;0;25;21;-4.287915887462839;3;6;4;13;2;4;2;1;25;19;1;7;-9.578421562942538;15;4;5;0;21;-3.8395679127680347;7;8.427496194646096
TRACK:326;313;-1;2;3;5;3;5;1;1;2;1;3;18;6;10;0;2;8;22;6.098740898517729;0;22;0.17485532447048102;19;6;2;3;16;4;13;0;6;0;2;12;11;5;13;2;3;2;12;22;-7.772339512089556;0;6;17;5;24;3;3;5;0;5;4;4;3;5;17;0;0;3;1;4;9;1;24;13;4;0;3;13;4;18;6;0;1;3;22;-1.7400413711335971;6;25;5;0;10;10
TRACK:327;315;-1;5;0;0;2;2;1;5;14;1;12;24;3;1;19;24;3;4;0;19;15;1;1;1;5;2;0;1;16;23;-0.7945449282486894;3;8;2;6;25;6;8;0;2;1;6;12;0;8;18;0;5;14;3;9;5;4;3;9;5;6;2;0;0;14;13;2;20;-6.389878261814437;21;4.5674751199207355;3;2;10;11;2;5;2;5;2;5;20;8.350439417131403;4;20;8.11480976379351;4;5;6;11;5;4;5;3;0;10;17;6;3;6;6;3;5;2;4;25;3;8
TRACK:328;317;-1;2;3;5;3;5;1;1;2;1;3;18;6;10;0;2;8;22;6.189639264895297;0;22;0.39427612091016506;19;6;2;3;16;4;17;0;6;0;2;16;11;5;13;2;3;2;12;22;-7.798732602527775;0;6;17;1;19;21;9.492021850471907;3;3;5;0;5;4;4;3;5;17;0;0;3;1;4;9;1;24;13;4;0;3;13;4;18;6;0;1;3;22;-1.7982013467533655;6;10;5;0;10;10
TRACK:329;319;-1;6;2;0;1;5;0;1;3;6;0;24;14;3;4;1;13;13;4;1;5;2;7;6.224805599582364;21;0.001981104320741885;2;6;10;1;15;21;-3.3763473651179785;2;1;6;1;5;6;14;2;3;10;6;24;4;3;0;1;22;0.020982614240543363;15;0;14;17;1;1;3;4;2;24;7;-0.8589047239276828;4;5;5;22;2.1204778357823506;1;5;5;5;16;4;6;1;20;-9.638503923912213;16;0;0;0;5;5;4;4;14;2;6;2;4;13;5;10;4;5;6;24;5;0;1;5;2;9;13;5;4;22;-7.506409374818143;1;2;4;24;1;12;14;4;4;12;5;2;0;2;4;1;17;23;-4.2022553278942425;1;1;13;14;6;16;3;6;0;9;21;9.271384792567343;0;4;5;6;19;19;3;2;5;4;1;2;5;4;22;-7.744384593176411;2;3;18;6;21;-4.012037001326138;3;5;2;15;20;6.902438775462466;2;3;1;4;4;4;19;1;1;1;14;7;2.5106071064270337;1;15;20;2.1585698910875313;6;6;25;1;5;6;6;3;19;6;2;4;0;21;-9.45432280003253;7;-6.63735250826496;3;0;10;22;3.3628423717134317
EVAL_INSTANCE:16:0:320
EVAL_INSTANCE:16:1:321
EVAL_INSTANCE:16:2:322
EVAL_INSTANCE:16:3:323
EVAL_INSTANCE:16:4:324
EVAL_INSTANCE:16:5:325
EVAL_INSTANCE:16:6:326
EVAL_INSTANCE:16:7:327
EVAL_INSTANCE:16:8:328
EVAL_INSTANCE:16:9:329
RUN_RESULT:16:0:0:2000:----
RUN_RESULT:16:1:0:2000:----
RUN_RESULT:16:2:0:2000:----
RUN_RESULT:16:3:0:2000:----
RUN_RESULT:16:4:0:2000:----
RUN_RESULT:16:5:0:2000:----
RUN_RESULT:16:6:0:2000:----
RUN_RESULT:16:7:0:2000:----
RUN_RESULT:16:8:0:2000:----
RUN_RESULT:16:9:0:2000:----
    17 |      170 |  0.000000E+00 | -0.000000E+00
TRACK:330;2;7;4;2;4;6;1;6;0;5;6;1;23;-5.30978755979069;18;6;6;4;9;5;5;1;2;3;21;-5.161934821656516;6;20;-5.700985251063289;4;6;13;3;2;0;3;5;2;2;5;11;1;14;8;5;4;12;0;5;2;0;1;14;21;7.873851360550713;2;22;8.419442386046821;14;0;4;19;6;12;5;3;3;0;22;-5.218509690933848;18;5;6;0;5;0;1;19;8;0;14;22;-6.040627089605888;6;0;4;19;0;25;16
TRACK:331;2;7;2;1;1;5;2;0;3;6;1;3;16;1;12;17;0;4;6;2;15;12;2;5;6;13;3;1;20;-0.24698390480495824;25;0;3;5;1;1;22;-6.5174545344852515;21;-3.918530838179814;3;9;4;2;5;5;23;5.93470900679938;3;0;20;2.0201316169353216;15;5;4;0;1;3;2;2;23;2.3482003395312763;8;4;20;-4.091437552342143;4;1;2;7;-0.5882727476582517;15;4;14;2;5;1;14;8;1;0;6;19;5;18;1;2;25;19;5;13;6;6;3;3;2;0;1;2;16;24;0;22;-6.040627089605888;15;4;3;23;-4.202540099888889;1;1;5;18;1;21;-6.716758365729132;9;4;0;19;19;1;3;6;5;5;0;5;4;3;12;3;0;2;14;14;1;19;16;5;6;1;5;6;2;0;5;25;4;20;-2.9553149788213995;4;0;23;-8.568362190186328;11;6;1;5;0;3;21;-8.404935025272703;0;15;9;1;1;4;20;7.665704473583883;4;19;1;3;7;5.138355166497966;3;16
TRACK:332;5;4;6;1;6;6;3;4;1;2;3;5;18;5;6;25;2;1;6;12;0;8;18;0;5;18;3;25;4;5;6;0;5;0;6;0;21;-8.668730307761392;19;6;4;12;2;6;3;4;17;3;3;6;12
TRACK:333;5;4;5;0;0;5;4;3;3;2;3;0;12;18;6;0;9;18;1;1;1;5;2;0;1;15;23;-1.010087854693431;3;8;2;6;25;6;8;0;2;1;6;12;0;8;18;0;5;14;3;9;5;0;5;18;3;25;5;6;2;0;0;14;13;2;20;-6.302180647503475;21;4.604463658344235;3;2;10;11;2;5;2;5;2;5;20;8.361287361696558;4;20;8.171550456075863;4;5;6;11;5;4;5;3;0;10;17;6;3;6;6;3;5;2;4;25;3;8
TRACK:334;6;3;3;2;1;4;5;6;5;4;2;2;25;22;-3.6074654029094555;6;25;4;1;1;5;3;2;1;13;14;17;4;4;6;1;16;25;4;6;1;3;3;17;6;1;19;9;3;5;6;4;0;1;6;4;23;0.12070545473202543;3;5;23;-2.2035569565090984;0;2;1;18;9;1;22;-1.8808895698675254;10;6;2;18;17
TRACK:335;6;3;1;5;1;1;18;9;4;1;3;0;4;6;6;9;3;1;6;15;2;12;12;6;4;5;1;1;22;4.11235992743476;12;5;14;3;3;1;0;1;5;6;1;5;20;3.940093784039769;6;14;5;6;6;4;17;1;0;1;2;0;12;16;2;24;12;4;0;13;20;-4.5371671661691115;5;6;0;17;8;2;6;3;4;17;6;1;5;18;4;18;2;5;1;1;0;0;8;11;2;17;18;6;0;15;25;2;5;5;14;2;6;18;1;23;-4.618565988378995;8;1;0;6;4;0;25;21;-4.273100267085299;3;6;4;13;2;4;2;1;25;19;1;7;-9.625467296479883;15;4;5;0;21;-3.7364764609539254;7;8.229177339132015
TRACK:336;9;5;1;0;2;1;2;5;6;0;0;4;9;2;24;8;1;2;10;10;6;25;5;2;2;6;5;20;-9.499224034153562;5;5;7;-5.344464982458563;2;2;5;23;2.8045361730800913;3;25;4;3;21;-8.093094851841716;1;3;1;2;4;5;22;-0.13101798697684686;4;0;21;-7.794864910264918;25;3;6;4;23;4.13435960215369;6;2;0;4;1;22;3.2608670220304425;21;1.4832621353424393;4;2;9;17;2;1;1;9;22;1.7463805688068295;4;18;5;0;16;16;2;6;4;3;1;1;2;13;17;3;20;-4.001857885220705;3;5;9;0;1;0;2;6;1;25;7;-6.122925515450046;6;6;19;1;4;1;16;13;0;3;9;5;12;3;5;0;2;9;9;5;18;5;5;1;3;5;8;3;5;23;3.311360281167646;1;3;3;6;1;1;1;3;25;3;16;3;3;25;0;3;0;12;25;0;5;9;5;25;2;6;6;0;4;1;0;11;13;3;23;5.412758232368587;3;3;0;13;21;5.210843852977284;2;6;0;0;0;1;12;9;2;16;14;0;1;17;13;1;22;6.368859763598053;11;1;6;3;25;1;3;9;4;17;0;1;1;2;6;7;7.898284256520544;5;14;2;0;17;22;-7.374252878043322;5;17;6;0;1;9;7;-4.230060104678528;3;14;4;0;6;5;25;5;4;19;0;6;3;1;0;5;0;1;1;14;8;3;24;2;2;23;-4.310890728162164;18;0;13;8;0;1;0;0;21;-9.757888362178694;12;3;23;8.461671642964788;6;4;22;1.0923528842315129;2;5;1;7;8.894590010707233;16;2;4;10;1;18;14;4;0;4;4;3;18;5;6;3;11;4;5;3;2;1;1;5;4;16;0;0;25;15;1;9;24;6;1;5;15;1;11;19;0;4;0;5;7;-6.354039736752661;1;10;12;5;1;2;24;21;-9.839908248552288;5;24
TRACK:337;9;5;6;1;22;3.2608670220304425;4;5;6;0;5;0;6;0;21;-8.668730307761392;19;6;4;12;2;6;3;4;17;3;3;6;12
TRACK:338;1;4;6;2;0;1;5;0;1;3;6;2;25;16;3;4;1;13;13;4;1;5;2;7;6.315454661611891;21;0.0020990115267220943;2;6;10;1;15;21;-3.396727790283787;2;1;6;1;5;6;14;2;3;10;6;24;4;3;0;1;22;0.02873875468655207;15;0;14;17;1;1;3;4;2;24;7;-0.9103980169869779;4;5;5;22;2.147160768064797;1;5;5;5;16;4;6;1;20;-9.687446714045368;16;0;0;0;5;5;4;4;14;2;6;2;4;13;5;14;4;5;6;24;5;0;1;5;2;9;13;5;4;22;-7.529488634423494;1;2;4;24;1;12;14;4;4;12;5;2;0;2;4;1;17;23;-4.206051741293473;1;1;13;14;6;16;3;6;0;9;21;9.321993186572499;0;4;5;6;19;3;2;3;22;9.283806713555926;1;19;9;3;2;5;4;1;2;5;4;22;-7.800754036472092;2;3;18;6;21;-4.120026250168354;3;5;2;15;20;6.936544827334295;2;3;1;4;4;4;19;1;1;1;14;7;2.506418588475869;1;15;20;2.370884575997369;6;6;25;1;5;6;6;3;19;6;2;4;0;21;-9.522203833226273;7;-6.774785840005155;3;0;10;22;3.1807941510229636
TRACK:339;1;4;5;0;0;5;4;3;3;2;3;0;12;18;6;0;9;18;1;1;1;5;2;0;1;15;23;-1.010087854693431;3;8;1;1;14;7;2.506418588475869;1;15;20;2.370884575997369;0;2;1;6;12;0;8;18;0;5;14;3;9;5;4;3;9;5;6;2;0;0;14;13;2;20;-6.302180647503475;21;4.604463658344235;3;2;10;11;2;5;2;5;2;5;20;8.361287361696558;4;20;8.171550456075863;4;5;6;11;5;4;5;3;0;10;17;6;3;6;6;3;5;2;4;25;3;8
TRACK:340;330;-1;4;2;4;6;1;6;0;5;6;1;23;-5.361669252184769;18;6;6;4;9;5;5;3;3;23;-0.7737621331552553;3;2;0;3;5;2;2;5;11;1;14;8;5;4;12;0;5;2;0;1;14;21;7.85813755083671;2;22;8.384569778825636;14;0;4;19;6;12;5;3;3;0;22;-5.23057460786506;18;5;6;0;5;0;1;19;8;0;14;22;-6.098799096957314;6;0;4;19;0;25;16
TRACK:341;332;-1;6;1;6;6;3;4;1;2;3;5;18;5;6;25;2;1;6;12;0;8;18;0;5;18;3;25;4;5;1;1;1;20;-1.7743361467258687;21;-7.990284576811457;5;16;2;6;10;6;19
TRACK:342;334;-1;0;1;2;5;0;5;3;0;13;22;-9.439001804226002;0;3;3;22;0.07901404666465872;1;6;11;6;10;0;3;4;6;4;15;6;6;0;0;8;11;5;20;-6.81563425813996;4;3;3;1;3;4;14;4;6;20;-1.2087699478528524;3;2;6;1;4;3;0;9;10;0;0;4;22;-1.9408075766889432;4;21;6.243370194154586;6;5;19;4;0;4;0;0;23;4.588292103637466;19;6;7;-6.717499880597842;0;5;2;9;18;0;0;11;12;0;23;7.541543215460663;22;9.110965949029822
TRACK:343;336;-1;1;0;2;1;2;5;6;0;0;4;9;2;24;8;1;2;10;10;6;25;5;2;2;6;5;20;-9.614780589359134;5;5;7;-5.3349995098091805;2;2;5;23;2.8737166339446154;3;25;4;3;21;-7.933481782174717;1;3;1;2;4;5;22;-0.0957871876759753;4;0;21;-7.844305405316804;25;3;6;4;23;4.082264086211956;6;2;0;4;1;22;3.3199243040275808;21;1.3892782260320449;4;2;9;17;2;1;1;9;22;1.8408389141241368;4;18;5;0;16;16;2;6;4;3;1;1;2;13;17;3;20;-3.943593771420555;3;5;9;0;1;0;2;6;1;25;7;-6.045767053064642;6;6;19;1;4;1;16;13;0;3;9;5;12;3;5;0;2;9;9;5;18;5;5;1;3;5;8;3;5;23;3.2820999018233605;1;3;3;6;1;1;1;3;25;3;16;3;3;25;0;3;0;12;25;0;5;9;5;25;2;6;6;0;4;1;0;11;13;3;23;5.3530592860802155;3;3;0;13;21;5.148710753143839;2;6;0;0;0;1;12;9;2;16;14;0;1;17;13;1;22;6.385376293526591;11;1;6;3;25;1;3;9;4;17;0;1;1;2;6;7;7.872865481379243;5;14;2;0;17;22;-7.364689427154102;5;17;6;0;1;9;7;-4.232211111701092;3;14;4;0;6;5;25;5;4;19;0;6;3;1;0;5;0;1;1;14;8;3;24;2;2;23;-4.2255231307950165;18;0;13;8;0;1;0;0;21;-9.848031576421853;12;3;23;8.387488298696903;6;4;22;0.9787806554884815;2;5;1;7;8.879190084683886;16;2;4;10;1;18;14;4;0;4;4;3;18;5;6;3;20;1.7283364584531142;4;5;3;2;1;1;5;4;16;0;0;25;15;1;9;24;6;1;5;15;1;11;19;0;4;0;5;7;-6.364824357052746;1;10;12;5;1;2;24;21;-9.974810730078906;5;24
TRACK:344;338;-1;6;2;0;1;5;0;1;3;6;2;25;16;3;4;1;13;13;4;1;5;2;7;6.316738863041853;21;-0.1392174631669768;2;6;10;1;15;21;-3.311070309825891;2;1;6;1;5;6;14;2;3;10;6;24;4;3;0;1;22;0.10965068759727181;15;0;14;17;1;1;3;4;2;24;7;-0.9454953856403513;4;5;5;22;2.1461334649326083;1;5;5;5;16;4;6;1;20;-9.653189792620076;16;0;0;0;5;5;4;4;14;2;6;2;4;13;5;14;4;5;6;24;5;0;1;5;2;9;13;5;4;22;-7.6108588931523915;1;2;4;24;1;12;14;4;4;12;5;2;0;2;4;1;17;23;-4.138706800283184;1;1;13;14;6;16;3;6;0;9;21;9.39375152723748;0;4;5;4;22;9.35042410252382;3;2;3;22;9.224574653990757;1;19;9;3;2;5;4;1;2;5;4;22;-7.972726973152115;2;3;18;6;21;-4.176657113733503;3;5;2;15;20;6.813511939391186;2;3;1;4;4;4;19;1;1;1;14;7;2.5586418326133007;1;15;20;2.4706740895676083;6;6;25;1;5;6;6;3;19;6;2;4;0;21;-9.512993924480623;7;-6.793053968759292;3;0;10;22;3.1478983103453477
TRACK:345;331;-1;2;1;1;5;2;0;3;6;1;3;16;1;12;17;0;4;6;2;15;12;2;5;6;13;3;1;20;-0.3750388740030325;25;0;3;5;1;1;22;-6.660859824122767;21;-3.9579115696782887;3;9;4;2;5;5;23;5.83432904537785;3;0;20;2.0910766651942594;15;5;4;0;1;3;2;2;23;2.5097557754225956;8;4;20;-4.120438172901223;4;1;2;7;-0.5507384382231137;15;4;14;2;5;1;14;8;1;0;6;19;5;18;1;2;25;19;5;13;6;6;3;3;2;0;1;2;16;24;0;22;-6.11447478911033;15;4;3;23;-4.154423435939478;1;1;5;18;1;21;-6.722770794168868;9;4;0;19;19;1;3;6;5;5;0;5;4;3;12;3;0;2;14;14;1;11;16;5;6;1;5;6;2;0;5;25;4;20;-3.025198089420807;4;0;23;-8.598793709105648;11;6;1;5;0;3;21;-8.211806425924525;0;15;9;1;1;4;20;7.505118622814308;4;19;1;3;7;5.129339516468286;3;16
TRACK:346;333;-1;5;0;0;5;4;3;3;2;3;0;12;18;6;0;9;18;1;1;1;5;2;0;1;15;23;-1.091317412968844;3;8;2;6;25;6;8;5;4;2;5;24;0;9;9;5;6;2;0;0;14;13;2;20;-6.155494515077212;21;4.533531605363721;3;2;10;11;2;5;2;5;2;5;20;8.391845724907961;4;20;8.081222894306505;4;5;6;11;5;4;5;3;0;10;17;6;3;6;6;3;5;2;4;25;3;8
TRACK:347;335;-1;1;5;1;1;18;9;4;1;3;0;4;6;6;9;3;1;6;15;2;12;12;6;4;5;1;1;22;4.199371067227332;12;5;14;3;3;1;0;1;5;6;1;5;20;3.8546567085715386;6;14;5;6;6;4;17;1;0;1;2;0;12;16;2;24;12;4;0;13;20;-4.409973518638577;5;6;0;17;8;2;6;3;4;17;6;1;5;18;4;18;2;5;1;1;0;0;8;11;2;17;18;6;0;15;25;2;5;5;14;2;6;18;6;11;1;0;6;4;0;25;21;-4.157903515291726;3;6;4;13;2;4;2;1;25;19;1;7;-9.833853005402128;15;4;5;0;21;-3.733374028956888;7;8.120527373036106
TRACK:348;337;-1;6;1;22;3.2884340226540285;4;5;6;0;6;18;2;6;3;4;17;3;3;6;12
TRACK:349;339;-1;5;0;0;5;4;3;3;2;3;0;12;17;6;0;9;18;1;1;1;5;2;0;1;15;23;-0.9563452585213662;3;8;1;1;14;7;2.5514657017825066;1;15;20;2.4148515443013263;0;2;1;6;12;0;8;18;0;5;14;3;9;5;4;3;9;5;6;2;0;0;14;13;2;20;-6.418032761807197;21;4.644111979045775;3;2;10;11;2;5;2;5;2;5;20;8.437871932432182;4;20;8.233820234884416;4;5;6;11;5;4;5;3;0;10;17;6;3;6;6;3;5;2;4;25;3;8
EVAL_INSTANCE:17:0:340
EVAL_INSTANCE:17:1:341
EVAL_INSTANCE:17:2:342
EVAL_INSTANCE:17:3:343
EVAL_INSTANCE:17:4:344
EVAL_INSTANCE:17:5:345
EVAL_INSTANCE:17:6:346
EVAL_INSTANCE:17:7:347
EVAL_INSTANCE:17:8:348
EVAL_INSTANCE:17:9:349
RUN_RESULT:17:0:0:2000:----
RUN_RESULT:17:1:0:2000:----
RUN_RESULT:17:2:0:2000:----
RUN_RESULT:17:3:0:2000:----
RUN_RESULT:17:4:0:2000:----
RUN_RESULT:17:5:0:2000:----
RUN_RESULT:17:6:0:2000:----
RUN_RESULT:17:7:0:2000:----
RUN_RESULT:17:8:0:2000:----
RUN_RESULT:17:9:0:2000:----
    18 |      180 |  0.000000E+00 | -0.000000E+00
TRACK:350;4;1;5;0;0;5;4;3;3;2;3;0;12;18;6;0;9;18;1;1;1;5;2;0;1;15;23;-1.010087854693431;3;8;2;6;25;6;8;0;2;1;6;12;0;8;18;0;5;14;3;9;5;4;3;9;5;6;2;0;0;14;13;2;20;-6.302180647503475;21;4.604463658344235;3;2;10;11;2;5;2;5;2;5;20;8.361287361696558;4;20;8.171550456075863;4;5;6;11;5;4;5;4;22;-7.529488634423494;6;3;6;6;3;5;2;4;25;3;8
TRACK:351;4;1;6;2;0;1;5;0;1;3;6;2;25;16;3;4;1;13;13;4;1;5;2;7;6.315454661611891;21;0.0020990115267220943;2;6;10;1;15;21;-3.396727790283787;2;1;6;1;5;6;14;2;3;10;6;24;4;3;0;1;22;0.02873875468655207;15;0;14;17;1;1;3;0;9;18;4;5;5;22;2.147160768064797;1;5;5;5;16;4;6;1;20;-9.687446714045368;16;0;0;0;5;5;4;4;14;2;6;2;4;13;5;10;4;5;6;24;5;0;1;5;2;9;13;5;4;22;-7.529488634423494;1;2;4;24;1;12;14;4;4;12;5;2;0;2;4;1;17;23;-4.206051741293473;1;1;13;14;6;16;3;6;0;9;21;9.321993186572499;0;4;5;6;19;3;2;3;22;9.283806713555926;1;19;9;3;2;5;4;1;2;5;4;22;-7.800754036472092;2;3;18;6;21;-4.120026250168354;3;5;2;15;20;6.936544827334295;2;3;1;4;4;4;19;1;1;1;14;7;2.506418588475869;1;15;20;2.370884575997369;6;6;25;1;5;6;6;3;19;6;2;4;0;21;-9.522203833226273;7;-6.774785840005155;3;0;10;22;3.1807941510229636
TRACK:352;7;0;2;1;1;5;2;0;3;6;1;3;16;1;12;17;0;4;6;2;15;12;2;5;6;13;3;1;20;-0.24698390480495824;25;0;3;5;1;1;22;-6.5174545344852515;21;-3.918530838179814;3;9;4;2;5;5;23;5.93470900679938;3;0;20;2.0201316169353216;15;5;4;0;1;3;2;2;23;2.3482003395312763;8;4;20;-4.091437552342143;4;1;2;7;-0.5882727476582517;15;4;14;2;5;5;0;8;16;1;0;6;19;5;18;1;2;25;19;5;13;6;6;3;3;2;0;1;2;16;24;0;22;-6.040627089605888;15;4;3;23;-4.202540099888889;1;1;5;18;1;21;-6.716758365729132;9;4;0;19;19;1;3;6;5;5;0;5;4;3;12;3;0;2;14;14;1;19;16;5;6;4;13
TRACK:353;7;0;2;3;5;3;5;1;1;2;1;3;18;6;10;0;2;8;22;6.166854420213021;0;22;0.1857745325288498;19;6;2;3;16;4;13;0;6;0;2;16;11;5;13;2;3;2;12;22;-7.736175126214531;0;6;17;5;24;3;3;5;0;5;4;4;3;5;17;0;0;3;1;4;9;1;24;13;4;0;3;13;19;6;0;1;3;22;-1.76040891228757;6;10;5;0;10;10
TRACK:354;3;2;1;5;1;6;3;4;1;5;0;0;14;22;4.991784948319722;5;11;5;5;6;15;4;1;3;0;4;6;6;9;3;1;6;15;2;12;12;6;4;5;1;1;22;4.11235992743476;12;5;14;3;3;1;0;1;5;6;1;5;20;3.940093784039769;6;14;5;6;6;4;17;1;0;1;2;0;12;8;2;24;12;4;0;13;20;-4.5371671661691115;5;6;0;17;8;2;6;3;4;17;6;1;5;18;4;18;2;5;1;1;0;0;8;11;2;17;18;6;0;15;25;2;5;5;14;2;6;18;1;23;-4.618565988378995;8;1;0;6;4;0;25;21;-4.273100267085299;3;6;4;13;2;4;2;1;25;19;1;7;-9.625467296479883;15;4;5;0;21;-3.7364764609539254;7;8.229177339132015
TRACK:355;3;2;4;2;4;6;1;6;0;5;20;-4.5371671661691115;6;6;4;9;5;5;1;2;3;21;-5.161934821656516;6;20;-5.700985251063289;4;6;13;3;2;0;3;5;2;2;5;11;1;14;8;5;4;12;0;5;2;0;1;14;21;7.873851360550713;2;22;8.419442386046821;14;0;4;19;6;12;5;3;3;0;22;-5.218509690933848;18;5;6;0;5;0;1;19;8;0;14;23;-0.41950358716877467;6;0;4;19;0;25;16
TRACK:356;7;1;2;1;1;5;2;0;3;6;1;3;16;1;12;17;0;4;6;4;24;2;5;6;13;3;1;20;-0.24698390480495824;25;0;3;5;1;1;22;-6.5174545344852515;21;-3.918530838179814;3;9;4;2;5;5;23;5.93470900679938;3;0;20;2.0201316169353216;15;5;4;0;1;3;2;2;23;2.3482003395312763;8;4;20;-4.091437552342143;4;1;2;7;-0.5882727476582517;15;4;14;2;5;5;0;8;16;1;0;6;19;5;18;1;2;25;19;5;13;6;6;3;3;2;0;1;2;16;24;0;22;-6.040627089605888;15;4;3;23;-4.202540099888889;1;1;5;18;1;21;-6.716758365729132;9;4;0;19;19;1;3;6;5;5;0;5;4;3;12;3;0;2;14;14;1;19;16;5;6;1;5;6;2;0;5;25;4;20;-2.9553149788213995;4;0;23;-8.568362190186328;11;6;1;5;0;3;21;-8.404935025272703;0;15;9;1;1;4;20;7.665704473583883;4;19;1;3;7;5.138355166497966;3;16
TRACK:357;7;1;6;2;0;1;5;0;1;3;6;2;25;16;3;4;1;13;13;4;1;5;2;7;6.315454661611891;21;0.0020990115267220943;2;6;10;1;15;21;-3.396727790283787;2;1;6;1;5;6;14;2;3;10;6;24;4;3;0;1;22;0.02873875468655207;15;0;14;17;1;1;3;4;2;24;7;-0.9103980169869779;4;5;5;22;2.147160768064797;1;5;5;5;16;4;6;1;20;-9.687446714045368;16;0;0;0;5;5;4;4;14;2;6;2;4;13;5;10;4;5;6;24;5;0;1;5;2;9;13;5;4;22;-7.529488634423494;1;9;4;4;12;5;2;0;2;4;1;17;23;-4.206051741293473;1;1;13;14;6;16;3;6;0;9;21;9.321993186572499;0;4;5;6;19;3;2;3;22;9.283806713555926;1;19;9;3;2;5;4;1;2;5;4;22;-7.800754036472092;2;3;18;6;21;-4.120026250168354;3;5;2;15;20;6.936544827334295;2;3;1;4;4;4;19;1;1;1;14;7;2.506418588475869;1;15;20;2.370884575997369;6;6;25;1;5;6;6;3;19;6;2;4;0;21;-9.522203833226273;7;-6.774785840005155;3;0;10;22;3.1807941510229636
TRACK:358;4;6;5;0;0;5;4;3;3;2;3;0;12;18;6;0;9;18;1;1;1;5;2;0;1;15;23;-1.010087854693431;3;8;2;6;25;6;8;0;2;1;6;12;0;8;18;0;5;14;3;9;5;4;3;9;5;6;2;0;0;14;13;2;20;-6.302180647503475;21;4.604463658344235;3;2;10;11;2;5;2;5;2;5;20;8.361287361696558;4;20;8.171550456075863;4;5;6;11;5;4;5;3;0;10;17;6;3;3;5;23;-2.2035569565090984
TRACK:359;4;6;3;2;1;4;5;6;5;4;2;2;25;22;-3.6074654029094555;6;25;4;1;1;5;18;4;4;6;1;16;25;4;6;1;3;3;17;6;1;19;9;3;5;6;4;0;1;6;4;23;0.12070545473202543;3;5;23;-2.2035569565090984;0;2;1;18;9;1;22;-1.8808895698675254;10;6;2;18;17
TRACK:360;350;-1;5;0;0;5;4;3;3;2;3;0;12;18;6;0;9;18;1;1;1;5;2;0;1;15;23;-0.957839694670433;3;8;2;6;25;6;8;0;2;1;6;12;0;8;18;0;5;14;3;9;5;4;3;9;5;6;2;0;0;14;13;2;20;-6.137774190203654;21;4.401747688231635;3;2;10;11;2;5;2;5;2;5;20;8.354250141119428;4;20;8.311394240686905;4;5;6;11;5;4;5;4;22;-7.5933614748263185;6;3;6;6;3;3;5;7;-5.788818572342935
TRACK:361;352;-1;2;1;1;5;2;0;3;6;1;3;16;1;12;17;0;4;6;2;15;12;2;5;6;13;3;1;20;-0.06272846799099885;25;0;3;5;1;1;22;-6.536946530654184;21;-3.8447592222208002;3;9;4;2;5;5;23;6.019020698741845;3;0;20;1.8977117493296145;15;5;4;0;1;3;2;2;23;2.2588786629380926;8;4;20;-4.1975435155269585;4;1;2;7;-0.5994304662408599;15;4;14;2;5;5;0;8;16;1;0;6;19;5;18;1;2;25;19;5;13;6;6;3;3;2;0;1;2;16;24;0;22;-6.022813627850845;15;4;3;23;-4.061798072873485;1;1;5;18;1;13;9;4;0;19;19;1;3;6;5;5;0;5;4;3;12;3;0;2;14;14;1;19;16;5;6;4;13
TRACK:362;354;-1;1;5;1;6;3;4;1;5;0;0;14;22;4.9756638090194185;5;11;5;5;6;15;4;1;3;0;4;6;6;9;3;1;6;15;2;12;12;6;4;5;1;1;22;4.089695892864841;12;5;14;3;3;1;0;1;5;6;1;5;20;4.067503864271501;6;14;5;6;6;4;17;1;0;1;2;0;12;8;2;24;12;4;0;13;20;-4.425726222229617;5;6;0;17;8;2;6;3;4;17;6;1;5;18;4;18;2;5;1;1;0;0;8;11;4;21;2.9821155870322507;6;0;15;25;2;5;5;14;2;6;18;1;23;-4.732642284691548;8;1;0;6;4;0;25;21;-4.192374371193872;3;6;4;13;2;4;2;1;25;19;1;7;-9.54264400726133;15;4;5;0;21;-3.64587680628708;7;8.140005898197217
TRACK:363;356;-1;2;1;1;5;2;0;3;2;6;6;10;5;6;20;-5.200639276688845;0;4;6;4;24;2;5;6;13;3;1;20;-0.20318770287872245;25;0;3;5;1;1;22;-6.5702804637190795;21;-3.9745516761796065;3;9;4;2;5;5;23;6.179093030598753;3;0;20;2.0405719680578147;15;5;4;0;1;3;2;2;23;2.341149239699655;8;4;20;-4.158145745623753;4;1;2;7;-0.5078488190112637;15;4;14;2;5;5;0;8;16;1;0;6;19;5;18;1;2;25;19;5;13;6;6;3;3;2;0;1;2;16;24;0;22;-5.8293267895779435;15;4;3;23;-4.447996801950353;1;1;5;18;1;21;-6.7849037219408705;9;4;0;19;19;1;3;6;5;5;0;5;4;3;12;3;0;2;14;14;1;19;16;5;6;1;5;6;2;0;5;25;4;20;-2.9691604547743835;4;0;23;-8.668094185859221;11;6;1;5;0;3;21;-8.337612632006042;0;15;9;1;1;4;20;7.799554318896086;4;19;1;3;7;5.020319928976838;3;16
TRACK:364;4;-1;5;0;0;5;4;3;3;2;3;0;12;18;6;0;9;18;1;1;1;5;2;0;1;15;23;-0.9405665437016907;3;8;2;6;25;6;8;0;2;1;6;12;0;8;18;0;5;14;3;9;5;4;3;9;5;6;2;0;0;14;13;2;20;-6.397721338758636;21;4.531381117050198;3;2;10;11;2;5;2;5;2;5;20;8.310190843533192;6;16;4;5;6;11;5;4;5;3;0;10;17;6;3;6;6;3;5;2;4;25;3;8
TRACK:365;351;-1;6;2;0;1;5;0;1;3;6;2;25;16;3;4;1;13;13;4;1;5;2;7;6.250238676002499;21;-0.1428821610458235;2;6;10;1;15;21;-3.507997222949952;2;1;6;1;5;6;14;2;3;10;6;24;4;3;0;1;22;0.30367706954810675;15;0;14;17;1;1;3;0;9;18;4;5;5;22;2.2837159440453467;1;5;5;5;16;4;6;1;20;-9.72526915481545;16;0;0;0;5;5;4;4;14;2;6;4;3;19;4;5;6;24;5;0;1;5;2;9;13;5;4;22;-7.470081216927182;1;2;4;24;1;12;14;4;4;12;5;2;0;2;4;1;17;23;-4.1152588616488;1;1;13;14;6;16;3;6;0;9;21;9.228568374022428;0;4;5;6;19;3;2;3;22;9.242302010955594;1;19;9;3;2;5;4;1;2;5;4;22;-7.778932526892439;2;3;18;6;21;-4.072200063063664;3;5;2;15;20;7.036477484524125;2;3;1;4;4;4;19;1;1;1;14;7;2.7704583465635273;1;15;20;2.3980173601365284;6;6;25;1;5;6;6;3;19;6;2;4;0;21;-9.455631461057894;7;-6.800232589034641;3;0;10;22;3.2697878824434654
TRACK:366;353;-1;2;3;5;3;5;1;1;2;1;3;18;6;10;0;2;8;22;6.064971715025603;0;22;0.0725519682188493;19;6;2;3;16;4;13;0;6;0;2;16;11;5;13;2;3;2;12;22;-7.803109337550867;0;6;17;5;24;3;3;5;0;5;4;4;3;5;17;0;0;3;1;4;9;1;24;13;4;6;5;17;6;0;1;3;22;-1.6057368517561736;6;10;5;0;10;10
TRACK:367;355;-1;4;2;4;6;1;6;0;5;20;-4.5799730934812795;6;6;4;9;5;5;1;2;3;21;-5.170835448341548;6;20;-5.756809210453525;4;6;13;3;2;0;3;5;2;2;5;11;1;14;8;5;4;12;0;5;2;0;1;14;21;7.886026294509978;2;22;8.447249891189657;14;0;4;19;6;12;5;3;3;0;22;-5.2370228388433;18;5;6;0;5;0;1;19;8;2;24;22;-6.955914303597435;6;0;4;19;0;25;16
TRACK:368;357;-1;6;2;0;1;5;0;1;3;6;2;25;16;3;4;1;13;13;4;1;5;2;7;6.206008512088989;21;0.024446916024307354;2;6;10;1;15;21;-3.209248786223274;2;1;6;1;5;6;14;2;3;10;6;24;4;3;0;1;22;-0.07894275513990173;15;0;14;17;1;1;3;4;2;11;20;-4.505600015309231;4;5;5;22;2.0228390625364674;1;5;5;5;16;4;6;1;20;-9.783051260638024;16;0;0;0;5;5;4;4;14;2;6;2;4;13;5;10;4;5;6;24;5;0;1;5;2;9;13;5;4;22;-7.532471402763658;1;9;4;4;12;5;2;0;2;4;1;17;23;-4.214853444458394;1;1;13;14;6;16;3;6;0;9;21;9.444582672737923;0;4;5;6;19;3;2;3;22;9.374624957841485;1;19;9;3;2;5;4;1;2;5;4;22;-7.691201609557287;2;3;18;6;21;-4.2356623078850335;3;5;2;15;20;6.895247680312168;2;3;1;4;4;4;19;1;1;1;14;7;2.5552899861823564;1;15;20;2.3733163850321755;6;6;25;1;5;6;6;3;19;6;2;4;0;21;-9.622165374087796;7;-6.941482587889747;3;0;10;22;3.3183081896114244
TRACK:369;6;-1;3;2;1;4;5;6;5;4;2;2;25;22;-3.7724636745483644;6;25;4;1;1;5;3;2;1;13;14;3;7;4.538253021087099;4;4;6;1;16;25;4;6;1;3;3;17;6;1;19;9;3;5;6;4;0;1;6;4;23;-0.038610968236097526;3;5;23;-2.066695276396137;0;2;1;18;9;1;21;3.8445471595827385;10;6;2;18;17
EVAL_INSTANCE:18:0:360
EVAL_INSTANCE:18:1:361
EVAL_INSTANCE:18:2:362
EVAL_INSTANCE:18:3:363
EVAL_INSTANCE:18:4:364
EVAL_INSTANCE:18:5:365
EVAL_INSTANCE:18:6:366
EVAL_INSTANCE:18:7:367
EVAL_INSTANCE:18:8:368
EVAL_INSTANCE:18:9:369
RUN_RESULT:18:0:0:2000:----
RUN_RESULT:18:1:0:2000:----
RUN_RESULT:18:2:0:2000:----
RUN_RESULT:18:3:0:2000:----
RUN_RESULT:18:4:0:2000:----
RUN_RESULT:18:5:0:2000:----
RUN_RESULT:18:6:0:2000:----
RUN_RESULT:18:7:0:2000:----
RUN_RESULT:18:8:0:2000:----
RUN_RESULT:18:9:0:2000:----
    19 |      190 |  0.000000E+00 | -0.000000E+00
TRACK:370;7;8;2;1;1;5;2;0;3;6;1;3;16;1;12;17;0;4;6;2;15;12;2;5;6;13;3;1;20;-0.24698390480495824;25;0;3;5;1;1;22;-6.5174545344852515;21;-3.918530838179814;3;9;4;2;5;5;23;5.93470900679938;3;0;20;2.0201316169353216;15;5;4;0;1;3;2;2;23;2.3482003395312763;8;4;20;-4.091437552342143;4;1;2;7;-0.5882727476582517;15;4;14;2;5;5;0;8;16;1;0;6;19;5;18;1;2;25;19;5;13;6;6;3;3;2;0;1;2;16;24;0;22;-6.040627089605888;15;4;3;23;-4.202540099888889;1;1;5;18;1;21;-6.716758365729132;9;4;0;19;19;1;3;6;5;5;0;6;5;24;3;0;2;14;14;1;19;16;5;6;1;5;6;2;0;5;25;4;20;-2.9553149788213995;4;0;23;-8.568362190186328;11;6;1;5;0;3;21;-8.404935025272703;0;15;9;1;1;4;20;7.665704473583883;4;19;1;3;7;5.138355166497966;3;16
TRACK:371;7;8;5;4;2;2;3;2;4;6;6;5;23;4.635730651306398;0;2;4;1;14;16;3;0;10;22;-8.014155309267682;1;4;1;15;10;6;5;24;5;0;0;5;2;1;22;2.3973296736713916;8;5;20;4.124065254900435;6;4;3;16;3;1;3;4;14;2;1;8;16;2;14;16;0;5;5;1;3;0;5;10;2;18;24;1;5;6;22;-0.7707393004792031;1;2;7;-0.5882727476582517;15;0;8;20;-1.22928116838189;5;3;0;2;2;0;16;14;2;24;16;1;0;25;23;4.159837156617169;0;15;25;2;1;0;10;20;-8.608927168926252;5;17;0;5;12;4;23;3.967574850125235
TRACK:372;3;5;1;5;1;6;3;4;1;5;0;0;14;22;4.991784948319722;5;11;5;5;6;15;4;1;3;0;4;6;6;9;3;1;6;15;2;12;12;6;4;5;1;1;22;4.11235992743476;12;5;14;3;3;1;0;1;5;6;1;5;20;3.940093784039769;6;14;5;6;6;4;17;1;0;1;2;0;12;16;2;24;12;4;0;13;20;-4.5371671661691115;5;6;0;17;8;2;6;3;4;17;6;1;5;18;4;18;2;5;1;1;0;0;8;11;2;17;18;6;0;15;25;2;5;5;14;2;6;18;1;23;-4.618565988378995;8;1;0;6;4;0;25;21;-4.273100267085299;5;18;2;4;2;1;25;19;1;7;-9.625467296479883;15;4;5;0;21;-3.7364764609539254;7;8.229177339132015
TRACK:373;3;5;6;1;6;6;3;4;1;2;3;5;18;5;6;25;2;1;3;20;-4.001857885220705;1;18;24;0;5;18;3;25;4;5;6;0;5;0;6;0;21;-8.668730307761392;19;6;4;12;2;6;3;4;12;3;3;6;12
TRACK:374;4;8;5;0;0;5;4;3;3;2;3;0;12;18;6;0;9;18;1;1;1;5;2;0;1;15;23;-1.010087854693431;3;8;2;6;25;6;8;0;2;1;6;12;0;8;18;0;5;14;3;9;5;4;3;9;15;2;5;2;5;2;5;20;8.361287361696558;4;20;8.171550456075863;4;5;6;11;5;4;5;3;0;10;17;6;3;6;6;3;5;2;4;25;3;8
TRACK:375;4;8;5;4;2;2;3;2;4;12;0;2;4;1;14;16;3;0;10;22;-8.014155309267682;1;4;1;15;10;6;5;24;5;0;0;5;2;1;22;2.3973296736713916;8;5;20;4.124065254900435;6;4;3;16;3;1;3;4;14;2;1;8;16;2;14;16;0;5;5;1;3;0;5;10;2;18;24;1;5;6;22;-0.7707393004792031;1;2;12;15;0;8;20;-1.22928116838189;5;3;0;2;2;0;16;14;2;24;16;1;0;25;23;4.159837156617169;0;15;25;2;1;0;10;20;-8.608927168926252;5;17;0;5;12;4;23;3.967574850125235
TRACK:376;7;0;2;1;1;5;2;0;3;6;1;3;16;1;12;17;0;4;6;2;15;12;2;5;6;13;3;1;20;-0.24698390480495824;25;0;3;5;1;1;22;-6.5174545344852515;21;-3.918530838179814;3;9;4;2;5;5;23;5.93470900679938;3;0;20;2.0201316169353216;15;5;4;0;1;3;2;2;23;2.3482003395312763;8;19;4;1;2;7;-0.5882727476582517;15;4;14;2;5;5;0;8;16;1;0;6;19;5;18;1;2;25;19;5;13;6;6;3;3;2;0;1;2;16;24;0;22;-6.040627089605888;15;4;3;23;-4.202540099888889;1;1;5;18;1;21;-6.716758365729132;9;4;0;19;19;1;3;6;5;5;0;5;4;3;12;3;0;2;14;14;1;19;16;5;6;1;5;6;2;0;5;25;4;20;-2.9553149788213995;4;0;23;-8.568362190186328;11;6;1;5;0;3;21;-8.404935025272703;0;15;9;1;1;4;20;7.665704473583883;4;19;1;3;7;5.138355166497966;3;16
TRACK:377;7;0;2;3;5;3;5;1;1;22;-6.040627089605888;6;2;3;16;4;13;0;6;0;2;16;11;5;13;2;3;2;12;22;-7.736175126214531;0;6;17;5;24;3;3;5;0;5;4;4;3;5;17;0;0;3;1;4;9;1;24;13;4;0;3;13;4;18;6;0;1;3;22;-1.76040891228757;6;10;5;0;10;10
TRACK:378;9;4;1;0;2;1;2;5;6;0;0;4;9;2;24;8;1;2;10;10;6;25;5;2;2;6;5;20;-9.499224034153562;5;5;7;-5.344464982458563;2;2;5;23;2.8045361730800913;3;25;4;3;21;-8.093094851841716;1;3;1;2;4;5;22;-0.13101798697684686;3;8;3;6;4;23;4.13435960215369;6;2;0;4;1;22;3.2608670220304425;21;1.4832621353424393;4;2;9;17;2;1;1;9;22;1.7463805688068295;4;18;5;0;16;16;2;6;4;3;1;1;2;13;17;2;10;22;1.1209893068662797;3;5;9;0;1;0;2;6;1;25;7;-6.122925515450046;6;6;19;1;4;1;16;13;0;3;9;5;12;3;5;0;2;9;9;5;18;5;5;1;3;5;8;3;5;23;3.311360281167646;1;3;3;6;1;1;1;3;25;3;16;3;3;25;0;3;0;12;25;0;5;9;5;25;2;6;6;0;4;1;0;11;13;3;23;5.412758232368587;3;3;0;13;21;5.210843852977284;2;6;0;0;0;1;12;9;2;16;14;0;1;17;13;1;22;6.368859763598053;11;1;6;3;25;1;3;9;4;17;0;1;1;2;6;7;7.898284256520544;5;14;2;0;17;22;-7.374252878043322;5;17;6;0;1;9;7;-4.230060104678528;3;14;4;0;6;5;25;5;4;19;0;6;3;1;0;5;0;1;1;14;8;3;24;2;2;23;-4.310890728162164;18;0;13;8;0;1;0;0;21;-9.757888362178694;12;3;23;8.461671642964788;6;4;22;1.0923528842315129;2;5;1;7;8.894590010707233;16;2;4;10;1;18;14;4;0;4;4;3;18;5;6;3;11;4;5;3;2;1;1;5;4;16;0;0;25;15;1;9;24;6;1;5;15;1;11;19;0;4;0;5;7;-6.354039736752661;1;10;12;5;1;2;24;21;-9.839908248552288;5;24
TRACK:379;9;4;5;0;0;5;4;3;3;2;3;0;12;18;6;0;9;18;1;1;1;5;2;0;1;15;23;-1.010087854693431;3;8;2;6;25;6;8;0;2;1;6;12;0;8;18;0;5;14;3;9;5;4;3;9;5;6;2;0;0;14;13;2;20;-6.302180647503475;21;4.604463658344235;3;2;10;11;6;3;25;6;3;6;6;3;5;2;4;25;3;8
TRACK:380;370;-1;2;1;1;5;2;0;3;6;1;3;16;1;12;17;0;4;6;2;15;12;2;5;6;13;3;1;20;-0.22731486992093194;25;0;3;5;1;1;22;-6.419739926902471;21;-3.8150270610470303;3;9;4;2;5;5;23;5.893918888809067;3;0;20;2.1202320216804003;15;5;4;0;1;3;2;2;23;2.3118024994399944;8;4;20;-4.134230993018472;4;1;2;7;-0.8078072131252837;15;4;14;2;5;5;0;8;16;1;0;6;19;5;18;1;2;25;19;5;13;6;6;3;3;2;0;1;2;16;24;0;22;-6.0313144384403845;15;4;3;23;-4.148764971238151;1;1;5;18;1;21;-6.738132269025646;9;4;0;19;19;1;3;6;5;5;0;6;5;24;3;0;2;14;14;1;19;16;5;6;1;5;6;2;0;5;25;4;20;-2.8995819368093625;4;0;23;-8.628898116287914;25;6;1;5;0;3;21;-8.415632706198044;0;15;9;1;1;4;20;7.582166075663537;4;19;1;3;7;5.10991796569386;3;16
TRACK:381;372;-1;1;5;1;6;3;4;1;5;0;0;14;22;4.881238449112896;5;11;5;5;6;15;4;1;3;0;4;6;6;9;3;1;6;15;2;12;12;6;4;5;1;1;22;4.076310998117517;12;5;14;3;3;4;5;0;2;4;2;5;23;-4.238996699785355;2;10;13;0;6;4;23;1.913976606463594;4;3;12;1;5;5;1;12;19;4;0;1;7;8.019809613289542;9;4;22;-8.851627212289799
TRACK:382;374;-1;5;0;0;5;4;1;15;8;1;1;1;5;2;0;1;15;23;-1.0589371821429103;3;8;2;6;25;6;8;0;2;1;6;12;0;8;18;0;5;14;3;9;5;4;3;9;15;2;5;2;5;2;5;20;8.259392718322792;4;20;8.106667269598544;4;5;6;11;5;4;5;3;0;10;17;6;3;6;6;3;5;2;4;25;3;8
TRACK:383;376;-1;2;1;1;5;2;0;3;6;1;3;16;1;12;17;0;4;6;2;15;12;2;5;6;13;3;1;20;-0.18785582451970817;25;0;3;5;1;1;22;-6.469522837256554;21;-3.789908390240105;3;9;4;2;5;5;23;5.909034528623205;3;0;20;1.8502742917382595;15;5;4;0;1;3;2;2;23;2.3668547490315888;8;19;4;1;2;7;-0.46872343882023265;15;4;14;2;5;5;0;8;16;1;0;6;19;5;18;1;2;25;19;5;13;6;6;3;3;2;0;1;2;16;24;0;22;-6.139897298687001;15;4;3;23;-4.188063911489846;1;1;5;18;1;21;-6.677886654210173;9;4;0;19;19;1;3;6;5;5;0;5;4;3;12;3;0;2;14;14;1;19;16;5;6;1;5;6;2;0;5;25;4;20;-2.9104049586272676;4;0;23;-8.46381127157203;11;6;1;5;0;3;21;-8.49548245428102;0;15;9;1;1;4;20;7.607890071365299;4;19;1;1;21;0.21423073033538564;23;-8.48624266619597;3;16
TRACK:384;378;-1;1;0;2;1;2;5;6;0;0;4;9;2;24;8;1;2;10;10;6;25;5;2;2;6;5;20;-9.647347419061433;5;5;7;-5.323188947585535;2;2;5;23;2.72879007465177;3;25;4;3;21;-8.112965485958094;1;3;1;2;4;5;22;-0.11671631782587041;3;8;3;6;4;23;4.313111829473957;6;2;0;4;1;22;3.0970692825127126;21;1.396618220625996;4;2;9;17;2;1;1;9;22;1.7111734360151585;4;18;5;0;16;16;2;6;4;3;1;1;2;13;17;2;10;22;1.1783506557658983;3;5;9;0;1;0;2;6;1;25;7;-6.21689570603595;6;6;15;1;4;1;16;13;0;3;9;5;12;3;5;0;2;9;9;5;18;5;5;1;3;5;8;3;5;23;3.4196774036985906;1;3;3;6;1;1;1;3;25;3;16;3;3;25;0;3;0;12;25;0;5;9;5;25;2;6;6;0;4;1;0;11;13;3;23;5.170290425581292;3;3;0;13;21;5.228076474381229;2;6;0;0;0;1;12;9;2;16;14;0;1;17;13;1;22;6.3973729948592135;11;1;6;3;25;1;3;9;4;17;0;1;1;2;6;7;7.916524170393014;5;14;2;0;17;22;-7.538967648194547;5;17;6;0;1;9;7;-4.247317068363292;3;14;4;0;6;5;25;5;4;19;0;6;3;1;0;5;0;1;1;14;8;3;24;2;2;23;-4.285342909342802;18;0;13;8;0;1;0;0;21;-9.881316507223081;12;3;23;8.727281309142928;6;4;22;1.2450692112384913;2;5;1;7;8.82915029488896;16;2;4;10;1;18;14;4;0;4;4;3;18;5;6;3;11;4;5;3;2;1;1;5;4;16;0;0;25;15;1;9;24;6;1;5;15;1;11;19;0;4;0;5;7;-6.442949829556155;1;10;12;5;1;2;24;21;-9.902228948003014;5;24
TRACK:385;371;-1;5;4;2;2;3;2;4;6;6;5;23;4.584654460528837;0;2;4;1;14;16;3;0;10;22;-8.097562641619954;1;4;1;15;10;6;5;24;5;0;0;5;2;1;22;2.2929345366326292;8;5;20;4.2714533623419815;6;4;3;16;3;1;3;4;14;2;1;8;16;2;14;16;0;6;0;5;0;5;21;-5.046551720294056;6;17;2;5;4;22;-8.964975032361215;4;6;10;4;4;2;2;2;13;23;-7.0153165948602725;0;13;9;2;4;19;2;12;10
TRACK:386;373;-1;6;1;6;6;3;4;1;2;3;5;18;5;6;25;2;1;3;20;-3.9482485030308627;1;18;24;0;5;18;3;25;4;5;6;2;4;3;4;13;4;4;3;10
TRACK:387;375;-1;5;4;2;2;3;2;4;12;0;2;4;1;14;16;3;0;10;22;-8.122081024417598;1;4;1;15;10;6;5;24;5;0;0;5;2;1;22;2.3723360158893136;8;5;20;4.237249740190237;6;4;3;16;3;1;3;4;14;2;1;8;16;2;14;16;0;5;5;1;3;0;5;10;2;18;24;0;23;-2.7130656737457226;25;5;3;0;2;2;0;16;14;2;24;16;1;0;25;23;4.175331520453499;0;15;25;2;1;0;10;20;-8.531944205195849;5;17;0;5;12;4;23;3.900718676645435
TRACK:388;377;-1;2;3;5;3;5;1;1;22;-6.001061743631593;6;2;3;16;4;13;0;6;0;2;16;11;5;13;2;3;2;12;22;-7.799153484860478;0;6;17;5;24;3;3;5;0;5;4;4;3;5;17;0;0;3;1;4;9;1;24;13;4;0;3;13;4;18;6;0;1;3;22;-1.758140926961076;6;10;5;0;10;11
TRACK:389;379;-1;5;0;0;5;4;3;3;2;3;0;12;18;6;0;9;18;1;1;1;5;2;0;1;15;23;-0.9617772355221912;3;8;2;6;25;6;8;0;2;1;6;12;0;8;18;0;5;14;3;9;5;4;3;9;5;6;2;0;1;16;15;2;20;-6.373603696770133;21;4.70002545895789;3;2;10;11;6;3;25;6;3;6;6;3;5;2;4;25;3;8
EVAL_INSTANCE:19:0:380
EVAL_INSTANCE:19:1:381
EVAL_INSTANCE:19:2:382
EVAL_INSTANCE:19:3:383
EVAL_INSTANCE:19:4:384
EVAL_INSTANCE:19:5:385
EVAL_INSTANCE:19:6:386
EVAL_INSTANCE:19:7:387
EVAL_INSTANCE:19:8:388
EVAL_INSTANCE:19:9:389
RUN_RESULT:19:0:0:2000:----
RUN_RESULT:19:1:0:2000:----
RUN_RESULT:19:2:0:2000:----
RUN_RESULT:19:3:0:2000:----
RUN_RESULT:19:4:0:2000:----
RUN_RESULT:19:5:0:2000:----
RUN_RESULT:19:6:0:2000:----
RUN_RESULT:19:7:0:2000:----
RUN_RESULT:19:8:0:2000:----
RUN_RESULT:19:9:0:2000:----
    20 |      200 |  0.000000E+00 | -0.000000E+00
TRACK:390;8;3;5;4;2;2;3;2;8;0;2;4;1;14;16;3;0;10;22;-8.014155309267682;1;4;1;15;10;6;5;24;5;0;0;5;2;1;22;2.3973296736713916;8;5;20;4.124065254900435;6;4;3;16;3;1;3;4;14;2;1;8;16;2;14;16;0;5;5;1;3;0;5;10;2;18;24;1;5;6;22;-0.7707393004792031;1;2;12;15;0;8;20;-1.22928116838189;5;3;0;2;2;0;16;14;2;24;16;1;0;25;23;4.159837156617169;0;15;25;2;1;0;10;20;-8.608927168926252;5;17;0;5;12;4;23;3.967574850125235
TRACK:391;8;3;1;5;1;6;3;4;1;5;0;0;14;22;4.991784948319722;5;11;5;5;6;15;4;1;3;0;4;6;6;9;3;1;6;15;2;12;12;6;4;5;1;1;22;4.11235992743476;12;5;14;3;3;1;0;1;5;6;1;5;20;3.940093784039769;6;14;5;6;4;1;15;10;1;0;1;2;0;12;16;2;24;12;4;0;13;20;-4.5371671661691115;5;6;0;17;8;2;6;3;4;17;6;1;5;18;4;18;2;5;1;1;0;0;8;11;2;17;18;6;0;15;25;2;5;5;14;2;6;18;1;23;-4.618565988378995;8;1;0;6;4;0;25;21;-4.273100267085299;3;6;4;13;2;4;2;1;25;19;1;7;-9.625467296479883;15;4;5;0;21;-3.7364764609539254;7;8.229177339132015
TRACK:392;7;6;2;1;1;5;2;0;3;6;1;3;16;1;12;17;0;4;6;2;15;12;2;5;6;13;3;1;20;-0.24698390480495824;25;0;3;5;1;1;22;-6.5174545344852515;21;-3.918530838179814;3;9;4;2;5;5;23;5.93470900679938;3;0;20;2.0201316169353216;15;5;4;0;1;3;2;2;23;2.3482003395312763;8;4;20;-4.091437552342143;4;1;2;7;-0.5882727476582517;15;4;14;2;5;5;0;8;16;1;0;6;19;5;18;1;2;25;19;5;13;6;6;3;3;2;0;1;2;16;24;0;22;-6.040627089605888;15;4;3;23;-4.202540099888889;1;1;5;18;1;21;-6.716758365729132;9;4;0;19;19;1;3;2;18;17;5;6;1;5;6;2;0;5;25;4;20;-2.9553149788213995;4;0;23;-8.568362190186328;11;6;1;5;0;3;21;-8.404935025272703;0;15;9;1;1;4;20;7.665704473583883;4;19;1;3;7;5.138355166497966;3;16
TRACK:393;7;6;3;2;1;4;5;6;5;4;2;2;25;22;-3.6074654029094555;6;25;4;1;1;5;3;2;1;13;14;3;7;4.618529150991009;4;4;6;1;16;25;4;6;1;3;3;17;6;1;19;9;3;5;6;4;0;1;9;3;5;23;-2.2035569565090984;0;2;1;18;9;1;22;-1.8808895698675254;10;6;2;18;17
TRACK:394;9;9;1;0;2;1;2;5;6;0;0;4;9;2;24;8;1;2;10;10;6;25;5;2;2;6;5;20;-9.499224034153562;5;5;7;-5.344464982458563;2;2;5;23;2.8045361730800913;3;25;4;3;21;-8.093094851841716;1;3;1;2;4;5;22;-0.13101798697684686;4;0;21;-7.794864910264918;25;3;6;4;23;4.13435960215369;6;2;0;4;1;22;3.2608670220304425;21;1.4832621353424393;4;2;9;17;2;1;1;9;22;1.7463805688068295;4;18;5;0;16;16;2;6;4;3;1;1;2;13;17;2;10;22;1.1209893068662797;3;5;9;0;1;0;2;6;1;25;7;-6.122925515450046;6;6;19;1;4;1;16;13;0;3;9;5;12;3;5;0;2;9;9;5;18;5;5;1;3;5;8;3;5;23;3.311360281167646;1;3;3;6;1;1;1;3;25;3;16;3;3;25;0;3;0;12;25;0;5;9;5;25;2;6;6;0;4;1;0;11;13;3;23;5.412758232368587;3;3;0;13;21;5.210843852977284;2;6;0;0;0;1;12;9;2;16;14;0;1;17;13;1;22;6.368859763598053;11;1;6;3;25;1;3;9;4;17;0;1;1;2;6;7;7.898284256520544;5;14;2;0;17;22;-7.374252878043322;5;17;6;0;1;9;7;-4.230060104678528;3;14;4;0;6;5;25;5;4;19;0;6;3;1;0;5;0;1;1;14;8;3;24;2;2;23;-4.310890728162164;18;0;13;8;0;1;0;0;21;-9.757888362178694;12;3;23;8.461671642964788;6;4;22;1.0923528842315129;2;5;1;7;8.894590010707233;16;2;4;10;1;18;14;2;9;17;4;5;3;2;1;1;5;4;16;0;0;25;15;1;9;24;6;1;5;15;1;11;19;0;4;0;5;7;-6.354039736752661;1;10;12;5;1;2;24;21;-9.839908248552288;5;24
TRACK:395;9;9;1;0;2;1;2;5;6;0;0;4;9;2;24;8;1;2;10;10;6;25;5;2;2;6;5;20;-9.499224034153562;13;2;2;5;23;2.8045361730800913;3;25;4;3;21;-8.093094851841716;1;3;1;2;4;5;22;-0.13101798697684686;4;0;21;-7.794864910264918;25;3;6;4;23;4.13435960215369;6;2;0;4;1;22;3.2608670220304425;21;1.4832621353424393;4;2;9;17;2;1;1;9;22;1.7463805688068295;4;18;5;0;16;16;2;6;4;3;1;1;2;13;17;2;10;22;1.1209893068662797;3;5;9;0;1;0;2;6;1;25;7;-6.122925515450046;6;6;19;1;4;1;16;13;0;3;9;5;12;3;5;0;2;9;9;5;18;5;5;1;3;5;8;3;5;23;3.311360281167646;1;3;3;6;1;1;1;3;25;3;16;3;3;25;0;3;0;12;25;0;5;9;5;25;2;6;6;0;4;1;0;11;13;3;23;5.412758232368587;3;3;0;13;21;5.210843852977284;2;6;0;0;0;1;12;9;2;16;14;0;1;17;13;1;22;6.368859763598053;11;1;6;3;25;1;3;9;4;17;0;1;1;2;6;7;7.898284256520544;5;14;2;0;17;22;-7.374252878043322;5;17;6;0;1;9;7;-4.230060104678528;3;14;4;0;6;5;25;5;4;19;0;6;3;1;0;5;0;1;1;14;8;3;24;2;2;23;-4.310890728162164;18;0;13;8;0;1;0;0;21;-9.757888362178694;12;3;23;8.461671642964788;6;4;22;1.0923528842315129;2;5;1;7;8.894590010707233;16;2;4;10;1;18;14;4;0;4;4;3;18;5;6;3;11;4;5;3;2;1;1;5;4;16;0;0;25;15;1;9;24;6;1;5;15;1;11;19;0;4;0;5;7;-6.354039736752661;1;10;12;5;1;2;24;21;-9.839908248552288;5;24
TRACK:396;4;7;5;0;0;5;4;3;3;2;3;0;12;19;6;0;9;18;1;1;1;5;2;0;1;15;23;-1.010087854693431;3;8;2;6;25;6;8;0;2;1;6;12;0;8;18;0;5;14;3;9;5;4;3;9;5;6;2;0;0;14;13;2;20;-6.302180647503475;21;4.604463658344235;3;2;10;11;2;5;2;5;2;5;20;8.361287361696558;4;20;8.171550456075863;4;5;6;11;5;4;5;3;0;10;17;6;3;6;6;3;5;2;4;25;3;8
TRACK:397;4;7;2;1;1;5;2;0;3;6;1;3;16;1;12;17;0;4;6;2;15;12;2;5;6;13;3;1;20;-0.24698390480495824;25;0;3;5;1;1;22;-6.5174545344852515;21;-3.918530838179814;3;9;4;2;5;5;23;5.93470900679938;3;0;20;2.0201316169353216;15;5;4;0;1;3;2;2;23;2.3482003395312763;8;4;20;-4.091437552342143;4;1;2;7;-0.5882727476582517;15;4;14;2;5;5;0;8;16;1;0;6;19;5;18;1;2;25;19;5;13;6;6;3;3;2;0;1;2;16;24;0;22;-6.040627089605888;15;4;3;23;-4.202540099888889;1;1;5;18;1;11;9;4;0;19;19;1;3;6;5;5;0;5;4;3;12;3;0;2;14;14;1;19;16;5;6;1;5;6;2;0;5;25;4;20;-2.9553149788213995;4;0;23;-8.568362190186328;11;6;1;5;0;3;21;-8.404935025272703;0;15;9;1;1;4;20;7.665704473583883;4;19;1;3;7;5.138355166497966;3;16
TRACK:398;6;2;3;2;1;4;5;6;5;4;2;2;25;22;-3.6074654029094555;6;25;4;1;1;5;3;2;1;13;14;3;7;4.618529150991009;4;4;6;1;16;21;-5.161934821656516;4;6;1;3;3;17;6;1;19;9;3;5;6;4;0;1;6;4;23;0.12070545473202543;3;5;23;-2.2035569565090984;0;2;1;18;9;1;22;-1.8808895698675254;10;6;2;18;17
TRACK:399;6;2;4;2;4;6;1;6;0;5;6;1;23;-5.30978755979069;18;6;6;4;9;5;5;1;2;3;21;-5.161934821656516;6;20;-5.700985251063289;4;6;13;3;2;0;3;5;23;-2.2035569565090984;0;5;2;0;1;14;21;7.873851360550713;2;22;8.419442386046821;14;0;4;19;6;12;5;3;3;0;22;-5.218509690933848;18;5;6;0;5;0;1;19;8;0;14;23;-0.41950358716877467;6;0;4;19;0;25;16
TRACK:400;8;-1;5;4;2;2;3;2;4;6;6;5;23;4.606130701449368;0;2;4;1;14;16;3;0;10;22;-7.871539262638592;1;4;1;15;10;6;5;24;5;0;0;5;2;1;22;2.313330068520767;8;5;20;4.154057626805659;6;4;3;7;1.2820624847871915;3;1;3;4;14;2;1;8;16;2;14;16;0;5;5;1;3;0;5;10;2;18;24;1;5;6;22;-0.7601785782106731;1;2;12;15;0;8;20;-1.2733770502088362;5;3;0;2;2;0;16;14;2;24;16;1;0;25;23;4.094585627676408;0;15;25;2;1;0;10;20;-8.538985912825945;5;17;0;5;12;4;23;3.876941782687864
TRACK:401;392;-1;2;1;1;5;2;0;3;6;1;3;16;1;12;17;0;4;6;2;15;12;2;5;6;13;3;1;20;-0.3514208705358257;20;8.015192780621753;0;3;5;1;1;22;-6.40786902379835;21;-3.9675467005730582;3;9;4;2;5;5;23;6.20114846888492;3;0;20;1.9771960369547699;15;5;4;0;1;3;2;2;23;2.56033279014857;8;4;20;-4.061694799050958;4;1;2;7;-0.6965873719408088;15;4;14;2;5;5;0;8;16;1;0;6;19;5;18;1;2;25;19;5;13;6;6;3;3;2;0;1;2;16;24;0;22;-5.992559876810684;15;4;3;23;-4.33322439312829;1;1;5;18;1;21;-6.616129327769655;9;4;0;19;19;1;3;2;18;17;5;6;1;5;6;2;0;5;25;4;20;-2.9078921890739893;4;0;23;-8.739188076637815;11;6;1;5;0;3;21;-8.479566979418648;0;15;9;1;1;4;20;7.724240150419344;4;19;1;3;7;5.314586419381574;3;16
TRACK:402;394;-1;1;0;2;1;2;5;4;5;6;1;25;16;5;2;2;6;5;20;-9.491402810117837;5;5;7;-5.421253364296663;2;2;5;23;2.749025605259443;3;25;4;3;21;-7.941314966046669;1;3;1;2;4;5;22;-0.25423283774108196;4;0;21;-7.5824532926809844;25;3;6;4;23;4.1046129369317965;6;2;0;4;1;22;3.114299743150012;21;1.2476490163173712;4;2;9;17;2;1;1;9;22;1.9204768502898468;4;18;5;0;16;16;2;6;4;3;1;1;2;13;17;2;10;22;1.2221952043485025;3;5;9;0;1;0;2;6;1;25;7;-6.205062176491042;6;6;19;1;4;1;16;13;0;3;9;5;12;3;5;0;2;9;9;5;18;5;5;1;3;5;8;3;5;23;3.2537157171348343;1;3;3;6;1;1;1;3;25;3;16;3;3;25;0;3;0;12;25;0;5;9;5;25;2;6;6;0;4;1;0;11;13;3;23;5.170044631024281;3;3;0;13;21;5.092097519837142;2;6;0;0;0;1;12;9;2;16;14;0;1;17;13;1;22;6.522334344925536;11;1;6;3;25;1;3;9;4;17;0;1;1;2;6;7;7.8033510859378845;5;14;2;0;17;22;-7.431557009743248;5;17;6;0;1;9;7;-4.3931360271396755;3;14;4;0;6;5;25;5;4;19;0;6;3;1;0;5;0;1;1;14;8;3;24;2;2;23;-4.236085571147437;18;0;13;8;0;1;0;0;21;-9.845375256044859;12;3;23;8.421078364516232;6;4;22;1.2316538736782305;2;5;1;7;8.88867118167772;16;2;4;10;1;18;14;2;9;17;4;5;3;2;1;1;5;4;16;0;0;25;15;1;9;24;6;1;5;15;1;11;19;0;4;0;5;7;-6.5403107638882405;1;10;12;5;1;2;24;21;-9.785768107144767;5;24
TRACK:403;396;-1;5;0;0;5;4;3;3;2;3;0;12;19;6;0;9;18;1;1;1;5;2;0;0;22;-1.4452469391567195;15;5;17;2;6;25;6;8;0;2;1;6;12;0;8;18;0;5;14;3;9;5;4;3;9;5;6;2;0;0;14;13;2;20;-6.331891480872921;21;4.398432224917319;3;2;10;11;2;5;2;5;2;5;20;8.569185968362177;4;20;8.201497911412782;4;5;6;11;5;4;5;3;0;10;17;6;3;6;6;3;5;2;4;25;3;8
TRACK:404;398;-1;3;2;1;4;5;6;5;4;2;2;25;22;-3.760628130231568;6;25;4;1;1;5;3;2;1;13;14;3;7;4.6418358737859595;4;4;6;1;16;21;-5.220453396446398;4;6;1;3;3;17;6;1;19;9;3;5;6;4;0;1;6;4;23;0.10037270501909987;4;11;0;2;1;18;9;1;22;-1.729069639536196;10;6;2;18;17
TRACK:405;3;-1;1;5;1;6;3;4;1;5;0;0;14;22;4.904091800565092;5;11;5;5;6;15;4;1;3;0;4;6;6;9;3;1;6;15;2;12;12;6;4;5;1;1;22;4.0900142806603235;12;5;14;3;3;1;0;1;5;6;1;5;20;4.0906655086037045;6;14;5;6;6;4;17;1;0;1;2;0;12;16;2;24;12;4;3;7;-6.551335329386687;5;6;0;17;8;2;6;3;4;17;6;1;5;18;4;18;2;5;1;1;0;0;8;11;2;17;18;6;0;15;25;2;5;5;14;2;6;18;1;23;-4.581930661328534;8;1;0;6;4;0;25;21;-4.14278690025147;3;6;4;13;2;4;2;1;25;19;1;7;-9.816487927850204;15;4;5;0;21;-3.712741465899681;7;7.975829342743717
TRACK:406;393;-1;3;2;1;4;5;6;5;4;2;2;25;22;-3.6739664586359866;6;25;4;1;1;5;3;2;1;13;14;3;7;4.678118862369989;4;4;6;1;16;25;4;6;1;3;3;17;6;1;19;9;3;5;6;4;0;1;9;3;5;23;-2.1342673185824803;5;5;4;16
TRACK:407;395;-1;1;0;2;1;2;5;6;0;0;4;9;2;24;8;1;2;10;10;6;25;5;2;2;6;5;20;-9.37379142391018;13;2;2;5;23;2.8669556878319087;3;25;4;3;21;-8.030040102677985;1;3;1;2;4;5;22;-0.19445509874430095;4;0;21;-7.641223392657724;25;3;6;4;23;4.109222110864855;6;2;0;4;1;22;3.34002819760038;21;1.407420520662279;4;2;9;17;2;1;1;9;22;1.6498714253082605;4;18;5;0;16;16;2;6;4;3;1;1;2;13;17;2;10;22;1.0710757120564316;3;5;9;0;1;0;2;6;1;25;7;-6.326225023192373;6;6;19;1;4;1;16;13;0;3;9;5;12;3;5;0;2;9;9;5;18;5;5;1;3;5;8;3;5;23;3.112279256542216;1;3;3;6;1;1;1;3;25;3;16;3;3;25;0;3;0;15;25;0;5;9;5;25;2;6;6;0;4;1;0;11;13;3;23;5.516737067813098;3;3;0;13;21;5.13655995560023;2;6;0;0;0;1;12;9;2;16;14;0;1;17;13;1;22;6.298471450599396;11;1;6;3;25;1;3;9;4;17;0;1;1;2;6;7;7.836783092650942;5;14;2;0;17;22;-7.374240174618332;5;17;6;0;1;9;7;-4.296202048766018;3;14;4;0;6;5;25;5;4;19;0;6;3;1;0;5;0;1;1;14;8;3;24;2;2;23;-4.344317265688598;18;0;13;8;0;1;0;0;21;-9.885782099892293;12;3;23;8.323355065815832;6;4;22;1.066347032600765;2;5;1;7;9.060479480196674;16;2;4;10;1;18;14;4;0;4;4;3;18;5;6;3;11;4;5;3;2;1;1;5;4;16;0;0;25;15;1;9;24;6;1;5;15;1;11;19;0;4;0;5;7;-6.580058250176702;1;10;12;5;1;2;24;21;-9.859520217619506;5;24
TRACK:408;397;-1;2;1;1;5;2;0;3;6;1;3;16;1;12;17;0;4;6;2;15;12;2;5;6;13;3;1;20;-0.19065931452545642;25;0;3;5;1;1;22;-6.501778183304614;21;-3.9251201737091206;3;9;4;2;5;5;23;5.9771740078596505;3;0;20;2.0857696161518695;15;5;4;0;1;3;2;2;23;2.349106736553139;8;4;20;-4.177642512693319;4;1;2;7;-0.7172914490349103;15;4;9;2;5;5;0;8;16;1;0;6;19;5;18;1;2;25;19;5;13;6;6;3;3;2;0;1;2;16;24;0;22;-6.170233767700433;15;4;3;23;-4.348838284116674;1;1;5;18;1;11;9;4;0;19;19;1;3;6;5;5;0;5;4;3;12;3;0;2;14;14;1;19;16;5;6;1;5;6;2;0;5;25;4;20;-3.0356528927572186;4;0;23;-8.588568132617015;11;6;1;5;0;3;21;-8.244654113808156;0;15;9;1;1;4;20;7.759465123161992;4;19;1;3;7;5.233597605465412;3;16
TRACK:409;399;-1;4;2;4;6;1;6;0;5;6;1;23;-5.427637646378914;18;6;6;4;9;5;5;1;2;3;21;-5.258281342980654;6;20;-5.718905604762756;4;6;13;3;2;0;3;5;23;-2.2220803964006217;0;5;2;0;1;14;21;7.9022405753725415;2;22;8.215891894218148;14;0;4;19;6;12;5;3;3;0;22;-5.138275774061805;18;5;6;0;5;0;1;19;8;0;14;23;-0.4484317992948801;6;6;1;25;19
EVAL_INSTANCE:20:0:400
EVAL_INSTANCE:20:1:401
EVAL_INSTANCE:20:2:402
EVAL_INSTANCE:20:3:403
EVAL_INSTANCE:20:4:404
EVAL_INSTANCE:20:5:405
EVAL_INSTANCE:20:6:406
EVAL_INSTANCE:20:7:407
EVAL_INSTANCE:20:8:408
EVAL_INSTANCE:20:9:409
RUN_RESULT:20:0:0:2000:----
RUN_RESULT:20:1:0:2000:----
RUN_RESULT:20:2:0:2000:----
RUN_RESULT:20:3:0:2000:----
RUN_RESULT:20:4:0:2000:----
RUN_RESULT:20:5:0:2000:----
RUN_RESULT:20:6:0:2000:----
RUN_RESULT:20:7:0:2000:----
RUN_RESULT:20:8:0:2000:----
RUN_RESULT:20:9:0:2000:----
    21 |      210 |  0.000000E+00 | -0.000000E+00
TRACK:410;5;0;6;1;6;6;3;4;1;2;3;5;18;5;6;25;2;1;3;20;-4.001857885220705;9;0;5;18;3;25;4;5;6;0;5;0;6;0;21;-8.668730307761392;19;6;4;12;2;6;3;4;17;3;3;6;12
TRACK:411;5;0;2;3;5;3;5;1;1;2;1;3;18;6;10;0;2;8;22;6.166854420213021;0;22;0.1857745325288498;19;6;2;3;16;4;13;0;6;0;2;16;11;5;13;2;3;2;12;22;-7.736175126214531;0;6;17;5;24;3;2;3;5;18;5;6;25
TRACK:412;2;9;4;2;4;6;1;1;3;25;3;16;3;3;25;3;2;0;3;5;2;2;5;11;1;14;8;5;4;12;0;5;2;0;1;14;21;7.873851360550713;2;22;8.419442386046821;14;0;4;19;6;12;5;3;3;0;22;-5.218509690933848;18;5;6;0;5;0;1;19;8;0;14;23;-0.41950358716877467;6;0;4;19;0;25;16
TRACK:413;2;9;1;0;2;1;2;5;6;0;0;4;9;2;24;8;1;2;10;10;6;25;5;2;2;6;5;20;-9.499224034153562;5;5;7;-5.344464982458563;2;2;5;23;2.8045361730800913;3;25;4;3;21;-8.093094851841716;1;3;1;2;4;5;22;-0.13101798697684686;4;0;21;-7.794864910264918;25;3;6;4;23;4.13435960215369;6;2;0;4;1;22;3.2608670220304425;21;1.4832621353424393;4;2;9;17;2;1;1;9;22;1.7463805688068295;4;18;5;0;16;16;2;6;4;3;1;1;2;13;17;2;10;22;1.1209893068662797;3;5;9;0;1;0;2;6;1;25;7;-6.122925515450046;6;6;19;1;4;1;16;13;0;3;9;5;12;3;5;0;2;9;9;5;18;5;5;1;3;5;8;3;5;23;3.311360281167646;1;3;3;6;1;1;1;3;25;25;3;3;25;0;3;0;12;25;0;5;9;5;25;2;6;6;0;4;1;0;11;13;3;23;5.412758232368587;3;3;0;13;21;5.210843852977284;2;6;0;0;0;1;12;9;2;16;14;0;1;17;13;1;22;6.368859763598053;11;1;6;3;25;1;3;9;4;17;0;1;1;2;6;7;7.898284256520544;5;14;2;0;17;22;-7.374252878043322;5;17;6;0;1;9;7;-4.230060104678528;3;14;4;0;6;5;25;5;4;19;0;6;3;1;0;5;0;1;1;14;8;3;24;2;2;23;-4.310890728162164;18;0;13;8;0;1;0;0;21;-9.757888362178694;12;3;23;8.461671642964788;6;4;22;1.0923528842315129;2;5;1;7;8.894590010707233;16;2;4;10;1;18;14;4;0;4;4;3;18;5;6;3;11;4;5;3;2;1;1;5;4;16;0;0;25;15;1;9;24;6;1;5;15;1;11;19;0;4;0;5;7;-6.354039736752661;1;10;12;5;1;2;24;21;-9.839908248552288;5;24
TRACK:414;6;2;3;2;1;4;5;6;5;4;2;2;25;14;6;25;4;1;1;5;3;2;1;13;14;3;7;4.618529150991009;4;4;6;1;16;25;4;6;1;3;3;17;6;1;19;9;3;5;6;4;0;1;6;4;23;0.12070545473202543;3;5;23;-2.2035569565090984;0;2;1;18;9;1;22;-1.8808895698675254;10;6;2;18;17
TRACK:415;6;2;4;2;4;6;1;6;0;5;6;1;23;-5.30978755979069;18;6;6;4;9;5;5;1;2;3;21;-5.161934821656516;6;20;-5.700985251063289;4;6;13;3;2;0;3;5;2;2;5;11;1;14;8;5;4;12;0;5;2;25;0;4;19;6;12;5;3;3;0;22;-5.218509690933848;18;5;6;0;5;0;1;19;8;0;14;23;-0.41950358716877467;6;0;4;19;0;25;16
TRACK:416;8;3;5;4;2;2;3;2;4;6;6;5;23;4.635730651306398;0;2;4;1;14;16;3;0;10;22;-8.014155309267682;1;4;1;15;10;6;5;24;5;0;0;5;2;1;22;2.3973296736713916;8;5;20;4.124065254900435;6;4;3;16;3;1;3;4;14;2;1;8;16;2;14;16;0;5;5;1;3;0;5;10;2;18;24;1;5;6;22;-0.7707393004792031;1;2;12;15;0;8;20;-1.22928116838189;5;3;0;2;2;0;16;14;2;24;16;1;0;17;23;4.159837156617169;0;15;25;2;1;0;10;20;-8.608927168926252;5;17;0;5;12;4;23;3.967574850125235
TRACK:417;8;3;1;5;1;6;3;4;1;5;0;0;14;22;4.991784948319722;5;11;5;5;6;15;4;1;3;0;4;6;6;9;3;1;6;15;2;12;12;6;4;5;1;1;22;4.11235992743476;12;5;14;3;3;1;0;1;5;6;1;5;20;3.940093784039769;6;14;5;6;6;4;17;1;0;1;2;0;12;16;2;24;12;4;0;13;16;5;6;0;17;8;2;6;3;4;17;6;1;5;18;4;18;2;5;1;1;0;0;8;11;2;17;18;6;0;15;25;2;5;5;14;2;6;18;1;23;-4.618565988378995;8;1;0;6;4;0;25;21;-4.273100267085299;3;6;4;13;2;4;2;1;25;19;1;7;-9.625467296479883;15;4;5;0;21;-3.7364764609539254;7;8.229177339132015
TRACK:418;0;7;2;3;5;3;5;1;1;2;1;3;18;6;10;0;2;8;22;6.166854420213021;0;22;0.1857745325288498;19;6;2;3;16;4;13;0;6;0;2;16;11;5;13;2;3;2;12;22;-7.736175126214531;0;6;17;5;24;3;3;5;0;5;4;4;3;5;17;0;0;3;1;4;9;1;24;13;4;0;3;13;4;18;6;0;24;5;0;10;10
TRACK:419;0;7;2;1;1;5;2;0;3;6;1;3;16;1;12;17;0;4;6;2;15;12;2;5;6;13;3;1;20;-0.24698390480495824;25;0;3;5;1;1;22;-6.5174545344852515;21;-3.918530838179814;3;9;4;2;16;11;5;4;0;1;3;2;2;23;2.3482003395312763;8;4;20;-4.091437552342143;4;1;2;7;-0.5882727476582517;15;4;14;2;5;5;0;8;16;1;0;6;19;5;18;1;2;25;19;5;13;6;6;3;3;2;0;1;2;16;24;0;22;-6.040627089605888;15;4;3;23;-4.202540099888889;1;1;5;18;1;21;-6.716758365729132;9;4;0;19;19;1;3;6;5;5;0;5;4;3;12;3;0;2;14;14;1;19;16;5;6;1;5;6;2;0;5;25;4;20;-2.9553149788213995;4;0;23;-8.568362190186328;11;6;1;5;0;3;21;-8.404935025272703;0;15;9;1;1;4;20;7.665704473583883;4;19;1;3;7;5.138355166497966;3;16
TRACK:420;410;-1;6;1;6;6;3;4;1;2;3;5;18;5;6;25;2;1;3;20;-4.085123164206447;9;0;5;18;3;25;4;5;6;0;5;0;6;0;21;-8.729753199765463;19;6;4;12;2;6;3;3;16;3;3;6;12
TRACK:421;412;-1;4;2;4;6;1;1;3;25;3;16;3;3;25;3;2;0;3;5;6;18;0;5;2;0;1;14;21;7.879605727256606;2;22;8.408667431509423;14;0;4;19;6;12;5;3;3;0;22;-5.180784061889946;18;5;6;0;5;0;1;19;8;0;14;23;-0.48540420393133155;6;0;4;19;0;25;16
TRACK:422;6;-1;3;2;1;4;5;6;5;4;2;2;25;22;-3.675215084720774;6;25;4;1;1;5;3;2;1;13;14;5;8;4;4;6;1;16;25;4;6;1;3;3;17;6;1;19;9;3;5;6;4;0;1;6;4;23;0.24356513571779906;3;5;23;-2.1078842752365974;0;2;1;18;9;1;22;-1.8941467759251687;10;6;2;18;17
TRACK:423;416;-1;5;4;2;2;3;2;4;6;6;5;23;4.676024560493278;0;2;4;1;14;16;3;0;10;22;-8.01932955215659;1;4;1;15;10;6;5;24;5;0;0;5;2;1;22;2.352985634219494;8;5;20;4.120388747089864;6;4;3;16;3;1;3;4;14;2;1;8;16;2;14;16;0;5;5;1;3;0;5;10;2;18;24;1;5;6;22;-0.7121422630216295;1;2;12;15;0;8;20;-1.203911501076627;5;3;0;2;2;0;16;14;2;24;16;1;0;17;23;4.212296280075984;1;9;7;7.863282218917046;2;1;0;10;20;-8.725007144172181;5;17;0;5;12;4;23;4.11429903499865
TRACK:424;418;-1;2;3;5;3;5;1;1;2;1;3;18;6;10;0;2;8;9;0;22;0.12145520997029459;19;6;2;3;16;4;13;0;6;0;2;16;11;5;13;2;3;2;12;22;-7.840490209974822;0;6;17;5;24;3;3;5;0;5;4;4;3;5;17;0;0;3;1;4;9;1;24;13;4;0;3;13;4;18;6;0;24;5;0;10;10
TRACK:425;411;-1;2;3;5;3;5;1;1;2;1;3;18;6;10;0;2;8;22;6.1133657046762755;0;22;0.24557870315991293;19;6;2;3;16;4;13;0;6;0;5;25;5;13;2;3;2;12;22;-7.5991723654138505;0;6;17;5;24;3;2;3;5;18;5;6;25
TRACK:426;413;-1;1;0;2;1;2;5;6;0;0;4;9;2;24;8;1;2;10;10;6;25;5;2;2;6;5;20;-9.5300574944406;5;5;7;-5.198023038010835;2;2;5;23;2.725793851925992;3;25;4;3;21;-8.270240075872639;1;3;1;2;4;5;22;-0.059917110411224675;4;0;21;-7.769872970299308;25;3;6;4;23;4.123127955217889;6;2;0;4;1;22;3.2961555091931576;21;1.62894067199676;4;2;9;17;2;1;1;9;22;1.754572056204303;4;18;5;0;16;16;2;6;4;3;1;1;2;13;17;2;10;22;1.143206384811053;3;5;9;0;1;0;2;6;1;25;7;-6.024852382811672;6;6;19;1;4;1;16;13;0;3;9;5;12;3;5;0;2;9;9;5;18;5;5;1;3;5;8;3;5;23;3.3568119647090997;1;3;3;6;1;1;1;3;25;25;3;3;25;0;3;0;12;25;0;5;9;5;25;2;6;6;0;4;1;0;11;13;3;23;5.435403248345856;3;3;0;13;21;5.15937019861603;2;6;0;0;0;1;12;9;2;16;14;0;1;17;13;1;22;6.333558366478644;11;1;6;3;25;1;3;9;4;17;0;1;1;2;6;7;7.981172096511831;5;14;2;0;17;22;-7.182138056960471;5;17;6;0;1;9;7;-4.094369924417361;3;14;4;0;6;5;25;5;4;19;0;6;3;1;0;5;0;1;1;14;8;3;24;2;2;23;-4.399059273258863;18;0;13;8;0;1;0;0;21;-9.783840659521427;12;3;23;8.428558567258628;6;18;2;5;1;7;8.81593233611623;16;2;4;10;1;18;14;4;0;4;4;3;18;5;6;3;11;4;5;3;2;1;1;5;4;16;0;0;25;15;1;9;24;6;1;5;15;1;11;19;0;4;0;5;7;-6.430751475339201;1;10;12;5;1;2;24;21;-9.812427459307703;5;24
TRACK:427;2;-1;4;2;4;6;1;6;0;5;6;1;23;-5.201579046235041;18;6;6;4;9;5;5;1;2;3;21;-5.21649998755165;6;20;-5.698494061544146;4;6;13;3;2;0;3;5;2;2;5;11;1;14;8;5;4;12;0;5;2;0;1;14;21;7.794762654956275;2;22;8.361778872989527;14;0;4;19;6;12;5;3;3;0;22;-5.315320651121946;18;5;6;0;5;0;1;19;8;0;14;23;-0.3325913613832729;6;0;2;25;25;0;25;16
TRACK:428;417;-1;1;5;1;6;3;4;1;5;0;0;14;22;4.914009815463556;5;11;5;5;6;15;4;1;3;0;4;6;6;9;3;1;6;15;2;12;12;6;4;5;1;1;22;4.0601498138162295;12;5;14;3;3;1;0;1;5;6;1;5;20;3.8527529455017016;6;14;5;6;6;4;17;1;0;1;2;0;12;16;2;24;12;4;0;13;16;5;6;0;17;8;2;6;3;4;17;6;1;5;18;4;18;2;5;1;1;0;0;8;11;2;17;18;6;0;15;25;2;5;5;14;2;6;18;1;22;9.60206851643402;9;1;0;6;4;0;25;21;-4.164392751053002;3;6;4;13;2;4;2;1;25;19;1;7;-9.492565715712821;15;4;5;0;21;-3.555054369726172;7;8.078507496724367
TRACK:429;419;-1;2;1;1;5;2;0;3;6;1;3;16;1;12;17;0;4;6;2;15;12;2;5;5;19;3;1;20;-0.32223116593880125;25;0;3;5;1;1;22;-6.535254332640951;21;-3.824460914133737;3;9;4;2;16;11;5;4;0;1;3;2;2;23;2.3383065652181423;8;4;20;-4.056286283370579;4;1;2;7;-0.41673125295868724;15;4;14;2;5;5;0;8;16;1;0;6;19;5;18;1;2;25;19;5;13;6;6;3;3;2;0;1;2;16;24;0;22;-5.963380699873888;15;4;3;23;-4.2793054594029485;1;1;5;18;1;21;-6.67010586949774;9;4;0;19;19;1;3;6;5;5;0;5;4;3;12;3;0;2;14;14;1;19;16;5;6;1;5;6;2;0;5;25;4;20;-2.8403335693515905;4;0;23;-8.442049032635413;11;6;1;5;0;3;21;-8.31387127801301;0;15;9;1;1;4;20;7.628601207742456;4;19;1;3;7;5.11187806517012;3;16
EVAL_INSTANCE:21:0:420
EVAL_INSTANCE:21:1:421
EVAL_INSTANCE:21:2:422
EVAL_INSTANCE:21:3:423
EVAL_INSTANCE:21:4:424
EVAL_INSTANCE:21:5:425
EVAL_INSTANCE:21:6:426
EVAL_INSTANCE:21:7:427
EVAL_INSTANCE:21:8:428
EVAL_INSTANCE:21:9:429
RUN_RESULT:21:0:0:2000:----
RUN_RESULT:21:1:0:2000:----
RUN_RESULT:21:2:0:2000:----
RUN_RESULT:21:3:0:2000:----
RUN_RESULT:21:4:0:2000:----
RUN_RESULT:21:5:0:2000:----
RUN_RESULT:21:6:0:2000:----
RUN_RESULT:21:7:0:2000:----
RUN_RESULT:21:8:0:2000:----
RUN_RESULT:21:9:0:2000:----
    22 |      220 |  0.000000E+00 | -0.000000E+00
TRACK:430;0;8;2;3;5;3;5;1;1;2;1;3;18;6;10;0;2;8;22;6.166854420213021;0;22;0.1857745325288498;19;6;2;3;16;4;13;0;6;0;2;16;11;5;13;2;3;2;12;22;-7.736175126214531;0;6;17;5;24;3;3;5;0;5;4;4;3;5;17;0;0;5;2;1;22;2.3973296736713916;8;5;20;4.124065254900435;6;4;3;16;6;0;1;3;22;-1.76040891228757;6;10;5;0;10;10
TRACK:431;0;8;5;4;2;2;3;2;4;6;6;5;23;4.635730651306398;0;2;4;1;14;16;3;0;10;22;-8.014155309267682;1;4;1;15;10;6;5;24;5;0;0;5;2;1;22;2.3973296736713916;8;5;20;4.124065254900435;6;4;3;16;0;10;10;0;5;5;1;3;0;5;10;2;18;24;1;5;6;22;-0.7707393004792031;1;2;12;15;0;8;20;-1.22928116838189;5;3;0;2;2;0;16;14;2;24;16;1;0;25;23;4.159837156617169;0;15;25;2;1;0;10;20;-8.608927168926252;5;17;0;5;12;4;23;3.967574850125235
TRACK:432;3;2;1;5;1;6;3;4;1;5;0;0;14;22;4.991784948319722;5;11;5;5;6;15;4;1;3;0;4;6;6;9;3;1;6;15;2;12;12;6;4;5;1;1;22;4.11235992743476;12;5;14;3;3;1;0;1;5;6;1;5;20;3.940093784039769;6;14;5;6;6;4;17;1;0;1;2;0;12;16;2;24;12;4;0;13;20;-4.5371671661691115;5;6;0;17;8;2;6;3;4;17;6;1;5;18;4;18;2;5;1;1;0;0;8;11;2;17;18;6;0;15;25;2;5;5;14;2;6;18;1;23;-4.618565988378995;8;1;0;6;4;0;25;21;-4.273100267085299;3;6;14;2;4;2;1;25;19;1;7;-9.625467296479883;15;4;5;0;21;-3.7364764609539254;7;8.229177339132015
TRACK:433;3;2;4;2;4;6;1;6;0;5;6;1;23;-5.30978755979069;18;6;6;4;9;5;5;1;2;3;21;-5.161934821656516;6;20;-5.700985251063289;4;6;13;3;2;0;3;5;2;2;5;11;1;14;8;5;4;12;0;5;2;0;1;14;21;7.873851360550713;2;22;8.419442386046821;14;0;4;19;6;12;5;3;3;0;22;-5.218509690933848;18;5;6;0;5;0;1;19;8;0;14;23;-0.41950358716877467;6;0;4;19;0;17;16
TRACK:434;6;8;3;2;1;4;5;6;5;4;2;2;25;22;-3.6074654029094555;6;25;4;1;1;5;3;2;1;13;14;3;7;4.618529150991009;4;4;6;1;16;25;4;6;1;3;3;17;6;1;19;9;3;5;6;4;0;1;6;4;23;0.12070545473202543;3;5;23;-2.2035569565090984;0;2;1;18;22;2.3973296736713916;1;22;-1.8808895698675254;10;6;2;18;17
TRACK:435;6;8;5;4;2;5;4;2;2;25;22;-3.6074654029094555;6;25;0;5;5;1;3;0;5;10;2;18;24;1;5;6;22;-0.7707393004792031;1;2;12;15;0;8;20;-1.22928116838189;5;3;0;2;2;0;16;14;2;24;16;1;0;25;23;4.159837156617169;0;15;25;2;1;0;10;20;-8.608927168926252;5;17;0;5;12;4;23;3.967574850125235
TRACK:436;1;6;6;2;0;1;5;0;1;3;6;2;25;16;3;4;1;13;13;4;1;5;2;7;6.315454661611891;21;0.0020990115267220943;2;6;10;1;15;21;-3.396727790283787;2;1;6;1;5;6;14;2;3;10;6;24;4;3;0;1;22;0.02873875468655207;15;0;14;17;1;1;3;4;2;24;7;-0.9103980169869779;4;5;5;22;2.147160768064797;1;5;5;5;16;4;6;1;20;-9.687446714045368;16;0;0;0;5;5;4;4;14;2;6;2;4;13;5;10;4;5;6;24;5;0;1;5;2;9;13;5;4;22;-7.529488634423494;1;2;4;24;1;13;14;4;4;12;5;2;0;2;4;1;17;23;-4.206051741293473;1;1;13;14;6;16;3;6;0;9;21;9.321993186572499;0;4;5;6;19;3;2;3;22;9.283806713555926;1;19;9;3;2;5;4;1;2;5;4;22;-7.800754036472092;2;3;18;6;21;-4.120026250168354;3;5;2;15;20;6.936544827334295;2;3;1;4;4;4;19;1;1;1;14;7;2.506418588475869;1;15;20;2.370884575997369;6;6;25;1;5;6;6;3;19;6;2;4;0;21;-9.522203833226273;7;-6.774785840005155;3;0;10;22;3.1807941510229636
TRACK:437;1;6;3;2;1;4;5;6;5;4;2;2;25;22;-3.6074654029094555;6;25;4;1;1;5;3;2;1;13;14;3;7;4.618529150991009;4;4;6;1;16;25;4;6;1;3;3;17;6;1;19;9;3;5;6;4;0;1;6;4;23;0.12070545473202543;3;5;23;-2.2035569565090984;1;14;7;2.506418588475869
TRACK:438;4;7;5;0;0;5;4;3;3;2;3;2;7;-0.5882727476582517;15;6;0;9;18;1;1;1;5;2;0;1;15;23;-1.010087854693431;3;8;2;6;25;6;8;0;2;1;6;12;0;8;18;0;5;14;3;9;5;4;3;9;5;6;2;0;0;14;13;2;20;-6.302180647503475;21;4.604463658344235;3;2;10;11;2;5;2;5;2;5;20;8.361287361696558;4;20;8.171550456075863;4;5;6;11;5;4;5;3;0;10;17;6;3;6;6;3;5;2;4;25;3;8
TRACK:439;4;7;2;1;1;5;2;0;3;6;1;3;16;1;12;17;0;4;6;2;15;12;2;5;6;13;3;1;20;-0.24698390480495824;25;0;3;5;1;1;22;-6.5174545344852515;21;-3.918530838179814;3;9;4;2;5;5;23;5.93470900679938;3;0;20;2.0201316169353216;15;5;4;0;1;3;2;2;23;2.3482003395312763;8;4;20;-4.091437552342143;4;1;2;7;-0.5882727476582517;15;4;14;2;5;5;0;8;16;1;0;6;19;5;18;1;2;25;19;5;13;6;6;3;3;2;0;1;2;16;24;0;22;-6.040627089605888;15;4;3;23;-4.202540099888889;1;1;5;18;1;21;-6.716758365729132;9;4;0;19;19;1;3;6;5;5;0;5;4;3;12;3;0;2;14;14;1;19;16;5;2;10;11
TRACK:440;430;-1;2;3;5;3;5;1;1;2;1;3;18;6;10;0;2;8;22;6.12551659681798;0;22;0.16087733238063556;19;6;2;3;16;4;13;0;6;0;2;16;11;5;13;2;3;2;12;22;-7.617576427293474;0;6;17;5;24;3;3;5;0;5;4;4;3;5;24;0;0;5;2;1;22;2.4232531570927995;8;5;20;4.205455153341242;6;4;3;16;6;0;1;3;22;-1.641039309139475;6;10;5;0;10;10
TRACK:441;3;-1;1;5;1;6;3;4;1;5;0;0;14;22;4.972880234823502;5;11;5;5;6;15;4;1;3;0;4;6;6;9;3;1;6;15;2;12;12;6;4;5;1;1;22;4.032190742631452;12;5;14;3;3;1;0;1;5;6;1;5;20;4.0612740003190435;6;14;5;6;6;3;25;1;0;1;2;0;12;16;2;24;12;4;0;13;20;-4.504737845806999;5;6;0;17;8;2;6;3;4;17;6;1;5;18;4;18;2;5;1;1;0;0;8;11;2;17;18;6;0;15;25;2;5;5;14;2;6;18;1;23;-4.628554678379909;8;1;0;6;4;0;25;21;-4.293446457801616;3;6;4;13;2;4;2;1;25;19;1;7;-9.604289183650335;15;4;5;0;21;-3.699358175415804;7;8.326521491955988
TRACK:442;434;-1;3;2;1;4;5;6;5;4;2;2;25;22;-3.7355405168257043;1;7;2.7789027732065428;23;7.324827598874069;4;1;1;5;3;2;1;13;14;3;7;4.527241577650718;4;4;6;1;16;25;4;6;1;3;3;17;6;1;19;9;3;5;6;4;0;1;6;4;23;-0.044620146650127535;3;5;23;-2.1503610306594285;0;2;1;18;22;2.2655351440619746;1;22;-1.7830754791237566;10;6;2;18;17
TRACK:443;1;-1;6;2;0;1;5;0;1;3;6;2;25;16;3;4;1;13;13;4;1;5;2;7;6.226695489253456;21;0.05046447331031573;2;6;10;1;15;21;-3.317048012822498;2;1;6;1;5;6;14;2;3;10;6;24;4;3;0;1;22;-0.05632459472375893;15;0;14;17;1;1;3;4;2;24;7;-1.0619425923381225;4;5;5;22;2.2572044229777326;1;5;5;5;16;4;6;1;20;-9.850244275155644;16;0;0;0;5;5;4;4;14;2;6;2;4;13;5;10;4;5;6;24;5;0;1;5;2;9;13;5;4;22;-7.353457148287053;1;2;4;24;1;12;14;4;4;12;5;2;0;2;4;1;17;23;-4.226096612387621;1;1;13;14;6;16;3;6;0;15;21;9.331434508298477;0;4;5;6;19;3;2;3;22;9.244945112089772;1;19;9;3;2;5;4;1;2;5;4;22;-7.850507394167194;2;3;18;6;21;-4.089063462297548;3;5;2;15;20;6.876317889244652;2;3;1;4;4;4;19;1;1;1;14;7;2.4168523142891027;1;15;20;2.419002273210175;6;6;25;1;5;6;6;3;19;6;2;4;0;21;-9.297361890280655;7;-6.712177704785427;3;0;10;22;3.13308639616895
TRACK:444;438;-1;5;0;0;5;4;3;3;2;3;2;7;-0.3687236553364326;15;6;0;9;18;1;1;1;5;2;0;1;15;23;-1.0921657534856288;3;8;2;6;25;6;8;0;2;1;3;22;0.2637494289621216;0;8;18;0;5;14;3;9;5;4;3;9;5;6;2;0;0;14;13;2;20;-6.36821986959637;21;4.706880953277603;3;2;10;11;2;5;2;5;2;5;20;8.413595456646773;4;20;8.101323129547318;4;5;6;11;5;4;5;3;0;10;17;6;3;6;6;3;5;2;4;25;3;8
TRACK:445;431;-1;5;4;2;2;3;2;4;6;6;5;23;4.649815512051206;0;2;4;1;14;16;3;0;10;22;-7.944986672214028;1;4;1;15;10;6;5;24;5;0;0;5;2;1;22;2.388152564265723;8;5;19;6;4;3;16;0;10;10;0;5;5;1;3;0;5;10;2;18;24;1;5;6;22;-0.7299398384040773;1;2;12;15;0;8;20;-1.1489552491565425;5;3;0;2;2;0;16;14;2;24;16;1;0;25;23;4.166398693146176;0;15;25;2;1;0;10;20;-8.593690698233342;5;17;0;5;12;4;23;3.98190708342784
TRACK:446;2;-1;4;2;4;6;1;6;0;5;6;1;23;-5.378413565635106;18;6;6;4;9;5;5;1;2;3;21;-5.088594102142977;6;20;-5.679468883535585;4;6;13;3;2;0;3;5;2;2;5;11;1;14;8;5;4;12;0;5;2;0;1;14;21;7.887935904125559;2;22;8.215945503582597;14;0;4;19;6;12;5;3;3;0;22;-5.119252535246921;18;5;6;5;2;1;6;14;0;11;20;-9.014724204889895;0;0;20;-1.1275508220413748;11;4;22;-9.280682529729951
TRACK:447;435;-1;5;4;2;5;4;2;2;25;22;-3.597906496833638;6;25;0;5;5;4;1;0;1;17;19;3;19;0;3;18;4;23;-0.1258802385201463;5;3;0;2;2;0;16;14;2;24;16;1;0;25;23;4.206604642134047;0;15;25;2;1;0;10;20;-8.602943400886241;5;17;0;5;12;4;23;3.997560741126323
TRACK:448;6;-1;3;2;1;4;5;6;5;4;2;2;25;22;-3.742537651715783;6;25;4;1;1;5;3;2;1;13;14;3;7;4.580017809777423;4;4;6;1;16;25;4;6;1;3;3;17;6;1;19;9;3;5;6;4;0;1;6;4;23;0.22097871412259118;3;6;22;-8.488184997108581;0;2;1;18;9;1;22;-1.8171765726366373;10;6;2;18;17
TRACK:449;439;-1;2;1;1;5;2;0;3;6;1;3;16;1;12;17;0;4;6;2;15;12;2;5;6;13;3;1;20;-0.3716507670323693;25;0;3;5;1;1;22;-6.627687043062727;21;-4.0110475454101735;3;9;4;2;5;5;23;5.9662243698725765;3;0;20;1.797509799895747;15;5;4;0;1;3;2;2;23;2.358266550363001;8;4;20;-4.258956861540295;4;1;2;7;-0.45756360088803516;15;4;14;2;5;5;0;8;16;1;0;6;19;5;18;1;2;25;19;5;13;6;6;3;3;2;0;1;2;16;24;0;22;-5.962852829150161;15;4;3;23;-4.2902464831445855;1;1;5;18;1;21;-6.648626280906288;9;4;0;19;19;1;3;4;1;19;24;5;2;10;11
EVAL_INSTANCE:22:0:440
EVAL_INSTANCE:22:1:441
EVAL_INSTANCE:22:2:442
EVAL_INSTANCE:22:3:443
EVAL_INSTANCE:22:4:444
EVAL_INSTANCE:22:5:445
EVAL_INSTANCE:22:6:446
EVAL_INSTANCE:22:7:447
EVAL_INSTANCE:22:8:448
EVAL_INSTANCE:22:9:449
RUN_RESULT:22:0:0:2000:----
RUN_RESULT:22:1:0:2000:----
RUN_RESULT:22:2:0:2000:----
RUN_RESULT:22:3:0:2000:----
RUN_RESULT:22:4:0:2000:----
RUN_RESULT:22:5:0:2000:----
RUN_RESULT:22:6:0:2000:----
RUN_RESULT:22:7:0:2000:----
RUN_RESULT:22:8:0:2000:----
RUN_RESULT:22:9:0:2000:----
    23 |      230 |  0.000000E+00 | -0.000000E+00
TRACK:450;8;1;5;4;2;2;3;2;4;6;6;5;23;4.635730651306398;0;2;4;1;14;16;3;0;10;22;-8.014155309267682;1;4;1;15;10;6;5;24;5;0;0;5;2;1;22;2.3973296736713916;8;5;20;4.124065254900435;6;19;3;1;3;4;14;2;1;8;16;2;14;16;0;5;5;1;3;0;5;10;2;18;24;1;5;6;22;-0.7707393004792031;1;2;12;15;0;8;20;-1.22928116838189;5;3;0;2;2;0;16;14;2;24;16;1;0;25;23;4.159837156617169;0;15;25;2;1;0;10;20;-8.608927168926252;5;17;0;5;12;4;23;3.967574850125235
TRACK:451;8;1;6;2;0;1;5;0;1;3;20;4.124065254900435;3;4;1;13;13;4;1;5;2;7;6.315454661611891;21;0.0020990115267220943;2;6;10;1;15;21;-3.396727790283787;2;1;6;1;5;6;14;2;3;10;6;24;4;3;0;1;22;0.02873875468655207;15;0;14;17;1;1;3;4;2;24;7;-0.9103980169869779;4;5;5;22;2.147160768064797;1;5;5;5;16;4;6;1;20;-9.687446714045368;16;0;0;0;5;5;4;4;14;2;6;2;4;13;5;10;4;5;6;24;5;0;1;5;2;9;13;5;4;22;-7.529488634423494;1;2;4;24;1;12;14;4;4;12;5;2;0;2;4;1;17;23;-4.206051741293473;1;1;13;14;6;16;3;6;0;9;21;9.321993186572499;0;4;5;6;19;3;2;3;22;9.283806713555926;1;19;9;3;2;5;4;1;2;5;4;22;-7.800754036472092;2;3;18;6;21;-4.120026250168354;3;5;2;15;20;6.936544827334295;2;3;1;4;4;4;19;1;1;1;14;7;2.506418588475869;1;15;20;2.370884575997369;6;6;25;1;5;6;6;3;19;6;2;4;0;21;-9.522203833226273;7;-6.774785840005155;3;0;10;22;3.1807941510229636
TRACK:452;0;5;2;3;5;3;5;1;1;2;1;3;18;6;10;0;2;8;22;6.166854420213021;0;22;0.1857745325288498;19;6;2;3;16;4;13;0;6;0;2;16;11;5;13;3;20;-4.001857885220705;3;3;5;0;5;4;4;3;5;17;0;0;3;1;4;9;1;24;13;4;0;3;13;4;18;6;0;1;3;22;-1.76040891228757;6;10;5;0;10;10
TRACK:453;0;5;6;1;6;6;3;4;1;2;3;5;18;5;6;25;2;1;3;20;-4.001857885220705;1;18;24;0;5;18;3;25;4;5;6;0;5;0;6;0;21;-8.668730307761392;19;6;4;12;2;6;3;4;17;3;3;6;12
TRACK:454;4;9;5;0;0;5;4;3;3;2;3;0;12;18;6;0;9;18;1;1;1;5;2;0;1;15;23;-1.010087854693431;3;8;2;6;25;6;8;0;2;1;6;12;0;8;18;0;5;8;3;9;5;4;3;9;5;6;2;0;0;14;13;2;20;-6.302180647503475;21;4.604463658344235;3;2;10;11;2;5;2;5;2;5;20;8.361287361696558;4;20;8.171550456075863;4;5;6;11;5;4;5;3;0;10;17;6;3;6;6;3;5;2;4;25;3;8
TRACK:455;4;9;1;0;2;1;2;5;6;0;0;4;9;2;24;8;1;2;10;10;6;25;5;2;2;6;5;20;-9.499224034153562;5;5;7;-5.344464982458563;2;2;5;23;2.8045361730800913;3;25;4;3;21;-8.093094851841716;1;3;1;2;4;5;22;-0.13101798697684686;4;0;21;-7.794864910264918;25;3;6;4;23;4.13435960215369;6;2;0;4;1;22;3.2608670220304425;21;1.4832621353424393;4;2;9;17;2;1;1;9;22;1.7463805688068295;4;18;5;0;16;16;2;6;4;3;1;1;2;13;17;2;10;22;1.1209893068662797;3;5;9;0;1;0;2;6;1;25;7;-6.122925515450046;6;6;19;1;4;1;16;13;0;3;9;5;12;3;5;0;2;9;9;5;18;5;5;1;3;5;8;3;5;23;3.311360281167646;1;3;3;6;1;1;1;3;25;3;16;3;3;25;0;3;0;12;25;0;5;9;5;25;2;6;6;0;4;1;0;11;13;3;23;5.412758232368587;3;3;0;13;21;5.210843852977284;2;6;0;0;0;1;12;9;2;16;14;0;1;17;13;1;22;6.368859763598053;11;1;6;3;25;1;3;9;4;17;0;1;1;2;6;7;7.898284256520544;5;14;2;0;17;22;-7.374252878043322;5;17;6;0;1;9;7;-4.230060104678528;3;14;4;0;6;5;25;5;4;19;0;6;3;1;0;5;0;1;1;14;8;3;24;2;2;23;-4.310890728162164;18;0;13;8;0;1;0;0;21;-9.757888362178694;12;3;23;8.461671642964788;6;4;22;1.0923528842315129;2;5;1;7;8.894590010707233;16;2;0;9;18;1;18;14;4;0;4;4;3;18;5;6;3;11;4;5;3;2;1;1;5;4;16;0;0;25;15;1;9;24;6;1;5;15;1;11;19;0;4;0;5;7;-6.354039736752661;1;10;12;5;1;2;24;21;-9.839908248552288;5;24
TRACK:456;0;8;2;3;5;3;5;1;1;2;1;3;18;6;10;0;2;8;22;6.166854420213021;0;25;19;6;2;3;16;4;13;0;6;0;2;16;11;5;13;2;3;2;12;22;-7.736175126214531;0;6;17;5;24;3;3;5;0;5;4;4;3;5;17;0;0;3;1;4;9;1;24;13;4;0;3;13;4;18;6;0;1;3;22;-1.76040891228757;6;10;5;0;10;10
TRACK:457;0;8;5;4;2;2;3;2;4;6;6;5;23;4.635730651306398;0;2;4;1;14;16;3;0;10;22;-8.014155309267682;1;4;1;15;10;6;5;24;5;0;0;5;2;1;22;2.3973296736713916;8;5;20;4.124065254900435;6;4;3;16;3;1;3;4;14;2;1;8;16;2;14;16;0;5;5;1;3;0;5;10;2;18;24;1;5;6;22;-0.7707393004792031;1;2;12;15;0;8;20;-1.22928116838189;5;3;0;2;2;0;16;14;2;24;16;1;2;8;22;6.166854420213021;0;15;25;2;1;0;10;20;-8.608927168926252;5;17;0;5;12;4;23;3.967574850125235
TRACK:458;3;5;1;5;1;6;3;4;1;5;0;0;14;22;4.991784948319722;5;11;5;5;6;15;4;1;3;0;4;6;6;9;3;1;6;15;2;12;12;6;4;5;1;1;22;4.11235992743476;12;5;14;3;3;1;0;1;5;6;1;5;20;3.940093784039769;6;14;5;6;6;4;17;1;0;1;2;0;12;16;2;24;12;4;0;13;20;-4.5371671661691115;17;2;6;3;4;17;6;1;5;18;4;18;2;5;1;1;0;0;8;11;2;17;18;6;0;15;25;2;5;5;14;2;6;18;1;23;-4.618565988378995;8;1;0;6;4;0;25;21;-4.273100267085299;3;6;4;13;2;4;2;1;25;19;1;7;-9.625467296479883;15;4;5;0;21;-3.7364764609539254;7;8.229177339132015
TRACK:459;3;5;6;1;6;6;3;4;1;2;3;5;18;5;6;25;2;1;3;20;-4.001857885220705;1;18;24;0;5;18;3;25;4;5;6;0;5;0;6;0;21;-8.668730307761392;19;6;4;12;2;6;3;4;17;4;17
TRACK:460;450;-1;5;4;2;2;3;2;4;6;6;5;23;4.727221612694829;0;2;4;1;14;16;3;0;18;22;-7.9488232309233116;1;4;1;15;10;6;5;24;5;0;0;5;2;1;22;2.380941017052443;8;5;20;4.145724384111321;6;19;3;1;3;4;14;2;1;8;16;2;14;16;0;5;5;1;3;0;5;10;2;18;24;1;5;6;22;-0.8584420956127757;1;2;12;15;0;8;20;-1.3254191211132815;5;3;0;2;2;0;16;14;2;24;16;1;0;25;23;4.19006492722048;0;15;25;2;1;0;10;20;-8.455679354560528;5;17;0;5;12;4;23;3.96420756197861
TRACK:461;452;-1;2;3;5;3;5;1;1;2;1;3;18;6;10;0;2;8;22;6.212375714262546;0;22;0.15738466841041665;19;6;2;3;16;4;13;0;6;0;2;16;11;5;13;3;20;-3.9639684915632136;3;3;5;0;5;4;4;4;15;0;0;3;1;4;9;1;24;13;4;0;3;13;4;18;6;0;1;3;22;-1.8135814712692615;6;10;5;0;10;10
TRACK:462;454;-1;5;0;0;5;4;3;3;2;3;0;12;18;6;0;9;18;1;1;1;5;2;0;1;15;23;-0.9139033589797096;3;8;2;6;25;6;8;0;2;1;6;12;0;8;18;0;5;8;3;9;5;4;3;9;5;6;2;0;0;14;13;0;12;12;3;2;10;11;2;5;2;5;2;5;20;8.340447943154311;4;20;8.304295654256988;4;5;6;11;5;4;5;3;0;10;17;6;3;6;6;3;5;2;4;25;3;8
TRACK:463;456;-1;2;3;5;3;5;1;1;2;1;3;18;6;10;0;2;8;22;6.195465004002695;0;25;19;5;4;3;16;0;6;0;2;16;11;5;13;2;3;2;12;22;-7.8380045702819;0;6;17;5;24;3;3;5;0;5;4;4;3;5;17;0;0;3;1;4;9;1;24;13;4;0;3;13;4;18;6;0;1;3;22;-1.9057672518204947;6;10;5;0;10;10
TRACK:464;458;-1;1;5;1;6;3;5;1;2;23;6.960390366253517;13;2;14;21;-2.57845729547884;4;1;3;0;4;6;6;9;3;1;6;15;2;12;12;6;4;5;1;1;22;4.235802869610547;12;5;14;3;3;1;0;1;5;6;1;5;20;3.7981507569006605;6;14;5;6;6;4;17;1;0;1;2;0;12;16;2;24;12;4;0;13;20;-4.5565833648844025;17;2;6;3;4;17;6;1;5;18;4;18;2;5;1;1;0;0;8;11;2;17;18;6;0;15;25;2;5;5;14;2;6;18;1;23;-4.411084200428485;8;1;0;6;4;0;25;21;-4.205365150124662;3;6;4;13;2;4;2;1;25;19;1;7;-9.615913895939183;15;4;5;0;21;-3.699091608631974;7;8.128341233079961
TRACK:465;451;-1;6;2;0;1;5;0;1;3;20;4.044380599748572;3;4;1;13;13;4;1;5;2;7;6.434750486382647;21;0.04702894431445548;2;6;10;1;15;21;-3.424952092708266;2;1;6;1;5;6;14;2;3;10;6;24;4;3;0;1;22;-0.1402761027572106;15;0;14;17;1;1;3;4;2;24;7;-1.0204216271287359;4;5;5;22;2.0885071534361526;1;5;5;5;16;4;6;1;20;-9.70382522976227;16;0;0;0;5;5;4;4;14;2;6;2;4;13;5;10;4;5;6;24;5;0;1;5;2;9;13;5;4;22;-7.537087357748767;1;2;4;24;1;12;14;4;4;12;5;2;0;2;4;1;17;23;-4.328318389603421;1;1;13;14;6;16;3;6;0;9;21;9.386237105854295;0;4;5;6;19;3;2;3;10;1;19;9;3;2;5;4;1;2;5;4;22;-7.989326720972638;2;3;18;6;21;-3.8258820387927965;3;5;2;15;20;6.93377947385905;2;3;1;4;4;4;19;1;1;1;14;7;2.4330052011916408;1;15;20;2.4280624471545025;6;6;25;1;5;6;6;3;19;6;2;4;0;21;-9.513145433312413;7;-6.946723640812653;3;0;10;22;3.2133139991109685
TRACK:466;453;-1;6;1;6;6;3;4;1;2;3;5;18;5;6;25;2;1;3;20;-3.927148201659049;1;18;24;0;5;18;3;25;4;5;6;0;5;0;6;0;21;-8.752970029523349;19;6;4;12;2;6;3;4;17;3;3;16
TRACK:467;455;-1;1;0;2;1;2;5;6;0;0;4;9;2;24;8;1;2;10;10;6;25;5;2;2;6;5;20;-9.462180960780548;5;5;25;2;2;5;23;2.5882787902404516;3;25;4;3;21;-7.934283226481977;1;3;1;2;4;5;22;-0.2721415956613925;4;0;21;-7.680537656934917;25;3;6;4;23;4.0893623008736455;6;2;0;4;1;22;3.315065804216287;21;1.4439182118610165;4;2;9;17;2;1;1;9;22;1.8341900267682492;4;18;5;0;16;16;2;6;4;3;1;1;2;13;17;2;10;22;1.135712126228558;3;5;9;0;1;0;2;6;1;25;7;-6.12768688676178;6;6;19;1;4;1;16;13;0;3;9;5;12;3;5;0;2;9;9;5;18;5;5;1;3;5;8;3;5;23;3.1568189643274316;1;3;3;6;1;1;1;3;25;3;16;3;3;25;0;3;0;12;25;0;5;9;5;25;2;6;6;0;4;1;0;11;13;3;23;5.4698782864779405;3;3;0;13;21;5.039406240203175;2;6;0;0;0;1;12;9;2;16;14;0;1;17;13;1;22;6.570967151888453;11;1;6;3;25;1;3;9;4;17;0;1;1;2;6;7;7.849682233109757;5;14;2;0;17;22;-7.468124307891642;5;17;6;0;1;9;7;-4.242572539695273;3;14;4;0;6;5;25;5;4;19;0;6;3;1;0;5;0;1;1;14;8;3;24;2;2;23;-4.299941102804242;18;0;13;8;0;1;0;0;21;-9.818779354489124;12;3;23;8.501561677800801;6;4;22;1.15180554465669;2;5;1;7;8.771045668614509;16;2;0;9;18;1;18;14;4;0;4;4;3;18;5;6;3;11;4;5;3;2;1;1;5;4;16;0;0;25;15;1;9;24;6;1;5;15;1;11;19;0;4;0;5;7;-6.297208318636085;1;10;12;5;1;2;24;21;-9.844050074371301;5;24
TRACK:468;457;-1;5;4;2;2;3;2;4;6;6;5;23;4.692231206589162;0;2;4;1;14;16;3;0;10;22;-8.114096163336882;1;4;1;15;10;6;5;24;5;0;0;5;2;1;22;2.5289594714952695;8;5;20;4.257666789930593;6;4;5;8;3;1;3;4;14;2;1;8;16;2;14;16;0;5;5;1;3;0;5;10;2;18;24;1;5;6;22;-0.8395799727964122;1;2;12;15;0;8;20;-1.3254102384625217;5;3;0;2;2;0;16;14;2;24;16;1;2;8;22;6.1090880117483435;0;15;25;2;1;0;10;20;-8.54103652580081;5;17;0;5;12;4;23;3.8034573731065047
TRACK:469;459;-1;6;1;6;6;3;4;1;2;3;5;18;5;6;25;2;1;3;20;-3.9544477398489404;1;20;5.64102209263549;24;0;5;18;3;25;4;5;6;0;5;0;6;0;21;-8.679100905999555;19;6;4;12;2;6;3;4;17;4;17
EVAL_INSTANCE:23:0:460
EVAL_INSTANCE:23:1:461
EVAL_INSTANCE:23:2:462
EVAL_INSTANCE:23:3:463
EVAL_INSTANCE:23:4:464
EVAL_INSTANCE:23:5:465
EVAL_INSTANCE:23:6:466
EVAL_INSTANCE:23:7:467
EVAL_INSTANCE:23:8:468
EVAL_INSTANCE:23:9:469
RUN_RESULT:23:0:0:2000:----
RUN_RESULT:23:1:0:2000:----
RUN_RESULT:23:2:0:2000:----
RUN_RESULT:23:3:0:2000:----
RUN_RESULT:23:4:0:2000:----
RUN_RESULT:23:5:0:2000:----
RUN_RESULT:23:6:0:2000:----
RUN_RESULT:23:7:0:2000:----
RUN_RESULT:23:8:0:2000:----
RUN_RESULT:23:9:0:2000:----
    24 |      240 |  0.000000E+00 | -0.000000E+00
TRACK:470;4;8;5;0;0;5;4;3;3;2;3;0;12;18;6;0;9;18;1;1;1;5;2;0;1;15;23;-1.010087854693431;3;8;2;6;25;6;8;0;2;1;6;12;0;8;18;0;5;14;3;9;5;4;3;9;5;6;2;0;0;14;13;2;20;-6.302180647503475;21;4.604463658344235;3;2;10;11;2;5;2;5;2;2;14;16;4;20;8.171550456075863;4;5;6;11;5;4;5;3;0;10;17;6;3;6;6;3;5;2;4;25;3;8
TRACK:471;4;8;5;4;2;2;3;2;4;6;6;5;23;4.635730651306398;0;2;4;1;14;16;3;0;10;22;-8.014155309267682;1;4;1;15;10;3;9;5;0;0;5;2;1;22;2.3973296736713916;8;5;20;4.124065254900435;6;4;3;16;3;1;3;4;14;2;1;8;16;2;14;16;0;5;5;1;3;0;5;10;2;18;24;1;5;6;22;-0.7707393004792031;1;2;12;15;0;8;20;-1.22928116838189;5;3;0;2;2;0;16;14;2;24;16;1;0;25;23;4.159837156617169;0;15;25;2;1;0;10;20;-8.608927168926252;5;17;0;5;12;4;23;3.967574850125235
TRACK:472;5;3;6;1;6;6;3;4;1;2;3;5;18;5;6;25;2;1;3;20;-4.001857885220705;1;18;24;0;5;18;3;25;4;5;6;0;5;0;6;0;21;-8.668730307761392;19;6;4;12;2;6;3;4;17;5;6;0;17;8
TRACK:473;5;3;1;5;1;6;3;4;1;5;0;0;14;22;4.991784948319722;5;11;5;5;6;15;4;1;3;0;4;6;6;9;3;1;6;15;2;12;12;6;4;5;1;1;22;4.11235992743476;12;5;14;3;3;1;0;1;5;6;1;5;20;3.940093784039769;6;14;5;6;6;4;17;1;0;1;2;19;2;24;12;4;0;13;20;-4.5371671661691115;5;6;0;17;8;2;6;3;4;17;6;1;5;18;4;18;2;5;1;1;0;0;8;11;2;17;18;6;0;15;25;2;5;5;14;2;6;18;1;23;-4.618565988378995;8;1;0;6;4;0;25;21;-4.273100267085299;3;6;4;13;2;4;2;1;25;19;1;7;-9.625467296479883;15;4;5;0;21;-3.7364764609539254;7;8.229177339132015
TRACK:474;9;8;1;0;2;1;2;5;6;0;0;4;9;2;24;8;1;2;10;10;6;25;5;2;2;6;5;20;-9.499224034153562;5;5;7;-5.344464982458563;2;2;5;23;2.8045361730800913;3;25;4;3;21;-8.093094851841716;1;3;1;2;4;5;22;-0.13101798697684686;4;0;21;-7.794864910264918;25;3;6;4;23;4.13435960215369;6;2;0;4;1;22;3.2608670220304425;21;1.4832621353424393;4;2;9;17;2;1;1;9;22;1.7463805688068295;4;18;5;0;16;16;2;6;4;3;1;1;2;13;17;2;10;22;1.1209893068662797;3;5;9;0;1;0;2;6;1;25;7;-6.122925515450046;6;6;19;1;4;1;16;13;0;3;9;5;12;3;5;0;2;9;9;5;18;5;5;1;3;5;8;3;5;23;3.311360281167646;1;3;3;6;1;1;1;3;25;3;16;3;3;25;0;3;0;12;25;0;5;9;5;25;2;6;6;0;4;1;0;11;13;3;23;5.412758232368587;3;3;0;13;21;5.210843852977284;2;6;0;0;0;1;12;9;2;16;14;0;1;17;13;1;22;6.368859763598053;11;1;6;3;25;1;3;9;4;17;0;1;1;2;6;7;7.898284256520544;6;22;-0.7707393004792031;2;0;17;22;-7.374252878043322;5;17;6;0;1;9;7;-4.230060104678528;3;14;4;0;6;5;25;5;4;19;0;6;3;1;0;5;0;1;1;14;8;3;24;2;2;23;-4.310890728162164;18;0;13;8;0;1;0;0;21;-9.757888362178694;12;3;23;8.461671642964788;6;4;22;1.0923528842315129;2;5;1;7;8.894590010707233;16;2;4;10;1;18;14;4;0;4;4;3;18;5;6;3;11;4;5;3;2;1;1;5;4;16;0;0;25;15;1;9;24;6;1;5;15;1;11;19;0;4;0;5;7;-6.354039736752661;1;10;12;5;1;2;24;21;-9.839908248552288;5;24
TRACK:475;9;8;5;4;2;2;3;2;4;6;6;5;23;4.635730651306398;0;2;4;1;14;16;3;0;10;22;-8.014155309267682;1;4;1;15;10;6;5;24;5;0;0;5;2;1;22;2.3973296736713916;8;5;20;4.124065254900435;6;4;3;16;3;1;3;4;14;2;1;8;16;5;14;0;5;5;1;3;0;5;10;2;18;24;1;5;6;22;-0.7707393004792031;1;2;12;15;0;8;20;-1.22928116838189;5;3;0;2;2;0;16;14;2;24;16;1;0;25;23;4.159837156617169;0;15;25;2;1;0;10;20;-8.608927168926252;5;17;0;5;12;4;23;3.967574850125235
TRACK:476;2;5;4;2;4;6;1;6;0;5;6;1;23;-5.30978755979069;18;6;6;4;9;5;5;1;2;3;21;-5.161934821656516;6;20;-5.700985251063289;4;25;3;2;0;3;5;2;2;5;11;1;14;8;5;4;12;0;5;2;0;1;14;21;7.873851360550713;2;22;8.419442386046821;14;0;4;19;6;12;5;3;3;0;22;-5.218509690933848;18;5;6;0;5;0;1;19;8;0;14;23;-0.41950358716877467;6;0;4;19;0;25;16
TRACK:477;2;5;6;1;6;6;3;4;1;14;2;1;3;20;-4.001857885220705;1;18;24;0;5;18;3;25;4;5;6;0;5;0;6;0;21;-8.668730307761392;19;6;4;12;2;6;3;4;17;3;3;6;12
TRACK:478;9;7;1;0;2;1;2;5;6;0;0;4;9;2;24;8;1;2;10;10;6;25;5;2;2;6;5;20;-9.499224034153562;5;5;7;-5.344464982458563;2;2;5;23;2.8045361730800913;3;25;4;3;21;-8.093094851841716;1;3;1;2;4;5;22;-0.13101798697684686;4;0;21;-7.794864910264918;25;3;6;4;23;4.13435960215369;6;2;0;4;1;22;3.2608670220304425;21;1.4832621353424393;4;2;9;17;2;1;1;9;22;1.7463805688068295;4;18;5;0;16;16;2;6;4;3;1;1;2;13;17;2;10;22;1.1209893068662797;3;5;9;0;1;0;2;6;1;25;7;-6.122925515450046;6;6;19;1;4;1;16;13;0;3;9;5;12;3;5;0;2;9;9;5;18;5;5;1;3;5;8;3;5;23;3.311360281167646;1;3;3;6;1;1;1;3;25;3;16;3;3;25;0;3;0;12;25;0;5;9;5;25;2;6;6;0;4;1;0;11;13;3;23;5.412758232368587;3;3;0;13;21;5.210843852977284;2;6;0;1;5;18;1;21;-6.716758365729132;9;1;6;3;25;1;3;9;4;17;0;1;1;2;6;7;7.898284256520544;5;14;2;0;17;22;-7.374252878043322;5;17;6;0;1;9;7;-4.230060104678528;3;14;4;0;6;5;25;5;4;19;0;6;3;1;0;5;0;1;1;14;8;3;24;2;2;23;-4.310890728162164;18;0;13;8;0;1;0;0;21;-9.757888362178694;12;3;23;8.461671642964788;6;4;22;1.0923528842315129;2;5;1;7;8.894590010707233;16;2;4;10;1;18;14;4;0;4;4;3;18;5;6;3;11;4;5;3;2;1;1;5;4;16;0;0;25;15;1;9;24;6;1;5;15;1;11;19;0;4;0;5;7;-6.354039736752661;1;10;12;5;1;2;24;21;-9.839908248552288;5;24
TRACK:479;9;7;2;1;1;5;2;0;3;6;1;3;16;1;12;17;0;4;6;2;15;12;2;5;6;13;3;1;20;-0.24698390480495824;25;0;3;5;1;1;22;-6.5174545344852515;21;-3.918530838179814;3;9;4;2;5;5;23;5.93470900679938;3;0;20;2.0201316169353216;15;5;4;0;1;3;2;2;23;2.3482003395312763;8;4;20;-4.091437552342143;4;1;2;7;-0.5882727476582517;15;4;14;2;5;5;0;8;16;1;0;6;19;5;18;1;2;25;19;5;13;6;6;3;3;2;0;1;2;16;24;0;22;-6.040627089605888;15;4;3;23;-4.202540099888889;1;1;5;18;1;21;-6.716758365729132;9;4;0;19;19;1;3;6;5;5;0;5;4;3;12;3;0;2;14;14;1;19;25;5;6;1;5;6;2;0;5;25;4;20;-2.9553149788213995;4;0;23;-8.568362190186328;11;6;1;5;0;3;21;-8.404935025272703;0;15;9;1;1;4;20;7.665704473583883;4;19;1;3;7;5.138355166497966;3;16
TRACK:480;470;-1;5;0;0;5;4;3;3;2;3;6;22;-6.792534503233236;6;0;9;18;1;1;1;5;2;0;1;15;23;-1.141747994523012;3;8;2;6;25;6;8;0;2;1;6;12;0;8;18;0;5;14;3;9;5;4;3;9;5;6;2;0;0;14;13;2;20;-6.392187663425033;21;4.501311388366181;3;2;10;11;2;5;2;5;2;2;14;16;4;20;8.348962294309683;4;5;6;11;5;4;5;3;0;10;17;6;3;6;6;3;5;2;4;25;3;8
TRACK:481;472;-1;6;1;6;6;3;4;1;2;3;5;21;3.0401513413253873;5;6;25;2;1;3;20;-4.127409105899851;1;18;24;0;5;18;3;25;4;5;6;0;5;0;6;0;21;-8.52674151443975;19;6;4;12;2;6;3;4;17;5;6;0;17;8
TRACK:482;474;-1;1;0;2;1;2;5;6;0;0;4;9;2;24;8;1;2;10;10;6;25;5;2;2;6;5;20;-9.320936964833225;5;5;7;-5.407240733478792;2;2;5;23;2.815818053858552;3;25;4;3;21;-8.171148064168287;1;3;1;2;4;5;22;-0.26993288236495183;4;0;21;-7.765754645507246;25;3;6;4;23;4.2915032177545696;6;2;0;4;1;22;3.3791768189365397;21;1.3536572552718968;4;2;9;17;2;1;1;9;22;1.9198489540434118;4;18;5;0;16;16;2;6;4;3;1;1;2;13;17;2;10;22;1.1867848586136542;3;5;9;0;1;0;2;6;1;25;7;-6.1033724155018705;6;6;19;1;4;1;16;13;0;3;9;5;12;3;5;0;2;9;9;5;18;5;5;1;3;5;8;3;5;23;3.2354919338075674;1;3;3;6;1;1;1;3;25;3;16;3;3;25;0;3;0;12;25;0;5;9;5;25;2;6;6;0;4;1;0;11;13;3;23;5.401825518053967;3;3;0;13;21;5.236490415044906;2;6;0;0;0;2;14;9;1;14;23;2.668304150251341;6;0;18;19;1;6;3;25;1;3;9;4;17;0;1;1;2;6;7;7.772344762330021;6;22;-0.7425599710908043;2;0;17;22;-7.288126637735719;5;17;6;0;1;9;7;-4.205555168845494;3;14;4;0;6;5;25;5;4;19;0;6;3;1;0;5;0;1;1;14;8;3;24;2;2;23;-4.307389971012335;18;0;13;8;0;1;0;0;21;-9.70486870257998;12;3;23;8.344224643587305;6;4;22;0.7992438418694059;2;5;1;7;8.820285570556342;16;2;4;10;1;18;14;4;0;4;4;3;18;5;6;3;11;4;5;3;2;1;1;5;4;16;0;0;25;15;1;9;24;6;1;5;15;1;11;19;0;4;0;5;7;-6.387270948335814;1;10;12;5;1;2;24;21;-9.907311089659176;5;24
TRACK:483;476;-1;4;2;4;6;1;6;0;5;6;1;23;-5.384668263593177;18;6;6;4;9;5;5;1;2;3;21;-5.153790047455329;6;20;-5.760578335949376;4;25;3;2;0;3;5;2;2;5;11;1;14;8;5;4;12;0;5;2;0;1;14;21;7.69328522570814;2;22;8.29952509210835;20;-3.6301015361695432;0;4;19;6;12;5;3;3;0;22;-5.185621283008293;18;5;6;0;5;0;1;19;8;0;14;23;-0.5114167739823502;6;0;4;19;0;25;16
TRACK:484;9;-1;1;0;2;1;2;5;6;0;0;4;9;2;24;8;1;2;10;10;6;25;5;2;2;6;5;20;-9.454244122728864;5;5;7;-5.317022457227402;2;2;5;23;2.5128666498661056;3;25;4;3;21;-8.117044067136366;1;3;3;3;3;22;-8.606698700736668;6;2;0;4;1;22;3.346193409672473;21;1.5143885040175216;4;2;9;17;2;1;1;9;22;1.6268672171588718;4;18;5;0;16;16;2;6;4;3;1;1;2;13;17;2;10;22;1.0551177920245065;3;5;9;0;1;0;2;6;1;25;7;-6.289443211728306;6;6;19;1;4;1;16;13;0;3;9;5;12;3;5;0;2;9;9;5;18;5;5;1;3;5;8;3;5;23;3.5189793734911543;1;3;3;6;1;1;1;3;25;3;16;3;3;25;0;3;0;12;25;0;5;9;5;25;2;6;6;0;4;1;0;11;13;3;23;5.547746511264427;3;3;0;13;21;5.398188204501653;2;6;0;0;0;1;12;9;2;16;14;0;1;17;13;1;22;6.352495959413585;11;1;6;3;25;1;3;9;4;17;0;1;1;2;6;7;7.7906125451634365;5;14;2;0;17;22;-7.36653454364895;5;17;6;0;1;9;7;-4.024833539115352;3;14;4;0;6;5;25;5;4;19;0;6;3;1;0;5;0;1;1;14;8;3;24;2;2;23;-4.307829412635907;18;0;13;8;0;1;0;0;21;-9.871806546400595;12;3;23;8.410191635228141;6;4;22;0.9517184249418993;2;5;1;7;8.767707408055491;16;2;4;10;1;18;14;4;0;4;4;3;18;5;6;3;11;4;5;3;2;1;1;5;4;16;0;0;25;15;1;9;24;6;1;5;15;1;11;19;0;4;0;5;7;-6.387620952344759;1;10;12;5;1;2;24;21;-9.85147328568988;5;24
TRACK:485;471;-1;5;4;2;2;3;2;4;6;6;5;23;4.597954181273077;0;2;4;1;14;16;3;0;10;22;-8.125071851544686;1;4;1;15;10;3;9;5;0;0;5;2;1;22;2.469507447471751;8;5;20;3.868967517787871;6;4;3;16;3;1;3;4;14;2;1;8;16;2;14;16;0;5;5;1;3;0;5;10;2;18;24;1;5;6;22;-0.5844824108566522;1;2;12;15;0;8;20;-1.3024985184713138;5;3;0;2;2;0;16;14;2;24;21;-4.048510795413605;1;0;25;23;4.016554896951752;0;15;25;2;1;0;10;20;-8.743733345169439;5;17;0;5;12;4;23;4.032591917737476
TRACK:486;473;-1;1;5;1;6;3;4;1;5;0;0;14;22;5.268772766303262;5;11;5;5;6;15;4;1;3;0;4;6;6;9;3;1;6;15;2;12;12;6;4;5;1;1;22;4.189964312791093;12;5;14;3;3;1;0;1;5;6;1;5;20;4.0960028889618885;6;14;5;6;6;4;17;1;0;1;2;19;2;24;12;4;0;13;20;-4.629867431510323;5;6;0;17;8;2;6;3;4;17;3;1;19;14;2;5;1;1;0;0;8;11;2;17;18;6;0;15;25;2;5;5;14;2;6;18;1;23;-4.608178242380384;8;1;0;6;4;0;25;21;-4.128730540674137;3;6;4;13;2;4;2;1;25;19;1;7;-9.828218610290818;15;4;5;0;21;-3.8481169796061705;7;8.309538417150845
TRACK:487;475;-1;5;4;2;2;3;2;4;6;6;5;23;4.746189394736967;0;2;4;1;14;16;3;0;10;22;-7.965123399132675;1;4;1;15;10;6;5;24;5;0;0;5;2;1;22;2.4515685874715873;8;5;20;4.179846563948695;6;4;3;16;3;1;3;4;14;2;1;8;16;5;14;0;5;5;1;3;0;5;10;2;18;24;1;5;6;22;-0.6626858049683757;1;2;12;15;0;8;20;-1.2438292285213164;5;3;0;2;2;0;16;14;2;24;16;1;0;25;23;4.023090504249484;0;15;25;2;1;0;10;20;-8.720215760322857;5;17;0;5;12;4;23;3.823298572875533
TRACK:488;477;-1;6;1;6;6;3;4;1;14;2;1;3;20;-3.973592992058338;1;18;24;0;5;18;3;25;4;5;6;0;5;0;6;0;21;-8.577451053857137;19;6;4;12;2;6;3;4;13;3;3;6;12
TRACK:489;7;-1;2;1;1;5;2;0;3;6;1;3;16;1;12;17;0;4;6;2;15;12;2;5;6;13;3;1;20;-0.16315156691952717;25;0;3;5;1;1;22;-6.585858905324349;21;-3.8870039465162742;3;9;4;2;5;5;23;5.96816398172022;3;0;20;1.9710863318623757;15;5;4;0;1;3;2;2;23;2.38057079570494;8;4;20;-4.163549531490653;4;1;2;7;-0.5919767758424958;15;4;14;2;5;5;0;8;16;1;0;6;19;5;18;1;2;25;19;5;13;6;6;3;3;2;0;1;2;16;24;0;22;-5.896471316118492;15;4;3;23;-4.1422478597609835;1;1;5;18;1;21;-6.7936315151407936;9;4;0;19;19;1;3;6;5;5;0;5;4;3;12;3;0;2;14;14;1;19;16;5;6;1;5;6;2;0;5;25;4;20;-3.0376228963430703;4;0;23;-8.5401959642029;11;6;1;5;0;3;21;-8.197798983280626;0;15;9;1;1;4;20;7.570863488443443;4;19;1;3;7;5.161266953320865;5;19
EVAL_INSTANCE:24:0:480
EVAL_INSTANCE:24:1:481
EVAL_INSTANCE:24:2:482
EVAL_INSTANCE:24:3:483
EVAL_INSTANCE:24:4:484
EVAL_INSTANCE:24:5:485
EVAL_INSTANCE:24:6:486
EVAL_INSTANCE:24:7:487
EVAL_INSTANCE:24:8:488
EVAL_INSTANCE:24:9:489
RUN_RESULT:24:0:0:2000:----
RUN_RESULT:24:1:0:2000:----
RUN_RESULT:24:2:0:2000:----
RUN_RESULT:24:3:0:2000:----
RUN_RESULT:24:4:0:2000:----
RUN_RESULT:24:5:0:1872:DDRRDDRULURDRURULLLLLDLUUUDRRULRRDRDRDRDRULULUUUUR
RUN_RESULT:24:6:0:2000:----
RUN_RESULT:24:7:0:2000:----
RUN_RESULT:24:8:0:2000:----
RUN_RESULT:24:9:0:2000:----
    25 |      250 | -2.128000E+02 | -2.128000E+03
TRACK:490;8;485;5;4;2;2;3;2;4;6;6;5;23;4.635730651306398;0;1;14;16;1;4;1;15;10;6;5;24;5;0;0;5;2;1;22;2.3973296736713916;8;5;20;4.124065254900435;6;4;3;16;3;1;3;4;14;2;1;8;16;2;14;16;0;5;5;1;3;0;5;10;2;18;24;1;5;6;22;-0.7707393004792031;1;2;12;15;0;8;20;-1.22928116838189;5;3;0;2;2;0;16;14;2;24;16;1;0;25;23;4.159837156617169;0;15;25;2;1;0;10;20;-8.608927168926252;5;17;0;5;12;4;23;3.967574850125235
TRACK:491;8;485;5;4;2;2;3;2;4;6;6;5;23;4.597954181273077;0;2;4;1;14;16;3;0;10;22;-8.125071851544686;1;4;1;15;10;3;9;5;0;0;5;2;1;22;2.469507447471751;8;5;20;3.868967517787871;6;4;3;16;3;1;1;8;16;2;1;8;16;2;14;16;0;5;5;1;3;0;5;10;2;18;24;1;5;6;22;-0.5844824108566522;1;2;12;15;0;8;20;-1.3024985184713138;5;3;0;2;2;0;16;14;2;24;21;-4.048510795413605;1;0;25;23;4.016554896951752;0;15;25;2;1;0;10;20;-8.743733345169439;5;17;0;5;12;4;23;4.032591917737476
TRACK:492;4;3;5;0;0;5;4;3;3;2;3;0;12;18;6;0;9;18;11;6;3;6;6;3;5;2;4;25;3;8
TRACK:493;4;3;1;5;1;6;3;4;1;5;0;0;14;22;4.991784948319722;5;11;5;5;6;15;4;1;3;0;4;6;6;9;3;1;6;15;2;12;12;6;4;5;1;1;22;4.11235992743476;12;5;14;3;3;1;0;1;5;6;1;5;20;3.940093784039769;6;14;5;6;6;4;17;1;0;1;2;0;12;16;2;24;12;4;0;13;20;-4.5371671661691115;5;6;0;17;8;2;6;3;4;17;6;1;5;18;4;18;2;5;1;1;0;0;8;11;2;17;18;6;0;15;25;2;5;5;14;2;6;18;1;23;-4.618565988378995;8;1;0;6;4;0;25;21;-4.273100267085299;3;6;4;13;2;4;2;1;25;19;1;7;-9.625467296479883;15;4;0;5;14;3;9
TRACK:494;2;485;4;2;4;6;1;6;0;5;6;1;23;-5.30978755979069;18;6;6;4;9;5;5;1;2;3;21;-5.161934821656516;6;20;-5.700985251063289;4;6;13;3;2;0;3;5;2;2;5;11;1;14;8;5;4;12;0;5;2;0;1;14;21;7.873851360550713;2;22;8.419442386046821;14;0;4;19;6;12;5;3;3;0;22;-5.218509690933848;18;20;-1.3024985184713138
TRACK:495;2;485;5;4;2;2;3;2;4;6;6;5;23;4.597954181273077;0;2;4;1;14;16;3;0;10;22;-8.125071851544686;1;4;1;15;10;3;9;5;0;0;5;2;1;22;2.469507447471751;8;5;20;3.868967517787871;6;4;3;16;3;1;3;4;14;2;1;8;16;2;14;16;0;5;0;14;23;-0.41950358716877467;5;3;0;2;2;0;16;14;2;24;21;-4.048510795413605;1;0;25;23;4.016554896951752;0;15;25;2;1;0;10;20;-8.743733345169439;5;17;0;5;12;4;23;4.032591917737476
TRACK:496;4;2;5;0;0;5;4;3;3;2;3;0;12;18;6;0;9;18;1;1;1;5;2;0;1;15;23;-1.010087854693431;3;8;2;6;25;6;8;0;2;1;23;-5.30978755979069;18;0;5;14;3;9;5;4;3;9;5;6;2;0;0;14;13;2;20;-6.302180647503475;21;4.604463658344235;3;2;10;11;2;5;2;5;2;5;20;8.361287361696558;4;20;8.171550456075863;4;5;6;11;5;4;5;3;0;10;17;6;3;6;6;3;5;2;4;25;3;8
TRACK:497;4;2;4;2;4;6;1;6;0;5;6;1;23;-5.30978755979069;18;6;6;4;9;5;5;1;2;3;21;-5.161934821656516;6;20;-5.700985251063289;4;6;13;3;2;0;3;5;2;2;5;11;1;14;8;5;4;12;0;5;2;0;1;14;21;7.873851360550713;2;22;8.419442386046821;14;0;4;21;4.604463658344235;6;12;5;3;3;0;22;-5.218509690933848;18;5;6;0;5;0;1;19;8;0;14;23;-0.41950358716877467;6;0;4;19;0;25;16
TRACK:498;3;7;1;5;1;6;3;4;1;5;0;0;14;22;4.991784948319722;5;11;5;5;6;15;4;1;3;0;4;6;6;9;3;0;20;2.0201316169353216;15;6;4;5;1;1;22;4.11235992743476;12;5;14;3;3;1;0;1;5;6;1;5;20;3.940093784039769;6;14;5;6;6;4;17;1;0;1;2;0;12;16;2;24;12;4;0;13;20;-4.5371671661691115;5;6;0;17;8;2;6;3;4;17;6;1;5;18;4;18;2;5;1;1;0;0;8;11;2;17;18;6;0;15;25;2;5;5;14;2;6;18;1;23;-4.618565988378995;8;1;0;6;4;0;25;21;-4.273100267085299;3;6;4;13;2;4;2;1;25;19;1;7;-9.625467296479883;15;4;5;0;21;-3.7364764609539254;7;8.229177339132015
TRACK:499;3;7;2;1;1;5;2;0;3;6;1;3;16;1;12;17;0;4;6;2;15;12;2;5;6;13;3;1;20;-0.24698390480495824;25;0;3;5;1;1;22;-6.5174545344852515;21;-3.918530838179814;3;9;4;2;5;5;23;5.93470900679938;3;0;20;2.0201316169353216;15;5;4;0;1;3;2;2;23;2.3482003395312763;8;4;20;-4.091437552342143;4;1;2;7;-0.5882727476582517;15;4;14;2;5;5;0;8;16;1;0;6;19;5;18;1;2;25;19;5;13;6;6;3;3;2;0;1;2;16;24;0;22;-6.040627089605888;15;4;3;23;-4.202540099888889;1;1;5;18;1;21;-6.716758365729132;9;4;0;19;19;1;3;6;5;5;0;5;4;3;12;3;0;2;14;14;1;19;16;5;6;1;5;6;2;0;5;25;17;4;0;23;-8.568362190186328;11;6;1;5;0;3;21;-8.404935025272703;0;15;9;1;1;4;20;7.665704473583883;4;19;1;3;7;5.138355166497966;3;16
TRACK:500;490;-1;5;4;2;2;3;2;4;6;6;5;23;4.5697226732177985;0;1;14;16;1;4;1;15;10;6;5;24;5;0;0;5;2;1;22;2.556421102315147;8;5;20;4.048461482833418;6;4;3;16;3;1;3;4;14;2;1;8;16;2;14;16;0;5;5;1;3;0;5;10;2;18;24;1;5;6;22;-0.7383182522580057;1;2;12;15;0;8;20;-1.154162658920772;5;3;0;2;2;0;16;14;2;24;16;1;0;25;23;4.06383090249821;0;15;25;2;1;0;10;20;-8.485204848921786;5;17;1;3;7;-9.572462969087132;0;15;19
TRACK:501;492;-1;5;0;0;5;4;3;3;2;3;0;12;18;6;0;9;18;11;6;3;6;6;3;6;19
TRACK:502;494;-1;4;2;4;6;1;6;0;5;6;1;23;-5.158768721579756;18;6;6;4;9;5;5;1;2;3;21;-5.242482207843076;6;20;-5.637356093666602;4;6;13;3;2;0;3;5;2;2;5;11;1;14;8;5;4;12;0;5;2;0;1;14;21;7.8489761579568835;2;22;8.341032289134471;14;0;4;19;6;12;5;3;23;0.36943613066818415;20;-1.4579239397475585
TRACK:503;496;-1;5;0;0;5;4;3;3;2;3;0;12;18;6;0;9;18;1;1;1;5;2;0;1;15;23;-0.9981221408333312;3;8;2;6;25;6;8;0;2;1;23;-5.214787254942447;18;0;5;14;3;9;5;4;3;9;5;6;2;0;0;14;13;2;20;-6.26812997588855;21;4.675944457603059;3;2;10;11;2;5;2;5;2;5;20;8.293047069668997;4;20;8.193507019600274;4;5;6;11;5;4;5;3;0;10;17;6;3;6;6;3;5;2;4;25;5;18
TRACK:504;498;-1;1;5;1;6;3;4;1;5;0;0;14;22;4.802400021250485;5;11;5;5;6;15;4;1;3;0;4;6;6;9;3;0;20;2.1127064372290585;15;6;4;5;1;1;22;4.306963073870221;12;5;14;3;3;1;0;1;5;6;1;5;20;3.8601512072861417;6;14;5;6;6;4;17;1;0;1;2;0;12;16;2;24;12;4;0;13;20;-4.802026206020576;5;6;0;17;8;2;6;3;4;17;6;1;5;18;4;18;2;5;1;1;0;0;8;11;2;17;18;6;0;15;10;2;5;5;14;2;6;18;1;23;-4.6496466252494;8;1;0;6;4;0;25;21;-4.260720623256616;3;6;4;13;2;4;2;1;25;19;1;7;-9.714474615420638;15;4;5;0;21;-3.909429050053795;7;8.256108446826074
TRACK:505;491;-1;5;4;2;2;3;2;4;6;6;5;23;4.597072892137806;0;2;4;1;14;16;3;0;10;22;-8.255535877882771;1;4;1;15;10;3;9;5;0;0;5;2;1;22;2.3145168174166124;8;5;20;3.8860744354807837;6;4;3;16;3;1;1;8;16;2;1;8;16;2;14;16;0;5;5;1;3;6;2;10;24;1;5;6;22;-0.6399307236230045;1;2;12;15;0;8;20;-1.3502480245001844;5;3;0;2;2;0;16;14;2;24;21;-3.9928274800231915;1;0;25;23;3.998271374070582;0;15;25;2;1;0;10;20;-8.871294996491367;5;17;0;5;12;4;23;4.219386487044789
TRACK:506;493;-1;1;5;1;6;3;4;1;5;0;0;14;22;5.05753996887918;5;11;5;5;6;15;4;1;3;0;4;6;6;9;3;1;6;15;2;12;12;6;4;5;1;1;22;4.154822529451131;12;5;14;3;3;1;0;1;5;6;1;5;20;4.025529256052185;6;14;5;6;6;4;17;1;0;1;2;0;12;16;2;24;12;4;0;13;20;-4.463157934021107;5;6;0;17;8;2;6;3;4;17;6;1;5;18;4;18;2;5;1;1;0;0;8;11;2;17;18;6;0;15;25;2;5;5;14;2;6;18;1;23;-4.6477269316985685;8;1;0;6;4;0;25;21;-4.267804071836816;3;6;4;13;2;3;4;4;20;8.686703777265375;4;0;5;14;3;9
TRACK:507;495;-1;5;4;2;2;3;2;4;6;6;5;23;4.467296643989304;0;2;4;1;14;16;3;0;10;22;-8.103913866990768;1;4;1;15;10;3;9;5;0;0;5;2;1;22;2.5978133970891233;8;5;20;3.785848084732677;6;4;3;16;3;1;3;4;14;2;1;8;16;2;14;16;0;5;0;14;23;-0.3999812687698082;5;3;0;2;2;0;16;14;2;24;21;-4.377564909696656;1;4;12;0;15;25;2;1;0;10;20;-8.626272130205365;5;17;0;5;12;4;23;3.885426263950031
TRACK:508;497;-1;4;2;4;6;1;6;0;5;6;1;23;-5.1630391549445385;18;6;6;4;9;5;5;1;2;3;21;-5.10479580915498;6;20;-5.821929095457521;4;6;13;3;2;0;3;5;2;2;5;11;1;14;8;5;4;12;0;5;2;6;3;9;0;4;21;4.720195513360239;6;12;5;3;3;0;22;-5.167988216672354;18;5;6;0;5;0;1;19;8;0;14;23;-0.14320687943399896;6;0;4;19;0;25;16
TRACK:509;499;-1;2;1;1;5;2;0;3;6;1;3;16;1;12;17;0;4;6;2;15;12;2;5;6;13;3;1;20;-0.26259844898831947;25;0;3;5;1;1;22;-6.513587303696675;21;-3.845371744197865;3;9;4;2;5;5;23;6.008560178382112;3;0;20;1.967132612650307;15;5;4;0;1;3;2;2;23;2.3000583279686024;8;4;20;-4.009222789044531;4;1;2;7;-0.5019386541484651;14;4;14;2;5;5;0;8;16;1;0;6;19;5;18;1;2;25;19;5;13;6;6;3;3;2;0;1;2;16;24;0;22;-6.183939705350475;15;4;3;23;-4.196756621542127;1;1;5;18;1;21;-6.547119405530306;9;4;0;19;19;1;3;6;5;5;0;5;4;3;12;3;0;2;14;14;1;19;16;5;6;1;5;6;2;0;5;25;17;4;0;23;-8.597990115050905;11;6;1;5;0;3;21;-8.511827970202912;0;15;9;1;1;4;20;7.666123618963833;4;19;1;3;7;5.123307285247898;3;16
EVAL_INSTANCE:25:0:500
EVAL_INSTANCE:25:1:501
EVAL_INSTANCE:25:2:502
EVAL_INSTANCE:25:3:503
EVAL_INSTANCE:25:4:504
EVAL_INSTANCE:25:5:505
EVAL_INSTANCE:25:6:506
EVAL_INSTANCE:25:7:507
EVAL_INSTANCE:25:8:508
EVAL_INSTANCE:25:9:509
RUN_RESULT:25:0:0:2000:----
RUN_RESULT:25:1:0:2000:----
RUN_RESULT:25:2:0:2000:----
RUN_RESULT:25:3:0:2000:----
RUN_RESULT:25:4:0:2000:----
RUN_RESULT:25:5:0:2000:----
RUN_RESULT:25:6:0:2000:----
RUN_RESULT:25:7:0:2000:----
RUN_RESULT:25:8:0:2000:----
RUN_RESULT:25:9:0:2000:----
    26 |      260 | -2.128000E+02 | -2.128000E+03
TRACK:510;485;6;5;4;2;2;3;2;4;6;6;5;23;4.597954181273077;0;2;4;1;14;16;3;0;10;22;-8.125071851544686;1;4;18;3;9;5;0;0;5;2;1;22;2.469507447471751;8;5;20;3.868967517787871;6;4;3;16;3;1;3;4;14;2;1;8;16;2;14;16;0;5;5;1;3;0;5;10;2;18;24;1;5;6;22;-0.5844824108566522;1;2;12;15;0;8;20;-1.3024985184713138;5;3;0;2;2;0;16;14;2;24;21;-4.048510795413605;1;0;25;23;4.016554896951752;0;15;25;2;1;0;10;20;-8.743733345169439;5;17;0;5;12;4;23;4.032591917737476
TRACK:511;485;6;3;2;1;4;1;8;16;4;1;1;5;3;2;1;13;14;3;7;4.618529150991009;4;4;6;1;16;25;4;6;1;3;3;17;6;1;19;9;3;5;6;4;0;1;6;4;23;0.12070545473202543;3;5;23;-2.2035569565090984;0;2;1;18;9;1;22;-1.8808895698675254;10;6;2;18;17
TRACK:512;7;3;2;1;1;5;2;0;3;6;1;3;16;1;12;17;0;4;6;2;15;12;2;5;6;13;3;1;20;-0.24698390480495824;25;0;3;5;1;1;22;-6.5174545344852515;21;-3.918530838179814;3;9;4;2;5;5;23;5.93470900679938;3;0;20;2.0201316169353216;15;5;4;0;1;3;2;2;23;2.3482003395312763;8;4;20;-4.091437552342143;4;1;2;7;-0.5882727476582517;15;4;14;2;5;5;0;8;16;1;0;6;19;5;18;1;2;25;19;5;13;6;6;3;3;2;0;1;2;16;24;0;22;-6.040627089605888;15;4;3;23;-4.202540099888889;1;1;5;18;1;21;-6.716758365729132;9;4;0;19;19;1;3;6;5;5;0;5;4;3;12;3;0;2;14;14;1;19;16;5;6;1;5;6;2;0;5;25;4;20;-2.9553149788213995;4;0;23;-8.568362190186328;11;6;1;5;0;3;21;-8.404935025272703;0;15;9;1;1;4;20;7.665704473583883;4;19;1;3;7;5.138355166497966;3;11
TRACK:513;7;3;1;5;1;6;3;4;1;5;0;0;14;22;4.991784948319722;5;11;5;5;6;15;4;1;3;0;4;6;6;9;3;1;6;15;2;12;12;6;4;5;1;1;22;4.11235992743476;12;5;14;3;3;1;0;1;5;6;1;5;20;3.940093784039769;6;14;5;6;6;4;17;1;0;1;2;0;12;16;2;24;12;4;0;13;20;-4.5371671661691115;5;6;0;17;8;2;6;3;4;17;6;1;5;18;4;18;2;5;1;1;0;0;8;11;2;17;18;6;0;15;25;2;5;5;14;2;6;18;1;23;-4.618565988378995;8;1;0;6;4;0;25;21;-4.273100267085299;3;6;4;13;2;4;2;1;19;19;1;7;-9.625467296479883;15;4;5;0;21;-3.7364764609539254;7;8.229177339132015
TRACK:514;4;6;5;0;0;5;4;3;3;2;3;0;12;18;6;0;9;18;1;1;1;5;2;0;1;15;23;-1.010087854693431;3;8;2;6;25;6;8;0;2;1;6;12;0;8;18;0;5;14;3;9;5;4;3;9;5;6;2;0;0;14;13;2;20;-6.302180647503475;21;4.604463658344235;3;2;10;11;2;5;2;5;2;5;20;8.361287361696558;4;20;8.171550456075863;4;5;6;11;5;4;14;6;3;6;6;3;5;2;4;25;3;8
TRACK:515;4;6;3;2;1;4;5;6;5;4;2;2;25;22;-3.6074654029094555;6;25;4;1;1;5;3;2;1;13;14;3;7;4.618529150991009;4;4;6;14;4;6;1;3;3;17;6;1;19;9;3;5;6;4;0;1;6;4;23;0.12070545473202543;3;5;23;-2.2035569565090984;0;2;1;18;9;1;22;-1.8808895698675254;10;6;2;18;17
TRACK:516;7;0;2;1;1;5;2;0;3;6;1;3;16;1;12;17;0;4;6;2;15;12;2;5;6;13;3;1;20;-0.24698390480495824;25;0;3;5;1;1;22;-6.5174545344852515;21;-3.918530838179814;3;9;4;2;5;5;23;5.93470900679938;3;0;20;2.0201316169353216;15;5;4;0;1;3;2;2;23;2.3482003395312763;8;4;20;-4.091437552342143;4;1;2;7;-0.5882727476582517;15;4;14;2;5;5;0;8;16;1;0;6;19;5;18;1;2;25;19;5;13;6;6;3;3;2;0;1;2;16;24;0;22;-6.040627089605888;15;4;3;23;-4.202540099888889;1;1;5;18;1;21;-6.716758365729132;11;4;0;19;19;1;3;6;5;5;0;5;4;3;12;3;0;2;14;14;1;19;16;5;6;1;5;6;2;0;5;25;4;20;-2.9553149788213995;4;0;23;-8.568362190186328;11;6;1;5;0;3;21;-8.404935025272703;0;15;9;1;1;4;20;7.665704473583883;4;19;1;3;7;5.138355166497966;3;16
TRACK:517;7;0;2;4;19;3;3;5;0;5;4;4;3;5;17;0;0;3;1;4;9;1;24;13;4;0;3;13;4;18;6;0;1;3;22;-1.76040891228757;6;10;5;0;10;10
TRACK:518;1;485;6;2;0;1;5;0;1;3;6;2;25;16;3;4;1;13;13;4;1;5;2;7;6.315454661611891;21;0.0020990115267220943;2;6;20;-1.3024985184713138;1;15;21;-3.396727790283787;2;1;6;1;5;6;14;2;3;10;6;24;4;3;0;1;22;0.02873875468655207;15;0;14;17;1;1;3;4;2;24;7;-0.9103980169869779;4;5;5;22;2.147160768064797;1;5;5;5;16;4;6;1;20;-9.687446714045368;16;0;0;0;5;5;4;4;14;2;6;2;4;13;5;10;4;5;6;24;5;0;1;5;2;9;13;5;4;22;-7.529488634423494;1;2;4;24;1;12;14;4;4;12;5;2;0;2;4;1;17;23;-4.206051741293473;1;1;13;14;6;16;3;6;0;9;21;9.321993186572499;0;4;5;6;19;3;2;3;22;9.283806713555926;1;19;9;3;2;5;4;1;2;5;4;22;-7.800754036472092;2;3;18;6;21;-4.120026250168354;3;5;2;15;20;6.936544827334295;2;3;1;4;4;4;19;1;1;1;14;7;2.506418588475869;1;15;20;2.370884575997369;6;6;25;1;5;6;6;3;19;6;2;4;0;21;-9.522203833226273;7;-6.774785840005155;3;0;10;22;3.1807941510229636
TRACK:519;1;485;5;4;2;2;3;2;4;6;6;5;23;4.597954181273077;0;2;4;1;14;16;3;0;10;22;-8.125071851544686;1;4;1;15;10;3;9;5;0;0;5;2;1;22;2.469507447471751;8;5;20;3.868967517787871;6;4;3;16;3;1;3;4;14;2;1;8;16;2;14;16;0;5;5;1;3;0;5;10;2;18;24;1;5;6;22;-0.5844824108566522;1;2;12;15;0;8;20;-1.3024985184713138;5;3;0;2;2;0;16;14;2;24;21;-4.048510795413605;5;5;22;2.147160768064797;2;1;0;10;20;-8.743733345169439;5;17;0;5;12;4;23;4.032591917737476
TRACK:520;510;-1;5;4;2;2;3;2;4;6;6;5;23;4.518968404620925;0;2;4;1;14;16;3;0;10;22;-8.156449051689702;1;4;18;3;9;5;0;0;5;2;1;22;2.6054205220731226;8;5;20;3.841235245015154;6;4;3;16;3;1;3;4;14;2;1;8;16;2;14;16;0;5;5;1;3;0;5;10;2;18;24;1;5;6;22;-0.5701692057870941;1;2;12;15;0;8;20;-1.3252088729183027;4;4;2;6;14;3;10
TRACK:521;512;-1;2;1;1;5;2;0;3;6;1;3;16;1;12;17;0;4;6;2;15;12;2;5;6;13;3;1;20;-0.1914058231752721;25;0;3;5;1;1;22;-6.426081466442083;21;-3.817678392234287;3;9;4;2;5;5;23;5.937148453463348;3;0;20;2.095203685916826;15;5;4;0;1;3;2;2;23;2.442783387199218;8;4;20;-3.865145917337424;4;1;2;7;-0.5334597997442151;15;4;14;2;5;5;0;8;16;1;0;6;19;5;18;1;2;25;19;5;13;6;6;3;3;2;0;1;2;16;24;0;22;-6.084413747818359;15;4;3;23;-4.317673226087447;1;1;5;18;1;21;-6.8027997441983015;9;4;0;19;19;1;3;6;5;5;0;5;4;3;12;3;0;2;14;14;1;19;16;5;6;1;5;6;2;0;5;25;4;20;-2.9909130367126777;4;0;23;-8.555740910746815;11;6;1;5;0;1;25;21;-3.297942295861951;0;15;9;1;1;4;20;7.599366016501885;4;19;1;3;7;5.135170115491635;3;11
TRACK:522;514;-1;5;0;0;5;4;3;3;2;3;0;12;18;6;0;9;18;1;1;1;5;2;0;1;15;23;-0.9719931002741691;3;8;2;6;25;6;8;0;2;1;6;12;0;8;18;0;5;14;3;9;5;4;3;9;3;8;2;5;2;5;2;5;20;8.267275672071136;4;20;8.210707674279007;4;5;6;11;5;4;14;6;3;6;6;3;5;2;4;25;3;8
TRACK:523;516;-1;2;1;1;5;2;0;3;6;1;3;16;1;12;17;0;4;6;2;15;12;2;5;6;13;3;1;20;-0.16695324198099853;25;0;3;5;1;1;22;-6.436403738637495;21;-3.913310519604012;3;9;4;2;5;5;23;5.9454927967159525;3;0;20;2.013219837413839;15;5;4;0;1;3;2;2;23;2.3391047861472347;8;4;20;-4.245887071294361;4;1;2;7;-0.6140799153140375;15;4;14;2;5;5;0;8;16;1;0;6;19;5;18;1;2;25;19;5;13;6;6;3;3;2;0;1;2;16;24;0;22;-5.964649270010749;15;4;3;23;-4.114200279770623;1;1;5;18;1;21;-6.712685721961613;11;4;0;19;19;1;3;6;5;5;0;5;4;3;12;3;0;2;14;14;1;19;16;5;6;1;5;6;2;0;4;19;4;20;-3.0218065978379425;4;0;23;-8.511079618354914;11;6;1;5;0;3;21;-8.409183579707182;0;15;9;1;1;4;20;7.742354936881107;4;19;1;3;7;5.164988691489675;3;16
TRACK:524;518;-1;6;2;0;1;5;0;1;3;6;2;25;16;3;4;1;13;13;4;1;5;2;7;6.472731061968418;21;-0.041950086838454255;2;6;20;-1.2943469340193705;1;15;21;-3.474216175936051;2;1;6;1;5;6;14;2;3;10;6;24;4;3;0;1;16;15;0;14;17;1;1;3;4;2;24;7;-0.7474938888924088;4;5;5;22;1.9987332209948865;1;5;5;5;16;4;6;1;20;-9.659254772646296;16;0;0;0;5;5;4;4;14;2;6;2;4;13;5;10;4;5;6;24;5;0;1;5;2;9;13;5;4;22;-7.509853748307634;1;2;4;24;1;12;14;4;4;12;5;2;0;2;4;1;17;23;-4.092501487413757;1;1;13;14;6;16;3;6;0;9;21;9.327606951973271;0;4;5;6;19;3;2;3;22;9.367637281077563;1;19;9;3;2;5;4;1;2;5;4;22;-7.615105687751866;2;3;18;6;21;-4.040471380649624;3;5;2;15;20;7.001628047310038;2;3;1;4;4;4;19;1;1;1;14;7;2.4034699223179263;1;15;20;2.412824809216854;6;6;25;1;5;6;6;3;19;6;2;4;0;21;-9.437438493582448;7;-6.786672079861071;3;0;10;22;3.392660395220788
TRACK:525;511;-1;3;2;1;4;1;8;16;4;1;1;5;3;2;1;13;14;3;7;4.637586653046402;4;4;6;2;15;22;7.126263659793189;4;6;1;3;3;17;6;1;19;9;3;5;6;4;0;1;6;4;23;0.15113064800293877;3;5;23;-2.3170661900760257;0;2;1;18;9;1;22;-1.933957978752402;10;6;2;18;17
TRACK:526;513;-1;1;5;1;6;3;4;1;5;0;0;14;22;4.946472041016773;5;11;5;5;6;15;4;1;3;0;4;6;6;9;3;1;6;15;2;12;12;6;4;5;1;1;22;4.0649591033469;12;5;14;3;3;1;0;1;5;6;1;5;20;3.895564356524764;6;14;5;6;0;24;16;1;0;1;2;0;12;16;2;24;12;4;0;13;20;-4.568598072724949;5;6;0;17;8;2;6;3;4;17;6;1;5;18;4;18;2;5;1;1;0;0;8;11;2;17;18;6;0;15;25;2;5;5;14;2;6;18;1;23;-4.450322126671656;8;1;0;6;4;0;25;21;-4.196624940770903;3;6;4;13;2;4;2;1;19;19;1;7;-9.576981725687757;15;4;5;0;21;-3.7147471882508043;7;8.201727840307365
TRACK:527;515;-1;3;2;5;0;0;9;23;-1.298948062488801;3;17;3;5;6;4;0;1;6;4;23;0.14512032232075123;3;5;23;-2.366722542581356;0;2;1;18;9;1;22;-1.8255921507278552;10;6;2;18;17
TRACK:528;517;-1;2;4;19;3;3;5;0;5;4;4;3;5;17;0;0;3;1;6;18;1;24;13;4;0;3;13;4;18;6;0;1;3;22;-1.7620914742677505;6;10;5;0;10;10
TRACK:529;519;-1;5;4;2;2;3;2;4;6;6;5;23;4.548059717435929;0;2;4;1;14;16;3;0;10;22;-8.171877551695786;1;4;1;15;10;3;9;5;0;4;19;3;1;3;4;14;2;1;8;16;2;14;16;0;5;5;1;3;0;5;10;2;18;24;1;5;6;22;-0.7425201224693154;1;2;12;15;0;8;20;-1.1878690315284548;5;3;0;2;2;0;16;14;2;24;21;-4.051602637775527;5;5;22;2.229729865758344;2;1;0;10;20;-8.836916151870394;5;17;0;5;12;4;23;3.994098882697713
EVAL_INSTANCE:26:0:520
EVAL_INSTANCE:26:1:521
EVAL_INSTANCE:26:2:522
EVAL_INSTANCE:26:3:523
EVAL_INSTANCE:26:4:524
EVAL_INSTANCE:26:5:525
EVAL_INSTANCE:26:6:526
EVAL_INSTANCE:26:7:527
EVAL_INSTANCE:26:8:528
EVAL_INSTANCE:26:9:529
RUN_RESULT:26:0:0:2000:----
RUN_RESULT:26:1:0:2000:----
RUN_RESULT:26:2:0:2000:----
RUN_RESULT:26:3:0:2000:----
RUN_RESULT:26:4:0:2000:----
RUN_RESULT:26:5:0:2000:----
RUN_RESULT:26:6:0:2000:----
RUN_RESULT:26:7:0:2000:----
RUN_RESULT:26:8:0:2000:----
RUN_RESULT:26:9:0:2000:----
    27 |      270 | -2.128000E+02 | -2.128000E+03
TRACK:530;0;5;2;3;5;3;5;1;1;2;1;3;18;6;10;0;2;8;22;6.166854420213021;0;22;0.1857745325288498;19;6;2;3;16;4;13;0;6;0;2;16;11;5;13;2;3;2;12;22;-7.736175126214531;0;21;-8.668730307761392;19;3;3;5;0;5;4;4;3;5;17;0;0;3;1;4;9;1;24;13;4;0;3;13;4;18;6;0;1;3;22;-1.76040891228757;6;10;5;0;10;10
TRACK:531;0;5;6;1;6;6;3;4;1;2;3;5;18;5;6;25;2;1;3;20;-4.001857885220705;1;18;13;0;5;18;3;25;4;5;6;0;5;0;6;0;21;-8.668730307761392;19;6;4;12;2;6;3;4;17;3;3;6;12
TRACK:532;485;2;5;4;2;2;3;2;4;6;6;5;23;4.597954181273077;0;2;4;1;14;16;3;0;10;22;-8.125071851544686;1;4;1;15;10;3;9;5;0;0;5;2;1;22;2.469507447471751;8;5;20;3.868967517787871;6;4;3;16;3;1;3;4;14;2;1;8;16;2;14;16;0;5;5;1;3;0;5;10;2;18;24;1;5;6;22;-0.5844824108566522;1;2;12;15;0;12;20;-1.3024985184713138;5;3;0;2;2;0;16;14;2;24;21;-4.048510795413605;1;0;25;23;4.016554896951752;0;15;25;2;1;0;10;20;-8.743733345169439;5;17;0;5;12;4;23;4.032591917737476
TRACK:533;485;2;4;2;4;6;1;6;0;5;6;1;23;-5.30978755979069;18;6;6;4;9;5;5;1;2;3;21;-5.161934821656516;6;20;-5.700985251063289;4;6;13;3;2;0;3;5;2;2;5;11;1;14;8;5;4;12;0;5;2;0;1;14;21;7.873851360550713;2;22;8.419442386046821;14;0;4;19;6;12;5;3;3;0;22;-5.218509690933848;18;5;6;0;5;0;1;15;8;0;14;23;-0.41950358716877467;6;0;4;19;0;25;16
TRACK:534;8;1;5;4;2;2;3;2;4;6;6;5;23;4.635730651306398;0;2;4;1;14;16;3;0;10;22;-8.014155309267682;1;4;1;15;10;6;5;24;5;0;0;5;2;1;22;2.3973296736713916;8;5;20;4.124065254900435;6;4;3;10;3;1;3;4;14;2;1;8;16;2;14;16;0;5;5;1;3;0;5;10;2;18;24;1;5;6;22;-0.7707393004792031;1;2;12;15;0;8;20;-1.22928116838189;5;3;0;2;2;0;16;14;2;24;16;1;0;25;23;4.159837156617169;0;15;25;2;1;0;10;20;-8.608927168926252;5;17;0;5;12;4;23;3.967574850125235
TRACK:535;8;1;6;2;0;1;5;0;1;3;6;2;25;16;3;4;1;13;13;4;1;5;2;7;6.315454661611891;21;0.0020990115267220943;2;6;10;1;15;21;-3.396727790283787;2;1;6;1;5;6;14;2;3;10;6;24;4;3;0;1;22;0.02873875468655207;15;0;14;17;1;1;3;4;2;24;7;-0.9103980169869779;4;5;5;22;2.147160768064797;1;5;5;5;16;4;6;1;20;-9.687446714045368;16;0;0;0;5;5;4;4;14;2;6;2;4;13;5;10;4;5;6;24;5;0;1;5;2;9;13;5;4;22;-7.529488634423494;1;2;4;24;1;12;14;4;4;12;5;2;0;2;4;1;17;23;-4.206051741293473;1;1;13;14;6;16;3;6;0;9;21;9.321993186572499;0;4;5;6;19;3;2;3;22;9.283806713555926;1;19;9;3;2;5;4;1;2;5;4;22;-7.800754036472092;2;3;18;6;21;-4.120026250168354;3;5;2;15;20;6.936544827334295;2;3;1;4;4;4;19;1;1;1;14;7;2.506418588475869;1;15;20;2.370884575997369;6;6;25;1;5;6;6;3;19;6;2;4;0;21;-9.522203833226273;7;-6.774785840005155;3;0;10;24
TRACK:536;3;6;1;5;1;6;3;4;1;5;0;0;14;22;4.991784948319722;5;11;5;5;6;15;4;1;3;0;4;6;6;9;3;1;6;15;2;12;12;6;4;5;1;1;22;4.11235992743476;12;5;14;3;3;1;0;1;5;6;1;5;20;3.940093784039769;6;14;5;6;6;4;17;1;0;1;2;0;12;16;2;24;12;4;0;13;20;-4.5371671661691115;5;6;0;22;-1.8808895698675254;8;2;6;3;4;17;6;1;5;18;4;18;2;5;1;1;0;0;8;11;2;17;18;6;0;15;25;2;5;5;14;2;6;18;1;23;-4.618565988378995;8;1;0;6;4;0;25;21;-4.273100267085299;3;6;4;13;2;4;2;1;25;19;1;7;-9.625467296479883;15;4;5;0;21;-3.7364764609539254;7;8.229177339132015
TRACK:537;3;6;3;2;1;4;5;6;5;4;2;2;25;22;-3.6074654029094555;6;25;4;1;1;5;20;3.940093784039769;4;4;6;1;16;25;4;6;1;3;3;17;6;1;19;9;3;5;6;4;0;1;6;4;23;0.12070545473202543;3;5;23;-2.2035569565090984;0;2;1;18;9;1;22;-1.8808895698675254;10;6;2;18;17
TRACK:538;5;485;6;1;6;6;3;4;1;2;3;5;18;5;6;25;2;1;3;20;-4.001857885220705;1;18;24;0;5;18;3;25;4;5;6;0;5;0;6;0;10;19;6;4;12;2;6;3;4;17;3;3;6;12
TRACK:539;5;485;5;4;2;2;3;2;4;6;6;5;23;4.597954181273077;0;2;4;1;14;16;3;0;10;22;-8.125071851544686;1;4;1;15;10;3;9;5;0;0;5;2;1;22;2.469507447471751;8;5;20;3.868967517787871;6;4;3;16;3;1;3;4;14;2;1;8;16;2;14;16;0;5;5;1;3;0;5;10;2;18;18;1;5;6;22;-0.5844824108566522;1;2;12;15;0;8;20;-1.3024985184713138;5;3;0;2;2;0;16;14;2;24;21;-4.048510795413605;1;0;25;23;4.016554896951752;0;15;25;2;1;0;10;20;-8.743733345169439;5;17;0;5;12;4;23;4.032591917737476
TRACK:540;530;-1;2;3;5;3;5;1;1;2;1;3;18;6;10;0;2;8;22;6.209452797112087;0;22;0.031788327069989686;19;6;2;10;25;0;6;0;2;16;11;5;13;2;3;2;12;22;-7.873854071561198;0;21;-8.58875578194171;19;3;3;5;0;5;4;4;3;5;17;0;0;3;1;4;9;1;24;13;4;0;3;13;4;18;6;0;1;3;22;-1.9499393074072673;6;10;5;0;10;10
TRACK:541;532;-1;5;4;2;2;3;2;4;6;6;5;23;4.6395927745843855;0;2;4;1;14;16;3;0;10;22;-8.100847766971867;4;5;6;20;-6.029943081694212;5;0;0;5;2;1;22;2.293997500409279;8;5;20;3.833505343922444;6;4;3;16;3;1;3;4;14;2;1;8;16;2;14;16;0;5;5;1;3;0;5;10;2;18;24;1;5;6;22;-0.3732180226123776;1;2;12;15;0;12;20;-1.3534257284675084;5;3;0;2;2;0;16;14;2;24;21;-4.052882762482695;1;0;25;23;4.099655585095813;0;15;25;2;1;0;10;20;-8.833669579423384;5;17;0;5;12;4;23;4.026980726522545
TRACK:542;534;-1;5;4;2;2;3;2;4;6;6;5;23;4.705631902078191;0;2;4;1;14;16;3;0;10;22;-7.962190418737247;1;4;1;15;10;6;5;24;5;0;0;5;2;1;22;2.3320770612018715;8;5;20;4.108869114791942;6;4;3;10;3;1;3;4;14;2;1;8;16;2;14;16;0;5;5;1;3;0;5;21;9.449781536187118;2;18;24;1;5;6;22;-0.9079205641554493;1;2;12;15;0;8;20;-1.1212072743919033;5;3;0;2;2;0;16;14;2;24;16;1;0;25;23;4.085962518469751;0;15;25;2;1;0;10;20;-8.606120784709402;5;17;0;5;12;4;23;3.9531519032750984
TRACK:543;536;-1;1;5;1;6;3;4;1;5;0;0;14;22;4.984755845920331;5;11;5;5;6;15;4;1;3;0;4;6;6;9;3;1;6;15;2;12;12;6;4;5;1;1;22;4.137659158050033;12;5;14;3;3;1;0;1;5;6;1;5;20;3.971814750627472;6;14;5;6;6;4;17;1;0;1;2;0;12;16;2;24;12;4;0;13;20;-4.3655516003795345;5;6;0;22;-1.7189900522015982;8;2;6;3;4;17;6;1;5;18;4;18;2;5;1;1;0;0;8;11;2;17;18;6;0;15;25;2;5;5;14;2;6;18;1;23;-4.63602464497815;17;1;0;6;4;0;25;21;-4.275699237830856;3;6;4;13;2;4;2;1;25;19;1;7;-9.565214422053293;15;4;5;0;21;-3.702141784604028;7;8.203921126920292
TRACK:544;538;-1;6;1;6;6;3;4;1;2;3;5;18;5;6;25;2;1;3;20;-3.9745576411116157;1;18;24;3;6;23;3.4044390734314245;4;5;6;0;5;0;6;0;10;19;6;4;12;2;6;3;4;17;3;3;6;12
TRACK:545;531;-1;6;1;6;6;3;4;1;2;3;5;18;5;6;25;2;1;3;20;-3.996037619526953;1;18;13;0;0;11;11;3;25;4;5;6;0;5;0;6;0;21;-8.865564091714942;19;6;4;12;2;6;3;4;17;3;3;6;12
TRACK:546;533;-1;4;2;4;6;1;6;0;2;0;24;14;0;18;23;-4.780421710197469;6;6;4;9;5;5;1;2;3;21;-5.1073563401358415;6;20;-5.725085905690054;4;6;13;3;2;0;3;5;2;2;5;11;1;14;8;5;4;12;0;5;2;0;1;14;21;7.860992526000155;2;22;8.41783857962096;14;0;4;19;6;12;5;3;3;0;22;-5.27874700735631;18;5;6;0;5;0;1;15;8;0;14;23;-0.360182660636312;6;0;4;19;0;25;16
TRACK:547;535;-1;6;2;0;1;5;0;1;3;6;2;25;16;3;4;1;13;13;4;1;5;2;7;6.210623757671844;21;0.005988149520359552;2;6;10;1;15;21;-3.3703118495772846;2;1;6;1;5;6;14;2;3;10;6;24;4;3;0;1;22;0.12477321881518984;15;0;14;17;1;1;3;4;2;24;7;-0.8768219109605789;4;5;5;22;2.0861215167333063;1;5;5;5;16;4;6;1;20;-9.645257274592792;16;0;0;0;5;5;4;4;14;5;0;6;18;0;9;8;5;0;1;5;2;9;13;5;4;22;-7.450166366780578;1;2;4;24;1;12;14;4;4;12;5;2;0;2;4;1;17;23;-4.067152471545469;1;1;13;14;6;16;3;6;0;9;21;9.438060230889299;0;4;5;6;19;3;2;3;22;9.254568793777748;1;19;9;3;2;5;4;1;2;5;4;22;-7.837435841837409;2;3;18;6;21;-4.032545908327902;3;5;2;15;20;6.868680419741685;2;3;1;4;4;4;19;1;1;1;14;7;2.5709920608939885;1;15;20;2.3722961820245074;6;6;25;1;5;6;6;3;19;6;2;4;0;21;-9.509684829220197;7;-6.894021633016731;3;0;10;24
TRACK:548;537;-1;3;2;1;4;5;6;5;4;2;2;25;22;-3.6267711140346903;6;25;0;3;5;5;13;2;2;4;8;5;16;4;5;9;3;5;6;4;0;1;6;4;23;0.19209757210201922;3;5;23;-2.2631395399144485;0;2;1;18;9;1;22;-1.8144473445351093;10;6;2;18;17
TRACK:549;539;-1;5;4;2;2;3;2;4;6;6;5;23;4.591578123759487;0;2;4;1;14;16;3;0;10;22;-8.192055187385206;1;4;1;15;10;3;9;5;0;0;5;2;1;22;2.5975838731264353;8;5;20;3.920815312933984;6;4;3;16;3;1;3;4;14;2;1;8;16;2;14;16;0;5;5;1;3;0;5;10;2;18;18;1;5;3;9;1;2;12;15;0;8;20;-1.2743992607693262;5;3;0;2;2;0;16;14;2;24;21;-4.210457697931768;1;0;25;23;3.9244205418083733;0;15;25;2;1;0;10;20;-8.656666078889117;5;17;0;5;12;4;23;4.059829309149062
EVAL_INSTANCE:27:0:540
EVAL_INSTANCE:27:1:541
EVAL_INSTANCE:27:2:542
EVAL_INSTANCE:27:3:543
EVAL_INSTANCE:27:4:544
EVAL_INSTANCE:27:5:545
EVAL_INSTANCE:27:6:546
EVAL_INSTANCE:27:7:547
EVAL_INSTANCE:27:8:548
EVAL_INSTANCE:27:9:549
RUN_RESULT:27:0:0:2000:----
RUN_RESULT:27:1:0:1777:DDRRDDRULURDRURULLLLLDLUUUDRRULDDRRRRRRDULULUUUR
RUN_RESULT:27:2:0:2000:----
RUN_RESULT:27:3:0:2000:----
RUN_RESULT:27:4:0:2000:----
RUN_RESULT:27:5:0:2000:----
RUN_RESULT:27:6:0:2000:----
RUN_RESULT:27:7:0:2000:----
RUN_RESULT:27:8:0:2000:----
RUN_RESULT:27:9:0:1926:DDRRDDRURULDLURULLLDLUUUDRRULRRDRDRDRDRULULUUUUR
    28 |      280 | -6.425000E+02 | -2.223000E+03
TRACK:550;4;6;5;0;0;5;4;3;3;2;3;0;14;18;6;0;9;18;1;1;1;5;2;0;1;15;23;-1.010087854693431;3;8;2;6;25;6;8;0;2;1;6;12;0;8;18;0;5;14;3;9;5;4;3;9;5;6;2;0;0;14;13;2;20;-6.302180647503475;21;4.604463658344235;3;2;10;11;2;5;2;5;2;5;20;8.361287361696558;4;20;8.171550456075863;4;5;6;11;5;4;5;3;0;10;17;6;3;6;6;3;5;2;4;25;3;8
TRACK:551;4;6;3;2;1;4;5;6;5;4;2;2;25;22;-3.6074654029094555;6;25;4;1;1;5;3;2;1;13;14;3;7;4.618529150991009;4;4;6;1;16;10;4;6;1;3;3;17;6;1;19;9;3;5;6;4;0;1;6;4;23;0.12070545473202543;3;5;23;-2.2035569565090984;0;2;1;18;9;1;22;-1.8808895698675254;10;6;2;18;17
TRACK:552;541;485;5;4;2;2;3;2;4;6;6;5;23;4.6395927745843855;0;2;4;1;14;16;3;0;10;22;-8.100847766971867;4;5;6;20;-6.029943081694212;5;0;0;5;2;1;22;2.293997500409279;8;5;20;3.833505343922444;6;4;3;16;3;1;3;4;14;2;1;8;16;2;14;16;0;5;5;1;3;0;5;10;2;18;24;1;5;6;22;-0.3732180226123776;1;2;12;15;0;12;20;-1.3534257284675084;5;3;0;2;2;0;16;14;2;24;8;1;0;25;23;4.099655585095813;0;15;25;2;1;0;10;20;-8.833669579423384;5;17;0;5;12;4;23;4.026980726522545
TRACK:553;541;485;5;4;2;2;3;2;4;6;6;5;23;4.597954181273077;0;2;4;1;14;16;3;0;10;22;-8.125071851544686;1;4;1;15;10;3;9;5;0;0;5;2;1;22;2.469507447471751;8;5;20;3.868967517787871;6;4;3;16;3;1;3;4;14;2;1;8;16;2;14;16;0;5;5;1;3;0;5;10;2;18;24;1;5;6;22;-0.5844824108566522;1;2;12;15;0;8;20;-1.3024985184713138;5;3;0;2;2;0;16;14;2;24;21;-4.048510795413605;1;0;25;23;4.016554896951752;0;15;25;2;1;0;10;20;-8.743733345169439;5;17;16
TRACK:554;549;485;5;4;2;2;3;2;4;6;6;5;23;4.591578123759487;0;2;4;1;14;16;3;0;10;10;1;4;1;15;10;3;9;5;0;0;5;2;1;22;2.5975838731264353;8;5;20;3.920815312933984;6;4;3;16;3;1;3;4;14;2;1;8;16;2;14;16;0;5;5;1;3;0;5;10;2;18;18;1;5;3;9;1;2;12;15;0;8;20;-1.2743992607693262;5;3;0;2;2;0;16;14;2;24;21;-4.210457697931768;1;0;25;23;3.9244205418083733;0;15;25;2;1;0;10;20;-8.656666078889117;5;17;0;5;12;4;23;4.059829309149062
TRACK:555;549;485;5;4;2;2;3;2;4;6;6;5;23;4.597954181273077;0;2;4;1;14;16;3;0;10;22;-8.125071851544686;1;4;1;15;10;3;9;5;0;0;5;2;1;22;2.469507447471751;8;5;20;3.868967517787871;6;4;3;16;3;1;3;4;14;2;1;8;16;2;14;16;0;5;5;1;3;0;5;10;1;15;10;1;5;6;22;-0.5844824108566522;1;2;12;15;0;8;20;-1.3024985184713138;5;3;0;2;2;0;16;14;2;24;21;-4.048510795413605;1;0;25;23;4.016554896951752;0;15;25;2;1;0;10;20;-8.743733345169439;5;17;0;5;12;4;23;4.032591917737476
TRACK:556;5;1;6;1;6;6;3;4;1;2;3;5;18;5;6;25;2;1;3;20;-4.001857885220705;1;18;19;0;5;18;3;25;4;5;6;0;5;0;6;0;21;-8.668730307761392;19;6;4;12;2;6;3;4;17;3;3;6;12
TRACK:557;5;1;6;2;0;1;5;0;1;3;6;2;25;16;3;4;1;13;13;4;1;5;2;7;6.315454661611891;21;0.0020990115267220943;2;6;10;1;15;21;-3.396727790283787;2;1;6;1;5;6;14;2;3;10;6;24;4;3;0;1;22;0.02873875468655207;15;0;14;17;1;1;3;4;2;24;7;-0.9103980169869779;4;5;5;22;2.147160768064797;1;5;5;5;16;4;6;1;20;-9.687446714045368;16;0;0;0;5;5;4;4;14;2;6;2;4;13;5;10;4;5;6;24;5;0;1;5;2;9;13;5;4;22;-7.529488634423494;1;2;4;24;1;12;14;4;4;12;5;2;0;2;4;1;17;23;-4.206051741293473;1;1;13;14;6;16;3;6;0;9;21;9.321993186572499;0;4;5;6;19;3;2;3;22;9.283806713555926;1;19;9;3;2;5;4;1;2;5;4;22;-7.800754036472092;2;3;18;6;21;-4.120026250168354;3;5;2;15;20;6.936544827334295;2;3;1;4;4;4;19;1;1;1;14;7;2.506418588475869;1;15;20;2.370884575997369;6;6;25;1;5;6;6;5;18;6;2;4;0;21;-9.522203833226273;7;-6.774785840005155;3;0;10;22;3.1807941510229636
TRACK:558;541;4;5;4;2;2;3;2;4;6;6;5;23;4.6395927745843855;0;2;4;1;14;16;3;0;10;22;-8.100847766971867;4;5;6;20;-6.029943081694212;5;0;0;5;2;1;22;2.293997500409279;8;5;20;3.833505343922444;6;4;3;16;3;1;18;2;1;8;16;2;14;16;0;5;5;1;3;0;5;10;2;18;24;1;5;6;22;-0.3732180226123776;1;2;12;15;0;12;20;-1.3534257284675084;5;3;0;2;2;0;16;14;2;24;21;-4.052882762482695;1;0;25;23;4.099655585095813;0;15;25;2;1;0;10;20;-8.833669579423384;5;17;0;5;12;4;23;4.026980726522545
TRACK:559;541;4;5;0;0;5;4;3;3;2;3;0;12;18;6;0;9;18;1;1;1;5;2;0;1;15;23;-1.010087854693431;3;8;2;6;25;6;8;0;2;1;6;12;0;8;18;0;5;14;3;9;5;4;3;9;5;6;2;0;0;14;13;2;20;-6.302180647503475;21;4.604463658344235;3;2;10;11;2;5;2;5;2;12;4;20;8.171550456075863;4;5;6;11;5;4;5;3;0;10;17;6;3;6;6;3;5;2;4;25;3;8
TRACK:560;550;-1;5;0;0;5;4;3;3;2;3;0;14;18;6;0;9;18;1;1;1;5;2;0;1;15;23;-1.0671227854755712;3;8;2;6;25;6;8;0;2;1;4;24;0;8;18;0;5;14;3;9;5;4;3;9;5;6;2;0;0;14;13;2;20;-6.480679505091532;21;4.611668381488359;3;2;10;11;2;5;2;5;2;5;20;8.464853984338934;4;20;8.040422973870687;4;5;6;11;5;4;5;3;0;10;17;6;3;6;6;3;5;2;4;25;3;8
TRACK:561;552;-1;5;5;1;3;4;5;4;3;5;13;1;6;6;6;3;3;22;9.9283216258405;5;1;2;6;6;18;4;6;17;5;4;1;9;20;-8.659626492389389
TRACK:562;549;-1;5;4;2;2;3;2;4;6;6;5;23;4.72889317425965;0;2;4;1;14;16;3;0;10;22;-8.154535095714891;1;4;1;15;10;3;9;5;0;0;5;2;1;22;2.482988730080016;8;5;20;3.96969351411447;6;4;3;16;3;1;3;4;14;2;1;8;16;2;14;16;0;5;5;1;3;0;5;10;2;18;18;1;5;3;9;1;2;12;18;0;8;20;-1.2531694461716951;5;3;0;2;2;0;16;14;2;24;21;-4.375522382042568;1;0;25;23;3.8112522642806757;0;15;25;2;1;0;10;20;-8.701609808867078;5;17;0;5;12;4;23;4.010342964474393
TRACK:563;556;-1;6;1;6;6;3;4;1;2;3;5;18;5;6;20;0.31434659104686347;2;1;3;20;-4.084116262037837;1;18;19;0;5;18;3;25;4;5;6;0;5;0;6;0;21;-8.516736717908394;19;6;4;12;2;6;3;4;17;3;3;6;12
TRACK:564;541;-1;5;4;2;2;3;2;4;6;6;5;17;0;2;4;1;14;16;3;0;10;22;-7.951486317612517;4;5;6;20;-6.176365875572365;5;0;0;5;2;1;22;2.128768068573652;8;5;20;4.0671351913217855;6;4;3;16;3;1;3;4;14;2;1;8;16;2;14;16;0;5;5;1;3;0;5;10;2;18;24;1;5;6;22;-0.3617615423215105;1;2;12;15;0;12;20;-1.2451040357400984;5;3;0;2;2;0;16;14;2;24;21;-3.9849181986720295;1;0;25;23;4.0198765552912;0;15;25;2;1;0;10;20;-8.713611281954353;5;17;0;5;12;4;23;3.9301318243159726
TRACK:565;551;-1;3;2;1;4;5;6;5;4;2;2;25;22;-3.3926340130142294;6;25;4;1;1;5;3;2;1;13;14;3;21;-8.165885738638734;4;4;6;1;16;10;4;6;1;3;3;17;6;1;19;9;3;5;6;4;0;1;6;4;23;0.11787048671277177;3;5;23;-2.1732206950362785;0;2;1;18;9;1;22;-1.7083149472564436;10;6;2;18;17
TRACK:566;553;-1;5;4;2;2;3;5;2;0;0;24;9;1;22;-7.891494055780289;7;7.1072214394614015;5;1;15;17;5;0;0;5;2;1;22;2.5526365819826076;8;5;20;4.00133540338162;6;4;3;16;3;1;3;4;14;2;1;8;16;2;14;16;0;5;5;1;3;0;5;10;2;18;24;1;5;6;22;-0.5697286625723952;1;2;12;15;0;8;20;-1.3815380318946895;5;3;0;2;2;0;16;14;2;24;21;-4.1557900195063375;1;0;25;23;3.879211420331926;0;15;25;2;1;0;10;20;-8.751228774508558;5;17;16
TRACK:567;485;-1;5;4;2;2;3;2;4;6;6;5;23;4.627051613296013;0;2;4;1;14;16;3;0;10;22;-8.166417655748818;1;4;1;15;10;3;9;5;0;0;5;2;1;22;2.558862355860779;8;5;20;3.8849249549642697;6;4;3;16;3;0;5;5;18;4;0;7;-5.623603348376614;16;0;5;5;1;3;0;5;10;2;18;24;1;5;6;22;-0.7363132013963339;1;2;12;15;0;8;20;-1.2939412349591337;5;3;0;2;2;0;16;14;2;24;21;-3.9370665984594355;1;0;25;23;4.039440658259829;0;15;25;2;1;0;10;20;-8.714013794393757;5;17;0;5;12;4;23;3.9238287855939644
TRACK:568;557;-1;6;2;0;1;5;0;1;3;6;2;25;16;3;4;1;13;13;4;1;5;2;7;6.426614288216015;21;0.160273046209807;2;6;10;1;15;21;-3.4066333172895877;2;1;6;1;5;6;14;2;3;10;6;24;4;3;0;1;22;0.20971261228156338;15;0;14;17;1;1;3;4;2;24;7;-0.8166336307068003;4;5;5;22;2.176907418694187;1;5;5;5;16;4;6;1;20;-9.824465432646903;16;0;0;0;5;5;4;4;14;2;6;2;4;13;5;10;4;5;6;24;5;0;1;5;2;9;13;5;4;22;-7.63773749572703;1;2;4;24;1;12;14;4;4;12;5;2;0;2;4;1;17;23;-4.331179988958778;1;1;13;14;6;16;3;6;0;9;21;9.458701039162335;0;4;5;6;19;3;2;3;22;9.229976197413997;1;19;23;5.596985786259195;3;2;5;4;1;2;5;4;22;-7.68711036573015;2;3;18;6;21;-4.082610694967401;3;5;2;15;20;7.126248315250091;2;3;1;4;4;4;19;1;1;1;14;7;2.590907771295805;1;15;20;2.3700730921646427;6;6;25;1;5;6;6;5;18;6;2;4;0;21;-9.673271064608022;7;-6.8698507287155195;3;0;10;22;3.168234348495407
TRACK:569;4;-1;5;0;0;5;4;3;3;2;3;0;12;18;6;0;9;18;1;1;1;5;2;0;1;15;23;-1.0987481143941396;3;8;2;6;25;6;8;0;2;1;6;12;0;8;18;0;5;14;3;9;5;4;3;9;5;6;2;0;0;14;13;2;20;-6.463683122843956;21;4.722044610477175;3;2;10;8;2;5;2;5;2;5;20;8.32858069946433;4;20;8.083770478141146;4;5;6;11;5;4;5;3;0;10;17;6;3;6;6;3;5;2;4;25;3;8
EVAL_INSTANCE:28:0:560
EVAL_INSTANCE:28:1:561
EVAL_INSTANCE:28:2:562
EVAL_INSTANCE:28:3:563
EVAL_INSTANCE:28:4:564
EVAL_INSTANCE:28:5:565
EVAL_INSTANCE:28:6:566
EVAL_INSTANCE:28:7:567
EVAL_INSTANCE:28:8:568
EVAL_INSTANCE:28:9:569
RUN_RESULT:28:0:0:2000:----
RUN_RESULT:28:1:0:2000:----
RUN_RESULT:28:2:0:2000:----
RUN_RESULT:28:3:0:2000:----
RUN_RESULT:28:4:0:1772:DDRRDDRURULDLURULLLDLUUUDRRULRRRRUUR
RUN_RESULT:28:5:0:2000:----
RUN_RESULT:28:6:0:2000:----
RUN_RESULT:28:7:0:2000:----
RUN_RESULT:28:8:0:2000:----
RUN_RESULT:28:9:0:2000:----
    29 |      290 | -8.653000E+02 | -2.228000E+03
TRACK:570;564;485;5;4;2;2;3;2;4;6;6;5;17;0;2;4;1;14;16;3;0;10;22;-7.951486317612517;4;5;6;16;5;0;0;5;2;1;22;2.128768068573652;8;5;20;4.0671351913217855;6;4;3;16;3;1;3;4;14;2;1;8;16;2;14;16;0;5;5;1;3;0;5;10;2;18;24;1;5;6;22;-0.3617615423215105;1;2;12;15;0;12;20;-1.2451040357400984;5;3;0;2;2;0;16;14;2;24;21;-3.9849181986720295;1;0;25;23;4.0198765552912;0;15;25;2;1;0;10;20;-8.713611281954353;5;17;0;5;12;4;23;3.9301318243159726
TRACK:571;564;485;5;4;2;2;3;2;4;6;6;5;23;4.597954181273077;0;2;4;1;14;16;3;0;10;22;-8.125071851544686;1;4;1;15;10;3;9;5;0;0;5;2;1;22;2.469507447471751;8;5;20;3.868967517787871;6;4;3;16;3;1;3;4;14;2;1;8;16;2;14;16;0;5;5;1;3;0;5;10;2;18;24;1;5;6;22;-0.5844824108566522;1;2;12;17;0;8;20;-1.3024985184713138;5;3;0;2;2;0;16;14;2;24;21;-4.048510795413605;1;0;25;23;4.016554896951752;0;15;25;2;1;0;10;20;-8.743733345169439;5;17;0;5;12;4;23;4.032591917737476
TRACK:572;4;2;5;0;0;5;4;3;3;2;3;0;12;18;4;9;1;1;1;5;2;0;1;15;23;-1.010087854693431;3;8;2;6;25;6;8;0;2;1;6;12;0;8;18;0;5;14;3;9;5;4;3;9;5;6;2;0;0;14;13;2;20;-6.302180647503475;21;4.604463658344235;3;2;10;11;2;5;2;5;2;5;20;8.361287361696558;4;20;8.171550456075863;4;5;6;11;5;4;5;3;0;10;17;6;3;6;6;3;5;2;4;25;3;8
TRACK:573;4;2;4;2;4;6;1;6;0;5;6;1;23;-5.30978755979069;18;6;6;4;9;5;5;1;2;3;21;-5.161934821656516;6;20;-5.700985251063289;4;6;13;10
TRACK:574;541;541;5;4;2;2;3;2;4;6;6;5;12;0;2;4;1;14;16;3;0;10;22;-8.100847766971867;4;5;6;20;-6.029943081694212;5;0;0;5;2;1;22;2.293997500409279;8;5;20;3.833505343922444;6;4;3;16;3;1;3;4;14;2;1;8;16;2;14;16;0;5;5;1;3;0;5;10;2;18;24;1;5;6;22;-0.3732180226123776;1;2;12;15;0;12;20;-1.3534257284675084;5;3;0;2;2;0;16;14;2;24;21;-4.052882762482695;1;0;25;23;4.099655585095813;0;15;25;2;1;0;10;20;-8.833669579423384;5;17;0;5;12;4;23;4.026980726522545
TRACK:575;541;541;5;4;2;2;3;2;4;6;6;5;23;4.6395927745843855;0;2;4;1;14;16;3;0;10;22;-8.100847766971867;4;5;6;20;-6.029943081694212;5;0;0;5;2;14;5;20;3.833505343922444;6;4;3;16;3;1;3;4;14;2;1;8;16;2;14;16;0;5;5;1;3;0;5;10;2;18;24;1;5;6;22;-0.3732180226123776;1;2;12;15;0;12;20;-1.3534257284675084;5;3;0;2;2;0;16;14;2;24;21;-4.052882762482695;1;0;25;23;4.099655585095813;0;15;25;2;1;0;10;20;-8.833669579423384;5;17;0;5;12;4;23;4.026980726522545
TRACK:576;549;0;5;4;2;2;3;2;4;6;6;5;23;4.591578123759487;0;2;4;1;14;16;3;0;10;22;-8.192055187385206;1;4;1;15;10;3;9;5;0;0;5;2;1;22;2.5975838731264353;8;5;20;3.920815312933984;6;4;3;16;3;1;3;10;2;1;8;16;2;14;16;0;5;5;1;3;0;5;10;2;18;18;1;5;3;9;1;2;12;15;0;8;20;-1.2743992607693262;5;3;0;2;2;0;16;14;2;24;21;-4.210457697931768;1;0;25;23;3.9244205418083733;0;15;25;2;1;0;10;20;-8.656666078889117;5;17;0;5;12;4;23;4.059829309149062
TRACK:577;549;0;2;3;5;3;5;1;1;2;1;3;18;6;10;0;2;8;22;6.166854420213021;0;22;0.1857745325288498;19;6;2;3;16;4;13;0;6;0;2;16;11;5;13;2;3;2;12;22;-7.736175126214531;0;6;17;5;24;3;3;5;0;5;4;4;3;5;17;0;0;3;1;4;9;1;24;13;4;0;3;13;4;18;6;0;1;3;22;-1.76040891228757;6;14;5;0;10;10
TRACK:578;3;564;1;5;1;6;3;4;1;5;0;14;5;11;5;5;6;15;4;1;3;0;4;6;6;9;3;1;6;15;2;12;12;6;4;5;1;1;22;4.11235992743476;12;5;14;3;3;1;0;1;5;6;1;5;20;3.940093784039769;6;14;5;6;6;4;17;1;0;1;2;0;12;16;2;24;12;4;0;13;20;-4.5371671661691115;5;6;0;17;8;2;6;3;4;17;6;1;5;18;4;18;2;5;1;1;0;0;8;11;2;17;18;6;0;15;25;2;5;5;14;2;6;18;1;23;-4.618565988378995;8;1;0;6;4;0;25;21;-4.273100267085299;3;6;4;13;2;4;2;1;25;19;1;7;-9.625467296479883;15;4;5;0;21;-3.7364764609539254;7;8.229177339132015
TRACK:579;3;564;5;4;2;2;3;2;4;6;6;5;17;0;2;4;1;14;16;3;0;10;22;-7.951486317612517;4;5;6;20;-6.176365875572365;5;0;0;5;2;1;22;2.128768068573652;8;5;20;4.0671351913217855;6;4;3;16;3;1;3;4;14;2;1;8;16;2;15;16;0;5;5;1;3;0;5;10;2;18;24;1;5;6;22;-0.3617615423215105;1;2;12;15;0;12;20;-1.2451040357400984;5;3;0;2;2;0;16;14;2;24;21;-3.9849181986720295;1;0;25;23;4.0198765552912;0;15;25;2;1;0;10;20;-8.713611281954353;5;17;0;5;12;4;23;3.9301318243159726
TRACK:580;570;-1;5;4;2;2;3;2;4;6;6;5;17;0;2;4;1;14;16;3;0;10;22;-7.945137823478672;4;5;6;16;5;0;0;5;2;1;22;1.9433624014923643;8;5;20;4.029428538358956;6;4;3;16;3;1;3;4;14;2;1;8;16;2;14;16;0;5;5;1;3;0;5;10;2;18;24;1;5;6;22;-0.285290487658936;1;2;12;15;0;12;20;-1.4695517196383354;5;3;0;2;2;0;15;14;2;24;21;-3.9504524823660723;1;0;25;23;4.023185238330056;0;15;25;2;1;0;10;20;-8.554618192893205;5;17;0;5;12;4;23;3.809137771017624
TRACK:581;572;-1;5;0;0;5;4;3;3;2;3;3;17;4;9;1;1;1;5;2;0;1;15;23;-1.0862679128740849;3;8;2;6;25;6;8;0;2;1;6;12;0;8;18;0;5;14;3;9;5;4;3;9;5;6;2;0;0;14;13;2;20;-6.291171133745186;21;4.562433554271601;3;2;10;11;2;5;2;5;2;5;20;8.53207195687227;4;20;8.154583085719354;4;5;6;11;5;4;5;3;0;10;17;6;3;6;6;3;5;2;4;25;3;8
TRACK:582;574;-1;5;4;2;2;3;2;4;6;6;5;12;0;2;4;1;14;16;3;0;10;22;-8.066636323695755;4;5;6;20;-5.970930497306207;5;0;0;5;2;1;16;25;5;20;3.98403000281819;6;4;3;16;3;1;3;4;14;2;1;8;16;2;14;16;0;5;5;1;3;0;5;10;2;18;24;1;5;6;22;-0.24986967296562557;1;2;12;15;0;12;20;-1.2644337777292334;5;3;0;2;2;0;16;14;2;24;21;-3.996529598247799;1;0;25;23;4.065417607208708;0;15;25;2;1;0;10;20;-8.860268295957532;5;17;0;5;12;4;23;3.8696045973926183
TRACK:583;576;-1;5;4;2;2;3;2;4;6;6;5;23;4.487732888047237;0;2;4;1;14;16;3;0;10;22;-8.049442338905672;1;4;1;15;10;3;9;5;0;0;5;2;1;22;2.586225011942582;8;5;20;4.0647752786326565;6;4;3;16;3;1;3;10;2;1;8;16;2;14;16;0;5;5;1;3;0;5;10;2;18;18;1;5;3;9;1;2;8;15;0;8;20;-1.261390974992573;5;3;0;2;2;0;16;14;2;24;21;-4.188605498939716;1;0;25;23;3.861867362244495;0;15;25;2;1;0;10;20;-8.74182980256267;5;17;0;5;12;4;23;3.996767837316326
TRACK:584;578;-1;1;5;1;6;3;4;1;5;0;14;5;11;5;5;6;15;4;1;3;0;4;6;6;9;3;1;6;15;2;12;12;6;4;5;1;1;22;4.174956199200342;12;5;14;3;3;1;0;1;5;6;1;5;20;4.03170940758392;6;14;5;6;6;4;17;1;0;1;2;0;12;16;2;24;12;4;0;13;20;-4.572261752975914;5;6;0;17;8;2;6;3;4;17;6;1;5;18;4;18;2;5;1;1;0;0;8;11;2;17;18;6;0;15;25;2;5;5;14;2;6;18;1;23;-4.574977394508793;8;1;0;6;4;0;25;21;-4.140019976536209;3;5;22;2.313231539617867;2;4;2;1;25;19;1;7;-9.577457159120971;15;4;5;0;21;-3.8505007174673778;7;8.383791041911042
TRACK:585;571;-1;5;4;2;2;3;2;4;6;6;5;23;4.489548173300963;0;2;4;1;14;16;3;0;10;22;-8.070313932576783;1;4;1;15;10;3;9;5;0;0;5;2;1;22;2.6508784366584015;8;5;20;3.9765312495436955;6;4;3;16;3;3;0;13;19;0;5;5;1;3;0;5;10;2;18;24;1;5;6;22;-0.5463590118044501;1;2;12;17;0;8;20;-1.2202130508987707;5;3;0;2;2;0;16;14;2;24;21;-4.10641366822897;1;0;25;23;4.189962912638393;0;15;25;2;1;0;10;20;-8.792428033787006;5;17;0;5;12;4;23;4.077560495111157
TRACK:586;573;-1;4;2;4;6;1;6;0;5;6;1;23;-5.3170261365755;18;1;1;18;25;0;17;15;5;5;1;2;3;21;-5.097836354830584;6;20;-5.686307815842647;4;6;13;10
TRACK:587;575;-1;5;4;2;2;3;2;4;6;6;5;23;4.703647397683504;0;2;4;1;14;16;3;0;10;22;-8.19090346064255;4;5;6;20;-6.1791835265172566;5;0;0;5;2;14;5;20;3.9755652533136154;6;4;3;16;3;1;3;4;14;2;1;8;16;2;14;16;0;5;5;1;3;0;5;10;2;18;24;1;5;6;22;-0.28023231276388666;1;2;12;15;0;12;20;-1.5472727353963087;5;3;0;2;2;4;24;1;16;7;-9.746024436325683;1;0;25;23;3.996101635828002;0;15;25;2;1;0;10;20;-8.88816592682362;5;17;0;5;12;4;23;4.0988691035598555
TRACK:588;577;-1;2;3;5;3;5;1;1;2;1;3;18;6;10;0;2;8;22;6.211551432526922;0;22;0.2630505399331783;19;6;2;3;16;4;13;0;6;0;2;16;11;5;13;2;3;2;12;22;-7.735089850665362;0;6;17;5;24;3;3;5;0;5;4;4;3;5;17;0;0;3;1;4;9;1;24;13;4;0;3;13;4;18;6;0;1;3;8;6;14;5;0;10;10
TRACK:589;579;-1;5;4;2;2;3;2;4;6;6;5;17;0;2;4;1;14;16;3;0;10;22;-7.966144169137601;4;5;6;20;-6.07281618565269;5;0;0;5;2;1;22;2.149386812214256;8;5;20;4.157206588327679;6;4;3;16;3;1;3;4;14;2;1;8;16;2;15;16;0;5;5;1;3;0;5;10;2;18;24;1;5;6;22;-0.3347595886253646;1;2;12;15;0;12;20;-1.358454226877623;5;3;0;2;2;2;10;8;2;24;21;-3.855536913182774;1;0;25;23;4.078703834996003;0;15;25;2;1;0;10;20;-8.653269005543144;5;17;0;5;12;4;23;4.094550994497024
EVAL_INSTANCE:29:0:580
EVAL_INSTANCE:29:1:581
EVAL_INSTANCE:29:2:582
EVAL_INSTANCE:29:3:583
EVAL_INSTANCE:29:4:584
EVAL_INSTANCE:29:5:585
EVAL_INSTANCE:29:6:586
EVAL_INSTANCE:29:7:587
EVAL_INSTANCE:29:8:588
EVAL_INSTANCE:29:9:589
RUN_RESULT:29:0:0:2000:----
RUN_RESULT:29:1:0:2000:----
RUN_RESULT:29:2:0:2000:----
RUN_RESULT:29:3:0:2000:----
RUN_RESULT:29:4:0:2000:----
RUN_RESULT:29:5:0:2000:----
RUN_RESULT:29:6:0:2000:----
RUN_RESULT:29:7:0:2000:----
RUN_RESULT:29:8:0:2000:----
RUN_RESULT:29:9:0:2000:----
    30 |      300 | -8.653000E+02 | -2.228000E+03
TRACK:590;549;485;5;4;2;2;3;2;4;6;6;5;23;4.591578123759487;3;9;5;0;0;5;2;1;22;2.5975838731264353;8;5;20;3.920815312933984;6;4;3;16;3;1;3;4;14;2;1;8;16;2;14;16;0;5;5;1;3;0;5;10;2;18;18;1;5;3;9;1;2;12;15;0;8;20;-1.2743992607693262;5;3;0;2;2;0;16;14;2;24;21;-4.210457697931768;1;0;25;23;3.9244205418083733;0;15;25;2;1;0;10;20;-8.656666078889117;5;17;0;5;12;4;23;4.059829309149062
TRACK:591;549;485;5;4;2;2;3;2;4;6;6;5;23;4.597954181273077;0;2;4;1;14;16;3;0;10;22;-8.125071851544686;1;4;1;8;10;3;9;5;0;0;5;2;1;22;2.469507447471751;8;5;20;3.868967517787871;6;4;3;16;3;1;3;4;14;2;1;8;16;2;14;16;0;5;5;1;3;0;5;10;2;18;24;1;5;6;22;-0.5844824108566522;1;2;12;15;0;8;20;-1.3024985184713138;5;3;0;2;2;0;16;14;2;24;21;-4.048510795413605;1;0;25;23;4.016554896951752;0;15;25;2;1;0;10;20;-8.743733345169439;5;17;0;5;12;4;23;4.032591917737476
TRACK:592;1;564;6;2;0;1;5;0;1;3;6;2;25;16;3;4;1;13;13;4;1;5;2;7;6.315454661611891;21;0.0020990115267220943;2;6;10;1;15;21;-3.396727790283787;2;1;6;1;5;6;14;2;3;10;6;24;4;3;0;1;22;0.02873875468655207;15;0;14;17;1;1;3;4;2;24;7;-0.9103980169869779;4;5;5;22;2.147160768064797;1;5;5;5;16;4;6;1;20;-9.687446714045368;16;0;0;0;5;5;4;4;14;2;6;2;4;13;5;10;4;5;6;24;5;0;1;5;22;2.128768068573652;5;4;22;-7.529488634423494;1;2;4;24;1;12;14;4;4;12;5;2;0;2;4;1;17;23;-4.206051741293473;1;1;13;14;6;16;3;6;0;9;21;9.321993186572499;0;4;5;6;19;3;2;3;22;9.283806713555926;1;19;9;3;2;5;4;1;2;5;4;22;-7.800754036472092;2;3;18;6;21;-4.120026250168354;3;5;2;15;20;6.936544827334295;2;3;1;4;4;4;19;1;1;1;14;7;2.506418588475869;1;15;20;2.370884575997369;6;6;25;1;5;6;6;3;19;6;2;4;0;21;-9.522203833226273;7;-6.774785840005155;3;0;10;22;3.1807941510229636
TRACK:593;1;564;5;4;2;2;3;2;4;6;6;5;17;0;2;9;3;0;10;22;-7.951486317612517;4;5;6;20;-6.176365875572365;5;0;0;5;2;1;22;2.128768068573652;8;5;20;4.0671351913217855;6;4;3;16;3;1;3;4;14;2;1;8;16;2;14;16;0;5;5;1;3;0;5;10;2;18;24;1;5;6;22;-0.3617615423215105;1;2;12;15;0;12;20;-1.2451040357400984;5;3;0;2;2;0;16;14;2;24;21;-3.9849181986720295;1;0;25;23;4.0198765552912;0;15;25;2;1;0;10;20;-8.713611281954353;5;17;0;5;12;4;23;3.9301318243159726
TRACK:594;541;485;5;4;2;2;3;2;4;6;6;5;23;4.6395927745843855;0;2;4;1;14;16;3;0;10;22;-8.100847766971867;4;5;6;20;-6.029943081694212;5;0;0;5;2;1;22;2.293997500409279;8;5;20;3.833505343922444;6;4;3;16;3;1;3;4;14;2;1;8;16;2;14;16;0;5;5;1;3;0;5;10;2;18;24;1;5;6;22;-0.3732180226123776;1;2;12;15;0;12;20;-1.3534257284675084;5;3;0;14;2;1;0;10;20;-8.833669579423384;5;17;0;5;12;4;23;4.026980726522545
TRACK:595;541;485;5;4;2;2;3;2;4;6;6;5;23;4.597954181273077;0;2;4;1;14;16;3;0;10;22;-8.125071851544686;1;4;1;15;10;3;9;5;0;0;5;2;1;22;2.469507447471751;8;5;20;3.868967517787871;6;4;3;16;3;1;3;4;14;2;1;8;16;2;14;16;0;5;5;1;3;0;5;10;2;18;24;1;5;6;22;-0.5844824108566522;1;2;12;15;0;8;20;-1.3024985184713138;5;3;0;2;2;0;16;14;2;24;21;-4.048510795413605;1;0;25;23;4.016554896951752;0;15;25;2;1;0;10;20;-8.743733345169439;5;10;0;5;12;4;23;4.032591917737476
TRACK:596;1;541;6;2;0;1;5;0;1;3;6;2;25;16;3;4;1;13;13;4;1;5;2;7;6.315454661611891;21;0.0020990115267220943;2;6;10;1;15;21;-3.396727790283787;2;1;6;1;5;6;14;2;3;10;6;24;4;22;2.293997500409279;1;1;3;4;2;24;7;-0.9103980169869779;4;5;5;22;2.147160768064797;1;5;5;5;16;4;6;1;20;-9.687446714045368;16;0;0;0;5;5;4;4;14;2;6;2;4;13;5;10;4;5;6;24;5;0;1;5;2;9;13;5;4;22;-7.529488634423494;1;2;4;24;1;12;14;4;4;12;5;2;0;2;4;1;17;23;-4.206051741293473;1;1;13;14;6;16;3;6;0;9;21;9.321993186572499;0;4;5;6;19;3;2;3;22;9.283806713555926;1;19;9;3;2;5;4;1;2;5;4;22;-7.800754036472092;2;3;18;6;21;-4.120026250168354;3;5;2;15;20;6.936544827334295;2;3;1;4;4;4;19;1;1;1;14;7;2.506418588475869;1;15;20;2.370884575997369;6;6;25;1;5;6;6;3;19;6;2;4;0;21;-9.522203833226273;7;-6.774785840005155;3;0;10;22;3.1807941510229636
TRACK:597;1;541;5;4;2;2;3;2;4;6;6;5;23;4.6395927745843855;0;2;4;1;14;16;3;0;10;22;-8.100847766971867;4;5;6;20;-6.029943081694212;5;0;0;5;2;1;22;2.293997500409279;8;5;20;3.833505343922444;6;4;3;16;3;1;3;4;14;2;1;8;16;2;14;16;0;5;5;1;3;0;5;10;2;18;24;1;5;6;22;-0.3732180226123776;1;2;12;15;0;12;20;-1.3534257284675084;5;3;0;2;2;0;16;19;2;24;21;-4.052882762482695;1;0;25;23;4.099655585095813;0;15;25;2;1;0;10;20;-8.833669579423384;5;17;0;5;12;4;23;4.026980726522545
TRACK:598;564;4;5;4;2;2;3;2;4;6;6;5;17;0;2;4;1;14;16;3;0;10;22;-7.951486317612517;4;5;6;20;-6.176365875572365;5;0;0;5;2;1;22;2.128768068573652;8;5;20;4.0671351913217855;6;4;3;16;3;1;3;4;14;2;1;8;16;2;14;9;0;5;5;1;3;0;5;10;2;18;24;1;5;6;22;-0.3617615423215105;1;2;12;15;0;12;20;-1.2451040357400984;5;3;0;2;2;0;16;14;2;24;21;-3.9849181986720295;1;0;25;23;4.0198765552912;0;15;25;2;1;0;10;20;-8.713611281954353;5;17;0;5;12;4;23;3.9301318243159726
TRACK:599;564;4;5;0;0;5;4;0;25;23;4.0198765552912;1;1;1;5;2;0;1;15;23;-1.010087854693431;3;8;2;6;25;6;8;0;2;1;6;12;0;8;18;0;5;14;3;9;5;4;3;9;5;6;2;0;0;14;13;2;20;-6.302180647503475;21;4.604463658344235;3;2;10;11;2;5;2;5;2;5;20;8.361287361696558;4;20;8.171550456075863;4;5;6;11;5;4;5;3;0;10;17;6;3;6;6;3;5;2;4;25;3;8
TRACK:600;590;-1;5;4;2;2;3;2;4;6;6;5;23;4.66582528479257;3;9;5;0;0;5;2;1;22;2.5222637886604415;8;5;20;3.889042255566358;6;4;3;16;3;1;3;4;14;2;1;8;16;2;14;16;0;5;5;1;3;0;5;10;2;18;18;1;5;3;9;1;2;12;15;0;22;-3.909477880909864;20;-1.389506750228842;5;3;0;2;2;0;16;14;2;24;21;-4.179067172841154;1;0;25;23;3.8949210068083673;0;15;25;2;1;0;10;20;-8.553614651772046;5;17;0;5;12;4;23;3.9860086479031587
TRACK:601;592;-1;6;2;0;1;5;0;1;3;6;2;25;16;3;4;1;13;13;4;3;6;0;19;16;2;1;6;1;5;6;14;2;3;10;6;24;4;3;0;1;22;0.10583966980775109;15;0;14;17;1;1;3;4;2;24;7;-0.9042638333556917;4;5;5;22;2.029942619769536;1;5;5;5;16;4;6;1;20;-9.683854889285657;16;0;0;0;5;5;4;4;14;2;6;2;4;13;5;10;4;5;6;24;5;0;1;5;22;2.1752751982547767;5;4;22;-7.695960457359949;1;2;4;24;1;12;14;4;4;12;5;2;0;2;4;1;17;23;-4.148357358087059;1;1;13;14;6;16;3;6;0;9;21;9.366009213842778;0;4;5;6;19;3;2;3;22;9.210709033395634;1;19;9;3;2;5;4;1;2;5;4;22;-7.774675288964082;2;3;18;6;21;-4.18108795218114;3;5;2;15;20;6.992337178737627;2;3;1;4;4;4;19;1;1;1;14;7;2.4412953822334966;1;15;20;2.4038697178828428;6;6;25;1;5;6;6;3;19;6;2;4;0;21;-9.538254266532192;7;-6.718887883255438;3;0;10;22;3.1186769051814087
TRACK:602;594;-1;5;4;2;2;3;2;4;6;6;5;23;4.8011826593495766;0;2;4;1;14;16;3;0;10;22;-8.278482954189531;4;5;6;20;-5.9963849070957504;5;0;0;5;2;1;22;2.105641853951708;8;5;20;3.798126189416995;6;4;3;16;3;1;3;4;14;2;1;8;16;2;14;16;0;5;5;1;3;2;23;-9.338675644916055;7;-6.542066573851459;1;5;6;22;-0.4565032982090761;1;2;12;15;0;12;20;-1.401905120906457;5;3;0;14;2;1;0;10;20;-8.84456139226507;5;17;0;5;12;4;23;4.1037191911567055
TRACK:603;596;-1;6;2;0;1;5;0;1;3;6;2;25;16;3;4;1;13;13;4;1;5;2;7;6.27803643752384;21;0.08788566131173009;2;6;10;1;15;21;-3.468748860842208;2;1;6;1;5;6;14;2;3;10;6;24;4;22;2.3090083318202037;1;1;3;3;17;4;5;5;22;2.168995595325965;1;5;5;5;16;4;6;1;20;-9.61082949882252;16;0;0;0;5;5;4;4;14;2;6;2;4;13;5;10;4;5;6;24;5;0;1;5;2;9;13;5;4;22;-7.558520038498159;1;2;4;24;1;12;14;4;4;12;5;2;0;2;4;1;17;23;-4.222558817672186;1;1;13;14;6;16;3;6;0;9;21;9.286503515281115;0;4;5;6;19;3;2;3;22;9.289045247207728;1;19;9;3;2;5;4;1;2;5;4;22;-7.887610540502276;2;3;18;6;21;-4.200020945530629;3;5;2;15;20;6.806789748871405;2;3;1;4;4;4;19;1;1;1;14;7;2.4591638249815;1;15;20;2.4558777059724393;6;6;25;1;5;6;6;3;19;6;2;4;0;21;-9.54067216591674;7;-6.742808917549162;3;0;10;22;3.131013656156685
TRACK:604;598;-1;5;4;2;2;3;2;4;6;6;5;17;0;2;4;1;14;16;3;0;21;-3.1613980962053834;22;-7.908348064699933;4;5;6;20;-6.1255963578263435;5;0;0;5;2;1;22;2.111912667346712;8;5;20;4.1017564170551415;6;4;3;16;3;1;3;4;14;2;1;8;16;2;14;9;0;5;5;1;3;0;5;10;2;18;24;1;5;6;22;-0.25908843211067456;1;2;12;15;0;12;20;-1.1753111829349738;5;3;0;2;2;0;16;14;2;24;21;-4.03000284130011;1;0;25;23;4.131817862842962;0;15;25;2;1;0;10;20;-8.811896445842887;5;17;0;5;12;4;23;3.8661545632706087
TRACK:605;591;-1;5;4;2;2;3;2;4;6;6;5;23;4.5751074897241475;0;2;4;1;14;16;3;0;10;22;-8.032314721350872;1;4;1;8;10;3;9;5;0;0;5;2;1;22;2.4428462014319248;8;5;20;3.7975663321838096;6;4;3;16;3;1;3;4;14;2;1;8;16;2;14;16;0;5;5;1;3;0;5;10;2;18;24;1;5;6;22;-0.623642449727137;1;2;12;15;0;8;20;-1.2875762603252938;5;3;0;2;2;0;16;14;5;13;1;0;25;23;4.090240530243932;0;15;25;2;1;0;10;20;-8.797734348324322;5;17;0;5;12;4;23;3.9001443767792283
TRACK:606;593;-1;5;4;2;2;3;2;4;6;6;5;17;0;2;9;3;0;10;22;-7.7039027431041625;4;5;6;20;-6.132671976336894;5;0;0;5;2;1;22;2.1235078766582323;8;5;20;4.179121540295515;6;4;3;16;3;1;3;4;14;2;1;8;16;2;14;16;0;5;5;1;3;0;5;10;2;13;24;1;5;6;22;-0.31442065149088044;1;2;12;15;0;12;20;-1.4484930850441815;5;3;0;2;2;0;16;14;2;24;21;-3.9104941826935216;1;0;25;23;4.059973811898551;0;15;25;2;1;0;10;20;-8.80535131002175;5;17;0;5;12;4;23;3.7970554599472006
TRACK:607;595;-1;5;4;2;2;3;2;4;6;6;5;23;4.54621465746317;0;2;4;1;14;16;3;0;10;22;-8.145861157344768;1;4;1;15;10;3;9;5;0;0;5;2;1;22;2.6177551331056077;8;5;20;3.813226184935076;6;4;3;16;3;1;3;4;14;2;1;8;16;2;14;16;0;5;5;1;3;0;5;10;2;18;24;1;5;6;22;-0.5823414741243317;1;2;12;15;0;8;20;-1.3854384188022049;5;3;0;2;2;0;16;14;2;24;21;-4.209735663136707;1;0;25;18;0;15;25;2;1;0;10;20;-8.662188766095118;5;10;0;5;12;4;23;4.021770675377505
TRACK:608;597;-1;5;4;2;2;3;2;4;6;6;5;23;4.682639596188062;0;2;4;1;14;16;3;0;10;22;-8.211252961327682;4;5;6;20;-6.199764393314253;5;0;0;5;2;1;22;2.5200905441577706;12;5;20;3.816981893646115;6;4;3;16;3;1;3;4;14;2;1;8;16;2;14;16;0;5;5;1;3;0;5;10;2;18;24;1;5;6;22;-0.41014736557728465;1;2;12;15;0;12;20;-1.3107776349078222;5;3;0;2;2;0;16;19;2;24;21;-4.095252467160895;1;0;25;23;4.151264343301425;0;15;25;2;1;0;10;20;-8.693194917123463;5;17;0;5;12;4;23;3.9202430317319097
TRACK:609;599;-1;5;0;0;5;4;0;25;23;4.111940613846224;1;1;1;5;2;0;1;15;23;-1.0566101595248023;3;8;2;6;25;6;8;0;2;1;6;12;0;8;18;0;5;14;3;9;5;4;3;9;5;6;2;0;0;14;13;2;20;-6.392571957945487;21;4.6414654981722245;3;2;10;11;2;4;0;6;8;1;22;8.58889312092247;9;5;4;5;3;0;10;17;6;3;6;6;3;5;2;4;25;3;8
EVAL_INSTANCE:30:0:600
EVAL_INSTANCE:30:1:601
EVAL_INSTANCE:30:2:602
EVAL_INSTANCE:30:3:603
EVAL_INSTANCE:30:4:604
EVAL_INSTANCE:30:5:605
EVAL_INSTANCE:30:6:606
EVAL_INSTANCE:30:7:607
EVAL_INSTANCE:30:8:608
EVAL_INSTANCE:30:9:609
RUN_RESULT:30:0:0:2000:----
RUN_RESULT:30:1:0:2000:----
RUN_RESULT:30:2:0:2000:----
RUN_RESULT:30:3:0:2000:----
RUN_RESULT:30:4:0:2000:----
RUN_RESULT:30:5:0:2000:----
RUN_RESULT:30:6:0:1890:DDRRDDRURULDLURULLLDLUUUDRRULRRRRUUR
RUN_RESULT:30:7:0:2000:----
RUN_RESULT:30:8:0:2000:----
RUN_RESULT:30:9:0:2000:----
    31 |      310 | -1.076300E+03 | -2.228000E+03
TRACK:610;541;606;5;4;2;2;3;2;4;6;6;5;23;4.6395927745843855;0;2;4;1;14;16;3;0;10;22;-8.100847766971867;4;5;6;20;-6.029943081694212;5;0;0;5;2;1;22;2.293997500409279;8;5;20;3.833505343922444;6;4;3;16;3;1;3;4;14;2;1;8;16;2;14;16;0;5;5;1;3;0;5;10;2;18;24;1;5;6;15;1;2;12;15;0;12;20;-1.3534257284675084;5;3;0;2;2;0;16;14;2;24;21;-4.052882762482695;1;0;25;23;4.099655585095813;0;15;25;2;1;0;10;20;-8.833669579423384;5;17;0;5;12;4;23;4.026980726522545
TRACK:611;541;606;5;4;2;2;3;2;4;6;6;5;14;0;2;9;3;0;10;22;-7.7039027431041625;4;5;6;20;-6.132671976336894;5;0;0;5;2;1;22;2.1235078766582323;8;5;20;4.179121540295515;6;4;3;16;3;1;3;4;14;2;1;8;16;2;14;16;0;5;5;1;3;0;5;10;2;13;24;1;5;6;22;-0.31442065149088044;1;2;12;15;0;12;20;-1.4484930850441815;5;3;0;2;2;0;16;14;2;24;21;-3.9104941826935216;1;0;25;23;4.059973811898551;0;15;25;2;1;0;10;20;-8.80535131002175;5;17;0;5;12;4;23;3.7970554599472006
TRACK:612;4;564;5;0;0;5;4;3;3;2;3;0;12;18;6;0;9;18;1;1;1;5;2;0;1;15;23;-1.010087854693431;3;8;2;6;25;22;2.128768068573652;0;2;1;6;12;0;8;18;0;5;14;3;9;5;4;3;9;5;6;2;0;0;14;13;2;20;-6.302180647503475;21;4.604463658344235;3;2;10;11;2;5;2;5;2;5;20;8.361287361696558;4;20;8.171550456075863;4;5;6;11;5;4;5;3;0;10;17;6;3;6;6;3;5;2;4;25;3;8
TRACK:613;4;564;5;4;2;2;3;2;4;6;6;5;17;0;2;4;1;14;16;3;0;10;22;-7.951486317612517;4;5;6;20;-6.176365875572365;5;0;0;5;2;1;22;2.128768068573652;8;5;20;4.0671351913217855;6;4;3;16;3;1;3;4;14;2;1;8;16;2;14;16;0;5;5;1;3;0;5;10;2;18;24;1;5;6;22;-0.3617615423215105;1;2;12;15;0;12;20;-1.2451040357400984;5;3;0;2;2;0;16;14;2;25;21;-3.9849181986720295;1;0;25;23;4.0198765552912;0;15;25;2;1;0;10;20;-8.713611281954353;5;17;0;5;12;4;23;3.9301318243159726
TRACK:614;0;549;2;3;5;3;5;1;1;2;1;3;18;6;10;0;2;8;22;6.166854420213021;0;22;0.1857745325288498;19;6;2;3;16;4;13;0;6;0;2;16;11;5;13;2;3;2;12;22;-7.736175126214531;0;6;17;5;24;3;3;5;0;5;4;4;3;5;17;0;0;3;1;4;16;1;24;13;4;0;3;13;4;18;6;0;1;3;22;-1.76040891228757;6;10;5;0;10;10
TRACK:615;0;549;5;4;2;2;3;2;4;6;6;5;23;4.591578123759487;0;2;4;1;14;16;3;0;10;22;-8.192055187385206;1;4;1;15;10;3;9;5;0;0;5;2;1;22;2.5975838731264353;8;5;20;3.920815312933984;6;4;3;16;3;1;3;4;14;2;1;8;16;2;14;16;0;5;5;1;3;0;5;10;2;18;18;1;5;3;9;1;2;12;15;0;8;20;-1.2743992607693262;5;3;0;2;2;0;16;14;2;24;21;-4.210457697931768;1;0;25;23;3.9244205418083733;0;15;25;0;10;10
TRACK:616;0;564;2;3;5;3;5;1;1;2;1;3;18;6;10;0;2;8;22;6.166854420213021;0;22;0.1857745325288498;19;6;2;3;16;4;13;0;6;0;2;16;16;5;13;2;3;2;12;22;-7.736175126214531;0;6;17;5;24;3;3;5;0;5;4;4;3;5;17;0;0;3;1;4;9;1;24;13;4;0;3;13;4;18;6;0;1;3;22;-1.76040891228757;6;10;5;0;10;10
TRACK:617;0;564;5;4;2;2;3;2;4;6;6;5;17;0;2;4;1;14;16;3;0;10;22;-7.951486317612517;4;5;6;20;-6.176365875572365;5;0;0;5;2;1;22;2.128768068573652;8;5;20;4.0671351913217855;6;4;3;16;3;1;3;4;14;2;1;8;16;2;14;16;0;5;5;1;3;0;5;10;2;18;24;1;5;6;22;-0.3617615423215105;1;2;12;15;0;12;20;-1.2451040357400984;5;3;0;2;2;0;16;14;2;24;21;-3.9849181986720295;1;0;25;23;4.0198765552912;0;15;25;4;3;5;17
TRACK:618;606;541;5;4;2;2;3;2;4;6;6;5;17;0;2;9;3;0;10;22;-7.7039027431041625;4;5;6;20;-6.132671976336894;5;0;0;5;2;1;22;2.1235078766582323;8;5;20;4.179121540295515;6;4;3;16;3;1;3;4;14;2;1;8;16;2;14;16;0;5;5;1;3;0;5;10;2;13;24;1;5;6;22;-0.31442065149088044;1;2;12;15;0;12;20;-1.4484930850441815;5;3;0;2;2;0;16;14;2;24;21;-3.9104941826935216;1;0;25;23;4.059973811898551;0;15;25;2;1;0;10;20;-8.80535131002175;5;14;0;5;12;4;23;3.7970554599472006
TRACK:619;606;541;5;4;2;2;3;2;4;6;6;5;23;4.6395927745843855;0;2;4;1;14;16;3;0;10;22;-8.100847766971867;4;5;6;20;-6.029943081694212;5;0;0;5;2;1;22;2.293997500409279;8;5;20;3.833505343922444;6;4;3;16;3;1;3;4;14;2;1;8;16;2;14;16;0;5;5;1;3;0;5;10;2;18;24;1;5;6;22;-0.3732180226123776;1;2;12;15;0;12;20;-1.3534257284675084;5;3;0;2;2;10;2;24;21;-4.052882762482695;1;0;25;23;4.099655585095813;0;15;25;2;1;0;10;20;-8.833669579423384;5;17;0;5;12;4;23;4.026980726522545
TRACK:620;610;-1;5;4;2;2;3;2;4;6;6;5;23;4.598244036523067;0;2;4;1;14;16;3;0;10;15;4;5;6;20;-6.0238776275873755;5;0;0;5;2;1;22;2.2802529423066247;8;5;20;3.7639857202261915;6;4;3;16;3;1;3;4;14;2;1;8;16;2;14;16;0;5;5;1;3;0;5;10;2;18;24;1;5;6;15;1;2;12;15;0;12;20;-1.4010603745296142;5;3;0;2;2;0;16;14;2;24;21;-4.092074801195891;1;0;25;23;4.11770476729125;0;15;25;2;1;0;10;20;-8.875834983626476;5;17;0;5;12;4;23;4.055556773699983
TRACK:621;612;-1;5;0;0;5;4;3;3;2;3;0;12;18;6;0;9;18;1;1;1;5;2;0;1;15;23;-0.8890738058490482;3;8;2;6;25;22;2.057522304786419;0;2;1;6;12;0;8;18;0;5;14;3;9;5;0;6;16;4;21;6.772265315215641;5;6;2;0;0;14;13;2;20;-6.287797820978403;21;4.523153345711131;3;2;10;11;2;5;2;5;2;5;20;8.334145428386124;4;20;8.123397178177607;4;5;6;11;5;4;5;3;0;10;17;6;3;6;6;3;5;2;4;25;3;8
TRACK:622;614;-1;2;3;5;3;5;1;1;2;1;3;18;6;10;0;2;8;22;6.37706336808644;0;22;-0.06010379887802092;19;6;2;3;16;4;13;0;6;0;2;16;11;5;13;2;3;2;12;22;-7.634629063710843;0;6;17;5;24;3;3;5;0;5;4;4;3;5;17;0;0;3;1;4;16;1;24;13;4;0;3;13;4;18;6;3;0;3;12;0;23;2.435898209570455;14
TRACK:623;616;-1;2;3;5;3;5;1;1;2;1;3;18;6;10;0;2;8;22;6.277642883661343;0;8;19;6;2;3;16;4;13;0;6;0;2;16;16;5;13;2;3;2;12;22;-7.8021876268776476;0;6;17;5;24;3;3;5;0;5;4;4;3;5;17;0;0;3;1;4;9;1;24;13;4;0;3;13;4;18;6;0;1;3;22;-1.6401765523717946;6;10;5;0;10;10
TRACK:624;618;-1;5;4;2;2;3;2;4;6;6;5;17;0;2;9;3;0;10;22;-7.780725328351154;4;5;6;20;-6.135287918123346;5;0;0;5;2;1;22;2.0154815491548526;8;5;20;4.2357072908084925;6;4;3;16;3;1;3;4;14;2;1;8;16;2;14;16;0;5;5;1;3;0;5;10;2;13;24;1;5;6;22;-0.10776523641677527;1;2;12;15;0;12;20;-1.4086885117442394;5;3;0;2;2;0;16;14;2;24;21;-3.926150529207862;1;0;25;23;4.055200249667976;0;15;25;2;1;0;10;20;-8.71929532260769;0;20;2.5471310810365004;12;0;5;12;4;23;3.762433547384572
TRACK:625;611;-1;5;4;2;2;3;4;2;0;3;7;5.091001094215821;4;15;1;5;23;6.306306543824302;6;22;7.511628464202758;5;0;0;5;2;1;22;2.11245612547456;8;5;20;4.0062054329010754;6;4;3;16;3;1;3;4;14;2;1;8;16;2;14;16;0;5;5;1;3;0;5;10;2;13;24;1;5;6;22;-0.24543088359202314;1;2;12;15;0;12;20;-1.3831429467423018;5;3;0;2;2;0;16;14;2;24;21;-3.883667049649619;1;0;25;23;4.22965503677531;0;15;25;2;1;0;10;20;-8.784674438208887;5;17;0;5;12;4;23;3.876615284923971
TRACK:626;613;-1;5;4;2;2;3;2;4;6;6;5;17;0;2;4;1;14;16;3;0;10;22;-7.990567807566621;4;5;6;20;-6.140055188988143;5;0;4;3;4;2;22;3.205144482908599;12;3;1;3;4;14;2;1;8;16;2;14;16;0;5;5;1;3;0;5;10;2;18;24;1;5;6;22;-0.2926565389584917;1;2;12;15;0;12;20;-1.3080401481581583;5;3;0;2;2;0;16;14;2;25;21;-3.8774251815066814;1;0;25;23;3.9959528655886984;0;15;25;2;1;0;10;20;-8.81372509692131;5;17;0;5;12;4;23;4.017351334827383
TRACK:627;615;-1;5;4;2;2;3;2;4;6;6;5;23;4.661974748990958;4;13;5;0;0;5;2;1;22;2.6063279288123686;8;5;20;4.016143062068694;6;4;3;16;3;1;3;4;14;2;1;8;16;2;14;16;0;5;5;1;3;0;5;10;2;18;18;1;5;3;9;1;2;12;15;0;8;20;-1.2202730672417945;5;3;0;2;2;0;16;14;2;24;21;-4.2278130225994515;1;0;25;23;3.8729393988553875;0;15;25;0;10;10
TRACK:628;617;-1;5;4;2;2;3;2;4;6;6;5;17;0;2;4;1;14;16;3;0;10;22;-7.9062972209452225;4;5;6;20;-6.098731837002782;5;0;0;5;2;1;22;2.2080363429303125;8;5;20;4.33975378323952;6;4;3;16;3;1;3;4;14;2;1;8;16;2;14;16;0;5;5;1;3;0;5;10;2;18;24;1;5;6;22;-0.31884482859346597;1;2;12;15;0;12;20;-1.2075721105948904;5;3;0;2;2;0;16;14;2;24;21;-3.870215389897021;1;0;25;23;4.08493908761857;0;15;25;4;3;5;17
TRACK:629;619;-1;5;4;2;2;3;2;4;6;5;6;15;0;2;4;1;14;16;3;0;10;22;-8.127098291901518;4;5;6;20;-5.990849144571593;5;0;0;5;2;1;22;2.2331623585090523;8;5;20;3.7577655655167046;6;4;3;16;3;1;3;4;14;2;1;8;16;2;14;16;0;5;5;1;3;0;5;10;2;18;24;1;5;6;22;-0.4779105656093965;1;2;12;15;0;12;20;-1.422008401287172;5;3;0;2;2;10;2;24;21;-4.062067874385715;1;0;25;23;4.1022786118625305;0;15;25;2;1;0;10;20;-8.847648200783825;5;17;0;5;12;4;23;3.9357104229830076
EVAL_INSTANCE:31:0:620
EVAL_INSTANCE:31:1:621
EVAL_INSTANCE:31:2:622
EVAL_INSTANCE:31:3:623
EVAL_INSTANCE:31:4:624
EVAL_INSTANCE:31:5:625
EVAL_INSTANCE:31:6:626
EVAL_INSTANCE:31:7:627
EVAL_INSTANCE:31:8:628
EVAL_INSTANCE:31:9:629
RUN_RESULT:31:0:0:2000:----
RUN_RESULT:31:1:0:2000:----
RUN_RESULT:31:2:0:2000:----
RUN_RESULT:31:3:0:2000:----
RUN_RESULT:31:4:0:1975:DDRRRRDLDLUURULLLDLUUUDRRULDDDRRDRRRRULLUUUUUR
RUN_RESULT:31:5:0:2000:----
RUN_RESULT:31:6:0:2000:----
RUN_RESULT:31:7:0:2000:----
RUN_RESULT:31:8:0:2000:----
RUN_RESULT:31:9:0:2000:----
    32 |      320 | -1.278800E+03 | -2.228000E+03
TRACK:630;541;485;5;4;2;2;3;2;4;6;6;5;23;4.6395927745843855;0;2;4;1;14;16;3;0;10;22;-8.100847766971867;4;5;6;20;-6.029943081694212;5;0;0;5;2;1;22;2.293997500409279;8;5;20;3.833505343922444;6;4;3;16;3;1;3;4;14;2;1;8;16;2;14;16;0;5;5;1;3;0;5;10;2;18;24;1;5;6;22;-0.3732180226123776;1;2;12;15;0;12;20;-1.3534257284675084;5;3;0;2;2;0;16;14;2;24;21;-4.052882762482695;1;0;25;16;0;15;25;2;1;0;10;20;-8.833669579423384;5;17;0;5;12;4;23;4.026980726522545
TRACK:631;541;485;5;4;2;2;3;2;4;6;6;5;23;4.597954181273077;0;2;4;1;14;16;3;0;10;22;-8.125071851544686;1;4;1;15;10;3;9;5;0;0;5;2;1;22;2.469507447471751;8;5;20;3.868967517787871;6;4;3;16;3;1;3;4;14;2;1;8;16;2;14;16;0;5;5;1;3;0;5;10;2;18;24;1;5;6;22;-0.5844824108566522;1;2;12;15;0;8;20;-1.3024985184713138;5;3;0;2;2;0;16;14;2;24;21;-4.048510795413605;1;0;25;23;4.016554896951752;0;15;25;2;1;0;23;4.6395927745843855;20;-8.743733345169439;5;17;0;5;12;4;23;4.032591917737476
TRACK:632;549;1;5;4;2;2;3;2;4;6;6;5;23;4.591578123759487;0;2;4;1;20;-9.687446714045368;16;3;0;10;22;-8.192055187385206;1;4;1;15;10;3;9;5;0;0;5;2;1;22;2.5975838731264353;8;5;20;3.920815312933984;6;4;3;16;3;1;3;4;14;2;1;8;16;2;14;16;0;5;5;1;3;0;5;10;2;18;18;1;5;3;9;1;2;12;15;0;8;20;-1.2743992607693262;5;3;0;2;2;0;16;14;2;24;21;-4.210457697931768;1;0;25;23;3.9244205418083733;0;15;25;2;1;0;10;20;-8.656666078889117;5;17;0;5;12;4;23;4.059829309149062
TRACK:633;549;1;6;2;0;1;5;0;1;3;6;2;25;16;3;4;1;13;13;4;1;5;2;7;6.315454661611891;21;0.0020990115267220943;2;6;10;1;15;21;-3.396727790283787;2;1;6;1;5;6;14;2;3;10;6;24;4;3;0;1;22;0.02873875468655207;15;0;14;17;1;1;3;4;2;24;7;-0.9103980169869779;4;5;5;22;2.147160768064797;1;5;5;5;16;4;6;1;20;-9.687446714045368;16;0;0;0;5;5;4;4;14;2;6;2;4;13;5;10;4;5;6;24;5;0;1;5;2;9;13;5;4;22;-7.529488634423494;1;2;4;24;1;12;14;4;4;12;5;2;0;2;4;1;17;23;-4.206051741293473;1;1;13;14;6;16;3;6;0;9;21;9.321993186572499;0;4;5;6;19;3;2;3;22;9.283806713555926;1;19;9;3;2;5;4;1;2;5;4;22;-7.800754036472092;2;3;18;21;-4.210457697931768;3;5;2;15;20;6.936544827334295;2;3;1;4;4;4;19;1;1;1;14;7;2.506418588475869;1;15;20;2.370884575997369;6;6;25;1;5;6;6;3;19;6;2;4;0;21;-9.522203833226273;7;-6.774785840005155;3;0;10;22;3.1807941510229636
TRACK:634;564;2;5;4;2;2;3;2;4;6;6;5;14;0;2;4;1;14;16;3;0;10;22;-7.951486317612517;4;5;6;20;-6.176365875572365;5;0;0;5;2;1;22;2.128768068573652;8;5;20;4.0671351913217855;6;4;3;16;3;1;3;4;14;2;1;8;16;2;14;16;0;5;5;1;3;0;5;10;2;18;24;1;5;6;22;-0.3617615423215105;1;2;12;15;0;12;20;-1.2451040357400984;5;3;0;2;2;0;16;14;2;24;21;-3.9849181986720295;1;0;25;23;4.0198765552912;0;15;25;2;1;0;10;20;-8.713611281954353;5;17;0;5;12;4;23;3.9301318243159726
TRACK:635;564;2;4;2;4;6;1;6;0;5;6;1;23;-5.30978755979069;18;6;6;4;9;5;5;1;2;3;21;-5.161934821656516;6;20;-5.700985251063289;4;6;13;3;2;0;3;5;2;2;5;11;1;14;8;5;4;12;0;5;2;0;1;14;21;7.873851360550713;2;22;8.419442386046821;14;0;4;19;6;12;5;3;3;0;22;-5.218509690933848;18;5;6;0;5;0;1;19;8;0;14;23;-0.41950358716877467;10
TRACK:636;606;1;5;4;2;2;3;2;4;6;6;5;17;0;2;9;3;0;10;22;-7.7039027431041625;4;5;6;20;-6.132671976336894;5;0;0;5;2;1;22;2.1235078766582323;8;5;20;4.179121540295515;6;4;3;16;3;1;3;4;14;21;0.0020990115267220943;0;5;5;1;3;0;5;10;2;13;24;1;5;6;22;-0.31442065149088044;1;2;12;15;0;12;20;-1.4484930850441815;5;3;0;2;2;0;16;14;2;24;21;-3.9104941826935216;1;0;25;23;4.059973811898551;0;15;25;2;1;0;10;20;-8.80535131002175;5;17;0;5;12;4;23;3.7970554599472006
TRACK:637;606;1;6;2;0;1;5;0;1;3;6;2;25;16;3;4;1;13;13;4;1;5;2;7;6.315454661611891;21;0.0020990115267220943;2;6;10;1;15;21;-3.396727790283787;2;1;6;1;5;6;14;2;3;10;6;24;4;3;0;1;22;0.02873875468655207;15;0;14;17;1;1;3;4;2;24;7;-0.9103980169869779;4;5;5;22;2.147160768064797;1;5;5;5;16;4;6;1;20;-9.687446714045368;16;0;0;0;5;5;4;4;14;2;6;2;4;13;5;10;4;5;6;24;5;0;1;5;2;9;13;5;4;22;-7.529488634423494;1;2;4;24;1;12;14;4;4;12;5;2;0;2;4;1;17;23;-4.206051741293473;1;1;13;14;6;16;3;6;0;9;21;9.321993186572499;0;4;5;14;3;2;3;22;9.283806713555926;1;19;9;3;2;5;4;1;2;5;4;22;-7.800754036472092;2;3;18;6;21;-4.120026250168354;3;5;2;15;20;6.936544827334295;2;3;1;4;4;4;19;1;1;1;14;7;2.506418588475869;1;15;20;2.370884575997369;6;6;25;1;5;6;6;3;19;6;2;4;0;21;-9.522203833226273;7;-6.774785840005155;3;0;10;22;3.1807941510229636
TRACK:638;564;541;5;4;2;2;3;2;4;6;6;5;17;0;2;4;1;14;16;3;0;10;22;-7.951486317612517;4;5;6;20;-6.176365875572365;5;0;0;5;2;1;22;2.128768068573652;8;5;20;4.0671351913217855;6;4;3;16;3;1;3;4;14;2;1;8;16;2;14;16;0;5;5;1;3;0;5;10;2;18;24;15;5;3;0;2;2;0;16;14;2;24;21;-3.9849181986720295;1;0;25;23;4.0198765552912;0;15;25;2;1;0;10;20;-8.713611281954353;5;17;0;5;12;4;23;3.9301318243159726
TRACK:639;564;541;5;4;2;2;3;2;4;6;6;5;10;0;2;4;1;14;16;3;0;10;22;-8.100847766971867;4;5;6;20;-6.029943081694212;5;0;0;5;2;1;22;2.293997500409279;8;5;20;3.833505343922444;6;4;3;16;3;1;3;4;14;2;1;8;16;2;14;16;0;5;5;1;3;0;5;10;2;18;24;1;5;6;22;-0.3732180226123776;1;2;12;15;0;12;20;-1.3534257284675084;5;3;0;2;2;0;16;14;2;24;21;-4.052882762482695;1;0;25;23;4.099655585095813;0;15;25;2;1;0;10;20;-8.833669579423384;5;17;0;5;12;4;23;4.026980726522545
TRACK:640;630;-1;5;2;20;5.952343316605779;15
TRACK:641;632;-1;5;4;2;2;3;2;4;6;6;5;23;4.580042080485358;0;2;4;1;20;-9.936883502420967;16;3;0;10;22;-8.152580889115832;1;4;1;15;10;3;9;5;0;0;5;2;1;22;2.544632609285021;8;5;20;3.862291064295054;6;4;3;16;3;1;3;4;14;2;1;8;16;2;14;16;0;5;5;1;3;0;5;10;2;18;18;1;5;3;9;1;2;12;15;0;8;20;-1.2747469732232466;5;3;3;0;14;13
TRACK:642;634;-1;5;4;2;2;3;2;4;6;6;5;14;0;2;4;1;14;16;3;0;10;22;-7.865517925454854;4;5;6;20;-6.20973892599626;5;0;0;5;2;1;22;2.1985641022374947;8;5;20;4.106850548873513;6;4;3;16;3;1;3;4;14;2;1;8;16;2;14;16;0;5;5;1;3;0;5;10;2;18;24;1;5;6;22;-0.4253777496970881;1;2;12;15;0;12;22;0.1580183273392599;5;3;0;2;2;0;16;14;2;24;21;-4.0903213952362885;1;0;25;23;3.9257328472621618;0;15;25;2;1;0;10;20;-8.561387062452393;5;17;0;5;12;4;23;3.872303531595923
TRACK:643;636;-1;5;4;2;2;3;2;4;6;6;5;17;0;2;9;3;0;10;22;-7.796375420298395;4;5;6;20;-6.070942389562078;5;0;0;5;2;1;22;2.119165395369469;8;5;20;4.120408965320878;6;4;3;16;3;1;3;4;14;21;-0.021348907745285094;0;5;5;1;3;0;5;10;2;13;24;1;5;6;22;-0.2526756649169644;1;2;12;15;0;12;20;-1.3879022541867811;5;3;0;2;2;0;16;14;2;24;21;-4.083133155648548;1;0;25;23;4.004613744039596;0;15;25;2;1;0;10;20;-8.804541387325353;5;15;0;5;12;4;23;3.907341619406389
TRACK:644;564;-1;5;4;2;2;3;2;4;6;6;5;17;0;2;4;1;14;16;3;0;10;22;-9.654044824053594;4;5;6;20;-6.103304640603001;5;0;0;5;2;1;22;2.088981830791058;8;5;20;4.162198885160479;6;4;3;16;3;1;3;4;14;2;1;8;16;2;14;16;0;5;5;1;3;0;5;10;2;18;24;1;5;6;22;-0.47880982460703564;1;2;12;15;0;12;20;-1.136425100450194;5;3;0;2;2;0;16;14;2;24;21;-3.942975106029619;1;0;25;23;4.1907754518664415;0;15;25;2;1;0;10;20;-8.842692967162105;5;17;0;5;12;4;23;3.834998326340326
TRACK:645;631;-1;5;4;2;2;3;2;4;6;6;5;23;4.455591789050756;0;2;4;1;14;16;3;0;10;22;-8.098178827572728;1;4;1;15;10;3;9;5;0;0;5;2;1;22;2.4733485060618374;8;5;20;3.828982989715581;6;4;3;16;3;1;3;4;14;2;1;8;16;2;14;16;0;5;5;1;3;0;5;10;2;18;24;1;5;6;22;-0.47936552398540544;5;8;5;3;0;2;2;0;16;14;2;24;21;-4.185902524473353;1;0;25;23;4.236331002402146;0;15;25;2;1;0;23;4.447815606796893;20;-8.88253437082474;5;17;0;5;12;4;23;4.085071579252052
TRACK:646;633;-1;6;2;0;1;5;0;1;3;6;2;25;16;3;4;1;13;13;4;1;5;2;7;6.337228619363807;21;-0.08692545745850203;2;6;10;1;15;7;-5.052502832070416;2;1;6;1;5;6;14;2;3;10;6;24;4;3;0;1;22;0.03142552280488474;15;0;14;17;1;1;3;4;2;24;7;-0.9087373530673487;4;5;5;22;1.9589346460831558;1;5;5;5;16;4;6;1;20;-9.742890831843127;16;0;0;0;5;5;4;4;14;2;6;2;4;13;5;10;4;5;6;24;5;0;1;5;2;9;13;5;4;22;-7.610630018562847;1;2;4;24;1;12;14;4;4;12;5;2;0;2;4;1;17;23;-4.178013068881288;1;1;13;14;6;16;3;6;0;9;21;9.19120262172489;0;4;5;6;19;3;2;3;22;9.378079026736899;1;19;9;3;2;5;4;1;2;5;4;22;-7.808641768653497;2;3;18;21;-4.304334531990065;3;5;2;15;20;6.884730704771832;2;3;1;4;4;4;19;1;1;1;14;7;2.6107192359428297;1;15;20;2.261052017286472;6;6;25;1;5;6;6;3;19;6;2;4;0;21;-9.394922802979362;7;-6.610571461624329;3;0;10;22;3.2897730437269885
TRACK:647;635;-1;4;2;4;6;1;6;0;5;6;1;23;-5.302012023292282;18;6;6;4;9;5;5;1;2;3;21;-5.170826352171819;6;20;-5.949977842453109;4;6;13;3;2;0;3;5;2;2;5;11;1;14;8;5;1;22;0.2047517185991765;18;0;5;2;0;1;14;21;7.837684433382875;2;22;8.361438364883998;14;0;4;19;6;12;5;3;3;0;22;-5.351279066882007;18;5;6;0;5;0;1;19;8;0;14;23;-0.37460323336381085;10
TRACK:648;637;-1;6;2;0;1;5;0;1;3;6;2;25;16;3;4;1;13;13;4;1;5;2;7;6.211445370815945;21;0.17699812197836517;2;6;10;1;15;21;-3.278799719209973;2;1;6;1;5;6;14;2;3;10;6;24;4;3;0;1;22;-0.021269887951720128;15;0;14;17;1;1;3;4;2;24;7;-0.944467222567763;4;5;5;22;2.0134057532041196;1;5;5;5;16;4;6;1;20;-9.518713232058031;16;0;0;0;5;5;4;4;14;2;6;2;4;13;5;10;4;5;6;24;5;0;1;5;2;9;13;5;4;22;-7.8062250609201635;1;2;4;24;1;12;14;4;4;12;5;2;0;2;4;1;17;23;-4.184968298976953;1;1;13;14;6;16;3;6;0;9;21;9.399660392633308;0;4;5;14;3;2;3;22;9.239605106777333;1;19;9;3;2;5;4;1;2;0;8;19;0;23;2.227063940533524;19;3;5;2;15;20;6.9429814275482915;2;3;1;4;4;4;19;1;1;1;14;7;2.607122710606479;1;15;20;2.352398098009586;6;6;25;1;5;6;6;3;19;6;2;4;0;21;-9.495817268418014;7;-6.70677725305432;3;0;10;22;3.029553537812973
TRACK:649;541;-1;5;4;2;2;3;2;4;6;6;5;23;4.465346551795899;0;2;4;1;14;16;3;0;10;22;-8.212121979056144;4;5;6;20;-5.882171189852156;5;0;0;5;2;1;22;2.210788545429596;8;5;20;3.989864875823728;6;4;3;16;3;1;3;4;14;2;1;8;16;2;14;16;0;5;5;1;3;0;5;10;2;18;24;1;5;6;22;-0.3696956429372704;1;2;12;15;0;12;20;-1.2233410013924686;5;3;5;6;5;13
EVAL_INSTANCE:32:0:640
EVAL_INSTANCE:32:1:641
EVAL_INSTANCE:32:2:642
EVAL_INSTANCE:32:3:643
EVAL_INSTANCE:32:4:644
EVAL_INSTANCE:32:5:645
EVAL_INSTANCE:32:6:646
EVAL_INSTANCE:32:7:647
EVAL_INSTANCE:32:8:648
EVAL_INSTANCE:32:9:649
RUN_RESULT:32:0:0:2000:----
RUN_RESULT:32:1:0:2000:----
RUN_RESULT:32:2:0:2000:----
RUN_RESULT:32:3:0:1890:DDRRDDRURULDLURULLLDLUUUDRRULRRRRUUR
RUN_RESULT:32:4:0:1822:DDRRDDRURULDLURULLLDLUUUDRRULRRRRUUR
RUN_RESULT:32:5:0:2000:----
RUN_RESULT:32:6:0:2000:----
RUN_RESULT:32:7:0:2000:----
RUN_RESULT:32:8:0:2000:----
RUN_RESULT:32:9:0:2000:----
    33 |      330 | -1.707600E+03 | -2.228000E+03
TRACK:650;541;485;5;4;2;2;3;2;4;6;6;5;23;4.6395927745843855;0;2;4;1;14;16;3;0;10;22;-8.100847766971867;4;5;6;20;-6.029943081694212;5;0;0;5;2;1;22;2.293997500409279;8;5;20;3.833505343922444;6;4;3;16;3;1;3;4;14;2;1;8;16;5;17;0;5;5;1;3;0;5;10;2;18;24;1;5;6;22;-0.3732180226123776;1;2;12;15;0;12;20;-1.3534257284675084;5;3;0;2;2;0;16;14;2;24;21;-4.052882762482695;1;0;25;23;4.099655585095813;0;15;25;2;1;0;10;20;-8.833669579423384;5;17;0;5;12;4;23;4.026980726522545
TRACK:651;541;485;5;4;2;2;3;2;4;6;6;5;23;4.597954181273077;1;0;10;20;-8.833669579423384;5;17;5;0;0;5;2;1;22;2.469507447471751;8;5;20;3.868967517787871;6;4;3;16;3;1;3;4;14;2;1;8;16;2;14;16;0;5;5;1;3;0;5;10;2;18;24;1;5;6;22;-0.5844824108566522;1;2;12;15;0;8;20;-1.3024985184713138;5;3;0;2;2;0;16;14;2;24;21;-4.048510795413605;1;0;25;23;4.016554896951752;0;15;25;2;1;0;10;20;-8.743733345169439;5;17;0;5;12;4;23;4.032591917737476
TRACK:652;624;643;5;4;2;2;3;2;4;6;6;5;17;0;2;9;3;0;10;22;-7.780725328351154;4;5;6;20;-6.135287918123346;5;0;0;5;2;1;22;2.0154815491548526;8;5;20;4.2357072908084925;6;4;3;16;3;1;3;4;14;13;0;5;5;1;3;0;5;10;2;13;24;1;5;6;22;-0.10776523641677527;1;2;12;15;0;12;20;-1.4086885117442394;5;3;0;2;2;0;16;14;2;24;21;-3.926150529207862;1;0;25;23;4.055200249667976;0;15;25;2;1;0;10;20;-8.71929532260769;0;20;2.5471310810365004;12;0;5;12;4;23;3.762433547384572
TRACK:653;624;643;5;4;2;2;3;2;4;6;6;5;17;0;2;9;3;0;10;22;-7.796375420298395;4;5;6;20;-6.070942389562078;5;0;0;5;2;1;22;2.119165395369469;8;5;20;4.120408965320878;6;4;3;16;3;1;3;4;14;21;-0.021348907745285094;0;5;5;1;3;0;5;10;2;13;24;1;5;6;22;-0.2526756649169644;1;2;12;15;0;12;20;-1.3879022541867811;5;3;0;2;2;0;16;14;2;24;21;-4.083133155648548;1;0;25;23;4.004613744039596;0;15;25;2;1;0;10;20;-8.804541387325353;5;15;0;5;12;4;23;3.907341619406389
TRACK:654;564;644;5;4;2;2;3;2;4;6;6;5;17;0;2;4;1;14;16;3;0;10;22;-7.951486317612517;4;5;6;20;-6.176365875572365;5;0;0;5;2;1;22;2.128768068573652;8;5;20;4.0671351913217855;6;4;3;16;3;1;3;4;14;2;1;8;16;2;14;16;0;5;5;1;3;0;5;10;2;18;24;1;5;6;22;-0.3617615423215105;1;2;12;21;-3.942975106029619;0;12;20;-1.2451040357400984;5;3;0;2;2;0;16;14;2;24;21;-3.9849181986720295;1;0;25;23;4.0198765552912;0;15;25;2;1;0;10;20;-8.713611281954353;5;17;0;5;12;4;23;3.9301318243159726
TRACK:655;564;644;5;4;2;2;3;2;4;6;6;5;17;0;2;4;1;14;16;3;0;10;22;-9.654044824053594;4;5;6;20;-6.103304640603001;5;0;0;5;2;1;22;2.088981830791058;8;5;20;4.162198885160479;6;4;3;16;3;1;3;4;14;2;1;8;16;2;14;16;0;5;5;1;3;0;5;10;2;18;24;1;5;6;22;-0.47880982460703564;1;2;12;15;0;12;20;-1.136425100450194;5;3;0;2;2;0;16;14;2;24;21;-3.942975106029619;1;0;25;23;4.1907754518664415;0;15;25;2;1;0;10;20;-8.842692967162105;21;-3.9849181986720295;0;5;12;4;23;3.834998326340326
TRACK:656;564;606;5;4;2;2;3;2;4;6;6;5;17;0;2;4;1;14;16;3;0;10;22;-7.951486317612517;4;5;6;20;-6.176365875572365;5;0;0;5;2;1;22;2.128768068573652;8;5;20;4.0671351913217855;6;4;3;16;3;1;3;4;14;2;1;8;16;2;14;16;0;5;5;1;3;0;5;10;2;18;24;1;5;6;22;-0.3617615423215105;1;2;12;15;0;12;20;-1.2451040357400984;5;3;0;2;20;-8.80535131002175;1;0;25;23;4.0198765552912;0;15;25;2;1;0;10;20;-8.713611281954353;5;17;0;5;12;4;23;3.9301318243159726
TRACK:657;564;606;5;4;2;2;3;2;4;6;6;5;17;0;2;9;3;0;10;22;-7.7039027431041625;4;5;6;20;-6.132671976336894;5;0;0;5;2;1;22;2.1235078766582323;8;5;20;4.179121540295515;6;4;3;16;3;1;3;4;14;2;1;8;16;2;14;16;0;5;5;1;3;0;5;10;14;1;5;6;22;-0.31442065149088044;1;2;12;15;0;12;20;-1.4484930850441815;5;3;0;2;2;0;16;14;2;24;21;-3.9104941826935216;1;0;25;23;4.059973811898551;0;15;25;2;1;0;10;20;-8.80535131002175;5;17;0;5;12;4;23;3.7970554599472006
TRACK:658;485;541;5;4;2;2;3;2;4;6;16;0;2;4;1;14;16;3;0;10;22;-8.125071851544686;1;4;1;15;10;3;9;5;0;0;5;2;1;22;2.469507447471751;8;5;20;3.868967517787871;6;4;3;16;3;1;3;4;14;2;1;8;16;2;14;16;0;5;5;1;3;0;5;10;2;18;24;1;5;6;22;-0.5844824108566522;1;2;12;15;0;8;20;-1.3024985184713138;5;3;0;2;2;0;16;14;2;24;21;-4.048510795413605;1;0;25;23;4.016554896951752;0;15;25;2;1;0;10;20;-8.743733345169439;5;17;0;5;12;4;23;4.032591917737476
TRACK:659;485;541;5;4;2;2;3;2;4;6;6;5;23;4.6395927745843855;0;2;4;1;14;16;3;0;10;22;-8.100847766971867;4;5;6;20;-6.029943081694212;5;0;0;5;2;1;22;2.293997500409279;8;5;20;3.833505343922444;6;4;3;16;3;1;3;4;14;2;1;8;16;2;14;16;0;5;5;1;3;0;5;10;2;18;24;1;5;6;22;-0.3732180226123776;1;2;12;15;0;12;23;4.597954181273077;5;3;0;2;2;0;16;14;2;24;21;-4.052882762482695;1;0;25;23;4.099655585095813;0;15;25;2;1;0;10;20;-8.833669579423384;5;17;0;5;12;4;23;4.026980726522545
TRACK:660;650;-1;5;4;2;2;3;2;4;6;6;5;23;4.565562818691324;0;2;4;1;14;16;3;0;10;22;-8.175328145735778;4;5;6;20;-6.211517114662604;5;0;0;5;2;1;22;2.3953888121523983;8;5;20;3.7639002869951192;6;4;3;16;3;1;3;4;14;2;1;8;16;5;17;0;5;5;1;3;0;5;10;2;18;24;1;5;6;22;-0.29837880905595526;1;2;12;15;0;12;20;-1.2318022274989664;5;3;0;2;2;0;16;14;2;24;21;-4.146489859190657;1;0;25;23;4.31010455927747;0;15;25;2;1;0;10;20;-8.8304390767533;5;17;0;5;12;4;7;-5.934623298812667
TRACK:661;652;-1;5;4;2;2;3;2;4;6;6;5;17;0;2;9;0;0;18;10;2;11;21;9.896338302598235;4;5;6;20;-6.0518016437183455;5;0;0;5;2;1;22;1.9711234973252871;8;5;20;4.335108625678787;6;4;3;16;3;1;3;4;14;13;0;5;5;1;3;0;5;10;2;13;24;1;5;6;22;-0.04698071137271822;1;2;12;15;0;12;20;-1.3734495286210338;5;3;0;2;2;0;16;14;2;24;21;-3.970864540022602;1;0;25;23;4.039652847453173;0;15;25;2;1;0;10;20;-8.530315099163966;0;20;2.489793599903717;12;0;5;12;4;23;3.8395929224435537
TRACK:662;654;-1;5;4;2;2;3;2;4;6;0;5;21;-1.2357018703810958;0;12;19;0;2;4;1;14;16;3;0;10;22;-7.8897580367221645;4;5;6;20;-6.2481572520517;5;0;0;5;2;1;22;1.93739284365439;8;5;20;3.9497200085080277;6;4;3;16;3;1;3;4;14;2;1;8;16;2;14;16;0;5;5;1;3;0;5;10;2;18;24;1;5;6;22;-0.39744469965414286;1;2;12;21;-3.8496604626741906;0;12;20;-1.2570994362115695;5;3;0;2;2;0;16;14;2;24;21;-3.9891482395987485;1;0;25;23;4.175564365221266;0;15;25;2;1;0;10;20;-8.729315610321958;5;17;0;5;12;4;23;3.838426072281618
TRACK:663;656;-1;5;4;2;2;3;2;4;6;6;5;17;0;2;4;1;14;16;3;0;10;22;-8.00145650721824;4;5;6;20;-6.307812067767109;5;0;0;5;2;1;22;2.0278390759246903;8;5;20;4.274660535976933;6;4;3;16;3;1;3;4;14;2;6;9;2;14;16;0;5;5;1;3;0;5;10;2;18;24;1;5;6;22;-0.3149755199220659;1;2;12;15;0;12;20;-1.2339233957483875;5;3;0;2;20;-8.942839095678412;1;0;25;23;4.056198447829822;0;15;25;2;1;0;10;20;-8.761675815299993;5;17;0;5;12;4;23;4.008238373927949
TRACK:664;658;-1;5;4;2;2;3;2;4;6;16;0;2;4;1;14;16;3;0;10;22;-8.31407031133325;1;4;1;15;10;3;9;5;0;0;5;2;1;22;2.5992904426802244;8;5;20;3.9131995573792615;6;4;3;16;3;1;3;4;14;2;1;8;16;2;14;16;0;5;5;1;3;0;5;10;2;18;24;1;5;6;22;-0.6401255698906023;1;2;12;15;0;8;20;-1.1822835789736927;5;3;0;0;5;16;3;22;8.734634679674823;2;1;0;10;20;-8.673911734311227;5;17;0;5;12;4;23;4.106429061751122
TRACK:665;651;-1;5;4;2;2;3;2;4;6;6;5;23;4.623298867757455;1;0;10;20;-8.895935340042737;5;17;5;0;0;5;2;1;22;2.3813265005871744;8;4;22;-7.752539465794834;6;4;3;16;3;1;3;4;14;2;1;8;16;2;14;16;0;5;5;1;3;0;5;10;2;18;24;1;5;6;22;-0.5804963563135881;1;2;12;15;0;8;20;-1.155139490538965;5;3;0;2;2;0;16;14;2;24;21;-4.22769690221887;1;0;25;23;3.932677294697576;0;15;25;2;1;0;10;20;-8.758261993991075;5;17;0;5;12;4;23;3.995834416540808
TRACK:666;653;-1;5;4;2;2;3;2;4;6;6;5;17;0;2;9;3;0;10;22;-7.742142101632446;4;5;6;20;-6.0148576215477965;5;0;0;5;2;1;22;2.1427912591775176;8;5;20;4.080533517736514;6;4;3;16;3;1;3;13;21;0.017965253186278302;0;5;5;1;3;0;5;10;2;13;24;1;5;6;22;-0.10601774918162934;1;2;12;15;0;12;20;-1.3509709422562373;5;3;0;2;2;0;16;14;2;24;21;-3.8914188460263146;1;0;25;23;3.9733793567281075;0;15;25;2;1;0;10;20;-8.64512794399382;5;15;0;5;12;4;23;3.91134434312121
TRACK:667;655;-1;5;4;2;2;3;2;4;6;6;5;17;1;2;1;5;25;2;21;-2.992040706343113;7;5.4589444597404615;6;5;16;3;5;3;10;5;0;0;5;2;1;22;2.162306636093703;8;5;20;4.057866120830299;6;4;3;16;3;1;3;4;14;2;1;8;16;2;14;16;0;5;5;1;3;0;5;10;2;18;24;1;5;6;22;-0.2781238783285343;1;2;12;15;0;12;20;-1.2577322823579156;5;3;0;2;2;0;16;14;2;24;21;-3.9762001491437036;1;0;25;23;4.1294637517618265;0;15;25;2;1;0;10;20;-9.004551386232391;21;-4.0762051951888845;0;5;12;4;23;3.793488883125025
TRACK:668;657;-1;5;4;2;2;3;2;4;6;6;17;0;2;9;3;0;10;22;-7.637740466027206;4;5;6;20;-5.968748558734287;5;0;0;5;2;1;22;2.1145381481563925;8;5;20;4.300236565351964;6;4;3;16;3;1;3;4;14;2;1;8;16;2;14;16;0;5;5;1;3;0;5;10;14;1;5;6;22;-0.2061501886734182;1;2;12;15;0;12;20;-1.4546188373334832;5;3;0;2;2;0;16;14;2;24;21;-3.9391611408959553;1;0;25;23;4.080191100521819;0;15;25;2;1;0;10;20;-8.788058578922678;5;17;0;5;12;4;23;3.7801722943605753
TRACK:669;659;-1;5;4;2;2;3;2;4;6;6;5;23;4.583026097551335;0;2;4;1;14;16;3;0;10;22;-8.100791147404925;4;5;6;20;-6.080858347631679;5;0;0;5;2;1;22;2.272895826977428;8;5;20;3.6647080157366934;6;4;3;16;3;1;3;4;14;2;1;8;16;2;14;16;0;5;5;1;3;0;5;10;2;18;24;1;5;6;22;-0.2786740772451936;1;2;12;15;0;12;23;4.574068574167289;5;3;0;2;2;0;16;14;2;24;21;-4.051201849991463;1;0;25;23;3.9153713400387855;0;15;25;2;1;0;10;20;-8.890973706579256;5;17;0;5;12;1;14;7;1.2899189808609783
EVAL_INSTANCE:33:0:660
EVAL_INSTANCE:33:1:661
EVAL_INSTANCE:33:2:662
EVAL_INSTANCE:33:3:663
EVAL_INSTANCE:33:4:664
EVAL_INSTANCE:33:5:665
EVAL_INSTANCE:33:6:666
EVAL_INSTANCE:33:7:667
EVAL_INSTANCE:33:8:668
EVAL_INSTANCE:33:9:669
RUN_RESULT:33:0:0:2000:----
RUN_RESULT:33:1:0:2000:----
RUN_RESULT:33:2:0:2000:----
RUN_RESULT:33:3:0:2000:----
RUN_RESULT:33:4:0:2000:----
RUN_RESULT:33:5:0:2000:----
RUN_RESULT:33:6:0:1883:DDRRDDRURULDLURULLLDLUUUDRRULRRRRUUR
RUN_RESULT:33:7:0:2000:----
RUN_RESULT:33:8:0:1890:DDRRDDRURULDLURULLLDLUUUDRRULRRRRUUR
RUN_RESULT:33:9:0:2000:----
    34 |      340 | -2.130300E+03 | -2.228000E+03
TRACK:670;541;564;5;4;2;2;3;2;4;6;6;5;23;4.6395927745843855;0;2;4;1;14;25;3;0;10;22;-8.100847766971867;4;5;6;20;-6.029943081694212;5;0;0;5;2;1;22;2.293997500409279;8;5;20;3.833505343922444;6;4;3;16;3;1;3;4;14;2;1;8;16;2;14;16;0;5;5;1;3;0;5;10;2;18;24;1;5;6;22;-0.3732180226123776;1;2;12;15;0;12;20;-1.3534257284675084;5;3;0;2;2;0;16;14;2;24;21;-4.052882762482695;1;0;25;23;4.099655585095813;0;15;25;2;1;0;10;20;-8.833669579423384;5;17;0;5;12;4;23;4.026980726522545
TRACK:671;541;564;5;4;2;2;3;2;4;6;6;5;17;0;2;4;1;14;16;3;0;10;22;-7.951486317612517;4;5;6;20;-6.176365875572365;5;0;0;5;2;1;22;2.128768068573652;8;5;20;4.0671351913217855;6;4;3;16;3;1;3;4;14;2;1;8;16;2;14;16;0;5;5;1;3;0;5;10;2;18;24;1;5;6;22;-0.3617615423215105;1;2;12;15;0;12;20;-1.2451040357400984;5;3;0;2;2;0;16;14;2;24;21;-3.9849181986720295;4;3;16;2;1;0;10;20;-8.713611281954353;5;17;0;5;12;4;23;3.9301318243159726
TRACK:672;668;666;5;4;2;2;3;2;4;6;6;17;0;2;9;3;0;10;22;-7.637740466027206;4;5;6;20;-5.968748558734287;5;0;0;5;2;1;22;2.1145381481563925;8;5;20;4.300236565351964;6;4;3;16;3;1;3;4;14;2;1;8;16;2;14;16;0;5;5;1;3;0;5;10;14;3;16;5;3;0;2;2;0;16;14;2;24;21;-3.9391611408959553;1;0;25;23;4.080191100521819;0;15;25;2;1;0;10;20;-8.788058578922678;5;17;0;5;12;4;23;3.7801722943605753
TRACK:673;668;666;5;4;2;2;3;2;4;6;6;5;17;0;2;9;3;0;10;22;-7.742142101632446;4;5;6;20;-6.0148576215477965;5;0;0;5;2;1;22;2.1427912591775176;8;5;20;4.080533517736514;6;4;3;16;3;1;3;13;21;0.017965253186278302;0;5;5;1;3;0;5;10;2;13;24;1;5;6;22;-0.10601774918162934;1;2;12;15;0;12;20;-1.3509709422562373;5;3;0;2;2;0;16;14;2;24;21;-3.8914188460263146;1;0;25;23;3.9733793567281075;0;15;25;2;1;0;10;20;-8.64512794399382;6;20;-5.968748558734287;0;5;12;4;23;3.91134434312121
TRACK:674;644;606;5;4;2;2;3;2;4;6;25;0;2;4;1;14;16;3;0;10;22;-9.654044824053594;4;5;6;20;-6.103304640603001;5;0;0;5;2;1;22;2.088981830791058;8;5;20;4.162198885160479;6;4;3;16;3;1;3;4;14;2;1;8;16;2;14;16;0;5;5;1;3;0;5;10;2;18;24;1;5;6;22;-0.47880982460703564;1;2;12;15;0;12;20;-1.136425100450194;5;3;0;2;2;0;16;14;2;24;21;-3.942975106029619;1;0;25;23;4.1907754518664415;0;15;25;2;1;0;10;20;-8.842692967162105;5;17;0;5;12;4;23;3.834998326340326
TRACK:675;644;606;5;4;2;2;3;2;4;6;6;5;17;0;2;9;3;0;10;22;-7.7039027431041625;4;5;6;20;-6.132671976336894;5;0;0;5;2;1;22;2.1235078766582323;8;5;20;4.179121540295515;6;4;3;16;3;1;3;4;14;2;1;8;16;2;14;16;0;5;5;1;3;0;5;10;2;13;24;1;5;6;22;-0.31442065149088044;1;2;12;15;0;12;20;-1.4484930850441815;5;3;0;2;2;0;16;14;2;24;21;-3.9104941826935216;5;6;22;-0.47880982460703564;2;1;0;10;20;-8.80535131002175;5;17;0;5;12;4;23;3.7970554599472006
TRACK:676;541;644;5;4;2;2;3;2;4;6;6;5;23;4.6395927745843855;0;2;4;1;14;16;3;0;25;23;4.1907754518664415;4;5;6;20;-6.029943081694212;5;0;0;5;2;1;22;2.293997500409279;8;5;20;3.833505343922444;6;4;3;16;3;1;3;4;14;2;1;8;16;2;14;16;0;5;5;1;3;0;5;10;2;18;24;1;5;6;22;-0.3732180226123776;1;2;12;15;0;12;20;-1.3534257284675084;5;3;0;2;2;0;16;14;2;24;21;-4.052882762482695;1;0;25;23;4.099655585095813;0;15;25;2;1;0;10;20;-8.833669579423384;5;17;0;5;12;4;23;4.026980726522545
TRACK:677;541;644;5;4;2;2;3;23;4.6395927745843855;5;0;0;5;2;1;22;2.088981830791058;8;5;20;4.162198885160479;6;4;3;16;3;1;3;4;14;2;1;8;16;2;14;16;0;5;5;1;3;0;5;10;2;18;24;1;5;6;22;-0.47880982460703564;1;2;12;15;0;12;20;-1.136425100450194;5;3;0;2;2;0;16;14;2;24;21;-3.942975106029619;1;0;25;23;4.1907754518664415;0;15;25;2;1;0;10;20;-8.842692967162105;5;17;0;5;12;4;23;3.834998326340326
TRACK:678;668;564;5;4;2;2;3;2;4;6;6;17;0;2;9;3;0;10;22;-7.637740466027206;4;5;6;20;-5.968748558734287;5;0;0;5;18;6;4;3;16;3;1;3;4;14;2;1;8;16;2;14;16;0;5;5;1;3;0;5;10;14;1;5;6;22;-0.2061501886734182;1;2;12;15;0;12;20;-1.4546188373334832;5;3;0;2;2;0;16;14;2;24;21;-3.9391611408959553;1;0;25;23;4.080191100521819;0;15;25;2;1;0;10;20;-8.788058578922678;5;17;0;5;12;4;23;3.7801722943605753
TRACK:679;668;564;5;10
TRACK:680;670;-1;5;4;2;2;3;2;4;6;6;5;23;4.65343878402385;0;2;4;1;14;25;3;0;10;22;-8.320173720898687;4;5;6;20;-6.057153639543651;5;0;0;5;2;1;22;2.370739517693444;8;5;20;4.047373907676995;6;4;3;16;3;1;3;4;14;2;1;21;5.003717629107811;16;2;14;16;0;5;5;1;3;0;5;10;2;18;24;1;5;6;22;-0.28640507111559144;1;2;12;15;0;12;20;-1.3980689484814917;5;3;0;2;2;0;16;14;2;24;21;-4.139717956851986;1;0;25;23;4.202355840152391;0;15;25;2;1;0;10;20;-8.968669572981431;5;17;0;5;12;4;23;4.157772340297824
TRACK:681;668;-1;5;4;2;2;3;2;4;6;6;17;0;2;9;3;0;10;22;-7.549381558730027;4;5;6;20;-5.847955381168052;5;0;0;5;2;1;22;2.2102205099505867;8;5;20;4.226737671983655;6;4;3;16;3;1;3;4;14;2;1;8;16;2;14;16;0;5;5;1;3;0;5;10;14;1;5;6;22;-0.1270031281733265;1;2;12;15;0;12;20;-1.292127976426339;5;3;0;2;2;0;16;14;2;24;21;-3.93903007212473;1;0;25;23;4.123322922636787;0;15;25;2;1;0;14;20;-8.609323888056437;5;17;0;5;12;4;23;3.821798733170698
TRACK:682;674;-1;5;4;2;2;3;2;4;6;25;0;2;4;1;14;16;3;0;10;22;-9.439080092383904;4;5;6;20;-6.080095506070208;5;0;0;5;2;1;22;1.9877019777669058;8;5;20;4.187721057294638;6;4;3;16;3;1;3;4;14;2;1;8;16;2;14;16;0;5;5;1;4;8;1;5;6;22;-0.4186289209775249;1;2;12;15;0;12;20;-1.0733174453155392;5;3;0;2;2;0;16;14;2;24;21;-4.009099538811765;1;0;25;23;4.281102886676737;0;15;25;2;1;0;10;20;-8.92342152982754;5;17;0;5;12;4;23;3.9829568583682433
TRACK:683;676;-1;5;4;2;2;3;2;4;6;6;5;23;4.478135948982676;0;2;4;1;14;16;3;1;16;22;-4.9558968207122245;4;5;6;20;-6.162394585860056;5;0;0;5;2;1;22;2.1753781534537175;8;5;20;3.6283514057006356;6;4;3;16;3;1;3;4;14;2;1;8;16;2;14;16;0;5;5;1;3;0;5;10;2;18;24;1;5;6;22;-0.3386297077659275;1;2;12;15;0;12;20;-1.2774897156644782;5;3;0;2;2;0;16;14;2;24;21;-4.1581299584287965;1;0;25;23;4.187128499821598;0;15;25;2;1;0;10;20;-8.956113928161107;5;17;0;5;12;4;23;4.1111489537872625
TRACK:684;678;-1;5;4;2;2;3;2;4;6;6;17;0;2;9;3;0;10;22;-7.6334495601686605;4;5;6;20;-5.993212174482235;5;0;0;5;18;6;4;3;16;3;1;3;4;14;2;1;8;16;5;12;0;5;5;1;3;0;5;10;14;1;5;6;22;-0.21220297605756286;1;2;12;15;0;12;20;-1.3359539289902227;5;3;0;2;2;0;16;14;2;24;21;-3.994737219544589;1;0;25;23;3.9731525356996595;0;15;25;2;1;0;10;20;-8.809739622836936;5;17;0;5;12;4;23;3.7329649720625024
TRACK:685;671;-1;5;4;2;2;3;2;4;6;6;5;17;0;2;4;1;14;16;3;0;10;22;-7.8904074274588805;4;5;6;20;-6.079248274055569;5;0;0;5;2;6;7;1.7924917634076625;5;20;4.174945788499926;6;4;3;16;3;1;3;4;14;2;1;8;16;2;14;16;0;5;5;1;3;0;5;10;2;18;24;1;5;6;22;-0.28663107647536457;1;2;12;15;0;12;20;-1.1494859072073018;5;3;0;2;2;0;16;14;2;24;21;-3.997331665566967;4;3;16;2;1;0;10;20;-8.505743580583024;5;17;0;5;12;4;23;3.960658785817256
TRACK:686;666;-1;5;4;2;2;3;2;4;6;6;5;17;0;2;9;3;0;10;22;-7.868959434978183;4;5;6;20;-6.088858687402974;5;0;0;1;6;2;7;1.0745810210478162;18;0;0;18;20;-8.361904427075231;3;9;6;4;3;16;3;1;3;13;21;0.10288641797096232;0;5;5;1;3;0;5;10;2;13;24;1;5;6;22;-0.02999352689321136;1;2;12;15;0;12;20;-1.10105364611632;5;3;0;2;2;0;16;14;2;24;21;-3.910447375031393;1;0;25;23;3.8502954640068103;0;15;25;2;1;0;10;20;-8.726126495807266;5;15;0;5;12;4;23;4.047816171801219
TRACK:687;675;-1;5;4;2;2;3;2;4;6;6;5;17;0;2;9;3;0;10;22;-7.616933159055234;4;5;6;20;-6.25741887355879;5;0;0;5;2;1;22;2.0914923313092606;8;5;20;4.11555372994045;6;4;6;23;-6.603082280101984;3;1;3;4;14;2;1;8;16;2;14;16;0;5;5;1;3;0;5;10;2;13;24;1;5;6;22;-0.3545167609748675;1;2;12;15;0;12;20;-1.4548317470316043;5;3;0;2;2;0;16;14;2;24;21;-3.8620089762072327;5;6;22;-0.42845978139952196;2;1;0;10;20;-8.81881401054913;5;17;0;5;12;4;23;3.6869495051631924
TRACK:688;677;-1;5;4;2;2;3;5;9;5;0;0;5;2;1;22;2.0163767130983192;8;5;20;4.111388952771352;6;4;3;16;3;1;3;4;14;2;1;8;16;2;14;16;0;5;5;1;3;0;5;10;2;18;24;1;5;6;22;-0.3828653989656741;1;2;12;15;0;12;20;-1.1122148318644038;5;3;0;2;2;0;16;14;2;24;21;-3.9388482237707283;1;0;25;23;4.204019620281785;0;15;25;2;1;0;10;20;-8.864936405919698;5;17;0;5;12;4;23;3.7553018620992487
TRACK:689;679;-1;2;3;6;4;3;5;1;4;6;13;0;1;12;24;4;21;-1.9495142992857506;6;0;1;4;6;4;3;6;16;3;5;2;5;4;16;4;3;20;1.2937213094786397;6;3;0;3;6;0;19;20;3.981308239395908;6;4;0;21;-5.2172056968969045;9
EVAL_INSTANCE:34:0:680
EVAL_INSTANCE:34:1:681
EVAL_INSTANCE:34:2:682
EVAL_INSTANCE:34:3:683
EVAL_INSTANCE:34:4:684
EVAL_INSTANCE:34:5:685
EVAL_INSTANCE:34:6:686
EVAL_INSTANCE:34:7:687
EVAL_INSTANCE:34:8:688
EVAL_INSTANCE:34:9:689
RUN_RESULT:34:0:0:2000:----
RUN_RESULT:34:1:0:1876:DDRRDDRURULDLURULLLDLUUUDRRULRRRRUUR
RUN_RESULT:34:2:0:2000:----
RUN_RESULT:34:3:0:2000:----
RUN_RESULT:34:4:0:2000:----
RUN_RESULT:34:5:0:2000:----
RUN_RESULT:34:6:0:1859:DDRRDDRURULDLURULLLDLUUUDRRULRRRRUUR
RUN_RESULT:34:7:0:1926:DDRRDDRURULDLURULLLDLUUUDRRULRRRRUUR
RUN_RESULT:34:8:0:2000:----
RUN_RESULT:34:9:0:2000:----
    35 |      350 | -2.146900E+03 | -2.228000E+03
TRACK:690;485;666;5;4;2;2;3;2;4;6;6;5;23;4.597954181273077;0;2;4;1;14;16;3;0;10;22;-8.125071851544686;1;4;1;15;10;3;9;5;0;0;5;2;1;22;2.469507447471751;8;5;20;3.868967517787871;6;4;3;16;3;1;3;4;14;2;1;8;16;2;14;16;0;5;5;1;3;0;5;10;2;18;24;1;5;6;22;-0.5844824108566522;1;2;12;15;0;8;20;-1.3024985184713138;5;3;0;2;2;0;16;14;2;24;21;-4.048510795413605;1;0;25;23;4.016554896951752;6;22;-0.10601774918162934;2;1;0;10;20;-8.743733345169439;5;17;0;5;12;4;23;4.032591917737476
TRACK:691;485;666;5;4;2;2;3;2;4;6;6;5;17;0;2;9;3;0;10;22;-7.742142101632446;4;5;6;20;-6.0148576215477965;5;0;0;5;2;1;22;2.1427912591775176;8;5;20;4.080533517736514;6;4;3;16;3;1;3;13;21;0.017965253186278302;0;5;5;1;3;0;12;2;13;24;1;5;6;22;-0.10601774918162934;1;2;12;15;0;12;20;-1.3509709422562373;5;3;0;2;2;0;16;14;2;24;21;-3.8914188460263146;1;0;25;23;3.9733793567281075;0;15;25;2;1;0;10;20;-8.64512794399382;5;15;0;5;12;4;23;3.91134434312121
TRACK:692;681;564;5;4;2;2;3;2;4;6;6;17;0;2;9;3;0;10;22;-7.549381558730027;4;5;6;20;-5.847955381168052;5;0;0;5;2;1;23;4.0198765552912;8;5;20;4.226737671983655;6;4;3;16;3;1;3;4;14;2;1;8;16;2;14;16;0;5;5;1;3;0;5;10;14;1;5;6;22;-0.1270031281733265;1;2;12;15;0;12;20;-1.292127976426339;5;3;0;2;2;0;16;14;2;24;21;-3.93903007212473;1;0;25;23;4.123322922636787;0;15;25;2;1;0;14;20;-8.609323888056437;5;17;0;5;12;4;23;3.821798733170698
TRACK:693;681;564;5;4;2;2;3;2;4;6;6;5;17;0;2;4;1;14;16;3;0;10;22;-7.951486317612517;4;5;8;5;0;0;5;2;1;22;2.128768068573652;8;5;20;4.0671351913217855;6;4;3;16;3;1;3;4;14;2;1;8;16;2;14;16;0;5;5;1;3;0;5;10;2;18;24;1;5;6;22;-0.3617615423215105;1;2;12;15;0;12;20;-1.2451040357400984;5;3;0;2;2;0;16;14;2;24;21;-3.9849181986720295;1;0;25;23;4.0198765552912;0;15;25;2;1;0;10;20;-8.713611281954353;5;17;0;5;12;4;23;3.9301318243159726
TRACK:694;541;541;5;4;2;2;3;2;4;6;6;5;23;4.6395927745843855;0;2;5;6;22;-0.3732180226123776;3;0;10;22;-8.100847766971867;4;5;6;20;-6.029943081694212;5;0;0;5;2;1;22;2.293997500409279;8;5;20;3.833505343922444;6;4;3;16;3;1;3;4;14;2;1;8;16;2;14;16;0;5;5;1;3;0;5;10;2;18;24;1;5;6;22;-0.3732180226123776;1;2;12;15;0;12;20;-1.3534257284675084;5;3;0;2;2;0;16;14;2;24;21;-4.052882762482695;1;0;25;23;4.099655585095813;0;15;25;2;1;0;10;20;-8.833669579423384;5;17;0;5;12;4;23;4.026980726522545
TRACK:695;541;541;5;4;2;2;3;2;4;6;6;5;23;4.6395927745843855;0;2;4;1;14;16;3;0;10;22;-8.100847766971867;4;5;6;20;-6.029943081694212;5;0;0;5;2;1;22;2.293997500409279;8;5;20;3.833505343922444;6;4;3;16;3;1;2;18;24;2;1;8;16;2;14;16;0;5;5;1;3;0;5;10;2;18;24;1;5;6;22;-0.3732180226123776;1;2;12;15;0;12;20;-1.3534257284675084;5;3;0;2;2;0;16;14;2;24;21;-4.052882762482695;1;0;25;23;4.099655585095813;0;15;25;2;1;0;10;20;-8.833669579423384;5;17;0;5;12;4;23;4.026980726522545
TRACK:696;564;485;5;4;2;2;3;2;4;6;6;5;17;0;2;4;1;14;16;3;0;10;22;-7.951486317612517;4;5;6;20;-6.176365875572365;5;0;0;5;2;1;22;2.128768068573652;8;5;20;4.0671351913217855;6;4;3;16;3;1;3;4;14;2;1;8;16;2;14;16;0;5;5;1;3;0;5;10;2;18;24;1;5;6;22;-0.3617615423215105;1;2;12;15;0;12;20;-1.2451040357400984;5;3;0;2;2;0;16;14;2;24;21;-3.9849181986720295;1;0;25;23;4.0198765552912;0;15;25;2;1;0;10;20;-8.713611281954353;5;17;0;5;12;4;23;3.9301318243159726
TRACK:697;564;485;5;4;2;2;3;2;4;6;6;5;23;4.597954181273077;0;2;4;1;14;16;3;0;10;22;-8.125071851544686;1;4;1;15;10;3;9;5;0;0;5;2;1;22;2.469507447471751;8;5;20;3.868967517787871;6;4;3;16;3;1;3;4;14;2;1;8;16;2;14;16;0;5;5;1;3;0;10;2;18;24;1;5;6;22;-0.5844824108566522;1;2;12;15;0;8;20;-1.3024985184713138;5;3;0;2;2;0;16;14;2;24;21;-4.048510795413605;1;0;25;23;4.016554896951752;0;15;25;2;1;0;10;20;-8.743733345169439;5;17;0;5;12;4;23;4.032591917737476
TRACK:698;686;681;5;4;2;2;3;2;4;6;6;5;17;0;2;9;3;0;10;22;-7.868959434978183;4;5;6;20;-6.088858687402974;5;0;0;1;6;2;7;1.0745810210478162;18;0;0;18;20;-8.361904427075231;3;9;6;4;3;16;3;1;3;13;21;0.10288641797096232;0;5;5;1;3;0;5;10;2;13;24;1;5;6;22;-0.02999352689321136;1;2;12;15;0;12;20;-1.10105364611632;5;3;0;2;2;0;16;14;2;24;21;-3.910447375031393;1;0;25;23;3.8502954640068103;0;15;25;2;1;0;10;15;5;15;0;5;12;4;23;4.047816171801219
TRACK:699;686;681;5;4;2;2;3;2;4;6;10;0;2;9;3;0;10;22;-7.549381558730027;4;5;6;20;-5.847955381168052;5;0;0;5;2;1;22;2.2102205099505867;8;5;20;4.226737671983655;6;4;3;16;3;1;3;4;14;2;1;8;16;2;14;16;0;5;5;1;3;0;5;10;14;1;5;6;22;-0.1270031281733265;1;2;12;15;0;12;20;-1.292127976426339;5;3;0;2;2;0;16;14;2;24;21;-3.93903007212473;1;0;25;23;4.123322922636787;0;15;25;2;1;0;14;20;-8.609323888056437;5;17;0;5;12;4;23;3.821798733170698
TRACK:700;690;-1;5;4;2;2;3;2;4;6;6;5;23;4.594531381914444;0;2;4;1;14;16;3;0;10;22;-8.142242210795306;1;3;13;3;9;5;0;0;5;2;1;22;2.598843677624742;8;5;20;3.8244829067072;6;4;3;16;3;1;3;4;14;2;1;8;16;2;14;16;0;5;5;1;3;0;5;10;2;18;24;1;5;6;22;-0.5743900219830664;1;2;12;15;0;8;20;-1.259196476640971;5;3;0;2;2;0;16;14;2;24;21;-4.1335539546492885;1;0;25;23;3.9878282829238407;6;22;-0.17502895070305147;2;1;0;10;20;-8.738953663625493;5;17;0;5;12;4;23;4.070842909723576
TRACK:701;692;-1;5;4;2;2;3;2;4;6;6;17;0;2;9;3;0;10;22;-7.659949987305605;4;5;6;20;-5.886783393101369;5;0;0;5;2;1;23;4.007676203376893;8;5;20;4.172106970877424;6;4;3;16;3;1;3;4;14;2;1;8;16;2;14;16;0;5;5;1;3;0;5;10;14;1;5;6;12;1;2;12;15;0;12;20;-1.2464095124914625;5;3;0;2;2;0;16;14;2;24;21;-4.122636866183302;1;0;25;23;4.12586282362383;0;15;25;2;1;0;14;20;-8.718998903580037;5;17;0;5;12;4;23;3.6014114086600255
TRACK:702;694;-1;5;4;2;2;3;2;4;6;6;5;23;4.591946370352638;0;2;5;6;22;-0.5024710960501214;3;0;10;22;-8.020810264410748;4;5;6;20;-5.83701934050947;5;0;0;5;2;1;22;2.473830021068971;8;5;20;3.7806543521386957;6;4;3;16;3;1;3;4;21;-2.5105806497925336;2;1;8;16;2;14;16;0;5;5;1;3;0;5;10;2;18;24;1;5;6;22;-0.4666081734049624;1;2;12;15;0;12;20;-1.3029734125461347;5;3;0;2;2;0;16;14;2;24;21;-4.06294140832993;1;0;25;23;4.252560503674733;0;15;25;2;1;0;10;20;-8.744838114650689;5;17;0;5;12;4;23;4.070565825927576
TRACK:703;696;-1;5;4;2;2;3;2;4;6;6;5;17;0;2;4;1;14;24;3;0;10;22;-8.03973925900643;4;5;6;20;-6.208725524415056;5;0;0;5;2;1;22;1.968376187255457;8;5;20;4.03442479006053;6;4;3;16;3;1;3;4;14;2;1;8;16;2;14;16;0;5;5;1;3;0;5;10;2;18;24;1;5;6;22;-0.2675461997052106;1;2;12;15;0;12;20;-1.3282259615619776;5;3;0;2;2;0;16;14;2;24;21;-3.928021728981914;1;0;25;23;4.098781155160972;0;15;25;2;1;0;10;20;-8.637483124125566;5;17;0;5;12;4;23;3.866105752123697
TRACK:704;698;-1;5;4;2;2;3;2;4;6;6;5;17;0;2;9;3;0;10;22;-7.867947331019075;4;5;6;20;-6.035009706472089;5;0;0;1;6;2;7;1.1339513716123766;18;0;0;18;20;-8.27103060715742;3;9;6;4;3;16;3;1;3;13;21;0.09426703099395478;0;5;5;1;3;0;5;10;2;13;24;1;5;6;22;0.015798259879704922;1;2;12;15;0;12;20;-1.1305842544337201;0;5;1;4;6;17;4;4;19;2;2;5;6;22;3.9658323186879763;1;3;23;5.965798747272384;5;11;0;1;6;9;3;16;6;4;23;9.481278271695352
TRACK:705;691;-1;5;4;2;2;3;2;4;6;6;5;17;0;2;9;3;0;10;22;-7.588783096451622;4;5;6;20;-5.973335353839827;5;0;0;5;2;1;22;2.130260030065076;8;5;20;4.178535250040213;6;4;3;16;3;1;3;13;21;-0.033218670214231985;0;5;5;1;3;0;12;2;13;24;1;5;6;22;-0.11036951602088187;1;2;12;15;0;12;20;-1.3960002891114378;5;3;0;2;2;0;16;14;2;24;21;-3.8587657284811336;1;0;25;23;4.013284610158224;0;15;25;2;1;0;10;20;-8.654776658893315;5;15;0;5;12;6;20;3.0509181873715985
TRACK:706;693;-1;5;4;2;2;3;2;4;6;6;5;17;0;2;4;1;14;16;3;0;10;22;-8.139810505608828;4;5;8;5;0;0;5;2;1;22;2.152608130458365;8;5;20;3.960126743282446;6;4;3;16;3;1;3;4;14;2;1;8;16;2;14;16;0;5;5;1;3;0;5;16;2;18;24;1;5;6;22;-0.36804851932482785;1;2;12;15;0;12;20;-1.3025029508195674;5;3;0;2;2;0;16;14;2;24;21;-3.9750044148147534;1;0;25;23;4.039414668866479;0;15;25;2;1;0;10;20;-8.781771736856482;5;17;0;5;12;4;23;3.984008506684623
TRACK:707;695;-1;5;4;2;2;3;2;4;6;6;5;23;4.846654479222525;0;2;4;1;14;16;3;0;10;22;-8.102741759766722;4;5;6;20;-6.134958205598389;5;0;0;5;2;1;22;2.257721568049429;8;5;20;4.034532884030497;6;4;3;16;3;1;2;18;24;2;1;8;16;2;14;16;0;5;5;1;3;0;5;10;2;18;21;-6.088219882001413;1;5;6;22;-0.46036177624178104;1;2;12;15;0;12;20;-1.2476020038455204;5;3;0;2;2;0;16;14;2;24;21;-4.050449284335725;1;0;25;23;4.179675416710635;0;15;25;2;1;0;10;20;-8.922241931508255;5;17;0;5;12;4;23;3.999388431427157
TRACK:708;697;-1;5;4;2;2;3;2;4;6;6;5;23;4.630439011738968;0;2;4;1;14;16;3;0;10;22;-8.15733211810246;1;4;1;15;10;3;9;5;0;0;5;2;1;22;2.5758327460881114;8;5;20;3.9412058820727247;6;4;3;16;3;1;3;4;14;2;1;8;16;2;14;16;0;5;5;1;3;0;10;2;18;24;1;5;6;22;-0.6023565698801191;1;2;12;15;0;8;20;-1.2068211735200267;5;3;0;2;2;0;16;14;2;24;21;-3.9844076488920304;1;0;25;23;4.044181617183265;0;15;25;3;13
TRACK:709;699;-1;5;4;2;2;3;2;4;6;10;0;2;9;3;0;10;22;-7.465138908437049;4;5;6;20;-5.823157356126117;5;0;0;5;2;1;22;2.2974724414941323;8;5;20;4.171528196502251;6;4;3;16;3;1;3;4;14;2;4;21;-7.367837966483548;2;14;16;0;5;5;1;3;0;5;10;14;1;5;6;22;-0.17428839041670138;1;2;12;15;0;12;20;-1.468674371967205;5;3;0;2;2;0;16;14;2;24;21;-3.8305805307898364;1;0;25;23;4.09398741541395;0;15;25;2;1;0;14;20;-8.571833383999305;5;17;0;5;12;4;23;3.605840383023892
EVAL_INSTANCE:35:0:700
EVAL_INSTANCE:35:1:701
EVAL_INSTANCE:35:2:702
EVAL_INSTANCE:35:3:703
EVAL_INSTANCE:35:4:704
EVAL_INSTANCE:35:5:705
EVAL_INSTANCE:35:6:706
EVAL_INSTANCE:35:7:707
EVAL_INSTANCE:35:8:708
EVAL_INSTANCE:35:9:709
RUN_RESULT:35:0:0:2000:----
RUN_RESULT:35:1:0:2000:----
RUN_RESULT:35:2:0:2000:----
RUN_RESULT:35:3:0:1772:DDRRDDRURULDLURULLLDLUUUDRRULRRRRUUR
RUN_RESULT:35:4:0:2000:----
RUN_RESULT:35:5:0:2000:----
RUN_RESULT:35:6:0:2000:----
RUN_RESULT:35:7:0:2000:----
RUN_RESULT:35:8:0:2000:----
RUN_RESULT:35:9:0:2000:----
    36 |      360 | -2.158700E+03 | -2.228000E+03
TRACK:710;686;703;5;4;2;2;3;2;4;6;6;5;17;0;2;9;3;0;10;22;-7.868959434978183;4;5;6;20;-6.088858687402974;5;0;0;1;12;0;0;18;20;-8.361904427075231;3;9;6;4;3;16;3;1;3;13;21;0.10288641797096232;0;5;5;1;3;0;5;10;2;13;24;1;5;6;22;-0.02999352689321136;1;2;12;15;0;12;20;-1.10105364611632;5;3;0;2;2;0;16;14;2;24;21;-3.910447375031393;1;0;25;23;3.8502954640068103;0;15;25;2;1;0;10;20;-8.726126495807266;5;15;0;5;12;4;23;4.047816171801219
TRACK:711;686;703;5;4;2;2;3;2;4;6;6;5;17;0;2;4;1;14;24;3;0;10;22;-8.03973925900643;4;5;6;20;-6.208725524415056;5;0;0;5;2;1;22;1.968376187255457;8;5;20;4.03442479006053;6;4;3;16;3;1;3;4;14;2;1;8;16;2;14;16;0;5;5;1;3;0;5;10;2;18;24;1;5;6;22;-0.2675461997052106;1;2;12;15;0;12;20;-1.3282259615619776;5;3;0;2;2;0;16;14;2;24;21;-3.928021728981914;1;0;25;23;4.098781155160972;0;17;25;2;1;0;10;20;-8.637483124125566;5;17;0;5;12;4;23;3.866105752123697
TRACK:712;564;644;5;4;2;2;3;2;4;6;6;5;17;0;2;4;1;14;16;3;0;10;22;-7.951486317612517;4;5;6;20;-6.176365875572365;5;0;0;5;2;1;22;2.128768068573652;8;5;20;4.0671351913217855;6;4;3;16;3;1;3;4;14;2;1;8;16;2;14;16;0;5;5;1;3;0;5;10;2;18;24;1;5;6;22;-0.3617615423215105;1;2;12;15;0;12;20;-1.2451040357400984;5;3;0;2;2;0;16;14;2;24;21;-3.9849181986720295;1;0;25;23;4.0198765552912;0;15;25;2;1;4;14;5;17;0;5;12;4;23;3.9301318243159726
TRACK:713;564;644;5;1;0;10;20;-8.713611281954353;5;17
TRACK:714;541;681;5;4;2;2;3;2;4;6;6;5;22;2.2102205099505867;0;2;4;1;14;16;3;0;10;22;-8.100847766971867;4;5;6;20;-6.029943081694212;5;0;0;5;2;1;22;2.293997500409279;8;5;20;3.833505343922444;6;4;3;16;3;1;3;4;14;2;1;8;16;2;14;16;0;5;5;1;3;0;5;10;2;18;24;1;5;6;22;-0.3732180226123776;1;2;12;15;0;12;20;-1.3534257284675084;5;3;0;2;2;0;16;14;2;24;21;-4.052882762482695;1;0;25;23;4.099655585095813;0;15;25;2;1;0;10;20;-8.833669579423384;5;17;0;5;12;4;23;4.026980726522545
TRACK:715;541;681;5;4;2;2;3;2;4;6;6;17;0;2;9;3;0;10;22;-7.549381558730027;4;5;6;20;-5.847955381168052;5;0;0;5;2;1;22;2.2102205099505867;8;5;20;4.226737671983655;6;4;3;16;3;1;3;4;14;2;1;8;16;2;14;16;0;5;5;1;3;0;5;10;14;1;5;6;22;-0.1270031281733265;1;2;12;15;0;12;20;-1.292127976426339;5;3;0;2;2;0;16;14;2;24;21;-3.93903007212473;1;0;25;23;4.123322922636787;0;15;25;2;1;0;14;20;-8.609323888056437;5;17;0;5;12;4;23;3.821798733170698
TRACK:716;703;564;5;4;2;2;3;2;4;6;6;5;17;0;2;4;1;14;24;3;0;10;22;-8.03973925900643;4;8;5;0;0;5;2;1;22;1.968376187255457;8;5;20;4.03442479006053;6;4;3;16;3;1;3;4;14;2;1;8;16;2;14;16;0;5;5;1;3;0;5;10;2;18;24;1;5;6;22;-0.2675461997052106;1;2;12;15;0;12;20;-1.3282259615619776;5;3;0;2;2;0;16;14;2;24;21;-3.928021728981914;1;0;25;23;4.098781155160972;0;15;25;2;1;0;10;20;-8.637483124125566;5;17;0;5;12;4;23;3.866105752123697
TRACK:717;703;564;5;4;2;2;3;2;4;6;6;5;17;0;2;4;1;14;16;3;0;10;22;-7.951486317612517;4;5;6;20;-6.176365875572365;5;0;0;5;2;1;22;2.128768068573652;8;5;20;4.0671351913217855;6;4;3;16;3;1;3;4;14;2;1;8;16;2;14;16;0;5;5;1;3;0;5;10;2;18;8;1;5;6;22;-0.3617615423215105;1;2;12;15;0;12;20;-1.2451040357400984;5;3;0;2;2;0;16;14;2;24;21;-3.9849181986720295;1;0;25;23;4.0198765552912;0;15;25;2;1;0;10;20;-8.713611281954353;5;17;0;5;12;4;23;3.9301318243159726
TRACK:718;666;644;5;4;2;2;3;2;4;6;6;5;17;0;2;9;3;0;10;22;-7.742142101632446;4;5;6;20;-6.0148576215477965;5;0;0;5;2;1;22;2.1427912591775176;8;5;20;4.080533517736514;6;4;3;16;3;1;3;13;21;0.017965253186278302;0;5;5;1;3;0;5;10;2;13;24;1;5;6;22;-0.10601774918162934;1;2;12;15;0;12;20;-1.3509709422562373;5;3;0;2;2;0;16;14;2;24;21;-3.8914188460263146;1;0;25;23;3.9733793567281075;0;15;25;2;1;0;10;20;-8.64512794399382;0;12;20;-1.136425100450194;0;5;12;4;23;3.91134434312121
TRACK:719;666;644;5;4;2;2;3;2;4;6;6;5;17;0;2;4;1;14;16;3;0;10;22;-9.654044824053594;4;5;6;20;-6.103304640603001;5;0;0;5;2;1;22;2.088981830791058;8;5;20;4.162198885160479;6;4;3;16;3;1;3;4;14;2;1;8;16;2;14;16;0;5;5;1;3;0;5;10;2;18;24;1;5;6;22;-0.47880982460703564;1;2;12;15;0;12;20;-1.136425100450194;5;3;0;2;2;0;16;14;2;24;21;-3.942975106029619;1;0;25;23;4.1907754518664415;0;15;12;2;1;0;10;20;-8.842692967162105;5;17;0;5;12;4;23;3.834998326340326
TRACK:720;686;-1;5;4;2;2;3;2;4;6;6;5;17;0;2;9;3;0;10;22;-7.685723501635021;4;5;6;20;-5.924839117935776;5;0;0;1;6;2;7;1.164150953682644;18;0;0;18;20;-8.50870274201062;3;9;6;4;3;16;3;1;3;13;21;0.21403260947545777;0;5;5;1;3;0;5;10;2;13;24;1;5;6;22;0.1356953396983803;1;2;12;15;0;12;20;-1.1336575616842868;5;3;0;2;2;0;16;14;2;24;21;-3.9830873501864406;1;0;25;22;6.410614312119961;0;15;25;2;1;0;10;20;-8.617484734845748;5;15;0;5;12;4;23;3.947208241010948
TRACK:721;712;-1;5;4;2;2;3;2;4;6;6;5;17;0;2;4;1;14;16;3;0;10;22;-8.151804542295132;4;5;6;20;-6.085078221725218;5;0;0;5;2;1;22;2.1755440280902767;8;5;20;4.03420152875463;6;4;3;16;3;1;3;4;14;2;1;8;16;2;14;16;0;5;5;1;3;0;5;10;2;18;24;1;5;6;22;-0.3871062119556568;1;2;12;15;0;12;20;-1.1955310466644118;5;3;0;2;2;5;10;2;24;21;-3.9763701529860174;1;0;25;23;4.066418999498745;0;15;25;2;1;4;14;5;17;0;5;12;4;23;4.008101189033532
TRACK:722;541;-1;5;4;2;2;3;2;4;6;6;5;23;4.618419037585658;0;2;4;1;14;16;3;0;10;22;-8.155193817745733;4;5;6;20;-6.185687953973564;5;0;0;5;2;1;22;2.3616815439965158;13;5;20;3.8149547211990287;6;4;3;16;3;1;3;4;14;2;1;8;16;2;14;16;0;5;5;1;3;0;5;10;2;18;24;1;5;6;22;-0.3860848814405908;1;2;12;15;0;12;20;-1.3880180504722708;5;3;0;2;2;0;16;14;2;24;21;-4.068985563417161;1;0;25;23;4.045849204087566;0;15;25;2;1;0;10;20;-8.863920913709242;5;17;0;5;12;4;23;4.048303046175502
TRACK:723;716;-1;5;4;2;2;3;2;4;6;6;5;17;0;13;11;5;0;0;5;2;1;22;1.9034747037487674;8;5;20;4.17294289618456;6;4;3;16;3;1;3;4;14;2;1;8;16;2;14;16;0;5;5;1;3;0;5;10;2;18;24;1;5;6;22;-0.2296633974038293;1;2;12;15;0;12;20;-1.3711373312502342;5;3;0;2;2;0;16;14;2;24;21;-3.888156223941712;1;0;25;23;4.208276399608936;0;15;25;2;1;0;10;20;-8.576386671422949;5;17;0;5;12;4;23;3.980410592768131
TRACK:724;718;-1;5;4;2;2;3;2;4;6;5;12;0;2;9;3;0;10;22;-7.679818035878996;4;5;6;20;-5.964277695941216;5;0;0;5;2;1;22;2.229766821313589;8;5;20;4.07980700043886;6;4;3;16;3;1;3;13;21;-0.012910509294685159;0;5;5;1;3;0;5;10;2;13;24;1;5;6;22;-0.0945445462697159;1;2;12;15;0;12;20;-1.2508086472046627;5;3;0;2;2;0;16;14;2;24;21;-3.936152026090998;1;0;25;23;4.0271606257591115;0;15;25;2;1;0;10;20;-8.674133415582624;0;12;20;-1.225880677252908;0;5;12;4;23;4.02510964679875
TRACK:725;703;-1;5;4;2;2;3;2;4;6;6;5;17;0;2;4;1;14;24;3;0;10;22;-8.095121453011524;4;5;6;20;-6.288696894598852;5;0;0;5;2;1;22;2.039246676357087;8;5;20;4.062914466929442;6;4;3;16;3;1;3;4;14;2;1;8;16;2;14;16;0;5;5;1;3;0;5;10;2;18;24;1;5;6;22;-0.08144698330159345;1;2;12;15;0;12;20;-1.4461013258228712;5;3;0;2;2;0;16;14;0;25;18;1;0;25;23;4.187214770811456;0;15;25;2;1;0;10;20;-8.490550306902653;5;17;0;5;12;4;23;3.7627382822976654
TRACK:726;713;-1;5;1;5;1;13;13;5;17
TRACK:727;681;-1;5;4;2;2;3;2;4;6;6;17;0;2;9;3;0;10;22;-7.589963306453738;4;5;6;20;-5.722325653070753;5;0;0;5;2;1;22;2.147621234778441;8;5;20;4.292419488668658;6;4;3;16;3;1;3;4;14;2;1;8;16;2;14;16;0;5;5;1;3;0;5;10;14;1;5;6;22;-0.030622039166614837;1;2;12;16;0;12;20;-1.1757262222802427;5;3;0;2;2;0;16;14;2;24;21;-3.8973273398108232;1;0;25;23;4.054895966153109;0;15;25;2;1;0;14;20;-8.710077296669557;5;17;0;5;12;4;23;4.042785458502264
TRACK:728;717;-1;5;4;2;2;3;2;4;6;6;5;17;0;2;4;1;14;16;3;0;10;22;-8.039279618628786;4;5;6;20;-6.2096827522384945;5;0;0;5;2;1;22;2.001536521969293;8;5;20;4.327754253744382;6;4;3;16;3;1;3;4;14;2;1;8;16;2;14;16;0;5;5;1;3;0;5;10;2;18;8;1;5;6;22;-0.2932488025752751;1;2;12;15;0;12;20;-1.3365041099547812;5;3;0;2;2;5;17;2;24;21;-3.8415623963005414;1;0;25;23;4.12721182730417;0;15;25;2;1;0;10;20;-8.835573891240845;5;17;0;5;12;4;23;4.0908678306256085
TRACK:729;719;-1;5;4;2;2;3;2;4;6;6;5;17;0;2;4;1;9;16;3;0;10;22;-9.748030094058429;4;5;6;20;-6.13988567699508;5;0;0;5;2;1;22;2.2058829208759967;8;5;20;4.010715641890775;6;4;3;16;3;1;3;4;14;2;1;8;16;2;14;16;0;5;5;1;3;0;5;10;2;18;24;1;5;6;22;-0.44782386933504503;1;2;12;15;0;12;20;-1.191782297830799;5;3;0;2;2;0;16;14;2;24;21;-3.892475213134026;1;0;25;23;4.219738678274058;0;15;12;2;1;0;10;20;-8.767784391042312;5;17;0;5;12;4;23;3.9507900136572913
EVAL_INSTANCE:36:0:720
EVAL_INSTANCE:36:1:721
EVAL_INSTANCE:36:2:722
EVAL_INSTANCE:36:3:723
EVAL_INSTANCE:36:4:724
EVAL_INSTANCE:36:5:725
EVAL_INSTANCE:36:6:726
EVAL_INSTANCE:36:7:727
EVAL_INSTANCE:36:8:728
EVAL_INSTANCE:36:9:729
RUN_RESULT:36:0:0:2000:----
RUN_RESULT:36:1:0:1822:DDRRDDRURULDLURULLLDLUUUDRRULRRRRUUR
RUN_RESULT:36:2:0:1773:DDRRDDRULURDRURULLLLLDLUUUDRRULDDRRRRRRDULULUUUR
RUN_RESULT:36:3:0:2000:----
RUN_RESULT:36:4:0:2000:----
RUN_RESULT:36:5:0:2000:----
RUN_RESULT:36:6:0:2000:----
RUN_RESULT:36:7:0:2000:----
RUN_RESULT:36:8:0:2000:----
RUN_RESULT:36:9:0:2000:----
    37 |      370 | -2.177200E+03 | -2.228000E+03
TRACK:730;681;644;5;4;2;2;3;2;4;6;6;17;0;2;9;3;0;10;22;-7.549381558730027;4;5;6;20;-5.847955381168052;5;0;0;5;2;1;22;2.2102205099505867;8;5;20;4.226737671983655;6;4;3;10;3;1;3;4;14;2;1;8;16;2;14;16;0;5;5;1;3;0;5;10;14;1;5;6;22;-0.1270031281733265;1;2;12;15;0;12;20;-1.292127976426339;5;3;0;2;2;0;16;14;2;24;21;-3.93903007212473;1;0;25;23;4.123322922636787;0;15;25;2;1;0;14;20;-8.609323888056437;5;17;0;5;12;4;23;3.821798733170698
TRACK:731;681;644;5;4;2;2;3;2;4;6;6;5;17;0;2;4;1;14;16;3;0;10;22;-9.654044824053594;4;5;6;20;-6.103304640603001;5;0;0;5;2;1;22;2.088981830791058;8;5;20;4.162198885160479;6;4;3;16;3;1;3;4;14;2;1;8;16;2;14;16;0;10;5;3;0;2;2;0;16;14;2;24;21;-3.942975106029619;1;0;25;23;4.1907754518664415;0;15;25;2;1;0;10;20;-8.842692967162105;5;17;0;5;12;4;23;3.834998326340326
TRACK:732;564;721;5;4;2;2;3;2;4;6;6;5;17;0;2;4;1;14;16;3;0;10;22;-7.951486317612517;4;5;6;20;-6.176365875572365;5;0;0;5;2;1;22;2.128768068573652;8;5;20;4.0671351913217855;6;4;3;16;3;1;3;4;14;2;1;8;16;2;14;16;0;5;5;1;3;0;5;10;2;18;24;1;5;6;22;-0.3617615423215105;1;2;12;15;0;12;20;-1.2451040357400984;5;3;0;2;2;0;16;14;2;24;21;-3.9849181986720295;1;0;25;23;4.0198765552912;0;15;25;2;1;0;10;20;-8.713611281954353;5;17;0;5;12;20;4.03420152875463
TRACK:733;564;721;5;4;2;2;3;2;4;6;6;5;17;0;2;4;1;14;16;4;1;14;16;4;5;6;20;-6.085078221725218;5;0;0;5;2;1;22;2.1755440280902767;8;5;20;4.03420152875463;6;4;3;16;3;1;3;4;14;2;1;8;16;2;14;16;0;5;5;1;3;0;5;10;2;18;24;1;5;6;22;-0.3871062119556568;1;2;12;15;0;12;20;-1.1955310466644118;5;3;0;2;2;5;10;2;24;21;-3.9763701529860174;1;0;25;23;4.066418999498745;0;15;25;2;1;4;14;5;17;0;5;12;4;23;4.008101189033532
TRACK:734;703;564;5;4;2;2;3;2;4;6;6;5;17;0;2;4;1;14;24;3;0;10;22;-8.03973925900643;4;5;6;20;-6.208725524415056;5;0;0;5;2;1;22;1.968376187255457;8;5;20;4.03442479006053;6;4;3;16;3;1;3;4;14;2;1;8;16;2;14;16;0;5;5;1;3;0;5;10;2;18;24;1;5;6;22;-0.2675461997052106;1;2;12;15;0;12;20;-1.3282259615619776;5;3;0;2;2;0;16;14;2;24;21;-3.928021728981914;1;0;25;23;4.098781155160972;0;15;25;2;1;0;10;20;-8.637483124125566;5;17;0;5;12;4;23;3.866105752123697
TRACK:735;703;564;5;4;2;2;3;2;4;6;6;5;17;0;2;4;1;14;16;3;0;10;22;-7.951486317612517;4;5;6;20;-6.176365875572365;5;0;0;5;2;1;22;2.128768068573652;8;5;20;4.0671351913217855;6;4;3;16;3;1;3;4;14;2;1;8;16;2;14;16;0;5;5;1;3;0;5;10;2;18;24;1;5;6;22;-0.3617615423215105;1;2;12;15;0;12;20;-1.2451040357400984;5;3;0;2;2;0;16;24;2;24;21;-3.9849181986720295;1;0;25;23;4.0198765552912;0;15;25;2;1;0;10;20;-8.713611281954353;5;17;0;5;12;4;23;3.9301318243159726
TRACK:736;644;541;5;4;2;2;3;2;4;6;6;5;17;0;2;4;1;14;16;3;0;10;22;-9.654044824053594;4;5;6;20;-6.103304640603001;5;0;0;5;2;1;22;2.088981830791058;8;5;20;4.162198885160479;6;4;3;16;3;1;3;4;14;2;1;8;16;2;14;16;0;5;5;1;3;0;5;10;2;18;24;1;5;6;22;-0.47880982460703564;1;2;16;15;0;12;20;-1.136425100450194;5;3;0;2;2;0;16;14;2;24;21;-3.942975106029619;1;0;25;23;4.1907754518664415;0;15;25;2;1;0;10;20;-8.842692967162105;5;17;0;5;12;4;23;3.834998326340326
TRACK:737;644;541;5;4;2;2;3;2;4;6;6;0;12;20;-1.136425100450194;0;2;4;1;14;16;3;0;10;22;-8.100847766971867;4;5;6;20;-6.029943081694212;5;0;0;5;2;1;22;2.293997500409279;8;5;20;3.833505343922444;6;4;3;16;3;1;3;4;14;2;1;8;16;2;14;16;0;5;5;1;3;0;5;10;2;18;24;1;5;6;22;-0.3732180226123776;1;2;12;15;0;12;20;-1.3534257284675084;5;3;0;2;2;0;16;14;2;24;21;-4.052882762482695;1;0;25;23;4.099655585095813;0;15;25;2;1;0;10;20;-8.833669579423384;5;17;0;5;12;4;23;4.026980726522545
TRACK:738;722;703;5;4;2;2;3;2;4;6;6;5;23;4.618419037585658;0;2;4;1;14;16;3;0;10;22;-8.155193817745733;4;5;6;20;-6.185687953973564;5;0;0;5;2;1;22;2.3616815439965158;13;5;20;3.8149547211990287;6;4;3;16;3;1;3;4;14;2;1;8;16;2;14;16;0;5;5;1;3;0;5;10;2;18;24;1;5;6;22;-0.3860848814405908;1;2;12;15;0;12;23;3.866105752123697;5;3;0;2;2;0;16;14;2;24;21;-4.068985563417161;1;0;25;23;4.045849204087566;0;15;25;2;1;0;10;20;-8.863920913709242;5;17;0;5;12;4;23;4.048303046175502
TRACK:739;722;703;5;4;2;2;3;2;4;6;6;5;17;0;2;4;1;14;23;4.618419037585658;3;0;10;22;-8.03973925900643;4;5;6;20;-6.208725524415056;5;0;0;5;2;1;22;1.968376187255457;8;5;20;4.03442479006053;6;4;3;16;3;1;3;4;14;2;1;8;16;2;14;16;0;5;5;1;3;0;5;10;2;18;24;1;5;6;22;-0.2675461997052106;1;2;12;15;0;12;20;-1.3282259615619776;5;3;0;2;2;0;16;14;2;24;21;-3.928021728981914;1;0;25;23;4.098781155160972;0;15;25;2;1;0;10;20;-8.637483124125566;5;17;0;5;12;4;23;3.866105752123697
TRACK:740;730;-1;5;4;2;2;3;2;4;6;6;17;0;2;9;3;0;10;22;-7.602495979939452;4;5;6;20;-6.010680172570506;5;0;0;5;2;1;22;2.162755342232709;8;5;20;4.127760684144318;6;4;3;10;3;1;3;4;14;2;1;23;0.7602383269675723;16;2;14;16;0;5;5;1;3;0;5;10;14;1;5;6;22;-0.21456378614538607;1;2;12;15;0;12;20;-1.376756698595959;5;3;0;2;2;0;16;14;2;24;21;-4.017724173403346;1;0;25;23;4.176580538613441;0;15;25;2;1;0;14;20;-8.873854222205981;5;17;0;5;12;4;23;3.9409327169811914
TRACK:741;732;-1;5;4;2;2;3;2;4;6;6;5;17;0;2;4;1;14;16;3;0;10;22;-7.845258893432376;4;5;6;20;-6.221728486777493;5;0;0;5;2;1;22;2.1526304340484796;8;5;20;4.100246059862717;6;4;3;16;3;1;3;4;14;2;1;8;16;2;14;16;0;5;5;1;3;0;5;10;2;18;24;1;5;6;22;-0.13946876650115825;1;2;12;15;0;12;20;-1.2238765896734398;5;3;0;2;2;0;9;14;2;24;21;-3.970360152589354;1;0;25;23;4.115051431139007;0;15;25;2;1;0;10;20;-8.852528969064226;5;17;0;5;12;20;3.8975394469346556
TRACK:742;734;-1;5;4;2;2;3;2;4;6;6;5;17;0;2;4;1;14;24;3;0;10;22;-8.008266157641893;4;5;6;20;-6.238951202628348;5;0;0;5;2;1;20;-5.3616038406412825;7;0.6905739815491803;5;20;3.971347742633596;6;4;3;16;3;1;3;4;14;2;1;8;16;2;14;16;0;5;5;1;3;0;5;10;2;18;24;1;5;6;22;-0.2628801625827518;1;2;12;15;0;12;20;-1.246442486396913;5;3;0;2;2;0;16;14;2;24;21;-3.790246393902493;1;0;25;23;4.093753879339996;0;15;25;2;1;0;10;20;-8.693449779453445;5;17;0;5;12;4;23;3.912348246089728
TRACK:743;736;-1;5;4;2;2;3;2;4;6;6;5;11;0;2;4;1;14;16;3;0;10;22;-9.583052014456896;4;5;6;20;-6.0298675779240645;5;0;0;5;2;1;22;2.0801639206944906;8;5;20;4.245752334043009;6;4;3;16;3;1;3;4;14;2;1;8;16;2;14;16;0;5;5;1;3;0;5;10;2;18;24;1;5;6;22;-0.4581949703976333;1;2;16;15;0;12;20;-1.306969393943629;5;3;0;2;2;0;16;14;2;24;21;-3.8889386725193678;1;0;25;23;3.9707264851438966;0;15;25;2;1;0;10;20;-8.679311558672484;5;17;0;5;12;4;23;3.9063045390703204
TRACK:744;738;-1;5;4;2;2;3;2;4;6;6;5;23;4.597980433371985;0;2;4;1;14;16;3;0;10;22;-8.17585980427634;4;5;6;20;-6.108049920873215;5;0;0;5;2;1;22;2.1861133169369458;13;5;20;3.833661263342792;6;4;3;16;3;1;3;4;14;0;3;8;6;22;4.270595295804114;0;5;5;1;3;0;5;10;2;18;24;1;5;6;22;-0.2796197201334507;1;2;12;15;0;12;23;3.901810258426419;5;3;0;2;2;0;16;14;2;24;21;-3.9832027357888644;1;0;25;23;3.980661709380825;0;15;25;2;1;0;10;20;-8.85812599677434;5;17;0;5;12;4;23;4.070700831925621
TRACK:745;731;-1;5;4;2;2;3;2;4;6;6;5;17;0;2;4;1;14;16;3;0;10;22;-9.725240285916488;4;5;0;12;17;5;0;0;5;2;1;22;1.9845284478772394;8;5;20;4.075022818980548;6;4;3;16;3;1;3;4;14;2;1;8;16;2;14;16;0;10;5;3;0;2;2;0;16;14;2;24;21;-4.142512817055213;1;0;25;23;4.192413427477452;0;15;25;2;1;0;10;20;-8.809937532377075;5;17;0;5;12;4;23;3.8690853950015214
TRACK:746;733;-1;5;4;2;2;3;2;4;6;6;5;17;0;2;4;1;14;16;4;1;14;16;4;5;6;20;-6.028822123816819;5;0;0;5;2;1;22;2.257794751502084;8;5;20;4.151410635449543;6;4;3;16;3;1;3;4;14;4;0;10;13;0;5;5;1;3;0;5;10;2;18;24;1;5;6;22;-0.4569008258413208;1;2;12;15;0;12;20;-1.1855934288404344;5;3;0;2;2;5;10;2;24;21;-4.026736488721714;1;0;25;23;3.99251484081267;0;15;25;2;1;4;14;5;17;0;5;12;4;23;4.040133663402275
TRACK:747;735;-1;5;4;2;2;3;2;4;6;6;5;17;0;2;4;1;14;16;3;0;10;22;-7.8308080900880235;4;5;6;20;-6.175797123776037;5;0;0;5;2;1;22;2.323750971728361;8;5;20;4.1287274119257775;6;4;3;22;5.496363087416764;3;1;3;4;14;2;1;8;16;2;14;16;0;5;5;1;3;0;5;10;2;18;24;1;5;6;22;-0.30618592352935636;1;2;12;15;0;12;20;-1.2383350506007849;5;3;0;2;2;0;16;24;2;24;21;-3.905947470534053;1;0;25;23;4.156106682837454;0;15;25;2;1;0;10;20;-8.570755081513457;5;17;0;5;12;4;23;3.9769773144577436
TRACK:748;737;-1;0;1;0;6;2;3;1;15;18;2;5;11;2;19;22;-8.417562826238283;3;2;6;0;18;21;-1.0954036904517572;0;5;11;0;15;7;3.8962148962212986;2;5;3;0;1;8;10;2;16;10;5;2;1;5;20;-4.427750607852252;4;20;0.15340812717797192;2;0;19;15;3;25;5;4;3;1;6;3;24;3;6;15
TRACK:749;739;-1;5;4;2;2;3;2;4;6;6;5;17;0;2;4;1;14;23;4.615814298077791;3;0;10;22;-8.00783347870132;4;5;6;20;-6.314977589739557;5;0;0;5;2;1;22;2.0621435028286697;8;5;20;3.9554615333290934;6;4;3;16;3;1;3;4;14;2;1;8;16;2;14;16;0;5;5;1;3;0;5;10;2;18;24;1;5;6;22;-0.24997721453189514;1;2;12;15;0;12;20;-1.3216227695738332;5;3;0;2;2;0;16;14;2;24;21;-3.8642424893966174;1;0;16;23;3.8658119925129184;0;15;25;2;1;0;10;20;-8.666847362441665;5;17;0;5;12;4;23;3.8434407184784036
EVAL_INSTANCE:37:0:740
EVAL_INSTANCE:37:1:741
EVAL_INSTANCE:37:2:742
EVAL_INSTANCE:37:3:743
EVAL_INSTANCE:37:4:744
EVAL_INSTANCE:37:5:745
EVAL_INSTANCE:37:6:746
EVAL_INSTANCE:37:7:747
EVAL_INSTANCE:37:8:748
EVAL_INSTANCE:37:9:749
RUN_RESULT:37:0:0:2000:----
RUN_RESULT:37:1:0:2000:----
RUN_RESULT:37:2:0:2000:----
RUN_RESULT:37:3:0:2000:----
RUN_RESULT:37:4:0:1825:DDRRDDRULURDRURULLLLLDLUUUDRRULDDRRRRRRDULULUUUR
RUN_RESULT:37:5:0:2000:----
RUN_RESULT:37:6:0:2000:----
RUN_RESULT:37:7:0:2000:----
RUN_RESULT:37:8:0:2000:----
RUN_RESULT:37:9:0:2000:----
    38 |      380 | -2.183000E+03 | -2.228000E+03
TRACK:750;744;703;5;4;2;2;3;2;4;6;6;5;23;4.597980433371985;0;2;4;1;14;16;3;0;10;22;-8.17585980427634;4;5;6;20;-6.108049920873215;5;0;0;5;2;1;22;2.1861133169369458;13;5;20;3.833661263342792;6;4;3;16;3;1;3;4;14;0;3;8;6;22;4.270595295804114;0;5;5;1;3;0;5;10;2;18;24;1;5;6;22;-0.2796197201334507;1;2;12;15;20;-6.208725524415056;5;3;0;2;2;0;16;14;2;24;21;-3.9832027357888644;1;0;25;23;3.980661709380825;0;15;25;2;1;0;10;20;-8.85812599677434;5;17;0;5;12;4;23;4.070700831925621
TRACK:751;744;703;5;4;2;2;3;2;4;6;6;5;17;0;2;4;1;14;24;3;0;10;22;-8.03973925900643;4;5;6;20;-6.208725524415056;5;0;0;5;2;1;22;1.968376187255457;8;5;20;4.03442479006053;6;4;3;16;3;1;3;4;14;2;1;8;16;2;14;16;0;5;5;1;3;0;5;10;2;18;24;1;5;6;22;-0.2675461997052106;1;2;16;15;0;12;20;-1.3282259615619776;5;3;0;2;2;0;16;14;2;24;21;-3.928021728981914;1;0;25;23;4.098781155160972;0;15;25;2;1;0;10;20;-8.637483124125566;5;17;0;5;12;4;23;3.866105752123697
TRACK:752;721;541;5;4;2;2;3;2;4;6;6;5;17;0;2;4;1;14;16;3;0;10;22;-8.151804542295132;4;5;6;20;-6.085078221725218;5;0;0;5;2;1;22;2.1755440280902767;8;5;20;4.03420152875463;6;4;3;16;3;1;3;4;14;2;1;8;16;2;14;16;0;5;5;1;3;0;5;10;2;18;24;1;5;6;22;-0.3871062119556568;1;2;12;15;0;12;20;-1.1955310466644118;5;3;0;2;2;5;10;2;24;21;-3.9763701529860174;1;0;25;23;4.066418999498745;0;15;25;2;1;4;14;5;20;3.833505343922444;0;5;12;4;23;4.008101189033532
TRACK:753;721;541;5;4;2;2;3;2;4;6;6;5;10;0;2;4;1;14;16;3;0;10;22;-8.100847766971867;4;5;6;20;-6.029943081694212;5;0;0;5;2;1;22;2.293997500409279;8;5;20;3.833505343922444;6;4;3;16;3;1;3;4;14;2;1;8;16;2;14;16;0;5;5;1;3;0;5;10;2;18;24;1;5;6;22;-0.3732180226123776;1;2;12;15;0;12;20;-1.3534257284675084;5;3;0;2;2;0;16;14;2;24;21;-4.052882762482695;1;0;25;23;4.099655585095813;0;15;25;2;1;0;10;20;-8.833669579423384;5;17;0;5;12;4;23;4.026980726522545
TRACK:754;564;686;5;4;2;1;5;6;22;-0.02999352689321136;1;2;12;15;0;12;20;-1.10105364611632;0;5;5;1;3;0;5;10;2;18;24;1;5;6;22;-0.3617615423215105;1;2;12;15;0;12;20;-1.2451040357400984;5;3;0;2;2;0;16;14;2;24;21;-3.9849181986720295;1;0;25;23;4.0198765552912;0;15;25;2;1;0;10;20;-8.713611281954353;5;17;0;5;12;4;23;3.9301318243159726
TRACK:755;564;686;5;4;2;2;3;2;4;6;6;5;17;0;2;9;3;0;10;22;-7.868959434978183;4;5;6;20;-6.088858687402974;5;0;0;1;6;2;7;1.0745810210478162;18;0;0;18;20;-8.361904427075231;3;9;6;4;3;16;3;1;3;13;21;0.10288641797096232;0;5;5;1;3;0;5;10;2;13;24;1;5;6;22;-0.02999352689321136;1;2;12;15;0;12;20;-1.10105364611632;5;3;0;2;2;0;16;14;2;24;21;-3.910447375031393;1;0;25;23;3.8502954640068103;0;16;14;2;1;0;10;20;-8.726126495807266;5;15;0;5;12;4;23;4.047816171801219
TRACK:756;722;703;5;4;2;2;3;2;4;6;6;5;23;4.618419037585658;0;2;4;1;14;16;3;0;10;22;-8.155193817745733;4;5;6;20;-6.185687953973564;5;0;0;5;2;1;22;2.3616815439965158;13;5;20;3.8149547211990287;6;4;3;16;3;1;3;4;14;2;1;8;16;2;14;16;0;5;5;1;3;0;5;10;2;18;24;1;5;6;22;-0.3860848814405908;1;2;12;15;0;12;14;5;3;0;2;2;0;16;14;2;24;21;-4.068985563417161;1;0;25;23;4.045849204087566;0;15;25;2;1;0;10;20;-8.863920913709242;5;17;0;5;12;4;23;4.048303046175502
TRACK:757;722;703;5;4;2;2;3;2;4;6;6;5;17;0;2;4;1;14;24;3;0;10;22;-8.03973925900643;4;5;6;20;-6.208725524415056;5;0;0;5;2;1;22;1.968376187255457;8;5;20;4.03442479006053;6;4;3;16;3;1;3;4;14;2;1;8;16;2;14;16;0;5;5;1;3;0;5;10;2;18;24;1;5;6;22;-0.2675461997052106;1;2;12;15;0;12;20;-1.3282259615619776;5;3;0;2;2;0;16;14;2;12;15;1;0;25;23;4.098781155160972;0;15;25;2;1;0;10;20;-8.637483124125566;5;17;0;5;12;4;23;3.866105752123697
TRACK:758;564;541;5;4;2;2;3;2;4;6;6;5;17;0;2;4;1;14;16;3;0;10;22;-7.951486317612517;4;5;6;20;-6.176365875572365;5;0;0;5;2;1;22;2.128768068573652;8;5;20;4.0671351913217855;6;4;3;16;3;1;3;4;14;2;1;8;16;2;14;20;-1.3534257284675084;0;5;5;1;3;0;5;10;2;18;24;1;5;6;22;-0.3617615423215105;1;2;12;15;0;12;20;-1.2451040357400984;5;3;0;2;2;0;16;14;2;24;21;-3.9849181986720295;1;0;25;23;4.0198765552912;0;15;25;2;1;0;10;20;-8.713611281954353;5;17;0;5;12;4;23;3.9301318243159726
TRACK:759;564;541;5;4;2;2;3;2;4;6;6;5;23;4.6395927745843855;0;2;4;1;14;16;3;0;10;22;-8.100847766971867;4;5;6;20;-6.029943081694212;5;0;0;5;2;1;22;2.293997500409279;8;5;20;3.833505343922444;6;4;3;16;3;1;3;4;14;2;1;8;16;2;14;16;0;5;5;1;3;0;5;10;2;18;24;1;5;6;22;-0.3732180226123776;1;2;12;15;0;12;20;-1.3534257284675084;5;3;0;2;2;0;16;14;2;24;21;-4.052882762482695;1;0;25;23;4.099655585095813;0;15;25;2;1;0;10;20;-8.833669579423384;5;17;22;-7.951486317612517
TRACK:760;750;-1;5;4;2;2;3;2;4;6;6;5;23;4.537298418645936;0;2;4;1;14;16;3;0;10;22;-8.038506088518723;4;5;6;20;-6.14673108810407;5;0;0;5;2;1;22;2.3436498559587795;13;5;20;3.8195570559189473;6;4;3;16;3;1;3;4;14;0;3;8;6;22;4.191007406949718;0;5;5;1;3;0;5;10;2;18;24;1;5;6;22;-0.2782565790841048;1;2;12;15;20;-6.127363835412864;5;3;0;2;2;1;10;13;2;24;21;-4.055658637120494;1;0;25;23;3.9399105676907054;0;15;25;2;1;0;10;20;-8.941910543337967;5;17;0;5;12;4;23;4.1134639174552055
TRACK:761;752;-1;5;4;2;2;3;2;4;6;6;5;17;0;2;4;1;14;16;3;0;10;22;-7.942533981931134;4;5;6;20;-6.098111225102413;5;0;0;5;2;1;22;2.2065736095000847;8;5;20;4.069511660598719;6;4;3;16;3;1;3;4;14;2;1;8;16;2;14;16;0;5;5;1;3;0;5;10;2;18;24;1;5;6;22;-0.26696138451468204;1;2;12;15;0;12;20;-1.2160264087702477;5;3;0;2;2;5;10;2;24;21;-3.8738666605160024;1;0;25;23;4.152538531677462;0;15;25;2;1;4;14;5;20;3.8196315946120296;0;5;18;4;23;3.8749099112519594
TRACK:762;754;-1;5;4;2;1;5;6;4;3;2;0;22;-2.453652466874738;17;4;19;1;2;12;15;0;12;20;-1.135942815625283;0;5;5;1;3;0;5;10;2;18;24;1;5;6;22;-0.380149746278334;1;2;12;15;0;12;20;-1.1863209537008088;5;3;0;2;2;0;16;14;2;24;21;-4.115400815678402;1;0;25;23;3.9012031387841324;0;15;25;2;1;0;10;20;-8.924272350726115;5;17;0;5;12;4;23;4.117678071279645
TRACK:763;756;-1;5;4;2;2;3;2;4;6;6;5;23;4.508677192131562;0;2;4;1;14;16;3;0;10;22;-8.235824360869065;4;5;6;20;-6.213835062126337;5;0;0;5;2;1;22;2.389230910067723;13;5;20;3.8104941105994334;6;4;3;16;3;1;3;4;14;2;1;8;16;2;14;16;0;5;5;1;3;0;5;10;2;18;24;1;5;6;22;-0.35928424244228185;1;2;12;15;0;12;14;5;3;0;2;2;0;16;14;2;24;21;-3.902512527686162;1;0;25;23;4.096673526262486;0;15;25;3;0;7;-7.867704258372534;12
TRACK:764;758;-1;5;4;2;2;3;2;4;6;6;5;17;0;2;4;1;14;16;3;0;10;22;-7.913968669232394;4;5;6;20;-6.157835718367931;5;0;0;5;2;1;22;2.132482450164578;8;5;20;3.92921955460839;6;4;3;16;3;1;3;4;14;2;1;8;16;2;14;20;-1.2922920654335737;0;5;5;1;3;0;5;10;2;18;24;1;5;6;22;-0.39332708860255816;1;2;12;15;0;12;20;-1.1072597100876769;5;3;0;2;2;0;16;14;2;24;21;-4.025691509074263;1;0;25;23;3.9948772938956085;0;15;25;2;1;0;10;20;-8.69528095632682;5;20;-5.435229382466453;0;5;12;4;23;3.689563375228752
TRACK:765;751;-1;5;4;2;2;3;2;4;6;6;5;17;0;2;1;2;20;-9.153622153155105;13;1;7;4.7105222935329305;10;3;0;10;22;-8.048218599638156;4;5;6;20;-6.062166241792392;5;0;0;5;2;1;22;1.8661513766229876;8;5;20;4.086760033156352;6;4;3;16;3;1;3;4;14;2;1;8;16;2;14;16;0;5;5;1;3;0;5;10;2;18;24;1;5;6;22;-0.26593133982518846;1;2;16;15;0;12;20;-1.395856082295956;5;3;0;2;2;0;16;14;2;24;21;-3.8282048847382577;1;0;25;23;4.237822928016267;0;15;25;2;1;0;10;20;-8.674357891154948;5;17;0;5;12;4;23;3.9546017698975313
TRACK:766;753;-1;5;4;2;2;3;2;4;6;6;5;10;0;2;4;1;14;16;3;0;10;22;-8.220828041255686;4;3;1;15;14;5;0;0;5;2;1;22;2.2136278519710904;8;5;20;3.907551691736197;6;4;3;16;3;1;3;4;14;2;1;8;16;2;14;16;0;5;5;1;3;0;5;10;2;18;24;1;5;6;22;-0.47501278160668825;1;2;12;15;0;12;20;-1.5696649337651716;5;3;0;2;2;0;16;14;2;24;21;-4.1023852030411;1;0;25;23;4.121526481600574;0;15;25;2;1;0;10;20;-8.678257303045731;5;17;0;5;12;4;23;4.051430547250529
TRACK:767;755;-1;5;4;2;2;3;2;4;6;6;5;17;0;2;9;3;0;10;22;-7.8939079069434275;4;5;6;20;-5.9928047385436365;5;0;0;1;6;2;7;1.0993005524467896;18;0;0;18;20;-8.39652977267322;3;9;6;4;3;16;3;1;3;13;21;0.018594961879081773;0;5;5;1;3;0;5;10;2;13;24;1;5;6;22;0.03748195473948229;1;2;12;15;0;12;20;-1.051630420854979;4;20;8.479617007241611
TRACK:768;757;-1;5;4;2;2;3;2;4;6;6;5;17;0;2;4;1;14;24;3;0;10;22;-8.153868309039892;4;5;6;20;-6.130228726510788;5;0;0;5;2;1;22;2.1596901497825702;8;5;20;4.05747833890799;6;4;3;16;3;1;3;4;14;2;1;8;16;2;14;16;0;5;5;1;3;0;5;10;2;18;24;1;5;6;22;-0.23245308952212518;1;2;12;15;3;11;5;3;0;2;2;0;16;14;2;12;15;1;0;25;23;4.084608087175016;0;15;25;2;1;0;10;20;-8.63128848997599;5;17;0;5;12;4;23;3.8861401545028498
TRACK:769;759;-1;5;4;2;2;3;2;4;6;6;5;23;4.647873504359327;0;2;4;1;14;16;3;0;10;22;-8.214217991152104;4;5;6;20;-6.07855820743127;5;0;0;5;2;1;22;2.2903223100327494;8;5;20;3.820040361098792;6;4;3;16;3;1;3;4;14;2;1;18;16;2;14;16;0;5;5;1;3;0;5;10;2;18;24;1;5;6;22;-0.3201779525822158;1;2;12;15;0;12;20;-1.2383963138098155;5;3;0;2;2;0;16;14;2;24;21;-4.083896045125725;1;0;25;23;4.138977841836248;0;15;25;2;1;0;10;20;-8.905513982837425;5;17;22;-8.03661895808822
EVAL_INSTANCE:38:0:760
EVAL_INSTANCE:38:1:761
EVAL_INSTANCE:38:2:762
EVAL_INSTANCE:38:3:763
EVAL_INSTANCE:38:4:764
EVAL_INSTANCE:38:5:765
EVAL_INSTANCE:38:6:766
EVAL_INSTANCE:38:7:767
EVAL_INSTANCE:38:8:768
EVAL_INSTANCE:38:9:769
RUN_RESULT:38:0:0:2000:----
RUN_RESULT:38:1:0:2000:----
RUN_RESULT:38:2:0:2000:----
RUN_RESULT:38:3:0:2000:----
RUN_RESULT:38:4:0:2000:----
RUN_RESULT:38:5:0:1470:RDRRRDRDRUDLLLDLUULURDRRULLLLDLUUUDRRULRRRRUUR
RUN_RESULT:38:6:0:1873:DDRRDDRULURDRURULLLLLDLUUUDRRULRDRDRRRRDULULUUUR
RUN_RESULT:38:7:0:2000:----
RUN_RESULT:38:8:0:2000:----
RUN_RESULT:38:9:0:2000:----
    39 |      390 | -2.223600E+03 | -2.530000E+03
TRACK:770;721;564;5;4;2;2;3;2;4;6;6;5;17;0;2;4;1;14;16;3;0;10;22;-8.151804542295132;4;5;6;20;-6.085078221725218;5;16;0;5;5;1;3;0;5;10;2;18;24;1;5;6;22;-0.3871062119556568;1;2;12;15;0;12;20;-1.1955310466644118;5;3;0;2;2;5;10;2;24;21;-3.9763701529860174;1;0;25;23;4.066418999498745;0;15;25;2;1;4;14;5;17;0;5;12;4;23;4.008101189033532
TRACK:771;721;564;5;4;2;2;3;2;4;6;6;5;17;0;2;4;1;14;16;3;0;10;22;-7.951486317612517;4;5;6;20;-6.176365875572365;5;0;0;5;2;15;5;20;4.0671351913217855;6;4;3;16;3;1;3;4;14;2;1;8;16;2;14;16;0;5;5;1;3;0;5;10;2;18;24;1;5;6;22;-0.3617615423215105;1;2;12;15;0;12;20;-1.2451040357400984;5;3;0;2;2;0;16;14;2;24;21;-3.9849181986720295;1;0;25;23;4.0198765552912;0;15;25;2;1;0;10;20;-8.713611281954353;5;17;0;5;12;4;23;3.9301318243159726
TRACK:772;703;765;5;4;2;2;3;2;4;6;6;5;17;0;2;4;1;14;20;-6.062166241792392;3;0;10;22;-8.03973925900643;4;5;6;20;-6.208725524415056;5;0;0;5;2;1;22;1.968376187255457;8;5;20;4.03442479006053;6;4;3;16;3;1;3;4;14;2;1;8;16;2;14;16;0;5;5;1;3;0;5;10;2;18;24;1;5;6;22;-0.2675461997052106;1;2;12;15;0;12;20;-1.3282259615619776;5;3;0;2;2;0;16;14;2;24;21;-3.928021728981914;1;0;25;23;4.098781155160972;0;15;25;2;1;0;10;20;-8.637483124125566;5;17;0;5;12;4;23;3.866105752123697
TRACK:773;703;765;5;4;2;2;3;2;4;6;6;5;17;0;2;1;23;3.866105752123697;1;7;4.7105222935329305;10;3;0;10;22;-8.048218599638156;4;5;6;20;-6.062166241792392;5;0;0;5;2;1;22;1.8661513766229876;8;5;20;4.086760033156352;6;4;3;16;3;1;3;4;14;2;1;8;16;2;14;16;0;5;5;1;3;0;5;10;2;18;24;1;5;6;22;-0.26593133982518846;1;2;16;15;0;12;20;-1.395856082295956;5;3;0;2;2;0;16;14;2;24;21;-3.8282048847382577;1;0;25;23;4.237822928016267;0;15;25;2;1;0;10;20;-8.674357891154948;5;17;0;5;12;4;23;3.9546017698975313
TRACK:774;541;644;5;4;2;2;3;2;4;6;6;5;23;4.6395927745843855;0;2;4;1;14;16;3;0;10;22;-8.100847766971867;4;5;6;20;-6.029943081694212;5;0;0;5;2;1;22;2.293997500409279;8;5;20;3.833505343922444;6;4;3;16;3;1;3;4;14;2;1;8;16;2;14;16;0;5;5;1;3;0;5;10;2;18;24;1;5;6;22;-0.3732180226123776;1;2;12;15;0;12;20;-1.3534257284675084;5;3;0;2;2;0;16;14;2;24;21;-4.052882762482695;1;12;0;15;25;2;1;0;10;20;-8.833669579423384;5;17;0;5;12;4;23;4.026980726522545
TRACK:775;541;644;5;4;2;2;3;2;4;6;6;5;10;0;2;4;1;14;16;3;0;10;22;-9.654044824053594;4;5;6;20;-6.103304640603001;5;0;0;5;2;1;22;2.088981830791058;8;5;20;4.162198885160479;6;4;3;16;3;1;3;4;14;2;1;8;16;2;14;16;0;5;5;1;3;0;5;10;2;18;24;1;5;6;22;-0.47880982460703564;1;2;12;15;0;12;20;-1.136425100450194;5;3;0;2;2;0;16;14;2;24;21;-3.942975106029619;1;0;25;23;4.1907754518664415;0;15;25;2;1;0;10;20;-8.842692967162105;5;17;0;5;12;4;23;3.834998326340326
TRACK:776;564;541;5;4;2;2;3;2;4;6;6;5;17;0;2;4;1;14;16;3;0;10;22;-7.951486317612517;4;5;6;20;-6.176365875572365;5;0;0;5;2;1;22;2.128768068573652;8;5;20;4.0671351913217855;6;4;3;16;3;1;3;4;14;2;1;8;16;2;14;14;0;5;5;1;3;0;5;10;2;18;24;1;5;6;22;-0.3617615423215105;1;2;12;15;0;12;20;-1.2451040357400984;5;3;0;2;2;0;16;14;2;24;21;-3.9849181986720295;1;0;25;23;4.0198765552912;0;15;25;2;1;0;10;20;-8.713611281954353;5;17;0;5;12;4;23;3.9301318243159726
TRACK:777;564;541;5;4;2;2;3;2;4;6;6;5;23;4.6395927745843855;0;2;4;1;14;16;3;0;10;22;-8.100847766971867;4;5;6;20;-6.029943081694212;5;0;0;5;2;1;22;2.293997500409279;8;5;20;3.833505343922444;6;4;3;16;3;1;3;4;14;2;1;8;16;2;14;16;0;5;5;1;3;0;5;10;2;20;-1.2451040357400984;24;1;5;6;22;-0.3732180226123776;1;2;12;15;0;12;20;-1.3534257284675084;5;3;0;2;2;0;16;14;2;24;21;-4.052882762482695;1;0;25;23;4.099655585095813;0;15;25;2;1;0;10;20;-8.833669579423384;5;17;0;5;12;4;23;4.026980726522545
TRACK:778;703;765;5;4;2;2;3;2;4;6;6;5;17;0;2;4;1;14;24;3;0;10;22;-8.03973925900643;4;5;6;20;-6.208725524415056;5;0;0;5;2;1;22;1.968376187255457;8;5;20;4.03442479006053;6;4;3;16;3;1;3;4;14;2;1;8;16;2;14;16;0;5;5;1;3;0;5;10;2;18;24;1;5;6;22;-0.2675461997052106;1;2;12;15;0;12;20;-1.3282259615619776;4;3;16
TRACK:779;703;765;5;4;2;2;3;2;4;6;6;5;17;0;2;1;2;20;-9.153622153155105;13;1;7;4.7105222935329305;10;3;0;10;22;-8.048218599638156;4;5;6;20;-6.062166241792392;5;0;0;5;2;1;22;1.8661513766229876;8;5;20;4.086760033156352;6;4;3;16;3;1;3;4;14;2;1;8;16;2;14;16;0;5;5;1;3;0;5;10;2;18;24;1;5;10;1;2;16;15;0;12;20;-1.395856082295956;5;3;0;2;2;0;16;14;2;24;21;-3.8282048847382577;1;0;25;23;4.237822928016267;0;15;25;2;1;0;10;20;-8.674357891154948;5;17;0;5;12;4;23;3.9546017698975313
TRACK:780;770;-1;5;4;2;2;3;2;4;6;6;5;17;0;2;4;1;14;16;3;6;23;-4.31259401856837;4;5;6;20;-6.11543074353433;5;16;0;5;5;1;3;0;5;10;2;18;24;1;5;6;22;-0.3966575399847988;1;2;12;15;0;12;20;-1.2933185356849055;5;3;0;2;2;5;10;2;24;21;-4.052202555188166;1;0;25;23;4.033607875206384;0;15;25;2;1;4;14;5;17;0;5;12;4;23;4.1344961622891025
TRACK:781;772;-1;5;4;2;2;3;2;4;6;6;5;17;0;2;4;1;14;20;-5.992975699585609;3;0;10;22;-7.8590707936238555;4;5;6;20;-6.224215488710742;5;0;0;5;2;1;22;1.9265753692540635;8;5;20;4.068986604947729;6;4;3;16;3;1;3;4;14;2;1;8;16;2;14;16;0;5;5;1;3;0;5;10;2;15;15;1;5;6;22;-0.30949181265813497;1;2;12;15;0;12;20;-1.325544616449793;5;3;0;2;2;0;16;14;2;24;21;-4.00490171635;1;0;25;23;4.095741449890896;0;15;25;2;1;0;10;20;-8.883226109648106;5;17;0;5;12;4;23;3.818124584088301
TRACK:782;774;-1;5;4;2;2;3;2;4;6;6;5;23;4.548229094496545;0;2;4;1;14;16;3;0;10;22;-8.100306378338265;4;5;6;20;-6.134023401987374;5;0;0;5;2;1;22;2.2747652952697175;8;5;20;3.8229507679400245;6;4;3;16;3;1;3;4;14;2;1;8;16;2;14;16;0;5;5;1;3;0;2;10;17;2;18;24;1;5;6;22;-0.41537349702379045;1;2;12;15;0;12;20;-1.4722886934416188;5;3;0;2;2;0;16;14;2;24;21;-3.9746325729634266;1;12;0;15;25;2;1;0;10;20;-8.709937026867044;5;17;0;5;12;4;23;4.0410434724233255
TRACK:783;776;-1;5;4;2;2;3;2;4;6;6;5;17;0;2;4;1;14;16;3;0;10;22;-7.789292928387063;4;5;6;20;-6.035289022820641;5;0;0;5;2;1;22;1.9541717832029089;8;5;20;3.93503074260502;6;4;3;16;3;1;3;4;14;2;1;8;16;2;14;14;0;5;5;1;3;0;5;10;2;18;24;1;5;6;22;-0.28545775255768013;1;2;12;15;0;12;20;-1.1938694867499555;5;3;0;2;2;0;16;14;2;24;21;-3.8495411611156785;1;0;25;23;4.045642892475423;0;15;25;2;1;2;13;24;5;17;0;5;12;4;23;3.9528027390990164
TRACK:784;778;-1;5;4;2;2;3;2;4;6;6;5;17;0;4;3;15;1;3;8;5;15;5;0;0;5;2;1;22;2.08734804888167;8;5;20;3.9934144202889095;6;4;3;16;3;1;3;4;14;2;1;8;16;2;14;16;0;5;5;1;3;0;5;10;2;18;24;1;5;6;22;-0.2383856542463983;1;2;12;15;0;12;20;-1.1522257083619227;4;3;16
TRACK:785;771;-1;5;4;2;2;3;2;4;6;6;5;17;0;2;4;1;14;16;3;0;10;22;-7.891737601865351;4;5;6;20;-6.367690557144815;5;0;0;5;2;15;5;20;4.188788810312244;6;4;3;16;3;1;3;4;14;2;1;8;16;2;14;16;0;5;5;1;3;0;5;10;2;18;24;1;5;6;22;-0.12004580640527199;1;2;12;25;0;12;20;-1.2416746279087938;5;3;0;2;2;0;16;14;2;24;21;-3.814525987978168;1;0;25;23;3.872943758800895;0;15;25;2;1;0;10;20;-8.661016589355919;5;17;0;5;12;4;23;4.018717337254327
TRACK:786;773;-1;5;4;2;2;3;2;4;6;6;5;17;0;2;1;23;3.7522193086677333;1;7;4.812319675585999;10;3;0;10;22;-7.974277249156983;4;5;6;20;-6.166826290541731;5;0;0;5;2;1;22;1.7248532933490393;8;5;20;3.9766081616531017;6;4;3;16;3;1;3;4;14;2;1;8;16;2;14;16;0;5;5;1;3;0;5;10;2;18;24;1;5;6;22;-0.1897633690325805;1;2;16;15;0;12;20;-1.3354838016735477;5;3;0;2;2;0;16;14;2;24;21;-3.7155194019876743;1;0;25;23;4.087237851894989;0;15;25;2;1;0;10;20;-8.660827802388804;0;14;12;0;5;12;4;23;3.9923335234873027
TRACK:787;775;-1;5;4;2;2;3;2;4;6;6;5;10;0;2;4;1;14;16;3;0;10;22;-9.733911940459347;4;5;6;20;-6.055787268108683;5;0;0;5;2;1;22;2.14825427723705;8;5;20;4.21459824422326;6;4;3;16;3;1;3;4;14;2;1;8;16;2;14;16;0;5;5;1;3;0;5;10;2;18;24;1;5;6;22;-0.31839108125183824;1;2;12;15;0;12;20;-1.156283645402577;5;3;0;3;6;4;14;2;1;0;10;20;-8.67461908286968;5;17;0;5;12;4;23;3.985893055594522
TRACK:788;777;-1;5;4;2;2;3;2;4;6;6;5;23;4.669184959512652;0;2;4;1;14;16;3;0;10;22;-8.183071481196718;4;5;6;20;-5.816373842310359;5;0;0;5;2;1;22;2.413616172006687;8;5;20;3.6690548034335393;6;4;3;16;3;1;3;4;14;2;1;8;16;2;14;16;0;5;5;1;3;0;5;10;2;20;-1.178068067491035;24;1;5;6;22;-0.36171939928391195;1;2;12;15;0;12;20;-1.4834047156806525;5;3;0;2;2;0;16;14;2;24;21;-4.088304745395195;1;0;25;23;4.06799586612999;0;15;23;9.736392538264703;2;1;0;10;20;-8.825131760071528;5;17;0;5;12;4;23;3.929683480092843
TRACK:789;779;-1;5;4;2;2;3;2;4;6;6;5;17;0;2;1;2;20;-9.043408787795652;13;1;7;4.715853947771174;10;3;0;10;22;-7.9909798354369;4;5;6;20;-6.142294433296581;5;0;0;5;2;1;22;1.7859147399561943;8;5;20;4.061175850273736;6;4;3;16;3;5;6;3;15;0;5;5;1;3;0;5;10;2;18;24;1;5;10;1;2;16;15;0;12;20;-1.217389216567578;5;3;0;2;2;0;16;14;2;24;21;-3.7625269417045835;1;0;25;23;4.231640622759435;0;15;25;2;1;0;10;20;-8.814931077640855;5;17;0;5;12;4;23;3.9183277755747583
EVAL_INSTANCE:39:0:780
EVAL_INSTANCE:39:1:781
EVAL_INSTANCE:39:2:782
EVAL_INSTANCE:39:3:783
EVAL_INSTANCE:39:4:784
EVAL_INSTANCE:39:5:785
EVAL_INSTANCE:39:6:786
EVAL_INSTANCE:39:7:787
EVAL_INSTANCE:39:8:788
EVAL_INSTANCE:39:9:789
RUN_RESULT:39:0:0:2000:----
RUN_RESULT:39:1:0:2000:----
RUN_RESULT:39:2:0:2000:----
RUN_RESULT:39:3:0:1768:DDRRDDRURULDLURULLLDLUUUDRRULRRRRUUR
RUN_RESULT:39:4:0:2000:----
RUN_RESULT:39:5:0:2000:----
RUN_RESULT:39:6:0:2000:----
RUN_RESULT:39:7:0:2000:----
RUN_RESULT:39:8:0:2000:----
RUN_RESULT:39:9:0:1989:DDRRRRDRRUDLLLDLUULURDRRULLLLDLUUUDRRULRRRRUUR
    40 |      400 | -2.234000E+03 | -2.530000E+03
TRACK:790;722;703;5;4;2;2;3;2;4;6;6;5;23;4.618419037585658;0;2;4;1;14;16;3;0;10;22;-8.155193817745733;4;5;6;20;-6.185687953973564;5;0;0;5;2;1;22;2.3616815439965158;13;5;20;3.8149547211990287;6;4;3;16;3;1;3;4;14;2;1;8;16;2;14;16;0;5;5;1;3;0;16;2;18;24;1;5;6;22;-0.3860848814405908;1;2;12;15;0;12;20;-1.3880180504722708;5;3;0;2;2;0;16;14;2;24;21;-4.068985563417161;1;0;25;23;4.045849204087566;0;15;25;2;1;0;10;20;-8.863920913709242;5;17;0;5;12;4;23;4.048303046175502
TRACK:791;722;703;5;4;2;2;3;2;4;6;6;5;17;0;2;4;1;14;24;3;0;10;22;-8.03973925900643;4;5;6;20;-6.208725524415056;5;0;0;5;2;1;22;1.968376187255457;8;5;20;4.03442479006053;6;4;3;16;3;1;3;4;14;2;1;8;16;2;14;16;0;5;5;1;3;0;5;10;2;18;24;1;5;6;22;-0.2675461997052106;1;2;25;15;0;12;20;-1.3282259615619776;5;3;0;2;2;0;16;14;2;24;21;-3.928021728981914;1;0;25;23;4.098781155160972;0;15;25;2;1;0;10;20;-8.637483124125566;5;17;0;5;12;4;23;3.866105752123697
TRACK:792;765;564;5;4;2;2;3;2;4;6;6;5;17;0;2;1;2;20;-9.153622153155105;13;1;7;4.7105222935329305;10;3;0;10;22;-8.048218599638156;4;5;6;20;-6.062166241792392;5;0;0;5;2;1;22;1.8661513766229876;8;5;20;4.086760033156352;6;4;3;16;3;1;3;4;14;2;1;8;16;2;14;16;0;5;5;23;3.9301318243159726;5;3;0;2;2;0;16;14;2;24;21;-3.8282048847382577;1;0;25;23;4.237822928016267;0;15;25;2;1;0;10;20;-8.674357891154948;5;17;0;5;12;4;23;3.9546017698975313
TRACK:793;765;564;5;4;2;2;3;2;4;6;6;5;17;0;2;4;1;14;16;3;0;10;22;-7.951486317612517;4;5;6;20;-6.176365875572365;5;0;0;5;2;1;22;2.128768068573652;8;5;20;4.0671351913217855;6;4;3;16;3;1;3;4;14;2;1;8;16;2;14;16;0;5;5;1;3;0;5;10;2;18;24;1;5;6;22;-0.3617615423215105;1;2;12;15;0;12;20;-1.2451040357400984;5;3;0;2;2;0;16;14;2;24;21;-3.9849181986720295;1;0;25;23;4.0198765552912;0;15;25;2;1;0;10;20;-8.713611281954353;10;0;5;12;4;23;3.9301318243159726
TRACK:794;783;703;5;4;2;2;3;2;4;6;6;5;17;0;2;4;1;14;16;3;0;10;22;-7.789292928387063;4;5;6;20;-6.035289022820641;5;0;0;5;2;1;22;1.9541717832029089;8;5;20;3.93503074260502;6;4;3;16;3;1;3;4;14;2;1;8;16;2;14;14;0;5;5;1;3;4;14;2;1;8;16;2;14;16;5;3;0;2;2;0;16;14;2;24;21;-3.8495411611156785;1;0;25;23;4.045642892475423;0;15;25;2;1;2;13;24;5;17;0;5;12;4;23;3.9528027390990164
TRACK:795;783;703;5;4;2;2;3;2;4;6;6;5;17;0;2;4;1;14;24;3;0;10;22;-8.03973925900643;4;5;6;20;-6.208725524415056;5;0;0;5;2;1;22;1.968376187255457;8;5;20;4.03442479006053;6;4;3;16;1;2;12;15;0;12;20;-1.1938694867499555;0;5;5;1;3;0;5;10;2;18;24;1;5;6;22;-0.2675461997052106;1;2;12;15;0;12;20;-1.3282259615619776;5;3;0;2;2;0;16;14;2;24;21;-3.928021728981914;1;0;25;23;4.098781155160972;0;15;25;2;1;0;10;20;-8.637483124125566;5;17;0;5;12;4;23;3.866105752123697
TRACK:796;722;765;5;4;2;2;3;2;4;6;6;5;23;4.618419037585658;0;2;4;1;14;16;3;0;10;22;-8.155193817745733;4;5;6;20;-6.185687953973564;5;0;0;5;2;1;22;2.3616815439965158;13;5;20;3.8149547211990287;6;4;3;16;3;1;3;4;14;2;1;8;16;2;14;16;0;5;5;1;3;0;5;10;16;1;5;6;22;-0.3860848814405908;1;2;12;15;0;12;20;-1.3880180504722708;5;3;0;2;2;0;16;14;2;24;21;-4.068985563417161;1;0;25;23;4.045849204087566;0;15;25;2;1;0;10;20;-8.863920913709242;5;17;0;5;12;4;23;4.048303046175502
TRACK:797;722;765;5;4;2;2;3;2;4;6;6;5;17;0;2;1;2;14;13;1;7;4.7105222935329305;10;3;0;10;22;-8.048218599638156;4;5;6;20;-6.062166241792392;5;0;0;5;2;1;22;1.8661513766229876;8;5;20;4.086760033156352;6;4;3;16;3;1;3;4;14;2;1;8;16;2;14;16;0;5;5;1;3;0;5;10;2;18;24;1;5;6;22;-0.26593133982518846;1;2;16;15;0;12;20;-1.395856082295956;5;3;0;2;2;0;16;14;2;24;21;-3.8282048847382577;1;0;25;23;4.237822928016267;0;15;25;2;1;0;10;20;-8.674357891154948;5;17;0;5;12;4;23;3.9546017698975313
TRACK:798;783;541;5;4;2;2;3;2;4;6;6;5;17;0;2;4;1;14;16;1;2;12;15;0;12;20;-1.3534257284675084;4;5;6;20;-6.035289022820641;5;0;0;5;2;1;22;1.9541717832029089;8;5;20;3.93503074260502;6;4;3;16;3;1;3;4;14;2;1;8;16;2;14;14;0;5;5;1;3;0;5;10;2;18;24;1;5;6;22;-0.28545775255768013;1;2;12;15;0;12;20;-1.1938694867499555;5;3;0;2;2;0;16;14;2;24;21;-3.8495411611156785;1;0;25;23;4.045642892475423;0;15;25;2;1;2;13;24;5;17;0;5;12;4;23;3.9528027390990164
TRACK:799;783;541;5;4;2;2;3;2;4;6;6;5;23;4.6395927745843855;0;2;4;1;14;16;3;0;10;22;-8.100847766971867;4;5;6;20;-6.029943081694212;5;0;0;5;2;1;22;2.293997500409279;8;5;20;3.833505343922444;6;4;3;16;3;1;3;4;14;3;4;14;0;5;5;1;3;0;5;10;2;18;24;1;5;6;22;-0.3732180226123776;1;2;12;15;0;12;20;-1.3534257284675084;5;3;0;2;2;0;16;14;2;24;21;-4.052882762482695;1;0;25;23;4.099655585095813;0;15;25;2;1;0;10;20;-8.833669579423384;5;17;0;5;12;4;23;4.026980726522545
TRACK:800;790;-1;5;4;2;2;3;2;4;2;2;14;22;4.552987195718787;2;22;1.333359767681646;17;0;2;4;1;14;16;3;0;10;22;-8.173258151211037;4;5;6;20;-6.250852350330654;5;0;0;5;2;1;22;2.161296757940557;13;5;20;4.02035988069067;6;4;3;16;3;1;3;4;14;2;1;8;16;2;14;16;0;5;5;1;3;0;16;2;18;24;1;5;6;22;-0.34650684950773863;1;2;12;15;0;12;20;-1.2011380804545067;5;3;0;2;2;0;16;14;2;24;21;-4.005984857736273;1;0;25;23;3.9538435469972186;0;15;25;2;1;0;10;20;-8.977270530639236;5;17;0;5;12;4;23;4.041030212732304
TRACK:801;792;-1;5;4;2;2;3;2;4;6;6;5;17;0;2;1;2;20;-9.086697215108696;13;1;7;4.715540903382045;10;3;0;10;22;-8.007038173637977;4;5;6;20;-6.02170961100491;5;0;0;5;2;1;22;1.6456857105775256;8;5;20;4.179167351210667;6;4;3;16;3;1;3;4;14;2;1;8;16;2;14;16;0;5;5;23;4.155634212775956;5;0;6;22;3.50644335028578;6;9
TRACK:802;794;-1;5;4;2;2;3;2;4;6;6;5;17;0;2;4;1;14;16;3;0;10;22;-7.989519055688775;4;5;6;20;-6.069261588104474;5;0;0;5;2;1;22;2.0747423306934007;8;5;20;3.983006992437779;6;4;3;16;3;1;3;4;14;2;1;8;16;2;14;14;0;2;10;20;4.878128184407849;5;3;0;2;2;0;16;14;2;24;21;-3.8215327989564245;1;0;25;23;4.089791283911388;0;15;25;2;1;2;13;24;5;17;0;5;12;4;23;3.9101185789907937
TRACK:803;796;-1;5;4;2;2;3;2;4;6;6;5;23;4.689345200501298;0;2;4;1;14;16;3;0;10;22;-8.158701077989637;4;5;6;20;-6.304841685805787;5;0;0;5;2;1;22;2.4273359598533637;13;5;20;3.927533933483311;6;4;3;16;3;1;3;4;14;2;1;8;16;2;14;16;0;5;5;1;3;0;5;10;16;1;5;6;9;1;2;12;15;0;12;20;-1.3276711782718404;5;3;0;2;2;0;16;14;2;24;21;-4.0109945113980725;1;0;25;23;4.057753895210568;0;15;25;2;1;0;10;20;-8.751834779160264;5;17;0;5;12;4;23;4.037103310793346
TRACK:804;798;-1;5;4;2;2;3;2;4;6;6;5;17;0;2;4;1;14;16;1;2;12;15;0;12;20;-1.3820985693247172;4;5;6;20;-6.21740130380935;5;0;0;5;2;1;22;1.9799368543982483;8;5;20;4.037091589354205;6;4;3;16;3;1;3;4;14;2;1;8;16;2;14;14;0;5;1;19;21;-3.8631130053344425;5;3;0;2;2;0;16;14;2;24;21;-3.8376464487977926;1;0;25;23;4.0000558790719625;0;15;25;2;1;2;13;24;5;17;0;5;12;4;23;4.0702914203350975
TRACK:805;791;-1;5;4;2;2;3;2;4;6;6;5;17;0;2;4;1;14;24;3;0;10;22;-7.974753257318627;4;5;6;20;-6.270659677423291;5;0;0;5;2;1;22;2.058061176828468;8;5;20;4.041116607890942;6;4;3;16;3;1;3;4;14;2;1;8;16;2;14;16;0;5;5;1;3;0;5;10;2;18;24;1;5;6;22;-0.28494277760052406;1;2;25;15;0;12;20;-1.3371460037756844;5;3;0;2;2;0;16;14;2;24;21;-3.8622608996520684;1;3;7;2.285954642604377;0;15;25;2;1;0;10;20;-8.84770791642786;5;17;0;5;12;4;23;3.883496524185195
TRACK:806;793;-1;5;4;2;2;3;2;4;6;6;5;17;0;2;4;1;14;16;3;0;10;22;-7.989960360473893;4;0;18;7;8.351199434697637;5;0;0;5;2;1;22;2.0907793159481933;8;5;20;4.140845919834797;6;4;3;16;3;1;3;4;14;2;1;8;16;2;14;16;0;5;5;1;3;0;5;10;2;18;24;1;5;6;22;-0.363953267853504;1;2;12;15;0;12;20;-1.2272053499224969;5;3;0;2;2;0;16;14;2;24;21;-3.8556372681349727;1;0;25;23;4.068273835432611;0;15;25;2;1;0;10;20;-8.720771172912801;10;0;5;12;4;23;4.100510862601677
TRACK:807;795;-1;5;4;2;2;3;2;4;6;6;5;17;0;2;4;1;14;24;3;0;10;22;-8.223984069811872;4;5;6;20;-6.229804605942192;5;0;0;5;2;1;22;2.106541249475799;8;5;20;3.878968299270703;6;4;3;16;1;2;12;15;0;12;20;-1.1665849815720357;0;5;5;1;3;0;5;10;2;18;24;1;5;6;22;-0.24055821236338082;1;2;12;15;0;12;20;-1.4253179778461067;5;3;0;2;2;0;16;14;2;24;21;-3.9734945986011847;1;0;25;23;4.068564151001333;0;15;25;2;4;5;25;0;5;12;4;23;3.7387621274355016
TRACK:808;797;-1;5;4;2;2;3;2;4;6;6;5;17;0;2;1;2;14;13;1;7;4.771508562247832;10;3;0;10;22;-8.13558329706577;4;5;6;20;-6.2142105189996935;5;0;0;5;2;1;22;1.876921376047365;8;5;20;3.9344511636434345;6;4;3;16;3;1;3;4;14;2;1;8;16;2;14;16;0;5;5;1;3;0;5;10;2;18;24;1;5;6;22;-0.13542237721179975;1;2;16;15;1;24;24;5;3;0;2;2;0;16;14;2;24;21;-3.894966050448217;1;0;25;23;4.289355802415894;0;15;25;2;1;0;10;20;-8.719400669981852;5;17;0;5;12;4;23;4.003955347792017
TRACK:809;799;-1;5;4;2;2;3;2;4;6;6;5;23;4.555707460969536;0;2;4;1;14;16;3;0;10;22;-8.147251250280146;4;5;6;20;-5.855047913257604;5;0;0;5;2;1;22;2.2667263772436677;8;5;20;3.8841543001253336;6;4;3;16;3;1;3;4;14;3;4;14;0;5;5;1;3;0;5;10;2;18;24;1;5;6;22;-0.3038579382225963;1;2;12;15;0;12;20;-2.995456884472045;5;3;0;2;2;0;16;14;2;24;21;-3.950568193659308;1;0;25;23;4.088254081415784;0;15;25;2;1;0;10;20;-8.98982140828132;5;17;0;5;12;4;23;4.0513780985280805
EVAL_INSTANCE:40:0:800
EVAL_INSTANCE:40:1:801
EVAL_INSTANCE:40:2:802
EVAL_INSTANCE:40:3:803
EVAL_INSTANCE:40:4:804
EVAL_INSTANCE:40:5:805
EVAL_INSTANCE:40:6:806
EVAL_INSTANCE:40:7:807
EVAL_INSTANCE:40:8:808
EVAL_INSTANCE:40:9:809
RUN_RESULT:40:0:0:1767:DDRRDDRURULDLURULLLDLUUUDRRULRRRRUUR
RUN_RESULT:40:1:0:2000:----
RUN_RESULT:40:2:0:1574:RRDDDDRULUURRDLDLURULDLURULULRDDLUURULRDRDRDRRRDULULUUUR
RUN_RESULT:40:3:0:2000:----
RUN_RESULT:40:4:0:2000:----
RUN_RESULT:40:5:0:2000:----
RUN_RESULT:40:6:0:2000:----
RUN_RESULT:40:7:0:2000:----
RUN_RESULT:40:8:0:2000:----
RUN_RESULT:40:9:0:1748:DDRRDDRUULURDRRULLLLLDLUUUDRRULDDRRRRRRDULULUUUR
    41 |      410 | -2.275700E+03 | -2.530000E+03
TRACK:810;809;564;5;4;2;2;3;2;4;6;6;5;23;4.555707460969536;0;2;4;1;14;16;3;0;10;22;-8.147251250280146;4;5;6;20;-5.855047913257604;5;0;0;5;2;1;22;2.2667263772436677;8;5;20;3.8841543001253336;6;4;3;16;3;1;3;4;14;3;4;14;0;5;5;1;3;0;5;10;2;18;24;1;5;6;22;-0.3038579382225963;1;2;12;15;0;12;20;-2.995456884472045;5;3;0;2;2;0;16;14;2;24;21;-3.950568193659308;1;0;25;24;0;15;25;2;1;0;10;20;-8.98982140828132;5;17;0;5;12;4;23;4.0513780985280805
TRACK:811;809;564;5;4;2;2;3;2;4;6;6;5;17;0;2;4;1;14;16;3;0;10;22;-7.951486317612517;4;5;6;20;-6.176365875572365;5;0;0;5;2;1;22;2.128768068573652;8;5;20;4.0671351913217855;6;4;3;16;3;1;3;4;14;2;1;8;16;2;14;16;0;5;5;1;3;0;5;10;2;18;24;1;5;6;22;-0.3617615423215105;1;2;12;15;0;12;20;-1.2451040357400984;5;3;0;2;2;0;16;14;2;24;21;-3.9849181986720295;1;0;25;23;4.0198765552912;0;15;25;2;1;0;10;20;-8.713611281954353;5;15;0;5;12;4;23;3.9301318243159726
TRACK:812;800;765;5;4;2;2;3;2;4;2;2;14;22;4.552987195718787;2;22;1.333359767681646;17;0;2;4;1;14;16;3;0;10;22;-8.173258151211037;4;5;6;20;-6.250852350330654;5;0;0;5;2;1;22;2.161296757940557;13;5;20;4.02035988069067;6;4;3;16;3;1;3;4;14;2;1;8;16;2;14;16;0;2;1;2;20;-9.153622153155105;13;1;7;4.7105222935329305;10;3;0;10;22;-8.048218599638156;5;3;0;2;2;0;16;14;2;24;21;-4.005984857736273;1;0;25;23;3.9538435469972186;0;15;25;2;1;0;10;20;-8.977270530639236;5;17;0;5;12;4;23;4.041030212732304
TRACK:813;800;765;5;4;2;2;3;2;4;6;6;5;17;0;2;1;2;20;-9.153622153155105;13;1;7;4.7105222935329305;23;3.9538435469972186;3;0;10;22;-8.048218599638156;4;5;6;20;-6.062166241792392;5;0;0;5;2;1;22;1.8661513766229876;8;5;20;4.086760033156352;6;4;3;16;3;1;3;4;14;2;1;8;16;2;14;16;0;5;5;1;3;0;5;10;2;18;24;1;5;6;22;-0.26593133982518846;1;2;16;15;0;12;20;-1.395856082295956;5;3;0;2;2;0;16;14;2;24;21;-3.8282048847382577;1;0;25;23;4.237822928016267;0;15;25;2;1;0;10;20;-8.674357891154948;5;17;0;5;12;4;23;3.9546017698975313
TRACK:814;802;765;5;4;2;2;3;2;4;6;6;5;17;0;2;4;1;14;16;3;0;10;22;-7.989519055688775;4;5;6;20;-6.069261588104474;5;0;0;5;2;1;22;2.0747423306934007;8;5;20;3.983006992437779;6;4;3;16;3;5;17;0;2;10;20;4.878128184407849;5;3;0;2;2;0;16;14;2;24;21;-3.8215327989564245;1;0;25;23;4.089791283911388;0;15;25;2;1;2;13;24;5;17;0;5;12;4;23;3.9101185789907937
TRACK:815;802;765;5;4;2;2;3;2;4;6;6;5;17;0;2;1;13;1;7;4.7105222935329305;10;3;0;10;22;-8.048218599638156;4;5;6;20;-6.062166241792392;5;0;0;5;2;1;22;1.8661513766229876;8;5;20;4.086760033156352;6;4;3;16;3;1;3;4;14;2;1;8;16;2;14;16;0;5;5;1;3;0;5;10;2;18;24;1;5;6;22;-0.26593133982518846;1;2;16;15;0;12;20;-1.395856082295956;5;3;0;2;2;0;16;14;2;24;21;-3.8282048847382577;1;0;25;23;4.237822928016267;0;15;25;2;1;0;10;20;-8.674357891154948;5;17;0;5;12;4;23;3.9546017698975313
TRACK:816;809;703;5;4;2;2;3;2;4;6;6;5;23;4.555707460969536;0;2;4;1;14;16;3;0;10;22;-8.147251250280146;4;5;6;20;-5.855047913257604;5;0;0;5;2;1;22;2.2667263772436677;8;5;20;3.8841543001253336;6;4;3;16;3;20;-8.637483124125566;0;5;5;1;3;0;5;10;2;18;24;1;5;6;22;-0.3038579382225963;1;2;12;15;0;12;20;-2.995456884472045;5;3;0;2;2;0;16;14;2;24;21;-3.950568193659308;1;0;25;23;4.088254081415784;0;15;25;2;1;0;10;20;-8.98982140828132;5;17;0;5;12;4;23;4.0513780985280805
TRACK:817;809;703;5;4;2;2;3;2;4;6;6;5;17;0;2;4;1;14;24;3;0;10;22;-8.03973925900643;4;5;6;20;-6.208725524415056;1;22;2.2667263772436677;8;0;5;5;1;3;0;5;10;2;18;24;1;5;6;22;-0.2675461997052106;1;2;12;15;0;12;20;-1.3282259615619776;5;3;0;2;2;0;16;14;2;24;21;-3.928021728981914;1;0;25;23;4.098781155160972;0;15;25;2;1;0;10;20;-8.637483124125566;5;17;0;5;12;4;23;3.866105752123697
TRACK:818;800;802;5;4;2;2;3;2;4;2;2;14;22;4.552987195718787;2;22;1.333359767681646;17;0;2;4;1;14;16;3;0;10;22;-8.173258151211037;4;5;6;20;-6.250852350330654;5;0;0;5;2;1;22;2.161296757940557;13;5;20;4.02035988069067;6;4;3;16;3;1;3;4;14;2;1;8;16;2;14;16;0;5;5;1;3;0;16;2;18;24;1;5;6;22;-0.34650684950773863;1;2;12;15;0;12;20;-1.2011380804545067;5;3;0;2;2;0;16;14;2;24;21;-4.005984857736273;1;0;25;23;3.9538435469972186;0;15;22;2.0747423306934007;2;1;0;10;20;-8.977270530639236;5;17;0;5;12;4;23;4.041030212732304
TRACK:819;800;802;5;4;2;2;3;2;4;6;6;5;17;0;2;4;1;14;16;3;0;10;22;-7.989519055688775;4;5;6;10;5;0;0;5;2;1;22;2.0747423306934007;8;5;20;3.983006992437779;6;4;3;16;3;1;3;4;14;2;1;8;16;2;14;14;0;2;10;20;4.878128184407849;5;3;0;2;2;0;16;14;2;24;21;-3.8215327989564245;1;0;25;23;4.089791283911388;0;15;25;2;1;2;13;24;5;17;0;5;12;4;23;3.9101185789907937
TRACK:820;810;-1;5;4;2;2;3;2;4;6;6;5;23;4.548799447559578;0;2;4;1;14;16;3;0;10;22;-8.13977011993915;4;5;6;20;-6.054361385803253;5;0;0;5;2;1;22;2.1835126318416838;8;5;20;4.036740753619855;6;4;3;16;3;1;3;4;14;3;4;14;0;5;5;1;3;0;5;10;2;18;24;1;5;6;22;-0.11767565721245357;1;2;12;15;0;12;20;-2.8446592829384403;5;3;0;2;2;0;16;14;2;11;21;-3.966601613690204;1;0;25;24;0;15;25;2;1;0;10;20;-9.203498297335793;5;17;0;5;12;4;23;4.072058124285587
TRACK:821;812;-1;5;4;2;2;3;2;4;2;2;14;22;4.5994305059370815;2;22;1.361594574273392;17;0;2;4;1;14;16;3;0;10;22;-8.0328265297116;4;5;6;20;-6.172083256652644;5;0;0;5;2;1;22;2.1358265118899666;13;5;20;4.008964538540038;6;4;3;16;3;1;3;4;23;5.14272893904705;2;1;8;16;2;14;16;0;2;1;2;20;-9.012890384394078;13;1;7;4.6806103915528485;10;3;0;10;22;-7.955209976289318;5;3;0;2;2;0;16;14;2;24;21;-4.226785955813524;1;0;25;23;4.08723854693029;0;15;25;2;1;0;10;20;-8.83727188446415;5;17;0;5;12;4;23;3.908670388972119
TRACK:822;814;-1;5;4;2;2;3;2;4;6;6;5;17;0;2;4;1;14;16;3;0;10;22;-8.003173299063624;4;5;6;20;-5.951735959746113;5;0;0;5;2;1;22;2.118662052106591;8;5;20;4.0124708873606;6;4;3;16;3;5;17;0;2;10;20;4.778607254820258;5;3;0;2;2;0;16;14;2;24;21;-3.8733404876196733;1;0;25;23;3.923589880109631;0;15;25;2;1;2;13;24;5;17;0;5;12;4;20;-8.613607557304201
TRACK:823;809;-1;5;4;2;2;3;2;4;6;6;5;23;4.618408613675517;0;2;4;1;14;16;3;0;10;22;-8.280763519895777;4;5;6;20;-5.898262147305619;5;0;0;5;2;1;22;2.2430033571428702;8;5;20;3.783124346753823;6;4;3;16;3;1;3;4;14;3;4;14;0;5;5;1;3;0;5;10;2;18;24;1;5;6;22;-0.29516959147163746;4;8;5;3;0;2;2;0;16;14;2;24;21;-4.067350397794369;1;0;25;23;3.9796652929853367;0;15;25;2;1;0;10;20;-9.13791060028842;5;17;0;5;12;4;23;4.1530734589497165
TRACK:824;818;-1;5;4;2;2;3;2;4;2;2;14;22;4.465421274598765;2;22;1.2409077380449376;17;0;2;4;1;14;16;3;0;10;22;-8.301721791630273;4;5;6;20;-6.247355933392921;5;0;0;5;2;1;22;2.200533530981613;13;5;20;4.113471597389584;6;4;3;16;3;1;3;4;14;2;1;8;16;2;14;16;0;5;5;1;3;0;16;2;18;24;1;5;6;22;-0.1555919451808268;1;2;12;15;0;12;20;-1.3213174318228003;5;3;0;2;2;0;16;14;2;24;21;-4.04235386517488;1;0;25;23;3.9876342451244167;0;15;22;1.9240578242199002;2;1;0;10;20;-8.90853926599246;0;23;0.47563279653347834;25;0;5;12;4;23;4.02193284581441
TRACK:825;811;-1;5;4;2;2;3;2;4;6;6;5;17;0;2;4;1;14;16;3;0;10;22;-8.006915415787066;4;5;6;20;-6.171140176078365;5;0;0;5;2;1;22;2.1508420958183248;8;5;20;4.042833433991589;6;4;3;16;3;1;3;4;14;2;1;8;16;2;14;16;0;5;5;1;3;0;5;10;2;18;24;1;5;6;8;1;2;12;15;0;12;20;-1.2545986449784412;5;3;0;2;2;0;16;14;2;24;21;-3.980490461204403;1;0;25;23;3.786356692661673;0;15;25;2;1;0;10;20;-8.744707674692377;5;15;0;5;12;4;23;4.11309760074085
TRACK:826;813;-1;5;4;2;2;3;2;4;6;6;5;17;0;2;1;2;20;-9.306873116133778;13;1;7;4.754958160045629;23;4.016305553422913;3;0;10;22;-8.082822571061879;4;5;6;20;-6.1245980669952695;5;0;0;5;2;1;22;1.7339751463169155;8;5;20;4.14579088263097;6;4;3;16;3;1;3;4;14;2;1;8;16;2;14;16;0;5;5;1;3;0;5;10;2;18;24;1;5;6;22;-0.3320452503670766;1;2;16;15;0;12;20;-1.4027087441442974;5;3;0;2;2;0;16;14;2;24;21;-3.642937927115981;1;0;25;23;4.267734363786246;0;15;25;2;1;0;10;20;-8.730241115495472;5;17;0;5;12;4;14
TRACK:827;815;-1;5;4;2;2;3;2;4;6;6;5;17;0;2;1;13;1;7;4.665128551135539;10;3;0;10;22;-8.021181680485377;4;5;6;20;-6.108230214935507;5;5;5;4;22;-9.84907311051555;0;5;5;1;3;0;5;10;2;18;24;1;5;6;22;-0.23420983405703505;1;2;16;15;0;12;20;-1.3006171744127966;5;3;0;2;2;0;16;14;2;24;21;-3.867411835029793;1;0;25;23;4.1681986669330975;0;15;25;2;1;0;10;20;-8.650010833375076;5;17;0;5;12;4;23;4.130711456724418
TRACK:828;703;-1;5;4;2;2;3;2;4;6;6;5;17;0;2;4;1;14;24;3;0;10;22;-7.885921994343676;4;5;6;20;-6.297283922743259;5;0;0;5;2;1;22;2.039776998896089;8;5;20;3.9698722434717006;6;4;3;16;3;1;3;4;14;2;1;8;16;2;14;16;0;5;5;1;3;0;5;10;2;18;24;1;5;6;22;-0.42291672002041925;1;2;12;15;0;12;24;5;3;0;2;2;0;16;14;2;24;21;-3.816720333750971;1;0;25;23;4.180887616209112;0;15;25;2;1;0;10;20;-8.688183910330265;5;17;0;5;12;4;23;3.934034307297789
TRACK:829;819;-1;5;5;1;4;22;3.034273758259383;2;24;24
EVAL_INSTANCE:41:0:820
EVAL_INSTANCE:41:1:821
EVAL_INSTANCE:41:2:822
EVAL_INSTANCE:41:3:823
EVAL_INSTANCE:41:4:824
EVAL_INSTANCE:41:5:825
EVAL_INSTANCE:41:6:826
EVAL_INSTANCE:41:7:827
EVAL_INSTANCE:41:8:828
EVAL_INSTANCE:41:9:829
RUN_RESULT:41:0:0:2000:----
RUN_RESULT:41:1:0:2000:----
RUN_RESULT:41:2:0:2000:----
RUN_RESULT:41:3:0:2000:----
RUN_RESULT:41:4:0:2000:----
RUN_RESULT:41:5:0:2000:----
RUN_RESULT:41:6:0:2000:----
RUN_RESULT:41:7:0:2000:----
RUN_RESULT:41:8:0:2000:----
RUN_RESULT:41:9:0:2000:----
    42 |      420 | -2.275700E+03 | -2.530000E+03
TRACK:830;802;800;5;4;2;2;3;2;4;6;6;5;17;0;2;4;1;14;16;3;0;10;22;-7.989519055688775;0;15;25;5;0;0;5;2;1;22;2.0747423306934007;8;5;20;3.983006992437779;6;4;3;16;3;1;3;4;14;2;1;8;16;2;14;14;0;2;10;20;4.878128184407849;5;3;0;2;2;0;16;14;2;24;21;-3.8215327989564245;1;0;25;23;4.089791283911388;0;15;25;2;1;2;13;24;5;17;0;5;12;4;23;3.9101185789907937
TRACK:831;802;800;5;4;2;2;3;2;4;2;2;14;22;4.552987195718787;2;22;1.333359767681646;17;0;2;4;1;14;16;3;0;10;22;-8.173258151211037;4;5;0;16;14;5;0;0;5;2;1;22;2.161296757940557;13;5;20;4.02035988069067;6;4;3;16;3;1;3;4;14;2;1;8;16;2;14;16;0;5;5;1;3;0;16;2;18;24;1;5;6;22;-0.34650684950773863;1;2;12;15;0;12;20;-1.2011380804545067;5;3;0;2;2;0;16;14;2;24;21;-4.005984857736273;1;0;25;23;3.9538435469972186;0;15;25;2;1;0;10;20;-8.977270530639236;5;17;0;5;12;4;23;4.041030212732304
TRACK:832;722;765;5;4;2;2;3;2;4;6;6;5;23;4.618419037585658;0;4;3;16;4;5;6;20;-6.185687953973564;5;0;0;5;2;1;22;2.3616815439965158;13;5;20;3.8149547211990287;6;4;3;16;3;1;3;4;14;2;1;8;16;2;14;16;0;5;5;1;3;0;5;10;2;18;24;1;5;6;22;-0.3860848814405908;1;2;12;15;0;12;20;-1.3880180504722708;5;3;0;2;2;0;16;14;2;24;21;-4.068985563417161;1;0;25;23;4.045849204087566;0;15;25;2;1;0;10;20;-8.863920913709242;5;17;0;5;12;4;23;4.048303046175502
TRACK:833;722;765;5;4;2;2;3;2;4;6;6;5;17;0;2;1;2;20;-9.153622153155105;13;1;7;4.7105222935329305;10;3;0;10;22;-8.048218599638156;4;5;6;20;-6.062166241792392;5;0;0;5;2;1;22;1.8661513766229876;8;5;20;4.086760033156352;6;15;3;1;3;4;14;2;1;8;16;2;14;16;0;5;5;1;3;0;5;10;2;18;24;1;5;6;22;-0.26593133982518846;1;2;16;15;0;12;20;-1.395856082295956;5;3;0;2;2;0;16;14;2;24;21;-3.8282048847382577;1;0;25;23;4.237822928016267;0;15;25;2;1;0;10;20;-8.674357891154948;5;17;0;5;12;4;23;3.9546017698975313
TRACK:834;809;765;5;4;2;2;3;2;4;6;6;5;23;4.555707460969536;0;2;4;1;14;16;3;0;10;22;-8.147251250280146;4;5;6;20;-5.855047913257604;5;0;0;5;2;1;22;2.2667263772436677;8;5;20;3.8841543001253336;6;4;3;16;3;1;3;16;3;4;14;0;5;5;1;3;0;5;10;2;18;24;1;5;6;22;-0.3038579382225963;1;2;12;15;0;12;20;-2.995456884472045;5;3;0;2;2;0;16;14;2;24;21;-3.950568193659308;1;0;25;23;4.088254081415784;0;15;25;2;1;0;10;20;-8.98982140828132;5;17;0;5;12;4;23;4.0513780985280805
TRACK:835;809;765;5;4;2;2;3;2;4;6;6;5;17;0;2;1;2;20;-9.153622153155105;13;1;7;4.7105222935329305;10;3;0;10;22;-8.048218599638156;4;5;6;20;-6.062166241792392;5;0;0;5;2;1;22;1.8661513766229876;8;5;20;4.086760033156352;6;4;3;16;3;1;3;4;14;2;1;8;16;2;14;16;0;5;5;1;3;0;4;23;4.0513780985280805;2;18;24;1;5;6;22;-0.26593133982518846;1;2;16;15;0;12;20;-1.395856082295956;5;3;0;2;2;0;16;14;2;24;21;-3.8282048847382577;1;0;25;23;4.237822928016267;0;15;25;2;1;0;10;20;-8.674357891154948;5;17;0;5;12;4;23;3.9546017698975313
TRACK:836;809;802;5;4;2;2;3;2;4;6;6;5;23;4.555707460969536;0;2;4;1;14;16;3;0;10;22;-8.147251250280146;4;5;6;20;-5.855047913257604;5;0;0;5;2;1;22;2.2667263772436677;8;5;20;3.8841543001253336;6;4;3;16;3;1;3;4;14;3;4;14;0;5;5;1;3;0;5;10;2;18;24;1;5;6;22;-0.3038579382225963;1;2;12;15;0;12;20;-2.995456884472045;5;3;0;2;2;0;16;14;0;10;22;-7.989519055688775;1;0;25;23;4.088254081415784;0;15;25;2;1;0;10;20;-8.98982140828132;5;17;0;5;12;4;23;4.0513780985280805
TRACK:837;809;802;5;4;2;2;2;2;0;16;14;2;24;21;-3.950568193659308;1;0;25;23;4.088254081415784;0;15;25;5;0;0;5;2;1;22;2.0747423306934007;8;5;20;3.983006992437779;6;4;3;16;3;1;3;4;14;2;1;8;16;2;14;14;0;2;10;20;4.878128184407849;5;3;0;2;2;0;16;14;2;24;21;-3.8215327989564245;1;0;25;23;4.089791283911388;0;15;25;2;1;2;13;24;5;17;0;5;12;4;23;3.9101185789907937
TRACK:838;541;800;5;4;2;2;3;2;4;6;6;5;23;4.6395927745843855;0;2;4;1;14;16;3;0;10;22;-8.100847766971867;4;5;6;20;-6.029943081694212;5;0;0;5;2;1;22;2.293997500409279;8;5;20;3.833505343922444;6;4;3;16;3;1;3;4;14;2;1;8;16;2;14;16;0;5;5;1;3;0;5;10;2;18;24;1;5;6;22;-0.3732180226123776;1;2;12;15;0;12;20;-1.3534257284675084;5;3;0;2;2;25;2;24;21;-4.052882762482695;1;0;25;23;4.099655585095813;0;15;25;2;1;0;10;20;-8.833669579423384;5;17;0;5;12;4;23;4.026980726522545
TRACK:839;541;800;5;4;2;2;3;2;4;2;2;14;22;4.552987195718787;2;22;1.333359767681646;17;0;2;4;1;14;16;3;0;10;22;-8.173258151211037;4;5;6;20;-6.250852350330654;5;0;0;5;2;1;22;2.161296757940557;16;5;20;4.02035988069067;6;4;3;16;3;1;3;4;14;2;1;8;16;2;14;16;0;5;5;1;3;0;16;2;18;24;1;5;6;22;-0.34650684950773863;1;2;12;15;0;12;20;-1.2011380804545067;5;3;0;2;2;0;16;14;2;24;21;-4.005984857736273;1;0;25;23;3.9538435469972186;0;15;25;2;1;0;10;20;-8.977270530639236;5;17;0;5;12;4;23;4.041030212732304
TRACK:840;830;-1;5;4;2;2;3;2;4;6;6;5;17;0;2;4;1;7;2.446529294788389;16;3;0;10;22;-8.084808735874782;0;15;25;5;0;0;5;2;1;22;2.2133884914496793;8;5;20;4.157803854807149;6;4;3;16;3;1;3;4;14;2;1;8;16;2;14;14;0;2;10;20;4.954789021625072;5;3;0;2;2;0;16;14;2;24;21;-3.8958770473409334;1;0;25;23;4.1386639353377515;0;15;25;2;1;2;13;24;5;17;0;5;12;4;23;3.7587757166354363
TRACK:841;832;-1;5;4;2;2;3;2;4;6;6;5;23;4.682037656716736;0;4;3;16;4;5;6;20;-6.2371690733299;5;0;0;5;2;1;22;2.415906064358871;13;5;20;3.743006248034432;6;4;3;16;3;1;3;4;14;2;1;8;22;-1.4304360695446245;2;14;16;0;5;5;1;3;0;5;10;2;18;24;1;5;6;22;-0.17089364031692209;1;2;12;15;0;12;20;-1.4419907128034877;5;3;0;2;2;0;16;14;2;24;21;-3.9661365969682736;1;0;25;23;4.0248096529649535;0;15;25;2;1;0;10;20;-8.896971427409126;5;17;0;5;12;4;23;4.0286427485359
TRACK:842;834;-1;5;4;2;2;3;2;4;6;4;22;-6.548447172098157;0;2;4;1;14;16;3;0;10;22;-8.230620902456666;4;5;6;20;-5.896828147639045;5;0;0;5;2;1;22;2.3830497091023064;8;5;20;3.9509476825453294;6;4;3;16;3;1;3;16;3;4;14;0;5;5;1;3;0;5;10;2;18;24;1;5;6;22;-0.2110189012977918;1;2;12;15;0;12;20;-3.185544380061835;5;3;0;2;2;0;16;14;2;24;21;-3.907603955149946;1;0;25;23;4.231926566526118;0;15;25;2;1;0;10;20;-9.023363759110335;5;17;0;5;12;4;23;3.9155688445059256
TRACK:843;836;-1;5;4;2;2;3;2;4;6;6;5;23;4.625447283609281;0;2;4;1;14;16;3;0;10;22;-8.236643881837415;4;5;6;20;-5.929424988491831;5;0;0;0;5;1;22;4.915205145538412;10;6;6;9;6;4;3;16;3;1;3;4;14;3;4;14;0;5;5;1;3;0;5;10;2;18;24;1;5;6;22;-0.3066427743136976;1;2;12;15;0;12;20;-3.1434514430596536;5;3;0;2;2;0;16;14;0;10;22;-7.944423170609134;1;0;25;23;3.9772858795101884;0;15;25;2;1;0;10;20;-9.0401018139123;5;17;0;5;12;4;23;4.046681411154186
TRACK:844;541;-1;5;4;2;2;3;2;4;6;6;5;23;4.574388658944695;0;2;4;1;14;16;3;0;10;22;-8.114402947517725;4;5;6;20;-5.941644050223093;5;0;0;5;2;1;22;2.3496109818357827;8;5;20;3.7496913848491973;6;4;3;16;3;1;3;4;14;2;1;8;16;2;14;16;0;5;5;1;3;0;5;10;2;18;24;1;5;6;22;-0.34123713251716103;1;2;15;15;0;12;20;-1.3349278482047178;5;3;0;2;2;0;16;14;2;24;21;-4.116075700315484;1;0;25;23;4.223306744019343;0;15;25;2;1;0;10;20;-8.765206250205988;5;17;0;5;12;4;23;4.163768765427487
TRACK:845;831;-1;5;4;2;2;3;2;4;2;2;14;22;4.623698640257101;2;22;1.3268021422464886;17;0;2;4;1;14;16;3;0;10;22;-8.262710010157337;4;5;0;16;14;5;0;0;5;2;1;22;2.206039927230786;13;5;20;3.955400191076716;6;4;3;16;3;1;3;4;14;2;1;8;16;2;14;16;0;5;5;1;3;0;16;2;18;24;1;5;6;22;-0.35789725188603144;1;2;12;15;0;12;20;-1.2839152663673428;5;3;0;2;2;0;16;14;2;24;21;-3.930791995021642;1;0;25;23;4.087321235759297;0;15;25;2;1;4;8;5;17;0;5;12;4;23;4.0043118774398625
TRACK:846;833;-1;5;4;2;2;3;2;4;6;6;5;17;0;2;1;2;20;-9.148061265972753;13;1;7;4.882068267961873;10;3;0;10;22;-7.991553903991618;4;5;6;20;-6.054020310305414;5;0;0;5;2;1;22;1.7933399314369296;8;5;20;3.9895884631314544;6;15;3;1;3;4;14;2;1;8;16;2;11;25;0;5;5;1;3;0;5;10;2;18;24;1;5;6;22;-0.21162757685190833;1;2;16;15;0;12;20;-1.2951888384430907;5;3;0;2;2;0;16;14;2;24;21;-3.7809398451161935;1;0;25;23;4.227380068397851;0;15;25;2;1;0;10;20;-8.555530501713909;5;17;0;5;12;4;23;3.997478746152666
TRACK:847;835;-1;5;4;2;2;3;2;4;6;6;5;17;0;2;1;2;20;-8.885608081621875;13;1;7;4.75513596028483;10;3;0;10;22;-8.173255114452864;4;2;25;19;5;0;0;5;2;1;22;1.774446707983818;8;5;20;4.036051299390855;6;4;3;16;3;1;3;4;14;2;1;8;16;2;14;16;0;5;5;1;3;0;4;23;3.8976629847160997;2;18;24;1;5;6;22;-0.309119826579435;1;2;16;15;0;12;20;-1.3387343160570406;5;3;0;2;2;0;16;14;2;24;21;-3.8021126534605987;1;0;25;23;4.2147875415187395;0;15;25;2;1;0;10;20;-8.621290179716652;5;17;0;5;12;4;23;4.063241699207828
TRACK:848;837;-1;5;4;2;2;2;2;0;16;14;2;24;21;-4.087816959090033;1;0;25;23;4.1018391115937805;0;15;25;5;0;0;5;2;1;22;2.0507772480510313;8;5;20;4.135825626973254;6;4;3;16;3;1;3;4;14;2;1;8;16;2;14;14;0;2;0;5;1;6;4;21;0.7400114618921521;0;5;10;5;8;0;4;0;4;21;-8.968962934939984;0;23;0.7414066832817472;21;7.326894245279011;1;2;3;21;3.152515439743924;2;22;2.4407493124704676;21;7.506785764072351;4;1;23;-5.204021401257657;14;20;4.871798882371367;5;3;0;2;2;0;16;14;2;24;21;-3.8241702845493166;1;0;25;23;4.132803607251426;0;15;25;2;1;2;13;24;5;17;0;5;12;4;23;3.8165931924714487
TRACK:849;800;-1;5;4;2;2;3;2;4;2;2;14;22;4.482040950529117;2;22;1.3006388774114845;17;0;2;4;1;14;16;3;0;10;22;-8.19859456238656;4;5;6;20;-6.407767314232674;5;0;0;5;2;2;17;22;-1.0109852875892642;5;20;3.9221138628516523;6;4;3;16;3;1;3;4;14;2;1;8;16;2;14;16;0;5;5;1;3;0;16;2;18;24;1;5;6;22;-0.3754640201398674;1;2;12;15;0;12;20;-1.22532585263827;5;3;0;2;2;0;16;14;2;24;21;-4.00343892640386;1;0;25;23;3.8798502335403597;0;15;25;2;1;0;10;20;-9.054591093777631;5;17;0;5;12;4;23;4.0321020202254
EVAL_INSTANCE:42:0:840
EVAL_INSTANCE:42:1:841
EVAL_INSTANCE:42:2:842
EVAL_INSTANCE:42:3:843
EVAL_INSTANCE:42:4:844
EVAL_INSTANCE:42:5:845
EVAL_INSTANCE:42:6:846
EVAL_INSTANCE:42:7:847
EVAL_INSTANCE:42:8:848
EVAL_INSTANCE:42:9:849
RUN_RESULT:42:0:0:1918:RRDDDDRULUURRDLDLURULDLURULULRDDLUURULRDRDRDRRRDULULUUUR
RUN_RESULT:42:1:0:2000:----
RUN_RESULT:42:2:0:2000:----
RUN_RESULT:42:3:0:2000:----
RUN_RESULT:42:4:0:2000:----
RUN_RESULT:42:5:0:1841:DDRRDDRUULURDRRULLLLLDLUUUDRRULDDRRRRRRDULULUUUR
RUN_RESULT:42:6:0:2000:----
RUN_RESULT:42:7:0:2000:----
RUN_RESULT:42:8:0:2000:----
RUN_RESULT:42:9:0:2000:----
    43 |      430 | -2.275700E+03 | -2.530000E+03
TRACK:850;809;783;5;4;2;2;3;2;4;6;6;5;23;4.555707460969536;0;2;4;1;14;16;3;0;10;22;-8.147251250280146;4;5;6;20;-5.855047913257604;5;0;0;5;2;1;22;2.2667263772436677;8;5;20;3.8841543001253336;6;4;3;16;3;1;3;4;14;3;4;14;0;5;5;1;3;0;5;10;2;18;24;1;5;6;22;-0.3038579382225963;1;2;12;15;0;12;20;-2.995456884472045;5;3;0;2;2;0;16;14;2;24;21;-3.950568193659308;1;0;25;23;4.088254081415784;0;15;25;2;1;0;10;20;-8.98982140828132;5;17;0;5;12;4;23;4.0513780985280805
TRACK:851;809;783;5;4;2;2;3;2;4;6;6;5;17;0;2;4;1;14;16;3;0;10;22;-7.789292928387063;4;5;6;20;-6.035289022820641;5;0;0;5;2;1;22;1.9541717832029089;8;5;20;3.93503074260502;6;4;3;16;3;1;3;4;14;2;1;8;16;2;14;14;0;5;5;1;3;0;5;10;2;18;24;1;5;6;22;-0.28545775255768013;1;2;12;15;0;12;20;-1.1938694867499555;5;3;0;2;2;0;16;14;2;24;14;1;0;25;23;4.045642892475423;0;15;25;2;1;2;13;24;5;17;0;5;12;4;23;3.9528027390990164
TRACK:852;802;765;5;4;2;2;3;2;23;4.237822928016267;0;2;4;1;14;16;3;0;10;22;-7.989519055688775;4;5;6;20;-6.069261588104474;5;0;0;5;2;1;22;2.0747423306934007;8;5;20;3.983006992437779;6;4;3;16;3;1;3;4;14;2;1;8;16;2;14;14;0;2;10;20;4.878128184407849;5;3;0;2;2;0;16;14;2;24;21;-3.8215327989564245;1;0;25;23;4.089791283911388;0;15;25;2;1;2;13;24;5;17;0;5;12;4;23;3.9101185789907937
TRACK:853;802;765;5;4;2;2;3;2;4;6;6;5;17;0;2;1;2;20;-9.153622153155105;13;1;7;4.7105222935329305;10;3;0;10;22;-8.048218599638156;4;5;6;20;-6.062166241792392;5;0;0;5;2;1;22;1.8661513766229876;8;5;20;4.086760033156352;6;4;3;16;3;1;3;4;14;2;1;8;16;2;14;16;0;5;5;1;3;0;5;10;2;18;24;1;5;6;22;-0.26593133982518846;1;2;16;15;0;12;20;-1.395856082295956;5;3;0;2;2;0;16;14;2;24;21;-3.8282048847382577;1;0;25;23;4.237822928016267;0;15;25;2;1;0;10;20;-8.674357891154948;5;17;0;5;12;4;17
TRACK:854;703;802;5;4;2;2;3;2;4;6;6;5;17;0;2;4;1;14;24;3;0;10;22;-8.03973925900643;4;5;6;20;-6.208725524415056;5;0;0;5;2;1;22;1.968376187255457;8;5;20;4.03442479006053;6;4;3;16;3;1;3;4;14;2;1;8;16;2;14;16;0;5;5;1;3;0;5;10;2;18;24;1;5;6;22;-0.2675461997052106;1;2;12;15;0;12;20;-1.3282259615619776;5;3;0;2;2;0;16;14;2;15;21;-3.928021728981914;1;0;25;23;4.098781155160972;0;15;25;2;1;0;10;20;-8.637483124125566;5;17;0;5;12;4;23;3.866105752123697
TRACK:855;703;802;5;4;2;2;3;2;4;6;6;5;17;0;2;4;1;14;16;3;0;10;22;-7.989519055688775;4;5;6;20;-6.069261588104474;5;0;0;5;2;25;5;20;3.983006992437779;6;4;3;16;3;1;3;4;14;2;1;8;16;2;14;14;0;2;10;20;4.878128184407849;5;3;0;2;2;0;16;14;2;24;21;-3.8215327989564245;1;0;25;23;4.089791283911388;0;15;25;2;1;2;13;24;5;17;0;5;12;4;23;3.9101185789907937
TRACK:856;809;541;5;4;2;2;3;2;4;6;6;5;23;4.555707460969536;0;2;4;1;14;16;3;0;10;22;-8.147251250280146;4;5;6;20;-5.855047913257604;5;0;0;5;2;1;22;2.2667263772436677;8;5;20;3.8841543001253336;6;4;3;16;3;1;3;4;14;3;4;14;0;5;5;1;3;0;5;10;2;18;24;1;5;6;22;-0.3038579382225963;1;2;12;15;0;12;20;-2.995456884472045;5;3;0;2;2;0;16;8;2;24;21;-3.950568193659308;1;0;25;23;4.088254081415784;0;15;25;2;1;0;10;20;-8.98982140828132;5;17;0;5;12;4;23;4.0513780985280805
TRACK:857;809;541;5;4;2;2;3;4;23;4.0513780985280805;5;0;0;5;2;1;22;2.293997500409279;8;5;20;3.833505343922444;6;4;3;16;3;1;3;4;14;2;1;8;16;2;14;16;0;5;5;1;3;0;5;10;2;18;24;1;5;6;22;-0.3732180226123776;1;2;12;15;0;12;20;-1.3534257284675084;5;3;0;2;2;0;16;14;2;24;21;-4.052882762482695;1;0;25;23;4.099655585095813;0;15;25;2;1;0;10;20;-8.833669579423384;5;17;0;5;12;4;23;4.026980726522545
TRACK:858;800;765;5;4;2;2;3;2;4;2;2;14;22;4.552987195718787;2;22;1.333359767681646;17;0;2;4;1;14;16;3;0;10;22;-8.173258151211037;4;5;6;20;-6.250852350330654;5;0;0;5;2;1;22;2.161296757940557;13;5;20;4.02035988069067;6;4;3;16;3;1;3;4;14;2;1;10;16;2;14;16;0;5;5;1;3;0;16;2;18;24;1;5;6;22;-0.34650684950773863;1;2;12;15;0;12;20;-1.2011380804545067;5;3;0;2;2;0;16;14;2;24;21;-4.005984857736273;1;0;25;23;3.9538435469972186;0;15;25;2;1;0;10;20;-8.977270530639236;5;17;0;5;12;4;23;4.041030212732304
TRACK:859;800;765;5;4;2;2;3;2;4;6;6;5;17;0;2;1;2;20;-9.153622153155105;13;1;7;4.7105222935329305;10;3;0;10;22;-8.048218599638156;4;5;6;20;-6.062166241792392;5;0;0;5;2;1;22;1.8661513766229876;8;12;6;4;3;16;3;1;3;4;14;2;1;8;16;2;14;16;0;5;5;1;3;0;5;10;2;18;24;1;5;6;22;-0.26593133982518846;1;2;16;15;0;12;20;-1.395856082295956;5;3;0;2;2;0;16;14;2;24;21;-3.8282048847382577;1;0;25;23;4.237822928016267;0;15;25;2;1;0;10;20;-8.674357891154948;5;17;0;5;12;4;23;3.9546017698975313
TRACK:860;850;-1;5;4;2;2;3;2;4;6;6;5;23;4.6314675831395276;0;2;4;1;14;16;3;0;10;22;-8.15870583940604;4;5;6;20;-5.736995436514229;5;0;0;5;2;1;22;2.29489177342033;8;5;20;3.7819101766829055;6;4;3;16;3;1;3;4;14;3;4;14;0;5;5;1;3;0;5;10;2;18;24;1;5;6;22;-0.17217410185698395;1;2;12;15;0;12;20;-3.1956381286051743;5;3;0;2;2;2;21;0.866516676245821;23;6.814367927685787;5;11;1;0;25;23;3.9982883296493843;0;15;25;2;1;0;10;20;-8.976652113739778;5;17;0;5;12;4;23;3.9126490085361105
TRACK:861;852;-1;5;4;2;2;3;2;23;4.068938462793072;0;4;18;4;5;6;20;-6.199669535460849;5;0;0;5;2;1;22;1.8464726016751052;8;5;20;4.0893657877058605;6;4;3;16;3;1;3;4;14;2;1;8;16;2;14;14;0;2;10;20;4.855502535095739;5;3;0;2;2;0;16;14;2;24;21;-3.768037967745048;1;0;25;23;4.046618531672004;0;15;25;2;1;2;13;24;5;17;0;5;12;4;23;3.912323877837401
TRACK:862;854;-1;5;4;2;2;3;2;4;6;6;5;17;0;2;4;1;14;24;3;0;10;22;-8.114963049717153;4;5;6;20;-6.152998195482937;5;0;0;5;2;1;22;1.903620350296734;8;5;20;4.129873604948573;6;4;3;16;3;1;3;4;14;2;1;8;16;2;14;16;0;5;5;1;3;0;5;10;2;18;24;1;5;6;22;-0.2363100124184913;1;2;12;15;0;12;20;-1.4572771094159107;5;3;0;2;2;0;22;2.4825768761590687;14;2;15;21;-3.970563902845323;1;0;25;23;3.989179342830641;0;15;25;2;1;0;10;20;-8.670339485414342;5;17;0;5;12;4;23;3.9299053609586565
TRACK:863;856;-1;5;4;2;2;3;2;4;6;6;5;23;4.475182950974128;0;2;4;1;14;16;3;0;10;22;-8.129441616624618;4;5;6;20;-5.960788311873498;5;0;0;5;2;1;22;2.2884957529986196;8;5;20;3.806173769849558;6;4;3;16;3;1;0;5;14;2;24;16;3;4;14;0;5;5;1;3;0;5;10;2;18;24;1;5;6;22;-0.23534316171947192;1;2;12;15;0;12;20;-3.1558124554544738;5;3;0;2;2;0;16;8;2;24;21;-3.9174220004631923;1;0;25;23;4.243539206143846;0;15;25;2;1;0;10;20;-9.175533328877496;5;17;0;5;12;4;23;3.9796760470885646
TRACK:864;858;-1;5;4;2;2;3;2;4;2;2;14;22;4.5191141033164035;2;22;1.4297645585858911;17;0;2;4;1;14;16;3;0;10;22;-7.973173025944287;4;5;6;20;-6.106444045899042;5;0;0;5;2;1;22;2.1881440098389344;13;5;20;4.239759246189358;6;4;3;16;3;1;3;4;14;2;1;10;16;2;14;16;0;5;5;1;3;0;16;2;18;24;1;5;6;22;-0.4316779412685324;1;2;12;15;0;12;20;-1.167177522426196;5;3;0;2;6;6;13;1;0;25;23;3.826825719308949;0;15;25;2;1;0;10;20;-8.898534150571098;5;17;0;5;12;4;23;4.207999520007759
TRACK:865;851;-1;5;4;2;2;3;2;4;6;6;5;17;0;2;4;1;14;16;3;0;10;22;-7.658747899812208;4;5;6;20;-6.187246165955778;5;0;0;5;2;1;22;1.9755357792566492;8;5;20;3.9858860564949996;6;4;4;25;3;1;3;4;14;2;1;8;16;2;14;14;0;5;5;1;3;0;5;10;2;18;24;1;5;6;22;-0.3151693472378265;1;2;12;15;0;12;20;-1.127542930001972;5;3;0;2;2;0;16;14;2;24;14;1;0;25;23;3.9817799052286067;0;15;25;2;1;2;13;24;5;17;0;5;12;4;23;3.8428089387259856
TRACK:866;853;-1;5;4;2;2;3;2;4;6;6;5;17;0;2;1;2;20;-9.221752329429593;13;1;7;4.823700236698769;10;3;0;10;22;-8.01189365904764;4;5;3;11;5;0;0;5;2;1;22;1.8420473693191184;8;5;20;4.184949129454611;6;4;3;16;3;1;3;4;14;2;1;8;16;2;14;16;0;5;5;1;3;0;5;10;2;18;24;1;5;6;22;-0.2938256407684555;1;2;16;15;0;12;20;-1.430523692580006;5;3;0;2;2;0;16;14;2;24;21;-3.7019190938295683;1;0;25;23;4.252407793300987;0;15;25;2;1;0;10;20;-8.724250825361086;5;17;0;5;12;4;17
TRACK:867;855;-1;5;4;2;2;3;2;4;6;6;5;17;0;2;4;1;14;16;3;0;10;22;-7.898367674910818;4;5;6;20;-6.102087867045244;5;0;0;5;2;25;5;20;3.8411441546944216;6;4;3;16;3;1;3;4;14;2;1;8;13;2;14;14;0;2;10;20;4.736103838869168;5;3;0;2;2;0;16;14;2;24;21;-4.036288784695879;1;0;25;23;4.091460067938467;0;15;25;2;1;2;13;24;5;17;0;5;12;4;23;3.9777359057842006
TRACK:868;857;-1;5;4;2;2;3;4;23;4.156314288208127;5;0;0;5;2;1;22;2.359811133608449;25;5;20;3.8002291281897684;6;4;3;16;3;1;3;4;14;2;1;8;16;2;14;16;0;5;5;1;3;0;5;10;2;18;24;1;5;6;22;-0.3084600222981105;1;2;12;15;0;12;20;-1.2806837154276713;5;3;0;2;2;0;16;14;2;24;21;-4.078731784730917;1;0;25;23;4.043522065856527;0;15;25;2;1;0;10;20;-8.697381807137456;5;17;0;5;12;4;23;3.9090692725662755
TRACK:869;859;-1;5;4;2;2;3;2;4;6;6;5;17;0;2;1;2;20;-9.10026794555854;13;1;7;4.677790196848919;10;3;0;10;22;-8.146932635534975;4;5;6;20;-6.072065362531429;5;0;0;5;2;1;22;1.800255234838398;8;12;6;4;3;16;3;1;3;4;14;2;1;8;16;2;14;16;0;5;5;1;3;0;5;10;2;18;24;1;5;6;22;-0.3830395300072446;1;2;16;15;0;12;20;-1.3978591985884323;5;3;0;2;2;0;16;14;2;24;21;-3.8869945036830362;1;0;25;23;4.2510209054504005;0;15;25;2;1;0;10;20;-8.656923090429602;5;17;0;5;12;0;7;-2.3545278068028246;19
EVAL_INSTANCE:43:0:860
EVAL_INSTANCE:43:1:861
EVAL_INSTANCE:43:2:862
EVAL_INSTANCE:43:3:863
EVAL_INSTANCE:43:4:864
EVAL_INSTANCE:43:5:865
EVAL_INSTANCE:43:6:866
EVAL_INSTANCE:43:7:867
EVAL_INSTANCE:43:8:868
EVAL_INSTANCE:43:9:869
RUN_RESULT:43:0:0:2000:----
RUN_RESULT:43:1:0:2000:----
RUN_RESULT:43:2:0:2000:----
RUN_RESULT:43:3:0:2000:----
RUN_RESULT:43:4:0:2000:----
RUN_RESULT:43:5:0:2000:----
RUN_RESULT:43:6:0:2000:----
RUN_RESULT:43:7:0:1319:RRDDDDRULUURRDLDLURULDLURULULRDDLUURULRDRDRDRRRDULULUUUR
RUN_RESULT:43:8:0:2000:----
RUN_RESULT:43:9:0:1213:RDRRRDRDRUDLLLDLUULURRLDDRRURULLLLLDLUUUDRRULRRRRUUR
    44 |      440 | -2.382400E+03 | -2.787000E+03
TRACK:870;867;765;5;4;2;2;3;2;4;6;6;5;17;0;2;4;1;14;16;3;0;10;22;-7.898367674910818;4;5;6;20;-6.102087867045244;5;0;0;5;2;3;16;5;20;3.8411441546944216;6;4;3;16;3;1;3;4;14;2;1;8;13;2;14;14;0;2;10;20;4.736103838869168;5;3;0;2;2;0;16;14;2;24;21;-4.036288784695879;1;0;25;23;4.091460067938467;0;15;25;2;1;2;13;24;5;17;0;5;12;4;23;3.9777359057842006
TRACK:871;867;765;5;4;2;2;3;2;4;6;6;5;17;0;2;1;2;20;-9.153622153155105;13;1;7;4.7105222935329305;10;3;0;10;22;-8.048218599638156;4;5;6;20;-6.062166241792392;5;0;0;5;25;6;4;3;16;3;1;3;4;14;2;1;8;16;2;14;16;0;5;5;1;3;0;5;10;2;18;24;1;5;6;22;-0.26593133982518846;1;2;16;15;0;12;20;-1.395856082295956;5;3;0;2;2;0;16;14;2;24;21;-3.8282048847382577;1;0;25;23;4.237822928016267;0;15;25;2;1;0;10;20;-8.674357891154948;5;17;0;5;12;4;23;3.9546017698975313
TRACK:872;802;800;5;4;2;2;3;2;4;6;25;0;2;4;1;14;16;3;0;10;22;-7.989519055688775;4;5;6;20;-6.069261588104474;5;0;0;5;2;1;22;2.0747423306934007;8;5;20;3.983006992437779;6;4;3;16;3;1;3;4;14;2;1;8;16;2;14;14;0;2;10;20;4.878128184407849;5;3;0;2;2;0;16;14;2;24;21;-3.8215327989564245;1;0;25;23;4.089791283911388;0;15;25;2;1;2;13;24;5;17;0;5;12;4;23;3.9101185789907937
TRACK:873;802;800;5;4;2;2;3;2;4;2;2;14;22;4.552987195718787;2;22;1.333359767681646;17;0;2;4;1;14;16;3;0;10;22;-8.173258151211037;4;5;6;20;-6.250852350330654;5;0;0;5;2;1;22;2.161296757940557;13;5;20;4.02035988069067;6;4;3;16;10;0;5;5;1;3;0;16;2;18;24;1;5;6;22;-0.34650684950773863;1;2;12;15;0;12;20;-1.2011380804545067;5;3;0;2;2;0;16;14;2;24;21;-4.005984857736273;1;0;25;23;3.9538435469972186;0;15;25;2;1;0;10;20;-8.977270530639236;5;17;0;5;12;4;23;4.041030212732304
TRACK:874;869;765;5;4;2;2;0;12;20;-1.395856082295956;5;0;0;5;2;1;22;1.800255234838398;8;12;6;4;3;16;3;1;3;4;14;2;1;8;16;2;14;16;0;5;5;1;3;0;5;10;2;18;24;1;5;6;22;-0.3830395300072446;1;2;16;15;0;12;20;-1.3978591985884323;5;3;0;2;2;0;16;14;2;24;21;-3.8869945036830362;1;0;25;23;4.2510209054504005;0;15;25;2;1;0;10;20;-8.656923090429602;5;17;0;5;12;0;7;-2.3545278068028246;19
TRACK:875;869;765;5;4;2;2;3;2;4;6;6;5;17;0;2;1;2;20;-9.153622153155105;13;1;7;4.7105222935329305;10;3;0;10;22;-8.048218599638156;4;5;6;20;-6.062166241792392;5;0;0;5;2;1;22;1.8661513766229876;8;5;20;4.086760033156352;6;4;3;16;3;1;3;4;14;2;1;8;16;2;14;16;0;5;5;1;2;1;8;16;2;14;16;1;5;6;22;-0.26593133982518846;1;2;16;15;0;12;20;-1.395856082295956;5;3;0;2;2;0;16;14;2;24;21;-3.8282048847382577;1;0;25;23;4.237822928016267;0;15;25;2;1;0;10;20;-8.674357891154948;5;17;0;5;12;4;23;3.9546017698975313
TRACK:876;800;809;5;4;2;2;3;2;4;2;2;14;22;4.552987195718787;2;22;1.333359767681646;17;0;2;4;1;14;16;3;0;10;17;4;5;6;20;-6.250852350330654;5;0;0;5;2;1;22;2.161296757940557;13;5;20;4.02035988069067;6;4;3;16;3;1;3;4;14;2;1;8;16;2;14;16;0;5;5;1;3;0;16;2;18;24;1;5;6;22;-0.34650684950773863;1;2;12;15;0;12;20;-1.2011380804545067;5;3;0;2;2;0;16;14;2;24;21;-4.005984857736273;1;0;25;23;3.9538435469972186;0;15;25;2;1;0;10;20;-8.977270530639236;5;17;0;5;12;4;23;4.041030212732304
TRACK:877;800;809;5;4;2;2;3;2;4;6;6;5;23;4.555707460969536;0;2;4;1;14;16;3;0;10;22;-8.147251250280146;4;5;6;20;-5.855047913257604;5;0;0;5;2;1;22;2.161296757940557;13;5;20;4.02035988069067;6;4;3;16;3;1;3;4;14;2;1;8;16;2;14;16;0;5;5;1;3;0;5;10;2;18;24;1;5;6;22;-0.3038579382225963;1;2;12;15;0;12;20;-2.995456884472045;5;3;0;2;2;0;16;14;2;24;21;-3.950568193659308;1;0;25;23;4.088254081415784;0;15;25;2;1;0;10;20;-8.98982140828132;5;17;0;5;12;4;23;4.0513780985280805
TRACK:878;867;869;5;4;2;2;3;2;4;6;6;5;17;0;2;4;1;14;16;3;0;10;22;-7.898367674910818;4;5;6;20;-6.102087867045244;5;0;0;5;2;25;5;20;3.8411441546944216;6;4;3;16;3;1;3;4;14;2;1;8;13;2;14;14;0;2;10;20;4.736103838869168;5;3;0;5;17;2;1;2;13;24;5;17;0;5;12;4;23;3.9777359057842006
TRACK:879;867;869;5;4;2;2;3;2;4;6;6;5;17;0;2;1;2;20;-9.10026794555854;13;1;7;4.677790196848919;10;3;0;10;22;-8.146932635534975;4;5;1;14;16;5;0;0;5;2;1;22;1.800255234838398;8;12;6;4;3;16;3;1;3;4;14;2;1;8;16;2;14;16;0;5;5;1;3;0;5;10;2;18;24;1;5;6;22;-0.3830395300072446;1;2;16;15;0;12;20;-1.3978591985884323;5;3;0;2;2;0;16;14;2;24;21;-3.8869945036830362;1;0;25;23;4.2510209054504005;0;15;25;2;1;0;10;20;-8.656923090429602;5;17;0;5;12;0;7;-2.3545278068028246;19
TRACK:880;870;-1;5;4;2;2;3;2;4;6;6;5;17;0;2;4;1;14;16;3;0;10;22;-7.691863242094517;4;5;6;20;-5.870979637593655;5;0;0;5;2;5;20;3.7600849885473497;5;20;3.9158322842753703;6;4;3;16;3;1;3;4;14;2;1;8;13;2;14;14;0;2;10;20;4.7333247307334405;5;3;0;2;2;0;16;14;2;24;21;-4.048025277748514;1;0;25;23;4.0102354272195;0;15;25;2;1;2;13;24;5;17;0;5;12;4;23;3.8341031733838284
TRACK:881;802;-1;5;4;2;2;3;2;4;6;6;5;17;0;2;4;1;14;16;3;0;10;22;-8.116981544500444;4;5;6;20;-6.125949684995223;5;0;0;5;2;1;22;2.090195884247165;8;5;20;4.006905618118752;6;4;3;16;3;1;3;4;14;2;1;8;16;2;14;14;0;2;10;20;5.011414476083018;5;3;0;2;2;0;16;14;2;24;21;-3.743260465954894;1;0;25;23;4.094371504034002;0;15;25;6;9
TRACK:882;874;-1;5;4;2;2;0;12;20;-1.3918418551441305;5;0;0;5;2;1;22;1.8171302781361327;8;12;6;4;3;16;3;1;3;4;14;2;1;8;16;2;14;16;0;5;5;1;3;0;5;10;2;18;24;1;5;6;22;-0.37541186953319483;1;2;16;15;0;12;20;-1.3231845548506578;5;3;0;2;2;0;16;14;2;24;21;-3.956475999180124;1;4;18;0;15;25;2;1;0;10;20;-8.73719658772923;5;17;0;5;12;0;7;-2.3003572110412835;19
TRACK:883;876;-1;5;4;2;2;3;2;4;2;2;14;22;4.613473932551492;2;22;1.2828931088908138;17;0;2;4;1;14;16;3;0;10;17;4;5;6;20;-6.349452476884242;5;0;0;4;23;9.205209629949401;6;4;3;16;3;1;3;4;14;2;1;8;16;2;14;16;0;5;5;1;3;0;16;2;18;24;1;5;6;22;-0.43936910860727574;1;2;12;15;0;12;20;-1.1797235978831377;5;3;0;2;2;0;16;14;2;24;21;-3.9345354030463437;1;0;25;23;3.848323415747714;0;15;25;2;1;0;10;20;-8.773682843185405;5;17;0;5;12;4;23;3.9595129616254825
TRACK:884;867;-1;5;4;2;2;3;2;4;6;6;5;17;0;2;4;1;14;16;3;0;10;22;-8.091935093976554;4;5;6;20;-6.093059349513019;5;0;0;5;2;25;5;20;3.9645121542626156;6;4;3;16;3;1;3;4;14;6;6;11;0;2;10;20;4.749752459570718;5;3;0;2;2;0;16;14;2;24;21;-4.040658632551861;1;0;25;23;3.978251306944298;0;15;25;2;1;2;13;24;5;17;0;5;12;4;23;3.8884821877722047
TRACK:885;871;-1;5;4;2;2;3;0;3;9;6;11;5;0;0;5;25;6;4;3;16;3;1;3;4;14;2;1;8;16;2;14;16;0;5;5;1;3;0;5;10;2;18;24;1;5;6;22;-0.26018840906408;1;2;16;15;0;12;20;-1.2680881340873795;5;3;0;2;2;0;16;14;2;24;21;-3.714907330579676;1;0;25;23;4.312039972408951;0;15;25;2;1;0;10;20;-8.494478759970738;5;17;0;5;12;4;23;3.9344957946842563
TRACK:886;800;-1;5;4;2;2;3;2;4;0;6;17;2;21;-1.3003575069356188;23;8.69124348934433;0;2;4;1;14;16;3;0;10;22;-8.20915683389095;4;5;6;20;-6.420512212600008;5;0;0;5;2;1;22;2.1472096203612883;13;5;20;3.9758163097126213;6;4;3;16;3;1;3;4;14;2;1;8;16;2;14;16;0;5;5;1;3;0;16;2;18;24;1;5;6;22;-0.4130135307875257;1;2;12;15;0;12;20;-1.229952892569686;5;3;0;2;2;0;16;14;2;24;21;-4.13827979069998;1;0;25;23;3.9951144798306966;0;15;25;2;1;0;10;20;-9.109234484190248;5;17;0;5;12;4;23;4.093395685900617
TRACK:887;875;-1;5;4;2;2;3;2;4;6;6;5;17;0;2;1;2;20;-9.168100069349997;13;1;7;4.5772148362325975;10;3;0;10;22;-7.884877784444682;4;5;6;20;-5.985726582579113;1;3;3;0;4;0;12;23;-4.2227123119516214;0;1;13;16;1;24;11;2;5;0;5;0;9;19;6;1;14;10;6;6;0;6;22;-8.022791666653916;3;7;-3.2719067016051895;0;5;5;1;2;1;8;16;2;14;16;1;5;6;22;-0.24045838721374194;1;2;16;15;0;12;20;-1.254639787672032;5;3;0;2;2;0;16;14;2;24;21;-3.9859265274485773;1;0;25;23;4.236465443970166;0;15;25;2;1;0;10;20;-8.719326488109676;5;17;0;5;12;4;23;3.914432627887938
TRACK:888;877;-1;5;4;2;2;3;2;4;6;6;5;23;4.480402673585071;0;2;4;1;14;16;3;0;10;22;-8.050359845096349;4;5;6;20;-5.797130141918435;5;0;0;5;2;1;22;1.9811679101347996;13;5;20;4.152888173245739;6;4;3;16;3;1;3;4;14;2;1;8;16;2;14;16;0;5;5;1;3;0;5;10;2;18;24;1;5;3;14;1;2;12;15;0;12;20;-2.9330373380533015;5;3;0;2;2;0;16;14;2;24;21;-4.0424159031666145;1;0;25;23;4.18021570739895;0;15;25;2;1;0;10;20;-8.829757598669689;5;17;0;5;12;4;23;4.05204555543386
TRACK:889;869;-1;5;4;2;2;3;2;4;6;6;5;17;0;2;1;2;20;-9.109297451713093;13;1;7;4.691949341779039;10;3;0;10;22;-8.236245232500359;4;5;6;20;-6.049475007687304;5;0;0;5;2;1;22;1.9894978567522055;8;12;6;4;3;16;3;1;3;4;14;2;1;8;16;2;14;16;0;5;5;1;3;0;5;10;2;18;24;1;5;6;22;-0.4071488706885959;1;2;16;15;0;12;20;-1.4208274705510513;3;5;4;2;6;2;20;7.5847004114050804;25;6;3;20;-8.780266677866091
EVAL_INSTANCE:44:0:880
EVAL_INSTANCE:44:1:881
EVAL_INSTANCE:44:2:882
EVAL_INSTANCE:44:3:883
EVAL_INSTANCE:44:4:884
EVAL_INSTANCE:44:5:885
EVAL_INSTANCE:44:6:886
EVAL_INSTANCE:44:7:887
EVAL_INSTANCE:44:8:888
EVAL_INSTANCE:44:9:889
RUN_RESULT:44:0:0:2000:----
RUN_RESULT:44:1:0:2000:----
RUN_RESULT:44:2:0:2000:----
RUN_RESULT:44:3:0:2000:----
RUN_RESULT:44:4:0:1955:RRDDDDRULUURRDLDLURULDLURULULRDDLUURULRDRDRDRRRDULULUUUR
RUN_RESULT:44:5:0:2000:----
RUN_RESULT:44:6:0:2000:----
RUN_RESULT:44:7:0:2000:----
RUN_RESULT:44:8:0:2000:----
RUN_RESULT:44:9:0:2000:----
    45 |      450 | -2.382400E+03 | -2.787000E+03
TRACK:890;564;765;5;4;2;2;3;2;4;6;6;5;17;0;2;4;1;14;16;3;0;10;22;-7.951486317612517;4;5;6;20;-6.176365875572365;5;0;0;5;2;1;22;2.128768068573652;8;5;20;4.0671351913217855;6;4;3;16;3;1;3;4;14;2;1;20;-9.153622153155105;16;2;14;16;0;5;5;1;3;0;5;10;2;18;24;1;5;6;22;-0.3617615423215105;1;2;12;15;0;12;20;-1.2451040357400984;5;3;0;2;2;0;16;14;2;24;21;-3.9849181986720295;1;0;25;23;4.0198765552912;0;15;25;2;1;0;10;20;-8.713611281954353;5;17;0;5;12;4;23;3.9301318243159726
TRACK:891;564;765;5;4;2;2;0;10;22;-7.951486317612517;5;0;0;5;2;1;22;1.8661513766229876;8;5;20;4.086760033156352;6;4;3;16;3;1;3;4;14;2;1;8;16;2;14;16;0;5;5;1;3;0;5;10;2;18;24;1;5;6;22;-0.26593133982518846;1;2;16;15;0;12;20;-1.395856082295956;5;3;0;2;2;0;16;14;2;24;21;-3.8282048847382577;1;0;25;23;4.237822928016267;0;15;25;2;1;0;10;20;-8.674357891154948;5;17;0;5;12;4;23;3.9546017698975313
TRACK:892;800;867;5;4;2;2;3;2;4;2;2;14;22;4.552987195718787;2;14;17;0;2;4;1;14;16;3;0;10;22;-8.173258151211037;4;5;6;20;-6.250852350330654;5;0;0;5;2;1;22;2.161296757940557;13;5;20;4.02035988069067;6;4;3;16;3;1;3;4;14;2;1;8;16;2;14;16;0;5;5;1;3;0;16;2;18;24;1;5;6;22;-0.34650684950773863;1;2;12;15;0;12;20;-1.2011380804545067;5;3;0;2;2;0;16;14;2;24;21;-4.005984857736273;1;0;25;23;3.9538435469972186;0;15;25;2;1;0;10;20;-8.977270530639236;5;17;0;5;12;4;23;4.041030212732304
TRACK:893;800;867;5;4;2;2;3;2;4;6;6;5;17;0;2;4;1;14;16;3;0;10;22;-7.898367674910818;4;5;6;20;-6.102087867045244;5;0;0;5;2;25;5;20;3.8411441546944216;6;4;3;16;3;1;3;4;14;2;1;8;13;2;14;14;0;2;10;20;4.736103838869168;5;3;0;2;2;0;16;14;2;24;21;-4.036288784695879;1;0;25;22;1.333359767681646;0;15;25;2;1;2;13;24;5;17;0;5;12;4;23;3.9777359057842006
TRACK:894;869;765;5;4;2;2;3;2;4;6;6;5;17;0;2;1;2;20;-9.10026794555854;13;1;7;4.677790196848919;10;3;0;10;22;-8.146932635534975;4;5;6;20;-6.072065362531429;5;0;0;4;23;3.9546017698975313;6;4;3;16;3;1;3;4;14;2;1;8;16;2;14;16;0;5;5;1;3;0;5;10;2;18;24;1;5;6;22;-0.3830395300072446;1;2;16;15;0;12;20;-1.3978591985884323;5;3;0;2;2;0;16;14;2;24;21;-3.8869945036830362;1;0;25;23;4.2510209054504005;0;15;25;2;1;0;10;20;-8.656923090429602;5;17;0;5;12;0;7;-2.3545278068028246;19
TRACK:895;869;765;5;4;2;2;3;2;4;6;6;5;17;0;2;1;2;20;-9.153622153155105;13;1;7;4.7105222935329305;10;3;0;10;22;-8.048218599638156;4;5;6;20;-6.062166241792392;5;0;0;5;2;1;22;1.8661513766229876;8;5;20;4.086760033156352;6;4;3;16;3;1;3;4;14;2;1;8;16;2;14;16;0;5;5;1;21;-3.8869945036830362;1;5;6;22;-0.26593133982518846;1;2;16;15;0;12;20;-1.395856082295956;5;3;0;2;2;0;16;14;2;24;21;-3.8282048847382577;1;0;25;23;4.237822928016267;0;15;25;2;1;0;10;20;-8.674357891154948;5;17;0;5;12;4;23;3.9546017698975313
TRACK:896;867;869;5;4;2;2;3;2;4;6;6;5;17;0;2;12;3;0;10;22;-7.898367674910818;4;5;6;20;-6.102087867045244;5;0;0;5;2;25;5;20;3.8411441546944216;6;4;3;16;3;1;3;4;14;2;1;8;13;2;14;14;0;2;10;20;4.736103838869168;5;3;0;2;2;0;16;14;2;24;21;-4.036288784695879;1;0;25;23;4.091460067938467;0;15;25;2;1;2;13;24;5;17;0;5;12;4;23;3.9777359057842006
TRACK:897;867;869;5;4;2;2;3;2;4;6;6;5;17;0;2;1;2;20;-9.10026794555854;13;1;7;4.677790196848919;10;3;0;10;22;-8.146932635534975;4;5;6;20;-6.072065362531429;5;0;16;3;1;3;4;14;2;1;8;16;2;14;16;0;5;5;1;3;0;5;10;2;18;24;1;5;6;22;-0.3830395300072446;1;2;16;15;0;12;20;-1.3978591985884323;5;3;0;2;2;0;16;14;2;24;21;-3.8869945036830362;1;0;25;23;4.2510209054504005;0;15;25;2;1;0;10;20;-8.656923090429602;5;17;0;5;12;0;7;-2.3545278068028246;19
TRACK:898;802;800;5;4;2;2;3;2;4;6;6;5;17;0;2;4;1;14;16;3;0;10;22;-7.989519055688775;4;5;6;20;-6.069261588104474;5;0;0;5;2;1;22;2.0747423306934007;8;5;20;3.983006992437779;6;4;3;16;3;1;3;4;14;2;1;8;16;2;14;14;0;2;10;20;4.878128184407849;5;3;0;2;2;0;16;14;2;24;21;-3.8215327989564245;1;0;25;23;4.089791283911388;0;15;25;2;17;0;5;12;4;23;3.9101185789907937
TRACK:899;802;800;5;4;2;2;3;2;4;2;2;14;22;4.552987195718787;2;22;1.333359767681646;17;0;2;4;1;14;16;3;0;10;22;-8.173258151211037;4;5;6;20;-6.250852350330654;5;0;0;5;2;1;22;2.161296757940557;13;5;20;4.02035988069067;6;4;3;16;3;1;3;4;14;2;1;8;16;2;14;16;0;5;5;1;3;0;16;2;18;24;1;5;6;22;-0.34650684950773863;1;2;12;15;0;12;14;5;3;0;2;2;0;16;14;2;24;21;-4.005984857736273;1;0;25;23;3.9538435469972186;0;15;25;2;1;0;10;20;-8.977270530639236;5;17;0;5;12;4;23;4.041030212732304
TRACK:900;890;-1;5;4;2;2;3;2;4;6;6;5;17;0;2;4;1;14;16;3;0;10;22;-8.064206533714481;4;5;6;20;-6.178760742065248;5;0;0;5;2;1;22;2.178837698687269;8;5;20;3.9289636055169392;6;4;3;16;3;1;3;4;14;2;1;20;-9.354905901575878;16;2;14;16;0;5;5;1;3;0;5;10;2;18;24;1;5;6;22;-0.25721724655039885;1;2;12;15;0;12;20;-1.0329176782136777;5;3;0;2;2;0;16;14;2;24;21;-4.201109072834298;1;0;25;23;3.996768289781517;0;15;25;2;1;0;10;15;5;17;0;5;12;4;23;4.045424545836733
TRACK:901;892;-1;5;4;1;6;2;3;0;4;2;5;19;5;10;0;3;0;12;24;6;6;23;9.638566118815383;3;1;5;4;5;15;5;4;3;14;2;6;5;4;3;6;4;13;0;0;4;1;6;3;21;4.66155877093064;0;1;8;18;3;12;5;1;4;4;17;4;5;17;4;4;6;6;4;19
TRACK:902;894;-1;5;4;2;2;3;2;4;6;6;5;17;0;2;1;2;20;-9.152939749128121;13;1;7;4.630893725759836;10;3;0;10;22;-8.152336327509976;4;5;6;20;-6.081713230549801;5;0;0;4;0;2;22;-5.880675425538926;20;5.161735831317403;4;10;6;4;3;16;3;1;3;4;14;2;1;8;16;2;14;16;0;5;5;1;3;0;5;10;2;18;24;1;5;6;22;-0.29676479051482685;1;2;16;15;0;12;20;-1.4533665046936963;5;3;0;2;2;0;16;14;2;24;21;-3.8514119000615685;1;0;25;23;4.247482737642338;0;15;25;2;1;0;10;20;-8.599288999069719;5;17;0;5;12;0;7;-2.3598273153766076;19
TRACK:903;896;-1;5;4;2;2;3;2;4;6;6;5;17;0;2;12;3;0;10;22;-7.755997467801809;4;5;6;20;-6.248888420817028;5;0;0;5;2;25;5;20;3.9598252174873583;6;4;3;16;3;1;3;4;14;2;1;8;13;2;14;14;0;2;10;20;4.605515550685684;5;3;0;2;2;0;16;14;2;24;21;-3.9549335066393088;1;0;25;20;2.243834444770858;0;15;25;2;1;2;13;24;5;17;0;5;12;4;23;3.851378808729976
TRACK:904;898;-1;5;4;2;2;3;2;4;6;6;5;17;0;5;6;6;23;3.0951577936192702;4;5;6;20;-6.12261462676055;5;0;0;5;2;1;22;2.067839832893257;8;5;20;4.041065302405005;6;4;3;16;3;1;3;4;14;2;1;8;16;2;14;14;0;2;10;20;4.994352267073103;5;3;0;2;2;0;16;14;2;24;21;-3.9422085050059037;1;0;25;23;4.006186405910986;0;15;25;2;17;0;5;12;4;23;3.9812473434220683
TRACK:905;891;-1;5;4;2;2;0;10;22;-8.012465447731497;5;0;5;23;-4.602527709396043;3;1;3;4;14;2;1;8;16;2;14;16;0;5;5;1;3;0;5;10;2;18;24;1;5;6;22;-0.31641119657395467;1;2;16;15;0;12;20;-1.4401009441359809;5;3;0;2;2;0;16;14;2;24;21;-3.950949983657635;1;0;25;23;4.14906554437485;0;15;25;2;1;0;10;20;-8.87376627000524;5;17;0;5;12;4;23;3.8353182383641595
TRACK:906;893;-1;5;4;2;2;3;2;4;6;6;5;17;0;2;4;1;14;16;3;0;10;22;-7.847846369055254;4;5;6;18;5;0;0;5;2;25;5;20;3.727154014824056;6;4;3;16;3;1;3;4;14;2;1;8;13;2;14;14;0;2;10;20;4.652044412106357;5;3;0;2;2;0;16;14;2;24;21;-4.024774332967148;1;0;25;22;1.270827603038984;0;15;25;2;1;2;13;24;5;17;0;5;12;4;23;4.046509786327536
TRACK:907;895;-1;5;4;2;2;3;2;4;6;6;5;17;0;2;1;2;20;-9.074999371030387;13;1;7;4.732500301266697;10;3;0;10;22;-8.0078122177715;4;5;6;20;-6.057653009921539;5;0;0;5;2;1;22;1.945897707613583;8;5;20;4.295290094869301;6;4;3;16;3;1;3;4;14;2;1;8;16;2;14;16;0;5;5;1;21;-3.9166283737915872;1;5;6;22;-0.2275279894696661;1;2;16;15;0;12;20;-1.5358175075138167;5;3;0;2;2;0;16;14;2;24;21;-3.8598050225397786;1;0;25;23;4.365934355851721;0;15;25;2;1;0;10;20;-8.655956292907794;5;17;3;2;19;25
TRACK:908;897;-1;5;4;2;2;3;2;4;6;6;5;17;0;2;1;2;20;-9.08309221339026;13;1;7;4.8109374833181535;10;3;0;10;22;-8.237774468029016;4;5;6;20;-6.092477463737584;5;0;1;2;3;22;-7.321253460484476;6;10;6;1;13;22;1.9114408440457993;3;1;3;4;14;2;1;8;16;2;14;16;0;5;5;1;3;0;5;10;2;18;24;1;5;6;22;-0.1360236905139081;1;2;16;15;0;12;20;-1.430190021340093;5;3;0;2;2;0;16;14;2;24;21;-3.7584325131263068;1;0;25;23;4.345295782366479;0;15;25;2;1;0;10;20;-8.671262681816838;5;17;0;5;12;0;7;-2.4745517893383155;19
TRACK:909;899;-1;5;4;2;2;3;2;4;2;2;14;22;4.6103791491838155;2;22;1.35971818685027;17;0;2;4;1;14;16;3;0;10;22;-8.180063136397926;4;5;6;20;-6.395125374100935;5;0;0;5;2;1;22;2.3670460808739806;13;5;20;4.029341225560594;6;4;3;16;3;1;3;4;14;2;1;8;16;2;14;16;0;1;3;1;12;21;-3.8438745603765145;3;4;12;5;3;0;2;2;0;16;14;2;24;21;-4.064609766853184;1;0;25;23;3.8764884959309187;0;15;25;2;1;0;10;20;-9.019394487857058;5;17;0;5;12;4;23;4.137789886741813
EVAL_INSTANCE:45:0:900
EVAL_INSTANCE:45:1:901
EVAL_INSTANCE:45:2:902
EVAL_INSTANCE:45:3:903
EVAL_INSTANCE:45:4:904
EVAL_INSTANCE:45:5:905
EVAL_INSTANCE:45:6:906
EVAL_INSTANCE:45:7:907
EVAL_INSTANCE:45:8:908
EVAL_INSTANCE:45:9:909
RUN_RESULT:45:0:0:1822:DDRRDDRURULDLURULLLDLUUUDRRULRRRRUUR
RUN_RESULT:45:1:0:2000:----
RUN_RESULT:45:2:0:2000:----
RUN_RESULT:45:3:0:2000:----
RUN_RESULT:45:4:0:2000:----
RUN_RESULT:45:5:0:2000:----
RUN_RESULT:45:6:0:2000:----
RUN_RESULT:45:7:0:2000:----
RUN_RESULT:45:8:0:2000:----
RUN_RESULT:45:9:0:2000:----
    46 |      460 | -2.382400E+03 | -2.787000E+03
TRACK:910;809;867;5;4;2;2;3;2;4;6;6;5;23;4.555707460969536;0;2;4;1;14;16;3;0;10;22;-8.147251250280146;4;5;23;4.091460067938467;5;0;0;5;2;1;22;2.2667263772436677;8;5;20;3.8841543001253336;6;4;3;16;3;1;3;4;14;3;4;14;0;5;5;1;3;0;5;10;2;18;24;1;5;6;22;-0.3038579382225963;1;2;12;15;0;12;20;-2.995456884472045;5;3;0;2;2;0;16;14;2;24;21;-3.950568193659308;1;0;25;23;4.088254081415784;0;15;25;2;1;0;10;20;-8.98982140828132;5;17;0;5;12;4;23;4.0513780985280805
TRACK:911;809;867;5;4;2;2;3;2;4;6;6;5;17;0;2;4;1;14;16;3;0;10;22;-7.898367674910818;4;5;6;20;-6.102087867045244;5;0;0;5;2;25;5;20;3.8411441546944216;6;4;3;16;3;1;3;4;14;2;1;8;13;2;14;14;0;2;10;20;4.736103838869168;5;3;0;2;2;0;20;-5.855047913257604;14;2;24;21;-4.036288784695879;1;0;25;23;4.091460067938467;0;15;25;2;1;2;13;24;5;17;0;5;12;4;23;3.9777359057842006
TRACK:912;800;783;5;4;2;2;3;2;4;2;2;14;22;4.552987195718787;2;22;1.333359767681646;17;0;2;4;1;14;16;3;0;10;22;-8.173258151211037;4;5;6;20;-6.250852350330654;5;0;0;5;2;1;22;2.161296757940557;13;5;20;4.02035988069067;6;4;3;16;3;1;3;4;14;2;1;8;16;2;14;16;0;5;5;1;3;0;16;2;18;24;1;5;6;22;-0.34650684950773863;6;5;17;5;3;0;2;2;0;16;14;2;24;21;-4.005984857736273;1;0;25;23;3.9538435469972186;0;15;25;2;1;0;10;20;-8.977270530639236;5;17;0;5;12;4;23;4.041030212732304
TRACK:913;800;783;5;4;2;2;3;2;4;6;6;5;17;0;2;4;1;14;16;3;0;25;22;-7.789292928387063;4;5;6;20;-6.035289022820641;5;0;0;5;2;1;22;1.9541717832029089;8;5;20;3.93503074260502;6;4;3;16;3;1;3;4;14;2;1;8;16;2;14;14;0;5;5;1;3;0;5;10;2;18;24;1;5;6;22;-0.28545775255768013;1;2;12;15;0;12;20;-1.1938694867499555;5;3;0;2;2;0;16;14;2;24;21;-3.8495411611156785;1;0;25;23;4.045642892475423;0;15;25;2;1;2;13;24;5;17;0;5;12;4;23;3.9528027390990164
TRACK:914;869;809;5;4;2;2;3;2;4;6;6;5;17;0;2;1;2;20;-9.10026794555854;13;1;7;4.677790196848919;10;3;0;10;22;-8.146932635534975;4;5;6;20;-6.072065362531429;5;0;0;5;2;1;22;1.800255234838398;8;12;6;4;3;16;3;1;3;4;14;2;1;8;16;2;14;16;0;5;5;1;3;0;5;10;2;18;24;20;3.8841543001253336;5;3;0;2;2;0;16;14;2;24;21;-3.8869945036830362;1;0;25;23;4.2510209054504005;0;15;25;2;1;0;10;20;-8.656923090429602;5;17;0;5;12;0;7;-2.3545278068028246;19
TRACK:915;869;809;5;4;2;2;3;2;4;6;6;5;23;4.555707460969536;0;2;4;1;14;16;3;0;10;22;-8.147251250280146;4;5;6;20;-5.855047913257604;5;0;0;5;2;1;22;2.2667263772436677;8;5;20;3.8841543001253336;6;4;3;16;3;1;3;4;14;3;4;14;0;5;5;1;3;0;5;10;2;18;24;1;5;6;22;-0.3038579382225963;1;2;12;15;0;12;20;-2.995456884472045;5;3;0;2;2;6;22;-0.3830395300072446;2;24;21;-3.950568193659308;1;0;25;23;4.088254081415784;0;15;25;2;1;0;10;20;-8.98982140828132;5;17;0;5;12;4;23;4.0513780985280805
TRACK:916;802;765;5;4;2;2;3;2;4;6;6;5;17;0;2;4;1;14;16;3;0;10;22;-7.989519055688775;4;5;6;20;-6.069261588104474;5;0;0;5;2;1;22;2.0747423306934007;8;5;20;3.983006992437779;6;4;3;16;14;0;2;10;20;4.878128184407849;5;3;0;2;2;0;16;14;2;24;21;-3.8215327989564245;1;0;25;23;4.089791283911388;0;15;25;2;1;2;13;24;5;17;0;5;12;4;23;3.9101185789907937
TRACK:917;802;765;5;4;2;2;3;2;4;6;6;5;17;0;2;1;2;20;-9.153622153155105;13;1;7;4.7105222935329305;10;3;0;10;22;-8.048218599638156;4;5;6;20;-6.062166241792392;5;0;0;5;2;1;22;1.8661513766229876;8;5;20;4.086760033156352;6;4;3;16;3;1;3;4;14;2;1;8;16;2;14;16;0;5;5;1;3;0;5;10;2;18;24;1;5;6;22;-0.26593133982518846;1;2;16;15;0;12;20;-1.395856082295956;5;3;0;2;2;0;16;23;4.089791283911388;2;24;21;-3.8282048847382577;1;0;25;23;4.237822928016267;0;15;25;2;1;0;10;20;-8.674357891154948;5;17;0;5;12;4;23;3.9546017698975313
TRACK:918;867;869;5;4;2;2;3;2;4;6;6;5;17;0;2;4;1;14;16;3;0;10;22;-7.898367674910818;4;5;6;20;-6.102087867045244;5;0;0;5;2;25;5;20;3.8411441546944216;6;4;3;16;3;1;3;4;14;2;1;8;13;2;14;14;0;2;10;20;4.736103838869168;5;3;0;2;2;0;16;14;2;24;21;-4.036288784695879;1;0;25;23;4.091460067938467;0;15;25;2;1;2;13;24;5;17;13
TRACK:919;867;869;5;4;2;2;3;2;4;6;6;5;17;0;2;1;2;20;-9.10026794555854;13;1;7;4.677790196848919;10;3;0;10;22;-8.146932635534975;4;5;6;20;-6.072065362531429;5;0;0;5;2;1;22;1.800255234838398;8;12;6;4;3;16;3;1;3;4;14;2;1;8;16;2;14;16;0;5;5;1;3;0;5;10;2;18;24;1;5;6;22;-0.3830395300072446;1;2;16;15;0;12;20;-1.3978591985884323;5;3;0;2;2;6;20;-6.102087867045244;2;24;21;-3.8869945036830362;1;0;25;23;4.2510209054504005;0;15;25;2;1;0;10;20;-8.656923090429602;5;17;0;5;12;0;7;-2.3545278068028246;19
TRACK:920;910;-1;5;4;2;2;3;2;4;6;6;5;23;4.687997679959236;0;2;4;1;14;16;3;0;10;22;-8.230699545626392;4;5;23;3.990812402853886;5;0;0;5;2;1;22;2.3727274504752827;8;5;20;3.7947450873531516;6;4;3;16;3;1;3;4;14;3;4;14;0;5;5;1;3;0;5;10;2;16;24;1;5;6;22;-0.34254024426210583;1;2;12;15;0;12;20;-2.941412276768338;5;3;0;2;2;0;16;14;2;24;21;-3.8838731326237443;1;0;25;23;4.142920008013235;0;15;25;2;1;0;10;20;-8.975776223874776;5;17;0;5;12;4;23;4.062786653425329
TRACK:921;912;-1;5;4;2;2;3;2;4;2;2;14;22;4.462379333289565;2;22;1.1837467071420305;17;0;2;4;1;14;16;3;0;10;22;-8.129296670881354;4;5;6;20;-6.3950476796417455;5;0;0;5;2;1;22;2.103182656646445;13;5;20;4.075266490319903;6;4;3;16;3;1;3;4;14;2;1;8;16;2;14;16;0;5;5;1;3;0;16;2;18;24;1;5;6;22;-0.4242017190073809;6;5;17;5;3;0;2;2;0;16;14;2;24;21;-3.895772906345721;1;0;25;23;3.935188542697807;0;15;25;2;1;0;10;20;-8.70838469817419;5;17;0;5;12;4;24
TRACK:922;914;-1;5;4;0;2;0;1;4;2;3;15;6;20;5.648091869225748;3;6;3;17;1;2;3;0;7;0.7727978883607971;16;4;3;10;3;4;2;25;17;1;4;1;3;1;24;21;-4.501030024647086;0;5;20;-7.816806497415958;4;14;0;4;2;6;20;2.2054946915841853;6;7;6.859751071831141;0;5;4;24;0;4;15;3;10;3;0;4;1;2;0;25;25;0;10;10;6;5;17;3;6;2;1;17;12;4;18
TRACK:923;916;-1;5;4;2;2;3;2;4;6;6;5;17;0;2;4;1;14;16;3;0;10;22;9.292210937061046;4;5;6;20;-5.851164461053074;5;0;0;5;2;1;22;2.1216412917673444;8;5;20;4.003860472705314;6;4;3;16;14;0;2;10;20;5.080273129874695;5;3;0;2;2;0;16;14;2;24;21;-3.796839288102606;1;0;25;23;4.156701824089024;0;15;25;2;1;2;13;24;5;17;0;5;12;4;23;3.876335539316629
TRACK:924;918;-1;5;4;2;2;3;2;4;6;6;5;17;0;2;4;1;14;16;3;0;10;22;-7.917305254444541;4;5;6;20;-6.352201964307698;5;0;0;5;2;25;5;20;3.8358301265013153;6;4;3;16;3;1;3;4;14;2;6;22;5.318944636216889;2;14;14;0;2;10;20;4.8135797388869115;5;3;0;2;2;0;16;14;2;24;21;-4.186702210228677;1;0;25;23;4.123708556860956;0;15;25;2;1;2;13;24;5;17;13
TRACK:925;911;-1;5;4;2;2;3;2;4;6;6;5;17;0;2;4;1;14;16;3;0;10;22;-7.910684276909418;4;5;6;20;-6.168098668541765;5;0;0;5;2;25;5;20;3.836697603870836;6;4;3;16;3;1;3;4;14;2;1;8;13;2;14;14;0;2;10;20;4.8596143648688255;5;3;0;2;2;0;20;-5.959445922271474;14;2;24;21;-4.032053430249127;1;0;25;23;4.343451541858329;0;15;25;2;1;2;13;24;5;17;0;5;12;4;23;3.942288475949696
TRACK:926;913;-1;5;4;2;2;3;2;4;6;6;5;17;0;2;4;1;14;16;3;0;25;22;-7.825963486529256;4;5;6;20;-5.997506185239229;5;0;0;5;2;1;22;1.95264463401004;8;5;20;3.8849960986275867;6;4;3;16;3;1;3;4;14;2;1;8;16;2;14;14;0;5;5;1;3;0;5;10;2;18;24;1;5;6;22;-0.29687295409570597;1;2;12;15;0;12;20;-1.212960837762633;5;3;0;2;2;1;20;-6.478104248489613;9;2;24;21;-3.9655042266266123;1;0;25;23;3.905277135097216;0;15;25;2;1;2;13;24;5;17;0;5;12;4;23;3.8838708171994654
TRACK:927;915;-1;5;4;2;2;3;2;4;6;6;5;23;4.442161130239503;0;2;4;1;14;16;3;0;10;22;-8.040345852555781;4;5;6;20;-5.83919432540615;5;0;0;5;2;1;22;2.173542540098481;8;5;20;3.8165742854381226;6;4;3;16;3;1;3;4;14;3;4;14;0;5;5;1;3;0;5;10;2;18;24;1;5;6;22;-0.35967039657276234;1;2;12;15;0;12;20;-3.021465473309311;5;3;0;2;2;6;22;-0.3019114368165497;2;18;21;-3.767241227270974;1;0;25;23;4.038739212730352;0;15;25;2;1;0;10;20;-8.961604278247389;5;17;0;5;12;4;23;4.1135714075053045
TRACK:928;917;-1;5;4;2;2;3;2;4;6;6;5;17;0;2;1;2;20;-9.210957101117993;13;1;7;4.7660759739610254;10;3;0;10;22;-7.9765367650356005;4;5;6;20;-6.07062543365847;5;0;0;5;2;1;22;2.0000127662684344;8;5;20;4.0493277891352495;6;4;3;16;3;1;3;4;14;2;1;8;16;2;14;16;0;5;5;1;3;0;5;10;2;18;24;1;5;6;19;1;2;16;15;0;12;20;-1.4712320952489555;5;3;0;2;2;0;16;23;4.0735199425639355;2;24;21;-3.7773201425543053;1;0;25;23;4.135006141017692;0;15;25;2;1;0;10;20;-8.80102892606851;5;17;0;5;12;4;23;4.060535191371965
TRACK:929;919;-1;5;4;2;2;3;2;4;6;6;5;17;0;2;1;2;20;-8.990286283003384;13;1;7;4.700935937974377;10;3;0;10;22;-8.269330312945273;4;5;6;20;-6.111597268319678;5;0;0;5;2;1;22;1.9165637465722403;8;12;6;4;3;16;3;1;3;4;14;2;1;8;16;2;14;16;0;5;5;6;1;14;25;5;3;0;2;2;6;20;-6.223929962512545;2;24;21;-3.9471071746972535;1;0;25;23;4.198895443008473;0;15;25;2;1;0;10;20;-8.56626883983127;5;17;0;5;12;0;7;-2.385787582648103;19
EVAL_INSTANCE:46:0:920
EVAL_INSTANCE:46:1:921
EVAL_INSTANCE:46:2:922
EVAL_INSTANCE:46:3:923
EVAL_INSTANCE:46:4:924
EVAL_INSTANCE:46:5:925
EVAL_INSTANCE:46:6:926
EVAL_INSTANCE:46:7:927
EVAL_INSTANCE:46:8:928
EVAL_INSTANCE:46:9:929
RUN_RESULT:46:0:0:2000:----
RUN_RESULT:46:1:0:2000:----
RUN_RESULT:46:2:0:2000:----
RUN_RESULT:46:3:0:1323:RRDDDDRULUURRDLDLURULDLURULULRDDLUURULRDRDRDRRRDULULUUUR
RUN_RESULT:46:4:0:2000:----
RUN_RESULT:46:5:0:2000:----
RUN_RESULT:46:6:0:2000:----
RUN_RESULT:46:7:0:2000:----
RUN_RESULT:46:8:0:2000:----
RUN_RESULT:46:9:0:2000:----
    47 |      470 | -2.427400E+03 | -2.787000E+03
TRACK:930;809;923;5;4;2;2;3;2;4;6;6;5;23;4.555707460969536;0;2;4;1;14;16;3;0;10;22;-8.147251250280146;4;5;6;20;-5.855047913257604;5;0;0;5;2;1;22;2.2667263772436677;8;5;20;3.8841543001253336;6;4;3;16;3;1;3;4;14;3;4;14;0;5;5;1;3;0;5;10;2;18;24;1;5;6;22;-0.3038579382225963;1;2;12;15;0;12;20;-2.995456884472045;5;3;0;2;2;0;16;14;2;24;21;-3.950568193659308;1;0;25;23;4.088254081415784;0;15;25;2;1;0;10;20;-8.98982140828132;0;15;25;0;5;12;4;23;4.0513780985280805
TRACK:931;809;923;5;4;2;2;3;2;4;6;6;5;17;0;2;4;1;14;16;3;0;10;22;9.292210937061046;4;5;6;20;-5.851164461053074;5;0;0;5;2;1;22;2.1216412917673444;8;5;20;4.003860472705314;6;4;3;16;14;0;2;10;20;5.080273129874695;5;3;0;2;2;0;16;14;2;24;21;-3.796839288102606;1;0;25;23;4.156701824089024;0;15;25;2;1;2;13;24;5;17;0;5;12;14
TRACK:932;869;783;5;4;2;2;3;2;4;6;6;5;17;2;2;0;16;14;2;24;21;-3.8495411611156785;1;0;25;23;4.045642892475423;0;15;25;5;0;0;5;2;1;22;1.800255234838398;8;12;6;4;3;16;3;1;3;4;14;2;1;8;16;2;14;16;0;5;5;1;3;0;5;10;2;18;24;1;5;6;22;-0.3830395300072446;1;2;16;15;0;12;20;-1.3978591985884323;5;3;0;2;2;0;16;14;2;24;21;-3.8869945036830362;1;0;25;23;4.2510209054504005;0;15;25;2;1;0;10;20;-8.656923090429602;5;17;0;5;12;0;7;-2.3545278068028246;19
TRACK:933;869;783;5;4;2;2;3;2;4;6;6;5;17;0;2;4;1;14;16;3;0;10;22;-7.789292928387063;4;5;6;20;-6.035289022820641;5;0;0;5;2;1;22;1.9541717832029089;8;5;20;3.93503074260502;6;4;3;16;3;1;3;4;14;2;1;8;16;2;14;14;0;5;5;1;3;0;5;10;2;18;24;1;5;6;22;-0.28545775255768013;1;2;12;15;0;12;20;-1.1938694867499555;5;3;0;2;2;0;16;14;2;24;20;-8.656923090429602;1;0;25;23;4.045642892475423;0;15;25;2;1;2;13;24;5;17;0;5;12;4;23;3.9528027390990164
TRACK:934;802;802;5;4;2;2;3;2;4;6;6;5;17;0;2;4;1;14;16;3;0;10;22;-7.989519055688775;4;5;6;20;-6.069261588104474;5;0;0;5;2;1;22;2.0747423306934007;8;5;20;3.983006992437779;6;4;3;16;3;1;3;4;22;2.0747423306934007;2;1;8;16;2;14;14;0;2;10;20;4.878128184407849;5;3;0;2;2;0;16;14;2;24;21;-3.8215327989564245;1;0;25;23;4.089791283911388;0;15;25;2;1;2;13;24;5;17;0;5;12;4;23;3.9101185789907937
TRACK:935;802;802;5;4;2;2;3;2;4;6;6;5;17;0;2;4;1;14;16;3;0;10;22;-7.989519055688775;4;5;6;20;-6.069261588104474;5;0;0;5;2;1;22;2.0747423306934007;8;5;20;3.983006992437779;6;4;3;16;3;1;3;4;14;2;1;8;16;2;14;14;0;2;10;20;4.878128184407849;5;3;0;2;2;0;16;14;2;24;21;-3.8215327989564245;1;0;25;23;4.089791283911388;0;13;25;2;1;2;13;24;5;17;0;5;12;4;23;3.9101185789907937
TRACK:936;867;869;5;4;2;2;3;2;4;6;6;5;17;0;2;4;1;14;16;3;0;10;22;-7.898367674910818;4;5;2;24;21;-3.8869945036830362;5;0;0;5;2;25;5;20;3.8411441546944216;6;4;3;16;3;1;3;4;14;2;1;8;13;2;14;14;0;2;10;20;4.736103838869168;5;3;0;2;2;0;16;14;2;24;21;-4.036288784695879;1;0;25;23;4.091460067938467;0;15;25;2;1;2;13;24;5;17;0;5;12;4;23;3.9777359057842006
TRACK:937;867;869;5;4;2;2;3;2;4;6;6;5;17;0;2;1;2;20;-9.10026794555854;13;1;7;4.677790196848919;10;3;0;10;22;-8.146932635534975;4;5;6;20;-6.072065362531429;5;0;0;5;2;1;22;1.800255234838398;8;12;6;4;3;16;3;1;3;4;14;2;1;8;16;2;14;16;0;5;5;1;3;0;5;10;2;18;24;1;5;6;22;-0.3830395300072446;1;2;16;15;0;12;20;-1.3978591985884323;5;3;0;2;4;23;3.9777359057842006;1;0;25;23;4.2510209054504005;0;15;25;2;1;0;10;20;-8.656923090429602;5;17;0;5;12;0;7;-2.3545278068028246;19
TRACK:938;923;765;5;4;2;2;3;2;4;6;6;5;17;0;2;4;1;14;16;3;0;10;22;9.292210937061046;4;5;6;20;-5.851164461053074;5;0;0;5;2;1;22;2.1216412917673444;14;5;20;4.003860472705314;6;4;3;16;14;0;2;10;20;5.080273129874695;5;3;0;2;2;0;16;14;2;24;21;-3.796839288102606;1;0;25;23;4.156701824089024;0;15;25;2;1;2;13;24;5;17;0;5;12;4;23;3.876335539316629
TRACK:939;923;765;5;4;2;2;3;2;4;6;6;5;17;0;2;1;2;20;-9.153622153155105;14;1;7;4.7105222935329305;10;3;0;10;22;-8.048218599638156;4;5;6;20;-6.062166241792392;5;0;0;5;2;1;22;1.8661513766229876;8;5;20;4.086760033156352;6;4;3;16;3;1;3;4;14;2;1;8;16;2;14;16;0;5;5;1;3;0;5;10;2;18;24;1;5;6;22;-0.26593133982518846;1;2;16;15;0;12;20;-1.395856082295956;5;3;0;2;2;0;16;14;2;24;21;-3.8282048847382577;1;0;25;23;4.237822928016267;0;15;25;2;1;0;10;20;-8.674357891154948;5;17;0;5;12;4;23;3.9546017698975313
TRACK:940;930;-1;5;4;2;2;3;2;4;6;6;5;23;4.50014373899221;0;2;4;1;14;16;3;0;10;22;-8.180618123742981;1;3;25;5;22;0.7229752998041299;5;0;0;5;2;1;22;2.186918855727321;8;5;20;3.924029153094799;6;4;3;16;3;1;3;4;14;3;4;14;0;5;5;1;3;0;5;10;2;18;24;1;5;6;22;-0.24386652152742094;1;2;12;15;0;12;20;-2.8489708585871707;5;3;0;2;2;0;16;14;2;24;21;-4.0102074384909745;1;0;25;23;4.0616875712366545;0;15;25;2;1;0;10;20;-8.955958967156622;0;15;25;0;5;12;4;23;4.143147002793841
TRACK:941;932;-1;5;4;2;2;3;2;4;6;6;5;17;2;2;0;16;14;2;24;21;-3.824866931416739;1;0;25;23;4.0394538657542;0;15;25;5;0;0;5;2;1;22;1.6823907274644636;8;12;6;4;3;16;3;1;3;4;14;2;1;8;16;2;14;16;0;5;5;1;3;0;5;10;2;18;24;1;5;6;22;-0.3743000085009281;1;2;16;15;0;12;20;-1.3283479595972507;5;3;0;2;2;0;16;14;2;24;21;-3.928631105423316;1;0;25;23;4.1775596695701855;0;15;25;2;1;0;10;20;-8.631328943836966;5;17;1;3;23;-3.323319631109884;3;21;-8.31183499299254
TRACK:942;934;-1;5;4;2;2;3;2;4;6;6;5;17;0;2;4;1;14;16;3;0;10;22;-8.015761676263393;4;5;6;20;-6.046723528840943;5;0;0;5;2;1;22;2.0122136296975826;8;5;20;3.9253683143190146;6;4;3;7;-1.078843894388477;3;1;3;4;22;2.0031940041222933;2;1;8;16;2;14;14;0;2;10;20;4.635042329076795;5;3;0;2;2;0;16;14;2;24;21;-3.8807732981973286;1;0;25;23;4.236087554939682;0;15;25;2;1;2;13;24;5;17;0;5;12;4;23;3.9231889379232996
TRACK:943;936;-1;5;4;2;2;3;2;4;6;6;5;17;0;2;4;1;14;16;3;0;10;22;-7.830564993055649;4;5;2;24;21;-3.9725606359343946;5;0;0;5;2;25;5;20;3.9193900373851926;6;4;3;16;3;1;3;4;14;2;1;8;13;2;14;14;0;2;10;20;4.637836360128966;5;3;0;2;2;0;16;14;2;24;21;-3.9562130930655397;1;0;25;23;4.096880371919095;0;15;25;2;1;2;13;22;-2.7614943593557717;5;17;0;5;12;4;23;4.080600852479439
TRACK:944;938;-1;5;4;1;3;2;0;4;7;-6.862785023204864;4;14;5;4;17;6;1;0;3;23;7.227708642691848;5;16;5;1;25;21;-7.4283319492468
TRACK:945;931;-1;5;4;2;2;3;2;4;6;6;5;17;0;2;4;1;14;16;3;0;10;22;9.238925095103554;4;5;6;20;-5.81064849035596;5;0;0;5;2;1;22;2.139765237643526;8;5;20;3.8607815502643317;6;6;14;14;0;2;10;20;5.15195266016278;5;3;0;2;2;0;16;14;2;24;21;-3.532425737789642;1;0;25;23;4.093482020742342;0;15;25;2;1;2;13;24;5;17;0;5;12;14
TRACK:946;933;-1;5;4;2;2;3;2;4;6;6;5;17;0;2;4;1;14;16;3;0;10;22;-7.782555312948462;4;5;6;20;-5.953083556047061;5;0;0;5;2;1;22;1.9744056652381319;8;5;20;3.854640186311497;6;4;3;16;4;3;13;0;5;5;1;3;0;5;10;2;18;24;1;5;6;22;-0.341621719726774;1;2;12;15;0;12;20;-1.3594507984521715;5;3;0;2;2;0;16;14;2;24;20;-8.782097264574755;1;0;25;23;4.001796853234512;0;15;25;2;1;2;13;24;5;17;0;5;12;4;23;3.9085065277126207
TRACK:947;935;-1;5;4;2;2;3;2;4;6;6;5;17;0;2;4;1;14;16;3;0;11;22;-7.770912195889213;4;5;6;20;-6.027402474352114;5;0;0;5;2;1;22;2.0831557669063994;8;5;20;3.977419832424954;6;4;3;16;3;1;3;4;14;2;1;8;16;2;14;14;0;2;10;20;4.825133315635016;5;3;0;2;2;0;16;14;2;24;21;-3.7976662475712835;1;0;25;23;4.1736135132490695;0;13;25;2;1;2;13;24;5;17;0;5;12;4;23;4.013509966712253
TRACK:948;937;-1;5;4;2;2;3;2;4;6;6;5;17;0;2;1;2;20;-8.977679253826603;13;1;7;4.717856685939508;10;3;0;10;22;-8.083075777620875;4;5;6;20;-6.2175281384797465;5;0;0;5;2;1;22;1.6408454068148153;8;12;6;4;3;16;3;1;3;4;14;2;1;8;16;2;14;16;0;5;5;1;3;0;5;10;2;18;24;1;5;6;22;-0.2948159402967333;1;2;16;15;0;12;20;-1.3903259571550617;5;3;0;2;4;23;3.9599780916586114;1;0;25;23;4.1673528846033605;0;15;25;2;1;0;10;19;5;17;0;5;12;0;7;-2.1231319734787215;19
TRACK:949;939;-1;5;4;2;2;3;2;4;6;6;5;17;0;2;1;2;20;-9.093577818513602;14;1;7;4.687830467637161;10;3;0;10;22;-8.024268234429805;4;5;6;20;-5.917170989005102;5;0;0;5;2;1;22;1.8810239013477195;8;5;20;4.223894044982838;6;4;3;16;3;1;3;4;14;2;1;8;16;2;14;16;0;5;5;1;3;0;5;10;2;18;24;1;5;6;22;-0.38859187374427484;1;2;16;15;0;12;10;5;3;0;2;2;0;16;14;2;24;21;-3.7499350252927024;1;0;25;23;4.254175088106149;0;15;25;2;1;0;10;20;-8.713954908102767;5;17;0;5;12;4;23;3.7647129201726943
EVAL_INSTANCE:47:0:940
EVAL_INSTANCE:47:1:941
EVAL_INSTANCE:47:2:942
EVAL_INSTANCE:47:3:943
EVAL_INSTANCE:47:4:944
EVAL_INSTANCE:47:5:945
EVAL_INSTANCE:47:6:946
EVAL_INSTANCE:47:7:947
EVAL_INSTANCE:47:8:948
EVAL_INSTANCE:47:9:949
RUN_RESULT:47:0:0:2000:----
RUN_RESULT:47:1:0:2000:----
RUN_RESULT:47:2:0:2000:----
RUN_RESULT:47:3:0:2000:----
RUN_RESULT:47:4:0:2000:----
RUN_RESULT:47:5:0:2000:----
RUN_RESULT:47:6:0:2000:----
RUN_RESULT:47:7:0:2000:----
RUN_RESULT:47:8:0:2000:----
RUN_RESULT:47:9:0:1344:RDRRRDRDRUDLLLDLUULURDRRULLLLDLUUUDRRULRRRRUUR
    48 |      480 | -2.470200E+03 | -2.787000E+03
TRACK:950;765;783;5;4;2;2;3;2;4;6;6;5;17;0;2;1;2;20;-9.153622153155105;13;1;7;4.7105222935329305;10;3;0;10;22;-8.048218599638156;4;5;6;20;-6.062166241792392;5;0;0;5;2;1;22;1.8661513766229876;8;5;20;4.086760033156352;6;4;3;16;3;1;3;4;14;2;1;8;16;2;14;16;0;5;5;1;3;0;5;10;2;18;24;1;5;6;22;-0.26593133982518846;1;2;16;15;0;12;20;-1.395856082295956;5;3;0;2;2;0;16;14;2;24;21;-3.8282048847382577;1;0;25;23;4.237822928016267;0;15;25;2;1;0;10;20;-8.674357891154948;18;0;5;12;4;23;3.9546017698975313
TRACK:951;765;783;5;4;2;2;3;2;4;6;6;5;17;0;2;4;1;14;16;3;0;10;22;-7.789292928387063;4;5;6;20;-6.035289022820641;5;0;0;5;2;1;22;1.9541717832029089;8;5;20;3.93503074260502;6;4;3;16;3;1;3;5;12;2;1;8;16;2;14;14;0;5;5;1;3;0;5;10;2;18;24;1;5;6;22;-0.28545775255768013;1;2;12;15;0;12;20;-1.1938694867499555;5;3;0;2;2;0;16;14;2;24;21;-3.8495411611156785;1;0;25;23;4.045642892475423;0;15;25;2;1;2;13;24;5;17;0;5;12;4;23;3.9528027390990164
TRACK:952;869;923;5;4;2;2;3;2;4;6;6;5;22;9.292210937061046;0;2;1;2;20;-9.10026794555854;13;1;7;4.677790196848919;10;3;0;10;22;-8.146932635534975;4;5;6;20;-6.072065362531429;5;0;0;5;2;1;22;1.800255234838398;8;12;6;4;3;16;3;1;3;4;14;2;1;8;16;2;14;16;0;5;5;1;3;0;5;10;2;18;24;1;5;6;22;-0.3830395300072446;1;2;16;15;0;12;20;-1.3978591985884323;5;3;0;2;2;0;16;14;2;24;21;-3.8869945036830362;1;0;25;23;4.2510209054504005;0;15;25;2;1;0;10;20;-8.656923090429602;5;17;0;5;12;0;7;-2.3545278068028246;19
TRACK:953;869;923;5;4;2;2;3;2;4;6;6;5;17;0;2;4;1;14;16;3;0;10;22;9.292210937061046;4;5;6;20;-5.851164461053074;5;0;0;5;2;1;22;2.1216412917673444;8;5;20;4.003860472705314;6;4;3;16;14;0;2;10;20;5.080273129874695;5;3;0;2;2;0;16;14;2;24;25;1;0;25;23;4.156701824089024;0;15;25;2;1;2;13;24;5;17;0;5;12;4;23;3.876335539316629
TRACK:954;949;867;5;4;2;2;3;2;4;6;6;5;17;0;2;1;2;20;-9.093577818513602;14;1;7;4.687830467637161;10;3;0;10;22;-8.024268234429805;4;5;6;20;4.736103838869168;5;0;0;5;2;1;22;1.8810239013477195;8;5;20;4.223894044982838;6;4;3;16;3;1;3;4;14;2;1;8;16;2;14;16;0;5;5;1;3;0;5;10;2;18;24;1;5;6;22;-0.38859187374427484;1;2;16;15;0;12;10;5;3;0;2;2;0;16;14;2;24;21;-3.7499350252927024;1;0;25;23;4.254175088106149;0;15;25;2;1;0;10;20;-8.713954908102767;5;17;0;5;12;4;23;3.7647129201726943
TRACK:955;949;867;5;4;2;5;0;0;5;2;1;22;1.8810239013477195;8;5;20;4.223894044982838;6;4;3;16;3;1;3;4;14;2;1;8;16;2;14;16;0;2;10;20;4.736103838869168;5;3;0;2;2;0;16;14;2;24;21;-4.036288784695879;1;0;25;23;4.091460067938467;0;15;25;2;1;2;13;24;5;17;0;5;12;4;23;3.9777359057842006
TRACK:956;765;869;5;4;2;2;3;2;4;6;6;5;17;0;2;1;2;20;-9.153622153155105;13;1;7;4.7105222935329305;10;3;0;10;22;-8.048218599638156;4;5;6;20;-6.062166241792392;5;0;0;5;2;1;22;1.8661513766229876;8;5;20;4.086760033156352;6;4;3;16;3;1;3;4;14;2;1;8;16;2;14;16;0;5;5;1;3;0;5;10;4;14;1;5;6;22;-0.26593133982518846;1;2;16;15;0;12;20;-1.395856082295956;5;3;0;2;2;0;16;14;2;24;21;-3.8282048847382577;1;0;25;23;4.237822928016267;0;15;25;2;1;0;10;20;-8.674357891154948;5;17;0;5;12;4;23;3.9546017698975313
TRACK:957;765;869;5;4;2;2;3;2;4;6;6;5;17;0;2;1;2;20;-9.10026794555854;20;-6.062166241792392;1;7;4.677790196848919;10;3;0;10;22;-8.146932635534975;4;5;6;20;-6.072065362531429;5;0;0;5;2;1;22;1.800255234838398;8;12;6;4;3;16;3;1;3;4;14;2;1;8;16;2;14;16;0;5;5;1;3;0;5;10;2;18;24;1;5;6;22;-0.3830395300072446;1;2;16;15;0;12;20;-1.3978591985884323;5;3;0;2;2;0;16;14;2;24;21;-3.8869945036830362;1;0;25;23;4.2510209054504005;0;15;25;2;1;0;10;20;-8.656923090429602;5;17;0;5;12;0;7;-2.3545278068028246;19
TRACK:958;802;923;5;4;2;2;3;2;4;6;6;5;17;0;2;4;1;14;16;3;0;10;22;-7.989519055688775;4;5;6;20;-6.069261588104474;5;0;0;5;2;1;22;2.0747423306934007;8;5;20;3.983006992437779;6;4;3;16;3;1;3;4;14;2;1;8;16;2;14;14;0;2;10;20;4.878128184407849;5;3;0;2;2;0;16;14;2;24;21;-3.8215327989564245;1;0;25;23;4.089791283911388;4;23;3.876335539316629;2;1;2;13;24;5;17;0;5;12;4;23;3.9101185789907937
TRACK:959;802;923;5;4;2;2;3;2;4;6;6;5;17;0;2;4;1;14;16;3;0;10;22;9.292210937061046;4;5;6;20;-5.851164461053074;5;0;0;5;2;1;22;2.1216412917673444;8;5;20;4.003860472705314;6;4;3;20;3.983006992437779;14;0;2;10;20;5.080273129874695;5;3;0;2;2;0;16;14;2;24;21;-3.796839288102606;1;0;25;23;4.156701824089024;0;15;25;2;1;2;13;24;5;17;0;5;12;4;23;3.876335539316629
TRACK:960;765;-1;5;4;2;2;3;2;4;6;6;5;17;0;2;1;2;20;-9.199996938704789;13;1;7;4.597888854931549;10;3;0;10;22;-7.965957287202704;4;5;6;20;-5.880017914810061;5;0;0;5;2;1;22;1.946173468681567;8;5;20;4.058383760837749;6;4;3;16;3;1;3;4;14;2;1;8;16;2;14;16;0;5;5;1;3;0;5;10;2;18;24;1;5;6;22;-0.1923354530153483;1;2;16;15;0;12;20;-1.4866011621139807;5;3;0;2;6;4;17;1;0;25;23;4.148814705027805;0;15;25;2;1;0;10;20;-8.478855751084371;5;17;0;5;12;4;23;4.034230503441181
TRACK:961;952;-1;5;4;2;2;3;2;4;6;6;5;22;9.264259020218203;0;2;1;2;20;-8.901242530456743;13;1;7;4.62000784891473;10;3;0;10;22;-8.257298977131342;4;5;6;20;-6.177930383103386;5;0;0;5;2;1;22;1.686617214580354;8;12;6;4;3;16;3;1;3;4;14;2;1;8;16;3;13;0;5;5;1;3;0;5;10;2;18;24;1;5;6;22;-0.26789612822196723;1;2;16;15;0;12;20;-1.5036661431414775;5;3;0;2;2;0;16;14;2;24;21;-3.8710463979126186;1;0;25;23;4.042980154446719;0;15;25;2;1;0;10;20;-8.741439612763653;5;17;0;5;12;0;7;-2.5710145388039014;19
TRACK:962;954;-1;5;4;2;2;3;2;4;6;6;5;17;0;2;1;2;20;-8.877308039017596;14;1;7;4.7626763842578095;10;3;0;10;22;-8.188624112092443;4;5;6;20;4.648162009869775;5;0;0;5;2;1;22;1.8017787247721722;8;5;20;4.338673751813707;6;4;3;16;3;1;3;4;14;2;1;8;16;2;14;16;1;5;20;-9.543006283800574;2;10;24
TRACK:963;956;-1;5;4;2;2;3;2;4;6;6;5;17;0;2;1;2;20;-9.13729644314835;13;1;7;4.731356616902221;10;3;0;10;22;-7.890628536077478;4;5;6;20;-5.904203613505453;5;0;0;5;2;1;22;1.9170777461118804;8;5;20;4.031529320592951;6;4;3;16;3;1;3;4;14;2;1;8;16;2;14;16;0;5;5;1;3;0;5;10;4;14;1;5;6;22;-0.2615188953373004;1;2;16;15;0;12;20;-1.46177246375854;5;3;0;2;2;0;16;14;2;24;21;-3.8898726917825805;1;0;25;23;4.214167240950901;0;15;25;2;1;0;10;18;5;17;0;5;12;4;23;3.9513020187920898
TRACK:964;958;-1;5;4;2;2;3;2;4;6;6;5;17;0;5;11;4;5;6;20;-6.132803848589531;5;0;0;5;2;1;22;1.8437319491382802;8;5;20;4.052734546704179;6;4;3;16;3;1;3;4;14;2;1;8;16;2;14;14;0;2;10;20;4.875674295815559;5;3;0;2;2;0;16;14;2;24;21;-3.953467101387624;1;0;25;23;4.0754003325017;4;23;3.8174118446651155;2;1;2;13;24;5;17;0;5;12;4;23;3.871905970724089
TRACK:965;783;-1;5;4;2;2;3;2;4;6;6;5;17;0;2;4;1;14;16;3;0;10;22;-7.98014756331836;4;5;6;20;-6.0782191749255015;5;0;0;5;2;1;22;1.9359693599425276;8;5;20;4.067774600388632;6;4;3;16;3;1;3;4;14;2;1;8;16;2;14;14;0;5;5;1;3;0;5;10;2;18;24;1;5;6;22;-0.1694612252230681;1;2;12;15;0;12;20;-1.2084300659865272;5;3;0;2;4;19;1;0;25;23;4.050045909869053;0;15;25;2;1;2;13;24;5;17;0;5;12;4;23;3.9642040090936432
TRACK:966;953;-1;5;4;2;2;3;2;4;6;6;5;17;0;2;4;1;14;16;3;0;10;22;9.500203415929446;4;5;6;20;-5.701477284326756;5;0;0;5;2;1;22;2.203851461260798;8;5;20;3.93696400536289;6;4;3;16;14;0;2;10;20;5.0381980846039855;5;3;0;2;2;0;16;14;0;17;13;1;0;25;23;4.100178329285759;0;15;25;2;1;2;13;24;5;17;0;5;12;4;23;3.8922047163626248
TRACK:967;955;-1;5;4;2;5;0;0;5;2;1;22;1.8182122786239507;8;5;20;4.272560079622064;6;4;3;16;3;1;3;4;14;2;1;8;16;2;14;16;0;2;10;20;4.72665869623684;5;3;0;2;2;0;16;14;6;19;1;0;25;23;3.9778919282540923;0;15;25;2;1;2;13;24;5;17;0;5;12;4;23;3.9085041193800496
TRACK:968;957;-1;5;4;2;2;3;2;4;6;6;5;17;0;2;1;2;20;-8.968956259852206;20;-6.0624960032080315;1;7;4.662332038266077;10;3;0;10;22;-8.271209913381526;4;6;14;5;0;0;5;2;1;22;1.7746750488108052;8;12;6;4;3;16;3;1;3;4;14;2;1;8;16;2;14;16;0;5;5;1;3;0;5;10;2;18;24;1;5;6;22;-0.3404458953285031;1;2;16;15;0;12;20;-1.2902461133640892;5;3;0;2;2;0;16;14;2;24;21;-3.985527114197473;1;0;25;23;4.289908194829184;0;15;25;2;1;0;10;20;-8.478307992792988;5;17;0;5;12;0;7;-2.2310191238276564;19
TRACK:969;959;-1;5;4;2;2;3;2;4;6;6;5;17;0;2;4;1;14;16;3;0;10;22;9.323301910592361;4;5;6;20;-5.7844050379271135;5;0;6;5;4;0;7;-0.2967802127396304;25;14;0;2;10;20;5.077522985093424;5;3;0;2;2;0;16;14;2;24;21;-3.8261544370297607;1;0;25;23;4.242560917123355;0;15;25;2;1;2;13;24;5;17;0;5;12;4;23;3.9616556664356875
EVAL_INSTANCE:48:0:960
EVAL_INSTANCE:48:1:961
EVAL_INSTANCE:48:2:962
EVAL_INSTANCE:48:3:963
EVAL_INSTANCE:48:4:964
EVAL_INSTANCE:48:5:965
EVAL_INSTANCE:48:6:966
EVAL_INSTANCE:48:7:967
EVAL_INSTANCE:48:8:968
EVAL_INSTANCE:48:9:969
RUN_RESULT:48:0:0:2000:----
RUN_RESULT:48:1:0:2000:----
RUN_RESULT:48:2:0:2000:----
RUN_RESULT:48:3:0:2000:----
RUN_RESULT:48:4:0:2000:----
RUN_RESULT:48:5:0:2000:----
RUN_RESULT:48:6:0:2000:----
RUN_RESULT:48:7:0:2000:----
RUN_RESULT:48:8:0:2000:----
RUN_RESULT:48:9:0:2000:----
    49 |      490 | -2.470200E+03 | -2.787000E+03
TRACK:970;802;923;5;4;2;2;3;2;4;6;6;5;17;0;2;4;1;14;16;3;0;10;22;-7.989519055688775;4;5;6;20;-6.069261588104474;5;0;0;5;2;1;22;2.0747423306934007;8;5;20;3.983006992437779;6;4;3;16;3;1;3;4;14;2;1;21;-3.796839288102606;16;2;14;14;0;2;10;20;4.878128184407849;5;3;0;2;2;0;16;14;2;24;21;-3.8215327989564245;1;0;25;23;4.089791283911388;0;15;25;2;1;2;13;24;5;17;0;5;12;4;23;3.9101185789907937
TRACK:971;802;923;5;4;2;2;3;2;4;6;6;5;17;0;24;4;5;6;20;-5.851164461053074;5;0;0;5;2;1;22;2.1216412917673444;8;5;20;4.003860472705314;6;4;3;16;14;0;2;10;20;5.080273129874695;5;3;0;2;2;0;16;14;2;24;21;-3.796839288102606;1;0;25;23;4.156701824089024;0;15;25;2;1;2;13;24;5;17;0;5;12;4;23;3.876335539316629
TRACK:972;867;869;5;4;2;2;3;2;4;6;6;5;17;0;2;4;1;14;16;3;0;10;22;-7.898367674910818;4;5;6;20;-6.102087867045244;5;0;0;5;2;25;5;20;3.8411441546944216;6;4;3;16;3;1;3;4;14;2;1;8;13;2;14;14;0;2;10;20;4.736103838869168;5;3;0;2;2;0;16;14;2;24;21;-4.036288784695879;1;0;25;22;-0.3830395300072446;0;15;25;2;1;2;13;24;5;17;0;5;12;4;23;3.9777359057842006
TRACK:973;867;869;5;4;2;2;3;2;4;6;6;5;17;0;2;1;2;20;-9.10026794555854;13;1;7;4.677790196848919;10;3;0;10;22;-8.146932635534975;4;5;6;20;-6.072065362531429;5;0;0;5;2;1;22;1.800255234838398;8;12;6;4;3;16;3;1;3;4;14;2;1;8;16;2;14;16;0;5;5;1;3;0;5;10;2;18;24;1;5;6;22;-0.3830395300072446;1;2;16;15;0;12;20;-1.3978591985884323;5;3;0;2;2;0;16;14;2;24;21;-3.8869945036830362;1;0;25;23;4.2510209054504005;0;15;25;2;1;0;10;20;-8.656923090429602;5;17;0;5;12;0;7;-2.3545278068028246;19
TRACK:974;800;765;5;4;2;2;3;2;4;2;2;14;22;4.552987195718787;2;22;1.333359767681646;17;0;2;4;1;14;16;3;0;10;22;-8.173258151211037;4;5;6;20;-6.250852350330654;5;0;0;5;2;1;22;2.161296757940557;13;5;20;4.02035988069067;6;4;3;16;3;1;3;4;14;2;1;12;16;2;14;16;0;5;5;1;3;0;16;2;18;24;1;5;6;22;-0.34650684950773863;1;2;12;15;0;12;20;-1.2011380804545067;5;3;0;2;2;0;16;14;2;24;21;-4.005984857736273;1;0;25;23;3.9538435469972186;0;15;25;2;1;0;10;20;-8.977270530639236;5;17;0;5;12;4;23;4.041030212732304
TRACK:975;800;765;5;4;2;2;3;2;4;6;6;5;17;0;2;1;2;20;-9.153622153155105;13;1;7;4.7105222935329305;10;3;0;10;22;-8.048218599638156;4;5;6;20;-6.062166241792392;5;0;0;5;2;1;22;1.8661513766229876;8;5;20;4.086760033156352;6;4;3;16;3;1;3;4;14;2;1;8;16;2;14;16;0;5;5;1;3;0;5;10;2;18;24;1;5;6;22;-0.26593133982518846;1;2;16;15;0;12;20;-1.395856082295956;5;3;0;2;2;0;16;14;2;24;20;-8.977270530639236;1;0;25;23;4.237822928016267;0;15;25;2;1;0;10;20;-8.674357891154948;5;17;0;5;12;4;23;3.9546017698975313
TRACK:976;802;867;5;4;2;2;3;2;4;6;6;5;17;0;2;4;1;14;16;3;0;10;22;-7.989519055688775;4;5;6;20;-6.069261588104474;5;0;0;5;2;1;22;2.0747423306934007;8;5;20;3.983006992437779;6;4;3;16;3;1;3;4;14;2;1;8;16;2;14;14;0;2;10;20;4.878128184407849;5;3;0;2;2;0;16;14;2;24;21;-3.8215327989564245;1;0;25;23;4.089791283911388;0;15;25;2;1;2;13;24;5;17;0;5;12;4;23;3.9101185789907937
TRACK:977;802;867;5;4;2;2;3;2;4;6;6;5;17;0;2;4;1;14;16;3;0;10;22;-7.898367674910818;4;5;6;20;-6.102087867045244;5;0;0;5;2;25;5;20;3.8411441546944216;6;4;3;16;3;1;3;4;14;2;1;8;13;2;14;14;0;2;10;20;4.736103838869168;5;0;15;25
TRACK:978;869;923;5;4;2;2;3;2;4;6;6;5;17;0;2;1;2;20;-9.10026794555854;13;1;7;4.677790196848919;10;3;0;10;22;-8.146932635534975;4;5;6;20;-6.072065362531429;5;0;0;5;2;1;22;1.800255234838398;8;12;6;4;3;16;3;1;3;4;14;2;1;8;14;2;14;16;0;5;5;1;3;0;5;10;2;18;24;1;5;6;22;-0.3830395300072446;1;2;16;15;0;12;20;-1.3978591985884323;5;3;0;2;2;0;16;14;2;24;21;-3.8869945036830362;1;0;25;23;4.2510209054504005;0;15;25;2;1;0;10;20;-8.656923090429602;5;17;0;5;12;0;7;-2.3545278068028246;19
TRACK:979;869;923;5;4;2;2;3;2;4;6;6;5;17;0;2;4;1;14;16;3;0;10;22;9.292210937061046;4;5;6;20;-5.851164461053074;5;0;0;5;2;1;22;2.1216412917673444;8;5;20;4.003860472705314;6;1;7;4.677790196848919;10;14;0;2;10;20;5.080273129874695;5;3;0;2;2;0;16;14;2;24;21;-3.796839288102606;1;0;25;23;4.156701824089024;0;15;25;2;1;2;13;24;5;17;0;5;12;4;23;3.876335539316629
TRACK:980;970;-1;5;4;2;2;3;2;4;6;6;5;17;0;2;4;1;14;16;3;0;10;22;-8.054779084869269;4;5;6;20;-6.35882900266204;5;0;0;5;2;1;22;2.1536320992438114;8;5;20;3.9787125757971515;6;4;3;16;3;1;3;4;14;2;1;21;-3.818845486568339;16;2;14;14;0;2;10;20;4.930679904914886;5;3;2;3;1;3;23;8.359102331555121;6;14;6;4;6;7;6.2173628302794555
TRACK:981;972;-1;5;4;2;2;3;2;4;6;6;5;17;0;2;4;1;14;16;3;0;10;22;-7.85954704467901;4;5;6;20;-6.105870545380997;5;0;0;5;2;25;5;20;3.774215631693306;6;4;3;16;3;1;3;4;14;2;1;8;13;2;14;14;0;2;10;20;4.661902073833267;5;3;0;2;2;0;16;14;2;24;21;-4.077688037465456;1;0;25;22;-0.36724096919571325;0;23;-4.941361937901069;25;2;1;2;13;24;5;17;0;5;12;4;23;4.063751363154831
TRACK:982;974;-1;5;4;2;2;3;2;4;2;2;14;22;4.408324375395081;2;22;1.395011058551598;17;0;2;4;1;14;16;3;0;10;22;-8.20186792352896;4;5;6;20;-6.32271257255307;5;0;0;5;2;1;22;1.8081365752425775;13;5;20;3.983161070403481;6;4;3;16;3;1;3;4;14;2;1;12;16;2;14;16;0;5;5;1;3;0;16;2;18;24;1;5;6;22;-0.3724401046484399;1;2;12;15;0;12;20;-1.1650074295322161;5;3;0;2;2;0;16;14;2;24;21;-3.9448344600694596;1;0;25;23;3.857861193415404;0;15;25;2;1;0;10;20;-8.962192089274627;5;17;0;5;12;4;22;-9.030541235298312
TRACK:983;976;-1;5;4;2;2;3;2;4;6;6;5;17;0;2;4;1;14;16;3;0;10;22;-8.167275702056862;4;5;6;20;-6.199219906826739;5;0;0;5;2;1;22;2.0916272623785503;8;5;20;4.115392948086787;6;4;3;16;3;1;4;6;15;2;1;8;16;2;14;14;0;2;10;20;4.889799586924717;5;3;0;2;2;0;16;14;2;24;21;-3.7666404967893334;1;0;25;23;3.9536038000267832;0;15;25;2;1;2;13;24;5;17;0;5;12;4;23;4.039437539867573
TRACK:984;869;-1;5;4;2;2;3;2;4;6;6;5;17;0;2;1;2;20;-9.015443606215715;13;1;7;4.768008026738547;10;3;3;7;6.553720848179637;4;5;6;20;-6.065877356759068;5;0;0;5;2;1;22;1.7873954182830762;8;12;6;4;3;16;3;1;3;4;14;2;1;8;16;2;14;16;0;5;5;1;3;0;5;10;2;18;24;1;5;6;22;-0.4243899780768547;1;2;16;15;0;12;20;-1.3406973226825891;5;3;0;2;2;0;16;14;2;24;21;-3.804766246440918;1;0;25;23;4.299518017422118;0;15;25;2;1;0;10;20;-8.634811830315641;5;17;0;5;12;0;7;-2.1429652344336336;19
TRACK:985;971;-1;5;4;2;2;3;2;4;6;6;5;17;0;24;4;5;6;20;-5.9106634886108145;5;0;0;5;2;1;22;2.249366952835611;8;5;20;4.039751808223009;6;4;4;8;14;0;2;10;20;5.093761435530619;5;3;0;2;2;0;16;14;2;24;21;-3.769441666767422;1;0;25;23;4.044237714834273;0;15;25;2;1;2;13;24;5;17;0;5;12;4;23;3.9285828745007887
TRACK:986;973;-1;5;4;2;2;3;2;4;6;6;5;17;0;2;1;2;20;-9.071377387073195;13;1;24;10;3;0;10;22;-8.225490301101223;4;5;6;20;-6.2294906767866305;5;0;0;5;2;1;22;1.8304706881477482;8;12;6;4;3;16;3;1;3;4;14;2;1;8;16;2;14;16;0;5;5;1;3;0;5;10;2;18;24;1;5;6;22;-0.3837009140082317;1;2;16;15;0;12;20;-1.528817091219313;5;3;0;2;2;0;16;14;2;24;21;-3.727577329244133;1;0;25;23;4.280729054365422;0;15;25;2;1;0;10;20;-8.778369628342299;5;17;0;5;12;0;7;-2.4926443201699953;19
TRACK:987;975;-1;5;4;2;2;3;2;4;6;6;5;17;0;2;1;2;20;-9.209510264036798;13;1;7;4.8426365038447745;10;3;0;10;22;-8.06113659189554;4;5;6;23;8.658636896761102;5;0;0;5;2;1;22;1.8826468477832607;8;5;20;4.30118134204257;6;4;3;16;3;1;3;4;14;2;1;8;16;2;14;16;0;5;5;1;3;0;5;10;2;18;24;1;5;6;22;-0.6164550411012094;1;2;16;15;0;12;20;-1.3586091484459084;5;3;0;2;2;0;16;14;2;24;20;-8.810215320453782;1;0;25;23;4.203446647588209;0;15;25;2;1;0;10;20;-8.57520007920603;5;17;0;5;12;4;23;4.063655284083625
TRACK:988;977;-1;0;4;1;0;1;3;2;6;2;2;20;-3.4061777220900025;24;1;25;19;6;6;3;19;4;0;4;3;3;11;2;2;2;10;14;3;17;2;4;12;2;15;19;1;2;5;1;1;3;23;0.6913800055673249;5;21;-4.376216318395107;0;3;23;5.179032935059871;6;7;-4.666832798343141;3;6;1;2;15;8;3;21;8.959015465241002;0;0;4;2;3;22;-1.6960455676076478;5;20;-6.2885054532198374;2;6;1;16;10;6;5;23;-7.016450934231093;3;6;5;1;12;15;5;0;6;6;1;5;1;14;22;-4.237501672817105;1;4;13;3;15;3;2;5;0;0;17;25;0;17;23;-5.460195592097586;5;4;1;24;24;4;2;2;4;5;5;4;3;6;20;-9.39777459342919;2;5;3;1;6;1;17;12;0;4;23;-0.19363307283902031;4;16;6;0;1;6;6;23;3.266251172623191;5;3;24;6;4;5;15;0;5;1;6;4;1;5;21;2.58993313182377;4;25;5;1;1;0;13;7;8.67405182168623;4;19;5;4;14;3;3;4;6;6;2;21;0.7599458310355764;15
TRACK:989;923;-1;5;4;2;2;3;2;4;6;6;5;17;0;2;4;1;14;16;3;0;10;22;9.255920475615284;4;5;6;20;-5.899990965791933;5;0;0;5;2;1;22;1.901842864035326;8;5;20;4.0067058769312505;6;4;3;16;14;0;2;10;20;5.097324366729639;5;3;0;2;2;0;16;14;2;24;21;-3.767144977359098;1;3;8;0;15;25;2;1;2;13;24;5;17;0;5;12;4;23;3.9682477584955533
EVAL_INSTANCE:49:0:980
EVAL_INSTANCE:49:1:981
EVAL_INSTANCE:49:2:982
EVAL_INSTANCE:49:3:983
EVAL_INSTANCE:49:4:984
EVAL_INSTANCE:49:5:985
EVAL_INSTANCE:49:6:986
EVAL_INSTANCE:49:7:987
EVAL_INSTANCE:49:8:988
EVAL_INSTANCE:49:9:989
RUN_RESULT:49:0:0:2000:----
RUN_RESULT:49:1:0:2000:----
RUN_RESULT:49:2:0:2000:----
RUN_RESULT:49:3:0:1634:RRDDDDRULUURRDLDLURULDLURULULRDDLUURULRDRDRDRRRDULULUUUR
RUN_RESULT:49:4:0:1597:RRDRRRDDRUDLLLDLUUDRRUULLLLDLUUUDRRULRRRRUUR
RUN_RESULT:49:5:0:2000:----
RUN_RESULT:49:6:0:2000:----
RUN_RESULT:49:7:0:2000:----
RUN_RESULT:49:8:0:2000:----
RUN_RESULT:49:9:0:2000:----
    50 |      500 | -2.501100E+03 | -2.787000E+03
TRACK:990;923;984;5;4;2;2;3;2;4;6;6;5;17;0;2;4;1;14;16;3;0;10;22;9.292210937061046;4;5;6;20;-5.851164461053074;5;0;0;5;2;1;22;2.1216412917673444;8;5;20;4.003860472705314;17;14;0;2;10;20;5.080273129874695;5;3;0;2;2;0;16;14;2;24;21;-3.796839288102606;1;0;25;23;4.156701824089024;0;15;25;2;1;2;13;24;5;17;0;5;12;4;23;3.876335539316629
TRACK:991;923;984;5;4;2;2;3;2;4;6;6;5;17;0;2;1;2;20;-9.015443606215715;13;1;7;4.768008026738547;10;3;3;14;4;5;6;20;-6.065877356759068;5;0;0;5;2;1;22;1.7873954182830762;8;12;6;4;3;16;3;1;3;4;14;2;1;8;16;2;14;16;0;5;5;1;3;0;5;10;2;18;24;1;5;6;22;-0.4243899780768547;1;2;16;15;0;12;20;-1.3406973226825891;5;3;0;2;2;0;16;14;2;24;21;-3.804766246440918;1;0;25;23;4.299518017422118;0;15;25;2;1;0;10;20;-8.634811830315641;5;17;0;5;12;0;7;-2.1429652344336336;19
TRACK:992;869;867;5;4;2;2;3;2;4;6;6;5;17;0;2;1;2;20;-9.10026794555854;13;20;4.736103838869168;3;0;10;22;-8.146932635534975;4;5;6;20;-6.072065362531429;5;0;0;5;2;1;22;1.800255234838398;8;12;6;4;3;16;3;1;3;4;14;2;1;8;16;2;14;16;0;5;5;1;3;0;5;10;2;18;24;1;5;6;22;-0.3830395300072446;1;2;16;15;0;12;20;-1.3978591985884323;5;3;0;2;2;0;16;14;2;24;21;-3.8869945036830362;1;0;25;23;4.2510209054504005;0;15;25;2;1;0;10;20;-8.656923090429602;5;17;0;5;12;0;7;-2.3545278068028246;19
TRACK:993;869;867;5;4;2;2;3;2;4;6;6;5;17;0;2;4;1;14;16;3;0;10;22;-7.898367674910818;4;5;6;20;-6.102087867045244;5;0;0;5;2;25;5;20;3.8411441546944216;6;4;3;16;3;1;3;4;14;2;1;8;13;2;14;14;0;2;10;20;4.736103838869168;5;3;0;2;6;5;17;1;0;25;23;4.091460067938467;0;15;25;2;1;2;13;24;5;17;0;5;12;4;23;3.9777359057842006
TRACK:994;809;949;5;4;2;2;3;2;4;14;0;2;4;1;14;16;3;0;10;22;-8.147251250280146;4;5;6;20;-5.855047913257604;5;0;0;5;2;1;22;2.2667263772436677;8;5;20;3.8841543001253336;6;4;3;16;3;1;3;4;14;3;4;14;0;5;5;1;3;0;5;10;2;18;24;1;5;6;22;-0.3038579382225963;1;2;12;15;0;12;20;-2.995456884472045;5;3;0;2;2;0;16;14;2;24;21;-3.950568193659308;1;0;25;23;4.088254081415784;0;15;25;2;1;0;10;20;-8.98982140828132;5;17;0;5;12;4;23;4.0513780985280805
TRACK:995;809;949;5;4;2;2;3;2;4;6;6;5;17;0;2;1;2;20;-9.093577818513602;14;1;7;4.687830467637161;10;3;0;10;22;-8.024268234429805;4;5;6;20;-5.917170989005102;5;0;0;5;2;1;22;1.8810239013477195;8;5;20;4.223894044982838;6;4;3;16;3;1;3;4;14;2;1;8;16;2;14;16;0;5;12;5;3;0;2;2;0;16;14;2;24;21;-3.7499350252927024;1;0;25;23;4.254175088106149;0;15;25;2;1;0;10;20;-8.713954908102767;5;17;0;5;12;4;23;3.7647129201726943
TRACK:996;765;802;5;4;2;2;3;2;4;6;6;5;17;0;2;1;2;20;-9.153622153155105;13;1;7;4.7105222935329305;10;3;0;10;22;-8.048218599638156;4;5;6;20;-6.062166241792392;5;0;0;5;2;1;22;1.8661513766229876;8;5;20;4.086760033156352;6;4;3;16;3;1;3;4;14;2;1;8;16;2;14;16;0;5;5;1;3;0;5;10;2;18;24;1;2;13;24;5;17;5;3;0;2;2;0;16;14;2;24;21;-3.8282048847382577;1;0;25;23;4.237822928016267;0;15;25;2;1;0;10;20;-8.674357891154948;5;17;0;5;12;4;23;3.9546017698975313
TRACK:997;765;802;5;4;2;2;3;2;4;6;6;5;17;0;2;4;1;14;16;3;0;10;22;-7.989519055688775;4;5;6;20;-6.069261588104474;5;0;0;5;2;1;22;2.0747423306934007;8;5;20;3.983006992437779;6;4;3;16;3;1;3;4;14;2;1;8;16;2;14;14;0;2;10;20;4.878128184407849;5;3;0;2;2;0;16;14;2;24;21;-3.8215327989564245;1;0;25;23;4.089791283911388;0;15;25;2;1;2;13;21;-3.8282048847382577;5;17;0;5;12;4;23;3.9101185789907937
TRACK:998;867;869;5;4;2;2;3;2;4;6;6;5;17;0;2;4;1;14;16;3;0;10;22;-7.898367674910818;2;20;-9.10026794555854;13;5;0;0;5;2;25;5;20;3.8411441546944216;6;4;3;16;3;1;3;4;14;2;1;8;13;2;14;14;0;2;10;20;4.736103838869168;5;3;0;2;2;0;16;14;2;24;21;-4.036288784695879;1;0;25;23;4.091460067938467;0;15;25;2;1;2;13;24;5;17;0;5;12;4;23;3.9777359057842006
TRACK:999;867;869;5;4;2;2;3;2;4;6;6;5;17;0;2;1;2;20;-9.10026794555854;13;1;7;4.677790196848919;10;3;2;24;21;-4.036288784695879;4;5;6;20;-6.072065362531429;5;0;0;5;2;1;22;1.800255234838398;8;12;6;4;3;16;3;1;3;4;14;2;1;8;16;2;14;16;0;5;5;1;3;0;5;10;2;18;24;1;5;6;22;-0.3830395300072446;1;2;16;15;0;12;20;-1.3978591985884323;5;3;0;2;2;0;16;14;2;24;21;-3.8869945036830362;1;0;25;23;4.2510209054504005;0;15;25;2;1;0;10;20;-8.656923090429602;5;17;0;5;12;0;7;-2.3545278068028246;19
TRACK:1000;990;-1;5;4;2;2;3;2;4;6;6;5;17;0;2;4;1;14;16;3;0;10;22;9.298013316913675;4;5;6;20;-5.914174977835393;5;0;0;5;2;1;22;1.979582296592277;8;5;20;4.02481555050116;17;14;0;2;10;20;4.963259164302514;5;3;0;2;2;0;16;14;2;24;21;-3.8541772058213453;1;0;25;23;4.153993698509245;0;24;25;2;1;2;13;24;5;17;0;5;12;4;23;3.8025854588329158
TRACK:1001;992;-1;5;4;2;2;3;2;4;6;6;5;17;0;2;1;2;20;-8.946963674848936;13;20;4.738325663592828;3;0;10;22;-8.312857268469243;4;5;6;20;-6.0452598160877535;5;0;3;1;0;2;12;22;-0.7222052324768207;4;21;1.625981313596414;1;5;8;1;11;10;3;1;3;4;14;2;1;8;16;2;14;16;0;5;5;1;3;0;5;10;2;18;24;1;5;6;22;-0.47887274168925065;1;2;16;15;0;12;20;-1.430612990649402;5;3;0;2;2;0;16;14;2;24;21;-4.024343928610618;1;0;25;23;4.231982275949261;0;15;25;2;1;0;10;20;-8.53078084933834;5;17;0;5;12;0;7;-2.369939159238548;19
TRACK:1002;994;-1;5;5;6;1;6;1;4;0;0;24;22;-5.270009242871003;3;9;0;6;4;14;6;1;9;10;3;2;4;5;5;19;6;5;3;23;2.5930147774663954
TRACK:1003;996;-1;5;4;2;2;3;2;6;6;3;3;17;0;2;1;2;20;-9.207657260861907;13;1;7;4.628411862552618;10;3;0;10;22;-7.981820060849334;4;5;6;20;-6.141688587430075;5;0;0;5;2;1;22;1.8756163869497233;8;5;20;3.9404384641805303;6;4;3;16;3;1;3;4;14;2;1;8;16;2;14;16;0;5;5;1;3;0;5;10;2;18;24;1;2;13;24;5;17;5;3;0;2;2;0;16;14;2;24;21;-3.774872693859656;1;0;25;23;4.30324834279815;0;15;25;2;1;0;10;20;-8.68373448125421;5;17;0;5;12;4;23;4.063899611317846
TRACK:1004;998;-1;5;4;2;2;2;1;4;3;1;13;19;6;6;3;22;0.01116678492925871;3;1;4;3;13;0;4;23;-3.160375195079732;3;13;5;0;0;5;2;25;5;20;3.865822787845383;6;4;3;16;3;1;3;4;14;2;1;8;13;2;14;14;0;2;10;20;4.761474151952833;5;3;0;2;2;0;16;14;2;24;21;-4.149430846803202;1;0;25;23;4.007590095684281;0;15;25;2;1;2;13;24;5;17;0;5;12;4;23;3.7514598069344656
TRACK:1005;991;-1;5;4;2;2;3;2;4;6;6;5;17;0;2;1;2;20;-8.965361319529665;13;1;7;4.65108544408358;10;3;3;14;4;5;6;20;-6.032715864144048;5;0;0;5;2;1;22;1.867346362533274;8;12;6;4;3;16;3;1;3;4;14;2;1;8;7;3.0286470039130435;2;14;16;0;5;5;1;3;0;5;10;2;18;24;1;5;6;22;-0.279095130018716;1;2;16;15;0;12;20;-1.3737024597529666;5;3;0;2;2;0;16;14;2;24;21;-3.860839473353804;1;0;25;23;4.3893556105293;0;15;25;2;1;0;10;20;-8.687825346615517;5;17;0;5;12;0;7;-2.2071839100537503;19
TRACK:1006;993;-1;5;4;2;2;3;2;4;6;6;5;17;0;2;4;1;14;16;3;0;10;22;-7.839080031987345;4;5;6;20;-6.114452011491058;5;0;0;5;2;25;5;20;3.647775896482767;6;4;5;21;0.9876606956348937;3;1;3;4;14;2;1;8;13;2;14;14;0;2;10;20;4.856450891324294;5;3;0;2;6;5;17;1;0;25;23;4.218420601376486;0;15;25;2;1;2;13;24;5;17;0;5;12;4;23;3.784510276065302
TRACK:1007;995;-1;5;4;2;2;3;2;4;6;6;5;17;0;2;1;2;20;-9.082360965940623;14;1;7;4.5645415937600395;10;3;0;10;22;-7.917060409470382;4;5;6;20;-5.762554207827643;5;0;0;5;2;1;22;1.703336501084057;8;5;20;4.331607446788865;6;4;3;16;3;1;3;4;14;2;1;8;16;2;14;16;0;5;12;5;3;0;2;2;0;16;14;2;24;21;-3.7934975921016747;1;0;25;23;4.143814300811035;0;15;25;2;1;0;23;-7.373001259126721;18;5;17;0;5;12;4;23;3.7079012118779424
TRACK:1008;997;-1;5;4;2;2;3;2;4;6;6;5;17;0;2;4;1;14;16;3;0;10;22;-8.046161218242155;4;5;6;20;-6.0806125693768704;5;0;0;5;2;1;22;2.0774240190572137;8;5;20;4.039922770403522;6;4;3;16;3;1;3;4;14;2;1;8;16;2;14;14;0;2;10;20;4.893594251552539;5;3;0;2;2;0;15;14;2;24;21;-3.832871057489707;1;0;25;23;4.174237974061375;0;15;25;2;1;2;13;21;-3.957917429293733;5;17;0;5;12;4;23;3.8229278595019385
TRACK:1009;999;-1;5;4;2;2;3;2;4;6;6;5;17;0;2;0;25;22;-9.150942991180724;3;2;24;21;-4.146953225386557;4;5;6;20;-6.154976998747248;5;0;0;5;2;1;22;1.8929253567212962;8;12;6;4;3;16;3;1;3;4;14;2;1;8;16;2;14;16;0;5;5;1;3;0;5;10;2;18;24;1;5;6;22;-0.26296727262350605;1;2;16;15;0;12;20;-1.2873253834440996;5;3;0;2;2;0;16;14;2;24;21;-3.895280456684729;1;0;25;23;4.28000332742858;0;15;25;2;1;0;10;20;-8.53626373032386;5;17;0;5;12;0;7;-2.4421775469901568;19
EVAL_INSTANCE:50:0:1000
EVAL_INSTANCE:50:1:1001
EVAL_INSTANCE:50:2:1002
EVAL_INSTANCE:50:3:1003
EVAL_INSTANCE:50:4:1004
EVAL_INSTANCE:50:5:1005
EVAL_INSTANCE:50:6:1006
EVAL_INSTANCE:50:7:1007
EVAL_INSTANCE:50:8:1008
EVAL_INSTANCE:50:9:1009
RUN_RESULT:50:0:0:2000:----
RUN_RESULT:50:1:0:2000:----
RUN_RESULT:50:2:0:2000:----
RUN_RESULT:50:3:0:1021:RDRRRDRDRULDLLDLUULURRLDDRRURULLLDLURULLRDDLLUUUDRRULRRRRUUR
RUN_RESULT:50:4:0:2000:----
RUN_RESULT:50:5:0:1204:RRDRRRRDLDLLDLUUDRRUULLLLDLUUUDRRULURRDRRUUR
RUN_RESULT:50:6:0:2000:----
RUN_RESULT:50:7:0:2000:----
RUN_RESULT:50:8:0:2000:----
RUN_RESULT:50:9:0:2000:----
    51 |      510 | -2.630100E+03 | -2.979000E+03
TRACK:1010;869;1003;5;4;2;2;3;2;4;6;6;5;17;0;2;1;2;20;-9.10026794555854;13;1;7;4.677790196848919;10;3;0;10;10;4;5;6;20;-6.072065362531429;5;0;0;5;2;1;22;1.800255234838398;8;12;6;4;3;16;3;1;3;4;14;2;1;8;16;2;14;16;0;5;5;1;3;0;5;10;2;18;24;1;5;6;22;-0.3830395300072446;1;2;16;15;0;12;20;-1.3978591985884323;5;3;0;2;2;0;16;14;2;24;21;-3.8869945036830362;1;0;25;23;4.2510209054504005;0;15;25;2;1;0;10;20;-8.656923090429602;5;17;0;5;12;0;7;-2.3545278068028246;19
TRACK:1011;869;1003;5;4;2;2;3;2;6;6;3;3;17;0;2;1;2;20;-9.207657260861907;13;1;7;4.628411862552618;10;3;0;10;22;-7.981820060849334;4;5;6;20;-6.141688587430075;5;0;0;5;2;1;22;1.8756163869497233;8;5;20;3.9404384641805303;6;4;3;16;3;1;3;4;14;2;1;8;16;2;14;16;0;5;5;1;3;0;5;10;2;18;24;1;2;13;24;5;17;5;3;0;2;2;0;16;14;2;24;21;-3.774872693859656;1;0;25;23;4.30324834279815;0;15;25;2;1;0;10;20;-8.68373448125421;5;10;0;5;12;4;23;4.063899611317846
TRACK:1012;1005;867;5;4;2;2;3;2;4;6;6;5;17;0;2;1;2;20;-8.965361319529665;13;1;7;4.65108544408358;10;3;3;14;4;5;6;20;-6.032715864144048;5;0;0;5;2;1;22;1.867346362533274;8;12;6;4;3;16;3;1;3;4;14;2;1;8;7;3.0286470039130435;2;14;16;0;5;5;14;5;3;0;2;2;0;16;14;2;24;21;-3.860839473353804;1;0;25;23;4.3893556105293;0;15;25;2;1;0;10;20;-8.687825346615517;5;17;0;5;12;0;7;-2.2071839100537503;19
TRACK:1013;1005;867;5;4;2;2;3;2;4;6;6;5;17;0;2;4;1;14;16;3;0;10;22;-7.898367674910818;4;5;6;20;-6.102087867045244;5;0;0;5;2;25;5;20;3.8411441546944216;6;4;3;16;3;1;3;4;14;2;1;8;22;-0.279095130018716;2;14;14;0;2;10;20;4.736103838869168;5;3;0;2;2;0;16;14;2;24;21;-4.036288784695879;1;0;25;23;4.091460067938467;0;15;25;2;1;2;13;24;5;17;0;5;12;4;23;3.9777359057842006
TRACK:1014;923;802;5;4;2;2;3;2;4;6;6;5;17;0;2;4;1;14;16;3;0;10;22;9.292210937061046;4;5;6;20;-5.851164461053074;24;0;2;10;20;5.080273129874695;5;3;0;2;2;0;16;14;2;24;21;-3.796839288102606;1;0;25;23;4.156701824089024;0;15;25;2;1;2;13;24;5;17;0;5;12;4;23;3.876335539316629
TRACK:1015;923;802;5;4;2;2;3;2;4;6;6;5;17;0;2;4;1;14;16;3;0;10;22;-7.989519055688775;4;5;6;20;-6.069261588104474;5;0;0;5;2;1;22;2.0747423306934007;8;5;20;3.983006992437779;6;4;3;16;3;1;3;4;14;2;1;8;16;2;14;14;0;2;10;20;4.878128184407849;5;3;0;2;2;0;16;14;2;24;21;-3.8215327989564245;1;0;25;23;4.089791283911388;0;15;25;2;1;2;13;24;5;17;0;5;12;6;20;-5.851164461053074
TRACK:1016;1003;867;5;4;2;2;3;2;6;6;3;3;17;0;2;1;2;20;-9.207657260861907;13;1;7;4.628411862552618;10;3;0;10;22;-7.981820060849334;4;5;6;20;-6.141688587430075;5;0;0;5;2;1;22;1.8756163869497233;8;5;20;3.9404384641805303;6;23;4.091460067938467;3;1;3;4;14;2;1;8;16;2;14;16;0;5;5;1;3;0;5;10;2;18;24;1;2;13;24;5;17;5;3;0;2;2;0;16;14;2;24;21;-3.774872693859656;1;0;25;23;4.30324834279815;0;15;25;2;1;0;10;20;-8.68373448125421;5;17;0;5;12;4;23;4.063899611317846
TRACK:1017;1003;867;5;4;2;2;3;2;24;0;2;4;1;14;16;3;0;10;22;-7.898367674910818;4;5;6;20;-6.102087867045244;5;0;0;5;2;25;5;20;3.8411441546944216;6;4;3;16;3;1;3;4;14;2;1;8;13;2;14;14;0;2;10;20;4.736103838869168;5;3;0;2;2;0;16;14;2;24;21;-4.036288784695879;1;0;25;23;4.091460067938467;0;15;25;2;1;2;13;24;5;17;0;5;12;4;23;3.9777359057842006
TRACK:1018;1005;869;5;4;2;2;3;2;4;6;6;5;17;0;2;1;2;20;-8.965361319529665;13;1;7;4.65108544408358;10;3;3;14;4;5;6;20;-6.032715864144048;5;0;0;5;2;1;22;1.867346362533274;8;12;6;4;3;16;3;1;3;4;17;2;1;8;7;3.0286470039130435;2;14;16;0;5;5;1;3;0;5;10;2;18;24;1;5;6;22;-0.279095130018716;1;2;16;15;0;12;20;-1.3737024597529666;5;3;0;2;2;0;16;14;2;24;21;-3.860839473353804;1;0;25;23;4.3893556105293;0;15;25;2;1;0;10;20;-8.687825346615517;5;17;0;5;12;0;7;-2.2071839100537503;19
TRACK:1019;1005;869;5;4;2;2;3;2;4;6;6;5;17;0;2;1;2;20;-9.10026794555854;13;1;7;4.677790196848919;10;3;0;10;22;-8.146932635534975;4;5;6;20;-6.072065362531429;5;0;0;5;2;1;22;1.800255234838398;8;12;6;4;3;16;3;1;3;4;14;2;1;8;16;2;14;16;0;5;5;1;3;0;5;10;2;18;24;1;5;6;22;-0.3830395300072446;1;2;16;15;0;12;20;-1.3978591985884323;5;3;0;2;2;0;16;14;2;24;21;-3.8869945036830362;1;0;16;14;0;15;25;2;1;0;10;20;-8.656923090429602;5;17;0;5;12;0;7;-2.3545278068028246;19
TRACK:1020;1010;-1;5;4;2;2;3;2;4;6;6;5;17;0;2;1;2;20;-9.121414039675898;13;1;7;4.901007768178409;10;3;0;10;10;4;5;6;20;-5.9196338109353555;5;0;0;5;2;1;22;1.9256331950012726;8;12;6;4;3;16;3;1;3;4;24;2;1;8;16;2;14;16;0;5;5;1;3;0;5;10;2;18;24;1;5;6;22;-0.06694646924367592;1;2;16;15;0;12;20;-1.367994173083542;5;3;0;2;2;0;16;14;2;24;21;-3.965730161041048;1;0;25;23;4.261945750929515;0;15;25;2;1;0;10;20;-8.598120447863161;5;17;0;5;12;0;7;-2.2374629956705605;19
TRACK:1021;1012;-1;5;4;2;2;3;2;4;6;6;5;17;0;2;1;2;20;-9.065421879209403;13;1;7;4.682277556075846;10;3;3;14;4;5;6;20;-6.116358418737203;5;0;0;5;2;1;22;1.830077426863053;8;12;6;4;3;16;3;1;3;4;14;2;1;8;7;2.9872849921637874;2;14;16;0;5;5;5;3;4;12;5;3;0;2;2;0;16;14;2;24;21;-3.800262909198186;1;0;25;23;4.458632989242314;0;15;25;2;1;0;10;20;-8.641548098306409;5;17;0;5;12;0;7;-2.2737204507498885;19
TRACK:1022;923;-1;5;4;2;2;3;2;4;6;6;5;17;0;2;4;1;14;16;3;0;10;22;9.143065663019236;4;5;6;20;-5.900018082724042;5;0;0;5;2;1;22;2.179733160168209;8;5;20;4.134682593195991;6;4;3;16;14;0;2;10;20;5.102859010931652;5;3;1;0;0;0;9;11;2;7;7.345134414228298;25;3;4;7;4.693978930410015;3;0;0;11;18;3;15
TRACK:1023;1016;-1;5;4;2;2;3;2;6;6;3;3;17;0;2;1;2;20;-9.262756085420737;13;4;18;3;0;10;22;-7.940297948768485;4;5;6;20;-6.218546240319536;5;0;0;5;2;1;22;2.0132804879754183;8;5;20;3.867054467758276;6;23;4.032282977846763;3;1;3;4;14;2;1;8;16;2;14;16;0;5;5;1;3;0;5;10;2;18;24;1;2;13;24;5;17;5;3;0;2;2;0;16;14;2;24;21;-3.9176189951800673;1;0;25;23;4.38400275487165;0;15;25;2;1;0;10;20;-8.783438045393437;5;17;0;5;12;4;23;4.1535545083470975
TRACK:1024;1018;-1;5;4;2;2;3;2;4;6;6;5;17;0;2;1;2;20;-8.925525266955049;13;1;7;4.666627288205273;10;3;3;14;4;5;6;20;-6.216256641064267;5;0;0;5;2;1;22;1.8645292015810087;8;12;6;4;3;16;3;1;3;4;17;2;1;8;7;3.0214984286391147;2;14;16;0;5;5;1;3;0;5;10;2;18;24;1;5;6;22;-0.2671669727560808;1;2;16;15;0;12;20;-1.3246246262741883;5;3;0;2;2;0;16;14;2;24;21;-3.8833788327464873;1;0;25;23;4.279142720055869;0;15;25;2;6;5;15;0;5;12;0;7;-2.2465763733552144;19
TRACK:1025;1011;-1;5;4;2;2;3;2;6;6;3;3;17;0;2;1;2;20;-9.34822306074205;13;1;7;4.554308555032688;10;3;0;7;-4.898924573077366;18;4;5;6;20;-6.1642171340877;5;0;0;5;2;1;22;1.7993902719230273;8;5;20;3.9609408208269064;6;4;3;16;3;1;3;4;14;2;1;8;16;2;14;16;0;5;5;1;3;0;5;10;2;18;24;1;2;13;24;5;17;5;3;0;2;2;0;16;14;2;24;21;-3.9480908736473808;1;0;25;23;4.380836006477537;0;15;25;2;1;0;10;20;-8.872119355467962;5;10;0;5;12;4;23;4.144439430984604
TRACK:1026;1013;-1;5;4;2;2;3;2;4;6;6;5;17;0;2;4;1;14;16;3;0;10;22;-7.887017381242363;4;5;6;20;-6.113130058318125;5;0;0;5;2;25;5;20;3.7712300349213295;6;4;3;16;3;1;3;4;14;2;1;8;22;-0.2575447011963157;2;14;14;0;2;10;20;4.660423407019224;5;3;0;2;2;0;16;14;2;24;21;-4.108564152484878;1;4;8;0;15;25;2;1;2;13;24;5;17;0;5;12;4;23;4.060243527523705
TRACK:1027;802;-1;5;4;2;2;3;2;4;6;6;5;17;0;2;4;1;14;16;3;0;10;22;-7.930600446527588;4;5;6;20;-6.081963567855188;5;0;0;5;2;1;22;1.91153242809738;8;5;20;4.007593660211926;6;4;3;16;3;1;3;4;14;2;1;8;16;2;14;14;0;2;10;20;4.797276853043848;5;3;0;2;2;0;16;14;2;24;21;-3.8620563359603284;1;0;25;23;3.964002556993704;5;20;5.24508084901764;2;1;2;13;24;5;17;0;5;12;4;23;3.8253055789468653
TRACK:1028;1017;-1;5;4;2;2;3;2;24;0;2;4;1;14;16;3;0;10;22;-7.880490282844603;4;5;6;20;-6.068979317128471;5;0;0;5;2;25;5;20;3.9096628129103213;6;4;3;16;3;1;3;4;14;2;1;8;13;2;14;14;0;2;1;10;9;20;4.856244153364976;5;3;0;2;2;0;16;14;2;24;21;-3.943715954664235;1;0;25;23;4.107287106513953;0;15;25;2;1;2;13;24;5;17;0;5;12;4;23;4.00645905256698
TRACK:1029;1019;-1;5;4;2;2;3;2;4;6;6;5;17;0;2;1;2;20;-9.028188988766145;13;1;7;4.774172187236973;10;3;0;10;22;-8.16958958307313;4;5;6;20;-5.981394118267873;5;0;0;5;2;1;22;1.7254617883000658;8;12;6;4;3;16;3;1;3;4;14;2;1;8;16;2;14;16;0;5;5;1;3;0;5;10;2;18;24;1;5;6;22;-0.43642641605200494;1;2;16;15;0;12;20;-1.1717878153211974;5;3;0;2;2;0;16;14;2;24;21;-3.8359389602055796;1;0;16;14;0;15;25;2;1;0;10;20;-8.56487814818459;5;17;0;5;12;0;7;-2.245935876440381;19
EVAL_INSTANCE:51:0:1020
EVAL_INSTANCE:51:1:1021
EVAL_INSTANCE:51:2:1022
EVAL_INSTANCE:51:3:1023
EVAL_INSTANCE:51:4:1024
EVAL_INSTANCE:51:5:1025
EVAL_INSTANCE:51:6:1026
EVAL_INSTANCE:51:7:1027
EVAL_INSTANCE:51:8:1028
EVAL_INSTANCE:51:9:1029
RUN_RESULT:51:0:0:1849:RRDRRRDDRULLDLDLUUDRRUULLLLDLUUUDRRULRRRRUUR
RUN_RESULT:51:1:0:2000:----
RUN_RESULT:51:2:0:2000:----
RUN_RESULT:51:3:0:2000:----
RUN_RESULT:51:4:0:1718:RDRRRRDDRUDLLLDLUUDRRUULLLLDLUUUDRRULRRRRUUR
RUN_RESULT:51:5:0:2000:----
RUN_RESULT:51:6:0:2000:----
RUN_RESULT:51:7:0:1974:RRDDDDRULUURRDLDLURULDLURULULRDDLUURULRRDDRDRRRDULLUUUUR
RUN_RESULT:51:8:0:2000:----
RUN_RESULT:51:9:0:2000:----
    52 |      520 | -2.630100E+03 | -2.979000E+03
TRACK:1030;1003;949;5;4;2;2;3;2;6;6;3;3;17;0;2;1;2;20;-9.207657260861907;13;1;7;4.628411862552618;10;3;0;10;22;-7.981820060849334;4;5;6;20;-6.141688587430075;5;0;4;5;6;20;-5.917170989005102;3;1;3;4;14;2;1;8;16;2;14;16;0;5;5;1;3;0;5;10;2;18;24;1;2;13;24;5;17;5;3;0;2;2;0;16;14;2;24;21;-3.774872693859656;1;0;25;23;4.30324834279815;0;15;25;2;1;0;10;20;-8.68373448125421;5;17;0;5;12;4;23;4.063899611317846
TRACK:1031;1003;949;5;4;2;2;3;2;4;6;6;5;17;0;2;1;2;20;-9.093577818513602;14;1;7;4.687830467637161;10;3;0;10;22;-8.024268234429805;4;5;6;20;-5.917170989005102;5;0;0;5;2;1;22;1.8810239013477195;8;5;20;4.223894044982838;6;4;3;16;3;1;3;4;14;2;1;8;16;2;14;16;0;5;5;3;4;14;5;3;0;2;2;0;16;14;2;24;21;-3.7499350252927024;1;0;25;23;4.254175088106149;0;15;25;2;1;0;10;20;-8.713954908102767;5;17;0;5;12;4;23;3.7647129201726943
TRACK:1032;869;765;5;4;2;2;3;2;4;6;6;5;17;0;2;1;8;16;2;14;16;4;5;6;20;-6.072065362531429;5;0;0;5;2;1;22;1.800255234838398;8;12;6;4;3;16;3;1;3;4;14;2;1;8;16;2;14;16;0;5;5;1;3;0;5;10;2;18;24;1;5;6;22;-0.3830395300072446;1;2;16;15;0;12;20;-1.3978591985884323;5;3;0;2;2;0;16;14;2;24;21;-3.8869945036830362;1;0;25;23;4.2510209054504005;0;15;25;2;1;0;10;20;-8.656923090429602;5;17;0;5;12;0;7;-2.3545278068028246;19
TRACK:1033;869;765;5;4;2;2;3;2;4;6;6;5;17;0;2;1;2;20;-9.153622153155105;13;1;7;4.7105222935329305;10;3;0;10;22;-8.048218599638156;4;5;6;20;-6.062166241792392;5;0;0;5;2;1;22;1.8661513766229876;8;5;20;4.086760033156352;6;4;3;16;3;1;3;4;14;2;1;8;16;2;14;16;0;5;5;1;3;0;5;10;2;18;24;1;5;6;22;-0.26593133982518846;1;19;0;12;20;-1.395856082295956;5;3;0;2;2;0;16;14;2;24;21;-3.8282048847382577;1;0;25;23;4.237822928016267;0;15;25;2;1;0;10;20;-8.674357891154948;5;17;0;5;12;4;23;3.9546017698975313
TRACK:1034;1005;1005;5;4;2;2;3;2;4;6;6;5;17;0;2;1;2;20;-8.965361319529665;13;1;7;4.65108544408358;10;3;3;14;4;5;6;20;-6.032715864144048;5;0;0;5;2;1;22;1.867346362533274;8;12;6;4;3;16;3;1;3;4;23;4.3893556105293;2;1;8;7;3.0286470039130435;2;14;16;0;5;5;1;3;0;5;10;2;18;24;1;5;6;22;-0.279095130018716;1;2;16;15;0;12;20;-1.3737024597529666;5;3;0;2;2;0;16;14;2;24;21;-3.860839473353804;1;0;25;23;4.3893556105293;0;15;25;2;1;0;10;20;-8.687825346615517;5;17;0;5;12;0;7;-2.2071839100537503;19
TRACK:1035;1005;1005;5;4;2;2;3;2;4;6;6;5;17;0;2;1;2;20;-8.965361319529665;13;1;7;4.65108544408358;10;3;3;14;4;5;6;20;-6.032715864144048;5;0;0;5;2;1;22;1.867346362533274;8;12;6;4;3;16;3;1;3;4;14;2;1;8;7;3.0286470039130435;2;14;16;0;5;5;1;3;0;16;14;1;5;6;22;-0.279095130018716;1;2;16;15;0;12;20;-1.3737024597529666;5;3;0;2;2;0;16;14;2;24;21;-3.860839473353804;1;0;25;23;4.3893556105293;0;15;25;2;1;0;10;20;-8.687825346615517;5;17;0;5;12;0;7;-2.2071839100537503;19
TRACK:1036;867;869;5;4;2;2;3;2;4;6;6;5;17;0;2;4;1;14;16;3;0;10;22;-7.898367674910818;4;5;6;20;-6.102087867045244;5;0;0;5;2;25;5;20;3.8411441546944216;6;4;3;16;3;1;3;4;14;2;1;8;13;2;14;14;0;2;10;20;4.736103838869168;5;3;5;6;22;-0.3830395300072446
TRACK:1037;867;869;5;4;2;2;3;2;4;6;6;5;17;0;2;1;2;20;-9.10026794555854;13;1;7;4.677790196848919;10;3;0;10;22;-8.146932635534975;4;5;6;20;-6.072065362531429;5;0;0;5;2;1;22;1.800255234838398;8;12;6;4;3;16;3;1;3;4;24;2;1;8;16;2;14;16;0;5;5;1;3;0;5;10;2;18;24;1;5;6;22;-0.3830395300072446;1;2;16;15;0;12;20;-1.3978591985884323;5;3;0;2;2;0;16;14;2;24;21;-3.8869945036830362;1;0;25;23;4.2510209054504005;0;15;25;2;1;0;10;20;-8.656923090429602;5;17;0;5;12;0;7;-2.3545278068028246;19
TRACK:1038;765;1003;5;4;2;2;3;2;4;6;6;5;17;23;4.063899611317846;5;0;0;5;2;1;22;1.8661513766229876;8;5;20;4.086760033156352;6;4;3;16;3;1;3;4;14;2;1;8;16;2;14;16;0;5;5;1;3;0;5;10;2;18;24;1;5;6;22;-0.26593133982518846;1;2;16;15;0;12;20;-1.395856082295956;5;3;0;2;2;0;16;14;2;24;21;-3.8282048847382577;1;0;25;23;4.237822928016267;0;15;25;2;1;0;10;20;-8.674357891154948;5;17;0;5;12;4;23;3.9546017698975313
TRACK:1039;765;1003;5;4;2;2;3;2;6;6;3;3;17;0;2;1;22;-0.26593133982518846;1;7;4.628411862552618;10;3;0;10;22;-7.981820060849334;4;5;6;20;-6.141688587430075;5;0;0;5;2;1;22;1.8756163869497233;8;5;20;3.9404384641805303;6;4;3;16;3;1;3;4;14;2;1;8;16;2;14;16;0;5;5;1;3;0;5;10;2;18;24;1;2;13;24;5;17;5;3;0;2;2;0;16;14;2;24;21;-3.774872693859656;1;0;25;23;4.30324834279815;0;15;25;2;1;0;10;20;-8.68373448125421;5;17;0;5;12;4;23;4.063899611317846
TRACK:1040;1030;-1;5;4;2;2;3;2;6;6;3;3;17;0;2;1;2;20;-9.384677081662725;13;1;7;4.724536528947604;10;3;0;10;22;-8.10808416883241;4;5;6;20;-6.452547318184229;5;0;4;5;6;20;-5.973366600263581;3;1;3;4;14;2;1;8;16;2;14;16;0;5;5;1;3;0;5;10;2;25;24;1;2;13;24;5;17;5;3;0;2;2;0;16;14;2;24;21;-3.8918131107077376;1;0;25;23;4.274437946623992;0;15;25;2;1;0;10;20;-8.771607547175226;5;17;0;5;12;4;23;4.159063664910425
TRACK:1041;1032;-1;5;4;2;2;3;2;4;6;6;5;17;0;2;1;8;16;2;14;16;4;5;6;20;-6.250606426689293;5;0;0;5;2;1;22;1.7631696537430306;8;12;6;4;3;16;3;1;3;4;14;2;1;8;16;2;14;16;0;5;5;1;3;0;5;10;2;18;24;1;5;6;22;-0.3767430979324422;1;2;16;21;-1.5364701431505505;0;12;20;-1.4442664400615106;5;3;0;2;2;0;16;14;2;24;21;-3.9490684101638185;1;0;25;23;4.167609136306426;0;15;25;2;1;0;10;20;-8.686726687241165;5;17;0;5;12;0;7;-2.306478850853935;19
TRACK:1042;1034;-1;5;4;2;2;3;2;4;6;6;5;17;0;2;1;2;20;-8.8944611236667;13;1;7;4.661320945755869;10;3;3;14;4;5;6;20;-5.940951445570507;5;0;0;5;2;1;22;1.8574169009601602;8;12;6;4;3;16;3;1;3;0;14;8;2;1;8;7;2.8373185578233344;2;14;16;0;5;5;1;3;0;5;10;2;18;24;1;5;6;22;-0.24993373527855578;1;2;16;15;0;12;20;-1.3827910436136586;5;3;0;2;2;0;16;14;2;24;21;-3.8989401262262056;1;0;25;23;4.349409993825496;0;15;25;2;1;0;10;20;-8.69147799124809;5;17;0;5;12;0;7;-2.18358569062318;19
TRACK:1043;1036;-1;5;4;2;1;4;6;6;4;5;0;25;9;3;3;0;6;4;3;10;4;6;5;8;0;2;10;20;4.850712100931641;5;3;5;6;22;-0.336050230547942
TRACK:1044;1038;-1;5;1;4;4;4;4;22;6.306596422941183;4;6;1;0;14;24;6;18
TRACK:1045;1031;-1;5;4;2;2;3;2;1;3;1;2;20;-7.788560755338678;21;-8.108569432900854;4;17;2;5;3;22;8.792035798220997;3;5;15;0;2;1;2;20;-9.056314707358666;14;1;7;4.7734248417196;10;3;0;10;22;-8.008831775416404;4;5;6;20;-5.832448625804221;5;0;0;5;2;1;22;1.8886251911210166;8;5;20;4.349321982349073;6;4;3;16;3;1;3;4;14;2;1;8;16;2;14;16;0;5;5;3;4;14;5;3;0;2;2;0;16;14;2;24;21;-3.8623486543231524;1;0;25;23;4.158544442173203;0;15;25;2;1;0;10;20;-8.88137428015018;5;17;0;5;12;4;23;3.980241556407063
TRACK:1046;1033;-1;5;4;2;2;3;2;4;6;6;5;17;0;2;1;2;20;-9.355074264035185;13;1;7;4.724215431606884;10;3;0;10;22;-7.9511373299606705;4;5;6;20;-5.983964838323874;5;0;0;5;2;1;22;1.9314299259908025;8;5;20;4.152512132438773;6;4;3;16;3;1;3;4;14;2;1;8;16;2;14;16;0;5;5;1;3;0;5;10;2;18;24;1;5;6;22;-0.28757823940201127;1;19;0;12;20;-1.4633171040712758;5;3;0;2;2;0;18;19;2;24;21;-3.709295399714405;1;0;25;23;4.362302888231859;0;15;25;2;1;0;10;20;-8.570030217492292;5;17;0;5;12;4;23;3.7701523246813804
TRACK:1047;1035;-1;5;4;2;2;3;2;4;1;14;8;0;2;1;2;20;-8.890507047388876;13;1;7;4.460299696689928;10;3;3;14;4;5;6;20;-6.030163229486091;5;0;0;5;2;1;22;1.7208372731728445;8;12;6;4;3;16;3;1;3;4;14;2;1;8;7;3.0245000730610654;2;14;16;0;5;5;1;3;0;16;14;1;5;6;22;-0.1615146795379651;1;2;16;15;0;12;20;-1.2616676529384085;5;3;0;2;2;0;16;14;2;24;21;-3.8949566241134783;1;0;25;23;4.398742894471168;0;15;25;2;1;0;10;20;-8.715577034144045;5;17;0;5;12;0;7;-2.3283534256049028;19
TRACK:1048;1037;-1;5;4;2;2;3;2;4;6;6;5;17;0;2;1;2;20;-9.12709860072555;13;1;7;4.543259412194505;10;3;0;10;22;-8.170169351912675;4;5;6;20;-6.198203782871704;5;0;0;5;2;1;22;1.825808307654569;8;12;6;4;3;16;3;1;3;4;24;2;1;8;16;2;14;16;0;5;5;1;3;0;5;10;2;18;24;1;5;6;22;-0.177016687853198;1;2;16;15;0;12;20;-1.4181780435596467;5;3;0;2;2;0;16;14;2;24;21;-3.6887178603003505;1;0;25;10;0;15;25;2;1;0;10;20;-8.445582554417367;5;17;0;5;12;0;7;-2.2735859545811374;19
TRACK:1049;1039;-1;5;4;2;2;3;2;6;6;3;3;17;0;2;1;22;-0.3091977871779439;1;7;4.5052277707410315;10;3;0;10;22;-7.836251112951513;4;5;6;20;-6.110306307115137;5;0;0;5;2;1;22;2.1229647785003873;8;5;20;3.972622752430849;6;4;3;16;3;1;3;4;14;2;1;8;16;2;14;16;0;5;5;1;3;0;5;10;2;18;24;1;2;13;24;5;17;5;3;0;2;2;0;16;14;2;24;21;-3.8746412731914184;1;0;25;23;4.3313465590548095;0;15;25;2;1;0;10;20;-8.710835982419635;5;17;3;1;22;-3.4957201135346283;22;-8.066273845837515
EVAL_INSTANCE:52:0:1040
EVAL_INSTANCE:52:1:1041
EVAL_INSTANCE:52:2:1042
EVAL_INSTANCE:52:3:1043
EVAL_INSTANCE:52:4:1044
EVAL_INSTANCE:52:5:1045
EVAL_INSTANCE:52:6:1046
EVAL_INSTANCE:52:7:1047
EVAL_INSTANCE:52:8:1048
EVAL_INSTANCE:52:9:1049
RUN_RESULT:52:0:0:2000:----
RUN_RESULT:52:1:0:2000:----
RUN_RESULT:52:2:0:1726:RRDRRDRDRUDLLLDLUUDRRUULLLLDLUUUDRRULRRRRUUR
RUN_RESULT:52:3:0:2000:----
RUN_RESULT:52:4:0:2000:----
RUN_RESULT:52:5:0:2000:----
RUN_RESULT:52:6:0:2000:----
RUN_RESULT:52:7:0:2000:----
RUN_RESULT:52:8:0:2000:----
RUN_RESULT:52:9:0:2000:----
    53 |      530 | -2.630100E+03 | -2.979000E+03
TRACK:1050;923;1005;5;4;2;2;3;2;4;6;6;5;20;-8.687825346615517;0;2;4;1;14;16;3;0;10;22;9.292210937061046;4;5;6;20;-5.851164461053074;5;0;0;5;2;1;22;2.1216412917673444;8;5;20;4.003860472705314;6;4;3;16;14;0;2;10;20;5.080273129874695;5;3;0;2;2;0;16;14;2;24;21;-3.796839288102606;1;0;25;23;4.156701824089024;0;15;25;2;1;2;13;24;5;17;0;5;12;4;23;3.876335539316629
TRACK:1051;923;1005;5;4;2;2;3;2;4;6;6;5;17;0;2;1;2;20;-8.965361319529665;13;1;7;4.65108544408358;10;3;3;14;4;5;6;20;-6.032715864144048;5;0;0;5;2;1;22;1.867346362533274;8;12;6;4;3;16;3;1;3;4;14;2;1;8;7;3.0286470039130435;2;14;16;0;5;5;1;3;0;5;10;2;18;24;1;5;6;22;-0.279095130018716;1;2;16;15;0;20;4.003860472705314;20;-1.3737024597529666;5;3;0;2;2;0;16;14;2;24;21;-3.860839473353804;1;0;25;23;4.3893556105293;0;15;25;2;1;0;10;20;-8.687825346615517;5;17;0;5;12;0;7;-2.2071839100537503;19
TRACK:1052;765;869;5;4;2;2;3;2;4;6;6;5;17;0;2;1;2;20;-9.153622153155105;13;1;7;4.7105222935329305;10;3;0;10;22;-8.048218599638156;4;5;6;20;-6.062166241792392;5;0;0;5;2;1;22;1.8661513766229876;8;5;20;4.086760033156352;6;4;3;16;3;1;3;4;14;2;1;8;16;2;14;16;0;5;5;1;3;0;5;10;2;18;24;1;5;6;22;-0.26593133982518846;1;22;-8.146932635534975;0;12;20;-1.395856082295956;5;3;0;2;2;0;16;14;2;24;21;-3.8282048847382577;1;0;25;23;4.237822928016267;0;15;25;2;1;0;10;20;-8.674357891154948;5;17;0;5;12;4;23;3.9546017698975313
TRACK:1053;765;869;5;4;2;2;3;2;4;6;6;5;17;0;2;1;2;20;-9.10026794555854;13;1;7;4.677790196848919;10;3;0;10;22;-8.146932635534975;4;5;6;20;-6.072065362531429;5;0;0;5;6;5;17;6;4;3;16;3;1;3;4;14;2;1;8;16;2;14;16;0;5;5;1;3;0;5;10;2;18;24;1;5;6;22;-0.3830395300072446;1;2;16;15;0;12;20;-1.3978591985884323;5;3;0;2;2;0;16;14;2;24;21;-3.8869945036830362;1;0;25;23;4.2510209054504005;0;15;25;2;1;0;10;20;-8.656923090429602;5;17;0;5;12;0;7;-2.3545278068028246;19
TRACK:1054;1003;984;5;4;2;2;3;2;6;6;3;3;17;0;2;1;2;20;-9.207657260861907;13;1;7;4.628411862552618;10;3;0;10;22;-7.981820060849334;4;5;6;20;-6.141688587430075;5;0;0;5;2;1;20;-6.065877356759068;8;5;20;3.9404384641805303;6;4;3;16;3;1;3;4;14;2;1;8;16;2;14;16;0;5;5;1;3;0;5;10;2;18;24;1;2;13;24;5;17;5;3;0;2;2;0;16;14;2;24;21;-3.774872693859656;1;0;25;23;4.30324834279815;0;15;25;2;1;0;10;20;-8.68373448125421;5;17;0;5;12;4;23;4.063899611317846
TRACK:1055;1003;984;5;4;2;2;3;2;4;6;6;5;17;0;2;1;2;20;-9.015443606215715;13;1;7;4.768008026738547;10;3;3;7;6.553720848179637;4;5;6;20;-6.065877356759068;5;0;0;5;2;1;22;1.7873954182830762;8;12;6;4;3;16;3;1;3;4;14;2;1;8;16;2;14;16;0;5;5;1;3;0;23;4.30324834279815;2;18;24;1;5;6;22;-0.4243899780768547;1;2;16;15;0;12;20;-1.3406973226825891;5;3;0;2;2;0;16;14;2;24;21;-3.804766246440918;1;0;25;23;4.299518017422118;0;15;25;2;1;0;10;20;-8.634811830315641;5;17;0;5;12;0;7;-2.1429652344336336;19
TRACK:1056;923;1005;5;4;2;2;3;2;4;6;6;5;17;0;2;4;1;14;16;3;0;10;22;9.292210937061046;4;5;6;20;-5.851164461053074;5;0;0;5;2;1;22;2.1216412917673444;8;5;20;4.003860472705314;6;4;3;16;24;0;2;10;20;5.080273129874695;5;3;0;2;2;0;16;14;2;24;21;-3.796839288102606;1;0;25;23;4.156701824089024;0;15;25;2;1;2;13;24;5;17;0;5;12;4;23;3.876335539316629
TRACK:1057;923;1005;5;4;2;2;3;2;4;6;6;5;17;0;2;1;2;20;-8.965361319529665;13;1;7;4.65108544408358;10;3;3;14;4;5;6;20;-6.032715864144048;5;0;0;5;2;1;22;1.867346362533274;8;12;6;4;3;16;3;1;3;4;14;2;1;8;7;3.0286470039130435;2;14;20;5.080273129874695;0;5;5;1;3;0;5;10;2;18;24;1;5;6;22;-0.279095130018716;1;2;16;15;0;12;20;-1.3737024597529666;5;3;0;2;2;0;16;14;2;24;21;-3.860839473353804;1;0;25;23;4.3893556105293;0;15;25;2;1;0;10;20;-8.687825346615517;5;17;0;5;12;0;7;-2.2071839100537503;19
TRACK:1058;869;1003;5;4;3;0;5;10;2;18;24
TRACK:1059;869;1003;5;4;2;2;3;2;6;6;3;3;17;0;2;1;2;20;-9.207657260861907;13;1;7;4.628411862552618;10;3;0;10;22;-7.981820060849334;4;5;6;20;-6.141688587430075;5;0;0;5;2;1;22;1.8756163869497233;14;5;20;3.9404384641805303;6;4;3;16;3;1;3;4;14;2;1;8;16;2;14;16;0;5;5;1;3;0;5;10;2;18;24;1;2;13;24;5;17;5;3;0;2;2;0;16;14;2;24;21;-3.774872693859656;1;0;25;23;4.30324834279815;0;15;25;2;1;0;10;20;-8.68373448125421;5;17;0;5;12;4;23;4.063899611317846
TRACK:1060;1050;-1;5;4;2;2;3;2;4;6;6;5;20;-8.778644244708097;0;2;4;1;14;16;3;0;10;22;9.178378015487759;4;5;6;20;-5.775732010438656;5;0;0;5;3;1;18;25;6;4;3;16;14;0;2;10;20;5.0250050849033645;5;3;0;2;2;0;16;14;2;24;21;-3.751258108672403;1;0;25;23;4.190615727094072;0;15;25;2;1;2;13;24;5;17;0;5;12;4;23;3.7852390604356625
TRACK:1061;1052;-1;5;4;2;2;3;2;4;6;6;5;17;0;2;1;2;20;-9.039569081340264;13;1;7;4.837741825019825;10;3;0;10;22;-7.944405801577792;4;5;6;20;-6.105147818177621;5;0;0;5;2;1;22;1.707420927199008;8;5;20;4.2318800979786575;6;4;3;16;3;1;3;4;14;2;1;8;16;2;9;16;0;5;5;1;3;0;5;10;2;18;24;1;5;6;22;-0.4138428901150052;1;22;-7.876843198049442;0;12;20;-1.5623372030910287;5;3;0;2;2;0;16;14;2;24;21;-3.8087868578775077;1;0;25;23;4.171642255145809;0;15;25;2;1;0;10;20;-8.651034606454164;5;17;0;5;12;4;23;4.002653235874816
TRACK:1062;1054;-1;5;4;2;2;3;2;6;6;2;5;23;-8.243013454863267;3;25;0;2;1;2;20;-9.274793054605146;13;1;7;4.696129849456456;10;3;0;10;22;-7.841772131619878;4;5;6;20;-5.985789688356838;5;0;0;5;2;1;20;-6.1984745613714685;8;5;20;4.036358079214494;6;4;3;16;3;1;3;4;14;2;1;8;16;2;14;16;0;5;5;1;3;0;5;10;2;18;24;1;2;13;24;5;17;5;3;0;2;2;0;16;14;2;24;21;-3.8735934489821213;1;0;25;23;4.308635280794646;0;15;25;2;1;0;10;20;-8.660109239889929;5;17;0;5;12;4;23;4.164205383571184
TRACK:1063;1056;-1;5;4;2;2;3;2;4;6;6;5;17;0;2;4;1;14;16;3;0;10;22;9.388775437002929;4;5;6;20;-5.982800823631713;5;0;0;5;2;1;22;2.351225692757414;8;5;20;4.037041307365342;6;4;3;16;24;0;2;10;20;5.1134110276775955;5;3;0;2;2;0;16;14;2;24;21;-3.7757600428893308;1;0;25;23;4.291719186002743;2;7;0.20653218123809047;7;-1.7507287734037487;2;1;2;13;24;5;17;0;5;12;4;23;3.9667905336983207
TRACK:1064;1058;-1;5;4;12
TRACK:1065;1051;-1;5;4;2;2;3;2;4;6;6;5;17;0;2;1;2;20;-9.041036636659019;17;1;7;4.66250569311161;10;3;3;14;4;5;6;20;-6.151497025012095;5;0;0;5;2;1;22;1.6424210369608168;8;12;6;4;3;16;3;1;3;4;14;2;1;8;7;3.0588612077301147;2;14;16;0;5;5;1;3;0;5;10;2;18;24;1;5;6;22;-0.1816549786852148;1;2;16;15;0;20;3.9808390233335045;20;-1.3832973448895722;5;3;0;2;2;0;16;14;2;24;21;-3.853363594265033;1;0;25;23;4.447499871998429;0;15;25;2;1;0;10;20;-8.652559831879994;5;17;0;5;12;0;7;-2.3532774012653945;19
TRACK:1066;1053;-1;5;4;2;2;3;2;6;12;0;2;1;2;20;-9.239704339477287;13;1;7;4.575937820794029;10;3;0;10;22;-8.198035719702434;4;5;6;20;-5.989053217025385;5;0;0;5;6;5;17;6;4;3;16;3;1;3;4;14;2;1;8;16;2;14;16;0;5;5;1;3;0;5;10;2;18;24;1;5;6;22;-0.40628377888791556;1;2;16;15;0;12;20;-1.3367413235287922;5;3;0;2;2;0;16;14;2;24;21;-3.9515066468274336;1;0;25;23;4.303437527562003;0;15;25;2;1;0;10;20;-8.703350665442928;5;17;0;5;12;0;7;-2.439262439229929;19
TRACK:1067;1055;-1;5;4;2;2;3;2;4;6;6;5;17;0;2;1;2;20;-8.944056377596574;13;1;7;4.85687632141796;10;3;3;7;6.551987786067126;4;5;6;20;-5.961654737515294;5;0;0;5;2;1;22;1.8202563193443053;8;12;6;4;3;16;3;1;3;4;14;2;1;8;16;2;14;16;0;5;5;1;3;0;23;4.163430486917348;2;18;24;1;5;6;22;-0.4926931240336079;1;2;16;15;0;12;20;-1.3026128114620694;5;3;0;2;2;0;16;14;2;24;21;-3.7642587077814547;1;0;25;23;4.295487016983737;1;18;12;2;1;0;10;20;-8.59215899438074;5;17;0;5;12;0;7;-2.0002260090343555;19
TRACK:1068;1057;-1;5;4;2;2;3;2;4;6;6;5;17;0;2;1;2;20;-8.9960377783027;13;1;7;4.601359100576273;10;3;3;14;4;5;6;20;-5.913332905681117;5;0;0;5;2;1;22;1.8608513811148608;8;12;6;4;3;16;3;1;3;4;14;2;1;8;7;2.8237566020844547;2;14;20;5.211047192853533;0;5;5;1;3;0;5;10;2;18;24;1;5;6;22;-0.020735351849730632;1;2;16;15;0;12;20;-1.4400225175952044;5;3;0;2;2;0;16;14;2;24;15;1;0;25;23;4.4340625361545944;0;15;25;2;1;0;10;20;-8.557035127885975;5;17;0;5;12;0;7;-2.1701591621484773;19
TRACK:1069;1059;-1;5;4;2;2;3;2;6;6;3;3;17;0;2;1;2;20;-9.01225359941039;13;1;7;4.593694077735268;10;3;0;10;22;-7.942796773495219;4;5;6;20;-6.065937181569904;5;0;0;5;2;1;22;1.6945788160383946;14;5;20;3.698029420053877;6;4;3;16;3;1;3;4;14;2;1;8;16;2;14;16;0;5;5;1;3;0;5;10;2;18;24;1;2;13;24;5;17;5;3;0;2;2;0;16;14;2;24;21;-3.7816948904159893;1;0;25;23;4.256381263907941;0;15;25;2;1;0;10;11;5;17;0;5;12;4;23;4.028016831221855
EVAL_INSTANCE:53:0:1060
EVAL_INSTANCE:53:1:1061
EVAL_INSTANCE:53:2:1062
EVAL_INSTANCE:53:3:1063
EVAL_INSTANCE:53:4:1064
EVAL_INSTANCE:53:5:1065
EVAL_INSTANCE:53:6:1066
EVAL_INSTANCE:53:7:1067
EVAL_INSTANCE:53:8:1068
EVAL_INSTANCE:53:9:1069
RUN_RESULT:53:0:0:2000:----
RUN_RESULT:53:1:0:2000:----
RUN_RESULT:53:2:0:2000:----
RUN_RESULT:53:3:0:2000:----
RUN_RESULT:53:4:0:2000:----
RUN_RESULT:53:5:0:1197:RRDRRRRDLDLLDLUUDRRUULLLLDLUUUDRRULRRRRUUR
RUN_RESULT:53:6:0:2000:----
RUN_RESULT:53:7:0:2000:----
RUN_RESULT:53:8:0:937:RRDRRDDLRUURRDLDLLDLUUDRRUULLLLDLUUUDRRULURRDRRUUR
RUN_RESULT:53:9:0:2000:----
    54 |      540 | -2.739800E+03 | -3.063000E+03
TRACK:1070;867;1065;5;4;2;2;3;2;4;6;6;5;17;0;2;4;23;4.447499871998429;3;0;10;22;-7.898367674910818;4;5;6;20;-6.102087867045244;5;0;0;5;2;25;5;20;3.8411441546944216;6;4;3;16;3;1;3;4;14;2;1;8;13;2;14;14;0;2;10;20;4.736103838869168;5;3;0;2;2;0;16;14;2;24;21;-4.036288784695879;1;0;25;23;4.091460067938467;0;15;25;2;1;2;13;24;5;17;0;5;12;4;23;3.9777359057842006
TRACK:1071;867;1065;5;4;2;2;3;2;4;6;6;5;17;6;20;-6.102087867045244;5;0;0;5;2;1;22;1.6424210369608168;8;12;6;4;3;16;3;1;3;4;14;2;1;8;7;3.0588612077301147;2;14;16;0;5;5;1;3;0;5;10;2;18;24;1;5;6;22;-0.1816549786852148;1;2;16;15;0;20;3.9808390233335045;20;-1.3832973448895722;5;3;0;2;2;0;16;14;2;24;21;-3.853363594265033;1;0;25;23;4.447499871998429;0;15;25;2;1;0;10;20;-8.652559831879994;5;17;0;5;12;0;7;-2.3532774012653945;19
TRACK:1072;1003;1005;5;4;2;2;3;2;6;6;3;3;17;0;2;1;2;20;-9.207657260861907;13;1;7;4.628411862552618;10;3;0;10;22;-7.981820060849334;4;5;6;20;-6.141688587430075;5;0;19;3;1;3;4;14;2;1;8;16;2;14;16;0;5;5;1;3;0;5;10;2;18;24;1;2;13;24;5;17;5;3;0;2;2;0;16;14;2;24;21;-3.774872693859656;1;0;25;23;4.30324834279815;0;15;25;2;1;0;10;20;-8.68373448125421;5;17;0;5;12;4;23;4.063899611317846
TRACK:1073;1003;1005;5;4;2;2;3;2;4;6;6;5;17;0;2;1;2;20;-8.965361319529665;13;1;7;4.65108544408358;10;3;3;14;4;5;6;20;-6.032715864144048;5;0;0;5;2;1;22;1.867346362533274;8;12;6;4;3;16;3;1;3;4;14;2;1;8;7;3.0286470039130435;2;14;16;0;5;5;1;3;0;5;10;2;18;24;1;5;6;22;-0.279095130018716;1;2;16;15;0;12;20;-1.3737024597529666;5;3;3;16
TRACK:1074;1068;1065;5;4;2;2;3;2;4;6;6;5;17;0;2;1;2;20;-8.9960377783027;13;1;7;4.601359100576273;10;3;3;14;4;5;6;20;-5.913332905681117;5;0;0;5;2;1;22;1.8608513811148608;8;12;6;4;3;16;3;1;3;4;14;2;1;8;7;2.8237566020844547;2;14;20;5.211047192853533;0;5;5;1;3;0;5;10;2;18;24;1;5;6;22;-0.020735351849730632;1;2;16;15;0;12;20;-1.4400225175952044;5;3;0;2;2;0;16;14;2;24;12;1;0;25;23;4.4340625361545944;0;15;25;2;1;0;10;20;-8.557035127885975;5;17;0;5;12;0;7;-2.1701591621484773;19
TRACK:1075;1068;1065;5;4;2;2;3;2;4;6;6;5;17;0;2;1;2;20;-9.041036636659019;17;1;7;4.66250569311161;10;3;3;14;4;5;6;20;-6.151497025012095;5;0;0;5;2;1;22;1.6424210369608168;8;12;6;4;3;16;3;1;3;4;14;2;1;8;7;3.0588612077301147;2;14;16;0;5;5;1;3;0;5;10;2;18;24;1;5;6;22;-0.1816549786852148;1;2;16;15;0;24;20;-1.3832973448895722;5;3;0;2;2;0;16;14;2;24;21;-3.853363594265033;1;0;25;23;4.447499871998429;0;15;25;2;1;0;10;20;-8.652559831879994;5;17;0;5;12;0;7;-2.3532774012653945;19
TRACK:1076;1003;1005;5;4;2;2;3;2;6;1;2;20;-8.965361319529665;13;1;7;4.65108544408358;10;0;2;1;2;20;-9.207657260861907;13;1;7;4.628411862552618;10;3;0;10;22;-7.981820060849334;4;5;6;20;-6.141688587430075;5;0;0;5;2;1;22;1.8756163869497233;8;5;20;3.9404384641805303;6;4;3;16;3;1;3;4;14;2;1;8;16;2;14;16;0;5;5;1;3;0;5;10;2;18;24;1;2;13;24;5;17;5;3;0;2;2;0;16;14;2;24;21;-3.774872693859656;1;0;25;23;4.30324834279815;0;15;25;2;1;0;10;20;-8.68373448125421;5;17;0;5;12;4;23;4.063899611317846
TRACK:1077;1003;1005;5;4;2;2;3;2;4;6;6;5;17;0;2;1;2;20;-8.965361319529665;13;1;7;4.65108544408358;10;3;3;14;4;5;6;20;-6.032715864144048;5;0;0;5;2;1;22;1.867346362533274;8;12;6;1;2;13;24;5;17;3;1;3;4;14;2;1;8;7;3.0286470039130435;2;14;16;0;5;5;1;3;0;5;10;2;18;24;1;5;6;22;-0.279095130018716;1;2;16;15;0;12;20;-1.3737024597529666;5;3;0;2;2;0;16;14;2;24;21;-3.860839473353804;1;0;25;23;4.3893556105293;0;15;25;2;1;0;10;20;-8.687825346615517;5;17;0;5;12;0;7;-2.2071839100537503;19
TRACK:1078;765;1068;5;4;2;2;3;2;4;6;6;5;17;0;2;1;2;20;-9.153622153155105;13;1;7;4.7105222935329305;10;3;0;10;22;-8.048218599638156;4;5;6;20;-6.062166241792392;5;0;0;5;2;1;22;1.8661513766229876;8;5;20;4.086760033156352;6;17;3;1;3;4;14;2;1;8;16;2;14;16;0;5;5;1;3;0;5;10;2;18;24;1;5;6;22;-0.26593133982518846;1;2;16;15;0;12;20;-1.395856082295956;5;3;0;2;2;0;16;14;2;24;21;-3.8282048847382577;1;0;25;23;4.237822928016267;0;15;25;2;1;0;10;20;-8.674357891154948;5;17;0;5;12;4;23;3.9546017698975313
TRACK:1079;765;1068;5;4;2;2;3;2;4;6;6;5;17;0;2;1;2;20;-8.9960377783027;13;1;7;4.601359100576273;10;3;3;14;4;5;6;20;-5.913332905681117;5;0;0;5;2;1;22;1.8608513811148608;8;12;6;4;3;16;3;1;3;4;14;2;1;8;7;2.8237566020844547;2;14;20;5.211047192853533;0;5;5;1;3;0;5;10;2;18;24;1;5;6;22;-0.020735351849730632;1;2;16;15;0;12;20;-1.4400225175952044;5;3;0;2;2;0;16;14;2;24;15;1;0;25;23;4.4340625361545944;0;15;25;2;1;0;24;20;-8.557035127885975;5;17;0;5;12;0;7;-2.1701591621484773;19
TRACK:1080;1070;-1;5;4;2;2;3;2;4;6;6;5;17;0;2;4;23;4.511307260468842;3;0;10;22;-8.105486109593404;4;5;6;20;-6.04900779728408;5;0;0;5;2;25;5;20;3.773790416171991;6;4;3;16;3;1;3;4;14;2;1;8;13;2;14;14;0;2;10;20;4.7055889357716545;5;1;1;3;21;-7.835243893591565;5;7;-6.8120336877412075;1;6;17;1;8;16
TRACK:1081;1072;-1;5;4;2;2;3;2;6;6;3;3;17;0;2;1;2;20;-9.12604737688082;13;1;7;4.901579023315849;10;3;0;10;22;-7.846652186708396;4;5;6;20;-6.113531857678889;5;0;19;3;1;3;4;14;2;1;8;16;2;14;16;0;5;5;1;3;0;5;10;2;18;24;0;1;8;13;4;18;5;3;0;2;2;0;16;14;2;24;21;-3.6695782097240466;1;0;25;23;4.338438201741136;0;15;25;2;1;0;10;20;-8.816596555135861;5;17;0;5;12;4;23;4.039441633936672
TRACK:1082;1068;-1;5;4;2;2;3;2;4;6;6;5;17;0;2;1;2;20;-9.045392220290436;13;1;7;4.758572362103062;10;3;3;14;4;5;6;20;-5.8090831946171475;5;0;0;5;2;1;22;1.9058798922922007;8;12;6;4;3;16;3;1;3;4;14;2;1;8;7;2.7256993697871676;2;14;20;5.129820494601296;0;5;5;1;3;0;5;10;2;18;24;1;5;6;22;0.01040077943536874;4;6;8;5;3;0;2;2;0;16;14;2;24;15;1;0;25;23;4.637390677679301;0;15;25;2;1;0;10;20;-8.41878379208941;5;17;0;5;12;0;7;-1.9868696365626715;19
TRACK:1083;1076;-1;5;4;2;2;3;2;6;1;2;20;-9.004497508273356;13;1;7;4.547777462944306;10;0;2;1;2;20;-9.156736107652184;13;1;7;4.6205950011480486;10;3;0;10;22;-8.029070228800522;4;5;6;20;-6.002296125299545;5;0;0;5;2;1;22;1.681789404153017;8;5;20;4.031173868350118;6;4;3;16;3;1;3;4;14;2;1;8;16;2;8;16;0;5;5;1;3;0;5;10;2;18;24;1;2;13;24;5;17;5;3;0;2;2;0;16;14;2;24;21;-3.9467776752736734;1;0;25;23;4.471906467219014;0;15;25;2;1;0;10;20;-8.605847416314202;5;17;0;5;12;4;23;4.043611064958369
TRACK:1084;1078;-1;5;4;2;2;3;2;4;6;6;5;17;0;1;1;20;-1.7368978850272558;23;7.710824969463761;1;11;14;4;5;6;20;-6.212121630535077;5;0;0;5;2;1;22;1.8312470024542675;8;5;20;3.9484651366621053;6;17;3;1;3;4;14;2;1;8;16;2;14;16;0;5;5;1;3;0;5;10;2;18;24;1;5;6;22;-0.12198207268330957;1;2;16;15;0;12;20;-1.6655554225187057;5;3;0;2;2;0;16;14;2;24;21;-3.8346079374423123;1;0;25;23;4.088602322544026;0;15;25;2;1;0;10;20;-8.510027442674804;5;17;0;5;12;4;23;3.9790974786453535
TRACK:1085;1071;-1;5;4;2;2;3;2;4;6;6;5;17;6;20;-6.086400047537308;5;0;0;5;2;1;22;1.5748317433423855;8;12;6;4;3;16;3;1;3;4;12;2;1;8;7;3.0919922018709043;2;14;16;0;5;5;1;3;0;5;10;2;18;24;1;5;6;22;-0.10754349864289402;1;2;16;15;0;20;4.082354581945235;20;-1.3120068592516165;5;3;0;2;2;0;16;14;2;24;21;-3.7800240144344883;1;0;25;23;4.534428127828187;0;15;25;2;1;0;10;20;-8.525033323004065;5;17;0;5;12;0;7;-2.339967901184484;19
TRACK:1086;1073;-1;5;4;2;2;3;2;4;6;6;5;17;0;2;1;2;24;13;1;7;4.697459590138154;10;3;3;14;4;5;6;20;-6.1448175498939825;5;0;0;5;2;1;22;2.0661895401735824;8;12;6;4;3;16;3;1;3;4;14;2;1;8;7;3.0533464285062935;2;14;16;0;5;5;1;3;0;5;10;2;18;24;1;5;6;22;-0.3444322512390878;1;2;16;15;0;12;20;-1.5427125925886245;5;3;3;16
TRACK:1087;1065;-1;5;4;2;2;3;2;4;6;6;5;17;0;2;1;2;20;-9.055238234557521;17;1;7;4.6714100621445755;10;3;3;14;4;5;6;20;-6.184301607843144;5;0;0;5;2;1;22;1.8520591977547043;8;12;6;4;3;16;3;1;3;4;14;2;1;8;7;3.132257535622614;2;14;16;0;5;5;1;3;0;5;10;2;18;24;1;5;6;22;0.018222364920325473;1;2;16;15;0;20;3.950159029101806;20;-1.3237465858486015;5;3;0;2;2;0;16;14;2;24;21;-3.843496344262961;1;0;11;23;4.397454443347297;0;15;25;2;1;0;10;20;-8.685644612938242;5;17;0;5;12;0;7;-2.230021524979761;19
TRACK:1088;1077;-1;5;4;2;2;3;2;4;6;6;5;17;0;2;1;2;20;-9.189927360156902;13;1;7;4.6625206848657035;10;3;3;14;4;5;6;20;-6.11421394176557;5;0;0;5;2;1;22;2.0216764476149045;8;12;6;1;2;13;24;5;17;3;1;3;4;14;2;1;8;7;3.1954773116699675;2;14;16;0;5;5;1;3;0;5;10;2;18;24;1;5;6;22;-0.4633225486797571;1;2;16;15;0;12;20;-1.384069912860889;5;3;0;2;2;4;16;2;24;21;-3.872536913741266;1;0;25;23;4.52437492222337;0;15;25;2;1;0;10;20;-8.65262739875604;5;17;0;5;12;0;7;-2.2901934253121734;19
TRACK:1089;1079;-1;5;4;2;2;3;2;4;6;6;5;17;0;2;1;2;20;-8.980099434967157;13;1;7;4.72616022061221;10;3;3;14;4;5;6;20;-5.951365672081846;5;0;0;3;6;2;17;7;4.251913317706876;6;4;3;16;3;1;3;4;14;2;1;8;7;2.737543911610441;2;14;20;5.214861356900612;0;5;5;1;3;0;5;10;2;18;24;1;5;6;22;-0.1482319055143961;1;2;16;15;0;12;20;-1.4664003308335718;5;3;0;2;2;0;16;14;2;24;15;1;0;25;23;4.54429046706151;0;15;25;2;1;0;24;20;-8.561542836185911;5;17;0;5;12;0;7;-2.2222646091719933;19
EVAL_INSTANCE:54:0:1080
EVAL_INSTANCE:54:1:1081
EVAL_INSTANCE:54:2:1082
EVAL_INSTANCE:54:3:1083
EVAL_INSTANCE:54:4:1084
EVAL_INSTANCE:54:5:1085
EVAL_INSTANCE:54:6:1086
EVAL_INSTANCE:54:7:1087
EVAL_INSTANCE:54:8:1088
EVAL_INSTANCE:54:9:1089
RUN_RESULT:54:0:0:2000:----
RUN_RESULT:54:1:0:2000:----
RUN_RESULT:54:2:0:2000:----
RUN_RESULT:54:3:0:2000:----
RUN_RESULT:54:4:0:2000:----
RUN_RESULT:54:5:0:2000:----
RUN_RESULT:54:6:0:2000:----
RUN_RESULT:54:7:0:794:RDRRRDDLDLUUDRRUULLLLDLUUUDRRULRRRRUUR
RUN_RESULT:54:8:0:1607:RRDRRDRDRUDLLLDLUUDRRUULLLLDLUUUDRRULRRRRUUR
RUN_RESULT:54:9:0:2000:----
    55 |      550 | -2.817800E+03 | -3.206000E+03
TRACK:1090;1068;869;5;4;2;2;3;2;4;6;6;5;17;0;2;16;3;3;14;4;5;6;20;-5.913332905681117;5;0;0;5;2;1;22;1.8608513811148608;8;12;6;4;3;16;3;1;3;4;14;2;1;8;7;2.8237566020844547;2;14;20;5.211047192853533;0;5;5;1;3;0;5;10;2;18;24;1;5;6;22;-0.020735351849730632;1;2;16;15;0;12;20;-1.4400225175952044;5;3;0;2;2;0;16;14;2;24;15;1;0;25;23;4.4340625361545944;0;15;25;2;1;0;10;20;-8.557035127885975;5;17;0;5;12;0;7;-2.1701591621484773;19
TRACK:1091;1068;869;5;4;2;2;3;2;4;6;6;5;17;0;2;1;2;20;-9.10026794555854;13;1;7;4.677790196848919;10;3;0;10;22;-8.146932635534975;4;5;6;20;-6.072065362531429;5;0;0;5;2;1;22;1.800255234838398;8;12;6;4;3;16;3;1;10;2;1;8;16;2;14;16;0;5;5;1;3;0;5;10;2;18;24;1;5;6;22;-0.3830395300072446;1;2;16;15;0;12;20;-1.3978591985884323;5;3;0;2;2;0;16;14;2;24;21;-3.8869945036830362;1;0;25;23;4.2510209054504005;0;15;25;2;1;0;10;20;-8.656923090429602;5;17;0;5;12;0;7;-2.3545278068028246;19
TRACK:1092;1087;1065;5;4;2;2;3;2;4;6;6;5;17;0;2;1;2;20;-9.055238234557521;17;1;7;4.6714100621445755;10;3;3;14;4;5;6;20;-6.184301607843144;5;0;0;5;2;1;22;1.8520591977547043;8;23;4.447499871998429;6;4;3;16;3;1;3;4;14;2;1;8;7;3.132257535622614;2;14;16;0;5;5;1;3;0;5;10;2;18;24;1;5;6;22;0.018222364920325473;1;2;16;15;0;20;3.950159029101806;20;-1.3237465858486015;5;3;0;2;2;0;16;14;2;24;21;-3.843496344262961;1;0;11;23;4.397454443347297;0;15;25;2;1;0;10;20;-8.685644612938242;5;17;0;5;12;0;7;-2.230021524979761;19
TRACK:1093;1087;1065;5;4;2;2;3;2;4;6;6;5;17;0;2;1;2;20;-9.041036636659019;17;1;7;4.66250569311161;10;3;3;14;4;5;6;20;-6.151497025012095;5;0;0;5;2;1;22;1.6424210369608168;8;12;6;4;3;16;3;1;3;4;14;2;1;8;7;3.0588612077301147;2;14;16;0;5;5;1;3;0;5;10;2;18;24;1;5;6;22;-0.1816549786852148;1;2;16;15;0;20;3.9808390233335045;20;-1.3832973448895722;5;3;0;2;2;0;16;14;2;24;21;-3.853363594265033;1;0;25;23;4.447499871998429;0;15;25;2;1;0;11;20;-8.652559831879994;5;17;0;5;12;0;7;-2.3532774012653945;19
TRACK:1094;1003;1005;5;4;2;2;3;2;6;6;3;3;17;0;2;1;2;20;-9.207657260861907;13;1;7;4.628411862552618;10;3;0;10;22;-7.981820060849334;4;5;6;20;-6.141688587430075;5;0;0;5;2;1;22;1.8756163869497233;8;5;20;3.9404384641805303;6;4;3;16;3;1;3;4;14;2;1;8;16;2;14;16;0;5;5;1;17;1;2;13;24;5;17;5;3;0;2;2;0;16;14;2;24;21;-3.774872693859656;1;0;25;23;4.30324834279815;0;15;25;2;1;0;10;20;-8.68373448125421;5;17;0;5;12;4;23;4.063899611317846
TRACK:1095;1003;1005;5;4;2;2;3;2;4;6;6;5;17;0;2;1;2;20;-8.965361319529665;13;1;7;4.65108544408358;10;3;3;14;4;5;6;20;-6.032715864144048;5;0;0;5;2;1;22;1.867346362533274;8;12;6;4;3;16;3;1;3;4;14;2;1;8;16;2;14;16;0;5;5;1;3;0;5;10;2;18;24;1;5;6;22;-0.279095130018716;1;2;16;15;0;12;20;-1.3737024597529666;5;3;0;2;2;0;16;14;2;24;21;-3.860839473353804;1;0;25;23;4.3893556105293;0;15;25;2;1;0;10;20;-8.687825346615517;5;17;0;5;12;0;7;-2.2071839100537503;19
TRACK:1096;867;1003;5;4;2;2;3;2;4;6;6;5;17;0;2;4;1;14;16;3;0;10;22;-7.898367674910818;4;5;6;20;-6.102087867045244;5;0;0;5;2;25;5;20;3.8411441546944216;6;4;3;16;3;1;3;4;14;2;1;8;13;2;14;14;0;2;10;20;4.736103838869168;5;3;0;2;2;0;16;14;2;24;21;-4.036288784695879;1;0;25;23;4.091460067938467;0;15;25;2;1;0;10;20;-8.68373448125421;5;17;0;5;12;4;23;4.063899611317846
TRACK:1097;867;1003;5;4;2;2;3;2;6;6;3;3;17;0;2;1;2;20;-9.207657260861907;13;1;7;4.628411862552618;10;3;0;10;22;-7.981820060849334;4;5;6;20;-6.141688587430075;5;0;1;3;4;14;2;1;8;13;2;14;14;3;1;3;4;14;2;1;8;16;2;14;16;0;5;5;1;3;0;5;10;2;18;24;1;2;13;24;5;17;5;3;0;2;2;0;16;14;2;24;21;-3.774872693859656;1;0;25;23;4.30324834279815;0;15;25;2;1;0;10;20;-8.68373448125421;5;17;0;5;12;4;23;4.063899611317846
TRACK:1098;1068;1087;5;4;2;2;3;2;4;6;6;5;17;0;2;1;2;20;-8.9960377783027;13;1;7;4.601359100576273;10;3;3;14;4;5;6;20;-5.913332905681117;5;0;0;5;2;1;22;1.8608513811148608;8;12;6;4;3;16;3;1;3;4;14;2;1;8;7;2.8237566020844547;2;14;20;5.211047192853533;0;5;5;1;3;0;5;10;2;18;24;1;5;6;22;-0.020735351849730632;1;2;16;15;0;12;20;-1.4400225175952044;5;3;0;2;2;0;16;14;2;24;15;1;0;25;23;4.4340625361545944;0;15;25;2;0;5;10;2;18;24;0;5;12;0;7;-2.1701591621484773;19
TRACK:1099;1068;1087;5;4;2;2;3;2;4;6;6;5;17;0;2;1;2;20;-9.055238234557521;17;1;7;4.6714100621445755;10;3;3;14;4;5;6;20;-6.184301607843144;5;0;0;5;2;1;22;1.8520591977547043;8;12;6;4;3;16;3;1;3;4;14;2;1;8;7;3.132257535622614;2;14;12;0;5;5;1;3;0;5;10;2;18;24;1;5;6;22;0.018222364920325473;1;2;16;15;0;20;3.950159029101806;20;-1.3237465858486015;5;3;0;2;2;0;16;14;2;24;21;-3.843496344262961;1;0;11;23;4.397454443347297;0;15;25;2;1;0;10;20;-8.685644612938242;5;17;0;5;12;0;7;-2.230021524979761;19
TRACK:1100;1090;-1;5;4;2;2;3;2;4;6;6;5;17;0;2;16;3;3;14;4;5;6;20;-6.019260854130306;5;0;0;5;2;1;18;8;12;6;4;3;16;3;1;3;4;14;2;1;8;7;2.8260449953349864;2;14;20;5.189993256638066;0;5;5;1;3;0;5;10;2;18;24;1;5;6;22;-0.07893742220477482;1;2;16;15;0;12;20;-1.6965725169831727;5;3;0;2;2;0;16;14;2;24;15;1;0;25;23;4.508039481139177;0;15;25;2;1;0;10;20;-8.704392884568447;5;17;0;5;12;0;7;-2.167038353327069;19
TRACK:1101;1092;-1;5;4;2;2;3;2;4;6;6;5;17;0;2;1;2;20;-8.997130507835143;17;1;7;4.673577902573058;10;3;3;14;4;5;6;20;-6.248804832810625;5;0;0;5;2;1;22;1.8230193427577683;8;23;4.418695980813893;6;4;3;16;3;1;3;4;14;2;1;8;7;3.086933906519692;2;14;16;0;5;5;1;3;0;5;10;2;18;24;1;5;6;22;0.11621139086377147;1;2;16;15;4;9;5;3;0;2;2;0;16;14;2;24;21;-3.7632141616714803;1;0;11;23;4.453208169078683;0;15;25;2;1;0;10;20;-8.69671500312744;5;17;0;5;12;0;7;-2.1678406963112358;19
TRACK:1102;1094;-1;5;4;2;2;3;2;6;6;3;3;17;0;2;1;2;20;-9.19307078250699;13;1;7;4.516243916771599;10;3;0;10;22;-8.145882634629421;4;5;6;20;-6.193488281513556;5;0;0;5;2;1;22;1.9137090797381022;8;5;20;4.0274883109908455;6;4;3;16;3;1;3;4;14;2;1;8;16;2;14;16;0;5;5;1;17;1;2;13;24;5;17;5;3;0;2;2;0;16;14;2;24;21;-3.7806773018608433;1;0;25;23;4.250384450024801;0;15;25;2;1;0;10;22;5.278248278196514;5;17;0;5;12;4;23;4.058529403032298
TRACK:1103;1096;-1;5;4;2;2;3;2;4;6;6;5;17;0;2;4;1;14;16;3;0;10;22;-7.950676628884219;4;5;6;20;-6.122709590456593;5;0;0;5;2;25;5;20;3.929949014169841;6;4;3;16;3;4;4;8;0;2;10;20;4.72598497803714;5;3;0;2;2;0;16;14;2;24;21;-4.124819983606387;1;0;25;23;4.1865170284275335;0;15;25;2;1;0;10;20;-8.6697842511601;5;17;0;5;12;4;23;4.018855372156948
TRACK:1104;1098;-1;5;4;2;2;3;2;4;6;6;5;17;0;2;1;2;20;-8.970688869406299;13;1;7;4.682115525157476;10;3;3;14;4;5;6;20;-5.930731350773417;5;0;0;5;2;1;22;1.7041919848244818;8;12;6;4;3;16;3;1;3;4;14;2;1;8;7;2.8163687037758613;2;14;20;5.141316451294981;0;5;5;1;3;0;5;10;2;18;24;1;5;6;22;0.05112325511375629;1;2;16;15;0;12;20;-1.2973153455227817;5;3;0;2;2;0;16;14;2;24;15;1;0;25;23;4.359719000106905;0;15;25;2;0;5;10;2;18;24;0;5;12;0;7;-2.0105101626096276;19
TRACK:1105;1091;-1;5;4;2;2;3;2;4;6;6;5;17;0;2;1;2;20;-9.177144063988646;13;1;7;4.7567502729054585;10;3;0;10;22;-8.216049689834957;4;5;6;20;-6.1512654484341525;5;0;0;5;2;1;22;1.8588995410841962;8;12;6;4;3;16;3;1;10;2;1;8;16;2;14;16;0;5;5;1;3;0;5;10;2;18;24;1;5;6;22;-0.5273506114249361;1;2;16;15;0;12;20;-1.489741540425345;5;3;0;2;2;0;16;14;2;24;21;-4.030360751202745;1;0;25;23;4.31826670910617;0;15;25;2;1;0;10;20;-8.534836722836717;5;17;0;5;12;0;15;19
TRACK:1106;1093;-1;5;4;2;2;3;2;4;6;6;5;17;0;2;1;2;20;-8.995013195486326;17;1;7;4.7984242062071525;10;3;3;14;4;5;6;20;-6.240683414647304;5;0;0;5;2;1;22;1.7364089580093622;8;12;6;4;3;16;3;1;3;4;14;2;1;8;7;3.101338021472763;2;14;16;0;5;5;1;3;0;5;10;2;18;24;1;1;10;15;1;2;16;15;0;20;3.93876410781557;20;-1.4031531323601631;5;3;0;2;2;0;16;14;2;24;21;-3.8378445113656396;1;0;25;23;4.4982179813506304;0;15;25;2;1;0;11;20;-8.669374312326216;5;17;0;5;12;0;7;-2.4281285136444133;19
TRACK:1107;1095;-1;5;4;2;2;3;2;4;6;6;5;17;0;2;1;2;20;-8.916770274516233;13;1;7;4.434993068186773;10;3;3;14;4;5;6;20;-6.073869850128893;5;0;0;5;2;1;22;1.9044806760889081;8;12;6;4;3;16;3;1;3;4;14;2;1;8;16;2;14;16;0;5;5;1;3;0;5;10;2;18;24;1;5;6;22;-0.3034788096151549;1;2;16;15;0;12;9;5;3;0;2;2;0;16;14;2;24;21;-3.905789129141812;1;0;25;23;4.290826965471353;0;15;25;2;1;0;10;20;-8.632746437037087;5;17;0;5;12;0;7;-2.304128812122275;19
TRACK:1108;1097;-1;5;4;2;2;3;2;6;0;23;5.643898257385068;8;0;2;1;2;20;-9.093107470182439;13;1;7;4.579049848153021;10;3;0;10;22;-8.145874065137926;4;5;6;20;-5.994005453311423;5;0;1;3;4;14;2;1;8;13;2;14;14;3;1;3;4;14;2;1;8;16;2;14;16;0;5;5;1;3;0;5;10;2;18;24;1;2;13;24;5;17;5;3;0;2;2;0;16;14;2;24;21;-3.7925915988298153;1;0;25;23;4.207457392001989;0;15;25;2;1;0;10;20;-8.68954709051039;5;17;0;5;12;4;23;4.138802859825116
TRACK:1109;1099;-1;5;4;2;2;3;2;4;6;6;5;17;0;2;1;2;20;-9.010819605934074;17;1;7;4.515288149329716;10;3;3;14;4;5;6;20;-6.23622484851713;5;0;0;5;2;1;22;1.8730916458836158;8;12;6;4;3;16;3;1;3;4;14;2;1;8;7;3.3531897056694366;2;14;12;0;5;5;1;3;0;5;10;2;18;25;1;5;6;22;-0.011373492667460502;1;2;16;15;0;20;4.03712423446731;20;-1.419886986107909;5;3;0;2;2;0;16;14;2;24;21;-3.9863312260511234;1;0;11;23;4.285865752281462;0;15;25;2;1;0;10;20;-8.565812763987106;5;17;0;5;12;0;7;-2.135470177257677;19
EVAL_INSTANCE:55:0:1100
EVAL_INSTANCE:55:1:1101
EVAL_INSTANCE:55:2:1102
EVAL_INSTANCE:55:3:1103
EVAL_INSTANCE:55:4:1104
EVAL_INSTANCE:55:5:1105
EVAL_INSTANCE:55:6:1106
EVAL_INSTANCE:55:7:1107
EVAL_INSTANCE:55:8:1108
EVAL_INSTANCE:55:9:1109
RUN_RESULT:55:0:0:2000:----
RUN_RESULT:55:1:0:2000:----
RUN_RESULT:55:2:0:2000:----
RUN_RESULT:55:3:0:1252:RRDDDDRULUURRDLDLURULDLURULULRDDLUURULRDRDRDRRRDULULUUUR
RUN_RESULT:55:4:0:2000:----
RUN_RESULT:55:5:0:2000:----
RUN_RESULT:55:6:0:2000:----
RUN_RESULT:55:7:0:2000:----
RUN_RESULT:55:8:0:2000:----
RUN_RESULT:55:9:0:2000:----
    56 |      560 | -2.839600E+03 | -3.206000E+03
TRACK:1110;869;1087;5;4;2;2;3;2;4;6;6;5;17;0;2;1;2;20;-9.10026794555854;13;1;7;4.677790196848919;10;3;0;10;22;-8.146932635534975;4;5;6;20;-6.072065362531429;5;0;0;5;2;1;22;1.800255234838398;8;12;6;4;3;16;3;1;3;4;14;2;1;8;16;2;14;16;0;5;5;1;3;0;5;10;2;18;24;1;5;6;22;-0.3830395300072446;1;2;16;15;0;12;20;-1.3978591985884323;5;3;0;2;2;0;16;14;2;24;21;-3.8869945036830362;1;0;25;23;4.2510209054504005;0;15;25;2;1;0;12;20;-8.656923090429602;5;17;0;5;12;0;7;-2.3545278068028246;19
TRACK:1111;869;1087;5;4;2;2;3;2;4;6;6;5;17;0;2;1;2;20;-9.055238234557521;17;1;7;4.6714100621445755;10;3;3;14;4;5;12;5;0;0;5;2;1;22;1.8520591977547043;8;12;6;4;3;16;3;1;3;4;14;2;1;8;7;3.132257535622614;2;14;16;0;5;5;1;3;0;5;10;2;18;24;1;5;6;22;0.018222364920325473;1;2;16;15;0;20;3.950159029101806;20;-1.3237465858486015;5;3;0;2;2;0;16;14;2;24;21;-3.843496344262961;1;0;11;23;4.397454443347297;0;15;25;2;1;0;10;20;-8.685644612938242;5;17;0;5;12;0;7;-2.230021524979761;19
TRACK:1112;1005;1065;5;4;2;2;3;2;4;6;6;5;17;0;2;1;2;20;-8.965361319529665;13;1;7;4.65108544408358;10;3;3;14;4;5;6;20;-6.032715864144048;5;14;0;5;5;1;3;0;5;10;2;18;24;1;5;6;22;-0.279095130018716;1;2;16;15;0;12;20;-1.3737024597529666;5;3;0;2;2;0;16;14;2;24;21;-3.860839473353804;1;0;25;23;4.3893556105293;0;15;25;2;1;0;10;20;-8.687825346615517;5;17;0;5;12;0;7;-2.2071839100537503;19
TRACK:1113;1005;1065;5;4;2;2;3;2;4;6;6;5;17;0;2;1;2;20;-9.041036636659019;17;1;7;4.66250569311161;10;3;3;14;4;5;6;20;-6.151497025012095;5;0;0;5;2;1;22;1.6424210369608168;8;12;6;4;3;16;3;1;3;8;2;1;8;7;3.0588612077301147;2;14;16;0;5;5;1;3;0;5;10;2;18;24;1;5;6;22;-0.1816549786852148;1;2;16;15;0;20;3.9808390233335045;20;-1.3832973448895722;5;3;0;2;2;0;16;14;2;24;21;-3.853363594265033;1;0;25;23;4.447499871998429;0;15;25;2;1;0;10;20;-8.652559831879994;5;17;0;5;12;0;7;-2.3532774012653945;19
TRACK:1114;1068;1065;5;4;2;2;3;2;4;6;6;5;17;0;2;1;14;1;7;4.601359100576273;10;3;3;14;4;5;6;20;-5.913332905681117;5;0;0;5;2;1;22;1.8608513811148608;8;12;6;4;3;16;3;1;3;4;14;2;1;8;7;2.8237566020844547;2;14;20;5.211047192853533;0;5;5;1;3;0;5;10;2;18;24;1;5;6;22;-0.020735351849730632;1;2;16;15;0;12;20;-1.4400225175952044;5;3;0;2;2;0;16;14;2;24;15;1;0;25;23;4.4340625361545944;0;15;25;2;1;0;10;20;-8.557035127885975;5;17;0;5;12;0;7;-2.1701591621484773;19
TRACK:1115;1068;1065;5;4;2;2;3;2;4;6;6;5;17;0;2;1;2;20;-8.9960377783027;13;1;7;4.601359100576273;10;3;3;14;4;5;6;20;-5.913332905681117;5;0;0;5;2;1;22;1.8608513811148608;8;12;6;4;3;16;3;1;3;4;14;2;1;8;7;2.8237566020844547;2;14;20;5.211047192853533;0;5;5;1;3;0;5;10;2;18;24;1;5;6;22;-0.020735351849730632;1;2;16;15;0;12;20;-1.4400225175952044;5;3;0;2;2;0;16;14;2;24;15;1;0;25;23;4.4340625361545944;0;15;25;2;1;0;10;20;-8.557035127885975;5;17;0;5;12;0;7;-2.1701591621484773;19
TRACK:1116;1087;1068;5;4;2;2;3;2;4;6;6;5;17;0;2;1;2;20;-9.055238234557521;17;1;7;4.6714100621445755;10;3;3;14;4;5;6;20;-6.184301607843144;5;0;0;5;2;1;22;1.8520591977547043;8;12;6;4;3;16;3;1;3;4;14;2;1;8;24;2;14;16;0;5;5;1;3;0;5;10;2;18;24;1;5;6;22;0.018222364920325473;1;2;16;15;0;20;3.950159029101806;20;-1.3237465858486015;5;3;0;2;2;0;16;14;2;24;21;-3.843496344262961;1;0;11;23;4.397454443347297;0;15;25;2;1;0;10;20;-8.685644612938242;5;17;0;5;12;0;7;-2.230021524979761;19
TRACK:1117;1087;1068;5;4;2;2;3;2;4;6;6;5;17;0;2;1;2;20;-8.9960377783027;13;1;7;4.601359100576273;10;3;3;14;4;5;6;20;-5.913332905681117;5;0;0;5;2;1;22;1.8608513811148608;8;12;6;4;22;0.018222364920325473;3;1;3;4;14;2;1;8;7;2.8237566020844547;2;14;20;5.211047192853533;0;5;5;1;3;0;5;10;2;18;24;1;5;6;22;-0.020735351849730632;1;2;16;15;0;12;20;-1.4400225175952044;5;3;0;2;2;0;16;14;2;24;15;1;0;25;23;4.4340625361545944;0;15;25;2;1;0;10;20;-8.557035127885975;5;17;0;5;12;0;7;-2.1701591621484773;19
TRACK:1118;1103;869;5;4;2;2;3;2;4;6;6;5;17;0;2;4;1;14;16;3;0;10;22;-7.950676628884219;4;5;6;20;-6.122709590456593;5;0;0;5;2;25;5;20;3.929949014169841;6;4;3;16;3;4;4;8;0;2;10;20;4.72598497803714;5;3;0;2;2;0;16;14;2;24;21;-4.124819983606387;1;0;25;23;4.1865170284275335;0;15;25;2;1;0;10;20;-8.6697842511601;5;17;0;5;12;4;15
TRACK:1119;1103;869;5;4;2;2;3;2;4;6;6;5;17;0;2;1;2;20;-9.10026794555854;13;1;7;4.677790196848919;10;3;0;10;22;-8.146932635534975;4;5;6;20;-6.072065362531429;5;0;0;5;2;1;22;1.800255234838398;8;12;6;4;3;16;3;1;3;4;14;2;1;8;16;2;14;16;0;5;5;1;3;0;5;10;2;18;24;1;5;6;22;-0.3830395300072446;1;2;16;15;0;12;20;-1.3978591985884323;5;3;0;2;2;0;16;14;2;24;21;-3.8869945036830362;1;0;25;23;4.2510209054504005;16;2;1;0;10;20;-8.656923090429602;5;17;0;5;12;0;7;-2.3545278068028246;19
TRACK:1120;1110;-1;5;4;2;2;3;2;4;6;6;5;17;0;2;1;2;20;-9.17780494267224;13;1;7;4.635151715205494;10;3;0;10;22;-8.225353177987438;4;5;6;20;-6.119619126482788;5;0;0;5;2;1;22;1.682913373924839;8;12;6;4;3;16;3;1;3;4;14;2;1;8;16;2;14;16;0;5;5;1;3;0;5;10;2;18;24;1;5;6;22;-0.5826537412694472;1;2;16;15;0;12;20;-1.4837303867007323;5;3;0;2;2;0;16;14;2;24;21;-3.986464090263933;1;0;25;23;4.1774642215119595;0;15;25;2;6;19;0;5;12;0;7;-2.4910725877078974;19
TRACK:1121;1005;-1;5;4;2;2;1;5;1;0;6;1;24;14;2;1;20;7.8966056391945685;13;0;22;-2.7342319873743364;7;-1.9575982348587786;5;6;1;11;24;3;5;0;5;6;7;3.9070558853001973;1;4;11;3;15;5;0;0;5;2;1;22;1.8500217236236056;8;12;6;4;3;16;3;1;3;4;14;2;1;8;7;3.0301054887194248;2;14;16;0;5;5;1;3;0;5;10;2;18;24;1;5;6;22;-0.23978548246378345;1;2;16;15;0;12;20;-1.4328766285409786;5;3;0;2;2;0;16;14;2;24;21;-3.9681101454236045;1;0;25;23;4.321782706883942;0;15;25;2;1;0;10;20;-8.664195168197853;5;17;0;5;12;0;7;-2.1330533967811234;19
TRACK:1122;1114;-1;5;4;2;2;3;2;4;6;6;5;17;0;2;1;14;1;7;4.615731874373052;10;3;3;14;4;5;6;20;-6.020847530642927;5;0;0;5;2;1;22;1.8983300208840386;8;12;6;4;3;16;3;1;3;4;14;2;1;8;7;2.8339642429853984;6;25;0;5;5;1;3;0;5;10;2;18;24;1;5;6;22;0.017234089494160415;1;2;16;15;0;12;20;-1.4197080650978762;5;3;0;2;2;0;16;14;2;24;15;1;0;25;23;4.361543676862349;0;15;25;2;1;0;10;20;-8.449835224114853;5;17;0;5;12;0;7;-2.11958949185112;19
TRACK:1123;1116;-1;5;4;2;2;3;2;4;6;6;5;17;0;2;1;2;20;-8.973964356734566;17;1;7;4.653161631337481;10;3;3;14;4;5;6;20;-6.138297932677385;5;0;0;5;6;24;6;4;3;16;3;1;3;4;14;2;1;8;24;2;14;16;0;5;5;1;3;0;5;10;2;18;24;1;5;6;22;0.1696644188032339;1;2;16;15;0;20;4.0270680706584745;20;-1.2472395768628404;5;3;0;2;2;0;16;14;2;24;21;-3.6795469473513704;1;0;11;23;4.238650870534435;0;15;25;2;1;0;10;20;-8.485376927119091;5;17;0;5;12;0;7;-2.278140422735535;19
TRACK:1124;1118;-1;5;4;2;2;3;2;4;6;6;5;17;0;2;4;1;14;16;3;0;10;22;-7.976373944399175;4;5;6;20;-6.214605954673794;5;0;0;5;2;25;5;20;3.8832528403709787;6;4;4;19;3;4;4;8;0;2;10;20;4.826080554795748;5;3;0;2;2;0;16;14;2;24;21;-4.115077432038672;1;0;25;23;4.156476885196824;0;15;25;2;1;0;10;20;-8.660021607029918;5;17;0;5;12;4;15
TRACK:1125;1111;-1;5;4;2;2;3;2;4;6;6;5;17;0;0;3;5;11;4;3;22;-4.392937207182275;2;6;3;25;0;4;8;5;11;5;0;0;5;2;1;22;1.7489250985974882;8;12;6;4;3;16;3;1;3;4;14;2;1;8;7;3.334260320303754;2;14;16;0;5;5;1;3;0;5;10;2;18;24;1;5;6;22;0.15994467391200526;1;2;16;15;0;20;4.123600214828428;20;-1.1913806789529473;5;3;0;2;2;0;16;14;2;24;21;-3.919960131267564;1;0;11;23;4.2429722570046104;0;15;25;2;1;0;10;20;-8.75840109497288;5;17;0;5;12;0;7;-2.280335980745154;19
TRACK:1126;1065;-1;5;4;2;2;3;2;4;6;6;5;17;0;2;1;2;20;-9.04734388125432;17;1;7;4.851912349107708;10;3;3;14;4;5;6;20;-6.215564731821563;5;0;0;5;2;1;22;1.614030204842953;8;12;6;4;3;16;3;1;3;4;14;2;1;8;7;3.055702776110675;2;14;16;0;5;5;1;3;0;5;10;2;18;24;1;5;6;22;-0.11174541434448987;1;2;16;15;0;20;4.085803609098181;20;-1.2962609309362263;5;3;0;2;2;0;16;14;2;24;17;1;0;25;23;4.4157632840992225;0;15;25;2;1;0;10;20;-8.743017515031896;5;17;0;5;12;0;7;-2.2870573967510155;19
TRACK:1127;1115;-1;5;4;2;2;3;2;4;6;6;5;17;0;2;1;2;20;-8.932628260706824;13;1;7;4.458715796644708;10;3;3;14;4;5;6;20;-5.72989122271265;5;0;0;5;2;1;22;1.9015534533884522;8;12;6;4;3;16;3;1;3;4;14;2;1;8;7;2.7050604638576;2;14;20;5.08029380120197;0;5;5;1;3;0;5;10;0;23;2.265542826385037;10;1;5;6;22;0.10372276242080579;1;2;16;15;0;12;20;-1.377051390746966;5;3;0;2;2;0;16;14;2;24;15;1;0;25;23;4.521033449302898;0;15;25;2;1;0;10;20;-8.578886748760448;5;17;0;5;12;0;7;-2.132625433790453;19
TRACK:1128;1117;-1;5;4;2;2;3;2;4;6;6;5;17;0;2;1;2;20;-9.113385442901276;13;1;7;4.513579412095564;10;3;3;14;1;2;4;21;-9.076836857512882;4;22;-3.560054002147284;0;5;22;2.186908320368424;3;20;-6.57000230647755;5;0;0;5;2;1;22;1.8213498856956047;8;12;6;4;22;0.1493779326619588;3;1;3;4;14;2;1;8;7;3.067756744332502;2;14;20;5.44396059184302;0;5;5;1;3;0;5;10;2;18;24;1;5;6;22;0.18131778103592758;1;2;16;15;0;12;20;-1.3952523823382;5;3;0;2;2;0;16;14;2;24;15;1;0;25;23;4.63563785142007;0;15;25;2;1;0;10;20;-8.456693552994395;5;17;0;5;12;0;7;-2.2290443114367284;19
TRACK:1129;1119;-1;5;4;2;2;3;2;4;6;6;5;17;0;2;1;2;20;-9.130142246091186;13;1;7;4.515955437224548;10;3;0;10;22;-8.129913548405058;4;5;6;20;-6.164267742490415;5;0;0;5;2;1;22;2.035041508011325;8;12;6;4;3;16;3;1;3;4;14;2;1;8;16;2;14;16;0;5;5;1;3;0;5;10;2;18;24;1;5;6;22;-0.2930636322956436;1;2;16;15;0;12;20;-1.3266161147848459;1;3;1;4;16;0;10;15;5;5;4;20;2.8052405231730724
EVAL_INSTANCE:56:0:1120
EVAL_INSTANCE:56:1:1121
EVAL_INSTANCE:56:2:1122
EVAL_INSTANCE:56:3:1123
EVAL_INSTANCE:56:4:1124
EVAL_INSTANCE:56:5:1125
EVAL_INSTANCE:56:6:1126
EVAL_INSTANCE:56:7:1127
EVAL_INSTANCE:56:8:1128
EVAL_INSTANCE:56:9:1129
RUN_RESULT:56:0:0:1621:RDRRRDDLDLUULURRLDDRRRRULULLLLLDLUUUDRRULRRRRUUR
RUN_RESULT:56:1:0:2000:----
RUN_RESULT:56:2:0:2000:----
RUN_RESULT:56:3:0:1531:RDRRRDDLDLUUDRRUULLLLDLUUUDRRULRRRDRDRRDLLLUUURUUR
RUN_RESULT:56:4:0:2000:----
RUN_RESULT:56:5:0:2000:----
RUN_RESULT:56:6:0:2000:----
RUN_RESULT:56:7:0:2000:----
RUN_RESULT:56:8:0:2000:----
RUN_RESULT:56:9:0:2000:----
    57 |      570 | -2.839600E+03 | -3.206000E+03
TRACK:1130;869;1003;5;4;2;2;3;2;4;6;6;5;17;0;2;1;2;20;-9.10026794555854;13;1;7;4.677790196848919;10;3;0;10;22;-8.146932635534975;4;5;6;20;-6.072065362531429;5;0;0;5;2;1;22;1.800255234838398;8;12;6;4;3;16;3;1;3;4;14;2;1;8;8;2;14;16;0;5;5;1;3;0;5;10;2;18;24;1;5;6;22;-0.3830395300072446;1;2;16;15;0;12;20;-1.3978591985884323;5;3;0;2;2;0;16;14;2;24;21;-3.8869945036830362;1;0;25;23;4.2510209054504005;0;15;25;2;1;0;10;20;-8.656923090429602;5;17;0;5;12;0;7;-2.3545278068028246;19
TRACK:1131;869;1003;5;4;2;2;3;2;6;6;3;3;17;0;2;1;2;20;-9.207657260861907;13;1;7;4.628411862552618;10;3;0;15;25;4;5;6;20;-6.141688587430075;5;0;0;5;2;1;22;1.8756163869497233;8;5;20;3.9404384641805303;6;4;3;16;3;1;3;4;14;2;1;8;16;2;14;16;0;5;5;1;3;0;5;10;2;18;24;1;2;13;24;5;17;5;3;0;2;2;0;16;14;2;24;21;-3.774872693859656;1;0;25;23;4.30324834279815;0;15;25;2;1;0;10;20;-8.68373448125421;5;17;0;5;12;4;23;4.063899611317846
TRACK:1132;1005;1087;5;4;2;2;3;2;4;6;6;5;17;0;2;1;2;20;-8.965361319529665;13;1;7;4.65108544408358;10;3;3;14;4;5;6;20;-6.032715864144048;5;0;0;5;2;1;22;1.867346362533274;8;12;6;4;3;16;3;1;3;4;14;2;1;8;7;3.0286470039130435;2;14;16;0;5;5;1;3;0;5;10;2;18;24;1;5;6;22;-0.279095130018716;1;2;16;15;0;12;20;-1.3737024597529666;5;3;0;2;2;0;16;14;2;24;21;-3.860839473353804;1;0;25;23;4.3893556105293;0;15;7;3.132257535622614;2;1;0;10;20;-8.687825346615517;5;17;0;5;12;0;7;-2.2071839100537503;19
TRACK:1133;1005;1087;5;4;2;2;3;2;4;6;6;5;17;0;2;1;2;20;-9.055238234557521;17;1;22;1.867346362533274;8;3;3;14;4;5;6;20;-6.184301607843144;5;0;0;5;2;1;22;1.8520591977547043;8;12;6;4;3;16;3;1;3;4;14;2;1;8;7;3.132257535622614;2;14;16;0;5;5;1;3;0;5;10;2;18;24;1;5;6;22;0.018222364920325473;1;2;16;15;0;20;3.950159029101806;20;-1.3237465858486015;5;3;0;2;2;0;16;14;2;24;21;-3.843496344262961;1;0;11;23;4.397454443347297;0;15;25;2;1;0;10;20;-8.685644612938242;5;17;0;5;12;0;7;-2.230021524979761;19
TRACK:1134;1068;1003;5;4;2;2;3;2;4;6;6;5;17;0;2;1;2;20;-8.9960377783027;13;1;7;4.601359100576273;10;3;3;14;4;5;6;20;-5.913332905681117;5;0;0;5;2;1;22;1.8608513811148608;8;12;6;4;3;16;3;1;3;4;14;2;1;8;7;2.8237566020844547;2;14;20;5.211047192853533;0;5;5;1;3;0;5;10;2;18;24;1;5;17;1;2;16;15;0;12;20;-1.4400225175952044;5;3;0;2;2;0;16;14;2;24;15;1;0;25;23;4.4340625361545944;0;15;25;2;1;0;10;20;-8.557035127885975;5;17;0;5;12;0;7;-2.1701591621484773;19
TRACK:1135;1068;1003;5;4;2;2;3;2;6;6;3;3;17;0;2;1;2;20;-9.207657260861907;13;1;7;4.628411862552618;10;3;0;10;22;-7.981820060849334;4;5;6;20;-6.141688587430075;5;0;25;3;1;3;4;14;2;1;8;16;2;14;16;0;5;5;1;3;0;5;10;2;18;24;1;2;13;24;5;17;5;3;0;2;2;0;16;14;2;24;21;-3.774872693859656;1;0;25;23;4.30324834279815;0;15;25;2;1;0;10;20;-8.68373448125421;5;17;0;5;12;4;23;4.063899611317846
TRACK:1136;1005;1065;5;4;2;2;3;2;4;6;6;5;17;0;2;1;2;20;-8.965361319529665;13;1;7;4.65108544408358;10;3;3;14;4;5;6;20;-6.032715864144048;5;0;0;5;2;1;22;1.867346362533274;8;20;-1.3832973448895722;6;4;3;16;3;1;3;4;14;2;1;8;7;3.0286470039130435;2;14;16;0;5;5;1;3;0;5;10;2;18;24;1;5;6;22;-0.279095130018716;1;2;16;15;0;12;20;-1.3737024597529666;5;3;0;2;2;0;16;14;2;24;21;-3.860839473353804;1;0;25;23;4.3893556105293;0;15;25;2;1;0;10;20;-8.687825346615517;5;17;0;5;12;0;7;-2.2071839100537503;19
TRACK:1137;1005;1065;5;4;2;2;3;2;4;6;6;5;17;0;2;1;2;20;-9.041036636659019;17;1;7;4.66250569311161;10;3;3;14;4;5;6;20;-6.151497025012095;5;0;0;5;2;1;22;1.6424210369608168;8;12;6;5;17;3;1;3;4;14;2;1;8;7;3.0588612077301147;2;14;16;0;5;5;1;3;0;5;10;2;18;24;1;5;6;22;-0.1816549786852148;1;2;16;15;0;20;3.9808390233335045;20;-1.3832973448895722;5;3;0;2;2;0;16;14;2;24;21;-3.853363594265033;1;0;25;23;4.447499871998429;0;15;25;2;1;0;10;20;-8.652559831879994;5;17;0;5;12;0;7;-2.3532774012653945;19
TRACK:1138;1087;1068;5;4;2;2;3;2;4;6;6;5;17;0;2;1;2;20;-9.055238234557521;17;1;7;4.6714100621445755;10;3;3;14;4;5;6;20;-6.184301607843144;5;0;0;5;2;1;22;1.8520591977547043;8;12;6;4;3;16;3;1;3;4;14;2;1;8;7;3.132257535622614;2;14;16;0;5;5;1;3;0;5;10;2;18;24;1;5;6;22;0.018222364920325473;1;2;16;15;0;20;3.950159029101806;20;-1.3237465858486015;5;3;0;2;2;0;16;14;2;24;21;-3.843496344262961;1;0;11;23;4.397454443347297;0;15;25;2;1;14;5;17;0;5;12;0;7;-2.230021524979761;19
TRACK:1139;1087;1068;5;4;2;2;3;2;4;6;6;5;17;0;2;1;2;20;-8.9960377783027;13;1;7;4.601359100576273;10;3;3;14;4;5;6;20;-5.913332905681117;5;0;0;5;2;1;22;1.8608513811148608;8;12;6;4;3;16;3;1;3;4;14;2;1;8;7;2.8237566020844547;2;14;20;5.211047192853533;0;5;5;1;3;0;5;10;2;18;24;1;5;6;22;-0.020735351849730632;1;2;16;15;0;12;20;-1.4400225175952044;5;3;0;2;2;0;16;14;2;24;15;1;0;25;23;4.4340625361545944;15;2;1;0;10;20;-8.557035127885975;5;17;0;5;12;0;7;-2.1701591621484773;19
TRACK:1140;1130;-1;5;4;2;2;3;2;4;6;6;5;17;0;2;1;2;20;-8.894896683026099;13;1;7;4.571894008485365;10;3;0;10;22;-8.375407058480608;4;5;6;20;-5.997788974022822;5;0;0;5;2;1;22;1.7949179804570226;8;12;6;4;3;16;3;1;3;4;14;2;1;8;8;2;14;16;0;5;5;1;3;0;5;10;2;18;24;1;5;6;22;-0.19135375245857972;1;2;16;15;0;12;20;-1.3094463603600326;5;3;0;2;2;0;16;14;2;24;21;-3.9798164765716963;1;0;25;23;4.144457866309232;0;14;25;2;1;0;10;20;-8.689385867300803;5;17;0;5;12;0;7;-2.3217181094694133;19
TRACK:1141;1132;-1;5;4;2;2;3;2;4;6;6;5;17;0;2;1;2;20;-9.038634266175073;13;1;7;4.783818425709863;10;3;3;14;4;5;6;20;-5.981205829500173;5;0;0;5;2;1;22;1.916402968556241;8;0;8;22;-3.948241092512818;6;4;3;16;3;1;3;4;14;2;1;8;7;3.035496048525695;2;14;16;0;5;5;1;3;0;5;10;2;18;24;1;5;6;22;-0.3818096401819174;1;2;16;15;0;12;20;-1.3461300297256662;5;3;0;2;2;0;16;14;2;24;21;-3.84043586957553;1;0;25;23;4.3238088299494395;0;15;7;2.9648781817213314;2;1;0;10;20;-8.649725523903426;5;17;0;5;12;0;7;-2.0194487099289047;19
TRACK:1142;1134;-1;5;4;2;2;3;2;4;6;6;5;17;0;2;1;2;20;-9.09271944682191;13;1;7;4.455301170914201;10;3;3;14;4;5;6;20;-5.720231517912077;5;0;0;5;2;1;22;1.8172162883855372;16;12;6;4;3;16;3;1;3;4;14;2;1;8;7;2.729091351903122;2;14;20;5.190210796138845;0;5;5;1;3;0;5;10;2;18;24;1;5;17;1;2;16;15;0;12;20;-1.3992214217465466;5;3;0;2;2;0;16;14;2;24;15;1;0;25;23;4.404803399503574;0;15;25;2;1;0;10;20;-8.515693616254515;5;17;0;5;12;0;7;-2.003058193959676;19
TRACK:1143;1136;-1;5;4;2;2;3;2;4;6;6;5;17;0;2;1;2;20;-9.167220114738459;13;1;7;4.797569513334163;10;3;3;14;4;5;6;20;-6.063781151388205;5;0;0;5;2;1;22;1.9274190507157858;8;20;-1.4565273699621248;6;4;3;16;3;1;3;4;14;2;1;8;7;3.125769337798212;2;14;16;0;5;5;1;3;0;5;10;2;18;24;1;5;6;22;-0.22495086287576305;1;2;16;15;0;12;20;-1.2694895911586346;5;3;0;2;2;0;16;14;2;24;21;-3.8515484198068406;1;0;25;23;4.396085751479813;0;15;25;2;1;0;10;20;-8.553317846949408;5;17;0;5;12;0;7;-2.0311683747855076;19
TRACK:1144;1138;-1;5;4;2;2;3;2;4;6;6;5;17;0;2;1;2;20;-8.989226655363797;17;1;7;4.804646317726315;10;3;3;14;4;5;6;20;-6.0032842361489225;5;0;0;5;1;6;11;2;21;9.255300046838737;17;6;4;3;16;3;1;3;4;14;2;1;8;7;3.2224062728792386;2;14;16;0;5;5;1;3;0;5;10;2;18;24;1;5;6;22;-0.01816288719512655;1;2;16;15;0;20;4.109087739622654;20;-1.2422832177212284;5;3;0;2;2;0;16;14;2;24;21;-3.729791920363529;1;0;11;23;4.495719893974734;0;15;25;2;1;14;5;17;0;5;12;0;7;-2.2514748081876985;19
TRACK:1145;1131;-1;5;4;2;2;3;2;6;6;3;3;17;0;2;1;2;20;-9.415000435612678;13;1;7;4.526119492003509;10;3;0;15;25;4;5;6;20;-6.229109741120396;5;0;0;5;2;1;22;1.9096874266979171;8;5;20;3.9268608970242678;6;4;3;16;3;0;4;0;18;22;-5.54232435721034;5;5;25;0;5;5;1;3;0;5;10;2;18;24;1;2;13;24;5;17;5;3;0;2;2;0;16;14;2;24;21;-3.6879531276165873;1;0;25;23;4.360547993677698;0;15;25;2;1;0;10;20;-8.613888762964192;5;17;0;5;12;4;23;4.089022849650101
TRACK:1146;1133;-1;5;4;2;2;3;2;4;6;6;5;17;0;2;1;2;20;-9.088250674759554;17;1;22;1.8300514944982718;8;3;3;14;4;5;6;20;-6.139593507202239;5;0;0;5;2;1;22;1.7612394020976399;8;12;6;4;3;16;3;1;3;4;14;2;1;8;7;3.1521246914864114;2;14;16;0;5;5;1;3;0;5;10;2;18;24;1;5;25;1;2;16;15;0;20;3.9869899344745843;20;-1.4158441502224663;5;3;0;2;2;0;16;14;2;24;21;-3.7969885558415;1;0;11;23;4.305495900319624;0;15;25;2;1;0;10;20;-8.657169710544121;5;17;0;5;12;0;7;-2.324552568649214;19
TRACK:1147;1135;-1;5;4;2;2;3;2;6;6;3;3;17;0;2;1;2;20;-9.166381331438162;13;1;7;4.542639045955648;10;3;0;10;22;-8.031286548617183;4;5;6;20;-6.276225597819221;5;0;25;3;1;3;4;14;2;1;8;16;2;14;16;0;5;5;1;3;0;5;10;2;18;24;1;2;13;24;5;17;5;3;0;2;2;0;16;14;2;24;21;-3.778131559713175;1;0;25;19;0;15;25;2;1;0;10;20;-8.421214605566071;5;17;0;5;12;4;23;3.936130015528592
TRACK:1148;1137;-1;5;4;2;2;3;2;4;6;6;5;17;0;2;1;2;20;-8.985655312484187;17;1;7;4.744096966849218;10;3;3;14;4;5;6;20;-6.076371855046795;5;0;0;5;2;1;22;1.4415413654914513;8;12;6;5;17;3;1;3;4;14;2;1;8;7;3.0810011208683097;2;14;20;-6.048492392926452;0;5;5;1;3;0;5;10;2;18;24;1;5;6;22;-0.347262395001612;1;2;16;15;0;20;3.977863033733931;20;-1.3560931532769365;5;3;0;2;2;0;16;14;2;24;21;-3.9460020778023783;1;0;25;23;4.469892090808428;0;15;25;2;1;0;10;20;-8.509840265930201;5;17;0;5;12;0;7;-2.2919294241909;19
TRACK:1149;1139;-1;5;4;2;2;3;2;4;6;6;5;17;0;2;1;2;20;-8.89147767809423;13;1;7;4.583776311297376;10;4;23;-3.1487850210378827;4;5;6;20;-5.991039897893449;5;0;0;5;2;1;22;1.8839309700071023;8;12;6;4;3;16;3;1;3;4;14;2;1;8;7;2.8667752014345638;2;14;20;5.179049825322159;0;5;5;1;3;0;5;10;2;18;24;1;5;6;22;-0.233316999122272;1;2;16;15;0;12;20;-1.4513757669526133;5;3;0;2;2;0;16;14;2;24;15;1;0;25;23;4.429324488766508;15;2;1;0;10;20;-8.508039070159777;5;17;0;5;12;0;7;-2.2384615628317044;19
EVAL_INSTANCE:57:0:1140
EVAL_INSTANCE:57:1:1141
EVAL_INSTANCE:57:2:1142
EVAL_INSTANCE:57:3:1143
EVAL_INSTANCE:57:4:1144
EVAL_INSTANCE:57:5:1145
EVAL_INSTANCE:57:6:1146
EVAL_INSTANCE:57:7:1147
EVAL_INSTANCE:57:8:1148
EVAL_INSTANCE:57:9:1149
RUN_RESULT:57:0:0:2000:----
RUN_RESULT:57:1:0:2000:----
RUN_RESULT:57:2:0:2000:----
RUN_RESULT:57:3:0:2000:----
RUN_RESULT:57:4:0:947:RDRRRDDLDLUUDRRUULLLLDLUUUDRRULRRRRUUR
RUN_RESULT:57:5:0:2000:----
RUN_RESULT:57:6:0:2000:----
RUN_RESULT:57:7:0:2000:----
RUN_RESULT:57:8:0:2000:----
RUN_RESULT:57:9:0:2000:----
    58 |      580 | -2.879300E+03 | -3.206000E+03
TRACK:1150;1087;1005;5;4;2;2;3;2;4;6;6;5;17;1;3;0;5;10;2;18;24;1;5;6;22;-0.279095130018716;1;2;16;15;0;12;20;-1.3737024597529666;5;0;0;5;2;1;22;1.8520591977547043;8;12;6;4;3;16;3;1;3;4;14;2;1;8;7;3.132257535622614;2;14;16;0;5;5;1;3;0;5;10;2;18;24;1;5;6;22;0.018222364920325473;1;2;16;15;0;20;3.950159029101806;20;-1.3237465858486015;5;3;0;2;2;0;16;14;2;24;21;-3.843496344262961;1;0;11;23;4.397454443347297;0;15;25;2;1;0;10;20;-8.685644612938242;5;17;0;5;12;0;7;-2.230021524979761;19
TRACK:1151;1087;1005;5;4;2;2;3;2;4;6;6;5;17;0;2;1;2;20;-8.965361319529665;13;1;7;4.65108544408358;10;3;3;14;4;5;6;20;-6.032715864144048;5;0;0;5;2;1;22;1.867346362533274;8;12;6;4;3;16;3;1;3;4;14;2;1;11;7;3.0286470039130435;2;14;16;0;5;5;1;3;0;5;10;2;18;24;1;5;6;22;-0.279095130018716;1;2;16;15;0;12;20;-1.3737024597529666;5;3;0;2;2;0;16;14;2;24;21;-3.860839473353804;1;0;25;23;4.3893556105293;0;15;25;2;1;0;10;20;-8.687825346615517;5;17;0;5;12;0;7;-2.2071839100537503;19
TRACK:1152;867;1144;5;4;2;2;3;2;4;6;6;5;17;0;2;4;1;14;16;3;0;10;22;-7.898367674910818;4;5;6;20;-6.102087867045244;5;0;0;5;2;25;5;20;3.8411441546944216;6;4;3;16;3;1;3;4;14;2;1;8;13;2;14;14;0;2;10;20;4.736103838869168;5;3;0;2;2;0;16;14;2;24;21;-4.036288784695879;1;0;25;23;4.091460067938467;0;15;25;2;1;2;13;24;5;17;0;5;12;17
TRACK:1153;867;1144;5;4;2;2;3;2;4;6;6;5;17;20;3.8411441546944216;5;0;0;5;1;6;11;2;21;9.255300046838737;17;6;4;3;16;3;1;3;4;14;2;1;8;7;3.2224062728792386;2;14;16;0;5;5;1;3;0;5;10;2;18;24;1;5;6;22;-0.01816288719512655;1;2;16;15;0;20;4.109087739622654;20;-1.2422832177212284;5;3;0;2;2;0;16;14;2;24;21;-3.729791920363529;1;0;11;23;4.495719893974734;0;15;25;2;1;14;5;17;0;5;12;0;7;-2.2514748081876985;19
TRACK:1154;1003;1003;5;4;2;2;3;2;6;6;3;3;17;0;2;1;2;20;-9.207657260861907;13;1;7;4.628411862552618;10;3;0;10;22;-7.981820060849334;4;5;6;20;-6.141688587430075;5;0;0;5;2;1;22;1.8756163869497233;8;5;20;3.9404384641805303;6;4;3;16;3;1;3;4;14;2;1;8;16;2;14;16;0;5;5;1;3;0;5;10;2;18;24;1;2;13;24;5;17;5;3;0;2;2;0;16;14;20;-9.207657260861907;1;0;25;23;4.30324834279815;0;15;25;2;1;0;10;20;-8.68373448125421;5;17;0;5;12;4;23;4.063899611317846
TRACK:1155;1003;1003;5;4;2;2;3;2;2;24;21;-3.774872693859656;0;2;1;2;20;-9.207657260861907;13;1;7;4.628411862552618;10;3;0;10;22;-7.981820060849334;4;5;6;20;-6.141688587430075;5;0;0;5;2;1;22;1.8756163869497233;8;5;20;3.9404384641805303;6;4;3;16;3;1;3;4;14;2;1;8;16;2;14;16;0;5;5;1;3;0;5;10;2;18;24;1;2;13;24;5;17;5;3;0;2;2;0;16;14;2;24;21;-3.774872693859656;1;0;25;23;4.30324834279815;0;15;25;2;1;0;10;20;-8.68373448125421;5;17;0;5;12;4;23;4.063899611317846
TRACK:1156;1065;1068;5;4;2;2;3;2;4;6;6;5;17;0;2;1;2;20;-9.041036636659019;17;1;7;4.66250569311161;10;3;3;14;4;5;6;20;-6.151497025012095;5;0;0;5;2;1;22;1.6424210369608168;8;12;6;4;3;16;3;1;3;4;14;2;1;8;7;3.0588612077301147;2;14;16;0;5;5;1;3;0;5;20;-8.9960377783027;2;18;24;1;5;6;22;-0.1816549786852148;1;2;16;15;0;20;3.9808390233335045;20;-1.3832973448895722;5;3;0;2;2;0;16;14;2;24;21;-3.853363594265033;1;0;25;23;4.447499871998429;0;15;25;2;1;0;10;20;-8.652559831879994;5;17;0;5;12;0;7;-2.3532774012653945;19
TRACK:1157;1065;1068;5;4;2;2;3;2;4;6;6;5;17;0;2;1;2;20;-8.9960377783027;13;1;7;4.601359100576273;10;3;3;14;4;5;6;20;-5.913332905681117;5;0;0;5;2;1;22;1.8608513811148608;8;12;6;4;3;16;3;1;3;4;14;2;1;8;7;2.8237566020844547;2;14;20;5.211047192853533;0;5;5;1;3;0;5;10;2;18;24;1;5;6;22;-0.020735351849730632;1;2;16;15;0;12;20;-1.4400225175952044;5;3;0;2;2;0;16;14;2;22;-0.1816549786852148;15;1;0;25;23;4.4340625361545944;0;15;25;2;1;0;10;20;-8.557035127885975;5;17;0;5;12;0;7;-2.1701591621484773;19
TRACK:1158;1087;1144;5;4;2;2;3;2;4;6;6;5;17;0;2;1;2;20;-9.055238234557521;17;1;7;4.6714100621445755;10;3;3;14;4;5;6;20;-6.184301607843144;5;0;0;5;2;1;22;1.8520591977547043;8;12;6;4;3;16;3;1;3;4;14;2;1;8;11;2;14;16;0;5;5;1;3;0;5;10;2;18;24;1;5;6;22;0.018222364920325473;1;2;16;15;0;20;3.950159029101806;20;-1.3237465858486015;5;3;0;2;2;0;16;14;2;24;21;-3.843496344262961;1;0;11;23;4.397454443347297;0;15;25;2;1;0;10;20;-8.685644612938242;5;17;0;5;12;0;7;-2.230021524979761;19
TRACK:1159;1087;1144;5;4;2;2;3;2;4;6;6;5;17;0;2;1;2;20;-8.989226655363797;17;1;7;4.804646317726315;10;3;3;14;4;5;6;20;-6.0032842361489225;5;0;0;5;1;6;11;2;21;9.255300046838737;17;6;4;3;16;3;1;3;4;14;2;1;8;7;3.2224062728792386;2;14;16;0;2;1;2;20;-9.055238234557521;17;1;7;4.6714100621445755;10;3;3;14;4;5;6;20;-6.184301607843144
TRACK:1160;1150;-1;5;4;2;2;3;2;4;6;6;5;17;1;3;0;5;10;2;18;24;1;5;6;22;-0.34210129472622636;1;2;16;15;0;12;20;-1.3254070675913054;5;0;0;5;2;1;22;1.8673025238160785;8;12;6;4;3;17;3;1;3;4;14;2;1;8;7;3.2488704533214685;2;14;16;0;5;5;1;3;0;5;10;2;18;24;1;5;6;22;0.1444138056734128;1;2;16;15;0;20;3.7569293389451834;20;-1.2456232711294033;5;3;0;2;2;0;16;14;2;24;21;-3.8917835982017097;1;0;11;23;4.404020094659625;0;15;25;2;1;0;10;20;-8.725987846197913;5;17;0;5;12;0;7;-2.218723350157947;19
TRACK:1161;1152;-1;5;4;2;2;3;2;4;6;6;5;17;0;2;4;1;14;16;3;0;10;22;-7.97795426835336;4;5;6;20;-6.105795323297617;5;0;2;23;-1.3346475052780988;20;-6.928326659507125;3;1;3;4;14;2;1;8;13;2;14;14;0;2;10;20;4.798282941534631;5;3;0;2;2;0;16;14;2;24;21;-3.996015892906052;1;0;25;23;4.058489482655544;0;15;25;2;1;2;13;24;5;17;0;5;12;17
TRACK:1162;1154;-1;5;4;2;2;3;2;6;6;3;3;17;0;2;1;2;20;-9.129143927583877;13;1;7;4.562281913452689;10;3;0;10;22;-7.876229437558117;4;5;6;20;-6.024644216846406;5;0;0;5;2;1;22;1.8825126825636957;8;5;20;4.011594043068341;6;4;3;16;3;6;22;-9.183948375282444;0;5;5;1;3;0;5;10;2;18;24;1;2;13;24;5;17;5;3;0;2;2;0;16;14;20;-9.174614312455708;1;0;25;23;4.255865070660042;0;15;25;2;1;0;10;20;-8.683961305265157;5;17;0;5;12;4;23;3.9645121365840956
TRACK:1163;1156;-1;5;4;2;2;3;2;2;17;25;0;2;1;2;20;-8.948454974777164;17;1;7;4.566639053196375;10;3;3;14;4;5;6;20;-6.219405737240033;5;0;0;5;2;1;22;1.7324699300415116;8;12;6;4;3;16;3;1;3;4;14;2;1;8;7;3.2180101434670596;2;14;16;0;5;5;1;3;0;5;20;-8.922290538646111;2;18;24;1;5;6;22;-0.14558819850578483;1;2;16;15;0;20;3.903076875250179;20;-1.3984918566936653;5;3;0;2;2;0;16;14;2;24;21;-3.8351348648345276;1;0;25;23;4.498157895769961;0;15;25;2;1;0;10;20;-8.638454407536761;5;17;0;5;12;0;7;-2.1785893679423194;19
TRACK:1164;1158;-1;5;4;2;2;3;2;4;6;6;5;17;0;2;1;2;20;-9.035975083165416;17;1;7;4.579679924662089;10;3;3;14;4;5;6;20;-6.167836999715504;5;0;0;5;2;1;22;2.0888972454264825;8;12;6;4;3;16;3;1;3;4;14;2;1;8;17;2;14;16;0;5;5;1;3;0;5;10;2;18;24;1;5;6;22;0.1196175952368339;1;2;16;15;0;20;3.8202974927523874;20;-1.2046381180380468;5;3;0;2;2;0;16;14;2;24;21;-3.9036671107963583;1;0;11;23;4.317614327208873;0;15;25;2;1;0;10;20;-8.594492132620964;5;17;0;5;12;0;7;-2.220168106934913;19
TRACK:1165;1151;-1;5;4;2;2;3;2;4;6;6;5;17;0;2;1;2;20;-9.06396093227949;13;1;7;4.673415380173797;10;3;3;14;4;5;6;20;-5.951723663759876;5;0;0;5;2;1;22;1.8741209029656818;8;12;6;4;3;16;3;1;3;4;14;2;1;11;7;3.0935942499306197;2;14;16;0;5;5;1;3;0;5;10;2;18;24;1;5;6;22;-0.08603951774270399;1;2;16;15;0;12;20;-1.2858432351653808;5;3;0;2;2;0;16;14;2;24;21;-3.9902799053235447;1;0;25;23;4.389311929599207;0;15;25;2;1;0;10;20;-8.856754889726739;5;17;0;5;12;0;7;-2.241338714870757;19
TRACK:1166;1153;-1;5;4;2;2;3;2;4;6;6;5;17;20;4.0392768908251755;5;0;0;5;1;6;11;2;21;9.362565100853146;17;6;4;3;16;3;1;3;4;14;2;1;8;7;3.1896227461356728;2;14;16;0;5;5;1;3;0;5;10;2;18;24;1;5;6;22;0.0018084679952680704;1;2;16;15;0;20;4.055375162121023;20;-1.1964554646326628;5;3;0;2;3;17;1;0;11;23;4.39680083025748;0;15;25;2;1;14;5;17;0;5;12;0;7;-2.3020646272585736;19
TRACK:1167;1155;-1;5;4;2;2;3;2;2;24;21;-3.90436019717653;0;2;1;2;20;-9.25708761498929;13;1;7;4.705284861602345;10;3;0;10;22;-7.881328314125125;4;5;6;20;-5.95901683761446;5;0;0;5;2;1;22;1.9021828208974414;8;5;20;3.906011425685073;6;4;3;16;3;1;3;4;14;2;1;8;16;2;14;16;0;5;5;1;3;0;5;10;2;18;24;1;2;13;24;5;17;5;3;0;2;2;0;16;14;2;24;21;-3.753229884124645;1;0;25;23;4.4340243325359845;0;15;25;2;3;11;0;5;12;4;23;4.081087079760187
TRACK:1168;1157;-1;5;4;2;2;3;2;4;6;6;5;17;0;2;1;2;20;-9.0467050282915;13;1;7;4.631628987995883;10;3;3;14;4;5;6;20;-5.891338307472488;5;0;0;5;2;1;22;1.7764948499747437;8;12;6;4;3;16;3;1;3;4;14;2;1;8;7;2.8481063593300675;2;14;20;5.2055888230433425;0;5;5;1;3;0;5;10;2;18;24;1;5;6;22;0.07823259016011797;1;2;16;15;0;12;20;-1.3884258074753542;5;3;0;2;2;0;16;14;2;22;-0.011979686443074788;11;1;0;25;23;4.397263059672415;0;15;25;2;1;0;10;20;-8.479844982373638;5;17;0;5;12;0;7;-2.16299142147175;19
TRACK:1169;1159;-1;5;4;2;2;3;2;4;6;6;5;17;0;2;1;2;20;-9.033067372922472;17;1;7;4.859987717892163;10;3;3;14;4;5;6;20;-5.887763955631739;5;0;0;5;1;6;11;2;7;9.385315399676127;15;6;4;3;16;3;1;3;4;14;2;1;8;7;3.085985101953538;2;14;16;0;2;1;2;20;-8.867172251501048;17;1;7;4.621886155966954;10;3;3;14;4;5;6;20;-6.180487492294895
EVAL_INSTANCE:58:0:1160
EVAL_INSTANCE:58:1:1161
EVAL_INSTANCE:58:2:1162
EVAL_INSTANCE:58:3:1163
EVAL_INSTANCE:58:4:1164
EVAL_INSTANCE:58:5:1165
EVAL_INSTANCE:58:6:1166
EVAL_INSTANCE:58:7:1167
EVAL_INSTANCE:58:8:1168
EVAL_INSTANCE:58:9:1169
RUN_RESULT:58:0:0:2000:----
RUN_RESULT:58:1:0:2000:----
RUN_RESULT:58:2:0:2000:----
RUN_RESULT:58:3:0:2000:----
RUN_RESULT:58:4:0:1469:RDRRRDDLDLUUDRRUULLLLDLUUUDRRULRRRRUUR
RUN_RESULT:58:5:0:1568:RRDRRRDDRUDLLLDLUUDRRUULLLLDLUUUDRRULRRRRUUR
RUN_RESULT:58:6:0:2000:----
RUN_RESULT:58:7:0:2000:----
RUN_RESULT:58:8:0:1153:RRDRRRRDLDLLDLUUDRRUULLLLDLUUUDDRRUULRRRRUUR
RUN_RESULT:58:9:0:2000:----
    59 |      590 | -2.896300E+03 | -3.206000E+03
TRACK:1170;1103;1068;5;4;5;6;22;-0.020735351849730632
TRACK:1171;1103;1068;5;4;2;2;3;2;4;6;6;5;17;0;2;1;2;20;-8.9960377783027;13;1;7;4.601359100576273;10;3;3;14;4;5;6;20;-5.913332905681117;5;0;0;5;2;1;22;1.8608513811148608;8;12;6;4;3;16;3;1;3;4;14;2;1;8;7;2.8237566020844547;2;14;20;5.211047192853533;0;5;5;1;3;0;5;10;2;18;24;1;5;6;22;-0.020735351849730632;1;2;16;15;0;12;20;-1.4400225175952044;5;3;0;2;24;21;-4.124819983606387;2;1;0;10;20;-8.557035127885975;5;17;0;5;12;0;7;-2.1701591621484773;19
TRACK:1172;1087;1144;5;4;2;2;3;2;4;6;6;5;17;0;2;1;2;20;-9.055238234557521;17;1;7;4.6714100621445755;10;3;3;14;4;5;6;20;-6.184301607843144;5;0;0;5;2;1;22;1.8520591977547043;8;12;6;4;3;16;3;1;3;4;14;2;1;8;7;3.132257535622614;2;14;16;0;5;5;1;3;0;5;10;2;18;24;1;5;6;22;0.018222364920325473;1;24;0;20;3.950159029101806;20;-1.3237465858486015;5;3;0;2;2;0;16;14;2;24;21;-3.843496344262961;1;0;11;23;4.397454443347297;0;15;25;2;1;0;10;20;-8.685644612938242;5;17;0;5;12;0;7;-2.230021524979761;19
TRACK:1173;1087;1144;5;4;2;2;3;2;4;6;6;5;17;0;2;1;2;20;-8.989226655363797;17;1;7;4.804646317726315;10;3;3;14;4;5;6;20;-6.0032842361489225;5;0;0;5;1;6;11;2;21;9.255300046838737;17;6;4;3;16;3;1;3;4;14;2;1;8;7;3.2224062728792386;2;14;16;0;5;5;1;3;0;5;10;2;18;24;1;5;6;22;-0.01816288719512655;1;2;16;15;0;20;4.109087739622654;20;-1.2422832177212284;5;3;0;2;2;0;16;14;2;24;21;-3.729791920363529;1;0;11;23;4.495719893974734;0;15;25;2;16;0;5;12;0;7;-2.2514748081876985;19
TRACK:1174;1065;1087;5;4;2;2;3;2;4;6;6;5;17;0;2;1;2;20;-9.041036636659019;17;1;7;4.66250569311161;10;3;3;14;4;5;6;20;-6.151497025012095;5;0;0;5;2;1;22;1.6424210369608168;8;12;6;4;3;16;3;1;3;4;14;2;1;8;7;3.0588612077301147;2;14;16;0;5;5;1;3;0;5;10;2;18;24;1;6;22;0.018222364920325473;1;2;16;15;0;20;3.9808390233335045;20;-1.3832973448895722;5;3;0;2;2;0;16;14;2;24;21;-3.853363594265033;1;0;25;23;4.447499871998429;0;15;25;2;1;0;10;20;-8.652559831879994;5;17;0;5;12;0;7;-2.3532774012653945;19
TRACK:1175;1065;1087;5;4;2;2;3;2;4;6;6;5;17;0;2;1;2;20;-9.055238234557521;17;1;7;4.6714100621445755;10;3;3;14;4;5;6;20;-6.184301607843144;5;0;0;5;2;1;22;1.8520591977547043;8;12;6;4;3;16;3;1;3;4;14;0;20;3.9808390233335045;20;-1.3832973448895722;0;5;5;1;3;0;5;10;2;18;24;1;5;6;22;0.018222364920325473;1;2;16;15;0;20;3.950159029101806;20;-1.3237465858486015;5;3;0;2;2;0;16;14;2;24;21;-3.843496344262961;1;0;11;23;4.397454443347297;0;15;25;2;1;0;10;20;-8.685644612938242;5;17;0;5;12;0;7;-2.230021524979761;19
TRACK:1176;1144;1003;5;4;2;2;3;20;3.9404384641805303;5;0;0;5;1;6;11;2;21;9.255300046838737;17;6;4;3;16;3;1;3;4;14;2;1;8;7;3.2224062728792386;2;14;16;0;5;5;1;3;0;5;10;2;18;24;1;5;6;22;-0.01816288719512655;1;2;16;15;0;20;4.109087739622654;20;-1.2422832177212284;5;3;0;2;2;0;16;14;2;24;21;-3.729791920363529;1;0;11;23;4.495719893974734;0;15;25;2;1;14;5;17;0;5;12;0;7;-2.2514748081876985;19
TRACK:1177;1144;1003;5;4;2;2;3;2;6;6;3;3;17;0;2;1;2;20;-9.207657260861907;13;1;7;4.628411862552618;10;3;0;10;22;-7.981820060849334;4;5;6;20;-6.141688587430075;5;0;0;5;2;1;22;1.8756163869497233;8;5;20;3.9404384641805303;6;4;3;16;3;1;3;4;14;2;1;8;16;2;14;16;0;5;4;6;6;5;17;5;3;0;2;2;0;16;14;2;24;21;-3.774872693859656;1;0;25;23;4.30324834279815;0;15;25;2;1;0;10;20;-8.68373448125421;5;17;0;5;12;4;23;4.063899611317846
TRACK:1178;1103;1065;5;4;2;2;3;2;4;6;6;5;17;0;2;4;1;14;16;3;0;10;12;4;5;6;20;-6.122709590456593;5;0;0;5;2;25;5;20;3.929949014169841;6;4;3;16;3;4;4;8;0;2;10;20;4.72598497803714;5;3;0;2;2;0;16;14;2;24;21;-4.124819983606387;1;0;25;23;4.1865170284275335;0;15;25;2;1;0;10;20;-8.6697842511601;5;17;0;5;12;4;23;4.018855372156948
TRACK:1179;1103;1065;5;4;2;2;3;2;4;6;6;5;17;0;2;1;2;20;-9.041036636659019;17;1;7;4.66250569311161;10;3;3;14;4;5;6;20;-6.151497025012095;5;0;0;5;2;1;22;1.6424210369608168;8;12;6;4;3;16;3;1;3;4;14;2;1;8;7;3.0588612077301147;2;14;16;0;5;5;1;3;0;5;10;2;18;24;1;5;6;22;-0.1816549786852148;1;2;16;15;0;20;3.9808390233335045;20;-1.3832973448895722;5;3;0;2;2;0;10;20;-8.6697842511601;2;24;21;-3.853363594265033;1;0;25;23;4.447499871998429;0;15;25;2;1;0;10;20;-8.652559831879994;5;17;0;5;12;0;7;-2.3532774012653945;19
TRACK:1180;1103;-1;5;4;2;2;3;2;4;6;6;5;17;0;2;4;1;14;16;3;0;10;22;-7.955788653231993;4;5;6;20;-6.075009239515266;5;0;0;5;2;25;5;20;3.9472334094985353;6;4;3;16;3;4;4;6;7;-5.496728738132999;0;2;10;20;4.825104776818403;5;3;0;2;2;0;16;14;2;24;21;-4.067257939332913;1;0;25;23;4.316177797722728;0;15;25;2;1;0;10;20;-8.589737801758412;5;17;0;5;12;4;23;4.057970906343325
TRACK:1181;1172;-1;5;4;2;2;3;2;4;6;6;5;17;0;2;1;2;20;-8.910557054423741;17;1;13;10;3;3;14;4;5;6;20;-6.076638167241006;5;0;0;5;2;1;22;1.8891743811547896;8;12;6;4;3;16;3;1;3;4;14;2;1;8;7;3.272256524702345;2;14;16;0;5;5;1;3;0;5;10;2;18;24;1;5;6;22;-0.20519803615682594;1;24;0;20;3.9590914016736773;20;-1.3885345578648862;5;3;0;2;2;0;16;14;2;24;21;-3.7953662429546164;1;0;11;23;4.328003442704814;0;15;25;2;1;0;10;20;-8.791962821442693;5;17;0;5;12;0;7;-2.2276077956422826;19
TRACK:1182;1065;-1;5;4;2;2;3;2;4;6;6;5;17;0;2;1;2;20;-9.066559364676952;17;1;7;4.684795824221353;10;3;3;14;4;5;6;20;-6.213348203242188;5;0;0;5;2;1;22;1.6403184866378953;8;12;6;4;3;16;3;1;3;4;14;2;1;8;7;3.134597494229616;2;14;16;0;5;5;1;3;0;5;10;2;18;24;1;5;6;22;-0.3310765563749334;6;4;20;5.137925045260259;5;3;0;2;2;0;16;14;2;24;21;-3.8544898418821165;1;0;25;23;4.618741118589583;0;15;25;2;1;0;10;20;-8.656950700518353;5;17;0;5;12;0;7;-2.4685726310347165;19
TRACK:1183;1176;-1;5;4;2;2;3;20;3.9121255221697036;5;0;0;5;1;6;24;2;21;9.20168296890995;17;6;4;3;16;3;1;3;4;14;2;1;8;7;3.3271429090052353;2;14;16;0;5;5;1;3;0;5;10;2;18;24;1;5;6;22;-0.014688248737504314;1;2;16;15;0;20;4.079940553967499;20;-1.2092513429525358;5;3;0;2;2;0;16;14;2;24;21;-3.612877363010594;1;0;11;23;4.68905067008542;0;15;25;2;1;14;5;17;0;5;12;0;7;-2.3343398224089213;19
TRACK:1184;1178;-1;5;4;2;2;3;2;4;6;6;5;17;0;2;4;1;14;16;3;0;10;12;4;5;6;20;-6.056500261122925;5;0;0;5;2;25;5;20;3.808231435493564;6;4;3;16;3;4;4;8;0;2;10;1;2;6;3;0;17;18;0;3;6;14;6;0;25;20;-1.4458515201415558;6;2;2;6;19;0;21;2.865815087043819;7;1.5880428490294598;1;2;22;8.051381592264349;23;5.127040680163601;2;10;8;5;3;0;2;2;0;16;14;2;24;21;-4.186573920919939;1;0;25;23;4.14853117280932;0;15;25;2;1;0;10;20;-8.724900919104755;5;17;0;5;12;4;23;4.198978309888779
TRACK:1185;1068;-1;5;4;2;2;3;2;4;6;6;5;17;0;2;1;2;20;-9.042745408709253;13;1;7;4.478223023812496;10;3;3;14;4;5;6;20;-6.016827077473248;5;0;0;5;2;1;22;1.8545585309638826;8;12;6;4;3;16;3;1;3;4;14;2;1;8;7;2.6547691460089293;2;14;20;5.2394762530176315;0;5;5;1;3;0;5;10;2;18;24;1;5;6;22;-0.0071968218875807805;1;2;16;15;0;12;20;-1.3317591746178017;5;3;0;2;2;0;16;14;2;24;15;1;0;25;17;0;15;25;2;1;0;10;20;-8.586006064647533;5;17;0;5;12;0;7;-2.0715186709154683;19
TRACK:1186;1173;-1;5;4;2;2;3;2;4;6;6;5;17;0;2;1;2;20;-9.014865502118749;17;1;7;4.87270998781621;10;3;3;14;4;5;6;20;-6.04331329436819;4;6;5;4;6;4;12;0;5;5;1;3;0;5;10;2;18;24;1;5;6;22;-0.06291232419246813;1;2;16;15;0;20;3.99028432460678;20;-1.1756008925119137;5;3;0;2;2;0;16;14;2;24;21;-3.6805740361009955;1;0;11;23;4.4414736531770025;0;15;25;2;16;0;5;12;0;7;-2.03722738617894;19
TRACK:1187;1087;-1;5;4;2;2;3;2;4;6;6;5;17;0;2;6;10;3;3;14;4;5;6;20;-6.286292983155718;5;0;0;5;2;1;22;1.7991100666247766;8;12;6;4;3;16;3;1;3;4;14;2;1;8;7;3.250887293315453;2;14;16;0;5;5;1;3;0;5;10;2;18;24;1;5;6;22;-0.12193122737610854;1;2;16;15;0;20;4.017105473700655;20;-1.2573871046145808;5;3;0;2;2;0;16;14;2;24;21;-3.7608523547623305;1;0;11;23;4.41187415830236;0;15;25;2;1;0;10;20;-8.66646643568685;5;17;0;5;12;0;7;-2.127526810959619;19
TRACK:1188;1177;-1;5;4;2;2;3;2;6;6;3;3;17;0;2;1;2;20;-9.406682401232821;13;1;7;4.715283488460084;10;3;0;10;22;-7.965268712414618;4;5;6;20;-5.999465870541928;5;0;0;5;2;1;21;1.61882038472009;12;5;20;4.048309216986089;6;4;3;16;3;1;3;4;14;2;1;8;16;2;14;16;0;5;4;6;6;5;17;5;3;0;2;2;0;16;14;2;24;21;-3.8371542749781606;1;0;25;23;4.342366815824915;0;15;25;2;1;0;10;20;-8.550591743954653;5;17;0;5;12;4;23;4.120934968717341
TRACK:1189;1179;-1;5;4;2;2;3;2;4;6;6;5;17;0;2;1;2;20;-9.010984920491563;17;1;7;4.670053270614661;10;3;3;14;4;5;6;20;-6.397467558391691;5;0;0;5;2;1;22;1.6259774268475515;8;12;6;4;3;16;3;1;3;4;14;2;1;8;7;3.061913952533151;2;14;16;0;5;5;1;3;0;5;10;2;18;24;1;5;6;22;-0.09625585872264741;1;2;16;15;0;20;3.9705006428829974;16;5;3;0;2;2;0;10;20;-8.656727929676503;2;24;21;-3.8374140389801337;1;0;25;23;4.5933247144154965;0;15;25;2;1;0;10;20;-8.668644331232326;5;17;0;5;12;0;7;-2.252706301215914;19
EVAL_INSTANCE:59:0:1180
EVAL_INSTANCE:59:1:1181
EVAL_INSTANCE:59:2:1182
EVAL_INSTANCE:59:3:1183
EVAL_INSTANCE:59:4:1184
EVAL_INSTANCE:59:5:1185
EVAL_INSTANCE:59:6:1186
EVAL_INSTANCE:59:7:1187
EVAL_INSTANCE:59:8:1188
EVAL_INSTANCE:59:9:1189
RUN_RESULT:59:0:0:1944:RRDDDDRUURULLDLURULULRDDLUURULRDDRDRRRRDULULUUUR
RUN_RESULT:59:1:0:2000:----
RUN_RESULT:59:2:0:2000:----
RUN_RESULT:59:3:0:2000:----
RUN_RESULT:59:4:0:2000:----
RUN_RESULT:59:5:0:2000:----
RUN_RESULT:59:6:0:2000:----
RUN_RESULT:59:7:0:2000:----
RUN_RESULT:59:8:0:2000:----
RUN_RESULT:59:9:0:2000:----
    60 |      600 | -2.896300E+03 | -3.206000E+03
TRACK:1190;1003;1087;5;4;2;2;3;2;6;6;3;3;17;0;2;1;2;20;-9.207657260861907;13;1;7;4.628411862552618;10;3;0;10;22;-7.981820060849334;4;5;6;20;-6.141688587430075;5;0;0;5;2;1;22;1.8756163869497233;8;5;20;3.9404384641805303;6;4;3;16;3;1;3;4;14;2;1;8;16;2;14;16;0;5;5;1;3;0;5;10;2;18;24;1;2;13;24;5;17;5;3;0;2;2;0;16;14;2;24;21;-3.774872693859656;1;0;25;22;0.018222364920325473;0;15;25;2;1;0;10;20;-8.68373448125421;5;17;0;5;12;4;23;4.063899611317846
TRACK:1191;1003;1087;5;4;2;2;3;2;4;6;6;18;0;2;1;2;20;-9.055238234557521;17;1;7;4.6714100621445755;10;3;3;14;4;5;6;20;-6.184301607843144;5;0;0;5;2;1;22;1.8520591977547043;8;12;6;4;3;16;3;1;3;4;14;2;1;8;7;3.132257535622614;2;14;16;0;5;5;1;3;0;5;10;2;18;24;1;5;6;22;0.018222364920325473;1;2;16;15;0;20;3.950159029101806;20;-1.3237465858486015;5;3;0;2;2;0;16;14;2;24;21;-3.843496344262961;1;0;11;23;4.397454443347297;0;15;25;2;1;0;10;20;-8.685644612938242;5;17;0;5;12;0;7;-2.230021524979761;19
TRACK:1192;1168;1144;5;4;2;2;3;2;4;6;6;5;17;0;2;1;2;20;-9.0467050282915;13;1;7;4.631628987995883;10;3;3;14;4;5;6;20;-5.891338307472488;5;0;0;5;2;1;22;1.7764948499747437;8;12;6;4;3;16;3;18;0;5;5;1;3;0;5;10;2;18;24;1;5;6;22;0.07823259016011797;1;2;16;15;0;12;20;-1.3884258074753542;5;3;0;2;2;0;16;14;2;22;-0.011979686443074788;11;1;0;25;23;4.397263059672415;0;15;25;2;1;0;10;20;-8.479844982373638;5;17;0;5;12;0;7;-2.16299142147175;19
TRACK:1193;1168;1144;5;4;2;2;3;2;4;6;6;5;17;0;2;1;2;20;-8.989226655363797;17;1;7;4.804646317726315;10;3;3;14;4;5;6;20;-6.0032842361489225;5;0;0;5;1;6;11;2;21;9.255300046838737;17;6;4;3;16;3;1;3;4;14;2;1;8;7;3.2224062728792386;2;14;16;0;5;5;3;14;5;3;0;2;2;0;16;14;2;24;21;-3.729791920363529;1;0;11;23;4.495719893974734;0;15;25;2;1;14;5;17;0;5;12;0;7;-2.2514748081876985;19
TRACK:1194;1068;1065;5;4;2;2;3;2;4;6;6;5;17;0;2;1;2;20;-8.9960377783027;13;1;7;4.601359100576273;10;3;3;14;4;5;6;20;-5.913332905681117;5;0;0;5;2;1;22;1.8608513811148608;8;12;6;4;3;16;3;1;3;4;14;2;1;8;7;2.8237566020844547;2;14;20;5.211047192853533;0;5;5;1;3;0;5;10;2;18;24;1;5;6;22;-0.020735351849730632;1;14;0;12;20;-1.4400225175952044;5;3;0;2;2;0;16;14;2;24;15;1;0;25;23;4.4340625361545944;0;15;25;2;1;0;10;20;-8.557035127885975;5;17;0;5;12;0;7;-2.1701591621484773;19
TRACK:1195;1068;1065;5;4;2;2;3;2;4;6;6;5;17;0;2;1;2;20;-9.041036636659019;17;1;7;4.66250569311161;10;3;3;14;4;5;6;20;-6.151497025012095;5;0;0;5;2;1;22;1.6424210369608168;8;12;6;4;3;16;3;1;3;4;14;2;1;8;7;3.0588612077301147;2;14;16;0;5;5;1;3;0;5;10;2;18;24;1;5;6;22;-0.1816549786852148;1;2;16;15;0;20;3.9808390233335045;20;-1.3832973448895722;5;3;0;2;2;0;16;14;2;25;21;-3.853363594265033;1;0;25;23;4.447499871998429;0;15;25;2;1;0;10;20;-8.652559831879994;5;17;0;5;12;0;7;-2.3532774012653945;19
TRACK:1196;1168;1068;5;4;2;2;3;2;4;6;6;5;17;0;2;1;2;20;-9.0467050282915;13;1;7;4.631628987995883;10;3;3;14;4;5;6;20;-5.891338307472488;5;0;0;5;2;1;22;1.7764948499747437;8;12;6;4;3;16;3;1;3;4;14;2;1;8;7;2.8481063593300675;2;14;20;5.2055888230433425;0;5;5;1;3;0;5;10;0;12;20;-1.4400225175952044;1;5;6;22;0.07823259016011797;1;2;16;15;0;12;20;-1.3884258074753542;5;3;0;2;2;0;16;14;2;22;-0.011979686443074788;11;1;0;25;23;4.397263059672415;0;15;25;2;1;0;10;20;-8.479844982373638;5;17;0;5;12;0;7;-2.16299142147175;19
TRACK:1197;1168;1068;5;4;2;2;3;2;4;6;6;5;17;0;2;1;2;20;-8.9960377783027;13;1;7;4.601359100576273;10;3;3;14;4;5;6;20;-5.913332905681117;5;0;0;5;2;1;22;1.8608513811148608;8;12;6;4;3;16;3;1;3;4;14;2;1;14;7;2.8237566020844547;2;14;20;5.211047192853533;0;5;5;1;3;0;5;10;2;18;24;1;5;6;22;-0.020735351849730632;1;2;16;15;0;12;20;-1.4400225175952044;5;3;0;2;2;0;16;14;2;24;15;1;0;25;23;4.4340625361545944;0;15;25;2;1;0;10;20;-8.557035127885975;5;17;0;5;12;0;7;-2.1701591621484773;19
TRACK:1198;1003;1087;5;4;2;2;3;2;10;0;2;1;2;20;-9.207657260861907;13;1;7;4.628411862552618;10;3;0;10;22;-7.981820060849334;4;5;6;20;-6.141688587430075;5;0;0;5;2;1;22;1.8756163869497233;8;5;20;3.9404384641805303;6;4;3;16;3;1;3;4;14;2;1;8;16;2;14;16;0;5;5;1;3;0;5;10;2;18;24;1;2;13;24;5;17;5;3;0;2;2;0;16;14;2;24;21;-3.774872693859656;1;0;25;23;4.30324834279815;0;15;25;2;1;0;10;20;-8.68373448125421;5;17;0;5;12;4;23;4.063899611317846
TRACK:1199;1003;1087;5;4;2;2;3;2;4;6;6;5;17;0;2;1;2;20;-9.055238234557521;17;1;7;4.6714100621445755;10;3;3;14;4;5;6;20;-6.184301607843144;5;0;0;5;2;1;22;1.8520591977547043;8;12;6;4;3;16;3;1;3;4;14;2;1;8;7;3.132257535622614;2;14;16;0;5;5;1;3;0;5;10;2;18;24;7;4.628411862552618;5;3;0;2;2;0;16;14;2;24;21;-3.843496344262961;1;0;11;23;4.397454443347297;0;15;25;2;1;0;10;20;-8.685644612938242;5;17;0;5;12;0;7;-2.230021524979761;19
TRACK:1200;1190;-1;2;0;0;3;3;2;0;1;3;8;4;25;1;1;20;-2.1599550759114328;18;3;10;6;5;0;15;20;5.608570815010488;6;4;5;0;0;0;19;22;5.784747248574275;1;19;23;-5.469652575920422;1;4;23;7.039010661254473;6;13;0;0;1;4;5;6;2;21;5.573373637409224;24;2;4;2;5;10;5;12;5;3;2;10;16;0;2;1;0;6;12;6;13;1;0;20;-6.013195872532615;10;6;11;4;6;0;18;9;4;5;0;5;16;3;7;-0.306599035952825;3;6;5;5;4;4;9;6;5;2;5;3;3;0;2;23;8.13791532478102;25;1;19;18;6;5;1;3;4;15;0;3;8;6;9
TRACK:1201;1192;-1;5;4;2;2;3;2;4;6;6;5;17;0;2;1;2;20;-9.174341421182486;13;1;7;4.795684426076655;10;3;3;14;4;5;6;20;-5.854293696226951;5;0;0;5;2;1;22;1.9145623042969615;8;12;6;4;3;16;3;18;0;5;5;1;3;0;5;10;2;18;24;1;5;6;22;0.125109741692032;1;2;16;15;0;12;20;-1.3384951540373962;5;3;0;2;2;0;16;14;2;11;20;3.9421662282910006;1;0;25;23;4.427604440746847;0;15;25;2;1;0;10;20;-8.455193417455806;5;17;0;5;12;0;7;-2.1102018561208498;19
TRACK:1202;1068;-1;5;4;2;2;3;2;4;6;6;5;17;0;2;1;2;20;-9.030013734015476;13;1;7;4.618338601468511;10;3;3;14;4;5;6;20;-5.946780627018048;5;0;0;5;2;1;22;1.6792672116110856;8;12;6;4;3;16;3;1;3;4;14;2;1;8;7;2.9103751198364236;2;14;20;5.38447401660938;0;5;5;1;3;0;5;10;2;18;24;1;5;6;22;-0.036898704548250075;1;2;16;15;0;12;20;-1.4854993358280817;5;3;0;2;2;0;16;14;2;24;15;1;0;25;16;0;15;25;2;1;0;10;20;-8.566507316439928;5;17;0;5;12;0;7;-2.288068932522667;19
TRACK:1203;1196;-1;5;4;2;2;3;2;4;6;6;5;17;2;6;10;4;8;5;0;0;5;2;1;22;1.8351219307869329;8;12;6;4;3;16;3;1;3;4;14;2;1;8;7;2.9904934367864007;2;14;20;5.162928127613435;0;5;5;1;3;0;5;10;0;12;20;-1.4526172715995957;1;5;6;22;0.22514959314119368;1;2;16;15;0;12;20;-1.2594414223461046;5;3;0;2;2;0;16;14;2;22;-0.23781141302334197;11;1;0;25;23;4.454380183395553;0;15;25;2;1;0;10;20;-8.442903201019359;5;17;0;5;12;0;7;-2.240095932421195;19
TRACK:1204;1198;-1;5;4;2;2;3;2;10;0;2;1;2;20;-9.221623431306286;13;1;7;4.6079342691930405;10;3;0;10;22;-8.159973015409863;4;5;6;20;-6.130847736263727;5;0;0;5;2;1;22;1.9344197902933322;8;5;20;3.857439831049912;6;4;3;16;3;1;3;4;14;2;1;8;16;2;14;16;0;5;5;1;3;0;5;10;2;18;24;1;2;13;24;5;17;5;3;0;2;2;0;16;14;2;24;21;-3.78133827474683;1;0;25;23;4.1952948596846085;0;15;25;2;1;0;10;20;-8.762650290216156;5;17;0;5;12;4;23;4.163095344764956
TRACK:1205;1191;-1;5;4;2;2;3;2;4;6;6;18;0;2;1;2;20;-9.067702449574739;17;1;7;4.592475358746765;10;3;3;14;4;5;6;20;-6.319569683216663;5;0;0;5;2;1;22;1.7639826401518013;8;12;6;4;3;16;3;1;3;4;14;2;1;8;7;3.232306181416083;2;14;16;0;5;5;1;3;0;5;10;2;18;24;1;5;6;22;0.10933269100036937;1;2;16;15;0;20;3.9807772617216797;20;-1.4607371036106969;5;3;0;2;2;0;16;14;2;24;21;-3.887705947739253;1;0;11;23;4.483660929215164;0;15;25;2;1;0;18;21;4.242297745692273;5;17;0;5;12;0;7;-2.1405779805906713;19
TRACK:1206;1193;-1;5;4;2;2;3;2;4;6;6;5;17;0;2;1;2;20;-8.820141926470201;17;1;7;4.8306711659385995;10;3;3;14;4;5;6;20;-5.902801060675821;0;3;21;0.04939496131463983;3;12;0;5;5;3;14;5;3;0;2;2;0;16;14;2;24;21;-3.763725818259418;1;0;11;23;4.313831147187919;0;15;25;2;1;14;5;17;0;5;12;0;7;-2.3011683737993613;19
TRACK:1207;1065;-1;5;4;2;5;13;0;5;5;1;3;0;5;10;2;18;24;1;5;6;22;-0.30552850324852937;1;2;16;15;0;20;3.980693299607085;20;-1.232481421335144;5;3;0;2;2;0;16;14;2;24;21;-3.8103018866856857;1;0;25;23;4.352338729806268;0;15;25;2;1;0;10;20;-8.813337849573811;5;17;0;5;12;0;7;-2.2886531159628167;19
TRACK:1208;1197;-1;5;4;2;2;3;2;4;6;6;5;17;2;7;7.431226384776096;11;5;0;0;5;2;1;22;1.8164248631560194;8;12;6;4;3;16;3;1;3;4;14;2;1;14;7;3.0372286507190775;2;14;20;5.376784845871866;0;5;5;1;3;0;5;10;2;18;24;1;5;6;22;0.0814322979669212;1;2;16;15;0;12;20;-1.5207242579113218;5;3;0;2;2;0;16;14;2;24;15;1;0;25;23;4.303073728375241;0;15;25;2;1;0;10;20;-8.597847100829958;5;17;0;5;12;0;7;-2.3458298427788775;19
TRACK:1209;1199;-1;5;4;2;2;3;2;4;6;6;5;17;0;2;1;2;20;-9.14515412898969;17;1;7;4.748313525918361;10;3;3;14;4;5;6;20;-6.1304203786230484;5;0;0;5;2;1;22;1.7925904867054923;8;12;6;4;3;16;3;1;3;4;14;2;1;8;7;3.162101589513443;2;14;16;0;5;5;1;3;0;0;20;4.55009106177638;13;2;18;24;7;4.467040804991527;5;3;0;2;2;0;16;14;2;24;21;-3.892563418364385;1;0;11;23;4.366846968471652;0;15;25;2;1;0;10;20;-8.864202677656278;5;17;0;5;12;0;7;-2.285543446935985;19
EVAL_INSTANCE:60:0:1200
EVAL_INSTANCE:60:1:1201
EVAL_INSTANCE:60:2:1202
EVAL_INSTANCE:60:3:1203
EVAL_INSTANCE:60:4:1204
EVAL_INSTANCE:60:5:1205
EVAL_INSTANCE:60:6:1206
EVAL_INSTANCE:60:7:1207
EVAL_INSTANCE:60:8:1208
EVAL_INSTANCE:60:9:1209
RUN_RESULT:60:0:0:2000:----
RUN_RESULT:60:1:0:2000:----
RUN_RESULT:60:2:0:2000:----
RUN_RESULT:60:3:0:2000:----
RUN_RESULT:60:4:0:2000:----
RUN_RESULT:60:5:0:2000:----
RUN_RESULT:60:6:0:2000:----
RUN_RESULT:60:7:0:2000:----
RUN_RESULT:60:8:0:2000:----
RUN_RESULT:60:9:0:1814:RDRRRDDLDLUUDRRUULLLLDLUUUDRRULRRRRUUR
    61 |      610 | -2.896300E+03 | -3.206000E+03
TRACK:1210;1087;1003;5;4;2;2;3;2;4;6;6;5;17;0;2;1;2;20;-9.055238234557521;17;1;7;4.6714100621445755;10;3;3;14;4;5;6;20;-6.184301607843144;5;0;0;5;2;1;22;1.8520591977547043;8;12;6;4;3;16;3;1;3;4;14;2;1;8;7;3.132257535622614;2;14;16;0;5;5;1;3;0;5;10;2;18;24;1;5;6;22;0.018222364920325473;1;2;16;15;0;20;3.950159029101806;20;-1.3237465858486015;5;3;0;2;2;0;16;14;2;24;21;-3.843496344262961;1;0;11;23;4.397454443347297;0;15;25;2;2;0;16;14;2;24;21;-3.774872693859656;1;0;25;23;4.30324834279815;0;15;25
TRACK:1211;1087;1003;5;4;2;2;3;2;6;6;3;3;17;0;2;1;2;20;-9.207657260861907;13;1;7;4.628411862552618;10;3;0;10;22;-7.981820060849334;4;5;6;20;-6.141688587430075;5;0;0;5;2;1;22;1.8756163869497233;8;5;20;3.9404384641805303;6;4;3;16;3;1;3;4;14;2;1;8;16;2;14;16;0;5;5;1;24;1;2;13;24;5;17;5;3;0;2;2;0;16;14;2;24;21;-3.774872693859656;1;0;25;23;4.30324834279815;0;15;25;2;1;0;10;20;-8.68373448125421;5;17;0;5;12;4;23;4.063899611317846
TRACK:1212;1144;1005;5;4;2;2;3;2;4;6;6;5;17;0;2;1;2;20;-8.989226655363797;17;1;7;4.804646317726315;10;3;3;14;4;5;6;20;-6.0032842361489225;5;0;0;5;1;6;11;2;21;9.255300046838737;17;6;4;3;16;3;1;3;4;14;2;1;8;7;3.2224062728792386;2;14;16;0;5;5;1;3;4;14;1;5;6;22;-0.01816288719512655;1;2;16;15;0;20;4.109087739622654;20;-1.2422832177212284;5;3;0;2;2;0;16;14;2;24;21;-3.729791920363529;1;0;11;23;4.495719893974734;0;15;25;2;1;14;5;17;0;5;12;0;7;-2.2514748081876985;19
TRACK:1213;1144;1005;5;4;2;2;3;2;4;6;6;5;17;0;2;1;2;20;-8.965361319529665;13;1;7;4.65108544408358;10;3;3;14;4;5;6;20;-6.032715864144048;5;0;0;5;2;1;22;1.867346362533274;8;12;6;4;3;16;3;1;3;4;14;2;1;8;7;3.0286470039130435;2;14;16;0;5;5;1;3;0;5;10;2;18;24;1;5;6;22;-0.279095130018716;1;2;16;15;0;12;17;5;3;0;2;2;0;16;14;2;24;21;-3.860839473353804;1;0;25;23;4.3893556105293;0;15;25;2;1;0;10;20;-8.687825346615517;5;17;0;5;12;0;7;-2.2071839100537503;19
TRACK:1214;1068;1003;5;4;2;2;3;2;4;6;6;5;17;0;2;1;2;20;-8.9960377783027;13;1;7;4.601359100576273;10;3;3;14;4;5;6;20;-5.913332905681117;5;0;0;5;2;1;22;1.8608513811148608;16;12;6;4;3;16;3;1;3;4;14;2;1;8;7;2.8237566020844547;2;14;20;5.211047192853533;0;5;5;1;3;0;5;10;2;18;24;1;5;6;22;-0.020735351849730632;1;2;16;15;0;12;20;-1.4400225175952044;5;3;0;2;2;0;16;14;2;24;15;1;0;25;23;4.4340625361545944;0;15;25;2;1;0;10;20;-8.557035127885975;5;17;0;5;12;0;7;-2.1701591621484773;19
TRACK:1215;1068;1003;5;4;2;2;3;2;6;6;3;3;17;0;2;1;2;20;-9.207657260861907;13;1;7;4.628411862552618;10;3;0;10;22;-7.981820060849334;4;5;6;20;-6.141688587430075;5;0;0;5;2;1;22;1.8756163869497233;8;5;20;3.9404384641805303;6;4;3;16;3;1;3;4;14;14;0;5;5;1;3;0;5;10;2;18;24;1;2;13;24;5;17;5;3;0;2;2;0;16;14;2;24;21;-3.774872693859656;1;0;25;23;4.30324834279815;0;15;25;2;1;0;10;20;-8.68373448125421;5;17;0;5;12;4;23;4.063899611317846
TRACK:1216;869;1068;5;4;2;2;3;2;4;6;6;5;17;0;2;1;2;20;-9.10026794555854;13;1;7;4.677790196848919;10;3;0;10;22;-8.146932635534975;4;5;6;20;-6.072065362531429;5;0;0;5;2;1;22;1.800255234838398;8;12;6;4;3;16;3;1;3;4;14;2;1;8;16;2;14;16;0;5;5;1;3;0;0;12;20;-1.4400225175952044;2;18;24;1;5;6;22;-0.3830395300072446;1;2;16;15;0;12;20;-1.3978591985884323;5;3;0;2;2;0;16;14;2;24;21;-3.8869945036830362;1;0;25;23;4.2510209054504005;0;15;25;2;1;0;10;20;-8.656923090429602;5;17;0;5;12;0;7;-2.3545278068028246;19
TRACK:1217;869;1068;5;4;2;2;3;2;4;6;6;5;17;0;2;1;2;20;-8.9960377783027;13;1;7;4.601359100576273;10;3;3;14;4;5;6;20;-5.913332905681117;5;0;0;5;2;1;22;1.8608513811148608;8;12;6;4;3;16;3;1;3;4;14;2;1;8;7;2.8237566020844547;2;14;20;5.211047192853533;0;5;5;1;3;0;5;10;2;18;24;1;5;6;22;-0.020735351849730632;1;2;16;15;0;12;20;-1.4400225175952044;5;3;3;0;5;10;2;18;24
TRACK:1218;1087;1168;5;4;2;2;3;2;4;6;6;5;17;0;2;1;2;20;-9.055238234557521;17;1;7;4.6714100621445755;10;3;3;14;4;5;6;20;-6.184301607843144;5;0;0;5;2;1;22;1.8520591977547043;8;12;6;0;12;20;-1.3884258074753542;3;1;3;4;14;2;1;8;7;3.132257535622614;2;14;16;0;5;5;1;3;0;5;10;2;18;24;1;5;6;22;0.018222364920325473;1;2;16;15;0;20;3.950159029101806;20;-1.3237465858486015;5;3;0;2;2;0;16;14;2;24;21;-3.843496344262961;1;0;11;23;4.397454443347297;0;15;25;2;1;0;10;20;-8.685644612938242;5;17;0;5;12;0;7;-2.230021524979761;19
TRACK:1219;1087;1168;5;4;2;2;3;2;4;6;6;5;17;0;2;1;2;20;-9.0467050282915;13;1;7;4.631628987995883;10;3;3;14;4;5;6;20;-5.891338307472488;5;0;0;5;2;1;22;1.7764948499747437;8;12;6;4;3;16;3;1;3;4;14;2;1;8;7;2.8481063593300675;2;14;20;5.2055888230433425;0;5;5;1;3;0;5;10;2;18;24;1;5;6;22;0.07823259016011797;1;2;16;15;0;12;20;-1.3884258074753542;5;3;0;2;2;0;16;14;2;22;-0.011979686443074788;11;1;0;25;23;4.397263059672415;0;15;25;2;1;0;10;20;-8.479844982373638;5;17;0;5;12;0;7;-2.16299142147175;19
TRACK:1220;1210;-1;5;4;2;2;1;2;10;13;5;22;-3.9184439426973405;5;0;0;5;2;1;22;1.586046432546979;8;12;6;4;3;16;3;1;3;4;14;2;1;8;7;3.0944430882837155;2;14;16;0;5;5;1;3;0;5;10;2;18;24;1;5;6;22;0.07640114832951433;1;2;16;15;0;20;4.060980863586365;20;-1.367553006640989;5;3;0;2;2;0;16;14;2;24;21;-3.7055717990274792;1;0;11;23;4.368985201302957;0;15;25;2;2;0;16;14;2;24;21;-3.573943266294584;1;0;25;23;4.264049460884322;0;15;25
TRACK:1221;1144;-1;5;4;2;2;3;2;4;6;6;5;17;0;2;1;2;20;-8.97172779088758;17;1;7;4.649264435785114;10;3;3;14;4;5;6;20;-5.955110499212114;5;0;0;5;1;6;11;2;21;9.079394103702422;17;6;4;3;16;3;1;3;4;14;2;1;8;7;3.2014283103215293;2;14;16;0;5;5;1;3;0;5;10;2;18;24;1;5;6;22;-0.04473282066718879;1;2;16;15;0;20;4.150045509429743;20;-1.216877012913955;5;3;0;2;2;0;16;14;2;24;21;-3.7107530716958936;1;0;11;23;4.464139545822076;0;15;25;2;4;5;9;0;5;12;0;7;-2.1541507991159428;19
TRACK:1222;1214;-1;5;4;2;2;3;2;4;6;6;5;17;0;2;1;2;20;-8.892783845738542;13;1;7;4.7429641152370525;10;3;3;14;4;5;6;20;-5.902054849299374;5;0;0;5;2;1;22;1.959313141654346;16;12;6;4;3;16;3;1;3;4;14;2;1;8;7;2.7043532459016277;2;14;20;5.04902935351585;0;5;5;1;3;0;5;10;2;18;24;1;5;6;22;-0.07182042383626444;1;2;16;10;0;12;20;-1.4374309923208088;5;3;0;2;2;0;16;14;2;24;15;1;0;25;23;4.34410678900408;0;15;25;2;1;0;10;20;-8.441630020934092;5;17;0;5;12;0;7;-2.115183090194948;19
TRACK:1223;1216;-1;5;4;2;2;3;2;4;6;6;5;17;0;2;1;2;20;-9.026468929381462;13;1;7;4.627117086008732;10;3;0;10;22;-8.238499875789193;4;5;6;20;-5.914316299556066;5;0;0;5;2;1;22;1.5398913073833398;8;12;6;4;3;16;3;1;3;4;14;2;1;8;16;2;14;16;0;5;5;1;3;0;0;12;20;-1.3309396255944193;2;18;24;1;5;6;22;-0.3523739096824675;1;2;16;15;0;12;20;-1.5542870022665378;5;3;0;2;2;0;16;14;2;24;21;-3.7740302477099257;1;2;23;-8.30417127629827;16;0;15;25;2;1;0;10;20;-8.909844872852926;5;17;0;5;12;0;7;-2.3931335603653068;19
TRACK:1224;1218;-1;5;4;1;1;2;5;2;17;9;4;5;12;2;0;2;8;21;-0.9306241501295371;5;19;2;1;18;19;1;23;-7.645165870364887;20;-1.9070890160303833;0;5;1;1;18;8;1;16;22;2.9119800319285147;2;5;2;11;19;2;1;19;13;0;22;-2.3526547217424065;7;5.660691813676394
TRACK:1225;1211;-1;5;4;2;2;3;2;6;6;3;3;17;0;2;1;2;20;-9.160235470235161;13;1;7;4.686488408271176;10;3;0;10;22;-8.030858837812433;4;5;6;20;-6.126402684903065;5;0;0;5;2;1;22;1.9602304890513595;8;5;20;4.014416811480321;6;4;3;16;3;1;3;4;14;2;1;8;16;2;14;16;0;5;5;1;24;1;2;13;24;5;17;5;3;0;2;2;0;16;14;2;24;21;-3.8670388093736574;1;2;9;25;0;15;25;2;1;0;10;20;-8.7322890856177;5;17;0;5;12;4;23;3.8023607973153717
TRACK:1226;1005;-1;5;4;2;2;3;2;4;6;6;5;17;0;2;1;2;20;-8.93870365872631;13;1;7;4.569441862720494;10;3;3;14;4;5;6;20;-5.943668489477415;5;0;0;5;2;1;22;1.95562899328869;8;12;6;4;3;16;3;1;3;4;14;2;1;8;7;3.198821096640332;2;14;16;0;5;5;1;3;0;5;10;2;18;24;1;5;6;22;-0.3387998766010255;1;2;16;15;0;12;20;-1.3025169065065225;5;3;0;2;2;0;16;14;2;24;21;-3.9128094057495932;1;5;20;-0.6313672569330038;0;15;25;2;1;0;10;20;-8.77516656464903;5;17;0;5;12;0;7;-2.331159853443777;19
TRACK:1227;1215;-1;5;4;2;2;3;2;6;6;3;3;17;0;2;1;2;20;-9.272736040247498;13;1;7;4.615367140374112;10;3;0;10;22;-8.148324663970056;4;5;6;20;-6.2360188240437315;5;0;0;5;2;1;22;1.9196737320628805;8;5;20;3.9373447994478403;6;4;3;16;3;1;3;4;14;14;5;0;0;5;5;5;2;11;12;1;2;1;5;15;4;13;4;4;9;3;4;1;16;11;3;1;5;2;0;21;-8.560441531166482;21;-1.4862327954441312;6;8;6;2;0;17;7;7.027224404341613;3;7;-5.091069093605512
TRACK:1228;1217;-1;5;4;2;2;3;2;4;6;6;5;17;0;2;1;2;20;-9.065719717652467;13;1;7;4.7087532427087275;10;3;3;14;4;5;6;20;-5.9040324113043265;5;0;0;5;2;1;22;2.0455723709366627;8;12;6;4;3;16;3;1;3;4;14;2;1;8;7;2.921571208596043;2;14;20;5.145151578546633;0;5;5;1;3;0;5;10;2;18;24;1;5;6;22;0.010801417062360763;1;2;16;15;0;12;20;-1.6691763167730223;5;3;3;0;5;6;20;-2.0786289369124162;2;18;24
TRACK:1229;1219;-1;5;4;2;2;3;2;4;6;6;5;17;0;2;1;2;20;-8.835590850465985;13;1;7;4.584745382370411;10;3;3;14;4;5;6;20;-5.807262669947886;5;0;0;5;2;1;22;1.7177927200087593;8;12;6;4;3;16;3;1;3;4;14;2;1;8;7;2.8868254133193383;2;14;20;5.212277979075676;0;5;5;1;3;0;5;10;2;18;24;1;5;6;22;-0.059974075524778514;1;2;16;15;0;12;20;-1.3809841390368005;5;3;0;2;2;0;16;9;2;22;0.013170150021375233;11;1;0;25;23;4.370078439591994;0;15;25;2;1;0;10;20;-8.351487269457433;5;17;0;5;12;0;7;-2.051295012529228;19
EVAL_INSTANCE:61:0:1220
EVAL_INSTANCE:61:1:1221
EVAL_INSTANCE:61:2:1222
EVAL_INSTANCE:61:3:1223
EVAL_INSTANCE:61:4:1224
EVAL_INSTANCE:61:5:1225
EVAL_INSTANCE:61:6:1226
EVAL_INSTANCE:61:7:1227
EVAL_INSTANCE:61:8:1228
EVAL_INSTANCE:61:9:1229
RUN_RESULT:61:0:0:2000:----
RUN_RESULT:61:1:0:2000:----
RUN_RESULT:61:2:0:2000:----
RUN_RESULT:61:3:0:2000:----
RUN_RESULT:61:4:0:2000:----
RUN_RESULT:61:5:0:2000:----
RUN_RESULT:61:6:0:2000:----
RUN_RESULT:61:7:0:2000:----
RUN_RESULT:61:8:0:2000:----
RUN_RESULT:61:9:0:2000:----
    62 |      620 | -2.896300E+03 | -3.206000E+03
TRACK:1230;1003;1068;5;4;2;2;3;2;6;6;3;3;17;0;2;1;2;20;-9.207657260861907;13;1;7;4.628411862552618;10;3;0;10;22;-7.981820060849334;4;5;6;20;-6.141688587430075;5;0;0;5;2;1;22;1.8756163869497233;8;5;20;3.9404384641805303;6;14;3;1;3;4;14;2;1;8;16;2;14;16;0;5;5;1;3;0;5;10;2;18;24;1;2;13;24;5;17;5;3;0;2;2;0;16;14;2;24;21;-3.774872693859656;1;0;25;23;4.30324834279815;0;15;25;2;1;0;10;20;-8.68373448125421;5;17;0;5;12;4;23;4.063899611317846
TRACK:1231;1003;1068;5;4;2;2;3;2;4;6;6;5;17;0;2;1;2;20;-8.9960377783027;13;1;7;4.601359100576273;10;3;3;14;4;5;6;20;-5.913332905681117;5;0;0;5;2;1;22;1.8608513811148608;8;12;6;4;3;16;3;14;0;5;5;1;3;0;5;10;2;18;24;1;5;6;22;-0.020735351849730632;1;2;16;15;0;12;20;-1.4400225175952044;5;3;0;2;2;0;16;14;2;24;15;1;0;25;23;4.4340625361545944;0;15;25;2;1;0;10;20;-8.557035127885975;5;17;0;5;12;0;7;-2.1701591621484773;19
TRACK:1232;869;1144;5;4;2;2;3;2;4;6;6;5;17;0;2;1;2;20;-9.10026794555854;13;1;7;4.677790196848919;10;3;0;10;22;-8.146932635534975;4;5;6;20;-6.072065362531429;5;0;0;5;2;1;22;1.800255234838398;8;12;6;4;3;16;3;1;3;4;14;2;1;8;16;2;14;16;0;5;5;1;3;0;5;10;2;18;24;1;5;6;22;-0.3830395300072446;1;2;16;15;0;12;20;-1.3978591985884323;5;3;0;2;2;0;16;14;2;24;21;-3.8869945036830362;1;0;25;23;4.2510209054504005;0;15;25;2;1;2;16;15;0;20;4.109087739622654;20;-1.2422832177212284;0;5;12;0;7;-2.3545278068028246;19
TRACK:1233;869;1144;5;4;2;2;3;2;4;6;6;5;17;0;2;1;2;20;-8.989226655363797;17;1;7;4.804646317726315;10;3;3;14;25;5;0;0;5;1;6;11;2;21;9.255300046838737;17;6;4;3;16;3;1;3;4;14;2;1;8;7;3.2224062728792386;2;14;16;0;5;5;1;3;0;5;10;2;18;24;1;5;6;22;-0.01816288719512655;1;2;16;15;0;20;4.109087739622654;20;-1.2422832177212284;5;3;0;2;2;0;16;14;2;24;21;-3.729791920363529;1;0;11;23;4.495719893974734;0;15;25;2;1;14;5;17;0;5;12;0;7;-2.2514748081876985;19
TRACK:1234;1087;1065;5;4;2;2;3;2;4;6;6;5;17;0;2;1;2;20;-9.055238234557521;17;1;7;4.6714100621445755;10;3;3;14;4;5;6;20;-6.184301607843144;5;0;0;5;2;1;22;1.8520591977547043;8;12;6;4;3;16;3;1;3;4;14;2;1;8;7;3.132257535622614;2;14;16;0;5;5;1;3;0;5;10;2;18;24;1;5;6;22;0.018222364920325473;1;2;16;15;0;20;3.950159029101806;20;-1.3237465858486015;5;3;0;2;2;0;16;14;2;24;21;-3.843496344262961;1;0;11;23;4.397454443347297;0;15;25;2;1;0;10;12;5;17;0;5;12;0;7;-2.230021524979761;19
TRACK:1235;1087;1065;5;4;10
TRACK:1236;1144;1087;5;4;2;2;3;2;4;6;6;5;17;0;2;1;7;-2.230021524979761;1;7;4.804646317726315;10;3;3;14;4;5;6;20;-6.0032842361489225;5;0;0;5;1;6;11;2;21;9.255300046838737;17;6;4;3;16;3;1;3;4;14;2;1;8;7;3.2224062728792386;2;14;16;0;5;5;1;3;0;5;10;2;18;24;1;5;6;22;-0.01816288719512655;1;2;16;15;0;20;4.109087739622654;20;-1.2422832177212284;5;3;0;2;2;0;16;14;2;24;21;-3.729791920363529;1;0;11;23;4.495719893974734;0;15;25;2;1;14;5;17;0;5;12;0;7;-2.2514748081876985;19
TRACK:1237;1144;1087;5;4;2;2;3;2;4;6;6;5;17;0;2;1;2;20;-9.055238234557521;17;1;7;4.6714100621445755;14;3;3;14;4;5;6;20;-6.184301607843144;5;0;0;5;2;1;22;1.8520591977547043;8;12;6;4;3;16;3;1;3;4;14;2;1;8;7;3.132257535622614;2;14;16;0;5;5;1;3;0;5;10;2;18;24;1;5;6;22;0.018222364920325473;1;2;16;15;0;20;3.950159029101806;20;-1.3237465858486015;5;3;0;2;2;0;16;14;2;24;21;-3.843496344262961;1;0;11;23;4.397454443347297;0;15;25;2;1;0;10;20;-8.685644612938242;5;17;0;5;12;0;7;-2.230021524979761;19
TRACK:1238;1068;1003;5;4;2;2;3;2;4;6;6;5;17;0;2;1;2;20;-8.9960377783027;13;1;7;4.601359100576273;10;3;3;14;4;5;6;20;-5.913332905681117;5;0;0;5;2;1;22;1.8608513811148608;8;12;6;4;3;16;3;1;3;4;14;2;1;8;7;2.8237566020844547;2;14;20;5.211047192853533;0;5;5;1;3;0;5;10;2;18;24;1;5;6;22;-0.020735351849730632;1;2;16;15;0;12;20;-1.4400225175952044;5;3;0;2;2;0;16;14;2;24;15;1;0;25;23;4.4340625361545944;0;15;25;14
TRACK:1239;1068;1003;5;4;2;2;3;2;6;6;3;3;17;0;2;1;2;20;-9.207657260861907;13;1;7;4.628411862552618;10;3;0;10;22;-7.981820060849334;4;5;6;20;-6.141688587430075;5;0;0;5;2;1;22;1.8756163869497233;8;5;20;3.9404384641805303;6;4;3;16;3;1;3;4;14;2;1;8;20;-5.913332905681117;2;14;16;0;5;5;1;3;0;5;10;2;18;24;1;2;13;24;5;17;5;3;0;2;2;0;16;14;2;24;21;-3.774872693859656;1;0;25;23;4.30324834279815;0;15;25;2;1;0;10;20;-8.68373448125421;5;17;0;5;12;4;23;4.063899611317846
TRACK:1240;1230;-1;5;4;2;2;3;2;6;6;3;3;17;0;2;6;9;3;0;10;22;-8.113814837814399;4;5;6;20;-6.093443311301595;5;0;0;5;2;1;22;1.7697131288276475;8;5;20;4.031480361925367;6;14;3;1;3;4;14;2;1;8;16;2;14;16;0;5;5;1;3;0;5;10;2;18;24;1;2;13;24;5;17;5;3;0;2;2;0;16;14;2;24;21;-3.708981059871638;1;0;25;23;4.270910617252811;0;15;25;2;1;0;10;20;-8.71014360175798;5;17;0;5;12;4;23;3.9529657710681807
TRACK:1241;869;-1;5;4;2;2;3;2;4;6;6;5;17;0;2;1;2;20;-8.995789456702454;13;1;7;4.720483917123838;21;-9.754087880780766;3;0;10;22;-8.165585714239244;4;5;6;20;-6.136789508735084;5;0;0;5;2;1;22;1.7481771899469787;8;12;6;4;3;16;3;1;3;4;14;2;1;8;16;2;14;16;0;5;5;1;3;0;5;10;2;18;24;1;5;6;22;-0.2739333347055109;1;2;16;15;0;12;20;-1.2536519710065808;5;3;0;2;2;0;16;14;2;24;21;-4.062745766602038;1;0;25;23;4.349692373742291;0;15;25;2;1;0;10;20;-8.483684456303102;5;17;0;5;12;0;7;-2.330905960794527;19
TRACK:1242;1234;-1;5;4;2;2;3;2;4;6;6;5;17;0;2;1;2;20;-9.067316805601973;17;1;7;4.6703230929858295;10;3;3;14;4;5;6;20;-6.065142219501796;5;0;0;5;2;1;22;1.8007023412794025;8;12;6;4;3;16;3;1;3;4;14;2;1;8;7;3.05561317495932;2;14;16;0;5;5;1;3;0;5;10;2;18;24;1;5;6;22;0.1462000154221701;1;2;16;15;0;20;3.9920832449924846;20;-1.4934530538488908;5;3;0;2;2;0;16;14;2;24;21;-3.893423383201228;1;0;11;23;4.491762776389246;0;8;25;2;1;0;10;12;5;17;0;5;12;0;7;-2.3112995190421137;19
TRACK:1243;1144;-1;5;4;2;2;3;2;4;6;6;5;17;0;2;1;2;20;-9.171715175460895;17;1;7;4.712062870221925;10;3;3;10;4;5;6;20;-5.82559412094796;5;0;0;5;1;6;11;2;21;9.242657943752862;17;6;4;3;16;3;1;3;4;14;2;1;8;7;3.0469123976966777;2;14;16;0;5;5;1;3;0;5;10;2;18;24;1;5;6;22;0.020293911839776517;1;2;16;15;0;20;4.026099977141268;20;-1.1042833846581306;5;3;0;2;2;0;16;14;2;24;21;-3.5630519555901623;1;0;11;23;4.46294430845605;0;15;25;2;1;14;5;17;0;5;12;0;7;-2.4457132028271658;19
TRACK:1244;1068;-1;5;4;2;2;3;2;4;6;6;5;17;0;2;1;2;20;-8.998510140858034;13;1;7;4.643590147477874;10;3;3;14;4;5;6;20;-6.128420289440571;5;0;0;5;2;1;22;1.8132699926316245;8;12;6;4;3;16;3;1;3;4;14;2;1;8;7;2.8689198372459694;4;25;0;5;5;1;3;0;5;10;2;18;24;1;5;6;22;-0.16627302659602727;1;2;16;15;0;12;20;-1.340353762722439;5;3;0;2;2;0;16;14;2;24;15;1;0;25;23;4.161618789756983;0;15;25;2;1;0;10;20;-8.72611782609539;5;17;0;5;12;0;7;-2.1518763094231477;19
TRACK:1245;1231;-1;5;3;2;0;1;1;2;18;10;4;11;5;1;25;22;7.208710536571697;3;1;1;11;7;-1.2434214502119616;6;13;2;5;6;0;15;13;6;5;4;14
TRACK:1246;1144;-1;5;4;2;2;3;2;4;6;6;5;17;0;2;1;2;20;-8.897910010646585;17;1;7;4.801828295046646;10;3;3;14;4;5;6;20;-5.748929037802757;5;0;0;5;1;6;11;2;21;9.295267529232772;17;6;4;3;16;3;1;16;13;0;5;5;1;3;0;5;10;2;18;24;1;5;6;22;-0.06912785821033587;1;2;16;15;0;20;4.111333925081973;20;-1.2375409824811363;5;3;0;2;2;0;16;14;2;24;21;-3.664200344493247;1;0;11;23;4.510752766322976;0;15;25;2;1;14;5;17;0;5;12;0;7;-2.4197891204857624;19
TRACK:1247;1235;-1;5;4;3;15
TRACK:1248;1087;-1;5;4;2;2;3;2;4;6;6;5;17;0;2;1;2;20;-9.061283181923997;17;1;7;4.557335126779929;10;3;3;14;4;5;6;20;-6.194282386145132;5;0;0;5;2;1;22;1.816063938113196;8;12;6;4;3;16;3;1;3;4;14;2;1;8;7;3.168620618195428;2;14;16;0;5;5;1;3;0;5;10;2;18;24;1;5;6;22;-0.05073373080218406;1;2;16;15;0;20;4.0889114444450305;20;-1.2788036969278718;5;3;0;2;2;0;16;14;2;24;21;-3.778481391909323;1;0;11;23;4.3519871393900225;0;15;25;2;1;0;10;20;-8.676928066396064;5;17;0;5;12;0;21;6.213331132027498;19
TRACK:1249;1003;-1;5;4;2;2;3;2;6;6;3;3;17;0;2;1;2;20;-9.261507486225355;13;1;7;4.6860409377163235;10;3;0;10;22;-7.9853999475029465;4;5;6;20;-6.146847745210304;4;2;0;21;-1.6034490300698483;25;5;15;0;5;5;1;3;0;5;10;2;18;24;1;2;13;24;5;17;5;3;0;2;2;0;16;14;2;24;21;-3.484299349712919;1;0;25;23;4.441823326097536;0;15;25;2;1;0;10;20;-8.557940169222896;5;17;0;5;12;4;23;3.9363675620531406
EVAL_INSTANCE:62:0:1240
EVAL_INSTANCE:62:1:1241
EVAL_INSTANCE:62:2:1242
EVAL_INSTANCE:62:3:1243
EVAL_INSTANCE:62:4:1244
EVAL_INSTANCE:62:5:1245
EVAL_INSTANCE:62:6:1246
EVAL_INSTANCE:62:7:1247
EVAL_INSTANCE:62:8:1248
EVAL_INSTANCE:62:9:1249
RUN_RESULT:62:0:0:2000:----
RUN_RESULT:62:1:0:2000:----
RUN_RESULT:62:2:0:2000:----
RUN_RESULT:62:3:0:2000:----
RUN_RESULT:62:4:0:2000:----
RUN_RESULT:62:5:0:2000:----
RUN_RESULT:62:6:0:943:RDRRRDDLDLUUDRRUULLLLDLUUUDRRULRRRRUUR
RUN_RESULT:62:7:0:2000:----
RUN_RESULT:62:8:0:2000:----
RUN_RESULT:62:9:0:2000:----
    63 |      630 | -2.933900E+03 | -3.206000E+03
TRACK:1250;1168;1087;5;4;2;2;3;2;4;6;6;5;17;0;2;1;2;20;-9.0467050282915;13;1;7;4.631628987995883;10;3;3;14;4;5;6;20;-5.891338307472488;5;0;0;5;2;1;22;1.7764948499747437;8;12;6;4;3;16;3;1;3;4;14;2;1;8;7;2.8481063593300675;2;14;20;5.2055888230433425;0;5;5;1;3;0;5;10;2;18;24;1;5;6;22;0.07823259016011797;1;2;16;15;0;12;20;-1.3884258074753542;5;3;0;2;2;0;16;14;2;22;-0.011979686443074788;11;1;0;25;23;4.397263059672415;0;15;25;2;1;0;7;3.132257535622614;20;-8.479844982373638;5;17;0;5;12;0;7;-2.16299142147175;19
TRACK:1251;1168;1087;5;4;2;2;3;2;4;6;6;5;17;0;2;1;2;20;-9.055238234557521;17;1;7;4.6714100621445755;10;3;3;14;4;5;6;20;-6.184301607843144;5;0;0;5;2;1;22;1.8520591977547043;8;12;6;4;3;16;3;1;3;4;14;5;17;0;5;5;1;3;0;5;10;2;18;24;1;5;6;22;0.018222364920325473;1;2;16;15;0;20;3.950159029101806;20;-1.3237465858486015;5;3;0;2;2;0;16;14;2;24;21;-3.843496344262961;1;0;11;23;4.397454443347297;0;15;25;2;1;0;10;20;-8.685644612938242;5;17;0;5;12;0;7;-2.230021524979761;19
TRACK:1252;1246;1065;5;4;2;2;3;2;4;6;6;5;17;0;2;1;2;20;-8.897910010646585;17;1;7;4.801828295046646;10;3;3;14;4;5;6;20;-5.748929037802757;5;0;0;5;1;6;11;2;21;9.295267529232772;17;6;4;3;16;3;1;16;13;0;5;5;1;3;0;5;10;2;18;24;1;5;6;22;-0.06912785821033587;1;2;16;15;0;20;4.111333925081973;20;-1.2375409824811363;5;3;0;2;2;0;16;14;2;24;21;-3.664200344493247;1;0;11;23;4.510752766322976;0;15;14;2;1;14;5;17;0;5;12;0;7;-2.4197891204857624;19
TRACK:1253;1246;1065;5;4;2;2;3;2;4;6;6;5;17;0;2;1;2;20;-9.041036636659019;17;1;7;4.66250569311161;10;3;3;14;4;5;6;20;-6.151497025012095;5;0;0;5;2;1;22;1.6424210369608168;8;3;14;6;4;3;16;3;1;3;4;14;2;1;8;7;3.0588612077301147;2;14;16;0;5;5;1;3;0;5;10;2;18;24;1;5;6;22;-0.1816549786852148;1;2;16;15;0;20;3.9808390233335045;20;-1.3832973448895722;5;3;0;2;2;0;16;14;2;24;21;-3.853363594265033;1;0;25;23;4.447499871998429;0;15;25;2;1;0;10;20;-8.652559831879994;5;17;0;5;12;0;7;-2.3532774012653945;19
TRACK:1254;1068;1068;5;4;2;2;3;2;4;6;6;5;17;0;2;1;2;20;-8.9960377783027;13;1;7;4.601359100576273;10;3;3;14;4;5;6;20;-5.913332905681117;5;0;0;5;2;1;22;1.8608513811148608;8;12;6;4;3;16;3;1;3;4;14;2;1;8;7;2.8237566020844547;2;14;20;5.211047192853533;0;5;5;1;3;0;5;10;2;18;24;1;5;6;22;-0.020735351849730632;1;2;16;15;0;12;20;-1.4400225175952044;5;3;0;2;2;0;16;14;2;24;15;1;0;25;23;4.4340625361545944;0;15;25;2;1;0;10;20;-8.557035127885975;5;17;0;5;10;0;7;-2.1701591621484773;19
TRACK:1255;1068;1068;5;4;2;2;3;2;4;6;6;5;17;0;2;1;2;20;-8.9960377783027;13;1;7;4.601359100576273;10;3;3;14;4;5;6;20;-5.913332905681117;5;0;0;5;2;1;22;1.8608513811148608;8;12;6;4;3;16;3;1;3;4;14;2;1;8;7;2.8237566020844547;2;14;20;5.211047192853533;0;5;5;1;3;0;5;10;2;18;24;1;5;6;22;-0.020735351849730632;1;2;16;15;0;12;20;-1.4400225175952044;5;3;0;2;2;0;16;14;2;24;15;1;0;25;23;4.4340625361545944;0;15;25;2;1;0;10;20;-8.557035127885975;6;22;-0.020735351849730632;0;5;12;0;7;-2.1701591621484773;19
TRACK:1256;1003;1087;5;4;2;2;3;2;6;6;3;3;17;0;2;1;2;20;-9.207657260861907;13;1;7;4.628411862552618;10;3;0;10;22;-7.981820060849334;4;5;6;20;-6.141688587430075;5;0;0;5;2;1;22;1.8756163869497233;8;5;20;3.9404384641805303;6;4;3;16;3;1;3;4;14;2;1;8;16;1;7;4.6714100621445755;10;0;5;5;1;3;0;5;10;2;18;24;1;2;13;24;5;17;5;3;0;2;2;0;16;14;2;24;21;-3.774872693859656;1;0;25;23;4.30324834279815;0;15;25;2;1;0;10;20;-8.68373448125421;5;17;0;5;12;4;23;4.063899611317846
TRACK:1257;1003;1087;5;22;-7.981820060849334
TRACK:1258;1144;1065;5;4;2;2;3;2;4;6;6;5;17;0;2;1;2;20;-8.989226655363797;17;1;7;4.804646317726315;10;3;3;14;4;5;6;20;-6.0032842361489225;22;1.6424210369608168;0;5;5;1;3;0;5;10;2;18;24;1;5;6;22;-0.01816288719512655;1;2;16;15;0;20;4.109087739622654;20;-1.2422832177212284;5;3;0;2;2;0;16;14;2;24;21;-3.729791920363529;1;0;11;23;4.495719893974734;0;15;25;2;1;14;5;17;0;5;12;0;7;-2.2514748081876985;19
TRACK:1259;1144;1065;5;4;2;2;3;2;4;6;6;5;17;0;2;1;2;20;-9.041036636659019;17;1;7;4.66250569311161;10;3;3;14;4;5;6;20;-6.151497025012095;5;0;0;5;2;1;22;1.6424210369608168;8;12;6;4;3;16;3;1;3;4;14;2;1;8;7;3.0588612077301147;2;14;16;0;5;5;1;4;3;16;1;5;6;22;-0.1816549786852148;1;2;16;15;0;20;3.9808390233335045;20;-1.3832973448895722;5;3;0;2;2;0;16;14;2;24;21;-3.853363594265033;1;0;25;23;4.447499871998429;0;15;25;2;1;0;10;20;-8.652559831879994;5;17;0;5;12;0;7;-2.3532774012653945;19
TRACK:1260;1250;-1;5;4;2;2;3;2;4;6;6;5;17;0;2;1;2;20;-8.99615892349425;13;1;7;4.50927032422309;10;3;3;14;4;5;6;20;-5.787578957106821;5;0;0;5;2;1;22;1.7270880329756513;8;12;6;4;3;16;3;1;3;4;14;2;1;8;7;2.7089621320650483;2;14;20;5.188925212304361;0;5;5;1;3;0;5;10;2;18;24;1;5;6;22;0.20078652460223506;1;2;16;15;0;12;20;-1.1302581029304593;5;3;0;6;3;6;7;-2.0557017903784853;2;1;0;7;3.1438052726979575;20;-8.575051564861477;5;17;0;5;12;0;7;-2.1934843456196025;19
TRACK:1261;1252;-1;5;4;2;2;3;2;4;6;6;5;17;0;2;1;2;20;-8.91265972559912;17;1;7;4.893600482892657;10;3;3;14;4;5;6;20;-5.831748901921882;5;0;0;5;1;6;11;2;21;9.382685709387133;17;6;4;3;16;3;1;16;13;0;5;5;1;3;0;5;10;2;18;24;1;5;6;22;-0.2194069254576749;1;2;16;21;-8.364994971146196;0;20;4.039568170737621;20;-1.2507115867097804;5;3;0;2;2;0;16;14;2;24;21;-4.020872715170271;1;0;11;23;4.6174795469603795;0;15;14;2;1;14;5;17;0;5;12;0;7;-2.3924298765271113;19
TRACK:1262;1254;-1;5;4;2;2;3;2;4;6;6;5;17;0;2;1;2;20;-8.915542297300101;13;1;7;4.512687222903991;10;3;3;14;4;5;6;20;-5.943335026442827;5;0;0;5;2;1;22;1.5951930650470354;8;12;6;4;3;16;3;1;3;4;14;2;1;8;7;2.837181265133824;2;14;20;5.392090013294192;0;5;5;1;3;0;5;10;2;18;24;1;5;6;22;-0.223135308720748;1;2;16;15;0;12;20;-1.564360364458508;5;3;0;2;2;0;16;14;2;24;15;1;0;25;23;4.430605275795736;0;15;25;2;1;0;10;20;-8.775204515482825;5;17;0;0;20;3.8977788499605595;23;9.064468270546186;0;7;-2.2133081465612503;19
TRACK:1263;1256;-1;5;4;2;2;3;2;6;6;3;3;17;0;2;1;2;20;-9.148797047454629;13;1;7;4.520738130677146;10;3;0;10;22;-8.02740408009643;4;5;6;20;-6.171063707002675;5;0;0;5;2;1;22;1.8842176322570918;8;5;20;3.8610674192504404;6;4;3;16;3;1;3;4;14;2;1;8;16;1;7;4.5589558594146755;10;0;5;5;1;3;0;5;10;2;18;24;1;2;13;24;5;17;5;3;0;2;2;0;16;14;1;17;9;1;0;25;23;4.433675105055907;0;15;25;2;1;0;10;20;-8.564813844086425;5;17;0;5;12;4;23;4.091122440642842
TRACK:1264;1258;-1;5;4;2;2;3;2;4;6;6;5;17;0;2;1;2;20;-8.913068869363913;17;1;7;4.878599816892685;10;3;3;14;4;5;6;20;-6.06145856463258;22;1.699947207889545;0;5;5;1;3;0;5;10;2;18;24;1;5;6;22;0.08359823517712742;1;2;21;-8.809649906857375;15;0;20;4.268634579899286;20;-1.196256704035699;5;3;0;2;2;0;16;14;2;24;21;-3.830788724999758;1;0;11;23;4.5116448454949;0;15;25;2;1;14;5;17;0;5;12;0;7;-2.153628912925122;19
TRACK:1265;1251;-1;5;4;2;2;3;2;4;6;6;6;19;0;2;1;2;20;-8.901034275638374;17;1;7;4.664417735015341;10;3;3;14;4;5;6;20;-6.226800662655374;5;0;0;5;2;1;22;2.0004101973819672;8;12;6;4;3;16;3;1;3;4;14;5;17;0;5;5;1;3;0;5;10;2;18;24;1;5;6;22;0.10739690027131418;1;2;16;15;0;20;3.834484969531811;20;-1.3856749161789141;5;3;0;2;2;0;16;14;2;24;21;-3.838679504424738;1;0;11;23;4.406245679701284;0;15;25;2;1;0;10;20;-8.756357316226282;5;17;0;5;12;0;7;-2.1313496262408713;19
TRACK:1266;1253;-1;5;4;2;2;3;2;4;6;6;5;17;0;2;1;2;20;-9.074567599660122;17;1;7;4.626793021253108;10;3;3;14;4;5;6;20;-6.238483913422843;5;0;0;5;2;1;22;1.5106990658302077;8;3;14;6;4;3;16;3;1;3;0;8;19;2;1;8;7;3.024320906886379;2;14;16;0;5;5;1;3;0;5;10;2;18;24;1;5;6;22;0.055435775808883314;1;2;16;15;0;20;4.031643692915112;20;-1.2656267641153667;5;3;0;2;2;0;16;14;2;24;21;-3.79847350666413;1;0;25;23;4.626633445106146;0;15;25;2;1;0;10;20;-8.668233057228244;5;17;0;5;12;0;7;-2.2810878111312896;19
TRACK:1267;1255;-1;5;4;2;2;3;2;4;6;4;0;8;8;0;2;1;2;20;-8.964912661098063;13;1;7;4.562283755817837;10;3;3;14;4;5;6;20;-6.013618960150737;5;0;0;5;2;1;22;1.830253890496564;8;12;6;4;3;16;3;1;3;4;14;2;1;8;7;2.843155676598976;2;14;20;5.235789796090751;0;5;5;1;3;0;5;10;2;18;24;1;5;6;22;-0.00586328987191616;1;2;16;15;0;12;20;-1.4150981410440302;5;3;0;2;2;0;16;14;2;24;15;1;0;25;23;4.494198095912986;0;15;25;2;1;0;10;20;-8.4182156289997;6;22;-0.10267495584315156;0;5;12;0;7;-2.175391897068831;19
TRACK:1268;1257;-1;1;0;4;3;6;6;4;1;2;14;21;4.437102134588617;0;24;12;4;6;6;0;0;1;4;20;-5.669999944603341;0;11;12;5;2;17;13;5;4;3;24;6;0;0;0;3;6;1;2;15;9;1;14;16;5;1;6;1;15;7;-8.923856470035798;4;2;15;25;0;0;6;0;1;10;9;2;22;2.435392269983039;20;3.4520544429543882;2;1;1;22;-1.980209272021817;10;5;10;2;2;19;20;-5.20212083013583;6;9;0;1;2;1;17;17;2;17;17;6;1;15;20;2.608025021566146;4;5;0;18;19;2;1;2;4;0;6;25;2;15;19;5;6;1;19;15;0;6;1;6;8;5;8;0;4;3;8;4;3;16;1;1;2;1;6;16;6;25;1;4;15;5;24;3;3;1;15;11;1;4;6;6;14;0;6;3;18;4;3;12
TRACK:1269;1259;-1;5;4;2;2;3;2;4;2;5;23;-4.521011839032248;2;8;15;0;2;1;2;20;-8.967406461730073;17;1;7;4.604798472966387;10;3;3;14;4;5;6;20;-6.206330086479782;5;0;0;5;2;1;22;1.6389424577461231;8;12;6;4;3;16;3;1;3;4;14;2;1;8;7;3.051860251487735;2;14;16;0;5;5;1;4;3;16;1;5;6;22;-0.19485944880577058;1;2;16;15;0;20;4.092357378287507;20;-1.4036191973612746;5;3;0;2;2;0;16;14;2;24;21;-3.9017374237624356;1;0;25;23;4.52012639076523;0;15;25;2;1;0;10;20;-8.679684262611671;5;17;0;5;12;0;7;-2.2583460579182115;19
EVAL_INSTANCE:63:0:1260
EVAL_INSTANCE:63:1:1261
EVAL_INSTANCE:63:2:1262
EVAL_INSTANCE:63:3:1263
EVAL_INSTANCE:63:4:1264
EVAL_INSTANCE:63:5:1265
EVAL_INSTANCE:63:6:1266
EVAL_INSTANCE:63:7:1267
EVAL_INSTANCE:63:8:1268
EVAL_INSTANCE:63:9:1269
RUN_RESULT:63:0:0:906:RRDRRDRDRUDLLLDLUUDRRUULLLLDLUUUDRRULRRRRUUR
RUN_RESULT:63:1:0:2000:----
RUN_RESULT:63:2:0:2000:----
RUN_RESULT:63:3:0:2000:----
RUN_RESULT:63:4:0:2000:----
RUN_RESULT:63:5:0:901:RDRRRDDLDLUUDRRUULLLLDLUUUDRRULRRDRDRRRDULULUUUR
RUN_RESULT:63:6:0:1557:RRDRRDRDRUDLLLDLUUDRRUULLLLDLUUUDRRULRRRRUUR
RUN_RESULT:63:7:0:2000:----
RUN_RESULT:63:8:0:2000:----
RUN_RESULT:63:9:0:2000:----
    64 |      640 | -2.999700E+03 | -3.206000E+03
TRACK:1270;1168;1265;5;4;2;2;3;2;4;6;6;5;17;0;2;1;2;20;-9.0467050282915;13;1;7;4.631628987995883;10;3;3;14;4;5;6;20;-5.891338307472488;5;0;0;5;2;1;22;1.7764948499747437;8;12;6;4;3;16;3;1;3;4;14;2;1;8;7;2.8481063593300675;2;14;20;5.2055888230433425;0;5;5;1;3;0;5;10;2;18;24;1;5;6;22;0.07823259016011797;1;2;16;15;0;12;20;-1.3884258074753542;5;3;0;2;2;0;16;14;2;22;-0.011979686443074788;11;1;0;25;23;4.397263059672415;0;15;25;2;1;22;2.0004101973819672;8;12
TRACK:1271;1168;1265;5;4;5;17
TRACK:1272;1068;1087;5;4;2;2;3;2;4;6;6;5;17;0;2;1;2;20;-8.9960377783027;13;1;7;4.601359100576273;10;3;3;14;4;5;6;20;-5.913332905681117;5;0;0;5;2;1;22;1.8608513811148608;8;12;6;4;3;16;3;1;3;4;14;2;1;8;7;2.8237566020844547;2;14;20;5.211047192853533;0;5;5;1;3;0;5;10;2;18;24;1;5;6;22;-0.020735351849730632;1;2;16;15;0;12;20;-1.4400225175952044;5;3;0;2;2;0;16;14;2;24;15;1;0;25;23;4.4340625361545944;0;15;25;2;1;0;10;20;-8.557035127885975;5;17;0;5;12;0;7;-2.1701591621484773;11
TRACK:1273;1068;1087;5;4;2;2;3;2;4;6;6;5;17;0;2;1;2;20;-9.055238234557521;17;1;7;4.6714100621445755;10;3;3;14;4;5;6;20;-6.184301607843144;5;0;0;5;2;1;22;1.8520591977547043;8;12;6;4;3;16;3;1;3;4;14;2;1;8;7;3.132257535622614;2;14;16;0;5;5;1;3;0;5;10;2;18;24;1;5;6;22;0.018222364920325473;1;2;16;15;0;20;3.950159029101806;20;-1.3237465858486015;5;3;0;2;2;0;16;14;2;24;21;-3.843496344262961;1;0;11;23;4.397454443347297;0;15;25;2;1;0;10;20;-8.685644612938242;5;17;0;5;12;0;7;-2.230021524979761;12
TRACK:1274;1246;1260;5;4;2;2;3;2;4;6;6;5;17;0;2;1;17;1;7;4.801828295046646;10;3;3;14;4;5;6;20;-5.748929037802757;5;0;0;5;1;6;11;2;21;9.295267529232772;17;6;4;3;16;3;1;16;13;0;5;5;1;3;0;5;10;2;18;24;1;5;6;22;-0.06912785821033587;1;2;16;15;0;20;4.111333925081973;20;-1.2375409824811363;5;3;0;2;2;0;16;14;2;24;21;-3.664200344493247;1;0;11;23;4.510752766322976;0;15;25;2;1;14;5;17;0;5;12;0;7;-2.4197891204857624;19
TRACK:1275;1246;1260;5;4;2;2;3;2;4;6;24;0;2;1;2;20;-8.99615892349425;13;1;7;4.50927032422309;10;3;3;14;4;5;6;20;-5.787578957106821;5;0;0;5;2;1;22;1.7270880329756513;8;12;6;4;3;16;3;1;3;4;14;2;1;8;7;2.7089621320650483;2;14;20;5.188925212304361;0;5;5;1;3;0;5;10;2;18;24;1;5;6;22;0.20078652460223506;1;2;16;15;0;12;20;-1.1302581029304593;5;3;0;6;3;6;7;-2.0557017903784853;2;1;0;7;3.1438052726979575;20;-8.575051564861477;5;17;0;5;12;0;7;-2.1934843456196025;19
TRACK:1276;1065;1087;5;4;2;2;3;2;4;6;6;5;17;0;2;1;2;20;-9.041036636659019;17;1;7;4.66250569311161;10;3;3;14;4;5;6;20;-6.151497025012095;5;0;0;5;2;1;22;1.6424210369608168;8;12;6;4;3;16;3;1;3;4;14;2;8;2;14;16;0;5;5;1;3;0;5;10;2;18;24;1;5;6;22;-0.1816549786852148;1;2;16;15;0;20;3.9808390233335045;20;-1.3832973448895722;5;3;0;2;2;0;16;14;2;24;21;-3.853363594265033;1;0;25;23;4.447499871998429;0;15;25;2;1;0;10;20;-8.652559831879994;5;17;0;5;12;0;7;-2.3532774012653945;19
TRACK:1277;1065;1087;5;4;2;2;3;2;4;6;6;5;17;0;2;1;2;20;-9.055238234557521;17;1;7;4.6714100621445755;10;3;3;14;4;5;6;20;-6.184301607843144;5;0;0;5;2;1;22;1.8520591977547043;8;12;6;4;3;16;3;1;3;4;14;2;1;8;7;3.132257535622614;2;14;16;0;5;5;1;3;0;5;10;2;18;24;17;5;3;0;2;2;0;16;14;2;24;21;-3.843496344262961;1;0;11;23;4.397454443347297;0;15;25;2;1;0;10;20;-8.685644612938242;5;17;0;5;12;0;7;-2.230021524979761;19
TRACK:1278;1246;1068;5;4;2;2;3;2;4;6;6;5;17;0;2;1;2;20;-8.897910010646585;17;1;7;4.801828295046646;10;3;3;14;4;5;6;20;-5.748929037802757;5;0;0;5;1;6;11;2;21;9.295267529232772;17;6;4;3;16;3;1;16;13;0;5;5;1;3;0;5;10;2;18;24;1;5;6;22;-0.06912785821033587;1;2;16;15;0;20;4.111333925081973;20;-1.2375409824811363;5;3;0;2;2;0;14;14;2;24;21;-3.664200344493247;1;0;11;23;4.510752766322976;0;15;25;2;1;14;5;17;0;5;12;0;7;-2.4197891204857624;19
TRACK:1279;1246;1068;5;4;2;2;3;2;4;6;6;5;17;0;2;1;2;20;-8.9960377783027;13;1;7;4.601359100576273;10;3;3;14;4;5;6;20;-5.913332905681117;5;0;0;5;2;1;22;1.8608513811148608;8;12;6;4;3;16;3;1;3;4;14;2;1;8;7;2.8237566020844547;2;14;20;5.211047192853533;0;5;5;1;3;0;5;10;2;18;24;1;5;6;22;-0.020735351849730632;1;2;16;15;0;12;20;-1.4400225175952044;5;3;0;2;2;0;16;14;2;24;15;1;0;25;23;4.4340625361545944;24;2;1;0;10;20;-8.557035127885975;5;17;0;5;12;0;7;-2.1701591621484773;19
TRACK:1280;1270;-1;5;4;2;2;3;2;4;6;6;5;17;0;2;1;2;20;-8.926342081724194;13;1;7;4.641132807884644;10;3;3;14;4;5;6;20;-5.812864207301732;5;0;0;5;2;1;22;1.869081503955489;8;12;6;4;3;16;3;1;3;4;14;2;1;8;7;2.866595990314721;2;14;20;5.220667811738886;0;5;5;1;3;0;9;17;1;5;6;22;0.025159990921690953;1;2;16;15;0;12;20;-1.4822443934217375;5;3;0;2;2;0;16;14;2;22;0.021030051161047857;11;1;0;25;23;4.258334487398896;0;15;25;2;1;22;2.046962673250393;8;12
TRACK:1281;1272;-1;5;4;2;2;3;2;4;6;6;5;17;0;2;1;2;20;-8.965176418444809;13;1;7;4.629111453753934;10;3;3;14;4;5;6;20;-5.962611046808808;5;0;0;5;2;1;22;1.8205467816378262;8;12;6;4;3;16;3;1;3;4;14;2;1;8;7;2.945849948756566;2;14;20;5.427000249498719;0;5;5;1;3;4;17;1;5;6;22;-0.08867712289106393;1;2;16;15;0;12;20;-1.5349655990387525;5;3;0;2;2;0;16;14;2;24;15;1;0;25;23;4.31912450522829;0;15;25;2;1;0;10;20;-8.615710986782034;5;17;0;5;12;0;7;-2.250057700565212;11
TRACK:1282;1274;-1;5;4;2;2;3;2;4;6;6;5;17;0;2;1;17;1;7;4.77304071870947;10;3;3;14;4;5;6;20;-5.642940655135421;5;0;0;5;1;6;11;2;21;9.397118124358352;17;6;4;3;16;3;1;16;13;0;5;5;1;3;0;5;10;2;18;24;1;5;6;22;-0.1121518421506092;1;2;16;15;0;20;4.0148852366501995;20;-1.062138567593667;5;3;0;2;2;0;16;14;2;24;21;-3.6772293139107957;1;0;11;23;4.547549169885978;0;15;25;2;1;14;5;17;0;5;12;2;17;11
TRACK:1283;1276;-1;5;4;2;2;3;2;4;6;6;5;17;0;2;1;2;20;-8.869008920113338;17;1;7;4.563620486986584;10;3;3;14;4;5;6;20;-6.087460485591228;5;0;0;5;2;1;22;1.5564488358717878;8;12;6;4;3;16;3;1;3;4;14;2;8;2;14;16;0;5;5;1;3;0;5;10;2;18;24;1;5;6;22;-0.2354535652619032;1;2;16;15;0;20;4.067007860877748;20;-1.3895598600485242;5;3;0;2;2;0;16;14;2;24;21;-3.7206762888114127;1;0;25;23;4.509176130074694;0;15;25;2;1;0;25;20;-8.569168007730555;5;17;0;5;12;0;7;-2.3091033810736397;19
TRACK:1284;1278;-1;5;4;2;2;3;2;4;6;6;5;17;0;2;1;4;16;1;7;4.799609444140336;10;3;3;14;4;5;6;20;-5.681537274802344;5;0;0;5;1;6;11;2;21;9.390925259457612;17;6;4;3;16;3;1;16;13;0;5;5;1;3;0;5;10;2;18;24;1;5;6;22;-0.17778692258549472;1;2;16;15;0;20;4.225275382277173;20;-1.2611903414580776;5;3;0;2;2;0;14;14;2;24;21;-3.713082552616493;1;0;11;23;4.605525650951747;0;15;25;2;1;14;5;17;0;5;12;0;7;-2.2709248418095567;19
TRACK:1285;1271;-1;5;4;5;0;4;10;4;24
TRACK:1286;1273;-1;5;4;2;2;3;2;4;6;6;5;17;0;0;3;2;7;8.715497057980311;8;6;1;8;11;4;5;6;20;-6.316072467056546;5;0;0;5;2;1;22;1.850477735458358;8;12;6;4;3;16;3;1;3;4;14;2;1;8;7;3.044827188554771;2;14;16;0;5;5;1;3;0;5;10;2;18;24;1;5;6;22;0.08480036128110095;1;2;16;15;0;20;3.8780848039826403;20;-1.0904237140315929;5;3;0;2;2;0;16;14;2;24;21;-3.8739186672575783;1;0;11;23;4.320407308648141;0;15;25;2;1;0;10;20;-8.87014142955287;5;17;0;5;12;0;7;-2.1923096268690463;12
TRACK:1287;1275;-1;5;4;2;2;3;2;4;6;24;0;2;1;2;24;13;1;7;4.440454872284437;10;3;3;14;4;5;6;20;-5.865720739843626;5;0;0;5;2;1;22;1.687513534530091;8;12;6;4;3;16;3;1;3;4;14;2;1;8;7;2.7854424985047315;2;14;20;5.177132565669493;0;5;5;1;3;0;5;10;2;18;24;1;5;6;22;0.07115369363348495;1;2;16;15;0;12;20;-1.1135204471265219;5;3;0;6;3;6;7;-2.1044905774043277;2;1;0;7;3.10185911175293;20;-8.532514310045443;5;17;0;5;12;0;7;-2.186147407862295;19
TRACK:1288;1277;-1;5;4;2;2;3;2;4;6;6;5;17;0;2;1;2;20;-8.925832571306387;17;1;7;4.640099291075698;10;3;3;14;4;5;6;20;-6.208767225825808;5;0;1;23;4.790593245645169;24;3;1;3;4;14;2;1;8;7;3.154598359565823;2;14;16;0;5;5;1;3;0;5;10;2;18;24;17;5;3;0;2;2;0;16;14;2;24;21;-4.067811485940079;1;0;11;23;4.2466420191509915;0;15;25;2;1;0;10;20;-8.690897425476843;5;17;0;5;12;0;7;-2.241465420590765;19
TRACK:1289;1279;-1;5;4;2;2;3;2;4;6;6;5;17;0;2;1;2;20;-8.939782781979956;13;1;7;4.778148437687887;10;3;3;14;4;5;6;20;-5.824321967088825;5;0;0;5;2;1;22;2.015941317944598;8;12;6;4;3;11;3;1;3;4;14;2;1;8;7;2.7984681483319056;2;14;20;5.15945125305391;0;5;5;1;3;0;5;10;2;18;24;1;5;6;22;0.04759691298202172;1;2;16;15;0;12;20;-1.4020261625145316;5;3;0;2;2;0;16;14;2;24;15;1;0;25;23;4.481664781534186;24;2;1;0;10;20;-8.639850661380008;5;17;0;5;12;0;7;-2.2368683328182133;19
EVAL_INSTANCE:64:0:1280
EVAL_INSTANCE:64:1:1281
EVAL_INSTANCE:64:2:1282
EVAL_INSTANCE:64:3:1283
EVAL_INSTANCE:64:4:1284
EVAL_INSTANCE:64:5:1285
EVAL_INSTANCE:64:6:1286
EVAL_INSTANCE:64:7:1287
EVAL_INSTANCE:64:8:1288
EVAL_INSTANCE:64:9:1289
RUN_RESULT:64:0:0:2000:----
RUN_RESULT:64:1:0:2000:----
RUN_RESULT:64:2:0:2000:----
RUN_RESULT:64:3:0:2000:----
RUN_RESULT:64:4:0:2000:----
RUN_RESULT:64:5:0:2000:----
RUN_RESULT:64:6:0:2000:----
RUN_RESULT:64:7:0:2000:----
RUN_RESULT:64:8:0:1380:RDRRRDDLDLUUDRRUULLLLDLUUUDRRULRRDRDRRRDULULUUUR
RUN_RESULT:64:9:0:2000:----
    65 |      650 | -2.999700E+03 | -3.206000E+03
TRACK:1290;1144;1068;5;4;2;2;3;2;4;6;6;5;17;0;2;1;2;20;-8.989226655363797;17;1;7;4.804646317726315;10;3;3;14;4;5;2;14;20;5.211047192853533;5;0;0;5;1;6;11;2;21;9.255300046838737;17;6;4;3;16;3;1;3;4;14;2;1;8;7;3.2224062728792386;2;14;16;0;5;5;1;3;0;5;10;2;18;24;1;5;6;22;-0.01816288719512655;1;2;16;15;0;20;4.109087739622654;20;-1.2422832177212284;5;3;0;2;2;0;16;14;2;24;21;-3.729791920363529;1;0;11;23;4.495719893974734;0;15;25;2;1;14;5;17;0;5;12;0;7;-2.2514748081876985;19
TRACK:1291;1144;1068;5;4;2;2;3;2;4;6;6;5;17;0;2;1;2;20;-8.9960377783027;13;1;7;4.601359100576273;10;3;3;14;4;5;6;20;-5.913332905681117;5;0;0;5;2;1;22;1.8608513811148608;8;12;6;4;3;16;3;1;3;4;14;2;6;20;-6.0032842361489225;2;14;20;5.211047192853533;0;5;5;1;3;0;5;10;2;18;24;1;5;6;22;-0.020735351849730632;1;2;16;15;0;12;20;-1.4400225175952044;5;3;0;2;2;0;16;14;2;24;15;1;0;25;23;4.4340625361545944;0;15;25;2;1;0;10;20;-8.557035127885975;5;17;0;5;12;0;7;-2.1701591621484773;19
TRACK:1292;1087;1246;5;4;2;2;3;2;4;6;6;5;17;0;2;1;2;20;-9.055238234557521;17;1;7;4.6714100621445755;10;3;3;14;1;16;13;5;0;0;5;2;1;22;1.8520591977547043;8;12;6;4;3;16;3;1;3;4;14;2;1;8;7;3.132257535622614;2;14;16;0;5;5;1;3;0;5;10;2;18;24;1;5;6;22;0.018222364920325473;1;2;16;15;0;20;3.950159029101806;20;-1.3237465858486015;5;3;0;2;2;0;16;14;2;24;21;-3.843496344262961;1;0;11;23;4.397454443347297;0;15;25;2;1;0;10;20;-8.685644612938242;5;17;0;5;12;0;7;-2.230021524979761;19
TRACK:1293;1087;1246;5;4;2;2;3;2;4;6;6;5;17;0;2;1;2;20;-8.897910010646585;17;1;7;4.801828295046646;10;3;3;14;4;5;6;20;-5.748929037802757;5;6;20;-6.184301607843144;0;5;5;1;3;0;5;10;2;18;24;1;5;6;22;-0.06912785821033587;1;2;16;15;0;20;4.111333925081973;20;-1.2375409824811363;5;3;0;2;2;0;16;14;2;24;21;-3.664200344493247;1;0;11;23;4.510752766322976;0;15;25;2;1;14;5;17;0;5;12;0;7;-2.4197891204857624;19
TRACK:1294;1265;1087;5;4;2;2;3;2;4;6;6;6;19;0;2;1;2;20;-8.901034275638374;17;1;7;4.664417735015341;10;3;3;14;4;5;6;20;-6.226800662655374;5;0;0;5;2;1;22;2.0004101973819672;8;12;6;14;3;1;3;4;14;5;17;0;5;5;1;3;0;5;10;2;18;24;1;5;6;22;0.10739690027131418;1;2;16;15;0;20;3.834484969531811;20;-1.3856749161789141;5;3;0;2;2;0;16;14;2;24;21;-3.838679504424738;1;0;11;23;4.406245679701284;0;15;25;2;1;0;10;20;-8.756357316226282;5;17;0;5;12;0;7;-2.1313496262408713;19
TRACK:1295;1265;1087;5;4;2;2;3;2;4;6;6;5;17;0;2;1;2;20;-9.055238234557521;17;1;7;4.6714100621445755;10;3;3;14;4;5;6;20;-6.184301607843144;5;0;0;5;2;1;22;1.8520591977547043;8;12;6;4;3;16;3;1;3;4;14;2;1;8;7;3.132257535622614;2;14;16;0;5;5;1;3;0;5;10;2;18;24;1;5;6;22;0.018222364920325473;1;2;16;15;0;20;3.950159029101806;20;-1.3237465858486015;6;6;6;19
TRACK:1296;1068;1265;5;4;2;2;3;2;4;6;6;5;17;0;2;1;2;20;-8.9960377783027;13;1;7;4.601359100576273;10;3;3;14;4;5;6;20;-5.913332905681117;5;0;0;5;2;1;22;1.8608513811148608;8;12;6;4;3;16;3;1;3;4;14;2;1;8;7;2.8237566020844547;2;14;20;5.211047192853533;0;5;5;1;3;0;5;10;6;20;-6.226800662655374;1;5;6;22;-0.020735351849730632;1;2;16;15;0;12;20;-1.4400225175952044;5;3;0;2;2;0;16;14;2;24;15;1;0;25;23;4.4340625361545944;0;15;25;2;1;0;10;20;-8.557035127885975;5;17;0;5;12;0;7;-2.1701591621484773;19
TRACK:1297;1068;1265;5;4;2;2;3;2;4;6;6;6;19;0;2;1;2;20;-8.901034275638374;17;1;7;4.664417735015341;10;3;3;14;4;5;6;20;-6.226800662655374;5;0;0;5;2;1;22;2.0004101973819672;8;12;6;4;3;16;3;1;3;4;14;5;12;0;5;5;1;3;0;5;10;2;18;24;1;5;6;22;0.10739690027131418;1;2;16;15;0;20;3.834484969531811;20;-1.3856749161789141;5;3;0;2;2;0;16;14;2;24;21;-3.838679504424738;1;0;11;23;4.406245679701284;0;15;25;2;1;0;10;20;-8.756357316226282;5;17;0;5;12;0;7;-2.1313496262408713;19
TRACK:1298;1260;1003;5;4;2;2;3;2;4;6;6;5;17;0;2;1;2;20;-8.99615892349425;13;1;7;4.50927032422309;10;3;3;14;4;5;6;20;-5.787578957106821;5;0;0;5;2;18;12;6;4;3;16;3;1;3;4;14;2;1;8;7;2.7089621320650483;2;14;20;5.188925212304361;0;5;5;1;3;0;5;10;2;18;24;1;5;6;22;0.20078652460223506;1;2;16;15;0;12;20;-1.1302581029304593;5;3;0;6;3;6;7;-2.0557017903784853;2;1;0;7;3.1438052726979575;20;-8.575051564861477;5;17;0;5;12;0;7;-2.1934843456196025;19
TRACK:1299;1260;1003;5;4;2;2;3;2;6;6;3;3;17;0;2;1;2;20;-9.207657260861907;13;1;7;4.628411862552618;10;3;0;10;22;-7.981820060849334;6;7;-2.0557017903784853;5;0;0;5;2;1;22;1.8756163869497233;8;5;20;3.9404384641805303;6;4;3;16;3;1;3;4;14;2;1;8;16;2;14;16;0;5;5;1;3;0;5;10;2;18;24;1;2;13;24;5;17;5;3;0;2;2;0;16;14;2;24;21;-3.774872693859656;1;0;25;23;4.30324834279815;0;15;25;2;1;0;10;20;-8.68373448125421;5;17;0;5;12;4;23;4.063899611317846
TRACK:1300;1290;-1;5;4;2;2;3;2;4;6;6;5;17;0;2;1;2;20;-9.114431377811048;17;1;7;4.7916128842685115;10;3;3;14;4;3;12;5;0;0;5;1;6;11;2;21;9.341089668920354;17;6;4;3;16;3;1;3;4;14;2;1;8;7;3.2650810747485473;2;14;16;0;5;5;1;3;0;5;10;2;18;24;1;5;6;22;-0.030962262488980326;1;2;16;15;0;20;4.1769764009810375;20;-1.1569441218604988;5;3;0;2;2;0;16;14;2;24;21;-3.6577794886971216;1;0;11;23;4.623091802969281;0;15;25;2;1;14;5;17;0;5;12;0;7;-2.1057050569386258;19
TRACK:1301;1087;-1;5;4;2;2;3;2;4;6;6;5;17;0;2;6;2;8;20;-9.595932796792537;3;3;14;4;5;6;20;-6.203729202077088;5;0;0;5;2;1;22;1.8479221983097196;8;12;6;4;3;16;3;1;3;4;14;2;1;8;7;3.125678347173509;2;14;16;0;5;5;1;3;0;5;10;2;18;24;1;5;6;22;0.009454162175149267;1;2;16;15;0;20;3.9221136418452422;20;-1.4576829748479339;5;3;0;2;2;0;16;14;2;24;21;-3.9580898924183416;1;0;11;23;4.444762517017088;0;15;25;2;1;0;10;20;-8.66321752183645;5;17;0;5;12;0;7;-2.372876107433991;19
TRACK:1302;1294;-1;5;4;2;2;3;2;4;6;6;6;19;0;2;1;2;20;-8.92718670543572;17;1;7;4.62817777217573;10;3;3;14;4;5;6;20;-6.172856676285895;5;0;0;5;2;1;22;1.8451852786082028;8;12;6;14;3;1;3;4;14;5;17;0;5;5;1;3;0;5;10;2;18;24;1;5;6;22;0.12389766900722154;1;2;16;15;0;20;3.921762095245934;20;-1.4216831245879875;5;3;0;2;2;0;16;14;2;24;21;-3.9715528399480258;1;6;22;0.9034562625242408;0;15;25;2;1;0;10;20;-8.608036799172483;5;17;0;5;12;0;7;-2.0758141864834023;19
TRACK:1303;1296;-1;5;4;2;2;3;2;4;6;6;5;17;0;2;1;2;20;-8.930281973915386;13;1;7;4.658663802794757;10;3;3;14;4;0;1;9;25;4;22;-9.19595454816567;5;0;0;5;2;1;22;1.9457905631897154;8;12;6;4;3;16;3;1;3;4;14;2;1;8;7;2.8590320750447193;2;14;20;5.326091365159846;0;5;5;1;3;0;5;10;6;20;-6.186522611571446;1;5;6;22;0.16059259830150593;1;2;16;15;0;12;20;-1.390286293215512;5;3;0;2;2;0;16;14;2;24;15;1;0;25;23;4.494146163758229;0;15;25;2;1;0;10;20;-8.621951596865005;5;17;0;5;12;0;7;-2.0339740237116954;19
TRACK:1304;1298;-1;5;4;2;2;3;2;4;6;6;5;17;0;2;1;2;20;-8.973903559895179;13;1;7;4.44092872540971;10;3;3;14;4;5;6;20;-5.812895737184244;5;0;0;5;2;18;12;6;4;3;16;3;1;3;4;14;2;1;8;7;2.846430344662751;2;14;20;5.2202189098884295;3;3;2;3;14;2;20;-9.749002467726335;22;7.066512374586068
TRACK:1305;1291;-1;5;4;2;2;3;2;4;6;6;5;17;0;2;1;2;20;-8.966144626715334;13;1;7;4.363168140394774;10;3;3;14;4;5;6;20;-6.034544968180234;5;0;0;5;2;1;22;1.975019250111591;8;12;6;4;3;16;3;1;3;4;14;2;6;20;-6.111563874055549;2;14;20;5.24009294982916;0;5;5;1;3;0;5;10;2;21;-9.908276858766285;24;1;5;6;22;-0.11280057606192266;1;2;16;15;0;12;20;-1.1545569434584602;5;3;0;2;2;0;16;14;2;24;15;1;0;25;23;4.3527659691208935;0;15;25;2;1;0;10;20;-8.656061849900397;5;17;0;5;12;0;7;-2.203043904357547;19
TRACK:1306;1246;-1;5;4;2;2;3;2;4;6;6;5;17;0;2;1;2;20;-8.896389371913129;17;1;7;4.877196986811209;10;3;3;14;4;5;6;20;-5.681692952291784;5;0;0;5;1;6;11;2;21;9.1257513927696;17;6;4;3;16;3;1;16;13;0;5;5;1;3;0;5;10;2;18;24;1;5;6;22;0.04231030039593972;1;2;16;15;0;20;4.10145973789214;18;5;3;0;2;2;0;16;14;2;24;21;-3.6071753911102302;1;0;11;23;4.398616789154788;0;15;25;2;1;14;5;17;0;5;12;0;7;-2.3578017685002686;19
TRACK:1307;1295;-1;5;4;2;2;3;2;4;6;6;5;17;0;2;1;2;20;-9.11775728055847;17;1;7;4.724503746175889;10;3;3;14;4;5;6;20;-6.039111683434953;5;0;0;5;2;1;22;1.9484760226425895;8;12;6;4;3;16;3;1;3;4;14;2;1;22;-9.813447677452587;7;3.2389273064888986;2;14;16;0;5;5;1;3;0;5;10;2;18;24;1;5;6;22;0.003535626370756585;1;2;16;15;0;20;3.907231865721671;20;-1.2438561454423842;6;6;6;19
TRACK:1308;1297;-1;5;4;2;2;3;2;4;6;6;6;19;0;2;1;2;20;-8.928384726480264;17;1;7;4.688686671654328;10;3;3;14;4;5;6;23;-6.820001941786367;5;0;0;5;2;1;22;2.1971627589735347;8;12;6;4;3;16;3;1;3;4;14;5;12;0;5;5;1;3;0;5;10;2;18;24;1;5;6;22;0.1099467415756377;1;2;16;15;0;20;3.929169191693381;20;-1.4516442762987705;5;3;0;2;2;0;16;14;2;24;21;-3.846489558420041;1;0;11;23;4.3166502120712975;0;15;25;2;1;0;10;20;-8.742512862372456;5;17;0;5;12;0;7;-2.3198307875717665;19
TRACK:1309;1299;-1;5;4;2;2;3;2;6;6;3;3;17;0;2;1;2;20;-8.962363896761046;13;1;7;4.766122742273812;10;3;0;10;22;-7.9360813815691715;6;7;-1.8742070824631893;5;0;0;5;2;1;22;1.8775944689333472;8;5;20;3.9977712931193463;6;4;3;24;3;1;3;4;14;2;1;8;16;2;14;16;0;5;5;1;3;0;5;10;2;18;24;1;2;13;24;5;17;5;3;0;2;2;0;16;14;2;24;21;-3.8903860175575566;1;0;25;23;4.183540692222075;0;15;25;2;1;0;10;20;-8.910150156668305;5;17;0;5;12;4;23;4.06851150358221
EVAL_INSTANCE:65:0:1300
EVAL_INSTANCE:65:1:1301
EVAL_INSTANCE:65:2:1302
EVAL_INSTANCE:65:3:1303
EVAL_INSTANCE:65:4:1304
EVAL_INSTANCE:65:5:1305
EVAL_INSTANCE:65:6:1306
EVAL_INSTANCE:65:7:1307
EVAL_INSTANCE:65:8:1308
EVAL_INSTANCE:65:9:1309
RUN_RESULT:65:0:0:2000:----
RUN_RESULT:65:1:0:2000:----
RUN_RESULT:65:2:0:2000:----
RUN_RESULT:65:3:0:2000:----
RUN_RESULT:65:4:0:2000:----
RUN_RESULT:65:5:0:2000:----
RUN_RESULT:65:6:0:2000:----
RUN_RESULT:65:7:0:2000:----
RUN_RESULT:65:8:0:2000:----
RUN_RESULT:65:9:0:2000:----
    66 |      660 | -2.999700E+03 | -3.206000E+03
TRACK:1310;1068;1168;5;4;2;2;3;2;4;6;6;5;17;0;2;1;2;20;-8.9960377783027;13;1;7;4.601359100576273;10;3;3;14;4;5;6;20;-5.913332905681117;5;0;0;5;2;1;22;1.8608513811148608;8;12;6;4;3;16;3;1;3;4;14;2;1;8;7;2.8237566020844547;16;0;5;5;1;3;0;5;10;2;18;24;1;5;6;22;-0.020735351849730632;1;2;16;15;0;12;20;-1.4400225175952044;5;3;0;2;2;0;16;14;2;24;15;1;0;25;23;4.4340625361545944;0;15;25;2;1;0;10;20;-8.557035127885975;5;17;0;5;12;0;7;-2.1701591621484773;19
TRACK:1311;1068;1168;5;4;2;2;3;2;4;6;6;5;17;0;2;1;2;20;-9.0467050282915;13;1;7;4.631628987995883;10;3;3;14;4;5;6;20;-5.891338307472488;5;0;0;5;4;3;16;6;4;3;16;3;1;3;4;14;2;1;8;7;2.8481063593300675;2;14;20;5.2055888230433425;0;5;5;1;3;0;5;10;2;18;24;1;5;6;22;0.07823259016011797;1;2;16;15;0;12;20;-1.3884258074753542;5;3;0;2;2;0;16;14;2;22;-0.011979686443074788;11;1;0;25;23;4.397263059672415;0;15;25;2;1;0;10;20;-8.479844982373638;5;17;0;5;12;0;7;-2.16299142147175;19
TRACK:1312;1265;1087;5;4;2;2;3;2;4;6;6;6;19;0;2;1;2;20;-8.901034275638374;17;1;7;4.664417735015341;10;3;3;14;4;5;6;20;-6.226800662655374;5;0;0;5;2;1;22;2.0004101973819672;8;12;6;4;3;16;3;1;3;4;14;5;17;0;5;5;1;3;0;5;10;2;18;24;1;5;6;22;0.10739690027131418;1;2;16;15;0;20;3.834484969531811;20;-1.3856749161789141;5;3;0;2;2;0;16;14;2;24;21;-3.838679504424738;1;0;11;23;4.406245679701284;0;15;25;2;1;0;10;20;-8.756357316226282;5;17;0;5;12;0;7;-2.1313496262408713;19
TRACK:1313;1265;1087;5;4;2;2;3;2;4;6;6;5;17;0;2;1;2;20;-9.055238234557521;17;1;12;10;3;3;14;4;5;6;20;-6.184301607843144;5;0;0;5;2;1;22;1.8520591977547043;8;12;6;4;3;16;3;1;3;4;14;2;1;8;7;3.132257535622614;2;14;16;0;5;5;1;3;0;5;10;2;18;24;1;5;6;22;0.018222364920325473;1;2;16;15;0;20;3.950159029101806;20;-1.3237465858486015;5;3;0;2;2;0;16;14;2;24;21;-3.843496344262961;1;0;11;23;4.397454443347297;0;15;25;2;1;0;10;20;-8.685644612938242;5;17;0;5;12;0;7;-2.230021524979761;19
TRACK:1314;1003;1003;5;4;2;2;3;2;6;6;3;3;17;0;2;2;0;16;14;2;24;21;-3.774872693859656;3;0;10;22;-7.981820060849334;4;5;6;20;-6.141688587430075;5;0;0;5;2;1;22;1.8756163869497233;8;5;20;3.9404384641805303;6;4;3;16;3;1;3;4;14;2;1;8;16;2;14;16;0;5;5;1;3;0;5;10;2;18;24;1;2;13;24;5;17;5;3;0;2;2;0;16;14;2;24;21;-3.774872693859656;1;0;25;23;4.30324834279815;0;15;25;2;1;0;10;20;-8.68373448125421;5;17;0;5;12;4;23;4.063899611317846
TRACK:1315;1003;1003;5;4;2;2;3;2;6;8;0;2;1;2;20;-9.207657260861907;13;1;7;4.628411862552618;10;3;0;10;22;-7.981820060849334;4;5;6;20;-6.141688587430075;5;0;0;5;2;1;22;1.8756163869497233;8;5;20;3.9404384641805303;6;4;3;16;3;1;3;4;14;2;1;8;16;2;14;16;0;5;5;1;3;0;5;10;2;18;24;1;2;13;24;5;17;5;3;0;2;2;0;16;14;2;24;21;-3.774872693859656;1;0;25;23;4.30324834279815;0;15;25;2;1;0;10;20;-8.68373448125421;5;17;0;5;12;4;23;4.063899611317846
TRACK:1316;1068;1260;5;4;2;14;0;5;5;1;3;0;5;10;2;18;24;1;5;6;22;-0.020735351849730632;1;2;16;15;0;12;20;-1.4400225175952044;5;3;0;2;2;0;16;14;2;24;15;1;0;25;23;4.4340625361545944;0;15;25;2;1;0;10;20;-8.557035127885975;5;17;0;5;12;0;7;-2.1701591621484773;19
TRACK:1317;1068;1260;5;4;2;2;3;2;4;6;6;5;17;0;2;1;2;20;-8.99615892349425;13;1;7;4.50927032422309;10;3;3;14;4;5;6;20;-5.787578957106821;5;0;0;5;2;1;22;1.7270880329756513;8;12;6;4;3;16;3;1;3;4;14;2;1;8;7;2.7089621320650483;2;14;20;5.188925212304361;0;5;5;1;3;0;5;10;2;18;24;1;5;6;22;0.20078652460223506;1;2;16;15;0;12;20;-1.1302581029304593;5;3;0;6;3;6;7;-2.0557017903784853;2;1;0;7;3.1438052726979575;20;-8.575051564861477;5;20;-1.4400225175952044;0;5;12;0;7;-2.1934843456196025;19
TRACK:1318;1087;1265;5;4;2;2;3;2;4;6;6;5;17;0;2;1;2;20;-9.055238234557521;17;1;7;4.6714100621445755;10;3;3;14;4;5;6;20;-6.184301607843144;5;0;0;5;2;1;22;1.8520591977547043;8;12;6;4;3;16;3;1;3;4;14;2;1;8;7;3.132257535622614;2;14;16;0;5;5;1;3;0;5;10;2;18;24;1;5;6;22;0.018222364920325473;1;2;16;15;0;20;3.950159029101806;20;-1.3237465858486015;5;3;0;2;2;0;16;14;2;24;21;-3.843496344262961;1;0;11;23;4.397454443347297;0;15;25;2;1;0;10;20;-8.685644612938242;5;24;0;5;12;0;7;-2.230021524979761;19
TRACK:1319;1087;1265;5;4;2;2;3;2;4;6;6;6;19;0;2;1;2;20;-8.901034275638374;17;1;7;4.664417735015341;10;3;3;14;4;5;6;20;-6.226800662655374;5;0;0;5;2;1;22;2.0004101973819672;8;12;6;4;3;16;3;1;3;4;14;5;17;0;5;5;1;3;0;5;10;2;18;24;1;17;1;2;16;15;0;20;3.834484969531811;20;-1.3856749161789141;5;3;0;2;2;0;16;14;2;24;21;-3.838679504424738;1;0;11;23;4.406245679701284;0;15;25;2;1;0;10;20;-8.756357316226282;5;17;0;5;12;0;7;-2.1313496262408713;19
TRACK:1320;1310;-1;5;4;2;2;3;2;4;6;6;5;17;0;2;1;2;20;-9.033608098542862;13;1;7;4.460478032229297;10;3;3;14;4;5;6;20;-5.89324250905187;5;0;0;5;2;1;22;1.730456875357585;8;12;6;4;3;16;3;1;3;4;14;1;2;7;5.4952953204769415;12;4;14;0;5;5;1;3;0;5;10;2;18;24;1;5;6;22;0.043190761085807286;1;2;16;15;0;12;20;-1.5664646339684085;5;3;0;2;2;0;16;14;2;24;15;1;0;25;23;4.353835889679507;0;15;25;2;1;0;10;20;-8.658508333019384;5;17;0;5;12;0;7;-2.187317984202138;19
TRACK:1321;1312;-1;1;4;1;6;22;9.065841005389991;2;20;-1.295779199687912;23;-6.479892182214824;3;5;1;12;11
TRACK:1322;1314;-1;5;4;2;2;3;2;6;6;3;3;17;0;2;2;0;16;14;2;24;21;-3.767730959368049;3;0;10;22;-7.860245191496607;4;5;6;20;-6.205800777914723;5;0;0;5;2;1;22;1.9939957462797038;8;5;20;3.9697795253134003;6;4;3;16;3;1;6;23;-2.808109517161041;2;1;8;16;2;14;16;0;5;5;1;3;0;5;10;2;18;24;1;2;13;24;5;17;5;3;0;2;2;0;16;14;2;24;21;-3.7038926808057884;1;0;25;23;4.258626271387053;0;15;25;2;1;0;10;20;-8.680855922597704;5;17;0;5;12;4;23;4.025363298170429
TRACK:1323;1316;-1;5;4;2;14;0;5;5;1;3;0;5;10;2;18;24;1;5;6;22;-0.17818901985946695;1;2;16;15;0;12;20;-1.3904807268890378;5;3;0;2;2;0;16;14;2;24;15;1;0;20;-3.7269210405213826;23;4.516016770700832;0;15;25;2;1;0;10;20;-8.373427528546936;5;17;0;5;12;0;7;-2.1572096809536676;19
TRACK:1324;1318;-1;5;4;2;2;3;2;4;6;6;5;17;0;2;1;2;20;-9.020125831782115;17;1;7;4.823234587788653;10;3;3;14;4;5;6;20;-6.241542742412087;5;0;0;5;2;1;22;1.9775223101329737;8;12;6;4;3;16;3;1;3;4;14;2;1;8;7;3.117858022997412;2;14;16;0;5;5;1;3;0;5;10;2;18;24;0;20;-9.121573048063958;24;5;3;0;2;2;0;16;14;2;24;21;-3.816151903045637;1;0;11;23;4.535611310036881;0;15;25;2;1;0;10;20;-8.591543364723874;5;24;0;5;12;0;7;-2.030946027761785;19
TRACK:1325;1311;-1;5;4;2;2;3;2;4;6;6;5;17;0;2;1;2;20;-8.993837565710336;13;1;7;4.548764277804078;10;3;3;14;4;5;6;20;-5.87191401028472;5;0;0;5;4;3;16;6;4;3;16;3;1;3;4;14;2;1;8;7;2.8636289988813286;2;14;20;5.14823958095928;0;5;5;1;3;0;5;10;2;18;24;1;5;6;22;0.2475804742021362;1;2;16;15;0;12;20;-1.6167010246404194;5;3;0;2;2;0;16;14;2;22;-0.035004004931584204;11;1;0;25;23;4.220567693779653;0;15;25;2;1;0;10;20;-8.545695040669033;5;17;2;8;7;-9.946177386195883
TRACK:1326;1313;-1;5;4;2;2;3;2;4;6;6;5;17;0;2;1;2;20;-9.278581567211177;17;1;12;10;3;3;14;4;5;6;20;-6.294639922864865;5;0;0;5;2;1;22;1.6532958666692286;8;12;6;4;3;16;3;1;3;4;14;2;1;8;7;3.08584288132061;2;14;16;0;5;5;1;3;0;5;10;2;18;24;1;5;6;22;0.1370815576735101;1;2;16;15;0;20;4.045017146958635;20;-1.3327754093350186;5;3;0;2;2;0;16;14;2;24;21;-3.8353451099242966;1;0;24;23;4.367503937080052;0;15;25;2;1;0;10;20;-8.57418873793742;5;17;0;5;12;0;7;-2.2209534332657443;19
TRACK:1327;1315;-1;5;4;2;2;3;2;6;8;0;2;1;2;20;-9.263026718283967;13;1;7;4.649841601454744;10;3;0;10;22;-7.850878380499953;4;5;6;20;-6.115903766598724;5;0;0;5;2;1;22;1.8043155734922356;8;5;20;3.879039529773246;6;4;3;16;3;1;3;4;14;2;1;8;16;2;14;16;0;5;5;1;3;0;24;22;6.34460862268439;0;3;16;2;18;9;5;3;0;2;2;0;16;14;2;24;21;-3.768889334520779;1;0;25;23;4.181705620392151;0;15;25;2;1;0;10;20;-8.42056646328847;5;17;0;5;12;4;23;4.173932301972152
TRACK:1328;1317;-1;5;4;2;2;3;2;4;6;6;5;17;0;2;1;2;20;-8.838581943462652;13;1;7;4.76298798760847;10;3;3;14;4;5;6;20;-5.626122419387558;5;0;0;5;2;1;22;1.7794732793032157;8;12;6;4;3;16;3;1;3;4;14;2;1;8;7;2.7370739724245574;2;14;20;5.033670483491528;0;5;5;1;3;0;5;10;2;18;24;1;5;6;22;0.3437542432580148;1;2;16;15;0;12;20;-1.3555542889732803;5;3;0;6;3;6;7;-2.0208398174135627;2;1;0;7;2.999342934482299;20;-8.495059061018686;5;20;-1.3594891859524312;0;1;10;21;-2.5282977156375903;0;7;-2.305895950186233;19
TRACK:1329;1319;-1;5;4;2;2;3;2;4;6;6;6;19;0;2;1;2;20;-8.837471719725015;17;1;7;4.783733144035581;10;3;0;25;11;4;5;6;20;-6.140890229906142;5;0;0;5;2;1;22;2.0465000899726804;8;12;6;4;3;16;3;1;3;4;14;5;17;0;5;5;1;3;0;5;10;2;18;24;1;17;1;2;16;15;0;20;3.7813098556087565;20;-1.38646698702281;5;3;0;2;2;0;16;14;2;24;21;-3.844236739177463;1;0;11;23;4.293565510950911;0;15;25;2;1;0;10;20;-8.681061320045043;5;17;0;5;12;0;7;-2.0117803307027162;19
EVAL_INSTANCE:66:0:1320
EVAL_INSTANCE:66:1:1321
EVAL_INSTANCE:66:2:1322
EVAL_INSTANCE:66:3:1323
EVAL_INSTANCE:66:4:1324
EVAL_INSTANCE:66:5:1325
EVAL_INSTANCE:66:6:1326
EVAL_INSTANCE:66:7:1327
EVAL_INSTANCE:66:8:1328
EVAL_INSTANCE:66:9:1329
RUN_RESULT:66:0:0:2000:----
RUN_RESULT:66:1:0:2000:----
RUN_RESULT:66:2:0:2000:----
RUN_RESULT:66:3:0:2000:----
RUN_RESULT:66:4:0:2000:----
RUN_RESULT:66:5:0:1597:RRDRRRRDLDLLDLUUDRRUULLLLDLUUUDDRRUULDDDRRRRRUULUUUR
RUN_RESULT:66:6:0:2000:----
RUN_RESULT:66:7:0:2000:----
RUN_RESULT:66:8:0:2000:----
RUN_RESULT:66:9:0:1451:DRRRRDDLDLUUDRRUULLLLDLUUUDRRULRRRRUUR
    67 |      670 | -2.999700E+03 | -3.206000E+03
TRACK:1330;1087;1168;5;4;2;2;3;2;4;6;6;5;17;5;2;1;22;1.7764948499747437;8;12;5;0;0;5;2;1;22;1.8520591977547043;8;12;6;4;3;16;3;1;3;4;14;2;1;8;7;3.132257535622614;2;14;16;0;5;5;1;3;0;5;10;2;18;24;1;5;6;22;0.018222364920325473;1;2;16;15;0;20;3.950159029101806;20;-1.3237465858486015;5;3;0;2;2;0;16;14;2;24;21;-3.843496344262961;1;0;11;23;4.397454443347297;0;15;25;2;1;0;10;20;-8.685644612938242;5;17;0;5;12;0;7;-2.230021524979761;19
TRACK:1331;1087;1168;5;4;2;2;3;2;4;6;6;5;17;0;2;1;2;20;-9.0467050282915;13;1;7;4.631628987995883;10;3;3;14;4;5;6;20;-5.891338307472488;5;0;0;5;2;1;22;1.7764948499747437;8;12;0;5;12;0;7;-2.230021524979761;19;3;1;3;4;14;2;1;8;7;2.8481063593300675;2;14;20;5.2055888230433425;0;5;5;1;3;0;5;10;2;18;24;1;5;6;22;0.07823259016011797;1;2;16;15;0;12;20;-1.3884258074753542;5;3;0;2;2;0;16;14;2;22;-0.011979686443074788;11;1;0;25;23;4.397263059672415;0;15;25;2;1;0;10;20;-8.479844982373638;5;17;0;5;12;0;7;-2.16299142147175;19
TRACK:1332;1068;1246;5;4;2;2;3;2;4;6;6;5;17;0;2;1;2;20;-8.9960377783027;13;1;7;4.601359100576273;10;3;3;14;4;5;6;20;-5.913332905681117;5;0;0;5;2;1;22;1.8608513811148608;8;12;6;4;3;16;3;1;3;4;14;2;1;8;7;2.8237566020844547;2;14;20;5.211047192853533;0;5;5;1;3;0;5;10;2;18;24;1;5;6;22;-0.020735351849730632;1;2;16;15;0;12;20;-1.4400225175952044;5;3;0;2;2;0;16;14;2;24;15;1;17;0;15;25;2;1;0;10;20;-8.557035127885975;5;17;0;5;12;0;7;-2.1701591621484773;19
TRACK:1333;1068;1246;5;4;2;2;3;2;4;6;6;5;17;0;2;1;2;20;-8.897910010646585;17;1;7;4.801828295046646;10;3;3;14;4;5;6;20;-5.748929037802757;5;0;0;5;1;6;11;2;21;9.295267529232772;17;6;4;3;16;3;1;16;13;0;5;5;1;3;0;5;10;2;18;24;1;5;6;22;-0.06912785821033587;1;2;16;15;0;20;4.111333925081973;20;-1.2375409824811363;5;3;0;2;2;0;16;14;2;24;21;-3.664200344493247;1;0;11;14;0;15;25;2;1;14;5;17;0;5;12;0;7;-2.4197891204857624;19
TRACK:1334;1265;1144;5;4;2;2;3;2;4;6;6;6;19;0;2;1;2;20;-8.901034275638374;17;1;7;4.664417735015341;10;3;3;14;4;5;6;20;-6.226800662655374;5;0;0;5;2;1;22;2.0004101973819672;8;12;6;4;3;16;3;1;3;4;14;5;17;0;5;5;1;3;0;5;10;2;18;24;1;5;6;22;0.10739690027131418;1;2;16;15;0;20;3.834484969531811;20;-1.3856749161789141;5;3;0;0;15;25;2;1;0;10;20;-8.756357316226282;5;17;0;5;12;0;7;-2.1313496262408713;19
TRACK:1335;1265;1144;5;4;2;2;3;2;4;6;6;5;17;0;2;1;2;20;-8.989226655363797;17;1;7;4.804646317726315;10;3;3;14;4;5;6;20;-6.0032842361489225;5;0;0;5;1;6;11;2;21;9.255300046838737;17;6;4;3;16;3;1;3;4;14;2;1;8;7;3.2224062728792386;2;14;16;0;5;5;1;3;0;5;10;2;18;24;1;5;6;22;-0.01816288719512655;1;2;16;15;0;20;4.109087739622654;20;-1.2422832177212284;5;3;0;2;2;0;16;14;2;24;21;-3.729791920363529;1;0;11;23;4.495719893974734;0;15;25;1;22;2.0004101973819672;8
TRACK:1336;1246;1265;5;4;2;2;3;2;4;6;6;5;17;0;2;1;2;20;-8.897910010646585;17;1;7;4.801828295046646;10;3;3;14;4;5;6;20;-5.748929037802757;5;0;0;2;1;22;2.0004101973819672;8;12;6;4;3;16;3;1;16;13;0;5;5;1;3;0;5;10;2;18;24;1;5;6;22;-0.06912785821033587;1;2;16;15;0;20;4.111333925081973;20;-1.2375409824811363;5;3;0;2;2;0;16;14;2;24;21;-3.664200344493247;1;0;11;23;4.510752766322976;0;15;25;2;1;14;5;17;0;5;12;0;7;-2.4197891204857624;19
TRACK:1337;1246;1265;5;4;2;2;3;2;4;6;6;6;19;0;2;1;2;20;-8.901034275638374;17;1;7;4.664417735015341;10;3;3;14;4;5;6;20;-6.226800662655374;5;0;0;5;2;1;22;2.0004101973819672;8;12;6;4;3;16;3;1;3;4;14;5;17;0;5;5;1;3;0;5;10;2;18;24;1;5;6;22;0.10739690027131418;1;2;16;15;0;20;3.834484969531811;20;-1.3856749161789141;5;3;0;2;2;0;16;14;2;24;21;-3.838679504424738;1;0;11;23;4.406245679701284;0;15;25;2;0;20;4.111333925081973;20;-1.2375409824811363;0;5;12;0;7;-2.1313496262408713;19
TRACK:1338;1087;1260;5;4;2;2;3;2;4;6;6;5;17;0;2;1;2;20;-9.055238234557521;17;1;7;4.6714100621445755;10;3;3;14;4;5;6;20;-6.184301607843144;5;0;0;5;2;1;22;1.8520591977547043;8;12;6;4;3;16;3;1;3;4;14;2;1;8;7;3.132257535622614;2;14;16;0;5;5;1;3;0;5;10;2;18;24;1;5;6;22;0.018222364920325473;1;2;16;15;0;20;3.950159029101806;20;-1.3237465858486015;5;3;0;2;2;0;16;14;2;24;21;-3.843496344262961;1;0;11;23;4.397454443347297;0;15;25;2;1;0;10;20;-8.685644612938242;5;17;0;5;12;0;7;-2.230021524979761;19
TRACK:1339;1087;1260;5;4;2;2;3;2;4;6;6;5;17;0;2;1;2;20;-8.99615892349425;13;1;7;4.50927032422309;10;3;3;14;4;5;6;20;-5.787578957106821;5;0;0;5;2;1;22;1.7270880329756513;8;12;6;4;3;16;3;1;3;4;14;2;1;8;7;2.7089621320650483;2;14;20;5.188925212304361;0;5;5;1;3;0;5;10;2;18;24;1;5;6;22;0.20078652460223506;1;2;16;15;0;12;20;-1.1302581029304593;5;3;0;4;3;16;2;1;0;7;3.1438052726979575;20;-8.575051564861477;5;17;0;5;12;0;7;-2.1934843456196025;19
TRACK:1340;1087;-1;5;4;2;2;3;2;4;6;6;5;17;0;2;1;2;20;-8.919649564389667;17;1;7;4.4968338060199065;10;3;3;14;4;5;6;20;-6.045096624701003;5;0;0;5;2;1;22;1.770853973332869;8;12;6;4;3;16;3;1;3;4;14;2;1;8;7;3.225765533772719;2;14;16;0;5;5;3;16;5;3;0;2;2;0;16;14;2;24;21;-3.8681019190083625;1;0;11;23;4.222965440170061;0;15;25;2;1;0;10;20;-8.609223009103793;5;17;0;5;12;0;7;-2.2460505226506253;19
TRACK:1341;1332;-1;5;4;2;2;3;2;4;6;6;5;17;0;2;1;2;20;-8.90607783202888;13;1;23;-7.97176413107564;10;3;3;14;4;5;6;20;-6.222563074085173;5;0;0;5;2;1;22;1.9126611812946686;8;12;6;4;3;16;3;1;3;4;14;2;1;8;7;2.4840005353224237;2;14;20;5.31864900943375;0;5;5;1;3;0;5;10;2;18;24;1;5;6;22;0.11045571240406465;1;2;16;15;0;12;20;-1.516891798223639;5;3;0;2;2;0;16;14;2;24;15;1;17;0;15;25;2;1;0;10;20;-8.426212502781748;5;17;0;5;12;0;7;-2.3181525763516944;19
TRACK:1342;1334;-1;5;4;2;2;3;2;4;6;6;6;19;0;2;1;2;20;-8.927965820016581;17;1;7;4.557908388473452;10;3;3;14;4;5;6;20;-6.320779602309279;5;0;0;5;2;1;22;2.0676012326006026;14;12;6;4;3;16;3;1;3;4;14;5;17;0;5;5;1;3;0;5;10;2;18;24;1;5;6;22;-0.024689701373235423;1;2;16;15;0;20;3.8825000429460075;20;-1.360760994967483;5;3;0;0;15;25;2;1;0;10;20;-8.772492013984168;5;17;0;5;12;0;7;-2.2033580407339692;19
TRACK:1343;1336;-1;5;4;2;2;3;2;4;6;6;5;17;0;2;1;2;20;-8.864636488905631;17;1;7;4.7544830655243775;10;3;3;14;4;5;6;20;-5.7290597917661215;5;0;0;2;1;22;2.0642185207916723;8;12;6;4;3;16;3;1;16;13;0;5;5;1;3;0;5;10;2;18;24;1;5;6;22;0.1308592179825437;1;2;16;15;0;20;4.177630235887101;20;-1.2126694804729694;5;3;0;2;2;0;16;14;2;24;21;-3.638853946260957;1;0;11;23;4.317838699238509;0;15;25;2;1;6;20;-8.818493743926892;5;17;0;5;12;0;7;-2.6473000238444824;19
TRACK:1344;1338;-1;5;4;2;2;3;2;4;6;6;5;17;0;2;1;2;20;-9.266102547111702;17;1;7;4.581774904524281;10;3;3;14;4;5;6;20;-6.279862095816064;5;0;0;5;2;1;22;1.9227450549349534;8;12;6;4;3;16;3;1;3;4;14;2;1;8;7;3.080638198185581;2;14;16;0;5;5;1;3;0;5;10;2;18;24;1;5;6;22;0.026789782500185835;1;2;16;15;2;23;1.4826079899338769;12;5;3;0;2;2;0;16;14;2;24;21;-3.7697111840240085;1;0;11;23;4.2115585277708005;0;15;25;2;1;0;10;20;-8.729915222372007;5;17;0;5;12;0;7;-2.0852634278566287;19
TRACK:1345;1168;-1;5;4;2;2;3;2;4;6;6;5;17;0;2;1;2;20;-8.998042712837382;13;1;7;4.697173486845892;10;3;3;14;4;5;6;20;-5.919123563646249;5;0;0;6;1;1;17;13;5;10;6;4;3;16;3;1;3;4;14;2;1;8;7;2.8140327533901144;2;14;20;5.148612690764527;0;5;5;1;3;0;5;10;2;18;24;1;5;6;22;0.06986384743674025;1;2;16;15;0;12;20;-1.4357357281878176;5;3;0;2;2;0;16;14;2;22;-0.030434119715497646;11;1;0;25;23;4.269772503033563;0;15;25;2;1;0;10;20;-8.48194347245837;5;17;0;5;12;0;7;-2.187999759669995;19
TRACK:1346;1333;-1;5;4;2;2;3;2;4;6;6;5;17;0;2;1;2;20;-8.89162616786595;17;1;7;4.86226970027258;10;3;3;14;4;5;6;20;-5.712701559788853;5;0;0;5;1;6;11;2;21;9.34638918727339;17;6;4;3;16;3;1;16;13;0;5;5;1;3;0;5;10;2;18;24;1;5;6;22;-0.021671295320920103;1;2;16;15;0;20;4.057046304765518;20;-1.27837873515754;5;3;0;2;2;0;16;14;2;22;2.6519075898098237;21;-3.584325086133385;1;0;11;14;0;15;25;2;1;14;5;17;0;5;12;0;7;-2.242726517438766;19
TRACK:1347;1335;-1;5;4;2;2;3;2;4;6;6;5;11;0;2;1;2;20;-9.075217693868998;17;1;7;4.687232608362739;10;3;3;14;4;5;6;20;-5.931818476711052;5;0;0;5;1;6;11;2;21;9.280335934239634;17;6;4;3;16;3;1;3;4;14;2;1;8;7;3.417604565539788;2;14;16;0;5;5;1;3;0;5;10;2;18;24;1;5;6;22;0.002475052410146769;1;2;16;15;0;20;4.058396571558875;20;-1.0909976883769235;5;3;0;2;2;0;16;14;2;24;21;-3.5064204447043776;1;0;11;23;4.473004823092461;0;15;25;1;22;2.0588005280883075;8
TRACK:1348;1337;-1;5;4;2;2;3;2;4;6;6;6;19;0;2;1;2;20;-8.957505185568598;17;1;7;4.7250704619001125;10;3;3;14;4;5;6;20;-6.082191949468211;5;0;0;5;2;4;12;12;6;4;3;16;3;1;3;4;14;5;17;0;5;5;1;3;0;5;10;2;18;24;1;5;6;22;0.044162842535590704;1;2;16;15;0;20;3.82064476757898;20;-1.358772971847987;5;3;0;2;2;0;16;14;2;24;21;-3.9212214871740403;1;0;11;23;4.415825177201855;0;15;25;2;0;20;4.212269083592088;20;-1.2861660193848727;0;5;12;0;7;-2.1806092303740408;19
TRACK:1349;1339;-1;5;4;2;2;3;2;4;6;6;5;17;0;2;1;2;20;-9.037879401701055;13;1;7;4.462375405326981;10;3;3;14;4;5;6;20;-5.812581310645603;5;0;0;5;2;1;22;1.9688758888865914;8;12;6;4;3;16;3;1;3;4;14;1;2;13;12;4;18;0;5;5;1;3;0;5;10;2;18;24;1;5;6;22;0.3498327457351813;1;2;16;15;0;12;20;-1.1418931594068193;5;3;0;4;3;16;2;1;0;7;3.2834241075206965;20;-8.548421495042632;5;17;0;5;12;0;7;-2.319866440746175;19
EVAL_INSTANCE:67:0:1340
EVAL_INSTANCE:67:1:1341
EVAL_INSTANCE:67:2:1342
EVAL_INSTANCE:67:3:1343
EVAL_INSTANCE:67:4:1344
EVAL_INSTANCE:67:5:1345
EVAL_INSTANCE:67:6:1346
EVAL_INSTANCE:67:7:1347
EVAL_INSTANCE:67:8:1348
EVAL_INSTANCE:67:9:1349
RUN_RESULT:67:0:0:2000:----
RUN_RESULT:67:1:0:2000:----
RUN_RESULT:67:2:0:2000:----
RUN_RESULT:67:3:0:2000:----
RUN_RESULT:67:4:0:2000:----
RUN_RESULT:67:5:0:1850:RDRRRDDLRUURRDLDLLDLUULURDDRRUULLLLDLUUUDDRRUULRRRRUUR
RUN_RESULT:67:6:0:2000:----
RUN_RESULT:67:7:0:2000:----
RUN_RESULT:67:8:0:2000:----
RUN_RESULT:67:9:0:2000:----
    68 |      680 | -2.999700E+03 | -3.206000E+03
TRACK:1350;1265;1168;5;4;2;2;3;2;4;6;6;6;19;0;2;1;2;20;-8.901034275638374;17;1;7;4.664417735015341;10;3;3;14;4;5;6;20;-6.226800662655374;5;0;0;5;2;1;22;2.0004101973819672;8;12;6;4;3;16;3;1;3;4;14;5;17;0;5;5;1;3;0;5;10;2;18;24;1;5;6;22;0.10739690027131418;1;2;16;15;0;20;3.834484969531811;20;-1.3856749161789141;5;3;0;2;2;0;16;14;20;5.2055888230433425;1;0;11;23;4.406245679701284;0;15;25;2;1;0;10;20;-8.756357316226282;5;17;0;5;12;0;7;-2.1313496262408713;19
TRACK:1351;1265;1168;5;4;2;2;3;2;4;6;6;5;17;2;24;21;-3.838679504424738;5;0;0;5;2;1;22;1.7764948499747437;8;12;6;4;3;16;3;1;3;4;14;2;1;8;7;2.8481063593300675;2;14;20;5.2055888230433425;0;5;5;1;3;0;5;10;2;18;24;1;5;6;22;0.07823259016011797;1;2;16;15;0;12;20;-1.3884258074753542;5;3;0;2;2;0;16;14;2;22;-0.011979686443074788;11;1;0;25;23;4.397263059672415;0;15;25;2;1;0;10;20;-8.479844982373638;5;17;0;5;12;0;7;-2.16299142147175;19
TRACK:1352;1087;1260;5;5;17
TRACK:1353;1087;1260;5;4;2;2;3;2;4;6;6;5;17;0;2;1;2;20;-8.99615892349425;13;1;7;4.50927032422309;10;3;3;14;4;5;6;20;-5.787578957106821;5;0;0;5;2;1;22;1.7270880329756513;8;12;6;4;3;16;3;1;3;4;14;2;1;8;7;2.7089621320650483;2;14;20;5.188925212304361;0;5;5;1;3;0;5;10;14;1;5;6;22;0.20078652460223506;1;2;16;15;0;12;20;-1.1302581029304593;5;3;0;6;3;6;7;-2.0557017903784853;2;1;0;7;3.1438052726979575;20;-8.575051564861477;5;17;0;5;12;0;7;-2.1934843456196025;19
TRACK:1354;1068;1246;5;4;2;2;3;2;4;6;6;5;17;0;2;1;2;20;-8.9960377783027;13;1;7;4.601359100576273;10;3;3;14;4;5;6;20;-5.913332905681117;5;0;0;5;2;1;22;1.8608513811148608;8;12;6;4;3;16;3;1;3;4;14;2;1;8;7;2.8237566020844547;2;14;20;5.211047192853533;0;5;5;1;3;0;5;10;2;18;24;1;5;6;22;-0.020735351849730632;1;2;16;15;0;12;20;-1.4400225175952044;5;3;0;2;2;0;16;14;2;24;15;1;0;25;23;4.4340625361545944;0;15;25;2;1;0;10;20;-8.557035127885975;1;16;13;0;5;12;0;7;-2.1701591621484773;19
TRACK:1355;1068;1246;5;4;2;2;3;2;4;6;6;5;17;0;2;1;2;20;-8.897910010646585;17;1;7;4.801828295046646;10;3;3;14;4;5;6;20;-5.748929037802757;5;0;0;5;1;6;11;2;21;9.295267529232772;17;6;4;3;16;3;1;16;13;0;5;5;1;3;0;5;10;5;17;1;5;6;22;-0.06912785821033587;1;2;16;15;0;20;4.111333925081973;20;-1.2375409824811363;5;3;0;2;2;0;16;14;2;24;21;-3.664200344493247;1;0;11;23;4.510752766322976;0;15;25;2;1;14;5;17;0;5;12;0;7;-2.4197891204857624;19
TRACK:1356;1265;1260;5;4;2;2;3;2;4;6;6;6;19;0;2;1;2;20;-8.901034275638374;17;1;7;4.664417735015341;10;3;3;14;4;5;6;20;-6.226800662655374;5;0;0;5;2;1;22;2.0004101973819672;8;12;6;4;3;16;3;1;3;4;14;5;17;0;5;5;1;3;0;5;10;2;18;24;1;5;6;22;0.10739690027131418;1;2;16;15;0;20;3.834484969531811;20;-1.3856749161789141;3;3;14
TRACK:1357;1265;1260;5;4;2;2;3;2;4;6;6;5;17;0;2;1;2;20;-8.99615892349425;13;1;7;4.50927032422309;10;3;3;14;4;5;6;15;5;0;0;5;2;1;22;1.7270880329756513;8;12;6;4;3;16;3;1;3;4;14;2;1;8;7;2.7089621320650483;2;14;20;5.188925212304361;0;5;5;1;3;0;5;10;2;18;24;1;5;6;22;0.20078652460223506;1;2;16;15;0;12;20;-1.1302581029304593;5;3;0;6;3;6;7;-2.0557017903784853;2;1;0;7;3.1438052726979575;20;-8.575051564861477;5;17;0;5;12;0;7;-2.1934843456196025;19
TRACK:1358;1087;1068;5;4;2;2;3;2;4;6;6;5;17;0;2;1;2;20;-9.055238234557521;17;1;7;4.6714100621445755;10;3;3;14;4;1;7;4.601359100576273;10;5;0;0;5;2;1;22;1.8520591977547043;8;12;6;4;3;16;3;1;3;4;14;2;1;8;7;3.132257535622614;2;14;16;0;5;5;1;3;0;5;10;2;18;24;1;5;6;22;0.018222364920325473;1;2;16;15;0;20;3.950159029101806;20;-1.3237465858486015;5;3;0;2;2;0;16;14;2;24;21;-3.843496344262961;1;0;11;23;4.397454443347297;0;15;25;2;1;0;10;20;-8.685644612938242;5;17;0;5;12;0;7;-2.230021524979761;19
TRACK:1359;1087;1068;5;4;2;2;3;2;4;6;6;5;17;0;2;1;2;20;-8.9960377783027;13;1;7;4.601359100576273;10;3;3;14;4;5;6;20;-5.913332905681117;5;0;0;5;2;1;22;1.8608513811148608;8;12;6;4;3;16;3;1;3;4;14;2;1;8;7;2.8237566020844547;2;14;20;5.211047192853533;0;5;5;1;3;0;5;10;2;18;24;1;5;6;22;-0.020735351849730632;1;2;16;15;0;12;20;-1.4400225175952044;5;3;0;2;2;0;16;14;7;3.132257535622614;1;0;25;23;4.4340625361545944;0;15;25;2;1;0;10;20;-8.557035127885975;5;17;0;5;12;0;7;-2.1701591621484773;19
TRACK:1360;1350;-1;5;4;2;2;3;2;4;6;6;6;19;0;2;1;2;20;-8.889026395992998;17;1;7;4.719917507836161;10;3;3;14;4;5;6;20;-6.2921427549213815;5;0;0;5;2;1;22;2.034720242967445;8;12;6;4;3;16;3;1;3;4;14;5;17;0;5;5;1;3;0;5;10;2;18;24;1;5;6;22;0.006138256961795069;1;2;16;15;0;20;3.7775288256966575;20;-1.3789403748924198;5;3;0;2;2;0;16;14;20;5.287736295502905;1;0;11;23;4.455280301852451;0;15;25;2;1;0;10;25;5;17;0;5;12;0;7;-2.1795291969934283;19
TRACK:1361;1352;-1;5;4;1;2;4;0;6;2;0;17;22;-5.45310398551877;0;23;-6.721567833135566;10;5;1;2;10;13;6;17;0;4;6;4;1;14;19;2;2;5;2;23;4.297964662214412;17;1;0;13;20;1.6364624563145043;1;12;25;4;0;4;12;2;20;-0.7210692229004678;11;6;4;5;2;2;6;12;6;10;4;2;16;8
TRACK:1362;1354;-1;5;4;2;2;3;3;6;0;0;1;25;9;4;22;-7.5156901417314215;1;4;22;-3.6790046258631577;4;17;5;0;0;5;2;1;22;1.7041487569052025;8;12;6;4;3;16;3;1;3;4;14;2;1;8;7;2.7298442803904837;2;14;20;5.075968330537028;0;5;5;1;3;0;5;10;2;18;24;1;5;6;22;-0.022824400695648103;1;2;16;15;0;12;20;-1.4340534855556328;5;3;0;2;2;0;16;14;2;24;15;1;0;25;23;4.414104767784254;0;15;25;2;1;0;10;20;-8.565943204174378;1;16;13;0;5;12;0;7;-2.094125147740252;19
TRACK:1363;1356;-1;5;4;2;2;3;2;4;6;6;6;19;0;2;1;2;20;-8.994613042546074;17;1;7;4.717408264579319;10;3;3;14;4;5;6;20;-6.2402516448531715;5;0;0;5;2;1;22;1.9255525268497973;8;12;6;4;3;16;3;1;3;4;14;5;17;0;5;5;1;3;0;5;10;2;18;24;1;5;6;22;0.05557446291214574;1;2;15;15;0;20;3.7924561688102743;20;-1.4119112464594585;3;3;14
TRACK:1364;1358;-1;5;4;2;2;3;2;4;6;6;5;17;0;2;1;2;22;8.435155226918255;17;1;7;4.471578558918863;10;3;3;14;4;1;7;4.5480353072482735;10;5;0;0;5;2;1;22;1.720422435720199;8;12;6;4;3;16;3;1;3;4;14;2;1;8;7;3.0608497282527383;2;14;16;0;5;5;1;3;0;5;10;2;18;24;1;5;6;22;-0.08146449399531087;1;2;16;15;0;20;3.9034381494857247;20;-1.3471024294585854;5;3;0;2;2;0;16;14;2;24;21;-3.9317519272847816;1;0;11;23;4.327568442950226;0;15;25;2;1;0;10;20;-8.724650861669033;5;17;0;5;12;0;7;-1.951800170449092;19
TRACK:1365;1351;-1;5;4;2;2;3;2;4;6;6;5;17;2;24;21;-3.9792292258013684;5;0;0;5;2;1;22;1.883887542183807;8;12;6;4;3;16;3;1;3;4;14;2;1;8;7;2.826710837665194;2;14;20;5.147359093148142;0;5;5;1;3;0;5;10;3;7;-8.10173853259097;1;5;6;22;0.14011505098598634;1;2;16;15;0;12;20;-1.3346450905708496;5;3;0;2;2;0;16;14;2;22;-0.18095174988196552;11;1;0;25;23;4.493355671556274;0;15;25;2;1;0;10;20;-8.442284293259712;5;17;0;5;12;0;7;-2.105045921286403;19
TRACK:1366;1353;-1;5;4;2;2;3;2;4;6;6;5;17;0;2;1;2;20;-9.055265783854757;13;1;7;4.636026217448803;10;3;3;14;4;5;6;20;-5.862773289001484;5;0;0;5;2;1;22;1.7298219224771059;8;12;6;4;3;16;3;1;3;4;14;2;1;8;7;2.7699554526846195;2;14;20;5.357490012630258;0;5;5;1;2;25;19;1;5;6;22;0.40230269180656625;1;2;16;15;0;12;20;-1.1001259197816224;5;3;0;6;3;6;7;-2.092535992026917;2;1;0;7;3.2034905182004785;20;-8.676011864884348;5;17;0;5;12;0;7;-2.286731083210249;19
TRACK:1367;1355;-1;5;4;2;2;3;2;4;6;6;5;17;0;2;1;2;20;-8.973936913440923;17;1;7;4.69137180103588;10;3;3;14;4;5;6;20;-5.674595906749429;5;0;0;5;1;6;11;2;21;9.281897840683701;17;6;4;3;16;3;1;16;13;0;5;5;1;3;0;5;10;5;17;1;5;6;22;-0.09108084229770735;1;2;16;15;0;20;4.294106575769053;20;-1.440604312704724;5;3;0;2;2;0;16;14;2;24;21;-3.7883481735555384;1;0;11;23;4.681980048317525;0;15;25;2;1;14;5;17;0;5;12;1;13;7;6.491432464692377
TRACK:1368;1357;-1;5;4;2;2;3;2;4;6;6;5;17;0;2;1;2;20;-8.984493218881667;13;1;7;4.312205886199728;10;3;3;14;4;5;6;15;5;0;0;5;2;1;22;1.9277283696645062;8;12;6;4;4;25;3;1;3;4;14;2;1;8;7;2.887674553864736;2;14;20;5.268880490650192;0;5;5;1;3;0;5;10;2;18;24;1;5;6;22;0.05904776482955093;1;2;16;15;0;12;20;-1.1646560194183067;5;3;0;6;3;6;7;-2.1488413239394086;2;1;0;7;3.057219853351598;20;-8.624551636244362;5;17;0;5;12;0;7;-2.1505878032040746;19
TRACK:1369;1359;-1;5;4;2;2;3;2;4;6;6;5;17;0;2;1;2;20;-8.916689897364089;13;1;7;4.727018272976309;10;3;3;14;4;5;6;20;-5.911302510900264;5;0;0;5;2;1;22;2.0464084884105924;8;12;6;4;3;16;3;1;3;4;9;2;1;8;7;2.8146701049052765;2;14;20;5.1824090153095135;0;5;5;1;3;0;5;10;2;18;24;1;5;6;22;0.023831477351118728;1;2;16;15;0;12;20;-1.370587548069236;5;3;0;2;2;0;16;14;7;3.217767440566819;1;0;25;23;4.243100635088671;0;15;25;2;1;0;10;20;-8.568090799716458;5;17;0;5;12;0;7;-2.2713156192333774;19
EVAL_INSTANCE:68:0:1360
EVAL_INSTANCE:68:1:1361
EVAL_INSTANCE:68:2:1362
EVAL_INSTANCE:68:3:1363
EVAL_INSTANCE:68:4:1364
EVAL_INSTANCE:68:5:1365
EVAL_INSTANCE:68:6:1366
EVAL_INSTANCE:68:7:1367
EVAL_INSTANCE:68:8:1368
EVAL_INSTANCE:68:9:1369
RUN_RESULT:68:0:0:2000:----
RUN_RESULT:68:1:0:2000:----
RUN_RESULT:68:2:0:2000:----
RUN_RESULT:68:3:0:2000:----
RUN_RESULT:68:4:0:2000:----
RUN_RESULT:68:5:0:2000:----
RUN_RESULT:68:6:0:2000:----
RUN_RESULT:68:7:0:2000:----
RUN_RESULT:68:8:0:2000:----
RUN_RESULT:68:9:0:2000:----
    69 |      690 | -2.999700E+03 | -3.206000E+03
TRACK:1370;1246;1087;5;4;2;2;3;2;4;6;6;5;17;0;2;1;2;20;-8.897910010646585;17;1;7;4.801828295046646;10;3;3;14;4;5;6;20;-5.748929037802757;5;0;0;5;1;6;11;2;21;9.295267529232772;17;6;4;3;16;3;1;16;13;0;5;5;1;3;0;5;10;2;18;24;1;5;6;22;-0.06912785821033587;1;2;16;15;0;20;4.111333925081973;20;-1.2375409824811363;5;3;0;2;2;0;16;14;2;24;21;-3.664200344493247;1;0;11;23;4.510752766322976;0;15;25;2;1;14;5;17;17
TRACK:1371;1246;1087;5;4;2;5;1;6;11;2;21;9.295267529232772;17;0;5;5;1;3;0;5;10;2;18;24;1;5;6;22;0.018222364920325473;1;2;16;15;0;20;3.950159029101806;20;-1.3237465858486015;5;3;0;2;2;0;16;14;2;24;21;-3.843496344262961;1;0;11;23;4.397454443347297;0;15;25;2;1;0;10;20;-8.685644612938242;5;17;0;5;12;0;7;-2.230021524979761;19
TRACK:1372;1265;1065;5;4;2;2;3;2;4;6;6;6;19;0;2;1;2;14;16;1;7;4.664417735015341;10;3;3;14;4;5;6;20;-6.226800662655374;5;0;0;5;2;1;22;2.0004101973819672;8;12;6;4;3;16;3;1;3;4;14;5;17;0;5;5;1;3;0;5;10;2;18;24;1;5;6;22;0.10739690027131418;1;2;16;15;0;20;3.834484969531811;20;-1.3856749161789141;5;3;0;2;2;0;16;14;2;24;21;-3.838679504424738;1;0;11;23;4.406245679701284;0;15;25;2;1;0;10;20;-8.756357316226282;5;17;0;5;12;0;7;-2.1313496262408713;19
TRACK:1373;1265;1065;5;4;2;2;3;2;4;6;6;5;17;0;2;1;2;20;-9.041036636659019;17;1;7;4.66250569311161;10;3;3;14;4;5;6;20;-6.151497025012095;5;0;0;5;2;1;22;1.6424210369608168;8;12;6;4;3;16;3;1;3;4;14;2;1;8;7;3.0588612077301147;2;14;16;0;5;2;1;2;20;-8.901034275638374;17;1;7;4.664417735015341;10;3;3;14;5;3;0;2;2;0;16;14;2;24;21;-3.853363594265033;1;0;25;23;4.447499871998429;0;15;25;2;1;0;10;20;-8.652559831879994;5;17;0;5;12;0;7;-2.3532774012653945;19
TRACK:1374;1260;1265;5;4;2;2;3;2;4;6;6;5;17;0;2;1;2;20;-8.99615892349425;13;1;7;4.50927032422309;10;3;3;14;4;5;6;20;-5.787578957106821;5;0;0;5;2;1;22;1.7270880329756513;8;12;6;4;3;16;3;1;3;4;14;2;1;8;7;2.7089621320650483;2;14;20;5.188925212304361;0;5;5;1;3;0;5;10;2;18;24;1;5;6;22;0.20078652460223506;1;2;16;15;0;12;20;-1.1302581029304593;5;3;0;6;3;6;7;-2.0557017903784853;2;1;0;7;3.1438052726979575;20;-8.575051564861477;5;17;0;5;12;0;7;-2.1934843456196025;19
TRACK:1375;1260;1265;5;4;2;2;3;2;4;6;6;6;19;0;2;1;2;20;-8.901034275638374;17;1;7;4.664417735015341;10;3;3;14;4;5;6;20;-6.226800662655374;5;0;0;5;2;1;22;2.0004101973819672;8;12;6;4;3;16;3;1;3;4;14;5;17;0;5;5;1;3;0;5;10;2;18;24;1;5;6;22;0.10739690027131418;1;2;16;15;0;20;3.834484969531811;20;-1.3856749161789141;5;3;0;18;2;1;0;10;20;-8.756357316226282;5;17;0;5;12;0;7;-2.1313496262408713;19
TRACK:1376;1144;1260;5;4;2;2;3;2;4;6;6;5;17;0;2;1;2;20;-8.989226655363797;17;1;7;4.804646317726315;10;3;3;16;4;5;6;20;-6.0032842361489225;5;0;0;5;1;6;11;2;21;9.255300046838737;17;6;4;3;16;3;1;3;4;14;2;1;8;7;3.2224062728792386;2;14;16;0;5;5;1;3;0;5;10;2;18;24;1;5;6;22;-0.01816288719512655;1;2;16;15;0;20;4.109087739622654;20;-1.2422832177212284;5;3;0;2;2;0;16;14;2;24;21;-3.729791920363529;1;0;11;23;4.495719893974734;0;15;25;2;1;14;5;17;0;5;12;0;7;-2.2514748081876985;19
TRACK:1377;1144;1260;5;4;2;2;3;2;4;6;6;5;17;0;2;1;2;20;-8.99615892349425;13;1;7;4.50927032422309;10;3;3;14;4;5;6;20;-5.787578957106821;5;0;0;21;9.255300046838737;6;4;3;16;3;1;3;4;14;2;1;8;7;2.7089621320650483;2;14;20;5.188925212304361;0;5;5;1;3;0;5;10;2;18;24;1;5;6;22;0.20078652460223506;1;2;16;15;0;12;20;-1.1302581029304593;5;3;0;6;3;6;7;-2.0557017903784853;2;1;0;7;3.1438052726979575;20;-8.575051564861477;5;17;0;5;12;0;7;-2.1934843456196025;19
TRACK:1378;1087;1246;5;4;2;2;3;2;4;6;6;5;17;0;2;1;2;20;-9.055238234557521;17;1;7;4.6714100621445755;10;3;3;14;4;5;6;20;-6.184301607843144;5;0;0;5;2;1;22;1.8520591977547043;8;12;6;4;3;16;3;1;3;4;14;2;1;8;7;3.132257535622614;2;14;16;0;5;5;1;3;0;5;10;2;21;-3.664200344493247;24;1;5;6;22;0.018222364920325473;1;2;16;15;0;20;3.950159029101806;20;-1.3237465858486015;5;3;0;2;2;0;16;14;2;24;21;-3.843496344262961;1;0;11;23;4.397454443347297;0;15;25;2;1;0;10;20;-8.685644612938242;5;17;0;5;12;0;7;-2.230021524979761;19
TRACK:1379;1087;1246;5;4;2;2;3;2;4;6;6;5;17;0;2;1;2;20;-8.897910010646585;17;1;7;4.801828295046646;10;3;3;14;20;3.950159029101806;5;0;0;5;1;6;11;2;21;9.295267529232772;17;6;4;3;16;3;1;16;13;0;5;5;1;3;0;5;10;2;18;24;1;5;6;22;-0.06912785821033587;1;2;16;15;0;20;4.111333925081973;20;-1.2375409824811363;5;3;0;2;2;0;16;14;2;24;21;-3.664200344493247;1;0;11;23;4.510752766322976;0;15;25;2;1;14;5;17;0;5;12;0;7;-2.4197891204857624;19
TRACK:1380;1370;-1;5;4;2;2;3;2;4;6;6;5;17;0;2;1;2;20;-8.782413734000674;17;1;7;4.699778566295262;10;3;3;14;4;5;6;20;-5.729631280626372;5;0;0;5;1;6;11;2;21;9.258576135292342;17;6;6;1;10;17;3;1;16;13;0;5;5;1;3;0;5;10;2;18;24;1;5;6;22;-0.12907075914101715;1;2;16;15;0;20;4.191783173376674;20;-1.3712625307121111;5;3;0;2;2;0;16;14;2;24;21;-3.591947648850584;1;0;11;23;4.172385043966448;0;15;25;2;1;14;5;17;17
TRACK:1381;1372;-1;5;4;2;2;3;2;4;6;6;6;19;4;6;5;4;8;5;0;0;5;2;1;22;2.0552389893654888;8;12;6;4;3;16;3;1;3;4;14;5;17;0;5;5;1;3;0;5;10;2;18;24;1;5;6;22;0.14910217874030404;1;2;16;15;0;20;3.920884484908218;20;-1.364473849983881;5;3;0;2;2;0;16;14;2;24;21;-3.793346545471871;1;0;11;23;4.25671144600471;0;15;25;2;1;0;10;20;-8.664025772332067;5;17;0;5;12;0;7;-2.2472783613861833;19
TRACK:1382;1374;-1;5;4;2;2;3;2;4;6;6;5;17;0;2;1;2;20;-9.162599790467565;13;1;7;4.46355291874469;10;3;3;14;4;5;6;20;-5.888589655463352;5;0;0;5;2;1;22;1.75824407047177;8;12;6;4;3;16;3;1;3;4;14;2;1;8;7;2.8384050743807436;2;14;20;5.11380944365428;0;5;5;1;3;0;5;10;2;18;24;1;5;6;22;0.37801103438972217;1;5;17;0;12;20;-0.9690638252608595;5;3;0;6;3;6;7;-2.0612675335896475;2;1;0;7;3.164916279012751;20;-8.583074196498178;5;17;0;5;12;0;7;-2.107500177393678;19
TRACK:1383;1376;-1;5;4;2;2;3;2;4;6;6;5;17;0;2;1;2;20;-8.917073353734287;17;1;7;4.922201923526728;10;3;3;16;4;5;6;20;-6.076219711073408;5;0;0;5;1;6;11;2;21;9.148276797897648;17;6;4;3;16;3;1;3;4;14;2;1;8;7;3.16447988593534;2;14;16;0;5;5;1;3;0;5;10;2;18;24;1;5;6;22;0.04216733907492649;6;1;16;19;5;3;0;2;2;0;16;14;2;24;21;-3.7044137749519113;1;0;11;23;4.472980469572729;0;15;25;2;1;14;5;17;0;5;12;0;7;-2.209773422950635;19
TRACK:1384;1378;-1;5;4;2;2;3;2;4;6;6;5;17;0;2;1;2;20;-9.200739779858228;17;1;7;4.633060759028789;10;3;3;14;4;5;6;20;-6.2378216629546;5;0;0;5;2;1;22;1.9717520537902378;8;12;6;4;3;16;3;1;3;4;14;2;1;8;7;3.038391811311232;2;14;16;0;5;5;1;3;0;5;10;2;21;-3.6547450356161986;24;1;5;6;22;-0.10429028412232698;1;2;16;15;0;20;4.118204623340551;20;-1.27188459898554;5;3;0;2;2;0;16;14;2;24;21;-3.718719587898303;1;0;11;23;4.3742301816047755;0;14;25;2;1;0;10;20;-8.740303538248906;5;17;0;5;12;0;7;-2.3402884328231717;19
TRACK:1385;1371;-1;5;4;2;5;1;6;11;2;21;9.291709204301483;17;0;5;5;1;3;0;5;10;2;18;24;1;5;6;22;0.08857849191841935;1;2;16;15;0;20;4.042358626869935;20;-1.3133874927639224;5;3;0;2;2;0;16;14;2;24;21;-3.6332926527944265;1;0;11;23;4.349633864536261;4;15;2;1;0;10;20;-8.620113315509034;5;17;0;5;12;0;7;-2.134274965456332;19
TRACK:1386;1373;-1;5;4;2;2;3;2;4;6;6;5;17;0;2;1;2;19;17;1;7;4.628714100537697;10;3;3;14;4;5;6;20;-6.093284191425309;5;0;0;5;2;1;22;1.5183232988372095;8;12;6;4;3;16;3;1;3;4;14;2;1;8;7;3.128254183742153;2;14;16;0;5;2;1;2;20;-9.015718878105242;17;1;7;4.626260901978502;10;3;3;14;5;3;0;2;2;0;16;14;2;24;21;-3.9675654875661484;1;0;25;23;4.571422261157325;0;15;25;2;1;0;10;20;-8.570004323457859;5;17;0;5;12;0;7;-2.3661971658537038;19
TRACK:1387;1375;-1;5;4;2;2;3;2;4;6;6;6;19;0;2;1;2;20;-9.02502933367852;17;1;7;4.785413985519336;10;3;3;14;4;5;6;20;-6.255486671817325;5;0;0;5;2;1;22;1.9608441288036524;8;12;6;4;3;16;3;1;3;4;14;5;17;0;5;5;1;3;0;5;10;2;18;24;1;5;6;22;0.08295042135409705;1;2;16;15;0;20;3.6920969427159824;20;-1.26264209329152;5;2;0;4;2;10;17;1;6;20;2.9964068562890827;5;10;2;6;3;10;4;2;19;7;4.709956252434706
TRACK:1388;1377;-1;5;4;2;2;3;2;4;6;6;5;17;0;2;1;2;20;-9.001276186882796;13;1;7;4.435247445329399;10;3;3;14;4;5;6;20;-5.6365917042226785;5;0;0;21;9.276387910599361;6;4;3;16;3;1;3;4;14;2;1;8;7;2.8934039082769276;2;14;20;5.24273580620154;0;5;5;1;3;0;5;10;2;18;24;1;5;6;22;0.4085249301143683;1;2;16;15;0;12;20;-1.0781517425469829;5;3;0;6;4;0;25;16;2;1;0;7;3.052367785749895;20;-8.581372758939949;5;17;0;5;12;0;7;-2.1305317842568985;19
TRACK:1389;1379;-1;5;4;2;2;3;2;4;6;6;5;17;0;2;1;2;20;-8.891332739020598;17;1;7;4.8020809546461;10;3;3;14;20;3.8775357683541323;5;0;0;5;1;6;11;2;21;9.319748583510082;17;6;4;3;16;3;1;16;13;0;5;5;1;3;0;5;10;2;18;24;1;5;6;22;-0.1092464597569066;1;2;16;15;0;20;4.049655159060786;20;-1.330356736163754;5;3;0;2;2;0;16;14;2;24;21;-3.726868006880378;1;0;15;23;4.326972915900663;0;15;25;2;1;14;5;17;0;5;12;0;7;-2.203490443747739;19
EVAL_INSTANCE:69:0:1380
EVAL_INSTANCE:69:1:1381
EVAL_INSTANCE:69:2:1382
EVAL_INSTANCE:69:3:1383
EVAL_INSTANCE:69:4:1384
EVAL_INSTANCE:69:5:1385
EVAL_INSTANCE:69:6:1386
EVAL_INSTANCE:69:7:1387
EVAL_INSTANCE:69:8:1388
EVAL_INSTANCE:69:9:1389
RUN_RESULT:69:0:0:1642:RRDRRRRDULLDDLDLUUDRRUULLLLDLUUUDRRULRRRRUUR
RUN_RESULT:69:1:0:2000:----
RUN_RESULT:69:2:0:2000:----
RUN_RESULT:69:3:0:1263:DRRRRDDLDLUUDRRUULLLLDLUUUDRRULRRRRUUR
RUN_RESULT:69:4:0:2000:----
RUN_RESULT:69:5:0:2000:----
RUN_RESULT:69:6:0:2000:----
RUN_RESULT:69:7:0:2000:----
RUN_RESULT:69:8:0:2000:----
RUN_RESULT:69:9:0:2000:----
    70 |      700 | -2.999700E+03 | -3.206000E+03
TRACK:1390;1265;1087;5;4;2;2;3;2;4;6;6;6;19;0;2;1;2;20;-8.901034275638374;17;1;7;4.664417735015341;10;3;3;14;4;5;6;20;-6.226800662655374;5;0;0;5;2;1;22;2.0004101973819672;8;12;6;4;3;16;3;1;3;4;14;5;17;0;5;5;1;3;0;5;10;2;18;24;1;5;6;22;0.10739690027131418;1;17;0;20;3.834484969531811;20;-1.3856749161789141;5;3;0;2;2;0;16;14;2;24;21;-3.838679504424738;1;0;11;23;4.406245679701284;0;15;25;2;1;0;10;20;-8.756357316226282;5;17;0;5;12;0;7;-2.1313496262408713;19
TRACK:1391;1265;1087;5;4;2;2;3;2;4;6;6;5;17;0;2;1;2;20;-9.055238234557521;17;1;7;4.6714100621445755;10;3;3;14;4;5;6;20;-6.184301607843144;5;0;0;5;2;1;22;1.8520591977547043;8;12;6;4;3;16;3;1;3;4;14;2;1;8;7;3.132257535622614;2;14;16;24
TRACK:1392;1144;1068;5;4;2;2;3;2;4;6;6;5;17;0;2;1;2;20;-8.989226655363797;17;1;7;4.804646317726315;10;3;3;14;4;5;6;20;-6.0032842361489225;5;0;4;14;3;1;3;4;14;2;1;8;7;3.2224062728792386;2;14;16;0;5;5;1;3;0;5;10;2;18;24;1;5;6;22;-0.01816288719512655;1;2;16;15;0;20;4.109087739622654;20;-1.2422832177212284;5;3;0;2;2;0;16;14;2;24;21;-3.729791920363529;1;0;11;23;4.495719893974734;0;15;25;2;1;14;5;17;0;5;12;0;7;-2.2514748081876985;19
TRACK:1393;1144;1068;5;4;2;2;3;2;4;6;6;5;17;0;2;1;2;20;-8.9960377783027;13;1;7;4.601359100576273;10;3;3;14;4;5;6;20;-5.913332905681117;5;0;0;5;2;1;22;1.8608513811148608;8;12;6;4;3;16;3;1;3;4;14;2;1;8;7;2.8237566020844547;2;14;20;5.211047192853533;0;5;10;5;3;0;2;2;0;16;14;2;24;15;1;0;25;23;4.4340625361545944;0;15;25;2;1;0;10;20;-8.557035127885975;5;17;0;5;12;0;7;-2.1701591621484773;19
TRACK:1394;1003;1260;5;4;2;2;3;2;6;6;3;3;17;0;2;1;2;20;-9.207657260861907;13;1;7;4.628411862552618;10;3;0;10;22;-7.981820060849334;4;5;6;20;-6.141688587430075;5;0;0;5;2;1;22;1.8756163869497233;8;5;20;3.9404384641805303;6;4;3;16;3;1;3;4;14;2;1;8;16;2;14;16;0;5;5;1;3;0;5;10;2;18;24;1;2;13;24;5;17;5;3;0;2;2;0;16;14;2;24;13;1;0;25;23;4.30324834279815;0;15;25;2;1;0;10;20;-8.68373448125421;5;17;0;5;12;4;23;4.063899611317846
TRACK:1395;1003;1260;5;4;2;2;3;2;4;6;6;5;17;0;2;1;2;20;-8.99615892349425;13;1;7;4.50927032422309;10;3;3;14;4;5;6;20;-5.787578957106821;5;5;6;20;-6.141688587430075;0;5;5;1;3;0;5;10;2;18;24;1;5;6;22;0.20078652460223506;1;2;16;15;0;12;20;-1.1302581029304593;5;3;0;6;3;6;7;-2.0557017903784853;2;1;0;7;3.1438052726979575;20;-8.575051564861477;5;17;0;5;12;0;7;-2.1934843456196025;19
TRACK:1396;1087;1003;5;4;2;2;3;2;4;6;6;5;17;0;2;1;2;20;-9.055238234557521;17;1;7;4.6714100621445755;10;3;3;14;4;5;6;20;-6.184301607843144;5;0;0;5;2;1;22;1.8520591977547043;8;12;6;4;3;16;3;1;3;4;14;2;1;8;7;3.132257535622614;2;14;16;0;5;5;1;3;0;5;10;2;18;24;1;5;6;22;0.018222364920325473;1;2;16;15;0;20;3.950159029101806;20;-1.3237465858486015;5;3;0;2;2;10;2;24;21;-3.843496344262961;1;0;11;23;4.397454443347297;0;15;25;2;1;0;10;20;-8.685644612938242;5;17;0;5;12;0;7;-2.230021524979761;19
TRACK:1397;1087;1003;5;4;2;2;3;2;6;6;3;3;17;0;2;1;2;20;-9.207657260861907;13;1;7;4.628411862552618;10;3;0;10;22;-7.981820060849334;4;5;6;20;-6.141688587430075;5;0;0;5;2;1;22;1.8756163869497233;8;5;20;3.9404384641805303;6;4;3;16;3;1;3;4;14;2;1;8;16;2;14;16;0;5;5;1;3;0;5;10;2;18;7;-2.230021524979761;1;2;13;24;5;17;5;3;0;2;2;0;16;14;2;24;21;-3.774872693859656;1;0;25;23;4.30324834279815;0;15;25;2;1;0;10;20;-8.68373448125421;5;17;0;5;12;4;23;4.063899611317846
TRACK:1398;1168;1265;5;4;2;2;3;2;4;6;6;5;17;0;2;1;2;20;-9.0467050282915;13;1;7;4.631628987995883;10;3;3;14;4;5;6;20;-5.891338307472488;5;6;19;0;5;5;1;3;0;5;10;2;18;24;1;5;6;22;0.07823259016011797;1;2;16;15;0;12;20;-1.3884258074753542;5;3;0;2;2;0;16;14;2;22;-0.011979686443074788;11;1;0;25;23;4.397263059672415;0;15;25;2;1;0;10;20;-8.479844982373638;5;17;0;5;12;0;7;-2.16299142147175;19
TRACK:1399;1168;1265;5;4;2;2;3;2;4;6;6;6;19;0;2;1;2;20;-8.901034275638374;17;1;7;4.664417735015341;10;3;3;14;4;5;6;20;-6.226800662655374;5;0;0;5;2;1;22;2.0004101973819672;8;12;6;4;3;16;3;1;3;4;14;5;17;0;5;5;1;3;0;5;10;2;18;24;1;5;6;22;0.10739690027131418;1;2;16;15;0;20;3.834484969531811;20;-1.3856749161789141;5;3;0;2;2;0;16;14;14;1;0;11;23;4.406245679701284;0;15;25;2;1;0;10;20;-8.756357316226282;5;17;0;5;12;0;7;-2.1313496262408713;19
TRACK:1400;1265;-1;5;4;2;2;3;2;4;6;6;6;19;0;2;1;2;20;-8.757191703500116;17;1;7;4.6129616107014515;10;3;3;14;4;5;6;20;-6.2756947479091565;5;0;0;5;2;1;22;2.1377243569524103;8;12;6;4;3;16;3;1;3;4;14;5;17;0;5;5;1;3;0;5;10;2;18;24;1;5;6;22;0.20778833517168516;1;2;16;15;0;20;3.9270170226226404;20;-1.3317239166881818;5;3;0;2;2;0;16;14;2;24;21;-3.777698644390772;1;0;11;20;5.338488845833336;0;15;25;2;1;0;10;20;-8.665508139607258;5;17;0;5;12;0;7;-2.226345332106275;19
TRACK:1401;1144;-1;5;4;2;2;3;2;4;6;6;5;17;0;2;1;2;20;-9.113715300029808;17;1;7;4.703308406788663;10;3;3;14;4;5;6;20;-6.248056602725701;5;0;0;5;1;6;11;2;21;9.222585166565088;17;6;4;3;16;3;1;3;4;14;2;1;8;7;3.1985248013178778;2;14;16;0;5;5;0;8;14;5;3;0;2;2;0;16;14;2;24;21;-3.81033437076356;1;0;11;23;4.320161320381568;0;15;25;2;1;14;5;17;0;5;12;0;7;-2.4629387453343528;19
TRACK:1402;1394;-1;5;4;2;2;3;2;6;6;3;3;17;0;2;1;2;20;-9.14512650965651;13;1;7;4.626496321967375;10;3;0;10;22;-8.17074457501166;4;5;6;20;-6.24520900362057;5;0;0;5;2;1;22;1.8577452521864948;8;5;20;3.8896364964808905;6;4;3;16;3;1;3;4;14;2;1;8;16;2;14;16;0;5;5;1;3;0;5;10;2;18;24;1;12;21;6.0293715370520395;5;3;0;2;2;0;16;14;2;24;13;1;0;25;23;4.40748433357577;0;15;25;2;1;0;10;20;-8.634564322671485;5;17;0;5;12;4;23;3.910532815434291
TRACK:1403;1396;-1;5;4;2;2;3;2;4;6;6;5;17;0;2;1;2;20;-8.942548199167799;17;1;7;4.651481307497637;10;3;3;14;4;5;6;20;-6.043549236639947;5;0;0;5;2;1;22;2.041851839227239;8;12;6;4;3;16;3;1;3;4;14;2;1;8;7;3.0559215346454542;2;14;16;0;5;5;1;3;0;5;10;2;18;14;1;5;6;22;0.14710543891973832;1;2;16;15;0;20;3.8578614467219934;20;-1.3672296783834612;5;3;0;2;2;10;2;24;21;-3.835205066073146;1;0;11;23;4.417163044924008;0;15;25;2;1;0;10;20;-8.598058798667163;5;17;0;5;12;0;7;-2.325324074717053;19
TRACK:1404;1398;-1;5;4;2;2;3;2;4;6;6;5;17;0;2;1;2;20;-9.237994787129859;13;1;7;4.695352867605212;10;3;3;14;4;5;6;20;-5.827717580020314;5;6;19;0;5;5;1;3;0;5;10;2;18;24;1;5;6;22;0.05154762981248276;1;2;16;15;0;12;20;-1.3008172261568482;5;3;0;2;2;10;12;1;0;25;23;4.346653030090416;0;15;25;2;1;0;10;20;-8.37101311297086;5;17;0;5;12;0;7;-2.159562086409853;19
TRACK:1405;1087;-1;5;4;2;2;3;2;4;6;6;5;17;0;2;1;2;20;-9.08654163783054;17;1;7;4.854794941617372;10;3;3;14;4;5;6;20;-6.215502108128499;5;0;0;5;2;1;22;1.9689140432162817;8;12;6;4;3;16;3;1;3;4;14;2;1;8;7;3.200802259352191;2;14;16;0;5;5;1;3;0;5;10;2;18;24;1;5;6;22;-0.08152933185161437;1;2;16;15;0;20;3.8626762879483794;20;-1.3985766072725554;5;3;0;2;2;0;16;14;2;24;21;-3.706774325559085;1;0;11;23;4.271494146640274;0;15;25;2;1;0;10;20;-8.800964998927597;5;17;2;16;10
TRACK:1406;1068;-1;5;4;0;2;3;14;1;10;19;5;0;13;20;-7.026700014384293
TRACK:1407;1395;-1;5;4;2;2;3;2;4;6;6;5;17;0;2;1;2;20;-8.925158931074826;13;1;7;4.387346028054494;10;3;3;14;4;5;6;20;-5.741624300730998;5;5;6;20;-6.091124438908158;0;5;5;1;3;0;5;10;2;18;24;1;5;6;22;-0.010651459008504671;1;2;16;15;0;12;20;-1.2854833974319184;5;3;0;6;3;6;7;-2.0795862317953895;2;1;3;13;5;17;0;5;12;0;7;-2.0938139167199687;19
TRACK:1408;1397;-1;5;4;2;2;3;2;6;6;3;3;17;0;2;1;2;20;-9.067369541950614;13;1;7;4.541258232406452;10;3;0;10;22;-8.039918084004041;4;5;6;20;-6.144615357493609;5;0;0;5;2;1;22;1.984865117015595;8;5;20;4.060602086358711;6;4;3;16;3;1;3;4;14;2;1;8;16;2;14;16;0;5;5;1;3;0;5;10;2;18;7;-2.394136161413633;1;2;13;24;5;17;5;3;0;2;2;0;16;14;2;24;21;-3.5706211547415845;1;0;25;23;4.4082676857732395;0;15;14;2;1;0;10;20;-9.028492682799612;5;17;0;5;12;4;23;3.9438646777300566
TRACK:1409;1399;-1;5;4;2;2;3;2;4;6;6;6;19;0;2;1;2;20;-8.713703508860977;17;1;7;4.967213232103759;10;3;3;14;4;5;6;20;-6.357381377887932;5;0;0;5;2;1;22;1.9928201174607025;8;12;6;4;3;16;3;1;3;4;14;5;17;0;5;5;1;3;0;5;10;2;18;24;1;5;6;22;-0.039414580459101484;5;1;19;13;5;3;0;2;2;0;16;14;14;1;0;11;23;4.3214541586593125;0;15;25;2;1;0;10;20;-8.681701532824793;5;17;0;5;12;0;7;-2.143564874556546;19
EVAL_INSTANCE:70:0:1400
EVAL_INSTANCE:70:1:1401
EVAL_INSTANCE:70:2:1402
EVAL_INSTANCE:70:3:1403
EVAL_INSTANCE:70:4:1404
EVAL_INSTANCE:70:5:1405
EVAL_INSTANCE:70:6:1406
EVAL_INSTANCE:70:7:1407
EVAL_INSTANCE:70:8:1408
EVAL_INSTANCE:70:9:1409
RUN_RESULT:70:0:0:2000:----
RUN_RESULT:70:1:0:800:RDRRRDDLDLUUDRRUULLLLDLUUUDRRULRRRRUUR
RUN_RESULT:70:2:0:2000:----
RUN_RESULT:70:3:0:945:RDRRRDDLDLUUDRRUULLLLDLUUUDRRULURRDRDRDRRDULULUUUR
RUN_RESULT:70:4:0:2000:----
RUN_RESULT:70:5:0:2000:----
RUN_RESULT:70:6:0:2000:----
RUN_RESULT:70:7:0:2000:----
RUN_RESULT:70:8:0:2000:----
RUN_RESULT:70:9:0:2000:----
    71 |      710 | -3.065300E+03 | -3.206000E+03
TRACK:1410;1087;1260;5;4;2;2;3;2;4;6;6;5;17;0;2;1;2;20;-9.055238234557521;17;1;7;4.6714100621445755;10;3;3;14;4;5;6;20;-6.184301607843144;5;0;0;5;2;1;22;1.8520591977547043;8;12;6;4;3;16;3;1;3;4;14;2;1;8;7;3.132257535622614;2;14;16;0;5;5;1;3;0;5;10;2;18;24;1;5;6;22;0.018222364920325473;22;0.20078652460223506;5;3;0;2;2;0;16;14;2;24;21;-3.843496344262961;1;0;11;23;4.397454443347297;0;15;25;2;1;0;10;20;-8.685644612938242;5;17;0;5;12;0;7;-2.230021524979761;19
TRACK:1411;1087;1260;5;4;2;2;3;2;4;6;6;5;17;0;2;1;2;20;-8.99615892349425;13;1;7;4.50927032422309;10;3;3;14;4;5;6;20;-5.787578957106821;5;0;0;5;2;20;3.950159029101806;12;6;4;3;16;3;1;3;4;14;2;1;8;7;2.7089621320650483;2;14;20;5.188925212304361;0;5;5;1;3;0;5;10;2;18;24;1;5;6;22;0.20078652460223506;1;2;16;15;0;12;20;-1.1302581029304593;5;3;0;6;3;6;7;-2.0557017903784853;2;1;0;7;3.1438052726979575;20;-8.575051564861477;5;17;0;5;12;0;7;-2.1934843456196025;19
TRACK:1412;1144;1265;5;4;2;2;3;2;4;6;6;5;17;0;2;1;2;20;-8.989226655363797;17;1;7;4.804646317726315;10;3;3;22;2.0004101973819672;4;5;6;20;-6.0032842361489225;5;0;0;5;1;6;11;2;21;9.255300046838737;17;6;4;3;16;3;1;3;4;14;2;1;8;7;3.2224062728792386;2;14;16;0;5;5;1;3;0;5;10;2;18;24;1;5;6;22;-0.01816288719512655;1;2;16;15;0;20;4.109087739622654;20;-1.2422832177212284;5;3;0;2;2;0;16;14;2;24;21;-3.729791920363529;1;0;11;23;4.495719893974734;0;15;25;2;1;14;5;17;0;5;12;0;7;-2.2514748081876985;19
TRACK:1413;1144;1265;5;4;2;2;3;2;4;6;6;6;19;0;2;1;2;20;-8.901034275638374;17;1;7;4.664417735015341;10;3;3;14;4;5;6;20;-6.226800662655374;14;0;5;5;1;3;0;5;10;2;18;24;1;5;6;22;0.10739690027131418;1;2;16;15;0;20;3.834484969531811;20;-1.3856749161789141;5;3;0;2;2;0;16;14;2;24;21;-3.838679504424738;1;0;11;23;4.406245679701284;0;15;25;2;1;0;10;20;-8.756357316226282;5;17;0;5;12;0;7;-2.1313496262408713;19
TRACK:1414;1068;1265;5;4;2;2;3;2;4;6;6;5;17;0;2;1;2;20;-8.9960377783027;13;1;7;4.601359100576273;10;3;3;14;4;5;6;20;-5.913332905681117;5;0;0;5;2;1;22;1.8608513811148608;8;12;6;4;3;16;3;1;3;4;14;2;1;8;7;2.8237566020844547;2;14;25;0;5;5;1;3;0;5;10;2;18;24;1;5;6;22;-0.020735351849730632;1;2;16;15;0;12;20;-1.4400225175952044;5;3;0;2;2;0;16;14;2;24;15;1;0;25;23;4.4340625361545944;0;15;25;2;1;0;10;20;-8.557035127885975;5;17;0;5;12;0;7;-2.1701591621484773;19
TRACK:1415;1068;1265;5;4;2;2;3;2;4;6;6;6;19;0;2;1;2;20;-8.901034275638374;17;1;7;4.664417735015341;10;3;3;14;4;5;6;20;-6.226800662655374;5;0;0;5;2;1;22;2.0004101973819672;8;12;6;4;3;16;3;1;3;4;14;5;17;0;5;5;1;3;0;5;10;2;18;24;1;2;16;15;0;12;20;-1.4400225175952044;5;3;0;2;2;0;16;14;2;24;21;-3.838679504424738;1;0;11;23;4.406245679701284;0;15;25;2;1;0;10;20;-8.756357316226282;5;17;0;5;12;0;7;-2.1313496262408713;19
TRACK:1416;1246;1401;5;4;2;2;3;2;4;6;6;5;17;0;2;1;2;20;-8.897910010646585;17;1;7;4.801828295046646;10;3;3;14;4;5;6;20;-5.748929037802757;5;0;0;5;1;6;11;2;21;9.295267529232772;17;6;4;3;16;3;1;16;13;0;5;5;1;3;0;5;10;2;18;24;1;5;6;22;-0.06912785821033587;1;2;16;15;0;20;4.111333925081973;20;-1.2375409824811363;5;3;0;2;2;0;16;14;2;24;21;-3.664200344493247;1;0;11;23;4.510752766322976;0;15;25;2;1;14;5;17;0;5;12;0;7;-2.4197891204857624;19
TRACK:1417;1246;1401;5;4;2;2;3;2;4;6;6;5;17;0;2;0;5;12;0;7;-2.4197891204857624;19;3;3;14;4;5;6;20;-6.248056602725701;5;0;0;5;1;6;11;2;21;9.222585166565088;17;6;4;3;16;3;1;3;4;14;2;1;8;7;3.1985248013178778;2;14;16;0;5;5;0;8;14;5;3;0;2;2;0;16;14;2;24;21;-3.81033437076356;1;0;11;23;4.320161320381568;0;15;25;2;1;14;5;17;0;5;12;0;7;-2.4629387453343528;19
TRACK:1418;1087;1260;5;4;2;2;3;2;4;6;6;5;17;0;2;1;2;20;-9.055238234557521;17;1;7;4.6714100621445755;10;3;3;14;4;5;6;20;-6.184301607843144;5;0;0;5;2;1;22;1.8520591977547043;8;12;6;4;3;16;3;1;3;4;14;2;1;8;7;3.132257535622614;2;14;16;0;5;5;1;3;0;5;10;2;18;24;1;5;6;22;0.018222364920325473;1;2;16;15;0;20;3.950159029101806;20;-1.3237465858486015;5;3;0;2;2;0;16;14;2;16;21;-3.843496344262961;1;0;11;23;4.397454443347297;0;15;25;2;1;0;10;20;-8.685644612938242;5;17;0;5;12;0;7;-2.230021524979761;19
TRACK:1419;1087;1260;5;4;2;2;3;2;4;6;6;5;17;0;2;1;2;20;-8.99615892349425;13;1;7;4.50927032422309;10;3;3;14;4;5;6;20;-5.787578957106821;5;0;0;5;2;1;22;1.7270880329756513;8;12;6;4;3;16;3;1;3;4;14;2;1;8;7;2.7089621320650483;2;14;20;5.188925212304361;0;5;5;1;3;0;5;10;2;18;24;1;5;6;22;0.20078652460223506;1;2;16;15;0;12;20;-1.1302581029304593;5;3;0;6;3;6;7;-2.0557017903784853;8
TRACK:1420;1410;-1;5;4;2;2;3;2;4;6;6;5;17;0;2;1;2;20;-9.220748117027911;17;1;7;4.565140859885657;10;3;3;14;4;5;6;20;-6.096497388515608;5;0;0;5;2;1;22;1.8895914795336464;8;12;6;4;3;16;3;1;3;4;14;2;1;8;7;3.1811084293929324;2;14;16;0;5;5;1;3;1;2;9;22;4.289691112825517;1;17;11;1;6;1;17;19;5;5;9;5;3;0;2;2;0;16;14;2;24;21;-4.028745505739351;1;0;11;23;4.407930596944651;0;15;25;2;1;0;10;20;-8.448244902371904;5;17;0;5;12;0;7;-2.2809401665858124;19
TRACK:1421;1412;-1;5;4;2;2;3;2;4;6;6;5;17;0;2;1;2;20;-8.929190482177242;17;1;7;4.984545457560615;10;3;3;22;1.9456775300995215;4;5;6;20;-6.073933610723621;5;0;0;5;4;16;6;4;3;16;3;1;3;4;14;2;1;8;7;3.437890300519578;2;14;16;0;5;5;1;3;0;5;10;2;18;24;1;5;6;22;-0.06694914308944282;1;2;16;15;0;20;3.95587246388446;20;-1.0888883528591342;5;3;0;2;2;0;16;14;2;24;21;-3.5763757324552605;1;0;11;23;4.619049657308223;0;15;25;2;1;14;5;17;0;5;12;0;7;-2.3052993293202735;19
TRACK:1422;1414;-1;5;4;2;2;3;2;4;6;6;5;17;0;2;1;2;20;-8.99247313875622;13;1;7;4.728905256687966;10;3;3;14;4;5;6;20;-5.960721254775492;5;0;0;5;2;1;22;1.7819836453891535;8;12;6;4;3;16;3;1;3;4;14;2;1;8;7;2.665020169260727;2;14;25;0;5;5;1;3;0;5;10;2;18;24;1;5;6;22;-0.07296133146661563;1;2;16;15;0;12;20;-1.6223556416210103;5;3;0;2;2;0;16;14;2;24;15;1;0;25;23;4.546897907477799;0;15;25;2;1;6;17;5;17;0;5;12;0;7;-2.1388456926039208;19
TRACK:1423;1416;-1;5;4;2;2;3;2;4;6;6;5;17;0;2;1;2;20;-8.880365123007824;17;1;7;4.631169981778039;10;3;3;14;4;5;6;20;-5.760444581366494;5;0;0;5;1;6;11;2;21;9.486282653419531;17;6;4;3;16;3;1;0;18;23;0.5319182567102629;13;0;5;5;1;3;0;5;10;2;18;24;1;5;6;22;-0.14080909063583755;1;2;16;15;0;20;3.9769062495835374;20;-1.1414151493252955;5;3;0;2;2;0;16;14;2;24;21;-3.7095894762608657;1;0;11;23;4.380910602917415;0;15;25;2;1;14;5;17;0;5;12;0;7;-2.435000643692928;19
TRACK:1424;1087;-1;5;4;2;2;3;2;4;6;6;5;17;0;2;1;2;20;-8.991593596126895;17;1;7;4.550843019265057;10;3;3;14;4;5;6;20;-6.176093875697829;5;0;0;5;2;1;22;1.9208463888729688;8;12;6;4;3;16;3;1;3;4;14;2;1;8;7;3.1600069486889795;2;14;16;0;5;5;1;3;0;5;10;0;21;-8.939327858529891;15;1;5;6;22;0.059096296736148246;1;2;16;15;0;20;3.9643670765188412;20;-1.2307720737775267;5;3;0;2;2;0;16;14;2;24;21;-3.8698545708907903;1;0;11;23;4.438717004365625;0;15;25;2;1;0;10;20;-8.772014005196347;5;17;0;5;12;0;7;-2.465900095466286;19
TRACK:1425;1411;-1;5;4;2;2;3;2;4;6;6;5;17;0;2;1;2;20;-9.085184669197918;13;1;7;4.555138341086325;10;3;3;14;4;5;6;20;-5.838066890939504;5;0;0;5;2;20;3.9690857071882486;12;6;4;3;17;3;1;3;4;14;2;1;8;7;2.633097700555443;2;14;20;5.197154994971034;0;5;5;1;3;0;5;10;2;18;24;1;5;6;22;0.1653494841280157;1;2;16;15;0;12;20;-0.9915407237088693;5;3;0;6;3;6;7;-1.866957935404207;2;1;0;7;3.0923666649014163;20;-8.63003243011635;5;17;0;5;12;0;7;-2.256086452368938;19
TRACK:1426;1413;-1;5;4;2;2;3;2;4;6;6;6;19;0;2;1;2;20;-8.888884238922218;17;1;7;4.653226074650621;10;3;3;14;4;5;6;20;-6.3275170591883185;14;0;5;5;1;3;0;5;10;2;18;24;1;5;6;22;0.20992191550793127;1;2;16;15;0;20;3.7746896078713625;20;-1.3305704025200205;5;3;0;2;2;0;16;14;2;24;21;-3.8479510049416716;1;0;11;23;4.460627481443831;0;15;25;2;1;0;10;20;-8.749522618690046;5;17;0;5;12;3;7;9.739812499977472
TRACK:1427;1415;-1;5;4;2;2;3;2;4;6;6;6;19;0;2;1;2;20;-9.047268027739666;17;1;7;4.685120583248109;10;3;3;14;4;5;6;20;-6.32897584457905;5;0;0;5;2;1;22;2.178878207016577;8;12;6;4;3;16;3;1;3;4;14;5;17;0;5;5;1;3;0;2;16;8;2;18;24;1;2;16;15;0;12;20;-1.59130285619855;5;3;0;2;2;0;16;14;2;24;21;-3.9391624387832658;1;0;11;23;4.477012225241853;0;15;25;2;1;0;10;20;-8.759587455448445;5;17;0;5;12;0;7;-2.145047129691818;19
TRACK:1428;1417;-1;5;4;2;2;3;2;4;6;6;5;17;0;2;0;5;12;0;7;-2.454435475463779;19;3;3;14;4;5;6;20;-6.072685102387444;5;0;0;5;1;6;11;2;21;9.14148650129133;17;6;4;3;16;3;1;3;4;14;2;1;8;7;3.128240523933619;2;14;16;0;5;5;0;8;14;5;3;0;2;2;0;16;14;2;24;21;-3.864295920506025;1;0;11;23;4.419498107613203;0;15;25;2;1;14;5;17;0;5;12;0;12;25
TRACK:1429;1260;-1;5;4;2;2;6;21;7.781450657092623;5;0;0;5;2;1;22;1.5578675186913045;8;12;6;4;3;16;3;1;3;4;14;2;1;8;7;2.608643577086875;2;14;20;5.211384178315179;0;5;5;1;3;0;5;10;2;18;24;1;5;6;22;0.2027081858699709;1;2;16;15;0;12;20;-1.192765425705756;5;3;0;6;3;6;7;-1.9787220173881137;2;1;0;7;3.212740578235939;20;-8.407909931653117;5;17;0;5;12;0;7;-2.2596560345062273;19
EVAL_INSTANCE:71:0:1420
EVAL_INSTANCE:71:1:1421
EVAL_INSTANCE:71:2:1422
EVAL_INSTANCE:71:3:1423
EVAL_INSTANCE:71:4:1424
EVAL_INSTANCE:71:5:1425
EVAL_INSTANCE:71:6:1426
EVAL_INSTANCE:71:7:1427
EVAL_INSTANCE:71:8:1428
EVAL_INSTANCE:71:9:1429
RUN_RESULT:71:0:0:2000:----
RUN_RESULT:71:1:0:2000:----
RUN_RESULT:71:2:0:2000:----
RUN_RESULT:71:3:0:1449:RDRRRDDLDLUUDRRUULLLLDLUUUDRRULURRDRDRDRRDLLLUUURUUR
RUN_RESULT:71:4:0:2000:----
RUN_RESULT:71:5:0:2000:----
RUN_RESULT:71:6:0:1248:RRDRRRRDULLDDLDLUUDRRUULLLLDLUUUDRRULRRRRUUR
RUN_RESULT:71:7:0:2000:----
RUN_RESULT:71:8:0:2000:----
RUN_RESULT:71:9:0:2000:----
    72 |      720 | -3.065300E+03 | -3.206000E+03
TRACK:1430;1260;1246;5;4;2;2;3;2;4;6;6;5;17;0;2;1;2;20;-8.99615892349425;13;1;7;4.50927032422309;10;3;3;14;4;5;5;17;5;0;0;5;2;1;22;1.7270880329756513;8;12;6;4;3;16;3;1;3;4;14;2;1;8;7;2.7089621320650483;2;14;20;5.188925212304361;0;5;5;1;3;0;5;10;2;18;24;1;5;6;22;0.20078652460223506;1;2;16;15;0;12;20;-1.1302581029304593;5;3;0;6;3;6;7;-2.0557017903784853;2;1;0;7;3.1438052726979575;20;-8.575051564861477;5;17;0;5;12;0;7;-2.1934843456196025;19
TRACK:1431;1260;1246;5;4;2;2;3;2;4;6;6;5;17;0;2;1;2;20;-8.897910010646585;17;1;7;4.801828295046646;10;3;3;14;8;5;0;0;5;1;6;11;2;21;9.295267529232772;17;6;4;3;16;3;1;16;13;0;5;5;1;3;0;5;10;2;18;24;1;5;6;22;-0.06912785821033587;1;2;16;15;0;20;4.111333925081973;20;-1.2375409824811363;5;3;0;2;2;0;16;14;2;24;21;-3.664200344493247;1;0;11;23;4.510752766322976;0;15;25;2;1;14;5;17;0;5;12;0;7;-2.4197891204857624;19
TRACK:1432;1401;1265;5;4;2;2;3;2;4;6;6;5;17;0;2;1;2;20;-9.113715300029808;14;1;7;4.703308406788663;10;3;3;14;4;5;6;20;-6.248056602725701;5;0;0;5;1;6;11;2;21;9.222585166565088;17;6;4;3;16;3;1;3;4;14;2;1;8;7;3.1985248013178778;2;14;16;0;5;5;0;8;14;5;3;0;2;2;0;16;14;2;24;21;-3.81033437076356;1;0;11;23;4.320161320381568;0;15;25;2;1;14;5;17;0;5;12;0;7;-2.4629387453343528;19
TRACK:1433;1401;1265;5;4;2;2;3;2;4;6;6;6;19;0;2;1;2;20;-8.901034275638374;17;1;7;4.664417735015341;10;3;3;14;4;5;6;20;-6.226800662655374;5;0;0;5;2;1;22;2.0004101973819672;8;12;6;16;3;1;3;4;14;5;17;0;5;5;1;3;0;5;10;2;18;24;1;5;6;22;0.10739690027131418;1;2;16;15;0;20;3.834484969531811;20;-1.3856749161789141;5;3;0;2;2;0;16;14;2;24;21;-3.838679504424738;1;0;11;23;4.406245679701284;0;15;25;2;1;0;10;20;-8.756357316226282;5;17;0;5;12;0;7;-2.1313496262408713;19
TRACK:1434;1087;1401;5;4;2;2;3;2;4;6;6;5;17;0;2;1;2;20;-9.055238234557521;17;1;7;4.6714100621445755;10;3;3;14;4;5;6;20;-6.184301607843144;5;0;0;5;2;1;22;1.8520591977547043;8;12;6;4;3;16;3;8;0;5;5;1;3;0;5;10;2;18;24;1;5;6;22;0.018222364920325473;1;2;16;15;0;20;3.950159029101806;20;-1.3237465858486015;5;3;0;2;2;0;16;14;2;24;21;-3.843496344262961;1;0;11;23;4.397454443347297;0;15;25;2;1;0;10;20;-8.685644612938242;5;17;0;5;12;0;7;-2.230021524979761;19
TRACK:1435;1087;1401;5;4;2;2;3;2;4;6;6;5;17;0;2;1;2;20;-9.113715300029808;17;1;7;4.703308406788663;10;3;3;14;4;5;6;20;-6.248056602725701;5;0;0;5;1;6;11;2;21;9.222585166565088;17;6;4;3;10;3;1;3;4;14;2;1;8;7;3.1985248013178778;2;14;16;0;5;5;0;8;14;5;3;0;2;2;0;16;14;2;24;21;-3.81033437076356;1;0;11;23;4.320161320381568;0;15;25;2;1;14;5;17;0;5;12;0;7;-2.4629387453343528;19
TRACK:1436;1260;1087;5;4;2;2;3;2;4;6;6;12;0;2;1;2;20;-8.99615892349425;13;1;7;4.50927032422309;10;3;3;14;4;5;6;20;-5.787578957106821;5;0;0;5;2;1;22;1.7270880329756513;8;12;6;4;3;16;3;1;3;4;14;2;1;8;7;2.7089621320650483;2;14;20;5.188925212304361;0;5;5;1;3;0;5;10;2;18;24;1;5;6;22;0.20078652460223506;1;2;16;15;0;12;20;-1.1302581029304593;5;3;0;6;3;6;7;-2.0557017903784853;2;1;0;7;3.1438052726979575;20;-8.575051564861477;5;17;0;5;12;0;7;-2.1934843456196025;19
TRACK:1437;1260;1087;5;4;2;2;3;2;4;6;6;5;17;0;2;1;2;20;-9.055238234557521;17;1;7;4.6714100621445755;10;3;3;14;4;5;6;20;-6.184301607843144;5;0;0;5;14;6;4;3;16;3;1;3;4;14;2;1;8;7;3.132257535622614;2;14;16;0;5;5;1;3;0;5;10;2;18;24;1;5;6;22;0.018222364920325473;1;2;16;15;0;20;3.950159029101806;20;-1.3237465858486015;5;3;0;2;2;0;16;14;2;24;21;-3.843496344262961;1;0;11;23;4.397454443347297;0;15;25;2;1;0;10;20;-8.685644612938242;5;17;0;5;12;0;7;-2.230021524979761;19
TRACK:1438;1403;1068;5;4;2;2;3;2;4;6;6;5;17;0;2;1;2;20;-8.942548199167799;17;1;7;4.651481307497637;10;3;3;14;4;5;6;20;-6.043549236639947;5;0;0;5;2;1;22;2.041851839227239;8;12;6;4;3;16;3;1;3;4;14;2;1;8;7;3.0559215346454542;2;14;16;0;5;5;1;3;0;5;10;2;18;14;1;5;6;22;0.14710543891973832;1;2;16;15;0;20;3.8578614467219934;20;-1.3672296783834612;5;3;0;2;2;10;2;24;21;-3.835205066073146;1;0;11;23;4.417163044924008;0;15;25;2;1;0;10;20;-8.598058798667163;5;17;5;10
TRACK:1439;1403;1068;5;4;2;2;3;2;4;6;6;5;17;0;2;1;2;20;-8.9960377783027;13;1;7;4.601359100576273;10;3;3;14;4;5;6;20;-5.913332905681117;5;0;0;5;2;1;22;1.8608513811148608;8;12;6;4;3;16;3;1;3;4;14;2;1;8;7;2.8237566020844547;2;14;20;5.211047192853533;0;5;5;1;3;0;5;10;2;18;24;1;5;6;22;-0.020735351849730632;1;2;16;15;0;12;20;-1.4400225175952044;5;3;0;2;2;0;16;14;2;24;15;1;0;25;23;4.4340625361545944;0;15;25;2;1;0;10;20;-8.557035127885975;5;17;0;5;12;0;7;-2.1701591621484773;16
TRACK:1440;1430;-1;5;4;2;2;3;2;4;6;6;5;17;0;2;1;2;20;-9.151565213005426;13;1;7;4.515646770533826;10;3;3;14;4;5;5;17;5;0;0;5;2;1;22;1.784230314099206;8;12;6;4;3;16;3;1;3;4;14;2;1;8;7;2.7948432455112804;2;14;20;5.12265884321028;0;5;5;1;3;0;5;10;2;12;24;1;5;6;22;0.0856747201423155;1;2;16;15;0;12;20;-1.1534326753206372;5;3;0;6;3;6;7;-2.092144522948952;2;1;0;7;3.139178719153057;20;-8.456010430205646;5;17;0;5;12;0;7;-1.9942997442988224;19
TRACK:1441;1432;-1;5;4;2;2;3;2;4;6;6;5;17;0;2;1;2;20;-9.092535412593037;14;1;7;4.631460498745266;10;3;3;14;4;5;6;20;-6.293728584182115;5;0;0;5;0;1;15;16;3;8;6;4;3;16;3;1;3;4;14;2;1;8;7;3.006016273564725;2;14;16;0;5;5;0;8;14;5;3;0;2;2;0;16;14;2;24;21;-3.6428127826859535;1;0;11;23;4.356868553096442;0;15;25;2;1;14;5;17;0;5;12;0;7;-2.526456762384883;19
TRACK:1442;1434;-1;5;4;2;2;3;2;4;6;6;5;17;0;2;1;2;20;-9.083065632721048;17;1;7;4.649851452499947;10;3;3;14;4;5;6;20;-6.195818800823365;5;0;0;5;2;1;22;1.990474898220369;8;12;6;4;3;16;3;8;0;5;5;1;3;0;5;10;2;18;24;1;5;6;22;0.005316035875117772;1;2;16;15;0;20;3.932936158949592;20;-1.2920730013836628;5;3;0;2;2;0;16;14;2;23;-4.700919627481026;21;-3.848841987268422;1;0;11;23;4.3465390259503245;0;15;25;2;1;0;10;20;-8.708207116612275;5;17;0;5;12;0;7;-2.275015932601926;19
TRACK:1443;1436;-1;5;4;2;2;3;2;4;6;6;12;0;2;1;2;20;-9.197899982132979;13;1;7;4.4433780294977385;24;3;3;14;4;5;6;20;-5.6871679050382475;5;0;0;5;2;1;22;1.6309986273686539;8;12;6;4;3;16;3;1;3;4;14;2;1;8;7;2.7750835078192497;2;14;20;5.278382811257139;0;5;5;1;3;0;5;10;2;18;24;1;5;6;22;0.31382074435366747;1;2;16;15;0;12;20;-1.0759489663306234;5;3;0;6;3;6;7;-2.0898225068023457;2;1;0;7;3.2275263890313477;20;-8.466398944540641;5;17;0;5;12;0;7;-2.2604871562491176;19
TRACK:1444;1403;-1;5;4;2;2;3;2;4;6;6;5;17;0;2;1;2;20;-8.930159211446941;17;1;7;4.627461449724717;10;3;3;14;4;5;6;20;-5.982897494226903;5;0;0;5;2;1;22;2.141547332358271;8;12;6;4;3;16;3;1;3;4;14;2;1;8;7;3.074893228201056;2;14;16;0;5;5;1;3;0;5;10;2;18;14;5;4;10;5;3;0;2;2;10;2;24;21;-3.775209254786947;1;0;11;23;4.558112076847498;0;15;25;2;1;0;10;20;-8.593357158986617;5;17;0;5;12;0;7;-2.4335330298100573;19
TRACK:1445;1431;-1;5;4;2;2;3;2;4;6;6;5;17;0;2;1;2;20;-8.895535644994963;17;1;7;4.842598863183164;10;3;3;14;8;5;0;0;5;1;6;11;2;21;9.301683998442762;17;6;4;3;16;3;1;16;13;0;5;5;1;3;0;5;10;2;18;24;1;5;6;22;-0.04336266699419691;1;2;16;12;0;20;4.170745056164149;20;-1.1641407309879492;5;3;0;2;2;0;16;14;2;24;21;-3.5957913160928943;1;0;11;23;4.515493139592826;0;15;25;2;1;14;5;17;0;5;12;0;7;-2.4966194361795235;19
TRACK:1446;1433;-1;5;4;2;2;3;2;4;6;6;1;24;16;0;2;1;2;20;-9.156659504102496;17;1;7;4.588969888407203;10;3;3;14;4;5;6;20;-6.278449632997662;5;0;0;5;2;1;22;2.053660413278277;8;12;6;16;3;1;3;4;14;5;17;0;5;5;1;3;0;5;10;2;18;24;1;5;6;22;0.1514123035557097;1;2;16;15;0;20;3.9303284841142254;20;-1.4084906619094526;5;3;0;2;2;0;16;14;2;24;21;-3.7234228539162135;1;0;11;23;4.476189807993299;0;15;25;2;1;0;10;20;-8.861746825245914;5;17;0;5;12;0;7;-2.0223089143699227;19
TRACK:1447;1435;-1;5;4;2;2;3;2;4;6;6;5;17;0;2;1;2;20;-9.231839761526606;17;1;7;4.6517196676295205;10;3;3;14;4;5;6;20;-6.344424122888644;5;0;0;5;1;6;11;2;21;9.079375871136719;17;6;4;3;10;3;1;3;4;22;0.1850216454948317;2;1;8;7;3.2673130079600474;2;14;16;0;5;5;0;8;14;5;3;0;2;2;0;16;14;2;24;21;-4.003020875608408;1;0;11;23;4.3575624209171675;0;15;25;2;1;14;5;17;0;5;12;0;7;-2.4423355051156803;19
TRACK:1448;1437;-1;5;4;2;2;3;2;4;6;6;5;17;0;2;1;2;20;-8.964579378748684;17;1;7;4.686334918552938;10;3;3;14;4;5;6;20;-6.20685855972929;5;0;0;5;14;6;4;3;16;3;1;3;4;14;2;1;8;7;3.1586753934416585;2;14;16;0;5;5;1;3;0;5;10;2;18;24;1;5;6;22;0.12910790506570768;1;2;16;15;0;20;3.825751551051522;20;-1.30255605393184;5;3;0;2;2;0;16;14;2;24;21;-3.837740481064169;1;0;11;23;4.261349863083525;0;15;25;2;1;0;10;20;-8.676902306786157;5;7;6.4845172022046;0;5;12;0;7;-2.392377053626325;19
TRACK:1449;1068;-1;5;4;2;2;3;2;4;6;6;5;17;0;2;1;2;20;-9.02592256464609;13;1;7;4.436330773950912;10;3;3;14;4;5;6;20;-5.76721468485662;5;0;0;5;2;1;22;1.9435740632093397;8;12;6;4;6;9;3;1;3;4;14;2;1;8;7;2.807897539098625;2;14;20;5.2193053190529755;0;5;5;1;3;0;5;10;2;18;24;1;5;6;22;-0.04215870498162315;1;2;16;15;0;12;20;-1.3748616882113478;5;3;0;2;2;0;16;14;2;24;15;1;0;25;23;4.428672332395763;0;15;25;2;1;0;10;20;-8.440004240793492;5;17;0;5;12;0;7;-2.185262650780596;19
EVAL_INSTANCE:72:0:1440
EVAL_INSTANCE:72:1:1441
EVAL_INSTANCE:72:2:1442
EVAL_INSTANCE:72:3:1443
EVAL_INSTANCE:72:4:1444
EVAL_INSTANCE:72:5:1445
EVAL_INSTANCE:72:6:1446
EVAL_INSTANCE:72:7:1447
EVAL_INSTANCE:72:8:1448
EVAL_INSTANCE:72:9:1449
RUN_RESULT:72:0:0:903:RRDRRDRDRUDLLLDLUUDRRUULLLLDLUUUDRRULRRRRUUR
RUN_RESULT:72:1:0:1929:DRRRRDDLDLUUDRRUULLLLDLUUUDRRULRRRRUUR
RUN_RESULT:72:2:0:2000:----
RUN_RESULT:72:3:0:2000:----
RUN_RESULT:72:4:0:2000:----
RUN_RESULT:72:5:0:2000:----
RUN_RESULT:72:6:0:2000:----
RUN_RESULT:72:7:0:2000:----
RUN_RESULT:72:8:0:2000:----
RUN_RESULT:72:9:0:2000:----
    73 |      730 | -3.090300E+03 | -3.206000E+03
TRACK:1450;1401;1068;5;4;2;2;3;2;4;6;6;5;17;0;2;1;2;20;-9.113715300029808;17;1;7;4.703308406788663;10;3;3;14;4;5;6;20;-6.248056602725701;5;0;0;5;1;6;11;2;21;9.222585166565088;17;6;4;3;16;3;1;3;4;14;2;1;8;7;3.1985248013178778;2;14;16;0;5;5;0;8;14;5;3;0;2;2;0;16;14;2;24;15;1;0;11;23;4.320161320381568;0;15;25;2;1;14;5;17;0;5;12;0;7;-2.4629387453343528;19
TRACK:1451;1401;1068;5;4;2;2;3;2;4;6;6;5;17;0;2;1;2;20;-8.9960377783027;13;1;7;4.601359100576273;10;3;3;14;4;5;6;20;-5.913332905681117;5;0;0;5;2;1;22;1.8608513811148608;8;12;6;4;3;16;3;1;3;4;14;2;1;8;7;2.8237566020844547;2;14;20;5.211047192853533;0;5;5;1;3;0;5;10;2;18;24;1;5;6;22;-0.020735351849730632;1;2;16;15;0;12;20;-1.4400225175952044;5;3;0;2;2;0;16;14;2;24;15;1;0;25;23;4.4340625361545944;0;15;25;2;1;0;10;20;-8.557035127885975;5;17;0;23;4.320161320381568;0;7;-2.1701591621484773;19
TRACK:1452;1265;1246;5;4;2;2;3;2;16;0;2;1;2;20;-8.901034275638374;17;1;7;4.664417735015341;10;3;3;14;4;5;6;20;-6.226800662655374;5;0;0;5;2;1;22;2.0004101973819672;8;12;6;4;3;16;3;1;3;4;14;5;17;0;5;5;1;3;0;5;10;2;18;24;1;5;6;22;0.10739690027131418;1;2;16;15;0;20;3.834484969531811;20;-1.3856749161789141;5;3;0;2;2;0;16;14;2;24;21;-3.838679504424738;1;0;11;23;4.406245679701284;0;15;25;2;1;0;10;20;-8.756357316226282;5;17;0;5;12;0;7;-2.1313496262408713;19
TRACK:1453;1265;1246;5;4;2;2;3;2;4;6;6;5;17;0;2;1;2;20;-8.897910010646585;17;1;7;4.801828295046646;10;3;3;14;4;5;6;20;-5.748929037802757;5;0;0;5;1;6;11;2;21;9.295267529232772;17;6;4;17;3;1;16;13;0;5;5;1;3;0;5;10;2;18;24;1;5;6;22;-0.06912785821033587;1;2;16;15;0;20;4.111333925081973;20;-1.2375409824811363;5;3;0;2;2;0;16;14;2;24;21;-3.664200344493247;1;0;11;23;4.510752766322976;0;15;25;2;1;14;5;17;0;5;12;0;7;-2.4197891204857624;19
TRACK:1454;1087;1246;5;4;2;2;3;2;4;6;6;5;17;0;2;1;2;20;-9.055238234557521;17;1;7;4.6714100621445755;10;3;3;14;4;5;6;20;-6.184301607843144;5;0;0;5;2;1;22;1.8520591977547043;8;12;6;4;3;16;3;1;3;4;14;2;1;8;7;3.132257535622614;2;14;16;0;5;5;1;3;0;5;10;2;18;24;1;5;6;22;0.018222364920325473;1;2;16;15;0;20;3.950159029101806;20;-1.3237465858486015;5;3;0;2;2;0;16;16;2;24;21;-3.843496344262961;1;0;11;23;4.397454443347297;0;15;25;2;1;0;10;20;-8.685644612938242;5;17;0;5;12;0;7;-2.230021524979761;19
TRACK:1455;1087;1246;5;4;2;2;3;2;4;6;6;5;17;0;2;1;2;20;-8.897910010646585;17;1;7;4.801828295046646;10;3;3;14;4;5;6;20;-5.748929037802757;5;0;0;5;1;6;11;2;21;9.295267529232772;17;6;4;3;16;3;1;16;13;0;5;5;1;3;0;5;10;2;18;24;1;5;6;22;-0.06912785821033587;1;2;16;15;0;20;4.111333925081973;20;-1.2375409824811363;5;3;0;2;2;0;16;14;2;24;21;-3.664200344493247;1;0;11;23;4.510752766322976;0;15;25;2;1;14;5;17;0;5;12;0;7;-2.4197891204857624;19
TRACK:1456;1440;1265;5;4;2;2;3;2;4;6;6;5;17;0;2;1;2;20;-9.151565213005426;13;1;7;4.515646770533826;10;3;3;14;4;5;5;17;5;0;0;5;2;1;22;1.784230314099206;8;12;6;4;3;16;3;1;3;4;14;2;1;8;7;2.7948432455112804;2;14;20;5.12265884321028;0;5;17;5;3;0;6;3;6;7;-2.092144522948952;2;1;0;7;3.139178719153057;20;-8.456010430205646;5;17;0;5;12;0;7;-1.9942997442988224;19
TRACK:1457;1440;1265;5;4;2;2;3;2;4;6;6;6;19;0;2;1;2;20;-8.901034275638374;17;1;7;4.664417735015341;10;3;3;14;5;17;5;0;0;5;2;1;22;2.0004101973819672;8;12;6;4;3;16;3;1;3;4;14;5;17;0;5;5;1;3;0;5;10;2;18;24;1;5;6;22;0.10739690027131418;1;2;16;15;0;20;3.834484969531811;20;-1.3856749161789141;5;3;0;2;2;0;16;14;2;24;21;-3.838679504424738;1;0;11;23;4.406245679701284;0;15;25;2;1;0;10;20;-8.756357316226282;5;17;0;5;12;0;7;-2.1313496262408713;19
TRACK:1458;1087;1401;5;4;2;2;3;2;4;6;6;5;17;0;2;1;2;20;-9.055238234557521;17;1;7;4.6714100621445755;10;3;3;14;4;5;6;20;-6.184301607843144;5;0;0;5;2;1;22;1.8520591977547043;8;12;6;4;3;16;3;1;3;4;14;2;1;8;7;3.132257535622614;2;14;16;0;5;5;1;3;0;5;10;2;18;24;1;14;1;2;16;15;0;20;3.950159029101806;20;-1.3237465858486015;5;3;0;2;2;0;16;14;2;24;21;-3.843496344262961;1;0;11;23;4.397454443347297;0;15;25;2;1;0;10;20;-8.685644612938242;5;17;0;5;12;0;7;-2.230021524979761;19
TRACK:1459;1087;1401;5;4;2;2;3;2;4;6;6;5;17;0;2;1;2;20;-9.113715300029808;17;1;7;4.703308406788663;10;3;3;14;4;5;6;20;-6.248056602725701;5;0;0;5;1;6;11;2;21;9.222585166565088;17;6;4;3;16;3;1;3;4;14;2;1;8;7;3.1985248013178778;2;14;16;0;5;5;0;8;14;5;1;0;10;20;-8.685644612938242;5;17
TRACK:1460;1401;-1;5;4;2;2;3;2;4;6;6;5;17;0;2;1;2;20;-9.06477218288597;17;1;7;4.825514447589394;10;3;3;14;4;5;6;20;-6.1310058843038;5;0;0;5;1;6;11;2;21;9.395658029205956;17;6;4;3;16;3;1;3;4;14;2;1;8;7;3.1463449772862386;2;14;16;0;5;5;0;8;14;5;3;0;2;2;0;16;14;2;24;21;-3.7383369705166256;1;0;11;23;4.366119380479027;0;15;25;2;1;14;5;17;0;5;12;5;12
TRACK:1461;1452;-1;5;4;2;2;3;2;16;0;2;1;2;20;-8.946315617759218;17;1;7;4.625174551031156;10;3;3;14;4;5;6;20;-6.237617580898571;5;0;0;5;2;1;22;1.970957722870296;8;12;6;4;3;16;3;1;3;4;14;5;17;2;4;6;3;0;6;18;2;13;11;1;2;5;6;0;11;23;7.513008260814118;1;4;5;24;0;0;16;22;6.857538363528402;0;22;8.356491156023125;13;6;5;3;4;19
TRACK:1462;1454;-1;5;4;2;2;3;2;4;6;6;5;17;0;2;1;2;20;-9.080590293306319;17;1;7;4.685229751839888;10;3;3;14;4;5;6;20;-6.21988015552858;5;0;0;5;2;1;22;2.0068014814914688;8;12;6;4;3;16;3;1;3;4;14;2;1;8;7;3.2465474988899623;2;14;16;0;5;5;1;3;0;5;10;2;18;24;1;5;6;22;0.1365725547628684;1;2;16;15;0;20;3.8368599035748496;20;-1.3947178237562594;5;3;0;2;2;0;16;16;2;24;21;-3.8707858839492637;2;2;20;-5.700660531236881;14;0;21;-0.12699041630983743;16;2;1;0;10;20;-8.734536080805606;5;17;0;5;12;0;7;-2.2453665045097337;19
TRACK:1463;1456;-1;5;4;2;5;0;1;4;2;5;0;19;15;3;1;18;21;2.1270760231651806;1;6;6;3;8;1;0;3;13;3;18;1;4;22;7.8801779618871635;6;10;4;0;0;6;0;12;24;0;6;9;3;16;2;1;2;15;12;5;22;3.219833634679457;1;6;9;5;22;-2.1949410395836155;0;5;17;5;3;0;6;3;6;7;-2.156179197092227;2;1;0;7;3.0813473725162237;20;-8.64039744986243;5;17;0;5;12;0;7;-1.9490739112840056;19
TRACK:1464;1458;-1;5;4;2;2;3;2;4;5;3;21;-4.613205096397428;0;2;1;2;20;-8.955555651836544;17;1;7;4.668099931406894;10;3;3;14;4;5;6;20;-6.20147272161775;5;0;0;5;2;1;22;1.7700444548506267;8;12;6;4;3;16;3;1;3;4;14;2;1;8;7;3.040188112452318;2;14;16;0;5;5;1;3;0;5;10;2;18;24;1;14;1;2;16;15;0;20;3.840831330813854;20;-1.207437489196017;5;3;0;2;2;0;16;14;2;24;21;-3.83793080277197;1;0;11;23;4.201391358091112;0;15;25;2;1;0;10;20;-8.621371737308044;5;17;0;5;12;0;7;-2.1423476302182918;19
TRACK:1465;1068;-1;5;4;2;2;3;2;4;6;6;5;17;0;2;1;2;20;-9.161062786565155;13;1;7;4.528019379069978;10;3;3;14;4;5;6;20;-6.044911390768916;5;0;0;5;6;10;6;4;3;16;3;1;3;4;14;2;1;8;7;2.7512308691544707;2;14;20;5.299475652921544;0;5;5;1;3;0;5;10;2;18;24;1;5;6;22;-0.03551412367621679;1;2;16;15;0;12;20;-1.360697974024304;5;3;0;2;2;0;16;14;2;24;15;1;0;25;23;4.349037827381106;0;15;25;2;1;0;10;20;-8.66498615287643;5;17;0;5;12;0;7;-2.089257901626913;19
TRACK:1466;1453;-1;5;4;2;2;3;2;4;6;6;5;17;0;2;1;2;20;-8.837466081195753;17;1;7;4.71090067664345;10;3;3;14;4;5;6;20;-5.700644961194551;5;0;0;5;1;6;15;2;21;9.213766007959137;17;6;4;17;3;1;16;13;0;5;5;1;3;0;5;10;2;18;24;1;5;6;22;0.0568187872796643;1;2;16;15;0;20;4.068574265247497;20;-1.369160185610773;5;3;0;2;2;0;16;14;2;24;21;-3.8752477621474877;1;0;11;23;4.568218513763478;0;15;25;2;1;14;5;17;0;5;12;0;7;-2.6382417143605896;19
TRACK:1467;1455;-1;5;4;2;2;3;2;4;6;6;5;17;0;2;1;2;20;-9.114734454379818;17;1;7;4.665413532097031;10;3;3;14;4;5;6;20;-5.697388962180427;5;0;0;5;1;6;11;2;21;9.131726060035245;17;6;4;3;16;3;1;16;13;0;5;5;1;3;0;8;19;1;5;6;22;0.029618408724047363;1;2;16;15;0;20;4.07654514281442;20;-1.3912703931180985;5;3;0;2;2;0;16;14;2;24;21;-3.669031301172687;1;0;11;23;4.3743119001415405;0;15;25;2;1;14;5;17;0;5;12;0;7;-2.506124329684966;19
TRACK:1468;1457;-1;5;4;2;2;3;2;4;6;6;6;19;6;2;25;14;5;0;0;5;2;1;22;2.029546344631555;8;12;6;4;3;16;3;1;3;4;14;5;17;0;5;5;1;3;0;5;10;2;18;24;1;5;6;22;0.097855280796456;1;2;16;15;0;20;3.7966103747250752;20;-1.2567063886615877;5;3;0;2;2;0;16;14;2;24;21;-3.9831551453233316;1;0;11;23;4.596588934558162;0;15;25;2;1;0;10;20;-8.716199168029915;5;17;0;5;12;0;7;-2.1521916031197548;19
TRACK:1469;1459;-1;5;4;2;2;3;2;4;6;6;5;17;0;2;1;2;20;-9.189549208477509;17;0;15;8;3;3;14;4;5;6;20;-6.147624442299845;5;0;0;5;1;6;11;2;21;9.265087092453022;17;6;4;3;16;3;1;3;4;14;2;1;8;7;3.255879390586382;2;14;16;0;5;5;0;8;14;5;1;0;10;20;-8.521327599171135;5;17
EVAL_INSTANCE:73:0:1460
EVAL_INSTANCE:73:1:1461
EVAL_INSTANCE:73:2:1462
EVAL_INSTANCE:73:3:1463
EVAL_INSTANCE:73:4:1464
EVAL_INSTANCE:73:5:1465
EVAL_INSTANCE:73:6:1466
EVAL_INSTANCE:73:7:1467
EVAL_INSTANCE:73:8:1468
EVAL_INSTANCE:73:9:1469
RUN_RESULT:73:0:0:2000:----
RUN_RESULT:73:1:0:2000:----
RUN_RESULT:73:2:0:2000:----
RUN_RESULT:73:3:0:2000:----
RUN_RESULT:73:4:0:2000:----
RUN_RESULT:73:5:0:2000:----
RUN_RESULT:73:6:0:882:RDRRRDDLDLUUDRRUULLLLDLUUUDRRULRRRRUUR
RUN_RESULT:73:7:0:1120:RDRRRDDLDLUUDRRUULLLLDLUUUDRRULRRDRDRRRDULULUUUR
RUN_RESULT:73:8:0:2000:----
RUN_RESULT:73:9:0:2000:----
    74 |      740 | -3.104200E+03 | -3.206000E+03
TRACK:1470;1466;1087;5;4;2;2;3;2;4;6;6;5;17;0;2;1;2;20;-8.837466081195753;17;1;7;4.71090067664345;10;3;3;14;4;5;6;20;-5.700644961194551;5;0;0;5;1;6;15;2;21;9.213766007959137;17;6;4;17;3;1;16;13;0;5;5;1;3;0;5;10;2;18;24;1;5;6;22;0.0568187872796643;1;2;16;15;0;20;3.950159029101806;20;-1.369160185610773;5;3;0;2;2;0;16;14;2;24;21;-3.8752477621474877;1;0;11;23;4.568218513763478;0;15;25;2;1;14;5;17;0;5;12;0;7;-2.6382417143605896;19
TRACK:1471;1466;1087;5;4;2;2;3;2;4;6;6;5;17;0;2;1;2;20;-9.055238234557521;17;1;7;4.6714100621445755;10;3;3;14;4;5;6;20;-6.184301607843144;5;0;0;5;2;1;22;1.8520591977547043;8;12;6;4;3;16;3;1;3;4;14;2;1;8;7;3.132257535622614;2;14;16;0;5;5;1;3;0;5;10;2;18;24;1;5;6;22;0.018222364920325473;1;2;16;15;0;20;3.950159029101806;20;-1.3237465858486015;5;3;0;2;2;0;16;14;2;24;21;-3.843496344262961;1;2;21;9.213766007959137;17;0;15;25;2;1;0;10;20;-8.685644612938242;5;17;0;5;12;0;7;-2.230021524979761;19
TRACK:1472;1440;1260;5;4;2;2;3;2;4;6;6;5;17;0;2;1;2;20;-9.151565213005426;13;1;7;4.515646770533826;10;3;3;14;4;5;5;17;5;0;0;5;2;1;22;1.784230314099206;8;12;6;4;3;16;3;1;3;4;14;2;1;8;7;2.7948432455112804;2;14;20;5.12265884321028;2;1;0;7;3.1438052726979575;20;-8.575051564861477;5;17;0;5;12;0;7;-2.1934843456196025;19
TRACK:1473;1440;1260;5;4;2;2;3;2;4;6;6;5;17;0;2;1;2;20;-8.99615892349425;13;1;7;4.50927032422309;10;3;3;14;4;5;6;20;-5.787578957106821;5;0;0;5;2;1;22;1.7270880329756513;8;12;6;4;3;16;3;1;3;4;14;2;1;8;7;2.7089621320650483;20;-1.1534326753206372;0;5;5;1;3;0;5;10;2;18;24;1;5;6;22;0.20078652460223506;1;2;16;15;0;12;20;-1.1302581029304593;5;3;0;6;3;6;7;-2.0557017903784853;2;1;0;7;3.1438052726979575;20;-8.575051564861477;5;17;0;5;12;0;7;-2.1934843456196025;19
TRACK:1474;1265;1440;5;4;2;2;3;2;4;6;6;6;19;0;2;1;2;20;-8.901034275638374;17;1;7;4.664417735015341;10;3;3;14;4;5;6;20;-6.226800662655374;5;0;0;5;2;1;22;2.0004101973819672;8;12;6;4;3;16;3;1;3;4;14;5;17;0;5;5;1;3;0;5;10;2;18;24;1;5;6;22;0.10739690027131418;1;2;16;15;0;20;3.834484969531811;20;-1.3856749161789141;5;3;0;2;2;0;16;14;2;24;21;-3.838679504424738;1;0;11;23;4.406245679701284;0;15;25;2;1;0;10;20;-8.756357316226282;5;17;0;5;12;0;7;-2.1313496262408713;12
TRACK:1475;1265;1440;5;4;2;2;3;2;4;6;6;5;17;0;25;4;5;5;17;5;0;0;5;2;1;22;1.784230314099206;8;12;6;4;3;16;3;1;3;4;14;2;1;8;7;2.7948432455112804;2;14;20;5.12265884321028;0;5;5;1;3;0;5;10;2;12;24;1;5;6;22;0.0856747201423155;1;2;16;15;0;12;20;-1.1534326753206372;5;3;0;6;3;6;7;-2.092144522948952;2;1;0;7;3.139178719153057;20;-8.456010430205646;5;17;0;5;12;0;7;-1.9942997442988224;19
TRACK:1476;1068;1401;5;7;-2.4629387453343528
TRACK:1477;1068;1401;5;4;2;2;3;2;4;6;6;5;17;0;2;1;2;20;-9.113715300029808;17;1;7;4.703308406788663;10;3;3;14;4;5;6;20;-6.248056602725701;5;0;0;5;1;6;11;2;21;9.222585166565088;17;6;4;3;16;19;0;5;5;0;8;14;5;3;0;2;2;0;16;14;2;24;21;-3.81033437076356;1;0;11;23;4.320161320381568;0;15;25;2;1;14;5;17;0;5;12;0;7;-2.4629387453343528;19
TRACK:1478;1087;1265;5;4;2;2;3;2;4;6;6;5;17;0;2;1;2;20;-9.055238234557521;17;1;7;4.6714100621445755;10;24;4;5;6;20;-6.184301607843144;5;0;0;5;2;1;22;1.8520591977547043;8;12;6;4;3;16;3;1;3;4;14;2;1;8;7;3.132257535622614;2;14;16;0;5;5;1;3;0;5;10;2;18;24;1;5;6;22;0.018222364920325473;1;2;16;15;0;20;3.950159029101806;20;-1.3237465858486015;5;3;0;2;2;0;16;14;2;24;21;-3.843496344262961;1;0;11;23;4.397454443347297;0;15;25;2;1;0;10;20;-8.685644612938242;5;17;0;5;12;0;7;-2.230021524979761;19
TRACK:1479;1087;1265;5;4;2;2;3;2;4;6;6;6;19;0;2;1;2;20;-8.901034275638374;17;1;7;4.664417735015341;10;3;3;14;4;5;6;20;-6.226800662655374;5;0;0;5;2;1;22;2.0004101973819672;8;12;6;4;3;16;3;1;3;4;14;5;17;0;5;5;1;3;0;5;10;2;18;24;1;5;6;22;0.10739690027131418;1;2;16;15;0;20;3.834484969531811;20;-1.3856749161789141;5;3;0;2;2;0;16;14;2;24;21;-3.838679504424738;1;0;11;23;4.406245679701284;0;15;25;2;1;0;10;20;-8.756357316226282;5;17;0;5;12;0;7;-2.1313496262408713;19
TRACK:1480;1470;-1;5;4;2;2;3;2;4;6;6;5;17;0;2;1;2;20;-8.96385176290682;17;1;7;4.6615796053606315;10;3;3;14;4;5;6;20;-5.628082085993477;5;0;0;5;1;6;15;2;21;9.112850056546058;17;6;4;17;3;1;16;13;0;5;5;1;3;0;5;10;2;18;24;1;5;6;22;0.2530716902298443;1;2;16;15;0;20;3.827421837799833;20;-1.2122021672165828;5;3;0;2;2;0;16;14;2;24;21;-3.7274766620522017;1;0;11;23;4.518901461955306;0;15;25;2;1;14;5;17;0;5;12;0;13;19
TRACK:1481;1472;-1;5;4;2;2;3;2;4;6;6;5;17;0;2;1;2;20;-9.17446076469126;13;1;7;4.490664984742583;10;3;3;14;4;5;5;17;5;0;0;5;2;1;22;1.9162404242371527;8;12;6;4;3;16;3;1;3;4;12;2;1;8;7;2.7853447822077966;2;14;20;5.085673806452598;2;1;0;7;3.1701912565351775;20;-8.567729350550257;5;17;0;5;12;0;7;-2.1186088174881266;19
TRACK:1482;1474;-1;5;4;2;2;3;2;4;6;6;6;19;0;2;1;2;20;-8.905076343126451;17;1;7;4.528051554759998;10;3;3;14;5;10;5;0;0;5;2;1;22;2.032902523537895;8;12;6;4;3;16;3;1;3;4;14;5;17;0;5;5;1;3;0;5;10;2;18;24;1;5;6;22;0.12490089784309583;1;2;16;15;0;20;3.9189420313327705;20;-1.2808614267938905;5;3;0;2;2;0;16;14;2;24;21;-3.825429406154395;1;0;11;23;4.516387461063619;0;15;25;2;1;0;10;20;-8.713095581137713;5;17;0;5;12;0;7;-1.98747405635257;12
TRACK:1483;1476;-1;5;2;1;8;9;2;23;-1.2513900951793566;23;-7.911414078758135
TRACK:1484;1478;-1;5;4;2;2;3;2;4;6;6;5;17;0;2;1;2;20;-8.827220938236813;17;1;7;4.747136029166975;10;24;4;5;6;20;-6.238516310000539;5;5;16;0;5;5;1;3;0;5;10;2;18;24;1;5;6;22;0.07387978842646256;1;2;16;15;0;20;4.085268428025921;20;-1.4413655540124681;5;3;0;2;2;0;16;14;2;24;21;-3.840155295702626;1;0;11;23;4.344883394990435;0;15;25;2;1;0;10;20;-8.509928406935785;5;17;0;5;12;0;7;-2.2489560838937406;19
TRACK:1485;1471;-1;5;4;2;2;3;2;4;6;6;5;17;0;2;1;2;20;-9.190451410964208;17;1;7;4.745619849799014;10;3;3;14;4;5;6;20;-6.240646932127567;5;0;0;5;2;1;22;1.8049075277711673;8;12;6;4;3;16;3;1;3;4;14;2;1;8;7;3.1379112888351584;2;14;16;0;5;5;1;3;0;5;10;2;18;24;4;25;5;3;0;2;2;0;16;14;2;24;21;-3.8666399012574653;1;2;21;9.472933015421862;17;0;15;25;2;1;0;10;20;-8.746638856480438;5;17;0;5;12;0;7;-2.37311589981991;19
TRACK:1486;1473;-1;5;4;2;2;3;2;4;6;1;6;9;1;18;24;0;2;1;2;20;-8.934484024184604;13;1;7;4.492851824795244;10;3;3;14;4;5;6;20;-5.685753827947022;5;0;0;5;2;1;22;1.8017082856493547;8;12;6;4;3;16;3;1;3;4;14;2;1;8;7;2.777444455484731;20;-1.0678732773995991;0;5;5;1;3;0;5;10;2;18;24;1;5;6;22;0.2747624038183987;1;2;16;15;0;12;20;-1.1344821940896197;5;3;0;6;3;6;7;-2.123070292647608;2;1;0;7;3.2416549149865523;20;-8.671473929757848;5;17;0;5;12;0;7;-2.250414458662798;19
TRACK:1487;1475;-1;5;4;2;2;3;2;4;6;1;18;18;0;25;4;5;5;17;5;0;0;5;2;1;22;1.7997208706654122;8;12;6;4;3;16;3;1;3;4;14;2;1;8;7;2.9002993091264866;2;14;20;5.312750956691012;0;5;5;1;3;0;5;10;2;12;24;1;5;6;22;0.19973973964049335;1;2;16;15;0;12;20;-1.0870770126881102;5;3;0;6;3;6;7;-2.041157185328326;2;1;0;7;3.202703485238439;20;-8.491016977658942;5;17;0;5;12;0;7;-2.076300765345915;19
TRACK:1488;1477;-1;5;4;2;2;3;2;4;6;6;5;17;0;2;1;2;20;-9.041802528401595;17;1;7;4.739410733324497;10;3;3;14;4;5;6;20;-6.182782649320202;5;0;0;5;1;6;11;2;21;8.999716542814832;17;6;4;3;16;19;0;5;5;0;8;14;5;3;0;2;2;0;16;14;3;14;1;0;11;23;4.352017099081387;0;15;25;2;1;14;5;17;0;5;12;0;7;-2.1808327740506694;19
TRACK:1489;1479;-1;5;4;2;2;3;2;4;6;6;6;19;0;2;1;2;20;-9.010279894054097;17;1;7;4.6237380062752;10;3;3;14;4;5;6;20;-6.24887818315389;5;0;0;5;2;1;22;1.9369469362348744;8;12;6;4;3;16;3;1;3;4;14;5;17;0;5;5;1;3;0;5;10;2;18;24;1;5;6;22;-0.06880829019848081;1;2;16;22;-2.295051454685632;0;20;3.910121192614553;20;-1.1903918860307974;5;3;0;2;2;0;16;14;2;24;21;-4.020486504443149;1;0;11;23;4.527829129219354;0;15;25;2;1;0;10;20;-8.691767628595127;5;17;0;5;12;0;7;-2.066555698276082;19
EVAL_INSTANCE:74:0:1480
EVAL_INSTANCE:74:1:1481
EVAL_INSTANCE:74:2:1482
EVAL_INSTANCE:74:3:1483
EVAL_INSTANCE:74:4:1484
EVAL_INSTANCE:74:5:1485
EVAL_INSTANCE:74:6:1486
EVAL_INSTANCE:74:7:1487
EVAL_INSTANCE:74:8:1488
EVAL_INSTANCE:74:9:1489
RUN_RESULT:74:0:0:2000:----
RUN_RESULT:74:1:0:2000:----
RUN_RESULT:74:2:0:2000:----
RUN_RESULT:74:3:0:2000:----
RUN_RESULT:74:4:0:920:RDRRRDDLDLUUDRRUULLLLDLUUUDRRULRRRRUUR
RUN_RESULT:74:5:0:2000:----
RUN_RESULT:74:6:0:906:RRDRRDRDRUDLLLDLUUDRRUULLLLDLUUUDRRULRRRRUUR
RUN_RESULT:74:7:0:2000:----
RUN_RESULT:74:8:0:2000:----
RUN_RESULT:74:9:0:2000:----
    75 |      750 | -3.110800E+03 | -3.206000E+03
TRACK:1490;1486;1401;5;4;2;2;3;2;4;6;1;6;9;1;18;24;0;2;1;2;20;-8.934484024184604;13;1;7;4.492851824795244;10;3;3;14;4;5;6;20;-5.685753827947022;2;1;8;7;3.1985248013178778;2;14;16;0;5;5;1;3;0;5;10;2;18;24;1;5;6;22;0.2747624038183987;1;2;16;15;0;12;20;-1.1344821940896197;5;3;0;6;3;6;7;-2.123070292647608;2;1;0;7;3.2416549149865523;20;-8.671473929757848;5;17;0;5;12;0;7;-2.250414458662798;19
TRACK:1491;1486;1401;5;4;2;2;3;2;4;6;6;5;17;0;2;1;2;20;-9.113715300029808;17;1;7;4.703308406788663;10;3;3;14;4;5;6;20;-6.248056602725701;5;0;0;5;1;6;11;2;21;9.222585166565088;17;6;4;3;16;3;1;3;4;14;2;1;8;7;3.1985248013178778;2;14;16;0;5;5;0;8;14;5;3;0;2;2;0;16;14;2;24;21;-3.81033437076356;1;0;11;23;4.320161320381568;0;15;25;2;1;14;5;17;0;5;12;0;7;-2.4629387453343528;19
TRACK:1492;1087;1265;5;4;2;2;0;5;2;1;22;2.0004101973819672;8;12;6;4;3;16;5;0;0;5;2;1;22;1.8520591977547043;8;12;6;4;3;16;3;1;3;4;14;2;1;8;7;3.132257535622614;2;14;16;0;5;5;1;3;0;5;10;2;18;24;1;5;6;22;0.018222364920325473;1;2;16;15;0;20;3.950159029101806;20;-1.3237465858486015;5;3;0;2;2;0;16;14;2;24;21;-3.843496344262961;1;0;11;23;4.397454443347297;0;15;25;2;1;0;10;20;-8.685644612938242;5;17;0;5;12;0;7;-2.230021524979761;19
TRACK:1493;1087;1265;5;4;2;2;3;2;4;6;6;6;19;0;2;1;2;20;-8.901034275638374;17;1;7;4.664417735015341;10;3;3;14;4;5;6;20;-6.226800662655374;5;0;0;5;2;1;22;2.0004101973819672;8;12;6;4;3;16;3;1;3;0;20;3.950159029101806;20;-1.3237465858486015;5;17;0;5;5;1;3;0;5;10;2;18;24;1;5;6;22;0.10739690027131418;1;2;16;15;0;20;3.834484969531811;20;-1.3856749161789141;5;3;0;2;2;0;16;14;2;24;21;-3.838679504424738;1;0;11;23;4.406245679701284;0;15;25;2;1;0;10;20;-8.756357316226282;5;17;0;5;12;0;7;-2.1313496262408713;19
TRACK:1494;1466;1440;5;2;1;2;20;-9.151565213005426;13;1;7;4.515646770533826;10;3;3;14
TRACK:1495;1466;1440;5;4;0;2;2;0;16;14;2;24;21;-3.8752477621474877;1;0;11;23;4.568218513763478;0;15;25;2;1;14;5;17;0;5;12;0;7;-2.6382417143605896;19
TRACK:1496;1486;1265;5;4;2;2;3;2;4;6;1;6;9;1;18;24;0;2;1;2;20;-8.934484024184604;13;1;7;4.492851824795244;10;3;3;14;4;5;6;20;-5.685753827947022;5;0;0;5;2;1;22;1.8017082856493547;8;12;6;4;3;16;3;1;3;4;14;2;1;8;7;2.777444455484731;20;-1.0678732773995991;0;5;5;1;3;0;5;10;2;18;25;1;5;6;22;0.2747624038183987;1;2;16;15;0;12;20;-1.1344821940896197;5;3;0;6;3;6;7;-2.123070292647608;2;1;0;7;3.2416549149865523;20;-8.671473929757848;5;17;0;5;12;0;7;-2.250414458662798;19
TRACK:1497;1486;1265;5;4;2;2;3;2;4;6;6;6;19;0;2;1;2;20;-8.901034275638374;17;1;7;4.664417735015341;10;3;3;14;4;5;6;20;-6.226800662655374;5;0;0;5;2;1;22;2.0004101973819672;8;12;6;4;3;16;3;1;3;4;14;5;17;0;5;5;1;3;0;5;10;2;18;24;1;5;6;22;0.10739690027131418;1;2;16;15;0;20;3.834484969531811;20;-1.3856749161789141;5;3;0;2;2;0;16;14;2;24;21;-3.838679504424738;1;0;11;23;4.406245679701284;0;15;25;2;1;0;10;20;-8.756357316226282;5;17;0;19;0;7;-2.1313496262408713;19
TRACK:1498;1087;1401;5;4;2;2;3;2;4;6;6;11;0;2;1;2;20;-9.055238234557521;17;1;7;4.6714100621445755;10;3;3;14;4;5;6;20;-6.184301607843144;5;0;0;5;2;1;22;1.8520591977547043;8;12;6;4;3;16;3;1;3;4;14;2;1;8;7;3.132257535622614;2;14;16;0;5;5;1;3;0;5;10;2;18;24;1;5;6;22;0.018222364920325473;1;2;16;15;0;20;3.950159029101806;20;-1.3237465858486015;5;3;0;2;2;0;16;14;2;24;21;-3.843496344262961;1;0;11;23;4.397454443347297;0;15;25;2;1;0;10;20;-8.685644612938242;5;17;0;5;12;0;7;-2.230021524979761;19
TRACK:1499;1087;1401;5;4;2;2;3;2;4;6;6;5;17;0;2;1;2;20;-9.113715300029808;17;1;7;4.703308406788663;10;3;3;14;4;5;6;20;-6.248056602725701;5;0;0;5;1;6;11;2;21;9.222585166565088;17;6;4;3;16;3;1;3;4;14;2;1;8;7;3.1985248013178778;2;14;16;0;5;5;0;8;14;5;14
TRACK:1500;1486;-1;5;4;2;2;3;2;4;6;1;6;9;1;18;24;0;2;1;2;20;-9.022304353102317;13;1;7;4.443512860354779;10;3;3;14;4;5;6;20;-5.63158261953015;5;0;0;5;2;1;22;2.0678341579964536;8;12;6;4;3;16;3;4;2;11;24;0;5;5;1;3;0;5;10;2;18;24;1;5;6;22;0.2670236016114467;1;2;16;15;0;12;20;-1.01905446853352;5;3;0;6;3;6;7;-2.098221981362301;2;1;0;7;3.1135158889812593;20;-8.670068169658935;5;17;0;5;12;0;7;-2.169385118294086;19
TRACK:1501;1492;-1;5;4;2;2;0;5;2;1;22;2.0250144714667613;8;12;6;4;3;16;5;0;0;5;2;1;22;1.8307838489368347;8;12;6;4;3;16;3;1;3;4;14;2;1;8;7;3.1934134210293306;2;14;16;0;5;5;1;3;0;5;10;2;18;24;1;5;6;22;0.09154669665372377;1;2;16;15;0;20;3.9391425392479715;20;-1.4147724712513015;5;3;0;2;2;0;16;14;2;24;13;1;0;11;23;4.375004696614806;0;15;25;2;1;0;10;20;-8.602255661447321;5;17;0;5;12;0;7;-2.137587958171899;19
TRACK:1502;1494;-1;5;2;1;2;20;-9.088952958300183;13;1;7;4.644394400934112;10;3;6;2;3;1;1;6;15;5;17;0;1;18;24;4;21;6.582760981066343;4;4;5;3;9
TRACK:1503;1496;-1;5;4;2;2;3;2;4;6;1;6;9;1;18;24;0;2;1;2;20;-8.73909317039689;13;1;7;4.556393751898163;10;0;0;13;22;-7.681216981356895;5;13;4;5;6;20;-5.930063572852533;5;0;0;5;2;1;22;1.741688979401501;8;12;6;4;3;16;3;1;3;4;14;2;1;8;7;2.904364479306388;20;-0.8121841871436691;0;5;5;1;3;0;5;10;2;18;25;1;5;6;22;0.17181423334204493;1;2;16;15;0;12;20;-1.1283020995977113;5;3;0;6;3;6;7;-2.0940312468546494;2;1;0;7;3.2557768256461173;20;-8.732373627482577;5;17;0;5;12;0;7;-2.234204407888911;19
TRACK:1504;1498;-1;5;4;2;2;3;2;4;6;6;11;0;2;1;2;20;-9.053687562297172;17;1;7;4.807447393467699;10;3;3;14;4;5;6;20;-6.282373910002446;5;0;0;5;2;1;22;2.059779664367247;8;12;6;4;3;16;3;1;3;4;14;2;1;8;7;3.178463148926322;2;14;16;0;5;5;1;3;0;5;10;2;18;24;1;5;6;22;0.0020392666399534146;1;2;16;15;0;20;3.867124883080391;20;-1.40272455295684;5;3;0;2;2;0;16;14;2;24;21;-3.7568369477588646;1;0;11;23;4.2758403522166235;0;15;25;2;1;0;10;20;-8.713183715758458;5;17;4;25
TRACK:1505;1401;-1;5;4;2;2;3;2;4;6;6;5;17;0;2;1;2;20;-9.296398131901002;17;1;7;4.598342159525588;10;3;3;14;4;5;6;20;-6.286279774668663;5;0;0;5;1;6;11;2;21;9.281502549882708;17;6;4;3;16;3;1;3;4;14;2;1;8;7;3.097924435739668;2;14;16;0;5;5;0;8;14;5;3;0;2;2;0;16;14;2;24;21;-3.8444350215070293;1;0;11;23;4.252961358970883;0;15;25;2;1;14;5;15;0;5;12;0;7;-2.418847662400763;19
TRACK:1506;1493;-1;5;4;2;2;3;2;4;6;6;6;19;0;2;1;2;20;-8.882644688191913;17;1;7;4.69948263707351;10;3;3;14;4;5;6;20;-6.117313549172262;5;0;0;5;2;1;22;1.9665065764701415;8;12;6;4;3;16;3;1;3;0;20;3.9282490599775266;20;-1.3763982251624232;5;17;0;5;5;1;3;0;5;10;2;18;24;1;5;6;22;0.14793136839106164;1;2;16;15;0;20;3.665941301431699;20;-1.3453537495139727;5;3;0;2;2;0;16;14;2;24;21;-3.7998523331750467;1;0;11;23;4.500702786912903;0;15;25;2;1;0;10;20;-8.6329297684791;5;17;0;5;12;0;11;19
TRACK:1507;1495;-1;5;4;0;2;2;0;16;14;2;24;21;-3.9273817984452273;1;0;11;23;4.62718189401496;0;15;25;2;1;14;5;17;0;5;12;0;7;-2.6802912944330117;3;2;3;3;20;-5.525155892799301;6;0;18;7;-6.980991062851856
TRACK:1508;1497;-1;5;4;2;2;3;2;4;6;6;6;19;0;2;1;2;20;-9.041659524804544;17;1;7;4.78554937859785;10;3;3;7;-6.327955660352096;4;5;6;20;-6.138994503266327;5;0;0;5;2;1;22;1.94220417474535;8;12;6;4;3;16;3;1;3;4;14;5;17;0;5;5;1;3;0;5;10;2;18;24;1;5;6;22;0.3129078295813714;1;2;16;15;0;20;3.8436859696870176;20;-1.357491978401641;5;3;0;2;2;0;16;14;2;24;21;-3.777161673298513;1;0;11;23;4.269650206143676;0;15;25;2;1;0;10;20;-8.748884256570221;5;17;0;19;0;7;-2.1185710914693177;19
TRACK:1509;1499;-1;5;4;2;2;3;2;4;3;1;5;14;6;14;0;2;1;2;20;-9.066700341972398;17;1;7;4.7196014198986544;10;3;3;14;4;5;6;20;-6.204654936370858;5;0;0;5;1;6;11;2;21;9.27522822482222;17;6;4;3;16;3;1;3;4;14;2;1;8;7;2.9361904645059678;2;14;16;0;5;5;0;8;14;5;14
EVAL_INSTANCE:75:0:1500
EVAL_INSTANCE:75:1:1501
EVAL_INSTANCE:75:2:1502
EVAL_INSTANCE:75:3:1503
EVAL_INSTANCE:75:4:1504
EVAL_INSTANCE:75:5:1505
EVAL_INSTANCE:75:6:1506
EVAL_INSTANCE:75:7:1507
EVAL_INSTANCE:75:8:1508
EVAL_INSTANCE:75:9:1509
RUN_RESULT:75:0:0:2000:----
RUN_RESULT:75:1:0:2000:----
RUN_RESULT:75:2:0:2000:----
RUN_RESULT:75:3:0:2000:----
RUN_RESULT:75:4:0:2000:----
RUN_RESULT:75:5:0:1636:RDRRRDDLDLUUDRRUULLLLDLUUUDRRULRRRRUUR
RUN_RESULT:75:6:0:2000:----
RUN_RESULT:75:7:0:2000:----
RUN_RESULT:75:8:0:2000:----
RUN_RESULT:75:9:0:2000:----
    76 |      760 | -3.110800E+03 | -3.206000E+03
TRACK:1510;1466;1087;5;4;2;2;3;2;4;6;6;5;17;0;2;1;2;20;-8.837466081195753;17;1;7;4.71090067664345;10;3;3;14;4;5;6;20;-5.700644961194551;5;0;0;5;1;6;15;2;21;9.213766007959137;17;6;4;17;3;1;16;13;0;5;5;1;3;1;7;4.6714100621445755;10;1;5;6;22;0.0568187872796643;1;2;16;15;0;20;4.068574265247497;20;-1.369160185610773;5;3;0;2;2;0;16;14;2;24;21;-3.8752477621474877;1;0;11;23;4.568218513763478;0;15;25;2;1;14;5;17;0;5;12;0;7;-2.6382417143605896;19
TRACK:1511;1466;1087;5;4;2;2;3;2;4;6;6;5;17;0;2;1;2;20;-9.055238234557521;17;1;7;4.6714100621445755;10;3;3;14;4;5;6;20;-6.184301607843144;5;0;0;5;2;1;22;1.8520591977547043;8;12;6;4;3;16;3;1;3;4;14;2;1;8;7;3.132257535622614;2;14;16;0;5;5;1;3;0;5;10;2;18;24;1;5;6;22;0.018222364920325473;1;2;16;15;0;20;3.950159029101806;20;-1.3237465858486015;5;3;0;2;2;0;16;14;2;24;21;-3.843496344262961;1;0;11;23;4.397454443347297;0;15;25;2;1;0;10;20;-8.685644612938242;5;17;0;5;12;0;7;-2.230021524979761;15
TRACK:1512;1484;1486;5;4;2;2;3;2;4;6;6;5;17;0;2;1;2;20;-8.827220938236813;17;1;12;10;24;4;5;6;20;-6.238516310000539;5;5;16;0;5;5;1;3;0;5;10;2;18;24;1;5;6;22;0.07387978842646256;1;2;16;15;0;20;4.085268428025921;20;-1.4413655540124681;5;3;0;2;2;0;16;14;2;24;21;-3.840155295702626;1;0;11;23;4.344883394990435;0;15;25;2;1;0;10;20;-8.509928406935785;5;17;0;5;12;0;7;-2.2489560838937406;19
TRACK:1513;1484;1486;5;4;2;2;3;2;4;6;1;6;9;1;18;24;0;2;1;2;20;-8.934484024184604;13;1;7;4.492851824795244;10;3;3;20;4.085268428025921;4;5;6;20;-5.685753827947022;5;0;0;5;2;1;22;1.8017082856493547;8;12;6;4;3;16;3;1;3;4;14;2;1;8;7;2.777444455484731;20;-1.0678732773995991;0;5;5;1;3;0;5;10;2;18;24;1;5;6;22;0.2747624038183987;1;2;16;15;0;12;20;-1.1344821940896197;5;3;0;6;3;6;7;-2.123070292647608;2;1;0;7;3.2416549149865523;20;-8.671473929757848;5;17;0;5;12;0;7;-2.250414458662798;19
TRACK:1514;1265;1087;5;4;2;2;3;2;4;6;6;6;19;0;2;1;2;20;-8.901034275638374;17;1;7;4.664417735015341;10;3;3;14;4;5;6;20;-6.226800662655374;5;0;0;5;2;1;22;2.0004101973819672;8;12;6;4;3;16;3;1;3;4;14;5;17;0;5;5;1;3;0;5;10;2;18;24;1;5;6;22;0.10739690027131418;1;2;7;3.132257535622614;15;0;20;3.834484969531811;20;-1.3856749161789141;5;3;0;2;2;0;16;14;2;24;21;-3.838679504424738;1;0;11;23;4.406245679701284;0;15;25;2;1;0;10;20;-8.756357316226282;5;17;0;5;12;0;7;-2.1313496262408713;19
TRACK:1515;1265;1087;5;4;2;2;3;2;4;6;6;5;17;0;2;1;2;20;-9.055238234557521;17;1;7;4.6714100621445755;10;3;3;14;4;5;6;20;-6.184301607843144;5;0;0;5;2;1;22;1.8520591977547043;8;12;6;4;3;16;3;1;3;4;14;2;1;8;7;3.132257535622614;2;14;16;0;5;5;1;3;0;5;10;2;18;24;1;5;6;22;0.018222364920325473;1;2;16;15;0;20;3.950159029101806;20;-1.3237465858486015;5;3;0;2;2;0;16;14;2;24;21;-3.843496344262961;1;6;20;-6.226800662655374;0;15;25;2;1;0;10;20;-8.685644612938242;5;17;0;5;12;0;7;-2.230021524979761;19
TRACK:1516;1440;1486;5;4;2;2;3;2;4;6;6;5;17;0;2;1;2;20;-9.151565213005426;13;1;7;4.515646770533826;10;3;3;14;4;5;5;17;5;0;0;5;2;1;22;1.784230314099206;8;12;6;4;3;16;6;7;-2.123070292647608;0;5;5;1;3;0;5;10;2;12;24;1;5;6;22;0.0856747201423155;1;2;16;15;0;12;20;-1.1534326753206372;5;3;0;6;3;6;7;-2.092144522948952;2;1;0;7;3.139178719153057;20;-8.456010430205646;5;17;0;5;12;0;7;-1.9942997442988224;19
TRACK:1517;1440;1486;5;4;2;2;3;2;4;6;1;6;9;1;18;24;0;2;1;2;20;-8.934484024184604;13;1;7;4.492851824795244;10;3;3;14;4;5;6;17;5;0;0;5;2;1;22;1.8017082856493547;8;12;6;4;3;16;3;1;3;4;14;2;1;8;7;2.777444455484731;20;-1.0678732773995991;0;5;5;1;3;0;5;10;2;18;24;1;5;6;22;0.2747624038183987;1;2;16;15;0;12;20;-1.1344821940896197;5;3;0;6;3;6;7;-2.123070292647608;2;1;0;7;3.2416549149865523;20;-8.671473929757848;5;17;0;5;12;0;7;-2.250414458662798;19
TRACK:1518;1466;1401;5;4;2;2;3;2;4;6;6;5;17;0;2;1;2;20;-8.837466081195753;17;1;7;4.71090067664345;10;3;3;14;4;5;6;20;-5.700644961194551;5;0;0;5;1;6;15;2;21;9.213766007959137;17;6;4;17;3;5;17;0;5;5;1;3;0;5;10;2;18;24;1;5;6;22;0.0568187872796643;1;2;16;15;0;20;4.068574265247497;20;-1.369160185610773;5;3;0;2;2;0;16;14;2;24;21;-3.8752477621474877;1;0;11;23;4.568218513763478;0;15;25;2;1;14;5;17;0;5;12;0;7;-2.6382417143605896;19
TRACK:1519;1466;1401;5;4;2;2;3;2;4;6;6;5;17;0;2;1;2;20;-9.113715300029808;17;1;7;4.703308406788663;10;3;3;14;4;5;6;20;-6.248056602725701;5;0;0;5;1;6;11;2;21;9.222585166565088;17;6;4;3;16;3;1;3;4;14;2;1;8;7;3.1985248013178778;2;14;16;0;5;5;0;20;-5.700644961194551;14;5;3;0;2;2;0;16;14;2;24;21;-3.81033437076356;1;0;11;23;4.320161320381568;0;15;25;2;1;14;5;17;0;5;12;0;7;-2.4629387453343528;19
TRACK:1520;1510;-1;5;4;2;2;3;2;4;6;6;5;17;0;2;1;2;20;-8.677867713008162;17;1;7;4.664861797901617;10;3;3;14;4;5;6;20;-5.749529711209326;5;0;0;5;1;6;15;2;21;9.315339729789613;17;6;4;17;3;1;16;13;0;5;5;1;3;1;7;4.686625530584471;10;1;5;6;22;0.09110453651399295;1;2;16;15;0;20;4.2065481517797005;20;-1.345385079682952;5;3;0;2;2;0;16;14;2;24;21;-3.8713048940587025;1;0;11;23;4.629069513720835;0;15;25;2;1;14;5;17;5;5;18
TRACK:1521;1512;-1;5;6;19
TRACK:1522;1514;-1;5;4;2;2;3;2;4;6;6;6;19;0;2;1;2;20;-8.921868799053353;17;1;7;4.581293948420526;10;3;3;14;4;5;6;20;-6.321075342183214;5;0;0;5;2;1;22;1.9997098742995452;8;12;6;4;3;16;3;1;3;4;14;5;17;0;5;5;1;3;0;5;10;2;18;24;1;5;6;22;-0.14169426057985057;1;2;7;3.2414044852904884;15;0;20;3.8954537153889044;20;-1.1302684696258198;5;3;0;2;2;0;23;-0.8515131137446694;14;2;24;21;-3.7790719999144304;1;0;11;23;4.6166307926376255;0;15;25;2;1;0;10;20;-8.667828174657107;5;17;0;5;12;0;7;-2.191886244655187;19
TRACK:1523;1516;-1;5;4;2;2;3;2;4;6;6;5;17;0;2;1;2;20;-9.181775705848636;13;1;7;4.583572513069281;10;3;3;14;4;5;5;17;5;0;0;5;2;1;22;1.7655543215768756;8;12;6;4;3;16;6;7;-2.1519515739402517;0;5;5;1;3;0;5;10;2;12;24;1;3;3;23;0.5903355723479091;1;2;16;15;0;12;20;-1.1863141986787016;5;3;0;6;3;6;7;-2.254792995243453;2;1;0;7;3.3151002418502276;20;-8.304163368610944;5;17;0;5;12;0;7;-2.0914236821959107;19
TRACK:1524;1466;-1;5;4;2;2;3;2;4;6;6;5;17;0;2;1;2;20;-8.749551303227332;17;1;7;4.852911662275135;10;3;3;14;4;5;6;20;-5.712283114222935;5;0;0;5;1;6;15;2;21;9.188385941268104;17;6;4;17;3;1;16;13;0;5;5;1;3;0;5;10;2;18;24;1;5;1;22;5.32213150545557;25;1;2;16;15;0;20;3.9362407803853166;20;-1.429200998517039;5;3;0;2;2;0;16;14;2;24;21;-3.8798423307236813;1;0;11;23;4.444121532039645;0;15;25;2;1;14;5;17;0;5;12;0;7;-2.565057319601719;19
TRACK:1525;1511;-1;5;4;2;2;3;2;4;6;6;5;17;0;2;1;2;20;-8.938794181112643;17;1;7;4.629451013953187;10;3;3;8;4;5;6;20;-6.206195043812067;5;0;0;5;2;1;22;1.681655318482689;8;12;6;4;3;16;3;1;3;4;14;2;1;8;7;3.155631874909385;2;14;16;0;5;5;1;3;0;5;10;2;18;24;1;5;6;22;0.10377825129922649;1;2;16;15;0;20;3.9952181378686413;20;-1.2940813602834347;5;3;0;2;2;0;16;14;2;24;21;-3.788021841646165;1;0;11;23;4.4898301088854735;0;15;25;2;1;0;10;20;-8.535208551251106;5;17;0;5;12;0;7;-2.262835093283126;15
TRACK:1526;1513;-1;5;4;2;2;3;2;4;6;1;6;9;1;18;24;0;2;1;2;20;-8.804090568745508;13;1;7;4.408383681599885;10;3;3;20;4.197412518005225;4;5;6;20;-5.748581633386785;5;0;0;5;2;1;22;2.039663524472779;8;12;6;4;3;16;3;1;3;4;14;2;1;8;7;2.78716324448073;20;-1.0271843467914235;0;5;5;1;3;0;5;10;2;18;24;4;12;5;3;0;6;3;6;7;-2.1591271766155398;2;1;0;7;3.435476696863419;20;-8.696869962637185;5;17;0;5;12;0;7;-2.206055260184047;19
TRACK:1527;1515;-1;5;4;2;2;3;2;4;6;6;5;17;0;2;1;2;20;-9.012651182296697;17;1;7;4.61703020541482;10;3;3;14;4;5;6;20;-6.233393115550224;5;0;0;5;2;1;22;1.7871187342659964;8;12;1;5;23;-9.11932880402242;3;25;3;1;3;4;14;2;1;8;7;3.175392501342495;2;14;16;0;5;5;1;3;0;5;10;2;18;24;1;5;6;22;-0.06533074673607317;1;2;16;15;0;20;3.870561768405247;20;-1.3657466474907172;5;3;0;2;2;0;16;14;2;24;21;-3.833094930313345;1;6;20;-6.169981016765741;0;15;25;2;1;0;10;20;-8.745228650876625;5;17;0;5;12;0;7;-2.33129576887751;19
TRACK:1528;1517;-1;5;4;2;2;3;2;4;6;1;6;9;1;18;24;0;2;1;2;20;-8.82585211372493;13;1;7;4.354981877751559;10;3;3;14;4;5;6;17;5;0;0;5;2;1;22;1.9213193538959306;8;12;6;4;3;16;3;1;3;4;14;2;1;8;7;2.8578710707933377;20;-1.0257861209621513;0;5;5;1;3;0;5;10;2;18;24;1;5;6;22;0.363891501815074;1;2;16;15;0;12;20;-0.9901402596380525;5;3;0;6;3;6;7;-2.083085581977418;2;4;3;20;7.579733235214242;0;5;12;0;7;-2.142978175885954;19
TRACK:1529;1401;-1;5;4;2;2;3;2;4;6;6;5;17;0;2;1;2;20;-9.056506242135335;17;1;7;4.657114498471953;10;3;3;14;4;5;1;15;18;5;0;0;5;1;6;11;2;21;9.372513044552932;17;6;4;3;16;3;1;3;4;14;2;1;8;7;3.0799295838959493;2;14;16;0;5;5;0;8;14;5;3;0;2;2;0;16;14;2;24;21;-3.853108497781542;1;0;11;23;4.310880474112888;0;15;25;2;1;14;5;17;0;5;12;0;7;-2.479132051529073;19
EVAL_INSTANCE:76:0:1520
EVAL_INSTANCE:76:1:1521
EVAL_INSTANCE:76:2:1522
EVAL_INSTANCE:76:3:1523
EVAL_INSTANCE:76:4:1524
EVAL_INSTANCE:76:5:1525
EVAL_INSTANCE:76:6:1526
EVAL_INSTANCE:76:7:1527
EVAL_INSTANCE:76:8:1528
EVAL_INSTANCE:76:9:1529
RUN_RESULT:76:0:0:2000:----
RUN_RESULT:76:1:0:2000:----
RUN_RESULT:76:2:0:2000:----
RUN_RESULT:76:3:0:2000:----
RUN_RESULT:76:4:0:2000:----
RUN_RESULT:76:5:0:2000:----
RUN_RESULT:76:6:0:2000:----
RUN_RESULT:76:7:0:2000:----
RUN_RESULT:76:8:0:2000:----
RUN_RESULT:76:9:0:1417:RDRRRDDLDLUUDRRUULLLLDLUUUDRRULRRRRUUR
    77 |      770 | -3.110800E+03 | -3.206000E+03
TRACK:1530;1466;1260;5;4;2;2;3;2;4;6;6;5;17;0;2;1;2;20;-8.837466081195753;17;1;7;4.71090067664345;10;3;3;14;4;5;6;20;-5.700644961194551;5;0;0;5;1;6;15;2;21;9.213766007959137;17;6;4;17;3;1;16;13;0;5;5;1;3;0;5;10;2;18;24;1;5;6;22;0.0568187872796643;1;2;16;16;0;20;4.068574265247497;20;-1.369160185610773;5;3;0;2;2;0;16;14;2;24;21;-3.8752477621474877;1;0;11;23;4.568218513763478;0;15;25;2;1;14;5;17;0;5;12;0;7;-2.6382417143605896;19
TRACK:1531;1466;1260;5;13
TRACK:1532;1401;1087;5;4;2;2;3;2;4;6;6;5;17;0;2;1;2;20;-9.113715300029808;17;1;7;4.703308406788663;10;3;3;14;4;5;6;20;-6.248056602725701;5;0;0;5;1;6;11;2;21;9.222585166565088;17;6;4;3;16;3;1;3;4;14;2;1;8;7;3.1985248013178778;2;14;16;0;5;5;0;8;14;5;3;0;2;2;0;16;14;2;24;21;-3.81033437076356;1;0;11;23;4.320161320381568;0;15;25;2;1;14;5;17;0;5;24;0;7;-2.4629387453343528;19
TRACK:1533;1401;1087;5;4;2;2;3;2;4;6;6;5;17;0;2;1;2;20;-9.055238234557521;17;1;7;4.6714100621445755;10;3;3;14;4;5;6;20;-6.184301607843144;5;0;0;5;2;1;22;1.8520591977547043;8;12;6;4;3;16;3;1;3;4;14;2;1;8;7;3.132257535622614;2;14;16;0;5;5;1;3;0;5;10;2;18;24;1;5;6;22;0.018222364920325473;1;2;16;15;0;20;3.950159029101806;20;-1.3237465858486015;5;3;0;2;2;0;16;14;2;24;21;-3.843496344262961;1;0;11;23;4.397454443347297;0;15;25;2;1;0;10;20;-8.685644612938242;5;11;0;5;12;0;7;-2.230021524979761;19
TRACK:1534;1265;1265;5;4;2;2;3;2;4;6;6;6;19;0;2;1;2;20;-8.901034275638374;17;1;7;4.664417735015341;10;3;3;18;4;5;6;20;-6.226800662655374;5;0;0;5;2;1;22;2.0004101973819672;8;12;6;4;3;16;3;1;3;4;14;5;17;0;5;5;1;3;0;5;10;2;18;24;1;5;6;22;0.10739690027131418;1;2;16;15;0;20;3.834484969531811;20;-1.3856749161789141;5;3;0;2;2;0;16;14;2;24;21;-3.838679504424738;1;0;11;23;4.406245679701284;0;15;25;2;1;0;10;20;-8.756357316226282;5;17;0;5;12;0;7;-2.1313496262408713;19
TRACK:1535;1265;1265;5;4;2;2;3;2;4;6;6;6;19;0;2;1;2;20;-8.901034275638374;17;1;7;4.664417735015341;10;3;3;14;4;5;6;20;-6.226800662655374;5;0;0;5;2;1;22;2.0004101973819672;8;12;6;4;3;16;3;1;3;4;14;5;17;0;5;5;1;3;0;5;10;2;18;24;1;5;6;22;0.10739690027131418;1;2;16;15;0;20;3.834484969531811;20;-1.3856749161789141;5;3;0;2;2;0;16;14;2;24;21;-3.838679504424738;1;0;11;23;4.406245679701284;0;15;25;2;1;0;10;20;-8.756357316226282;5;17;0;5;24;0;7;-2.1313496262408713;19
TRACK:1536;1087;1260;5;4;2;2;3;2;4;6;6;5;17;0;2;1;2;20;-9.055238234557521;17;1;7;4.6714100621445755;10;3;3;14;4;20;5.188925212304361;5;0;0;5;2;1;22;1.8520591977547043;8;12;6;4;3;16;3;1;3;4;14;2;1;8;7;3.132257535622614;2;14;16;0;5;5;1;3;0;5;10;2;18;24;1;5;6;22;0.018222364920325473;1;2;16;15;0;20;3.950159029101806;20;-1.3237465858486015;5;3;0;2;2;0;16;14;2;24;21;-3.843496344262961;1;0;11;23;4.397454443347297;0;15;25;2;1;0;10;20;-8.685644612938242;5;17;0;5;12;0;7;-2.230021524979761;19
TRACK:1537;1087;1260;5;4;2;2;3;2;4;6;6;5;17;0;2;1;2;20;-8.99615892349425;13;1;7;4.50927032422309;10;3;3;14;4;5;6;20;-5.787578957106821;5;0;0;5;2;1;22;1.7270880329756513;8;12;6;4;3;16;3;1;3;4;14;2;1;8;7;2.7089621320650483;2;14;20;5.188925212304361;0;5;5;1;3;0;5;10;2;18;24;1;5;6;22;0.20078652460223506;1;2;16;15;0;12;20;-1.1302581029304593;5;3;0;6;3;6;7;-2.0557017903784853;2;1;0;7;3.1438052726979575;20;-8.575051564861477;5;17;0;5;17;0;7;-2.1934843456196025;19
TRACK:1538;1401;1466;5;4;2;2;3;2;4;6;6;5;17;0;2;1;2;20;-9.113715300029808;17;1;7;4.703308406788663;10;3;3;14;4;5;6;20;-6.248056602725701;5;0;0;5;1;6;11;2;21;9.222585166565088;17;6;4;3;16;3;1;3;4;14;2;1;8;7;3.1985248013178778;2;14;16;0;5;5;0;8;14;5;3;0;2;2;0;16;14;2;24;21;-3.81033437076356;1;0;11;23;4.320161320381568;0;15;25;2;1;14;5;17;15
TRACK:1539;1401;1466;5;4;2;2;3;2;4;6;6;5;17;0;2;1;2;20;-8.837466081195753;17;1;7;4.71090067664345;10;3;3;14;4;5;6;20;-5.700644961194551;5;0;0;5;1;6;15;2;21;9.213766007959137;17;6;4;17;3;1;16;13;0;5;5;1;3;0;5;10;2;18;24;1;5;6;22;0.0568187872796643;1;2;16;15;0;20;4.068574265247497;20;-1.369160185610773;5;3;0;2;2;0;16;14;2;24;11;1;0;11;23;4.568218513763478;0;15;25;2;1;14;5;17;0;5;12;0;7;-2.6382417143605896;19
TRACK:1540;1530;-1;5;4;2;2;3;2;4;6;6;5;17;0;2;1;2;20;-8.919077303846779;17;1;7;4.7122054534334445;10;3;3;14;4;5;6;20;-5.685153883216136;5;0;0;5;1;6;15;2;21;9.128604072883224;17;6;4;17;3;1;16;13;0;5;5;1;3;0;5;10;2;25;24;1;5;6;22;0.052120790371268384;1;2;16;16;0;20;4.150213772734292;20;-1.4021944671855477;5;3;0;2;2;0;16;14;2;24;21;-3.9056349314417442;1;0;11;23;4.503257000478574;0;15;25;2;1;14;5;17;0;5;12;0;7;-2.6753047268584558;19
TRACK:1541;1532;-1;5;4;2;2;3;2;4;6;6;5;17;0;2;1;2;20;-9.120393393374766;17;1;7;4.488183841696758;10;3;3;14;4;5;6;20;-6.302830083965136;5;0;0;5;1;6;11;2;21;9.196273526371312;17;6;4;3;16;3;1;3;4;14;2;1;8;7;3.1089690933647534;2;14;16;1;16;21;5.748158106928994
TRACK:1542;1534;-1;5;4;2;2;3;2;4;6;6;6;19;0;2;1;2;20;-8.781340255924473;17;1;7;4.674626467212423;10;3;3;18;4;5;6;20;-6.268589769252938;5;0;0;5;2;1;22;2.0821792556373055;8;12;6;4;3;16;3;1;3;4;14;5;17;0;5;5;1;3;0;5;10;2;18;24;1;5;6;22;0.007085395289401636;1;2;16;15;0;20;4.0400797714408805;20;-1.1559741946597009;5;3;0;2;2;0;16;14;2;24;21;-3.8853763409466033;1;0;11;23;4.4025924399914125;0;8;25;2;1;0;10;20;-8.688253077691572;5;17;0;5;12;0;7;-2.3685023258774045;19
TRACK:1543;1087;-1;5;4;2;2;3;2;4;6;6;5;17;0;2;1;2;20;-9.020348324923448;17;1;7;4.725301057748864;10;3;3;14;4;5;6;20;-6.102476071140983;5;0;0;5;2;1;22;1.773701506782035;8;12;6;4;3;16;3;1;3;6;24;2;1;8;7;3.170829880118283;2;14;16;0;5;5;1;3;0;5;10;2;18;24;1;5;6;22;0.024815562553085944;1;2;16;15;0;20;3.9476232814907664;20;-1.3260521165246117;5;3;0;2;2;0;16;14;2;24;21;-3.7990970480299;1;0;11;23;4.4186647220720685;0;15;25;2;1;0;10;20;-8.7346087867303;5;17;0;5;12;0;7;-2.133971256373082;19
TRACK:1544;1401;-1;5;4;2;1;2;10;25;3;12;0;5;5;0;8;14;5;3;0;2;2;0;16;14;2;24;21;-3.9550204556751836;1;0;11;23;4.338577926185905;0;15;25;2;1;14;5;17;0;5;12;0;7;-2.5411102668445684;19
TRACK:1545;1531;-1;5;1;2;0;5;5;5;5;0;12;17;1;4;0;2;4;23;7.1979673094093535;6;23;-3.367708320277856;0;4;11;1;7;-0.7789323944046522;13;0;5;5;5;25;2;0;2;12;23;8.705444928351433;3;14;1;4;21;5.418800508789088;0;21;-7.587431893365122;21;-5.7898438678740956;1;1;4;3;1;1;23;8.714388143117546;8;0;25;16;2;1;2;6;10;4;14;4;6;13;0;3;6;15;6;1;9;16;0;3;4;0;1;17;18;0;20;-3.458446073258836;25;2;1;2;1;13;7;-1.3047507617404435;5;7;-4.016936859345317;5;3;18;4;4;4;9;3;6;2;2;6;5;4;8;4;3;5;18;1;0;3;6;20;-4.995049251462474;0;5;24;2;16;24;1;4;6;20;7.413317988548929;1;0;11;15;2;24;24
TRACK:1546;1533;-1;5;4;2;2;3;2;4;6;6;5;17;0;2;1;2;20;-9.027097814578573;17;1;7;4.746257014820578;10;3;3;14;4;5;6;20;-6.072348229323838;5;0;0;5;2;1;22;1.891800050520567;8;12;6;4;3;16;3;1;3;4;14;2;1;8;7;2.9073386129543137;2;14;16;0;5;5;1;3;0;5;10;2;18;24;1;1;6;18;6;20;-5.303140663408586;1;2;16;15;0;20;3.765284867059052;20;-1.17642106368724;5;3;0;2;2;0;16;14;2;24;21;-3.8539002671758356;1;0;11;23;4.372274042813602;0;15;25;2;1;0;10;20;-8.73760725917393;5;11;0;5;12;0;7;-2.0536625382122295;19
TRACK:1547;1535;-1;5;4;2;2;3;2;4;6;6;6;19;0;2;1;2;20;-8.93136637273626;17;1;7;4.77800066351944;10;3;3;14;4;5;6;20;-6.413038637864915;5;0;0;5;2;19;17;6;4;3;16;3;1;3;4;14;5;17;0;5;5;1;3;0;5;10;2;18;24;1;5;6;22;0.01892004817312329;1;2;16;15;0;20;3.764101498397032;20;-1.3648563804982226;5;3;0;2;2;0;16;14;2;24;21;-3.763989596093409;1;0;11;23;4.36302755152358;0;15;25;2;1;0;10;20;-8.66808864767004;5;17;0;5;24;0;7;-2.2163353974647446;19
TRACK:1548;1260;-1;5;4;2;2;3;2;4;6;6;5;17;0;2;1;2;20;-9.17120408692823;13;1;7;4.690392065576977;10;3;3;14;4;5;6;20;-5.963037358859634;5;0;0;5;2;4;12;12;6;4;3;16;3;1;3;4;14;2;1;8;7;2.630670980600778;2;14;20;5.363393171952755;0;5;5;1;3;0;5;10;2;18;24;1;5;6;22;0.2198743658003809;1;2;16;15;0;12;20;-1.1918938218506605;5;3;0;6;3;6;7;-2.075034836363755;2;1;0;7;3.0608843290354546;20;-8.464430906955197;5;17;0;5;12;0;7;-2.05357489564795;19
TRACK:1549;1466;-1;5;4;2;2;3;2;4;6;6;5;17;0;2;1;2;20;-8.97246656106273;17;1;7;4.7473246236603455;10;3;3;14;4;5;6;20;-5.611095866186502;5;0;0;5;1;6;15;2;21;9.30354965789815;17;6;4;17;3;1;16;13;0;5;5;1;3;0;5;10;2;18;24;1;3;1;24;14;1;2;16;15;0;20;4.221524068746042;20;-1.4549613155962746;5;3;0;2;2;0;16;14;2;24;21;-3.832703707669748;1;0;11;23;4.506372752208466;0;15;25;2;1;14;5;17;0;5;12;0;7;-2.6912820489064937;19
EVAL_INSTANCE:77:0:1540
EVAL_INSTANCE:77:1:1541
EVAL_INSTANCE:77:2:1542
EVAL_INSTANCE:77:3:1543
EVAL_INSTANCE:77:4:1544
EVAL_INSTANCE:77:5:1545
EVAL_INSTANCE:77:6:1546
EVAL_INSTANCE:77:7:1547
EVAL_INSTANCE:77:8:1548
EVAL_INSTANCE:77:9:1549
RUN_RESULT:77:0:0:1608:RDRRRDDLDLUUDRRUULLLLDLUUUDRRULRRRRUUR
RUN_RESULT:77:1:0:2000:----
RUN_RESULT:77:2:0:2000:----
RUN_RESULT:77:3:0:947:RDRRRDDLDLUUDRRUULLLLDLUUUDRRULRRRRUUR
RUN_RESULT:77:4:0:2000:----
RUN_RESULT:77:5:0:2000:----
RUN_RESULT:77:6:0:2000:----
RUN_RESULT:77:7:0:933:RDRRRDDLDLUUDRRUULLLLDLUUUDRRULRRRRUUR
RUN_RESULT:77:8:0:2000:----
RUN_RESULT:77:9:0:847:RDRRRDDLDLUUDRRUULLLLDLUUUDRRULRRDRDRRRDLLUUUUUR
    78 |      780 | -3.120800E+03 | -3.206000E+03
TRACK:1550;1087;1549;5;4;2;2;3;2;4;6;6;5;17;0;2;1;2;20;-9.055238234557521;17;1;7;4.6714100621445755;10;3;3;14;4;5;6;20;-6.184301607843144;5;0;0;6;20;-5.611095866186502;6;4;3;16;3;1;3;4;14;2;1;8;7;3.132257535622614;2;14;16;0;5;5;1;3;0;5;10;2;18;24;1;5;6;22;0.018222364920325473;1;2;16;15;0;20;3.950159029101806;20;-1.3237465858486015;5;3;0;2;2;0;16;14;2;24;21;-3.843496344262961;1;0;11;23;4.397454443347297;0;15;25;2;1;0;10;20;-8.685644612938242;5;17;0;5;12;0;7;-2.230021524979761;19
TRACK:1551;1087;1549;5;4;2;2;3;2;4;6;6;5;17;0;2;1;2;20;-8.97246656106273;17;1;7;4.7473246236603455;18;3;3;14;4;5;6;20;-5.611095866186502;5;0;0;5;1;6;15;2;21;9.30354965789815;17;6;4;17;3;1;16;13;0;5;5;1;3;0;5;10;2;18;24;1;3;1;24;14;1;2;16;15;0;20;4.221524068746042;20;-1.4549613155962746;5;3;0;2;2;0;16;14;2;24;21;-3.832703707669748;1;0;11;23;4.506372752208466;0;15;25;2;1;14;5;17;0;5;12;0;7;-2.6912820489064937;19
TRACK:1552;1486;1265;5;4;2;2;3;2;4;6;1;6;9;1;18;24;0;2;1;2;20;-8.934484024184604;13;1;7;4.492851824795244;10;3;3;14;4;5;6;20;-5.685753827947022;5;0;0;5;2;1;22;1.8017082856493547;8;12;6;4;3;16;3;1;2;18;24;2;1;8;7;2.777444455484731;20;-1.0678732773995991;0;5;5;1;3;0;5;10;2;18;24;1;5;6;22;0.2747624038183987;1;2;16;15;0;12;20;-1.1344821940896197;5;3;0;6;3;6;7;-2.123070292647608;2;1;0;7;3.2416549149865523;20;-8.671473929757848;5;17;0;5;12;0;7;-2.250414458662798;19
TRACK:1553;1486;1265;5;4;2;2;3;2;4;6;6;6;19;0;2;1;2;20;-8.901034275638374;17;1;7;4.664417735015341;10;3;3;14;4;5;7;3.2416549149865523;5;0;0;5;2;1;22;2.0004101973819672;8;12;6;4;3;16;3;1;3;4;14;5;17;0;5;5;1;3;0;5;10;2;18;24;1;5;6;22;0.10739690027131418;1;2;16;15;0;20;3.834484969531811;20;-1.3856749161789141;5;3;0;2;2;0;16;14;2;24;21;-3.838679504424738;1;0;11;23;4.406245679701284;0;15;25;2;1;0;10;20;-8.756357316226282;5;17;0;5;12;0;7;-2.1313496262408713;19
TRACK:1554;1260;1265;5;4;2;2;3;2;4;6;6;5;17;0;2;1;2;20;-8.99615892349425;13;1;7;4.50927032422309;10;3;3;14;4;5;6;20;-5.787578957106821;5;0;0;5;2;1;22;1.7270880329756513;8;12;6;4;3;16;3;1;3;4;14;2;1;8;7;2.7089621320650483;2;14;20;5.188925212304361;0;5;5;5;17;5;3;0;6;3;6;7;-2.0557017903784853;2;1;0;7;3.1438052726979575;20;-8.575051564861477;5;17;0;5;12;0;7;-2.1934843456196025;19
TRACK:1555;1260;1265;5;4;2;2;3;2;4;6;6;6;19;0;2;1;2;20;-8.901034275638374;17;1;7;4.664417735015341;10;3;3;14;4;5;6;20;-6.226800662655374;5;0;0;5;2;1;22;2.0004101973819672;8;12;6;4;3;16;3;1;3;4;14;5;17;0;5;5;1;3;0;5;10;2;18;24;1;5;6;22;0.10739690027131418;1;2;16;15;0;20;3.834484969531811;20;-1.3856749161789141;5;3;0;2;2;0;16;14;2;24;21;-3.838679504424738;1;0;11;23;4.406245679701284;0;15;25;2;1;0;10;20;-8.756357316226282;5;17;0;22;1.7270880329756513;0;7;-2.1313496262408713;19
TRACK:1556;1486;1087;5;4;2;2;3;2;4;6;1;6;9;1;18;24;0;2;1;2;20;-8.934484024184604;13;1;7;4.492851824795244;10;3;3;14;4;5;6;20;-5.685753827947022;5;0;0;5;2;1;22;1.8017082856493547;8;12;6;4;3;16;3;1;3;4;14;2;1;8;7;2.777444455484731;0;16;14;0;5;5;1;3;0;5;10;2;18;24;1;5;6;22;0.2747624038183987;1;2;16;15;0;12;20;-1.1344821940896197;5;3;0;6;3;6;7;-2.123070292647608;2;1;0;7;3.2416549149865523;20;-8.671473929757848;5;17;0;5;12;0;7;-2.250414458662798;19
TRACK:1557;1486;1087;5;4;2;2;3;2;4;6;6;5;17;0;2;1;2;20;-9.055238234557521;17;1;7;4.6714100621445755;10;3;3;14;4;5;6;20;-6.184301607843144;5;0;0;5;2;1;22;1.8520591977547043;8;7;-2.250414458662798;6;4;3;16;3;1;3;4;14;2;1;8;7;3.132257535622614;2;14;16;0;5;5;1;3;0;5;10;2;18;24;1;5;6;22;0.018222364920325473;1;2;16;15;0;20;3.950159029101806;20;-1.3237465858486015;5;3;0;2;2;0;16;14;2;24;21;-3.843496344262961;1;0;11;23;4.397454443347297;0;15;25;2;1;0;10;20;-8.685644612938242;5;17;0;5;12;0;7;-2.230021524979761;19
TRACK:1558;1401;1260;5;4;2;2;3;2;4;6;6;5;17;0;2;1;2;20;-9.113715300029808;17;1;7;4.703308406788663;10;3;3;14;4;5;6;20;-6.248056602725701;5;0;0;5;1;6;11;2;21;9.222585166565088;17;6;4;3;16;3;6;20;-5.787578957106821;0;5;5;0;8;14;5;3;0;2;2;0;16;14;2;24;21;-3.81033437076356;1;0;11;23;4.320161320381568;0;15;25;2;1;14;5;17;0;5;12;0;7;-2.4629387453343528;19
TRACK:1559;1401;1260;5;4;2;2;3;2;4;6;6;5;17;0;2;1;2;20;-8.99615892349425;13;1;7;4.50927032422309;10;3;3;14;4;5;6;20;-5.787578957106821;5;0;0;5;2;1;22;1.7270880329756513;8;12;6;6;20;-6.248056602725701;3;1;3;4;14;2;1;8;7;2.7089621320650483;2;14;20;5.188925212304361;0;5;5;1;3;0;5;10;2;18;24;1;5;6;22;0.20078652460223506;1;2;16;15;0;12;20;-1.1302581029304593;5;3;0;6;3;6;7;-2.0557017903784853;2;1;0;7;3.1438052726979575;20;-8.575051564861477;5;17;0;5;12;0;7;-2.1934843456196025;19
TRACK:1560;1550;-1;5;4;2;2;3;2;4;6;6;5;17;0;2;1;2;20;-9.038284868407176;17;1;7;4.521735733089005;10;3;3;14;4;5;6;20;-6.067673263044924;5;0;0;6;20;-5.421035207327971;6;4;3;16;3;1;3;4;14;2;1;8;7;3.0652448187147625;2;14;16;0;5;5;1;3;0;5;9;2;18;24;1;5;6;22;-0.0041293666234222814;1;2;16;15;0;20;3.8492000570444294;20;-1.4596642587916437;5;3;0;2;2;0;16;14;2;24;21;-3.877719598358789;1;0;11;23;4.3828052178553065;0;15;25;2;1;0;10;20;-8.577190620745032;5;17;0;5;12;0;7;-2.2884188866745627;19
TRACK:1561;1552;-1;5;4;2;2;3;2;4;6;1;6;9;1;18;24;0;2;1;2;20;-9.006100675786302;13;1;7;4.409995710936314;10;3;3;23;-8.80205970033057;4;5;6;20;-5.751554843659273;5;0;0;5;2;1;22;1.800620177920202;8;12;6;4;3;16;3;1;2;18;24;2;1;8;7;2.8256260035037677;20;-1.0422448421314279;0;5;5;1;3;0;5;10;2;18;24;1;5;6;22;0.35030628236108774;1;2;16;15;0;12;20;-1.1842380343763264;5;3;0;6;3;6;7;-2.0941712051398556;2;1;0;7;3.1363972363587287;20;-8.71494375509781;5;17;0;5;12;0;7;-2.067644669192465;19
TRACK:1562;1260;-1;5;4;2;2;3;2;4;6;6;5;20;-3.4285348192805927;0;2;1;2;20;-9.029573751946684;13;1;7;4.482404899992426;10;3;3;14;4;5;6;20;-5.725633684014238;5;0;0;5;2;1;22;1.9672335897968105;8;12;6;4;3;16;3;1;3;4;14;2;1;8;7;2.866873175387109;2;14;20;5.166548292470583;0;5;5;1;3;0;5;10;2;18;24;1;5;6;22;0.30349684357943957;1;2;16;15;0;12;20;-1.123643511180042;5;3;0;6;3;6;7;-1.9927281881181744;2;1;0;7;3.007348707221469;20;-8.445012467041025;5;17;0;5;12;0;7;-2.1746782652206234;19
TRACK:1563;1556;-1;5;4;2;2;3;2;4;6;1;6;9;1;18;24;0;2;1;2;20;-9.172158818685178;13;1;7;4.496525452177768;10;3;3;14;4;5;6;20;-5.713840912070014;5;0;0;5;2;1;22;1.7568053294405397;8;12;6;4;3;16;3;1;3;4;14;2;1;8;7;2.785738230196627;0;16;14;0;5;5;1;3;0;5;10;2;18;24;1;5;6;22;0.29068297523917513;1;2;16;15;0;12;20;-1.0528004353343268;1;2;25;13;2;17;9
TRACK:1564;1558;-1;5;4;2;2;3;2;4;6;6;5;17;0;2;1;2;20;-9.226193296431964;17;1;7;4.743964502620822;10;3;3;14;4;5;6;20;-6.351094616535042;5;0;0;5;1;6;11;2;21;9.086475889003735;17;6;2;4;16;2;17;15;3;6;20;-5.832972317109838;0;5;5;0;8;14;5;3;0;2;2;0;16;14;2;24;21;-3.6967732808392992;1;0;11;23;4.381093526566253;0;15;25;2;1;14;5;17;0;5;12;0;7;-2.3505622094824705;19
TRACK:1565;1551;-1;5;4;2;2;3;2;4;6;6;5;17;0;2;1;2;20;-8.956835955372672;17;1;7;4.798997654141928;18;3;3;14;4;5;6;24;5;0;0;5;1;6;15;2;21;9.373575762809505;17;6;4;17;3;1;16;13;0;5;5;1;3;0;5;10;2;18;24;1;3;1;24;14;1;2;16;15;0;20;4.043956655192395;20;-1.3879919205240916;5;3;0;2;2;0;16;14;2;24;21;-3.750635307971917;1;0;11;23;4.6260266504501635;0;15;25;2;1;14;5;17;0;5;12;0;7;-2.676422826731635;19
TRACK:1566;1553;-1;5;4;2;2;3;2;4;6;6;6;19;0;2;1;2;20;-8.859546729060748;17;1;7;4.463086902320647;10;3;3;14;4;5;7;3.2750767683337245;5;0;0;5;2;1;22;1.9679886759719134;8;12;6;4;3;16;3;1;3;4;14;5;17;0;5;5;1;3;0;5;10;2;18;24;1;5;6;22;0.14405465182638288;1;2;16;15;0;20;3.8655819513022083;20;-1.359405607035816;5;3;0;2;2;0;16;14;2;24;21;-3.850296283958851;1;0;11;23;4.442537850715308;0;15;25;1;8;7;-7.555916301901866
TRACK:1567;1265;-1;5;4;2;2;3;2;4;6;6;6;19;0;2;1;2;20;-8.935141211229771;17;1;7;4.600739515419176;10;3;3;14;4;5;6;20;-6.34137480896265;5;2;1;24;12;0;21;-8.77481995722192;21;0.7055258248510867;0;5;5;1;3;0;5;10;2;18;24;1;5;6;22;0.19130605647681373;1;2;16;15;0;20;3.990216477139575;20;-1.3439436336709005;5;3;0;2;2;0;16;14;2;24;21;-3.735559123793194;1;0;11;23;4.472896552501447;0;15;25;2;1;0;10;20;-8.770420297624614;5;17;0;5;12;0;7;-2.204346355793354;19
TRACK:1568;1557;-1;5;4;2;2;3;2;4;6;6;5;17;0;2;1;2;20;-9.04675232988473;17;1;7;4.818323610202127;10;1;7;-4.074581058113084;20;-3.609458006357573;4;5;6;20;-6.013034559260955;5;0;0;5;2;1;22;1.818167269666587;8;7;-2.3309376828445174;6;4;3;16;3;1;3;4;14;2;1;8;7;3.045258164903756;2;14;16;0;5;5;1;3;0;5;10;2;18;24;1;5;6;22;-0.0923964636587039;1;2;16;15;0;20;3.9535663256161024;20;-1.5167444355982782;5;3;0;2;2;0;16;14;2;24;21;-3.9636327339614637;1;0;11;23;4.475898292782193;0;15;25;2;1;0;10;20;-8.804644716100443;5;17;0;5;12;0;7;-2.0596263786510334;19
TRACK:1569;1559;-1;5;4;2;2;3;2;4;6;6;5;17;0;2;1;2;20;-9.057764945897283;13;1;7;4.36587681932702;10;3;3;14;4;5;6;20;-5.937038375951877;5;0;0;5;2;1;22;1.768233424046905;8;12;6;6;20;-6.132933877924833;3;1;3;4;14;2;1;8;7;2.766569646647408;2;14;20;5.155781299318061;0;5;5;1;3;0;5;10;2;18;24;1;5;6;22;0.17321524034937602;1;2;16;15;0;12;20;-1.0052690220012417;5;3;0;6;3;6;7;-2.0377938324810785;2;1;0;7;3.19753085346741;20;-8.544451609437681;5;17;0;5;12;0;14;19
EVAL_INSTANCE:78:0:1560
EVAL_INSTANCE:78:1:1561
EVAL_INSTANCE:78:2:1562
EVAL_INSTANCE:78:3:1563
EVAL_INSTANCE:78:4:1564
EVAL_INSTANCE:78:5:1565
EVAL_INSTANCE:78:6:1566
EVAL_INSTANCE:78:7:1567
EVAL_INSTANCE:78:8:1568
EVAL_INSTANCE:78:9:1569
RUN_RESULT:78:0:0:2000:----
RUN_RESULT:78:1:0:2000:----
RUN_RESULT:78:2:0:2000:----
RUN_RESULT:78:3:0:2000:----
RUN_RESULT:78:4:0:883:RDRRRDDLDLUUDRRUULLLLDLUUUDRRULRRRRUUR
RUN_RESULT:78:5:0:2000:----
RUN_RESULT:78:6:0:2000:----
RUN_RESULT:78:7:0:2000:----
RUN_RESULT:78:8:0:2000:----
RUN_RESULT:78:9:0:2000:----
    79 |      790 | -3.125800E+03 | -3.206000E+03
TRACK:1570;1466;1401;5;4;2;2;3;2;4;6;6;5;17;0;2;1;2;20;-8.837466081195753;17;1;7;4.71090067664345;10;3;3;14;4;5;6;20;-5.700644961194551;5;0;0;5;1;6;15;2;21;9.213766007959137;17;6;4;17;3;1;16;13;0;5;5;1;5;6;20;-6.248056602725701;1;5;6;22;0.0568187872796643;1;2;16;15;0;20;4.068574265247497;20;-1.369160185610773;5;3;0;2;2;0;16;14;2;24;21;-3.8752477621474877;1;0;11;23;4.568218513763478;0;15;25;2;1;14;5;17;0;5;12;0;7;-2.6382417143605896;19
TRACK:1571;1466;1401;5;4;2;2;3;2;4;6;6;5;17;0;2;1;2;20;-9.113715300029808;17;1;7;4.703308406788663;10;3;3;14;4;5;6;20;-6.248056602725701;5;0;0;5;1;6;11;2;21;9.222585166565088;17;6;4;3;16;3;1;3;4;14;2;1;8;7;3.1985248013178778;2;14;16;0;5;5;0;8;14;5;3;0;2;2;0;16;14;2;14;21;-3.81033437076356;1;0;11;23;4.320161320381568;0;15;25;2;1;14;5;17;0;5;12;0;7;-2.4629387453343528;19
TRACK:1572;1564;1549;5;4;2;2;3;2;4;6;6;5;17;0;2;1;2;20;-9.226193296431964;17;1;7;4.743964502620822;10;3;3;14;4;5;6;20;-6.351094616535042;5;0;0;5;1;6;11;2;21;9.086475889003735;17;6;2;4;16;2;17;15;3;6;20;-5.832972317109838;0;5;5;0;8;14;5;3;0;2;2;0;16;14;2;24;21;-3.6967732808392992;1;0;11;23;4.381093526566253;0;15;25;2;1;14;5;17;0;5;12;0;7;-2.3505622094824705;15
TRACK:1573;1564;1549;5;4;2;2;3;2;4;6;6;5;17;0;2;1;2;20;-8.97246656106273;17;1;7;4.7473246236603455;10;3;3;14;4;5;6;20;-5.611095866186502;5;0;0;5;1;6;15;2;21;9.30354965789815;17;6;4;17;3;1;16;13;0;5;5;1;3;0;5;10;2;18;24;1;3;1;24;14;1;2;16;15;0;20;4.221524068746042;20;-1.4549613155962746;5;3;0;2;2;0;16;14;2;24;21;-3.832703707669748;1;0;11;23;4.506372752208466;0;12;25;2;1;14;5;17;0;5;12;0;7;-2.6912820489064937;19
TRACK:1574;1087;1087;5;4;2;2;3;2;4;6;6;5;17;0;2;1;2;20;-9.055238234557521;17;1;7;4.6714100621445755;10;3;3;14;4;5;6;20;-6.184301607843144;5;0;0;5;2;1;22;1.8520591977547043;8;12;6;4;3;16;3;1;3;4;14;2;1;8;7;3.132257535622614;2;14;7;4.6714100621445755;0;5;5;1;3;0;5;10;2;18;24;1;5;6;22;0.018222364920325473;1;2;16;15;0;20;3.950159029101806;20;-1.3237465858486015;5;3;0;2;2;0;16;14;2;24;21;-3.843496344262961;1;0;11;23;4.397454443347297;0;15;25;2;1;0;10;20;-8.685644612938242;5;17;0;5;12;0;7;-2.230021524979761;19
TRACK:1575;1087;1087;5;4;2;2;3;2;4;6;6;5;17;0;2;1;2;20;-9.055238234557521;17;1;7;4.6714100621445755;10;3;3;14;4;5;6;20;-6.184301607843144;5;0;0;5;2;1;22;1.8520591977547043;8;12;6;4;3;16;3;1;3;4;14;2;1;8;7;3.132257535622614;2;14;20;-8.685644612938242;0;5;5;1;3;0;5;10;2;18;24;1;5;6;22;0.018222364920325473;1;2;16;15;0;20;3.950159029101806;20;-1.3237465858486015;5;3;0;2;2;0;16;14;2;24;21;-3.843496344262961;1;0;11;23;4.397454443347297;0;15;25;2;1;0;10;20;-8.685644612938242;5;17;0;5;12;0;7;-2.230021524979761;19
TRACK:1576;1265;1401;5;4;2;2;3;2;4;6;6;6;19;0;2;1;2;20;-8.901034275638374;17;1;7;4.664417735015341;10;3;3;14;4;5;6;20;-6.226800662655374;5;0;0;5;2;1;22;2.0004101973819672;8;12;6;4;3;16;3;1;3;4;14;5;17;0;5;5;1;3;0;5;10;2;18;24;1;5;6;22;0.10739690027131418;1;2;16;15;0;20;3.834484969531811;20;-1.3856749161789141;5;3;0;2;2;0;16;14;2;24;21;-3.838679504424738;1;0;11;23;4.406245679701284;0;15;25;2;14;0;5;12;0;7;-2.1313496262408713;19
TRACK:1577;1265;1401;5;4;2;2;3;2;4;6;6;5;17;0;2;1;2;20;-9.113715300029808;17;1;7;4.703308406788663;10;3;3;14;4;5;6;20;-6.248056602725701;5;0;0;5;1;6;11;2;21;9.222585166565088;17;6;4;3;17;3;1;3;4;14;2;1;8;7;3.1985248013178778;2;14;16;0;5;5;0;8;14;5;3;0;2;2;0;16;14;2;24;21;-3.81033437076356;1;0;11;23;4.320161320381568;0;15;25;2;1;14;5;17;0;5;12;0;7;-2.4629387453343528;19
TRACK:1578;1564;1466;5;4;2;2;3;2;4;6;6;5;17;0;11;4;5;6;20;-6.351094616535042;5;0;0;5;1;6;11;2;21;9.086475889003735;17;6;2;4;16;2;17;15;3;6;20;-5.832972317109838;0;5;5;0;8;14;5;3;0;2;2;0;16;14;2;24;21;-3.6967732808392992;1;0;11;23;4.381093526566253;0;15;25;2;1;14;5;17;0;5;12;0;7;-2.3505622094824705;19
TRACK:1579;1564;1466;5;4;2;2;3;2;4;6;6;5;17;0;2;1;2;20;-8.837466081195753;17;1;7;4.71090067664345;20;-5.832972317109838;3;3;14;4;5;6;20;-5.700644961194551;5;0;0;5;1;6;15;2;21;9.213766007959137;17;6;4;17;3;1;16;13;0;5;5;1;3;0;5;10;2;18;24;1;5;6;22;0.0568187872796643;1;2;16;15;0;20;4.068574265247497;20;-1.369160185610773;5;3;0;2;2;0;16;14;2;24;21;-3.8752477621474877;1;0;11;23;4.568218513763478;0;15;25;2;1;14;5;17;0;5;12;0;7;-2.6382417143605896;19
TRACK:1580;1570;-1;5;4;2;2;3;2;4;6;6;5;17;0;2;1;2;20;-8.825811061389475;17;1;7;4.6153241170470265;10;3;3;14;4;5;6;20;-5.702181295044092;5;0;0;5;1;6;15;2;21;9.30745777076072;17;6;4;17;3;1;16;13;0;5;5;1;5;6;20;-6.241886383462722;1;5;6;22;-0.09081840158144722;1;1;23;8.937779866811692;7;1.3243480942808468;0;20;4.032628969199205;20;-1.37237809887168;5;3;0;2;2;0;16;14;2;24;21;-3.979180624687394;1;0;11;23;4.497214349889371;0;15;25;2;1;14;5;17;0;5;12;0;7;-2.668260535576896;19
TRACK:1581;1572;-1;5;4;2;2;3;2;4;6;6;5;17;0;2;1;2;20;-9.178439156700119;17;1;7;4.779276644444966;10;3;3;14;4;5;6;20;-6.518193220827784;5;0;0;5;1;6;11;2;21;9.115152575738035;17;6;2;4;16;2;17;15;3;6;20;-5.815030501916465;0;5;5;0;8;14;5;3;0;2;2;0;16;14;2;24;21;-3.539968186589208;1;0;11;23;4.418937239485369;0;15;11;2;1;14;5;17;0;5;12;0;7;-2.3067690724185375;15
TRACK:1582;1574;-1;5;4;2;2;3;2;4;6;6;5;17;0;2;1;2;20;-9.127379049521286;17;1;7;4.499165290675074;10;3;3;14;4;5;6;20;-6.070681847856526;5;0;0;5;2;1;22;1.9975709146011489;8;12;6;4;3;16;3;1;3;4;14;2;1;8;7;3.0562037837326734;2;14;7;4.691998671730372;0;5;5;1;3;0;5;10;2;18;24;1;5;2;17;7;3.9522128202718996;1;2;16;15;0;20;3.7100157091142436;20;-1.2489753179170373;5;3;0;2;2;0;16;14;2;24;21;-3.9463395383035995;1;0;11;23;4.37400928548446;0;15;25;2;1;0;10;20;-8.52281827019428;5;17;0;5;12;0;7;-2.1626414938589353;19
TRACK:1583;1576;-1;5;4;4;6;19
TRACK:1584;1578;-1;5;4;2;2;3;2;4;6;6;5;17;0;0;4;21;3.8359237902178496;1;24;16;4;5;6;20;-6.419543575855981;5;0;0;5;1;6;11;2;21;8.963393872578553;17;6;2;4;16;2;17;15;3;6;20;-5.577254503024302;0;5;5;0;8;14;5;3;0;2;2;0;16;14;2;24;21;-3.8614464711012095;1;0;11;23;4.401565159630926;0;15;25;2;1;14;5;17;0;5;12;0;7;-2.4524362952760486;19
TRACK:1585;1571;-1;5;4;2;2;3;2;4;6;6;5;17;0;2;1;2;20;-8.942757867106382;17;1;7;4.545980655081209;10;3;3;14;4;5;6;20;-6.149037149806705;5;0;0;5;1;6;11;2;21;9.225277098260623;17;6;4;3;16;3;1;3;4;14;2;1;8;7;3.2140048355024504;2;14;16;0;5;5;0;8;14;5;3;0;2;2;0;16;14;2;14;21;-3.8226864780241243;1;0;11;23;4.444197395740783;0;15;25;2;1;14;5;17;0;5;12;0;7;-2.378678962704442;19
TRACK:1586;1573;-1;5;4;2;2;3;2;4;6;6;5;17;0;2;1;2;20;-8.909307189779428;17;1;7;4.725109210505436;10;3;3;14;4;5;6;20;-5.5643363008296625;5;0;0;5;1;6;15;2;21;9.450497947399127;17;6;4;17;3;1;16;13;0;5;5;1;3;0;5;23;-0.8952992240633897;2;18;24;1;3;1;24;14;1;2;16;15;0;20;4.162167832058103;20;-1.3591905705146248;5;3;0;2;2;0;16;14;2;24;21;-3.8398653477852562;1;0;11;23;4.506748064239655;0;12;25;2;1;14;5;17;0;5;12;0;7;-2.870682455290625;19
TRACK:1587;1575;-1;5;4;2;2;3;2;4;6;6;5;7;-8.853576135577189;0;2;1;2;20;-9.224434265050338;17;1;7;4.696657417337175;10;3;3;14;4;5;6;20;-6.396384481629575;5;0;0;5;2;1;22;1.906593067715322;8;12;6;4;3;16;3;1;3;4;14;2;1;8;7;3.0133491701539907;2;14;20;-8.792991378609958;0;5;5;1;3;0;5;10;2;18;24;1;5;6;22;0.07792157900469257;1;2;16;15;0;20;3.9835440986117345;20;-1.3156452878401617;5;3;0;2;2;0;16;14;2;24;21;-3.820957787781262;1;0;11;23;4.335986549822248;0;15;25;2;1;0;10;20;-8.722521064477954;5;17;0;5;12;0;7;-2.2365689066102887;19
TRACK:1588;1577;-1;5;4;2;2;3;2;4;6;6;5;17;0;2;1;2;20;-9.12212581124506;17;1;7;4.6449228192509135;10;3;3;14;4;5;6;20;-6.312715558306809;5;0;0;5;1;6;11;2;21;9.339806941992755;17;6;4;3;17;3;1;3;4;14;2;1;8;7;3.090638856445594;2;14;16;0;5;5;0;8;14;5;3;0;2;2;0;16;14;2;24;21;-3.921013364769145;1;0;11;23;4.256122914509911;0;15;25;2;1;14;5;17;0;5;12;0;7;-2.3770240933311912;19
TRACK:1589;1579;-1;5;4;2;2;3;2;4;6;6;5;17;0;2;1;2;20;-8.771601394493052;17;1;7;4.661913142916057;20;-5.764024263399499;3;3;14;4;5;6;20;-5.635950356301422;5;0;0;5;1;6;15;2;21;8.98325797600946;17;6;4;17;3;1;16;13;0;5;5;1;3;0;5;10;2;18;24;1;5;6;22;0.053629153429424266;1;2;16;15;0;20;4.127249313977931;9;5;3;0;2;2;0;16;14;2;24;21;-3.9902632660281108;1;0;11;23;4.575884456827083;0;15;25;2;1;14;5;17;0;5;12;0;7;-2.7597270875491495;19
EVAL_INSTANCE:79:0:1580
EVAL_INSTANCE:79:1:1581
EVAL_INSTANCE:79:2:1582
EVAL_INSTANCE:79:3:1583
EVAL_INSTANCE:79:4:1584
EVAL_INSTANCE:79:5:1585
EVAL_INSTANCE:79:6:1586
EVAL_INSTANCE:79:7:1587
EVAL_INSTANCE:79:8:1588
EVAL_INSTANCE:79:9:1589
RUN_RESULT:79:0:0:2000:----
RUN_RESULT:79:1:0:1677:RRDRRRRDULLDDLDLUUDRRUULLLLDLUUUDRRULRRRRUUR
RUN_RESULT:79:2:0:2000:----
RUN_RESULT:79:3:0:2000:----
RUN_RESULT:79:4:0:2000:----
RUN_RESULT:79:5:0:2000:----
RUN_RESULT:79:6:0:2000:----
RUN_RESULT:79:7:0:436:RDRRRDDLDLUUDRRUULLLLDLUUUDRRULRRRRUUR
RUN_RESULT:79:8:0:1929:DRRRRDDLDLUUDRRUULLLLDLUUUDRRULRRRRUUR
RUN_RESULT:79:9:0:2000:----
    80 |      800 | -3.174200E+03 | -3.564000E+03
TRACK:1590;1087;1549;5;4;2;2;3;2;4;6;6;5;17;0;2;1;2;20;-9.055238234557521;17;1;7;4.6714100621445755;10;3;3;14;4;5;6;20;-6.184301607843144;5;0;0;5;2;1;25;8;12;6;4;3;16;3;1;3;4;14;2;1;8;7;3.132257535622614;2;14;16;0;5;5;1;3;0;5;10;2;18;24;1;5;6;22;0.018222364920325473;1;2;16;15;0;20;3.950159029101806;20;-1.3237465858486015;5;3;0;2;2;0;16;14;2;24;21;-3.843496344262961;1;0;11;23;4.397454443347297;0;15;25;2;1;0;10;20;-8.685644612938242;5;17;0;5;12;0;7;-2.230021524979761;19
TRACK:1591;1087;1549;5;4;2;2;3;2;4;6;6;5;17;0;2;1;2;20;-8.97246656106273;17;1;7;4.7473246236603455;10;3;3;14;4;5;6;20;-5.611095866186502;5;0;0;5;1;6;15;2;21;9.30354965789815;17;6;4;17;3;1;16;13;0;5;5;1;3;0;5;10;2;18;24;1;3;1;24;14;1;2;16;15;0;20;4.221524068746042;20;-1.4549613155962746;5;3;5;12
TRACK:1592;1401;1564;5;4;2;2;3;2;4;6;6;5;17;0;2;1;2;20;-9.113715300029808;17;1;7;4.703308406788663;10;2;21;9.086475889003735;17;4;5;6;20;-6.248056602725701;5;0;0;5;1;6;11;2;21;9.222585166565088;17;6;4;3;16;3;1;3;4;14;2;1;8;7;3.1985248013178778;2;14;16;0;5;5;0;8;14;5;3;0;2;2;0;16;14;2;24;21;-3.81033437076356;1;0;11;23;4.320161320381568;0;15;25;2;1;14;5;17;0;5;12;0;7;-2.4629387453343528;19
TRACK:1593;1401;1564;5;4;2;2;3;2;4;6;6;5;17;0;2;1;2;20;-9.226193296431964;17;1;7;4.743964502620822;10;3;3;14;4;5;6;20;-6.351094616535042;5;0;0;5;1;6;11;2;21;9.086475889003735;17;6;2;4;16;2;17;15;3;6;20;-5.832972317109838;0;5;5;0;0;7;-2.4629387453343528;19;14;5;3;0;2;2;0;16;14;2;24;21;-3.6967732808392992;1;0;11;23;4.381093526566253;0;15;25;2;1;14;5;17;0;5;12;0;7;-2.3505622094824705;19
TRACK:1594;1587;1466;5;4;2;2;3;2;4;6;6;5;7;-8.853576135577189;0;2;1;2;20;-9.224434265050338;17;1;7;4.696657417337175;10;3;3;14;4;5;6;20;-6.396384481629575;5;0;0;5;15;6;4;3;16;3;1;3;4;14;2;1;8;7;3.0133491701539907;2;14;20;-8.792991378609958;0;5;5;1;3;0;5;10;2;18;24;1;5;6;22;0.07792157900469257;1;2;16;15;0;20;3.9835440986117345;20;-1.3156452878401617;5;3;0;2;2;0;16;14;2;24;21;-3.820957787781262;1;0;11;23;4.335986549822248;0;15;25;2;1;0;10;20;-8.722521064477954;5;17;0;5;12;0;7;-2.2365689066102887;19
TRACK:1595;1587;1466;5;4;2;2;3;2;4;6;6;5;17;0;2;1;2;20;-8.837466081195753;17;1;7;4.71090067664345;10;3;3;14;4;5;6;20;-5.700644961194551;5;0;0;5;1;6;15;2;21;9.213766007959137;17;6;4;17;3;1;16;13;0;5;5;1;3;0;5;10;2;18;24;1;5;6;22;0.0568187872796643;1;2;16;15;0;20;4.068574265247497;20;-1.369160185610773;5;3;0;2;2;0;16;14;2;24;21;-3.8752477621474877;1;0;11;23;4.568218513763478;0;15;25;2;1;14;5;17;0;2;24;21;-3.820957787781262;0;7;-2.6382417143605896;19
TRACK:1596;1087;1265;5;4;2;2;3;2;4;6;6;5;17;0;2;1;2;20;-9.055238234557521;17;1;7;4.6714100621445755;10;3;3;14;4;5;6;20;-6.184301607843144;5;0;0;5;2;1;22;1.8520591977547043;8;12;6;4;3;16;3;1;3;4;14;2;1;8;7;3.132257535622614;2;14;16;0;5;5;1;3;0;5;10;2;18;24;1;5;6;22;0.018222364920325473;1;2;16;15;0;20;3.950159029101806;20;-1.3237465858486015;5;3;0;2;2;0;16;14;2;24;21;-3.843496344262961;1;0;11;23;4.397454443347297;0;15;25;2;1;0;10;20;-8.685644612938242;5;17;20;-1.3856749161789141
TRACK:1597;1087;1265;5;4;2;2;3;2;4;6;6;6;19;0;2;1;2;20;-8.901034275638374;17;1;7;4.664417735015341;10;3;3;14;4;5;6;20;-6.226800662655374;5;0;0;5;2;1;22;2.0004101973819672;8;12;6;4;3;16;3;1;3;4;14;5;17;0;5;5;1;3;0;5;10;2;18;24;1;5;6;22;0.10739690027131418;1;21;-3.843496344262961;0;20;3.834484969531811;20;-1.3856749161789141;5;3;0;2;2;0;16;14;2;24;21;-3.838679504424738;1;0;11;23;4.406245679701284;0;15;25;2;1;0;10;20;-8.756357316226282;5;17;0;5;12;0;7;-2.1313496262408713;19
TRACK:1598;1401;1587;5;4;2;2;3;2;4;6;6;5;17;0;2;1;25;1;7;4.703308406788663;10;3;3;14;4;5;6;20;-6.248056602725701;5;0;0;5;1;6;11;2;21;9.222585166565088;17;6;4;3;16;3;1;3;4;14;2;1;8;7;3.1985248013178778;2;14;16;0;5;5;0;8;14;5;3;0;2;2;0;16;14;2;24;21;-3.81033437076356;1;0;11;23;4.320161320381568;0;15;25;2;1;14;5;17;0;5;12;0;7;-2.4629387453343528;19
TRACK:1599;1401;1587;5;4;2;2;3;2;4;6;6;5;7;-8.853576135577189;0;2;1;2;20;-9.224434265050338;17;1;7;4.696657417337175;10;3;3;14;4;14;5;0;0;5;2;1;22;1.906593067715322;8;12;6;4;3;16;3;1;3;4;14;2;1;8;7;3.0133491701539907;2;14;20;-8.792991378609958;0;5;5;1;3;0;5;10;2;18;24;1;5;6;22;0.07792157900469257;1;2;16;15;0;20;3.9835440986117345;20;-1.3156452878401617;5;3;0;2;2;0;16;14;2;24;21;-3.820957787781262;1;0;11;23;4.335986549822248;0;15;25;2;1;0;10;20;-8.722521064477954;5;17;0;5;12;0;7;-2.2365689066102887;19
TRACK:1600;1590;-1;5;4;2;2;3;2;4;6;6;5;17;0;2;1;2;20;-9.027960759547543;17;1;7;4.746984440906734;10;3;3;14;4;5;6;20;-5.95363150745951;5;0;0;5;2;1;25;8;12;6;4;3;16;3;1;3;4;14;2;1;8;7;3.3550244225954042;2;14;16;0;5;5;0;6;1;19;19;5;1;25;13;5;3;0;2;2;0;16;14;2;24;21;-3.7974468709586984;1;0;11;23;4.546168930675786;0;15;25;2;1;0;10;20;-8.692859205204599;5;17;0;5;12;0;7;-2.2244216022072774;19
TRACK:1601;1592;-1;5;4;2;2;3;2;4;6;6;5;17;0;2;1;2;20;-9.242346399065253;17;1;7;4.608882948279455;10;2;21;8.999399786704108;17;4;5;6;20;-6.2140666327335845;5;0;0;5;1;6;11;2;21;9.204423007745293;17;6;4;3;16;3;1;3;4;14;2;1;8;7;3.115244291587909;2;18;16;0;5;5;0;8;14;5;3;0;2;2;0;16;14;2;24;21;-3.853161137171756;1;0;11;23;4.357972541376534;0;15;25;2;1;14;5;17;0;5;12;0;7;-2.4190086800304904;19
TRACK:1602;1594;-1;5;4;2;2;3;2;4;6;6;5;7;-8.924658109388547;0;2;1;2;20;-9.216759550981875;17;1;7;4.727188977081249;10;3;3;14;4;5;6;20;-6.451752253170602;5;0;0;5;15;6;4;3;16;3;1;3;4;14;2;1;8;7;2.801339003919385;2;14;20;-8.813586194873086;0;5;5;1;3;0;5;10;2;18;24;1;5;6;22;0.041540945791869496;1;2;16;15;0;20;4.006829564185604;20;-1.1949904755351541;5;3;0;2;2;0;16;14;2;24;21;-3.731835156910387;1;0;11;23;4.302434023109279;0;15;25;2;1;0;10;20;-8.669834775185848;5;17;0;5;12;0;7;-2.3814190398794284;19
TRACK:1603;1596;-1;5;4;2;2;3;2;4;6;6;5;17;0;2;1;2;20;-9.216477829548229;14;1;7;4.745515357199952;10;3;3;14;4;5;6;20;-6.23025274395665;5;0;0;5;2;1;22;1.6489440398256598;8;12;6;4;3;16;3;1;3;4;14;2;1;8;7;3.3557029288644498;2;14;16;0;5;5;1;3;0;5;10;2;18;24;1;5;6;22;-0.1084112201899447;1;2;16;15;0;20;3.931190656511353;20;-1.3619531346215041;5;3;0;2;2;0;16;14;2;24;21;-4.014370156711245;1;0;11;23;4.452620675312895;0;15;25;2;1;0;10;20;-8.919468581308141;5;17;20;-1.3051415429078963
TRACK:1604;1598;-1;5;4;2;2;3;2;4;6;6;5;17;0;2;1;25;1;7;4.616763834075369;10;3;3;14;4;5;6;20;-6.350848649076987;5;0;0;5;1;6;11;2;21;9.248350539604125;12;6;4;3;16;3;1;3;4;14;2;1;8;7;3.324507236766204;2;14;16;0;5;5;0;8;14;5;3;0;2;2;0;16;14;2;24;21;-3.810777953076246;1;0;11;23;4.32835578614795;0;15;25;2;1;14;5;17;0;5;12;0;7;-2.4394449155558853;19
TRACK:1605;1591;-1;5;4;2;2;3;2;4;6;6;5;17;0;2;1;2;20;-9.00674746160154;17;1;7;4.824580647437591;10;3;3;14;4;5;6;20;-5.740054747254095;5;0;0;5;1;6;15;2;21;9.495744759856075;17;6;4;17;3;1;16;13;0;5;5;1;3;0;5;10;6;24;1;3;1;24;14;1;2;16;15;0;20;4.140940177661641;20;-1.6491608400506372;5;3;5;12
TRACK:1606;1593;-1;5;4;2;2;3;2;4;6;6;5;17;0;2;1;2;20;-9.11914003247687;17;1;7;4.675187980398621;10;3;3;14;4;5;6;20;-6.337907519200276;5;1;5;5;2;2;23;-7.456529846017002;19;4;21;-3.627852999809413;5;0;1;1;19;23;4.752505026974315;5;17;3;6;23;-6.4444362826454356;0;5;5;0;0;7;-2.454272601563615;19;14;5;3;0;2;2;0;16;14;2;24;21;-3.83183349974416;1;0;11;23;4.418225264069824;0;15;25;2;1;14;5;17;0;5;12;0;7;-2.3885033454969804;19
TRACK:1607;1595;-1;5;4;2;2;3;2;4;6;6;5;17;0;2;1;2;20;-8.752581392618074;17;1;7;4.880052843880992;10;3;3;14;4;5;6;20;-5.62962102292604;5;0;0;5;1;6;15;2;21;9.133014848283757;17;6;4;17;3;1;16;13;0;5;5;1;3;0;5;10;2;18;24;1;5;6;22;0.1416458021023753;1;2;16;15;0;20;4.107083999419437;20;-1.5354452099569333;5;3;0;2;2;0;16;14;2;24;21;-3.7700526452570013;1;0;11;23;4.4235910238812925;0;15;25;2;1;14;5;17;0;2;24;21;-3.850309378119433;6;22;-1.7633279566436855
TRACK:1608;1597;-1;5;4;6;15
TRACK:1609;1599;-1;5;4;2;2;3;2;4;6;6;5;7;-8.778687284129877;0;2;1;2;20;-9.320693244161898;17;1;7;4.7220325277705895;10;3;3;14;4;14;5;0;0;5;2;1;22;1.923619497107204;8;12;6;4;3;16;3;1;3;4;14;2;1;8;7;3.0274866555454607;2;14;20;-8.878827762802349;0;5;5;1;3;0;4;8;2;18;24;1;5;6;22;0.12376756875943894;1;2;16;15;0;20;4.165737301795081;20;-1.4968169502666846;5;3;0;2;2;0;16;14;2;24;21;-3.7840995468803937;1;0;11;23;4.232383231439046;0;15;25;2;1;0;10;20;-8.83252758509879;5;17;0;5;12;0;7;-2.2270801466683983;19
EVAL_INSTANCE:80:0:1600
EVAL_INSTANCE:80:1:1601
EVAL_INSTANCE:80:2:1602
EVAL_INSTANCE:80:3:1603
EVAL_INSTANCE:80:4:1604
EVAL_INSTANCE:80:5:1605
EVAL_INSTANCE:80:6:1606
EVAL_INSTANCE:80:7:1607
EVAL_INSTANCE:80:8:1608
EVAL_INSTANCE:80:9:1609
RUN_RESULT:80:0:0:1006:RDRRRDDLDLUUDRRUULLLLDLUUUDRRULRRRRUUR
RUN_RESULT:80:1:0:2000:----
RUN_RESULT:80:2:0:790:RDRRRDDLDLUUDRRUULLLLDLUUUDRRULRRRRUUR
RUN_RESULT:80:3:0:2000:----
RUN_RESULT:80:4:0:2000:----
RUN_RESULT:80:5:0:2000:----
RUN_RESULT:80:6:0:1780:DRRRRDDLDLUUDRRUULLLLDLUUUDRRULRRRRUUR
RUN_RESULT:80:7:0:2000:----
RUN_RESULT:80:8:0:2000:----
RUN_RESULT:80:9:0:516:RDRRRDDLDLUUDRRUULLLLDLUUUDRRULDDRRRRRRDULULUUUR
    81 |      810 | -3.224800E+03 | -3.564000E+03
TRACK:1610;1609;1602;5;4;2;2;3;2;4;6;6;5;7;-8.778687284129877;0;2;1;2;20;-9.320693244161898;17;1;7;4.7220325277705895;10;3;3;14;4;14;5;0;0;5;2;14;12;6;4;3;16;3;1;3;4;14;2;1;8;7;3.0274866555454607;2;14;20;-8.878827762802349;0;5;5;1;3;0;4;8;2;18;24;1;5;6;22;0.12376756875943894;1;2;16;15;0;20;4.165737301795081;20;-1.4968169502666846;5;3;0;2;2;0;16;14;2;24;21;-3.7840995468803937;1;0;11;23;4.232383231439046;0;15;25;2;1;0;10;20;-8.83252758509879;5;17;0;5;12;0;7;-2.2270801466683983;19
TRACK:1611;1609;1602;5;4;2;2;3;2;4;6;6;5;7;-8.924658109388547;0;2;1;2;20;-9.216759550981875;24;1;7;4.727188977081249;10;3;3;14;4;5;6;20;-6.451752253170602;5;0;0;5;15;6;4;3;16;3;1;3;4;14;2;1;8;7;2.801339003919385;2;14;20;-8.813586194873086;0;5;5;1;3;0;5;10;2;18;24;1;5;6;22;0.041540945791869496;1;2;16;15;0;20;4.006829564185604;20;-1.1949904755351541;5;3;0;2;2;0;16;14;2;24;21;-3.731835156910387;1;0;11;23;4.302434023109279;0;15;25;2;1;0;10;20;-8.669834775185848;5;17;0;5;12;0;7;-2.3814190398794284;19
TRACK:1612;1587;1401;5;4;2;2;3;2;4;6;6;5;7;-8.853576135577189;0;2;1;2;20;-9.224434265050338;17;1;7;4.696657417337175;10;3;3;14;4;5;6;20;-6.396384481629575;5;0;0;5;2;1;22;1.906593067715322;8;12;6;4;3;16;3;1;3;4;14;14;0;5;5;1;3;0;5;10;2;18;24;1;5;6;22;0.07792157900469257;1;2;16;15;0;20;3.9835440986117345;20;-1.3156452878401617;5;3;0;2;2;0;16;14;2;24;21;-3.820957787781262;1;0;11;23;4.335986549822248;0;15;25;2;1;0;10;20;-8.722521064477954;5;17;0;5;12;0;7;-2.2365689066102887;19
TRACK:1613;1587;1401;5;4;2;2;3;2;4;6;6;5;17;0;2;1;2;24;17;1;7;4.703308406788663;10;3;3;14;4;5;6;20;-6.248056602725701;5;0;0;5;1;6;11;2;21;9.222585166565088;17;6;4;3;16;3;1;3;4;14;2;1;8;7;3.1985248013178778;2;14;16;0;5;5;0;8;14;5;3;0;2;2;0;16;14;2;24;21;-3.81033437076356;1;0;11;23;4.320161320381568;0;15;25;2;1;14;5;17;0;5;12;0;7;-2.4629387453343528;19
TRACK:1614;1087;1087;5;4;2;2;3;2;4;6;6;5;17;0;2;1;2;20;-9.055238234557521;17;1;7;4.6714100621445755;10;3;3;14;4;5;6;20;-6.184301607843144;5;0;0;5;2;1;22;1.8520591977547043;8;12;6;4;3;16;3;1;3;4;14;2;1;8;7;3.132257535622614;2;14;16;0;5;5;1;3;0;5;10;2;18;24;1;5;6;22;0.018222364920325473;1;2;16;15;0;20;3.950159029101806;20;-1.3237465858486015;5;3;0;2;0;5;10;2;18;24;1;0;11;23;4.397454443347297;0;15;25;2;1;0;10;20;-8.685644612938242;5;17;0;5;12;0;7;-2.230021524979761;19
TRACK:1615;1087;1087;5;4;2;2;3;2;4;6;6;5;17;0;2;1;2;20;-9.055238234557521;17;1;7;4.6714100621445755;10;3;3;14;4;5;6;20;-6.184301607843144;5;0;0;5;2;1;22;1.8520591977547043;8;12;6;4;3;16;3;1;3;4;14;2;1;8;7;3.132257535622614;2;14;16;0;5;5;1;3;0;5;10;2;18;24;1;5;6;22;0.018222364920325473;1;2;16;15;0;20;3.950159029101806;20;-1.3237465858486015;5;3;0;2;2;0;16;14;2;24;21;-3.843496344262961;1;0;11;23;4.397454443347297;0;15;25;2;1;0;10;20;-8.685644612938242;24;0;5;12;0;7;-2.230021524979761;19
TRACK:1616;1549;1401;5;4;2;2;3;2;4;6;6;5;17;0;2;1;2;20;-8.97246656106273;17;1;7;4.7473246236603455;10;3;3;14;4;5;6;20;-5.611095866186502;5;0;0;5;1;6;15;2;21;9.30354965789815;17;6;4;17;3;1;16;13;0;5;5;1;3;0;5;10;2;18;24;1;3;1;24;14;1;2;16;15;0;20;4.221524068746042;20;-9.113715300029808;5;3;0;2;2;0;16;14;2;24;21;-3.832703707669748;1;0;11;23;4.506372752208466;0;15;25;2;1;14;5;17;0;5;12;0;7;-2.6912820489064937;19
TRACK:1617;1549;1401;5;4;2;2;3;2;4;6;6;5;17;0;2;1;2;20;-9.113715300029808;17;1;7;4.703308406788663;10;3;3;14;4;5;6;20;-6.248056602725701;5;0;0;5;1;6;11;2;21;9.222585166565088;17;6;4;3;16;3;1;3;4;14;2;1;8;7;3.1985248013178778;2;14;16;0;5;5;0;8;14;5;3;0;2;2;0;16;14;2;24;21;-3.81033437076356;12;2;1;14;5;17;0;5;12;0;7;-2.4629387453343528;19
TRACK:1618;1609;1587;5;4;2;2;3;2;4;6;6;5;7;-8.778687284129877;0;2;1;2;20;-9.320693244161898;17;1;7;4.7220325277705895;10;3;3;14;4;14;5;0;0;5;2;1;22;1.923619497107204;8;12;6;4;3;16;3;1;3;4;14;2;1;8;7;3.0274866555454607;2;14;20;-8.878827762802349;0;5;5;1;3;0;4;8;2;18;17;1;5;6;22;0.12376756875943894;1;2;16;15;0;20;4.165737301795081;20;-1.4968169502666846;5;3;0;2;2;0;16;14;2;24;21;-3.7840995468803937;1;0;11;23;4.232383231439046;0;15;25;2;1;0;10;20;-8.83252758509879;5;17;0;5;12;0;7;-2.2270801466683983;19
TRACK:1619;1609;1587;5;4;2;2;3;2;4;6;6;5;7;-8.853576135577189;0;2;1;2;20;-9.224434265050338;17;1;7;4.696657417337175;10;3;3;14;4;5;6;20;-6.396384481629575;5;0;0;5;2;1;22;1.906593067715322;8;12;6;4;3;16;3;1;3;4;14;2;1;8;7;3.0133491701539907;2;14;20;-8.792991378609958;0;5;5;1;3;0;5;10;2;18;24;1;5;6;22;0.07792157900469257;1;24;0;20;3.9835440986117345;20;-1.3156452878401617;5;3;0;2;2;0;16;14;2;24;21;-3.820957787781262;1;0;11;23;4.335986549822248;0;15;25;2;1;0;10;20;-8.722521064477954;5;17;0;5;12;0;7;-2.2365689066102887;19
TRACK:1620;1610;-1;5;4;2;2;3;2;4;6;6;5;7;-8.697497833564778;0;2;1;2;20;-9.29094025615578;17;1;7;4.848104064276098;10;3;3;14;4;14;5;0;0;5;2;14;12;6;4;3;16;2;5;5;6;9;1;6;0;16;15;4;3;23;-0.16826782950241714;0;5;5;1;3;0;4;8;2;18;24;1;5;6;22;-0.011172305383073913;1;2;16;15;0;20;4.214237354359702;20;-1.423686078300532;5;3;0;2;2;0;16;14;2;24;21;-3.76819223873407;1;0;11;23;4.231753932981761;0;15;25;2;1;0;10;20;-8.885129611788091;5;17;0;5;12;0;7;-2.0587195396454407;19
TRACK:1621;1612;-1;5;4;2;2;3;2;4;6;6;1;8;8;0;2;1;2;20;-9.23662024752595;17;1;7;4.650795863184696;10;3;3;14;4;5;6;20;-6.49908215628764;5;0;0;5;2;1;22;1.8453389539586833;8;12;6;4;3;16;3;1;3;4;14;14;0;5;5;1;3;0;5;10;2;18;24;1;5;6;22;0.19291777783466976;1;2;16;15;0;20;3.911668640791744;20;-1.3369893871830125;5;3;0;2;2;0;16;14;2;24;21;-3.8797794870217195;1;0;11;23;4.331132698938723;0;15;25;2;1;0;10;20;-8.789095889721587;5;17;0;5;12;0;7;-2.2467052950814175;19
TRACK:1622;1614;-1;5;4;2;2;3;2;4;6;6;5;17;0;2;1;2;20;-8.865694278612157;17;1;7;4.553477882325265;10;3;3;14;4;5;6;20;-6.149705593688898;5;0;0;5;2;1;22;1.7920945039291476;8;12;6;4;3;16;3;1;3;4;14;2;1;8;7;3.1309640274184836;2;14;16;0;5;5;1;3;0;5;10;2;18;24;1;5;6;22;0.10516017010502686;1;2;16;15;0;20;3.932436088074918;20;-1.2791320979795915;4;6;18
TRACK:1623;1616;-1;5;4;2;2;3;2;4;6;6;5;17;0;2;1;2;20;-9.182867285777657;17;1;7;4.868794273356311;10;3;3;14;4;5;6;20;-5.581751420332254;5;0;0;5;1;6;15;2;21;9.344763652383302;17;6;4;17;3;1;16;13;0;5;5;1;3;0;5;10;2;18;24;1;3;5;23;-6.775944464713451;1;2;16;15;0;20;4.160639832676733;20;-8.99706499623438;5;3;0;2;2;0;16;14;2;24;21;-3.644222521650307;1;0;11;23;4.34725790609837;0;15;25;2;1;14;5;17;0;5;12;0;7;-2.709564894129025;19
TRACK:1624;1618;-1;5;4;2;2;3;2;4;6;6;5;7;-8.732693455804938;0;2;1;2;25;17;1;7;4.84090665819468;10;3;3;14;4;14;5;0;0;5;2;1;22;1.842959180074494;8;12;6;4;3;16;3;1;3;4;14;2;1;8;7;2.9907601987894057;2;14;20;-8.857973887460698;0;5;5;1;3;0;4;8;2;18;17;1;5;6;22;0.011993940621337296;1;2;16;15;0;20;4.256171281679176;20;-1.5778807382735531;5;3;0;2;2;0;16;14;2;24;21;-3.6030758399252885;1;0;11;23;4.052131443679524;0;15;25;2;1;0;10;20;-8.873831200095239;5;17;0;5;12;0;7;-2.164722894855565;19
TRACK:1625;1611;-1;5;4;2;2;3;2;4;6;6;5;7;-8.77848893219406;0;2;1;2;20;-9.308260357122764;24;1;7;4.950520161997571;10;3;3;14;4;5;6;20;-6.563205199311917;5;0;0;5;15;6;4;3;16;3;1;3;4;14;2;1;8;7;2.9489414000911807;2;14;20;-8.79622020624179;0;5;5;1;3;0;5;10;2;18;24;1;5;6;22;0.029078837797760534;1;2;16;15;0;20;3.843288055623643;20;-1.1276128783285828;5;3;0;2;2;0;16;14;2;24;21;-3.6864217836462485;1;0;11;23;4.412540599771507;0;15;25;2;1;0;10;20;-8.690585845666861;5;17;0;2;8;10;0;7;-2.411268066371664;19
TRACK:1626;1613;-1;5;4;0;6;16;4;20;-4.225103082390616
TRACK:1627;1615;-1;5;4;2;2;3;2;4;6;6;5;17;0;2;1;2;20;-9.087064429666897;17;1;7;4.826014426261969;10;3;3;14;4;5;6;20;-6.194740078820953;5;0;0;5;2;1;22;1.9251910349089805;8;12;6;4;3;16;3;1;3;4;14;2;1;8;7;3.1336390190367003;4;22;-4.495151742608947;0;5;5;1;3;0;5;10;2;18;24;1;5;6;22;0.17213548873012635;1;2;16;15;0;20;3.851548584301361;20;-1.1893105511049098;5;3;0;2;2;0;16;14;2;24;21;-3.8723822131977985;1;0;11;23;4.120461409745139;0;15;25;2;1;0;10;20;-8.620736541916559;24;0;5;12;0;7;-2.098994021684979;19
TRACK:1628;1617;-1;5;4;2;2;3;2;4;6;6;6;12;0;2;1;2;20;-9.29613704453979;17;1;7;4.830293262580353;10;3;3;14;4;5;6;20;-6.319462048083141;5;0;0;5;1;6;11;2;21;9.169006125135729;17;6;4;3;16;3;1;3;4;14;2;1;8;7;3.1883393243224476;2;14;16;0;5;5;0;8;14;5;3;0;2;2;0;16;14;2;24;21;-3.639722921402894;12;2;1;14;5;17;0;5;12;0;7;-2.514307766114152;19
TRACK:1629;1619;-1;5;4;2;2;3;2;4;6;6;5;7;-8.893802364659802;0;2;1;2;20;-9.262407804531698;17;1;7;4.795215991335402;10;3;3;14;4;5;6;20;-6.543037755710703;5;0;0;5;2;1;22;1.9873532503122564;8;12;6;4;3;16;3;5;6;11;0;5;5;1;3;0;5;10;2;18;24;1;5;6;22;0.1849593669919869;1;24;0;20;3.988145513481767;20;-1.3037669387018938;5;3;0;2;2;0;16;14;2;24;21;-3.791114809408743;1;0;11;23;4.257267291968088;0;15;25;2;1;0;10;20;-8.626804960877237;5;17;0;5;12;0;7;-2.1234755945506523;19
EVAL_INSTANCE:81:0:1620
EVAL_INSTANCE:81:1:1621
EVAL_INSTANCE:81:2:1622
EVAL_INSTANCE:81:3:1623
EVAL_INSTANCE:81:4:1624
EVAL_INSTANCE:81:5:1625
EVAL_INSTANCE:81:6:1626
EVAL_INSTANCE:81:7:1627
EVAL_INSTANCE:81:8:1628
EVAL_INSTANCE:81:9:1629
RUN_RESULT:81:0:0:2000:----
RUN_RESULT:81:1:0:2000:----
RUN_RESULT:81:2:0:2000:----
RUN_RESULT:81:3:0:2000:----
RUN_RESULT:81:4:0:2000:----
RUN_RESULT:81:5:0:2000:----
RUN_RESULT:81:6:0:2000:----
RUN_RESULT:81:7:0:2000:----
RUN_RESULT:81:8:0:1712:RDRRRRRDULLDDLDLUUDRRUULLLLDLUUUDRRULRRRRUUR
RUN_RESULT:81:9:0:993:DRRRRDDLDLUUDRRUULLLLDLUUUDRRULRRRRUUR
    82 |      820 | -3.224800E+03 | -3.564000E+03
TRACK:1630;1587;1265;5;4;2;2;3;2;4;6;6;5;7;-8.853576135577189;0;2;1;2;20;-9.224434265050338;17;1;7;4.696657417337175;10;3;3;14;4;5;6;20;-6.396384481629575;5;0;0;5;2;1;22;1.906593067715322;8;12;6;4;3;16;3;1;3;4;14;2;1;8;7;3.0133491701539907;2;14;20;-8.792991378609958;0;5;5;1;3;0;5;10;2;18;24;1;5;6;22;0.07792157900469257;1;2;16;15;0;20;3.9835440986117345;20;-1.3156452878401617;5;3;0;2;2;0;16;12;2;24;21;-3.820957787781262;1;0;11;23;4.335986549822248;0;15;25;2;1;0;10;20;-8.722521064477954;5;17;0;5;12;0;7;-2.2365689066102887;19
TRACK:1631;1587;1265;5;4;2;2;3;2;4;6;6;6;19;0;2;1;2;20;-8.901034275638374;17;1;7;4.664417735015341;10;3;3;14;4;5;6;20;-6.226800662655374;5;0;0;5;2;1;22;2.0004101973819672;8;12;6;4;3;16;3;1;3;4;14;5;17;0;5;5;1;3;0;5;10;2;18;24;1;5;6;22;0.07792157900469257;1;2;16;15;0;20;3.9835440986117345;20;-1.3156452878401617;5;3;0;2;2;0;16;14;2;24;21;-3.838679504424738;1;0;11;23;4.406245679701284;0;15;25;2;1;0;10;20;-8.756357316226282;5;17;0;5;12;0;7;-2.1313496262408713;19
TRACK:1632;1602;1087;5;4;2;24;0;5;5;1;3;0;5;10;2;18;24;1;5;6;22;0.041540945791869496;1;2;16;15;0;20;4.006829564185604;20;-1.1949904755351541;5;3;0;2;2;0;16;14;2;24;21;-3.731835156910387;1;0;11;23;4.302434023109279;0;15;25;2;1;0;10;20;-8.669834775185848;5;17;0;5;12;0;7;-2.3814190398794284;19
TRACK:1633;1602;1087;5;4;2;2;3;2;4;6;6;5;10;0;2;1;2;20;-9.055238234557521;17;1;7;4.6714100621445755;10;3;3;14;4;5;6;20;-6.184301607843144;5;0;0;5;2;1;22;1.8520591977547043;8;12;6;4;3;16;3;1;3;4;14;2;1;8;7;3.132257535622614;2;14;16;0;5;5;1;3;0;5;10;2;18;24;1;5;6;22;0.018222364920325473;1;2;16;15;0;20;3.950159029101806;20;-1.3237465858486015;5;3;0;2;2;0;16;14;2;24;21;-3.843496344262961;1;0;11;23;4.397454443347297;0;15;25;2;1;0;10;20;-8.685644612938242;5;17;0;5;12;0;7;-2.230021524979761;19
TRACK:1634;1609;1587;5;4;2;2;3;2;4;6;6;5;7;-8.778687284129877;0;2;1;2;20;-9.320693244161898;17;1;7;4.7220325277705895;10;3;3;14;4;14;5;0;0;5;2;1;22;1.923619497107204;8;12;6;4;3;16;3;1;3;4;14;2;8;2;14;20;-8.878827762802349;0;5;5;1;3;0;4;8;2;18;24;1;5;6;22;0.12376756875943894;1;2;16;15;0;20;4.165737301795081;20;-1.4968169502666846;5;3;0;2;2;0;16;14;2;24;21;-3.7840995468803937;1;0;11;23;4.232383231439046;0;15;25;2;1;0;10;20;-8.83252758509879;5;17;0;5;12;0;7;-2.2270801466683983;19
TRACK:1635;1609;1587;5;4;2;2;3;2;4;6;6;5;7;-8.853576135577189;0;2;1;2;20;-9.224434265050338;17;1;7;4.696657417337175;10;3;3;14;4;5;6;20;-6.396384481629575;5;0;0;5;2;1;22;1.906593067715322;8;12;6;4;3;16;3;1;3;4;8;2;1;8;7;3.0133491701539907;2;14;20;-8.792991378609958;0;5;5;1;3;0;5;10;2;18;24;1;5;6;22;0.07792157900469257;1;2;16;15;0;20;3.9835440986117345;20;-1.3156452878401617;5;3;0;2;2;0;16;14;2;24;21;-3.820957787781262;1;0;11;23;4.335986549822248;0;15;25;2;1;0;10;20;-8.722521064477954;5;17;0;5;12;0;7;-2.2365689066102887;19
TRACK:1636;1602;1401;5;4;2;2;3;2;4;6;6;5;11;0;2;1;2;20;-9.216759550981875;17;1;7;4.727188977081249;10;3;3;14;4;5;6;20;-6.451752253170602;5;0;0;5;15;6;4;3;16;3;1;3;4;14;2;1;8;7;2.801339003919385;2;14;20;-8.813586194873086;0;5;5;1;3;0;5;10;2;18;24;1;5;6;22;0.041540945791869496;1;2;16;15;0;20;4.006829564185604;20;-1.1949904755351541;5;3;0;2;2;0;16;14;2;24;21;-3.731835156910387;1;0;11;23;4.302434023109279;0;15;25;2;1;0;10;20;-8.669834775185848;5;17;0;5;12;0;7;-2.3814190398794284;19
TRACK:1637;1602;1401;5;4;2;2;3;2;4;6;6;5;17;0;2;1;16;1;7;4.703308406788663;10;3;3;14;4;5;6;20;-6.248056602725701;5;0;0;5;1;6;11;2;21;9.222585166565088;17;6;4;3;16;3;1;3;4;14;2;1;8;7;3.1985248013178778;2;14;16;0;5;5;0;8;14;5;3;0;2;2;0;16;14;2;24;21;-3.81033437076356;1;0;11;23;4.320161320381568;0;15;25;2;1;14;5;17;0;5;12;0;7;-2.4629387453343528;19
TRACK:1638;1609;1466;5;4;2;2;3;2;4;6;6;5;7;-8.778687284129877;0;2;1;2;20;-9.320693244161898;17;1;7;4.7220325277705895;10;3;3;14;4;14;5;0;0;5;2;1;22;1.923619497107204;8;12;6;4;3;16;3;1;3;4;14;2;1;8;7;3.0274866555454607;2;14;20;-8.878827762802349;0;5;5;1;3;0;4;8;2;18;24;1;5;6;22;0.12376756875943894;1;2;16;15;0;20;4.165737301795081;20;-1.4968169502666846;5;3;0;2;2;0;16;14;2;17;21;-3.7840995468803937;1;0;11;23;4.232383231439046;0;15;25;2;1;0;10;20;-8.83252758509879;5;17;0;5;12;0;7;-2.2270801466683983;19
TRACK:1639;1609;1466;5;4;2;2;3;2;4;6;6;5;17;0;2;1;2;20;-8.837466081195753;17;1;7;4.71090067664345;10;3;3;14;4;5;6;20;-5.700644961194551;5;0;0;5;1;6;15;2;21;9.213766007959137;17;6;4;17;3;1;16;13;0;5;5;1;3;0;5;10;2;18;24;1;5;6;22;0.0568187872796643;1;2;16;15;0;20;4.068574265247497;20;-1.369160185610773;5;3;0;2;2;16;2;24;21;-3.8752477621474877;1;0;11;23;4.568218513763478;0;15;25;2;1;14;5;17;0;5;12;0;7;-2.6382417143605896;19
TRACK:1640;1630;-1;5;4;2;2;3;2;4;6;6;5;7;-8.799552803869673;0;2;1;2;20;-9.240306531549848;17;1;7;4.556294351527917;10;3;3;14;4;5;6;20;-6.280670954271491;5;0;0;5;2;1;22;1.817175178264835;8;12;6;4;3;16;3;1;3;4;14;2;1;8;7;3.1469173130683785;2;14;20;-8.895989763977191;0;5;5;1;3;0;5;10;2;18;24;1;5;6;22;0.03355260539711614;1;2;16;15;0;20;3.833530539337916;20;-1.4611391527669149;5;3;0;2;2;0;16;12;2;24;21;-3.7546837424620936;1;0;11;23;4.362615942685159;6;19;2;1;0;10;20;-8.771043604436082;5;17;0;5;12;0;7;-2.2563048341002228;19
TRACK:1641;1632;-1;5;4;2;24;0;5;5;1;3;0;5;10;2;9;24;1;5;6;22;0.18141230546316833;1;2;16;15;0;20;4.085910294570592;20;-1.3015287957656883;5;3;0;2;2;0;16;14;2;24;21;-3.791544649123961;1;0;11;23;4.239456485201268;0;15;25;2;1;0;10;20;-8.642309311078039;5;17;0;5;12;0;7;-2.508848562297528;19
TRACK:1642;1609;-1;5;4;2;2;3;2;4;6;6;5;7;-8.828658069678704;0;2;1;2;20;-9.287302446819876;17;1;7;4.719364267750433;10;3;3;14;4;14;5;0;0;5;2;1;22;1.7935516268539546;22;-1.3556026058111001;12;6;4;3;16;3;1;3;4;14;2;1;8;7;2.907372739460562;2;14;20;-8.79157478533725;0;5;5;1;3;0;4;8;2;18;24;1;5;6;22;0.015560433106742363;1;2;16;15;0;20;4.24004602305983;20;-1.6861889451587957;5;3;0;2;2;0;16;14;2;24;21;-3.8233888570966323;1;0;11;23;4.232283167468702;0;15;25;2;1;0;10;20;-8.802690835807653;5;17;0;5;12;0;7;-2.2224612915723787;19
TRACK:1643;1636;-1;4;1;5;3;5;3;5;6;3;6;7;-5.033283894994797;5;1;5;3;4;6;2;2;10;21;8.492746992039763;1;15;23;-9.72962684117901;2;3;2;1;1;2;10;10;5;11;5;0;11;18;3;3;2;8;14;3;2;5;1;1;11;7;-0.1420732405012508;0;23;8.725004453900965;20;9.601437724442032;2;0;2;10;21;6.451796989960187;1;19;21;-8.907908938918794;5;5;17
TRACK:1644;1638;-1;5;4;2;1;5;17;3;20;-7.059410238862204;0;5;5;1;3;0;4;8;2;18;24;1;5;6;22;0.057576826884106924;1;2;16;15;0;20;4.028958665461858;20;-1.5888660607394565;5;3;0;2;2;0;16;14;2;17;21;-3.5935581156832783;1;0;11;23;4.2205081689885535;0;15;25;2;1;0;10;20;-8.828470278539388;5;17;0;5;12;0;7;-2.2129268486864935;19
TRACK:1645;1631;-1;5;4;2;2;3;2;4;6;6;6;19;0;2;1;2;20;-8.83117275960524;17;1;7;4.668898211888486;10;3;3;14;4;5;6;20;-6.221666011579267;5;0;0;5;2;1;22;2.0727925487914125;8;12;6;4;3;16;3;1;3;4;14;5;17;0;5;5;1;3;0;5;10;2;18;24;1;5;6;22;0.28204370520932576;1;2;16;15;0;20;4.081149689207685;20;-1.3597812385757844;5;3;0;2;2;0;16;14;2;24;21;-3.934222146702503;1;0;11;23;4.306205891081895;0;15;25;2;1;0;10;20;-8.662773812615324;5;15;0;5;12;0;7;-2.019901037807946;19
TRACK:1646;1633;-1;5;4;2;2;3;2;4;6;6;5;10;0;2;1;2;20;-9.134597515527995;17;1;7;4.819849894456388;10;3;3;14;4;5;6;20;-6.201783088657616;5;0;0;5;2;1;22;1.7939145086532766;8;12;6;4;3;16;3;1;3;4;14;0;3;9;5;9;0;5;5;1;3;0;5;10;2;18;24;1;5;6;22;-0.0186025095243458;1;2;16;15;0;20;4.284619074357584;20;-1.3191579414357133;5;3;0;2;2;0;16;14;2;24;21;-3.8393321729086987;1;0;11;23;4.4448564786373455;0;15;25;2;1;0;10;20;-8.482998255384228;5;17;0;5;12;0;7;-2.388599950496535;19
TRACK:1647;1587;-1;5;4;2;2;3;2;4;6;6;5;7;-8.708083824180626;0;2;1;2;20;-9.181764418624919;17;1;7;4.583641567183419;10;3;3;14;4;5;6;20;-6.433741961085162;5;0;0;5;2;1;22;1.9350931691155053;8;12;6;4;3;16;3;1;3;4;14;2;1;8;7;3.019936566521646;2;14;20;-8.640366805470718;0;5;5;1;3;0;5;10;2;18;24;1;5;6;22;0.04830867413475144;1;2;16;15;0;20;3.9744898458954196;20;-1.1315202526707437;5;3;0;2;2;0;16;14;2;24;21;-3.7992739006601246;1;0;11;10;0;15;25;2;1;0;10;20;-8.643757892145569;5;17;0;5;12;0;7;-2.2381628731539918;19
TRACK:1648;1637;-1;5;4;2;2;3;2;4;6;6;5;17;0;2;1;16;1;7;4.590733351733572;10;3;3;14;4;5;6;20;-6.1070948359634265;5;0;0;5;1;6;11;2;21;9.002701505634196;17;6;4;3;16;3;1;3;4;14;2;1;8;7;3.2751336024147037;2;14;16;0;5;5;0;8;14;5;3;0;2;2;0;16;14;2;24;21;-3.9629495003980573;1;0;11;18;0;15;25;2;1;14;5;17;0;5;12;0;7;-2.4799481428911623;19
TRACK:1649;1639;-1;5;4;2;2;3;2;4;6;6;5;17;0;2;1;2;20;-8.894444271135074;17;1;7;4.62987216191617;10;4;12;4;5;6;20;-5.541886747645959;5;0;0;5;1;6;15;2;21;9.217672561013218;17;6;4;17;3;1;16;13;0;5;5;1;3;0;5;10;2;18;24;1;5;6;22;0.05350230065251056;1;2;16;15;0;20;4.226332847806459;20;-1.4457009476367335;5;3;0;2;2;16;2;24;21;-3.8405146131466705;1;0;11;23;4.620132615701068;0;15;25;2;1;14;5;17;0;5;12;0;7;-2.3687690198043185;19
EVAL_INSTANCE:82:0:1640
EVAL_INSTANCE:82:1:1641
EVAL_INSTANCE:82:2:1642
EVAL_INSTANCE:82:3:1643
EVAL_INSTANCE:82:4:1644
EVAL_INSTANCE:82:5:1645
EVAL_INSTANCE:82:6:1646
EVAL_INSTANCE:82:7:1647
EVAL_INSTANCE:82:8:1648
EVAL_INSTANCE:82:9:1649
RUN_RESULT:82:0:0:893:RRDRRRDDRUDLLLDLUUDRRUULLLLDLUUUDRRULRRRRUUR
RUN_RESULT:82:1:0:2000:----
RUN_RESULT:82:2:0:619:RDRRRDDLDLUUDRRUULLLLDLUUUDRRULRRRRUUR
RUN_RESULT:82:3:0:2000:----
RUN_RESULT:82:4:0:2000:----
RUN_RESULT:82:5:0:1278:RDRRRDDLDLUUDRRUULLLLDLUUUDRRULRRDRDRRRDLLUUUUUR
RUN_RESULT:82:6:0:1366:RDRRRDDLDLUUDRRUULLLLDLUUUDRRULRRRRUUR
RUN_RESULT:82:7:0:2000:----
RUN_RESULT:82:8:0:2000:----
RUN_RESULT:82:9:0:1811:RDRRRDDLDLUUDRRUULLLLDLUUUDRRULURRDRRUUR
    83 |      830 | -3.254000E+03 | -3.564000E+03
TRACK:1650;1087;1609;5;4;2;2;3;2;4;6;6;5;20;-1.4968169502666846;0;2;1;2;20;-9.055238234557521;17;1;7;4.6714100621445755;10;3;3;14;4;5;6;20;-6.184301607843144;5;0;0;5;2;1;22;1.8520591977547043;8;12;6;4;3;16;3;1;3;4;14;2;1;8;7;3.132257535622614;2;14;16;0;5;5;1;3;0;5;10;2;18;24;1;5;6;22;0.018222364920325473;1;2;16;15;0;20;3.950159029101806;20;-1.3237465858486015;5;3;0;2;2;0;16;14;2;24;21;-3.843496344262961;1;0;11;23;4.397454443347297;0;15;25;2;1;0;10;20;-8.685644612938242;5;17;0;5;12;0;7;-2.230021524979761;19
TRACK:1651;1087;1609;5;4;2;2;3;2;4;1;5;6;22;0.018222364920325473;1;2;16;15;0;20;3.950159029101806;20;-1.3237465858486015;0;2;1;2;20;-9.320693244161898;17;1;7;4.7220325277705895;10;3;3;14;4;14;5;0;0;5;2;1;22;1.923619497107204;8;12;6;4;3;16;3;1;3;4;14;2;1;8;7;3.0274866555454607;2;14;20;-8.878827762802349;0;5;5;1;3;0;4;8;2;18;24;1;5;6;22;0.12376756875943894;1;2;16;15;0;20;4.165737301795081;20;-1.4968169502666846;5;3;0;2;2;0;16;14;2;24;21;-3.7840995468803937;1;0;11;23;4.232383231439046;0;15;25;2;1;0;10;20;-8.83252758509879;5;17;0;5;12;0;7;-2.2270801466683983;19
TRACK:1652;1642;1587;5;4;2;2;3;2;4;6;6;5;7;-8.828658069678704;0;2;1;2;20;-9.287302446819876;17;1;7;4.719364267750433;10;3;3;14;4;14;5;0;0;5;2;1;22;1.7935516268539546;22;-1.3556026058111001;12;6;4;3;16;3;1;3;4;14;2;1;8;7;2.907372739460562;2;14;20;-8.79157478533725;0;5;5;1;3;0;4;8;2;18;24;1;5;6;22;0.015560433106742363;18;5;3;0;2;2;0;16;14;2;24;21;-3.8233888570966323;1;0;11;23;4.232283167468702;0;15;25;2;1;0;10;20;-8.802690835807653;5;17;0;5;12;0;7;-2.2224612915723787;19
TRACK:1653;1642;1587;5;4;2;2;3;2;4;6;6;5;7;-8.853576135577189;0;2;1;2;20;-9.224434265050338;17;1;7;4.696657417337175;10;3;3;14;4;5;6;20;-6.396384481629575;5;0;0;5;2;1;22;1.906593067715322;8;12;6;4;3;16;3;1;3;4;14;2;1;8;7;3.0133491701539907;2;14;20;-8.792991378609958;0;5;5;1;3;0;5;17;2;18;24;1;5;6;22;0.07792157900469257;1;2;16;15;0;20;3.9835440986117345;20;-1.3156452878401617;5;3;0;2;2;0;16;14;2;24;21;-3.820957787781262;1;0;11;23;4.335986549822248;0;15;25;2;1;0;10;20;-8.722521064477954;5;17;0;5;12;0;7;-2.2365689066102887;19
TRACK:1654;1602;1642;5;4;2;2;3;2;4;6;6;5;7;-8.924658109388547;0;2;1;2;20;-9.216759550981875;17;1;7;4.727188977081249;10;3;3;14;4;5;6;20;-6.451752253170602;5;0;0;5;15;6;4;3;16;3;1;5;12;2;1;8;7;2.801339003919385;2;14;20;-8.813586194873086;0;5;5;1;3;0;5;10;2;18;24;1;5;6;22;0.041540945791869496;1;2;16;15;0;20;4.006829564185604;20;-1.1949904755351541;5;3;0;2;2;0;16;14;2;24;21;-3.731835156910387;1;0;11;23;4.302434023109279;0;15;25;2;1;0;10;20;-8.669834775185848;5;17;0;5;12;0;7;-2.3814190398794284;19
TRACK:1655;1602;1642;5;4;2;2;0;5;12;0;7;-2.3814190398794284;19;5;0;0;5;2;1;22;1.7935516268539546;22;-1.3556026058111001;12;6;4;3;16;3;1;3;4;14;2;1;8;7;2.907372739460562;2;14;20;-8.79157478533725;0;5;5;1;3;0;4;8;2;18;24;1;5;6;22;0.015560433106742363;1;2;16;15;0;20;4.24004602305983;20;-1.6861889451587957;5;3;0;2;2;0;16;14;2;24;21;-3.8233888570966323;1;0;11;23;4.232283167468702;0;15;25;2;1;0;10;20;-8.802690835807653;5;17;0;5;12;0;7;-2.2224612915723787;19
TRACK:1656;1609;1401;5;4;2;2;3;2;4;6;6;5;7;-8.778687284129877;0;2;1;2;20;-9.320693244161898;17;1;7;4.7220325277705895;10;3;3;14;4;14;5;0;0;5;2;1;22;1.923619497107204;8;12;6;4;3;16;3;1;3;4;14;2;1;8;7;3.0274866555454607;2;14;20;-8.878827762802349;0;5;5;1;3;0;4;8;2;18;24;1;5;6;22;0.12376756875943894;1;2;16;15;0;20;4.165737301795081;20;-1.4968169502666846;5;3;0;2;2;0;16;14;2;24;17;1;0;11;23;4.232383231439046;0;15;25;2;1;0;10;20;-8.83252758509879;5;17;0;5;12;0;7;-2.2270801466683983;19
TRACK:1657;1609;1401;5;4;6;6;5;7;-8.778687284129877
TRACK:1658;1587;1602;5;4;2;2;3;2;4;6;6;5;7;-8.853576135577189;0;2;1;2;20;-9.224434265050338;17;1;7;4.696657417337175;10;3;3;14;4;5;6;20;-6.396384481629575;5;0;0;5;2;1;22;1.906593067715322;8;12;6;4;3;16;3;1;3;4;14;2;1;8;7;3.0133491701539907;2;14;20;-8.792991378609958;0;5;5;1;3;0;5;10;2;18;24;1;5;6;22;0.07792157900469257;1;2;16;15;0;20;3.9835440986117345;20;-1.3156452878401617;5;3;0;2;2;0;16;14;21;-3.731835156910387;1;0;11;23;4.335986549822248;0;15;25;2;1;0;10;20;-8.722521064477954;5;17;0;5;12;0;7;-2.2365689066102887;19
TRACK:1659;1587;1602;5;4;2;2;3;2;4;6;6;5;7;-8.924658109388547;0;2;1;2;20;-9.216759550981875;17;1;7;4.727188977081249;10;3;3;14;4;5;6;20;-6.451752253170602;5;0;0;5;15;6;4;3;16;3;1;3;4;14;2;1;8;7;2.801339003919385;2;14;20;-8.813586194873086;0;5;5;1;3;0;5;10;2;18;24;1;5;6;22;0.041540945791869496;1;2;16;15;0;20;4.006829564185604;20;-1.1949904755351541;5;3;0;2;2;0;11;14;2;24;21;-3.731835156910387;1;0;11;23;4.302434023109279;0;15;25;2;1;0;10;20;-8.669834775185848;5;17;0;5;12;0;7;-2.3814190398794284;19
TRACK:1660;1650;-1;5;4;2;2;3;2;4;6;6;5;20;-1.3195709086289567;0;2;1;2;20;-8.986101136607854;17;1;7;4.611706258030124;10;3;3;14;4;5;6;20;-6.115524240241351;5;0;0;5;2;1;22;1.9235038588296094;8;12;6;4;3;16;3;1;3;4;14;2;1;8;7;2.8608490613833872;2;14;16;0;5;5;1;3;0;5;10;2;18;24;1;5;6;22;-0.07729519332048289;1;2;16;7;9.266179936953666;0;20;4.114457255897443;20;-1.3974650229826127;5;3;0;2;2;0;16;14;2;24;21;-3.809663288831436;1;0;11;23;4.2509788296513396;0;15;25;2;1;0;10;20;-8.543436324051497;5;17;0;5;12;0;7;-2.1386521716697557;19
TRACK:1661;1652;-1;5;4;2;2;3;2;4;6;6;5;7;-8.773716218695359;0;2;1;2;22;0.03577938301952699;21;-9.634398598404134;1;7;4.706250393502752;10;3;3;14;4;14;5;0;0;5;2;1;22;1.8620534870963592;22;-1.304454650105339;12;6;4;3;16;3;1;3;4;14;2;1;8;7;2.772312715698478;2;14;20;-8.816127730326047;0;5;5;1;3;0;4;8;2;18;24;1;5;6;22;0.18908893298566615;18;5;3;0;2;2;0;16;14;2;24;21;-3.839139466905647;1;0;11;23;4.258156507534029;0;15;25;2;1;0;10;20;-8.905493442619209;5;17;0;5;12;0;7;-2.0149329648778864;19
TRACK:1662;1654;-1;5;4;2;2;3;2;4;6;6;5;7;-9.013686849554878;0;2;1;2;20;-9.114717220287236;17;1;7;4.726835085451437;10;3;3;14;4;5;6;20;-6.522441397321769;5;0;0;5;15;6;4;3;16;3;1;5;12;2;1;8;7;2.9270401468304943;3;15;0;5;5;1;3;0;5;10;2;18;24;1;5;6;22;-0.02443511695818111;1;2;16;15;0;20;4.009370451235315;20;-1.2601993932231603;5;3;0;2;2;0;16;14;2;24;21;-3.742246551621144;1;0;11;23;4.231225506696882;0;15;25;2;1;0;10;20;-8.778045346262065;5;17;0;5;12;0;7;-2.425925595105684;19
TRACK:1663;1656;-1;5;4;2;2;3;2;4;6;6;5;7;-8.821398429827825;0;2;1;2;20;-9.357487163253955;17;1;7;4.689162906106229;10;3;3;14;4;14;5;0;0;1;18;16;6;4;3;16;3;1;3;4;14;2;1;8;7;3.1576251070585313;2;14;20;-8.826565673642497;0;5;5;1;3;0;4;8;2;18;24;1;5;6;22;0.25539522896096933;1;2;16;15;0;20;4.084809913744812;20;-1.43897780509394;5;3;0;2;2;0;16;14;2;24;17;1;0;11;23;4.405718554527417;0;15;25;2;1;0;10;20;-8.93131633547981;5;17;0;5;12;0;7;-2.2913730313410876;19
TRACK:1664;1658;-1;5;4;2;2;3;2;4;6;6;5;7;-8.805575281960019;0;2;1;2;20;-9.07800739547388;17;1;7;4.72517370896797;10;3;3;14;4;5;6;20;-6.554715225787478;5;0;0;5;2;1;22;1.9485693874009369;8;12;6;4;3;16;3;1;3;4;14;2;1;8;7;3.1325845196735256;2;14;20;-8.719695831988306;0;5;5;1;3;0;5;10;2;18;24;1;5;6;22;0.2646942396316452;1;2;16;15;0;20;3.957354974603851;20;-1.349565173852063;5;3;0;2;2;0;16;14;21;-3.747592490659842;1;0;11;23;4.33550217715614;0;15;25;2;1;0;10;20;-8.855818356842622;5;17;0;5;15;0;7;-2.081337982711518;19
TRACK:1665;1651;-1;5;4;2;2;3;2;4;1;5;6;22;0.07400839794870731;1;2;16;15;0;20;3.910050799303475;20;-1.2535472427060157;0;2;1;2;20;-9.382628835362585;17;1;7;4.81319693305796;10;3;3;14;4;14;5;0;0;5;2;1;22;1.9480193352200144;8;12;6;4;3;16;3;1;3;4;14;2;1;8;7;3.062033415428609;2;14;20;-8.89161396833983;0;5;5;1;3;0;4;8;2;18;24;1;5;6;22;0.054233477775014194;1;2;16;15;0;20;4.129227215377571;20;-1.3037388832084909;5;3;0;2;2;0;16;14;2;24;21;-3.8997846048717117;1;0;11;23;4.191772793828388;0;15;25;2;1;0;10;20;-8.94997850686156;5;17;0;5;12;6;17
TRACK:1666;1653;-1;5;4;2;2;3;2;4;6;6;5;7;-8.803398679777994;0;2;1;2;20;-9.325123561185821;17;1;7;4.642413384547365;10;3;3;14;4;5;6;20;-6.561610216927064;5;0;0;5;2;1;22;2.006068908724853;8;12;6;4;3;16;3;1;3;4;14;2;1;8;7;3.056974814896831;2;14;20;-8.729392493331751;0;5;5;1;3;0;5;17;2;18;24;1;5;6;22;0.03432207715787031;1;2;16;15;0;20;3.8586904490908456;20;-1.2815062859593673;5;3;0;3;1;25;11;5;0;11;16
TRACK:1667;1655;-1;5;4;2;2;0;5;12;0;7;-2.415824879907799;19;5;0;0;5;2;1;22;1.8183207154990237;22;-1.3497887207761874;12;6;4;3;16;3;1;3;4;14;2;1;8;7;2.836556230112776;2;14;20;-8.763742847478367;0;5;5;1;3;0;4;8;2;18;24;1;2;4;18;5;23;-0.35471165522102943;1;2;16;15;0;20;4.201073689890404;20;-1.6380432327275258;5;3;0;2;2;0;16;14;2;24;21;-3.917281021201962;1;0;11;23;4.304735725069677;0;15;25;2;1;0;10;20;-8.789691055017064;5;17;0;5;12;0;7;-2.119058801686755;19
TRACK:1668;1657;-1;5;1;4;1;1;5;4;17;6;6;25;5;1;1;12;12;1;11;17;6;5;6;2;6;11;1;14;13
TRACK:1669;1659;-1;5;4;2;2;3;2;4;6;6;5;7;-8.892607908339338;0;2;1;2;20;-9.26693815761597;17;1;7;4.684613378385813;10;3;3;14;4;5;6;20;-6.5158548750966405;5;0;0;5;15;6;4;3;16;3;1;3;4;14;2;1;8;7;2.796139163598874;2;14;20;-8.79147122390518;0;5;5;1;3;0;5;10;2;18;24;1;5;6;22;0.022174377333624803;1;2;16;15;0;20;3.9241257166241876;20;-1.0164762777002139;5;3;0;2;2;2;18;9;2;24;21;-3.7176988241535756;1;0;11;23;4.255770776722066;0;15;25;2;1;0;10;20;-8.577506060827938;5;17;0;5;12;0;7;-2.3198758131948103;19
EVAL_INSTANCE:83:0:1660
EVAL_INSTANCE:83:1:1661
EVAL_INSTANCE:83:2:1662
EVAL_INSTANCE:83:3:1663
EVAL_INSTANCE:83:4:1664
EVAL_INSTANCE:83:5:1665
EVAL_INSTANCE:83:6:1666
EVAL_INSTANCE:83:7:1667
EVAL_INSTANCE:83:8:1668
EVAL_INSTANCE:83:9:1669
RUN_RESULT:83:0:0:2000:----
RUN_RESULT:83:1:0:2000:----
RUN_RESULT:83:2:0:2000:----
RUN_RESULT:83:3:0:2000:----
RUN_RESULT:83:4:0:1636:RDRRRDDRRUDLLLDLUUDRRUULLLLDLUUUDRRULRRRRUUR
RUN_RESULT:83:5:0:2000:----
RUN_RESULT:83:6:0:2000:----
RUN_RESULT:83:7:0:2000:----
RUN_RESULT:83:8:0:2000:----
RUN_RESULT:83:9:0:2000:----
    84 |      840 | -3.254000E+03 | -3.564000E+03
TRACK:1670;1401;1609;5;4;2;2;3;2;4;6;6;5;17;0;2;1;2;20;-9.113715300029808;7;-2.2270801466683983;1;7;4.703308406788663;10;3;3;14;4;5;6;20;-6.248056602725701;5;0;0;5;1;6;11;2;21;9.222585166565088;17;6;4;3;16;3;1;3;4;14;2;1;8;7;3.1985248013178778;2;14;16;0;5;5;0;8;14;5;3;0;2;2;0;16;14;2;24;21;-3.81033437076356;1;0;11;23;4.320161320381568;0;15;25;2;1;14;5;17;0;5;12;0;7;-2.4629387453343528;19
TRACK:1671;1401;1609;5;4;2;2;3;2;4;16;0;2;1;2;20;-9.320693244161898;17;1;7;4.7220325277705895;10;3;3;14;4;14;5;0;0;5;2;1;22;1.923619497107204;8;12;6;4;3;16;3;1;3;4;14;2;1;8;7;3.0274866555454607;2;14;20;-8.878827762802349;0;5;5;1;3;0;4;8;2;18;24;1;5;6;22;0.12376756875943894;1;2;16;15;0;20;4.165737301795081;20;-1.4968169502666846;5;3;0;2;2;0;16;14;2;24;21;-3.7840995468803937;1;0;11;23;4.232383231439046;0;15;25;2;1;0;10;20;-8.83252758509879;5;17;0;5;12;0;7;-2.2270801466683983;19
TRACK:1672;1587;1602;5;4;2;2;3;2;4;6;6;5;7;-8.853576135577189;0;2;1;2;20;-9.224434265050338;17;1;7;4.696657417337175;10;3;3;14;4;24;5;0;0;5;2;1;22;1.906593067715322;8;12;6;4;3;16;3;1;3;4;14;2;1;8;7;3.0133491701539907;2;14;20;-8.792991378609958;0;5;5;1;3;0;5;10;2;18;24;1;5;6;22;0.07792157900469257;1;2;16;15;0;20;3.9835440986117345;20;-1.3156452878401617;5;3;0;2;2;0;16;14;2;24;21;-3.820957787781262;1;0;11;23;4.335986549822248;0;15;25;2;1;0;10;20;-8.722521064477954;5;17;0;5;12;0;7;-2.2365689066102887;19
TRACK:1673;1587;1602;5;4;2;2;3;2;4;6;6;5;7;-8.924658109388547;0;2;1;2;20;-9.216759550981875;17;1;7;4.727188977081249;10;0;15;25;4;5;6;20;-6.451752253170602;5;0;0;5;15;6;4;3;16;3;1;3;4;14;2;1;8;7;2.801339003919385;2;14;20;-8.813586194873086;0;5;5;1;3;0;5;10;2;18;24;1;5;6;22;0.041540945791869496;1;2;16;15;0;20;4.006829564185604;20;-1.1949904755351541;5;3;0;2;2;0;16;14;2;24;21;-3.731835156910387;1;0;11;23;4.302434023109279;0;15;25;2;1;0;10;20;-8.669834775185848;5;17;0;5;12;0;7;-2.3814190398794284;19
TRACK:1674;1642;1609;5;4;2;2;3;2;4;6;6;5;7;-8.828658069678704;0;2;1;2;20;-9.287302446819876;17;1;7;4.719364267750433;10;3;3;14;4;14;5;0;0;5;2;1;22;1.7935516268539546;22;-1.3556026058111001;12;6;4;3;16;3;1;3;4;14;2;1;8;7;2.907372739460562;2;14;20;-8.79157478533725;0;5;5;1;3;0;4;8;2;18;24;1;5;6;22;0.015560433106742363;1;2;16;15;0;20;4.24004602305983;20;-1.6861889451587957;5;3;0;2;2;0;16;14;2;24;21;-3.8233888570966323;1;0;11;23;4.232283167468702;0;15;25;2;1;0;10;20;-8.802690835807653;5;17;0;5;15;0;7;-2.2224612915723787;19
TRACK:1675;1642;1609;5;4;2;2;3;2;4;6;6;5;7;-8.778687284129877;0;2;1;2;20;-9.320693244161898;17;1;7;4.7220325277705895;10;3;3;14;4;14;5;0;0;5;2;1;22;1.923619497107204;8;12;6;4;3;16;3;1;3;4;14;2;1;8;7;3.0274866555454607;2;14;20;-8.878827762802349;0;5;5;1;3;0;4;8;2;18;24;1;5;6;22;0.12376756875943894;1;2;16;15;0;20;4.165737301795081;20;-1.4968169502666846;5;3;0;2;2;0;16;14;2;24;21;-3.7840995468803937;1;0;11;23;4.232383231439046;0;15;25;2;1;0;10;20;-8.83252758509879;5;17;0;5;12;0;8;19
TRACK:1676;1642;1401;5;4;2;2;3;2;4;6;6;5;7;-8.828658069678704;0;2;1;2;20;-9.287302446819876;17;1;7;4.719364267750433;10;3;3;14;4;14;5;0;0;5;2;1;22;1.7935516268539546;22;-1.3556026058111001;12;6;4;3;16;3;1;3;4;14;2;1;8;7;2.907372739460562;2;14;20;-8.79157478533725;2;0;16;14;2;24;21;-3.81033437076356
TRACK:1677;1642;1401;5;4;2;2;3;2;4;6;6;5;17;0;2;1;2;20;-9.113715300029808;17;1;7;4.703308406788663;10;3;3;14;4;5;6;20;-6.248056602725701;5;0;0;5;1;6;11;2;21;9.222585166565088;17;6;4;3;16;3;1;3;4;14;2;1;8;7;3.1985248013178778;2;14;16;0;5;5;0;8;14;5;3;0;2;2;0;16;14;2;24;21;-3.81033437076356;1;0;11;23;4.320161320381568;0;15;25;2;1;14;20;-8.802690835807653;0;5;12;0;7;-2.4629387453343528;19
TRACK:1678;1587;1087;5;4;2;2;3;2;4;6;6;5;7;-8.853576135577189;0;2;1;2;20;-9.224434265050338;17;1;7;4.696657417337175;10;3;3;14;4;5;6;20;-6.396384481629575;5;0;0;5;2;1;22;1.906593067715322;8;12;6;4;3;16;3;1;3;4;14;2;1;8;7;3.0133491701539907;2;14;20;-8.792991378609958;0;5;5;1;3;0;5;10;2;18;24;1;5;6;22;0.07792157900469257;1;2;16;15;0;20;3.9835440986117345;20;-1.3156452878401617;5;3;0;2;2;0;16;14;17;1;0;11;23;4.335986549822248;0;15;25;2;1;0;10;20;-8.722521064477954;5;17;0;5;12;0;7;-2.2365689066102887;19
TRACK:1679;1587;1087;5;4;2;2;3;2;4;6;6;5;17;0;2;1;2;20;-9.055238234557521;17;1;7;4.6714100621445755;10;3;3;14;4;5;6;20;-6.184301607843144;5;0;0;5;2;1;22;1.8520591977547043;8;12;6;4;3;16;3;1;3;4;14;2;1;8;7;3.132257535622614;2;14;16;0;5;5;1;3;0;5;10;2;18;24;1;5;6;20;-8.792991378609958;1;2;16;15;0;20;3.950159029101806;20;-1.3237465858486015;5;3;0;2;2;0;16;14;2;24;21;-3.843496344262961;1;0;11;23;4.397454443347297;0;15;25;2;1;0;10;20;-8.685644612938242;5;17;0;5;12;0;7;-2.230021524979761;19
TRACK:1680;1670;-1;5;4;2;2;3;2;4;6;6;5;17;0;2;1;2;20;-9.161674654199354;7;-2.1044354881989333;1;7;4.692959175583498;10;3;3;14;4;5;6;20;-6.367141818766917;5;0;0;5;1;6;11;2;21;9.25498862279816;17;6;4;3;16;3;1;3;4;14;2;1;8;7;3.1674761459583762;2;14;16;0;5;5;0;8;14;5;3;0;2;2;3;23;-1.101263692396305;2;24;21;-3.554339990648685;1;0;11;23;4.404657369985677;0;15;25;2;1;14;5;17;0;5;12;0;7;-2.491508875839935;19
TRACK:1681;1672;-1;5;4;2;2;3;2;4;6;6;5;7;-8.773335962134887;0;2;1;2;20;-9.170970994459216;17;1;7;4.494948883069542;10;3;3;14;4;24;5;0;0;5;2;1;22;1.7768826758762506;8;12;6;4;3;16;3;1;3;4;14;2;1;8;7;3.0073618224594165;2;14;20;-8.788551348834929;0;5;5;1;3;0;5;10;2;18;24;1;5;6;22;0.12363641818900016;1;2;16;15;0;20;4.038647196099961;20;-1.4708156778697044;5;3;0;2;2;0;16;14;2;24;21;-3.7105447398584723;1;0;10;10;0;15;25;2;1;0;10;20;-8.66290008125336;5;17;0;5;12;0;7;-2.3376411092743163;19
TRACK:1682;1674;-1;5;4;2;2;3;2;4;6;6;5;7;-8.913801159213692;0;2;1;2;20;-9.19387198050503;17;1;7;4.792741864896284;10;3;3;14;4;14;5;0;0;5;2;1;22;1.9140623920700262;22;-1.2708775135064876;12;6;4;3;16;3;1;3;4;14;2;1;8;7;2.8222609311458307;2;14;20;-8.91063163442137;0;5;5;1;3;0;3;24;2;18;24;1;5;6;22;-0.025371677196841205;1;2;16;15;0;20;4.327859815086312;20;-1.538490645774849;5;3;0;2;2;0;16;14;2;24;21;-4.067408614322867;1;0;11;23;4.0455797198851355;0;15;25;2;1;0;10;20;-8.844433814935192;5;17;0;5;15;0;7;-2.160074348630689;19
TRACK:1683;1676;-1;5;4;2;2;3;2;4;2;24;18;0;2;1;2;20;-9.371566881888914;17;1;7;4.7284188771795295;10;3;3;14;4;14;5;0;0;5;2;1;22;1.8647338237013296;22;-1.3050744186571612;12;6;4;3;16;3;1;3;4;14;2;1;8;7;3.009783004458394;2;14;20;-8.605442603116751;2;0;16;14;2;24;21;-3.8409992196604215
TRACK:1684;1678;-1;5;4;2;2;3;2;4;6;6;5;7;-8.912339996812944;0;2;1;2;20;-9.30613959016999;17;1;7;4.751414351196049;10;3;3;14;4;5;6;20;-6.279106410833317;5;0;0;5;2;1;22;1.885312257194359;8;12;6;4;3;16;3;1;3;4;14;2;1;8;7;3.1043358351376056;2;14;22;7.283664263586434;0;5;5;1;3;0;5;10;2;18;24;1;5;6;22;0.10763491833724637;1;2;16;15;0;20;4.0513479557866905;20;-1.3620652609456925;5;3;0;2;2;0;16;14;17;1;0;11;23;4.237006968497972;0;15;25;2;1;0;10;20;-8.610891348048343;5;17;0;5;12;0;7;-2.1801576001176093;19
TRACK:1685;1671;-1;5;4;2;2;3;2;4;16;0;2;1;2;20;-9.292841408005229;17;1;7;4.608754701855802;10;3;3;14;4;14;5;0;0;5;2;1;22;1.848177410419528;8;12;6;4;3;16;3;1;3;4;14;2;1;8;7;3.056423334678288;2;14;20;-8.882398991268126;0;5;5;1;3;2;3;24;6;8;1;5;6;22;0.08781600426474839;1;2;16;15;0;20;4.186297611674542;20;-1.5165453274152314;5;3;0;2;2;0;16;14;2;24;21;-3.7589721797472535;1;0;11;23;4.338531109078187;0;15;25;2;1;0;10;20;-8.849982944043461;5;17;0;5;12;0;7;-2.149642885619039;19
TRACK:1686;1673;-1;5;4;2;2;3;2;4;6;6;5;7;-8.915315147823119;0;2;1;2;20;-9.054662624263198;17;1;7;4.815696169279714;10;0;15;25;4;5;6;20;-6.455584494432704;5;0;0;5;15;6;4;3;16;3;1;3;4;14;2;1;8;7;2.958790453640133;2;14;20;-8.812566132472096;0;5;5;1;3;0;5;10;2;18;24;1;5;6;22;-0.0660023164925356;1;2;16;15;0;20;3.976498132930063;20;-1.0805309812604074;5;3;0;2;2;0;16;14;2;24;21;-3.8861687713331725;1;0;13;23;4.144747855410457;0;15;25;2;1;0;10;20;-8.639304674166706;5;17;0;5;12;0;7;-2.4844973233910355;19
TRACK:1687;1675;-1;5;4;2;2;3;2;4;6;6;5;7;-8.916696620432209;0;2;1;2;20;-9.426657720520113;17;1;7;4.646384259208308;10;3;3;13;4;14;5;0;0;5;2;1;22;1.9444264343051842;8;12;6;4;3;16;3;1;3;4;14;2;1;8;7;2.9176226563521652;2;14;20;-8.927745274855837;0;5;5;1;3;0;4;8;2;18;24;1;5;6;22;0.11009424998627315;1;2;16;15;0;20;4.1019649401529;20;-1.544914035174762;5;3;0;2;2;0;16;14;2;24;21;-4.014398271798425;1;0;11;23;4.143129956432649;0;15;25;2;1;0;10;20;-8.864637004578682;5;17;0;5;12;0;8;19
TRACK:1688;1677;-1;5;4;2;2;3;2;4;6;6;5;17;0;2;1;2;18;17;1;7;4.703945633149747;10;3;3;14;4;5;6;20;-6.3684629463449065;5;0;0;5;1;6;11;2;21;9.394650795075352;17;6;4;3;16;3;1;3;4;14;2;1;8;7;3.3012812590566796;2;14;16;0;5;5;0;8;14;5;3;0;2;2;0;16;14;2;24;21;-3.9817716907229803;1;0;11;23;4.353034992903294;0;15;25;2;1;14;20;-8.80065569166928;0;5;12;0;7;-2.4230352434126834;19
TRACK:1689;1679;-1;5;4;2;2;3;2;4;6;6;5;17;0;2;1;2;20;-8.961810238882801;17;1;7;4.738469115619593;10;3;3;14;4;5;6;20;-6.066174381054965;5;0;0;5;2;1;22;1.9646534882334277;8;12;6;4;3;16;3;1;3;4;14;2;0;19;18;2;14;16;0;5;5;1;3;0;5;10;2;18;24;1;5;6;20;-8.69173378063961;1;2;16;15;0;20;3.928417832839738;20;-1.4065950967923206;5;3;0;2;2;0;16;14;2;24;21;-3.813301411352559;1;0;11;23;4.551726863007757;0;15;25;2;1;0;10;20;-8.604399738293914;5;17;0;5;12;0;7;-2.423373308722045;19
EVAL_INSTANCE:84:0:1680
EVAL_INSTANCE:84:1:1681
EVAL_INSTANCE:84:2:1682
EVAL_INSTANCE:84:3:1683
EVAL_INSTANCE:84:4:1684
EVAL_INSTANCE:84:5:1685
EVAL_INSTANCE:84:6:1686
EVAL_INSTANCE:84:7:1687
EVAL_INSTANCE:84:8:1688
EVAL_INSTANCE:84:9:1689
RUN_RESULT:84:0:0:2000:----
RUN_RESULT:84:1:0:2000:----
RUN_RESULT:84:2:0:2000:----
RUN_RESULT:84:3:0:2000:----
RUN_RESULT:84:4:0:2000:----
RUN_RESULT:84:5:0:2000:----
RUN_RESULT:84:6:0:1758:RDRRRDDLDLUUDRRUULLLLDLUUUDRRULRRRRUUR
RUN_RESULT:84:7:0:2000:----
RUN_RESULT:84:8:0:2000:----
RUN_RESULT:84:9:0:854:RDRRRDDLDLUUDRRUULLLLDLUUUDRRULRRRRUUR
    85 |      850 | -3.257900E+03 | -3.564000E+03
TRACK:1690;1401;1642;5;4;2;2;3;2;4;6;6;2;16;15;0;2;1;2;20;-9.113715300029808;17;1;7;4.703308406788663;10;3;3;14;4;5;6;20;-6.248056602725701;5;0;0;5;1;6;11;2;21;9.222585166565088;17;6;4;3;16;3;1;3;4;14;2;1;8;7;3.1985248013178778;2;14;16;0;5;5;0;8;14;5;3;0;2;2;0;16;14;2;24;21;-3.81033437076356;1;0;11;23;4.320161320381568;0;15;25;2;1;14;5;17;0;5;12;0;7;-2.4629387453343528;19
TRACK:1691;1401;1642;5;4;2;2;3;2;4;6;6;5;7;-8.828658069678704;0;2;1;2;20;-9.287302446819876;17;1;7;4.719364267750433;10;3;3;14;4;14;5;0;0;5;2;1;22;1.7935516268539546;22;-1.3556026058111001;14;6;4;3;16;3;1;3;4;14;2;1;8;7;2.907372739460562;2;14;20;-8.79157478533725;0;5;5;1;3;0;4;8;2;18;24;1;5;6;22;0.015560433106742363;1;2;16;15;0;20;4.24004602305983;20;-1.6861889451587957;5;3;0;2;2;0;16;14;2;24;21;-3.8233888570966323;1;0;11;23;4.232283167468702;0;15;25;2;1;0;10;20;-8.802690835807653;5;17;0;5;12;0;7;-2.2224612915723787;19
TRACK:1692;1587;1609;5;4;2;2;3;2;4;6;6;5;7;-8.853576135577189;0;2;1;2;20;-9.224434265050338;17;1;7;4.696657417337175;10;3;3;14;4;5;6;20;-6.396384481629575;3;14;0;5;5;1;3;0;5;10;2;18;24;1;5;6;22;0.07792157900469257;1;2;16;15;0;20;3.9835440986117345;20;-1.3156452878401617;5;3;0;2;2;0;16;14;2;24;21;-3.820957787781262;1;0;11;23;4.335986549822248;0;15;25;2;1;0;10;20;-8.722521064477954;5;17;0;5;12;0;7;-2.2365689066102887;19
TRACK:1693;1587;1609;5;4;2;2;3;2;4;6;6;5;7;-8.778687284129877;0;2;1;2;20;-9.320693244161898;17;1;7;4.7220325277705895;10;3;3;14;4;14;5;0;0;5;2;1;22;1.923619497107204;8;12;6;4;3;16;3;1;3;4;14;2;1;8;7;3.0274866555454607;2;14;20;-8.878827762802349;0;5;5;1;3;0;4;8;2;18;24;1;5;6;22;0.12376756875943894;1;2;16;15;0;20;4.165737301795081;20;-1.4968169502666846;5;3;0;2;2;0;16;14;2;24;21;-3.7840995468803937;2;20;-9.224434265050338;17;2;1;0;10;20;-8.83252758509879;5;17;0;5;12;0;7;-2.2270801466683983;19
TRACK:1694;1602;1642;5;4;2;2;3;2;4;6;6;5;7;-8.924658109388547;0;2;1;2;20;-9.216759550981875;17;1;7;4.727188977081249;10;3;3;14;4;5;6;20;-6.451752253170602;5;0;0;5;15;20;-8.802690835807653;3;1;3;4;14;2;1;8;7;2.801339003919385;2;14;20;-8.813586194873086;0;5;5;1;3;0;5;10;2;18;24;1;5;6;22;0.041540945791869496;1;2;16;15;0;20;4.006829564185604;20;-1.1949904755351541;5;3;0;2;2;0;16;14;2;24;21;-3.731835156910387;1;0;11;23;4.302434023109279;0;15;25;2;1;0;10;20;-8.669834775185848;5;17;0;5;12;0;7;-2.3814190398794284;19
TRACK:1695;1602;1642;5;4;2;2;3;2;4;6;6;5;7;-8.828658069678704;0;2;1;2;20;-9.287302446819876;17;1;7;4.719364267750433;10;3;3;14;4;14;5;0;0;5;2;1;22;1.7935516268539546;22;-1.3556026058111001;12;6;4;3;16;3;1;3;4;14;2;1;8;7;2.907372739460562;2;14;20;-8.79157478533725;0;5;5;1;3;0;4;8;2;18;24;1;5;6;22;0.015560433106742363;1;2;16;15;0;20;4.24004602305983;20;-1.6861889451587957;5;3;0;2;2;0;16;14;2;24;21;-3.8233888570966323;1;0;14;23;4.232283167468702;0;15;25;2;1;0;10;20;-8.802690835807653;5;17;0;5;12;0;7;-2.2224612915723787;19
TRACK:1696;1401;1602;5;4;2;2;3;2;4;6;6;7;-8.924658109388547;0;2;1;2;20;-9.113715300029808;17;1;7;4.703308406788663;10;3;3;14;4;5;6;20;-6.248056602725701;5;0;0;5;1;6;11;2;21;9.222585166565088;17;6;4;3;16;3;1;3;4;14;2;1;8;7;3.1985248013178778;2;14;16;0;5;5;0;8;14;5;3;0;2;2;0;16;14;2;24;21;-3.81033437076356;1;0;11;23;4.320161320381568;0;15;25;2;1;14;5;17;0;5;12;0;7;-2.4629387453343528;19
TRACK:1697;1401;1602;5;4;2;2;3;2;4;6;6;5;7;-8.924658109388547;0;2;1;2;20;-9.216759550981875;17;1;7;4.727188977081249;10;3;3;14;4;5;6;20;-6.451752253170602;5;0;0;5;15;6;4;3;16;3;1;3;4;14;2;1;8;7;2.801339003919385;2;14;20;-8.813586194873086;0;5;5;1;3;0;5;10;2;18;24;1;5;6;22;0.041540945791869496;1;2;16;15;0;20;4.006829564185604;20;-1.1949904755351541;5;3;0;2;2;0;16;14;2;24;21;-3.731835156910387;1;0;11;23;4.302434023109279;0;15;25;2;1;0;10;20;-8.669834775185848;5;17;0;5;12;0;7;-2.3814190398794284;19
TRACK:1698;1609;1587;5;4;2;2;3;2;4;6;6;5;7;-8.778687284129877;0;2;1;2;20;-9.320693244161898;17;1;7;4.7220325277705895;10;3;3;14;4;14;5;0;0;5;2;1;22;1.923619497107204;8;12;1;22;1.906593067715322;8;3;1;3;4;14;2;1;8;7;3.0274866555454607;2;14;20;-8.878827762802349;0;5;5;1;3;0;4;8;2;18;24;1;5;6;22;0.12376756875943894;1;2;16;15;0;20;4.165737301795081;20;-1.4968169502666846;5;3;0;2;2;0;16;14;2;24;21;-3.7840995468803937;1;0;11;23;4.232383231439046;0;15;25;2;1;0;10;20;-8.83252758509879;5;17;0;5;12;0;7;-2.2270801466683983;19
TRACK:1699;1609;1587;5;4;2;2;3;2;4;6;6;5;7;-8.853576135577189;0;2;1;2;20;-9.224434265050338;17;1;7;4.696657417337175;10;3;3;14;4;5;20;-1.4968169502666846;5;0;0;5;2;1;22;1.906593067715322;8;12;6;4;3;16;3;1;3;4;14;2;1;8;7;3.0133491701539907;2;14;20;-8.792991378609958;0;5;5;1;3;0;5;10;2;18;24;1;5;6;22;0.07792157900469257;1;2;16;15;0;20;3.9835440986117345;20;-1.3156452878401617;5;3;0;2;2;0;16;14;2;24;21;-3.820957787781262;1;0;11;23;4.335986549822248;0;15;25;2;1;0;10;20;-8.722521064477954;5;17;0;5;12;0;7;-2.2365689066102887;19
TRACK:1700;1690;-1;5;4;2;2;3;2;4;6;6;2;16;15;0;2;1;2;20;-9.179371287932527;17;1;7;4.87621306040768;10;3;3;14;4;5;6;20;-6.188577835438378;5;0;0;5;1;6;11;2;21;9.26271656816722;17;6;4;3;16;3;1;3;4;14;2;1;8;7;3.12428945162108;2;14;16;0;5;2;4;2;6;8;0;8;19;2;2;4;21;-5.833646260872705;6;18;6;3;11;5;3;0;2;2;0;16;14;2;24;21;-3.8108003299362276;1;0;11;23;4.272808307094709;0;15;25;2;1;14;5;17;0;5;12;0;7;-2.4563867155461456;19
TRACK:1701;1692;-1;5;4;2;2;3;2;4;6;6;5;7;-8.906344150014883;0;2;1;2;20;-9.310921290462623;17;1;7;4.532654149404915;10;3;3;14;4;5;6;20;-6.326413452859592;3;14;0;5;5;1;3;0;5;10;2;18;24;1;5;6;22;0.0487240622800579;1;2;16;25;0;20;3.8143928559971374;20;-1.406227919327328;5;3;0;2;2;0;16;14;2;24;21;-3.9436987935160923;1;0;11;23;4.485649545656105;0;15;25;2;1;0;10;20;-8.849040950181926;5;17;0;5;12;0;7;-2.342077060231568;19
TRACK:1702;1694;-1;5;4;2;2;3;2;4;6;6;5;7;-8.859875992398594;0;2;1;2;20;-9.266335512463835;17;1;7;4.637814545416954;10;3;3;14;4;5;6;20;-6.491744127398856;5;0;0;5;15;20;-8.819500471257811;3;1;3;4;14;2;1;8;7;2.783864153942719;2;14;20;-8.88666916735753;0;5;5;1;3;0;5;10;2;18;24;1;5;6;22;0.166215756630092;1;2;16;15;0;20;4.165068596505532;20;-1.2336239209690243;4;4;17
TRACK:1703;1696;-1;5;4;2;2;3;2;4;6;6;7;-8.994801654095307;0;2;1;2;20;-9.281316006216;17;1;7;4.77366953969084;10;3;3;14;4;5;6;20;-6.170951341129609;5;0;0;5;1;6;11;2;21;9.161333587051391;17;6;4;3;16;3;1;3;4;14;2;1;8;7;3.1711871220103256;2;14;16;0;5;5;0;8;14;5;3;0;2;2;0;16;14;2;24;17;1;0;11;23;4.176677338832055;0;15;25;2;1;14;5;17;0;5;12;0;7;-2.2713182376333827;19
TRACK:1704;1698;-1;5;4;2;2;3;2;4;6;6;5;7;-8.662953012208694;0;2;1;2;20;-9.324198861991002;17;1;7;4.691434814304226;10;3;3;14;4;14;5;0;0;5;2;1;22;1.9174694928406504;8;12;1;22;1.8998010619032266;8;3;1;3;4;14;2;1;8;7;3.046353679443367;2;14;20;-8.913186812662488;0;5;5;1;3;0;4;19;2;18;24;1;5;6;22;0.06266588058645517;1;2;16;15;0;20;3.9821224100941515;20;-1.5975571000830318;5;3;0;2;2;0;16;14;2;24;21;-3.702700180692399;1;0;11;23;4.246437212504974;0;15;25;2;1;0;10;20;-8.715331921210012;5;17;0;5;12;0;7;-2.314486469360608;19
TRACK:1705;1691;-1;5;4;2;2;3;2;4;6;6;5;7;-8.782096829363585;0;2;1;2;20;-9.367054150950286;17;1;7;4.791150294043129;10;3;3;14;4;14;5;0;0;5;2;1;22;1.8381117680359491;22;-1.302408760938865;14;6;4;3;16;3;1;3;4;9;2;1;8;7;2.8784832975297188;2;14;20;-8.813925208394876;0;5;5;1;3;0;4;8;2;18;24;1;5;6;22;0.03204497874253641;1;2;16;15;0;20;4.247285984815506;20;-1.8213695833301384;5;3;0;2;2;0;16;14;2;24;21;-3.926731321974594;1;0;11;23;4.4922652305880115;0;15;25;2;1;0;10;20;-8.74244167163501;5;17;0;5;12;0;7;-2.0708049001663182;19
TRACK:1706;1693;-1;5;4;2;2;3;2;4;6;6;5;7;-8.765446653998454;0;2;1;2;20;-9.394421378136936;17;1;7;4.898852809360278;10;3;3;14;4;14;5;0;0;5;2;1;22;1.899842065550896;8;12;6;4;3;16;3;1;3;4;14;2;1;8;7;3.0910221710694326;2;14;20;-8.9257551673004;0;5;5;1;3;0;4;8;2;18;24;1;5;6;22;0.08293739129167133;0;20;-9.376177534335874;11;5;3;0;2;2;0;16;14;2;24;21;-3.9188696682600925;2;20;-9.222609334911892;17;2;1;0;10;20;-8.827242986040932;5;17;0;5;12;0;7;-2.4565437614447436;19
TRACK:1707;1695;-1;5;4;2;2;3;2;4;6;6;5;7;-8.722771374203582;0;2;1;2;20;-9.181732248728135;17;1;7;4.800098103136636;10;3;3;14;4;14;5;0;0;5;2;1;22;1.8678982474857257;22;-1.440195186753113;12;6;4;3;16;3;1;3;4;14;2;1;8;7;2.7282747131333926;2;14;20;-8.812296886025237;0;5;5;1;3;0;4;8;2;18;24;1;5;6;22;0.0010583938850794467;1;2;16;15;0;20;4.232507916332117;20;-1.5754764333001747;5;3;0;2;2;0;16;14;2;24;21;-3.8180499099551137;1;0;14;23;4.236087541421238;0;15;25;2;1;0;10;20;-8.68957628767901;1;21;-5.553923747424722;19;0;5;12;0;7;-2.415195600679803;19
TRACK:1708;1697;-1;5;4;2;2;3;2;4;6;6;5;12;0;2;1;2;20;-9.22307015765461;17;1;7;4.733225872511299;10;3;3;14;4;5;6;20;-6.366050373994441;5;0;0;5;15;6;4;3;16;3;1;3;4;14;2;1;8;7;2.7453140992355785;2;14;20;-8.680825224679381;0;5;5;1;3;0;5;10;2;18;24;1;5;6;22;0.12431379008325526;1;2;16;15;0;20;4.201949845241723;20;-1.2505378659477373;5;3;0;2;2;0;16;14;2;24;21;-3.6869347366636713;1;0;11;23;4.459604655803524;0;15;25;2;1;0;10;20;-8.638421727129602;5;17;0;5;12;0;7;-2.371002669925607;19
TRACK:1709;1699;-1;5;4;2;2;3;2;4;6;6;5;7;-8.888115847655435;0;2;1;2;20;-9.160640500668265;17;1;7;4.659196908098502;10;3;3;14;4;2;7;7.733847204428958;8;5;0;0;5;2;1;22;1.9530697387439655;8;12;6;4;3;16;3;1;3;4;14;2;1;8;7;2.8977606861160927;2;14;20;-8.734911471716643;0;5;5;1;3;0;5;10;2;18;24;1;5;6;22;0.09371648554032742;1;2;16;15;0;20;3.9981467702951647;20;-1.3038416911956616;5;3;0;2;2;0;16;14;2;24;21;-3.953331371987691;1;0;11;23;4.267337117427434;0;15;25;2;1;0;10;20;-8.67659803692921;5;17;0;5;12;0;7;-2.149271908086357;19
EVAL_INSTANCE:85:0:1700
EVAL_INSTANCE:85:1:1701
EVAL_INSTANCE:85:2:1702
EVAL_INSTANCE:85:3:1703
EVAL_INSTANCE:85:4:1704
EVAL_INSTANCE:85:5:1705
EVAL_INSTANCE:85:6:1706
EVAL_INSTANCE:85:7:1707
EVAL_INSTANCE:85:8:1708
EVAL_INSTANCE:85:9:1709
RUN_RESULT:85:0:0:736:RDRRRDDLDLUUDRRUULLLLDLUUUDRRULRRRRUUR
RUN_RESULT:85:1:0:2000:----
RUN_RESULT:85:2:0:2000:----
RUN_RESULT:85:3:0:2000:----
RUN_RESULT:85:4:0:438:RDRRRDDLDLUUDRRUULLLLDLUUUDRRULRRRRUUR
RUN_RESULT:85:5:0:1174:RDRRRDDLDLUUDRRUULLLLDLUUUDRRULRRDRDRRRDULULUUUR
RUN_RESULT:85:6:0:2000:----
RUN_RESULT:85:7:0:2000:----
RUN_RESULT:85:8:0:889:RDRRRDDLDLUUDRRUULLLLDLUUUDRRULRRRRUUR
RUN_RESULT:85:9:0:935:RDRRRDDLDLUUDRRUULLLLDLUUUDRRULRRRRUUR
    86 |      860 | -3.317000E+03 | -3.564000E+03
TRACK:1710;1087;1642;5;4;2;2;3;2;4;6;6;5;17;0;2;1;2;20;-9.055238234557521;17;1;7;4.6714100621445755;10;3;3;14;4;5;6;20;-6.184301607843144;5;0;0;5;2;1;22;1.8520591977547043;8;12;6;4;3;16;3;1;3;4;14;2;1;8;7;3.132257535622614;2;14;16;0;5;5;1;3;20;4.24004602305983;1;5;6;22;0.018222364920325473;1;2;16;15;0;20;3.950159029101806;20;-1.3237465858486015;5;3;0;2;2;0;16;14;2;24;21;-3.843496344262961;1;0;11;23;4.397454443347297;0;15;25;2;1;0;10;20;-8.685644612938242;5;17;0;5;12;0;7;-2.230021524979761;19
TRACK:1711;1087;1642;5;4;2;2;3;2;4;6;6;5;7;-8.828658069678704;0;2;1;2;20;-9.287302446819876;15;1;7;4.719364267750433;10;3;3;14;4;14;5;0;0;5;2;1;22;1.7935516268539546;22;-1.3556026058111001;12;6;4;3;16;3;1;3;4;14;2;1;8;7;2.907372739460562;2;14;20;-8.79157478533725;0;5;5;1;3;0;4;8;2;18;24;1;5;6;22;0.015560433106742363;1;2;16;15;0;20;4.24004602305983;20;-1.6861889451587957;5;3;0;2;2;0;16;14;2;24;21;-3.8233888570966323;1;0;11;23;4.232283167468702;0;15;25;2;1;0;10;20;-8.802690835807653;5;17;0;5;12;0;7;-2.2224612915723787;19
TRACK:1712;1602;1587;5;4;2;2;3;2;4;6;6;5;7;-8.924658109388547;0;2;1;2;20;-9.216759550981875;17;1;7;4.727188977081249;10;3;3;14;4;5;6;20;-6.451752253170602;5;0;1;2;16;15;0;20;3.9835440986117345;20;-1.3156452878401617;3;1;3;4;14;2;1;8;7;2.801339003919385;2;14;20;-8.813586194873086;0;5;5;1;3;0;5;10;2;18;24;1;5;6;22;0.041540945791869496;1;2;16;15;0;20;4.006829564185604;20;-1.1949904755351541;5;3;0;2;2;0;16;14;2;24;21;-3.731835156910387;1;0;11;23;4.302434023109279;0;15;25;2;1;0;10;20;-8.669834775185848;5;17;0;5;12;0;7;-2.3814190398794284;19
TRACK:1713;1602;1587;5;4;2;2;3;2;4;6;6;5;7;-8.853576135577189;0;2;1;2;20;-9.224434265050338;17;1;7;4.696657417337175;10;3;3;14;4;5;6;20;-6.396384481629575;5;0;0;5;2;1;22;1.906593067715322;8;12;6;4;3;16;3;1;3;4;14;2;1;8;7;3.0133491701539907;2;14;20;-8.792991378609958;0;5;5;1;3;0;5;10;2;18;24;1;5;6;22;0.07792157900469257;1;2;16;15;0;20;3.9835440986117345;20;-1.3156452878401617;5;3;0;2;2;0;16;14;2;24;21;-3.820957787781262;1;0;11;23;4.335986549822248;0;15;25;2;1;0;10;20;-8.722521064477954;5;17;0;5;12;0;7;-2.2365689066102887;17
TRACK:1714;1704;1087;5;4;2;2;3;2;4;6;6;5;7;-8.662953012208694;0;2;1;2;20;-9.324198861991002;17;1;7;4.691434814304226;10;3;3;14;4;14;5;0;0;5;2;1;22;1.9174694928406504;8;12;1;22;1.8998010619032266;8;3;1;3;4;14;2;1;8;7;3.046353679443367;2;14;20;-8.913186812662488;0;5;5;1;3;0;4;19;2;18;24;1;5;6;22;0.06266588058645517;1;2;16;15;0;20;3.9821224100941515;20;-1.5975571000830318;5;3;0;2;2;0;16;14;2;24;21;-3.702700180692399;1;0;11;23;4.246437212504974;0;15;25;2;1;0;10;20;-8.715331921210012;5;17;0;5;12;0;7;-2.314486469360608;19
TRACK:1715;1704;1087;5;4;2;2;3;2;4;6;6;5;17;0;2;1;2;20;-9.055238234557521;17;1;7;4.6714100621445755;10;3;3;14;4;5;6;20;-6.184301607843144;5;0;0;5;2;1;22;1.8520591977547043;8;12;1;3;4;14;2;1;8;7;3.046353679443367;2;14;20;-8.913186812662488;3;1;3;4;14;2;1;8;7;3.132257535622614;2;14;16;0;5;5;1;3;0;5;10;2;18;24;1;5;6;22;0.018222364920325473;1;2;16;15;0;20;3.950159029101806;20;-1.3237465858486015;5;3;0;2;2;0;16;14;2;24;21;-3.843496344262961;1;0;11;23;4.397454443347297;0;15;25;2;1;0;10;20;-8.685644612938242;5;17;0;5;12;0;7;-2.230021524979761;19
TRACK:1716;1587;1704;5;4;2;2;3;2;4;6;6;5;7;-8.853576135577189;0;14;4;5;6;20;-6.396384481629575;5;0;0;5;2;1;22;1.906593067715322;8;12;6;4;3;16;3;1;3;4;14;2;1;8;7;3.0133491701539907;2;14;20;-8.792991378609958;0;5;5;1;3;0;5;10;2;18;24;1;5;6;22;0.07792157900469257;1;2;16;15;0;20;3.9835440986117345;20;-1.3156452878401617;5;3;0;2;2;0;16;14;2;24;21;-3.820957787781262;1;0;11;23;4.335986549822248;0;15;25;2;1;0;10;20;-8.722521064477954;5;17;0;5;12;0;7;-2.2365689066102887;19
TRACK:1717;1587;1704;5;4;2;2;3;2;4;6;6;5;7;-8.662953012208694;0;2;1;2;20;-9.324198861991002;17;1;7;4.691434814304226;10;3;3;14;4;14;5;0;0;5;2;1;22;1.9174694928406504;8;12;1;22;1.8998010619032266;8;3;1;3;4;14;2;1;8;7;3.046353679443367;2;14;20;-8.913186812662488;0;5;5;1;3;0;4;19;2;18;24;1;5;6;22;0.06266588058645517;12;5;3;0;2;2;0;16;14;2;24;21;-3.702700180692399;1;0;11;23;4.246437212504974;0;15;25;2;1;0;10;20;-8.715331921210012;5;17;0;5;12;0;7;-2.314486469360608;19
TRACK:1718;1602;1642;5;4;2;2;3;2;4;6;6;5;7;-8.924658109388547;0;2;1;2;20;-9.216759550981875;17;1;7;4.727188977081249;10;3;20;-8.802690835807653;4;5;6;20;-6.451752253170602;5;0;0;5;15;6;4;3;16;3;1;3;4;14;2;1;8;7;2.801339003919385;2;14;20;-8.813586194873086;0;5;5;1;3;0;5;10;2;18;24;1;5;6;22;0.041540945791869496;1;2;16;15;0;20;4.006829564185604;20;-1.1949904755351541;5;3;0;2;2;0;16;14;2;24;21;-3.731835156910387;1;0;11;23;4.302434023109279;0;15;25;2;1;0;10;20;-8.669834775185848;5;17;0;5;12;0;7;-2.3814190398794284;19
TRACK:1719;1602;1642;5;4;2;2;3;2;4;6;6;5;7;-8.828658069678704;0;2;1;14;1;7;4.719364267750433;10;3;3;14;4;14;5;0;0;5;2;1;22;1.7935516268539546;22;-1.3556026058111001;12;6;4;3;16;3;1;3;4;14;2;1;8;7;2.907372739460562;2;14;20;-8.79157478533725;0;5;5;1;3;0;4;8;2;18;24;1;5;6;22;0.015560433106742363;1;2;16;15;0;20;4.24004602305983;20;-1.6861889451587957;5;3;0;2;2;0;16;14;2;24;21;-3.8233888570966323;1;0;11;23;4.232283167468702;0;15;25;2;1;0;10;20;-8.802690835807653;5;17;0;5;12;0;7;-2.2224612915723787;19
TRACK:1720;1710;-1;5;4;2;2;3;2;4;6;6;5;17;0;2;1;2;20;-9.185222616505563;17;1;7;4.765715227668082;10;3;3;14;4;5;6;20;-6.073116173683142;5;0;0;5;2;1;22;1.850303270670016;8;12;6;4;3;16;3;1;3;4;14;2;1;8;7;2.9708106036042885;2;14;16;0;5;5;1;3;20;4.131317998795603;1;5;6;22;0.00609558838416668;1;2;16;15;0;20;3.893214309725794;20;-1.24836562892998;5;3;0;2;2;0;16;14;2;24;21;-3.867043538411218;1;0;11;23;4.494540339965798;0;15;25;2;1;0;10;20;-8.745553760422888;5;17;0;5;12;0;11;19
TRACK:1721;1602;-1;5;4;2;2;3;2;4;6;6;5;7;-8.93229750049069;0;2;1;2;20;-9.31478673946925;17;1;7;4.695694618922034;10;3;3;14;4;5;6;20;-6.683405951484896;5;0;0;5;15;6;4;3;16;3;1;3;4;14;2;1;8;7;2.7896235341204094;2;14;20;-8.844119995195127;0;5;5;1;3;0;5;10;2;18;24;1;5;6;22;-0.059455883716709026;1;24;8;5;3;0;2;2;0;16;14;2;24;21;-3.6864561897577692;1;0;11;23;4.2101647032542;0;15;25;2;1;0;10;20;-8.563835017842617;5;17;0;5;12;0;7;-2.237096698581537;19
TRACK:1722;1704;-1;5;4;2;2;3;2;4;6;6;5;7;-8.68632936756244;0;2;1;2;20;-9.222936420948617;17;1;7;4.675772172973395;10;3;3;14;4;14;5;0;0;5;2;1;22;2.0275858527967974;10;12;1;22;1.8817257686509514;8;3;1;3;4;14;2;1;8;7;2.992493545444627;2;14;20;-8.961722727542753;0;5;5;1;3;0;4;19;2;18;24;1;5;6;22;0.17109945616697947;1;2;16;15;0;20;4.015018132414157;20;-1.5253389116219143;5;3;0;2;2;0;16;14;2;24;21;-3.630184310643136;1;0;11;23;4.238181781705038;0;15;25;2;1;0;10;20;-8.764862821173018;5;17;0;5;12;0;7;-2.4210804860776256;19
TRACK:1723;1716;-1;5;4;2;2;3;2;4;6;6;5;20;1.7416361980588597;0;14;4;5;6;20;-5.911176635057414;5;0;0;5;2;1;22;1.8211360858612953;8;12;6;4;3;16;3;1;3;4;14;2;1;8;7;2.953458656234989;2;14;20;-8.818415597358435;0;5;5;1;3;0;5;10;2;18;24;1;5;6;22;0.1838326543514578;1;2;16;15;0;20;3.8860432271399086;20;-1.1320583255024017;5;3;0;2;2;0;16;14;2;24;21;-3.9310315758932366;1;0;11;23;4.478664492084467;0;15;25;2;1;0;10;20;-8.599519254103372;5;17;0;5;12;0;7;-2.2658927540229556;19
TRACK:1724;1718;-1;5;4;2;2;3;2;4;6;6;5;7;-8.862379446824269;0;2;1;2;20;-9.10785974088902;13;1;7;4.67966036640749;10;3;20;-8.719069998250347;4;5;6;20;-6.246182996238666;5;0;0;5;15;6;4;3;16;3;1;3;4;14;2;1;8;7;2.903365093956426;2;14;20;-8.44877203554155;0;5;5;1;3;0;5;10;2;18;24;1;5;6;22;0.015792577507540196;1;2;16;15;0;20;3.9039127018240727;20;-1.1819049485526132;5;3;0;2;2;0;16;14;2;24;21;-3.617258993643015;1;0;11;23;4.216074724360498;0;15;25;2;1;0;10;20;-8.726536941799528;5;17;0;5;12;0;7;-2.487734274505109;19
TRACK:1725;1711;-1;5;4;2;2;3;2;4;6;6;5;7;-8.94366683498536;0;2;1;2;10;15;1;7;4.49340479409162;10;3;3;14;4;14;5;0;0;5;2;1;22;1.7602956663782199;22;-1.2716119644530974;12;6;4;3;16;3;1;3;4;14;2;1;8;7;2.8566658230117357;2;14;20;-8.801472268240953;0;5;5;1;3;0;4;8;2;18;24;1;5;6;22;0.05084028825415264;1;2;16;15;0;20;4.259311210753033;20;-1.608212175516193;5;3;0;2;2;0;16;14;2;24;21;-3.7934944027130864;1;0;11;23;4.286515388830424;0;15;25;2;1;0;10;20;-8.782025588817259;5;17;0;5;12;0;7;-2.064064668050218;19
TRACK:1726;1587;-1;5;4;2;2;3;2;4;6;6;5;7;-8.993256166586102;0;2;1;2;20;-9.309335797072725;17;1;7;4.649723042107866;10;3;3;14;4;5;6;20;-6.580004922683485;5;0;0;5;2;1;22;1.846794127626174;8;12;6;4;3;16;3;1;3;4;14;2;1;8;7;2.911266496974172;2;14;20;-8.906811443101779;0;5;5;1;3;0;5;10;2;18;24;1;5;6;22;0.0946230614230868;1;2;16;15;0;20;4.1687556237041825;20;-1.0764775380828917;5;3;0;2;2;0;16;14;2;24;21;-3.7430988425025244;1;0;11;23;4.242286684029317;0;15;25;2;1;0;10;20;-8.89805496931593;5;17;0;5;12;0;7;-2.160279715035493;11
TRACK:1727;1087;-1;5;4;2;2;3;2;4;6;6;5;17;0;2;1;2;20;-8.968412248006826;17;1;7;4.6739088987904855;10;3;3;14;4;5;6;20;-6.379542520087233;5;0;0;5;2;1;22;1.7314875507188048;8;12;6;4;3;16;3;1;3;4;14;2;1;8;7;3.160695801654996;2;14;16;0;5;5;1;3;0;5;10;2;18;24;1;5;6;22;-0.11250201593326872;1;2;16;15;0;20;4.045593729899185;20;-1.3745523368718615;5;3;0;2;2;0;16;14;2;24;21;-3.649209005939095;1;0;11;23;4.2633712507936865;0;15;9;2;1;0;10;20;-8.684615816452574;5;17;0;5;12;0;7;-2.430202501446221;19
TRACK:1728;1717;-1;5;4;2;2;3;2;4;6;6;5;7;-8.651370892835308;0;2;1;2;20;-9.303450766743715;17;1;7;4.468190400799835;10;3;3;14;4;14;5;0;0;5;2;1;22;1.901365454042172;8;12;1;22;2.066720246305616;8;3;1;3;4;14;2;1;8;7;3.162013688610208;2;14;20;-8.93307112004707;0;5;5;1;3;0;4;19;2;18;24;1;5;6;16;12;5;3;0;2;2;0;16;14;2;24;21;-3.7664958970845723;1;0;11;23;4.097981825096962;0;15;25;2;1;0;10;20;-8.69777772700177;5;17;0;5;12;0;7;-2.2477581265153654;19
TRACK:1729;1719;-1;5;4;2;2;3;2;4;6;6;5;7;-8.73827299382822;0;2;1;14;1;7;4.672937682943262;10;3;3;14;4;14;5;0;0;5;2;1;22;1.8038564624452922;22;-1.4682237527503974;12;6;4;3;16;3;1;3;4;14;2;1;8;7;2.862511666831948;2;14;20;-8.798539748885045;0;5;5;1;3;0;4;8;2;18;24;1;5;6;22;-0.005261128302684725;1;2;16;15;0;20;4.258298617726475;20;-1.7414236215425503;6;5;1;1;19;18;6;21;7.971422345149485
EVAL_INSTANCE:86:0:1720
EVAL_INSTANCE:86:1:1721
EVAL_INSTANCE:86:2:1722
EVAL_INSTANCE:86:3:1723
EVAL_INSTANCE:86:4:1724
EVAL_INSTANCE:86:5:1725
EVAL_INSTANCE:86:6:1726
EVAL_INSTANCE:86:7:1727
EVAL_INSTANCE:86:8:1728
EVAL_INSTANCE:86:9:1729
RUN_RESULT:86:0:0:2000:----
RUN_RESULT:86:1:0:811:RDRRRDDLDLUUDRRUULLLLDLUUUDRRULRRRRUUR
RUN_RESULT:86:2:0:556:RDRRRDDLDLUUDRRUULLLLDLUUUDRRULRRRRUUR
RUN_RESULT:86:3:0:2000:----
RUN_RESULT:86:4:0:2000:----
RUN_RESULT:86:5:0:2000:----
RUN_RESULT:86:6:0:1308:RDRRRDDLDLUUDRRUULLLLDLUUUDRRULRRRRUUR
RUN_RESULT:86:7:0:2000:----
RUN_RESULT:86:8:0:2000:----
RUN_RESULT:86:9:0:2000:----
    87 |      870 | -3.350400E+03 | -3.564000E+03
TRACK:1730;1587;1642;5;4;2;2;3;2;4;6;6;5;7;-8.853576135577189;0;2;1;2;20;-9.224434265050338;17;1;7;4.696657417337175;10;3;3;14;4;5;6;20;-6.396384481629575;5;0;0;5;2;1;22;1.906593067715322;8;12;6;4;3;16;3;1;3;4;14;2;1;8;7;3.0133491701539907;2;14;20;-8.792991378609958;0;5;5;1;3;0;5;10;2;18;24;1;5;6;22;0.07792157900469257;1;2;16;15;0;20;3.9835440986117345;20;-1.3156452878401617;5;3;0;2;2;0;16;14;2;24;21;-3.820957787781262;1;0;11;23;4.335986549822248;0;15;25;2;1;0;10;20;-8.722521064477954;12;0;5;12;0;7;-2.2365689066102887;19
TRACK:1731;1587;1642;5;4;2;2;3;2;4;6;6;5;7;-8.828658069678704;0;2;1;2;20;-9.287302446819876;17;1;7;4.719364267750433;10;3;3;14;4;14;5;0;0;5;2;1;22;1.7935516268539546;22;-1.3556026058111001;12;6;4;3;16;3;1;3;4;14;2;1;8;7;2.907372739460562;2;14;7;4.696657417337175;0;5;5;1;3;0;4;8;2;18;24;1;5;6;22;0.015560433106742363;1;2;16;15;0;20;4.24004602305983;20;-1.6861889451587957;5;3;0;2;2;0;16;14;2;24;21;-3.8233888570966323;1;0;11;23;4.232283167468702;0;15;25;2;1;0;10;20;-8.802690835807653;5;17;0;5;12;0;7;-2.2224612915723787;19
TRACK:1732;1722;1609;5;4;2;2;3;2;4;6;6;5;7;-8.68632936756244;0;2;1;1;8;7;3.0274866555454607;1;7;4.675772172973395;10;3;3;14;4;14;5;0;0;5;2;1;22;2.0275858527967974;10;12;1;22;1.8817257686509514;8;3;1;3;4;14;2;1;8;7;2.992493545444627;2;14;20;-8.961722727542753;0;5;5;1;3;0;4;19;2;18;24;1;5;6;22;0.17109945616697947;1;2;16;15;0;20;4.015018132414157;20;-1.5253389116219143;5;3;0;2;2;0;16;14;2;24;21;-3.630184310643136;1;0;11;23;4.238181781705038;0;15;25;2;1;0;10;20;-8.764862821173018;5;17;0;5;12;0;7;-2.4210804860776256;19
TRACK:1733;1722;1609;5;4;2;2;3;3;1;3;4;14;2;1;8;7;2.992493545444627;2;14;20;-8.961722727542753;5;0;0;5;2;1;22;1.923619497107204;8;12;6;4;3;16;3;1;3;4;14;2;1;8;7;3.0274866555454607;2;14;20;-8.878827762802349;0;5;5;1;3;0;4;8;2;18;24;1;5;6;22;0.12376756875943894;1;2;16;15;0;20;4.165737301795081;20;-1.4968169502666846;5;3;0;2;2;0;16;14;2;24;21;-3.7840995468803937;1;0;11;23;4.232383231439046;0;15;25;2;1;0;10;20;-8.83252758509879;5;17;0;5;12;0;7;-2.2270801466683983;19
TRACK:1734;1704;1609;5;4;2;2;3;2;4;6;6;5;7;-8.662953012208694;0;2;1;2;20;-9.324198861991002;17;1;7;4.691434814304226;10;3;3;14;4;14;5;0;0;5;2;1;22;1.9174694928406504;8;12;1;22;1.8998010619032266;8;3;1;3;4;14;2;1;8;7;3.046353679443367;2;14;20;-8.913186812662488;0;5;5;1;3;0;4;19;2;18;24;1;5;6;12;1;2;16;15;0;20;3.9821224100941515;20;-1.5975571000830318;5;3;0;2;2;0;16;14;2;24;21;-3.702700180692399;1;0;11;23;4.246437212504974;0;15;25;2;1;0;10;20;-8.715331921210012;5;17;0;5;12;0;7;-2.314486469360608;19
TRACK:1735;1704;1609;5;4;2;2;3;2;4;6;6;5;7;-8.778687284129877;0;2;1;2;20;-9.320693244161898;17;1;7;4.7220325277705895;10;3;3;14;4;14;5;0;0;5;2;1;22;1.923619497107204;8;12;6;4;3;16;3;1;3;4;14;2;1;8;7;3.0274866555454607;2;14;20;-8.878827762802349;0;5;5;1;3;0;4;8;2;18;24;1;5;6;22;0.12376756875943894;1;2;16;15;0;20;4.165737301795081;20;-1.4968169502666846;5;3;0;2;2;0;16;14;2;24;21;-3.7840995468803937;1;0;11;23;4.232383231439046;0;15;25;2;1;0;10;17;5;17;0;5;12;0;7;-2.2270801466683983;19
TRACK:1736;1602;1704;5;4;2;2;3;2;4;6;6;5;7;-8.924658109388547;0;2;1;2;20;-9.216759550981875;17;1;7;4.727188977081249;10;3;3;14;4;5;6;20;-6.451752253170602;5;0;0;5;15;6;4;3;16;3;1;3;4;14;2;1;8;7;2.801339003919385;2;14;20;-8.813586194873086;0;5;5;1;3;0;5;10;2;18;24;1;5;6;22;0.041540945791869496;1;2;16;15;0;20;4.006829564185604;20;-1.1949904755351541;5;3;0;2;2;0;11;14;2;24;21;-3.731835156910387;1;0;11;23;4.302434023109279;0;15;25;2;1;0;10;20;-8.669834775185848;5;17;0;5;12;0;7;-2.3814190398794284;19
TRACK:1737;1602;1704;5;4;2;2;2;4;6;6;5;7;-8.924658109388547;0;2;1;2;20;-9.216759550981875;17;1;7;4.727188977081249;10;3;3;14;4;5;6;20;-6.451752253170602;5;0;0;5;2;1;22;1.9174694928406504;8;12;1;22;1.8998010619032266;8;3;1;3;4;14;2;1;8;7;3.046353679443367;2;14;20;-8.913186812662488;0;5;5;1;3;0;4;19;2;18;24;1;5;6;22;0.06266588058645517;1;2;16;15;0;20;3.9821224100941515;20;-1.5975571000830318;5;3;0;2;2;0;16;14;2;24;21;-3.702700180692399;1;0;11;23;4.246437212504974;0;15;25;2;1;0;10;20;-8.715331921210012;5;17;0;5;12;0;7;-2.314486469360608;19
TRACK:1738;1700;1587;5;4;2;2;3;2;4;6;6;2;16;15;0;2;1;2;20;-9.179371287932527;17;1;7;4.87621306040768;10;3;3;14;4;5;6;20;-6.188577835438378;5;0;0;5;1;6;11;2;21;9.26271656816722;17;6;4;3;16;3;1;3;4;14;2;1;8;7;3.12428945162108;2;14;16;0;5;2;4;2;6;8;0;20;-6.396384481629575;19;2;2;4;21;-5.833646260872705;6;18;6;3;11;5;3;0;2;2;0;16;14;2;24;21;-3.8108003299362276;1;0;11;23;4.272808307094709;0;15;25;2;1;14;5;17;0;5;12;0;7;-2.4563867155461456;19
TRACK:1739;1700;1587;5;4;2;2;3;2;4;6;6;5;7;-8.853576135577189;0;2;1;2;20;-9.224434265050338;17;1;7;4.696657417337175;10;3;3;14;4;5;6;20;-6.396384481629575;5;0;0;5;2;1;22;1.906593067715322;8;12;6;17;3;1;3;4;14;2;1;8;7;3.0133491701539907;2;14;20;-8.792991378609958;0;5;5;1;3;0;5;10;2;18;24;1;5;6;22;0.07792157900469257;1;2;16;15;0;20;3.9835440986117345;20;-1.3156452878401617;5;3;0;2;2;0;16;14;2;24;21;-3.820957787781262;1;0;11;23;4.335986549822248;0;15;25;2;1;0;10;20;-8.722521064477954;5;17;0;5;12;0;7;-2.2365689066102887;19
TRACK:1740;1730;-1;5;4;2;2;3;2;4;6;6;5;7;-8.972925312146648;0;2;1;2;20;-9.184328582838164;17;1;7;4.596235472100589;10;3;3;14;4;5;6;20;-6.355628918653345;5;0;0;5;2;1;22;1.7696649475895325;8;12;6;4;3;16;3;6;10;0;5;5;1;3;0;5;10;2;18;24;1;5;6;22;0.12721852016038476;1;2;16;15;0;20;3.846361585855614;20;-1.2302896701797414;5;3;0;2;2;0;16;14;2;24;21;-3.6226138444353873;1;0;11;23;4.4125434704974476;0;15;25;2;1;0;10;20;-8.583349971909335;12;0;5;12;0;7;-2.258277541742617;19
TRACK:1741;1732;-1;5;4;2;2;3;2;4;6;6;5;7;-8.84764211339465;0;2;1;1;8;7;3.017009965908547;1;7;4.806817417500019;10;3;3;14;4;14;5;0;0;5;2;1;15;10;12;1;22;1.879646732193651;8;3;1;3;4;14;2;1;8;7;3.113449936133651;2;14;20;-8.78356588221463;0;5;5;1;3;0;4;19;2;18;24;1;5;6;22;0.12310438431426338;1;2;16;15;0;20;3.724834807235151;20;-1.413965599185277;5;3;0;2;2;0;16;14;2;24;21;-3.5615786858860936;1;0;11;23;4.213881038719878;0;15;25;2;1;0;10;20;-8.648660666283314;5;17;0;5;12;0;7;-2.363839128310376;19
TRACK:1742;1734;-1;5;4;2;2;3;2;4;6;6;5;7;-8.652616549879259;0;2;1;2;20;-9.230123652615438;17;1;7;4.617100017717001;10;3;3;14;4;14;5;0;0;5;2;1;22;1.866442071584454;8;12;1;22;1.9203106573790287;8;3;1;3;4;14;2;1;8;7;3.0878065814325724;2;14;20;-8.825194168098433;0;5;5;1;2;2;7;-7.091070001981496;12;2;18;19;1;5;6;12;1;2;16;15;0;20;3.991708240208788;20;-1.5998310414032544;5;3;0;2;2;0;16;14;2;24;21;-3.6203063651093275;1;0;11;23;4.4258022809266455;0;15;25;2;1;0;10;20;-8.585189694855053;5;17;0;5;12;0;7;-2.4625614450687983;19
TRACK:1743;1736;-1;5;4;2;2;3;2;4;6;6;5;7;-9.102972570985886;0;2;1;2;20;-9.218162501662288;17;1;7;4.954096313625167;10;3;3;14;4;5;6;20;-6.329541946593436;5;0;0;5;3;0;15;10;6;4;3;16;3;1;3;4;14;2;1;8;7;2.7749616490395086;2;14;20;-8.907714724377477;0;5;5;1;3;0;5;10;2;18;24;1;5;6;22;0.12771508130001313;1;2;16;15;0;20;3.825388052243696;20;-1.248250340772631;5;3;0;2;2;0;11;14;2;24;21;-3.854101199226005;1;0;11;23;4.262515700441104;0;15;25;2;1;0;10;20;-8.619381089155189;5;17;0;5;12;0;7;-2.415323682783758;19
TRACK:1744;1738;-1;5;4;2;2;3;2;4;6;6;2;16;15;0;2;1;2;20;-9.316649597062105;17;1;7;4.841450348904233;10;3;3;14;4;5;6;20;-6.0902585370584355;5;0;0;5;1;6;11;2;21;9.145849973270499;17;6;4;3;16;3;1;3;4;14;2;1;8;7;3.347254540142021;2;14;16;0;5;2;4;2;0;2;21;-0.4728076053532746;24;3;15;0;20;-6.316603348072067;19;2;2;4;21;-5.845417195325776;6;18;6;3;11;5;3;0;2;2;0;16;14;2;24;21;-3.939445013501523;1;0;11;23;4.260083811191903;0;15;25;2;1;14;5;17;0;5;12;0;7;-2.4379350757102305;19
TRACK:1745;1731;-1;5;4;2;2;3;2;6;5;3;2;25;25;0;2;1;2;20;-9.481795983642053;17;1;7;4.6773920821944;10;3;3;14;4;14;5;0;0;5;2;1;22;1.8075761261235965;22;-1.355040434946023;12;6;4;3;16;3;1;3;4;14;2;1;8;7;2.746538132178852;2;14;7;4.770659655851504;0;5;5;1;3;0;4;8;2;18;24;1;5;6;22;-0.11089956369573932;1;2;16;15;0;20;4.116051212478283;20;-1.7131468432817007;5;3;0;2;2;0;16;14;2;24;21;-3.8892489969246733;1;0;11;23;4.187485967591668;0;15;25;2;1;0;10;20;-8.86665391493427;5;17;0;5;12;0;7;-2.3229998129303393;19
TRACK:1746;1733;-1;5;4;2;2;3;3;1;3;4;14;2;1;8;7;2.9337769523646924;2;14;20;-8.791136656767835;5;0;0;5;2;1;22;1.8201547467641097;8;12;6;4;3;16;3;1;3;4;14;2;1;8;7;2.946142043335172;2;14;20;-8.673118034257383;0;5;5;1;3;0;4;8;2;18;24;1;5;6;22;0.14493648922799338;1;2;16;15;0;20;4.228882555024699;20;-1.718241769020458;5;3;0;2;2;0;16;14;2;24;21;-3.625145720032681;1;0;11;23;4.481565675118366;0;17;25;2;1;0;10;20;-8.758191322832872;5;17;0;5;12;0;7;-2.24419206252306;19
TRACK:1747;1735;-1;5;4;2;2;3;2;4;6;6;5;7;-8.815460903934216;0;2;1;5;9;1;7;4.73402285771618;10;3;3;14;4;14;5;0;0;5;2;1;22;2.102107280393234;8;12;6;4;3;16;3;1;3;4;14;2;1;8;7;2.9348390451400665;2;14;20;-8.75905966044548;0;5;5;1;3;0;4;8;2;18;24;1;5;6;22;0.09567347418372482;1;2;16;15;0;20;4.2351678634172645;20;-1.4939188951539002;5;3;0;2;2;0;16;14;2;24;21;-3.837898558789104;1;0;11;23;4.141095602451589;0;15;25;2;1;0;10;17;5;17;0;5;12;0;7;-2.1593411856830964;19
TRACK:1748;1737;-1;5;4;2;2;2;4;6;6;5;7;-8.87594716292922;0;2;1;2;20;-9.133703507213662;17;1;7;4.460521559023225;10;3;3;14;4;5;6;20;-6.449043455712257;5;0;0;5;2;1;22;1.856794586961308;8;12;1;22;1.7752771274334884;8;3;1;3;4;14;2;1;8;7;3.1142366904821466;2;14;20;-8.917939972685508;0;5;5;1;3;0;4;19;2;18;24;1;5;6;22;0.07473276044362814;1;2;16;15;0;20;3.9712726579042985;20;-1.5039915041438139;5;3;0;2;2;0;16;14;2;24;21;-3.8134515643694717;1;0;11;23;4.209560993781267;0;15;25;2;1;0;10;20;-8.634865973507274;5;17;0;5;12;0;7;-2.290886699488886;19
TRACK:1749;1739;-1;5;4;2;2;3;2;4;6;6;5;7;-8.891165156560191;0;2;1;2;20;-9.21552503101667;17;1;7;4.767063378440438;10;3;3;14;4;5;6;20;-6.429519444579481;5;0;0;5;2;1;22;1.9966154390229485;8;12;6;17;3;1;3;4;14;2;1;8;7;3.1038076246625623;2;14;20;-8.656972451452335;0;5;5;1;3;0;5;10;2;18;24;1;5;6;22;-0.06411199194452688;1;2;16;15;0;19;20;-1.1070644499034181;5;3;0;2;2;0;16;14;2;24;21;-3.733232364817412;1;0;11;23;4.332604268109613;0;15;25;2;1;0;10;20;-8.688233679532036;5;17;0;5;12;0;7;-2.355208268815607;19
EVAL_INSTANCE:87:0:1740
EVAL_INSTANCE:87:1:1741
EVAL_INSTANCE:87:2:1742
EVAL_INSTANCE:87:3:1743
EVAL_INSTANCE:87:4:1744
EVAL_INSTANCE:87:5:1745
EVAL_INSTANCE:87:6:1746
EVAL_INSTANCE:87:7:1747
EVAL_INSTANCE:87:8:1748
EVAL_INSTANCE:87:9:1749
RUN_RESULT:87:0:0:1297:RDRRRDDLDLUUDRRUULLLLDLUUUDRRULRRDRDRRRDULULUUUR
RUN_RESULT:87:1:0:2000:----
RUN_RESULT:87:2:0:2000:----
RUN_RESULT:87:3:0:2000:----
RUN_RESULT:87:4:0:1012:RDRRRDDLDLUUDRRUULLLLDLUUUDRRULRRRDRDRRDLLUUUUUR
RUN_RESULT:87:5:0:973:RDRRRDDLDLUUDRRUULLLLDLUUUDRRULRRRRUUR
RUN_RESULT:87:6:0:2000:----
RUN_RESULT:87:7:0:2000:----
RUN_RESULT:87:8:0:2000:----
RUN_RESULT:87:9:0:971:RDRRRDDLDLUUDRRUULLLLDLUUUDRRULRRRRUUR
    88 |      880 | -3.350400E+03 | -3.564000E+03
TRACK:1750;1587;1609;5;4;2;2;3;2;4;6;6;16;0;2;1;2;20;-9.224434265050338;17;1;7;4.696657417337175;10;3;3;14;4;5;6;20;-6.396384481629575;5;0;0;5;2;1;22;1.906593067715322;8;12;6;4;3;16;3;1;3;4;14;2;1;8;7;3.0133491701539907;2;14;20;-8.792991378609958;0;5;5;1;3;0;5;10;2;18;24;1;5;6;22;0.07792157900469257;1;2;16;15;0;20;3.9835440986117345;20;-1.3156452878401617;5;3;0;2;2;0;16;14;2;24;21;-3.820957787781262;1;0;11;23;4.335986549822248;0;15;25;2;1;0;10;20;-8.722521064477954;5;17;0;5;12;0;7;-2.2365689066102887;19
TRACK:1751;1587;1609;5;4;2;2;3;2;4;6;6;5;7;-8.778687284129877;0;2;1;2;20;-9.320693244161898;17;1;7;4.7220325277705895;10;3;3;14;4;14;5;0;0;5;2;1;22;1.923619497107204;8;12;6;4;3;16;3;1;3;4;14;2;1;8;7;3.0274866555454607;2;14;20;-8.878827762802349;24
TRACK:1752;1722;1704;5;4;2;2;3;2;4;6;6;5;7;-8.68632936756244;0;2;1;2;20;-9.222936420948617;17;1;7;4.675772172973395;10;3;3;14;4;14;5;0;0;5;2;1;22;2.0275858527967974;10;12;1;22;1.8817257686509514;8;3;1;3;4;14;2;1;8;7;2.992493545444627;2;14;20;-8.961722727542753;0;5;5;25;5;3;0;2;2;0;16;14;2;24;21;-3.630184310643136;1;0;11;23;4.238181781705038;0;15;25;2;1;0;10;20;-8.764862821173018;5;17;0;5;12;0;7;-2.4210804860776256;19
TRACK:1753;1722;1704;5;4;2;2;3;2;4;6;6;5;7;-8.662953012208694;0;2;1;2;20;-9.324198861991002;17;1;7;4.691434814304226;10;3;3;14;4;14;5;0;0;5;2;1;22;1.9174694928406504;8;12;1;22;1.8998010619032266;8;2;16;15;0;5;5;1;3;0;4;19;2;18;24;1;5;6;22;0.06266588058645517;1;2;16;15;0;20;3.9821224100941515;20;-1.5975571000830318;5;3;0;2;2;0;16;14;2;24;21;-3.702700180692399;1;0;11;23;4.246437212504974;0;15;25;2;1;0;10;20;-8.715331921210012;5;17;0;5;12;0;7;-2.314486469360608;19
TRACK:1754;1602;1700;5;4;2;2;3;2;4;6;6;5;7;-8.924658109388547;0;2;1;2;20;-9.216759550981875;17;2;21;9.26271656816722;17;3;3;14;4;5;6;20;-6.451752253170602;5;0;0;5;15;6;4;3;16;3;1;3;4;14;2;1;8;7;2.801339003919385;2;14;20;-8.813586194873086;0;5;5;1;3;0;5;10;2;18;24;1;5;6;22;0.041540945791869496;1;2;16;15;0;20;4.006829564185604;20;-1.1949904755351541;5;3;0;2;2;0;16;14;2;24;21;-3.731835156910387;1;0;11;23;4.302434023109279;0;15;25;2;1;0;10;20;-8.669834775185848;5;17;0;5;12;0;7;-2.3814190398794284;19
TRACK:1755;1602;1700;5;4;2;2;3;2;4;6;6;2;16;15;0;2;1;2;20;-9.179371287932527;17;1;7;4.87621306040768;10;3;3;14;4;5;6;20;-6.188577835438378;5;0;0;5;1;6;11;2;21;9.26271656816722;17;6;4;3;16;3;1;3;4;14;2;1;8;7;3.12428945162108;2;14;16;0;5;2;4;0;15;25;2;2;4;21;-5.833646260872705;6;18;6;3;11;5;3;0;2;2;0;16;14;2;24;21;-3.8108003299362276;1;0;11;23;4.272808307094709;0;15;25;2;1;14;5;17;0;5;12;0;7;-2.4563867155461456;19
TRACK:1756;1642;1609;5;4;2;2;3;2;4;6;6;5;7;-8.828658069678704;0;2;1;2;20;-9.287302446819876;17;1;7;4.719364267750433;10;3;3;14;4;14;5;0;0;5;3;3;14;6;4;3;16;3;1;3;4;14;2;1;8;7;2.907372739460562;2;14;20;-8.79157478533725;0;5;5;1;3;0;4;8;2;18;24;1;5;6;22;0.015560433106742363;1;2;16;15;0;20;4.24004602305983;20;-1.6861889451587957;5;3;0;2;2;0;16;14;2;24;21;-3.8233888570966323;1;0;11;23;4.232283167468702;0;15;25;2;1;0;10;20;-8.802690835807653;5;17;0;5;12;0;7;-2.2224612915723787;19
TRACK:1757;1642;1609;5;4;2;2;3;0;4;8;2;18;24;5;0;0;5;2;1;22;1.923619497107204;8;12;6;4;3;16;3;1;3;4;14;2;1;8;7;3.0274866555454607;2;14;20;-8.878827762802349;0;5;5;1;3;0;4;8;2;18;24;1;5;6;22;0.12376756875943894;1;2;16;15;0;20;4.165737301795081;20;-1.4968169502666846;5;3;0;2;2;0;16;14;2;24;21;-3.7840995468803937;1;0;11;23;4.232383231439046;0;15;25;2;1;0;10;20;-8.83252758509879;5;17;0;5;12;0;7;-2.2270801466683983;19
TRACK:1758;1704;1587;5;4;2;2;3;2;4;6;6;5;7;-8.662953012208694;0;2;1;2;20;-9.324198861991002;17;1;7;4.691434814304226;10;3;0;11;23;4.335986549822248;4;14;5;0;0;5;2;1;22;1.9174694928406504;8;12;1;22;1.8998010619032266;8;3;1;3;4;14;2;1;8;7;3.046353679443367;2;14;20;-8.913186812662488;0;5;5;1;3;0;4;19;2;18;24;1;5;6;22;0.06266588058645517;1;2;16;15;0;20;3.9821224100941515;20;-1.5975571000830318;5;3;0;2;2;0;16;14;2;24;21;-3.702700180692399;1;0;11;23;4.246437212504974;0;15;25;2;1;0;10;20;-8.715331921210012;5;17;0;5;12;0;7;-2.314486469360608;19
TRACK:1759;1704;1587;5;4;2;2;3;2;4;6;6;5;7;-8.853576135577189;0;2;1;2;20;-9.224434265050338;17;1;7;4.696657417337175;10;3;3;14;4;5;6;20;-6.396384481629575;5;0;0;5;2;1;22;1.906593067715322;8;12;6;4;3;16;3;1;3;4;14;2;1;8;7;3.0133491701539907;2;14;20;-8.792991378609958;0;5;5;1;3;0;5;10;2;18;24;1;5;6;22;0.07792157900469257;1;2;16;15;0;20;3.9835440986117345;20;-1.3156452878401617;5;3;0;2;2;0;16;16;2;24;21;-3.820957787781262;1;0;11;23;4.335986549822248;0;15;25;2;1;0;10;20;-8.722521064477954;5;17;0;5;12;0;7;-2.2365689066102887;19
TRACK:1760;1750;-1;5;4;2;2;3;2;4;6;6;16;0;2;1;2;20;-9.184315271272485;17;1;7;4.728875093585113;10;3;3;14;4;5;6;20;-6.3645796292970775;5;0;0;5;2;1;22;1.9101274748968264;8;12;6;4;3;16;3;1;3;4;14;2;1;8;7;3.1195696635241665;2;21;6.120691088658322;20;-8.860312839546213;0;5;5;1;3;0;5;10;2;18;24;1;5;6;22;0.07152965040596634;1;2;16;15;0;20;4.019368439488557;20;-1.290880838642152;5;3;0;2;2;0;16;14;2;24;21;-3.6670608949617556;1;0;11;23;4.334449144149522;0;15;25;2;1;0;10;20;-8.744035282861931;5;17;0;5;12;0;7;-2.2423866423836833;19
TRACK:1761;1752;-1;5;2;4;21;-1.5531467541595347;5;15
TRACK:1762;1754;-1;5;4;2;2;3;2;4;6;6;5;7;-9.010306477424185;0;2;1;2;20;-9.348895344546483;17;2;21;9.302657502384367;17;3;3;14;4;5;6;20;-6.369788931251421;5;0;0;5;15;6;4;3;16;3;1;3;5;20;-0.09569708100218577;2;1;8;7;2.65814393055211;2;14;20;-8.799983126463358;0;5;5;1;3;0;5;10;2;18;24;1;5;6;22;0.1475792521575231;1;2;16;15;0;20;4.000397737122249;20;-1.2717905642560872;5;3;0;2;2;0;16;14;2;24;21;-3.7984345685761816;1;0;11;23;4.185356191936914;0;15;25;2;1;0;10;20;-8.78068938301365;5;17;0;5;12;0;7;-2.3549287151076364;19
TRACK:1763;1756;-1;5;4;2;2;3;2;4;6;6;5;7;-8.914772383924385;0;2;1;2;20;-9.260443257369422;17;1;15;10;3;3;14;4;14;5;0;0;5;3;3;14;6;4;3;16;3;1;3;4;14;2;1;8;7;2.7615471979755646;2;14;20;-8.668245833024187;0;5;5;1;3;0;4;8;2;18;24;1;5;6;22;0.13818410336701498;1;2;16;15;0;20;4.234579044513325;20;-1.7577354569130406;5;3;0;2;2;0;16;14;2;24;21;-3.857123789992391;1;0;11;23;4.272285970998337;0;15;25;2;1;0;10;20;-8.587870746508708;5;17;0;5;12;0;7;-2.1147730870824177;19
TRACK:1764;1758;-1;5;4;2;2;3;2;4;6;6;5;7;-8.558974841255386;0;2;5;6;23;-6.042549035877192;3;0;11;23;4.378934544391439;4;14;5;0;0;5;2;1;22;1.862062089099318;8;12;1;22;1.9247662465150073;8;3;1;3;4;14;2;1;8;7;3.0221196549172693;2;14;20;-8.893727470811152;0;5;5;1;3;0;4;19;2;18;24;1;5;6;22;0.2937696687891145;1;2;16;15;0;20;3.9507544080346597;20;-1.3726690478875088;5;3;0;2;2;0;16;14;2;24;21;-3.631972650336266;1;0;11;23;4.231029141721887;0;15;25;2;1;0;10;20;-8.735610547173863;5;17;0;5;12;0;7;-2.3068945406239822;19
TRACK:1765;1751;-1;5;4;2;2;3;2;4;6;6;5;7;-8.739496061671748;0;2;1;2;20;-9.351739450886686;17;1;7;4.516359096821416;10;3;5;18;4;14;5;0;0;5;2;1;22;1.964601667072237;8;12;6;4;3;16;3;1;3;4;14;2;1;8;7;2.9855663076425243;2;14;20;-8.75251910168078;24
TRACK:1766;1753;-1;5;4;2;2;3;2;4;6;6;5;7;-8.635035151698506;0;2;1;2;20;-9.33799877842675;17;1;7;4.642963003365181;10;3;3;14;4;14;5;0;0;5;2;1;22;1.7745200005144413;8;12;1;22;1.9088533789321491;8;2;16;15;0;5;5;1;3;0;4;19;2;18;24;1;5;6;22;0.021121996148933314;1;2;16;15;0;20;3.865866462902192;20;-1.5609565305563586;5;3;0;5;15;2;1;0;10;20;-8.585150823049768;5;17;0;5;12;0;7;-2.3664256968987436;19
TRACK:1767;1755;-1;5;4;2;2;3;2;4;6;6;2;16;15;0;2;1;2;20;-9.212140757617718;17;1;7;4.859878321525845;10;3;3;14;4;5;6;20;-6.081837749723786;5;0;0;5;1;6;11;2;21;9.311870466859125;17;6;4;3;16;3;1;3;4;14;2;1;8;7;2.9902234779189265;2;14;16;0;5;2;4;0;15;25;2;2;4;21;-5.779683725224134;6;18;6;3;11;5;4;16
TRACK:1768;1757;-1;5;1;0;4;6;2;3;2;0;5;7;5.408787033783494;1;19;8;4;3;25;0;4;2;6;24;6;7;3.0245599743128153;3;6;2;11;14;3;6;3;4;6;4;2;22;-1.4592325878586685;13;3;1;0;1;6;3;0;1;25;11;0;17;15;0;3;3;2;18;14;1;5;6;8;1;6;19;0;20;-5.382326750482969;9;5;0;0;3;5;7;-2.846808173854825;5;5;14;0;1;0;10;23;2.3824622536128324;6;10;4;0;13;15;2;6;6;3;4;4;18;1;1;4;2;5;10;4;15;1;0;0;24;22;2.7355491241194603;2;23;-2.097681086655103;10;6;0;17;18;5;6;3;1;15;25
TRACK:1769;1759;-1;5;4;2;2;3;2;4;6;6;5;7;-8.998541588923441;0;2;1;2;20;-9.265909183647665;17;1;7;4.705896743614414;10;3;3;14;4;5;6;22;-3.3121910527715004;5;0;0;5;2;1;22;1.9029600794508772;8;12;6;4;3;16;3;1;3;4;14;2;1;8;7;3.113138754606155;2;14;20;-9.021227753344387;0;5;5;1;3;0;5;10;2;18;24;1;5;6;22;0.0598076295604558;1;2;16;15;0;20;4.022530258681582;20;-1.4071419628604038;5;3;0;2;2;0;16;16;2;24;21;-3.7862850695526373;1;0;11;23;4.291845808561987;0;15;25;2;1;0;10;20;-8.64047464431879;5;17;0;5;12;0;7;-2.2376917414629705;19
EVAL_INSTANCE:88:0:1760
EVAL_INSTANCE:88:1:1761
EVAL_INSTANCE:88:2:1762
EVAL_INSTANCE:88:3:1763
EVAL_INSTANCE:88:4:1764
EVAL_INSTANCE:88:5:1765
EVAL_INSTANCE:88:6:1766
EVAL_INSTANCE:88:7:1767
EVAL_INSTANCE:88:8:1768
EVAL_INSTANCE:88:9:1769
RUN_RESULT:88:0:0:1605:RDRRRDDLDLUUDRRUULLLLDLUUUDRRULRRRRUUR
RUN_RESULT:88:1:0:2000:----
RUN_RESULT:88:2:0:2000:----
RUN_RESULT:88:3:0:2000:----
RUN_RESULT:88:4:0:2000:----
RUN_RESULT:88:5:0:2000:----
RUN_RESULT:88:6:0:2000:----
RUN_RESULT:88:7:0:2000:----
RUN_RESULT:88:8:0:2000:----
RUN_RESULT:88:9:0:2000:----
    89 |      890 | -3.350400E+03 | -3.564000E+03
TRACK:1770;1642;1587;5;4;2;2;3;2;4;6;6;5;7;-8.828658069678704;0;2;1;2;20;-9.287302446819876;17;1;7;4.719364267750433;10;3;3;14;4;14;5;0;0;5;2;1;22;1.7935516268539546;22;-1.3556026058111001;12;6;4;3;16;3;1;3;4;14;2;1;8;7;2.907372739460562;2;14;20;-8.79157478533725;0;5;5;1;3;0;4;8;2;18;24;1;5;6;22;0.015560433106742363;1;2;16;15;0;20;4.24004602305983;20;-1.6861889451587957;5;3;0;2;2;0;16;14;2;24;21;-3.8233888570966323;1;0;11;23;4.232283167468702;0;15;25;2;1;0;10;20;-8.802690835807653;5;17;0;5;12;0;7;-2.2224612915723787;19
TRACK:1771;1642;1587;5;4;2;2;3;2;4;6;6;5;7;-8.853576135577189;0;2;1;2;20;-9.224434265050338;17;1;7;4.696657417337175;10;3;3;14;4;5;6;20;-6.396384481629575;5;0;0;5;2;1;22;1.906593067715322;8;12;6;4;3;16;3;1;3;4;14;2;1;8;7;3.0133491701539907;2;14;20;-8.792991378609958;0;5;5;1;3;0;5;10;2;18;24;1;5;6;22;0.07792157900469257;1;2;16;15;0;20;3.9835440986117345;20;-1.3156452878401617;5;3;0;2;2;0;16;14;2;24;21;-3.820957787781262;1;0;11;23;4.335986549822248;0;15;25;2;1;0;10;20;-8.722521064477954;5;10;0;5;12;0;7;-2.2365689066102887;19
TRACK:1772;1602;1704;5;4;2;2;3;2;4;6;6;5;7;-8.924658109388547;0;2;1;2;20;-9.216759550981875;17;1;7;4.727188977081249;10;3;3;14;4;5;6;20;-6.451752253170602;5;0;0;5;15;6;4;3;16;3;1;3;4;14;2;1;8;7;2.801339003919385;2;14;20;-8.813586194873086;0;5;5;1;3;0;5;10;2;18;24;1;5;6;22;0.041540945791869496;1;2;16;15;0;20;4.006829564185604;20;-1.1949904755351541;5;3;0;2;2;0;16;14;2;24;21;-3.731835156910387;1;0;11;23;4.302434023109279;0;15;25;2;3;3;14;0;5;12;0;7;-2.3814190398794284;19
TRACK:1773;1602;1704;5;4;2;2;3;2;4;6;6;5;7;-8.662953012208694;0;2;1;2;20;-9.324198861991002;17;1;7;4.691434814304226;10;3;3;14;4;14;5;0;0;5;2;1;22;1.9174694928406504;8;12;1;22;1.8998010619032266;8;3;1;3;4;14;2;1;8;7;3.046353679443367;2;16;20;-8.913186812662488;0;5;5;1;3;0;4;19;2;18;24;1;5;6;22;0.06266588058645517;1;2;16;15;0;20;3.9821224100941515;20;-1.5975571000830318;5;3;0;2;2;0;16;14;2;24;21;-3.702700180692399;1;0;11;23;4.246437212504974;0;15;25;2;1;0;10;20;-8.715331921210012;5;17;0;5;12;0;7;-2.314486469360608;19
TRACK:1774;1609;1642;5;4;2;2;3;2;4;6;6;5;7;-8.778687284129877;0;2;0;20;4.24004602305983;20;-1.6861889451587957;3;3;14;4;14;5;0;0;5;2;1;22;1.923619497107204;8;12;6;4;3;16;3;1;3;4;14;2;1;8;7;3.0274866555454607;2;14;20;-8.878827762802349;0;5;5;1;3;0;4;8;2;18;24;1;5;6;22;0.12376756875943894;1;2;16;15;0;20;4.165737301795081;20;-1.4968169502666846;5;3;0;2;2;0;16;14;2;24;21;-3.7840995468803937;1;0;11;23;4.232383231439046;0;15;25;2;1;0;10;20;-8.83252758509879;5;17;0;5;12;0;7;-2.2270801466683983;19
TRACK:1775;1609;1642;5;4;2;2;3;2;4;6;6;5;7;-8.828658069678704;0;2;1;2;20;-9.287302446819876;17;1;7;4.719364267750433;10;3;3;14;4;14;5;0;0;5;2;1;22;1.7935516268539546;22;-1.3556026058111001;12;6;4;3;16;3;6;5;7;-8.778687284129877;0;5;5;1;3;0;4;8;2;18;24;1;5;6;22;0.015560433106742363;1;2;16;15;0;20;4.24004602305983;20;-1.6861889451587957;5;3;0;2;2;0;16;14;2;24;21;-3.8233888570966323;1;0;11;23;4.232283167468702;0;15;25;2;1;0;10;20;-8.802690835807653;5;17;0;5;12;0;7;-2.2224612915723787;19
TRACK:1776;1587;1700;5;4;2;2;3;2;4;6;6;5;7;-8.853576135577189;0;2;1;2;20;-9.224434265050338;17;1;7;4.696657417337175;10;3;3;14;4;5;6;20;-6.396384481629575;5;0;0;5;2;1;22;1.906593067715322;8;12;6;4;3;16;3;1;3;4;14;2;1;8;7;3.0133491701539907;2;14;20;-8.792991378609958;0;5;5;20;-9.179371287932527;5;3;0;2;2;0;16;14;2;24;21;-3.820957787781262;1;0;11;23;4.335986549822248;0;15;25;2;1;0;10;20;-8.722521064477954;5;17;0;5;12;0;7;-2.2365689066102887;19
TRACK:1777;1587;1700;5;4;2;2;3;2;4;6;6;2;16;15;0;2;1;2;20;-9.179371287932527;17;1;7;4.87621306040768;15;3;3;14;4;5;6;20;-6.188577835438378;5;0;0;5;1;6;11;2;21;9.26271656816722;17;6;4;3;16;3;1;3;4;14;2;1;8;7;3.12428945162108;2;14;16;0;5;2;4;2;6;8;0;8;19;2;2;4;21;-5.833646260872705;6;18;6;3;11;5;3;0;2;2;0;16;14;2;24;21;-3.8108003299362276;1;0;11;23;4.272808307094709;0;15;25;2;1;14;5;17;0;5;12;0;7;-2.4563867155461456;19
TRACK:1778;1704;1609;5;4;2;2;3;2;4;6;6;5;7;-8.662953012208694;0;2;1;2;20;-9.324198861991002;17;1;7;4.691434814304226;10;3;3;14;4;14;5;0;0;5;2;1;22;1.9174694928406504;8;12;1;22;1.8998010619032266;8;3;1;3;4;14;2;1;8;7;3.046353679443367;2;14;20;-8.913186812662488;0;5;5;1;3;0;4;19;2;18;24;1;5;6;22;0.06266588058645517;1;2;16;15;0;20;3.9821224100941515;20;-1.5975571000830318;5;3;0;2;2;0;16;14;2;24;21;-3.702700180692399;1;0;11;23;4.246437212504974;0;15;25;2;1;0;10;20;-8.715331921210012;5;17;0;5;12;0;11;19
TRACK:1779;1704;1609;5;4;2;2;3;2;4;6;6;5;7;-8.778687284129877;0;2;1;2;20;-9.320693244161898;17;1;7;4.7220325277705895;10;3;3;14;4;14;5;0;0;5;2;1;22;1.923619497107204;8;12;6;4;3;16;3;1;3;4;14;2;1;8;7;3.0274866555454607;2;14;20;-8.878827762802349;0;5;1;2;16;15;0;20;3.9821224100941515;20;-1.5975571000830318;5;3;0;2;2;0;16;14;2;24;21;-3.7840995468803937;1;0;11;23;4.232383231439046;0;15;25;2;1;0;10;20;-8.83252758509879;5;17;0;5;12;0;7;-2.2270801466683983;19
TRACK:1780;1642;-1;5;4;2;2;3;2;4;6;6;5;7;-8.706276503432433;0;2;1;2;20;-9.347264588874605;17;1;7;4.739487709549679;10;3;3;14;4;14;5;0;0;5;2;1;22;1.7737039115649194;8;12;6;4;3;16;3;1;3;4;14;2;1;8;7;2.9042701678589586;2;14;20;-8.688010165903066;0;5;5;1;3;0;4;8;2;18;24;1;5;6;22;-0.15463049004989232;1;2;16;15;0;20;4.114397595940049;20;-1.5705697451117173;5;3;0;2;2;0;16;14;2;24;21;-3.892822915113349;1;0;11;23;4.300887874097747;0;15;25;2;1;0;10;20;-8.899389417271266;5;17;0;5;12;0;7;-2.363168664378748;19
TRACK:1781;1772;-1;5;4;2;2;3;2;4;6;6;5;7;-8.93396529719929;0;2;1;2;20;-9.168421566939942;17;1;12;10;3;3;14;4;5;6;20;-6.432937024284832;5;0;0;5;15;6;4;3;16;3;1;3;4;14;2;1;8;7;2.8716671150880946;2;14;20;-8.992519728443048;0;5;5;1;3;0;5;10;2;18;24;1;5;6;22;0.02588742229602798;1;2;16;15;0;20;3.708570866155353;20;-1.30383315787934;5;3;0;2;2;0;16;14;2;24;21;-3.641444353870601;1;0;11;23;4.287556389508303;0;15;25;2;3;3;14;0;5;12;0;7;-2.2168068514424686;19
TRACK:1782;1774;-1;5;4;2;2;3;2;4;6;6;5;7;-8.86530027776637;0;2;0;20;4.203679106655997;20;-1.8102206335267765;3;3;14;4;14;5;0;0;5;2;1;22;1.88187764916248;8;12;6;4;3;16;3;1;3;4;14;2;1;8;7;2.9927318828172176;2;14;20;-8.742277161312922;0;5;5;1;3;0;4;8;2;18;24;1;5;6;22;0.22677045726157052;1;2;16;15;0;20;4.115959234971719;20;-1.4830341684449244;5;3;2;5;5;3;15;1;4;0;23;6.941397086290198;16;2;0;15;7;-0.07559762686369709;1;15;21;-0.79783826162274
TRACK:1783;1776;-1;5;4;2;2;3;2;4;6;6;5;7;-8.905115289831643;0;2;1;2;20;-9.130768310931517;17;1;7;4.798851998128906;10;3;3;14;4;5;6;20;-6.426333537724286;5;0;0;5;2;1;22;1.8385554376974862;8;12;6;4;3;16;3;1;3;4;14;2;1;8;7;2.9332596767312213;2;14;20;-8.561748431703155;0;5;5;20;-9.305835831516095;5;3;0;2;2;0;16;14;2;24;21;-3.8312005400486124;1;0;11;23;4.356215148759223;0;15;25;2;1;0;10;20;-8.653634643976584;5;11;0;5;12;0;7;-2.329528020409668;19
TRACK:1784;1778;-1;5;4;2;2;3;2;4;6;6;5;7;-8.663151412972963;0;2;1;2;20;-9.25751329448812;17;1;7;4.808078173304877;10;3;3;14;4;14;5;0;0;5;2;1;22;1.745836185839624;8;12;1;22;1.8500468649761674;8;3;1;3;4;14;2;1;8;7;2.928098254925267;2;14;20;-8.877417418150268;0;5;5;1;3;0;4;19;2;18;24;1;5;6;22;-0.024432175780166335;1;2;16;15;0;16;20;-1.5805495296802274;5;3;0;2;2;0;16;14;2;24;21;-3.5837823260353403;1;0;11;23;4.086416074894753;0;15;25;2;1;0;10;20;-8.624196089566885;5;17;0;5;12;0;11;19
TRACK:1785;1587;-1;5;4;2;2;3;2;4;6;6;5;7;-8.861592091023422;0;2;1;2;20;-9.174762659841273;17;1;7;4.406182415875062;10;3;3;14;4;5;6;20;-6.271169475666637;5;0;0;5;2;1;22;1.946186619336584;8;12;6;4;3;16;3;1;3;2;20;6.501387542483663;25;2;1;8;7;3.042288262733411;2;14;20;-8.560272748575754;0;5;5;1;3;0;5;10;2;18;24;1;5;6;22;-0.034659405958736844;1;2;16;15;0;20;3.998379290468123;20;-1.301021671084169;5;3;0;2;2;0;16;14;2;24;21;-3.700784273606564;1;0;11;23;4.171515092884086;0;15;25;2;1;0;10;20;-8.59343388199155;5;17;0;5;12;0;7;-2.153847767712664;19
TRACK:1786;1773;-1;5;4;6;5;4;1;12;8
TRACK:1787;1775;-1;5;4;2;2;3;2;4;6;6;5;7;-8.988333384067356;0;2;1;2;20;-9.349795829997568;17;1;7;4.727090007984435;10;3;3;14;4;14;5;0;0;5;2;1;22;1.8575194002266182;22;-1.3807941507010169;12;6;4;3;16;3;6;5;7;-8.75202205903568;0;5;5;1;3;0;4;8;2;18;24;1;5;6;22;0.07902990188033329;1;2;16;15;0;20;4.193703600978365;20;-1.7547153410718876;3;2;3;2;3;2;19;17;2;2;9;9;5;15;0;1;3;0;10;16;5;5;22;7.915283932362797;2;3;4;8;1;3;23;-5.5420252097504985;6;12
TRACK:1788;1777;-1;5;4;2;2;3;2;4;6;6;2;16;15;0;2;1;2;20;-9.17264814405962;17;1;7;4.775378877222487;15;3;3;14;4;5;6;20;-5.988262002869966;5;0;0;5;1;6;11;2;21;9.296123752466386;14;6;4;3;16;3;1;3;4;14;2;1;8;7;3.162365365071171;2;14;16;0;5;2;4;2;6;8;0;8;19;2;2;4;21;-5.76283199563346;6;18;6;3;11;5;3;0;2;2;0;16;14;2;24;21;-3.804238332872862;1;0;11;23;4.039361077202514;0;15;25;2;1;14;5;17;0;5;12;0;7;-2.4322514303530625;19
TRACK:1789;1779;-1;5;4;2;2;3;2;4;6;6;5;7;-8.67419562310832;0;2;1;2;20;-9.30339986634835;17;1;16;10;3;3;14;4;14;5;0;0;5;2;1;22;2.065054525390869;8;12;6;4;3;16;3;1;3;4;14;2;1;8;7;3.176169104592055;2;14;20;-8.950379794801233;0;5;1;2;16;15;0;20;4.099657000333658;20;-1.4521253462242487;5;3;0;2;2;0;16;14;2;24;21;-3.823560767961047;1;0;11;23;4.394951749240972;0;15;25;2;1;0;10;20;-8.74993492014615;5;17;0;5;12;0;7;-2.2397055895693803;19
EVAL_INSTANCE:89:0:1780
EVAL_INSTANCE:89:1:1781
EVAL_INSTANCE:89:2:1782
EVAL_INSTANCE:89:3:1783
EVAL_INSTANCE:89:4:1784
EVAL_INSTANCE:89:5:1785
EVAL_INSTANCE:89:6:1786
EVAL_INSTANCE:89:7:1787
EVAL_INSTANCE:89:8:1788
EVAL_INSTANCE:89:9:1789
RUN_RESULT:89:0:0:901:RDRRRDDLDLUUDRRUULLLLDLUUUDRRULRRDRDRRRDULULUUUR
RUN_RESULT:89:1:0:2000:----
RUN_RESULT:89:2:0:2000:----
RUN_RESULT:89:3:0:2000:----
RUN_RESULT:89:4:0:2000:----
RUN_RESULT:89:5:0:2000:----
RUN_RESULT:89:6:0:2000:----
RUN_RESULT:89:7:0:2000:----
RUN_RESULT:89:8:0:2000:----
RUN_RESULT:89:9:0:2000:----
    90 |      900 | -3.350400E+03 | -3.564000E+03
TRACK:1790;1609;1587;5;4;2;2;3;2;4;6;6;5;7;-8.778687284129877;0;2;1;2;20;-9.320693244161898;17;1;7;4.7220325277705895;10;3;3;14;4;14;5;0;0;5;2;1;22;1.923619497107204;8;12;6;4;3;16;3;1;3;4;14;2;1;8;7;3.0274866555454607;2;14;20;-8.878827762802349;0;5;5;1;3;0;4;8;2;18;24;1;5;6;22;0.12376756875943894;1;2;16;15;0;20;4.165737301795081;20;-1.4968169502666846;5;3;0;2;2;0;16;14;2;24;21;-3.7840995468803937;1;0;11;23;4.232383231439046;14;2;1;0;10;20;-8.83252758509879;5;17;0;5;12;0;7;-2.2270801466683983;19
TRACK:1791;1609;1587;5;4;2;2;3;2;4;6;6;5;7;-8.853576135577189;0;2;1;2;20;-9.224434265050338;17;1;7;4.696657417337175;10;3;3;14;4;5;6;20;-6.396384481629575;5;0;0;5;2;1;22;1.906593067715322;8;12;6;4;3;16;3;1;3;4;14;2;19;2;14;20;-8.792991378609958;0;5;5;1;3;0;5;10;2;18;24;1;5;6;22;0.07792157900469257;1;2;16;15;0;20;3.9835440986117345;20;-1.3156452878401617;5;3;0;2;2;0;16;14;2;24;21;-3.820957787781262;1;0;11;23;4.335986549822248;0;15;25;2;1;0;10;20;-8.722521064477954;5;17;0;5;12;0;7;-2.2365689066102887;19
TRACK:1792;1722;1602;5;4;2;2;3;2;4;6;6;5;7;-8.68632936756244;0;2;1;2;20;-9.222936420948617;17;1;7;4.675772172973395;10;3;3;14;4;14;5;0;0;5;2;1;22;2.0275858527967974;10;12;1;22;1.8817257686509514;8;3;1;3;4;14;2;1;8;7;2.992493545444627;2;14;20;-8.961722727542753;3;3;14
TRACK:1793;1722;1602;5;4;2;2;3;2;4;6;6;5;7;-8.924658109388547;0;2;1;2;20;-9.216759550981875;17;1;7;4.727188977081249;10;3;3;14;4;5;6;20;-6.451752253170602;5;0;0;5;15;6;4;3;16;3;1;3;4;14;2;1;8;7;2.801339003919385;2;14;20;-8.813586194873086;0;5;5;1;3;0;5;10;2;18;24;1;5;6;22;0.041540945791869496;1;2;16;15;0;20;4.006829564185604;20;-1.1949904755351541;5;3;0;2;2;0;16;14;2;24;21;-3.731835156910387;1;0;11;23;4.302434023109279;0;15;25;2;1;0;10;20;-8.669834775185848;5;17;0;10;20;-8.764862821173018
TRACK:1794;1704;1700;5;4;2;2;3;2;4;6;6;5;7;-8.662953012208694;0;2;1;2;20;-9.324198861991002;17;1;7;4.691434814304226;10;3;3;14;4;14;5;0;0;5;2;1;22;1.9174694928406504;8;12;1;22;1.8998010619032266;8;3;1;3;4;14;2;1;8;7;3.046353679443367;2;14;20;-8.913186812662488;0;5;5;1;3;0;4;19;2;18;24;1;5;6;22;0.06266588058645517;1;2;16;15;0;20;3.9821224100941515;14;5;3;0;2;2;0;16;14;2;24;21;-3.702700180692399;1;0;11;23;4.246437212504974;0;15;25;2;1;0;10;20;-8.715331921210012;5;17;0;5;12;0;7;-2.314486469360608;19
TRACK:1795;1704;1700;5;4;2;2;3;2;4;6;6;2;16;15;0;2;1;2;20;-9.179371287932527;17;1;7;4.87621306040768;10;3;3;14;4;5;6;20;-6.188577835438378;5;0;0;1;0;11;23;4.246437212504974;0;15;25;6;4;3;16;3;1;3;4;14;2;1;8;7;3.12428945162108;2;14;16;0;5;2;4;2;6;8;0;8;19;2;2;4;21;-5.833646260872705;6;18;6;3;11;5;3;0;2;2;0;16;14;2;24;21;-3.8108003299362276;1;0;11;23;4.272808307094709;0;15;25;2;1;14;5;17;0;5;12;0;7;-2.4563867155461456;19
TRACK:1796;1587;1704;5;4;2;2;3;2;4;6;6;5;7;-8.853576135577189;0;2;1;2;20;-9.224434265050338;17;1;7;4.696657417337175;10;3;3;14;4;5;6;20;-6.396384481629575;5;0;0;5;2;1;22;1.906593067715322;8;12;6;4;3;16;3;1;3;4;14;2;1;8;7;3.0133491701539907;2;14;20;-8.792991378609958;0;5;5;1;3;0;5;10;2;18;24;1;5;6;20;-8.913186812662488;1;2;16;15;0;20;3.9835440986117345;20;-1.3156452878401617;5;3;0;2;2;0;16;14;2;24;21;-3.820957787781262;1;0;11;23;4.335986549822248;0;15;25;2;1;0;10;20;-8.722521064477954;5;17;0;5;12;0;7;-2.2365689066102887;19
TRACK:1797;1587;1704;5;4;2;2;3;2;4;6;6;5;7;-8.662953012208694;0;2;1;2;20;-9.324198861991002;17;1;7;4.691434814304226;10;3;3;14;4;14;5;0;0;5;2;1;22;1.9174694928406504;8;12;1;22;1.8998010619032266;8;3;1;3;4;14;2;1;8;7;3.046353679443367;2;14;20;-8.913186812662488;0;5;5;1;3;0;4;19;2;18;24;1;5;6;22;0.06266588058645517;1;2;16;15;0;20;3.9821224100941515;20;-1.5975571000830318;5;3;0;2;2;0;16;14;2;24;21;-3.702700180692399;1;0;21;-3.820957787781262;23;4.246437212504974;0;15;25;2;1;0;10;20;-8.715331921210012;5;17;0;5;12;0;7;-2.314486469360608;19
TRACK:1798;1609;1722;5;4;2;2;3;2;4;6;6;5;7;-8.778687284129877;0;2;1;2;20;-9.320693244161898;17;1;7;4.7220325277705895;10;3;3;14;4;14;5;0;0;5;2;1;22;1.923619497107204;8;12;6;4;3;16;3;1;3;4;14;2;1;8;7;3.0274866555454607;2;14;20;-8.878827762802349;0;5;5;1;3;0;4;8;2;18;24;1;5;6;22;0.12376756875943894;1;2;16;15;0;20;4.165737301795081;20;-1.4968169502666846;5;3;0;2;2;0;16;14;2;24;21;-3.7840995468803937;1;0;11;23;4.232383231439046;0;15;25;2;1;0;10;20;-8.83252758509879;19;0;5;12;0;7;-2.2270801466683983;19
TRACK:1799;1609;1722;5;4;2;2;3;2;4;6;6;5;7;-8.68632936756244;0;2;1;2;20;-9.222936420948617;17;1;7;4.675772172973395;10;3;3;14;4;14;5;0;0;5;2;1;22;2.0275858527967974;10;12;1;22;1.8817257686509514;8;3;1;3;4;14;2;1;8;7;2.992493545444627;2;15;20;-8.961722727542753;0;5;5;1;3;0;4;19;2;18;24;1;5;6;22;0.17109945616697947;1;2;16;15;0;20;4.015018132414157;20;-1.5253389116219143;5;3;0;2;2;0;16;14;2;24;21;-3.630184310643136;1;0;11;23;4.238181781705038;0;15;25;2;1;0;10;20;-8.764862821173018;5;17;0;5;12;0;7;-2.4210804860776256;19
TRACK:1800;1790;-1;5;4;2;2;3;2;4;6;6;5;7;-8.607673961771685;0;2;1;2;20;-9.279715106848354;17;1;7;4.842231549019174;10;3;3;14;4;14;5;0;4;5;15;3;1;3;4;14;2;1;8;7;2.9538287259615945;2;14;20;-8.805789240136308;0;5;5;1;3;0;4;8;2;18;24;1;5;6;22;0.1377446182708908;1;2;16;15;0;20;4.197922675335095;20;-1.3905276687754855;5;3;0;2;2;0;16;14;2;24;21;-3.757483087073061;1;0;11;23;4.199166997923436;14;2;1;0;10;20;-8.825257202637303;5;17;0;5;12;0;7;-2.3068121154312227;19
TRACK:1801;1792;-1;5;4;2;2;3;2;4;6;6;5;7;-8.821804029305174;0;2;1;2;20;-9.256231457826368;17;1;7;4.740729322603426;10;5;1;18;7;-1.3062896195584663;4;14;5;0;0;5;2;1;22;1.9878655472984363;10;12;1;22;1.954627543227707;8;3;1;3;4;14;2;1;8;7;2.9249758200684384;2;14;20;-9.007005588935094;3;3;14
TRACK:1802;1794;-1;5;4;2;2;3;2;4;6;6;5;7;-8.567934408297315;0;2;1;2;20;-9.60203724426908;17;1;7;4.601258478760214;10;3;3;14;4;14;5;0;0;5;2;2;25;9;12;1;22;1.8378463630664712;8;3;1;3;4;14;2;1;8;7;2.986438355463814;2;14;20;-8.79222968973222;0;5;5;1;3;0;4;19;2;18;24;1;5;6;22;0.1582095820507339;1;2;16;15;0;20;3.9857606953224;14;5;3;0;2;2;0;16;14;2;24;21;-3.8239934121826917;1;0;11;23;4.339502129855607;0;15;25;2;1;0;10;20;-8.609258486666773;5;17;0;5;12;0;7;-2.359429968088163;19
TRACK:1803;1796;-1;5;4;2;2;3;2;4;6;6;5;7;-8.85872039840438;0;2;1;2;20;-9.241518271145264;17;1;7;4.530470697719281;10;3;3;14;4;5;6;20;-6.451484250660258;5;0;0;5;2;1;22;2.095170570074694;8;12;6;4;3;16;3;1;3;4;14;2;1;8;7;2.9122603617256493;2;14;20;-8.681496564454898;0;5;5;1;3;0;5;10;2;18;24;1;5;6;20;-8.975580861585259;1;2;16;15;0;20;3.851952974217188;20;-1.2448369465094098;5;3;0;2;2;0;16;14;2;19;21;-3.8093535049310376;1;0;11;23;4.270663351297647;0;15;25;2;1;0;10;20;-8.71772593462441;5;17;0;5;12;0;7;-2.3867312282411084;19
TRACK:1804;1798;-1;5;4;2;2;3;2;4;6;6;5;7;-8.682269810204378;0;2;1;2;20;-9.440741954768276;17;1;7;4.701083201241563;10;3;3;14;4;14;5;0;0;5;2;1;22;1.9622308140346805;8;12;6;4;3;16;3;1;3;4;14;2;1;8;7;2.9589817871843476;2;14;20;-8.928870231094798;0;5;5;1;3;0;4;8;2;18;24;1;5;6;24;1;2;16;15;0;20;4.311025259219184;20;-1.6964607918582013;5;3;0;2;2;0;16;14;2;24;21;-3.6032505363866068;1;0;11;23;4.218600833832273;0;15;25;2;1;0;10;20;-8.876677275798459;19;0;5;12;0;7;-2.268871701046699;19
TRACK:1805;1791;-1;5;4;2;2;3;2;4;6;6;5;7;-8.836706048288237;0;2;1;2;20;-9.243143623124581;17;1;7;4.569580965203345;10;3;3;14;4;5;6;20;-6.382954832655862;5;0;0;5;2;1;22;1.8719419932323322;8;12;6;4;3;16;3;1;3;4;14;2;19;2;14;20;-8.821365984571122;0;5;5;1;3;0;5;10;2;25;24;1;5;6;22;0.03228929630987848;1;2;16;15;0;20;4.019637619547341;20;-1.3619600043616573;5;3;0;2;2;0;16;14;2;24;21;-3.950231644544077;1;0;11;23;4.477473256128654;0;15;25;2;1;0;10;20;-8.748932103625789;5;17;0;5;12;0;7;-2.30326172178693;19
TRACK:1806;1793;-1;5;4;2;2;3;2;4;6;6;5;7;-8.959272022080464;0;2;1;2;20;-9.258105308564653;17;1;7;4.771810904292988;10;3;3;14;4;5;6;20;-6.346296850515377;5;0;0;5;15;6;4;3;16;3;1;3;4;14;2;1;8;7;2.8419860326571498;2;14;20;-8.813715881237037;0;5;5;1;3;0;5;10;2;18;24;1;5;6;22;0.03565184958477326;1;2;16;14;0;20;4.047129771697435;20;-1.20847966940926;5;3;0;2;2;0;16;14;2;24;21;-3.702020708257218;1;0;11;23;4.4339620707299785;0;15;25;2;1;0;10;20;-8.632328406069048;5;17;0;10;20;-8.882614738484824
TRACK:1807;1795;-1;5;4;2;2;3;2;4;6;6;2;16;15;0;2;1;2;20;-9.090110518234173;17;1;7;4.956775392479522;10;3;5;16;4;5;6;20;-6.253861502434326;5;0;0;1;0;11;23;4.258728110774573;0;15;25;6;4;3;16;3;1;3;4;14;2;1;8;7;3.2639075106012863;2;14;16;0;5;2;4;2;6;8;0;8;19;2;2;4;21;-5.677973393020457;6;18;6;3;11;5;3;0;2;2;0;16;14;2;24;21;-3.8062189682795466;1;0;11;23;4.28171708668621;0;15;25;2;1;14;5;17;0;5;12;0;7;-2.2957055469943826;19
TRACK:1808;1797;-1;5;4;2;3;2;6;21;2.672035129679454;6;9;0;5;5;1;3;0;4;19;2;18;24;1;5;6;22;0.06057551072886247;1;2;16;15;0;20;3.912726430492448;20;-1.6223454203421883;5;3;0;2;2;0;16;14;2;24;21;-3.825930907993144;1;0;21;-3.734402452363824;23;4.331128260273639;0;15;25;2;1;0;10;20;-8.699219125188062;5;17;0;5;12;0;7;-2.2108489614768674;19
TRACK:1809;1799;-1;5;4;2;2;3;2;4;6;6;5;7;-8.517352689315127;0;2;1;2;20;-9.286885640957365;17;1;7;4.613137407321172;10;3;3;14;4;14;5;0;0;5;2;1;22;1.9663424513066199;10;12;1;22;1.7693449742541687;8;3;1;3;4;14;2;1;8;7;2.974447821617276;2;15;20;-9.000371088333589;0;5;5;1;3;0;4;19;2;18;24;1;5;6;22;0.12241598076112294;1;2;16;15;0;20;3.9389355144965292;20;-1.5606497613323969;5;3;0;2;2;0;16;14;2;24;21;-3.761168625711773;1;0;11;23;4.401123717136154;0;15;12;2;1;0;10;20;-8.74469953367201;5;17;0;5;12;0;7;-2.388303256528301;19
EVAL_INSTANCE:90:0:1800
EVAL_INSTANCE:90:1:1801
EVAL_INSTANCE:90:2:1802
EVAL_INSTANCE:90:3:1803
EVAL_INSTANCE:90:4:1804
EVAL_INSTANCE:90:5:1805
EVAL_INSTANCE:90:6:1806
EVAL_INSTANCE:90:7:1807
EVAL_INSTANCE:90:8:1808
EVAL_INSTANCE:90:9:1809
RUN_RESULT:90:0:0:2000:----
RUN_RESULT:90:1:0:2000:----
RUN_RESULT:90:2:0:1496:DRRRRDDLDLUUDRRUULLLLDLUUUDRRULRRRRUUR
RUN_RESULT:90:3:0:1182:RDRRRDDLDLUUDRRUULLLLDLUUUDRRULRRRRUUR
RUN_RESULT:90:4:0:2000:----
RUN_RESULT:90:5:0:2000:----
RUN_RESULT:90:6:0:2000:----
RUN_RESULT:90:7:0:2000:----
RUN_RESULT:90:8:0:2000:----
RUN_RESULT:90:9:0:1645:RRDRRDRDRUDLLLDLUUDRRUULLLLDLUUUDRRULRRRRUUR
    91 |      910 | -3.350400E+03 | -3.564000E+03
TRACK:1810;1587;1700;5;4;2;2;3;2;4;6;6;5;7;-8.853576135577189;0;2;1;2;20;-9.224434265050338;17;1;7;4.696657417337175;10;3;3;14;4;5;6;20;-6.396384481629575;5;0;0;5;2;1;22;1.906593067715322;8;8;6;4;3;16;3;1;3;4;14;2;1;8;7;3.0133491701539907;2;14;20;-8.792991378609958;0;5;5;1;3;0;5;10;2;18;24;1;5;6;22;0.07792157900469257;1;2;16;15;0;20;3.9835440986117345;20;-1.3156452878401617;5;3;0;2;2;0;16;14;2;24;21;-3.820957787781262;1;0;11;23;4.335986549822248;0;15;25;2;1;0;10;20;-8.722521064477954;5;17;0;5;12;0;7;-2.2365689066102887;19
TRACK:1811;1587;1700;5;4;2;2;3;2;4;6;6;2;16;15;0;2;1;2;20;-9.179371287932527;17;1;7;4.87621306040768;10;3;3;14;4;5;6;20;-6.188577835438378;5;0;0;5;1;6;11;2;21;9.26271656816722;17;6;4;3;16;3;1;3;4;14;2;1;8;10;2;14;16;0;5;2;4;2;6;8;0;8;19;2;2;4;21;-5.833646260872705;6;18;6;3;11;5;3;0;2;2;0;16;14;2;24;21;-3.8108003299362276;1;0;11;23;4.272808307094709;0;15;25;2;1;14;5;17;0;5;12;0;7;-2.4563867155461456;19
TRACK:1812;1722;1609;5;4;2;2;3;2;4;6;6;5;7;-8.68632936756244;0;2;1;2;20;-9.222936420948617;17;1;7;4.675772172973395;10;3;3;14;4;14;5;0;0;5;2;1;22;2.0275858527967974;10;12;1;22;1.8817257686509514;8;3;1;3;4;14;2;1;8;7;2.992493545444627;2;14;20;-8.961722727542753;0;5;1;0;10;20;-8.83252758509879;5;17;5;3;0;2;2;0;16;14;2;24;21;-3.630184310643136;1;0;11;23;4.238181781705038;0;15;25;2;1;0;10;20;-8.764862821173018;5;17;0;5;12;0;7;-2.4210804860776256;19
TRACK:1813;1722;1609;5;4;2;2;3;2;4;6;6;5;7;-8.778687284129877;0;2;1;2;20;-9.320693244161898;17;1;7;4.7220325277705895;10;3;3;14;4;14;5;0;0;5;17;6;4;3;16;3;1;3;4;14;2;1;8;7;3.0274866555454607;2;14;20;-8.878827762802349;0;5;5;1;3;0;4;8;2;18;24;1;5;6;22;0.12376756875943894;1;2;16;15;0;20;4.165737301795081;20;-1.4968169502666846;5;3;0;2;2;0;16;14;2;24;21;-3.7840995468803937;1;0;11;23;4.232383231439046;0;15;25;2;1;0;10;20;-8.83252758509879;5;17;0;5;12;0;7;-2.2270801466683983;19
TRACK:1814;1704;1700;5;4;2;2;3;2;4;6;6;5;7;-8.662953012208694;0;2;1;2;20;-9.324198861991002;17;1;7;4.691434814304226;10;3;3;21;-3.8108003299362276;4;14;5;0;0;5;2;1;22;1.9174694928406504;8;12;1;22;1.8998010619032266;8;3;1;3;4;14;2;1;8;7;3.046353679443367;2;14;20;-8.913186812662488;0;5;5;1;3;0;4;19;2;18;24;1;5;6;22;0.06266588058645517;1;2;16;15;0;20;3.9821224100941515;20;-1.5975571000830318;5;3;0;2;2;0;16;14;2;24;21;-3.702700180692399;1;0;11;23;4.246437212504974;0;15;25;2;1;0;10;20;-8.715331921210012;5;17;0;5;12;0;7;-2.314486469360608;19
TRACK:1815;1704;1700;5;4;2;2;3;2;4;0;20;3.9821224100941515;20;-1.5975571000830318;0;2;1;2;20;-9.179371287932527;17;1;7;4.87621306040768;10;3;3;14;4;5;6;20;-6.188577835438378;5;0;0;5;1;6;11;2;21;9.26271656816722;17;6;4;3;16;3;1;3;4;14;2;1;8;7;3.12428945162108;2;14;16;0;5;2;4;2;6;8;0;8;19;2;2;4;21;-5.833646260872705;6;18;6;3;11;5;3;0;2;2;0;16;14;2;24;21;-3.8108003299362276;1;0;11;23;4.272808307094709;0;15;25;2;1;14;5;17;0;5;12;0;7;-2.4563867155461456;19
TRACK:1816;1609;1704;5;4;2;2;3;2;4;6;6;5;7;-8.778687284129877;0;2;1;2;20;-9.320693244161898;17;1;7;4.7220325277705895;10;3;3;14;4;14;5;0;0;5;2;1;22;1.923619497107204;8;12;6;4;3;16;3;1;3;4;14;2;1;8;7;3.0274866555454607;2;19;20;-8.878827762802349;0;5;5;1;3;0;4;8;2;18;24;1;5;6;22;0.12376756875943894;1;2;16;15;0;20;4.165737301795081;20;-1.4968169502666846;5;3;0;2;2;0;16;14;2;24;21;-3.7840995468803937;1;0;11;23;4.232383231439046;0;15;25;2;1;0;10;20;-8.83252758509879;5;17;0;5;12;0;7;-2.2270801466683983;19
TRACK:1817;1609;1704;5;4;2;2;3;2;4;6;6;5;7;-8.662953012208694;0;2;1;2;20;-9.324198861991002;17;1;7;4.691434814304226;10;3;3;14;4;14;5;0;0;5;2;1;22;1.9174694928406504;8;12;1;22;1.8998010619032266;8;3;1;3;4;14;2;1;8;7;3.046353679443367;2;14;20;-8.913186812662488;0;5;5;1;3;0;4;19;2;18;24;1;5;6;22;0.06266588058645517;1;2;16;15;0;20;3.9821224100941515;20;-1.5975571000830318;5;3;0;2;2;0;16;14;2;24;21;-3.702700180692399;1;0;11;23;4.246437212504974;0;15;25;2;1;0;10;20;-8.715331921210012;5;17;0;5;12;0;16;14
TRACK:1818;1587;1722;5;4;2;2;3;2;4;6;6;5;7;-8.853576135577189;0;2;1;2;20;-9.224434265050338;17;1;7;4.696657417337175;10;3;3;14;4;5;6;20;-6.396384481629575;5;0;0;14;6;4;3;16;3;1;3;4;14;2;1;8;7;3.0133491701539907;2;14;20;-8.792991378609958;0;5;5;1;3;0;5;10;2;18;24;1;5;6;22;0.07792157900469257;1;2;16;15;0;20;3.9835440986117345;20;-1.3156452878401617;5;3;0;2;2;0;16;14;2;24;21;-3.820957787781262;1;0;11;23;4.335986549822248;0;15;25;2;1;0;10;20;-8.722521064477954;5;17;0;5;12;0;7;-2.2365689066102887;19
TRACK:1819;1587;1722;5;4;2;2;3;2;4;6;6;5;7;-8.68632936756244;0;2;1;2;20;-9.222936420948617;17;1;7;4.675772172973395;10;3;3;14;4;14;5;0;0;5;2;1;22;2.0275858527967974;10;12;1;22;1.8817257686509514;8;3;1;3;4;14;2;1;8;10;2;14;20;-8.961722727542753;0;5;5;1;3;0;4;19;2;18;24;1;5;6;22;0.17109945616697947;1;2;16;15;0;20;4.015018132414157;20;-1.5253389116219143;5;3;0;2;2;0;16;14;2;24;21;-3.630184310643136;1;0;11;23;4.238181781705038;0;15;25;2;1;0;10;20;-8.764862821173018;5;17;0;5;12;0;7;-2.4210804860776256;19
TRACK:1820;1810;-1;5;4;2;2;3;2;4;6;6;5;7;-8.889460731777096;0;2;1;2;20;-9.183788844638142;17;1;7;4.804600464228472;10;3;3;14;4;5;6;20;-6.158341997060569;5;0;0;5;2;1;22;1.7565303494601765;8;8;6;4;3;16;3;1;3;4;14;2;1;8;7;2.9295638142868246;2;14;20;-8.761014300780959;0;5;5;1;3;0;5;10;2;18;24;4;3;0;9;9;5;3;0;2;2;0;16;14;2;24;21;-3.778801932773827;1;0;11;23;4.555890639283645;0;15;25;2;1;0;10;20;-8.64360162642854;5;17;0;5;12;0;7;-2.3274246952213065;19
TRACK:1821;1722;-1;3;4;6;17
TRACK:1822;1814;-1;5;4;2;2;3;2;4;6;6;5;7;-8.726720806338154;0;2;1;2;20;-9.235919656813623;17;1;7;4.752812672586494;10;3;3;21;-3.8664365171298343;4;14;5;0;0;5;2;1;22;1.8364692240672573;8;12;1;22;1.83242457260154;8;3;1;3;4;14;2;1;8;7;3.0642167930864876;2;14;20;-9.002928898532586;0;5;5;1;3;5;3;23;6.4605278283279155;1;5;6;22;0.17326712888454912;1;2;16;15;0;20;3.9877398659870944;20;-1.5133917283442824;5;3;0;2;2;0;16;14;2;24;21;-3.617226281681086;1;0;11;23;4.19379111603914;0;15;25;2;1;0;10;20;-8.836572443410816;5;17;0;5;12;0;7;-2.134452193884631;19
TRACK:1823;1816;-1;5;4;2;2;3;2;4;6;6;5;7;-8.808888030765322;0;2;1;2;20;-9.364234146019497;17;1;7;4.901405591720402;10;3;3;14;4;14;5;0;0;5;2;1;22;1.8667104744834206;8;12;6;4;3;16;3;1;3;4;7;1.4217817324313806;2;1;8;7;2.8393274187956172;2;19;20;-8.924186126065937;0;5;5;1;3;0;4;8;2;18;24;1;5;6;22;0.2764128035998597;1;2;16;15;0;20;4.163670319729315;20;-1.3750510394155766;5;3;0;2;2;0;16;14;2;24;21;-3.761519767685711;1;0;11;23;4.276353101359161;0;15;25;2;1;0;10;20;-8.688831563867138;5;17;0;5;12;0;7;-2.1880475308434963;19
TRACK:1824;1818;-1;5;4;2;2;3;2;4;6;6;5;7;-8.907040938103044;0;2;1;2;20;-9.246385699298855;17;1;7;4.466168658107463;10;3;3;14;4;5;6;20;-6.133989261829585;5;0;0;14;6;4;3;16;3;1;3;4;14;2;1;8;7;3.020832133743251;2;14;20;-8.862773637572307;0;5;5;1;3;0;5;10;2;18;24;1;5;6;22;0.13094422491379384;1;4;23;8.471152128166704;4;20;2.8529326840288416;5;3;0;2;2;0;16;14;2;24;21;-3.8628480271648793;1;0;11;23;4.285169181659648;0;15;25;2;1;0;10;20;-8.840284550675362;5;17;0;5;12;0;7;-2.078207126169234;19
TRACK:1825;1811;-1;5;4;2;2;3;2;4;6;6;2;16;15;0;2;1;2;20;-9.053908872854938;17;1;7;4.914075476161815;10;3;3;14;4;5;6;20;-6.2097038720314055;5;0;0;5;1;6;11;2;21;9.258110951616263;17;6;4;3;16;3;1;3;4;14;2;1;8;10;2;14;16;0;5;2;4;2;6;8;0;8;19;2;2;4;21;-5.742786787090638;6;18;6;3;11;5;3;0;2;2;0;16;14;2;24;21;-3.9595232138153063;1;0;11;23;4.236042925932201;5;8;2;1;14;5;17;0;5;12;0;7;-2.3843135638732442;19
TRACK:1826;1609;-1;5;4;2;2;3;2;4;6;6;5;7;-8.794673739091685;0;2;1;2;20;-9.532529941967528;17;1;7;4.851439177467667;10;3;3;14;4;14;5;0;0;5;2;1;22;1.8642453825639764;8;12;6;4;3;16;3;1;3;4;14;2;1;8;7;3.1529693846148534;2;14;20;-8.978603272954892;0;5;5;1;3;0;4;8;2;18;24;1;5;6;22;0.12077768256877502;1;2;16;15;0;20;4.174528681484783;20;-1.3830349600481668;5;3;0;2;2;0;16;14;2;24;21;-3.8467530535426144;1;0;11;23;4.323382119988999;0;15;25;2;0;17;18;0;5;12;0;7;-2.1757784471371453;19
TRACK:1827;1815;-1;5;4;2;2;3;2;4;0;20;3.993292601416792;20;-1.6546967059138198;0;2;1;2;20;-9.317685884744677;17;1;17;10;3;3;14;4;5;6;20;-6.333097784252829;5;0;0;5;1;6;11;2;21;9.252738556453783;17;6;4;3;16;3;1;3;4;14;2;1;8;7;3.053049476212578;2;14;16;0;5;2;4;2;6;8;0;8;19;2;2;4;21;-5.653969205597218;6;18;6;3;11;5;3;0;2;2;0;16;14;2;24;21;-3.582298515397065;1;0;11;23;4.397943761464674;0;15;25;2;1;14;5;17;0;5;12;0;7;-2.377151811186284;19
TRACK:1828;1817;-1;5;4;2;2;3;2;4;6;6;5;7;-8.646945446377813;0;2;1;2;20;-9.337365406254504;17;1;7;4.653740519947444;10;3;3;14;4;14;5;0;0;5;2;1;22;1.9415544900293245;8;12;1;22;1.906635807528481;8;3;1;3;4;14;2;1;8;7;3.091363560499561;2;14;20;-8.90130353027161;0;5;5;1;3;0;4;19;2;18;24;1;5;6;22;-0.027352679049214082;1;2;16;15;0;20;3.9937611985743913;20;-1.497675318293939;5;3;0;2;2;0;10;14;2;24;21;-3.5360196065831695;1;0;11;23;4.161021748280244;0;15;25;2;1;0;10;20;-8.735945913740732;5;17;0;5;12;0;16;14
TRACK:1829;1819;-1;5;4;2;2;3;2;4;6;6;5;7;-8.690373406936684;0;2;1;2;20;-9.198051118248362;17;1;13;10;3;3;14;4;14;5;0;0;5;2;1;22;1.9133426159876297;10;12;1;22;1.8574071451808782;8;3;1;3;4;14;2;1;8;10;2;14;20;-8.902655093171344;0;5;5;1;3;0;4;19;2;18;24;1;5;6;22;0.18085153261594986;1;2;16;15;0;20;4.2060008016942705;20;-1.4346367942490967;5;3;0;2;2;0;16;14;2;24;21;-3.677188232965208;1;0;11;23;4.107500269627039;0;15;25;2;1;0;10;20;-9.070005178207099;5;17;0;5;12;0;7;-2.3279554580239257;19
EVAL_INSTANCE:91:0:1820
EVAL_INSTANCE:91:1:1821
EVAL_INSTANCE:91:2:1822
EVAL_INSTANCE:91:3:1823
EVAL_INSTANCE:91:4:1824
EVAL_INSTANCE:91:5:1825
EVAL_INSTANCE:91:6:1826
EVAL_INSTANCE:91:7:1827
EVAL_INSTANCE:91:8:1828
EVAL_INSTANCE:91:9:1829
RUN_RESULT:91:0:0:989:DRRRRDDLDLUUDRRUULLLLDLUUUDRRULRRRRUUR
RUN_RESULT:91:1:0:2000:----
RUN_RESULT:91:2:0:2000:----
RUN_RESULT:91:3:0:2000:----
RUN_RESULT:91:4:0:2000:----
RUN_RESULT:91:5:0:2000:----
RUN_RESULT:91:6:0:2000:----
RUN_RESULT:91:7:0:2000:----
RUN_RESULT:91:8:0:2000:----
RUN_RESULT:91:9:0:2000:----
    92 |      920 | -3.350400E+03 | -3.564000E+03
TRACK:1830;1722;1642;5;4;2;2;3;2;4;6;6;5;7;-8.68632936756244;0;2;1;2;20;-9.222936420948617;17;1;7;4.675772172973395;10;3;3;14;4;14;5;0;0;5;2;1;22;2.0275858527967974;10;12;1;22;1.8817257686509514;8;3;1;3;4;14;2;1;8;7;2.992493545444627;2;14;20;-8.961722727542753;0;5;5;1;3;0;4;19;2;18;24;1;5;6;22;0.17109945616697947;1;2;16;15;0;20;4.015018132414157;20;-1.5253389116219143;5;3;0;2;2;0;16;14;24;1;0;11;23;4.238181781705038;0;15;25;2;1;0;10;20;-8.764862821173018;5;17;0;5;12;0;7;-2.4210804860776256;19
TRACK:1831;1722;1642;5;4;2;2;3;2;4;6;6;20;-9.222936420948617;0;2;1;2;20;-9.287302446819876;17;1;7;4.719364267750433;10;3;3;14;4;14;5;0;0;5;2;1;22;1.7935516268539546;22;-1.3556026058111001;12;6;4;3;16;3;1;3;4;14;2;1;8;7;2.907372739460562;2;14;20;-8.79157478533725;0;5;5;1;3;0;4;8;2;18;24;1;5;6;22;0.015560433106742363;1;2;16;15;0;20;4.24004602305983;20;-1.6861889451587957;5;3;0;2;2;0;16;14;2;24;21;-3.8233888570966323;1;0;11;23;4.232283167468702;0;15;25;2;1;0;10;20;-8.802690835807653;5;17;0;5;12;0;7;-2.2224612915723787;19
TRACK:1832;1704;1602;5;4;2;2;3;2;4;6;6;5;7;-8.662953012208694;0;2;1;2;20;-9.324198861991002;17;1;7;4.691434814304226;10;3;3;14;4;14;5;0;0;5;2;1;22;1.9174694928406504;8;12;1;22;1.8998010619032266;8;3;1;3;4;14;2;1;8;7;3.046353679443367;2;14;20;-8.913186812662488;0;5;5;1;3;0;4;19;2;18;24;1;5;6;22;0.06266588058645517;1;2;16;15;0;20;3.9821224100941515;20;-1.5975571000830318;5;3;0;2;2;0;16;14;2;24;21;-3.702700180692399;1;0;11;23;4.246437212504974;0;15;25;2;1;0;10;20;-8.715331921210012;5;17;0;5;12;0;10;19
TRACK:1833;1704;1602;5;4;2;2;3;2;4;6;6;5;7;-8.924658109388547;0;2;1;2;20;-9.216759550981875;17;1;7;4.727188977081249;10;3;3;14;4;5;6;20;-6.451752253170602;5;0;0;5;15;6;4;3;16;3;1;3;4;14;2;1;8;7;2.801339003919385;2;14;20;-8.813586194873086;0;5;5;1;3;0;15;2;18;24;1;5;6;22;0.041540945791869496;1;2;16;15;0;20;4.006829564185604;20;-1.1949904755351541;5;3;0;2;2;0;16;14;2;24;21;-3.731835156910387;1;0;11;23;4.302434023109279;0;15;25;2;1;0;10;20;-8.669834775185848;5;17;0;5;12;0;7;-2.3814190398794284;19
TRACK:1834;1587;1704;5;4;2;2;3;2;4;6;6;5;7;-8.853576135577189;0;2;1;2;20;-9.224434265050338;17;1;7;4.696657417337175;10;3;3;14;4;5;6;20;-6.396384481629575;5;0;0;5;2;1;22;1.906593067715322;8;12;6;4;1;7;4.691434814304226;10;3;1;3;4;14;2;1;8;7;3.0133491701539907;2;14;20;-8.792991378609958;0;5;5;1;3;0;5;10;2;18;24;1;5;6;22;0.07792157900469257;1;2;16;15;0;20;3.9835440986117345;20;-1.3156452878401617;5;3;0;2;2;0;16;14;2;24;21;-3.820957787781262;1;0;11;23;4.335986549822248;0;15;25;2;1;0;10;20;-8.722521064477954;5;17;0;5;12;0;7;-2.2365689066102887;19
TRACK:1835;1587;1704;5;4;2;2;3;2;4;6;6;5;7;-8.662953012208694;0;2;1;2;20;-9.324198861991002;17;1;7;4.691434814304226;10;3;3;14;4;14;5;0;0;5;2;1;22;1.9174694928406504;8;12;1;22;1.8998010619032266;8;3;1;3;4;14;2;1;8;7;3.046353679443367;2;14;20;3.9835440986117345;0;5;5;1;3;0;4;19;2;18;24;1;5;6;22;0.06266588058645517;1;2;16;15;0;20;3.9821224100941515;20;-1.5975571000830318;5;3;0;2;2;0;16;14;2;24;21;-3.702700180692399;1;0;11;23;4.246437212504974;0;15;25;2;1;0;10;20;-8.715331921210012;5;17;0;5;12;0;7;-2.314486469360608;19
TRACK:1836;1722;1587;5;4;2;2;3;2;4;6;6;5;7;-8.68632936756244;0;2;1;2;20;-9.222936420948617;17;1;7;4.675772172973395;10;3;3;14;4;14;5;0;0;5;2;1;22;2.0275858527967974;10;12;1;22;1.8817257686509514;8;3;1;3;4;14;2;1;8;7;2.992493545444627;2;14;20;-8.961722727542753;0;5;5;1;3;0;4;19;2;16;24;1;5;6;22;0.17109945616697947;1;2;16;15;0;20;4.015018132414157;20;-1.5253389116219143;5;3;0;2;2;0;16;14;2;24;21;-3.630184310643136;1;0;11;23;4.238181781705038;0;15;25;2;1;0;10;20;-8.764862821173018;5;17;0;5;12;0;7;-2.4210804860776256;19
TRACK:1837;1722;1587;5;4;2;2;3;2;4;6;6;5;7;-8.853576135577189;0;2;1;2;20;-9.224434265050338;17;1;7;4.696657417337175;10;3;3;14;4;5;6;20;-6.396384481629575;5;0;0;5;2;1;22;1.906593067715322;8;12;6;4;3;16;3;1;3;4;14;2;1;8;7;3.0133491701539907;2;14;20;-8.792991378609958;0;5;5;1;3;0;5;10;2;18;24;1;5;6;22;0.07792157900469257;1;2;16;15;0;20;3.9835440986117345;20;-1.3156452878401617;5;3;0;2;2;0;16;14;2;24;21;-3.820957787781262;1;0;11;23;4.335986549822248;0;15;25;2;1;0;10;20;-8.722521064477954;5;20;-8.961722727542753;0;5;12;0;7;-2.2365689066102887;19
TRACK:1838;1609;1602;5;4;2;2;3;2;4;6;6;5;7;-8.778687284129877;0;2;1;2;20;-9.320693244161898;17;1;7;4.7220325277705895;10;3;3;14;4;14;5;0;0;5;2;1;22;1.923619497107204;8;12;6;4;3;16;3;1;3;4;14;2;1;8;7;3.0274866555454607;2;14;20;-8.878827762802349;0;5;5;1;3;0;4;8;2;24;24;1;5;6;22;0.12376756875943894;1;2;16;15;0;20;4.165737301795081;20;-1.4968169502666846;5;3;0;2;2;0;16;14;2;24;21;-3.7840995468803937;1;0;11;23;4.232383231439046;0;15;25;2;1;0;10;20;-8.83252758509879;5;17;0;5;12;0;7;-2.2270801466683983;19
TRACK:1839;1609;1602;5;4;2;2;1;3;0;4;8;2;18;24;1;5;6;22;0.12376756875943894;1;2;16;15;0;20;4.165737301795081;20;-1.4968169502666846;5;0;0;5;15;6;4;3;16;3;1;3;4;14;2;1;8;7;2.801339003919385;2;14;20;-8.813586194873086;0;5;5;1;3;0;5;10;2;18;24;1;5;6;22;0.041540945791869496;1;2;16;15;0;20;4.006829564185604;20;-1.1949904755351541;5;3;0;2;2;0;16;14;2;24;21;-3.731835156910387;1;0;11;23;4.302434023109279;0;15;25;2;1;0;10;20;-8.669834775185848;5;17;0;5;12;0;7;-2.3814190398794284;19
TRACK:1840;1830;-1;5;4;2;2;3;2;4;6;6;5;7;-8.752182406780136;0;2;1;2;20;-9.40400401405855;17;1;7;4.647534321208287;10;3;3;14;4;14;5;0;0;5;2;1;22;2.085099496185211;10;12;1;22;2.0445869778579153;8;3;1;3;4;14;2;1;8;7;2.8828367835457316;2;14;20;-9.04589563268028;0;5;5;1;3;0;4;19;2;18;24;1;5;6;22;0.22524926241050142;1;2;16;15;0;20;4.223009039320309;20;-1.5521642574884154;5;3;0;2;2;0;16;14;24;1;0;11;23;4.224679370262533;0;15;25;2;1;0;10;20;-8.583024287119848;4;8;0;5;12;0;7;-2.3250878059555253;19
TRACK:1841;1832;-1;5;4;2;2;3;2;4;6;6;5;7;-8.670710498539819;0;2;1;2;20;-9.292120915142947;17;1;7;4.5169780824259576;10;3;3;14;4;14;5;0;0;5;2;1;22;1.845722180109262;8;12;1;22;1.9131908877284558;8;3;0;2;12;14;5;13;0;5;5;1;3;0;4;19;2;18;24;1;5;6;22;0.09916787813617207;1;2;16;15;0;20;4.020351853919737;20;-1.6336789005438972;5;3;0;2;2;0;16;14;2;24;21;-3.692970607269181;1;0;11;23;4.168451068430395;0;15;25;2;1;0;10;20;-9.047483037115402;5;17;0;5;12;0;10;19
TRACK:1842;1834;-1;5;4;2;2;3;2;4;6;6;5;7;-8.839039122664131;0;2;1;3;22;-7.7100529215065645;1;7;4.660803136472252;10;3;3;14;4;5;6;20;-6.319963495774599;5;0;0;5;2;1;22;2.0020943006160787;8;12;6;4;1;7;4.61866016638867;10;3;1;3;4;14;2;1;8;7;3.015154188826677;2;14;20;-8.609295759584404;0;5;5;1;3;0;5;10;2;18;24;1;5;6;22;0.1360543131160139;1;2;16;15;0;20;3.9729446728221594;20;-1.2251098156287188;5;3;0;2;2;0;16;14;2;24;21;-3.7437857572698725;1;0;11;23;4.294562923100504;0;15;25;2;1;0;10;20;-8.84638134135027;5;17;0;5;12;0;7;-2.5826197342250063;19
TRACK:1843;1836;-1;5;4;2;2;3;2;4;6;6;5;7;-8.706750442975157;0;2;1;2;20;-9.40319230181692;17;1;7;4.7492532438832145;10;3;3;14;4;14;5;0;0;5;2;6;13;12;1;22;1.899434027086618;8;3;1;3;4;14;2;1;8;7;2.8759990732634764;2;14;20;-9.061528724175947;0;5;5;1;3;0;4;19;2;16;24;1;5;6;22;0.04599816925770814;1;2;16;15;0;20;3.7772979427863196;20;-1.5784534014612857;5;3;0;2;2;0;16;14;2;24;21;-3.714124820172634;1;0;11;23;4.333378580709637;0;15;25;2;1;0;10;20;-8.626890730712962;5;17;0;5;12;0;7;-2.3215930511539717;19
TRACK:1844;1838;-1;5;4;2;2;3;2;4;6;6;5;7;-8.76852707049932;0;2;1;2;20;-9.463450069661256;17;1;7;4.549278772434257;10;3;3;14;4;14;5;0;0;5;2;1;22;1.9184204217741205;8;12;6;4;3;16;3;1;3;4;14;2;1;8;7;3.1537198063976604;2;14;20;-8.730718265796831;0;5;5;1;3;0;4;8;2;24;24;1;5;6;22;0.16115742761715354;1;2;16;15;0;20;4.146278631497866;20;-1.2892034095883516;0;20;-9.344861761596817;12
TRACK:1845;1831;-1;5;4;2;2;3;2;4;6;6;20;-9.257324618831344;0;2;1;2;20;-9.32350125557284;17;1;7;1.9094523483478039;10;3;3;14;4;14;5;0;0;5;2;1;22;1.747489089361001;22;-1.5499357363473554;12;6;4;3;16;3;1;3;4;14;2;1;8;7;2.8397585392946403;2;14;20;-8.815222292662908;0;5;5;1;3;0;4;8;2;18;24;1;5;6;22;0.023164861462252627;1;2;16;15;0;20;4.23647177198433;20;-1.7362346114235672;5;3;0;2;2;0;16;14;2;24;21;-3.633301835968407;1;0;11;23;4.241794393419129;0;15;25;2;1;0;10;20;-8.697347865938562;5;17;0;5;12;0;7;-2.2851889206066636;19
TRACK:1846;1833;-1;5;4;2;2;3;2;4;6;3;6;25;0;2;1;2;20;-9.309195723570946;17;1;7;4.848656014966292;10;3;3;14;4;5;6;20;-6.411950444538982;5;0;0;5;15;6;4;3;16;3;1;3;4;14;2;1;8;7;2.866058952209042;2;14;20;-9.013349350246791;0;5;5;1;3;0;15;2;18;24;1;5;6;22;0.04050848164956781;1;2;16;15;0;20;4.221732709437415;20;-1.061815602728648;5;3;0;2;2;0;16;14;2;24;21;-3.6058393770345183;1;0;11;23;4.290189445266274;0;15;25;2;1;0;10;20;-8.756834838079147;5;17;0;5;12;0;7;-2.286917268448869;19
TRACK:1847;1835;-1;5;4;2;2;3;2;4;6;2;4;14;5;20;-5.19854875901018;0;2;1;2;20;-9.382678692929804;17;1;7;4.579324957795005;10;3;3;14;4;14;5;0;0;5;2;1;22;1.8417061467206919;8;12;1;22;1.907171614569815;8;3;1;3;4;14;2;1;8;7;2.9957077653467885;2;14;20;4.121960470578358;0;5;5;1;3;0;4;19;2;18;24;1;5;6;22;-0.0054947642411980885;1;2;16;15;0;20;3.937132629255576;20;-1.4512847507741449;5;3;0;2;2;0;16;14;2;24;21;-3.857255230388592;1;0;11;23;4.308334922058016;0;15;25;2;1;0;10;20;-8.688540669636263;5;17;0;5;12;0;7;-2.357326377468944;19
TRACK:1848;1837;-1;5;4;2;2;3;2;4;6;6;5;7;-8.86741327576835;0;2;1;2;20;-9.283788817463005;17;1;7;4.636663970129028;10;3;3;14;4;5;6;20;-6.394161674721536;5;0;0;5;2;1;22;1.8488176367641782;8;12;6;4;3;16;0;0;9;16;2;18;24;0;5;5;1;3;0;5;10;2;18;24;1;5;6;22;0.14708939233619364;1;2;16;15;0;20;4.036921220326705;20;-1.225575495683011;5;3;0;2;2;0;16;14;2;24;21;-3.832583760122919;1;0;11;23;4.256089043387493;0;15;25;2;1;0;10;20;-9.002355084321337;5;20;-8.887662628340061;0;5;12;0;7;-2.278946493928628;19
TRACK:1849;1839;-1;5;4;2;2;1;3;0;4;8;2;18;24;1;5;6;22;0.27214753739863135;1;2;16;15;0;20;4.169656636062133;20;-1.5769728736662594;5;0;0;5;15;6;4;3;16;3;1;3;4;14;2;1;8;18;2;14;20;-8.810693088530245;0;5;5;1;3;0;5;10;2;18;24;1;5;6;22;0.2815128404276197;1;2;16;15;0;20;4.158418317422082;20;-1.3287069424749482;5;3;0;2;2;0;16;14;2;24;21;-3.6428967960387535;1;0;11;23;4.229354025456735;0;15;25;2;1;0;10;20;-8.644982745630857;5;17;0;5;12;0;7;-2.410437576762442;19
EVAL_INSTANCE:92:0:1840
EVAL_INSTANCE:92:1:1841
EVAL_INSTANCE:92:2:1842
EVAL_INSTANCE:92:3:1843
EVAL_INSTANCE:92:4:1844
EVAL_INSTANCE:92:5:1845
EVAL_INSTANCE:92:6:1846
EVAL_INSTANCE:92:7:1847
EVAL_INSTANCE:92:8:1848
EVAL_INSTANCE:92:9:1849
RUN_RESULT:92:0:0:2000:----
RUN_RESULT:92:1:0:2000:----
RUN_RESULT:92:2:0:2000:----
RUN_RESULT:92:3:0:1717:DRRRRDDLDLUUDRRUULLLLDLUUUDRRULRRRRUUR
RUN_RESULT:92:4:0:2000:----
RUN_RESULT:92:5:0:2000:----
RUN_RESULT:92:6:0:1303:RDRRRDDLDLUUDRRUULLLLDLUUUDRRULRRRDRDRRDLLUUUUUR
RUN_RESULT:92:7:0:2000:----
RUN_RESULT:92:8:0:1268:RRDRRDDLDLUUDRRUULLLLDLUUUDRRULDDDRRDRRRUUULUUUR
RUN_RESULT:92:9:0:2000:----
    93 |      930 | -3.350400E+03 | -3.564000E+03
TRACK:1850;1609;1642;5;4;2;2;3;2;4;6;6;5;20;-8.802690835807653;0;2;1;2;20;-9.320693244161898;17;1;7;4.7220325277705895;10;3;3;14;4;14;5;0;0;5;2;1;22;1.923619497107204;8;12;6;4;3;16;3;1;3;4;14;2;1;8;7;3.0274866555454607;2;14;20;-8.878827762802349;0;5;5;1;3;0;4;8;2;18;24;1;5;6;22;0.12376756875943894;1;2;16;15;0;20;4.165737301795081;20;-1.4968169502666846;5;3;0;2;2;0;16;14;2;24;21;-3.7840995468803937;1;0;11;23;4.232383231439046;0;15;25;2;1;0;10;20;-8.83252758509879;5;17;0;5;12;0;7;-2.2270801466683983;19
TRACK:1851;1609;1642;5;4;2;2;3;2;4;6;6;5;7;-8.828658069678704;0;2;1;2;20;-9.287302446819876;17;1;7;4.719364267750433;10;3;3;14;4;14;5;0;0;5;2;1;22;1.7935516268539546;22;-1.3556026058111001;12;20;-9.320693244161898;3;1;3;4;14;2;1;8;7;2.907372739460562;2;14;20;-8.79157478533725;0;5;5;1;3;0;4;8;2;18;24;1;5;6;22;0.015560433106742363;1;2;16;15;0;20;4.24004602305983;20;-1.6861889451587957;5;3;0;2;2;0;16;14;2;24;21;-3.8233888570966323;1;0;11;23;4.232283167468702;0;15;25;2;1;0;10;20;-8.802690835807653;5;17;0;5;12;0;7;-2.2224612915723787;19
TRACK:1852;1704;1587;5;4;2;2;3;2;4;6;6;5;7;-8.662953012208694;0;2;1;2;20;-9.324198861991002;17;1;7;4.691434814304226;10;24;4;14;5;0;0;5;2;1;22;1.9174694928406504;8;12;1;22;1.8998010619032266;8;3;1;3;4;14;2;1;8;7;3.046353679443367;2;14;20;-8.913186812662488;0;5;5;1;3;0;4;19;2;18;24;1;5;6;22;0.06266588058645517;1;2;16;15;0;20;3.9821224100941515;20;-1.5975571000830318;5;3;0;2;2;0;16;14;2;24;21;-3.702700180692399;1;0;11;23;4.246437212504974;0;15;25;2;1;0;10;20;-8.715331921210012;5;17;0;5;12;0;7;-2.314486469360608;19
TRACK:1853;1704;1587;5;4;2;2;3;2;4;6;6;5;7;-8.853576135577189;0;2;1;2;20;-9.224434265050338;17;1;7;4.696657417337175;10;3;3;14;4;5;6;20;-6.396384481629575;5;0;0;5;2;1;22;1.906593067715322;8;12;6;4;3;16;3;1;3;4;14;2;1;8;7;3.0133491701539907;2;14;20;-8.792991378609958;0;5;5;1;3;0;5;10;2;18;24;16;5;3;0;2;2;0;16;14;2;24;21;-3.820957787781262;1;0;11;23;4.335986549822248;0;15;25;2;1;0;10;20;-8.722521064477954;5;17;0;5;12;0;7;-2.2365689066102887;19
TRACK:1854;1602;1609;5;4;2;2;3;2;4;6;6;5;7;-8.924658109388547;0;2;1;2;20;-9.216759550981875;17;1;7;4.727188977081249;10;3;3;14;4;5;6;20;-6.451752253170602;5;0;0;5;15;6;4;3;16;3;1;3;4;14;2;1;8;7;2.801339003919385;2;18;20;-8.813586194873086;0;5;5;1;3;0;5;10;2;18;24;1;5;6;22;0.041540945791869496;1;2;16;15;0;20;4.006829564185604;20;-1.1949904755351541;5;3;0;2;2;0;16;14;2;24;21;-3.731835156910387;1;0;11;23;4.302434023109279;0;15;25;2;1;0;10;20;-8.669834775185848;5;17;0;5;12;0;7;-2.3814190398794284;19
TRACK:1855;1602;1609;5;4;2;4;6;6;5;7;-8.924658109388547;0;5;5;1;3;0;4;8;2;18;24;1;5;6;22;0.12376756875943894;1;2;16;15;0;20;4.165737301795081;20;-1.4968169502666846;5;3;0;2;2;0;16;14;2;24;21;-3.7840995468803937;1;0;11;23;4.232383231439046;0;15;25;2;1;0;10;20;-8.83252758509879;5;17;0;5;12;0;7;-2.2270801466683983;19
TRACK:1856;1722;1704;5;4;2;2;3;2;4;6;6;5;7;-8.68632936756244;0;2;1;2;20;-9.222936420948617;17;1;7;4.675772172973395;10;3;3;14;4;14;5;0;0;5;2;1;22;2.0275858527967974;25;12;1;22;1.8817257686509514;8;3;1;3;4;14;2;1;8;7;2.992493545444627;2;14;20;-8.961722727542753;0;5;5;1;3;0;4;19;2;18;24;1;5;6;22;0.17109945616697947;1;2;16;15;0;20;4.015018132414157;20;-1.5253389116219143;5;3;0;2;2;0;16;14;2;24;21;-3.630184310643136;1;0;11;23;4.238181781705038;0;15;25;2;1;0;10;20;-8.764862821173018;5;17;0;5;12;0;7;-2.4210804860776256;19
TRACK:1857;1722;1704;5;4;2;2;3;2;4;6;6;8;0;2;1;2;20;-9.324198861991002;17;1;7;4.691434814304226;10;3;3;14;4;14;5;0;0;5;2;1;22;1.9174694928406504;8;12;1;22;1.8998010619032266;8;3;1;3;4;14;2;1;8;7;3.046353679443367;2;14;20;-8.913186812662488;0;5;5;1;3;0;4;19;2;18;24;1;5;6;22;0.06266588058645517;1;2;16;15;0;20;3.9821224100941515;20;-1.5975571000830318;5;3;0;2;2;0;16;14;2;24;21;-3.702700180692399;1;0;11;23;4.246437212504974;0;15;25;2;1;0;10;20;-8.715331921210012;5;17;0;5;12;0;7;-2.314486469360608;19
TRACK:1858;1642;1587;5;4;2;2;3;2;4;6;6;5;7;-8.828658069678704;0;2;1;2;20;-9.287302446819876;17;1;7;4.719364267750433;10;3;3;14;4;14;5;0;0;5;2;1;22;1.7935516268539546;22;-1.3556026058111001;12;6;4;3;16;3;1;3;4;14;2;1;8;7;2.907372739460562;2;14;20;-8.79157478533725;0;5;5;1;3;0;4;8;2;18;24;1;5;6;22;0.015560433106742363;1;2;16;15;0;20;4.24004602305983;20;-1.6861889451587957;5;3;0;2;2;0;16;14;2;24;21;-3.8233888570966323;1;0;11;23;4.232283167468702;0;15;25;2;1;0;10;20;-8.802690835807653;5;17;0;5;12;2;20;-9.224434265050338;17
TRACK:1859;1642;1587;5;4;2;2;3;2;4;6;6;5;7;-8.853576135577189;0;2;1;2;20;-9.224434265050338;17;1;7;4.696657417337175;10;3;3;14;4;5;6;20;-6.396384481629575;5;3;0;2;2;0;16;14;2;24;21;-3.8233888570966323;1;0;11;23;4.232283167468702;0;15;25;2;1;0;10;20;-8.802690835807653;5;17;0;5;12;0;7;-2.2224612915723787;19;0;5;5;1;3;0;5;10;2;18;24;1;5;6;22;0.07792157900469257;1;2;16;15;0;20;3.9835440986117345;20;-1.3156452878401617;5;3;0;2;2;0;16;14;2;24;21;-3.820957787781262;1;0;11;23;4.335986549822248;0;15;25;2;1;0;10;20;-8.722521064477954;5;17;0;5;12;0;7;-2.2365689066102887;19
TRACK:1860;1850;-1;5;4;2;2;3;2;4;6;6;5;20;-8.874714246985997;0;2;1;2;20;-9.354875264214542;17;1;7;4.634668821122017;10;3;3;14;4;14;5;0;0;5;2;1;22;1.9324371814429508;8;12;6;4;3;16;3;1;3;4;14;2;1;8;7;3.068056444835137;2;14;20;-8.88586825764208;0;5;5;1;3;0;4;8;2;18;24;1;5;6;22;0.15410849341882382;1;2;16;15;0;20;4.121574533434246;20;-1.575610385161492;5;3;0;2;2;0;24;14;2;24;21;-3.897936788514369;1;0;11;23;4.184430113950112;0;15;25;2;1;0;10;20;-8.812834928999193;5;17;0;5;12;0;7;-2.2538153701268486;19
TRACK:1861;1852;-1;5;4;2;2;3;2;4;6;6;5;7;-8.595340602813044;0;2;1;2;20;-9.312803881677977;17;1;7;4.662764560107656;10;24;4;14;5;0;0;5;2;1;22;2.06845851764889;8;12;1;22;1.841616424753695;8;3;1;3;4;14;2;1;8;7;3.0570623431329436;2;14;20;-8.836401675118392;0;5;5;1;3;0;4;19;2;18;24;1;5;6;22;0.02717427937068507;1;2;16;15;0;20;3.880861578499903;20;-1.6048073941618508;5;3;0;2;2;0;16;14;2;24;21;-3.641418408805453;1;0;9;23;4.231444274059957;0;15;25;2;1;0;10;20;-8.636948915714939;5;17;0;5;12;0;7;-2.3087568930999516;19
TRACK:1862;1854;-1;5;4;2;2;3;2;4;6;6;4;21;9.882920071830931;0;2;1;2;20;-9.118919180576762;17;1;7;4.837471836993286;10;3;3;14;4;5;6;20;-6.447340309476276;5;0;0;5;15;6;4;3;16;3;1;3;4;14;2;1;8;7;2.8965430690909195;2;18;20;-8.74677012106924;0;5;5;1;3;0;5;10;2;18;24;1;5;6;22;0.20859951223459694;1;2;16;15;0;20;4.049236512932639;20;-1.2042004926969763;5;3;0;2;2;0;16;14;2;24;21;-3.6153610561201135;1;0;11;23;4.4391079977902255;0;15;25;2;1;0;10;20;-8.73030099976166;5;17;0;5;12;0;7;-2.3312827034551207;19
TRACK:1863;1856;-1;5;4;2;2;3;2;4;6;6;5;7;-8.992475735176308;0;2;1;2;20;-9.371327953343256;17;1;7;4.870198926364358;10;3;3;14;4;14;5;0;0;5;4;23;2.216340106911151;1;22;1.925371949690523;8;3;1;3;4;14;2;1;8;7;3.093649231361197;2;14;20;-9.056563692045412;0;5;5;1;3;0;4;19;2;18;24;1;5;6;22;0.18321165187348254;1;2;16;15;0;20;3.7092585972973167;20;-1.648181756173884;5;3;0;2;2;0;16;14;2;24;21;-3.5938742660792498;1;0;11;23;4.225620229218915;0;15;25;2;1;0;10;20;-8.664708576236029;5;17;0;5;12;0;7;-2.1489238476785983;19
TRACK:1864;1642;-1;5;4;0;6;3;0;0;5;8;2;25;16;1;6;13;3;24;1;6;2;6;3;10;5;4;21;8.812136811081494;1;4;4;3;14;2;4;0;8;21;-0.8329430360767986;6;5;24
TRACK:1865;1851;-1;5;4;2;2;3;2;4;6;6;5;7;-8.845417251248612;0;2;1;2;20;-9.433782021152961;17;1;7;4.634075111945625;10;3;3;14;4;14;5;0;0;5;2;6;9;12;20;-9.346813240079976;3;1;3;4;14;2;1;8;7;2.9406580504783;2;14;20;-8.851090438369951;0;5;5;1;3;0;4;8;2;18;24;1;5;6;22;0.22973160827320888;1;2;16;15;0;20;4.259554488054564;20;-1.4707771701250416;5;3;0;2;2;0;16;14;2;24;21;-3.665976762805337;1;0;11;23;4.248175852771831;0;15;25;2;1;0;10;20;-8.896021041637676;5;17;0;5;12;0;7;-2.3328968719310366;19
TRACK:1866;1853;-1;5;4;2;2;3;2;4;6;6;5;7;-9.059257601403456;0;2;1;2;20;-9.22720784887308;17;1;7;4.7062114307122;10;3;3;14;4;5;6;20;-6.501645650338362;5;0;0;5;2;1;22;1.9595159079225672;8;12;6;4;3;16;3;1;3;4;14;2;1;8;7;-9.831552457209812;2;14;20;-8.87723833186913;0;5;5;1;3;0;5;10;2;18;24;16;5;3;0;2;2;0;16;14;2;24;21;-3.7239634443190486;1;0;11;23;4.381127128631206;0;15;25;2;1;0;10;20;-8.631603560940437;5;17;0;5;12;0;7;-2.2149639887886856;19
TRACK:1867;1855;-1;5;4;2;4;6;6;5;7;-8.959159032313819;0;5;5;1;3;1;18;8;1;5;6;22;0.1802004065328782;1;2;16;15;0;20;3.9554910873722267;20;-1.6113590332231789;5;3;0;2;2;0;16;14;2;24;21;-3.731472460446429;1;0;11;23;4.215629357097244;0;15;25;2;1;0;10;20;-8.944805144055977;5;17;0;5;12;0;7;-2.1220707145805693;19
TRACK:1868;1857;-1;5;4;2;2;3;2;4;6;6;8;0;2;1;2;20;-9.344946845794743;17;1;7;4.6192988826634425;10;3;3;14;4;14;5;0;0;5;2;1;22;1.7789560823152886;8;12;1;22;1.8807087473567299;8;3;1;3;4;14;2;1;8;7;3.109287311394891;2;14;20;-8.91325706264469;0;5;5;1;3;0;4;19;2;18;24;1;5;6;22;0.16341747761731645;1;2;16;15;0;20;3.8860830766142898;20;-1.524353009099679;5;3;0;2;2;0;16;14;2;24;21;-3.60308785403654;1;0;11;23;4.394218213389476;0;15;25;2;1;0;10;20;-8.658747134514073;5;17;0;5;12;0;7;-2.2917999340742496;19
TRACK:1869;1587;-1;5;4;2;2;3;2;4;6;6;5;7;-8.767318906819034;0;2;1;2;20;-9.176223531359827;17;1;7;4.642874776486045;10;3;3;14;4;5;6;20;-6.386781436189154;5;0;0;5;2;1;22;1.8842728327627163;8;12;6;4;3;16;3;1;3;4;14;2;1;8;7;2.972582003286258;2;14;20;-8.684924429327168;0;5;5;1;3;0;5;10;2;18;24;1;5;6;22;0.07637701002549825;1;2;16;15;0;20;4.14550921358214;20;-1.5006763853485217;5;3;0;2;2;0;23;6.374416594372821;14;2;24;21;-3.6887245713534536;1;0;11;23;4.293692346529166;0;15;25;2;1;0;10;20;-8.721458368672034;5;17;0;5;12;0;7;-2.0767612484422675;19
EVAL_INSTANCE:93:0:1860
EVAL_INSTANCE:93:1:1861
EVAL_INSTANCE:93:2:1862
EVAL_INSTANCE:93:3:1863
EVAL_INSTANCE:93:4:1864
EVAL_INSTANCE:93:5:1865
EVAL_INSTANCE:93:6:1866
EVAL_INSTANCE:93:7:1867
EVAL_INSTANCE:93:8:1868
EVAL_INSTANCE:93:9:1869
RUN_RESULT:93:0:0:2000:----
RUN_RESULT:93:1:0:2000:----
RUN_RESULT:93:2:0:2000:----
RUN_RESULT:93:3:0:2000:----
RUN_RESULT:93:4:0:2000:----
RUN_RESULT:93:5:0:2000:----
RUN_RESULT:93:6:0:2000:----
RUN_RESULT:93:7:0:2000:----
RUN_RESULT:93:8:0:2000:----
RUN_RESULT:93:9:0:2000:----
    94 |      940 | -3.350400E+03 | -3.564000E+03
TRACK:1870;1642;1587;5;4;2;2;3;2;4;6;6;5;7;-8.828658069678704;0;2;1;2;20;-9.287302446819876;17;1;7;4.719364267750433;10;3;3;14;4;14;5;0;0;5;2;1;22;1.7935516268539546;22;-1.3556026058111001;12;6;4;3;16;3;1;3;4;14;2;1;8;7;2.907372739460562;2;14;20;-8.79157478533725;0;5;5;1;3;0;4;8;2;18;24;1;5;6;22;0.015560433106742363;1;2;16;15;0;20;4.24004602305983;20;-1.6861889451587957;5;3;0;2;2;0;16;14;2;24;21;-3.8233888570966323;15;2;1;0;10;20;-8.802690835807653;5;17;0;5;12;0;7;-2.2224612915723787;19
TRACK:1871;1642;1587;5;4;2;2;3;2;4;6;6;5;7;-8.853576135577189;0;2;1;2;20;-9.224434265050338;17;1;7;4.696657417337175;10;3;3;14;4;5;6;20;-6.396384481629575;5;0;0;5;2;1;22;1.906593067715322;8;12;6;4;3;16;3;1;3;4;14;2;1;8;7;3.0133491701539907;2;14;20;-8.792991378609958;0;5;5;1;3;0;5;10;2;18;24;1;5;6;22;0.07792157900469257;1;2;16;15;0;20;3.9835440986117345;20;-1.3156452878401617;16
TRACK:1872;1704;1700;5;4;2;2;3;2;4;6;6;5;7;-8.662953012208694;0;2;1;2;20;-9.324198861991002;21;-3.8108003299362276;1;7;4.691434814304226;10;3;3;14;4;14;5;0;0;5;2;1;22;1.9174694928406504;8;12;1;22;1.8998010619032266;8;3;1;3;4;14;2;1;8;7;3.046353679443367;2;14;20;-8.913186812662488;0;5;5;1;3;0;4;19;2;18;24;1;5;6;22;0.06266588058645517;1;2;16;15;0;20;3.9821224100941515;20;-1.5975571000830318;5;3;0;2;2;0;16;14;2;24;21;-3.702700180692399;1;0;11;23;4.246437212504974;0;15;25;2;1;0;10;20;-8.715331921210012;5;17;0;5;12;0;7;-2.314486469360608;19
TRACK:1873;1704;1700;5;4;2;2;3;2;4;6;6;2;16;15;0;2;1;2;20;-9.179371287932527;17;1;7;4.87621306040768;10;3;3;14;4;5;6;20;-6.188577835438378;5;0;0;5;1;6;11;2;21;9.26271656816722;17;6;4;3;16;3;1;3;4;14;2;1;8;7;3.12428945162108;2;14;16;0;5;2;4;2;6;8;0;8;19;2;2;4;21;-5.833646260872705;6;18;6;3;11;5;3;0;2;2;0;16;14;2;24;21;-3.8108003299362276;1;0;11;23;4.272808307094709;0;15;25;2;1;14;2;18;24;0;5;12;0;7;-2.4563867155461456;19
TRACK:1874;1609;1602;5;4;2;2;3;2;4;6;17;0;2;1;2;20;-9.320693244161898;17;1;7;4.7220325277705895;10;3;3;14;4;14;5;0;0;5;2;1;22;1.923619497107204;8;12;6;4;3;16;3;1;3;4;14;2;1;8;7;3.0274866555454607;2;14;20;-8.878827762802349;0;5;5;1;3;0;4;8;2;18;24;1;5;6;22;0.12376756875943894;1;2;16;15;0;20;4.165737301795081;20;-1.4968169502666846;5;3;0;2;2;0;16;14;2;24;21;-3.7840995468803937;1;0;11;23;4.232383231439046;0;15;25;2;1;0;10;20;-8.83252758509879;5;17;0;5;12;0;7;-2.2270801466683983;19
TRACK:1875;1609;1602;5;4;2;2;3;2;4;6;6;5;7;-8.924658109388547;0;2;1;2;20;-9.216759550981875;17;1;7;4.727188977081249;10;3;3;14;4;5;6;20;-6.451752253170602;5;0;0;5;15;6;4;3;16;3;1;3;4;14;2;1;8;7;2.801339003919385;2;14;20;-8.813586194873086;0;5;5;1;3;0;5;10;2;18;24;1;5;6;22;0.041540945791869496;1;2;16;15;0;20;4.006829564185604;20;-1.1949904755351541;5;3;0;2;2;0;16;14;2;24;21;-3.731835156910387;1;0;11;23;4.302434023109279;0;15;25;2;1;0;10;20;-8.669834775185848;5;17;0;5;12;0;7;-2.3814190398794284;19
TRACK:1876;1087;1587;5;4;2;2;3;2;4;6;6;5;17;0;2;1;2;20;-9.055238234557521;17;1;7;4.6714100621445755;10;3;3;14;4;5;6;20;-6.184301607843144;5;0;0;5;2;1;22;1.8520591977547043;8;12;6;4;3;16;3;1;3;4;14;2;1;8;7;3.132257535622614;2;14;16;0;5;5;1;3;0;5;10;2;18;22;1.906593067715322;1;5;6;22;0.018222364920325473;1;2;16;15;0;20;3.950159029101806;20;-1.3237465858486015;5;3;0;2;2;0;16;14;2;24;21;-3.843496344262961;1;0;11;23;4.397454443347297;0;15;25;2;1;0;10;20;-8.685644612938242;5;17;0;5;12;0;7;-2.230021524979761;19
TRACK:1877;1087;1587;5;4;2;2;0;5;10;2;18;24;5;0;0;5;2;1;22;1.906593067715322;8;12;6;4;3;16;3;1;3;4;14;2;1;8;7;3.0133491701539907;2;14;20;-8.792991378609958;0;5;5;1;3;0;5;10;2;18;24;1;5;6;22;0.07792157900469257;1;2;16;15;0;20;3.9835440986117345;20;-1.3156452878401617;5;3;0;2;2;0;16;14;2;24;21;-3.820957787781262;1;0;11;23;4.335986549822248;0;15;25;2;1;0;10;20;-8.722521064477954;5;17;0;5;12;0;7;-2.2365689066102887;19
TRACK:1878;1609;1704;5;4;2;2;3;2;4;6;6;5;7;-8.778687284129877;0;2;1;2;20;-9.320693244161898;17;1;7;4.7220325277705895;10;3;3;14;4;14;5;0;0;5;2;1;22;1.923619497107204;8;12;6;4;3;14;3;1;3;4;14;2;1;8;7;3.0274866555454607;2;14;20;-8.878827762802349;0;5;5;1;3;0;4;8;2;18;24;1;5;6;22;0.12376756875943894;1;2;16;15;0;20;4.165737301795081;20;-1.4968169502666846;5;3;0;2;2;0;16;14;2;24;21;-3.7840995468803937;1;0;11;23;4.232383231439046;0;15;25;2;1;0;10;20;-8.83252758509879;5;17;0;5;12;0;7;-2.2270801466683983;19
TRACK:1879;1609;1704;5;4;2;2;3;2;4;6;6;5;7;-8.662953012208694;0;2;1;2;20;-9.324198861991002;17;1;7;4.691434814304226;10;3;3;14;4;14;5;0;0;5;2;1;22;1.9174694928406504;8;12;1;22;1.8998010619032266;8;3;1;3;4;14;2;1;8;7;3.046353679443367;2;14;20;-8.913186812662488;0;5;5;1;3;0;4;19;2;18;24;1;5;6;22;0.06266588058645517;1;2;16;15;0;20;3.9821224100941515;20;-1.5975571000830318;5;3;0;2;2;0;16;14;2;24;21;-3.702700180692399;1;0;11;23;4.246437212504974;0;15;25;6;5;7;-8.778687284129877
TRACK:1880;1870;-1;5;4;2;2;3;2;4;6;6;5;7;-8.930575669694075;0;2;1;2;20;-9.42118880204231;17;1;7;4.761990186651369;10;3;3;14;4;14;5;0;0;5;2;1;22;1.8274154983518862;22;-1.313882207417982;12;6;4;3;16;3;1;3;4;14;2;1;8;7;3.0047973740061344;2;14;20;-8.692035980506988;0;5;5;1;3;0;4;8;2;18;24;1;5;6;22;0.0776352660764109;1;2;7;-4.417651871450143;15;0;20;4.274733494911656;20;-1.7080756475421959;5;3;0;2;2;0;16;14;2;24;21;-3.9359308320683244;15;2;1;0;10;20;-8.73850912199039;5;17;0;5;12;0;7;-2.098702422987567;19
TRACK:1881;1872;-1;5;4;2;2;3;2;4;6;6;5;7;-8.585827991584058;0;2;1;2;20;-9.182022764144925;21;-3.613055469459172;1;7;4.537835128681287;10;3;3;14;4;14;5;0;0;5;2;1;22;2.0228135216401384;8;12;1;22;1.7284737636680936;8;3;1;3;4;14;2;1;8;7;3.0890990057628716;2;14;20;-9.05103441905288;0;5;5;1;3;0;4;19;2;18;24;1;5;6;22;0.23800518200483065;1;2;12;15;0;20;4.122240427939181;20;-1.4635459324398838;5;3;0;2;2;0;16;14;2;24;21;-3.5381960880671737;1;0;11;23;4.24383272381505;0;15;25;2;1;0;10;20;-8.604026181535248;5;17;0;5;12;0;7;-2.222920527538914;19
TRACK:1882;1874;-1;5;4;2;2;3;2;4;6;17;0;2;1;2;20;-9.300947026647314;17;1;7;4.712761627711717;10;3;3;14;4;14;5;0;0;5;2;1;22;1.9509939515922152;8;12;6;4;3;16;5;23;-4.951500479721687;0;5;5;1;3;0;4;8;2;18;24;1;5;6;22;0.27436872700913684;1;2;16;15;0;20;4.24666662521493;20;-1.5791425583542507;5;3;0;2;2;0;16;14;2;24;21;-3.7891665585690415;1;0;11;23;4.264142667349947;0;15;25;2;1;0;10;20;-8.614746637355863;5;17;0;5;12;0;7;-2.1864140915359926;19
TRACK:1883;1876;-1;5;4;2;2;3;2;4;6;6;0;24;24;0;2;1;2;20;-9.010238859022767;17;1;7;4.614076522841573;10;3;3;14;4;5;6;20;-6.476965101282651;5;0;0;5;2;1;22;1.6916670803086997;8;12;6;4;3;16;3;1;3;4;14;2;1;8;7;3.0581014478357837;2;14;16;0;5;5;1;3;0;5;10;2;18;22;1.932684761883375;1;5;6;22;-0.07965919278437496;1;2;16;15;0;20;3.907615541709296;20;-1.1974936523956057;5;3;0;2;2;0;16;14;2;24;21;-3.779757226154932;1;0;11;23;4.504106903161345;0;15;25;2;1;0;10;20;-8.805302821235445;5;17;0;5;12;0;7;-2.1757767095242913;19
TRACK:1884;1878;-1;5;4;2;2;3;2;4;6;6;5;7;-8.670042709023631;0;2;1;2;20;-9.165153817176554;17;1;7;4.706567491798488;10;3;3;14;4;14;5;0;0;5;2;1;22;1.9690569017518058;8;12;6;4;3;14;3;1;3;4;14;2;1;8;7;2.998125253930075;2;14;20;-8.890966001531027;0;5;5;1;3;0;4;8;2;23;7.965350351545901;24;1;5;6;22;0.06255093757647781;1;2;16;15;0;20;4.192639984839535;20;-1.493247953425929;5;3;0;2;2;0;16;14;2;24;21;-3.802415824842965;1;0;11;23;4.167204327452644;0;15;25;2;1;0;10;20;-8.990687721952376;5;17;0;5;12;0;7;-2.1812305334420947;19
TRACK:1885;1871;-1;5;4;2;2;3;2;4;6;6;5;7;-8.796225457782581;0;2;1;2;20;-9.206318456184425;17;1;7;4.751195300557818;10;3;3;14;4;5;6;20;-6.585422951142623;1;2;4;0;2;24;9;1;10;25;5;2;5;8;4;14;4;3;4;0;12;25;0;5;5;1;3;0;5;10;2;18;24;1;5;6;22;-0.002251630861001122;1;2;16;15;0;20;3.913179871421851;20;-1.2797378687045016;16
TRACK:1886;1873;-1;5;4;2;2;3;2;4;6;6;2;16;15;0;2;1;2;20;-9.077620248819231;17;1;7;4.953063465419103;10;3;3;14;4;5;6;20;-6.135686768526903;5;0;0;5;1;6;11;2;21;9.335519564155321;17;6;2;6;25;1;17;17;3;1;3;4;14;2;1;8;7;3.12621715834534;2;14;16;0;5;2;4;2;6;8;0;8;19;2;2;4;21;-6.029169790230308;6;18;6;3;11;5;3;0;2;2;0;16;14;2;24;21;-3.9006872948916875;1;0;11;23;4.3344248130256275;0;15;25;2;1;14;2;18;24;0;5;12;0;7;-2.5485399502939754;19
TRACK:1887;1875;-1;5;4;2;2;3;2;4;6;6;5;7;-9.029635080585305;0;2;1;2;20;-9.263368404627741;17;1;7;4.787982066515693;10;3;5;23;9.734216234832054;4;5;6;20;-6.587474220964089;5;0;0;5;15;6;4;3;16;3;1;3;4;14;2;1;8;7;2.7619704584712412;2;14;20;-8.857085524265962;0;5;5;1;3;0;5;10;2;18;24;1;5;6;22;0.011210273243869924;1;2;16;15;0;20;3.958873784013215;20;-1.1176348532510452;5;3;0;2;2;0;16;14;2;24;21;-3.643529773381465;1;0;11;23;4.287754693815603;0;15;25;2;1;0;10;20;-8.670180528817584;5;17;0;5;12;0;7;-2.370152649219132;19
TRACK:1888;1877;-1;5;4;2;2;0;5;10;2;18;24;5;0;0;5;2;1;22;2.027652446351511;8;12;6;4;3;16;3;1;3;4;14;2;1;8;7;3.127140954294011;2;14;20;-8.758287337693194;0;5;5;1;3;0;5;10;2;18;24;1;5;6;10;1;2;16;15;0;20;3.785784723670628;20;-1.2772081245686155;5;3;0;2;2;0;16;14;2;24;21;-3.704166759953524;1;0;11;23;4.214998563260118;0;15;25;2;1;0;10;20;-8.826886376261964;5;17;0;5;12;0;7;-2.170135746663192;19
TRACK:1889;1879;-1;5;4;2;2;3;2;2;2;2;5;13;1;21;8.548827871365027;16;5;6;24;3;6;0;22;-8.989843144353443;13;0;2;1;2;20;-9.277304489018551;17;1;7;4.628428998843187;10;3;3;14;4;14;5;0;0;5;2;1;22;1.8279916008297294;8;12;1;22;1.8014006292344582;8;3;1;3;4;14;2;1;8;7;2.915554439319332;2;14;20;-8.950368556280697;0;5;5;1;3;0;4;19;2;18;24;1;5;6;22;-0.07816788262430077;1;2;16;15;0;20;3.868164859026467;20;-1.5312068278570867;5;3;0;2;2;0;16;14;2;24;21;-3.717362685202801;1;0;11;23;4.331484509007206;0;15;25;6;5;7;-8.828845255820244
EVAL_INSTANCE:94:0:1880
EVAL_INSTANCE:94:1:1881
EVAL_INSTANCE:94:2:1882
EVAL_INSTANCE:94:3:1883
EVAL_INSTANCE:94:4:1884
EVAL_INSTANCE:94:5:1885
EVAL_INSTANCE:94:6:1886
EVAL_INSTANCE:94:7:1887
EVAL_INSTANCE:94:8:1888
EVAL_INSTANCE:94:9:1889
RUN_RESULT:94:0:0:2000:----
RUN_RESULT:94:1:0:2000:----
RUN_RESULT:94:2:0:892:RDRRRDDLDLUUDRRUULLLLDLUUUDRRULRRDRDRRRDLLUUUUUR
RUN_RESULT:94:3:0:2000:----
RUN_RESULT:94:4:0:438:RDRRRDDLDLUUDRRUULLLLDLUUUDRRULRRRRUUR
RUN_RESULT:94:5:0:2000:----
RUN_RESULT:94:6:0:2000:----
RUN_RESULT:94:7:0:1798:RDRRRDDLDLUUDRRUULLLLDLUUUDRRULRRRDRDRRDLLLUUURUUR
RUN_RESULT:94:8:0:2000:----
RUN_RESULT:94:9:0:2000:----
    95 |      950 | -3.387700E+03 | -3.564000E+03
TRACK:1890;1704;1642;5;4;2;2;3;2;4;6;6;5;7;-8.662953012208694;0;2;1;2;20;-9.324198861991002;17;1;7;4.691434814304226;10;3;3;14;4;14;5;0;0;5;2;1;22;1.9174694928406504;8;12;1;22;1.8998010619032266;8;3;1;3;4;14;2;1;8;7;3.046353679443367;2;14;20;-8.913186812662488;0;5;5;1;3;0;4;19;2;18;24;1;5;25;1;2;16;15;0;20;3.9821224100941515;20;-1.5975571000830318;5;3;0;2;2;0;16;14;2;24;21;-3.702700180692399;1;0;11;23;4.246437212504974;0;15;25;2;1;0;10;20;-8.715331921210012;5;17;0;5;12;0;7;-2.314486469360608;19
TRACK:1891;1704;1642;5;4;2;2;3;2;4;6;6;5;7;-8.828658069678704;0;2;1;2;20;-9.287302446819876;17;1;7;4.719364267750433;10;3;3;14;4;14;5;0;0;5;2;1;22;1.7935516268539546;22;-1.3556026058111001;12;6;4;3;16;3;1;3;4;14;2;1;8;7;2.907372739460562;2;14;20;-8.79157478533725;0;5;5;1;3;0;4;8;2;18;24;1;5;6;22;0.015560433106742363;1;2;16;15;0;20;4.24004602305983;20;-1.6861889451587957;5;3;0;2;2;0;16;14;2;24;21;-3.8233888570966323;1;0;11;23;4.232283167468702;0;15;25;2;1;0;10;20;-8.802690835807653;5;17;0;5;12;0;7;-2.2224612915723787;19
TRACK:1892;1609;1587;5;4;2;2;3;2;4;6;6;5;7;-8.778687284129877;0;2;1;2;20;-9.320693244161898;17;1;7;4.7220325277705895;10;3;3;14;4;14;5;0;0;5;2;1;22;1.923619497107204;8;12;6;2;14;20;-8.792991378609958;3;1;3;4;14;2;1;8;7;3.0274866555454607;2;14;20;-8.878827762802349;0;5;5;1;3;0;4;8;2;18;24;1;5;6;22;0.12376756875943894;1;2;16;15;0;20;4.165737301795081;20;-1.4968169502666846;5;3;0;2;2;0;16;14;2;24;21;-3.7840995468803937;1;0;11;23;4.232383231439046;0;15;25;2;1;0;10;20;-8.83252758509879;5;17;0;5;12;0;7;-2.2270801466683983;19
TRACK:1893;1609;1587;5;4;2;2;3;2;4;6;6;5;7;-8.853576135577189;0;2;1;2;20;-9.224434265050338;17;1;7;4.696657417337175;10;3;3;14;4;5;6;20;-6.396384481629575;5;0;0;5;2;1;22;1.906593067715322;8;12;6;4;3;16;3;1;3;4;14;2;1;8;7;3.0133491701539907;2;14;20;-8.792991378609958;0;5;5;1;3;0;5;10;2;18;24;1;5;6;22;0.07792157900469257;1;2;16;15;0;20;3.9835440986117345;20;-1.3156452878401617;5;3;0;2;2;0;16;14;2;24;21;-3.820957787781262;1;0;11;23;4.335986549822248;0;20;-8.83252758509879;25;2;1;0;10;20;-8.722521064477954;5;17;0;5;12;0;7;-2.2365689066102887;19
TRACK:1894;1087;1704;5;4;2;2;3;2;4;6;6;5;17;0;2;1;2;20;-9.055238234557521;17;1;7;4.6714100621445755;8;3;3;14;4;5;6;20;-6.184301607843144;5;0;0;5;2;1;22;1.8520591977547043;8;12;6;4;3;16;3;1;3;4;14;2;1;8;7;3.132257535622614;2;14;16;0;5;5;1;3;0;5;10;2;18;24;1;5;6;22;0.018222364920325473;1;2;16;15;0;20;3.950159029101806;20;-1.3237465858486015;5;3;0;2;2;0;16;14;2;24;21;-3.843496344262961;1;0;11;23;4.397454443347297;0;15;25;2;1;0;10;20;-8.685644612938242;5;17;0;5;12;0;7;-2.230021524979761;19
TRACK:1895;1087;1704;5;4;2;2;3;2;4;6;6;5;7;-8.662953012208694;0;2;1;2;20;-9.324198861991002;17;1;7;4.691434814304226;10;3;3;14;4;14;5;0;0;5;2;1;22;1.9174694928406504;8;12;1;22;1.8998010619032266;8;3;1;3;4;14;2;1;8;7;3.046353679443367;2;14;20;-8.913186812662488;0;5;5;1;3;0;4;19;2;18;24;1;5;6;22;0.06266588058645517;1;2;16;15;0;20;3.9821224100941515;20;-1.5975571000830318;5;3;0;2;2;0;16;14;2;24;21;-3.702700180692399;1;0;11;23;4.246437212504974;0;15;25;2;1;0;10;20;-8.715331921210012;5;17;0;5;22;1.8520591977547043;0;7;-2.314486469360608;19
TRACK:1896;1587;1884;5;4;2;2;3;2;4;6;6;5;7;-8.853576135577189;0;1;8;7;2.998125253930075;4;5;6;20;-6.396384481629575;5;0;0;5;2;1;22;1.906593067715322;8;12;6;4;3;16;3;1;3;4;14;2;1;8;7;3.0133491701539907;2;14;20;-8.792991378609958;0;5;5;1;3;0;5;10;2;18;24;1;5;6;22;0.07792157900469257;1;2;16;15;0;20;3.9835440986117345;20;-1.3156452878401617;5;3;0;2;2;0;16;14;2;24;21;-3.820957787781262;1;0;11;23;4.335986549822248;0;15;25;2;1;0;10;20;-8.722521064477954;5;17;0;5;12;0;7;-2.2365689066102887;19
TRACK:1897;1587;1884;5;4;2;2;3;2;4;6;6;5;7;-8.670042709023631;0;2;1;2;20;-9.165153817176554;17;1;7;4.706567491798488;10;3;3;14;4;14;5;0;5;10;2;18;24;0;5;5;1;3;0;4;8;2;23;7.965350351545901;24;1;5;6;22;0.06255093757647781;1;2;16;15;0;20;4.192639984839535;20;-1.493247953425929;5;3;0;2;2;0;16;14;2;24;21;-3.802415824842965;1;0;11;23;4.167204327452644;0;15;25;2;1;0;10;20;-8.990687721952376;5;17;0;5;12;0;7;-2.1812305334420947;19
TRACK:1898;1722;1609;5;4;2;2;3;2;4;6;6;5;7;-8.68632936756244;0;2;1;2;20;-9.222936420948617;17;1;7;4.675772172973395;10;3;3;14;4;14;5;0;0;5;2;1;22;2.0275858527967974;10;12;1;22;1.8817257686509514;8;3;1;3;4;14;2;1;8;7;2.992493545444627;2;10;20;-8.961722727542753;0;5;5;1;3;0;4;19;2;18;24;1;5;6;22;0.17109945616697947;1;2;16;15;0;20;4.015018132414157;20;-1.5253389116219143;5;3;0;2;2;0;16;14;2;24;21;-3.630184310643136;1;0;11;23;4.238181781705038;0;15;25;2;1;0;10;20;-8.764862821173018;5;17;0;5;12;0;7;-2.4210804860776256;19
TRACK:1899;1722;1609;5;4;2;2;3;2;4;6;6;5;7;-8.778687284129877;0;2;1;2;20;-9.320693244161898;17;1;7;4.7220325277705895;10;3;3;14;4;14;5;0;0;5;2;1;22;1.923619497107204;8;12;6;4;3;16;3;1;3;4;14;2;1;8;7;3.0274866555454607;2;14;20;-8.878827762802349;0;5;5;1;3;0;4;8;2;18;24;1;5;6;22;0.12376756875943894;1;7;4.675772172973395;0;20;4.165737301795081;20;-1.4968169502666846;5;3;0;2;2;0;16;14;2;24;21;-3.7840995468803937;1;0;11;23;4.232383231439046;0;15;25;2;1;0;10;20;-8.83252758509879;5;17;0;5;12;0;7;-2.2270801466683983;19
TRACK:1900;1890;-1;5;4;2;2;3;2;4;6;6;5;7;-8.74988384192901;0;3;1;20;-8.251390224058445;7;2.1195836912137995;4;14;5;0;0;5;2;1;22;1.927709709267002;8;12;1;22;1.8002253353661604;8;3;1;3;4;14;2;1;8;7;3.1145444130898357;2;14;20;-8.83792679209389;0;5;5;1;3;0;4;19;2;18;24;1;5;25;1;2;16;15;0;20;4.036368514316021;20;-1.770324270456224;5;3;0;2;2;0;16;14;2;24;21;-3.6508317814767266;1;0;11;23;4.173368585120805;0;15;25;2;1;0;10;20;-8.655177771866983;5;17;0;5;12;0;7;-2.597978279153777;19
TRACK:1901;1892;-1;5;4;2;2;3;2;4;6;6;5;7;-8.736398262011122;0;2;1;2;20;-9.277009721092366;14;1;7;4.964372389987698;10;3;3;14;4;14;5;0;0;5;2;1;22;1.9779332342422136;8;12;6;2;14;20;-8.646860263208247;3;1;3;4;14;2;1;8;7;3.2476537544893125;2;14;20;-9.060785378506054;0;5;5;1;3;0;4;8;2;18;24;1;5;6;22;0.11916010784804924;1;2;16;15;0;20;4.1331952462041635;20;-1.5247060245427957;5;3;0;2;2;0;16;14;2;24;21;-3.8704058131961094;1;0;11;23;4.213529557963336;0;15;25;2;1;0;10;20;-8.821610580800888;5;17;0;5;12;0;7;-2.2617700466834982;19
TRACK:1902;1894;-1;5;5;1;1;5;5;12;4;3;13;6;4;5;7;0.38307886298646565
TRACK:1903;1896;-1;5;4;2;2;3;2;4;6;6;5;7;-8.797819198202728;0;1;8;7;3.055045301075156;4;5;6;20;-6.462606901243606;5;0;0;5;2;1;24;8;12;6;4;3;16;3;1;3;4;14;2;1;8;7;3.032798041848071;2;14;20;-9.072320538045096;0;5;5;1;3;0;5;10;2;18;24;1;5;6;22;0.12616793730666404;1;2;16;15;0;20;4.1119923699323255;20;-1.435995106407991;5;3;0;2;2;0;16;14;2;24;21;-3.6625911812580907;1;0;11;23;4.321987296561316;0;15;25;2;1;0;10;20;-8.85195622635721;5;17;0;5;12;0;7;-2.30351187854569;19
TRACK:1904;1898;-1;5;4;2;2;3;2;4;6;6;5;7;-8.647217702737713;0;2;1;2;20;-9.371893156721947;17;1;7;4.523026753836542;10;3;3;14;4;14;5;0;0;5;2;1;22;2.102764556192598;10;12;1;22;1.8332202531015032;8;3;1;3;4;14;2;1;8;7;2.967020405937119;2;10;20;-8.972685646027065;0;5;5;1;3;0;4;19;2;18;24;1;5;6;22;0.19099045234061543;1;2;16;15;0;20;3.8871462877201015;20;-1.3936831280860198;5;3;0;2;2;0;16;14;2;24;21;-3.5060156286171793;1;0;11;23;4.244910625508014;0;15;25;1;4;24;6;21;5.394427270588174
TRACK:1905;1891;-1;5;4;2;2;3;2;4;6;6;5;7;-8.796294299069585;0;2;1;2;20;-9.309970108546581;17;1;7;4.702791845880595;10;3;3;14;4;14;5;0;0;5;2;1;22;1.6211932041501473;22;-1.2362334195997418;12;6;4;3;16;3;1;3;4;14;2;1;8;7;2.8270494971192823;2;14;20;-8.80643414671056;0;5;5;1;3;0;4;8;6;17;1;5;6;22;-0.0641798564055737;1;2;16;15;0;20;4.396237152881322;20;-1.7589258209035066;5;3;0;2;2;0;16;14;2;24;21;-3.716534297319325;1;0;11;23;4.1352946478990775;0;15;25;2;1;0;10;20;-8.834702968816446;5;17;0;5;12;0;7;-2.133861251894297;19
TRACK:1906;1893;-1;5;4;2;2;3;2;4;6;6;5;7;-8.855699676382127;0;2;1;2;20;-9.166925091670825;17;1;7;4.907816076424169;10;3;3;14;4;5;6;20;-6.428944766814749;5;0;6;20;7.760178551775994;3;1;3;4;14;2;1;8;7;3.1786719546661533;2;14;20;-8.90292143116329;0;5;5;1;3;0;5;10;2;18;24;1;5;6;22;-0.023777781937350723;1;2;16;15;0;20;3.7707767517501702;20;-1.3102950193017298;5;3;0;2;2;0;16;14;2;24;21;-3.912852530173315;1;0;11;23;4.132244932558572;0;20;-8.868336692232916;25;2;1;0;10;20;-8.708624085376464;5;17;0;5;12;0;7;-2.1654999953380094;19
TRACK:1907;1895;-1;5;4;1;6;3;4;6;2;0;7;-2.2184041724305352;22;1.3528557359299516;0;25;20;9.268049951825063;5;5;1;4;1;2;7;5.5724579827750205;23;-0.8973866208727586;0;13;24;0;6;3;22;-3.1488020302914466;3;1;16;11
TRACK:1908;1897;-1;5;4;2;2;3;2;4;6;6;5;7;-8.704805017062922;0;2;1;2;20;-9.221414103764188;17;1;7;4.540281621650924;23;8.889702669070743;3;3;14;4;14;5;0;5;10;2;18;24;0;5;5;1;3;0;4;8;2;23;8.030227068698718;24;1;5;6;22;0.0627752164754426;1;2;16;15;0;20;4.176530004543348;20;-1.4565562008504096;5;3;0;2;2;0;16;14;2;24;21;-3.840895266889947;1;0;11;23;4.072194074590366;0;15;25;2;1;0;10;20;-8.994282497112314;5;17;0;5;12;0;7;-2.0820071385166323;19
TRACK:1909;1899;-1;5;4;2;0;6;4;6;18;1;0;4;24;1;17;16;5;1;21;-6.276530369043436;8;0;5;5;1;3;0;4;8;2;18;24;1;5;6;22;0.21033763527680993;1;7;4.681600066819197;0;20;4.23878949588751;20;-1.5114763692196838;5;3;0;2;2;0;16;14;2;24;21;-3.818223567898299;1;0;11;23;4.1692517974044945;0;15;25;2;1;0;10;20;-9.0137329931725;5;17;0;5;12;0;7;-2.322038762985878;19
EVAL_INSTANCE:95:0:1900
EVAL_INSTANCE:95:1:1901
EVAL_INSTANCE:95:2:1902
EVAL_INSTANCE:95:3:1903
EVAL_INSTANCE:95:4:1904
EVAL_INSTANCE:95:5:1905
EVAL_INSTANCE:95:6:1906
EVAL_INSTANCE:95:7:1907
EVAL_INSTANCE:95:8:1908
EVAL_INSTANCE:95:9:1909
RUN_RESULT:95:0:0:2000:----
RUN_RESULT:95:1:0:2000:----
RUN_RESULT:95:2:0:2000:----
RUN_RESULT:95:3:0:2000:----
RUN_RESULT:95:4:0:2000:----
RUN_RESULT:95:5:0:687:RDRRRDDLDLUUDRRUULLLLDLUUUDRRULRRRRUUR
RUN_RESULT:95:6:0:2000:----
RUN_RESULT:95:7:0:2000:----
RUN_RESULT:95:8:0:2000:----
RUN_RESULT:95:9:0:2000:----
    96 |      960 | -3.399000E+03 | -3.564000E+03
TRACK:1910;1587;1722;5;4;2;2;3;2;4;6;6;5;7;-8.853576135577189;0;2;1;2;22;0.17109945616697947;17;1;7;4.696657417337175;10;3;3;14;4;5;6;20;-6.396384481629575;5;0;0;5;2;1;22;1.906593067715322;8;12;6;4;3;16;3;1;3;4;14;2;1;8;7;3.0133491701539907;2;14;20;-8.792991378609958;0;5;5;1;3;0;5;10;2;18;24;1;5;6;22;0.07792157900469257;1;2;16;15;0;20;3.9835440986117345;20;-1.3156452878401617;5;3;0;2;2;0;16;14;2;24;21;-3.820957787781262;1;0;11;23;4.335986549822248;0;15;25;2;1;0;10;20;-8.722521064477954;5;17;0;5;12;0;7;-2.2365689066102887;19
TRACK:1911;1587;1722;5;4;2;2;3;2;4;6;6;5;7;-8.68632936756244;0;2;1;2;20;-9.222936420948617;17;1;7;4.675772172973395;10;3;3;14;4;14;5;0;0;5;2;1;22;2.0275858527967974;10;12;1;22;1.8817257686509514;8;3;1;3;4;14;2;1;8;7;2.992493545444627;2;14;20;-8.961722727542753;0;5;5;1;3;0;4;19;2;18;24;1;5;6;22;0.17109945616697947;1;2;16;15;0;20;4.015018132414157;20;-1.5253389116219143;5;3;0;2;2;0;16;14;2;24;21;-3.630184310643136;1;0;14;23;4.238181781705038;0;15;25;2;1;0;10;20;-8.764862821173018;5;17;0;5;12;0;7;-2.4210804860776256;19
TRACK:1912;1905;1884;5;4;2;2;3;2;4;6;6;5;7;-8.796294299069585;0;2;1;2;20;-9.309970108546581;17;1;7;4.702791845880595;10;3;3;14;4;14;5;0;0;5;2;1;22;1.6211932041501473;22;-1.2362334195997418;12;6;4;3;16;3;1;3;4;14;2;1;8;7;2.8270494971192823;2;14;20;-8.80643414671056;0;5;5;1;3;0;4;8;6;17;1;5;6;22;-0.0641798564055737;1;2;16;15;0;20;4.396237152881322;20;-1.7589258209035066;5;3;0;2;2;0;16;14;2;24;21;-3.716534297319325;1;0;11;23;4.1352946478990775;0;15;25;2;1;0;14;20;-8.834702968816446;5;17;0;5;12;0;7;-2.133861251894297;19
TRACK:1913;1905;1884;5;4;2;2;3;2;4;6;6;5;7;-8.670042709023631;0;2;1;2;20;-9.165153817176554;17;17;3;3;14;4;14;5;0;0;5;2;1;22;1.9690569017518058;8;12;6;4;3;14;3;1;3;4;14;2;1;8;7;2.998125253930075;2;14;20;-8.890966001531027;0;5;5;1;3;0;4;8;2;23;7.965350351545901;24;1;5;6;22;0.06255093757647781;1;2;16;15;0;20;4.192639984839535;20;-1.493247953425929;5;3;0;2;2;0;16;14;2;24;21;-3.802415824842965;1;0;11;23;4.167204327452644;0;15;25;2;1;0;10;20;-8.990687721952376;5;17;0;5;12;0;7;-2.1812305334420947;19
TRACK:1914;1602;1587;5;4;2;2;3;2;4;6;6;5;7;-8.924658109388547;0;2;1;2;20;-9.216759550981875;17;1;7;4.727188977081249;10;3;3;14;4;5;6;20;-6.451752253170602;5;0;0;5;15;6;4;3;16;3;1;3;4;14;2;1;8;7;2.801339003919385;2;14;20;-8.813586194873086;0;5;5;1;3;0;5;10;2;18;24;1;5;6;22;0.041540945791869496;1;2;16;15;0;20;4.006829564185604;20;-1.1949904755351541;5;3;0;2;2;0;16;14;2;24;21;-3.731835156910387;1;0;11;23;4.302434023109279;0;15;25;2;1;0;10;20;-8.669834775185848;5;17;0;5;12;0;24;19
TRACK:1915;1602;1587;5;4;2;2;24;21;-3.731835156910387;0;5;5;1;3;0;5;10;2;18;24;1;5;6;22;0.07792157900469257;1;2;16;15;0;20;3.9835440986117345;20;-1.3156452878401617;5;3;0;2;2;0;16;14;2;24;21;-3.820957787781262;1;0;11;23;4.335986549822248;0;15;25;2;1;0;10;20;-8.722521064477954;5;17;0;5;12;0;7;-2.2365689066102887;19
TRACK:1916;1722;1609;5;4;2;2;3;2;4;6;6;5;7;-8.68632936756244;0;2;1;2;20;-9.222936420948617;17;1;7;4.675772172973395;10;3;3;14;4;14;5;0;0;5;2;1;22;2.0275858527967974;10;12;1;22;1.8817257686509514;8;3;1;3;4;14;2;1;8;7;2.992493545444627;2;14;20;-8.961722727542753;0;5;5;1;3;0;4;19;2;18;24;1;5;6;22;0.17109945616697947;1;2;16;15;0;20;4.015018132414157;20;-1.5253389116219143;5;1;8;7;3.0274866555454607
TRACK:1917;1722;1609;5;4;2;2;3;2;4;6;6;5;7;-8.778687284129877;0;2;1;2;20;-9.320693244161898;17;1;7;4.7220325277705895;10;3;3;14;4;14;5;14;0;5;5;1;3;0;4;8;2;18;24;1;5;6;22;0.12376756875943894;1;2;16;15;0;20;4.165737301795081;20;-1.4968169502666846;5;3;0;2;2;0;16;14;2;24;21;-3.7840995468803937;1;0;11;23;4.232383231439046;0;15;25;2;1;0;10;20;-8.83252758509879;5;17;0;5;12;0;7;-2.2270801466683983;19
TRACK:1918;1884;1704;5;4;2;2;3;2;4;6;6;5;7;-8.670042709023631;0;2;1;2;20;-9.165153817176554;17;1;7;4.706567491798488;10;3;3;14;4;14;5;0;1;0;10;20;-8.715331921210012;5;17;3;1;3;4;14;2;1;8;7;2.998125253930075;2;14;20;-8.890966001531027;0;5;5;1;3;0;4;8;2;23;7.965350351545901;24;1;5;6;22;0.06255093757647781;1;2;16;15;0;20;4.192639984839535;20;-1.493247953425929;5;3;0;2;2;0;16;14;2;24;21;-3.802415824842965;1;0;11;23;4.167204327452644;0;15;25;2;1;0;10;20;-8.990687721952376;5;17;0;5;12;0;7;-2.1812305334420947;19
TRACK:1919;1884;1704;5;4;2;2;3;2;4;6;6;5;7;-8.662953012208694;0;2;1;2;20;-9.324198861991002;17;1;7;4.691434814304226;10;3;3;14;4;14;5;0;0;5;2;1;22;1.9174694928406504;8;12;1;22;1.8998010619032266;8;3;1;3;4;14;2;1;8;7;3.046353679443367;2;14;20;-8.913186812662488;0;5;5;1;3;0;4;19;2;18;24;1;5;6;14;1;2;16;15;0;20;3.9821224100941515;20;-1.5975571000830318;5;3;0;2;2;0;16;14;2;24;21;-3.702700180692399;1;0;11;23;4.246437212504974;0;15;25;2;1;0;10;20;-8.715331921210012;5;17;0;5;12;0;7;-2.314486469360608;19
TRACK:1920;1910;-1;5;4;2;2;3;2;4;6;6;5;7;-8.914970174772261;0;2;1;2;22;0.21062344106869021;17;1;7;4.816281809998265;10;3;3;14;4;5;6;20;-6.320393755186558;5;0;0;5;2;1;22;1.9517144084169638;8;12;2;6;5;25;3;6;9;3;1;3;4;14;2;1;8;7;3.0659834760826787;2;14;20;-8.792347158103713;0;5;5;1;3;0;5;10;2;18;24;1;5;6;22;0.2259712631054471;1;2;16;15;0;20;3.898430282895268;20;-1.1294923163215256;5;3;0;2;2;0;16;14;2;24;21;-3.924058298761787;1;0;11;23;4.3945498791834146;0;15;25;2;1;0;10;20;-8.824370518285225;5;17;0;5;12;0;7;-2.3210630549382945;19
TRACK:1921;1912;-1;5;4;3;2;6;9;1;15;21;-1.5406717784916957
TRACK:1922;1914;-1;5;4;2;2;3;2;4;6;6;5;7;-9.04335016219959;0;2;1;2;20;-9.293458029113896;17;1;7;4.768978183910541;10;3;3;14;4;5;6;20;-6.336420680626873;5;0;0;5;15;6;4;3;16;3;1;3;4;14;2;1;8;7;2.8153686226319565;2;14;20;-8.787153331201404;0;4;2;3;0;12;25;0;4;14;4;21;6.144136534470377;5;3;0;2;2;0;16;14;2;24;21;-3.8273283522433807;1;0;11;23;4.3005407300399074;0;15;25;2;1;0;10;20;-8.47455266392139;5;17;0;5;12;0;24;19
TRACK:1923;1916;-1;5;4;2;2;3;2;4;6;6;5;7;-8.721908104278146;0;2;1;2;20;-8.994186562042135;17;1;7;4.580229571916906;10;3;3;14;4;14;5;0;0;5;2;1;22;1.9817672452419481;10;12;1;22;1.9660271075068243;8;3;1;3;4;14;2;1;8;7;3.1503531627693158;2;15;20;-9.048470219099725;0;5;5;1;3;0;4;19;2;18;24;1;5;6;22;0.2725913572817087;1;2;16;15;0;20;4.152064783648416;20;-1.4969668813502224;5;1;8;7;3.09603823407671
TRACK:1924;1918;-1;5;4;2;2;3;2;4;6;6;5;7;-8.79614492331005;0;2;1;2;20;-9.039674491433976;17;1;7;4.769220583962712;10;3;3;14;4;14;5;0;1;0;10;20;-8.835552020670487;5;17;3;1;3;4;14;2;1;8;7;3.0679886488451102;2;14;20;-8.788088593472278;0;5;5;1;3;0;4;8;2;23;7.903249304171362;10;1;5;6;22;0.05046167720996792;1;2;16;15;0;20;4.147176832562825;20;-1.4658732455086882;5;3;0;2;2;0;16;14;2;24;21;-3.757944849347434;1;0;11;23;3.9990039604502474;0;15;25;2;1;0;10;20;-8.99882783789638;5;17;0;5;12;0;7;-2.154984114655555;19
TRACK:1925;1911;-1;5;4;2;2;3;2;4;6;6;5;7;-8.75854296168471;0;2;1;2;20;-9.19659474927161;17;1;7;4.769544488893457;10;3;3;14;4;14;5;0;0;5;2;1;22;1.9791025529526023;10;12;1;22;1.6749832920664813;8;3;1;3;4;14;2;1;8;7;3.0470799778917783;2;14;20;-8.95415179786863;0;5;5;1;3;0;4;19;2;18;24;1;5;6;22;0.20888507507279822;1;2;16;15;0;20;3.9547135850498307;9;5;3;0;2;2;0;16;14;2;24;21;-3.5553071765904702;1;0;14;23;4.1905044652303065;0;15;25;2;1;0;10;20;-8.705381033200142;5;17;0;5;12;0;7;-2.3759134177672045;19
TRACK:1926;1913;-1;5;4;2;2;3;2;4;6;6;5;7;-8.544068590965663;0;6;16;6;16;5;0;0;5;2;1;22;1.8325015280546284;8;12;6;4;3;14;3;1;3;4;14;2;1;8;7;2.928967653186755;2;14;20;-8.829725700805318;0;5;5;1;3;0;4;8;2;23;7.992094283671614;24;1;5;6;22;0.04062699692130356;1;2;16;15;0;20;4.023926437001256;20;-1.4017008270766462;5;3;0;2;2;0;16;14;2;24;21;-3.769305393135006;1;0;11;23;3.9801035690614763;0;15;25;2;1;0;10;20;-9.107241019602261;5;17;0;5;12;0;7;-2.206274549542164;19
TRACK:1927;1915;-1;5;4;2;2;24;21;-3.787837647604221;0;5;5;1;3;0;5;10;2;18;24;1;5;6;22;0.0729026695765369;1;2;16;15;0;20;4.174416026122447;20;-1.2138411160500269;5;3;0;2;2;0;16;14;2;24;21;-3.8595448358000244;1;0;11;23;4.246763240717544;0;15;25;5;12
TRACK:1928;1917;-1;5;4;2;2;3;2;4;6;6;5;7;-8.583670274930094;0;2;1;2;20;-9.305044337668315;17;1;7;4.824262020143882;10;3;3;14;4;14;5;14;0;5;5;1;3;0;4;8;2;18;24;1;5;6;22;0.13655348859628372;1;2;16;15;0;20;4.131978102663071;20;-1.4349515619999014;5;3;0;2;2;0;16;14;2;24;21;-3.8054175108168544;1;0;11;23;4.126526270365821;0;15;25;2;1;0;10;20;-8.688730131340138;5;22;5.204348114257787;0;5;12;0;7;-2.2433123378463913;19
TRACK:1929;1919;-1;5;4;2;2;3;2;4;6;6;5;7;-8.51659062531421;0;2;1;2;20;-9.447830367844073;17;1;7;4.616284106795141;10;3;3;14;4;14;5;0;0;5;2;1;22;1.9339673041422956;8;12;1;22;1.9014046851098798;8;3;1;3;4;14;2;1;8;7;3.1005730145657555;2;14;20;-9.044457688360655;0;5;5;1;3;0;4;19;2;18;24;1;5;6;14;1;2;16;15;0;20;3.7811065403517734;20;-1.606785765043361;5;3;0;2;2;0;16;19;2;24;21;-3.5778552414389506;1;0;11;23;4.238672531419815;0;15;25;2;1;0;10;20;-8.914253907685305;5;17;0;5;12;0;7;-2.3303631693454463;19
EVAL_INSTANCE:96:0:1920
EVAL_INSTANCE:96:1:1921
EVAL_INSTANCE:96:2:1922
EVAL_INSTANCE:96:3:1923
EVAL_INSTANCE:96:4:1924
EVAL_INSTANCE:96:5:1925
EVAL_INSTANCE:96:6:1926
EVAL_INSTANCE:96:7:1927
EVAL_INSTANCE:96:8:1928
EVAL_INSTANCE:96:9:1929
RUN_RESULT:96:0:0:2000:----
RUN_RESULT:96:1:0:2000:----
RUN_RESULT:96:2:0:2000:----
RUN_RESULT:96:3:0:2000:----
RUN_RESULT:96:4:0:2000:----
RUN_RESULT:96:5:0:2000:----
RUN_RESULT:96:6:0:2000:----
RUN_RESULT:96:7:0:2000:----
RUN_RESULT:96:8:0:2000:----
RUN_RESULT:96:9:0:1687:DRRRRDDLDLUUDRRUULLLLDLUUUDRRULRRRRUUR
    97 |      970 | -3.399000E+03 | -3.564000E+03
TRACK:1930;1722;1884;5;4;2;2;3;2;4;6;6;5;7;-8.68632936756244;0;2;1;2;19;17;1;7;4.675772172973395;10;3;3;14;4;14;5;0;0;5;2;1;22;2.0275858527967974;10;12;1;22;1.8817257686509514;8;3;1;3;4;14;2;1;8;7;2.992493545444627;2;14;20;-8.961722727542753;0;5;5;1;3;0;4;19;2;18;24;1;5;6;22;0.17109945616697947;1;2;16;15;0;20;4.015018132414157;20;-1.5253389116219143;5;3;0;2;2;0;16;14;2;24;21;-3.630184310643136;1;0;11;23;4.238181781705038;0;15;25;2;1;0;10;20;-8.764862821173018;5;17;0;5;12;0;7;-2.4210804860776256;19
TRACK:1931;1722;1884;5;4;2;2;3;2;4;6;6;5;7;-8.670042709023631;0;2;1;2;20;-9.165153817176554;17;1;7;4.706567491798488;10;3;3;14;4;14;5;0;0;5;2;1;22;1.9690569017518058;8;12;6;4;3;14;3;1;3;4;14;2;1;8;7;2.998125253930075;2;14;20;-8.890966001531027;0;5;5;1;3;0;4;8;2;23;7.965350351545901;24;1;5;6;22;0.06255093757647781;1;2;16;15;0;20;4.192639984839535;20;-1.493247953425929;5;3;0;2;2;0;16;14;2;24;21;-3.802415824842965;1;0;11;23;4.167204327452644;0;15;25;2;1;0;10;20;-8.990687721952376;5;17;0;5;12;0;7;-2.1812305334420947;19
TRACK:1932;1587;1642;5;4;2;2;3;2;4;6;6;5;7;-8.853576135577189;0;2;1;2;20;-9.224434265050338;17;1;7;4.696657417337175;10;3;3;14;4;5;6;20;-6.396384481629575;5;0;0;5;2;1;22;1.906593067715322;8;12;6;4;3;16;3;1;3;4;14;2;1;8;7;3.0133491701539907;2;14;20;-8.792991378609958;0;5;5;1;3;0;5;10;2;18;24;1;2;18;24;1;2;16;15;0;20;3.9835440986117345;20;-1.3156452878401617;5;3;0;2;2;0;16;14;2;24;21;-3.820957787781262;1;0;11;23;4.335986549822248;0;15;25;2;1;0;10;20;-8.722521064477954;5;17;0;5;12;0;7;-2.2365689066102887;19
TRACK:1933;1587;1642;5;4;2;2;3;2;4;6;6;5;7;-8.828658069678704;0;2;1;2;20;-9.287302446819876;17;1;7;4.719364267750433;10;3;3;14;4;14;5;0;0;5;2;1;22;1.7935516268539546;22;-1.3556026058111001;12;6;4;3;16;3;1;3;4;14;2;1;8;7;2.907372739460562;2;14;20;-8.79157478533725;0;5;1;22;1.906593067715322;8;5;3;0;2;2;0;16;14;2;24;21;-3.8233888570966323;1;0;11;23;4.232283167468702;0;15;25;2;1;0;10;20;-8.802690835807653;5;17;0;5;12;0;7;-2.2224612915723787;19
TRACK:1934;1700;1704;5;4;2;2;3;20;-8.715331921210012;5;0;0;5;1;6;11;2;21;9.26271656816722;17;6;4;3;16;3;1;3;4;14;2;1;8;7;3.12428945162108;2;14;16;0;5;2;4;2;6;8;0;8;19;2;2;4;21;-5.833646260872705;6;18;6;3;11;5;3;0;2;2;0;16;14;2;24;21;-3.8108003299362276;1;0;11;23;4.272808307094709;0;15;25;2;1;14;5;17;0;5;12;0;7;-2.4563867155461456;19
TRACK:1935;1700;1704;5;4;2;2;3;2;4;6;6;5;7;-8.662953012208694;0;2;1;2;20;-9.324198861991002;17;1;7;4.691434814304226;10;3;3;14;4;14;5;0;2;4;2;6;8;0;8;19;2;2;4;21;-5.833646260872705;6;18;6;3;11;3;1;3;4;14;2;1;8;7;3.046353679443367;2;14;20;-8.913186812662488;0;5;5;1;3;0;4;19;2;18;24;1;5;6;22;0.06266588058645517;1;2;16;15;0;20;3.9821224100941515;20;-1.5975571000830318;5;3;0;2;2;0;16;14;2;24;21;-3.702700180692399;1;0;11;23;4.246437212504974;0;15;25;2;1;0;10;20;-8.715331921210012;5;17;0;5;12;0;7;-2.314486469360608;19
TRACK:1936;1884;1609;5;4;2;2;3;2;4;6;6;5;7;-8.670042709023631;0;2;1;2;20;-9.165153817176554;17;1;7;4.706567491798488;10;3;3;14;4;14;5;0;0;5;2;1;22;1.9690569017518058;8;12;6;4;3;14;3;1;3;4;14;2;1;8;7;2.998125253930075;2;14;20;-8.890966001531027;0;5;5;1;3;0;4;8;2;23;7.965350351545901;24;1;5;6;22;0.06255093757647781;1;2;16;15;0;20;4.192639984839535;20;-1.493247953425929;5;3;0;2;2;0;16;14;2;24;21;-3.802415824842965;1;0;11;23;4.167204327452644;0;15;25;0;7;-2.2270801466683983;19
TRACK:1937;1884;1609;5;4;2;2;3;2;4;6;6;5;7;-8.778687284129877;0;2;1;2;20;-9.320693244161898;17;1;7;4.7220325277705895;10;3;3;14;4;14;5;0;0;5;2;1;22;1.923619497107204;8;12;6;4;3;16;3;1;3;4;14;2;1;8;7;3.0274866555454607;2;14;20;-8.878827762802349;0;5;5;1;3;0;4;8;2;18;24;1;5;6;22;0.12376756875943894;1;2;16;15;0;20;4.165737301795081;20;-1.4968169502666846;5;3;0;2;2;0;16;14;2;24;21;-3.7840995468803937;1;0;11;23;4.232383231439046;0;15;25;2;1;0;10;20;-8.83252758509879;5;20;-8.990687721952376;0;5;12;0;7;-2.2270801466683983;19
TRACK:1938;1587;1722;5;4;2;2;14;5;0;0;5;2;1;22;1.906593067715322;8;12;6;4;3;16;3;1;3;4;14;2;1;8;7;3.0133491701539907;2;14;20;-8.792991378609958;0;5;5;1;3;0;5;10;2;18;24;1;5;6;22;0.07792157900469257;1;2;16;15;0;20;3.9835440986117345;20;-1.3156452878401617;5;3;0;2;2;0;16;14;2;24;21;-3.820957787781262;1;0;11;23;4.335986549822248;0;15;25;2;1;0;10;20;-8.722521064477954;5;17;0;5;12;0;7;-2.2365689066102887;19
TRACK:1939;1587;1722;5;4;2;2;3;2;4;6;6;3;14;0;2;1;2;20;-9.222936420948617;17;1;7;4.675772172973395;10;3;3;14;4;14;5;0;0;5;2;1;22;2.0275858527967974;10;12;1;22;1.8817257686509514;8;3;1;3;4;14;2;1;8;7;2.992493545444627;2;14;20;-8.961722727542753;0;5;5;1;3;0;4;19;2;18;24;1;5;6;22;0.17109945616697947;1;2;16;15;0;20;4.015018132414157;20;-1.5253389116219143;5;3;0;2;2;0;16;14;2;24;21;-3.630184310643136;1;0;11;23;4.238181781705038;0;15;25;2;1;0;10;20;-8.764862821173018;5;17;0;5;12;0;7;-2.4210804860776256;19
TRACK:1940;1930;-1;5;4;2;2;3;2;4;6;6;5;7;-8.802948683817014;0;4;3;0;14;21;1.7037187701014709;4;14;5;0;0;5;2;1;22;2.069306244162485;10;12;1;22;1.7847149690486526;8;3;1;3;4;14;2;1;8;7;2.9743361810859104;2;14;20;-8.935040291952909;0;5;5;1;3;0;4;19;2;18;24;1;5;6;22;0.21232091764055;1;2;16;15;0;20;4.2035469872645415;20;-1.5753488169549377;5;3;0;2;2;0;16;14;2;24;21;-3.7698821647625134;1;0;11;23;4.1281939330717545;0;15;25;2;1;0;10;20;-8.707665445006718;5;17;0;5;12;0;7;-2.4165319677700863;19
TRACK:1941;1932;-1;5;4;2;2;3;2;4;6;6;5;7;-8.763137108123068;0;2;5;8;3;3;14;4;5;6;20;-6.265471530036724;5;0;0;5;2;1;22;2.067705285916533;8;12;6;4;3;16;3;1;3;4;14;2;1;8;7;2.964463553593449;2;14;20;-8.798264386769855;0;5;5;1;3;0;5;10;2;18;24;1;2;18;24;1;2;16;15;0;20;3.8540779334382784;20;-1.454228266565709;5;3;0;2;2;0;16;14;2;24;21;-3.937712365876357;1;0;11;23;4.33037665347625;0;15;25;2;1;0;10;20;-8.713247005523199;5;17;0;5;12;0;7;-2.35182362335629;19
TRACK:1942;1934;-1;5;4;2;2;3;20;-8.857812547376126;5;0;0;5;1;6;11;2;21;9.24080780850918;17;6;4;3;16;3;1;3;4;14;2;1;8;7;3.041423439536879;2;14;16;0;5;2;4;2;6;8;0;8;19;2;2;4;21;-5.827364754463207;6;18;6;3;11;5;3;0;2;2;0;16;22;-3.1088767208831776;2;24;21;-3.919406281162889;1;0;11;23;4.225816473555034;0;15;25;2;1;14;5;17;0;5;12;0;7;-2.3985998885628734;19
TRACK:1943;1884;-1;5;4;3;10
TRACK:1944;1587;-1;5;4;2;2;3;2;4;6;6;5;7;-8.913954539704784;0;2;1;2;20;-9.155904148878697;17;1;7;4.679527361724446;10;3;3;14;4;5;6;20;-6.5111368148391;5;0;0;5;2;1;22;1.7602746591263534;22;-4.631639116558885;12;6;4;3;16;3;1;3;4;14;2;1;8;7;3.042313115352265;2;14;20;-8.887869433105884;0;5;5;1;3;0;5;10;2;18;24;1;5;6;22;0.004970682654243511;1;2;16;15;0;20;3.836463753441945;20;-1.3107611637848466;5;3;0;2;2;0;16;14;2;24;21;-3.8564444963929696;1;0;11;23;4.346464473646524;0;15;25;2;1;0;10;20;-8.785376002476719;5;17;0;5;12;0;7;-2.2937192716295898;19
TRACK:1945;1931;-1;5;4;2;2;3;2;4;6;6;5;7;-8.734476771023601;0;2;1;2;20;-9.090308087840057;17;1;7;4.830116322143693;10;3;3;14;4;14;5;0;0;5;2;1;22;2.103736332803649;8;12;6;4;3;14;3;1;3;4;14;2;1;8;7;2.9040832729623443;2;14;20;-8.856619309540005;0;5;5;1;3;0;5;8;2;23;8.038962868273778;24;1;5;6;22;-0.029265070173281338;1;2;16;15;0;20;4.03996383538759;20;-1.631546789811707;5;3;0;2;2;0;16;14;2;24;21;-3.8970318616728683;1;0;11;23;4.261468610377353;0;15;25;2;1;0;10;20;-8.954670265251073;5;17;0;5;12;0;7;-2.2922535089160174;19
TRACK:1946;1933;-1;5;4;2;2;3;2;4;6;6;5;7;-8.77310813967847;0;2;1;2;20;-9.411178238528164;17;1;7;4.805202209569239;10;3;3;14;4;14;5;0;0;5;2;3;24;12;6;4;3;16;3;1;3;4;14;2;1;8;7;2.918959654161325;2;14;20;-8.68752130906203;0;5;1;22;2.0615143800593834;8;5;3;0;2;2;0;16;14;2;24;21;-3.7603115291286;1;0;11;23;4.373682301472448;0;15;25;2;1;0;10;20;-8.752471261009301;5;17;0;5;12;0;7;-2.239766944451999;19
TRACK:1947;1935;-1;5;4;2;2;3;2;4;6;6;5;7;-8.611025664295521;0;2;1;2;20;-9.307749472501154;17;1;7;4.641850207089278;10;3;3;14;4;14;5;0;2;4;2;6;8;0;8;19;2;2;4;21;-5.911791302345308;6;18;6;3;11;3;1;3;4;14;2;1;8;7;3.037244048512161;2;14;20;-8.947002134362277;0;5;5;1;3;0;4;19;2;18;24;1;5;6;22;0.23477355261041433;1;2;16;15;0;20;3.8928537234318914;20;-1.6954688467949681;5;3;0;2;2;0;16;14;2;24;21;-3.742393133966618;1;2;11;7;3.0824177834841002;0;15;25;2;1;0;10;20;-8.912799564764926;5;17;0;5;12;0;7;-2.4449369482574648;19
TRACK:1948;1609;-1;5;4;2;2;3;2;4;6;6;5;7;-8.858314601059455;0;2;1;2;20;-9.278802137082312;17;1;7;4.795490047808639;10;3;3;14;4;14;5;0;0;5;2;1;22;1.8277670609108987;8;12;6;4;3;16;3;1;3;4;14;2;1;8;7;3.1697123286965008;2;14;20;-9.018628619604172;0;5;5;1;3;0;4;8;2;18;24;1;5;6;22;0.1765897057265163;1;2;7;1.2334909365976205;15;0;20;4.2430436305106785;20;-1.5564524462139795;5;3;0;2;2;0;16;14;2;24;21;-3.7033957891971303;1;0;11;23;4.154130377016223;0;15;25;2;1;0;10;20;-9.06954965131768;5;17;0;5;12;0;7;-2.2645837838591527;19
TRACK:1949;1722;-1;5;4;2;2;3;2;4;6;6;5;7;-8.62408272275319;0;2;1;2;20;-9.113932405142378;17;1;7;4.6810861166711755;10;3;3;14;4;14;5;0;0;5;2;1;22;2.0349645888872088;10;12;1;22;1.987118378347993;8;3;1;3;4;14;2;1;8;7;2.93414064085567;2;14;20;-8.704830113853653;0;5;5;1;3;0;4;19;2;18;24;1;5;6;22;0.005373481728702639;1;2;16;15;0;20;3.873996007348531;20;-1.701001609157036;5;3;0;2;2;0;16;14;2;24;21;-3.541976851932402;1;0;22;1.742565327996786;14;0;15;25;2;1;0;10;20;-8.770479058222724;5;17;0;5;12;0;7;-2.6030123694499068;19
EVAL_INSTANCE:97:0:1940
EVAL_INSTANCE:97:1:1941
EVAL_INSTANCE:97:2:1942
EVAL_INSTANCE:97:3:1943
EVAL_INSTANCE:97:4:1944
EVAL_INSTANCE:97:5:1945
EVAL_INSTANCE:97:6:1946
EVAL_INSTANCE:97:7:1947
EVAL_INSTANCE:97:8:1948
EVAL_INSTANCE:97:9:1949
RUN_RESULT:97:0:0:2000:----
RUN_RESULT:97:1:0:2000:----
RUN_RESULT:97:2:0:2000:----
RUN_RESULT:97:3:0:2000:----
RUN_RESULT:97:4:0:1276:RDRRRDDLDLUUDRRUULLLLDLUUUDRRULRRRRUUR
RUN_RESULT:97:5:0:2000:----
RUN_RESULT:97:6:0:911:DRRRRDDLDLUUDRRUULLLLDLUUUDRRULRRDRDRRRDULULUUUR
RUN_RESULT:97:7:0:2000:----
RUN_RESULT:97:8:0:2000:----
RUN_RESULT:97:9:0:2000:----
    98 |      980 | -3.399000E+03 | -3.564000E+03
TRACK:1950;1704;1609;5;4;2;2;3;2;4;6;6;5;7;-8.662953012208694;0;2;1;2;20;-9.324198861991002;17;1;7;4.691434814304226;10;3;3;14;4;14;5;0;0;5;2;1;22;1.9174694928406504;8;12;1;22;1.8998010619032266;8;3;1;3;4;14;2;1;8;7;3.046353679443367;2;14;20;-8.913186812662488;0;0;5;12;0;7;-2.2270801466683983;19;5;3;0;2;2;0;16;14;2;24;21;-3.702700180692399;1;0;11;23;4.246437212504974;0;15;25;2;1;0;10;20;-8.715331921210012;5;17;0;5;12;0;7;-2.314486469360608;19
TRACK:1951;1704;1609;5;4;2;2;3;2;4;6;6;5;7;-8.778687284129877;0;2;1;2;20;-9.320693244161898;17;1;7;4.7220325277705895;10;3;3;14;4;14;5;0;0;5;2;1;22;1.923619497107204;8;12;6;4;3;16;3;1;3;4;14;2;1;8;7;3.0274866555454607;2;14;20;-8.878827762802349;0;5;5;1;3;0;4;8;2;18;24;1;5;6;22;0.12376756875943894;1;2;16;15;14;5;3;0;2;2;0;16;14;2;24;21;-3.7840995468803937;1;0;11;23;4.232383231439046;0;15;25;2;1;0;10;20;-8.83252758509879;5;17;0;5;12;0;7;-2.2270801466683983;19
TRACK:1952;1722;1884;5;4;12
TRACK:1953;1722;1884;5;4;2;2;3;2;4;6;6;5;7;-8.670042709023631;0;2;1;2;20;-9.165153817176554;17;1;7;4.706567491798488;10;3;3;14;4;14;5;0;0;5;2;1;22;1.8817257686509514;8;12;6;4;3;14;3;1;3;4;14;2;1;8;7;2.998125253930075;2;14;20;-8.890966001531027;0;5;5;1;3;0;4;8;2;23;7.965350351545901;24;1;5;6;22;0.06255093757647781;1;2;16;15;0;20;4.192639984839535;20;-1.493247953425929;5;3;0;2;2;0;16;14;2;24;21;-3.802415824842965;1;0;11;23;4.167204327452644;0;15;25;2;1;0;10;20;-8.990687721952376;5;17;0;5;12;0;7;-2.1812305334420947;19
TRACK:1954;1587;1704;5;4;2;2;3;2;4;6;6;5;7;-8.853576135577189;0;7;-8.662953012208694;4;5;6;20;-6.396384481629575;5;0;0;5;2;1;22;1.906593067715322;8;12;6;4;3;16;3;1;3;4;14;2;1;8;7;3.0133491701539907;2;14;20;-8.792991378609958;0;5;5;1;3;0;5;10;2;18;24;1;5;6;22;0.07792157900469257;1;2;16;15;0;20;3.9835440986117345;20;-1.3156452878401617;5;3;0;2;2;0;16;14;2;24;21;-3.820957787781262;1;0;11;23;4.335986549822248;0;15;25;2;1;0;10;20;-8.722521064477954;5;17;0;5;12;0;7;-2.2365689066102887;19
TRACK:1955;1587;1704;5;4;2;2;3;2;4;6;6;5;7;-8.662953012208694;0;2;1;2;20;-9.324198861991002;17;1;7;4.691434814304226;10;3;3;14;4;14;5;0;0;5;2;1;22;1.9174694928406504;8;12;1;22;1.8998010619032266;8;3;1;3;4;14;2;1;8;7;3.046353679443367;2;14;20;-8.913186812662488;0;5;5;1;3;0;4;19;2;18;24;1;5;6;22;0.06266588058645517;1;2;16;15;0;20;3.9821224100941515;20;-1.5975571000830318;5;3;0;2;2;0;16;14;2;20;-1.3156452878401617;21;-3.702700180692399;1;0;11;23;4.246437212504974;0;15;25;2;1;0;10;20;-8.715331921210012;5;17;0;5;12;0;7;-2.314486469360608;19
TRACK:1956;1722;1609;5;4;2;2;3;2;4;6;6;5;7;-8.68632936756244;0;2;1;2;20;-9.222936420948617;17;1;7;4.675772172973395;10;3;3;14;4;14;5;0;0;5;2;1;22;2.0275858527967974;10;12;1;22;1.8817257686509514;8;3;1;3;4;14;2;1;8;7;2.992493545444627;2;14;20;-8.961722727542753;0;5;5;1;3;0;4;19;2;18;24;1;5;6;22;0.17109945616697947;1;2;16;15;0;20;4.015018132414157;20;-1.5253389116219143;5;3;0;2;2;0;16;14;2;24;21;-3.630184310643136;1;0;11;23;4.238181781705038;0;15;25;2;1;20;-8.83252758509879;5;17;0;5;12;0;7;-2.4210804860776256;19
TRACK:1957;1722;1609;5;4;2;2;3;2;4;6;6;5;7;-8.778687284129877;0;2;1;2;20;-9.320693244161898;17;1;7;4.7220325277705895;10;3;3;14;4;14;5;0;0;5;2;1;22;1.923619497107204;8;12;6;4;3;16;3;1;3;4;14;2;1;8;7;3.0274866555454607;2;14;20;-8.878827762802349;0;5;5;1;3;0;4;8;2;18;24;2;24;21;-3.630184310643136;5;3;0;2;2;0;16;14;2;24;21;-3.7840995468803937;1;0;11;23;4.232383231439046;0;15;25;2;1;0;10;20;-8.83252758509879;5;17;0;5;12;0;7;-2.2270801466683983;19
TRACK:1958;1587;1602;5;4;2;2;3;2;4;6;6;5;7;-8.853576135577189;0;2;1;2;20;-9.224434265050338;17;1;7;4.696657417337175;10;3;3;14;4;5;6;20;-6.396384481629575;5;0;0;5;2;1;22;1.906593067715322;8;12;6;4;3;16;3;1;3;4;14;2;1;8;7;3.0133491701539907;2;14;20;-8.792991378609958;0;5;5;1;3;0;5;10;2;18;24;1;5;6;22;0.07792157900469257;1;2;16;15;0;20;3.9835440986117345;20;-1.3156452878401617;5;3;0;2;2;0;16;14;2;24;21;-3.820957787781262;1;0;11;23;4.335986549822248;0;15;25;2;1;0;10;20;-8.722521064477954;5;17;0;5;12;0;16;19
TRACK:1959;1587;1602;5;4;2;2;3;2;4;6;6;5;7;-8.924658109388547;0;2;1;2;20;-9.216759550981875;17;1;7;4.727188977081249;10;3;3;14;4;5;6;20;-6.451752253170602;5;0;0;5;15;6;4;3;16;3;1;3;4;14;2;1;8;7;2.801339003919385;2;24;20;-8.813586194873086;0;5;5;1;3;0;5;10;2;18;24;1;5;6;22;0.041540945791869496;1;2;16;15;0;20;4.006829564185604;20;-1.1949904755351541;5;3;0;2;2;0;16;14;2;24;21;-3.731835156910387;1;0;11;23;4.302434023109279;0;15;25;2;1;0;10;20;-8.669834775185848;5;17;0;5;12;0;7;-2.3814190398794284;19
TRACK:1960;1950;-1;5;4;2;2;3;2;4;6;6;5;7;-8.683379312100849;0;2;1;2;20;-9.330108441604175;17;1;7;4.724765887521867;10;3;3;14;4;14;5;0;0;5;2;1;22;1.9108307073044826;8;12;1;22;1.8883961592726037;8;3;1;3;4;14;2;1;8;7;2.9471726003513985;2;14;20;-8.92250655157679;0;0;5;12;0;7;-2.2446951458663817;19;5;3;0;2;2;0;16;14;2;24;21;-3.61382337508825;1;0;11;16;0;15;25;2;1;0;10;20;-8.737780170450309;5;17;0;5;12;0;7;-2.341852628847728;19
TRACK:1961;1952;-1;5;0;0;1;3;5;4;2;2;8;14;0;16;10;6;3;4;5;6;20;8.831128536139524;1;3;5;6;4;6;13;0;4;6;6;5;20;8.158927514781919;1;1;2;3;14;3;24;2;0;8;25;2;10;18;1;0;4;15;1;20;-9.62458317243302;18;1;4;25;2;13;18;3;2;5;0;2;3;2;9;19;2;3;20;4.667804372801905;3;24;0;2;0;13;20;4.948195746234507;0;13;17;2;2;14;25;0;8;15;6;3;0;6;6;13;2;5;14;5;25
TRACK:1962;1954;-1;5;4;5;3;4;5;3;11
TRACK:1963;1956;-1;5;4;2;2;3;2;4;6;6;5;7;-8.730115973210898;0;2;1;2;20;-9.294486844771013;17;1;7;4.8250995594733865;10;3;3;14;4;14;5;0;0;5;2;1;22;2.098812518284862;10;12;1;22;2.0342225457054774;8;3;1;3;4;14;2;1;11;7;2.8905955158317616;2;14;20;-8.73309327730725;0;5;5;1;3;0;4;19;2;18;24;1;5;6;22;0.07780520339482078;1;2;16;15;0;20;4.011134739497975;20;-1.5473035081622724;5;3;0;2;2;0;16;14;2;24;21;-3.8429508828197654;1;0;11;23;4.375044760791668;0;15;25;2;1;20;-8.862257678904262;5;17;0;5;12;0;7;-2.213801421827919;19
TRACK:1964;1958;-1;5;4;2;2;3;2;4;6;6;5;7;-8.95074271724519;0;2;1;2;20;-9.197281869316065;17;1;7;4.657233322878904;10;3;3;14;4;5;6;20;-6.553088620836666;5;0;0;5;2;1;22;1.9887133311086118;8;12;6;4;3;16;3;1;3;4;14;2;1;8;7;2.9148883807490646;2;14;20;-8.753777093006594;0;0;4;5;0;17;21;-3.623235165651108;1;5;4;22;9.021330796211856;4;0;24;12;5;3;0;2;2;0;16;14;2;24;21;-3.963467896346455;1;0;11;23;4.360074005809139;0;15;25;2;1;0;10;20;-8.894705932363498;5;17;0;5;12;0;16;19
TRACK:1965;1951;-1;5;4;2;2;3;2;4;6;6;5;7;-8.80816654259436;0;2;1;2;20;-9.13523372542315;17;1;7;4.689085680512264;10;3;3;14;4;14;5;0;0;5;1;23;-4.399755089218789;21;9.81707770450409;6;4;3;16;3;1;3;4;14;2;1;8;7;2.984396706910877;2;14;20;-8.885014689905347;0;5;5;1;3;0;4;8;2;18;24;1;5;6;22;0.005868463610195843;1;2;16;15;14;5;3;0;2;2;0;16;14;2;24;21;-3.78493161254511;1;0;11;23;4.319357382741641;0;15;25;2;1;0;10;20;-8.784698374951668;5;17;0;5;12;0;7;-2.1454702394127927;19
TRACK:1966;1953;-1;5;4;2;2;3;2;4;6;6;5;7;-8.625959300473543;0;2;1;2;20;-8.989108089432813;17;1;7;4.679262077460966;10;3;3;14;4;14;5;0;0;5;2;1;22;2.004986941759627;8;12;6;4;3;14;3;1;3;4;14;2;1;8;7;2.96123271047034;2;14;20;-8.775250361855745;0;5;5;1;3;0;4;8;2;23;8.000804784352395;24;1;5;6;22;0.00646385329200988;1;2;16;15;0;20;4.383679619840073;20;-1.3251748663752725;5;3;0;2;2;0;16;14;2;24;21;-3.7617289738103072;1;0;11;23;4.103973756916123;0;15;25;2;1;0;10;8;5;17;0;5;12;0;7;-2.327102771398851;19
TRACK:1967;1955;-1;5;4;2;2;3;2;4;6;6;5;7;-8.718307379654002;0;2;1;2;20;-9.33395878792051;17;1;7;4.911210920606141;10;3;3;14;4;14;5;0;0;5;2;1;22;2.0313565255100445;8;12;1;22;1.8611995173689602;8;3;1;3;4;14;2;1;8;7;3.0980147205644184;2;14;20;-8.843512578661288;0;5;5;1;3;0;4;19;2;18;24;1;5;6;22;-0.04338910707159918;1;2;16;15;0;20;4.038266088326745;20;-1.550500255158222;5;3;0;2;2;0;16;14;2;20;-1.256087153803221;21;-3.641019025623146;1;0;11;23;4.3929500698391095;0;15;25;2;1;0;10;20;-8.656765482389432;5;17;0;5;12;0;7;-2.2196140759966507;19
TRACK:1968;1957;-1;5;4;2;2;3;2;4;6;6;5;7;-8.776383353718911;0;2;1;2;20;-9.266472201511382;17;1;7;4.624562094064566;10;3;3;14;4;14;5;0;0;5;2;1;22;1.8179885350291551;8;12;6;4;3;16;3;1;3;4;14;2;1;8;7;2.981064293375067;2;14;20;-8.77604214018953;3;5;13
TRACK:1969;1959;-1;5;4;2;2;3;2;4;6;6;5;7;-8.992348781329715;0;2;1;2;20;-9.203612475995808;17;1;7;4.673679228435364;10;3;3;14;4;5;6;20;-6.378079611758179;5;0;0;5;15;6;4;3;16;3;1;3;4;14;2;1;8;7;2.851803229944517;2;24;8;0;5;5;1;3;0;5;10;2;18;24;1;5;6;22;-0.14934193727748918;1;2;16;15;0;20;3.8213283557290127;20;-1.3375276973964798;5;3;0;2;2;0;16;14;2;24;21;-3.8253208823511953;1;0;11;23;4.2928056888144255;0;15;25;2;1;0;10;20;-8.638878150816652;5;17;0;5;12;0;7;-2.4386336509937543;19
EVAL_INSTANCE:98:0:1960
EVAL_INSTANCE:98:1:1961
EVAL_INSTANCE:98:2:1962
EVAL_INSTANCE:98:3:1963
EVAL_INSTANCE:98:4:1964
EVAL_INSTANCE:98:5:1965
EVAL_INSTANCE:98:6:1966
EVAL_INSTANCE:98:7:1967
EVAL_INSTANCE:98:8:1968
EVAL_INSTANCE:98:9:1969
RUN_RESULT:98:0:0:2000:----
RUN_RESULT:98:1:0:2000:----
RUN_RESULT:98:2:0:2000:----
RUN_RESULT:98:3:0:2000:----
RUN_RESULT:98:4:0:2000:----
RUN_RESULT:98:5:0:1395:RDRRRDDLDLUUDRRUULLLLDLUUUDRRULRRDRDRRRDULULUUUR
RUN_RESULT:98:6:0:435:RDRRRDDLDLUUDRRUULLLLDLUUUDRRULRRRRUUR
RUN_RESULT:98:7:0:2000:----
RUN_RESULT:98:8:0:2000:----
RUN_RESULT:98:9:0:1098:RDRRRDDLDLUUDRRUULLLLDLUUUDRRULRRRRUUR
    99 |      990 | -3.434900E+03 | -3.565000E+03
TRACK:1970;1609;1704;5;4;2;2;3;2;4;6;6;5;7;-8.778687284129877;0;1;7;4.691434814304226;10;4;14;5;0;0;5;2;1;22;1.923619497107204;8;12;6;4;3;16;3;1;3;4;14;2;1;8;7;3.0274866555454607;2;14;20;-8.878827762802349;0;5;5;1;3;0;4;8;2;18;24;1;5;6;22;0.12376756875943894;1;2;16;15;0;20;4.165737301795081;20;-1.4968169502666846;5;3;0;2;2;0;16;14;2;24;21;-3.7840995468803937;1;0;11;23;4.232383231439046;0;15;25;2;1;0;10;20;-8.83252758509879;5;17;0;5;12;0;7;-2.2270801466683983;19
TRACK:1971;1609;1704;5;4;2;2;3;2;4;6;6;5;7;-8.662953012208694;0;2;1;2;20;-9.324198861991002;17;1;7;4.691434814304226;10;3;3;14;4;14;5;0;0;5;2;1;22;1.9174694928406504;8;12;1;22;1.8998010619032266;8;3;1;3;4;14;2;1;8;7;3.046353679443367;2;14;20;-8.913186812662488;0;3;0;4;8;2;18;24;5;3;0;2;2;0;16;14;2;24;21;-3.702700180692399;1;0;11;23;4.246437212504974;0;15;25;2;1;0;10;20;-8.715331921210012;5;17;0;5;12;0;7;-2.314486469360608;19
TRACK:1972;1587;1966;5;4;2;2;3;2;4;6;6;5;7;-8.853576135577189;0;2;1;2;20;-9.224434265050338;17;1;7;4.696657417337175;10;3;3;14;4;5;6;20;-6.396384481629575;5;0;0;5;2;1;22;1.906593067715322;8;12;6;4;3;16;3;1;3;4;14;2;1;8;7;3.0133491701539907;2;14;20;-8.792991378609958;0;5;5;1;3;0;5;10;2;18;24;1;5;6;22;0.07792157900469257;1;2;16;15;0;20;3.9835440986117345;20;-1.3156452878401617;5;3;0;2;2;0;16;12;2;24;21;-3.820957787781262;1;0;11;23;4.335986549822248;0;15;25;2;1;0;10;20;-8.722521064477954;5;17;0;5;12;0;7;-2.2365689066102887;19
TRACK:1973;1587;1966;5;4;2;2;3;2;4;6;6;5;7;-8.625959300473543;0;2;1;2;20;-8.989108089432813;17;1;7;4.679262077460966;10;3;3;14;4;14;5;0;0;5;2;1;22;2.004986941759627;8;12;6;4;3;14;3;1;3;4;14;2;1;8;7;2.96123271047034;2;14;20;-8.775250361855745;0;5;5;1;3;0;4;8;2;23;8.000804784352395;24;1;5;6;22;0.00646385329200988;1;2;16;15;0;20;4.383679619840073;20;-1.3251748663752725;5;3;0;2;2;0;16;14;2;24;21;-3.7617289738103072;1;0;20;-9.224434265050338;23;4.103973756916123;0;15;25;2;1;0;10;8;5;17;0;5;12;0;7;-2.327102771398851;19
TRACK:1974;1722;1587;5;4;2;2;3;2;4;6;6;5;7;-8.68632936756244;0;2;1;2;20;-9.222936420948617;17;1;7;4.675772172973395;10;3;3;14;4;14;5;0;0;5;2;1;22;2.0275858527967974;10;12;1;22;1.8817257686509514;8;3;1;3;4;14;2;1;8;7;2.992493545444627;2;14;20;-8.961722727542753;0;5;5;1;3;0;4;19;2;18;24;1;5;6;22;0.17109945616697947;1;2;16;15;0;20;4.015018132414157;20;-1.5253389116219143;5;3;0;2;2;0;16;14;2;24;21;-3.630184310643136;1;0;11;23;4.238181781705038;0;11;23;4.335986549822248;2;1;0;10;20;-8.764862821173018;5;17;0;5;12;0;7;-2.4210804860776256;19
TRACK:1975;1722;1587;5;4;2;2;3;2;4;6;6;5;7;-8.853576135577189;0;2;1;2;20;-9.224434265050338;17;1;7;4.696657417337175;10;3;3;14;4;5;6;20;-6.396384481629575;5;0;0;5;2;1;22;1.906593067715322;8;12;6;4;3;16;3;1;3;4;14;2;1;8;7;3.0133491701539907;2;14;20;-8.792991378609958;0;5;5;1;3;0;5;10;2;18;24;1;5;6;22;0.07792157900469257;2;16;15;5;3;0;2;2;0;16;14;2;24;21;-3.820957787781262;1;0;11;23;4.335986549822248;0;15;25;2;1;0;10;20;-8.722521064477954;5;17;0;5;12;0;7;-2.2365689066102887;19
TRACK:1976;1704;1905;5;4;2;2;3;2;4;6;6;5;7;-8.662953012208694;0;2;1;2;20;-9.324198861991002;17;1;7;4.691434814304226;10;3;3;14;4;14;5;0;0;5;2;1;22;1.9174694928406504;8;12;1;22;1.8998010619032266;8;3;1;3;4;14;2;1;8;7;3.046353679443367;2;14;20;-8.913186812662488;0;5;5;1;3;0;4;19;2;18;24;1;5;6;22;0.06266588058645517;1;2;20;-9.309970108546581;17;0;20;3.9821224100941515;20;-1.5975571000830318;5;3;0;2;2;0;16;14;2;24;21;-3.702700180692399;1;0;11;23;4.246437212504974;0;15;25;2;1;0;10;20;-8.715331921210012;5;17;0;5;12;0;7;-2.314486469360608;19
TRACK:1977;1704;1905;5;4;2;2;3;2;4;6;6;5;7;-8.796294299069585;0;2;1;2;20;-9.309970108546581;25;1;7;4.702791845880595;10;3;3;14;4;14;5;0;0;5;2;1;22;1.6211932041501473;22;-1.2362334195997418;12;6;4;3;16;3;1;3;4;14;2;1;8;7;2.8270494971192823;2;14;20;-8.80643414671056;0;5;5;1;3;0;4;8;6;17;1;5;6;22;-0.0641798564055737;1;2;16;15;0;20;4.396237152881322;20;-1.7589258209035066;5;3;0;2;2;0;16;14;2;24;21;-3.716534297319325;1;0;11;23;4.1352946478990775;0;15;25;2;1;0;10;20;-8.834702968816446;5;17;0;5;12;0;7;-2.133861251894297;19
TRACK:1978;1609;1966;5;4;2;2;3;2;3;0;4;8;2;23;8.000804784352395;24;0;2;1;2;20;-9.320693244161898;17;1;7;4.7220325277705895;10;3;3;14;4;14;5;0;0;5;2;1;22;1.923619497107204;8;12;6;4;3;16;3;1;3;4;14;2;1;8;7;3.0274866555454607;2;14;20;-8.878827762802349;0;5;5;1;3;0;4;8;2;18;24;1;5;6;22;0.12376756875943894;1;2;16;15;0;20;4.165737301795081;20;-1.4968169502666846;5;3;0;2;2;0;16;14;2;24;21;-3.7840995468803937;1;0;11;23;4.232383231439046;0;15;25;2;1;0;10;20;-8.83252758509879;5;17;0;5;12;0;7;-2.2270801466683983;19
TRACK:1979;1609;1966;5;4;2;2;3;2;4;6;6;5;7;-8.625959300473543;0;2;1;2;20;-8.989108089432813;17;1;7;4.679262077460966;10;3;3;14;4;14;5;0;0;5;2;1;22;2.004986941759627;8;12;6;4;3;14;3;1;3;4;14;2;1;8;7;2.96123271047034;2;14;20;-8.775250361855745;0;5;5;1;3;0;4;8;2;23;8.000804784352395;24;1;5;6;22;0.00646385329200988;1;2;16;15;0;20;4.383679619840073;20;-1.3251748663752725;5;3;0;2;2;0;16;14;2;24;21;-3.7617289738103072;1;20;-8.83252758509879;0;15;25;2;1;0;10;8;5;17;0;5;12;0;7;-2.327102771398851;19
TRACK:1980;1970;-1;5;4;2;2;3;2;4;6;6;5;7;-8.784050507641332;0;1;7;4.7430819043204995;10;4;14;5;0;0;5;2;1;22;1.8218285604319584;8;12;6;4;3;16;3;1;3;4;14;2;1;8;7;2.9933103182844762;2;14;20;-8.887251203157183;0;5;5;1;3;0;4;8;2;18;24;1;5;6;22;0.19091764806686104;1;2;16;15;0;20;4.183585808494613;20;-1.4583156521899183;5;3;0;1;22;7.80552484943637;23;-3.099478248563134;2;1;0;10;20;-8.63839890166827;5;17;0;5;12;0;7;-2.270582372747065;19
TRACK:1981;1972;-1;5;4;2;2;3;2;4;6;6;5;7;-8.900828246326933;0;2;1;2;20;-9.321850613277975;17;1;7;4.883139473698337;10;3;3;14;4;5;6;20;-6.3242811572486755;5;0;0;5;2;1;22;1.923763956594089;8;12;6;4;3;16;3;1;3;4;14;2;1;8;7;2.9419742907937017;2;14;20;-8.857742019078064;0;5;5;1;3;0;5;10;2;18;24;1;5;6;22;0.16805878158479956;1;4;7;5.655551432836612;0;20;3.958126638595857;20;-1.3724655758160866;5;3;0;2;2;0;16;12;2;24;21;-3.816808539138358;1;0;11;23;4.397184485445983;0;15;25;2;1;0;10;20;-8.76894275924995;5;17;0;5;12;0;7;-2.1862267652112326;19
TRACK:1982;1974;-1;5;4;2;2;3;2;4;6;6;5;7;-8.70539638739157;0;2;1;3;17;1;7;4.632592582385937;10;3;3;14;4;14;5;0;0;5;2;1;22;2.026310926893811;10;12;1;22;1.7480875748525402;8;3;1;3;4;14;2;1;8;7;2.9762922618047987;2;14;20;-8.896766370016817;0;5;5;1;3;0;4;19;2;18;24;1;5;6;22;0.04124987062897059;1;2;16;15;0;20;4.158660572164668;20;-1.533519019822383;5;3;0;2;2;0;16;14;2;24;21;-3.5885138954624;1;0;11;23;4.294073535100321;0;11;23;4.256685063933723;2;1;0;10;20;-8.727165800493426;5;17;0;5;12;0;7;-2.5086917013503633;19
TRACK:1983;1976;-1;5;4;2;2;3;2;4;6;6;5;7;-8.615410192096984;0;2;1;2;20;-9.245885696738704;17;1;7;4.724876811861613;10;3;3;14;4;14;5;0;0;5;2;1;22;2.1831702929507317;8;12;1;22;1.9012863400835358;8;3;1;3;4;14;2;1;8;7;3.1053052946762594;2;14;20;-8.984688188189956;0;5;5;1;1;5;5;22;-4.170157842879556;4;0;20;-2.4919655978312143;10;1;5;6;22;0.12208737539710302;1;2;20;-9.36534851848325;17;0;20;3.9329957499791495;20;-1.7911543643270529;5;3;0;2;2;0;16;14;2;24;21;-3.6527483239554703;1;0;11;23;4.351494483239041;0;15;25;2;1;0;10;20;-8.812638018324192;5;17;0;5;12;0;7;-2.1432133876385047;19
TRACK:1984;1978;-1;5;4;2;2;3;2;3;0;4;8;2;23;8.078280273954302;24;0;2;1;2;20;-9.354938652425387;17;1;7;4.78914374682295;10;3;3;14;4;14;5;0;0;5;2;1;22;2.1016932016639114;8;12;6;4;3;16;3;1;3;4;14;2;1;8;7;2.8398384301914312;2;14;20;-8.969552098197438;0;5;5;1;3;0;4;8;2;18;24;1;5;6;22;-0.0760794833813233;1;2;16;15;0;20;4.128233901521827;20;-1.6032845237560354;5;3;0;2;2;0;16;14;2;24;21;-3.955754958519934;1;0;11;23;4.25046098404178;0;15;25;2;1;0;10;21;7.646396723232122;5;17;0;5;12;0;7;-2.1486028412033025;19
TRACK:1985;1971;-1;5;4;2;2;3;2;4;6;6;5;7;-8.675393724472736;0;2;1;2;20;-9.063040684879123;17;1;7;4.77519431713878;23;8.511052693164775;3;3;14;4;14;5;0;0;5;2;1;22;1.8233209709441889;8;12;1;22;1.7830450189766647;8;3;1;3;4;14;2;1;8;7;3.081858422190483;2;14;20;-8.81592541086862;0;3;0;4;8;2;18;24;5;3;0;2;2;0;16;14;2;24;21;-3.7029131647646514;1;0;11;23;4.279993327621985;0;15;25;2;1;0;10;20;-8.739089279798739;5;17;0;5;12;0;7;-2.2185404258757804;19
TRACK:1986;1973;-1;5;4;2;2;3;2;4;6;6;5;7;-8.687313859941266;0;2;1;2;20;-9.086390278513543;17;1;7;4.647490342146345;10;3;3;14;4;14;5;0;0;5;2;1;22;1.9656482681889131;8;12;6;4;3;14;3;1;3;4;14;2;1;8;7;2.8220563008180406;2;14;20;-8.779452887867654;0;5;5;1;3;0;4;8;2;21;-0.31119620049330265;24;1;5;6;22;0.10796657037993242;1;2;16;15;0;20;4.3475604135477806;20;-1.2635258800700973;5;3;0;2;2;0;16;14;2;24;21;-3.742892210503198;1;0;20;-9.074570870111584;23;4.2100644596159285;0;15;25;2;1;0;10;8;5;17;0;5;12;0;7;-2.348988949313182;19
TRACK:1987;1975;-1;5;4;2;2;3;2;4;6;6;5;7;-8.88231952247791;0;2;1;2;20;-9.543291287044553;17;1;7;4.70746352017774;10;3;3;14;4;5;6;20;-6.461741826514916;5;0;0;5;2;1;22;2.0648993294448656;8;12;6;4;3;16;3;1;3;4;14;2;1;8;7;7.260815475094709;2;14;20;-8.684816729764727;0;5;5;1;3;0;5;10;2;18;24;1;5;6;22;0.09879816534929053;2;16;15;5;3;0;2;2;0;16;14;2;24;21;-3.905580257122849;1;0;11;23;4.243299021349223;0;15;25;2;1;0;10;20;-8.659938763191912;5;17;0;5;12;0;7;-2.2661734485089267;19
TRACK:1988;1977;-1;5;4;2;2;3;2;2;3;5;0;15;12;0;1;2;18;24;6;22;-6.165876000926178;0;3;17;1;21;8.06309337261332;18;0;2;1;2;20;-9.416217144715876;25;1;7;4.680059878810498;10;3;3;14;4;14;5;0;0;5;2;1;22;1.6959021785112642;22;-1.1889601183425202;12;6;4;3;16;3;1;3;4;14;2;1;8;7;2.854511663079115;2;14;20;-8.885131437292628;0;5;5;1;3;0;4;8;6;17;1;5;6;22;-0.13925099454002943;1;2;16;15;0;20;4.422720774674853;20;-1.7665074998127654;5;3;0;2;2;0;16;14;2;24;21;-3.733628098607703;1;0;11;23;4.350576444880988;0;15;25;2;1;0;10;20;-8.801858742137677;5;17;0;5;12;0;7;-2.1975998828562577;19
TRACK:1989;1979;-1;5;4;2;2;3;2;4;6;6;5;7;-8.618401806509839;0;2;1;2;20;-9.202921958688043;17;1;7;4.642453054024608;10;3;3;14;4;14;5;0;0;5;2;1;22;2.0565475376761824;8;12;6;4;3;14;3;1;3;4;14;2;1;8;7;2.981522489941591;2;20;-2.7936421918017107;20;-8.5936198375105;0;5;5;1;3;0;4;8;2;23;7.938713070777878;24;1;5;6;22;-0.11279677357529466;1;2;16;15;0;20;4.429836363858888;20;-1.126301883951248;5;3;0;2;2;0;16;14;2;24;21;-3.7191175148573508;1;20;-8.624467444196457;0;15;25;2;1;0;10;8;5;17;0;5;12;0;7;-2.2353235734611943;19
EVAL_INSTANCE:99:0:1980
EVAL_INSTANCE:99:1:1981
EVAL_INSTANCE:99:2:1982
EVAL_INSTANCE:99:3:1983
EVAL_INSTANCE:99:4:1984
EVAL_INSTANCE:99:5:1985
EVAL_INSTANCE:99:6:1986
EVAL_INSTANCE:99:7:1987
EVAL_INSTANCE:99:8:1988
EVAL_INSTANCE:99:9:1989
RUN_RESULT:99:0:0:2000:----
RUN_RESULT:99:1:0:2000:----
RUN_RESULT:99:2:0:2000:----
RUN_RESULT:99:3:0:966:DRRRRDDLDLUUDRRUULLLLDLUUUDRRULRRRRUUR
RUN_RESULT:99:4:0:1172:RDRRRDDLDLUUDRRUULLLLDLUUUDRRULRRRDRDRRDLLUUUUUR
RUN_RESULT:99:5:0:2000:----
RUN_RESULT:99:6:0:2000:----
RUN_RESULT:99:7:0:436:RDRRRDDLDLUUDRRUULLLLDLUUUDRRULRRRRUUR
RUN_RESULT:99:8:0:2000:----
RUN_RESULT:99:9:0:2000:----
   100 |     1000 | -3.470300E+03 | -3.565000E+03
TRAINING ON LEVEL:14
of 184 levels
---LEVEL STRING---
__________
_G10gl.f._
_.aagl.l._
_.R.gg.ll_
_.b..gggl_
_...a...a_
_..r....5_
_B12.1..._
_F13a.L16_
__________
---LEVEL STRING---
training done.
The time of execution is: 3706.757870197296 s

TRAINING DONE


-----!!!NEW PROBLEM!!!-----


START TESTING

LEVEL:0:______\n_K.2._\n_kSF._\n_bB1._\n_..fR_\n_1..._\n_3.r._\n_251O_\n_s.31_\n_o..2_\n______
LEVEL:1:________\n_......_\n_......_\n_.Sb.s._\n_.1..s._\n_.4b..1_\n_B12..3_\n_......_\n________
LEVEL:2:____________\n_.........._\n_.r....f..._\n_.....bssss_\n_.R.......F_\n_B1..f..b.1_\n_AO........_\n_.rssssssss_\n_.........F_\n_ss...R...1_\n_....B12W.3_\n_oS14...1.._\n____________
LEVEL:3:__________\n_F13....G_\n_..R15a.1_\n_.......0_\n_a.A.b.a._\n_....a..._\n_B....ggg_\n_1.a.ag.a_\n_2....g.f_\n__________
LEVEL:4:__________\n_.....B12_\n_.W......_\n_.1wwwww._\n_.6wf..w._\n_..w..kw._\n_F.wwwww._\n_1......._\n_3...bK17_\n__________
LEVEL:5:_________\n_....B18_\n_......._\n_...R..._\n_...1..._\n_...3..._\n_......._\n_....B12_\n_......._\n_.b..R.._\n_....1.._\n_r...9.._\n_......._\n_________
LEVEL:6:____________\n_G13wwwwK14_\n_w.o.okofow_\n_wo.o.o.o.w_\n_wko.o.o.ow_\n_wggggggggw_\n_w.o.o.o.ow_\n_wo.o.o.okw_\n_w.o.o.o.ow_\n_wo.obo.o.w_\n_K17wwwwB12_\n____________
LEVEL:7:____________\n_F13wwwwK14_\n_w.o.okofow_\n_wo.oko.o.w_\n_wko.o.o.ow_\n_wo.o.o.okw_\n_wko.o.o.ow_\n_wo.o.o.okw_\n_wko.o.o.ow_\n_wo.obo.o.w_\n_K17wwwwB12_\n____________
LEVEL:8:__________\n_B12....F_\n_1......1_\n_9lllL.f3_\n_..rl1..._\n_...l8..._\n_...lllll_\n_.br....._\n_....R15._\n__________
LEVEL:9:___________\n_rg9SkofVr_\n_GF.6WOV0A_\n_Fw0.3o6AB_\n_A5W..5A2l_\n_.WO5KlF.1_\n_441934sR2_\n_vF38vVb.k_\n_W4bAS.K1K_\n_kO9.W..21_\n_0Ba4o3.L2_\n_w9G.SG99v_\n_g9Br5Kkbk_\n_.l7RRG6r3_\n_LFffV..Gv_\n_ga8.ro1wr_\n_VWV7R..3._\n___________
LEVEL:10:__________\n_........_\n_....V12._\n_........_\n_...v...._\n_F.v.v..._\n_1..v...._\n_3......._\n_....f..._\n__________
LEVEL:11:__________\n_b....Vwv_\n_.....1ww_\n_.....3.._\n_........_\n_........_\n_.....BW._\n_.....11._\n_.....26._\n__________
LEVEL:12:__________\n_...K..3._\n_.f.k...._\n_kkkk...._\n_...kgkkk_\n_........_\n_G10...b._\n_.....B12_\n_K14..F13_\n__________
LEVEL:13:__________\n_..Bwwlll_\n_b.1wwlll_\n_..2wwlll_\n_...wwlll_\n_...wwlll_\n_W16....._\n_....F13._\n_s...wwwf_\n__________
LEVEL:14:__________\n_G10gl.f._\n_.aagl.l._\n_.R.gg.ll_\n_.b..gggl_\n_...a...a_\n_..r....5_\n_B12.1..._\n_F13a.L16_\n__________
LEVEL:15:__________\n_bW12..Fr_\n_........_\n_w.w.w..S_\n_.s...s.1_\n_..w.www4_\n_B.3s1..._\n_1.w.w..._\n_2.....Rf_\n__________
LEVEL:16:__________\n_bW12..Fr_\n_........_\n_w.w.w..S_\n_.s...s.1_\n_..w.www4_\n_B.3s1..S_\n_1.w.w..._\n_2.....Rf_\n__________
LEVEL:17:__________\n_.f......_\n_.......3_\n_kkkkgkkk_\n_...g.g.._\n_K14k.k.._\n_...k.kkk_\n_B12k..b._\n_F13....._\n__________
LEVEL:18:____________________\n_B.S14.O16.R15.B12._\n_1.F13.G16.V17....._\n_.Sv..............._\n_Rggggggggggggggggg_\n_1ggggggggggggggggg_\n_.F......gggggggggg_\n_ooo.......gggggggg_\n_wwwoo.......gggggg_\n_wwwwwoo.......gggg_\n_wwwwwwwoo..r......_\n_wwwwwwwwwoo.b....._\n_wwwwwwwwwwwooaaaaa_\n____________________
LEVEL:19:_________________\n_F13w.f.w.a...rw_\n_.a.wa...b.a.a.w_\n_wwrwwwww..wwwww_\n_...a...a....a.._\n_wwwwww.wwwwwwww_\n_.a.........ar.._\n_www.wwwwwwwwwww_\n_.a...a......ba._\n_..b......a....._\n_wwwwwwwwww.war._\n_k...a.....awwww_\n_wwwwwwwwwwwwB14_\n_R16wW16wK12wB17_\n_________________
LEVEL:20:__________\n_...s.V12_\n_v..s...._\n_..sssfss_\n_..s..s.._\n_F..s..s._\n_1.....s._\n_3..S14.._\n_........_\n__________
LEVEL:21:____________________\n_.Laallgg.......BG._\n_.1aallgg.......11._\n_.8aallgg.......90._\n_..aallgg.........._\n_..9allgg.......v.._\n_..aallgg.......V.._\n_b.2allgg.......1.._\n_llllllgg.......3.._\n_llllllgg.........._\n_gggggggg.........._\n_gggggggg.......B12_\n____________________
LEVEL:22:__________\n_........_\n_...b...._\n_........_\n_F......._\n_1.B.f..._\n_3.1....._\n_..2....._\n_........_\n__________
LEVEL:23:__________\n_........_\n_B...b..._\n_1......._\n_2......._\n_........_\n_..3...f._\n_F1....f._\n_........_\n__________
LEVEL:24:__________\n_S13....._\n_.......f_\n_...r...3_\n_........_\n_........_\n_F14..R12_\n_........_\n_......s._\n__________
LEVEL:25:_________________\n_....gg.....l..._\n_....gg.....l..._\n_....gg.....l..._\n_.b..gg.....l..._\n_....gg.....l..._\n_....gg.....l..._\n_....gg.....l..._\n_....gg.B12.l..f_\n_....gg.....l..._\n_K...gg.....l..._\n_B12.gg..k..l..._\n_....gg.....l..._\n_....gg.....l..._\n_....gg.G10.l..._\n_....gg.....l..._\n_....gg.....lF13_\n_....gg.....l..._\n_....gg.....lL14_\n_________________
LEVEL:26:__________\n_.ssss.s._\n_..ss.fv._\n_...as.v._\n_.F12.A.._\n_.....1.._\n_.....3.._\n_.ggg...._\n_.s......_\n__________
LEVEL:27:__________\n_glF13S12_\n_gksgggVV_\n_ggrrrrV2_\n_vggkgkVr_\n_vvgvvvVr_\n_vvvvvlVl_\n_vvvvvlVl_\n_vvvvl.fl_\n__________
LEVEL:28:__________\n_B12..VGF_\n_S.....1._\n_1.b.s35f_\n_4...sss._\n_........_\n_gggggggg_\n_...vv..._\n_........_\n__________
LEVEL:29:__________\n_V.2a..12_\n_B12avF.._\n_bv.a...._\n_aaaaaaaa_\n_...a...._\n_..2a.A.._\n_A16a1..._\n_.1.a2f3._\n__________
LEVEL:30:__________\n_K17....._\n_......O._\n_k.vwww.._\n_...wow.k_\n_...www.._\n_KV..W16._\n_11.O1.3._\n_42..k..._\n__________
LEVEL:31:___________________\n_B12w...ag...wG10._\n_wwww...gg...wW16._\n_..13...ga...wwwww_\n_.V15..agga......._\n_.R...araga.a....._\n_.....a.ggaaa....._\n_ggggggggaaaav...._\n_.v....agga......._\n_....b..aga......._\n_......agga......._\n___________________
LEVEL:32:__________\n_b.....f._\n_.....V12_\n_........_\n_F13....._\n_........_\n_........_\n_....v..._\n_........_\n__________
LEVEL:33:__________\n_........_\n_...bV12._\n_........_\n_........_\n_.B13...._\n_........_\n_........_\n_...vv..._\n__________
LEVEL:34:__________\n_...V13.._\n_v......._\n_........_\n_......b._\n_....B12._\n_........_\n_..V15..._\n_........_\n__________
LEVEL:35:__________\n_..F1.3.._\n_llllllll_\n_..L14..._\n_........_\n_........_\n_........_\n_........_\n_bB12...f_\n__________
LEVEL:36:__________\n_B12.F13._\n_........_\n_...sss.._\n_.b.sfs.._\n_...s...._\n_...s...._\n_........_\n_........_\n__________
LEVEL:37:__________\n_s..S..a._\n_k.o....l_\n_.g....b._\n_L.g..b.w_\n_g.s..fs._\n_....B..l_\n_b...1r.._\n_G13.2b.._\n__________
LEVEL:38:__________\n_.Rrbll.f_\n_L18.lll._\n_.5..ll.r_\n_..r.ll.1_\n_..r.ll.l_\n_.F..ll.B_\n_B19.ll.1_\n_r3r....2_\n__________
LEVEL:39:__________\n_A.2...bg_\n_1.G.3.a._\n_wwg1W16._\n_..12B12b_\n_........_\n_........_\n_........_\n_........_\n__________
LEVEL:40:__________\n_b..lsllf_\n_...lslll_\n_.S.lslll_\n_L18lslll_\n_.6.ls..._\n_F......._\n_1......._\n_3.B12..._\n__________
LEVEL:41:____________________\n_llllllff........L._\n_lgggglff........1._\n_lbggglff........5._\n_lg..glff.........._\n_lG15glff.........._\n_llllllff.........._\n_ffffwww..........._\n_ffff.............._\n_.................._\n_.........F.3......_\n_..B12.....1......._\n_.................._\n_.........k........_\n_....K12..........._\n_.................._\n_.................._\n_................7._\n_.................._\n____________________
LEVEL:42:__________\n_f.k.k.kk_\n_.B12F13._\n_k......k_\n_...b...._\n_k......k_\n_........_\n_k......k_\n_.K14K17._\n__________
LEVEL:43:__________\n_ffffffff_\n_W16....._\n_Bk......_\n_1.k...k._\n_2...k..._\n_w..wwwww_\n_...k...._\n_Kk.....k_\n_1k...k.._\n_7......._\n_w..wwwww_\n_........_\n_F13...k._\n_K..k...._\n_1......._\n_4...kk.b_\n__________
LEVEL:44:__________\n_FWwwwwww_\n_11wb.fww_\n_36wwwwww_\n_G10wgkww_\n_wwwwwwww_\n_wBKwwwww_\n_w11wwwww_\n_b2.kwwww_\n__________
LEVEL:45:___________\n_.F.w..V.._\n_o1.w.o1.._\n_.4.w.o2.o_\n_wwww.o..._\n_.ov...oWw_\n_.ov.o..1w_\n_..o.O186w_\n_foo..wF13_\n___________
LEVEL:46:____________________\n_W........wwwwwwwww_\n_1wwwwwwwww......Kw_\n_6wK17ooowwR1.O.81w_\n_Kwkooo3oww..3.1.9w_\n_1wkoooooww.......w_\n_4wo1kbkowwaaaaw.ww_\n_Awooooooww.....ww._\n_1woooooowwb..w..w._\n_9wwwwwwwwww.sw.ww._\n_Awwwwwwwwwwwlwwww._\n_1wb.....ww......w._\n_4wwwww.www.b.R..w._\n_Sw......ww.r.1..w._\n_1ww.wwwwww...5L.w._\n_4wrrrrrrww....1.w._\n_Bwrrfrrrww....8.w._\n_1wwwwwwwwwwwwwwww._\n_9R19F13L18R14B12.._\n____________________
LEVEL:47:______\n_fr.b_\n_F13w_\n_gggg_\n_wwww_\n_F17w_\n_R15w_\n_G10W_\n_B121_\n_W16W_\n______
LEVEL:48:__________\n_WSLlllll_\n_111llllk_\n_556llK12_\n_lllllB17_\n_lllllK1._\n_lllkklll_\n_lllwwlll_\n_FllssllF_\n_1......1_\n_3......3_\n_f......f_\n_........_\n_........_\n_oooggooo_\n_..o..o.._\n_GBo..oOS_\n_11ob.o11_\n_89o..o58_\n__________
LEVEL:49:____________________\n_Wwvvvvvvvfvvvvvvvv_\n_1wvvvvvvv.vvvvvvvv_\n_6wvvvvvvv.vvvvvvvv_\n_Fwvvvvvvv.vvvvvvvv_\n_1wvvvvvvv.vvvvvvvv_\n_3wvvvvvvvvvvvvvvvv_\n_Vwvvvvvvvvvvvvvvvv_\n_1wvvvvvvvvvvvvvvvv_\n_4wvvvvvvvvvvvvvvvv_\n_wwvvvvvvvvvvvvvvvv_\n_..............s..._\n_......r.r.....sS.._\n_...b..rrr.....s1.._\n_..B12..R......s4.._\n_.......1......s..._\n_.......5..O1O.s..._\n_..............w..._\n_..............w..._\n____________________
LEVEL:50:_______\n_bB12._\n_...F._\n_.fR15_\n_...3._\n_.r..._\n_______
LEVEL:51:________\n_rrrrrr_\n_rrrrrr_\n_rrbrrr_\n_rr.rRr_\n_r..B12_\n_r.3.6._\n________
LEVEL:52:____________\n_v......V12_\n_...f.....F_\n_.R.....b.1_\n_B12......3_\n_...S.S14.._\n____________
LEVEL:53:__________\n_bB1...2._\n_..fR1SF._\n_1...31s._\n_3.r..2.1_\n__________
LEVEL:54:_________\n_......._\n_....b.._\n_....s.._\n_......F_\n_.B12..1_\n_......3_\n_...S121_\n_________
LEVEL:55:____________\n_.........._\n_.b..S....._\n_.....712.._\n_.....O...._\n_.B........_\n_...b.....F_\n_.........1_\n_GokK12...3_\n_V......B1._\n_r........R_\n____________
LEVEL:56:________\n_......_\n_.b...._\n_......_\n_......_\n_.S...._\n_.1...._\n_.BB123_\n_.s...3_\n________
LEVEL:57:____________\n_B1.B.....B_\n_R1.......1_\n_..5....S12_\n_.........._\n_.r.....b.._\n_...L......_\n_......1..F_\n_..f......1_\n_......s..4_\n_F13......._\n____________
LEVEL:58:_______\n_F.B12_\n_1b..._\n_3...f_\n_..k.._\n_K17.._\n_______
LEVEL:59:____________\n_B12w.....S_\n_K12w.....1_\n_F16w....7._\n_wwww......_\n_G1........_\n_1.....s..._\n_.0.3.sbs.._\n_g.....s..g_\n_gg......gg_\n_ggg....ggg_\n____________
LEVEL:60:____________\n_B12......S_\n_Br.......1_\n_R..f.....F_\n_.........1_\n_G1.......3_\n_1.....s.f._\n_.0.3.sbs.F_\n_g.....s..g_\n_gg..13..gg_\n_ggg....ggg_\n____________
LEVEL:61:_________\n_.....B8_\n_......._\n_...R..._\n_..o1..._\n_......._\n_....B.._\n_......._\n_....rs._\n_..1SF.._\n_fB31s.._\n_F112o.._\n_......._\n_________
LEVEL:62:________\n_......_\n_......_\n_......_\n_......_\n_......_\n_......_\n_..B..._\n_..1..._\n_..2F13_\n_..b..._\n_......_\n_......_\n_f.F15._\n_......_\n_......_\n________
LEVEL:63:_____________\n_.....2....._\n_.b...F....._\n_....w.712.._\n_.B....O...._\n_....S.....F_\n_........S.1_\n_.....K12..._\n_.b.W......._\n_........s.._\n_.....B12s3k_\n_..........k_\n_____________
LEVEL:64:_________\n_Fw.f.wB_\n_1w...w1_\n_3wwwww2_\n_......._\n_..W16.._\n_......._\n_...b..._\n_________
LEVEL:65:____________\n_B13......F_\n_....f....1_\n_rrrR1Rrrr2_\n_........b._\n____________
LEVEL:66:____________\n_F13wwwwK14_\n_w.o.okofow_\n_wo.o.o.o.w_\n_wko.o.o.ow_\n_wo.o.o.o.w_\n_w.o.o.o.ow_\n_wo.o.o.okw_\n_w.o.o.o.ow_\n_wo.obo.o.w_\n_K17wwwwB12_\n____________
LEVEL:67:____________\n_.........._\n_llllllll.._\n_.....r...._\n_.........._\n_..b..r...._\n_.........._\n_gggggggg.._\n_W13..G17.._\n_.........._\n_B12......._\n____________
LEVEL:68:___________\n_B12w....._\n_wwww.brk._\n_.R......._\n_........._\n_ggggggggg_\n_.1......._\n_.5......._\n_........._\n_.K......._\n_........._\n_ggggggggg_\n_........._\n_......ooo_\n_wwww..ofo_\n_W16w..ooo_\n_G10w..F13_\n___________
LEVEL:69:__________\n_k....b.._\n_w....o.o_\n_sB123ggg_\n_.fR.oo.o_\n_.....bg._\n_.r..f..._\n_.s.bs..k_\n_..sg.www_\n__________
LEVEL:70:__________\n_...12..._\n_...r.ooo_\n_2...B11O_\n_......31_\n_s2.3...2_\n_........_\n_..R1..F1_\n_.....S14_\n__________
LEVEL:71:_______________\n_.l..gL16g..l._\n_.l..ggggg..l._\n_............._\n_............._\n_..l.......l.._\n_..l.......l.._\n_3....G10....3_\n_..l.......l.._\n_..l.......l.._\n_............._\n_............._\n_.l..ggggg..l._\n_.l..gL12g..l._\n_______________
LEVEL:72:__________\n_.kSFr..._\n_vbR1Sbb._\n_g..31skB_\n_r...2so8_\n_bss...a4_\n_FR...aa._\n_S1o....w_\n_W6R11oof_\n__________
LEVEL:73:__________\n_........_\n_....V12._\n_........_\n_........_\n_F.v.v..._\n_1..v...._\n_3......._\n_....f..._\n__________
LEVEL:74:__________\n_........_\n_....V12._\n_..v.v..._\n_..vvv..._\n_F.v.v..._\n_1..v...._\n_3......._\n_....f..._\n__________
LEVEL:75:__________\n_.....B12_\n_.W.14..._\n_.1wwwww._\n_.6wf..w._\n_..w..kw._\n_F.wwwww._\n_1......._\n_3...bK17_\n__________
LEVEL:76:____________\n_K..w.kwK14_\n_1...okkfow_\n_7...B12o.w_\n_s.k......._\n_.....R...._\n_w.www..W16_\n_w........._\n_..b...r..k_\n_w........._\n_..kwwwF13._\n____________
LEVEL:77:____________\n_K.kw.kwK14_\n_1...okkfo._\n_7.o.A12o.w_\n_s.2..r.o.._\n_.....R...._\n_w.www..W16_\n_w...o..o.._\n_..b...rbak_\n_w...5...o._\n_b.fwwwF13._\n____________
LEVEL:78:__________\n_...12..._\n_...rg1.._\n_........_\n_.s..wk2g_\n_F12.V7f._\n_w.F.v..._\n_3R25K..._\n_..v....._\n__________
LEVEL:79:__________\n_W16..R15_\n_.....R13_\n_..R....._\n_B1B12.ww_\n_......wr_\n_......ww_\n_........_\n_b....R19_\n__________
LEVEL:80:__________\n_W16..R15_\n_.....R13_\n_..R....._\n_B1B12.ww_\n_......wr_\n_......ww_\n_...R...._\n_bB1..R19_\n__________
LEVEL:81:__________\n_B1B....f_\n_1......._\n_2......._\n_........_\n_........_\n_.......F_\n_.......1_\n_b......3_\n__________
LEVEL:82:__________\n_V1V....B_\n_.......1_\n_V1.....2_\n_..F....._\n_........_\n_........_\n_........_\n_bv....7F_\n_.......1_\n_.......3_\n_wwwwwwww_\n_.v....W._\n_......1._\n_f.....6._\n__________
LEVEL:83:__________\n_B12..F13_\n_........_\n_........_\n_........_\n_.b....f._\n_........_\n_........_\n_........_\n__________
LEVEL:84:__________\n_.K14.B12_\n_.fow...._\n_2o.w...3_\n_..1.W..w_\n_..4...k._\n_....rr.._\n_........_\n_....bK17_\n__________
LEVEL:85:__________\n_l......._\n_...b...._\n_L1B....._\n_..1....._\n_..2F...._\n_.b.bB1Br_\n_........_\n_.f....13_\n__________
LEVEL:86:__________\n_bF132..G_\n_....g1.1_\n_..B12AO._\n_.RF13wwr_\n_a12....._\n_o.....WF_\n_......F1_\n_.....f.._\n__________
LEVEL:87:__________\n_W16w..s._\n_...wF..._\n_...w1..._\n_...w3..._\n_r..w...._\n_...wR.b._\n_S14wB12._\n_.1Fw...r_\n__________
LEVEL:88:__________\n_W16w..s._\n_.14wF..._\n_F..w1..._\n_...w3..._\n_..rw...._\n_...wR.b._\n_S14wB12._\n_.1Fw...r_\n__________
LEVEL:89:__________\n_........_\n_WW..W16._\n_11b.B12._\n_9W......_\n_........_\n_FL...www_\n_11...wll_\n_38...wlf_\n__________
LEVEL:90:________________\n_K17..........._\n_1....3........_\n_.4w.k...Ww...._\n_..l.....1....._\n_..lw.k.76Ww..._\n_..l..........._\n_lllllllll....._\n_......ll......_\n_.............._\n_b............._\n_L14........B12_\n________________
LEVEL:91:__________\n_...K.3.._\n_.f.k...._\n_kkkk...._\n_...kgkkk_\n_........_\n_G10...b._\n_.....B12_\n_K14..F13_\n__________
LEVEL:92:__________\n_.....b.s_\n_FBs....s_\n_f13....s_\n_.2..rrrr_\n_...r...._\n_...r.RF._\n_...r.11._\n_S14r.5.._\n__________
LEVEL:93:__________\n_.B1..ww._\n_s..S...f_\n_.w1ww4.._\n_.w.SF..1_\n_1.4.Bw.4_\n_3bww3w.._\n_.......s_\n_.W12.s.._\n__________
LEVEL:94:__________\n_........_\n_B12....._\n_S16....._\n_K13.b..._\n_G16....._\n_F16..v.v_\n_.....vsv_\n_V16..vkf_\n__________
LEVEL:95:___________\n_s...f...s_\n_.k.....k._\n_..k...k.._\n_...k.k..._\n_....k...._\n_....S14.._\n_........._\n_K17...K14_\n_B12.b.F13_\n___________
LEVEL:96:__________\n_.B1.sF13_\n_S142s..._\n_...fs..._\n_sssss..._\n_........_\n_.....17._\n_.B12..b._\n_........_\n__________
LEVEL:97:_________\n_....F13_\n_......._\n_..K...._\n_..1...._\n_.f2...._\n_......._\n_k......_\n_________
LEVEL:98:__________\n_........_\n_...F13.._\n_........_\n_.......v_\n_B.....a._\n_1......._\n_2..O...._\n_..k.fb.S_\n__________
LEVEL:99:__________\n_B12.gggf_\n_F13agggg_\n_R15.gggg_\n_G10.gggg_\n_.a......_\n_..r..rr._\n_..rrrrrr_\n_b..rr..._\n__________
LEVEL:100:__________\n_........_\n_........_\n_.B...k.._\n_1......._\n_wwwvwwww_\n_.b......_\n_........_\n_.....3.._\n_...K...._\n_....1..._\n_..7....._\n_........_\n_.......V_\n_.......1_\n_B12..W14_\n__________
LEVEL:101:__________\n_....B12b_\n_....b..._\n_.......F_\n_...1...1_\n_......12_\n_........_\n_gb...f.._\n_g......._\n_g1..Rr.._\n_gfRf12.k_\n_G.f36..._\n_.b.15..F_\n_G.f....1_\n_.......4_\n_K13....._\n__________
LEVEL:102:__________\n_........_\n_........_\n_.bf....._\n_......B._\n_......1._\n_.F13..2._\n_........_\n_........_\n__________
LEVEL:103:___________\n_oLoLBLoLo_\n_o1o111o1o_\n_w8w828w8w_\n_ooo131ooo_\n_L18oboooo_\n_oooowoOoo_\n_L18oWoL18_\n_oooo1oooo_\n_L14o6oo1L_\n___________
LEVEL:104:_______________\n_B12wwW16.F.13_\n_K14ww.......k_\n_1bG.w.....k.._\n_7.1ww.w.....k_\n_f.4ww.....k.._\n_gggww..k....._\n_gggwwk......._\n_gggww..k....._\n_gggwwk......._\n_k..www..k...k_\n_..k..www..k.._\n_k......w...kw_\n_wwwwww...wwww_\n_______________
LEVEL:105:___________\n_B19L18F13_\n_1wwwwwwwW_\n_2w..b..w1_\n_ww.....w6_\n_..A....wA_\n_a.1.a..w1_\n_...5...w9_\n_.llllllll_\n_.llllllll_\n_.....l..._\n_.V1.vl.f._\n_.1...l..._\n_..2.lllll_\n___________
LEVEL:106:__________\n_.f......_\n_........_\n_kkkkkgkk_\n_B12....._\n_........_\n_G10....._\n_..F13..._\n_......b._\n__________
LEVEL:107:__________\n_.....L14_\n_.llK14wF_\n_.Wrb...1_\n_.ww....3_\n_.ww....._\n_.R1....._\n_........_\n_.1F..B12_\n__________
LEVEL:108:__________\n_b....V.B_\n_.....1.1_\n_..3..9.2_\n_.F...s.._\n_S14sss.._\n_........_\n_........_\n_....f..k_\n__________
LEVEL:109:______________\n_l.bFk...l..._\n_l.B12...l..._\n_l.k42....l.._\n_ll...R..rl2._\n_.1l......l.._\n_..llKl.lll.._\n_.k..1......._\n_....8.f..4.._\n_..2........._\n_..F1.9..K12._\n_...3........_\n_............_\n______________
LEVEL:110:__________\n_B12...fO_\n_...3...._\n_.b......_\n_F......o_\n_1......l_\n_L1......_\n_3......._\n_........_\n__________
LEVEL:111:__________\n_.2......_\n_S..b...._\n_..B....._\n_ww1....._\n_W1......_\n_.F12ss.._\n_....B123_\n_.f.....3_\n__________
LEVEL:112:__________\n_b....F13_\n_l..W16.._\n_llwlllll_\n_.....V.._\n_gggG..12_\n_v.g1.L18_\n_f.g0...._\n_ggg..B12_\n__________
LEVEL:113:______\n_...._\n_.r.._\n_...f_\n_R12._\n_..F._\n_..1._\n_..3._\n_...._\n_...._\n______
LEVEL:114:___________\n_B12aab..._\n_.......A._\n_.......1._\n_F13....7._\n_ggggggggg_\n_ggwwwwwgg_\n_www.f.www_\n_W16.k.G14_\n___________
LEVEL:115:__________\n_........_\n_........_\n_..F12..._\n_........_\n_....31A._\n_fff....._\n_..f....._\n_a.f....._\n__________
LEVEL:116:__________\n_........_\n_.......o_\n_..f....._\n_........_\n_...K13.._\n_.r.g..B._\n_..w...1._\n_...b..2k_\n__________
LEVEL:117:__________\n_B1.awB12_\n_f.o..12._\n_b....rg1_\n_1......._\n_3..Rrr.5_\n_....r..l_\n_g7.w.Ar._\n_K2.k..or_\n__________
LEVEL:118:__________\n_B12..F13_\n_1......._\n_9......._\n_..rb.9.._\n_........_\n_..R..5.._\n_..1....v_\n_V18...vf_\n__________
LEVEL:119:__________\n_b......B_\n_..1.R..1_\n_.R...5.2_\n_........_\n_.0.rrr.._\n_gggggggg_\n_gg...G10_\n_fg...F13_\n__________
LEVEL:120:__________\n_........_\n_S12.B..._\n_S..1..2._\n_........_\n_K.....s._\n_...b...._\n_........_\n_3......._\n__________
LEVEL:121:__________\n_........_\n_.b......_\n_..B....._\n_..1....._\n_..2....._\n_..3....._\n_.Ss....._\n_........_\n__________
LEVEL:122:__________\n_b......._\n_........_\n_...f...._\n_B......._\n_1......._\n_2......._\n_l......._\n_ff.lF13._\n__________
LEVEL:123:__________\n_....B12._\n_....F13._\n_k.b....._\n_....K1.._\n_....fR.._\n_........_\n_........_\n_....r..._\n__________
LEVEL:124:__________\n_........_\n_...b...._\n_........_\n_........_\n_..B...F._\n_..1...1._\n_..2...3._\n_........_\n_........_\n_.......f_\n_........_\n__________
LEVEL:125:__________\n_........_\n_b......._\n_........_\n_...r...._\n_..R12..._\n_.....F.f_\n_.....1.._\n_.....3.._\n__________
LEVEL:126:__________\n_..B12..._\n_........_\n_....F..._\n_..fR15.._\n_b...3..._\n_........_\n_........_\n_..r....._\n__________
LEVEL:127:__________\n_F13....._\n_........_\n_........_\n_.b......_\n_........_\n_...B12.._\n_........_\n_f......._\n__________
LEVEL:128:__________\n_....LLLr_\n_1...LLL._\n_F......._\n_.......F_\n_.......1_\n_.......3_\n_..Rb...._\n_.....B12_\n__________
LEVEL:129:__________\n_......13_\n_..W16..._\n_...B1B.._\n_..B1...._\n_..12...._\n_wwb....._\n_........_\n_........_\n__________
LEVEL:130:_______________\n_......w......_\n_......r..R15._\n_..g.ggr.w...._\n_..g...r...w.._\n_g.rrr.rrk...._\n_.....rK14...._\n_.r.w...r..k.._\n_..r.w.r..ggrg_\n_.bwwwwr.W16r._\n_.wr.rrrwr..k._\n_.w...gw.r..k._\n_.w.f.g..r...._\n_.wr.....r...._\n_B12G10..r.F13_\n_______________
LEVEL:131:_______________\n_......w......_\n_......r..R15._\n_..g.ggr.w...._\n_..g...r...w3._\n_g.rrr.rrk...._\n_.....rK14...._\n_.r.w...r..k.._\n_..r.w.r..ggrg_\n_.bwwwwr.W16r._\n_.wr.rrrwr..k._\n_.w...gw.r..k._\n_.w.f.g..r...._\n_.wr.....r...._\n_B12G10..r.F13_\n_______________
LEVEL:132:__________\n_.......f_\n_........_\n_.k......_\n_..k....._\n_b..k...._\n_.....F13_\n_B12....._\n_........_\n__________
LEVEL:133:__________\n_........_\n_........_\n_llllllll_\n_L.....B._\n_1...b.1._\n_8.....9._\n_........_\n_B12..F13_\n__________
LEVEL:134:_______________\n_b........wF19_\n_G.R.B.R.SwV18_\n_1.R.1.1.1wV17_\n_6.R.2.5.6wF13_\n_...r.r...wW16_\n_.........wG1G_\n_....g....wS1S_\n_wwwwswwwwwwww_\n_vg..f..svw..._\n_______________
LEVEL:135:__________\n_......F._\n_f......o_\n_..b....f_\n_......R._\n_.r....11_\n_.1OB12.._\n_1..b...._\n_3......._\n__________
LEVEL:136:__________\n_........_\n_b.....b._\n_.....b.._\n_...r...._\n_..R12..._\n_.....F.f_\n_.b...1.._\n_.....3.._\n__________
LEVEL:137:__________\n_F13....._\n_........_\n_........_\n_.b......_\n_........_\n_.....B12_\n_........_\n_f......._\n__________
LEVEL:138:__________\n_......BF_\n_.b....11_\n_....R.23_\n_1..5.r.._\n_.....r.._\n_gggggggg_\n_gggggggg_\n_gggggfgg_\n__________
LEVEL:139:__________\n_V.2a..12_\n_B12avF.._\n_bv.a...._\n_aaaaaaaa_\n_...a...._\n_r.Ra.A.._\n_A16a1..._\n_A1032f3._\n__________
LEVEL:140:__________\n_F13....f_\n_....llV._\n_....ll1l_\n_....ll2l_\n_...lll.l_\n_...lllll_\n_.v......_\n_........_\n__________
LEVEL:141:__________\n_........_\n_F12....._\n_....3..._\n_....V1.._\n_........_\n_........_\n_...f.l.v_\n_.....l.._\n__________
LEVEL:142:__________\n_....w.b._\n_....w..w_\n_B13.w.ww_\n_........_\n_F12.fff._\n_........_\n_....W15._\n_........_\n__________
LEVEL:143:__________\n_G......._\n_1..L14.._\n_0......F_\n_.......1_\n_.b.....3_\n_ggg....._\n_llg.B12._\n_fl......_\n__________
LEVEL:144:__________\n_bB1...2._\n_..fR1SF._\n_1...31s._\n_3.s..2.1_\n__________
LEVEL:145:__________\n_......wf_\n_W15..w.._\n_.....w.w_\n_.B12w.w._\n_.....w.._\n_...b..ww_\n_F13...w._\n_......w._\n__________
LEVEL:146:____________\n_A18wa....._\n_B19ww..a.._\n_1ssswa..a._\n_2K13wV13a._\n_wwwww..a.._\n_aaaaa...a._\n_a....aaVav_\n_..aa.aa1av_\n_a.ba.a.8av_\n_aaaa...akv_\n____________
LEVEL:147:__________\n_...w..w._\n_..w.fw.._\n_V12..v.w_\n_....w.w._\n_..ww...w_\n_F13.w.v._\n_.b.v...._\n_....W15._\n__________
LEVEL:148:__________\n_.....w.._\n_F13v...._\n_..V1..w._\n_.b..2..._\n_.W15...w_\n_.w...w.._\n_....w..._\n_B12.w.f._\n__________
LEVEL:149:__________\n_fwwwwwGF_\n_ggwwww11_\n_ggrwww03_\n_g...wwwW_\n_r....ww1_\n_.W19.R16_\n_.O18.1ww_\n_bB12b5.w_\n__________
LEVEL:150:__________\n_.......4_\n_.b..v.gb_\n_..lBOrv._\n_O131..F._\n_.sf2..f._\n_..w...bl_\n_...g.v.._\n_A.of.f.9_\n__________
LEVEL:151:__________\n_.B......_\n_.1..F13O_\n_.2bR...._\n_........_\n_......a._\n_........_\n_........_\n_...f...._\n__________
LEVEL:152:____________________\n_BWw..............._\n_11w.....G10......._\n_26w..wwwwwwww....._\n_www..woooooow....._\n_.....wooR15ow....._\n_.....woooooow....._\n_.....woborrow....._\n_.....woooooow....._\n_..wwwwwggggwwwww.._\n_..w............w.._\n_..w............w.._\n_..w............w.._\n_..wggg.........w.._\n_..wggg.....F13.w.._\n_..wfgg.........w.._\n_..wwwwwwwwwwwwww.._\n_.................._\n_.................._\n____________________
LEVEL:153:__________\n_L1.....O_\n_1......1_\n_8......9_\n_........_\n_F15.V12._\n_w.l.Kv.._\n_3.2.V..k_\n_.......k_\n__________
LEVEL:154:__________\n_B1gg..kb_\n_...v...._\n_......f3_\n_a3V12..._\n_........_\n_.g......_\n_K1.G...._\n_B1...F13_\n__________
LEVEL:155:__________\n_B12..G10_\n_...f...._\n_........_\n_gggggggg_\n_b......._\n_.....r.._\n_........_\n_F13..R15_\n__________
LEVEL:156:__________\n_.R.bll.f_\n_L18.lll._\n_.5..ll.r_\n_..r.ll.1_\n_..r.ll.l_\n_.F..ll.B_\n_B19.ll.1_\n_.3.....2_\n__________
LEVEL:157:__________\n_V12.r..._\n_R.rr2rw._\n_1r....wg_\n_4.ggrrwv_\n_gggF13aa_\n_r.gggggg_\n_a..rarar_\n_fargrara_\n__________
LEVEL:158:__________\n_B12..G10_\n_........_\n_gg..b.1._\n_Fgsr.r5._\n_.gsr.R.._\n_.gs....._\n_.gssss.._\n_.13S141F_\n__________
LEVEL:159:__________\n_B12..G10_\n_sss....._\n_gg..b.1._\n_Fgsr.r5._\n_.gsr.R.._\n_.gs....._\n_.gssss.._\n_.13S141F_\n__________
LEVEL:160:__________\n_kBK.w.b._\n_..1ww..._\n_..2w...._\n_wwww..V._\n_......1._\n_......3._\n_W18....._\n_.....B19_\n__________
LEVEL:161:__________\n_BK13gggG_\n_1rrrggR1_\n_2rbrgR16_\n_.rrrgg7g_\n_.ggggrgg_\n_.ggggggg_\n_.g..rggr_\n_.r.r.r.k_\n__________
LEVEL:162:__________\n_bwawaB12_\n_wawawawa_\n_awawawaw_\n_wawawawa_\n_awawawaw_\n_wawawawa_\n_awawawaw_\n_F13awawf_\n__________
LEVEL:163:__________\n_........_\n_.aaaaa.1_\n_.aabaa.3_\n_.aaaaa.._\n_........_\n_.A......_\n_.1......_\n_.2...B12_\n__________
LEVEL:164:__________\n_KRg...rs_\n_11.g..rr_\n_45.gg..._\n_.B13g..._\n_....wS12_\n_L...l..._\n_1.kkl.k._\n_0b.ll.k._\n__________
LEVEL:165:__________\n_VB12...3_\n_1o..o..._\n_4o..vK16_\n_oo.o...._\n_vobo.kk._\n_..o....._\n_..v..v.._\n_........_\n__________
LEVEL:166:__________\n_wfkwwwww_\n_lwwlwwlw_\n_sllsllsl_\n_.s......_\n_....b.s._\n_W16F13.._\n_..B19S14_\n_L18..B12_\n__________
LEVEL:167:__________\n_kk.k.kkk_\n_llo..o.k_\n_.lo..o.k_\n_.loooo.k_\n_.llll..k_\n_..looooo_\n_..lollll_\n_..lollll_\n_....llll_\n_........_\n_........_\n_L16....._\n_........_\n_........_\n_BK13...._\n_1......._\n_2.K17..._\n_b......._\n__________
LEVEL:168:_____________\n_..wwB12ww.._\n_..........._\n_..wwrwrww.._\n_..w.....w.._\n_W.Rw.b.wR.B_\n_1.w.....w.1_\n_6.w.....w.2_\n_w.w.......w_\n_w1.ww.ww.1w_\n_.........3._\n_..wwR15w..._\n_____________
LEVEL:169:_____________\n_B12F13fL17._\n_..........._\n_l.l.ll.ll.._\n_..........._\n_l.l..l..l.._\n_l..l..l...._\n_.l.....l.l._\n_ll.l.l.l..l_\n_..........._\n_..........._\n_b...B19.L18_\n_____________
LEVEL:170:__________\n_..b....._\n_B12.www._\n_K1.w.k.w_\n_...w...w_\n_....w.wF_\n_....wfw1_\n_.....w.3_\n_W17....._\n__________
LEVEL:171:_____________\n_B12S14F13ww_\n_S17O14W16bw_\n_wwwwwwwww.w_\n_wwwwww..osw_\n_wwwww..os.w_\n_wwww...so.w_\n_www...so..w_\n_ww.....so.w_\n_w......os.w_\n_........osw_\n_.......os.w_\n_w......so.w_\n_ww....so..w_\n_www....so.w_\n_wwww...os.w_\n_wwwww...osw_\n_wwwwww.os.w_\n_wwwwwwwwwfw_\n_____________
LEVEL:172:____________________\n_S16.........wwww.._\n_............wBFw.._\n_............w11w.._\n_............w23w.._\n_............wwww.._\n_...wwwwwwwww......_\n_...wosooooow......_\n_...wooooooow......_\n_...wooobosow......_\n_...wsooooosw......_\n_...woosoooow......_\n_...wwwwwwwww......_\n_.................._\n_.......f.........._\n_.................._\n_.................._\n_.................._\n_.................._\n____________________
LEVEL:173:__________\n_B12oo.b._\n_ooooo.F._\n_sosoo.1._\n_ofooo.3._\n_sosoo..._\n_oooooooo_\n_ooooO14o_\n_oooooooo_\n__________
LEVEL:174:____________________\n_wwowwf....Kwbwwow._\n_wB12wwF13.1w.wooWw_\n_wwbww.o.oA12.oo.1w_\n_LRwwV....o3o.wwo6r_\n_11.Br1......kwwwwg_\n_451.3..llll..wwwgg_\n_..4lwgwlllllllwwwg_\n_llllwvwllllllwK17w_\n____________________
LEVEL:175:__________\n_bsfgalro_\n_kwoBSFWA_\n_ROKGV213_\n_6750489w_\n_w.....ww_\n_w.wwwwWw_\n_w...vw1w_\n_B12V136w_\n__________
LEVEL:176:____________________\n_W........wwwwwwwww_\n_1wwwwwwwww......Kw_\n_6woooooowwR1.O.81w_\n_Kwooo3koww..3.1.9w_\n_1wkoooooww.......w_\n_4wo1kbkowwaaaaw.ww_\n_Awooooooww....oww._\n_1wK17ooowwb..woow._\n_9wwwwwwwwww.swoww._\n_Awwwwwwwwwwwlwwww._\n_1wb.....ww......w._\n_4wwwww.www.b.R..w._\n_Sw......ww.r.1..w._\n_1ww.wwwwww...5L.w._\n_4wrrrrrrww....1.w._\n_Bwrrfrrrww....8.w._\n_1wwwwwwwwwwwwwwww._\n_9R19F13L18R14B12.._\n____________________
LEVEL:177:__________\n_........_\n_S2..B12._\n_w...s..._\n_...7wooo_\n_.1.vooVo_\n_.3vbW1.6_\n_...voo2o_\n_V14.oO16_\n__________
LEVEL:178:____________________\n_WR1R.....wwwwwwwww_\n_1wwwwwwwww......Kw_\n_6wK17ooowwR1.O.81w_\n_Kwkooo3oww..3.1.9w_\n_1wkoooooww.......w_\n_4wo1kbkowwaaaaw.ww_\n_Awooooooww.....ww._\n_1woooooowwb..w..w._\n_9wwwwwwwwww.sw.ww._\n_Awwwwwwwwwwwlwwww._\n_1wb.....ww......w._\n_4wwwww.www.b.R..w._\n_Sw......ww.r.1..w._\n_1ww.wwwwww...5L.w._\n_4wrrrrrrww....1.w._\n_Bwrrfrrrww....8.w._\n_1wwwwwwwwwwwwwwww._\n_9R19F13L18R14B12.._\n____________________
LEVEL:179:__________\n_KF13K1K._\n_1f......_\n_4.wwwwwk_\n_B.wK1b.._\n_1.waA.6._\n_2WwvV.2._\n_w1wgG.0._\n_w6wlL.8._\n__________
LEVEL:180:____________________\n_S14W16...........V_\n_B12V18ww.........1_\n_G14S19..w........5_\n_.w.w..ww.........._\n_...www............_\n_.................._\n_.................._\n_....wwwwsw........_\n_...w.vb..w........_\n_..w..b...w........_\n_...w..b..w........_\n_....wwwwww........_\n_.................._\n_...O15........gggg_\n_...F13....gggggggg_\n_.........gggoooooo_\n_......ggggggoooooo_\n_..ggggggggggooooof_\n____________________
LEVEL:181:____________\n_L.kwB..K1r_\n_w.r..3.fos_\n_wS1.....s1_\n_g.r.W1..s4_\n_W.b......._\n_kk..rb.ff5_\n_9.B12....G_\n_.b.f.swgw1_\n_g.o...oO.0_\n_v.wwoRF1.f_\n____________
LEVEL:182:__________\n_K14....._\n_1k..k..._\n_.boL..k._\n_.A15..aa_\n_.b....b._\n_k...F.k._\n_..k.1..._\n_B12.lf13_\n__________
LEVEL:183:____________________\n_Wwvvvvvvvfvvvvvvvv_\n_1wvvvvvvv.vvvvvvvv_\n_6wvvvvvvv.vvvvvvvv_\n_Fwvvvvvvv.vvvvvvvv_\n_1wvvvvvvv.vvvvvvvv_\n_3wvvvvvvvvvvvvvvvv_\n_Vwvvvvvvvvvvvvvvvv_\n_1wvvvvvvvvvvvvvvvv_\n_4wvvvvvvvvvvvvvvvv_\n_wwvvvvvvvvvvwwwwww_\n_............r....._\n_............rRK.B._\n_...b..sss...r11.1._\n_..B12..S....r457.._\n_..B12..1....r....._\n_.......5....kw...._\n_.O1O........ww...._\n_............w....._\n____________________
BATCH:-1:0:0
BATCH:-1:1:1
BATCH:-1:2:2
BATCH:-1:3:3
BATCH:-1:4:4
BATCH:-1:5:5
BATCH:-1:6:6
BATCH:-1:7:7
BATCH:-1:8:8
BATCH:-1:9:9
BATCH:-1:10:10
BATCH:-1:11:11
BATCH:-1:12:12
BATCH:-1:13:13
BATCH:-1:14:14
BATCH:-1:15:15
BATCH:-1:16:16
BATCH:-1:17:17
BATCH:-1:18:18
BATCH:-1:19:19
BATCH:-1:20:20
BATCH:-1:21:21
BATCH:-1:22:22
BATCH:-1:23:23
BATCH:-1:24:24
BATCH:-1:25:25
BATCH:-1:26:26
BATCH:-1:27:27
BATCH:-1:28:28
BATCH:-1:29:29
BATCH:-1:30:30
BATCH:-1:31:31
BATCH:-1:32:32
BATCH:-1:33:33
BATCH:-1:34:34
BATCH:-1:35:35
BATCH:-1:36:36
BATCH:-1:37:37
BATCH:-1:38:38
BATCH:-1:39:39
BATCH:-1:40:40
BATCH:-1:41:41
BATCH:-1:42:42
BATCH:-1:43:43
BATCH:-1:44:44
BATCH:-1:45:45
BATCH:-1:46:46
BATCH:-1:47:47
BATCH:-1:48:48
BATCH:-1:49:49
BATCH:-1:50:50
BATCH:-1:51:51
BATCH:-1:52:52
BATCH:-1:53:53
BATCH:-1:54:54
BATCH:-1:55:55
BATCH:-1:56:56
BATCH:-1:57:57
BATCH:-1:58:58
BATCH:-1:59:59
BATCH:-1:60:60
BATCH:-1:61:61
BATCH:-1:62:62
BATCH:-1:63:63
BATCH:-1:64:64
BATCH:-1:65:65
BATCH:-1:66:66
BATCH:-1:67:67
BATCH:-1:68:68
BATCH:-1:69:69
BATCH:-1:70:70
BATCH:-1:71:71
BATCH:-1:72:72
BATCH:-1:73:73
BATCH:-1:74:74
BATCH:-1:75:75
BATCH:-1:76:76
BATCH:-1:77:77
BATCH:-1:78:78
BATCH:-1:79:79
BATCH:-1:80:80
BATCH:-1:81:81
BATCH:-1:82:82
BATCH:-1:83:83
BATCH:-1:84:84
BATCH:-1:85:85
BATCH:-1:86:86
BATCH:-1:87:87
BATCH:-1:88:88
BATCH:-1:89:89
BATCH:-1:90:90
BATCH:-1:91:91
BATCH:-1:92:92
BATCH:-1:93:93
BATCH:-1:94:94
BATCH:-1:95:95
BATCH:-1:96:96
BATCH:-1:97:97
BATCH:-1:98:98
BATCH:-1:99:99
BATCH:-1:100:100
BATCH:-1:101:101
BATCH:-1:102:102
BATCH:-1:103:103
BATCH:-1:104:104
BATCH:-1:105:105
BATCH:-1:106:106
BATCH:-1:107:107
BATCH:-1:108:108
BATCH:-1:109:109
BATCH:-1:110:110
BATCH:-1:111:111
BATCH:-1:112:112
BATCH:-1:113:113
BATCH:-1:114:114
BATCH:-1:115:115
BATCH:-1:116:116
BATCH:-1:117:117
BATCH:-1:118:118
BATCH:-1:119:119
BATCH:-1:120:120
BATCH:-1:121:121
BATCH:-1:122:122
BATCH:-1:123:123
BATCH:-1:124:124
BATCH:-1:125:125
BATCH:-1:126:126
BATCH:-1:127:127
BATCH:-1:128:128
BATCH:-1:129:129
BATCH:-1:130:130
BATCH:-1:131:131
BATCH:-1:132:132
BATCH:-1:133:133
BATCH:-1:134:134
BATCH:-1:135:135
BATCH:-1:136:136
BATCH:-1:137:137
BATCH:-1:138:138
BATCH:-1:139:139
BATCH:-1:140:140
BATCH:-1:141:141
BATCH:-1:142:142
BATCH:-1:143:143
BATCH:-1:144:144
BATCH:-1:145:145
BATCH:-1:146:146
BATCH:-1:147:147
BATCH:-1:148:148
BATCH:-1:149:149
BATCH:-1:150:150
BATCH:-1:151:151
BATCH:-1:152:152
BATCH:-1:153:153
BATCH:-1:154:154
BATCH:-1:155:155
BATCH:-1:156:156
BATCH:-1:157:157
BATCH:-1:158:158
BATCH:-1:159:159
BATCH:-1:160:160
BATCH:-1:161:161
BATCH:-1:162:162
BATCH:-1:163:163
BATCH:-1:164:164
BATCH:-1:165:165
BATCH:-1:166:166
BATCH:-1:167:167
BATCH:-1:168:168
BATCH:-1:169:169
BATCH:-1:170:170
BATCH:-1:171:171
BATCH:-1:172:172
BATCH:-1:173:173
BATCH:-1:174:174
BATCH:-1:175:175
BATCH:-1:176:176
BATCH:-1:177:177
BATCH:-1:178:178
BATCH:-1:179:179
BATCH:-1:180:180
BATCH:-1:181:181
BATCH:-1:182:182
BATCH:-1:183:183
EVAL_INSTANCE:0:0:1966
RUN_RESULT:0:0:0:1777:RRUUULUULURL
RUN_RESULT:0:0:1:2000:----
RUN_RESULT:0:0:2:7:UR
RUN_RESULT:0:0:3:2000:----
RUN_RESULT:0:0:4:2000:----
RUN_RESULT:0:0:5:97:DRRRUU
RUN_RESULT:0:0:6:72:UUUU
RUN_RESULT:0:0:7:2000:----
RUN_RESULT:0:0:8:2000:----
RUN_RESULT:0:0:9:4:R
RUN_RESULT:0:0:10:22:DDD
RUN_RESULT:0:0:11:161:DDDDDDDRRRRRU
RUN_RESULT:0:0:12:327:ULLLLDRDLRURUUUUULLLD
RUN_RESULT:0:0:13:2000:----
RUN_RESULT:0:0:14:435:RDRRRDDLDLUUDRRUULLLLDLUUUDRRULRRRRUUR
RUN_RESULT:0:0:15:2000:----
RUN_RESULT:0:0:16:2000:----
RUN_RESULT:0:0:17:41:LLUUUUUULLL
RUN_RESULT:0:0:18:2000:----
RUN_RESULT:0:0:19:2000:----
RUN_RESULT:0:0:20:350:DDDRDRRDUUUURR
RUN_RESULT:0:0:21:2000:----
RUN_RESULT:0:0:22:35:DDDR
RUN_RESULT:0:0:23:318:DDDLLDRRRR
RUN_RESULT:0:0:24:945:DLLDDDRDRRRR
RUN_RESULT:0:0:25:2000:----
RUN_RESULT:0:0:26:23:DLL
RUN_RESULT:0:0:27:89:RRDDDDRDDR
RUN_RESULT:0:0:28:2000:----
RUN_RESULT:0:0:29:798:RUDRULDURULRDDUR
RUN_RESULT:0:0:30:2000:----
RUN_RESULT:0:0:31:2000:----
RUN_RESULT:0:0:32:106:UUUUUURR
RUN_RESULT:0:0:33:1501:UURUUULLU
RUN_RESULT:0:0:34:2000:----
RUN_RESULT:0:0:35:2000:----
RUN_RESULT:0:0:36:29:RRR
RUN_RESULT:0:0:37:5:UU
RUN_RESULT:0:0:38:287:LDURRRRR
RUN_RESULT:0:0:39:1131:DLUDRRU
RUN_RESULT:0:0:40:1232:DDRDRDLRR
RUN_RESULT:0:0:41:2000:----
RUN_RESULT:0:0:42:1694:ULDULDLUURDUUL
RUN_RESULT:0:0:43:2000:----
RUN_RESULT:0:0:44:4:RLR
RUN_RESULT:0:0:45:2000:----
RUN_RESULT:0:0:46:2000:----
RUN_RESULT:0:0:47:2000:----
RUN_RESULT:0:0:48:2000:----
RUN_RESULT:0:0:49:2000:----
RUN_RESULT:0:0:50:7:DDR
RUN_RESULT:0:0:51:20:DDLDRRLLL
RUN_RESULT:0:0:52:79:DRRR
RUN_RESULT:0:0:53:477:URULULLURL
RUN_RESULT:0:0:54:2000:----
RUN_RESULT:0:0:55:2000:----
RUN_RESULT:0:0:56:2000:----
RUN_RESULT:0:0:57:2000:----
RUN_RESULT:0:0:58:104:DRRR
RUN_RESULT:0:0:59:2000:----
RUN_RESULT:0:0:60:1:U
RUN_RESULT:0:0:61:80:UULLDLLD
RUN_RESULT:0:0:62:29:DDDLL
RUN_RESULT:0:0:63:2000:----
RUN_RESULT:0:0:64:812:UUUUULUR
RUN_RESULT:0:0:65:328:DRDRRR
RUN_RESULT:0:0:66:1740:UUUDUDUUURRUUR
RUN_RESULT:0:0:67:2000:----
RUN_RESULT:0:0:68:2000:----
RUN_RESULT:0:0:69:2000:----
RUN_RESULT:0:0:70:2000:----
RUN_RESULT:0:0:71:2000:----
RUN_RESULT:0:0:72:362:URDRLL
RUN_RESULT:0:0:73:24:DDD
RUN_RESULT:0:0:74:12:DDD
RUN_RESULT:0:0:75:2000:----
RUN_RESULT:0:0:76:1866:UURRDDURWURDUUUWRUU
RUN_RESULT:0:0:77:1471:UUUULUU
RUN_RESULT:0:0:78:2000:----
RUN_RESULT:0:0:79:2000:----
RUN_RESULT:0:0:80:2000:----
RUN_RESULT:0:0:81:95:UUUURUURRURRRR
RUN_RESULT:0:0:82:2000:----
RUN_RESULT:0:0:83:60:RRRRR
RUN_RESULT:0:0:84:2000:----
RUN_RESULT:0:0:85:575:RURDD
RUN_RESULT:0:0:86:106:DRRRRD
RUN_RESULT:0:0:87:142:UUULUULDDDDUUUUUUUL
RUN_RESULT:0:0:88:211:UUULUULDDDLLDRRUUURUUUUL
RUN_RESULT:0:0:89:522:UURRDDRDR
RUN_RESULT:0:0:90:2000:----
RUN_RESULT:0:0:91:327:ULLLLDRDLRURUUUUULLLD
RUN_RESULT:0:0:92:2000:----
RUN_RESULT:0:0:93:1525:ULUDLL
RUN_RESULT:0:0:94:2000:----
RUN_RESULT:0:0:95:2000:----
RUN_RESULT:0:0:96:2000:----
RUN_RESULT:0:0:97:8:UUR
RUN_RESULT:0:0:98:2:L
RUN_RESULT:0:0:99:2000:----
RUN_RESULT:0:0:100:2000:----
RUN_RESULT:0:0:101:2000:----
RUN_RESULT:0:0:102:4:R
RUN_RESULT:0:0:103:2000:----
RUN_RESULT:0:0:104:2000:----
RUN_RESULT:0:0:105:2000:----
RUN_RESULT:0:0:106:1115:RUULLDLLDLURUUUURR
RUN_RESULT:0:0:107:2000:----
RUN_RESULT:0:0:108:2000:----
RUN_RESULT:0:0:109:2000:----
RUN_RESULT:0:0:110:2000:----
RUN_RESULT:0:0:111:2000:----
RUN_RESULT:0:0:112:138:DDRDRRDRDLLDLL
RUN_RESULT:0:0:113:18:DRR
RUN_RESULT:0:0:114:2000:----
RUN_RESULT:0:0:115:2000:----
RUN_RESULT:0:0:116:2000:----
RUN_RESULT:0:0:117:2000:----
RUN_RESULT:0:0:118:2000:----
RUN_RESULT:0:0:119:2000:----
RUN_RESULT:0:0:120:2000:----
RUN_RESULT:0:0:121:2000:----
RUN_RESULT:0:0:122:32:DDRRR
RUN_RESULT:0:0:123:45:DDRR
RUN_RESULT:0:0:124:1222:DDDDDDDDRRRR
RUN_RESULT:0:0:125:111:RRDRDR
RUN_RESULT:0:0:126:10:URR
RUN_RESULT:0:0:127:48:DDDDL
RUN_RESULT:0:0:128:2000:----
RUN_RESULT:0:0:129:219:RURURUU
RUN_RESULT:0:0:130:2000:----
RUN_RESULT:0:0:131:2000:----
RUN_RESULT:0:0:132:245:UUUURRRRRRR
RUN_RESULT:0:0:133:1284:RRLURURDD
RUN_RESULT:0:0:134:2000:----
RUN_RESULT:0:0:135:2000:----
RUN_RESULT:0:0:136:111:RRDRDR
RUN_RESULT:0:0:137:48:DDDDL
RUN_RESULT:0:0:138:1337:DDDDDDRRRR
RUN_RESULT:0:0:139:2000:----
RUN_RESULT:0:0:140:120:UUUUURRURRRR
RUN_RESULT:0:0:141:2000:----
RUN_RESULT:0:0:142:1196:LLDDUUUUUURR
RUN_RESULT:0:0:143:2000:----
RUN_RESULT:0:0:144:477:URULULLURL
RUN_RESULT:0:0:145:1557:URUURURRU
RUN_RESULT:0:0:146:2000:----
RUN_RESULT:0:0:147:7:UL
RUN_RESULT:0:0:148:2000:----
RUN_RESULT:0:0:149:75:UUUDDLUL
RUN_RESULT:0:0:150:2000:----
RUN_RESULT:0:0:151:209:DDDDDR
RUN_RESULT:0:0:152:2000:----
RUN_RESULT:0:0:153:2000:----
RUN_RESULT:0:0:154:30:DRRR
RUN_RESULT:0:0:155:332:RRDRRRDRUUUULLLU
RUN_RESULT:0:0:156:604:LDURRRRR
RUN_RESULT:0:0:157:2000:----
RUN_RESULT:0:0:158:2000:----
RUN_RESULT:0:0:159:2000:----
RUN_RESULT:0:0:160:2000:----
RUN_RESULT:0:0:161:2000:----
RUN_RESULT:0:0:162:41:DDDDDDRRRDRRRR
RUN_RESULT:0:0:163:2000:----
RUN_RESULT:0:0:164:2000:----
RUN_RESULT:0:0:165:371:RRURUULLDDRRRUUDDD
RUN_RESULT:0:0:166:234:ULLDLDRRDUUULUULU
RUN_RESULT:0:0:167:2000:----
RUN_RESULT:0:0:168:2000:----
RUN_RESULT:0:0:169:2000:----
RUN_RESULT:0:0:170:306:DDUDD
RUN_RESULT:0:0:171:2000:----
RUN_RESULT:0:0:172:214:DDDDD
RUN_RESULT:0:0:173:64:DDDLL
RUN_RESULT:0:0:174:2000:----
RUN_RESULT:0:0:175:124:RRRRRDULLL
RUN_RESULT:0:0:176:2000:----
RUN_RESULT:0:0:177:2000:----
RUN_RESULT:0:0:178:2000:----
RUN_RESULT:0:0:179:2000:----
RUN_RESULT:0:0:180:2000:----
RUN_RESULT:0:0:181:2000:----
RUN_RESULT:0:0:182:2000:----
RUN_RESULT:0:0:183:2000:----
The time of execution is: 599.9551954269409 s
