pygame 2.2.0 (SDL 2.30.7, Python 3.8.10)
Hello from the pygame community. https://www.pygame.org/contribute.html
LEVEL:0:_________________\n_....gg.....l..._\n_....gg.....l..._\n_....gg.....l..._\n_.b..gg.....l..._\n_....gg.....l..._\n_....gg.....l..._\n_....gg.....l..._\n_....gg.B12.l..f_\n_....gg.....l..._\n_K...gg.....l..._\n_B12.gg..k..l..._\n_....gg.....l..._\n_....gg.....l..._\n_....gg.G10.l..._\n_....gg.....l..._\n_....gg.....lF13_\n_....gg.....l..._\n_....gg.....lL14_\n_________________
BATCH:0:0:0
TRAINING ON LEVEL:25
of 184 levels
---LEVEL STRING---
_________________
_....gg.....l..._
_....gg.....l..._
_....gg.....l..._
_.b..gg.....l..._
_....gg.....l..._
_....gg.....l..._
_....gg.....l..._
_....gg.B12.l..f_
_....gg.....l..._
_K...gg.....l..._
_B12.gg..k..l..._
_....gg.....l..._
_....gg.....l..._
_....gg.G10.l..._
_....gg.....l..._
_....gg.....lF13_
_....gg.....l..._
_....gg.....lL14_
_________________
---LEVEL STRING---
TRACK:0;-1;-1;4;6;3;1;5;6;6;6;1;2;15;15;6;17;1;1;4;6;5;4;16;2;6;0;2;17;18;5;19;3;1;1;13;15;6;25;6;6;4;5;3;19
TRACK:1;-1;-1;1;0;1;0;6;1;6;6;0;0;11;13;0;24;25;2;0;0;1;11;18;5;13;0;5;19;1;16;16;1;0;2;23;-2.2571701295058633;11;5;14;6;1;16;13;6;0;2;4;5;4;9;0;6;6;19;5;6;7;-8.027529548669474;6;1;4;2;7;0.07010987965106708;9;2;1;18;14;0;13;16;4;4;5;2;3;1;5;21;8.72293539427383;4;10;5;6;0;10;20;9.760890453417513;0;6;5;2;4;6;6;6;12;4;2;5;2;18;18;2;3;20;-1.309421897974218;6;21;8.619756525285762;5;3;0;5;3;4;0;16;17;0;0;2;2;12;20;-7.142345868378386;2;13;22;7.201771128708472;4;1;23;1.9260129348463444;25;6;6;1;10;25;5;4;6;2;2;5;5;5;5;24;3;6;1;5;7;0.5327554097370673;4;8;5;3;2;6;2;19;23;-4.7855461444313185;6;6;19
TRACK:2;-1;-1;4;1;4;3;0;2;2;1;1;2;19;20;-4.142185303395147;0;8;23;-1.4602899930131628;1;3;19;6;16;1;5;0;18;10;5;1;18;21;-9.826680263377368;2;3;6;0;13;17;4;4;1;25;9;5;6;1;4;6;22;-2.0582719638834;2;1;22;2.6848393667379593;17;4;8;6;2;6;3;0;1;2;1;19;12;3;14;1;3;9;1;7;-7.3461643690864475;14;3;3;3;25;5;6;3;6;5;4;25
TRACK:3;-1;-1;5;0;5;6;0;5;5;4;6;2;23;-9.425875259368343;23;6.351964638882649;6;2;6;0;0;22;-5.7053140582007185;15;2;13;8;0;1;4;14;5;9;2;2;22;-2.8628063595721738;8;3;13;3;0;4;1;3;3;5;6;22;6.502010675018717;2;1;5;0;7;2.951350615301049;22;3.1091386531019545;5;1;8;18;2;2;1;9;10;1;12;21;0.4828827554892712;2;5;7;-5.060335771358783;3;24;0;4;5;2;0;2;23;-5.9151488629807725;17;4;11;4;0;11;25;4;2;4;5;6;19;5;0;3;15;2;13;18
TRACK:4;-1;-1;3;5;2;3;6;2;5;4;4;6;15;1;3;2;3;19;6;22;-0.03499774720603632;3;5;4;11;4;4;3;4;3;0;3;24;5;25
TRACK:5;-1;-1;1;5;3;1;0;4;5;1;2;3;9;5;23;7.309737645474968;1;6;7;0.3218028824642367;3;11;4;6;6;1;6;16;2;7;-5.854091696762859;22;3.66350285320285;1;0;3;4;6;2;25;10;1;4;6;4;15;5;0;6;22;-9.58565805499974;4;8;0;6;0;6;1;19;23;-3.587308483082352;0;5;25;1;11;12;4;5;6;3;22;-9.350739913168448;0;6;5;5;6;4;0;3;4;11;4;6;23;3.393492578825029;4;2;0;0;0;2;0;2;14;18;3;18;5;3;7;-7.279508601903622;0;4;6;22;6.945105059765922;3;4;14;4;5;3;0;20;-2.748115565306861;20;4.594253372334986;6;5;4;5;1;16;19;2;4;2;6;1;6;14;3;21;9.356815312735755;2;4;0;25;21;7.75724703552433;1;1;17;10;3;17;5;0;4;0;5;24;0;25;9;0;3;5;24;0;2;17;10;0;16;11
TRACK:6;-1;-1;4;0;1;3;5;3;3;5;5;4;19;2;3;1;2;1;5;1;14;12;4;1;15;18;0;5;2;11;7;3.3949546236874166;1;1;21;0.15781845565135022;24;6;14;6;6;6;5;14;6;4;6;0;3;3;9;0;2;19;17;3;15;6;4;2;0;0;6;6;1;21;-0.8411316608662993;22;-5.721673982302146;0;1;6;16;4;14;1;0;9;7;3.452318748288228;5;25;5;4;5;3;12;3;2;2;6;1;25;25;3;6;7;5.598869455374256;6;6;1;17;22;-0.8355763743440541
TRACK:7;-1;-1;0;4;4;0;1;4;4;5;5;5;8;5;1;4;1;0;15;23;9.010026579099339;4;21;7.603077435577408;2;3;1;21;0.8741299139996013;20;-9.727771496719013;1;5;25;4;8;0;1;6;5;3;1;7;1.1694286702868357;22;4.9607544345329515;5;3;5;4;22;9.67370061750217;0;4;1;6;4;8;6;1;24;12;1;1;6;1;9;8;1;6;21;-8.244041740037652;3;7;-8.343934600877203;6;5;3;25;6;3;5;1;6;2;1;1;4;25;1;19;10;6;3;9;1;2;0;16;20;-8.356452856661015;4;19;2;2;16;15;1;17;20;-4.716407496205484;3;0;0;0;4;25;4;16;4;1;23;3.4058139379531127;12;3;0;2;23;7.997450742602297;20;4.678946297741202;1;21;8.169859715769505;11
TRACK:8;-1;-1;6;4;2;0;4;3;6;1;6;6;11;1;1;23;-6.194829372622004;8;0;23;-6.448084404665872;22;-2.585017750253062;6;4;0;1;3;4;7;-1.796785627472408;2;4;25;1;24;15;3;3;0;24;18;5;3;2;6;6;4;4;10;1;2;4;3;14;2;5;8;3;20;9.74776600337508;1;1;5;12;3;25;5;2;12;15
TRACK:9;-1;-1;4;1;2;6;3;3;3;1;6;6;24;5;1;13;13;2;2;5;5;1;0;5;9;4;11;4;6;16;2;4;1;3;3;13;3;5;15;2;6;3;5;14;6;0;6;15;4;9;0;2;4;5;4;6;22;2.665848916495923;4;4;4;2;18;16;1;6;1;6;3;10;2;5;19;6;8;4;6;2;0;13;11;3;20;-4.756331604557056;4;4;2;2;5;1;3;5;14;0;6;21;7.707510668684343;6;14;2;0;4;6;21;6.112383433580128;4;5;24;6;0;3;25;1;9;16;2;0;5;1;0;16;9;6;10;2;4;5;15;4;6;24;6;0;5;6;15;6;1;10;13
EVAL_INSTANCE:0:0:0
EVAL_INSTANCE:0:1:1
EVAL_INSTANCE:0:2:2
EVAL_INSTANCE:0:3:3
EVAL_INSTANCE:0:4:4
EVAL_INSTANCE:0:5:5
EVAL_INSTANCE:0:6:6
EVAL_INSTANCE:0:7:7
EVAL_INSTANCE:0:8:8
EVAL_INSTANCE:0:9:9
RUN_RESULT:0:0:0:2000:----
RUN_RESULT:0:1:0:2000:----
RUN_RESULT:0:2:0:2000:----
RUN_RESULT:0:3:0:2000:----
RUN_RESULT:0:4:0:2000:----
RUN_RESULT:0:5:0:2000:----
RUN_RESULT:0:6:0:2000:----
RUN_RESULT:0:7:0:2000:----
RUN_RESULT:0:8:0:2000:----
RUN_RESULT:0:9:0:2000:----
=================================================
n_gen  |  n_eval  |     f_avg     |     f_min    
=================================================
     1 |       10 |  0.000000E+00 | -0.000000E+00
TRACK:10;1;9;1;0;1;0;6;1;6;6;0;0;11;13;0;24;25;2;0;0;1;11;18;5;13;0;5;19;6;21;6.112383433580128;1;0;2;23;-2.2571701295058633;11;5;14;6;1;16;13;6;0;2;4;5;4;9;0;6;6;19;5;6;7;-8.027529548669474;6;1;4;2;7;0.07010987965106708;9;2;1;18;14;0;13;16;4;4;5;2;3;1;5;21;8.72293539427383;4;10;5;6;0;10;20;9.760890453417513;0;6;5;2;4;6;6;6;12;4;2;5;2;18;18;2;3;20;-1.309421897974218;6;21;8.619756525285762;5;3;0;5;3;4;0;16;17;0;0;2;2;12;20;-7.142345868378386;2;13;22;7.201771128708472;4;1;23;1.9260129348463444;25;6;6;1;10;25;5;4;6;2;2;5;5;5;5;24;3;6;1;5;7;0.5327554097370673;4;8;5;3;2;6;2;19;23;-4.7855461444313185;6;6;19
TRACK:11;1;9;4;1;2;6;3;3;3;1;6;6;24;5;1;13;13;2;7;0.5327554097370673;0;2;4;5;4;6;22;2.665848916495923;4;4;4;2;18;16;1;6;1;6;3;10;2;5;19;6;8;4;6;2;0;13;11;3;20;-4.756331604557056;4;4;2;2;5;1;3;5;14;0;6;21;7.707510668684343;6;14;2;0;4;6;21;6.112383433580128;4;5;24;6;0;3;25;1;9;16;2;0;5;1;0;16;9;6;10;2;4;5;15;4;6;24;6;0;5;6;15;6;1;10;13
TRACK:12;2;7;4;1;4;3;0;2;2;1;1;2;19;20;-4.142185303395147;0;8;23;-1.4602899930131628;1;3;19;6;16;1;5;0;18;10;5;1;18;21;-9.826680263377368;2;3;6;0;13;17;4;4;1;25;9;5;6;1;4;6;22;-2.0582719638834;2;1;22;2.6848393667379593;17;4;8;6;2;6;3;0;1;2;1;19;12;3;14;1;3;9;1;7;-7.3461643690864475;14;3;3;4;16;5;6;3;6;5;4;25
TRACK:13;2;7;0;4;4;0;1;4;4;5;5;5;8;5;1;4;1;0;15;23;9.010026579099339;4;21;7.603077435577408;2;3;1;21;0.8741299139996013;20;-9.727771496719013;1;5;25;4;8;0;1;6;5;3;1;7;1.1694286702868357;22;4.9607544345329515;5;3;5;4;22;9.67370061750217;0;4;1;6;4;8;6;1;24;12;1;1;6;1;9;8;1;6;21;-8.244041740037652;3;7;-8.343934600877203;6;5;3;25;6;3;5;1;6;2;1;1;4;25;1;19;10;6;3;9;1;2;0;16;20;-8.356452856661015;4;19;2;2;16;15;1;17;20;-4.716407496205484;3;0;0;18;10;3;0;2;23;7.997450742602297;20;4.678946297741202;1;21;8.169859715769505;11
TRACK:14;8;2;6;4;2;0;4;3;6;1;6;6;11;1;1;23;-6.194829372622004;8;0;23;-6.448084404665872;22;-2.585017750253062;3;3;25;5;3;2;6;6;4;4;10;1;2;4;3;14;2;5;8;3;20;9.74776600337508;1;1;5;12;3;25;5;2;12;15
TRACK:15;8;2;4;1;4;3;0;2;2;1;1;2;19;20;-4.142185303395147;0;8;23;-1.4602899930131628;1;3;19;6;16;1;3;14;5;1;18;21;-9.826680263377368;2;3;6;0;13;17;4;4;1;25;9;5;6;1;4;6;22;-2.0582719638834;2;1;22;2.6848393667379593;17;4;8;6;2;6;3;0;1;2;1;19;12;3;14;1;3;9;1;7;-7.3461643690864475;14;3;3;3;25;5;6;3;6;5;4;25
TRACK:16;8;1;6;4;2;0;4;3;6;1;6;6;11;1;1;23;-6.194829372622004;8;0;23;-6.448084404665872;22;-2.585017750253062;6;4;0;1;3;4;7;-1.796785627472408;2;4;25;1;24;10;3;3;0;24;18;5;3;2;6;6;4;4;10;1;2;4;3;14;2;5;8;3;20;9.74776600337508;1;1;5;12;3;25;5;2;12;15
TRACK:17;8;1;1;0;1;0;6;1;6;6;0;0;11;13;0;24;25;2;0;0;1;11;18;5;13;0;5;19;1;16;16;1;0;2;23;-2.2571701295058633;11;5;14;6;1;16;13;6;0;2;4;5;4;9;0;6;6;19;5;6;7;-8.027529548669474;6;1;4;2;7;0.07010987965106708;9;2;1;18;14;0;13;16;4;4;5;2;3;1;5;21;8.72293539427383;4;22;-2.585017750253062;5;6;0;10;20;9.760890453417513;0;6;5;2;4;6;6;6;12;4;2;5;2;18;18;2;3;20;-1.309421897974218;6;21;8.619756525285762;5;3;0;5;3;4;0;16;17;0;0;2;2;12;20;-7.142345868378386;2;13;22;7.201771128708472;4;1;23;1.9260129348463444;25;6;6;1;10;25;5;4;6;2;2;5;5;5;5;24;3;6;1;5;7;0.5327554097370673;4;8;5;3;2;6;2;19;23;-4.7855461444313185;6;6;19
TRACK:18;0;6;4;6;3;1;5;6;6;6;1;2;15;15;6;17;1;1;4;6;5;4;16;2;6;0;2;17;18;5;19;3;1;1;13;15;6;25;6;6;17
TRACK:19;0;6;4;0;1;3;5;3;3;5;5;4;19;2;3;1;2;1;5;1;14;12;4;1;15;18;0;5;2;11;7;3.3949546236874166;1;1;21;0.15781845565135022;24;6;14;6;6;6;5;14;6;4;6;0;3;3;9;0;2;19;17;3;15;6;4;2;0;0;6;6;1;21;-0.8411316608662993;22;-5.721673982302146;0;1;6;16;4;14;1;16;5;25;5;4;5;3;12;3;2;2;6;1;25;25;3;6;7;5.598869455374256;6;6;1;17;22;-0.8355763743440541
TRACK:20;1;-1;1;0;1;0;6;1;6;6;0;0;11;13;0;24;25;2;0;0;1;11;18;5;13;0;5;19;1;16;16;1;0;2;23;-2.1852121726713345;11;5;14;6;1;16;13;6;0;2;4;5;4;9;0;6;6;19;5;6;7;-8.098420399482352;6;1;4;2;7;0.10873148406395763;9;2;1;18;14;0;13;16;4;4;5;2;3;1;5;21;8.771581402516977;4;10;5;6;0;10;20;9.70646361364645;0;6;5;2;4;6;6;6;12;4;2;5;2;18;18;2;3;20;-1.253934317258801;6;21;8.627223387220699;5;3;0;5;3;4;0;16;17;0;0;2;2;12;20;-7.053276521740581;2;13;22;7.306026488343213;4;1;23;2.041659982394969;25;6;6;1;10;25;5;4;6;2;2;5;5;5;5;24;3;6;1;5;7;0.528191840371474;4;8;5;3;2;6;2;19;23;-4.916462975739262;3;23;9.628416948782938
TRACK:21;2;-1;4;4;2;21;-8.377424332497704;18
TRACK:22;14;-1;6;4;2;0;4;3;6;1;6;6;11;1;1;23;-6.116493583671398;8;0;23;-6.560801719974918;22;-2.3422146810447835;3;3;25;3;6;2;11;24
TRACK:23;16;-1;6;4;2;0;4;3;6;1;6;6;11;1;1;23;-6.156926342339831;8;0;23;-6.458063353103173;22;-2.5051659678747735;6;4;0;1;3;5;22;4.977716095158996;2;4;25;1;24;10;3;3;0;24;18;5;3;2;6;6;4;4;10;1;2;4;3;14;2;5;8;3;20;9.78570079182721;1;1;5;12;3;25;5;2;12;15
TRACK:24;18;-1;4;6;3;1;5;6;6;6;1;2;15;15;6;17;1;1;4;6;5;3;11;2;6;0;2;17;18;5;19;3;1;1;13;15;6;25;6;6;17
TRACK:25;9;-1;4;1;2;6;3;3;3;1;6;6;24;5;1;13;13;2;2;5;5;1;0;5;9;4;11;4;6;16;2;4;1;3;3;13;3;5;15;2;6;3;5;14;6;0;6;15;4;9;0;2;4;5;4;6;22;2.6656371656141253;4;4;4;2;18;16;1;6;1;6;3;10;2;5;19;6;8;4;6;2;0;13;11;3;20;-4.663724014243148;4;4;2;2;5;1;3;5;14;0;6;21;7.708516174968595;6;14;2;0;4;6;21;6.145560927859185;4;5;24;6;0;3;25;1;9;16;2;0;5;1;1;25;25;6;10;2;4;5;15;4;6;24;6;0;5;6;15;6;1;10;13
TRACK:26;7;-1;0;4;4;0;1;4;4;5;5;5;8;5;1;4;1;0;8;23;9.113561080122626;4;21;7.650691884398162;2;3;1;21;0.9206987546547997;20;-9.78468212823755;1;5;25;4;8;0;1;6;5;3;1;7;1.1808617510313961;22;4.909434071616313;5;3;5;4;22;9.647294006289007;0;4;1;6;4;8;6;1;24;12;1;1;6;1;9;8;1;6;21;-8.218023726914538;3;7;-8.253057799684546;6;5;3;25;6;3;5;1;6;2;1;1;4;25;1;19;10;6;3;9;1;2;0;16;20;-8.23187951866408;4;19;2;2;16;15;1;17;20;-4.648481753397345;3;0;0;0;4;25;4;16;4;1;23;3.255718873585214;12;3;0;2;23;7.8724288994166525;20;4.656543379925595;1;21;8.145977992637887;11
TRACK:27;15;-1;4;1;4;3;0;2;2;1;1;2;19;20;-4.032239724770748;0;8;23;-1.3528946905339558;1;3;19;6;16;1;3;14;5;1;18;21;-9.781072025088955;2;3;6;0;13;17;4;4;1;25;9;6;1;24;14;6;2;6;3;0;1;2;1;19;12;3;14;1;3;9;1;7;-7.367976135498315;14;3;3;3;25;5;6;3;6;5;4;25
TRACK:28;17;-1;1;0;1;0;6;1;6;6;0;0;11;13;0;24;25;2;0;0;1;11;18;5;13;0;5;19;1;16;19;1;0;2;23;-2.0972305374436226;11;5;14;6;1;16;13;6;0;2;4;5;4;9;0;6;6;19;5;6;7;-7.8763423192723625;6;1;4;2;7;0.10302862898577603;9;2;1;18;14;0;13;16;4;4;5;2;3;1;5;21;8.800171213145164;4;22;-2.5475054727560056;5;6;0;10;20;9.788053817627832;0;6;5;2;4;6;6;6;12;4;2;5;2;18;18;2;3;20;-1.327180317740382;6;21;8.616932641526427;5;3;0;5;3;4;0;16;17;0;0;2;2;12;20;-6.996574449117315;2;13;22;7.282106806052024;4;1;23;2.052653964845569;25;6;6;1;10;25;5;4;6;2;2;5;5;5;5;24;3;6;1;5;7;0.6448663671700948;4;8;5;3;2;6;2;19;23;-4.722068672576025;6;6;19
TRACK:29;19;-1;4;0;1;3;5;3;3;5;5;4;19;2;3;1;2;1;5;1;14;12;4;1;15;18;0;5;2;11;7;3.5589162554422407;1;1;21;0.1501578396930645;24;6;14;6;6;6;5;14;6;4;6;0;3;3;9;0;2;19;17;3;15;6;4;2;0;0;6;6;1;21;-0.7724052904424614;22;-5.7978553685003105;0;1;6;16;4;14;1;16;5;25;5;4;5;3;12;3;2;2;6;1;25;25;3;6;7;5.514570481552434;6;6;1;19;22;-0.7110009158662222
EVAL_INSTANCE:1:0:20
EVAL_INSTANCE:1:1:21
EVAL_INSTANCE:1:2:22
EVAL_INSTANCE:1:3:23
EVAL_INSTANCE:1:4:24
EVAL_INSTANCE:1:5:25
EVAL_INSTANCE:1:6:26
EVAL_INSTANCE:1:7:27
EVAL_INSTANCE:1:8:28
EVAL_INSTANCE:1:9:29
RUN_RESULT:1:0:0:2000:----
RUN_RESULT:1:1:0:2000:----
RUN_RESULT:1:2:0:2000:----
RUN_RESULT:1:3:0:2000:----
RUN_RESULT:1:4:0:2000:----
RUN_RESULT:1:5:0:2000:----
RUN_RESULT:1:6:0:2000:----
RUN_RESULT:1:7:0:2000:----
RUN_RESULT:1:8:0:2000:----
RUN_RESULT:1:9:0:2000:----
     2 |       20 |  0.000000E+00 | -0.000000E+00
TRACK:30;1;3;1;0;1;0;6;1;6;6;0;0;11;13;0;24;25;2;0;0;1;11;18;5;13;0;5;19;1;16;16;1;0;2;23;-2.2571701295058633;11;5;14;6;1;16;13;6;0;2;4;5;4;9;0;6;6;19;5;6;7;-8.027529548669474;6;1;4;2;7;0.07010987965106708;9;2;1;18;14;0;13;16;4;4;5;2;3;1;5;21;8.72293539427383;4;10;5;6;0;10;20;9.760890453417513;0;6;5;2;4;6;6;6;12;4;2;5;2;18;18;2;3;20;-1.309421897974218;6;21;8.619756525285762;5;3;0;5;3;4;0;16;17;0;0;2;2;12;20;-7.142345868378386;2;13;22;7.201771128708472;4;1;23;1.9260129348463444;25;6;6;1;10;25;5;4;6;2;2;5;5;5;5;24;3;6;1;5;7;0.5327554097370673;4;8;5;3;2;6;2;19;23;-4.7855461444313185;6;22;-2.8628063595721738
TRACK:31;1;3;5;0;5;6;0;5;5;4;6;2;23;-9.425875259368343;23;6.351964638882649;6;2;6;0;0;22;-5.7053140582007185;15;2;13;8;0;1;4;14;5;9;2;2;22;-2.8628063595721738;8;3;13;3;0;4;1;3;3;5;6;25;2;1;5;0;7;2.951350615301049;22;3.1091386531019545;5;1;8;18;2;2;1;9;10;1;12;21;0.4828827554892712;2;5;7;-5.060335771358783;3;24;0;4;5;2;0;2;23;-5.9151488629807725;17;4;11;4;0;11;25;4;2;4;5;6;19;5;0;3;15;2;13;18
TRACK:32;7;8;0;4;4;0;1;4;4;5;5;5;8;5;1;4;1;0;15;23;9.010026579099339;4;21;7.603077435577408;2;3;1;21;0.8741299139996013;20;-9.727771496719013;1;5;25;4;8;0;1;6;5;3;1;7;1.1694286702868357;22;4.9607544345329515;5;3;5;7;-1.796785627472408;0;4;1;6;4;8;6;1;24;12;1;1;6;1;9;8;1;6;21;-8.244041740037652;3;7;-8.343934600877203;6;5;3;25;6;3;5;1;6;2;1;1;4;25;1;19;10;6;3;9;1;2;0;16;20;-8.356452856661015;4;19;2;2;16;15;1;17;20;-4.716407496205484;3;0;0;0;4;25;4;16;4;1;23;3.4058139379531127;12;3;0;2;23;7.997450742602297;20;4.678946297741202;1;21;8.169859715769505;11
TRACK:33;7;8;6;4;2;0;4;3;6;1;6;6;11;1;1;23;-6.194829372622004;8;0;23;-6.448084404665872;22;-2.585017750253062;6;4;0;1;3;4;7;-1.796785627472408;2;4;25;1;24;15;3;3;0;24;18;5;3;2;6;6;4;4;10;1;2;4;3;14;2;5;25;3;20;9.74776600337508;1;1;5;12;3;25;5;2;12;15
TRACK:34;6;1;4;0;1;3;5;3;3;5;5;4;19;2;3;1;2;1;5;1;14;12;4;1;15;18;0;5;2;11;7;3.3949546236874166;1;1;21;0.15781845565135022;24;6;14;6;6;6;5;14;6;4;6;0;3;3;7;0.5327554097370673;0;2;19;17;3;15;6;4;2;0;0;6;6;1;21;-0.8411316608662993;22;-5.721673982302146;0;1;6;16;4;14;1;0;9;7;3.452318748288228;5;25;5;4;5;3;12;3;2;2;6;1;25;25;3;6;7;5.598869455374256;6;6;1;17;22;-0.8355763743440541
TRACK:35;6;1;1;0;1;0;6;1;6;6;0;0;11;13;0;24;25;2;0;0;1;11;18;5;13;0;5;19;1;16;16;1;0;2;23;-2.2571701295058633;11;5;14;6;1;16;13;6;0;2;4;5;4;9;0;6;6;19;5;6;7;-8.027529548669474;6;1;4;2;7;0.07010987965106708;9;2;1;18;14;0;13;16;4;4;5;2;3;1;5;21;8.72293539427383;4;10;5;6;0;10;20;9.760890453417513;0;6;5;2;4;6;6;6;12;4;2;5;2;18;18;2;3;20;-1.309421897974218;6;21;8.619756525285762;5;3;0;5;14;0;0;2;2;12;20;-7.142345868378386;2;13;22;7.201771128708472;4;1;23;1.9260129348463444;25;6;6;1;10;25;5;4;6;2;2;5;5;5;5;24;3;6;1;5;7;0.5327554097370673;4;8;5;3;2;6;2;19;23;-4.7855461444313185;6;6;19
TRACK:36;9;2;4;1;2;6;3;3;3;1;6;6;24;5;1;13;13;2;2;5;5;1;0;5;9;4;11;4;6;16;2;4;1;3;3;13;3;5;15;2;6;3;5;14;6;0;6;15;4;9;0;2;4;5;4;6;22;2.665848916495923;4;4;4;2;18;16;1;6;1;6;3;10;2;5;19;6;8;4;6;2;0;13;11;3;20;-4.756331604557056;4;4;2;2;5;1;3;5;25;0;6;21;7.707510668684343;6;14;2;0;4;6;21;6.112383433580128;4;5;24;6;0;3;25;1;9;16;2;0;5;1;0;16;9;6;10;2;4;5;15;4;6;24;6;0;5;6;15;6;1;10;13
TRACK:37;9;2;4;1;4;3;0;2;2;1;1;2;19;20;-4.142185303395147;0;8;23;-1.4602899930131628;1;3;8;6;16;1;5;0;18;10;5;1;18;21;-9.826680263377368;2;3;6;0;13;17;4;4;1;25;9;5;6;1;4;6;22;-2.0582719638834;2;1;22;2.6848393667379593;17;4;8;6;2;6;3;0;1;2;1;19;12;3;14;1;3;9;1;7;-7.3461643690864475;14;3;3;3;25;5;6;3;6;5;4;25
TRACK:38;4;3;3;5;0;4;5;2;0;2;23;-5.9151488629807725;17;4;11;4;0;11;25;4;2;4;5;6;19;5;0;3;15;2;13;18
TRACK:39;4;3;5;0;5;6;0;5;5;4;6;2;23;-9.425875259368343;23;6.351964638882649;6;2;6;0;0;22;-5.7053140582007185;15;2;13;8;0;1;4;14;5;9;2;2;22;-2.8628063595721738;8;3;13;3;0;4;1;3;3;5;6;22;6.502010675018717;2;1;5;0;7;2.951350615301049;22;3.1091386531019545;5;1;8;18;2;2;1;9;10;1;12;21;0.4828827554892712;2;5;7;-5.060335771358783;3;24;0;4;5;2;0;2;23;-5.9151488629807725;17;4;11;4;0;11;25;3;0;3;24;5;25
TRACK:40;30;-1;1;0;1;0;6;1;6;6;0;0;11;13;0;24;25;2;0;0;1;11;18;5;13;0;5;19;1;16;16;1;0;2;23;-2.298520319801059;11;5;14;6;1;16;13;6;0;2;4;5;4;9;0;6;6;19;5;6;7;-7.892795596226786;6;1;4;2;7;0.14711086956940472;9;2;1;18;14;0;13;16;4;4;5;2;3;1;5;21;8.8059613224831;4;10;5;6;0;10;20;9.682362809953675;0;6;5;2;4;6;6;6;12;4;2;5;2;18;18;2;3;20;-1.4323271650962137;6;21;8.418000291795787;5;3;4;6;6;6;9;5;4;6;2;2;5;5;5;5;24;3;6;1;5;7;0.35158395742307347;4;8;5;3;2;6;2;19;23;-4.7004586503267625;6;22;-2.724594539188357
TRACK:41;32;-1;0;4;4;0;1;4;4;5;5;5;8;5;1;4;1;0;15;23;9.053144583887558;4;21;7.659159197041968;2;3;1;21;0.9206710365096475;20;-9.622295356421407;1;5;25;4;8;0;1;6;5;0;18;11;5;3;5;7;-1.5171442587795643;0;4;1;6;4;8;6;1;24;12;1;1;6;1;9;8;1;6;21;-8.169871076385617;3;7;-8.394630717652124;6;5;3;25;6;3;5;1;6;2;1;1;4;25;1;19;10;6;3;9;1;2;0;16;20;-8.236225153968059;4;19;2;2;16;15;1;17;20;-4.872097902910887;3;0;0;0;4;25;4;16;4;1;23;3.3487427580040516;12;3;0;2;23;8.113648617833457;20;4.693383979524877;1;21;8.219868795293488;11
TRACK:42;34;-1;4;0;1;3;5;3;3;5;5;4;19;2;3;1;2;1;5;1;14;12;4;1;9;18;0;5;2;11;7;3.4518156146814607;1;1;21;0.2705622557724553;24;6;14;6;6;6;5;14;6;4;6;0;3;3;7;0.5494688640352403;0;2;19;17;3;15;6;4;2;0;0;6;6;1;21;-0.8561471787494663;22;-5.775013328825628;0;1;6;16;4;14;1;0;9;7;3.3240836815685197;5;25;5;4;5;3;12;3;2;2;6;1;25;25;3;6;7;5.73519290009221;6;6;1;17;22;-0.7685672430538553
TRACK:43;36;-1;4;1;2;6;3;3;3;1;6;6;24;5;1;13;13;2;2;5;5;1;0;5;9;4;11;4;6;16;2;4;1;3;3;13;3;4;7;6.148892307555972;2;6;3;5;14;6;0;6;15;4;9;0;2;4;5;4;6;22;2.7260602897594053;4;4;4;2;18;16;1;6;1;6;3;10;2;5;19;6;8;4;6;2;0;13;11;3;20;-4.679332393149651;4;4;2;2;5;1;3;5;25;0;6;21;7.794051031578093;6;14;2;0;4;6;21;6.056893350572941;4;5;24;6;0;3;25;1;9;16;2;0;5;1;0;16;9;6;10;2;4;5;15;4;6;24;6;0;5;6;15;6;1;10;13
TRACK:44;38;-1;3;5;0;4;5;2;0;2;23;-5.968459458760627;17;4;11;4;0;11;25;4;2;4;5;1;6;1;18;11;3;5;19;5;0;3;15;2;13;18
TRACK:45;31;-1;5;0;5;6;0;5;5;4;6;2;22;1.4738161010838127;20;-7.636348512952667;6;2;6;0;0;22;-5.735646353439913;15;2;13;8;0;1;4;14;5;9;2;2;22;-3.007634026954525;8;3;13;3;0;4;1;3;3;5;6;25;2;1;5;0;7;2.972512010721534;22;3.150612677487045;5;1;8;18;2;2;1;9;10;1;12;21;0.46462800877000954;2;5;7;-5.063649527881809;3;24;0;4;5;2;0;2;23;-5.881787659766843;17;4;11;4;0;11;25;4;2;4;5;6;19;5;0;3;15;2;13;18
TRACK:46;33;-1;6;4;2;0;4;3;6;1;6;6;11;1;1;23;-6.358108516012625;8;0;23;-6.503124458734577;22;-2.488225615312869;6;4;0;1;3;4;7;-1.7922835344776196;2;4;25;1;24;15;3;3;0;24;18;5;3;2;6;6;4;4;10;1;2;4;3;14;2;5;25;3;20;9.858756906242062;1;1;5;12;3;25;5;3;12
TRACK:47;35;-1;1;0;1;0;6;1;6;6;0;0;11;13;0;24;25;2;0;0;1;11;18;5;13;0;5;19;1;16;16;1;0;2;23;-2.116744810220893;11;5;14;6;1;16;13;6;0;2;4;5;4;9;0;6;6;19;5;6;7;-8.007087245176235;6;1;4;2;7;0.24033733512779898;9;2;1;18;14;0;13;16;4;4;5;2;3;1;5;21;8.533583566583362;4;10;5;6;0;10;20;9.70107045903164;0;6;5;2;4;6;6;6;12;4;2;5;2;18;18;2;3;20;-1.2560978315320126;6;21;8.598706198583457;5;3;0;5;14;0;0;2;2;12;20;-7.039578629179308;2;13;22;7.285085189225112;4;1;23;1.9128619675469198;25;6;6;1;10;25;5;4;6;2;6;3;2;3;9;2;14;13;5;3;2;6;2;19;23;-4.733835564034435;6;6;19
TRACK:48;37;-1;4;1;4;3;0;2;2;1;1;2;19;20;-4.274626377398271;0;8;23;-1.478098498225906;1;3;8;6;16;1;5;0;18;10;5;1;18;21;-9.820629025095691;2;3;6;0;13;17;4;4;1;25;9;5;6;1;4;6;22;-2.0161996321306725;2;1;22;2.739073350341553;17;4;8;6;2;6;3;0;1;2;1;19;12;3;14;1;3;9;1;10;14;3;3;3;25;5;6;3;6;5;4;25
TRACK:49;39;-1;5;0;5;6;0;5;5;4;6;2;23;-9.488204313872151;23;6.4162649208762454;6;2;6;0;0;22;-5.7986598872177195;15;2;13;8;0;1;4;14;5;9;2;2;22;-2.986098774575764;8;3;13;3;0;4;1;3;3;5;6;22;6.352123488142256;2;1;3;5;16;5;1;8;18;2;2;1;9;10;1;12;21;0.5023792457951874;2;5;7;-4.872641667481349;3;24;0;4;5;2;0;2;23;-5.846198626881451;17;4;11;4;0;11;25;3;0;3;24;5;25
EVAL_INSTANCE:2:0:40
EVAL_INSTANCE:2:1:41
EVAL_INSTANCE:2:2:42
EVAL_INSTANCE:2:3:43
EVAL_INSTANCE:2:4:44
EVAL_INSTANCE:2:5:45
EVAL_INSTANCE:2:6:46
EVAL_INSTANCE:2:7:47
EVAL_INSTANCE:2:8:48
EVAL_INSTANCE:2:9:49
RUN_RESULT:2:0:0:2000:----
RUN_RESULT:2:1:0:2000:----
RUN_RESULT:2:2:0:2000:----
RUN_RESULT:2:3:0:2000:----
RUN_RESULT:2:4:0:2000:----
RUN_RESULT:2:5:0:2000:----
RUN_RESULT:2:6:0:2000:----
RUN_RESULT:2:7:0:2000:----
RUN_RESULT:2:8:0:2000:----
RUN_RESULT:2:9:0:2000:----
     3 |       30 |  0.000000E+00 | -0.000000E+00
TRACK:50;3;0;5;0;5;6;0;5;5;4;6;2;23;-9.425875259368343;23;6.351964638882649;6;2;6;0;0;22;-5.7053140582007185;15;2;13;8;0;1;4;14;5;9;2;2;22;-2.8628063595721738;8;3;13;3;0;4;1;5;3;19;2;1;5;0;7;2.951350615301049;22;3.1091386531019545;5;1;8;18;2;2;1;9;10;1;12;21;0.4828827554892712;2;5;7;-5.060335771358783;3;24;0;4;5;2;0;2;23;-5.9151488629807725;17;4;11;4;0;11;25;4;2;4;5;6;19;5;0;3;15;2;13;18
TRACK:51;3;0;4;6;3;1;7;2.951350615301049;1;1;4;6;5;4;16;2;6;0;2;17;18;5;19;3;1;1;13;15;6;25;6;6;4;5;3;19
TRACK:52;1;6;1;0;1;0;6;1;6;6;0;0;11;13;0;24;25;2;0;0;1;11;18;5;13;0;5;19;1;16;16;1;0;2;23;-2.2571701295058633;11;5;14;6;1;16;13;6;0;2;4;5;4;9;0;6;6;19;5;6;7;-8.027529548669474;6;1;4;2;7;0.07010987965106708;9;2;1;18;17;0;13;16;4;4;5;2;3;1;5;21;8.72293539427383;4;10;5;6;0;10;20;9.760890453417513;0;6;5;2;4;6;6;6;12;4;2;5;2;18;18;2;3;20;-1.309421897974218;6;21;8.619756525285762;5;3;0;5;3;4;0;16;17;0;0;2;2;12;20;-7.142345868378386;2;13;22;7.201771128708472;4;1;23;1.9260129348463444;25;6;6;1;10;25;5;4;6;2;2;5;5;5;5;24;3;6;1;5;7;0.5327554097370673;4;8;5;3;2;6;2;19;23;-4.7855461444313185;6;6;19
TRACK:53;1;6;4;0;1;3;5;3;3;5;5;4;19;2;3;1;2;1;5;1;14;12;4;1;15;18;0;5;2;11;7;3.3949546236874166;1;1;21;0.15781845565135022;24;6;14;6;6;6;5;14;6;4;6;0;3;3;9;0;2;19;17;3;15;6;4;2;0;0;6;6;1;21;-0.8411316608662993;22;-5.721673982302146;0;1;6;16;4;14;1;0;9;7;3.452318748288228;5;25;5;4;5;3;12;3;2;2;6;1;25;25;3;6;7;5.598869455374256;6;6;1;17;18
TRACK:54;7;8;0;4;4;0;1;4;4;5;5;5;8;5;1;4;1;0;15;23;9.010026579099339;4;21;7.603077435577408;2;3;1;21;0.8741299139996013;20;-9.727771496719013;1;5;25;4;8;0;1;6;5;3;1;12;22;4.9607544345329515;5;3;5;4;22;9.67370061750217;0;4;1;6;4;8;6;1;24;12;1;1;6;1;9;8;1;6;21;-8.244041740037652;3;7;-8.343934600877203;6;5;3;25;6;3;5;1;6;2;1;1;4;25;1;19;10;6;3;9;1;2;0;16;20;-8.356452856661015;4;19;2;2;16;15;1;17;20;-4.716407496205484;3;0;0;0;4;25;4;16;4;1;23;3.4058139379531127;12;3;0;2;23;7.997450742602297;20;4.678946297741202;1;21;8.169859715769505;11
TRACK:55;7;8;6;4;2;0;4;3;6;1;6;6;11;1;1;23;-6.194829372622004;8;0;23;-6.448084404665872;22;-2.585017750253062;6;4;0;1;3;4;7;-1.796785627472408;2;4;25;1;24;15;3;3;0;24;18;5;3;2;6;6;4;4;10;1;2;4;3;14;2;5;8;3;20;-9.727771496719013;1;1;5;12;3;25;5;2;12;15
TRACK:56;0;9;4;6;3;1;5;1;13;13;1;1;4;6;5;4;16;2;6;0;2;17;18;5;19;3;1;1;13;15;6;25;6;6;4;5;3;19
TRACK:57;0;9;4;1;2;6;3;3;3;1;6;6;24;5;1;13;13;2;2;5;5;1;0;5;9;4;11;18;2;4;1;3;3;13;3;5;15;2;6;3;5;14;6;0;6;15;4;9;0;2;4;5;4;6;22;2.665848916495923;4;4;4;2;18;16;1;6;1;6;3;10;2;5;19;6;8;4;6;2;0;13;11;3;20;-4.756331604557056;4;4;2;2;5;1;3;5;14;0;6;21;7.707510668684343;6;14;2;0;4;6;21;6.112383433580128;4;5;24;6;0;3;25;1;9;16;2;0;5;1;0;16;9;6;10;2;4;5;15;4;6;24;6;0;5;6;15;6;1;10;13
TRACK:58;2;5;4;1;4;3;0;2;2;1;1;2;19;20;-4.142185303395147;0;8;23;-1.4602899930131628;1;3;19;6;16;1;5;0;18;10;5;1;18;21;-9.826680263377368;2;3;6;0;13;17;4;4;1;25;9;5;6;1;4;6;22;-2.0582719638834;2;1;22;2.6848393667379593;17;4;8;6;2;6;3;5;24;5;6;3;6;5;4;25
TRACK:59;2;5;1;5;3;1;0;4;5;1;2;3;9;5;23;7.309737645474968;1;6;7;0.3218028824642367;3;11;4;6;6;1;6;16;2;7;-5.854091696762859;22;3.66350285320285;1;0;3;4;6;2;25;10;1;4;6;22;2.6848393667379593;5;0;6;22;-9.58565805499974;4;8;0;6;0;6;1;19;23;-3.587308483082352;0;5;25;1;11;12;4;5;6;3;22;-9.350739913168448;0;6;5;5;6;4;0;3;4;11;4;6;23;3.393492578825029;4;2;0;0;0;2;0;2;14;18;3;18;5;3;7;-7.279508601903622;0;4;6;22;6.945105059765922;3;4;14;4;5;3;0;20;-2.748115565306861;20;4.594253372334986;6;5;4;5;1;16;19;2;4;2;6;1;6;14;3;21;9.356815312735755;2;4;0;25;21;7.75724703552433;1;1;17;10;3;17;5;0;4;0;5;24;0;25;9;0;3;5;24;0;2;17;10;0;16;11
TRACK:60;50;-1;5;0;5;6;0;5;5;4;6;2;23;-9.487561155946402;23;6.390221164734193;6;2;6;0;0;22;-5.571376542846519;15;2;13;8;0;1;4;14;5;9;2;2;22;-3.0081784449715636;8;3;13;3;0;4;1;5;3;19;2;1;5;0;7;2.8629669161925064;22;3.1089529559831552;5;1;8;18;2;2;1;9;10;1;12;23;1.4034236450524684;2;5;7;-4.957331853224129;3;24;0;4;5;2;0;2;23;-6.053185173743661;17;4;11;4;0;11;25;4;2;4;5;6;19;5;0;3;15;2;13;18
TRACK:61;1;-1;1;0;1;0;6;1;6;6;0;0;11;13;0;24;25;2;0;0;1;11;18;5;13;0;5;19;1;16;16;1;0;2;23;-2.3865762147316896;11;5;14;6;1;16;13;6;0;2;4;5;4;9;0;6;6;19;5;6;21;-1.1658121910814074;6;1;4;2;7;-0.10250565558206676;9;2;1;18;14;0;13;16;4;4;5;2;3;1;5;21;8.615541912516555;4;10;5;6;0;10;20;9.666691474880217;0;6;5;2;4;6;6;6;12;4;2;5;2;18;18;2;3;20;-1.2760428593575015;6;21;8.617849753194196;5;3;0;5;3;4;0;16;17;0;0;2;2;12;20;-7.112933342719585;2;13;22;7.0363585789270156;4;1;23;2.0041813704777347;25;6;6;1;10;25;5;4;6;2;2;5;5;5;5;24;3;6;1;5;7;0.43773713200140163;4;8;5;3;2;6;2;19;23;-4.756675528912339;6;6;19
TRACK:62;54;-1;0;4;4;0;1;4;4;5;5;5;8;5;1;4;1;0;15;23;9.028684191436039;4;21;7.634556903075354;2;5;4;20;-2.6001882791085063;1;5;25;4;8;0;1;6;5;3;1;12;22;4.803349254594409;5;3;5;4;22;9.709600389787932;0;4;1;6;4;8;6;1;24;12;1;1;6;1;9;8;1;6;21;-8.05386074941381;3;7;-8.333985202726481;6;5;3;25;6;3;5;1;6;2;1;1;4;25;1;19;10;6;3;9;1;2;0;16;20;-8.333846177301922;4;19;2;2;16;15;1;17;20;-4.7039692922832765;3;0;0;0;4;25;4;16;4;1;23;3.304593745375359;12;3;0;2;23;7.882848116354843;20;4.698250400837538;1;21;8.332241802748616;11
TRACK:63;56;-1;4;6;3;1;5;1;13;13;1;1;4;6;5;4;16;2;6;0;2;17;18;5;19;3;3;0;23;-7.537504427451269;25;6;6;4;5;3;19
TRACK:64;58;-1;4;1;4;3;0;2;2;1;1;2;19;20;-4.032015768064157;0;8;23;-1.5320263352019012;1;3;19;6;16;6;16;2;3;6;0;13;17;4;4;1;25;9;5;6;1;4;6;22;-1.9387133842706772;2;1;22;2.729672272958951;17;4;8;6;2;6;3;5;24;5;6;3;6;5;4;25
TRACK:65;51;-1;4;6;3;1;7;2.6315291740565048;1;1;4;6;5;4;16;2;6;0;2;17;18;5;19;3;1;1;13;15;6;25;6;6;4;5;2;17;19
TRACK:66;6;-1;4;0;1;3;5;3;3;5;5;4;19;2;3;1;2;1;5;1;14;12;4;1;15;18;0;5;2;11;7;3.352311359277648;1;1;21;0.18166332363310808;24;6;14;6;6;6;5;14;6;4;6;0;3;3;9;0;2;19;17;3;15;6;4;2;0;0;6;6;1;21;-0.8394594533293146;22;-5.682427965204936;0;1;6;16;4;14;1;0;9;7;3.550260305528325;5;25;5;4;5;3;12;3;2;2;6;1;25;25;3;6;7;5.606658801267598;5;21;-6.452778369177475
TRACK:67;55;-1;6;4;2;0;4;3;6;1;6;6;11;1;1;23;-6.154092581219876;8;0;23;-6.509471377839038;22;-2.489999438140353;6;4;0;1;3;4;7;-1.8726046337167854;2;4;25;1;24;15;3;3;0;24;18;5;3;2;0;4;14;3;24;1;2;4;3;14;2;5;8;3;20;-10.0;1;1;5;12;3;25;5;2;12;15
TRACK:68;57;-1;4;1;2;6;3;3;3;1;6;6;24;5;1;13;13;2;2;5;5;1;0;5;9;4;11;18;2;4;1;3;3;13;3;5;15;2;6;3;5;14;6;0;6;15;4;9;0;2;4;5;4;6;22;2.7340529459565666;4;4;4;2;18;16;1;6;1;6;3;10;2;5;19;6;8;4;6;2;0;13;11;3;20;-4.874596209657765;4;4;2;2;5;1;3;5;14;0;6;21;7.633441067070681;6;14;2;0;4;6;21;6.112758021241196;4;5;24;6;0;3;25;1;9;16;2;0;5;1;0;16;9;6;10;2;4;5;15;4;6;24;6;0;5;6;15;6;1;24;13
TRACK:69;59;-1;1;5;3;1;0;4;5;1;2;3;9;5;23;7.363054749016952;1;6;18;3;11;4;6;6;1;6;16;2;7;-5.970949145786901;22;3.619122551088979;1;0;3;4;6;2;25;10;1;4;6;22;2.795033819139989;5;0;6;22;-9.688271728690918;4;8;0;6;0;6;1;19;23;-3.664834974258947;0;5;25;1;11;12;4;5;6;3;22;-9.262146604282089;0;6;5;5;6;4;0;3;4;11;4;6;23;3.4406910663539945;4;2;0;0;0;2;0;2;14;18;3;18;5;3;7;-7.1632883383120225;0;4;6;22;6.813369734141118;3;4;14;4;5;3;0;20;-2.8157091741725244;20;4.50296613145572;6;5;4;5;1;16;19;2;4;2;6;1;6;14;3;21;9.460562631334778;2;4;0;25;21;7.6961672839876885;1;1;17;10;3;17;5;0;4;0;5;24;0;25;9;0;3;5;24;0;2;17;10;0;16;11
EVAL_INSTANCE:3:0:60
EVAL_INSTANCE:3:1:61
EVAL_INSTANCE:3:2:62
EVAL_INSTANCE:3:3:63
EVAL_INSTANCE:3:4:64
EVAL_INSTANCE:3:5:65
EVAL_INSTANCE:3:6:66
EVAL_INSTANCE:3:7:67
EVAL_INSTANCE:3:8:68
EVAL_INSTANCE:3:9:69
RUN_RESULT:3:0:0:2000:----
RUN_RESULT:3:1:0:2000:----
RUN_RESULT:3:2:0:2000:----
RUN_RESULT:3:3:0:2000:----
RUN_RESULT:3:4:0:2000:----
RUN_RESULT:3:5:0:2000:----
RUN_RESULT:3:6:0:2000:----
RUN_RESULT:3:7:0:2000:----
RUN_RESULT:3:8:0:2000:----
RUN_RESULT:3:9:0:2000:----
     4 |       40 |  0.000000E+00 | -0.000000E+00
TRACK:70;1;0;1;0;1;0;6;1;6;6;0;0;11;13;0;24;25;2;0;0;1;11;18;5;13;0;5;19;1;16;16;1;0;2;23;-2.2571701295058633;11;5;14;6;1;16;13;6;0;2;4;5;4;9;0;6;6;19;5;6;7;-8.027529548669474;6;1;4;2;7;0.07010987965106708;9;2;1;18;14;0;13;16;4;4;5;2;3;1;5;21;8.72293539427383;4;10;5;6;0;10;20;9.760890453417513;0;6;5;2;4;6;6;6;12;4;2;5;2;18;18;2;3;20;-1.309421897974218;6;21;8.619756525285762;5;3;0;5;3;4;0;16;17;0;0;2;2;12;20;-7.142345868378386;2;13;22;7.201771128708472;4;1;23;1.9260129348463444;25;6;6;1;10;19;5;4;6;2;2;5;5;5;5;24;3;6;1;5;7;0.5327554097370673;4;8;5;3;2;6;2;19;23;-4.7855461444313185;6;6;19
TRACK:71;1;0;4;6;3;1;5;6;24;1;1;4;6;5;4;16;2;6;0;2;17;18;5;19;3;1;1;13;15;6;25;6;6;4;5;3;19
TRACK:72;2;7;4;1;4;3;0;2;2;1;1;2;19;20;-4.142185303395147;0;8;23;-1.4602899930131628;1;3;19;6;16;1;5;0;18;10;5;1;18;21;-9.826680263377368;2;3;6;0;13;17;4;4;1;25;9;5;6;1;4;6;22;-2.0582719638834;2;1;22;2.6848393667379593;17;4;8;6;2;16;5;6;3;6;5;4;25
TRACK:73;2;7;0;4;4;0;1;4;4;5;5;5;8;5;1;4;1;0;15;23;9.010026579099339;4;21;7.603077435577408;2;3;1;21;0.8741299139996013;20;-9.727771496719013;1;5;25;4;8;0;1;6;5;3;1;7;1.1694286702868357;22;4.9607544345329515;5;3;5;4;22;9.67370061750217;0;4;1;6;4;8;6;1;24;12;1;1;6;1;9;8;1;6;21;-8.244041740037652;3;7;-8.343934600877203;6;5;3;25;6;3;5;1;6;2;1;1;4;25;1;19;10;6;3;9;1;2;0;16;20;-8.356452856661015;4;19;2;2;16;15;1;17;20;-4.716407496205484;3;0;0;0;4;25;4;16;4;1;23;3.4058139379531127;12;3;0;2;23;7.997450742602297;25;1;21;8.169859715769505;11
TRACK:74;6;1;4;0;1;3;5;3;3;5;5;4;19;2;3;1;2;1;5;1;14;12;4;1;15;16;0;5;2;11;7;3.3949546236874166;1;1;21;0.15781845565135022;24;6;14;6;6;6;5;14;6;4;6;0;3;3;9;0;2;19;17;3;15;6;4;2;0;0;6;6;1;21;-0.8411316608662993;22;-5.721673982302146;0;1;6;16;4;14;1;0;9;7;3.452318748288228;5;25;5;4;5;3;12;3;2;2;6;1;25;25;3;6;7;5.598869455374256;6;6;1;17;22;-0.8355763743440541
TRACK:75;6;1;1;0;1;0;6;1;6;6;0;0;11;13;0;24;25;2;0;0;1;11;18;5;12;0;5;19;1;16;16;1;0;2;23;-2.2571701295058633;11;5;14;6;1;16;13;6;0;2;4;5;4;9;0;6;6;19;5;6;7;-8.027529548669474;6;1;4;2;7;0.07010987965106708;9;2;1;18;14;0;13;16;4;4;5;2;3;1;5;21;8.72293539427383;4;10;5;6;0;10;20;9.760890453417513;0;6;5;2;4;6;6;6;12;4;2;5;2;18;18;2;3;20;-1.309421897974218;6;21;8.619756525285762;5;3;0;5;3;4;0;16;17;0;0;2;2;12;20;-7.142345868378386;2;13;22;7.201771128708472;4;1;23;1.9260129348463444;25;6;6;1;10;25;5;4;6;2;2;5;5;5;5;24;3;6;1;5;7;0.5327554097370673;4;8;5;3;2;6;2;19;23;-4.7855461444313185;6;6;19
TRACK:76;9;2;4;1;2;6;3;3;3;1;6;6;24;5;1;13;13;2;2;5;5;1;0;5;9;4;11;4;6;16;2;4;1;3;3;13;3;5;15;2;6;3;5;14;6;0;6;15;4;9;0;2;4;5;4;6;22;2.665848916495923;4;4;4;2;21;-9.826680263377368;16;1;6;1;6;3;10;2;5;19;6;8;4;6;2;0;13;11;3;20;-4.756331604557056;4;4;2;2;5;1;3;5;14;0;6;21;7.707510668684343;6;14;2;0;4;6;21;6.112383433580128;4;5;24;6;0;3;25;1;9;16;2;0;5;1;0;16;9;6;10;2;4;5;15;4;6;24;6;0;5;6;15;6;1;10;13
TRACK:77;9;2;4;1;4;3;0;2;2;1;1;2;19;20;-4.142185303395147;0;8;23;-1.4602899930131628;1;3;19;5;15;1;5;0;18;10;5;1;18;21;-9.826680263377368;2;3;6;0;13;17;4;4;1;25;9;5;6;1;4;6;22;-2.0582719638834;2;1;22;2.6848393667379593;17;4;8;6;2;6;3;0;1;2;1;19;12;3;14;1;3;9;1;7;-7.3461643690864475;14;3;3;3;25;5;6;3;6;5;4;25
TRACK:78;3;8;5;0;5;6;0;5;5;4;6;2;23;-9.425875259368343;23;6.351964638882649;6;2;6;0;0;22;-5.7053140582007185;15;2;13;8;0;1;4;14;5;9;2;2;22;-2.8628063595721738;8;3;13;3;0;4;1;3;3;5;6;22;6.502010675018717;2;8;2;2;1;9;10;1;12;21;0.4828827554892712;2;5;7;-5.060335771358783;3;24;0;4;5;2;0;2;23;-5.9151488629807725;17;4;11;4;0;11;25;4;2;4;5;6;19;5;0;3;15;2;13;18
TRACK:79;3;8;6;4;2;0;4;3;6;1;6;6;11;1;1;23;-6.194829372622004;8;0;23;-6.448084404665872;22;-2.585017750253062;6;4;0;1;3;4;7;-1.796785627472408;2;4;25;1;24;15;3;3;0;24;18;5;0;22;-5.7053140582007185;15
TRACK:80;70;-1;1;0;1;0;6;1;5;7;6.62327794429201;2;0;0;1;11;18;5;13;0;5;19;1;16;16;1;0;2;23;-2.3281428009072322;11;5;14;6;1;16;13;6;0;2;4;5;4;9;0;6;6;19;5;6;7;-7.8402255431596375;6;1;4;2;7;0.13201910003979594;9;2;1;18;14;0;13;16;4;4;5;2;3;1;5;21;8.919661723639527;4;10;5;6;0;10;20;9.660488053948516;0;6;5;2;4;6;6;6;12;4;2;5;2;18;18;2;3;20;-1.2867727407201872;6;21;8.507930551329915;5;3;0;5;3;4;0;16;17;0;0;2;2;12;20;-7.224153179409674;2;13;22;7.265651124254873;4;1;23;1.9598793223511564;25;6;6;1;10;19;5;4;6;2;2;5;5;5;5;24;3;6;1;5;7;0.519071100462829;4;8;5;3;2;6;2;19;23;-4.8317600977938895;6;6;19
TRACK:81;72;-1;4;1;4;3;0;2;2;1;1;2;19;20;-4.175184237121369;0;8;23;-1.3043077841531103;1;3;19;6;16;1;5;0;18;10;5;1;18;21;-9.778298453784938;2;3;6;0;13;17;4;4;1;25;9;5;6;1;4;6;22;-2.0083233898139246;2;1;22;2.6008423247158476;17;4;8;6;2;16;5;6;3;6;5;4;25
TRACK:82;74;-1;4;0;1;3;5;3;3;5;5;4;19;2;3;1;2;1;5;1;14;12;4;1;15;16;0;5;2;11;7;3.389617669628917;1;1;21;0.39945825277764613;24;6;14;6;6;6;5;14;6;4;6;0;3;3;9;0;2;19;17;3;15;6;4;2;0;0;6;6;1;7;4.213285279594077;22;-5.6495368301232585;0;1;6;16;4;14;1;0;9;7;3.514702252265929;5;25;5;4;5;3;12;3;2;2;6;1;25;25;3;6;7;5.618444649806666;6;6;1;17;22;-0.9834904515080244
TRACK:83;76;-1;4;1;2;6;3;3;3;1;6;6;24;5;1;13;13;2;2;5;5;1;0;5;9;4;11;4;6;16;2;4;1;3;3;13;3;5;15;2;6;3;5;14;6;0;6;15;4;9;0;2;4;5;4;6;22;2.4746581506263183;4;4;4;2;21;-9.79182757285427;16;1;6;1;6;3;10;2;5;19;6;8;4;6;2;0;13;11;3;20;-4.704138538704549;4;4;2;2;5;1;3;5;14;0;6;21;7.55295699696819;4;22;1.112642806269811;2;0;4;6;21;6.052338162771761;4;5;24;6;0;3;25;1;9;16;2;0;5;1;0;16;9;6;10;2;4;5;15;4;6;24;6;0;5;6;15;6;1;10;13
TRACK:84;78;-1;5;0;5;6;0;5;5;4;6;2;23;-9.389612871015375;23;6.270796515359011;6;2;6;0;0;22;-5.918461527314711;15;2;13;8;0;1;4;14;5;9;2;2;22;-2.8984778149341275;8;3;13;3;0;4;1;3;3;5;6;22;6.280209225401964;2;8;2;2;1;9;10;1;12;21;0.4852826711480501;2;5;7;-5.04255487424858;3;24;0;4;5;2;0;2;23;-6.008372812005504;17;4;11;4;0;11;25;4;2;4;5;6;9;5;0;3;15;2;13;18
TRACK:85;71;-1;4;6;3;1;5;6;24;1;5;2;1;4;21;-8.771891367541727;2;24;13;5;1;18;14;6;6;4;5;3;19
TRACK:86;73;-1;0;4;4;0;1;4;4;5;5;5;8;5;1;4;1;0;15;23;9.356144914097996;4;21;7.511918710303633;2;3;1;21;0.6927759385781807;20;-9.727522209974882;1;5;25;4;8;0;1;6;5;3;1;7;1.1381743667002984;22;4.912835878133259;5;3;5;4;22;9.643506280053678;0;4;1;6;4;8;6;1;24;12;1;1;6;1;9;10;1;6;21;-8.437308266866616;3;7;-8.275403328392251;6;5;3;25;6;3;5;1;6;2;1;1;4;25;1;19;10;6;3;9;1;2;0;16;20;-8.44902385704018;4;19;2;2;16;15;1;17;20;-4.6690793336239205;3;0;0;0;4;25;4;16;4;1;23;3.473498556319904;12;3;0;2;23;7.941314958127979;25;1;21;8.40851474385168;11
TRACK:87;75;-1;1;0;1;0;6;1;6;6;0;0;11;13;0;24;25;2;0;0;1;11;18;5;12;3;2;8;22;-9.636498040522703;1;0;2;23;-2.3720227337993176;11;5;14;6;1;16;13;6;0;2;4;5;4;9;0;6;6;19;5;6;7;-7.929797905547313;6;1;4;2;7;0.09652002624603681;9;2;1;18;14;0;13;16;4;4;5;2;3;1;5;21;8.715725677156358;4;10;5;6;0;10;20;9.757840007266832;0;6;5;2;4;6;6;6;12;4;2;5;2;18;18;2;3;20;-1.3036149012587088;6;21;8.509809590080895;5;3;0;5;3;4;0;16;17;0;0;2;2;12;20;-7.006091124045529;2;13;22;7.288445082927383;4;1;23;1.9667122910160106;25;6;6;1;10;25;5;4;6;2;2;5;5;5;5;24;3;6;1;5;7;0.6644280098377524;4;8;5;3;2;6;2;19;23;-4.687935260813624;6;6;19
TRACK:88;77;-1;4;1;4;3;0;2;2;1;1;2;19;20;-4.080267778161625;0;8;23;-1.6118973815686657;1;3;19;5;15;1;5;0;18;10;5;1;18;21;-9.604968650808997;2;3;6;0;13;17;4;4;1;25;9;5;6;1;4;6;22;-2.2044444777392065;2;1;22;2.6911931576408668;17;4;8;6;2;6;3;0;1;2;1;19;12;3;14;1;3;9;1;7;-7.340219418585806;14;3;3;3;25;5;6;3;2;2;0;7;-6.665956153399664;13;4;25;4;0;8;8
TRACK:89;79;-1;6;4;2;0;4;3;6;1;6;6;11;1;1;23;-6.2115942136327345;8;0;23;-6.481272832230822;22;-2.5783908710824766;6;4;1;18;23;2.7797875617136185;5;0;22;-5.646378954988408;15
EVAL_INSTANCE:4:0:80
EVAL_INSTANCE:4:1:81
EVAL_INSTANCE:4:2:82
EVAL_INSTANCE:4:3:83
EVAL_INSTANCE:4:4:84
EVAL_INSTANCE:4:5:85
EVAL_INSTANCE:4:6:86
EVAL_INSTANCE:4:7:87
EVAL_INSTANCE:4:8:88
EVAL_INSTANCE:4:9:89
RUN_RESULT:4:0:0:2000:----
RUN_RESULT:4:1:0:2000:----
RUN_RESULT:4:2:0:2000:----
RUN_RESULT:4:3:0:2000:----
RUN_RESULT:4:4:0:2000:----
RUN_RESULT:4:5:0:2000:----
RUN_RESULT:4:6:0:2000:----
RUN_RESULT:4:7:0:2000:----
RUN_RESULT:4:8:0:2000:----
RUN_RESULT:4:9:0:2000:----
     5 |       50 |  0.000000E+00 | -0.000000E+00
TRACK:90;8;3;6;4;2;0;4;3;6;1;6;6;11;1;1;23;-6.194829372622004;8;0;23;-6.448084404665872;22;-2.585017750253062;6;4;0;1;3;4;7;-1.796785627472408;2;4;25;1;24;15;3;3;0;24;18;5;3;2;6;6;4;4;10;1;2;4;3;14;2;5;8;3;20;9.74776600337508;1;1;5;12;3;25;2;13;8
TRACK:91;8;3;5;0;5;6;0;5;5;4;6;2;23;-9.425875259368343;23;6.351964638882649;6;2;6;0;0;22;-5.7053140582007185;15;2;13;8;0;1;4;14;5;9;2;2;22;-2.8628063595721738;8;3;13;3;0;4;1;3;3;5;2;12;15;2;1;5;0;7;2.951350615301049;22;3.1091386531019545;5;1;8;18;2;2;1;9;10;1;12;21;0.4828827554892712;2;5;7;-5.060335771358783;3;24;0;4;5;2;0;2;23;-5.9151488629807725;17;4;11;4;0;11;25;4;2;4;5;6;19;5;0;3;15;2;13;18
TRACK:92;4;1;3;5;2;3;6;2;11;1;3;2;3;19;6;22;-0.03499774720603632;3;5;4;11;4;4;3;4;3;0;3;24;5;25
TRACK:93;4;1;1;0;1;0;6;1;6;6;0;0;11;13;0;24;25;2;0;0;1;11;18;5;13;0;5;19;1;16;16;1;0;2;23;-2.2571701295058633;11;5;14;6;1;16;13;6;0;2;4;5;4;9;0;6;6;19;5;6;7;-8.027529548669474;6;1;4;2;7;0.07010987965106708;9;2;1;18;14;0;13;16;4;4;5;2;3;1;5;21;8.72293539427383;4;10;5;6;0;15;20;9.760890453417513;0;6;5;2;4;6;6;6;12;4;2;5;2;18;18;2;3;20;-1.309421897974218;6;21;8.619756525285762;5;3;0;5;3;4;0;16;17;0;0;2;2;12;20;-7.142345868378386;2;13;22;7.201771128708472;4;1;23;1.9260129348463444;25;6;6;1;10;25;5;4;6;2;2;5;5;5;5;24;3;6;1;5;7;0.5327554097370673;4;8;5;3;2;6;2;19;23;-4.7855461444313185;6;6;19
TRACK:94;6;4;4;0;1;3;5;3;3;5;5;4;19;2;3;1;2;1;5;1;14;12;4;1;15;18;0;5;2;11;7;3.3949546236874166;1;1;21;0.15781845565135022;24;6;14;6;6;6;5;14;6;4;6;0;3;3;9;0;5;25;3;15;6;4;2;0;0;6;6;1;21;-0.8411316608662993;22;-5.721673982302146;0;1;6;16;4;14;1;0;9;7;3.452318748288228;5;25;5;4;5;3;12;3;2;2;6;1;25;25;3;6;7;5.598869455374256;6;6;1;17;22;-0.8355763743440541
TRACK:95;6;4;3;5;2;3;6;2;5;4;4;6;15;1;3;2;3;11;6;22;-0.03499774720603632;3;5;4;11;4;4;3;4;3;0;3;24;5;25
TRACK:96;9;2;4;1;2;6;3;3;3;1;6;6;24;5;1;13;13;2;2;5;5;1;0;5;9;4;11;4;6;16;2;4;1;3;3;13;3;5;15;2;6;3;5;14;6;0;6;15;4;9;0;2;4;5;4;6;22;2.665848916495923;4;4;4;2;18;16;1;6;1;6;3;10;2;5;19;6;8;4;6;2;0;13;11;3;20;-4.756331604557056;4;4;2;2;5;1;3;5;14;0;6;21;7.707510668684343;6;14;2;0;4;6;22;-2.0582719638834;4;5;24;6;0;3;25;1;9;16;2;0;5;1;0;16;9;6;10;2;4;5;15;4;6;24;6;0;5;6;15;6;1;10;13
TRACK:97;9;2;4;1;4;3;6;8;6;2;6;3;0;1;2;1;19;12;3;14;1;3;9;1;7;-7.3461643690864475;14;3;3;3;25;5;6;3;6;5;4;25
TRACK:98;8;3;6;4;2;0;4;3;6;1;6;6;11;1;1;19;8;0;23;-6.448084404665872;22;-2.585017750253062;6;4;0;1;3;4;7;-1.796785627472408;2;4;25;1;24;15;3;3;0;24;18;5;3;2;6;6;4;4;10;1;2;4;3;14;2;5;8;3;20;9.74776600337508;1;1;5;12;3;25;5;2;12;15
TRACK:99;8;3;5;0;5;6;0;5;5;4;6;2;23;-9.425875259368343;23;6.351964638882649;6;2;6;0;0;22;-5.7053140582007185;15;2;13;8;0;1;4;14;5;9;2;2;22;-2.8628063595721738;8;3;13;3;0;4;1;3;3;5;6;22;6.502010675018717;2;1;5;0;7;2.951350615301049;22;3.1091386531019545;5;1;8;18;2;2;1;9;10;1;12;21;0.4828827554892712;2;5;7;-5.060335771358783;3;24;0;4;5;2;0;2;23;-5.9151488629807725;8;4;11;4;0;11;25;4;2;4;5;6;19;5;0;3;15;2;13;18
TRACK:100;90;-1;6;4;2;0;4;3;6;1;6;6;11;1;1;23;-6.034690274803129;8;0;23;-6.412696164864823;22;-2.5323055374745453;6;4;0;1;3;4;7;-1.753097801718933;2;4;25;1;24;15;3;3;0;24;18;5;3;2;5;1;5;2;16;24;2;3;23;-8.617440210381043;0;19;8;1;2;4;3;14;2;5;8;3;20;9.6799975751617;1;1;5;12;3;25;2;13;8
TRACK:101;92;-1;3;5;2;3;6;2;11;1;3;2;3;19;6;22;-0.018276699719893614;3;5;4;11;2;2;3;1;3;23;8.853561628703766;2;9;15;3;0;0;21;1.704394763095765;22;3.071809140107142;4;9;3;5;5;6;21;2.2962104486658887
TRACK:102;94;-1;4;0;1;3;5;3;3;5;5;4;19;2;3;1;2;1;5;1;14;12;4;1;15;18;0;5;2;11;7;3.4790157817707543;1;1;21;0.1460305955006901;24;6;11;6;6;6;5;14;6;4;6;0;3;3;9;0;5;25;3;15;6;4;2;0;0;6;6;1;21;-0.7515998863033826;22;-5.895882097053223;0;1;6;16;4;14;1;0;9;7;3.2478588906154706;5;25;5;4;5;3;12;3;2;2;6;1;25;25;3;6;7;5.618358447027442;6;6;1;17;22;-0.6778677334085608
TRACK:103;9;-1;4;1;2;6;3;3;3;1;6;6;24;5;1;13;13;2;2;5;5;1;0;5;9;4;11;0;16;15;2;4;1;3;3;13;3;5;15;2;6;3;5;14;6;0;6;15;4;9;0;2;4;5;4;6;22;2.70454820278869;4;4;4;2;18;16;1;6;1;6;3;10;2;5;19;6;8;4;6;2;0;13;11;3;20;-4.662668633924469;4;4;2;2;5;1;3;5;14;0;6;21;7.893016822058306;6;14;2;0;4;6;21;6.266321128632714;4;5;24;6;0;3;25;1;9;16;2;0;5;1;0;16;9;6;10;2;4;5;15;4;6;24;6;0;5;6;15;6;1;10;13
TRACK:104;8;-1;6;4;2;0;4;3;6;1;6;5;22;-1.5222924720932909;1;1;23;-6.308036152474327;8;0;23;-6.427258788560313;22;-2.6175646946820894;6;4;0;1;3;4;7;-1.8379726097293343;2;4;25;1;24;15;3;3;0;24;18;5;3;2;6;6;4;4;10;1;2;4;3;14;2;5;8;3;20;9.700542650833809;1;1;5;12;3;25;5;2;12;15
TRACK:105;91;-1;5;0;5;6;0;5;5;4;6;2;23;-9.28741701236601;23;6.162043684691808;6;2;6;0;0;22;-5.710711691064691;15;2;13;8;0;1;4;14;5;9;2;2;22;-2.9646602312989607;8;3;13;3;0;4;1;3;3;5;2;12;15;2;1;5;0;7;3.052407238482316;22;3.0490393159219606;5;1;8;18;2;2;1;9;10;1;12;21;0.4154519461059395;2;5;7;-5.106966014014924;3;24;0;4;5;2;0;2;23;-5.879885700328997;17;4;11;4;0;11;25;4;2;4;5;6;19;5;0;3;13;2;13;18
TRACK:106;93;-1;1;0;1;0;6;1;6;6;0;0;11;13;0;24;25;2;0;0;1;11;18;5;13;0;5;19;1;16;16;1;0;2;23;-2.3213151346513357;11;5;14;6;1;16;13;6;0;2;4;5;4;9;0;6;6;19;5;6;7;-8.16919951352738;6;1;4;2;15;16;2;1;18;14;0;13;16;4;4;5;2;3;1;5;21;8.703049884426541;4;10;5;6;0;15;20;9.850440860779827;0;6;5;2;4;6;6;6;12;4;2;5;2;18;18;2;3;20;-1.134029073368431;6;21;8.584333793475102;5;3;0;5;3;4;0;16;17;0;0;2;2;12;20;-7.301249866384297;2;13;22;7.1583304536638215;4;1;23;1.9484648557424769;25;6;6;1;10;25;5;4;6;2;2;5;5;5;5;24;3;6;1;5;7;0.5138052492257937;4;8;5;3;2;6;2;19;23;-4.703171923162868;6;6;19
TRACK:107;95;-1;3;5;2;3;6;2;5;3;11;1;3;2;3;11;6;22;-0.04771462893159471;3;5;4;11;4;4;3;4;3;0;3;24;5;25
TRACK:108;2;-1;4;1;4;3;0;2;2;1;1;2;19;20;-4.162819178638572;0;8;23;-1.480014588643921;1;3;19;6;16;1;5;0;18;10;5;1;18;21;-9.721026793595463;2;3;6;0;13;17;4;4;1;25;9;5;6;1;4;6;22;-2.073912639419718;2;1;22;2.605634450454488;17;4;8;6;2;6;3;0;1;2;1;19;11;3;14;1;3;9;1;7;-7.369737466641819;14;3;3;3;25;5;6;3;6;5;4;25
TRACK:109;3;-1;5;0;5;6;0;5;5;4;6;2;23;-9.317642050700169;23;6.453609892955418;6;2;6;0;0;22;-5.696594853382511;15;2;13;8;0;1;4;14;5;9;2;2;22;-2.768296654150745;8;3;13;3;0;4;1;3;3;5;6;22;6.344709138775535;2;1;5;0;12;22;3.1232409284508025;5;1;8;18;2;2;1;9;10;1;12;21;0.4856032475688819;2;5;7;-5.195938821582157;3;24;0;4;5;2;0;2;23;-6.010193143260324;17;4;11;4;0;11;25;4;2;4;5;6;19;5;0;3;15;2;13;18
EVAL_INSTANCE:5:0:100
EVAL_INSTANCE:5:1:101
EVAL_INSTANCE:5:2:102
EVAL_INSTANCE:5:3:103
EVAL_INSTANCE:5:4:104
EVAL_INSTANCE:5:5:105
EVAL_INSTANCE:5:6:106
EVAL_INSTANCE:5:7:107
EVAL_INSTANCE:5:8:108
EVAL_INSTANCE:5:9:109
RUN_RESULT:5:0:0:2000:----
RUN_RESULT:5:1:0:2000:----
RUN_RESULT:5:2:0:2000:----
RUN_RESULT:5:3:0:2000:----
RUN_RESULT:5:4:0:2000:----
RUN_RESULT:5:5:0:2000:----
RUN_RESULT:5:6:0:2000:----
RUN_RESULT:5:7:0:2000:----
RUN_RESULT:5:8:0:2000:----
RUN_RESULT:5:9:0:2000:----
     6 |       60 |  0.000000E+00 | -0.000000E+00
TRACK:110;7;5;0;4;4;0;1;4;4;5;5;5;8;5;1;4;1;0;15;23;9.010026579099339;4;21;7.603077435577408;2;3;1;21;0.8741299139996013;20;-9.727771496719013;1;5;25;4;8;0;1;6;5;3;1;7;1.1694286702868357;22;4.9607544345329515;5;3;5;4;22;9.67370061750217;0;4;1;6;4;8;6;1;24;12;1;1;6;1;9;8;1;6;16;3;7;-8.343934600877203;6;5;3;25;6;3;5;1;6;2;1;1;4;25;1;19;10;6;3;9;1;2;0;16;20;-8.356452856661015;4;19;2;2;16;15;1;17;20;-4.716407496205484;3;0;0;0;4;25;4;16;4;1;23;3.4058139379531127;12;3;0;2;23;7.997450742602297;20;4.678946297741202;1;21;8.169859715769505;11
TRACK:111;7;5;1;5;3;1;0;4;5;1;2;3;9;5;23;7.309737645474968;1;6;7;0.3218028824642367;3;11;4;6;6;1;6;16;2;7;-5.854091696762859;22;3.66350285320285;1;0;3;4;6;2;25;10;1;4;6;4;15;5;0;6;22;-9.58565805499974;4;8;0;6;0;6;1;19;23;-3.587308483082352;0;5;25;1;11;12;4;5;6;3;22;-9.350739913168448;0;6;5;5;6;4;0;3;4;11;4;6;23;3.393492578825029;4;2;0;0;0;2;0;2;14;18;3;18;5;3;7;-7.279508601903622;0;4;6;22;6.945105059765922;3;4;14;4;5;3;0;20;-2.748115565306861;20;4.594253372334986;6;5;4;5;1;16;19;2;4;2;6;1;6;14;3;21;9.356815312735755;4;1;0;15;23;9.010026579099339;4;21;7.603077435577408;5;0;4;0;5;24;0;25;9;0;3;5;24;0;2;17;10;0;16;11
TRACK:112;2;3;4;1;4;3;0;2;2;1;1;2;19;20;-4.142185303395147;0;8;23;-1.4602899930131628;1;3;19;6;16;1;5;0;18;10;5;1;18;21;-9.826680263377368;2;3;6;0;13;17;4;4;1;25;9;5;6;1;4;6;22;-2.0582719638834;2;1;22;2.6848393667379593;17;4;8;6;2;6;5;6;22;6.502010675018717;5;6;3;6;5;4;25
TRACK:113;2;3;5;0;5;6;0;5;5;4;6;2;23;-9.425875259368343;23;6.351964638882649;6;2;6;0;0;22;-5.7053140582007185;15;2;13;8;0;1;4;14;5;9;2;2;22;-2.8628063595721738;8;3;13;3;0;4;1;3;3;5;6;22;6.502010675018717;2;1;5;0;7;2.951350615301049;22;3.1091386531019545;5;1;8;18;2;2;1;9;10;1;12;21;0.4828827554892712;2;5;7;-5.060335771358783;3;24;0;4;5;2;0;2;23;-5.9151488629807725;17;4;11;4;0;11;25;4;2;1;19;12;5;0;3;15;2;13;18
TRACK:114;6;5;4;0;1;3;5;3;3;5;5;4;19;2;3;1;2;1;5;1;14;12;4;1;15;18;0;5;2;11;7;3.3949546236874166;1;1;21;0.15781845565135022;24;6;14;6;6;6;5;14;6;2;17;10;6;4;2;0;0;6;6;1;21;-0.8411316608662993;22;-5.721673982302146;0;1;6;16;4;14;1;0;9;7;3.452318748288228;5;25;5;4;5;3;12;3;2;2;6;1;25;25;3;6;7;5.598869455374256;6;6;1;17;22;-0.8355763743440541
TRACK:115;6;5;1;5;3;1;0;4;5;1;2;3;9;5;23;7.309737645474968;1;6;7;0.3218028824642367;3;11;4;6;6;1;6;16;2;7;-5.854091696762859;22;3.66350285320285;1;0;3;4;6;2;25;10;1;4;6;4;15;5;0;6;22;-9.58565805499974;4;8;0;6;0;6;1;19;23;-3.587308483082352;0;5;25;1;11;12;4;5;6;3;22;-9.350739913168448;0;6;5;5;6;4;0;3;4;11;4;6;23;3.393492578825029;4;2;0;0;0;2;0;2;14;18;3;18;5;3;7;-7.279508601903622;0;4;6;22;6.945105059765922;3;4;14;4;5;3;0;20;-2.748115565306861;20;4.594253372334986;6;5;4;5;1;16;19;2;4;2;6;1;6;14;3;21;9.356815312735755;2;4;0;25;21;7.75724703552433;1;1;17;10;3;17;5;0;4;0;5;24;0;25;9;0;3;5;24;0;5;14;0;16;11
TRACK:116;6;9;4;0;1;3;5;3;3;5;5;4;19;6;0;6;15;4;9;6;4;2;0;0;6;6;1;21;-0.8411316608662993;22;-5.721673982302146;0;1;6;16;4;14;1;0;9;7;3.452318748288228;5;25;5;4;5;3;12;3;2;2;6;1;25;25;3;6;7;5.598869455374256;6;6;1;17;22;-0.8355763743440541
TRACK:117;6;9;4;1;2;6;3;3;3;1;6;6;24;5;1;17;22;-0.8355763743440541;2;2;5;5;1;0;5;9;4;11;4;6;16;2;4;1;3;3;13;3;5;15;2;6;3;5;14;6;0;6;15;4;9;0;2;4;5;4;6;22;2.665848916495923;4;4;4;2;18;16;1;6;1;6;3;10;2;5;19;6;8;4;6;2;0;13;11;3;20;-4.756331604557056;4;4;2;2;5;1;3;5;14;0;6;21;7.707510668684343;6;14;2;0;4;6;21;6.112383433580128;4;5;24;6;0;3;25;1;9;16;2;0;5;1;0;16;9;6;10;2;4;5;15;4;6;24;6;0;5;6;15;6;1;10;13
TRACK:118;7;0;0;4;4;0;1;4;4;5;5;5;8;5;1;4;1;0;15;23;9.010026579099339;4;21;7.603077435577408;2;3;1;21;0.8741299139996013;20;-9.727771496719013;1;5;25;4;8;0;1;6;1;13;15;5;3;5;4;22;9.67370061750217;0;4;1;6;4;8;6;1;24;12;1;1;6;1;9;8;1;6;21;-8.244041740037652;3;7;-8.343934600877203;6;5;3;25;6;3;5;1;6;2;1;1;4;25;1;19;10;6;3;9;1;2;0;16;20;-8.356452856661015;4;19;2;2;16;15;1;17;20;-4.716407496205484;3;0;0;0;4;25;4;16;4;1;23;3.4058139379531127;12;3;0;2;23;7.997450742602297;20;4.678946297741202;1;21;8.169859715769505;11
TRACK:119;7;0;4;6;3;1;5;6;6;6;1;2;15;15;6;21;7.603077435577408;1;1;4;6;5;4;16;2;6;0;2;17;18;5;19;3;1;1;13;15;6;25;6;6;4;5;3;19
TRACK:120;110;-1;0;4;4;0;1;4;4;5;5;5;8;5;1;4;1;0;15;23;9.215867957324054;4;21;7.4976646620512675;2;3;1;21;1.082517011927108;20;-9.764650265010394;1;5;25;4;8;0;1;6;5;3;1;7;1.189455067572415;22;4.991467816049165;5;3;5;4;22;9.619690713944042;0;2;3;3;5;23;-0.7089119672506499;4;3;6;19;1;1;6;1;9;8;1;6;16;3;7;-8.427016195438776;6;5;3;25;6;3;5;1;6;2;1;1;4;25;1;19;10;6;3;9;1;2;0;16;20;-8.344403120967822;4;19;2;2;16;15;1;17;20;-4.848172703326327;3;0;0;0;4;25;4;16;4;1;23;3.5516629612602477;12;3;0;2;23;7.868830960480423;20;4.55809825162013;1;21;8.23329901983953;11
TRACK:121;112;-1;4;1;4;3;0;2;2;1;1;2;19;20;-4.129951313247563;0;8;23;-1.4766999758511135;1;3;19;6;16;1;5;0;18;10;5;1;18;21;-9.772498260299136;2;3;6;0;13;17;4;4;1;12;9;5;6;1;4;6;22;-2.162125751979506;2;1;22;2.6693186377573133;17;4;8;6;2;6;5;6;22;6.446358915718775;5;6;3;6;5;4;25
TRACK:122;114;-1;4;0;1;3;5;3;3;5;5;4;19;2;3;1;2;1;5;1;14;12;4;1;15;18;0;5;2;11;7;3.3919819543077727;1;1;21;0.11137927354787683;24;6;14;6;6;6;5;14;6;2;17;10;6;4;2;0;0;6;6;1;21;-0.8416913372499571;22;-5.724192302971137;0;1;6;16;4;14;1;0;9;7;3.401804049939515;5;25;5;4;5;3;12;3;2;2;6;1;23;-4.988825289443257;25;3;6;7;5.6544060107019165;6;6;1;17;22;-0.9477418113883919
TRACK:123;6;-1;4;0;1;3;5;3;3;5;5;4;19;2;3;1;2;1;5;1;14;12;4;1;15;18;0;5;2;11;7;3.5240364319396353;1;1;21;0.16107535284586177;24;6;14;6;6;6;5;14;6;4;6;0;3;3;9;0;2;19;17;3;15;6;4;2;0;0;6;6;1;21;-0.8568632089236861;22;-5.689390373871624;0;1;6;16;4;14;1;0;9;7;3.5249491690034604;5;25;5;4;5;3;12;3;5;5;13
TRACK:124;118;-1;0;4;4;0;1;4;4;5;5;5;8;5;1;4;1;0;15;23;8.769411973422624;4;21;7.465360381900688;2;3;1;21;0.8298281938391044;20;-9.610096171212216;1;5;25;4;8;0;1;6;1;13;15;5;3;5;4;22;9.5660362653112;0;4;1;6;4;8;6;1;24;12;1;1;6;1;9;8;1;6;21;-8.122539564082407;3;7;-8.337360672943431;6;5;3;25;6;3;5;1;6;2;1;1;4;25;1;19;10;6;3;9;1;2;0;16;20;-8.360329726158248;4;19;2;2;16;15;1;17;20;-4.7910834939038445;3;0;0;0;5;20;-0.2460085829747065;4;16;4;1;23;3.3032254584106804;12;3;0;2;23;8.157006908284355;20;4.761496956671596;1;21;8.262493310053427;11
TRACK:125;111;-1;1;5;3;1;0;4;5;1;2;3;9;5;23;7.273999220339332;1;6;7;0.3906650578489206;3;11;4;6;6;1;6;16;2;7;-5.736979788361449;22;3.8765741586242792;1;0;3;4;6;2;25;10;1;4;6;4;15;5;0;6;22;-9.499077925910289;4;8;0;6;0;6;1;19;23;-3.4848405097155473;0;5;25;1;11;12;4;5;6;3;22;-9.522932948137946;0;6;5;5;6;4;0;3;4;11;4;6;23;3.501732309628046;4;5;3;0;2;6;10;1;23;8.917442347678907;25;3;5;25
TRACK:126;113;-1;5;0;5;6;0;5;5;4;6;2;23;-9.35758734645104;23;6.480127321219273;6;2;6;0;0;22;-5.629456179737124;15;5;19;0;1;4;14;5;9;2;2;22;-2.906302399493429;8;3;13;3;0;4;1;3;3;5;6;22;6.474766533504547;2;1;5;0;7;2.914260352267015;22;3.010064730906532;5;1;8;18;2;2;1;9;10;1;12;21;0.3586311061098103;2;5;7;-4.992242929620312;3;24;0;4;5;2;0;2;23;-5.850727437549663;17;4;11;4;0;11;25;4;2;1;19;12;5;0;3;15;2;13;18
TRACK:127;115;-1;1;5;3;1;0;4;5;1;2;3;9;5;23;7.090580333754407;1;6;7;0.43251092136586033;3;11;4;6;6;1;6;16;2;7;-5.861834063517891;22;3.5660171535632657;1;0;3;4;6;2;25;10;1;4;6;4;15;5;0;6;22;-9.667567068778856;4;8;0;6;0;6;1;19;23;-3.4538364193166564;0;5;25;1;11;12;4;5;6;3;22;-9.310807513406903;0;1;1;0;4;1;4;1;4;17;3;7;5.2503584041797335;5;2;4;24;1;12;7;9.129482098870184;3;1;1;5;1;7;0.7118983806176988;8;0;5;24;5;10;3;3;3;23;-6.936288173740499;5;2;1;4;2;0;7;-1.8992092818711441;12;3;12;4;4;2;16;10;4;2;3;4;10;2;1;11;17;6;22;0.22251502231061338;6;5;0;2;2;3;5;17;3;1;16;14;5;6;2;10;21;-6.834257308061233;2;1;6;5;19;6;1;20;7.661037029992308;24;5;2;4;12;3;18;4;2;0;0;0;2;0;2;14;18;3;18;5;3;7;-7.343721412474991;0;4;6;22;6.7626224772440535;3;4;14;4;5;3;0;20;-2.656074145969771;20;4.38881143164309;6;5;4;5;1;16;19;2;4;2;6;1;6;14;3;21;9.325982843535611;2;4;0;25;21;7.7948583537637575;1;1;17;10;3;17;5;0;4;0;5;24;0;25;9;0;3;5;24;0;5;14;0;16;11
TRACK:128;9;-1;4;1;2;6;3;3;3;1;6;6;24;5;1;13;13;2;2;5;5;1;0;5;9;4;11;4;6;16;2;4;1;3;3;15;3;5;15;2;6;3;5;14;6;0;6;15;4;9;0;2;4;5;4;6;22;2.8199503623124675;4;4;4;2;18;16;1;6;1;6;3;10;2;5;19;6;8;4;6;2;0;13;11;3;20;-4.624127835180061;4;4;2;2;5;1;3;5;14;0;6;21;7.330752561199796;6;14;2;0;4;6;21;6.13054492660542;4;5;24;6;0;3;25;1;9;16;2;0;5;1;0;16;9;6;10;2;4;5;15;4;6;24;6;0;5;6;15;6;1;10;13
TRACK:129;119;-1;4;6;3;1;5;6;6;6;1;2;15;15;6;21;7.6415726733369285;1;1;4;6;5;4;16;2;6;0;2;17;18;5;19;5;13;6;6;4;5;3;19
EVAL_INSTANCE:6:0:120
EVAL_INSTANCE:6:1:121
EVAL_INSTANCE:6:2:122
EVAL_INSTANCE:6:3:123
EVAL_INSTANCE:6:4:124
EVAL_INSTANCE:6:5:125
EVAL_INSTANCE:6:6:126
EVAL_INSTANCE:6:7:127
EVAL_INSTANCE:6:8:128
EVAL_INSTANCE:6:9:129
RUN_RESULT:6:0:0:2000:----
RUN_RESULT:6:1:0:2000:----
RUN_RESULT:6:2:0:2000:----
RUN_RESULT:6:3:0:2000:----
RUN_RESULT:6:4:0:2000:----
RUN_RESULT:6:5:0:2000:----
RUN_RESULT:6:6:0:2000:----
RUN_RESULT:6:7:0:2000:----
RUN_RESULT:6:8:0:2000:----
RUN_RESULT:6:9:0:2000:----
     7 |       70 |  0.000000E+00 | -0.000000E+00
TRACK:130;4;0;3;5;2;3;6;2;5;4;4;6;15;6;1;2;15;15;6;17;4;4;3;4;3;0;3;24;5;25
TRACK:131;4;0;4;6;3;6;22;-0.03499774720603632
TRACK:132;2;9;4;1;4;3;0;2;2;1;1;2;19;20;-4.142185303395147;0;8;23;-1.4602899930131628;1;3;19;6;16;1;5;0;18;10;5;1;18;21;-9.826680263377368;2;3;6;0;13;17;4;4;1;25;9;5;6;1;4;6;22;-2.0582719638834;2;1;22;2.6848393667379593;17;4;8;6;2;6;3;0;1;2;1;19;12;3;14;1;3;9;1;7;-7.3461643690864475;14;2;18;16;5;6;3;6;5;4;25
TRACK:133;2;9;4;1;2;6;3;3;3;1;6;6;24;5;1;13;13;2;2;5;5;1;0;5;9;4;11;4;6;16;2;4;1;3;3;13;3;5;15;2;6;3;5;14;1;2;1;19;12;3;14;1;3;9;1;7;-7.3461643690864475;14;0;2;4;5;4;6;22;2.665848916495923;4;4;4;2;18;16;1;6;1;6;3;10;2;5;19;6;8;4;6;2;0;13;11;3;20;-4.756331604557056;4;4;2;2;5;1;3;5;14;0;6;21;7.707510668684343;6;14;2;0;4;6;21;6.112383433580128;4;5;24;6;0;3;25;1;9;16;2;0;5;1;0;16;9;6;10;2;4;5;15;4;6;24;6;0;5;6;15;6;1;10;13
TRACK:134;8;2;6;4;6;22;-2.0582719638834
TRACK:135;8;2;4;1;4;3;0;2;2;1;1;2;19;20;-4.142185303395147;0;8;23;-1.4602899930131628;1;3;19;6;16;1;5;0;18;10;5;1;18;21;-9.826680263377368;2;3;6;0;13;17;4;4;1;25;9;12;6;2;6;3;0;1;2;1;19;12;3;14;1;3;9;1;7;-7.3461643690864475;14;3;3;3;25;5;6;3;6;5;4;25
TRACK:136;9;0;4;1;2;6;3;3;3;1;6;6;24;5;1;13;13;2;2;5;5;1;0;5;9;4;11;4;6;16;2;4;1;3;3;13;3;5;15;2;6;3;5;14;6;0;6;15;4;9;0;2;4;5;4;6;22;2.665848916495923;4;4;4;2;18;16;1;6;1;6;3;10;17;4;6;2;0;13;11;3;20;-4.756331604557056;4;4;2;2;5;1;3;5;14;0;6;21;7.707510668684343;6;14;2;0;4;6;21;6.112383433580128;4;5;24;6;0;3;25;1;9;16;2;0;5;1;0;16;9;6;10;2;4;5;15;4;6;24;6;0;5;6;15;6;1;10;13
TRACK:137;9;0;4;6;3;1;5;6;6;6;1;2;15;15;6;17;1;1;4;6;5;4;16;2;6;6;3;10;3;1;1;13;15;6;25;6;6;4;5;3;19
TRACK:138;1;8;1;0;1;0;6;1;6;6;0;0;11;13;0;24;25;2;0;0;1;11;18;5;15;0;5;19;1;16;16;1;0;2;23;-2.2571701295058633;11;5;14;6;1;16;13;6;0;2;4;5;4;9;0;6;6;19;5;6;7;-8.027529548669474;6;1;4;2;7;0.07010987965106708;9;2;1;18;14;0;13;16;4;4;5;2;3;1;5;21;8.72293539427383;4;10;5;6;0;10;20;9.760890453417513;0;6;5;2;4;6;6;6;12;4;2;5;2;18;18;2;3;20;-1.309421897974218;6;21;8.619756525285762;5;3;0;5;3;4;0;16;17;0;0;2;2;12;20;-7.142345868378386;2;13;22;7.201771128708472;4;1;23;1.9260129348463444;25;6;6;1;10;25;5;4;6;2;2;5;5;5;5;24;3;6;1;5;7;0.5327554097370673;4;8;5;3;2;6;2;19;23;-4.7855461444313185;6;6;19
TRACK:139;1;8;6;4;2;0;4;3;6;1;6;6;11;1;1;23;-6.194829372622004;8;0;23;-6.448084404665872;22;-2.585017750253062;6;4;0;1;3;4;7;-1.796785627472408;2;4;25;1;24;19;3;3;0;24;18;5;3;2;6;6;4;4;10;1;2;4;3;14;2;5;8;3;20;9.74776600337508;1;1;5;12;3;25;5;2;12;15
TRACK:140;130;-1;3;5;2;3;6;2;5;4;4;6;15;6;1;2;15;15;6;17;4;4;3;4;3;4;20;-5.5551534768056365
TRACK:141;132;-1;4;1;4;3;0;2;2;1;1;2;19;20;-4.084173018385679;2;16;7;-6.42204798227964;1;3;19;6;16;1;5;0;18;10;5;1;18;21;-9.697472575759083;2;3;6;0;13;17;4;4;1;25;9;5;6;1;4;6;22;-2.0342134421670575;2;1;22;2.7391487572922815;17;4;8;6;2;6;3;0;1;2;1;19;12;3;14;1;3;9;1;7;-7.3886916453745615;14;2;18;16;5;6;3;6;5;4;25
TRACK:142;134;-1;6;6;1;6;5;21;2.8762193857978176;4;3;15
TRACK:143;136;-1;4;1;2;6;3;3;3;1;6;6;24;5;1;13;13;2;2;5;5;1;0;5;9;4;11;5;8;2;4;1;3;3;13;3;5;15;2;6;3;5;14;6;0;6;15;4;9;0;2;4;5;4;6;22;2.6385312426266996;4;4;4;2;18;16;1;6;1;6;3;10;17;4;6;2;0;13;11;3;20;-4.717066781805649;4;4;2;2;5;1;3;5;14;0;6;21;7.643582767504566;6;14;2;0;4;6;21;6.095448934010379;4;5;24;6;0;3;25;1;9;16;2;0;5;1;0;16;9;6;10;2;4;5;15;4;6;24;6;0;5;6;15;6;1;10;13
TRACK:144;138;-1;1;0;1;0;6;3;25;6;0;2;4;5;4;9;0;6;6;19;5;6;7;-7.969778694046567;6;1;4;2;7;0.05539212985579961;9;2;1;18;14;0;13;16;4;4;5;2;3;1;5;21;8.691211857280965;4;10;5;6;0;10;20;9.857207774856466;0;6;5;2;4;6;6;6;12;4;2;5;2;18;18;2;3;20;-1.3430435134031318;6;21;8.512344733509623;5;3;0;5;3;4;0;16;17;0;0;2;2;12;20;-6.79985658336687;2;13;22;7.341560105578401;4;1;23;1.7923203080705121;25;6;6;1;10;25;5;4;6;2;2;5;5;5;5;24;3;6;1;5;7;0.5851306756746484;4;8;5;3;2;6;2;19;23;-4.741627240359486;6;6;19
TRACK:145;131;-1;4;6;5;6;3;19
TRACK:146;133;-1;0;4;1;1;6;2;2;5;8;1;15;8;5;1;9;8;6;2;2;1;16;25;6;14;3;5;11;2;6;5;1;2;10;20;8.19586899197557;3;7;-5.897623570785068;4;0;6;2;25;14;0;2;7;-1.9755079311621664;10;2;10;8;4;5;0;4;1;6;0;21;-8.100671540712284;10;5;3;15;2;1;3;4;22;-4.222523286306532;3;3;25;1;3;4;15;1;0;9;21;2.047796602314998;1;10;7;-3.9453470915067186
TRACK:147;135;-1;4;1;4;3;0;2;2;1;1;2;19;20;-4.169839405625908;0;8;23;-1.486094708431952;1;3;12;6;16;1;5;0;18;10;5;1;18;21;-9.910640501345235;2;3;6;0;13;17;4;4;1;25;9;12;6;2;6;3;0;1;2;1;19;12;3;14;1;3;9;1;7;-7.37061314337709;14;3;3;3;25;5;6;3;6;5;4;25
TRACK:148;137;-1;4;6;3;1;5;1;4;23;-3.9252649510711057;6;24;1;1;4;6;5;4;16;2;6;6;3;10;3;1;1;13;15;6;25;6;6;4;5;3;19
TRACK:149;139;-1;6;4;2;0;4;3;6;1;6;6;11;1;1;23;-6.283158912412065;8;0;23;-6.462104078903288;22;-2.768566037986565;6;4;0;1;3;4;7;-1.798334347259686;2;4;25;1;24;19;3;3;4;25;5;3;2;6;6;4;4;10;1;2;4;3;14;2;5;8;3;20;9.607452862456288;1;1;5;12;3;25;5;2;12;15
EVAL_INSTANCE:7:0:140
EVAL_INSTANCE:7:1:141
EVAL_INSTANCE:7:2:142
EVAL_INSTANCE:7:3:143
EVAL_INSTANCE:7:4:144
EVAL_INSTANCE:7:5:145
EVAL_INSTANCE:7:6:146
EVAL_INSTANCE:7:7:147
EVAL_INSTANCE:7:8:148
EVAL_INSTANCE:7:9:149
RUN_RESULT:7:0:0:2000:----
RUN_RESULT:7:1:0:2000:----
RUN_RESULT:7:2:0:2000:----
RUN_RESULT:7:3:0:2000:----
RUN_RESULT:7:4:0:2000:----
RUN_RESULT:7:5:0:2000:----
RUN_RESULT:7:6:0:2000:----
RUN_RESULT:7:7:0:2000:----
RUN_RESULT:7:8:0:2000:----
RUN_RESULT:7:9:0:2000:----
     8 |       80 |  0.000000E+00 | -0.000000E+00
TRACK:150;5;9;1;5;3;1;0;4;5;1;2;3;9;5;23;7.309737645474968;1;6;7;0.3218028824642367;3;11;4;6;6;1;6;16;2;7;-5.854091696762859;22;3.66350285320285;1;0;3;4;6;2;25;10;1;4;6;4;15;5;0;6;22;-9.58565805499974;4;8;0;6;0;6;1;19;23;-3.587308483082352;0;5;25;1;11;12;4;5;6;3;22;-9.350739913168448;0;6;5;5;6;4;0;3;4;11;4;6;23;3.393492578825029;4;2;0;0;0;2;0;2;14;18;3;18;5;3;7;-7.279508601903622;0;4;6;22;6.945105059765922;3;4;14;4;5;3;0;20;-2.748115565306861;20;4.594253372334986;6;5;4;5;1;16;19;2;4;2;6;1;6;14;3;21;9.356815312735755;2;4;0;25;21;7.75724703552433;1;1;17;10;3;17;5;0;4;0;5;24;0;25;9;0;3;5;24;0;6;16;0;16;11
TRACK:151;5;9;4;1;2;6;3;3;3;1;6;6;24;5;1;13;13;2;2;5;5;1;0;5;9;4;11;4;6;16;2;4;1;3;3;13;3;5;15;2;6;3;5;14;6;0;6;15;4;9;0;2;4;5;4;6;22;2.665848916495923;4;4;4;2;18;16;1;6;1;6;3;10;2;5;19;6;8;4;6;2;0;13;11;3;20;-4.756331604557056;4;4;2;2;5;1;3;5;14;0;6;21;7.707510668684343;6;14;2;0;4;6;21;6.112383433580128;4;5;24;6;0;3;25;1;9;16;2;11;6;0;5;6;15;6;1;10;13
TRACK:152;4;1;3;5;2;3;6;6;19;4;4;3;4;3;0;3;24;5;25
TRACK:153;4;1;1;0;1;0;6;1;6;6;0;0;11;13;0;24;25;2;0;0;1;11;18;5;13;0;5;19;1;16;16;1;0;2;23;-2.2571701295058633;11;5;14;6;1;16;13;6;0;2;4;5;4;19;0;6;6;19;5;6;7;-8.027529548669474;6;1;4;2;7;0.07010987965106708;9;2;1;18;14;0;13;16;4;4;5;2;3;1;5;21;8.72293539427383;4;10;5;6;0;10;20;9.760890453417513;0;6;5;2;4;6;6;6;12;4;2;5;2;18;18;2;3;20;-1.309421897974218;6;21;8.619756525285762;5;3;0;5;3;4;0;16;17;0;0;2;2;12;20;-7.142345868378386;2;13;22;7.201771128708472;4;1;23;1.9260129348463444;25;6;6;1;10;25;5;4;6;2;2;5;5;5;5;24;3;6;1;5;7;0.5327554097370673;4;8;5;3;2;6;2;19;23;-4.7855461444313185;6;6;19
TRACK:154;8;9;6;4;2;0;4;3;6;1;6;6;11;1;1;23;-6.194829372622004;8;0;23;-6.448084404665872;22;-2.585017750253062;6;4;0;1;3;4;7;-1.796785627472408;2;4;25;1;24;15;3;3;0;24;18;5;3;2;5;15;1;2;4;3;14;2;5;8;3;20;9.74776600337508;1;1;5;12;3;25;5;2;12;15
TRACK:155;8;9;4;1;2;6;3;3;3;1;6;23;-6.448084404665872;5;1;13;13;2;2;5;5;1;0;5;9;4;11;4;6;16;2;4;1;3;3;13;3;5;15;2;6;3;5;14;6;0;6;15;4;9;0;2;4;5;4;6;22;2.665848916495923;4;4;4;2;18;16;1;6;1;6;3;10;2;5;19;6;8;4;6;2;0;13;11;3;20;-4.756331604557056;4;4;2;2;5;1;3;5;14;0;6;21;7.707510668684343;6;14;2;0;4;6;21;6.112383433580128;4;5;24;6;0;3;25;1;9;16;2;0;5;1;0;16;9;6;10;2;4;5;15;4;6;24;6;0;5;6;15;6;1;10;13
TRACK:156;3;6;5;0;5;6;0;5;5;4;6;2;23;-9.425875259368343;23;6.351964638882649;6;2;6;0;0;22;-5.7053140582007185;15;2;13;8;0;1;4;14;5;9;2;2;22;-2.8628063595721738;8;3;13;3;0;4;1;3;3;5;6;9;2;1;5;0;7;2.951350615301049;22;3.1091386531019545;5;1;8;18;2;2;1;9;10;1;12;21;0.4828827554892712;2;5;7;-5.060335771358783;3;24;0;4;5;2;0;2;23;-5.9151488629807725;17;4;11;4;0;11;25;4;2;4;5;6;19;5;0;3;15;2;13;18
TRACK:157;3;6;4;0;1;3;5;3;3;5;5;4;19;2;3;1;2;25;0;5;2;11;7;3.3949546236874166;1;1;21;0.15781845565135022;24;6;14;6;6;6;5;14;6;4;6;0;3;3;9;0;2;19;17;3;15;6;4;2;0;0;6;6;1;21;-0.8411316608662993;22;-5.721673982302146;0;1;6;16;4;14;1;0;9;7;3.452318748288228;5;25;5;4;5;3;12;3;2;2;6;1;25;25;3;6;7;5.598869455374256;6;6;1;17;22;-0.8355763743440541
TRACK:158;1;4;1;0;1;0;6;1;6;6;0;0;25;13;0;24;25;2;0;0;1;11;18;5;13;0;5;19;1;16;16;1;0;2;23;-2.2571701295058633;11;5;14;6;1;16;13;6;0;2;4;5;4;9;0;6;6;19;5;6;7;-8.027529548669474;6;1;4;2;7;0.07010987965106708;9;2;1;18;14;0;13;16;4;4;5;2;3;1;5;21;8.72293539427383;4;10;5;6;0;10;20;9.760890453417513;0;6;5;2;4;6;6;6;12;4;2;5;2;18;18;2;3;20;-1.309421897974218;6;21;8.619756525285762;5;3;0;5;3;4;0;16;17;0;0;2;2;12;20;-7.142345868378386;2;13;22;7.201771128708472;4;1;23;1.9260129348463444;25;6;6;1;10;25;5;4;6;2;2;5;5;5;5;24;3;6;1;5;7;0.5327554097370673;4;8;5;3;2;6;2;19;23;-4.7855461444313185;6;6;19
TRACK:159;1;4;3;5;2;3;6;2;5;4;5;5;24;1;3;2;3;19;6;22;-0.03499774720603632;3;5;4;11;4;4;3;4;3;0;3;24;5;25
TRACK:160;150;-1;1;5;3;1;0;4;5;1;2;3;9;5;23;7.242518946202998;1;6;7;0.346279373958091;3;11;4;6;6;1;6;16;2;7;-5.994998228128141;22;3.6378865322269767;1;0;3;4;6;2;25;10;1;4;6;4;15;5;0;6;22;-9.512725185085813;4;8;0;6;0;6;1;19;23;-3.5666689225034482;0;5;25;1;11;12;4;5;6;3;22;-9.471953052316987;0;6;5;5;6;4;0;3;4;11;4;6;23;3.5033214600878804;4;2;0;0;0;2;0;2;14;18;3;18;5;3;7;-7.178993392129877;0;4;6;22;7.010355153143302;3;4;14;4;5;3;0;20;-2.769364512428835;20;4.53937327486664;6;5;4;5;1;16;19;2;4;2;6;1;6;14;3;21;9.418115764501149;2;4;0;25;21;7.842525089312536;1;1;17;25;3;17;5;0;4;0;5;24;0;25;9;0;3;5;24;0;6;16;0;16;11
TRACK:161;152;-1;3;5;2;3;6;6;19;4;4;3;4;3;0;1;20;2.3749557817101863;9;5;25
TRACK:162;154;-1;6;4;2;0;4;3;6;1;6;6;11;1;1;23;-6.089465152003929;8;0;23;-6.427435860051487;22;-2.6747089639802555;6;4;0;1;3;4;14;2;4;25;1;24;15;3;3;0;24;18;5;3;2;5;15;1;2;4;3;14;2;5;8;3;20;9.785689395847005;1;1;5;12;3;25;5;2;12;15
TRACK:163;156;-1;5;0;5;6;0;5;5;4;6;2;23;-9.382254703139836;23;6.450638286505445;6;0;2;24;21;8.225381447628084;5;10;3;0;4;1;3;3;5;6;9;2;1;5;0;7;2.8153230382250145;22;2.9765874518733297;5;1;8;18;2;2;1;9;10;1;12;21;0.5217165010249465;2;5;7;-5.00874352637074;3;24;0;4;5;2;0;2;23;-5.908404495010279;17;4;11;4;0;11;25;4;2;4;5;6;19;5;0;3;15;2;13;18
TRACK:164;1;-1;1;0;1;0;6;1;6;6;0;0;11;13;0;24;25;2;0;0;1;11;18;5;13;0;5;19;1;16;16;1;0;2;23;-2.273872747827959;11;5;14;6;1;16;13;6;0;2;4;5;4;9;0;6;6;19;5;6;7;-7.881204909076352;6;1;4;2;7;0.025904688509846903;9;2;1;18;14;0;13;16;4;4;5;2;3;1;5;21;8.70983804807401;4;10;5;6;0;10;20;9.66391529536018;0;6;5;2;4;6;6;6;12;4;2;5;2;18;18;2;3;20;-1.3519520949990276;6;21;8.709540170724708;5;3;0;5;3;4;0;16;17;0;0;2;2;12;20;-6.994006570908992;2;13;22;7.319000185951722;4;1;23;1.9974079160075753;25;6;6;1;10;25;5;4;6;5;6;0;4;17;2;16;12
TRACK:165;151;-1;4;1;2;6;3;3;3;1;6;6;24;5;1;13;13;2;2;5;5;1;0;5;9;4;11;4;6;16;2;4;1;3;3;13;3;5;15;2;6;3;5;14;6;0;6;15;4;9;0;1;1;2;6;9;3;20;8.9811854448084;4;5;14;0;6;5;24;0;4;7;-0.824042985342313;3;10;1;6;1;6;3;10;2;5;19;6;8;4;6;2;0;13;11;3;20;-4.861803917790284;4;4;2;2;5;1;3;5;14;0;6;21;7.579295668390518;6;14;2;0;4;6;21;6.117457721076315;4;5;24;6;0;3;25;1;9;16;2;11;6;0;5;6;15;6;1;10;13
TRACK:166;153;-1;1;0;1;0;6;1;6;6;0;0;11;13;0;24;25;2;0;0;1;11;18;5;13;0;5;19;1;16;16;1;0;2;23;-2.22072004148514;11;0;16;18;6;1;16;13;6;0;2;4;5;4;19;0;6;6;19;5;6;7;-7.887737738817304;6;1;4;2;7;0.09422483872020285;9;2;1;18;14;0;13;16;4;4;5;2;3;1;5;21;8.699213241002074;4;10;5;6;0;10;20;9.657218737828881;0;6;5;2;4;6;6;6;12;4;2;5;2;18;18;2;3;20;-1.2260460280878003;6;21;8.577684848823345;5;3;0;5;3;4;0;16;17;0;0;2;2;12;20;-7.094588042016333;2;13;22;7.188811274965274;4;1;23;1.8108919247483952;25;6;6;1;10;25;5;4;6;2;2;5;5;5;5;24;3;6;1;5;7;0.5653270919368083;4;8;5;3;2;6;2;19;23;-4.8008700114830765;6;6;19
TRACK:167;155;-1;4;1;2;6;3;3;3;1;6;23;-6.441934113323806;5;1;13;13;2;2;5;5;1;0;5;9;4;11;4;6;16;2;4;1;3;3;13;3;5;15;2;6;3;5;14;6;0;6;15;4;9;0;2;4;5;4;6;22;2.732242694160575;4;4;4;2;18;16;1;6;1;6;3;10;2;5;19;6;8;4;6;2;0;13;11;3;20;-4.626574771193722;4;4;2;2;5;1;3;5;14;0;6;21;7.831691011004179;6;14;2;0;4;6;21;6.29449818413343;4;5;24;6;0;3;25;1;9;16;2;0;5;1;0;16;9;6;10;2;4;5;15;4;6;24;6;1;19;24
TRACK:168;157;-1;4;0;1;3;5;3;3;5;5;4;19;2;3;1;2;1;1;2;16;8;5;10;6;3;10;0;5;2;11;7;3.2358135451545333;1;1;21;0.1263430447702516;24;6;14;6;6;6;5;14;6;4;6;0;3;3;9;0;2;19;17;3;15;6;4;2;0;0;6;6;1;21;-0.9428347460528266;22;-5.653640673759852;0;1;6;16;4;14;1;0;9;7;3.2413067081707085;5;25;5;4;5;3;12;3;2;2;6;1;25;25;3;6;7;5.485932541169934;6;6;1;17;22;-0.6794891678997912
TRACK:169;4;-1;3;5;2;3;6;2;5;4;4;6;15;1;3;2;19;25;3;5;4;11;4;4;3;4;3;0;3;24;5;25
EVAL_INSTANCE:8:0:160
EVAL_INSTANCE:8:1:161
EVAL_INSTANCE:8:2:162
EVAL_INSTANCE:8:3:163
EVAL_INSTANCE:8:4:164
EVAL_INSTANCE:8:5:165
EVAL_INSTANCE:8:6:166
EVAL_INSTANCE:8:7:167
EVAL_INSTANCE:8:8:168
EVAL_INSTANCE:8:9:169
RUN_RESULT:8:0:0:2000:----
RUN_RESULT:8:1:0:2000:----
RUN_RESULT:8:2:0:2000:----
RUN_RESULT:8:3:0:2000:----
RUN_RESULT:8:4:0:2000:----
RUN_RESULT:8:5:0:2000:----
RUN_RESULT:8:6:0:2000:----
RUN_RESULT:8:7:0:2000:----
RUN_RESULT:8:8:0:2000:----
RUN_RESULT:8:9:0:2000:----
     9 |       90 |  0.000000E+00 | -0.000000E+00
TRACK:170;6;8;4;0;1;3;5;3;3;5;5;4;19;2;3;1;2;1;5;1;14;12;4;1;15;18;0;5;2;11;7;3.3949546236874166;1;1;21;0.15781845565135022;24;6;14;6;6;6;5;14;6;4;6;0;3;6;11;0;2;19;17;3;15;6;4;2;0;0;6;6;1;21;-0.8411316608662993;22;-5.721673982302146;0;1;6;16;4;14;1;0;9;7;3.452318748288228;5;25;5;4;5;3;12;3;2;2;6;1;25;25;3;6;7;5.598869455374256;6;6;1;17;22;-0.8355763743440541
TRACK:171;6;8;6;4;2;0;4;3;6;1;21;0.15781845565135022;1;1;23;-6.194829372622004;8;0;23;-6.448084404665872;22;-2.585017750253062;6;4;0;1;3;4;7;-1.796785627472408;2;4;25;1;24;15;3;3;0;24;18;5;3;2;6;6;4;4;10;1;2;4;3;14;2;5;8;3;20;9.74776600337508;1;1;5;12;3;25;5;2;12;15
TRACK:172;9;0;4;1;2;6;3;3;3;1;6;6;24;5;1;13;13;2;2;5;5;1;0;5;9;4;11;4;6;16;2;4;1;3;3;13;3;5;15;2;6;3;5;14;6;0;6;15;4;9;0;2;4;5;4;6;22;2.665848916495923;4;4;4;2;18;16;1;6;1;15;2;5;19;6;8;4;6;2;0;13;11;3;20;-4.756331604557056;4;4;2;2;5;1;3;5;14;0;6;21;7.707510668684343;6;14;2;0;4;6;21;6.112383433580128;4;5;24;6;0;3;25;1;9;16;2;0;5;1;0;16;9;6;10;2;4;5;15;4;6;24;6;0;5;6;15;6;1;10;13
TRACK:173;9;0;4;6;3;1;5;6;6;6;1;2;21;6.112383433580128;15;6;17;1;1;4;6;5;4;16;2;6;0;2;17;18;5;19;3;1;1;13;15;6;25;6;6;4;5;3;19
TRACK:174;2;8;4;1;4;3;0;2;2;1;1;2;19;20;-4.142185303395147;0;8;23;-1.4602899930131628;1;3;19;6;12;1;5;0;18;10;5;1;18;21;-9.826680263377368;2;3;6;0;13;17;4;4;1;25;9;5;6;1;4;6;22;-2.0582719638834;2;1;22;2.6848393667379593;17;4;8;6;2;6;3;0;1;2;1;19;12;3;14;1;3;9;1;7;-7.3461643690864475;14;3;3;3;25;5;6;3;6;5;4;25
TRACK:175;2;8;6;4;2;0;4;3;6;1;6;6;11;1;1;23;-6.194829372622004;8;0;23;-6.448084404665872;22;-2.585017750253062;6;3;3;3;25;5;3;2;6;6;4;4;10;1;2;4;3;14;2;5;8;3;20;9.74776600337508;1;1;5;12;3;25;5;2;12;15
TRACK:176;2;7;4;1;4;3;0;2;2;1;1;2;19;20;-4.142185303395147;0;8;23;-1.4602899930131628;1;3;19;6;16;1;5;0;18;10;5;1;18;21;-9.826680263377368;2;3;6;0;13;17;4;4;1;25;9;5;6;1;4;6;22;-2.0582719638834;2;1;22;2.6848393667379593;17;4;8;6;2;6;3;0;1;2;1;19;12;3;14;1;3;9;1;7;-7.3461643690864475;14;8;5;6;3;6;5;4;25
TRACK:177;2;7;0;4;4;0;1;4;4;5;5;5;8;5;1;4;1;0;15;23;9.010026579099339;4;21;7.603077435577408;2;3;1;21;0.8741299139996013;20;-9.727771496719013;1;5;25;4;8;0;1;6;5;3;1;7;1.1694286702868357;22;4.9607544345329515;5;3;5;4;22;9.67370061750217;0;4;1;6;4;8;6;1;24;12;1;1;6;1;9;8;1;6;21;-8.244041740037652;3;7;-8.343934600877203;6;5;3;25;6;3;5;1;6;2;1;1;4;25;1;19;10;6;3;9;1;2;0;22;-2.0582719638834;20;-8.356452856661015;4;19;2;2;16;15;1;17;20;-4.716407496205484;3;0;0;0;4;25;4;16;4;1;23;3.4058139379531127;12;3;0;2;23;7.997450742602297;20;4.678946297741202;1;21;8.169859715769505;11
TRACK:178;6;9;4;0;1;3;5;3;3;5;5;4;19;2;3;1;2;1;5;1;14;12;4;1;15;18;0;5;2;11;7;3.3949546236874166;1;1;21;0.15781845565135022;24;6;14;6;6;6;5;14;6;4;6;0;3;3;9;0;2;19;17;3;15;6;4;2;0;0;6;6;1;21;-0.8411316608662993;22;-5.721673982302146;0;1;6;16;4;14;1;0;9;7;3.452318748288228;5;25;5;4;5;3;12;3;2;2;6;1;25;25;9;6;6;1;17;22;-0.8355763743440541
TRACK:179;6;9;4;6;7;5.598869455374256
TRACK:180;170;-1;4;0;1;3;5;3;3;5;5;4;19;2;3;1;2;1;5;1;14;12;4;1;15;18;0;5;2;11;7;3.4447633083859492;1;1;21;0.1528806264696342;24;6;14;6;6;6;5;14;6;4;6;0;3;6;11;0;2;19;17;3;15;6;4;2;0;0;6;1;11;24;0;1;6;16;4;14;1;0;9;7;3.645730914818973;5;25;5;4;5;3;12;3;2;2;6;1;25;25;3;6;7;5.588768359189293;6;6;1;17;22;-0.8998292464118188
TRACK:181;172;-1;4;1;2;6;3;3;3;1;6;6;24;5;1;13;13;2;2;5;5;1;0;5;9;4;11;4;6;16;2;4;1;3;3;13;3;5;15;2;6;3;5;14;6;0;6;15;4;9;0;2;4;5;4;6;22;2.578551676662107;4;4;4;2;18;16;1;6;1;15;2;5;19;6;8;4;6;2;0;13;11;3;20;-4.723284032395162;4;4;2;2;5;1;3;5;14;4;4;10;2;0;4;6;21;6.221695176764144;4;5;24;6;0;3;25;1;9;16;2;0;5;1;0;16;9;6;10;2;4;5;15;4;6;24;6;0;5;6;15;6;1;10;13
TRACK:182;2;-1;4;1;4;3;0;2;2;1;1;2;19;20;-3.921938672858211;0;8;23;-1.4435370114742487;1;3;19;6;16;1;5;0;18;10;5;3;21;-6.811078803805559;2;3;6;0;13;17;4;4;1;25;9;5;6;1;4;6;22;-2.0636187586100405;2;1;22;2.6100043464264173;17;4;8;6;2;6;3;0;1;2;1;19;12;3;14;1;3;9;1;7;-7.045164134914118;14;3;3;3;25;5;6;3;6;5;4;25
TRACK:183;176;-1;4;1;4;3;0;2;2;1;1;2;19;20;-4.129612128479524;0;8;23;-1.6397105798264187;1;3;19;6;16;1;5;0;18;10;5;1;18;21;-9.868793866327175;2;2;6;0;9;20;-5.169383345458605;2;2;10;16;5;12;4;4;1;25;9;5;6;1;4;6;22;-2.1370666138930887;2;1;22;2.5543854893413016;17;4;8;6;2;6;3;0;1;2;1;19;12;3;14;1;3;9;1;7;-7.076668486800876;14;8;5;6;3;6;5;4;25
TRACK:184;178;-1;4;0;1;3;5;3;3;5;5;4;19;2;3;1;2;1;5;1;14;12;4;1;15;18;0;5;2;11;7;3.3326235723576136;1;1;21;0.03161605531837955;24;6;14;6;6;6;5;14;6;4;5;2;0;0;20;9.962489885842455;19;0;16;9;4;3;12;6;4;2;0;0;6;6;1;21;-0.829217331973154;22;-5.634228727851755;0;1;6;16;4;14;1;0;9;7;3.2039219961708074;5;25;5;4;5;3;12;3;2;2;6;1;25;25;9;6;6;1;17;22;-0.6725478786579365
TRACK:185;171;-1;6;4;2;0;4;3;6;1;21;0.21671213613603946;1;1;23;-5.989361242918521;8;0;23;-6.437910487593668;22;-2.5308809527441314;6;4;0;1;3;4;9;2;4;25;1;24;15;3;3;0;24;18;5;3;2;6;6;4;4;10;1;2;4;3;14;2;5;8;3;20;9.70082960570401;1;1;5;12;3;25;5;2;12;15
TRACK:186;173;-1;4;6;3;1;5;6;6;6;1;2;16;19;6;17;1;1;4;6;5;4;16;2;6;0;2;17;18;5;19;3;1;1;13;15;6;25;6;6;4;5;3;19
TRACK:187;8;-1;6;4;2;0;4;3;6;1;6;6;11;1;1;23;-6.137251877872004;8;0;23;-6.475300032673741;22;-2.573409011205915;6;4;0;1;3;4;7;-1.700862594257041;2;4;25;1;24;15;3;3;0;24;18;5;3;2;6;6;4;4;10;1;2;4;3;8;2;5;8;3;20;9.85052211821637;1;1;5;12;3;25;5;2;12;15
TRACK:188;177;-1;0;4;4;0;1;4;4;5;5;5;8;5;1;4;1;0;15;23;8.975442880723232;4;21;7.694757235452847;2;3;1;21;0.8300384172873488;20;-9.725423182708642;1;5;25;4;8;0;1;6;5;3;1;7;1.2009107862059842;22;4.930640850439299;5;3;5;4;22;9.61360453189134;0;4;1;6;4;8;6;1;24;12;1;1;6;1;9;8;1;6;21;-8.319019213256368;3;7;-8.389471625237624;6;5;3;25;6;3;5;1;6;2;1;1;4;25;1;19;7;6.441897271197899;6;3;9;1;2;0;22;-2.029145648356975;20;-8.24658309159074;4;19;2;2;16;15;1;17;20;-4.834898074983126;3;0;0;0;4;25;4;16;4;1;23;3.383643998275564;12;3;0;2;23;7.9764550158901555;20;4.699592773618683;1;21;8.036065656379444;11
TRACK:189;179;-1;4;3;5;2;1;22;4.233715048929394;10;1;18;18
EVAL_INSTANCE:9:0:180
EVAL_INSTANCE:9:1:181
EVAL_INSTANCE:9:2:182
EVAL_INSTANCE:9:3:183
EVAL_INSTANCE:9:4:184
EVAL_INSTANCE:9:5:185
EVAL_INSTANCE:9:6:186
EVAL_INSTANCE:9:7:187
EVAL_INSTANCE:9:8:188
EVAL_INSTANCE:9:9:189
RUN_RESULT:9:0:0:2000:----
RUN_RESULT:9:1:0:2000:----
RUN_RESULT:9:2:0:2000:----
RUN_RESULT:9:3:0:2000:----
RUN_RESULT:9:4:0:2000:----
RUN_RESULT:9:5:0:2000:----
RUN_RESULT:9:6:0:2000:----
RUN_RESULT:9:7:0:2000:----
RUN_RESULT:9:8:0:2000:----
RUN_RESULT:9:9:0:2000:----
    10 |      100 |  0.000000E+00 | -0.000000E+00
TRACK:190;1;6;1;0;1;0;6;1;6;6;0;0;11;13;0;24;25;2;0;0;1;11;18;5;13;0;5;19;1;16;16;1;0;2;23;-2.2571701295058633;11;5;14;6;1;16;13;6;0;2;4;5;4;9;0;6;6;19;5;6;7;-8.027529548669474;6;1;4;2;7;0.07010987965106708;9;2;1;18;14;0;13;16;4;4;5;2;3;1;5;21;8.72293539427383;4;10;5;6;0;12;20;9.760890453417513;0;6;5;2;4;6;6;6;12;4;2;5;2;18;18;2;3;20;-1.309421897974218;6;21;8.619756525285762;5;3;0;5;3;4;0;16;17;0;0;2;2;12;20;-7.142345868378386;2;13;22;7.201771128708472;4;1;23;1.9260129348463444;25;6;6;1;10;25;5;4;6;2;2;5;5;5;5;24;3;6;1;5;7;0.5327554097370673;4;8;5;3;2;6;2;19;23;-4.7855461444313185;6;6;19
TRACK:191;1;6;4;0;1;3;5;3;3;5;21;8.72293539427383;2;3;1;2;1;5;1;14;12;4;1;15;18;0;5;2;11;7;3.3949546236874166;1;1;21;0.15781845565135022;24;6;14;6;6;6;5;14;6;4;6;0;3;3;9;0;2;19;17;3;15;6;4;2;0;0;6;6;1;21;-0.8411316608662993;22;-5.721673982302146;0;1;6;16;4;14;1;0;9;7;3.452318748288228;5;25;5;4;5;3;12;3;2;2;6;1;25;25;3;6;7;5.598869455374256;6;6;1;17;22;-0.8355763743440541
TRACK:192;5;8;1;5;3;1;0;4;5;1;2;3;9;5;23;7.309737645474968;1;6;7;0.3218028824642367;3;11;4;6;6;1;6;16;2;7;-5.854091696762859;22;3.66350285320285;1;0;3;4;6;2;25;10;1;4;6;4;15;5;0;6;22;-9.58565805499974;4;8;0;6;0;6;1;19;23;-3.587308483082352;0;5;25;1;11;12;4;5;6;3;22;-9.350739913168448;0;6;5;5;6;4;0;3;4;11;4;6;23;3.393492578825029;4;2;0;0;0;2;0;2;14;18;3;18;5;3;7;-7.279508601903622;0;4;6;22;6.945105059765922;3;4;14;4;5;3;0;20;-2.748115565306861;20;4.594253372334986;6;5;4;5;1;16;19;2;4;2;6;1;6;14;3;21;9.356815312735755;2;4;0;25;21;7.75724703552433;1;1;17;10;3;17;5;0;4;0;5;24;0;25;9;0;3;5;24;0;2;17;10;0;12;11
TRACK:193;5;8;6;4;2;0;4;3;6;1;6;6;11;1;1;23;-6.194829372622004;8;0;23;-6.448084404665872;22;-2.585017750253062;6;4;3;4;6;2;25;10;5;3;2;6;6;4;4;10;1;2;4;3;14;2;5;8;3;20;9.74776600337508;1;1;5;12;3;25;5;2;12;15
TRACK:194;2;7;4;1;4;3;0;2;2;1;1;2;15;20;-4.142185303395147;0;8;23;-1.4602899930131628;1;3;19;6;16;1;5;0;18;10;5;1;18;21;-9.826680263377368;2;3;6;0;13;17;4;4;1;25;9;5;6;1;4;6;22;-2.0582719638834;2;1;22;2.6848393667379593;17;4;8;6;2;6;3;0;1;2;1;19;12;3;14;1;3;9;1;7;-7.3461643690864475;14;3;3;3;25;5;6;3;6;5;4;25
TRACK:195;2;7;0;4;4;0;1;4;4;5;5;5;8;5;1;4;1;0;15;23;9.010026579099339;4;21;7.603077435577408;2;3;1;21;0.8741299139996013;20;-9.727771496719013;1;5;25;4;8;0;1;6;5;3;25;5;3;5;4;22;9.67370061750217;0;4;1;6;4;8;6;1;24;12;1;1;6;1;9;8;1;6;21;-8.244041740037652;3;7;-8.343934600877203;6;5;3;25;6;3;5;1;6;2;1;1;4;25;1;19;10;6;3;9;1;2;0;16;20;-8.356452856661015;4;19;2;2;16;15;1;17;20;-4.716407496205484;3;0;0;0;4;25;4;16;4;1;23;3.4058139379531127;12;3;0;2;23;7.997450742602297;20;4.678946297741202;1;21;8.169859715769505;11
TRACK:196;8;6;6;4;2;0;4;3;6;1;6;6;11;1;1;23;-6.194829372622004;8;0;23;-6.448084404665872;22;-2.585017750253062;6;4;0;1;3;4;7;-1.796785627472408;2;4;25;1;24;15;3;3;0;24;18;5;3;2;6;6;4;4;18;1;2;4;3;14;2;5;8;3;20;9.74776600337508;1;1;5;12;3;25;5;2;12;15
TRACK:197;8;6;4;0;1;3;5;3;3;5;5;4;19;2;3;1;2;1;5;1;14;12;4;1;15;18;0;5;2;11;7;3.3949546236874166;1;1;21;0.15781845565135022;24;6;14;6;6;6;5;14;6;4;6;0;3;3;9;0;2;19;17;3;15;6;4;2;0;0;6;6;1;21;-0.8411316608662993;22;-5.721673982302146;0;1;6;16;4;14;1;0;9;7;3.452318748288228;5;25;5;4;5;3;12;3;2;2;6;1;25;25;3;6;12;6;6;1;17;22;-0.8355763743440541
TRACK:198;2;3;4;1;4;3;0;2;2;1;1;2;19;20;-4.142185303395147;0;8;23;-1.4602899930131628;1;3;19;6;16;1;5;0;18;10;5;1;18;21;-9.826680263377368;2;3;6;0;13;17;4;4;1;25;9;5;6;1;4;6;22;-2.0582719638834;2;1;22;2.6848393667379593;17;4;8;6;2;6;3;0;1;2;1;19;12;3;10;1;3;9;1;7;-7.3461643690864475;14;3;3;3;25;5;6;3;6;5;4;25
TRACK:199;2;3;5;0;5;6;0;5;5;4;6;2;23;-9.425875259368343;23;6.351964638882649;6;2;6;0;0;22;-5.7053140582007185;15;25;0;1;4;14;5;9;2;2;22;-2.8628063595721738;8;3;13;3;0;4;1;3;3;5;6;22;6.502010675018717;2;1;5;0;7;2.951350615301049;22;3.1091386531019545;5;1;8;18;2;2;1;9;10;1;12;21;0.4828827554892712;2;5;7;-5.060335771358783;3;24;0;4;5;2;0;2;23;-5.9151488629807725;17;4;11;4;0;11;25;4;2;4;5;6;19;5;0;3;15;2;13;18
TRACK:200;190;-1;1;0;1;0;6;1;6;6;0;0;11;13;0;24;25;2;0;0;1;11;18;5;13;0;5;19;1;16;16;1;0;2;23;-2.3721066839758604;11;5;14;6;1;16;13;6;0;2;4;5;4;9;0;6;6;19;5;6;7;-8.016391642176657;6;1;4;2;7;0.10343352051579985;9;2;1;18;14;0;13;16;4;4;5;2;3;1;5;21;8.544085583879577;4;10;5;6;0;12;20;9.811345805163368;0;6;5;2;4;6;6;6;12;4;2;5;2;18;18;2;3;20;-1.2030753118760074;6;21;8.750922537830403;5;3;0;5;3;4;0;16;17;0;0;2;2;12;20;-7.141057474958343;2;13;22;7.296558856453618;4;1;23;1.8849974163005878;25;6;6;1;10;25;5;4;6;2;2;5;5;5;5;24;3;6;1;5;7;0.5887892691595512;4;8;5;0;5;18;1;17;17
TRACK:201;192;-1;1;5;3;1;0;4;5;1;2;3;9;5;23;7.179176387151361;1;6;7;0.30866520766591693;3;11;4;6;6;1;6;16;2;7;-5.811380574138031;22;3.588155221695475;1;0;3;0;2;2;16;22;4.565488469220632;4;7;-1.5554263821262104;4;3;11;1;4;6;4;15;5;0;6;22;-9.655311656617512;4;8;0;6;0;6;1;19;23;-3.63043847661153;0;5;25;1;11;12;4;5;6;3;22;-9.264635938099447;0;6;5;5;6;4;0;3;4;11;4;6;23;3.426998754133476;4;2;0;0;0;2;0;2;14;18;3;18;5;3;7;-7.242517543559445;0;4;6;22;6.945339171160615;3;4;14;4;5;3;0;20;-2.8159077796867593;20;4.507650999170407;6;5;4;5;1;16;19;2;4;2;6;1;6;14;3;21;9.418362619267954;2;4;0;25;21;7.57105234424121;1;1;17;10;3;17;5;0;4;0;5;24;0;25;9;0;3;5;24;0;2;17;10;0;12;11
TRACK:202;194;-1;4;1;4;3;0;2;2;1;1;2;15;20;-4.071659271938235;0;8;23;-1.5477523690014423;1;3;19;6;16;1;5;0;18;10;5;1;18;21;-9.901743342098905;2;3;6;0;13;17;4;4;1;25;9;5;6;1;4;6;22;-2.198049454044893;2;1;22;2.679535864277909;17;4;8;6;2;6;3;0;1;2;1;19;12;3;14;5;6;18;3;3;3;25;5;6;3;6;5;4;25
TRACK:203;196;-1;6;4;2;0;4;3;6;1;6;6;11;1;1;23;-6.2229162078365166;8;0;23;-6.290584145395827;22;-2.6861574965018846;6;4;0;1;3;4;7;-1.7218258963455872;2;4;25;1;24;15;3;3;0;24;18;5;3;2;6;6;4;4;18;1;0;25;8;1;1;5;12;3;25;5;2;12;15
TRACK:204;198;-1;0;2;6;4;6;6;13;2;4;1;5;20;1.8764658137293662;6;14;5;6;5;21;-5.876453148932832;5;6;5;1;6;20;3.5951464137872353;4;22;-7.885544097547688
TRACK:205;191;-1;4;0;1;3;5;3;3;5;21;8.78459212579705;2;3;1;2;1;5;1;14;12;4;1;15;18;0;5;2;11;7;3.5913874371000656;1;1;21;0.012511055850352892;24;6;14;6;6;6;5;14;6;4;6;0;3;3;9;0;2;19;17;3;15;6;4;2;0;0;6;0;12;22;-7.688411335757753;0;1;6;16;4;14;1;0;9;7;3.491430126390388;5;25;5;4;5;3;12;3;2;2;6;1;25;25;3;6;7;5.598031185792901;6;6;1;17;22;-0.8476769087446758
TRACK:206;193;-1;6;4;2;0;4;3;6;1;6;6;11;1;1;23;-6.100153627408658;8;0;23;-6.527052501667713;22;-2.6221216643461998;6;4;3;4;6;2;25;10;5;3;2;6;6;4;5;16;1;2;4;3;14;2;5;8;3;20;9.74712890844163;1;1;5;12;3;25;5;2;12;15
TRACK:207;195;-1;0;4;4;0;1;4;4;5;5;5;8;5;1;4;1;0;15;23;8.970259774129643;4;21;7.725230100294073;2;3;1;21;0.9399561075787007;20;-9.678251607610234;1;5;25;4;8;0;1;6;5;3;25;5;3;5;4;22;9.599935473748053;0;4;1;6;4;8;6;1;24;12;1;1;6;1;9;8;1;6;21;-8.36910352144935;3;7;-8.237919622034982;6;5;3;25;6;3;5;1;6;2;1;1;4;25;1;19;10;6;3;9;1;2;0;16;20;-8.451958709032294;4;19;2;2;16;15;1;17;20;-4.780894245362132;3;0;0;0;4;25;4;16;4;1;23;3.4401789380734;12;3;0;2;23;7.932151796771343;20;4.6535913314759245;1;11;11
TRACK:208;197;-1;4;0;1;3;5;3;3;5;5;4;19;2;3;1;2;1;5;1;14;12;4;1;15;18;0;5;2;11;7;3.5190076819328833;1;1;21;0.1843897740177062;24;6;14;6;6;6;5;14;6;4;6;0;3;3;9;0;2;19;17;3;15;6;4;2;0;0;6;6;1;21;-0.8589423941554872;22;-5.749695198693254;0;1;6;24;4;14;1;0;9;7;3.4603817967548482;5;25;5;4;5;3;12;3;2;2;6;1;25;25;3;6;12;6;6;1;17;22;-0.8671479426217182
TRACK:209;199;-1;5;0;5;6;0;5;5;4;6;2;23;-9.364891834309248;23;6.373645600015977;6;2;6;0;0;22;-5.652288181030599;15;25;0;1;4;14;5;9;2;2;22;-2.711357324630411;8;3;13;3;0;4;1;3;3;5;6;22;6.496850119454587;2;1;5;0;7;2.9990020053762865;22;2.9572656087077585;5;1;8;18;2;2;1;9;10;1;12;21;0.331818408006919;2;5;7;-5.140787033181378;3;24;3;7;0.0979137555484737
EVAL_INSTANCE:10:0:200
EVAL_INSTANCE:10:1:201
EVAL_INSTANCE:10:2:202
EVAL_INSTANCE:10:3:203
EVAL_INSTANCE:10:4:204
EVAL_INSTANCE:10:5:205
EVAL_INSTANCE:10:6:206
EVAL_INSTANCE:10:7:207
EVAL_INSTANCE:10:8:208
EVAL_INSTANCE:10:9:209
RUN_RESULT:10:0:0:2000:----
RUN_RESULT:10:1:0:2000:----
RUN_RESULT:10:2:0:2000:----
RUN_RESULT:10:3:0:2000:----
RUN_RESULT:10:4:0:2000:----
RUN_RESULT:10:5:0:2000:----
RUN_RESULT:10:6:0:2000:----
RUN_RESULT:10:7:0:2000:----
RUN_RESULT:10:8:0:2000:----
RUN_RESULT:10:9:0:2000:----
    11 |      110 |  0.000000E+00 | -0.000000E+00
TRACK:210;0;2;4;6;3;1;5;6;6;6;1;2;15;15;6;17;1;1;4;6;5;6;16;2;6;0;2;17;18;5;19;3;1;1;13;15;6;25;6;6;4;5;3;19
TRACK:211;0;2;4;1;4;3;0;2;2;1;1;2;19;20;-4.142185303395147;0;8;23;-1.4602899930131628;1;3;19;6;16;1;5;0;18;10;5;1;18;21;-9.826680263377368;2;3;6;0;13;17;4;4;6;17;5;6;1;4;6;22;-2.0582719638834;2;1;22;2.6848393667379593;17;4;8;6;2;6;3;0;1;2;1;19;12;3;14;1;3;9;1;7;-7.3461643690864475;14;3;3;3;25;5;6;3;6;5;4;25
TRACK:212;4;8;3;5;2;3;6;2;5;4;4;6;15;1;3;2;3;19;6;22;-0.03499774720603632;3;5;4;11;3;20;9.74776600337508
TRACK:213;4;8;6;4;2;0;4;3;6;4;6;15;6;4;0;1;3;4;7;-1.796785627472408;2;4;25;1;24;15;3;3;0;24;18;5;3;2;6;6;4;4;10;1;2;4;3;14;2;5;8;3;20;9.74776600337508;1;1;5;12;3;25;5;2;12;15
TRACK:214;7;9;0;4;4;0;1;4;4;5;5;5;8;5;1;4;1;0;15;23;9.010026579099339;4;21;7.603077435577408;2;3;1;21;0.8741299139996013;20;-9.727771496719013;1;5;25;4;8;0;1;6;5;3;1;7;1.1694286702868357;22;4.9607544345329515;5;3;5;4;22;9.67370061750217;0;1;0;16;9;6;10;1;1;6;1;9;8;1;6;21;-8.244041740037652;3;7;-8.343934600877203;6;5;3;25;6;3;5;1;6;2;1;1;4;25;1;19;10;6;3;9;1;2;0;16;20;-8.356452856661015;4;19;2;2;16;15;1;17;20;-4.716407496205484;3;0;0;0;4;25;4;16;4;1;23;3.4058139379531127;12;3;0;2;23;7.997450742602297;20;4.678946297741202;1;21;8.169859715769505;11
TRACK:215;7;9;4;1;2;6;3;3;3;24;2;2;5;5;1;0;5;9;4;11;4;6;16;2;4;1;3;3;13;3;5;15;2;6;3;5;14;6;0;6;15;4;9;0;2;4;5;4;6;22;2.665848916495923;4;4;4;2;18;16;1;6;1;6;3;10;2;5;19;6;8;4;6;2;0;13;11;3;20;-4.756331604557056;4;4;2;2;5;1;3;5;14;0;6;21;7.707510668684343;6;14;2;0;4;6;21;6.112383433580128;4;5;24;6;0;3;25;1;9;16;2;0;5;1;0;16;9;6;10;2;4;5;15;4;6;24;6;0;5;6;15;6;1;10;13
TRACK:216;0;6;4;6;3;1;5;6;6;6;1;2;15;15;6;17;1;1;4;6;5;4;16;2;6;0;9;5;19;3;1;1;13;15;6;25;6;6;4;5;3;19
TRACK:217;0;6;4;0;1;3;5;3;3;5;5;4;19;2;3;1;2;1;5;1;14;12;4;1;15;18;0;6;25;1;1;21;0.15781845565135022;24;6;14;6;6;6;5;14;6;4;6;0;3;3;9;0;2;19;17;3;15;6;4;2;0;0;6;6;1;21;-0.8411316608662993;22;-5.721673982302146;0;1;6;16;4;14;1;0;9;7;3.452318748288228;5;25;5;4;5;3;12;3;2;2;6;1;25;25;3;6;7;5.598869455374256;6;6;1;17;22;-0.8355763743440541
TRACK:218;1;4;1;0;1;0;6;1;6;6;0;0;11;13;0;24;25;2;0;0;1;11;18;5;13;0;5;19;1;16;16;1;0;2;23;-2.2571701295058633;11;5;14;6;1;16;13;6;0;2;4;5;4;9;0;6;6;19;5;6;7;-8.027529548669474;6;1;4;2;7;0.07010987965106708;9;2;1;18;14;0;13;16;4;4;5;2;3;1;5;21;8.72293539427383;4;10;5;6;0;10;20;9.760890453417513;0;6;5;2;4;6;6;6;12;4;2;5;2;18;18;2;3;20;-1.309421897974218;6;21;8.619756525285762;5;3;0;5;3;4;0;16;17;0;0;2;2;12;20;-7.142345868378386;5;25;4;1;23;1.9260129348463444;25;6;6;1;10;25;5;4;6;2;2;5;5;5;5;24;3;6;1;5;7;0.5327554097370673;4;8;5;3;2;6;2;19;23;-4.7855461444313185;6;6;19
TRACK:219;1;4;3;20;-7.142345868378386
TRACK:220;210;-1;4;6;3;1;5;6;6;6;1;2;15;15;6;17;1;1;4;3;4;3;13;2;6;0;2;17;18;5;19;3;1;1;13;15;6;25;6;6;4;5;3;19
TRACK:221;212;-1;3;5;2;3;6;2;5;4;4;6;15;1;3;2;6;10;6;22;0.018845649572680617;3;5;4;11;3;20;9.906318686757272
TRACK:222;214;-1;0;4;4;0;1;4;4;5;5;5;8;5;1;4;1;0;15;23;9.200810745868013;4;21;7.718510475747563;2;3;1;21;0.7977662928275694;20;-9.588204839602595;1;5;25;4;8;0;1;6;5;3;1;7;1.0324898276915921;22;4.79569211519643;5;3;5;4;22;9.781434187799839;0;1;0;16;9;6;10;1;1;6;1;9;8;1;6;21;-8.370889003417062;3;7;-8.270458739463805;6;5;3;25;6;3;5;1;6;2;1;1;4;25;1;19;18;6;3;9;1;2;0;16;20;-8.273030031366378;4;19;2;2;16;15;1;17;20;-4.68228831546886;3;0;0;0;4;25;4;16;4;1;23;3.4451014712481984;12;3;0;2;23;8.054384127864088;20;4.640899940081058;1;21;8.158619863896497;11
TRACK:223;216;-1;4;6;3;1;5;6;6;6;1;2;15;15;6;17;1;1;4;6;5;1;16;12;2;6;0;9;5;19;3;1;1;13;15;6;25;6;6;4;5;3;19
TRACK:224;218;-1;1;0;1;0;6;1;4;2;9;11;2;0;0;1;11;18;5;13;0;5;19;1;16;16;1;0;2;23;-2.2500390304182423;11;5;14;6;1;16;13;6;0;2;4;5;4;9;0;6;6;19;5;6;7;-8.00677548540579;6;1;4;2;7;0.08311446325100103;9;2;1;18;14;0;13;16;4;4;5;2;3;1;5;21;8.748250194387122;4;10;5;6;0;10;20;9.782270738592066;0;6;5;2;4;6;6;6;12;4;2;5;2;18;18;2;3;20;-1.2646579027723972;6;21;8.704774217643317;5;3;0;5;3;4;0;16;17;0;0;2;2;12;20;-7.141284323137431;5;25;4;1;23;2.0881883000593753;25;6;6;1;10;25;5;4;6;2;2;5;5;5;5;24;3;6;1;5;7;0.5762638957415548;4;8;5;3;2;6;2;19;23;-4.809527879136195;6;6;19
TRACK:225;211;-1;4;1;4;3;0;2;2;1;1;2;19;20;-4.140427264316859;0;8;23;-1.363267475064802;1;3;19;6;16;1;5;0;18;10;5;1;18;22;8.501420185624205;2;3;6;0;13;17;4;4;6;17;5;6;1;4;6;22;-2.0871667105462786;2;1;22;2.809118106931892;17;4;8;6;2;6;3;0;1;2;1;19;12;3;14;1;3;9;1;7;-7.11576224968264;14;3;3;3;25;5;6;3;6;5;4;25
TRACK:226;213;-1;6;4;2;0;4;3;6;4;6;15;6;4;0;1;3;4;7;-1.855624298601895;2;4;25;1;24;15;3;3;0;24;18;5;3;2;6;6;4;4;10;1;2;4;0;8;9;2;5;8;3;20;9.739382536544422;1;1;5;12;3;25;5;2;12;15
TRACK:227;215;-1;4;1;2;6;3;3;3;24;2;2;5;5;1;0;5;9;4;11;4;6;16;2;4;1;3;3;13;3;5;15;2;6;3;5;14;6;0;6;15;4;9;0;2;4;5;4;6;22;2.8095078977630807;4;4;4;2;18;16;1;6;1;6;3;10;2;5;19;6;8;4;6;2;0;13;11;3;20;-4.862182461727436;4;4;2;2;5;1;3;5;14;0;6;21;7.611347460406939;6;14;2;0;4;6;21;6.145659485098007;4;5;24;6;0;3;25;1;9;16;2;0;5;1;0;25;12;6;10;2;4;5;15;4;6;24;6;0;5;6;15;6;1;10;13
TRACK:228;217;-1;4;0;1;3;5;3;3;5;5;4;19;2;3;1;2;1;5;1;14;12;4;1;15;18;0;6;25;1;1;21;0.26068970000490677;24;6;14;6;6;6;5;14;6;4;6;0;3;3;9;0;2;19;17;3;15;6;4;2;0;0;6;6;1;21;-0.8989399047728782;22;-5.744249857617389;0;1;6;16;4;14;0;3;25;6;24;5;4;5;3;12;3;2;2;6;1;25;25;3;6;7;5.617165921116096;6;6;1;17;22;-0.972885169642896
TRACK:229;219;-1;6;6;17
EVAL_INSTANCE:11:0:220
EVAL_INSTANCE:11:1:221
EVAL_INSTANCE:11:2:222
EVAL_INSTANCE:11:3:223
EVAL_INSTANCE:11:4:224
EVAL_INSTANCE:11:5:225
EVAL_INSTANCE:11:6:226
EVAL_INSTANCE:11:7:227
EVAL_INSTANCE:11:8:228
EVAL_INSTANCE:11:9:229
RUN_RESULT:11:0:0:2000:----
RUN_RESULT:11:1:0:2000:----
RUN_RESULT:11:2:0:2000:----
RUN_RESULT:11:3:0:2000:----
RUN_RESULT:11:4:0:2000:----
RUN_RESULT:11:5:0:2000:----
RUN_RESULT:11:6:0:2000:----
RUN_RESULT:11:7:0:2000:----
RUN_RESULT:11:8:0:2000:----
RUN_RESULT:11:9:0:2000:----
    12 |      120 |  0.000000E+00 | -0.000000E+00
TRACK:230;0;3;4;6;3;1;5;6;6;6;1;2;15;15;6;17;1;1;4;6;5;4;16;2;6;0;2;17;18;5;19;3;1;1;13;15;3;13;6;6;4;5;3;19
TRACK:231;0;3;5;0;5;6;0;5;5;4;6;2;23;-9.425875259368343;23;6.351964638882649;6;2;6;0;0;22;-5.7053140582007185;15;2;13;8;0;1;4;14;5;9;2;2;22;-2.8628063595721738;8;3;13;3;0;4;1;3;3;5;6;22;6.502010675018717;2;1;5;0;7;2.951350615301049;22;3.1091386531019545;5;1;8;18;2;2;1;9;10;1;12;21;0.4828827554892712;2;5;7;-5.060335771358783;3;24;0;4;5;2;0;18;4;11;4;0;11;25;4;2;4;5;6;19;5;0;3;15;2;13;18
TRACK:232;8;5;6;4;2;0;4;3;6;1;6;6;11;1;1;23;-6.194829372622004;8;0;23;-6.448084404665872;22;-2.585017750253062;6;4;0;1;3;4;7;-1.796785627472408;2;4;25;1;24;15;3;3;0;24;18;5;3;2;6;6;4;17;1;2;4;3;14;2;5;8;3;20;9.74776600337508;1;1;5;12;3;25;5;2;12;15
TRACK:233;8;5;1;5;3;1;0;4;5;1;2;3;9;5;23;7.309737645474968;1;6;7;0.3218028824642367;3;11;4;6;6;1;6;16;2;7;-5.854091696762859;22;3.66350285320285;1;0;3;4;6;2;25;10;1;4;6;4;15;5;0;6;22;-9.58565805499974;4;8;0;6;0;6;1;19;23;-3.587308483082352;0;5;25;1;11;12;4;5;6;3;22;-9.350739913168448;0;6;5;5;6;4;0;3;4;11;4;6;23;3.393492578825029;4;2;0;0;0;2;0;2;14;18;3;18;5;3;7;-7.279508601903622;0;4;6;22;6.945105059765922;3;4;14;4;5;3;0;20;-2.748115565306861;20;4.594253372334986;6;5;4;5;1;16;19;2;4;2;6;1;6;14;3;21;9.356815312735755;2;4;0;25;21;7.75724703552433;1;1;17;10;3;17;5;0;4;0;5;24;0;25;9;0;3;5;24;0;2;17;10;0;16;11
TRACK:234;7;1;0;4;4;0;1;4;4;5;5;5;8;18;0;1;6;5;3;1;7;1.1694286702868357;22;4.9607544345329515;5;3;5;4;22;9.67370061750217;0;4;1;6;4;8;6;1;24;12;1;1;6;1;9;8;1;6;21;-8.244041740037652;3;7;-8.343934600877203;6;5;3;25;6;3;5;1;6;2;1;1;4;25;1;19;10;6;3;9;1;2;0;16;20;-8.356452856661015;4;19;2;2;16;15;1;17;20;-4.716407496205484;3;0;0;0;4;25;4;16;4;1;23;3.4058139379531127;12;3;0;2;23;7.997450742602297;20;4.678946297741202;1;21;8.169859715769505;11
TRACK:235;7;1;1;0;1;0;6;1;6;6;0;0;11;13;0;24;25;2;0;0;1;11;18;5;13;0;5;19;1;16;16;1;0;2;23;-2.2571701295058633;11;5;14;6;1;16;13;6;0;2;4;5;4;9;0;6;6;19;1;24;12;6;1;4;2;7;0.07010987965106708;9;2;1;18;14;0;13;16;4;4;5;2;3;1;5;21;8.72293539427383;4;10;5;6;0;10;20;9.760890453417513;0;6;5;2;4;6;6;6;12;4;2;5;2;18;18;2;3;20;-1.309421897974218;6;21;8.619756525285762;5;3;0;5;3;4;0;16;17;0;0;2;2;12;20;-7.142345868378386;2;13;22;7.201771128708472;4;1;23;1.9260129348463444;25;6;6;1;10;25;5;4;6;2;2;5;5;5;5;24;3;6;1;5;7;0.5327554097370673;4;8;5;3;2;6;2;19;23;-4.7855461444313185;6;6;19
TRACK:236;3;5;5;0;5;6;0;5;5;4;6;2;23;-9.425875259368343;23;6.351964638882649;6;2;6;0;0;22;-5.7053140582007185;15;2;13;8;0;1;4;14;5;9;2;2;22;-2.8628063595721738;8;3;13;3;0;4;1;3;3;5;6;22;6.502010675018717;2;1;5;0;7;2.951350615301049;22;3.1091386531019545;5;1;8;18;2;2;1;9;10;1;12;21;0.4828827554892712;2;3;22;-9.350739913168448;3;24;0;4;5;2;0;2;23;-5.9151488629807725;17;4;11;4;0;11;25;4;2;4;5;6;19;5;0;3;15;2;13;18
TRACK:237;3;5;1;5;3;1;0;4;5;1;2;3;9;5;23;7.309737645474968;1;6;7;0.3218028824642367;3;11;4;6;6;1;6;16;2;7;2.951350615301049;22;3.66350285320285;1;0;3;4;6;2;25;10;1;4;6;4;15;5;0;6;22;-9.58565805499974;4;8;0;6;0;6;1;19;23;-3.587308483082352;0;5;25;1;11;12;4;5;6;3;22;-9.350739913168448;0;6;5;5;6;4;0;3;4;11;4;6;23;3.393492578825029;4;2;0;0;0;2;0;2;14;18;3;18;5;3;7;-7.279508601903622;0;4;6;22;6.945105059765922;3;4;14;4;5;3;0;20;-2.748115565306861;20;4.594253372334986;6;5;4;5;1;16;19;2;4;2;6;1;6;14;3;21;9.356815312735755;2;4;0;25;21;7.75724703552433;1;1;17;10;3;17;5;0;4;0;5;24;0;25;9;0;3;5;24;0;2;17;10;0;16;11
TRACK:238;2;6;4;1;4;3;0;2;2;1;1;2;19;20;-4.142185303395147;0;8;23;-1.4602899930131628;1;3;19;6;16;1;5;0;18;10;5;1;18;21;-9.826680263377368;2;3;6;0;13;17;4;4;1;25;17;5;6;1;4;6;22;-2.0582719638834;2;1;22;2.6848393667379593;17;4;8;6;2;6;3;0;1;2;1;19;12;3;14;1;3;9;1;7;-7.3461643690864475;14;3;3;3;25;5;6;3;6;5;4;25
TRACK:239;2;6;4;0;1;3;5;3;3;5;5;4;19;2;3;1;2;1;5;1;14;12;4;1;15;18;0;5;2;11;7;3.3949546236874166;1;1;21;0.15781845565135022;24;6;14;6;6;6;5;14;6;4;6;0;3;3;9;0;2;19;17;3;15;6;4;2;0;0;6;6;1;9;22;-5.721673982302146;0;1;6;16;4;14;1;0;9;7;3.452318748288228;5;25;5;4;5;3;12;3;2;2;6;1;25;25;3;6;7;5.598869455374256;6;6;1;17;22;-0.8355763743440541
TRACK:240;230;-1;4;6;3;1;5;6;6;6;1;2;15;15;6;17;1;1;4;6;5;4;16;2;6;0;2;17;18;5;19;0;1;21;-5.622486172582719;7;-7.086917132281274;1;14;16;6;6;4;5;3;19
TRACK:241;232;-1;6;4;2;0;4;3;6;1;6;6;11;1;1;23;-6.1328875330896535;8;0;23;-6.219664986684356;22;-2.5891410053018;6;4;0;1;3;4;7;-1.7920962359312604;2;4;25;1;24;15;3;3;0;24;18;5;3;2;6;6;4;17;1;2;4;3;14;2;5;8;3;20;9.821088675138428;4;19
TRACK:242;234;-1;0;4;4;0;1;4;4;5;5;5;8;18;0;1;6;5;3;1;7;1.3773673511503226;22;5.17354483713928;5;3;5;4;22;9.662890948052304;0;4;1;6;4;8;6;1;24;12;1;1;6;2;10;10;1;6;21;-8.275474290328178;3;7;-8.38397908305465;6;5;3;25;6;3;5;1;6;2;1;1;4;25;1;19;10;6;3;9;1;2;0;16;20;-8.284272629482244;4;19;2;2;16;15;1;17;20;-4.673693316091449;3;0;0;0;4;25;4;16;4;1;23;3.5730375876061364;12;3;0;2;23;7.914471556098874;20;4.627237707171169;1;21;8.045435244905207;11
TRACK:243;236;-1;5;0;5;6;0;5;5;4;6;2;23;-9.489736895873477;23;6.304463412227516;6;2;6;0;0;22;-5.726175326350452;15;2;13;8;0;1;4;14;5;9;2;2;22;-2.841398512123209;8;3;13;3;0;4;1;3;3;5;6;22;6.520298962194156;2;1;5;0;7;3.0702162711436403;22;3.1241218970802334;5;1;8;18;2;2;1;9;10;1;12;21;0.5030379291938423;2;3;22;-9.415021415121098;3;24;3;3;11
TRACK:244;238;-1;4;1;4;3;0;2;2;1;1;2;19;20;-4.1793854249459566;0;8;23;-1.4461069659434365;1;3;19;6;16;1;5;0;18;10;5;1;18;21;-9.896554417714414;2;3;5;7;-8.193071247986301;4;4;1;25;17;5;6;1;4;6;22;-1.872164887133593;2;1;22;2.776112414001789;17;4;8;6;2;6;3;0;1;2;1;19;12;3;14;1;3;9;1;7;-7.260924303106236;14;3;3;3;25;5;6;3;6;5;4;25
TRACK:245;231;-1;5;0;5;6;0;5;5;4;6;2;23;-9.328598065561625;23;6.351038366628803;6;2;6;0;0;22;-5.689578784051819;15;2;13;8;0;1;4;14;5;9;2;2;22;-2.918752246399158;8;3;13;3;0;4;1;3;3;5;6;22;6.54266940733285;2;1;5;0;7;2.7150850657425862;22;2.9472363621202917;5;1;8;18;2;2;1;9;10;1;12;21;0.4479944627101399;2;5;7;-5.150679992786408;3;24;0;4;5;2;0;18;4;11;4;0;11;17;4;2;4;5;6;19;5;0;3;15;2;13;18
TRACK:246;233;-1;1;5;3;1;0;4;5;1;2;3;9;5;23;7.230154873077874;1;6;7;0.3166319739111693;3;11;4;6;6;1;6;16;2;7;-5.856733786116894;22;3.5654781878330306;1;0;3;4;6;2;25;10;1;4;6;4;15;5;0;6;22;-9.625485621908583;4;8;0;6;0;6;1;19;23;-3.4480933324260836;0;5;25;1;11;12;4;5;6;3;22;-9.375886233140694;0;6;5;5;6;4;0;3;4;11;4;6;23;3.4522646472051552;4;2;0;0;0;2;0;2;14;18;3;18;5;3;7;-7.381611202731425;0;4;6;22;6.960005227799317;3;4;14;4;5;3;1;22;4.640859471359866;22;-9.574496503474489;6;5;4;5;1;16;19;2;4;2;6;1;6;14;3;21;9.368317347747672;2;4;0;25;21;7.683384766650179;1;1;17;10;3;17;5;0;4;0;5;24;0;25;9;0;3;5;24;0;2;17;10;0;16;11
TRACK:247;235;-1;1;0;1;0;6;1;6;6;0;0;11;13;0;24;25;2;0;0;1;11;18;5;13;0;5;19;1;16;16;1;0;2;23;-2.245812925928717;11;5;14;6;1;16;13;6;0;2;4;5;4;9;0;6;6;19;1;24;12;6;1;4;2;7;0.11312778696053705;9;2;1;18;14;0;13;16;4;4;5;2;3;1;5;21;8.725345377356009;4;10;5;6;0;10;20;9.625967705276285;0;6;5;2;4;6;6;6;12;4;2;5;2;18;18;2;3;20;-1.1578262415826044;4;7;-2.453256349014592;5;3;0;5;3;4;0;16;17;0;0;2;2;12;20;-7.2684424789534114;2;13;22;7.176916380378899;4;1;23;1.7011550015883414;25;6;6;1;10;25;5;4;6;2;2;5;5;5;5;24;3;6;1;5;7;0.5240834930203829;4;8;5;3;2;6;2;19;23;-4.732156092646869;6;6;19
TRACK:248;237;-1;1;5;3;1;0;4;5;1;2;3;9;5;23;7.5296279902564525;1;6;7;0.36173074297908236;3;11;4;6;6;1;6;16;2;7;2.9070440574850807;22;3.6631761782406516;1;0;3;4;6;2;25;10;1;4;6;4;15;5;0;6;22;-9.479335224637039;4;8;0;6;0;6;1;19;23;-3.517395728391928;0;5;25;1;11;12;4;5;6;3;22;-9.459552994604168;0;6;5;5;6;4;0;3;4;11;4;6;23;3.368276855275373;4;2;0;0;0;2;0;2;14;18;3;18;5;3;7;-7.325972741438534;0;4;6;22;6.823614378206066;3;4;14;4;5;3;0;20;-2.7272817970373624;20;4.520704744597159;6;5;4;5;1;16;19;2;4;2;6;1;6;14;3;21;9.655599049435018;2;4;0;25;21;7.834226072547566;1;1;17;10;3;17;5;0;4;0;5;24;0;25;9;0;3;5;24;0;2;17;10;0;16;18
TRACK:249;239;-1;4;0;1;3;5;3;3;5;4;5;8;2;3;1;2;1;5;1;14;12;4;1;15;18;0;5;2;11;7;3.460915609655139;1;1;21;0.037880055036857985;24;6;14;6;6;6;5;14;6;4;6;0;3;3;9;0;2;19;17;3;15;6;4;2;0;0;6;6;1;9;22;-5.582051551143766;0;1;6;16;4;14;1;0;9;7;3.2871398351894907;5;25;5;4;5;3;12;3;2;2;6;1;25;25;3;6;7;5.63925636961192;6;6;1;17;22;-0.7631686799065672
EVAL_INSTANCE:12:0:240
EVAL_INSTANCE:12:1:241
EVAL_INSTANCE:12:2:242
EVAL_INSTANCE:12:3:243
EVAL_INSTANCE:12:4:244
EVAL_INSTANCE:12:5:245
EVAL_INSTANCE:12:6:246
EVAL_INSTANCE:12:7:247
EVAL_INSTANCE:12:8:248
EVAL_INSTANCE:12:9:249
RUN_RESULT:12:0:0:2000:----
RUN_RESULT:12:1:0:2000:----
RUN_RESULT:12:2:0:2000:----
RUN_RESULT:12:3:0:2000:----
RUN_RESULT:12:4:0:2000:----
RUN_RESULT:12:5:0:2000:----
RUN_RESULT:12:6:0:2000:----
RUN_RESULT:12:7:0:2000:----
RUN_RESULT:12:8:0:2000:----
RUN_RESULT:12:9:0:2000:----
    13 |      130 |  0.000000E+00 | -0.000000E+00
TRACK:250;6;0;4;0;1;3;5;3;3;5;5;4;19;2;3;1;2;1;5;1;14;12;4;1;15;18;0;5;2;11;7;3.3949546236874166;1;1;21;0.15781845565135022;24;6;14;6;6;6;5;14;6;4;6;0;3;3;9;0;2;19;17;3;15;6;4;2;0;0;6;6;1;21;-0.8411316608662993;22;-5.721673982302146;0;15;1;0;9;7;3.452318748288228;5;25;5;4;5;3;12;3;2;2;6;1;25;25;3;6;7;5.598869455374256;6;6;1;17;22;-0.8355763743440541
TRACK:251;6;0;4;6;3;1;5;6;6;6;1;2;15;15;6;17;1;1;4;6;5;4;16;2;6;0;2;17;9;5;19;3;1;1;13;15;6;25;6;6;4;5;3;19
TRACK:252;7;3;0;4;4;0;1;4;4;5;5;5;8;5;1;4;11;2;3;1;21;0.8741299139996013;20;-9.727771496719013;1;5;25;4;8;0;1;6;5;3;1;7;1.1694286702868357;22;4.9607544345329515;5;3;5;4;22;9.67370061750217;0;4;1;6;4;8;6;1;24;12;1;1;6;1;9;8;1;6;21;-8.244041740037652;3;7;-8.343934600877203;6;5;3;25;6;3;5;1;6;2;1;1;4;25;1;19;10;6;3;9;1;2;0;16;20;-8.356452856661015;4;19;2;2;16;15;1;17;20;-4.716407496205484;3;0;0;0;4;25;4;16;4;1;23;3.4058139379531127;12;3;0;2;23;7.997450742602297;20;4.678946297741202;1;21;8.169859715769505;11
TRACK:253;7;3;5;0;5;6;0;5;5;4;6;2;23;-9.425875259368343;23;6.351964638882649;6;2;6;0;0;25;15;2;13;8;0;1;4;14;5;9;2;2;22;-2.8628063595721738;8;3;13;3;0;4;1;3;3;5;6;22;6.502010675018717;2;1;5;0;7;2.951350615301049;22;3.1091386531019545;5;1;8;18;2;2;1;9;10;1;12;21;0.4828827554892712;2;5;7;-5.060335771358783;3;24;0;4;5;2;0;2;23;-5.9151488629807725;17;4;11;4;0;11;25;4;2;4;5;6;19;5;0;3;15;2;13;18
TRACK:254;4;0;3;5;2;3;6;2;5;4;4;6;15;1;3;2;3;19;6;22;-0.03499774720603632;3;5;4;11;4;4;3;4;3;0;3;17;5;25
TRACK:255;4;0;4;6;3;1;5;6;6;6;1;2;15;15;6;17;1;1;4;6;5;4;16;2;6;0;2;17;18;5;11;3;1;1;13;15;6;25;6;6;4;5;3;19
TRACK:256;6;4;4;0;1;3;5;3;3;5;5;4;19;2;3;1;2;1;5;1;14;12;4;1;15;18;0;5;2;11;7;3.3949546236874166;1;1;21;0.15781845565135022;24;6;14;6;6;6;5;14;6;4;6;0;3;3;9;0;2;19;17;3;15;6;4;2;0;0;6;6;1;21;-0.8411316608662993;22;-5.721673982302146;0;1;6;15;4;14;1;0;9;7;3.452318748288228;5;25;5;4;5;3;12;3;2;2;6;1;25;25;3;6;7;5.598869455374256;6;6;1;17;22;-0.8355763743440541
TRACK:257;6;4;3;5;2;3;6;2;5;4;4;6;15;1;3;2;17;6;22;-0.03499774720603632;3;5;4;11;4;4;3;4;3;0;3;24;5;25
TRACK:258;7;5;0;4;4;0;1;4;4;5;5;5;8;5;1;4;1;0;15;23;9.010026579099339;4;21;7.603077435577408;2;3;1;21;0.8741299139996013;20;-9.727771496719013;1;5;25;4;8;0;1;6;5;3;24;5;3;5;4;22;9.67370061750217;0;4;1;6;4;8;6;1;24;12;1;1;6;1;9;8;1;6;21;-8.244041740037652;3;7;-8.343934600877203;6;5;3;25;6;3;5;1;6;2;1;1;4;25;1;19;10;6;3;9;1;2;0;16;20;-8.356452856661015;4;19;2;2;16;15;1;17;20;-4.716407496205484;3;0;0;0;4;25;4;16;4;1;23;3.4058139379531127;12;3;0;2;23;7.997450742602297;20;4.678946297741202;1;21;8.169859715769505;11
TRACK:259;7;5;1;5;3;1;0;4;5;1;2;3;9;5;23;7.309737645474968;1;6;7;0.3218028824642367;3;11;4;6;6;1;6;16;2;7;-5.854091696762859;22;3.66350285320285;1;0;3;4;6;2;25;10;1;4;6;4;15;5;0;6;22;-9.58565805499974;4;8;0;6;0;6;1;19;23;-3.587308483082352;6;21;-8.244041740037652;4;5;6;3;22;-9.350739913168448;0;6;5;5;6;4;0;3;4;11;4;6;23;3.393492578825029;4;2;0;0;0;2;0;2;14;18;3;18;5;3;7;-7.279508601903622;0;4;6;22;6.945105059765922;3;4;14;4;5;3;0;20;-2.748115565306861;20;4.594253372334986;6;5;4;5;1;16;19;2;4;2;6;1;6;14;3;21;9.356815312735755;2;4;0;25;21;7.75724703552433;1;1;17;10;3;17;5;0;4;0;5;24;0;25;9;0;3;5;24;0;2;17;10;0;16;11
TRACK:260;6;-1;4;0;1;3;5;3;3;5;5;4;19;2;3;1;2;1;5;1;14;12;4;1;15;18;0;5;2;11;7;3.402902980865936;1;1;21;0.2728925868148858;24;6;14;6;6;6;5;14;6;4;6;0;3;3;9;0;2;19;17;3;15;6;4;2;0;0;6;6;1;21;-0.8036971954346877;22;-5.677002801512207;0;1;6;16;4;14;1;0;9;7;3.5059559287536906;5;25;5;4;5;3;12;3;2;2;6;1;25;25;3;6;7;5.522171105203452;6;6;11
TRACK:261;252;-1;0;4;4;0;1;4;4;5;5;5;8;5;1;4;11;2;3;1;21;1.0838687749508087;20;-9.91752529094819;1;5;25;4;8;0;1;6;5;3;1;7;1.1567904158818003;22;5.027854285036603;5;3;5;4;22;9.716730995551337;0;4;1;6;4;8;6;1;24;12;1;1;6;1;9;8;1;6;21;-8.216107490249009;3;7;-8.426645214266122;6;5;3;25;6;3;5;1;6;2;1;1;4;25;1;19;10;6;3;9;1;2;0;16;20;-8.415077631288588;4;19;2;2;16;15;1;17;20;-4.837397966515964;3;0;0;0;4;25;4;16;4;4;16;3;0;2;23;8.00477850439303;20;4.639946952842805;1;21;8.104884213596462;11
TRACK:262;254;-1;3;5;2;3;6;2;3;0;6;0;22;5.696182048314753;13;2;1;24;23;-7.883709571205535;5;13;1;3;2;3;19;6;22;-0.15313872084480076;3;5;4;11;4;4;3;4;3;0;3;17;5;25
TRACK:263;256;-1;4;0;1;3;5;3;3;5;5;4;19;2;3;1;2;1;5;1;14;20;5.015124344178632;4;1;15;18;0;5;2;11;7;3.5445646975628744;1;1;21;0.1706126887152473;24;6;14;6;6;6;5;14;6;4;6;0;3;3;9;0;2;19;17;3;15;6;4;2;0;0;6;6;1;21;-0.9392283095628726;22;-5.861015117179396;0;1;6;15;4;14;1;0;9;7;3.5737150672227727;5;25;5;4;5;3;12;3;2;2;6;1;25;25;3;6;7;5.415727190855254;6;6;1;17;22;-0.7989412034257108
TRACK:264;258;-1;0;4;4;0;1;4;5;7;0.2766671611735809;5;1;4;1;0;15;23;9.037542630268067;4;21;7.809130919411191;2;3;1;21;0.849158258687546;20;-9.601325521958946;1;5;25;4;8;0;1;6;5;3;24;5;3;5;4;22;9.805157829225669;0;4;1;6;4;8;6;1;24;12;1;1;6;1;9;8;1;6;21;-8.231188638296542;3;7;-8.350969986316107;6;5;3;25;6;3;5;1;6;2;1;1;4;25;1;19;10;6;3;9;1;2;0;16;20;-8.44497146806155;4;19;2;2;16;15;1;17;20;-4.75974626370985;3;0;0;0;4;25;4;16;4;1;23;3.5577205326392702;12;3;0;2;23;7.698249606232679;20;4.657686446896457;1;21;8.026718652525634;11
TRACK:265;0;-1;4;6;3;1;5;0;2;4;8;6;15;1;6;19;1;16;22;-5.758751975885441;1;1;4;6;5;4;16;2;6;0;2;17;18;5;19;3;1;1;13;15;6;25;6;6;4;5;3;19
TRACK:266;253;-1;5;0;5;6;0;5;5;4;6;2;23;-9.405726542137543;23;6.1624968239325195;6;2;6;0;0;25;15;4;16;0;1;4;14;5;9;2;2;22;-2.8639001939198634;8;3;13;3;0;4;1;3;3;5;6;22;6.499502161853073;2;1;5;0;7;2.9421706166784203;22;3.1686439685467165;5;1;8;18;2;2;1;9;10;1;12;21;0.4867591114405424;2;5;7;-5.092564468430921;3;24;0;4;5;2;0;2;23;-5.960796616190951;17;4;11;4;0;11;25;4;2;4;5;6;19;5;0;3;15;2;13;18
TRACK:267;255;-1;4;6;3;1;5;6;6;6;1;2;15;15;6;17;1;1;4;6;5;4;16;2;0;1;1;21;-8.232448276300763;7;2.0813111507098707;0;19;11;2;1;13;9;3;15;3;1;1;13;15;6;25;6;6;4;5;3;19
TRACK:268;257;-1;3;5;2;3;6;2;5;4;4;6;15;1;3;2;17;6;22;-0.11936043023122206;3;5;4;23;-9.781781929571407;4;4;3;4;3;0;3;24;5;25
TRACK:269;259;-1;1;5;3;1;0;4;5;1;2;3;9;5;23;7.441451149212494;1;6;7;0.280967011606653;3;11;4;6;6;1;6;16;2;7;-5.883067117860892;22;3.919888325023706;1;0;3;4;6;2;25;10;1;4;6;6;12;5;0;6;22;-9.687247697232802;4;8;0;6;0;6;1;19;23;-3.4346305000306123;6;21;-8.110677583255754;4;5;6;3;22;-9.334873158433107;0;6;5;5;6;4;0;3;4;11;4;6;23;3.5180181750874886;4;2;0;0;0;2;0;2;14;18;3;18;5;3;7;-7.333380476841534;0;4;6;22;6.99583253336841;3;4;14;4;5;3;0;20;-2.8774883716433193;20;4.8006723843072425;6;5;4;5;1;16;19;2;4;2;6;1;6;14;3;21;9.296178598361646;2;4;0;25;21;7.938376171398222;1;1;17;10;3;17;5;0;4;0;5;24;0;25;9;0;3;5;24;0;2;17;10;0;16;11
EVAL_INSTANCE:13:0:260
EVAL_INSTANCE:13:1:261
EVAL_INSTANCE:13:2:262
EVAL_INSTANCE:13:3:263
EVAL_INSTANCE:13:4:264
EVAL_INSTANCE:13:5:265
EVAL_INSTANCE:13:6:266
EVAL_INSTANCE:13:7:267
EVAL_INSTANCE:13:8:268
EVAL_INSTANCE:13:9:269
RUN_RESULT:13:0:0:2000:----
RUN_RESULT:13:1:0:2000:----
RUN_RESULT:13:2:0:2000:----
RUN_RESULT:13:3:0:2000:----
RUN_RESULT:13:4:0:2000:----
RUN_RESULT:13:5:0:2000:----
RUN_RESULT:13:6:0:2000:----
RUN_RESULT:13:7:0:2000:----
RUN_RESULT:13:8:0:2000:----
RUN_RESULT:13:9:0:2000:----
    14 |      140 |  0.000000E+00 | -0.000000E+00
TRACK:270;8;6;6;4;2;0;4;3;6;1;6;6;11;1;1;23;-6.194829372622004;25;0;23;-6.448084404665872;22;-2.585017750253062;6;4;0;1;3;4;7;-1.796785627472408;2;4;25;1;24;15;3;3;0;24;18;5;3;2;6;6;4;4;10;1;2;4;3;14;2;5;8;3;20;9.74776600337508;1;1;5;12;3;25;5;2;12;15
TRACK:271;8;6;4;0;1;3;5;3;3;5;5;4;19;2;3;1;2;1;5;1;14;12;4;1;15;18;0;5;2;11;7;3.3949546236874166;1;1;21;0.15781845565135022;24;6;14;6;6;6;5;14;6;4;6;0;3;3;9;0;2;19;17;3;15;6;4;2;0;0;6;6;1;21;-0.8411316608662993;22;-5.721673982302146;0;1;6;16;4;14;1;0;9;24;5;25;5;4;5;3;12;3;2;2;6;1;25;25;3;6;7;5.598869455374256;6;6;1;17;22;-0.8355763743440541
TRACK:272;4;9;3;5;2;3;6;2;5;4;4;6;15;1;3;13;3;5;4;11;4;4;3;4;3;0;3;24;5;25
TRACK:273;4;9;4;1;2;6;3;3;3;1;6;6;24;5;1;13;13;2;2;5;5;1;0;5;9;4;11;4;6;16;2;4;1;3;3;13;3;5;15;2;6;3;5;14;6;0;6;15;4;9;0;2;4;5;4;6;22;2.665848916495923;4;4;4;2;18;16;1;6;1;6;3;10;2;5;19;6;8;4;6;2;0;13;11;3;20;-4.756331604557056;4;4;2;2;5;1;3;5;14;0;6;21;7.707510668684343;6;14;2;0;4;15;4;5;24;6;0;3;25;1;9;16;2;0;5;1;0;16;9;6;10;2;4;5;15;4;6;24;6;0;5;6;15;6;1;10;13
TRACK:274;3;5;5;0;5;6;0;5;5;4;6;2;23;-9.425875259368343;23;6.351964638882649;6;2;6;0;0;22;-5.7053140582007185;15;2;13;8;0;1;4;14;5;9;2;2;22;-2.8628063595721738;8;3;13;3;0;4;1;3;3;5;6;22;6.502010675018717;2;1;5;0;7;2.951350615301049;22;3.1091386531019545;5;1;8;18;9;0;4;5;2;0;2;23;-5.9151488629807725;17;4;11;4;0;11;25;4;2;4;5;6;19;5;0;3;15;2;13;18
TRACK:275;3;5;1;5;3;1;0;4;5;1;2;3;9;5;23;7.309737645474968;1;6;7;0.3218028824642367;3;11;4;6;6;1;6;16;2;7;-5.854091696762859;22;3.66350285320285;1;0;3;4;6;2;25;10;1;4;6;4;15;5;0;6;22;-9.58565805499974;4;8;0;2;0;2;23;-5.9151488629807725;17;4;11;4;0;11;25;4;5;6;3;22;-9.350739913168448;0;6;5;5;6;4;0;3;4;11;4;6;23;3.393492578825029;4;2;0;0;0;2;0;2;14;18;3;18;5;3;7;-7.279508601903622;0;4;6;22;6.945105059765922;3;4;14;4;5;3;0;20;-2.748115565306861;20;4.594253372334986;6;5;4;5;1;16;19;2;4;2;6;1;6;14;3;21;9.356815312735755;2;4;0;25;21;7.75724703552433;1;1;17;10;3;17;5;0;4;0;5;24;0;25;9;0;3;5;24;0;2;17;10;0;16;11
TRACK:276;6;7;4;0;1;3;5;3;3;5;5;4;19;2;3;1;2;1;5;1;14;12;4;1;15;18;0;5;2;11;7;3.3949546236874166;1;1;21;0.15781845565135022;24;6;14;6;6;6;5;14;6;4;6;0;3;3;9;0;2;19;17;3;15;6;4;2;0;0;6;6;1;21;-0.8411316608662993;22;-5.721673982302146;0;1;6;16;4;14;1;1;21;8.169859715769505;11;5;25;5;4;5;3;12;3;2;2;6;1;25;25;3;6;7;5.598869455374256;6;6;1;17;22;-0.8355763743440541
TRACK:277;6;7;0;4;4;0;1;4;4;5;5;5;8;5;1;4;1;0;15;23;9.010026579099339;4;21;7.603077435577408;2;3;1;21;0.8741299139996013;20;-9.727771496719013;1;5;25;4;8;0;1;6;5;3;1;7;1.1694286702868357;22;4.9607544345329515;5;3;5;4;22;9.67370061750217;0;4;1;6;4;8;6;1;24;12;1;1;6;1;9;8;1;6;21;-8.244041740037652;3;7;-8.343934600877203;6;5;3;25;6;3;5;1;6;2;1;1;4;25;1;19;10;6;3;9;1;2;0;16;20;-8.356452856661015;12;2;2;16;15;1;17;20;-4.716407496205484;3;0;0;0;4;25;4;16;4;1;23;3.4058139379531127;12;3;0;2;23;7.997450742602297;20;4.678946297741202;1;21;8.169859715769505;11
TRACK:278;4;0;3;5;2;3;6;2;5;4;4;6;15;1;3;2;3;19;6;22;-0.03499774720603632;3;5;4;11;3;19
TRACK:279;4;0;4;6;6;15
TRACK:280;270;-1;6;4;2;0;4;3;6;1;6;6;11;1;1;23;-6.143226242997304;25;0;23;-6.526691433391054;22;-2.498683165226724;6;4;0;1;3;4;7;-1.7598522479289487;2;4;25;1;24;15;3;3;0;24;18;5;3;2;6;6;4;2;7;3.8494941513997176;25;1;2;4;3;14;2;5;8;3;20;9.80941897674008;1;1;5;12;3;25;5;2;12;15
TRACK:281;272;-1;3;5;2;3;6;2;5;4;4;6;15;1;3;13;3;5;4;11;4;4;3;4;3;6;3;13
TRACK:282;274;-1;5;0;5;6;0;5;5;4;6;2;23;-9.37232753289152;23;6.230813542501374;6;2;6;0;0;22;-5.567024997929946;15;2;13;8;0;1;4;14;5;9;2;2;22;-2.807809864528087;8;3;13;3;0;4;1;3;3;5;6;22;6.543718010063944;2;1;5;0;7;2.8939510854589163;22;3.0142438740113815;5;1;8;18;9;0;4;2;2;0;2;24;7;-1.598941222599695;0;23;-9.101016730835978;23;-5.418496527499896;3;2;17;15;1;1;5;18;5;21;0.5532942769440545;1;2;20;-3.3987945035209277;8;4;7;-3.1757859181421217;4;2;4;5;6;19;5;0;3;15;2;13;18
TRACK:283;276;-1;4;0;1;3;5;3;3;5;5;4;19;2;3;1;2;1;5;1;14;12;4;1;15;18;0;5;2;11;7;3.2611371566273046;1;1;21;0.12011108266466529;24;6;14;6;6;6;5;14;6;4;6;0;3;3;9;0;2;19;17;3;15;6;4;2;0;0;6;6;1;21;-0.8999771287306599;22;-5.784664828067506;0;1;6;16;4;14;1;1;21;8.185086834114495;11;3;7;2.3023582437387127;5;4;5;3;12;3;2;2;6;1;25;25;3;6;7;5.6877084079960065;6;6;1;17;22;-0.8263452487766603
TRACK:284;4;-1;3;5;2;3;6;2;5;4;4;6;15;1;3;2;6;19;6;22;-0.028802714268010367;3;5;4;11;4;4;3;4;3;0;3;24;5;25
TRACK:285;271;-1;4;0;1;3;5;3;3;5;5;4;19;2;3;1;2;1;5;1;14;12;4;1;15;18;0;5;2;11;7;3.5038283391748437;1;1;21;0.14469826486225734;24;6;14;6;6;6;5;14;6;4;6;0;3;3;9;0;2;19;17;3;15;1;3;4;1;12;23;2.5809601896585797;3;3;3;15
TRACK:286;273;-1;6;2;2;5;4;5;5;6;2;25;11;1;5;2;6;2;3;17;0;17;18;0;1;4;17;3;20;-7.476343258823732;5;4;8;5;4;4;0;1;23;-7.824896658460645;12;5;11;5;1;2;0;4;5;5;7;-6.760528409439748;0;5;1;13;22;8.503299485636855;4;4;16;6;2;2;5;14;5;16;3;1;18;23;-2.4033336483342023;1;1;4;3;5;16;3;5;5;9;0;6;0;0;11;15;1;8;21;7.4590980728182394;1;5;0;16;11;4;3;18
TRACK:287;275;-1;1;5;3;1;0;4;5;1;2;3;9;5;23;7.424683063504741;1;6;7;0.19100159273704087;3;11;4;6;6;1;6;16;2;7;-5.980093927664219;22;3.7002652408817607;1;0;0;1;20;6.673177643216725;19;5;18;1;4;6;4;15;5;0;6;22;-9.465194833783052;4;8;0;2;0;2;23;-5.967844235182819;17;4;11;4;0;11;25;4;5;6;3;22;-9.314447587127338;0;6;5;5;6;4;0;3;4;11;4;6;23;3.7287743301722256;4;2;0;0;0;2;0;2;14;18;3;18;5;3;7;-7.286248777367059;0;4;6;22;7.054121843398835;3;4;14;4;5;3;0;20;-2.730485409216151;20;4.579802950342467;6;5;4;5;1;16;19;2;4;2;6;1;6;14;3;21;9.223432161941325;2;4;0;25;21;7.633071467346875;1;1;17;10;3;17;5;0;4;0;5;24;0;25;9;0;3;5;24;0;2;17;10;0;16;11
TRACK:288;277;-1;0;4;4;0;1;4;4;5;5;5;8;5;1;4;1;0;15;23;8.902964664130984;4;21;7.674318132046049;2;3;1;21;0.9468434746650646;20;-9.738814305935312;1;5;25;4;8;0;1;6;5;3;1;7;1.1461542622527046;22;4.982662028125202;5;3;5;4;22;9.529358906788532;0;4;1;6;4;8;6;1;24;12;1;1;6;1;9;8;1;6;21;-8.396135134356035;3;7;-8.270224882965731;6;5;3;10;6;3;5;1;6;2;1;1;4;25;1;19;10;6;3;9;1;2;0;16;20;-8.204496329257484;12;2;2;16;15;1;17;20;-4.708956000780167;3;0;0;0;4;25;4;16;4;1;23;3.394112849991736;12;3;0;2;23;7.987820075417586;20;4.653214433444845;1;21;8.189890416925325;11
TRACK:289;0;-1;4;6;3;1;5;6;6;6;1;2;15;15;6;17;1;1;4;6;5;4;16;2;6;0;1;23;-5.723432529201872;19;5;19;3;1;1;13;15;6;25;6;6;4;5;3;19
EVAL_INSTANCE:14:0:280
EVAL_INSTANCE:14:1:281
EVAL_INSTANCE:14:2:282
EVAL_INSTANCE:14:3:283
EVAL_INSTANCE:14:4:284
EVAL_INSTANCE:14:5:285
EVAL_INSTANCE:14:6:286
EVAL_INSTANCE:14:7:287
EVAL_INSTANCE:14:8:288
EVAL_INSTANCE:14:9:289
RUN_RESULT:14:0:0:2000:----
RUN_RESULT:14:1:0:2000:----
RUN_RESULT:14:2:0:2000:----
RUN_RESULT:14:3:0:2000:----
RUN_RESULT:14:4:0:2000:----
RUN_RESULT:14:5:0:2000:----
RUN_RESULT:14:6:0:2000:----
RUN_RESULT:14:7:0:2000:----
RUN_RESULT:14:8:0:2000:----
RUN_RESULT:14:9:0:2000:----
    15 |      150 |  0.000000E+00 | -0.000000E+00
TRACK:290;4;0;3;5;2;3;6;2;5;4;4;6;19;1;3;2;3;19;6;22;-0.03499774720603632;3;5;4;11;4;4;3;4;3;0;3;24;5;25
TRACK:291;4;0;4;6;3;1;5;6;6;6;1;2;15;15;6;17;1;1;4;6;5;4;16;2;6;0;2;17;18;5;19;3;1;22;-0.03499774720603632;6;25;6;6;4;5;3;19
TRACK:292;8;2;6;4;2;0;4;3;6;1;6;6;11;1;1;23;-6.194829372622004;8;0;23;-6.448084404665872;22;-2.585017750253062;6;4;0;1;3;4;7;-1.796785627472408;2;4;25;1;24;15;3;3;0;24;18;5;3;2;6;6;4;4;10;1;2;4;3;14;2;5;8;3;20;9.74776600337508;25
TRACK:293;8;2;4;1;4;3;0;2;2;1;1;2;19;20;-4.142185303395147;0;8;23;-1.4602899930131628;1;3;19;6;16;1;5;0;18;10;5;1;18;21;-9.826680263377368;2;3;6;0;13;17;4;4;1;25;23;-6.194829372622004;5;6;1;4;6;22;-2.0582719638834;2;1;22;2.6848393667379593;17;4;8;6;2;6;3;0;1;2;1;19;12;3;14;1;3;9;1;7;-7.3461643690864475;14;3;3;3;25;5;6;3;6;5;4;25
TRACK:294;9;6;4;1;2;6;3;3;3;1;6;6;24;5;1;13;13;2;2;5;5;1;0;5;9;4;11;4;21;-0.8411316608662993;2;4;1;3;3;13;3;5;15;2;6;3;5;14;6;0;6;15;4;9;0;2;4;5;4;6;22;2.665848916495923;4;4;4;2;18;16;1;6;1;6;3;10;2;5;19;6;8;4;6;2;0;13;11;3;20;-4.756331604557056;4;4;2;2;5;1;3;5;14;0;6;21;7.707510668684343;6;14;2;0;4;6;21;6.112383433580128;4;5;24;6;0;3;25;1;9;16;2;0;5;1;0;16;9;6;10;2;4;5;15;4;6;24;6;0;5;6;15;6;1;10;13
TRACK:295;9;6;4;0;1;3;5;3;3;5;5;4;19;2;3;1;2;1;5;1;14;12;4;1;15;18;0;5;2;11;7;3.3949546236874166;1;1;21;0.15781845565135022;24;6;14;13;6;4;6;0;3;3;9;0;2;19;17;3;15;6;4;2;0;0;6;6;1;21;-0.8411316608662993;22;-5.721673982302146;0;1;6;16;4;14;1;0;9;7;3.452318748288228;5;25;5;4;5;3;12;3;2;2;6;1;25;25;3;6;7;5.598869455374256;6;6;1;17;22;-0.8355763743440541
TRACK:296;5;2;1;5;3;1;0;4;5;1;2;3;9;5;23;7.309737645474968;1;6;7;0.3218028824642367;3;11;4;6;6;1;6;16;2;7;-5.854091696762859;22;3.66350285320285;1;0;3;4;6;2;25;10;1;4;6;4;15;5;0;6;22;-9.58565805499974;4;23;-1.4602899930131628;0;6;0;6;1;19;23;-3.587308483082352;0;5;25;1;11;12;4;5;6;3;22;-9.350739913168448;0;6;5;5;6;4;0;3;4;11;4;6;23;3.393492578825029;4;2;0;0;0;2;0;2;14;18;3;18;5;3;7;-7.279508601903622;0;4;6;22;6.945105059765922;3;4;14;4;5;3;0;20;-2.748115565306861;20;4.594253372334986;6;5;4;5;1;16;19;2;4;2;6;1;6;14;3;21;9.356815312735755;2;4;0;25;21;7.75724703552433;1;1;17;10;3;17;5;0;4;0;5;24;0;25;9;0;3;5;24;0;2;17;10;0;16;11
TRACK:297;5;2;4;1;4;3;0;2;2;1;1;2;19;20;-4.142185303395147;0;8;23;-1.4602899930131628;1;3;19;6;16;1;5;0;18;10;3;21;9.356815312735755;2;3;6;0;13;17;4;4;1;25;9;5;6;1;4;6;22;-2.0582719638834;2;1;22;2.6848393667379593;17;4;8;6;2;6;3;0;1;2;1;19;12;3;14;1;3;9;1;7;-7.3461643690864475;14;3;3;3;25;5;6;3;6;5;4;25
TRACK:298;1;8;1;0;1;0;6;1;6;6;0;0;11;13;0;24;25;2;0;0;1;11;18;5;13;0;5;19;1;16;16;1;0;2;23;-2.2571701295058633;11;5;14;6;1;16;13;6;0;2;4;5;4;9;0;6;6;19;5;6;7;-8.027529548669474;6;1;4;2;7;0.07010987965106708;9;2;1;18;14;0;13;16;4;4;5;2;3;1;5;21;8.72293539427383;4;10;5;6;0;10;20;9.760890453417513;0;6;5;2;4;6;6;6;12;4;2;5;2;18;18;2;3;20;-1.309421897974218;6;21;8.619756525285762;5;3;0;5;3;4;0;16;17;0;0;2;2;12;20;-7.142345868378386;2;13;22;7.201771128708472;4;1;23;1.9260129348463444;25;6;6;1;10;25;5;4;6;2;2;5;5;5;5;24;3;6;1;5;7;0.5327554097370673;4;8;5;3;8
TRACK:299;1;8;6;4;2;0;4;3;6;6;6;1;10;25;6;4;0;1;3;4;7;-1.796785627472408;2;4;25;1;24;15;3;3;0;24;18;5;3;2;6;6;4;4;10;1;2;4;3;14;2;5;8;3;20;9.74776600337508;1;1;5;12;3;25;5;2;12;15
TRACK:300;290;-1;3;5;2;3;6;2;5;4;4;6;19;1;1;1;14;15;2;12;13;2;3;8;4;23;-7.90919763820062;4;4;3;4;3;0;3;24;5;25
TRACK:301;292;-1;6;4;2;0;4;3;6;1;6;6;11;1;1;23;-6.07216773914378;8;0;23;-6.5379469693611405;22;-2.4208269341995727;6;4;0;1;3;4;7;-1.7916684098468179;2;4;25;1;24;15;5;1;24;14;5;3;2;6;6;4;4;10;1;2;4;3;14;2;5;8;3;20;10.0;25
TRACK:302;294;-1;4;1;2;6;3;3;3;1;6;6;24;5;1;13;13;2;2;5;5;1;0;5;9;4;11;4;21;-0.7647857273577435;2;4;1;3;3;13;3;5;15;2;6;3;5;14;6;0;6;15;4;9;0;2;4;5;4;6;22;2.6481147841146697;4;4;4;2;18;16;1;6;1;6;3;10;2;5;19;6;8;4;6;2;0;13;11;3;20;-4.743490544596439;4;4;2;2;5;1;3;5;14;0;6;21;7.7452634729173235;6;14;2;0;4;6;21;5.888523620124353;4;5;24;6;0;3;25;1;9;16;2;0;5;1;0;16;9;6;10;2;4;2;21;-0.27937206851673224;19;4;6;24;6;0;5;6;15;6;1;10;13
TRACK:303;296;-1;1;5;3;1;0;4;5;1;2;3;9;5;23;7.29181235857606;1;6;7;0.4598322302608786;3;11;4;6;6;1;6;16;2;7;-5.898217726022105;22;3.711409836426467;1;0;3;4;6;2;25;10;1;4;6;4;15;5;0;6;22;-9.634837430245557;4;23;-1.456565851085375;0;6;0;6;1;19;23;-3.7681327191773537;0;5;25;1;11;12;4;5;6;3;22;-9.286187934415823;0;6;5;5;6;4;0;3;4;11;4;6;23;3.4861140052295165;4;2;0;0;0;2;0;2;14;18;3;18;5;3;7;-7.192654139982679;0;4;6;22;6.932951587451976;3;4;14;4;5;3;0;20;-2.611672709274525;20;4.628650663591491;6;5;4;5;1;16;19;2;4;2;6;1;6;14;3;21;9.198376752615683;2;4;0;25;21;7.709712357045892;1;1;17;10;3;17;5;0;4;0;5;24;0;25;9;4;18
TRACK:304;298;-1;1;0;1;0;6;1;6;6;0;0;11;13;0;24;25;2;0;0;1;11;18;5;13;0;5;19;1;16;16;1;0;2;23;-2.3279156461804003;11;5;14;6;1;16;13;6;0;2;4;5;4;9;0;6;6;19;5;6;7;-8.150468682364407;6;1;4;2;7;-0.04032991091860855;9;2;1;18;14;0;13;16;4;4;5;2;3;1;5;21;8.748144155986717;4;10;5;6;2;19;16;0;6;5;2;4;6;6;6;12;4;2;5;2;18;18;2;3;20;-1.2694184697716024;6;21;8.631985503249142;5;3;0;5;3;4;0;16;17;0;0;2;2;12;20;-7.240257471721704;2;13;22;7.167752901551067;4;1;23;1.912458690714144;25;6;6;1;10;25;5;4;6;2;2;5;5;5;5;24;3;6;1;5;7;0.4526608542200266;4;8;5;3;8
TRACK:305;291;-1;4;6;3;1;5;6;6;6;1;2;15;15;6;17;1;1;4;6;5;4;16;2;6;0;2;17;9;5;19;3;1;22;0.08758617761952699;6;25;6;6;4;5;3;19
TRACK:306;293;-1;4;1;4;3;0;2;2;1;1;2;19;20;-4.2440546214363755;0;8;23;-1.70167312891325;1;3;19;6;16;1;5;0;18;10;5;1;25;21;-10.0;2;3;6;0;13;17;4;4;1;25;23;-6.293938983977285;5;6;1;4;6;22;-2.092505589957432;2;1;22;2.423291233107965;17;4;8;6;2;6;3;0;1;2;1;19;12;3;14;1;3;9;1;7;-7.356168505371812;14;3;3;3;25;5;6;3;6;5;4;25
TRACK:307;295;-1;4;0;1;3;5;3;3;5;5;4;19;2;3;1;2;1;5;1;14;12;4;1;15;18;0;5;2;11;7;3.4067925289873586;1;1;21;0.2689221827172399;24;6;14;13;6;4;6;0;3;3;9;0;2;19;17;1;9;7;-3.531014592207711;6;4;2;0;0;6;6;1;21;-0.8476562740222893;22;-5.721144548277859;0;1;6;16;4;14;1;0;9;7;3.497629968283986;5;25;5;4;5;3;12;3;2;2;6;1;25;25;3;6;7;5.465588795332705;6;6;1;17;22;-0.844435165090892
TRACK:308;297;-1;4;1;4;3;0;2;2;1;1;2;19;20;-4.143561506339256;0;8;23;-1.4339891076257378;1;3;19;6;16;2;12;10;2;3;6;0;13;17;4;4;1;25;9;5;6;1;4;6;22;-2.0583540916047016;2;1;22;2.6469789364125353;17;4;8;6;2;6;3;0;1;2;1;19;12;3;14;1;3;9;1;7;-7.40084654396841;14;3;3;3;25;5;6;3;6;5;4;25
TRACK:309;299;-1;6;4;2;0;4;3;6;6;6;1;10;25;6;4;0;1;3;4;7;-1.7453391365329562;2;4;25;5;21;9.41953923595332;3;3;0;24;18;5;3;2;6;6;4;4;10;1;2;4;3;14;2;5;8;3;20;9.71105054225702;1;1;5;12;3;25;5;2;12;15
EVAL_INSTANCE:15:0:300
EVAL_INSTANCE:15:1:301
EVAL_INSTANCE:15:2:302
EVAL_INSTANCE:15:3:303
EVAL_INSTANCE:15:4:304
EVAL_INSTANCE:15:5:305
EVAL_INSTANCE:15:6:306
EVAL_INSTANCE:15:7:307
EVAL_INSTANCE:15:8:308
EVAL_INSTANCE:15:9:309
RUN_RESULT:15:0:0:2000:----
RUN_RESULT:15:1:0:2000:----
RUN_RESULT:15:2:0:2000:----
RUN_RESULT:15:3:0:2000:----
RUN_RESULT:15:4:0:2000:----
RUN_RESULT:15:5:0:2000:----
RUN_RESULT:15:6:0:2000:----
RUN_RESULT:15:7:0:2000:----
RUN_RESULT:15:8:0:2000:----
RUN_RESULT:15:9:0:2000:----
    16 |      160 |  0.000000E+00 | -0.000000E+00
TRACK:310;2;5;4;1;4;3;0;2;2;1;1;2;19;20;-4.142185303395147;0;8;23;-1.4602899930131628;1;3;19;6;16;1;5;0;18;10;5;1;18;21;-9.826680263377368;0;4;6;22;6.945105059765922;3;4;14;5;6;1;4;6;22;-2.0582719638834;2;1;22;2.6848393667379593;17;4;8;6;2;6;3;0;1;2;1;19;12;3;14;1;3;9;1;7;-7.3461643690864475;14;3;3;3;25;5;6;3;6;5;4;25
TRACK:311;2;5;1;5;3;1;0;4;5;1;2;3;9;5;23;7.309737645474968;1;6;7;0.3218028824642367;3;11;4;6;6;1;6;16;2;7;-5.854091696762859;22;3.66350285320285;1;0;3;4;6;2;25;10;1;4;6;4;15;6;5;4;25;0;6;0;6;1;19;23;-3.587308483082352;0;5;25;1;11;12;4;5;6;3;22;-9.350739913168448;0;6;5;5;6;4;0;3;4;11;4;6;23;3.393492578825029;4;2;0;0;0;2;0;2;14;18;3;18;5;3;7;-7.279508601903622;0;4;6;22;6.945105059765922;3;4;14;4;5;3;0;20;-2.748115565306861;20;4.594253372334986;6;5;4;5;1;16;19;2;4;2;6;1;6;14;3;21;9.356815312735755;2;4;0;25;21;7.75724703552433;1;1;17;10;3;17;5;0;4;0;5;24;0;25;9;0;3;5;24;0;2;17;10;0;16;11
TRACK:312;0;8;4;6;3;1;5;6;6;6;1;2;15;15;6;17;1;1;4;6;5;4;16;2;6;0;2;17;18;5;19;3;1;1;13;15;6;25;6;6;4;5;0;24;18
TRACK:313;0;8;6;4;2;0;4;3;6;1;6;6;11;1;1;23;-6.194829372622004;8;0;23;-6.448084404665872;22;-2.585017750253062;6;4;0;1;1;2;15;15;6;17;2;4;25;1;24;15;3;3;0;24;18;5;3;2;6;6;4;4;10;1;2;4;3;14;2;5;8;3;20;9.74776600337508;1;1;5;12;3;25;5;2;12;15
TRACK:314;4;7;3;5;2;3;6;2;5;4;4;6;15;1;3;2;3;19;6;22;-0.03499774720603632;3;5;4;16;4;4;3;4;3;0;3;24;5;25
TRACK:315;4;7;0;4;4;0;1;4;4;5;5;5;8;5;1;4;1;0;15;23;9.010026579099339;4;21;7.603077435577408;2;3;1;21;0.8741299139996013;20;-9.727771496719013;1;5;25;4;8;0;1;6;5;3;1;7;1.1694286702868357;22;4.9607544345329515;5;3;5;4;22;9.67370061750217;0;4;1;6;4;8;6;1;24;12;1;2;3;19;6;22;-0.03499774720603632;6;5;3;25;6;3;5;1;6;2;1;1;4;25;1;19;10;6;3;9;1;2;0;16;20;-8.356452856661015;4;19;2;2;16;15;1;17;20;-4.716407496205484;3;0;0;0;4;25;4;16;4;1;23;3.4058139379531127;12;3;0;2;23;7.997450742602297;20;4.678946297741202;1;21;8.169859715769505;11
TRACK:316;0;1;4;6;3;1;5;6;6;6;1;2;15;15;6;17;1;1;4;6;5;4;16;2;6;0;13;5;19;3;1;1;13;15;6;25;6;6;4;5;3;19
TRACK:317;0;1;1;0;1;0;6;1;6;6;0;0;11;13;0;24;25;2;0;0;1;11;18;5;13;0;5;19;1;16;16;1;0;2;23;-2.2571701295058633;11;5;14;6;1;16;13;6;0;2;4;5;4;9;0;6;6;19;5;6;7;-8.027529548669474;6;1;4;2;7;0.07010987965106708;9;2;1;18;14;0;13;16;4;4;5;2;3;1;5;21;8.72293539427383;4;10;5;6;0;10;20;9.760890453417513;0;6;5;2;4;6;6;6;12;4;2;5;2;18;18;2;3;20;-1.309421897974218;6;21;8.619756525285762;5;1;1;13;15;6;25;5;4;6;2;2;5;5;5;5;24;3;6;1;5;7;0.5327554097370673;4;8;5;3;2;6;2;19;23;-4.7855461444313185;6;6;19
TRACK:318;5;6;1;5;3;1;0;4;5;1;2;3;9;5;23;7.309737645474968;1;6;7;0.3218028824642367;3;11;4;6;6;1;6;16;2;7;-5.854091696762859;22;3.66350285320285;1;0;3;4;6;2;25;10;1;4;6;4;15;5;0;6;22;-9.58565805499974;4;8;0;6;0;6;1;19;23;-3.587308483082352;0;5;25;1;11;12;4;5;6;3;22;-9.350739913168448;0;6;5;5;6;4;0;3;4;11;4;6;23;3.393492578825029;4;2;0;0;0;2;0;2;14;18;3;18;5;3;7;-7.279508601903622;0;4;6;22;6.945105059765922;3;4;14;4;5;3;0;20;-2.748115565306861;20;4.594253372334986;6;5;4;5;1;16;19;2;4;2;6;1;6;14;3;21;9.356815312735755;2;4;0;25;21;7.75724703552433;1;1;17;10;3;17;5;0;4;0;5;24;25;0;3;5;24;0;2;17;10;0;16;11
TRACK:319;5;6;4;0;1;3;5;3;3;5;5;4;19;2;3;1;2;1;5;1;14;12;4;1;15;18;0;5;2;11;7;3.3949546236874166;1;1;21;0.15781845565135022;24;6;14;6;6;6;5;14;6;4;6;0;3;3;9;0;2;19;17;3;15;6;4;2;0;0;6;6;1;21;-0.8411316608662993;7;-5.854091696762859;0;1;6;16;4;14;1;0;9;7;3.452318748288228;5;25;5;4;5;3;12;3;2;2;6;1;25;25;3;6;7;5.598869455374256;6;6;1;17;22;-0.8355763743440541
TRACK:320;310;-1;4;1;4;3;0;2;2;1;1;2;19;20;-4.131008510845316;0;8;23;-1.4050376573677006;1;3;19;6;12;1;5;0;18;10;5;1;18;21;-9.87207526958846;0;4;6;22;7.010271920238637;3;4;14;5;6;1;4;6;22;-2.095309054721746;2;1;22;2.7862662396066913;17;4;8;6;2;6;3;0;1;2;1;19;12;3;14;1;3;9;1;7;-7.343040156755112;14;3;3;3;25;5;6;3;6;5;4;25
TRACK:321;312;-1;4;6;3;1;5;6;6;6;1;2;15;13;6;17;1;1;4;6;5;4;16;2;6;0;2;17;18;5;19;3;1;1;13;15;6;25;6;6;4;5;0;24;18
TRACK:322;314;-1;3;5;2;3;6;2;5;4;4;6;15;1;3;2;3;19;6;22;0.07253724360928451;3;5;4;16;4;4;3;4;3;0;3;24;5;19
TRACK:323;316;-1;4;6;3;1;5;6;6;6;1;2;15;21;-0.16828347402381816;6;17;1;1;4;6;5;4;16;2;6;0;13;5;19;3;1;1;13;15;6;25;6;6;4;5;3;19
TRACK:324;318;-1;1;5;3;1;0;4;5;1;2;3;9;5;23;7.296315352564621;1;6;7;0.30132155554733675;3;11;4;6;6;1;6;16;2;7;-5.628423050135094;22;3.526473847976855;1;0;3;4;6;2;25;10;1;4;6;4;15;5;0;6;22;-9.758034044739913;4;8;0;6;0;6;1;19;23;-3.635830960633447;0;5;25;1;11;12;4;5;6;3;22;-9.396360887595675;0;6;5;5;6;4;0;3;4;11;4;6;23;3.4822714182317926;4;2;0;0;0;2;0;2;14;18;3;18;5;3;7;-7.372448440842443;0;4;6;22;6.9551713999054785;3;6;15;4;5;3;0;20;-2.6828733408690444;20;4.498585581224617;6;5;4;5;1;16;19;2;4;2;6;1;6;14;3;21;9.329457837239298;2;4;0;25;21;7.805166697467656;1;1;17;10;3;17;5;0;4;0;5;24;25;0;3;5;24;0;2;17;10;0;16;11
TRACK:325;311;-1;1;5;3;1;0;4;5;1;2;3;9;5;23;7.386653280427942;1;6;7;0.3245526584301823;3;11;4;6;6;1;6;16;2;7;-5.8126328017802855;22;3.523710316903203;1;0;3;4;6;2;25;10;1;4;6;4;15;6;5;4;25;0;6;0;6;1;19;23;-3.6072230556179354;0;5;25;1;11;12;4;5;6;3;22;-9.116341652924847;0;6;5;5;6;4;0;3;4;11;4;6;23;3.3838033492063713;4;2;0;0;0;2;0;2;14;18;3;18;5;3;21;0.3858579585208446;0;4;6;22;6.736892865250047;3;4;14;4;5;3;0;20;-2.993398868456435;20;4.7180945418084494;6;5;4;5;1;16;19;2;4;2;6;1;6;14;3;21;9.417017383255981;2;4;0;25;21;7.737428754014954;1;1;17;10;3;17;5;0;4;0;5;24;0;25;9;0;3;5;24;0;2;17;10;0;16;11
TRACK:326;313;-1;6;4;2;0;4;3;6;1;6;6;11;1;1;23;-6.232910438818655;8;0;23;-6.452760487039358;22;-2.59056398120832;6;4;0;5;2;2;16;8;0;11;7;1.3127775981236063;3;3;0;24;18;5;3;2;6;6;4;4;10;1;2;4;3;14;2;5;8;3;20;9.729665245311208;1;1;5;12;3;25;5;2;12;15
TRACK:327;315;-1;0;4;4;0;1;4;4;5;5;1;8;9;5;1;4;1;0;15;23;9.138236215219628;4;21;7.4640990362558215;2;3;1;21;0.7047360523157193;20;-9.713320114605702;1;5;25;4;8;0;1;6;5;3;1;7;1.0461452513750973;22;4.949805066322658;5;3;5;4;22;9.534941544949021;0;4;1;6;4;8;6;1;24;12;1;2;3;19;6;22;-0.15036013265933085;6;5;3;25;6;3;5;1;6;2;1;1;4;25;1;19;10;6;3;9;1;2;0;16;20;-8.438266167504427;4;19;2;2;16;15;1;17;20;-4.495236224880008;3;0;0;0;4;25;4;16;4;1;23;3.363506421441598;12;3;0;2;23;7.896938938768904;20;4.745943474920144;1;21;8.227290181461157;11
TRACK:328;317;-1;1;0;1;0;6;1;6;6;0;0;11;13;0;24;25;2;0;0;1;11;18;5;13;0;5;19;1;16;16;1;0;2;14;11;5;14;6;1;16;13;6;0;2;4;5;4;9;0;6;6;19;5;6;7;-8.012465656186004;6;1;4;2;7;0.044632729162170086;9;2;1;18;14;0;13;16;4;4;5;2;3;1;5;21;8.77513867251635;4;10;5;6;0;10;20;9.65325492094682;0;6;5;2;4;6;6;6;12;4;2;5;2;18;18;2;3;20;-1.276116097972814;6;21;8.505133424079853;5;1;1;13;15;6;25;5;4;6;2;2;5;5;5;5;24;3;6;1;5;7;0.60381768517452;4;8;5;3;2;6;2;19;23;-4.66256141751403;6;6;19
TRACK:329;319;-1;4;0;1;3;5;3;3;5;5;4;19;2;3;1;2;1;5;1;14;12;4;1;15;18;0;5;2;11;7;3.511331136164766;1;1;21;0.12969213361833054;24;6;14;6;6;6;5;14;6;4;5;22;-6.721088959359188;6;4;2;0;0;6;6;1;21;-0.9236809147399287;7;-5.771821882869706;0;1;6;16;4;14;1;0;9;7;3.530607525434576;5;25;5;4;5;3;12;3;2;2;6;1;25;25;3;6;7;5.562863173824664;6;6;1;17;22;-0.7128355106772593
EVAL_INSTANCE:16:0:320
EVAL_INSTANCE:16:1:321
EVAL_INSTANCE:16:2:322
EVAL_INSTANCE:16:3:323
EVAL_INSTANCE:16:4:324
EVAL_INSTANCE:16:5:325
EVAL_INSTANCE:16:6:326
EVAL_INSTANCE:16:7:327
EVAL_INSTANCE:16:8:328
EVAL_INSTANCE:16:9:329
RUN_RESULT:16:0:0:2000:----
RUN_RESULT:16:1:0:2000:----
RUN_RESULT:16:2:0:2000:----
RUN_RESULT:16:3:0:2000:----
RUN_RESULT:16:4:0:2000:----
RUN_RESULT:16:5:0:2000:----
RUN_RESULT:16:6:0:2000:----
RUN_RESULT:16:7:0:2000:----
RUN_RESULT:16:8:0:2000:----
RUN_RESULT:16:9:0:2000:----
    17 |      170 |  0.000000E+00 | -0.000000E+00
TRACK:330;3;2;5;0;5;6;0;5;5;4;6;2;23;-9.425875259368343;23;6.351964638882649;6;2;6;0;0;22;-5.7053140582007185;15;2;13;8;0;1;4;14;5;9;2;2;22;-2.8628063595721738;8;3;13;3;0;4;1;3;3;5;6;22;6.502010675018717;2;1;5;0;7;2.951350615301049;22;3.1091386531019545;5;1;8;18;2;2;1;9;10;1;12;21;0.4828827554892712;2;5;7;-5.060335771358783;3;24;0;4;5;2;0;2;23;-5.9151488629807725;17;4;11;1;3;9;1;7;-7.3461643690864475;14;4;2;4;5;6;19;5;0;3;15;2;13;18
TRACK:331;3;2;4;1;6;2;23;-9.425875259368343;23;6.351964638882649;6;2;6;3;0;1;2;1;19;12;3;14;1;3;9;1;7;-7.3461643690864475;14;3;3;3;25;5;6;3;6;5;4;25
TRACK:332;9;4;4;1;2;6;3;3;3;1;6;6;24;5;1;13;13;2;2;5;5;1;0;5;9;4;11;4;6;16;2;4;6;15;2;6;3;5;14;6;0;6;15;4;9;0;2;4;5;4;6;22;2.665848916495923;4;4;4;2;18;16;1;6;1;6;3;10;2;5;19;6;8;4;6;2;0;13;11;3;20;-4.756331604557056;4;4;2;2;5;1;3;5;14;0;6;21;7.707510668684343;6;14;2;0;4;6;21;6.112383433580128;4;5;24;6;0;3;25;1;9;16;2;0;5;1;0;16;9;6;10;2;4;5;15;4;6;24;6;0;5;6;15;6;1;10;13
TRACK:333;9;4;3;5;2;3;6;2;5;4;4;6;15;1;3;2;3;19;6;22;-0.03499774720603632;22;2.665848916495923;4;4;3;4;3;0;3;24;5;25
TRACK:334;1;1;1;0;1;0;6;1;6;6;0;0;11;13;0;24;25;2;0;0;1;11;18;5;13;0;5;19;1;16;16;1;0;2;23;-2.2571701295058633;11;5;14;6;1;16;13;6;0;2;4;5;4;9;0;6;6;19;5;6;7;-8.027529548669474;6;1;4;2;7;0.07010987965106708;9;2;1;18;14;0;13;16;4;4;5;2;3;1;5;21;8.72293539427383;4;10;5;6;0;10;20;9.760890453417513;0;6;5;2;4;6;6;6;12;3;6;1;5;7;0.5327554097370673;4;8;5;3;0;5;3;4;0;16;17;0;0;2;2;12;20;-7.142345868378386;2;13;22;7.201771128708472;4;1;23;1.9260129348463444;25;6;6;1;10;25;5;4;6;2;2;5;5;5;5;24;3;6;1;5;7;0.5327554097370673;4;8;5;3;2;6;2;19;23;-4.7855461444313185;6;6;19
TRACK:335;1;1;1;0;1;0;6;1;6;6;0;0;11;13;0;24;25;2;0;0;1;11;18;5;13;0;5;19;1;16;16;1;0;2;13;11;5;14;6;1;16;13;6;0;2;4;5;4;9;0;6;6;19;5;6;7;-8.027529548669474;6;1;4;2;7;0.07010987965106708;9;2;1;18;14;0;13;16;4;4;5;2;3;1;5;21;8.72293539427383;4;10;5;6;0;10;20;9.760890453417513;0;6;5;2;4;6;6;6;12;4;2;5;2;18;18;2;3;20;-1.309421897974218;6;21;8.619756525285762;5;3;0;5;3;4;0;16;17;0;0;2;2;12;20;-7.142345868378386;2;13;22;7.201771128708472;4;1;23;1.9260129348463444;25;6;6;1;10;25;5;4;6;2;2;5;5;5;5;24;3;6;1;5;7;0.5327554097370673;4;8;5;3;2;6;2;19;23;-4.7855461444313185;6;6;19
TRACK:336;5;3;1;5;3;1;0;4;5;1;2;3;9;5;23;7.309737645474968;1;6;7;0.3218028824642367;3;11;4;6;6;1;6;16;2;7;-5.854091696762859;22;3.66350285320285;1;0;3;4;6;2;25;10;1;4;6;4;15;5;0;6;22;-9.58565805499974;4;8;0;6;0;6;1;19;23;-3.587308483082352;0;5;25;1;11;12;4;5;6;3;22;-9.350739913168448;0;6;5;5;6;4;0;3;4;11;4;6;23;3.393492578825029;4;2;0;0;0;2;3;13;5;3;7;-7.279508601903622;0;4;6;22;6.945105059765922;3;4;14;4;5;3;0;20;-2.748115565306861;20;4.594253372334986;6;5;4;5;1;16;19;2;4;2;6;1;6;14;3;21;9.356815312735755;2;4;0;25;21;7.75724703552433;1;1;17;10;3;17;5;0;4;0;5;24;0;25;9;0;3;5;24;0;2;17;10;0;16;11
TRACK:337;5;3;5;0;5;6;0;5;5;4;6;2;23;-9.425875259368343;23;6.351964638882649;6;2;6;0;0;22;-5.7053140582007185;15;2;13;8;0;1;4;14;5;9;2;2;22;-2.8628063595721738;8;3;13;3;0;4;1;3;3;5;6;22;6.502010675018717;2;1;5;0;7;2.951350615301049;22;3.1091386531019545;5;1;8;11;2;2;1;9;10;1;12;21;0.4828827554892712;2;5;7;-5.060335771358783;3;24;0;4;5;2;0;2;23;-5.9151488629807725;17;4;11;4;0;11;25;4;2;4;5;6;19;5;0;3;15;2;13;18
TRACK:338;7;2;0;4;4;0;1;4;4;5;5;5;22;-2.0582719638834;5;1;4;1;0;15;23;9.010026579099339;4;21;7.603077435577408;2;3;1;21;0.8741299139996013;20;-9.727771496719013;1;5;25;4;8;0;1;6;5;3;1;7;1.1694286702868357;22;4.9607544345329515;5;3;5;4;22;9.67370061750217;0;4;1;6;4;8;6;1;24;12;1;1;6;1;9;8;1;6;21;-8.244041740037652;3;7;-8.343934600877203;6;5;3;25;6;3;5;1;6;2;1;1;4;25;1;19;10;6;3;9;1;2;0;16;20;-8.356452856661015;4;19;2;2;16;15;1;17;20;-4.716407496205484;3;0;0;0;4;25;4;16;4;1;23;3.4058139379531127;12;3;0;2;23;7.997450742602297;20;4.678946297741202;1;21;8.169859715769505;11
TRACK:339;7;2;4;1;4;3;0;2;2;1;1;2;19;20;-4.142185303395147;0;8;12;1;3;19;6;16;1;5;0;18;10;5;1;18;21;-9.826680263377368;2;3;6;0;13;17;4;4;1;25;9;5;6;1;4;6;22;-2.0582719638834;2;1;22;2.6848393667379593;17;4;8;6;2;6;3;0;1;2;1;19;12;3;14;1;3;9;1;7;-7.3461643690864475;14;3;3;3;25;5;6;3;6;5;4;25
TRACK:340;330;-1;5;0;5;3;1;2;1;17;20;0.6685642300262415;4;19;1;5;23;4.890237935639448;1;11;19;3;0;4;1;3;3;5;6;22;6.438380090753667;2;1;5;0;7;2.8892992064449006;22;3.0397215586910216;5;1;8;18;2;2;1;9;10;1;12;21;0.5635192921431884;2;5;7;-4.843728256748111;3;24;0;4;5;2;0;2;23;-6.2476835634295576;17;4;11;1;3;9;1;7;-7.511101310148656;14;4;2;4;5;6;19;5;0;3;15;2;13;18
TRACK:341;332;-1;4;1;2;6;3;3;3;1;6;6;24;5;1;13;13;2;2;5;5;1;0;5;9;4;11;4;6;16;2;4;6;15;2;6;3;5;14;6;0;6;15;4;9;0;2;4;5;4;6;22;2.764430060669535;4;4;4;2;18;16;1;6;1;6;3;10;2;5;19;6;8;4;6;2;4;21;-6.7888094895138495;3;20;-4.930141137032692;4;4;2;2;5;1;3;5;14;0;6;21;7.697480307648702;6;14;2;0;4;6;21;6.296300326371785;4;5;24;6;0;3;25;1;9;16;2;0;5;1;0;16;9;6;10;2;4;5;15;4;6;24;6;0;5;6;15;6;1;10;13
TRACK:342;334;-1;1;0;1;0;6;1;6;6;0;0;11;13;0;24;25;2;0;0;1;11;18;5;13;0;5;19;1;16;16;1;0;2;23;-2.0597631594124266;11;5;14;6;1;16;13;6;0;2;4;5;4;9;0;6;6;19;5;6;7;-7.9551009456225925;6;1;4;2;7;0.10443089960826399;9;2;1;18;14;0;13;16;4;4;5;2;3;1;5;21;8.683950714550718;4;10;5;6;0;10;20;9.65383792356753;0;6;5;2;4;6;6;6;12;3;6;1;5;7;0.4618534834841959;4;8;5;3;0;5;3;4;0;16;17;0;0;2;2;12;20;-7.295986672748272;2;13;22;7.16996610225559;4;1;23;1.9469002495786913;25;6;6;1;10;25;5;4;4;4;5;6;4;4;2;25;22;1.4392237990207697
TRACK:343;5;-1;1;5;3;1;0;4;5;1;2;3;9;5;23;7.4491373002780445;1;6;7;0.3512539728871103;3;11;4;6;6;1;6;16;2;7;-5.840890810142546;22;3.630770819911966;1;0;3;4;6;2;25;10;1;4;6;4;15;5;0;6;22;-9.4669396664753;4;8;0;6;0;6;1;19;23;-3.657643058140668;0;5;25;1;11;12;4;5;6;3;22;-9.404490885834193;0;6;5;5;6;4;0;3;4;11;4;6;23;3.304929014763665;4;2;0;0;0;2;0;2;14;18;3;18;5;3;7;-7.292046921600461;0;4;6;22;6.948646120992697;3;4;14;4;5;3;4;18;6;5;4;5;1;16;19;2;4;2;6;1;6;14;3;21;9.286044472340594;2;4;0;25;21;7.856520395448213;1;1;17;10;3;17;5;0;4;0;5;24;0;25;9;0;3;5;24;0;2;17;10;0;16;11
TRACK:344;338;-1;0;4;4;0;1;4;4;5;5;5;22;-1.997115112802733;5;1;4;1;0;15;23;8.934611127854332;4;21;7.537094322377625;2;3;1;21;0.9230897648527128;20;-9.814151833076352;1;5;25;4;8;0;1;6;5;3;1;7;1.173779244996835;22;4.9228152722930645;5;3;5;4;22;9.625768031102412;0;4;1;6;4;8;6;1;24;12;1;1;6;1;9;8;1;6;21;-8.161491411249397;3;7;-8.254684464663375;6;5;3;25;6;3;5;1;6;2;1;1;4;25;1;19;10;6;3;9;1;2;0;16;20;-8.163455293949946;4;19;2;2;16;15;1;17;20;-4.726194195117398;3;0;0;0;4;25;4;16;4;6;8;3;0;2;23;7.867703764697165;20;4.648578011406399;1;21;8.253647819211187;11
TRACK:345;331;-1;4;1;6;2;23;-9.289324648883017;23;6.504219185269342;6;2;6;3;0;1;2;1;19;12;3;14;1;3;9;1;7;-7.40935953963051;14;3;3;3;25;5;6;3;6;5;4;12
TRACK:346;333;-1;3;5;2;3;6;2;5;4;4;6;15;1;3;2;3;19;6;22;-0.17363481962536434;22;2.7094846727687782;4;4;4;6;3;2;3;16;6;20;8.844899052016025
TRACK:347;335;-1;1;0;1;0;6;1;6;6;0;0;11;13;0;24;25;2;0;0;1;11;18;5;13;0;5;19;1;16;16;1;0;2;13;11;5;14;6;1;16;13;6;0;3;2;0;19;10;0;9;9;6;6;3;8;4;4;5;2;3;1;5;21;8.677886916165852;4;10;5;6;0;10;20;9.713232125120182;0;6;5;2;4;6;6;6;12;4;2;5;2;18;18;2;3;20;-1.3240970463349384;6;21;8.571465076257207;5;3;0;5;3;4;0;16;17;0;0;2;2;12;20;-7.078193494499716;2;13;22;7.213641569708852;4;1;23;2.035806599575787;25;6;6;1;10;25;5;4;6;2;2;5;5;5;5;24;3;6;1;5;7;0.48252980527567985;4;8;5;3;2;6;2;19;23;-4.757654808163689;6;6;19
TRACK:348;3;-1;5;0;5;6;0;5;5;4;6;2;23;-9.450981947196912;23;6.252614999641466;6;2;6;0;0;22;-5.5713660074968505;15;2;13;8;0;1;4;14;5;9;2;2;22;-2.7945030764716186;8;3;13;3;0;4;1;3;3;5;6;22;6.409828824733647;2;1;5;0;7;3.1319605436644404;22;3.185323423548209;5;1;8;18;2;2;1;9;10;1;12;21;0.22985169711776315;2;5;7;-5.104653785546414;3;24;0;4;5;2;0;2;23;-5.900591045843443;17;4;11;4;0;11;25;4;0;10;15
TRACK:349;339;-1;4;1;4;3;0;2;2;1;1;2;19;20;-4.274423956400589;1;7;-1.9923012797726347;8;1;3;19;6;16;1;5;0;18;10;5;1;18;21;-9.785936883282199;2;3;6;0;13;17;4;4;1;25;9;5;6;1;4;6;22;-2.104455190852481;2;1;22;2.6320117892768224;17;4;8;6;2;6;3;0;1;2;1;19;12;3;14;1;3;9;1;7;-7.231937624183305;14;3;3;3;25;5;6;3;6;5;4;25
EVAL_INSTANCE:17:0:340
EVAL_INSTANCE:17:1:341
EVAL_INSTANCE:17:2:342
EVAL_INSTANCE:17:3:343
EVAL_INSTANCE:17:4:344
EVAL_INSTANCE:17:5:345
EVAL_INSTANCE:17:6:346
EVAL_INSTANCE:17:7:347
EVAL_INSTANCE:17:8:348
EVAL_INSTANCE:17:9:349
RUN_RESULT:17:0:0:2000:----
RUN_RESULT:17:1:0:2000:----
RUN_RESULT:17:2:0:2000:----
RUN_RESULT:17:3:0:2000:----
RUN_RESULT:17:4:0:2000:----
RUN_RESULT:17:5:0:2000:----
RUN_RESULT:17:6:0:2000:----
RUN_RESULT:17:7:0:2000:----
RUN_RESULT:17:8:0:2000:----
RUN_RESULT:17:9:0:2000:----
    18 |      180 |  0.000000E+00 | -0.000000E+00
TRACK:350;8;2;6;4;2;0;4;3;6;1;6;6;11;1;1;23;-6.194829372622004;8;0;23;-6.448084404665872;22;-2.585017750253062;6;4;0;1;3;4;7;-1.796785627472408;2;4;25;22;2.6848393667379593;3;3;0;24;18;5;3;2;6;6;4;4;10;1;2;4;3;14;2;5;8;3;20;9.74776600337508;1;1;5;12;3;25;5;2;12;15
TRACK:351;8;2;4;1;4;3;0;2;2;1;1;2;19;20;-4.142185303395147;0;8;23;-1.4602899930131628;1;3;19;6;16;1;5;0;18;10;5;1;18;21;-9.826680263377368;2;3;6;0;13;17;4;4;1;25;9;5;6;1;4;6;22;-2.0582719638834;2;1;24;17;4;8;6;2;6;3;0;1;2;1;19;12;3;14;1;3;9;1;7;-7.3461643690864475;14;3;3;3;25;5;6;3;6;5;4;25
TRACK:352;6;9;4;0;1;3;5;3;3;5;5;4;19;2;3;1;2;1;5;1;14;12;4;1;15;18;0;5;2;11;7;3.3949546236874166;1;1;21;0.15781845565135022;24;6;14;6;6;6;5;14;6;4;6;0;3;3;9;0;2;19;17;3;15;6;4;2;0;0;6;6;1;21;-0.8411316608662993;22;-5.721673982302146;0;1;6;16;4;14;1;0;9;7;3.452318748288228;5;25;5;4;5;3;12;3;2;2;6;1;25;22;2.665848916495923;3;6;7;5.598869455374256;6;6;1;17;22;-0.8355763743440541
TRACK:353;6;9;4;1;2;6;3;3;3;1;6;6;24;15;2;2;5;5;1;0;5;9;4;11;4;6;16;2;4;1;3;3;13;3;5;15;2;6;3;5;14;6;0;6;15;4;9;0;2;4;5;4;6;22;2.665848916495923;4;4;4;2;18;16;1;6;1;6;3;10;2;5;19;6;8;4;6;2;0;13;11;3;20;-4.756331604557056;4;4;2;2;5;1;3;5;14;0;6;21;7.707510668684343;6;14;2;0;4;6;21;6.112383433580128;4;5;24;6;0;3;25;1;9;16;2;0;5;1;0;16;9;6;10;2;4;5;15;4;6;24;6;0;5;6;15;6;1;10;13
TRACK:354;1;1;1;0;1;0;6;1;6;6;0;0;11;13;0;24;25;2;0;0;1;11;18;5;13;0;5;19;1;16;16;1;0;2;23;-2.2571701295058633;11;5;14;6;1;16;13;6;0;2;4;5;4;9;0;6;6;19;5;6;7;-8.027529548669474;6;1;4;2;7;0.07010987965106708;9;2;1;18;14;0;13;16;4;4;5;2;3;1;5;21;8.72293539427383;4;10;5;6;0;10;20;9.760890453417513;0;6;5;2;4;6;6;6;12;4;2;5;2;18;18;2;3;20;-1.309421897974218;6;21;8.619756525285762;5;3;0;5;3;4;0;16;17;0;0;2;2;12;20;-7.142345868378386;2;13;22;7.201771128708472;4;1;23;1.9260129348463444;25;6;6;1;10;25;5;4;6;2;2;5;17;3;6;1;5;7;0.5327554097370673;4;8;5;3;2;6;2;19;23;-4.7855461444313185;6;6;19
TRACK:355;1;1;1;0;1;0;6;1;6;6;0;0;11;13;0;24;25;2;0;0;1;11;18;5;13;0;5;19;1;16;16;1;0;2;23;-2.2571701295058633;11;5;14;6;1;16;13;6;0;2;4;5;4;9;0;6;6;19;5;6;7;-8.027529548669474;6;1;4;2;7;0.07010987965106708;9;2;1;18;14;0;13;16;4;4;5;2;3;1;5;21;8.72293539427383;4;10;5;6;0;10;20;9.760890453417513;0;6;5;2;4;6;6;6;12;4;2;5;19;2;3;20;-1.309421897974218;6;21;8.619756525285762;5;3;0;5;3;4;0;16;17;0;0;2;2;12;20;-7.142345868378386;2;13;22;7.201771128708472;4;1;23;1.9260129348463444;25;6;6;1;10;25;5;4;6;2;2;5;5;5;5;24;3;6;1;5;7;0.5327554097370673;4;8;5;3;2;6;2;19;23;-4.7855461444313185;6;6;19
TRACK:356;5;4;1;5;3;1;0;4;5;1;2;3;25;5;23;7.309737645474968;1;6;7;0.3218028824642367;3;11;4;6;6;1;6;16;2;7;-5.854091696762859;22;3.66350285320285;1;0;3;4;6;2;25;10;1;4;6;4;15;5;0;6;22;-9.58565805499974;4;8;0;6;0;6;1;19;23;-3.587308483082352;0;5;25;1;11;12;4;5;6;3;22;-9.350739913168448;0;6;5;5;6;4;0;3;4;11;4;6;23;3.393492578825029;4;2;0;0;0;2;0;2;14;18;3;18;5;3;7;-7.279508601903622;0;4;6;22;6.945105059765922;3;4;14;4;5;3;0;20;-2.748115565306861;20;4.594253372334986;6;5;4;5;1;16;19;2;4;2;6;1;6;14;3;21;9.356815312735755;2;4;0;25;21;7.75724703552433;1;1;17;10;3;17;5;0;4;0;5;24;0;25;9;0;3;5;24;0;2;17;10;0;16;11
TRACK:357;5;4;3;5;2;3;6;2;5;4;4;6;15;1;3;2;3;19;6;22;-0.03499774720603632;3;5;4;11;4;4;3;4;3;0;3;24;3;11
TRACK:358;9;2;4;1;2;6;3;3;3;1;6;6;24;5;1;13;13;2;2;5;5;1;0;5;9;4;11;4;6;16;2;4;1;3;3;13;3;5;15;2;6;3;5;14;6;0;6;15;4;9;0;2;4;5;4;6;22;2.665848916495923;4;4;4;2;18;16;1;6;1;6;3;10;2;5;19;6;8;4;6;2;0;13;11;3;20;-4.756331604557056;4;4;2;2;5;1;3;5;14;0;6;21;7.707510668684343;6;14;2;0;4;6;21;6.112383433580128;4;5;24;6;0;3;25;1;9;16;2;14;6;0;5;6;15;6;1;10;13
TRACK:359;9;2;4;1;4;3;0;2;2;1;1;2;19;20;-4.142185303395147;0;8;23;-1.4602899930131628;1;3;19;6;16;1;5;0;18;10;5;1;18;21;-9.826680263377368;2;3;6;0;13;17;4;4;1;25;9;5;6;1;4;6;22;-2.0582719638834;2;1;22;2.6848393667379593;17;4;8;6;2;6;3;0;1;2;1;19;12;3;14;1;3;9;1;7;-7.3461643690864475;14;3;3;3;25;5;5;4;6;22;2.665848916495923
TRACK:360;350;-1;6;4;2;0;4;3;6;1;6;6;11;1;1;25;8;0;23;-6.42431065118189;22;-2.542041482180057;6;4;0;1;3;4;7;-1.7305823010409132;2;4;25;22;2.7719232502281144;3;3;0;24;18;5;3;2;6;6;4;4;10;1;2;4;3;14;2;5;8;3;20;9.664395675320472;1;1;5;12;3;25;5;2;12;15
TRACK:361;352;-1;4;0;1;3;5;3;3;5;5;4;19;2;3;1;2;4;21;-7.3882516828828955;0;5;2;11;7;3.3266086172930702;1;1;21;0.20369155726437865;24;6;14;6;6;6;5;14;6;4;6;0;3;3;9;0;2;19;17;3;15;6;4;2;0;0;6;6;1;21;-0.7720198930883652;22;-5.714980020946524;0;1;6;16;4;14;1;0;9;7;3.62787952672041;5;25;5;4;5;3;12;3;2;2;6;1;25;22;2.701899320434857;3;6;7;5.6568522709646825;6;6;1;17;22;-0.8892081756106038
TRACK:362;354;-1;1;0;1;0;6;1;6;6;0;0;11;13;0;24;25;2;0;0;1;11;18;5;13;0;5;19;1;16;16;1;0;2;23;-2.2238206199368724;11;5;14;6;1;16;13;6;0;2;4;5;4;9;0;6;6;19;5;6;7;-7.910647909020602;6;1;4;2;7;-0.04887936707776071;9;2;1;18;14;0;13;16;4;4;5;2;3;1;5;21;8.781219951453213;4;10;5;6;0;10;20;9.883048871155482;0;6;5;2;4;6;6;6;12;4;2;5;2;18;18;2;3;20;-1.4429364771013273;6;21;8.579571761765754;5;3;0;5;0;6;0;20;6.55717304623456;10;0;0;17;23;-0.8914141191431781;2;23;5.753301927005923;7;8.720356137148233;0;0;2;2;12;20;-7.163740005950445;2;13;22;7.066445494026286;4;1;23;1.843939278166416;25;6;6;1;10;25;5;4;6;2;2;5;17;3;6;1;5;7;0.5435612229708574;4;8;5;3;2;6;2;19;23;-4.7580675383739806;6;6;19
TRACK:363;356;-1;1;5;3;1;0;4;5;1;2;3;25;5;23;7.270511869183364;1;6;7;0.1873255529071727;3;11;4;6;6;1;6;16;2;7;-5.914263842745804;22;3.6734560653786668;1;0;3;4;6;2;25;10;1;4;6;4;15;5;0;6;22;-9.710055210530381;4;8;0;6;0;6;1;19;23;-3.564796875598596;0;5;25;1;11;12;4;5;6;3;22;-9.142531083753592;0;6;5;5;6;4;0;3;4;11;4;6;23;3.4836725576185215;4;2;0;0;0;2;0;2;14;18;3;18;5;3;7;-7.170231198374307;0;4;6;22;7.0283220985253;3;4;14;4;5;3;0;20;-2.865048969224687;20;4.552894441827378;6;5;4;5;1;16;19;2;4;2;6;1;6;14;3;21;9.443255078977625;2;4;0;25;21;7.788573590701774;1;1;17;10;3;14;5;0;4;0;5;24;0;25;9;0;3;5;24;0;2;17;10;0;16;11
TRACK:364;358;-1;4;1;2;6;3;3;3;1;6;6;24;5;1;13;13;2;2;5;5;1;0;5;9;4;11;4;6;16;2;4;1;3;3;13;3;5;15;2;6;3;5;14;6;0;6;15;4;9;0;2;4;5;4;6;22;2.7436529080400125;4;4;4;2;18;16;1;6;1;6;3;10;2;5;19;6;8;4;6;2;0;13;11;3;20;-4.732570789524453;4;4;2;2;5;1;3;5;14;0;4;9;6;14;2;0;4;6;21;6.046056373575776;4;5;24;6;0;3;25;1;9;16;2;14;6;0;5;6;15;6;1;10;13
TRACK:365;351;-1;2;5;0;5;23;8.227796189952862;3;13;4;3;5;23;8.400038390493144
TRACK:366;353;-1;4;1;2;6;3;3;3;1;6;6;24;15;2;2;5;5;1;0;5;9;4;11;4;6;16;2;4;1;3;3;13;3;5;15;2;6;3;5;14;6;0;6;15;4;9;0;2;4;5;4;6;22;2.7841360673111772;4;4;4;2;18;16;1;6;1;6;3;10;2;5;19;6;8;4;6;2;0;13;11;3;20;-4.58008000424145;4;4;2;2;5;1;3;5;14;0;6;21;7.651424573652339;6;14;2;0;4;6;21;6.074813473993177;4;5;24;6;0;3;25;1;9;16;2;0;5;1;0;16;9;6;18;2;4;5;15;4;6;24;6;0;5;6;15;6;1;10;13
TRACK:367;355;-1;1;0;1;0;6;1;6;6;0;0;11;13;0;24;25;2;0;0;1;11;18;5;13;0;5;19;1;16;16;1;3;4;24;6;1;16;13;6;0;2;4;5;4;9;0;6;6;19;5;6;7;-8.09717178197468;6;1;4;2;7;-0.005520727533587733;9;2;1;18;14;0;13;16;4;4;5;2;3;1;5;21;8.841808045342283;4;10;5;6;0;10;20;9.66573317481193;0;6;5;2;4;6;6;6;12;4;2;5;19;2;3;20;-1.4300400585493165;6;21;8.504053772006746;5;3;0;5;3;4;0;16;17;0;0;2;2;12;20;-7.182067976375914;2;13;22;7.064070719480014;4;1;23;1.9236162624110142;25;6;6;1;10;25;5;4;6;2;2;5;5;5;5;24;3;6;1;5;7;0.5154761037524016;4;8;5;3;2;6;2;19;23;-4.735798231560779;6;6;19
TRACK:368;357;-1;3;5;2;3;6;2;5;4;4;6;15;1;3;2;3;19;6;22;0.09556036163711554;3;5;4;11;4;4;3;4;3;0;3;24;4;7;0.7161417129518206
TRACK:369;359;-1;4;1;4;3;0;2;2;1;1;2;19;20;-4.058643570107377;0;8;23;-1.5005121903365988;1;3;19;6;16;1;5;0;18;10;5;1;18;21;-9.847894324296647;2;3;6;0;13;17;4;4;1;25;9;5;6;1;4;6;22;-2.0328892926794255;2;1;22;2.679652440730386;17;4;8;6;2;6;3;0;1;2;1;19;12;3;14;1;3;9;1;7;-7.342729877110543;14;1;16;14;5;5;4;6;22;2.767156385302987
EVAL_INSTANCE:18:0:360
EVAL_INSTANCE:18:1:361
EVAL_INSTANCE:18:2:362
EVAL_INSTANCE:18:3:363
EVAL_INSTANCE:18:4:364
EVAL_INSTANCE:18:5:365
EVAL_INSTANCE:18:6:366
EVAL_INSTANCE:18:7:367
EVAL_INSTANCE:18:8:368
EVAL_INSTANCE:18:9:369
RUN_RESULT:18:0:0:2000:----
RUN_RESULT:18:1:0:2000:----
RUN_RESULT:18:2:0:2000:----
RUN_RESULT:18:3:0:2000:----
RUN_RESULT:18:4:0:2000:----
RUN_RESULT:18:5:0:2000:----
RUN_RESULT:18:6:0:2000:----
RUN_RESULT:18:7:0:2000:----
RUN_RESULT:18:8:0:2000:----
RUN_RESULT:18:9:0:2000:----
    19 |      190 |  0.000000E+00 | -0.000000E+00
TRACK:370;6;4;4;0;1;3;5;3;3;5;5;4;19;2;3;1;2;1;5;1;14;12;4;1;15;18;0;5;2;11;7;3.3949546236874166;1;1;21;0.15781845565135022;24;6;14;6;6;6;5;14;6;4;6;0;3;3;9;0;2;19;17;3;15;6;4;2;0;0;6;6;1;21;-0.8411316608662993;22;-5.721673982302146;0;1;6;16;6;15;1;0;9;7;3.452318748288228;5;25;5;4;5;3;12;3;2;2;6;1;25;25;3;6;7;5.598869455374256;6;6;1;17;22;-0.8355763743440541
TRACK:371;6;4;3;5;2;3;6;2;5;4;4;6;15;1;3;2;3;19;6;22;-0.03499774720603632;3;5;4;11;4;4;3;4;3;0;1;17;22;-0.8355763743440541;5;25
TRACK:372;2;3;4;1;4;3;0;2;2;1;1;2;19;20;-4.142185303395147;0;8;23;-1.4602899930131628;1;3;19;6;16;1;5;0;18;10;5;1;18;21;-9.826680263377368;2;3;6;0;13;17;4;4;1;25;9;5;6;1;4;6;22;-2.0582719638834;2;1;22;2.6848393667379593;17;4;8;6;2;6;3;0;1;2;1;19;12;3;14;1;2;22;-2.8628063595721738;8;1;7;-7.3461643690864475;14;3;3;3;25;5;6;3;6;5;4;25
TRACK:373;2;3;5;0;5;6;0;5;5;4;6;2;23;-9.425875259368343;23;6.351964638882649;6;2;6;0;0;22;-5.7053140582007185;15;2;13;8;0;1;4;14;5;9;2;2;22;-2.8628063595721738;8;3;13;3;0;3;9;0;4;5;2;0;2;23;-5.9151488629807725;17;4;11;4;0;11;25;4;2;4;5;6;19;5;0;3;15;2;13;18
TRACK:374;0;2;4;6;3;1;5;6;6;6;1;2;15;15;6;17;12
TRACK:375;0;2;4;1;4;3;0;2;2;1;1;2;19;20;-4.142185303395147;0;8;23;-1.4602899930131628;1;3;19;6;16;1;5;0;18;10;5;1;18;21;-9.826680263377368;2;3;6;0;13;17;4;4;1;25;9;5;6;1;4;6;22;-2.0582719638834;2;1;22;2.6848393667379593;17;4;8;6;2;6;3;0;1;2;1;25;12;3;14;1;3;9;1;7;-7.3461643690864475;14;3;3;3;25;5;6;3;6;5;4;25
TRACK:376;6;7;4;0;1;3;5;3;3;5;5;4;19;2;3;1;2;1;5;1;14;12;4;1;15;18;0;5;2;11;7;3.3949546236874166;1;1;21;0.15781845565135022;24;6;14;6;6;6;5;14;6;4;6;0;3;3;9;0;2;19;17;3;15;6;4;2;0;0;6;6;1;21;-0.8411316608662993;22;-5.721673982302146;0;1;6;16;4;14;1;0;9;8;5;25;5;4;5;3;12;3;2;2;6;1;25;25;3;6;7;5.598869455374256;6;6;1;17;22;-0.8355763743440541
TRACK:377;6;7;0;4;4;0;1;4;4;5;5;5;8;5;1;4;1;0;15;23;9.010026579099339;4;21;7.603077435577408;2;3;1;21;0.8741299139996013;20;-9.727771496719013;1;5;25;4;8;0;1;6;5;3;16;5;3;5;4;22;9.67370061750217;0;4;1;6;4;8;6;1;24;12;1;1;6;1;9;8;1;6;21;-8.244041740037652;3;7;-8.343934600877203;6;5;3;25;6;3;5;1;6;2;1;1;4;25;1;19;10;6;3;9;1;2;0;16;20;-8.356452856661015;4;19;2;2;16;15;1;17;20;-4.716407496205484;3;0;0;0;4;25;4;16;4;1;23;3.4058139379531127;12;3;0;2;23;7.997450742602297;20;4.678946297741202;1;21;8.169859715769505;11
TRACK:378;4;8;3;5;2;3;6;2;5;1;1;23;-6.194829372622004;8;0;23;-6.448084404665872;22;-2.585017750253062;1;3;2;3;19;6;22;-0.03499774720603632;3;5;4;11;4;4;3;4;3;0;3;24;5;25
TRACK:379;4;8;6;4;2;0;4;3;6;1;6;6;11;1;1;23;-6.194829372622004;8;0;23;-6.448084404665872;22;-2.585017750253062;6;4;0;1;3;4;7;-1.796785627472408;2;24;1;24;15;3;3;0;24;18;5;3;2;6;6;4;4;10;1;2;4;3;14;2;5;8;3;20;9.74776600337508;1;1;5;12;3;25;5;2;12;15
TRACK:380;6;-1;4;0;1;3;5;3;3;5;5;4;19;2;3;1;2;1;5;1;14;12;4;1;15;18;0;5;2;11;7;3.389632921067631;1;1;21;0.09956421120783408;24;6;14;6;6;6;5;14;6;4;6;0;3;3;9;0;2;19;17;3;15;6;4;2;0;0;6;6;1;21;-0.7630359201164288;22;-5.789766192992152;0;1;6;16;4;12;1;0;9;7;3.37907521750119;5;25;5;4;5;3;12;3;2;2;6;1;25;25;3;6;7;5.662033262797676;6;6;1;17;22;-0.9362538959508889
TRACK:381;2;-1;4;1;4;3;0;2;2;1;1;2;19;20;-4.308403137742318;0;8;23;-1.4549762355511437;1;3;19;6;16;1;5;0;18;10;5;1;18;21;-9.900658155549145;2;3;6;0;13;17;4;4;1;25;9;5;6;1;4;6;22;-2.0280767172615692;2;1;22;2.538948156898875;17;4;8;6;2;6;3;0;1;2;1;19;12;3;14;1;3;9;1;7;-7.515751688343092;14;3;3;3;25;5;0;5;0;10;19;5;6;20;2.1013204803478818
TRACK:382;0;-1;4;6;3;1;5;6;6;6;1;2;15;15;6;17;1;1;4;6;5;4;16;2;6;0;2;17;18;5;19;3;1;1;24;15;6;25;6;6;4;5;3;19
TRACK:383;376;-1;4;0;1;3;5;3;3;5;5;4;19;2;5;6;21;7.66136710183379;6;4;6;0;3;3;9;0;2;19;17;3;15;6;4;2;0;0;6;6;1;21;-0.8016401046286972;22;-5.595752297267852;0;1;6;16;4;14;1;0;9;8;5;25;5;4;5;3;12;3;2;2;6;1;25;25;3;6;7;5.469782961604082;6;6;1;17;22;-0.8983985744876177
TRACK:384;378;-1;3;5;2;3;6;2;5;6;1;3;7;-3.426970673735193;5;11;1;3;2;3;19;6;22;0.054745158151847106;3;5;4;11;4;4;3;4;3;0;3;24;5;25
TRACK:385;4;-1;3;5;2;3;6;2;5;4;4;6;15;1;3;3;17;3;5;4;11;4;4;3;4;3;0;3;24;5;25
TRACK:386;3;-1;5;0;5;6;0;5;5;4;6;2;23;-9.38656975062314;23;6.455245443752644;6;2;6;0;0;22;-5.652373098484173;15;2;13;8;0;1;4;14;5;9;2;2;22;-2.8239274334138025;8;3;13;3;0;4;1;3;3;5;6;22;6.460839224760019;2;1;5;0;7;2.880106782923164;21;-3.76259092839682;5;1;8;18;2;2;1;9;10;1;12;21;0.5905438007724333;2;5;7;-4.956482281026746;3;24;0;4;5;2;0;2;23;-6.065073672925133;17;4;11;4;0;11;25;4;2;4;5;6;19;5;0;3;15;2;13;18
TRACK:387;2;-1;4;1;4;3;0;2;2;1;1;2;19;20;-4.070089764161823;0;8;23;-1.4743596297803654;1;3;19;6;16;1;1;5;11;3;7;8.484270933741925;5;1;18;21;-9.750663056742013;2;3;6;0;13;17;4;4;1;25;9;5;6;1;4;6;22;-2.0812010908884577;2;1;22;2.7639160112922356;17;4;8;6;2;6;3;0;1;2;1;19;12;3;14;1;3;9;1;7;-7.321894093507982;14;3;3;3;25;5;6;3;6;5;4;25
TRACK:388;377;-1;0;4;4;0;1;4;4;5;5;5;8;5;1;4;1;0;15;23;8.93569424474035;4;21;7.501522577429874;2;3;1;21;0.9668925192816087;20;-9.813767782707886;1;5;25;4;8;0;1;6;5;3;16;5;3;5;4;22;9.648161009615974;0;4;1;6;4;8;6;1;24;12;1;1;6;1;9;8;1;6;21;-8.11313514478601;3;7;-8.226607315501491;6;5;3;25;6;3;5;1;6;2;1;1;4;25;1;19;10;6;3;9;1;2;0;16;20;-8.455006576741551;4;19;2;2;16;15;1;17;20;-4.776421574329722;3;0;0;0;4;25;4;16;4;1;23;3.34789453281942;12;3;0;2;23;7.989567248939834;20;4.648989962376862;4;22;9.52057702384107
TRACK:389;379;-1;6;4;2;0;4;3;6;1;6;6;11;1;1;23;-5.989898730796646;8;0;23;-6.471331286120021;22;-2.7582179542632317;6;4;0;1;3;1;12;23;-4.558367228957312;2;24;1;24;15;3;3;0;24;18;5;3;2;6;6;4;4;10;1;2;4;3;14;2;5;8;3;20;9.906724956843556;1;1;5;12;3;25;5;2;12;15
EVAL_INSTANCE:19:0:380
EVAL_INSTANCE:19:1:381
EVAL_INSTANCE:19:2:382
EVAL_INSTANCE:19:3:383
EVAL_INSTANCE:19:4:384
EVAL_INSTANCE:19:5:385
EVAL_INSTANCE:19:6:386
EVAL_INSTANCE:19:7:387
EVAL_INSTANCE:19:8:388
EVAL_INSTANCE:19:9:389
RUN_RESULT:19:0:0:2000:----
RUN_RESULT:19:1:0:2000:----
RUN_RESULT:19:2:0:2000:----
RUN_RESULT:19:3:0:2000:----
RUN_RESULT:19:4:0:2000:----
RUN_RESULT:19:5:0:2000:----
RUN_RESULT:19:6:0:2000:----
RUN_RESULT:19:7:0:2000:----
RUN_RESULT:19:8:0:2000:----
RUN_RESULT:19:9:0:2000:----
    20 |      200 |  0.000000E+00 | -0.000000E+00
TRACK:390;1;8;1;0;1;0;6;1;6;6;0;0;11;13;0;24;25;2;0;0;1;11;18;5;13;0;5;19;1;16;16;1;0;2;23;-2.2571701295058633;11;5;14;6;1;16;13;6;0;2;4;5;4;9;0;6;6;19;5;6;7;-8.027529548669474;6;1;4;2;7;0.07010987965106708;9;2;1;18;14;0;13;16;4;4;5;2;3;1;5;21;8.72293539427383;4;10;5;6;0;10;20;9.760890453417513;0;6;5;2;4;6;6;6;12;4;2;5;2;18;18;2;3;20;-1.309421897974218;6;21;8.619756525285762;5;3;0;5;3;4;0;16;17;0;0;2;2;12;20;-7.142345868378386;2;13;22;7.201771128708472;4;1;23;1.9260129348463444;25;6;6;1;10;25;5;4;6;2;2;5;5;5;5;24;3;6;1;5;7;0.5327554097370673;4;8;5;3;2;6;2;19;23;-4.7855461444313185;6;6;23;-6.448084404665872
TRACK:391;1;8;6;4;4;10
TRACK:392;4;0;3;5;2;3;6;2;5;4;4;6;15;1;3;2;3;19;6;22;-0.03499774720603632;3;5;4;11;18
TRACK:393;4;0;4;6;3;1;5;6;6;6;1;2;15;15;6;17;1;1;4;6;5;4;16;2;6;0;2;17;18;5;22;-0.03499774720603632;3;1;1;13;15;6;25;6;6;4;5;3;19
TRACK:394;7;1;0;4;4;0;1;4;4;5;5;5;8;5;1;4;1;0;15;23;9.010026579099339;4;21;7.603077435577408;2;3;1;21;0.8741299139996013;20;-9.727771496719013;1;5;25;4;8;0;1;6;5;3;1;7;1.1694286702868357;22;4.9607544345329515;5;3;5;4;22;9.67370061750217;0;4;1;6;4;8;6;1;24;12;1;1;6;1;9;8;1;6;16;3;7;-8.343934600877203;6;5;3;25;6;3;5;1;6;2;1;1;4;25;1;19;10;6;3;9;1;2;0;16;20;-8.356452856661015;4;19;2;2;16;15;1;17;20;-4.716407496205484;3;0;0;0;4;25;4;16;4;1;23;3.4058139379531127;12;3;0;2;23;7.997450742602297;20;4.678946297741202;1;21;8.169859715769505;11
TRACK:395;7;1;1;0;1;0;6;1;6;6;0;0;11;13;0;24;25;2;0;0;1;11;18;5;13;0;5;19;1;16;16;1;0;2;23;-2.2571701295058633;11;5;14;6;1;16;13;6;0;2;4;5;4;9;0;6;6;19;5;6;7;-8.027529548669474;6;1;4;2;7;0.07010987965106708;9;2;1;18;14;0;13;16;4;4;5;2;3;1;5;21;8.72293539427383;4;10;5;6;0;10;20;9.760890453417513;0;6;5;2;4;6;6;6;12;4;2;5;2;18;18;2;3;20;-1.309421897974218;6;21;8.619756525285762;5;3;0;5;3;4;0;16;17;0;0;2;2;12;20;-7.142345868378386;2;13;22;7.201771128708472;4;1;23;1.9260129348463444;25;6;6;1;10;25;5;4;6;2;2;5;5;5;4;25;3;6;1;5;7;0.5327554097370673;4;8;5;3;2;6;2;19;23;-4.7855461444313185;6;6;19
TRACK:396;9;5;4;1;2;6;3;3;3;1;6;6;24;5;1;13;13;2;2;5;5;1;0;5;9;4;11;4;6;16;2;4;1;3;3;13;3;5;15;2;6;3;5;14;6;0;6;15;4;9;0;2;4;5;4;6;22;2.665848916495923;4;4;4;2;18;16;1;25;4;6;2;0;13;11;3;20;-4.756331604557056;4;4;2;2;5;1;3;5;14;0;6;21;7.707510668684343;6;14;2;0;4;6;21;6.112383433580128;4;5;24;6;0;3;25;1;9;16;2;0;5;1;0;16;9;6;10;2;4;5;15;4;6;24;6;0;5;6;15;6;1;10;13
TRACK:397;9;5;1;5;3;1;0;4;5;1;2;3;9;5;23;7.309737645474968;1;6;7;0.3218028824642367;3;11;4;6;6;1;6;16;2;7;-5.854091696762859;22;3.66350285320285;1;0;3;4;6;2;25;10;1;4;6;4;15;5;0;6;22;-9.58565805499974;4;8;0;6;0;6;1;19;23;-3.587308483082352;0;5;25;1;11;12;4;5;6;3;22;-9.350739913168448;0;6;5;5;6;4;0;3;4;11;4;6;16;4;2;0;0;0;2;0;2;14;18;3;18;5;3;7;-7.279508601903622;0;4;6;22;6.945105059765922;3;4;14;4;5;3;0;20;-2.748115565306861;20;4.594253372334986;6;5;4;5;1;16;19;2;4;2;6;1;6;14;3;21;9.356815312735755;2;4;0;25;21;7.75724703552433;1;1;17;10;3;17;5;0;4;0;5;24;0;25;9;0;3;5;24;0;2;17;10;0;16;11
TRACK:398;7;0;0;4;4;0;1;4;4;5;5;5;8;5;1;4;1;0;15;23;9.010026579099339;4;21;7.603077435577408;2;3;1;21;0.8741299139996013;20;-9.727771496719013;1;5;25;4;8;0;1;6;5;3;1;7;1.1694286702868357;22;4.9607544345329515;5;3;5;4;22;9.67370061750217;0;4;1;6;4;8;6;1;24;12;1;1;6;1;9;8;1;6;21;-8.244041740037652;3;7;-8.343934600877203;6;5;3;25;6;3;5;1;6;2;1;1;4;25;1;19;10;6;3;9;1;2;0;16;20;-8.356452856661015;4;19;2;2;16;15;1;17;20;-4.716407496205484;3;0;0;0;4;25;4;16;4;1;23;3.4058139379531127;12;3;0;2;23;7.997450742602297;20;4.678946297741202;1;13;11
TRACK:399;7;0;4;6;3;1;5;6;6;6;1;2;15;15;6;17;1;1;4;6;5;4;16;2;7;-8.343934600877203;3;1;1;13;15;6;25;6;6;4;5;3;19
TRACK:400;390;-1;1;0;1;0;6;1;6;6;0;0;11;13;0;24;25;2;0;0;1;11;18;5;13;0;5;19;1;16;16;1;0;2;23;-2.2816537787126774;11;5;14;6;1;16;13;6;0;2;4;5;4;9;0;6;6;19;5;6;7;-7.949425056862315;6;1;4;2;7;0.01506193724167558;9;2;1;18;14;0;13;16;4;4;5;2;3;1;5;21;8.734595329661452;4;10;5;6;0;10;20;9.749513876797034;0;6;5;2;4;6;6;6;12;4;2;5;2;18;18;2;3;20;-1.2047424988562072;6;21;8.480531051316538;5;3;0;5;3;4;0;16;17;0;0;2;2;12;20;-7.186101182177675;2;13;22;7.242239080080494;4;1;23;1.8599067703690177;25;6;6;1;10;25;5;4;6;2;2;5;5;5;5;24;3;6;1;0;11;15;4;8;5;3;2;6;2;19;23;-4.694846708085628;6;6;23;-6.545632557916323
TRACK:401;392;-1;0;0;0;6;7;0.3463941034001117;1;11;20;8.220904088974315;0;1;15;7;-5.224132892368285;6;11;1;3;1;12;10;2;2;13;13;5;22;9.993624193432606
TRACK:402;394;-1;0;4;4;0;1;4;4;5;5;5;8;5;1;4;1;0;15;23;9.01137389302393;4;21;7.521864331666858;2;3;1;21;0.7103807614507223;20;-9.876099366305652;1;5;25;4;8;0;1;6;5;3;1;7;1.2796202858022672;22;4.971514480634816;5;3;5;4;22;9.694578613098836;0;4;1;6;4;8;6;1;24;12;1;1;5;3;10;1;6;16;3;7;-8.236716545554575;6;5;3;25;6;3;5;1;6;2;1;1;4;25;1;19;10;6;3;9;1;2;0;16;20;-8.325475542047437;4;19;2;2;16;15;1;17;20;-4.616894250173896;3;0;0;0;4;25;4;16;4;1;23;3.397285920099677;12;3;0;2;23;8.016110521614996;20;4.767191068804616;1;21;8.161752320069013;11
TRACK:403;9;-1;4;1;2;6;3;3;3;1;6;6;24;5;1;13;13;2;2;5;5;1;0;5;9;4;11;4;6;16;2;4;1;3;3;13;3;5;15;2;6;3;5;14;6;0;6;15;4;9;0;2;4;5;4;6;22;2.667483172765471;4;4;4;2;18;16;1;6;1;6;3;10;2;5;19;6;8;4;6;2;0;13;11;3;20;-4.890648813863132;4;4;2;2;5;1;3;5;14;0;6;21;7.706226471848473;6;14;2;0;4;6;21;6.039911144790818;4;5;24;6;0;3;25;1;9;16;2;0;5;1;0;16;9;6;10;2;4;5;15;4;6;24;6;0;5;6;15;6;1;10;13
TRACK:404;398;-1;0;4;4;0;1;4;4;5;5;5;8;5;1;4;1;0;15;23;9.02861966580271;4;21;7.6522541284671215;2;3;1;21;0.7983744801226869;20;-9.649756951764159;1;5;25;4;8;0;1;6;5;3;1;7;1.1407391399393898;22;4.9720776228183245;5;3;5;4;22;9.71928879425819;0;4;1;6;4;8;6;1;24;12;1;1;6;1;9;8;1;6;21;-8.359804627441932;3;7;-8.235267841704504;6;5;3;25;6;3;5;1;6;2;1;1;4;25;1;19;10;6;3;9;1;2;0;16;20;-8.242972501715919;4;19;2;2;16;15;1;17;20;-4.5972329506665845;3;0;0;0;4;25;4;16;4;1;23;3.403041774865251;12;3;0;2;19;20;4.749593352180657;1;13;11
TRACK:405;391;-1;5;21;6.457005913479684
TRACK:406;393;-1;4;6;3;1;5;6;2;5;9;4;23;-8.377362598614312;1;1;4;6;5;4;16;2;6;0;2;17;18;5;22;0.031642232182553215;3;1;1;13;15;6;25;6;6;4;5;3;19
TRACK:407;395;-1;1;0;1;0;6;1;6;6;0;0;11;13;0;24;22;8.40905247360515;2;0;0;1;11;18;5;13;0;5;19;1;16;16;1;0;2;23;-2.2928600086260955;11;5;14;6;1;16;13;6;0;2;4;5;4;9;0;6;6;19;5;6;7;-8.096336048710812;6;1;4;2;7;0.0800641121088117;9;2;1;18;14;0;13;16;4;4;5;2;3;1;5;21;8.70736959170695;4;10;5;6;0;10;20;9.871964399944948;0;6;5;2;4;6;6;6;12;4;2;5;2;18;18;2;3;20;-1.4644146542272318;6;21;8.86379703813179;5;3;0;5;3;4;0;16;17;0;0;2;2;12;20;-7.14489167688021;2;13;22;7.170838438235431;4;1;23;1.9462989003773872;25;6;6;1;10;25;5;4;6;2;2;5;5;5;4;25;3;6;1;5;7;0.3778040886155877;4;8;5;3;2;6;2;19;23;-4.6789714204633075;6;6;19
TRACK:408;5;-1;1;5;3;1;0;4;5;1;2;3;9;5;23;7.116180685135057;1;6;7;0.3570019952338682;3;11;4;6;6;1;6;16;2;7;-6.0257881812485765;22;3.6056989971361926;1;0;3;4;6;2;25;10;1;4;6;4;15;5;0;6;22;-9.646244044612313;4;8;0;6;0;6;1;19;19;0;5;25;1;11;12;4;5;6;3;22;-9.171576199008728;0;6;5;5;6;4;0;3;4;11;4;6;23;3.195017014472173;4;2;0;0;0;2;0;2;14;18;3;18;5;3;7;-7.273666126987574;0;4;6;22;7.123053149461726;3;4;14;4;5;3;0;20;-2.782457484715237;20;4.384189442980502;6;5;4;5;1;16;19;2;4;2;6;1;6;14;3;21;9.385546496536373;2;4;0;25;21;7.698024676197025;1;1;17;10;3;17;5;0;4;0;5;24;0;25;9;0;3;5;24;0;2;17;10;0;16;11
TRACK:409;399;-1;4;6;3;6;4;14
EVAL_INSTANCE:20:0:400
EVAL_INSTANCE:20:1:401
EVAL_INSTANCE:20:2:402
EVAL_INSTANCE:20:3:403
EVAL_INSTANCE:20:4:404
EVAL_INSTANCE:20:5:405
EVAL_INSTANCE:20:6:406
EVAL_INSTANCE:20:7:407
EVAL_INSTANCE:20:8:408
EVAL_INSTANCE:20:9:409
RUN_RESULT:20:0:0:2000:----
RUN_RESULT:20:1:0:2000:----
RUN_RESULT:20:2:0:2000:----
RUN_RESULT:20:3:0:2000:----
RUN_RESULT:20:4:0:2000:----
RUN_RESULT:20:5:0:2000:----
RUN_RESULT:20:6:0:2000:----
RUN_RESULT:20:7:0:2000:----
RUN_RESULT:20:8:0:2000:----
RUN_RESULT:20:9:0:2000:----
    21 |      210 |  0.000000E+00 | -0.000000E+00
TRACK:410;1;6;1;0;1;1;21;-0.8411316608662993;22;-5.721673982302146;4;4;5;2;3;1;5;21;8.72293539427383;4;10;5;6;0;10;20;9.760890453417513;0;6;5;2;4;6;6;6;12;4;2;5;2;18;18;2;3;20;-1.309421897974218;6;21;8.619756525285762;5;3;0;5;3;4;0;16;17;0;0;2;2;12;20;-7.142345868378386;2;13;22;7.201771128708472;4;1;23;1.9260129348463444;25;6;6;1;10;25;5;4;6;2;2;5;5;5;5;24;3;6;1;5;7;0.5327554097370673;4;8;5;3;2;6;2;19;23;-4.7855461444313185;6;6;19
TRACK:411;1;6;4;0;1;3;5;3;3;5;5;4;19;2;3;1;2;1;5;1;14;12;4;1;15;18;0;5;2;11;7;3.3949546236874166;1;1;21;0.15781845565135022;24;6;14;6;6;6;5;14;6;4;6;0;3;3;9;0;2;19;17;3;15;6;4;2;0;0;6;6;1;21;-0.8411316608662993;14;0;1;6;16;4;14;1;0;9;7;3.452318748288228;5;25;5;4;5;3;12;3;2;2;6;1;25;25;3;6;7;5.598869455374256;6;6;1;17;22;-0.8355763743440541
TRACK:412;5;3;1;5;3;1;0;4;5;1;2;3;9;5;23;7.309737645474968;1;6;7;0.3218028824642367;3;11;4;6;6;1;6;16;2;7;-5.854091696762859;22;3.66350285320285;1;0;3;4;6;2;25;10;1;4;6;4;15;5;0;6;22;-9.58565805499974;4;8;0;6;0;6;1;19;23;-3.587308483082352;0;5;25;1;11;12;4;5;6;3;22;-9.350739913168448;0;6;5;5;6;4;0;3;4;11;4;6;23;3.393492578825029;4;2;0;0;0;2;0;2;14;18;3;18;5;3;7;-7.279508601903622;0;4;6;22;6.945105059765922;3;4;14;4;5;3;0;20;-2.748115565306861;20;4.594253372334986;6;5;7;-5.060335771358783;2;4;2;6;1;6;14;3;21;9.356815312735755;2;4;0;25;21;7.75724703552433;1;1;17;10;3;17;5;0;4;0;5;24;0;25;9;0;3;5;24;0;2;17;10;0;16;11
TRACK:413;5;3;5;0;5;6;0;5;5;4;6;2;23;-9.425875259368343;23;6.351964638882649;6;2;6;0;0;22;-5.7053140582007185;15;2;13;8;0;1;4;14;5;9;2;2;22;-2.8628063595721738;8;3;13;3;0;4;1;3;3;5;6;22;6.502010675018717;2;1;5;0;7;2.951350615301049;22;3.1091386531019545;5;1;8;18;2;2;1;9;10;1;12;21;0.4828827554892712;2;5;7;-5.060335771358783;3;24;6;22;-9.58565805499974
TRACK:414;7;3;0;4;4;0;1;4;4;5;5;5;8;5;1;4;1;0;15;23;9.010026579099339;4;21;7.603077435577408;2;3;1;21;0.8741299139996013;20;-9.727771496719013;1;5;25;4;8;0;1;6;5;3;1;7;1.1694286702868357;22;4.9607544345329515;5;3;5;4;22;9.67370061750217;0;4;1;6;4;8;6;1;24;12;1;1;6;1;9;8;1;6;21;-8.244041740037652;3;7;-8.343934600877203;6;5;3;25;6;3;5;1;6;2;1;1;4;25;1;19;10;6;3;9;1;2;0;15;20;-8.356452856661015;4;19;2;2;16;15;1;17;20;-4.716407496205484;3;0;0;0;4;25;4;16;4;1;23;3.4058139379531127;12;3;0;2;23;7.997450742602297;20;4.678946297741202;1;21;8.169859715769505;11
TRACK:415;7;3;5;0;5;6;0;5;5;4;6;2;23;-9.425875259368343;23;6.351964638882649;6;2;6;0;0;22;-5.7053140582007185;15;2;13;8;0;1;4;14;5;9;2;2;22;-2.8628063595721738;8;3;13;3;0;4;1;3;3;5;6;22;6.502010675018717;2;1;5;0;7;2.951350615301049;22;3.1091386531019545;5;1;8;18;2;2;1;9;10;1;12;21;0.4828827554892712;4;1;23;3.4058139379531127;12;0;4;5;2;0;2;23;-5.9151488629807725;17;4;11;4;0;11;25;4;2;4;5;6;19;5;0;3;15;2;13;18
TRACK:416;6;4;4;0;1;3;5;3;3;5;5;4;19;2;3;1;2;1;5;1;14;12;4;1;15;18;0;5;2;11;7;3.3949546236874166;1;1;21;0.15781845565135022;24;6;14;6;6;6;5;14;6;4;6;0;3;3;9;0;2;19;17;3;15;6;4;2;0;0;6;6;1;21;-0.8411316608662993;25;0;1;6;16;4;14;1;0;9;7;3.452318748288228;5;25;5;4;5;3;12;3;2;2;6;1;25;25;3;6;7;5.598869455374256;6;6;1;17;22;-0.8355763743440541
TRACK:417;6;4;3;5;2;3;6;2;5;4;4;6;15;1;3;2;3;19;6;22;-0.03499774720603632;3;5;4;11;4;4;3;4;3;0;3;24;7;5.598869455374256
TRACK:418;9;5;4;1;2;6;3;3;3;1;6;6;24;5;1;24;13;2;2;5;5;1;0;5;9;4;11;4;6;16;2;4;1;3;3;13;3;5;15;2;6;3;5;14;6;0;6;15;4;9;0;2;4;5;4;6;22;2.665848916495923;4;4;4;2;18;16;1;6;1;6;3;10;2;5;19;6;8;4;6;2;0;13;11;3;20;-4.756331604557056;4;4;2;2;5;1;3;5;14;0;6;21;7.707510668684343;6;14;2;0;4;6;21;6.112383433580128;4;5;24;6;0;3;25;1;9;16;2;0;5;1;0;16;9;6;10;2;4;5;15;4;6;24;6;0;5;6;15;6;1;10;13
TRACK:419;9;5;1;5;3;1;0;4;5;1;2;3;9;5;23;7.309737645474968;1;6;14;3;11;4;6;6;1;6;16;2;7;-5.854091696762859;22;3.66350285320285;1;0;3;4;6;2;25;10;1;4;6;4;15;5;0;6;22;-9.58565805499974;4;8;0;6;0;6;1;19;23;-3.587308483082352;0;5;25;1;11;12;4;5;6;3;22;-9.350739913168448;0;6;5;5;6;4;0;3;4;11;4;6;23;3.393492578825029;4;2;0;0;0;2;0;2;14;18;3;18;5;3;7;-7.279508601903622;0;4;6;22;6.945105059765922;3;4;14;4;5;3;0;20;-2.748115565306861;20;4.594253372334986;6;5;4;5;1;16;19;2;4;2;6;1;6;14;3;21;9.356815312735755;2;4;0;25;21;7.75724703552433;1;1;17;10;3;17;5;0;4;0;5;24;0;25;9;0;3;5;24;0;2;17;10;0;16;11
TRACK:420;410;-1;1;0;1;1;21;-0.7686151080875213;22;-5.6110327833197395;4;4;5;2;3;1;5;21;8.701715205354137;4;10;5;6;0;10;20;9.813169027471105;0;6;5;2;4;6;6;6;12;4;2;5;2;18;18;2;3;20;-1.2867132763216311;6;21;8.567615798072623;5;3;0;5;3;4;0;16;17;0;0;2;2;12;20;-7.2466658589638255;2;13;22;7.305646393812276;4;1;23;1.8772992261359027;25;6;6;1;10;25;5;4;6;2;2;5;5;5;5;24;3;5;0;2;17;16;0;18;9;5;3;2;6;2;19;23;-5.121973985024582;6;6;19
TRACK:421;412;-1;1;5;3;1;0;4;5;1;2;3;9;5;23;7.1504756727510665;1;6;7;0.22224878098107015;3;11;4;6;6;1;6;16;2;7;-5.990207649778545;22;3.8247143814793483;1;0;3;4;6;2;25;10;1;4;6;4;15;5;0;6;22;-9.640231315686409;4;8;0;6;0;6;1;19;23;-3.5728774269595798;0;5;25;1;11;12;4;5;6;3;22;-9.470904048567455;0;6;5;5;6;4;0;3;4;11;4;6;23;3.4312142618909682;4;2;0;0;0;2;0;2;14;18;3;18;5;3;7;-7.176503148929347;0;4;6;22;6.95014835451928;3;4;14;4;5;3;0;20;-2.7212761698649195;20;4.500089369491153;6;5;7;-5.096055273319806;2;4;2;6;1;6;14;3;21;9.315855759658136;2;4;0;25;21;7.750473743434993;1;1;17;21;9.808825930177338;3;17;5;0;4;0;5;24;0;25;9;0;3;5;24;0;2;17;10;0;16;11
TRACK:422;414;-1;0;4;4;0;1;4;4;5;5;5;8;5;1;4;1;0;15;23;8.987215205789985;4;21;7.488122668137554;2;3;1;21;0.9330852276805953;20;-9.662750998630834;1;5;25;4;8;0;1;6;5;3;1;7;1.3040688861946081;22;5.104681848666676;5;3;5;4;22;9.638834216341277;0;4;1;6;4;8;6;1;24;12;1;1;6;1;9;8;1;6;21;-8.35896385188742;3;7;-8.386592749406336;6;5;3;25;6;3;5;1;6;2;1;1;4;25;1;19;10;6;3;9;1;2;0;15;20;-8.30040280585241;4;19;2;2;16;15;1;17;20;-4.606093568617781;3;0;0;0;4;25;4;16;4;1;23;3.376863563672775;12;3;0;2;23;8.030560171226483;20;4.636490164152655;2;10;22;-9.21987902689125
TRACK:423;416;-1;4;0;1;3;5;3;3;5;5;4;19;2;3;1;2;1;5;1;14;12;4;1;15;18;0;5;2;11;7;3.589053095669225;1;1;21;0.16003397845721026;24;6;14;6;6;6;5;14;6;4;6;0;3;4;7;6.470462008991866;0;2;19;17;3;15;6;4;2;0;0;6;6;1;21;-0.8743544443542779;25;0;1;6;16;4;14;1;0;9;7;3.4601431720065277;5;25;5;4;5;3;12;3;2;2;6;1;25;25;3;6;7;5.647383995307423;6;6;1;17;22;-0.831513775977378
TRACK:424;418;-1;4;1;2;6;3;3;3;1;2;21;-4.290847051736037;15;5;1;24;13;2;2;5;5;1;0;5;9;4;11;4;6;16;2;4;1;3;3;13;3;5;15;2;6;3;5;14;6;0;6;15;4;9;0;2;4;5;4;6;22;2.8648232140855048;4;4;4;2;18;16;1;6;1;6;3;10;2;5;19;6;8;4;6;2;0;13;11;3;20;-4.744427562508286;4;4;2;2;5;1;3;5;14;0;6;21;7.686569589589422;6;14;2;0;4;6;21;6.1398243062335025;4;5;24;6;0;3;25;1;9;16;2;0;5;1;0;16;9;6;10;2;4;5;15;4;6;24;6;0;5;6;15;6;1;10;13
TRACK:425;411;-1;4;0;1;3;5;3;3;5;5;4;19;2;3;1;2;1;5;1;14;12;4;1;15;18;0;5;2;11;7;3.3314452536112245;1;1;16;13;6;14;6;6;6;5;14;6;4;6;0;3;3;9;0;2;19;17;3;15;6;4;2;0;0;6;6;1;21;-0.9315152821243148;14;0;1;6;16;4;14;1;0;9;7;3.450078228454796;5;25;5;4;5;3;12;3;2;2;6;1;25;25;3;6;7;5.590587878552261;6;6;1;17;22;-0.8333868564523362
TRACK:426;413;-1;0;5;6;3;0;3;2;6;16;3;19;0;6;3;13;5;5;12;6;3;4;4;4;6;1;19;13
TRACK:427;415;-1;5;0;5;6;0;5;5;4;6;2;12;10;6;2;6;0;0;22;-5.830845919111078;15;2;13;8;0;1;4;14;5;9;2;2;22;-2.89093733027616;8;3;13;3;0;4;1;3;3;5;6;22;6.530108277950934;2;1;5;0;7;3.0227234868153445;22;3.0695263776813175;5;1;8;18;2;2;1;9;10;1;12;21;0.47877186699822055;4;1;23;3.3145994998289474;12;0;4;5;2;0;2;23;-5.725169929990282;17;4;11;4;0;11;25;4;2;4;5;6;19;5;0;3;15;2;13;18
TRACK:428;417;-1;3;5;2;3;6;2;5;4;4;6;15;1;3;2;3;19;6;22;-0.048597543434059406;3;5;4;11;4;1;5;6;13;5;1;10;17
TRACK:429;419;-1;1;5;3;1;0;4;5;1;2;3;9;5;23;7.293195938596418;1;6;14;3;11;4;6;6;1;6;16;2;7;-5.910817239635296;22;3.6488175881807825;1;0;3;4;6;2;25;10;1;4;6;4;15;5;0;6;22;-9.556622617413954;4;8;0;6;0;6;1;19;23;-3.5462353039171486;0;5;25;1;11;12;4;5;6;3;22;-9.448761478300849;0;6;5;5;6;4;0;3;4;11;4;6;23;3.309332215272803;4;2;0;0;0;2;0;2;14;18;3;18;5;3;7;-7.343214007639651;0;4;6;22;6.842356528759913;3;4;14;4;5;3;0;20;-2.611127735325089;20;4.622740218756967;6;5;4;5;1;16;19;2;4;2;6;1;6;21;1.783492376669427;3;21;9.42470727198505;2;4;0;25;21;7.647435149866192;1;1;17;10;3;17;5;0;4;0;5;24;0;25;9;0;3;5;24;0;2;17;10;0;16;11
EVAL_INSTANCE:21:0:420
EVAL_INSTANCE:21:1:421
EVAL_INSTANCE:21:2:422
EVAL_INSTANCE:21:3:423
EVAL_INSTANCE:21:4:424
EVAL_INSTANCE:21:5:425
EVAL_INSTANCE:21:6:426
EVAL_INSTANCE:21:7:427
EVAL_INSTANCE:21:8:428
EVAL_INSTANCE:21:9:429
RUN_RESULT:21:0:0:2000:----
RUN_RESULT:21:1:0:2000:----
RUN_RESULT:21:2:0:2000:----
RUN_RESULT:21:3:0:2000:----
RUN_RESULT:21:4:0:2000:----
RUN_RESULT:21:5:0:2000:----
RUN_RESULT:21:6:0:2000:----
RUN_RESULT:21:7:0:2000:----
RUN_RESULT:21:8:0:2000:----
RUN_RESULT:21:9:0:2000:----
    22 |      220 |  0.000000E+00 | -0.000000E+00
TRACK:430;6;4;4;0;1;3;5;3;3;5;5;4;19;2;3;1;2;1;5;1;14;12;4;1;15;18;0;5;2;11;7;3.3949546236874166;1;1;21;0.15781845565135022;24;6;14;6;6;6;5;14;5;4;4;6;15;6;4;2;0;0;6;6;1;21;-0.8411316608662993;22;-5.721673982302146;0;1;6;16;4;14;1;0;9;7;3.452318748288228;5;25;5;4;5;3;12;3;2;2;6;1;25;25;3;6;7;5.598869455374256;6;6;1;17;22;-0.8355763743440541
TRACK:431;6;4;3;5;2;3;6;2;5;4;4;6;15;1;3;2;3;19;6;22;-0.03499774720603632;3;5;4;11;4;4;3;4;3;0;3;21;-0.8411316608662993;5;25
TRACK:432;5;1;1;5;3;1;0;4;5;1;2;3;9;5;23;7.309737645474968;1;6;7;0.3218028824642367;3;11;4;6;6;1;6;16;2;7;-5.854091696762859;22;3.66350285320285;1;0;3;4;6;2;25;10;1;4;6;4;15;5;0;6;22;-9.58565805499974;4;8;0;6;0;6;1;19;23;-3.587308483082352;0;5;25;1;11;12;4;5;6;3;22;-9.350739913168448;0;6;5;5;6;4;0;3;4;11;4;6;23;3.393492578825029;4;2;0;0;0;2;0;2;14;18;3;18;3;20;-1.309421897974218;0;4;6;22;6.945105059765922;3;4;14;4;5;3;0;20;-2.748115565306861;20;4.594253372334986;6;5;4;5;1;16;19;2;4;2;6;1;6;14;3;21;9.356815312735755;2;4;0;25;21;7.75724703552433;1;1;17;10;3;17;5;0;4;0;5;24;0;25;9;0;3;5;24;0;2;17;10;0;16;11
TRACK:433;5;1;1;0;1;0;6;1;6;6;0;0;11;13;0;24;25;2;0;0;1;11;18;5;13;0;5;19;1;16;16;1;0;2;23;-2.2571701295058633;11;5;14;6;1;16;13;6;0;2;4;5;4;9;0;6;6;19;5;6;7;-8.027529548669474;6;1;4;2;7;0.07010987965106708;9;2;1;18;14;0;13;16;4;4;5;2;3;1;5;21;8.72293539427383;4;10;5;6;0;10;20;9.760890453417513;0;6;5;2;4;6;6;6;12;4;2;5;2;18;18;2;3;20;-1.309421897974218;6;21;8.619756525285762;5;3;0;5;3;4;0;16;17;0;0;2;2;12;20;-7.142345868378386;2;13;14;4;1;23;1.9260129348463444;25;6;6;1;10;25;5;4;6;2;2;5;5;5;5;24;3;6;1;5;7;0.5327554097370673;4;8;5;3;2;6;2;19;23;-4.7855461444313185;6;6;19
TRACK:434;0;0;4;6;6;6;1;2;15;15;6;17
TRACK:435;0;0;4;6;3;1;5;6;6;6;1;2;15;15;6;17;1;1;4;6;5;4;16;2;6;0;2;17;18;5;19;3;1;1;13;15;6;25;6;6;4;5;3;19
TRACK:436;5;3;1;5;3;1;0;4;5;1;2;3;9;5;23;7.309737645474968;1;6;7;0.3218028824642367;3;11;4;6;6;1;6;16;2;7;-5.854091696762859;22;3.66350285320285;1;0;3;4;6;2;25;10;1;4;6;4;15;5;0;6;22;-9.58565805499974;4;8;0;6;0;6;1;19;23;-3.587308483082352;0;5;25;1;11;12;4;5;6;3;22;-9.350739913168448;0;6;5;5;6;4;0;3;4;11;4;6;23;3.393492578825029;4;2;0;0;0;2;0;2;14;18;3;18;5;3;7;-7.279508601903622;0;4;6;22;6.945105059765922;3;4;14;4;5;3;0;20;-2.748115565306861;20;4.594253372334986;6;5;4;5;1;16;19;2;4;2;6;1;6;14;3;21;9.356815312735755;2;4;0;25;21;7.75724703552433;1;1;17;10;3;17;5;0;4;0;5;24;0;25;9;0;3;5;24;0;2;17;10;22;-2.8628063595721738
TRACK:437;5;3;5;0;5;6;0;5;5;4;6;2;23;-9.425875259368343;23;6.351964638882649;6;2;6;0;0;22;-5.7053140582007185;15;2;13;8;0;1;4;14;5;9;2;2;22;-2.8628063595721738;8;3;13;3;0;4;1;3;3;5;6;22;6.502010675018717;2;1;5;0;7;2.951350615301049;22;3.1091386531019545;5;1;8;18;2;2;1;9;10;1;12;21;0.4828827554892712;2;5;7;-5.060335771358783;3;24;0;4;5;2;0;2;23;-5.9151488629807725;17;4;11;4;0;11;25;4;2;4;22;-9.58565805499974;5;0;3;15;2;13;18
TRACK:438;8;2;6;4;2;0;4;3;6;1;6;6;11;1;1;23;-6.194829372622004;8;0;23;-6.448084404665872;22;-2.585017750253062;6;4;0;1;3;4;7;-1.796785627472408;19;3;3;0;24;18;5;3;2;6;6;4;4;10;1;2;4;3;14;2;5;8;3;20;9.74776600337508;1;1;5;12;3;25;5;2;12;15
TRACK:439;8;2;4;1;4;3;0;2;2;1;1;2;19;20;-4.142185303395147;0;8;23;-1.4602899930131628;1;3;19;6;16;1;5;0;18;10;5;1;15;21;-9.826680263377368;2;3;6;0;13;17;4;4;1;25;9;5;6;1;4;6;22;-2.0582719638834;2;1;22;2.6848393667379593;17;4;8;6;2;6;3;0;1;2;1;19;12;3;14;1;3;9;1;7;-7.3461643690864475;14;3;3;3;25;5;6;3;6;5;4;25
TRACK:440;430;-1;4;0;1;3;5;3;3;5;5;4;19;2;3;1;2;1;5;1;14;12;4;1;15;18;0;1;15;25;1;1;21;0.26809201990891135;24;6;14;6;6;6;5;14;5;4;4;6;15;6;4;2;0;0;6;6;1;21;-0.8853946989953977;22;-5.642567410800647;0;1;6;16;4;14;1;0;9;7;3.4502293716975627;5;25;5;4;5;3;12;3;2;2;6;1;25;25;3;6;7;5.721463887144469;6;6;1;17;22;-0.9775474964473976
TRACK:441;432;-1;1;5;3;1;0;4;5;1;2;3;9;5;23;7.396205208244547;1;6;7;0.3945212021641029;3;11;4;6;6;1;6;16;2;7;-5.98030747348769;22;3.6355578358731075;1;0;3;4;6;2;21;-6.912615719364195;10;1;4;6;4;15;5;0;6;22;-9.50698261299622;4;8;0;6;0;6;1;19;23;-3.3322312460218892;0;5;25;1;11;12;4;5;6;3;22;-9.287661192743364;0;6;5;5;6;4;0;3;4;11;4;6;23;3.5855882596839517;4;2;0;0;0;2;0;2;14;18;3;18;3;20;-1.488600517835809;0;4;6;22;6.9265852428414165;3;4;14;4;5;3;0;20;-2.7743871948864873;20;4.4409053977218145;6;5;4;5;1;16;19;2;4;2;6;1;6;14;3;21;9.398641297072954;2;4;0;25;21;7.5870526749603835;1;1;17;10;3;17;5;0;4;0;5;24;0;25;9;0;3;5;24;0;2;17;10;0;16;11
TRACK:442;434;-1;4;6;4;4;0;5;4;3;3;2;16;14;5;5;4;2;2;23;1.105676374982485;21;-0.3930657993450577;1;19;18
TRACK:443;5;-1;1;5;3;1;0;4;5;1;2;3;9;5;23;7.32592531247057;1;6;7;0.3368529174515168;3;11;4;6;6;1;6;16;2;7;-5.987572026002751;22;3.432135935552069;1;0;3;4;6;2;25;10;1;4;6;4;15;5;0;6;22;-9.553838933543119;4;8;0;6;0;6;1;19;23;-3.644722981138143;0;5;25;1;11;12;4;5;6;3;22;-9.53797496234041;0;6;5;5;6;4;0;3;4;11;4;6;23;3.496376547152915;4;2;0;0;0;2;0;2;14;18;3;18;5;3;7;-7.324316875098137;0;4;3;9;3;4;14;4;5;3;0;20;-2.718898256960466;20;4.5282075151842225;6;5;4;5;1;16;19;2;4;2;6;1;6;14;3;21;9.330175310517301;2;4;0;25;21;7.761060525199101;1;1;17;10;3;17;5;0;4;0;5;24;0;25;9;0;3;5;24;0;2;17;10;0;16;11
TRACK:444;438;-1;6;4;2;0;4;3;6;1;6;6;11;1;1;23;-6.204256953446211;8;0;23;-6.255659476313176;22;-2.408486497280797;6;4;0;1;3;4;7;-1.5929212047189871;19;3;3;0;24;18;5;3;2;6;0;2;15;9;3;15;1;2;4;3;14;2;5;8;3;20;9.673619166340535;1;1;5;12;3;25;5;2;12;15
TRACK:445;431;-1;3;5;2;3;6;2;5;4;4;6;15;1;3;2;3;19;6;22;-0.15139488253056066;3;5;4;11;4;4;3;2;16;7;9.669128520054958
TRACK:446;433;-1;1;0;1;0;6;1;6;6;0;0;11;13;0;24;25;2;0;0;1;11;18;5;13;0;5;19;1;16;16;1;0;2;23;-2.3065065262174476;11;5;14;6;1;16;13;6;0;2;4;5;4;9;0;6;6;19;5;6;7;-7.952944283028769;6;1;4;2;7;-0.014851704568748236;9;2;1;18;14;0;13;16;4;4;5;2;3;1;5;21;8.683924749215304;4;10;1;5;6;7;-0.6740327378349793;3;6;17;0;6;5;2;4;6;6;6;12;4;2;5;2;18;18;2;3;20;-1.3458936842557123;6;21;8.66805220816347;5;3;0;5;3;4;0;16;17;0;0;2;2;12;20;-7.274085072566674;2;13;14;4;1;23;2.088386867094083;25;6;6;1;10;25;5;4;6;2;2;5;5;5;5;24;3;6;1;5;7;0.47472305636600015;4;8;5;3;2;6;2;19;23;-4.8808861242911785;6;6;19
TRACK:447;435;-1;4;6;3;2;2;3;4;25;2;6;15;5;15;3;5;3;8
TRACK:448;3;-1;5;0;5;6;0;5;5;4;6;2;23;-9.393563726106855;23;6.429043438295513;6;2;6;0;0;22;-5.687870706786567;15;2;13;8;0;1;4;14;5;9;2;2;22;-2.7663445898042553;8;3;13;3;0;4;1;3;3;5;6;22;6.527720103909625;2;1;5;0;7;3.0935821117098037;22;3.228360639931372;5;1;8;18;2;2;1;9;10;1;12;21;0.5131502819504983;2;5;7;-5.308477430483239;3;24;0;4;5;2;0;2;23;-6.055879341658683;17;4;11;4;0;11;25;4;2;4;5;6;19;5;0;3;15;2;13;18
TRACK:449;439;-1;4;1;4;3;0;2;2;1;1;2;19;20;-4.135648360258068;0;8;23;-1.3119025137685434;1;3;19;6;16;1;5;0;18;10;5;1;15;21;-9.784822363750987;2;3;6;0;13;17;4;4;1;25;9;5;6;1;4;6;22;-1.9493477076144898;2;1;22;2.6682991673481555;17;4;8;6;2;6;3;0;1;2;1;19;12;3;14;1;3;9;1;7;-7.2991651772170805;14;3;4;21;-6.635291521476283;5;6;3;6;5;4;25
EVAL_INSTANCE:22:0:440
EVAL_INSTANCE:22:1:441
EVAL_INSTANCE:22:2:442
EVAL_INSTANCE:22:3:443
EVAL_INSTANCE:22:4:444
EVAL_INSTANCE:22:5:445
EVAL_INSTANCE:22:6:446
EVAL_INSTANCE:22:7:447
EVAL_INSTANCE:22:8:448
EVAL_INSTANCE:22:9:449
RUN_RESULT:22:0:0:2000:----
RUN_RESULT:22:1:0:2000:----
RUN_RESULT:22:2:0:2000:----
RUN_RESULT:22:3:0:2000:----
RUN_RESULT:22:4:0:2000:----
RUN_RESULT:22:5:0:2000:----
RUN_RESULT:22:6:0:2000:----
RUN_RESULT:22:7:0:2000:----
RUN_RESULT:22:8:0:2000:----
RUN_RESULT:22:9:0:2000:----
    23 |      230 |  0.000000E+00 | -0.000000E+00
TRACK:450;4;0;3;5;2;3;6;2;5;4;4;6;15;1;3;6;25;3;5;4;11;4;4;3;4;3;0;3;24;5;25
TRACK:451;4;0;4;6;3;1;5;6;6;6;1;2;15;15;6;17;1;1;4;6;5;4;16;2;6;0;2;17;18;5;19;3;1;1;13;15;6;25;6;6;4;22;-0.03499774720603632
TRACK:452;3;5;5;0;5;6;0;5;5;4;6;2;23;-9.425875259368343;23;6.351964638882649;6;11;3;0;4;1;3;3;5;6;22;6.502010675018717;2;1;5;0;7;2.951350615301049;22;3.1091386531019545;5;1;8;18;2;2;1;9;10;1;12;21;0.4828827554892712;2;5;7;-5.060335771358783;3;24;0;4;5;2;0;2;23;-5.9151488629807725;17;4;11;4;0;11;25;4;2;4;5;6;19;5;0;3;15;2;13;18
TRACK:453;3;5;1;5;3;1;0;4;5;1;2;3;9;5;23;7.309737645474968;1;6;7;0.3218028824642367;3;11;4;6;6;1;6;16;2;7;-5.854091696762859;22;3.66350285320285;1;0;3;4;6;0;11;25;1;4;6;4;15;5;0;6;22;-9.58565805499974;4;8;0;6;0;6;1;19;23;-3.587308483082352;0;5;25;1;11;12;4;5;6;3;22;-9.350739913168448;0;6;5;5;6;4;0;3;4;11;4;6;23;3.393492578825029;4;2;0;0;0;2;0;2;14;18;3;18;5;3;7;-7.279508601903622;0;4;6;22;6.945105059765922;3;4;14;4;5;3;0;20;-2.748115565306861;20;4.594253372334986;6;5;4;5;1;16;19;2;4;2;6;1;6;14;3;21;9.356815312735755;2;4;0;25;21;7.75724703552433;1;1;17;10;3;17;5;0;4;0;5;24;0;25;9;0;3;5;24;0;2;17;10;0;16;11
TRACK:454;2;5;4;1;4;3;0;2;2;1;1;2;19;20;-4.142185303395147;0;8;23;-1.4602899930131628;1;3;19;6;16;1;5;0;18;10;5;1;18;21;-9.826680263377368;2;3;6;0;17;17;4;4;1;25;9;5;6;1;4;6;22;-2.0582719638834;2;1;22;2.6848393667379593;17;4;8;6;2;6;3;0;1;2;1;19;12;3;14;1;3;9;1;7;-7.3461643690864475;14;3;3;3;25;5;6;3;6;5;4;25
TRACK:455;2;5;1;5;3;1;0;4;5;1;2;3;9;5;23;7.309737645474968;1;6;7;0.3218028824642367;3;11;4;6;6;1;6;16;2;7;-5.854091696762859;22;3.66350285320285;1;0;3;4;6;2;25;10;1;4;6;4;15;5;0;6;22;-9.58565805499974;4;8;0;6;0;6;1;19;23;-3.587308483082352;0;5;25;1;11;12;4;5;6;3;22;-9.350739913168448;0;6;5;5;6;4;0;3;4;11;4;6;23;3.393492578825029;4;2;0;0;0;2;0;2;14;18;3;18;5;3;7;-7.279508601903622;0;4;6;22;6.945105059765922;3;4;14;4;5;3;0;20;-2.748115565306861;20;4.594253372334986;6;5;4;5;1;16;19;2;4;2;6;1;6;14;3;21;9.356815312735755;2;4;0;25;21;7.75724703552433;1;1;17;10;3;17;5;0;4;0;5;24;0;25;9;0;20;-4.142185303395147;0;2;17;10;0;16;11
TRACK:456;1;2;1;0;1;0;6;1;6;6;0;0;11;13;0;24;25;2;0;0;1;11;18;5;13;0;5;19;1;16;16;1;0;2;23;-2.2571701295058633;11;5;14;6;1;16;13;6;0;2;4;5;4;9;0;6;6;19;5;6;7;-8.027529548669474;6;1;4;2;7;0.07010987965106708;9;2;1;18;14;0;13;16;4;4;5;2;3;1;5;21;8.72293539427383;4;10;5;6;0;10;20;9.760890453417513;0;6;5;2;4;6;6;6;12;4;2;5;2;18;18;2;3;20;-1.309421897974218;6;21;8.619756525285762;5;3;0;8;23;-1.4602899930131628;5;4;6;2;2;5;5;5;5;24;3;6;1;5;7;0.5327554097370673;4;8;5;3;2;6;2;19;23;-4.7855461444313185;6;6;19
TRACK:457;1;2;4;1;4;3;0;2;2;1;1;2;19;20;-4.142185303395147;0;8;23;-1.4602899930131628;1;3;19;6;16;1;5;0;14;10;5;1;18;21;-9.826680263377368;2;3;6;0;13;17;4;4;1;25;9;5;6;1;4;6;22;-2.0582719638834;2;1;22;2.6848393667379593;17;4;8;6;2;6;3;0;1;2;1;19;12;3;14;1;3;9;1;7;-7.3461643690864475;14;3;3;3;25;5;6;3;6;5;4;25
TRACK:458;3;8;5;0;5;6;0;5;5;4;6;2;23;-9.425875259368343;23;6.351964638882649;6;2;6;0;0;22;-5.7053140582007185;15;2;13;8;0;1;4;14;5;9;2;2;22;-2.8628063595721738;8;3;13;3;0;4;1;3;3;5;6;22;6.502010675018717;2;1;5;0;7;2.951350615301049;22;3.1091386531019545;5;1;8;18;2;2;1;9;10;1;12;21;0.4828827554892712;2;5;7;-5.060335771358783;3;24;0;4;5;2;0;2;23;-5.9151488629807725;17;4;11;1;24;15;4;2;4;5;6;19;5;0;3;15;2;13;18
TRACK:459;3;8;6;4;2;0;4;3;6;1;6;6;11;1;1;23;-6.194829372622004;8;0;23;-6.448084404665872;22;-2.585017750253062;6;4;0;1;3;4;7;-1.796785627472408;2;4;25;1;24;15;3;3;0;24;18;5;3;2;6;6;4;4;10;1;2;4;3;14;2;5;8;3;20;9.74776600337508;1;3;13;5;2;12;15
TRACK:460;450;-1;3;5;2;3;6;2;5;4;4;6;15;1;3;6;25;3;5;4;11;4;4;3;4;3;0;3;24;5;15
TRACK:461;452;-1;5;0;5;6;0;5;5;4;6;2;23;-9.415020942457136;23;6.230584921266997;6;11;3;0;4;1;3;3;5;6;22;6.358954952058312;2;5;4;3;23;-9.244373282595834;2;2;1;9;10;1;12;21;0.40054562375118147;2;5;7;-5.108543563480556;3;24;0;4;5;2;0;2;23;-6.028547050820836;17;4;11;4;0;11;25;4;2;4;5;6;19;5;0;3;15;2;13;18
TRACK:462;454;-1;4;1;4;3;0;2;2;1;1;2;19;20;-4.300414886637633;0;8;23;-1.429828232574993;1;3;19;6;16;1;5;0;18;10;5;1;18;21;-9.826882419217362;2;3;6;0;17;17;4;4;1;25;9;5;6;1;4;6;22;-2.018230642246055;2;1;22;2.591050280993281;17;4;8;6;2;6;3;0;1;2;1;19;12;3;14;1;3;9;1;7;-7.433540721277819;14;3;3;3;25;5;6;3;6;5;4;23;-4.295848433573659
TRACK:463;456;-1;1;0;1;0;6;1;6;6;0;0;11;13;0;24;25;2;0;0;1;11;18;5;13;0;5;19;1;16;16;1;0;2;23;-2.37339352411205;24;5;14;6;1;16;13;6;0;2;4;5;4;9;0;6;6;19;5;6;7;-7.940257164866999;6;1;4;2;7;0.04029937601749284;9;2;1;18;14;0;13;16;4;4;5;2;3;1;5;21;8.735585042540503;4;10;5;6;0;10;20;9.795165481759115;0;6;5;2;4;6;6;6;12;4;2;5;2;18;18;2;3;20;-1.2997038281972852;6;21;8.463365928432326;5;3;0;8;23;-1.307245454261897;5;4;6;2;2;5;5;5;5;24;3;6;1;5;7;0.6002162849315802;4;8;5;3;2;6;2;19;23;-4.734892147978965;6;6;19
TRACK:464;458;-1;5;0;5;6;0;5;5;4;6;2;23;-9.53267865950042;23;6.406014965701569;6;2;6;0;0;22;-5.7707888104537215;15;2;13;8;0;1;4;14;5;9;2;2;22;-3.0513836727326016;8;3;13;3;0;4;1;3;3;5;6;22;6.456645337485758;2;1;5;0;7;2.9128002286080985;22;3.1816521442928782;5;1;8;7;0.8562702289220354;2;2;1;9;10;1;12;21;0.5101368705438208;2;5;7;-5.078868997755173;3;24;0;4;5;2;0;2;23;-5.867572760134283;17;4;11;1;24;15;4;2;4;5;6;19;5;0;3;15;2;13;18
TRACK:465;451;-1;4;6;3;1;5;6;6;6;1;1;13;18;6;17;1;1;4;6;5;4;16;2;6;0;2;17;18;5;19;3;1;1;13;15;6;25;6;6;4;22;-0.13167523481049098
TRACK:466;453;-1;1;5;3;1;0;4;5;1;2;3;9;5;23;7.422089323665826;1;6;7;0.33474062579878117;3;11;4;6;6;1;6;16;2;7;-5.896777812698759;22;3.587503852295744;1;0;3;4;6;0;11;25;1;4;6;4;15;5;0;6;22;-9.477503082750586;4;8;0;6;0;6;1;19;23;-3.605702850906988;0;5;25;1;11;12;4;5;6;3;22;-9.399316132621092;0;6;5;5;6;4;0;3;4;11;4;6;23;3.2732081571517777;4;2;0;0;0;2;0;2;14;18;3;18;5;3;7;-7.312492381563804;0;4;6;22;7.10751479316663;3;4;14;4;5;3;0;20;-2.697828253284121;20;4.627829354141459;6;5;4;5;1;16;19;2;4;2;6;1;6;14;3;21;9.388961564800626;2;4;0;25;21;7.803873401162334;1;1;17;10;3;17;5;0;4;0;5;24;0;25;9;0;3;5;24;0;2;17;10;0;16;11
TRACK:467;455;-1;1;5;3;1;0;4;5;1;2;3;9;5;23;7.388375542506748;1;6;7;0.3922415352154212;4;11;4;6;6;1;6;16;2;7;-5.87087855782813;22;3.5436131584099075;1;0;3;4;6;2;25;10;1;4;6;4;15;5;0;6;22;-9.558454395909383;4;8;0;6;0;6;1;19;23;-3.4587863491182405;0;5;25;1;11;12;4;5;6;3;22;-9.43819175977393;0;6;5;5;6;4;0;3;4;11;4;6;23;3.4793412493901017;4;2;0;0;0;2;0;2;14;18;3;18;5;3;7;-7.250382421360347;0;4;6;22;6.914533334355223;3;4;14;4;5;3;0;20;-2.8606415486902463;20;4.677792544830703;6;5;4;5;1;16;19;2;4;2;6;1;6;14;3;21;9.240435971391419;2;4;0;25;21;7.799718194743712;1;1;17;10;3;17;5;0;4;0;5;24;0;25;9;0;20;-3.9398269603030123;0;2;17;10;0;16;11
TRACK:468;457;-1;4;1;4;3;0;2;2;1;1;2;19;20;-4.026723636120335;0;8;23;-1.4200839206133702;1;3;19;6;16;1;5;0;14;10;5;1;18;21;-9.792816994247204;2;3;6;0;13;17;4;4;1;25;9;5;1;2;4;4;23;-7.985978534413471;3;5;10;0;2;3;14;3;23;9.011240836054654;3;4;22;7.79266508834991;6;2;6;3;0;1;2;1;19;12;3;14;1;3;9;1;7;-7.149644043523954;14;3;3;3;25;5;6;3;6;5;4;25
TRACK:469;459;-1;6;4;2;0;4;3;6;1;6;6;11;1;1;23;-6.1551002018273975;8;0;23;-6.603856992634238;22;-2.6800415708572873;6;4;0;1;3;4;7;-1.822005992162758;2;4;25;1;24;15;3;3;0;24;9;5;3;2;6;6;4;4;10;1;2;4;3;14;2;5;8;3;20;9.894798340765083;1;3;13;5;2;12;15
EVAL_INSTANCE:23:0:460
EVAL_INSTANCE:23:1:461
EVAL_INSTANCE:23:2:462
EVAL_INSTANCE:23:3:463
EVAL_INSTANCE:23:4:464
EVAL_INSTANCE:23:5:465
EVAL_INSTANCE:23:6:466
EVAL_INSTANCE:23:7:467
EVAL_INSTANCE:23:8:468
EVAL_INSTANCE:23:9:469
RUN_RESULT:23:0:0:2000:----
RUN_RESULT:23:1:0:2000:----
RUN_RESULT:23:2:0:2000:----
RUN_RESULT:23:3:0:2000:----
RUN_RESULT:23:4:0:2000:----
RUN_RESULT:23:5:0:2000:----
RUN_RESULT:23:6:0:2000:----
RUN_RESULT:23:7:0:2000:----
RUN_RESULT:23:8:0:2000:----
RUN_RESULT:23:9:0:2000:----
    24 |      240 |  0.000000E+00 | -0.000000E+00
TRACK:470;2;5;4;1;4;3;0;2;2;1;1;2;19;20;-4.142185303395147;0;8;23;-1.4602899930131628;1;3;19;6;16;1;5;0;18;10;5;1;18;21;-9.826680263377368;2;3;6;0;13;17;4;4;1;25;9;5;6;1;4;6;22;-2.0582719638834;2;1;22;2.6848393667379593;17;4;8;6;2;6;3;1;6;16;2;7;-5.854091696762859;22;3.66350285320285;5;6;3;6;5;4;25
TRACK:471;2;5;1;5;3;1;0;4;5;1;2;3;9;5;23;7.309737645474968;1;6;7;0.3218028824642367;3;11;4;6;6;1;6;16;2;7;-5.854091696762859;22;3.66350285320285;1;0;3;4;6;2;25;10;1;4;6;4;15;5;0;6;22;-9.58565805499974;4;8;0;6;0;6;1;19;23;-3.587308483082352;0;5;25;1;11;12;4;5;6;3;22;-9.350739913168448;0;6;5;5;6;4;0;3;4;11;4;6;23;3.393492578825029;4;2;0;0;0;2;0;2;14;18;3;18;5;3;7;-7.279508601903622;0;4;6;22;6.945105059765922;3;4;14;4;5;3;0;20;-2.748115565306861;20;4.594253372334986;6;5;4;5;1;16;19;2;4;2;6;1;6;14;3;21;9.356815312735755;2;4;0;25;21;7.75724703552433;1;20;-4.142185303395147;3;17;5;0;4;0;5;24;0;25;9;0;3;5;24;0;2;17;10;0;16;11
TRACK:472;4;7;3;5;2;3;6;2;5;4;4;6;15;1;3;2;3;19;6;22;-0.03499774720603632;3;5;4;11;4;4;3;4;3;0;3;24;11
TRACK:473;4;7;0;4;4;0;1;4;4;5;5;5;8;5;1;4;1;0;15;23;9.010026579099339;4;21;7.603077435577408;2;3;1;21;0.8741299139996013;20;-9.727771496719013;1;5;19;4;8;0;1;6;5;3;1;7;1.1694286702868357;22;4.9607544345329515;5;3;5;4;22;9.67370061750217;0;4;1;6;4;8;6;1;24;12;1;1;6;1;9;8;1;6;21;-8.244041740037652;3;7;-8.343934600877203;6;5;3;25;6;3;5;1;6;2;1;1;4;25;1;19;10;6;3;9;1;2;0;16;20;-8.356452856661015;4;19;2;2;16;15;1;17;20;-4.716407496205484;3;0;0;0;4;25;4;16;4;1;23;3.4058139379531127;12;3;0;2;23;7.997450742602297;20;4.678946297741202;1;21;8.169859715769505;11
TRACK:474;8;8;6;4;2;0;4;3;6;1;6;6;11;1;1;23;-6.194829372622004;8;0;23;-6.448084404665872;22;-2.585017750253062;6;4;0;1;3;4;7;-1.796785627472408;2;4;25;1;24;15;3;3;0;24;18;5;3;2;8;1;2;4;3;14;2;5;8;3;20;9.74776600337508;1;1;5;12;3;25;5;2;12;15
TRACK:475;8;8;6;4;2;0;4;3;6;1;6;6;11;1;1;23;-6.194829372622004;8;0;23;-6.448084404665872;22;-2.585017750253062;6;4;0;1;3;4;7;-1.796785627472408;2;4;25;1;24;15;3;3;0;24;18;5;3;2;6;6;4;4;10;1;2;4;3;14;2;5;8;3;20;9.74776600337508;1;1;18;3;25;5;2;12;15
TRACK:476;7;5;0;4;4;0;1;4;4;5;5;5;8;5;1;4;1;0;15;23;9.010026579099339;4;21;7.603077435577408;2;3;1;21;0.8741299139996013;20;-9.727771496719013;1;5;25;4;8;0;1;6;5;3;1;7;1.1694286702868357;22;4.9607544345329515;5;3;5;4;22;9.67370061750217;0;4;1;6;4;8;6;1;24;12;1;1;6;1;9;8;1;6;21;-8.244041740037652;3;7;-8.343934600877203;6;5;3;25;6;3;5;1;6;2;1;1;4;25;1;19;10;6;3;9;1;2;0;17;20;-8.356452856661015;4;19;2;2;16;15;1;17;20;-4.716407496205484;3;0;0;0;4;25;4;16;4;1;23;3.4058139379531127;12;3;0;2;23;7.997450742602297;20;4.678946297741202;1;21;8.169859715769505;11
TRACK:477;7;5;1;5;3;1;0;4;5;1;2;3;9;5;23;7.309737645474968;1;6;7;0.3218028824642367;3;11;4;6;6;1;6;16;2;7;-5.854091696762859;22;3.66350285320285;1;0;3;4;6;2;25;10;1;4;6;4;15;5;0;6;22;-9.58565805499974;4;8;0;6;0;6;1;19;23;-3.587308483082352;0;5;25;1;11;12;4;5;6;3;22;-9.350739913168448;0;6;5;5;6;4;0;3;4;11;4;6;23;3.393492578825029;4;2;0;0;0;2;0;2;14;18;3;18;5;3;7;-7.279508601903622;0;4;6;22;6.945105059765922;3;4;14;4;5;20;4.678946297741202;6;5;4;5;1;16;19;2;4;2;6;1;6;14;3;21;9.356815312735755;2;4;0;25;21;7.75724703552433;1;1;17;10;3;17;5;0;4;0;5;24;0;25;9;0;3;5;24;0;2;17;10;0;16;11
TRACK:478;9;2;4;1;2;6;3;3;3;1;6;6;24;5;1;13;13;2;2;5;5;1;0;5;9;4;11;4;6;16;2;4;1;3;3;13;3;5;15;2;6;3;5;14;6;0;6;15;4;9;0;2;4;5;4;6;22;2.665848916495923;4;4;4;2;18;16;1;6;1;6;3;10;2;5;19;6;8;4;6;2;0;13;11;3;20;-4.756331604557056;4;4;2;2;5;14;2;0;4;6;21;6.112383433580128;4;5;24;6;0;3;25;1;9;16;2;0;5;1;0;16;9;6;10;2;4;5;15;4;6;24;6;0;5;6;15;6;1;10;13
TRACK:479;9;2;4;1;4;3;0;2;2;1;1;2;19;20;-4.142185303395147;0;8;23;-1.4602899930131628;1;3;19;6;16;1;5;0;18;10;5;1;18;21;-9.826680263377368;2;3;6;0;13;17;4;4;1;25;9;5;6;1;4;6;22;-2.0582719638834;2;1;22;2.6848393667379593;17;4;8;10
TRACK:480;470;-1;4;1;4;3;0;2;2;1;1;2;19;20;-4.205481509562652;0;8;23;-1.369024931166813;1;3;19;6;16;1;5;0;18;10;5;1;18;21;-9.910966596566217;2;3;6;0;13;17;4;4;1;25;9;5;6;1;4;6;22;-1.9488559515178323;2;1;22;2.5462810064720642;17;4;8;6;2;6;1;2;0;17;16;5;17;5;1;11;10;5;6;3;6;5;4;25
TRACK:481;472;-1;3;5;2;3;6;2;5;4;4;6;15;1;3;2;1;25;23;7.243500099670438;6;22;-0.08260495744906712;3;5;4;11;4;4;3;4;3;0;3;24;11
TRACK:482;474;-1;6;6;3;3;4;3;2;2;5;13;1;22;3.503780546638451;25;3;3;13
TRACK:483;476;-1;0;4;4;0;1;4;4;5;5;5;8;5;1;4;1;0;15;23;8.856525594052263;4;21;7.638938708836045;2;3;1;21;0.9041134901508975;20;-9.64933203523261;1;5;25;4;8;0;1;6;5;3;5;13;5;3;5;4;22;9.549236573144773;0;4;1;6;4;8;6;1;24;12;1;1;6;1;9;8;1;6;21;-8.163022061631946;3;7;-8.387355296875233;6;5;3;25;6;3;5;1;6;2;1;1;4;25;1;19;10;6;3;9;1;2;0;17;20;-8.321674777587415;4;19;2;2;16;15;1;17;20;-4.764160390874171;3;0;0;0;4;25;4;16;4;1;23;3.455930031425131;12;3;0;2;23;7.83869263318612;20;4.796536376569915;1;21;8.173571531151246;11
TRACK:484;9;-1;4;1;2;6;3;3;3;1;6;6;24;5;1;13;13;2;2;5;5;1;0;5;9;4;11;4;6;16;2;4;1;3;3;13;3;5;15;2;6;3;5;14;6;0;6;15;4;9;0;2;4;5;4;6;22;2.791003181001347;4;4;4;2;18;16;1;6;1;6;3;10;2;5;19;6;8;4;6;2;0;13;11;3;20;-4.681937170461133;4;4;2;2;5;1;3;5;14;0;6;21;7.591926685794324;6;14;2;0;4;6;21;6.154283150117452;4;5;24;6;0;3;25;1;9;16;2;0;5;1;0;16;9;6;10;2;4;5;15;4;6;24;6;0;5;6;15;6;1;11;13
TRACK:485;471;-1;1;5;3;1;0;4;5;1;2;3;9;5;23;7.357051339109752;1;6;7;0.13686519095149496;3;11;4;6;6;1;6;16;2;7;-5.806545450375805;22;3.5813767061766932;1;0;3;4;6;2;25;10;1;4;6;4;15;5;0;6;22;-9.610149023126382;4;8;6;4;3;6;9;0;6;5;5;6;4;0;3;4;11;4;6;23;3.5632563500678645;4;2;0;0;0;2;0;2;14;18;3;18;5;3;7;-7.222644346004127;0;4;6;22;6.8355479535823696;3;4;14;4;5;3;0;20;-2.61842591309685;20;4.7680964336316505;6;5;4;5;1;16;19;2;4;2;6;1;6;14;3;21;9.61172884358082;2;4;0;25;21;7.876550308924757;1;20;-4.038231678348539;3;17;5;0;4;0;5;24;0;25;9;0;3;5;24;0;2;17;10;0;16;11
TRACK:486;473;-1;0;4;4;0;1;4;4;5;5;5;8;5;1;4;1;0;15;23;9.112699829067957;4;21;7.562323843111664;2;3;1;21;0.7849187345555217;20;-9.639078906697325;1;5;19;4;8;0;1;6;5;3;1;7;0.99423457461788;22;4.968425640054371;5;3;5;4;22;9.61761983136625;0;4;1;6;4;8;6;1;24;12;1;1;6;1;9;8;1;6;21;-8.39431964059906;3;7;-8.219032927351423;6;5;3;25;6;3;5;1;6;2;1;1;4;25;1;19;10;6;3;9;1;2;0;16;20;-8.543583876544385;4;19;2;2;16;18;1;17;20;-4.823586778144452;3;0;0;0;4;25;4;16;4;1;23;3.3453777606854134;12;3;0;2;23;7.842645198527778;20;4.6585651771899865;1;21;8.122990294257507;11
TRACK:487;475;-1;6;4;2;0;4;3;6;1;6;6;11;1;1;23;-6.274222237108096;8;0;23;-6.671069226177279;22;-2.7199402797067433;6;4;0;1;3;4;7;-1.7624416162499272;2;4;25;1;24;15;3;3;0;24;18;5;3;2;6;6;4;4;10;1;2;4;0;21;7.846791386241044;20;-6.575370635148483;2;5;8;3;20;9.8316610948235;1;1;18;3;25;5;2;12;15
TRACK:488;477;-1;1;5;3;1;0;4;5;1;2;3;9;5;23;7.434455844145386;1;6;7;0.3687456740104282;3;11;4;6;6;1;6;16;2;7;-5.9650674285332626;22;3.6205716474701406;1;0;3;4;6;2;25;10;1;4;6;4;15;5;0;6;22;-9.659761947612466;4;8;0;6;0;6;1;19;23;-3.5014649248754717;0;5;25;1;11;12;4;5;6;3;22;-9.52470195249231;0;6;5;5;6;4;0;3;4;11;4;6;23;3.43297229142871;4;2;0;0;0;2;0;2;14;18;3;18;5;3;7;-7.4105454163040445;0;4;6;22;6.977130783363737;3;4;14;4;5;20;4.781792914671897;6;5;4;5;1;16;19;2;4;2;6;1;6;14;3;21;9.414356707419671;2;4;0;25;21;7.72512130024712;1;1;14;10;3;17;5;0;4;0;5;24;0;25;9;0;3;5;24;0;2;17;10;0;16;11
TRACK:489;2;-1;4;1;4;3;0;2;2;1;1;2;19;20;-4.12481109622486;0;8;23;-1.3277420671170166;1;3;19;6;16;1;5;0;18;10;5;1;18;21;-9.786361215521476;2;3;6;0;13;17;4;4;1;25;9;5;6;1;4;6;22;-2.091432045952933;2;1;22;2.578992012212349;17;4;8;6;2;6;3;0;1;2;1;19;12;3;14;1;2;12;9;1;7;-7.364183108560254;14;3;3;3;25;5;6;3;6;5;4;25
EVAL_INSTANCE:24:0:480
EVAL_INSTANCE:24:1:481
EVAL_INSTANCE:24:2:482
EVAL_INSTANCE:24:3:483
EVAL_INSTANCE:24:4:484
EVAL_INSTANCE:24:5:485
EVAL_INSTANCE:24:6:486
EVAL_INSTANCE:24:7:487
EVAL_INSTANCE:24:8:488
EVAL_INSTANCE:24:9:489
RUN_RESULT:24:0:0:2000:----
RUN_RESULT:24:1:0:2000:----
RUN_RESULT:24:2:0:2000:----
RUN_RESULT:24:3:0:2000:----
RUN_RESULT:24:4:0:2000:----
RUN_RESULT:24:5:0:2000:----
RUN_RESULT:24:6:0:2000:----
RUN_RESULT:24:7:0:2000:----
RUN_RESULT:24:8:0:2000:----
RUN_RESULT:24:9:0:2000:----
    25 |      250 |  0.000000E+00 | -0.000000E+00
TRACK:490;7;0;0;4;4;0;1;4;4;5;5;5;8;5;1;4;1;0;15;23;9.010026579099339;4;21;7.603077435577408;2;3;1;21;0.8741299139996013;20;-9.727771496719013;1;5;25;4;8;0;1;6;5;3;1;7;1.1694286702868357;22;4.9607544345329515;5;3;5;4;22;9.67370061750217;0;4;1;6;4;8;6;1;24;12;1;1;6;1;9;8;1;6;21;-8.244041740037652;3;7;-8.343934600877203;6;5;3;19;6;3;5;1;6;2;1;1;4;25;1;19;10;6;3;9;1;2;0;16;20;-8.356452856661015;4;19;2;2;16;15;1;17;20;-4.716407496205484;3;0;0;0;4;25;4;16;4;1;23;3.4058139379531127;12;3;0;2;23;7.997450742602297;20;4.678946297741202;1;21;8.169859715769505;11
TRACK:491;7;0;4;6;3;1;5;6;6;6;1;7;-8.343934600877203;6;17;1;1;4;6;5;4;16;2;6;0;2;17;18;5;19;3;1;1;13;15;6;25;6;6;4;5;3;19
TRACK:492;3;8;5;0;5;6;0;5;5;4;6;2;23;-9.425875259368343;23;6.351964638882649;6;2;6;0;0;22;-5.7053140582007185;15;2;13;8;0;1;4;14;5;9;2;2;22;-2.8628063595721738;8;3;13;3;0;4;1;3;3;5;6;20;9.74776600337508;2;1;5;0;7;2.951350615301049;22;3.1091386531019545;5;1;8;18;2;2;1;9;10;1;12;21;0.4828827554892712;2;5;7;-5.060335771358783;3;24;0;4;5;2;0;2;23;-5.9151488629807725;17;4;11;4;0;11;25;4;2;4;5;6;19;5;0;3;15;2;13;18
TRACK:493;3;8;6;4;2;0;4;3;6;1;6;6;11;1;1;23;-6.194829372622004;8;0;23;-6.448084404665872;22;-2.585017750253062;6;4;0;1;3;4;7;-1.796785627472408;2;4;25;1;24;15;3;3;0;24;18;5;3;4;6;2;23;-9.425875259368343;23;6.351964638882649
TRACK:494;2;3;4;1;4;3;0;11;25;6;2;6;3;0;1;2;1;19;12;3;14;1;3;9;1;7;-7.3461643690864475;14;3;3;3;25;5;6;3;6;5;4;25
TRACK:495;2;3;5;0;5;6;0;5;5;4;6;2;23;-9.425875259368343;23;6.351964638882649;6;2;6;0;0;22;-5.7053140582007185;15;2;13;8;0;1;4;14;5;9;2;2;22;-2.8628063595721738;8;3;13;3;0;4;1;3;3;5;6;22;6.502010675018717;2;1;5;0;7;2.951350615301049;22;3.1091386531019545;5;1;8;18;2;2;1;9;10;1;12;21;0.4828827554892712;2;5;7;-5.060335771358783;3;24;0;4;5;2;0;2;23;-5.9151488629807725;17;4;11;4;0;11;25;4;2;4;1;25;9;5;0;3;15;2;13;18
TRACK:496;5;0;1;5;3;1;0;4;5;1;2;3;9;5;23;7.309737645474968;1;6;7;0.3218028824642367;3;11;4;6;6;1;6;16;2;7;-5.854091696762859;22;3.66350285320285;1;0;3;4;6;2;25;10;1;4;6;4;15;5;0;6;22;-9.58565805499974;4;8;0;6;0;6;1;19;23;-3.587308483082352;0;5;25;1;11;12;4;5;6;3;22;-9.350739913168448;0;6;5;5;6;4;0;3;4;11;4;6;23;3.393492578825029;4;2;0;0;0;2;0;2;14;18;3;18;5;3;7;-7.279508601903622;0;4;6;22;6.945105059765922;3;4;14;4;5;3;0;20;-2.748115565306861;20;4.594253372334986;6;5;4;5;1;16;19;2;6;25;5;0;4;0;5;24;0;25;9;0;3;5;24;0;2;17;10;0;16;11
TRACK:497;5;0;4;6;3;1;5;6;6;6;1;2;15;15;6;17;1;1;4;6;5;4;16;2;6;16;3;1;1;13;15;6;25;6;6;4;5;3;19
TRACK:498;4;1;3;5;2;3;6;2;5;4;4;6;15;1;3;2;3;19;6;22;-0.03499774720603632;3;5;4;11;4;0;10;20;9.760890453417513
TRACK:499;4;1;1;0;1;0;6;1;6;6;0;0;11;13;0;24;25;2;0;0;1;11;18;5;13;0;5;19;1;16;16;1;0;2;15;11;5;14;6;1;16;13;6;0;2;4;5;4;9;0;6;6;19;5;6;7;-8.027529548669474;6;1;4;2;7;0.07010987965106708;9;2;1;18;14;0;13;16;4;4;5;2;3;1;5;21;8.72293539427383;4;10;5;6;0;10;20;9.760890453417513;0;6;5;2;4;6;6;6;12;4;2;5;2;18;18;2;3;20;-1.309421897974218;6;21;8.619756525285762;5;3;0;5;3;4;0;16;17;0;0;2;2;12;20;-7.142345868378386;2;13;22;7.201771128708472;4;1;23;1.9260129348463444;25;6;6;1;10;25;5;4;6;2;2;5;5;5;5;24;3;6;1;5;7;0.5327554097370673;4;8;5;3;2;6;2;19;23;-4.7855461444313185;6;6;19
TRACK:500;490;-1;0;4;4;0;1;4;4;5;5;5;8;5;1;4;1;0;15;23;8.920136355971337;4;21;7.6020403363263735;2;3;1;21;0.962174127817261;20;-9.635792468453598;1;5;25;4;8;0;1;6;5;3;1;7;1.1062698874675538;22;5.007797772829436;5;3;5;4;22;9.759310722280281;0;4;1;6;4;8;6;1;24;12;1;1;6;1;9;8;1;6;21;-8.278912688824546;3;7;-8.211390131413646;5;1;6;8;5;15;6;3;5;1;6;2;1;1;4;25;1;19;10;6;3;9;1;2;0;16;20;-8.302007527232268;4;19;2;2;16;15;1;17;20;-4.625013116902448;3;0;0;0;4;25;4;16;4;1;23;3.497965082511085;12;3;0;2;23;7.899815843266195;20;4.643029383621086;1;21;8.106974979402633;11
TRACK:501;492;-1;5;0;5;6;0;5;5;4;6;2;23;-9.313166758395843;23;6.107658190971189;6;2;6;0;0;22;-5.46751142159303;15;2;13;8;0;1;4;14;5;9;2;2;22;-2.8121579462911606;8;3;13;3;0;4;1;3;3;5;6;20;9.6712744028019;2;1;5;0;7;2.8079885331035066;22;3.0460489962952755;5;1;8;18;2;2;1;9;10;1;12;21;0.40556315823739436;2;5;7;-4.946811897142186;3;24;0;1;2;8;24;4;19;0;1;21;-3.706623062075927;15;4;10
TRACK:502;494;-1;4;1;4;3;0;11;25;6;2;6;3;0;1;2;1;7;3.7529151519299493;12;3;14;1;3;9;1;7;-7.33345783917053;14;3;3;3;25;5;6;3;6;5;4;25
TRACK:503;496;-1;1;5;3;1;0;4;5;1;2;3;9;5;23;7.187518267970501;1;6;7;0.41118958584534243;3;11;4;6;6;1;6;16;2;7;-5.666020386030603;22;3.6844809710514927;1;0;3;4;6;2;25;10;1;1;1;2;15;20;-9.46510576053268;3;15;4;4;19;5;0;6;22;-9.657861726544512;4;8;0;6;0;6;1;19;23;-3.505858166988511;0;5;25;1;11;12;4;5;6;3;22;-9.356690446025562;0;6;5;5;6;4;0;3;4;11;4;6;23;3.510145175331742;4;2;0;0;0;2;0;2;14;18;3;18;5;3;7;-7.342727212495205;0;4;6;22;7.008426180176802;3;4;14;4;5;3;0;20;-2.7860722897469867;20;4.692506781278778;6;5;4;5;1;16;19;2;6;25;5;0;4;0;5;24;0;25;9;0;3;5;24;0;2;17;10;0;16;11
TRACK:504;498;-1;3;5;2;3;6;2;5;4;3;13;1;3;2;3;19;6;22;0.11364721770019984;3;5;4;11;4;0;10;20;10.0
TRACK:505;491;-1;4;6;3;1;5;6;6;6;1;7;-8.379568596175025;6;17;1;1;4;6;5;4;16;2;6;0;2;17;18;1;22;-5.104288988677801;23;6.283217630307853;3;1;1;13;15;6;25;6;6;4;5;3;19
TRACK:506;493;-1;6;4;2;0;4;3;6;1;6;6;11;1;1;23;-6.1960361923722855;8;0;23;-6.559471246228365;22;-2.5580407675838357;6;4;0;1;3;4;7;-1.9463153522585257;2;4;25;1;24;15;3;3;0;24;19;5;3;4;6;2;23;-9.429922241247898;23;6.372546218858573
TRACK:507;495;-1;5;0;5;6;0;5;5;4;6;2;23;-9.444247120004064;23;6.389586641787112;6;2;6;0;0;22;-5.833794371632069;15;2;13;8;0;1;4;14;5;9;2;2;22;-2.708081201341014;8;3;13;3;0;4;1;3;3;5;6;22;6.45342594475856;2;1;5;0;7;2.6803409340873583;22;3.2502831437091464;5;1;8;18;2;2;1;9;10;1;12;21;0.5001300196589901;2;5;7;-5.060252014861388;3;24;0;4;5;2;0;2;23;-5.982410861706158;17;4;11;4;0;11;25;4;2;4;1;25;9;5;0;6;18;2;13;18
TRACK:508;497;-1;4;6;3;1;5;6;6;6;1;2;15;15;6;17;1;1;4;6;5;4;16;2;6;16;3;0;19;11;6;6;4;5;3;19
TRACK:509;499;-1;1;0;1;0;6;1;6;6;0;0;11;13;0;24;25;2;0;0;1;11;18;5;13;0;5;19;1;23;9.92922709268089;16;1;0;2;15;11;5;14;6;1;16;13;6;0;2;4;5;4;9;0;6;6;19;5;6;7;-7.907748558068418;6;1;4;2;7;-0.026101769606442032;9;2;1;18;14;0;13;16;4;4;5;2;3;1;5;21;8.736193617898977;4;10;5;6;0;10;20;9.864693202598827;0;6;5;2;4;6;6;6;12;4;2;5;2;18;18;2;3;20;-1.2455060278390462;6;21;8.580430280723151;5;3;0;5;3;4;0;16;17;0;0;2;2;12;20;-7.091599348233212;2;13;22;7.122259914188737;4;1;23;1.9107778118200898;25;6;6;1;10;25;5;4;6;2;2;5;5;5;5;24;3;6;1;5;7;0.5591498119547613;4;8;5;3;2;6;2;19;23;-4.80287507764159;6;6;19
EVAL_INSTANCE:25:0:500
EVAL_INSTANCE:25:1:501
EVAL_INSTANCE:25:2:502
EVAL_INSTANCE:25:3:503
EVAL_INSTANCE:25:4:504
EVAL_INSTANCE:25:5:505
EVAL_INSTANCE:25:6:506
EVAL_INSTANCE:25:7:507
EVAL_INSTANCE:25:8:508
EVAL_INSTANCE:25:9:509
RUN_RESULT:25:0:0:2000:----
RUN_RESULT:25:1:0:2000:----
RUN_RESULT:25:2:0:2000:----
RUN_RESULT:25:3:0:2000:----
RUN_RESULT:25:4:0:2000:----
RUN_RESULT:25:5:0:2000:----
RUN_RESULT:25:6:0:2000:----
RUN_RESULT:25:7:0:2000:----
RUN_RESULT:25:8:0:2000:----
RUN_RESULT:25:9:0:2000:----
    26 |      260 |  0.000000E+00 | -0.000000E+00
TRACK:510;5;6;1;5;3;1;0;4;5;1;2;3;9;5;23;7.309737645474968;1;6;7;0.3218028824642367;3;11;4;6;6;1;6;16;2;7;-5.854091696762859;22;3.66350285320285;1;0;3;4;6;2;25;10;1;4;6;4;15;5;0;6;22;-9.58565805499974;4;8;0;6;0;6;1;19;23;-3.587308483082352;0;5;25;1;11;12;4;5;6;3;22;-9.350739913168448;0;6;5;5;6;4;0;3;4;11;4;6;23;3.393492578825029;4;2;0;0;0;2;0;2;14;24;3;18;5;3;7;-7.279508601903622;0;4;6;22;6.945105059765922;3;4;14;4;5;3;0;20;-2.748115565306861;20;4.594253372334986;6;5;4;5;1;16;19;2;4;2;6;1;6;14;3;21;9.356815312735755;2;4;0;25;21;7.75724703552433;1;1;17;10;3;17;5;0;4;0;5;24;0;25;9;0;3;5;24;0;2;17;10;0;16;11
TRACK:511;5;6;4;0;1;3;5;3;3;5;5;4;19;2;3;1;2;1;5;1;14;12;4;1;15;18;0;5;2;11;7;3.3949546236874166;1;1;21;0.15781845565135022;24;6;14;6;6;6;5;14;6;4;6;0;3;3;9;0;2;19;17;3;15;6;4;2;0;0;6;6;1;21;-0.8411316608662993;22;-5.721673982302146;0;1;0;16;11;4;14;1;0;9;7;3.452318748288228;5;25;5;4;5;3;12;3;2;2;6;1;25;25;3;6;7;5.598869455374256;6;6;1;17;22;-0.8355763743440541
TRACK:512;9;1;4;1;2;6;3;3;3;1;1;11;18;5;1;13;13;2;2;5;5;1;0;5;9;4;11;4;6;16;2;4;1;3;3;13;3;5;15;2;6;3;5;14;6;0;6;15;4;9;0;2;4;5;4;6;22;2.665848916495923;4;4;4;2;18;16;1;6;1;6;3;10;2;5;19;6;8;4;6;2;0;13;11;3;20;-4.756331604557056;4;4;2;2;5;1;3;5;14;0;6;21;7.707510668684343;6;14;2;0;4;6;21;6.112383433580128;4;5;24;6;0;3;25;1;9;16;2;0;5;1;0;16;9;6;10;2;4;5;15;4;6;24;6;0;5;6;15;6;1;10;13
TRACK:513;9;1;1;0;1;0;6;1;6;6;0;0;11;13;0;24;25;2;0;0;1;11;18;5;13;0;5;19;1;16;16;1;0;2;23;-2.2571701295058633;11;5;14;6;1;16;13;6;0;2;4;5;4;9;0;6;6;19;5;6;7;-8.027529548669474;6;1;4;2;7;0.07010987965106708;9;2;1;18;14;0;13;16;4;4;5;2;3;1;5;21;8.72293539427383;4;10;5;6;0;10;20;9.760890453417513;0;6;5;2;4;6;6;6;12;4;2;5;2;18;18;2;3;20;-1.309421897974218;6;21;8.619756525285762;5;3;0;5;3;4;0;16;17;0;0;2;2;12;20;-7.142345868378386;2;13;22;7.201771128708472;4;1;23;1.9260129348463444;25;6;6;1;10;25;5;4;6;2;2;5;5;5;5;24;3;6;1;6;10;4;8;5;3;2;6;2;19;23;-4.7855461444313185;6;6;19
TRACK:514;0;6;4;6;3;1;5;6;6;6;1;2;15;15;6;17;1;1;4;6;5;4;16;2;6;0;2;17;18;5;19;3;1;1;13;15;6;25;6;6;24
TRACK:515;0;6;4;0;1;3;5;3;3;5;5;4;19;2;3;1;2;1;5;1;14;12;4;1;15;18;0;5;2;11;7;3.3949546236874166;1;1;21;0.15781845565135022;24;6;14;6;6;6;5;14;6;4;6;0;3;3;9;0;2;19;17;3;15;6;4;2;0;0;6;6;1;21;-0.8411316608662993;22;-5.721673982302146;0;1;6;16;17;1;0;9;7;3.452318748288228;5;25;5;4;5;3;12;3;2;2;6;1;25;25;3;6;7;5.598869455374256;6;6;1;17;22;-0.8355763743440541
TRACK:516;9;7;4;1;2;6;3;3;3;1;6;6;24;5;1;13;13;2;2;5;5;1;0;5;9;4;11;4;6;16;2;4;1;3;3;13;3;5;15;2;6;3;5;14;19;0;2;4;5;4;6;22;2.665848916495923;4;4;4;2;18;16;1;6;1;6;3;10;2;5;19;6;8;4;6;2;0;13;11;3;20;-4.756331604557056;4;4;2;2;5;1;3;5;14;0;6;21;7.707510668684343;6;14;2;0;4;6;21;6.112383433580128;4;5;24;6;0;3;25;1;9;16;2;0;5;1;0;16;9;6;10;2;4;5;15;4;6;24;6;0;5;6;15;6;1;10;13
TRACK:517;9;7;0;4;4;0;1;4;4;5;5;5;8;5;1;4;1;0;15;23;9.010026579099339;4;21;7.603077435577408;2;3;1;21;0.8741299139996013;20;-9.727771496719013;1;5;25;4;8;0;1;6;5;3;1;7;1.1694286702868357;22;4.9607544345329515;5;3;5;4;22;9.67370061750217;0;4;1;6;4;8;6;1;24;12;1;1;6;1;9;8;1;6;21;-8.244041740037652;3;7;-8.343934600877203;6;5;3;25;6;3;5;1;6;2;1;1;4;25;1;19;10;6;3;9;1;2;0;16;20;-8.356452856661015;4;19;2;2;16;15;1;17;20;-4.716407496205484;3;0;0;0;4;25;4;16;4;1;23;3.4058139379531127;12;3;0;2;23;7.997450742602297;19;1;21;8.169859715769505;11
TRACK:518;4;3;3;5;2;3;6;2;5;4;4;6;15;1;3;2;3;19;6;22;-0.03499774720603632;3;5;4;11;4;4;3;4;11
TRACK:519;4;3;5;0;5;6;0;5;5;4;6;2;23;-9.425875259368343;23;6.351964638882649;6;2;6;0;0;22;-5.7053140582007185;15;2;13;8;0;1;4;14;5;9;2;2;22;-2.8628063595721738;8;3;13;3;0;4;1;3;3;5;6;22;6.502010675018717;2;1;5;0;7;2.951350615301049;22;3.1091386531019545;5;1;8;18;19;0;4;5;2;0;2;23;-5.9151488629807725;17;4;11;4;0;11;25;4;2;4;5;6;19;5;0;3;15;2;13;18
TRACK:520;510;-1;1;5;3;1;0;4;5;1;2;3;9;5;23;7.091991124165437;1;6;7;0.32407908355062814;3;11;4;6;6;1;6;16;2;7;-5.862365067496356;22;3.633982592019682;1;0;3;4;6;2;25;10;1;4;6;4;15;5;0;6;22;-9.749429187831115;4;8;0;6;0;6;1;19;23;-3.605513858614347;0;5;25;1;11;12;4;5;6;3;22;-9.110203559730964;0;6;5;5;6;4;0;3;4;11;4;6;23;3.4375215736631457;4;2;0;0;0;2;0;2;14;15;3;18;5;3;7;-7.220644584289932;0;4;6;22;6.831126507305085;3;4;14;4;5;3;0;20;-2.8452989560443704;20;4.6461174101828355;6;5;4;5;1;16;19;2;4;2;6;1;6;14;3;21;9.513129184923063;2;4;0;25;21;7.976959848008112;1;1;17;10;3;17;5;0;4;0;5;24;0;25;9;0;3;5;24;0;2;17;10;0;16;11
TRACK:521;512;-1;4;1;2;6;3;3;3;1;1;11;18;5;1;13;13;2;2;5;5;1;0;5;9;4;11;4;6;16;2;4;1;3;3;13;3;5;15;2;6;0;3;20;-7.7438328127820295;3;14;6;0;6;15;4;9;0;2;4;5;4;6;22;2.8676489256730777;4;4;4;2;18;16;1;6;1;6;3;10;2;5;19;6;8;4;6;2;0;13;11;3;20;-4.636687116141767;4;4;2;2;5;1;3;5;14;0;6;21;7.733918774380482;6;14;2;0;4;6;21;5.956714091263914;4;5;24;6;0;3;25;1;9;16;2;0;5;1;0;16;9;6;10;2;4;5;15;4;6;24;6;0;5;6;15;6;1;10;13
TRACK:522;514;-1;4;6;3;1;5;6;6;6;1;2;15;15;6;17;1;1;4;6;5;4;16;2;6;1;5;22;-8.688573556738827;6;12;3;1;1;13;15;6;25;6;6;24
TRACK:523;516;-1;4;1;2;6;3;3;3;1;6;6;24;5;1;13;13;2;2;5;5;1;0;5;9;4;11;4;6;16;2;4;1;3;3;13;3;5;15;2;6;3;5;14;19;0;2;4;5;4;6;22;2.543815998035489;4;4;4;2;18;16;1;6;1;6;3;10;2;5;19;6;8;4;6;2;0;13;11;3;20;-4.92298356317379;4;4;2;2;5;1;3;5;14;0;6;21;7.621265907883017;6;14;2;0;4;6;21;6.167303380798502;4;5;24;6;5;12;2;0;5;1;0;16;9;6;10;2;4;5;15;4;6;24;6;0;5;6;15;6;1;10;13
TRACK:524;518;-1;3;5;2;3;6;2;5;4;4;6;15;1;3;2;5;9;6;22;0.1001596331476764;3;5;4;11;4;4;3;4;11
TRACK:525;511;-1;4;0;1;3;2;1;3;2;2;1;21;4.677010852537737;25;3;13;0;4;9;2;25;15;0;5;6;4;20;4.522160618629563;1;3;6;7;-5.224375635468414;2;4;13;5;7;-6.345498028437007;3;5;1;5;6;15;0;0;15;21;-2.8176302397256725;4;15;2;3;1;2;1;5;1;14;12;4;1;15;18;0;5;2;11;7;3.421161997526123;1;1;21;0.1296487607885221;24;6;14;6;6;6;5;14;6;4;6;0;3;3;9;0;2;19;17;3;15;6;4;2;0;0;6;6;1;21;-0.7419323827274993;22;-5.68337459182957;0;1;0;16;11;4;14;1;0;9;7;3.3532995554671094;5;25;5;4;5;3;12;3;2;2;6;1;25;25;3;6;7;5.55398351293356;6;6;1;17;22;-0.9208769963166732
TRACK:526;513;-1;1;0;1;0;6;1;6;6;0;0;11;13;0;24;25;2;0;0;1;11;18;5;13;0;5;19;1;16;16;1;0;2;23;-2.153506956875946;11;5;14;6;1;16;13;6;0;2;4;5;4;9;0;6;6;19;5;6;7;-8.110175021736524;6;1;4;2;7;0.10405879079512807;9;2;1;18;14;0;13;16;4;4;5;2;3;1;5;21;8.710053006660885;4;10;5;6;0;10;20;9.731447913394138;0;6;5;2;4;6;6;6;20;-0.9025103314056242;4;2;5;2;18;18;2;3;20;-1.1702708419814627;6;21;8.735481010447938;5;3;0;5;3;4;0;16;17;0;0;2;2;12;20;-7.25384253745714;2;13;22;7.166597942525522;4;1;23;1.9376808529083496;25;6;6;1;10;25;5;4;6;2;2;5;5;5;5;24;3;6;1;6;10;4;8;5;3;2;6;2;19;23;-4.982398936266797;6;6;19
TRACK:527;515;-1;4;0;1;3;5;3;3;5;5;4;19;2;3;1;2;1;5;1;14;12;4;1;15;18;0;5;2;11;7;3.303467377124247;1;1;21;0.10362982883600486;24;6;14;6;6;6;5;14;6;4;6;0;3;3;9;0;2;19;17;3;15;6;4;2;0;0;6;6;1;16;22;-5.728596249166347;0;1;6;16;17;1;0;9;7;3.4710952375561703;5;25;5;4;5;3;12;3;2;2;6;1;25;25;3;6;7;5.596568741831011;6;6;1;17;22;-0.7442736918911882
TRACK:528;517;-1;0;4;4;0;1;4;4;5;5;5;8;5;1;4;1;0;15;23;8.818641575440722;4;21;7.621168291789288;2;3;1;21;0.8920688848830123;20;-9.747023642381821;1;5;25;4;8;0;1;6;5;3;1;7;1.2560742523001505;22;5.046501440062055;5;3;5;4;22;9.769186670794571;0;4;1;6;4;8;6;1;24;12;1;1;6;1;9;8;1;6;21;-8.340780230984393;3;7;-8.370129680442224;6;5;3;25;6;3;5;1;6;2;1;1;4;25;1;19;10;6;3;9;1;2;0;16;20;-8.265140550518431;4;19;2;2;16;15;1;17;20;-4.550274884492675;3;0;0;0;4;25;4;16;4;1;13;12;3;0;2;23;7.894755293608367;19;1;21;7.869944779283195;11
TRACK:529;519;-1;5;0;5;6;0;5;5;4;6;2;23;-9.530679600950831;23;6.428417187523215;6;2;6;0;0;22;-5.86594827364074;15;2;13;8;0;1;4;14;5;9;2;2;22;-2.9578651515494494;8;3;13;3;0;4;1;3;3;5;6;22;6.6446792372901795;2;1;5;0;7;2.8952290730598427;22;3.2060328340710575;1;0;9;9;1;11;11;19;0;4;5;2;0;2;23;-5.905303605196884;17;4;11;4;0;11;25;4;2;4;5;6;19;5;0;3;15;2;13;18
EVAL_INSTANCE:26:0:520
EVAL_INSTANCE:26:1:521
EVAL_INSTANCE:26:2:522
EVAL_INSTANCE:26:3:523
EVAL_INSTANCE:26:4:524
EVAL_INSTANCE:26:5:525
EVAL_INSTANCE:26:6:526
EVAL_INSTANCE:26:7:527
EVAL_INSTANCE:26:8:528
EVAL_INSTANCE:26:9:529
RUN_RESULT:26:0:0:2000:----
RUN_RESULT:26:1:0:2000:----
RUN_RESULT:26:2:0:2000:----
RUN_RESULT:26:3:0:2000:----
RUN_RESULT:26:4:0:2000:----
RUN_RESULT:26:5:0:2000:----
RUN_RESULT:26:6:0:2000:----
RUN_RESULT:26:7:0:2000:----
RUN_RESULT:26:8:0:2000:----
RUN_RESULT:26:9:0:2000:----
    27 |      270 |  0.000000E+00 | -0.000000E+00
TRACK:530;5;4;1;5;3;1;0;4;5;1;2;3;9;5;23;7.309737645474968;1;6;7;0.3218028824642367;3;11;4;6;6;1;6;16;2;7;-5.854091696762859;22;3.66350285320285;1;0;3;4;6;2;25;10;1;4;6;4;15;5;0;6;22;-9.58565805499974;4;8;0;6;0;6;1;19;23;-3.587308483082352;0;5;25;1;11;12;4;5;6;3;22;-9.350739913168448;0;6;5;22;-0.03499774720603632;4;2;0;0;0;2;0;2;14;18;3;18;5;3;7;-7.279508601903622;0;4;6;22;6.945105059765922;3;4;14;4;5;3;0;20;-2.748115565306861;20;4.594253372334986;6;5;4;5;1;16;19;2;4;2;6;1;6;14;3;21;9.356815312735755;2;4;0;25;21;7.75724703552433;1;1;17;10;3;17;5;0;4;0;5;24;0;25;9;0;3;5;24;0;2;17;10;0;16;11
TRACK:531;5;4;3;5;2;3;6;2;5;4;4;6;15;1;3;2;3;19;6;22;-0.03499774720603632;3;5;4;11;20;4.594253372334986
TRACK:532;2;7;4;1;4;3;0;2;2;1;1;2;19;20;-4.142185303395147;0;8;23;-1.4602899930131628;1;3;19;6;16;1;5;0;18;10;5;1;18;21;-9.826680263377368;2;3;6;0;13;17;4;4;1;25;9;5;6;1;4;6;22;-2.0582719638834;2;1;22;2.6848393667379593;17;4;8;6;2;6;3;0;1;2;1;19;12;3;14;1;3;9;1;7;-7.3461643690864475;14;3;3;3;25;5;6;4;21;7.603077435577408
TRACK:533;2;7;0;4;4;0;1;4;4;5;5;5;8;5;1;4;1;0;15;23;9.010026579099339;4;21;7.603077435577408;2;3;1;21;0.8741299139996013;20;-9.727771496719013;1;5;25;4;8;0;1;6;5;3;1;7;1.1694286702868357;22;4.9607544345329515;5;3;4;6;22;-2.0582719638834;0;4;1;6;4;8;6;1;24;12;1;1;6;1;9;8;1;6;21;-8.244041740037652;3;7;-8.343934600877203;6;5;3;25;6;3;5;1;6;2;1;1;4;25;1;19;10;6;3;9;1;2;0;16;20;-8.356452856661015;4;19;2;2;16;15;1;17;20;-4.716407496205484;3;0;0;0;4;25;4;16;4;1;23;3.4058139379531127;12;3;0;2;23;7.997450742602297;20;4.678946297741202;1;21;8.169859715769505;11
TRACK:534;9;6;4;1;2;6;3;3;3;1;6;6;21;-0.8411316608662993;5;1;13;13;2;2;5;5;1;0;5;9;4;11;4;6;16;2;4;1;3;3;13;3;5;15;2;6;3;5;14;6;0;6;15;4;9;0;2;4;5;4;6;22;2.665848916495923;4;4;4;2;18;16;1;6;1;6;3;10;2;5;19;6;8;4;6;2;0;13;11;3;20;-4.756331604557056;4;4;2;2;5;1;3;5;14;0;6;21;7.707510668684343;6;14;2;0;4;6;21;6.112383433580128;4;5;24;6;0;3;25;1;9;16;2;0;5;1;0;16;9;6;10;2;4;5;15;4;6;24;6;0;5;6;15;6;1;10;13
TRACK:535;9;6;4;0;1;3;5;3;3;5;5;4;19;2;3;1;2;1;5;1;14;12;4;1;15;18;0;5;2;11;7;3.3949546236874166;1;1;21;0.15781845565135022;24;6;14;6;6;6;5;14;6;4;6;0;3;3;9;0;2;19;17;3;10;6;4;2;0;0;6;6;1;21;-0.8411316608662993;22;-5.721673982302146;0;1;6;16;4;14;1;0;9;7;3.452318748288228;5;25;5;4;5;3;12;3;2;2;6;1;25;25;3;6;7;5.598869455374256;6;6;1;17;22;-0.8355763743440541
TRACK:536;3;1;5;0;5;6;0;5;5;4;6;2;23;-9.425875259368343;23;6.351964638882649;6;2;6;0;0;22;-5.7053140582007185;15;2;13;8;0;1;4;14;5;9;2;2;22;-2.8628063595721738;8;3;13;3;0;4;1;3;3;25;2;1;5;0;7;2.951350615301049;22;3.1091386531019545;5;1;8;18;2;2;1;9;10;1;12;21;0.4828827554892712;2;5;7;-5.060335771358783;3;24;0;4;5;2;0;2;23;-5.9151488629807725;17;4;11;4;0;11;25;4;2;4;5;6;19;5;0;3;15;2;13;18
TRACK:537;3;1;1;0;1;0;6;1;6;6;0;0;11;13;0;24;25;2;0;0;1;11;18;5;13;0;5;19;1;16;16;1;0;2;23;-2.2571701295058633;11;5;14;6;1;16;13;6;0;2;4;5;4;9;0;6;6;11;5;6;7;-8.027529548669474;6;1;4;2;7;0.07010987965106708;9;2;1;18;14;0;13;16;4;4;5;2;3;1;5;21;8.72293539427383;4;10;5;6;0;10;20;9.760890453417513;0;6;5;2;4;6;6;6;12;4;2;5;2;18;18;2;3;20;-1.309421897974218;6;21;8.619756525285762;5;3;0;5;3;4;0;16;17;0;0;2;2;12;20;-7.142345868378386;2;13;22;7.201771128708472;4;1;23;1.9260129348463444;25;6;6;1;10;25;5;4;6;2;2;5;5;5;5;24;3;6;1;5;7;0.5327554097370673;4;8;5;3;2;6;2;19;23;-4.7855461444313185;6;6;19
TRACK:538;7;9;0;4;4;0;1;4;4;5;5;5;8;5;1;4;1;0;15;23;9.010026579099339;4;21;7.603077435577408;2;3;1;21;0.8741299139996013;20;-9.727771496719013;1;5;25;4;8;0;1;6;5;3;1;7;1.1694286702868357;22;4.9607544345329515;5;3;5;4;22;9.67370061750217;0;4;1;6;4;8;6;1;24;12;1;1;6;5;15;1;6;21;-8.244041740037652;3;7;-8.343934600877203;6;5;3;25;6;3;5;1;6;2;1;1;4;25;1;19;10;6;3;9;1;2;0;16;20;-8.356452856661015;4;19;2;2;16;15;1;17;20;-4.716407496205484;3;0;0;0;4;25;4;16;4;1;23;3.4058139379531127;12;3;0;2;23;7.997450742602297;20;4.678946297741202;1;21;8.169859715769505;11
TRACK:539;7;9;4;1;2;6;3;3;3;1;6;6;24;5;1;13;13;2;2;5;5;1;0;5;9;4;11;4;6;16;2;4;1;3;3;13;3;5;15;2;6;3;5;14;6;0;6;15;4;9;0;2;4;5;4;6;22;2.665848916495923;4;4;4;2;18;16;1;6;1;6;3;10;2;5;19;6;8;4;6;2;0;13;11;3;20;-4.756331604557056;4;4;2;2;5;1;3;5;14;0;6;21;7.707510668684343;6;14;2;0;4;6;21;6.112383433580128;4;5;24;6;0;3;25;1;9;16;2;0;5;1;0;16;9;6;10;2;4;5;15;4;8;6;0;5;6;15;6;1;10;13
TRACK:540;530;-1;1;5;3;1;0;3;6;18;6;0;12;10;1;0;3;4;6;2;25;10;1;4;6;4;15;5;0;6;22;-9.531847470388659;4;8;0;6;0;6;1;19;23;-3.6491978800768408;0;5;25;1;11;12;4;5;6;3;22;-9.515598184795648;0;6;5;22;-0.11589945351009669;4;2;0;0;0;2;0;2;14;18;3;18;5;3;7;-7.340689404976762;0;4;6;22;6.768583823117751;3;4;14;4;5;3;0;20;-2.7857183940197974;20;4.563389090227232;6;5;4;5;1;16;19;2;4;2;6;1;6;14;3;21;9.32171388453573;2;4;0;25;21;7.758825508156107;1;1;17;10;3;17;5;0;4;0;5;24;0;25;9;0;3;5;24;0;2;17;10;0;16;11
TRACK:541;532;-1;4;1;4;3;0;2;2;1;1;2;19;20;-3.9682715703943723;0;8;23;-1.3712887275412617;1;3;19;6;16;1;5;0;13;10;5;1;18;21;-9.894752579843706;2;3;6;0;13;17;4;4;1;25;9;5;6;1;4;6;22;-2.182863182094186;2;1;22;2.745650986954344;17;4;8;6;2;6;3;0;1;2;1;19;12;3;14;1;3;9;1;7;-7.293291201741706;14;3;3;3;25;5;6;4;21;7.500254256486135
TRACK:542;9;-1;4;1;2;6;3;3;3;1;6;6;24;5;1;13;13;2;2;5;5;1;0;5;9;4;11;4;6;16;2;0;13;14;2;6;3;5;14;6;0;6;15;4;9;0;2;4;5;4;6;22;2.6477768039181457;4;4;4;2;18;16;1;6;1;6;3;10;2;5;19;6;8;4;6;2;0;13;11;3;20;-4.716511630985663;4;4;2;2;5;1;3;5;14;0;6;21;7.583679563681941;6;14;2;0;4;6;21;6.095446506487215;4;5;24;6;0;3;25;1;9;16;2;0;5;1;0;16;9;6;10;2;4;5;15;4;6;24;6;0;5;6;15;6;1;10;13
TRACK:543;536;-1;5;0;5;6;0;5;5;4;6;2;23;-9.369731288239606;23;6.506349057153903;6;2;6;0;0;22;-5.714317105665057;15;2;13;8;0;1;4;14;5;9;2;2;22;-2.786972790743814;8;3;13;3;0;4;1;3;3;25;2;1;5;0;7;2.7530031416177696;22;3.1263327861835424;5;1;8;18;2;2;1;9;10;1;12;21;0.7602145781214498;2;5;7;-5.079655862057331;3;24;0;4;5;2;0;2;23;-5.999841297084696;17;4;11;2;3;23;4.324308311443572;4;21;4.931212988211753;4;2;4;5;6;19;5;0;3;15;2;13;18
TRACK:544;538;-1;0;4;4;0;1;4;4;5;5;5;8;5;1;4;1;0;15;23;9.002305454785539;4;21;7.627627026867062;2;3;1;21;0.8980553311368679;20;-9.793814518183405;1;5;25;4;8;0;1;6;5;3;1;7;1.2898164367603049;22;5.0290009846640915;5;3;5;4;22;9.691365651936287;0;4;1;6;4;8;6;1;24;12;1;1;6;5;15;1;6;21;-8.292639728818829;3;7;-8.34058085201373;6;5;3;25;6;3;5;1;6;2;1;1;4;25;1;19;10;6;3;9;1;2;0;16;20;-8.508964304356136;4;19;2;2;16;15;1;17;20;-4.711921671628806;3;3;1;13;7;-9.241376136599087
TRACK:545;531;-1;3;5;2;3;6;2;5;4;4;6;15;1;3;2;3;19;6;24;3;5;4;11;20;4.555627404135573
TRACK:546;533;-1;0;4;4;0;1;4;4;5;5;5;8;5;1;4;1;0;15;23;9.081052974094485;4;21;7.58429207315186;2;3;1;21;0.8542916251643008;20;-9.851430243984277;1;5;25;4;8;0;1;6;5;3;1;7;1.0617924798878644;22;4.776573981580608;5;3;4;6;22;-2.209636239755019;0;4;1;6;4;8;6;1;24;12;1;1;6;1;9;8;1;6;21;-8.117223177514195;3;7;-8.312329597957843;6;5;3;25;6;3;5;1;6;2;1;1;4;25;1;19;10;6;3;9;1;2;0;16;20;-8.504374541676029;4;19;2;2;16;15;1;17;20;-4.815809740536282;3;6;16
TRACK:547;6;-1;4;0;1;3;5;3;3;5;5;4;19;2;3;1;2;1;1;13;14;4;1;15;18;0;5;2;11;7;3.3023062409391843;1;1;21;0.12547747373892654;24;6;14;6;6;6;5;14;6;4;6;0;3;3;9;0;2;19;17;3;15;6;4;2;0;0;6;6;1;21;-0.7729165264067048;22;-5.787394671669404;0;1;6;16;4;14;1;0;9;7;3.3632806586087294;5;25;5;4;5;3;12;3;2;2;6;1;25;25;3;6;7;5.60007616969508;6;6;1;17;22;-1.005562674236859
TRACK:548;537;-1;1;0;1;0;6;1;6;6;0;0;11;13;0;24;25;2;0;0;1;11;18;5;13;0;5;19;1;16;16;1;0;2;23;-2.4134919975449964;11;5;14;6;1;16;13;6;0;2;4;3;17;0;6;6;11;5;6;7;-8.103745812833138;6;1;4;2;7;0.200293811174632;9;2;1;18;14;0;13;16;4;4;5;2;3;1;5;21;8.544963900282648;4;10;5;6;0;10;20;9.696673657663023;0;6;5;2;4;6;6;6;12;4;2;5;2;18;18;2;3;20;-1.314147828905411;6;21;8.89244779528275;5;3;0;5;3;4;0;16;17;0;0;2;2;12;20;-7.265663840610732;2;13;22;7.155829784541612;4;1;23;1.7715695031200487;25;6;6;1;10;25;5;4;6;2;2;5;5;5;5;24;3;6;1;5;7;0.4387618982328074;4;8;5;3;2;6;2;19;23;-4.717479335780646;6;6;19
TRACK:549;539;-1;4;1;2;6;3;3;3;1;6;6;24;5;1;13;13;2;2;5;5;1;0;5;9;4;11;4;6;16;4;1;20;-3.016741261600071;9;0;2;4;5;4;6;22;2.6308011212406335;4;4;4;2;18;16;1;6;1;6;3;10;2;5;19;6;8;4;6;2;0;13;11;3;20;-4.684283860036136;4;4;2;2;5;1;3;5;14;0;6;21;7.573951767949297;6;14;2;0;4;6;21;6.107097486141416;4;5;24;6;0;3;25;1;9;16;2;0;5;1;0;16;9;6;10;2;4;5;15;4;8;6;0;5;6;15;6;1;10;13
EVAL_INSTANCE:27:0:540
EVAL_INSTANCE:27:1:541
EVAL_INSTANCE:27:2:542
EVAL_INSTANCE:27:3:543
EVAL_INSTANCE:27:4:544
EVAL_INSTANCE:27:5:545
EVAL_INSTANCE:27:6:546
EVAL_INSTANCE:27:7:547
EVAL_INSTANCE:27:8:548
EVAL_INSTANCE:27:9:549
RUN_RESULT:27:0:0:2000:----
RUN_RESULT:27:1:0:2000:----
RUN_RESULT:27:2:0:2000:----
RUN_RESULT:27:3:0:2000:----
RUN_RESULT:27:4:0:2000:----
RUN_RESULT:27:5:0:2000:----
RUN_RESULT:27:6:0:2000:----
RUN_RESULT:27:7:0:2000:----
RUN_RESULT:27:8:0:2000:----
RUN_RESULT:27:9:0:2000:----
    28 |      280 |  0.000000E+00 | -0.000000E+00
TRACK:550;8;0;6;4;2;1;2;15;15;6;17;5;3;2;6;6;4;4;10;1;2;4;3;14;2;5;8;3;20;9.74776600337508;1;1;5;12;3;25;5;2;12;15
TRACK:551;8;0;4;6;3;1;5;6;6;6;1;2;15;15;6;17;1;1;4;6;5;4;16;2;6;0;2;17;18;5;19;3;1;1;13;15;6;25;6;2;4;25;1;24;15
TRACK:552;5;1;1;5;3;1;0;4;1;23;1.9260129348463444;25;4;6;6;1;6;16;2;7;-5.854091696762859;22;3.66350285320285;1;0;3;4;6;2;25;10;1;4;6;4;15;5;0;6;22;-9.58565805499974;4;8;0;6;0;6;1;19;23;-3.587308483082352;0;5;25;1;11;12;4;5;6;3;22;-9.350739913168448;0;6;5;5;6;4;0;3;4;11;4;6;23;3.393492578825029;4;2;0;0;0;2;0;2;14;18;3;18;5;3;7;-7.279508601903622;0;4;6;22;6.945105059765922;3;4;14;4;5;3;0;20;-2.748115565306861;20;4.594253372334986;6;5;4;5;1;16;19;2;4;2;6;1;6;14;3;21;9.356815312735755;2;4;0;25;21;7.75724703552433;1;1;17;10;3;17;5;0;4;0;5;24;0;25;9;0;3;5;24;0;2;17;10;0;16;11
TRACK:553;5;1;1;0;1;0;6;1;6;6;0;0;11;13;0;24;25;4;6;4;15;6;0;2;4;5;4;9;0;6;6;19;5;6;7;-8.027529548669474;6;1;4;2;7;0.07010987965106708;9;2;1;18;14;0;13;16;4;4;5;2;3;1;5;21;8.72293539427383;4;10;5;6;0;10;20;9.760890453417513;0;6;5;2;4;6;6;6;12;4;2;5;2;18;18;2;3;20;-1.309421897974218;6;21;8.619756525285762;5;3;0;5;3;4;0;16;17;0;0;2;2;12;20;-7.142345868378386;2;13;22;7.201771128708472;4;1;23;1.9260129348463444;25;6;6;1;10;25;5;4;6;2;2;5;5;5;5;24;3;6;1;5;7;0.5327554097370673;4;8;5;3;2;6;2;19;23;-4.7855461444313185;6;6;19
TRACK:554;3;6;5;0;5;6;0;5;5;4;6;2;23;-9.425875259368343;23;6.351964638882649;6;2;6;0;9;2;13;8;0;1;4;14;5;9;2;2;22;-2.8628063595721738;8;3;13;3;0;4;1;3;3;5;6;22;6.502010675018717;2;1;5;0;7;2.951350615301049;22;3.1091386531019545;5;1;8;18;2;2;1;9;10;1;12;21;0.4828827554892712;2;5;7;-5.060335771358783;3;24;0;4;5;2;0;2;23;-5.9151488629807725;17;4;11;4;0;11;25;4;2;4;5;6;19;5;0;3;15;2;13;18
TRACK:555;3;6;4;0;1;3;5;3;3;5;5;4;19;2;3;1;2;1;5;1;14;12;4;1;15;18;0;5;2;11;7;3.3949546236874166;1;1;21;0.15781845565135022;24;6;14;6;6;6;5;14;6;4;6;0;3;3;9;0;2;19;17;3;15;6;4;2;0;0;6;6;1;21;-0.8411316608662993;22;-5.721673982302146;0;1;6;16;4;14;1;0;9;7;3.452318748288228;5;25;5;4;5;3;12;23;-9.425875259368343
TRACK:556;0;9;4;6;3;1;5;6;6;6;1;2;15;15;6;17;1;1;4;6;5;4;16;6;3;5;14;6;6;4;5;3;19
TRACK:557;0;9;4;1;2;6;3;3;3;1;6;6;24;5;1;13;13;2;2;5;5;1;0;5;9;4;11;4;6;16;2;4;1;3;3;13;3;5;15;2;6;3;5;14;6;0;6;15;4;9;6;6;6;1;2;15;15;6;17;4;4;2;2;5;1;3;5;14;0;6;21;7.707510668684343;6;14;2;0;4;6;21;6.112383433580128;4;5;24;6;0;3;25;1;9;16;2;0;5;1;0;16;9;6;10;2;4;5;15;4;6;24;6;0;5;6;15;6;1;10;13
TRACK:558;8;2;6;4;2;0;4;3;6;1;6;6;11;1;1;23;-6.194829372622004;8;0;23;-6.448084404665872;22;-2.585017750253062;6;4;0;1;3;4;7;-1.796785627472408;2;4;25;1;24;15;3;3;0;24;25;5;3;2;6;6;4;4;10;1;2;4;3;14;2;5;8;3;20;9.74776600337508;1;1;5;12;3;25;5;2;12;15
TRACK:559;8;2;4;1;4;3;3;3;0;24;18;6;2;6;3;0;1;2;1;19;12;3;14;1;3;9;1;7;-7.3461643690864475;14;3;3;3;25;5;6;3;6;5;4;25
TRACK:560;8;-1;6;4;2;0;4;3;6;1;6;6;11;1;1;23;-6.004161108302243;8;0;23;-6.504626169283731;22;-2.5134887713330154;6;4;0;1;3;4;7;-1.676494411999292;2;4;25;1;24;15;3;3;0;24;18;5;3;2;1;13;22;2.670250934815;1;2;4;3;14;2;5;8;3;20;9.850633601946155;1;1;5;12;3;25;5;2;12;15
TRACK:561;552;-1;1;5;3;1;0;4;1;23;2.0436352399189253;25;4;6;6;1;6;16;2;7;-5.659448181627261;22;3.5691349051041295;1;0;3;4;6;2;25;10;1;4;6;4;15;5;0;6;22;-9.514068092997643;4;8;0;6;0;6;1;19;23;-3.4396724901888165;0;5;25;1;11;12;4;5;6;3;22;-9.401175327646678;0;6;5;5;6;4;0;3;4;11;4;6;23;3.2068953110153715;4;2;0;0;0;4;2;2;24;7;-3.500307923297119;5;22;0.5871822177530905;0;4;6;22;6.907756425141948;3;4;14;4;5;3;0;20;-2.6522399220492257;20;4.684393601498056;6;5;4;5;1;16;19;2;4;2;6;1;6;14;3;21;9.184470170304799;2;4;0;25;21;7.697655534503789;1;1;17;10;3;17;5;0;4;0;5;24;0;25;9;0;3;5;24;0;2;17;10;0;16;11
TRACK:562;554;-1;5;0;5;6;0;5;5;4;6;2;23;-9.436768658343917;23;6.640032861192782;6;2;6;0;9;2;13;8;0;1;4;14;5;9;2;2;22;-2.892051979491838;8;3;10;3;0;4;1;3;3;5;6;22;6.4104827365538775;2;1;5;0;7;3.053154284707791;22;2.947418674466667;5;1;8;18;2;2;1;9;10;1;12;21;0.3316192752395475;2;5;7;-5.014342805709993;3;24;0;4;5;2;0;2;23;-5.942404705978256;17;4;11;4;0;11;25;4;2;4;5;6;19;5;0;3;15;2;13;18
TRACK:563;556;-1;4;6;3;1;5;6;6;6;1;2;15;15;6;17;1;1;4;6;5;4;16;6;3;5;14;6;6;4;5;4;22;0.8629273848776364
TRACK:564;558;-1;6;4;2;0;4;3;6;1;6;6;11;1;1;23;-6.1242754661354235;8;0;9;22;-2.61618576995297;6;4;0;1;3;4;7;-1.6794074157274572;2;4;25;1;24;15;3;3;0;24;25;5;3;2;6;6;4;4;10;1;2;4;3;14;2;5;8;3;20;9.578678973986033;1;1;5;12;3;25;5;2;12;15
TRACK:565;0;-1;4;6;3;1;5;6;6;6;1;2;15;15;6;17;1;1;4;6;5;4;16;2;6;0;2;17;18;5;19;3;1;1;13;15;1;18;15;6;6;4;5;3;19
TRACK:566;553;-1;1;0;1;0;6;1;6;6;0;0;11;13;0;24;25;4;6;4;15;6;0;2;4;5;4;9;0;6;6;19;5;6;7;-7.907714163010681;6;1;4;2;7;0.15491378093609875;9;2;1;18;14;0;13;16;4;4;5;2;3;1;5;21;8.590917630681462;4;10;5;6;0;10;20;9.841172563197583;0;6;5;2;4;6;6;6;12;4;2;5;2;18;18;2;6;21;-8.457152033825038;6;21;8.577475230606192;5;3;0;5;3;4;0;16;17;0;0;2;2;12;20;-7.148616097322215;2;13;22;7.080815852178149;4;1;23;1.8688443333440186;25;6;6;1;10;25;5;4;6;2;2;5;5;5;5;24;3;6;1;5;7;0.3686750937099307;4;8;5;3;2;6;2;19;23;-4.660265246973636;6;6;19
TRACK:567;555;-1;4;0;1;3;5;3;3;5;5;4;19;2;5;4;4;3;22;2.326353468739713;6;4;6;0;3;3;9;0;2;19;17;3;15;6;4;2;0;0;6;6;1;21;-0.8595329608096459;22;-5.680869638385245;0;1;6;16;4;14;1;0;9;7;3.2811490956049845;5;25;5;4;5;3;12;23;-9.442143181757576
TRACK:568;557;-1;4;1;2;6;3;3;3;1;6;6;24;5;1;13;13;2;2;5;5;1;0;5;9;4;11;4;6;16;2;4;1;3;3;13;3;5;15;2;6;3;5;14;6;0;6;15;4;9;6;6;6;1;2;15;15;6;17;4;4;2;2;5;1;3;5;14;0;6;21;7.806770665346764;6;14;2;0;4;6;21;5.993734539562733;4;5;24;6;0;3;25;1;9;16;2;0;5;1;0;16;9;6;10;2;4;5;15;4;6;24;0;0;25;13;1;23;1.7607273738177085;8
TRACK:569;559;-1;4;1;4;3;3;3;0;24;18;6;2;6;3;0;1;2;1;19;12;3;14;1;3;9;1;7;-7.39376810127808;14;3;3;4;21;-7.363009646364804;5;6;3;6;5;4;25
EVAL_INSTANCE:28:0:560
EVAL_INSTANCE:28:1:561
EVAL_INSTANCE:28:2:562
EVAL_INSTANCE:28:3:563
EVAL_INSTANCE:28:4:564
EVAL_INSTANCE:28:5:565
EVAL_INSTANCE:28:6:566
EVAL_INSTANCE:28:7:567
EVAL_INSTANCE:28:8:568
EVAL_INSTANCE:28:9:569
RUN_RESULT:28:0:0:2000:----
RUN_RESULT:28:1:0:2000:----
RUN_RESULT:28:2:0:2000:----
RUN_RESULT:28:3:0:2000:----
RUN_RESULT:28:4:0:2000:----
RUN_RESULT:28:5:0:2000:----
RUN_RESULT:28:6:0:2000:----
RUN_RESULT:28:7:0:2000:----
RUN_RESULT:28:8:0:2000:----
RUN_RESULT:28:9:0:2000:----
    29 |      290 |  0.000000E+00 | -0.000000E+00
TRACK:570;4;7;3;5;2;3;6;2;5;4;4;6;15;1;25;3;5;4;11;4;4;3;4;3;0;3;24;5;25
TRACK:571;4;7;0;4;4;0;1;4;4;5;5;5;8;5;1;4;1;0;15;23;9.010026579099339;4;21;7.603077435577408;2;3;1;21;0.8741299139996013;20;-9.727771496719013;19;0;1;6;5;3;1;7;1.1694286702868357;22;4.9607544345329515;5;3;5;4;22;9.67370061750217;0;4;1;6;4;8;6;1;24;12;1;1;6;1;9;8;1;6;21;-8.244041740037652;3;7;-8.343934600877203;6;5;3;25;6;3;5;1;6;2;1;1;4;25;1;19;10;6;3;9;1;2;0;16;20;-8.356452856661015;4;19;2;2;16;15;1;17;20;-4.716407496205484;3;0;0;0;4;25;4;16;4;1;23;3.4058139379531127;12;3;0;2;23;7.997450742602297;20;4.678946297741202;1;21;8.169859715769505;11
TRACK:572;6;0;4;0;1;3;5;3;3;5;5;4;19;2;3;1;2;1;5;1;14;12;4;1;15;18;0;5;2;11;7;3.3949546236874166;1;1;21;0.15781845565135022;24;6;14;6;6;6;5;14;6;4;6;0;3;19;0;2;19;17;3;15;6;4;2;0;0;6;6;1;21;-0.8411316608662993;22;-5.721673982302146;0;1;6;16;4;14;1;0;9;7;3.452318748288228;5;25;5;4;5;3;12;3;2;2;6;1;25;25;3;6;7;5.598869455374256;6;6;1;17;22;-0.8355763743440541
TRACK:573;6;0;4;6;3;1;5;6;6;6;1;2;15;15;6;17;1;1;4;6;5;4;16;2;6;0;2;17;18;5;25;3;1;1;13;15;6;25;6;6;4;5;3;19
TRACK:574;9;6;4;1;2;6;3;3;3;1;6;6;24;5;1;13;13;2;2;5;5;1;0;5;9;4;11;4;6;16;2;4;1;3;3;13;3;5;15;2;6;3;5;14;6;0;6;15;4;9;0;2;4;5;4;6;22;2.665848916495923;4;4;4;2;18;16;1;6;1;6;3;10;2;5;19;6;8;4;6;2;0;13;11;3;20;-4.756331604557056;6;14
TRACK:575;9;6;4;0;1;3;5;3;3;5;5;4;19;2;3;1;2;1;5;6;21;7.707510668684343;4;1;15;18;0;5;2;11;7;3.3949546236874166;1;1;21;0.15781845565135022;24;6;14;6;6;6;5;14;6;4;6;0;3;3;9;0;2;19;17;3;15;6;4;2;0;0;6;6;1;21;-0.8411316608662993;22;-5.721673982302146;0;1;6;16;4;14;1;0;9;7;3.452318748288228;5;25;5;4;5;3;12;3;2;2;6;1;25;25;3;6;7;5.598869455374256;6;6;1;17;22;-0.8355763743440541
TRACK:576;2;5;4;1;4;3;0;2;2;1;1;2;19;20;-4.142185303395147;0;8;23;-1.4602899930131628;1;3;19;6;16;1;5;0;18;10;5;1;18;21;-9.826680263377368;2;3;6;0;13;17;4;4;1;25;9;5;6;1;4;6;22;-2.0582719638834;2;1;22;2.6848393667379593;17;4;8;6;2;6;3;0;1;2;1;19;12;3;14;1;3;9;1;7;-7.3461643690864475;14;3;3;3;25;5;6;3;6;5;4;19
TRACK:577;2;5;1;5;3;1;0;4;5;1;2;3;9;5;23;7.309737645474968;1;6;7;0.3218028824642367;3;11;4;6;6;1;6;16;2;22;2.6848393667379593;22;3.66350285320285;1;0;3;4;6;2;25;10;1;4;6;4;15;5;0;6;22;-9.58565805499974;4;8;0;6;0;6;1;19;23;-3.587308483082352;0;5;25;1;11;12;4;5;6;3;22;-9.350739913168448;0;6;5;5;6;4;0;3;4;11;4;6;23;3.393492578825029;4;2;0;0;0;2;0;2;14;18;3;18;5;3;7;-7.279508601903622;0;4;6;22;6.945105059765922;3;4;14;4;5;3;0;20;-2.748115565306861;20;4.594253372334986;6;5;4;5;1;16;19;2;4;2;6;1;6;14;3;21;9.356815312735755;2;4;0;25;21;7.75724703552433;1;1;17;10;3;17;5;0;4;0;5;24;0;25;9;0;3;5;24;0;2;17;10;0;16;11
TRACK:578;4;1;3;5;2;3;6;2;4;10;1;3;2;3;19;6;22;-0.03499774720603632;3;5;4;11;4;4;3;4;3;0;3;24;5;25
TRACK:579;4;1;1;0;1;0;6;1;6;6;0;0;11;13;0;24;25;2;0;0;1;11;18;5;13;0;5;19;1;16;16;1;0;2;23;-2.2571701295058633;11;5;14;6;1;16;13;6;0;2;4;5;4;9;0;6;6;19;5;6;7;-8.027529548669474;6;1;4;2;7;0.07010987965106708;9;2;1;18;24;0;13;16;4;4;5;2;3;1;5;21;8.72293539427383;4;10;5;6;0;10;20;9.760890453417513;0;6;5;2;4;6;6;6;12;4;2;5;2;18;18;2;3;20;-1.309421897974218;6;21;8.619756525285762;5;3;0;5;3;4;0;16;17;0;0;2;2;12;20;-7.142345868378386;2;13;22;7.201771128708472;4;1;23;1.9260129348463444;25;6;6;1;10;25;5;4;6;2;2;5;5;5;5;24;3;6;1;5;7;0.5327554097370673;4;8;5;3;2;6;2;19;23;-4.7855461444313185;6;6;19
TRACK:580;570;-1;3;5;2;3;6;2;5;4;4;6;15;1;25;3;5;4;11;0;0;0;7;0.24568632784977673;9;3;9;5;0;13;11
TRACK:581;572;-1;4;0;1;3;5;3;3;5;5;4;19;2;3;1;2;1;5;1;14;12;4;1;15;18;0;5;2;11;7;3.5461922740644565;1;1;21;0.276443176785967;24;6;14;6;6;6;3;14;6;4;6;0;3;19;0;2;19;17;3;15;6;4;2;0;0;6;6;1;21;-0.6473332740808146;22;-5.850775617273271;0;1;6;16;4;14;1;0;9;7;3.5790195933415685;5;25;5;4;5;3;12;3;2;2;6;1;25;25;3;6;7;5.523839778025988;6;6;1;17;22;-0.8268369652041174
TRACK:582;574;-1;4;1;2;6;3;3;3;1;6;6;24;5;1;13;13;2;2;5;5;1;0;5;9;4;11;4;6;16;2;4;1;5;4;9;3;5;15;2;6;3;5;14;6;0;6;15;4;9;0;2;4;5;4;6;22;2.668781004306118;4;4;4;2;18;16;1;6;1;6;3;10;2;5;19;6;8;4;6;2;0;13;11;3;20;-4.8449495985512065;6;14
TRACK:583;576;-1;4;1;4;3;0;2;2;1;1;2;19;20;-4.315909514004981;0;8;23;-1.4716771765157006;1;3;19;6;16;1;5;0;18;10;5;1;18;21;-9.734630141758231;2;3;6;0;13;17;4;4;1;25;9;5;6;1;4;6;22;-2.194419395088356;2;1;22;2.455801103225232;17;4;8;6;2;6;1;22;0.8797266953163447;7;-7.499504800177538;5;6;3;6;5;4;19
TRACK:584;578;-1;3;5;2;3;6;2;4;10;1;3;2;3;19;6;22;-0.09105343963666873;3;5;4;11;4;4;3;4;3;0;0;7;5.958716954578682;21;0.7796955439974553;5;25
TRACK:585;571;-1;0;4;4;0;1;4;4;5;5;5;8;5;1;4;1;0;15;23;8.907937028189936;1;18;11;2;3;1;21;1.061984154373829;20;-9.694490377971219;19;0;1;6;5;3;1;7;1.0693035245589944;22;5.084006218078729;5;3;5;4;22;9.58005708025875;0;4;1;6;4;8;6;1;24;12;1;1;6;1;9;8;1;6;21;-8.273241019044923;3;7;-8.391060538168963;6;5;3;25;6;3;5;1;6;2;1;1;4;25;1;19;10;6;3;9;1;2;0;16;20;-8.5472099643956;4;19;2;2;16;15;1;17;20;-4.634237681535372;3;0;0;0;4;25;4;16;4;1;23;3.3563539627139125;12;3;0;2;23;7.989357438711899;20;4.698576697228727;1;21;8.079033760449006;11
TRACK:586;573;-1;4;6;3;1;5;6;6;6;1;2;15;15;6;17;1;1;4;6;5;4;16;2;6;0;2;17;18;5;25;3;1;1;13;15;6;25;6;6;4;5;3;19
TRACK:587;575;-1;4;0;1;3;5;3;3;5;4;0;19;21;-8.749516550026563;2;3;1;2;1;5;6;21;7.768870457903668;4;1;15;18;0;5;2;11;7;3.31711353831174;1;1;21;0.16984832283369714;24;6;14;6;6;6;5;14;6;4;6;0;3;3;9;0;2;19;17;3;15;6;4;2;0;0;6;6;1;21;-0.8476241345576039;22;-5.853617383381144;0;1;6;16;4;14;1;0;9;7;3.448286664033458;5;25;5;4;5;3;12;3;2;2;6;1;25;25;3;6;7;5.703114377192817;6;6;1;17;22;-0.7964012470081507
TRACK:588;577;-1;1;5;3;1;0;4;5;1;2;3;9;5;23;7.185020390513745;1;6;7;0.2660328099884664;3;11;4;6;6;1;6;16;2;22;2.6740472618486377;22;3.5025681200403747;1;0;3;4;6;2;25;10;1;4;6;4;15;5;0;6;22;-9.54945533844826;4;8;0;6;0;6;1;19;23;-3.4960181613634984;0;5;25;1;11;12;4;5;6;3;22;-9.485438376560346;0;6;5;5;6;4;0;3;4;11;4;6;23;3.49236412938519;4;2;0;0;0;2;0;2;14;18;3;18;5;3;7;-7.148562023337218;0;4;6;22;6.924997571667321;3;4;14;4;5;3;0;7;6.806699821491794;20;4.587751493005318;6;5;4;5;1;16;19;2;4;2;6;1;6;14;3;21;9.266687575835757;2;4;0;25;21;7.851691944696716;1;1;17;10;3;17;5;0;4;0;5;24;0;25;9;0;3;5;24;0;2;17;10;0;16;11
TRACK:589;579;-1;1;0;1;0;6;1;6;6;0;0;11;13;0;24;25;2;0;0;1;11;18;5;13;0;5;19;1;16;16;1;0;2;23;-2.241044777015026;11;5;14;6;1;16;13;6;0;2;4;5;4;9;0;6;6;19;5;6;7;-8.007056677262486;6;1;4;2;7;0.10806720866954386;9;2;1;18;24;0;13;16;4;4;5;2;3;1;5;21;8.786406397077366;4;10;5;6;0;10;20;9.600955818582026;0;6;5;2;4;6;6;6;12;4;2;5;2;18;18;2;3;20;-1.2683529800048345;6;21;8.578341058352631;5;3;0;5;3;4;0;16;17;0;0;2;2;12;20;-7.208304175133811;2;13;22;7.3721599518494205;4;1;23;1.9351909420353266;25;6;6;1;10;25;5;4;6;2;2;5;6;0;24;25;3;6;1;5;7;0.5374450094101447;4;8;5;3;2;6;2;19;23;-4.89282452267944;6;6;19
EVAL_INSTANCE:29:0:580
EVAL_INSTANCE:29:1:581
EVAL_INSTANCE:29:2:582
EVAL_INSTANCE:29:3:583
EVAL_INSTANCE:29:4:584
EVAL_INSTANCE:29:5:585
EVAL_INSTANCE:29:6:586
EVAL_INSTANCE:29:7:587
EVAL_INSTANCE:29:8:588
EVAL_INSTANCE:29:9:589
RUN_RESULT:29:0:0:2000:----
RUN_RESULT:29:1:0:2000:----
RUN_RESULT:29:2:0:2000:----
RUN_RESULT:29:3:0:2000:----
RUN_RESULT:29:4:0:2000:----
RUN_RESULT:29:5:0:2000:----
RUN_RESULT:29:6:0:2000:----
RUN_RESULT:29:7:0:2000:----
RUN_RESULT:29:8:0:2000:----
RUN_RESULT:29:9:0:2000:----
    30 |      300 |  0.000000E+00 | -0.000000E+00
TRACK:590;9;3;4;1;2;6;3;3;3;1;6;6;24;5;1;13;13;2;2;5;5;1;0;5;9;4;11;4;6;16;2;4;1;3;3;13;3;5;15;2;6;3;5;14;6;6;2;23;-9.425875259368343;23;6.351964638882649;0;2;4;5;4;6;22;2.665848916495923;4;4;4;2;18;16;1;6;1;6;3;10;2;5;19;6;8;4;6;2;0;13;11;3;20;-4.756331604557056;4;4;2;2;5;1;3;5;14;0;6;21;7.707510668684343;6;14;2;0;4;6;21;6.112383433580128;4;5;24;6;0;3;25;1;9;16;2;0;5;1;0;16;9;6;10;2;4;5;15;4;6;24;6;0;5;6;15;6;1;10;13
TRACK:591;9;3;5;0;5;6;0;5;5;4;6;2;23;-9.425875259368343;23;6.351964638882649;6;2;6;0;0;13;15;2;13;8;0;1;4;14;5;9;2;2;22;-2.8628063595721738;8;3;13;3;0;4;1;3;3;5;6;22;6.502010675018717;2;1;5;0;7;2.951350615301049;22;3.1091386531019545;5;1;8;18;2;2;1;9;10;1;12;21;0.4828827554892712;2;5;7;-5.060335771358783;3;24;0;4;5;2;0;2;23;-5.9151488629807725;17;4;11;4;0;11;25;4;2;4;5;6;19;5;0;3;15;2;13;18
TRACK:592;2;6;4;1;4;3;0;2;2;1;1;2;19;20;-4.142185303395147;0;8;23;-1.4602899930131628;1;3;19;6;16;1;5;0;18;10;5;1;18;21;-9.826680263377368;17;5;6;1;4;6;22;-2.0582719638834;2;1;22;2.6848393667379593;17;4;8;6;2;6;3;0;1;2;1;19;12;3;14;1;3;9;1;7;-7.3461643690864475;14;3;3;3;25;5;6;3;6;5;4;25
TRACK:593;2;6;4;0;1;3;5;3;3;5;5;4;19;2;3;1;2;1;5;1;14;12;4;1;15;18;0;5;2;11;7;3.3949546236874166;1;1;21;0.15781845565135022;24;6;14;6;6;6;5;14;6;4;6;0;3;3;9;0;2;19;17;3;15;6;4;3;19
TRACK:594;8;7;6;4;2;0;4;3;6;1;6;6;11;1;1;23;-6.194829372622004;8;0;23;-6.448084404665872;8;6;4;0;1;3;4;7;-1.796785627472408;2;4;25;1;24;15;3;3;0;24;18;5;3;2;6;6;4;4;10;1;2;4;3;14;2;5;8;3;20;9.74776600337508;1;1;5;12;3;25;5;2;12;15
TRACK:595;8;7;0;4;4;0;1;4;4;5;5;5;8;5;1;4;1;0;15;23;9.010026579099339;4;21;7.603077435577408;2;3;1;21;0.8741299139996013;20;-9.727771496719013;1;5;25;4;8;0;1;6;5;3;1;7;1.1694286702868357;22;4.9607544345329515;5;3;5;4;22;9.67370061750217;0;4;1;6;4;8;6;1;24;23;-6.448084404665872;1;1;6;1;9;8;1;6;21;-8.244041740037652;3;7;-8.343934600877203;6;5;3;25;6;3;5;1;6;2;1;1;4;25;1;19;10;6;3;9;1;2;0;16;20;-8.356452856661015;4;19;2;2;16;15;1;17;20;-4.716407496205484;3;0;0;0;4;25;4;16;4;1;23;3.4058139379531127;12;3;0;2;23;7.997450742602297;20;4.678946297741202;1;21;8.169859715769505;11
TRACK:596;2;0;4;1;4;3;0;2;2;1;1;2;19;20;-4.142185303395147;0;8;23;-1.4602899930131628;1;3;19;6;16;1;5;0;18;10;5;1;18;21;-9.826680263377368;2;3;6;0;13;17;4;4;1;25;9;5;6;1;4;6;22;-2.0582719638834;2;1;22;2.6848393667379593;25;4;8;6;2;6;3;0;1;2;1;19;12;3;14;1;3;9;1;7;-7.3461643690864475;14;3;3;3;25;5;6;3;6;5;4;25
TRACK:597;2;0;4;6;3;1;5;6;6;6;1;2;15;15;6;17;1;1;4;6;5;4;16;2;6;0;2;17;8;5;19;3;1;1;13;15;6;25;6;6;4;5;3;19
TRACK:598;6;8;4;0;1;3;5;3;3;5;5;4;19;2;3;1;2;1;5;1;14;12;4;1;15;18;0;5;2;11;7;3.3949546236874166;1;1;21;0.15781845565135022;24;6;14;6;6;6;5;14;6;4;6;0;3;3;9;0;2;19;17;3;15;6;4;2;20;9.74776600337508;3;2;2;6;1;25;25;3;6;7;5.598869455374256;6;6;1;17;22;-0.8355763743440541
TRACK:599;6;8;6;4;2;0;4;3;6;1;6;6;11;1;1;23;-6.194829372622004;8;0;23;-6.448084404665872;22;-2.585017750253062;6;4;0;1;3;4;7;-1.796785627472408;2;4;25;1;24;15;3;3;0;24;11;5;3;2;6;6;4;4;10;1;2;4;3;14;2;5;8;3;20;9.74776600337508;1;1;5;12;3;25;5;2;12;15
TRACK:600;590;-1;4;1;2;6;3;3;3;1;6;6;24;5;5;10;2;2;5;5;1;0;5;9;4;11;4;6;16;2;4;1;3;3;13;3;5;15;2;6;3;5;14;6;6;2;23;-9.426987189835726;23;6.395255333784451;0;2;4;5;4;6;22;2.522319728477999;4;4;4;2;18;16;1;6;1;6;3;10;2;5;19;6;8;4;6;2;0;13;11;3;20;-4.6652290975998;4;4;2;2;5;1;3;5;14;0;6;21;7.672175185257191;6;14;2;0;4;6;21;6.162784761865015;4;5;24;6;0;3;25;1;9;16;2;0;5;1;0;16;9;6;10;2;4;5;15;4;6;24;6;0;5;6;15;6;1;10;13
TRACK:601;592;-1;4;1;4;3;0;2;2;1;1;2;19;20;-4.0496023648978134;0;8;20;-6.890261505133735;1;3;19;6;16;1;5;0;18;10;5;1;18;21;-9.834505276007562;17;5;6;1;4;6;22;-2.1241868424360693;2;1;22;2.789050281578015;17;4;8;6;2;6;3;0;1;2;1;19;12;3;14;1;3;9;1;7;-7.19526740520998;14;3;3;3;25;5;6;3;6;5;4;25
TRACK:602;594;-1;6;4;2;0;4;3;6;1;6;6;11;1;1;23;-6.366783910071251;8;0;23;-6.452949317575502;8;6;4;0;1;3;4;18;2;4;25;1;24;15;3;3;0;24;18;5;3;2;6;6;4;4;10;1;2;4;3;14;2;5;8;3;20;9.765268062146943;1;1;5;12;3;25;5;2;12;15
TRACK:603;596;-1;4;1;4;3;0;2;2;1;1;2;19;20;-4.208710853988755;0;8;23;-1.5878333319427944;1;3;19;6;16;1;5;0;18;10;5;1;18;21;-9.916554065116754;2;3;6;0;13;17;3;4;5;9;5;6;1;4;6;22;-2.023960238385524;2;1;22;2.736389389109726;25;4;8;6;2;6;3;0;1;2;1;19;12;3;14;1;3;9;1;7;-7.17517579949542;14;3;3;3;25;5;6;3;6;5;4;25
TRACK:604;598;-1;4;0;1;3;5;3;3;5;5;4;19;5;0;11;19;6;4;2;20;9.859348627996976;3;2;2;6;1;25;25;3;6;7;5.535659274644978;6;6;1;17;22;-0.7598275660611391
TRACK:605;591;-1;5;0;5;6;0;5;5;4;6;2;23;-9.554688780222625;23;6.455764791546286;6;2;6;0;0;13;15;2;13;8;0;1;4;14;5;9;2;2;22;-2.8176091190709935;8;3;13;6;5;13
TRACK:606;593;-1;4;0;1;2;2;25;22;-3.3587319774677393;4;17;2;3;1;2;1;5;1;14;12;4;1;15;18;0;5;2;11;7;3.4387023265380634;1;1;21;0.31229618660238967;24;6;14;6;6;6;5;14;6;4;6;0;3;3;9;0;2;19;17;3;15;6;4;3;19
TRACK:607;595;-1;0;4;4;0;1;4;4;5;5;5;8;5;1;4;1;0;15;23;8.945906280125095;4;21;7.54672771709906;2;3;1;21;0.825798012408204;20;-9.741978813292198;1;5;25;4;8;0;1;6;5;3;1;7;1.2261546571861595;22;4.955353777123867;5;3;5;4;22;9.576469682369883;0;4;1;6;4;8;6;1;24;23;-6.484849777765611;1;1;6;1;9;8;1;6;21;-8.194999053320624;3;7;-8.389460590625719;6;5;3;25;6;3;5;1;6;2;1;1;4;25;1;19;10;6;3;9;1;2;0;16;20;-8.368491346556215;4;19;2;2;7;7.019978157418127;15;1;17;20;-4.711549400648116;3;0;0;0;4;25;4;16;4;1;23;3.4676090470789362;12;3;0;2;23;7.883707472199304;20;4.726170767152957;1;21;8.179939141813914;11
TRACK:608;597;-1;4;6;3;1;5;6;6;6;1;2;15;15;6;17;1;1;4;6;5;4;16;2;6;0;1;24;19;5;19;3;1;1;13;15;6;25;6;6;4;5;3;19
TRACK:609;599;-1;6;4;2;0;4;3;6;1;6;6;11;1;1;23;-6.210541448993921;8;0;21;4.715994210868992;22;-2.6895686199806947;6;4;0;1;3;4;7;-1.565320836299391;2;4;25;1;24;15;3;3;0;24;11;5;3;2;6;6;4;4;10;1;2;4;3;14;2;5;8;3;20;9.619018223916852;1;1;5;12;3;25;5;2;12;15
EVAL_INSTANCE:30:0:600
EVAL_INSTANCE:30:1:601
EVAL_INSTANCE:30:2:602
EVAL_INSTANCE:30:3:603
EVAL_INSTANCE:30:4:604
EVAL_INSTANCE:30:5:605
EVAL_INSTANCE:30:6:606
EVAL_INSTANCE:30:7:607
EVAL_INSTANCE:30:8:608
EVAL_INSTANCE:30:9:609
RUN_RESULT:30:0:0:2000:----
RUN_RESULT:30:1:0:2000:----
RUN_RESULT:30:2:0:2000:----
RUN_RESULT:30:3:0:2000:----
RUN_RESULT:30:4:0:2000:----
RUN_RESULT:30:5:0:2000:----
RUN_RESULT:30:6:0:2000:----
RUN_RESULT:30:7:0:2000:----
RUN_RESULT:30:8:0:2000:----
RUN_RESULT:30:9:0:2000:----
    31 |      310 |  0.000000E+00 | -0.000000E+00
TRACK:610;2;5;4;1;4;3;0;2;2;1;1;2;19;20;-4.142185303395147;0;22;-9.58565805499974;23;-1.4602899930131628;1;3;19;6;16;1;5;0;18;10;5;1;18;21;-9.826680263377368;2;3;6;0;13;17;4;4;1;25;9;5;6;1;4;6;22;-2.0582719638834;2;1;22;2.6848393667379593;17;4;8;6;2;6;3;0;1;2;1;19;12;3;14;1;3;9;1;7;-7.3461643690864475;14;3;3;3;25;5;6;3;6;5;4;25
TRACK:611;2;5;1;5;3;1;0;4;5;1;2;3;9;5;23;7.309737645474968;1;6;7;0.3218028824642367;3;11;4;6;6;1;6;16;2;7;-5.854091696762859;22;3.66350285320285;1;0;3;4;6;2;25;10;1;4;6;4;15;5;0;6;22;-9.58565805499974;4;8;0;6;0;6;1;19;23;-3.587308483082352;0;5;25;1;11;12;4;5;6;3;22;-9.350739913168448;0;6;5;5;6;4;0;3;4;11;4;6;23;3.393492578825029;4;2;0;0;0;2;0;2;14;18;3;18;5;3;7;-7.279508601903622;0;4;6;22;6.945105059765922;3;4;14;4;5;3;0;20;-2.748115565306861;20;4.594253372334986;6;5;4;5;1;16;19;2;4;2;6;1;3;25;3;21;9.356815312735755;2;4;0;25;21;7.75724703552433;1;1;17;10;3;17;5;0;4;0;5;24;0;25;9;0;3;5;24;0;2;17;10;0;16;11
TRACK:612;1;3;1;0;1;0;6;1;6;6;0;0;11;13;0;24;25;2;0;0;1;11;18;5;13;0;5;19;1;16;16;1;0;2;23;-2.2571701295058633;11;5;14;6;1;16;13;6;0;2;4;5;4;9;0;6;6;19;5;6;7;-8.027529548669474;6;1;4;2;7;0.07010987965106708;9;2;1;18;14;0;13;16;4;4;5;2;3;1;5;21;8.72293539427383;4;10;5;6;0;10;20;9.760890453417513;0;6;5;2;4;6;6;6;12;4;2;5;2;18;18;2;3;20;-1.309421897974218;6;21;8.619756525285762;5;3;0;5;3;4;0;16;17;0;0;2;2;12;20;-7.142345868378386;2;23;-9.425875259368343;23;6.351964638882649;4;1;23;1.9260129348463444;25;6;6;1;10;25;5;4;6;2;2;5;5;5;5;24;3;6;1;5;7;0.5327554097370673;4;8;5;3;2;6;2;19;23;-4.7855461444313185;6;6;19
TRACK:613;1;3;5;0;5;6;0;5;5;4;6;2;23;-9.425875259368343;23;6.351964638882649;6;2;6;0;0;22;-5.7053140582007185;15;2;13;8;0;1;4;14;5;9;2;2;22;-2.8628063595721738;8;3;13;3;0;4;1;3;3;5;6;22;6.502010675018717;2;1;5;0;7;2.951350615301049;22;3.1091386531019545;5;1;8;18;2;2;9;1;12;21;0.4828827554892712;2;5;7;-5.060335771358783;3;24;0;4;5;2;0;2;23;-5.9151488629807725;17;4;11;4;0;11;25;4;2;4;5;6;19;5;0;3;15;2;13;18
TRACK:614;7;2;0;4;4;0;1;4;4;5;5;5;8;5;1;4;1;0;15;23;9.010026579099339;6;22;-2.0582719638834;2;3;1;21;0.8741299139996013;20;-9.727771496719013;1;5;25;4;8;0;1;6;5;3;1;7;1.1694286702868357;22;4.9607544345329515;5;3;5;4;22;9.67370061750217;0;4;1;6;4;8;6;1;24;12;1;1;6;1;9;8;1;6;21;-8.244041740037652;3;7;-8.343934600877203;6;5;3;25;6;3;5;1;6;2;1;1;4;25;1;19;10;6;3;9;1;2;0;16;20;-8.356452856661015;4;19;2;2;16;15;1;17;20;-4.716407496205484;3;0;0;0;4;25;4;16;4;1;23;3.4058139379531127;12;3;0;2;23;7.997450742602297;20;4.678946297741202;1;21;8.169859715769505;11
TRACK:615;7;2;4;1;4;3;0;2;4;16;2;3;6;0;13;17;4;4;1;25;9;5;6;1;4;6;22;-2.0582719638834;2;1;22;2.6848393667379593;17;4;8;6;2;6;3;0;1;2;1;19;12;3;14;1;3;9;1;7;-7.3461643690864475;14;3;3;3;25;5;6;3;6;5;4;25
TRACK:616;8;6;6;4;2;0;4;3;6;1;6;6;11;1;1;23;-6.194829372622004;8;0;23;-6.448084404665872;22;-2.585017750253062;6;4;0;1;3;4;7;-1.796785627472408;2;4;25;1;24;15;3;3;0;24;18;5;3;2;6;16;1;2;4;3;14;2;5;8;3;20;9.74776600337508;1;1;5;12;3;25;5;2;12;15
TRACK:617;8;6;4;0;1;3;5;3;3;5;5;4;19;2;3;1;2;1;5;1;14;12;4;1;15;18;0;5;2;11;7;3.3949546236874166;1;1;21;0.15781845565135022;24;6;14;15;6;4;6;0;3;3;9;0;2;19;17;3;15;6;4;2;0;0;6;6;1;21;-0.8411316608662993;22;-5.721673982302146;0;1;6;16;4;14;1;0;9;7;3.452318748288228;5;25;5;4;5;3;12;3;2;2;6;1;25;25;3;6;7;5.598869455374256;6;6;1;17;22;-0.8355763743440541
TRACK:618;7;9;0;4;4;0;1;4;4;5;5;5;8;5;1;4;1;0;15;23;9.010026579099339;4;21;7.603077435577408;2;3;1;21;0.8741299139996013;20;-9.727771496719013;1;5;25;4;8;0;1;6;5;3;1;7;1.1694286702868357;22;4.9607544345329515;5;3;5;4;22;9.67370061750217;0;4;1;6;4;8;6;1;24;12;1;1;6;1;9;8;1;6;21;-8.244041740037652;3;7;-8.343934600877203;6;5;3;25;6;3;5;1;6;2;1;1;4;25;1;19;10;6;3;9;1;2;0;16;20;-8.356452856661015;4;19;3;5;15;3;0;0;0;4;25;4;16;4;1;23;3.4058139379531127;12;3;0;2;23;7.997450742602297;20;4.678946297741202;1;21;8.169859715769505;11
TRACK:619;7;9;4;1;2;6;3;3;3;1;6;6;24;5;1;13;13;2;2;5;5;1;0;5;9;4;11;4;6;16;2;4;1;3;3;13;3;5;15;2;6;3;5;14;6;0;6;15;4;9;0;8;1;6;1;6;3;10;2;5;19;6;8;4;6;2;0;13;11;3;20;-4.756331604557056;4;4;2;2;5;1;3;5;14;0;6;21;7.707510668684343;6;14;2;0;4;6;21;6.112383433580128;4;5;24;6;0;3;25;1;9;16;2;0;5;1;0;16;9;6;10;2;4;5;15;4;6;24;6;0;5;6;15;6;1;10;13
TRACK:620;610;-1;4;1;4;3;0;2;2;1;1;2;19;20;-4.2837032295581;0;22;-9.46897672607476;23;-1.5169036903343853;1;3;19;6;16;1;5;0;18;10;5;1;18;21;-9.707544729431245;2;3;6;0;13;17;4;4;1;25;9;5;6;1;4;6;22;-2.0222149467794486;2;1;22;2.7492684137267216;17;4;8;6;2;0;1;5;0;2;8;10;6;8;2;0;6;13;2;21;1.1843618716380089;23;6.808286949092128;5;4;9;5;4;4;1;17;25;5;6;3;6;5;4;25
TRACK:621;612;-1;1;0;1;0;6;1;6;6;0;0;11;13;0;24;25;2;0;0;1;11;18;5;13;0;5;19;1;16;16;1;0;2;23;-2.1308743028447643;11;5;14;6;1;16;13;6;0;2;4;5;4;9;0;6;6;19;5;6;7;-8.250837810285619;6;1;4;2;7;0.14814461864520834;9;2;1;18;9;0;13;16;4;4;5;2;3;1;5;21;8.782067138104166;4;10;5;6;0;10;20;9.72279375923609;0;6;5;2;4;6;6;6;12;4;2;5;2;18;18;2;3;20;-1.334378187751584;6;21;8.619894498905726;5;3;0;5;3;4;0;16;17;0;0;2;2;12;20;-7.169735151178871;2;23;-9.517789427377657;23;6.311922389108788;4;1;23;1.8920342923386761;25;6;6;1;10;25;5;4;6;2;2;5;5;5;5;24;3;6;1;5;7;0.4947829268021169;4;8;5;3;2;6;2;19;23;-4.7985410753950255;6;6;19
TRACK:622;614;-1;0;4;4;0;1;4;4;5;5;5;8;5;1;4;1;0;15;23;9.069319108404027;6;22;-1.9309537717373877;2;3;1;21;0.9512649161399087;20;-9.595010620906361;1;5;25;4;8;0;1;6;5;3;1;7;1.4104568283644958;22;4.911396790579973;5;3;5;4;22;9.654708114267104;0;4;1;6;4;8;6;1;24;12;1;1;6;1;9;8;1;6;21;-8.327943414913234;3;18;6;5;3;25;6;3;5;1;6;2;1;1;4;25;1;19;10;6;3;9;1;2;0;16;20;-8.249827875001388;4;19;2;2;16;15;1;17;20;-4.72877441270123;3;0;0;0;4;25;4;16;4;1;23;3.399264406879542;12;3;0;2;23;8.089937341566829;20;4.625880548380221;1;21;8.097888458687908;11
TRACK:623;616;-1;6;4;2;0;4;3;6;1;6;6;11;1;1;23;-6.109679468868468;8;0;23;-6.234219261455695;22;-2.4248209616308003;6;4;0;1;3;4;7;-1.7817936960566756;2;4;25;1;24;15;3;3;0;24;18;5;3;2;6;16;1;2;4;3;14;2;5;8;3;20;9.728736251374105;1;1;5;12;3;25;5;2;24;15
TRACK:624;618;-1;0;4;4;0;1;4;4;5;5;5;8;5;1;4;1;0;15;23;8.985118003320276;4;21;7.57652907811715;2;3;1;21;1.0255346894264916;20;-9.799027451325033;1;20;6.490307904561593;8;0;1;6;5;3;1;7;1.109550396961036;22;4.873308181975381;5;3;5;4;22;9.93368687946261;0;4;1;6;4;8;6;1;24;12;1;1;6;1;9;8;1;6;21;-8.339022115828683;3;7;-8.40898599362868;6;5;3;25;6;3;5;1;6;2;1;1;4;25;1;19;10;6;3;9;1;2;0;16;20;-8.3012777744012;4;19;3;5;15;3;0;0;0;4;25;4;16;4;1;23;3.409685086166724;12;3;0;2;23;7.989877001731403;20;4.805296538385088;1;21;8.164597369695771;11
TRACK:625;611;-1;1;5;3;1;0;4;5;1;2;3;9;5;23;7.246654470669883;1;6;7;0.35028145053872306;3;11;4;6;6;1;6;16;2;7;-5.842183994529908;22;3.7148945010411576;1;0;3;4;6;2;25;10;1;4;6;4;15;5;0;6;22;-9.51837185586298;4;8;0;6;0;6;1;19;23;-3.5245247482763755;0;5;25;1;11;12;4;5;6;3;22;-9.411636235104961;0;6;5;5;6;4;0;3;4;11;4;6;23;3.3812644053205263;4;2;0;0;0;2;0;2;14;18;3;18;5;3;7;-7.263382071527056;0;4;6;22;6.881229564849305;3;4;14;4;6;6;1;10;9;6;5;4;5;1;16;19;2;4;2;6;1;3;25;3;21;9.146846487111832;2;4;0;25;21;7.743509023852169;1;1;17;10;3;17;5;0;4;0;5;24;0;25;9;0;3;5;24;0;2;17;10;0;16;11
TRACK:626;613;-1;5;0;5;6;0;5;5;4;6;2;23;-9.475922045941637;23;6.3527310873924625;6;2;6;0;0;22;-5.456129847413778;15;2;13;8;4;2;2;15;24;4;7;0.8815858751957446;3;0;4;1;3;3;5;6;22;6.277709824813316;2;1;5;0;7;3.082055451379968;22;3.238356814141353;5;1;8;18;2;2;9;1;12;21;0.48224565512258344;2;5;7;-5.180880651108843;3;24;0;4;5;2;0;2;23;-5.975526293000809;17;4;11;4;0;11;25;4;2;4;5;6;19;5;0;3;15;2;13;18
TRACK:627;615;-1;4;1;4;3;0;2;4;16;2;3;6;0;13;24;4;4;1;25;9;5;6;1;4;6;22;-2.0582029052861985;2;1;22;2.615437795226496;17;4;8;6;2;6;3;0;1;2;1;19;12;3;14;1;3;9;1;7;-7.24413013116787;14;3;3;3;25;5;6;3;6;5;4;25
TRACK:628;617;-1;4;0;1;3;5;3;3;5;5;4;19;2;3;1;2;1;5;1;14;12;4;1;15;18;0;5;2;11;7;3.447364700055344;1;1;21;0.20680413736636113;24;6;14;15;6;4;6;0;3;3;9;0;2;19;17;3;15;6;4;2;0;0;6;6;1;21;-0.8916515277244677;22;-5.642810763233746;0;1;6;16;4;14;1;0;9;7;3.549884704059217;5;25;5;4;5;3;12;3;2;2;6;1;25;25;3;6;7;5.646567735900565;6;6;2;23;-6.2581039175968804;22;6.539698390685139
TRACK:629;619;-1;4;1;2;6;3;3;3;1;6;6;24;5;1;16;21;-9.311274903232672;2;2;5;5;1;0;5;9;4;11;4;6;16;2;4;1;3;3;13;3;5;15;2;6;3;5;14;6;0;6;15;4;9;0;8;1;6;1;6;3;10;2;5;19;6;8;4;6;2;0;13;11;3;20;-4.6774788499097495;4;4;2;2;5;1;3;5;14;0;6;21;7.70406527411279;6;14;2;0;4;6;21;6.068078724697374;4;5;24;6;0;3;25;1;9;16;2;0;5;1;0;16;9;6;10;2;4;5;15;4;6;24;6;0;5;6;15;6;1;10;13
EVAL_INSTANCE:31:0:620
EVAL_INSTANCE:31:1:621
EVAL_INSTANCE:31:2:622
EVAL_INSTANCE:31:3:623
EVAL_INSTANCE:31:4:624
EVAL_INSTANCE:31:5:625
EVAL_INSTANCE:31:6:626
EVAL_INSTANCE:31:7:627
EVAL_INSTANCE:31:8:628
EVAL_INSTANCE:31:9:629
RUN_RESULT:31:0:0:2000:----
RUN_RESULT:31:1:0:2000:----
RUN_RESULT:31:2:0:2000:----
RUN_RESULT:31:3:0:2000:----
RUN_RESULT:31:4:0:2000:----
RUN_RESULT:31:5:0:2000:----
RUN_RESULT:31:6:0:2000:----
RUN_RESULT:31:7:0:2000:----
RUN_RESULT:31:8:0:2000:----
RUN_RESULT:31:9:0:2000:----
    32 |      320 |  0.000000E+00 | -0.000000E+00
TRACK:630;6;2;4;0;1;3;5;3;3;5;5;4;19;2;3;1;2;1;5;1;14;12;4;1;15;18;0;5;2;11;7;3.3949546236874166;1;1;21;0.15781845565135022;24;6;14;6;12;6;4;6;0;3;3;9;0;2;19;17;3;15;6;4;2;0;0;6;6;1;21;-0.8411316608662993;22;-5.721673982302146;0;1;6;16;4;14;1;0;9;7;3.452318748288228;5;25;5;4;5;3;12;3;2;2;6;1;25;25;3;6;7;5.598869455374256;6;6;1;17;22;-0.8355763743440541
TRACK:631;6;2;4;1;4;3;0;2;2;1;1;2;19;20;-4.142185303395147;0;8;23;-1.4602899930131628;1;3;19;6;16;1;5;0;18;10;5;1;18;21;-9.826680263377368;2;3;6;0;13;17;4;4;1;25;9;5;6;1;4;6;22;-2.0582719638834;2;1;22;2.6848393667379593;15;4;8;6;2;6;3;0;1;2;1;19;12;3;14;1;3;9;1;7;-7.3461643690864475;14;3;3;3;25;5;6;3;6;5;4;25
TRACK:632;9;5;4;1;2;6;3;3;3;1;6;6;24;5;1;13;13;2;2;5;5;1;0;5;9;4;11;4;6;16;2;4;1;3;3;13;3;5;15;2;6;3;5;14;6;0;6;15;4;9;0;2;4;5;4;6;22;2.665848916495923;4;4;4;2;18;16;1;6;1;6;3;10;2;5;19;6;8;4;6;2;0;13;11;3;20;-4.756331604557056;4;4;2;2;5;1;3;5;14;0;6;21;7.707510668684343;6;14;2;0;4;6;21;6.112383433580128;4;5;24;6;0;3;22;6.945105059765922;1;9;16;2;0;5;1;0;16;9;6;10;2;4;5;15;4;6;24;6;0;5;6;15;6;1;10;13
TRACK:633;9;5;1;5;3;1;0;4;5;1;2;3;9;5;23;7.309737645474968;1;6;7;0.3218028824642367;3;11;4;6;6;1;6;16;2;7;-5.854091696762859;22;3.66350285320285;1;0;3;4;6;2;25;10;1;4;6;4;15;5;0;6;22;-9.58565805499974;4;8;0;6;0;6;1;19;23;-3.587308483082352;0;5;25;1;11;12;4;5;6;3;22;-9.350739913168448;0;6;5;5;6;4;0;3;4;11;4;6;23;3.393492578825029;4;2;0;0;0;2;0;2;14;18;3;18;5;3;7;-7.279508601903622;0;4;6;22;6.945105059765922;3;4;14;4;5;3;0;20;-2.748115565306861;20;4.594253372334986;6;5;4;5;1;16;19;2;4;2;6;1;6;14;3;11;2;4;0;25;21;7.75724703552433;1;1;17;10;3;17;5;0;4;0;5;24;0;25;9;0;3;5;24;0;2;17;10;0;16;11
TRACK:634;8;0;6;4;2;0;4;3;6;1;6;6;11;1;1;23;-6.194829372622004;8;0;23;-6.448084404665872;18;6;4;0;1;3;4;7;-1.796785627472408;2;4;25;1;24;15;3;3;0;24;18;5;3;2;6;6;4;4;10;1;2;4;3;14;2;5;8;3;20;9.74776600337508;1;1;5;12;3;25;5;2;12;15
TRACK:635;8;0;4;6;3;1;5;6;6;6;1;2;15;15;6;17;1;1;4;6;5;4;16;2;6;0;2;17;18;5;19;3;1;14;6;25;6;6;4;5;3;19
TRACK:636;7;6;0;4;4;0;1;4;4;5;5;5;8;5;1;4;1;0;15;23;9.010026579099339;4;21;7.603077435577408;2;3;1;21;0.8741299139996013;20;-9.727771496719013;1;5;25;4;8;0;1;15;5;3;5;4;22;9.67370061750217;0;4;1;6;4;8;6;1;24;12;1;1;6;1;9;8;1;6;21;-8.244041740037652;3;7;-8.343934600877203;6;5;3;25;6;3;5;1;6;2;1;1;4;25;1;19;10;6;3;9;1;2;0;16;20;-8.356452856661015;4;19;2;2;16;15;1;17;20;-4.716407496205484;3;0;0;0;4;25;4;16;4;1;23;3.4058139379531127;12;3;0;2;23;7.997450742602297;20;4.678946297741202;1;21;8.169859715769505;11
TRACK:637;7;6;4;0;1;3;5;3;25;2;3;1;2;1;5;1;14;12;4;1;15;18;0;5;2;11;7;3.3949546236874166;1;1;21;0.15781845565135022;24;6;14;6;6;6;5;14;6;4;6;0;3;3;9;0;2;19;17;3;15;6;4;2;0;0;6;6;1;21;-0.8411316608662993;22;-5.721673982302146;0;1;6;16;4;14;1;0;9;7;3.452318748288228;5;25;5;4;5;3;12;3;2;2;6;1;25;25;3;6;7;5.598869455374256;6;6;1;17;22;-0.8355763743440541
TRACK:638;3;1;5;0;5;6;0;5;5;4;6;2;23;-9.425875259368343;23;6.351964638882649;6;2;6;0;0;22;-5.7053140582007185;15;2;13;8;0;1;4;14;5;9;2;2;22;-2.8628063595721738;8;3;13;3;0;4;1;3;3;5;6;22;6.502010675018717;2;1;5;0;7;2.951350615301049;22;3.1091386531019545;5;1;8;18;2;2;1;9;10;1;12;21;0.4828827554892712;2;5;7;-5.060335771358783;3;24;0;4;5;2;0;2;23;-5.9151488629807725;17;4;11;4;0;11;25;4;2;2;7;0.07010987965106708;9;5;0;3;15;2;13;18
TRACK:639;3;1;1;0;1;0;6;1;6;6;0;0;11;13;0;24;25;2;0;0;1;11;18;5;13;0;5;19;1;16;16;1;0;2;23;-2.2571701295058633;11;5;14;6;1;16;13;6;0;2;4;5;4;9;0;6;6;19;5;6;7;-8.027529548669474;6;1;4;2;7;0.07010987965106708;9;2;1;18;14;0;13;16;4;4;5;2;5;9;5;6;0;10;20;9.760890453417513;0;6;5;2;4;6;6;6;12;4;2;5;2;18;18;2;3;20;-1.309421897974218;6;21;8.619756525285762;5;3;0;5;3;4;0;16;17;0;0;2;2;12;20;-7.142345868378386;2;13;22;7.201771128708472;4;1;23;1.9260129348463444;25;6;6;1;10;25;5;4;6;2;2;5;5;5;5;24;3;6;1;5;7;0.5327554097370673;4;8;5;3;2;6;2;19;23;-4.7855461444313185;6;6;19
TRACK:640;630;-1;4;0;0;0;5;2;6;5;4;20;2.6295550016642935;6;5;0;23;5.275615787679692;17;5;5;0;2;1;20;-6.003311112287754;12;4;14;1;1;9;7;4.488233437215234;1;14;9;6;4;2;5;3;0;8;23;3.1979369104354056;1;1;2;15;12;2;22;-5.417572506573962;18;2;5;15;5;10;1;5;4;3;1;3;0;19;22;-1.1063505901892192;5;5;12;5;1;6;2;2;2;19;16;5;9;5;3;11;6;4;0;5;18;6;21;0.23089973423086896
TRACK:641;632;-1;4;1;2;6;3;3;3;1;6;6;24;5;1;13;13;2;2;5;5;1;0;5;9;4;11;4;6;13;2;4;1;3;3;13;3;5;15;2;6;3;5;14;6;0;6;15;4;9;0;2;4;5;4;6;22;2.6200236247116946;4;4;4;2;18;16;1;6;1;6;3;10;2;5;19;6;8;4;6;2;0;13;11;3;20;-4.56926236085914;4;4;2;2;5;1;3;5;14;0;6;21;7.769687163116977;6;14;2;0;4;6;21;6.052795742423362;4;5;24;6;0;3;22;6.894521023824247;1;9;16;2;0;5;1;0;16;9;6;10;2;4;5;15;4;6;24;6;0;5;6;15;6;1;10;13
TRACK:642;634;-1;6;4;2;0;4;3;6;1;6;6;11;1;1;23;-6.087750910012198;8;0;23;-6.5907035770452564;18;6;4;0;2;10;22;4.885524647624212;3;3;0;24;18;5;3;2;6;6;4;4;10;1;2;4;3;14;2;5;8;3;20;9.608540977634535;1;1;5;12;3;25;5;2;12;15
TRACK:643;636;-1;0;4;4;0;1;4;4;5;5;5;8;3;10;0;1;15;5;3;5;4;22;9.70667022573807;0;4;1;6;4;8;6;1;24;12;1;1;6;1;9;8;1;6;21;-8.365580452269707;3;7;-8.51394286103091;6;5;3;25;6;3;5;1;6;2;1;1;4;25;1;19;10;6;3;9;1;2;0;16;20;-8.249046818194158;4;19;2;2;16;15;1;17;20;-4.736098245953849;3;0;0;0;4;25;4;16;4;1;23;3.4108908681928645;12;3;0;2;23;8.085425789485809;20;4.7598088173205975;1;21;8.156347779447545;11
TRACK:644;3;-1;5;0;5;6;0;5;5;4;6;2;23;-9.433208785198246;23;6.3466980258115715;6;2;6;0;0;12;15;2;13;8;0;1;4;14;5;9;2;2;22;-2.847498972069472;8;3;13;3;0;4;1;3;3;5;6;22;6.553822806072835;2;1;5;0;7;2.8314569208452967;22;3.271102178435651;5;1;8;18;2;2;1;9;10;1;12;21;0.4721543351140577;2;5;7;-4.898518551186764;3;24;0;4;5;2;0;2;23;-5.842116682379878;17;4;11;4;0;11;25;4;2;4;5;6;19;5;0;3;15;2;13;18
TRACK:645;631;-1;4;1;4;3;0;2;2;1;1;2;19;20;-4.206671242725611;0;8;23;-1.5817263680526645;1;3;19;6;16;1;5;0;18;10;5;1;18;21;-9.781143054178008;2;3;6;0;13;17;4;4;1;25;9;5;6;1;4;6;22;-2.092968620712925;2;1;22;2.5068812848870308;15;4;8;5;4;0;7;-7.798504336705352;10
TRACK:646;633;-1;1;5;3;1;0;4;5;1;2;3;9;5;23;7.3132365165075495;1;6;7;0.32561863509688027;3;11;4;6;6;1;6;16;2;7;-5.997795143671338;22;3.532285188386825;1;0;3;4;6;2;25;10;1;4;6;4;15;5;0;6;22;-9.57518162048875;4;8;0;6;0;6;1;19;23;-3.5063361135569178;5;19;4;5;6;3;22;-9.410984956125343;0;6;5;5;6;4;0;3;4;11;4;6;23;3.3841978857466346;4;2;0;0;0;2;0;2;14;18;3;18;5;3;7;-7.3839029173718185;0;4;6;22;7.006478441922948;3;4;14;4;5;3;0;20;-2.697422478098894;20;4.5594502218265145;6;5;4;5;1;16;19;2;4;2;6;1;6;14;3;11;2;4;0;25;21;7.885194811921697;1;1;17;10;3;17;5;0;4;0;5;24;0;25;9;0;3;5;24;0;2;17;10;0;16;11
TRACK:647;635;-1;4;6;3;1;5;6;6;6;1;2;15;15;6;17;1;1;1;0;23;2.382383955557863;10;2;8;10;2;6;0;2;17;18;5;19;3;1;14;6;25;6;6;4;5;3;19
TRACK:648;637;-1;4;0;1;0;2;3;11;0;21;4.849555350151061;17;5;4;14;2;3;1;2;1;5;1;14;12;4;1;15;18;0;5;2;11;7;3.2535141556986136;1;1;21;0.1425206320148496;24;6;14;6;6;6;5;14;6;4;6;0;3;3;9;0;2;19;17;3;15;6;4;2;0;0;6;6;1;21;-0.792741345189099;22;-5.823654270554577;0;1;6;16;4;14;1;0;9;7;3.5296388807196197;5;25;5;4;5;3;12;3;2;2;6;1;25;25;3;6;7;5.708174765618475;6;6;1;17;22;-0.7923973219571838
TRACK:649;1;-1;1;0;1;0;6;1;6;6;0;0;11;13;0;24;25;2;0;0;1;11;18;5;13;0;5;19;1;16;16;1;0;2;23;-2.2773922261645736;11;5;14;6;1;16;13;6;0;2;4;5;4;9;0;6;6;19;5;6;7;-8.019587062773919;6;1;4;2;7;-0.00815562726609631;9;2;1;18;14;0;13;16;4;4;5;2;3;1;5;21;8.66708025812321;4;10;5;6;0;10;20;9.682720397735505;0;6;5;2;4;6;6;6;12;4;2;5;2;18;18;2;3;20;-1.2528123261053234;6;21;8.495936515622972;5;3;0;5;3;4;0;16;17;0;0;2;2;12;20;-7.0269780362642695;2;13;22;7.116124463062716;4;1;23;1.9425465378238547;25;6;6;1;10;9;5;4;6;2;2;5;5;5;5;24;3;6;1;5;7;0.3072275101821062;4;8;5;3;2;6;2;19;23;-4.845910793539216;6;6;19
EVAL_INSTANCE:32:0:640
EVAL_INSTANCE:32:1:641
EVAL_INSTANCE:32:2:642
EVAL_INSTANCE:32:3:643
EVAL_INSTANCE:32:4:644
EVAL_INSTANCE:32:5:645
EVAL_INSTANCE:32:6:646
EVAL_INSTANCE:32:7:647
EVAL_INSTANCE:32:8:648
EVAL_INSTANCE:32:9:649
RUN_RESULT:32:0:0:2000:----
RUN_RESULT:32:1:0:2000:----
RUN_RESULT:32:2:0:2000:----
RUN_RESULT:32:3:0:2000:----
RUN_RESULT:32:4:0:2000:----
RUN_RESULT:32:5:0:2000:----
RUN_RESULT:32:6:0:2000:----
RUN_RESULT:32:7:0:2000:----
RUN_RESULT:32:8:0:2000:----
RUN_RESULT:32:9:0:2000:----
    33 |      330 |  0.000000E+00 | -0.000000E+00
TRACK:650;7;0;0;4;4;0;1;4;2;17;18;5;1;4;1;0;15;23;9.010026579099339;4;21;7.603077435577408;2;3;1;21;0.8741299139996013;20;-9.727771496719013;1;5;25;4;8;0;1;6;5;3;1;7;1.1694286702868357;22;4.9607544345329515;5;3;5;4;22;9.67370061750217;0;4;1;6;4;8;6;1;24;12;1;1;6;1;9;8;1;6;21;-8.244041740037652;3;7;-8.343934600877203;6;5;3;25;6;3;5;1;6;2;1;1;4;25;1;19;10;6;3;9;1;2;0;16;20;-8.356452856661015;4;19;2;2;16;15;1;17;20;-4.716407496205484;3;0;0;0;4;25;4;16;4;1;23;3.4058139379531127;12;3;0;2;23;7.997450742602297;20;4.678946297741202;1;21;8.169859715769505;11
TRACK:651;7;0;4;0;0;4;25;4;16;4;1;23;3.4058139379531127;12
TRACK:652;8;2;6;4;2;0;4;3;6;1;6;6;11;1;1;23;-6.194829372622004;8;0;23;-6.448084404665872;22;-2.585017750253062;6;4;0;1;3;4;7;-1.796785627472408;2;4;25;1;24;15;3;3;0;24;18;5;3;2;6;6;4;4;10;1;2;4;3;14;2;5;8;3;20;9.74776600337508;1;1;5;12;3;23;-1.4602899930131628;5;2;12;15
TRACK:653;8;2;4;1;4;3;0;2;2;1;1;1;23;-6.194829372622004;8;0;23;-6.448084404665872;22;-2.585017750253062;1;3;19;6;16;1;5;0;18;10;5;1;18;21;-9.826680263377368;2;3;6;0;13;17;4;4;1;25;9;5;6;1;4;6;22;-2.0582719638834;2;1;22;2.6848393667379593;17;4;8;6;2;6;3;0;1;2;1;19;12;3;14;1;3;9;1;7;-7.3461643690864475;14;3;3;3;25;5;6;3;6;5;4;25
TRACK:654;6;2;4;0;1;3;5;3;3;5;5;4;19;2;3;1;2;1;5;1;14;12;4;1;15;18;0;5;2;11;7;3.3949546236874166;1;1;21;0.15781845565135022;24;6;14;6;6;6;5;14;6;4;6;0;3;3;9;0;2;19;17;3;15;6;4;2;0;0;6;6;1;21;-0.8411316608662993;22;-5.721673982302146;0;1;6;16;4;14;1;0;9;7;3.452318748288228;5;25;5;4;5;3;12;3;2;2;6;1;25;9;3;6;7;5.598869455374256;6;6;1;17;22;-0.8355763743440541
TRACK:655;6;2;4;1;4;3;0;2;2;1;1;2;21;-0.8411316608662993;20;-4.142185303395147;0;8;23;-1.4602899930131628;1;3;19;6;16;1;5;0;18;10;5;1;18;21;-9.826680263377368;2;3;6;0;13;17;4;4;1;25;9;5;6;1;4;6;22;-2.0582719638834;2;1;22;2.6848393667379593;17;4;8;6;2;6;3;0;1;2;1;19;12;3;14;1;3;9;1;7;-7.3461643690864475;14;3;3;3;25;5;6;3;6;5;4;25
TRACK:656;6;5;4;0;1;3;5;3;3;5;5;4;19;2;3;1;2;1;5;1;14;12;4;1;15;18;0;5;2;11;7;3.3949546236874166;1;1;22;-9.58565805499974;24;6;14;6;6;6;5;14;6;4;6;0;3;3;9;0;2;19;17;3;15;6;4;2;0;0;6;6;1;21;-0.8411316608662993;22;-5.721673982302146;0;1;6;16;4;14;1;0;9;7;3.452318748288228;5;25;5;4;5;3;12;3;2;2;6;1;25;25;3;6;7;5.598869455374256;6;6;1;17;22;-0.8355763743440541
TRACK:657;6;5;1;5;3;1;0;4;5;1;2;3;9;5;23;7.309737645474968;1;6;7;0.3218028824642367;3;11;4;6;6;1;6;16;2;7;-5.854091696762859;22;3.66350285320285;1;0;3;4;6;2;25;10;1;4;6;4;15;5;0;6;22;-9.58565805499974;4;8;0;6;0;6;1;19;23;-3.587308483082352;0;5;25;1;11;12;4;5;6;3;22;-9.350739913168448;0;6;5;5;6;4;0;3;4;11;4;6;23;3.393492578825029;4;2;0;0;0;2;0;2;14;18;3;18;5;3;7;-7.279508601903622;0;4;6;22;6.945105059765922;3;4;14;4;5;3;0;20;-2.748115565306861;20;4.594253372334986;6;5;4;5;1;16;19;2;4;2;6;1;6;14;3;21;9.356815312735755;2;4;0;25;21;7.75724703552433;1;1;17;10;3;17;5;0;4;0;5;24;0;25;9;0;4;1;15;18;0;2;17;10;0;16;11
TRACK:658;4;3;3;5;2;3;6;2;5;4;5;0;7;2.951350615301049;22;3.1091386531019545;1;3;2;3;19;6;22;-0.03499774720603632;3;5;4;11;4;4;3;4;3;0;3;24;5;25
TRACK:659;4;3;5;0;5;6;0;5;5;4;6;2;23;-9.425875259368343;23;6.351964638882649;6;2;6;0;0;22;-5.7053140582007185;15;2;13;8;0;1;4;14;5;9;2;2;22;-2.8628063595721738;8;3;13;3;0;4;1;3;3;5;6;22;6.502010675018717;2;1;5;0;7;2.951350615301049;22;3.1091386531019545;5;1;8;18;2;2;1;9;10;1;12;21;0.4828827554892712;2;5;7;-5.060335771358783;3;24;0;4;5;3;5;4;11;4;2;4;5;6;19;5;0;3;15;2;13;18
TRACK:660;7;-1;0;4;4;0;1;4;4;5;5;5;8;5;1;4;1;0;15;23;9.060012324746989;4;21;7.536293357965432;2;3;1;21;0.8369020326787361;20;-9.801008989517264;1;5;25;4;8;0;1;6;5;3;1;7;1.2098829162197418;22;4.887885094149779;5;3;5;4;22;9.659626838153782;0;4;1;6;4;8;6;1;24;12;1;1;6;1;9;8;1;6;21;-8.415656174338393;3;7;-8.141352445598216;6;5;3;25;6;3;5;1;6;2;1;1;4;25;1;19;10;6;3;9;1;2;1;14;9;4;19;2;2;16;15;1;17;20;-4.443178878408947;3;0;0;0;4;25;4;16;4;1;23;3.529911678572851;12;3;0;2;23;7.983150714577199;20;4.718375808839449;1;21;8.275629923407768;11
TRACK:661;652;-1;6;4;2;0;4;3;6;1;6;6;11;1;18;12;6;4;0;1;3;4;7;-1.7832913997371618;2;4;25;1;24;15;3;3;0;24;18;5;3;2;6;6;4;4;10;1;2;4;3;14;2;5;8;3;20;9.981111811712795;1;1;5;12;3;23;-1.3637948185086906;5;2;12;15
TRACK:662;654;-1;4;0;1;3;5;3;3;5;4;25;2;3;1;2;1;5;1;14;12;4;1;15;18;0;5;2;11;7;3.414714683991368;1;1;21;0.17328241625001473;24;6;14;6;6;6;5;14;6;4;6;0;3;3;9;0;2;19;17;3;15;6;4;2;0;0;6;6;1;21;-0.9158927808579707;22;-5.78724024170491;0;1;6;16;4;14;1;0;9;7;3.3624391735049706;5;25;5;4;5;3;12;3;2;2;6;1;25;9;3;6;7;5.477240999111784;6;6;1;17;22;-0.8080000328971351
TRACK:663;656;-1;4;0;1;3;5;3;3;5;5;4;19;2;3;1;2;1;5;1;14;12;4;1;15;18;0;5;2;11;7;3.3869670917689745;1;1;25;24;6;14;6;6;6;5;14;6;4;6;0;3;3;9;0;2;19;17;3;15;6;4;2;0;0;6;6;1;21;-0.8570111282877474;22;-5.575144443055571;0;1;6;16;4;14;1;0;9;7;3.5022730967192794;5;25;5;4;5;3;12;3;2;2;6;1;25;25;3;6;7;5.5675037382799575;6;6;1;17;22;-0.6686078629385536
TRACK:664;658;-1;3;5;2;3;6;2;5;4;5;0;7;2.8700482540035783;22;3.0110435568328837;1;3;2;3;19;6;22;-0.11068231260140976;3;5;4;11;4;4;1;5;2;10;20;0.2921515789386202;3;1;8;21;-2.2617561178734436
TRACK:665;0;-1;4;6;3;1;5;6;6;6;1;2;15;15;6;17;1;1;4;6;5;4;16;2;6;0;2;17;18;5;19;3;1;1;13;15;6;25;6;6;4;5;14
TRACK:666;653;-1;4;1;4;3;0;2;2;1;1;1;23;-6.0928076945603085;8;0;23;-6.347897708547684;22;-2.7736418767588717;1;3;19;6;16;1;5;0;18;10;5;1;18;21;-9.884269556928428;2;3;6;0;13;17;4;4;1;25;9;5;6;1;4;6;22;-1.993864503760844;2;1;22;2.677172647205298;17;4;8;6;2;6;3;0;1;2;1;19;12;3;14;1;3;9;1;7;-7.294560520241634;14;3;3;3;25;5;3;5;6;24
TRACK:667;655;-1;4;1;4;3;0;2;2;1;1;2;21;-0.8833205006686358;20;-4.108797783209887;0;8;23;-1.5799916741507924;1;3;19;6;16;1;5;0;18;14;5;1;18;21;-9.773401108628399;2;3;6;0;13;17;4;4;1;25;9;5;6;1;4;6;22;-2.090266256475468;2;1;22;2.6130860491658305;17;4;8;6;2;6;3;0;1;2;1;19;12;3;14;1;3;9;1;7;-7.199852378797423;14;3;3;3;25;5;6;3;6;5;4;25
TRACK:668;657;-1;1;5;3;1;0;4;5;1;2;3;9;5;23;7.405111628283865;1;6;7;0.27376410445832317;3;11;4;6;6;1;6;16;2;7;-5.8213401270675496;22;3.7015589143259136;1;0;3;4;6;2;25;10;1;4;6;4;15;5;0;6;22;-9.6416889754963;4;8;0;6;0;6;1;19;23;-3.5970840446652215;0;5;25;1;11;12;4;5;6;3;22;-9.38816640711334;0;6;5;5;6;4;0;3;4;11;4;6;23;3.5457051518140794;4;2;0;0;0;2;0;2;14;18;3;18;5;3;7;-7.416172744789946;0;4;6;22;7.036780107193399;3;4;14;4;5;3;0;20;-2.867691155069041;20;4.7310056426686575;6;5;4;5;1;16;19;5;4;4;2;2;4;24;0;15;11;0;0;22;9.196269542597776;25;1;9;8
TRACK:669;659;-1;5;0;5;6;5;4;0;19;19;3;0;4;1;3;3;5;6;22;6.432705049779453;2;1;5;0;7;2.7862194527502804;22;3.1399565929711333;5;1;8;18;2;2;1;9;10;1;12;21;0.6100788658996067;2;5;7;-5.100460698785013;3;24;0;4;5;3;5;4;11;4;2;4;5;6;19;5;0;3;15;2;13;18
EVAL_INSTANCE:33:0:660
EVAL_INSTANCE:33:1:661
EVAL_INSTANCE:33:2:662
EVAL_INSTANCE:33:3:663
EVAL_INSTANCE:33:4:664
EVAL_INSTANCE:33:5:665
EVAL_INSTANCE:33:6:666
EVAL_INSTANCE:33:7:667
EVAL_INSTANCE:33:8:668
EVAL_INSTANCE:33:9:669
RUN_RESULT:33:0:0:2000:----
RUN_RESULT:33:1:0:2000:----
RUN_RESULT:33:2:0:2000:----
RUN_RESULT:33:3:0:2000:----
RUN_RESULT:33:4:0:2000:----
RUN_RESULT:33:5:0:2000:----
RUN_RESULT:33:6:0:2000:----
RUN_RESULT:33:7:0:2000:----
RUN_RESULT:33:8:0:2000:----
RUN_RESULT:33:9:0:2000:----
    34 |      340 |  0.000000E+00 | -0.000000E+00
TRACK:670;8;3;6;4;2;0;4;3;6;1;6;6;11;1;1;23;-6.194829372622004;8;0;23;-6.448084404665872;22;-2.585017750253062;6;4;0;1;3;4;7;-1.796785627472408;2;4;25;1;24;15;3;3;0;24;18;5;3;5;2;0;2;23;-5.9151488629807725;17;4;11;4;0;11;25
TRACK:671;8;3;5;0;5;6;0;5;5;4;6;2;23;-9.425875259368343;23;6.351964638882649;6;2;6;0;0;22;-5.7053140582007185;15;2;13;8;0;1;4;14;8;2;2;22;-2.8628063595721738;8;3;13;3;0;4;1;3;3;5;6;22;6.502010675018717;2;1;5;0;7;2.951350615301049;22;3.1091386531019545;5;1;8;18;2;2;1;9;10;1;12;21;0.4828827554892712;2;5;7;-5.060335771358783;3;24;0;4;5;2;0;2;23;-5.9151488629807725;17;4;11;4;0;11;25;4;2;4;5;6;19;5;0;3;15;2;13;18
TRACK:672;4;6;3;5;2;3;6;2;5;4;4;6;15;1;3;2;3;19;6;22;-0.03499774720603632;3;5;4;11;3;15
TRACK:673;4;6;4;0;1;3;5;3;3;5;5;4;19;2;3;1;2;1;5;1;14;12;4;1;15;18;0;5;2;11;7;3.3949546236874166;1;1;21;0.15781845565135022;24;6;14;6;6;6;5;14;6;4;6;0;3;3;9;0;2;19;17;3;15;6;4;2;0;0;6;6;1;21;-0.8411316608662993;22;-5.721673982302146;0;1;6;16;4;14;1;0;9;15;5;25;5;4;5;3;12;3;2;2;6;1;25;25;3;6;7;5.598869455374256;6;6;1;17;22;-0.8355763743440541
TRACK:674;5;7;1;5;3;1;0;4;5;1;2;3;9;23;7.997450742602297;1;6;7;0.3218028824642367;3;11;4;6;6;1;6;16;2;7;-5.854091696762859;22;3.66350285320285;1;0;3;4;6;2;25;10;1;4;6;4;15;5;0;6;22;-9.58565805499974;4;8;0;6;0;6;1;19;23;-3.587308483082352;0;5;25;1;11;12;4;5;6;3;22;-9.350739913168448;0;6;5;5;6;4;0;3;4;11;4;6;23;3.393492578825029;4;2;0;0;0;2;0;2;14;18;3;18;5;3;7;-7.279508601903622;0;4;6;22;6.945105059765922;3;4;14;4;5;3;0;20;-2.748115565306861;20;4.594253372334986;6;5;4;5;1;16;19;2;4;2;6;1;6;14;3;21;9.356815312735755;2;4;0;25;21;7.75724703552433;1;1;17;10;3;17;5;0;4;0;5;24;0;25;9;0;3;5;24;0;2;17;10;0;16;11
TRACK:675;5;7;0;4;4;0;1;4;4;5;5;5;8;5;1;4;1;0;15;23;9.010026579099339;4;21;7.603077435577408;2;3;1;21;0.8741299139996013;20;-9.727771496719013;1;5;25;4;8;0;1;6;5;3;1;7;1.1694286702868357;22;4.9607544345329515;5;3;5;4;22;9.67370061750217;0;4;1;6;4;8;6;1;24;12;1;1;6;1;9;8;1;6;21;-8.244041740037652;3;7;-8.343934600877203;6;5;3;25;17
TRACK:676;2;5;4;1;4;3;0;2;2;1;1;2;19;20;-4.142185303395147;0;8;23;-1.4602899930131628;1;3;19;6;16;1;5;0;18;25;5;1;18;21;-9.826680263377368;2;3;6;0;13;17;4;4;1;25;9;5;6;1;4;6;22;-2.0582719638834;2;1;22;2.6848393667379593;17;4;8;6;2;6;3;0;1;2;1;19;12;3;14;1;3;9;1;7;-7.3461643690864475;14;3;3;3;25;5;6;3;6;5;4;25
TRACK:677;2;5;1;5;3;1;0;4;5;1;2;3;9;5;23;7.309737645474968;1;6;7;0.3218028824642367;3;11;4;6;6;1;6;16;2;7;-5.854091696762859;22;3.66350285320285;1;0;3;4;6;2;25;10;1;4;6;4;15;5;0;6;22;-9.58565805499974;4;8;0;6;0;6;1;19;23;-3.587308483082352;0;5;25;1;11;12;4;5;6;3;22;-9.350739913168448;0;6;5;5;6;4;0;3;4;11;4;6;23;3.393492578825029;4;2;0;0;10;4;5;3;0;20;-2.748115565306861;20;4.594253372334986;6;5;4;5;1;16;19;2;4;2;6;1;6;14;3;21;9.356815312735755;2;4;0;25;21;7.75724703552433;1;1;17;10;3;17;5;0;4;0;5;24;0;25;9;0;3;5;24;0;2;17;10;0;16;11
TRACK:678;3;1;5;0;5;6;0;5;5;4;6;2;23;-9.425875259368343;23;6.351964638882649;6;2;6;0;0;22;-5.7053140582007185;15;2;13;8;0;1;4;14;5;9;2;2;22;-2.8628063595721738;8;3;13;3;0;4;1;3;3;5;6;22;6.502010675018717;2;1;5;0;7;2.951350615301049;22;3.1091386531019545;5;1;8;18;2;2;1;9;10;1;25;21;0.4828827554892712;2;5;7;-5.060335771358783;3;24;0;4;5;2;0;2;23;-5.9151488629807725;17;4;11;4;0;11;25;4;2;4;5;6;19;5;0;3;15;2;13;18
TRACK:679;3;1;1;0;1;0;6;1;6;6;0;0;11;13;0;24;25;2;0;0;1;11;18;5;13;0;5;19;1;16;16;1;0;2;23;-2.2571701295058633;11;5;14;6;1;16;13;6;0;2;4;5;4;9;0;6;6;19;5;6;7;-8.027529548669474;6;1;4;2;7;0.07010987965106708;9;2;1;18;14;0;13;16;4;4;5;2;3;1;5;21;8.72293539427383;4;10;5;6;0;10;20;9.760890453417513;0;6;5;2;4;6;6;6;12;4;2;5;2;18;18;2;3;20;-1.309421897974218;6;21;8.619756525285762;5;3;0;5;3;4;0;16;17;0;0;2;2;12;20;-7.142345868378386;2;13;22;7.201771128708472;4;1;23;1.9260129348463444;25;6;6;1;10;25;5;4;6;0;7;2.951350615301049;22;3.1091386531019545
TRACK:680;670;-1;6;4;2;0;1;0;4;5;5;16;2;3;2;17;7;-3.344329081052761;6;5;17;6;1;5;4;22;-1.3778300614638894;1;0;14;12;2;22;-5.723201758563999;10;6;4;0;1;3;4;7;-1.8956581990860715;2;4;25;1;24;15;3;3;0;24;18;5;3;5;2;0;2;23;-5.799653896402786;17;4;11;4;0;11;25
TRACK:681;672;-1;3;5;2;3;6;2;5;4;4;6;15;1;3;2;3;24;6;22;-0.053698406682688014;3;5;4;11;3;15
TRACK:682;674;-1;1;5;3;1;0;4;5;1;2;3;9;23;7.947400178403668;1;6;7;0.5211806481108932;3;11;4;6;6;1;6;16;2;7;-6.072349272673616;22;3.721879373297702;1;0;3;4;6;2;25;10;4;6;5;11;0;6;0;6;1;19;23;-3.6861344738595476;0;5;25;1;11;12;4;5;6;3;22;-9.334167312435929;0;6;5;5;6;4;0;3;4;11;4;6;23;3.5555384322199983;4;2;0;0;0;2;0;2;14;18;3;18;5;3;7;-7.54025586083354;0;4;6;22;6.878736742044557;3;4;14;4;5;3;0;20;-2.787069457640818;20;4.79794727078983;6;5;4;5;1;16;19;2;4;2;6;1;6;14;3;21;9.498381439802776;2;4;0;25;21;7.925241517702054;1;1;17;10;3;17;5;0;4;0;5;24;0;25;9;0;3;5;24;0;2;17;10;0;16;11
TRACK:683;676;-1;4;1;4;3;0;2;2;1;1;2;19;20;-4.156252189189108;0;8;23;-1.3957358569432925;1;3;19;6;16;1;5;0;18;25;5;1;18;21;-9.801462302604367;2;3;6;25;4;4;1;25;9;5;6;1;4;6;22;-2.0342655753648278;2;1;22;2.4950610798397643;17;4;8;6;2;6;3;0;1;2;1;19;12;3;14;1;3;9;1;7;-7.250761528543925;14;3;3;3;25;5;6;3;6;5;4;25
TRACK:684;678;-1;5;0;5;6;0;5;5;4;6;2;23;-9.580809926193345;23;6.328692133290226;6;2;6;0;0;22;-5.660141750878032;15;2;13;8;0;1;4;14;5;9;2;2;22;-3.015995905328389;8;3;13;3;0;4;1;3;3;5;6;22;6.468414136676073;2;1;5;0;7;2.8215313723740416;22;3.2160317363632576;5;1;8;18;2;2;1;9;10;1;25;21;0.47281883256639956;2;5;7;-4.970277076832094;0;11;10;0;4;5;2;0;2;23;-6.048043394464532;17;4;11;4;0;11;25;4;2;4;5;6;19;5;0;3;15;2;13;18
TRACK:685;671;-1;5;0;5;6;0;5;5;4;6;2;23;-9.400307563945137;23;6.324197635692579;6;2;6;0;0;22;-5.931748509370803;15;2;13;8;0;1;4;14;8;2;2;22;-2.7315506806582817;8;3;13;3;0;4;1;3;3;5;6;22;6.687233708773253;2;1;5;0;7;2.952875408450844;22;3.222792541566382;5;1;8;18;2;2;1;9;10;1;12;21;0.5774735605961852;2;5;7;-5.136642066977023;3;24;0;4;5;2;0;2;23;-5.809469793306101;17;4;11;4;0;9;25;4;2;4;5;6;19;5;0;3;15;2;13;18
TRACK:686;673;-1;4;0;1;3;5;3;3;5;5;4;19;2;3;1;2;1;5;1;14;12;4;1;15;18;0;5;2;11;7;3.520944351947053;1;1;21;0.20943625469925822;24;6;14;6;6;6;5;14;6;4;6;0;3;3;9;0;2;19;17;3;15;6;4;2;0;0;6;6;1;21;-0.6945068456525848;22;-5.855012598099188;0;1;6;16;4;14;1;0;9;15;5;25;5;4;5;3;12;3;2;2;3;8;3;6;7;5.692543948422515;6;6;1;17;22;-0.9543735897649002
TRACK:687;675;-1;0;4;4;0;1;4;4;5;5;5;8;5;1;4;1;0;15;23;8.763839172561946;4;21;7.596060225027324;2;3;1;21;0.8439968167481912;20;-9.765780051932273;1;5;25;4;8;0;1;6;5;4;6;7;3.2036511293082306;5;3;5;4;22;9.562316607876188;0;4;1;6;4;8;6;1;24;12;1;1;6;1;9;8;1;6;21;-8.218430496319948;3;7;-8.42771174405979;6;5;3;25;17
TRACK:688;677;-1;1;5;3;1;0;4;5;1;2;3;9;5;23;7.2760657311615535;1;6;7;0.25757201667033314;3;11;4;6;6;1;6;16;2;7;-5.880770339108251;22;3.84346898605002;1;0;3;4;6;2;25;10;1;4;6;4;15;5;0;6;22;-9.610770781506881;4;8;0;6;0;6;1;19;23;-3.5313160891710025;0;5;25;1;11;12;4;5;6;3;22;-9.308132530097264;0;6;5;5;6;4;0;3;4;11;4;6;23;3.319874656303198;4;2;0;0;10;4;5;3;0;20;-2.6898574679418785;20;4.518279770519908;0;4;0;16;23;-9.185046384800513;3;3;19;2;4;2;6;1;6;14;3;21;9.264346582908955;2;4;0;25;21;7.677300502409671;1;1;17;10;3;17;5;0;4;0;5;24;0;25;9;0;3;5;24;0;2;17;10;0;16;11
TRACK:689;679;-1;1;0;1;0;6;1;6;6;0;0;11;13;0;24;25;2;0;0;1;11;18;5;13;0;5;12;1;16;16;1;0;2;23;-2.438198715351422;11;5;14;6;1;16;13;6;0;2;4;5;4;9;0;6;6;19;5;6;7;-8.149740864236541;6;1;4;2;7;-0.006738156279377919;9;2;1;18;14;0;13;16;4;4;5;2;3;1;5;21;8.699667902523807;4;10;5;6;0;10;20;9.84475830044575;0;6;5;2;4;6;6;6;12;4;2;5;2;18;18;2;3;20;-0.9509404551755897;6;21;8.534589314379351;5;3;0;5;3;4;0;16;17;0;0;2;2;12;20;-6.9889288952221795;2;13;22;7.123744202656303;4;1;23;1.9278547349864317;25;6;6;1;10;25;5;4;6;0;7;2.9037691928840164;22;2.9388760914803003
EVAL_INSTANCE:34:0:680
EVAL_INSTANCE:34:1:681
EVAL_INSTANCE:34:2:682
EVAL_INSTANCE:34:3:683
EVAL_INSTANCE:34:4:684
EVAL_INSTANCE:34:5:685
EVAL_INSTANCE:34:6:686
EVAL_INSTANCE:34:7:687
EVAL_INSTANCE:34:8:688
EVAL_INSTANCE:34:9:689
RUN_RESULT:34:0:0:2000:----
RUN_RESULT:34:1:0:2000:----
RUN_RESULT:34:2:0:2000:----
RUN_RESULT:34:3:0:2000:----
RUN_RESULT:34:4:0:2000:----
RUN_RESULT:34:5:0:2000:----
RUN_RESULT:34:6:0:2000:----
RUN_RESULT:34:7:0:2000:----
RUN_RESULT:34:8:0:2000:----
RUN_RESULT:34:9:0:2000:----
    35 |      350 |  0.000000E+00 | -0.000000E+00
TRACK:690;7;2;0;4;4;0;1;4;4;5;5;5;8;5;1;4;1;0;15;23;9.010026579099339;4;21;7.603077435577408;2;3;1;21;0.8741299139996013;20;-9.727771496719013;1;5;25;4;8;0;1;6;5;3;1;7;1.1694286702868357;22;4.9607544345329515;5;3;5;4;22;9.67370061750217;0;4;1;6;4;8;6;1;24;12;1;1;6;1;9;8;1;6;21;-8.244041740037652;3;7;-8.343934600877203;6;5;3;25;6;3;5;1;6;2;1;1;4;25;1;19;10;6;3;9;1;2;0;16;20;-8.356452856661015;4;19;2;2;16;15;1;17;20;-4.716407496205484;3;0;0;0;4;25;4;16;4;1;23;3.4058139379531127;12;3;0;2;23;7.997450742602297;20;4.678946297741202;3;25
TRACK:691;7;2;4;1;4;3;0;2;1;21;0.8741299139996013;20;-9.727771496719013;2;3;6;0;13;17;4;4;1;25;9;5;6;1;4;6;22;-2.0582719638834;2;1;22;2.6848393667379593;17;4;8;6;2;6;3;0;1;2;1;19;12;3;14;1;3;9;1;7;-7.3461643690864475;14;3;3;3;25;5;6;3;6;5;4;25
TRACK:692;4;9;3;5;2;3;6;2;5;4;4;6;15;1;3;2;3;19;6;22;-0.03499774720603632;3;5;4;11;4;4;3;4;3;0;3;15;5;25
TRACK:693;4;9;4;1;2;6;3;3;3;1;6;6;24;5;1;13;13;2;2;5;5;1;0;5;9;4;11;4;6;16;2;4;6;22;-0.03499774720603632;2;6;3;5;14;6;0;6;15;4;9;0;2;4;5;4;6;22;2.665848916495923;4;4;4;2;18;16;1;6;1;6;3;10;2;5;19;6;8;4;6;2;0;13;11;3;20;-4.756331604557056;4;4;2;2;5;1;3;5;14;0;6;21;7.707510668684343;6;14;2;0;4;6;21;6.112383433580128;4;5;24;6;0;3;25;1;9;16;2;0;5;1;0;16;9;6;10;2;4;5;15;4;6;24;6;0;5;6;15;6;1;10;13
TRACK:694;1;1;1;0;1;0;6;1;6;6;0;0;11;13;0;24;25;2;0;0;1;11;18;5;13;0;5;19;1;16;16;1;0;2;23;-2.2571701295058633;11;5;14;6;1;16;13;6;0;2;4;5;4;9;0;6;6;19;5;6;7;-8.027529548669474;6;1;4;2;7;0.07010987965106708;9;2;1;18;14;0;13;16;4;4;5;2;3;1;5;21;8.72293539427383;4;10;5;6;0;10;16;0;6;5;2;4;6;6;6;12;4;2;5;2;18;18;2;3;20;-1.309421897974218;6;21;8.619756525285762;5;3;0;5;3;4;0;16;17;0;0;2;2;12;20;-7.142345868378386;2;13;22;7.201771128708472;4;1;23;1.9260129348463444;25;6;6;1;10;25;5;4;6;2;2;5;5;5;5;24;3;6;1;5;7;0.5327554097370673;4;8;5;3;2;6;2;19;23;-4.7855461444313185;6;6;19
TRACK:695;1;1;1;0;1;0;6;1;6;6;0;0;11;13;0;24;25;2;0;0;1;11;18;5;13;0;5;19;1;16;16;1;0;2;23;-2.2571701295058633;11;5;14;6;1;16;13;6;0;2;4;25;0;6;6;19;5;6;7;-8.027529548669474;6;1;4;2;7;0.07010987965106708;9;2;1;18;14;0;13;16;4;4;5;2;3;1;5;21;8.72293539427383;4;10;5;6;0;10;20;9.760890453417513;0;6;5;2;4;6;6;6;12;4;2;5;2;18;18;2;3;20;-1.309421897974218;6;21;8.619756525285762;5;3;0;5;3;4;0;16;17;0;0;2;2;12;20;-7.142345868378386;2;13;22;7.201771128708472;4;1;23;1.9260129348463444;25;6;6;1;10;25;5;4;6;2;2;5;5;5;5;24;3;6;1;5;7;0.5327554097370673;4;8;5;3;2;6;2;19;23;-4.7855461444313185;6;6;19
TRACK:696;0;7;4;6;3;1;5;6;6;6;1;2;15;15;6;17;1;1;4;6;5;4;16;2;6;0;2;17;11;5;19;3;1;1;13;15;6;25;6;6;4;5;3;19
TRACK:697;0;7;0;4;4;0;1;4;4;5;5;5;8;5;1;4;1;0;15;23;9.010026579099339;4;21;7.603077435577408;2;3;1;21;0.8741299139996013;20;-9.727771496719013;1;5;25;4;8;0;1;6;5;3;1;7;1.1694286702868357;22;4.9607544345329515;5;3;5;4;22;9.67370061750217;0;4;1;6;4;8;6;1;24;12;1;1;6;1;9;8;1;6;21;-8.244041740037652;3;7;-8.343934600877203;6;5;3;25;6;3;5;1;6;2;1;1;4;15;1;19;10;6;3;9;1;2;0;16;20;-8.356452856661015;4;19;2;2;16;15;1;17;20;-4.716407496205484;3;0;0;0;4;25;4;16;4;1;23;3.4058139379531127;12;3;0;2;23;7.997450742602297;20;4.678946297741202;1;21;8.169859715769505;11
TRACK:698;2;6;4;1;4;3;0;2;2;1;1;2;19;20;-4.142185303395147;0;8;23;-1.4602899930131628;1;3;14;6;16;1;5;0;18;10;5;1;18;21;-9.826680263377368;2;3;6;0;13;17;4;4;1;25;9;5;6;1;4;6;22;-2.0582719638834;2;1;22;2.6848393667379593;17;4;8;6;2;6;3;0;1;2;1;19;12;3;14;1;3;9;1;7;-7.3461643690864475;14;3;3;3;25;5;6;3;6;5;4;25
TRACK:699;2;6;4;0;1;3;5;3;3;5;5;4;19;2;3;1;2;1;5;19;4;1;15;18;0;5;2;11;7;3.3949546236874166;1;1;21;0.15781845565135022;24;6;14;6;6;6;5;14;6;4;6;0;3;3;9;0;2;19;17;3;15;6;4;2;0;0;6;6;1;21;-0.8411316608662993;22;-5.721673982302146;0;1;6;16;4;14;1;0;9;7;3.452318748288228;5;25;5;4;5;3;12;3;2;2;6;1;25;25;3;6;7;5.598869455374256;6;6;1;17;22;-0.8355763743440541
TRACK:700;690;-1;0;4;4;0;1;4;4;5;5;5;8;5;1;4;1;0;15;23;9.07161913790003;4;21;7.580367512423853;2;3;1;21;0.8784023656336675;20;-9.777550617750085;1;5;25;4;8;0;1;6;5;3;1;7;1.2335321046665348;22;4.963724558605092;5;3;5;4;22;9.778700662994076;0;4;1;6;4;8;6;1;24;12;1;1;6;1;9;8;1;6;21;-8.369215682504112;3;7;-8.350779970440536;6;5;3;25;6;3;5;1;6;2;1;1;4;25;1;19;10;6;3;9;1;2;0;16;20;-8.351016430426336;4;19;2;2;16;15;1;17;20;-4.804675071838035;3;0;0;0;4;25;4;16;4;1;23;3.4107978244838106;12;3;0;2;9;20;4.720914201703991;3;25
TRACK:701;692;-1;3;1;5;5;6;3;3;3;4;13;1;3;3;3;5;1;5;12;4;17;2;3;5;5;6;0;22;-8.97689065485058;22;7.398766812010734;3;0;4;6;0;8;12;0;3;6;8;3;4;9
TRACK:702;694;-1;1;0;1;0;6;1;6;6;0;0;11;13;0;24;25;2;0;0;1;11;18;5;13;0;5;19;1;16;16;1;0;2;23;-2.2485944282661134;11;5;14;6;1;16;13;6;0;2;4;5;4;9;0;6;6;19;5;6;7;-8.115741275999428;6;1;4;2;7;0.032538599631005;9;2;1;18;14;0;13;16;4;4;5;2;3;1;5;21;8.854607979993858;4;10;5;6;0;10;16;0;6;5;2;4;6;6;6;12;4;2;5;2;18;18;2;3;20;-1.3711418443081484;6;21;8.443276159896335;5;3;0;5;3;4;0;16;17;0;0;2;2;12;20;-7.08875038070301;2;13;22;7.086210713645339;4;1;23;1.9145789013004733;25;6;6;1;10;25;5;4;6;2;2;5;5;5;5;24;3;6;1;5;7;0.4439682570153612;4;8;5;3;2;6;2;19;21;-5.333876608098604;6;6;19
TRACK:703;696;-1;4;6;3;1;5;6;6;6;1;2;15;15;6;17;1;6;0;3;4;24;2;0;7;8.40930727451655;25;6;24;6;6;4;5;3;19
TRACK:704;698;-1;4;1;4;3;0;2;2;1;1;2;19;20;-4.185534672925901;0;8;23;-1.5186705202854838;1;3;14;6;16;1;5;0;18;10;5;1;18;21;-9.792682630199133;2;3;6;0;13;17;4;4;1;25;9;5;6;1;4;6;22;-2.1364433607752393;2;1;22;2.726811604341359;17;4;8;6;2;6;3;0;2;3;10;4;8;3;3;3;25;5;6;3;6;5;4;25
TRACK:705;691;-1;4;1;4;3;0;2;1;21;0.8583377597607094;20;-9.683301356820142;2;3;6;0;13;17;4;4;1;25;9;5;6;1;5;5;24;2;1;22;2.5889066847365174;17;4;8;6;2;6;3;0;1;2;1;19;12;3;14;1;3;9;1;7;-7.3101482855264095;14;3;3;3;25;5;6;3;6;5;4;25
TRACK:706;693;-1;4;1;2;6;3;3;3;1;6;6;24;5;1;13;13;2;2;5;5;1;0;5;9;4;11;4;6;16;2;4;6;22;-0.1919770633149115;2;6;3;5;14;6;0;6;15;4;9;0;2;4;5;4;6;22;2.5915690147873085;4;4;4;2;18;16;1;6;1;6;3;10;2;5;19;6;8;4;6;2;0;13;11;3;20;-4.6957233662244935;4;4;2;2;5;1;3;5;14;0;6;21;7.875340168970424;6;14;2;0;4;6;19;4;5;24;6;0;3;25;1;9;16;2;0;5;1;0;16;9;6;10;2;4;5;15;4;6;24;6;0;5;6;15;6;1;10;13
TRACK:707;695;-1;1;0;1;0;6;1;6;6;0;0;11;13;0;24;25;2;0;0;1;11;18;5;13;0;5;19;1;16;16;1;0;2;23;-2.152897988185909;11;5;14;6;1;16;13;6;0;2;4;25;0;6;6;19;5;6;7;-7.925535143196964;3;22;-8.341234671916498;4;4;5;2;3;1;5;21;8.748997287160986;4;10;5;6;0;10;20;9.781317438409758;0;6;5;2;4;6;6;6;12;4;2;5;2;18;18;2;3;20;-1.358982234968702;6;21;8.589331472843238;5;3;0;5;3;4;0;16;17;0;0;2;2;12;20;-7.0204355558881195;2;13;22;7.226590177951034;4;1;23;2.0581438611454765;25;6;6;1;10;25;5;4;6;2;2;5;5;5;5;24;3;6;1;5;7;0.4341600010399133;4;8;5;3;2;6;2;19;23;-4.657947408050319;6;6;19
TRACK:708;697;-1;0;4;4;0;1;4;4;5;5;5;8;5;1;4;1;0;15;23;9.07518735331895;4;21;7.7448260918087675;2;3;1;21;0.7361935512685148;20;-9.59274639983337;1;5;25;4;8;0;1;6;5;3;1;7;1.1729535594927916;22;4.992636684975728;5;3;5;4;22;9.529369186674614;0;4;1;6;4;8;6;1;24;12;1;1;6;1;9;8;1;6;21;-8.221749863990858;3;7;-8.178867149581437;6;5;3;25;6;3;5;1;6;2;1;1;4;15;1;10;10;6;3;9;1;2;0;16;20;-8.363330194018367;4;19;2;2;16;15;1;17;20;-4.840362346487623;3;0;0;0;4;25;4;16;4;1;23;3.4698564640936067;12;3;0;2;23;7.799909045076032;20;4.613163133081339;1;21;8.340533927499266;11
TRACK:709;699;-1;4;0;1;3;5;3;3;5;5;4;19;2;3;1;2;1;5;19;4;1;15;18;0;5;2;11;7;3.0503250613524067;1;1;21;0.01932109715033331;24;6;14;6;6;6;5;14;6;4;6;0;3;3;9;0;2;19;17;3;15;6;4;2;0;0;6;6;1;21;-0.8347030787133272;22;-5.612236520529852;0;1;6;16;4;11;1;0;9;7;3.3328001727451437;5;25;5;4;5;3;12;3;2;2;6;1;25;25;3;6;7;5.60963808072529;6;6;1;17;22;-0.7014556337016207
EVAL_INSTANCE:35:0:700
EVAL_INSTANCE:35:1:701
EVAL_INSTANCE:35:2:702
EVAL_INSTANCE:35:3:703
EVAL_INSTANCE:35:4:704
EVAL_INSTANCE:35:5:705
EVAL_INSTANCE:35:6:706
EVAL_INSTANCE:35:7:707
EVAL_INSTANCE:35:8:708
EVAL_INSTANCE:35:9:709
RUN_RESULT:35:0:0:2000:----
RUN_RESULT:35:1:0:2000:----
RUN_RESULT:35:2:0:2000:----
RUN_RESULT:35:3:0:2000:----
RUN_RESULT:35:4:0:2000:----
RUN_RESULT:35:5:0:2000:----
RUN_RESULT:35:6:0:2000:----
RUN_RESULT:35:7:0:2000:----
RUN_RESULT:35:8:0:2000:----
RUN_RESULT:35:9:0:2000:----
    36 |      360 |  0.000000E+00 | -0.000000E+00
TRACK:710;3;8;5;0;5;6;0;5;5;4;6;2;23;-9.425875259368343;23;6.351964638882649;6;2;4;3;14;0;1;4;14;5;9;2;2;22;-2.8628063595721738;8;3;13;3;0;4;1;3;3;5;6;22;6.502010675018717;2;1;5;0;7;2.951350615301049;22;3.1091386531019545;5;1;8;18;2;2;1;9;10;1;12;21;0.4828827554892712;2;5;7;-5.060335771358783;3;24;0;4;5;2;0;2;23;-5.9151488629807725;17;4;11;4;0;11;25;4;2;4;5;6;19;5;0;3;15;2;13;18
TRACK:711;3;8;6;4;2;0;4;3;6;1;6;6;11;1;1;23;-6.194829372622004;8;0;23;-6.448084404665872;22;-2.585017750253062;6;4;0;1;3;4;7;-1.796785627472408;2;4;25;1;19;15;3;3;0;24;18;5;3;2;6;6;4;4;10;1;2;4;3;14;2;5;8;3;20;9.74776600337508;1;1;5;12;3;25;5;2;12;15
TRACK:712;2;4;4;1;4;3;0;2;2;1;1;2;19;20;-4.142185303395147;0;8;23;-1.4602899930131628;1;3;19;6;16;1;5;0;18;10;5;1;18;21;-9.826680263377368;2;3;6;0;13;17;4;4;1;25;9;5;6;1;4;6;22;-2.0582719638834;2;1;22;2.6848393667379593;17;4;8;6;2;6;3;0;1;2;6;15;3;14;1;3;9;1;7;-7.3461643690864475;14;3;3;3;25;5;6;3;6;5;4;25
TRACK:713;2;4;3;5;2;3;6;2;5;4;4;6;15;1;3;2;8;6;22;-0.03499774720603632;3;5;4;11;4;4;3;4;3;0;3;24;5;25
TRACK:714;7;6;0;4;4;0;1;4;4;5;5;5;8;5;1;4;1;0;15;23;9.010026579099339;4;21;7.603077435577408;2;3;1;21;0.8741299139996013;20;-9.727771496719013;1;5;25;4;8;0;1;6;5;3;1;7;1.1694286702868357;22;4.9607544345329515;5;3;5;4;22;9.67370061750217;0;4;1;6;4;8;6;1;24;12;1;1;6;1;9;8;1;6;21;-8.244041740037652;3;7;-8.343934600877203;6;5;3;25;6;3;5;1;6;2;1;1;4;25;1;19;10;6;3;9;1;2;0;16;20;-8.356452856661015;4;19;2;2;16;15;1;17;20;-4.716407496205484;3;0;0;0;4;25;4;16;4;1;23;3.4058139379531127;12;3;0;2;23;7.997450742602297;20;4.678946297741202;1;21;8.169859715769505;9
TRACK:715;7;6;4;0;1;3;5;3;3;5;5;4;19;2;3;1;2;1;5;1;14;12;4;1;15;18;0;5;2;11;9;1;1;21;0.15781845565135022;24;6;14;6;6;6;5;14;6;4;6;0;3;3;9;0;2;19;17;3;15;6;4;2;0;0;6;6;1;21;-0.8411316608662993;22;-5.721673982302146;0;1;6;16;4;14;1;0;9;7;3.452318748288228;5;25;5;4;5;3;12;3;2;2;6;1;25;25;3;6;7;5.598869455374256;6;6;1;17;22;-0.8355763743440541
TRACK:716;7;2;0;4;4;0;1;4;4;5;5;5;8;5;1;4;1;0;15;23;9.010026579099339;4;21;7.603077435577408;2;3;1;21;0.8741299139996013;20;-9.727771496719013;1;5;25;4;8;0;1;6;5;3;1;7;1.1694286702868357;22;4.9607544345329515;5;25;0;4;1;6;4;8;6;1;24;12;1;1;6;1;9;8;1;6;21;-8.244041740037652;3;7;-8.343934600877203;6;5;3;25;6;3;5;1;6;2;1;1;4;25;1;19;10;6;3;9;1;2;0;16;20;-8.356452856661015;4;19;2;2;16;15;1;17;20;-4.716407496205484;3;0;0;0;4;25;4;16;4;1;23;3.4058139379531127;12;3;0;2;23;7.997450742602297;20;4.678946297741202;1;21;8.169859715769505;11
TRACK:717;7;2;4;1;4;3;0;2;2;1;1;2;19;20;-4.142185303395147;0;8;23;-1.4602899930131628;1;3;19;6;16;1;5;0;18;15;5;1;18;21;-9.826680263377368;2;3;6;0;13;17;4;4;1;25;9;5;6;1;4;6;22;-2.0582719638834;2;1;22;2.6848393667379593;17;4;8;6;2;6;3;0;1;2;1;19;12;3;14;1;3;9;1;7;-7.3461643690864475;14;3;3;3;25;5;6;3;6;5;4;25
TRACK:718;1;4;1;0;1;0;6;1;6;6;0;0;11;13;0;24;25;2;0;0;1;11;18;5;13;0;5;19;1;16;16;1;0;2;23;-2.2571701295058633;11;5;14;6;1;16;13;6;0;2;4;5;4;9;0;6;6;19;5;6;7;-8.027529548669474;6;1;4;2;7;0.07010987965106708;9;2;1;18;14;0;13;16;4;4;1;3;2;3;19;6;22;-0.03499774720603632;3;5;4;11;0;6;5;2;4;6;6;6;12;4;2;5;2;18;18;2;3;20;-1.309421897974218;6;21;8.619756525285762;5;3;0;5;3;4;0;16;17;0;0;2;2;12;20;-7.142345868378386;2;13;22;7.201771128708472;4;1;23;1.9260129348463444;25;6;6;1;10;25;5;4;6;2;2;5;5;5;5;24;3;6;1;5;7;0.5327554097370673;4;8;5;3;2;6;2;19;23;-4.7855461444313185;6;6;19
TRACK:719;1;4;3;5;2;3;4;5;2;3;1;5;21;8.72293539427383;4;10;5;6;0;10;20;9.760890453417513;4;4;3;4;3;0;3;24;5;25
TRACK:720;710;-1;5;0;5;6;6;13;3;0;4;1;3;3;5;6;22;6.4792584724472055;2;1;5;0;7;2.886607094864963;22;3.123457917846358;5;1;8;18;2;2;1;9;10;1;12;21;0.3953707815829932;2;5;7;-5.154539622424105;3;24;0;4;5;2;0;2;23;-6.0176878437215855;17;4;11;4;0;11;25;4;2;4;5;6;19;5;0;3;15;2;13;18
TRACK:721;712;-1;4;1;4;3;0;2;2;1;1;2;19;20;-4.140246570350422;0;8;23;-1.5724681731940935;1;3;19;6;16;1;5;0;18;10;5;1;18;21;-9.78419113287469;2;3;6;0;13;17;4;4;1;25;9;5;6;1;4;6;22;-2.092901534692937;2;1;22;2.7800530219511743;17;4;8;6;2;0;1;3;6;3;9;4;5;3;8;4;3;6;4;17;5;6;3;6;5;4;25
TRACK:722;714;-1;0;4;4;0;1;4;4;5;5;5;8;5;1;4;1;0;15;23;9.034885821326785;4;21;7.594042045998161;2;3;1;21;0.9687897576311051;20;-9.6488032231374;1;5;25;4;8;0;1;6;5;3;1;15;22;5.086909618572831;5;3;5;4;22;9.616904341589164;0;4;1;6;4;8;6;1;24;12;1;1;6;1;9;8;1;6;21;-8.206411986207252;3;7;-8.31349348753136;6;5;3;25;6;3;5;1;6;2;1;1;4;25;1;19;10;6;3;9;1;2;0;16;20;-8.490489404312486;4;19;2;2;16;15;1;17;20;-4.663013972391916;3;0;0;0;4;25;4;16;4;1;23;3.466985368986827;12;3;0;2;23;7.848537096604635;20;4.6094748964533245;1;21;8.372015598483333;9
TRACK:723;716;-1;0;4;4;0;1;4;4;5;5;5;8;5;1;4;1;0;15;23;9.111695924222339;4;21;7.513584933723243;2;3;1;21;0.7599690234070869;20;-9.734074549466168;1;5;25;4;8;0;1;6;5;3;1;7;1.1395689568504244;22;4.848460643788791;5;25;0;4;1;6;4;8;6;1;24;12;1;1;6;1;9;8;1;6;21;-8.311912666830906;3;7;-8.248278930190354;6;5;3;25;6;2;1;3;1;8;8;4;0;9;9;1;1;2;12;11;6;21;9.778796973654774;2;1;10;17;5;20;6.450685262598249
TRACK:724;1;-1;1;0;1;0;6;1;6;6;1;19;11;2;0;0;1;11;18;5;13;0;5;19;1;16;16;1;0;2;23;-2.2630555228346534;11;5;14;6;1;16;13;6;0;2;4;5;4;9;0;6;6;19;5;6;7;-8.117799607577009;6;1;4;2;7;0.08660442058307251;9;2;1;18;14;0;13;16;4;4;5;2;3;1;5;21;8.718447271636144;4;10;5;6;0;10;20;9.806385042518901;0;6;5;2;4;6;6;6;12;4;2;5;2;18;18;2;3;20;-1.2334145800831722;6;21;8.689177361647511;5;3;0;5;3;4;0;16;17;0;0;2;2;12;20;-7.25732300212737;2;13;22;7.1865698694859965;4;1;23;1.9605739849291135;25;6;6;1;10;25;5;4;6;2;2;5;5;5;5;24;3;6;1;5;7;0.4404364049863585;4;8;5;3;2;6;2;19;23;-4.670987941945311;6;6;19
TRACK:725;711;-1;6;4;2;0;4;3;6;1;6;6;11;1;1;23;-6.261863833871324;8;0;23;-6.341662761172;22;-2.6962883524784784;6;4;0;1;3;4;7;-1.8159091001851473;2;4;25;1;19;15;3;3;0;24;18;5;3;2;6;6;4;4;10;1;2;4;3;14;2;5;8;3;20;9.918352601773933;2;0;14;21;1.7359156844845103;0;7;-1.580771400671674;17
TRACK:726;713;-1;3;5;2;3;6;2;6;1;6;19;3;19;1;3;2;8;6;22;-0.10183289808725887;3;5;4;11;4;4;3;4;3;0;3;24;5;25
TRACK:727;715;-1;4;0;1;3;5;3;3;5;5;4;19;2;3;1;2;1;5;1;14;12;6;2;15;7;9.250170017001793;0;5;2;11;9;1;1;21;0.1943584978090667;24;6;14;6;6;6;5;14;6;4;6;0;3;3;9;0;2;19;17;3;15;6;4;2;0;0;6;6;1;21;-0.8272353472506846;22;-5.762501416063923;0;1;6;16;4;14;1;0;9;7;3.38913254896043;5;25;5;4;5;3;12;3;2;2;6;1;25;25;3;6;7;5.671612018948171;6;6;1;17;22;-0.8997337832244447
TRACK:728;717;-1;4;1;4;3;0;2;2;1;1;2;19;20;-4.156302601552793;0;8;23;-1.3505252446650913;1;3;19;6;16;1;5;0;18;15;5;0;23;5.046316470280788;25;2;3;6;0;13;17;4;4;1;25;9;5;6;1;4;6;22;-2.199336311403352;2;1;22;2.6546185706461918;17;4;8;6;2;6;3;0;1;2;1;19;12;3;14;1;3;9;1;7;-7.37577926440867;14;3;3;3;25;5;6;3;6;5;4;25
TRACK:729;4;-1;3;5;2;3;6;2;5;4;4;6;15;1;3;2;3;19;6;22;-0.19040806301579852;3;5;4;11;2;1;5;1;24;8;1;4;13;0;22;-1.2216787408180103;9;3;0;1;19;9;4;12
EVAL_INSTANCE:36:0:720
EVAL_INSTANCE:36:1:721
EVAL_INSTANCE:36:2:722
EVAL_INSTANCE:36:3:723
EVAL_INSTANCE:36:4:724
EVAL_INSTANCE:36:5:725
EVAL_INSTANCE:36:6:726
EVAL_INSTANCE:36:7:727
EVAL_INSTANCE:36:8:728
EVAL_INSTANCE:36:9:729
RUN_RESULT:36:0:0:2000:----
RUN_RESULT:36:1:0:2000:----
RUN_RESULT:36:2:0:2000:----
RUN_RESULT:36:3:0:2000:----
RUN_RESULT:36:4:0:2000:----
RUN_RESULT:36:5:0:2000:----
RUN_RESULT:36:6:0:2000:----
RUN_RESULT:36:7:0:2000:----
RUN_RESULT:36:8:0:2000:----
RUN_RESULT:36:9:0:2000:----
    37 |      370 |  0.000000E+00 | -0.000000E+00
TRACK:730;4;6;3;5;2;3;6;2;5;4;4;6;15;1;3;2;3;19;6;22;-0.03499774720603632;3;5;4;11;4;4;3;4;3;0;17;5;25
TRACK:731;4;6;4;0;1;3;5;3;3;5;5;4;19;2;3;1;2;1;5;1;14;12;4;1;15;18;0;5;2;11;7;3.3949546236874166;1;1;21;0.15781845565135022;24;6;14;3;24;6;4;6;0;3;3;9;0;2;19;17;3;15;6;4;2;0;0;6;6;1;21;-0.8411316608662993;22;-5.721673982302146;0;1;6;16;4;14;1;0;9;7;3.452318748288228;5;25;5;4;5;3;12;3;2;2;6;1;25;25;3;6;7;5.598869455374256;6;6;1;17;22;-0.8355763743440541
TRACK:732;7;8;0;4;4;0;1;4;4;5;5;5;8;5;1;4;1;0;15;23;9.010026579099339;4;21;7.603077435577408;2;3;1;21;0.8741299139996013;20;-9.727771496719013;1;5;25;4;8;0;1;6;5;3;1;7;1.1694286702868357;22;4.9607544345329515;5;3;5;4;22;9.67370061750217;0;4;1;6;4;8;6;1;24;12;1;1;6;1;9;8;1;6;21;-8.244041740037652;3;11;6;5;3;25;6;3;5;1;6;2;1;1;4;25;1;19;10;6;3;9;1;2;0;16;20;-8.356452856661015;4;19;2;2;16;15;1;17;20;-4.716407496205484;3;0;0;0;4;25;4;16;4;1;23;3.4058139379531127;12;3;0;2;23;7.997450742602297;20;4.678946297741202;1;21;8.169859715769505;11
TRACK:733;7;8;6;4;2;0;4;3;6;1;6;6;11;1;1;11;8;0;23;-6.448084404665872;22;-2.585017750253062;6;4;0;1;3;4;7;-1.796785627472408;2;4;25;1;24;15;3;3;0;24;18;5;3;2;6;6;4;4;10;1;2;4;3;14;2;5;8;3;20;9.74776600337508;1;1;5;12;3;25;5;2;12;15
TRACK:734;1;5;1;0;1;0;6;1;6;6;0;0;11;13;0;24;25;2;0;0;1;11;18;5;13;0;5;19;1;16;16;1;0;2;23;-2.2571701295058633;11;5;14;6;1;16;13;6;0;2;4;5;4;9;0;6;6;19;5;5;24;6;1;4;2;7;0.07010987965106708;9;2;1;18;14;0;13;16;4;4;5;2;3;1;5;21;8.72293539427383;4;10;5;6;0;10;20;9.760890453417513;0;6;5;2;4;6;6;6;12;4;2;5;2;18;18;2;3;20;-1.309421897974218;6;21;8.619756525285762;5;3;0;5;3;4;0;16;17;0;0;2;2;12;20;-7.142345868378386;2;13;22;7.201771128708472;4;1;23;1.9260129348463444;25;6;6;1;10;25;5;4;6;2;2;5;5;5;5;24;3;6;1;5;7;0.5327554097370673;4;8;5;3;2;6;2;19;23;-4.7855461444313185;6;6;19
TRACK:735;1;5;1;5;3;1;0;4;5;1;2;3;9;5;23;7.309737645474968;1;6;7;0.3218028824642367;3;11;4;6;6;1;6;16;2;7;-5.854091696762859;22;3.66350285320285;1;0;3;4;6;2;25;10;1;4;6;4;15;5;0;6;22;-9.58565805499974;4;8;0;6;0;6;1;19;23;-3.587308483082352;0;24;1;11;12;4;5;6;3;22;-9.350739913168448;0;6;5;5;6;4;0;3;4;11;4;6;23;3.393492578825029;4;2;0;0;0;2;0;2;14;18;3;18;5;3;7;-7.279508601903622;0;4;6;22;6.945105059765922;3;4;14;4;5;3;0;20;-2.748115565306861;20;4.594253372334986;6;5;4;5;1;16;19;2;4;2;6;1;6;14;3;21;9.356815312735755;2;4;0;25;21;7.75724703552433;1;1;17;10;3;17;5;0;4;0;5;24;0;25;9;0;3;5;24;0;2;17;10;0;16;11
TRACK:736;0;6;4;6;3;1;5;6;6;6;1;2;15;15;6;17;1;1;4;6;5;4;16;2;6;0;2;17;12;5;19;3;1;1;13;15;6;25;6;6;4;5;3;19
TRACK:737;0;6;4;0;1;3;5;3;3;5;5;4;19;2;3;1;2;1;5;1;14;12;4;1;15;18;0;5;2;11;7;3.3949546236874166;1;17;6;14;6;6;6;5;14;6;4;6;0;3;3;9;0;2;19;17;3;15;6;4;2;0;0;6;6;1;21;-0.8411316608662993;22;-5.721673982302146;0;1;6;16;4;14;1;0;9;7;3.452318748288228;5;25;5;4;5;3;12;3;2;2;6;1;25;25;3;6;7;5.598869455374256;6;6;1;17;22;-0.8355763743440541
TRACK:738;3;8;5;0;5;6;0;5;5;4;6;2;23;-9.425875259368343;23;6.351964638882649;6;2;6;0;0;22;-5.7053140582007185;15;2;13;8;0;1;4;14;5;9;2;2;22;-2.8628063595721738;8;3;13;3;0;4;1;3;3;5;6;22;6.502010675018717;2;1;5;0;7;2.951350615301049;22;3.1091386531019545;5;1;8;18;2;2;1;9;10;1;12;21;0.4828827554892712;2;5;7;-5.060335771358783;3;24;0;1;5;12;3;25;4;2;4;5;6;19;5;0;3;15;2;13;18
TRACK:739;3;8;6;4;2;0;4;3;6;1;6;6;11;1;1;23;-6.194829372622004;8;0;23;-6.448084404665872;22;-2.585017750253062;6;4;0;1;3;4;7;-1.796785627472408;2;4;25;1;24;15;3;3;0;24;18;5;3;2;6;6;4;4;10;1;2;4;3;14;2;5;8;3;20;9.74776600337508;1;1;5;12;3;25;5;2;23;-9.425875259368343;15
TRACK:740;730;-1;3;5;2;3;6;2;5;4;4;6;15;1;3;2;3;16;6;22;-0.12346966199295067;3;5;4;11;4;4;3;4;3;0;17;5;25
TRACK:741;732;-1;0;4;4;0;1;4;4;5;5;5;8;0;1;3;19;3;18;1;5;8;0;11;18;0;1;6;5;3;1;7;0.9933280307726688;22;4.940646762723741;5;3;5;4;22;9.675174234692365;0;4;1;6;4;8;6;1;24;12;1;1;6;1;9;8;1;6;21;-8.444595865619025;3;11;6;5;3;25;6;3;5;1;6;2;1;1;4;25;1;19;10;6;3;9;1;2;0;16;20;-8.39796825845064;4;19;2;2;16;15;1;17;20;-4.53834395019532;3;0;0;0;4;25;4;16;4;1;23;3.329972182944869;12;3;0;2;23;8.053820357571215;20;4.699953645385235;1;21;8.278630294693285;11
TRACK:742;734;-1;1;0;1;0;6;1;6;6;0;0;11;13;0;24;25;2;0;0;1;11;18;5;13;0;5;19;1;16;16;1;0;2;23;-2.3151520462889756;11;5;14;6;1;16;13;6;0;2;4;5;4;9;0;6;6;19;5;5;24;6;1;4;2;7;0.0634411623529396;9;2;1;18;14;0;13;16;4;4;5;2;3;1;5;21;8.64156694592374;4;10;5;6;0;10;20;9.875366826573979;0;6;5;2;4;6;6;6;12;4;2;5;2;18;18;2;3;20;-1.2585507441314103;6;21;8.666297150188832;5;3;0;5;3;4;0;16;17;0;0;2;6;10;2;13;22;7.27104143947175;4;1;23;1.8739173643975575;25;6;6;1;10;25;5;4;6;2;2;5;5;5;5;24;3;6;1;5;7;0.5309727737670046;4;8;5;3;2;6;2;19;23;-4.90728976052981;6;6;19
TRACK:743;736;-1;4;6;3;1;5;6;6;6;1;2;15;15;6;17;1;1;4;6;5;4;16;2;6;0;2;17;25;5;19;3;1;1;13;15;6;25;6;6;4;5;3;19
TRACK:744;738;-1;5;0;5;6;0;5;5;4;6;2;23;-9.431613872918366;23;6.414047366188457;6;2;6;0;0;22;-5.669324696581485;15;2;13;8;0;1;4;14;5;9;2;2;22;-2.832518710016168;8;3;13;3;0;4;1;3;3;5;6;22;6.244571364812223;2;1;5;0;7;2.9364483378618997;22;3.179143854118405;5;1;8;18;2;2;1;9;10;1;12;21;0.4174997355649034;2;5;7;-4.970649787437734;3;24;0;1;5;2;25;16;3;25;4;2;4;5;6;19;5;0;3;15;2;13;18
TRACK:745;731;-1;4;0;1;3;5;3;3;5;5;4;19;2;3;1;2;1;5;1;14;12;4;1;15;18;0;5;2;11;7;3.3884757556204708;1;1;21;0.08067463371197325;24;6;14;3;24;6;4;6;0;3;3;9;0;2;19;17;3;15;6;4;2;0;0;6;6;1;21;-0.7464549052130971;22;-5.643131993693483;0;1;6;16;4;14;1;0;9;7;3.4255182938793647;5;25;5;4;5;3;12;3;2;2;6;1;25;25;3;6;7;5.4288556507861125;6;6;3;12
TRACK:746;733;-1;6;4;2;0;4;3;6;1;6;6;11;1;1;11;8;0;23;-6.5223054071316895;22;-2.6697748372275294;6;4;0;1;3;4;7;-1.769513756717227;2;4;25;1;24;15;3;3;0;24;18;5;3;2;6;6;4;4;10;1;2;4;3;14;2;5;8;3;20;9.789097942981702;1;1;5;12;3;25;5;2;12;15
TRACK:747;735;-1;1;5;3;1;0;4;5;1;2;3;9;5;23;7.446727256851562;1;6;7;0.4242572244952756;3;11;4;6;6;1;6;16;2;7;-5.850817946516776;22;3.6481425886375045;1;0;3;4;2;0;25;11;0;13;9;1;4;6;4;15;5;0;6;22;-9.41874575166144;4;8;0;6;0;6;1;19;23;-3.545343242768398;0;24;1;11;12;4;5;6;3;22;-9.300206601203511;0;6;5;5;6;4;0;3;4;11;4;6;23;3.291878765850258;4;2;0;0;0;2;0;2;14;18;3;18;5;3;7;-7.381584047565906;0;4;6;22;6.991338003203444;3;4;14;4;5;3;0;20;-2.7922835170460836;20;4.5094139655932075;6;5;4;5;1;16;19;2;4;2;6;1;6;14;3;21;9.37692506353532;2;4;0;25;21;7.647341266990546;1;1;17;10;3;17;5;0;4;0;5;24;0;25;9;0;3;5;24;0;2;17;10;0;16;11
TRACK:748;737;-1;4;0;1;3;5;3;3;5;5;4;19;2;3;1;2;1;5;1;14;12;3;20;2.782190349850085;0;5;2;11;7;3.4995948157057013;1;17;6;14;6;6;6;5;14;6;4;6;0;3;3;9;0;2;19;17;3;15;6;4;2;0;0;6;6;1;21;-0.6415345802473769;22;-5.873431690881551;0;1;6;16;4;14;1;0;9;7;3.397099910733454;5;25;5;4;5;3;12;3;2;2;6;1;25;25;3;6;7;5.652215752850649;6;6;1;17;22;-0.8718672282839542
TRACK:749;739;-1;6;4;2;0;4;3;6;1;6;6;11;1;1;23;-6.292545716030359;8;0;23;-6.417445100160573;22;-2.414159620670515;6;4;0;1;3;4;7;-1.8242420831349506;2;4;25;1;24;15;3;3;0;24;18;5;3;2;6;6;4;4;10;1;2;4;3;14;2;5;8;3;20;9.7456920543378;3;12
EVAL_INSTANCE:37:0:740
EVAL_INSTANCE:37:1:741
EVAL_INSTANCE:37:2:742
EVAL_INSTANCE:37:3:743
EVAL_INSTANCE:37:4:744
EVAL_INSTANCE:37:5:745
EVAL_INSTANCE:37:6:746
EVAL_INSTANCE:37:7:747
EVAL_INSTANCE:37:8:748
EVAL_INSTANCE:37:9:749
RUN_RESULT:37:0:0:2000:----
RUN_RESULT:37:1:0:2000:----
RUN_RESULT:37:2:0:2000:----
RUN_RESULT:37:3:0:2000:----
RUN_RESULT:37:4:0:2000:----
RUN_RESULT:37:5:0:2000:----
RUN_RESULT:37:6:0:2000:----
RUN_RESULT:37:7:0:2000:----
RUN_RESULT:37:8:0:2000:----
RUN_RESULT:37:9:0:2000:----
    38 |      380 |  0.000000E+00 | -0.000000E+00
TRACK:750;0;6;4;6;3;1;5;6;6;6;1;2;15;15;6;17;1;1;4;6;5;4;16;2;6;0;2;17;18;5;19;3;0;2;19;17;3;15;6;6;4;5;3;19
TRACK:751;0;6;4;0;1;3;5;3;3;5;5;4;19;2;3;0;2;17;18;5;19;6;4;6;0;3;3;9;0;2;19;17;3;15;6;4;2;0;0;6;6;1;21;-0.8411316608662993;22;-5.721673982302146;0;1;6;16;4;14;1;0;9;7;3.452318748288228;5;25;5;4;5;3;12;3;2;2;6;1;25;25;3;6;7;5.598869455374256;6;6;1;17;22;-0.8355763743440541
TRACK:752;1;5;1;0;1;0;6;1;6;6;0;0;11;13;0;24;25;2;0;0;1;11;18;5;13;0;5;19;1;16;16;1;0;2;23;-2.2571701295058633;11;5;14;6;1;16;13;6;0;2;4;5;4;9;0;6;6;19;5;6;7;-8.027529548669474;6;1;4;2;7;0.07010987965106708;9;2;1;18;14;0;13;16;4;4;5;2;3;1;5;21;8.72293539427383;4;10;5;6;0;10;20;9.760890453417513;0;6;5;2;4;6;6;6;12;4;2;5;2;18;18;2;3;20;-1.309421897974218;6;21;8.619756525285762;5;3;0;5;3;4;0;16;17;0;0;2;2;12;20;-7.142345868378386;2;13;22;7.201771128708472;4;1;23;1.9260129348463444;25;6;6;1;10;25;5;4;6;2;2;5;5;5;5;24;3;6;1;5;7;0.5327554097370673;4;8;25
TRACK:753;1;5;1;5;3;1;0;4;5;1;2;3;9;5;23;7.309737645474968;1;6;7;0.3218028824642367;3;11;4;6;6;1;6;16;2;7;-5.854091696762859;22;3.66350285320285;1;0;3;4;6;2;25;10;1;4;6;4;15;5;0;6;22;-9.58565805499974;4;8;0;6;0;6;1;19;23;-3.587308483082352;0;5;25;1;11;12;4;5;6;3;22;-9.350739913168448;0;6;5;5;6;4;0;3;4;11;4;6;23;3.393492578825029;4;2;0;0;0;2;0;2;14;18;3;18;5;3;7;-7.279508601903622;0;4;6;22;6.945105059765922;3;4;14;4;5;3;0;20;-2.748115565306861;20;4.594253372334986;6;5;4;5;1;16;19;2;4;2;6;1;6;14;3;21;9.356815312735755;2;4;0;25;21;7.75724703552433;1;1;17;10;3;17;5;0;4;0;5;24;0;25;9;19
TRACK:754;9;9;4;1;2;6;3;3;3;1;6;6;24;5;1;13;13;2;2;5;5;1;0;5;9;4;11;4;6;16;2;4;1;3;3;13;3;5;15;2;6;3;5;14;6;0;6;15;4;9;0;2;4;5;4;6;22;2.665848916495923;4;4;4;2;18;16;1;6;1;6;3;10;2;5;19;6;8;4;6;2;0;13;11;3;20;-4.756331604557056;4;4;2;2;5;1;3;5;14;0;6;21;7.707510668684343;6;14;2;0;4;6;21;6.112383433580128;4;5;24;6;0;3;25;1;9;16;5;6;15
TRACK:755;9;9;4;1;2;6;3;3;3;1;6;6;24;5;1;13;13;2;2;5;5;1;0;5;9;4;11;4;6;16;2;4;6;15;2;6;3;5;14;6;0;6;15;4;9;0;2;4;5;4;6;22;2.665848916495923;4;4;4;2;18;16;1;6;1;6;3;10;2;5;19;6;8;4;6;2;0;13;11;3;20;-4.756331604557056;4;4;2;2;5;1;3;5;14;0;6;21;7.707510668684343;6;14;2;0;4;6;21;6.112383433580128;4;5;24;6;0;3;25;1;9;16;2;0;5;1;0;16;9;6;10;2;4;5;15;4;6;24;6;0;5;6;15;6;1;10;13
TRACK:756;3;4;5;0;5;6;0;5;5;4;6;2;23;-9.425875259368343;23;6.351964638882649;6;2;6;0;0;22;-5.7053140582007185;15;2;13;8;0;1;4;14;5;9;2;2;22;-2.8628063595721738;8;3;13;3;0;4;1;3;3;5;6;22;6.502010675018717;2;1;5;0;7;2.951350615301049;22;3.1091386531019545;5;1;8;18;2;2;1;9;10;1;12;21;0.4828827554892712;2;5;7;-5.060335771358783;3;24;0;4;5;2;0;2;23;-5.9151488629807725;17;4;11;4;11;4;2;4;5;6;19;5;0;3;15;2;13;18
TRACK:757;3;4;3;5;2;3;6;2;5;4;4;6;15;1;3;2;3;19;6;22;-0.03499774720603632;3;5;4;11;4;11
TRACK:758;7;8;0;4;4;0;1;4;4;5;5;5;8;5;1;4;1;0;15;23;9.010026579099339;4;21;7.603077435577408;2;3;1;21;0.8741299139996013;20;-9.727771496719013;1;5;25;4;8;0;1;6;5;3;1;7;1.1694286702868357;22;4.9607544345329515;5;3;5;4;22;9.67370061750217;0;4;1;6;4;8;6;1;24;12;1;1;6;1;9;8;1;6;21;-8.244041740037652;3;7;-8.343934600877203;6;5;3;25;6;3;5;1;6;2;1;1;4;25;1;19;10;6;3;9;1;2;0;16;20;-8.356452856661015;4;19;2;2;16;15;1;17;20;-4.716407496205484;3;0;0;0;4;25;4;16;4;1;25;12;3;0;2;23;7.997450742602297;20;4.678946297741202;1;21;8.169859715769505;11
TRACK:759;7;8;6;4;2;0;4;3;6;1;6;6;11;1;1;23;-6.194829372622004;8;0;23;-6.448084404665872;22;-2.585017750253062;6;4;0;1;3;4;7;-1.796785627472408;2;4;25;1;7;1.1694286702868357;15;3;3;0;24;18;5;3;2;6;6;4;4;10;1;2;4;3;14;2;5;8;3;20;9.74776600337508;1;1;5;12;3;25;5;2;12;15
TRACK:760;750;-1;4;6;3;1;5;6;6;6;1;2;15;15;6;17;1;1;4;6;5;4;16;2;4;1;14;24;3;0;2;19;17;3;15;6;6;4;5;3;19
TRACK:761;752;-1;1;0;1;0;6;1;6;6;0;0;11;13;0;24;25;2;0;0;1;11;18;5;13;0;5;19;1;16;16;1;0;2;23;-2.1545779951595794;11;5;14;6;1;16;13;6;0;2;4;5;4;9;0;6;6;19;5;6;7;-7.9977552885994605;6;1;4;2;7;0.05856198929362998;9;2;1;18;14;0;13;16;4;4;5;2;3;1;5;21;8.895356655416403;4;10;5;6;0;10;20;9.794230720975182;0;6;5;2;4;6;6;6;12;4;2;5;2;18;18;2;3;20;-1.4087266354505636;6;21;8.75794065023726;5;3;0;5;3;4;0;16;17;0;0;2;2;12;20;-7.043097228772757;2;13;22;7.108884872398585;4;1;23;1.9271654587922125;25;6;6;1;10;25;5;4;6;2;2;5;5;5;5;24;3;6;1;5;7;0.46109674851056504;4;8;0;5;4;1;0;21;-3.0248903885806904;11;4;8;6;3;4;0;24;12
TRACK:762;754;-1;4;1;2;6;3;3;3;1;6;6;24;5;1;13;13;2;2;5;5;1;0;5;9;4;11;4;6;16;2;4;1;3;3;13;3;5;15;2;6;3;5;14;6;0;6;15;4;9;0;2;4;5;4;6;22;2.5258347826856027;4;4;4;2;18;16;1;6;1;6;3;10;2;5;19;6;8;4;6;2;0;13;11;3;20;-4.652476510218024;4;4;2;5;4;20;0.3667159223972547;1;3;24;3;10
TRACK:763;756;-1;5;0;5;6;0;5;5;4;6;2;23;-9.165123853660054;23;6.435236744539822;6;2;6;0;0;22;-5.618529306849004;15;2;13;8;0;1;4;14;5;9;2;2;22;-2.8375188676863123;8;3;11;3;0;4;1;3;3;5;6;22;6.436654858694708;2;1;5;0;7;3.0760594325325883;22;2.8301109060744243;5;1;8;18;2;2;1;9;10;1;12;21;0.5225461894300841;2;5;7;-5.164851236449217;3;24;0;4;5;2;0;2;23;-6.041146455428571;17;4;11;4;11;4;2;4;5;6;19;5;0;3;15;2;13;18
TRACK:764;758;-1;0;4;4;0;1;4;4;5;5;5;8;5;1;4;1;0;15;23;9.02230371434848;4;21;7.495876997778713;2;3;1;21;0.9301916490506015;20;-9.556034679433912;1;5;25;4;8;0;1;6;5;3;1;7;1.307284044483925;22;4.834699169735423;5;3;5;4;22;9.590157594858596;0;4;1;6;4;8;6;1;24;12;1;1;6;1;9;8;1;6;21;-8.359534205317871;3;7;-8.595203418991934;6;5;3;19;6;3;5;1;6;2;1;1;4;25;1;19;10;6;3;9;1;2;0;16;20;-8.310107206564949;4;19;2;2;16;15;1;17;20;-4.795976707078693;3;0;0;0;4;25;4;16;4;1;25;12;3;0;2;23;7.897924285021026;20;4.481717677570836;1;21;8.271966127108136;11
TRACK:765;751;-1;4;0;1;3;5;3;3;5;5;4;19;2;3;0;2;4;4;8;4;3;9;5;19;6;4;6;0;3;3;9;0;2;19;17;3;15;6;4;2;0;0;6;6;1;21;-0.6689273756264364;22;-5.686743986105929;0;1;6;16;4;14;1;0;9;7;3.3085476633649744;5;25;5;4;5;3;12;3;2;2;6;1;25;25;3;6;7;5.539412141545304;6;6;1;17;22;-0.7661629260613757
TRACK:766;753;-1;1;5;3;1;0;4;5;1;2;3;9;5;23;7.28240565463477;1;6;7;0.23841490873135826;3;11;4;6;6;1;6;16;2;7;-5.881765495826813;22;3.628507226702519;1;0;3;4;6;2;25;10;1;4;6;4;15;5;0;6;22;-9.51923605608697;4;8;0;6;0;6;1;19;23;-3.5475126871509493;0;5;25;1;11;12;4;5;6;3;22;-9.331668952524495;0;6;5;5;6;4;0;3;4;11;4;6;23;3.6246076348799807;4;2;0;0;0;2;0;2;14;18;3;18;5;3;7;-7.17287820066428;0;4;6;22;6.9873376123039135;3;4;14;4;5;3;0;20;-2.6035999330077044;20;4.533909936591476;6;5;4;5;1;16;24;2;4;2;6;1;6;14;3;21;9.354898061478545;2;4;0;25;21;7.608371891460546;1;1;17;10;3;17;5;0;4;0;5;24;0;25;9;19
TRACK:767;755;-1;4;1;2;6;3;3;3;1;6;6;24;5;1;13;13;2;2;5;5;1;0;5;9;4;11;4;6;16;2;4;6;15;2;6;3;5;14;6;0;6;15;4;9;0;2;4;5;4;6;22;2.6321586576489433;4;4;4;2;18;16;1;6;1;6;3;10;2;5;19;6;8;4;6;2;0;13;11;3;20;-4.686162273821848;4;3;4;18
TRACK:768;757;-1;3;5;2;3;6;2;5;4;4;6;15;1;3;2;3;19;2;11;9;3;5;4;11;4;11
TRACK:769;759;-1;6;4;2;0;4;3;6;1;6;6;11;1;1;23;-6.261103120639737;8;0;23;-6.587148241744262;22;-2.4757989892798906;6;4;0;1;3;4;7;-1.9805552914765787;2;4;25;1;7;1.2656369634834477;15;3;3;0;24;18;5;3;2;6;6;4;4;10;1;2;4;6;22;-1.0024061957484633;2;5;8;3;20;9.684269823474606;1;1;5;12;3;25;5;2;12;15
EVAL_INSTANCE:38:0:760
EVAL_INSTANCE:38:1:761
EVAL_INSTANCE:38:2:762
EVAL_INSTANCE:38:3:763
EVAL_INSTANCE:38:4:764
EVAL_INSTANCE:38:5:765
EVAL_INSTANCE:38:6:766
EVAL_INSTANCE:38:7:767
EVAL_INSTANCE:38:8:768
EVAL_INSTANCE:38:9:769
RUN_RESULT:38:0:0:2000:----
RUN_RESULT:38:1:0:2000:----
RUN_RESULT:38:2:0:2000:----
RUN_RESULT:38:3:0:2000:----
RUN_RESULT:38:4:0:2000:----
RUN_RESULT:38:5:0:2000:----
RUN_RESULT:38:6:0:2000:----
RUN_RESULT:38:7:0:2000:----
RUN_RESULT:38:8:0:2000:----
RUN_RESULT:38:9:0:2000:----
    39 |      390 |  0.000000E+00 | -0.000000E+00
TRACK:770;3;8;5;0;5;6;0;5;5;4;6;2;23;-9.425875259368343;23;6.351964638882649;6;2;6;0;0;22;-5.7053140582007185;15;2;13;8;0;1;4;14;5;9;2;2;22;-2.8628063595721738;8;3;13;3;0;4;1;3;3;5;6;22;6.502010675018717;2;1;5;0;7;2.951350615301049;22;3.1091386531019545;5;1;8;18;2;2;1;9;10;1;12;21;0.4828827554892712;2;5;7;-5.060335771358783;3;24;0;4;5;2;0;2;23;-5.9151488629807725;17;4;25;4;0;11;25;4;2;4;5;6;19;5;0;3;15;2;13;18
TRACK:771;3;8;6;4;2;0;2;23;-5.9151488629807725;17;4;11;5;3;2;6;6;4;4;10;1;2;4;3;14;2;5;8;3;20;9.74776600337508;1;1;5;12;3;25;5;2;12;15
TRACK:772;9;0;4;1;2;6;3;3;3;1;6;6;24;5;1;13;13;2;2;5;5;1;0;5;9;4;11;4;6;16;2;4;1;3;3;13;3;5;15;2;6;3;5;14;6;0;6;15;4;9;0;2;4;5;4;6;22;2.665848916495923;4;4;4;2;18;16;1;6;1;6;3;10;2;5;19;6;8;4;6;2;0;13;11;3;20;-4.756331604557056;4;4;2;2;5;1;3;5;14;0;6;21;7.707510668684343;6;14;2;0;4;6;21;6.112383433580128;4;5;24;6;0;3;25;1;9;16;2;0;5;1;0;16;9;6;10;25;6;0;5;6;15;6;1;10;13
TRACK:773;9;0;4;6;3;1;5;6;6;6;1;2;15;15;6;17;1;1;4;6;5;4;16;2;6;0;2;17;18;5;19;3;1;1;13;15;6;25;6;6;4;5;6;24
TRACK:774;5;9;1;5;3;1;0;4;6;15;4;6;6;1;6;16;2;7;-5.854091696762859;22;3.66350285320285;1;0;3;4;6;2;25;10;1;4;6;4;15;5;0;6;22;-9.58565805499974;4;8;0;6;0;6;1;19;23;-3.587308483082352;0;5;25;1;11;12;4;5;6;3;22;-9.350739913168448;0;6;5;5;6;4;0;3;4;11;4;6;23;3.393492578825029;4;2;0;0;0;2;0;2;14;18;3;18;5;3;7;-7.279508601903622;0;4;6;22;6.945105059765922;3;4;14;4;5;3;0;20;-2.748115565306861;20;4.594253372334986;6;5;4;5;1;16;19;2;4;2;6;1;6;14;3;21;9.356815312735755;2;4;0;25;21;7.75724703552433;1;1;17;10;3;17;5;0;4;0;5;24;0;25;9;0;3;5;24;0;2;17;10;0;16;11
TRACK:775;5;9;4;1;2;6;3;3;3;1;6;6;24;5;1;13;13;2;7;-5.854091696762859;0;2;4;5;4;6;22;2.665848916495923;4;4;4;2;18;16;1;6;1;6;3;10;2;5;19;6;8;4;6;2;0;13;11;3;20;-4.756331604557056;4;4;2;2;5;1;3;5;14;0;6;21;7.707510668684343;6;14;2;0;4;6;21;6.112383433580128;4;5;24;6;0;3;25;1;9;16;2;0;5;1;0;16;9;6;10;2;4;5;15;4;6;24;6;0;5;6;15;6;1;10;13
TRACK:776;8;1;6;4;2;0;4;3;6;1;6;6;11;1;1;23;-6.194829372622004;8;0;23;-6.448084404665872;22;-2.585017750253062;6;4;0;1;3;4;7;-1.796785627472408;2;4;25;1;24;15;3;3;0;24;18;5;3;2;6;6;5;19;1;2;4;3;14;2;5;8;3;20;9.74776600337508;1;1;5;12;3;25;5;2;12;15
TRACK:777;8;1;1;0;1;0;6;1;6;6;0;0;11;13;0;24;25;2;0;0;1;11;18;5;13;0;5;19;1;16;16;1;0;2;23;-2.2571701295058633;11;5;14;6;1;16;13;6;0;2;4;5;4;9;0;6;6;19;5;6;7;-8.027529548669474;6;1;4;2;7;0.07010987965106708;9;2;1;18;14;0;13;16;4;4;5;2;3;1;5;21;8.72293539427383;4;10;5;6;0;10;20;9.760890453417513;0;6;5;2;4;6;6;6;12;4;2;5;2;18;18;2;3;20;-1.309421897974218;6;21;8.619756525285762;5;3;2;12;15;5;4;6;2;2;5;5;5;5;24;3;6;1;5;7;0.5327554097370673;4;8;5;3;2;6;2;19;23;-4.7855461444313185;6;6;19
TRACK:778;4;2;3;5;2;3;6;2;5;4;4;6;15;1;3;4;8;3;5;4;11;4;4;3;4;3;0;3;24;5;25
TRACK:779;4;2;4;1;4;3;0;2;2;1;1;2;19;20;-4.142185303395147;0;8;23;-1.4602899930131628;1;3;19;6;16;1;5;0;18;10;5;1;18;21;-9.826680263377368;2;3;6;0;13;17;4;4;1;25;9;5;6;1;4;6;22;-2.0582719638834;2;1;22;2.6848393667379593;17;6;15;6;2;6;3;0;1;2;1;19;12;3;14;1;3;9;1;7;-7.3461643690864475;14;3;3;3;25;5;6;3;6;5;4;25
TRACK:780;770;-1;5;0;5;6;0;5;5;4;6;2;23;-9.575464618290892;23;6.376892033385155;6;2;6;0;0;22;-5.604491228220773;15;2;13;8;0;1;4;14;5;9;2;2;22;-2.942720456584795;8;3;13;3;0;4;1;3;3;5;6;22;6.574768455571696;2;1;5;0;7;2.7421046936423434;22;3.1422544171248816;5;1;8;18;2;2;1;9;10;1;12;21;0.6557355967152878;2;5;7;-5.011994333924925;3;24;0;4;5;2;0;2;23;-5.889137568856897;17;4;25;4;0;11;25;4;1;20;1.0955570053966959;25
TRACK:781;772;-1;4;1;2;6;3;3;3;1;6;6;24;5;1;13;13;2;2;5;5;1;0;5;9;4;11;4;6;16;2;4;1;3;3;13;3;5;15;2;6;3;5;14;6;0;6;15;4;9;0;2;4;5;4;6;22;2.5485376661220873;4;4;4;2;18;16;1;6;1;6;3;10;2;5;19;6;8;4;6;2;0;13;11;3;20;-4.6565392099135785;4;4;2;2;5;1;3;5;14;0;6;21;7.6408378345873835;6;14;2;0;4;6;21;6.163877160347247;4;5;24;6;0;3;25;1;9;16;2;0;5;1;0;16;9;6;10;25;6;0;5;6;15;6;1;23;1.8693491524016501;13
TRACK:782;774;-1;1;5;3;1;0;4;6;15;4;6;6;1;6;16;2;7;-5.8105352721403;22;3.5615165334149013;1;0;3;4;6;2;25;10;1;4;6;4;15;5;0;6;22;-9.57391255611112;4;8;0;6;0;6;1;19;23;-3.7145167529326044;0;5;25;1;11;12;4;5;6;3;22;-9.234586283941425;0;6;5;5;6;4;0;3;4;11;4;6;23;3.2955359356589664;4;2;0;0;0;2;0;2;14;18;3;18;5;3;7;-7.270747413292899;0;4;6;22;6.647639480270492;3;4;14;4;5;3;0;20;-2.6984608186533996;20;4.538395698942622;6;5;4;5;1;16;19;2;4;2;6;1;6;14;3;21;9.386147857941683;2;4;0;25;21;7.697819620008022;1;1;17;10;0;25;16;5;0;4;0;5;24;0;25;9;0;3;5;24;0;2;17;10;0;16;11
TRACK:783;776;-1;6;4;2;0;4;3;6;1;6;6;11;1;1;23;-6.283357678220957;8;0;23;-6.245853373714204;22;-2.603618445778916;0;6;3;19;2;0;15;24;0;12;16;5;3;2;6;6;5;19;1;2;4;3;14;2;5;8;3;20;9.641297835129864;1;1;5;12;3;25;5;2;12;15
TRACK:784;778;-1;3;5;2;3;6;2;5;4;4;6;15;2;4;1;11;25;1;1;16;12;1;14;19;4;4;3;4;3;0;3;24;5;25
TRACK:785;771;-1;6;4;2;0;2;23;-5.974543645330562;17;4;11;5;3;2;6;6;0;2;11;16;6;24;1;2;4;3;14;2;5;8;3;20;9.773371794537288;1;1;5;12;3;25;5;2;12;15
TRACK:786;773;-1;4;6;3;1;5;6;6;6;1;2;15;15;6;17;1;1;4;6;5;4;16;2;6;0;2;17;18;5;13;3;1;1;13;15;6;25;6;6;4;5;6;24
TRACK:787;775;-1;4;1;2;6;3;3;3;1;6;6;24;5;1;13;13;2;7;-5.687738019141484;0;2;4;5;4;6;22;2.7414159226157824;4;4;4;2;18;16;1;6;1;6;3;10;2;5;19;6;8;4;6;2;0;13;11;3;20;-4.7802155992257775;4;4;2;2;5;1;3;5;14;0;6;21;7.540485218096677;6;14;2;0;4;6;21;6.123216671482204;4;5;24;6;0;3;25;1;9;16;2;0;5;1;0;16;9;6;10;2;4;5;15;4;6;24;6;0;1;1;15;17;1;20;6.412157399860945;17;6;1;10;13
TRACK:788;777;-1;1;0;1;0;6;1;6;6;0;0;11;13;0;24;25;2;0;0;1;11;18;5;13;0;5;19;1;16;16;1;0;2;23;-2.348478213211614;11;5;14;6;1;16;13;6;0;2;4;5;4;9;0;6;6;19;5;6;7;-8.083905592346927;6;1;4;2;7;-0.04236774061364604;9;2;1;18;14;0;13;16;4;4;5;2;3;1;5;21;8.92219372399385;4;10;5;6;0;10;20;9.635850151045016;0;6;5;2;4;6;6;6;12;4;2;5;2;18;18;2;3;20;-1.1715350529528274;6;21;8.518587336255733;5;3;2;12;15;5;4;6;2;2;5;5;5;5;23;5.49004180337514;3;6;1;5;7;0.6549916199158488;4;8;5;3;2;6;2;19;23;-4.782466121077599;6;6;19
TRACK:789;779;-1;4;1;4;3;0;2;2;1;1;6;12;0;8;23;-1.5943595914872002;1;3;19;6;16;1;5;0;18;10;5;1;18;21;-9.669927252416318;2;3;6;0;13;17;4;4;1;25;9;5;6;1;4;6;22;-2.155669168268873;2;1;22;2.5526827886768872;17;6;15;6;2;6;3;0;1;2;1;19;12;3;14;1;3;9;1;7;-7.335574530997799;14;3;3;3;25;5;6;3;6;5;4;25
EVAL_INSTANCE:39:0:780
EVAL_INSTANCE:39:1:781
EVAL_INSTANCE:39:2:782
EVAL_INSTANCE:39:3:783
EVAL_INSTANCE:39:4:784
EVAL_INSTANCE:39:5:785
EVAL_INSTANCE:39:6:786
EVAL_INSTANCE:39:7:787
EVAL_INSTANCE:39:8:788
EVAL_INSTANCE:39:9:789
RUN_RESULT:39:0:0:2000:----
RUN_RESULT:39:1:0:2000:----
RUN_RESULT:39:2:0:2000:----
RUN_RESULT:39:3:0:2000:----
RUN_RESULT:39:4:0:2000:----
RUN_RESULT:39:5:0:2000:----
RUN_RESULT:39:6:0:2000:----
RUN_RESULT:39:7:0:2000:----
RUN_RESULT:39:8:0:2000:----
RUN_RESULT:39:9:0:2000:----
    40 |      400 |  0.000000E+00 | -0.000000E+00
TRACK:790;1;2;1;0;1;0;6;1;6;6;0;0;11;13;0;24;25;2;0;0;1;11;18;5;9;0;5;19;1;16;16;1;0;2;23;-2.2571701295058633;11;5;14;6;1;16;13;6;0;2;4;5;4;9;0;6;6;19;5;6;7;-8.027529548669474;6;1;4;2;7;0.07010987965106708;9;2;1;18;14;0;13;16;4;4;5;2;3;1;5;21;8.72293539427383;4;10;5;6;0;10;20;9.760890453417513;0;6;5;2;4;6;6;6;12;4;2;5;2;18;18;2;3;20;-1.309421897974218;6;21;8.619756525285762;5;3;0;5;3;4;0;16;17;0;0;2;2;12;20;-7.142345868378386;2;13;22;7.201771128708472;4;1;23;1.9260129348463444;25;6;6;1;10;25;5;4;6;2;2;5;5;5;5;24;3;6;1;5;7;0.5327554097370673;4;8;5;3;2;6;2;19;23;-4.7855461444313185;6;6;19
TRACK:791;1;2;4;1;4;3;0;2;2;1;1;2;19;20;-4.142185303395147;0;8;23;-1.4602899930131628;1;3;19;6;16;1;5;0;18;10;5;1;18;21;-9.826680263377368;2;3;6;0;13;17;4;4;1;25;9;5;6;1;4;6;22;-2.0582719638834;2;1;22;2.6848393667379593;17;4;8;6;2;6;3;0;1;2;1;19;12;3;14;1;3;9;1;7;-7.3461643690864475;14;3;3;1;23;1.9260129348463444;25;5;6;3;6;5;4;25
TRACK:792;6;8;4;0;1;3;5;3;3;5;5;4;19;2;3;1;2;1;5;1;14;12;4;1;15;18;0;5;2;11;7;3.3949546236874166;1;1;21;0.15781845565135022;24;6;14;6;6;6;5;14;6;4;6;0;3;3;9;0;2;19;17;3;15;6;4;2;0;0;6;6;1;21;-0.8411316608662993;22;-5.721673982302146;0;1;6;16;4;14;1;0;9;18;5;25;5;4;5;3;12;3;2;2;6;1;25;25;3;6;7;5.598869455374256;6;6;1;17;22;-0.8355763743440541
TRACK:793;6;8;6;4;2;0;9;7;3.452318748288228;5;3;2;6;6;4;4;10;1;2;4;3;14;2;5;8;3;20;9.74776600337508;1;1;5;12;3;25;5;2;12;15
TRACK:794;3;8;5;0;5;6;0;5;5;4;6;2;23;-9.425875259368343;23;6.351964638882649;6;2;6;0;0;22;-5.7053140582007185;15;2;13;8;0;1;4;14;5;9;2;3;20;9.74776600337508;3;13;3;0;4;1;3;3;5;6;22;6.502010675018717;2;1;5;0;7;2.951350615301049;22;3.1091386531019545;5;1;8;18;2;2;1;9;10;1;12;21;0.4828827554892712;2;5;7;-5.060335771358783;3;24;0;4;5;2;0;2;23;-5.9151488629807725;17;4;11;4;0;11;25;4;2;4;5;6;19;5;0;3;15;2;13;18
TRACK:795;3;8;6;4;2;0;4;3;6;1;6;6;11;1;1;23;-6.194829372622004;8;0;23;-6.448084404665872;22;-2.585017750253062;6;4;0;1;3;4;7;-1.796785627472408;2;4;25;1;24;15;3;3;0;23;-9.425875259368343;18;5;3;2;6;6;4;4;10;1;2;4;3;14;2;5;8;3;20;9.74776600337508;1;1;5;12;3;25;5;2;12;15
TRACK:796;7;3;0;4;4;0;1;4;4;5;5;5;8;5;1;4;1;0;15;23;9.010026579099339;4;21;7.603077435577408;2;3;1;21;0.8741299139996013;20;-9.727771496719013;1;5;25;4;8;0;1;6;5;3;1;7;1.1694286702868357;22;4.9607544345329515;5;3;5;4;22;9.67370061750217;0;4;1;6;4;8;6;1;24;12;1;1;6;1;9;8;1;6;21;-8.244041740037652;3;7;-8.343934600877203;6;5;3;25;6;3;5;1;6;2;1;1;4;25;1;19;10;6;3;9;1;2;0;16;20;-8.356452856661015;4;19;2;2;16;15;1;17;20;-4.716407496205484;3;0;0;0;4;25;4;16;4;1;23;3.4058139379531127;12;3;0;2;23;7.997450742602297;20;4.678946297741202;1;21;8.169859715769505;11
TRACK:797;7;3;5;0;5;6;0;5;5;4;6;2;23;-9.425875259368343;23;6.351964638882649;6;2;6;0;0;22;-5.7053140582007185;15;2;13;8;0;1;4;14;5;9;2;2;22;-2.8628063595721738;8;3;13;3;0;4;1;3;3;5;6;22;6.502010675018717;2;1;5;0;7;2.951350615301049;22;3.1091386531019545;5;1;8;18;2;2;1;9;10;1;12;21;0.4828827554892712;2;5;7;-5.060335771358783;3;25;0;4;5;2;0;2;23;-5.9151488629807725;17;4;11;4;0;11;25;4;2;4;5;6;19;5;0;3;15;2;13;18
TRACK:798;0;2;4;6;3;1;5;6;6;6;1;2;15;15;6;17;1;1;4;6;5;4;16;2;6;0;2;17;18;5;19;3;1;1;13;15;6;25;6;6;4;22;-2.0582719638834
TRACK:799;0;2;4;1;4;3;0;6;6;4;5;3;19;5;6;1;4;6;22;-2.0582719638834;2;1;22;2.6848393667379593;17;4;8;6;2;6;3;0;1;2;1;19;12;3;14;1;3;9;1;7;-7.3461643690864475;14;3;3;3;25;5;6;3;6;5;4;25
TRACK:800;790;-1;1;0;1;0;6;1;6;6;0;0;11;13;0;24;25;2;0;0;1;11;18;5;9;0;5;19;1;15;12;1;0;2;23;-2.352229454855749;11;5;14;6;1;16;13;6;0;2;4;5;4;9;0;6;6;19;5;6;7;-8.027907922310867;6;1;4;2;7;0.1435434619713065;9;2;1;18;14;0;13;16;4;4;5;2;3;1;5;21;8.721218176429616;4;10;5;6;0;10;20;9.793870394988499;0;6;5;2;4;6;6;6;12;4;2;5;2;18;18;2;3;20;-1.2155758406727721;6;21;8.409779242476995;5;3;0;5;3;4;0;16;17;0;0;2;2;12;20;-7.11321753473372;2;13;22;7.182111554870918;4;1;23;1.9841859112670233;25;6;6;1;10;25;5;4;6;2;2;5;5;5;5;24;3;6;1;5;7;0.6346347798340841;4;8;5;3;2;6;2;19;23;-4.764544838188065;6;6;19
TRACK:801;6;-1;4;0;1;3;5;3;3;5;5;4;19;2;3;1;2;1;5;1;14;12;4;1;15;18;0;5;2;11;7;3.376574144665836;1;1;21;0.17754480738753467;24;6;14;6;6;6;5;14;6;4;6;0;3;3;9;0;2;19;17;3;15;6;4;2;0;0;6;6;1;21;-0.8732268924229234;12;0;1;6;16;4;14;1;0;9;7;3.477642177421392;5;25;5;4;5;3;12;3;2;2;6;1;25;25;3;6;7;5.477729883202247;6;6;1;17;22;-0.8339611772449558
TRACK:802;794;-1;5;0;5;6;0;5;5;4;6;2;23;-9.439527073639988;23;6.601383149115008;6;2;6;0;0;22;-5.849081768857454;15;2;13;8;0;1;4;14;5;25;2;3;20;9.805808920852908;3;13;3;0;4;1;3;3;5;6;22;6.4883604867673155;2;1;5;0;7;2.8157120569440313;22;3.253813769823352;5;1;8;18;2;2;1;9;10;1;12;21;0.5734263821391893;2;5;7;-4.976378016947494;3;24;0;4;5;2;0;2;23;-5.89526376255375;17;4;11;4;0;11;25;4;2;4;5;6;19;5;0;3;15;2;13;18
TRACK:803;796;-1;0;4;4;0;1;4;4;5;5;5;19;5;1;4;1;0;15;23;8.940255575604393;4;21;7.628718655385582;2;3;1;21;1.0032790269854708;20;-9.840206115645778;1;5;25;4;8;0;1;6;5;3;1;7;1.260162130015357;22;5.0104877908640875;5;3;5;4;22;9.597069096419608;0;4;1;6;4;8;6;1;24;12;1;1;6;1;9;8;1;6;21;-8.199543786958358;3;7;-8.420092497179445;6;5;3;25;6;3;5;1;6;2;1;1;4;25;1;19;10;6;3;9;1;2;0;16;20;-8.4245597093261;4;19;2;2;16;15;1;17;20;-4.5505086359845555;3;0;0;0;4;25;4;16;4;1;23;3.5022194377164677;12;3;0;2;23;8.148637148486007;20;4.646880584107441;1;21;8.1755038670673;11
TRACK:804;798;-1;4;2;6;9;6;22;-9.785106585252501
TRACK:805;791;-1;4;1;4;3;0;2;2;1;1;2;19;20;-4.073429565327642;0;8;23;-1.4318416062867956;1;3;19;6;16;1;5;0;18;10;5;1;18;21;-9.914508103118278;2;3;6;0;7;-1.798393097171548;14;4;4;1;25;9;5;6;1;4;6;22;-2.0265505296450868;2;1;22;2.920883060482552;17;4;8;6;2;6;3;0;1;2;1;19;12;3;14;1;3;9;1;7;-7.414824310222835;14;3;3;1;23;1.871753551922165;25;5;6;3;6;5;4;25
TRACK:806;8;-1;6;4;2;0;4;3;6;1;6;6;11;1;1;23;-6.111284308526281;8;0;23;-6.540614021141074;22;-2.596678418446749;6;4;0;1;3;0;19;22;-3.0164188206186022;2;4;25;1;24;15;3;3;0;24;18;5;3;2;6;6;4;4;10;1;2;4;3;14;2;5;8;3;20;9.563501755604245;1;1;5;12;3;25;5;2;12;15
TRACK:807;795;-1;6;4;2;0;4;3;6;1;6;6;11;1;1;23;-6.215781756208893;8;0;23;-6.291017482163448;22;-2.51801896343285;6;4;0;1;3;4;7;-1.8179713514735583;2;4;25;1;24;15;3;3;0;23;-9.389697911832577;18;5;3;2;6;6;4;4;10;1;2;4;3;14;2;5;8;3;20;9.657969484079857;1;0;0;20;2.522262042052761;18;6;23;1.242893094669551;5;2;12;15
TRACK:808;797;-1;5;0;3;0;3;19;2;14;24;3;0;4;1;3;3;5;6;22;6.525557957190102;2;1;5;0;7;2.9302509470724716;22;3.107492938197384;5;1;8;18;2;2;1;9;10;1;12;21;0.39886225615729576;2;5;7;-5.115939216043401;3;25;0;4;5;2;0;2;23;-5.939994485174795;17;4;11;4;0;11;25;4;2;4;5;6;19;5;0;3;15;2;13;18
TRACK:809;799;-1;0;4;2;4;0;13;18;1;4;15;1;13;18;0;1;5;4;25;0;1;11;14;3;24;2;0;1;16;12;6;16;4;2;17;23;0.10233017631955832
EVAL_INSTANCE:40:0:800
EVAL_INSTANCE:40:1:801
EVAL_INSTANCE:40:2:802
EVAL_INSTANCE:40:3:803
EVAL_INSTANCE:40:4:804
EVAL_INSTANCE:40:5:805
EVAL_INSTANCE:40:6:806
EVAL_INSTANCE:40:7:807
EVAL_INSTANCE:40:8:808
EVAL_INSTANCE:40:9:809
RUN_RESULT:40:0:0:2000:----
RUN_RESULT:40:1:0:2000:----
RUN_RESULT:40:2:0:2000:----
RUN_RESULT:40:3:0:2000:----
RUN_RESULT:40:4:0:2000:----
RUN_RESULT:40:5:0:2000:----
RUN_RESULT:40:6:0:2000:----
RUN_RESULT:40:7:0:2000:----
RUN_RESULT:40:8:0:2000:----
RUN_RESULT:40:9:0:2000:----
    41 |      410 |  0.000000E+00 | -0.000000E+00
TRACK:810;6;0;4;0;1;3;5;3;1;2;15;15;6;17;2;3;1;2;1;5;1;14;12;4;1;15;18;0;5;2;11;7;3.3949546236874166;1;1;21;0.15781845565135022;24;6;14;6;6;6;5;14;6;4;6;0;3;3;9;0;2;19;17;3;15;6;4;2;0;0;6;6;1;21;-0.8411316608662993;22;-5.721673982302146;0;1;6;16;4;14;1;0;9;7;3.452318748288228;5;25;5;4;5;3;12;3;2;2;6;1;25;25;3;6;7;5.598869455374256;6;6;1;17;22;-0.8355763743440541
TRACK:811;6;0;4;6;3;1;5;6;6;6;1;2;15;15;6;17;1;1;4;6;5;4;16;2;6;0;2;17;18;5;19;3;1;1;15;15;6;25;6;6;4;5;3;19
TRACK:812;4;2;3;5;2;3;6;17;4;4;3;4;3;0;3;24;5;25
TRACK:813;4;2;4;1;4;3;0;2;2;1;1;2;19;20;-4.142185303395147;0;24;23;-1.4602899930131628;1;3;19;6;16;1;5;0;18;10;5;1;18;21;-9.826680263377368;2;3;6;0;13;17;4;4;1;25;9;5;6;1;4;6;22;-2.0582719638834;2;1;22;2.6848393667379593;17;4;8;6;2;6;3;0;1;2;1;19;12;3;14;1;3;9;1;7;-7.3461643690864475;14;3;3;3;25;5;6;3;6;5;4;25
TRACK:814;9;0;4;1;2;6;3;3;3;1;6;6;24;5;1;13;13;2;2;5;5;1;0;5;9;4;11;4;6;16;2;4;1;3;3;13;3;5;15;2;6;3;5;14;6;0;6;15;4;9;0;2;4;5;4;6;22;2.665848916495923;4;4;4;2;18;16;1;6;1;6;3;10;2;5;19;6;8;4;6;2;0;13;11;3;20;-4.756331604557056;4;4;2;2;5;1;3;5;14;0;6;21;7.707510668684343;6;14;2;0;4;6;21;6.112383433580128;4;5;24;6;0;3;25;1;9;16;2;0;17;2;4;5;15;4;6;24;6;0;5;6;15;6;1;10;13
TRACK:815;9;0;4;6;3;1;5;6;6;4;6;21;6.112383433580128;1;1;4;6;5;4;16;2;6;0;2;17;18;5;19;3;1;1;13;15;6;25;6;6;4;5;3;19
TRACK:816;7;5;0;4;4;0;1;4;4;5;5;5;8;5;25;0;1;6;5;3;1;7;1.1694286702868357;22;4.9607544345329515;5;3;5;4;22;9.67370061750217;0;4;1;6;4;8;6;1;24;12;1;1;6;1;9;8;1;6;21;-8.244041740037652;3;7;-8.343934600877203;6;5;3;25;6;3;5;1;6;2;1;1;4;25;1;19;10;6;3;9;1;2;0;16;20;-8.356452856661015;4;19;2;2;16;15;1;17;20;-4.716407496205484;3;0;0;0;4;25;4;16;4;1;23;3.4058139379531127;12;3;0;2;23;7.997450742602297;20;4.678946297741202;1;21;8.169859715769505;11
TRACK:817;7;5;1;5;3;1;0;4;5;1;2;3;9;5;23;7.309737645474968;1;6;7;0.3218028824642367;3;11;4;6;6;1;6;16;2;7;-5.854091696762859;22;3.66350285320285;1;0;3;4;6;2;25;10;1;4;6;4;15;5;0;6;22;-9.58565805499974;4;8;0;6;0;6;1;19;23;-3.587308483082352;0;5;25;1;11;12;4;5;6;3;22;-9.350739913168448;0;6;5;5;6;4;0;3;4;11;4;6;23;3.393492578825029;4;2;0;0;0;2;0;17;3;18;5;3;7;-7.279508601903622;0;4;6;22;6.945105059765922;3;4;14;4;5;3;0;20;-2.748115565306861;20;4.594253372334986;6;5;4;5;1;16;19;2;4;2;6;1;6;14;3;21;9.356815312735755;2;4;0;25;21;7.75724703552433;1;1;17;10;3;17;5;0;4;0;5;24;0;25;9;0;3;5;24;0;2;17;10;0;16;11
TRACK:818;3;8;5;0;5;6;0;5;5;4;6;2;23;-9.425875259368343;23;6.351964638882649;3;14;3;0;4;1;3;3;5;6;22;6.502010675018717;2;1;5;0;7;2.951350615301049;22;3.1091386531019545;5;1;8;18;2;2;1;9;10;1;12;21;0.4828827554892712;2;5;7;-5.060335771358783;3;24;0;4;5;2;0;2;23;-5.9151488629807725;17;4;11;4;0;11;25;4;2;4;5;6;19;5;0;3;15;2;13;18
TRACK:819;3;8;6;4;2;0;4;3;6;1;6;6;11;1;1;23;-6.194829372622004;8;0;23;-6.448084404665872;22;-2.585017750253062;6;4;0;1;3;4;7;-1.796785627472408;2;4;25;1;24;15;3;3;0;15;18;5;3;2;6;6;4;4;10;1;2;4;3;14;2;5;8;3;20;9.74776600337508;1;1;5;12;3;25;5;2;12;15
TRACK:820;6;-1;4;0;1;3;5;3;3;5;5;4;19;2;3;1;2;1;5;1;14;12;4;1;15;18;0;5;2;11;7;3.3206761343680395;1;1;21;0.21868781707103668;24;6;14;6;6;6;5;14;6;4;6;0;3;3;9;0;2;19;17;3;15;6;4;2;0;0;6;6;1;21;-0.870045904060325;22;-5.799431793620706;0;1;6;16;4;14;1;0;9;7;3.5931418043831784;5;25;5;4;5;3;12;3;2;2;6;1;25;23;6.527796190686331;3;6;7;5.774932109770557;6;6;1;17;22;-0.8129897366380288
TRACK:821;812;-1;3;5;2;3;6;17;4;4;4;4;4;3;2;17;7;6.367208967227874
TRACK:822;814;-1;4;1;2;6;3;3;3;1;6;6;24;5;1;13;13;2;2;5;5;1;0;5;9;4;11;4;6;16;2;4;1;3;3;13;3;5;15;2;6;3;5;14;6;0;6;15;4;9;0;2;4;5;4;6;22;2.703549442185678;4;4;4;2;18;16;1;6;1;6;3;10;2;3;16;6;8;4;6;2;0;13;11;3;20;-4.832426673250613;4;4;2;2;5;1;3;5;14;0;6;21;7.761354674443157;6;14;2;0;4;6;21;6.141507014313997;4;5;24;6;0;3;25;1;9;16;2;0;17;2;4;5;15;4;6;24;6;0;5;6;15;6;1;10;13
TRACK:823;816;-1;0;4;4;0;1;4;4;5;5;5;8;5;25;0;1;6;5;3;1;7;1.1404917899503642;22;4.868163690997015;5;3;5;4;22;9.711643220610776;0;4;1;6;4;8;6;1;24;12;1;1;6;1;9;8;1;6;21;-8.395467011771295;3;7;-8.325511012596271;6;5;3;25;6;3;5;1;6;2;1;1;4;25;1;19;10;6;3;9;1;2;0;16;20;-8.329175506855425;4;19;2;2;16;23;-7.841419284121276;1;17;20;-4.823548024269457;3;0;0;0;4;25;4;16;4;1;23;3.3405145334660205;12;3;0;2;23;8.060264568517036;20;4.712410703419162;1;21;8.297110453865653;11
TRACK:824;818;-1;5;0;5;6;0;5;5;4;6;2;23;-9.430777731918706;23;6.358248623149442;3;14;3;0;4;1;3;3;5;6;22;6.523405092461763;2;1;5;0;7;2.9793112783389217;22;3.23541217609206;5;1;8;18;2;2;1;16;10;1;12;21;0.6173355766658626;2;5;7;-5.1285048705654;3;24;0;4;5;2;0;2;23;-5.874289365752334;17;4;11;4;0;11;25;4;2;4;5;6;19;5;0;3;15;2;13;18
TRACK:825;0;-1;4;6;3;1;5;6;6;6;0;21;0.8766536209155991;7;-5.165478911719122;1;1;4;6;5;4;16;2;6;0;2;17;18;5;19;3;1;1;13;15;6;25;6;6;4;5;3;19
TRACK:826;813;-1;4;1;4;3;0;2;2;1;1;2;19;20;-4.0035862872580985;0;24;23;-1.370481830176223;1;3;19;6;16;1;5;0;18;10;5;1;18;21;-9.743172114566926;2;3;6;0;13;17;4;4;1;25;9;5;6;1;4;6;22;-2.0900346151638627;2;1;22;2.738029918372805;17;4;8;6;2;6;3;0;1;2;1;19;12;3;14;1;3;9;0;14;20;4.630953263007434;3;3;3;25;5;6;3;6;5;4;25
TRACK:827;815;-1;4;0;1;5;5;1;3;0;1;24;22;-1.7727331183459079;0;23;-4.161133503448093;21;-1.1882933898927828;6;4;5;15;5;3;1;0;4;4;15;6;4;14;0;6;6;7;-4.028108093099274;6;6;19;6;2;5;6;4;6;3;12;2;2;6;0;5;8;5;13;2;2;3;20;-2.3765167886266365;0;12;25;1;4;25;1;11;10;4;3;5;5;13
TRACK:828;817;-1;1;5;3;1;0;4;5;1;2;3;9;5;23;7.372577677273091;1;6;7;0.36075681547932076;3;11;4;6;6;1;6;16;2;7;-6.024122594798854;22;3.4898682420885168;1;0;3;4;6;2;25;10;1;4;6;4;15;5;0;6;22;-9.718847449279288;4;8;0;6;0;6;1;19;23;-3.5638844969877015;0;5;25;1;11;12;4;5;6;3;22;-9.447214444367145;0;6;5;5;6;4;0;3;4;11;4;6;23;3.3002254033761678;4;2;0;0;0;2;0;17;3;18;5;3;7;-7.229152604808036;0;4;1;14;23;8.727429795202738;3;4;14;4;5;3;0;20;-2.6821095073241032;20;4.631270200771837;6;5;4;5;1;16;19;2;4;2;6;1;6;14;3;21;9.331706469295787;2;4;0;25;21;7.770191806271181;1;1;17;10;3;17;5;0;4;0;5;24;0;25;9;0;3;5;24;0;2;17;10;0;16;11
TRACK:829;819;-1;6;4;2;3;6;0;5;4;14;1;5;15;2;7;-9.211975572008777;19;5;3;2;6;6;4;4;10;1;2;4;3;14;2;5;8;3;20;9.608597010082669;1;1;5;12;3;25;5;2;12;15
EVAL_INSTANCE:41:0:820
EVAL_INSTANCE:41:1:821
EVAL_INSTANCE:41:2:822
EVAL_INSTANCE:41:3:823
EVAL_INSTANCE:41:4:824
EVAL_INSTANCE:41:5:825
EVAL_INSTANCE:41:6:826
EVAL_INSTANCE:41:7:827
EVAL_INSTANCE:41:8:828
EVAL_INSTANCE:41:9:829
RUN_RESULT:41:0:0:2000:----
RUN_RESULT:41:1:0:2000:----
RUN_RESULT:41:2:0:2000:----
RUN_RESULT:41:3:0:2000:----
RUN_RESULT:41:4:0:2000:----
RUN_RESULT:41:5:0:2000:----
RUN_RESULT:41:6:0:2000:----
RUN_RESULT:41:7:0:2000:----
RUN_RESULT:41:8:0:2000:----
RUN_RESULT:41:9:0:2000:----
    42 |      420 |  0.000000E+00 | -0.000000E+00
TRACK:830;0;3;4;6;3;1;6;19;1;1;4;6;5;4;16;2;6;0;2;17;18;5;19;3;1;1;13;15;6;25;6;6;4;5;3;19
TRACK:831;0;3;5;0;5;6;0;5;5;4;6;2;23;-9.425875259368343;23;6.351964638882649;6;2;6;0;0;22;-5.7053140582007185;15;2;13;8;0;1;13;5;9;2;2;22;-2.8628063595721738;8;3;13;3;0;4;1;3;3;5;6;22;6.502010675018717;2;1;5;0;7;2.951350615301049;22;3.1091386531019545;5;1;8;18;2;2;1;9;10;1;12;21;0.4828827554892712;2;5;7;-5.060335771358783;3;24;0;4;5;2;0;2;23;-5.9151488629807725;17;4;11;4;0;11;25;4;2;4;5;6;19;5;0;3;15;2;13;18
TRACK:832;8;4;6;4;2;0;4;3;6;1;6;6;11;1;1;23;-6.194829372622004;8;0;23;-6.448084404665872;22;-2.585017750253062;6;4;0;1;3;4;7;-1.796785627472408;2;4;25;1;24;15;3;3;0;24;18;5;3;2;6;6;4;25;1;2;4;3;14;2;5;8;3;20;9.74776600337508;1;1;5;12;3;25;5;2;12;15
TRACK:833;8;4;3;5;2;3;6;2;12;15;4;4;3;4;3;0;3;24;5;25
TRACK:834;9;7;4;1;2;6;3;3;3;1;6;6;24;5;1;13;13;2;2;5;5;1;0;5;9;4;11;4;6;16;2;4;1;3;3;13;3;5;15;2;6;3;5;14;6;0;6;15;4;9;0;2;4;5;4;6;22;2.665848916495923;4;4;4;2;18;16;1;6;1;6;3;10;2;5;19;6;8;4;6;2;0;13;11;3;20;4.678946297741202;4;4;2;2;5;1;3;5;14;0;6;21;7.707510668684343;6;14;2;0;4;6;21;6.112383433580128;4;5;24;6;0;3;25;1;9;16;2;0;5;1;0;16;9;6;10;2;4;5;15;4;6;24;6;0;5;6;15;6;1;10;13
TRACK:835;9;7;0;4;4;0;1;4;4;5;5;5;8;5;1;4;1;0;15;23;9.010026579099339;4;21;7.603077435577408;2;3;1;21;0.8741299139996013;20;-9.727771496719013;1;5;25;4;8;0;1;6;5;3;1;7;1.1694286702868357;22;4.9607544345329515;5;3;5;4;22;9.67370061750217;0;4;1;6;4;8;6;1;24;12;1;1;6;1;9;8;1;6;21;-8.244041740037652;3;7;-8.343934600877203;6;5;3;25;6;3;5;1;6;2;1;1;4;25;1;19;10;6;3;9;1;2;0;16;20;-8.356452856661015;4;19;2;2;16;15;1;17;20;-4.716407496205484;3;0;0;0;4;25;4;16;4;1;23;3.4058139379531127;12;3;15
TRACK:836;9;1;4;1;2;6;3;3;3;1;6;6;24;5;1;13;13;2;2;5;5;1;0;5;9;4;11;4;13;2;4;1;3;3;13;3;5;15;2;6;3;5;14;6;0;6;15;4;9;0;2;4;5;4;6;22;2.665848916495923;4;4;4;2;18;16;1;6;1;6;3;10;2;5;19;6;8;4;6;2;0;13;11;3;20;-4.756331604557056;4;4;2;2;5;1;3;5;14;0;6;21;7.707510668684343;6;14;2;0;4;6;21;6.112383433580128;4;5;24;6;0;3;25;1;9;16;2;0;5;1;0;16;9;6;10;2;4;5;15;4;6;24;6;0;5;6;15;6;1;10;13
TRACK:837;9;1;1;0;1;0;6;1;6;6;0;0;11;13;0;24;25;2;0;0;1;11;18;5;13;0;5;19;1;16;16;1;0;2;23;-2.2571701295058633;11;5;14;6;1;16;13;6;0;2;4;5;4;9;0;6;6;19;5;6;7;-8.027529548669474;6;1;4;2;7;0.07010987965106708;9;2;1;18;14;0;16;16;4;4;5;2;3;1;5;21;8.72293539427383;4;10;5;6;0;10;20;9.760890453417513;0;6;5;2;4;6;6;6;12;4;2;5;2;18;18;2;3;20;-1.309421897974218;6;21;8.619756525285762;5;3;0;5;3;4;0;16;17;0;0;2;2;12;20;-7.142345868378386;2;13;22;7.201771128708472;4;1;23;1.9260129348463444;25;6;6;1;10;25;5;4;6;2;2;5;5;5;5;24;3;6;1;5;7;0.5327554097370673;4;8;5;3;2;6;2;19;23;-4.7855461444313185;6;6;19
TRACK:838;2;3;4;1;4;3;0;2;2;1;1;2;19;20;-4.142185303395147;0;8;23;-1.4602899930131628;1;3;19;15;1;5;0;18;10;5;1;18;21;-9.826680263377368;2;3;6;0;13;17;4;4;1;25;9;5;6;1;4;6;22;-2.0582719638834;2;1;22;2.6848393667379593;17;4;8;6;2;6;3;0;1;2;1;19;12;3;14;1;3;9;1;7;-7.3461643690864475;14;3;3;3;25;5;6;3;6;5;4;25
TRACK:839;2;3;5;0;5;6;0;5;5;4;6;2;23;-9.425875259368343;23;6.351964638882649;6;2;6;0;0;22;-5.7053140582007185;15;2;13;8;0;1;4;14;5;9;2;2;22;-2.8628063595721738;8;3;13;3;0;4;1;3;3;5;6;22;6.502010675018717;2;1;5;0;7;2.951350615301049;22;3.1091386531019545;5;1;8;18;2;2;1;9;10;1;12;21;0.4828827554892712;2;5;7;-5.060335771358783;3;24;19
TRACK:840;830;-1;4;6;3;1;6;19;1;1;4;6;5;4;16;2;6;0;2;17;12;5;19;3;1;1;13;15;6;25;6;6;4;5;3;19
TRACK:841;832;-1;6;4;2;0;4;3;6;1;6;6;11;1;1;23;-6.151898306634261;8;0;23;-6.5674928298590824;22;-2.5323923540072695;6;4;0;1;3;4;7;-1.899332365364289;2;4;25;1;24;15;3;3;0;24;18;5;3;3;2;6;0;1;17;8;5;13;5;5;0;21;8.230974816639161;24
TRACK:842;834;-1;4;1;2;6;3;3;3;1;6;6;24;5;1;13;13;2;2;5;5;1;0;5;9;4;11;4;6;16;2;4;1;3;3;13;3;5;15;2;6;3;5;14;6;0;6;15;4;9;0;2;4;5;4;6;22;2.507416326703627;4;4;4;2;18;16;1;6;1;6;3;10;2;5;19;6;8;4;6;2;0;13;11;3;20;4.716058821133285;4;4;2;2;5;1;3;5;14;0;6;21;7.709502261635228;6;14;2;0;4;6;21;6.190265659496078;4;5;24;6;0;3;25;1;9;16;2;0;5;1;0;16;21;-6.482857944239539;6;10;2;4;5;15;4;6;24;6;0;5;6;15;6;1;10;13
TRACK:843;836;-1;4;1;2;6;3;3;3;1;6;6;24;5;1;13;13;2;2;5;5;1;0;3;11;4;11;4;13;2;4;1;3;3;13;3;5;15;2;6;3;5;14;6;0;6;15;4;9;0;2;4;5;4;6;22;2.715230655475559;4;4;4;2;18;16;1;6;1;6;3;10;2;5;19;6;8;4;6;2;0;13;11;3;20;-4.761083629418638;4;4;2;2;5;1;3;5;14;0;6;21;7.746426801966939;6;14;2;0;4;6;21;6.160105261147767;4;5;24;6;0;3;25;1;9;16;2;0;5;1;0;16;9;6;10;2;4;5;15;4;6;24;6;0;5;6;15;6;1;10;13
TRACK:844;838;-1;4;1;4;3;0;5;5;6;6;3;11;5;6;1;4;6;22;-2.160307980151981;2;1;22;2.6943386957006443;17;4;8;6;2;6;3;0;1;2;1;19;12;3;14;1;3;9;1;7;-7.389876251335872;14;3;3;3;25;5;6;3;6;5;4;25
TRACK:845;831;-1;5;0;5;6;0;5;5;4;6;2;23;-9.351056662657589;23;6.211208525095159;6;2;6;0;0;22;-5.714271601124003;15;2;13;8;0;1;13;5;9;2;2;22;-2.9289328252035847;8;3;13;3;0;4;1;3;3;5;6;22;6.455470557369499;2;1;5;0;7;3.048338411137459;22;3.0725427122639384;5;1;8;18;2;2;1;9;10;1;12;21;0.40645090023598884;2;1;14;20;2.8614644505165643;3;24;0;4;5;2;0;2;23;-5.968445370231998;17;4;11;4;0;11;25;4;2;4;5;6;19;5;0;3;15;2;13;18
TRACK:846;833;-1;1;1;6;3;2;2;5;22;2.711770053265308;5;19;2;4;16;6;20;6.803002785448548;4;6;2;0;1;17;8;4;23;-7.2862718620212625;2;0;10;17;4;12;1;6;6;6;4;3;14;6;3;5;1;2;18;23;0.6144909656914734;1;15;20;-9.117640772714674
TRACK:847;835;-1;0;4;4;0;1;4;4;5;5;5;8;5;1;4;1;0;15;23;9.015936374150264;4;21;7.599308582483128;2;3;1;21;0.9079150480322928;20;-9.836991664478942;1;5;25;4;8;0;1;6;5;3;1;7;1.7197447015869667;22;5.02916807421663;5;3;5;4;22;9.74084348166527;0;4;1;6;4;8;6;1;24;12;1;1;6;1;9;8;1;6;21;-8.30394871906991;3;7;-8.143910093231408;6;5;3;25;6;3;5;1;6;2;1;1;4;25;1;19;10;6;3;9;1;2;0;16;20;-8.514028230633931;4;19;2;2;16;15;1;17;20;-4.624362568737789;3;0;0;0;4;25;4;16;4;1;23;3.3279502935610457;12;3;15
TRACK:848;837;-1;1;0;1;0;6;1;6;6;0;0;11;13;0;24;25;2;0;0;1;11;18;5;13;0;5;19;1;16;16;1;0;2;23;-2.2439866699683955;11;5;14;6;1;16;13;6;0;2;4;5;4;9;0;6;6;19;5;6;7;-8.082669526935028;6;1;4;2;7;-0.043036895717290025;9;2;1;18;14;0;16;16;4;2;9;12;0;6;5;2;4;6;6;6;12;4;2;5;2;18;18;2;3;20;-1.3375473801910318;6;21;8.755413903389977;5;3;0;5;3;4;0;16;17;0;0;2;2;12;20;-7.049849131985862;2;13;22;7.136804651608015;4;1;23;1.9445693895706342;25;6;6;1;10;25;5;4;6;2;2;5;5;5;5;24;3;6;1;5;7;0.6204871356929736;4;8;5;3;2;6;2;19;23;-4.743459633770876;6;6;19
TRACK:849;839;-1;5;0;5;6;0;5;5;4;6;2;23;-9.448078238204083;23;6.479962600224927;6;2;6;0;0;22;-5.793345821450109;15;2;13;8;0;1;4;14;5;9;2;2;22;-2.9065387732765413;8;3;13;3;0;4;1;3;3;5;6;22;6.424505024798484;2;1;5;0;7;2.9072803023180533;22;2.9129668336706094;5;1;8;18;2;2;1;9;10;1;12;21;0.4184108123249349;2;6;10;3;24;19
EVAL_INSTANCE:42:0:840
EVAL_INSTANCE:42:1:841
EVAL_INSTANCE:42:2:842
EVAL_INSTANCE:42:3:843
EVAL_INSTANCE:42:4:844
EVAL_INSTANCE:42:5:845
EVAL_INSTANCE:42:6:846
EVAL_INSTANCE:42:7:847
EVAL_INSTANCE:42:8:848
EVAL_INSTANCE:42:9:849
RUN_RESULT:42:0:0:2000:----
RUN_RESULT:42:1:0:2000:----
RUN_RESULT:42:2:0:2000:----
RUN_RESULT:42:3:0:2000:----
RUN_RESULT:42:4:0:2000:----
RUN_RESULT:42:5:0:2000:----
RUN_RESULT:42:6:0:2000:----
RUN_RESULT:42:7:0:2000:----
RUN_RESULT:42:8:0:2000:----
RUN_RESULT:42:9:0:2000:----
    43 |      430 |  0.000000E+00 | -0.000000E+00
TRACK:850;7;6;0;4;4;0;1;4;4;5;5;5;8;5;1;4;1;0;15;23;9.010026579099339;4;21;7.603077435577408;2;3;1;21;0.8741299139996013;20;-9.727771496719013;1;5;25;4;8;0;1;6;5;3;1;7;1.1694286702868357;22;4.9607544345329515;5;3;5;4;22;9.67370061750217;0;4;1;6;4;8;6;1;24;12;1;1;6;1;9;8;1;6;21;-8.244041740037652;3;7;-8.343934600877203;6;5;3;25;6;3;5;1;6;2;1;1;4;25;1;19;10;6;3;9;1;2;1;21;0.15781845565135022;24;4;19;2;2;16;15;1;17;20;-4.716407496205484;3;0;0;0;4;25;4;16;4;1;23;3.4058139379531127;12;3;0;2;23;7.997450742602297;20;4.678946297741202;1;21;8.169859715769505;11
TRACK:851;7;6;4;0;1;3;5;3;3;5;5;4;19;2;3;1;2;1;5;1;14;12;4;1;15;18;0;5;2;11;7;3.3949546236874166;1;1;21;0.15781845565135022;24;6;14;6;6;6;5;14;6;4;6;0;3;3;9;0;2;19;17;3;15;6;4;2;0;0;6;6;1;21;-0.8411316608662993;22;-5.721673982302146;0;1;6;16;4;14;1;0;9;7;3.452318748288228;5;25;5;4;5;3;12;3;2;2;6;1;20;4.678946297741202;25;3;6;7;5.598869455374256;6;6;1;17;22;-0.8355763743440541
TRACK:852;2;0;4;1;4;3;0;2;2;1;1;2;19;20;-4.142185303395147;0;8;23;-1.4602899930131628;1;3;19;6;16;1;5;0;18;10;5;1;18;21;-9.826680263377368;2;3;6;0;13;17;4;4;1;25;9;5;6;1;4;6;22;-2.0582719638834;2;1;22;2.6848393667379593;17;4;8;6;2;6;3;0;1;2;1;19;12;3;14;1;3;9;1;7;-7.3461643690864475;14;1;2;15;15;6;17;5;6;3;6;5;4;25
TRACK:853;2;0;4;6;3;1;5;6;6;6;1;2;15;15;6;17;1;1;4;6;5;4;16;2;6;0;2;17;18;5;19;3;1;19;6;25;6;6;4;5;3;19
TRACK:854;8;4;6;4;2;0;4;3;6;1;6;6;11;1;1;23;-6.194829372622004;8;0;23;-6.448084404665872;22;-2.585017750253062;6;4;0;1;3;4;7;-1.796785627472408;2;4;25;1;24;15;3;3;0;24;18;5;11
TRACK:855;8;4;3;5;2;3;6;2;5;4;4;6;15;1;3;2;3;19;6;22;-0.03499774720603632;3;5;4;11;4;4;3;4;3;10
TRACK:856;3;8;5;0;5;6;0;5;5;4;6;2;23;-9.425875259368343;23;6.351964638882649;6;2;6;0;0;25;15;2;13;8;0;1;4;14;5;9;2;2;22;-2.8628063595721738;8;3;13;3;0;4;1;3;3;5;6;22;6.502010675018717;2;1;5;0;7;2.951350615301049;22;3.1091386531019545;5;1;8;18;2;2;1;9;10;1;12;21;0.4828827554892712;2;5;7;-5.060335771358783;3;24;0;4;5;2;0;2;23;-5.9151488629807725;17;4;11;4;0;11;25;4;2;4;5;6;19;5;0;3;15;2;13;18
TRACK:857;3;8;6;4;2;0;4;1;3;3;5;6;22;6.502010675018717;2;1;5;0;7;2.951350615301049;22;3.1091386531019545;5;1;8;18;2;2;1;9;10;1;12;21;0.4828827554892712;2;5;7;-5.060335771358783;3;24;6;4;0;1;3;4;7;-1.796785627472408;2;4;25;1;24;15;3;3;0;24;18;5;3;2;6;6;4;4;10;1;2;4;3;14;2;5;8;3;20;9.74776600337508;1;1;5;12;3;25;5;2;12;15
TRACK:858;5;2;1;5;3;1;0;4;5;1;2;3;9;5;23;7.309737645474968;1;6;7;0.3218028824642367;3;11;4;6;6;1;6;16;2;7;-5.854091696762859;22;3.66350285320285;1;0;3;4;6;2;25;10;1;4;6;4;15;5;0;6;22;-9.58565805499974;4;8;0;6;0;6;1;19;23;-3.587308483082352;0;5;25;1;11;12;4;5;6;3;22;-9.350739913168448;0;6;5;5;6;4;0;3;4;11;4;6;23;3.393492578825029;4;2;0;0;0;2;0;2;14;18;3;18;5;3;7;-7.279508601903622;0;4;6;22;6.945105059765922;3;4;14;4;5;3;0;20;-2.748115565306861;20;4.594253372334986;6;5;4;5;1;16;19;2;4;2;6;1;6;14;3;21;9.356815312735755;2;4;0;25;21;7.75724703552433;1;1;17;10;3;17;5;0;4;9;0;3;5;24;0;2;17;10;0;16;11
TRACK:859;5;2;4;1;4;3;0;2;6;1;6;16;2;7;-5.854091696762859;22;3.66350285320285;2;3;6;0;13;17;4;4;1;25;9;5;6;1;4;6;22;-2.0582719638834;2;1;22;2.6848393667379593;17;4;8;6;2;6;3;0;1;2;1;19;12;3;14;1;3;9;1;7;-7.3461643690864475;14;3;3;3;25;5;6;3;6;5;4;25
TRACK:860;850;-1;0;4;4;0;1;4;4;5;5;5;8;5;1;4;1;0;15;23;8.811906418673777;4;21;7.697084604150157;2;3;1;21;0.9427035490254625;20;-9.72682983298112;1;5;25;4;8;0;1;6;5;3;1;7;1.0974201130054466;22;4.881633317728411;5;3;5;4;22;9.84175588944957;0;4;1;6;4;8;6;1;24;12;1;1;6;1;9;8;1;6;21;-8.482353371903463;3;7;-8.337213411599093;6;5;3;25;6;3;5;1;6;2;1;1;4;25;1;19;10;6;3;9;1;2;1;21;0.30036102477231985;24;4;19;2;2;16;15;1;17;20;-4.584023898193509;3;1;2;2;24;24;5;7;8.849797116395465;6;0;15;16
TRACK:861;852;-1;4;1;4;3;0;2;2;1;1;2;19;20;-3.974323033477228;0;8;23;-1.510834230210678;1;3;19;6;16;1;5;0;18;10;5;1;18;21;-9.656769027458102;2;3;6;0;13;17;4;4;1;25;9;5;6;1;4;6;22;-2.0395239374532976;2;1;22;2.704556455121323;14;4;8;6;2;6;3;0;1;2;1;19;12;3;14;1;3;9;1;7;-7.351611522740002;14;1;2;15;15;6;17;5;6;3;6;5;4;25
TRACK:862;854;-1;6;4;2;0;4;3;6;1;6;6;11;1;1;23;-6.248299350163513;8;0;23;-6.346272074016569;22;-2.5996189780507364;6;4;0;1;3;4;7;-1.7774828860346705;2;4;12;1;24;15;3;3;0;24;18;5;11
TRACK:863;856;-1;5;0;5;6;0;5;5;4;6;2;23;-9.266545680924589;23;6.287672655777435;6;2;6;0;0;25;15;2;13;8;0;1;4;14;5;9;2;2;22;-2.7796767912602056;8;3;13;3;0;4;1;3;3;5;6;22;6.603473780609609;2;1;5;0;7;2.921802409526021;22;3.248459281636628;5;1;8;18;2;2;1;9;10;0;10;22;1.6471951032765055;2;5;7;-5.099543725750368;3;24;0;4;5;2;0;2;23;-5.88859553502986;17;4;11;4;0;11;25;4;2;4;5;6;19;5;0;3;15;2;13;18
TRACK:864;858;-1;1;5;3;1;0;4;5;1;2;3;9;5;23;7.486822086462396;1;6;7;0.4019901031995314;3;11;4;6;6;1;5;12;2;7;-5.704571207611395;22;3.63844325293759;1;0;3;4;6;2;25;10;1;4;6;4;15;5;0;6;22;-9.694602074161692;4;8;0;6;0;6;1;19;23;-3.5139381141727206;0;5;25;1;11;12;4;5;6;3;22;-9.43546993631126;0;6;5;5;6;4;0;3;4;11;4;6;23;3.2195200165178726;4;2;0;0;0;2;0;2;14;18;3;18;5;3;7;-7.106285376572229;0;4;6;22;6.866453030978823;3;4;14;4;5;3;0;20;-2.846245002961432;20;4.459181075345549;6;5;4;5;1;16;19;2;4;2;6;1;6;14;3;21;9.356528421444795;2;4;0;25;21;7.74442913733635;1;1;17;10;3;17;5;0;4;9;0;3;5;24;0;2;17;10;0;16;11
TRACK:865;851;-1;4;0;1;3;5;3;3;5;5;4;19;2;3;1;2;1;5;6;14;4;1;15;18;0;5;2;11;7;3.4685996792419806;1;1;21;0.21794071500804804;24;6;14;6;6;6;5;14;6;4;6;0;3;3;9;0;2;19;17;3;15;6;4;2;0;0;6;6;1;21;-0.6516311368797983;22;-5.805241132293511;0;1;6;16;4;14;1;0;9;7;3.433401773498976;5;25;5;4;5;3;12;3;2;2;6;1;20;4.6665879000982615;25;3;6;7;5.624965348421031;6;6;1;17;22;-0.882106731751139
TRACK:866;853;-1;4;6;3;1;5;6;6;6;1;2;15;15;6;17;1;1;4;6;5;4;16;2;6;0;2;16;15;5;19;3;1;19;6;25;6;6;4;5;3;19
TRACK:867;855;-1;3;5;2;3;6;2;5;4;4;6;15;1;3;2;3;19;6;22;-0.029524575313927038;3;5;4;11;4;4;2;9;23;-4.355165155149219
TRACK:868;857;-1;6;4;2;0;4;1;3;3;5;1;10;9;2;1;5;0;7;2.750853290525468;22;3.022905729712152;5;1;8;18;2;2;1;9;10;1;12;21;0.22752465395348398;2;5;7;-5.080264940473208;3;24;6;4;0;1;3;4;7;-1.6683202200021312;2;4;25;1;24;15;3;3;0;24;18;5;3;2;6;6;4;4;10;1;2;4;3;14;2;5;8;3;20;9.909130497923488;1;1;5;12;3;25;5;2;12;15
TRACK:869;859;-1;4;1;4;3;0;2;6;1;6;16;2;7;-5.961613192270421;22;3.6455194320251594;2;3;6;0;13;17;4;4;1;25;9;5;6;1;4;6;22;-2.079149722457292;2;1;22;2.670617925354457;17;4;24;6;2;6;3;0;1;2;1;19;12;3;14;1;3;9;1;7;-7.17343265043512;14;3;3;3;25;5;6;3;6;5;4;25
EVAL_INSTANCE:43:0:860
EVAL_INSTANCE:43:1:861
EVAL_INSTANCE:43:2:862
EVAL_INSTANCE:43:3:863
EVAL_INSTANCE:43:4:864
EVAL_INSTANCE:43:5:865
EVAL_INSTANCE:43:6:866
EVAL_INSTANCE:43:7:867
EVAL_INSTANCE:43:8:868
EVAL_INSTANCE:43:9:869
RUN_RESULT:43:0:0:2000:----
RUN_RESULT:43:1:0:2000:----
RUN_RESULT:43:2:0:2000:----
RUN_RESULT:43:3:0:2000:----
RUN_RESULT:43:4:0:2000:----
RUN_RESULT:43:5:0:2000:----
RUN_RESULT:43:6:0:2000:----
RUN_RESULT:43:7:0:2000:----
RUN_RESULT:43:8:0:2000:----
RUN_RESULT:43:9:0:2000:----
    44 |      440 |  0.000000E+00 | -0.000000E+00
TRACK:870;1;5;1;0;1;0;6;1;6;6;0;0;11;13;0;24;25;2;0;0;1;11;18;5;13;0;5;19;1;16;16;1;0;2;23;-2.2571701295058633;11;5;14;6;1;16;13;6;0;2;4;5;4;9;0;6;6;19;18;6;1;4;2;7;0.07010987965106708;9;2;1;18;14;0;13;16;4;4;5;2;3;1;5;21;8.72293539427383;4;10;5;6;0;10;20;9.760890453417513;0;6;5;2;4;6;6;6;12;4;2;5;2;18;18;2;3;20;-1.309421897974218;6;21;8.619756525285762;5;3;0;5;3;4;0;16;17;0;0;2;2;12;20;-7.142345868378386;2;13;22;7.201771128708472;4;1;23;1.9260129348463444;25;6;6;1;10;25;5;4;6;2;2;5;5;5;5;24;3;6;1;5;7;0.5327554097370673;4;8;5;3;2;6;2;19;23;-4.7855461444313185;6;6;19
TRACK:871;1;5;1;5;3;1;0;4;5;1;2;3;9;5;23;7.309737645474968;1;6;7;0.3218028824642367;3;11;4;6;6;1;6;16;2;7;-5.854091696762859;22;3.66350285320285;1;0;3;4;6;2;25;10;1;4;6;4;15;5;0;6;22;-9.58565805499974;4;8;0;6;0;6;1;19;23;-3.587308483082352;0;5;25;1;11;12;4;5;6;3;22;-9.350739913168448;0;6;5;5;6;4;0;3;4;11;4;6;23;3.393492578825029;4;2;0;0;0;2;0;2;14;16;3;18;5;3;7;-7.279508601903622;0;4;6;22;6.945105059765922;3;4;14;4;5;3;0;20;-2.748115565306861;20;4.594253372334986;6;5;4;5;1;16;19;2;4;2;6;1;6;14;3;21;9.356815312735755;2;4;0;25;21;7.75724703552433;1;1;17;10;3;17;5;0;4;0;5;24;0;25;9;0;3;5;24;0;2;17;10;0;16;11
TRACK:872;6;8;4;0;1;3;5;3;3;5;5;4;19;2;3;1;2;1;5;1;14;12;4;1;15;18;0;5;2;11;7;3.3949546236874166;1;1;21;0.15781845565135022;24;6;14;6;6;6;5;14;6;4;6;0;3;3;9;0;2;19;17;3;15;6;4;4;10
TRACK:873;6;8;6;4;2;0;4;3;6;1;6;6;11;1;1;23;-6.194829372622004;8;0;23;-6.448084404665872;22;-2.585017750253062;6;1;17;22;-0.8355763743440541;5;3;2;6;6;4;4;10;1;2;4;3;14;2;5;8;3;20;9.74776600337508;1;1;5;12;3;25;5;2;12;15
TRACK:874;9;4;4;1;2;6;3;3;3;1;6;6;19;5;1;13;13;2;2;5;5;1;0;5;9;4;11;4;6;16;2;4;1;3;3;13;3;5;15;2;6;3;5;14;6;0;6;15;4;9;0;2;4;5;4;6;22;2.665848916495923;4;4;4;2;18;16;1;6;1;6;3;10;2;5;19;6;8;4;6;2;0;13;11;3;20;-4.756331604557056;4;4;2;2;5;1;3;5;14;0;6;21;7.707510668684343;6;14;2;0;4;6;21;6.112383433580128;4;5;24;6;0;3;25;1;9;16;2;0;5;1;0;16;9;6;10;2;4;5;15;4;6;24;6;0;5;6;15;6;1;10;13
TRACK:875;9;4;3;5;2;3;6;2;5;4;16;1;3;2;3;19;6;22;-0.03499774720603632;3;5;4;11;4;4;3;4;3;0;3;24;5;25
TRACK:876;1;0;1;0;1;0;6;1;6;6;0;0;11;13;0;24;25;2;0;0;1;11;18;5;13;0;5;19;1;16;16;1;0;2;23;-2.2571701295058633;11;5;14;6;1;16;13;6;0;2;4;5;4;9;0;6;6;19;5;6;7;-8.027529548669474;6;1;4;2;7;0.07010987965106708;9;2;1;18;14;0;13;16;4;4;5;2;3;1;5;21;8.72293539427383;4;10;5;6;0;10;20;9.760890453417513;0;6;5;2;4;6;6;6;12;4;2;5;2;18;18;2;3;20;-1.309421897974218;6;21;8.619756525285762;5;3;0;5;3;4;0;16;17;0;0;2;2;12;20;-7.142345868378386;2;13;22;7.201771128708472;4;1;23;1.9260129348463444;25;6;6;1;10;25;5;4;6;2;2;5;5;5;5;24;3;6;1;19;4;8;5;3;2;6;2;19;23;-4.7855461444313185;6;6;19
TRACK:877;1;0;4;6;3;1;5;6;6;6;1;2;23;-2.2571701295058633;15;6;17;1;1;4;6;5;4;16;2;6;0;2;17;18;5;19;3;1;1;13;15;6;25;6;6;4;5;3;19
TRACK:878;6;5;4;0;1;3;5;3;3;5;5;4;19;2;3;1;1;2;3;9;5;23;7.309737645474968;1;6;7;0.3218028824642367;3;11;6;6;6;5;14;6;4;6;0;3;3;9;0;2;19;17;3;15;6;4;2;0;0;6;6;1;21;-0.8411316608662993;22;-5.721673982302146;0;1;6;16;4;14;1;0;9;7;3.452318748288228;5;25;5;4;5;3;12;3;2;2;6;1;25;25;3;6;7;5.598869455374256;6;6;1;17;22;-0.8355763743440541
TRACK:879;6;5;1;5;3;1;0;4;5;1;2;3;9;5;7;3.452318748288228;1;6;7;0.3218028824642367;3;11;4;6;6;1;6;16;2;7;-5.854091696762859;22;3.66350285320285;1;0;3;4;6;2;25;10;1;4;6;4;15;5;0;6;22;-9.58565805499974;4;8;0;6;0;6;1;19;23;-3.587308483082352;0;5;25;1;11;12;4;5;6;3;22;-9.350739913168448;0;6;5;5;6;4;0;3;4;11;4;6;23;3.393492578825029;4;2;0;0;0;2;0;2;14;18;3;18;5;3;7;-7.279508601903622;0;4;6;22;6.945105059765922;3;4;14;4;5;3;0;20;-2.748115565306861;20;4.594253372334986;6;5;4;5;1;16;19;2;4;2;6;1;6;14;3;21;9.356815312735755;2;4;0;25;21;7.75724703552433;1;1;17;10;3;17;5;0;4;0;5;24;0;25;9;0;3;5;24;0;2;17;10;0;16;11
TRACK:880;870;-1;1;0;1;0;6;1;6;6;0;0;11;13;0;24;25;2;0;0;1;11;18;5;13;0;5;19;1;16;16;1;0;2;23;-2.1431800572882675;11;5;14;6;1;16;13;6;0;2;4;5;4;9;0;6;6;19;18;6;1;4;2;7;0.09757344587871272;9;2;1;18;14;0;13;16;4;4;5;2;3;1;5;21;8.67324989301217;4;10;5;6;0;10;20;9.77782291076902;0;6;1;2;2;18;20;-9.321898096766507;2;7;-2.1709331493256485;10;0;6;13;0;21;1.311451947557373;13;5;3;0;5;3;4;0;16;17;0;0;2;2;12;20;-7.223990701421789;2;13;22;7.27835589023154;4;1;23;1.9314524408557294;25;6;6;1;10;25;5;4;6;2;2;5;5;5;5;24;3;6;1;5;7;0.47245271488883833;4;8;5;3;2;6;2;19;23;-4.993823779166755;6;6;19
TRACK:881;6;-1;4;0;1;3;5;3;3;5;5;4;19;2;3;1;2;1;5;1;14;12;4;1;15;18;0;5;2;11;7;3.3195620010256555;1;1;21;0.2278177980880865;24;6;14;6;6;6;5;14;6;4;6;0;3;3;9;0;2;19;17;3;15;6;4;2;0;0;6;6;1;21;-1.0601483377790308;22;-5.629828966195774;0;1;6;16;4;14;1;0;25;7;3.496927620834022;5;25;5;4;5;3;12;3;2;2;6;1;25;25;3;6;7;5.544825364606501;6;6;1;17;22;-0.9889804744772834
TRACK:882;874;-1;4;1;2;6;3;3;3;1;6;6;19;5;1;13;13;2;2;5;5;1;0;5;9;4;11;4;6;16;2;4;1;3;3;13;3;5;15;2;6;3;5;14;6;0;6;15;4;9;0;2;4;5;4;6;22;2.4920436685903624;4;4;4;2;18;16;1;6;1;6;3;10;2;5;19;6;8;4;6;2;0;13;11;3;20;-4.7384359114153085;4;4;2;2;5;1;3;5;14;0;6;21;7.603786506321527;6;14;2;0;4;6;21;5.989377569263637;4;5;24;6;0;4;13;1;9;16;2;0;5;1;0;16;9;6;10;2;4;5;15;4;6;24;6;0;5;6;15;6;1;10;13
TRACK:883;876;-1;1;0;1;0;6;1;6;6;0;0;11;13;0;24;25;2;0;0;1;11;18;5;13;0;5;19;1;16;16;1;0;2;23;-2.182319208773523;11;5;14;6;1;16;13;6;0;2;4;5;4;9;0;6;6;19;5;6;7;-7.99434199922344;6;1;4;2;7;0.05411713694959262;9;2;1;25;14;0;13;16;4;4;5;2;3;1;5;21;8.606632341632595;4;10;5;6;0;10;20;9.763052778656283;0;6;5;2;4;6;6;6;12;4;2;5;2;18;18;2;3;20;-1.256381607845507;6;21;8.657134200382755;5;3;0;5;3;4;0;16;17;0;0;2;2;12;20;-7.00690694946719;2;13;22;7.241280802459226;4;1;23;1.899335120614366;25;6;6;1;10;25;5;4;6;2;2;5;5;5;5;24;3;6;1;19;4;8;5;3;2;6;2;19;23;-4.7190926675365175;6;6;19
TRACK:884;878;-1;4;0;1;3;5;3;3;5;5;4;19;2;3;1;1;2;3;9;5;23;7.363448734893879;1;6;7;0.3412558962396491;3;11;6;6;6;5;14;6;4;6;0;3;3;9;0;2;19;17;3;15;6;4;2;0;0;6;6;1;21;-0.8633426366820298;22;-5.797256156409449;0;1;6;16;4;14;1;0;9;7;3.4058896888948844;5;25;5;4;5;3;12;3;2;2;6;1;25;25;3;6;7;5.552493933934576;2;4;19;6;13
TRACK:885;871;-1;1;5;3;1;0;4;5;1;2;3;9;5;23;7.264754190440151;1;6;7;0.3772824853534811;3;11;0;24;12;1;0;3;4;6;2;25;10;1;4;6;4;15;5;0;6;22;-9.702523840462954;4;8;0;6;0;6;1;19;23;-3.4783546362350743;0;5;25;1;11;12;4;5;6;3;22;-9.499413718827407;0;6;5;5;6;4;0;3;4;11;4;6;23;3.592380547587137;4;2;0;0;0;2;0;2;14;16;3;18;5;3;7;-7.412200106637994;0;4;6;22;6.796295048524101;3;4;14;4;5;3;0;20;-2.72193781232636;20;4.752489734765549;6;5;4;5;1;16;19;2;4;2;6;1;6;14;3;21;9.50377929336935;2;4;0;25;21;7.68312349404977;1;1;17;10;3;17;5;0;4;0;5;24;0;25;9;0;3;5;24;0;2;17;10;0;16;11
TRACK:886;8;-1;6;4;2;0;4;3;6;1;6;6;11;1;1;23;-6.158378688725703;12;0;23;-6.573333646808336;22;-2.617020764793354;6;4;0;1;3;4;7;-1.8523921600260875;2;4;25;1;24;15;3;3;0;24;18;5;3;2;6;6;4;4;10;1;2;4;3;14;2;5;8;3;20;9.666737518610404;1;1;5;12;3;25;5;2;12;15
TRACK:887;875;-1;3;5;2;3;6;2;5;4;4;3;16;1;3;2;3;19;6;22;-0.14849695323936776;3;5;4;11;4;4;3;4;3;0;3;24;5;25
TRACK:888;877;-1;4;6;3;6;0;3;0;6;2;23;8.268139015451933;7;7.055440677622624;5;2;21;5.001856988533337;17;5;0;0;1;10;8;1;13;25;4;5;13
TRACK:889;879;-1;1;5;3;1;0;4;5;1;2;3;9;5;7;3.464002137882426;1;6;7;0.30529967236853267;3;11;4;6;6;1;6;16;2;7;-5.702558127353953;22;3.6217979350155574;1;0;3;4;6;2;25;10;1;4;6;4;15;5;0;6;22;-9.415099392905283;4;8;0;6;0;6;1;19;23;-3.5512114159969754;0;5;25;1;11;12;4;5;6;3;22;-9.124546297241585;0;6;5;5;6;4;0;3;4;11;4;6;23;3.5053618296564273;4;2;0;0;0;2;0;2;14;18;3;18;5;3;7;-7.409990452694953;0;4;6;22;7.128081891970128;3;4;14;4;5;3;0;20;-2.67706447999183;20;4.578263790069437;6;5;4;5;1;16;19;2;4;2;6;1;6;14;3;21;9.453943736768537;2;4;0;25;21;7.652967209786992;1;1;17;10;3;17;5;0;4;0;5;24;0;25;9;0;3;5;15;0;2;17;10;0;16;11
EVAL_INSTANCE:44:0:880
EVAL_INSTANCE:44:1:881
EVAL_INSTANCE:44:2:882
EVAL_INSTANCE:44:3:883
EVAL_INSTANCE:44:4:884
EVAL_INSTANCE:44:5:885
EVAL_INSTANCE:44:6:886
EVAL_INSTANCE:44:7:887
EVAL_INSTANCE:44:8:888
EVAL_INSTANCE:44:9:889
RUN_RESULT:44:0:0:2000:----
RUN_RESULT:44:1:0:2000:----
RUN_RESULT:44:2:0:2000:----
RUN_RESULT:44:3:0:2000:----
RUN_RESULT:44:4:0:2000:----
RUN_RESULT:44:5:0:2000:----
RUN_RESULT:44:6:0:2000:----
RUN_RESULT:44:7:0:2000:----
RUN_RESULT:44:8:0:2000:----
RUN_RESULT:44:9:0:2000:----
    45 |      450 |  0.000000E+00 | -0.000000E+00
TRACK:890;8;4;6;4;2;0;4;3;6;1;6;6;11;1;1;23;-6.194829372622004;8;0;23;-6.448084404665872;15;6;4;0;1;3;4;7;-1.796785627472408;2;4;25;1;24;15;3;3;0;24;18;5;3;2;6;6;4;4;10;1;2;4;3;14;2;5;8;3;20;9.74776600337508;1;1;5;12;3;25;5;2;12;15
TRACK:891;8;4;3;5;2;3;6;2;5;4;4;6;15;1;3;2;3;19;6;12;3;5;4;11;4;4;3;4;3;0;3;24;5;25
TRACK:892;3;5;5;0;5;6;0;5;5;4;6;2;23;-9.425875259368343;23;6.351964638882649;6;2;6;0;0;22;-5.7053140582007185;15;2;13;8;0;1;4;14;5;9;16;3;0;4;1;3;3;5;6;22;6.502010675018717;2;1;5;0;7;2.951350615301049;22;3.1091386531019545;5;1;8;18;2;2;1;9;10;1;12;21;0.4828827554892712;2;5;7;-5.060335771358783;3;24;0;4;5;2;0;2;23;-5.9151488629807725;17;4;11;4;0;11;25;4;2;4;5;6;19;5;0;3;15;2;13;18
TRACK:893;3;5;1;5;3;1;0;4;5;1;2;3;9;5;23;7.309737645474968;1;6;7;0.3218028824642367;3;11;4;6;6;1;6;16;2;7;-5.854091696762859;22;3.66350285320285;1;0;3;4;6;2;25;10;1;4;6;4;15;5;0;6;22;-9.58565805499974;4;8;0;6;0;6;1;19;23;-3.587308483082352;0;5;25;1;11;12;4;5;6;3;22;-9.350739913168448;0;6;5;5;6;4;0;3;4;11;4;9;4;2;0;0;0;2;0;2;14;18;3;18;5;3;7;-7.279508601903622;0;4;6;22;6.945105059765922;3;4;14;4;5;3;0;20;-2.748115565306861;20;4.594253372334986;6;5;4;5;1;16;19;2;4;2;6;1;6;14;3;21;9.356815312735755;2;4;0;25;21;7.75724703552433;1;1;17;10;3;17;5;0;4;0;5;24;0;25;9;0;3;5;24;0;2;17;10;0;16;11
TRACK:894;2;7;4;1;4;3;0;2;2;1;1;2;19;20;-4.142185303395147;0;8;23;-1.4602899930131628;1;3;19;6;16;1;5;0;18;10;5;1;18;21;-9.826680263377368;2;3;6;0;13;17;4;4;23;3.4058139379531127;5;6;1;4;6;22;-2.0582719638834;2;1;22;2.6848393667379593;17;4;8;6;2;6;3;0;1;2;1;19;12;3;14;1;3;9;1;7;-7.3461643690864475;14;3;3;3;25;5;6;3;6;5;4;25
TRACK:895;2;7;0;4;4;0;1;4;4;5;5;5;14;5;1;4;1;0;15;23;9.010026579099339;4;21;7.603077435577408;2;3;1;21;0.8741299139996013;20;-9.727771496719013;1;5;25;4;8;0;1;6;5;3;1;7;1.1694286702868357;22;4.9607544345329515;5;3;5;4;22;9.67370061750217;0;4;1;6;4;8;6;1;24;12;1;1;6;1;9;8;1;6;21;-8.244041740037652;3;7;-8.343934600877203;6;5;3;25;6;3;5;1;6;2;1;1;4;25;1;19;10;6;3;9;1;2;0;16;20;-8.356452856661015;4;19;2;2;16;15;1;17;20;-4.716407496205484;3;0;0;0;4;25;4;16;4;1;23;3.4058139379531127;12;3;0;2;23;7.997450742602297;20;4.678946297741202;1;21;8.169859715769505;11
TRACK:896;5;4;1;5;3;1;0;4;5;1;2;3;9;5;23;7.309737645474968;1;6;7;0.3218028824642367;3;11;4;6;6;1;6;16;2;7;-5.854091696762859;22;3.66350285320285;1;0;3;4;6;2;25;10;1;4;6;4;15;5;0;6;22;-9.58565805499974;4;8;0;6;0;6;1;19;23;-3.587308483082352;0;5;25;1;11;12;4;5;6;3;22;-9.350739913168448;0;2;3;19;6;22;-0.03499774720603632;4;2;0;0;0;2;0;2;14;18;3;18;5;3;7;-7.279508601903622;0;4;6;22;6.945105059765922;3;4;14;4;5;3;0;20;-2.748115565306861;20;4.594253372334986;6;5;4;5;1;16;19;2;4;2;6;1;6;14;3;21;9.356815312735755;2;4;0;25;21;7.75724703552433;1;1;17;10;3;17;5;0;4;0;5;24;0;25;9;0;3;5;24;0;2;17;10;0;16;11
TRACK:897;5;4;3;5;2;3;6;2;5;4;4;6;15;1;3;2;3;19;6;22;-0.03499774720603632;3;5;4;7;-7.279508601903622;4;4;3;4;3;0;3;24;5;25
TRACK:898;6;2;4;0;1;3;5;3;3;5;5;4;19;2;3;1;2;1;5;1;14;12;4;1;15;18;2;19;20;-4.142185303395147;6;6;6;5;14;6;4;6;0;3;3;9;0;2;19;17;3;15;6;4;2;0;0;6;6;1;21;-0.8411316608662993;22;-5.721673982302146;0;1;6;16;4;14;1;0;9;7;3.452318748288228;5;25;5;4;5;3;12;3;2;2;6;1;25;25;3;6;7;5.598869455374256;6;6;1;17;22;-0.8355763743440541
TRACK:899;6;2;4;1;4;3;0;2;2;1;1;2;19;20;-4.142185303395147;0;8;23;-1.4602899930131628;1;3;19;6;16;1;5;0;18;10;5;1;18;21;-9.826680263377368;2;3;6;0;13;17;4;4;1;25;9;5;6;1;4;6;22;-2.0582719638834;2;1;22;2.6848393667379593;17;4;25;6;2;6;3;0;1;2;1;19;12;3;14;1;3;9;1;7;-7.3461643690864475;14;3;3;3;25;5;6;3;6;5;4;25
TRACK:900;890;-1;6;4;2;0;4;3;6;1;6;6;11;1;1;23;-6.238373477577615;8;0;23;-6.543859311265582;15;6;4;0;1;3;4;7;-1.9161061528517003;2;4;25;1;24;15;3;3;0;24;18;5;3;2;6;6;4;4;10;1;2;4;3;14;2;4;23;-0.07395047795857224;6;7;1.4552549638735446;1;1;5;12;3;25;5;2;12;15
TRACK:901;3;-1;5;0;5;6;0;5;5;4;6;2;23;-9.34944274036752;23;6.496962424283313;6;2;6;0;0;22;-5.544389627502316;15;2;13;8;0;1;4;14;5;9;2;2;22;-2.9329536676791776;8;3;13;3;0;4;1;3;3;5;6;22;6.571451085411436;2;1;5;0;7;3.0681963277150985;22;2.937367539183286;5;1;8;18;2;2;1;9;10;1;12;21;0.4906256025615969;2;5;7;-5.230122731244572;3;24;0;4;6;6;17;4;2;4;5;6;19;5;0;3;15;2;13;18
TRACK:902;894;-1;4;1;4;3;0;2;2;1;1;2;19;20;-4.316096891296568;0;8;23;-1.3777651984502075;1;3;19;6;16;1;5;0;18;10;5;1;18;21;-9.953861816555065;2;3;6;0;13;17;4;4;23;3.4014476733051455;5;6;1;6;12;2;1;22;2.6236527651177686;17;4;8;6;2;6;3;0;1;2;1;19;12;3;14;1;3;9;1;7;-7.267281758923379;14;3;3;3;25;5;6;3;6;5;4;25
TRACK:903;896;-1;2;4;2;3;0;1;21;-9.452499260809732;13;3;7;-2.712257511888576;1;1;0;21;-6.192961244080919;24;0;21;6.690571665308681;19;4;4;24;0;1;0;4;3;19;4;5;22;5.526237933386573;1;1;2;9;14;0;8;16;5;1;15;23;-2.5361732775496026;3;2;1;6;12;6;21;-4.6151280346677925;2;0;19;14;1;11;24
TRACK:904;898;-1;4;0;1;3;5;3;3;5;5;4;19;2;3;1;2;1;5;1;14;12;4;1;15;18;2;19;20;-4.119698172987833;6;6;6;5;14;6;4;6;0;3;3;9;0;2;19;17;3;15;6;4;2;0;0;6;6;1;21;-0.7506927448985932;22;-5.6634020326569345;0;1;6;16;4;14;1;0;9;7;3.288294838239038;5;25;5;4;5;3;12;3;2;0;4;0;10;10;3;3;19;6;6;1;17;22;-0.5900800570026795
TRACK:905;891;-1;3;5;2;3;6;2;1;21;-9.319520167627516;21;2.9630720704669535;1;3;2;3;19;6;12;3;5;4;11;4;4;3;4;3;0;3;24;5;25
TRACK:906;5;-1;1;5;3;1;0;4;5;1;2;3;9;5;23;7.335379344228676;1;6;7;0.3821267685800214;3;11;4;6;6;1;6;16;2;7;-5.819106124500223;22;3.6538542644443313;1;0;3;4;6;2;25;10;1;4;2;9;11;5;0;6;22;-9.658453124455495;4;8;0;6;0;6;1;19;23;-3.5637032900470147;0;5;25;1;11;12;4;5;6;3;22;-9.404161407422905;0;6;5;5;6;4;0;3;4;11;4;6;23;3.5286968676795354;4;2;0;0;0;2;0;2;14;18;3;18;5;3;7;-7.28047848675302;0;4;6;22;6.853115952379175;3;4;14;4;5;3;0;20;-2.7826491458715674;20;4.656630081523498;6;5;4;5;1;16;19;2;4;2;6;1;6;14;3;21;9.405796145838575;2;4;0;25;21;7.839296114286802;1;1;17;10;3;17;5;0;4;0;5;24;0;25;9;0;3;5;24;0;2;17;10;0;16;11
TRACK:907;895;-1;0;4;4;0;1;4;4;5;5;5;14;5;1;4;1;0;15;23;9.114032441607112;4;21;7.6993918739495655;2;3;1;21;0.85904057456333;20;-9.615307815754006;1;5;25;4;8;0;1;6;5;3;1;7;1.0469104611300115;22;4.966799876532999;5;3;5;4;22;9.574861102772228;0;4;1;6;4;8;6;1;24;12;1;1;6;1;9;8;1;6;21;-8.431671871415736;3;7;-8.359188015586096;6;5;3;25;6;3;5;1;6;2;1;1;4;25;1;19;14;6;3;9;1;2;0;16;20;-8.383952666762902;4;19;2;2;16;15;1;17;20;-4.528397580930109;3;0;0;0;4;25;4;16;4;1;23;3.3668842236351075;12;3;0;2;23;7.935711834659327;20;4.672363095019355;1;21;8.242559898218925;11
TRACK:908;897;-1;3;5;6;1;10;11
TRACK:909;899;-1;4;1;4;3;0;2;2;1;1;2;19;23;-3.7800623552476997;0;8;23;-1.5813777284333042;1;3;19;6;16;1;5;0;18;10;5;1;18;21;-9.867799831003428;2;3;6;0;13;17;4;4;1;25;9;5;6;1;4;6;22;-1.9308886185495944;2;1;22;2.8152754847721795;17;4;25;6;2;6;3;0;1;2;1;19;12;3;14;1;3;9;1;7;-7.077860209321677;14;3;3;3;25;5;6;3;6;5;4;25
EVAL_INSTANCE:45:0:900
EVAL_INSTANCE:45:1:901
EVAL_INSTANCE:45:2:902
EVAL_INSTANCE:45:3:903
EVAL_INSTANCE:45:4:904
EVAL_INSTANCE:45:5:905
EVAL_INSTANCE:45:6:906
EVAL_INSTANCE:45:7:907
EVAL_INSTANCE:45:8:908
EVAL_INSTANCE:45:9:909
RUN_RESULT:45:0:0:2000:----
RUN_RESULT:45:1:0:2000:----
RUN_RESULT:45:2:0:2000:----
RUN_RESULT:45:3:0:2000:----
RUN_RESULT:45:4:0:2000:----
RUN_RESULT:45:5:0:2000:----
RUN_RESULT:45:6:0:2000:----
RUN_RESULT:45:7:0:2000:----
RUN_RESULT:45:8:0:2000:----
RUN_RESULT:45:9:0:2000:----
    46 |      460 |  0.000000E+00 | -0.000000E+00
TRACK:910;1;7;1;0;1;0;6;1;6;6;0;0;11;13;0;24;25;2;0;0;1;11;18;5;13;0;5;19;1;16;16;1;4;19;6;1;16;13;6;0;2;4;5;4;9;0;6;6;19;5;6;7;-8.027529548669474;6;1;4;2;7;0.07010987965106708;9;2;1;18;14;0;13;16;4;4;5;2;3;1;5;21;8.72293539427383;4;10;5;6;0;10;20;9.760890453417513;0;6;5;2;4;6;6;6;12;4;2;5;2;18;18;2;3;20;-1.309421897974218;6;21;8.619756525285762;5;3;0;5;3;4;0;16;17;0;0;2;2;12;20;-7.142345868378386;2;13;22;7.201771128708472;4;1;23;1.9260129348463444;25;6;6;1;10;25;5;4;6;2;2;5;5;5;5;24;3;6;1;5;7;0.5327554097370673;4;8;5;3;2;6;2;19;23;-4.7855461444313185;6;6;19
TRACK:911;1;7;0;4;4;0;1;4;4;5;5;5;8;5;1;4;1;0;15;23;9.010026579099339;4;21;7.603077435577408;2;3;1;21;0.8741299139996013;20;-9.727771496719013;1;5;25;4;8;0;1;6;5;3;1;7;1.1694286702868357;22;4.9607544345329515;5;5;21;8.72293539427383;0;4;1;6;4;8;6;1;24;12;1;1;6;1;9;8;1;6;21;-8.244041740037652;3;7;-8.343934600877203;6;5;3;25;6;3;5;1;6;2;1;1;4;25;1;19;10;6;3;9;1;2;0;16;20;-8.356452856661015;4;19;2;2;16;15;1;17;20;-4.716407496205484;3;0;0;0;4;25;4;16;4;1;23;3.4058139379531127;12;3;0;2;23;7.997450742602297;20;4.678946297741202;1;21;8.169859715769505;11
TRACK:912;2;3;4;1;4;3;0;2;2;1;1;2;19;20;-4.142185303395147;0;8;23;-1.4602899930131628;1;3;19;6;16;1;5;0;18;10;5;1;18;21;-9.826680263377368;2;3;6;0;13;17;4;4;1;25;9;5;6;1;4;6;22;-2.0582719638834;2;1;22;2.6848393667379593;17;4;8;6;2;6;3;1;8;18;5;6;3;6;5;4;25
TRACK:913;2;3;5;0;5;6;0;5;5;4;6;2;23;-9.425875259368343;23;6.351964638882649;6;2;6;0;0;22;-5.7053140582007185;15;2;13;8;0;1;4;14;5;9;0;8;23;-1.4602899930131628;3;0;4;1;3;3;5;6;22;6.502010675018717;2;1;5;0;7;2.951350615301049;22;3.1091386531019545;5;1;8;18;2;2;1;9;10;1;12;21;0.4828827554892712;2;5;7;-5.060335771358783;3;24;0;4;5;2;0;2;23;-5.9151488629807725;17;4;11;4;0;11;25;4;2;4;5;6;19;5;0;3;15;2;13;18
TRACK:914;6;9;4;0;1;3;5;3;3;5;5;4;19;2;3;1;2;1;5;1;14;12;4;1;15;18;0;5;2;11;7;3.3949546236874166;1;1;21;0.15781845565135022;24;6;14;6;6;6;5;14;6;4;6;0;3;3;9;0;2;19;17;3;15;6;4;2;0;0;6;6;1;21;-0.8411316608662993;22;-5.721673982302146;0;1;6;16;4;14;1;0;9;7;3.452318748288228;9;5;4;5;3;12;3;2;2;6;1;25;25;3;6;7;5.598869455374256;6;6;1;17;22;-0.8355763743440541
TRACK:915;6;9;4;1;2;25;2;2;5;5;1;0;5;9;4;11;4;6;16;2;4;1;3;3;13;3;5;15;2;6;3;5;14;6;0;6;15;4;9;0;2;4;5;4;6;22;2.665848916495923;4;4;4;2;18;16;1;6;1;6;3;10;2;5;19;6;8;4;6;2;0;13;11;3;20;-4.756331604557056;4;4;2;2;5;1;3;5;14;0;6;21;7.707510668684343;6;14;2;0;4;6;21;6.112383433580128;4;5;24;6;0;3;25;1;9;16;2;0;5;1;0;16;9;6;10;2;4;5;15;4;6;24;6;0;5;6;15;6;1;10;13
TRACK:916;3;0;5;0;5;6;0;5;5;4;6;2;23;-9.425875259368343;23;6.351964638882649;6;2;6;0;0;22;-5.7053140582007185;15;2;13;8;0;1;4;14;5;9;2;2;22;-2.8628063595721738;8;3;13;3;0;4;1;3;3;5;6;22;6.502010675018717;2;1;5;0;7;2.951350615301049;22;3.1091386531019545;5;1;8;18;2;2;1;9;10;1;12;21;0.4828827554892712;2;5;7;-5.060335771358783;3;24;0;4;5;5;4;16;4;2;4;5;6;19;5;0;3;15;2;13;18
TRACK:917;3;0;4;6;3;1;5;6;6;6;1;2;15;15;6;17;1;1;4;6;5;4;16;18;6;6;4;5;3;19
TRACK:918;7;2;0;4;4;0;1;4;4;5;5;5;8;5;1;4;1;0;15;23;9.010026579099339;4;21;7.603077435577408;2;3;1;25;20;-9.727771496719013;1;5;25;4;8;0;1;6;5;3;1;7;1.1694286702868357;22;4.9607544345329515;5;3;5;4;22;9.67370061750217;0;4;1;6;4;8;6;1;24;12;1;1;6;1;9;8;1;6;21;-8.244041740037652;3;7;-8.343934600877203;6;5;3;25;6;3;5;1;6;2;1;1;4;25;1;19;10;6;3;9;1;2;0;16;20;-8.356452856661015;4;19;2;2;16;15;1;17;20;-4.716407496205484;3;0;0;0;4;25;4;16;4;1;23;3.4058139379531127;12;3;0;2;23;7.997450742602297;20;4.678946297741202;1;21;8.169859715769505;11
TRACK:919;7;2;4;1;4;3;0;2;2;1;1;2;19;20;-4.142185303395147;0;8;23;-1.4602899930131628;1;3;19;6;16;1;5;0;18;10;5;1;18;21;-9.826680263377368;2;3;6;0;13;17;4;4;25;5;6;1;4;6;22;-2.0582719638834;2;1;22;2.6848393667379593;17;4;8;6;2;6;3;0;1;2;1;19;12;3;14;1;3;9;1;7;-7.3461643690864475;14;3;3;3;25;5;6;3;6;5;4;25
TRACK:920;910;-1;1;0;1;0;6;1;6;6;0;0;11;13;0;24;25;2;0;0;1;11;18;5;13;0;5;19;1;16;16;1;4;19;6;1;16;13;6;0;2;4;3;11;0;6;6;19;5;6;7;-8.105198762948183;6;1;4;2;7;0.15241494776289025;9;2;1;18;14;0;13;16;4;4;5;2;3;1;5;21;8.680488341456064;4;10;5;6;0;10;20;9.802859003430692;0;6;5;2;4;6;6;6;12;4;2;5;2;18;18;2;3;20;-1.3734755102571095;6;21;8.506414101303063;5;3;0;5;3;4;0;16;17;0;0;2;2;12;20;-7.053268599270659;2;13;22;7.242379642567057;4;1;23;1.996792043032086;25;6;6;1;10;25;5;4;6;2;2;5;5;5;5;24;3;6;1;5;7;0.49361833082197104;4;8;5;3;2;6;2;19;23;-4.868392452470078;6;6;19
TRACK:921;2;-1;4;1;4;3;0;2;2;1;1;2;19;20;-4.070964364001169;0;8;23;-1.527301263361813;3;0;10;18;1;5;0;18;10;5;1;18;21;-10.0;2;3;6;0;13;17;4;4;1;25;9;5;6;1;4;6;22;-2.1677277974516787;2;1;22;2.5630506473300545;17;4;8;6;2;6;3;0;1;2;1;19;12;3;14;1;3;9;1;7;-7.288623997885733;14;3;3;3;25;5;6;3;6;5;4;25
TRACK:922;914;-1;4;0;1;3;5;3;3;5;5;4;19;2;3;1;2;1;5;1;14;12;4;1;15;18;0;5;2;11;7;3.4218615857492094;1;1;21;0.037936284719157776;24;6;14;6;6;6;5;14;6;4;6;0;3;3;9;0;2;19;17;3;15;6;4;2;0;0;6;6;1;21;-0.9985508329918775;22;-5.792498324114429;0;1;6;16;4;14;1;0;9;7;3.6308844035506547;9;5;4;5;3;25;3;2;2;6;1;25;25;3;6;7;5.515645487602637;6;6;1;17;22;-0.833281486934561
TRACK:923;916;-1;5;0;5;6;0;5;5;4;6;2;23;-9.338165692279057;23;6.3457758300211085;6;2;6;0;0;22;-5.56604830896517;15;2;13;9;0;1;4;14;5;9;2;2;22;-2.7946655376589247;8;3;13;3;0;4;1;3;3;5;6;22;6.46335782389428;2;1;5;0;7;2.9478665430226725;22;3.1276260815254076;5;1;8;18;2;2;1;9;10;1;12;21;0.41477145466566745;2;5;7;-5.169759991932644;3;24;0;4;5;5;4;16;4;2;4;5;6;19;5;0;3;15;2;13;18
TRACK:924;918;-1;0;4;4;0;1;4;4;5;5;5;8;5;1;4;1;0;15;23;9.087882336851386;4;21;7.48693927698169;2;3;1;25;20;-9.714189927771981;1;5;25;6;14;0;1;6;5;3;1;7;1.1712806888924772;22;4.768976048127904;5;3;5;4;22;9.594990091583217;0;4;1;6;4;8;6;1;24;12;1;1;6;1;9;8;1;6;21;-8.387621979424122;3;7;-8.25493633487708;6;5;3;25;6;3;5;1;6;2;1;1;4;25;1;19;10;6;3;9;1;2;0;16;20;-8.235310543263193;4;19;2;2;16;15;1;17;20;-4.722675761746635;3;0;0;0;4;25;4;16;4;1;23;3.290151212968584;12;3;0;2;23;7.986302126634585;20;4.658685191752674;1;21;8.07358519752797;11
TRACK:925;911;-1;0;4;4;0;1;4;4;5;5;5;8;5;1;4;1;0;15;23;9.056238923473003;4;21;7.418776377810443;2;3;1;21;0.8528111932139942;20;-9.751957858003928;1;5;25;4;8;0;1;6;5;3;1;7;1.1737770619752685;22;4.818016133305592;5;5;21;8.653211603395928;0;4;1;6;4;8;6;1;24;12;1;1;6;1;9;14;1;6;21;-8.273685265409464;3;7;-8.33394036378289;6;5;3;25;6;3;5;1;6;2;1;1;4;25;1;19;10;6;3;9;1;2;0;16;20;-8.315472062724888;4;19;2;2;16;15;1;17;20;-4.616058684848944;3;0;0;0;4;25;4;16;4;1;23;3.4530805315815902;12;3;0;2;23;8.12212067456974;20;4.7220154472138045;1;21;7.960943306035755;11
TRACK:926;3;-1;5;0;5;6;0;5;5;4;6;2;23;-9.426033984299973;23;6.245798867983105;6;2;6;0;0;22;-5.610108182677791;15;2;13;8;0;1;4;14;5;9;2;2;22;-2.751978420270222;8;3;13;3;0;4;1;3;3;5;6;22;6.501221855815541;2;1;5;0;7;3.0777017933669537;22;2.999362462624873;5;1;8;18;2;2;1;9;10;1;12;21;0.3644523114581429;2;5;7;-5.104059181892839;3;24;0;1;4;5;2;0;7;-5.276042640325709;11;1;12;16;5;6;6;5;14;4;2;4;5;6;19;5;0;3;15;2;13;18
TRACK:927;915;-1;4;1;2;25;2;2;5;5;1;0;5;9;4;11;4;6;16;2;4;1;3;3;13;3;5;15;2;6;3;3;24;6;0;6;15;4;9;0;2;4;5;4;6;22;2.5791413201364333;4;4;4;2;18;16;1;6;1;6;3;10;2;5;19;6;8;4;6;2;0;13;11;3;20;-4.670313853339187;4;4;2;2;5;1;3;5;14;0;6;21;7.693440515620805;6;14;2;0;4;6;21;6.06735517396616;4;5;24;6;0;3;25;1;9;16;2;0;5;1;0;16;9;6;10;2;4;5;15;4;6;24;6;0;5;6;15;6;1;10;13
TRACK:928;917;-1;4;6;3;1;5;6;6;6;1;2;15;15;6;17;1;1;4;6;5;4;16;18;6;6;6;3;20;5.4047969523814565
TRACK:929;919;-1;4;1;4;3;0;2;2;1;1;2;19;20;-4.3262430995526024;0;8;23;-1.474723172943204;1;3;19;6;16;1;5;0;18;10;5;1;18;21;-9.642863250315086;2;3;6;0;13;17;4;4;25;5;6;1;4;6;22;-1.9835878129167117;2;1;22;2.8459993746820116;17;4;8;6;2;6;1;14;22;-3.3037333888360187;5;6;3;6;5;4;25
EVAL_INSTANCE:46:0:920
EVAL_INSTANCE:46:1:921
EVAL_INSTANCE:46:2:922
EVAL_INSTANCE:46:3:923
EVAL_INSTANCE:46:4:924
EVAL_INSTANCE:46:5:925
EVAL_INSTANCE:46:6:926
EVAL_INSTANCE:46:7:927
EVAL_INSTANCE:46:8:928
EVAL_INSTANCE:46:9:929
RUN_RESULT:46:0:0:2000:----
RUN_RESULT:46:1:0:2000:----
RUN_RESULT:46:2:0:2000:----
RUN_RESULT:46:3:0:2000:----
RUN_RESULT:46:4:0:2000:----
RUN_RESULT:46:5:0:2000:----
RUN_RESULT:46:6:0:2000:----
RUN_RESULT:46:7:0:2000:----
RUN_RESULT:46:8:0:2000:----
RUN_RESULT:46:9:0:2000:----
    47 |      470 |  0.000000E+00 | -0.000000E+00
TRACK:930;0;7;4;6;3;1;5;6;6;6;1;1;23;3.4058139379531127;12;6;17;1;1;4;6;5;4;16;2;6;0;2;17;18;5;19;3;1;1;13;15;6;25;6;6;4;5;3;19
TRACK:931;0;7;0;4;4;0;1;4;4;5;5;5;8;5;1;4;1;0;15;23;9.010026579099339;4;21;7.603077435577408;2;3;1;21;0.8741299139996013;18;1;5;25;4;8;0;1;6;5;3;1;7;1.1694286702868357;22;4.9607544345329515;5;3;5;4;22;9.67370061750217;0;4;1;6;4;8;6;1;24;12;1;1;6;1;9;8;1;6;21;-8.244041740037652;3;7;-8.343934600877203;6;5;3;25;6;3;5;1;6;2;1;1;4;25;1;19;10;6;3;9;1;2;0;16;20;-8.356452856661015;4;19;2;2;16;15;1;17;20;-4.716407496205484;3;0;0;0;4;25;4;16;4;1;23;3.4058139379531127;12;3;0;2;23;7.997450742602297;20;4.678946297741202;1;21;8.169859715769505;11
TRACK:932;5;8;1;5;3;1;0;4;5;1;2;3;9;5;23;7.309737645474968;1;6;7;0.3218028824642367;3;11;4;6;6;1;6;16;2;7;-5.854091696762859;22;3.66350285320285;1;0;3;4;6;2;25;10;1;4;6;4;15;5;0;6;22;-9.58565805499974;4;8;0;6;0;6;1;19;23;-3.587308483082352;0;5;25;1;11;12;4;5;6;3;22;-9.350739913168448;0;6;5;5;6;4;0;3;4;11;4;6;23;3.393492578825029;4;2;0;0;0;2;0;2;14;18;3;18;5;3;7;-7.279508601903622;0;4;6;22;6.945105059765922;3;4;14;4;5;3;0;20;-2.748115565306861;20;4.594253372334986;6;5;4;5;1;16;19;2;4;2;6;1;6;14;3;21;9.356815312735755;2;4;0;25;21;7.75724703552433;1;1;17;10;3;17;5;0;4;0;5;24;5;12;0;3;5;24;0;2;17;10;0;16;11
TRACK:933;5;8;6;4;2;0;4;3;6;1;6;6;11;1;1;23;-6.194829372622004;8;0;23;-6.448084404665872;22;-2.585017750253062;6;4;0;1;3;4;7;-1.796785627472408;2;4;25;1;24;15;3;3;0;17;18;5;3;2;6;6;4;4;10;1;2;4;3;14;2;5;8;3;20;9.74776600337508;1;1;5;12;3;25;5;2;12;15
TRACK:934;6;1;4;0;1;3;5;3;3;5;5;4;19;2;3;1;2;1;5;1;14;12;4;1;15;18;0;5;2;11;7;3.3949546236874166;1;1;21;0.15781845565135022;24;6;14;6;6;6;5;14;6;4;6;0;3;3;9;0;2;19;17;3;15;6;4;2;0;0;6;6;1;21;-0.8411316608662993;22;-5.721673982302146;0;1;6;16;4;14;1;0;9;7;3.452318748288228;5;25;5;4;5;3;12;3;2;2;6;1;25;16;3;6;7;5.598869455374256;6;6;1;17;22;-0.8355763743440541
TRACK:935;6;1;1;0;1;0;6;1;6;6;0;3;9;0;24;25;2;0;0;1;11;18;5;13;0;5;19;1;16;16;1;0;2;23;-2.2571701295058633;11;5;14;6;1;16;13;6;0;2;4;5;4;9;0;6;6;19;5;6;7;-8.027529548669474;6;1;4;2;7;0.07010987965106708;9;2;1;18;14;0;13;16;4;4;5;2;3;1;5;21;8.72293539427383;4;10;5;6;0;10;20;9.760890453417513;0;6;5;2;4;6;6;6;12;4;2;5;2;18;18;2;3;20;-1.309421897974218;6;21;8.619756525285762;5;3;0;5;3;4;0;16;17;0;0;2;2;12;20;-7.142345868378386;2;13;22;7.201771128708472;4;1;23;1.9260129348463444;25;6;6;1;10;25;5;4;6;2;2;5;5;5;5;24;3;6;1;5;7;0.5327554097370673;4;8;5;3;2;6;2;19;23;-4.7855461444313185;6;6;19
TRACK:936;8;4;6;4;2;0;4;3;6;1;6;6;11;1;1;23;-6.194829372622004;8;0;23;-6.448084404665872;22;-2.585017750253062;6;4;0;1;3;4;7;-1.796785627472408;2;4;25;1;24;15;3;3;0;24;18;5;3;2;6;6;4;4;10;1;2;4;3;14;2;5;8;3;20;9.74776600337508;1;1;5;12;3;19;5;2;12;15
TRACK:937;8;4;3;5;2;3;6;2;5;4;4;6;15;1;3;2;3;19;6;22;-0.03499774720603632;3;5;4;11;4;4;15
TRACK:938;0;6;4;6;3;1;5;6;6;6;1;2;15;15;6;17;1;1;4;6;5;4;16;2;6;0;2;17;18;5;19;3;1;1;13;15;6;25;6;6;4;5;3;19
TRACK:939;0;6;4;0;1;6;25;2;3;1;2;1;5;1;14;12;4;1;15;18;0;5;2;11;7;3.3949546236874166;1;1;21;0.15781845565135022;24;6;14;6;6;6;5;14;6;4;6;0;3;3;9;0;2;19;17;3;15;6;4;2;0;0;6;6;1;21;-0.8411316608662993;22;-5.721673982302146;0;1;6;16;4;14;1;0;9;7;3.452318748288228;5;25;5;4;5;3;12;3;2;2;6;1;25;25;3;6;7;5.598869455374256;6;6;1;17;22;-0.8355763743440541
TRACK:940;930;-1;4;6;3;1;5;6;6;6;1;1;23;3.3977486634178167;12;6;17;1;1;4;6;5;4;16;2;6;0;2;17;18;5;19;3;1;1;13;15;6;25;6;6;4;5;3;16
TRACK:941;932;-1;1;5;3;1;0;4;5;1;2;3;9;5;23;7.230546153094268;1;6;7;0.36863158879341645;3;11;4;6;6;1;6;16;2;7;-5.64361912898644;22;3.4856579375166175;1;0;3;4;6;2;25;10;1;4;6;4;15;5;0;6;18;4;8;0;6;0;6;1;19;23;-3.5244164311130106;0;5;25;1;11;12;4;5;6;3;22;-9.380208948726766;0;6;5;5;6;4;0;3;4;11;4;6;23;3.509951213385067;4;2;0;0;0;2;0;2;14;18;3;18;5;3;7;-7.252874377899959;0;4;6;22;6.841116475491401;3;4;14;4;5;3;0;20;-2.705585042448882;20;4.465661558897892;6;5;4;5;1;16;19;2;4;2;6;1;6;14;3;21;9.371739135097403;2;4;0;25;21;7.647080669502814;1;1;17;10;3;17;5;0;4;0;5;24;5;12;0;3;5;24;0;2;17;10;0;16;11
TRACK:942;934;-1;4;0;1;3;5;3;3;5;5;4;19;2;3;1;2;1;5;1;14;12;4;1;15;18;0;5;2;11;7;3.3837071656808013;1;1;21;0.06970121019988697;24;6;14;6;6;6;5;14;6;4;6;0;3;3;9;0;2;19;17;3;15;6;4;2;0;0;6;6;1;21;-0.7390619024705307;22;-5.685174212540783;0;1;6;16;4;14;1;0;12;25;5;25;5;4;5;3;12;3;2;2;6;1;25;16;3;6;7;5.649247879782749;6;6;1;17;22;-0.9570244981251083
TRACK:943;936;-1;6;4;2;0;4;3;6;1;6;6;11;1;1;23;-6.2948560439656935;8;0;23;-6.526416404082316;22;-2.54533414662315;6;4;0;1;3;4;7;-1.6888306142954106;2;4;25;1;24;15;3;3;6;22;4.46249872151412;5;3;2;6;6;4;4;10;1;2;4;3;14;2;5;8;3;20;9.613096716142175;1;1;5;12;3;19;5;2;12;15
TRACK:944;0;-1;5;3;6;4;16
TRACK:945;931;-1;0;4;4;0;1;4;4;5;5;5;8;5;1;4;1;0;15;23;9.02725614658638;4;21;7.618784994598781;2;3;1;21;0.9085470033541999;18;1;5;25;4;8;0;1;6;5;3;1;7;1.056485258682976;22;4.83816561485419;5;3;5;4;22;9.752655130150503;0;4;1;6;4;8;6;1;24;12;1;1;6;1;9;8;1;6;21;-8.279791273566273;3;7;-8.274364502784094;6;5;3;25;6;3;5;1;6;2;1;1;4;25;1;19;10;6;3;9;1;2;0;16;20;-8.206283261315367;4;19;2;2;16;15;1;17;20;-4.758476741305639;3;0;0;0;4;22;8.622687290545809;4;16;4;1;23;3.3959201040269127;12;3;0;2;23;8.009532288072302;20;4.627855983106597;1;21;8.228879131085652;11
TRACK:946;933;-1;6;4;2;0;4;3;6;1;6;6;11;1;1;23;-6.123659543497839;8;0;23;-6.574545609568197;22;-2.7230419070401566;6;4;0;1;3;4;22;-8.906451509719451;2;4;25;1;24;15;3;3;0;17;18;5;3;2;6;6;4;4;10;1;2;4;3;14;2;5;8;3;20;9.798585996278742;1;1;5;12;3;25;5;2;12;15
TRACK:947;935;-1;1;0;1;0;6;1;6;6;0;3;9;0;24;25;2;0;0;1;11;18;5;13;0;5;19;1;16;16;1;0;2;23;-2.2997302108418656;11;5;14;6;1;16;13;6;0;2;4;5;4;9;0;6;6;19;5;6;7;-8.21815250154031;6;1;4;2;7;-0.052249318507216105;9;2;1;18;14;0;13;16;4;4;5;2;3;1;5;21;8.685361076315012;4;10;5;6;0;10;20;9.80803271266367;0;6;5;2;4;6;6;6;12;4;2;5;2;18;18;2;3;20;-1.4256963174836943;6;21;8.6249792825841;5;3;0;5;3;4;0;16;10;0;0;2;2;12;20;-7.1797119172757;2;13;22;7.135233322894932;4;1;23;1.8760710958197977;25;6;6;1;10;25;5;4;6;2;2;5;5;5;5;24;3;6;1;5;7;0.4096485883950145;4;8;5;3;2;6;2;19;23;-4.628188592298808;6;6;19
TRACK:948;937;-1;3;5;2;3;6;2;5;1;6;4;23;-6.5233640003188835;6;6;15;1;3;2;3;19;6;22;0.10672369910093246;3;5;4;11;4;4;15
TRACK:949;6;-1;4;0;1;3;5;3;3;5;5;4;19;2;3;1;2;1;5;1;14;12;4;1;15;18;0;5;2;11;24;1;1;21;0.25382503077415625;24;6;14;6;6;6;5;14;6;4;6;0;3;3;9;0;2;19;17;3;15;6;4;2;0;0;6;6;1;21;-0.8866993107111392;22;-5.800341538854134;0;1;6;16;4;14;1;0;9;7;3.2147023038651263;5;25;5;4;5;3;12;3;2;2;6;1;25;25;3;6;7;5.640462352567681;6;6;1;17;22;-0.9484181461021607
EVAL_INSTANCE:47:0:940
EVAL_INSTANCE:47:1:941
EVAL_INSTANCE:47:2:942
EVAL_INSTANCE:47:3:943
EVAL_INSTANCE:47:4:944
EVAL_INSTANCE:47:5:945
EVAL_INSTANCE:47:6:946
EVAL_INSTANCE:47:7:947
EVAL_INSTANCE:47:8:948
EVAL_INSTANCE:47:9:949
RUN_RESULT:47:0:0:2000:----
RUN_RESULT:47:1:0:2000:----
RUN_RESULT:47:2:0:2000:----
RUN_RESULT:47:3:0:2000:----
RUN_RESULT:47:4:0:2000:----
RUN_RESULT:47:5:0:2000:----
RUN_RESULT:47:6:0:2000:----
RUN_RESULT:47:7:0:2000:----
RUN_RESULT:47:8:0:2000:----
RUN_RESULT:47:9:0:2000:----
    48 |      480 |  0.000000E+00 | -0.000000E+00
TRACK:950;7;0;0;4;4;0;1;4;4;5;5;5;8;5;1;4;1;0;15;23;9.010026579099339;4;21;7.603077435577408;2;3;1;21;0.8741299139996013;20;-9.727771496719013;1;5;15;4;8;0;1;6;5;3;1;7;1.1694286702868357;22;4.9607544345329515;5;3;5;4;22;9.67370061750217;0;4;1;6;4;8;6;1;24;12;1;1;6;1;9;8;1;6;21;-8.244041740037652;3;7;-8.343934600877203;6;5;3;25;6;3;5;1;6;2;1;1;4;25;1;19;10;6;3;9;1;2;0;16;20;-8.356452856661015;4;19;2;2;16;15;1;17;20;-4.716407496205484;3;0;0;0;4;25;4;16;4;1;23;3.4058139379531127;12;3;0;2;23;7.997450742602297;20;4.678946297741202;1;21;8.169859715769505;11
TRACK:951;7;0;4;6;3;1;5;6;6;6;1;2;15;12;6;17;1;1;4;6;5;4;16;2;6;0;2;17;18;5;19;3;1;1;13;15;6;25;6;6;4;5;3;19
TRACK:952;8;3;6;4;2;0;4;3;6;1;6;6;11;1;1;23;-6.194829372622004;8;0;23;-6.448084404665872;22;-2.585017750253062;6;4;0;1;3;4;7;-1.796785627472408;2;4;25;1;24;15;3;3;0;24;18;5;3;2;23;-5.9151488629807725;1;2;4;3;14;2;5;8;3;20;9.74776600337508;1;1;5;12;3;25;5;2;12;15
TRACK:953;8;3;5;0;5;6;0;5;5;4;6;2;23;-9.425875259368343;23;6.351964638882649;6;2;6;0;0;22;-5.7053140582007185;15;2;13;8;0;1;4;14;5;9;2;2;22;-2.8628063595721738;8;3;13;3;0;4;1;3;3;5;6;22;6.502010675018717;2;1;5;0;7;2.951350615301049;22;3.1091386531019545;5;1;8;18;2;2;1;9;10;1;12;21;0.4828827554892712;2;5;7;-5.060335771358783;3;24;0;4;5;2;0;2;23;-5.9151488629807725;17;4;11;4;0;11;25;4;2;4;25;5;0;3;15;2;13;18
TRACK:954;2;6;4;1;4;3;0;2;2;1;1;2;19;20;-4.142185303395147;0;8;23;-1.4602899930131628;1;3;19;6;16;1;5;0;18;10;5;1;18;21;-9.826680263377368;2;3;6;0;13;17;4;4;1;25;9;5;6;1;4;6;22;-2.0582719638834;2;1;22;2.6848393667379593;17;4;8;6;2;6;3;0;9;7;3.452318748288228;5;6;3;6;5;4;25
TRACK:955;2;6;4;0;1;3;5;3;3;5;5;4;19;2;3;1;2;1;5;1;14;12;4;1;15;18;0;5;2;11;7;3.3949546236874166;1;1;21;0.15781845565135022;24;6;14;6;6;6;5;14;6;4;6;0;3;3;9;0;2;19;17;3;15;6;23;-1.4602899930131628
TRACK:956;2;8;4;1;4;3;0;2;2;1;1;2;19;20;-4.142185303395147;0;8;23;-1.4602899930131628;1;3;19;6;16;1;5;0;18;10;5;1;18;21;-9.826680263377368;2;3;6;0;13;17;4;4;1;25;9;5;6;1;4;6;22;-2.0582719638834;2;1;22;2.6848393667379593;17;4;8;6;2;6;3;0;1;2;1;19;12;3;14;1;3;9;1;7;-7.3461643690864475;14;3;3;3;25;5;6;3;6;5;8
TRACK:957;2;8;6;4;2;0;4;3;6;1;6;6;11;1;1;23;-6.194829372622004;8;0;23;-6.448084404665872;22;-2.585017750253062;6;4;0;1;3;4;7;-1.796785627472408;2;4;25;1;24;15;3;3;0;24;18;5;3;2;6;6;4;4;10;1;2;4;3;14;2;5;8;3;20;9.74776600337508;1;1;5;12;3;23;-1.4602899930131628;5;2;12;15
TRACK:958;7;5;0;4;4;0;1;4;4;5;5;5;8;5;1;4;1;0;15;23;9.010026579099339;4;21;7.603077435577408;2;3;1;21;0.8741299139996013;20;-9.727771496719013;1;5;25;4;8;0;1;6;5;3;1;7;1.1694286702868357;22;4.9607544345329515;5;3;5;4;22;9.67370061750217;0;4;1;6;4;8;6;1;24;12;1;1;6;1;9;8;1;6;21;-8.244041740037652;3;7;-8.343934600877203;6;5;3;25;6;3;5;1;6;2;1;1;4;25;1;19;10;6;3;9;1;2;0;16;20;-8.356452856661015;4;19;2;2;16;15;1;17;20;-4.716407496205484;3;11
TRACK:959;7;5;1;5;3;1;0;4;5;1;2;3;9;5;20;-8.356452856661015;1;6;7;0.3218028824642367;3;11;4;6;6;1;6;16;2;7;-5.854091696762859;22;3.66350285320285;1;0;3;4;6;2;25;10;1;4;6;4;15;5;0;6;22;-9.58565805499974;4;8;0;6;0;6;1;19;23;-3.587308483082352;0;5;25;1;11;12;4;5;6;3;22;-9.350739913168448;0;6;5;5;6;4;0;3;4;11;4;6;23;3.393492578825029;4;2;0;0;0;2;0;2;14;18;3;18;5;3;7;-7.279508601903622;0;4;6;22;6.945105059765922;3;4;14;4;5;3;0;20;-2.748115565306861;20;4.594253372334986;6;5;4;5;1;16;19;2;4;2;6;1;6;14;3;21;9.356815312735755;2;4;0;25;21;7.75724703552433;1;1;17;10;3;17;5;0;4;0;5;24;0;25;9;0;3;5;24;0;2;17;10;0;16;11
TRACK:960;7;-1;0;4;4;0;1;4;4;5;5;5;8;5;1;4;1;0;15;23;8.8341111889395;4;21;7.570862086656879;2;3;1;21;1.0895324732369671;20;-9.889158888584198;1;5;25;4;8;0;1;6;5;3;1;7;1.0958170235252678;22;5.019276294596471;5;3;5;4;21;5.784100289441749;0;4;1;6;4;8;6;1;24;12;1;1;6;1;9;8;1;6;21;-8.234277973210196;3;7;-8.237417898124285;6;5;3;25;6;3;5;1;6;2;1;1;4;25;1;19;10;6;3;9;1;2;0;16;20;-8.48005760932752;4;19;2;2;16;15;1;17;20;-4.764664990025651;3;0;0;0;4;25;4;16;4;1;23;3.4776964647975714;12;3;0;2;23;8.204182777982993;20;4.59313339677886;1;21;8.040193449545638;11
TRACK:961;8;-1;6;4;2;0;4;3;6;1;6;6;11;1;1;23;-5.965187950569072;8;0;18;22;-2.4366702041372896;6;4;0;1;3;4;7;-1.8490878729346378;2;4;25;1;24;15;3;3;0;24;18;5;3;2;6;6;4;4;10;1;2;4;3;14;2;5;8;3;20;9.713635434029008;1;1;5;12;3;25;5;2;12;15
TRACK:962;954;-1;4;1;4;3;0;2;2;1;1;2;19;20;-4.084988351612963;0;8;23;-1.5837434246834483;1;3;19;6;16;1;5;0;18;10;5;1;18;21;-9.769160239826475;2;3;6;0;13;17;4;4;1;25;9;5;6;1;4;6;22;-2.217502162251595;2;1;22;2.750037684049821;17;4;8;0;3;6;18;3;0;14;9
TRACK:963;956;-1;4;1;4;3;0;2;2;1;1;2;19;20;-4.166826314062779;0;8;23;-1.493220428862417;1;3;19;6;16;1;5;0;18;10;5;1;18;21;-9.77961869054457;2;3;6;0;13;17;4;4;1;25;9;5;6;1;4;6;22;-2.111278769225525;2;1;22;2.708772734796554;17;4;8;6;2;0;4;25;0;23;2.590221764483772;9;5;6;3;6;5;8
TRACK:964;7;-1;0;4;4;0;1;4;4;5;1;7;0.7574963865275812;21;-3.595059159988903;5;1;4;1;0;15;23;9.111018972671312;4;21;7.5556579664461845;2;3;1;21;0.8291126381668942;20;-9.665105476603815;1;5;25;4;8;0;1;6;5;3;1;7;0.96630226882267;22;4.877015974657726;5;3;5;4;22;9.507318016729783;0;4;1;6;4;8;6;1;24;12;1;1;6;1;9;8;1;6;21;-8.184803873326318;3;7;-8.454187096482872;6;5;3;25;6;3;5;1;6;2;1;1;4;25;1;19;10;6;3;9;1;2;0;16;20;-8.109522577152525;4;19;2;2;16;15;1;17;20;-4.692147544452697;3;0;0;0;4;25;4;16;4;1;23;3.189264753932145;12;3;0;2;23;8.034924751782764;20;4.696568489618925;1;21;8.101461612912304;11
TRACK:965;0;-1;4;6;3;1;5;6;6;6;1;2;15;15;6;17;3;2;2;0;0;17;14;5;9;4;0;9;20;4.871119717274251;1;1;0;24;19;5;11;4;1;9;16
TRACK:966;3;-1;5;0;5;6;0;5;5;4;6;2;23;-9.480078005207641;23;6.327573151320479;6;2;6;0;0;22;-5.767535093663429;15;2;13;8;0;1;4;14;5;9;2;2;22;-2.862815131047922;8;3;13;3;0;4;1;3;3;5;6;22;6.383706913612737;2;1;5;0;7;2.852036505137636;22;3.063323506283861;5;1;8;18;2;2;1;9;10;1;12;21;0.5338877920526799;4;15;0;4;5;2;0;2;23;-6.14422564070147;17;4;11;4;0;11;25;4;2;4;5;6;19;5;0;3;15;2;13;18
TRACK:967;955;-1;4;0;1;3;5;3;3;5;5;4;19;2;3;1;2;1;5;1;14;12;4;1;15;18;0;5;2;11;7;3.3116750005272144;1;1;21;-0.013668058258922894;24;6;14;6;6;6;5;14;6;4;6;0;3;3;9;0;6;16;0;14;23;-5.473890813157931;6;23;-1.3878778873353954
TRACK:968;957;-1;6;4;2;0;4;3;6;1;6;6;11;1;1;23;-6.276677938905623;8;0;23;-6.548452994224001;22;-2.528512913474619;6;4;0;1;3;4;7;-1.7809831839827561;2;4;25;1;24;15;3;3;0;24;18;5;3;1;6;4;1;23;-8.625154253805434;15;4;6;0;10;22;3.1025429452086133
TRACK:969;5;-1;1;5;3;1;0;4;5;1;2;3;9;5;23;7.145564933349513;1;6;7;0.37666873378025045;3;11;4;6;6;1;6;16;2;7;-5.95488702314657;22;3.7485548213037787;1;0;3;4;6;2;25;10;1;4;6;4;15;5;0;6;22;-9.455562698113573;4;8;0;6;0;6;1;19;23;-3.5229100633429797;0;5;25;1;11;12;4;5;6;3;22;-9.311669705354072;0;6;5;5;6;4;0;3;4;11;4;6;23;3.473573692485585;4;2;0;0;0;2;0;2;14;18;3;18;5;3;7;-7.304331753897802;0;4;6;22;6.919263161765481;3;4;14;4;5;3;0;20;-2.8421223698843896;20;4.617612521476951;6;5;4;5;1;16;19;2;4;2;6;1;6;14;3;21;9.489647509659516;2;4;0;25;21;7.772193161436187;1;1;25;10;3;17;5;0;4;0;5;24;0;25;9;0;3;5;24;0;2;17;10;0;16;11
EVAL_INSTANCE:48:0:960
EVAL_INSTANCE:48:1:961
EVAL_INSTANCE:48:2:962
EVAL_INSTANCE:48:3:963
EVAL_INSTANCE:48:4:964
EVAL_INSTANCE:48:5:965
EVAL_INSTANCE:48:6:966
EVAL_INSTANCE:48:7:967
EVAL_INSTANCE:48:8:968
EVAL_INSTANCE:48:9:969
RUN_RESULT:48:0:0:2000:----
RUN_RESULT:48:1:0:2000:----
RUN_RESULT:48:2:0:2000:----
RUN_RESULT:48:3:0:2000:----
RUN_RESULT:48:4:0:2000:----
RUN_RESULT:48:5:0:2000:----
RUN_RESULT:48:6:0:2000:----
RUN_RESULT:48:7:0:2000:----
RUN_RESULT:48:8:0:2000:----
RUN_RESULT:48:9:0:2000:----
    49 |      490 |  0.000000E+00 | -0.000000E+00
TRACK:970;4;2;3;5;2;3;6;2;5;4;4;6;15;1;3;20;-4.142185303395147;3;5;4;11;4;4;3;4;3;0;3;24;5;25
TRACK:971;4;2;4;1;4;3;0;2;2;1;1;2;19;20;-4.142185303395147;0;8;23;-1.4602899930131628;1;3;19;6;16;1;5;0;18;10;5;1;18;21;-9.826680263377368;2;3;6;0;13;17;4;4;1;25;9;5;6;1;4;6;22;-2.0582719638834;2;1;22;2.6848393667379593;17;4;8;6;2;6;25;5;6;3;6;5;4;25
TRACK:972;7;1;0;4;4;0;1;4;4;5;5;5;8;5;1;4;1;0;15;23;9.010026579099339;4;21;7.603077435577408;2;3;1;21;0.8741299139996013;20;-9.727771496719013;1;5;25;4;8;0;1;6;5;3;1;7;1.1694286702868357;22;4.9607544345329515;5;3;5;4;22;9.67370061750217;0;4;1;6;4;10;6;1;24;12;1;1;6;1;9;8;1;6;21;-8.244041740037652;3;7;-8.343934600877203;6;5;3;25;6;3;5;1;6;2;1;1;4;25;1;19;10;6;3;9;1;2;0;16;20;-8.356452856661015;4;19;2;2;16;15;1;17;20;-4.716407496205484;3;0;0;0;4;25;4;16;4;1;23;3.4058139379531127;12;3;0;2;23;7.997450742602297;20;4.678946297741202;1;21;8.169859715769505;11
TRACK:973;7;1;1;0;1;0;6;1;6;6;0;0;11;13;0;24;25;2;0;0;1;11;18;5;13;0;5;19;1;16;16;1;0;2;23;-2.2571701295058633;11;5;14;6;1;16;13;6;0;2;4;5;4;9;0;6;6;19;5;6;7;-8.027529548669474;6;1;4;2;7;0.07010987965106708;9;2;1;18;14;0;13;16;4;4;5;2;3;1;5;21;8.72293539427383;4;10;5;6;0;10;20;9.760890453417513;0;6;5;2;4;6;6;6;12;4;2;5;2;18;18;2;3;20;-1.309421897974218;6;21;8.619756525285762;5;3;0;5;3;4;0;16;17;0;0;2;2;12;20;-7.142345868378386;2;13;22;7.201771128708472;4;1;23;1.9260129348463444;25;6;6;1;10;25;5;4;6;2;2;5;5;5;5;24;3;6;1;5;7;0.5327554097370673;20;4.678946297741202;5;3;2;6;2;19;23;-4.7855461444313185;6;6;19
TRACK:974;6;2;4;0;1;3;5;3;3;5;5;4;19;2;3;1;2;1;5;1;14;12;4;1;15;18;0;5;2;11;7;3.3949546236874166;1;1;21;0.15781845565135022;24;6;14;6;6;21;-9.826680263377368;6;4;6;0;3;3;9;0;2;19;17;3;15;6;4;2;0;0;6;6;1;21;-0.8411316608662993;22;-5.721673982302146;0;1;6;16;4;14;1;0;9;7;3.452318748288228;5;25;5;4;5;3;12;3;2;2;6;1;25;25;3;6;7;5.598869455374256;6;6;1;17;22;-0.8355763743440541
TRACK:975;6;2;4;1;4;3;0;2;2;1;1;2;19;20;-4.142185303395147;0;8;23;-1.4602899930131628;1;3;19;6;16;1;5;0;18;10;5;1;18;21;-9.826680263377368;2;3;6;0;13;17;4;4;1;25;9;5;6;0;5;2;11;7;3.3949546236874166;1;1;21;0.15781845565135022;24;6;14;6;2;6;3;0;1;2;1;19;12;3;14;1;3;9;1;7;-7.3461643690864475;14;3;3;3;25;5;6;3;6;5;4;25
TRACK:976;8;3;6;4;2;0;4;3;6;1;6;6;11;1;1;23;-6.194829372622004;8;0;23;-6.448084404665872;22;-2.585017750253062;6;4;0;1;3;4;7;-1.796785627472408;2;4;25;1;24;15;3;3;0;24;18;5;3;2;6;6;4;4;10;1;2;4;3;14;2;5;8;3;20;9.74776600337508;1;1;5;12;13;5;2;12;15
TRACK:977;8;3;5;0;5;6;0;5;5;4;6;2;23;-9.425875259368343;23;6.351964638882649;6;2;6;0;0;22;-5.7053140582007185;15;2;13;8;0;1;4;14;5;9;2;2;22;-2.8628063595721738;8;3;13;3;0;4;1;3;3;5;6;22;6.502010675018717;2;1;5;0;7;2.951350615301049;22;3.1091386531019545;5;1;8;18;2;2;1;9;10;1;12;21;0.4828827554892712;2;5;7;-5.060335771358783;3;24;0;4;5;2;0;2;23;-5.9151488629807725;17;4;11;4;0;11;25;4;2;4;3;20;9.74776600337508;5;0;3;15;2;13;18
TRACK:978;0;9;4;6;6;15
TRACK:979;0;9;4;1;2;6;3;3;3;1;6;6;24;5;1;13;13;2;2;5;5;1;0;5;9;4;11;4;6;16;2;4;1;3;3;13;3;5;15;2;6;3;5;14;6;0;6;15;4;9;0;2;4;5;4;6;22;2.665848916495923;4;4;4;2;18;16;1;6;1;6;3;10;2;5;19;13;4;6;2;0;13;11;3;20;-4.756331604557056;4;4;2;2;5;1;3;5;14;0;6;21;7.707510668684343;6;14;2;0;4;6;21;6.112383433580128;4;5;24;6;0;3;25;1;9;16;2;0;5;1;0;16;9;6;10;2;4;5;15;4;6;24;6;0;5;6;15;6;1;10;13
TRACK:980;970;-1;3;5;2;3;6;2;5;4;4;6;15;1;3;20;-4.175219312181119;3;5;4;11;4;4;4;19
TRACK:981;972;-1;0;4;4;0;1;4;4;5;5;5;8;5;1;4;1;0;15;23;8.872010620434027;4;21;7.65678994029479;2;3;1;21;0.7248563073513196;20;-9.720971393419052;1;5;25;4;8;0;1;6;5;3;1;7;1.35690835952823;22;4.835552257459805;5;3;5;4;22;9.645868943469884;0;4;1;6;4;10;6;1;24;12;1;1;6;1;9;8;1;6;21;-8.305398687373215;3;7;-8.481285330456078;6;5;3;25;6;3;5;1;6;2;1;1;4;25;1;19;10;6;3;9;1;2;0;16;20;-8.237711197450158;4;19;2;2;16;15;6;20;-5.151239713991249;3;0;0;0;4;25;4;16;4;1;23;3.355630372478497;12;3;0;2;23;7.91756357724204;20;4.780269856351065;1;21;8.034056105786892;11
TRACK:982;6;-1;4;0;1;3;5;3;3;5;5;4;19;2;3;1;2;1;5;1;14;12;4;1;15;18;0;5;2;11;7;3.521478936470049;1;1;21;0.17815531546296776;24;6;14;6;6;6;5;14;6;4;6;0;3;3;9;0;2;19;17;3;15;6;4;2;0;0;6;6;1;21;-0.9442832942768097;22;-5.693234605776809;0;1;6;16;4;14;1;0;9;7;3.5579012856866123;5;25;5;4;5;3;12;3;2;2;6;1;25;25;3;6;7;5.696975894306573;6;6;1;7;-1.6379444846002027;22;-0.9871664615007125
TRACK:983;976;-1;6;4;2;0;4;3;6;1;6;6;11;1;1;23;-6.18556494313216;8;0;23;-6.605027745195047;22;-2.446825383393;6;4;0;1;0;10;21;2.036590786420847;2;4;25;1;24;15;3;3;0;24;18;5;3;2;6;6;4;4;10;1;2;4;3;14;2;5;8;3;20;9.664449707993091;1;1;5;12;13;5;2;12;15
TRACK:984;978;-1;4;6;0;1;5;2;3;14;2;8;10;2;5;1;10;19;2;1;10;8;0;18;22;-4.578251058102552;3;5;5;5;16
TRACK:985;971;-1;4;1;4;3;0;2;2;1;1;2;19;20;-4.159000989686347;0;8;23;-1.38491022923084;1;3;19;6;16;1;5;0;18;10;5;1;18;21;-9.865699941260678;2;3;6;0;13;17;4;4;1;25;9;5;6;1;4;6;22;-2.101850935320269;2;3;20;-9.830693726676694;4;8;6;2;6;25;5;6;3;6;5;4;25
TRACK:986;973;-1;1;0;1;0;6;1;6;6;0;0;11;13;0;24;25;2;0;0;1;11;8;5;13;0;5;19;1;16;16;1;0;2;23;-2.3382843487198306;11;5;14;6;1;16;13;6;0;2;4;5;4;9;0;6;6;19;5;6;7;-8.044910686135047;6;1;4;2;7;0.06327410931270877;9;2;1;18;14;0;13;16;4;4;5;2;3;1;5;21;8.690985378567701;4;10;5;6;0;10;20;9.743720624749296;0;6;5;2;4;6;6;6;12;4;2;5;2;18;18;2;3;20;-1.1946019100472103;6;21;8.696181146175915;5;3;0;5;3;4;0;16;17;0;0;2;2;12;20;-7.037163981565122;2;13;22;7.1774239619720985;4;1;23;1.8940301750682678;25;6;6;1;10;25;5;4;6;2;2;5;5;5;5;24;3;6;1;5;7;0.503017713914039;20;4.725787088270136;5;3;2;6;2;19;23;-4.774735210280917;6;6;19
TRACK:987;2;-1;4;1;4;3;0;2;2;1;1;2;19;20;-4.0480509971976675;0;8;23;-1.5286177957440552;1;3;19;6;16;1;5;0;18;10;5;1;18;21;-9.798554916468657;2;3;6;0;13;10;4;4;1;25;9;5;6;1;4;6;22;-2.0203012030052316;2;1;22;2.831921426827756;17;4;8;6;2;6;3;0;1;2;1;19;12;3;14;1;3;9;1;7;-7.306050000076952;14;3;3;3;25;5;6;3;6;5;4;25
TRACK:988;977;-1;5;0;5;6;0;5;5;4;6;2;23;-9.46300214487843;23;6.38819894313943;6;2;6;0;0;22;-5.701987095745504;15;2;13;8;0;1;4;14;5;9;2;2;22;-2.867088962681908;8;3;13;3;0;4;1;3;3;5;6;22;6.481100869843791;2;1;5;0;7;3.121673694162096;22;3.0671169840211827;5;1;8;18;2;2;1;9;10;1;12;21;0.39729703744574163;2;5;7;-5.009820305674254;3;24;0;4;5;2;0;2;23;-6.0995019493926526;25;4;11;4;0;11;25;4;2;4;3;20;9.906781649160854;5;0;3;15;2;13;18
TRACK:989;979;-1;4;1;2;6;3;3;3;1;6;6;24;5;1;13;13;2;2;5;5;1;0;5;9;4;11;4;6;16;2;4;1;3;3;13;3;5;15;2;6;3;5;14;6;0;6;15;4;17;0;2;4;5;4;6;22;2.5297183116171658;4;4;4;2;18;16;1;6;1;6;3;10;2;5;19;13;4;6;2;0;13;11;3;20;-4.72572612902709;4;4;2;2;5;1;3;5;14;0;6;21;7.735229393468455;6;14;2;0;4;6;21;6.162582841448466;4;5;24;6;0;3;25;1;9;16;2;0;5;1;0;16;9;6;10;2;4;5;15;4;6;24;6;0;5;6;15;6;1;10;13
EVAL_INSTANCE:49:0:980
EVAL_INSTANCE:49:1:981
EVAL_INSTANCE:49:2:982
EVAL_INSTANCE:49:3:983
EVAL_INSTANCE:49:4:984
EVAL_INSTANCE:49:5:985
EVAL_INSTANCE:49:6:986
EVAL_INSTANCE:49:7:987
EVAL_INSTANCE:49:8:988
EVAL_INSTANCE:49:9:989
RUN_RESULT:49:0:0:2000:----
RUN_RESULT:49:1:0:2000:----
RUN_RESULT:49:2:0:2000:----
RUN_RESULT:49:3:0:2000:----
RUN_RESULT:49:4:0:2000:----
RUN_RESULT:49:5:0:2000:----
RUN_RESULT:49:6:0:2000:----
RUN_RESULT:49:7:0:2000:----
RUN_RESULT:49:8:0:2000:----
RUN_RESULT:49:9:0:2000:----
    50 |      500 |  0.000000E+00 | -0.000000E+00
TRACK:990;4;2;3;5;2;3;6;2;5;4;4;6;15;1;3;2;3;19;6;19;3;5;4;11;4;4;3;4;3;0;3;24;5;25
TRACK:991;4;2;4;1;4;3;0;3;24;5;25;6;2;6;3;0;1;2;1;19;12;3;14;1;3;9;1;7;-7.3461643690864475;14;3;3;3;25;5;6;3;6;5;4;25
TRACK:992;3;0;5;0;5;6;0;5;5;4;6;2;23;-9.425875259368343;23;6.351964638882649;6;2;6;0;0;22;-5.7053140582007185;15;2;13;8;0;1;4;14;5;9;2;2;22;-2.8628063595721738;8;3;13;3;0;4;1;3;3;5;6;22;6.502010675018717;2;1;5;0;7;2.951350615301049;22;3.1091386531019545;5;1;8;18;2;2;1;9;10;1;12;21;0.4828827554892712;2;5;7;-5.060335771358783;3;24;0;4;5;2;0;2;23;-5.9151488629807725;17;4;11;5;4;16;4;2;4;5;6;19;5;0;3;15;2;13;18
TRACK:993;3;0;4;6;3;1;5;6;6;6;1;2;15;15;2;23;-9.425875259368343;23;6.351964638882649;1;1;4;6;5;4;16;2;6;0;2;17;18;5;19;3;1;1;13;15;6;25;6;6;4;5;3;19
TRACK:994;9;0;4;1;2;6;3;3;3;1;6;6;24;5;1;13;13;2;2;5;5;1;0;5;9;4;11;4;6;16;2;4;1;3;3;13;3;5;15;2;6;3;5;14;6;0;6;15;4;9;0;2;4;5;4;13;4;4;4;2;18;16;1;6;1;6;3;10;2;5;19;6;8;4;6;2;0;13;11;3;20;-4.756331604557056;4;4;2;2;5;1;3;5;14;0;6;21;7.707510668684343;6;14;2;0;4;6;21;6.112383433580128;4;5;24;6;0;3;25;1;9;16;2;0;5;1;0;16;9;6;10;2;4;5;15;4;6;24;6;0;5;6;15;6;1;10;13
TRACK:995;9;0;4;6;3;1;5;6;6;6;1;2;15;15;6;17;1;1;4;6;5;4;16;2;6;0;2;17;18;5;19;3;1;1;10;15;6;25;6;6;4;5;3;19
TRACK:996;6;1;4;0;1;3;5;3;3;5;5;4;19;2;3;1;2;1;5;1;14;12;4;1;15;18;0;5;2;11;7;3.3949546236874166;1;1;21;0.15781845565135022;24;6;14;6;6;6;5;14;6;4;6;0;3;3;9;0;2;19;17;3;15;6;4;2;0;0;6;6;1;21;-0.8411316608662993;22;-5.721673982302146;0;1;6;16;4;14;1;0;9;7;3.452318748288228;5;25;5;4;5;3;23;1.9260129348463444;3;2;2;6;1;25;25;3;6;7;5.598869455374256;6;6;1;17;22;-0.8355763743440541
TRACK:997;6;1;1;0;1;0;6;1;6;6;0;0;11;13;0;24;25;2;0;0;1;11;18;5;13;0;5;19;1;16;16;1;0;2;23;-2.2571701295058633;11;5;14;6;1;16;13;6;0;2;4;5;4;9;0;6;6;19;5;6;7;-8.027529548669474;6;1;4;2;7;0.07010987965106708;9;2;1;18;14;0;13;16;4;4;5;2;3;1;5;21;8.72293539427383;4;10;5;6;0;10;20;9.760890453417513;0;6;5;2;4;6;6;6;12;4;2;5;2;18;18;2;3;20;-1.309421897974218;6;21;8.619756525285762;5;3;0;5;12;0;0;2;2;12;20;-7.142345868378386;2;13;22;7.201771128708472;4;1;23;1.9260129348463444;25;6;6;1;10;25;5;4;6;2;2;5;5;5;5;24;3;6;1;5;7;0.5327554097370673;4;8;5;3;2;6;2;19;23;-4.7855461444313185;6;6;19
TRACK:998;3;8;5;0;5;6;0;5;5;4;6;2;23;-9.425875259368343;23;6.351964638882649;6;2;6;0;0;22;-5.7053140582007185;15;2;13;8;0;1;4;14;5;9;2;2;22;-2.8628063595721738;8;3;13;3;0;4;1;3;3;5;6;22;6.502010675018717;2;1;5;0;7;2.951350615301049;22;3.1091386531019545;5;1;8;18;2;2;1;9;10;1;12;12;2;5;7;-5.060335771358783;3;24;0;4;5;2;0;2;23;-5.9151488629807725;17;4;11;4;0;11;25;4;2;4;5;6;19;5;0;3;15;2;13;18
TRACK:999;3;8;6;4;2;2;1;9;10;1;12;21;0.4828827554892712;5;3;2;6;6;4;4;10;1;2;4;3;14;2;5;8;3;20;9.74776600337508;1;1;5;12;3;25;5;2;12;15
TRACK:1000;990;-1;3;5;2;3;6;2;5;4;4;6;15;1;3;2;3;19;6;19;3;5;4;11;4;4;3;6;3;5;0;25;16
TRACK:1001;992;-1;5;0;5;6;0;5;5;4;6;2;23;-9.571074861412416;23;6.493750302135349;6;2;6;0;0;22;-5.754915162775712;15;6;19;0;1;4;14;5;9;2;2;22;-2.9504989203434993;8;3;13;3;0;4;1;3;3;5;6;22;6.548820667921939;2;1;5;0;7;2.97888588866216;22;2.9946946357847586;5;1;8;18;2;2;1;9;10;1;12;21;0.4024878001324995;2;5;7;-4.958586384806493;3;24;0;4;5;2;0;2;23;-5.880023066585401;17;4;11;5;4;16;4;2;4;5;6;19;5;0;3;15;2;13;18
TRACK:1002;994;-1;4;1;2;6;3;3;3;1;6;6;24;5;1;13;13;2;2;5;5;1;0;5;9;4;11;4;6;16;2;4;1;3;3;13;3;5;15;2;6;3;5;14;6;0;6;15;4;9;0;2;4;5;4;13;4;4;4;2;18;16;1;6;1;6;3;10;2;5;19;6;8;4;6;2;0;13;11;3;20;-4.786604182027365;4;4;2;2;5;1;3;5;14;0;6;21;7.645269588522354;6;14;2;0;4;6;21;6.120036678679318;4;5;24;6;0;3;25;1;9;16;2;0;5;1;0;11;8;6;10;2;4;5;15;4;6;24;6;0;5;6;15;6;1;10;13
TRACK:1003;996;-1;4;0;1;3;5;3;3;5;5;4;19;2;3;1;2;1;5;1;14;12;4;1;15;18;0;5;2;11;7;3.4307768444815983;1;1;21;0.08546440251438508;24;6;14;6;6;6;5;14;6;4;6;0;3;3;9;0;2;19;17;3;15;6;4;2;0;0;6;6;1;21;-1.0527919101083927;22;-5.7063172953500265;0;1;6;16;4;14;1;0;9;7;3.477074581047424;5;25;5;4;5;3;23;1.7914534017962356;3;2;2;6;1;25;25;3;6;21;0.2751276733721255;6;6;1;17;22;-0.9214320590702478
TRACK:1004;998;-1;5;0;5;6;0;5;5;4;6;2;23;-9.463499605825357;23;6.447301387611416;6;2;6;0;0;22;-5.619573738672082;15;2;13;8;0;1;4;14;5;9;2;2;22;-3.002499677329644;8;3;13;3;0;4;1;3;3;5;6;22;6.567164886930124;2;4;1;3;22;1.7799753177979234;0;14;11;2;2;1;9;10;1;12;12;2;5;7;-5.007133492926551;3;24;0;4;5;2;0;2;23;-6.025382756008628;17;4;11;4;0;11;25;4;2;4;5;6;19;5;0;3;15;2;13;18
TRACK:1005;991;-1;4;1;4;3;0;3;5;2;11;10;5;25;6;2;6;3;0;1;2;1;19;12;3;14;1;3;9;1;7;-7.389973675673565;14;3;3;3;25;5;6;3;6;5;4;25
TRACK:1006;993;-1;4;6;3;1;5;6;6;6;1;2;15;15;2;23;-9.601274137979445;23;6.484992362520419;1;1;4;6;5;4;16;2;5;5;11;3;1;1;13;15;6;25;6;6;4;5;3;19
TRACK:1007;995;-1;4;6;3;1;5;6;6;6;1;2;15;15;6;17;1;1;4;6;5;4;16;2;6;0;2;17;18;5;19;3;1;1;10;15;6;25;6;5;0;0;5;9;3;20;3.635841272488884;6;4;20;6.588921285098259
TRACK:1008;997;-1;1;0;1;0;6;1;6;6;0;0;11;13;0;24;25;2;0;0;1;11;18;5;13;0;5;19;1;16;16;1;0;2;23;-2.098696712119833;11;5;14;6;1;16;13;6;0;2;4;5;4;9;0;6;6;19;5;6;7;-7.84368488943319;6;1;4;2;7;-0.002999948200631028;9;2;1;18;14;0;13;16;4;4;5;2;3;1;5;21;8.69070943886991;4;10;5;6;0;10;20;9.744845545776194;0;6;5;2;4;6;6;6;12;4;2;5;2;18;18;2;3;20;-1.4263946209641418;6;21;8.57598401675165;5;3;0;5;12;0;0;2;2;12;20;-7.123368931016638;2;13;22;7.271770195559709;4;1;23;2.0825119091224957;25;6;6;1;10;25;5;4;6;2;2;5;5;5;5;7;-3.017284852784112;3;6;1;5;7;0.6943984209466096;4;8;5;3;2;6;2;19;23;-4.741750745396471;6;6;19
TRACK:1009;999;-1;6;4;2;2;1;9;10;1;12;21;0.4845179926911536;5;3;2;6;6;4;4;10;1;2;4;3;14;2;5;8;3;20;9.710496531539308;1;1;3;8;3;25;5;2;12;15
EVAL_INSTANCE:50:0:1000
EVAL_INSTANCE:50:1:1001
EVAL_INSTANCE:50:2:1002
EVAL_INSTANCE:50:3:1003
EVAL_INSTANCE:50:4:1004
EVAL_INSTANCE:50:5:1005
EVAL_INSTANCE:50:6:1006
EVAL_INSTANCE:50:7:1007
EVAL_INSTANCE:50:8:1008
EVAL_INSTANCE:50:9:1009
RUN_RESULT:50:0:0:2000:----
RUN_RESULT:50:1:0:2000:----
RUN_RESULT:50:2:0:2000:----
RUN_RESULT:50:3:0:2000:----
RUN_RESULT:50:4:0:2000:----
RUN_RESULT:50:5:0:2000:----
RUN_RESULT:50:6:0:2000:----
RUN_RESULT:50:7:0:2000:----
RUN_RESULT:50:8:0:2000:----
RUN_RESULT:50:9:0:2000:----
    51 |      510 |  0.000000E+00 | -0.000000E+00
TRACK:1010;0;7;4;6;3;1;20;-4.716407496205484;1;1;4;6;5;4;16;2;6;0;2;17;18;5;19;3;1;1;13;15;6;25;6;6;4;5;3;19
TRACK:1011;0;7;0;4;4;0;1;4;4;5;5;5;8;5;1;4;1;15;4;21;7.603077435577408;2;3;1;21;0.8741299139996013;20;-9.727771496719013;1;5;25;4;8;0;1;6;5;3;1;7;1.1694286702868357;22;4.9607544345329515;5;3;5;4;22;9.67370061750217;0;4;1;6;4;8;6;1;24;12;1;1;6;1;9;8;1;6;21;-8.244041740037652;3;7;-8.343934600877203;6;5;3;25;6;3;5;1;6;2;1;1;4;25;1;19;10;6;3;9;1;2;0;16;20;-8.356452856661015;4;19;2;2;16;15;1;17;20;-4.716407496205484;3;0;0;0;4;25;4;16;4;1;23;3.4058139379531127;12;3;0;2;23;7.997450742602297;20;4.678946297741202;1;21;8.169859715769505;11
TRACK:1012;4;5;3;5;2;3;6;2;5;4;4;6;15;1;3;2;3;19;6;22;-0.03499774720603632;3;5;4;11;4;4;3;4;3;0;3;11;5;25
TRACK:1013;4;5;1;5;3;1;0;4;5;1;2;3;9;5;23;7.309737645474968;1;6;7;0.3218028824642367;3;11;4;6;6;1;6;16;2;7;-5.854091696762859;22;3.66350285320285;1;0;3;4;6;2;25;10;1;4;6;15;5;0;6;22;-9.58565805499974;4;8;0;6;0;6;1;19;23;-3.587308483082352;0;5;25;1;11;12;4;5;6;3;22;-9.350739913168448;0;6;5;5;6;4;0;3;4;11;4;6;23;3.393492578825029;4;2;0;0;0;2;0;2;14;18;3;18;5;3;7;-7.279508601903622;0;4;6;22;6.945105059765922;3;4;14;4;5;3;0;20;-2.748115565306861;20;4.594253372334986;6;5;4;5;1;16;19;2;4;2;6;1;6;14;3;21;9.356815312735755;2;4;0;25;21;7.75724703552433;1;1;17;10;3;17;5;0;4;0;5;24;0;25;9;0;3;5;24;0;2;17;10;0;16;11
TRACK:1014;9;4;4;1;2;6;3;3;3;1;6;6;24;5;1;13;13;2;2;5;5;1;0;5;9;4;11;4;6;16;2;4;1;3;3;13;3;5;15;2;6;3;5;14;6;0;6;15;4;9;0;2;4;5;4;6;22;2.665848916495923;4;4;4;2;18;16;1;6;1;6;3;10;2;5;19;6;8;4;6;2;0;13;11;3;20;-4.756331604557056;4;4;2;2;5;1;3;5;14;0;6;21;7.707510668684343;6;14;2;0;4;6;15;4;5;24;6;0;3;25;1;9;16;2;0;5;1;0;16;9;6;10;2;4;5;15;4;6;24;6;0;5;6;15;6;1;10;13
TRACK:1015;9;4;3;5;2;3;6;2;5;4;4;6;15;1;15;3;5;4;11;4;4;3;4;3;0;3;24;5;25
TRACK:1016;9;2;4;1;2;6;3;3;3;1;6;6;24;5;1;13;13;2;2;5;5;1;0;5;9;4;11;4;6;16;2;4;1;3;3;13;3;5;15;2;6;3;5;14;6;0;6;15;4;9;0;2;4;5;4;6;22;2.665848916495923;4;4;4;2;18;16;1;6;1;6;3;10;2;5;19;6;8;4;6;2;0;13;11;3;20;-4.756331604557056;4;4;2;2;5;1;3;5;14;0;6;21;7.707510668684343;6;14;2;0;4;6;21;6.112383433580128;4;5;22;-2.0582719638834;6;0;3;25;1;9;16;2;0;5;1;0;16;9;6;10;2;4;5;15;4;6;24;6;0;5;6;15;6;1;10;13
TRACK:1017;9;2;4;1;4;3;0;2;2;1;1;2;19;20;-4.142185303395147;0;8;23;-1.4602899930131628;1;3;19;6;16;1;5;0;18;10;5;1;18;21;-9.826680263377368;2;3;6;0;13;17;4;13;5;6;1;4;6;22;-2.0582719638834;2;1;22;2.6848393667379593;17;4;8;6;2;6;3;0;1;2;1;19;12;3;14;1;3;9;1;7;-7.3461643690864475;14;3;3;3;25;5;6;3;6;5;4;25
TRACK:1018;1;7;1;0;1;0;6;1;6;6;0;0;11;13;0;24;25;2;0;0;1;11;18;5;13;0;5;19;1;16;16;1;0;2;23;-2.2571701295058633;11;5;14;6;1;16;13;6;0;2;4;5;4;9;0;6;6;19;5;6;7;-8.027529548669474;6;1;4;2;7;0.07010987965106708;9;2;1;18;14;0;13;9;4;4;5;2;3;1;5;21;8.72293539427383;4;10;5;6;0;10;20;9.760890453417513;0;6;5;2;4;6;6;6;12;4;2;5;2;18;18;2;3;20;-1.309421897974218;6;21;8.619756525285762;5;3;0;5;3;4;0;16;17;0;0;2;2;12;20;-7.142345868378386;2;13;22;7.201771128708472;4;1;23;1.9260129348463444;25;6;6;1;10;25;5;4;6;2;2;5;5;5;5;24;3;6;1;5;7;0.5327554097370673;4;8;5;3;2;6;2;19;23;-4.7855461444313185;6;6;19
TRACK:1019;1;7;0;4;4;0;1;4;4;5;5;5;8;5;1;4;1;0;15;23;9.010026579099339;4;21;7.603077435577408;2;3;1;21;0.8741299139996013;20;-9.727771496719013;1;5;25;4;8;0;1;6;5;3;1;10;22;4.9607544345329515;5;3;5;4;22;9.67370061750217;0;4;1;6;4;8;6;1;24;12;1;1;6;1;9;8;1;6;21;-8.244041740037652;3;7;-8.343934600877203;6;5;3;25;6;3;5;1;6;2;1;1;4;25;1;19;10;6;3;9;1;2;0;16;20;-8.356452856661015;4;19;2;2;16;15;1;17;20;-4.716407496205484;3;0;0;0;4;25;4;16;4;1;23;3.4058139379531127;12;3;0;2;23;7.997450742602297;20;4.678946297741202;1;21;8.169859715769505;11
TRACK:1020;1010;-1;4;6;3;1;20;-4.72969683455296;1;1;4;6;5;4;16;2;6;1;1;9;20;-6.60821010148295;2;13;7;3.4824815545504215;3;1;1;13;15;6;25;6;6;4;5;3;19
TRACK:1021;1012;-1;3;5;2;3;5;0;1;4;0;8;18;4;4;8;5;4;0;11;9;4;4;3;4;3;0;3;11;5;25
TRACK:1022;1014;-1;4;1;2;6;3;3;3;1;6;6;24;5;1;13;13;2;2;3;25;2;4;1;3;3;13;3;5;15;2;6;3;5;14;6;0;6;15;4;9;0;2;4;5;4;6;22;2.5494740511590206;4;4;4;2;18;16;1;6;1;6;3;10;2;5;19;6;8;4;6;2;0;13;11;3;20;-4.6678218678854995;4;4;2;2;5;1;3;5;14;0;6;21;7.721236541910156;6;14;2;0;4;6;15;4;5;24;6;0;3;25;1;9;16;2;0;5;1;0;16;9;6;10;2;4;5;15;4;6;24;6;0;5;6;15;6;1;10;13
TRACK:1023;1016;-1;4;1;2;6;3;3;3;1;6;6;24;5;1;13;13;2;2;5;5;1;0;5;9;4;11;4;6;16;2;4;1;3;3;13;3;5;15;2;6;3;5;14;6;0;6;15;4;9;0;2;4;5;4;6;22;2.6591756118214285;4;4;4;2;18;16;1;6;1;6;3;10;2;5;19;5;24;4;6;2;0;13;11;3;20;-4.746812570557258;4;4;2;2;5;1;3;5;14;0;6;21;7.9013693780073675;6;14;2;0;4;6;21;5.9940401759256074;4;5;22;-2.036202623232758;6;0;3;25;1;9;16;2;0;5;1;0;16;9;6;10;2;4;5;15;4;6;24;6;0;5;6;15;6;1;10;13
TRACK:1024;1018;-1;1;0;1;0;6;1;6;6;0;0;11;13;0;24;25;2;0;0;1;11;18;5;13;0;5;19;1;16;16;1;0;2;23;-2.2046220421903437;11;5;14;6;1;16;13;6;0;2;4;5;4;9;0;6;6;19;5;6;7;-7.964874453166278;6;1;4;2;7;0.027818343361533354;24;2;1;18;14;0;13;9;4;4;5;2;3;1;5;21;8.574998822518404;4;10;5;6;0;10;20;9.825924200164323;0;6;5;2;4;6;6;6;12;4;2;5;2;18;18;2;3;20;-1.370101375303726;6;21;8.685097553443551;5;3;0;5;3;4;0;16;17;0;0;2;2;12;20;-7.199711170962276;2;13;22;7.188740285119714;4;1;23;2.0419801253809746;25;6;6;1;10;25;5;4;6;2;2;5;5;5;5;24;3;6;1;5;7;0.4267060780823413;4;8;5;3;2;6;2;19;23;-4.727504062647205;6;6;19
TRACK:1025;1011;-1;0;4;4;0;1;4;4;5;5;5;8;5;1;4;1;15;4;21;7.591877216450393;2;3;1;21;0.8481251443454362;20;-9.726044703834031;1;5;25;4;8;0;1;6;5;3;1;7;1.1975889419247332;22;5.188491058260126;5;3;5;4;22;9.610303290188345;0;4;1;6;4;8;6;1;24;12;1;1;6;1;9;8;1;6;21;-8.0573179175615;3;7;-8.229904725143182;6;5;3;25;6;3;5;1;6;2;1;1;4;25;1;19;10;6;3;9;1;2;0;16;20;-8.41143638244566;4;19;2;2;16;15;1;17;20;-4.771463829190821;3;0;0;0;4;23;-2.2076526433431853;4;16;4;1;23;3.463099950749726;12;3;0;2;23;8.08791452862086;20;4.601359757047212;1;21;8.055721035317307;11
TRACK:1026;1013;-1;1;5;3;1;0;4;5;1;2;3;9;5;23;7.343950631262707;1;6;7;0.33802847006921893;3;11;4;6;6;1;6;16;2;7;-5.993839165034198;22;3.5355539226549664;1;0;3;4;6;2;25;10;1;4;6;15;5;0;6;22;-9.840776793843805;4;8;0;6;0;6;1;19;23;-3.6914631122894765;0;5;25;1;11;12;4;5;6;3;22;-9.267553031563988;0;6;5;5;6;4;0;3;4;11;4;6;23;3.555463610766586;4;2;0;0;0;2;0;2;14;18;3;18;5;3;7;-7.26412448475698;0;4;6;22;6.812510762225829;3;4;14;4;5;3;0;20;-2.7455877033548997;20;4.5290997286299755;6;5;4;5;1;16;19;2;4;2;6;1;6;14;3;21;9.35472455419369;2;4;0;25;21;7.6506746007459006;1;1;17;10;4;22;8.223634250480348;5;0;4;0;5;24;0;25;9;0;3;5;24;0;2;17;10;0;16;11
TRACK:1027;1015;-1;3;5;2;3;6;2;5;4;4;6;15;1;15;3;5;4;11;4;4;3;5;6;23;-3.8074969944236408
TRACK:1028;1017;-1;4;1;4;3;0;2;2;1;1;2;19;20;-4.168333137861339;0;8;23;-1.45968960748856;1;3;19;6;16;1;5;0;18;10;5;1;18;21;-9.932718276869686;2;3;6;0;13;17;4;13;5;6;1;4;6;22;-2.0291744179820457;2;1;22;2.508769715874524;17;4;8;6;2;6;3;0;1;2;0;7;-7.2481995215579715;7;5.881362056356419;3;14;1;3;9;1;7;-7.39619672141122;14;3;3;3;25;5;6;3;6;5;4;25
TRACK:1029;1019;-1;0;4;4;0;1;4;4;5;5;5;8;5;1;4;1;0;15;23;8.88269729802645;4;21;7.66093906860944;2;3;1;21;0.8551938899568091;20;-9.645897356384253;1;5;25;4;8;0;1;6;5;3;1;10;22;5.048088801858026;5;3;5;4;22;9.728898475710222;0;4;1;6;4;8;6;1;24;12;1;1;6;1;9;8;1;6;21;-8.263756841167618;3;7;-8.239745286692354;6;5;3;25;6;3;5;1;6;2;1;1;4;25;1;19;10;6;3;25;1;2;0;16;20;-8.478562474418466;4;19;2;2;16;15;1;17;20;-4.748485114951644;3;0;0;0;4;25;4;16;4;1;23;3.310912525955434;12;3;0;2;23;7.894635824358585;20;4.561799399627811;1;21;8.277616239852245;11
EVAL_INSTANCE:51:0:1020
EVAL_INSTANCE:51:1:1021
EVAL_INSTANCE:51:2:1022
EVAL_INSTANCE:51:3:1023
EVAL_INSTANCE:51:4:1024
EVAL_INSTANCE:51:5:1025
EVAL_INSTANCE:51:6:1026
EVAL_INSTANCE:51:7:1027
EVAL_INSTANCE:51:8:1028
EVAL_INSTANCE:51:9:1029
RUN_RESULT:51:0:0:2000:----
RUN_RESULT:51:1:0:2000:----
RUN_RESULT:51:2:0:2000:----
RUN_RESULT:51:3:0:2000:----
RUN_RESULT:51:4:0:2000:----
RUN_RESULT:51:5:0:2000:----
RUN_RESULT:51:6:0:2000:----
RUN_RESULT:51:7:0:2000:----
RUN_RESULT:51:8:0:2000:----
RUN_RESULT:51:9:0:2000:----
    52 |      520 |  0.000000E+00 | -0.000000E+00
TRACK:1030;5;0;1;5;3;1;0;4;5;1;2;3;9;5;23;7.309737645474968;1;6;7;0.3218028824642367;3;11;4;6;6;1;2;17;18;2;7;-5.854091696762859;22;3.66350285320285;1;0;3;4;6;2;25;10;1;4;6;4;15;5;0;6;22;-9.58565805499974;4;8;0;6;0;6;1;19;23;-3.587308483082352;0;5;25;1;11;12;4;5;6;3;22;-9.350739913168448;0;6;5;5;6;4;0;3;4;11;4;6;23;3.393492578825029;4;2;0;0;0;2;0;2;14;18;3;18;5;3;7;-7.279508601903622;0;4;6;22;6.945105059765922;3;4;14;4;5;3;0;20;-2.748115565306861;20;4.594253372334986;6;5;4;5;1;16;19;2;4;2;6;1;6;14;3;21;9.356815312735755;2;4;0;25;21;7.75724703552433;1;1;17;10;3;17;5;0;4;0;5;24;0;25;9;0;3;5;24;0;2;17;10;0;16;11
TRACK:1031;5;0;4;6;3;1;5;6;7;0.3218028824642367;1;1;4;6;5;4;16;2;6;0;2;17;18;5;19;3;1;1;13;15;6;25;6;6;4;5;3;19
TRACK:1032;9;7;4;1;2;6;3;3;3;1;6;6;24;5;1;13;13;2;2;5;5;1;0;5;9;4;11;4;6;16;2;4;1;3;3;13;3;5;15;2;6;3;5;14;6;0;6;15;4;9;0;2;4;5;4;6;22;2.665848916495923;4;4;4;1;17;20;-4.716407496205484;1;6;1;6;3;10;2;5;19;6;8;4;6;2;0;13;11;3;20;-4.756331604557056;4;4;2;2;5;1;3;5;14;0;6;21;7.707510668684343;6;14;2;0;4;6;21;6.112383433580128;4;5;24;6;0;3;25;1;9;16;2;0;5;1;0;16;9;6;10;2;4;5;15;4;6;24;6;0;5;6;15;6;1;10;13
TRACK:1033;9;7;0;4;4;0;1;4;4;5;5;5;8;5;1;4;1;0;15;23;9.010026579099339;4;21;7.603077435577408;2;3;1;21;0.8741299139996013;20;-9.727771496719013;1;5;25;4;8;0;1;6;5;3;1;7;1.1694286702868357;22;4.9607544345329515;5;3;5;4;22;9.67370061750217;0;4;1;6;4;8;6;1;24;12;1;1;6;1;9;8;1;6;21;-8.244041740037652;3;7;-8.343934600877203;6;5;3;25;6;3;5;1;6;2;1;1;4;25;1;19;10;6;3;9;1;2;0;16;20;-8.356452856661015;4;19;2;6;21;6.112383433580128;1;17;20;-4.716407496205484;3;0;0;0;4;25;4;16;4;1;23;3.4058139379531127;12;3;0;2;23;7.997450742602297;20;4.678946297741202;1;21;8.169859715769505;11
TRACK:1034;4;0;3;5;2;3;6;2;5;4;4;6;15;1;3;2;3;19;6;22;-0.03499774720603632;3;5;4;15;4;4;3;4;3;0;3;24;5;25
TRACK:1035;4;0;4;6;3;1;5;6;6;6;1;2;15;15;6;17;1;1;4;6;5;4;16;2;4;6;15;3;1;1;13;15;6;25;6;6;4;5;3;19
TRACK:1036;2;4;4;1;4;3;0;2;2;1;1;2;19;20;-4.142185303395147;0;8;23;-1.4602899930131628;1;3;19;6;16;1;5;0;18;10;5;1;18;21;-9.826680263377368;2;3;6;0;13;17;4;4;1;25;9;5;6;1;4;6;22;-2.0582719638834;2;1;22;2.6848393667379593;17;4;8;6;2;6;3;0;1;2;1;19;12;3;14;1;3;9;1;7;-7.3461643690864475;14;3;3;3;25;5;6;3;6;5;4;25
TRACK:1037;2;4;3;5;2;3;6;2;5;4;4;6;15;1;3;2;3;19;6;22;-0.03499774720603632;19;4;4;3;4;3;0;3;24;5;25
TRACK:1038;6;1;4;0;1;3;5;3;3;5;5;4;19;2;3;1;2;1;5;1;14;12;4;1;15;18;0;5;2;11;7;3.3949546236874166;1;1;21;0.15781845565135022;24;6;14;6;6;6;5;14;6;4;6;0;3;3;9;0;2;19;17;3;15;6;4;2;0;0;6;6;1;21;-0.8411316608662993;22;-5.721673982302146;0;1;6;16;4;14;1;0;9;7;3.452318748288228;5;25;5;4;5;3;12;3;2;2;6;1;25;25;3;6;7;5.598869455374256;6;7;-8.027529548669474
TRACK:1039;6;1;1;0;1;0;6;1;6;6;0;0;11;13;0;24;25;2;0;0;1;11;18;5;13;0;5;19;1;16;16;1;0;2;23;-2.2571701295058633;11;5;14;6;1;16;13;6;0;2;4;5;4;9;0;6;6;19;5;6;7;-8.027529548669474;6;1;4;2;7;0.07010987965106708;9;2;1;18;14;0;13;16;4;4;5;2;3;1;5;21;8.72293539427383;4;10;1;25;25;0;6;5;2;4;6;6;6;12;4;2;5;2;18;18;2;3;20;-1.309421897974218;6;21;8.619756525285762;5;3;0;5;3;4;0;16;17;0;0;2;2;12;20;-7.142345868378386;2;13;22;7.201771128708472;4;1;23;1.9260129348463444;25;6;6;1;10;25;5;4;6;2;2;5;5;5;5;24;3;6;1;5;7;0.5327554097370673;4;8;5;3;2;6;2;19;23;-4.7855461444313185;6;6;19
TRACK:1040;1030;-1;1;5;3;1;0;4;5;1;2;3;9;5;23;7.400403101457526;1;6;7;0.14019733998162734;3;11;4;6;6;1;2;17;18;2;7;-5.774619422132609;22;3.558273651193255;6;22;-2.5929465186645366;0;6;5;5;6;4;0;3;4;11;4;6;23;3.486820481281603;4;2;0;0;0;2;0;2;14;18;3;18;5;3;7;-7.175953837281461;0;4;6;22;7.035883155791677;3;4;14;4;5;3;0;20;-2.7354846410087053;20;4.589095011629151;6;5;4;5;1;16;19;2;4;2;6;1;6;14;3;21;9.266952775510992;2;4;0;25;21;7.853507535825663;1;1;17;10;3;17;5;0;4;0;5;24;0;25;9;0;3;5;24;0;2;17;10;0;16;11
TRACK:1041;1032;-1;4;1;2;6;3;3;3;1;6;6;24;5;1;13;13;2;2;5;5;1;0;5;9;4;11;4;6;16;2;4;1;3;3;13;3;5;15;2;6;3;5;14;6;0;6;15;4;9;0;2;4;5;4;6;22;2.5513141389673413;4;4;4;1;17;20;-4.633950942162803;1;6;1;6;3;10;0;25;20;2.922688856611167;4;6;2;0;13;11;3;20;-4.673596025514366;4;4;2;2;5;1;3;5;14;0;6;21;7.7168117627839035;6;14;2;0;4;6;21;6.01738406593652;4;5;24;6;0;3;25;1;9;16;2;0;5;1;0;16;9;6;10;2;4;5;15;4;6;24;6;0;5;6;15;6;1;10;13
TRACK:1042;1034;-1;3;5;2;3;6;2;5;4;4;6;15;1;3;2;3;19;6;22;0.15361150686541528;3;5;4;15;4;0;6;0;6;2;15;11;2;0;25;19;4;19;2;1;4;5;21;-7.660871154533386;4;3;21;-7.120426259556254;1;2;6;21;2.491642295066754;2;25;11;3;0;17;16
TRACK:1043;2;-1;4;1;4;3;0;2;2;1;1;2;19;16;0;8;23;-1.4338218895338766;1;3;19;6;16;1;5;0;18;10;5;1;18;21;-9.738715003184025;2;3;6;0;13;17;4;4;1;25;9;5;6;1;4;6;22;-2.2237446257645734;2;1;22;2.6371922602218434;17;4;8;6;2;6;3;0;1;2;1;19;12;3;14;1;3;9;1;7;-7.369260343195293;14;3;3;3;25;5;6;3;6;5;4;25
TRACK:1044;1038;-1;4;0;1;3;5;3;3;5;5;4;19;2;3;1;2;1;5;1;14;12;4;1;15;18;0;5;2;11;7;3.3807758312125213;1;1;21;0.06255037182262087;24;6;14;6;6;6;5;14;6;4;6;0;3;3;9;0;2;19;17;3;15;6;4;2;5;6;2;10;15;3;2;2;6;1;25;25;3;6;7;5.662557281919792;6;7;-7.920260031769092
TRACK:1045;1031;-1;4;6;3;1;5;6;7;0.43354442478615995;1;1;4;6;5;4;16;2;6;0;2;17;18;5;14;3;1;1;13;15;6;25;6;6;4;5;3;19
TRACK:1046;1033;-1;0;4;4;0;1;4;4;5;5;3;24;5;1;4;1;0;15;23;8.844516767237677;4;21;7.676546661285203;2;3;1;21;0.6741600703186108;20;-9.693816958361882;1;5;25;4;8;0;1;6;5;3;1;7;1.1783569873945852;22;4.86802400629165;5;3;5;4;22;9.704529030291964;0;4;1;6;4;8;6;1;24;12;1;1;6;1;9;8;1;6;21;-8.199385564601835;3;7;-8.391346694300518;6;5;3;25;6;3;5;1;6;2;1;1;4;25;1;19;10;6;3;9;1;2;0;16;20;-8.41630662798451;4;19;2;6;21;6.153328801240468;1;17;20;-4.762832973825361;3;0;0;0;4;25;4;16;4;1;23;3.513155635272427;12;3;0;2;23;7.8047363647244605;20;4.695406345921612;1;21;8.21850839579038;11
TRACK:1047;1035;-1;4;6;3;1;5;6;6;6;0;4;16;0;12;9;1;1;4;6;5;4;16;2;4;6;15;3;1;1;13;15;6;25;6;6;4;5;3;19
TRACK:1048;4;-1;3;5;2;3;6;2;5;4;4;6;15;1;5;12;3;5;4;11;4;4;3;4;3;0;3;24;5;25
TRACK:1049;1039;-1;1;0;1;0;6;1;6;6;0;0;11;13;0;24;25;2;0;0;1;11;18;5;13;0;5;19;1;16;16;1;0;2;23;-2.3720007698578325;11;5;14;6;1;16;13;6;0;2;4;5;4;9;0;6;6;19;5;6;7;-8.042064488100142;6;1;4;2;7;0.037748980591721666;9;2;1;18;14;0;13;16;4;4;5;2;3;1;5;21;8.622053672896229;4;10;1;25;25;0;6;5;2;4;6;6;6;12;4;2;5;2;18;18;2;3;20;-1.214034325882759;6;21;8.579809561499568;5;3;0;5;3;4;0;22;-8.515710731320613;16;0;0;2;2;12;20;-7.067836851742404;2;13;22;7.086416525727607;4;1;23;1.8368969816746976;25;6;6;1;10;25;5;4;6;2;2;5;5;5;5;24;3;6;1;5;7;0.5668039567303487;4;8;5;3;2;6;2;19;23;-4.618459674372662;6;6;19
EVAL_INSTANCE:52:0:1040
EVAL_INSTANCE:52:1:1041
EVAL_INSTANCE:52:2:1042
EVAL_INSTANCE:52:3:1043
EVAL_INSTANCE:52:4:1044
EVAL_INSTANCE:52:5:1045
EVAL_INSTANCE:52:6:1046
EVAL_INSTANCE:52:7:1047
EVAL_INSTANCE:52:8:1048
EVAL_INSTANCE:52:9:1049
RUN_RESULT:52:0:0:2000:----
RUN_RESULT:52:1:0:2000:----
RUN_RESULT:52:2:0:2000:----
RUN_RESULT:52:3:0:2000:----
RUN_RESULT:52:4:0:2000:----
RUN_RESULT:52:5:0:2000:----
RUN_RESULT:52:6:0:2000:----
RUN_RESULT:52:7:0:2000:----
RUN_RESULT:52:8:0:2000:----
RUN_RESULT:52:9:0:2000:----
    53 |      530 |  0.000000E+00 | -0.000000E+00
TRACK:1050;1;2;1;0;1;0;6;1;6;6;0;0;11;13;0;24;25;2;0;0;1;11;18;5;13;0;5;19;1;16;16;1;0;2;23;-2.2571701295058633;11;5;14;6;1;16;13;6;0;2;4;5;4;9;0;6;6;19;5;6;7;-8.027529548669474;6;1;4;2;7;0.07010987965106708;9;2;1;18;14;0;13;16;4;4;1;1;2;19;20;-4.142185303395147;0;8;23;-1.4602899930131628;1;3;19;6;16;0;6;5;2;4;6;6;6;12;4;2;5;2;18;18;2;3;20;-1.309421897974218;6;21;8.619756525285762;5;3;0;5;3;4;0;16;17;0;0;2;2;12;20;-7.142345868378386;2;13;22;7.201771128708472;4;1;23;1.9260129348463444;25;6;6;1;10;25;5;4;6;2;2;5;5;5;5;24;3;6;1;5;7;0.5327554097370673;4;8;5;3;2;6;2;19;23;-4.7855461444313185;6;6;19
TRACK:1051;1;2;4;1;4;3;0;2;2;1;1;2;19;20;-4.142185303395147;0;8;23;-1.4602899930131628;1;3;19;6;16;1;5;0;18;10;5;1;18;21;-9.826680263377368;2;3;6;0;13;23;-2.2571701295058633;4;4;1;25;9;5;6;1;4;6;22;-2.0582719638834;2;1;22;2.6848393667379593;17;4;8;6;2;6;3;0;1;2;1;19;12;3;14;1;3;9;1;7;-7.3461643690864475;14;3;3;3;25;5;6;3;6;5;4;25
TRACK:1052;3;0;5;0;5;6;0;5;5;4;6;2;23;-9.425875259368343;23;6.351964638882649;6;2;6;0;0;22;-5.7053140582007185;15;2;13;8;0;1;4;14;5;9;2;2;22;-2.8628063595721738;8;3;13;3;0;4;1;3;3;5;6;22;6.502010675018717;2;1;5;0;7;2.951350615301049;22;3.1091386531019545;5;1;8;18;2;2;1;9;10;1;12;21;0.4828827554892712;2;5;7;-5.060335771358783;3;24;0;4;5;2;0;2;23;-5.9151488629807725;17;4;11;4;0;11;25;4;2;4;5;6;19;5;0;15;2;13;18
TRACK:1053;3;0;4;6;3;1;5;6;6;6;1;2;15;15;6;14;1;1;4;6;5;4;16;2;6;0;2;17;18;5;19;3;1;1;13;15;6;25;6;6;4;5;3;19
TRACK:1054;7;3;0;4;4;0;1;4;4;5;5;5;8;5;1;4;1;0;15;23;9.010026579099339;4;21;7.603077435577408;2;3;1;21;0.8741299139996013;20;-9.727771496719013;1;5;25;4;8;0;1;6;5;3;1;7;1.1694286702868357;22;4.9607544345329515;5;3;5;4;22;9.67370061750217;0;4;1;6;4;8;6;1;24;12;1;1;6;1;9;8;1;6;21;-8.244041740037652;3;7;-8.343934600877203;6;5;3;25;6;3;5;1;6;2;1;1;4;25;1;19;10;6;3;9;1;2;0;16;20;-8.356452856661015;4;19;2;2;16;15;22;-2.8628063595721738;3;0;0;0;4;25;4;16;4;1;23;3.4058139379531127;12;3;0;2;23;7.997450742602297;20;4.678946297741202;1;21;8.169859715769505;11
TRACK:1055;7;3;5;0;5;6;0;5;5;4;6;2;23;-9.425875259368343;23;6.351964638882649;6;2;6;0;0;22;-5.7053140582007185;15;2;13;8;0;1;4;14;5;9;2;2;22;-2.8628063595721738;8;3;13;3;0;4;1;3;3;5;6;22;6.502010675018717;2;1;5;0;7;2.951350615301049;22;3.1091386531019545;5;1;8;18;2;2;1;7;1.1694286702868357;22;4.9607544345329515;1;12;21;0.4828827554892712;2;5;7;-5.060335771358783;3;24;0;4;5;2;0;2;23;-5.9151488629807725;17;4;11;4;0;11;25;4;2;4;5;6;19;5;0;3;15;2;13;18
TRACK:1056;9;8;4;1;2;6;3;3;3;1;6;6;24;5;1;13;13;2;2;5;5;1;0;5;9;4;11;4;6;16;2;4;1;3;3;13;3;5;15;2;6;3;5;14;6;0;6;15;4;9;0;2;4;5;4;6;22;2.665848916495923;4;4;4;2;18;16;1;6;1;6;3;10;2;5;19;6;8;4;6;2;0;13;11;0;24;18;4;4;2;2;5;1;3;5;14;0;6;21;7.707510668684343;6;14;2;0;4;6;21;6.112383433580128;4;5;24;6;0;3;25;1;9;16;2;0;5;1;0;16;9;6;10;2;4;5;15;4;6;24;6;0;5;6;15;6;1;10;13
TRACK:1057;9;8;6;4;2;0;4;6;15;6;4;0;1;3;4;7;-1.796785627472408;2;4;25;1;24;15;3;3;0;24;18;5;3;2;6;6;4;4;10;1;2;4;3;14;2;5;8;3;20;9.74776600337508;1;1;5;12;3;25;5;2;12;15
TRACK:1058;6;0;4;0;1;3;5;3;3;5;5;4;19;2;3;1;2;1;5;1;14;12;4;1;15;18;0;5;2;11;7;3.3949546236874166;1;1;21;0.15781845565135022;24;6;14;6;6;6;5;14;6;4;6;0;3;3;19;0;2;19;17;3;15;6;4;2;0;0;6;6;1;21;-0.8411316608662993;22;-5.721673982302146;0;1;6;16;4;14;1;0;9;7;3.452318748288228;5;25;5;4;5;3;12;3;2;2;6;1;25;25;3;6;7;5.598869455374256;6;6;1;17;22;-0.8355763743440541
TRACK:1059;6;0;4;6;3;1;5;6;6;6;1;2;15;15;6;17;1;1;4;6;5;4;16;2;6;0;2;17;18;5;19;3;1;1;13;15;6;25;6;6;4;5;25
TRACK:1060;1050;-1;1;0;1;0;6;1;6;6;0;0;11;13;0;24;25;2;0;0;1;11;18;5;13;0;5;19;1;16;16;1;0;2;23;-2.203086765889711;11;5;14;6;1;16;13;6;0;2;4;5;4;9;0;6;6;19;5;6;7;-8.040711310234235;6;1;4;2;7;0.09494381764028087;9;2;5;18;0;13;16;4;4;1;1;2;19;20;-4.102433742022319;0;8;23;-1.507203109814619;1;3;19;6;16;0;6;5;2;4;6;6;6;12;4;2;5;2;18;18;2;3;20;-1.2405048659864355;6;21;8.561806466977488;5;3;0;5;3;4;0;16;17;0;0;2;2;12;20;-7.233462670345099;2;13;22;7.22030595755424;4;1;23;1.928446277108155;25;6;6;1;10;25;5;4;6;2;2;5;5;5;5;24;3;6;1;5;7;0.5840853202351696;4;8;5;3;2;6;2;19;23;-4.729735753056577;6;6;19
TRACK:1061;1052;-1;5;0;5;6;0;5;1;14;14;6;2;6;0;0;22;-5.5913461112549445;15;2;13;8;0;1;4;14;5;9;2;2;22;-2.882792391637423;8;3;13;3;0;4;1;3;3;5;6;22;6.452917190956945;2;1;5;0;7;3.1114273804495127;22;3.2024466914954295;5;1;8;18;2;2;1;9;10;1;12;21;0.4818451674306924;2;5;7;-4.9100404398998325;3;24;0;4;5;2;0;2;23;-5.859395564024748;17;4;11;4;0;11;25;4;2;4;5;6;19;5;0;15;2;13;18
TRACK:1062;1054;-1;0;4;4;0;1;4;4;5;5;5;8;5;1;4;1;0;15;23;9.1049788844015;4;21;7.4307080703971105;2;3;1;21;0.9118658213506698;20;-9.619682696940488;1;5;25;4;7;-0.3682298353890481;0;1;6;5;3;1;7;1.0061868398859746;22;4.886868909874651;5;3;5;4;22;9.677009612950497;0;4;1;6;4;8;6;1;24;12;1;1;6;1;9;8;1;6;21;-8.228616026897326;3;7;-8.444406926008197;6;5;3;25;6;3;5;1;6;2;1;1;4;25;1;19;10;6;3;9;1;2;0;16;20;-8.310972899843742;4;19;2;2;16;15;22;-2.91643729949632;3;0;0;0;4;25;4;16;4;1;23;3.4810921347149244;12;3;0;2;23;8.076658776166157;20;4.732665100553896;1;21;8.220830535007046;11
TRACK:1063;1056;-1;4;1;2;6;3;3;3;1;6;6;24;5;1;13;13;2;2;5;5;1;0;5;9;4;11;4;6;16;2;4;1;3;3;13;3;5;15;2;6;3;5;14;6;0;6;15;4;9;0;2;4;5;4;6;22;2.685189773181701;4;4;4;6;13;1;6;1;6;3;10;2;5;19;6;8;4;6;2;0;13;11;0;24;18;4;4;2;2;5;1;3;5;14;0;6;21;7.570220732892365;6;14;2;0;4;6;21;6.153047031636177;4;5;24;6;0;3;25;1;9;16;2;0;5;1;0;16;9;6;10;2;4;5;15;4;6;24;6;0;5;6;15;6;1;10;13
TRACK:1064;1058;-1;4;0;1;3;5;3;3;5;5;4;19;2;3;1;2;1;5;1;14;12;4;1;15;18;0;5;2;11;7;3.480972673898555;1;1;21;0.18378433585546228;24;6;14;6;6;6;5;14;6;4;6;0;3;3;19;0;2;19;17;3;15;6;4;2;0;0;6;6;1;21;-0.9396411399965269;22;-5.624607568211099;0;6;18;1;0;9;7;3.50940488830982;5;25;5;4;5;3;12;3;2;2;6;1;25;25;3;6;7;5.361142190071621;6;6;1;17;22;-0.820791114335237
TRACK:1065;1051;-1;4;1;4;3;0;2;2;1;1;2;19;20;-4.147212068671899;0;8;20;-4.0164286165024805;1;3;19;6;16;1;5;0;18;10;5;1;18;21;-9.975507391967474;2;3;6;0;13;23;-2.238371938367053;4;4;1;25;9;5;6;1;4;6;22;-2.032387036603507;2;1;22;2.6610035812235178;17;4;8;6;2;6;3;0;1;2;1;19;12;3;14;1;3;9;1;7;-7.488917993835431;14;3;3;3;25;5;6;3;6;5;4;25
TRACK:1066;1053;-1;4;6;3;1;5;6;6;6;1;2;21;6.746471976702168;15;6;14;1;1;4;6;5;4;16;2;6;0;2;17;18;5;19;3;1;1;13;15;6;25;6;6;4;5;3;19
TRACK:1067;1055;-1;5;0;5;6;0;5;5;4;6;2;23;-9.485168109104361;23;6.169871911937789;6;2;6;0;0;22;-5.681109460183717;15;2;13;8;0;1;4;14;5;9;2;2;22;-2.895629288702472;8;3;13;3;0;4;1;3;3;5;6;22;6.5600444760372785;2;1;5;0;7;3.002736334682863;22;3.0689946766288454;5;1;8;18;2;2;1;7;1.1789275783718791;22;4.938313987311473;1;12;21;0.36956971928350413;2;5;7;-5.05553858928955;3;24;0;4;5;2;0;2;23;-5.817251077238481;17;4;11;4;0;11;25;4;2;22;9.688231824785344;16
TRACK:1068;1057;-1;6;4;2;0;4;6;15;6;4;0;1;3;4;13;2;4;25;1;24;15;3;3;0;24;18;5;3;2;6;6;4;4;10;1;2;4;3;14;2;5;8;3;20;9.681285144250738;1;1;5;12;3;25;5;2;12;15
TRACK:1069;1059;-1;4;6;3;1;5;6;6;6;6;24;1;1;4;6;5;4;16;2;6;0;2;17;18;5;19;3;1;1;13;15;6;25;6;6;4;5;25
EVAL_INSTANCE:53:0:1060
EVAL_INSTANCE:53:1:1061
EVAL_INSTANCE:53:2:1062
EVAL_INSTANCE:53:3:1063
EVAL_INSTANCE:53:4:1064
EVAL_INSTANCE:53:5:1065
EVAL_INSTANCE:53:6:1066
EVAL_INSTANCE:53:7:1067
EVAL_INSTANCE:53:8:1068
EVAL_INSTANCE:53:9:1069
RUN_RESULT:53:0:0:2000:----
RUN_RESULT:53:1:0:2000:----
RUN_RESULT:53:2:0:2000:----
RUN_RESULT:53:3:0:2000:----
RUN_RESULT:53:4:0:2000:----
RUN_RESULT:53:5:0:2000:----
RUN_RESULT:53:6:0:2000:----
RUN_RESULT:53:7:0:2000:----
RUN_RESULT:53:8:0:2000:----
RUN_RESULT:53:9:0:2000:----
    54 |      540 |  0.000000E+00 | -0.000000E+00
TRACK:1070;0;6;4;6;3;1;5;6;6;6;1;2;15;15;6;17;1;1;4;6;5;4;16;5;2;11;7;3.3949546236874166;6;6;4;5;3;19
TRACK:1071;0;6;4;0;1;3;5;3;3;5;5;4;19;2;3;1;2;1;5;1;14;12;4;1;15;18;0;5;2;11;7;3.3949546236874166;1;1;21;0.15781845565135022;24;6;14;6;6;6;5;14;6;4;6;0;3;3;9;0;2;19;17;3;15;6;4;2;0;0;6;6;1;21;-0.8411316608662993;22;-5.721673982302146;0;1;6;16;4;14;1;0;9;7;3.452318748288228;5;25;5;4;5;3;12;3;2;2;6;1;25;25;3;6;15;6;6;1;17;22;-0.8355763743440541
TRACK:1072;1;5;1;0;1;0;6;1;6;6;0;0;11;13;0;24;25;2;0;0;1;11;18;5;13;0;5;19;1;16;16;1;0;2;23;-2.2571701295058633;11;5;14;6;1;16;13;6;0;2;4;5;4;9;0;6;6;19;5;6;7;-8.027529548669474;6;1;4;2;7;0.07010987965106708;9;2;1;18;14;0;13;16;4;4;5;2;3;1;5;21;8.72293539427383;4;10;5;6;0;10;20;9.760890453417513;0;6;5;2;4;6;6;6;12;4;2;5;2;18;18;2;3;20;-1.309421897974218;6;21;8.619756525285762;5;3;0;5;3;4;0;16;17;0;0;6;22;-9.58565805499974;4;8;6;6;1;10;25;5;4;6;2;2;5;5;5;5;24;3;6;1;5;7;0.5327554097370673;4;8;5;3;2;6;2;19;23;-4.7855461444313185;6;6;19
TRACK:1073;1;5;1;5;3;1;0;4;5;1;2;3;9;5;23;7.309737645474968;1;6;7;0.3218028824642367;3;11;4;6;6;1;6;16;2;7;-5.854091696762859;22;3.66350285320285;1;0;3;4;6;2;25;10;1;4;6;4;15;5;0;6;22;-9.58565805499974;4;8;0;6;0;6;1;19;23;-3.587308483082352;0;5;25;1;11;12;4;5;6;3;22;-9.350739913168448;0;6;5;5;6;4;0;3;4;11;4;6;23;3.393492578825029;4;2;0;0;0;2;0;2;14;18;3;18;5;3;7;-7.279508601903622;0;4;6;22;6.945105059765922;3;4;14;4;5;3;0;20;-2.748115565306861;20;4.594253372334986;6;5;4;5;1;16;19;2;4;2;6;1;6;14;3;21;9.356815312735755;2;4;0;25;21;7.75724703552433;1;1;17;10;3;17;5;24
TRACK:1074;7;6;0;4;4;0;1;4;4;5;5;5;8;5;1;4;1;0;15;23;9.010026579099339;4;21;7.603077435577408;2;3;1;21;0.8741299139996013;20;-9.727771496719013;1;5;25;4;8;0;1;6;5;3;1;7;1.1694286702868357;22;4.9607544345329515;5;3;5;4;22;9.67370061750217;0;4;1;6;4;8;6;1;24;12;1;1;6;1;9;8;1;6;21;-8.244041740037652;3;7;-8.343934600877203;6;5;3;25;6;3;5;1;6;2;1;1;4;25;1;19;10;6;3;9;1;2;0;16;20;-8.356452856661015;4;19;2;2;16;15;1;17;20;-4.716407496205484;3;14
TRACK:1075;7;6;4;0;1;3;5;3;3;5;5;4;19;2;3;1;2;1;5;1;14;12;4;1;15;18;0;5;2;11;7;3.3949546236874166;1;1;21;0.15781845565135022;24;6;14;6;6;6;5;14;6;4;6;0;3;3;9;0;2;19;17;3;15;6;4;2;0;0;6;6;1;21;-0.8411316608662993;22;-5.721673982302146;0;1;6;16;4;14;1;0;9;7;3.452318748288228;5;25;5;4;5;3;12;3;2;3;25;6;6;1;17;22;-0.8355763743440541
TRACK:1076;7;3;0;4;4;0;1;4;4;5;5;5;8;5;1;4;1;0;15;23;9.010026579099339;4;21;7.603077435577408;2;3;1;21;0.8741299139996013;20;-9.727771496719013;1;5;25;4;8;0;1;6;5;3;1;7;1.1694286702868357;22;4.9607544345329515;5;3;5;4;22;9.67370061750217;0;4;1;6;4;8;6;1;24;12;1;1;6;1;9;8;1;6;21;-8.244041740037652;3;7;-8.343934600877203;6;5;3;25;6;3;5;1;6;2;1;1;4;25;1;19;10;6;3;9;1;2;0;16;20;-8.356452856661015;4;19;2;2;16;15;1;17;20;-4.716407496205484;3;0;0;0;4;25;2;23;-5.9151488629807725;17;4;1;23;3.4058139379531127;12;3;0;2;23;7.997450742602297;20;4.678946297741202;1;21;8.169859715769505;11
TRACK:1077;7;3;5;0;5;6;0;5;5;4;6;2;23;-9.425875259368343;23;6.351964638882649;6;2;6;0;0;22;-5.7053140582007185;15;2;13;8;0;1;4;14;5;9;2;2;22;-2.8628063595721738;8;3;13;3;0;4;1;3;3;5;6;22;6.502010675018717;2;1;5;0;7;2.951350615301049;22;3.1091386531019545;5;1;8;18;2;2;1;9;10;1;12;21;0.4828827554892712;2;5;9;3;24;0;4;5;2;0;2;23;-5.9151488629807725;17;4;11;4;0;11;25;4;2;4;5;6;19;5;0;3;15;2;13;18
TRACK:1078;2;9;4;1;4;3;0;2;6;3;5;14;2;3;6;0;13;17;4;4;1;25;9;5;6;1;4;6;22;-2.0582719638834;2;1;22;2.6848393667379593;17;4;8;6;2;6;3;0;1;2;1;19;12;3;14;1;3;9;1;7;-7.3461643690864475;14;3;3;3;25;5;6;3;6;5;4;25
TRACK:1079;2;9;4;1;2;6;3;3;3;1;6;6;24;5;1;13;13;2;2;5;5;1;0;5;9;4;11;4;6;16;2;4;1;3;3;13;3;5;15;2;6;8;6;0;6;15;4;9;0;2;4;5;4;6;22;2.665848916495923;4;4;4;2;18;16;1;6;1;6;3;10;2;5;19;6;8;4;6;2;0;13;11;3;20;-4.756331604557056;4;4;2;2;5;1;3;5;14;0;6;21;7.707510668684343;6;14;2;0;4;6;21;6.112383433580128;4;5;24;6;0;3;25;1;9;16;2;0;5;1;0;16;9;6;10;2;4;5;15;4;6;24;6;0;5;6;15;6;1;10;13
TRACK:1080;1070;-1;4;6;3;1;5;6;6;6;1;2;15;15;6;17;1;6;5;0;4;4;22;-6.657296740942815;3;3;24;6;6;4;5;3;19
TRACK:1081;1;-1;1;0;1;0;6;1;6;6;0;0;11;13;0;24;25;2;0;0;1;11;18;5;13;0;5;19;1;16;16;1;0;2;23;-2.338026832101959;11;5;14;6;1;16;13;6;0;2;4;5;4;9;0;6;6;19;5;6;7;-8.076828500281023;6;1;4;2;7;0.059539896994534144;9;2;1;18;14;0;13;16;4;4;5;2;3;1;5;21;8.610921349442993;4;10;5;6;0;10;20;9.65512016824264;0;6;5;2;4;6;6;6;12;4;2;5;2;18;18;2;3;20;-1.4374221966542622;6;21;8.592810361604734;5;3;0;5;3;4;0;16;17;0;6;0;9;20;4.90006295448633;6;6;1;10;25;5;4;6;2;2;5;5;5;5;24;3;6;1;5;7;0.5372356977563333;4;8;5;3;2;6;2;19;23;-4.788656157055558;6;6;19
TRACK:1082;1074;-1;0;4;4;0;1;4;4;5;5;5;8;5;1;4;1;0;15;23;8.878255336280091;4;21;7.50045978614602;2;3;1;21;0.935798301522848;20;-9.552566388549335;1;5;25;4;8;0;1;6;5;3;1;7;1.1817307332395992;22;4.83333512642519;5;3;5;4;22;9.663990985254594;0;4;1;6;4;8;6;1;24;12;1;1;6;1;9;8;1;6;21;-8.167588725785814;3;7;-8.2027645752938;6;5;3;25;6;3;5;1;6;2;1;1;4;25;1;19;22;-9.634085403318407;6;3;9;1;2;0;16;20;-8.623971349783128;4;19;2;2;16;15;1;17;20;-4.659023344800605;3;14
TRACK:1083;1076;-1;0;4;4;0;1;4;4;5;5;5;8;5;1;4;1;0;15;23;8.909200645087893;4;21;7.678436918799189;2;3;1;21;0.8472378383924529;20;-9.794312009106651;1;5;25;4;8;0;1;6;5;3;1;7;1.2219176210768623;22;4.835027492475723;5;3;5;4;22;9.61089051168774;0;4;1;6;4;8;6;1;24;12;1;1;6;1;9;8;1;6;21;-8.192186547632904;3;7;-8.337849672452725;6;5;3;25;6;3;5;1;6;2;1;1;4;25;1;19;10;6;3;21;-0.8557217894236686;1;2;0;16;20;-8.403891497462883;4;19;2;2;16;15;1;17;20;-4.819684287492063;3;0;0;0;4;25;2;23;-5.986378059974877;17;4;1;23;3.4874431606082026;12;3;0;2;23;7.935958079895152;20;4.644255665948196;1;21;8.228854969531367;11
TRACK:1084;1078;-1;4;1;4;3;0;2;6;3;5;14;2;3;6;0;13;17;4;4;1;25;9;5;6;1;4;6;22;-2.1113711908743817;4;0;18;24;6;2;6;3;0;1;2;1;19;12;3;14;1;3;9;1;7;-7.199308261347003;14;3;3;3;25;5;6;3;6;5;4;25
TRACK:1085;1071;-1;4;0;1;3;5;3;3;5;5;4;19;2;3;1;2;1;5;1;14;12;4;1;15;18;0;5;2;24;7;3.535623349692734;1;1;21;0.1679356405558375;24;6;14;6;6;6;5;14;6;4;6;0;3;3;9;0;2;19;17;3;15;6;4;2;0;0;6;6;1;21;-0.8047536540117773;22;-5.6640143375423415;0;1;6;16;4;14;1;0;9;7;3.4908623526925187;5;25;5;4;5;3;12;3;2;2;6;1;25;25;3;6;15;6;6;1;17;22;-0.789041140224717
TRACK:1086;5;-1;1;5;3;1;0;4;5;1;2;3;9;5;23;7.241542865353354;1;6;7;0.25078937956469666;3;11;4;6;6;1;6;16;2;7;-5.885541260984961;22;3.4325820597366627;1;0;3;4;6;2;25;10;1;4;6;4;15;5;0;6;22;-9.542489329162379;4;8;0;6;0;6;1;19;23;-3.6125302176069005;0;5;25;1;11;12;4;5;6;3;22;-9.395379237760157;0;6;5;5;6;4;0;3;4;11;4;6;23;3.3334301437987617;4;2;0;0;0;2;0;2;14;18;3;18;5;3;7;-7.376509275802018;0;4;6;22;6.767579516475073;3;4;14;4;5;3;0;20;-2.8616552787796885;20;4.515521287343222;6;5;4;5;1;16;19;2;4;2;6;1;6;14;3;21;9.387323453635625;2;4;0;25;21;7.883954698851806;1;1;17;10;3;17;5;0;4;0;1;11;15;0;25;9;0;3;5;24;0;2;17;10;0;16;11
TRACK:1087;1075;-1;4;0;1;3;5;3;3;5;5;0;16;23;5.3226824000058635;2;3;1;2;1;5;1;14;12;4;1;15;18;0;5;2;11;7;3.369287508446312;1;1;21;0.21694008106984075;24;6;14;6;6;6;5;14;6;4;6;0;3;3;9;0;2;19;17;3;15;6;4;2;0;0;6;6;1;21;-0.7298709114243875;22;-5.861117748297766;0;1;6;16;4;14;1;0;9;7;3.5153701440758045;5;25;5;4;5;3;12;3;2;3;25;6;6;1;17;22;-0.8182725301902941
TRACK:1088;1077;-1;5;0;5;6;0;5;5;4;6;2;23;-9.404451069280949;23;6.2179414756430305;6;2;6;0;0;22;-5.780941884459044;15;2;13;8;0;1;4;14;5;9;2;2;24;8;3;13;3;0;4;1;3;3;5;6;22;6.390314264663986;2;1;5;0;7;2.6905631839539703;22;3.0500587286914795;5;1;8;18;2;2;1;9;10;1;12;21;0.5534484571286039;2;5;9;3;24;0;4;5;2;0;2;23;-5.982598097369074;17;4;11;4;0;11;25;4;2;4;5;6;19;5;0;3;15;2;13;18
TRACK:1089;1079;-1;4;1;2;6;3;3;3;1;6;6;24;5;1;13;13;2;2;5;5;1;0;5;9;4;11;4;6;16;2;4;1;3;3;13;3;5;15;2;0;6;15;4;22;6.0339716799432175;6;0;6;15;4;9;0;2;4;5;4;6;22;2.7753614465042413;4;4;4;2;18;16;1;6;1;6;3;10;2;5;19;6;8;4;6;2;0;13;11;3;20;-4.747372851233293;4;4;2;2;5;1;3;5;14;0;6;21;7.519787045434367;6;14;2;0;4;6;21;6.022830107700752;4;5;24;6;0;3;25;1;9;16;2;0;5;1;0;16;9;6;10;2;4;5;15;4;6;24;6;0;5;6;15;6;1;10;13
EVAL_INSTANCE:54:0:1080
EVAL_INSTANCE:54:1:1081
EVAL_INSTANCE:54:2:1082
EVAL_INSTANCE:54:3:1083
EVAL_INSTANCE:54:4:1084
EVAL_INSTANCE:54:5:1085
EVAL_INSTANCE:54:6:1086
EVAL_INSTANCE:54:7:1087
EVAL_INSTANCE:54:8:1088
EVAL_INSTANCE:54:9:1089
RUN_RESULT:54:0:0:2000:----
RUN_RESULT:54:1:0:2000:----
RUN_RESULT:54:2:0:2000:----
RUN_RESULT:54:3:0:2000:----
RUN_RESULT:54:4:0:2000:----
RUN_RESULT:54:5:0:2000:----
RUN_RESULT:54:6:0:2000:----
RUN_RESULT:54:7:0:2000:----
RUN_RESULT:54:8:0:2000:----
RUN_RESULT:54:9:0:2000:----
    55 |      550 |  0.000000E+00 | -0.000000E+00
TRACK:1090;2;6;4;1;4;3;0;2;2;1;1;2;19;20;-4.142185303395147;0;8;23;-1.4602899930131628;1;3;19;6;16;1;5;0;18;10;5;1;18;21;-9.826680263377368;2;3;6;0;13;17;4;4;1;25;9;5;6;1;4;6;22;-2.0582719638834;2;1;22;2.6848393667379593;17;4;8;6;2;6;3;0;1;2;1;19;12;3;14;1;3;9;1;7;-7.3461643690864475;14;3;3;3;25;5;6;3;6;1;21;-0.8411316608662993;22;-5.721673982302146
TRACK:1091;2;6;4;0;1;3;5;3;3;5;5;4;19;2;3;1;2;1;5;1;14;12;4;1;15;18;0;5;2;11;7;3.3949546236874166;1;1;21;0.15781845565135022;24;6;14;6;6;6;5;14;6;4;6;0;3;3;9;0;2;19;17;3;15;6;4;2;0;0;6;6;1;21;-0.8411316608662993;22;-5.721673982302146;0;1;6;16;4;14;1;0;9;7;3.452318748288228;5;25;5;4;5;3;12;3;2;2;6;1;25;25;3;6;7;5.598869455374256;6;6;1;17;14
TRACK:1092;4;8;3;5;2;3;6;3;14;4;4;3;4;3;0;3;24;5;25
TRACK:1093;4;8;6;4;2;0;4;3;6;1;6;6;11;1;1;23;-6.194829372622004;22;-0.03499774720603632;0;23;-6.448084404665872;22;-2.585017750253062;6;4;0;1;3;4;7;-1.796785627472408;2;4;25;1;24;15;3;3;0;24;18;5;3;2;6;6;4;4;10;1;2;4;3;14;2;5;8;3;20;9.74776600337508;1;1;5;12;3;25;5;2;12;15
TRACK:1094;5;4;1;5;3;1;0;4;5;1;2;3;9;5;23;7.309737645474968;1;6;7;0.3218028824642367;3;11;4;6;6;1;6;16;2;7;-5.854091696762859;22;3.66350285320285;1;0;3;4;6;2;22;-0.03499774720603632;10;1;4;6;4;15;5;0;6;22;-9.58565805499974;4;8;0;6;0;6;1;19;23;-3.587308483082352;0;5;25;1;11;12;4;5;6;3;22;-9.350739913168448;0;6;5;5;6;4;0;3;4;11;4;6;23;3.393492578825029;4;2;0;0;0;2;0;2;14;18;3;18;5;3;7;-7.279508601903622;0;4;6;22;6.945105059765922;3;4;14;4;5;3;0;20;-2.748115565306861;20;4.594253372334986;6;5;4;5;1;16;19;2;4;2;6;1;6;14;3;21;9.356815312735755;2;4;0;25;21;7.75724703552433;1;1;17;10;3;17;5;0;4;0;5;24;0;25;9;0;3;5;24;0;2;17;10;0;16;11
TRACK:1095;5;4;3;5;2;3;6;2;5;4;4;6;15;1;3;2;3;19;9;3;5;4;11;4;4;3;4;3;0;3;24;5;25
TRACK:1096;9;7;4;1;2;6;3;3;3;1;6;6;24;5;1;13;13;2;2;5;5;1;0;5;9;4;11;4;6;16;2;4;1;3;3;13;3;5;15;2;6;3;5;14;6;0;6;15;4;9;0;2;4;5;4;6;20;-8.356452856661015;4;4;4;2;18;16;1;6;1;6;3;10;2;5;19;6;8;4;6;2;0;13;11;3;20;-4.756331604557056;4;4;2;2;5;1;3;5;14;0;6;21;7.707510668684343;6;14;2;0;4;6;21;6.112383433580128;4;5;24;6;0;3;25;1;9;16;2;0;5;1;0;16;9;6;10;2;4;5;15;4;6;24;6;0;5;6;15;6;1;10;13
TRACK:1097;9;7;0;4;4;0;1;4;4;5;5;5;8;5;1;4;1;0;15;23;9.010026579099339;4;21;7.603077435577408;2;3;1;21;0.8741299139996013;20;-9.727771496719013;1;5;10;4;8;0;1;6;5;3;1;7;1.1694286702868357;22;4.9607544345329515;5;3;5;4;22;9.67370061750217;0;4;1;6;4;8;6;1;24;12;1;1;6;1;9;8;1;6;21;-8.244041740037652;3;7;-8.343934600877203;6;5;3;25;6;3;5;1;6;2;1;1;4;25;1;19;10;6;3;9;1;2;0;16;20;-8.356452856661015;4;19;2;2;16;15;1;17;20;-4.716407496205484;3;0;0;0;4;25;4;16;4;1;23;3.4058139379531127;12;3;0;2;23;7.997450742602297;20;4.678946297741202;1;21;8.169859715769505;11
TRACK:1098;0;3;4;6;3;1;5;6;6;6;1;2;15;15;6;17;1;1;4;6;5;4;16;2;6;0;2;17;18;5;19;3;1;1;18;15;6;25;6;6;4;5;3;19
TRACK:1099;0;3;5;0;5;6;0;5;5;4;6;2;23;-9.425875259368343;23;6.351964638882649;6;2;6;0;0;22;-5.7053140582007185;15;2;13;8;0;1;4;14;5;9;2;2;22;-2.8628063595721738;8;3;13;3;0;4;1;3;3;5;6;22;6.502010675018717;2;1;5;0;7;2.951350615301049;22;3.1091386531019545;5;1;8;18;2;2;1;9;10;1;12;21;0.4828827554892712;2;5;7;-5.060335771358783;3;24;0;4;5;2;0;2;23;-5.9151488629807725;17;4;11;4;0;15;25;4;2;4;5;6;19;5;0;3;15;2;13;18
TRACK:1100;1090;-1;4;1;4;3;0;2;2;1;1;2;19;20;-4.134561791177063;0;8;23;-1.454413853348728;1;3;19;6;16;1;5;0;18;10;5;1;18;21;-9.700560174421815;2;3;6;0;13;17;4;4;1;25;9;5;6;1;4;6;22;-1.9922867287061445;2;1;22;2.7116112489398994;17;4;8;6;2;6;3;0;1;2;1;19;12;3;14;1;3;9;1;7;-7.314962462865174;14;3;3;3;25;5;6;3;6;1;0;18;13;22;-5.789206236679427
TRACK:1101;1092;-1;3;5;2;3;6;3;14;4;4;3;4;1;3;7;4.500864251976628;1;14;10
TRACK:1102;1094;-1;1;5;3;1;0;4;5;1;2;3;9;5;23;7.304350165989509;1;6;7;0.26442394432770233;3;11;4;6;6;1;6;16;2;7;-5.812251745833584;22;3.6211941932143943;1;0;3;4;6;2;22;0.019815773903471348;10;1;4;6;2;23;8.061492558316562;18;5;0;6;22;-9.59199652372472;4;8;0;6;0;6;1;19;23;-3.50165962564767;0;5;25;1;11;12;4;5;6;3;22;-9.35683728468691;0;6;5;5;6;4;0;3;4;11;4;6;23;3.379301926705208;4;2;0;0;0;2;0;2;14;18;3;18;5;3;7;-7.332156533768407;0;4;6;22;6.903726853937198;3;4;14;4;5;3;0;20;-2.7278971411541817;20;4.501356919503125;6;5;4;5;1;16;19;2;4;2;6;1;6;14;3;21;9.454429637150955;2;4;0;25;21;7.965094495526361;1;1;17;10;3;17;5;0;4;0;5;24;0;25;9;0;3;5;24;0;2;17;10;0;16;11
TRACK:1103;9;-1;4;1;2;6;3;3;3;1;6;6;24;5;1;13;13;2;2;5;5;1;0;5;9;4;11;4;6;16;2;4;1;3;3;13;3;5;15;2;6;3;5;14;6;0;6;15;4;9;0;2;4;5;4;6;22;2.7107805304581465;4;4;4;4;12;1;6;1;6;3;10;2;5;19;6;8;4;6;2;0;13;11;3;20;-4.697501562653017;4;4;2;2;5;1;3;5;14;0;6;21;7.598632200831224;6;14;2;0;4;6;21;6.127714621876038;4;5;24;6;0;3;25;1;9;16;2;0;5;1;0;16;9;6;10;2;4;5;15;4;6;24;6;0;5;6;15;6;1;10;13
TRACK:1104;1098;-1;0;0;5;0;2;5;20;-9.79690465702998;2;11;8;4;3;11;4;1;2;4;8;0;24;18;5;0;13;9;6;6;3;2;1;11;8;2;16;15
TRACK:1105;1091;-1;4;0;4;6;5;6;1;6;1;1;20;-3.438191859202542;21;0.21127526571602395;3;10;2;6;3;9;4;6;16;6;4;2;0;0;6;6;1;21;-0.8650140757595318;22;-5.571782051115477;0;1;6;16;4;14;1;0;9;7;3.4859642701831546;5;25;5;4;5;3;12;3;2;2;6;1;25;25;3;6;7;5.507116869439399;6;6;1;17;14
TRACK:1106;1093;-1;6;4;2;0;4;3;6;1;6;6;11;1;1;23;-6.2659971154158365;22;-0.13284058782019653;0;23;-6.463311047099986;22;-2.584040180422585;6;4;0;1;3;4;7;-1.848347277456741;2;4;25;1;24;15;3;0;4;14;5;25;5;3;2;6;6;4;4;10;1;2;4;3;14;2;5;8;3;20;9.743741753672822;1;1;5;12;3;25;5;2;12;15
TRACK:1107;1095;-1;3;5;2;4;3;2;1;0;3;9;6;19;4;2;16;7;-8.308979893925068;3;4;2;14;18;4;4;3;4;3;0;3;24;5;25
TRACK:1108;7;-1;0;4;4;0;1;4;4;4;6;9;5;1;4;1;0;15;23;9.090429915736529;4;21;7.6966625159113695;2;3;1;21;0.9854887899066015;20;-9.763850690727384;1;5;25;4;8;0;1;6;5;3;1;7;1.0191660616172413;22;4.921546154207094;5;3;5;4;22;9.664209885516733;0;4;1;6;4;8;6;1;24;12;1;1;6;1;9;8;1;6;21;-8.30678166576102;3;7;-8.278262626724926;6;5;3;25;6;3;5;1;6;2;1;1;4;25;1;19;10;6;3;9;1;2;0;16;20;-8.411478852871024;4;19;2;2;16;15;1;17;20;-4.592721118856393;3;0;0;0;4;25;4;16;4;1;23;3.3847356111070486;12;3;0;2;23;8.081459111137125;20;4.6255529874416546;1;21;7.983939883786679;11
TRACK:1109;1099;-1;5;0;5;6;0;5;5;4;6;2;23;-9.231747738120967;23;6.36285040738872;6;2;6;0;0;22;-5.685083506602845;15;2;13;8;0;1;4;14;5;9;2;2;9;8;3;13;3;0;4;1;3;3;5;6;22;6.411513711803345;2;1;5;0;7;2.939986937091104;22;2.9576236743400517;5;1;8;18;2;2;1;9;10;1;12;21;0.3544345563625494;2;5;7;-5.159408651368653;3;24;0;4;5;2;0;2;23;-5.80106488813437;17;4;11;4;0;15;25;4;2;4;5;6;19;5;0;3;15;2;13;18
EVAL_INSTANCE:55:0:1100
EVAL_INSTANCE:55:1:1101
EVAL_INSTANCE:55:2:1102
EVAL_INSTANCE:55:3:1103
EVAL_INSTANCE:55:4:1104
EVAL_INSTANCE:55:5:1105
EVAL_INSTANCE:55:6:1106
EVAL_INSTANCE:55:7:1107
EVAL_INSTANCE:55:8:1108
EVAL_INSTANCE:55:9:1109
RUN_RESULT:55:0:0:2000:----
RUN_RESULT:55:1:0:2000:----
RUN_RESULT:55:2:0:2000:----
RUN_RESULT:55:3:0:2000:----
RUN_RESULT:55:4:0:2000:----
RUN_RESULT:55:5:0:2000:----
RUN_RESULT:55:6:0:2000:----
RUN_RESULT:55:7:0:2000:----
RUN_RESULT:55:8:0:2000:----
RUN_RESULT:55:9:0:2000:----
    56 |      560 |  0.000000E+00 | -0.000000E+00
TRACK:1110;0;6;4;6;3;1;5;6;6;6;1;2;15;15;6;17;1;1;4;6;5;4;16;2;6;0;1;14;12;5;19;3;1;1;13;15;6;25;6;6;4;5;3;19
TRACK:1111;0;6;4;0;1;3;5;3;3;5;5;4;19;2;3;1;2;1;5;1;14;12;4;1;15;18;0;5;2;11;7;3.3949546236874166;1;1;21;0.15781845565135022;24;6;14;6;6;6;5;14;6;4;6;0;3;3;9;0;2;19;17;3;15;6;5;3;19
TRACK:1112;4;8;3;5;2;3;6;2;5;4;4;6;15;1;3;2;3;19;6;22;-0.03499774720603632;3;5;4;11;25
TRACK:1113;4;8;6;4;2;0;4;3;6;1;6;6;11;1;1;23;-6.194829372622004;8;0;23;-6.448084404665872;22;-2.585017750253062;6;4;0;1;3;4;7;-1.796785627472408;2;4;25;1;24;15;3;3;0;24;18;5;3;2;6;6;4;4;10;1;2;4;6;22;-0.03499774720603632;2;5;8;3;20;9.74776600337508;1;1;5;12;3;25;5;2;12;15
TRACK:1114;1;8;1;0;1;0;6;1;6;6;0;0;11;13;0;24;25;2;0;0;1;11;18;5;13;3;25;1;0;2;23;-2.2571701295058633;11;5;14;6;1;16;13;6;0;2;4;5;4;9;0;6;6;19;5;6;7;-8.027529548669474;6;1;4;2;7;0.07010987965106708;9;2;1;18;14;0;13;16;4;4;5;2;3;1;5;21;8.72293539427383;4;10;5;6;0;10;20;9.760890453417513;0;6;5;2;4;6;6;6;12;4;2;5;2;18;18;2;3;20;-1.309421897974218;6;21;8.619756525285762;5;3;0;5;3;4;0;16;17;0;0;2;2;12;20;-7.142345868378386;2;13;22;7.201771128708472;4;1;23;1.9260129348463444;25;6;6;1;10;25;5;4;6;2;2;5;5;5;5;24;3;6;1;5;7;0.5327554097370673;4;8;5;3;2;6;2;19;23;-4.7855461444313185;6;6;19
TRACK:1115;1;8;6;4;2;0;4;3;6;1;6;6;11;1;1;23;-6.194829372622004;8;0;23;-6.448084404665872;22;-2.585017750253062;6;4;0;1;3;4;7;-1.796785627472408;2;4;25;1;24;15;3;3;0;24;18;5;3;2;19;1;2;4;3;14;2;5;8;3;20;9.74776600337508;1;1;5;12;3;25;5;2;12;15
TRACK:1116;9;6;4;1;2;6;3;3;3;1;6;6;24;5;1;13;13;2;2;5;5;1;0;5;9;4;11;4;6;16;2;4;1;3;3;13;3;5;15;2;6;3;5;14;6;0;6;15;4;9;0;2;4;5;4;6;22;2.665848916495923;4;4;4;2;18;16;1;17;4;6;2;0;13;11;3;20;-4.756331604557056;4;4;2;2;5;1;3;5;14;0;6;21;7.707510668684343;6;14;2;0;4;6;21;6.112383433580128;4;5;24;6;0;3;25;1;9;16;2;0;5;1;0;16;9;6;10;2;4;5;15;4;6;24;6;0;5;6;15;6;1;10;13
TRACK:1117;9;6;4;0;1;3;5;3;3;5;5;4;19;2;3;1;2;1;5;1;14;12;4;1;15;18;0;5;2;11;7;3.3949546236874166;1;1;21;0.15781845565135022;24;6;14;6;16;6;4;6;0;3;3;9;0;2;19;17;3;15;6;4;2;0;0;6;6;1;21;-0.8411316608662993;22;-5.721673982302146;0;1;6;16;4;14;1;0;9;7;3.452318748288228;5;25;5;4;5;3;12;3;2;2;6;1;25;25;3;6;7;5.598869455374256;6;6;1;17;22;-0.8355763743440541
TRACK:1118;5;3;1;5;3;1;0;4;5;1;2;3;9;5;23;7.309737645474968;1;6;7;0.3218028824642367;3;11;4;6;6;1;6;16;2;7;-5.854091696762859;22;3.66350285320285;1;0;3;4;6;2;25;10;1;4;6;4;15;5;0;6;22;-9.58565805499974;4;8;0;6;0;6;1;19;23;-3.587308483082352;0;5;25;1;11;12;4;5;6;3;22;-9.350739913168448;0;6;5;5;6;4;0;3;4;11;4;6;23;3.393492578825029;5;7;-5.060335771358783
TRACK:1119;5;3;5;0;5;6;0;5;5;4;6;2;23;-9.425875259368343;23;6.351964638882649;6;2;6;0;0;22;-5.7053140582007185;15;2;13;8;0;1;4;14;5;9;2;2;22;-2.8628063595721738;8;3;13;3;0;4;1;3;3;5;6;22;6.502010675018717;2;1;5;0;7;2.951350615301049;22;3.1091386531019545;5;1;8;18;2;2;1;9;10;1;12;21;0.4828827554892712;2;5;7;-5.060335771358783;3;24;0;4;5;2;0;2;23;-5.9151488629807725;17;4;11;0;25;9;4;2;4;5;6;19;5;0;3;15;2;13;18
TRACK:1120;1110;-1;4;6;3;1;5;6;6;6;0;15;17;1;1;4;6;5;4;16;2;6;0;1;14;12;5;19;3;1;1;13;15;6;25;6;6;4;5;3;19
TRACK:1121;1112;-1;3;5;2;3;6;2;5;4;4;6;15;1;3;2;3;19;6;22;-0.08257181576082787;3;5;4;7;4.506645560402333;25
TRACK:1122;1114;-1;1;0;1;0;6;1;6;6;0;0;11;13;0;24;25;2;1;16;17;1;0;2;23;-2.209427766153383;11;5;14;6;1;16;13;6;0;2;4;5;4;9;0;6;6;19;5;6;7;-8.05604630368693;6;1;4;2;7;0.02058920114640453;9;2;1;18;14;0;13;16;4;4;5;2;3;1;5;21;8.692387541884191;4;10;5;6;0;10;20;9.772776322630282;0;6;5;2;4;6;6;6;12;4;2;5;2;18;18;2;3;20;-1.1090456046153467;6;21;8.715357491554158;5;3;0;5;3;4;0;16;17;0;0;2;2;12;20;-7.293604932266229;2;13;22;7.184595476261163;4;1;23;1.8899765865613458;25;6;6;1;10;25;5;4;6;2;2;5;5;5;5;24;3;6;1;5;7;0.5463078267001216;4;8;5;3;2;6;2;19;23;-4.821718352596945;6;6;19
TRACK:1123;9;-1;4;1;2;6;3;3;3;1;6;6;24;5;1;13;13;2;2;5;5;1;0;5;9;4;11;4;6;16;2;4;1;3;3;13;3;5;15;2;6;3;5;14;6;0;6;15;4;9;0;2;4;5;4;6;22;2.6258543577959634;4;4;4;2;18;16;1;6;1;6;3;10;2;5;19;6;8;4;6;2;0;13;11;3;15;4;4;2;2;5;1;3;5;14;0;6;21;7.672536204769372;6;14;2;0;4;6;21;6.1712896674575015;4;5;24;6;0;3;25;1;9;16;2;0;5;1;0;16;9;6;10;2;4;5;15;4;6;24;6;0;5;6;15;6;1;10;13
TRACK:1124;1118;-1;1;5;3;1;0;4;5;1;2;3;9;5;23;7.344501474579857;1;6;7;0.36449850127442446;3;11;4;6;6;1;6;16;2;7;-5.805746619220341;22;3.7945806632828867;1;0;3;4;6;2;25;10;1;4;6;4;15;5;0;6;22;-9.575662847368472;4;8;0;6;0;6;1;19;23;-3.435583905634391;0;5;25;1;11;12;4;5;6;3;22;-9.27020701857702;0;6;5;5;6;4;0;1;16;9;4;6;23;3.382745825989303;5;7;-5.107633720837847
TRACK:1125;1111;-1;4;0;1;3;5;3;3;5;5;4;19;2;3;1;2;1;5;1;14;12;4;1;15;10;0;5;2;11;7;3.3470152544997585;1;1;21;0.20278895394686752;24;6;14;6;6;6;5;14;6;4;6;0;3;3;9;0;2;19;17;3;15;6;5;3;19
TRACK:1126;1113;-1;6;4;2;0;4;3;6;1;6;6;11;1;1;23;-6.114373888287855;8;0;23;-6.5454851986714795;22;-2.796164627308803;6;4;0;1;3;4;7;-1.6859793866280932;2;4;25;1;24;15;3;3;0;24;18;5;3;2;6;6;4;4;10;1;2;4;6;22;-0.13979786474895228;6;7;9.18611975709997;1;1;5;12;3;25;5;2;12;15
TRACK:1127;1115;-1;6;4;2;0;4;3;6;1;6;6;11;1;1;23;-6.105705582596199;8;0;23;-6.335264267893922;22;-2.4225678911296185;6;4;0;1;3;4;7;-1.8347705455288763;2;4;25;1;24;15;3;3;0;24;18;5;3;2;19;1;2;4;3;14;2;5;8;3;20;9.65008465768275;1;1;5;12;3;25;5;5;12
TRACK:1128;6;-1;4;5;6;5;5;23;-2.4931660058673755
TRACK:1129;1119;-1;5;0;5;6;0;5;5;4;6;2;23;-9.446285765335448;23;6.301368427642374;6;2;6;0;0;22;-5.74667147733603;15;2;13;8;0;1;4;14;5;9;2;2;22;-2.86163616071844;8;3;13;3;0;4;1;3;3;5;6;22;6.591434388848683;2;1;5;0;7;3.000173779672507;22;3.090747645804091;5;1;8;18;6;8;0;4;5;2;0;2;23;-5.93337641659455;17;4;11;0;25;9;4;2;4;5;6;19;5;0;3;15;2;13;18
EVAL_INSTANCE:56:0:1120
EVAL_INSTANCE:56:1:1121
EVAL_INSTANCE:56:2:1122
EVAL_INSTANCE:56:3:1123
EVAL_INSTANCE:56:4:1124
EVAL_INSTANCE:56:5:1125
EVAL_INSTANCE:56:6:1126
EVAL_INSTANCE:56:7:1127
EVAL_INSTANCE:56:8:1128
EVAL_INSTANCE:56:9:1129
RUN_RESULT:56:0:0:2000:----
RUN_RESULT:56:1:0:2000:----
RUN_RESULT:56:2:0:2000:----
RUN_RESULT:56:3:0:2000:----
RUN_RESULT:56:4:0:2000:----
RUN_RESULT:56:5:0:2000:----
RUN_RESULT:56:6:0:2000:----
RUN_RESULT:56:7:0:2000:----
RUN_RESULT:56:8:0:2000:----
RUN_RESULT:56:9:0:2000:----
    57 |      570 |  0.000000E+00 | -0.000000E+00
TRACK:1130;4;7;3;5;2;3;6;2;5;4;4;6;15;1;8;3;5;4;11;4;4;3;4;3;0;3;24;5;25
TRACK:1131;4;7;0;4;4;0;1;4;4;5;5;5;8;5;1;4;1;0;15;23;9.010026579099339;4;21;7.603077435577408;2;3;1;21;0.8741299139996013;15;1;5;25;4;8;0;1;6;5;3;1;7;1.1694286702868357;22;4.9607544345329515;5;3;5;4;22;9.67370061750217;0;4;1;6;4;8;6;1;24;12;1;1;6;1;9;8;1;6;21;-8.244041740037652;3;7;-8.343934600877203;6;5;3;25;6;3;5;1;6;2;1;1;4;25;1;19;10;6;3;9;1;2;0;16;20;-8.356452856661015;4;19;2;2;16;15;1;17;20;-4.716407496205484;3;0;0;0;4;25;4;16;4;1;23;3.4058139379531127;12;3;0;2;23;7.997450742602297;20;4.678946297741202;1;21;8.169859715769505;11
TRACK:1132;1;2;1;0;1;0;6;1;6;6;0;0;11;13;0;24;25;2;0;0;1;11;18;5;13;0;5;19;1;16;16;1;0;2;23;-2.2571701295058633;11;5;14;6;1;16;13;6;0;2;4;5;4;9;0;6;6;19;5;6;7;-8.027529548669474;6;1;4;2;7;0.07010987965106708;9;2;1;18;14;0;13;16;4;4;5;2;3;1;5;21;8.72293539427383;4;10;5;6;19;0;6;5;2;4;6;6;6;12;4;2;5;2;18;18;2;3;20;-1.309421897974218;6;21;8.619756525285762;5;3;0;5;3;4;0;16;17;0;0;2;2;12;20;-7.142345868378386;2;13;22;7.201771128708472;4;1;23;1.9260129348463444;25;6;6;1;10;25;5;4;6;2;2;5;5;5;5;24;3;6;1;5;7;0.5327554097370673;4;8;5;3;2;6;2;19;23;-4.7855461444313185;6;6;19
TRACK:1133;1;2;4;1;4;3;0;2;2;1;1;2;19;20;-4.142185303395147;0;8;23;-1.4602899930131628;1;3;19;6;16;1;5;0;18;10;5;1;18;21;-9.826680263377368;2;3;6;0;13;17;4;0;2;23;-2.2571701295058633;11;5;14;5;6;1;4;6;22;-2.0582719638834;2;1;22;2.6848393667379593;17;4;8;6;2;6;3;0;1;2;1;19;12;3;14;1;3;9;1;7;-7.3461643690864475;14;3;3;3;25;5;6;3;6;5;4;25
TRACK:1134;6;1;4;0;1;3;5;3;3;5;5;4;19;2;3;1;2;1;5;1;14;12;4;1;15;18;0;5;2;11;7;3.3949546236874166;1;1;21;0.15781845565135022;24;6;14;6;6;6;5;14;6;4;6;0;3;3;9;0;2;19;17;3;15;6;4;2;0;0;6;6;1;21;-0.8411316608662993;22;-5.721673982302146;0;1;6;16;4;14;1;0;9;16;5;25;5;4;5;3;12;3;2;2;6;1;25;25;3;6;7;5.598869455374256;6;6;1;17;22;-0.8355763743440541
TRACK:1135;6;1;1;0;1;0;6;1;6;6;0;0;11;13;0;24;25;2;0;0;1;11;18;5;13;0;5;19;1;16;16;1;0;2;23;-2.2571701295058633;11;5;14;6;1;16;13;6;0;2;4;5;4;9;0;6;6;19;5;6;7;-8.027529548669474;6;1;4;2;7;0.07010987965106708;9;2;1;18;14;0;13;16;4;4;5;2;3;1;5;21;8.72293539427383;4;10;2;19;17;0;6;5;2;4;6;6;6;12;4;2;5;2;18;18;2;3;20;-1.309421897974218;6;21;8.619756525285762;5;3;0;5;3;4;0;16;17;0;0;2;2;12;20;-7.142345868378386;2;13;22;7.201771128708472;4;1;23;1.9260129348463444;25;6;6;1;10;25;5;4;6;2;2;5;5;5;5;24;3;6;1;5;7;0.5327554097370673;4;8;5;3;2;6;2;19;23;-4.7855461444313185;6;6;19
TRACK:1136;3;5;5;0;5;6;0;5;5;4;6;2;23;-9.425875259368343;23;6.351964638882649;6;2;6;0;0;22;-5.7053140582007185;15;2;13;8;0;1;4;14;5;9;2;2;22;-2.8628063595721738;8;3;13;3;0;4;1;3;9;2;1;5;0;7;2.951350615301049;22;3.1091386531019545;5;1;8;18;2;2;1;9;10;1;12;21;0.4828827554892712;2;5;7;-5.060335771358783;3;24;0;4;5;2;0;2;23;-5.9151488629807725;17;4;11;4;0;11;25;4;2;4;5;6;19;5;0;3;15;2;13;18
TRACK:1137;3;5;1;5;3;1;0;4;5;1;2;3;9;5;23;7.309737645474968;1;6;7;0.3218028824642367;3;11;4;6;6;1;6;16;2;7;-5.854091696762859;22;3.66350285320285;1;0;3;4;6;2;25;10;1;4;6;4;15;5;0;6;22;-9.58565805499974;4;8;0;6;0;6;1;19;23;-3.587308483082352;0;5;25;1;11;12;4;5;6;3;22;-9.350739913168448;0;6;5;5;6;4;0;3;4;11;4;6;23;3.393492578825029;4;2;0;0;0;2;1;4;14;5;9;5;3;7;-7.279508601903622;0;4;6;22;6.945105059765922;3;4;14;4;5;3;0;20;-2.748115565306861;20;4.594253372334986;6;5;4;5;1;16;19;2;4;2;6;1;6;14;3;21;9.356815312735755;2;4;0;25;21;7.75724703552433;1;1;17;10;3;17;5;0;4;0;5;24;0;25;9;0;3;5;24;0;2;17;10;0;16;11
TRACK:1138;7;0;0;4;4;0;1;4;4;5;5;5;8;5;1;4;1;0;13;23;9.010026579099339;4;21;7.603077435577408;2;3;1;21;0.8741299139996013;20;-9.727771496719013;1;5;25;4;8;0;1;6;5;3;1;7;1.1694286702868357;22;4.9607544345329515;5;3;5;4;22;9.67370061750217;0;4;1;6;4;8;6;1;24;12;1;1;6;1;9;8;1;6;21;-8.244041740037652;3;7;-8.343934600877203;6;5;3;25;6;3;5;1;6;2;1;1;4;25;1;19;10;6;3;9;1;2;0;16;20;-8.356452856661015;4;19;2;2;16;15;1;17;20;-4.716407496205484;3;0;0;0;4;25;4;16;4;1;23;3.4058139379531127;12;3;0;2;23;7.997450742602297;20;4.678946297741202;1;21;8.169859715769505;11
TRACK:1139;7;0;4;6;3;1;5;6;25;1;1;4;6;5;4;16;2;6;0;2;17;18;5;19;3;1;1;13;15;6;25;6;6;4;5;3;19
TRACK:1140;1130;-1;3;5;2;3;6;2;5;4;4;6;15;1;8;3;5;4;11;4;4;3;6;4;6;18
TRACK:1141;1132;-1;1;0;1;0;6;1;6;6;0;0;11;13;0;24;25;2;0;0;1;11;13;5;13;0;5;19;1;16;16;1;0;2;23;-2.138053554674024;11;5;14;6;1;16;13;6;0;2;4;5;4;9;0;6;6;19;5;6;7;-8.195474760480254;6;1;4;2;7;0.0054207763141736615;9;2;1;18;14;0;13;16;4;4;5;2;3;1;5;21;8.700744404106375;4;10;5;6;19;0;6;5;2;4;6;6;6;12;4;2;5;2;18;18;2;3;20;-1.1854723147428732;6;21;8.757087067522722;5;3;0;5;3;4;0;16;17;0;0;2;2;12;20;-7.257253083045355;2;13;22;7.1878785280035995;4;1;23;1.929840048067803;25;6;6;1;10;25;5;4;6;2;2;5;5;5;5;24;3;6;1;5;7;0.4639004766968639;4;8;5;3;2;6;2;19;23;-4.713695072768641;6;6;19
TRACK:1142;1134;-1;4;0;1;3;5;3;3;5;5;4;19;2;3;1;2;1;5;1;14;12;4;1;15;18;0;5;2;11;7;3.454716229518465;1;1;21;0.27611835462882994;24;6;14;6;6;6;5;14;6;4;6;0;3;3;9;0;2;19;17;3;15;6;4;2;0;0;6;6;1;21;-0.8177942629697974;22;-5.783519790825798;0;1;6;16;4;14;1;0;9;16;5;25;5;4;5;3;12;3;2;2;6;1;15;25;3;6;7;5.65275583032386;6;6;1;17;22;-0.8189957517770208
TRACK:1143;1136;-1;5;0;5;6;0;5;5;4;2;0;22;1.419310302065096;13;5;21;8.324740529448242;6;2;6;0;0;22;-5.611918023503457;15;2;13;8;0;1;4;14;5;9;2;2;22;-2.8685089557017363;8;3;13;3;0;4;1;3;9;2;1;5;0;7;2.7862789895457145;22;3.115881764448362;5;1;8;18;2;2;1;9;10;1;12;21;0.4603196445311306;2;5;7;-4.969156451062375;3;24;0;4;5;2;0;2;23;-5.871459909085919;17;4;11;4;0;11;25;4;2;4;5;6;19;5;0;3;15;2;13;18
TRACK:1144;1138;-1;0;4;4;0;1;4;4;5;5;5;8;5;1;4;1;0;13;23;9.035146058699977;4;21;7.587434967844603;2;3;1;21;0.9167137462442801;20;-9.73542144062915;1;5;25;4;8;0;1;6;5;3;1;7;1.1348170292872568;22;5.105025564259625;5;3;5;4;22;9.768659092584647;0;4;1;6;4;8;6;1;24;12;1;1;6;1;9;8;1;6;21;-8.299557128554937;3;7;-8.287795148019555;6;5;3;25;6;3;5;1;6;2;1;1;4;25;1;19;10;6;3;9;1;2;0;16;20;-8.51839749394106;4;19;2;2;16;15;1;17;9;3;0;0;0;4;25;4;16;4;1;23;3.5843793264893224;12;3;0;2;23;8.047197351814157;20;4.500436695949253;1;21;8.113486431727909;11
TRACK:1145;1131;-1;0;4;4;1;3;5;2;2;21;-7.7238238849752205;25;1;22;-0.22665310584663345;10;3;4;4;2;14;23;7.884913235995068;6;3;5;1;6;2;1;1;4;25;1;19;10;6;3;9;1;2;0;16;20;-8.302083604788134;4;19;2;2;16;15;1;17;20;-4.711789323148601;3;0;0;0;4;25;4;16;4;1;23;3.390707134363354;12;3;0;2;23;8.080900506685984;20;4.667523550852938;1;21;8.293523105963784;11
TRACK:1146;1133;-1;4;1;4;3;0;2;2;1;1;2;19;20;-3.8977941496184063;0;8;23;-1.538091755464343;1;3;19;6;16;1;5;0;18;10;5;1;18;21;-9.834283893425994;2;3;6;0;13;17;4;3;17;5;6;1;4;6;22;-2.0291729817186597;2;1;22;2.654879779357501;17;4;8;6;2;6;3;0;1;2;1;19;12;3;14;1;3;9;1;7;-7.471616248625846;14;3;3;3;25;5;6;3;6;5;4;25
TRACK:1147;1135;-1;1;0;1;0;6;1;6;6;0;0;11;13;0;24;25;2;0;0;1;11;18;5;13;0;5;19;1;16;16;1;0;2;23;-2.1892503640526284;11;5;14;6;1;16;13;6;0;2;4;5;4;9;0;6;6;19;5;6;7;-7.990795683636136;6;1;4;2;7;0.09821033939362961;9;2;1;18;14;0;13;16;4;4;5;2;3;1;3;12;4;10;2;19;17;0;6;5;2;4;6;6;6;12;4;2;5;2;18;18;2;3;20;-1.3055787358843651;6;21;8.7569663720304;5;3;0;5;3;4;0;16;17;0;0;2;2;12;20;-7.0521507990005174;2;13;22;7.061834736735202;4;1;23;2.0885822744121105;25;6;6;1;10;25;5;4;6;2;2;5;5;5;5;24;3;6;1;5;7;0.5794537202137835;4;8;5;3;2;6;2;19;23;-4.615369802359366;6;6;19
TRACK:1148;1137;-1;1;5;3;1;0;4;5;1;2;3;9;5;23;7.247893416837563;1;6;7;0.15070600903196768;3;11;4;6;6;1;6;16;2;7;-5.829488749819991;22;3.60145598670858;1;0;3;4;6;2;25;10;1;4;6;4;15;5;0;6;22;-9.58952003143123;4;8;0;6;0;6;1;19;23;-3.5796335977195257;0;5;25;1;11;12;4;5;6;3;22;-9.336945894075152;0;6;5;5;6;4;0;3;4;11;4;6;23;3.162086444347535;4;2;0;0;0;2;1;4;14;5;9;5;3;7;-7.3110076208391765;0;4;6;22;6.901281090702631;3;4;18;4;5;3;0;20;-2.678441202308771;20;4.706544605515411;6;5;4;5;1;16;19;2;4;2;6;1;6;14;3;21;9.47164857499694;2;4;0;25;21;7.735531020207322;1;1;17;10;3;17;5;0;4;0;5;24;0;25;9;0;3;5;24;0;2;17;10;0;16;11
TRACK:1149;1139;-1;4;6;3;1;5;6;25;1;1;4;6;5;4;16;2;6;0;2;17;18;5;19;3;1;1;13;15;5;13;6;6;4;5;3;19
EVAL_INSTANCE:57:0:1140
EVAL_INSTANCE:57:1:1141
EVAL_INSTANCE:57:2:1142
EVAL_INSTANCE:57:3:1143
EVAL_INSTANCE:57:4:1144
EVAL_INSTANCE:57:5:1145
EVAL_INSTANCE:57:6:1146
EVAL_INSTANCE:57:7:1147
EVAL_INSTANCE:57:8:1148
EVAL_INSTANCE:57:9:1149
RUN_RESULT:57:0:0:2000:----
RUN_RESULT:57:1:0:2000:----
RUN_RESULT:57:2:0:2000:----
RUN_RESULT:57:3:0:2000:----
RUN_RESULT:57:4:0:2000:----
RUN_RESULT:57:5:0:2000:----
RUN_RESULT:57:6:0:2000:----
RUN_RESULT:57:7:0:2000:----
RUN_RESULT:57:8:0:2000:----
RUN_RESULT:57:9:0:2000:----
    58 |      580 |  0.000000E+00 | -0.000000E+00
TRACK:1150;5;7;1;5;3;1;0;4;5;1;2;3;9;5;23;7.309737645474968;1;6;7;0.3218028824642367;3;11;4;6;6;1;6;16;2;7;-5.854091696762859;22;3.66350285320285;1;0;3;4;6;2;25;10;1;4;6;4;15;5;0;6;22;-9.58565805499974;4;8;0;6;0;6;1;19;23;-3.587308483082352;0;5;25;1;11;12;4;5;6;3;22;-9.350739913168448;0;6;5;5;6;4;0;3;1;23;3.4058139379531127;12;4;6;23;3.393492578825029;4;2;0;0;0;2;0;2;14;18;3;18;5;3;7;-7.279508601903622;0;4;6;22;6.945105059765922;3;4;14;4;5;3;0;20;-2.748115565306861;20;4.594253372334986;6;5;4;5;1;16;19;2;4;2;6;1;6;14;3;21;9.356815312735755;2;4;0;25;21;7.75724703552433;1;1;17;10;3;17;5;0;4;0;5;24;0;25;9;0;3;5;24;0;2;17;10;0;16;11
TRACK:1151;5;7;0;4;4;0;1;4;4;5;5;5;8;5;1;4;1;0;15;23;9.010026579099339;4;21;7.603077435577408;2;3;1;21;0.8741299139996013;20;-9.727771496719013;1;5;25;4;8;0;6;22;6.945105059765922;0;4;1;6;4;8;6;1;24;12;1;1;6;1;9;8;1;6;21;-8.244041740037652;3;7;-8.343934600877203;6;5;3;25;6;3;5;1;6;2;1;1;4;25;1;19;10;6;3;9;1;2;0;16;20;-8.356452856661015;4;19;2;2;16;15;1;17;20;-4.716407496205484;3;0;0;0;4;25;4;16;4;1;23;3.4058139379531127;12;3;0;2;23;7.997450742602297;20;4.678946297741202;1;21;8.169859715769505;11
TRACK:1152;4;1;3;5;2;3;6;2;5;4;4;6;15;1;3;2;3;19;6;22;-0.03499774720603632;0;13;16;4;4;3;4;3;0;3;24;5;25
TRACK:1153;4;1;1;0;1;0;6;1;6;6;0;0;11;13;0;24;25;2;0;0;1;11;18;5;13;0;5;19;1;16;16;1;0;2;23;-2.2571701295058633;11;5;14;6;1;16;13;6;0;2;4;5;4;9;0;6;6;19;5;6;7;-8.027529548669474;6;1;4;2;7;0.07010987965106708;9;2;1;18;14;0;13;16;4;4;5;2;3;1;5;21;8.72293539427383;4;10;5;6;0;10;20;9.760890453417513;0;6;5;2;4;6;6;6;12;4;2;5;2;18;18;2;3;20;-1.309421897974218;6;21;8.619756525285762;5;3;0;5;3;4;0;16;17;0;0;2;2;12;20;-7.142345868378386;2;13;22;7.201771128708472;4;1;23;1.9260129348463444;25;6;6;1;10;25;5;4;6;2;2;5;5;5;5;24;6;22;-0.03499774720603632;5;3;2;6;2;19;23;-4.7855461444313185;6;6;19
TRACK:1154;3;0;5;0;5;6;0;5;5;4;6;2;23;-9.425875259368343;23;6.351964638882649;6;2;6;0;0;17;15;2;13;8;0;1;4;14;5;9;2;2;22;-2.8628063595721738;8;3;13;3;0;4;1;3;3;5;6;22;6.502010675018717;2;1;5;0;7;2.951350615301049;22;3.1091386531019545;5;1;8;18;2;2;1;9;10;1;12;21;0.4828827554892712;2;5;7;-5.060335771358783;3;24;0;4;5;2;0;2;23;-5.9151488629807725;17;4;11;4;0;11;25;4;2;4;5;6;19;5;0;3;15;2;13;18
TRACK:1155;3;0;4;6;3;1;5;6;6;6;1;2;15;15;6;17;1;1;4;6;5;4;16;2;6;0;2;17;18;5;19;3;1;1;13;15;6;25;6;3;5;6;22;6.502010675018717
TRACK:1156;5;1;1;5;3;1;0;4;5;1;2;3;9;5;23;7.309737645474968;1;6;11;3;11;4;6;6;1;6;16;2;7;-5.854091696762859;22;3.66350285320285;1;0;3;4;6;2;25;10;1;4;6;4;15;5;0;6;22;-9.58565805499974;4;8;0;6;0;6;1;19;23;-3.587308483082352;0;5;25;1;11;12;4;5;6;3;22;-9.350739913168448;0;6;5;5;6;4;0;3;4;11;4;6;23;3.393492578825029;4;2;0;0;0;2;0;2;14;18;3;18;5;3;7;-7.279508601903622;0;4;6;22;6.945105059765922;3;4;14;4;5;3;0;20;-2.748115565306861;20;4.594253372334986;6;5;4;5;1;16;19;2;4;2;6;1;6;14;3;21;9.356815312735755;2;4;0;25;21;7.75724703552433;1;1;17;10;3;17;5;0;4;0;5;24;0;25;9;0;3;5;24;0;2;17;10;0;16;11
TRACK:1157;5;1;1;0;1;0;6;1;6;6;0;0;11;13;0;24;25;2;0;0;1;11;18;5;13;0;5;19;1;16;16;1;0;2;23;-2.2571701295058633;11;5;14;6;1;16;13;6;0;2;4;5;4;9;0;6;6;19;5;6;7;-8.027529548669474;6;1;4;2;7;0.07010987965106708;9;2;1;18;14;0;13;16;4;4;5;2;3;1;5;21;8.72293539427383;4;10;5;6;0;10;20;9.760890453417513;0;6;5;2;4;6;6;6;12;4;2;5;2;18;18;2;3;20;-1.309421897974218;6;21;8.619756525285762;5;3;0;5;3;4;0;16;17;0;0;2;2;12;20;-7.142345868378386;2;13;22;7.201771128708472;4;1;23;1.9260129348463444;25;6;6;1;10;25;5;4;6;2;19;5;3;2;6;2;19;23;-4.7855461444313185;6;6;19
TRACK:1158;7;2;0;4;3;0;2;2;1;1;2;19;20;-4.142185303395147;0;8;23;-1.4602899930131628;1;3;19;6;16;1;5;0;18;10;5;1;18;21;-9.826680263377368;2;3;6;0;13;17;4;4;1;25;9;5;6;1;4;6;22;-2.0582719638834;2;1;22;2.6848393667379593;17;4;8;6;3;5;1;6;2;1;1;4;25;1;19;10;6;3;9;1;2;0;16;20;-8.356452856661015;4;19;2;2;16;15;1;17;20;-4.716407496205484;3;0;0;0;4;25;4;16;4;1;23;3.4058139379531127;12;3;0;2;23;7.997450742602297;20;4.678946297741202;1;21;8.169859715769505;11
TRACK:1159;7;2;4;1;4;23;3.4058139379531127;6;2;6;3;0;1;2;1;19;12;3;14;1;3;9;1;7;-7.3461643690864475;14;3;3;3;25;5;6;3;6;5;4;25
TRACK:1160;1150;-1;1;5;3;1;0;4;5;1;2;3;9;5;23;7.346234629002793;1;6;7;0.5092635197305847;3;11;4;6;6;1;6;16;2;7;-5.724785458258827;22;3.743440889292165;1;0;3;4;6;2;25;10;1;4;6;4;15;5;0;6;22;-9.631142114986698;4;8;0;6;0;6;1;16;23;-3.505708031981962;0;5;25;1;11;12;4;5;6;3;22;-9.157719711094204;0;6;5;5;6;4;0;3;1;23;3.4585334607289533;12;4;6;23;3.334437003892682;4;2;0;0;0;2;0;2;14;18;3;18;5;3;7;-7.323757374538066;0;4;6;22;6.754030016776034;3;4;14;4;5;3;0;20;-2.6522943910839945;20;4.62369699031374;6;5;4;5;1;16;19;2;4;2;6;1;6;14;3;21;9.312466246205489;2;4;0;25;21;7.786964067812524;1;1;17;10;3;17;5;0;4;0;5;24;0;25;9;0;3;5;24;0;2;17;10;0;16;11
TRACK:1161;1152;-1;3;5;2;3;6;2;5;4;4;6;15;1;3;2;3;19;6;22;-0.017585792839709118;0;13;16;4;4;3;4;3;0;6;21;-0.6719646270794151;5;25
TRACK:1162;1154;-1;5;0;5;6;0;5;5;4;6;2;23;-9.38426339012979;23;6.370580633186897;6;2;6;0;0;17;15;2;13;8;0;1;4;14;5;9;2;2;22;-2.786572184731386;8;3;13;3;0;4;1;3;3;5;6;22;6.337576065190076;2;1;5;0;7;2.9240081007968137;22;3.1434437352249947;5;1;8;18;2;2;1;9;10;1;12;21;0.47047142018475135;2;5;7;-5.120571133111885;3;24;0;4;5;2;0;2;23;-5.9051690971116315;17;4;11;4;0;11;25;4;2;4;5;6;19;2;0;3;20;-0.11832397826927021;6;23;7.077530348051486;2;0;18;22;9.310187008830457;3;9
TRACK:1163;1156;-1;1;5;0;2;2;0;6;5;5;6;20;-7.760112352870861;2;4;1;3;20;-9.457581821163785;5;20;2.496809067860177;0;2;1;10;23;3.6667646686142277;2;19;19;1;3;12;3;18;1;3;5;5;4;11;4;6;4;5;7;-4.702335242500151;4;5;1;1;5;5;14;6;0;12;8;3;3;2;17;17;0;0;3;3;3;5;4;20;-7.107286643205564;6;2;4;3;0;8;15;2;3;3;10;3;3;7;2.8700293441757747;4;6;2;0;6;1;20;8.557900749142423;18;2;6;9;4;18;2;4;3;16;6;2;15;9;0;6;5;5;6;4;0;3;4;11;4;6;23;3.4101006002497516;4;2;0;0;0;2;0;2;14;18;3;18;5;3;7;-7.356383673826057;0;4;6;22;6.933474376659469;3;4;14;4;5;3;0;20;-2.864823118352396;20;4.741363073387215;6;5;4;5;1;16;19;2;4;2;6;1;6;14;3;21;9.415363474003682;2;4;0;25;21;7.661077908842958;1;1;17;10;3;17;5;0;4;0;5;24;0;25;9;0;3;5;24;0;2;17;10;0;16;11
TRACK:1164;1158;-1;0;4;3;0;2;2;1;1;2;19;0;11;10;0;8;23;-1.4768757412838374;1;3;19;6;16;1;5;0;18;10;5;1;18;21;-9.936480993522737;2;3;6;0;13;17;4;4;1;25;9;5;6;1;4;6;22;-2.2581706712527105;2;1;22;2.8273722567091117;17;4;8;6;3;5;1;6;2;1;1;4;25;1;19;10;6;3;9;1;2;0;16;20;-8.193701511293629;4;19;2;2;16;15;1;17;20;-4.80316398640694;3;0;0;0;4;25;4;16;4;1;23;3.194300139175932;12;3;0;2;23;8.109644072521338;20;4.74104036044238;1;21;7.96751565845524;11
TRACK:1165;1151;-1;0;4;4;0;1;4;4;5;5;5;8;5;1;4;1;0;15;23;9.140578878752484;4;21;7.606146642729583;2;3;1;21;0.8170586952969852;20;-9.823407042132919;1;5;25;4;8;0;6;22;7.0131973491651305;0;4;1;6;4;8;6;1;24;12;1;1;6;1;9;8;1;1;13;11;3;7;-8.442324037544077;6;5;3;25;6;3;5;1;6;2;1;1;4;25;1;19;10;6;3;9;1;2;0;16;20;-8.391915236236988;4;19;2;2;16;15;1;17;20;-4.648979777225718;3;0;0;0;4;25;4;16;4;1;23;3.417827517217784;12;3;0;2;23;7.830510753965887;20;4.676420587597395;1;21;8.136269722649033;11
TRACK:1166;1153;-1;1;0;1;0;6;1;6;6;0;0;11;13;0;24;25;2;0;0;1;11;18;5;13;0;5;19;1;16;16;1;0;2;23;-2.12263986809625;11;5;14;6;1;16;13;6;0;2;4;5;4;9;0;6;6;19;5;6;7;-7.936637620766746;6;1;4;2;7;0.2108010249973343;9;2;1;18;14;0;13;16;4;4;5;2;3;1;5;21;8.839170679623669;4;10;5;6;0;10;7;0.4451571714785487;0;6;5;2;4;6;6;6;12;4;2;5;2;18;18;2;3;20;-1.305825127855095;6;21;8.751619477558174;5;3;0;5;3;4;0;16;17;0;0;2;2;12;20;-7.215689227124508;2;13;22;7.0351777462050995;4;1;23;1.8252060363380673;25;6;6;1;10;25;5;4;6;2;2;5;5;5;5;24;6;22;-0.24998492308678874;5;3;2;6;2;19;23;-4.749311002756223;6;6;19
TRACK:1167;1155;-1;4;6;3;1;5;6;6;6;1;2;15;15;6;17;1;1;4;6;5;4;16;2;6;0;4;23;-0.44070102320802285;5;19;3;1;1;13;15;6;25;6;3;5;6;22;6.542318033935895
TRACK:1168;1157;-1;1;0;1;0;6;1;6;6;0;0;11;13;0;24;25;2;0;0;1;11;18;5;13;0;5;19;1;16;16;1;0;2;23;-2.2990320783841978;11;5;14;6;1;16;13;6;0;2;4;5;4;9;0;6;6;19;5;6;7;-8.160032527412698;6;1;4;2;7;-0.06247640311596109;9;2;1;18;14;0;13;16;4;4;5;2;3;1;5;21;8.902632041318181;4;10;5;6;0;10;20;9.871154094475763;0;6;5;2;4;6;6;6;12;4;2;5;2;18;18;2;3;20;-1.3646099748578282;6;21;8.666026502699559;5;3;0;5;3;4;0;16;17;0;0;2;2;12;23;-3.113735099342934;2;13;22;7.126432572734807;4;1;23;1.9275942440077478;25;6;6;1;10;25;5;4;6;2;19;5;3;2;6;2;19;23;-4.832289854738264;6;6;19
TRACK:1169;1159;-1;4;1;4;23;3.5089604409107005;6;2;6;3;0;1;2;1;19;12;3;14;1;3;9;1;7;-7.335076232863719;14;3;3;3;25;5;5;13
EVAL_INSTANCE:58:0:1160
EVAL_INSTANCE:58:1:1161
EVAL_INSTANCE:58:2:1162
EVAL_INSTANCE:58:3:1163
EVAL_INSTANCE:58:4:1164
EVAL_INSTANCE:58:5:1165
EVAL_INSTANCE:58:6:1166
EVAL_INSTANCE:58:7:1167
EVAL_INSTANCE:58:8:1168
EVAL_INSTANCE:58:9:1169
RUN_RESULT:58:0:0:2000:----
RUN_RESULT:58:1:0:2000:----
RUN_RESULT:58:2:0:2000:----
RUN_RESULT:58:3:0:2000:----
RUN_RESULT:58:4:0:2000:----
RUN_RESULT:58:5:0:2000:----
RUN_RESULT:58:6:0:2000:----
RUN_RESULT:58:7:0:2000:----
RUN_RESULT:58:8:0:2000:----
RUN_RESULT:58:9:0:2000:----
    59 |      590 |  0.000000E+00 | -0.000000E+00
TRACK:1170;7;8;0;4;4;0;1;4;4;5;5;5;8;5;1;4;1;0;15;23;9.010026579099339;4;21;7.603077435577408;2;3;4;10;1;5;25;4;8;0;1;6;5;3;1;7;1.1694286702868357;22;4.9607544345329515;5;3;5;4;22;9.67370061750217;0;4;1;6;4;8;6;1;24;12;1;1;6;1;9;8;1;6;21;-8.244041740037652;3;7;-8.343934600877203;6;5;3;25;6;3;5;1;6;2;1;1;4;25;1;19;10;6;3;9;1;2;0;16;20;-8.356452856661015;4;19;2;2;16;15;1;17;20;-4.716407496205484;3;0;0;0;4;25;4;16;4;1;23;3.4058139379531127;12;3;0;2;23;7.997450742602297;20;4.678946297741202;1;21;8.169859715769505;11
TRACK:1171;7;8;6;4;2;0;4;3;6;1;6;6;11;1;1;23;-6.194829372622004;8;0;23;-6.448084404665872;22;-2.585017750253062;6;4;0;1;3;4;7;-1.796785627472408;2;4;25;1;24;15;3;3;0;24;18;5;3;2;6;6;4;4;10;1;2;4;3;14;2;5;8;3;20;9.74776600337508;1;1;5;12;3;25;5;3;7;-8.343934600877203
TRACK:1172;1;6;1;0;1;0;6;1;6;6;0;0;11;13;0;24;25;2;0;0;1;11;18;5;13;0;5;19;1;16;16;1;0;2;23;-2.2571701295058633;11;5;14;6;1;16;13;6;0;2;4;5;4;9;0;6;6;19;5;6;7;-8.027529548669474;6;1;4;2;7;0.07010987965106708;9;2;1;18;14;0;13;16;4;4;5;2;3;1;5;21;8.72293539427383;4;10;5;6;0;10;20;9.760890453417513;0;6;5;2;4;6;6;6;12;3;3;9;5;3;0;5;3;4;0;16;17;0;0;2;2;12;20;-7.142345868378386;2;13;22;7.201771128708472;4;1;23;1.9260129348463444;25;6;6;1;10;25;5;4;6;2;2;5;5;5;5;24;3;6;1;5;7;0.5327554097370673;4;8;5;3;2;6;2;19;23;-4.7855461444313185;6;6;19
TRACK:1173;1;6;4;0;1;3;5;3;3;5;5;4;19;2;3;1;2;1;5;1;14;12;4;1;15;18;0;5;2;11;7;3.3949546236874166;1;1;21;0.15781845565135022;24;6;14;6;6;6;5;14;6;4;6;0;3;3;9;0;2;19;17;3;15;6;4;2;0;0;6;6;1;21;-0.8411316608662993;22;-5.721673982302146;0;1;6;10;4;14;1;0;9;7;3.452318748288228;5;25;5;4;5;3;12;3;2;2;6;1;25;25;3;6;7;5.598869455374256;6;6;1;17;22;-0.8355763743440541
TRACK:1174;4;2;3;5;2;3;0;1;2;1;19;12;3;14;1;3;9;1;7;-7.3461643690864475;14;3;3;3;25;4;4;3;4;3;0;3;24;5;25
TRACK:1175;4;2;4;1;4;3;0;2;2;1;1;2;19;20;-4.142185303395147;0;8;23;-1.4602899930131628;1;3;19;6;16;1;5;0;18;10;5;1;18;21;-9.826680263377368;2;3;6;0;13;17;4;4;1;25;9;5;6;1;4;6;22;-2.0582719638834;2;1;22;2.6848393667379593;17;4;19;6;2;6;3;0;1;2;1;19;12;3;14;1;3;9;1;7;-7.3461643690864475;14;3;3;3;25;5;6;3;6;5;4;25
TRACK:1176;0;8;4;6;3;1;5;6;6;6;1;2;15;15;6;17;5;8
TRACK:1177;0;8;6;4;2;0;4;3;6;1;6;6;11;1;1;23;-6.194829372622004;8;0;23;-6.448084404665872;22;-2.585017750253062;6;4;0;1;3;4;7;-1.796785627472408;2;4;25;1;24;15;3;3;0;24;18;5;3;2;6;6;4;4;10;1;2;4;3;14;2;5;8;3;20;9.74776600337508;1;1;5;12;3;25;5;2;12;15
TRACK:1178;3;5;5;0;5;6;0;5;5;4;6;2;23;-9.425875259368343;23;6.351964638882649;6;2;6;0;0;22;-5.7053140582007185;15;2;13;8;0;1;4;14;5;9;2;2;22;-2.8628063595721738;8;3;13;3;0;4;1;3;3;5;6;22;6.502010675018717;2;1;5;0;7;2.951350615301049;22;3.1091386531019545;5;1;8;18;2;2;1;9;10;1;12;21;0.4828827554892712;2;5;7;-5.060335771358783;3;24;0;4;5;2;0;2;23;-5.9151488629807725;17;4;11;4;0;11;25;4;2;4;0;6;22;-9.58565805499974;4;8;5;0;3;15;2;13;18
TRACK:1179;3;5;1;5;3;1;0;4;5;1;2;3;9;5;23;7.309737645474968;1;6;22;3.1091386531019545;3;11;4;6;6;1;6;16;2;7;-5.854091696762859;22;3.66350285320285;1;0;3;4;6;2;25;10;1;4;6;4;15;5;0;6;22;-9.58565805499974;4;8;0;6;0;6;1;19;23;-3.587308483082352;0;5;25;1;11;12;4;5;6;3;22;-9.350739913168448;0;6;5;5;6;4;0;3;4;11;4;6;23;3.393492578825029;4;2;0;0;0;2;0;2;14;18;3;18;5;3;7;-7.279508601903622;0;4;6;22;6.945105059765922;3;4;14;4;5;3;0;20;-2.748115565306861;20;4.594253372334986;6;5;4;5;1;16;19;2;4;2;6;1;6;14;3;21;9.356815312735755;2;4;0;25;21;7.75724703552433;1;1;17;10;3;17;5;0;4;0;5;24;0;25;9;0;3;5;24;0;2;17;10;0;16;11
TRACK:1180;1170;-1;0;4;4;0;1;4;4;5;5;5;8;5;1;4;1;0;15;23;8.768660791977164;4;21;7.548006279646749;2;3;4;10;1;5;25;4;8;0;1;6;5;3;1;7;1.027930075837783;22;4.833691613497002;5;3;5;4;22;9.789685560346841;0;4;1;6;4;8;6;1;24;12;1;1;3;0;25;18;1;6;21;-8.225039505530441;3;7;-8.404440080450875;6;5;3;25;6;3;5;1;6;2;1;1;4;25;1;19;10;6;3;9;1;2;0;16;20;-8.217430616046007;4;19;2;2;16;15;1;17;20;-4.637040949396283;3;0;0;0;4;25;4;16;4;1;23;3.4764700103214103;12;3;0;2;23;7.7928086570351445;20;4.753948955361015;1;21;8.035491219199848;11
TRACK:1181;1172;-1;1;0;1;0;6;1;6;6;0;0;11;13;0;24;25;2;0;0;1;11;18;5;13;0;5;19;1;16;16;1;0;2;23;-2.320444232161996;11;5;14;6;1;16;13;6;0;2;4;5;4;9;0;6;6;19;5;6;7;-8.004983885140687;6;1;4;2;7;-0.08117805607593362;9;2;1;18;14;0;13;16;4;4;5;2;3;1;5;21;8.655994165679267;4;10;5;6;0;10;20;9.65891497000471;0;6;5;2;4;6;6;6;12;3;3;9;5;3;0;5;3;4;0;16;17;0;0;2;2;12;20;-7.253093676799702;3;15;4;1;23;1.8739680592995933;25;6;6;1;10;25;5;4;6;2;2;5;5;5;5;24;3;6;1;5;7;0.43881165826301266;4;8;5;3;2;6;2;19;23;-4.941063400495165;6;6;19
TRACK:1182;1174;-1;3;5;2;3;0;1;4;1;20;-9.215514920509719;12;1;3;9;1;7;-7.205477491148626;14;3;3;3;25;4;4;3;4;3;0;3;24;5;25
TRACK:1183;1176;-1;4;6;3;1;0;2;14;11;1;10;10;5;8
TRACK:1184;1178;-1;5;0;5;6;0;5;5;4;6;2;23;-9.39768085051134;23;6.395647106131831;6;2;6;0;0;22;-5.839039737900068;15;2;13;8;0;1;4;14;5;9;2;2;22;-2.8798323973869073;8;3;13;3;0;4;1;3;1;0;4;18;3;11;6;0;25;14;2;1;5;0;7;3.0576970289592933;22;3.024846432318523;5;1;8;18;2;2;1;9;10;1;12;21;0.37609490977388577;2;5;7;-5.08806797680751;3;24;0;4;5;2;0;2;23;-6.101834778823234;17;4;11;4;0;11;25;4;2;4;0;6;22;-9.576921364767136;4;8;5;0;3;15;2;13;18
TRACK:1185;1171;-1;6;4;2;0;4;3;6;1;6;6;11;1;1;23;-6.155071794178034;8;0;23;-6.440360830572859;22;-2.553199501403157;6;4;0;1;3;4;7;-1.7798666729592982;2;4;25;1;24;15;3;3;0;24;18;5;3;2;6;6;4;4;10;1;2;4;3;14;2;5;15;3;20;9.88782593332109;1;1;5;12;3;25;5;3;7;-8.23845593558953
TRACK:1186;1173;-1;4;0;1;3;5;3;3;5;5;4;19;2;3;1;2;1;5;1;14;12;4;1;15;18;0;5;2;11;7;3.3063871218678225;1;1;21;0.0026533381788743093;24;6;14;6;6;6;3;23;3.7024356434974948;6;4;6;0;3;3;9;0;2;19;17;3;15;6;4;2;0;0;6;6;1;21;-0.8863893830140543;22;-5.655220335350889;0;1;6;10;4;14;1;0;9;7;3.4777869723688015;5;25;5;4;5;3;12;3;2;2;6;1;25;25;3;6;7;5.493891907207664;6;6;1;17;22;-0.7416712637610605
TRACK:1187;1175;-1;4;1;4;3;0;2;2;1;1;2;19;20;-4.168410899276908;0;8;23;-1.43769899701909;1;3;19;6;16;1;5;0;18;10;5;1;18;21;-9.716467174508798;2;3;6;0;13;17;4;4;1;25;9;5;6;1;4;6;22;-2.0834672165706594;2;1;22;2.576451302737041;17;4;19;6;22;8.735259445296538
TRACK:1188;1177;-1;6;4;2;0;4;3;6;1;6;6;11;1;1;23;-6.334524089591121;8;0;23;-6.557628192648596;22;-2.4429285995378285;6;4;0;1;3;4;7;-1.8764486766704924;2;4;25;1;24;15;3;3;0;24;18;5;3;2;6;6;4;4;10;1;2;4;3;14;6;5;13;1;1;5;12;3;25;5;2;12;15
TRACK:1189;1179;-1;1;5;3;1;0;4;5;1;2;3;9;5;23;7.296390005290539;1;6;22;3.265592942272244;3;7;6.921632261002799;4;6;6;1;6;16;2;7;-5.836091923509384;22;3.6440048708739767;1;0;3;4;6;2;25;10;1;4;6;4;15;5;0;6;22;-9.670115962238535;4;8;0;6;0;6;1;19;23;-3.674463383108139;0;5;25;1;11;12;4;5;6;3;22;-9.384104727986491;0;6;5;5;6;4;0;3;4;11;4;6;23;3.3207456705329297;4;2;0;0;0;2;0;2;14;18;3;18;5;3;7;-7.1970746658213525;0;4;6;22;6.88171827693901;3;4;14;4;5;3;0;20;-2.7504843407566133;20;4.666249180470793;6;5;4;5;1;16;19;2;4;2;6;1;6;14;3;21;9.383575522399514;2;4;0;25;21;7.720210229023341;1;1;17;10;3;17;5;0;4;0;5;24;0;25;9;0;3;5;24;0;2;17;10;0;16;11
EVAL_INSTANCE:59:0:1180
EVAL_INSTANCE:59:1:1181
EVAL_INSTANCE:59:2:1182
EVAL_INSTANCE:59:3:1183
EVAL_INSTANCE:59:4:1184
EVAL_INSTANCE:59:5:1185
EVAL_INSTANCE:59:6:1186
EVAL_INSTANCE:59:7:1187
EVAL_INSTANCE:59:8:1188
EVAL_INSTANCE:59:9:1189
RUN_RESULT:59:0:0:2000:----
RUN_RESULT:59:1:0:2000:----
RUN_RESULT:59:2:0:2000:----
RUN_RESULT:59:3:0:2000:----
RUN_RESULT:59:4:0:2000:----
RUN_RESULT:59:5:0:2000:----
RUN_RESULT:59:6:0:2000:----
RUN_RESULT:59:7:0:2000:----
RUN_RESULT:59:8:0:2000:----
RUN_RESULT:59:9:0:2000:----
    60 |      600 |  0.000000E+00 | -0.000000E+00
TRACK:1190;3;7;5;0;5;6;0;5;5;4;6;2;23;-9.425875259368343;23;6.351964638882649;6;2;6;0;0;22;-5.7053140582007185;15;2;13;8;0;1;4;14;5;9;2;2;22;-2.8628063595721738;8;3;13;3;0;4;1;3;3;5;6;22;6.502010675018717;2;1;5;0;7;2.951350615301049;22;3.1091386531019545;5;1;9;8;2;2;1;9;10;1;12;21;0.4828827554892712;2;5;7;-5.060335771358783;3;24;0;4;5;2;0;2;23;-5.9151488629807725;17;4;11;4;0;11;25;4;2;4;5;6;19;5;0;3;15;2;13;18
TRACK:1191;3;7;0;4;4;0;1;4;4;5;5;5;8;5;1;4;1;0;15;23;9.010026579099339;4;21;7.603077435577408;2;3;1;21;0.8741299139996013;20;-9.727771496719013;1;5;25;4;8;0;1;6;5;3;1;7;1.1694286702868357;22;4.9607544345329515;5;3;5;4;22;9.67370061750217;0;4;1;6;4;8;6;1;24;12;1;1;6;1;9;8;1;6;21;-8.244041740037652;3;7;-8.343934600877203;6;5;3;25;6;3;5;1;6;2;1;1;4;11;1;19;10;6;3;9;1;2;0;16;20;-8.356452856661015;4;19;2;2;16;15;1;17;20;-4.716407496205484;3;0;0;0;4;25;4;16;4;1;23;3.4058139379531127;12;3;0;2;23;7.997450742602297;20;4.678946297741202;1;21;8.169859715769505;11
TRACK:1192;6;4;4;0;1;3;5;3;3;5;5;4;19;2;3;1;2;1;5;1;14;12;4;1;15;18;0;5;2;11;7;3.3949546236874166;1;1;21;0.15781845565135022;24;6;14;6;6;6;5;14;6;4;6;0;3;3;9;0;2;19;17;3;15;6;4;2;0;0;6;6;1;21;-0.8411316608662993;22;-5.721673982302146;0;6;22;-0.03499774720603632;1;0;9;7;3.452318748288228;5;25;5;4;5;3;12;3;2;2;6;1;25;25;3;6;7;5.598869455374256;6;6;1;17;22;-0.8355763743440541
TRACK:1193;6;4;3;5;2;3;6;2;5;4;4;6;15;1;3;2;3;19;6;22;-0.03499774720603632;3;5;4;11;4;4;3;4;7;3.3949546236874166
TRACK:1194;1;4;1;0;1;0;6;1;6;6;0;0;11;13;0;24;25;2;0;0;1;11;18;5;13;0;5;19;1;16;16;1;0;2;23;-2.2571701295058633;11;5;14;6;1;16;13;6;0;2;4;5;4;9;0;6;6;19;3;19;6;1;4;2;7;0.07010987965106708;9;2;1;18;14;0;13;16;4;4;5;2;3;1;5;21;8.72293539427383;4;10;5;6;0;10;20;9.760890453417513;0;6;5;2;4;6;6;6;12;4;2;5;2;18;18;2;3;20;-1.309421897974218;6;21;8.619756525285762;5;3;0;5;3;4;0;16;17;0;0;2;2;12;20;-7.142345868378386;2;13;22;7.201771128708472;4;1;23;1.9260129348463444;25;6;6;1;10;25;5;4;6;2;2;5;5;5;5;24;3;6;1;5;7;0.5327554097370673;4;8;5;3;2;6;2;19;23;-4.7855461444313185;6;6;19
TRACK:1195;1;4;3;5;2;3;6;2;2;7;0.07010987965106708;9;1;3;2;3;19;6;22;-0.03499774720603632;3;5;4;11;4;4;3;4;3;0;3;24;5;25
TRACK:1196;1;7;1;0;1;0;6;1;6;6;0;0;11;13;0;24;25;2;0;0;1;11;18;5;13;0;5;19;1;16;16;1;0;2;23;-2.2571701295058633;11;5;14;6;1;16;13;6;0;2;4;5;4;9;0;6;6;19;5;6;7;-8.027529548669474;6;1;4;2;7;0.07010987965106708;9;2;1;18;14;0;13;16;4;4;5;2;3;1;5;21;8.72293539427383;4;10;5;6;0;10;25;0;6;5;2;4;6;6;6;12;4;2;5;2;18;18;2;3;20;-1.309421897974218;6;21;8.619756525285762;5;3;0;5;3;4;0;16;17;0;0;2;2;12;20;-7.142345868378386;2;13;22;7.201771128708472;4;1;23;1.9260129348463444;25;6;6;1;10;25;5;4;6;2;2;5;5;5;5;24;3;6;1;5;7;0.5327554097370673;4;8;5;3;2;6;2;19;23;-4.7855461444313185;6;6;19
TRACK:1197;1;7;0;4;4;0;1;4;4;5;5;5;8;5;1;4;1;0;15;23;9.010026579099339;4;21;7.603077435577408;2;3;1;21;0.8741299139996013;20;-9.727771496719013;1;5;25;4;8;0;1;6;5;3;1;7;1.1694286702868357;22;4.9607544345329515;5;3;5;4;22;9.67370061750217;0;4;1;6;4;8;6;1;24;12;1;1;6;1;9;8;1;6;21;-8.244041740037652;3;7;-8.343934600877203;6;5;3;25;6;3;5;1;6;2;1;1;4;25;1;19;10;6;3;9;1;2;0;16;20;-8.356452856661015;4;19;2;2;16;15;1;17;20;-4.716407496205484;3;0;0;0;4;25;4;16;4;1;23;3.4058139379531127;25;3;0;2;23;7.997450742602297;20;4.678946297741202;1;21;8.169859715769505;11
TRACK:1198;3;0;5;0;5;6;0;5;5;4;6;2;23;-9.425875259368343;23;6.351964638882649;6;2;6;5;4;16;0;1;4;14;5;9;2;2;22;-2.8628063595721738;8;3;13;3;0;4;1;3;3;5;6;22;6.502010675018717;2;1;5;0;7;2.951350615301049;22;3.1091386531019545;5;1;8;18;2;2;1;9;10;1;12;21;0.4828827554892712;2;5;7;-5.060335771358783;3;24;0;4;5;2;0;2;23;-5.9151488629807725;17;4;11;4;0;11;25;4;2;4;5;6;19;5;0;3;15;2;13;18
TRACK:1199;3;0;4;6;3;1;5;6;6;6;1;2;15;15;6;17;1;1;4;6;5;4;16;2;6;0;2;17;18;5;19;3;1;1;13;15;1;12;21;0.4828827554892712;6;6;4;5;3;19
TRACK:1200;1190;-1;5;0;5;6;0;5;5;4;6;2;23;-9.52333951736816;23;6.300445516617473;6;5;7;6.571026899443019;3;0;4;1;3;3;5;6;22;6.397862990546436;2;1;5;0;7;2.806488898725039;22;3.0692285735899465;5;1;9;8;2;2;1;9;10;1;12;21;0.6489593941102781;2;5;7;-5.085642830839799;3;24;0;4;5;2;0;2;23;-5.826971476829306;17;4;11;4;0;11;25;4;2;4;5;6;19;5;0;3;15;2;13;18
TRACK:1201;1192;-1;4;0;1;3;5;3;3;5;5;4;19;2;3;1;2;1;5;1;14;12;4;1;15;18;0;5;4;8;1;1;21;0.1336298652328802;24;6;14;6;6;6;5;14;6;4;6;0;3;3;9;0;2;19;17;3;15;6;4;2;0;0;6;6;1;21;-0.9699382220344805;22;-5.710035388401747;0;6;22;-0.21500848328533123;1;0;9;7;3.4157055581379367;5;25;5;4;5;3;12;3;2;2;6;1;25;25;3;6;7;5.3651121251828044;6;6;1;17;22;-0.8076183657674119
TRACK:1202;1194;-1;1;0;1;0;6;1;6;6;0;0;11;13;0;24;25;2;0;0;1;11;18;5;13;0;5;19;1;16;16;1;0;2;23;-2.2936080512479786;11;5;14;6;1;16;13;6;0;2;4;5;4;9;0;3;6;24;3;19;6;1;4;2;7;0.1550982843688707;9;2;1;18;14;0;13;16;4;4;5;2;3;1;5;21;8.475859165158035;4;10;5;6;0;10;20;9.780922736472396;0;6;5;2;4;6;6;6;12;4;2;5;2;18;18;2;3;20;-1.2830480186877036;6;21;8.629634765332375;5;3;0;5;3;4;0;16;17;0;0;2;2;12;20;-7.217440251698952;2;13;22;7.072267413206921;4;1;23;1.9288208587552549;25;6;6;1;10;25;5;4;6;2;2;5;5;5;5;24;3;6;1;5;7;0.520692034884407;4;8;5;3;2;6;2;19;23;-4.7065980924807755;6;6;19
TRACK:1203;1196;-1;1;0;1;0;6;1;6;6;0;0;11;13;0;24;25;2;0;0;1;11;18;5;13;0;5;19;1;16;16;1;0;2;23;-2.2076508365063603;11;5;14;6;1;16;13;6;0;2;4;5;4;9;0;6;6;19;5;6;7;-8.008483036570338;6;1;4;2;7;0.05180496671176431;9;2;1;18;14;0;13;16;4;4;5;2;3;1;5;21;8.871637523791152;4;10;5;6;0;10;25;0;6;5;2;4;6;6;6;12;4;2;5;2;18;18;2;3;20;-1.2340060730729452;6;21;8.655065440692102;5;3;0;5;3;4;0;16;17;0;0;2;2;12;20;-7.093519862996601;2;13;22;7.387080758823671;4;1;23;1.8231889674213129;25;6;6;1;10;25;5;4;6;2;2;5;5;5;5;24;3;6;1;5;7;0.5723970176299158;4;8;5;3;2;6;2;17;20;-8.77465155739107;6;6;19
TRACK:1204;1198;-1;5;0;5;6;0;5;5;4;6;2;23;-9.41136303597348;23;6.240144490127938;6;2;6;5;4;16;0;1;4;14;5;9;2;2;22;-2.9401904250112585;8;3;13;2;2;0;5;4;5;25;6;4;4;19;2;5;2;0;20;1.4073317118776902;23;-1.095573251178548;2;9;12;5;6;3;15;6;2;6;6;5;17;1;4;1;12;15;5;5;10
TRACK:1205;1191;-1;0;4;4;0;1;4;4;5;5;0;13;17;5;1;4;1;0;15;23;8.998645309817165;4;21;7.502737703261012;2;3;1;21;0.6556201544969178;20;-9.721364743733826;1;5;25;4;8;0;1;6;5;3;1;7;1.2922667344688872;22;5.021132082123387;5;3;5;4;22;9.577423214012022;0;4;1;6;4;8;6;1;24;12;1;1;6;1;9;8;1;6;21;-8.349092348498976;3;7;-8.415930432744416;6;5;3;25;6;3;5;1;6;2;1;1;4;11;1;19;10;6;3;9;1;2;0;16;20;-8.49360854955777;4;19;2;2;16;15;1;17;20;-4.903527261027142;3;0;0;0;4;25;4;16;4;1;23;3.4709865595122276;12;3;0;2;23;8.230281680686831;20;4.513681666984272;1;21;8.137110934719853;11
TRACK:1206;1193;-1;3;5;2;3;6;2;5;4;4;6;15;1;4;4;15;3;5;4;11;4;4;3;4;7;3.4728763485543714
TRACK:1207;1195;-1;3;5;2;3;6;2;2;7;0.11758315071658479;9;6;6;4;18;4;4;3;4;3;0;3;24;5;25
TRACK:1208;1197;-1;0;4;4;0;1;4;4;5;5;5;8;5;1;4;1;0;15;23;9.117183631039596;4;21;7.490616232389234;2;3;1;21;0.9278960673557535;20;-9.893947391303797;1;5;25;4;8;0;1;6;5;3;1;7;1.3689072292729263;22;4.912989485133512;5;3;5;4;22;9.695264823247868;0;4;1;6;4;8;6;1;24;12;1;1;6;1;9;8;1;6;21;-8.240148506013961;3;7;-8.434109817993875;6;5;3;25;6;3;5;1;6;2;1;1;4;25;1;19;10;6;3;9;1;2;0;9;20;-8.45159035892901;4;19;2;2;16;15;1;17;20;-4.670871417283446;3;0;0;0;4;25;4;16;4;1;23;3.419349232861156;25;3;0;2;23;7.868618275446393;20;4.4402367832551;1;21;8.295052787858934;11
TRACK:1209;1199;-1;4;6;3;1;5;6;6;6;1;2;15;15;6;17;1;1;4;6;2;0;10;12;4;8;2;6;0;2;17;18;5;19;3;1;1;13;15;1;12;21;0.2327756712718061;6;6;4;5;3;19
EVAL_INSTANCE:60:0:1200
EVAL_INSTANCE:60:1:1201
EVAL_INSTANCE:60:2:1202
EVAL_INSTANCE:60:3:1203
EVAL_INSTANCE:60:4:1204
EVAL_INSTANCE:60:5:1205
EVAL_INSTANCE:60:6:1206
EVAL_INSTANCE:60:7:1207
EVAL_INSTANCE:60:8:1208
EVAL_INSTANCE:60:9:1209
RUN_RESULT:60:0:0:2000:----
RUN_RESULT:60:1:0:2000:----
RUN_RESULT:60:2:0:2000:----
RUN_RESULT:60:3:0:2000:----
RUN_RESULT:60:4:0:2000:----
RUN_RESULT:60:5:0:2000:----
RUN_RESULT:60:6:0:2000:----
RUN_RESULT:60:7:0:2000:----
RUN_RESULT:60:8:0:2000:----
RUN_RESULT:60:9:0:2000:----
    61 |      610 |  0.000000E+00 | -0.000000E+00
TRACK:1210;3;7;5;0;5;6;0;5;5;4;6;2;23;-9.425875259368343;23;6.351964638882649;6;2;6;0;0;22;-5.7053140582007185;15;2;13;8;0;1;4;14;5;9;2;2;22;-2.8628063595721738;8;3;13;3;0;4;1;3;3;5;6;25;2;1;5;0;7;2.951350615301049;22;3.1091386531019545;5;1;8;18;2;2;1;9;10;1;12;21;0.4828827554892712;2;5;7;-5.060335771358783;3;24;0;4;5;2;0;2;23;-5.9151488629807725;17;4;11;4;0;11;25;4;2;4;5;6;19;5;0;3;15;2;13;18
TRACK:1211;3;7;0;4;4;0;1;4;4;5;5;5;8;5;1;4;1;0;15;23;9.010026579099339;4;21;7.603077435577408;2;3;1;21;0.8741299139996013;20;-9.727771496719013;1;5;25;4;8;0;1;6;5;3;1;7;1.1694286702868357;22;4.9607544345329515;5;3;5;4;22;9.67370061750217;0;4;1;6;4;8;6;1;24;12;1;1;6;1;9;8;1;6;21;-8.244041740037652;3;7;-8.343934600877203;6;5;3;25;6;3;5;1;6;2;1;1;4;25;1;19;10;6;3;9;1;2;0;16;20;-8.356452856661015;4;19;2;2;16;15;1;17;20;-4.716407496205484;3;0;0;0;4;25;4;16;4;1;23;3.4058139379531127;8;3;0;2;23;7.997450742602297;20;4.678946297741202;1;21;8.169859715769505;11
TRACK:1212;9;1;4;1;2;6;3;3;3;6;7;-8.027529548669474;2;2;5;5;1;0;5;9;4;11;4;6;16;2;4;1;3;3;13;3;5;15;2;6;3;5;14;6;0;6;15;4;9;0;2;4;5;4;6;22;2.665848916495923;4;4;4;2;18;16;1;6;1;6;3;10;2;5;19;6;8;4;6;2;0;13;11;3;20;-4.756331604557056;4;4;2;2;5;1;3;5;14;0;6;21;7.707510668684343;6;14;2;0;4;6;21;6.112383433580128;4;5;24;6;0;3;25;1;9;16;2;0;5;1;0;16;9;6;10;2;4;5;15;4;6;24;6;0;5;6;15;6;1;10;13
TRACK:1213;9;1;1;0;1;0;6;1;6;6;0;0;11;13;0;24;25;2;0;0;1;11;18;5;13;0;5;19;1;16;16;1;0;2;23;-2.2571701295058633;11;5;14;6;1;16;13;6;0;2;4;5;4;9;0;6;6;19;5;6;7;-8.027529548669474;6;1;4;2;7;0.07010987965106708;9;2;1;18;14;0;13;16;4;4;5;2;3;1;5;21;8.72293539427383;4;10;5;6;0;10;20;9.760890453417513;0;6;5;2;4;6;6;6;12;4;2;5;2;18;18;2;3;20;-1.309421897974218;6;21;8.619756525285762;5;0;5;9;4;11;5;4;6;2;2;5;5;5;5;24;3;6;1;5;7;0.5327554097370673;4;8;5;3;2;6;2;19;23;-4.7855461444313185;6;6;19
TRACK:1214;2;2;4;1;4;3;0;2;2;1;1;2;19;20;-4.142185303395147;0;8;23;-1.4602899930131628;1;3;19;6;16;1;5;0;18;10;5;1;18;21;-9.826680263377368;2;3;6;0;13;17;4;4;1;25;9;5;6;1;4;6;22;-2.0582719638834;14;6;2;6;3;0;1;2;1;19;12;3;14;1;3;9;1;7;-7.3461643690864475;14;3;3;3;25;5;6;3;6;5;4;25
TRACK:1215;2;2;4;1;4;3;0;2;2;1;1;2;19;20;-4.142185303395147;0;8;23;-1.4602899930131628;1;3;19;6;16;1;5;0;18;10;1;3;9;1;7;-7.3461643690864475;14;2;3;6;0;13;17;4;4;1;25;9;5;6;1;4;6;22;-2.0582719638834;2;1;22;2.6848393667379593;17;4;8;6;2;6;3;0;1;2;1;19;12;3;14;1;3;9;1;7;-7.3461643690864475;14;3;3;3;25;5;6;3;6;5;4;25
TRACK:1216;8;3;6;4;2;0;4;3;6;1;6;6;11;1;1;23;-6.194829372622004;8;0;23;-6.448084404665872;22;-2.585017750253062;6;4;0;1;3;4;7;-1.796785627472408;2;4;25;1;24;15;3;3;0;24;18;5;3;2;6;6;4;4;10;1;2;4;3;14;2;5;8;3;20;9.74776600337508;1;1;5;12;3;25;5;9
TRACK:1217;8;3;5;0;5;6;0;5;5;4;6;2;23;-9.425875259368343;23;6.351964638882649;6;2;6;0;0;22;-5.7053140582007185;15;2;13;8;0;1;4;14;5;9;2;2;22;-2.8628063595721738;8;3;13;3;0;4;1;3;3;5;6;22;6.502010675018717;2;1;5;0;7;2.951350615301049;22;3.1091386531019545;5;1;8;18;2;2;1;9;10;1;12;21;0.4828827554892712;2;5;7;-5.060335771358783;3;24;0;4;5;2;0;2;23;-5.9151488629807725;17;4;11;4;0;11;25;4;2;4;5;6;19;5;0;3;15;6;11
TRACK:1218;4;9;3;5;2;3;6;2;5;4;4;6;15;1;3;2;3;13;6;22;-0.03499774720603632;3;5;4;11;4;4;3;4;3;0;3;24;5;25
TRACK:1219;4;9;4;1;2;6;3;3;3;1;6;6;24;5;1;13;13;2;2;5;5;1;0;5;9;4;11;4;6;16;2;4;1;3;3;13;3;5;15;2;6;3;5;14;6;0;6;15;4;9;0;2;4;5;4;6;22;2.665848916495923;4;4;4;2;18;16;1;6;1;6;3;10;2;5;19;6;8;4;6;2;0;13;11;3;20;-4.756331604557056;4;4;2;2;5;1;3;5;14;0;6;21;7.707510668684343;6;14;2;0;4;6;21;6.112383433580128;4;5;24;6;24;2;0;5;1;0;16;9;6;10;2;4;5;15;4;6;24;6;0;5;6;15;6;1;10;13
TRACK:1220;3;-1;5;0;5;6;0;5;5;4;6;2;23;-9.581866844012016;23;6.1902319387066465;6;2;6;0;0;22;-5.5684197609891095;15;2;13;8;0;1;4;14;3;17;2;2;22;-2.8476846601570207;8;3;13;3;0;4;1;3;3;5;6;22;6.627794148457204;2;1;5;0;7;2.8732101971200805;22;2.971194875922538;5;1;8;18;2;2;1;9;10;1;12;21;0.6964161524170562;2;5;7;-5.082637823100886;3;24;0;4;5;2;0;2;23;-5.866900341368757;17;4;11;4;0;11;25;4;2;4;5;6;19;5;0;3;15;2;13;18
TRACK:1221;9;-1;4;1;2;6;3;3;3;1;6;6;24;5;1;13;13;2;2;5;5;1;0;5;9;4;11;4;6;16;2;4;1;3;3;13;3;5;15;2;6;3;5;14;6;0;6;15;4;9;0;2;4;5;4;6;22;2.672640489900122;4;4;4;2;18;16;1;6;1;6;3;10;2;5;19;6;8;4;6;2;0;13;11;3;20;-4.5439176664381415;4;4;2;2;5;1;3;5;14;0;6;21;7.530385629138837;6;14;2;0;1;5;23;7.555189330609792;0;23;-5.217121157608638;11;4;5;24;6;0;3;25;1;9;16;2;0;5;1;0;16;9;6;10;2;4;5;15;4;6;24;6;0;5;6;15;6;1;10;13
TRACK:1222;1214;-1;4;1;4;3;0;2;2;1;1;2;19;20;-3.9687602947807497;0;8;23;-1.4421920206257195;1;3;19;6;16;1;5;0;18;10;5;1;18;21;-9.848480755859596;2;3;6;0;13;17;4;4;1;25;9;5;6;1;4;6;22;-2.0674932863755036;14;6;2;6;3;0;1;2;1;19;12;3;14;1;3;9;2;10;11;3;3;3;25;5;6;3;6;5;4;25
TRACK:1223;8;-1;6;4;2;0;4;3;6;1;6;6;11;1;1;23;-6.1806056927672595;8;0;23;-6.488195083749462;22;-2.5145404455245144;6;4;0;6;5;19;3;3;0;24;18;5;3;2;6;6;4;4;10;1;2;4;3;14;2;5;8;3;20;9.8130344495864;1;1;5;12;3;25;5;2;12;15
TRACK:1224;1218;-1;3;5;2;3;6;2;5;4;4;6;15;1;3;2;3;13;6;22;0.06046529235923713;3;5;0;10;23;4.985488042267454;4;4;3;4;3;0;3;24;5;25
TRACK:1225;7;-1;0;4;4;0;1;4;4;5;5;5;8;5;1;4;1;0;15;23;8.981313196396533;4;21;7.688685822855508;2;3;1;21;1.0207369939012423;20;-9.570389757309375;1;5;25;4;8;0;1;6;5;3;1;7;1.1225810978564157;22;4.897684780985523;5;3;5;4;22;9.654563919561149;0;4;1;6;4;8;6;1;24;12;1;1;6;1;9;8;1;6;21;-8.156377188836325;3;7;-8.392424616922092;6;5;3;25;6;3;5;1;6;2;1;1;4;25;1;19;10;6;3;9;1;2;0;16;20;-8.494227955229176;4;19;2;2;16;15;1;17;20;-4.5603511107674155;3;0;0;0;4;25;4;16;4;1;23;3.3846017919396836;12;3;0;2;23;7.964312593428606;20;2.108982142505303;1;21;8.28423450442719;11
TRACK:1226;1;-1;1;0;1;0;6;1;6;6;0;0;11;13;0;24;25;2;0;0;1;11;18;5;13;0;5;19;1;16;16;1;0;2;23;-2.20719731447991;11;5;14;6;1;16;13;6;0;2;4;5;4;9;0;6;6;19;5;6;7;-8.034036618375609;6;1;4;2;7;0.1370647227796178;9;2;1;18;14;0;13;16;4;4;5;2;3;1;5;21;8.666354324477046;4;10;5;6;0;10;20;9.643037481912346;0;6;5;2;4;6;6;6;12;4;2;5;2;18;18;2;3;20;-1.1108542403585262;6;21;8.591942228533572;5;3;0;5;3;4;0;16;17;0;0;2;2;7;8.726817333442416;20;-7.096777570123292;2;13;22;7.224857658849773;4;1;23;1.8114235079275478;25;6;6;1;10;25;5;4;6;2;2;5;5;5;5;24;3;6;1;5;7;0.47704054941284524;4;8;5;3;2;6;2;19;23;-4.944791964667865;6;6;19
TRACK:1227;1215;-1;4;1;4;3;0;2;2;1;1;2;19;20;-4.114372587729091;0;8;23;-1.4343929908610353;1;3;19;6;16;1;5;0;18;10;1;3;9;1;7;-7.233622488665661;14;2;3;6;0;13;17;4;4;1;25;9;5;6;1;4;6;22;-1.906603005362017;2;1;22;2.7765318658138107;17;4;8;6;2;6;3;0;1;2;5;8;3;14;1;3;9;1;7;-7.497524605578318;14;3;3;3;25;5;6;3;6;5;4;25
TRACK:1228;3;-1;5;0;5;6;0;5;5;4;6;2;23;-9.532089242077715;23;6.310941198710456;6;2;6;0;0;22;-5.660651104172793;15;2;13;8;0;1;4;14;5;9;2;2;22;-2.67517469950995;8;3;13;3;0;4;1;3;3;5;6;22;6.412091346616234;2;1;5;0;7;2.9335868615828016;22;3.1321340361883907;5;1;8;18;2;2;1;9;10;1;12;21;0.40705140200199375;2;5;7;-5.014834061529526;3;24;4;6;4;1;15;24
TRACK:1229;1219;-1;4;1;2;6;3;3;3;1;6;6;24;5;1;13;13;2;2;5;5;1;0;5;9;4;11;4;6;16;2;4;1;3;3;13;3;5;15;2;6;3;5;14;6;0;6;15;4;9;0;2;4;5;4;6;22;2.5731435466033856;4;4;4;2;18;16;1;6;1;6;3;10;2;5;19;6;8;4;6;2;0;13;11;3;20;-4.729720502235922;4;4;2;2;5;1;3;5;14;0;6;21;7.84377215012142;6;14;2;0;4;6;21;6.122679467098243;4;5;24;6;24;2;0;5;1;0;16;9;6;10;2;4;5;15;4;6;24;6;0;5;6;15;5;20;-2.3208051721506573
EVAL_INSTANCE:61:0:1220
EVAL_INSTANCE:61:1:1221
EVAL_INSTANCE:61:2:1222
EVAL_INSTANCE:61:3:1223
EVAL_INSTANCE:61:4:1224
EVAL_INSTANCE:61:5:1225
EVAL_INSTANCE:61:6:1226
EVAL_INSTANCE:61:7:1227
EVAL_INSTANCE:61:8:1228
EVAL_INSTANCE:61:9:1229
RUN_RESULT:61:0:0:2000:----
RUN_RESULT:61:1:0:2000:----
RUN_RESULT:61:2:0:2000:----
RUN_RESULT:61:3:0:2000:----
RUN_RESULT:61:4:0:2000:----
RUN_RESULT:61:5:0:2000:----
RUN_RESULT:61:6:0:2000:----
RUN_RESULT:61:7:0:2000:----
RUN_RESULT:61:8:0:2000:----
RUN_RESULT:61:9:0:2000:----
    62 |      620 |  0.000000E+00 | -0.000000E+00
TRACK:1230;0;5;4;6;3;1;5;6;6;6;1;2;15;15;6;17;1;1;4;6;5;6;7;0.3218028824642367;2;6;0;2;17;18;5;19;3;1;1;13;15;6;25;6;6;4;5;3;19
TRACK:1231;0;5;1;5;3;1;0;4;5;1;2;3;9;5;23;7.309737645474968;1;6;7;0.3218028824642367;3;11;4;6;6;1;6;16;2;7;-5.854091696762859;22;3.66350285320285;1;0;3;4;6;2;25;10;1;4;6;4;15;5;0;6;22;-9.58565805499974;4;8;0;6;0;6;1;19;23;-3.587308483082352;0;5;25;1;11;12;4;5;6;3;22;-9.350739913168448;0;6;5;5;6;4;0;3;4;11;4;6;23;3.393492578825029;4;2;0;0;0;2;0;2;14;18;3;18;5;3;7;-7.279508601903622;0;4;6;22;6.945105059765922;3;4;14;4;5;3;0;20;-2.748115565306861;20;4.594253372334986;6;5;4;5;1;16;19;2;4;2;6;1;6;14;3;21;9.356815312735755;2;4;0;25;21;7.75724703552433;1;1;17;10;3;17;5;0;4;0;5;24;0;25;9;0;3;5;24;0;2;17;16;0;16;11
TRACK:1232;2;7;4;1;4;3;0;2;2;1;1;2;19;20;-4.142185303395147;0;8;23;-1.4602899930131628;1;3;19;6;16;1;5;0;18;10;5;1;18;21;-9.826680263377368;2;3;6;0;13;17;4;4;1;25;9;5;6;1;4;6;22;-2.0582719638834;2;1;22;2.6848393667379593;7;-8.343934600877203;4;8;6;2;6;3;0;1;2;1;19;12;3;14;1;3;9;1;7;-7.3461643690864475;14;3;3;3;25;5;6;3;6;5;4;25
TRACK:1233;2;7;0;4;4;0;1;4;4;5;5;5;8;5;1;4;1;0;15;23;9.010026579099339;4;21;7.603077435577408;2;3;1;21;0.8741299139996013;20;-9.727771496719013;1;5;25;4;8;0;1;6;5;3;1;7;1.1694286702868357;22;4.9607544345329515;5;3;5;4;22;9.67370061750217;0;4;1;6;4;8;6;1;24;22;-2.0582719638834;1;1;6;1;9;8;1;6;21;-8.244041740037652;3;7;-8.343934600877203;6;5;3;25;6;3;5;1;6;2;1;1;4;25;1;19;10;6;3;9;1;2;0;16;20;-8.356452856661015;4;19;2;2;16;15;1;17;20;-4.716407496205484;3;0;0;0;4;25;4;16;4;1;23;3.4058139379531127;12;3;0;2;23;7.997450742602297;20;4.678946297741202;1;21;8.169859715769505;11
TRACK:1234;1;4;1;0;1;0;6;1;6;6;0;0;11;13;0;24;25;2;0;0;1;11;18;5;13;0;5;19;1;16;16;1;0;2;23;-2.2571701295058633;11;5;14;6;1;16;13;6;0;2;4;5;4;9;0;6;6;19;5;6;7;-8.027529548669474;6;1;4;2;7;0.07010987965106708;9;2;1;18;14;0;13;16;4;4;5;2;3;1;5;21;8.72293539427383;4;10;5;6;0;24;20;9.760890453417513;0;6;5;2;4;6;6;6;12;4;2;5;2;18;18;2;3;20;-1.309421897974218;6;21;8.619756525285762;5;3;0;5;3;4;0;16;17;0;0;2;2;12;20;-7.142345868378386;2;13;22;7.201771128708472;4;1;23;1.9260129348463444;25;6;6;1;10;25;5;4;6;2;2;5;5;5;5;24;3;6;1;5;7;0.5327554097370673;4;8;5;3;2;6;2;19;23;-4.7855461444313185;6;6;19
TRACK:1235;1;4;3;5;2;3;6;2;5;4;4;6;15;1;3;4;0;16;17;3;5;4;11;4;4;3;4;3;0;3;24;5;25
TRACK:1236;8;6;6;4;2;0;4;3;6;1;3;6;7;5.598869455374256;1;1;23;-6.194829372622004;8;0;23;-6.448084404665872;22;-2.585017750253062;6;4;0;1;3;4;7;-1.796785627472408;2;4;25;1;24;15;3;3;0;24;18;5;3;2;6;6;4;4;10;1;2;4;3;14;2;5;8;3;20;9.74776600337508;1;1;5;12;3;25;5;2;12;15
TRACK:1237;8;6;4;0;1;3;5;3;3;5;5;4;19;2;3;1;2;5;12;0;5;2;11;7;3.3949546236874166;1;1;21;0.15781845565135022;24;6;14;6;6;6;5;14;6;4;6;0;3;3;9;0;2;19;17;3;15;6;4;2;0;0;6;6;1;21;-0.8411316608662993;22;-5.721673982302146;0;1;6;16;4;14;1;0;9;7;3.452318748288228;5;25;5;4;5;3;12;3;2;2;6;1;25;25;3;6;7;5.598869455374256;6;6;1;17;22;-0.8355763743440541
TRACK:1238;0;3;4;6;3;1;5;6;6;6;1;2;15;15;6;17;1;1;4;6;5;4;16;2;6;1;4;14;5;9;3;1;1;13;15;6;25;6;6;4;5;3;19
TRACK:1239;0;3;5;0;5;6;0;5;5;4;6;2;23;-9.425875259368343;23;6.351964638882649;6;2;6;0;0;22;-5.7053140582007185;15;2;13;8;0;1;4;14;5;9;2;2;22;-2.8628063595721738;8;3;13;3;0;4;1;3;3;5;6;22;6.502010675018717;2;1;5;0;7;2.951350615301049;22;3.1091386531019545;5;1;8;18;2;2;1;9;10;1;12;21;0.4828827554892712;2;19;3;24;0;4;5;2;0;2;23;-5.9151488629807725;17;4;11;4;0;11;25;4;2;4;5;6;19;5;0;3;15;2;13;18
TRACK:1240;1230;-1;4;6;3;1;5;6;6;6;1;2;15;15;6;17;1;1;4;6;5;6;7;0.43809019936417215;2;6;0;2;17;18;5;19;3;1;1;12;15;6;25;6;6;4;5;3;19
TRACK:1241;1232;-1;4;1;4;3;0;2;2;1;1;2;19;20;-4.339183156566865;0;8;23;-1.4622471812828302;1;3;19;6;16;1;5;0;18;10;5;1;18;21;-9.806676858858294;2;3;6;3;9;4;4;1;25;9;5;6;1;4;6;22;-2.1324962402445062;2;1;22;2.671135230317485;7;-8.21485763975999;4;8;6;2;6;3;0;1;2;1;19;12;3;14;1;3;9;1;7;-7.4154832860588655;14;3;3;3;25;5;6;3;6;5;4;25
TRACK:1242;1;-1;1;0;1;0;6;1;6;6;0;0;11;13;0;24;25;2;0;0;1;11;18;5;7;2.494977419712569;0;5;19;1;16;16;1;0;2;23;-2.2998954075984295;11;5;14;6;1;16;13;6;0;2;4;5;4;9;0;6;6;19;5;6;7;-7.9420389889001735;6;1;4;2;7;0.06222863621411208;9;2;1;18;14;0;13;16;4;4;5;2;3;1;5;21;8.616731113409042;4;10;5;6;0;10;20;9.848871675525478;0;6;5;2;4;6;6;6;12;4;2;5;2;18;18;2;3;20;-1.2837061359065083;6;21;8.537535465419538;5;3;0;5;3;4;0;16;17;0;0;2;2;12;20;-7.237628987270848;2;13;22;7.250555169766956;4;1;23;1.8373853136307325;25;6;6;1;10;25;5;4;6;2;2;5;5;5;5;24;3;6;1;5;7;0.5829873152916334;4;8;5;3;2;6;2;19;23;-4.870881644677884;6;6;19
TRACK:1243;1236;-1;6;4;2;0;4;3;6;1;3;6;20;-5.903653078705895;1;1;23;-6.289231094396283;8;0;23;-6.460387638721846;22;-2.6366442082716937;6;4;0;1;3;4;7;-1.8190013852344469;2;4;25;1;24;15;3;3;0;24;18;5;3;2;6;6;4;4;10;1;2;4;3;14;2;5;8;3;20;9.812245711677864;1;1;5;12;3;25;5;2;12;15
TRACK:1244;1238;-1;4;6;3;1;5;6;6;6;1;2;15;15;6;17;1;1;4;6;5;4;20;9.667129757535555;2;6;1;4;14;5;9;3;1;1;13;15;6;25;6;6;4;5;3;19
TRACK:1245;1231;-1;1;5;3;1;0;4;5;1;2;3;9;5;23;7.284351354672793;1;5;25;3;11;4;6;6;1;6;16;2;7;-5.8180592167249445;22;3.6869097931513957;1;0;3;4;6;2;25;10;1;4;6;4;15;5;0;6;22;-9.648369638181887;4;8;0;6;0;6;1;19;23;-3.6247277252421553;0;5;25;1;11;12;4;5;6;3;22;-9.444345769195458;0;6;5;5;6;4;0;3;4;11;4;6;23;3.4074956396392877;4;2;0;0;0;2;0;2;14;18;3;18;5;3;7;-7.237468305641726;0;4;6;22;6.906244831118536;3;4;14;4;5;3;0;20;-2.7955842950985264;20;4.378123714736952;6;5;4;5;1;16;19;2;4;2;6;1;6;14;3;21;9.406109254514769;2;4;0;25;21;7.610090221314024;1;1;17;10;3;17;5;0;4;0;5;24;0;25;9;0;3;5;24;0;2;17;16;0;16;11
TRACK:1246;1233;-1;0;4;4;0;1;4;4;5;5;5;8;5;1;4;1;0;15;23;8.982256977533897;4;21;7.722160712923111;2;3;1;21;0.8869068805115017;20;-9.731757944538492;1;5;25;4;8;0;1;6;5;3;1;7;1.2307786020651281;22;4.926545905217951;5;3;5;4;22;9.679374774951471;6;1;3;4;2;22;-4.131053507334219;17;6;3;4;10;6;3;5;1;6;2;1;1;4;25;1;19;10;6;3;9;1;2;0;16;20;-8.27556919013492;4;19;2;2;16;15;1;17;20;-4.621019178107378;3;0;0;0;4;25;4;16;4;1;23;3.4057502602574727;12;3;0;2;23;8.095752481530525;20;4.682145421235255;1;21;8.171934105582293;11
TRACK:1247;4;-1;3;5;2;3;6;2;5;4;4;6;15;1;3;2;3;19;6;22;0.0832642166711035;3;5;4;13;4;4;3;4;3;0;3;24;5;25
TRACK:1248;1237;-1;4;0;1;3;5;3;3;5;5;4;19;2;3;1;2;5;12;0;5;2;11;7;3.338449322877547;1;1;21;0.15498492945514405;24;6;14;6;6;6;5;14;6;4;6;0;3;3;9;0;2;19;17;3;15;6;4;2;0;0;6;6;1;21;-0.9850510445281804;22;-5.773740168570128;0;1;6;16;4;14;1;0;9;7;3.521631727744907;5;17;5;4;5;3;12;3;2;2;6;1;25;25;3;6;7;5.440871366074469;6;6;1;17;22;-0.9056213794831461
TRACK:1249;1239;-1;5;0;5;6;0;5;5;4;6;2;23;-9.399900911945094;23;6.147808156048432;6;2;6;0;0;22;-5.643998023130756;15;2;13;8;0;1;4;14;5;9;2;2;22;-2.9135259403703815;8;3;13;3;0;4;1;3;3;5;6;22;6.5485936157804225;2;1;5;1;23;8.27492320737355;21;-4.888107665014692;5;1;8;18;2;2;1;9;10;1;12;21;0.49574059702010737;2;19;3;24;0;4;5;2;0;2;23;-5.836190966473561;17;4;11;4;0;11;25;4;2;4;5;6;19;5;0;3;15;2;13;18
EVAL_INSTANCE:62:0:1240
EVAL_INSTANCE:62:1:1241
EVAL_INSTANCE:62:2:1242
EVAL_INSTANCE:62:3:1243
EVAL_INSTANCE:62:4:1244
EVAL_INSTANCE:62:5:1245
EVAL_INSTANCE:62:6:1246
EVAL_INSTANCE:62:7:1247
EVAL_INSTANCE:62:8:1248
EVAL_INSTANCE:62:9:1249
RUN_RESULT:62:0:0:2000:----
RUN_RESULT:62:1:0:2000:----
RUN_RESULT:62:2:0:2000:----
RUN_RESULT:62:3:0:2000:----
RUN_RESULT:62:4:0:2000:----
RUN_RESULT:62:5:0:2000:----
RUN_RESULT:62:6:0:2000:----
RUN_RESULT:62:7:0:2000:----
RUN_RESULT:62:8:0:2000:----
RUN_RESULT:62:9:0:2000:----
    63 |      630 |  0.000000E+00 | -0.000000E+00
TRACK:1250;6;0;4;0;1;3;5;3;3;5;5;4;19;2;3;1;2;1;5;1;14;12;4;1;15;18;0;5;2;11;7;3.3949546236874166;1;1;21;0.15781845565135022;24;6;14;6;6;6;5;14;6;4;6;0;3;3;9;0;2;19;17;3;15;6;4;2;0;0;6;6;1;21;-0.8411316608662993;22;-5.721673982302146;0;1;6;16;4;14;1;0;9;7;3.452318748288228;5;25;5;4;5;3;12;3;2;2;6;1;25;15;3;6;7;5.598869455374256;6;6;1;17;22;-0.8355763743440541
TRACK:1251;6;0;4;6;3;1;5;6;6;6;1;2;15;15;6;17;1;1;4;6;5;4;16;2;6;0;2;17;18;5;19;3;1;1;13;25;6;25;6;6;4;5;3;19
TRACK:1252;5;7;1;5;3;1;0;6;1;24;12;4;6;6;1;6;16;2;7;-5.854091696762859;22;3.66350285320285;1;0;3;4;6;2;25;10;1;4;6;4;15;5;0;6;22;-9.58565805499974;4;8;0;6;0;6;1;19;23;-3.587308483082352;0;5;25;1;11;12;4;5;6;3;22;-9.350739913168448;0;6;5;5;6;4;0;3;4;11;4;6;23;3.393492578825029;4;2;0;0;0;2;0;2;14;18;3;18;5;3;7;-7.279508601903622;0;4;6;22;6.945105059765922;3;4;14;4;5;3;0;20;-2.748115565306861;20;4.594253372334986;6;5;4;5;1;16;19;2;4;2;6;1;6;14;3;21;9.356815312735755;2;4;0;25;21;7.75724703552433;1;1;17;10;3;17;5;0;4;0;5;24;0;25;9;0;3;5;24;0;2;17;10;0;16;11
TRACK:1253;5;7;0;4;4;0;1;4;4;5;5;5;8;5;1;4;1;0;7;-7.279508601903622;23;9.010026579099339;4;21;7.603077435577408;2;3;1;21;0.8741299139996013;20;-9.727771496719013;1;5;25;4;8;0;1;6;5;3;1;7;1.1694286702868357;22;4.9607544345329515;5;3;5;4;22;9.67370061750217;0;4;1;6;4;8;6;1;24;12;1;1;6;1;9;8;1;6;21;-8.244041740037652;3;7;-8.343934600877203;6;5;3;25;6;3;5;1;6;2;1;1;4;25;1;19;10;6;3;9;1;2;0;16;20;-8.356452856661015;4;19;2;2;16;15;1;17;20;-4.716407496205484;3;0;0;0;4;25;4;16;4;1;23;3.4058139379531127;12;3;0;2;23;7.997450742602297;20;4.678946297741202;1;21;8.169859715769505;11
TRACK:1254;4;0;3;5;2;3;6;2;5;4;13;1;3;2;3;19;6;22;-0.03499774720603632;3;5;4;11;4;4;3;4;3;0;3;24;5;25
TRACK:1255;4;0;4;6;3;1;5;6;6;6;1;2;15;15;6;17;1;1;4;6;5;4;16;2;6;0;2;17;18;5;19;3;11;6;6;4;5;3;19
TRACK:1256;7;3;0;4;4;0;1;4;4;5;5;5;8;5;1;4;1;0;15;23;9.010026579099339;4;21;7.603077435577408;2;3;1;21;0.8741299139996013;20;-9.727771496719013;1;5;25;4;8;0;15;0;4;1;6;4;8;6;1;24;12;1;1;6;1;9;8;1;6;21;-8.244041740037652;3;7;-8.343934600877203;6;5;3;25;6;3;5;1;6;2;1;1;4;25;1;19;10;6;3;9;1;2;0;16;20;-8.356452856661015;4;19;2;2;16;15;1;17;20;-4.716407496205484;3;0;0;0;4;25;4;16;4;1;23;3.4058139379531127;12;3;0;2;23;7.997450742602297;20;4.678946297741202;1;21;8.169859715769505;11
TRACK:1257;7;3;5;0;5;6;0;5;5;4;6;2;23;-9.425875259368343;23;6.351964638882649;6;2;1;21;8.169859715769505;11;0;1;4;14;5;9;2;2;22;-2.8628063595721738;8;3;13;3;0;4;1;3;3;5;6;22;6.502010675018717;2;1;5;0;7;2.951350615301049;22;3.1091386531019545;5;1;8;18;2;2;1;9;10;1;12;21;0.4828827554892712;2;5;7;-5.060335771358783;3;24;0;4;5;2;0;2;23;-5.9151488629807725;17;4;11;4;0;11;25;4;2;4;5;6;19;5;0;3;15;2;13;18
TRACK:1258;2;1;4;1;4;3;0;2;2;1;1;2;19;20;-4.142185303395147;0;8;23;-1.4602899930131628;1;3;19;6;16;1;5;0;18;10;5;1;18;21;-9.826680263377368;2;3;6;0;13;17;4;4;1;25;9;5;6;1;4;6;22;-2.0582719638834;2;1;22;2.6848393667379593;17;4;8;6;2;6;3;0;1;2;1;19;12;3;14;1;3;9;1;7;-7.3461643690864475;14;3;3;3;25;5;3;1;5;21;8.72293539427383;4;10
TRACK:1259;2;1;1;0;1;0;6;1;6;6;0;0;11;13;0;24;25;2;0;0;1;11;18;5;13;0;5;19;1;16;16;1;0;2;23;-2.2571701295058633;11;5;14;6;1;16;13;6;0;2;4;5;4;9;0;6;6;19;5;6;7;-8.027529548669474;6;1;4;2;7;0.07010987965106708;9;2;1;18;14;0;13;16;4;4;5;2;3;1;5;21;8.72293539427383;4;10;5;6;0;10;20;9.760890453417513;0;6;5;2;4;6;6;6;12;4;2;14;2;3;20;-1.309421897974218;6;21;8.619756525285762;5;3;0;5;3;4;0;16;17;0;0;2;2;12;20;-7.142345868378386;2;13;22;7.201771128708472;4;1;23;1.9260129348463444;25;6;6;1;10;25;5;4;6;2;2;5;5;5;5;24;3;6;1;5;7;0.5327554097370673;4;8;5;3;2;6;2;19;23;-4.7855461444313185;6;6;19
TRACK:1260;1250;-1;4;0;1;3;5;3;3;5;5;4;19;2;3;1;2;1;5;1;14;12;4;1;15;18;0;5;2;11;7;3.3504080019717346;1;1;21;0.11650332182408676;24;6;14;6;6;6;5;14;6;4;6;0;3;3;9;0;2;19;17;3;15;6;4;2;0;0;6;6;1;21;-0.8144489666430654;22;-5.663237330616766;0;1;12;18;1;0;9;7;3.395820589006143;5;25;5;4;5;3;12;3;2;2;6;1;25;15;3;6;7;5.564011877312348;6;6;1;17;22;-0.6525876149806955
TRACK:1261;1252;-1;1;5;3;1;0;6;1;24;12;4;6;6;1;6;16;2;7;-6.114475382618596;22;3.6785871452382612;1;0;3;4;6;2;25;10;1;4;6;4;15;5;0;6;22;-9.556225920192254;4;8;0;6;0;6;1;19;23;-3.457721052279206;0;5;25;1;11;12;4;5;6;3;22;-9.381857450043844;0;6;5;5;6;4;0;3;4;11;4;6;23;3.4673069024015613;4;2;0;0;0;2;0;2;14;18;3;18;5;3;7;-7.284193361235987;0;4;6;22;6.710180105242991;3;4;14;4;5;3;0;20;-2.699999218074956;20;4.430693062196541;6;5;4;5;1;16;19;2;4;2;6;1;6;7;0.8426276499334406;3;21;9.209767089154514;2;4;0;25;21;7.854136988956745;1;1;17;10;3;17;5;0;4;0;5;24;0;25;9;0;3;5;24;0;2;17;10;0;16;11
TRACK:1262;1254;-1;3;5;2;3;6;2;5;4;13;4;1;12;23;7.677027607287755;4;4;3;4;3;0;3;24;5;25
TRACK:1263;7;-1;0;4;4;0;1;4;4;5;5;5;8;5;1;4;1;0;15;23;9.040761557398927;4;21;7.689251297240388;2;3;1;21;0.9139636840798374;20;-9.850279769806027;1;5;25;4;8;0;1;6;5;3;1;7;1.1623259937675514;22;4.946728101635891;5;3;5;4;22;9.933261890899875;0;4;1;6;4;8;6;1;24;12;1;1;6;1;9;8;1;6;21;-8.259785765119105;3;7;-8.263373170496017;6;5;3;25;6;2;3;3;3;0;24;8;3;4;6;3;23;-4.181129332224334
TRACK:1264;1258;-1;4;1;4;3;0;2;2;1;1;2;19;20;-4.084545947147984;0;8;23;-1.4333887949776363;1;3;19;6;16;1;5;0;18;10;5;1;18;21;-9.878203499259937;2;3;6;0;13;17;2;6;1;14;10;0;3;15;5;7;-8.537269201945662;5;6;1;4;6;22;-2.0098794906933692;2;1;22;2.7129068085639005;17;4;8;6;2;6;3;0;1;2;1;19;12;3;14;1;3;9;1;7;-7.43626669530626;14;3;3;3;25;5;3;1;5;21;8.590738815835184;4;10
TRACK:1265;1251;-1;4;6;3;1;5;6;6;6;1;2;15;15;6;16;1;1;4;6;5;4;16;2;6;0;2;17;18;5;19;3;1;1;13;25;6;25;6;6;4;5;3;19
TRACK:1266;1253;-1;0;4;4;0;1;4;4;5;5;5;8;5;1;4;1;0;7;-7.363419872420236;23;8.927953917563407;4;21;7.561601880827099;2;3;1;21;0.9546544970413194;20;-9.756718956358815;1;5;25;4;8;0;1;6;5;3;1;7;1.115067330207019;22;4.788802403404554;5;3;5;4;22;9.54408860847946;0;4;1;6;4;8;6;1;24;12;1;1;6;1;9;8;1;6;21;-8.45912496496588;3;7;-8.49394234131866;6;5;3;25;6;3;5;1;6;2;1;1;4;25;1;19;10;6;3;9;1;2;0;16;20;-8.384636093934013;4;17;2;2;16;15;1;17;20;-4.66450373845884;3;0;0;0;4;25;4;16;4;1;23;3.5865294689099465;12;3;0;2;23;8.06167256849809;20;4.386743454892826;1;21;8.250594525700887;11
TRACK:1267;1255;-1;4;6;3;1;5;6;6;6;1;2;15;15;6;17;1;1;4;6;5;4;16;2;5;6;6;8;3;11;6;6;4;5;3;19
TRACK:1268;3;-1;5;0;5;6;0;5;5;4;6;2;23;-9.407821383654865;23;6.277790661278324;6;2;6;0;0;22;-5.852575905288079;15;2;13;8;0;1;4;14;5;9;2;2;22;-2.7120422613052053;8;3;13;3;0;4;1;3;3;5;6;22;6.454703790216365;2;1;5;0;7;2.9594014748600967;22;2.9775321217367487;5;1;8;18;2;2;1;9;10;1;12;21;0.389442562079355;2;5;7;-5.008421510653105;3;24;0;4;4;4;5;20;-4.445658716101384;4;2;4;5;6;19;5;0;3;15;2;13;18
TRACK:1269;1259;-1;1;0;1;0;6;1;6;6;0;0;11;13;0;24;25;2;0;0;1;11;18;5;13;0;5;19;1;16;16;1;0;2;23;-2.2788737151477885;11;5;14;6;1;16;13;6;0;2;4;5;4;9;0;6;6;19;5;6;7;-7.997099424756647;6;1;4;2;7;0.09711374960230432;9;2;1;18;14;0;13;16;4;4;5;2;3;1;5;21;8.807555565119884;4;10;5;6;0;10;20;9.800843358123037;0;6;5;2;4;6;6;6;12;4;2;14;2;3;20;-1.3730371118783056;6;21;8.711763235240525;5;3;0;5;3;4;0;16;17;0;0;2;2;12;20;-7.223195053348281;2;13;22;7.348057949349053;4;1;23;1.9059539760138478;25;6;6;1;10;25;5;4;6;2;2;5;5;5;5;24;3;6;1;19;17;5;3;2;6;2;19;23;-4.842356261532485;6;6;19
EVAL_INSTANCE:63:0:1260
EVAL_INSTANCE:63:1:1261
EVAL_INSTANCE:63:2:1262
EVAL_INSTANCE:63:3:1263
EVAL_INSTANCE:63:4:1264
EVAL_INSTANCE:63:5:1265
EVAL_INSTANCE:63:6:1266
EVAL_INSTANCE:63:7:1267
EVAL_INSTANCE:63:8:1268
EVAL_INSTANCE:63:9:1269
RUN_RESULT:63:0:0:2000:----
RUN_RESULT:63:1:0:2000:----
RUN_RESULT:63:2:0:2000:----
RUN_RESULT:63:3:0:2000:----
RUN_RESULT:63:4:0:2000:----
RUN_RESULT:63:5:0:2000:----
RUN_RESULT:63:6:0:2000:----
RUN_RESULT:63:7:0:2000:----
RUN_RESULT:63:8:0:2000:----
RUN_RESULT:63:9:0:2000:----
    64 |      640 |  0.000000E+00 | -0.000000E+00
TRACK:1270;0;2;4;6;3;1;5;6;6;6;1;2;15;15;6;17;1;1;4;6;5;4;16;2;6;0;2;17;18;5;19;3;0;18;10;6;6;4;5;3;19
TRACK:1271;0;2;4;1;4;3;0;2;2;1;1;2;19;20;-4.142185303395147;0;8;23;-1.4602899930131628;1;3;19;6;16;1;5;0;18;10;5;1;18;21;-9.826680263377368;2;3;6;0;13;17;4;4;1;15;9;5;6;1;4;6;22;-2.0582719638834;2;1;22;2.6848393667379593;17;4;8;6;2;6;3;0;1;2;1;19;12;3;14;1;3;9;1;7;-7.3461643690864475;14;3;3;3;25;5;6;3;6;5;4;25
TRACK:1272;6;4;4;0;1;3;5;3;3;5;5;4;19;2;3;1;2;1;5;1;14;12;4;1;15;18;0;5;2;11;7;3.3949546236874166;1;1;21;0.15781845565135022;24;6;14;6;6;6;5;14;6;4;6;0;3;3;9;0;2;19;17;3;15;6;4;2;0;0;6;6;1;21;-0.8411316608662993;22;-5.721673982302146;0;1;6;16;4;14;1;0;9;7;3.452318748288228;5;25;5;4;5;3;12;3;2;2;6;1;25;24;3;6;7;5.598869455374256;6;6;1;17;22;-0.8355763743440541
TRACK:1273;6;4;3;5;2;3;6;2;5;4;4;6;15;1;3;2;3;19;6;22;-0.03499774720603632;3;5;4;11;4;16
TRACK:1274;7;9;0;4;4;0;1;4;4;5;5;5;8;5;1;4;1;0;15;23;9.010026579099339;4;21;7.603077435577408;2;3;10;1;5;25;4;8;0;1;6;5;3;1;7;1.1694286702868357;22;4.9607544345329515;5;3;5;4;22;9.67370061750217;0;4;1;6;4;8;6;1;24;12;1;1;6;1;9;8;1;6;21;-8.244041740037652;3;7;-8.343934600877203;6;5;3;25;6;3;5;1;6;2;1;1;4;25;1;19;10;6;3;9;1;2;0;16;20;-8.356452856661015;4;19;2;2;16;15;1;17;20;-4.716407496205484;3;0;0;0;4;25;4;16;4;1;23;3.4058139379531127;12;3;0;2;23;7.997450742602297;20;4.678946297741202;1;21;8.169859715769505;11
TRACK:1275;7;9;4;1;2;6;3;3;3;1;6;6;24;5;1;13;13;2;2;5;5;9;2;4;1;3;3;13;3;5;15;2;6;3;5;14;6;0;6;15;4;9;0;2;4;5;4;6;22;2.665848916495923;4;4;4;2;18;16;1;6;1;6;3;10;2;5;19;6;8;4;6;2;0;13;11;3;20;-4.756331604557056;4;4;2;2;5;1;3;5;14;0;6;21;7.707510668684343;6;14;2;0;4;6;21;6.112383433580128;4;5;24;6;0;3;25;1;9;16;2;0;5;1;0;16;9;6;10;2;4;5;15;4;6;24;6;0;5;6;15;6;1;10;13
TRACK:1276;5;2;1;5;3;1;0;4;5;1;2;3;9;5;23;7.309737645474968;1;6;7;0.3218028824642367;3;11;4;6;6;1;6;16;2;7;-5.854091696762859;22;3.66350285320285;1;0;3;4;6;2;25;10;1;4;6;4;15;5;0;6;22;-9.58565805499974;4;8;0;6;0;6;1;19;23;-3.587308483082352;0;5;25;1;11;12;4;5;6;3;22;-9.350739913168448;0;6;5;5;6;4;0;3;4;11;4;6;23;3.393492578825029;4;2;0;0;0;2;0;2;14;18;3;18;5;3;7;-7.279508601903622;0;4;6;22;6.945105059765922;3;4;14;4;5;3;0;20;-2.748115565306861;20;4.594253372334986;6;5;4;5;1;16;19;2;4;2;6;1;6;14;3;21;9.356815312735755;2;4;0;25;21;7.75724703552433;1;1;17;10;3;17;5;0;4;5;4;25;0;3;5;24;0;2;17;10;0;16;11
TRACK:1277;5;2;4;1;4;3;0;2;2;1;1;2;19;20;-4.142185303395147;0;8;23;-1.4602899930131628;1;3;19;6;16;1;5;0;18;10;5;1;18;21;-9.826680263377368;2;3;6;0;13;17;4;4;1;25;9;5;6;1;4;6;22;-2.0582719638834;2;1;22;2.6848393667379593;17;4;8;6;2;6;3;0;1;2;1;19;12;3;14;1;3;23;7.309737645474968;1;7;-7.3461643690864475;14;3;3;3;25;5;6;3;6;5;4;25
TRACK:1278;4;1;3;5;2;3;6;2;5;6;6;19;1;3;2;3;19;6;22;-0.03499774720603632;3;5;4;11;4;4;3;4;3;0;3;24;5;25
TRACK:1279;4;1;1;0;1;0;6;1;6;6;0;0;11;13;0;24;25;2;0;0;1;11;18;5;13;0;5;19;1;16;16;1;0;2;23;-2.2571701295058633;11;5;14;6;1;16;13;6;0;2;4;5;4;9;0;6;6;19;5;6;7;-8.027529548669474;6;1;4;2;7;0.07010987965106708;9;2;1;18;14;0;13;16;4;4;5;2;3;1;5;21;8.72293539427383;4;10;5;6;0;10;20;9.760890453417513;0;6;5;2;4;6;6;6;12;4;2;5;2;18;18;2;3;20;-1.309421897974218;6;21;8.619756525285762;5;3;0;5;3;4;0;16;24;0;0;2;2;12;20;-7.142345868378386;2;13;22;7.201771128708472;4;1;23;1.9260129348463444;25;6;6;1;10;25;5;4;6;2;2;5;5;5;5;24;3;6;1;5;7;0.5327554097370673;4;8;5;3;2;6;2;19;23;-4.7855461444313185;6;6;19
TRACK:1280;1270;-1;4;6;3;1;5;6;6;6;1;2;15;15;6;17;1;1;4;6;5;4;16;2;6;3;2;12;23;-6.459598561362194;3;0;18;10;6;6;4;5;3;19
TRACK:1281;1272;-1;4;0;1;3;5;3;3;5;5;4;19;2;3;1;2;1;5;1;14;12;4;1;15;18;0;5;2;11;7;3.314210806317394;1;1;21;0.16707961781014743;24;6;14;6;6;6;5;14;6;4;6;0;3;3;9;0;2;19;17;3;15;6;4;2;0;0;6;6;1;21;-0.8949537062484285;22;-5.554504311948033;0;1;6;16;4;14;1;0;9;7;3.471350258979222;5;21;3.93732921031447;5;4;5;3;12;3;2;2;6;1;25;24;3;6;7;5.581680755106984;6;6;1;17;22;-0.7799350819615242
TRACK:1282;1274;-1;0;4;4;0;1;4;4;5;5;5;8;5;1;4;1;0;15;23;8.938265619446952;4;21;7.535653838832882;2;3;10;1;5;25;4;8;0;1;6;5;3;1;7;1.2239847529460208;22;4.8186068231343295;5;3;5;4;22;9.666321327014678;0;4;1;6;4;8;6;1;24;12;1;1;6;1;9;8;1;6;21;-8.068586222788996;3;7;-8.338134722292185;6;5;3;25;6;3;5;1;6;2;1;1;4;25;1;19;10;6;3;9;1;2;0;16;20;-8.45847211115576;4;19;2;2;16;15;1;17;20;-4.652236097494961;3;0;0;0;4;25;4;16;4;1;23;3.157441921818647;12;3;0;0;8;8;1;21;8.141193259754987;11
TRACK:1283;5;-1;1;5;3;1;0;4;5;1;2;3;9;5;23;7.424606089903199;1;6;7;0.32844680225378736;3;11;4;6;6;1;6;16;2;7;-5.771817297797088;22;3.6347909719754696;1;0;3;4;6;2;25;10;1;4;6;4;15;5;0;6;22;-9.696828545661209;4;8;0;2;5;4;9;0;1;17;17;6;18;4;5;6;3;22;-9.360511129242298;0;6;5;5;6;4;0;3;4;11;4;6;23;3.2774034993965313;4;2;0;0;0;2;0;2;14;18;3;18;5;3;7;-7.127614571419056;0;4;6;22;6.949902605510116;3;4;14;4;5;3;0;20;-2.898664394819782;20;4.527140764841747;6;5;4;5;1;16;19;2;4;2;6;1;6;14;3;21;9.365077461014868;2;4;0;25;21;7.918409434541673;1;1;17;10;3;17;5;0;4;0;5;24;0;25;9;0;3;5;24;0;2;17;10;0;16;11
TRACK:1284;1278;-1;3;5;2;3;6;2;5;6;6;19;1;3;2;3;21;1.8833775408871674;6;22;-0.01755473501346124;3;5;4;11;4;4;3;4;3;0;3;24;5;25
TRACK:1285;1271;-1;4;1;4;3;0;2;2;1;1;2;19;20;-4.283974580643102;0;8;23;-1.348873221344148;1;3;19;6;16;1;5;0;18;10;5;1;18;21;-9.916518581368708;2;3;6;0;13;17;4;4;1;15;9;5;6;1;4;6;22;-2.1553302765054085;2;1;22;2.5213553433078673;17;4;8;6;2;6;3;0;1;2;1;19;12;3;14;1;3;9;1;7;-7.27130179730459;14;3;3;3;21;-4.61863189366444;5;6;3;6;5;4;25
TRACK:1286;1273;-1;3;5;2;3;6;2;5;4;4;6;15;1;1;6;5;7;4.512816195393503;3;2;24;7;8.588473005988607;3;5;4;11;4;16
TRACK:1287;1275;-1;4;1;2;6;3;3;3;1;6;6;24;5;1;13;13;2;2;5;5;9;2;4;1;3;3;13;3;5;15;2;6;3;5;14;6;0;6;15;4;9;0;2;4;5;4;6;22;2.598213641532188;4;4;4;2;18;16;1;6;1;6;3;10;2;5;19;6;8;4;6;2;0;13;11;3;20;-4.712131977179912;4;1;3;1;6;0;0;5;9;1;18;14;2;5;10;6;8;3;4;2;3;19;6;20;8.663079236180707;4;6;2;2;6;2;17;24;3;2;14;23;9.508159259246497;3;3;2;20;4.220827409466935;25
TRACK:1288;2;-1;4;1;4;3;0;2;2;1;1;2;19;20;-4.166961699307132;0;8;23;-1.4173132228667222;1;3;19;6;16;1;5;0;18;10;5;1;18;21;-9.567358284071396;2;3;6;0;13;17;4;4;1;25;9;5;6;1;4;6;22;-2.12108145587841;2;1;22;2.674776946463471;17;4;8;6;2;6;3;0;1;2;1;19;12;3;14;1;3;22;-9.763806000622331;1;7;-7.357111954559098;14;3;3;3;25;5;6;3;6;5;4;25
TRACK:1289;1279;-1;1;0;1;0;6;1;6;6;0;0;11;13;0;24;25;2;0;0;1;11;18;5;13;0;5;19;1;16;16;1;0;2;23;-2.2683508702995208;11;5;14;6;1;16;13;6;0;2;4;5;4;9;0;6;1;18;8;5;6;7;-7.974507364172159;6;1;4;2;7;-0.007618476751369022;9;2;1;18;14;0;13;16;4;4;5;2;3;1;5;21;8.78608730472089;4;10;5;6;0;10;20;9.630281656868004;0;6;5;2;4;6;6;6;12;4;2;5;2;18;18;2;3;20;-1.2502187625866656;6;21;8.59073242345835;5;3;0;5;3;4;0;16;24;0;0;2;2;12;20;-7.122615668315098;2;13;22;7.343199429776617;4;1;23;1.9338183196745509;25;6;6;1;10;25;5;4;6;2;2;5;5;5;5;24;3;6;1;5;7;0.5923688737033557;4;8;5;3;2;6;2;19;23;-4.86178054463794;6;6;19
EVAL_INSTANCE:64:0:1280
EVAL_INSTANCE:64:1:1281
EVAL_INSTANCE:64:2:1282
EVAL_INSTANCE:64:3:1283
EVAL_INSTANCE:64:4:1284
EVAL_INSTANCE:64:5:1285
EVAL_INSTANCE:64:6:1286
EVAL_INSTANCE:64:7:1287
EVAL_INSTANCE:64:8:1288
EVAL_INSTANCE:64:9:1289
RUN_RESULT:64:0:0:2000:----
RUN_RESULT:64:1:0:2000:----
RUN_RESULT:64:2:0:2000:----
RUN_RESULT:64:3:0:2000:----
RUN_RESULT:64:4:0:2000:----
RUN_RESULT:64:5:0:2000:----
RUN_RESULT:64:6:0:2000:----
RUN_RESULT:64:7:0:2000:----
RUN_RESULT:64:8:0:2000:----
RUN_RESULT:64:9:0:2000:----
    65 |      650 |  0.000000E+00 | -0.000000E+00
TRACK:1290;2;9;4;1;4;3;0;2;2;1;1;2;19;20;-4.142185303395147;0;8;23;-1.4602899930131628;1;3;19;6;16;1;5;0;18;10;5;1;18;21;-9.826680263377368;2;3;6;0;13;17;4;4;1;25;9;5;6;1;4;6;22;-2.0582719638834;2;1;22;2.6848393667379593;15;4;8;6;2;6;3;0;1;2;1;19;12;3;14;1;3;9;1;7;-7.3461643690864475;14;3;3;3;25;5;6;3;6;5;4;25
TRACK:1291;2;9;4;1;2;6;3;3;3;1;6;6;24;5;1;13;13;2;2;5;5;1;0;5;9;4;11;4;6;16;2;4;1;3;3;13;3;5;15;2;6;3;5;14;6;0;6;15;4;9;0;2;4;5;4;6;22;2.665848916495923;4;4;4;2;18;16;1;6;1;6;3;10;2;5;19;6;8;4;6;2;0;13;11;3;20;-4.756331604557056;4;25
TRACK:1292;1;0;1;0;1;0;6;1;6;6;0;0;11;13;0;24;25;2;0;0;1;11;18;5;13;0;5;19;1;16;16;1;0;2;23;-2.2571701295058633;11;5;14;6;1;16;13;6;0;2;4;5;4;9;0;6;6;19;5;6;7;-8.027529548669474;6;1;4;2;7;0.07010987965106708;9;2;1;18;14;0;13;16;6;25;0;6;5;2;4;6;6;6;12;4;2;5;2;18;18;2;3;20;-1.309421897974218;6;21;8.619756525285762;5;3;0;5;3;4;0;16;17;0;0;2;2;12;20;-7.142345868378386;2;13;22;7.201771128708472;4;1;23;1.9260129348463444;25;6;6;1;10;25;5;4;6;2;2;5;5;5;5;24;3;6;1;5;7;0.5327554097370673;4;8;5;3;2;6;2;19;23;-4.7855461444313185;6;6;19
TRACK:1293;1;0;4;6;3;1;5;6;6;6;1;2;15;15;6;17;1;1;4;6;5;4;16;2;6;0;2;17;18;5;19;3;0;11;13;6;6;4;5;3;19
TRACK:1294;5;5;1;5;3;1;0;4;5;1;2;3;9;5;23;7.309737645474968;1;6;7;0.3218028824642367;3;11;4;6;6;1;6;16;2;7;-5.854091696762859;22;3.66350285320285;1;0;3;4;6;2;25;10;1;4;6;4;15;5;0;6;22;-9.58565805499974;4;8;0;6;0;6;1;19;23;-3.587308483082352;0;5;25;1;11;12;4;0;6;1;19;23;-3.587308483082352;0;5;25;1;11;12;0;6;5;5;6;4;0;3;4;11;4;6;23;3.393492578825029;4;2;0;0;0;2;0;2;14;18;3;18;5;3;7;-7.279508601903622;0;4;6;22;6.945105059765922;3;4;14;4;5;3;0;20;-2.748115565306861;20;4.594253372334986;6;5;4;5;1;16;19;2;4;2;6;1;6;14;3;21;9.356815312735755;2;4;0;25;21;7.75724703552433;1;1;17;10;3;17;5;0;4;0;5;24;0;25;9;0;3;5;24;0;2;17;10;0;16;11
TRACK:1295;5;5;1;5;3;1;0;4;5;1;2;3;9;5;23;7.309737645474968;1;6;7;0.3218028824642367;3;11;4;6;6;1;6;16;2;7;-5.854091696762859;22;3.66350285320285;1;0;3;4;6;2;25;10;1;4;6;4;15;5;0;6;22;-9.58565805499974;4;8;0;6;0;6;1;19;23;-3.587308483082352;0;5;25;1;11;12;4;5;6;3;22;-9.350739913168448;0;6;5;5;6;4;0;3;4;11;4;6;23;3.393492578825029;4;2;0;0;0;2;0;2;14;18;3;18;5;3;7;-7.279508601903622;0;4;6;22;6.945105059765922;3;4;14;4;5;3;0;20;-2.748115565306861;20;4.594253372334986;6;5;4;3;22;-9.350739913168448;2;4;2;6;1;6;14;3;21;9.356815312735755;2;4;0;25;21;7.75724703552433;1;1;17;10;3;17;5;0;4;0;5;24;0;25;9;0;3;5;24;0;2;17;10;0;16;11
TRACK:1296;0;1;4;6;3;1;5;6;6;6;1;2;20;9.760890453417513;15;6;17;1;1;4;6;5;4;16;2;6;0;2;17;18;5;19;3;1;1;13;15;6;25;6;6;4;5;3;19
TRACK:1297;0;1;1;0;1;0;6;1;6;6;0;0;11;13;0;24;25;2;0;0;1;11;18;5;13;0;5;19;1;16;16;1;0;2;23;-2.2571701295058633;11;5;14;6;1;16;13;6;0;2;4;5;4;9;0;6;6;19;5;6;7;-8.027529548669474;6;1;4;2;7;0.07010987965106708;9;2;2;17;18;0;13;16;4;4;5;2;3;1;5;21;8.72293539427383;4;10;5;6;0;10;20;9.760890453417513;0;6;5;2;4;6;6;6;12;4;2;5;2;18;18;2;3;20;-1.309421897974218;6;21;8.619756525285762;5;3;0;5;3;4;0;16;17;0;0;2;2;12;20;-7.142345868378386;2;13;22;7.201771128708472;4;1;23;1.9260129348463444;25;6;6;1;10;25;5;4;6;2;2;5;5;5;5;24;3;6;1;5;7;0.5327554097370673;4;8;5;3;2;6;2;19;23;-4.7855461444313185;6;6;19
TRACK:1298;2;4;4;1;4;3;0;2;2;1;1;2;19;20;-4.142185303395147;0;8;23;-1.4602899930131628;1;3;19;6;16;1;5;0;18;10;5;1;18;19;2;3;6;0;13;17;4;4;1;25;9;5;6;1;4;6;22;-2.0582719638834;2;1;22;2.6848393667379593;17;4;8;6;2;6;3;0;1;2;1;19;12;3;14;1;3;9;1;7;-7.3461643690864475;14;3;3;3;25;5;6;3;6;5;4;25
TRACK:1299;2;4;3;5;2;3;6;2;5;4;4;6;15;1;3;2;3;19;6;22;-0.03499774720603632;3;5;4;18;4;4;3;4;3;0;3;24;5;25
TRACK:1300;1290;-1;4;1;4;3;0;2;2;1;1;2;19;20;-4.060073459423918;0;8;23;-1.4513020242809813;1;3;19;6;16;1;5;0;18;10;5;1;18;21;-9.798614182181833;2;3;6;0;13;17;4;4;1;25;9;5;6;1;4;6;22;-2.1408620740629547;2;1;22;2.469383213167802;15;4;8;6;2;6;3;0;1;2;1;19;12;3;14;1;3;9;1;7;-7.4045716086733435;14;3;3;3;25;5;6;3;6;3;11
TRACK:1301;1292;-1;1;0;1;0;6;1;6;6;0;0;11;13;0;24;25;2;0;0;1;11;18;5;13;0;5;19;1;16;16;1;0;2;23;-2.326379883296052;11;5;14;6;1;16;13;6;0;2;4;5;4;9;0;6;6;19;5;6;7;-8.094506305510997;6;1;4;2;7;0.1109696007535256;9;2;1;18;14;0;13;16;6;25;0;6;5;2;4;6;6;6;12;4;2;5;2;18;18;2;3;20;-1.1912156330280839;6;21;8.550960604079245;5;3;0;5;3;4;0;16;17;0;0;2;2;12;20;-7.0745828139552955;2;20;3.135533067505831;22;7.189840911016554;4;1;23;1.973899341671463;25;6;6;1;10;25;5;4;6;2;2;5;5;5;5;24;3;6;1;5;7;0.40380793449582186;4;8;5;3;2;6;2;19;23;-4.779251458658408;6;6;19
TRACK:1302;1294;-1;1;5;3;1;0;4;5;1;2;3;9;5;23;7.393886252630304;1;6;7;0.3934487838247807;3;11;4;6;6;1;6;16;2;7;-5.758651638832415;22;3.7349578968818578;1;0;3;4;6;2;25;10;1;4;6;4;15;5;0;6;22;-9.539004086762452;4;8;0;6;0;6;1;19;23;-3.6413020980346564;0;5;25;1;11;12;4;0;6;1;19;23;-3.57124242534667;0;5;25;1;11;12;0;6;5;5;6;4;1;2;25;17;3;23;2.5960764920962944;4;2;0;0;0;2;0;2;14;18;3;18;5;3;7;-7.245994619058889;0;4;6;22;6.9555069502164395;3;4;14;4;5;3;0;20;-2.667265896112813;20;4.677980981400405;6;5;4;5;1;16;19;2;4;2;6;1;6;14;3;21;9.212863663798753;2;4;0;25;21;7.830911989455814;1;1;17;10;3;17;5;0;4;0;5;24;0;25;9;0;3;5;24;0;2;17;10;0;16;11
TRACK:1303;1296;-1;6;0;0;2;3;1;3;1;16;13;2;3;13;4;25;1;4;6;4;10;4;1;6;19;2;9;23;0.8520924727465502;1;1;5;5;0;24;11;4;3;6;8;1;5;3;2;24;13;6;5;1;24;12;3;2;2;0;6;1;11;11;3;6;22;7.939269196637728;1;6;4;13;3;6;23;-0.05664499782601595;1;5;5;5;17;5;6;0;19;14
TRACK:1304;1298;-1;4;1;4;3;0;2;2;1;1;2;19;20;-4.167281746044078;0;8;23;-1.4891097930784987;1;3;19;6;16;1;5;0;18;10;5;1;18;19;2;3;6;0;13;17;4;4;1;25;9;5;6;1;4;6;22;-2.0373957414754975;2;1;22;2.841693952225273;17;4;8;6;2;6;3;0;1;2;1;19;12;3;14;1;3;9;1;7;-7.252778264845065;14;3;3;3;25;5;6;3;5;5;12
TRACK:1305;1291;-1;4;1;2;6;3;3;3;1;6;6;24;5;1;13;13;2;2;5;5;1;0;5;9;4;11;4;6;16;2;4;1;3;3;13;3;5;15;2;6;5;3;15;6;0;6;15;4;9;0;2;4;5;4;6;22;2.5206675793493156;4;4;4;2;18;16;1;6;1;6;3;10;2;5;19;6;8;4;6;2;0;13;11;3;20;-4.664586535817362;4;25
TRACK:1306;1293;-1;4;6;3;1;5;6;6;6;1;2;17;15;6;17;1;1;4;6;5;4;16;2;6;0;2;17;18;5;19;3;0;11;13;6;6;4;5;3;19
TRACK:1307;1295;-1;1;5;3;1;0;4;5;1;2;3;9;5;23;7.344759318355837;1;6;7;0.4239678456268355;3;11;4;6;6;1;6;16;2;7;-5.86330531944981;22;3.5153385327196935;1;0;3;4;6;2;25;10;1;4;6;4;15;5;0;6;22;-9.466646697446437;4;8;0;6;0;6;1;19;23;-3.5143117667856236;0;5;25;1;11;12;4;5;6;3;22;-9.437854093879624;0;6;5;5;6;4;0;3;4;11;4;6;23;3.2641171975461205;4;2;0;0;0;2;0;2;14;18;3;18;5;3;7;-7.232943463808395;0;3;3;21;5.488711359461444;3;4;14;4;5;3;0;20;-2.783327386576826;20;4.676031298543412;6;5;4;3;22;-9.560702541500032;2;4;2;6;1;6;14;3;21;9.323679453431312;2;4;0;25;21;7.740038895765799;1;1;17;10;3;17;5;0;4;0;5;24;0;25;9;0;3;5;24;0;2;17;10;0;16;11
TRACK:1308;1297;-1;1;0;1;0;6;1;6;6;0;0;11;13;0;24;25;2;0;0;1;11;18;5;13;0;5;19;1;16;16;1;0;2;23;-2.2619411139181005;11;5;14;6;1;16;13;6;0;2;4;5;4;9;0;6;6;19;2;2;20;-5.8074222952955745;11;3;12;6;1;4;2;7;0.049689179532487415;9;2;2;17;18;0;13;16;4;4;5;2;3;1;5;21;8.663361504529776;4;10;5;6;0;10;20;9.61408423770519;0;6;5;2;4;6;6;6;12;4;2;5;2;18;18;2;3;20;-1.3739517356072828;6;21;8.766940688377924;5;3;0;5;3;4;0;16;17;0;0;2;2;12;20;-7.021611959371737;2;13;22;7.3690246165339275;4;1;23;1.81190094678491;25;6;6;1;10;25;5;4;6;2;2;5;5;5;5;24;3;6;1;5;7;0.4184848704866536;4;8;5;3;2;6;2;19;23;-5.071959888037188;6;6;19
TRACK:1309;1299;-1;3;5;2;3;6;2;5;4;4;6;15;1;3;2;3;19;6;22;-0.04903037689367622;3;5;4;18;4;4;3;5;5;6;10
EVAL_INSTANCE:65:0:1300
EVAL_INSTANCE:65:1:1301
EVAL_INSTANCE:65:2:1302
EVAL_INSTANCE:65:3:1303
EVAL_INSTANCE:65:4:1304
EVAL_INSTANCE:65:5:1305
EVAL_INSTANCE:65:6:1306
EVAL_INSTANCE:65:7:1307
EVAL_INSTANCE:65:8:1308
EVAL_INSTANCE:65:9:1309
RUN_RESULT:65:0:0:2000:----
RUN_RESULT:65:1:0:2000:----
RUN_RESULT:65:2:0:2000:----
RUN_RESULT:65:3:0:2000:----
RUN_RESULT:65:4:0:2000:----
RUN_RESULT:65:5:0:2000:----
RUN_RESULT:65:6:0:2000:----
RUN_RESULT:65:7:0:2000:----
RUN_RESULT:65:8:0:2000:----
RUN_RESULT:65:9:0:2000:----
    66 |      660 |  0.000000E+00 | -0.000000E+00
TRACK:1310;7;6;0;4;4;0;1;4;4;5;5;5;8;5;1;4;1;0;15;23;9.010026579099339;4;21;7.603077435577408;2;3;1;21;0.8741299139996013;20;-9.727771496719013;1;5;25;4;8;0;1;6;5;3;1;7;1.1694286702868357;22;4.9607544345329515;5;3;5;4;22;9.67370061750217;0;4;1;6;4;8;6;1;24;12;1;1;6;1;9;8;1;6;21;-8.244041740037652;3;7;-8.343934600877203;6;5;3;25;6;3;5;1;6;2;1;1;4;25;1;19;10;6;3;9;1;2;0;16;20;-8.356452856661015;4;19;2;2;16;15;1;17;20;-4.716407496205484;3;0;0;0;4;25;4;16;4;14;3;0;2;23;7.997450742602297;20;4.678946297741202;1;21;8.169859715769505;11
TRACK:1311;7;6;4;0;1;3;5;3;3;5;5;4;19;2;3;1;2;1;5;1;14;12;4;1;15;18;0;5;2;11;7;3.3949546236874166;1;1;21;0.15781845565135022;24;6;14;6;6;6;5;14;6;4;6;0;3;3;9;0;2;19;17;3;15;6;4;2;12;3;2;2;6;1;25;25;3;6;7;5.598869455374256;6;6;1;17;22;-0.8355763743440541
TRACK:1312;2;5;4;1;4;4;0;5;24;0;25;9;6;2;6;3;0;1;2;1;19;12;3;14;1;3;9;1;7;-7.3461643690864475;14;3;3;3;25;5;6;3;6;5;4;25
TRACK:1313;2;5;1;5;3;1;0;4;5;1;2;3;9;5;23;7.309737645474968;1;6;7;0.3218028824642367;3;11;4;6;6;1;6;16;2;7;-5.854091696762859;22;3.66350285320285;1;0;3;4;6;2;25;10;1;4;6;4;15;5;0;6;22;-9.58565805499974;4;8;0;6;0;6;1;19;23;-3.587308483082352;0;5;25;1;11;12;4;5;6;3;22;-9.350739913168448;0;6;5;5;6;4;0;3;4;11;4;6;23;3.393492578825029;4;2;0;0;0;2;0;2;14;18;3;18;5;3;7;-7.279508601903622;0;4;6;22;6.945105059765922;3;4;14;4;5;3;0;20;-2.748115565306861;20;4.594253372334986;6;5;4;5;1;16;19;2;4;2;6;1;6;14;3;21;9.356815312735755;2;4;0;25;21;7.75724703552433;1;1;17;10;3;17;5;0;4;0;5;9;0;25;9;0;3;5;24;0;2;17;10;0;16;11
TRACK:1314;8;4;6;4;2;0;4;3;6;1;6;6;11;1;1;23;-6.194829372622004;8;0;23;-6.448084404665872;22;-2.585017750253062;6;4;0;1;3;4;7;-1.796785627472408;2;4;25;1;24;15;3;3;0;24;18;24
TRACK:1315;8;4;3;5;2;3;6;2;4;10;1;3;2;3;19;6;22;-0.03499774720603632;3;5;4;11;4;4;3;4;3;0;3;24;5;25
TRACK:1316;8;3;6;4;2;0;4;3;6;1;6;6;11;1;1;23;-6.194829372622004;8;0;23;-6.448084404665872;22;-2.585017750253062;6;4;0;1;3;4;7;-1.796785627472408;2;4;25;1;24;15;3;3;0;24;18;5;3;2;6;6;4;4;10;22;-5.7053140582007185
TRACK:1317;8;3;5;0;5;6;0;5;5;4;6;2;23;-9.425875259368343;23;6.351964638882649;6;2;6;0;0;22;-5.7053140582007185;15;2;13;8;0;1;4;14;5;9;2;2;22;-2.8628063595721738;8;3;13;3;0;4;1;3;3;5;6;22;6.502010675018717;2;1;5;0;7;2.951350615301049;22;3.1091386531019545;5;1;8;18;2;4;4;10;2;5;7;-5.060335771358783;3;24;0;4;5;2;0;2;23;-5.9151488629807725;17;4;11;4;0;11;25;4;2;4;5;6;19;5;0;3;15;2;13;18
TRACK:1318;2;7;4;1;4;3;0;2;2;1;1;2;19;20;-4.142185303395147;0;17;23;-1.4602899930131628;1;3;19;6;16;1;5;0;18;10;5;1;18;21;-9.826680263377368;2;3;6;0;13;17;4;4;1;25;9;5;6;1;4;6;22;-2.0582719638834;2;1;22;2.6848393667379593;17;4;8;6;2;6;3;0;1;2;1;19;12;3;14;1;3;9;1;7;-7.3461643690864475;14;3;3;3;25;5;6;3;6;5;4;25
TRACK:1319;2;7;0;4;4;0;1;4;4;5;5;5;8;5;1;4;1;0;15;23;9.010026579099339;4;21;7.603077435577408;2;3;1;21;0.8741299139996013;20;-9.727771496719013;1;5;25;4;8;0;1;6;5;3;1;7;1.1694286702868357;22;4.9607544345329515;5;3;5;4;22;9.67370061750217;0;4;1;6;4;8;6;1;24;12;1;1;6;1;9;8;1;6;21;-8.244041740037652;3;7;-8.343934600877203;6;5;3;25;6;3;5;1;6;2;1;1;4;25;1;19;10;6;3;9;1;2;0;16;20;-8.356452856661015;4;19;2;2;16;15;1;17;20;-4.716407496205484;3;0;0;0;4;25;4;16;4;1;23;3.4058139379531127;12;3;0;2;23;7.997450742602297;20;4.678946297741202;6;22;-2.0582719638834
TRACK:1320;1310;-1;0;4;4;0;1;4;4;5;5;5;8;5;1;4;1;0;15;23;8.84941596157239;4;21;7.535937409070985;2;3;1;25;20;-9.768654298995141;1;5;25;4;8;0;1;6;5;3;1;7;1.1084302313568644;22;5.126754459504105;5;3;5;4;22;9.828104620102035;0;4;1;6;4;8;6;1;24;12;1;1;6;1;9;8;1;6;21;-8.32219481301886;3;7;-8.38636133146838;6;5;3;25;6;3;5;1;6;2;1;1;4;25;1;19;10;6;3;9;1;2;0;16;20;-8.450648246959812;4;19;2;2;16;15;1;17;20;-4.707250269545373;3;0;0;0;4;25;4;16;4;14;3;0;2;23;7.908254506238193;20;4.568726102152329;1;21;8.180931117131099;11
TRACK:1321;1312;-1;4;1;4;4;0;5;24;0;25;9;6;2;6;3;0;1;2;1;19;12;3;14;1;3;9;1;7;-7.473537033319522;14;3;3;3;25;5;2;1;3;4;5;21;9.879885435759888;6;3;4;10;4;1;6;6;7;-3.26776018567066;1;2;21;6.341100675576243;16;0;23;1.9289379419310677;14
TRACK:1322;1314;-1;6;4;2;0;4;3;6;1;6;6;11;1;1;23;-6.320626721921812;8;0;23;-6.473857845441895;22;-2.625585367682419;1;11;9;24
TRACK:1323;1316;-1;6;4;2;0;4;3;6;1;6;6;11;1;1;23;-6.335217077881349;8;0;23;-6.470798954468047;22;-2.58427947800713;6;4;0;1;3;4;7;-1.725267296682821;2;4;25;1;24;15;3;3;0;24;18;5;3;2;1;5;0;3;18;6;18;3;6;3;7;6.9641378241225524;22;-5.589346796096765
TRACK:1324;1318;-1;4;1;4;3;0;2;2;1;1;2;19;20;-4.002203450462651;0;17;23;-1.5157963712754279;1;3;19;6;16;1;5;0;18;10;5;1;18;21;-9.914721102093088;2;3;6;0;13;17;4;4;1;25;9;5;6;1;4;6;22;-2.010756852201109;2;1;22;2.6923484536181435;17;4;8;6;2;6;3;0;1;2;1;19;12;3;14;1;3;9;1;7;-7.373835583542835;14;3;3;0;18;15;5;6;3;6;5;4;25
TRACK:1325;1311;-1;4;0;1;3;5;3;3;5;5;4;19;2;3;1;2;1;5;1;14;12;4;1;15;18;0;5;2;11;7;3.3868618227762806;1;1;21;0.08631415750633528;24;6;14;6;6;6;5;14;6;4;6;0;3;3;9;2;2;9;11;6;16;6;4;2;12;3;2;2;6;1;25;25;3;6;7;5.777865100552557;6;6;1;17;22;-0.8916795189233409
TRACK:1326;1313;-1;1;5;3;1;0;4;5;1;2;3;9;5;23;7.3551707399036985;1;6;7;0.2419922610613493;3;11;4;6;6;1;6;16;2;7;-5.924073923032343;22;3.5995934961967535;1;0;3;4;6;2;25;10;1;4;6;4;15;5;0;6;22;-9.617962757171673;4;8;2;2;2;1;4;14;4;21;6.997508729394628;4;4;19;0;4;3;22;3.2818906762723508;2;0;15;24;4;9;6;6;3;5;19;0;6;5;5;6;4;0;3;4;11;4;6;23;3.3998019233099503;4;2;0;0;0;2;0;2;14;18;3;18;5;3;7;-7.274536098799395;0;4;6;22;6.913447178009929;3;4;14;4;5;3;0;20;-2.9422208524397524;20;4.676035749585233;6;5;4;5;1;16;19;2;4;2;6;1;6;14;3;21;9.409300653603008;2;4;0;25;21;7.732349763130683;1;1;17;10;3;17;5;0;4;0;5;9;0;25;9;0;3;5;24;0;2;17;10;0;16;11
TRACK:1327;1315;-1;3;5;2;3;6;2;4;10;1;3;2;3;19;6;22;-0.03560450631232972;3;5;4;11;4;4;3;4;3;0;3;14;5;25
TRACK:1328;1317;-1;5;0;5;6;0;4;5;1;6;4;12;1;6;14;1;15;16;6;2;6;0;0;22;-5.87465065153737;15;2;13;8;0;1;4;14;5;9;2;2;22;-2.7713373454735586;8;3;13;3;0;4;1;3;3;5;6;22;6.490674455250406;2;1;5;0;7;2.9726881531183973;22;3.1595799663554898;5;1;8;18;2;4;4;10;2;5;7;-5.133792457096923;3;24;0;4;5;2;0;2;23;-5.98549745447532;17;4;11;4;0;11;25;4;2;4;5;6;19;5;0;3;15;2;13;18
TRACK:1329;1319;-1;0;4;4;0;1;4;4;5;5;5;8;5;1;4;1;0;15;23;9.093174397592723;4;21;7.552259460127596;2;3;1;21;0.8558993325838433;20;-9.875279126764815;1;5;25;4;8;0;1;6;5;3;1;7;1.1971513981587214;22;5.058321455079755;5;3;5;4;22;9.532161820514377;0;4;1;6;4;8;6;1;24;12;1;1;6;1;9;8;1;6;10;3;7;-8.454230479188828;6;5;3;25;6;3;5;1;6;2;1;1;4;25;1;19;10;6;3;9;1;2;0;16;20;-8.278885420183961;4;19;2;2;16;15;1;17;20;-4.630334898141453;3;0;0;0;4;25;4;16;4;1;23;3.297364914060837;12;3;0;2;23;8.10535321669434;20;4.572124057327736;6;22;-2.0760592015810557
EVAL_INSTANCE:66:0:1320
EVAL_INSTANCE:66:1:1321
EVAL_INSTANCE:66:2:1322
EVAL_INSTANCE:66:3:1323
EVAL_INSTANCE:66:4:1324
EVAL_INSTANCE:66:5:1325
EVAL_INSTANCE:66:6:1326
EVAL_INSTANCE:66:7:1327
EVAL_INSTANCE:66:8:1328
EVAL_INSTANCE:66:9:1329
RUN_RESULT:66:0:0:2000:----
RUN_RESULT:66:1:0:2000:----
RUN_RESULT:66:2:0:2000:----
RUN_RESULT:66:3:0:2000:----
RUN_RESULT:66:4:0:2000:----
RUN_RESULT:66:5:0:2000:----
RUN_RESULT:66:6:0:2000:----
RUN_RESULT:66:7:0:2000:----
RUN_RESULT:66:8:0:2000:----
RUN_RESULT:66:9:0:2000:----
    67 |      670 |  0.000000E+00 | -0.000000E+00
TRACK:1330;0;9;4;6;3;1;5;6;6;6;1;2;15;15;6;17;1;1;4;6;5;4;16;2;6;0;20;-4.756331604557056;5;19;3;1;1;13;15;6;25;6;6;4;5;3;19
TRACK:1331;0;9;4;1;2;6;3;3;3;1;6;6;24;5;1;13;13;2;2;5;5;1;0;5;9;4;11;4;6;16;2;4;1;3;3;13;3;5;15;2;6;3;5;14;6;0;6;15;4;9;0;2;4;5;4;18;4;4;4;2;18;16;1;6;1;6;3;10;2;5;19;6;8;4;6;2;0;13;11;3;20;-4.756331604557056;4;4;2;2;5;1;3;5;14;0;6;21;7.707510668684343;6;14;2;0;4;6;21;6.112383433580128;4;5;24;6;0;3;25;1;9;16;2;0;5;1;0;16;9;6;10;2;4;5;15;4;6;24;6;0;5;6;15;6;1;10;13
TRACK:1332;6;5;4;0;4;6;22;6.945105059765922;3;4;14
TRACK:1333;6;5;1;5;3;1;0;4;5;1;2;3;9;5;23;7.309737645474968;1;6;7;0.3218028824642367;3;11;4;6;6;1;6;16;2;7;-5.854091696762859;22;3.66350285320285;1;0;3;4;6;2;25;10;1;4;6;4;15;5;0;6;22;-9.58565805499974;4;8;0;6;0;6;1;19;23;-3.587308483082352;0;5;25;1;11;12;4;5;6;3;22;-9.350739913168448;0;6;5;5;6;4;0;3;4;11;4;6;23;3.393492578825029;4;2;0;0;0;2;0;2;14;18;3;18;5;3;7;-7.279508601903622;0;4;6;22;6.945105059765922;3;4;14;4;5;3;12;6;5;4;5;1;16;19;2;4;2;6;1;6;14;3;21;9.356815312735755;2;4;0;25;21;7.75724703552433;1;1;17;10;3;17;5;0;4;0;5;24;0;25;9;0;3;5;24;0;2;17;10;0;16;11
TRACK:1334;1;8;1;0;1;0;6;1;6;6;0;0;11;13;0;24;25;2;0;0;1;11;18;5;13;0;5;19;1;16;16;1;0;2;23;-2.2571701295058633;11;5;14;6;1;16;13;6;0;2;4;5;4;9;0;6;6;19;5;6;7;-8.027529548669474;6;1;4;2;7;0.07010987965106708;9;2;1;18;14;0;13;16;4;4;5;2;3;1;5;21;8.72293539427383;4;10;5;6;0;10;20;9.760890453417513;0;6;5;2;4;6;6;6;12;4;2;5;2;18;18;2;3;20;-1.309421897974218;6;21;8.619756525285762;5;3;0;5;0;23;-6.448084404665872;22;-2.585017750253062;0;0;2;2;12;20;-7.142345868378386;2;13;22;7.201771128708472;4;1;23;1.9260129348463444;25;6;6;1;10;25;5;4;6;2;2;5;5;5;5;24;3;6;1;5;7;0.5327554097370673;4;8;5;3;2;6;2;19;23;-4.7855461444313185;6;6;19
TRACK:1335;1;8;6;4;2;0;4;3;6;1;6;6;11;1;1;23;-6.194829372622004;8;0;23;-6.448084404665872;22;-2.585017750253062;6;4;0;1;3;4;7;-1.796785627472408;2;4;25;2;7;0.07010987965106708;9;3;3;0;24;18;5;3;2;6;6;4;4;10;1;2;4;3;14;2;5;8;3;20;9.74776600337508;1;1;5;12;3;25;5;2;12;15
TRACK:1336;9;4;4;1;2;6;3;3;3;1;6;6;24;5;1;13;13;2;2;5;5;1;0;5;9;4;11;4;6;16;2;4;1;3;3;13;3;5;15;2;4;11;6;0;6;15;4;9;0;2;4;5;4;6;22;2.665848916495923;4;4;4;2;18;16;1;6;1;6;3;10;2;5;19;6;8;4;6;2;0;13;11;3;20;-4.756331604557056;4;4;2;2;5;1;3;5;14;0;6;21;7.707510668684343;6;14;2;0;4;6;21;6.112383433580128;4;5;24;6;0;3;25;1;9;16;2;0;5;1;0;16;9;6;10;2;4;5;15;4;6;24;6;0;5;6;15;6;1;10;13
TRACK:1337;9;4;3;5;2;3;6;2;5;4;4;6;15;1;3;21;7.707510668684343;3;5;4;11;4;4;3;4;3;0;3;24;5;25
TRACK:1338;2;7;4;1;4;3;0;2;2;1;1;2;19;20;-4.142185303395147;0;8;23;-1.4602899930131628;1;3;19;6;16;1;5;0;18;10;5;1;18;21;-9.826680263377368;2;3;6;0;13;17;4;4;1;25;9;5;6;1;4;6;22;-2.0582719638834;2;1;22;2.6848393667379593;17;4;8;6;2;6;3;0;1;2;1;19;12;3;25;1;3;9;1;7;-7.3461643690864475;14;3;3;3;25;5;6;3;6;5;4;25
TRACK:1339;2;7;0;4;4;0;1;4;4;5;5;5;8;5;1;4;1;0;15;23;9.010026579099339;4;21;7.603077435577408;2;3;1;21;0.8741299139996013;20;-9.727771496719013;1;5;25;4;8;0;1;6;5;3;1;7;1.1694286702868357;22;4.9607544345329515;5;3;5;4;22;9.67370061750217;0;9;1;1;6;1;9;8;1;6;21;-8.244041740037652;3;7;-8.343934600877203;6;5;3;25;6;3;5;1;6;2;1;1;4;25;1;19;10;6;3;9;1;2;0;16;20;-8.356452856661015;4;19;2;2;16;15;1;17;20;-4.716407496205484;3;0;0;0;4;25;4;16;4;1;23;3.4058139379531127;12;3;0;2;23;7.997450742602297;20;4.678946297741202;1;21;8.169859715769505;11
TRACK:1340;1330;-1;4;6;3;1;5;6;6;6;1;2;15;15;6;17;1;1;4;6;5;4;16;0;13;15;6;6;4;5;3;19
TRACK:1341;1332;-1;4;0;4;6;2;1;18;11;1;10;20;-2.9499296021819577;3;4;14
TRACK:1342;1334;-1;1;0;1;0;6;1;6;6;0;0;11;13;0;24;25;2;0;0;1;11;18;5;13;0;5;19;1;16;16;1;0;2;23;-2.167836795000056;11;5;14;6;6;23;3.2763346398007016;6;0;2;4;5;4;9;0;6;6;19;5;6;7;-8.082582211217414;6;1;4;2;7;0.09691101420472574;9;2;1;18;14;0;13;16;4;4;5;2;3;1;5;21;8.848514742531139;4;10;5;6;0;10;20;9.737291778877292;0;6;5;2;4;6;6;6;12;4;2;5;2;18;18;2;3;20;-1.2129004912781478;6;21;8.728673389729904;5;3;0;5;0;23;-6.357540842445009;22;-2.5437434269088977;0;0;2;2;12;20;-7.079890921630669;2;13;22;7.217166052181008;4;1;23;1.8147988958068317;25;6;6;1;10;25;5;4;6;2;2;5;5;5;5;24;3;6;1;5;7;0.6693718435311151;4;8;5;3;2;6;2;19;23;-4.78817539929725;6;6;19
TRACK:1343;1336;-1;4;1;2;6;3;3;3;1;6;6;24;5;1;13;13;2;2;5;5;1;0;5;9;4;11;4;6;16;2;4;1;3;3;13;3;5;15;2;4;11;6;0;6;15;4;9;0;2;4;5;4;6;22;2.588408305758525;4;4;4;2;18;16;1;6;1;6;3;21;-2.91646167182998;2;5;19;6;8;4;6;2;0;13;11;3;20;-4.672739944015787;4;4;2;2;5;1;3;5;14;0;6;21;7.550043418262393;6;14;2;0;4;6;21;5.914747441404452;4;5;24;6;0;3;25;1;9;16;2;0;5;1;0;16;9;6;10;2;4;5;15;4;6;24;6;0;5;6;15;6;1;10;13
TRACK:1344;1338;-1;4;1;4;3;0;2;2;1;1;2;19;20;-4.300160640447181;0;8;23;-1.395858685142878;1;3;19;6;16;1;5;0;18;10;5;1;18;21;-9.769872419312623;2;3;6;0;13;17;4;4;1;25;9;5;6;1;4;6;22;-2.0488757589875433;2;1;22;2.6851366386481;17;4;8;6;2;6;3;0;1;2;1;19;12;3;25;1;3;9;1;7;-7.214256706411244;14;3;5;1;11;18;5;6;3;6;5;4;25
TRACK:1345;1331;-1;4;1;2;6;3;3;3;1;6;6;24;5;1;13;13;2;2;5;5;1;0;5;9;4;11;4;6;16;2;4;1;3;3;13;3;5;15;2;6;3;5;14;6;0;6;15;4;9;0;2;4;6;2;8;7;-8.19685223952015;4;4;4;2;18;16;1;6;1;6;3;10;2;5;19;6;8;4;6;2;0;13;11;3;20;-4.900104092680525;4;4;2;2;5;1;3;5;14;0;6;21;7.985078139088095;6;14;2;0;4;6;21;6.281601950471654;4;5;24;6;0;3;25;1;9;16;2;0;5;1;0;16;9;6;10;2;4;5;15;4;6;24;6;0;5;6;15;6;1;10;13
TRACK:1346;1333;-1;1;5;3;1;0;4;5;1;2;3;9;5;23;7.371557583131586;6;15;4;6;6;1;6;16;2;7;-5.924117068152433;22;3.5823346539056447;1;0;3;4;6;2;25;10;1;4;6;4;15;5;0;6;22;-9.482931635005903;4;8;0;6;0;6;1;19;23;-3.6959036786678774;0;5;25;1;11;12;4;5;6;3;22;-9.474081755214167;0;6;5;5;6;4;0;3;4;11;4;6;23;3.5079981167450494;4;2;0;0;0;2;0;2;14;18;3;18;5;3;7;-7.194246642496208;0;4;6;22;6.834168607510327;3;4;14;4;5;3;12;6;5;4;5;1;16;19;2;4;2;6;1;6;14;3;21;9.29326296699787;2;4;0;25;21;7.603624927272112;1;1;17;10;3;17;5;0;4;0;5;24;0;25;9;0;3;5;24;0;2;17;10;0;16;11
TRACK:1347;1335;-1;6;4;2;0;4;3;6;1;6;6;11;1;1;23;-6.138480241509277;8;0;23;-6.496688186855396;22;-2.7582732783785167;6;4;0;1;3;4;7;-1.945591610432754;2;4;25;2;7;-0.04344599965294896;9;3;3;0;24;18;5;3;2;6;6;1;14;17;1;2;4;3;14;2;5;8;3;20;9.728232775545612;1;1;5;12;3;25;5;2;12;15
TRACK:1348;1337;-1;3;5;2;3;6;2;5;4;4;6;15;1;3;21;7.600076154535356;3;5;4;11;4;4;6;8
TRACK:1349;1339;-1;0;4;4;0;1;4;4;5;5;5;8;5;1;4;1;0;15;23;8.924100113276817;4;21;7.647059906132794;2;3;1;21;0.9334183415654415;20;-9.827489887548559;1;5;25;4;8;0;1;6;5;3;1;7;1.244166487102597;22;5.068638708079533;5;3;5;4;22;9.492882430337621;0;9;1;1;6;1;9;8;1;6;21;-8.39608231745915;3;7;-8.279052486563227;6;5;3;25;6;3;5;1;6;2;1;1;4;25;1;19;10;6;3;9;1;2;0;16;20;-8.38169513100771;4;19;2;2;16;15;1;17;20;-4.789745974175467;3;0;0;0;4;19;4;16;4;1;23;3.3430190466532403;12;3;0;2;23;8.010469279265147;20;4.6596718473803564;1;21;8.051415768997296;11
EVAL_INSTANCE:67:0:1340
EVAL_INSTANCE:67:1:1341
EVAL_INSTANCE:67:2:1342
EVAL_INSTANCE:67:3:1343
EVAL_INSTANCE:67:4:1344
EVAL_INSTANCE:67:5:1345
EVAL_INSTANCE:67:6:1346
EVAL_INSTANCE:67:7:1347
EVAL_INSTANCE:67:8:1348
EVAL_INSTANCE:67:9:1349
RUN_RESULT:67:0:0:2000:----
RUN_RESULT:67:1:0:2000:----
RUN_RESULT:67:2:0:2000:----
RUN_RESULT:67:3:0:2000:----
RUN_RESULT:67:4:0:2000:----
RUN_RESULT:67:5:0:2000:----
RUN_RESULT:67:6:0:2000:----
RUN_RESULT:67:7:0:2000:----
RUN_RESULT:67:8:0:2000:----
RUN_RESULT:67:9:0:2000:----
    68 |      680 |  0.000000E+00 | -0.000000E+00
TRACK:1350;3;6;5;0;5;6;0;5;5;4;6;2;23;-9.425875259368343;23;6.351964638882649;6;2;6;0;0;22;-5.7053140582007185;15;2;13;8;0;1;4;14;5;9;2;2;22;-2.8628063595721738;8;3;13;3;0;4;1;3;3;5;6;22;6.502010675018717;2;1;5;18;5;1;8;18;2;2;1;9;10;1;12;21;0.4828827554892712;2;5;7;-5.060335771358783;3;24;0;4;5;2;0;2;23;-5.9151488629807725;17;4;11;4;0;11;25;4;2;4;5;6;19;5;0;3;15;2;13;18
TRACK:1351;3;6;4;0;1;3;5;3;3;5;5;4;19;2;3;1;2;1;5;1;14;12;4;1;15;18;0;5;2;11;7;3.3949546236874166;1;1;21;0.15781845565135022;24;6;14;6;6;6;5;14;6;4;6;0;3;3;9;0;2;19;17;3;15;6;4;2;0;0;6;6;1;21;-0.8411316608662993;22;-5.721673982302146;0;1;6;16;4;14;1;0;9;12;5;25;5;4;5;3;12;3;2;2;6;1;25;25;3;6;7;5.598869455374256;6;6;1;17;22;-0.8355763743440541
TRACK:1352;7;2;0;4;4;0;1;4;4;5;5;5;8;5;1;4;1;0;15;23;9.010026579099339;4;21;7.603077435577408;2;3;1;21;0.8741299139996013;20;-9.727771496719013;1;5;25;4;8;0;1;6;5;3;1;7;1.1694286702868357;22;4.9607544345329515;5;3;5;4;22;9.67370061750217;0;4;1;6;4;8;6;1;24;12;1;1;6;1;9;8;1;6;21;-8.244041740037652;3;7;-8.343934600877203;6;5;3;25;6;3;5;1;6;2;1;1;4;25;1;19;10;6;3;9;1;2;0;16;10;4;19;2;2;16;15;1;17;20;-4.716407496205484;3;0;0;0;4;25;4;16;4;1;23;3.4058139379531127;12;3;0;2;23;7.997450742602297;20;4.678946297741202;1;21;8.169859715769505;11
TRACK:1353;7;2;4;1;4;3;0;2;2;1;1;2;19;20;-4.142185303395147;0;8;23;-1.4602899930131628;1;3;19;6;16;1;5;0;18;10;5;1;18;21;-9.826680263377368;2;3;6;0;13;17;4;4;1;25;9;5;6;1;4;6;22;4.9607544345329515;2;1;22;2.6848393667379593;17;4;8;6;2;6;3;0;1;2;1;19;12;3;14;1;3;9;1;7;-7.3461643690864475;14;3;3;3;25;5;6;3;6;5;4;25
TRACK:1354;9;3;4;1;2;6;3;3;3;1;6;6;24;5;1;13;13;2;2;5;5;1;0;5;9;4;11;4;6;16;2;4;1;3;3;13;3;5;15;2;6;3;5;14;6;0;6;15;4;9;0;2;4;5;4;6;22;2.665848916495923;4;4;4;2;18;16;1;6;1;4;14;5;9;4;6;2;0;13;11;3;20;-4.756331604557056;4;4;2;2;5;1;3;5;14;0;6;21;7.707510668684343;6;14;2;0;4;6;21;6.112383433580128;4;5;24;6;0;3;25;1;9;16;2;0;5;1;0;16;9;6;10;2;4;5;15;4;6;24;6;0;5;6;15;6;1;10;13
TRACK:1355;9;3;5;0;5;6;0;5;5;4;6;2;23;-9.425875259368343;23;6.351964638882649;6;2;6;0;0;22;-5.7053140582007185;15;2;13;8;0;1;4;14;5;9;2;2;22;-2.8628063595721738;8;3;13;3;0;4;1;3;3;5;6;22;6.502010675018717;2;1;5;0;7;2.951350615301049;22;3.1091386531019545;5;1;8;18;2;2;1;9;10;1;12;21;0.4828827554892712;2;5;7;-5.060335771358783;3;24;0;4;5;2;0;2;23;-5.9151488629807725;17;4;11;4;20;-4.756331604557056;4;2;4;5;6;19;5;0;3;15;2;13;18
TRACK:1356;0;5;4;6;3;1;5;6;6;6;1;2;15;23;-3.587308483082352;6;17;1;1;4;6;5;4;16;2;6;0;2;17;18;5;19;3;1;1;13;15;6;25;6;6;4;5;3;19
TRACK:1357;0;5;1;5;3;1;0;4;5;1;2;3;9;5;23;7.309737645474968;1;6;7;0.3218028824642367;3;11;4;6;6;1;6;16;2;7;-5.854091696762859;22;3.66350285320285;1;0;3;4;6;2;25;10;1;4;6;4;15;5;0;6;22;-9.58565805499974;4;8;0;6;0;6;1;19;23;-3.587308483082352;0;5;25;1;11;12;4;5;6;17;0;6;5;5;6;4;0;3;4;11;4;6;23;3.393492578825029;4;2;0;0;0;2;0;2;14;18;3;18;5;3;7;-7.279508601903622;0;4;6;22;6.945105059765922;3;4;14;4;5;3;0;20;-2.748115565306861;20;4.594253372334986;6;5;4;5;1;16;19;2;4;2;6;1;6;14;3;21;9.356815312735755;2;4;0;25;21;7.75724703552433;1;1;17;10;3;17;5;0;4;0;5;24;0;25;9;0;3;5;24;0;2;17;10;0;16;11
TRACK:1358;2;1;4;1;4;3;0;2;2;1;1;2;19;20;-4.142185303395147;0;8;23;-1.4602899930131628;1;3;19;6;16;1;5;0;18;10;5;1;18;21;-9.826680263377368;2;3;6;0;13;17;4;4;1;25;9;5;6;1;4;6;22;-2.0582719638834;2;1;22;2.6848393667379593;17;4;8;6;2;6;3;0;1;2;1;12;12;3;14;1;3;9;1;7;-7.3461643690864475;14;3;3;3;25;5;6;3;6;5;4;25
TRACK:1359;2;1;1;0;1;0;6;1;6;6;0;0;16;13;0;24;25;2;0;0;1;11;18;5;13;0;5;19;1;16;16;1;0;2;23;-2.2571701295058633;11;5;14;6;1;16;13;6;0;2;4;5;4;9;0;6;6;19;5;6;7;-8.027529548669474;6;1;4;2;7;0.07010987965106708;9;2;1;18;14;0;13;16;4;4;5;2;3;1;5;21;8.72293539427383;4;10;5;6;0;10;20;9.760890453417513;0;6;5;2;4;6;6;6;12;4;2;5;2;18;18;2;3;20;-1.309421897974218;6;21;8.619756525285762;5;3;0;5;3;4;0;16;17;0;0;2;2;12;20;-7.142345868378386;2;13;22;7.201771128708472;4;1;23;1.9260129348463444;25;6;6;1;10;25;5;4;6;2;2;5;5;5;5;24;3;6;1;5;7;0.5327554097370673;4;8;5;3;2;6;2;19;23;-4.7855461444313185;6;6;19
TRACK:1360;1350;-1;5;0;5;6;0;5;5;4;6;2;23;-9.4204700035848;23;6.454079552649229;6;2;6;0;0;22;-5.92598311895325;15;2;13;8;0;1;4;14;5;9;2;2;22;-2.75745203395188;8;3;13;3;0;4;1;3;3;1;15;19;2;1;5;18;5;1;8;18;2;2;1;9;10;1;12;21;0.425904023135075;2;5;7;-5.125235062457101;3;24;0;4;5;2;0;2;23;-5.971334441210251;17;4;11;4;0;11;25;4;2;4;5;6;19;5;0;3;15;2;13;18
TRACK:1361;1352;-1;0;4;4;0;1;4;4;5;5;5;8;5;1;4;1;0;15;23;9.13115455112128;4;21;7.644465338723962;2;3;1;21;0.8350673367842201;20;-9.636021102600942;1;5;25;4;8;0;1;6;5;3;1;7;1.0800818770983198;22;5.1348287600072675;5;3;5;4;22;9.816901008611424;0;4;1;6;4;8;6;1;24;12;1;1;6;1;9;8;1;6;21;-8.355931741530547;3;7;-8.39511721729981;6;5;3;25;6;3;5;1;6;2;1;1;4;25;1;19;10;6;3;9;1;2;0;17;20;6.72015478247544;4;19;2;2;16;15;1;17;20;-4.660616958993881;3;0;0;0;4;25;4;16;4;1;23;3.5087232501429555;12;3;0;2;23;8.040735970449234;20;4.784272401416738;1;21;8.315886920934929;11
TRACK:1362;9;-1;4;1;2;6;3;3;3;1;6;6;24;5;1;13;13;2;2;5;5;1;0;5;9;4;11;4;6;16;2;4;1;3;3;13;3;5;15;2;6;3;5;14;6;0;6;15;4;9;0;2;4;5;4;6;22;2.77586438693996;4;4;4;2;18;16;1;6;1;6;3;10;2;5;19;6;8;4;6;2;0;13;11;3;20;-4.780202477516368;4;4;2;2;5;1;3;5;14;0;6;21;7.6972241290705075;6;14;2;0;4;6;21;5.9638751776145;4;5;24;6;0;3;25;1;9;16;2;0;5;1;0;16;9;6;10;2;4;5;15;4;6;24;6;0;5;3;22;7.421941368565641;6;1;10;13
TRACK:1363;1356;-1;4;6;3;1;5;6;6;6;1;2;15;23;-3.4690624765262403;6;17;1;1;3;5;24;2;6;0;2;17;18;5;19;3;1;1;13;15;6;25;6;6;4;5;3;19
TRACK:1364;1358;-1;4;1;4;3;0;2;2;1;1;2;19;20;-4.177165127116067;0;8;23;-1.4487567622922255;1;3;19;6;16;1;5;0;18;10;5;1;18;21;-9.862501023339123;2;3;6;0;13;17;4;4;1;25;9;5;6;1;4;6;22;-2.086075691362845;2;1;22;2.628717623761945;24;4;8;6;2;6;3;0;1;2;1;12;12;3;14;1;3;9;1;7;-7.414874527845182;14;3;3;3;25;5;6;3;6;5;4;25
TRACK:1365;1351;-1;4;0;1;3;5;3;3;5;5;4;19;2;3;1;2;1;5;1;14;12;4;1;15;18;0;5;2;11;7;3.3889252761168676;1;1;21;0.24910214148150855;24;6;14;6;6;6;5;12;6;4;6;0;3;3;9;0;2;19;17;3;15;6;4;2;0;0;6;6;1;21;-0.8010385182705247;22;-5.816596118604839;0;1;6;16;4;14;1;0;9;12;5;25;5;4;5;3;12;3;2;2;6;1;25;25;3;6;7;5.585794140201594;6;6;1;17;22;-0.8738400080677787
TRACK:1366;1353;-1;4;1;4;3;0;2;2;1;1;2;19;20;-4.289401985658897;0;8;23;-1.5885601925129698;1;3;19;6;16;1;5;0;18;10;5;1;18;21;-9.996292617716833;2;3;6;0;13;17;4;4;1;25;9;4;22;-2.433545663922903;6;2;6;3;0;1;2;1;19;12;3;14;1;3;9;1;7;-7.373376256755668;14;3;3;3;25;5;6;3;6;5;4;25
TRACK:1367;3;-1;5;0;5;6;0;5;5;4;6;2;23;-9.545157154090468;23;6.360160753701246;6;2;6;0;0;22;-5.706939055698775;15;2;13;8;0;1;4;14;5;7;0.9228118234490772;2;2;22;-2.993492848368498;8;3;13;3;0;4;1;3;3;5;6;22;6.54122849341326;2;1;5;0;7;2.840098991324079;22;3.1494607973401076;5;1;8;18;2;2;1;9;10;1;12;21;0.5778930279332348;2;5;7;-5.190256617765007;3;24;0;4;5;2;0;2;23;-5.744611680455782;17;4;11;4;0;11;25;4;2;4;5;6;19;5;0;3;15;2;13;18
TRACK:1368;1357;-1;1;5;3;1;0;4;5;1;2;3;9;5;23;7.328428537542463;1;6;7;0.38512861478053906;3;11;4;6;6;1;6;16;2;7;-6.047944922480858;22;3.734492910603103;1;0;3;4;6;2;25;10;1;4;6;4;15;5;0;6;22;-9.42378991473357;4;8;0;6;0;6;1;19;23;-3.629142510943581;0;5;25;1;11;12;4;5;6;17;0;6;5;5;6;4;0;3;4;11;4;6;23;3.5377543983942275;4;2;0;0;0;2;0;2;14;18;3;18;5;3;7;-7.1281528599412285;0;4;6;22;7.160514546681309;3;4;14;4;5;3;0;20;-2.6438287830243747;20;4.579245322611746;6;5;4;5;1;16;19;2;4;2;4;12;2;4;0;25;21;7.814649020443;1;1;17;10;3;17;5;0;4;0;5;24;0;25;9;0;3;5;24;0;2;17;10;0;16;11
TRACK:1369;1359;-1;1;0;1;0;6;1;6;6;0;0;16;13;0;24;25;2;0;0;1;11;18;5;13;0;5;19;1;16;16;1;0;2;23;-2.3190941927395388;11;5;14;6;1;16;13;6;0;2;4;5;4;9;0;6;6;19;5;6;7;-8.258143920442366;6;1;4;2;7;0.04588528217862621;9;2;1;18;14;0;13;16;4;4;5;2;3;1;5;21;8.766402085812276;4;10;5;6;0;10;20;9.763275835361627;0;6;5;2;4;6;6;6;12;4;2;5;2;18;18;2;3;20;-1.2967583783491439;6;21;8.785035085266426;5;3;0;5;3;4;0;16;17;4;0;0;8;19;4;13;5;4;6;2;2;5;5;5;5;24;3;6;1;5;7;0.4324133131137129;4;8;5;3;2;6;2;19;23;-4.683247060175233;6;6;19
EVAL_INSTANCE:68:0:1360
EVAL_INSTANCE:68:1:1361
EVAL_INSTANCE:68:2:1362
EVAL_INSTANCE:68:3:1363
EVAL_INSTANCE:68:4:1364
EVAL_INSTANCE:68:5:1365
EVAL_INSTANCE:68:6:1366
EVAL_INSTANCE:68:7:1367
EVAL_INSTANCE:68:8:1368
EVAL_INSTANCE:68:9:1369
RUN_RESULT:68:0:0:2000:----
RUN_RESULT:68:1:0:2000:----
RUN_RESULT:68:2:0:2000:----
RUN_RESULT:68:3:0:2000:----
RUN_RESULT:68:4:0:2000:----
RUN_RESULT:68:5:0:2000:----
RUN_RESULT:68:6:0:2000:----
RUN_RESULT:68:7:0:2000:----
RUN_RESULT:68:8:0:2000:----
RUN_RESULT:68:9:0:2000:----
    69 |      690 |  0.000000E+00 | -0.000000E+00
TRACK:1370;9;3;4;1;2;6;3;3;3;1;6;6;24;5;1;13;13;2;2;5;5;1;0;5;9;4;11;4;6;16;2;4;1;3;3;13;3;5;15;2;6;3;5;14;6;0;6;15;4;9;0;2;4;5;4;6;22;2.665848916495923;4;4;4;2;18;16;1;6;1;6;3;10;2;5;19;6;8;4;6;2;0;13;11;3;20;-4.756331604557056;4;4;2;2;5;1;3;5;14;8;2;0;4;6;21;6.112383433580128;4;5;24;6;0;3;25;1;9;16;2;0;5;1;0;16;9;6;10;2;4;5;15;4;6;24;6;0;5;6;15;6;1;10;13
TRACK:1371;9;3;5;0;5;6;0;5;5;4;6;2;23;-9.425875259368343;23;6.351964638882649;6;2;6;0;0;22;-5.7053140582007185;15;2;13;8;0;1;4;14;5;9;2;2;22;-2.8628063595721738;8;3;13;3;0;4;1;3;3;5;6;22;6.502010675018717;2;1;5;0;7;2.951350615301049;22;3.1091386531019545;5;1;8;18;2;2;1;9;10;1;12;21;0.4828827554892712;2;5;7;-5.060335771358783;3;24;0;4;5;2;0;2;23;-5.9151488629807725;17;4;15;4;0;11;25;4;2;4;5;6;19;5;0;3;15;2;13;18
TRACK:1372;2;8;4;1;4;3;0;2;2;1;1;2;19;20;-4.142185303395147;0;8;23;-1.4602899930131628;1;3;19;6;16;1;5;0;18;10;5;1;18;21;-9.826680263377368;2;3;6;0;13;17;4;4;1;25;9;5;6;1;4;6;22;-2.0582719638834;2;1;22;2.6848393667379593;17;4;8;6;2;6;3;0;1;2;1;19;12;3;14;1;6;11;1;7;-7.3461643690864475;14;3;3;3;25;5;6;3;6;5;4;25
TRACK:1373;2;8;6;4;2;4;4;1;25;9;5;3;2;6;6;4;4;10;1;2;4;3;14;2;5;8;3;20;9.74776600337508;1;1;5;12;3;25;5;2;12;15
TRACK:1374;0;5;4;6;3;1;5;6;6;6;1;2;15;15;6;17;1;1;4;6;5;4;16;2;6;0;2;17;18;5;19;3;1;1;13;15;4;8;6;6;4;5;3;19
TRACK:1375;0;5;1;5;3;1;0;4;5;1;2;3;9;5;23;7.309737645474968;1;6;7;0.3218028824642367;3;11;4;6;6;1;6;16;2;7;-5.854091696762859;22;3.66350285320285;1;0;3;4;6;2;25;10;1;4;6;4;15;5;0;6;22;-9.58565805499974;4;8;0;6;0;6;25;0;5;25;1;11;12;4;5;6;3;22;-9.350739913168448;0;6;5;5;6;4;0;3;4;11;4;6;23;3.393492578825029;4;2;0;0;0;2;0;2;14;18;3;18;5;3;7;-7.279508601903622;0;4;6;22;6.945105059765922;3;4;14;4;5;3;0;20;-2.748115565306861;20;4.594253372334986;6;5;4;5;1;16;19;2;4;2;6;1;6;14;3;21;9.356815312735755;2;4;0;25;21;7.75724703552433;1;1;17;10;3;17;5;0;4;0;5;24;0;25;9;0;3;5;24;0;2;17;10;0;16;11
TRACK:1376;9;1;4;1;2;6;3;3;3;1;6;6;24;5;1;13;13;2;2;5;5;1;0;5;9;4;11;4;6;16;2;4;1;3;3;13;3;5;15;2;6;3;5;14;6;0;6;15;4;9;0;2;4;5;4;6;22;2.665848916495923;4;4;4;2;18;16;1;6;1;6;3;10;2;5;19;6;8;4;6;2;0;13;11;3;20;-4.756331604557056;4;13
TRACK:1377;9;1;1;0;1;0;6;1;6;6;0;0;11;13;0;24;25;2;0;0;1;11;18;5;13;0;5;19;1;16;16;1;0;2;23;-2.2571701295058633;11;5;14;6;1;16;13;6;0;2;4;5;4;9;0;6;6;19;5;6;7;-8.027529548669474;6;1;4;2;7;0.07010987965106708;9;2;1;18;14;0;15;16;4;4;5;2;3;1;5;21;8.72293539427383;4;10;5;6;0;10;20;9.760890453417513;0;6;5;2;4;6;6;6;12;4;2;5;2;18;18;2;3;20;-1.309421897974218;6;21;8.619756525285762;5;3;0;5;3;4;0;16;17;0;0;2;2;12;20;-7.142345868378386;2;13;22;7.201771128708472;4;1;23;1.9260129348463444;25;6;6;1;10;25;5;4;6;2;2;5;5;5;5;24;3;6;1;5;7;0.5327554097370673;4;8;5;3;2;6;2;19;23;-4.7855461444313185;6;6;19
TRACK:1378;2;8;4;1;4;3;0;2;2;1;1;2;19;20;-4.142185303395147;0;8;23;-1.4602899930131628;1;3;19;6;16;1;5;0;18;10;5;1;18;21;-9.826680263377368;2;3;6;0;13;17;4;4;1;25;9;5;6;1;4;6;22;-2.0582719638834;2;1;22;2.6848393667379593;17;4;8;6;2;6;3;0;1;2;1;19;12;3;14;1;3;9;1;7;-7.3461643690864475;14;3;3;3;25;5;6;3;6;5;8
TRACK:1379;2;8;6;4;2;0;4;3;6;1;6;6;11;1;1;23;-6.194829372622004;8;0;23;-6.448084404665872;22;-2.585017750253062;6;4;0;1;3;4;7;-1.796785627472408;2;4;25;1;24;15;3;3;0;24;18;5;3;2;6;6;4;4;10;1;2;4;3;14;2;5;8;8;1;1;5;12;3;25;5;2;12;15
TRACK:1380;1370;-1;4;1;2;6;3;3;3;1;6;6;24;5;1;13;13;2;2;5;5;1;0;5;9;4;11;4;6;16;2;4;1;3;3;13;3;5;15;2;6;3;5;14;6;0;6;15;4;9;0;2;4;5;4;6;22;2.736852198751322;4;4;4;2;18;16;1;6;1;6;3;10;2;5;19;6;8;4;6;2;0;13;11;3;20;-4.7452217996917625;4;4;2;2;5;1;3;5;14;8;2;0;4;6;21;6.201116581914715;4;5;24;6;0;3;25;1;9;16;2;0;5;1;0;16;9;6;10;2;4;5;15;4;6;24;6;6;4;11
TRACK:1381;1372;-1;4;1;4;3;0;2;2;1;1;2;19;20;-4.080574701697158;0;8;23;-1.49110065289918;1;3;10;6;16;1;5;0;18;10;5;1;18;21;-9.7523627289035;2;3;6;0;13;17;4;4;1;25;9;5;6;1;4;6;22;-2.0613729074776415;2;1;22;2.785287411055445;17;4;8;6;2;6;3;0;1;2;1;19;12;3;14;1;6;11;1;7;-7.328203039783811;14;3;3;3;25;5;6;3;6;5;4;25
TRACK:1382;1374;-1;4;6;3;1;5;6;6;6;1;2;15;15;6;17;1;1;0;17;14;2;6;0;2;17;18;5;19;3;1;1;13;15;4;8;6;6;4;5;3;19
TRACK:1383;1376;-1;4;1;2;6;3;3;1;6;11;4;13;2;2;5;5;1;0;5;9;4;11;4;6;16;2;4;1;3;3;13;3;5;15;2;6;3;5;14;6;0;6;15;4;9;0;2;4;5;4;6;22;2.618163764252113;4;4;4;2;18;16;1;6;1;6;3;10;2;5;19;6;8;4;6;2;0;13;11;3;20;-4.789395690723709;4;13
TRACK:1384;1378;-1;4;1;4;3;0;2;2;1;1;2;19;20;-4.1104993108392165;0;8;23;-1.5373988772982998;1;3;19;6;16;1;5;0;18;17;5;1;18;21;-9.87714955750668;2;3;6;0;13;17;4;4;1;25;9;5;6;1;4;6;22;-1.9704968968091756;2;1;22;2.6144501572692427;17;4;8;6;2;6;3;0;1;2;1;19;12;3;14;1;3;9;1;7;-7.2989033437676385;14;3;3;3;25;5;6;3;6;5;8
TRACK:1385;1371;-1;5;0;5;5;1;2;0;5;2;7;-1.5196706650086824;10;4;0;16;16;5;0;2;17;20;-4.383328067845795;0;24;11;6;4;1;1;23;5.211079604802931;7;6.563653997093326;1;21;-7.27701063985749;11;3;0;4;1;3;3;5;6;22;6.690768347541309;2;1;5;0;7;3.071959037062262;22;3.0700644130453583;5;1;8;18;2;2;1;9;10;1;12;21;0.4393945716050585;2;5;7;-5.262308348092421;3;24;0;4;5;2;0;2;23;-5.817834219082059;17;4;15;4;0;11;25;4;2;4;5;6;19;5;0;3;15;2;13;18
TRACK:1386;1373;-1;6;4;2;4;4;1;25;9;5;3;2;6;6;4;4;10;1;2;4;3;14;2;5;8;3;20;9.680036054087035;3;19
TRACK:1387;1375;-1;1;5;3;1;0;4;5;1;2;3;9;5;23;7.410734228735777;1;6;7;0.3277493319159795;3;11;4;6;6;1;6;16;2;7;-5.713898301607259;22;3.722162701112576;1;0;3;4;6;2;25;10;1;4;6;4;15;5;0;6;22;-9.58894761368204;4;8;0;6;0;6;25;0;5;25;1;11;12;4;5;6;3;22;-9.426344657531216;0;6;5;5;6;4;0;3;4;11;4;6;23;3.3732694414513684;4;2;0;0;0;2;0;2;14;18;3;18;5;3;7;-7.198006402221782;0;4;6;22;6.905629894557236;3;4;14;4;5;3;0;20;-2.7429556497072163;20;4.502729898616622;6;5;4;20;-6.540639231105809;2;4;2;6;1;6;14;3;21;9.404369759327071;2;4;0;25;21;7.760083116710387;1;1;17;10;3;17;5;0;4;0;5;24;0;25;9;0;3;5;24;0;2;17;10;0;16;11
TRACK:1388;1377;-1;1;0;1;0;6;1;6;0;5;7;-8.882379484248496;2;23;0.04057649683240783;17;2;0;0;1;11;18;5;13;0;5;19;1;16;16;1;0;2;23;-2.254972110949097;11;5;14;6;1;16;13;6;0;2;4;5;4;9;0;6;6;19;5;6;7;-8.0175172022765;6;1;4;2;7;-0.040142527443184875;9;2;1;18;14;0;15;16;4;4;5;2;3;1;5;21;8.634126230323224;4;10;5;6;0;10;20;9.811515509185512;0;6;5;2;4;6;6;6;12;4;2;5;2;18;18;2;3;20;-1.4987881894105202;6;21;8.624149403297505;5;3;0;5;3;4;0;16;17;0;0;2;2;12;20;-7.159326914794632;2;13;22;7.314835837052177;4;1;23;1.9468062517194153;25;6;6;1;10;25;5;4;6;2;2;5;5;5;5;24;3;6;1;5;7;0.6122446630468739;4;8;5;3;2;6;2;19;23;-4.761913099104037;6;6;19
TRACK:1389;1379;-1;6;4;2;0;4;3;6;1;6;6;11;1;1;23;-6.195615311812064;8;0;23;-6.576891968984741;22;-2.4840203017937257;6;4;0;1;3;4;7;-1.5721002255021153;2;4;25;1;24;15;3;3;0;24;18;5;3;2;6;6;4;4;10;1;2;4;3;14;2;5;8;8;1;1;5;12;3;25;5;2;12;15
EVAL_INSTANCE:69:0:1380
EVAL_INSTANCE:69:1:1381
EVAL_INSTANCE:69:2:1382
EVAL_INSTANCE:69:3:1383
EVAL_INSTANCE:69:4:1384
EVAL_INSTANCE:69:5:1385
EVAL_INSTANCE:69:6:1386
EVAL_INSTANCE:69:7:1387
EVAL_INSTANCE:69:8:1388
EVAL_INSTANCE:69:9:1389
RUN_RESULT:69:0:0:2000:----
RUN_RESULT:69:1:0:2000:----
RUN_RESULT:69:2:0:2000:----
RUN_RESULT:69:3:0:2000:----
RUN_RESULT:69:4:0:2000:----
RUN_RESULT:69:5:0:2000:----
RUN_RESULT:69:6:0:2000:----
RUN_RESULT:69:7:0:2000:----
RUN_RESULT:69:8:0:2000:----
RUN_RESULT:69:9:0:2000:----
    70 |      700 |  0.000000E+00 | -0.000000E+00
TRACK:1390;3;2;5;0;5;6;0;5;5;4;6;2;23;-9.425875259368343;23;6.351964638882649;6;2;6;0;0;22;-5.7053140582007185;15;2;13;8;0;1;4;14;5;9;2;2;22;-2.8628063595721738;8;3;13;3;0;4;1;3;3;5;6;22;6.502010675018717;2;1;5;0;7;2.951350615301049;22;3.1091386531019545;5;1;8;18;2;2;1;9;10;1;12;21;0.4828827554892712;2;5;7;-5.060335771358783;3;24;0;4;5;2;0;2;18;17;4;11;4;0;11;25;4;2;4;5;6;19;5;0;3;15;2;13;18
TRACK:1391;3;2;4;1;4;3;0;2;2;1;1;2;19;20;-4.142185303395147;0;8;23;-1.4602899930131628;1;3;19;6;16;1;5;0;18;10;5;1;18;21;-9.826680263377368;2;3;6;0;13;17;4;4;1;25;9;5;6;1;4;6;22;-2.0582719638834;2;1;22;2.6848393667379593;17;4;8;6;2;6;3;0;1;2;1;19;12;3;14;1;3;9;1;7;-7.3461643690864475;14;3;3;3;25;5;6;3;6;5;4;25
TRACK:1392;4;7;3;5;2;3;6;2;5;4;4;6;15;1;3;1;0;15;23;9.010026579099339;4;21;7.603077435577408;3;5;4;11;4;4;3;4;3;0;3;24;5;25
TRACK:1393;4;7;0;4;4;0;1;4;4;5;5;5;8;5;1;4;1;0;15;23;9.010026579099339;4;21;7.603077435577408;2;3;1;21;0.8741299139996013;20;-9.727771496719013;1;5;25;4;8;0;1;6;5;3;1;7;1.1694286702868357;22;4.9607544345329515;5;3;5;4;22;9.67370061750217;0;4;1;6;4;8;6;1;24;12;1;1;6;1;9;8;1;24;3;7;-8.343934600877203;6;5;3;25;6;3;5;1;6;2;1;1;4;25;1;19;10;6;3;9;1;2;0;16;20;-8.356452856661015;4;19;2;2;16;15;1;17;20;-4.716407496205484;3;0;0;0;4;25;4;16;4;1;23;3.4058139379531127;12;3;0;2;23;7.997450742602297;20;4.678946297741202;1;21;8.169859715769505;11
TRACK:1394;5;5;1;6;4;15;0;6;5;5;6;4;0;3;4;11;4;6;23;3.393492578825029;4;2;0;0;0;2;0;2;14;18;3;18;5;3;7;-7.279508601903622;0;4;6;22;6.945105059765922;3;4;14;4;5;3;0;20;-2.748115565306861;20;4.594253372334986;6;5;4;5;1;16;19;2;4;2;6;1;6;14;3;21;9.356815312735755;2;4;0;25;21;7.75724703552433;1;1;17;10;3;17;5;0;4;0;5;24;0;25;9;0;3;5;24;0;2;17;10;0;16;11
TRACK:1395;5;5;1;5;3;1;0;4;5;1;2;3;9;5;23;7.309737645474968;1;6;7;0.3218028824642367;3;11;4;6;6;1;6;16;2;7;-5.854091696762859;22;3.66350285320285;1;0;3;4;0;2;17;10;0;16;11;1;4;6;4;15;5;0;6;22;-9.58565805499974;4;8;0;6;0;6;1;19;23;-3.587308483082352;0;5;25;1;11;12;4;5;6;3;22;-9.350739913168448;0;6;5;5;6;4;0;3;4;11;4;6;23;3.393492578825029;4;2;0;0;0;2;0;2;14;18;3;18;5;3;7;-7.279508601903622;0;4;6;22;6.945105059765922;3;4;14;4;5;3;0;20;-2.748115565306861;20;4.594253372334986;6;5;4;5;1;16;19;2;4;2;6;1;6;14;3;21;9.356815312735755;2;4;0;25;21;7.75724703552433;1;1;17;10;3;17;5;0;4;0;5;24;0;25;9;0;3;5;24;0;2;17;10;0;16;11
TRACK:1396;8;0;6;4;2;0;4;3;6;1;6;6;11;1;1;23;-6.194829372622004;8;0;23;-6.448084404665872;22;-2.585017750253062;6;4;0;1;3;4;7;-1.796785627472408;2;4;25;1;24;15;3;3;0;24;18;5;3;2;6;25;1;2;4;3;14;2;5;8;3;20;9.74776600337508;1;1;5;12;3;25;5;2;12;15
TRACK:1397;8;0;4;6;3;1;5;4;25;1;1;4;6;5;4;16;2;6;0;2;17;18;5;19;3;1;1;13;15;6;25;6;6;4;5;3;19
TRACK:1398;7;1;0;4;4;0;1;4;4;5;5;5;8;5;1;4;1;0;15;23;9.010026579099339;4;21;7.603077435577408;2;3;1;21;0.8741299139996013;20;-9.727771496719013;1;5;25;4;8;0;1;6;5;3;1;7;1.1694286702868357;22;4.9607544345329515;5;3;5;4;22;9.67370061750217;0;4;1;6;4;8;6;1;24;12;1;1;6;1;9;8;1;6;21;-8.244041740037652;3;7;-8.343934600877203;6;5;3;25;6;3;5;1;6;2;1;1;4;25;1;19;10;6;3;9;1;2;0;16;20;-8.356452856661015;4;19;2;2;16;15;1;17;20;-4.716407496205484;3;0;0;0;4;25;4;16;19;3;0;2;23;7.997450742602297;20;4.678946297741202;1;21;8.169859715769505;11
TRACK:1399;7;1;1;0;1;0;6;1;6;6;0;0;11;13;0;24;25;2;0;0;1;11;18;5;13;0;5;19;1;16;16;1;0;2;23;-2.2571701295058633;11;5;14;6;1;16;13;6;0;17;6;1;4;2;7;0.07010987965106708;9;2;1;18;14;0;13;16;4;4;5;2;3;1;5;21;8.72293539427383;4;10;5;6;0;10;20;9.760890453417513;0;6;5;2;4;6;6;6;12;4;2;5;2;18;18;2;3;20;-1.309421897974218;6;21;8.619756525285762;5;3;0;5;3;4;0;16;17;0;0;2;2;12;20;-7.142345868378386;2;13;22;7.201771128708472;4;1;23;1.9260129348463444;25;6;6;1;10;25;5;4;6;2;2;5;5;5;5;24;3;6;1;5;7;0.5327554097370673;4;8;5;3;2;6;2;19;23;-4.7855461444313185;6;6;19
TRACK:1400;1390;-1;5;0;5;6;0;5;5;4;6;2;23;-9.490267481108814;23;6.30838521716881;6;2;6;0;0;22;-5.817483190957594;15;2;13;8;0;1;4;14;5;9;2;2;22;-2.8401763973740373;8;3;13;3;0;4;1;3;3;2;12;17;2;1;5;0;7;2.9946859325864597;22;3.2487966477839714;5;1;8;18;2;2;1;9;10;1;12;21;0.25467780867272927;2;5;7;-5.105726927181326;3;24;0;4;5;2;0;2;18;17;4;11;4;0;11;25;4;2;4;5;6;19;5;0;3;15;2;13;18
TRACK:1401;1392;-1;3;5;2;3;6;2;5;4;4;6;15;1;3;5;6;12;3;5;4;11;4;4;3;4;3;0;3;24;5;25
TRACK:1402;1394;-1;1;6;4;15;0;6;5;6;25;4;2;0;0;0;2;0;2;14;18;3;18;5;3;7;-7.391583284362391;0;4;6;22;6.850946268006612;3;4;14;4;5;3;0;20;-2.693160993639346;20;4.320016291991644;6;5;4;5;1;16;19;2;4;2;6;1;6;14;3;21;9.364132468709762;2;4;0;25;21;7.910078071983858;1;1;17;10;3;17;5;0;4;0;5;24;0;25;9;0;3;5;24;0;2;17;10;0;16;11
TRACK:1403;1396;-1;6;4;2;0;4;3;6;1;6;6;11;1;1;23;-6.096652576521218;8;0;23;-6.314474577585107;22;-2.4988721866500025;6;4;0;1;3;4;7;-1.714690486206414;2;4;25;1;24;15;3;3;0;24;18;0;5;2;6;0;17;8;5;3;23;-3.955942029669897;5;0;1;6;25;4;19;1;3;16;3;20;-6.649947522554971
TRACK:1404;1398;-1;0;4;4;0;1;4;4;5;5;5;8;5;1;4;1;0;15;23;8.909290061451491;4;21;7.569898269070685;2;3;1;21;0.8432333940309972;20;-9.75317633208443;1;5;25;4;8;0;1;6;5;3;1;7;1.1492917467631143;22;5.035755385210173;5;3;5;4;22;9.741768634358523;0;4;1;6;4;8;6;1;24;12;1;1;6;1;9;8;1;6;21;-8.266979895292716;3;7;-8.362724728379083;6;5;3;25;6;3;5;1;6;2;1;1;4;25;1;19;10;6;3;9;1;2;0;16;20;-8.352412939334007;4;19;2;2;19;15;1;17;20;-4.819654385937081;3;0;0;0;4;25;4;16;19;3;0;2;23;7.913312534440322;20;4.679180674288844;1;21;8.164570223439812;11
TRACK:1405;1391;-1;4;1;4;3;0;2;2;1;1;2;19;20;-4.2753911001569485;0;8;23;-1.5002116689135316;1;3;19;6;16;1;5;0;18;10;5;1;18;21;-9.800166587694148;2;3;6;0;13;17;4;4;1;25;9;5;6;1;4;6;22;-1.7955410143077999;2;1;22;2.614321384346445;17;4;8;6;2;6;3;0;1;2;1;19;12;5;17;1;3;9;1;7;-7.261955091484088;14;3;3;3;25;5;6;3;6;5;4;25
TRACK:1406;1393;-1;0;4;4;4;5;21;9.818582814129414;6;3;5;1;6;2;1;1;4;25;1;19;10;6;3;9;1;2;0;16;20;-8.290487994480918;4;19;2;2;16;15;1;17;20;-4.688100200286991;3;0;0;0;4;25;4;16;4;1;23;3.5823410470219317;12;3;0;2;23;8.14351284983666;20;4.734791565098182;1;21;8.275516815407327;11
TRACK:1407;1395;-1;1;5;3;1;0;4;5;1;2;3;9;5;23;7.3448098549384415;1;6;7;0.32021621451136273;3;11;4;6;6;1;6;16;2;7;-5.991548488582994;22;3.685206995584564;1;0;3;4;0;2;17;10;0;16;11;1;4;6;4;15;5;0;6;22;-9.620797816855458;4;8;0;6;0;6;1;19;23;-3.380485395227963;0;5;25;1;11;12;4;5;6;3;22;-9.410930675243078;0;6;4;1;1;0;4;3;8;5;3;19;4;0;5;19;0;14;19;5;0;1;2;20;-3.3722232155472547;18;5;15;3;4;25;4;2;0;0;0;2;0;2;14;18;3;18;5;3;7;-7.114963668194446;0;4;6;22;7.116956421656613;3;4;14;4;5;3;0;20;-2.853379471643986;20;4.625924895615205;6;5;4;5;1;16;19;2;4;2;6;1;6;14;3;21;9.31513536344029;2;4;0;25;21;7.74322665232633;1;1;17;10;3;17;5;0;4;0;5;24;0;25;9;0;3;5;24;0;2;17;10;0;16;11
TRACK:1408;1397;-1;4;6;3;1;5;4;25;1;1;4;7;0.6844427998765426;2;6;0;2;17;18;5;19;3;1;1;13;15;6;25;6;6;4;5;3;19
TRACK:1409;1399;-1;1;0;1;0;6;1;6;6;0;0;11;13;0;24;25;2;0;0;1;11;18;5;13;0;5;19;1;16;16;1;0;2;23;-2.2751365556774474;11;5;14;6;1;16;13;6;0;17;6;1;4;2;7;0.23113839129158126;9;2;1;18;14;0;13;16;4;4;5;2;3;1;5;21;8.75315468404218;4;10;5;6;0;10;20;9.933209836565645;0;6;5;2;4;6;6;6;12;4;2;5;2;18;18;2;2;12;18;6;21;8.560256158033575;5;3;0;5;3;4;0;16;17;0;0;2;2;12;20;-7.068394467553398;2;13;22;7.123555840683201;4;1;23;1.9732393551836798;25;6;6;1;10;25;5;4;6;2;2;5;5;5;5;24;3;6;1;5;7;0.646757250410648;4;8;5;3;2;6;2;19;23;-4.706874583716977;6;6;19
EVAL_INSTANCE:70:0:1400
EVAL_INSTANCE:70:1:1401
EVAL_INSTANCE:70:2:1402
EVAL_INSTANCE:70:3:1403
EVAL_INSTANCE:70:4:1404
EVAL_INSTANCE:70:5:1405
EVAL_INSTANCE:70:6:1406
EVAL_INSTANCE:70:7:1407
EVAL_INSTANCE:70:8:1408
EVAL_INSTANCE:70:9:1409
RUN_RESULT:70:0:0:2000:----
RUN_RESULT:70:1:0:2000:----
RUN_RESULT:70:2:0:2000:----
RUN_RESULT:70:3:0:2000:----
RUN_RESULT:70:4:0:2000:----
RUN_RESULT:70:5:0:2000:----
RUN_RESULT:70:6:0:2000:----
RUN_RESULT:70:7:0:2000:----
RUN_RESULT:70:8:0:2000:----
RUN_RESULT:70:9:0:2000:----
    71 |      710 |  0.000000E+00 | -0.000000E+00
TRACK:1410;0;3;4;6;3;1;5;6;6;6;1;2;15;15;6;17;1;1;4;6;5;4;16;2;6;2;22;-2.8628063595721738;8;3;1;1;13;15;6;25;6;6;4;5;3;19
TRACK:1411;0;3;5;0;5;6;0;5;5;4;6;2;23;-9.425875259368343;23;6.351964638882649;6;2;6;0;0;22;-5.7053140582007185;15;2;13;8;0;1;4;14;5;9;2;2;22;-2.8628063595721738;8;3;13;3;0;4;1;3;3;5;6;22;6.502010675018717;2;1;5;19;5;1;8;18;2;2;1;9;10;1;12;21;0.4828827554892712;2;5;7;-5.060335771358783;3;24;0;4;5;2;0;2;23;-5.9151488629807725;17;4;11;4;0;11;25;4;2;4;5;6;19;5;0;3;15;2;13;18
TRACK:1412;7;1;0;4;4;0;1;4;4;5;5;5;8;5;1;4;1;0;15;23;9.010026579099339;4;21;7.603077435577408;2;3;1;21;0.8741299139996013;20;-9.727771496719013;1;5;25;4;8;0;1;6;5;3;1;7;1.1694286702868357;22;4.9607544345329515;5;3;5;4;22;9.67370061750217;0;4;1;6;4;8;6;1;24;12;1;1;6;1;9;8;1;6;21;-8.244041740037652;3;7;-8.343934600877203;6;5;3;18;6;3;5;1;6;2;1;1;4;25;1;19;10;6;3;9;1;2;0;16;20;-8.356452856661015;4;19;2;2;16;15;1;17;20;-4.716407496205484;3;0;0;0;4;25;4;16;4;1;23;3.4058139379531127;12;3;0;2;23;7.997450742602297;20;4.678946297741202;1;21;8.169859715769505;11
TRACK:1413;7;1;1;0;1;0;22;9.67370061750217;6;0;2;4;5;4;9;0;6;6;19;5;6;7;-8.027529548669474;6;1;4;2;7;0.07010987965106708;9;2;1;18;14;0;13;16;4;4;5;2;3;1;5;21;8.72293539427383;4;10;5;6;0;10;20;9.760890453417513;0;6;5;2;4;6;6;6;12;4;2;5;2;18;18;2;3;20;-1.309421897974218;6;21;8.619756525285762;5;3;0;5;3;4;0;16;17;0;0;2;2;12;20;-7.142345868378386;2;13;22;7.201771128708472;4;1;23;1.9260129348463444;25;6;6;1;10;25;5;4;6;2;2;5;5;5;5;24;3;6;1;5;7;0.5327554097370673;4;8;5;3;2;6;2;19;23;-4.7855461444313185;6;6;19
TRACK:1414;8;6;6;4;2;0;4;3;6;1;6;6;11;1;1;23;-6.194829372622004;8;0;23;-6.448084404665872;22;-2.585017750253062;6;4;0;1;3;4;7;-1.796785627472408;2;4;25;1;24;15;3;3;0;24;19;5;3;2;6;6;4;4;10;1;2;4;3;14;2;5;8;3;20;9.74776600337508;1;1;5;12;3;25;5;2;12;15
TRACK:1415;8;6;4;0;1;3;5;3;3;5;5;4;19;2;3;1;2;1;5;1;14;12;4;1;15;18;0;5;2;11;7;3.3949546236874166;1;1;21;0.15781845565135022;24;6;14;6;6;6;5;14;6;4;6;0;3;3;9;0;2;19;17;3;15;6;4;2;0;0;6;6;1;21;-0.8411316608662993;22;-5.721673982302146;0;1;6;16;4;14;1;0;9;7;3.452318748288228;5;25;5;4;5;3;12;3;0;24;18
TRACK:1416;7;0;0;4;4;0;1;4;4;5;5;5;8;5;1;4;1;0;15;23;9.010026579099339;4;21;7.603077435577408;2;3;1;21;0.8741299139996013;20;-9.727771496719013;1;5;25;4;8;0;1;6;5;3;1;7;1.1694286702868357;22;4.9607544345329515;5;3;5;4;22;9.67370061750217;0;4;1;6;4;8;6;1;17;12;1;1;6;1;9;8;1;6;21;-8.244041740037652;3;7;-8.343934600877203;6;5;3;25;6;3;5;1;6;2;1;1;4;25;1;19;10;6;3;9;1;2;0;16;20;-8.356452856661015;4;19;2;2;16;15;1;17;20;-4.716407496205484;3;0;0;0;4;25;4;16;4;1;23;3.4058139379531127;12;3;0;2;23;7.997450742602297;20;4.678946297741202;1;21;8.169859715769505;11
TRACK:1417;7;0;4;6;3;1;5;6;6;6;1;2;15;15;5;25;1;1;4;6;5;4;16;2;6;0;2;17;18;5;19;3;1;1;13;15;6;25;6;6;4;5;3;19
TRACK:1418;4;3;3;5;2;3;6;2;5;4;4;6;15;1;3;2;3;19;6;22;-0.03499774720603632;3;5;4;11;4;4;3;4;3;0;3;24;12
TRACK:1419;4;3;5;0;5;6;0;5;5;4;6;2;23;-9.425875259368343;23;6.351964638882649;6;2;6;0;0;22;-5.7053140582007185;15;2;13;8;0;1;4;14;5;9;2;2;22;-2.8628063595721738;8;3;13;3;5;4;4;6;15
TRACK:1420;1410;-1;4;6;3;1;5;6;6;6;1;2;15;15;6;17;1;1;4;6;5;4;16;2;6;2;22;-2.9257548151834314;8;3;1;1;13;7;-8.725650821195183;6;25;6;6;4;5;3;19
TRACK:1421;1412;-1;0;4;4;0;1;4;4;5;2;14;7;3.8789560763467357;5;1;4;1;0;15;23;8.881310777118353;4;21;7.402025046163859;2;3;1;21;0.9054489847794773;20;-9.700832202587947;1;5;25;4;8;0;1;6;5;3;1;7;1.1536656240645364;22;4.864284777082701;5;3;5;4;22;9.781279048217746;0;4;1;6;4;8;6;1;24;12;1;1;6;1;9;8;1;6;21;-8.417876505158185;3;7;-8.431606348722015;6;5;3;18;6;3;5;1;6;2;1;1;4;25;1;19;10;6;3;9;1;2;0;16;20;-8.557014007934729;4;19;2;2;16;15;1;17;20;-4.77602845831241;3;0;0;0;4;25;4;16;4;1;23;3.2770215185960976;12;3;0;2;23;8.083131915371084;20;4.74766609743347;1;21;8.247556373851308;11
TRACK:1422;1414;-1;6;4;2;0;4;3;6;1;6;6;11;1;1;23;-6.130354326008986;8;0;23;-6.434970215929557;22;-2.5887326287613406;6;4;0;1;3;4;7;-1.8731381697738347;2;4;25;1;24;15;3;3;0;16;19;5;3;2;6;6;4;4;10;1;2;4;3;14;2;5;8;3;20;9.700017872436757;1;1;5;12;3;25;5;2;12;15
TRACK:1423;1416;-1;0;4;4;0;1;4;4;5;5;5;8;5;1;4;1;0;15;23;9.118458038152896;4;21;7.60052303594556;2;3;1;21;0.8257928593455679;20;-9.563996621022019;1;5;25;4;8;0;1;6;5;3;1;7;1.1539030059641273;22;4.759714825594164;5;5;24;0;4;1;6;4;8;6;1;17;12;1;1;6;1;9;8;1;6;21;-8.263517048832595;3;7;-8.405978755181469;6;5;3;25;6;3;5;1;6;2;1;1;4;25;1;19;10;6;3;9;1;2;0;16;20;-8.33951730497888;4;19;2;2;16;15;1;17;20;-4.987522840536853;3;0;0;0;4;25;4;16;4;1;23;3.349435920971292;12;3;0;2;23;8.04988053524777;20;4.719447427497074;1;21;8.167628485443762;11
TRACK:1424;1418;-1;3;5;2;3;6;2;5;4;4;6;15;1;3;2;3;19;6;22;-0.03294354140687735;3;5;4;11;4;4;3;4;3;0;3;24;5;17
TRACK:1425;1411;-1;5;0;5;6;0;5;5;4;6;2;23;-9.418386942398683;23;6.346605666297347;6;2;6;0;0;22;-5.692693605100699;15;2;13;8;0;1;4;14;5;9;2;2;22;-2.7666412035540877;8;3;13;3;0;4;1;3;3;5;6;22;6.313112979620287;2;1;2;12;15;5;1;8;18;2;2;1;9;10;1;12;21;0.5055855358696398;2;5;7;-5.053844098436348;3;24;0;4;5;2;0;2;23;-5.9652574128707245;17;4;11;4;0;11;25;4;2;4;5;6;19;5;0;3;15;2;13;18
TRACK:1426;1413;-1;1;0;1;0;22;9.62026753889028;6;0;2;4;5;4;9;0;6;6;19;5;6;7;-8.134789463782255;6;1;4;2;7;0.24703034964372425;9;2;1;18;14;0;13;16;4;6;1;20;2.136056889158107;15;0;6;5;2;4;6;6;6;12;4;2;5;2;18;18;2;3;20;-1.3864542080810387;6;21;8.53336917348745;5;3;0;5;3;4;0;16;17;0;0;2;2;12;20;-7.055317166837772;2;13;22;7.218619091072685;4;1;23;1.9296031677424808;25;6;6;1;10;25;5;4;6;2;2;5;5;5;5;24;3;6;1;5;7;0.7285301838999664;4;8;5;3;2;6;2;19;23;-4.669393582482083;6;6;19
TRACK:1427;1415;-1;4;0;1;3;5;3;3;5;5;4;19;2;3;1;2;1;5;1;14;12;4;1;15;18;0;5;2;11;7;3.4325802076804806;1;1;21;0.23451281708590677;24;6;14;6;6;6;5;13;6;4;6;0;3;3;9;0;2;19;17;3;15;6;4;2;0;0;6;6;1;21;-1.1016237328046543;22;-5.782209434062648;0;1;6;16;4;14;1;0;9;7;3.253759466405738;5;25;5;4;5;3;12;3;0;24;18
TRACK:1428;1417;-1;4;6;3;1;5;6;6;6;1;2;15;15;5;25;1;1;4;6;5;4;16;2;6;0;2;17;18;5;19;3;1;1;13;15;6;25;6;6;5;4;2;13;25
TRACK:1429;1419;-1;5;0;5;6;0;5;5;4;6;2;23;-9.49091649935296;23;6.320893858407077;6;2;6;0;0;22;-5.673768194042565;15;2;13;8;0;1;4;14;5;9;2;2;22;-2.8469582730096343;20;6.066406607202563;3;13;3;5;4;4;6;15
EVAL_INSTANCE:71:0:1420
EVAL_INSTANCE:71:1:1421
EVAL_INSTANCE:71:2:1422
EVAL_INSTANCE:71:3:1423
EVAL_INSTANCE:71:4:1424
EVAL_INSTANCE:71:5:1425
EVAL_INSTANCE:71:6:1426
EVAL_INSTANCE:71:7:1427
EVAL_INSTANCE:71:8:1428
EVAL_INSTANCE:71:9:1429
RUN_RESULT:71:0:0:2000:----
RUN_RESULT:71:1:0:2000:----
RUN_RESULT:71:2:0:2000:----
RUN_RESULT:71:3:0:2000:----
RUN_RESULT:71:4:0:2000:----
RUN_RESULT:71:5:0:2000:----
RUN_RESULT:71:6:0:2000:----
RUN_RESULT:71:7:0:2000:----
RUN_RESULT:71:8:0:2000:----
RUN_RESULT:71:9:0:2000:----
    72 |      720 |  0.000000E+00 | -0.000000E+00
TRACK:1430;1;3;1;0;1;0;6;1;6;6;0;0;11;13;0;24;25;2;0;0;1;11;18;5;13;0;5;19;1;16;16;1;0;2;23;-2.2571701295058633;11;5;14;6;1;16;13;6;0;2;4;5;4;9;0;6;6;19;5;6;7;-8.027529548669474;6;1;4;2;7;0.07010987965106708;9;2;1;18;14;0;13;16;4;4;5;2;3;1;5;21;8.72293539427383;4;10;5;6;0;10;20;9.760890453417513;0;6;5;2;4;6;6;6;12;4;2;5;2;18;18;2;3;20;-1.309421897974218;6;21;8.619756525285762;5;3;0;5;0;7;2.951350615301049;22;3.1091386531019545;0;0;2;2;12;20;-7.142345868378386;2;13;22;7.201771128708472;4;1;23;1.9260129348463444;25;6;6;1;10;25;5;4;6;2;2;5;5;5;5;24;3;6;1;5;7;0.5327554097370673;4;8;5;3;2;6;2;19;23;-4.7855461444313185;6;6;19
TRACK:1431;1;3;5;0;5;6;0;5;5;4;6;2;23;-9.425875259368343;23;6.351964638882649;6;2;6;0;0;22;-5.7053140582007185;15;2;13;8;0;1;4;14;5;9;2;2;22;-2.8628063595721738;8;3;13;3;0;4;1;3;3;5;6;22;6.502010675018717;2;1;5;0;7;2.951350615301049;22;3.1091386531019545;5;1;8;18;2;2;1;9;10;1;12;21;0.4828827554892712;2;5;7;-5.060335771358783;3;24;0;4;5;2;0;2;23;-5.9151488629807725;17;4;11;4;0;11;25;4;2;4;5;4;9;5;0;3;15;2;13;18
TRACK:1432;9;7;4;1;2;6;3;3;3;1;6;6;24;5;1;13;13;2;2;5;5;1;0;5;9;4;11;4;6;16;2;4;1;3;3;13;3;5;15;2;6;3;5;14;6;0;6;15;4;9;0;2;4;5;4;6;22;2.665848916495923;4;4;4;2;18;16;1;6;1;6;3;10;2;5;19;6;8;4;6;2;0;13;11;3;20;-4.756331604557056;4;4;2;2;5;1;3;5;14;0;6;21;7.707510668684343;6;14;2;0;4;6;21;6.112383433580128;4;5;24;6;0;3;25;1;15;16;2;0;5;1;0;16;9;6;10;2;4;5;15;4;6;24;6;0;5;6;15;6;1;10;13
TRACK:1433;9;7;0;4;4;0;1;4;4;5;5;5;8;5;1;4;1;0;15;23;9.010026579099339;4;21;7.603077435577408;16;0;1;6;5;3;1;7;1.1694286702868357;22;4.9607544345329515;5;3;5;4;22;9.67370061750217;0;4;1;6;4;8;6;1;24;12;1;1;6;1;9;8;1;6;21;-8.244041740037652;3;7;-8.343934600877203;6;5;3;25;6;3;5;1;6;2;1;1;4;25;1;19;10;6;3;9;1;2;0;16;20;-8.356452856661015;4;19;2;2;16;15;1;17;20;-4.716407496205484;3;0;0;0;4;25;4;16;4;1;23;3.4058139379531127;12;3;0;2;23;7.997450742602297;20;4.678946297741202;1;21;8.169859715769505;11
TRACK:1434;5;3;1;5;3;1;0;4;5;1;2;3;9;5;23;7.309737645474968;1;6;7;0.3218028824642367;3;11;4;6;6;1;6;16;2;7;-5.854091696762859;22;3.66350285320285;1;0;3;4;6;2;25;10;1;4;6;4;15;5;0;6;22;-9.58565805499974;4;8;0;6;0;6;1;19;23;-3.587308483082352;0;5;25;1;11;12;4;5;6;3;22;-9.350739913168448;0;6;5;5;6;4;0;3;4;11;4;6;23;3.393492578825029;4;2;0;0;0;2;0;2;14;18;3;18;5;3;7;-7.279508601903622;0;4;6;22;6.945105059765922;3;4;9;4;5;3;0;20;-2.748115565306861;20;4.594253372334986;6;5;4;5;1;16;19;2;4;2;6;1;6;14;3;21;9.356815312735755;2;4;0;25;21;7.75724703552433;1;1;17;10;3;17;5;0;4;0;5;24;0;25;9;0;3;5;24;0;2;17;10;0;16;11
TRACK:1435;5;3;5;0;5;6;0;5;5;4;6;2;23;-9.425875259368343;23;6.351964638882649;6;2;6;0;0;22;-5.7053140582007185;15;2;13;8;0;1;4;14;5;9;2;2;22;-2.8628063595721738;8;3;13;3;0;4;1;3;3;5;6;22;6.502010675018717;2;1;5;0;7;2.951350615301049;22;3.1091386531019545;5;1;8;18;2;2;1;9;10;1;12;21;0.4828827554892712;2;5;7;-5.060335771358783;3;24;0;4;5;2;4;14;4;0;11;25;4;2;4;5;6;19;5;0;3;15;2;13;18
TRACK:1436;4;0;3;5;2;3;6;2;5;4;4;6;15;1;3;2;2;15;15;6;22;-0.03499774720603632;3;5;4;11;4;4;3;4;3;0;3;24;5;25
TRACK:1437;4;0;4;6;3;1;5;6;6;6;1;2;15;15;6;17;1;1;4;6;5;4;16;2;6;0;2;17;18;5;19;3;1;1;13;15;6;25;6;6;4;5;4;11
TRACK:1438;2;7;4;1;4;3;0;2;2;1;1;2;19;20;-4.142185303395147;0;8;23;-1.4602899930131628;1;3;19;6;16;1;5;0;18;10;5;1;18;21;-9.826680263377368;2;3;6;0;13;17;4;4;1;25;9;5;6;1;4;6;22;-2.0582719638834;2;1;22;2.6848393667379593;17;4;8;6;2;6;3;0;1;2;1;19;12;3;16;1;3;9;1;7;-7.3461643690864475;14;3;3;3;25;5;6;3;6;5;4;25
TRACK:1439;2;7;0;4;4;0;1;4;4;5;5;5;8;5;1;4;1;0;15;23;9.010026579099339;4;21;7.603077435577408;2;3;1;21;0.8741299139996013;20;-9.727771496719013;1;5;25;4;8;0;1;6;5;3;1;7;1.1694286702868357;22;4.9607544345329515;5;3;5;4;22;9.67370061750217;0;4;1;6;4;8;6;1;24;12;1;1;6;1;9;8;1;6;21;-8.244041740037652;3;7;-8.343934600877203;6;5;3;25;6;3;5;1;6;2;1;1;4;25;1;19;10;6;3;9;1;2;0;16;20;-8.356452856661015;4;19;2;2;16;15;1;17;20;-4.716407496205484;3;0;0;0;4;25;4;16;4;1;19;12;3;0;2;23;7.997450742602297;20;4.678946297741202;1;21;8.169859715769505;11
TRACK:1440;1430;-1;1;0;1;0;6;1;6;6;0;0;11;13;0;24;25;2;0;0;1;11;18;5;13;0;5;19;1;16;16;1;0;2;23;-2.202472000364436;11;5;14;6;1;16;13;6;0;2;4;5;2;16;10;0;6;6;19;5;6;7;-7.894252328655447;6;1;4;2;7;0.17206343898251014;9;2;1;18;14;0;13;16;4;4;5;2;3;1;5;21;8.621498953937124;4;10;5;6;0;10;20;9.735426467138003;0;6;5;2;4;6;6;6;12;4;2;5;2;18;18;2;3;20;-1.3844668130940874;6;21;8.702268281913891;5;3;0;5;0;7;2.936945999664301;22;3.131104751891649;0;0;2;2;12;20;-7.112507491183339;2;13;22;7.262431235866738;4;1;23;2.031113393319892;25;6;6;1;10;25;5;4;6;2;2;5;5;5;5;24;3;6;1;5;7;0.5107099203792345;4;8;5;3;2;6;2;19;23;-4.780544643448132;6;6;19
TRACK:1441;1432;-1;4;1;2;6;3;3;3;1;6;6;24;5;1;13;13;2;2;5;5;1;0;5;9;4;23;7.934100664520429;4;6;16;2;4;1;3;3;13;3;5;15;2;6;3;5;14;6;0;6;15;4;9;0;2;4;5;4;6;22;2.6594769401832425;4;4;4;2;18;16;1;6;1;6;3;10;2;5;19;6;8;4;6;2;0;13;11;3;20;-4.669538733899549;4;4;2;2;5;1;3;5;14;0;6;21;7.649726768080158;6;14;2;0;4;6;21;6.001864101203268;4;5;24;6;0;3;25;1;15;16;2;0;5;1;0;16;9;6;10;2;4;5;15;4;6;24;6;0;5;6;15;6;1;10;13
TRACK:1442;1434;-1;1;5;3;1;0;4;5;1;2;3;9;5;23;7.375735154670025;1;6;7;0.26173929148844277;3;11;4;6;6;1;6;16;2;7;-5.926674921417384;22;3.6531781566937966;1;0;3;4;6;2;25;10;1;4;6;4;15;5;0;6;21;-1.089704837821433;4;8;0;6;0;6;1;19;23;-3.596817334626448;0;5;25;1;11;12;4;5;6;3;22;-9.286703804910582;0;6;5;5;6;4;0;3;4;11;4;6;23;3.458938657484763;4;2;0;0;0;2;0;2;14;18;3;18;5;3;7;-7.352304307339086;0;4;6;22;6.791473055276411;3;4;9;4;5;3;0;20;-2.958689812008307;20;4.3612953519840865;6;5;4;5;1;16;19;2;4;2;6;1;6;14;3;21;9.29448905016176;2;4;0;25;21;7.750328611823314;1;1;17;10;3;17;5;0;4;0;5;24;0;25;9;0;3;5;24;0;2;17;10;0;16;11
TRACK:1443;1436;-1;3;5;2;3;6;2;5;4;4;6;15;1;3;2;2;15;15;6;22;-0.012558632278469914;3;1;20;-1.4118162168315695;7;-6.453460404746991;4;4;3;4;3;0;3;24;5;25
TRACK:1444;1438;-1;4;1;4;3;0;2;2;1;1;2;19;20;-4.157574994978778;0;8;17;1;3;19;6;16;1;5;0;18;10;5;1;18;21;-9.832199345839506;2;3;6;0;13;17;4;4;1;25;9;5;6;1;4;6;22;-2.0203881695335184;2;1;22;2.825846437790606;17;4;8;6;2;6;3;0;1;2;1;19;12;3;16;1;3;9;1;7;-7.223438268868139;14;3;3;3;25;5;6;3;6;5;4;25
TRACK:1445;1431;-1;5;0;5;6;0;5;5;4;6;2;18;23;6.370022840820307;6;2;6;0;0;22;-5.588571451851089;15;2;13;8;0;1;4;14;5;9;2;2;22;-2.8699008967993125;8;3;13;3;0;4;1;3;3;5;6;22;6.3690312449576325;2;1;5;0;7;3.1224090483860887;22;3.0052974423942027;5;1;8;18;2;2;1;9;10;1;12;21;0.7469888788653516;2;5;7;-5.144817812557786;3;24;0;4;5;2;0;2;23;-5.93832372802609;17;4;11;4;0;11;25;4;2;4;5;4;9;5;0;3;15;2;13;18
TRACK:1446;1433;-1;0;4;4;0;1;4;4;5;5;5;8;5;1;4;1;0;15;23;8.888527026235254;4;21;7.645241086811831;16;0;1;6;5;3;1;7;1.047355171251058;22;4.972565755628276;5;3;5;4;22;9.725210293522068;0;4;1;6;4;8;6;1;13;12;1;1;6;1;9;8;1;6;21;-8.035460622967843;3;7;-8.200637285394546;6;5;3;25;6;3;5;1;6;2;1;1;4;25;1;19;10;6;3;9;1;2;0;16;20;-8.46296354172905;4;19;2;2;16;15;1;17;20;-4.976436497511354;3;0;0;0;4;25;4;16;4;1;23;3.397390985166112;12;3;0;2;23;8.095543520980689;20;4.798098813966274;1;21;8.12053565531805;11
TRACK:1447;1435;-1;5;0;5;6;0;5;5;4;6;2;23;-9.278476508503136;23;6.454882719295305;6;2;6;0;0;22;-5.732716582130656;15;2;13;8;0;1;2;19;20;2.944785655314048;5;9;2;2;22;-2.7324606122282504;8;3;13;3;0;4;1;3;3;5;6;22;6.440121997267009;2;1;5;0;7;2.9373464293534366;22;3.126259853378082;5;1;8;18;2;2;1;9;10;1;12;21;0.4260917241264695;2;5;7;-5.19221773065982;3;24;0;4;5;2;4;14;4;0;11;25;4;2;4;5;6;19;5;0;3;15;2;13;18
TRACK:1448;1437;-1;4;6;3;1;5;6;6;6;1;2;15;15;6;17;1;1;4;5;4;4;15;2;6;0;2;17;18;5;19;3;1;1;13;15;6;25;6;6;4;5;4;11
TRACK:1449;1439;-1;0;4;4;0;1;4;4;5;5;5;8;5;1;4;1;0;15;23;9.020987486545954;4;21;7.757519551263228;2;3;1;21;0.9142997868048789;20;-9.704075140810401;1;5;25;3;22;-5.124147200149558;0;1;6;5;3;1;7;1.303340813685704;22;5.100334902738052;5;3;5;4;22;9.745536270775832;0;4;1;6;4;8;6;1;24;12;1;1;6;1;9;8;1;6;21;-8.487951353795134;3;7;-8.521762202005203;6;5;3;25;6;3;5;1;6;2;1;1;4;25;1;19;10;6;3;9;1;2;0;16;20;-8.452697721454454;4;19;2;2;16;15;1;17;20;-4.698987932883915;3;0;0;0;4;25;4;16;4;1;19;12;3;0;2;23;7.939461852535034;20;4.805737899540399;1;21;8.144162508635317;11
EVAL_INSTANCE:72:0:1440
EVAL_INSTANCE:72:1:1441
EVAL_INSTANCE:72:2:1442
EVAL_INSTANCE:72:3:1443
EVAL_INSTANCE:72:4:1444
EVAL_INSTANCE:72:5:1445
EVAL_INSTANCE:72:6:1446
EVAL_INSTANCE:72:7:1447
EVAL_INSTANCE:72:8:1448
EVAL_INSTANCE:72:9:1449
RUN_RESULT:72:0:0:2000:----
RUN_RESULT:72:1:0:2000:----
RUN_RESULT:72:2:0:2000:----
RUN_RESULT:72:3:0:2000:----
RUN_RESULT:72:4:0:2000:----
RUN_RESULT:72:5:0:2000:----
RUN_RESULT:72:6:0:2000:----
RUN_RESULT:72:7:0:2000:----
RUN_RESULT:72:8:0:2000:----
RUN_RESULT:72:9:0:2000:----
    73 |      730 |  0.000000E+00 | -0.000000E+00
TRACK:1450;7;0;0;4;4;0;1;4;4;5;5;5;8;5;1;4;1;0;15;23;9.010026579099339;4;21;7.603077435577408;2;3;1;21;0.8741299139996013;20;-9.727771496719013;1;5;25;4;8;0;1;6;5;3;1;7;1.1694286702868357;22;4.9607544345329515;5;3;5;4;22;9.67370061750217;0;4;1;6;4;8;6;1;24;12;1;1;6;1;9;8;1;6;21;-8.244041740037652;3;7;-8.343934600877203;6;5;3;25;6;3;5;1;6;2;1;1;4;25;1;19;10;6;3;9;1;4;16;2;2;16;15;1;17;20;-4.716407496205484;3;0;0;0;4;25;4;16;4;1;23;3.4058139379531127;12;3;0;2;23;7.997450742602297;20;4.678946297741202;1;21;8.169859715769505;11
TRACK:1451;7;0;4;6;3;1;5;6;6;6;1;2;15;15;6;17;1;1;4;6;5;4;16;2;25;3;1;1;13;15;6;25;6;6;4;5;3;19
TRACK:1452;4;9;3;5;2;3;6;2;5;4;4;6;15;1;3;2;3;19;6;22;-0.03499774720603632;3;6;15;4;4;3;4;3;0;3;24;5;25
TRACK:1453;4;9;4;1;2;6;3;3;3;1;6;6;24;5;1;13;13;2;2;5;5;1;0;5;9;4;11;4;6;16;2;4;1;3;3;13;3;5;15;2;6;3;5;14;6;0;6;15;4;9;0;2;4;5;4;6;22;2.665848916495923;4;4;4;2;18;16;1;6;1;6;3;10;2;5;19;6;8;4;6;2;0;13;11;3;20;-4.756331604557056;4;4;2;11;2;0;5;1;0;16;9;6;10;2;4;5;15;4;6;24;6;0;5;6;15;6;1;10;13
TRACK:1454;5;8;1;5;3;1;0;4;5;1;2;3;9;5;23;7.309737645474968;1;6;7;0.3218028824642367;3;11;4;6;6;1;6;22;-2.585017750253062;2;7;-5.854091696762859;22;3.66350285320285;1;0;3;4;6;2;25;10;1;4;6;4;15;5;0;6;22;-9.58565805499974;4;8;0;6;0;6;1;19;23;-3.587308483082352;0;5;25;1;11;12;4;5;6;3;22;-9.350739913168448;0;6;5;5;6;4;0;3;4;11;4;6;23;3.393492578825029;4;2;0;0;0;2;0;2;14;18;3;18;5;3;7;-7.279508601903622;0;4;6;22;6.945105059765922;3;4;14;4;5;3;0;20;-2.748115565306861;20;4.594253372334986;6;5;4;5;1;16;19;2;4;2;6;1;6;14;3;21;9.356815312735755;2;4;0;25;21;7.75724703552433;1;1;17;10;3;17;5;0;4;0;5;24;0;25;9;0;3;5;24;0;2;17;10;0;16;11
TRACK:1455;5;8;6;4;2;0;4;3;6;1;6;6;11;1;1;17;8;0;23;-6.448084404665872;22;-2.585017750253062;6;4;0;1;3;4;7;-1.796785627472408;2;4;25;1;24;15;3;3;0;24;18;5;3;2;6;6;4;4;10;1;2;4;3;14;2;5;8;3;20;9.74776600337508;1;1;5;12;3;25;5;2;12;15
TRACK:1456;5;6;1;5;3;1;0;4;5;1;2;3;9;5;23;7.309737645474968;1;6;7;0.3218028824642367;3;11;4;6;6;1;6;16;2;7;-5.854091696762859;22;3.66350285320285;1;0;3;4;6;2;25;10;1;4;6;4;15;5;0;6;22;-9.58565805499974;4;8;0;6;0;6;1;19;23;-3.587308483082352;0;5;25;1;11;12;4;5;6;3;22;-9.350739913168448;0;6;5;5;6;4;0;3;4;11;4;6;23;3.393492578825029;4;2;0;0;0;2;0;2;14;18;3;18;5;3;7;-7.279508601903622;0;4;6;22;6.945105059765922;3;4;14;4;5;3;0;20;-2.748115565306861;20;4.594253372334986;6;5;4;5;1;16;19;2;4;2;6;1;6;14;3;21;9.356815312735755;2;4;0;25;21;7.75724703552433;1;1;17;10;3;17;5;0;4;0;5;24;0;25;9;0;3;5;24;0;2;17;10;0;16;11
TRACK:1457;5;6;4;0;1;3;5;3;3;5;5;4;19;2;3;1;2;1;5;1;14;12;4;1;15;18;0;5;2;11;7;3.3949546236874166;1;1;21;0.15781845565135022;24;6;14;4;8;6;4;6;0;3;3;9;0;2;19;17;3;15;6;4;2;0;0;6;6;1;21;-0.8411316608662993;22;-5.721673982302146;0;1;6;16;4;14;1;0;9;7;3.452318748288228;5;25;5;4;5;3;12;3;2;2;6;1;25;25;3;6;7;5.598869455374256;6;6;1;17;22;-0.8355763743440541
TRACK:1458;4;7;3;5;2;3;6;2;5;4;4;6;15;1;3;2;4;22;9.67370061750217;6;22;-0.03499774720603632;3;5;4;11;4;4;3;4;3;0;3;24;5;25
TRACK:1459;4;7;0;4;4;0;1;4;4;5;5;5;8;5;1;4;1;0;15;23;9.010026579099339;4;21;7.603077435577408;2;3;1;21;0.8741299139996013;20;-9.727771496719013;1;5;25;4;8;0;1;6;5;3;1;7;1.1694286702868357;22;4.9607544345329515;5;3;5;4;22;9.67370061750217;0;4;1;6;4;8;6;1;24;12;1;1;6;1;9;8;1;6;21;-8.244041740037652;3;7;-8.343934600877203;6;5;3;25;6;3;5;1;6;2;1;1;4;25;1;19;10;6;3;9;1;2;0;16;20;-8.356452856661015;4;19;2;2;16;15;1;17;20;-4.716407496205484;3;0;0;0;4;25;4;16;4;1;23;3.4058139379531127;12;3;0;2;23;7.997450742602297;20;4.678946297741202;1;24;11
TRACK:1460;1450;-1;0;4;4;0;1;4;4;5;5;5;8;5;1;4;1;0;15;23;8.910535365985696;4;9;2;3;1;21;0.797147523776165;20;-9.788775701274073;1;5;25;4;8;0;1;6;5;3;1;7;1.1539161773042759;22;4.923325565212663;5;3;5;4;22;9.756060628251072;0;4;1;6;4;8;6;1;24;12;1;1;6;1;9;8;1;6;21;-8.262166174484273;3;7;-8.369818577660505;6;5;3;25;6;3;5;1;6;2;1;1;4;25;1;19;10;6;3;9;1;4;16;2;2;16;15;1;17;20;-4.704122241781938;3;0;0;0;4;25;4;16;4;1;23;3.208855977408169;12;3;0;2;23;8.139294570635617;20;4.7010720615144415;1;21;8.112542546385749;11
TRACK:1461;1452;-1;3;5;2;6;0;3;24;0;8;24;4;4;3;4;3;0;3;24;5;25
TRACK:1462;1454;-1;1;5;3;1;0;4;5;1;2;3;9;5;23;7.367996766275974;1;6;7;0.333347035962436;3;11;4;6;6;1;6;22;-2.5670114863448803;2;7;-5.7997936362508495;22;3.6524530243776776;1;0;3;4;6;2;25;10;1;4;6;4;15;5;0;6;22;-9.465296680189953;4;8;0;6;0;6;1;19;23;-3.5973406003959227;0;5;25;1;11;12;4;5;6;3;22;-9.524302996545423;0;6;5;0;4;4;1;3;16;3;23;7.960963272002928;3;4;5;3;25;4;2;0;0;0;2;0;2;14;18;3;18;5;3;7;-7.2014555920244;0;4;6;22;6.799775143326731;3;4;14;4;5;3;0;20;-2.834020988696858;20;4.60004908465369;6;5;4;5;1;16;19;2;4;2;6;1;6;14;3;21;9.608392994668279;2;4;0;25;21;7.780108509453515;1;1;17;10;3;17;5;0;4;0;5;24;0;25;9;0;3;5;24;0;2;17;10;0;16;11
TRACK:1463;1456;-1;1;5;3;1;0;4;5;1;2;3;9;5;23;7.413992498860097;1;6;7;0.29946444637350284;3;11;4;6;6;1;6;16;2;7;-5.820818439067442;22;3.778801952243921;1;0;3;1;3;9;4;14;1;4;6;4;15;5;0;6;22;-9.579666349810813;4;8;0;6;0;6;1;19;23;-3.599032193513679;0;5;25;1;11;12;4;5;6;3;22;-9.337541094782951;0;6;5;5;6;4;0;3;4;11;4;6;23;3.6014511408604255;4;2;0;0;0;2;0;2;14;18;3;18;5;3;7;-7.234626452467707;0;4;6;22;6.991504286758877;3;4;14;4;5;3;0;20;-2.7562461658845074;20;4.7205374785674215;6;5;4;5;1;16;19;2;4;2;6;1;6;14;3;21;9.294766035329818;2;4;0;25;21;7.837174240756744;1;1;17;10;3;17;5;0;4;0;5;24;0;25;9;0;3;5;24;0;2;17;10;0;16;11
TRACK:1464;1458;-1;3;5;2;3;6;2;5;4;4;6;15;6;3;7;-6.107714288849431;4;4;3;4;3;0;3;24;5;25
TRACK:1465;1451;-1;4;6;3;1;5;6;6;6;1;2;25;15;6;17;1;1;4;6;5;4;16;2;25;3;1;1;13;15;6;25;6;6;4;5;3;19
TRACK:1466;1453;-1;4;1;2;6;3;3;3;1;6;6;24;5;1;13;13;2;2;5;5;1;0;5;9;4;11;4;6;16;2;4;1;3;3;13;3;5;15;2;6;3;5;14;6;0;0;10;9;4;9;0;2;4;5;4;6;22;2.6087637798892502;4;4;4;2;18;16;1;6;1;6;3;10;2;5;19;6;8;4;6;2;0;13;11;3;20;-4.801727283333592;4;4;2;11;2;0;5;1;0;16;9;6;10;2;4;5;15;4;6;24;6;0;5;6;15;6;1;10;13
TRACK:1467;1455;-1;6;4;2;0;4;3;6;1;6;6;11;1;1;17;8;0;23;-6.3665493252134375;22;-2.6094354015734393;6;4;0;1;3;4;7;-1.7754476270444386;2;4;25;1;24;15;3;0;1;16;10;4;12;5;3;2;6;6;4;4;10;1;2;4;3;14;2;5;8;3;20;9.765854455344671;1;1;5;12;3;25;5;2;12;15
TRACK:1468;1457;-1;4;0;1;3;5;3;3;5;5;4;19;2;3;1;2;1;5;1;14;12;4;1;15;18;0;5;2;11;7;3.484536641294992;1;1;21;0.16314710486944375;24;6;14;4;8;6;4;6;0;3;3;9;0;2;19;17;3;15;6;0;2;22;1.9033302396968406;9;4;23;-3.6367157883633494
TRACK:1469;1459;-1;0;4;4;0;1;4;4;5;5;5;8;5;1;4;1;0;15;23;9.052978145821832;4;21;7.576815620415931;2;3;1;21;1.1004195135294312;20;-9.631641964954744;1;5;25;4;8;0;1;6;5;3;1;7;1.0278405296706474;22;4.952631452091846;5;3;5;4;22;9.714382411408405;0;4;1;6;4;8;6;1;24;12;1;1;6;1;9;8;1;6;21;-8.2814776695856;3;7;-8.255937791242063;6;5;3;25;6;3;5;1;6;2;1;1;4;25;1;19;10;6;3;9;1;2;0;16;20;-8.26486214695082;4;19;2;2;16;9;1;17;20;-4.9247002073162545;3;0;0;0;4;25;4;16;4;1;23;3.324305951648384;12;3;0;2;23;8.232591909965262;20;4.6365574306072945;1;24;11
EVAL_INSTANCE:73:0:1460
EVAL_INSTANCE:73:1:1461
EVAL_INSTANCE:73:2:1462
EVAL_INSTANCE:73:3:1463
EVAL_INSTANCE:73:4:1464
EVAL_INSTANCE:73:5:1465
EVAL_INSTANCE:73:6:1466
EVAL_INSTANCE:73:7:1467
EVAL_INSTANCE:73:8:1468
EVAL_INSTANCE:73:9:1469
RUN_RESULT:73:0:0:2000:----
RUN_RESULT:73:1:0:2000:----
RUN_RESULT:73:2:0:2000:----
RUN_RESULT:73:3:0:2000:----
RUN_RESULT:73:4:0:2000:----
RUN_RESULT:73:5:0:2000:----
RUN_RESULT:73:6:0:2000:----
RUN_RESULT:73:7:0:2000:----
RUN_RESULT:73:8:0:2000:----
RUN_RESULT:73:9:0:2000:----
    74 |      740 |  0.000000E+00 | -0.000000E+00
TRACK:1470;7;0;0;4;4;0;1;4;4;5;5;5;8;5;1;4;1;0;15;23;9.010026579099339;4;21;7.603077435577408;2;3;1;21;0.8741299139996013;20;-9.727771496719013;1;5;25;4;8;0;1;6;5;3;1;7;1.1694286702868357;22;4.9607544345329515;5;3;5;4;22;9.67370061750217;0;4;1;6;4;8;6;1;24;12;1;1;6;1;9;8;1;6;21;-8.244041740037652;3;7;-8.343934600877203;6;5;3;25;6;3;5;1;6;2;1;1;4;25;1;19;10;6;3;9;1;2;0;16;20;-8.356452856661015;4;19;2;2;16;15;1;17;20;-4.716407496205484;3;0;0;0;4;13;4;16;4;1;23;3.4058139379531127;12;3;0;2;23;7.997450742602297;20;4.678946297741202;1;21;8.169859715769505;11
TRACK:1471;7;0;4;3;1;7;1.1694286702868357;22;4.9607544345329515
TRACK:1472;4;1;3;5;2;3;6;2;5;4;4;6;15;1;3;2;3;19;6;22;-0.03499774720603632;3;5;4;11;4;4;3;4;3;0;2;13;22;7.201771128708472;5;25
TRACK:1473;4;1;1;0;1;0;6;1;6;6;0;0;11;13;0;24;25;2;0;0;1;11;18;5;13;0;5;19;1;16;16;1;0;2;23;-2.2571701295058633;11;5;14;6;1;16;13;6;0;2;4;5;4;9;0;6;6;19;5;6;7;-8.027529548669474;6;6;22;-0.03499774720603632;4;4;5;2;3;1;5;21;8.72293539427383;4;10;5;6;0;10;20;9.760890453417513;0;6;5;2;4;6;6;6;12;4;2;5;2;18;18;2;3;20;-1.309421897974218;6;21;8.619756525285762;5;3;0;5;3;4;0;16;17;0;0;2;2;12;20;-7.142345868378386;2;13;22;7.201771128708472;4;1;23;1.9260129348463444;25;6;6;1;10;25;5;4;6;2;2;5;5;5;5;24;3;6;1;5;7;0.5327554097370673;4;8;5;3;2;6;2;19;23;-4.7855461444313185;6;6;19
TRACK:1474;5;3;1;5;3;1;0;4;5;1;2;3;9;5;23;7.309737645474968;1;6;7;0.3218028824642367;3;11;4;6;6;1;6;16;2;7;-5.854091696762859;22;3.66350285320285;1;0;3;4;6;2;25;10;1;4;6;4;15;5;0;6;22;-9.58565805499974;4;8;0;6;0;6;1;19;23;-3.587308483082352;0;5;25;1;11;12;4;5;6;3;22;-9.350739913168448;0;6;5;5;6;4;0;3;4;11;4;6;23;3.393492578825029;4;2;0;0;1;8;18;4;5;3;0;20;-2.748115565306861;20;4.594253372334986;6;5;4;5;1;16;19;2;4;2;6;1;6;14;3;21;9.356815312735755;2;4;0;25;21;7.75724703552433;1;1;17;10;3;17;5;0;4;0;5;24;0;25;9;0;3;5;24;0;2;17;10;0;16;11
TRACK:1475;5;3;5;0;5;6;0;5;5;4;6;2;23;-9.425875259368343;23;6.351964638882649;6;2;6;0;0;22;-5.7053140582007185;15;2;13;8;0;1;4;14;5;9;2;2;22;-2.8628063595721738;8;3;13;3;0;4;1;3;3;5;6;22;6.502010675018717;2;1;5;0;25;22;3.1091386531019545;5;1;8;18;2;2;1;9;10;1;12;21;0.4828827554892712;2;5;7;-5.060335771358783;3;24;0;4;5;2;0;2;23;-5.9151488629807725;17;4;11;4;0;11;25;4;2;4;5;6;19;5;0;3;15;2;13;18
TRACK:1476;1;0;1;0;1;0;6;1;6;6;0;0;11;13;0;24;25;2;0;0;1;11;18;5;13;0;5;19;1;16;16;1;0;2;23;-2.2571701295058633;11;5;14;6;1;16;13;6;0;2;4;5;4;9;0;6;6;19;5;6;7;-8.027529548669474;6;1;4;2;7;0.07010987965106708;9;2;1;18;14;0;13;16;4;4;5;2;3;1;5;21;8.72293539427383;4;10;5;6;0;10;20;9.760890453417513;0;6;5;2;4;6;6;6;12;4;2;5;3;19;2;3;20;-1.309421897974218;6;21;8.619756525285762;5;3;0;5;3;4;0;16;17;0;0;2;2;12;20;-7.142345868378386;2;13;22;7.201771128708472;4;1;23;1.9260129348463444;25;6;6;1;10;25;5;4;6;2;2;5;5;5;5;24;3;6;1;5;7;0.5327554097370673;4;8;5;3;2;6;2;19;23;-4.7855461444313185;6;6;19
TRACK:1477;1;0;4;6;3;1;5;6;6;6;1;2;15;15;6;17;1;1;4;6;5;20;-1.309421897974218;2;6;0;2;17;18;5;19;3;1;1;13;15;6;25;6;6;4;5;3;19
TRACK:1478;4;8;3;5;2;3;6;2;5;4;4;6;15;1;3;2;3;19;3;14;3;5;4;11;4;4;3;4;3;0;3;24;5;25
TRACK:1479;4;8;6;4;2;0;4;3;6;1;6;6;11;4;11;6;4;0;1;3;4;7;-1.796785627472408;2;4;25;1;24;15;3;3;0;24;18;5;3;2;6;6;4;4;10;1;2;4;3;14;2;5;8;3;20;9.74776600337508;1;1;5;12;3;25;5;2;12;15
TRACK:1480;1470;-1;0;4;4;0;1;4;4;5;5;5;8;5;1;4;1;0;15;23;8.922515588409976;4;21;7.627012733474389;2;3;1;21;0.8786526446716616;20;-9.695791616483485;1;5;25;4;8;0;1;6;5;3;1;7;1.1324809868077677;22;5.0751281820392435;5;3;5;4;22;9.655080065116037;0;4;1;6;2;10;24;6;1;24;12;1;1;6;1;9;8;1;6;21;-8.160279426649218;3;7;-8.270278804656433;6;5;3;25;6;3;5;1;6;2;1;1;4;25;1;19;10;6;3;9;1;2;0;16;20;-8.347711633882852;4;19;2;2;16;15;1;17;20;-4.629362090602292;3;0;0;0;4;13;4;16;4;1;23;3.55026621020095;12;3;0;2;23;7.9103403447963165;20;4.719322265677112;1;21;8.094517663065167;11
TRACK:1481;1472;-1;3;5;2;3;6;2;5;4;4;6;15;1;3;2;3;19;6;22;-0.01965261072755468;3;5;4;11;4;4;3;4;3;0;6;12;5;25
TRACK:1482;1474;-1;1;5;3;1;0;4;5;1;0;17;10;1;6;7;0.257476518906197;3;11;4;6;6;1;6;16;2;7;-5.829990419435606;22;3.7664055962351513;1;0;3;4;6;2;25;10;1;4;6;4;15;5;0;6;22;-9.497323953990945;4;8;0;6;0;6;1;19;23;-3.5681906549112528;0;5;25;1;11;12;4;5;6;3;22;-9.279446310551753;0;6;5;5;6;4;0;3;4;11;4;6;23;3.358295483703581;4;2;0;0;1;8;18;4;5;3;0;20;-2.921339227568;20;4.615360528829715;6;5;4;5;1;16;19;2;4;2;6;1;6;14;3;21;9.5246288073762;2;4;0;25;21;7.7341421476455885;1;1;17;10;3;17;5;0;4;0;5;24;0;25;9;0;3;5;24;0;2;17;10;0;16;11
TRACK:1483;1476;-1;1;0;1;0;6;1;6;6;0;0;11;13;0;24;25;2;0;0;1;11;18;5;13;0;5;19;1;16;16;1;0;2;23;-2.1268110815025745;11;5;14;6;1;16;13;6;0;2;4;5;4;9;0;6;6;19;5;6;7;-8.07974834004408;6;1;4;2;7;0.1423788157874395;9;2;1;18;14;0;13;16;4;4;5;2;3;1;5;21;8.592270272793215;4;10;5;6;0;10;20;9.858715666532866;0;6;5;2;4;6;6;6;12;4;2;5;3;19;2;3;20;-1.197544751461076;6;21;8.542093313428953;5;3;0;5;3;4;0;16;17;0;0;2;2;12;20;-7.255503769601796;2;13;22;7.163161359635192;4;1;23;1.9541809830883035;25;6;6;1;10;25;5;4;6;2;2;5;5;5;5;24;3;6;1;5;7;0.5943741659166866;4;8;5;3;2;6;2;19;23;-4.863045254615706;6;6;19
TRACK:1484;1478;-1;3;5;2;3;6;2;5;4;4;6;15;1;3;2;3;19;3;14;3;5;4;11;4;4;3;4;3;0;3;24;5;25
TRACK:1485;1471;-1;4;3;1;2;5;6;0;5;19;3;25;5;2;1;2;10;20;-9.70923471118586;4;10;3;0;17;17;22;4.8271517749435535
TRACK:1486;1473;-1;1;0;1;0;6;1;6;6;0;0;11;13;6;20;-5.70489542372102;2;0;0;1;11;18;5;13;0;5;19;1;16;16;1;0;2;23;-2.300722439087852;11;5;14;6;1;16;13;6;0;2;4;5;4;9;0;6;6;19;5;6;7;-8.051838039213647;6;6;22;-0.02937147277566683;4;4;5;2;3;1;5;21;8.683445963339784;4;10;5;6;0;10;20;9.743267054099618;0;6;5;2;4;6;6;6;12;4;2;5;2;18;18;2;3;20;-1.2990108792875845;6;21;8.596774372457062;5;3;0;5;3;4;0;16;17;0;0;2;2;12;20;-7.025864841911991;2;13;22;7.055007082266031;4;1;23;1.8292648733698649;25;6;6;1;10;25;5;4;6;2;2;5;5;5;5;24;3;6;1;5;7;0.6345074914700416;4;8;5;3;2;6;2;19;23;-4.830257273782713;6;6;19
TRACK:1487;1475;-1;5;0;5;6;0;5;5;4;6;2;23;-9.344418972961225;23;6.499348862652336;6;2;6;0;0;22;-5.819250873351692;15;2;13;8;0;1;4;14;5;9;2;2;22;-2.9006170911961173;8;3;13;3;0;4;1;3;3;5;6;22;6.558967965427996;2;1;5;0;25;22;3.051074556397792;5;1;8;18;2;2;1;9;10;1;12;21;0.3184703623847408;2;5;7;-5.200382763652745;3;24;0;4;5;2;0;2;23;-5.849394515367601;17;4;11;4;0;11;25;4;2;4;5;1;20;-9.441657426729577;20;1.1537353421904761;5;0;3;15;2;13;18
TRACK:1488;1477;-1;4;6;3;1;5;6;6;6;1;2;15;15;6;17;1;1;4;6;5;20;-1.32561116532295;2;6;0;2;17;18;5;19;3;1;6;23;-1.4071459734892322;6;25;6;6;4;5;3;19
TRACK:1489;1479;-1;6;4;2;0;4;3;6;1;6;6;11;4;11;6;4;0;1;3;4;7;-1.969859710374764;2;4;25;1;24;15;3;3;0;24;18;5;3;2;6;6;4;4;10;1;2;4;3;14;2;5;8;1;19;9;1;1;5;12;3;25;5;2;12;15
EVAL_INSTANCE:74:0:1480
EVAL_INSTANCE:74:1:1481
EVAL_INSTANCE:74:2:1482
EVAL_INSTANCE:74:3:1483
EVAL_INSTANCE:74:4:1484
EVAL_INSTANCE:74:5:1485
EVAL_INSTANCE:74:6:1486
EVAL_INSTANCE:74:7:1487
EVAL_INSTANCE:74:8:1488
EVAL_INSTANCE:74:9:1489
RUN_RESULT:74:0:0:2000:----
RUN_RESULT:74:1:0:2000:----
RUN_RESULT:74:2:0:2000:----
RUN_RESULT:74:3:0:2000:----
RUN_RESULT:74:4:0:2000:----
RUN_RESULT:74:5:0:2000:----
RUN_RESULT:74:6:0:2000:----
RUN_RESULT:74:7:0:2000:----
RUN_RESULT:74:8:0:2000:----
RUN_RESULT:74:9:0:2000:----
    75 |      750 |  0.000000E+00 | -0.000000E+00
TRACK:1490;6;2;4;0;1;3;5;3;3;5;5;4;19;2;3;1;2;1;5;1;14;12;4;1;15;18;0;5;2;11;7;3.3949546236874166;1;1;21;0.15781845565135022;24;6;14;6;6;6;5;14;6;4;6;0;3;3;9;0;2;19;17;3;21;-9.826680263377368;6;4;2;0;0;6;6;1;21;-0.8411316608662993;22;-5.721673982302146;0;1;6;16;4;14;1;0;9;7;3.452318748288228;5;25;5;4;5;3;12;3;2;2;6;1;25;25;3;6;7;5.598869455374256;6;6;1;17;22;-0.8355763743440541
TRACK:1491;6;2;4;1;4;3;0;2;2;1;1;2;19;20;-4.142185303395147;0;8;23;-1.4602899930131628;1;3;19;6;16;1;5;0;18;10;5;1;18;21;-9.826680263377368;2;3;6;0;13;17;4;4;1;25;9;5;6;1;4;6;22;-2.0582719638834;2;1;22;2.6848393667379593;17;4;8;6;2;6;3;0;1;2;1;19;12;3;14;1;3;9;1;7;-7.3461643690864475;14;3;3;3;25;5;6;3;6;5;4;25
TRACK:1492;5;1;1;5;3;1;0;4;5;1;2;3;9;5;23;7.309737645474968;1;6;7;0.3218028824642367;3;11;4;6;6;1;6;16;2;7;-5.854091696762859;22;3.66350285320285;1;0;3;4;6;2;25;10;1;4;6;4;15;5;0;6;22;-9.58565805499974;4;8;0;6;0;6;1;19;23;-3.587308483082352;0;5;25;1;11;12;4;5;6;3;22;-9.350739913168448;0;6;5;5;6;4;0;3;4;11;4;6;23;3.393492578825029;4;2;0;0;0;2;0;2;14;18;3;18;5;3;7;-7.279508601903622;0;4;6;22;6.945105059765922;3;4;14;4;5;3;0;20;-2.748115565306861;20;4.594253372334986;6;5;4;5;1;18;19;2;4;2;6;1;6;14;3;21;9.356815312735755;2;4;0;25;21;7.75724703552433;1;1;17;10;3;17;5;0;4;0;5;24;0;25;9;0;3;5;24;0;2;17;10;0;16;11
TRACK:1493;5;1;1;0;1;0;6;1;6;6;0;0;11;13;0;24;25;2;0;0;1;11;18;5;13;0;5;19;1;16;16;1;0;2;23;-2.2571701295058633;11;5;14;6;1;16;13;6;0;2;4;5;4;9;0;6;6;19;5;6;7;-8.027529548669474;6;1;4;2;7;0.07010987965106708;9;2;1;18;14;0;13;16;4;4;5;2;3;1;5;21;8.72293539427383;4;10;5;6;0;10;20;9.760890453417513;0;6;5;2;4;6;6;6;12;4;2;5;2;18;18;2;3;20;-1.309421897974218;6;21;8.619756525285762;5;3;0;5;3;4;0;16;17;0;0;2;2;12;20;-7.142345868378386;2;13;22;7.201771128708472;4;1;23;1.9260129348463444;25;6;6;1;10;25;5;4;6;2;2;5;5;5;5;24;3;6;1;5;7;0.5327554097370673;4;8;5;3;2;6;2;19;23;-4.7855461444313185;6;7;-5.854091696762859
TRACK:1494;8;4;6;4;2;0;4;3;6;1;6;6;11;1;1;23;-6.194829372622004;8;0;23;-6.448084404665872;22;-2.585017750253062;6;4;0;22;-0.03499774720603632;3;3;0;24;18;5;3;2;6;6;4;4;10;1;2;4;3;14;2;5;8;3;20;9.74776600337508;1;1;5;12;3;25;5;2;12;15
TRACK:1495;8;4;3;5;2;3;2;5;8;3;20;9.74776600337508;4;4;3;4;3;0;3;24;5;25
TRACK:1496;3;8;5;0;5;6;0;5;5;4;6;2;23;-9.425875259368343;23;6.351964638882649;6;2;6;0;0;22;-5.7053140582007185;15;2;13;8;0;1;4;14;5;9;2;2;22;-2.8628063595721738;8;3;13;3;0;4;1;3;3;5;6;22;6.502010675018717;2;1;5;0;7;2.951350615301049;10;5;1;8;18;2;2;1;9;10;1;12;21;0.4828827554892712;2;5;7;-5.060335771358783;3;24;0;4;5;2;0;2;23;-5.9151488629807725;17;4;11;4;0;11;25;4;2;4;5;6;19;5;0;3;15;2;13;18
TRACK:1497;3;8;6;4;2;0;4;3;6;1;6;6;11;1;1;23;-6.194829372622004;8;0;23;-6.448084404665872;22;-2.585017750253062;6;2;1;5;0;7;2.951350615301049;22;3.1091386531019545;5;1;8;18;2;2;1;9;10;1;12;21;0.4828827554892712;2;5;7;-5.060335771358783;3;24;5;3;2;6;6;4;4;10;1;2;4;3;14;2;5;8;3;20;9.74776600337508;1;1;5;12;3;25;5;2;12;15
TRACK:1498;6;0;4;0;1;3;5;3;3;5;5;4;17;2;3;1;2;1;5;1;14;12;4;1;15;18;0;5;2;11;7;3.3949546236874166;1;1;21;0.15781845565135022;24;6;14;6;6;6;5;14;6;4;6;0;3;3;9;0;2;19;17;3;15;6;4;2;0;0;6;6;1;21;-0.8411316608662993;22;-5.721673982302146;0;1;6;16;4;14;1;0;9;7;3.452318748288228;5;25;5;4;5;3;12;3;2;2;6;1;25;25;3;6;7;5.598869455374256;6;6;1;17;22;-0.8355763743440541
TRACK:1499;6;0;4;6;3;1;5;6;6;6;1;2;15;15;6;17;1;1;2;1;5;1;14;12;4;1;15;18;0;5;2;11;7;3.3949546236874166;1;1;21;0.15781845565135022;24;6;14;2;6;0;2;17;18;5;19;3;1;1;13;15;6;25;6;6;4;5;3;19
TRACK:1500;1490;-1;4;0;1;3;5;3;3;5;5;4;19;2;2;3;4;22;0.8205301529245546;0;0;9;19;6;9;6;4;6;0;3;3;9;0;2;19;17;3;21;-9.834961944573076;6;4;2;0;0;6;6;1;21;-0.8357736823856542;22;-5.679138638236696;0;1;6;16;4;14;1;0;9;7;3.462204460922508;5;25;5;4;5;3;12;3;2;2;6;1;25;25;3;6;7;5.591006986973621;6;6;1;17;22;-1.0182110582423824
TRACK:1501;1492;-1;1;5;3;1;0;4;5;1;2;3;9;5;23;7.350956030231083;1;6;7;0.18730887362276152;3;11;4;6;6;1;6;16;2;7;-5.936453296639706;22;3.766957651819178;1;0;3;4;6;2;25;10;1;4;6;4;15;5;0;6;22;-9.550958689759543;4;8;0;6;0;6;1;19;23;-3.2612373249766233;0;5;25;5;25;4;5;6;3;22;-9.341013359586105;0;6;5;5;6;4;0;3;4;11;4;6;23;3.2732503679393448;4;2;0;0;0;2;0;2;14;18;3;18;5;3;7;-7.263616087485055;0;4;6;22;6.966854145485486;3;4;14;4;5;3;0;20;-2.744397806600919;20;4.628081475060542;6;5;4;5;1;18;19;2;4;2;6;1;6;14;3;21;9.365300294665397;2;4;0;25;21;7.625662873497622;1;1;17;10;3;17;5;0;4;0;5;24;0;25;9;0;3;5;24;0;2;17;10;0;16;11
TRACK:1502;1494;-1;6;4;2;0;4;3;6;1;6;6;11;4;23;5.730049690176468;6;4;0;22;-0.11893974626936402;3;3;0;24;18;5;3;2;6;6;4;4;10;1;2;4;3;14;2;5;8;3;20;9.663883233142778;1;1;5;12;3;25;5;2;12;15
TRACK:1503;1496;-1;5;0;0;8;17;3;0;4;1;3;3;5;6;22;6.475913454292222;2;1;5;0;7;2.8297121049646172;10;5;1;8;18;2;2;1;9;10;1;12;21;0.4317421388219284;2;5;7;-4.971457132808839;3;24;0;4;5;2;0;2;23;-5.89858495558644;17;4;11;4;0;11;25;4;2;4;5;6;19;5;0;3;15;2;13;18
TRACK:1504;1498;-1;4;0;1;3;5;3;3;5;5;4;17;2;3;1;2;1;5;1;14;12;4;1;15;18;0;5;2;11;7;3.3545295019439787;1;1;21;0.041710300947806644;24;6;14;6;6;6;5;14;6;4;6;0;3;3;9;0;2;19;17;3;16;6;4;2;0;0;6;6;1;21;-0.9277851866463369;22;-5.889163075097736;0;1;6;16;4;14;1;0;9;7;3.316932935556897;5;25;5;4;5;3;12;3;2;2;6;1;25;25;3;6;7;5.566004520075263;6;6;1;17;22;-0.8105518060282239
TRACK:1505;1491;-1;4;1;4;3;0;2;2;1;1;2;19;20;-4.115260880951458;0;8;23;-1.278354029784393;1;3;19;6;16;1;5;0;18;10;5;1;18;21;-9.763050477068328;2;3;6;0;13;17;4;4;1;25;9;5;6;1;0;6;13;3;20;2.6842345713732882;2;1;22;2.5937781921018357;17;4;8;6;2;6;3;0;1;2;1;19;12;3;14;1;3;9;1;7;-7.379063609402065;14;3;3;3;25;5;6;3;6;5;4;25
TRACK:1506;1493;-1;1;0;1;0;6;1;6;6;0;0;11;13;0;24;25;2;0;0;1;11;18;5;23;0.09798884789476148;0;5;19;1;16;16;1;0;2;23;-2.2556290327516755;11;5;14;6;1;16;13;6;0;2;4;5;4;9;0;6;6;19;5;6;7;-7.993964219613965;6;1;4;2;7;0.023027725536081428;9;2;1;18;14;0;13;16;4;4;5;2;3;1;5;21;8.607938205335575;4;10;5;6;0;10;20;9.724604249753076;0;6;5;2;4;6;6;6;12;4;2;5;2;18;18;2;3;20;-1.4010347982463704;6;21;8.446451144306712;5;3;0;5;3;4;0;16;17;0;0;2;2;12;20;-7.18079132512667;2;13;22;7.221822205351499;4;1;23;1.7395605947009551;25;6;6;1;10;25;5;4;6;2;2;5;5;5;5;24;3;6;1;5;7;0.4967792215323061;4;8;5;3;2;6;2;19;23;-4.750024587715257;6;7;-5.802026437371689
TRACK:1507;1495;-1;3;5;2;3;2;5;8;3;20;9.563237622654373;4;4;3;4;3;0;3;24;5;23;-4.021104845027463
TRACK:1508;1497;-1;6;4;2;0;4;3;6;1;6;6;11;1;1;23;-6.156584586744379;8;0;23;-6.449612086022779;22;-2.48862420841727;6;2;1;5;0;7;2.9646024833789246;22;3.1337636297675333;5;1;8;18;2;2;1;9;10;1;12;21;0.40493201244943783;2;5;7;-4.790726589484771;3;24;5;3;2;6;6;4;4;10;1;2;4;3;14;2;5;8;3;20;9.666414987352272;1;1;5;12;2;8;21;-6.577050131137405;5;2;12;15
TRACK:1509;1499;-1;4;6;3;1;5;6;6;6;1;2;15;15;6;17;1;1;2;1;5;1;14;22;-7.487306577749246;4;1;15;18;0;5;2;11;7;3.4010865779255646;1;1;21;0.09270317540581134;24;6;14;2;6;0;2;17;18;5;19;3;1;1;13;15;6;25;6;6;4;5;3;19
EVAL_INSTANCE:75:0:1500
EVAL_INSTANCE:75:1:1501
EVAL_INSTANCE:75:2:1502
EVAL_INSTANCE:75:3:1503
EVAL_INSTANCE:75:4:1504
EVAL_INSTANCE:75:5:1505
EVAL_INSTANCE:75:6:1506
EVAL_INSTANCE:75:7:1507
EVAL_INSTANCE:75:8:1508
EVAL_INSTANCE:75:9:1509
RUN_RESULT:75:0:0:2000:----
RUN_RESULT:75:1:0:2000:----
RUN_RESULT:75:2:0:2000:----
RUN_RESULT:75:3:0:2000:----
RUN_RESULT:75:4:0:2000:----
RUN_RESULT:75:5:0:2000:----
RUN_RESULT:75:6:0:2000:----
RUN_RESULT:75:7:0:2000:----
RUN_RESULT:75:8:0:2000:----
RUN_RESULT:75:9:0:2000:----
    76 |      760 |  0.000000E+00 | -0.000000E+00
TRACK:1510;9;1;4;1;2;6;3;3;3;1;6;6;24;5;1;13;13;2;2;5;5;1;0;5;9;4;11;4;6;16;2;4;1;3;3;13;3;5;15;2;6;21;8.619756525285762;6;0;6;15;4;9;0;2;4;5;4;6;22;2.665848916495923;4;4;4;2;18;16;1;6;1;6;3;10;2;5;19;6;8;4;6;2;0;13;11;3;20;-4.756331604557056;4;4;2;2;5;1;3;5;14;0;6;21;7.707510668684343;6;14;2;0;4;6;21;6.112383433580128;4;5;24;6;0;3;25;1;9;16;2;0;5;1;0;16;9;6;10;2;4;5;15;4;6;24;6;0;5;6;15;6;1;10;13
TRACK:1511;9;1;1;0;1;0;6;1;6;6;0;0;11;13;0;24;25;2;0;0;1;11;18;5;13;0;5;19;1;16;16;1;0;2;23;-2.2571701295058633;11;5;14;6;1;16;13;6;0;2;4;5;4;9;0;6;6;19;5;6;7;-8.027529548669474;6;1;4;2;7;0.07010987965106708;9;2;1;18;14;0;13;16;4;4;5;2;3;1;5;21;8.72293539427383;4;10;5;6;0;10;20;9.760890453417513;0;6;5;2;4;6;6;6;12;4;16;5;3;0;5;3;4;0;16;17;0;0;2;2;12;20;-7.142345868378386;2;13;22;7.201771128708472;4;1;23;1.9260129348463444;25;6;6;1;10;25;5;4;6;2;2;5;5;5;5;24;3;6;1;5;7;0.5327554097370673;4;8;5;3;2;6;2;19;23;-4.7855461444313185;6;6;19
TRACK:1512;7;0;0;4;4;0;1;4;4;5;5;5;8;5;1;4;1;0;15;23;9.010026579099339;4;21;7.603077435577408;2;3;1;21;0.8741299139996013;20;-9.727771496719013;1;5;25;4;8;0;1;6;5;3;1;7;1.1694286702868357;22;4.9607544345329515;5;3;5;4;22;9.67370061750217;0;4;1;6;4;8;6;1;24;12;1;1;6;1;9;8;1;6;21;-8.244041740037652;6;25;6;5;3;25;6;3;5;1;6;2;1;1;4;25;1;19;10;6;3;9;1;2;0;16;20;-8.356452856661015;4;19;2;2;16;15;1;17;20;-4.716407496205484;3;0;0;0;4;25;4;16;4;1;23;3.4058139379531127;12;3;0;2;23;7.997450742602297;20;4.678946297741202;1;21;8.169859715769505;11
TRACK:1513;7;0;4;6;3;1;5;6;6;6;1;2;15;15;6;17;1;1;4;6;5;4;16;2;6;0;2;17;18;5;19;3;1;1;13;15;6;21;0.8741299139996013;6;6;4;5;3;19
TRACK:1514;8;9;6;4;2;0;4;3;6;1;8;1;1;23;-6.194829372622004;8;0;23;-6.448084404665872;22;-2.585017750253062;6;4;0;1;3;4;7;-1.796785627472408;2;4;25;1;24;15;3;3;0;24;18;5;3;2;6;6;4;4;10;1;2;4;3;14;2;5;8;3;20;9.74776600337508;1;1;5;12;3;25;5;2;12;15
TRACK:1515;8;9;4;1;2;6;3;3;3;1;6;6;24;5;1;13;13;2;2;5;5;1;0;5;9;4;11;4;6;16;2;4;1;3;3;13;3;5;15;2;6;3;5;14;6;0;6;15;4;9;0;2;4;5;4;6;22;2.665848916495923;4;4;4;2;18;16;1;6;1;6;3;10;2;5;19;6;8;4;6;2;0;13;11;3;20;-4.756331604557056;4;4;2;2;5;1;3;5;14;0;24;6;14;2;0;4;6;21;6.112383433580128;4;5;24;6;0;3;25;1;9;16;2;0;5;1;0;16;9;6;10;2;4;5;15;4;6;24;6;0;5;6;15;6;1;10;13
TRACK:1516;6;4;4;0;1;3;5;3;3;5;5;4;19;2;3;1;2;1;5;1;14;12;4;1;15;18;0;5;2;11;7;3.3949546236874166;1;1;21;0.15781845565135022;24;6;14;6;6;6;5;14;6;4;6;0;3;3;9;0;2;19;17;3;15;6;4;2;0;0;6;6;1;21;-0.8411316608662993;22;-5.721673982302146;0;1;6;16;4;14;1;0;9;7;3.452318748288228;5;25;4;6;15;3;2;2;6;1;25;25;3;6;7;5.598869455374256;6;6;1;17;22;-0.8355763743440541
TRACK:1517;6;4;3;5;2;3;6;2;5;4;4;19;1;3;2;3;19;6;22;-0.03499774720603632;3;5;4;11;4;4;3;4;3;0;3;24;5;25
TRACK:1518;0;8;4;6;3;1;5;6;6;6;1;2;15;15;6;17;1;1;4;6;5;4;16;2;6;0;2;17;18;5;25;3;1;1;13;15;6;25;6;6;4;5;3;19
TRACK:1519;0;8;6;4;2;0;4;3;6;1;6;6;11;1;1;23;-6.194829372622004;8;0;23;-6.448084404665872;22;-2.585017750253062;6;4;0;1;3;4;7;-1.796785627472408;2;4;25;1;24;15;3;3;0;24;18;5;3;2;6;6;4;4;10;1;2;4;3;14;2;5;8;3;20;9.74776600337508;1;1;5;12;3;15;5;2;12;15
TRACK:1520;1510;-1;4;1;2;6;3;3;3;1;6;6;24;5;1;13;13;2;2;5;5;1;0;5;9;4;11;4;6;16;2;4;1;3;3;13;3;5;15;2;6;21;8.332208800446917;6;0;6;15;4;9;0;2;4;5;4;6;22;2.677046689110176;4;4;4;2;18;16;1;6;1;6;3;10;2;5;19;5;22;-3.6541396446985956;4;6;2;0;13;11;3;20;-4.920822194407915;4;4;2;2;5;1;3;5;14;0;6;21;7.764128493180997;6;14;2;0;4;6;21;6.142413275460357;4;5;24;6;0;3;25;1;9;16;2;0;5;1;0;16;9;6;10;2;4;5;15;4;6;24;6;0;5;6;15;6;1;10;13
TRACK:1521;7;-1;0;4;4;0;1;4;4;5;5;5;8;5;1;4;1;0;15;23;8.897329916189564;4;21;7.618014538917438;2;3;1;21;1.0211915110695198;19;1;5;25;4;8;0;1;6;5;3;1;7;1.389549280359333;22;4.935554426688951;5;3;5;4;22;9.539440704218286;0;4;1;6;4;8;6;1;24;12;1;1;6;1;9;8;1;6;21;-8.2280056292088;3;7;-8.395101270498468;6;5;3;25;6;3;5;1;6;2;1;1;4;25;1;19;10;6;3;9;1;2;0;16;20;-8.455828242052693;4;19;2;2;16;15;1;17;20;-4.784604821336965;3;0;0;0;4;25;4;16;4;1;23;3.2744931851474637;12;3;0;2;23;7.883769764309264;20;4.583334853476241;1;21;8.261289725057559;11
TRACK:1522;1514;-1;6;4;2;0;4;3;6;1;8;1;1;23;-6.235126352992174;8;0;23;-6.6430948124765;22;-2.7179047403738474;6;4;0;1;3;4;7;-1.8000539922762506;2;0;21;-7.058667070913856;24;1;24;15;3;3;0;24;18;5;3;2;6;6;4;4;10;1;2;4;3;14;2;5;8;3;20;9.729328243810839;1;1;5;12;3;25;5;2;12;15
TRACK:1523;1516;-1;4;0;1;3;5;3;3;5;5;4;19;2;3;1;2;1;5;1;14;12;4;1;15;18;0;5;2;11;7;3.4505476573453766;1;1;21;0.15006161469538268;24;6;14;6;6;6;5;14;6;4;6;0;3;3;9;0;2;19;17;3;15;6;4;2;0;0;6;6;1;21;-0.6618215990115852;22;-5.441253963398923;0;1;6;16;4;14;1;0;9;7;3.5171797720534332;6;23;3.741581360843444;4;6;15;3;2;2;6;1;25;25;3;6;7;5.640033188357702;6;6;1;17;22;-0.9651944683692851
TRACK:1524;1518;-1;4;6;3;1;5;6;6;6;1;2;15;15;6;17;1;1;4;6;5;4;16;2;6;0;2;17;18;5;25;2;20;-9.53178432007024;16;6;6;4;5;3;19
TRACK:1525;1511;-1;1;0;1;0;6;1;6;6;0;0;11;13;0;24;25;2;0;0;1;11;18;5;13;0;5;19;1;16;16;1;0;2;23;-2.3573301494374403;11;5;14;6;1;16;13;6;0;2;4;5;4;9;0;6;6;19;5;6;7;-7.967998942500236;6;1;4;2;7;-0.0129027721561297;9;2;1;18;14;0;13;16;4;4;5;2;3;1;5;21;8.669853821604791;4;10;5;6;0;10;20;9.596665202153757;0;6;5;2;4;6;6;6;12;4;16;5;3;0;5;3;4;0;16;17;0;0;2;2;12;20;-7.069952161695903;2;13;22;7.121231482135825;4;1;23;1.9576985678231893;25;6;6;1;10;25;5;4;6;2;2;5;5;5;5;24;3;6;1;5;7;0.4855254866930019;4;8;5;3;3;5;21;4.489244274960079
TRACK:1526;0;-1;4;6;3;1;5;6;6;6;1;2;15;15;6;17;1;1;4;6;5;4;16;2;6;0;2;17;7;-9.150095612950832;5;19;3;1;1;13;15;6;25;6;6;4;5;3;19
TRACK:1527;1515;-1;4;1;2;6;3;3;3;1;6;6;24;5;1;13;13;2;2;5;5;1;0;5;9;4;11;4;6;16;2;4;1;3;3;13;3;5;15;2;6;3;5;14;6;0;6;15;4;9;0;2;4;5;4;6;22;2.714217497721103;4;4;4;2;18;16;1;6;1;6;1;17;13;2;5;19;6;8;4;6;2;0;13;11;3;20;-4.699643464481356;4;4;2;2;5;1;3;5;14;0;24;6;14;2;0;4;6;21;6.181943266037767;4;5;24;6;0;3;25;1;9;16;2;0;5;1;0;16;9;6;10;2;4;5;15;4;6;24;6;0;5;6;15;6;1;10;13
TRACK:1528;1517;-1;3;5;2;3;6;2;5;4;4;19;1;3;2;3;19;6;22;-0.07293384433577199;5;3;4;12;4;4;3;4;3;0;3;24;5;25
TRACK:1529;1519;-1;6;4;2;0;4;3;6;1;6;6;11;1;1;23;-6.2819811236738525;8;0;23;-6.356275871412411;22;-2.8065880881690703;6;4;0;1;3;4;7;-1.9039044055739431;2;4;25;1;24;15;3;3;0;24;18;5;3;2;6;6;4;4;10;1;2;4;3;14;2;5;8;3;20;9.845406118740804;1;1;5;12;3;15;5;2;12;7;3.8725325732751443
EVAL_INSTANCE:76:0:1520
EVAL_INSTANCE:76:1:1521
EVAL_INSTANCE:76:2:1522
EVAL_INSTANCE:76:3:1523
EVAL_INSTANCE:76:4:1524
EVAL_INSTANCE:76:5:1525
EVAL_INSTANCE:76:6:1526
EVAL_INSTANCE:76:7:1527
EVAL_INSTANCE:76:8:1528
EVAL_INSTANCE:76:9:1529
RUN_RESULT:76:0:0:2000:----
RUN_RESULT:76:1:0:2000:----
RUN_RESULT:76:2:0:2000:----
RUN_RESULT:76:3:0:2000:----
RUN_RESULT:76:4:0:2000:----
RUN_RESULT:76:5:0:2000:----
RUN_RESULT:76:6:0:2000:----
RUN_RESULT:76:7:0:2000:----
RUN_RESULT:76:8:0:2000:----
RUN_RESULT:76:9:0:2000:----
    77 |      770 |  0.000000E+00 | -0.000000E+00
TRACK:1530;9;3;4;1;2;6;3;3;3;1;6;6;24;5;1;13;13;2;2;5;5;1;0;5;9;4;11;4;6;16;2;4;1;3;3;13;3;5;15;2;6;3;5;14;6;0;6;15;4;9;0;2;4;5;4;6;22;2.665848916495923;4;4;4;2;18;16;1;6;1;6;3;10;2;5;19;6;8;4;6;2;0;13;11;3;20;-4.756331604557056;4;4;2;2;5;1;3;5;14;0;6;21;7.707510668684343;6;14;2;0;4;6;21;6.112383433580128;4;5;24;4;5;6;19;2;0;5;1;0;16;9;6;10;2;4;5;15;4;6;24;6;0;5;6;15;6;1;10;13
TRACK:1531;9;3;5;0;5;6;0;5;5;4;6;2;23;-9.425875259368343;23;6.351964638882649;6;2;6;0;0;22;-5.7053140582007185;15;2;13;8;0;1;4;14;5;9;2;2;22;-2.8628063595721738;8;3;13;3;0;4;1;3;3;5;6;22;6.502010675018717;2;1;5;0;7;2.951350615301049;22;3.1091386531019545;5;1;8;18;2;2;1;9;10;14;2;5;7;-5.060335771358783;3;24;0;4;5;2;0;2;23;-5.9151488629807725;17;4;11;4;0;11;25;4;2;4;5;6;19;5;0;3;15;2;13;18
TRACK:1532;2;0;4;1;4;3;0;2;2;1;1;2;19;20;-4.142185303395147;0;8;23;-1.4602899930131628;1;3;19;6;16;1;19;5;1;18;21;-9.826680263377368;2;3;6;0;13;17;4;4;1;25;9;5;6;1;4;6;22;-2.0582719638834;2;1;22;2.6848393667379593;17;4;8;6;2;6;3;0;1;2;1;19;12;3;14;1;3;9;1;7;-7.3461643690864475;14;3;3;3;25;5;6;3;6;5;4;25
TRACK:1533;2;0;4;6;3;1;5;6;6;6;1;2;15;15;6;17;1;1;4;6;5;4;16;2;6;0;2;17;23;-1.4602899930131628;5;19;3;1;1;13;15;6;25;6;6;4;5;3;19
TRACK:1534;7;4;0;4;4;0;1;4;4;5;5;5;8;5;1;4;1;0;15;23;9.010026579099339;4;21;7.603077435577408;2;3;1;21;0.8741299139996013;15;1;5;25;4;8;0;1;6;5;3;1;7;1.1694286702868357;22;4.9607544345329515;5;3;5;4;22;9.67370061750217;0;4;1;6;4;8;6;1;24;12;1;1;6;1;9;8;1;6;21;-8.244041740037652;3;7;-8.343934600877203;6;5;3;25;6;3;5;1;6;2;1;1;4;25;1;19;10;6;3;9;1;2;0;16;20;-8.356452856661015;4;19;2;2;16;15;1;17;20;-4.716407496205484;3;0;0;0;4;25;4;16;4;1;23;3.4058139379531127;12;3;0;2;23;7.997450742602297;20;4.678946297741202;1;21;8.169859715769505;11
TRACK:1535;7;4;3;5;2;3;6;2;5;4;4;6;16;1;3;2;3;19;6;22;-0.03499774720603632;3;5;4;11;4;4;3;4;3;0;3;24;5;25
TRACK:1536;3;5;5;0;5;6;0;5;5;4;6;2;23;-9.425875259368343;23;6.351964638882649;6;2;6;0;0;22;-5.7053140582007185;15;2;13;8;0;1;4;14;5;9;2;2;22;-2.8628063595721738;8;3;13;3;4;15
TRACK:1537;3;5;1;5;3;1;0;4;5;1;2;3;9;5;23;7.309737645474968;1;6;7;0.3218028824642367;3;11;4;6;6;1;6;16;2;7;-5.854091696762859;22;3.66350285320285;1;0;3;4;6;2;25;10;1;4;6;4;15;5;0;6;22;-9.58565805499974;15;0;6;0;6;1;19;23;-3.587308483082352;0;5;25;1;11;12;4;5;6;3;22;-9.350739913168448;0;6;5;5;6;4;0;3;4;11;4;6;23;3.393492578825029;4;2;0;0;0;2;0;2;14;18;3;18;5;3;7;-7.279508601903622;0;4;6;22;6.945105059765922;3;4;14;4;5;3;0;20;-2.748115565306861;20;4.594253372334986;6;5;4;5;1;16;19;2;4;2;6;1;6;14;3;21;9.356815312735755;2;4;0;25;21;7.75724703552433;1;1;17;10;3;17;5;0;4;0;5;24;0;25;9;0;3;5;24;0;2;17;10;0;16;11
TRACK:1538;0;9;4;6;3;1;5;4;6;24;1;1;4;6;5;4;16;2;6;0;2;17;18;5;19;3;1;1;13;15;6;25;6;6;4;5;3;19
TRACK:1539;0;9;4;1;2;6;3;3;3;1;6;6;24;5;1;13;13;2;2;5;5;1;0;5;9;4;11;4;6;16;2;4;1;3;4;16;3;5;15;2;6;3;5;14;6;0;6;15;4;9;0;2;4;5;4;6;22;2.665848916495923;4;4;4;2;18;16;1;6;1;6;3;10;2;5;19;6;8;4;6;2;0;13;11;3;20;-4.756331604557056;4;4;2;2;5;1;3;5;14;0;6;21;7.707510668684343;6;14;2;0;4;6;21;6.112383433580128;4;5;24;6;0;3;25;1;9;16;2;0;5;1;0;16;9;6;10;2;4;5;15;4;6;24;6;0;5;6;15;6;1;10;13
TRACK:1540;1530;-1;4;1;2;6;3;3;3;1;6;6;24;5;1;13;13;2;2;5;5;1;0;5;9;4;11;4;6;16;2;4;1;3;3;13;3;5;15;2;6;3;5;14;6;0;6;15;4;9;0;2;4;5;4;6;22;2.5892629082841356;4;4;4;2;18;16;1;6;1;6;3;10;2;5;19;6;8;4;6;2;0;13;11;3;20;-4.782989450416218;4;4;2;2;5;1;3;5;14;0;6;21;7.653962090934286;6;14;2;0;1;24;14;4;5;24;4;5;6;19;2;0;5;1;0;16;9;6;10;2;4;5;15;4;6;24;6;0;5;6;15;6;1;10;13
TRACK:1541;1532;-1;4;1;4;3;0;2;2;1;1;2;19;20;-4.195176643023501;0;8;23;-1.5888901828412918;1;3;19;6;16;1;19;5;1;18;21;-9.78586765180256;2;3;6;0;13;17;4;4;1;25;9;5;6;1;4;6;22;-2.2263049454116604;0;9;13;6;2;6;3;0;1;2;1;19;12;3;14;1;3;9;1;7;-7.407173952763453;14;3;3;3;25;5;6;3;6;5;4;25
TRACK:1542;1534;-1;0;4;4;0;1;4;4;5;5;5;8;5;1;4;1;0;15;23;8.864341470442842;4;21;7.61233312382437;2;3;1;21;0.9299717567201509;15;1;5;25;4;8;0;1;6;5;3;1;7;1.4035261746344656;22;4.921368395120231;5;3;5;4;22;9.651265627584497;0;4;1;6;4;8;6;1;24;12;1;1;6;1;9;8;1;6;21;-8.35326219546167;3;7;-8.334664009670053;6;5;3;25;6;3;5;1;6;2;1;1;4;25;0;25;15;6;3;9;1;2;0;16;20;-8.436980536521084;4;19;2;2;16;15;1;17;20;-4.700134238692463;3;0;0;0;4;25;4;16;4;1;23;3.3855374498418636;12;3;0;2;23;7.997819032839753;20;4.63028115178922;1;21;8.03236695610426;11
TRACK:1543;3;-1;5;0;5;6;0;5;5;4;6;2;23;-9.386651050475942;23;6.305747505756211;6;2;6;0;0;22;-5.6640548890878515;15;2;13;8;0;1;4;14;5;9;2;2;22;-2.8591898106480356;8;3;13;3;0;4;1;3;3;5;6;22;6.208092105923605;2;1;5;0;11;22;3.04207451131308;5;1;8;18;2;2;1;9;10;1;12;21;0.34783067568647374;2;5;7;-5.126706309980526;3;24;0;4;5;2;0;2;23;-5.91892991496525;17;4;11;4;0;11;25;4;2;4;5;6;19;5;0;3;15;2;13;18
TRACK:1544;1538;-1;4;6;3;1;5;4;6;24;1;1;4;6;6;11;2;6;0;2;17;18;5;19;3;1;1;13;15;6;25;6;6;4;5;3;19
TRACK:1545;1531;-1;5;0;5;6;0;5;5;4;6;2;23;-9.484878364870383;23;6.360082914510153;6;2;6;0;0;22;-5.736527652772798;15;2;13;8;0;1;4;14;5;9;2;2;22;-2.7430784750032973;8;3;13;3;0;4;1;3;3;5;6;20;-2.998426620424926;2;1;5;0;7;3.0868515089825928;22;3.192555317161192;5;1;8;18;2;2;1;9;10;14;2;5;7;-5.076456052370546;3;24;0;4;5;2;0;2;23;-5.851964785823211;17;4;11;4;0;11;25;4;2;4;5;6;19;5;0;3;15;2;13;18
TRACK:1546;1533;-1;4;6;3;1;5;6;3;9;1;1;4;6;5;4;16;2;6;0;2;17;23;-1.299057890331372;5;19;3;1;1;13;15;6;25;6;6;4;5;3;19
TRACK:1547;1535;-1;3;5;2;3;6;2;5;4;4;6;16;1;3;2;3;19;6;21;-3.440333787514584;3;5;4;11;4;4;3;4;3;0;3;24;5;25
TRACK:1548;5;-1;1;5;3;1;0;4;5;1;2;3;9;5;23;7.3021820453342725;1;6;7;0.30984354803511005;3;11;4;6;6;1;6;16;2;7;-5.766540596132769;22;3.6651870294099;1;0;3;4;6;2;25;10;1;4;6;4;15;5;0;6;22;-9.6159687384779;4;8;0;6;0;6;1;19;23;-3.72993632863137;0;5;19;1;11;12;4;5;6;3;22;-9.337688972708023;0;6;5;5;6;4;0;3;4;11;4;6;23;3.532743519226114;4;2;0;0;0;2;0;2;14;18;3;18;5;3;7;-7.224207377325016;0;4;6;22;6.882561915583333;3;4;14;4;5;3;0;20;-2.87021552835167;20;4.578172006603191;6;5;4;5;1;16;19;2;4;2;6;1;6;14;3;21;9.218191431089497;2;4;0;25;21;7.6258829242987005;1;1;17;10;3;17;5;0;4;0;5;24;0;25;9;0;3;5;24;0;2;17;10;0;16;11
TRACK:1549;1539;-1;4;1;2;6;3;3;3;1;6;6;24;5;1;13;13;2;2;5;5;1;0;5;9;4;11;4;6;16;2;4;1;3;4;16;3;5;15;2;6;3;5;11;6;0;6;15;4;9;0;2;4;5;4;6;22;2.589870516403848;4;4;4;2;18;16;1;6;1;6;3;10;2;5;19;6;8;4;6;2;0;13;11;3;20;-4.929321444863959;4;4;2;2;5;1;3;5;14;0;6;21;7.671975009741563;6;14;2;0;4;6;21;5.881999753803059;4;5;24;6;0;3;25;1;9;16;2;0;5;1;0;16;9;6;10;2;4;5;15;4;6;24;6;0;5;6;15;6;1;10;13
EVAL_INSTANCE:77:0:1540
EVAL_INSTANCE:77:1:1541
EVAL_INSTANCE:77:2:1542
EVAL_INSTANCE:77:3:1543
EVAL_INSTANCE:77:4:1544
EVAL_INSTANCE:77:5:1545
EVAL_INSTANCE:77:6:1546
EVAL_INSTANCE:77:7:1547
EVAL_INSTANCE:77:8:1548
EVAL_INSTANCE:77:9:1549
RUN_RESULT:77:0:0:2000:----
RUN_RESULT:77:1:0:2000:----
RUN_RESULT:77:2:0:2000:----
RUN_RESULT:77:3:0:2000:----
RUN_RESULT:77:4:0:2000:----
RUN_RESULT:77:5:0:2000:----
RUN_RESULT:77:6:0:2000:----
RUN_RESULT:77:7:0:2000:----
RUN_RESULT:77:8:0:2000:----
RUN_RESULT:77:9:0:2000:----
    78 |      780 |  0.000000E+00 | -0.000000E+00
TRACK:1550;6;2;4;0;1;3;5;3;3;5;5;4;19;2;3;1;2;1;5;1;14;12;4;1;15;18;0;5;2;11;7;3.3949546236874166;1;1;21;0.15781845565135022;24;6;14;6;6;6;5;14;6;4;6;0;3;3;9;0;2;19;17;3;15;6;6;22;-2.0582719638834
TRACK:1551;6;2;4;1;4;3;0;2;2;1;1;2;19;20;-4.142185303395147;0;8;23;-1.4602899930131628;1;3;19;6;16;1;5;0;18;10;5;1;18;21;-9.826680263377368;2;3;6;0;13;17;4;4;1;9;9;5;6;1;4;6;22;-2.0582719638834;2;1;22;2.6848393667379593;17;4;8;6;2;6;3;0;1;2;1;19;12;3;14;1;3;9;1;7;-7.3461643690864475;14;3;3;3;25;5;6;3;6;5;4;25
TRACK:1552;9;7;4;1;2;6;3;3;3;1;6;6;24;5;1;13;13;2;2;5;5;1;0;5;9;4;11;4;6;16;2;4;1;3;3;13;3;5;15;2;6;3;5;14;6;0;6;15;4;9;0;2;8;4;4;4;2;18;16;1;6;1;6;3;10;2;5;19;6;8;4;6;2;0;13;11;3;20;-4.756331604557056;4;4;2;2;5;1;3;5;14;0;6;21;7.707510668684343;6;14;2;0;4;6;21;6.112383433580128;4;5;24;6;0;3;25;1;9;16;2;0;5;1;0;16;9;6;10;2;4;5;15;4;6;24;6;0;5;6;15;6;1;10;13
TRACK:1553;9;7;0;4;4;0;1;4;4;5;5;5;8;5;1;4;1;0;15;23;9.010026579099339;4;21;7.603077435577408;2;3;1;21;0.8741299139996013;20;-9.727771496719013;1;5;25;4;8;0;1;6;5;3;1;7;1.1694286702868357;22;4.9607544345329515;5;3;5;4;22;9.67370061750217;0;4;1;6;4;8;6;1;24;12;1;1;6;1;9;8;1;6;21;-8.244041740037652;3;7;-8.343934600877203;6;5;3;25;6;3;5;1;6;2;1;1;4;25;1;19;10;6;3;9;1;2;0;16;20;-8.356452856661015;4;19;2;2;16;13;1;17;20;-4.716407496205484;3;0;0;0;4;25;4;16;4;1;23;3.4058139379531127;12;3;0;2;23;7.997450742602297;20;4.678946297741202;1;21;8.169859715769505;11
TRACK:1554;3;9;5;0;5;6;0;5;5;4;6;2;23;-9.425875259368343;23;6.351964638882649;6;2;6;0;0;22;-5.7053140582007185;15;2;13;8;0;1;4;14;5;9;2;2;22;-2.8628063595721738;8;3;13;3;0;4;1;3;3;5;6;22;6.502010675018717;2;1;5;0;7;2.951350615301049;9;5;1;8;18;2;2;1;9;10;1;12;21;0.4828827554892712;2;5;7;-5.060335771358783;3;24;0;4;5;2;0;2;23;-5.9151488629807725;17;4;11;4;0;11;25;4;2;4;5;6;19;5;0;3;15;2;13;18
TRACK:1555;3;9;4;1;2;6;3;3;3;1;6;6;24;5;1;13;13;2;2;5;5;1;0;5;9;4;11;4;6;16;2;4;1;3;3;13;3;5;15;2;6;3;5;14;6;0;6;15;4;9;0;2;4;5;4;6;22;2.665848916495923;4;4;4;2;18;16;1;6;1;6;3;10;2;5;19;6;8;4;6;2;0;13;11;3;20;-4.756331604557056;4;4;2;2;5;1;3;5;14;0;6;21;7.707510668684343;6;14;2;0;4;6;21;0.4828827554892712;4;5;24;6;0;3;25;1;9;16;2;0;5;1;0;16;9;6;10;2;4;5;15;4;6;24;6;0;5;6;15;6;1;10;13
TRACK:1556;0;1;4;6;3;1;5;6;6;6;1;2;15;15;6;17;1;1;4;6;5;4;16;2;6;0;2;10;18;5;19;3;1;1;13;15;6;25;6;6;4;5;3;19
TRACK:1557;0;1;1;0;1;0;6;1;6;6;0;0;11;13;0;24;25;2;0;0;1;11;18;5;13;0;5;19;1;16;16;1;0;2;23;-2.2571701295058633;11;5;14;6;1;16;13;6;0;2;4;5;4;9;0;6;6;19;1;13;15;6;1;4;2;7;0.07010987965106708;9;2;1;18;14;0;13;16;4;4;5;2;3;1;5;21;8.72293539427383;4;10;5;6;0;10;20;9.760890453417513;0;6;5;2;4;6;6;6;12;4;2;5;2;18;18;2;3;20;-1.309421897974218;6;21;8.619756525285762;5;3;0;5;3;4;0;16;17;0;0;2;2;12;20;-7.142345868378386;2;13;22;7.201771128708472;4;1;23;1.9260129348463444;25;6;6;1;10;25;5;4;6;2;2;5;5;5;5;24;3;6;1;5;7;0.5327554097370673;4;8;5;3;2;6;2;19;23;-4.7855461444313185;6;6;19
TRACK:1558;3;5;5;0;5;6;0;5;5;4;6;2;23;-9.425875259368343;23;6.351964638882649;6;2;6;0;0;22;-5.7053140582007185;15;2;13;8;0;1;4;14;5;9;2;2;22;-2.8628063595721738;8;3;13;3;0;4;1;3;3;5;6;22;6.502010675018717;2;1;5;0;7;2.951350615301049;22;3.1091386531019545;5;1;7;0.3218028824642367;18;2;2;1;9;10;1;12;21;0.4828827554892712;2;5;7;-5.060335771358783;3;24;0;4;5;2;0;2;23;-5.9151488629807725;17;4;11;4;0;11;25;4;2;4;5;6;19;5;0;3;15;2;13;18
TRACK:1559;3;5;1;5;3;1;0;4;5;1;2;3;9;5;23;7.309737645474968;1;6;7;0.3218028824642367;3;11;4;6;6;1;6;16;2;7;-5.854091696762859;22;3.66350285320285;1;0;3;4;6;2;25;10;1;4;6;4;15;5;0;6;22;-9.58565805499974;4;8;0;6;0;6;1;19;23;-3.587308483082352;0;5;25;1;11;12;4;5;6;3;22;-9.350739913168448;0;6;5;5;6;4;0;3;4;11;4;6;23;3.393492578825029;4;2;0;0;0;2;0;2;14;18;3;18;5;3;7;-7.279508601903622;0;4;6;22;6.945105059765922;3;4;14;4;5;3;0;20;-2.748115565306861;20;4.594253372334986;6;5;4;5;1;16;19;2;4;2;6;1;6;21;0.4828827554892712;3;21;9.356815312735755;2;4;0;25;21;7.75724703552433;1;1;17;10;3;17;5;0;4;0;5;24;0;25;9;0;3;5;24;0;2;17;10;0;16;11
TRACK:1560;1550;-1;4;0;1;3;5;3;3;5;5;4;19;2;3;1;2;1;5;1;14;12;4;1;15;18;0;5;2;11;7;3.261335900629884;1;1;21;0.05400041235058041;24;6;14;6;6;6;5;14;6;4;6;0;3;3;9;0;2;14;17;3;15;6;6;22;-2.0178522106418124
TRACK:1561;1552;-1;4;1;2;6;3;3;3;1;6;6;24;5;1;13;13;2;2;5;5;1;0;5;9;4;11;4;6;16;2;4;1;3;3;13;3;5;15;2;6;3;5;14;6;0;6;15;4;9;0;2;8;4;4;4;2;18;16;1;6;1;6;3;10;2;5;19;6;8;4;6;2;0;13;11;3;20;-4.719297909733756;4;4;2;2;5;3;3;6;17;2;0;4;6;21;6.075047863802279;4;5;24;6;0;3;25;1;9;16;2;0;5;1;0;16;9;6;10;2;4;5;15;4;6;24;6;0;5;6;15;6;1;10;13
TRACK:1562;1554;-1;5;0;5;6;0;5;5;4;6;2;23;-9.52941472251547;23;6.318428066360409;6;2;6;0;0;22;-5.588926493826996;15;2;13;8;0;1;4;14;5;9;2;2;22;-2.943838109242503;8;3;13;3;0;4;1;3;3;5;6;22;6.4568876198791;2;1;5;0;7;2.931308702508195;9;5;1;8;18;2;2;1;9;10;4;11;2;5;7;-5.078372764018306;3;24;0;4;5;2;0;2;23;-5.8993832606572605;17;4;11;4;0;11;25;4;2;4;5;6;19;5;0;3;15;2;13;18
TRACK:1563;1556;-1;4;6;3;1;5;6;6;6;1;2;15;15;6;17;1;1;4;6;5;4;16;2;6;0;2;25;18;5;19;3;1;1;13;15;6;25;6;6;4;5;3;19
TRACK:1564;1558;-1;5;0;5;6;0;5;5;4;6;2;23;-9.396854538086423;23;6.288483707104561;6;2;6;0;0;22;-5.703524445992867;15;2;13;8;0;1;4;14;5;9;2;2;22;-2.9820223815201183;8;3;13;3;0;4;1;3;3;5;6;22;6.400500678899774;2;1;5;0;7;2.962839855176324;22;3.04952124625109;5;1;7;0.3254307028879535;18;2;2;1;9;10;1;12;21;0.5113859106266604;2;5;7;-4.992415991714154;3;24;0;3;5;14;4;2;4;5;6;19;5;0;3;15;2;13;18
TRACK:1565;1551;-1;4;1;4;3;0;2;2;1;1;2;19;20;-4.261047732650096;0;8;23;-1.320433980522291;2;6;21;-2.544836136107387;6;25;1;5;0;18;10;5;1;18;21;-9.794493175140135;2;3;6;0;13;17;4;4;1;9;9;5;6;1;4;6;22;-2.053795697048489;2;1;22;2.511984240791575;17;4;8;6;2;6;3;0;1;2;1;19;12;3;14;1;3;9;1;7;-7.33850740656848;14;3;3;3;25;5;6;3;6;5;4;25
TRACK:1566;1553;-1;0;4;4;0;1;4;4;5;5;5;8;5;1;4;1;0;15;23;9.117440096984376;4;21;7.641927169826816;2;3;1;21;1.1295358590607316;20;-9.674894367737867;1;5;25;4;8;0;1;2;21;-3.48536043713038;12;5;3;5;4;22;9.63902613732487;0;4;1;6;4;8;6;1;24;12;1;1;6;1;9;8;1;6;21;-8.265394679057598;3;7;-8.339141590884577;6;5;3;25;6;3;5;1;6;2;1;1;4;25;1;19;10;6;3;9;1;2;0;16;20;-8.417538567135205;4;19;2;2;16;13;1;17;20;-4.786773280854265;3;0;0;0;4;25;4;16;4;1;23;3.393892231720712;12;3;0;2;23;8.021945799710583;20;4.732425452850737;1;21;8.171729885045723;11
TRACK:1567;1555;-1;4;1;2;6;3;3;3;1;6;6;24;5;1;13;13;2;2;5;5;1;0;5;9;4;11;4;6;16;2;4;1;3;3;13;3;5;15;2;6;3;5;14;6;0;6;15;4;9;0;2;4;5;4;6;22;2.7301648658866653;4;4;4;2;18;16;1;6;1;6;3;17;2;5;19;6;8;4;6;2;0;13;11;3;20;-4.677797221870693;4;4;2;2;5;1;3;5;14;0;6;21;7.783422858099837;6;14;2;0;4;6;21;0.43303846545327607;4;5;24;6;0;3;25;1;9;16;2;0;5;1;0;16;9;6;10;2;4;5;15;4;6;24;6;0;5;6;15;6;1;10;13
TRACK:1568;1557;-1;1;0;1;0;6;1;6;6;0;0;11;13;0;24;25;2;0;0;1;11;18;5;13;0;5;19;1;16;16;1;0;2;23;-2.191340854368433;11;5;14;6;1;16;13;6;0;2;4;5;4;9;0;6;6;19;1;13;15;6;1;4;2;7;0.06066981951953641;9;2;1;18;14;0;13;16;4;4;5;2;3;1;5;21;8.726414839843113;4;10;4;5;8;0;6;5;2;4;6;6;6;12;4;2;5;2;18;18;2;3;20;-1.4336798078264215;6;21;8.621485396647895;5;3;0;5;3;4;0;16;17;0;0;2;2;12;20;-7.017755200912921;2;13;22;7.381754246397439;4;1;23;1.8764289877047153;25;6;6;1;10;25;5;4;6;2;2;5;5;5;5;24;3;6;1;5;7;0.49565485789620584;4;8;5;3;2;6;2;19;23;-4.5740131758771145;6;6;19
TRACK:1569;1559;-1;1;5;3;1;0;4;5;1;2;3;9;5;23;7.188053843526265;1;6;7;0.49285120518639264;3;11;4;6;6;1;6;16;2;7;-5.704486146208956;22;3.6880763977715554;1;0;3;4;6;2;25;10;1;4;6;4;15;5;0;6;22;-9.679703217755128;4;8;0;6;0;6;1;19;23;-3.688035198009232;0;5;25;1;11;12;4;5;6;3;22;-9.399338927645308;0;6;5;5;6;4;0;3;4;11;4;6;23;3.4816233400226846;4;2;0;0;0;2;0;2;14;18;3;18;5;3;7;-7.356240074987921;0;4;6;22;6.971413079070546;3;4;14;4;5;3;0;20;-2.7385550633278353;20;4.632330020490151;6;5;4;5;1;16;19;2;4;2;6;1;6;21;0.5620674944225246;3;21;9.388368738419036;2;4;0;25;21;7.6974976220774245;1;1;17;10;3;17;5;0;4;0;5;24;0;23;-5.148157824523228;9;0;3;5;24;0;2;17;10;0;16;11
EVAL_INSTANCE:78:0:1560
EVAL_INSTANCE:78:1:1561
EVAL_INSTANCE:78:2:1562
EVAL_INSTANCE:78:3:1563
EVAL_INSTANCE:78:4:1564
EVAL_INSTANCE:78:5:1565
EVAL_INSTANCE:78:6:1566
EVAL_INSTANCE:78:7:1567
EVAL_INSTANCE:78:8:1568
EVAL_INSTANCE:78:9:1569
RUN_RESULT:78:0:0:2000:----
RUN_RESULT:78:1:0:2000:----
RUN_RESULT:78:2:0:2000:----
RUN_RESULT:78:3:0:2000:----
RUN_RESULT:78:4:0:2000:----
RUN_RESULT:78:5:0:2000:----
RUN_RESULT:78:6:0:2000:----
RUN_RESULT:78:7:0:2000:----
RUN_RESULT:78:8:0:2000:----
RUN_RESULT:78:9:0:2000:----
    79 |      790 |  0.000000E+00 | -0.000000E+00
TRACK:1570;7;5;0;4;4;0;1;4;4;5;5;5;8;5;1;4;1;0;15;23;9.010026579099339;4;21;7.603077435577408;2;3;1;21;0.8741299139996013;20;-9.727771496719013;1;5;25;4;8;0;1;6;5;3;1;7;1.1694286702868357;22;4.9607544345329515;5;3;5;4;22;9.67370061750217;0;4;1;6;4;8;6;1;24;12;1;1;6;1;9;8;1;6;21;-8.244041740037652;3;7;-8.343934600877203;6;5;3;25;6;3;5;1;6;2;1;1;4;25;1;19;10;6;3;9;1;2;0;16;20;-8.356452856661015;4;19;2;2;16;15;1;17;20;-4.716407496205484;3;0;0;0;4;25;24;4;1;23;3.4058139379531127;12;3;0;2;23;7.997450742602297;20;4.678946297741202;1;21;8.169859715769505;11
TRACK:1571;7;5;1;5;3;1;0;4;5;1;2;3;9;5;23;7.309737645474968;1;6;7;0.3218028824642367;3;11;4;6;6;1;6;16;2;7;-5.854091696762859;22;3.66350285320285;1;0;3;4;6;2;25;10;1;4;6;4;15;5;0;6;22;-9.58565805499974;4;8;0;6;0;6;1;19;23;-3.587308483082352;0;5;25;1;11;12;4;5;6;3;22;-9.350739913168448;0;6;5;5;6;4;0;3;4;11;4;6;23;3.393492578825029;4;2;0;0;0;2;0;2;14;8;3;18;5;3;7;-7.279508601903622;0;4;6;22;6.945105059765922;3;4;14;4;5;3;0;20;-2.748115565306861;20;4.594253372334986;6;5;4;5;1;16;19;2;4;2;6;1;6;14;3;21;9.356815312735755;2;4;0;25;21;7.75724703552433;1;1;17;10;3;17;5;0;4;0;5;24;0;25;9;0;3;5;24;0;2;17;10;0;16;11
TRACK:1572;6;9;4;0;1;3;5;3;3;5;5;4;19;2;4;1;3;3;13;3;5;15;2;6;3;5;14;6;0;6;15;4;9;6;4;2;0;0;6;6;1;21;-0.8411316608662993;22;-5.721673982302146;0;1;6;16;4;14;1;0;9;7;3.452318748288228;5;25;5;4;5;3;12;3;2;2;6;1;25;25;3;6;7;5.598869455374256;6;6;1;17;22;-0.8355763743440541
TRACK:1573;6;9;4;1;2;6;3;3;3;1;6;6;24;5;1;13;13;2;2;5;5;1;0;5;9;14;4;6;16;2;4;1;3;3;13;3;5;15;2;6;3;5;14;6;0;6;15;4;9;0;2;4;5;4;6;22;2.665848916495923;4;4;4;2;18;16;1;6;1;6;3;10;2;5;19;6;8;4;6;2;0;13;11;3;20;-4.756331604557056;4;4;2;2;5;1;3;5;14;0;6;21;7.707510668684343;6;14;2;0;4;6;21;6.112383433580128;4;5;24;6;0;3;25;1;9;16;2;0;5;1;0;16;9;6;10;2;4;5;15;4;6;24;6;0;5;6;15;6;1;10;13
TRACK:1574;2;1;4;1;4;3;0;2;2;1;1;2;19;20;-4.142185303395147;0;8;23;-1.4602899930131628;1;3;19;6;16;1;5;0;18;10;6;6;19;2;3;6;0;13;17;4;4;1;25;9;5;6;1;4;6;22;-2.0582719638834;2;1;22;2.6848393667379593;17;4;8;6;2;6;3;0;1;2;1;19;12;3;14;1;3;9;1;7;-7.3461643690864475;14;3;3;3;25;5;6;3;6;5;4;25
TRACK:1575;2;1;1;0;1;0;6;1;6;6;0;0;11;13;0;24;25;2;0;0;1;11;18;5;13;0;5;19;1;16;16;1;0;2;23;-2.2571701295058633;11;5;14;6;1;16;13;6;0;2;4;5;4;9;0;6;6;19;5;6;7;-8.027529548669474;6;1;4;2;7;0.07010987965106708;9;2;1;18;14;0;13;16;4;4;5;2;10;5;6;0;10;20;9.760890453417513;0;6;5;2;4;6;6;6;12;4;2;5;2;18;18;2;3;20;-1.309421897974218;6;21;8.619756525285762;5;3;0;5;3;4;0;16;17;0;0;2;2;12;20;-7.142345868378386;2;13;22;7.201771128708472;4;1;23;1.9260129348463444;25;6;6;1;10;25;5;4;6;2;2;5;5;5;5;24;3;6;1;5;7;0.5327554097370673;4;8;5;3;2;6;2;19;23;-4.7855461444313185;6;6;19
TRACK:1576;3;8;5;0;5;6;0;5;5;4;6;2;23;-9.425875259368343;23;6.351964638882649;6;2;6;0;0;22;-5.7053140582007185;15;2;13;8;0;1;4;14;5;9;2;2;22;-2.8628063595721738;8;8;3;0;4;1;3;3;5;6;22;6.502010675018717;2;1;5;0;7;2.951350615301049;22;3.1091386531019545;5;1;8;18;2;2;1;9;10;1;12;21;0.4828827554892712;2;5;7;-5.060335771358783;3;24;0;4;5;2;0;2;23;-5.9151488629807725;17;4;11;4;0;11;25;4;2;4;5;6;19;5;0;3;15;2;13;18
TRACK:1577;3;8;6;4;2;0;4;3;6;1;9;10;6;4;0;1;3;4;7;-1.796785627472408;2;4;25;1;24;15;3;3;0;24;18;5;3;2;6;6;4;4;10;1;2;4;3;14;2;5;8;3;20;9.74776600337508;1;1;5;12;3;25;5;2;12;15
TRACK:1578;2;4;4;1;4;3;0;2;2;1;1;2;19;20;-4.142185303395147;0;8;23;-1.4602899930131628;1;3;19;6;16;1;5;0;18;10;5;1;18;21;-9.826680263377368;2;3;6;0;13;17;4;4;1;25;9;5;6;1;4;6;19;2;1;22;2.6848393667379593;17;4;8;6;2;6;3;0;1;2;1;19;12;3;14;1;3;9;1;7;-7.3461643690864475;14;3;3;3;25;5;6;3;6;5;4;25
TRACK:1579;2;4;3;5;2;1;7;-7.3461643690864475;14;4;4;3;4;3;0;3;24;5;25
TRACK:1580;1570;-1;0;4;4;0;1;4;4;5;5;5;8;5;1;4;1;0;15;23;9.056115488134038;4;21;7.468796533343834;2;3;19;1;5;25;4;8;0;1;6;5;3;1;7;1.2807995991317591;22;4.932002642716204;5;3;5;4;22;9.541446909157495;0;4;1;6;4;8;6;1;24;12;1;1;6;1;9;8;1;6;21;-8.19793375929913;3;7;-8.238043793011826;6;5;3;25;6;3;5;1;6;2;1;1;4;25;1;19;10;6;3;9;1;2;0;16;20;-8.442622201230657;4;19;2;2;16;15;1;17;20;-4.664646160894186;3;0;0;0;4;25;24;4;1;23;3.3434783130125734;12;3;0;2;23;8.073467801738836;20;4.816327602470882;1;21;8.255034087242736;11
TRACK:1581;1572;-1;4;0;1;3;5;3;3;5;5;4;19;2;4;1;3;3;13;3;5;15;2;6;3;5;14;6;0;6;15;4;9;6;4;2;0;0;6;6;1;21;-0.7886144571934093;22;-5.733895639040349;0;1;6;16;4;14;1;0;9;7;3.549305328868274;5;25;0;2;4;6;21;1.7546632266007691;0;1;13;25;4;18;4;1;1;21;-6.534130316663084;20;1.7654062098840946;5;13;3;2;2;6;1;25;25;3;6;7;5.57930771285149;6;6;1;17;22;-0.9282242100214022
TRACK:1582;1574;-1;4;1;4;3;0;2;2;5;2;3;7;3.5884584115284888;3;15;1;5;0;18;10;6;6;19;2;3;6;0;13;17;4;4;1;25;9;5;6;1;4;6;22;-2.0628123876634192;2;1;22;2.5407411608483166;17;4;8;6;2;6;3;0;1;2;1;19;12;3;14;1;3;9;1;7;-7.407688998585233;14;3;3;3;25;5;6;3;6;5;4;25
TRACK:1583;1576;-1;5;0;5;6;0;5;5;4;6;2;23;-9.524158921087023;23;6.319952395644145;6;2;6;0;0;22;-5.527445129387083;15;2;13;8;0;1;4;14;5;9;2;2;22;-2.7042932240535915;8;8;3;0;4;1;3;3;5;6;22;6.5868595462580055;2;1;5;0;7;3.033474375124943;22;3.131868336138971;5;1;8;18;2;2;1;9;10;1;12;21;0.4534925749902567;2;5;7;-4.994568959405751;3;24;0;4;5;2;0;2;23;-5.8724750493690125;17;4;11;4;0;11;25;4;2;4;5;6;19;5;0;3;15;4;23;-3.0316016520586064
TRACK:1584;2;-1;4;1;4;3;0;2;2;1;1;2;19;20;-4.1950924529499565;0;8;23;-1.4200100207839654;1;3;19;6;16;1;5;0;18;10;3;6;17;2;3;6;0;13;17;4;4;1;25;9;5;6;1;4;6;22;-2.1336366779007356;2;1;22;2.7114600214212343;17;4;8;6;2;6;3;0;1;2;1;19;12;3;14;1;3;9;1;7;-7.374280007966371;14;3;3;3;25;5;6;3;6;5;4;25
TRACK:1585;1571;-1;1;5;3;1;0;4;5;1;2;3;9;5;23;7.392467337949423;1;6;7;0.32839424451290183;3;11;4;6;6;1;6;16;2;7;-5.770355399017413;22;3.5484437518572585;1;0;3;4;6;2;25;10;1;4;6;4;15;5;0;6;22;-9.532381578022733;4;8;0;6;0;6;1;19;23;-3.496454468091823;0;5;25;1;11;12;4;5;6;3;22;-9.26837644612236;0;6;5;5;6;4;0;3;4;11;4;6;23;3.2686888622322905;4;2;0;0;0;2;0;2;14;8;3;18;5;3;7;-7.414948311489533;0;4;6;22;6.896999930070475;4;20;-1.1003809981556927;4;5;3;0;20;-2.725120682359351;20;4.608084789909556;6;5;4;5;1;16;19;2;4;2;6;1;6;14;3;21;9.465151553250761;2;4;0;25;21;7.639490988177955;1;1;17;10;3;17;5;0;4;0;5;24;0;25;9;0;3;5;24;0;2;17;10;0;16;11
TRACK:1586;1573;-1;4;1;2;6;3;3;3;1;6;6;24;5;1;13;13;2;2;5;5;1;0;5;9;14;4;6;16;2;4;1;3;3;13;3;5;15;2;6;3;5;14;6;0;6;15;4;9;0;2;4;5;4;6;22;2.6309539099515753;4;4;4;2;18;16;1;6;1;6;3;10;2;5;19;6;8;4;6;2;0;13;11;3;20;-4.632556218891288;4;4;2;2;5;1;3;5;14;0;6;21;7.759262315791058;6;14;2;0;4;6;21;6.08424438035934;4;5;24;6;0;3;25;1;9;16;2;0;5;1;0;16;11;6;10;2;4;5;15;4;6;24;6;0;5;6;15;6;1;10;13
TRACK:1587;1575;-1;1;0;1;0;6;1;6;6;0;0;11;13;0;24;25;2;0;0;1;11;18;5;13;0;5;19;1;16;16;1;0;2;23;-2.173669219487207;11;5;14;6;1;16;13;6;0;2;4;5;4;9;0;6;6;19;5;6;7;-7.8935962168842195;6;1;4;2;7;0.03261520186762623;9;2;1;18;14;0;13;16;4;4;5;2;10;5;6;0;13;20;9.823742264954603;0;6;5;2;4;6;6;6;12;4;2;5;2;18;18;2;3;20;-1.3502052752999871;6;21;8.76562501417007;5;3;0;5;3;4;0;16;17;0;0;2;2;12;20;-7.0500618439869545;2;13;22;7.366582592274679;4;1;23;1.831664934091556;25;6;6;1;10;25;5;4;6;2;2;5;5;5;5;24;3;6;1;5;7;0.5894506977282521;4;8;5;3;2;6;2;19;23;-4.610483268611748;6;6;19
TRACK:1588;1577;-1;6;4;2;0;4;3;6;1;9;10;6;4;0;1;3;4;7;-1.8678581240933712;2;4;25;5;20;-2.287576160003411;3;3;0;24;18;5;3;2;6;6;4;4;10;1;2;4;3;14;2;5;8;3;20;9.769126314004978;1;1;5;12;3;25;5;2;12;15
TRACK:1589;4;-1;3;5;2;2;1;0;3;2;6;23;-9.95507947461414;2;20;-2.4776233284483684;9;4;6;0;18;20;-5.967145340583874;3;0;6;3;25;6;2;19;21;2.75300533530765;6;1;3;2;2;11;14;5;16;2;2;6;22;-2.0353225913999706;3;17;0;4;10;4;8;4;4;3;4;3;0;3;24;5;25
EVAL_INSTANCE:79:0:1580
EVAL_INSTANCE:79:1:1581
EVAL_INSTANCE:79:2:1582
EVAL_INSTANCE:79:3:1583
EVAL_INSTANCE:79:4:1584
EVAL_INSTANCE:79:5:1585
EVAL_INSTANCE:79:6:1586
EVAL_INSTANCE:79:7:1587
EVAL_INSTANCE:79:8:1588
EVAL_INSTANCE:79:9:1589
RUN_RESULT:79:0:0:2000:----
RUN_RESULT:79:1:0:2000:----
RUN_RESULT:79:2:0:2000:----
RUN_RESULT:79:3:0:2000:----
RUN_RESULT:79:4:0:2000:----
RUN_RESULT:79:5:0:2000:----
RUN_RESULT:79:6:0:2000:----
RUN_RESULT:79:7:0:2000:----
RUN_RESULT:79:8:0:2000:----
RUN_RESULT:79:9:0:2000:----
    80 |      800 |  0.000000E+00 | -0.000000E+00
TRACK:1590;7;0;0;4;4;0;1;4;4;5;5;5;8;5;1;4;1;0;15;23;9.010026579099339;4;21;7.603077435577408;2;3;1;21;0.8741299139996013;20;-9.727771496719013;1;5;25;4;8;0;1;6;5;3;1;7;1.1694286702868357;22;4.9607544345329515;5;3;5;4;22;9.67370061750217;0;4;1;6;4;8;6;1;24;12;5;3;19;6;3;5;1;6;2;1;1;4;25;1;19;10;6;3;9;1;2;0;16;20;-8.356452856661015;4;19;2;2;16;15;1;17;20;-4.716407496205484;3;0;0;0;4;25;4;16;4;1;23;3.4058139379531127;12;3;0;2;23;7.997450742602297;20;4.678946297741202;1;21;8.169859715769505;11
TRACK:1591;7;0;4;6;3;1;5;6;6;6;1;2;15;15;6;17;1;1;4;6;5;4;16;2;6;0;2;17;18;5;19;3;1;1;13;15;19;6;6;4;5;3;19
TRACK:1592;4;6;3;5;2;3;6;2;5;4;4;6;15;1;3;2;3;11;6;22;-0.03499774720603632;3;5;4;11;4;4;3;4;3;0;3;24;5;25
TRACK:1593;4;6;4;0;1;3;5;3;3;5;5;4;19;2;3;1;2;1;5;1;14;12;4;1;15;18;0;5;2;11;7;3.3949546236874166;1;1;21;0.15781845565135022;24;6;14;6;6;6;5;14;6;4;6;0;3;3;9;0;2;19;17;3;15;6;4;2;0;0;6;6;1;21;-0.8411316608662993;22;-5.721673982302146;0;1;6;16;4;14;1;0;9;7;3.452318748288228;5;25;5;4;5;3;12;3;2;2;6;1;25;25;3;6;7;5.598869455374256;6;6;1;17;24
TRACK:1594;8;5;6;4;2;0;4;3;6;1;6;6;11;1;1;23;-6.194829372622004;8;0;23;-6.448084404665872;22;-2.585017750253062;6;4;0;1;3;4;7;-1.796785627472408;2;4;25;1;24;15;3;3;0;24;18;5;2;14;18
TRACK:1595;8;5;1;5;3;1;0;4;5;1;2;3;9;5;23;7.309737645474968;1;6;7;0.3218028824642367;3;11;4;6;6;1;6;16;2;7;-5.854091696762859;22;3.66350285320285;1;0;3;4;6;2;25;10;1;4;6;4;15;5;0;6;22;-9.58565805499974;4;8;0;6;0;6;1;19;23;-3.587308483082352;0;5;25;1;11;12;4;5;6;3;22;-9.350739913168448;0;6;5;5;6;4;0;3;4;11;4;6;23;3.393492578825029;4;2;0;0;0;2;0;2;14;18;3;18;5;3;7;-7.279508601903622;0;4;6;22;6.945105059765922;3;4;14;4;5;3;0;20;-2.748115565306861;20;4.594253372334986;6;5;4;5;1;16;19;2;4;2;6;1;6;14;3;21;9.356815312735755;2;4;0;25;21;7.75724703552433;1;0;24;18;3;17;5;0;4;0;5;24;0;25;9;0;3;5;24;0;2;17;10;0;16;11
TRACK:1596;8;0;6;4;2;0;4;3;6;1;6;6;11;1;1;23;-6.194829372622004;8;17;6;4;0;1;3;4;7;-1.796785627472408;2;4;25;1;24;15;3;3;0;24;18;5;3;2;6;6;4;4;10;1;2;4;3;14;2;5;8;3;20;9.74776600337508;1;1;5;12;3;25;5;2;12;15
TRACK:1597;8;0;4;6;3;1;5;6;6;6;1;2;15;15;6;17;1;1;4;6;5;4;16;2;6;6;11;3;1;1;13;15;6;25;6;6;4;5;3;19
TRACK:1598;2;6;4;1;4;3;0;2;2;1;1;2;19;20;-4.142185303395147;0;8;23;-1.4602899930131628;1;3;19;6;16;1;5;0;18;10;5;1;18;21;-9.826680263377368;2;3;6;0;13;17;4;4;1;25;9;5;6;1;4;6;22;-2.0582719638834;2;1;22;2.6848393667379593;17;4;8;7;3.3949546236874166
TRACK:1599;2;6;4;0;1;3;5;3;3;5;5;4;19;2;3;1;2;1;5;1;9;12;4;1;15;18;0;5;2;11;7;3.3949546236874166;1;1;21;0.15781845565135022;24;6;14;6;6;6;5;14;6;4;6;0;3;3;9;0;2;19;17;3;15;6;4;2;0;0;6;6;1;21;-0.8411316608662993;22;-5.721673982302146;0;1;6;16;4;14;1;0;9;7;3.452318748288228;5;25;5;4;5;3;12;3;2;2;6;1;25;25;3;6;7;5.598869455374256;6;6;1;17;22;-0.8355763743440541
TRACK:1600;1590;-1;0;4;4;0;1;4;4;5;5;5;8;5;1;4;1;0;15;23;9.109210535397022;4;21;7.604800948967517;2;3;1;21;0.8521575085975526;20;-9.825481059893287;1;5;25;4;8;0;1;6;5;3;1;7;1.2211905213268173;22;4.97106973420998;5;3;5;4;22;9.71666888774674;0;4;1;6;4;8;6;1;24;12;5;3;19;6;3;5;1;6;2;1;1;4;25;1;19;10;6;3;9;1;2;0;16;20;-8.421958273884941;6;21;-6.092716670300402;2;2;16;15;1;17;20;-4.56643184685844;3;0;0;0;4;25;4;16;4;1;23;3.471472363094365;12;3;0;2;23;8.077281217923375;20;4.738330522933403;1;21;7.991250459039608;11
TRACK:1601;1592;-1;3;5;2;3;6;2;5;4;4;6;15;1;3;2;3;11;6;22;0.07199211300425237;3;5;4;11;4;4;3;4;3;0;3;17;5;25
TRACK:1602;1594;-1;6;4;2;0;4;3;6;1;6;5;22;-9.805114374341386;1;1;23;-6.113865008574858;8;0;23;-6.6065903352394395;22;-2.608734013524649;6;4;0;1;3;4;7;-1.6504943658133289;2;4;25;1;24;15;3;3;0;24;18;5;2;14;18
TRACK:1603;1596;-1;6;4;2;0;4;3;6;1;6;6;11;1;1;23;-6.270425128856334;8;17;6;4;0;1;3;4;7;-1.7817172420674727;2;4;25;1;24;15;3;3;0;24;18;5;3;2;6;6;4;4;10;1;2;4;5;10;2;5;8;3;20;9.786470340767655;1;1;5;12;3;25;5;2;12;15
TRACK:1604;1598;-1;4;1;4;3;0;2;2;1;1;2;19;20;-4.043765468128152;5;11;1;3;19;6;16;1;5;0;18;10;5;1;18;21;-9.78391787258484;2;3;6;0;13;17;4;4;1;25;9;5;6;1;4;6;22;-1.8840847125648439;2;1;22;2.773612836803883;17;4;8;7;3.3657520164659815
TRACK:1605;1591;-1;4;6;3;1;5;6;6;6;1;2;15;15;6;17;1;1;4;6;5;4;16;2;6;0;2;17;18;5;19;1;4;10;0;9;23;8.831039285394692;6;6;4;5;3;19
TRACK:1606;1593;-1;4;0;1;3;5;3;3;5;5;4;19;2;3;1;2;1;5;1;14;12;4;1;15;18;0;5;2;11;7;3.44300350606099;1;1;21;0.1295267362962499;24;6;14;6;6;6;5;14;6;4;6;0;3;3;9;0;2;19;17;3;15;6;4;2;0;0;6;6;1;21;-0.7149712781864518;22;-5.703372373749532;0;0;4;20;8.06114899686797;4;13;1;0;9;7;3.4908790263829066;5;25;5;4;5;3;12;3;2;2;6;1;25;25;3;6;7;5.593850368882541;6;6;1;17;24
TRACK:1607;1595;-1;1;5;3;1;0;4;5;1;2;3;9;5;23;7.430566898476755;1;6;7;0.17471258556898173;3;11;4;6;6;1;6;16;2;7;-5.971755914236277;22;3.575207129342844;1;0;3;4;6;2;25;10;1;4;6;4;15;5;0;6;22;-9.536606407807636;4;8;0;6;0;6;1;19;23;-3.551073934060883;0;5;25;1;11;12;4;5;6;3;22;-9.264133026406157;0;6;5;5;6;4;0;3;4;11;4;6;23;3.3343591478609187;4;2;0;0;0;2;0;2;14;18;3;18;5;3;7;-7.2992125862841295;0;4;6;22;6.946405475042747;3;4;14;4;5;3;0;20;-2.8252645365424205;20;4.57270611661194;4;12;2;4;2;6;1;6;14;3;21;9.343921318833772;2;4;0;25;21;7.757097959414584;1;0;24;18;3;17;5;0;4;0;5;24;0;25;9;0;3;5;24;0;2;17;10;0;16;11
TRACK:1608;1597;-1;4;6;3;1;5;6;6;6;1;2;15;15;6;17;1;1;4;6;5;4;16;2;6;6;5;16;3;1;1;13;15;6;25;6;6;4;5;3;19
TRACK:1609;1599;-1;4;0;1;3;5;3;3;5;5;4;19;2;3;1;2;1;5;1;9;12;4;1;15;18;0;5;2;11;7;3.4532986067978064;1;1;21;0.09607289600504484;24;6;14;6;6;6;5;14;6;4;6;0;3;3;9;0;2;19;17;3;15;6;4;2;0;0;6;6;1;21;-0.6866965760633548;22;-5.704261284012297;0;1;6;16;4;14;1;0;9;7;3.4615443716569065;5;25;5;4;5;3;12;3;2;2;6;1;25;25;3;6;7;5.684632098590835;6;6;1;17;22;-0.7851398636618265
EVAL_INSTANCE:80:0:1600
EVAL_INSTANCE:80:1:1601
EVAL_INSTANCE:80:2:1602
EVAL_INSTANCE:80:3:1603
EVAL_INSTANCE:80:4:1604
EVAL_INSTANCE:80:5:1605
EVAL_INSTANCE:80:6:1606
EVAL_INSTANCE:80:7:1607
EVAL_INSTANCE:80:8:1608
EVAL_INSTANCE:80:9:1609
RUN_RESULT:80:0:0:2000:----
RUN_RESULT:80:1:0:2000:----
RUN_RESULT:80:2:0:2000:----
RUN_RESULT:80:3:0:2000:----
RUN_RESULT:80:4:0:2000:----
RUN_RESULT:80:5:0:2000:----
RUN_RESULT:80:6:0:2000:----
RUN_RESULT:80:7:0:2000:----
RUN_RESULT:80:8:0:2000:----
RUN_RESULT:80:9:0:2000:----
    81 |      810 |  0.000000E+00 | -0.000000E+00
TRACK:1610;5;0;1;5;3;1;0;4;5;1;2;3;9;5;23;7.309737645474968;1;6;7;0.3218028824642367;3;11;4;6;6;1;6;16;2;7;-5.854091696762859;22;3.66350285320285;1;0;3;4;6;2;16;10;1;4;6;4;15;5;0;6;22;-9.58565805499974;4;8;0;6;0;6;1;19;23;-3.587308483082352;0;5;25;1;11;12;4;5;6;3;22;-9.350739913168448;0;6;5;5;6;4;0;3;4;11;4;6;23;3.393492578825029;4;2;0;0;0;2;0;2;14;18;3;18;5;3;7;-7.279508601903622;0;4;6;22;6.945105059765922;3;4;14;4;5;3;0;20;-2.748115565306861;20;4.594253372334986;6;5;4;5;1;16;19;2;4;2;6;1;6;14;3;21;9.356815312735755;2;4;0;25;21;7.75724703552433;1;1;17;10;3;17;5;0;4;0;5;24;0;25;9;0;3;5;24;0;2;17;10;0;16;11
TRACK:1611;5;0;4;6;3;1;5;6;6;6;1;2;15;15;6;17;1;1;5;1;16;19;2;6;0;2;17;18;5;19;3;1;1;13;15;6;25;6;6;4;5;3;19
TRACK:1612;4;7;3;5;2;3;6;2;5;4;4;6;15;1;3;2;3;19;6;22;-0.03499774720603632;3;5;4;11;4;4;3;4;3;0;20;-9.727771496719013;5;25
TRACK:1613;4;7;0;4;4;0;1;4;4;5;5;5;8;5;1;4;1;0;15;23;9.010026579099339;4;21;7.603077435577408;2;3;1;21;0.8741299139996013;20;-9.727771496719013;1;5;25;4;8;0;1;6;5;3;1;7;1.1694286702868357;22;4.9607544345329515;5;3;5;4;22;9.67370061750217;0;4;1;6;4;8;6;1;24;12;1;1;6;1;9;8;1;6;21;-8.244041740037652;3;7;-8.343934600877203;6;5;3;25;6;3;5;1;6;2;1;1;4;25;1;19;10;6;3;9;1;2;0;16;20;-8.356452856661015;4;19;24;3;0;0;0;4;25;4;16;4;1;23;3.4058139379531127;12;3;0;2;23;7.997450742602297;20;4.678946297741202;1;21;8.169859715769505;11
TRACK:1614;1;1;1;0;1;0;6;1;6;6;0;0;11;13;0;24;25;2;0;0;1;11;18;5;13;0;5;19;1;16;16;1;0;2;23;-2.2571701295058633;11;5;14;6;1;16;13;2;1;18;14;0;13;16;4;4;5;2;3;1;5;21;8.72293539427383;4;10;5;6;0;10;20;9.760890453417513;0;6;5;2;4;6;6;6;12;4;2;5;2;18;18;2;3;20;-1.309421897974218;6;21;8.619756525285762;5;3;0;5;3;4;0;16;17;0;0;2;2;12;20;-7.142345868378386;2;13;22;7.201771128708472;4;1;23;1.9260129348463444;25;6;6;1;10;25;5;4;6;2;2;5;5;5;5;24;3;6;1;5;7;0.5327554097370673;4;8;5;3;2;6;2;19;23;-4.7855461444313185;6;6;19
TRACK:1615;1;1;1;0;1;0;6;1;6;6;0;0;11;13;0;24;25;2;0;0;1;11;18;5;13;0;5;19;1;16;16;1;0;2;23;-2.2571701295058633;11;5;14;6;1;16;13;6;0;2;4;5;4;9;0;6;6;19;5;6;7;-8.027529548669474;6;22;7.201771128708472;4;4;5;2;3;1;5;21;8.72293539427383;4;10;5;6;0;10;20;9.760890453417513;0;6;5;2;4;6;6;6;12;4;2;5;2;18;18;2;3;20;-1.309421897974218;6;21;8.619756525285762;5;3;0;5;3;4;0;16;17;0;0;2;2;12;20;-7.142345868378386;2;13;22;7.201771128708472;4;1;23;1.9260129348463444;25;6;6;1;10;25;5;4;6;2;2;5;5;5;5;24;3;6;1;5;7;0.5327554097370673;4;8;5;3;2;6;2;19;23;-4.7855461444313185;6;6;19
TRACK:1616;7;3;0;4;4;0;1;4;4;5;5;5;8;5;1;4;1;0;15;23;9.010026579099339;4;21;7.603077435577408;2;3;1;21;0.8741299139996013;20;-9.727771496719013;1;5;25;4;8;0;1;6;5;3;1;7;1.1694286702868357;22;4.9607544345329515;5;3;5;4;22;9.67370061750217;0;4;1;6;4;8;6;1;24;12;1;1;6;1;9;8;1;6;21;-8.244041740037652;3;7;-8.343934600877203;6;5;3;25;6;3;5;1;6;2;1;1;4;25;1;19;10;6;3;9;1;2;0;16;20;-8.356452856661015;4;19;2;2;16;15;1;17;20;-4.716407496205484;3;0;0;0;4;25;4;16;4;1;23;3.4058139379531127;12;3;0;6;19;1;21;8.169859715769505;11
TRACK:1617;7;3;5;0;5;6;0;3;0;0;0;4;25;4;16;4;1;23;3.4058139379531127;12;3;0;2;23;7.997450742602297;20;4.678946297741202;1;21;8.169859715769505;11;6;2;6;0;0;22;-5.7053140582007185;15;2;13;8;0;1;4;14;5;9;2;2;22;-2.8628063595721738;8;3;13;3;0;4;1;3;3;5;6;22;6.502010675018717;2;1;5;0;7;2.951350615301049;22;3.1091386531019545;5;1;8;18;2;2;1;9;10;1;12;21;0.4828827554892712;2;5;7;-5.060335771358783;3;24;0;4;5;2;0;2;23;-5.9151488629807725;17;4;11;4;0;11;25;4;2;4;5;6;19;5;0;3;15;2;13;18
TRACK:1618;8;4;6;4;2;0;4;3;6;1;6;6;11;1;1;23;-6.194829372622004;8;0;23;-6.448084404665872;22;-2.585017750253062;6;4;0;1;3;4;7;-1.796785627472408;2;4;25;1;24;15;3;0;3;24;5;25;5;3;2;6;6;4;4;10;1;2;4;3;14;2;5;8;3;20;9.74776600337508;1;1;5;12;3;25;5;2;12;15
TRACK:1619;8;4;3;5;2;3;6;2;5;4;4;6;15;1;3;2;3;19;6;22;-0.03499774720603632;3;5;4;11;4;4;3;4;3;0;3;24;5;11
TRACK:1620;1610;-1;1;5;3;1;0;4;5;1;2;3;9;5;23;7.356345525746374;1;6;7;0.36921357488439493;3;11;4;6;6;1;6;16;2;7;-5.965452069182089;22;3.5904311730225222;1;0;3;4;6;2;16;10;1;6;0;1;15;8;2;12;9;5;0;6;22;-9.598391785091376;4;8;0;6;0;6;1;19;23;-3.517619944453208;0;5;25;1;11;12;4;5;6;3;22;-9.185108439595957;0;6;5;5;6;4;0;3;4;11;4;6;23;3.542841282403707;4;2;0;0;0;2;0;2;14;18;3;18;5;3;7;-7.1905356599091235;0;4;6;22;7.010153107473966;3;4;14;4;5;3;0;20;-2.6231019154022683;20;4.529941324829508;6;5;4;5;1;16;19;2;4;2;6;1;6;14;3;21;9.15917406164483;2;4;0;25;21;7.811310070164638;1;1;17;10;3;17;5;0;4;0;5;24;0;25;9;0;3;5;24;0;2;17;10;0;16;11
TRACK:1621;1612;-1;3;5;2;3;6;2;5;4;4;6;15;1;3;2;3;19;6;22;-0.12841281345501843;3;5;4;11;4;4;3;4;3;0;12;17
TRACK:1622;1614;-1;1;0;1;0;6;1;6;6;0;0;11;13;0;24;25;2;0;0;1;11;18;5;13;0;5;19;1;16;16;1;0;2;23;-2.3798928518157916;11;5;14;6;1;16;13;2;1;18;14;0;13;16;4;4;5;2;3;1;5;21;8.76593710067521;4;10;5;6;1;25;12;0;6;5;2;4;6;6;6;12;4;2;5;2;18;18;2;3;20;-1.3236030965244405;6;21;8.612832216109451;5;3;0;5;3;4;0;16;17;0;0;2;2;12;20;-7.001074610703237;2;13;22;7.251529979338319;4;1;23;1.848628013875715;25;6;6;1;10;25;5;4;6;2;2;5;5;5;5;24;3;6;1;5;7;0.4753510442473426;4;8;5;3;2;6;2;19;23;-4.887560879255762;6;6;19
TRACK:1623;1616;-1;0;4;4;0;1;4;4;5;5;5;8;5;1;4;1;0;15;23;9.028091906930579;4;21;7.556695177841596;2;3;1;21;0.7859395113938573;20;-9.898520283725007;1;5;25;4;8;0;1;6;5;3;1;7;1.0797448423813032;22;5.194927444831941;5;3;5;4;22;9.57193180641532;0;4;1;6;4;8;6;1;24;12;1;1;6;1;9;8;1;6;21;-8.112882059983903;3;7;-8.227218100108391;6;5;3;25;6;3;5;1;6;2;1;1;4;25;1;19;10;6;3;9;1;2;0;16;20;-8.343167829871671;4;19;2;2;16;15;1;17;20;-4.684863976179874;3;0;0;0;4;25;4;16;4;1;23;3.533969167318721;12;3;5;14
TRACK:1624;1618;-1;6;4;2;0;4;3;6;1;6;6;11;1;1;23;-6.090593258292735;8;0;23;-6.371690880543403;22;-2.7443931387356018;6;4;0;1;3;4;7;-1.7231431006673166;2;4;25;1;24;15;3;0;3;24;5;25;5;3;2;0;3;7;1.4527745021218195;6;18;1;2;4;3;14;2;5;8;3;20;9.67138785738665;1;1;5;12;3;25;5;2;12;15
TRACK:1625;1611;-1;4;6;3;1;5;6;6;6;1;2;15;15;6;17;1;1;5;1;16;19;2;6;0;2;17;18;5;19;3;1;1;13;12;6;25;6;6;4;5;3;19
TRACK:1626;1613;-1;0;4;4;0;1;4;4;5;5;5;8;5;1;4;1;0;15;23;9.14845876716149;4;21;7.359390199185922;2;3;1;21;0.9019926706962622;20;-9.667013719097193;1;5;25;4;8;0;1;6;5;3;1;7;1.1288862680792722;22;4.923415387834881;5;3;5;4;22;1.9093599313925438;0;4;1;6;4;8;6;1;24;12;1;1;6;1;9;8;1;6;21;-8.069671265616304;3;7;-8.097315874487919;6;5;3;25;6;3;5;1;6;2;1;1;4;25;1;19;10;6;3;9;1;2;0;16;20;-8.451375568437927;4;19;24;3;0;0;0;4;25;4;16;4;1;23;3.40030935234727;12;3;0;2;23;7.843041077843034;20;4.585415304535219;1;21;8.12161302938483;11
TRACK:1627;1615;-1;1;0;1;0;6;1;6;6;0;0;11;13;0;24;25;2;0;0;1;11;18;5;13;0;5;19;1;16;16;1;0;2;23;-2.125421676189314;11;5;14;6;1;16;13;6;0;2;4;5;4;9;0;6;6;19;5;6;7;-7.861161299513748;6;22;7.256555832759587;4;4;5;2;3;1;5;21;8.813317353705088;4;10;5;6;0;10;20;9.966717391795177;0;6;5;2;4;6;6;6;12;4;2;5;2;18;18;2;3;20;-1.2043557511804366;6;21;8.62794919811199;5;2;17;20;-1.6935614139666804;5;4;6;2;2;5;5;5;5;24;3;6;1;5;7;0.55023489076727;4;8;5;3;2;6;2;19;23;-4.902351725995128;6;6;19
TRACK:1628;1617;-1;5;0;5;6;0;3;0;0;0;4;25;4;16;4;1;23;3.2751534477108195;12;3;0;2;23;7.976311289475753;20;4.654537002351254;1;21;8.077286155035862;11;6;2;6;0;0;22;-5.694884205011797;15;2;13;8;0;1;4;14;5;9;2;2;22;-2.859829093492739;8;3;13;3;0;4;1;3;3;5;4;22;-4.065216389720772;2;1;5;0;7;3.161315449032137;22;3.161081338889652;5;1;8;18;2;2;1;9;10;1;12;21;0.6235709124969405;2;5;7;-5.130754676471468;3;24;0;4;5;2;0;2;23;-5.990852577560823;17;4;11;4;0;11;25;4;2;4;5;6;19;5;0;3;15;2;13;18
TRACK:1629;1619;-1;3;5;1;6;1;1;5;4;1;8;17;5;2;5;10;0;19;16;5;5;0;1;23;1.2885965544371274;24;2;19;11;5;2;3;3;0;1;19;14;5;16;6;5;6;1;16;15
EVAL_INSTANCE:81:0:1620
EVAL_INSTANCE:81:1:1621
EVAL_INSTANCE:81:2:1622
EVAL_INSTANCE:81:3:1623
EVAL_INSTANCE:81:4:1624
EVAL_INSTANCE:81:5:1625
EVAL_INSTANCE:81:6:1626
EVAL_INSTANCE:81:7:1627
EVAL_INSTANCE:81:8:1628
EVAL_INSTANCE:81:9:1629
RUN_RESULT:81:0:0:2000:----
RUN_RESULT:81:1:0:2000:----
RUN_RESULT:81:2:0:2000:----
RUN_RESULT:81:3:0:2000:----
RUN_RESULT:81:4:0:2000:----
RUN_RESULT:81:5:0:2000:----
RUN_RESULT:81:6:0:2000:----
RUN_RESULT:81:7:0:2000:----
RUN_RESULT:81:8:0:2000:----
RUN_RESULT:81:9:0:2000:----
    82 |      820 |  0.000000E+00 | -0.000000E+00
TRACK:1630;8;5;6;4;2;0;4;3;6;1;6;6;11;1;1;23;-6.194829372622004;8;0;23;-6.448084404665872;22;-2.585017750253062;6;4;0;1;3;4;7;-1.796785627472408;2;4;25;1;24;15;3;3;0;24;18;5;3;0;5;24;0;25;9
TRACK:1631;8;5;1;5;3;1;0;4;5;1;2;3;9;5;23;7.309737645474968;1;6;7;0.3218028824642367;3;11;4;6;6;1;6;16;2;7;-5.854091696762859;22;3.66350285320285;1;0;3;4;6;2;25;10;1;4;6;4;15;5;0;6;22;-9.58565805499974;4;8;0;6;0;6;1;19;23;-3.587308483082352;0;5;25;1;11;12;4;5;6;3;22;-9.350739913168448;0;6;5;5;6;4;0;3;4;11;4;6;23;3.393492578825029;4;2;0;0;0;2;0;2;14;18;3;18;5;3;7;-7.279508601903622;0;4;6;22;6.945105059765922;3;4;14;4;5;3;0;20;-2.748115565306861;20;4.594253372334986;6;5;4;5;1;16;19;2;4;2;6;1;6;14;25;2;4;0;25;21;7.75724703552433;1;1;17;10;3;17;5;0;4;0;5;24;0;25;9;0;3;5;24;0;2;17;10;0;16;11
TRACK:1632;9;7;4;1;2;6;3;3;3;1;6;6;24;5;1;13;13;2;2;5;5;1;0;5;9;4;11;4;6;16;2;4;1;3;3;13;3;5;15;2;6;3;5;14;6;0;6;15;4;9;0;2;4;5;4;6;22;2.665848916495923;4;4;4;2;18;16;1;6;1;6;3;10;2;5;19;6;8;4;6;2;0;13;11;3;20;-4.756331604557056;4;4;2;2;5;1;3;5;14;0;6;21;7.707510668684343;6;14;2;0;4;6;21;6.112383433580128;4;5;24;6;0;3;25;1;9;16;2;0;5;1;0;16;9;6;10;2;4;5;15;4;6;24;6;8
TRACK:1633;9;7;0;4;4;0;1;4;4;5;5;5;8;5;1;4;14;2;3;1;21;0.8741299139996013;20;-9.727771496719013;1;5;25;4;8;0;1;6;5;3;1;7;1.1694286702868357;22;4.9607544345329515;5;3;5;4;22;9.67370061750217;0;4;1;6;4;8;6;1;24;12;1;1;6;1;9;8;1;6;21;-8.244041740037652;3;7;-8.343934600877203;6;5;3;25;6;3;5;1;6;2;1;1;4;25;1;19;10;6;3;9;1;2;0;16;20;-8.356452856661015;4;19;2;2;16;15;1;17;20;-4.716407496205484;3;0;0;0;4;25;4;16;4;1;23;3.4058139379531127;12;3;0;2;23;7.997450742602297;20;4.678946297741202;1;21;8.169859715769505;11
TRACK:1634;4;2;3;5;2;3;6;2;5;4;3;14;1;3;2;3;19;6;22;-0.03499774720603632;3;5;4;11;4;4;3;4;3;0;3;24;5;25
TRACK:1635;4;2;4;1;4;3;0;2;2;1;1;2;19;20;-4.142185303395147;0;8;23;-1.4602899930131628;1;3;19;6;16;1;5;0;18;10;5;1;18;21;-9.826680263377368;2;3;6;0;13;17;4;4;1;25;9;5;6;15;6;2;6;3;0;1;2;1;19;12;3;14;1;3;9;1;7;-7.3461643690864475;14;3;3;3;25;5;6;3;6;5;4;25
TRACK:1636;8;4;6;4;2;0;4;3;6;1;6;6;11;1;1;23;-6.194829372622004;8;0;23;-6.448084404665872;22;-2.585017750253062;6;4;0;1;3;4;7;-1.796785627472408;2;4;25;1;24;15;3;3;0;24;18;5;2;5;4;4;6;15;1;3;2;3;19;6;22;-0.03499774720603632;3;5;4;11
TRACK:1637;8;4;3;5;2;8;4;4;3;4;3;0;3;24;5;25
TRACK:1638;3;9;5;0;5;2;2;5;1;3;5;14;0;6;21;7.707510668684343;6;14;2;0;4;6;21;6.112383433580128;4;5;24;6;0;3;25;1;9;16;2;0;5;1;0;16;9;6;10;2;4;5;15;4;6;24;6;0;5;6;15;6;1;10;13;3;0;4;1;3;3;5;6;22;6.502010675018717;2;1;5;0;7;2.951350615301049;22;3.1091386531019545;5;1;8;18;2;2;1;9;10;1;12;21;0.4828827554892712;2;5;7;-5.060335771358783;3;24;0;4;5;2;0;2;23;-5.9151488629807725;17;4;11;4;0;11;25;4;2;4;5;6;19;5;0;3;15;2;13;18
TRACK:1639;3;9;4;1;2;6;3;3;3;1;6;6;24;5;1;13;13;2;2;5;5;1;0;5;9;4;11;4;6;22;6.502010675018717;2;4;1;3;3;13;3;5;15;2;6;3;5;14;6;0;6;15;4;9;0;2;4;5;4;6;22;2.665848916495923;4;4;4;2;18;16;1;6;1;6;3;10;2;5;19;6;8;4;6;2;0;13;11;3;20;-4.756331604557056;4;4;2;2;5;1;3;5;14;0;6;21;7.707510668684343;6;14;2;0;4;6;21;6.112383433580128;4;5;24;6;0;3;25;1;9;16;2;0;5;1;0;16;9;6;10;2;4;5;15;4;6;24;6;0;5;6;15;6;1;10;13
TRACK:1640;1630;-1;6;4;2;0;4;3;6;1;6;6;11;1;1;23;-6.30818378483006;8;0;17;22;-2.5321349500142722;6;4;0;1;3;4;7;-1.6814237675026225;2;4;25;1;24;15;3;3;0;24;18;5;3;0;5;24;0;25;9
TRACK:1641;1632;-1;4;1;2;6;3;3;3;1;6;6;24;5;1;13;13;2;2;5;5;1;0;5;9;4;11;4;6;16;2;4;1;3;3;13;3;5;15;2;6;3;5;14;6;0;6;15;4;9;0;2;4;5;4;6;22;2.879512525969915;4;4;4;2;18;16;1;6;1;6;3;10;2;5;19;6;8;4;6;2;0;13;11;3;20;-4.598179722947553;4;4;2;2;5;1;3;5;14;0;6;21;7.616662097344351;6;14;2;0;4;6;21;6.119813901829088;4;6;16;6;0;3;25;1;9;16;2;0;5;1;0;16;9;6;10;2;4;5;15;4;6;24;6;8
TRACK:1642;1634;-1;3;5;2;3;6;2;5;4;3;14;1;3;2;3;19;6;22;-0.036386586968777036;3;5;4;11;4;0;0;5;6;1;1;20;-6.040669878510001;24;6;19;4;5;6;3;23;4.3064191566329395;5;6;0;5;6;17;2;6;24;1;10;8
TRACK:1643;1636;-1;6;4;2;0;4;3;6;1;6;6;11;1;1;23;-6.180149759272787;8;1;19;22;-1.0821221322193786;6;4;0;1;3;4;7;-1.7284337095022024;2;4;25;1;24;15;3;3;0;24;18;5;2;5;4;4;6;15;1;3;2;3;19;6;22;-0.09362252697451225;3;5;4;11
TRACK:1644;1638;-1;5;0;5;2;2;5;1;3;5;14;0;6;21;7.630905133120716;6;14;2;0;4;6;21;6.0865399732322985;4;5;24;6;0;3;25;1;9;16;2;0;5;1;0;16;9;6;10;2;4;5;15;4;6;24;6;0;5;6;15;6;1;10;13;3;0;4;1;3;3;5;6;22;6.521860296696322;2;1;5;0;7;2.934043408528855;22;3.0739111471510263;5;1;8;18;2;5;25;2;5;7;-5.143865327337739;3;24;0;4;5;2;0;2;23;-6.021436230487708;17;4;11;4;0;11;25;4;2;4;5;6;19;5;0;3;15;2;13;18
TRACK:1645;1631;-1;1;5;3;1;0;4;5;1;2;3;9;5;23;7.236355746022862;1;6;7;0.16303928626911238;3;11;4;6;0;6;20;0.5809798304352309;1;12;24;1;0;3;4;6;2;25;10;1;4;6;4;15;5;0;6;22;-9.548311574412061;4;8;0;6;0;6;1;19;23;-3.590319266839925;0;5;25;1;11;12;4;5;6;3;22;-9.37041922905446;0;6;5;5;6;4;0;3;4;11;4;6;23;3.394947194287607;4;2;0;0;0;2;0;2;14;18;3;18;5;3;7;-7.2620107606769775;0;4;6;22;6.763598613212735;3;4;14;4;5;3;0;20;-2.6873187946670494;20;4.659090087616086;6;5;4;5;1;16;19;2;4;2;6;1;6;14;25;2;4;0;25;21;7.871695618283583;1;1;17;10;3;17;5;0;4;0;5;24;0;25;9;0;3;5;24;0;2;17;10;0;16;11
TRACK:1646;1633;-1;0;4;4;0;1;4;4;5;5;5;8;5;1;4;14;2;3;1;21;0.7240493026647966;20;-9.548891395637442;1;5;25;4;8;0;1;6;5;3;1;7;1.2467682280769183;22;4.928334758232847;5;3;5;4;22;9.714364098614364;0;4;1;6;4;8;6;1;24;12;1;1;6;1;9;8;1;6;21;-8.226250633672244;3;7;-8.100716948223173;6;5;3;25;6;3;5;1;6;2;1;6;12;6;3;9;1;2;0;16;20;-8.223106828656146;4;19;2;2;16;15;1;17;20;-4.800789252499629;3;0;0;0;4;25;4;16;4;1;23;3.446194035076011;12;3;0;2;23;7.990067277692022;20;4.712747964535738;1;21;8.069897186873217;11
TRACK:1647;1635;-1;4;1;4;3;0;2;2;1;1;2;9;17;0;8;23;-1.4797045503424289;1;3;19;6;16;1;5;0;18;10;5;1;18;21;-9.859143849282587;2;3;6;0;13;17;4;4;1;25;9;5;6;15;6;2;6;3;0;1;2;1;19;12;3;14;1;3;9;1;7;-7.456298411445778;14;3;3;3;25;5;6;3;6;5;4;25
TRACK:1648;1637;-1;3;5;2;8;4;4;3;4;3;5;24
TRACK:1649;1639;-1;4;1;2;6;3;3;3;1;6;6;24;5;1;13;13;2;2;5;5;1;0;5;9;4;11;4;6;22;6.479918916040868;2;4;1;3;3;13;3;5;15;2;6;3;5;14;6;0;6;15;4;9;0;2;4;5;4;6;22;2.7555087694540026;4;4;4;2;18;16;1;6;1;6;3;10;2;5;19;6;8;4;6;2;0;13;11;3;20;-4.828560556835308;4;4;2;2;5;1;3;5;24;0;6;21;7.781015087311353;6;14;2;0;4;6;21;6.155582850437255;4;5;24;6;0;3;25;1;9;16;2;0;5;1;0;16;9;6;10;2;4;5;15;4;6;24;6;0;5;6;15;6;1;10;13
EVAL_INSTANCE:82:0:1640
EVAL_INSTANCE:82:1:1641
EVAL_INSTANCE:82:2:1642
EVAL_INSTANCE:82:3:1643
EVAL_INSTANCE:82:4:1644
EVAL_INSTANCE:82:5:1645
EVAL_INSTANCE:82:6:1646
EVAL_INSTANCE:82:7:1647
EVAL_INSTANCE:82:8:1648
EVAL_INSTANCE:82:9:1649
RUN_RESULT:82:0:0:2000:----
RUN_RESULT:82:1:0:2000:----
RUN_RESULT:82:2:0:2000:----
RUN_RESULT:82:3:0:2000:----
RUN_RESULT:82:4:0:2000:----
RUN_RESULT:82:5:0:2000:----
RUN_RESULT:82:6:0:2000:----
RUN_RESULT:82:7:0:2000:----
RUN_RESULT:82:8:0:2000:----
RUN_RESULT:82:9:0:2000:----
    83 |      830 |  0.000000E+00 | -0.000000E+00
TRACK:1650;3;1;5;0;5;6;0;5;5;4;6;2;23;-9.425875259368343;23;6.351964638882649;6;2;6;0;0;22;-5.7053140582007185;15;2;13;8;0;1;4;14;5;9;2;2;22;-2.8628063595721738;8;3;13;3;0;4;1;3;1;11;18;2;1;5;0;7;2.951350615301049;22;3.1091386531019545;5;1;8;18;2;2;1;9;10;1;12;21;0.4828827554892712;2;5;7;-5.060335771358783;3;24;0;4;5;2;0;2;23;-5.9151488629807725;17;4;11;4;0;11;25;4;2;4;5;6;19;5;0;3;15;2;13;18
TRACK:1651;3;1;1;0;1;0;6;1;6;6;0;0;11;13;0;24;25;2;0;0;1;11;18;5;13;0;5;19;1;16;16;1;0;2;23;-2.2571701295058633;11;5;14;6;1;16;13;6;0;2;4;5;4;9;0;6;6;19;5;6;23;6.351964638882649;6;1;4;2;7;0.07010987965106708;9;2;1;18;14;0;13;16;4;4;5;2;3;1;5;21;8.72293539427383;4;10;5;6;0;10;20;9.760890453417513;0;6;5;2;4;6;6;6;12;4;2;5;2;18;18;2;3;20;-1.309421897974218;6;21;8.619756525285762;5;3;0;5;3;4;0;16;17;0;0;2;2;12;20;-7.142345868378386;2;13;22;7.201771128708472;4;1;23;1.9260129348463444;25;6;6;1;10;25;5;4;6;2;2;5;5;5;5;24;3;6;1;5;7;0.5327554097370673;4;8;5;3;2;6;2;19;23;-4.7855461444313185;6;6;19
TRACK:1652;0;2;4;6;3;1;5;6;6;6;1;2;15;15;6;17;1;1;4;6;5;4;16;2;6;0;2;17;8;5;19;3;1;1;13;15;6;25;6;6;4;5;3;19
TRACK:1653;0;2;4;1;4;3;0;2;2;1;1;2;19;20;-4.142185303395147;0;8;23;-1.4602899930131628;18;1;5;0;18;10;5;1;18;21;-9.826680263377368;2;3;6;0;13;17;4;4;1;25;9;5;6;1;4;6;22;-2.0582719638834;2;1;22;2.6848393667379593;17;4;8;6;2;6;3;0;1;2;1;19;12;3;14;1;3;9;1;7;-7.3461643690864475;14;3;3;3;25;5;6;3;6;5;4;25
TRACK:1654;8;8;6;4;2;0;4;3;6;1;18;1;1;23;-6.194829372622004;8;0;23;-6.448084404665872;22;-2.585017750253062;6;4;0;1;3;4;7;-1.796785627472408;2;4;25;1;24;15;3;3;0;24;18;5;3;2;6;6;4;4;10;1;2;4;3;14;2;5;8;3;20;9.74776600337508;1;1;5;12;3;25;5;2;12;15
TRACK:1655;8;8;6;4;2;0;4;3;6;1;6;6;11;1;1;23;-6.194829372622004;8;0;23;-6.448084404665872;22;-2.585017750253062;6;4;0;1;3;4;7;-1.796785627472408;15;3;3;0;24;18;5;3;2;6;6;4;4;10;1;2;4;3;14;2;5;8;3;20;9.74776600337508;1;1;5;12;3;25;5;2;12;15
TRACK:1656;0;5;4;6;3;1;5;6;6;6;1;2;15;15;6;17;1;1;4;6;5;4;16;2;6;0;2;17;18;5;19;3;1;1;10;15;6;25;6;6;4;5;3;19
TRACK:1657;0;5;1;5;3;1;0;4;5;1;2;3;9;5;23;7.309737645474968;1;6;7;0.3218028824642367;3;18;4;6;6;1;6;16;2;7;-5.854091696762859;22;3.66350285320285;1;0;3;4;6;2;25;10;1;4;6;4;15;5;0;6;22;-9.58565805499974;4;8;0;6;0;6;1;19;23;-3.587308483082352;0;5;25;1;11;12;4;5;6;3;22;-9.350739913168448;0;6;5;5;6;4;0;3;4;11;4;6;23;3.393492578825029;4;2;0;0;0;2;0;2;14;18;3;18;5;3;7;-7.279508601903622;0;4;6;22;6.945105059765922;3;4;14;4;5;3;0;20;-2.748115565306861;20;4.594253372334986;6;5;4;5;1;16;19;2;4;2;6;1;6;14;3;21;9.356815312735755;2;4;0;25;21;7.75724703552433;1;1;17;10;3;17;5;0;4;0;5;24;0;25;9;0;3;5;24;0;2;17;10;0;16;11
TRACK:1658;6;4;4;0;1;3;5;3;3;5;5;4;19;2;3;6;15;6;4;6;0;3;3;9;0;2;19;17;3;15;6;4;2;0;0;6;6;1;21;-0.8411316608662993;22;-5.721673982302146;0;1;6;16;4;14;1;0;9;7;3.452318748288228;5;25;5;4;5;3;12;3;2;2;6;1;25;25;3;6;7;5.598869455374256;6;6;1;17;22;-0.8355763743440541
TRACK:1659;6;4;3;5;2;3;6;2;5;4;4;6;15;1;3;2;3;19;6;18;3;5;4;11;4;4;3;4;3;0;3;24;5;25
TRACK:1660;1650;-1;5;0;5;6;0;5;5;4;6;2;23;-9.636967434978185;23;6.518400807486893;6;2;6;0;0;22;-5.765305573376899;15;2;13;8;0;1;4;14;5;9;2;2;22;-2.671515189872485;8;3;13;3;0;4;1;3;1;11;18;2;1;5;0;7;3.1065584252723415;22;3.2194363965378217;5;1;8;18;2;2;1;9;10;1;12;21;0.30598104767651463;2;5;7;-5.1153000571042195;3;24;0;2;4;5;3;3;19;2;4;1;5;11;3;22;2.846654629097065;0;5;0;24;21;6.107662149612388;1;6;17;1;11;7;2.5380988961373685;4;2;4;5;6;19;5;0;3;15;2;13;18
TRACK:1661;1652;-1;4;6;3;2;1;0;4;3;19;5;6;14;5;6;2;15;9;1;1;5;0;17;8;1;5;7;-0.4984805138574355;6;9;2;1;4;16;5;23;3.732494902711034;3;5;19
TRACK:1662;1654;-1;6;4;0;5;2;11;11;3;4;21;7.828627174844417
TRACK:1663;1656;-1;4;6;3;1;5;6;6;6;1;2;15;15;6;16;1;1;4;6;5;4;16;2;6;0;2;17;18;5;19;3;1;1;10;15;6;25;6;6;4;5;3;19
TRACK:1664;1658;-1;4;0;1;3;5;3;3;5;5;4;19;2;4;3;5;0;21;-9.938010302341905;19;6;4;6;0;3;3;9;0;2;19;17;3;15;6;4;2;0;0;6;6;1;21;-0.8888587329235639;22;-5.653628917346733;0;1;6;16;4;14;1;0;9;7;3.5787893171892673;5;25;5;4;5;3;12;3;2;2;6;1;25;25;3;6;7;5.621556956104859;6;6;1;17;22;-0.8651040446805989
TRACK:1665;1651;-1;1;0;1;0;6;1;6;6;0;0;11;13;0;24;25;2;0;0;1;11;18;5;13;0;5;19;1;16;16;1;0;2;23;-2.3117712815591815;11;5;14;6;1;16;13;6;5;6;4;7;6.405426705883997;4;4;5;2;3;1;5;21;8.65445474301927;4;10;5;6;0;10;20;9.667121849473785;0;6;5;2;4;6;6;6;12;4;2;5;2;18;18;2;3;20;-1.3742142886986581;6;21;8.485724512316672;5;3;0;5;3;4;0;16;17;0;0;2;2;12;20;-7.265336523287205;2;13;22;7.1211398654891465;4;1;23;1.8188502987393618;25;6;6;1;10;25;5;4;6;2;2;5;5;5;5;24;3;6;1;5;7;0.6680806369061136;4;8;5;3;2;6;2;19;23;-4.901929260111121;6;6;19
TRACK:1666;1653;-1;4;1;4;3;0;2;5;11;2;3;6;0;13;17;4;4;1;25;9;5;6;1;4;6;22;-1.9161453921031368;2;1;22;2.607178482277858;17;4;8;6;2;6;3;0;1;2;1;19;12;3;14;1;3;9;1;7;-7.375352587345003;14;3;3;3;25;5;6;3;6;5;4;25
TRACK:1667;1655;-1;6;4;2;0;4;3;6;1;6;6;11;1;1;23;-6.275112931357378;8;0;23;-6.336034602253047;22;-2.764614162702449;6;4;0;1;3;3;22;-0.7364583955034032;15;3;3;0;24;18;5;3;2;6;6;4;4;10;1;2;4;3;14;2;5;8;3;20;9.89048606572243;1;1;5;12;3;25;5;2;12;15
TRACK:1668;1657;-1;1;5;3;1;0;4;5;1;2;3;9;5;23;7.504013105944473;1;6;7;0.3299165189344427;3;18;4;6;6;1;6;16;2;7;-6.008786532157812;22;3.803896877731547;1;0;3;4;6;2;25;10;1;4;6;4;15;5;0;6;22;-9.507057175325912;4;8;0;6;0;6;1;19;23;-3.6337246386784243;0;5;25;1;11;12;4;5;6;3;14;0;6;5;5;6;4;0;3;4;11;4;6;23;3.4110408118263957;4;2;0;0;0;2;0;2;14;18;3;18;5;3;7;-7.3044277817206344;0;4;6;22;6.853059673198051;3;4;14;4;5;3;0;20;-2.747408588237982;20;4.7713832336619095;6;5;4;5;1;16;19;2;4;2;6;1;6;14;3;21;9.33738587626099;2;4;0;25;21;7.704875993296005;1;1;17;10;3;17;5;0;4;0;5;24;0;25;9;0;3;5;24;0;2;17;10;0;16;11
TRACK:1669;1659;-1;3;5;2;4;1;0;1;6;3;2;17;15;2;1;0;16;17;4;22;8.968624359064332;6;4;23;1.3452181182847092;2;0;5;4;11;0;6;7;-8.25530037993936;3;8;4;1;6;22;0.3575459437388222;6;24;4;2;3;5;3;11;5;6;0;23;4.6833892138716156;14;4;4;3;4;3;0;3;24;5;25
EVAL_INSTANCE:83:0:1660
EVAL_INSTANCE:83:1:1661
EVAL_INSTANCE:83:2:1662
EVAL_INSTANCE:83:3:1663
EVAL_INSTANCE:83:4:1664
EVAL_INSTANCE:83:5:1665
EVAL_INSTANCE:83:6:1666
EVAL_INSTANCE:83:7:1667
EVAL_INSTANCE:83:8:1668
EVAL_INSTANCE:83:9:1669
RUN_RESULT:83:0:0:2000:----
RUN_RESULT:83:1:0:2000:----
RUN_RESULT:83:2:0:2000:----
RUN_RESULT:83:3:0:2000:----
RUN_RESULT:83:4:0:2000:----
RUN_RESULT:83:5:0:2000:----
RUN_RESULT:83:6:0:2000:----
RUN_RESULT:83:7:0:2000:----
RUN_RESULT:83:8:0:2000:----
RUN_RESULT:83:9:0:2000:----
    84 |      840 |  0.000000E+00 | -0.000000E+00
TRACK:1670;3;4;5;0;5;6;0;5;5;4;6;2;23;-9.425875259368343;23;6.351964638882649;6;2;6;0;0;22;-5.7053140582007185;15;2;13;8;0;1;4;14;5;9;2;2;22;-2.8628063595721738;8;3;13;3;0;4;1;3;3;5;6;22;6.502010675018717;2;1;5;0;7;2.951350615301049;22;3.1091386531019545;5;1;8;18;2;2;1;9;10;1;12;21;0.4828827554892712;2;5;7;-5.060335771358783;3;24;0;4;5;2;0;2;23;-5.9151488629807725;17;4;11;4;0;11;25;4;2;4;5;6;19;5;25
TRACK:1671;3;4;3;5;8
TRACK:1672;7;6;0;4;4;0;1;4;4;5;5;5;8;5;1;4;1;0;15;23;9.010026579099339;4;21;7.603077435577408;2;3;1;21;0.8741299139996013;20;-9.727771496719013;1;5;25;4;8;0;1;6;5;3;1;7;1.1694286702868357;22;4.9607544345329515;5;3;5;4;22;9.67370061750217;0;4;1;6;4;8;6;1;24;12;1;1;6;1;9;8;1;6;21;-8.244041740037652;3;7;-8.343934600877203;6;5;3;25;6;3;5;1;6;2;1;1;4;25;7;3.3949546236874166;6;3;9;1;2;0;16;20;-8.356452856661015;4;19;2;2;16;15;1;17;20;-4.716407496205484;3;0;0;0;4;25;4;16;4;1;23;3.4058139379531127;12;3;0;2;23;7.997450742602297;20;4.678946297741202;1;21;8.169859715769505;11
TRACK:1673;7;6;4;0;1;3;5;3;3;5;5;4;19;2;3;1;2;1;5;1;14;12;4;1;15;18;0;5;2;11;7;3.3949546236874166;1;1;21;0.15781845565135022;24;6;14;6;6;6;5;14;6;4;6;0;3;3;9;0;2;19;17;3;15;6;4;2;0;0;6;6;1;21;-0.8411316608662993;22;-5.721673982302146;0;1;6;16;4;14;1;0;9;7;3.452318748288228;5;25;5;4;5;3;12;4;21;7.603077435577408
TRACK:1674;1;9;1;0;1;0;6;1;6;6;0;0;11;13;0;24;25;2;0;0;1;11;18;5;13;0;5;19;1;16;16;1;0;2;23;-2.2571701295058633;11;5;14;6;1;16;13;6;0;2;4;5;4;9;0;6;6;19;5;6;7;-8.027529548669474;6;1;4;2;7;0.07010987965106708;9;2;1;18;14;0;13;16;4;4;5;3;13;0;6;5;2;4;6;6;6;12;4;2;5;2;18;18;2;3;20;-1.309421897974218;6;21;8.619756525285762;5;3;0;5;3;4;0;16;17;0;0;2;2;12;20;-7.142345868378386;2;13;22;7.201771128708472;4;1;23;1.9260129348463444;25;6;6;1;10;25;5;4;6;2;2;5;5;5;5;24;3;6;1;5;7;0.5327554097370673;4;8;5;3;2;6;2;19;23;-4.7855461444313185;6;6;19
TRACK:1675;1;9;4;1;2;6;3;3;3;1;6;6;24;5;1;13;13;2;2;5;5;1;0;5;9;4;11;4;6;16;2;4;1;3;3;13;3;5;15;2;6;3;5;14;6;0;6;15;4;9;0;2;4;5;4;6;22;2.665848916495923;4;4;4;2;18;16;1;6;1;6;3;10;2;5;19;6;8;4;6;2;0;13;11;3;20;-4.756331604557056;4;4;0;0;1;11;18;5;13;0;5;19;1;16;16
TRACK:1676;4;7;3;5;2;3;6;2;5;4;4;6;15;1;3;2;3;19;6;22;-0.03499774720603632;3;5;4;11;4;4;3;4;3;0;4;25;5;25
TRACK:1677;4;7;0;4;4;0;1;4;4;5;5;5;8;5;1;4;1;0;15;23;9.010026579099339;4;21;7.603077435577408;2;3;1;21;0.8741299139996013;20;-9.727771496719013;1;5;25;4;8;0;1;6;4;4;6;15;5;3;5;4;22;9.67370061750217;0;4;1;6;4;8;6;1;24;12;1;1;6;1;9;8;1;6;21;-8.244041740037652;3;7;-8.343934600877203;6;5;3;25;6;3;5;1;6;2;1;1;4;25;1;19;10;6;3;9;1;2;0;16;20;-8.356452856661015;4;19;2;2;16;15;1;17;20;-4.716407496205484;3;0;0;0;4;25;4;16;4;1;23;3.4058139379531127;12;3;0;2;23;7.997450742602297;20;4.678946297741202;1;21;8.169859715769505;11
TRACK:1678;8;1;6;4;2;0;4;3;6;1;6;6;11;1;1;23;-6.194829372622004;8;0;23;-6.448084404665872;22;-2.585017750253062;6;4;0;1;3;4;7;-1.796785627472408;2;4;25;10;3;3;0;24;18;5;3;2;6;6;4;4;10;1;2;4;3;14;2;5;8;3;20;9.74776600337508;1;1;5;12;3;25;5;2;12;15
TRACK:1679;8;1;1;0;1;0;6;1;6;6;0;0;11;13;0;24;25;2;0;0;1;11;18;5;13;0;5;19;1;16;16;1;0;2;23;-2.2571701295058633;11;5;14;6;1;16;13;6;0;2;4;5;4;9;0;6;6;19;5;6;7;-8.027529548669474;6;1;4;2;7;0.07010987965106708;9;2;1;18;14;0;13;16;4;4;5;2;3;1;5;21;8.72293539427383;4;10;6;11;0;6;5;2;4;6;6;6;12;4;2;5;2;18;18;2;3;20;-1.309421897974218;6;21;8.619756525285762;5;3;0;5;3;4;0;16;17;0;0;2;2;12;20;-7.142345868378386;2;13;22;7.201771128708472;4;1;23;1.9260129348463444;25;6;6;1;10;25;5;4;6;2;2;5;5;5;5;24;3;6;1;5;7;0.5327554097370673;4;8;5;3;2;6;2;19;23;-4.7855461444313185;6;6;19
TRACK:1680;3;-1;5;0;5;6;0;5;5;4;6;2;23;-9.538849207080602;23;6.3502366439733855;6;2;6;0;0;22;-5.672597346220323;15;2;13;8;0;1;4;14;5;9;2;2;22;-2.6542252875244454;8;3;13;3;0;4;1;3;4;4;3;8;2;1;5;0;7;2.7618728447199805;22;3.122460846630193;5;1;8;18;2;2;1;9;10;1;12;21;0.5603709319646293;2;5;7;-5.087784097108495;3;24;0;4;5;2;0;2;23;-5.940745357237132;17;4;11;4;0;11;25;4;2;4;5;6;19;5;0;3;15;2;13;18
TRACK:1681;1672;-1;0;4;4;0;1;4;4;5;5;5;8;5;1;4;1;0;15;23;8.973354055408125;4;21;7.5983111348859;2;3;1;21;1.0021220111407678;20;-9.528479616640361;1;5;25;4;8;0;1;6;5;3;1;7;1.2634504693626474;22;5.194906559927182;5;3;5;4;22;9.687945204607447;0;4;1;6;4;8;6;1;24;12;1;1;6;1;9;8;1;6;21;-8.171609658341021;3;7;-8.327166425524428;6;5;3;25;6;3;5;1;6;2;1;1;4;25;7;3.3971276647344655;6;3;9;1;2;0;16;20;-8.3884978044664;4;19;2;2;16;15;1;17;20;-4.81710107111644;3;0;0;0;4;19;4;16;4;1;23;3.2324548898582974;12;3;0;2;23;8.00187359923738;20;4.777369337697902;1;21;8.193527107270953;11
TRACK:1682;1674;-1;1;0;1;0;6;1;6;6;0;0;11;13;0;24;25;2;0;0;1;11;18;5;13;0;5;19;1;16;16;1;0;2;23;-2.231937065737889;11;5;14;6;1;16;13;6;0;2;4;5;4;9;0;6;6;19;5;6;7;-8.167738021442295;6;1;4;2;7;0.10571832409001027;9;2;1;18;14;0;13;16;4;4;5;3;13;0;6;5;2;4;6;6;6;12;4;2;5;2;18;18;2;3;20;-1.3464239635516695;6;21;8.602865367510542;5;3;0;5;3;1;4;25;1;24;12;0;0;2;2;12;20;-7.1029132897550395;2;13;22;7.102464774345695;4;1;23;1.9828579556466945;25;6;6;1;10;25;5;4;6;2;2;5;5;5;5;24;3;6;1;5;7;0.47628834287318755;4;8;5;3;2;6;2;19;23;-4.852562857452198;6;6;19
TRACK:1683;1676;-1;3;5;2;3;6;2;5;4;4;6;15;1;3;2;3;19;6;22;-0.06390865106595213;3;5;4;11;4;4;3;4;3;0;4;25;0;18;7;6.541144638267699
TRACK:1684;1678;-1;6;4;2;0;4;3;6;1;0;7;4.009253428929789;15;1;1;23;-6.304198835270735;8;0;23;-6.460852249944459;22;-2.5273536156164385;6;4;0;1;3;4;7;-1.878257081186524;2;4;25;10;3;3;0;24;18;5;3;2;6;6;4;4;10;1;2;4;3;14;2;5;8;3;20;10.0;1;1;5;12;3;25;5;2;12;15
TRACK:1685;4;-1;3;5;2;3;6;2;5;4;4;6;15;1;3;2;3;20;-8.750404563283675;6;22;-0.024664089160025403;3;5;4;11;4;4;3;4;3;0;3;24;5;25
TRACK:1686;1673;-1;4;0;1;3;3;1;5;1;21;7.474973868981074;25;3;0;15;11;2;3;1;2;1;5;1;14;12;4;1;15;18;0;5;2;11;7;3.307151462645831;1;1;21;0.1863240332597111;24;6;14;6;6;6;5;14;6;4;6;0;3;3;9;0;2;19;17;3;15;6;4;2;0;0;6;6;1;21;-0.9115572578561216;22;-5.4345069433966;0;1;6;16;4;14;1;0;9;7;3.4934806551993893;5;25;5;4;5;3;12;4;21;7.63274169255642
TRACK:1687;1675;-1;4;1;2;6;3;3;3;1;6;6;24;5;1;13;13;2;2;5;5;1;0;5;9;4;11;4;6;16;2;4;1;3;3;13;3;1;14;13;2;6;3;5;14;6;0;6;15;4;9;0;2;4;5;4;6;22;2.578976545071298;4;4;4;2;18;16;1;6;1;6;3;10;2;5;19;6;8;4;6;2;0;13;11;3;20;-4.8663287194581795;4;4;0;0;1;11;18;5;13;0;5;19;1;16;16
TRACK:1688;1677;-1;0;4;4;0;1;4;4;5;5;5;8;5;1;6;1;4;14;3;14;2;3;1;21;0.7992831792316757;20;-9.624165639930172;1;5;25;4;8;0;1;6;4;4;6;15;5;3;5;4;22;9.670543190009909;0;4;1;6;4;8;6;1;24;12;1;1;6;1;9;8;1;6;21;-8.316935012478497;3;7;-8.375324249927374;6;5;3;25;6;3;5;1;6;2;1;1;4;25;1;19;10;6;3;9;1;2;0;16;20;-8.503798673630588;4;19;2;2;16;15;1;17;20;-4.89845197969108;3;0;0;0;4;25;4;16;4;1;23;3.4228036711972227;12;3;0;2;23;7.928893428838574;20;4.821899108578367;1;21;8.117273267821592;11
TRACK:1689;1679;-1;1;0;1;0;6;1;6;6;0;0;11;13;0;24;25;2;0;0;1;11;18;5;13;0;5;19;1;24;15;1;0;2;23;-2.362197068865915;11;5;14;6;1;16;13;6;0;2;4;5;4;9;0;6;6;19;5;6;7;-8.112621112813219;6;1;4;2;7;0.23281789046711598;9;2;1;18;14;0;13;16;4;4;5;2;3;1;5;21;8.745405280195632;4;10;6;11;0;6;5;2;4;6;6;6;12;4;2;5;2;18;18;2;3;20;-1.2178242692303733;6;21;8.605366527732654;5;3;0;5;3;4;0;16;17;0;0;2;2;12;20;-7.162498360750822;2;13;22;7.13167782077019;4;1;23;1.990123462907294;25;6;6;1;10;25;5;4;6;2;2;5;5;5;5;24;3;6;1;5;7;0.5331549619274625;4;8;5;3;2;6;2;19;23;-4.822075616193723;6;6;19
EVAL_INSTANCE:84:0:1680
EVAL_INSTANCE:84:1:1681
EVAL_INSTANCE:84:2:1682
EVAL_INSTANCE:84:3:1683
EVAL_INSTANCE:84:4:1684
EVAL_INSTANCE:84:5:1685
EVAL_INSTANCE:84:6:1686
EVAL_INSTANCE:84:7:1687
EVAL_INSTANCE:84:8:1688
EVAL_INSTANCE:84:9:1689
RUN_RESULT:84:0:0:2000:----
RUN_RESULT:84:1:0:2000:----
RUN_RESULT:84:2:0:2000:----
RUN_RESULT:84:3:0:2000:----
RUN_RESULT:84:4:0:2000:----
RUN_RESULT:84:5:0:2000:----
RUN_RESULT:84:6:0:2000:----
RUN_RESULT:84:7:0:2000:----
RUN_RESULT:84:8:0:2000:----
RUN_RESULT:84:9:0:2000:----
    85 |      850 |  0.000000E+00 | -0.000000E+00
TRACK:1690;9;8;4;1;2;6;3;3;3;1;6;6;24;5;1;13;13;2;2;5;3;3;0;24;18;2;4;1;3;3;13;3;5;15;2;6;3;5;14;6;0;6;15;4;9;0;2;4;5;4;6;22;2.665848916495923;4;4;4;2;18;16;1;6;1;6;3;10;2;5;19;6;8;4;6;2;0;13;11;3;20;-4.756331604557056;4;4;2;2;5;1;3;5;14;0;6;21;7.707510668684343;6;14;2;0;4;6;21;6.112383433580128;4;5;24;6;0;3;25;1;9;16;2;0;5;1;0;16;9;6;10;2;4;5;15;4;6;24;6;0;5;6;15;6;1;10;13
TRACK:1691;9;8;6;4;2;0;4;3;6;4;2;18;16;6;4;0;1;3;4;7;-1.796785627472408;2;4;25;1;24;15;3;3;0;24;18;5;3;2;6;6;4;4;10;1;2;4;3;14;2;5;8;3;20;9.74776600337508;1;1;5;12;3;25;5;2;12;15
TRACK:1692;2;3;4;1;4;3;0;2;2;1;1;2;19;20;-4.142185303395147;0;8;23;-1.4602899930131628;1;3;19;6;16;1;5;0;18;10;5;1;18;7;2.951350615301049;2;3;6;0;13;17;4;4;1;25;9;5;6;1;4;6;22;-2.0582719638834;2;1;22;2.6848393667379593;17;4;8;6;2;6;3;0;1;2;1;19;12;3;14;1;3;9;1;7;-7.3461643690864475;14;3;3;3;25;5;6;3;6;5;4;25
TRACK:1693;2;3;5;0;5;6;6;16;3;0;4;1;3;3;5;6;22;6.502010675018717;2;1;5;0;7;2.951350615301049;22;3.1091386531019545;5;1;8;18;2;2;1;9;10;1;12;21;0.4828827554892712;2;5;7;-5.060335771358783;3;24;0;4;5;2;0;2;23;-5.9151488629807725;17;4;11;4;0;11;25;4;2;4;5;6;19;5;0;3;15;2;13;18
TRACK:1694;1;2;1;0;1;0;6;1;6;6;0;0;11;13;0;24;25;2;0;0;1;11;18;5;13;0;5;19;1;16;16;1;0;2;23;-2.2571701295058633;11;5;14;6;1;16;13;6;0;2;4;5;4;9;0;6;6;19;5;6;7;-8.027529548669474;6;1;4;2;7;0.07010987965106708;9;2;1;18;14;0;13;16;4;4;5;2;3;1;5;21;8.72293539427383;4;10;5;6;0;10;20;9.760890453417513;0;6;5;2;4;6;6;6;12;4;2;5;2;18;18;2;3;20;-1.309421897974218;6;21;8.619756525285762;5;3;0;5;3;4;0;16;17;0;0;2;2;12;20;-7.142345868378386;2;13;22;7.201771128708472;4;1;23;1.9260129348463444;25;6;6;1;10;25;5;4;6;2;2;12;3;6;1;5;7;0.5327554097370673;4;8;5;3;2;6;2;19;23;-4.7855461444313185;6;6;19
TRACK:1695;1;2;4;1;4;3;0;2;2;1;1;2;19;20;-4.142185303395147;0;8;23;-1.4602899930131628;1;3;19;6;16;1;5;0;18;10;5;1;18;21;-9.826680263377368;2;3;6;0;13;17;4;4;1;25;9;5;6;1;4;6;22;-2.0582719638834;2;1;22;2.6848393667379593;17;4;8;6;2;6;3;0;1;2;1;19;12;3;14;1;3;9;16;3;3;3;25;5;6;3;6;5;4;25
TRACK:1696;6;8;4;0;1;3;5;3;3;5;5;4;19;2;3;1;2;1;5;1;14;12;4;1;15;18;0;5;2;11;7;3.3949546236874166;1;1;21;0.15781845565135022;24;6;14;6;6;6;5;14;6;4;6;0;3;3;9;0;2;19;17;3;15;6;4;2;0;0;6;6;1;21;-0.8411316608662993;22;-5.721673982302146;0;1;6;16;4;14;1;0;9;7;3.452318748288228;5;25;5;4;5;3;12;3;2;2;6;1;18;25;3;6;7;5.598869455374256;6;6;1;17;22;-0.8355763743440541
TRACK:1697;6;8;6;4;2;0;4;3;6;1;6;6;11;1;1;23;-6.194829372622004;8;0;23;-6.448084404665872;22;-2.585017750253062;6;4;0;1;3;4;7;-1.796785627472408;2;4;25;1;24;15;3;3;0;24;18;5;3;2;6;6;4;4;10;1;2;4;3;14;5;14;1;1;5;12;3;25;5;2;12;15
TRACK:1698;4;5;3;5;2;3;6;2;5;4;4;6;15;1;3;2;3;19;10;3;5;4;11;4;4;3;4;3;0;3;24;5;25
TRACK:1699;4;5;1;5;3;1;0;4;5;1;2;3;9;5;23;7.309737645474968;1;6;7;0.3218028824642367;3;11;4;6;6;1;6;16;2;7;-5.854091696762859;22;3.66350285320285;1;0;3;4;15;1;4;6;4;15;5;0;6;22;-9.58565805499974;4;8;0;6;0;6;1;19;23;-3.587308483082352;0;5;25;1;11;12;4;5;6;3;22;-9.350739913168448;0;6;5;5;6;4;0;3;4;11;4;6;23;3.393492578825029;4;2;0;0;0;2;0;2;14;18;3;18;5;3;7;-7.279508601903622;0;4;6;22;6.945105059765922;3;4;14;4;5;3;0;20;-2.748115565306861;20;4.594253372334986;6;5;4;5;1;16;19;2;4;2;6;1;6;14;3;21;9.356815312735755;2;4;0;25;21;7.75724703552433;1;1;17;10;3;17;5;0;4;0;5;24;0;25;9;0;3;5;24;0;2;17;10;0;16;11
TRACK:1700;9;-1;4;1;2;6;3;3;3;1;6;6;24;5;5;20;2.2055857306343754;2;2;5;5;1;0;5;9;4;11;4;6;16;2;4;1;3;3;13;3;5;15;2;6;3;5;14;6;0;6;15;4;9;0;2;4;5;4;6;22;2.680225607845423;4;4;4;2;18;16;1;6;1;6;3;10;2;5;19;6;8;4;6;2;0;13;11;3;20;-4.598587635625068;4;4;2;2;5;1;3;5;14;0;6;21;7.610564399090617;6;14;2;0;4;6;21;6.169721777405252;4;5;24;6;0;3;25;1;9;16;2;0;5;1;0;16;9;6;10;2;4;5;15;4;6;24;6;0;5;6;15;6;1;10;13
TRACK:1701;1692;-1;4;1;4;3;0;2;2;1;1;2;19;20;-4.1440568151038;0;8;23;-1.490950636095308;1;3;19;6;16;1;5;0;18;10;5;1;18;7;2.9639136997741273;2;3;6;0;13;17;4;4;1;25;9;5;6;5;16;6;2;6;3;0;1;2;1;19;12;3;14;1;3;9;1;7;-7.058402690944121;14;3;3;3;25;5;6;3;6;5;4;25
TRACK:1702;1694;-1;1;0;1;0;6;1;6;6;0;0;11;13;0;24;25;2;0;0;1;11;18;5;13;0;5;19;1;16;16;1;0;2;23;-2.3352182308507916;11;5;14;6;1;16;13;6;0;2;4;5;4;9;0;6;6;19;5;6;7;-8.090316137232476;6;1;4;2;7;-0.05101559053392826;9;2;1;18;14;0;13;16;4;4;0;2;3;3;5;21;0.6917437083543287;1;4;6;21;3.7816563682186732;5;2;14;23;9.753813424511215;4;0;3;4;13;2;3;17;5;13;0;6;5;2;4;6;6;6;12;4;2;5;2;18;18;2;3;20;-1.354131424449673;6;21;8.584540184409768;5;3;0;5;3;4;0;16;17;0;0;2;2;12;20;-7.069012559461127;2;13;22;7.095302718137832;4;1;23;1.8968290096769451;25;6;6;1;10;25;5;4;6;2;2;12;3;6;1;5;7;0.5705963535838082;4;8;5;3;2;6;2;19;23;-4.726828631378789;6;6;19
TRACK:1703;1696;-1;4;0;1;3;5;3;3;5;5;4;19;2;3;1;2;1;5;1;14;12;4;1;15;18;0;5;2;11;7;3.2761776002567897;1;1;21;0.11962002314397016;24;6;14;6;6;6;5;14;6;4;6;0;3;3;9;0;2;19;17;3;15;6;4;2;0;0;6;1;3;18;1;12;9;0;1;6;16;4;14;1;0;9;7;3.2277736055538804;5;25;5;4;5;3;12;3;2;2;6;1;18;25;3;6;7;5.692785242662861;6;6;1;17;22;-0.9611699818194294
TRACK:1704;1698;-1;3;5;2;3;6;2;5;4;4;6;15;1;3;2;3;19;5;11;3;5;4;11;4;4;3;4;3;0;3;24;5;25
TRACK:1705;8;-1;6;4;2;0;4;3;6;1;6;6;11;1;1;23;-6.125658064525694;8;0;23;-6.4535520469714;22;-2.6158213729038913;6;4;0;1;3;4;7;-1.8294287382030208;2;4;25;1;24;15;3;3;0;24;18;5;3;2;6;6;4;4;10;1;2;4;3;14;2;5;8;3;20;9.722611423245;1;1;5;12;3;25;5;2;23;2.8515866811626385;15
TRACK:1706;1693;-1;5;0;5;6;6;16;3;0;4;1;3;3;5;6;22;6.626585157889958;2;1;5;0;7;3.0345011636386183;22;3.180956414875291;5;1;8;18;2;2;1;9;10;1;12;21;0.5211311317271524;2;5;7;-5.102888088954427;3;24;0;4;5;2;0;2;23;-5.701200419859211;18;4;11;4;0;11;25;4;2;4;5;6;19;5;0;3;15;2;13;18
TRACK:1707;1695;-1;4;1;4;3;0;2;2;1;1;2;19;20;-4.14991263376961;0;8;23;-1.680995259661042;1;3;19;6;23;-5.72730704976755;1;5;0;18;10;5;1;18;21;-9.923561468358436;2;3;6;0;13;17;4;4;1;25;9;5;6;1;4;6;22;-2.1460243316090164;2;1;22;2.710811153346774;17;4;8;6;2;6;3;0;1;2;1;19;12;3;14;1;3;9;16;3;3;3;25;5;6;3;6;5;4;25
TRACK:1708;1697;-1;6;4;2;0;4;3;6;1;6;6;11;1;1;23;-6.30445140461278;8;0;23;-6.505788259092837;22;-2.497807285745927;6;4;0;1;3;4;7;-1.723754997218075;2;4;25;2;11;20;-9.53815160725881;3;3;0;24;18;5;3;2;6;6;4;4;10;1;2;4;3;14;5;14;1;1;5;12;3;25;5;2;12;15
TRACK:1709;1699;-1;1;5;3;1;0;4;5;1;2;3;9;5;23;7.2208208617271055;1;6;7;0.1891682519854929;3;11;4;6;6;1;6;16;2;7;-5.7873236725371475;22;3.805933302702611;1;0;3;4;15;1;4;6;4;15;5;0;6;22;-9.628708145086838;4;8;0;6;0;6;1;19;23;-3.588318316048404;0;5;25;1;11;12;4;5;6;3;22;-9.532916230429278;0;6;5;5;6;4;0;6;1;11;25;4;6;23;3.2838721322803264;4;2;0;0;0;2;0;2;14;18;3;18;5;3;7;-7.386587945711913;0;4;6;22;6.858032746002217;3;4;14;4;5;3;0;20;-2.82842432460897;20;4.651542539861753;6;5;4;5;1;16;19;2;4;2;6;1;6;14;3;21;9.324331213992473;2;4;0;25;21;7.865439035099918;1;1;17;10;3;17;5;0;4;0;5;24;0;25;9;0;3;5;24;0;2;17;10;0;16;11
EVAL_INSTANCE:85:0:1700
EVAL_INSTANCE:85:1:1701
EVAL_INSTANCE:85:2:1702
EVAL_INSTANCE:85:3:1703
EVAL_INSTANCE:85:4:1704
EVAL_INSTANCE:85:5:1705
EVAL_INSTANCE:85:6:1706
EVAL_INSTANCE:85:7:1707
EVAL_INSTANCE:85:8:1708
EVAL_INSTANCE:85:9:1709
RUN_RESULT:85:0:0:2000:----
RUN_RESULT:85:1:0:2000:----
RUN_RESULT:85:2:0:2000:----
RUN_RESULT:85:3:0:2000:----
RUN_RESULT:85:4:0:2000:----
RUN_RESULT:85:5:0:2000:----
RUN_RESULT:85:6:0:2000:----
RUN_RESULT:85:7:0:2000:----
RUN_RESULT:85:8:0:2000:----
RUN_RESULT:85:9:0:2000:----
    86 |      860 |  0.000000E+00 | -0.000000E+00
TRACK:1710;2;3;4;1;4;3;0;2;2;1;1;2;19;20;-4.142185303395147;0;8;23;-1.4602899930131628;1;3;19;6;16;1;5;0;18;10;5;1;18;21;-9.826680263377368;2;3;6;0;13;17;4;4;1;25;9;5;6;1;4;6;22;-2.0582719638834;2;1;22;2.6848393667379593;17;4;8;6;2;6;3;0;1;2;1;19;12;3;14;1;3;9;1;7;-7.3461643690864475;14;3;3;3;25;5;6;6;2;23;-9.425875259368343;23;6.351964638882649
TRACK:1711;2;3;5;0;5;6;0;5;5;4;6;2;23;-9.425875259368343;23;6.351964638882649;6;2;6;0;0;22;-5.7053140582007185;15;2;13;8;0;1;4;14;5;9;2;2;22;-2.8628063595721738;8;3;13;3;0;4;1;3;3;5;6;22;6.502010675018717;2;1;5;0;7;2.951350615301049;22;3.1091386531019545;5;1;8;18;2;2;1;9;10;1;12;21;0.4828827554892712;2;5;7;-5.060335771358783;3;24;0;4;5;2;0;2;23;-5.9151488629807725;9;4;11;4;0;11;25;4;2;4;5;6;19;5;0;3;15;2;13;18
TRACK:1712;1;9;1;0;1;0;6;1;6;6;0;0;11;13;0;24;25;2;0;0;1;11;18;5;13;0;5;19;1;16;16;1;0;2;23;-2.2571701295058633;11;5;14;6;1;16;13;6;0;2;4;5;4;9;0;6;6;19;5;6;7;-8.027529548669474;6;1;4;2;7;0.07010987965106708;9;2;1;18;14;0;13;16;4;4;5;2;3;1;5;21;8.72293539427383;4;10;5;6;0;10;20;9.760890453417513;0;6;5;2;4;6;6;6;12;4;2;5;2;18;18;2;3;20;-1.309421897974218;6;21;8.619756525285762;5;3;0;5;3;4;0;16;17;0;0;2;2;12;20;-7.142345868378386;2;13;22;7.201771128708472;4;1;23;1.9260129348463444;25;6;6;1;10;25;5;4;6;2;6;14;5;3;2;6;2;19;23;-4.7855461444313185;6;6;19
TRACK:1713;1;9;4;1;2;6;3;0;0;1;11;18;5;13;0;5;19;1;16;16;2;2;5;5;1;0;5;9;4;11;4;6;16;2;4;1;3;3;13;3;5;15;2;6;3;5;14;6;0;6;15;4;9;0;2;4;5;4;6;22;2.665848916495923;4;4;4;2;18;16;1;6;1;6;3;10;2;5;19;6;8;4;6;2;0;13;11;3;20;-4.756331604557056;4;4;2;2;5;1;3;5;14;0;6;21;7.707510668684343;6;14;2;0;4;6;21;6.112383433580128;4;5;24;6;0;3;25;1;9;16;2;0;5;1;0;16;9;6;10;2;4;5;15;4;6;24;6;0;5;6;15;6;1;10;13
TRACK:1714;4;3;3;5;2;3;6;2;5;4;4;6;15;1;3;2;3;19;6;22;-0.03499774720603632;3;5;4;11;4;4;3;5;6;19
TRACK:1715;4;3;5;0;5;6;0;5;5;4;6;2;23;-9.425875259368343;23;6.351964638882649;6;2;6;0;0;22;-5.7053140582007185;15;2;13;8;0;1;4;14;5;9;2;2;22;-2.8628063595721738;8;3;13;3;0;4;1;3;3;5;6;22;6.502010675018717;2;1;5;0;7;2.951350615301049;22;3.1091386531019545;5;1;8;18;2;2;1;9;10;1;12;21;0.4828827554892712;2;5;7;-5.060335771358783;3;24;0;4;5;2;0;2;23;-5.9151488629807725;17;4;11;4;0;11;25;4;2;4;5;4;11;5;0;3;15;2;13;18
TRACK:1716;7;5;0;4;4;0;1;4;4;5;5;5;8;5;1;4;1;0;7;-5.854091696762859;23;9.010026579099339;4;21;7.603077435577408;2;3;1;21;0.8741299139996013;20;-9.727771496719013;1;5;25;4;8;0;1;6;5;3;1;7;1.1694286702868357;22;4.9607544345329515;5;3;5;4;22;9.67370061750217;0;4;1;6;4;8;6;1;24;12;1;1;6;1;9;8;1;6;21;-8.244041740037652;3;7;-8.343934600877203;6;5;3;25;6;3;5;1;6;2;1;1;4;25;1;19;10;6;3;9;1;2;0;16;20;-8.356452856661015;4;19;2;2;16;15;1;17;20;-4.716407496205484;3;0;0;0;4;25;4;16;4;1;23;3.4058139379531127;12;3;0;2;23;7.997450742602297;20;4.678946297741202;1;21;8.169859715769505;11
TRACK:1717;7;5;1;5;3;1;0;4;5;1;2;3;9;5;23;7.309737645474968;1;6;7;0.3218028824642367;3;11;4;6;6;1;6;16;2;7;-5.854091696762859;22;3.66350285320285;1;0;3;4;6;2;25;10;1;4;6;4;15;5;0;6;22;-9.58565805499974;4;8;0;6;0;6;1;19;23;-3.587308483082352;0;5;25;1;11;12;4;5;6;3;22;-9.350739913168448;0;6;5;5;6;4;0;3;4;11;4;6;23;3.393492578825029;4;2;0;0;0;2;0;2;14;18;3;18;5;3;7;-7.279508601903622;0;4;6;22;6.945105059765922;3;12;4;5;3;0;20;-2.748115565306861;20;4.594253372334986;6;5;4;5;1;16;19;2;4;2;6;1;6;14;3;21;9.356815312735755;2;4;0;25;21;7.75724703552433;1;1;17;10;3;17;5;0;4;0;5;24;0;25;9;0;3;5;24;0;2;17;10;0;16;11
TRACK:1718;9;8;4;1;2;6;3;3;3;1;6;6;24;5;1;13;13;2;2;5;5;1;0;5;9;4;11;4;6;16;2;4;1;3;3;13;3;5;15;2;6;3;5;14;6;0;6;15;4;9;0;2;4;5;4;6;22;2.665848916495923;4;4;4;2;18;16;1;6;1;6;3;10;2;5;19;6;8;4;6;2;0;13;11;3;20;-4.756331604557056;4;4;2;2;5;1;3;5;14;0;6;21;7.707510668684343;6;14;2;0;4;6;21;6.112383433580128;4;5;24;6;0;3;25;1;9;16;2;0;5;1;0;15;9;6;10;2;4;5;15;4;6;24;6;0;5;6;15;6;1;10;13
TRACK:1719;9;8;6;4;2;0;4;3;6;1;6;6;11;1;1;23;-6.194829372622004;8;0;23;-6.448084404665872;22;-2.585017750253062;6;4;0;1;9;2;4;25;1;24;15;3;3;0;24;18;5;3;2;6;6;4;4;10;1;2;4;3;14;2;5;8;3;20;9.74776600337508;1;1;5;12;3;25;5;2;12;15
TRACK:1720;1710;-1;4;1;4;3;0;2;2;1;1;2;19;20;-3.9706283148458144;0;8;23;-1.5195657704668273;1;3;19;6;16;1;5;0;18;10;5;0;17;15;2;3;6;0;13;17;4;4;1;25;9;5;6;1;4;6;22;-2.0440037765484775;2;1;22;2.6647937314618484;17;4;8;6;2;6;3;0;1;2;1;19;12;3;14;1;3;9;1;7;-7.157045570743255;14;3;3;3;25;5;6;6;2;23;-9.383611382604075;23;6.318199604992891
TRACK:1721;1712;-1;1;0;1;0;6;1;6;6;0;0;11;13;0;24;25;2;0;0;1;11;18;5;13;0;5;19;1;16;16;1;0;2;23;-2.2896225249058237;11;5;14;6;1;16;13;6;0;2;4;5;4;9;0;6;6;19;5;6;7;-8.104463207469196;6;1;4;2;7;-0.1327820937727526;9;2;1;18;14;0;13;16;4;4;5;2;3;1;5;21;8.583393782533308;4;10;5;6;0;10;20;9.594422281029317;0;6;5;2;4;6;6;6;12;4;2;5;2;18;18;2;3;20;-1.5115868499842522;6;21;8.52511722707351;5;3;6;1;3;1;14;23;4.987447529583093;4;5;16;5;4;6;2;6;14;5;3;2;6;2;19;23;-4.712464900931386;6;6;19
TRACK:1722;4;-1;3;5;2;3;6;2;5;4;4;6;15;1;3;2;3;19;6;22;0.010146057195389718;3;5;4;11;4;4;3;4;3;0;3;24;2;9;19
TRACK:1723;1716;-1;0;4;4;0;1;4;4;5;5;5;8;5;1;4;1;0;7;-5.9023284510001615;23;9.008969037759835;4;21;7.528845399334234;2;3;1;21;0.8534417709158868;20;-9.721267395806306;1;5;25;4;8;0;1;6;5;3;1;7;1.1315655951852392;22;5.104715395831056;5;3;5;4;22;9.842283134414387;0;4;1;6;4;8;6;1;24;12;1;1;6;1;9;8;1;6;21;-8.359027434942288;3;7;-8.3797985838884;6;5;3;25;6;3;5;1;6;2;1;1;4;25;1;19;10;6;3;9;1;2;0;16;20;-8.407384720094415;4;19;2;2;16;15;1;17;20;-4.5154358352409485;3;0;0;0;2;25;24;4;16;4;1;23;3.5387896200328375;12;3;0;2;23;8.016293763050971;20;4.703312207345595;1;21;7.985585956840416;11
TRACK:1724;1718;-1;4;1;2;6;3;3;3;1;6;6;24;5;1;13;13;2;2;5;5;1;0;5;9;4;11;4;6;16;2;4;1;3;3;13;3;5;15;2;6;3;5;14;6;0;6;15;4;9;0;2;4;5;4;6;22;2.602079558080583;4;4;4;2;18;16;1;6;1;6;3;10;3;2;15;11;4;6;2;0;13;11;3;20;-4.793549356554461;4;4;2;2;5;1;3;5;14;0;6;21;7.626033673870809;6;14;2;0;4;6;21;6.254819948060418;4;5;24;6;0;3;25;1;9;16;2;0;5;1;0;15;9;6;10;2;4;5;15;4;6;24;6;0;5;6;15;6;1;10;13
TRACK:1725;1711;-1;5;0;5;6;0;5;5;4;6;2;23;-9.420219873816224;23;6.340146411919804;2;0;15;17;4;14;3;0;4;1;3;3;5;6;22;6.496597111223912;2;1;5;0;7;3.0199390426221933;22;3.260199383539561;5;1;8;18;2;2;1;9;10;1;12;21;0.5127889533824254;2;5;7;-5.032400208679286;3;24;0;4;5;2;0;2;23;-5.970112898892912;9;4;11;4;0;11;25;4;2;4;5;6;19;5;0;3;15;2;13;18
TRACK:1726;1713;-1;4;1;2;6;3;0;0;1;11;5;5;17;5;13;0;5;19;1;16;16;2;2;5;5;1;0;5;9;4;11;4;6;16;2;4;1;3;3;13;3;5;15;2;6;3;5;14;6;0;6;15;4;9;0;2;4;5;4;6;22;2.609837038466146;4;4;4;2;18;16;1;6;1;6;3;10;2;5;19;6;8;4;6;2;0;13;11;3;20;-4.706907550595394;4;4;2;2;5;1;3;5;14;0;6;21;7.882143915413474;6;14;2;0;4;6;21;6.288919853220764;4;5;24;6;0;3;25;1;9;16;2;0;5;1;0;16;9;6;10;2;4;5;15;4;6;24;6;0;5;6;15;6;1;10;13
TRACK:1727;3;-1;5;0;5;6;0;5;5;4;6;2;23;-9.574680514373355;23;6.30962234816609;6;2;6;0;0;22;-5.584231679281554;15;2;13;8;0;1;4;14;5;9;2;2;22;-2.883545667519782;8;3;13;3;0;4;1;3;3;5;6;22;6.520358768888576;2;1;5;0;7;2.8979730762668776;22;3.0656835316568376;5;1;8;18;2;2;1;9;10;1;12;15;2;5;7;-4.924974028440711;3;24;0;4;5;2;0;2;23;-5.965355754106874;17;4;11;4;0;11;25;4;2;4;5;6;19;5;0;3;15;2;13;18
TRACK:1728;1717;-1;1;5;3;1;0;4;5;1;2;3;9;5;23;7.2616309497115665;1;6;7;0.38533987117309554;3;11;4;6;6;1;6;16;2;7;-5.866101670695623;22;3.6206415310257296;1;0;3;4;6;2;25;10;1;4;6;4;15;5;0;6;22;-9.558338941562168;4;8;0;6;0;6;1;19;23;-3.5846963646854064;0;5;25;1;11;12;4;5;6;3;22;-9.336566207728636;0;6;5;5;6;4;0;3;4;11;4;6;23;3.267760700884984;4;2;0;0;5;24;4;5;3;0;20;-2.80528072810883;20;4.594419555626359;6;5;4;5;1;16;19;2;4;2;6;1;6;14;3;21;9.555156443890912;2;4;0;25;21;7.816633968116404;1;1;17;10;3;17;5;0;4;0;5;24;0;25;9;0;3;5;24;0;2;17;10;0;16;11
TRACK:1729;1719;-1;6;4;2;0;4;3;6;1;6;6;11;1;1;23;-6.39781621423647;8;0;23;-6.505474244940393;22;-2.539909371093834;6;4;0;1;9;2;4;25;1;22;-9.411594021286266;15;3;3;0;24;18;5;3;2;6;6;4;4;10;1;2;4;3;14;2;5;8;3;20;9.52954844670105;1;1;5;12;3;25;5;2;12;15
EVAL_INSTANCE:86:0:1720
EVAL_INSTANCE:86:1:1721
EVAL_INSTANCE:86:2:1722
EVAL_INSTANCE:86:3:1723
EVAL_INSTANCE:86:4:1724
EVAL_INSTANCE:86:5:1725
EVAL_INSTANCE:86:6:1726
EVAL_INSTANCE:86:7:1727
EVAL_INSTANCE:86:8:1728
EVAL_INSTANCE:86:9:1729
RUN_RESULT:86:0:0:2000:----
RUN_RESULT:86:1:0:2000:----
RUN_RESULT:86:2:0:2000:----
RUN_RESULT:86:3:0:2000:----
RUN_RESULT:86:4:0:2000:----
RUN_RESULT:86:5:0:2000:----
RUN_RESULT:86:6:0:2000:----
RUN_RESULT:86:7:0:2000:----
RUN_RESULT:86:8:0:2000:----
RUN_RESULT:86:9:0:2000:----
    87 |      870 |  0.000000E+00 | -0.000000E+00
TRACK:1730;4;1;3;5;2;3;6;2;13;1;3;2;3;19;6;22;-0.03499774720603632;3;5;4;11;4;4;3;4;3;0;3;24;5;25
TRACK:1731;4;1;1;0;1;0;6;1;6;6;0;0;11;13;0;24;25;2;0;0;1;11;18;5;13;0;5;19;1;16;16;1;0;2;23;-2.2571701295058633;11;5;14;6;1;16;13;6;0;2;4;5;4;9;0;6;6;19;5;6;7;-8.027529548669474;6;1;4;2;7;0.07010987965106708;9;2;1;18;14;0;13;16;4;4;5;2;3;1;5;21;8.72293539427383;4;10;5;6;0;10;20;9.760890453417513;0;6;5;2;4;6;6;6;12;4;2;5;2;18;18;2;3;20;-1.309421897974218;6;21;8.619756525285762;5;3;0;5;3;4;0;16;17;0;0;2;2;12;20;-7.142345868378386;2;13;22;7.201771128708472;4;1;23;1.9260129348463444;25;6;6;1;10;25;5;4;6;2;2;5;5;5;5;24;3;6;1;5;7;0.5327554097370673;4;8;5;3;2;3;19;6;6;19
TRACK:1732;2;7;4;1;4;3;0;2;2;1;1;2;19;20;-4.142185303395147;0;8;23;-1.4602899930131628;1;3;19;6;16;1;5;3;7;-8.343934600877203;5;1;18;21;-9.826680263377368;2;3;6;0;13;17;4;4;1;25;9;5;6;1;4;6;22;-2.0582719638834;2;1;22;2.6848393667379593;17;4;8;6;2;6;3;0;1;2;1;19;12;3;14;1;3;9;1;7;-7.3461643690864475;14;3;3;3;25;5;6;3;6;5;4;25
TRACK:1733;2;7;0;4;4;0;1;4;4;5;5;5;8;5;1;4;1;0;15;23;9.010026579099339;4;21;7.603077435577408;2;3;1;21;0.8741299139996013;20;-9.727771496719013;1;5;25;4;8;0;1;6;5;3;1;7;1.1694286702868357;22;4.9607544345329515;5;3;5;4;22;9.67370061750217;0;4;1;6;4;8;6;1;24;12;1;1;6;1;9;8;1;6;21;-8.244041740037652;3;7;-8.343934600877203;6;5;3;25;6;3;5;1;6;2;1;1;4;25;1;12;10;6;3;9;1;2;0;16;20;-8.356452856661015;4;19;2;2;16;15;1;17;20;-4.716407496205484;3;0;0;0;4;25;4;16;4;1;23;3.4058139379531127;12;3;0;2;23;7.997450742602297;20;4.678946297741202;1;21;8.169859715769505;11
TRACK:1734;6;1;4;0;1;3;5;3;3;5;5;4;19;2;3;1;2;1;5;1;14;12;4;1;15;18;0;5;2;11;7;3.3949546236874166;1;1;21;0.15781845565135022;24;6;14;6;6;6;5;14;6;4;6;0;3;3;9;0;2;19;17;3;15;6;4;2;2;3;1;5;21;8.72293539427383;4;10;5;6;0;10;20;9.760890453417513;3;2;2;6;1;25;25;3;6;7;5.598869455374256;6;6;1;17;22;-0.8355763743440541
TRACK:1735;6;1;1;0;1;0;6;1;6;6;0;0;11;13;0;24;25;2;0;0;1;11;18;5;13;0;5;19;1;16;16;1;0;2;23;-2.2571701295058633;11;5;14;6;1;16;13;6;0;2;4;5;4;9;0;6;6;15;5;6;7;-8.027529548669474;6;1;4;2;7;0.07010987965106708;9;2;1;18;14;0;13;16;4;4;5;2;3;1;5;21;8.72293539427383;4;10;5;6;0;10;20;9.760890453417513;0;6;5;2;4;6;6;6;12;4;2;5;2;18;18;2;3;20;-1.309421897974218;6;21;8.619756525285762;5;3;0;5;3;4;0;16;17;0;0;2;2;12;20;-7.142345868378386;2;13;22;7.201771128708472;4;1;23;1.9260129348463444;25;6;6;1;10;25;5;4;6;2;2;5;5;5;5;24;3;6;1;5;7;0.5327554097370673;4;8;5;3;2;6;2;19;23;-4.7855461444313185;6;6;19
TRACK:1736;0;7;4;6;3;1;5;6;6;6;1;2;15;15;6;17;1;1;4;6;5;4;16;2;6;0;21;8.169859715769505;5;19;3;1;1;13;15;6;25;6;6;4;5;3;19
TRACK:1737;0;7;0;4;4;0;1;4;4;5;5;5;8;5;1;4;1;0;15;23;9.010026579099339;4;21;7.603077435577408;2;3;1;21;0.8741299139996013;20;-9.727771496719013;1;5;25;4;15;0;1;6;5;3;1;7;1.1694286702868357;22;4.9607544345329515;5;3;5;4;22;9.67370061750217;0;4;1;6;4;8;6;1;24;12;1;1;6;1;9;8;1;6;21;-8.244041740037652;3;7;-8.343934600877203;6;5;3;25;6;3;5;1;6;2;1;1;4;25;1;19;10;6;3;9;1;2;0;16;20;-8.356452856661015;4;19;2;2;16;15;1;17;20;-4.716407496205484;3;0;0;0;4;25;4;16;4;1;23;3.4058139379531127;12;3;0;2;23;7.997450742602297;20;4.678946297741202;1;21;8.169859715769505;11
TRACK:1738;8;6;6;4;2;0;4;3;6;1;6;6;11;1;1;23;-6.194829372622004;8;0;23;-6.448084404665872;22;-2.585017750253062;6;4;0;1;3;4;7;-1.796785627472408;2;4;25;1;24;15;3;3;0;24;18;5;3;2;6;6;4;4;10;1;2;1;17;22;-0.8355763743440541;2;5;8;3;20;9.74776600337508;1;1;5;12;3;25;5;2;12;15
TRACK:1739;8;6;4;0;1;3;5;3;3;5;5;4;19;2;3;1;2;1;5;1;14;12;4;1;15;18;0;5;2;11;7;3.3949546236874166;1;1;21;0.15781845565135022;24;6;14;6;6;6;5;14;6;4;6;0;3;3;9;0;2;19;17;3;15;10
TRACK:1740;4;-1;3;5;2;2;2;8;20;-7.157180055228556;0;17;22;-2.433319652358379;4;4;3;4;3;0;3;24;5;25
TRACK:1741;1732;-1;4;1;4;3;0;2;2;1;1;2;19;20;-4.047085173304222;0;8;23;-1.4879901573402479;1;3;19;6;16;1;5;3;7;-8.223116445371597;5;1;18;21;-9.83834539045777;2;3;6;0;13;17;4;4;5;23;-1.9484766585311792;5;6;1;4;6;22;-2.08736805301724;2;1;22;2.642220113853943;17;4;8;6;2;6;3;0;1;2;1;19;12;3;14;1;3;9;1;7;-7.531729542774136;14;3;3;3;25;5;6;3;6;5;4;25
TRACK:1742;1734;-1;4;0;1;3;5;3;3;5;5;4;19;2;3;1;2;1;5;1;14;12;4;1;15;18;0;5;2;11;7;3.4337008138186613;1;1;21;0.12979592564501438;24;6;14;6;6;6;5;14;6;4;6;0;3;3;9;0;2;19;17;3;15;5;6;4;4;1;4;0;11;22;-6.667242445717911;3;6;11
TRACK:1743;1736;-1;4;6;3;1;5;6;6;6;1;2;15;15;5;24;1;1;4;6;5;4;16;2;6;0;21;8.172199590224348;5;19;3;1;1;13;15;6;25;6;6;4;5;3;19
TRACK:1744;8;-1;6;4;2;0;4;3;6;1;6;6;11;1;1;23;-6.256877676930587;8;0;23;-6.592500320078101;22;-2.6363080777247463;6;4;0;1;3;4;7;-1.8230356277663426;2;4;25;1;24;15;3;3;0;24;18;5;3;2;6;6;4;4;10;1;2;4;3;14;2;5;8;3;20;9.808645687684681;1;1;5;12;3;25;5;2;12;9
TRACK:1745;1;-1;1;0;1;0;6;1;6;6;0;0;11;13;0;24;25;2;0;0;1;11;18;5;13;0;5;19;1;16;16;1;0;2;23;-2.4051473136775776;11;5;14;6;1;16;13;6;0;2;4;5;4;9;0;6;6;23;-4.25130062201017;5;6;7;-8.065948035638213;6;1;4;2;7;0.02429966743039985;9;2;1;18;14;0;13;16;4;4;5;2;3;1;5;21;8.663308875241743;4;10;5;6;0;10;20;9.935513647042887;0;6;5;2;4;6;6;6;12;4;2;5;2;18;18;2;3;20;-1.2996505504427018;6;21;8.736851340656596;5;3;0;5;3;4;0;16;17;0;0;2;2;12;20;-7.1634205803781175;2;13;22;6.954285758947648;4;1;23;1.9175567430040088;25;6;6;1;10;25;5;4;6;2;2;5;5;5;5;24;3;6;1;5;7;0.5742385455692114;4;8;5;3;2;6;2;19;23;-4.727007918883116;6;6;19
TRACK:1746;1733;-1;0;4;4;0;1;4;4;5;5;5;8;5;1;4;1;0;15;23;9.259804340257578;4;21;7.684612843952646;2;3;1;21;0.7079408285274691;20;-9.797149746995295;1;5;25;4;8;0;1;6;5;3;1;7;1.2219589596232905;22;4.871094072727648;5;3;5;4;22;9.395291469073529;0;4;1;6;4;8;6;1;24;12;1;1;6;1;9;8;1;6;21;-8.276532855626401;3;7;-8.301918480264467;6;5;3;25;6;3;5;1;6;2;1;1;4;25;3;24;6;3;9;1;2;0;16;20;-8.318931649036752;4;19;2;2;16;15;1;17;20;-4.690847369889643;3;0;0;0;4;25;4;16;4;1;23;3.537117334084957;12;3;0;2;23;8.021516309000493;20;4.806883991641901;1;21;8.268049854137342;11
TRACK:1747;1735;-1;1;0;1;0;6;1;6;6;0;0;11;13;0;24;25;2;0;0;1;11;18;5;13;0;5;19;1;16;16;1;0;2;23;-2.2068671729467537;11;5;14;6;1;16;13;6;0;2;4;5;4;9;0;6;6;15;5;6;7;-8.102204338838684;6;1;4;2;7;0.07973930939625792;9;2;1;18;14;0;13;16;4;4;5;2;3;1;5;21;8.586991443324187;4;10;5;6;0;10;20;9.734741740770172;0;6;5;2;4;6;6;6;12;4;2;5;2;18;18;2;3;20;-1.3658348876486288;6;21;8.469469785074786;5;3;0;5;3;4;0;16;17;0;0;0;6;15;4;20;-5.66255100871947;4;1;23;1.9855853570643;25;6;6;1;10;25;5;4;6;2;2;5;5;5;5;24;3;6;1;5;7;0.33592059121253864;4;8;5;3;2;6;2;19;23;-4.795212957921421;6;6;19
TRACK:1748;1737;-1;0;4;4;0;1;4;4;5;5;5;8;5;1;4;1;0;15;23;8.994716399556143;4;21;7.513366189753751;2;3;1;21;1.0296512341963842;20;-9.678933545611617;1;5;25;4;15;0;1;6;5;3;1;7;1.027233849935875;22;5.044334453278116;5;3;5;4;22;9.723600802487544;0;4;1;6;4;8;6;1;24;12;1;1;6;1;9;8;1;6;21;-8.070641982233457;3;7;-8.222988186161277;6;5;3;25;6;3;5;1;6;2;1;1;4;25;1;13;18;6;3;9;1;2;0;16;20;-8.414340830808207;4;19;2;2;16;15;1;17;20;-4.825161234971594;3;0;0;0;4;25;4;16;4;1;23;3.3896476619699056;12;3;0;2;23;7.864624478357412;20;4.668075709283837;1;21;7.960151020465831;11
TRACK:1749;6;-1;4;0;1;3;5;3;3;5;5;4;19;2;3;1;2;1;5;1;14;12;4;1;15;18;0;5;2;11;7;3.320574704164656;1;1;21;0.1858275289446063;24;6;14;6;6;6;5;14;6;4;6;0;3;3;9;0;2;19;17;2;20;8.999949106004205;24;6;4;2;0;0;6;6;1;21;-0.9057249701282999;22;-5.754692363285948;0;1;6;16;4;14;1;0;9;7;3.5661602334910625;5;25;5;4;5;3;12;3;2;2;6;1;25;25;3;6;7;5.459313237721767;6;6;1;17;22;-1.0642419504635114
EVAL_INSTANCE:87:0:1740
EVAL_INSTANCE:87:1:1741
EVAL_INSTANCE:87:2:1742
EVAL_INSTANCE:87:3:1743
EVAL_INSTANCE:87:4:1744
EVAL_INSTANCE:87:5:1745
EVAL_INSTANCE:87:6:1746
EVAL_INSTANCE:87:7:1747
EVAL_INSTANCE:87:8:1748
EVAL_INSTANCE:87:9:1749
RUN_RESULT:87:0:0:2000:----
RUN_RESULT:87:1:0:2000:----
RUN_RESULT:87:2:0:2000:----
RUN_RESULT:87:3:0:2000:----
RUN_RESULT:87:4:0:2000:----
RUN_RESULT:87:5:0:2000:----
RUN_RESULT:87:6:0:2000:----
RUN_RESULT:87:7:0:2000:----
RUN_RESULT:87:8:0:2000:----
RUN_RESULT:87:9:0:2000:----
    88 |      880 |  0.000000E+00 | -0.000000E+00
TRACK:1750;6;9;4;0;1;3;5;3;3;5;5;4;19;2;3;1;2;1;5;6;24;4;1;15;18;0;5;2;11;7;3.3949546236874166;1;1;21;0.15781845565135022;24;6;14;6;6;6;5;14;6;4;6;0;3;3;9;0;2;19;17;3;15;6;4;2;0;0;6;6;1;21;-0.8411316608662993;22;-5.721673982302146;0;1;6;16;4;14;1;0;9;7;3.452318748288228;5;25;5;4;5;3;12;3;2;2;6;1;25;25;3;6;7;5.598869455374256;6;6;1;17;22;-0.8355763743440541
TRACK:1751;6;9;4;1;2;6;3;3;3;1;6;6;24;5;1;13;13;2;2;5;5;1;0;5;9;4;11;4;6;16;2;4;1;3;3;13;3;5;15;2;6;3;5;14;6;0;6;15;4;9;0;2;4;5;4;6;22;2.665848916495923;4;4;4;2;18;16;1;6;1;6;3;10;2;5;19;6;8;4;6;2;0;13;11;3;20;-4.756331604557056;4;4;2;2;5;1;3;6;7;5.598869455374256;0;6;21;7.707510668684343;6;14;2;0;4;6;21;6.112383433580128;4;5;24;6;0;3;25;1;9;16;2;0;5;1;0;16;9;6;10;2;4;5;15;4;6;24;6;0;5;6;15;6;1;10;13
TRACK:1752;4;5;3;5;2;3;6;2;5;4;4;6;25;1;3;2;3;19;6;22;-0.03499774720603632;3;5;4;11;4;4;3;4;3;0;3;24;5;25
TRACK:1753;4;5;1;5;3;1;0;4;5;1;2;3;9;5;23;7.309737645474968;1;3;24;3;11;4;6;6;1;6;16;2;7;-5.854091696762859;22;3.66350285320285;1;0;3;4;6;2;25;10;1;4;6;4;15;5;0;6;22;-9.58565805499974;4;8;0;6;0;6;1;19;23;-3.587308483082352;0;5;25;1;11;12;4;5;6;3;22;-9.350739913168448;0;6;5;5;6;4;0;3;4;11;4;6;23;3.393492578825029;4;2;0;0;0;2;0;2;14;18;3;18;5;3;7;-7.279508601903622;0;4;6;22;6.945105059765922;3;4;14;4;5;3;0;20;-2.748115565306861;20;4.594253372334986;6;5;4;5;1;16;19;2;4;2;6;1;6;14;3;21;9.356815312735755;2;4;0;25;21;7.75724703552433;1;1;17;10;3;17;5;0;4;0;5;24;0;25;9;0;3;5;24;0;2;17;10;0;16;11
TRACK:1754;1;7;1;0;1;0;6;1;6;6;0;0;11;13;0;24;25;2;0;0;1;11;18;5;13;0;5;19;1;16;16;1;0;2;23;-2.2571701295058633;11;5;14;6;1;16;13;6;0;2;4;5;4;9;0;6;6;19;5;6;7;-8.027529548669474;6;1;4;2;7;0.07010987965106708;9;2;1;18;14;0;13;16;4;4;5;2;3;1;5;21;8.72293539427383;4;10;5;6;0;10;20;9.760890453417513;25;5;4;6;2;2;5;5;5;5;24;3;6;1;5;7;0.5327554097370673;4;8;5;3;2;6;2;19;23;-4.7855461444313185;6;6;19
TRACK:1755;1;7;0;4;4;0;1;4;4;5;5;5;8;5;1;4;1;0;15;23;9.010026579099339;4;21;7.603077435577408;2;3;1;21;0.8741299139996013;20;-9.727771496719013;1;5;25;4;8;0;1;6;5;3;1;7;1.1694286702868357;22;4.9607544345329515;5;3;5;4;22;9.67370061750217;0;4;1;6;4;8;6;1;24;12;1;6;2;19;23;-4.7855461444313185;6;5;3;25;6;3;5;1;6;2;1;1;4;25;1;19;10;6;3;9;1;2;0;16;20;-8.356452856661015;4;19;2;2;16;15;1;17;20;-4.716407496205484;3;0;0;0;4;25;4;16;4;1;23;3.4058139379531127;12;3;0;2;23;7.997450742602297;20;4.678946297741202;1;21;8.169859715769505;11
TRACK:1756;5;2;1;5;3;1;0;4;5;1;2;3;9;5;23;7.309737645474968;1;6;7;0.3218028824642367;3;11;4;6;6;1;6;16;2;7;-5.854091696762859;22;3.66350285320285;1;0;3;4;6;2;25;10;1;4;6;4;15;5;0;6;22;-9.58565805499974;4;8;0;6;0;6;1;19;23;-3.587308483082352;0;5;25;1;11;12;4;5;6;3;22;-9.350739913168448;0;6;5;5;6;4;0;3;4;11;4;6;23;3.393492578825029;4;2;0;0;0;2;0;2;14;18;3;18;5;3;7;-7.279508601903622;0;4;6;22;6.945105059765922;3;4;14;4;5;3;0;20;-2.748115565306861;20;4.594253372334986;6;5;4;5;1;16;19;2;4;2;6;1;6;14;3;21;9.356815312735755;2;4;0;25;9;1;1;17;10;3;17;5;0;4;0;5;24;0;25;9;0;3;5;24;0;2;17;10;0;16;11
TRACK:1757;5;2;4;1;4;3;0;2;2;1;1;2;19;20;-4.142185303395147;0;8;23;-1.4602899930131628;1;3;19;6;16;1;5;0;18;10;5;1;18;21;-9.826680263377368;2;3;6;0;13;17;4;4;1;25;9;5;6;1;4;6;22;-2.0582719638834;2;1;22;2.6848393667379593;17;4;8;6;2;6;3;0;1;2;1;19;12;3;14;1;3;9;1;7;-7.3461643690864475;14;3;3;1;16;19;5;6;3;6;5;4;25
TRACK:1758;1;0;1;0;1;0;6;1;6;6;0;0;11;13;0;24;25;2;0;0;1;11;18;5;13;0;5;19;1;16;16;1;0;2;23;-2.2571701295058633;11;5;14;6;1;16;13;6;0;2;4;5;4;9;0;6;6;19;5;6;7;-8.027529548669474;6;1;4;2;7;0.07010987965106708;9;2;1;18;14;0;13;16;4;4;5;2;3;1;5;21;8.72293539427383;4;10;5;6;0;10;20;9.760890453417513;0;6;5;2;4;6;6;6;12;4;2;5;2;18;18;2;3;20;-1.309421897974218;6;21;8.619756525285762;5;3;0;5;3;4;0;16;17;0;0;2;2;12;20;-7.142345868378386;2;13;22;7.201771128708472;4;1;23;1.9260129348463444;25;6;6;1;10;25;5;4;6;2;2;5;5;5;5;24;3;6;1;5;7;0.5327554097370673;4;8;5;3;2;6;2;19;15;6;6;19
TRACK:1759;1;0;4;6;3;1;5;6;6;6;1;2;15;15;6;17;1;1;4;6;5;4;16;2;6;0;2;17;18;5;19;3;13;6;6;4;5;3;19
TRACK:1760;1750;-1;4;0;1;3;2;0;0;2;5;6;19;2;3;9;6;23;-1.0657949567948712;0;5;4;17;5;3;9;6;2;1;0;9;11;0;13;15;0;2;24;25;6;24;3;0;0;1;6;25;2;23;2.428907907065952;24;6;6;11;0;6;6;7;1.9990479438820845;2;6;21;-3.3904747468419334;3;9;2;3;1;2;1;5;6;24;4;1;15;18;0;5;2;11;7;3.5101849599442967;1;1;21;0.0808125678134544;24;6;14;6;6;6;5;14;6;4;6;0;3;3;9;0;2;19;17;3;15;6;4;2;0;0;6;6;1;21;-0.661886091981871;22;-5.536693818582949;0;1;6;16;4;14;1;0;9;7;3.49208433024121;5;25;5;4;5;3;12;3;2;2;6;1;25;25;3;6;7;5.660404432054123;6;6;1;17;22;-0.8402033080682807
TRACK:1761;1752;-1;3;5;2;3;6;2;5;4;4;6;25;1;3;2;3;19;6;22;-0.059067410113309765;3;6;1;8;11;4;4;3;4;3;0;3;24;5;25
TRACK:1762;1754;-1;1;0;1;0;6;1;6;6;0;0;11;13;0;24;25;2;0;0;1;11;18;5;13;0;5;19;1;16;16;1;0;2;23;-2.1196063988127265;11;5;14;6;1;16;13;6;0;2;4;5;4;9;0;3;4;25;5;6;7;-7.982414863283458;6;1;4;2;7;0.036047712855815296;9;2;1;18;14;0;13;16;4;4;5;2;3;1;5;21;8.624667179388608;4;10;5;6;0;10;20;9.845919115617958;25;5;4;6;2;2;5;5;5;5;24;3;6;1;5;7;0.7197981828798098;4;8;5;3;2;6;2;19;23;-4.615724851730519;6;6;19
TRACK:1763;1756;-1;1;5;3;1;0;4;5;1;2;3;9;5;23;7.393222070379469;1;6;7;0.3711383494952947;3;11;4;6;6;1;6;16;2;7;-5.854804547612701;22;3.6676413501063974;1;0;3;4;6;2;25;10;1;4;6;4;15;5;0;6;22;-9.690476563159832;4;8;0;6;0;6;1;19;23;-3.47366008805738;0;5;25;1;11;12;4;5;6;3;22;-9.313823836414844;0;6;5;5;6;4;0;3;4;11;4;6;23;3.3496630702306134;4;2;0;0;0;2;0;2;14;18;3;18;5;3;7;-7.2170516952917145;0;4;6;22;6.828634969703743;3;4;14;4;5;3;6;9;6;5;4;5;1;16;19;2;4;2;6;1;6;14;3;21;9.336690480376317;2;4;0;25;9;1;1;17;10;3;17;5;0;4;0;5;24;0;25;9;0;3;5;24;0;2;17;10;0;16;11
TRACK:1764;1758;-1;1;0;1;0;6;1;6;6;0;0;11;13;0;24;25;2;0;0;1;11;18;5;13;5;15;1;0;2;23;-2.2000500748364358;11;5;14;6;1;16;13;6;0;2;4;5;4;9;0;6;6;19;5;6;7;-7.959936488912448;6;1;4;2;7;0.027373320255031808;9;2;1;18;14;0;13;16;4;4;5;2;3;1;5;21;8.7183843388715;4;10;5;6;0;10;20;9.93571386898776;0;6;5;2;4;6;6;6;12;4;2;5;2;18;18;2;3;20;-1.3455324795046053;6;21;8.424410672106868;5;3;0;5;3;4;0;16;17;0;0;2;2;12;20;-7.1116893406171116;2;13;22;7.2470196887217275;4;1;23;1.8451800341808209;25;6;6;1;10;25;5;4;6;2;2;5;5;5;5;24;3;6;1;5;7;0.6183802631039773;4;8;5;3;2;6;2;19;15;6;6;19
TRACK:1765;1751;-1;4;1;2;6;3;3;3;1;6;6;24;5;1;13;13;2;2;5;5;1;0;5;9;4;11;4;1;21;1.046393903790042;20;8.655884072663518;2;4;1;3;3;13;3;5;15;2;6;3;5;14;6;0;6;15;4;9;0;2;4;5;4;6;22;2.568061128924588;4;4;4;2;18;16;1;6;1;6;3;10;2;5;19;6;8;4;6;2;0;13;11;3;20;-4.7453319179478175;4;4;2;2;5;1;3;6;7;5.655821062278751;0;6;21;7.631631417460751;6;14;2;0;4;6;21;6.027444162922631;4;5;24;6;0;3;25;1;9;16;2;0;5;1;0;16;9;6;10;2;4;5;15;4;6;24;6;0;5;6;15;6;1;10;13
TRACK:1766;1753;-1;1;5;3;1;0;4;5;1;2;3;9;5;23;7.345908042632889;1;3;24;3;11;4;6;6;1;6;10;2;7;-5.893872220027523;22;3.4522073522239323;1;0;3;4;6;2;25;10;1;4;6;4;15;5;0;6;22;-9.50099137829801;4;8;0;6;0;6;1;19;23;-3.4312286205675817;0;5;25;1;11;12;4;5;6;3;22;-9.474310064622525;0;6;5;5;6;4;0;3;4;11;4;6;23;3.2503193971984494;4;2;0;0;0;2;0;2;14;18;3;18;5;3;7;-7.175667222930857;0;4;6;22;6.846587031202378;3;4;14;4;5;3;0;20;-2.7531542287366197;20;4.562858427862958;6;5;4;5;1;16;19;2;4;2;6;1;6;14;3;21;9.216700527313362;2;4;0;25;21;7.695187239351358;1;1;17;10;3;17;5;0;4;0;5;24;0;25;9;0;3;5;24;0;2;17;10;0;16;11
TRACK:1767;1755;-1;0;4;4;0;1;4;4;5;5;5;8;5;1;4;1;0;15;23;8.94552510742654;4;21;7.707588193619192;2;3;1;21;0.8230555596928297;20;-9.64689480717455;1;5;25;4;8;0;1;6;5;3;1;7;0.9234210978731461;22;4.863427617453194;5;3;5;4;22;9.766763783220236;0;4;1;6;4;8;6;1;24;12;1;6;2;19;23;-4.731815174953806;6;5;3;25;6;3;5;1;6;2;1;1;4;25;1;19;10;6;3;9;1;2;0;16;20;-8.368355173259255;4;19;2;2;16;15;1;17;20;-4.662312854233039;3;0;0;6;16;4;1;23;3.505192228898054;12;3;0;2;23;8.008228027861495;20;4.610669808982544;1;21;8.209045154182089;11
TRACK:1768;1757;-1;4;1;4;3;0;2;2;1;1;2;19;20;-4.154159086417568;0;8;23;-1.3185613556954536;1;3;19;6;16;1;5;0;18;10;5;1;18;21;-9.777657812624145;2;3;6;0;13;17;4;4;1;25;9;5;6;1;4;6;22;-1.971635227837568;2;1;22;2.711347909979365;17;4;8;6;2;6;3;0;1;2;1;19;12;3;14;1;3;9;1;7;-7.431451295517631;14;3;5;0;19;8;5;6;3;6;5;4;25
TRACK:1769;1759;-1;3;5;1;0;0;0;1;6;1;17;19;3;0;16;22;-8.25897745605224;4;1;1;9;9;2;20;1.5887614615614467;17;3;1;0;0;20;6.342333546246039;22;-1.7252413763906418;5;14;4;4;12;1;6;0;0;2;15;16;0;25;13;4;0;7;-0.74753408377636;13;2;0;0;0;20;-2.781955758428123;16;2;24;16;0;0;9;21;-8.664061228296623;2;14;7;-6.626020168980338;2;5;5;9;2;0;21;-6.660814439878779;18;5;22;2.026123166723668;3;4;4;0;2;5;19;0;8;18;3;0;8;10
EVAL_INSTANCE:88:0:1760
EVAL_INSTANCE:88:1:1761
EVAL_INSTANCE:88:2:1762
EVAL_INSTANCE:88:3:1763
EVAL_INSTANCE:88:4:1764
EVAL_INSTANCE:88:5:1765
EVAL_INSTANCE:88:6:1766
EVAL_INSTANCE:88:7:1767
EVAL_INSTANCE:88:8:1768
EVAL_INSTANCE:88:9:1769
RUN_RESULT:88:0:0:2000:----
RUN_RESULT:88:1:0:2000:----
RUN_RESULT:88:2:0:2000:----
RUN_RESULT:88:3:0:2000:----
RUN_RESULT:88:4:0:2000:----
RUN_RESULT:88:5:0:2000:----
RUN_RESULT:88:6:0:2000:----
RUN_RESULT:88:7:0:2000:----
RUN_RESULT:88:8:0:2000:----
RUN_RESULT:88:9:0:2000:----
    89 |      890 |  0.000000E+00 | -0.000000E+00
TRACK:1770;0;3;4;6;3;1;5;6;6;6;1;2;15;15;6;17;1;1;2;13;18;2;6;0;2;17;18;5;19;3;1;1;13;15;6;25;6;6;4;5;3;19
TRACK:1771;0;3;5;0;5;6;0;5;5;4;6;2;23;-9.425875259368343;23;6.351964638882649;6;2;6;0;0;22;-5.7053140582007185;15;2;13;8;0;1;4;14;5;9;2;2;22;-2.8628063595721738;8;3;13;3;0;4;1;3;3;5;6;22;6.502010675018717;2;1;5;0;7;2.951350615301049;22;3.1091386531019545;5;1;8;18;2;2;1;9;10;1;12;21;0.4828827554892712;2;5;7;-5.060335771358783;3;24;18
TRACK:1772;5;8;1;5;3;1;0;4;5;1;2;3;9;5;23;7.309737645474968;1;6;7;0.3218028824642367;3;11;4;6;6;1;6;16;2;7;-5.854091696762859;22;3.66350285320285;1;0;3;4;6;2;25;10;1;4;6;4;15;5;0;6;22;-9.58565805499974;4;8;0;6;0;6;1;19;23;-3.587308483082352;0;5;25;1;11;12;4;5;6;3;22;-9.350739913168448;0;6;5;5;6;4;0;3;4;11;4;6;23;3.393492578825029;4;2;0;0;0;2;0;2;14;18;3;10;5;3;7;-7.279508601903622;0;4;6;22;6.945105059765922;3;4;14;4;5;3;0;20;-2.748115565306861;20;4.594253372334986;6;5;4;5;1;16;19;2;4;2;6;1;6;14;3;21;9.356815312735755;2;4;0;25;21;7.75724703552433;1;1;17;10;3;17;5;0;4;0;5;24;0;25;9;0;3;5;24;0;2;17;10;0;16;11
TRACK:1773;5;8;6;4;2;0;4;3;6;1;6;6;11;1;1;23;-6.194829372622004;8;0;23;-6.448084404665872;22;-2.585017750253062;6;4;0;1;3;4;7;-1.796785627472408;2;4;25;1;24;15;3;3;0;24;18;5;3;2;6;6;4;4;10;1;2;4;3;14;2;5;8;3;20;9.74776600337508;1;1;5;12;3;25;5;2;11;15
TRACK:1774;1;0;1;0;1;0;6;1;6;6;0;0;11;13;0;24;25;2;0;0;1;11;18;5;13;0;5;19;1;16;16;1;0;2;23;-2.2571701295058633;11;5;14;6;1;16;13;6;0;2;4;5;4;9;0;6;6;19;5;6;7;-8.027529548669474;6;1;4;2;7;0.07010987965106708;9;2;1;18;14;0;13;16;4;4;5;2;3;1;5;21;8.72293539427383;4;10;5;6;0;10;20;9.760890453417513;0;6;5;2;4;6;6;6;12;4;2;5;2;18;18;2;3;20;-1.309421897974218;6;21;8.619756525285762;5;3;0;5;3;4;0;16;17;0;0;2;2;12;20;-7.142345868378386;2;13;22;7.201771128708472;4;1;23;1.9260129348463444;25;6;6;1;18;25;5;4;6;2;2;5;5;5;5;24;3;6;1;5;7;0.5327554097370673;4;8;5;3;2;6;2;19;23;-4.7855461444313185;6;6;19
TRACK:1775;1;0;4;6;3;1;5;6;6;6;1;2;15;15;6;17;1;1;4;6;5;4;16;2;6;0;2;17;18;5;19;3;1;1;13;23;-2.2571701295058633;6;25;6;6;4;5;3;19
TRACK:1776;3;6;5;0;5;6;0;5;5;4;6;2;23;-9.425875259368343;23;6.351964638882649;6;2;6;0;0;22;-5.7053140582007185;15;2;13;8;0;1;4;14;5;9;2;2;22;-2.8628063595721738;8;3;13;3;0;4;1;3;3;5;6;22;6.502010675018717;2;1;5;19;5;1;8;18;2;2;1;9;10;1;12;21;0.4828827554892712;2;5;7;-5.060335771358783;3;24;0;4;5;2;0;2;23;-5.9151488629807725;17;4;11;4;0;11;25;4;2;4;5;6;19;5;0;3;15;2;13;18
TRACK:1777;3;6;4;0;1;3;5;3;3;5;5;4;19;2;3;1;2;1;5;1;14;12;4;1;15;18;0;5;2;11;7;3.3949546236874166;1;1;21;0.15781845565135022;24;6;14;6;6;6;5;14;6;4;6;0;3;3;9;0;2;19;17;3;15;6;4;2;0;0;6;6;1;21;-0.8411316608662993;22;-5.721673982302146;0;1;6;16;4;14;1;0;9;7;3.452318748288228;5;25;5;4;5;3;22;6.502010675018717;3;2;2;6;1;25;25;3;6;7;5.598869455374256;6;6;1;17;22;-0.8355763743440541
TRACK:1778;8;1;6;4;2;0;4;3;6;1;6;6;11;1;1;23;-6.194829372622004;8;0;23;-6.448084404665872;22;-2.585017750253062;6;4;0;1;24;2;4;25;1;24;15;3;3;0;24;18;5;3;2;6;6;4;4;10;1;2;4;3;14;2;5;8;3;20;9.74776600337508;1;1;5;12;3;25;5;2;12;15
TRACK:1779;8;1;1;0;1;0;6;1;6;6;0;0;11;13;0;24;25;2;0;0;1;11;18;5;13;0;5;19;1;16;16;1;0;2;23;-2.2571701295058633;11;5;14;6;1;16;13;6;0;2;4;5;4;9;0;6;6;19;5;6;7;-8.027529548669474;6;1;4;2;7;0.07010987965106708;9;2;1;18;14;0;13;16;4;4;5;2;3;1;5;21;8.72293539427383;4;10;5;6;0;10;20;9.760890453417513;0;6;5;2;4;6;6;6;12;4;2;5;2;18;18;2;3;20;-1.309421897974218;6;21;8.619756525285762;5;3;0;5;3;4;0;16;17;0;0;2;2;12;20;-7.142345868378386;2;13;22;7.201771128708472;4;1;23;1.9260129348463444;25;6;6;1;10;25;5;4;6;2;2;5;5;5;5;24;3;6;1;5;7;0.5327554097370673;4;12;5;3;2;6;2;19;23;-4.7855461444313185;6;6;19
TRACK:1780;1770;-1;0;3;19;5;10
TRACK:1781;1772;-1;1;5;3;1;0;4;5;1;2;3;9;5;23;7.29341312468608;1;6;7;0.3464890183921987;3;11;4;6;6;1;6;16;2;17;22;3.7902307585073824;1;0;3;4;6;2;25;10;1;4;6;4;15;5;0;6;22;-9.59742363558462;4;8;0;6;0;6;1;19;23;-3.4534442790643722;0;5;25;1;11;12;4;5;6;3;22;-9.286881587034717;0;6;5;5;6;4;0;3;4;11;4;6;23;3.4042527061208916;4;2;0;0;0;2;0;2;14;18;3;10;5;3;7;-7.255764493548794;0;4;6;22;7.076455402782685;3;4;14;4;5;3;0;20;-2.771537181369693;20;4.58122869394435;6;5;4;5;1;16;19;2;4;2;6;1;6;14;3;21;9.175866992032374;2;4;0;25;21;7.6515857127440725;1;1;17;10;3;17;5;0;4;0;5;24;0;25;9;0;3;5;24;0;2;17;10;0;16;11
TRACK:1782;1774;-1;1;0;1;0;6;1;6;6;0;0;11;13;0;24;25;2;0;0;1;11;18;5;13;0;5;19;1;16;16;1;0;2;23;-2.2450478706849313;12;5;14;6;1;16;13;6;0;2;4;5;4;9;0;6;6;19;5;6;7;-8.017476294632708;6;1;4;2;7;-0.056655703994387546;9;2;1;18;14;0;13;16;4;4;5;2;3;1;5;21;8.630041309351308;4;10;5;6;0;10;20;9.973242075122661;0;6;5;2;4;6;6;6;12;4;2;5;2;18;18;2;3;20;-1.4267494155529867;6;21;8.664328534082031;5;3;0;5;3;4;0;16;17;0;0;2;2;12;20;-6.894694048208293;2;13;22;7.325066314806226;4;1;23;1.9819874039419005;25;6;6;1;18;25;5;4;6;2;2;5;5;5;5;24;3;6;1;5;7;0.41771096239335676;4;8;5;3;2;6;2;19;23;-4.80581455719053;6;6;19
TRACK:1783;1776;-1;5;0;5;6;0;5;5;4;6;2;23;-9.397360561566396;23;6.447824827039448;6;2;6;0;0;22;-5.897848880098112;15;2;13;8;0;1;4;14;5;9;2;2;22;-3.124315364128854;8;3;13;3;0;4;1;3;3;5;6;22;6.471753849831895;2;1;5;19;5;1;8;18;2;2;1;9;10;1;12;21;0.48508678942283356;2;5;7;-5.105318486281656;3;24;0;4;5;2;0;2;23;-6.008007936135528;17;4;11;4;0;11;25;4;2;4;5;6;19;5;0;3;15;2;13;18
TRACK:1784;1778;-1;6;4;2;0;4;3;6;1;6;6;11;1;1;23;-6.274136031976693;8;0;23;-6.658843333833441;22;-2.548653199992955;6;4;0;1;24;2;4;25;5;13;3;3;0;24;18;5;3;2;6;6;4;4;10;1;2;4;3;14;2;5;8;3;20;9.910742746989925;1;1;5;12;3;25;5;2;12;15
TRACK:1785;1771;-1;5;0;5;6;0;5;5;4;6;2;23;-9.289976625639815;23;6.433287591584562;6;2;6;0;0;22;-5.630091832123377;15;2;13;8;0;1;4;14;5;9;2;2;22;-2.9142489247000647;8;3;13;3;0;4;1;3;3;5;6;22;6.657536566476818;2;1;5;0;7;2.8398446111043816;22;3.219420534679893;5;1;8;18;2;2;4;22;-0.9145671859356845;1;12;21;0.3166608433529793;2;5;7;-5.095895387785406;3;24;18
TRACK:1786;1773;-1;6;4;2;0;4;3;6;1;6;6;11;1;1;23;-6.113970482802859;8;0;23;-6.447855825021529;22;-2.5900631039226107;6;4;0;1;3;4;7;-1.7883546799944785;2;4;25;1;24;15;3;3;0;24;18;5;3;4;1;11;19
TRACK:1787;1775;-1;4;6;3;1;5;6;5;5;7;8.10322995855713;1;1;4;6;5;4;16;2;6;0;2;17;18;5;19;3;1;1;13;23;-2.141387658337417;6;25;6;6;4;5;3;19
TRACK:1788;1777;-1;4;0;1;3;5;3;3;5;5;4;19;2;3;1;2;1;5;1;14;12;4;1;15;18;0;5;2;11;7;3.2384988302632736;1;1;21;0.15621645630859077;24;6;14;6;6;6;5;14;6;4;6;0;3;3;9;0;2;19;17;3;15;6;4;2;0;0;6;6;1;21;-0.8750412855050977;22;-5.84589076645317;0;1;6;16;4;14;1;0;22;-2.2942169271743262;7;3.4034609548128603;5;25;5;4;5;3;22;6.813969444541121;3;2;2;6;1;25;25;3;6;7;5.667057918606656;6;6;1;17;22;-0.8223259599608423
TRACK:1789;1779;-1;1;0;1;0;6;1;6;6;0;0;11;13;0;24;25;2;0;0;1;11;18;5;10;0;5;19;1;16;16;1;0;2;23;-2.119139594030625;11;5;14;6;1;16;13;6;0;2;4;5;4;9;0;6;6;19;5;6;7;-8.16872557974778;6;1;4;2;7;-0.08194005822241818;9;2;1;18;14;0;13;16;4;4;5;2;3;1;5;21;8.718341863489643;4;10;5;6;0;10;20;9.780794835795213;0;6;5;2;4;6;6;6;12;4;2;5;2;18;18;2;3;20;-1.1703826031464368;6;21;8.4302497968204;5;3;0;5;3;4;0;16;17;0;0;2;2;12;20;-7.253215239841912;2;13;22;7.026969558756263;4;1;23;2.0240074827817494;25;6;6;1;10;25;5;4;6;2;2;5;5;5;5;24;3;6;1;5;7;0.4095482455819857;4;12;5;3;2;6;2;19;23;-4.876808148529661;6;6;19
EVAL_INSTANCE:89:0:1780
EVAL_INSTANCE:89:1:1781
EVAL_INSTANCE:89:2:1782
EVAL_INSTANCE:89:3:1783
EVAL_INSTANCE:89:4:1784
EVAL_INSTANCE:89:5:1785
EVAL_INSTANCE:89:6:1786
EVAL_INSTANCE:89:7:1787
EVAL_INSTANCE:89:8:1788
EVAL_INSTANCE:89:9:1789
RUN_RESULT:89:0:0:2000:----
RUN_RESULT:89:1:0:2000:----
RUN_RESULT:89:2:0:2000:----
RUN_RESULT:89:3:0:2000:----
RUN_RESULT:89:4:0:2000:----
RUN_RESULT:89:5:0:2000:----
RUN_RESULT:89:6:0:2000:----
RUN_RESULT:89:7:0:2000:----
RUN_RESULT:89:8:0:2000:----
RUN_RESULT:89:9:0:2000:----
    90 |      900 |  0.000000E+00 | -0.000000E+00
TRACK:1790;8;3;6;4;2;0;4;3;6;1;6;6;11;1;1;23;-6.194829372622004;8;0;23;-6.448084404665872;22;-2.585017750253062;6;4;0;1;3;4;7;-1.796785627472408;2;4;25;1;24;15;3;3;0;24;18;5;3;2;6;6;4;4;10;1;2;4;3;14;2;11;3;20;9.74776600337508;1;1;5;12;3;25;5;2;12;15
TRACK:1791;8;3;5;0;5;6;0;5;5;4;6;2;23;-9.425875259368343;23;6.351964638882649;6;2;6;0;0;22;-5.7053140582007185;15;2;13;8;0;1;4;14;5;9;2;2;22;-2.8628063595721738;8;3;13;3;0;4;1;3;3;5;6;22;6.502010675018717;2;1;5;11;5;1;8;18;2;2;1;9;10;1;12;21;0.4828827554892712;2;5;7;-5.060335771358783;3;24;0;4;5;2;0;2;23;-5.9151488629807725;17;4;11;4;0;11;25;4;2;4;5;6;19;5;0;3;15;2;13;18
TRACK:1792;7;2;0;4;4;0;1;4;4;5;5;5;8;5;1;4;1;0;15;23;9.010026579099339;4;21;7.603077435577408;2;3;1;21;0.8741299139996013;20;-9.727771496719013;1;5;25;4;8;0;1;6;5;3;1;7;1.1694286702868357;22;4.9607544345329515;5;3;5;4;22;9.67370061750217;0;4;1;6;4;8;6;1;24;12;1;1;6;1;9;8;1;6;21;-8.244041740037652;3;7;-8.343934600877203;6;5;3;25;6;3;5;1;6;2;1;1;8;1;19;10;6;3;9;1;2;0;16;20;-8.356452856661015;4;19;2;2;16;15;1;17;20;-4.716407496205484;3;0;0;0;4;25;4;16;4;1;23;3.4058139379531127;12;3;0;2;23;7.997450742602297;20;4.678946297741202;1;21;8.169859715769505;11
TRACK:1793;7;2;4;1;4;3;0;2;2;1;1;2;19;20;-4.142185303395147;0;8;23;-1.4602899930131628;1;3;19;6;16;1;5;0;18;10;5;1;18;21;-9.826680263377368;2;3;6;0;13;17;4;4;1;25;9;5;6;1;4;6;22;-2.0582719638834;2;1;22;2.6848393667379593;17;4;8;25
TRACK:1794;0;5;4;6;3;1;5;21;9.356815312735755;1;1;4;6;5;4;16;2;6;0;2;17;18;5;19;3;1;1;13;15;6;25;6;6;4;5;3;19
TRACK:1795;0;5;1;5;3;1;0;4;5;1;2;3;9;5;23;7.309737645474968;1;6;7;0.3218028824642367;3;11;4;6;6;1;6;16;2;7;-5.854091696762859;22;3.66350285320285;1;0;3;4;6;2;25;10;1;4;6;4;15;5;0;6;22;-9.58565805499974;4;8;0;6;0;6;1;19;23;-3.587308483082352;0;5;13;1;11;12;4;5;6;3;22;-9.350739913168448;0;6;5;5;6;4;0;3;4;11;4;6;23;3.393492578825029;4;2;0;0;0;2;0;2;14;18;3;18;5;3;7;-7.279508601903622;0;4;6;22;6.945105059765922;3;4;14;4;5;3;0;20;-2.748115565306861;20;4.594253372334986;6;5;4;5;1;16;19;2;4;2;6;1;6;14;3;21;9.356815312735755;2;4;0;25;21;7.75724703552433;1;1;17;10;3;17;5;0;4;0;5;24;0;25;9;0;3;5;24;0;2;17;10;0;16;11
TRACK:1796;3;2;5;0;5;6;0;5;5;4;6;2;23;-9.425875259368343;23;6.351964638882649;6;2;6;0;0;22;-5.7053140582007185;15;2;13;8;0;1;4;14;5;9;2;2;22;-2.8628063595721738;8;3;13;3;0;4;1;3;3;5;6;22;6.502010675018717;2;1;8;5;1;8;18;2;2;1;9;10;1;12;21;0.4828827554892712;2;5;7;-5.060335771358783;3;24;0;4;5;2;0;2;23;-5.9151488629807725;17;4;11;4;0;11;25;4;2;4;5;6;19;5;0;3;15;2;13;18
TRACK:1797;3;2;4;1;4;3;0;2;2;1;1;2;19;20;-4.142185303395147;0;8;23;-1.4602899930131628;1;3;19;6;16;1;5;0;18;10;5;1;18;21;-9.826680263377368;2;3;6;0;13;17;4;4;1;25;9;5;6;1;4;6;18;2;1;22;2.6848393667379593;17;4;8;6;2;6;3;0;1;2;1;19;12;3;14;1;3;9;1;7;-7.3461643690864475;14;3;3;3;25;5;6;3;6;5;4;25
TRACK:1798;1;0;1;0;1;0;6;1;6;6;0;0;11;13;0;24;25;2;0;0;1;11;18;5;13;0;5;19;1;16;16;1;0;2;23;-2.2571701295058633;11;5;14;6;1;16;13;6;0;2;4;5;4;9;0;6;6;19;5;6;7;-8.027529548669474;6;1;4;2;7;0.07010987965106708;9;2;1;18;14;0;13;16;4;4;5;2;3;1;5;21;8.72293539427383;4;10;5;6;0;10;20;9.760890453417513;0;6;5;2;4;6;6;6;12;4;2;5;2;18;18;2;3;20;-1.309421897974218;6;21;8.619756525285762;5;3;0;5;3;4;0;16;17;0;0;2;2;12;20;-7.142345868378386;2;13;22;7.201771128708472;4;1;23;1.9260129348463444;25;6;6;1;10;25;5;4;6;2;2;5;5;5;5;24;3;6;1;5;7;0.5327554097370673;4;8;5;3;2;6;2;19;23;-4.7855461444313185;6;1;13;15
TRACK:1799;1;0;4;6;3;1;5;6;6;6;1;2;15;15;6;17;1;1;4;6;5;4;16;11;6;6;4;5;3;19
TRACK:1800;1790;-1;6;4;2;0;4;3;6;1;6;6;11;1;1;23;-6.3387391654059115;8;0;23;-6.521739245696694;22;-2.418908580093693;6;4;0;1;3;4;7;-1.8271609127141;2;4;25;1;24;15;3;3;0;24;18;5;3;2;6;6;4;4;10;4;2;1;0;23;7.349648045392243;7;0.3477129079361809;5;22;4.033746877211549;1;1;24;8;2;10;19
TRACK:1801;1792;-1;0;4;4;0;1;4;4;5;5;5;23;5.753790390884543;5;1;4;1;0;15;23;8.979749892175198;4;21;7.6192481063309385;2;3;1;21;0.8088950898257601;20;-9.764427153688956;1;5;25;4;8;0;1;6;5;3;1;7;1.351514519093166;22;4.866968675497347;5;3;5;4;22;9.618821659180819;0;4;1;6;4;8;6;1;24;12;1;1;6;1;9;8;1;6;21;-8.199753267829973;3;7;-8.333391467650012;6;5;3;25;6;3;5;1;6;2;1;1;8;1;19;10;6;3;9;1;2;0;16;20;-8.36762236802798;4;19;2;2;16;15;1;17;20;-4.670449324042248;3;0;0;0;4;25;4;16;4;1;23;3.3139447348959132;12;3;0;2;23;7.832225753807538;20;4.667339445359469;1;21;8.022761758825352;11
TRACK:1802;1794;-1;4;6;3;1;5;21;9.47345766751316;1;1;4;6;5;4;16;6;0;2;3;23;-2.8859116165980474;2;7;-9.82102719322574;9;6;1;9;11;6;6;4;5;3;19
TRACK:1803;1796;-1;5;0;5;6;2;4;1;2;16;13;3;24;6;5;6;10;3;0;4;1;3;3;5;6;22;6.555554261621124;2;1;8;5;1;8;18;2;2;1;9;10;1;12;21;0.38838548566406633;2;5;7;-4.98111339459952;3;24;0;4;5;2;0;2;23;-5.778284580290194;17;4;11;4;0;11;25;4;2;4;5;6;19;5;0;3;15;2;13;18
TRACK:1804;1798;-1;1;0;1;0;6;1;6;6;0;0;11;13;0;24;25;2;0;0;1;11;18;5;13;0;5;19;1;16;16;1;0;2;23;-2.3429252936137837;11;5;14;6;1;16;13;6;0;2;4;4;12;0;6;6;19;5;6;7;-7.895287429946675;6;1;4;2;7;-0.010930771079101897;9;2;1;18;14;0;13;16;4;4;5;2;3;1;5;21;8.813873012293687;4;10;5;6;0;10;20;9.78887302183253;0;6;5;2;4;6;6;6;12;4;2;5;2;18;18;2;3;20;-1.2255331348402172;6;21;8.536749287189775;5;3;0;5;3;4;0;16;17;0;0;2;2;12;20;-7.146745210449601;2;13;22;7.209220231422472;4;1;23;2.100478262670299;25;6;6;1;10;25;5;4;6;2;2;5;5;5;5;24;3;6;1;5;7;0.6749667020866849;4;8;5;3;2;6;2;19;23;-4.816673200579311;6;1;13;15
TRACK:1805;1791;-1;5;0;5;6;0;5;5;4;6;2;23;-9.476311811914176;23;6.428022598236297;6;2;6;0;0;22;-5.671562805664977;15;2;13;8;0;1;4;14;5;9;2;2;22;-2.9665604256063816;8;3;13;3;0;4;5;2;3;3;0;22;-8.217883122301705;9;1;6;0;7;0.9627530230981325;8;4;1;11;24;0;4;5;2;0;2;23;-5.897318525593142;17;4;11;4;0;11;25;4;2;4;5;6;19;5;0;3;15;2;13;18
TRACK:1806;1793;-1;4;1;4;3;0;2;2;1;1;2;19;20;-3.926932324572589;0;8;23;-1.5080625891380424;1;3;19;6;16;1;2;6;25;2;21;-0.2520825958050992;16;5;1;18;21;-9.75272576862277;2;3;6;0;13;17;4;4;1;25;9;5;6;1;4;6;22;-2.0918084977006113;2;1;22;2.681840810602975;17;4;8;25
TRACK:1807;1795;-1;1;5;3;1;0;4;5;1;2;3;9;5;23;7.322773871678018;1;6;7;0.3994408599884068;3;11;4;6;6;1;6;16;2;7;-5.860695510387826;22;3.552157778233059;1;0;3;4;6;2;25;10;1;4;6;4;15;5;0;6;22;-9.522820286058009;4;8;0;6;0;6;1;19;23;-3.6048951174660706;0;5;13;1;11;12;4;5;6;3;22;-9.197344136494694;0;6;5;5;1;5;1;11;15;2;0;18;22;-2.5220200280821325;5;18;4;2;0;0;0;2;0;2;14;18;3;18;5;3;7;-7.251867692396698;0;4;6;22;7.083969600535848;3;4;14;4;5;3;0;20;-2.7629226567706815;20;4.559618055047188;6;5;4;5;1;16;19;2;4;2;6;1;6;14;3;21;9.355675034785477;2;4;0;25;21;7.772239243949129;1;1;17;10;3;17;5;0;4;0;5;24;0;25;9;0;3;5;24;0;2;17;10;0;16;11
TRACK:1808;1797;-1;4;1;4;3;0;2;2;1;1;2;19;20;-4.111766778354415;0;8;23;-1.5912084484993907;1;3;19;6;16;1;5;0;18;10;5;1;18;21;-9.755484035451776;2;3;6;0;13;17;4;4;1;25;9;1;5;0;8;13;3;2;12;13;6;2;6;3;0;1;2;1;19;12;3;14;1;3;9;1;7;-7.414775074061143;14;3;3;3;25;5;6;3;6;5;4;25
TRACK:1809;1799;-1;4;6;3;1;5;6;6;6;1;2;15;19;6;17;1;1;4;6;5;4;16;11;6;6;4;5;3;19
EVAL_INSTANCE:90:0:1800
EVAL_INSTANCE:90:1:1801
EVAL_INSTANCE:90:2:1802
EVAL_INSTANCE:90:3:1803
EVAL_INSTANCE:90:4:1804
EVAL_INSTANCE:90:5:1805
EVAL_INSTANCE:90:6:1806
EVAL_INSTANCE:90:7:1807
EVAL_INSTANCE:90:8:1808
EVAL_INSTANCE:90:9:1809
RUN_RESULT:90:0:0:2000:----
RUN_RESULT:90:1:0:2000:----
RUN_RESULT:90:2:0:2000:----
RUN_RESULT:90:3:0:2000:----
RUN_RESULT:90:4:0:2000:----
RUN_RESULT:90:5:0:2000:----
RUN_RESULT:90:6:0:2000:----
RUN_RESULT:90:7:0:2000:----
RUN_RESULT:90:8:0:2000:----
RUN_RESULT:90:9:0:2000:----
    91 |      910 |  0.000000E+00 | -0.000000E+00
TRACK:1810;5;1;1;5;3;1;0;4;5;1;2;3;9;5;23;7.309737645474968;1;6;7;0.3218028824642367;3;11;4;6;6;1;6;16;2;7;-5.854091696762859;22;3.66350285320285;1;0;3;4;6;2;25;10;1;4;6;4;15;5;0;6;22;-9.58565805499974;4;8;0;6;0;6;1;19;23;-3.587308483082352;0;5;25;1;11;12;4;5;6;3;22;-9.350739913168448;0;6;5;5;6;4;0;3;4;11;4;6;23;3.393492578825029;4;2;0;0;0;2;0;2;14;18;3;18;5;3;7;-7.279508601903622;0;4;6;22;6.945105059765922;22;7.201771128708472;4;5;3;0;20;-2.748115565306861;20;4.594253372334986;6;5;4;5;1;16;19;2;4;2;6;1;6;14;3;21;9.356815312735755;2;4;0;25;21;7.75724703552433;1;1;17;10;3;17;5;0;4;0;5;24;0;25;9;0;3;5;24;0;2;17;10;0;16;11
TRACK:1811;5;1;1;0;1;0;6;1;6;6;0;0;11;13;0;24;25;2;0;0;1;11;18;5;13;0;5;19;1;16;16;1;0;2;23;-2.2571701295058633;11;5;14;6;1;16;13;6;0;2;4;5;4;9;0;6;6;19;5;6;7;-8.027529548669474;6;1;4;2;7;0.07010987965106708;9;2;1;18;14;0;13;16;4;4;5;2;3;1;5;21;8.72293539427383;4;10;5;6;0;10;7;-7.279508601903622;0;6;5;2;4;6;6;6;12;4;2;5;2;18;18;2;3;20;-1.309421897974218;6;21;8.619756525285762;5;3;0;5;3;4;0;16;17;0;0;2;2;12;20;-7.142345868378386;2;13;22;7.201771128708472;4;1;23;1.9260129348463444;25;6;6;1;10;25;5;4;6;2;2;5;5;5;5;24;3;6;1;5;7;0.5327554097370673;4;8;5;3;2;6;2;19;23;-4.7855461444313185;6;6;19
TRACK:1812;2;3;4;1;4;3;0;2;2;1;1;2;19;20;-4.142185303395147;0;8;23;-1.4602899930131628;1;3;19;6;16;1;5;0;18;10;5;1;18;21;-9.826680263377368;2;3;6;0;13;17;4;4;1;25;9;5;6;1;4;6;22;-2.0582719638834;2;1;22;2.6848393667379593;17;4;8;6;2;6;3;0;1;2;1;19;12;3;14;1;3;9;1;7;-7.3461643690864475;14;13;5;6;3;6;5;4;25
TRACK:1813;2;3;5;0;5;6;0;5;5;4;6;2;23;-9.425875259368343;23;6.351964638882649;6;2;6;0;0;22;-5.7053140582007185;15;2;13;8;0;1;4;14;5;9;2;2;22;-2.8628063595721738;8;3;13;3;0;4;1;3;5;1;18;21;-9.826680263377368;2;1;5;0;7;2.951350615301049;22;3.1091386531019545;5;1;8;18;2;2;1;9;10;1;12;21;0.4828827554892712;2;5;7;-5.060335771358783;3;24;0;4;5;2;0;2;23;-5.9151488629807725;17;4;11;4;0;11;25;4;2;4;5;6;19;5;0;3;15;2;13;18
TRACK:1814;6;0;4;0;1;3;5;3;3;5;5;4;19;2;3;1;2;1;5;1;14;12;4;1;15;18;0;5;2;11;7;3.3949546236874166;1;1;21;0.15781845565135022;24;6;14;6;6;6;5;14;6;4;6;0;3;3;9;0;2;19;17;3;15;6;4;2;0;0;6;6;1;21;-0.8411316608662993;22;-5.721673982302146;0;1;6;16;4;14;1;0;9;7;3.452318748288228;5;25;5;4;5;3;12;3;2;2;6;1;25;25;3;19;6;6;1;17;22;-0.8355763743440541
TRACK:1815;6;0;4;6;3;1;5;6;6;6;1;2;15;15;6;17;1;1;4;6;5;4;16;2;6;0;2;17;18;5;19;3;1;17;6;25;6;6;4;5;3;19
TRACK:1816;2;7;4;1;4;3;0;2;2;1;1;2;19;20;-4.142185303395147;0;8;23;-1.4602899930131628;1;3;19;1;24;12;1;5;0;18;10;5;1;18;21;-9.826680263377368;2;3;6;0;13;17;4;4;1;25;9;5;6;1;4;6;22;-2.0582719638834;2;1;22;2.6848393667379593;17;4;8;6;2;6;3;0;1;2;1;19;12;3;14;1;3;9;1;7;-7.3461643690864475;14;3;3;3;25;5;6;3;6;5;4;25
TRACK:1817;2;7;0;4;4;0;1;4;4;5;5;5;8;5;1;4;1;0;15;23;9.010026579099339;4;21;7.603077435577408;2;3;1;21;0.8741299139996013;20;-9.727771496719013;1;5;25;4;8;0;1;6;5;3;1;7;1.1694286702868357;22;4.9607544345329515;5;3;5;4;22;9.67370061750217;0;4;1;6;4;8;6;1;24;12;1;1;6;1;9;8;1;6;21;-8.244041740037652;3;7;-8.343934600877203;6;5;3;25;6;5;6;1;4;6;22;-2.0582719638834;2;1;22;2.6848393667379593;17;4;8
TRACK:1818;5;4;1;5;3;1;0;4;5;1;2;3;9;5;23;7.309737645474968;1;6;7;0.3218028824642367;3;11;4;6;6;1;6;16;2;7;-5.854091696762859;22;3.66350285320285;1;0;3;4;6;2;25;10;1;4;6;4;15;5;0;6;22;-9.58565805499974;4;8;0;6;0;6;1;19;23;-3.587308483082352;0;5;25;1;11;12;4;5;6;3;22;-9.350739913168448;0;6;5;5;6;4;0;3;4;11;4;6;23;3.393492578825029;4;2;0;0;0;2;0;2;14;18;3;18;5;3;7;-7.279508601903622;0;4;6;22;6.945105059765922;3;4;14;4;5;3;0;20;-2.748115565306861;20;4.594253372334986;6;5;4;5;1;16;19;2;4;2;6;1;6;14;3;21;9.356815312735755;2;4;0;25;21;7.75724703552433;1;1;17;10;3;17;5;0;4;0;5;24;22;-0.03499774720603632;0;3;5;24;0;2;17;10;0;16;11
TRACK:1819;5;4;3;5;2;3;6;2;5;4;4;6;15;1;3;2;3;19;6;22;-0.03499774720603632;3;5;6;23;3.393492578825029;4;4;3;4;3;0;3;24;5;25
TRACK:1820;1810;-1;1;5;3;1;0;4;5;1;2;3;9;5;23;7.401568534056012;1;6;7;0.2826296471786761;3;11;4;6;6;1;6;16;2;7;-5.806731406412275;22;3.534410565474893;1;0;3;4;6;2;25;10;1;4;6;4;15;5;0;6;22;-9.478822254340484;4;8;0;6;0;6;1;19;23;-3.419208183237623;0;5;25;1;11;12;4;5;6;3;22;-9.16436533236328;0;6;5;5;6;4;0;3;4;11;4;6;23;3.565720561313944;4;2;0;0;0;2;0;2;14;18;3;18;5;3;7;-7.223652587100793;0;4;6;22;6.866634436648808;22;7.166839771857456;4;5;3;0;20;-2.752017383809168;20;4.5988471965233275;6;5;4;5;1;16;19;2;4;2;6;1;6;14;3;21;9.256455959738219;2;4;0;25;21;7.718750133871233;1;1;17;10;3;17;5;0;4;0;4;25;0;25;9;0;3;5;24;0;2;17;10;0;16;11
TRACK:1821;1812;-1;4;1;4;3;0;2;2;5;12;1;5;0;18;10;5;1;18;21;-9.698447739805276;2;3;6;0;13;17;4;4;1;25;9;5;6;1;4;6;22;-2.0404642246661515;2;1;22;2.736875091939743;17;4;8;6;2;6;3;0;1;2;1;19;12;3;14;1;3;9;1;7;-7.499883067262369;14;13;5;6;3;6;5;4;25
TRACK:1822;1814;-1;4;0;1;3;5;3;3;5;5;4;19;2;3;1;2;1;5;2;12;14;4;1;15;18;0;5;2;11;7;3.2382858134755295;1;1;21;0.2591670837459906;24;6;14;6;6;6;5;14;6;4;6;0;3;3;9;0;2;19;17;3;15;6;4;2;0;0;6;6;1;21;-0.6650528109242353;22;-5.79863722988113;0;1;6;16;4;14;1;0;9;7;3.394191773538447;5;25;5;4;5;3;12;3;2;2;6;1;25;25;3;19;6;6;1;17;22;-0.9053696841025093
TRACK:1823;1816;-1;4;1;4;3;0;2;2;1;1;2;19;20;-4.248036999589749;0;8;23;-1.4118915083177381;1;0;14;20;2.2066136177286637;5;25;1;5;0;18;10;5;1;18;21;-9.794677184681445;2;3;6;0;13;17;4;4;1;25;9;5;6;1;4;6;22;-1.9756501425938515;2;1;22;2.7045680528557976;17;4;8;6;2;6;3;0;1;2;1;19;12;3;14;1;3;9;1;7;-7.316909362400429;14;3;3;3;25;5;6;3;6;5;4;25
TRACK:1824;1818;-1;1;5;3;1;0;4;5;4;16;4;6;6;1;6;16;2;7;-5.734285007626194;22;3.66612043823943;1;0;3;4;6;2;25;10;1;4;6;4;15;5;0;6;22;-9.49818920905333;4;8;0;6;0;6;1;19;23;-3.8597026277479163;0;5;25;1;11;12;4;5;6;3;22;-9.352353215194254;0;6;5;5;6;4;0;3;4;11;4;6;23;3.466954257852917;4;2;0;0;0;2;0;2;14;18;3;18;5;3;7;-7.37067706416126;0;4;6;22;7.0054181466739385;3;4;14;4;5;3;0;20;-2.699521659577619;20;4.712004723934373;6;5;4;5;1;16;19;2;4;2;6;1;6;14;3;21;9.454742558563265;2;4;0;25;21;7.7740442842828275;1;1;17;10;3;17;5;0;4;0;5;24;22;0.015485730034444235;0;3;5;24;0;2;17;10;0;16;11
TRACK:1825;1811;-1;1;0;1;0;6;1;6;6;0;0;11;13;0;24;25;2;0;0;1;11;18;5;13;0;5;19;1;16;16;1;0;2;23;-2.24385901646792;11;5;14;6;1;16;13;6;0;2;4;5;4;16;0;6;6;19;5;6;7;-8.190989481411945;6;1;4;2;7;0.12341082530958536;9;2;1;18;14;0;13;16;4;4;5;2;3;1;5;21;8.623232745496987;4;10;5;6;0;10;7;-7.353478003174588;0;6;5;2;4;6;6;6;12;4;2;5;2;18;18;2;3;20;-1.2446232209898058;6;21;8.784172269690586;5;3;0;5;3;4;0;16;17;0;0;2;2;12;20;-7.044839222509086;2;13;22;7.357750347717189;4;1;23;1.9350077605919593;25;6;6;1;10;25;5;4;6;2;2;5;5;5;5;24;3;6;1;5;7;0.4618014230144631;4;8;5;3;2;6;2;19;23;-4.678692442350863;6;6;19
TRACK:1826;1813;-1;5;0;5;6;0;5;5;4;6;2;23;-9.40311877353229;23;6.469861484475229;6;2;6;0;0;22;-5.452242644267156;15;2;13;8;0;1;4;14;5;9;2;2;22;-2.7951632339633936;8;3;13;3;0;4;1;3;5;1;18;21;-9.839781330695402;2;2;24;21;-3.8771944140130454;2;2;1;9;10;1;12;21;0.49625428233810326;2;5;7;-5.096411382300022;3;24;0;4;5;2;0;2;23;-5.827317793322516;17;4;11;4;0;11;25;4;2;4;5;6;19;5;0;3;15;2;13;18
TRACK:1827;1815;-1;4;6;3;1;5;6;6;6;1;2;15;15;6;17;1;1;4;6;5;4;16;2;6;0;2;17;18;5;19;3;1;3;15;6;25;6;6;4;5;3;19
TRACK:1828;1817;-1;0;4;4;0;1;4;4;5;5;5;8;5;1;4;1;0;15;23;8.811077303789984;4;21;7.647297790132007;5;4;7;8.27915009536935;0;1;6;5;3;1;7;1.1065017612982102;22;4.8513616666983355;5;3;5;4;22;9.513690214728816;0;4;1;6;4;8;6;1;24;12;1;1;6;1;9;8;1;6;21;-8.319710725133929;3;7;-8.409715496235382;6;5;3;25;6;5;6;1;4;6;22;-2.094012592870184;2;1;22;2.599453096573083;17;4;8
TRACK:1829;1819;-1;3;5;2;3;6;0;0;20;-4.828852230600875;15;5;14;4;4;3;4;3;0;3;24;5;25
EVAL_INSTANCE:91:0:1820
EVAL_INSTANCE:91:1:1821
EVAL_INSTANCE:91:2:1822
EVAL_INSTANCE:91:3:1823
EVAL_INSTANCE:91:4:1824
EVAL_INSTANCE:91:5:1825
EVAL_INSTANCE:91:6:1826
EVAL_INSTANCE:91:7:1827
EVAL_INSTANCE:91:8:1828
EVAL_INSTANCE:91:9:1829
RUN_RESULT:91:0:0:2000:----
RUN_RESULT:91:1:0:2000:----
RUN_RESULT:91:2:0:2000:----
RUN_RESULT:91:3:0:2000:----
RUN_RESULT:91:4:0:2000:----
RUN_RESULT:91:5:0:2000:----
RUN_RESULT:91:6:0:2000:----
RUN_RESULT:91:7:0:2000:----
RUN_RESULT:91:8:0:2000:----
RUN_RESULT:91:9:0:2000:----
    92 |      920 |  0.000000E+00 | -0.000000E+00
TRACK:1830;4;9;3;5;2;3;6;2;5;4;4;6;15;3;5;14;4;4;3;4;3;0;3;24;5;25
TRACK:1831;4;9;4;1;2;6;3;3;3;1;6;6;24;5;1;13;13;2;2;5;5;1;0;5;9;4;11;4;6;16;2;4;1;3;3;13;3;5;15;2;6;3;5;14;6;0;6;15;4;9;0;2;4;5;4;6;22;2.665848916495923;4;3;19;1;6;1;6;3;10;2;5;19;6;8;4;6;2;0;13;11;3;20;-4.756331604557056;4;4;2;2;5;1;3;5;14;0;6;21;7.707510668684343;6;14;2;0;4;6;21;6.112383433580128;4;5;24;6;0;3;25;1;9;16;2;0;5;1;0;16;9;6;10;2;4;5;15;4;6;24;6;0;5;6;15;6;1;10;13
TRACK:1832;1;5;1;0;1;0;6;1;6;6;0;0;11;13;0;24;25;2;0;0;1;11;18;5;13;0;5;19;1;16;16;1;0;2;23;-2.2571701295058633;11;5;14;6;1;16;18;6;0;2;4;5;4;9;0;6;6;19;5;6;7;-8.027529548669474;6;1;4;2;7;0.07010987965106708;9;2;1;18;14;0;13;16;4;4;5;2;3;1;5;21;8.72293539427383;4;10;5;6;0;10;20;9.760890453417513;0;6;5;2;4;6;6;6;12;4;2;5;2;18;18;2;3;20;-1.309421897974218;6;21;8.619756525285762;5;3;0;5;3;4;0;16;17;0;0;2;2;12;20;-7.142345868378386;2;13;22;7.201771128708472;4;1;23;1.9260129348463444;25;6;6;1;10;25;5;4;6;2;2;5;5;5;5;24;3;6;1;5;7;0.5327554097370673;4;8;5;3;2;6;2;19;23;-4.7855461444313185;6;6;19
TRACK:1833;1;5;1;5;2;19;23;-4.7855461444313185;0;6;5;5;6;4;0;3;4;11;4;6;23;3.393492578825029;4;2;0;0;0;2;0;2;14;18;3;18;5;3;7;-7.279508601903622;0;4;6;22;6.945105059765922;3;4;14;4;5;3;0;20;-2.748115565306861;20;4.594253372334986;6;5;4;5;1;16;19;2;4;2;6;1;6;14;3;21;9.356815312735755;2;4;0;25;21;7.75724703552433;1;1;17;10;3;17;5;0;4;0;5;24;0;25;9;0;3;5;24;0;2;17;10;0;16;11
TRACK:1834;3;1;5;0;5;6;0;5;5;4;6;2;23;-9.425875259368343;23;6.351964638882649;6;2;6;0;0;22;-5.7053140582007185;15;2;13;8;0;1;4;14;5;9;2;2;22;-2.8628063595721738;8;3;13;3;0;4;1;3;3;5;6;22;6.502010675018717;2;1;5;0;7;2.951350615301049;22;3.1091386531019545;5;1;14;18;2;2;1;9;10;1;12;21;0.4828827554892712;2;5;7;-5.060335771358783;3;24;0;4;5;2;0;2;23;-5.9151488629807725;17;4;11;4;0;11;25;4;2;4;5;6;19;5;0;3;15;2;13;18
TRACK:1835;3;1;1;0;1;0;6;1;6;6;0;0;11;13;0;24;25;2;0;0;1;11;18;5;13;0;5;19;1;16;16;8;6;0;2;4;5;4;9;0;6;6;19;5;6;7;-8.027529548669474;6;1;4;2;7;0.07010987965106708;9;2;1;18;14;0;13;16;4;4;5;2;3;1;5;21;8.72293539427383;4;10;5;6;0;10;20;9.760890453417513;0;6;5;2;4;6;6;6;12;4;2;5;2;18;18;2;3;20;-1.309421897974218;6;21;8.619756525285762;5;3;0;5;3;4;0;16;17;0;0;2;2;12;20;-7.142345868378386;2;13;22;7.201771128708472;4;1;23;1.9260129348463444;25;6;6;1;10;25;5;4;6;2;2;5;5;5;5;24;3;6;1;5;7;0.5327554097370673;4;8;5;3;2;6;2;19;23;-4.7855461444313185;6;6;19
TRACK:1836;7;4;0;4;4;0;1;4;4;5;5;5;8;5;1;3;0;3;24;5;25;2;3;1;21;0.8741299139996013;20;-9.727771496719013;1;5;25;4;8;0;1;6;5;3;1;7;1.1694286702868357;22;4.9607544345329515;5;3;5;4;22;9.67370061750217;0;4;1;6;4;8;6;1;24;12;1;1;6;1;9;8;1;6;21;-8.244041740037652;3;7;-8.343934600877203;6;5;3;25;6;3;5;1;6;2;1;1;4;25;1;19;10;6;3;9;1;2;0;16;20;-8.356452856661015;4;19;2;2;16;15;1;17;20;-4.716407496205484;3;0;0;0;4;25;4;16;4;1;23;3.4058139379531127;12;3;0;2;23;7.997450742602297;20;4.678946297741202;1;21;8.169859715769505;11
TRACK:1837;7;4;3;5;2;3;6;2;5;4;4;6;15;1;25;3;5;4;11;4;4;3;4;3;0;3;24;5;25
TRACK:1838;2;9;4;1;4;3;0;2;2;1;1;2;19;20;-4.142185303395147;0;8;23;-1.4602899930131628;1;3;19;1;9;16;1;5;0;18;10;5;1;18;21;-9.826680263377368;2;3;6;0;13;17;4;4;1;25;9;5;6;1;4;6;22;-2.0582719638834;2;1;22;2.6848393667379593;17;4;8;6;2;6;3;0;1;2;1;19;12;3;14;1;3;9;1;7;-7.3461643690864475;14;3;3;3;25;5;6;3;6;5;4;25
TRACK:1839;2;9;4;1;2;6;3;3;3;1;6;6;24;5;1;13;13;2;2;5;5;1;0;5;9;4;11;4;6;16;2;4;1;3;3;13;3;5;15;2;6;3;5;14;6;0;6;15;4;9;0;2;4;5;4;6;22;2.665848916495923;4;4;4;2;18;16;1;6;1;6;3;10;2;5;19;6;8;4;6;2;0;13;11;3;20;-4.756331604557056;4;4;2;2;5;1;3;5;14;0;6;21;7.707510668684343;6;14;2;0;5;4;25;4;5;24;6;0;3;25;1;9;16;2;0;5;1;0;16;9;6;10;2;4;5;15;4;6;24;6;0;5;6;15;6;1;10;13
TRACK:1840;1830;-1;3;5;2;3;6;2;5;4;4;6;15;3;5;14;4;4;3;4;3;0;3;24;5;8
TRACK:1841;1832;-1;1;0;1;0;6;1;6;6;0;0;11;13;0;24;25;2;0;0;1;11;18;5;13;0;5;19;1;16;16;1;0;2;23;-2.3007980139993855;11;5;17;6;1;16;18;6;0;2;4;5;4;9;0;6;6;19;5;6;7;-7.995105329394673;6;1;4;2;7;0.00243450694407632;9;2;1;18;14;0;13;16;4;4;5;2;3;1;5;21;8.793265950697128;4;10;5;6;0;10;20;9.81109491212221;0;6;5;2;4;6;6;6;12;4;2;5;2;18;18;2;3;20;-1.2766281628820206;6;21;8.703191751232062;5;3;0;5;3;4;0;16;17;0;0;2;2;12;20;-7.124240002452939;2;13;22;7.200221974937626;4;1;23;2.0179831928217458;25;6;6;1;10;25;5;4;6;2;2;5;5;5;5;24;3;6;1;5;7;0.5328541705612301;4;8;5;3;2;6;2;19;23;-4.749543817152606;6;6;19
TRACK:1842;1834;-1;5;0;5;6;0;5;5;4;6;2;23;-9.392859140683102;23;6.438648443011683;6;2;6;0;0;22;-5.89693297410703;15;2;13;8;0;1;4;14;5;9;2;2;22;-2.784584654997103;8;3;13;3;0;4;1;3;1;1;0;7;9.983306732404738;16;4;8;0;0;8;21;-2.048386789939376;5;21;1.378233034263605;2;1;5;0;7;2.920462032806119;22;3.123898278229337;5;1;14;18;2;2;1;9;10;1;12;21;0.2809683499031318;2;5;7;-5.134458993917139;3;24;0;4;5;2;0;2;23;-5.933835095295524;17;4;11;4;0;11;25;4;2;4;5;6;19;5;0;3;15;2;13;18
TRACK:1843;1836;-1;0;4;4;0;1;4;4;5;5;5;8;5;1;3;0;3;24;5;25;2;3;1;21;0.872098600973693;20;-9.808511515510043;1;5;25;4;8;0;1;6;5;3;1;7;1.0359528534207496;22;4.868666251234307;5;3;5;4;22;9.703119144051588;0;4;1;6;4;8;6;1;24;12;1;1;6;1;9;8;1;6;21;-8.264588542555709;3;7;-8.275814441431573;6;5;3;25;6;3;5;1;6;2;1;1;4;25;1;19;10;6;0;16;13;1;2;0;16;20;-8.407686579261316;4;19;2;2;16;15;1;17;20;-4.61955114321882;3;0;0;0;4;25;4;16;4;1;23;3.368684134824485;12;3;0;2;23;8.005155411871746;20;4.6992419085761234;1;21;8.034324509893299;11
TRACK:1844;1838;-1;4;1;4;3;0;2;2;1;1;2;19;20;-4.210823998110132;0;8;23;-1.3688626342768853;1;3;19;1;9;16;1;5;0;18;10;5;1;18;21;-9.848074520778516;2;3;6;0;19;17;4;4;1;25;9;5;6;1;4;6;22;-2.0897654082584833;2;1;22;2.6955876798894396;17;4;8;6;2;6;3;0;1;2;1;19;12;3;14;1;3;9;1;7;-7.385100840296475;14;3;3;3;25;5;6;3;6;5;4;25
TRACK:1845;1831;-1;4;1;2;6;3;3;3;1;6;6;24;5;1;13;13;2;2;5;5;1;0;5;9;4;11;4;6;12;2;4;1;3;3;13;3;5;15;2;6;3;5;14;6;0;6;15;4;9;0;2;4;5;4;6;22;2.711807270357042;4;3;19;1;6;1;6;3;10;2;5;19;6;8;4;6;2;0;13;11;3;20;-4.68764020230224;4;4;2;2;5;1;3;5;14;0;6;21;7.567253081349573;6;14;2;0;4;6;21;6.028652499408263;4;5;24;6;0;3;25;1;9;16;2;0;5;1;0;16;9;6;10;2;4;5;15;4;6;24;6;0;5;6;15;6;1;10;13
TRACK:1846;1833;-1;1;5;2;19;23;-4.8661687185832365;0;6;5;5;6;4;0;3;4;11;4;6;23;3.3314432934084035;4;2;0;0;0;2;0;2;14;18;3;18;5;3;7;-7.290366052458022;0;4;6;22;7.090542895964929;3;4;14;4;5;3;0;17;20;4.438814032676745;6;5;4;5;1;16;19;2;4;2;6;1;6;14;3;21;9.100519025688808;2;4;0;25;21;7.747155868560768;1;1;17;10;3;17;5;0;4;0;5;24;0;25;9;0;3;5;24;0;2;17;10;0;16;11
TRACK:1847;1835;-1;1;0;1;0;6;1;6;6;0;0;11;13;0;24;25;2;0;0;1;11;18;5;13;0;5;19;1;16;16;8;6;0;2;4;5;4;9;0;6;6;19;5;6;7;-8.169344588497353;6;1;4;2;7;0.15492947065893165;9;2;1;18;14;0;13;16;4;4;5;2;3;1;5;21;8.993170765040052;4;10;5;6;0;10;20;9.934852359962152;0;6;5;2;4;6;6;6;12;4;2;5;2;18;18;2;3;20;-1.344368179709688;6;21;8.668460664227702;5;3;0;5;3;4;0;16;17;0;0;2;2;12;20;-7.1271442281235355;2;13;22;7.175444385359136;4;1;23;1.8889642685840158;25;6;6;1;7;7.066487235008086;25;5;4;6;2;2;5;5;5;5;24;3;6;1;5;7;0.6382933204144134;4;8;5;3;2;6;2;19;23;-4.8459665853791245;6;6;19
TRACK:1848;1837;-1;3;5;2;3;3;4;8;4;4;3;4;3;0;3;24;5;25
TRACK:1849;1839;-1;4;1;2;6;3;3;3;1;6;6;24;5;1;13;13;2;2;5;5;1;0;5;9;4;11;1;15;23;1.2889035098354906;2;4;1;3;3;13;3;5;15;2;6;3;5;14;6;0;6;15;4;9;0;2;4;5;4;6;22;2.829682998831688;4;4;4;2;18;16;1;6;1;6;3;10;2;5;19;6;8;4;6;2;0;13;11;3;20;-4.89136704350494;4;4;2;2;5;1;3;5;14;0;6;21;7.681599111582723;6;14;2;0;5;4;25;4;5;24;6;0;3;25;1;9;16;2;0;5;1;0;16;9;6;10;2;4;5;15;4;6;24;6;0;5;6;15;6;1;10;13
EVAL_INSTANCE:92:0:1840
EVAL_INSTANCE:92:1:1841
EVAL_INSTANCE:92:2:1842
EVAL_INSTANCE:92:3:1843
EVAL_INSTANCE:92:4:1844
EVAL_INSTANCE:92:5:1845
EVAL_INSTANCE:92:6:1846
EVAL_INSTANCE:92:7:1847
EVAL_INSTANCE:92:8:1848
EVAL_INSTANCE:92:9:1849
RUN_RESULT:92:0:0:2000:----
RUN_RESULT:92:1:0:2000:----
RUN_RESULT:92:2:0:2000:----
RUN_RESULT:92:3:0:2000:----
RUN_RESULT:92:4:0:2000:----
RUN_RESULT:92:5:0:2000:----
RUN_RESULT:92:6:0:2000:----
RUN_RESULT:92:7:0:2000:----
RUN_RESULT:92:8:0:2000:----
RUN_RESULT:92:9:0:2000:----
    93 |      930 |  0.000000E+00 | -0.000000E+00
TRACK:1850;6;2;4;0;1;3;5;3;3;5;5;4;19;2;3;1;2;1;5;1;14;12;4;1;15;18;0;25;1;1;21;0.15781845565135022;24;6;14;6;6;6;5;14;6;4;6;0;3;3;9;0;2;19;17;3;15;6;4;2;0;0;6;6;1;21;-0.8411316608662993;22;-5.721673982302146;0;1;6;16;4;14;1;0;9;7;3.452318748288228;5;25;5;4;5;3;12;3;2;2;6;1;25;25;3;6;7;5.598869455374256;6;6;1;17;22;-0.8355763743440541
TRACK:1851;6;2;4;1;4;3;0;2;2;1;1;2;19;20;-4.142185303395147;0;8;23;-1.4602899930131628;1;3;19;6;16;1;5;0;18;10;5;1;18;21;-9.826680263377368;2;3;6;0;13;17;4;4;1;25;9;5;6;1;4;6;22;-2.0582719638834;2;1;22;2.6848393667379593;17;4;8;6;2;6;3;0;1;2;1;19;12;3;14;1;3;9;1;7;-7.3461643690864475;14;21;-0.8411316608662993;5;6;3;6;5;4;25
TRACK:1852;4;9;3;5;2;3;6;2;5;4;4;6;15;1;3;2;3;19;6;22;-0.03499774720603632;3;5;4;11;4;4;3;4;3;0;3;13;5;25
TRACK:1853;4;9;4;1;2;6;3;3;3;1;6;6;11;5;1;13;13;2;2;5;5;1;0;5;9;4;11;4;6;16;2;4;1;3;3;13;3;5;15;2;6;3;5;14;6;0;6;15;4;9;0;2;4;5;4;6;22;2.665848916495923;4;4;4;2;18;16;1;6;1;6;3;10;2;5;19;6;8;4;6;2;0;13;11;3;20;-4.756331604557056;4;4;2;2;5;1;3;5;14;0;6;21;7.707510668684343;6;14;2;0;4;6;21;6.112383433580128;4;5;24;6;0;3;25;1;9;16;2;0;5;1;0;16;9;6;10;2;4;5;15;4;6;24;6;0;5;6;15;6;1;10;13
TRACK:1854;0;7;4;6;3;1;5;6;6;6;1;4;25;6;17;1;1;4;6;5;4;16;2;6;0;2;17;18;5;19;3;1;1;13;15;6;25;6;6;4;5;3;19
TRACK:1855;0;7;0;4;4;0;1;4;4;5;5;5;8;5;1;4;1;0;15;23;9.010026579099339;4;21;7.603077435577408;2;3;1;21;0.8741299139996013;20;-9.727771496719013;1;5;25;4;8;0;1;6;5;3;1;7;1.1694286702868357;22;4.9607544345329515;5;3;5;4;22;9.67370061750217;0;4;1;6;4;8;6;1;24;12;1;5;3;19;6;5;3;25;6;3;5;1;6;2;1;1;4;25;1;19;10;6;3;9;1;2;0;16;20;-8.356452856661015;4;19;2;2;16;15;1;17;20;-4.716407496205484;3;0;0;0;4;25;4;16;4;1;23;3.4058139379531127;12;3;0;2;23;7.997450742602297;20;4.678946297741202;1;21;8.169859715769505;11
TRACK:1856;6;9;4;0;1;3;5;3;3;5;5;4;19;2;3;1;2;1;5;1;14;12;4;1;15;18;0;5;2;11;7;3.3949546236874166;1;1;21;0.15781845565135022;24;6;14;6;6;6;5;14;6;4;6;0;3;3;9;0;2;19;17;3;15;6;4;2;0;0;6;6;1;21;-0.8411316608662993;22;-5.721673982302146;0;1;6;16;4;14;1;0;9;16;5;25;5;4;5;3;12;3;2;2;6;1;25;25;3;6;7;5.598869455374256;6;6;1;17;22;-0.8355763743440541
TRACK:1857;6;9;4;1;2;6;3;3;3;1;6;6;24;5;1;13;13;2;2;5;5;1;0;5;9;4;11;4;6;16;2;4;1;3;3;13;3;5;15;2;6;3;5;14;6;0;6;15;4;9;0;2;4;5;4;6;22;2.665848916495923;4;11;1;6;1;6;3;10;2;5;19;6;8;4;6;2;0;13;11;3;20;-4.756331604557056;4;4;2;2;5;1;3;5;14;0;6;21;7.707510668684343;6;14;2;0;4;6;21;6.112383433580128;4;5;24;6;0;3;25;1;9;16;2;0;5;1;0;16;9;6;10;2;4;5;15;4;6;24;6;0;5;6;15;6;1;10;13
TRACK:1858;8;4;6;4;2;0;4;3;6;1;6;6;11;1;1;23;-6.194829372622004;8;0;23;-6.448084404665872;22;-2.585017750253062;6;4;0;1;3;4;7;-1.796785627472408;2;4;25;1;24;15;3;3;0;24;18;5;3;2;6;6;4;4;10;1;2;4;3;14;2;5;8;3;20;9.74776600337508;1;1;5;19;3;25;5;2;12;15
TRACK:1859;8;4;3;5;2;3;6;2;5;4;4;6;14;1;3;2;3;19;6;22;-0.03499774720603632;3;5;4;11;4;4;3;4;3;0;3;24;5;25
TRACK:1860;1850;-1;4;0;1;3;5;3;3;5;5;4;19;2;3;1;2;1;5;1;14;12;4;1;15;18;0;25;1;1;21;0.19081848571278928;24;6;14;6;6;6;5;14;6;4;6;0;3;3;9;0;2;19;17;3;15;6;4;2;0;0;6;6;2;13;12;0;1;6;16;4;14;1;0;9;7;3.3366626875411884;5;25;5;4;5;3;12;3;2;2;6;1;25;25;3;6;7;5.561841713652887;6;6;1;17;22;-0.897013726589559
TRACK:1861;1852;-1;3;5;2;3;6;2;5;4;4;6;15;1;3;2;3;19;6;22;-0.12138402264229534;3;5;4;20;-2.691712296743754;4;4;3;4;3;0;3;13;5;25
TRACK:1862;1854;-1;4;6;3;1;5;6;6;6;1;4;25;6;17;1;1;4;6;5;4;16;2;6;0;2;7;-4.101603367140001;18;5;19;3;1;1;13;15;6;25;6;6;4;5;3;19
TRACK:1863;1856;-1;4;0;1;3;5;3;3;5;5;4;19;2;3;1;2;1;5;1;14;12;4;1;15;18;0;5;2;11;7;3.4326678981461156;1;1;21;0.28427640064140547;24;6;14;6;6;6;5;14;6;4;6;0;3;3;9;0;2;19;17;3;15;6;4;2;0;0;6;6;1;21;-0.8603102117962889;22;-5.863705017685878;0;1;6;16;4;14;1;0;9;16;5;25;4;4;6;0;9;16;3;2;2;6;1;25;25;3;6;7;5.587510830323717;6;6;1;17;22;-0.8724297829568738
TRACK:1864;1858;-1;6;4;2;0;4;3;6;1;6;6;11;1;1;23;-6.261067113405406;8;0;23;-6.3354306962043445;22;-2.6700504860652705;6;4;0;1;3;4;7;-1.7745908078243857;2;4;25;1;24;15;3;3;0;24;18;5;3;2;6;6;4;4;10;1;2;0;21;-2.602113604309171;9;2;5;8;3;20;9.697873901971338;1;1;5;19;3;25;5;2;12;15
TRACK:1865;1851;-1;4;1;4;3;0;2;2;1;1;2;19;20;-4.199224383091938;0;8;23;-1.571788006861123;1;3;19;6;16;1;5;0;18;10;5;1;18;21;-9.932342349214291;2;3;6;0;13;17;4;0;5;17;1;9;24;5;6;1;4;6;22;-1.8298553808033178;2;1;22;2.538169151967237;17;4;8;6;2;6;3;0;1;2;1;19;12;3;14;1;3;9;1;7;-7.3437494575557976;14;21;-0.9880352436854746;5;6;3;6;5;4;25
TRACK:1866;1853;-1;4;1;2;6;3;3;3;1;6;6;11;5;1;13;13;2;2;5;5;1;0;5;9;4;11;4;6;16;2;4;1;3;3;13;3;5;15;2;6;3;5;14;6;0;6;15;4;9;0;2;4;5;4;6;22;2.7398907384845304;4;4;4;2;18;16;1;6;1;6;3;10;2;5;19;6;8;4;6;2;0;13;11;1;11;12;4;4;2;2;5;1;3;5;14;0;6;21;7.817867897580596;6;14;2;0;4;6;21;5.921059418961954;4;5;24;6;0;3;25;1;9;16;2;0;5;1;0;16;9;6;10;2;4;5;15;4;6;24;6;0;5;6;15;6;1;10;13
TRACK:1867;1855;-1;0;4;4;0;1;4;4;5;5;5;8;5;1;4;1;0;15;23;8.799167656918499;4;21;7.658906024992025;2;3;1;21;0.8369188578757434;20;-9.592460663463694;1;5;25;4;8;0;1;6;5;3;1;7;1.3154272105055402;22;4.831145671580661;5;3;5;4;22;9.67559151884661;0;4;1;6;4;8;6;1;24;12;1;5;3;19;6;5;3;25;6;3;5;1;6;2;1;1;4;25;1;19;10;6;3;9;1;2;0;16;20;-8.423938814772127;4;19;2;2;23;-8.728710428841131;15;1;17;20;-4.726309560359988;3;0;0;0;4;25;4;16;4;1;23;3.4681760369713968;12;3;0;2;23;7.848536496123721;20;4.79182375167402;1;21;8.290185436160316;11
TRACK:1868;1857;-1;4;1;2;6;3;3;3;1;6;6;24;5;1;13;13;2;2;5;5;1;0;5;9;4;11;4;6;16;2;4;1;3;3;13;3;5;15;2;6;3;0;13;18;6;0;6;15;4;9;0;2;4;5;4;6;22;2.665942984689486;4;11;1;6;1;6;3;10;2;5;19;6;8;4;6;2;0;13;11;3;20;-4.744645239297906;4;4;2;2;5;1;3;5;14;0;6;21;7.695215338132605;6;14;2;0;4;6;21;6.1352959107823795;4;5;24;6;0;3;25;1;9;16;2;0;5;1;0;16;9;6;10;2;4;5;15;4;6;24;6;0;5;6;15;6;1;10;13
TRACK:1869;1859;-1;3;5;2;3;6;2;5;4;4;6;14;1;3;2;3;19;6;22;-0.15079818234156622;4;3;15;4;4;3;4;3;0;3;24;5;25
EVAL_INSTANCE:93:0:1860
EVAL_INSTANCE:93:1:1861
EVAL_INSTANCE:93:2:1862
EVAL_INSTANCE:93:3:1863
EVAL_INSTANCE:93:4:1864
EVAL_INSTANCE:93:5:1865
EVAL_INSTANCE:93:6:1866
EVAL_INSTANCE:93:7:1867
EVAL_INSTANCE:93:8:1868
EVAL_INSTANCE:93:9:1869
RUN_RESULT:93:0:0:2000:----
RUN_RESULT:93:1:0:2000:----
RUN_RESULT:93:2:0:2000:----
RUN_RESULT:93:3:0:2000:----
RUN_RESULT:93:4:0:2000:----
RUN_RESULT:93:5:0:2000:----
RUN_RESULT:93:6:0:2000:----
RUN_RESULT:93:7:0:2000:----
RUN_RESULT:93:8:0:2000:----
RUN_RESULT:93:9:0:2000:----
    94 |      940 |  0.000000E+00 | -0.000000E+00
TRACK:1870;5;6;1;5;3;1;0;4;5;1;2;3;9;5;23;7.309737645474968;1;6;7;0.3218028824642367;3;11;4;6;6;1;6;16;2;7;-5.854091696762859;22;3.66350285320285;1;0;3;4;6;2;25;9;1;4;6;4;15;5;0;6;22;-9.58565805499974;4;8;0;6;0;6;1;19;23;-3.587308483082352;0;5;25;1;11;12;4;5;6;3;22;-9.350739913168448;0;6;5;5;6;4;0;3;4;11;4;6;23;3.393492578825029;4;2;0;0;0;2;0;2;14;18;3;18;5;3;7;-7.279508601903622;0;4;6;22;6.945105059765922;3;4;14;4;5;3;0;20;-2.748115565306861;20;4.594253372334986;6;5;4;5;1;16;19;2;4;2;6;1;6;14;3;21;9.356815312735755;2;4;0;25;21;7.75724703552433;1;1;17;10;3;17;5;0;4;0;5;24;0;25;9;0;3;5;24;0;2;17;10;0;16;11
TRACK:1871;5;6;4;0;1;3;5;3;3;5;5;4;19;2;3;1;2;1;5;1;14;12;4;1;15;18;0;5;2;11;7;3.3949546236874166;1;1;21;0.15781845565135022;24;6;14;6;6;6;5;14;6;4;6;0;3;3;9;0;2;19;17;3;15;6;4;2;0;0;6;6;1;21;-0.8411316608662993;22;-5.721673982302146;0;1;6;16;4;14;1;0;9;7;3.452318748288228;5;25;5;4;5;3;12;3;2;14;6;6;1;17;22;-0.8355763743440541
TRACK:1872;1;2;1;0;1;0;6;1;6;6;0;0;11;13;0;24;25;2;0;0;1;11;18;5;13;0;5;19;1;16;16;1;0;2;23;-2.2571701295058633;11;5;14;6;1;16;13;6;0;2;4;5;4;9;0;6;6;19;5;6;7;-8.027529548669474;6;1;4;2;7;0.07010987965106708;9;2;1;18;14;0;13;16;4;4;5;2;3;1;5;21;8.72293539427383;4;10;5;6;0;10;20;9.760890453417513;0;6;5;2;4;6;6;6;12;4;2;5;2;18;18;2;3;20;-1.309421897974218;6;21;8.619756525285762;5;3;0;5;3;4;0;16;17;0;0;2;2;12;20;-7.142345868378386;2;13;22;7.201771128708472;4;1;23;1.9260129348463444;25;6;6;1;10;25;5;4;6;2;2;5;5;5;5;24;3;6;1;5;7;0.5327554097370673;18;5;3;2;6;2;19;23;-4.7855461444313185;6;6;19
TRACK:1873;1;2;4;1;4;3;0;2;2;1;1;2;19;20;-4.142185303395147;0;8;23;-1.4602899930131628;1;3;19;6;16;1;5;0;18;10;5;1;18;21;-9.826680263377368;2;3;6;0;13;17;4;4;1;25;9;5;6;1;4;6;22;-2.0582719638834;2;1;22;2.6848393667379593;17;4;12;6;2;6;3;0;1;2;1;19;12;3;14;1;3;9;1;7;-7.3461643690864475;14;3;3;3;25;5;6;3;6;5;4;25
TRACK:1874;8;7;6;4;2;0;4;3;6;1;6;6;11;1;1;23;-6.194829372622004;8;0;23;-6.448084404665872;22;-2.585017750253062;6;4;0;1;3;4;7;-1.796785627472408;2;4;25;1;24;15;3;3;0;24;18;5;3;2;6;6;4;4;21;8.169859715769505;1;2;4;3;14;2;5;8;3;20;9.74776600337508;1;1;5;12;3;25;5;2;12;15
TRACK:1875;8;7;0;4;4;0;1;4;4;5;5;5;8;5;1;4;1;0;15;23;9.010026579099339;4;8;2;3;1;21;0.8741299139996013;20;-9.727771496719013;1;5;25;4;8;0;1;6;5;3;1;7;1.1694286702868357;22;4.9607544345329515;5;3;5;4;22;9.67370061750217;0;4;1;6;4;8;6;1;24;12;1;1;6;1;9;8;1;6;21;-8.244041740037652;3;7;-8.343934600877203;6;5;3;25;6;3;5;1;6;2;1;1;4;25;1;19;10;6;3;9;1;2;0;16;20;-8.356452856661015;4;19;2;2;16;15;1;17;20;-4.716407496205484;3;0;0;0;4;25;4;16;4;1;23;3.4058139379531127;12;3;0;2;23;7.997450742602297;20;4.678946297741202;1;21;8.169859715769505;11
TRACK:1876;1;9;1;0;1;0;6;1;6;6;0;0;11;13;0;24;25;2;0;0;1;11;18;5;13;0;5;19;1;16;16;1;0;2;23;-2.2571701295058633;11;5;14;6;1;16;13;6;0;2;4;5;4;9;0;6;6;19;5;6;7;-8.027529548669474;6;1;4;2;7;0.07010987965106708;9;2;1;18;14;0;13;16;4;4;5;2;3;1;5;21;8.72293539427383;4;10;5;6;0;10;20;9.760890453417513;0;6;5;2;4;6;6;6;12;4;6;24;5;3;0;5;3;4;0;16;17;0;0;2;2;12;20;-7.142345868378386;2;13;22;7.201771128708472;4;1;23;1.9260129348463444;25;6;6;1;10;25;5;4;6;2;2;5;5;5;5;24;3;6;1;5;7;0.5327554097370673;4;8;5;3;2;6;2;19;23;-4.7855461444313185;6;6;19
TRACK:1877;1;9;4;1;2;6;3;3;3;1;6;6;24;5;1;13;13;2;2;5;5;1;0;5;9;4;11;4;6;16;2;4;1;3;3;13;3;5;15;2;6;3;5;14;6;0;6;15;4;9;0;2;4;5;4;6;22;2.665848916495923;4;4;4;2;18;16;1;6;1;6;3;10;7;-8.027529548669474;4;6;2;0;13;11;3;20;-4.756331604557056;4;4;2;2;5;1;3;5;14;0;6;21;7.707510668684343;6;14;2;0;4;6;21;6.112383433580128;4;5;24;6;0;3;25;1;9;16;2;0;5;1;0;16;9;6;10;2;4;5;15;4;6;24;6;0;5;6;15;6;1;10;13
TRACK:1878;3;0;5;0;5;6;0;5;5;4;6;2;23;-9.425875259368343;23;6.351964638882649;6;2;6;0;0;22;-5.7053140582007185;15;2;13;8;0;1;4;14;5;9;2;2;22;-2.8628063595721738;8;3;13;3;0;4;1;3;3;5;6;22;6.502010675018717;2;1;5;0;7;2.951350615301049;22;3.1091386531019545;5;1;8;18;2;2;1;9;10;1;12;21;0.4828827554892712;2;5;7;-5.060335771358783;3;24;0;4;5;2;0;2;23;-5.9151488629807725;17;4;11;4;0;11;25;4;2;4;5;6;19;5;0;3;15;2;13;13
TRACK:1879;3;0;4;6;3;1;5;6;6;6;1;2;15;15;6;17;1;1;4;6;5;4;16;2;6;0;2;17;18;5;22;3.1091386531019545;3;1;1;13;15;6;25;6;6;4;5;3;19
TRACK:1880;1870;-1;1;5;3;1;0;4;5;1;2;3;9;5;23;7.264137142239339;1;6;7;0.24545008538681837;3;11;4;6;6;1;6;16;2;7;-5.799090289699704;22;3.748270620982223;1;0;3;4;6;2;25;9;1;4;6;4;15;5;0;6;22;-9.69536461730164;4;8;0;6;0;6;1;19;23;-3.699404923371837;0;5;25;1;11;12;4;5;6;3;22;-9.26342898591963;0;6;5;5;6;4;0;3;4;11;4;6;23;3.4353562910589894;4;2;0;0;0;2;0;2;14;18;3;18;5;3;7;-7.273965994149787;0;4;6;22;7.009418290623235;3;4;14;4;5;3;0;20;-2.520547537995619;20;4.562152511513869;6;5;4;5;1;16;19;2;4;2;6;1;6;14;6;12;2;4;0;25;21;7.714138335194409;1;1;17;10;3;17;5;0;4;0;5;24;0;25;9;0;3;5;24;0;2;17;10;0;16;11
TRACK:1881;1872;-1;1;0;1;0;6;1;6;6;0;0;11;13;0;24;25;2;0;0;1;11;18;5;13;0;5;19;1;16;16;1;0;2;23;-2.1496171621155824;11;5;14;6;1;16;13;6;0;2;4;5;4;9;0;6;6;19;5;6;7;-7.976698555672443;6;1;4;2;7;-0.004330310159509951;9;2;1;18;14;0;13;16;4;4;5;2;3;1;5;21;8.741448342978996;4;10;5;6;0;10;20;9.874728919994869;0;6;5;2;4;6;6;6;12;4;2;5;2;18;18;2;3;20;-1.3499119389473988;6;21;8.493867645488287;5;3;0;5;3;4;0;16;17;0;0;2;2;12;20;-6.974617670625497;2;13;22;7.225851383486828;4;1;23;1.8619553988816864;25;6;6;1;10;25;5;4;6;2;2;5;5;5;5;24;3;6;1;5;19;18;5;3;2;6;2;19;23;-4.661715575339417;6;6;19
TRACK:1882;1874;-1;6;4;2;0;4;3;6;3;12;6;4;0;1;3;4;7;-1.838305179959802;2;4;25;1;24;15;3;3;0;24;18;5;3;2;6;6;4;4;21;8.295472963730381;1;2;4;3;14;2;5;8;3;20;9.801839080734615;1;1;5;12;3;25;5;2;12;15
TRACK:1883;1876;-1;1;0;1;0;6;1;6;6;0;0;11;13;0;24;25;2;0;0;1;11;18;5;13;0;5;19;1;16;16;1;0;2;23;-2.07344552048548;11;5;14;6;1;16;13;6;0;2;4;5;4;9;0;6;6;19;5;6;7;-8.00886607603171;6;1;4;2;7;0.13942828325141177;9;2;1;18;14;0;13;16;4;4;5;2;3;1;5;21;8.617881605047538;4;10;5;6;0;10;20;9.599905202281754;0;6;5;2;4;6;6;6;12;4;6;24;5;3;0;5;3;4;0;16;17;0;0;2;2;12;20;-6.970408257834921;2;13;22;7.301496080411852;4;1;23;1.7081873146370097;25;6;6;1;10;25;5;3;3;2;12;17
TRACK:1884;1878;-1;5;0;5;6;5;0;5;3;4;0;9;8;4;0;2;0;24;16;0;7;1.748497698517312;12;1;5;7;-9.181203930089046;0;16;14;3;0;4;1;3;3;5;6;22;6.467230196854368;2;1;5;0;7;3.030090289138698;22;3.118432571449571;5;1;8;18;2;2;1;9;10;1;12;21;0.558252146082109;2;5;7;-5.279934147310714;3;24;0;4;5;2;0;2;23;-5.818851294294999;17;4;11;4;0;11;25;4;2;4;5;6;19;5;0;3;15;2;13;13
TRACK:1885;1871;-1;4;0;1;3;2;5;15;1;14;13;2;3;1;2;1;5;1;14;12;4;1;15;18;0;5;2;11;7;3.3180368399603006;1;1;21;0.1627938244212618;24;6;14;6;6;6;5;14;6;4;6;0;3;3;9;0;2;19;17;3;15;6;4;2;0;0;6;6;1;21;-0.8310847624855325;22;-5.646216653424906;0;1;6;16;4;14;1;0;9;7;3.587000888411707;5;25;5;4;5;3;12;3;2;14;6;6;1;17;22;-0.8112439618207521
TRACK:1886;1873;-1;4;1;4;3;0;2;2;1;1;3;21;4.041652447789168;0;8;23;-1.4652099020387945;1;3;19;6;16;1;5;0;18;10;5;1;18;21;-9.712967404919654;2;3;6;0;13;17;4;4;1;25;9;5;6;1;4;6;22;-1.9895561998436813;2;1;22;2.6211894755725678;17;4;12;6;2;6;3;0;1;2;1;19;12;3;14;1;3;9;1;7;-7.413898248786135;14;3;3;3;25;5;6;3;6;5;4;25
TRACK:1887;1875;-1;0;4;4;0;1;4;4;5;5;5;8;5;1;4;1;0;15;23;9.006146635065258;4;8;2;3;1;21;0.973575672662783;20;-9.773542192847069;1;5;25;4;8;0;1;6;5;3;1;7;1.1327121748325826;22;5.0188173226461545;5;3;5;4;22;9.627478888598459;0;4;1;6;4;8;6;1;24;12;1;1;6;1;9;21;-3.6508015147076804;1;6;21;-8.262236733524794;3;7;-8.52006138835582;6;5;3;25;6;3;5;1;6;2;1;1;4;25;1;19;10;6;3;9;1;2;0;16;20;-8.160779792349995;4;19;2;2;16;15;1;17;20;-4.4957185696301485;3;0;0;0;4;25;4;16;4;1;23;3.438494268496047;12;3;0;2;23;7.935998637914722;20;4.646717304407165;1;21;8.355891195353774;11
TRACK:1888;1877;-1;4;1;2;6;3;3;3;1;6;6;24;5;1;13;13;2;2;5;5;1;0;5;9;4;11;4;6;16;2;4;1;3;3;13;3;5;15;2;6;3;5;14;6;0;6;15;4;9;0;2;4;5;4;6;22;2.7990392923990455;4;4;4;2;18;16;1;6;1;6;3;10;7;-7.918723572814346;4;6;2;0;13;11;3;20;-4.69424452574757;4;4;2;2;5;1;3;5;14;0;6;21;7.712180566378489;6;14;2;0;4;6;21;6.216733167729664;4;4;20;-4.853514966117338;6;0;3;25;1;9;16;2;0;5;1;0;16;9;6;10;2;4;5;15;4;6;24;6;0;5;6;15;6;1;10;13
TRACK:1889;1879;-1;4;6;3;1;5;6;6;6;1;2;15;15;6;17;1;1;4;6;5;4;16;2;6;0;6;21;6.737462649124154;5;22;3.107923192574034;3;1;1;13;15;6;25;6;6;4;5;3;19
EVAL_INSTANCE:94:0:1880
EVAL_INSTANCE:94:1:1881
EVAL_INSTANCE:94:2:1882
EVAL_INSTANCE:94:3:1883
EVAL_INSTANCE:94:4:1884
EVAL_INSTANCE:94:5:1885
EVAL_INSTANCE:94:6:1886
EVAL_INSTANCE:94:7:1887
EVAL_INSTANCE:94:8:1888
EVAL_INSTANCE:94:9:1889
RUN_RESULT:94:0:0:2000:----
RUN_RESULT:94:1:0:2000:----
RUN_RESULT:94:2:0:2000:----
RUN_RESULT:94:3:0:2000:----
RUN_RESULT:94:4:0:2000:----
RUN_RESULT:94:5:0:2000:----
RUN_RESULT:94:6:0:2000:----
RUN_RESULT:94:7:0:2000:----
RUN_RESULT:94:8:0:2000:----
RUN_RESULT:94:9:0:2000:----
    95 |      950 |  0.000000E+00 | -0.000000E+00
TRACK:1890;3;4;5;0;5;6;0;5;5;4;6;2;23;-9.425875259368343;23;6.351964638882649;6;2;6;0;0;22;-5.7053140582007185;15;2;13;8;0;1;4;14;5;9;2;2;22;-2.8628063595721738;8;3;13;3;0;4;1;3;3;5;6;22;6.502010675018717;2;1;5;0;7;2.951350615301049;22;3.1091386531019545;5;1;8;18;2;2;1;22;-0.03499774720603632;10;1;12;21;0.4828827554892712;2;5;7;-5.060335771358783;3;24;0;4;5;2;0;2;23;-5.9151488629807725;17;4;11;4;0;11;25;4;2;4;5;6;19;5;0;3;15;2;13;18
TRACK:1891;3;4;3;5;2;3;6;2;5;4;4;6;15;1;3;2;3;19;6;22;-0.03499774720603632;6;2;23;-9.425875259368343;23;6.351964638882649;4;4;3;4;3;0;3;24;5;25
TRACK:1892;7;0;0;4;4;0;1;4;4;5;5;5;8;5;1;4;1;0;15;23;9.010026579099339;4;21;7.603077435577408;2;3;1;21;0.8741299139996013;20;-9.727771496719013;1;5;25;4;8;0;1;6;5;3;1;7;1.1694286702868357;22;4.9607544345329515;5;3;5;4;22;9.67370061750217;0;4;1;6;4;8;6;1;24;12;1;1;6;1;9;8;1;6;21;-8.244041740037652;3;7;-8.343934600877203;6;5;3;25;6;3;5;1;6;2;1;1;4;25;1;19;10;6;3;9;1;2;0;16;20;-8.356452856661015;4;19;2;2;16;15;1;17;20;-4.716407496205484;3;0;0;0;15;4;16;4;1;23;3.4058139379531127;12;3;0;2;23;7.997450742602297;20;4.678946297741202;1;21;8.169859715769505;11
TRACK:1893;7;0;4;6;3;1;5;6;6;6;1;2;15;15;6;17;1;1;4;6;5;4;16;2;6;0;2;17;22;9.67370061750217;5;19;3;1;1;13;15;6;25;6;6;4;5;3;19
TRACK:1894;5;3;1;5;3;1;0;4;5;1;2;3;9;5;23;7.309737645474968;1;6;7;0.3218028824642367;3;11;4;6;6;1;6;16;2;7;-5.854091696762859;22;3.66350285320285;1;0;3;4;6;2;25;10;1;4;6;4;15;5;0;6;22;-9.58565805499974;4;8;0;6;0;6;1;19;23;-3.587308483082352;0;5;25;1;11;12;4;5;6;3;22;-9.350739913168448;0;6;5;5;6;4;0;3;4;11;4;6;23;3.393492578825029;4;2;0;0;0;7;2.951350615301049;22;3.1091386531019545;4;5;3;0;20;-2.748115565306861;20;4.594253372334986;6;5;4;5;1;16;19;2;4;2;6;1;6;14;3;21;9.356815312735755;2;4;0;25;21;7.75724703552433;1;1;17;10;3;17;5;0;4;0;5;24;0;25;9;0;3;5;24;0;2;17;10;0;16;11
TRACK:1895;5;3;5;0;5;6;0;5;5;4;6;2;23;-9.425875259368343;23;6.351964638882649;6;2;6;0;0;22;-5.7053140582007185;15;2;13;8;0;1;4;14;5;9;2;2;22;-2.8628063595721738;8;3;13;3;0;4;1;3;3;5;6;22;6.502010675018717;2;1;5;0;7;2.951350615301049;22;3.1091386531019545;5;22;-9.58565805499974;2;2;1;9;10;1;12;21;0.4828827554892712;2;5;7;-5.060335771358783;3;24;0;4;5;2;0;2;23;-5.9151488629807725;17;4;11;4;0;11;25;4;2;4;5;6;19;5;0;3;15;2;13;18
TRACK:1896;9;1;4;1;2;6;3;3;3;1;6;6;24;5;1;13;13;2;2;5;5;1;0;5;9;4;11;4;6;16;2;4;10;2;6;3;5;14;6;0;6;15;4;9;0;2;4;5;4;6;22;2.665848916495923;4;4;4;2;18;16;1;6;1;6;3;10;2;5;19;6;8;4;6;2;0;13;11;3;20;-4.756331604557056;4;4;2;2;5;1;3;5;14;0;6;21;7.707510668684343;6;14;2;0;4;6;21;6.112383433580128;4;5;24;6;0;3;25;1;9;16;2;0;5;1;0;16;9;6;10;2;4;5;15;4;6;24;6;0;5;6;15;6;1;10;13
TRACK:1897;9;1;1;0;1;0;6;1;6;6;0;0;11;13;0;24;25;2;0;0;1;11;18;5;13;0;5;19;1;16;16;1;0;2;23;-2.2571701295058633;11;5;14;6;1;16;13;6;0;2;4;5;4;9;0;6;6;19;5;6;7;-8.027529548669474;6;1;4;2;7;0.07010987965106708;9;2;1;18;14;0;13;16;4;4;5;2;3;1;5;21;8.72293539427383;4;10;5;6;0;10;20;9.760890453417513;0;6;5;2;4;6;6;6;12;4;2;11;2;3;20;-1.309421897974218;6;21;8.619756525285762;5;3;0;5;3;4;0;16;17;0;0;2;2;12;20;-7.142345868378386;2;13;22;7.201771128708472;4;1;23;1.9260129348463444;25;6;6;1;10;25;5;4;6;2;2;5;5;5;5;24;3;6;1;5;7;0.5327554097370673;4;8;5;3;2;6;2;19;23;-4.7855461444313185;6;6;19
TRACK:1898;0;5;4;6;3;1;5;6;6;6;1;2;15;15;6;17;1;1;4;6;5;4;16;2;6;0;2;17;18;5;19;3;1;1;13;15;14;6;6;4;5;3;19
TRACK:1899;0;5;1;5;3;1;0;4;5;1;2;3;9;5;23;7.309737645474968;1;6;7;0.3218028824642367;3;11;4;6;3;1;1;13;15;6;25;1;0;3;4;6;2;25;10;1;4;6;4;15;5;0;6;22;-9.58565805499974;4;8;0;6;0;6;1;19;23;-3.587308483082352;0;5;25;1;11;12;4;5;6;3;22;-9.350739913168448;0;6;5;5;6;4;0;3;4;11;4;6;23;3.393492578825029;4;2;0;0;0;2;0;2;14;18;3;18;5;3;7;-7.279508601903622;0;4;6;22;6.945105059765922;3;4;14;4;5;3;0;20;-2.748115565306861;20;4.594253372334986;6;5;4;5;1;16;19;2;4;2;6;1;6;14;3;21;9.356815312735755;2;4;0;25;21;7.75724703552433;1;1;17;10;3;17;5;0;4;0;5;24;0;25;9;0;3;5;24;0;2;17;10;0;16;11
TRACK:1900;1890;-1;5;0;5;6;0;5;5;4;6;2;23;-9.486885866142732;23;6.204353590439979;6;2;6;0;0;22;-5.630165563187153;15;2;13;8;0;1;4;14;5;9;2;2;22;-2.8831250973073006;8;3;13;3;0;4;1;3;3;5;6;22;6.477991085566215;2;1;5;0;7;3.1007508490320106;22;3.1653226190455754;5;1;8;18;2;2;1;22;-0.1094986920735642;10;1;12;21;0.4876667560704547;2;5;7;-5.111613630997758;3;17;0;4;5;2;0;2;23;-5.741138688490568;17;4;11;4;0;11;25;4;2;4;5;6;19;5;0;3;15;2;13;18
TRACK:1901;1892;-1;0;4;4;0;1;4;4;5;5;5;8;5;1;4;1;0;15;23;8.851684073610777;4;21;7.5998008948507545;2;3;1;21;0.9169040871138935;20;-9.741138557807009;1;5;25;4;8;0;1;6;5;3;1;7;1.1719527553982545;22;4.990288151762342;5;3;5;4;22;9.55207261405123;0;4;1;0;0;13;11;5;23;-8.725778346535613;6;1;24;12;1;1;6;1;9;8;1;6;21;-8.123103991739516;3;7;-8.276737677850054;6;5;3;25;6;3;5;1;6;2;1;1;4;25;1;19;10;6;3;9;1;2;0;16;20;-8.376127192855563;4;19;2;2;16;15;1;17;20;-4.8524785073620595;3;0;0;0;15;4;16;4;1;23;3.3885585334848938;12;3;0;2;23;7.862687174957887;20;4.68585995839437;1;21;8.081230318088993;11
TRACK:1902;1894;-1;1;5;3;1;0;4;5;1;2;3;9;5;23;7.323920017364549;1;6;7;0.3625685033654369;3;11;4;6;6;1;6;16;2;7;-5.999055519212586;22;3.716232799549887;1;0;3;4;6;2;25;10;1;4;6;4;15;5;0;6;22;-9.558463745569629;4;8;0;6;0;6;1;19;23;-3.421346289200187;0;5;25;1;11;12;4;5;6;3;22;-9.443844384942821;0;6;5;5;6;4;0;3;4;11;4;6;23;3.277355292205292;4;2;0;0;0;7;2.8784793583594377;22;3.225471893616305;4;5;3;5;14;6;5;4;5;1;16;19;2;4;2;6;1;6;14;3;21;9.393486991946483;2;4;0;25;21;7.8762028937092445;1;1;17;10;3;17;5;0;4;0;5;24;0;25;9;0;3;5;24;0;2;17;10;0;16;11
TRACK:1903;1896;-1;4;1;2;6;3;3;3;1;6;6;24;5;1;13;13;2;2;5;5;1;0;5;9;4;11;4;6;13;2;4;10;2;6;3;5;14;6;0;6;15;4;9;0;2;4;5;4;6;22;2.6716581738877276;4;4;4;2;18;16;1;6;1;6;3;10;2;5;19;6;8;4;6;2;0;13;11;3;20;-4.64356869162375;4;4;2;2;5;1;3;5;14;0;6;21;7.841145884728632;6;14;2;0;4;6;21;6.16320653517046;4;5;24;6;0;3;25;1;9;16;2;0;5;1;0;16;9;6;10;2;4;5;15;4;6;24;6;0;5;6;15;6;1;10;13
TRACK:1904;1898;-1;4;6;3;1;5;6;6;1;20;-1.0034626364951666;23;5.055451498259382;1;1;4;6;5;4;16;2;6;0;2;17;18;5;19;3;1;1;13;15;14;6;6;4;5;3;19
TRACK:1905;1891;-1;3;5;2;3;6;2;5;4;4;6;15;1;3;3;17;6;2;23;-9.36240835620773;23;6.3338353091172905;4;4;3;4;3;0;3;24;5;25
TRACK:1906;1893;-1;4;6;3;1;5;6;6;6;1;2;15;15;6;17;1;1;4;6;5;4;16;2;6;6;11;3;1;1;13;15;6;25;6;6;4;5;3;19
TRACK:1907;1895;-1;5;0;5;6;0;5;5;4;6;2;23;-9.3611137589774;23;6.463333950628367;6;2;6;0;0;22;-5.60751259426584;15;2;13;8;3;0;0;7;7.319093597894451;18;6;8;3;0;4;1;3;3;5;6;22;6.56220036031423;2;1;5;0;7;2.9863842457857395;22;2.997599682200019;5;22;-9.656993130832534;2;2;1;9;10;1;12;21;0.449350144756291;2;5;7;-4.935952941957331;3;24;0;4;5;2;0;2;23;-6.031997054491875;17;4;11;4;0;11;25;4;2;4;5;6;19;5;0;3;15;2;13;18
TRACK:1908;1897;-1;1;0;1;0;6;1;6;6;0;0;11;13;0;24;25;2;0;0;1;11;18;5;13;0;5;19;1;16;16;1;0;2;23;-2.43818538831428;11;5;14;6;1;16;13;6;0;2;4;5;4;9;0;6;6;19;5;6;7;-8.080616119442336;6;1;4;2;7;0.2374228430253306;9;2;1;18;14;0;13;16;4;4;5;2;3;1;5;21;8.891571006923305;4;10;5;6;0;10;20;9.868668036447875;0;6;5;2;4;6;6;6;12;4;2;11;2;3;20;-1.2567073557249802;6;21;8.613584592109644;5;3;0;5;3;4;0;16;17;0;0;2;2;12;20;-7.088248167229455;2;13;22;7.232085943698959;4;1;23;1.9471959222973092;25;6;6;1;10;25;5;4;6;1;2;3;3;3;7;-4.443731983215075;4;4;6;11;5;0;2;4;22;-6.214323266425921;1;18;13;2;0;14;23;-2.480063821218838;4;23;8.787087829027403
TRACK:1909;1899;-1;1;5;3;1;0;4;5;1;2;3;8;5;23;7.293023831485859;1;6;7;0.015027041668100705;3;11;4;6;3;1;1;13;15;6;25;1;0;3;4;6;2;25;10;1;4;6;4;15;5;0;6;22;-9.453649529469876;4;8;0;6;0;6;1;19;23;-3.6288231110478564;0;5;25;1;11;12;4;5;6;3;22;-9.564146544346755;0;6;5;5;6;4;0;3;4;11;4;6;23;3.5083093611810243;4;2;0;0;0;2;0;2;14;18;3;18;5;3;7;-7.28261873126847;0;4;6;22;7.010937396705515;3;4;14;4;5;3;0;20;-2.822140927478737;20;4.648739461677317;6;5;4;5;1;16;19;2;4;2;6;1;6;14;3;21;9.358027188020268;2;4;0;25;21;7.692193104457677;1;1;17;10;3;17;5;0;4;0;5;24;0;25;9;0;3;5;24;0;2;17;10;0;16;11
EVAL_INSTANCE:95:0:1900
EVAL_INSTANCE:95:1:1901
EVAL_INSTANCE:95:2:1902
EVAL_INSTANCE:95:3:1903
EVAL_INSTANCE:95:4:1904
EVAL_INSTANCE:95:5:1905
EVAL_INSTANCE:95:6:1906
EVAL_INSTANCE:95:7:1907
EVAL_INSTANCE:95:8:1908
EVAL_INSTANCE:95:9:1909
RUN_RESULT:95:0:0:2000:----
RUN_RESULT:95:1:0:2000:----
RUN_RESULT:95:2:0:2000:----
RUN_RESULT:95:3:0:2000:----
RUN_RESULT:95:4:0:2000:----
RUN_RESULT:95:5:0:2000:----
RUN_RESULT:95:6:0:2000:----
RUN_RESULT:95:7:0:2000:----
RUN_RESULT:95:8:0:2000:----
RUN_RESULT:95:9:0:2000:----
    96 |      960 |  0.000000E+00 | -0.000000E+00
TRACK:1910;9;2;4;1;2;6;3;3;3;1;6;6;24;5;1;13;13;2;2;5;5;1;0;5;9;4;11;4;6;16;2;4;1;3;3;13;3;5;15;2;6;3;5;14;6;0;7;-7.3461643690864475;4;9;0;2;4;5;4;6;22;2.665848916495923;4;4;4;2;18;16;1;6;1;6;3;10;2;5;19;6;8;4;6;2;0;13;11;3;20;-4.756331604557056;4;4;2;2;5;1;3;5;14;0;6;21;7.707510668684343;6;14;2;0;4;6;21;6.112383433580128;4;5;24;6;0;3;25;1;9;16;2;0;5;1;0;16;9;6;10;2;4;5;15;4;6;24;6;0;5;6;15;6;1;10;13
TRACK:1911;9;2;4;1;4;3;0;2;2;1;1;2;19;20;-4.142185303395147;0;8;23;-1.4602899930131628;1;3;19;6;16;1;5;0;18;10;5;1;18;21;-9.826680263377368;2;3;6;0;13;17;4;4;1;25;9;5;6;1;4;6;22;-2.0582719638834;2;1;22;2.6848393667379593;17;4;8;6;2;6;3;0;1;21;7.707510668684343;1;3;9;1;7;-7.3461643690864475;14;3;3;3;25;5;6;3;6;5;4;25
TRACK:1912;3;6;5;0;5;6;0;5;5;4;6;2;23;-9.425875259368343;23;6.351964638882649;6;2;6;0;0;22;-5.7053140582007185;15;2;13;8;0;1;4;14;5;9;2;2;22;-2.8628063595721738;8;3;13;3;0;4;1;3;3;5;6;22;6.502010675018717;2;1;5;0;7;2.951350615301049;22;3.1091386531019545;5;1;8;18;2;2;1;9;10;1;12;21;0.4828827554892712;2;5;7;-5.060335771358783;3;24;0;4;5;2;0;2;23;-5.9151488629807725;17;4;11;4;0;11;25;4;2;4;5;6;19;5;0;3;15;22;-0.8355763743440541
TRACK:1913;3;6;4;0;1;3;5;3;3;5;5;4;19;2;3;1;2;1;5;1;14;12;4;1;15;18;0;5;2;11;7;3.3949546236874166;1;1;21;0.15781845565135022;24;6;14;6;6;6;5;14;6;4;6;0;3;3;9;0;2;19;17;3;15;6;4;2;0;0;1;9;10;0;1;6;16;4;14;1;0;9;7;3.452318748288228;5;25;5;4;5;3;12;3;2;2;6;1;25;25;3;6;7;5.598869455374256;6;6;1;17;22;-0.8355763743440541
TRACK:1914;7;8;0;4;4;0;1;4;4;5;7;-1.796785627472408;5;1;4;1;0;15;23;9.010026579099339;4;21;7.603077435577408;2;3;1;21;0.8741299139996013;20;-9.727771496719013;1;5;25;4;8;0;1;6;5;3;1;7;1.1694286702868357;22;4.9607544345329515;5;3;5;4;22;9.67370061750217;0;4;1;6;4;8;6;1;24;12;1;1;6;1;9;8;1;6;21;-8.244041740037652;3;7;-8.343934600877203;6;5;3;25;6;3;5;1;6;2;1;1;4;25;1;19;10;6;3;9;1;2;0;16;20;-8.356452856661015;4;19;2;2;16;15;1;17;20;-4.716407496205484;3;0;0;0;4;25;4;16;4;1;23;3.4058139379531127;12;3;0;2;23;7.997450742602297;20;4.678946297741202;1;21;8.169859715769505;11
TRACK:1915;7;8;6;4;2;0;4;3;6;1;6;6;11;1;1;23;-6.194829372622004;8;0;23;-6.448084404665872;22;-2.585017750253062;6;4;0;1;3;4;7;-1.796785627472408;2;4;25;1;24;15;3;3;0;24;18;5;3;2;6;6;4;4;19;1;2;4;3;14;2;5;8;3;20;9.74776600337508;1;1;5;12;3;25;5;2;12;15
TRACK:1916;7;0;0;1;1;4;6;5;4;16;2;6;0;2;17;18;5;19;3;1;1;13;15;6;25;6;6;4;5;3;19;6;3;5;1;6;2;1;1;4;25;1;19;10;6;3;9;1;2;0;16;20;-8.356452856661015;4;19;2;2;16;15;1;17;20;-4.716407496205484;3;0;0;0;4;25;4;16;4;1;23;3.4058139379531127;12;3;0;2;23;7.997450742602297;20;4.678946297741202;1;21;8.169859715769505;11
TRACK:1917;7;0;4;6;3;1;5;6;6;6;1;2;15;15;6;17;1;1;4;6;5;4;16;2;6;0;2;17;7;-8.343934600877203;5;19;3;1;1;13;15;6;25;6;6;4;5;3;19
TRACK:1918;2;4;4;1;4;3;0;2;2;1;1;2;19;20;-4.142185303395147;0;8;23;-1.4602899930131628;1;3;19;6;16;1;5;0;18;10;5;1;18;21;-9.826680263377368;2;3;6;0;13;17;11;5;6;1;4;6;22;-2.0582719638834;2;1;22;2.6848393667379593;17;4;8;6;2;6;3;0;1;2;1;19;12;3;14;1;3;9;1;7;-7.3461643690864475;14;3;3;3;25;5;6;3;6;5;4;25
TRACK:1919;2;4;3;5;2;3;6;2;5;4;4;6;15;1;3;2;3;19;6;22;-0.03499774720603632;3;5;2;19;20;-4.142185303395147;4;4;3;4;3;0;3;24;5;25
TRACK:1920;1910;-1;4;1;2;6;3;3;3;1;6;6;24;5;1;13;13;2;2;5;3;3;4;17;2;4;1;3;3;13;3;5;15;2;6;3;5;14;6;0;7;-7.437636420791409;4;9;0;2;4;5;4;6;22;2.5550787011842515;4;4;4;2;18;16;1;6;1;6;3;10;2;5;19;6;8;4;6;2;0;13;11;3;20;-4.775508238274707;4;4;2;2;5;1;3;5;14;0;6;21;7.595253362812837;6;14;2;0;4;6;21;6.135478719891561;4;5;24;6;0;3;25;1;9;16;2;0;5;1;0;16;9;6;10;2;4;5;15;4;6;24;6;0;5;6;15;6;1;10;13
TRACK:1921;1912;-1;5;0;5;6;0;5;5;4;6;2;23;-9.380306529917029;23;6.403993181739567;6;2;6;0;0;22;-5.713657631872826;15;2;13;8;0;1;4;14;5;9;2;2;22;-2.9659639580829706;8;3;13;3;0;4;1;3;3;5;6;22;6.443232618571667;2;1;5;0;7;2.8843267241407573;22;3.1779814494974583;5;1;8;18;2;2;1;9;10;1;12;21;0.4837307766092782;2;5;7;-5.21157774363715;3;24;0;4;5;1;5;0;21;-2.8839315030746393;25;0;3;7;2.045899622090756;1;10;14;4;2;4;5;6;19;5;0;3;15;22;-0.7064713969592477
TRACK:1922;7;-1;0;4;4;0;1;4;4;5;5;5;8;5;1;4;1;0;15;23;8.937002808731902;4;21;7.635836625354773;2;3;1;21;0.7428678162768112;20;-9.805439299743973;1;5;25;4;8;0;1;6;5;3;1;7;1.398426001081066;22;4.976025176323143;5;3;5;4;22;9.70082781380673;0;4;1;6;4;8;6;1;24;12;1;1;6;1;9;8;1;6;21;-8.341843294684475;3;7;-8.323370371116784;5;1;18;9;6;3;5;1;6;2;1;1;4;25;1;19;10;6;3;9;1;2;0;16;20;-8.276803742637258;4;19;2;2;16;15;1;17;20;-4.739433331309907;3;0;0;0;4;25;4;16;4;1;23;3.4040567104514303;12;3;0;2;23;7.989971245997719;20;4.737180929223363;1;21;8.183496536379662;11
TRACK:1923;1916;-1;0;1;1;4;6;5;4;16;2;6;0;2;17;18;5;19;3;1;1;13;15;6;25;6;6;4;5;3;19;6;3;5;1;6;2;1;1;4;25;1;19;10;6;3;9;1;2;0;16;20;-8.311610239385402;4;19;2;2;16;15;1;17;20;-4.781558615988625;3;0;0;0;4;25;4;16;2;19;17;3;0;2;23;7.864016550078548;20;4.559122184957777;1;21;8.27159625465221;11
TRACK:1924;1918;-1;4;1;4;3;0;2;2;1;1;2;19;20;-4.141874282281274;0;8;23;-1.4619927521308667;1;3;19;6;16;1;5;0;22;4.395015230419187;10;5;1;18;21;-9.714179540586471;2;3;6;0;13;17;11;5;6;1;4;6;22;-2.0678566789693917;2;1;22;2.672528921998434;17;4;8;6;2;6;3;0;1;2;1;19;12;3;14;1;3;9;1;7;-7.315282687155687;14;3;3;3;25;5;6;3;6;5;4;25
TRACK:1925;1911;-1;4;1;4;3;0;2;2;1;1;2;19;20;-4.072342431135307;0;8;23;-1.3676502227210963;1;3;19;6;16;1;5;0;18;10;5;1;18;21;-10.0;2;3;6;0;13;17;4;4;1;25;9;5;6;1;4;6;22;-2.0080005244980628;2;1;22;2.56174642999971;17;4;8;6;2;6;3;0;6;0;0;8;16;2;15;14;3;3;3;25;5;6;3;6;5;4;25
TRACK:1926;1913;-1;4;0;1;3;5;3;3;5;5;4;19;2;3;1;2;1;5;1;14;12;4;1;15;18;0;5;2;11;7;3.4133254554399937;1;1;21;0.2320881294662752;24;6;14;6;6;6;5;14;6;4;6;0;3;3;22;6.37281630587157;0;2;19;17;3;15;6;4;2;0;0;1;9;10;0;1;6;16;4;14;1;0;9;7;3.3529978458373324;5;25;5;4;5;3;12;3;2;2;6;1;25;25;3;6;7;5.584106485529997;6;6;1;17;22;-0.8932499600580792
TRACK:1927;8;-1;6;4;2;0;4;3;6;1;6;6;11;1;1;23;-6.161219981564382;8;0;23;-6.347397748027439;22;-2.5498384137495638;6;4;0;1;3;4;16;2;4;25;1;24;15;3;3;0;24;18;5;3;2;6;6;4;4;10;1;2;4;3;14;2;5;8;3;20;9.867789026111431;1;1;5;12;3;25;5;2;12;15
TRACK:1928;1917;-1;4;6;3;1;5;6;6;6;1;2;15;10;6;17;1;1;4;6;5;4;16;2;6;0;2;17;7;-8.308128983010654;5;19;3;1;1;13;15;6;25;6;6;4;5;3;19
TRACK:1929;1919;-1;3;5;2;3;6;2;5;4;4;6;15;1;3;2;3;19;6;16;3;5;2;19;20;-4.290528762392614;4;4;3;4;3;0;3;24;5;25
EVAL_INSTANCE:96:0:1920
EVAL_INSTANCE:96:1:1921
EVAL_INSTANCE:96:2:1922
EVAL_INSTANCE:96:3:1923
EVAL_INSTANCE:96:4:1924
EVAL_INSTANCE:96:5:1925
EVAL_INSTANCE:96:6:1926
EVAL_INSTANCE:96:7:1927
EVAL_INSTANCE:96:8:1928
EVAL_INSTANCE:96:9:1929
RUN_RESULT:96:0:0:2000:----
RUN_RESULT:96:1:0:2000:----
RUN_RESULT:96:2:0:2000:----
RUN_RESULT:96:3:0:2000:----
RUN_RESULT:96:4:0:2000:----
RUN_RESULT:96:5:0:2000:----
RUN_RESULT:96:6:0:2000:----
RUN_RESULT:96:7:0:2000:----
RUN_RESULT:96:8:0:2000:----
RUN_RESULT:96:9:0:2000:----
    97 |      970 |  0.000000E+00 | -0.000000E+00
TRACK:1930;9;3;4;8
TRACK:1931;9;3;5;0;5;6;0;5;5;4;6;2;23;-9.425875259368343;23;6.351964638882649;6;2;6;0;0;22;-5.7053140582007185;15;2;13;8;0;1;4;14;5;9;2;2;22;-2.8628063595721738;8;3;13;3;0;4;1;3;3;5;6;22;6.502010675018717;2;1;5;0;7;2.951350615301049;22;3.1091386531019545;5;3;20;-4.756331604557056;2;2;1;9;10;1;12;21;0.4828827554892712;2;5;7;-5.060335771358783;3;24;0;4;5;2;0;2;23;-5.9151488629807725;17;4;11;4;0;11;25;4;2;4;5;6;19;5;0;3;15;2;13;18
TRACK:1932;0;8;4;6;3;1;5;6;6;6;1;2;15;15;6;17;1;20;9.74776600337508;6;6;4;5;3;19
TRACK:1933;0;8;6;4;2;0;4;3;6;1;6;6;11;1;1;23;-6.194829372622004;8;0;23;-6.448084404665872;22;-2.585017750253062;6;4;0;1;3;4;7;-1.796785627472408;2;4;25;1;24;15;3;3;0;24;18;5;3;2;6;6;4;4;10;1;2;4;3;14;2;5;8;3;20;9.74776600337508;1;1;5;12;3;25;5;2;12;17
TRACK:1934;6;1;4;0;1;3;5;3;3;5;5;4;19;2;3;1;2;1;5;1;14;12;4;1;15;18;0;16;17;6;6;6;5;14;6;4;6;0;3;3;9;0;2;19;17;3;15;6;4;2;0;0;6;6;1;21;-0.8411316608662993;22;-5.721673982302146;0;1;6;16;4;14;1;0;9;7;3.452318748288228;5;25;5;4;5;3;12;3;2;2;6;1;25;25;3;6;7;5.598869455374256;6;6;1;17;22;-0.8355763743440541
TRACK:1935;6;1;1;0;1;0;6;1;6;6;0;0;11;13;0;24;25;2;0;0;1;11;18;5;13;0;5;19;1;16;16;1;6;1;21;-0.8411316608662993;22;-5.721673982302146;6;1;16;13;6;0;2;4;5;4;9;0;6;6;19;5;6;7;-8.027529548669474;6;1;4;2;7;0.07010987965106708;9;2;1;18;14;0;13;16;4;4;5;2;3;1;5;21;8.72293539427383;4;10;5;6;0;10;20;9.760890453417513;0;6;5;2;4;6;6;6;12;4;2;5;2;18;18;2;3;20;-1.309421897974218;6;21;8.619756525285762;5;3;0;5;3;4;0;16;17;0;0;2;2;12;20;-7.142345868378386;2;13;22;7.201771128708472;4;1;23;1.9260129348463444;25;6;6;1;10;25;5;4;6;2;2;5;5;5;5;24;3;6;1;5;7;0.5327554097370673;4;8;5;3;2;6;2;19;23;-4.7855461444313185;6;6;19
TRACK:1936;2;9;4;1;4;3;0;2;2;1;1;2;19;20;-4.142185303395147;0;8;23;-1.4602899930131628;1;3;19;6;16;1;5;0;18;19;5;1;18;21;-9.826680263377368;2;3;6;0;13;17;4;4;1;25;9;5;6;1;4;6;22;-2.0582719638834;2;1;22;2.6848393667379593;17;4;8;6;2;6;3;0;1;2;1;19;12;3;14;1;3;9;1;7;-7.3461643690864475;14;3;3;3;25;5;6;3;6;5;4;25
TRACK:1937;2;9;4;1;2;6;3;3;3;1;6;6;24;5;1;13;13;2;2;5;5;1;0;5;9;4;11;4;6;16;2;4;1;3;3;13;3;5;15;2;6;3;5;14;6;0;6;15;4;9;0;2;4;5;4;6;22;2.665848916495923;4;4;4;2;18;16;1;6;1;6;3;10;2;5;19;6;8;4;6;2;0;13;11;3;20;-4.756331604557056;4;4;2;2;5;1;3;5;14;0;6;21;7.707510668684343;9;2;0;4;6;21;6.112383433580128;4;5;24;6;0;3;25;1;9;16;2;0;5;1;0;16;9;6;10;2;4;5;15;4;6;24;6;0;5;6;15;6;1;10;13
TRACK:1938;8;5;6;4;2;0;4;3;6;1;6;6;11;1;1;23;-6.194829372622004;8;0;23;-6.448084404665872;22;-2.585017750253062;6;4;0;14;3;3;0;24;18;5;3;2;6;6;4;4;10;1;2;4;3;14;2;5;8;3;20;9.74776600337508;1;1;5;12;3;25;5;2;12;15
TRACK:1939;8;5;1;5;3;1;0;4;5;1;2;3;9;5;23;7.309737645474968;1;6;7;0.3218028824642367;3;11;4;6;6;1;6;16;2;7;-5.854091696762859;22;3.66350285320285;1;0;3;4;6;2;25;10;1;4;6;23;-6.194829372622004;5;0;6;22;-9.58565805499974;4;8;0;6;0;6;1;19;23;-3.587308483082352;0;5;25;1;11;12;4;5;6;3;22;-9.350739913168448;0;6;5;5;6;4;0;3;4;11;4;6;23;3.393492578825029;4;2;0;0;0;2;0;2;14;18;3;18;5;3;7;-7.279508601903622;0;4;6;22;6.945105059765922;3;4;14;4;5;3;0;20;-2.748115565306861;20;4.594253372334986;6;5;4;5;1;16;19;2;4;2;6;1;6;14;3;21;9.356815312735755;2;4;0;25;21;7.75724703552433;1;1;17;10;3;17;5;0;4;0;5;24;0;25;9;0;3;5;24;0;2;17;10;0;16;11
TRACK:1940;1930;-1;6;6;3;6;20;-4.488860653919766
TRACK:1941;1932;-1;4;6;3;1;5;6;0;11;22;7.437324925325484;1;20;9.721529604827433;6;6;4;5;3;19
TRACK:1942;1934;-1;4;0;1;3;5;3;3;5;5;3;10;2;3;1;2;1;5;1;14;12;4;1;15;18;0;16;17;6;6;6;5;14;6;4;6;0;3;3;9;0;2;19;17;3;15;6;4;2;0;0;6;6;1;21;-0.9701181448042843;22;-5.6741303255760895;0;1;6;16;4;14;1;0;9;7;3.411284530230608;5;25;5;4;5;3;12;3;2;2;6;1;25;25;3;6;7;5.424266117456954;6;6;1;17;22;-1.069124651947319
TRACK:1943;1936;-1;4;1;4;3;0;2;2;1;1;2;19;20;-4.132618126993414;0;8;23;-1.451134253969172;1;3;19;6;16;1;5;0;18;19;5;1;18;21;-9.715387176130434;2;3;6;0;13;17;4;4;1;25;9;5;6;1;4;6;22;-2.0991606869235073;2;1;22;2.6563454568934364;17;4;8;6;2;6;3;0;1;2;1;19;12;3;18;1;3;9;1;7;-7.429220949323204;14;3;3;3;25;5;6;3;6;5;4;25
TRACK:1944;8;-1;6;4;2;0;4;3;6;1;6;6;24;1;1;23;-6.074204424148707;8;0;23;-6.423644471721641;22;-2.6319501283219306;6;4;0;1;3;4;7;-1.7584465457872016;2;4;25;1;24;15;3;3;0;24;18;5;3;2;6;6;4;4;10;1;2;4;3;14;2;5;8;3;20;9.728093802499991;1;1;5;12;3;25;5;2;12;15
TRACK:1945;1931;-1;5;0;5;6;0;5;5;4;6;2;23;-9.324265540147506;23;6.320737785104546;6;2;6;0;0;22;-5.796628898089656;15;2;13;8;0;1;4;14;5;9;2;2;22;-2.7317026869283256;8;3;13;3;0;4;1;5;10;2;1;5;0;7;2.8910532855313242;22;3.011106375405256;5;3;20;-4.837103579048399;2;2;1;9;10;1;12;21;0.3057165316211262;2;5;7;-5.125590999080209;3;24;0;4;5;2;0;2;23;-5.753866917226573;17;4;11;4;0;11;25;4;2;4;5;6;19;5;0;3;15;2;13;18
TRACK:1946;1933;-1;6;4;2;0;4;3;6;1;6;6;11;1;1;23;-6.120353546160153;8;0;23;-6.3283055666846915;22;-2.6229116250481073;6;4;0;1;3;4;7;-1.7367953547110653;2;6;19;1;24;15;3;3;0;24;18;5;3;2;6;6;4;4;10;1;2;4;3;14;2;5;8;3;20;9.763850918842873;1;1;5;12;3;25;5;2;12;17
TRACK:1947;1935;-1;1;0;1;0;6;1;6;6;0;0;11;13;0;24;25;2;0;0;1;11;18;5;13;0;5;19;1;16;16;1;6;1;21;-0.8404744194313681;22;-5.539997160968473;6;1;16;13;6;0;2;4;5;4;9;0;6;6;19;5;6;7;-8.051867339628192;6;1;4;2;7;0.03341856566447682;9;2;1;16;14;0;13;16;4;4;5;2;3;1;5;21;8.75238982430198;4;10;5;6;0;10;20;9.745914684713382;0;6;5;2;4;6;6;6;12;4;2;5;2;18;18;2;3;20;-1.4982779032735247;6;21;8.58089588597095;5;3;0;5;3;4;0;16;17;0;0;2;2;12;20;-7.125513237298192;2;13;22;7.212760098483086;4;1;23;1.9065658283302613;25;6;6;1;10;25;5;4;6;2;2;5;5;5;5;24;3;6;1;5;7;0.7370215427486994;4;8;5;3;2;6;2;19;23;-4.723973454016369;6;6;19
TRACK:1948;1937;-1;4;1;2;6;3;3;3;1;6;6;24;5;1;13;13;2;2;5;5;1;0;5;9;4;11;4;6;16;2;4;1;3;3;13;3;5;15;2;6;3;5;14;6;0;6;15;4;9;0;2;3;11;4;4;4;2;18;16;1;6;1;6;3;10;2;5;19;6;8;4;6;2;0;13;11;3;20;-4.711426811134059;4;4;2;2;5;1;3;5;14;0;6;21;7.720242603600413;9;2;0;4;6;21;6.217677881868242;4;5;24;6;0;3;25;1;9;16;2;0;5;1;0;16;9;6;10;2;4;5;15;4;6;24;6;0;5;6;15;6;1;10;13
TRACK:1949;5;-1;1;5;3;1;0;4;5;1;2;3;9;5;23;7.45441237982301;1;6;7;0.26260714574921706;3;11;4;6;6;1;6;16;2;7;-5.964373147623759;22;3.6142677944588986;1;0;3;4;6;2;25;10;1;4;6;4;15;5;0;6;22;-9.50289168066463;4;17;0;6;0;6;1;19;23;-3.660991780270822;0;5;25;1;11;12;4;5;6;3;22;-9.526792273626526;0;6;5;5;6;4;0;3;4;11;4;6;23;3.2467599445091264;4;2;0;0;0;2;0;2;14;18;3;18;5;3;7;-7.181822115021167;0;4;6;22;6.989421639329499;3;4;14;4;5;3;0;20;-2.7056511696498875;20;4.747346856707807;6;5;4;5;1;16;19;2;4;2;6;1;6;14;3;21;9.460050045006437;2;4;0;25;21;7.813282913608942;1;1;17;10;3;17;5;0;4;0;5;24;0;25;9;0;3;5;24;0;2;17;10;0;16;11
EVAL_INSTANCE:97:0:1940
EVAL_INSTANCE:97:1:1941
EVAL_INSTANCE:97:2:1942
EVAL_INSTANCE:97:3:1943
EVAL_INSTANCE:97:4:1944
EVAL_INSTANCE:97:5:1945
EVAL_INSTANCE:97:6:1946
EVAL_INSTANCE:97:7:1947
EVAL_INSTANCE:97:8:1948
EVAL_INSTANCE:97:9:1949
RUN_RESULT:97:0:0:2000:----
RUN_RESULT:97:1:0:2000:----
RUN_RESULT:97:2:0:2000:----
RUN_RESULT:97:3:0:2000:----
RUN_RESULT:97:4:0:2000:----
RUN_RESULT:97:5:0:2000:----
RUN_RESULT:97:6:0:2000:----
RUN_RESULT:97:7:0:2000:----
RUN_RESULT:97:8:0:2000:----
RUN_RESULT:97:9:0:2000:----
    98 |      980 |  0.000000E+00 | -0.000000E+00
TRACK:1950;7;0;0;4;4;0;1;4;4;5;5;5;8;5;1;4;1;0;15;23;9.010026579099339;4;21;7.603077435577408;2;3;1;21;0.8741299139996013;20;-9.727771496719013;1;5;25;4;8;0;1;6;5;3;1;7;1.1694286702868357;22;4.9607544345329515;5;3;5;4;22;9.67370061750217;0;4;1;6;4;8;6;1;24;12;1;1;6;1;9;8;1;6;21;-8.244041740037652;3;7;-8.343934600877203;6;5;3;25;6;3;5;1;6;2;1;1;4;25;1;19;10;6;3;9;1;2;0;16;20;-8.356452856661015;4;19;2;2;16;15;1;17;20;-4.716407496205484;3;0;0;0;4;25;4;16;4;1;23;3.4058139379531127;12;3;0;2;23;7.997450742602297;20;4.678946297741202;1;19;11
TRACK:1951;7;0;4;6;3;1;5;6;6;6;1;2;15;15;6;17;1;1;4;6;5;4;16;2;6;0;2;17;18;5;19;3;1;1;13;15;6;25;6;6;4;5;3;8
TRACK:1952;6;1;4;0;1;3;5;3;3;5;5;4;19;2;3;1;5;5;5;24;6;6;6;5;14;6;4;6;0;3;3;9;0;2;19;17;3;15;6;4;2;0;0;6;6;1;21;-0.8411316608662993;22;-5.721673982302146;0;1;6;16;4;14;1;0;9;7;3.452318748288228;5;25;5;4;5;3;12;3;2;2;6;1;25;25;3;6;7;5.598869455374256;6;6;1;17;22;-0.8355763743440541
TRACK:1953;6;1;1;0;1;0;6;1;6;6;0;0;11;13;0;24;25;2;0;0;1;11;18;5;13;0;5;19;1;16;16;1;0;2;23;-2.2571701295058633;11;5;14;6;1;16;13;6;0;2;4;5;4;9;0;6;6;19;5;6;7;-8.027529548669474;6;1;4;2;7;0.07010987965106708;9;2;1;18;14;0;13;16;4;4;5;2;3;1;5;21;8.72293539427383;4;10;5;6;0;10;20;9.760890453417513;0;6;5;2;4;6;6;6;12;4;2;5;2;18;18;2;3;20;-1.309421897974218;6;21;8.619756525285762;5;3;0;5;3;4;0;16;17;0;0;2;2;12;20;-7.142345868378386;2;13;22;7.201771128708472;4;1;23;1.9260129348463444;25;6;6;1;10;19;5;4;6;2;2;5;5;5;5;24;3;6;1;5;7;0.5327554097370673;4;8;5;3;2;6;2;19;23;-4.7855461444313185;6;6;19
TRACK:1954;2;1;4;1;4;3;0;2;2;1;1;2;19;20;-4.142185303395147;0;8;23;-1.4602899930131628;1;3;19;6;16;1;5;0;18;10;5;1;18;21;-9.826680263377368;2;3;6;0;13;17;4;4;1;25;9;5;6;1;4;6;22;-2.0582719638834;2;1;22;2.6848393667379593;17;4;8;6;2;6;3;0;1;2;1;19;12;3;14;1;3;9;1;7;-7.3461643690864475;16;3;3;3;25;5;6;3;6;5;4;25
TRACK:1955;2;1;1;0;1;0;6;1;6;6;0;0;11;13;0;24;25;2;0;0;1;11;18;5;13;0;5;19;1;16;16;1;0;2;23;-2.2571701295058633;11;5;14;6;1;16;13;6;0;2;4;5;4;9;0;6;6;19;5;6;7;-8.027529548669474;6;1;4;2;7;0.07010987965106708;9;2;1;18;14;0;13;16;4;4;5;2;3;1;5;21;8.72293539427383;4;10;5;6;0;10;20;9.760890453417513;0;6;5;2;4;6;6;6;12;4;2;5;2;18;18;2;3;20;-1.309421897974218;6;21;8.619756525285762;5;3;0;5;3;4;0;16;17;0;0;2;2;12;20;-7.142345868378386;2;13;22;7.201771128708472;4;1;23;1.9260129348463444;25;6;6;1;10;25;5;4;6;2;2;5;5;5;5;24;3;6;1;5;7;0.5327554097370673;4;8;5;3;2;6;2;19;25;6;6;19
TRACK:1956;8;0;6;4;2;0;4;3;6;1;6;6;11;1;1;23;-6.194829372622004;8;0;23;-6.448084404665872;22;-2.585017750253062;6;4;0;1;3;4;7;-1.796785627472408;2;4;25;1;24;15;3;3;0;24;18;5;3;2;6;6;4;4;10;1;2;4;3;14;2;5;8;3;20;9.74776600337508;3;1;1;13;15;6;25
TRACK:1957;8;0;4;6;3;1;5;6;6;6;1;2;15;15;6;17;1;1;4;6;5;4;16;2;6;0;2;17;18;5;19;3;1;1;13;15;6;25;6;18
TRACK:1958;5;2;1;5;3;1;0;4;5;1;2;3;9;5;23;7.309737645474968;1;6;7;0.3218028824642367;3;11;4;6;6;1;6;16;2;7;-5.854091696762859;22;3.66350285320285;1;0;3;4;6;2;25;10;1;4;6;4;15;5;0;6;22;-9.58565805499974;4;8;0;6;0;6;1;19;23;-3.587308483082352;0;5;25;1;11;12;4;5;6;3;22;-9.350739913168448;0;6;5;5;6;4;0;3;4;11;4;6;23;3.393492578825029;4;2;0;0;0;2;0;2;14;22;-2.0582719638834;3;18;5;3;7;-7.279508601903622;0;4;6;22;6.945105059765922;3;4;14;4;5;3;0;20;-2.748115565306861;20;4.594253372334986;6;5;4;5;1;16;19;2;4;2;6;1;6;14;3;21;9.356815312735755;2;4;0;25;21;7.75724703552433;1;1;17;10;3;17;5;0;4;0;5;24;0;25;9;0;3;5;24;0;2;17;10;0;16;11
TRACK:1959;5;2;4;1;4;3;0;2;2;1;1;2;19;20;-4.142185303395147;0;8;23;-1.4602899930131628;1;3;19;6;16;1;5;0;18;10;5;1;18;21;-9.826680263377368;2;3;6;0;13;17;4;4;1;25;9;5;6;0;3;4;11;4;6;23;3.393492578825029;6;2;6;3;0;1;2;1;19;12;3;14;1;3;9;1;7;-7.3461643690864475;14;3;3;3;25;5;6;3;6;5;4;25
TRACK:1960;1950;-1;0;4;4;0;1;4;4;5;5;5;8;5;1;4;1;0;15;23;9.071915420346732;4;21;7.719614657689766;2;3;1;21;0.7661411123439755;20;-9.650422118001703;1;5;25;4;8;0;1;6;5;3;1;7;1.2660879507790375;22;4.884464109340806;5;3;5;4;22;9.779876929600618;0;4;1;6;4;8;6;1;24;12;1;1;6;1;9;8;1;6;21;-8.31806804650254;3;7;3.734838044070978;6;5;3;25;6;3;5;1;6;2;1;1;4;25;1;19;10;6;3;9;1;2;0;16;20;-8.317599513719019;4;19;2;2;16;15;1;17;20;-4.776592799611342;3;0;0;0;4;25;4;16;4;1;23;3.4504243579431035;12;3;0;2;23;7.928758019940044;20;4.669058701790347;1;19;11
TRACK:1961;1952;-1;4;0;1;3;5;3;3;5;5;4;19;2;3;1;5;5;5;24;6;6;6;5;14;6;4;6;0;3;3;9;0;2;19;17;3;15;6;4;3;5;1;0;1;25;13;0;25;9;1;6;13;4;18
TRACK:1962;1954;-1;4;1;4;3;0;2;2;1;1;2;19;20;-4.20639987812048;0;8;23;-1.2882505786119225;1;3;12;6;16;1;5;0;18;10;5;1;18;21;-9.789344555868613;2;3;6;0;13;17;4;4;1;25;9;5;6;1;4;6;22;-1.9200637320374523;2;1;22;2.6185528372635627;17;4;8;6;2;6;3;0;1;2;1;19;12;3;14;1;3;9;1;7;-7.35997553314288;16;3;3;3;25;5;6;3;6;5;4;25
TRACK:1963;1956;-1;6;4;2;0;4;3;6;1;6;6;15;1;1;23;-6.094863750387729;8;0;23;-6.3618560964318505;22;-2.4089065120860034;6;4;0;1;3;4;7;-1.9909192191170728;2;4;25;1;24;15;3;3;0;24;18;5;3;2;6;6;4;4;10;1;2;4;3;14;2;5;8;3;20;9.771235344680193;3;1;1;13;15;6;25
TRACK:1964;5;-1;1;5;3;1;0;4;5;1;2;3;9;5;23;7.300679764942425;1;6;7;0.6105406879385874;3;11;4;6;6;1;6;16;2;7;-5.823414680130741;22;3.7282616025003152;1;0;3;4;6;2;25;10;1;4;6;4;15;5;0;6;22;-9.577735840475823;4;8;0;6;0;6;1;19;23;-3.6692609022402527;0;5;25;1;11;12;4;5;6;3;22;-9.518332625841783;0;6;5;5;6;4;0;3;4;11;4;6;23;3.483341355608024;4;2;0;0;0;2;0;2;14;18;3;18;5;3;7;-7.4177470472396125;0;4;6;22;6.992435944478625;3;4;14;4;5;3;0;20;-2.6378249916586096;20;4.626955099777763;6;5;4;5;1;16;19;2;3;3;6;4;0;17;10;5;0;4;0;5;24;0;25;9;0;3;5;24;0;2;17;10;0;16;11
TRACK:1965;1951;-1;4;6;3;1;5;6;6;6;1;2;15;15;6;16;1;1;4;6;5;4;16;2;6;0;2;17;18;5;19;3;1;1;13;15;6;25;6;6;4;5;3;8
TRACK:1966;1953;-1;1;0;1;0;6;1;6;6;0;0;11;13;0;24;25;2;0;0;1;11;18;5;13;0;5;19;1;16;16;1;0;2;23;-2.3863136298171415;11;5;14;6;1;16;13;6;0;2;4;5;4;9;0;6;6;19;5;6;7;-7.951491923237281;6;1;4;2;7;-0.022651033763046807;9;2;1;18;14;0;13;16;4;4;5;2;3;1;5;21;8.781569202039492;4;10;5;6;0;10;20;9.690492060384036;0;6;5;2;4;6;6;6;12;4;2;5;2;18;18;2;3;20;-1.4427602499246024;6;21;8.666036679893821;5;3;0;5;3;4;0;16;17;0;0;5;0;21;9.541315339177096;25;4;1;23;1.8544752288934605;25;6;6;1;10;19;5;4;6;2;2;5;5;5;5;24;3;6;1;5;7;0.4576549991191783;4;8;5;3;2;6;2;19;23;-4.528910864730857;6;6;19
TRACK:1967;1955;-1;1;0;1;0;6;1;6;6;0;0;11;13;0;24;25;2;0;0;1;11;18;5;13;0;5;19;1;16;16;1;0;2;23;-2.309717078511178;11;5;14;6;4;18;6;0;2;4;5;4;9;0;6;6;19;5;6;7;-7.859611800024076;6;1;4;2;7;0.1367883530185322;9;2;1;18;14;0;13;16;4;4;5;2;3;1;5;21;8.750576304986154;4;10;5;6;0;10;20;9.682694853854507;0;6;5;2;4;6;6;6;12;4;2;5;2;18;18;2;3;20;-1.2055182275851752;6;21;8.787969492804388;5;3;0;5;3;4;0;16;17;0;0;2;2;12;20;-7.108814854191384;2;13;22;7.290025592187242;4;1;23;1.9591449519223745;25;6;6;1;10;25;5;4;6;2;2;5;5;5;5;24;3;6;1;5;7;0.5426230475103913;4;8;5;3;2;6;2;19;25;6;6;19
TRACK:1968;1957;-1;4;6;3;1;5;6;6;6;1;2;15;15;6;17;1;1;4;6;5;4;16;2;6;0;2;17;18;5;19;3;1;1;13;15;6;16;6;18
TRACK:1969;2;-1;4;1;4;3;0;2;2;1;1;2;19;20;-4.144095922937603;0;8;23;-1.4859497980487155;1;3;19;6;16;1;5;0;18;10;5;1;18;21;-9.841124395551704;2;3;6;0;13;17;4;4;1;25;9;5;6;1;4;6;22;-2.036349253687984;2;1;22;2.6745920847050386;17;4;8;6;2;6;3;0;1;2;1;19;12;3;14;1;3;9;1;7;-7.373332365336259;14;3;3;3;25;5;6;3;6;1;10;11
EVAL_INSTANCE:98:0:1960
EVAL_INSTANCE:98:1:1961
EVAL_INSTANCE:98:2:1962
EVAL_INSTANCE:98:3:1963
EVAL_INSTANCE:98:4:1964
EVAL_INSTANCE:98:5:1965
EVAL_INSTANCE:98:6:1966
EVAL_INSTANCE:98:7:1967
EVAL_INSTANCE:98:8:1968
EVAL_INSTANCE:98:9:1969
RUN_RESULT:98:0:0:2000:----
RUN_RESULT:98:1:0:2000:----
RUN_RESULT:98:2:0:2000:----
RUN_RESULT:98:3:0:2000:----
RUN_RESULT:98:4:0:2000:----
RUN_RESULT:98:5:0:2000:----
RUN_RESULT:98:6:0:2000:----
RUN_RESULT:98:7:0:2000:----
RUN_RESULT:98:8:0:2000:----
RUN_RESULT:98:9:0:2000:----
    99 |      990 |  0.000000E+00 | -0.000000E+00
TRACK:1970;7;8;0;4;4;0;1;4;4;5;5;5;8;5;1;4;1;0;15;23;9.010026579099339;4;21;7.603077435577408;2;3;1;21;0.8741299139996013;20;-9.727771496719013;1;5;25;4;8;0;1;6;5;3;1;7;1.1694286702868357;22;4.9607544345329515;5;3;5;4;22;9.67370061750217;0;4;1;6;4;8;6;1;24;12;1;1;6;1;9;8;1;6;21;-8.244041740037652;3;7;-8.343934600877203;6;5;3;25;6;3;15
TRACK:1971;7;8;6;4;2;0;4;3;6;1;6;6;11;1;1;23;-6.194829372622004;8;0;23;-6.448084404665872;22;-2.585017750253062;6;4;0;1;3;4;7;-1.796785627472408;2;4;25;1;24;15;3;3;0;24;18;5;3;2;6;6;4;4;10;1;2;4;3;14;2;5;22;9.67370061750217;3;20;9.74776600337508;1;1;5;12;3;25;5;2;12;15
TRACK:1972;0;5;4;6;3;1;5;6;6;6;1;2;15;15;6;17;1;1;4;6;5;4;16;2;6;0;2;17;18;5;19;3;1;1;13;15;6;25;6;6;4;5;3;22;3.66350285320285
TRACK:1973;0;5;1;5;3;1;0;4;5;1;2;3;25;5;23;7.309737645474968;1;6;7;0.3218028824642367;3;11;4;6;6;1;6;16;2;7;-5.854091696762859;22;3.66350285320285;1;0;3;4;6;2;25;10;1;4;6;4;15;5;0;6;22;-9.58565805499974;4;8;0;6;0;6;1;19;23;-3.587308483082352;0;5;25;1;11;12;4;5;6;3;22;-9.350739913168448;0;6;5;5;6;4;0;3;4;11;4;6;23;3.393492578825029;4;2;0;0;0;2;0;2;14;18;3;18;5;3;7;-7.279508601903622;0;4;6;22;6.945105059765922;3;4;14;4;5;3;0;20;-2.748115565306861;20;4.594253372334986;6;5;4;5;1;16;19;2;4;2;6;1;6;14;3;21;9.356815312735755;2;4;0;25;21;7.75724703552433;1;1;17;10;3;17;5;0;4;0;5;24;0;25;9;0;3;5;24;0;2;17;10;0;16;11
TRACK:1974;1;4;1;0;1;0;6;1;6;6;0;0;11;13;0;24;25;2;0;0;1;11;18;5;13;0;5;19;1;16;16;1;0;2;23;-2.2571701295058633;11;5;14;6;1;16;13;6;0;2;4;5;4;9;0;6;6;19;5;6;7;-8.027529548669474;6;1;4;2;7;0.07010987965106708;9;2;1;18;14;0;13;16;4;4;5;2;3;1;5;21;8.72293539427383;4;10;5;6;0;10;20;9.760890453417513;0;6;5;2;4;6;6;6;12;4;2;5;2;18;18;19;5;3;0;5;3;4;0;16;17;0;0;2;2;12;20;-7.142345868378386;2;13;22;7.201771128708472;4;1;23;1.9260129348463444;25;6;6;1;10;25;5;4;6;2;2;5;5;5;5;24;3;6;1;5;7;0.5327554097370673;4;8;5;3;2;6;2;19;23;-4.7855461444313185;6;6;19
TRACK:1975;1;4;3;5;2;3;6;2;5;4;4;6;15;1;3;2;3;19;6;22;-0.03499774720603632;3;5;4;11;4;4;3;6;1;16;13
TRACK:1976;8;7;6;4;2;0;4;3;6;1;6;6;11;23;3.4058139379531127;6;4;0;1;3;4;7;-1.796785627472408;2;4;25;1;24;15;3;3;0;24;18;5;3;2;6;6;4;4;10;1;2;4;3;14;2;5;8;3;20;9.74776600337508;1;1;5;12;3;25;5;2;12;15
TRACK:1977;8;7;0;4;4;0;1;4;4;5;5;5;8;5;1;4;1;0;15;23;9.010026579099339;4;21;7.603077435577408;2;3;1;21;0.8741299139996013;20;-9.727771496719013;1;5;25;4;8;0;1;6;5;3;1;7;1.1694286702868357;22;4.9607544345329515;5;3;5;4;22;9.67370061750217;0;4;1;6;4;8;6;1;24;12;1;1;6;1;9;8;1;6;21;-8.244041740037652;3;7;-8.343934600877203;6;5;3;25;6;3;5;1;6;2;1;1;4;25;1;19;10;6;3;9;1;2;0;16;20;-8.356452856661015;4;19;2;2;16;15;1;17;20;-4.716407496205484;3;0;0;0;4;10;4;16;4;1;23;3.4058139379531127;12;3;0;2;23;7.997450742602297;20;4.678946297741202;1;21;8.169859715769505;11
TRACK:1978;5;2;1;5;3;1;0;4;5;1;2;3;9;5;23;7.309737645474968;1;6;7;0.3218028824642367;3;11;4;6;6;1;6;16;2;7;-5.854091696762859;22;3.66350285320285;1;0;3;4;6;2;25;10;1;4;6;4;15;5;0;6;22;-9.58565805499974;4;8;0;6;0;6;1;19;23;-3.587308483082352;0;5;25;1;11;12;4;5;6;3;22;-9.350739913168448;0;6;5;5;6;4;0;3;4;11;4;6;23;3.393492578825029;4;2;0;0;0;2;0;2;14;18;3;18;5;25;0;4;6;22;6.945105059765922;3;4;14;4;5;3;0;20;-2.748115565306861;20;4.594253372334986;6;5;4;5;1;16;19;2;4;2;6;1;6;14;3;21;9.356815312735755;2;4;0;25;21;7.75724703552433;1;1;17;10;3;17;5;0;4;0;5;24;0;25;9;0;3;5;24;0;2;17;10;0;16;11
TRACK:1979;5;2;4;1;4;3;0;2;2;1;1;2;19;20;-4.142185303395147;0;8;23;-1.4602899930131628;1;3;19;6;16;1;5;0;18;10;5;1;18;21;-9.826680263377368;2;3;6;0;13;17;4;4;1;25;9;5;6;1;4;6;22;-2.0582719638834;2;1;22;2.6848393667379593;17;4;8;6;2;6;3;0;1;2;1;19;12;3;14;1;3;9;1;7;-7.3461643690864475;14;3;3;3;25;5;6;3;6;5;4;25
TRACK:1980;1970;-1;0;4;4;0;1;4;4;5;5;5;8;5;1;4;1;0;15;23;8.894414642540726;4;21;7.617171915618442;2;3;1;21;0.7902636436719901;20;-9.747436032266874;1;5;25;4;8;0;1;6;5;3;1;7;1.1220433852158471;22;5.011318864142929;5;3;5;4;22;9.735984077674395;0;4;1;5;5;18;6;1;24;12;1;1;6;1;9;8;1;6;21;-8.345989349796437;3;7;-8.328519288763609;6;5;3;25;6;3;15
TRACK:1981;0;-1;4;6;3;1;5;6;6;6;1;2;15;15;6;17;1;1;4;6;5;4;16;2;3;2;10;18;3;1;1;13;15;6;25;6;6;4;5;3;19
TRACK:1982;1974;-1;1;0;1;0;6;1;6;6;0;0;11;13;0;24;25;2;0;0;1;11;18;5;13;0;5;19;1;16;16;1;0;2;23;-2.285832487569245;11;5;14;6;1;16;13;6;0;2;4;5;4;9;0;6;6;19;5;6;7;-7.986327591708028;6;1;4;2;7;0.16782363681334947;9;2;1;18;14;0;13;16;4;4;5;2;3;1;5;21;8.755942604104778;4;10;5;6;0;10;20;9.752104669409338;0;6;5;2;4;6;6;6;12;4;2;5;2;18;18;19;5;3;0;5;3;4;0;16;17;0;0;2;2;12;20;-7.261362479413867;2;13;22;7.2875456286797675;4;1;23;1.8602210117217428;25;6;6;1;10;25;5;4;6;2;2;5;5;5;5;24;3;6;1;5;7;0.5454530240004837;4;8;5;3;2;6;2;19;22;9.614220105403312;6;6;19
TRACK:1983;1976;-1;6;6;1;5;5;5;4;4;5;5;8;0;0;0;0;0;4;1;24;20;-7.444950136470776;3;1;21;-2.6005149294671774;22;1.4795185567816809;2;6;6;12;4;2;18;25;4;4;5;0;22;-4.644345657478439;16;5;3;6;6;6;20;-2.6432209207381145;2;0;3;0;5;6;22;9.340656394567347;4;6;24;0;4;3;5;22;-6.840062079678402;0;2;3;11;6;10;1;2;16;19;1;23;-6.631893303552394;25;4;5;5;4;5;18
TRACK:1984;1978;-1;1;5;3;1;0;4;5;1;2;3;9;5;23;7.4617960065634605;1;6;7;0.5138996241701821;3;11;4;6;6;1;6;16;2;7;-5.723501646479255;22;3.774666273276549;1;0;3;4;6;2;25;10;1;4;6;4;15;5;0;6;22;-9.468900323292283;4;8;0;6;0;6;1;19;23;-3.771336279777545;0;5;25;1;11;12;4;5;6;3;22;-9.356657029197953;0;6;5;5;6;4;0;3;4;11;4;6;23;3.2394185361515033;4;2;0;0;0;2;0;2;14;18;3;18;5;25;0;4;6;22;6.910763284409092;3;4;14;4;5;3;0;20;-2.6290739937878933;20;4.524196662150038;6;5;4;5;1;16;19;2;4;2;6;1;6;14;3;21;9.224092303353748;2;4;0;25;21;7.793600838301143;1;1;17;10;3;14;5;0;4;0;5;24;0;25;9;0;3;5;24;0;2;17;10;0;16;11
TRACK:1985;1971;-1;6;4;2;0;4;3;6;1;6;6;11;1;1;23;-6.177613161394774;8;0;23;-6.5878186095187505;22;-2.5087020856327875;6;4;0;1;3;4;7;-1.7531955477054566;2;4;25;1;24;15;3;3;0;24;18;5;3;2;6;6;4;4;10;1;2;4;3;14;2;5;9;3;20;9.757470847739224;1;1;5;12;3;25;5;2;12;15
TRACK:1986;5;-1;1;5;3;1;0;4;5;1;2;3;9;5;23;7.376827932884879;1;6;7;0.2454470581139414;3;11;4;6;6;1;6;16;2;7;-5.815470682399489;22;3.446750710787271;1;0;3;4;6;2;25;10;1;4;6;4;15;5;0;6;22;-9.51969798356382;4;8;0;6;0;6;1;19;23;-3.7461959782985574;0;5;25;1;11;12;4;5;6;3;22;-9.463623380520335;3;2;3;0;4;3;2;2;21;4.017188913494277;22;1.7128057733397704;4;13;2;2;5;2;13;23;7.693164429047595;2;2;11;14;5;25;5;2;2;25;10;5;23;-9.777439255224667;6;6;5;6;3;4;7;-5.710795678726739
TRACK:1987;1975;-1;3;5;2;3;6;2;5;4;4;6;15;1;3;2;3;19;6;22;-0.10273167260883652;3;5;4;11;4;4;3;6;1;16;13
TRACK:1988;1977;-1;0;4;4;0;1;4;4;5;5;5;8;5;1;4;1;0;15;23;9.021136321843487;4;21;7.523821350612623;2;3;1;21;0.9571035224342934;20;-9.832295315171615;1;5;25;4;8;0;1;6;5;3;1;7;1.3187608914728677;22;5.149221600067851;5;3;5;4;22;9.597023065297183;0;4;1;6;4;8;6;1;24;12;1;1;6;1;9;8;1;6;21;-8.244436351698404;3;7;-8.18315710593088;6;5;3;25;6;3;5;1;6;2;1;1;4;25;1;19;10;6;3;9;1;2;0;16;20;-8.435930740421277;4;19;5;6;15;3;0;0;0;4;10;4;16;4;1;23;3.4689714539099445;12;3;0;2;23;7.968275170304474;20;4.611812562079556;1;21;8.194228335034563;11
TRACK:1989;1979;-1;4;1;4;3;0;2;2;1;1;2;19;20;-4.289269749582502;0;8;23;-1.4596781542856945;1;3;19;6;16;1;5;0;18;10;5;1;18;21;-9.811147189262156;2;3;6;3;15;4;4;1;25;9;5;6;1;4;6;22;-1.9319246494499054;2;1;22;2.714593445040745;17;4;8;6;2;6;3;0;1;2;1;19;12;3;14;1;3;9;1;7;-7.333521811275345;14;3;3;3;25;5;6;3;6;5;4;25
EVAL_INSTANCE:99:0:1980
EVAL_INSTANCE:99:1:1981
EVAL_INSTANCE:99:2:1982
EVAL_INSTANCE:99:3:1983
EVAL_INSTANCE:99:4:1984
EVAL_INSTANCE:99:5:1985
EVAL_INSTANCE:99:6:1986
EVAL_INSTANCE:99:7:1987
EVAL_INSTANCE:99:8:1988
EVAL_INSTANCE:99:9:1989
RUN_RESULT:99:0:0:2000:----
RUN_RESULT:99:1:0:2000:----
RUN_RESULT:99:2:0:2000:----
RUN_RESULT:99:3:0:2000:----
RUN_RESULT:99:4:0:2000:----
RUN_RESULT:99:5:0:2000:----
RUN_RESULT:99:6:0:2000:----
RUN_RESULT:99:7:0:2000:----
RUN_RESULT:99:8:0:2000:----
RUN_RESULT:99:9:0:2000:----
   100 |     1000 |  0.000000E+00 | -0.000000E+00
TRAINING ON LEVEL:25
of 184 levels
---LEVEL STRING---
_________________
_....gg.....l..._
_....gg.....l..._
_....gg.....l..._
_.b..gg.....l..._
_....gg.....l..._
_....gg.....l..._
_....gg.....l..._
_....gg.B12.l..f_
_....gg.....l..._
_K...gg.....l..._
_B12.gg..k..l..._
_....gg.....l..._
_....gg.....l..._
_....gg.G10.l..._
_....gg.....l..._
_....gg.....lF13_
_....gg.....l..._
_....gg.....lL14_
_________________
---LEVEL STRING---
training done.
The time of execution is: 19906.27299594879 s

TRAINING DONE


-----!!!NEW PROBLEM!!!-----


START TESTING

LEVEL:0:______\n_K.2._\n_kSF._\n_bB1._\n_..fR_\n_1..._\n_3.r._\n_251O_\n_s.31_\n_o..2_\n______
LEVEL:1:________\n_......_\n_......_\n_.Sb.s._\n_.1..s._\n_.4b..1_\n_B12..3_\n_......_\n________
LEVEL:2:____________\n_.........._\n_.r....f..._\n_.....bssss_\n_.R.......F_\n_B1..f..b.1_\n_AO........_\n_.rssssssss_\n_.........F_\n_ss...R...1_\n_....B12W.3_\n_oS14...1.._\n____________
LEVEL:3:__________\n_F13....G_\n_..R15a.1_\n_.......0_\n_a.A.b.a._\n_....a..._\n_B....ggg_\n_1.a.ag.a_\n_2....g.f_\n__________
LEVEL:4:__________\n_.....B12_\n_.W......_\n_.1wwwww._\n_.6wf..w._\n_..w..kw._\n_F.wwwww._\n_1......._\n_3...bK17_\n__________
LEVEL:5:_________\n_....B18_\n_......._\n_...R..._\n_...1..._\n_...3..._\n_......._\n_....B12_\n_......._\n_.b..R.._\n_....1.._\n_r...9.._\n_......._\n_________
LEVEL:6:____________\n_G13wwwwK14_\n_w.o.okofow_\n_wo.o.o.o.w_\n_wko.o.o.ow_\n_wggggggggw_\n_w.o.o.o.ow_\n_wo.o.o.okw_\n_w.o.o.o.ow_\n_wo.obo.o.w_\n_K17wwwwB12_\n____________
LEVEL:7:____________\n_F13wwwwK14_\n_w.o.okofow_\n_wo.oko.o.w_\n_wko.o.o.ow_\n_wo.o.o.okw_\n_wko.o.o.ow_\n_wo.o.o.okw_\n_wko.o.o.ow_\n_wo.obo.o.w_\n_K17wwwwB12_\n____________
LEVEL:8:__________\n_B12....F_\n_1......1_\n_9lllL.f3_\n_..rl1..._\n_...l8..._\n_...lllll_\n_.br....._\n_....R15._\n__________
LEVEL:9:___________\n_rg9SkofVr_\n_GF.6WOV0A_\n_Fw0.3o6AB_\n_A5W..5A2l_\n_.WO5KlF.1_\n_441934sR2_\n_vF38vVb.k_\n_W4bAS.K1K_\n_kO9.W..21_\n_0Ba4o3.L2_\n_w9G.SG99v_\n_g9Br5Kkbk_\n_.l7RRG6r3_\n_LFffV..Gv_\n_ga8.ro1wr_\n_VWV7R..3._\n___________
LEVEL:10:__________\n_........_\n_....V12._\n_........_\n_...v...._\n_F.v.v..._\n_1..v...._\n_3......._\n_....f..._\n__________
LEVEL:11:__________\n_b....Vwv_\n_.....1ww_\n_.....3.._\n_........_\n_........_\n_.....BW._\n_.....11._\n_.....26._\n__________
LEVEL:12:__________\n_...K..3._\n_.f.k...._\n_kkkk...._\n_...kgkkk_\n_........_\n_G10...b._\n_.....B12_\n_K14..F13_\n__________
LEVEL:13:__________\n_..Bwwlll_\n_b.1wwlll_\n_..2wwlll_\n_...wwlll_\n_...wwlll_\n_W16....._\n_....F13._\n_s...wwwf_\n__________
LEVEL:14:__________\n_G10gl.f._\n_.aagl.l._\n_.R.gg.ll_\n_.b..gggl_\n_...a...a_\n_..r....5_\n_B12.1..._\n_F13a.L16_\n__________
LEVEL:15:__________\n_bW12..Fr_\n_........_\n_w.w.w..S_\n_.s...s.1_\n_..w.www4_\n_B.3s1..._\n_1.w.w..._\n_2.....Rf_\n__________
LEVEL:16:__________\n_bW12..Fr_\n_........_\n_w.w.w..S_\n_.s...s.1_\n_..w.www4_\n_B.3s1..S_\n_1.w.w..._\n_2.....Rf_\n__________
LEVEL:17:__________\n_.f......_\n_.......3_\n_kkkkgkkk_\n_...g.g.._\n_K14k.k.._\n_...k.kkk_\n_B12k..b._\n_F13....._\n__________
LEVEL:18:____________________\n_B.S14.O16.R15.B12._\n_1.F13.G16.V17....._\n_.Sv..............._\n_Rggggggggggggggggg_\n_1ggggggggggggggggg_\n_.F......gggggggggg_\n_ooo.......gggggggg_\n_wwwoo.......gggggg_\n_wwwwwoo.......gggg_\n_wwwwwwwoo..r......_\n_wwwwwwwwwoo.b....._\n_wwwwwwwwwwwooaaaaa_\n____________________
LEVEL:19:_________________\n_F13w.f.w.a...rw_\n_.a.wa...b.a.a.w_\n_wwrwwwww..wwwww_\n_...a...a....a.._\n_wwwwww.wwwwwwww_\n_.a.........ar.._\n_www.wwwwwwwwwww_\n_.a...a......ba._\n_..b......a....._\n_wwwwwwwwww.war._\n_k...a.....awwww_\n_wwwwwwwwwwwwB14_\n_R16wW16wK12wB17_\n_________________
LEVEL:20:__________\n_...s.V12_\n_v..s...._\n_..sssfss_\n_..s..s.._\n_F..s..s._\n_1.....s._\n_3..S14.._\n_........_\n__________
LEVEL:21:____________________\n_.Laallgg.......BG._\n_.1aallgg.......11._\n_.8aallgg.......90._\n_..aallgg.........._\n_..9allgg.......v.._\n_..aallgg.......V.._\n_b.2allgg.......1.._\n_llllllgg.......3.._\n_llllllgg.........._\n_gggggggg.........._\n_gggggggg.......B12_\n____________________
LEVEL:22:__________\n_........_\n_...b...._\n_........_\n_F......._\n_1.B.f..._\n_3.1....._\n_..2....._\n_........_\n__________
LEVEL:23:__________\n_........_\n_B...b..._\n_1......._\n_2......._\n_........_\n_..3...f._\n_F1....f._\n_........_\n__________
LEVEL:24:__________\n_S13....._\n_.......f_\n_...r...3_\n_........_\n_........_\n_F14..R12_\n_........_\n_......s._\n__________
LEVEL:25:_________________\n_....gg.....l..._\n_....gg.....l..._\n_....gg.....l..._\n_.b..gg.....l..._\n_....gg.....l..._\n_....gg.....l..._\n_....gg.....l..._\n_....gg.B12.l..f_\n_....gg.....l..._\n_K...gg.....l..._\n_B12.gg..k..l..._\n_....gg.....l..._\n_....gg.....l..._\n_....gg.G10.l..._\n_....gg.....l..._\n_....gg.....lF13_\n_....gg.....l..._\n_....gg.....lL14_\n_________________
LEVEL:26:__________\n_.ssss.s._\n_..ss.fv._\n_...as.v._\n_.F12.A.._\n_.....1.._\n_.....3.._\n_.ggg...._\n_.s......_\n__________
LEVEL:27:__________\n_glF13S12_\n_gksgggVV_\n_ggrrrrV2_\n_vggkgkVr_\n_vvgvvvVr_\n_vvvvvlVl_\n_vvvvvlVl_\n_vvvvl.fl_\n__________
LEVEL:28:__________\n_B12..VGF_\n_S.....1._\n_1.b.s35f_\n_4...sss._\n_........_\n_gggggggg_\n_...vv..._\n_........_\n__________
LEVEL:29:__________\n_V.2a..12_\n_B12avF.._\n_bv.a...._\n_aaaaaaaa_\n_...a...._\n_..2a.A.._\n_A16a1..._\n_.1.a2f3._\n__________
LEVEL:30:__________\n_K17....._\n_......O._\n_k.vwww.._\n_...wow.k_\n_...www.._\n_KV..W16._\n_11.O1.3._\n_42..k..._\n__________
LEVEL:31:___________________\n_B12w...ag...wG10._\n_wwww...gg...wW16._\n_..13...ga...wwwww_\n_.V15..agga......._\n_.R...araga.a....._\n_.....a.ggaaa....._\n_ggggggggaaaav...._\n_.v....agga......._\n_....b..aga......._\n_......agga......._\n___________________
LEVEL:32:__________\n_b.....f._\n_.....V12_\n_........_\n_F13....._\n_........_\n_........_\n_....v..._\n_........_\n__________
LEVEL:33:__________\n_........_\n_...bV12._\n_........_\n_........_\n_.B13...._\n_........_\n_........_\n_...vv..._\n__________
LEVEL:34:__________\n_...V13.._\n_v......._\n_........_\n_......b._\n_....B12._\n_........_\n_..V15..._\n_........_\n__________
LEVEL:35:__________\n_..F1.3.._\n_llllllll_\n_..L14..._\n_........_\n_........_\n_........_\n_........_\n_bB12...f_\n__________
LEVEL:36:__________\n_B12.F13._\n_........_\n_...sss.._\n_.b.sfs.._\n_...s...._\n_...s...._\n_........_\n_........_\n__________
LEVEL:37:__________\n_s..S..a._\n_k.o....l_\n_.g....b._\n_L.g..b.w_\n_g.s..fs._\n_....B..l_\n_b...1r.._\n_G13.2b.._\n__________
LEVEL:38:__________\n_.Rrbll.f_\n_L18.lll._\n_.5..ll.r_\n_..r.ll.1_\n_..r.ll.l_\n_.F..ll.B_\n_B19.ll.1_\n_r3r....2_\n__________
LEVEL:39:__________\n_A.2...bg_\n_1.G.3.a._\n_wwg1W16._\n_..12B12b_\n_........_\n_........_\n_........_\n_........_\n__________
LEVEL:40:__________\n_b..lsllf_\n_...lslll_\n_.S.lslll_\n_L18lslll_\n_.6.ls..._\n_F......._\n_1......._\n_3.B12..._\n__________
LEVEL:41:____________________\n_llllllff........L._\n_lgggglff........1._\n_lbggglff........5._\n_lg..glff.........._\n_lG15glff.........._\n_llllllff.........._\n_ffffwww..........._\n_ffff.............._\n_.................._\n_.........F.3......_\n_..B12.....1......._\n_.................._\n_.........k........_\n_....K12..........._\n_.................._\n_.................._\n_................7._\n_.................._\n____________________
LEVEL:42:__________\n_f.k.k.kk_\n_.B12F13._\n_k......k_\n_...b...._\n_k......k_\n_........_\n_k......k_\n_.K14K17._\n__________
LEVEL:43:__________\n_ffffffff_\n_W16....._\n_Bk......_\n_1.k...k._\n_2...k..._\n_w..wwwww_\n_...k...._\n_Kk.....k_\n_1k...k.._\n_7......._\n_w..wwwww_\n_........_\n_F13...k._\n_K..k...._\n_1......._\n_4...kk.b_\n__________
LEVEL:44:__________\n_FWwwwwww_\n_11wb.fww_\n_36wwwwww_\n_G10wgkww_\n_wwwwwwww_\n_wBKwwwww_\n_w11wwwww_\n_b2.kwwww_\n__________
LEVEL:45:___________\n_.F.w..V.._\n_o1.w.o1.._\n_.4.w.o2.o_\n_wwww.o..._\n_.ov...oWw_\n_.ov.o..1w_\n_..o.O186w_\n_foo..wF13_\n___________
LEVEL:46:____________________\n_W........wwwwwwwww_\n_1wwwwwwwww......Kw_\n_6wK17ooowwR1.O.81w_\n_Kwkooo3oww..3.1.9w_\n_1wkoooooww.......w_\n_4wo1kbkowwaaaaw.ww_\n_Awooooooww.....ww._\n_1woooooowwb..w..w._\n_9wwwwwwwwww.sw.ww._\n_Awwwwwwwwwwwlwwww._\n_1wb.....ww......w._\n_4wwwww.www.b.R..w._\n_Sw......ww.r.1..w._\n_1ww.wwwwww...5L.w._\n_4wrrrrrrww....1.w._\n_Bwrrfrrrww....8.w._\n_1wwwwwwwwwwwwwwww._\n_9R19F13L18R14B12.._\n____________________
LEVEL:47:______\n_fr.b_\n_F13w_\n_gggg_\n_wwww_\n_F17w_\n_R15w_\n_G10W_\n_B121_\n_W16W_\n______
LEVEL:48:__________\n_WSLlllll_\n_111llllk_\n_556llK12_\n_lllllB17_\n_lllllK1._\n_lllkklll_\n_lllwwlll_\n_FllssllF_\n_1......1_\n_3......3_\n_f......f_\n_........_\n_........_\n_oooggooo_\n_..o..o.._\n_GBo..oOS_\n_11ob.o11_\n_89o..o58_\n__________
LEVEL:49:____________________\n_Wwvvvvvvvfvvvvvvvv_\n_1wvvvvvvv.vvvvvvvv_\n_6wvvvvvvv.vvvvvvvv_\n_Fwvvvvvvv.vvvvvvvv_\n_1wvvvvvvv.vvvvvvvv_\n_3wvvvvvvvvvvvvvvvv_\n_Vwvvvvvvvvvvvvvvvv_\n_1wvvvvvvvvvvvvvvvv_\n_4wvvvvvvvvvvvvvvvv_\n_wwvvvvvvvvvvvvvvvv_\n_..............s..._\n_......r.r.....sS.._\n_...b..rrr.....s1.._\n_..B12..R......s4.._\n_.......1......s..._\n_.......5..O1O.s..._\n_..............w..._\n_..............w..._\n____________________
LEVEL:50:_______\n_bB12._\n_...F._\n_.fR15_\n_...3._\n_.r..._\n_______
LEVEL:51:________\n_rrrrrr_\n_rrrrrr_\n_rrbrrr_\n_rr.rRr_\n_r..B12_\n_r.3.6._\n________
LEVEL:52:____________\n_v......V12_\n_...f.....F_\n_.R.....b.1_\n_B12......3_\n_...S.S14.._\n____________
LEVEL:53:__________\n_bB1...2._\n_..fR1SF._\n_1...31s._\n_3.r..2.1_\n__________
LEVEL:54:_________\n_......._\n_....b.._\n_....s.._\n_......F_\n_.B12..1_\n_......3_\n_...S121_\n_________
LEVEL:55:____________\n_.........._\n_.b..S....._\n_.....712.._\n_.....O...._\n_.B........_\n_...b.....F_\n_.........1_\n_GokK12...3_\n_V......B1._\n_r........R_\n____________
LEVEL:56:________\n_......_\n_.b...._\n_......_\n_......_\n_.S...._\n_.1...._\n_.BB123_\n_.s...3_\n________
LEVEL:57:____________\n_B1.B.....B_\n_R1.......1_\n_..5....S12_\n_.........._\n_.r.....b.._\n_...L......_\n_......1..F_\n_..f......1_\n_......s..4_\n_F13......._\n____________
LEVEL:58:_______\n_F.B12_\n_1b..._\n_3...f_\n_..k.._\n_K17.._\n_______
LEVEL:59:____________\n_B12w.....S_\n_K12w.....1_\n_F16w....7._\n_wwww......_\n_G1........_\n_1.....s..._\n_.0.3.sbs.._\n_g.....s..g_\n_gg......gg_\n_ggg....ggg_\n____________
LEVEL:60:____________\n_B12......S_\n_Br.......1_\n_R..f.....F_\n_.........1_\n_G1.......3_\n_1.....s.f._\n_.0.3.sbs.F_\n_g.....s..g_\n_gg..13..gg_\n_ggg....ggg_\n____________
LEVEL:61:_________\n_.....B8_\n_......._\n_...R..._\n_..o1..._\n_......._\n_....B.._\n_......._\n_....rs._\n_..1SF.._\n_fB31s.._\n_F112o.._\n_......._\n_________
LEVEL:62:________\n_......_\n_......_\n_......_\n_......_\n_......_\n_......_\n_..B..._\n_..1..._\n_..2F13_\n_..b..._\n_......_\n_......_\n_f.F15._\n_......_\n_......_\n________
LEVEL:63:_____________\n_.....2....._\n_.b...F....._\n_....w.712.._\n_.B....O...._\n_....S.....F_\n_........S.1_\n_.....K12..._\n_.b.W......._\n_........s.._\n_.....B12s3k_\n_..........k_\n_____________
LEVEL:64:_________\n_Fw.f.wB_\n_1w...w1_\n_3wwwww2_\n_......._\n_..W16.._\n_......._\n_...b..._\n_________
LEVEL:65:____________\n_B13......F_\n_....f....1_\n_rrrR1Rrrr2_\n_........b._\n____________
LEVEL:66:____________\n_F13wwwwK14_\n_w.o.okofow_\n_wo.o.o.o.w_\n_wko.o.o.ow_\n_wo.o.o.o.w_\n_w.o.o.o.ow_\n_wo.o.o.okw_\n_w.o.o.o.ow_\n_wo.obo.o.w_\n_K17wwwwB12_\n____________
LEVEL:67:____________\n_.........._\n_llllllll.._\n_.....r...._\n_.........._\n_..b..r...._\n_.........._\n_gggggggg.._\n_W13..G17.._\n_.........._\n_B12......._\n____________
LEVEL:68:___________\n_B12w....._\n_wwww.brk._\n_.R......._\n_........._\n_ggggggggg_\n_.1......._\n_.5......._\n_........._\n_.K......._\n_........._\n_ggggggggg_\n_........._\n_......ooo_\n_wwww..ofo_\n_W16w..ooo_\n_G10w..F13_\n___________
LEVEL:69:__________\n_k....b.._\n_w....o.o_\n_sB123ggg_\n_.fR.oo.o_\n_.....bg._\n_.r..f..._\n_.s.bs..k_\n_..sg.www_\n__________
LEVEL:70:__________\n_...12..._\n_...r.ooo_\n_2...B11O_\n_......31_\n_s2.3...2_\n_........_\n_..R1..F1_\n_.....S14_\n__________
LEVEL:71:_______________\n_.l..gL16g..l._\n_.l..ggggg..l._\n_............._\n_............._\n_..l.......l.._\n_..l.......l.._\n_3....G10....3_\n_..l.......l.._\n_..l.......l.._\n_............._\n_............._\n_.l..ggggg..l._\n_.l..gL12g..l._\n_______________
LEVEL:72:__________\n_.kSFr..._\n_vbR1Sbb._\n_g..31skB_\n_r...2so8_\n_bss...a4_\n_FR...aa._\n_S1o....w_\n_W6R11oof_\n__________
LEVEL:73:__________\n_........_\n_....V12._\n_........_\n_........_\n_F.v.v..._\n_1..v...._\n_3......._\n_....f..._\n__________
LEVEL:74:__________\n_........_\n_....V12._\n_..v.v..._\n_..vvv..._\n_F.v.v..._\n_1..v...._\n_3......._\n_....f..._\n__________
LEVEL:75:__________\n_.....B12_\n_.W.14..._\n_.1wwwww._\n_.6wf..w._\n_..w..kw._\n_F.wwwww._\n_1......._\n_3...bK17_\n__________
LEVEL:76:____________\n_K..w.kwK14_\n_1...okkfow_\n_7...B12o.w_\n_s.k......._\n_.....R...._\n_w.www..W16_\n_w........._\n_..b...r..k_\n_w........._\n_..kwwwF13._\n____________
LEVEL:77:____________\n_K.kw.kwK14_\n_1...okkfo._\n_7.o.A12o.w_\n_s.2..r.o.._\n_.....R...._\n_w.www..W16_\n_w...o..o.._\n_..b...rbak_\n_w...5...o._\n_b.fwwwF13._\n____________
LEVEL:78:__________\n_...12..._\n_...rg1.._\n_........_\n_.s..wk2g_\n_F12.V7f._\n_w.F.v..._\n_3R25K..._\n_..v....._\n__________
LEVEL:79:__________\n_W16..R15_\n_.....R13_\n_..R....._\n_B1B12.ww_\n_......wr_\n_......ww_\n_........_\n_b....R19_\n__________
LEVEL:80:__________\n_W16..R15_\n_.....R13_\n_..R....._\n_B1B12.ww_\n_......wr_\n_......ww_\n_...R...._\n_bB1..R19_\n__________
LEVEL:81:__________\n_B1B....f_\n_1......._\n_2......._\n_........_\n_........_\n_.......F_\n_.......1_\n_b......3_\n__________
LEVEL:82:__________\n_V1V....B_\n_.......1_\n_V1.....2_\n_..F....._\n_........_\n_........_\n_........_\n_bv....7F_\n_.......1_\n_.......3_\n_wwwwwwww_\n_.v....W._\n_......1._\n_f.....6._\n__________
LEVEL:83:__________\n_B12..F13_\n_........_\n_........_\n_........_\n_.b....f._\n_........_\n_........_\n_........_\n__________
LEVEL:84:__________\n_.K14.B12_\n_.fow...._\n_2o.w...3_\n_..1.W..w_\n_..4...k._\n_....rr.._\n_........_\n_....bK17_\n__________
LEVEL:85:__________\n_l......._\n_...b...._\n_L1B....._\n_..1....._\n_..2F...._\n_.b.bB1Br_\n_........_\n_.f....13_\n__________
LEVEL:86:__________\n_bF132..G_\n_....g1.1_\n_..B12AO._\n_.RF13wwr_\n_a12....._\n_o.....WF_\n_......F1_\n_.....f.._\n__________
LEVEL:87:__________\n_W16w..s._\n_...wF..._\n_...w1..._\n_...w3..._\n_r..w...._\n_...wR.b._\n_S14wB12._\n_.1Fw...r_\n__________
LEVEL:88:__________\n_W16w..s._\n_.14wF..._\n_F..w1..._\n_...w3..._\n_..rw...._\n_...wR.b._\n_S14wB12._\n_.1Fw...r_\n__________
LEVEL:89:__________\n_........_\n_WW..W16._\n_11b.B12._\n_9W......_\n_........_\n_FL...www_\n_11...wll_\n_38...wlf_\n__________
LEVEL:90:________________\n_K17..........._\n_1....3........_\n_.4w.k...Ww...._\n_..l.....1....._\n_..lw.k.76Ww..._\n_..l..........._\n_lllllllll....._\n_......ll......_\n_.............._\n_b............._\n_L14........B12_\n________________
LEVEL:91:__________\n_...K.3.._\n_.f.k...._\n_kkkk...._\n_...kgkkk_\n_........_\n_G10...b._\n_.....B12_\n_K14..F13_\n__________
LEVEL:92:__________\n_.....b.s_\n_FBs....s_\n_f13....s_\n_.2..rrrr_\n_...r...._\n_...r.RF._\n_...r.11._\n_S14r.5.._\n__________
LEVEL:93:__________\n_.B1..ww._\n_s..S...f_\n_.w1ww4.._\n_.w.SF..1_\n_1.4.Bw.4_\n_3bww3w.._\n_.......s_\n_.W12.s.._\n__________
LEVEL:94:__________\n_........_\n_B12....._\n_S16....._\n_K13.b..._\n_G16....._\n_F16..v.v_\n_.....vsv_\n_V16..vkf_\n__________
LEVEL:95:___________\n_s...f...s_\n_.k.....k._\n_..k...k.._\n_...k.k..._\n_....k...._\n_....S14.._\n_........._\n_K17...K14_\n_B12.b.F13_\n___________
LEVEL:96:__________\n_.B1.sF13_\n_S142s..._\n_...fs..._\n_sssss..._\n_........_\n_.....17._\n_.B12..b._\n_........_\n__________
LEVEL:97:_________\n_....F13_\n_......._\n_..K...._\n_..1...._\n_.f2...._\n_......._\n_k......_\n_________
LEVEL:98:__________\n_........_\n_...F13.._\n_........_\n_.......v_\n_B.....a._\n_1......._\n_2..O...._\n_..k.fb.S_\n__________
LEVEL:99:__________\n_B12.gggf_\n_F13agggg_\n_R15.gggg_\n_G10.gggg_\n_.a......_\n_..r..rr._\n_..rrrrrr_\n_b..rr..._\n__________
LEVEL:100:__________\n_........_\n_........_\n_.B...k.._\n_1......._\n_wwwvwwww_\n_.b......_\n_........_\n_.....3.._\n_...K...._\n_....1..._\n_..7....._\n_........_\n_.......V_\n_.......1_\n_B12..W14_\n__________
LEVEL:101:__________\n_....B12b_\n_....b..._\n_.......F_\n_...1...1_\n_......12_\n_........_\n_gb...f.._\n_g......._\n_g1..Rr.._\n_gfRf12.k_\n_G.f36..._\n_.b.15..F_\n_G.f....1_\n_.......4_\n_K13....._\n__________
LEVEL:102:__________\n_........_\n_........_\n_.bf....._\n_......B._\n_......1._\n_.F13..2._\n_........_\n_........_\n__________
LEVEL:103:___________\n_oLoLBLoLo_\n_o1o111o1o_\n_w8w828w8w_\n_ooo131ooo_\n_L18oboooo_\n_oooowoOoo_\n_L18oWoL18_\n_oooo1oooo_\n_L14o6oo1L_\n___________
LEVEL:104:_______________\n_B12wwW16.F.13_\n_K14ww.......k_\n_1bG.w.....k.._\n_7.1ww.w.....k_\n_f.4ww.....k.._\n_gggww..k....._\n_gggwwk......._\n_gggww..k....._\n_gggwwk......._\n_k..www..k...k_\n_..k..www..k.._\n_k......w...kw_\n_wwwwww...wwww_\n_______________
LEVEL:105:___________\n_B19L18F13_\n_1wwwwwwwW_\n_2w..b..w1_\n_ww.....w6_\n_..A....wA_\n_a.1.a..w1_\n_...5...w9_\n_.llllllll_\n_.llllllll_\n_.....l..._\n_.V1.vl.f._\n_.1...l..._\n_..2.lllll_\n___________
LEVEL:106:__________\n_.f......_\n_........_\n_kkkkkgkk_\n_B12....._\n_........_\n_G10....._\n_..F13..._\n_......b._\n__________
LEVEL:107:__________\n_.....L14_\n_.llK14wF_\n_.Wrb...1_\n_.ww....3_\n_.ww....._\n_.R1....._\n_........_\n_.1F..B12_\n__________
LEVEL:108:__________\n_b....V.B_\n_.....1.1_\n_..3..9.2_\n_.F...s.._\n_S14sss.._\n_........_\n_........_\n_....f..k_\n__________
LEVEL:109:______________\n_l.bFk...l..._\n_l.B12...l..._\n_l.k42....l.._\n_ll...R..rl2._\n_.1l......l.._\n_..llKl.lll.._\n_.k..1......._\n_....8.f..4.._\n_..2........._\n_..F1.9..K12._\n_...3........_\n_............_\n______________
LEVEL:110:__________\n_B12...fO_\n_...3...._\n_.b......_\n_F......o_\n_1......l_\n_L1......_\n_3......._\n_........_\n__________
LEVEL:111:__________\n_.2......_\n_S..b...._\n_..B....._\n_ww1....._\n_W1......_\n_.F12ss.._\n_....B123_\n_.f.....3_\n__________
LEVEL:112:__________\n_b....F13_\n_l..W16.._\n_llwlllll_\n_.....V.._\n_gggG..12_\n_v.g1.L18_\n_f.g0...._\n_ggg..B12_\n__________
LEVEL:113:______\n_...._\n_.r.._\n_...f_\n_R12._\n_..F._\n_..1._\n_..3._\n_...._\n_...._\n______
LEVEL:114:___________\n_B12aab..._\n_.......A._\n_.......1._\n_F13....7._\n_ggggggggg_\n_ggwwwwwgg_\n_www.f.www_\n_W16.k.G14_\n___________
LEVEL:115:__________\n_........_\n_........_\n_..F12..._\n_........_\n_....31A._\n_fff....._\n_..f....._\n_a.f....._\n__________
LEVEL:116:__________\n_........_\n_.......o_\n_..f....._\n_........_\n_...K13.._\n_.r.g..B._\n_..w...1._\n_...b..2k_\n__________
LEVEL:117:__________\n_B1.awB12_\n_f.o..12._\n_b....rg1_\n_1......._\n_3..Rrr.5_\n_....r..l_\n_g7.w.Ar._\n_K2.k..or_\n__________
LEVEL:118:__________\n_B12..F13_\n_1......._\n_9......._\n_..rb.9.._\n_........_\n_..R..5.._\n_..1....v_\n_V18...vf_\n__________
LEVEL:119:__________\n_b......B_\n_..1.R..1_\n_.R...5.2_\n_........_\n_.0.rrr.._\n_gggggggg_\n_gg...G10_\n_fg...F13_\n__________
LEVEL:120:__________\n_........_\n_S12.B..._\n_S..1..2._\n_........_\n_K.....s._\n_...b...._\n_........_\n_3......._\n__________
LEVEL:121:__________\n_........_\n_.b......_\n_..B....._\n_..1....._\n_..2....._\n_..3....._\n_.Ss....._\n_........_\n__________
LEVEL:122:__________\n_b......._\n_........_\n_...f...._\n_B......._\n_1......._\n_2......._\n_l......._\n_ff.lF13._\n__________
LEVEL:123:__________\n_....B12._\n_....F13._\n_k.b....._\n_....K1.._\n_....fR.._\n_........_\n_........_\n_....r..._\n__________
LEVEL:124:__________\n_........_\n_...b...._\n_........_\n_........_\n_..B...F._\n_..1...1._\n_..2...3._\n_........_\n_........_\n_.......f_\n_........_\n__________
LEVEL:125:__________\n_........_\n_b......._\n_........_\n_...r...._\n_..R12..._\n_.....F.f_\n_.....1.._\n_.....3.._\n__________
LEVEL:126:__________\n_..B12..._\n_........_\n_....F..._\n_..fR15.._\n_b...3..._\n_........_\n_........_\n_..r....._\n__________
LEVEL:127:__________\n_F13....._\n_........_\n_........_\n_.b......_\n_........_\n_...B12.._\n_........_\n_f......._\n__________
LEVEL:128:__________\n_....LLLr_\n_1...LLL._\n_F......._\n_.......F_\n_.......1_\n_.......3_\n_..Rb...._\n_.....B12_\n__________
LEVEL:129:__________\n_......13_\n_..W16..._\n_...B1B.._\n_..B1...._\n_..12...._\n_wwb....._\n_........_\n_........_\n__________
LEVEL:130:_______________\n_......w......_\n_......r..R15._\n_..g.ggr.w...._\n_..g...r...w.._\n_g.rrr.rrk...._\n_.....rK14...._\n_.r.w...r..k.._\n_..r.w.r..ggrg_\n_.bwwwwr.W16r._\n_.wr.rrrwr..k._\n_.w...gw.r..k._\n_.w.f.g..r...._\n_.wr.....r...._\n_B12G10..r.F13_\n_______________
LEVEL:131:_______________\n_......w......_\n_......r..R15._\n_..g.ggr.w...._\n_..g...r...w3._\n_g.rrr.rrk...._\n_.....rK14...._\n_.r.w...r..k.._\n_..r.w.r..ggrg_\n_.bwwwwr.W16r._\n_.wr.rrrwr..k._\n_.w...gw.r..k._\n_.w.f.g..r...._\n_.wr.....r...._\n_B12G10..r.F13_\n_______________
LEVEL:132:__________\n_.......f_\n_........_\n_.k......_\n_..k....._\n_b..k...._\n_.....F13_\n_B12....._\n_........_\n__________
LEVEL:133:__________\n_........_\n_........_\n_llllllll_\n_L.....B._\n_1...b.1._\n_8.....9._\n_........_\n_B12..F13_\n__________
LEVEL:134:_______________\n_b........wF19_\n_G.R.B.R.SwV18_\n_1.R.1.1.1wV17_\n_6.R.2.5.6wF13_\n_...r.r...wW16_\n_.........wG1G_\n_....g....wS1S_\n_wwwwswwwwwwww_\n_vg..f..svw..._\n_______________
LEVEL:135:__________\n_......F._\n_f......o_\n_..b....f_\n_......R._\n_.r....11_\n_.1OB12.._\n_1..b...._\n_3......._\n__________
LEVEL:136:__________\n_........_\n_b.....b._\n_.....b.._\n_...r...._\n_..R12..._\n_.....F.f_\n_.b...1.._\n_.....3.._\n__________
LEVEL:137:__________\n_F13....._\n_........_\n_........_\n_.b......_\n_........_\n_.....B12_\n_........_\n_f......._\n__________
LEVEL:138:__________\n_......BF_\n_.b....11_\n_....R.23_\n_1..5.r.._\n_.....r.._\n_gggggggg_\n_gggggggg_\n_gggggfgg_\n__________
LEVEL:139:__________\n_V.2a..12_\n_B12avF.._\n_bv.a...._\n_aaaaaaaa_\n_...a...._\n_r.Ra.A.._\n_A16a1..._\n_A1032f3._\n__________
LEVEL:140:__________\n_F13....f_\n_....llV._\n_....ll1l_\n_....ll2l_\n_...lll.l_\n_...lllll_\n_.v......_\n_........_\n__________
LEVEL:141:__________\n_........_\n_F12....._\n_....3..._\n_....V1.._\n_........_\n_........_\n_...f.l.v_\n_.....l.._\n__________
LEVEL:142:__________\n_....w.b._\n_....w..w_\n_B13.w.ww_\n_........_\n_F12.fff._\n_........_\n_....W15._\n_........_\n__________
LEVEL:143:__________\n_G......._\n_1..L14.._\n_0......F_\n_.......1_\n_.b.....3_\n_ggg....._\n_llg.B12._\n_fl......_\n__________
LEVEL:144:__________\n_bB1...2._\n_..fR1SF._\n_1...31s._\n_3.s..2.1_\n__________
LEVEL:145:__________\n_......wf_\n_W15..w.._\n_.....w.w_\n_.B12w.w._\n_.....w.._\n_...b..ww_\n_F13...w._\n_......w._\n__________
LEVEL:146:____________\n_A18wa....._\n_B19ww..a.._\n_1ssswa..a._\n_2K13wV13a._\n_wwwww..a.._\n_aaaaa...a._\n_a....aaVav_\n_..aa.aa1av_\n_a.ba.a.8av_\n_aaaa...akv_\n____________
LEVEL:147:__________\n_...w..w._\n_..w.fw.._\n_V12..v.w_\n_....w.w._\n_..ww...w_\n_F13.w.v._\n_.b.v...._\n_....W15._\n__________
LEVEL:148:__________\n_.....w.._\n_F13v...._\n_..V1..w._\n_.b..2..._\n_.W15...w_\n_.w...w.._\n_....w..._\n_B12.w.f._\n__________
LEVEL:149:__________\n_fwwwwwGF_\n_ggwwww11_\n_ggrwww03_\n_g...wwwW_\n_r....ww1_\n_.W19.R16_\n_.O18.1ww_\n_bB12b5.w_\n__________
LEVEL:150:__________\n_.......4_\n_.b..v.gb_\n_..lBOrv._\n_O131..F._\n_.sf2..f._\n_..w...bl_\n_...g.v.._\n_A.of.f.9_\n__________
LEVEL:151:__________\n_.B......_\n_.1..F13O_\n_.2bR...._\n_........_\n_......a._\n_........_\n_........_\n_...f...._\n__________
LEVEL:152:____________________\n_BWw..............._\n_11w.....G10......._\n_26w..wwwwwwww....._\n_www..woooooow....._\n_.....wooR15ow....._\n_.....woooooow....._\n_.....woborrow....._\n_.....woooooow....._\n_..wwwwwggggwwwww.._\n_..w............w.._\n_..w............w.._\n_..w............w.._\n_..wggg.........w.._\n_..wggg.....F13.w.._\n_..wfgg.........w.._\n_..wwwwwwwwwwwwww.._\n_.................._\n_.................._\n____________________
LEVEL:153:__________\n_L1.....O_\n_1......1_\n_8......9_\n_........_\n_F15.V12._\n_w.l.Kv.._\n_3.2.V..k_\n_.......k_\n__________
LEVEL:154:__________\n_B1gg..kb_\n_...v...._\n_......f3_\n_a3V12..._\n_........_\n_.g......_\n_K1.G...._\n_B1...F13_\n__________
LEVEL:155:__________\n_B12..G10_\n_...f...._\n_........_\n_gggggggg_\n_b......._\n_.....r.._\n_........_\n_F13..R15_\n__________
LEVEL:156:__________\n_.R.bll.f_\n_L18.lll._\n_.5..ll.r_\n_..r.ll.1_\n_..r.ll.l_\n_.F..ll.B_\n_B19.ll.1_\n_.3.....2_\n__________
LEVEL:157:__________\n_V12.r..._\n_R.rr2rw._\n_1r....wg_\n_4.ggrrwv_\n_gggF13aa_\n_r.gggggg_\n_a..rarar_\n_fargrara_\n__________
LEVEL:158:__________\n_B12..G10_\n_........_\n_gg..b.1._\n_Fgsr.r5._\n_.gsr.R.._\n_.gs....._\n_.gssss.._\n_.13S141F_\n__________
LEVEL:159:__________\n_B12..G10_\n_sss....._\n_gg..b.1._\n_Fgsr.r5._\n_.gsr.R.._\n_.gs....._\n_.gssss.._\n_.13S141F_\n__________
LEVEL:160:__________\n_kBK.w.b._\n_..1ww..._\n_..2w...._\n_wwww..V._\n_......1._\n_......3._\n_W18....._\n_.....B19_\n__________
LEVEL:161:__________\n_BK13gggG_\n_1rrrggR1_\n_2rbrgR16_\n_.rrrgg7g_\n_.ggggrgg_\n_.ggggggg_\n_.g..rggr_\n_.r.r.r.k_\n__________
LEVEL:162:__________\n_bwawaB12_\n_wawawawa_\n_awawawaw_\n_wawawawa_\n_awawawaw_\n_wawawawa_\n_awawawaw_\n_F13awawf_\n__________
LEVEL:163:__________\n_........_\n_.aaaaa.1_\n_.aabaa.3_\n_.aaaaa.._\n_........_\n_.A......_\n_.1......_\n_.2...B12_\n__________
LEVEL:164:__________\n_KRg...rs_\n_11.g..rr_\n_45.gg..._\n_.B13g..._\n_....wS12_\n_L...l..._\n_1.kkl.k._\n_0b.ll.k._\n__________
LEVEL:165:__________\n_VB12...3_\n_1o..o..._\n_4o..vK16_\n_oo.o...._\n_vobo.kk._\n_..o....._\n_..v..v.._\n_........_\n__________
LEVEL:166:__________\n_wfkwwwww_\n_lwwlwwlw_\n_sllsllsl_\n_.s......_\n_....b.s._\n_W16F13.._\n_..B19S14_\n_L18..B12_\n__________
LEVEL:167:__________\n_kk.k.kkk_\n_llo..o.k_\n_.lo..o.k_\n_.loooo.k_\n_.llll..k_\n_..looooo_\n_..lollll_\n_..lollll_\n_....llll_\n_........_\n_........_\n_L16....._\n_........_\n_........_\n_BK13...._\n_1......._\n_2.K17..._\n_b......._\n__________
LEVEL:168:_____________\n_..wwB12ww.._\n_..........._\n_..wwrwrww.._\n_..w.....w.._\n_W.Rw.b.wR.B_\n_1.w.....w.1_\n_6.w.....w.2_\n_w.w.......w_\n_w1.ww.ww.1w_\n_.........3._\n_..wwR15w..._\n_____________
LEVEL:169:_____________\n_B12F13fL17._\n_..........._\n_l.l.ll.ll.._\n_..........._\n_l.l..l..l.._\n_l..l..l...._\n_.l.....l.l._\n_ll.l.l.l..l_\n_..........._\n_..........._\n_b...B19.L18_\n_____________
LEVEL:170:__________\n_..b....._\n_B12.www._\n_K1.w.k.w_\n_...w...w_\n_....w.wF_\n_....wfw1_\n_.....w.3_\n_W17....._\n__________
LEVEL:171:_____________\n_B12S14F13ww_\n_S17O14W16bw_\n_wwwwwwwww.w_\n_wwwwww..osw_\n_wwwww..os.w_\n_wwww...so.w_\n_www...so..w_\n_ww.....so.w_\n_w......os.w_\n_........osw_\n_.......os.w_\n_w......so.w_\n_ww....so..w_\n_www....so.w_\n_wwww...os.w_\n_wwwww...osw_\n_wwwwww.os.w_\n_wwwwwwwwwfw_\n_____________
LEVEL:172:____________________\n_S16.........wwww.._\n_............wBFw.._\n_............w11w.._\n_............w23w.._\n_............wwww.._\n_...wwwwwwwww......_\n_...wosooooow......_\n_...wooooooow......_\n_...wooobosow......_\n_...wsooooosw......_\n_...woosoooow......_\n_...wwwwwwwww......_\n_.................._\n_.......f.........._\n_.................._\n_.................._\n_.................._\n_.................._\n____________________
LEVEL:173:__________\n_B12oo.b._\n_ooooo.F._\n_sosoo.1._\n_ofooo.3._\n_sosoo..._\n_oooooooo_\n_ooooO14o_\n_oooooooo_\n__________
LEVEL:174:____________________\n_wwowwf....Kwbwwow._\n_wB12wwF13.1w.wooWw_\n_wwbww.o.oA12.oo.1w_\n_LRwwV....o3o.wwo6r_\n_11.Br1......kwwwwg_\n_451.3..llll..wwwgg_\n_..4lwgwlllllllwwwg_\n_llllwvwllllllwK17w_\n____________________
LEVEL:175:__________\n_bsfgalro_\n_kwoBSFWA_\n_ROKGV213_\n_6750489w_\n_w.....ww_\n_w.wwwwWw_\n_w...vw1w_\n_B12V136w_\n__________
LEVEL:176:____________________\n_W........wwwwwwwww_\n_1wwwwwwwww......Kw_\n_6woooooowwR1.O.81w_\n_Kwooo3koww..3.1.9w_\n_1wkoooooww.......w_\n_4wo1kbkowwaaaaw.ww_\n_Awooooooww....oww._\n_1wK17ooowwb..woow._\n_9wwwwwwwwww.swoww._\n_Awwwwwwwwwwwlwwww._\n_1wb.....ww......w._\n_4wwwww.www.b.R..w._\n_Sw......ww.r.1..w._\n_1ww.wwwwww...5L.w._\n_4wrrrrrrww....1.w._\n_Bwrrfrrrww....8.w._\n_1wwwwwwwwwwwwwwww._\n_9R19F13L18R14B12.._\n____________________
LEVEL:177:__________\n_........_\n_S2..B12._\n_w...s..._\n_...7wooo_\n_.1.vooVo_\n_.3vbW1.6_\n_...voo2o_\n_V14.oO16_\n__________
LEVEL:178:____________________\n_WR1R.....wwwwwwwww_\n_1wwwwwwwww......Kw_\n_6wK17ooowwR1.O.81w_\n_Kwkooo3oww..3.1.9w_\n_1wkoooooww.......w_\n_4wo1kbkowwaaaaw.ww_\n_Awooooooww.....ww._\n_1woooooowwb..w..w._\n_9wwwwwwwwww.sw.ww._\n_Awwwwwwwwwwwlwwww._\n_1wb.....ww......w._\n_4wwwww.www.b.R..w._\n_Sw......ww.r.1..w._\n_1ww.wwwwww...5L.w._\n_4wrrrrrrww....1.w._\n_Bwrrfrrrww....8.w._\n_1wwwwwwwwwwwwwwww._\n_9R19F13L18R14B12.._\n____________________
LEVEL:179:__________\n_KF13K1K._\n_1f......_\n_4.wwwwwk_\n_B.wK1b.._\n_1.waA.6._\n_2WwvV.2._\n_w1wgG.0._\n_w6wlL.8._\n__________
LEVEL:180:____________________\n_S14W16...........V_\n_B12V18ww.........1_\n_G14S19..w........5_\n_.w.w..ww.........._\n_...www............_\n_.................._\n_.................._\n_....wwwwsw........_\n_...w.vb..w........_\n_..w..b...w........_\n_...w..b..w........_\n_....wwwwww........_\n_.................._\n_...O15........gggg_\n_...F13....gggggggg_\n_.........gggoooooo_\n_......ggggggoooooo_\n_..ggggggggggooooof_\n____________________
LEVEL:181:____________\n_L.kwB..K1r_\n_w.r..3.fos_\n_wS1.....s1_\n_g.r.W1..s4_\n_W.b......._\n_kk..rb.ff5_\n_9.B12....G_\n_.b.f.swgw1_\n_g.o...oO.0_\n_v.wwoRF1.f_\n____________
LEVEL:182:__________\n_K14....._\n_1k..k..._\n_.boL..k._\n_.A15..aa_\n_.b....b._\n_k...F.k._\n_..k.1..._\n_B12.lf13_\n__________
LEVEL:183:____________________\n_Wwvvvvvvvfvvvvvvvv_\n_1wvvvvvvv.vvvvvvvv_\n_6wvvvvvvv.vvvvvvvv_\n_Fwvvvvvvv.vvvvvvvv_\n_1wvvvvvvv.vvvvvvvv_\n_3wvvvvvvvvvvvvvvvv_\n_Vwvvvvvvvvvvvvvvvv_\n_1wvvvvvvvvvvvvvvvv_\n_4wvvvvvvvvvvvvvvvv_\n_wwvvvvvvvvvvwwwwww_\n_............r....._\n_............rRK.B._\n_...b..sss...r11.1._\n_..B12..S....r457.._\n_..B12..1....r....._\n_.......5....kw...._\n_.O1O........ww...._\n_............w....._\n____________________
BATCH:-1:0:0
BATCH:-1:1:1
BATCH:-1:2:2
BATCH:-1:3:3
BATCH:-1:4:4
BATCH:-1:5:5
BATCH:-1:6:6
BATCH:-1:7:7
BATCH:-1:8:8
BATCH:-1:9:9
BATCH:-1:10:10
BATCH:-1:11:11
BATCH:-1:12:12
BATCH:-1:13:13
BATCH:-1:14:14
BATCH:-1:15:15
BATCH:-1:16:16
BATCH:-1:17:17
BATCH:-1:18:18
BATCH:-1:19:19
BATCH:-1:20:20
BATCH:-1:21:21
BATCH:-1:22:22
BATCH:-1:23:23
BATCH:-1:24:24
BATCH:-1:25:25
BATCH:-1:26:26
BATCH:-1:27:27
BATCH:-1:28:28
BATCH:-1:29:29
BATCH:-1:30:30
BATCH:-1:31:31
BATCH:-1:32:32
BATCH:-1:33:33
BATCH:-1:34:34
BATCH:-1:35:35
BATCH:-1:36:36
BATCH:-1:37:37
BATCH:-1:38:38
BATCH:-1:39:39
BATCH:-1:40:40
BATCH:-1:41:41
BATCH:-1:42:42
BATCH:-1:43:43
BATCH:-1:44:44
BATCH:-1:45:45
BATCH:-1:46:46
BATCH:-1:47:47
BATCH:-1:48:48
BATCH:-1:49:49
BATCH:-1:50:50
BATCH:-1:51:51
BATCH:-1:52:52
BATCH:-1:53:53
BATCH:-1:54:54
BATCH:-1:55:55
BATCH:-1:56:56
BATCH:-1:57:57
BATCH:-1:58:58
BATCH:-1:59:59
BATCH:-1:60:60
BATCH:-1:61:61
BATCH:-1:62:62
BATCH:-1:63:63
BATCH:-1:64:64
BATCH:-1:65:65
BATCH:-1:66:66
BATCH:-1:67:67
BATCH:-1:68:68
BATCH:-1:69:69
BATCH:-1:70:70
BATCH:-1:71:71
BATCH:-1:72:72
BATCH:-1:73:73
BATCH:-1:74:74
BATCH:-1:75:75
BATCH:-1:76:76
BATCH:-1:77:77
BATCH:-1:78:78
BATCH:-1:79:79
BATCH:-1:80:80
BATCH:-1:81:81
BATCH:-1:82:82
BATCH:-1:83:83
BATCH:-1:84:84
BATCH:-1:85:85
BATCH:-1:86:86
BATCH:-1:87:87
BATCH:-1:88:88
BATCH:-1:89:89
BATCH:-1:90:90
BATCH:-1:91:91
BATCH:-1:92:92
BATCH:-1:93:93
BATCH:-1:94:94
BATCH:-1:95:95
BATCH:-1:96:96
BATCH:-1:97:97
BATCH:-1:98:98
BATCH:-1:99:99
BATCH:-1:100:100
BATCH:-1:101:101
BATCH:-1:102:102
BATCH:-1:103:103
BATCH:-1:104:104
BATCH:-1:105:105
BATCH:-1:106:106
BATCH:-1:107:107
BATCH:-1:108:108
BATCH:-1:109:109
BATCH:-1:110:110
BATCH:-1:111:111
BATCH:-1:112:112
BATCH:-1:113:113
BATCH:-1:114:114
BATCH:-1:115:115
BATCH:-1:116:116
BATCH:-1:117:117
BATCH:-1:118:118
BATCH:-1:119:119
BATCH:-1:120:120
BATCH:-1:121:121
BATCH:-1:122:122
BATCH:-1:123:123
BATCH:-1:124:124
BATCH:-1:125:125
BATCH:-1:126:126
BATCH:-1:127:127
BATCH:-1:128:128
BATCH:-1:129:129
BATCH:-1:130:130
BATCH:-1:131:131
BATCH:-1:132:132
BATCH:-1:133:133
BATCH:-1:134:134
BATCH:-1:135:135
BATCH:-1:136:136
BATCH:-1:137:137
BATCH:-1:138:138
BATCH:-1:139:139
BATCH:-1:140:140
BATCH:-1:141:141
BATCH:-1:142:142
BATCH:-1:143:143
BATCH:-1:144:144
BATCH:-1:145:145
BATCH:-1:146:146
BATCH:-1:147:147
BATCH:-1:148:148
BATCH:-1:149:149
BATCH:-1:150:150
BATCH:-1:151:151
BATCH:-1:152:152
BATCH:-1:153:153
BATCH:-1:154:154
BATCH:-1:155:155
BATCH:-1:156:156
BATCH:-1:157:157
BATCH:-1:158:158
BATCH:-1:159:159
BATCH:-1:160:160
BATCH:-1:161:161
BATCH:-1:162:162
BATCH:-1:163:163
BATCH:-1:164:164
BATCH:-1:165:165
BATCH:-1:166:166
BATCH:-1:167:167
BATCH:-1:168:168
BATCH:-1:169:169
BATCH:-1:170:170
BATCH:-1:171:171
BATCH:-1:172:172
BATCH:-1:173:173
BATCH:-1:174:174
BATCH:-1:175:175
BATCH:-1:176:176
BATCH:-1:177:177
BATCH:-1:178:178
BATCH:-1:179:179
BATCH:-1:180:180
BATCH:-1:181:181
BATCH:-1:182:182
BATCH:-1:183:183
EVAL_INSTANCE:0:0:1989
RUN_RESULT:0:0:0:1422:RRUUULUULURL
RUN_RESULT:0:0:1:2000:----
RUN_RESULT:0:0:2:7:UR
RUN_RESULT:0:0:3:2000:----
RUN_RESULT:0:0:4:1223:ULLLUUULUURDDRR
RUN_RESULT:0:0:5:97:DRRRUU
RUN_RESULT:0:0:6:91:UUUU
RUN_RESULT:0:0:7:2000:----
RUN_RESULT:0:0:8:2000:----
RUN_RESULT:0:0:9:4:R
RUN_RESULT:0:0:10:24:DDD
RUN_RESULT:0:0:11:161:DDDDDDDRRRRRU
RUN_RESULT:0:0:12:2000:----
RUN_RESULT:0:0:13:2000:----
RUN_RESULT:0:0:14:2000:----
RUN_RESULT:0:0:15:2000:----
RUN_RESULT:0:0:16:2000:----
RUN_RESULT:0:0:17:55:LLUUUUUULLL
RUN_RESULT:0:0:18:2000:----
RUN_RESULT:0:0:19:2000:----
RUN_RESULT:0:0:20:1356:DDDRDRRDUUUURR
RUN_RESULT:0:0:21:2000:----
RUN_RESULT:0:0:22:35:DDDR
RUN_RESULT:0:0:23:321:DDDLLDRRRR
RUN_RESULT:0:0:24:144:DDDDDRRR
RUN_RESULT:0:0:25:2000:----
RUN_RESULT:0:0:26:23:DLL
RUN_RESULT:0:0:27:110:DDDDDDRRRR
RUN_RESULT:0:0:28:2000:----
RUN_RESULT:0:0:29:2000:----
RUN_RESULT:0:0:30:2000:----
RUN_RESULT:0:0:31:2000:----
RUN_RESULT:0:0:32:106:UUUUUURR
RUN_RESULT:0:0:33:1501:UURUUULLU
RUN_RESULT:0:0:34:2000:----
RUN_RESULT:0:0:35:2000:----
RUN_RESULT:0:0:36:29:RRR
RUN_RESULT:0:0:37:5:UU
RUN_RESULT:0:0:38:502:LDURRRRR
RUN_RESULT:0:0:39:1153:DLUDRRU
RUN_RESULT:0:0:40:1244:DDRDRDLRR
RUN_RESULT:0:0:41:2000:----
RUN_RESULT:0:0:42:1171:LLULUU
RUN_RESULT:0:0:43:2000:----
RUN_RESULT:0:0:44:9:RLR
RUN_RESULT:0:0:45:2000:----
RUN_RESULT:0:0:46:2000:----
RUN_RESULT:0:0:47:2000:----
RUN_RESULT:0:0:48:2000:----
RUN_RESULT:0:0:49:2000:----
RUN_RESULT:0:0:50:8:DDR
RUN_RESULT:0:0:51:20:DDLDRRLLL
RUN_RESULT:0:0:52:79:DRRR
RUN_RESULT:0:0:53:2000:----
RUN_RESULT:0:0:54:2000:----
RUN_RESULT:0:0:55:2000:----
RUN_RESULT:0:0:56:2000:----
RUN_RESULT:0:0:57:2000:----
RUN_RESULT:0:0:58:104:DRRR
RUN_RESULT:0:0:59:2000:----
RUN_RESULT:0:0:60:1:U
RUN_RESULT:0:0:61:941:DLUURRD
RUN_RESULT:0:0:62:154:DDDLL
RUN_RESULT:0:0:63:2000:----
RUN_RESULT:0:0:64:812:UUUUULUR
RUN_RESULT:0:0:65:328:DRDRRR
RUN_RESULT:0:0:66:2000:----
RUN_RESULT:0:0:67:2000:----
RUN_RESULT:0:0:68:2000:----
RUN_RESULT:0:0:69:2000:----
RUN_RESULT:0:0:70:2000:----
RUN_RESULT:0:0:71:2000:----
RUN_RESULT:0:0:72:372:URDRLL
RUN_RESULT:0:0:73:24:DDD
RUN_RESULT:0:0:74:14:DDD
RUN_RESULT:0:0:75:1234:ULLLUUULUURDDRR
RUN_RESULT:0:0:76:2000:----
RUN_RESULT:0:0:77:1178:UUUULUU
RUN_RESULT:0:0:78:2000:----
RUN_RESULT:0:0:79:154:UUUUURURD
RUN_RESULT:0:0:80:469:UUUUURURD
RUN_RESULT:0:0:81:95:UUUURUURRURRRR
RUN_RESULT:0:0:82:2000:----
RUN_RESULT:0:0:83:60:RRRRR
RUN_RESULT:0:0:84:2000:----
RUN_RESULT:0:0:85:592:RURDD
RUN_RESULT:0:0:86:106:DRRRRD
RUN_RESULT:0:0:87:877:ULLDDDUUUUUUUL
RUN_RESULT:0:0:88:2000:----
RUN_RESULT:0:0:89:522:UURRDDRDR
RUN_RESULT:0:0:90:2000:----
RUN_RESULT:0:0:91:2000:----
RUN_RESULT:0:0:92:2000:----
RUN_RESULT:0:0:93:1553:ULUDLL
RUN_RESULT:0:0:94:2000:----
RUN_RESULT:0:0:95:2000:----
RUN_RESULT:0:0:96:2000:----
RUN_RESULT:0:0:97:8:UUR
RUN_RESULT:0:0:98:2:L
RUN_RESULT:0:0:99:2000:----
RUN_RESULT:0:0:100:2000:----
RUN_RESULT:0:0:101:2000:----
RUN_RESULT:0:0:102:4:R
RUN_RESULT:0:0:103:2000:----
RUN_RESULT:0:0:104:2000:----
RUN_RESULT:0:0:105:2000:----
RUN_RESULT:0:0:106:2000:----
RUN_RESULT:0:0:107:2000:----
RUN_RESULT:0:0:108:251:DRRDDRD
RUN_RESULT:0:0:109:2000:----
RUN_RESULT:0:0:110:2000:----
RUN_RESULT:0:0:111:2000:----
RUN_RESULT:0:0:112:198:DDDRRRUUDRUDLL
RUN_RESULT:0:0:113:18:DRR
RUN_RESULT:0:0:114:2000:----
RUN_RESULT:0:0:115:2000:----
RUN_RESULT:0:0:116:2000:----
RUN_RESULT:0:0:117:140:RDDDLUU
RUN_RESULT:0:0:118:2000:----
RUN_RESULT:0:0:119:2000:----
RUN_RESULT:0:0:120:2000:----
RUN_RESULT:0:0:121:2000:----
RUN_RESULT:0:0:122:32:DDRRR
RUN_RESULT:0:0:123:45:DDRR
RUN_RESULT:0:0:124:1222:DDDDDDDDRRRR
RUN_RESULT:0:0:125:111:RRDRDR
RUN_RESULT:0:0:126:14:URR
RUN_RESULT:0:0:127:48:DDDDL
RUN_RESULT:0:0:128:2000:----
RUN_RESULT:0:0:129:102:RRUURUU
RUN_RESULT:0:0:130:2000:----
RUN_RESULT:0:0:131:2000:----
RUN_RESULT:0:0:132:243:UUUURRRRRRR
RUN_RESULT:0:0:133:1455:RRLURURDD
RUN_RESULT:0:0:134:2000:----
RUN_RESULT:0:0:135:2000:----
RUN_RESULT:0:0:136:111:RRDRDR
RUN_RESULT:0:0:137:48:DDDDL
RUN_RESULT:0:0:138:1463:DDDDDDRRRR
RUN_RESULT:0:0:139:2000:----
RUN_RESULT:0:0:140:127:UUUUURRURRRR
RUN_RESULT:0:0:141:2000:----
RUN_RESULT:0:0:142:111:UUUUR
RUN_RESULT:0:0:143:2000:----
RUN_RESULT:0:0:144:2000:----
RUN_RESULT:0:0:145:1558:URUURURRU
RUN_RESULT:0:0:146:2000:----
RUN_RESULT:0:0:147:7:UL
RUN_RESULT:0:0:148:2000:----
RUN_RESULT:0:0:149:67:RULULL
RUN_RESULT:0:0:150:113:DLLL
RUN_RESULT:0:0:151:209:DDDDDR
RUN_RESULT:0:0:152:2000:----
RUN_RESULT:0:0:153:2000:----
RUN_RESULT:0:0:154:30:DRRR
RUN_RESULT:0:0:155:636:DDRRRRRUUUUULL
RUN_RESULT:0:0:156:606:LDURRRRR
RUN_RESULT:0:0:157:1117:DDLLLLLDLDL
RUN_RESULT:0:0:158:2000:----
RUN_RESULT:0:0:159:2000:----
RUN_RESULT:0:0:160:2000:----
RUN_RESULT:0:0:161:2000:----
RUN_RESULT:0:0:162:99:DDDDDDRRRDRRRR
RUN_RESULT:0:0:163:2000:----
RUN_RESULT:0:0:164:2000:----
RUN_RESULT:0:0:165:451:DRRRRRUUUDLUUDDLUUDDD
RUN_RESULT:0:0:166:206:LLLDULDU
RUN_RESULT:0:0:167:2000:----
RUN_RESULT:0:0:168:2000:----
RUN_RESULT:0:0:169:2000:----
RUN_RESULT:0:0:170:332:DDUDD
RUN_RESULT:0:0:171:2000:----
RUN_RESULT:0:0:172:63:DDDDD
RUN_RESULT:0:0:173:65:DDDLL
RUN_RESULT:0:0:174:2000:----
RUN_RESULT:0:0:175:124:RRRRRDULLL
RUN_RESULT:0:0:176:2000:----
RUN_RESULT:0:0:177:2000:----
RUN_RESULT:0:0:178:2000:----
RUN_RESULT:0:0:179:2000:----
RUN_RESULT:0:0:180:2000:----
RUN_RESULT:0:0:181:2000:----
RUN_RESULT:0:0:182:2000:----
RUN_RESULT:0:0:183:2000:----
The time of execution is: 556.9415791034698 s
